PIVlab, ASCII chart output - 11-Jun-2024
FRAME: 32, filenames: A:[32]MAX_Pos00d_TimeSrs000_TgUtrmcherry_K4K8MO-1.avi & B:[33]MAX_Pos00d_TimeSrs000_TgUtrmcherry_K4K8MO-1.avi, conversion factor xy (px -> m): 1, conversion factor uv (px/frame -> m/s): 1
x [px],y [px],u [px/frame],v [px/frame],Vector type [-]
47,33,2.903069496,2.319735527,1
47,65,7.331432343,11.58610725,1
47,97,-4.220387459,9.086568832,1
47,129,-0.03057575226,-0.864426136,1
47,161,-0.3908303976,-2.621286392,1
47,193,-0.256370306,-1.651306391,1
47,225,-1.648849368,-2.190780163,1
47,257,-1.442338228,-1.624428034,1
47,289,-1.033285141,-3.59167695,1
47,321,12.86804676,-15.05197906,1
47,353,1.264352322,-2.832553625,1
47,385,0.3591406941,-3.956281424,1
47,417,0.5265277624,-2.784961939,1
47,449,0.2890232205,-2.06520772,1
47,481,-0.6592144966,-3.481755495,1
47,513,-1.605565071,-3.600133657,1
47,545,-15.39760399,9.705119133,1
47,577,-14.71522522,9.351808548,1
47,609,16.17389107,7.580566406,1
47,641,-0.1370125115,-2.872109413,1
47,673,0.2371386141,-2.495932102,1
47,705,1.363394141,9.959590912,1
47,737,1.357921124,-3.141192198,1
47,769,1.452570677,-4.913591862,1
47,801,0.2098398209,-5.445818424,1
47,833,-0.811414957,-3.037844658,1
47,865,-1.958943725,-3.828466415,1
47,897,-2.703458071,-3.28394556,1
47,929,-1.562571526,-0.5214903355,1
47,961,-1.869538069,-0.8532629013,1
47,993,-1.680702448,-2.542098284,1
47,1025,-1.783635378,-3.560474873,1
47,1057,-0.8349721432,-3.182326317,1
47,1089,-0.8148220778,-4.169062614,1
47,1121,-1.448626876,-4.628186226,1
47,1153,-1.824133158,-3.908258438,1
47,1185,-2.318998337,-3.384714603,1
47,1217,-1.971702099,-3.453713894,1
47,1249,-1.004270077,-5.207444191,1
47,1281,-1.159983039,-4.885613441,1
47,1313,-0.5975917578,-3.186553001,1
47,1345,-0.1785401106,-2.469548225,1
47,1377,0.9499614239,-1.54605031,1
47,1409,1.915763617,-1.903104663,1
47,1441,1.317298889,-1.885300398,1
47,1473,-0.4497656822,-1.415996432,1
47,1505,-0.7367770672,-0.6262433529,1
47,1537,-0.8126336336,-1.148547649,1
47,1569,-2.558260918,-2.84962678,1
47,1601,-2.720012903,-2.062459707,1
47,1633,-0.4656436443,-0.6779000759,1
47,1665,-0.03548717499,0.1549204588,1
47,1697,0.9375011921,0.3982597589,1
47,1729,0.6211403608,0.1365330219,1
47,1761,-0.2502082586,0.06165993214,1
47,1793,-0.8183965087,0.4101321697,1
47,1825,-0.08419069648,0.381714344,1
47,1857,0.4857274294,0.6729254723,1
47,1889,0.4489092827,0.720613718,1
47,1921,0.2689560056,-0.05189152062,1
47,1953,-0.00223338604,-0.1287963986,1
47,1985,0.1942314506,-0.2712815106,1
47,2017,0.2243661284,0.1018000841,1
79,33,0.1988715529,1.827223539,1
79,65,-0.005184113979,-0.3178579211,1
79,97,0.3917774856,-0.4946342707,1
79,129,-0.3346490562,-1.869974971,1
79,161,-0.6337068677,-2.808315992,1
79,193,-0.5013613701,-2.486871481,1
79,225,-0.9727037549,-2.862057209,1
79,257,-0.9255661964,-3.167869806,1
79,289,-0.6419946551,-3.740079403,1
79,321,-0.5427907109,-4.136712074,1
79,353,-0.2900305688,-2.868154764,1
79,385,0.3157518804,-2.971787691,1
79,417,0.8259168863,-3.917559624,1
79,449,0.1646235734,-3.488049984,1
79,481,-0.2307137251,-4.149025917,1
79,513,-1.98541522,16.13882828,1
79,545,-0.8793219328,-3.172893047,1
79,577,-14.97259235,7.647449493,1
79,609,7.779473305,14.07450581,1
79,641,0.2483505458,-3.577688456,1
79,673,-0.1366282403,-3.693626165,1
79,705,-0.09245419502,-3.779177427,1
79,737,1.059967637,-4.098730087,1
79,769,-14.31637478,-14.10454559,1
79,801,-0.2133437395,-7.187912464,1
79,833,1.694401741,-4.640005112,1
79,865,0.6469621062,-4.517141819,1
79,897,0.5102568865,-3.036065102,1
79,929,0.8828549385,-1.409006357,1
79,961,0.3012525439,-1.595812201,1
79,993,0.2563320398,-1.96746254,1
79,1025,0.02467644215,-2.045319796,1
79,1057,-0.8703840971,-2.773045778,1
79,1089,-1.150203705,-3.433226824,1
79,1121,-1.363168001,-3.493478775,1
79,1153,-1.639823437,-4.150807858,1
79,1185,-1.735435009,-4.294263363,1
79,1217,-1.521755219,-3.345917702,1
79,1249,-0.6021974087,-3.604138136,1
79,1281,0.3534245491,-4.363371849,1
79,1313,-0.7707226276,-2.577398777,1
79,1345,-0.6596198082,-2.759986877,1
79,1377,-0.05898678303,-2.732308149,1
79,1409,0.3108258247,-2.437860012,1
79,1441,-0.1807729006,-2.455237627,1
79,1473,-1.095676184,-2.184977055,1
79,1505,-1.212065458,-1.2221843,1
79,1537,-1.831361055,-1.398728728,1
79,1569,-3.859194279,-2.892268419,1
79,1601,-4.441102982,-2.733176231,1
79,1633,-2.332290649,-1.41817534,1
79,1665,-1.65962851,-1.170596242,1
79,1697,-1.409952402,-0.6082001925,1
79,1729,-0.2222053409,-0.1664446294,1
79,1761,-0.1593174338,-0.1557176113,1
79,1793,-0.2711438239,-0.007802575827,1
79,1825,0.03588369489,0.1536647081,1
79,1857,0.204251796,0.2601862848,1
79,1889,0.06498032808,0.3932737708,1
79,1921,-0.05367255211,0.1811926961,1
79,1953,-0.06883662939,-0.1020792723,1
79,1985,0.001238241792,-0.2317971587,1
79,2017,0.01278713346,-0.3370062113,1
111,33,-0.8774414063,1.388388038,1
111,65,-0.1410290003,-0.1275012642,1
111,97,0.1791284084,-1.136524439,1
111,129,0.1205923557,-2.186237812,1
111,161,0.6558568478,-2.485880375,1
111,193,0.1735536754,-2.908714771,1
111,225,-1.042218447,-3.651214361,1
111,257,-1.188911438,-3.818193197,1
111,289,-0.5090695024,-4.103787422,1
111,321,0.01337695122,-4.364768982,1
111,353,-0.3448157012,-2.535095692,1
111,385,-0.6988806725,-1.981224537,1
111,417,0.3778416514,-4.41391325,1
111,449,0.7499855757,-4.455718517,1
111,481,0.5166760683,-5.347125053,1
111,513,-0.1054757237,-1.055796623,1
111,545,-0.7498368025,-1.621956587,1
111,577,18.88885117,2.781549692,1
111,609,1.341088176,-4.586306095,1
111,641,0.1297362447,-3.922425747,1
111,673,-0.4500643015,-3.377818584,1
111,705,0.220903635,-4.674517632,1
111,737,0.618889451,-6.187767506,1
111,769,7.473189354,-24.17530441,1
111,801,14.78908062,-20.20318413,1
111,833,2.275830746,-6.505433559,1
111,865,2.162573338,-4.127102375,1
111,897,2.030672312,-2.197390556,1
111,929,2.01696825,-1.584926009,1
111,961,1.275901556,-2.731492281,1
111,993,0.6841415167,-1.704376459,1
111,1025,-0.2081131339,-1.719895363,1
111,1057,-0.634937346,-2.476236582,1
111,1089,-0.962818265,-2.82127285,1
111,1121,-1.083204508,-3.067658901,1
111,1153,-1.203081608,-3.927645683,1
111,1185,-1.23298955,-4.890315056,1
111,1217,-1.061014175,-2.906170845,1
111,1249,-1.017063022,-3.104153872,1
111,1281,14.67608452,7.658955097,1
111,1313,-1.620738745,-2.950035334,1
111,1345,-1.323381186,-3.983644247,1
111,1377,-0.7585232258,-3.579401493,1
111,1409,-1.021533608,-2.011365652,1
111,1441,-1.693629742,-2.103954077,1
111,1473,-1.515008926,-2.081229925,1
111,1505,-1.649113417,-1.877330899,1
111,1537,-2.452554464,-1.754746914,1
111,1569,-3.61826086,-2.575494289,1
111,1601,-4.155830383,-2.496075392,1
111,1633,-3.742560387,-2.052143097,1
111,1665,-2.113258839,-1.421726465,1
111,1697,-0.4703103304,-1.086666226,1
111,1729,-1.054435968,-14.33238983,1
111,1761,-0.04696780443,0.3953453898,1
111,1793,-0.1247852147,0.091282323,1
111,1825,-0.03389684856,-0.01923340559,1
111,1857,0.03260692954,0.1642221659,1
111,1889,0.2041989863,0.6457622051,1
111,1921,0.03740374744,0.2419258952,1
111,1953,-0.03699924797,-0.1315793693,1
111,1985,-0.01175715029,0.000585258007,1
111,2017,-0.1458562613,-0.7188525796,1
143,33,-0.7460110188,0.933850646,1
143,65,0.539547205,-0.5894480348,1
143,97,0.8899027109,-1.013672233,1
143,129,1.013680339,-1.735545397,1
143,161,0.2723332942,-2.30739212,1
143,193,-0.2543362975,-3.068826199,1
143,225,-0.538746953,-3.517117739,1
143,257,-0.1729266644,-3.669255257,1
143,289,0.4276998043,-4.086065292,1
143,321,0.7292644382,-4.560920715,1
143,353,-0.768239975,-3.158729553,1
143,385,-2.225782871,-24.13139915,1
143,417,-0.5102711916,-4.870790005,1
143,449,-0.109038353,-5.34335947,1
143,481,-0.4975401461,-4.369302273,1
143,513,-0.3568016589,-2.284091949,1
143,545,-0.1521098018,-2.354185343,1
143,577,0.2844363451,-4.841920853,1
143,609,1.202114105,-4.654652596,1
143,641,0.722117424,-5.057469368,1
143,673,0.1463639885,-4.888163567,1
143,705,-0.1961826682,-5.104326725,1
143,737,-0.107123971,-6.040551186,1
143,769,2.062154531,-4.794283867,1
143,801,1.427423239,-4.734847546,1
143,833,-13.18664265,4.006385326,1
143,865,3.232384682,-3.267849922,1
143,897,2.632254124,-1.277189732,1
143,929,2.161624193,-1.383536577,1
143,961,1.567073345,-2.579761028,1
143,993,0.1579810381,-1.189751625,1
143,1025,-1.148561597,-1.25306654,1
143,1057,-1.283715248,-1.164558649,1
143,1089,-1.373968601,-2.325085878,1
143,1121,-0.9580768347,-2.749940395,1
143,1153,-0.7249711752,-3.366325617,1
143,1185,-0.8955141306,-4.273527145,1
143,1217,-1.30485189,-2.654497385,1
143,1249,-2.107587337,-2.809452772,1
143,1281,-2.624257565,-3.423158407,1
143,1313,-2.880091429,-3.412017584,1
143,1345,-1.87556386,-3.856295586,1
143,1377,-1.272389412,-2.945715427,1
143,1409,-2.588387251,-1.365752697,1
143,1441,-3.160286903,-1.861350775,1
143,1473,-2.136610031,-1.774055243,1
143,1505,-2.10773468,-1.726236105,1
143,1537,-2.495557785,-2.68163538,1
143,1569,-3.116140366,-2.582596064,1
143,1601,-3.327929974,-2.328922987,1
143,1633,-3.842015505,-1.467293143,1
143,1665,-2.034015656,-0.6258019209,1
143,1697,-1.560050011,-0.5506626368,1
143,1729,-1.147777677,-0.9718589783,1
143,1761,-0.310593009,0.1733565778,1
143,1793,-0.08502101898,0.3127326965,1
143,1825,-0.1194041371,-0.2216662019,1
143,1857,-0.03303286433,0.04183736444,1
143,1889,0.1211254001,0.593437314,1
143,1921,0.1159544289,0.2155948579,1
143,1953,0.1031304374,0.06636446714,1
143,1985,-0.03750546277,0.0635547787,1
143,2017,-0.3627844453,-0.8316677809,1
175,33,-0.9005942345,0.6915852427,1
175,65,0.6112699509,-0.8592020273,1
175,97,1.44636035,-0.6333433986,1
175,129,1.435408831,-1.413326025,1
175,161,0.8170491457,-1.83617115,1
175,193,0.3254133165,-2.655694485,1
175,225,-0.3431631625,-3.364644289,1
175,257,0.2407718748,-3.430063248,1
175,289,1.164738417,-3.341251612,1
175,321,0.4543133676,-4.071722031,1
175,353,-0.7114340067,-4.187702179,1
175,385,-2.050407648,-4.530391693,1
175,417,-2.163008451,-5.061486721,1
175,449,0.1613249481,-5.424582958,1
175,481,-0.6229118109,-4.254023552,1
175,513,0.2550272346,-2.497315884,1
175,545,0.5478602648,-3.1905334,1
175,577,-0.2739993036,-4.303781509,1
175,609,0.7224743366,-4.214040279,1
175,641,0.9869382381,-4.900882244,1
175,673,0.5501981974,-5.903543949,1
175,705,-0.7527376413,-5.6122365,1
175,737,-1.064043999,-5.598138809,1
175,769,0.5815654397,-5.787014961,1
175,801,0.9289501905,-5.711497307,1
175,833,9.280324936,11.3856945,1
175,865,11.23456097,6.280581951,1
175,897,2.582555294,-0.9001743793,1
175,929,1.999083877,-1.294734001,1
175,961,1.789978862,-2.807285547,1
175,993,0.4812635183,-3.155993462,1
175,1025,-1.345018387,-3.588203907,1
175,1057,-2.154639244,-2.733204365,1
175,1089,-1.474619269,-2.129502296,1
175,1121,-0.8614520431,-2.08625412,1
175,1153,-0.4365826845,-2.967680693,1
175,1185,-0.532248497,-3.976323605,1
175,1217,-1.829473257,-3.756677866,1
175,1249,-3.69792223,-3.529278994,1
175,1281,-2.396238804,-4.235307693,1
175,1313,-1.471692801,-3.68223238,1
175,1345,-1.355330586,-3.044689655,1
175,1377,-1.781330466,-2.244475126,1
175,1409,-2.491961241,-2.490290165,1
175,1441,-2.792732716,-2.297294855,1
175,1473,-2.859986782,-1.94520843,1
175,1505,-2.62078476,-1.996310592,1
175,1537,-2.832174301,-2.103785515,1
175,1569,-3.140937567,-2.916735172,1
175,1601,-2.672303677,-2.773721218,1
175,1633,-2.762521267,-1.054895639,1
175,1665,-2.607712269,0.09972006083,1
175,1697,-2.072530031,0.1585391164,1
175,1729,-1.389416337,-0.4977934361,1
175,1761,-0.7815561295,-0.3669680953,1
175,1793,-1.150905609,-0.003940410912,1
175,1825,-0.6823667288,0.05096692219,1
175,1857,-0.08726781607,0.07904145122,1
175,1889,0.1136776432,0.2782281637,1
175,1921,0.1418572664,0.4185731411,1
175,1953,0.2194172889,0.3639563322,1
175,1985,0.1869043112,-0.1382661462,1
175,2017,-0.1329190731,-0.6857661009,1
207,33,-1.042110085,0.8931744099,1
207,65,0.1769027114,-0.3291252851,1
207,97,0.9026664495,-0.6947551966,1
207,129,0.7741754651,-1.329165936,1
207,161,0.6813435555,-2.028600216,1
207,193,0.3034710586,-2.342741251,1
207,225,0.1569757611,-2.822127581,1
207,257,0.174711138,-2.94019413,1
207,289,0.6654664874,-3.395633221,1
207,321,-6.467609406,-4.678762436,1
207,353,-6.219560623,-7.757786751,1
207,385,-1.572610378,-6.085346222,1
207,417,-1.470168829,-3.748832226,1
207,449,-0.1776475906,-3.768691301,1
207,481,-0.828266263,-3.526998281,1
207,513,0.1048975885,-3.121546984,1
207,545,0.3114251196,-4.324594498,1
207,577,-0.007055670023,-4.491393566,1
207,609,0.210185647,-3.356809616,1
207,641,0.6926422715,-3.811218262,1
207,673,0.6383117437,-5.151138306,1
207,705,0.1653849185,-5.089029789,1
207,737,-0.01504969597,-5.366549015,1
207,769,1.18020153,-5.420674801,1
207,801,-10.08406734,-19.53191185,1
207,833,5.032501698,-1.534627438,1
207,865,3.899099827,-0.9823765755,1
207,897,2.288267136,-2.213784456,1
207,929,1.056151628,-1.546917439,1
207,961,1.097338915,-3.051291943,1
207,993,1.089416862,-4.392460346,1
207,1025,-0.7566915751,-4.741989136,1
207,1057,-2.27691555,-3.512925148,1
207,1089,-1.504218459,-2.569455147,1
207,1121,0.1814336777,-2.091735125,1
207,1153,1.280438662,-2.487480164,1
207,1185,0.2953208685,-2.962357044,1
207,1217,0.09579741955,-4.289041996,1
207,1249,-0.5679962635,-5.288468361,1
207,1281,15.071558,-11.00928497,1
207,1313,-0.3545795083,-3.656954288,1
207,1345,-1.263720512,-2.810179472,1
207,1377,-1.741378665,-2.751164436,1
207,1409,-1.309930444,-2.415538311,1
207,1441,-1.400992274,-2.157763004,1
207,1473,-2.024782181,-1.751702547,1
207,1505,-2.17115736,-1.728166699,1
207,1537,-2.022093296,-1.933171749,1
207,1569,-1.675364494,-2.11577487,1
207,1601,-1.671436191,-2.576956511,1
207,1633,-1.607515335,0.4340727925,1
207,1665,-2.293339968,1.288134694,1
207,1697,-2.470639944,0.2494073808,1
207,1729,-2.099433422,-0.3397504687,1
207,1761,-2.037203312,-0.1140868366,1
207,1793,-2.106699467,-0.2217940092,1
207,1825,-0.9999883175,-0.1006183326,1
207,1857,-0.1049013138,0.2531992197,1
207,1889,-0.2156228125,0.4586623907,1
207,1921,0.005699977279,0.147336781,1
207,1953,0.1843190193,0.0895999372,1
207,1985,-0.03520008922,-0.1303469241,1
207,2017,-0.3223519325,-0.439555943,1
239,33,-2.018028975,1.361725092,1
239,65,-0.226511091,-0.4270975292,1
239,97,0.1978825331,-0.6591223478,1
239,129,0.3998834193,-1.186040401,1
239,161,6.669917583,16.93289948,1
239,193,-0.09332069755,-2.087855816,1
239,225,0.5964112282,-2.304479599,1
239,257,0.6754171848,-2.632915735,1
239,289,0.4695067704,-3.118974447,1
239,321,-6.654754639,-3.150746346,1
239,353,-6.112211704,-5.664416313,1
239,385,-0.9811961651,-5.116927624,1
239,417,-0.4127851129,-1.88963151,1
239,449,0.3972480893,-2.6944592,1
239,481,0.5463995934,-2.862758636,1
239,513,-0.1045299768,-4.212115765,1
239,545,0.346893847,-5.512125969,1
239,577,0.149556309,-4.389367104,1
239,609,-0.3311419189,-2.690050125,1
239,641,0.5622396469,-3.405143976,1
239,673,0.5026440024,-4.829330444,1
239,705,0.4580355287,-3.904309273,1
239,737,0.7778103948,-3.91787529,1
239,769,20.74828529,-7.40401268,1
239,801,8.791560173,-21.78293228,1
239,833,5.109680176,-0.9671466351,1
239,865,2.657227516,-1.673027992,1
239,897,1.561112165,-2.800200939,1
239,929,1.028735161,-3.259233713,1
239,961,0.5505716801,-3.864060879,1
239,993,-0.03395944834,-4.363652706,1
239,1025,-1.674639106,-4.417873383,1
239,1057,-2.829910278,-3.953116655,1
239,1089,-1.276070237,-3.227132797,1
239,1121,0.2994270325,-2.590694666,1
239,1153,0.03686308861,-1.08838129,1
239,1185,-0.3092086911,-2.776177645,1
239,1217,-0.6941238046,-5.389878273,1
239,1249,-0.3781523705,-5.07995224,1
239,1281,0.5220820904,-4.222904205,1
239,1313,-0.572927773,-3.916064501,1
239,1345,-1.023894548,-2.529926777,1
239,1377,-1.006296635,-2.28264761,1
239,1409,-0.8524618149,-1.820664167,1
239,1441,-1.101719856,-1.422642589,1
239,1473,-1.955276847,-0.848727107,1
239,1505,-2.004246235,-1.51378119,1
239,1537,-1.279837489,-1.860386372,1
239,1569,-0.3446427584,-1.808085203,1
239,1601,-0.103717804,-0.9962928295,1
239,1633,-1.047522902,1.236108541,1
239,1665,-3.064474583,1.857337117,1
239,1697,-4.198215485,-0.1084688902,1
239,1729,-3.563215494,-0.3741124272,1
239,1761,-2.849068642,-0.3362538815,1
239,1793,-3.008110762,-0.845600903,1
239,1825,-4.75200367,-0.575671196,1
239,1857,-0.8274897337,0.6185507178,1
239,1889,-0.2445167899,0.2706860304,1
239,1921,-0.1381093711,-0.2489078045,1
239,1953,0.03627043962,-0.05344586819,1
239,1985,-0.05582991242,0.05289669335,1
239,2017,-0.4616847038,-0.2539144754,1
271,33,-1.214393377,1.899581909,1
271,65,0.6701971292,-1.087933898,1
271,97,0.1838044524,-1.315038323,1
271,129,0.1961199045,-1.120035887,1
271,161,-0.1071597934,17.67576599,1
271,193,-0.9735500216,-1.444564581,1
271,225,0.3764781952,-1.153119802,1
271,257,1.382950187,-1.125757933,1
271,289,1.010003328,-2.293221951,1
271,321,17.63463402,-7.077096939,1
271,353,-0.7674776316,-2.030794382,1
271,385,0.2353799343,-2.854130507,1
271,417,0.9930038452,-2.577189445,1
271,449,1.206209421,-2.696185112,1
271,481,1.039768457,-3.52557373,1
271,513,0.6986070275,-3.675860882,1
271,545,0.709528923,-4.433555603,1
271,577,-0.2479539216,-3.405020714,1
271,609,-1.089481235,-2.591318607,1
271,641,0.8274684548,-1.801669598,1
271,673,0.8970467448,-3.049664736,1
271,705,0.8800110817,-2.77123785,1
271,737,10.84695244,5.068161488,1
271,769,-16.2923851,-12.3526535,1
271,801,10.6239357,-20.47309494,1
271,833,4.51047039,-2.571623087,1
271,865,1.63645792,-2.727153301,1
271,897,0.8563981056,-2.941219091,1
271,929,0.6184461117,-3.059976816,1
271,961,-0.7314136624,-4.176645756,1
271,993,-1.469457865,-4.552062035,1
271,1025,-2.23628068,-4.273988247,1
271,1057,-2.096117973,-4.402018547,1
271,1089,-0.8861000538,-4.007953644,1
271,1121,-1.14555192,-3.590403795,1
271,1153,-1.221559644,-3.535067797,1
271,1185,-1.195703983,-3.009757042,1
271,1217,-0.9144021869,-4.640721321,1
271,1249,-0.04211193323,-3.684090614,1
271,1281,0.2604622245,-1.902066231,1
271,1313,-0.5197210312,-2.159867525,1
271,1345,-0.4097086191,-1.978796721,1
271,1377,-1.034730673,-1.978591442,1
271,1409,-1.515343547,-1.250581145,1
271,1441,-1.696066856,-1.542948961,1
271,1473,-1.796151876,-1.655652046,1
271,1505,-1.96807611,-2.265734673,1
271,1537,-1.825523138,-3.099180698,1
271,1569,0.2970240116,-3.394110918,1
271,1601,0.6409585476,-1.438563228,1
271,1633,-1.061863899,-0.1294116974,1
271,1665,-2.69813633,0.282129854,1
271,1697,-3.805009127,-0.2671296895,1
271,1729,-3.556218147,-1.349545836,1
271,1761,-3.695315599,-2.71308279,1
271,1793,-5.203475475,-3.209391594,1
271,1825,-5.84463501,-1.795342922,1
271,1857,-3.979681253,-0.4854915142,1
271,1889,0.2568963766,0.1984525323,1
271,1921,0.1505762637,-0.3841972053,1
271,1953,0.2813054323,-0.2017109692,1
271,1985,0.1507915258,0.04978515208,1
271,2017,-0.4433364868,-0.2600312829,1
303,33,-0.1674430966,2.181315422,1
303,65,-0.2687179446,-0.8263055086,1
303,97,-0.7697827816,-1.899931908,1
303,129,-0.2980225086,-1.503314972,1
303,161,-0.4189894199,-1.710573196,1
303,193,16.17035866,8.646938324,1
303,225,-0.07820820808,-1.898576498,1
303,257,0.8417677283,-1.591204405,1
303,289,5.480545044,-6.395154476,1
303,321,6.370219231,-8.465348244,1
303,353,-0.5219703913,-2.133178234,1
303,385,0.3053475022,-3.013392448,1
303,417,1.39161694,-3.230514526,1
303,449,1.233094811,-3.350744724,1
303,481,1.075293541,-3.806629658,1
303,513,1.811186433,-3.518639565,1
303,545,-1.006226301,-4.691058159,1
303,577,-0.5405243039,-3.730967999,1
303,609,0.001169845462,-2.837301016,1
303,641,-0.1659267098,-1.177925587,1
303,673,0.7751824856,-1.939350128,1
303,705,0.8936579823,-2.220243454,1
303,737,0.9437406063,-2.741297245,1
303,769,0.7256854177,-2.877841711,1
303,801,0.8784115314,-2.75019908,1
303,833,1.801217198,-2.808535814,1
303,865,0.8391675353,-2.933368444,1
303,897,0.5968665481,-2.391905785,1
303,929,0.4818621874,-2.677574635,1
303,961,-0.3231086135,-2.875981808,1
303,993,-1.716089487,-4.949713707,1
303,1025,-1.49590826,-3.999858856,1
303,1057,-1.467365384,-4.01616478,1
303,1089,-1.915050745,-3.635541916,1
303,1121,-2.505537033,-3.265349388,1
303,1153,-2.095700979,-2.772010565,1
303,1185,-0.8389377594,-2.10074687,1
303,1217,-0.8083754778,-3.267324686,1
303,1249,-0.7422710657,-2.56138134,1
303,1281,-0.8598482609,-0.7427920103,1
303,1313,-1.159435749,-0.6078414917,1
303,1345,-1.284570694,-0.2840256691,1
303,1377,-1.611152887,-1.003436565,1
303,1409,-1.472856998,-0.9447683096,1
303,1441,-1.351173282,-2.178669214,1
303,1473,-1.718701363,-2.28066659,1
303,1505,-2.516570091,-1.902671933,1
303,1537,-1.47009182,-2.810158491,1
303,1569,-0.9879300594,-2.579082727,1
303,1601,-0.879021287,-2.216369629,1
303,1633,-1.851294637,-1.447543502,1
303,1665,-2.586028099,-0.6446634531,1
303,1697,-2.672332764,0.2088594437,1
303,1729,-6.846110344,11.11445427,1
303,1761,-2.988340616,-2.716991425,1
303,1793,-3.653549433,-2.762170553,1
303,1825,-3.327608824,-1.55608952,1
303,1857,-2.443232775,-0.5439469218,1
303,1889,-0.8640577793,-0.411339283,1
303,1921,-0.2474668622,-0.3161318898,1
303,1953,0.1739850491,-0.1564810872,1
303,1985,-0.06071539223,-0.1013599485,1
303,2017,-0.7137136459,-0.4967740178,1
335,33,-0.3883624673,1.959733248,1
335,65,-2.307132959,-0.410764873,1
335,97,-3.81865263,-2.037515163,1
335,129,-3.91075635,-2.376283407,1
335,161,-2.212014198,-2.186142445,1
335,193,-0.9214079976,-3.052042484,1
335,225,-0.1350343227,-4.316273689,1
335,257,0.3085898161,-3.50048852,1
335,289,5.6455369,-6.727734566,1
335,321,6.317040443,-6.633274555,1
335,353,0.113183707,-2.20713973,1
335,385,0.1328440309,-2.60240984,1
335,417,1.996151686,-3.370219469,1
335,449,1.835963845,-22.95941353,1
335,481,0.6244645715,-2.934968233,1
335,513,0.1778590083,-3.23885107,1
335,545,-0.5576367378,-4.008250237,1
335,577,-0.1885387152,-3.964351416,1
335,609,0.9190191031,-4.699183464,1
335,641,0.2506524622,-3.18885541,1
335,673,-0.103811264,-1.884345531,1
335,705,-0.1668741703,-2.183246136,1
335,737,0.1625930667,-1.740830421,1
335,769,-0.2887761593,-2.28644824,1
335,801,0.3236501217,-2.98987174,1
335,833,1.0420084,-3.46242094,1
335,865,-0.323603332,-3.277301311,1
335,897,-0.007176160812,-2.248553514,1
335,929,1.064968586,-2.444020033,1
335,961,1.140430927,-2.722155094,1
335,993,-0.4177886248,-4.083804131,1
335,1025,-1.422978401,-4.049410343,1
335,1057,-2.058816671,-4.058132172,1
335,1089,-2.570046186,-3.37144208,1
335,1121,-3.312375546,-2.376524925,1
335,1153,-2.830637217,-1.460369349,1
335,1185,-1.763318539,-1.558330059,1
335,1217,-0.8468866348,-2.37527442,1
335,1249,-0.864282608,-1.94190073,1
335,1281,-1.258336186,-0.9470434189,1
335,1313,-2.384764194,-0.01363754272,1
335,1345,-3.221809626,1.474168897,1
335,1377,-2.660899162,-0.5953422785,1
335,1409,-1.452920914,-0.7214921713,1
335,1441,-1.01320231,-2.198515415,1
335,1473,-1.111379147,-1.977778912,1
335,1505,-1.467565536,-1.877393484,1
335,1537,-1.290299177,-1.746215343,1
335,1569,-1.168061614,-2.090827465,1
335,1601,-1.275672555,-2.548568726,1
335,1633,-1.854692698,-1.548013926,1
335,1665,-2.295765162,-1.123259544,1
335,1697,-1.254816294,-1.634927988,1
335,1729,-0.6560679674,-2.484017849,1
335,1761,-1.190155625,-3.215386152,1
335,1793,-1.891393185,-2.366602659,1
335,1825,-2.036264896,-1.529140592,1
335,1857,-2.249485493,-0.6857939959,1
335,1889,-2.42836237,-0.2640235126,1
335,1921,-1.540477157,0.2395566404,1
335,1953,-0.1933960617,0.3481891751,1
335,1985,-0.1887197793,0.004508495331,1
335,2017,-0.5172429085,-0.7717711926,1
367,33,-0.2667595446,1.650640011,1
367,65,-1.845970988,0.003815606236,1
367,97,-2.795290947,-0.604468286,1
367,129,-2.827117443,-1.069366217,1
367,161,-1.83178103,-1.705572844,1
367,193,-1.075669527,-2.144001722,1
367,225,-0.2052034736,-3.108292103,1
367,257,18.57765388,-9.980464935,1
367,289,-1.041163683,-3.317673445,1
367,321,0.06577914953,-1.612994432,1
367,353,-0.1856676936,-1.920405149,1
367,385,-0.2215310633,-2.715858221,1
367,417,1.126326799,-1.898313999,1
367,449,-0.4136888683,-1.450804472,1
367,481,-0.8237315416,-3.123581409,1
367,513,0.2676823735,-3.410296679,1
367,545,-0.08721486479,-3.062887907,1
367,577,-0.04181861877,-3.502319098,1
367,609,0.3507633209,-4.454744339,1
367,641,0.5942627192,-3.801793098,1
367,673,0.02874353528,-2.500267982,1
367,705,-1.364998698,-1.87671423,1
367,737,-0.3959249854,-1.845658779,1
367,769,-0.09993819147,-2.560669184,1
367,801,0.5240172148,-3.196005344,1
367,833,1.969071865,-4.001901627,1
367,865,0.91015172,-3.364495039,1
367,897,0.5488636494,-2.886131048,1
367,929,0.6202732325,-2.429275513,1
367,961,0.2069658041,-2.95398283,1
367,993,-1.03686142,-3.944506407,1
367,1025,-1.437633991,-4.667702675,1
367,1057,-2.067129135,-5.263613701,1
367,1089,-3.1031847,-3.653683662,1
367,1121,-2.109674692,-2.677592993,1
367,1153,-1.779965401,-1.652376175,1
367,1185,-1.378426671,-2.138897896,1
367,1217,-0.5859951973,-2.392596245,1
367,1249,-1.254826069,-1.713331223,1
367,1281,-1.573148131,-1.421391487,1
367,1313,-2.22940731,-0.005699276924,1
367,1345,-2.941564798,1.30997169,1
367,1377,-1.451853037,-0.2103146911,1
367,1409,-0.9920182228,-1.99719274,1
367,1441,-1.216845632,-2.76491785,1
367,1473,-1.153395176,-1.911774397,1
367,1505,-0.5455890298,-1.904190063,1
367,1537,-1.003753662,-2.08881712,1
367,1569,-1.363167286,-2.432507992,1
367,1601,-1.430030704,-2.241348267,1
367,1633,-1.49610281,-1.445721865,1
367,1665,-1.101525784,-1.672708631,1
367,1697,0.2211776972,-1.615160823,1
367,1729,0.9584735036,-2.597178221,1
367,1761,-0.2851996422,-3.567491055,1
367,1793,-0.6318563223,-2.202001572,1
367,1825,-1.194514751,-1.501177788,1
367,1857,-2.126391172,-0.8015550375,1
367,1889,-2.178491592,0.02093634009,1
367,1921,-1.023486853,1.140283108,1
367,1953,0.0324473381,0.5614762902,1
367,1985,-0.1581307948,-0.02831037343,1
367,2017,-0.2313489318,-0.75273633,1
399,33,0.16672723,1.414398193,1
399,65,-1.216338038,0.4692550302,1
399,97,-1.941341639,-0.2084326148,1
399,129,-2.536753654,-0.7705354691,1
399,161,-1.999794245,-1.473443031,1
399,193,-0.3927201629,-1.926915646,1
399,225,-0.202455014,-12.01670551,1
399,257,-0.8357931376,-11.33132362,1
399,289,-0.8797178268,-2.806082964,1
399,321,-0.5111557245,-2.769714355,1
399,353,-0.9374656677,-2.521789551,1
399,385,-0.5623825192,-3.537603378,1
399,417,-0.8405804634,-3.593061924,1
399,449,-3.270065784,-1.194773912,1
399,481,-0.3548466563,-3.433552265,1
399,513,0.6286197305,-3.688096523,1
399,545,0.154468298,-3.496460915,1
399,577,0.04963606596,-2.721949577,1
399,609,0.5244054794,-3.374686956,1
399,641,4.307464123,5.163716793,1
399,673,1.280634403,-1.988770485,1
399,705,0.7588598728,-1.973214626,1
399,737,-0.0514396131,-2.321875572,1
399,769,-0.6087840796,-2.835154772,1
399,801,0.06449121237,-3.669088364,1
399,833,0.9004372358,-4.087341309,1
399,865,1.334264755,-3.294315338,1
399,897,2.510919094,16.96697426,1
399,929,0.5936505795,-1.918107748,1
399,961,-0.591453433,-2.033271551,1
399,993,-1.985957384,-2.052162886,1
399,1025,-1.646094918,-4.059248447,1
399,1057,-1.372048616,-5.125214577,1
399,1089,-1.772405386,-3.805132866,1
399,1121,-1.256931663,-3.231254578,1
399,1153,-0.8341658115,-2.044556618,1
399,1185,-1.44043541,-2.600460291,1
399,1217,-1.583794475,-2.291716099,1
399,1249,-2.356096745,-2.20924902,1
399,1281,-2.69320035,-2.410222769,1
399,1313,-1.253427625,-0.3351328373,1
399,1345,-1.428732157,-0.1726992726,1
399,1377,-1.236824512,-0.03157949448,1
399,1409,-0.8695179224,-1.657470822,1
399,1441,-1.14277494,-3.421088219,1
399,1473,-0.4052553177,-2.057440281,1
399,1505,0.7887628675,-2.087292671,1
399,1537,-0.06048232317,-2.686194897,1
399,1569,-0.533225596,-1.964225531,1
399,1601,-0.8829277158,-0.09079003334,1
399,1633,-0.9996455908,0.2270154953,1
399,1665,-0.5087834001,-1.534723043,1
399,1697,-0.1294065714,-1.712615609,1
399,1729,0.07696908712,-1.685201406,1
399,1761,-0.2986189127,-1.94839716,1
399,1793,-0.3701734543,-1.830744386,1
399,1825,-0.899938345,-1.030327439,1
399,1857,-0.6784515381,-0.669644773,1
399,1889,-0.4187810421,-0.4545521736,1
399,1921,-0.9158189893,0.2230624259,1
399,1953,-0.4592213631,-0.306545794,1
399,1985,-0.01593989134,-0.020193398,1
399,2017,-0.2195028067,-0.3849160075,1
431,33,-0.8996024132,1.00551939,1
431,65,-2.532767296,0.5627961159,1
431,97,-2.299607277,-0.3756127656,1
431,129,-2.585658073,-0.9929588437,1
431,161,-1.432857752,-0.718949914,1
431,193,-0.1518830061,-1.926615238,1
431,225,0.3218430281,-4.970096588,1
431,257,-14.22293377,-18.11290741,1
431,289,1.482034802,-1.354716301,1
431,321,-1.05370903,-3.076982737,1
431,353,-1.330622435,-3.318640232,1
431,385,-0.933398366,-3.834339142,1
431,417,-1.989706159,-4.283844948,1
431,449,-2.43663168,-3.872361183,1
431,481,-0.8518984914,-3.903946877,1
431,513,-0.5257127881,-4.35868454,1
431,545,-0.4815309048,-4.318797112,1
431,577,-0.06961722672,-3.812299252,1
431,609,0.2284141928,-3.453975916,1
431,641,0.148586601,-1.507641077,1
431,673,0.6585142612,-1.91887188,1
431,705,1.3006531,-2.160829544,1
431,737,0.2572177947,-2.51031208,1
431,769,-0.8188993931,-2.727299213,1
431,801,-0.1186640561,-3.338478804,1
431,833,2.336947441,-3.554878712,1
431,865,2.643210411,-2.927377701,1
431,897,1.612139821,-1.047017813,1
431,929,0.9718927145,-1.449570656,1
431,961,-0.05667310953,-0.8772037029,1
431,993,-3.844781637,-0.6920135021,1
431,1025,-4.681732178,-3.252295017,1
431,1057,-1.302710772,-4.680595398,1
431,1089,-0.8194470406,-2.645364523,1
431,1121,-0.6656235456,-2.220043421,1
431,1153,-1.219735861,-2.632273197,1
431,1185,-1.731662154,-2.212801933,1
431,1217,-1.617533565,-2.268071413,1
431,1249,-3.396164894,-2.994220734,1
431,1281,-3.224517107,-2.555381536,1
431,1313,-1.733061433,-0.9715577364,1
431,1345,-1.701506257,-0.8073801398,1
431,1377,-1.706748486,-0.815908432,1
431,1409,-1.489513397,-1.271746516,1
431,1441,-1.049010158,-2.117950439,1
431,1473,-0.2767233849,-1.72006917,1
431,1505,0.4269247055,-1.482077956,1
431,1537,0.2103942037,-1.536300778,1
431,1569,0.05232180655,-0.9995284081,1
431,1601,-0.5601814985,0.2016083598,1
431,1633,-0.8434313536,0.3045036197,1
431,1665,0.01309943199,-0.8751354814,1
431,1697,0.09559324384,-1.380157709,1
431,1729,0.3047127128,-0.9138957262,1
431,1761,0.2184703946,-1.073085546,1
431,1793,-0.2866594791,-1.58972311,1
431,1825,0.07304602861,-0.9707863331,1
431,1857,0.1766061187,-0.8018766046,1
431,1889,-0.3242891133,-1.159942627,1
431,1921,-0.8508079648,-0.8267707825,1
431,1953,-0.6564633846,-1.562384844,1
431,1985,-1.939870834,17.11573792,1
431,2017,-0.3106412888,-0.03795579076,1
463,33,-1.577486753,0.8027523756,1
463,65,-2.654863834,0.02433267236,1
463,97,-2.597264767,-0.4961660504,1
463,129,-1.481834173,-0.9734327793,1
463,161,-0.9730155468,-1.614946365,1
463,193,-0.6345408559,-2.116181612,1
463,225,-0.7226810455,-2.72534585,1
463,257,-1.048303127,-3.453457594,1
463,289,-0.91189605,-2.657294035,1
463,321,-0.428683877,-4.372694492,1
463,353,-0.2018432617,-5.610168934,1
463,385,-0.9932887554,-3.968295097,1
463,417,-3.023270607,-3.73762989,1
463,449,-1.402699351,-4.028080463,1
463,481,-1.174780846,-4.479139328,1
463,513,-1.144535065,-4.861584663,1
463,545,-1.075615168,-4.612366676,1
463,577,-0.8310455084,-4.073700905,1
463,609,-0.5477748513,-3.763695717,1
463,641,-0.7131156921,-2.621464729,1
463,673,-0.349776566,-1.96995306,1
463,705,0.2840826511,-1.733248234,1
463,737,0.01487195492,-1.117799282,1
463,769,-0.5267770886,-2.703111887,1
463,801,0.3030492961,-2.504605532,1
463,833,1.091829181,-2.433370829,1
463,865,2.251321077,-2.561269283,1
463,897,2.206947803,-2.505934715,1
463,929,1.73634553,-2.142378569,1
463,961,0.9754937887,-0.9958870411,1
463,993,0.3260315657,-2.194427013,1
463,1025,-0.6890832186,-4.388784885,1
463,1057,-1.430058599,-5.803977489,1
463,1089,-0.7502148151,-1.5975945,1
463,1121,-0.7832570076,-1.59907794,1
463,1153,-1.204061151,-2.511986256,1
463,1185,-1.844327688,-2.183562756,1
463,1217,-2.159350634,-1.914356947,1
463,1249,-3.099231005,-1.549747348,1
463,1281,-2.557017565,-1.851202488,1
463,1313,-1.883877754,-1.261833191,1
463,1345,-2.050243855,-1.079139113,1
463,1377,-2.165500641,-0.7829004526,1
463,1409,-1.86073029,-0.7969886065,1
463,1441,-1.502705812,-0.7388522625,1
463,1473,-0.7578113675,-1.163258553,1
463,1505,-0.2058269978,-0.7994035482,1
463,1537,-0.3006333709,-0.4578975439,1
463,1569,0.07953184843,-0.5221950412,1
463,1601,-0.1830500364,-0.4747246504,1
463,1633,-0.1852803528,-0.4230301976,1
463,1665,0.380164057,-1.336201429,1
463,1697,-0.6110730171,-1.252721548,1
463,1729,-0.8204193115,-1.250265002,1
463,1761,-0.0708335638,-0.7315948009,1
463,1793,0.1022052169,0.00122231245,1
463,1825,0.5846376419,-0.4606535435,1
463,1857,0.1397669017,-0.9052200317,1
463,1889,-0.215764612,-1.09398365,1
463,1921,-0.5287354589,-1.110274911,1
463,1953,-0.8964990377,-1.614600897,1
463,1985,0.2029989064,19.29693031,1
463,2017,-0.6023025513,0.04373560846,1
495,33,-1.345973015,1.266244769,1
495,65,-1.292751431,-0.08881664276,1
495,97,-1.418437481,-0.868673563,1
495,129,-0.7190244198,-1.777464032,1
495,161,-0.6556310654,-2.373372078,1
495,193,-1.347949982,-2.152344227,1
495,225,-1.94724226,-1.795373917,1
495,257,-1.136691093,-1.579047441,1
495,289,-8.944261551,13.46317196,1
495,321,-0.7453719378,-5.777605057,1
495,353,-0.5358997583,-5.845387936,1
495,385,-0.1543264389,-5.121571541,1
495,417,-1.014734149,-5.10456562,1
495,449,-1.038010359,-4.823671341,1
495,481,-1.164706349,-5.175061226,1
495,513,-0.9734774828,-5.107370853,1
495,545,-0.9269129038,-4.408208847,1
495,577,-1.275735855,-3.817116737,1
495,609,-0.9350851774,-3.048037052,1
495,641,-1.29861629,-2.184867144,1
495,673,-1.475897551,-1.906908274,1
495,705,-11.97700977,7.780190468,1
495,737,-10.63548374,14.15641594,1
495,769,0.217646569,-2.586656094,1
495,801,0.5938597918,-2.720856905,1
495,833,0.8502281904,-2.55758357,1
495,865,1.184186459,-2.917446375,1
495,897,1.403938055,-3.34888196,1
495,929,1.128533602,-1.88510108,1
495,961,0.992944777,-0.8583817482,1
495,993,1.422513008,-2.933924913,1
495,1025,0.8354715109,-3.372787952,1
495,1057,1.390127301,-3.169846296,1
495,1089,-0.177781269,-1.294032812,1
495,1121,-0.7867457867,-1.713578701,1
495,1153,-1.138394356,-2.86002636,1
495,1185,-1.815657616,-2.497659922,1
495,1217,-2.484946966,-1.770349979,1
495,1249,-2.321398735,-1.243621469,1
495,1281,-2.246197462,-1.813565135,1
495,1313,-2.379626274,-1.469784379,1
495,1345,-2.328934193,-0.8567069769,1
495,1377,-2.000120878,-0.1936570406,1
495,1409,-1.792946696,0.006534814835,1
495,1441,-1.555505872,-0.1763785481,1
495,1473,-0.9264876842,-0.7727764249,1
495,1505,-0.4984463453,-0.6968762875,1
495,1537,-0.2600674033,-0.4356502295,1
495,1569,0.4236126542,-0.5461912155,1
495,1601,0.5681455135,-0.7884902954,1
495,1633,0.4814248085,-1.023196101,1
495,1665,0.2198333293,-1.605137825,1
495,1697,-0.7405580878,-0.9921860099,1
495,1729,-0.2564084828,-0.9019606709,1
495,1761,0.4523419738,-0.77149719,1
495,1793,1.146268249,-0.2408161759,1
495,1825,0.497453481,-0.6640943885,1
495,1857,-0.04662430286,-0.9065690041,1
495,1889,0.04180076718,-0.7477043271,1
495,1921,0.5271109343,-1.119639635,1
495,1953,-0.4283692837,-1.069601536,1
495,1985,-0.4670601487,-1.085040689,1
495,2017,-0.6489617229,-0.1081306338,1
527,33,-1.347285151,2.031835556,1
527,65,-0.9795847535,-0.8043389916,1
527,97,-0.5683681965,-1.533333302,1
527,129,-0.4186754227,-2.855510712,1
527,161,-0.9951720238,-2.91028285,1
527,193,-2.005032063,-2.660021305,1
527,225,-2.061115265,-2.245385647,1
527,257,-1.154894114,-1.577100992,1
527,289,-1.151645422,-1.104612589,1
527,321,-1.874501228,-2.852873325,1
527,353,-16.63101959,-8.341739655,1
527,385,-1.78026402,-5.356351852,1
527,417,-1.387440681,-6.518648624,1
527,449,-1.118147373,-6.80121994,1
527,481,-0.8777807951,-5.974769592,1
527,513,-0.5862081051,-5.078969955,1
527,545,-0.5620547533,-3.965389729,1
527,577,-0.4868761301,-3.331972361,1
527,609,-0.5821828842,-2.137678623,1
527,641,-0.8242174387,-1.890439749,1
527,673,-0.7327498198,-1.962265372,1
527,705,-0.4716715217,-2.572947979,1
527,737,0.6538267732,17.02615547,1
527,769,0.3117767572,-2.540726662,1
527,801,0.2652983665,-2.830966234,1
527,833,0.6810138226,-3.232671022,1
527,865,0.7987905741,-4.319272995,1
527,897,1.219639421,-3.647777081,1
527,929,1.878464937,-2.181966305,1
527,961,1.988020897,-1.745658875,1
527,993,1.467763424,-2.983923435,1
527,1025,1.670994282,-3.551152468,1
527,1057,1.584795356,-1.858519435,1
527,1089,0.5506186485,-1.631418467,1
527,1121,-0.556178093,-2.047819614,1
527,1153,-1.982114792,-2.293051243,1
527,1185,-2.588380337,-2.291975975,1
527,1217,-1.398586273,-2.11103034,1
527,1249,-3.130527973,-2.171550989,1
527,1281,-3.008301973,-2.002717972,1
527,1313,-2.738684177,-1.349302292,1
527,1345,-2.524868488,-0.7357307673,1
527,1377,-2.019465446,0.3024426103,1
527,1409,-1.597786903,-0.1669428945,1
527,1441,-1.218178988,-1.313575387,1
527,1473,-1.19410038,-1.222091436,1
527,1505,-1.639770031,-1.419574976,1
527,1537,-0.5998671055,-0.8528276086,1
527,1569,0.06178881228,-0.7237380743,1
527,1601,0.8364918828,-1.285859108,1
527,1633,0.8770500422,-1.320342422,1
527,1665,0.6710402966,-1.024934292,1
527,1697,0.4414883256,-0.6087181568,1
527,1729,0.5153876543,-0.4620702863,1
527,1761,0.7924689054,-0.3917019367,1
527,1793,18.05583954,6.698176384,1
527,1825,0.7873501778,-0.8839513659,1
527,1857,-0.01006394625,-0.6242527962,1
527,1889,0.3664227128,-0.7207751274,1
527,1921,-14.6826849,9.253820419,1
527,1953,0.5481735468,-2.544224977,1
527,1985,-2.451790094,-20.16111374,1
527,2017,-0.8299926519,-0.2606198788,1
559,33,-0.9970625639,2.235731602,1
559,65,-0.9705107808,-0.8561188579,1
559,97,-0.2726140022,-1.809632063,1
559,129,-0.8567903042,-3.36383009,1
559,161,-1.350179076,-3.583049059,1
559,193,-1.217386961,-3.041645288,1
559,225,-0.7206578255,-1.830753565,1
559,257,-1.007232189,-1.733412266,1
559,289,-0.6161162853,-1.416553378,1
559,321,-2.215096951,-1.990169764,1
559,353,-3.664079189,-1.254157543,1
559,385,-2.442855835,-4.441783905,1
559,417,-1.651742935,-6.641600609,1
559,449,-1.206746101,-7.353242397,1
559,481,-0.9175149798,-6.203885078,1
559,513,-0.7443074584,-5.29664135,1
559,545,0.1149227917,0.297141552,1
559,577,0.111253351,-1.787733316,1
559,609,0.1363977194,-0.8724617958,1
559,641,0.1858651042,-1.394726276,1
559,673,0.2370523214,-2.315331459,1
559,705,-0.3721317053,-2.783589125,1
559,737,3.584115744,17.01083565,1
559,769,0.1730623245,-2.712895393,1
559,801,0.3903746009,-2.405464411,1
559,833,0.7472538352,-3.520252466,1
559,865,1.043672085,-3.451297283,1
559,897,1.399507761,-2.998618603,1
559,929,2.871962547,-2.099910736,1
559,961,1.480728984,-1.70871377,1
559,993,0.4753512144,-1.992111087,1
559,1025,1.339386582,-2.896341801,1
559,1057,0.4844070375,-1.313608885,1
559,1089,-0.1346376538,-1.837642431,1
559,1121,0.3798290491,-1.770468354,1
559,1153,-1.682601333,-1.645709038,1
559,1185,-2.866913795,-2.117409229,1
559,1217,-3.461518049,-2.459656715,1
559,1249,-3.69268322,-2.198484182,1
559,1281,-3.146016121,-1.833523631,1
559,1313,-2.596105337,-1.318104744,1
559,1345,-2.133588552,-0.9754958153,1
559,1377,-1.334882498,0.5306972265,1
559,1409,-1.154127598,-1.174981117,1
559,1441,-1.667480946,-3.019812346,1
559,1473,-1.957297325,-1.982894063,1
559,1505,-1.994117975,0.8007096052,1
559,1537,-1.04156673,1.720896125,1
559,1569,0.1293100119,-0.8288919926,1
559,1601,0.9287289381,-2.35534811,1
559,1633,1.509184003,-2.105237484,1
559,1665,1.377270222,-1.367343187,1
559,1697,1.189422607,-0.4782468677,1
559,1729,1.422807455,-0.1721328497,1
559,1761,1.242637634,-0.4484589696,1
559,1793,1.225968599,-0.3358810544,1
559,1825,1.191432714,-0.6280704141,1
559,1857,0.5221809149,-0.6831863523,1
559,1889,0.7840681076,-1.120256424,1
559,1921,0.6720269918,-1.841074824,1
559,1953,0.4507759511,-3.636813641,1
559,1985,0.3522273302,-1.88962698,1
559,2017,-0.383238107,-0.4345622659,1
591,33,0.395288229,1.936146736,1
591,65,-0.8986023664,-0.2814799547,1
591,97,-0.9510157108,-1.395225048,1
591,129,-1.274636388,-2.081830978,1
591,161,-1.336945295,-2.13516283,1
591,193,-1.494514585,-1.748133659,1
591,225,10.30566025,13.67798805,1
591,257,-2.0695858,-2.160261393,1
591,289,-1.859613419,-2.721132278,1
591,321,-2.654493093,-1.983269215,1
591,353,-3.25986743,-1.73590374,1
591,385,-2.402212858,-4.20244503,1
591,417,-1.96418798,-5.62342453,1
591,449,-1.754211664,-6.136870861,1
591,481,-1.26068759,-6.187644005,1
591,513,-0.8388285041,-5.605896473,1
591,545,-0.2541490495,-3.394444704,1
591,577,0.4298520982,-1.060198307,1
591,609,0.7053990364,0.1420856714,1
591,641,1.837673187,-0.8978672028,1
591,673,2.667932987,-2.819128036,1
591,705,2.657263517,-3.901748896,1
591,737,2.266665459,-4.531524181,1
591,769,-2.186802864,-22.44085693,1
591,801,1.859946489,-1.957273722,1
591,833,0.9823719263,-2.434241056,1
591,865,0.1404037476,-2.338609934,1
591,897,0.8747899532,-2.407232285,1
591,929,2.62959528,-1.567031384,1
591,961,1.794492006,-1.238342404,1
591,993,0.6374843121,-1.586808443,1
591,1025,0.1710030288,-1.825667143,1
591,1057,-0.5728040338,-1.564170718,1
591,1089,-0.8835846186,-1.687818289,1
591,1121,-0.9656261802,-0.7970446348,1
591,1153,-1.282046795,-0.9109978676,1
591,1185,-2.683550835,-1.28637135,1
591,1217,-5.245284081,-1.894599915,1
591,1249,-3.041610718,-2.058065414,1
591,1281,-2.476225376,-1.419086218,1
591,1313,-1.89534688,-1.285878897,1
591,1345,-0.9861681461,-1.28221333,1
591,1377,-0.7048826218,-0.5409607887,1
591,1409,-2.117687464,-2.343487024,1
591,1441,-1.926096201,-3.681493998,1
591,1473,-1.885294914,-1.657908201,1
591,1505,-2.088371754,1.022110462,1
591,1537,-1.081860065,1.645105839,1
591,1569,0.3189001679,-0.6164000034,1
591,1601,-0.3726130724,-3.97158432,1
591,1633,2.083218575,-3.400355339,1
591,1665,1.903646469,-1.682799339,1
591,1697,1.048368692,-0.5161217451,1
591,1729,1.322347403,-0.1075193882,1
591,1761,0.9386751652,-0.9353554249,1
591,1793,0.6136054397,-1.095107079,1
591,1825,0.9064617753,-0.8042069674,1
591,1857,0.933126688,-1.187347293,1
591,1889,0.7719717622,-1.692736745,1
591,1921,0.1651226282,-2.939160347,1
591,1953,0.04957994819,-4.348653793,1
591,1985,-0.1749634743,-3.677511454,1
591,2017,-0.7101445794,-0.2212696075,1
623,33,-0.6243530512,1.610379696,1
623,65,-1.426530004,-0.3172492981,1
623,97,-1.820891023,-1.113132238,1
623,129,-2.617581844,-1.279467225,1
623,161,-1.789166689,-1.702604294,1
623,193,-1.374558687,-1.095469475,1
623,225,-2.12381506,-1.494064569,1
623,257,-2.226129055,-2.19097662,1
623,289,-2.362138271,-1.045875072,1
623,321,-2.047307253,-1.166726112,1
623,353,-1.750912428,-2.770911694,1
623,385,-2.586946964,-4.614189148,1
623,417,-1.3117342,-5.090866566,1
623,449,-1.062522888,-5.729301453,1
623,481,-1.445201635,-6.10188961,1
623,513,-1.26470089,-4.977585793,1
623,545,-0.9086328149,-3.428437233,1
623,577,0.12244609,-1.129384637,1
623,609,0.3487731814,-0.3726761341,1
623,641,0.8210878372,-1.076744199,1
623,673,3.133402348,-1.634944201,1
623,705,3.522176981,-3.43539834,1
623,737,3.814676285,-4.056803703,1
623,769,3.249772549,-2.871251822,1
623,801,1.184660435,-2.252446651,1
623,833,0.8622084856,-2.468166351,1
623,865,0.8382542729,-2.400274754,1
623,897,1.000860929,-1.792539597,1
623,929,1.602284431,-0.7815922499,1
623,961,1.331324935,-0.7821674347,1
623,993,0.2596052289,-1.367003798,1
623,1025,-0.1250261068,-1.51699245,1
623,1057,-0.5092049837,-1.427682042,1
623,1089,-0.7869054079,-1.002295971,1
623,1121,-0.961576283,-0.3838008642,1
623,1153,-1.099393964,-0.1844205856,1
623,1185,-1.500752926,-0.2849793434,1
623,1217,-2.016746998,-1.147038698,1
623,1249,-2.418610573,-2.31207943,1
623,1281,-2.371989965,-0.7211462259,1
623,1313,11.49938107,10.43346214,1
623,1345,-1.855195999,-0.7513930798,1
623,1377,-5.717338562,-15.28680992,1
623,1409,-2.182735682,-2.256296873,1
623,1441,-0.9857443571,-1.840193152,1
623,1473,-0.9187054634,-2.943916559,1
623,1505,-1.610847712,-1.368855357,1
623,1537,-1.425673842,0.2602851391,1
623,1569,-0.3662510514,-0.1703406572,1
623,1601,-0.1140036285,-3.16795373,1
623,1633,0.70613271,-3.376440763,1
623,1665,1.132157087,-2.192989588,1
623,1697,0.8935668468,-1.399895072,1
623,1729,0.2139970958,-0.8228747845,1
623,1761,-0.9870665073,-0.5286633968,1
623,1793,-0.7310374975,-1.757735252,1
623,1825,0.05179183185,-2.215902805,1
623,1857,0.6073887348,-1.351846933,1
623,1889,0.8283064365,-2.14733386,1
623,1921,-0.5008408427,-4.178902149,1
623,1953,-0.6893699765,-5.295487404,1
623,1985,-0.591966033,-4.803072453,1
623,2017,-0.6819548607,-0.06839704514,1
655,33,-1.471659899,1.725935698,1
655,65,-2.050381422,-0.8260989189,1
655,97,-2.073274612,-1.405406594,1
655,129,-3.257199049,-1.97295332,1
655,161,-2.441222668,-1.871861219,1
655,193,-1.663818359,-1.339532614,1
655,225,-1.899691343,-1.753006697,1
655,257,-2.589190483,-3.634034157,1
655,289,-2.817171097,-0.4927008152,1
655,321,-0.8870449066,-2.103380203,1
655,353,-0.6032469273,-3.35012722,1
655,385,-1.576011062,-4.19870615,1
655,417,-1.149877548,-4.987393379,1
655,449,-1.137002945,-5.343754768,1
655,481,-1.933796287,-6.202602386,1
655,513,-2.118474722,-3.230693817,1
655,545,-2.141347885,-2.660343647,1
655,577,-0.6988987923,-1.744040132,1
655,609,-0.4138851762,-2.001044035,1
655,641,-0.2238714099,-2.208447218,1
655,673,0.3121852875,-2.247573137,1
655,705,0.912260294,-2.710463762,1
655,737,1.197541952,-3.203883171,1
655,769,1.285066962,8.658493042,1
655,801,0.7071933746,-2.888533592,1
655,833,1.36353004,-2.75364852,1
655,865,1.499353647,-2.374310017,1
655,897,1.727378964,-1.57102263,1
655,929,0.8751561046,0.085729599,1
655,961,0.7246964574,-0.6464987993,1
655,993,0.591942966,-1.149564862,1
655,1025,-0.5286611319,-0.9055550098,1
655,1057,-1.133152604,-1.053502321,1
655,1089,-0.8883005381,-0.8579114676,1
655,1121,-0.9578040242,-0.5395509005,1
655,1153,-1.204858303,-0.1485100091,1
655,1185,-1.387490273,0.0786088109,1
655,1217,-1.546708465,-0.3909387589,1
655,1249,-0.8439480066,-0.7338374853,1
655,1281,-1.998642445,-1.050967693,1
655,1313,-2.74092865,-0.797994256,1
655,1345,-3.000962257,-0.6892699003,1
655,1377,-3.354685307,-0.9498962164,1
655,1409,-2.03873992,-1.751079917,1
655,1441,-1.134968877,-1.973157883,1
655,1473,-0.6443181038,-2.529327393,1
655,1505,-0.7228816152,-1.603713989,1
655,1537,-1.845917702,1.568943501,1
655,1569,-0.3127475977,-1.700787544,1
655,1601,0.1122210324,-2.626802921,1
655,1633,0.1843301058,-2.689000607,1
655,1665,0.2034016848,-2.685759068,1
655,1697,0.708925426,-2.858449936,1
655,1729,-0.10015288,-1.636333227,1
655,1761,-1.41360116,-0.9697315693,1
655,1793,-1.643566966,-1.314504623,1
655,1825,-1.33921504,-1.260391712,1
655,1857,-1.125265956,-1.542683244,1
655,1889,-0.4358363152,-2.447491169,1
655,1921,-1.871398449,-4.384231567,1
655,1953,-2.03044939,-4.371520996,1
655,1985,-2.170907736,-2.142041922,1
655,2017,-1.204904795,-0.1633312702,1
687,33,-0.1031886935,2.419599533,1
687,65,-1.208134055,-1.569072962,1
687,97,-1.086311936,-2.221069813,1
687,129,-1.99279964,-3.213913441,1
687,161,-2.448013306,-3.160126686,1
687,193,-2.464701414,-2.555528164,1
687,225,-2.955859184,-2.463510752,1
687,257,-3.06434226,-3.610908985,1
687,289,-3.372802258,-4.427859306,1
687,321,0.5226291418,-4.039251328,1
687,353,0.4663063884,-3.065319777,1
687,385,-1.12984097,-3.072127342,1
687,417,-0.9385046959,-4.890131474,1
687,449,-1.195239902,-5.179916859,1
687,481,-0.676905632,-2.883948326,1
687,513,-1.305956841,-1.413480282,1
687,545,-1.80976212,-1.44995141,1
687,577,-1.607880235,-2.238995075,1
687,609,-0.7919015884,-3.52445364,1
687,641,-0.7030310631,-4.230940819,1
687,673,-0.4871799946,-2.122042179,1
687,705,-0.2052792609,-1.362064838,1
687,737,-0.211790517,-1.817544341,1
687,769,0.6713951826,-2.780950785,1
687,801,1.292303085,-3.391086578,1
687,833,1.077641129,-3.075880289,1
687,865,1.464194059,-2.527580023,1
687,897,2.219533205,-3.431798458,1
687,929,0.6638145447,-1.004707217,1
687,961,0.4115124941,-1.791508079,1
687,993,0.4780035019,-1.024412751,1
687,1025,0.2273364365,-1.121380687,1
687,1057,-0.05456915498,-1.414549112,1
687,1089,-0.5337432623,-1.31970787,1
687,1121,-0.9371738434,-0.786745429,1
687,1153,-1.149811029,-0.3531581759,1
687,1185,-1.001991272,0.09308889508,1
687,1217,-1.016412497,-0.01667499542,1
687,1249,-1.30635035,-0.5638538003,1
687,1281,-2.583541632,-1.293912411,1
687,1313,-2.726394892,-1.724647045,1
687,1345,-2.648518324,-0.9067707062,1
687,1377,-2.204592466,-0.6036961079,1
687,1409,-1.130733967,-2.208497047,1
687,1441,-1.430662274,-2.591584921,1
687,1473,-0.9497704506,-2.059889793,1
687,1505,-0.5121837258,0.378538847,1
687,1537,0.05599156022,1.152105808,1
687,1569,-0.1319898963,-2.494754553,1
687,1601,-0.0001056194305,-2.838615417,1
687,1633,0.5108324885,-2.78905344,1
687,1665,1.034295678,-2.721863508,1
687,1697,-0.2476424575,-2.832974672,1
687,1729,-0.8735941648,-2.350118637,1
687,1761,-1.433900595,-1.892125249,1
687,1793,-2.188562393,-1.598546743,1
687,1825,-2.433757782,-1.338904738,1
687,1857,18.52867699,-2.205462217,1
687,1889,-3.163495064,-15.44412804,1
687,1921,-2.229126453,-4.009654522,1
687,1953,-2.212279081,-3.500866652,1
687,1985,-1.915757537,-2.338608503,1
687,2017,-0.6056189537,-0.3883657455,1
719,33,0.5517693758,3.176427364,1
719,65,-0.6886820197,-2.714476824,1
719,97,17.13498116,2.268797159,1
719,129,-1.950116396,-4.480648518,1
719,161,-2.508015394,-4.229671478,1
719,193,-3.272498608,-4.954768181,1
719,225,-3.517054558,-2.995209217,1
719,257,-3.088877439,-3.108788013,1
719,289,-1.470158458,-3.662725449,1
719,321,1.680359602,-4.083364487,1
719,353,0.7740091681,-2.656201363,1
719,385,-0.786364913,-2.004445076,1
719,417,-1.078004479,-3.50401926,1
719,449,-0.7989756465,-3.613865614,1
719,481,-0.6000127792,-2.362352371,1
719,513,-0.3115247488,-1.228355646,1
719,545,-0.1464093924,-1.424518943,1
719,577,-0.008100390434,-1.041658878,1
719,609,-0.0867356658,-2.130149364,1
719,641,-0.2776148319,-3.247230053,1
719,673,-0.2719221115,-2.024942398,1
719,705,-0.2317932844,-1.503423452,1
719,737,0.1363313496,-1.490318656,1
719,769,1.028473854,-1.959655643,1
719,801,1.349299431,-2.633942604,1
719,833,1.320277691,-2.672897816,1
719,865,1.234195828,-2.314538479,1
719,897,1.108855367,-3.22029829,1
719,929,0.2710659504,-1.656444907,1
719,961,-0.5849121809,-1.914120078,1
719,993,-0.07633620501,-0.9484630823,1
719,1025,-0.001128563657,-1.049950361,1
719,1057,-0.08958765864,-1.191771746,1
719,1089,-0.4177722633,-1.505013108,1
719,1121,-0.7685202956,-0.912265718,1
719,1153,-0.8452099562,-0.4932041168,1
719,1185,-0.6051382422,-0.1579806209,1
719,1217,-0.7870162129,-0.0430265069,1
719,1249,-1.570436358,-0.4507575631,1
719,1281,-3.484333992,-0.6987547874,1
719,1313,-2.916080952,-3.607590914,1
719,1345,-2.788351297,-4.425916195,1
719,1377,-2.768376827,-2.762488365,1
719,1409,-3.288492441,-2.226698875,1
719,1441,-1.662270546,-2.922759771,1
719,1473,-0.1241335273,-2.72943449,1
719,1505,0.3333381414,-1.042816639,1
719,1537,0.1712041199,-1.352982283,1
719,1569,0.2634088695,-3.289458275,1
719,1601,0.4580976963,-3.074038982,1
719,1633,0.7821631432,-2.887702703,1
719,1665,0.9454485774,-2.943898201,1
719,1697,0.5615879297,-2.885023832,1
719,1729,-0.5267463923,-2.820071697,1
719,1761,-0.9203393459,-3.204575539,1
719,1793,-1.16383183,-2.291534901,1
719,1825,-1.722309589,-2.686133862,1
719,1857,1.656307697,-19.44685745,1
719,1889,-1.633257389,-2.980071783,1
719,1921,-2.430261135,-2.299026966,1
719,1953,-2.635984898,-2.567218304,1
719,1985,-1.454432726,-1.580702186,1
719,2017,1.127516031,-0.2371852398,1
751,33,-0.2094519138,-0.2242820263,1
751,65,-0.6476663351,-3.092826605,1
751,97,-1.706700802,-2.821445704,1
751,129,-2.154713154,-4.100704193,1
751,161,-2.378282785,-2.813920736,1
751,193,-2.234086514,-2.897342682,1
751,225,-0.3291285038,-4.725317478,1
751,257,-15.18302536,4.389155388,1
751,289,-0.8031200171,-3.913852215,1
751,321,1.284826398,-3.125323296,1
751,353,0.2279749811,-2.135972023,1
751,385,-0.556468904,-1.574845314,1
751,417,-0.5550502539,-1.208269596,1
751,449,-0.5642638206,-1.055357695,1
751,481,-0.2736096382,-1.895632744,1
751,513,0.4453710616,-1.354742885,1
751,545,0.8970806599,-1.149300218,1
751,577,0.5454574823,-0.6295189857,1
751,609,0.1680098772,-1.527466774,1
751,641,-0.05766741931,-2.329718113,1
751,673,-0.1359446645,-1.923513889,1
751,705,0.3026957214,-1.961038709,1
751,737,0.785751462,-1.744255066,1
751,769,1.252165198,-1.644251108,1
751,801,1.673508286,-1.897464037,1
751,833,2.65550518,-2.062897682,1
751,865,1.018504381,-1.566749215,1
751,897,0.7708348632,-1.453605652,1
751,929,0.618868947,-0.7522761822,1
751,961,0.2514582276,-0.5503655076,1
751,993,0.03288131952,-0.7664115429,1
751,1025,-0.156474188,-0.7054020166,1
751,1057,-0.5081957579,-0.7749905586,1
751,1089,-1.452664137,-2.662297249,1
751,1121,-0.7261023521,-0.928745091,1
751,1153,-0.4732266665,-0.7111737728,1
751,1185,-0.4922785759,-0.6024249792,1
751,1217,-0.7242411971,-0.1213008165,1
751,1249,-1.384833694,-0.897763133,1
751,1281,-1.97576499,-1.678116083,1
751,1313,-3.000508547,-5.129919529,1
751,1345,-1.908635974,-7.300962448,1
751,1377,-1.6453228,-3.692945957,1
751,1409,-1.34558177,-3.318435669,1
751,1441,0.02620080858,-3.24368,1
751,1473,0.3182056546,-3.381157875,1
751,1505,1.109264493,-3.402605057,1
751,1537,1.259606719,-4.20272398,1
751,1569,0.5880445242,-3.512510061,1
751,1601,0.6749283671,-3.142523766,1
751,1633,0.7417771816,-2.949325085,1
751,1665,0.6462012529,-4.100662708,1
751,1697,0.01433466375,-3.854676485,1
751,1729,-0.4445654154,-3.842285395,1
751,1761,-1.091205835,-3.847632647,1
751,1793,-1.111389399,-2.177968264,1
751,1825,-1.724425435,-2.935669422,1
751,1857,-1.876668811,-2.074601412,1
751,1889,-1.268913031,-1.739863038,1
751,1921,-1.267813206,-1.610777497,1
751,1953,-1.389639497,-1.289623618,1
751,1985,16.73775101,-9.895071983,1
751,2017,1.065459728,-0.3477569222,1
783,33,0.08962142467,-1.805190325,1
783,65,-0.4608517885,-2.579791069,1
783,97,-0.632261157,-3.532776117,1
783,129,-1.452109814,-4.136758804,1
783,161,-2.746480942,-2.601727247,1
783,193,-2.108731031,-1.550042629,1
783,225,-2.075259924,-2.818711996,1
783,257,8.028982162,-21.21926689,1
783,289,14.59090137,8.25929451,1
783,321,-0.3223079443,-3.039464712,1
783,353,-0.2290282249,-2.134440422,1
783,385,-0.6076002717,-1.587808132,1
783,417,-0.4109100103,0.01752829552,1
783,449,-0.1231063008,-1.044561625,1
783,481,0.2010526359,-1.880968213,1
783,513,0.2960859239,-1.778207898,1
783,545,0.8617310524,-1.275418758,1
783,577,0.2068322599,-0.7481777668,1
783,609,-1.876955152,-1.252856731,1
783,641,-0.5020164251,-1.954816937,1
783,673,0.3876849413,-1.345456481,1
783,705,0.8179392815,-1.882315993,1
783,737,0.9393745661,-2.191880941,1
783,769,0.9909826517,-1.257734179,1
783,801,0.8926407099,-1.236812592,1
783,833,0.9679415226,-1.452957273,1
783,865,0.7536799908,-1.01205337,1
783,897,0.4524950981,-0.8303937912,1
783,929,0.8206284046,-0.819224298,1
783,961,0.8023126125,-0.7581011653,1
783,993,0.4701140821,-0.6323161125,1
783,1025,-0.3812788129,-0.5102478862,1
783,1057,-1.065995216,-0.4606793523,1
783,1089,-0.5217232704,-1.033109069,1
783,1121,-0.4636411667,-0.8620201945,1
783,1153,-0.4467443824,-0.7995385528,1
783,1185,-0.3426615,-0.7356091738,1
783,1217,-0.6190664172,-1.857702971,1
783,1249,-1.225273609,-5.653506756,1
783,1281,-1.304230571,-8.041654587,1
783,1313,-0.05813968182,-9.963431358,1
783,1345,-1.039637566,-2.676891804,1
783,1377,-0.6707297564,-3.35678196,1
783,1409,-0.3993130922,-3.758202791,1
783,1441,-0.1180297434,-3.450983286,1
783,1473,0.5502574444,-2.943406582,1
783,1505,6.965181351,-3.373399019,1
783,1537,1.395536184,-3.450044394,1
783,1569,1.02014935,-3.367914915,1
783,1601,0.629389286,-2.99175477,1
783,1633,-0.1028755307,-3.679355621,1
783,1665,-0.1530506015,-5.162208557,1
783,1697,9.453269005,13.64120674,1
783,1729,-1.538434267,-1.279520035,1
783,1761,-0.7083287239,-0.8091044426,1
783,1793,-0.6056672335,-1.319322228,1
783,1825,-0.7347132564,-1.884052634,1
783,1857,-0.8860199451,-1.54103446,1
783,1889,-0.5962016582,-1.345767379,1
783,1921,-0.5477259755,-0.9666013718,1
783,1953,13.65086651,-11.12690544,1
783,1985,14.84912682,-11.67558861,1
783,2017,-1.324928045,-0.5743001103,1
815,33,0.4552810788,2.429448128,1
815,65,-0.4036229849,-2.438655853,1
815,97,0.4327409267,-4.11707592,1
815,129,-0.3850028515,-4.46819973,1
815,161,-1.175560117,-2.86917448,1
815,193,-1.049155354,-2.5338552,1
815,225,-2.840701103,-3.552442551,1
815,257,-3.24215579,-3.808583021,1
815,289,-1.317516327,-3.283961773,1
815,321,0.01189810038,-2.964245319,1
815,353,-0.1578475237,-1.968637466,1
815,385,-0.33887887,-1.615620255,1
815,417,-0.2217723727,-1.199300408,1
815,449,-0.07624930143,-1.348845243,1
815,481,0.2137684524,-1.554056287,1
815,513,-0.05440345407,-1.646343589,1
815,545,0.3867313564,-1.700062156,1
815,577,0.1339274943,-1.423364997,1
815,609,-0.8797361255,-1.119355321,1
815,641,-0.07186701894,-1.262487531,1
815,673,1.153147697,-1.118284702,1
815,705,1.078268766,-1.240721583,1
815,737,1.083441854,-0.7054519653,1
815,769,0.8887889981,-0.512216568,1
815,801,0.6843827963,-0.8856207132,1
815,833,0.6942408681,-0.9038678408,1
815,865,0.3551706672,-0.7483958006,1
815,897,0.5038509369,-0.7024556398,1
815,929,0.720361352,-0.9397293925,1
815,961,0.6864719391,-0.9301107526,1
815,993,0.3815249205,-0.5102353096,1
815,1025,-0.2173176557,-0.2851684093,1
815,1057,-0.5136553049,-0.2228659987,1
815,1089,-0.4280813634,-0.7582793832,1
815,1121,-0.4403994679,-0.6730764508,1
815,1153,-0.4620036781,-0.7507236004,1
815,1185,-0.741163075,-0.9563117027,1
815,1217,-1.182424188,-3.84382844,1
815,1249,-2.229475737,-4.866841316,1
815,1281,-1.82852602,-4.195458412,1
815,1313,-1.558592081,-5.441403389,1
815,1345,-1.08765018,-2.796101332,1
815,1377,-0.5279136896,-2.788682461,1
815,1409,-0.3220323622,-2.979463577,1
815,1441,-0.4097793996,-1.873610973,1
815,1473,0.4600682259,-2.002977133,1
815,1505,5.499920845,-3.120624065,1
815,1537,1.913051605,-2.978173971,1
815,1569,2.051649094,-3.126099348,1
815,1601,1.827706695,-3.449832201,1
815,1633,1.034988046,-5.000306606,1
815,1665,0.8118336797,-5.013113022,1
815,1697,0.6631105542,-5.512606144,1
815,1729,0.07252088189,-0.892531395,1
815,1761,-0.2712560892,-0.1599867344,1
815,1793,-0.363504827,-1.443400979,1
815,1825,-0.249019295,-1.265551448,1
815,1857,-0.4603470564,-0.7090309858,1
815,1889,-0.4731851518,-0.5195827484,1
815,1921,-0.06443688273,-1.122713089,1
815,1953,-0.3558286428,-0.8150948286,1
815,1985,-17.64520454,-1.728327394,1
815,2017,-1.70378685,-0.6859390736,1
847,33,-0.7480704784,2.599802017,1
847,65,0.3871589303,-3.302271366,1
847,97,0.3635421395,-3.573782206,1
847,129,4.864607334,-20.52703857,1
847,161,-0.4651566148,-2.895538092,1
847,193,-0.6451023817,-3.054352999,1
847,225,-2.055120945,-3.728952169,1
847,257,-2.640371084,-3.745438576,1
847,289,-0.6245181561,-3.238903999,1
847,321,0.009905487299,-2.768553257,1
847,353,-0.3605317473,-2.737788677,1
847,385,-3.296614647,-1.748146534,1
847,417,0.1064051241,-1.590965986,1
847,449,0.08988121152,-1.818084955,1
847,481,0.2184067518,-1.463245749,1
847,513,0.4220846295,-1.451683164,1
847,545,0.5701352954,-1.549512625,1
847,577,0.3939251304,-1.42340219,1
847,609,-0.1277795732,-1.331112742,1
847,641,0.6871660352,-1.073916674,1
847,673,2.004580259,-0.7016572952,1
847,705,1.475141525,-0.8168578148,1
847,737,2.30477047,-1.397553325,1
847,769,0.7438641787,-0.7605268955,1
847,801,0.7264972925,-0.822743237,1
847,833,0.6093456745,-0.7352273464,1
847,865,0.2595744729,-0.5305817127,1
847,897,-0.0533490181,-0.5037230849,1
847,929,0.1889779866,-0.359233737,1
847,961,0.3607251048,-0.4618909657,1
847,993,0.2043937743,-0.3336081505,1
847,1025,0.139257431,-0.3055329919,1
847,1057,0.0588555187,-0.3195918202,1
847,1089,-0.2841978073,-0.5084414482,1
847,1121,-0.5368943214,-0.5040581226,1
847,1153,-1.562808633,-0.9635928273,1
847,1185,-1.744381189,-2.405928612,1
847,1217,-2.192901373,-3.261868477,1
847,1249,-1.875735641,-3.570580721,1
847,1281,-1.39722383,-3.886058807,1
847,1313,-0.9315705299,-3.912972212,1
847,1345,-0.7665652633,-2.341281891,1
847,1377,-0.2589085996,-1.980259299,1
847,1409,-0.1957004517,-2.564177513,1
847,1441,-0.2226184011,-1.379015803,1
847,1473,0.2015265673,-1.244000912,1
847,1505,1.073596835,-3.033241272,1
847,1537,0.862859726,-3.053183079,1
847,1569,1.110357881,-3.058012486,1
847,1601,1.468988895,-3.529917479,1
847,1633,1.122420311,-4.018120766,1
847,1665,2.467141151,-6.938873291,1
847,1697,3.486769199,-7.116670132,1
847,1729,2.096902847,-4.709261417,1
847,1761,0.9634296894,-2.072415113,1
847,1793,0.269179076,-1.309188247,1
847,1825,-0.8192451,-1.536149144,1
847,1857,-3.269965172,-4.551441669,1
847,1889,-0.5784490705,-1.575446725,1
847,1921,-0.4021059871,-1.558041096,1
847,1953,-0.03349995613,-0.9392550588,1
847,1985,-0.6882528067,-0.2606566548,1
847,2017,-1.476017714,-0.519761622,1
879,33,-0.08455170691,1.608870268,1
879,65,13.39190292,-12.99737453,1
879,97,0.3107206225,-2.897210836,1
879,129,-0.4178746343,-2.981584311,1
879,161,-0.9139094949,-3.039703608,1
879,193,-1.00070703,-3.557855606,1
879,225,-0.3242846727,-3.624964952,1
879,257,0.1015895307,-4.227140427,1
879,289,0.2546370625,-4.269968987,1
879,321,0.06891964376,-3.11309886,1
879,353,-0.4098000526,-4.289973259,1
879,385,0.07743324339,-1.29306078,1
879,417,2.209556341,-1.26570034,1
879,449,0.9438425899,-1.910450935,1
879,481,0.7284315228,-1.683507442,1
879,513,0.5062735677,-1.300470352,1
879,545,0.2193046212,-1.242056251,1
879,577,0.2340796292,-1.08272171,1
879,609,0.1897713542,-1.34075284,1
879,641,0.2525270581,-1.61710453,1
879,673,0.3768551946,-0.01020592451,1
879,705,0.7090685368,-0.5304843783,1
879,737,1.000350237,-1.523095369,1
879,769,0.8737460375,-0.7347911596,1
879,801,1.294730663,-0.5715591908,1
879,833,1.605147362,-0.3916319609,1
879,865,0.7088183165,-0.375238806,1
879,897,0.4118226767,-0.1796911955,1
879,929,0.2255275846,-0.09888836741,1
879,961,-0.07403954864,-0.06753779948,1
879,993,0.4624432921,0.1170878261,1
879,1025,0.27055493,-0.317935437,1
879,1057,0.1423886418,-0.3234097958,1
879,1089,0.05130899698,-0.320271492,1
879,1121,0.009397491813,-0.5433391333,1
879,1153,0.03783582896,-0.8030608296,1
879,1185,0.1566922665,-2.233265162,1
879,1217,-0.4116027057,-3.560652733,1
879,1249,-1.28701508,-4.321509361,1
879,1281,-1.057023644,-4.060422897,1
879,1313,-0.9408807755,-3.663295984,1
879,1345,-0.9127018452,-2.406298876,1
879,1377,-0.6782199144,-2.140178204,1
879,1409,-0.2745913565,-2.692310333,1
879,1441,-0.2961636782,-2.637563705,1
879,1473,-0.08472341299,-3.012816668,1
879,1505,0.01998984814,-3.34636569,1
879,1537,-0.9439505339,-2.83526063,1
879,1569,0.6565291882,-3.359201908,1
879,1601,1.211613178,-3.385732889,1
879,1633,0.6174522638,-2.952598333,1
879,1665,1.158723474,-6.040570259,1
879,1697,3.446155071,-6.999994278,1
879,1729,2.968106747,-5.375722885,1
879,1761,1.951892138,-4.109334469,1
879,1793,2.202414513,-2.409777164,1
879,1825,-0.4505612552,-1.172474861,1
879,1857,-0.2754255533,-2.433629036,1
879,1889,0.06307263672,-2.756344318,1
879,1921,-0.9614425898,-2.255627155,1
879,1953,-0.6576293707,-1.261737108,1
879,1985,12.56912041,-15.73331356,1
879,2017,-0.9849801064,-0.5504248738,1
911,33,1.102689147,0.675062418,1
911,65,-0.2810063958,-2.262634277,1
911,97,-0.9450111389,-2.482491493,1
911,129,-1.242237449,-1.704288244,1
911,161,-1.337240458,-3.050754547,1
911,193,-1.422570705,-4.842320442,1
911,225,0.0346327424,-4.714342594,1
911,257,0.5912989974,-5.371952057,1
911,289,0.5256977081,-5.271395683,1
911,321,-0.06521114707,-3.836149216,1
911,353,-0.7579012513,-4.418831825,1
911,385,0.6939207315,-1.472486973,1
911,417,1.723080039,-0.372055769,1
911,449,1.591882706,-1.07326901,1
911,481,1.335100174,-1.192239523,1
911,513,0.8669639826,-1.044439316,1
911,545,0.3554786444,-1.111292124,1
911,577,0.3740282655,-0.995044589,1
911,609,0.6440922022,-1.496183634,1
911,641,0.5512658358,-2.75490284,1
911,673,0.3350996971,-0.1825023293,1
911,705,0.7187145948,-0.9493368268,1
911,737,1.198786259,-1.090681553,1
911,769,1.296647549,-0.4935366511,1
911,801,1.667767763,-0.2266314328,1
911,833,1.792048216,-0.2592386603,1
911,865,1.254899979,-0.2328414023,1
911,897,0.148714602,-0.1912711859,1
911,929,-0.1661238372,-0.07618817687,1
911,961,-0.3086967766,0.1864694953,1
911,993,0.4858233929,0.6747876406,1
911,1025,2.223711491,1.375396729,1
911,1057,-0.3386187553,-0.3053582907,1
911,1089,-0.05068272352,-0.453012228,1
911,1121,0.2265557498,-0.7902409434,1
911,1153,0.4227767587,-0.6191013455,1
911,1185,1.112741232,-0.4491092563,1
911,1217,0.04589539766,-1.098233223,1
911,1249,-1.144577503,-6.665128708,1
911,1281,-1.524286509,-5.341408253,1
911,1313,-1.875010967,-3.857823849,1
911,1345,-1.811432719,-3.213239193,1
911,1377,-2.197610378,-3.700850964,1
911,1409,-1.51901114,-3.811946154,1
911,1441,-1.61184144,-4.202950954,1
911,1473,0.3566003442,-2.763388634,1
911,1505,1.366048098,-1.008393288,1
911,1537,0.6098890305,-2.006055355,1
911,1569,1.408771992,-3.753151894,1
911,1601,1.569552302,-4.69081068,1
911,1633,0.7305037379,-2.580754042,1
911,1665,0.878180027,-2.853554487,1
911,1697,1.016333222,-4.037647724,1
911,1729,2.428594112,-6.228937626,1
911,1761,3.471176147,-6.664486885,1
911,1793,4.356238842,-4.842684746,1
911,1825,2.359178066,-2.755443096,1
911,1857,1.653229237,-2.901367426,1
911,1889,1.314269423,-2.665118933,1
911,1921,0.3002932072,-9.147959709,1
911,1953,0.09934590757,-9.221394539,1
911,1985,-1.129777551,-0.3696086407,1
911,2017,-0.5456342697,-0.9333449602,1
943,33,2.089241982,0.1932952404,1
943,65,-0.938567102,-2.484839439,1
943,97,-1.820798039,-2.691972494,1
943,129,-1.914377928,-1.304005861,1
943,161,-2.493582964,-1.639342785,1
943,193,-0.8377324939,-4.331512451,1
943,225,0.4411854148,-5.189767838,1
943,257,1.13646841,-3.736290693,1
943,289,0.8694284558,-3.552304506,1
943,321,-0.4002145231,-3.567490816,1
943,353,-1.32710588,-3.204524994,1
943,385,0.5735081434,-1.720049858,1
943,417,0.8620281816,-0.7889173031,1
943,449,1.487161279,-0.6678452492,1
943,481,1.471913934,-0.6554451585,1
943,513,1.179405928,-0.8605725169,1
943,545,0.6724432707,-0.7308210731,1
943,577,0.6441346407,-0.8072305322,1
943,609,0.5582137108,-2.016163349,1
943,641,0.04325333238,-1.873900056,1
943,673,0.208687216,-0.8598285913,1
943,705,0.3695494533,-1.055347681,1
943,737,0.479298234,-1.082533836,1
943,769,1.180926323,-0.3918904066,1
943,801,1.789171219,0.09801195562,1
943,833,1.67489624,0.2864609659,1
943,865,1.377482176,0.3175014853,1
943,897,0.7103415728,0.3096578717,1
943,929,0.2289298177,0.118189007,1
943,961,0.2702953219,0.3208265305,1
943,993,0.9493752718,1.340571523,1
943,1025,2.915742636,2.249631166,1
943,1057,-0.2824503481,-0.5741679072,1
943,1089,-0.9337602854,-0.7982600927,1
943,1121,0.03197681904,-3.196412563,1
943,1153,0.2314890027,-0.6224851012,1
943,1185,0.3835815191,0.2731759846,1
943,1217,0.1659152508,-0.3439376354,1
943,1249,-1.978908658,-3.546759367,1
943,1281,-2.471254826,-5.795232296,1
943,1313,-2.461687326,-4.601848602,1
943,1345,-3.785277843,-4.877557755,1
943,1377,-4.96288681,-6.909674644,1
943,1409,-2.738001585,-6.881300926,1
943,1441,-0.9206048846,-6.255441666,1
943,1473,0.5357024074,-0.4434080124,1
943,1505,1.337060213,1.07333374,1
943,1537,1.104161382,-0.7162804604,1
943,1569,1.677121878,-4.350664139,1
943,1601,1.083929777,-4.575222969,1
943,1633,1.007022619,-2.0597682,1
943,1665,0.8829501271,-1.97548008,1
943,1697,0.4927936196,-3.39957428,1
943,1729,0.3257669806,-4.909749508,1
943,1761,0.9290174842,-4.960263252,1
943,1793,0.742831111,-3.434545755,1
943,1825,0.427306354,-3.205929518,1
943,1857,0.5385233164,-3.798335075,1
943,1889,1.014828444,-2.629886866,1
943,1921,1.573609352,-1.379886389,1
943,1953,0.4306043983,-9.198663712,1
943,1985,-0.5651745796,-0.5666698217,1
943,2017,-0.6348829269,-1.249638796,1
975,33,1.422549248,0.09286856651,1
975,65,-0.6563404799,-2.500713825,1
975,97,-1.602606893,-2.352947474,1
975,129,-1.6501441,-2.061573267,1
975,161,9.768136978,-19.20495605,1
975,193,-0.1534718573,-2.789266586,1
975,225,1.38620317,-3.485857725,1
975,257,1.668169022,-1.969196796,1
975,289,0.6650806069,-3.16215539,1
975,321,-0.3406889439,-3.076138496,1
975,353,-0.2281102389,-2.436019897,1
975,385,0.5624639392,-1.074804068,1
975,417,0.7609524727,-0.9249557257,1
975,449,1.19951117,-0.7142315507,1
975,481,1.080314875,-0.6142296195,1
975,513,0.622176528,-0.9898015857,1
975,545,0.3691976666,-0.5466523767,1
975,577,0.4039125443,-0.6996877193,1
975,609,0.4723998308,-1.190573812,1
975,641,0.4265224934,-1.177776575,1
975,673,0.5896812677,-0.9645985365,1
975,705,0.0416995883,-0.7349148989,1
975,737,-0.1832857728,-0.8460636139,1
975,769,0.1047785282,-0.5949897766,1
975,801,1.209228635,0.627404511,1
975,833,0.730050087,0.5527054071,1
975,865,1.318436742,0.4359105825,1
975,897,1.116366625,0.3342260718,1
975,929,0.343390584,1.329660177,1
975,961,0.6198636293,1.979349375,1
975,993,0.5929419994,1.51228857,1
975,1025,0.655637145,0.693010211,1
975,1057,0.5341285467,-0.6192782521,1
975,1089,0.2150154114,-1.111386538,1
975,1121,-0.3385102749,-3.470589876,1
975,1153,-0.08445939422,-0.4094889164,1
975,1185,1.028773546,1.286220074,1
975,1217,1.041698933,-0.1973331571,1
975,1249,-1.556169748,-3.695247173,1
975,1281,-1.247765064,-5.727984905,1
975,1313,-1.265145898,-6.829440117,1
975,1345,-0.8315865993,-7.448372841,1
975,1377,-3.061834574,-8.492287636,1
975,1409,-1.475382686,-6.632953167,1
975,1441,0.4621013403,-6.287796974,1
975,1473,2.501687527,1.702009916,1
975,1505,2.506289005,1.739659071,1
975,1537,1.951470017,-1.081921816,1
975,1569,1.026753426,-2.66484046,1
975,1601,0.9114121199,-2.356385231,1
975,1633,1.169421434,-1.965650082,1
975,1665,0.3346176147,-2.011789322,1
975,1697,0.3180726171,-2.747565031,1
975,1729,0.9045759439,-2.549003363,1
975,1761,0.3738496304,-2.253873348,1
975,1793,-0.5620926023,-2.578740835,1
975,1825,-0.1018918157,-3.340841293,1
975,1857,0.4076156616,-2.574601412,1
975,1889,1.098758817,-0.6911474466,1
975,1921,1.456668735,-0.1983412504,1
975,1953,1.353984833,-0.106525898,1
975,1985,0.2167101949,-1.016201019,1
975,2017,-0.8254435062,-1.538379431,1
1007,33,1.142815471,-0.08643043041,1
1007,65,0.109267056,-1.72668767,1
1007,97,-0.8838656545,-1.738348484,1
1007,129,-1.131639123,-2.183282137,1
1007,161,-0.6285539269,-1.508047342,1
1007,193,-0.551025629,-1.761416674,1
1007,225,-0.123019278,-2.610184669,1
1007,257,19.20716858,1.83423686,1
1007,289,0.5293097496,-3.854792833,1
1007,321,-0.0517591238,-2.905268192,1
1007,353,-0.00393345952,-1.557832241,1
1007,385,0.1856648624,-2.07659936,1
1007,417,0.3549931049,-1.326563716,1
1007,449,0.8648580313,-1.102454305,1
1007,481,0.7774323225,-0.4824677706,1
1007,513,0.597343564,-0.3981192112,1
1007,545,0.009802311659,-1.18311131,1
1007,577,0.4070378542,-1.238186598,1
1007,609,1.08739996,-1.705541968,1
1007,641,1.729150891,-1.577481389,1
1007,673,0.4322203994,-1.294122458,1
1007,705,0.157312721,-1.01176095,1
1007,737,0.2476365566,-1.098896861,1
1007,769,0.9004921913,-0.9348438978,1
1007,801,1.879610896,0.2034880221,1
1007,833,1.860114813,0.4089172781,1
1007,865,1.666157603,0.161111623,1
1007,897,1.831813097,-0.07494085282,1
1007,929,1.001516461,0.3357090354,1
1007,961,0.7765907049,0.6219556332,1
1007,993,1.018138289,0.1007463932,1
1007,1025,0.9119116068,-0.3397004604,1
1007,1057,0.9261639714,-0.5251218081,1
1007,1089,0.9160827398,-0.2212306261,1
1007,1121,0.8316623569,-1.268315792,1
1007,1153,0.9379683137,-0.1444075108,1
1007,1185,1.033682346,0.3071884513,1
1007,1217,1.032419205,-0.4198607206,1
1007,1249,0.819421649,-4.786685467,1
1007,1281,1.177535057,-5.084998608,1
1007,1313,0.6688461304,-5.799054623,1
1007,1345,0.4621965885,-4.607672691,1
1007,1377,0.6691297293,-2.907948256,1
1007,1409,0.3817024827,-3.647076368,1
1007,1441,2.307777882,-4.434877396,1
1007,1473,1.77968359,-0.5488786697,1
1007,1505,1.498243093,-1.598865867,1
1007,1537,1.110392332,-1.661278725,1
1007,1569,-0.1744174361,-2.265316963,1
1007,1601,0.7644563913,-2.005516529,1
1007,1633,-8.36397934,-10.47866821,1
1007,1665,0.312764287,-2.416508675,1
1007,1697,0.5708445311,-2.567835331,1
1007,1729,0.8465746641,-2.420061588,1
1007,1761,0.3581985235,-1.896445751,1
1007,1793,-0.2614617348,-1.647964716,1
1007,1825,-0.2700825334,-2.144565582,1
1007,1857,0.2682108283,-1.351991177,1
1007,1889,0.6230585575,-0.3873308897,1
1007,1921,0.6571618319,-0.5905705094,1
1007,1953,0.7836103439,-0.4279541969,1
1007,1985,0.4842957556,-1.272437453,1
1007,2017,-1.06339097,-1.570965648,1
1039,33,0.9451925755,1.206027985,1
1039,65,-0.2829903364,-2.225195408,1
1039,97,-0.8976974487,-2.786643505,1
1039,129,-0.8478119373,-3.055136442,1
1039,161,-0.6794192195,-2.164816618,1
1039,193,-1.015581369,-1.730156898,1
1039,225,8.624909401,12.65514851,1
1039,257,16.76447678,4.756739616,1
1039,289,1.768363714,-3.226415396,1
1039,321,1.759416223,-2.982989788,1
1039,353,1.355043173,-1.932403564,1
1039,385,-0.05385027081,-2.165380001,1
1039,417,-0.8074699044,-1.501799941,1
1039,449,-0.9435688853,-1.3820014,1
1039,481,-0.7955456376,-0.8211247921,1
1039,513,-0.3417152464,0.4269621372,1
1039,545,-0.2089161277,-1.864057064,1
1039,577,0.1159180403,-2.167590141,1
1039,609,1.056033611,-2.422352791,1
1039,641,0.9067746401,-2.303303003,1
1039,673,-0.7078046203,-2.376549482,1
1039,705,0.3011211753,-2.031433821,1
1039,737,0.7372433543,-2.006610394,1
1039,769,1.280601382,-1.367305756,1
1039,801,2.44090271,-0.5565764308,1
1039,833,2.663496971,0.06320217252,1
1039,865,1.974005461,-0.1020284593,1
1039,897,1.798553824,-0.4799643755,1
1039,929,1.576524138,-0.0676484555,1
1039,961,1.474313498,0.03348349035,1
1039,993,1.391789198,-0.445199728,1
1039,1025,0.9756840467,-0.6298497915,1
1039,1057,0.7476563454,-0.5705145001,1
1039,1089,1.098673344,0.09845554829,1
1039,1121,0.8995131254,-0.5871801376,1
1039,1153,0.9677473307,-0.6566389799,1
1039,1185,0.9594857097,-0.2907796502,1
1039,1217,1.244937181,-3.039892435,1
1039,1249,1.858567476,-4.46429348,1
1039,1281,2.309424877,-5.016506672,1
1039,1313,2.508639812,-5.169279575,1
1039,1345,2.392151356,-4.487921715,1
1039,1377,1.366146564,-3.106523752,1
1039,1409,0.905941844,-2.910256386,1
1039,1441,1.441631079,-1.912959576,1
1039,1473,1.366614819,-1.390218973,1
1039,1505,0.8089194298,-1.518289804,1
1039,1537,0.5993935466,-1.988476038,1
1039,1569,0.2630704641,-2.363943338,1
1039,1601,0.5391713381,-1.694839716,1
1039,1633,0.5593137741,-1.289484978,1
1039,1665,0.5297979712,-3.713227987,1
1039,1697,1.312692523,-3.338363886,1
1039,1729,0.8110502958,-2.711471081,1
1039,1761,0.3307181001,-2.186265469,1
1039,1793,-0.4382306933,-0.9848401546,1
1039,1825,-1.895070672,-1.166875124,1
1039,1857,-1.275105476,-1.840568542,1
1039,1889,-0.02902974188,-1.187482357,1
1039,1921,-0.09399351478,-0.7739855051,1
1039,1953,0.2653125226,-0.3007668853,1
1039,1985,0.03820502013,-1.423955441,1
1039,2017,-0.8356972933,-1.307813525,1
1071,33,0.6451058388,1.964667559,1
1071,65,-0.1868079603,-3.187484026,1
1071,97,-0.609531045,-4.172724247,1
1071,129,-0.5063558817,-3.707466125,1
1071,161,-0.8641098738,-2.207470179,1
1071,193,-0.7145305872,-2.451029301,1
1071,225,8.963700294,-13.93842411,1
1071,257,0.5222801566,-3.568645477,1
1071,289,0.9982253909,-2.936228991,1
1071,321,1.925529242,-3.304358244,1
1071,353,1.702883482,-2.492722988,1
1071,385,-0.5801907778,-1.741615057,1
1071,417,-2.302151918,-1.574639678,1
1071,449,-2.34494257,-1.923937082,1
1071,481,-1.965725899,-2.17810607,1
1071,513,-0.708089292,-2.310988188,1
1071,545,-0.1310277283,-2.619979382,1
1071,577,-0.1229908019,-2.56391716,1
1071,609,0.2200109363,-3.381984472,1
1071,641,0.4535050392,-3.087330103,1
1071,673,0.4380251169,-4.639697075,1
1071,705,0.7120431066,-3.13002038,1
1071,737,1.021178365,-2.623124123,1
1071,769,2.015848398,-2.951835871,1
1071,801,-15.2218647,-3.62220645,1
1071,833,1.268671513,-1.108902335,1
1071,865,1.705052853,-0.9469052553,1
1071,897,1.881026745,-0.533564508,1
1071,929,2.357675076,-0.01004731655,1
1071,961,2.366842985,-0.5234020948,1
1071,993,2.338544846,-0.5639015436,1
1071,1025,1.963052392,-0.7122360468,1
1071,1057,1.399947047,-0.555717051,1
1071,1089,0.9590342641,-0.07341432571,1
1071,1121,1.000967979,-0.6954883337,1
1071,1153,0.9489229918,-0.9165136814,1
1071,1185,0.4907264709,-1.040869474,1
1071,1217,0.7656912804,-2.669241667,1
1071,1249,2.412843704,-3.164230585,1
1071,1281,3.138015032,-4.402712822,1
1071,1313,3.068244457,-4.783826351,1
1071,1345,3.028793335,-4.980403423,1
1071,1377,2.51421833,-3.946429253,1
1071,1409,1.345324278,-3.694210052,1
1071,1441,1.843387604,-3.710143566,1
1071,1473,1.750433087,-1.890643835,1
1071,1505,1.07108891,-1.858287096,1
1071,1537,1.259868026,-1.876690388,1
1071,1569,1.6176157,-1.826910019,1
1071,1601,0.5617271066,-1.234783411,1
1071,1633,-0.2819586694,-0.9889492989,1
1071,1665,-0.442122519,-2.046770096,1
1071,1697,0.6739450693,-2.835838318,1
1071,1729,0.4287159145,-2.532531977,1
1071,1761,0.1978899837,-2.240029097,1
1071,1793,-0.3277882934,-1.263196588,1
1071,1825,-1.229494214,-1.95442903,1
1071,1857,-1.96957314,-2.993955135,1
1071,1889,-0.6915122867,-1.277212262,1
1071,1921,-0.1734083146,-0.6156022549,1
1071,1953,-0.03999058902,-0.1956070662,1
1071,1985,-0.3595615327,-0.9854828715,1
1071,2017,-0.6216309071,-1.066622496,1
1103,33,0.07076364756,2.509114742,1
1103,65,-0.6172138453,-2.906444788,1
1103,97,-0.9419981241,-4.543992996,1
1103,129,-0.6525821686,-3.441137314,1
1103,161,-0.4714318812,-1.808571577,1
1103,193,-0.2910758257,-3.201298714,1
1103,225,-0.863191247,-3.789232731,1
1103,257,-0.6841462255,-3.604146719,1
1103,289,1.089823246,-3.386299372,1
1103,321,1.403864861,-4.867976189,1
1103,353,1.723640084,-5.170620918,1
1103,385,-1.080601931,-2.251772642,1
1103,417,-2.147366524,-1.413950443,1
1103,449,-2.112866879,-0.8114528656,1
1103,481,-1.938232899,-3.068673372,1
1103,513,-0.6516582966,-4.192357063,1
1103,545,-0.1677905321,-3.453557253,1
1103,577,-0.4346018732,-2.989485025,1
1103,609,-0.02490454912,-3.978741646,1
1103,641,1.128935099,-3.983952999,1
1103,673,1.172936678,-4.107545376,1
1103,705,0.896107316,-3.381318569,1
1103,737,1.312987804,-3.189911842,1
1103,769,2.473838806,-3.322107553,1
1103,801,3.042860031,-3.289384842,1
1103,833,2.303930998,-1.73581183,1
1103,865,2.015257359,-1.385433197,1
1103,897,1.50976789,-0.7325472832,1
1103,929,2.429596901,-1.094798326,1
1103,961,3.323190689,-1.167254567,1
1103,993,3.190548897,-0.9430841208,1
1103,1025,2.523806572,-1.057180762,1
1103,1057,1.746243834,-0.8120717406,1
1103,1089,0.932482481,-0.5956252813,1
1103,1121,0.5261181593,-0.8977285624,1
1103,1153,0.4290928245,-1.114084601,1
1103,1185,-1.543279648,-4.960963726,1
1103,1217,-0.3243069053,-2.302797079,1
1103,1249,0.7301770449,-2.884499311,1
1103,1281,1.913225293,-5.054296494,1
1103,1313,1.821184397,-4.519049644,1
1103,1345,2.331414461,-4.419430256,1
1103,1377,2.088481426,-4.395220757,1
1103,1409,0.7431054115,-3.985401392,1
1103,1441,0.8944985867,-3.712725163,1
1103,1473,0.911268115,-2.512982368,1
1103,1505,0.7731894255,-2.118910551,1
1103,1537,1.892629385,-1.584111691,1
1103,1569,2.266835213,-1.275614023,1
1103,1601,0.8717588186,-1.29204607,1
1103,1633,-0.6316404939,-0.8410897255,1
1103,1665,-1.176498532,-1.569419622,1
1103,1697,-0.7157842517,-2.460074186,1
1103,1729,-0.1387647092,-2.764280319,1
1103,1761,0.2801675498,-2.480701685,1
1103,1793,0.3614942133,-1.570009708,1
1103,1825,0.1831666827,-1.958851814,1
1103,1857,-0.7160185575,-2.197126389,1
1103,1889,-0.08005329967,-0.9942305088,1
1103,1921,0.2187791318,-0.4820543528,1
1103,1953,-0.6424106956,-0.07385230064,1
1103,1985,-0.5828067064,-0.1391890049,1
1103,2017,-0.2533546388,-1.031031489,1
1135,33,-2.907741308,2.19513607,1
1135,65,-1.419474006,-3.585000992,1
1135,97,15.01071358,9.659834862,1
1135,129,-0.543915391,-3.311096191,1
1135,161,-0.1336651891,-3.189458132,1
1135,193,-0.1527706087,-3.321775913,1
1135,225,-0.7691315413,-4.001210213,1
1135,257,0.4256960154,-3.549069881,1
1135,289,0.8992058635,-3.668873072,1
1135,321,0.6495698094,-5.260104656,1
1135,353,0.3065704405,-5.224158287,1
1135,385,-0.5792534351,-3.804036856,1
1135,417,-1.361825347,-2.656418562,1
1135,449,-1.979422092,-1.60717392,1
1135,481,-2.281621933,-4.15400362,1
1135,513,-1.369207382,-4.383550167,1
1135,545,-0.5445620418,-3.393996477,1
1135,577,-0.4498676956,-3.478902578,1
1135,609,0.0209271498,-4.431273937,1
1135,641,0.8712531328,-5.01928854,1
1135,673,1.047915936,-3.500948906,1
1135,705,1.031435013,-2.154451847,1
1135,737,1.543465972,-2.662865877,1
1135,769,2.026325226,-2.030556202,1
1135,801,1.802666903,-0.9395129681,1
1135,833,1.67262435,-0.7426290512,1
1135,865,0.7879972458,-0.3224734068,1
1135,897,1.150258064,1.353078008,1
1135,929,2.171913147,-1.603267908,1
1135,961,2.700710297,-1.531316042,1
1135,993,2.744942427,-1.014294386,1
1135,1025,1.879702806,-1.548457503,1
1135,1057,1.111437798,-1.228386641,1
1135,1089,0.7306181788,-0.923152566,1
1135,1121,0.4526083469,-1.052978158,1
1135,1153,0.2153603435,-1.279178977,1
1135,1185,-0.2821044028,-0.7824053764,1
1135,1217,-1.180222392,-2.264773369,1
1135,1249,-0.4947347939,-2.931828737,1
1135,1281,0.8042976856,-5.681603909,1
1135,1313,1.202923894,-3.573039055,1
1135,1345,1.404852152,-3.43900013,1
1135,1377,1.195127726,-3.892674446,1
1135,1409,0.5511016846,-3.470041513,1
1135,1441,-0.4035606384,-2.977814436,1
1135,1473,-1.075600863,-0.8586235046,1
1135,1505,0.8782225847,-1.443504572,1
1135,1537,1.961171985,-1.388205051,1
1135,1569,2.366653919,-1.055250287,1
1135,1601,0.7966013551,-1.3299402,1
1135,1633,-1.493244052,-1.198747873,1
1135,1665,-1.294729471,-1.554135919,1
1135,1697,-0.7738063335,-1.893609524,1
1135,1729,-0.1811012626,-1.855816126,1
1135,1761,0.3029338121,-1.786133289,1
1135,1793,0.2073729485,-2.166554213,1
1135,1825,0.2362597287,-2.619579792,1
1135,1857,-0.0452265963,-1.546369314,1
1135,1889,-0.03358767927,-0.8235971928,1
1135,1921,-0.06771224737,-0.6709729433,1
1135,1953,-0.7692946196,-0.2555006146,1
1135,1985,-0.3046419024,-0.4194960594,1
1135,2017,17.61165619,-1.477008462,1
1167,33,-2.395835161,0.7671165466,1
1167,65,-2.160209656,-3.800555706,1
1167,97,-1.34904933,-4.810919762,1
1167,129,0.07333531976,-4.029786587,1
1167,161,0.8215652704,-3.389715433,1
1167,193,0.9717255235,-3.241406679,1
1167,225,0.8064370155,-3.238058805,1
1167,257,0.9721468091,-2.981319427,1
1167,289,1.455517769,-3.745290279,1
1167,321,0.9129700661,-4.397874832,1
1167,353,0.07283934951,-3.408485413,1
1167,385,-0.5151717663,-4.902402878,1
1167,417,-1.030087948,-3.637343884,1
1167,449,-1.552153468,-3.135366917,1
1167,481,-1.674535513,-3.634003162,1
1167,513,-1.455403447,-3.63369441,1
1167,545,-1.364707947,-3.82587266,1
1167,577,-1.280962467,-4.360431671,1
1167,609,-0.2435390949,-4.408088684,1
1167,641,0.5697014332,-4.954385281,1
1167,673,0.828828454,-4.483077526,1
1167,705,0.9202005863,-1.410496235,1
1167,737,0.4536373615,-1.292501926,1
1167,769,1.346571445,-1.941167593,1
1167,801,1.729964495,-0.7344660759,1
1167,833,3.184266329,-0.5799657106,1
1167,865,2.460434675,-1.046828389,1
1167,897,2.001219749,-1.695081234,1
1167,929,1.931411982,-1.951680899,1
1167,961,1.77664721,-1.843055487,1
1167,993,2.148864985,-1.244758487,1
1167,1025,1.557532787,-1.217988014,1
1167,1057,0.8701075315,-1.270608902,1
1167,1089,0.6886146069,-1.002150536,1
1167,1121,0.6625427604,-1.194996476,1
1167,1153,-0.06127417088,-1.431646347,1
1167,1185,-0.4032852352,-1.789880037,1
1167,1217,-0.8867337108,-2.043762207,1
1167,1249,-0.8558349609,-2.309681177,1
1167,1281,0.2911505103,-2.92995882,1
1167,1313,0.5559332967,-2.957360029,1
1167,1345,0.6443949938,-3.475008011,1
1167,1377,0.9515417814,-3.693419933,1
1167,1409,0.6851731539,-3.260543108,1
1167,1441,0.2425337434,-2.327641726,1
1167,1473,0.6515586376,-0.4962728024,1
1167,1505,1.321186304,-1.63220644,1
1167,1537,1.559454679,-1.647501707,1
1167,1569,1.253466606,-1.276756525,1
1167,1601,0.4870083332,-1.156696081,1
1167,1633,-0.3015919328,-1.508975148,1
1167,1665,-0.8236448169,-1.873945236,1
1167,1697,-0.6880880594,-0.8126193285,1
1167,1729,-1.25752151,-0.8072226048,1
1167,1761,-0.2621572316,-1.649731517,1
1167,1793,0.2196973562,-2.05731678,1
1167,1825,0.6516922712,-4.057153702,1
1167,1857,0.8142302036,-3.03001833,1
1167,1889,-0.824757278,-1.617404461,1
1167,1921,-1.597908139,-1.189604759,1
1167,1953,-0.4530098736,-0.706610322,1
1167,1985,18.96522713,0.6452070475,1
1167,2017,17.49876213,-1.795385838,1
1199,33,-1.569690466,-0.7888925076,1
1199,65,-1.376901984,-3.211815834,1
1199,97,-1.605199814,-5.156132698,1
1199,129,0.667024672,-4.726121902,1
1199,161,2.064970493,-3.124196291,1
1199,193,1.151462793,-2.949658155,1
1199,225,0.2326588035,-3.005822659,1
1199,257,0.6694352627,-2.997570515,1
1199,289,1.030727029,-3.919610262,1
1199,321,0.6212342978,-4.072940826,1
1199,353,0.2714931965,-3.879416704,1
1199,385,0.181679666,-4.559989452,1
1199,417,-0.1287789345,-4.143277645,1
1199,449,-0.2420147657,-3.524778366,1
1199,481,-0.5638502836,-3.597959995,1
1199,513,-0.7600778937,-3.798516035,1
1199,545,-0.9388865232,-4.2682271,1
1199,577,-1.308798075,-5.014763355,1
1199,609,-0.2171849906,-4.85286665,1
1199,641,0.3856288791,-4.251289845,1
1199,673,0.9308578968,-3.94011569,1
1199,705,1.432718754,-2.968782187,1
1199,737,1.135444045,-2.600959778,1
1199,769,1.501856685,-2.639657021,1
1199,801,1.517571688,-0.86328578,1
1199,833,3.944668293,-0.4944773316,1
1199,865,4.635642529,-1.646379113,1
1199,897,2.645878792,-3.459706068,1
1199,929,2.194902658,-2.556303024,1
1199,961,1.347081304,-1.827031136,1
1199,993,1.18490243,-1.5049932,1
1199,1025,1.042586207,-1.114061475,1
1199,1057,0.7130883932,-1.001022816,1
1199,1089,0.7870956063,-1.178211093,1
1199,1121,0.8823621273,-1.373483181,1
1199,1153,0.8753423691,-1.617289186,1
1199,1185,1.71019125,-2.962966442,1
1199,1217,0.4153092504,-2.509876251,1
1199,1249,0.1128992736,-0.9763212204,1
1199,1281,0.4752372503,-2.010837317,1
1199,1313,0.2953119278,-3.879055023,1
1199,1345,0.506799221,-4.615318298,1
1199,1377,1.009362698,-3.431644201,1
1199,1409,1.237030506,-3.282795191,1
1199,1441,1.549248934,-2.775629044,1
1199,1473,2.100830555,-1.805591106,1
1199,1505,1.407043695,-1.88878274,1
1199,1537,1.196840286,-1.498049498,1
1199,1569,1.44477272,-0.596747756,1
1199,1601,1.846292734,-1.056982279,1
1199,1633,1.596055627,-2.373303175,1
1199,1665,0.6579802036,-2.156344891,1
1199,1697,-3.33219099,-1.25548172,1
1199,1729,-2.757223606,-1.536421418,1
1199,1761,-0.6073914766,-1.126617551,1
1199,1793,0.6904909611,-1.113895774,1
1199,1825,2.7196064,-2.216813803,1
1199,1857,1.452039599,-2.718283892,1
1199,1889,-0.5422458649,-2.627599716,1
1199,1921,-1.288001776,-3.177125692,1
1199,1953,4.142886162,10.31255817,1
1199,1985,18.93609619,-6.137633801,1
1199,2017,0.3244645298,-1.615083694,1
1231,33,-0.4658920765,-0.6515936852,1
1231,65,-16.86901855,-12.36269188,1
1231,97,-1.560689926,-5.264201164,1
1231,129,-0.5443017483,-5.036549568,1
1231,161,1.283138752,-3.077355146,1
1231,193,5.656014919,-1.26471591,1
1231,225,-0.1237406731,-3.505120039,1
1231,257,0.3843876123,-4.046905518,1
1231,289,0.8096956015,-4.277277946,1
1231,321,0.2629359365,-4.315719604,1
1231,353,0.5732966661,-4.985573292,1
1231,385,0.9018065333,-4.710887909,1
1231,417,0.9600602984,-4.687557697,1
1231,449,0.4809355736,-4.516456604,1
1231,481,-0.1021264791,-4.595106125,1
1231,513,-0.8080229759,-4.212789536,1
1231,545,-0.2607823014,-4.22300148,1
1231,577,0.2626787126,-5.167570591,1
1231,609,0.4369755387,-5.437137127,1
1231,641,0.6240641475,-4.742650509,1
1231,673,1.255940199,-4.144708157,1
1231,705,1.690994859,-3.361355543,1
1231,737,1.526985884,-3.311638832,1
1231,769,1.334030986,-3.290928841,1
1231,801,1.270580292,-2.320856094,1
1231,833,1.599839568,-1.41726768,1
1231,865,4.631043434,-0.1467988491,1
1231,897,0.498439908,-2.306131363,1
1231,929,2.056649208,-5.640380859,1
1231,961,2.791836262,-5.063579082,1
1231,993,1.731419921,-1.884891629,1
1231,1025,1.30757165,-1.287455082,1
1231,1057,0.9854413271,-0.9865472317,1
1231,1089,0.70680058,-1.339578032,1
1231,1121,0.9891285896,-1.584056258,1
1231,1153,1.364564419,-2.01381135,1
1231,1185,1.946182489,-3.745693922,1
1231,1217,1.504660726,-3.381608963,1
1231,1249,1.224090815,-1.288348198,1
1231,1281,2.818873882,-2.290442228,1
1231,1313,2.426079273,-5.032820225,1
1231,1345,1.217025876,-5.654623032,1
1231,1377,1.67158699,-3.671725988,1
1231,1409,1.914039373,-3.643547535,1
1231,1441,2.401272058,-3.193074942,1
1231,1473,2.113386869,-2.480992794,1
1231,1505,1.864750624,-1.939480543,1
1231,1537,0.8511981964,-1.56718564,1
1231,1569,1.799630165,-1.997120619,1
1231,1601,2.162462711,-2.442427158,1
1231,1633,2.044724464,-2.763899326,1
1231,1665,1.429372549,-2.660612106,1
1231,1697,0.8308317661,-2.472193718,1
1231,1729,0.8253466487,-1.312610269,1
1231,1761,1.105928063,-0.4405238628,1
1231,1793,0.9974811673,-0.7449146509,1
1231,1825,0.6928586364,-1.385268688,1
1231,1857,0.04413291812,-2.516190529,1
1231,1889,-2.065340519,-4.437455177,1
1231,1921,-1.430946112,-4.662119865,1
1231,1953,-5.170511246,14.62905884,1
1231,1985,1.136725187,-1.502103448,1
1231,2017,1.326102495,-1.036991119,1
1263,33,0.1800450683,-1.501574516,1
1263,65,-16.21355247,-8.833445549,1
1263,97,-0.8604209423,-3.73510313,1
1263,129,-1.425156474,-3.914113522,1
1263,161,10.92300415,-0.7089016438,1
1263,193,1.544538617,-3.524800777,1
1263,225,0.5414022207,-4.410517693,1
1263,257,-0.08315062523,-4.653705597,1
1263,289,-0.7785249949,-4.431904793,1
1263,321,-0.9704601765,-4.398476124,1
1263,353,0.1528675258,-4.291203022,1
1263,385,1.130533934,-4.535369396,1
1263,417,1.373387933,-5.429119587,1
1263,449,0.9263826609,-5.474397182,1
1263,481,-0.3776904345,-6.060815811,1
1263,513,-0.3881925941,-4.522025108,1
1263,545,0.6382843256,-3.426503181,1
1263,577,-0.9545503259,-4.845085621,1
1263,609,-1.349748373,-6.178339481,1
1263,641,-1.056988597,-6.230183601,1
1263,673,-0.4906852245,-4.983860493,1
1263,705,0.7988064289,-3.610917091,1
1263,737,1.728188038,-3.421448946,1
1263,769,1.643383026,-3.76289463,1
1263,801,1.211272001,-3.329506159,1
1263,833,1.4432019,-2.472881794,1
1263,865,1.234864473,-1.036775351,1
1263,897,0.3673926592,-1.231892586,1
1263,929,1.121410012,-4.130328178,1
1263,961,2.667127132,-4.132161617,1
1263,993,3.197303057,-2.551638603,1
1263,1025,1.674516678,-1.796896219,1
1263,1057,1.127005458,-1.649010897,1
1263,1089,0.9923892021,-1.956950545,1
1263,1121,1.306621432,-1.9768188,1
1263,1153,1.84382081,-2.611660719,1
1263,1185,1.867102146,-3.352109671,1
1263,1217,1.655370355,-3.333278894,1
1263,1249,1.583547831,-2.244061232,1
1263,1281,1.907453537,-2.089531898,1
1263,1313,2.988153458,-4.143632889,1
1263,1345,2.20441556,-1.752905369,1
1263,1377,2.041612864,-4.110740662,1
1263,1409,2.099768162,-4.313444614,1
1263,1441,2.327786207,-3.620853186,1
1263,1473,2.718511105,-2.710854053,1
1263,1505,3.7380476,-2.347941637,1
1263,1537,3.573469877,-2.773496628,1
1263,1569,3.227223635,-3.321549654,1
1263,1601,2.862560749,-3.163245916,1
1263,1633,2.509665728,-3.295729876,1
1263,1665,1.879443884,-2.911829948,1
1263,1697,1.424360394,-2.653810024,1
1263,1729,2.443152905,-2.106404781,1
1263,1761,2.325551987,-1.517752171,1
1263,1793,1.464046121,-1.324362993,1
1263,1825,-0.2272586226,-1.582376599,1
1263,1857,-1.726838231,-2.870248795,1
1263,1889,-1.783915758,-4.467465401,1
1263,1921,-1.004771829,-2.796641588,1
1263,1953,0.1492135972,-1.17609024,1
1263,1985,0.05131828785,-3.073379993,1
1263,2017,0.2405532598,-0.3757409453,1
1295,33,-17.83979988,3.852646351,1
1295,65,1.505352736,-4.029276848,1
1295,97,0.1510650516,-3.89218235,1
1295,129,-0.7732958794,-4.841594696,1
1295,161,-0.1984782517,-4.188661098,1
1295,193,0.4299345613,-3.330524921,1
1295,225,0.3867854476,-3.618482351,1
1295,257,-0.7494642138,-4.095331669,1
1295,289,-0.5972294807,-4.235987663,1
1295,321,-0.5282742381,-4.726613045,1
1295,353,-0.159003377,-3.780446053,1
1295,385,0.251524657,-4.018043518,1
1295,417,0.6526327729,-5.618821621,1
1295,449,1.383854747,-5.882630348,1
1295,481,0.5620646477,-6.180169106,1
1295,513,0.5704586506,-4.489486694,1
1295,545,0.8431937695,-2.637625217,1
1295,577,0.06503307819,-3.698476315,1
1295,609,-10.11020279,11.63562584,1
1295,641,-0.381251514,-6.460067272,1
1295,673,-0.4444232583,-4.87282896,1
1295,705,0.5604212284,-3.455941916,1
1295,737,1.5203861,-2.921968699,1
1295,769,1.643759251,-3.970098972,1
1295,801,1.437071443,-4.492637157,1
1295,833,0.9081095457,-3.106287479,1
1295,865,0.2189233303,-2.667244434,1
1295,897,4.068260193,7.852222919,1
1295,929,2.408195257,-3.074023008,1
1295,961,2.601050138,-3.257016897,1
1295,993,1.209173918,-3.202111959,1
1295,1025,0.5440772772,-2.81205225,1
1295,1057,1.08952558,-2.573121548,1
1295,1089,1.004830003,-2.95712781,1
1295,1121,0.867757082,-2.90217495,1
1295,1153,1.580498695,-3.39935708,1
1295,1185,1.962536454,-3.126444578,1
1295,1217,2.316171885,-2.335868597,1
1295,1249,1.929973602,-1.753736496,1
1295,1281,1.732013941,-1.946194649,1
1295,1313,2.034732819,-2.714431286,1
1295,1345,1.903670073,-3.527953863,1
1295,1377,2.19766736,-4.677473068,1
1295,1409,2.828009605,-5.421521187,1
1295,1441,2.396290541,-4.406009674,1
1295,1473,2.452147007,-3.02378726,1
1295,1505,2.905014038,-3.170300961,1
1295,1537,3.161789417,-2.496124744,1
1295,1569,2.902577162,-2.051682472,1
1295,1601,2.575210094,-2.836293221,1
1295,1633,2.327213526,-3.871418953,1
1295,1665,2.211219788,-3.448527813,1
1295,1697,2.813259125,-4.192834854,1
1295,1729,2.822169304,-3.36375761,1
1295,1761,2.181587219,-2.335235119,1
1295,1793,1.18340826,-1.732667923,1
1295,1825,0.6797349453,-1.696357131,1
1295,1857,-0.5715139508,-2.197920084,1
1295,1889,-1.133925557,-2.384972572,1
1295,1921,-0.6616626978,-2.152920961,1
1295,1953,-0.2230371684,-1.460466385,1
1295,1985,-16.86280251,9.041750908,1
1295,2017,0.9544017315,-0.05260229111,1
1327,33,16.37658882,3.312741756,1
1327,65,1.256548762,-5.118644714,1
1327,97,0.9090916514,-3.635188103,1
1327,129,-0.2735792398,-3.983315945,1
1327,161,-0.1829225272,-4.35610342,1
1327,193,0.3160087168,-3.95923233,1
1327,225,0.143668294,-3.335484743,1
1327,257,-0.796710372,-2.473306417,1
1327,289,-1.230288982,-3.099590302,1
1327,321,-0.8693931103,-3.432886362,1
1327,353,-0.3749170303,-3.294285774,1
1327,385,-0.916555047,-3.180186272,1
1327,417,0.2470484972,-5.078999043,1
1327,449,1.259328127,-5.576007843,1
1327,481,1.400744081,-5.661170006,1
1327,513,1.954642057,-4.698495865,1
1327,545,1.937994003,-2.606714725,1
1327,577,-17.83666992,-6.773568153,1
1327,609,0.8562133312,-4.534810066,1
1327,641,0.8664188385,-5.283469677,1
1327,673,0.7521534562,-4.515752792,1
1327,705,0.8622040749,-2.228574753,1
1327,737,1.814618468,-2.54470253,1
1327,769,1.822346449,-4.608877659,1
1327,801,2.421393633,-6.249381542,1
1327,833,0.8130898476,-3.845274925,1
1327,865,0.5275201797,-2.731404305,1
1327,897,2.426827192,-1.50611496,1
1327,929,3.100767136,-3.608738422,1
1327,961,2.818747997,-4.538328648,1
1327,993,1.983423948,-4.324029922,1
1327,1025,1.15563488,-3.79262948,1
1327,1057,0.3448371887,-2.77649498,1
1327,1089,0.6082354784,-2.417794466,1
1327,1121,0.4239113331,-3.355835915,1
1327,1153,0.887455821,-4.426417828,1
1327,1185,1.722424746,-2.948296547,1
1327,1217,3.213577032,-2.026866674,1
1327,1249,3.293811798,-1.336914539,1
1327,1281,2.28105402,-2.651315689,1
1327,1313,1.342584848,-3.233522177,1
1327,1345,1.688604712,-4.310071468,1
1327,1377,2.187149048,-4.69502306,1
1327,1409,2.609373569,-5.831522465,1
1327,1441,2.508687258,-5.502059937,1
1327,1473,2.715037823,-3.982051849,1
1327,1505,2.521717787,-3.757493734,1
1327,1537,1.942980766,-1.232275009,1
1327,1569,1.266586423,-0.5687732697,1
1327,1601,1.328491569,-1.054755688,1
1327,1633,0.8014206886,-2.299085379,1
1327,1665,1.742065787,-5.39956665,1
1327,1697,2.854668379,-6.03485918,1
1327,1729,2.722408533,-4.774170876,1
1327,1761,1.998512149,-3.018283367,1
1327,1793,1.141989946,-0.9376761913,1
1327,1825,0.819463551,-1.418038011,1
1327,1857,-0.1858790815,-0.5100704432,1
1327,1889,-0.9350486994,-1.447021961,1
1327,1921,-0.2672612965,-2.301611185,1
1327,1953,-0.01413437352,-2.07947731,1
1327,1985,0.7137988806,-1.360973358,1
1327,2017,1.913492203,-0.01749873161,1
1359,33,-0.9569864273,2.498217583,1
1359,65,0.6060906649,-1.330577374,1
1359,97,5.379388809,-13.41284657,1
1359,129,6.877878666,-15.36927414,1
1359,161,0.2723472714,-3.894083261,1
1359,193,1.385188341,-4.644238949,1
1359,225,1.366768241,-3.183212996,1
1359,257,0.456443578,-1.852760315,1
1359,289,-0.8396140933,-1.92937541,1
1359,321,-0.6195837259,-2.492156982,1
1359,353,0.2142626643,-2.860394955,1
1359,385,0.3486799002,-3.555882931,1
1359,417,0.7005228996,-4.235870361,1
1359,449,2.032395601,-4.599085331,1
1359,481,1.883020639,-5.063659668,1
1359,513,2.770650387,-4.929083824,1
1359,545,3.773532391,-4.47260952,1
1359,577,2.721037388,-4.287578583,1
1359,609,2.025549412,-4.034980297,1
1359,641,1.490473986,-2.514018536,1
1359,673,0.9039003849,-3.556516647,1
1359,705,0.4596624374,-2.114640236,1
1359,737,0.9208333492,-4.606503963,1
1359,769,1.565077782,-4.857161999,1
1359,801,3.479441404,-5.700285912,1
1359,833,23.23797607,-5.179543495,1
1359,865,-0.490735054,-2.279340029,1
1359,897,-10.89478493,3.378668547,1
1359,929,2.945029259,-3.761291981,1
1359,961,2.510232925,-5.166143894,1
1359,993,2.830387592,-5.149972916,1
1359,1025,2.675711155,-5.316325665,1
1359,1057,0.7663083076,-2.730668545,1
1359,1089,0.9485430717,-2.119483471,1
1359,1121,1.198377728,-3.046234369,1
1359,1153,1.079318881,-5.053685665,1
1359,1185,1.836833715,-3.201720715,1
1359,1217,2.49285531,-2.553032875,1
1359,1249,3.914812326,-2.296804428,1
1359,1281,2.631300926,-2.469359875,1
1359,1313,1.266186833,-2.836800098,1
1359,1345,1.094551682,-3.517998219,1
1359,1377,2.025947094,-4.346729755,1
1359,1409,2.50163579,-5.433646202,1
1359,1441,3.180187225,-5.314637184,1
1359,1473,3.165532351,-5.257559299,1
1359,1505,1.967479944,-4.481151104,1
1359,1537,0.6312823296,-2.803342342,1
1359,1569,0.06913161278,-1.820356607,1
1359,1601,-0.2185542583,-1.880592346,1
1359,1633,-0.2014942169,-2.075054884,1
1359,1665,-14.97507191,-3.103355169,1
1359,1697,2.359683037,-5.288468361,1
1359,1729,3.044346094,-4.851312637,1
1359,1761,1.501369953,-3.400581598,1
1359,1793,1.460791588,-1.564694405,1
1359,1825,1.661544323,-0.8313571215,1
1359,1857,0.4998042583,0.04185628891,1
1359,1889,-0.3249604106,-1.958991051,1
1359,1921,-0.2017316371,-2.464229584,1
1359,1953,0.1470986158,-2.668323994,1
1359,1985,0.7141421437,-1.651770234,1
1359,2017,0.8431192636,-0.2130980045,1
1391,33,-1.337695122,1.84343791,1
1391,65,-0.1632164568,-1.56161797,1
1391,97,7.539022923,-19.59558105,1
1391,129,4.636871338,-14.34626579,1
1391,161,-0.3451373577,-3.9400177,1
1391,193,0.08684912324,-3.878541231,1
1391,225,1.195117712,-2.568342924,1
1391,257,1.291174769,-1.830099583,1
1391,289,3.923598051,17.16014099,1
1391,321,7.16536665,15.90061569,1
1391,353,20.17443848,-2.869197607,1
1391,385,1.477280617,-4.997477531,1
1391,417,1.515997648,-4.486611366,1
1391,449,2.353901863,-4.093040466,1
1391,481,2.078591347,-4.690595627,1
1391,513,3.081744909,-5.154948711,1
1391,545,3.986914873,-5.197749615,1
1391,577,4.011527061,-4.608484268,1
1391,609,3.209448099,-4.026035786,1
1391,641,1.924314976,-3.032191753,1
1391,673,1.697854757,-4.434943199,1
1391,705,2.536499023,-4.809042931,1
1391,737,2.700874805,-4.810534954,1
1391,769,3.404352903,-5.18085289,1
1391,801,4.617133141,-4.757226467,1
1391,833,6.050150871,15.83550358,1
1391,865,4.859575272,-2.95592618,1
1391,897,4.422002792,-3.038666487,1
1391,929,3.394467831,-3.250882387,1
1391,961,2.090732813,-3.393642902,1
1391,993,1.28818965,-3.99475193,1
1391,1025,2.415739536,-3.585525751,1
1391,1057,3.087447166,-2.463769197,1
1391,1089,1.934483051,-2.239393711,1
1391,1121,1.16605556,-3.038089275,1
1391,1153,1.59262836,-4.126739502,1
1391,1185,2.665172577,-3.857541561,1
1391,1217,2.569746971,-4.750060081,1
1391,1249,3.228344202,-3.209443569,1
1391,1281,2.721570492,-2.79786706,1
1391,1313,1.783390045,-2.529618025,1
1391,1345,1.077256203,-2.966005325,1
1391,1377,1.276750803,-3.608540297,1
1391,1409,2.718086243,-4.258782387,1
1391,1441,3.532966375,-5.234246731,1
1391,1473,3.658722878,-6.201677322,1
1391,1505,2.417948723,-6.348138809,1
1391,1537,-0.1287428141,-4.478234291,1
1391,1569,0.4308743477,-4.03638792,1
1391,1601,0.1671053171,-3.727972984,1
1391,1633,0.6482906342,-3.725517273,1
1391,1665,1.5425179,-4.472599983,1
1391,1697,1.690395117,-4.153730392,1
1391,1729,1.132894516,-3.773252487,1
1391,1761,0.4358206987,-4.1769104,1
1391,1793,1.012467265,-4.557295799,1
1391,1825,1.532622099,-2.458726406,1
1391,1857,1.154617429,-1.740948439,1
1391,1889,-0.04767585173,-2.551170349,1
1391,1921,-0.1560135186,-2.564166784,1
1391,1953,0.3253377676,-2.249682903,1
1391,1985,0.8899065852,-2.247095585,1
1391,2017,1.810266376,-0.3578571379,1
1423,33,-0.790055275,-1.17887187,1
1423,65,-0.8341820836,-4.059622765,1
1423,97,-1.278323889,-3.172687054,1
1423,129,-0.7961941361,-3.14657402,1
1423,161,-0.3284471631,-4.050858974,1
1423,193,0.212906912,-4.335177422,1
1423,225,1.214833498,-3.044044733,1
1423,257,1.353471994,-2.40084672,1
1423,289,7.912819386,11.61979961,1
1423,321,8.515410423,12.31366348,1
1423,353,20.75398445,-6.904307365,1
1423,385,2.579737186,-5.103034019,1
1423,417,1.8691957,-5.290808201,1
1423,449,2.014854908,-4.809326172,1
1423,481,2.930894375,-4.289441586,1
1423,513,3.903503895,-5.062270164,1
1423,545,5.440502644,-5.571182728,1
1423,577,4.841417313,-4.807481766,1
1423,609,4.352760315,-4.328522205,1
1423,641,3.251168251,-4.01676178,1
1423,673,3.248099089,-5.323629856,1
1423,705,3.610192776,-5.18701601,1
1423,737,4.058983326,-4.843505383,1
1423,769,4.897689819,-4.760839939,1
1423,801,4.765212059,-5.128857613,1
1423,833,3.582861423,-4.23352623,1
1423,865,3.47346282,-2.856021404,1
1423,897,3.538090229,-2.583177567,1
1423,929,4.509576797,-2.711673975,1
1423,961,3.961325169,-2.455818653,1
1423,993,2.770138741,-3.411761999,1
1423,1025,3.311090469,-2.205316782,1
1423,1057,3.754113197,-0.4491174221,1
1423,1089,2.080094337,-2.49138093,1
1423,1121,0.6903172731,-3.33699131,1
1423,1153,-0.4071251154,-3.77733326,1
1423,1185,-0.7965812683,-8.0745821,1
1423,1217,2.060139894,-5.839055061,1
1423,1249,3.505290985,-3.673897743,1
1423,1281,3.065373898,-3.248730898,1
1423,1313,2.479014397,-2.540936947,1
1423,1345,16.4070549,-16.67622375,1
1423,1377,-3.728758812,6.189013481,1
1423,1409,4.16645813,-2.374040127,1
1423,1441,4.479269505,-4.274610043,1
1423,1473,4.665920734,-5.407819271,1
1423,1505,3.918238878,-5.957090855,1
1423,1537,1.150572181,-6.010492325,1
1423,1569,0.3781244755,-4.384111881,1
1423,1601,1.333204746,-2.893564463,1
1423,1633,1.010855913,-2.876505136,1
1423,1665,0.6403260827,-3.217459202,1
1423,1697,-0.07291162014,-3.938418865,1
1423,1729,-0.684269309,-4.12498188,1
1423,1761,-1.356510401,-5.787417412,1
1423,1793,-0.3856586218,-6.635629654,1
1423,1825,0.327000618,-5.079460621,1
1423,1857,0.01907980442,-4.032464504,1
1423,1889,-0.1096022502,-3.415548563,1
1423,1921,-0.2677549422,-2.788439751,1
1423,1953,-0.1203405261,-2.171253204,1
1423,1985,0.9847869277,-2.261087894,1
1423,2017,3.217919827,-0.5364350677,1
1455,33,-0.07419490814,-0.8705630302,1
1455,65,-0.7093621492,-5.744854927,1
1455,97,-0.2220841646,-5.206495285,1
1455,129,-0.5934118032,-3.689717293,1
1455,161,-0.7034019232,-3.646060228,1
1455,193,-0.2151846588,-3.582321882,1
1455,225,0.8284164071,-3.188936949,1
1455,257,-0.7999665141,-2.736201048,1
1455,289,-0.410189867,-2.530282497,1
1455,321,-6.877638817,-20.4392662,1
1455,353,1.730175734,-3.621236563,1
1455,385,2.690461636,-3.990704775,1
1455,417,2.454873562,-4.769422054,1
1455,449,3.094020605,-4.268060207,1
1455,481,4.546062469,-4.001019001,1
1455,513,5.019387245,-4.547077656,1
1455,545,5.253223896,-5.094577789,1
1455,577,5.232714653,-5.040803432,1
1455,609,4.678883553,-4.747955799,1
1455,641,3.892284393,-4.345934868,1
1455,673,3.737455606,-4.485651493,1
1455,705,3.539257288,-4.594292164,1
1455,737,3.45946455,-4.330971718,1
1455,769,4.435206413,-5.145244122,1
1455,801,3.885574341,-5.966118813,1
1455,833,2.541014671,-4.934602737,1
1455,865,2.271854401,-3.202607632,1
1455,897,2.314278126,-2.229973555,1
1455,929,-8.342162132,-12.646348,1
1455,961,-9.109521866,-16.28569412,1
1455,993,3.882724285,-4.114369392,1
1455,1025,3.907289028,-1.144598722,1
1455,1057,4.753742695,-0.9887878895,1
1455,1089,3.054094315,-3.372319221,1
1455,1121,1.851351023,-3.835742474,1
1455,1153,0.6385542154,-3.970319748,1
1455,1185,-1.279659033,-5.320411205,1
1455,1217,3.857108831,-3.68533206,1
1455,1249,3.58907342,-3.59559679,1
1455,1281,3.181549311,-2.9771173,1
1455,1313,2.986122847,-2.294423342,1
1455,1345,3.890929937,-3.100928068,1
1455,1377,-13.23297977,-10.28636551,1
1455,1409,5.645573616,-4.156469822,1
1455,1441,6.722024441,-5.233908653,1
1455,1473,6.273908138,-4.45364666,1
1455,1505,4.355199337,-3.565333366,1
1455,1537,2.881273746,-4.834168911,1
1455,1569,2.02153182,-5.132699966,1
1455,1601,1.580862522,-3.157503843,1
1455,1633,1.468147874,-2.572774887,1
1455,1665,1.045931816,-2.757977247,1
1455,1697,-0.03388655186,-3.602383375,1
1455,1729,-1.698836803,-4.997648239,1
1455,1761,-2.254628181,-6.415822983,1
1455,1793,-1.339579821,-6.832292557,1
1455,1825,-0.982208848,-5.686780453,1
1455,1857,-0.7201291323,-4.467423916,1
1455,1889,-1.103706956,-4.05907011,1
1455,1921,-0.8950491548,-3.221740723,1
1455,1953,-0.3545198143,-2.685486078,1
1455,1985,0.3892310858,-0.8759580851,1
1455,2017,2.897945404,-0.2583395243,1
1487,33,0.5049371719,1.40502286,1
1487,65,-0.9054481983,-3.806758881,1
1487,97,-0.8308919668,-5.011996269,1
1487,129,-0.9586830139,-4.238984108,1
1487,161,-2.106525421,-2.511642218,1
1487,193,-1.695741177,-2.535176516,1
1487,225,-0.3403888643,-2.691659451,1
1487,257,-0.9165743589,-2.823840141,1
1487,289,-0.6271631122,-3.179722309,1
1487,321,0.7241921425,-2.148725986,1
1487,353,1.574527383,-2.771565914,1
1487,385,2.557956219,-3.195067883,1
1487,417,2.329138279,-3.437395096,1
1487,449,2.869566917,-3.776894569,1
1487,481,3.796139717,-3.969153404,1
1487,513,4.405738831,-4.597011566,1
1487,545,4.54320097,-5.225662231,1
1487,577,4.222271919,-5.241119385,1
1487,609,3.935064793,-5.054888248,1
1487,641,3.799623013,-4.562811852,1
1487,673,3.863381147,-4.480280399,1
1487,705,3.173740149,-4.189682484,1
1487,737,2.73838377,-4.236088276,1
1487,769,2.711721897,-5.545776844,1
1487,801,2.311833382,-6.082551003,1
1487,833,1.570684671,-5.720448971,1
1487,865,2.177861452,-4.475446224,1
1487,897,2.603313923,-2.573265553,1
1487,929,2.575400591,-1.286916733,1
1487,961,2.054731369,-1.797113419,1
1487,993,2.171599627,-2.54260397,1
1487,1025,2.92651844,-2.10103035,1
1487,1057,4.585505486,-2.069190025,1
1487,1089,3.796856403,-3.902098179,1
1487,1121,2.31781435,-4.206066608,1
1487,1153,2.414736271,-4.250596046,1
1487,1185,5.176000595,-3.827517033,1
1487,1217,4.514636993,-3.956424713,1
1487,1249,3.289803267,-4.223775387,1
1487,1281,3.0354352,-3.408202648,1
1487,1313,3.221137285,-3.043195248,1
1487,1345,3.677386045,-3.425444603,1
1487,1377,3.112767696,-4.158148289,1
1487,1409,4.540606499,-5.050244331,1
1487,1441,6.007392406,-5.063034058,1
1487,1473,5.240653515,-3.455313206,1
1487,1505,4.213759899,-2.912248373,1
1487,1537,3.502693653,-3.724663734,1
1487,1569,2.64405632,-3.767638445,1
1487,1601,1.94682169,-3.286363602,1
1487,1633,2.00413847,-2.702831745,1
1487,1665,2.104084015,-2.81362772,1
1487,1697,2.207832813,-3.430868864,1
1487,1729,0.5627557039,-5.010566711,1
1487,1761,-0.9833443761,-4.902890682,1
1487,1793,0.8261088133,15.29099369,1
1487,1825,-0.3180248141,-3.433072805,1
1487,1857,-0.4680044055,-3.410596609,1
1487,1889,-0.5294875503,-5.10229969,1
1487,1921,0.3851254284,-4.550517082,1
1487,1953,0.324604243,-3.459260464,1
1487,1985,0.9218630791,-1.556410432,1
1487,2017,2.913305521,0.03262901306,1
1519,33,1.127740622,1.24631381,1
1519,65,14.32567978,-1.924689651,1
1519,97,-0.9834299088,-4.329336643,1
1519,129,-1.883693337,-4.513595581,1
1519,161,-1.589005232,-3.103826046,1
1519,193,-0.2928444743,-3.155277252,1
1519,225,0.3149222434,-2.481898785,1
1519,257,0.92218858,-2.84153223,1
1519,289,0.6767854691,-3.651396751,1
1519,321,0.8535194397,-3.259900093,1
1519,353,1.811266541,-3.299369812,1
1519,385,0.8410644531,-3.594335318,1
1519,417,-0.5825769901,5.533728123,1
1519,449,2.726742744,-4.585345268,1
1519,481,3.431259632,-4.36032486,1
1519,513,3.350130796,-4.679604053,1
1519,545,3.408946037,-5.618702888,1
1519,577,2.976969957,-5.998486042,1
1519,609,3.753794432,-5.783258438,1
1519,641,4.313901424,-5.457864761,1
1519,673,4.169884682,-5.538911819,1
1519,705,3.560966492,-5.181529999,1
1519,737,2.655831337,-5.38142395,1
1519,769,2.584959745,-5.92259407,1
1519,801,2.258265972,-6.361965179,1
1519,833,17.94995308,4.602690697,1
1519,865,2.954347849,-5.519803047,1
1519,897,3.263910055,-3.474960566,1
1519,929,2.637065887,-1.990216732,1
1519,961,2.746767998,-1.720544577,1
1519,993,2.739441156,-1.977015734,1
1519,1025,2.255877495,-1.798563242,1
1519,1057,2.254724264,-2.405332804,1
1519,1089,2.780915737,-4.571282387,1
1519,1121,2.709968567,-4.476394653,1
1519,1153,2.408075809,-4.799312115,1
1519,1185,2.943761826,-5.111423492,1
1519,1217,4.50716877,-3.523589849,1
1519,1249,3.941811562,-3.705738306,1
1519,1281,3.10846591,-5.034026146,1
1519,1313,3.075190544,-4.023881912,1
1519,1345,3.671191454,-4.232419014,1
1519,1377,2.738175392,-5.124557018,1
1519,1409,3.184871197,-4.536743164,1
1519,1441,5.22173357,-3.480983734,1
1519,1473,4.787889957,-1.843631744,1
1519,1505,4.101290226,-1.593323469,1
1519,1537,3.722029209,-3.260685682,1
1519,1569,3.131324291,-3.827082872,1
1519,1601,2.373088598,-3.740555763,1
1519,1633,2.573734045,-3.356764555,1
1519,1665,2.57358408,-2.553970575,1
1519,1697,3.092181206,-2.76898098,1
1519,1729,2.384647369,-3.006448984,1
1519,1761,0.8256984949,-2.466903925,1
1519,1793,11.8175621,9.423283577,1
1519,1825,0.2009986937,-2.742958307,1
1519,1857,0.2153049856,-2.686872482,1
1519,1889,0.004652500153,-4.644629955,1
1519,1921,0.4913303554,-4.062983513,1
1519,1953,1.098774076,-3.331352711,1
1519,1985,1.459803939,-2.024733782,1
1519,2017,3.146674633,-0.1533424258,1
1551,33,0.7055373192,-1.59607482,1
1551,65,1.381741762,-3.160589218,1
1551,97,-0.4375659227,-2.684831619,1
1551,129,-1.150648713,-3.607464314,1
1551,161,-0.8787386417,-3.5733881,1
1551,193,0.3581705093,-3.299750805,1
1551,225,1.214742303,-2.117154837,1
1551,257,1.665629745,-1.57122612,1
1551,289,1.036791801,-3.634305954,1
1551,321,-18.16595268,-7.872709751,1
1551,353,2.794975758,-5.029558182,1
1551,385,1.47667098,-4.234888077,1
1551,417,1.936104298,-4.178246021,1
1551,449,3.20710516,-4.563533306,1
1551,481,3.028820992,-4.647443295,1
1551,513,3.023956537,-4.708757877,1
1551,545,3.01753664,-5.776155472,1
1551,577,3.051022768,-6.635850906,1
1551,609,3.962924957,-6.98994112,1
1551,641,4.315029621,-6.620768547,1
1551,673,3.872306585,-6.354117393,1
1551,705,3.789800644,-5.986638069,1
1551,737,3.150698662,-6.000983715,1
1551,769,2.657553434,-5.828918934,1
1551,801,2.260653973,-6.289933205,1
1551,833,2.249676704,-6.237543583,1
1551,865,2.815094471,-6.54105854,1
1551,897,3.24760437,-5.981039047,1
1551,929,3.58834362,-1.829524517,1
1551,961,3.954910517,-1.574070454,1
1551,993,2.937666655,-1.5296278,1
1551,1025,1.34960103,-1.137402058,1
1551,1057,0.8443734646,-1.569061518,1
1551,1089,1.989808798,-2.638890982,1
1551,1121,1.913642883,-4.302016735,1
1551,1153,0.4212460518,-5.044597149,1
1551,1185,0.2815728188,-4.501122952,1
1551,1217,2.947510719,-2.094875097,1
1551,1249,3.155160427,-2.295465469,1
1551,1281,3.178366423,-3.160660744,1
1551,1313,3.065950155,-3.956437826,1
1551,1345,3.697872639,-5.18710041,1
1551,1377,4.839522362,-5.051854134,1
1551,1409,3.602452755,-4.308289528,1
1551,1441,3.591248989,-4.215483665,1
1551,1473,3.827268124,-3.278163195,1
1551,1505,3.579348564,-2.791110754,1
1551,1537,3.403479576,-2.810725927,1
1551,1569,2.945197821,-3.529400587,1
1551,1601,2.826369286,-3.971942425,1
1551,1633,2.400101185,-3.296802282,1
1551,1665,2.258051395,-2.224081993,1
1551,1697,2.254948616,-2.25227046,1
1551,1729,1.612131119,-2.178985119,1
1551,1761,1.058521986,-2.251221418,1
1551,1793,0.7199113369,-3.334932566,1
1551,1825,0.595742166,-3.230215311,1
1551,1857,0.857270956,-2.594274998,1
1551,1889,0.8992705941,-2.175857067,1
1551,1921,0.8096399307,-1.40819335,1
1551,1953,1.058915615,-1.553864837,1
1551,1985,1.47071898,-1.049559236,1
1551,2017,3.716999054,-1.067651987,1
1583,33,-0.04656615853,-1.496278405,1
1583,65,-0.630464077,-4.193190575,1
1583,97,-0.341779232,-2.742152214,1
1583,129,0.2767320871,-3.258348227,1
1583,161,0.4587721527,-3.030507326,1
1583,193,-15.39916992,5.43519783,1
1583,225,-1.719192266,-19.34702682,1
1583,257,17.58095551,6.969139576,1
1583,289,2.306926012,-5.151446342,1
1583,321,-8.203781128,3.948045731,1
1583,353,-18.16738701,-6.757720947,1
1583,385,1.518419385,-4.363961697,1
1583,417,3.634769201,-4.452976704,1
1583,449,4.99164772,-4.599075794,1
1583,481,2.539047718,-4.61029911,1
1583,513,2.002283812,-5.54652977,1
1583,545,-11.84139442,-0.3829069138,1
1583,577,-14.23579121,1.14541769,1
1583,609,3.325228691,-8.932741165,1
1583,641,3.341010571,-7.92402029,1
1583,673,3.15376997,-6.387801647,1
1583,705,3.606626987,-6.875430107,1
1583,737,3.856276989,-5.632437229,1
1583,769,2.998160362,-5.364183903,1
1583,801,2.361820698,-5.012505531,1
1583,833,2.489151716,-5.101994991,1
1583,865,3.357304096,-5.230556488,1
1583,897,4.142123699,-4.769669056,1
1583,929,4.439369202,-1.246073484,1
1583,961,3.759191513,-0.7426817417,1
1583,993,1.082427502,-0.2901666164,1
1583,1025,0.9642117023,0.5085597038,1
1583,1057,0.7406511307,-1.473226428,1
1583,1089,0.2262979746,-1.298113346,1
1583,1121,0.4779638052,-0.4078130722,1
1583,1153,-0.2996888161,-2.937092781,1
1583,1185,1.338275433,-4.407619476,1
1583,1217,2.490136147,-3.85579133,1
1583,1249,1.571536779,-2.702680111,1
1583,1281,0.8817336559,-1.13592577,1
1583,1313,3.00464201,-2.593162298,1
1583,1345,3.642297745,-4.157114029,1
1583,1377,3.951572657,-4.741090298,1
1583,1409,3.083138943,-5.220208645,1
1583,1441,2.732702971,-5.004134178,1
1583,1473,3.004288197,-4.440876007,1
1583,1505,2.985789299,-3.832517624,1
1583,1537,3.224447727,-2.305769682,1
1583,1569,3.033313036,-2.594044209,1
1583,1601,2.703439713,-3.483619928,1
1583,1633,2.271888494,-2.954852343,1
1583,1665,2.256554127,-2.634462357,1
1583,1697,1.766708732,-2.351011753,1
1583,1729,1.046606779,-2.053338766,1
1583,1761,0.5986740589,-2.758461714,1
1583,1793,0.4490092397,-4.826451778,1
1583,1825,0.9426156282,-3.928813934,1
1583,1857,1.024793863,-2.158512115,1
1583,1889,1.096525311,-1.703792572,1
1583,1921,0.8213194609,-0.9863564968,1
1583,1953,1.006318212,-0.2160720825,1
1583,1985,1.71747911,-0.1581206918,1
1583,2017,2.043418884,-1.911549807,1
1615,33,-0.5906463265,-1.223774195,1
1615,65,-1.19200182,-4.242590904,1
1615,97,0.1755194068,-2.990690708,1
1615,129,2.36355567,-3.25204277,1
1615,161,1.765081525,-2.326816082,1
1615,193,1.144329309,-2.532189369,1
1615,225,-6.78641367,7.296662331,1
1615,257,20.35373878,-8.009575844,1
1615,289,-12.40967369,7.344113827,1
1615,321,-0.05274617672,-5.954022408,1
1615,353,-0.1611074209,-5.078242302,1
1615,385,1.008293867,-4.326750755,1
1615,417,1.672031164,-3.996885777,1
1615,449,1.946865916,-4.287696362,1
1615,481,0.6224497557,-3.696733475,1
1615,513,0.6141066551,-6.491443634,1
1615,545,-0.345582366,-7.685423374,1
1615,577,-13.77887058,-18.08586693,1
1615,609,-13.54942703,5.172805786,1
1615,641,1.270619631,-6.615773678,1
1615,673,2.708846807,-5.410364628,1
1615,705,3.090606451,-5.471179008,1
1615,737,3.077025414,-5.15499115,1
1615,769,3.163941622,-5.158894062,1
1615,801,2.573051214,-4.749073029,1
1615,833,2.378949165,-4.046504021,1
1615,865,2.712423086,-2.713264704,1
1615,897,2.989992619,-1.528707027,1
1615,929,3.73744154,-0.7321395874,1
1615,961,3.509762764,-0.8905124664,1
1615,993,1.786401987,-1.773608565,1
1615,1025,1.17070806,-1.517107248,1
1615,1057,0.5839074254,-3.3229568,1
1615,1089,-0.1973212361,-1.717951536,1
1615,1121,0.6183995008,-0.5232403278,1
1615,1153,1.325393438,-2.805007219,1
1615,1185,1.805425286,-4.500126839,1
1615,1217,2.541570663,-3.953023195,1
1615,1249,2.365054846,-2.756039143,1
1615,1281,2.860645533,-2.640874863,1
1615,1313,4.024628639,-3.119507074,1
1615,1345,3.943909883,-3.878931999,1
1615,1377,3.249456406,-4.433827877,1
1615,1409,2.460392237,-6.613359451,1
1615,1441,2.453001022,-6.341311932,1
1615,1473,2.580051422,-6.176104069,1
1615,1505,2.091521502,-4.166082382,1
1615,1537,1.422846794,-2.60226202,1
1615,1569,2.389988184,-2.593160868,1
1615,1601,1.963370204,-2.526563406,1
1615,1633,2.228218794,-2.625971317,1
1615,1665,2.854589462,-2.943565845,1
1615,1697,0.9263625145,-2.674510241,1
1615,1729,-0.2093741298,-2.444718599,1
1615,1761,-0.1999238729,-2.578694344,1
1615,1793,-0.5541446805,-7.096330643,1
1615,1825,0.5217137337,-4.051509857,1
1615,1857,1.050453901,-2.155409575,1
1615,1889,1.006101012,-1.38673377,1
1615,1921,0.5288999081,-0.8335920572,1
1615,1953,0.8017756939,-0.08216106892,1
1615,1985,1.454087615,0.7164908648,1
1615,2017,2.049376011,-1.478651047,1
1647,33,-0.4886279702,-0.4456880093,1
1647,65,-0.4207609892,-2.602103472,1
1647,97,0.02719804645,-2.185261965,1
1647,129,1.697383761,-2.252797127,1
1647,161,1.568531275,-1.721184254,1
1647,193,0.5075170398,-2.425177097,1
1647,225,0.1580581367,-3.152095556,1
1647,257,-0.1909105182,-4.531367779,1
1647,289,0.3213661909,-6.424716473,1
1647,321,0.286359787,-6.493393898,1
1647,353,0.5574856997,-6.306156158,1
1647,385,0.8584395051,-4.862460136,1
1647,417,0.6787860394,-3.921764851,1
1647,449,1.426995039,-3.505329609,1
1647,481,0.9116340876,-4.515614986,1
1647,513,0.3600065112,-5.660851002,1
1647,545,0.5608661771,-5.914316654,1
1647,577,1.535979509,-5.623630047,1
1647,609,1.831331253,-5.388831139,1
1647,641,0.9018473625,-4.439895153,1
1647,673,2.090424776,-4.663052082,1
1647,705,2.920787811,-5.346504211,1
1647,737,3.81189847,-6.466293812,1
1647,769,4.185301781,-4.518279076,1
1647,801,3.215208769,-3.845442772,1
1647,833,2.476811886,-3.30015254,1
1647,865,1.794599295,-1.552362442,1
1647,897,2.141818523,-0.8764675856,1
1647,929,2.734002829,-0.7332043648,1
1647,961,2.98198843,-1.618010759,1
1647,993,2.348857164,-2.791045427,1
1647,1025,1.176328778,-3.94771409,1
1647,1057,1.055111051,-6.22680378,1
1647,1089,0.7440855503,-7.153736115,1
1647,1121,2.130286694,-8.883459091,1
1647,1153,1.976555467,-6.102534294,1
1647,1185,1.960782766,-5.034702301,1
1647,1217,2.349899769,-2.196982622,1
1647,1249,2.948750019,-2.687477112,1
1647,1281,4.174782753,-4.082927704,1
1647,1313,4.996253967,-3.547770262,1
1647,1345,4.994927406,-2.582209349,1
1647,1377,3.689345121,-2.083095074,1
1647,1409,3.155887127,-6.261777401,1
1647,1441,2.695356607,-6.906842709,1
1647,1473,-5.64381218,-10.63300037,1
1647,1505,1.569921494,-3.908468723,1
1647,1537,1.268893838,-3.011774063,1
1647,1569,0.8425590992,-1.678119183,1
1647,1601,0.5761574507,-1.75282526,1
1647,1633,1.505878568,-2.122596979,1
1647,1665,1.899341345,-2.219535351,1
1647,1697,1.536086321,-2.619848967,1
1647,1729,-0.2119411826,-3.445548534,1
1647,1761,-0.9718651175,-3.458194256,1
1647,1793,-0.708429575,-3.14739418,1
1647,1825,-0.3407914042,-2.962398291,1
1647,1857,0.8494909406,-1.619556189,1
1647,1889,1.059786558,-1.654660463,1
1647,1921,0.4157716036,-1.197596788,1
1647,1953,0.865316093,-0.3214012384,1
1647,1985,1.438352227,0.1894446015,1
1647,2017,2.527753353,-0.7031760216,1
1679,33,-0.9877785444,1.617390394,1
1679,65,-1.061954498,-1.576450229,1
1679,97,0.06554347277,-2.003687382,1
1679,129,0.4159232378,-1.460530758,1
1679,161,-0.3329834938,-1.561742067,1
1679,193,-0.1026338339,-2.49203825,1
1679,225,0.09117877483,-3.354290009,1
1679,257,0.249756366,-4.667475224,1
1679,289,0.633202672,-5.184875965,1
1679,321,0.6740529537,-5.544036388,1
1679,353,0.4855021834,-5.916335583,1
1679,385,1.071932912,-5.7685256,1
1679,417,1.31968987,-5.732141972,1
1679,449,1.436746597,-5.185864449,1
1679,481,1.557146072,-5.279929161,1
1679,513,0.6695840359,-5.424622059,1
1679,545,0.5143119097,-4.682533741,1
1679,577,0.7936213017,-4.507240295,1
1679,609,2.335752964,-3.452568531,1
1679,641,2.106397867,-3.473536491,1
1679,673,1.826332092,-4.866271019,1
1679,705,3.04617095,-6.647611141,1
1679,737,4.345273018,-4.735913277,1
1679,769,4.50333786,-3.182386398,1
1679,801,3.455356836,-2.788635731,1
1679,833,2.707530022,-2.66525507,1
1679,865,2.145978212,-2.206725597,1
1679,897,2.502476215,-1.713998079,1
1679,929,3.029272795,-2.097520351,1
1679,961,3.62545085,-2.77028513,1
1679,993,3.047267675,-3.792829514,1
1679,1025,2.474591255,-5.493704319,1
1679,1057,3.319719791,-9.041040421,1
1679,1089,1.767247081,-7.566166878,1
1679,1121,2.092651844,-7.660731316,1
1679,1153,2.692845345,-6.907370567,1
1679,1185,4.124059677,-4.543477058,1
1679,1217,3.242341042,-2.363281727,1
1679,1249,3.231808901,-2.590408802,1
1679,1281,4.16909647,-3.710599899,1
1679,1313,4.157515526,-4.1229496,1
1679,1345,3.798651695,-2.419284344,1
1679,1377,5.023926735,0.3231387138,1
1679,1409,6.5831213,-1.12354207,1
1679,1441,2.841276169,-4.087755203,1
1679,1473,2.274256706,-3.30416584,1
1679,1505,1.494156241,-2.505049944,1
1679,1537,0.8530905247,-1.800729752,1
1679,1569,1.383511424,0.371139884,1
1679,1601,1.393266439,-1.804950118,1
1679,1633,1.015496612,-1.838658214,1
1679,1665,1.74169445,-1.604759216,1
1679,1697,2.515896559,-2.571439266,1
1679,1729,0.8111222386,-3.317394495,1
1679,1761,-0.7883005142,-3.680428028,1
1679,1793,-1.282619119,-3.229018211,1
1679,1825,-0.2708028853,-1.030323505,1
1679,1857,0.7012851834,-0.4560053349,1
1679,1889,1.222909451,-1.985721588,1
1679,1921,1.209832549,-1.330688238,1
1679,1953,1.4755826,-1.162307262,1
1679,1985,1.268975496,-1.095515728,1
1679,2017,0.850610137,-0.4155768156,1
1711,33,-0.804487586,3.619085312,1
1711,65,-2.385496616,-2.978954554,1
1711,97,-2.087877274,-3.612260342,1
1711,129,-1.403639078,-3.050137997,1
1711,161,-0.8992848992,-2.534229517,1
1711,193,-0.274551779,-3.216554403,1
1711,225,0.1189303398,-5.500849724,1
1711,257,1.267501354,-5.387831688,1
1711,289,0.5059367418,-5.600639343,1
1711,321,0.5996054411,-5.452435493,1
1711,353,1.047024012,-6.400068283,1
1711,385,0.7288143635,-6.56146431,1
1711,417,1.00363183,-6.83199501,1
1711,449,1.25074172,-6.129700661,1
1711,481,1.232371449,-5.520795345,1
1711,513,1.09376049,-5.786019802,1
1711,545,1.107477784,-4.78610611,1
1711,577,1.384245276,-4.545388222,1
1711,609,2.48419261,-4.263943672,1
1711,641,2.539099216,-4.413617134,1
1711,673,1.629065037,-4.824627876,1
1711,705,1.864417076,-5.4732728,1
1711,737,3.821644545,-4.533648968,1
1711,769,4.863017082,-2.878964424,1
1711,801,4.662965298,-1.971818209,1
1711,833,3.014288902,-2.394323826,1
1711,865,2.719679117,-2.571425915,1
1711,897,2.96643281,-2.587112427,1
1711,929,3.342869759,-2.761254311,1
1711,961,3.492572069,-3.546014786,1
1711,993,4.39968729,-5.468309402,1
1711,1025,5.050843239,-5.451021671,1
1711,1057,3.426506758,-9.593539238,1
1711,1089,0.6189346313,-6.609379768,1
1711,1121,1.247334719,-6.244485855,1
1711,1153,4.135661602,-6.07382679,1
1711,1185,4.066019058,-4.072892189,1
1711,1217,3.458264589,-2.578685045,1
1711,1249,3.295795918,-2.31522727,1
1711,1281,3.843682766,-3.419514418,1
1711,1313,3.345849991,-3.545262575,1
1711,1345,3.131213665,-4.021976948,1
1711,1377,6.995173454,0.6613042355,1
1711,1409,6.628058434,1.210785866,1
1711,1441,2.843526602,-2.135555983,1
1711,1473,2.26373601,-2.174405098,1
1711,1505,1.715961576,-2.483449221,1
1711,1537,1.886714101,-1.902526379,1
1711,1569,2.612100601,-1.719592929,1
1711,1601,2.244255066,-2.582398891,1
1711,1633,1.535066128,-2.318844557,1
1711,1665,15.28297615,-12.141119,1
1711,1697,3.083207846,-3.88576436,1
1711,1729,0.3998212814,-3.673345089,1
1711,1761,-1.318009853,-2.598740339,1
1711,1793,-0.2838911712,-2.42901969,1
1711,1825,-0.1154473126,-0.8038954735,1
1711,1857,0.5488437414,-0.5121769905,1
1711,1889,1.717773795,-2.017510414,1
1711,1921,1.757321239,-2.120839596,1
1711,1953,2.274304152,-1.918026209,1
1711,1985,0.9964244366,-1.323758125,1
1711,2017,0.01438105106,-0.5869090557,1
1743,33,-1.007716775,1.674919128,1
1743,65,-0.6973851323,-2.843025208,1
1743,97,-1.525815248,-3.318958282,1
1743,129,-1.259430766,-4.224187374,1
1743,161,-0.5006462932,-3.913887501,1
1743,193,0.3952090144,-4.254142761,1
1743,225,1.023330927,-6.185659409,1
1743,257,0.7466959953,-6.620243549,1
1743,289,-0.213722527,-7.009475231,1
1743,321,-0.6208657026,-25.43797684,1
1743,353,-3.880408764,-25.72157669,1
1743,385,0.6127222776,-7.466603279,1
1743,417,1.15561223,-7.143235683,1
1743,449,1.429229498,-6.592514992,1
1743,481,1.405534863,-4.539060593,1
1743,513,1.376658201,-4.713523388,1
1743,545,2.273331165,-4.990342617,1
1743,577,2.525754929,-5.848134995,1
1743,609,2.868666172,-5.558008671,1
1743,641,2.737031221,-5.17078495,1
1743,673,0.01938450336,-6.161139965,1
1743,705,0.9771127701,-4.918874264,1
1743,737,3.031753778,-4.191689014,1
1743,769,3.650827646,-3.35383153,1
1743,801,3.210224628,-1.082026005,1
1743,833,2.395882845,-2.343545198,1
1743,865,1.927739382,-2.898630619,1
1743,897,2.344042063,-3.265106678,1
1743,929,2.704400778,-3.34291172,1
1743,961,2.919513941,-3.835257053,1
1743,993,3.10862875,-5.453384876,1
1743,1025,3.975603342,-6.229104996,1
1743,1057,2.228176117,-7.608584881,1
1743,1089,0.9643585682,-7.530129433,1
1743,1121,1.707615137,-7.201043129,1
1743,1153,3.337343216,-6.543617249,1
1743,1185,2.387100697,-4.282109261,1
1743,1217,1.791844368,-2.224255085,1
1743,1249,1.442315817,-3.769033909,1
1743,1281,2.232123375,-4.010538578,1
1743,1313,3.193279266,-2.787586927,1
1743,1345,5.308599472,-3.789895535,1
1743,1377,5.002631664,-3.729403019,1
1743,1409,3.53842473,-1.995547295,1
1743,1441,2.697993279,-1.44198513,1
1743,1473,2.374592304,-0.7487587929,1
1743,1505,0.04372024536,-0.9446427822,1
1743,1537,1.656196117,-1.81678319,1
1743,1569,2.853537798,-1.766266465,1
1743,1601,3.042786121,-1.629727721,1
1743,1633,3.185599804,-1.466743708,1
1743,1665,3.847298384,-3.697693586,1
1743,1697,2.860898495,-3.937066793,1
1743,1729,1.147341371,-3.179887056,1
1743,1761,0.5955128074,-2.350739717,1
1743,1793,1.41651237,-0.7143782377,1
1743,1825,8.459445953,-18.37954521,1
1743,1857,0.9030458927,-2.046720743,1
1743,1889,1.284873605,-3.631614685,1
1743,1921,1.707969189,-3.183891535,1
1743,1953,2.242101192,-2.126085997,1
1743,1985,14.37928295,4.361614704,1
1743,2017,1.161889195,-0.06587743759,1
1775,33,-0.8283135891,-0.4144473076,1
1775,65,0.0034314394,-4.372039795,1
1775,97,-0.4877243638,-3.918936014,1
1775,129,-1.421378851,-3.384758711,1
1775,161,-1.4429667,-3.996871471,1
1775,193,2.223704338,-4.670805931,1
1775,225,3.360800505,-6.266845226,1
1775,257,0.7443217039,-7.186254025,1
1775,289,-0.5683463216,-6.242060661,1
1775,321,-0.1542021632,-4.410987377,1
1775,353,11.00454617,-17.91678238,1
1775,385,0.2682088017,-6.43942976,1
1775,417,0.968769908,-6.745995045,1
1775,449,1.317185879,-6.085230827,1
1775,481,0.9425801039,-4.259031773,1
1775,513,1.18974781,-3.798190594,1
1775,545,1.795516133,-4.441081524,1
1775,577,1.641894817,-5.712750435,1
1775,609,1.542121053,-6.450050831,1
1775,641,1.779071927,-5.861974716,1
1775,673,0.3956232071,-4.034086704,1
1775,705,2.446291447,-4.726430416,1
1775,737,3.225191593,-4.128901482,1
1775,769,2.436903954,-3.566841364,1
1775,801,0.4793715477,-2.752613068,1
1775,833,0.198836565,-2.143821716,1
1775,865,0.7348223925,-2.999887705,1
1775,897,1.381962061,-4.458044052,1
1775,929,1.906252861,-5.192426682,1
1775,961,2.152656317,-4.414854527,1
1775,993,2.587580919,-4.976028442,1
1775,1025,3.078505516,-6.841713428,1
1775,1057,3.807028532,-6.213888645,1
1775,1089,3.48544383,-5.214600086,1
1775,1121,2.907478333,-5.328851223,1
1775,1153,2.291938305,-4.08997345,1
1775,1185,1.482929468,-3.216873884,1
1775,1217,0.712664485,-3.225264311,1
1775,1249,0.3215790987,-4.923159599,1
1775,1281,1.18810463,-4.736551762,1
1775,1313,2.498911142,-2.879406929,1
1775,1345,3.710464954,-3.040371656,1
1775,1377,2.966253996,-3.049659729,1
1775,1409,1.265206575,-1.288574219,1
1775,1441,0.07334303856,-1.573377848,1
1775,1473,0.0738132,-1.258405924,1
1775,1505,-1.497023463,-1.183948278,1
1775,1537,-0.1647269726,-1.662162542,1
1775,1569,2.680284977,-1.149828434,1
1775,1601,3.074975729,-1.188577771,1
1775,1633,3.205461264,-1.016774535,1
1775,1665,4.141659737,-2.57585597,1
1775,1697,3.254599571,-3.110147476,1
1775,1729,1.241941452,-1.983915091,1
1775,1761,0.6670902967,-0.5212702751,1
1775,1793,3.145260572,0.2599322796,1
1775,1825,1.665182948,0.5091969967,1
1775,1857,1.12828362,-1.68209362,1
1775,1889,1.655971527,-3.170317888,1
1775,1921,1.372019529,-2.4449718,1
1775,1953,4.868602276,17.47055817,1
1775,1985,0.5606666803,-2.386636496,1
1775,2017,0.1496331692,-0.1346309185,1
1807,33,0.5463472605,3.274582386,1
1807,65,19.62371826,-4.10714674,1
1807,97,5.93543005,-7.443467617,1
1807,129,-0.2468600869,-3.980721951,1
1807,161,-0.3751637638,-4.397566319,1
1807,193,0.734875381,-4.72796917,1
1807,225,1.243862867,-6.16296339,1
1807,257,0.1637084186,-6.7696805,1
1807,289,-0.02463185787,-6.188438416,1
1807,321,-0.0085909646,-6.088290691,1
1807,353,-0.06975732744,-5.9703269,1
1807,385,0.3674900532,-6.366657257,1
1807,417,1.558277249,-6.546102524,1
1807,449,3.311381578,-6.259791374,1
1807,481,2.076401472,-4.563868046,1
1807,513,1.330317497,-3.42204237,1
1807,545,1.799747586,-4.00421524,1
1807,577,1.713542104,-4.636622906,1
1807,609,2.231641293,-5.338742256,1
1807,641,6.532310009,-12.41271591,1
1807,673,2.013389111,-4.328509331,1
1807,705,2.95473218,-4.94216013,1
1807,737,3.413021326,-5.128736019,1
1807,769,1.433113575,-4.767660141,1
1807,801,0.8597996235,-2.934260845,1
1807,833,1.370849252,-3.581446409,1
1807,865,1.462466836,-3.809123039,1
1807,897,-1.667868376,15.58873367,1
1807,929,0.9989545345,-6.668462276,1
1807,961,1.922981501,-4.575454712,1
1807,993,2.774899244,-4.552053928,1
1807,1025,3.52180624,-5.247393131,1
1807,1057,6.033329964,-4.856803894,1
1807,1089,4.527166367,-3.189161301,1
1807,1121,3.127564669,-1.464199543,1
1807,1153,2.674020767,-1.951665878,1
1807,1185,1.092040777,-2.552318096,1
1807,1217,-0.7149987221,-2.687980652,1
1807,1249,-1.095029116,-3.503449917,1
1807,1281,0.3529123068,-3.949467659,1
1807,1313,1.902360678,-2.820379972,1
1807,1345,3.93023777,-2.093849182,1
1807,1377,4.68156004,-2.300321579,1
1807,1409,2.066151619,-0.9385976791,1
1807,1441,-0.09996020794,-1.706875086,1
1807,1473,-1.192992091,-1.871562004,1
1807,1505,-0.6192994118,-2.016589403,1
1807,1537,0.8447210789,-1.430075645,1
1807,1569,2.404340744,-0.868732214,1
1807,1601,2.339046001,-1.337928534,1
1807,1633,2.128288984,-1.215498209,1
1807,1665,3.242255688,-1.993780255,1
1807,1697,2.761475086,-2.476809502,1
1807,1729,0.9266847372,-1.369157434,1
1807,1761,0.5730233192,0.7478067875,1
1807,1793,1.573013186,2.20492506,1
1807,1825,2.675241947,1.409534216,1
1807,1857,1.834590673,-0.7543097138,1
1807,1889,2.31760025,-1.074911594,1
1807,1921,1.565600991,-0.2331080437,1
1807,1953,1.247129798,-2.160106182,1
1807,1985,1.59986043,-2.535176039,1
1807,2017,1.122548699,-0.2369656563,1
1839,33,0.7130223513,2.961037636,1
1839,65,12.82242966,-6.824700356,1
1839,97,4.556886196,-21.81777954,1
1839,129,-0.9523489475,-5.596479416,1
1839,161,-1.042863011,-5.47790432,1
1839,193,-0.9114654064,-5.228394508,1
1839,225,-0.4356228113,-5.446038723,1
1839,257,0.05002114177,-5.395570278,1
1839,289,0.5936145186,-6.554868698,1
1839,321,0.1720812619,-6.775953293,1
1839,353,0.3380606472,-5.764059067,1
1839,385,0.9865681529,-6.399052143,1
1839,417,2.881253958,-7.020904541,1
1839,449,4.27712059,-6.944619656,1
1839,481,2.946918964,-5.075553894,1
1839,513,2.31800127,-3.278211594,1
1839,545,1.847050548,-3.498634338,1
1839,577,0.6700960398,-3.840081215,1
1839,609,1.945476294,-4.966167927,1
1839,641,2.587954998,-5.464663982,1
1839,673,2.058445454,-4.38726759,1
1839,705,2.010119915,-5.215321541,1
1839,737,1.8589921,-6.05272007,1
1839,769,2.036234379,-5.413068771,1
1839,801,2.209952116,-4.076905251,1
1839,833,2.696600914,-3.84257412,1
1839,865,4.413479805,-3.758733511,1
1839,897,3.173296213,-3.947786093,1
1839,929,1.876132369,-3.179269791,1
1839,961,2.45481348,-3.89274931,1
1839,993,3.352334976,-4.44707346,1
1839,1025,3.982691288,-4.4488554,1
1839,1057,5.716772079,-5.017316818,1
1839,1089,3.611730576,-3.044312716,1
1839,1121,2.281282187,-1.256792784,1
1839,1153,1.988117456,-1.767281294,1
1839,1185,0.8415257931,-2.104548693,1
1839,1217,-0.175398767,-1.955345869,1
1839,1249,-0.7669371367,-1.751449108,1
1839,1281,0.1099038124,-1.952742815,1
1839,1313,2.0114398,-2.913305283,1
1839,1345,2.738433123,-2.588038683,1
1839,1377,3.109557152,-2.887345314,1
1839,1409,3.052614689,-2.830875158,1
1839,1441,1.789572716,-1.720902205,1
1839,1473,0.9566862583,-2.098043919,1
1839,1505,1.491788626,-1.409134388,1
1839,1537,2.178183079,-0.8207646608,1
1839,1569,2.783825397,-0.8870228529,1
1839,1601,2.426066399,-0.8423861861,1
1839,1633,1.693336248,-0.8446120024,1
1839,1665,1.902248859,-1.511800647,1
1839,1697,2.38438797,-1.499496698,1
1839,1729,1.058611751,-1.130237818,1
1839,1761,0.8090658188,0.2679983675,1
1839,1793,1.498355269,0.7975432873,1
1839,1825,4.017545223,0.7798870206,1
1839,1857,3.667593956,-0.771933496,1
1839,1889,-9.143842697,-14.48244667,1
1839,1921,2.474562645,-0.9892332554,1
1839,1953,1.037314773,-0.882516861,1
1839,1985,1.530768394,-0.725056529,1
1839,2017,0.926199317,-0.2286330462,1
1871,33,1.451941013,0.01355075836,1
1871,65,-0.8987550139,-6.690720081,1
1871,97,-6.857306004,-3.866910458,1
1871,129,-3.256819963,-4.997136593,1
1871,161,-2.173756361,-5.909795761,1
1871,193,-1.330720544,-5.350981712,1
1871,225,-1.298262239,-4.206968307,1
1871,257,-1.121569872,-4.575029373,1
1871,289,-0.9113327265,-3.961399078,1
1871,321,-0.226502955,-4.696159363,1
1871,353,0.3073420227,-4.528465748,1
1871,385,1.032543421,-4.963005066,1
1871,417,1.608531237,-6.408617973,1
1871,449,1.561833978,-6.857265949,1
1871,481,1.59274447,-5.883868217,1
1871,513,1.940113664,-4.054485798,1
1871,545,1.785534143,-3.974206924,1
1871,577,0.3113660812,-3.337474823,1
1871,609,-0.1165539026,-3.806401253,1
1871,641,0.9157950878,-5.113631725,1
1871,673,1.32166791,-5.016073704,1
1871,705,1.670247793,-5.699193478,1
1871,737,1.68551302,-4.870422363,1
1871,769,1.925401926,-4.625647545,1
1871,801,2.440904856,-3.978145599,1
1871,833,3.226221561,-3.753649712,1
1871,865,4.567848206,-3.720096111,1
1871,897,2.956582069,-4.042528152,1
1871,929,2.14977169,-3.62603426,1
1871,961,2.204286575,-3.751447678,1
1871,993,3.083564043,-3.873595715,1
1871,1025,3.659717798,-4.084926128,1
1871,1057,4.262991428,-3.894068956,1
1871,1089,2.730808735,-3.214578629,1
1871,1121,1.900138378,-2.485915899,1
1871,1153,1.44941783,-2.090672016,1
1871,1185,1.528900266,-2.089234352,1
1871,1217,1.049447417,-2.113545895,1
1871,1249,0.2807450294,-1.837473631,1
1871,1281,0.9416120052,-2.007669449,1
1871,1313,2.121629477,-3.523349047,1
1871,1345,2.339927435,-3.293854713,1
1871,1377,3.649582863,-3.523157358,1
1871,1409,3.946836948,-3.565856934,1
1871,1441,3.040621519,-2.517415762,1
1871,1473,5.226599216,-1.190083981,1
1871,1505,5.373986721,-1.599902034,1
1871,1537,4.630913258,-1.590294361,1
1871,1569,4.695919037,-0.9145427942,1
1871,1601,3.127940178,-0.4744316339,1
1871,1633,1.656219244,-0.4553576112,1
1871,1665,1.641442776,-0.947946012,1
1871,1697,1.533029318,-1.314369559,1
1871,1729,1.28375268,-1.347456455,1
1871,1761,1.071829319,-0.6536102891,1
1871,1793,1.050750732,-0.01080143452,1
1871,1825,2.114263535,0.04603439569,1
1871,1857,3.146790028,-0.4294952154,1
1871,1889,-10.6291523,5.420424461,1
1871,1921,2.588805676,-1.978604794,1
1871,1953,2.34388113,-2.406007051,1
1871,1985,7.03937149,-0.395141989,1
1871,2017,0.5402523875,-0.04693365097,1
1903,33,1.152539849,1.751613617,1
1903,65,-9.909057617,-1.140691996,1
1903,97,-0.8619807363,-6.026903152,1
1903,129,-1.152516484,-4.546411991,1
1903,161,-1.671592355,-5.355686665,1
1903,193,-2.003636599,-4.938171864,1
1903,225,-1.643412113,-4.542262554,1
1903,257,-1.847070694,-4.252766609,1
1903,289,-1.32917285,-3.17737484,1
1903,321,0.2102281153,-3.555933952,1
1903,353,0.5409783125,-2.735989094,1
1903,385,0.06522929668,-2.809934616,1
1903,417,0.6260532141,-5.774244308,1
1903,449,1.176729083,-7.476141453,1
1903,481,1.063634634,-7.140404224,1
1903,513,1.604631901,-4.979327202,1
1903,545,1.613316536,-4.352809906,1
1903,577,0.9217332602,-3.6768713,1
1903,609,1.475229383,-3.054943085,1
1903,641,0.9863499403,-4.245640278,1
1903,673,0.3906209469,-4.925761223,1
1903,705,0.7623854876,-4.813910961,1
1903,737,1.366179466,-4.420773029,1
1903,769,2.064613104,-4.222815037,1
1903,801,2.905359268,-3.63928771,1
1903,833,3.262744665,-2.410883904,1
1903,865,2.923313856,-2.967615843,1
1903,897,2.241188526,-4.027523041,1
1903,929,1.316825151,-5.520169735,1
1903,961,1.877491474,-4.183588982,1
1903,993,2.303888321,-3.828516483,1
1903,1025,2.245550156,-4.051368713,1
1903,1057,2.723362684,-3.291230679,1
1903,1089,2.242170334,-2.73570919,1
1903,1121,2.178056002,-2.760977983,1
1903,1153,2.380688429,-3.060372591,1
1903,1185,2.369283676,-2.88288641,1
1903,1217,2.02907896,-2.818204165,1
1903,1249,1.676167488,-1.094762564,1
1903,1281,2.621913433,-2.436681747,1
1903,1313,4.875056267,-19.56653976,1
1903,1345,4.167188644,-3.759097099,1
1903,1377,4.349811554,-4.068799019,1
1903,1409,5.061261177,-4.299699783,1
1903,1441,4.140446663,-4.199965,1
1903,1473,5.456998825,-2.582066059,1
1903,1505,4.960351467,-1.355475187,1
1903,1537,3.463298321,-1.503851414,1
1903,1569,2.886455536,-1.875399351,1
1903,1601,2.447664261,-1.279498577,1
1903,1633,2.513192654,-0.7512990236,1
1903,1665,2.232699156,-0.7255988121,1
1903,1697,1.860221744,-1.035352707,1
1903,1729,1.444980741,-1.128125191,1
1903,1761,1.079249501,-1.229295015,1
1903,1793,0.5614696741,-0.4661170244,1
1903,1825,0.2088403702,-0.1695001721,1
1903,1857,1.603370428,-0.2570299208,1
1903,1889,3.944166422,-1.03177166,1
1903,1921,2.599678755,-1.87809217,1
1903,1953,2.818794727,-3.367201328,1
1903,1985,5.122737408,-0.9556242228,1
1903,2017,0.622107923,-0.1123278141,1
1935,33,0.697063446,5.160264015,1
1935,65,-0.5023142099,-1.061260343,1
1935,97,-0.7112714052,-4.956296444,1
1935,129,-0.3094898462,-4.536448956,1
1935,161,-0.7732468843,-4.711165428,1
1935,193,-0.8674970269,-4.873131752,1
1935,225,-0.9170646667,-4.678474426,1
1935,257,0.01241928339,-4.264623642,1
1935,289,0.7181087136,-4.065029621,1
1935,321,0.7336627841,-4.282199383,1
1935,353,1.500870824,-4.271016121,1
1935,385,1.218607903,-4.780148983,1
1935,417,-17.76965141,-12.39393044,1
1935,449,0.9312357903,-8.119745255,1
1935,481,0.8247492313,-6.606800079,1
1935,513,1.68901062,-4.549402237,1
1935,545,2.093976974,-4.228178978,1
1935,577,1.55642724,-4.215536594,1
1935,609,1.604379773,-4.112524033,1
1935,641,1.334039211,-4.446519375,1
1935,673,1.162399292,-4.36450386,1
1935,705,1.143909216,-3.586304665,1
1935,737,1.697821617,-2.928226233,1
1935,769,3.074297428,-3.800348282,1
1935,801,3.057487011,-2.696233749,1
1935,833,2.949903011,-2.018934965,1
1935,865,1.428217411,-2.921158075,1
1935,897,-0.8755884171,-3.196004391,1
1935,929,0.5835831165,-5.00352478,1
1935,961,1.065553069,-5.002270222,1
1935,993,0.5937941074,-4.141773701,1
1935,1025,-0.4516652822,-3.778331995,1
1935,1057,-0.3853914738,-2.827645779,1
1935,1089,1.493959427,-2.361896038,1
1935,1121,2.022313595,-2.976800442,1
1935,1153,2.657956362,-3.522090673,1
1935,1185,3.306255102,-3.155855894,1
1935,1217,3.083941936,-1.604015589,1
1935,1249,2.515894413,-0.6013159752,1
1935,1281,4.25061512,-2.72041297,1
1935,1313,0.5897860527,-19.3761425,1
1935,1345,4.991816998,-4.830686092,1
1935,1377,6.827101707,12.2379961,1
1935,1409,4.176025391,-3.898075819,1
1935,1441,4.515228271,-3.727253914,1
1935,1473,4.331590176,-2.870240688,1
1935,1505,3.46064806,-1.448498011,1
1935,1537,2.347757101,-1.59549439,1
1935,1569,2.940602779,-2.204410553,1
1935,1601,2.701249599,-1.996672153,1
1935,1633,3.004176855,-1.688532472,1
1935,1665,2.888681173,-0.8946134448,1
1935,1697,1.915380955,-0.5626522899,1
1935,1729,0.9627199173,-1.160273075,1
1935,1761,1.233397722,-1.373649597,1
1935,1793,1.448144317,-0.4569010735,1
1935,1825,0.939784646,0.2332868576,1
1935,1857,2.60923624,-0.233743608,1
1935,1889,3.340270758,-0.7734627724,1
1935,1921,2.516341686,-1.485007405,1
1935,1953,3.896810532,-2.767454386,1
1935,1985,5.152916908,-2.60383296,1
1935,2017,3.207032919,-0.1286375523,1
1967,33,-0.1054930687,4.524461746,1
1967,65,-0.03667659312,-0.2275713235,1
1967,97,-0.09264147282,-3.841911793,1
1967,129,3.213856697,-23.3633194,1
1967,161,1.711253762,-6.149421692,1
1967,193,1.97668767,-5.373818874,1
1967,225,1.497341514,-4.03289032,1
1967,257,3.686807156,-5.223634243,1
1967,289,3.918699026,-5.795108318,1
1967,321,0.2700946331,-5.350214005,1
1967,353,0.1933064461,-5.398414612,1
1967,385,0.3858509064,-5.33325243,1
1967,417,0.9990119934,-5.594143867,1
1967,449,1.675799847,11.73594475,1
1967,481,1.497017622,-3.801119804,1
1967,513,1.038966656,-3.562664032,1
1967,545,2.088713169,-3.843034744,1
1967,577,1.947988868,-3.779013157,1
1967,609,3.285233974,-4.117417336,1
1967,641,2.840564489,-4.500631332,1
1967,673,1.577718496,-3.238330364,1
1967,705,2.631774426,-3.314314127,1
1967,737,3.902901888,-2.207383633,1
1967,769,6.391420364,-1.573813438,1
1967,801,4.469559669,-2.832100868,1
1967,833,4.458319664,-4.448457241,1
1967,865,4.974456787,-3.990983009,1
1967,897,6.662947655,-2.368717194,1
1967,929,1.422521353,-5.582361221,1
1967,961,0.1827969551,-5.608960152,1
1967,993,-0.9465734959,-3.909732342,1
1967,1025,-1.128718376,-2.517026424,1
1967,1057,-0.7254654169,-2.796228886,1
1967,1089,-0.1669068336,-2.930511236,1
1967,1121,0.8658812046,-2.77226162,1
1967,1153,0.9894856215,-4.281088829,1
1967,1185,1.744869471,-4.157948971,1
1967,1217,2.672372341,-2.082770348,1
1967,1249,2.319664717,-1.836527824,1
1967,1281,3.063985586,-2.872225523,1
1967,1313,4.451916695,-3.447288275,1
1967,1345,5.493889332,-3.93823266,1
1967,1377,5.483037949,-4.297076225,1
1967,1409,4.982973576,-3.876469612,1
1967,1441,3.955635548,-3.570430756,1
1967,1473,2.374546051,-2.769140959,1
1967,1505,1.445529699,-1.719096184,1
1967,1537,-0.4429901838,-0.8116202354,1
1967,1569,2.100250721,-1.918891788,1
1967,1601,3.826948881,-2.095326424,1
1967,1633,6.782417297,-1.623182654,1
1967,1665,6.902034283,-1.447858334,1
1967,1697,2.200295925,0.2675436735,1
1967,1729,1.753590584,-1.318135738,1
1967,1761,2.552128792,-1.588212729,1
1967,1793,2.581089973,-0.3992315531,1
1967,1825,1.680606365,-0.1357055306,1
1967,1857,1.976842642,-0.766961813,1
1967,1889,2.288352251,-0.8880280256,1
1967,1921,2.28704834,-1.169461966,1
1967,1953,3.660525799,-1.998829126,1
1967,1985,4.189007282,-2.424690247,1
1967,2017,1.83252573,-0.8742790222,1
1999,33,-2.55446434,1.09513402,1
1999,65,1.4205724,-1.867022991,1
1999,97,2.329639912,-2.816968441,1
1999,129,3.477523088,-5.724479675,1
1999,161,4.798844814,-6.114658356,1
1999,193,3.985875607,-3.440043211,1
1999,225,4.964413643,-3.315145493,1
1999,257,6.97271347,-4.830841064,1
1999,289,6.468186855,-6.530435085,1
1999,321,3.363429546,-6.826590538,1
1999,353,1.169795513,-5.147132874,1
1999,385,-0.6232023239,-5.234137058,1
1999,417,1.297027588,-5.261340141,1
1999,449,2.208109379,13.56623554,1
1999,481,2.897093058,-0.9948925972,1
1999,513,1.653013945,-1.406987667,1
1999,545,2.590230227,-0.5425124168,1
1999,577,3.277040482,-3.006753445,1
1999,609,-14.2247858,-11.27229881,1
1999,641,1.61931324,-3.574341536,1
1999,673,2.241722822,-4.155404568,1
1999,705,3.461886644,-3.335166931,1
1999,737,4.711370945,-1.567624331,1
1999,769,2.735120296,-0.7949857712,1
1999,801,1.514095783,-1.753309608,1
1999,833,3.146997929,-4.161471844,1
1999,865,4.257874489,-4.362020016,1
1999,897,6.845133781,-4.774635792,1
1999,929,4.984693527,-5.650805473,1
1999,961,1.451520443,-6.433649063,1
1999,993,-1.037538528,-3.716207027,1
1999,1025,-0.134270668,-1.574012756,1
1999,1057,0.4859611988,-2.146946907,1
1999,1089,1.514924526,-2.052928448,1
1999,1121,1.18649888,-2.790514708,1
1999,1153,-0.2095236778,-3.44192338,1
1999,1185,0.007016897202,-1.897989035,1
1999,1217,1.031509638,-1.155930996,1
1999,1249,1.409560561,-3.462824106,1
1999,1281,1.242370844,-3.231284142,1
1999,1313,3.307932854,-3.255125046,1
1999,1345,4.073997498,-1.935020447,1
1999,1377,5.230811119,-2.593019724,1
1999,1409,5.084259033,-3.811237335,1
1999,1441,0.8307111263,-4.082589149,1
1999,1473,0.6367697716,-4.979259491,1
1999,1505,2.630121231,-4.191565514,1
1999,1537,6.955079079,-18.9412117,1
1999,1569,1.99435854,-1.849290848,1
1999,1601,2.759967327,-1.984002829,1
1999,1633,4.840299606,-1.373971224,1
1999,1665,3.01311183,0.5801221728,1
1999,1697,3.058563471,0.459074378,1
1999,1729,3.729849339,-2.775350809,1
1999,1761,3.869962931,-1.573632836,1
1999,1793,4.680775642,-0.9887268543,1
1999,1825,3.259115219,-1.253103614,1
1999,1857,1.30663538,-1.573359251,1
1999,1889,0.6388337612,-0.6770852804,1
1999,1921,0.5568573475,-0.5216867924,1
1999,1953,1.602098584,-0.5083163977,1
1999,1985,0.9905589819,-0.3821194768,1
1999,2017,-1.776148081,-3.069595814,1
