PIVlab, ASCII chart output - 11-Jun-2024
FRAME: 6, filenames: A:[6]MAX_Pos00d_TimeSrs000_TgUtrmcherry_K4K8MO-1.avi & B:[7]MAX_Pos00d_TimeSrs000_TgUtrmcherry_K4K8MO-1.avi, conversion factor xy (px -> m): 1, conversion factor uv (px/frame -> m/s): 1
x [px],y [px],u [px/frame],v [px/frame],Vector type [-]
47,33,7.118077755,1.999195814,1
47,65,1.165626287,0.4818011522,1
47,97,0.7516008615,-0.556686759,1
47,129,0.3422176242,-2.656931877,1
47,161,-0.2224979103,-3.297154665,1
47,193,-0.9487267733,-3.812131405,1
47,225,1.558252215,-5.124119282,1
47,257,2.803345442,-5.689072609,1
47,289,2.120686531,-5.463529587,1
47,321,1.31727922,-5.80398941,1
47,353,1.33171463,-7.236125469,1
47,385,1.113958359,-8.400687218,1
47,417,0.6820907593,-8.490886688,1
47,449,2.926393986,-1.648397446,1
47,481,4.494407654,-11.11700249,1
47,513,5.020457268,-11.29380226,1
47,545,3.555871725,-9.126520157,1
47,577,2.312868834,-7.856884956,1
47,609,1.331946373,-8.339479446,1
47,641,-7.537559509,3.384964943,1
47,673,18.67427444,-0.005615234375,1
47,705,1.057783008,-9.107905388,1
47,737,-0.03131484985,-10.08759308,1
47,769,0.1785488129,-4.366721153,1
47,801,-1.390646458,-4.761745453,1
47,833,0.1578242779,-7.116901398,1
47,865,0.2937004566,-5.833342552,1
47,897,2.873678207,-4.831379414,1
47,929,4.534686089,-4.467993736,1
47,961,3.884216785,-3.551594973,1
47,993,3.361176491,-2.936525822,1
47,1025,3.909144878,-3.102871418,1
47,1057,9.93091774,-4.62512207,1
47,1089,2.971826792,-5.538893223,1
47,1121,2.571536064,-5.732872009,1
47,1153,2.085971355,-3.550616264,1
47,1185,3.285973549,-5.48525238,1
47,1217,4.781415462,-6.312055588,1
47,1249,4.537445068,-5.403720379,1
47,1281,4.910079479,-5.179810047,1
47,1313,4.796601772,-5.173866749,1
47,1345,4.59516716,-5.004637241,1
47,1377,3.959893227,-4.259632111,1
47,1409,2.837456703,-2.851266861,1
47,1441,1.435977936,-1.754422665,1
47,1473,2.046521664,-1.750441313,1
47,1505,1.630154371,-3.976408482,1
47,1537,0.2906765938,-6.742562771,1
47,1569,1.160303354,-7.523893833,1
47,1601,0.1332238913,-7.263882637,1
47,1633,-2.18645978,-7.970952988,1
47,1665,-20.27848053,1.68156147,1
47,1697,-1.36610353,-1.904086113,1
47,1729,0.9815522432,0.9100720882,1
47,1761,0.9508085251,0.3880501986,1
47,1793,0.5984396935,-0.3054122925,1
47,1825,-0.2531534135,-0.6689515114,1
47,1857,-0.8913502693,-0.7948126793,1
47,1889,-0.7047593594,-1.387958288,1
47,1921,-0.2647482157,-1.216498613,1
47,1953,-0.2961826324,-0.6226234436,1
47,1985,0.006631702185,-0.1750566661,1
47,2017,0.01638990641,0.2124679089,1
79,33,8.071108818,0.7183846235,1
79,65,3.824513435,-0.3981014192,1
79,97,2.309322596,-0.885347724,1
79,129,1.661044836,-2.760797024,1
79,161,0.431661427,-3.092397928,1
79,193,-0.3641310036,-3.853607655,1
79,225,-0.1356630325,-5.182865143,1
79,257,0.06009936333,-5.965853214,1
79,289,0.3295675516,-6.281331062,1
79,321,0.2498067021,-6.699685097,1
79,353,0.765008986,-6.99075222,1
79,385,0.9406582117,-7.918533325,1
79,417,0.4688388109,-7.897684097,1
79,449,9.197437286,-8.742854118,1
79,481,6.965900898,-9.90029335,1
79,513,3.129207134,-11.01000595,1
79,545,2.454455853,-9.689911842,1
79,577,1.056622267,-9.154619217,1
79,609,1.094088316,-9.139116287,1
79,641,2.658459425,-7.640974998,1
79,673,3.259387493,-7.735833168,1
79,705,1.226326466,-8.210185051,1
79,737,-0.4567078352,-9.343344688,1
79,769,-10.45340443,-7.531732559,1
79,801,0.9135001302,-7.31447649,1
79,833,1.146286011,-6.857201099,1
79,865,3.299456596,-5.646533489,1
79,897,-13.98102379,-3.032631397,1
79,929,-13.58656597,-1.473016739,1
79,961,2.400853157,-3.024790525,1
79,993,2.637811661,-2.196632862,1
79,1025,4.949383736,-2.882746935,1
79,1057,5.38420248,-3.711870909,1
79,1089,4.774329662,-3.171031952,1
79,1121,3.159868717,-3.752644539,1
79,1153,1.841899633,-4.129805088,1
79,1185,2.190581322,-5.411603451,1
79,1217,2.628939867,-6.007762432,1
79,1249,3.175884008,-6.00364542,1
79,1281,3.921747208,-5.759347916,1
79,1313,4.59380579,-4.92266655,1
79,1345,4.146736622,-4.615278721,1
79,1377,2.259865999,-4.195000648,1
79,1409,18.14850235,-11.38091278,1
79,1441,-0.1051813364,-3.129675627,1
79,1473,-0.03634053469,-2.900026798,1
79,1505,-0.1778972149,-3.995965958,1
79,1537,-0.2521713376,-5.3077631,1
79,1569,-0.868418932,-5.885651588,1
79,1601,-1.968436122,-7.056009769,1
79,1633,-2.662508488,-7.46089983,1
79,1665,-2.459966183,-6.409301281,1
79,1697,-0.6809697747,-4.034046173,1
79,1729,0.5898445249,-0.1745837927,1
79,1761,0.4937579632,0.7705988884,1
79,1793,0.0329541862,0.3811914921,1
79,1825,-0.3863373399,0.2716821432,1
79,1857,-0.2040668726,0.6149682999,1
79,1889,0.3002350032,0.3720798194,1
79,1921,0.3932396173,0.3686922193,1
79,1953,0.09091420472,0.3190543056,1
79,1985,-0.2712551057,-0.4257402718,1
79,2017,-0.3351989985,-0.7789200544,1
111,33,0.5882387161,1.192319274,1
111,65,2.049642563,-0.1598705053,1
111,97,3.702755213,-1.227477074,1
111,129,1.708445787,-2.338293552,1
111,161,-0.1089566946,-2.462866545,1
111,193,0.1640145779,-4.227695942,1
111,225,-0.4879647493,-5.443071365,1
111,257,-0.8126695752,-6.090859413,1
111,289,-0.8688979149,-6.272521973,1
111,321,-0.7186253071,-7.364956856,1
111,353,0.2501870692,-7.516818047,1
111,385,0.6881358624,-8.106529236,1
111,417,-11.39543343,3.170361519,1
111,449,0.2404952049,-8.266581535,1
111,481,1.542539001,-8.56078434,1
111,513,1.985512495,-9.682672501,1
111,545,5.090137482,-18.15940857,1
111,577,1.354608417,-10.45520496,1
111,609,1.792360544,-8.911912918,1
111,641,2.909657955,-7.686144829,1
111,673,2.240930557,-8.25340271,1
111,705,0.4784630835,-9.136198997,1
111,737,-0.5157690048,-9.512188911,1
111,769,0.2350013256,-8.599046707,1
111,801,12.73659325,-23.9120369,1
111,833,3.568034172,-6.071028233,1
111,865,3.424079895,-5.731133938,1
111,897,3.060212851,-1.188705921,1
111,929,2.072149038,-0.3227772713,1
111,961,2.464834452,-1.513017416,1
111,993,3.405318737,-0.8801269531,1
111,1025,4.812906265,-2.325601578,1
111,1057,6.918291569,-3.44406414,1
111,1089,6.032227039,-4.051335335,1
111,1121,4.09944582,-4.191821098,1
111,1153,1.491363764,-4.776788712,1
111,1185,2.061062813,-5.386620998,1
111,1217,1.304108143,-5.596112728,1
111,1249,0.9429671764,-6.810299873,1
111,1281,3.344115019,-5.715192795,1
111,1313,4.049395084,-4.854340553,1
111,1345,3.814503431,-4.326203346,1
111,1377,2.508397341,-4.207476616,1
111,1409,-0.4504065514,-20.68190384,1
111,1441,4.500910282,14.97794628,1
111,1473,0.5568022132,-4.128486156,1
111,1505,-0.303170681,-4.165062428,1
111,1537,-0.8801970482,-4.234470844,1
111,1569,-1.698891997,-4.25565052,1
111,1601,-1.967073202,-4.777542114,1
111,1633,-1.519552827,-6.169030666,1
111,1665,-1.317483306,-3.810849667,1
111,1697,0.6992316246,-3.070289373,1
111,1729,1.963379264,-3.31779623,1
111,1761,0.87172997,-4.695818424,1
111,1793,0.3080923855,-1.35001719,1
111,1825,-0.1988916695,0.09621536732,1
111,1857,-0.144984141,0.6368216276,1
111,1889,0.4175080955,0.5994122028,1
111,1921,0.3855114281,0.6052829027,1
111,1953,0.1613889337,0.5720889568,1
111,1985,-0.1160040647,-0.3067116141,1
111,2017,-0.474716723,-1.465647936,1
143,33,0.8265634179,2.674516201,1
143,65,1.032799244,0.05604556203,1
143,97,0.7054293752,-0.1792862415,1
143,129,-0.2157683969,-3.383063793,1
143,161,-1.095936775,-2.356384277,1
143,193,-0.8137834072,-3.381134987,1
143,225,-0.6683098078,-4.687210083,1
143,257,-0.4647997618,-5.762378693,1
143,289,-0.5931069851,-6.110752106,1
143,321,-0.3251297176,-7.468247414,1
143,353,-0.08579343557,-8.521503448,1
143,385,0.3040939867,-8.468236923,1
143,417,-0.5852689743,-8.11548996,1
143,449,-0.5215135813,-8.380805016,1
143,481,0.7197782993,-9.034978867,1
143,513,1.285204768,-9.033621788,1
143,545,1.899058104,-8.829946518,1
143,577,1.681673527,-8.586834908,1
143,609,1.859674454,-8.544514656,1
143,641,1.874435067,-8.064504623,1
143,673,0.8627333641,-7.947806358,1
143,705,-0.4435222149,-10.53473854,1
143,737,0.8048620224,-9.829615593,1
143,769,-6.47875309,-0.2554702759,1
143,801,-15.28250885,-0.6741704941,1
143,833,22.8476429,-8.293582916,1
143,865,4.378100395,-5.593504906,1
143,897,4.029658794,-3.64927578,1
143,929,3.600718021,-2.821449041,1
143,961,3.324561834,-1.77191186,1
143,993,3.833995819,-1.221994638,1
143,1025,4.967122555,-1.910046101,1
143,1057,6.1377244,-3.532942533,1
143,1089,6.150270462,-4.805923939,1
143,1121,5.058844566,-4.706048965,1
143,1153,4.549600124,-5.064066887,1
143,1185,2.969121218,-5.55162096,1
143,1217,2.557870388,-5.118020535,1
143,1249,2.76289773,-6.998667717,1
143,1281,3.098699808,-5.490592003,1
143,1313,4.64845562,-4.756793499,1
143,1345,4.495854855,-5.228420734,1
143,1377,2.910485983,-5.2541852,1
143,1409,0.6467218399,-5.23993063,1
143,1441,0.2719626427,-5.055382252,1
143,1473,0.848731041,-4.808608055,1
143,1505,-13.72634983,-15.53950119,1
143,1537,-1.664459109,-3.919364452,1
143,1569,-1.510524273,-3.906979561,1
143,1601,-1.653563499,-4.442591667,1
143,1633,-0.8739743233,-4.036747932,1
143,1665,0.905454278,-1.985621452,1
143,1697,1.172443151,-1.929529905,1
143,1729,1.281504035,-4.252861023,1
143,1761,0.9677256346,-3.59350872,1
143,1793,1.373923182,-1.109110117,1
143,1825,0.2870271206,0.1582000256,1
143,1857,0.174725771,0.5012655854,1
143,1889,0.02974553406,0.9896233082,1
143,1921,0.2886358798,0.6800183654,1
143,1953,0.1442214698,0.3296256661,1
143,1985,0.0591750741,-0.2789202332,1
143,2017,-0.009117871523,-1.985952139,1
175,33,1.335327506,4.185509205,1
175,65,0.8119142056,-1.334357262,1
175,97,0.2463320494,-4.436162949,1
175,129,-0.7471832633,-7.872600079,1
175,161,-0.3472160995,-4.280214787,1
175,193,-0.8246474266,-2.403000355,1
175,225,-0.9635078907,-4.086444855,1
175,257,-1.322523832,-5.010840416,1
175,289,-1.221619606,-5.970571518,1
175,321,0.3133013248,-8.13601017,1
175,353,-1.064182997,-16.95890808,1
175,385,-0.2020356059,-8.162061691,1
175,417,0.6478281617,-7.994926453,1
175,449,1.392696619,-8.128481865,1
175,481,2.677344799,-8.746029854,1
175,513,1.648416996,-8.874948502,1
175,545,1.059434652,-8.231742859,1
175,577,0.9124901295,-7.62887001,1
175,609,0.9638422132,-8.700764656,1
175,641,0.6790428162,-8.161348343,1
175,673,0.1996652484,-7.693556786,1
175,705,1.025813937,-7.718336582,1
175,737,3.278916359,-8.264280319,1
175,769,3.482447863,-9.29197216,1
175,801,4.440294266,-9.04996109,1
175,833,4.501142979,-6.815830231,1
175,865,5.454334259,-5.19605875,1
175,897,5.048798561,-3.297538757,1
175,929,5.259357929,-3.003732204,1
175,961,5.052634239,-2.454540014,1
175,993,5.019234657,-1.664455652,1
175,1025,5.538576126,-1.976843119,1
175,1057,4.046205044,-4.658233643,1
175,1089,5.043775082,-5.312770844,1
175,1121,5.489525318,-5.367792606,1
175,1153,5.848720074,-5.27249527,1
175,1185,4.139708519,-4.628657341,1
175,1217,3.101102352,-5.262343407,1
175,1249,3.317931414,-6.333353996,1
175,1281,4.579361439,-5.309488773,1
175,1313,5.51077652,-5.491874695,1
175,1345,5.986203671,-5.741774082,1
175,1377,3.603099585,-5.981440544,1
175,1409,2.278777122,-5.601141453,1
175,1441,1.705093384,-4.422387123,1
175,1473,1.162390232,-3.506136417,1
175,1505,0.6100361347,-4.067097187,1
175,1537,0.1627988815,-4.535195827,1
175,1569,-0.1367999315,-5.113210678,1
175,1601,-0.2392471433,-5.127396584,1
175,1633,0.05318513513,-3.636176825,1
175,1665,0.7223639488,-1.609784842,1
175,1697,0.7815197706,-1.29155612,1
175,1729,0.1182997227,-2.246752262,1
175,1761,1.50323391,-2.63817215,1
175,1793,3.590301514,-1.030260086,1
175,1825,0.9685741067,-1.155532837,1
175,1857,0.329261899,-1.091947079,1
175,1889,0.235312134,1.116249919,1
175,1921,-0.07675011456,0.1529193521,1
175,1953,-0.2370213866,0.04893943667,1
175,1985,-0.03667780757,-0.3001646399,1
175,2017,0.0670851171,-1.654637218,1
207,33,0.7673135996,5.059491158,1
207,65,1.102645397,-1.424820304,1
207,97,0.905790925,-4.443615437,1
207,129,0.0584384501,-6.436098576,1
207,161,-0.2100823224,-5.059597492,1
207,193,-0.09489196539,-4.633684635,1
207,225,-0.5804014206,-4.362277508,1
207,257,-2.072954178,-4.713760853,1
207,289,-2.367444754,-5.827087402,1
207,321,-0.6600473523,-7.561834335,1
207,353,-0.07470929623,-7.275387287,1
207,385,-0.1545802951,-8.347533226,1
207,417,0.1346927881,-8.035737991,1
207,449,1.125258446,-8.338698387,1
207,481,0.1068549752,-9.124629021,1
207,513,-0.6317695975,-8.035587311,1
207,545,0.4813228846,-8.113027573,1
207,577,0.3964485526,-8.332078934,1
207,609,16.36641121,-4.902565002,1
207,641,1.497356534,-8.978899956,1
207,673,-0.9507655501,-7.843495369,1
207,705,-1.25545764,-6.172390938,1
207,737,3.373365402,-6.686889648,1
207,769,4.74131918,-8.851821899,1
207,801,5.013820648,-9.816691399,1
207,833,5.117369175,-7.515644073,1
207,865,5.915133953,-5.371846676,1
207,897,5.461791515,-3.810141087,1
207,929,5.401954174,-3.099028826,1
207,961,5.855025291,-2.434942245,1
207,993,5.41207695,-1.498194456,1
207,1025,4.1660676,-1.656279564,1
207,1057,2.860381603,-5.073518753,1
207,1089,4.777983665,-5.988005638,1
207,1121,4.533293724,-6.272403717,1
207,1153,4.347567081,-3.79536581,1
207,1185,-15.35741806,-7.325660229,1
207,1217,3.024388075,-3.199498653,1
207,1249,3.663291454,-4.470096111,1
207,1281,5.379639626,-4.940188408,1
207,1313,7.073364735,-5.554615021,1
207,1345,7.079265118,-5.579311848,1
207,1377,4.475025177,-6.054703712,1
207,1409,3.723406315,-4.890790939,1
207,1441,3.180496693,-1.506639481,1
207,1473,2.564139843,-1.490809679,1
207,1505,2.023906231,-3.923961163,1
207,1537,1.347872257,-5.134759426,1
207,1569,0.9293802977,-5.277731895,1
207,1601,1.469111443,-4.562685966,1
207,1633,1.429403305,-3.711668253,1
207,1665,0.841262579,-2.884325981,1
207,1697,0.9748725891,-2.213429928,1
207,1729,1.378963232,-1.783715725,1
207,1761,2.602026224,-2.656378508,1
207,1793,2.663621187,-3.017567635,1
207,1825,1.97866416,-2.925220013,1
207,1857,1.29298532,-2.522375345,1
207,1889,-0.2005954683,-0.7218482494,1
207,1921,-0.5091921091,-0.5170862675,1
207,1953,-0.1600370407,-0.08998894691,1
207,1985,-0.1763267219,-0.1980135441,1
207,2017,-0.02207273245,-0.9632792473,1
239,33,20.57698441,4.726697922,1
239,65,-11.3073988,15.12636948,1
239,97,0.989338994,-2.300757647,1
239,129,0.5911442041,-4.141985893,1
239,161,-0.1453329325,-6.289812565,1
239,193,-1.428696156,-4.297260284,1
239,225,-0.3915046751,-4.431271076,1
239,257,-0.4534165263,-6.095812321,1
239,289,-0.8328595161,-6.468869209,1
239,321,0.0888081789,-6.238153458,1
239,353,0.8341016769,-5.975972652,1
239,385,-15.32095242,1.932972908,1
239,417,0.9507735968,-8.987232208,1
239,449,1.687998056,-9.196833611,1
239,481,1.084445596,-9.002895355,1
239,513,-0.5194966197,-8.311152458,1
239,545,0.1588503122,-8.470497131,1
239,577,0.4357851744,-10.14552879,1
239,609,18.62471771,-14.04590607,1
239,641,1.782289743,-8.568487167,1
239,673,1.229314923,-8.80859375,1
239,705,1.317163229,-7.278563499,1
239,737,3.286724329,-7.393911362,1
239,769,17.81016159,-22.71893311,1
239,801,-4.712444305,-24.81528091,1
239,833,4.723731041,-7.81888628,1
239,865,4.510059834,-5.972520828,1
239,897,7.510723591,-4.517706871,1
239,929,7.19443512,-3.550161839,1
239,961,6.721983433,-2.485234261,1
239,993,6.67394352,-1.52777791,1
239,1025,5.600318432,-1.585842609,1
239,1057,3.142965317,-1.987705469,1
239,1089,2.192753315,-3.690597057,1
239,1121,1.190088272,-5.887388229,1
239,1153,0.08549451828,-3.633356094,1
239,1185,4.541726589,-1.586855173,1
239,1217,4.167613029,-1.31511116,1
239,1249,4.507910728,-2.545196533,1
239,1281,5.34796381,-3.562312603,1
239,1313,5.691555977,-5.060496807,1
239,1345,6.18971014,-5.445605278,1
239,1377,4.974468708,-5.925061703,1
239,1409,3.923342943,-4.364832878,1
239,1441,3.561538219,-1.854669094,1
239,1473,3.269519329,-3.28926754,1
239,1505,2.922167063,-4.191244602,1
239,1537,2.49973774,-5.465841293,1
239,1569,2.001572609,-5.419028282,1
239,1601,1.543526888,-4.497429848,1
239,1633,0.7352471352,-3.864801407,1
239,1665,0.4551891088,-3.198904991,1
239,1697,1.498057961,-2.599170923,1
239,1729,2.314853668,-2.852283001,1
239,1761,1.751382709,-7.456773758,1
239,1793,1.676267624,-5.391465664,1
239,1825,1.587428927,-3.84514308,1
239,1857,1.088101625,-2.126251698,1
239,1889,-0.6946303844,-4.304549217,1
239,1921,-1.262079716,-4.966145992,1
239,1953,-0.003081709146,-0.4872642159,1
239,1985,-0.2891603708,-0.2850917578,1
239,2017,0.420437336,-0.2674016953,1
271,33,1.564016223,3.276745319,1
271,65,-0.2931684852,-0.173928529,1
271,97,0.538289547,-0.9873919487,1
271,129,1.043298244,-0.269613266,1
271,161,1.107365847,-5.728392601,1
271,193,-2.695088148,-2.132768154,1
271,225,0.1650503874,-4.658915043,1
271,257,0.5074749589,-6.481783867,1
271,289,0.5022009015,-6.659249783,1
271,321,0.9678329229,-5.869567394,1
271,353,1.137341976,-8.694028854,1
271,385,1.544158697,-10.34539413,1
271,417,1.759429216,-9.842830658,1
271,449,2.418048859,-10.02500534,1
271,481,2.29992342,-8.248810768,1
271,513,0.4933246374,-7.368119717,1
271,545,0.0297281146,-7.697249889,1
271,577,0.6902116537,-7.561423779,1
271,609,1.327186465,-7.250157356,1
271,641,1.456148148,-7.815327168,1
271,673,0.8228276968,-7.818458557,1
271,705,0.8485078812,-7.295928478,1
271,737,3.519492626,-8.57477951,1
271,769,13.66625595,9.314050674,1
271,801,4.313737869,-7.354635715,1
271,833,5.077395916,-6.410152435,1
271,865,6.311314583,-6.010642052,1
271,897,7.4903512,-4.762874126,1
271,929,7.685665131,-3.426841021,1
271,961,7.592371941,-2.668853998,1
271,993,7.738306999,-2.343470573,1
271,1025,7.155421734,-1.731697559,1
271,1057,4.820360661,-1.404085398,1
271,1089,1.58212018,-1.768271446,1
271,1121,1.435462713,-5.670841694,1
271,1153,2.03255558,-5.343529224,1
271,1185,4.801030159,-3.145243645,1
271,1217,4.909045219,-1.875689507,1
271,1249,5.05162859,-2.291293383,1
271,1281,5.865903854,-3.624822378,1
271,1313,5.400054455,-4.976766586,1
271,1345,3.432229519,-5.05254221,1
271,1377,3.612064362,-4.823142052,1
271,1409,3.722592354,-4.474831104,1
271,1441,3.072985649,-3.48165822,1
271,1473,3.703541517,-3.644721985,1
271,1505,3.830962181,-4.521073818,1
271,1537,3.396058798,-5.754838943,1
271,1569,2.162303686,-6.117566586,1
271,1601,1.354470968,-5.067059517,1
271,1633,0.6114658117,-3.574919939,1
271,1665,1.17972064,-3.05077219,1
271,1697,2.770369291,-3.061321735,1
271,1729,2.136096239,-3.803523064,1
271,1761,1.024240017,-6.04975605,1
271,1793,1.752592087,-5.294870377,1
271,1825,1.806535482,-3.304515362,1
271,1857,1.21117115,-0.9958021641,1
271,1889,-0.1319136024,-2.373185873,1
271,1921,-0.08488368988,-3.130230188,1
271,1953,5.082585812,-0.7543249726,1
271,1985,0.06675414741,-0.4077795744,1
271,2017,0.4018480778,0.1276337504,1
303,33,3.223674297,2.337257624,1
303,65,1.235776782,0.1173614785,1
303,97,1.147079468,-0.6998389959,1
303,129,2.584950924,-2.569565058,1
303,161,1.411447883,-4.235555649,1
303,193,0.1382006407,-4.047227383,1
303,225,0.7271884084,-4.776610374,1
303,257,1.129360676,-5.855993271,1
303,289,1.78073132,-6.053233624,1
303,321,2.479223251,-6.831587315,1
303,353,0.8825826049,-8.855718613,1
303,385,1.480571866,-8.456537247,1
303,417,2.025738716,-8.734447479,1
303,449,1.025304437,-7.99346447,1
303,481,1.221091866,-6.617187023,1
303,513,1.713232279,-5.994018555,1
303,545,0.3248506784,-5.922902107,1
303,577,0.3873589039,-6.659632683,1
303,609,1.188726783,-7.024035454,1
303,641,0.9530643225,-6.027518749,1
303,673,2.741813183,-5.839055538,1
303,705,2.526103497,-6.561587811,1
303,737,3.307193518,-6.530636311,1
303,769,3.364145517,-7.098680019,1
303,801,3.479264736,-5.998979568,1
303,833,5.860031605,-5.721531868,1
303,865,8.772399902,-24.72174835,1
303,897,7.130410671,-4.975155354,1
303,929,7.286577702,-3.588561535,1
303,961,7.72081995,-2.826296568,1
303,993,8.421417236,-2.399313688,1
303,1025,7.23784256,-1.700059891,1
303,1057,5.357561111,-2.395692587,1
303,1089,3.194955587,-3.072492599,1
303,1121,-13.00979424,-14.14675999,1
303,1153,1.619615555,-5.401848793,1
303,1185,4.013041019,-3.482675314,1
303,1217,6.033882618,-3.114857912,1
303,1249,6.172916412,-3.39432478,1
303,1281,6.000457287,-3.898616552,1
303,1313,4.664000988,-4.758439064,1
303,1345,2.567474365,-4.893324375,1
303,1377,3.188380718,-4.163831234,1
303,1409,3.031739712,-4.023054123,1
303,1441,4.477992535,-3.759460926,1
303,1473,4.695886135,-3.960482359,1
303,1505,4.385993958,-4.908248425,1
303,1537,3.122314453,-4.644493103,1
303,1569,2.242492199,-4.897228718,1
303,1601,1.799996376,-4.172745705,1
303,1633,1.234091759,-3.29691267,1
303,1665,1.154872656,-2.628453732,1
303,1697,0.6493892074,-2.569284439,1
303,1729,-0.2831959724,-3.211280346,1
303,1761,-0.338068068,-3.240189552,1
303,1793,0.7654548883,-2.216277599,1
303,1825,1.797720075,-1.30144453,1
303,1857,2.222404003,-0.09547024965,1
303,1889,1.362781763,-0.6273467541,1
303,1921,3.431293488,-1.778044105,1
303,1953,5.409038067,-1.764399767,1
303,1985,0.4472396672,-4.410242081,1
303,2017,0.4694446921,0.09855546057,1
335,33,2.324217558,2.110842466,1
335,65,0.6191750765,-0.1756735593,1
335,97,1.150225043,-1.220438719,1
335,129,2.977238655,-2.70538497,1
335,161,1.19562149,-3.988817215,1
335,193,0.3942784071,-4.347317219,1
335,225,0.5384707451,-5.209929466,1
335,257,0.5733769536,-5.715122223,1
335,289,0.7480368614,-5.716891289,1
335,321,1.13124764,-6.306197166,1
335,353,0.553876698,-7.402662277,1
335,385,0.6356135607,-7.364312172,1
335,417,0.879612565,-8.055483818,1
335,449,-0.2186177969,-7.703866482,1
335,481,-0.02094811201,-5.629790306,1
335,513,0.6104212999,-5.227155685,1
335,545,-0.0391138792,-4.687310696,1
335,577,0.1083410978,-6.539978981,1
335,609,0.8080023527,-7.947640419,1
335,641,0.4872194529,-6.397135735,1
335,673,0.5078078508,-5.608853817,1
335,705,0.965847373,-6.004266739,1
335,737,2.727499247,-6.18845892,1
335,769,3.077453375,-6.53533411,1
335,801,2.76472187,-6.379167557,1
335,833,4.507451534,-5.77606678,1
335,865,5.98433733,-5.593734741,1
335,897,7.295418262,-4.698806763,1
335,929,7.900802612,-3.697500944,1
335,961,8.599142075,-2.93165946,1
335,993,9.785336494,-2.584832907,1
335,1025,7.786958218,-2.899982452,1
335,1057,5.822372913,-2.76808548,1
335,1089,3.750077724,-3.887790203,1
335,1121,3.37933588,-5.085783005,1
335,1153,2.80923605,-5.665604115,1
335,1185,-11.09356499,-4.191620827,1
335,1217,6.22282505,-3.862010956,1
335,1249,7.021795273,-3.837626457,1
335,1281,6.744446754,-4.354531765,1
335,1313,4.40262413,-5.982478142,1
335,1345,2.839049339,-6.806334019,1
335,1377,3.382983685,-4.754022598,1
335,1409,5.126822472,-2.308005095,1
335,1441,6.178066254,-3.678258419,1
335,1473,5.688112259,-4.622134209,1
335,1505,4.19876194,-4.41894722,1
335,1537,1.750634193,-3.698965073,1
335,1569,1.851382732,-3.772446156,1
335,1601,1.347826004,-3.596890926,1
335,1633,0.8019236326,-2.996711254,1
335,1665,0.8619053364,-2.160036802,1
335,1697,-0.02228289843,-1.295326114,1
335,1729,-0.1787668467,-1.904222727,1
335,1761,0.05150604248,-2.73550868,1
335,1793,0.1553536654,-1.292767167,1
335,1825,0.9370720387,-0.3640276194,1
335,1857,1.821835041,0.8105762005,1
335,1889,3.803808928,0.4698024988,1
335,1921,4.004321575,-1.221722364,1
335,1953,4.635778904,-2.066815853,1
335,1985,0.8296054006,-0.6870663166,1
335,2017,0.2073595524,-0.1728623211,1
367,33,0.7298433185,1.644878507,1
367,65,0.417240262,-0.06413273513,1
367,97,7.712277412,13.87198162,1
367,129,2.279713631,-2.38989687,1
367,161,0.8576930761,-3.489761353,1
367,193,-0.05609354377,-3.997635365,1
367,225,0.09039655328,-4.65843153,1
367,257,0.3350750804,-5.183734894,1
367,289,-0.1371790171,-4.511851788,1
367,321,0.1127384305,-4.87401104,1
367,353,0.6581041217,-5.713149548,1
367,385,1.114211202,-6.972566128,1
367,417,1.030356646,-7.502835751,1
367,449,0.6926839352,-7.81596756,1
367,481,0.0282189846,-5.910450935,1
367,513,-0.8227624893,-6.380826473,1
367,545,-0.246974349,-5.04417181,1
367,577,0.7618561983,-5.99395895,1
367,609,1.42196095,-7.233775616,1
367,641,1.662383795,-7.104084015,1
367,673,0.8028507233,-5.95372963,1
367,705,0.8872506618,-6.12083292,1
367,737,2.295572996,-6.899867058,1
367,769,2.772190332,-6.322742462,1
367,801,3.289458275,-6.360973358,1
367,833,4.406377792,-6.483278751,1
367,865,5.047515392,-5.672334671,1
367,897,6.662554264,-4.869621754,1
367,929,8.884533882,-3.002182961,1
367,961,9.775272369,-2.618030548,1
367,993,10.69512177,-3.212923765,1
367,1025,8.602064133,-3.671296358,1
367,1057,6.75021553,-3.70689106,1
367,1089,6.149398327,-4.630083084,1
367,1121,4.336356163,-5.071825504,1
367,1153,4.092030048,-4.457190514,1
367,1185,5.488262653,-3.876348972,1
367,1217,5.023692131,-4.144701958,1
367,1249,8.535179138,-4.318947792,1
367,1281,8.577568054,-5.604418278,1
367,1313,6.600938797,-7.607175827,1
367,1345,4.996944904,-7.647675037,1
367,1377,5.533192635,-4.547828197,1
367,1409,5.894526958,-2.692854404,1
367,1441,6.705189705,-3.767723799,1
367,1473,5.40247345,-4.355614662,1
367,1505,3.924945831,-3.912070513,1
367,1537,1.853820086,-3.702342987,1
367,1569,1.379355788,-3.59013176,1
367,1601,0.8120130301,-3.703031063,1
367,1633,0.3993306756,-2.453255415,1
367,1665,1.136144996,-1.345672607,1
367,1697,0.2090877295,-0.8267934322,1
367,1729,-0.4762589931,-0.6293478012,1
367,1761,7.35649538,-10.86380482,1
367,1793,0.07621093094,-0.8718481064,1
367,1825,0.2913349867,0.04993677139,1
367,1857,0.02453058958,0.5469787121,1
367,1889,-1.372726917,0.2950379848,1
367,1921,-1.075656533,0.4730497003,1
367,1953,-1.216608047,0.3768553138,1
367,1985,-1.248658895,0.6200797558,1
367,2017,-0.07315212488,-0.4135905802,1
399,33,-0.04028087854,1.031834722,1
399,65,1.297427177,0.2650927603,1
399,97,1.644398808,-0.6143957973,1
399,129,1.4228549,-2.465276718,1
399,161,0.04977491498,-2.398019314,1
399,193,-0.511860013,-2.866216421,1
399,225,-0.06145310402,-3.854926586,1
399,257,0.3977207541,-4.595926285,1
399,289,1.11395967,-3.434745789,1
399,321,1.417291641,-4.34452343,1
399,353,1.440056801,-5.429831505,1
399,385,1.884139538,-5.746192932,1
399,417,2.145959377,-5.883252144,1
399,449,1.928018451,-6.094575882,1
399,481,2.463665247,-6.537872791,1
399,513,2.172328949,-6.426813602,1
399,545,1.818054318,-6.339476585,1
399,577,2.126139164,-6.241139412,1
399,609,2.783690929,-6.579753399,1
399,641,3.129877567,-6.395752907,1
399,673,2.823367357,-6.310602665,1
399,705,2.709438801,-6.417270184,1
399,737,1.981589317,-7.15931797,1
399,769,2.838601351,-6.418030739,1
399,801,3.827199459,-6.561468124,1
399,833,3.801697254,-6.882446766,1
399,865,3.894691467,-5.824945927,1
399,897,5.920517445,-4.941632748,1
399,929,8.601330757,-2.666143179,1
399,961,10.13694477,-1.608697891,1
399,993,10.69331551,-2.743242264,1
399,1025,8.029443741,-3.425281525,1
399,1057,6.721913815,-4.017914772,1
399,1089,6.501413822,-4.640219212,1
399,1121,5.070926666,-6.39061594,1
399,1153,5.994613647,-6.44395256,1
399,1185,6.806935787,-3.996568203,1
399,1217,7.339168549,-6.16998291,1
399,1249,9.829130173,-6.269066811,1
399,1281,11.02661896,-6.269381523,1
399,1313,9.021299362,-9.426713943,1
399,1345,9.8811903,-7.245601654,1
399,1377,9.126078606,-4.1885252,1
399,1409,7.27774477,-3.442491531,1
399,1441,6.093911171,-3.596645832,1
399,1473,5.441156387,-3.077550888,1
399,1505,3.772563457,-2.460674286,1
399,1537,1.172759056,-2.313399315,1
399,1569,0.5803261995,-2.240310431,1
399,1601,0.5207377672,-2.30894208,1
399,1633,0.3105652332,-1.283947706,1
399,1665,0.01090830564,0.3859244585,1
399,1697,-0.9208526611,-0.1469986439,1
399,1729,-1.472533703,-0.8456255794,1
399,1761,-1.47996819,-0.1703178883,1
399,1793,-0.1030327082,0.1631419063,1
399,1825,0.4597764015,-0.04114660621,1
399,1857,-1.095094442,-0.4229570925,1
399,1889,-1.895990849,-1.001475811,1
399,1921,-1.301296234,-0.4203285277,1
399,1953,-0.8675770164,0.4504493475,1
399,1985,-0.5677281022,0.691403389,1
399,2017,0.08903977275,-0.4212081432,1
431,33,0.1972119212,0.8911280632,1
431,65,1.186533809,0.05080400407,1
431,97,1.090472698,-0.206954658,1
431,129,0.341235429,-2.053262472,1
431,161,-0.1071467996,-1.971001625,1
431,193,0.2139594555,-1.058387995,1
431,225,0.7135337591,-2.799168587,1
431,257,0.8094979525,-3.766159058,1
431,289,2.166920185,-3.39675045,1
431,321,2.500260353,-5.440973282,1
431,353,1.892528415,-6.208028316,1
431,385,1.795209885,-4.980606556,1
431,417,2.391907215,-4.77614069,1
431,449,2.386605263,-5.3935709,1
431,481,2.340381145,-5.611207962,1
431,513,2.999151945,-6.073454857,1
431,545,3.087749243,-6.99976635,1
431,577,2.975286722,-7.433383942,1
431,609,3.518157721,-6.272699833,1
431,641,4.377683163,-5.821923256,1
431,673,3.372956038,-6.828234196,1
431,705,3.320693493,-7.054410458,1
431,737,3.022469521,-7.153060436,1
431,769,3.087306023,-7.298037052,1
431,801,4.576976776,-7.80248785,1
431,833,4.963462353,-8.436395645,1
431,865,5.198642254,-6.860420227,1
431,897,6.136615753,-5.231606483,1
431,929,8.031051636,-2.265460968,1
431,961,9.255153656,-0.6755282879,1
431,993,9.438540459,-2.688621998,1
431,1025,8.017278671,-1.949898481,1
431,1057,6.849217415,-4.089288235,1
431,1089,6.391611099,-4.437050819,1
431,1121,6.722880363,-7.681297302,1
431,1153,7.159401417,-7.252604485,1
431,1185,10.50456047,-4.171353817,1
431,1217,9.81924057,-6.111823082,1
431,1249,7.581321716,-8.809583664,1
431,1281,8.725862503,-9.780052185,1
431,1313,12.4704895,-10.22207546,1
431,1345,8.89895153,-3.73100543,1
431,1377,7.790955544,-2.945037365,1
431,1409,6.126338005,-2.600944757,1
431,1441,5.511014462,-2.831747532,1
431,1473,5.139925957,-1.350208998,1
431,1505,3.466118574,-0.07774782181,1
431,1537,1.860185862,0.05523300171,1
431,1569,0.4804725647,-0.1932902336,1
431,1601,-0.3244611323,-0.7316705585,1
431,1633,-0.4164037704,0.07293200493,1
431,1665,-1.658067346,1.847000241,1
431,1697,-2.659388781,0.8195528388,1
431,1729,-3.014348984,-0.4607877731,1
431,1761,-2.285522461,0.3482773304,1
431,1793,-0.3376422226,0.7815259695,1
431,1825,0.2936581671,0.05674488097,1
431,1857,-0.6972269416,-0.5051208735,1
431,1889,-0.7377221584,-1.384872079,1
431,1921,0.2179034948,-0.09998456389,1
431,1953,0.3848104477,0.5577213764,1
431,1985,0.1399558336,0.1380696595,1
431,2017,0.2587419152,-0.3488840163,1
463,33,0.6272059679,1.346941948,1
463,65,0.7618743777,0.1341075003,1
463,97,0.7742627859,-0.9540733099,1
463,129,0.2117226124,-2.302686691,1
463,161,0.4671521187,-1.675750971,1
463,193,0.8221633434,-1.396230221,1
463,225,-0.1072444916,-2.485532284,1
463,257,-0.1476715207,-4.079631329,1
463,289,0.8532727957,-5.648434639,1
463,321,2.396362543,-6.78950119,1
463,353,2.841666698,-7.364980221,1
463,385,2.179712772,-6.022319794,1
463,417,2.363801718,-5.363731384,1
463,449,2.660693169,13.69781303,1
463,481,1.721448421,-5.236413002,1
463,513,2.766864538,-6.576195717,1
463,545,3.791391373,-6.449130058,1
463,577,3.673757315,-7.255579948,1
463,609,2.998345613,-7.484665871,1
463,641,3.130485058,-6.830644131,1
463,673,3.335073948,-7.850786209,1
463,705,3.864081621,-8.403327942,1
463,737,3.78959322,-7.357404232,1
463,769,3.365174055,-7.424259186,1
463,801,4.503212452,-7.91727829,1
463,833,5.446756363,-8.410926819,1
463,865,5.892355442,-7.074826241,1
463,897,7.133234024,-5.828475952,1
463,929,8.573940277,-4.361528397,1
463,961,8.503898621,-2.075215101,1
463,993,11.42391109,-3.314281464,1
463,1025,10.8511982,-1.526506424,1
463,1057,10.23682404,-3.510169029,1
463,1089,7.855556965,-5.238706589,1
463,1121,7.077689171,-6.563867569,1
463,1153,7.419066906,-5.895062923,1
463,1185,6.973421574,-7.169518471,1
463,1217,7.367823124,-6.994599342,1
463,1249,12.36704063,-8.938416481,1
463,1281,16.21484184,-5.4515028,1
463,1313,13.23315334,-7.379879475,1
463,1345,7.708459854,-3.165603876,1
463,1377,6.526435852,-2.17161417,1
463,1409,5.452131271,1.733326197,1
463,1441,8.573000908,0.4936262369,1
463,1473,6.607776642,0.4761037827,1
463,1505,3.501080513,1.664941311,1
463,1537,2.209619284,1.127308011,1
463,1569,1.248729944,1.155526519,1
463,1601,0.4733006954,0.5510300398,1
463,1633,-0.4844372869,-0.2005195618,1
463,1665,-1.82001555,1.562336683,1
463,1697,-3.418661356,1.797605515,1
463,1729,-2.819123745,1.071977139,1
463,1761,-0.8903027773,1.458801389,1
463,1793,-0.3170287609,1.106597185,1
463,1825,-0.6961832047,0.7554684877,1
463,1857,-1.156997442,-0.5755013824,1
463,1889,-0.8161047697,-1.179720879,1
463,1921,0.219315052,-0.3856356144,1
463,1953,0.1263448596,0.3609012663,1
463,1985,-0.1337681115,-0.2551802993,1
463,2017,0.2884982824,-0.3057368696,1
495,33,0.6331433058,1.734007835,1
495,65,0.5323898196,0.2321994752,1
495,97,0.6415710449,-1.025423527,1
495,129,0.8966646194,-2.137907982,1
495,161,1.891175985,-1.751465559,1
495,193,1.756845236,-2.181890965,1
495,225,0.8883721232,-3.689152241,1
495,257,0.487057209,-5.02511692,1
495,289,1.536154628,-6.226894379,1
495,321,2.284300327,-7.08302927,1
495,353,1.842486739,-6.09038496,1
495,385,1.953232646,-5.685936928,1
495,417,2.184729815,-5.305451393,1
495,449,2.407367229,-4.908573151,1
495,481,2.662143469,-6.372738361,1
495,513,2.806980371,-7.422821045,1
495,545,2.742453098,-6.618053913,1
495,577,2.854271412,-6.970056534,1
495,609,2.741125584,-7.670769215,1
495,641,2.532877207,-7.706113815,1
495,673,3.233933449,-8.156951904,1
495,705,3.512634277,-8.193691254,1
495,737,2.34817791,-8.584895134,1
495,769,2.483132124,-8.639145851,1
495,801,3.776515007,-8.171081543,1
495,833,4.722454548,-7.373843193,1
495,865,6.015168667,-6.865652561,1
495,897,7.801358223,-5.965585232,1
495,929,8.939359665,-5.394043446,1
495,961,9.675443649,-3.57781744,1
495,993,7.965339184,-4.501753807,1
495,1025,8.923150063,-3.544730663,1
495,1057,10.73574543,-4.420472145,1
495,1089,9.610038757,-5.466394901,1
495,1121,7.960577965,-7.135315418,1
495,1153,7.215670586,-7.790732384,1
495,1185,6.843306065,-8.150453568,1
495,1217,7.417084694,-8.885286331,1
495,1249,8.326444626,-9.349905014,1
495,1281,11.60769558,-8.316888809,1
495,1313,11.36609936,-6.45471859,1
495,1345,6.512593269,-3.405273676,1
495,1377,5.317959785,0.6569027901,1
495,1409,6.244460106,5.229411602,1
495,1441,6.831803799,4.802492142,1
495,1473,5.303050041,5.189143181,1
495,1505,3.224040747,3.923625469,1
495,1537,1.799451113,-0.1665260792,1
495,1569,-0.9776459932,0.9717981219,1
495,1601,13.53301144,-13.46051979,1
495,1633,-0.3640037179,1.563760638,1
495,1665,-1.334846139,2.196851492,1
495,1697,-2.138216019,1.858122945,1
495,1729,-0.9808080196,1.782513142,1
495,1761,-0.4507462978,1.337541699,1
495,1793,-0.8250672221,0.5973892212,1
495,1825,-1.489944458,-0.1364982426,1
495,1857,-1.485033751,-0.6686726809,1
495,1889,-0.7621420622,-1.236146688,1
495,1921,-0.01703834534,-0.4580357075,1
495,1953,-0.3191350102,-0.238374114,1
495,1985,-0.0355129987,-0.7327944636,1
495,2017,0.6039843559,-0.2466755509,1
527,33,0.8091421127,1.714197397,1
527,65,1.055733919,-0.2085819542,1
527,97,1.079699636,-0.4609503746,1
527,129,1.157968044,-0.7439813614,1
527,161,1.060596824,-3.000501156,1
527,193,1.030201197,-3.851439953,1
527,225,1.7238729,-4.014434814,1
527,257,1.165957689,-5.795193672,1
527,289,0.8341362476,-5.763230324,1
527,321,-8.513441086,-23.22342491,1
527,353,-0.1767780185,-5.371109486,1
527,385,1.430497408,-5.409132004,1
527,417,2.251614571,-5.361398697,1
527,449,2.709170818,-5.366779804,1
527,481,3.382684469,-6.142766953,1
527,513,2.645632505,-6.658170223,1
527,545,2.267923117,-6.577355385,1
527,577,2.544391632,-6.619513512,1
527,609,3.43990612,-7.525535107,1
527,641,2.928313971,-7.997915268,1
527,673,3.046122313,-8.287502289,1
527,705,2.968856812,-8.720648766,1
527,737,1.3220191,-9.097092628,1
527,769,2.511494637,-8.801592827,1
527,801,3.1859622,-8.510816574,1
527,833,4.344343185,-5.770340919,1
527,865,5.170353413,-6.637169361,1
527,897,5.792865753,-7.315573215,1
527,929,6.9932127,-7.338160515,1
527,961,9.533576965,-4.204811096,1
527,993,7.812009811,-4.752007961,1
527,1025,8.766055107,-4.808286667,1
527,1057,9.384420395,-4.612388134,1
527,1089,9.267089844,-5.103651524,1
527,1121,8.66977787,-6.298621178,1
527,1153,8.047405243,-6.838307381,1
527,1185,7.528738022,-7.80180645,1
527,1217,7.99256134,-7.930246353,1
527,1249,9.881008148,-7.734733105,1
527,1281,11.58168793,-7.328788757,1
527,1313,15.05855179,-6.087360382,1
527,1345,16.11586189,-15.15151024,1
527,1377,16.97699738,8.468959808,1
527,1409,6.233760357,4.261469841,1
527,1441,3.731631756,6.725266933,1
527,1473,3.562916279,6.744877815,1
527,1505,1.845818043,3.163582087,1
527,1537,1.138526201,-0.110609293,1
527,1569,1.218704581,0.4498215914,1
527,1601,0.9222694635,2.499994755,1
527,1633,-0.9361867905,2.316082716,1
527,1665,-0.6607037783,2.318119526,1
527,1697,0.04371333122,1.375724077,1
527,1729,0.0580047369,1.606147408,1
527,1761,-0.8089629412,1.486457467,1
527,1793,-1.214760065,0.9672692418,1
527,1825,-0.9633196592,0.4818210602,1
527,1857,-0.9887189865,-0.3512428403,1
527,1889,-0.7293063402,-0.8942471743,1
527,1921,-0.4242517352,-0.5891937017,1
527,1953,-0.7064134479,-1.045189738,1
527,1985,-0.2697036862,-1.257523537,1
527,2017,0.6332646012,0.04590964317,1
559,33,0.6952078342,1.38824749,1
559,65,1.547377825,-1.117388964,1
559,97,2.095686913,-0.8506703377,1
559,129,1.308838844,-1.330742359,1
559,161,0.7695553303,-3.470064878,1
559,193,0.9724494219,-3.885143042,1
559,225,1.36369288,-4.2654562,1
559,257,0.9973208904,-5.47320509,1
559,289,-0.8972127438,-4.124681473,1
559,321,-14.33792782,4.74903059,1
559,353,0.7192871571,-6.990331173,1
559,385,0.6619562507,-5.860225201,1
559,417,1.854230762,-4.952843666,1
559,449,2.884805202,-5.642072201,1
559,481,3.429717302,-5.66297102,1
559,513,3.224775076,-5.612380981,1
559,545,2.555965424,-6.187110901,1
559,577,2.560523033,-7.162428856,1
559,609,3.014000416,-7.507665634,1
559,641,3.257410526,-7.980422974,1
559,673,3.357411385,-9.356702805,1
559,705,3.523253441,-10.69225979,1
559,737,2.988100529,-9.366337776,1
559,769,3.626929283,-9.322126389,1
559,801,7.265805244,6.085289955,1
559,833,4.059532642,-6.248224258,1
559,865,4.270577431,-7.388438702,1
559,897,4.895531654,-7.860639572,1
559,929,5.769500256,-6.740766525,1
559,961,7.253861427,-5.12755394,1
559,993,7.423445702,-4.581345081,1
559,1025,8.525172234,-4.390001774,1
559,1057,9.416410446,-4.288908958,1
559,1089,9.648365021,-4.605036736,1
559,1121,9.12029171,-5.514878273,1
559,1153,8.531371117,-5.927564144,1
559,1185,8.435918808,-6.526937008,1
559,1217,8.898018837,-5.865913868,1
559,1249,8.983489037,-6.869452,1
559,1281,9.495245934,-6.574955463,1
559,1313,13.55708504,-5.714735031,1
559,1345,-11.62126255,-2.793215513,1
559,1377,8.161661148,4.699800968,1
559,1409,4.811540604,3.447720528,1
559,1441,1.024724483,-16.09580612,1
559,1473,3.303201914,3.469188213,1
559,1505,2.550753832,4.053956985,1
559,1537,2.266088009,2.798724651,1
559,1569,3.503824711,2.555186272,1
559,1601,1.608511329,2.517959118,1
559,1633,0.9570877552,2.610899687,1
559,1665,20.73205185,4.712228775,1
559,1697,2.235052586,1.946242452,1
559,1729,0.8486536145,0.9113394022,1
559,1761,-0.8195501566,1.418110132,1
559,1793,-1.325675011,1.346069336,1
559,1825,-0.8412610292,0.6964747906,1
559,1857,-0.8777420521,0.1470796466,1
559,1889,-0.7583993673,-0.3261808157,1
559,1921,-0.5950681567,-0.3382973075,1
559,1953,-0.4738119543,-0.7753956318,1
559,1985,-0.04560881853,-1.067691803,1
559,2017,1.008739829,-0.316491425,1
591,33,0.4991220236,0.7740256786,1
591,65,2.03916502,-0.8328985572,1
591,97,2.054391623,-1.219979286,1
591,129,1.108505964,-1.938108206,1
591,161,0.4722435474,-2.728034019,1
591,193,1.995384455,-3.29411006,1
591,225,2.036494732,-3.924637556,1
591,257,0.5607113838,-3.814461231,1
591,289,-1.77503109,-3.423033714,1
591,321,-2.234406233,-4.997406006,1
591,353,-0.6120556593,-5.129938602,1
591,385,0.2707579732,-4.315978527,1
591,417,1.071847081,-4.583179474,1
591,449,2.288109541,-5.629164219,1
591,481,2.659413338,-5.420032024,1
591,513,2.462020159,-5.506220341,1
591,545,2.532167912,-6.158394814,1
591,577,-6.198503971,-7.216034889,1
591,609,3.242467165,-7.296383858,1
591,641,3.089374781,-8.00758934,1
591,673,5.641195774,-9.468637466,1
591,705,5.621445656,-11.30451107,1
591,737,4.182384014,-9.700745583,1
591,769,4.916954041,-10.00215054,1
591,801,5.599906445,-9.9019804,1
591,833,3.570250034,-8.304873466,1
591,865,4.084617138,-7.802330017,1
591,897,4.637575626,-8.167752266,1
591,929,6.700372696,-5.927093029,1
591,961,8.758878708,-5.489495754,1
591,993,8.406862259,-3.457140446,1
591,1025,7.3180933,-3.985163689,1
591,1057,8.360122681,-3.814133167,1
591,1089,9.761184692,-4.246434689,1
591,1121,9.860409737,-5.070354462,1
591,1153,9.098536491,-5.503787994,1
591,1185,8.798093796,-5.852511406,1
591,1217,8.469977379,-5.519518852,1
591,1249,8.481668472,-6.860273361,1
591,1281,8.109435081,-7.199728489,1
591,1313,6.456982613,-5.828656673,1
591,1345,11.88842869,5.439642906,1
591,1377,6.883841991,5.960694313,1
591,1409,3.655381203,20.44308853,1
591,1441,3.89937067,4.389484882,1
591,1473,3.122227669,3.947753668,1
591,1505,1.230751514,4.394495964,1
591,1537,1.932803869,3.816268206,1
591,1569,2.735505581,3.286348104,1
591,1601,1.584613323,3.302320004,1
591,1633,2.157718897,4.512795925,1
591,1665,4.39970541,5.119301796,1
591,1697,3.655084372,1.374197364,1
591,1729,0.7494324446,-0.09262895584,1
591,1761,-0.2967202961,-0.4084969759,1
591,1793,-1.027476907,-0.3952205777,1
591,1825,-1.222873688,-0.9570115209,1
591,1857,-0.9875831604,-1.179431677,1
591,1889,-0.3484882712,-0.4641007185,1
591,1921,0.226457864,-0.0182620883,1
591,1953,0.135571599,-0.401611805,1
591,1985,0.3096672297,-1.524597883,1
591,2017,1.032971501,-1.130675793,1
623,33,-0.124291122,0.2118847966,1
623,65,1.020616531,-0.6497721672,1
623,97,1.747290373,-1.186580181,1
623,129,1.291282535,-2.079404354,1
623,161,1.425303459,-2.55086112,1
623,193,2.910276413,-2.865200996,1
623,225,-10.69989777,-17.91310501,1
623,257,-0.1312932372,-3.687370062,1
623,289,-0.972174108,-3.410150528,1
623,321,-2.683859587,-15.65587234,1
623,353,-0.9686176777,-4.48537302,1
623,385,-0.4845489264,-4.762025833,1
623,417,0.2266295552,-4.78887558,1
623,449,1.0038445,-4.034433842,1
623,481,1.550162077,-4.818636417,1
623,513,1.806986809,-5.887819767,1
623,545,4.928165913,-7.335017204,1
623,577,16.7330513,-10.74728966,1
623,609,19.96380234,-13.61378002,1
623,641,2.69865489,-7.952412605,1
623,673,5.677496433,-8.684350967,1
623,705,4.201976299,-9.640974045,1
623,737,3.684664965,-9.241763115,1
623,769,3.851952553,-8.903755188,1
623,801,4.63571167,-8.835284233,1
623,833,4.542081833,-7.60902071,1
623,865,4.160575867,-7.144028187,1
623,897,4.496765137,-7.011341095,1
623,929,7.43429327,-5.032011986,1
623,961,8.925820351,-3.253957272,1
623,993,8.045728683,-4.653978825,1
623,1025,6.380806923,-3.690796852,1
623,1057,6.734629154,-3.50705862,1
623,1089,10.24753571,-2.63483572,1
623,1121,11.6572628,-5.311852455,1
623,1153,10.44999123,-5.878080368,1
623,1185,9.339678764,-5.697971344,1
623,1217,8.345747948,-5.83055687,1
623,1249,7.785313129,-7.486666679,1
623,1281,7.050851345,-8.094532967,1
623,1313,5.77271843,-6.233817101,1
623,1345,5.946470261,0.3668601513,1
623,1377,5.005239487,4.830252647,1
623,1409,1.988255978,6.342418671,1
623,1441,1.162476301,5.875894547,1
623,1473,1.047935724,1.646296978,1
623,1505,1.418741941,2.496184111,1
623,1537,1.480428338,2.415241003,1
623,1569,1.74490428,2.652280092,1
623,1601,2.36283803,3.285705566,1
623,1633,2.716630936,4.538293362,1
623,1665,3.473624229,3.247522116,1
623,1697,1.324550748,-0.9944634438,1
623,1729,0.4452577233,-1.448695064,1
623,1761,0.4815012217,-1.466211796,1
623,1793,-0.8175004721,-2.21332407,1
623,1825,-1.499715328,-2.904631376,1
623,1857,-0.3331020176,-1.44059062,1
623,1889,0.3614938259,-0.7802884579,1
623,1921,0.2551411986,-0.3699613214,1
623,1953,0.04695598409,-0.6545046568,1
623,1985,-0.9529495239,-3.093510151,1
623,2017,-0.7084688544,-1.570726037,1
655,33,-0.9043828249,0.2215034366,1
655,65,-0.3236454427,-0.4167553186,1
655,97,0.5439751148,-0.3915217519,1
655,129,0.7159285545,-1.305342674,1
655,161,1.137110591,-2.497589111,1
655,193,0.9136109948,-3.129653215,1
655,225,0.04605081677,-3.911959887,1
655,257,-11.42486191,10.26568031,1
655,289,-0.3992871046,-3.980957508,1
655,321,-0.07272303104,-3.72883606,1
655,353,-0.4879571795,-4.784749031,1
655,385,-0.2312460542,-5.514708996,1
655,417,0.2829477489,-5.022121906,1
655,449,0.9120910168,-4.606584549,1
655,481,1.56169486,-5.920050144,1
655,513,1.285611629,-6.938594341,1
655,545,2.438590288,-7.684073925,1
655,577,20.77975273,-10.59684944,1
655,609,21.74061966,-11.22255325,1
655,641,10.73491096,-19.70310974,1
655,673,6.895501137,-9.904852867,1
655,705,3.693049431,-8.370541573,1
655,737,2.660565853,-9.054628372,1
655,769,3.025880337,-8.436719894,1
655,801,3.473860025,-8.072769165,1
655,833,5.018237114,-6.776333809,1
655,865,4.299840927,-5.660391808,1
655,897,3.637269974,-5.165537834,1
655,929,3.773874283,-4.423067093,1
655,961,7.31282711,-2.218999386,1
655,993,7.77185154,-5.276848793,1
655,1025,6.239460945,-3.496489525,1
655,1057,13.46069622,-2.272403479,1
655,1089,8.094839096,-0.6650319099,1
655,1121,11.10325623,-6.023889065,1
655,1153,11.29801846,-7.547989368,1
655,1185,10.39946747,-8.172279358,1
655,1217,8.224838257,-7.982935905,1
655,1249,6.459489346,-9.324595451,1
655,1281,5.851233959,-10.41149139,1
655,1313,4.953589916,-6.939565659,1
655,1345,7.108149529,-6.558193207,1
655,1377,5.522179604,-0.7696535587,1
655,1409,1.984055281,3.075793982,1
655,1441,1.304459095,4.699341297,1
655,1473,0.4491634369,-0.3510596752,1
655,1505,1.646915436,2.715008259,1
655,1537,3.327921391,20.4698391,1
655,1569,1.20806849,1.325132847,1
655,1601,1.934735656,2.419229507,1
655,1633,3.139768124,2.357037544,1
655,1665,2.345879078,1.896401644,1
655,1697,0.4806730747,0.6484627128,1
655,1729,0.1169679761,-0.4042045474,1
655,1761,0.5045910478,-0.6926519871,1
655,1793,-0.2899513245,-0.9086591005,1
655,1825,-0.54409343,-0.9526177049,1
655,1857,0.3540976048,-0.4045027494,1
655,1889,0.214520216,-0.4668442309,1
655,1921,-0.1482243538,-0.3516103029,1
655,1953,-0.3442468643,-0.7715091705,1
655,1985,-1.403021097,-2.566272736,1
655,2017,-0.8213021755,-0.8157680035,1
687,33,-11.88235855,1.201103687,1
687,65,1.000133514,-0.7511066198,1
687,97,0.1471493542,-0.7151284218,1
687,129,0.04893380404,-1.163351059,1
687,161,0.1924929619,-2.567435265,1
687,193,0.9962752461,-3.703721523,1
687,225,0.5118145943,-4.118929863,1
687,257,5.589561462,-15.65756607,1
687,289,-0.1060950607,-5.575070858,1
687,321,0.4731066823,-5.411715031,1
687,353,0.5411928892,-4.950331688,1
687,385,0.2718695998,-4.965457916,1
687,417,0.08107633889,-5.371643066,1
687,449,0.5173802972,-6.836719513,1
687,481,0.3076985478,-7.752107143,1
687,513,0.2546610832,-8.114048004,1
687,545,1.992247462,-7.582087517,1
687,577,19.49905205,-15.75119972,1
687,609,20.73349953,-14.53230667,1
687,641,-13.12378407,-1.082155228,1
687,673,3.423526287,-7.978747368,1
687,705,2.174885035,-7.225809574,1
687,737,1.532441378,-7.111082077,1
687,769,1.679801941,-7.079081535,1
687,801,1.260866404,-6.928537369,1
687,833,1.159991741,-6.283448696,1
687,865,1.803785682,-5.658916473,1
687,897,2.106020451,-5.090092182,1
687,929,2.391602755,-4.583959579,1
687,961,2.77516222,-1.917185307,1
687,993,20.29207802,-11.47616291,1
687,1025,-10.92333603,-3.123342037,1
687,1057,3.873934269,0.4622344971,1
687,1089,5.608357906,1.50916028,1
687,1121,8.298707962,-7.267778873,1
687,1153,10.36359692,-10.12660217,1
687,1185,12.44861794,-10.82780743,1
687,1217,11.1984787,-8.820573807,1
687,1249,5.443648338,-10.83612537,1
687,1281,5.060892582,-12.33054161,1
687,1313,5.234832764,-14.28649139,1
687,1345,8.040353775,-9.46859169,1
687,1377,4.390095711,-11.5360384,1
687,1409,-14.35725021,-6.477860451,1
687,1441,4.494784355,1.571025014,1
687,1473,3.236475229,4.366770744,1
687,1505,3.273720503,4.394321442,1
687,1537,2.770459175,5.184065819,1
687,1569,1.984450221,0.2227990329,1
687,1601,1.185638666,1.230922103,1
687,1633,0.9158412218,1.544630766,1
687,1665,1.066836119,1.294650316,1
687,1697,1.190821528,1.549918175,1
687,1729,1.525308847,1.520327806,1
687,1761,2.623783588,0.328035295,1
687,1793,1.717000365,-0.2838224769,1
687,1825,0.9604151845,-0.205599606,1
687,1857,0.692032218,-0.2461719811,1
687,1889,0.04068465531,-0.2921524644,1
687,1921,-0.3396770358,-0.5023987889,1
687,1953,-0.2814160287,-0.8388320804,1
687,1985,-0.1314903498,-1.149905443,1
687,2017,-0.1927754283,-0.09786918759,1
719,33,0.140871197,2.211483002,1
719,65,0.6518322229,-1.977484703,1
719,97,0.1817976236,-2.325353622,1
719,129,-0.4333392978,-2.20127821,1
719,161,-0.6467365623,-2.004287243,1
719,193,-0.3457030058,-2.977035761,1
719,225,0.2322624922,-4.071397305,1
719,257,0.8651328683,-5.727473259,1
719,289,0.8990198374,-5.891257286,1
719,321,0.8162370324,-5.565302372,1
719,353,1.090325832,-5.309161663,1
719,385,0.3681530058,-5.802258015,1
719,417,-0.2779496014,-7.319129467,1
719,449,-0.4365661442,-8.40372467,1
719,481,-0.9800882936,-8.673028946,1
719,513,0.6299786568,-8.338088989,1
719,545,1.72262907,-7.780180931,1
719,577,11.76867199,-24.23024368,1
719,609,2.442950487,-7.665449142,1
719,641,2.018194437,-7.53633976,1
719,673,1.269386888,-7.541548729,1
719,705,1.401386738,-6.569654465,1
719,737,1.713330984,-6.120214939,1
719,769,1.372976065,-6.036554337,1
719,801,0.8557572365,-6.766751766,1
719,833,0.8877289295,-5.613334179,1
719,865,0.9197759628,-5.393434048,1
719,897,1.416278839,-4.983641148,1
719,929,1.653458834,-4.935509205,1
719,961,1.624655962,-3.688518047,1
719,993,1.321607113,1.751055717,1
719,1025,0.9944505692,4.048159122,1
719,1057,1.897498131,4.525384903,1
719,1089,3.360197306,3.94413805,1
719,1121,5.879276752,-6.816701412,1
719,1153,9.261678696,-8.77706337,1
719,1185,9.837024689,-9.464383125,1
719,1217,4.762307644,-6.635168552,1
719,1249,4.299527168,-9.363100052,1
719,1281,4.054656982,-11.90175915,1
719,1313,1.107949257,-11.09878159,1
719,1345,4.635361671,-6.449179173,1
719,1377,-5.809993744,-22.25429916,1
719,1409,5.890671253,2.256271601,1
719,1441,7.472166538,-0.2778663635,1
719,1473,6.288519859,0.6840538979,1
719,1505,4.017271042,1.240953803,1
719,1537,3.615455151,1.96677196,1
719,1569,1.943908453,0.03736516833,1
719,1601,0.4598647356,0.4544284344,1
719,1633,-0.02517986298,1.120641232,1
719,1665,0.742027998,1.105400801,1
719,1697,2.147946596,1.042752028,1
719,1729,3.752391338,0.8997578621,1
719,1761,3.564536572,0.1481724977,1
719,1793,1.987535477,-0.4243820906,1
719,1825,0.8602930307,-0.6424564123,1
719,1857,0.7127071023,-0.2352078855,1
719,1889,0.2541595995,-0.1654516757,1
719,1921,-0.4169028997,-0.7539879084,1
719,1953,-0.4718111753,-0.7060319185,1
719,1985,0.4451424181,-0.7640799284,1
719,2017,0.1333342195,0.1288481951,1
751,33,-0.2860893607,2.743298054,1
751,65,-0.1011726856,-3.555813074,1
751,97,-0.2139554024,-4.257907391,1
751,129,-1.198572874,-3.341565609,1
751,161,-1.679449797,-2.333922386,1
751,193,-1.259606123,-2.717438698,1
751,225,-0.8006798625,-4.46817112,1
751,257,0.4436599612,-6.062091827,1
751,289,1.387454867,-5.972863674,1
751,321,1.437568188,-5.590203762,1
751,353,1.141400218,-6.001667023,1
751,385,1.028245211,-7.291252136,1
751,417,-0.07397434115,-9.599740982,1
751,449,-0.5268570781,-9.53424263,1
751,481,-0.2203430235,-8.71740818,1
751,513,0.2856511474,-8.163581848,1
751,545,1.136015296,-7.892269135,1
751,577,1.81693399,-7.864516258,1
751,609,2.770885944,-7.83711195,1
751,641,1.619754791,-7.977822304,1
751,673,0.2745637894,-7.9827528,1
751,705,0.3896912336,-7.608981609,1
751,737,1.035764217,-5.571302891,1
751,769,1.022266865,-5.522218227,1
751,801,1.389411569,-5.497268677,1
751,833,2.245285511,-5.104113579,1
751,865,2.121926069,-4.510197163,1
751,897,1.492779493,-4.33574295,1
751,929,0.9092664719,-4.319831371,1
751,961,-0.05908346176,-3.391341209,1
751,993,-0.6904686689,-0.2569645643,1
751,1025,-1.16339469,3.206663609,1
751,1057,-0.1954169869,5.768730164,1
751,1089,0.7903623581,3.750413656,1
751,1121,1.53429687,-4.205892563,1
751,1153,6.394412041,-7.679162979,1
751,1185,7.382175922,-6.686234474,1
751,1217,3.581542015,-6.10906744,1
751,1249,-0.4292433262,0.1793117523,1
751,1281,3.511628389,-10.06786919,1
751,1313,4.166031837,-9.798883438,1
751,1345,4.946923733,-8.848896027,1
751,1377,4.867994785,-6.464149952,1
751,1409,4.696996212,-4.879939556,1
751,1441,5.641971588,-3.920586586,1
751,1473,5.24874115,-2.318791389,1
751,1505,4.652090549,-1.166448593,1
751,1537,3.688825607,-0.5261425376,1
751,1569,2.505037069,-0.0173111558,1
751,1601,1.591302752,0.1411026716,1
751,1633,0.7482093573,2.716291904,1
751,1665,-0.122995615,1.306831717,1
751,1697,0.9152535796,1.487306714,1
751,1729,0.8282381296,0.6900029778,1
751,1761,0.8316891193,0.03967708349,1
751,1793,0.5576371551,0.3280017376,1
751,1825,0.06831684709,-0.8973069191,1
751,1857,-0.07848447561,-0.3082629442,1
751,1889,0.08023142815,-0.2118895352,1
751,1921,0.09575547278,-0.4989437163,1
751,1953,0.1694959104,-0.09667980671,1
751,1985,0.505466342,0.0848864466,1
751,2017,-0.005948744714,0.3522156775,1
783,33,-0.0906149745,2.523289204,1
783,65,0.3084123135,-4.906301975,1
783,97,0.07680606842,-4.430418015,1
783,129,-0.2149325609,-3.3785882,1
783,161,-0.8778443336,-3.848031759,1
783,193,-1.562699318,-3.925584078,1
783,225,-1.471782684,-4.745486259,1
783,257,-0.6543659568,-5.430540562,1
783,289,2.108645916,-4.856198788,1
783,321,1.204422593,-5.639019966,1
783,353,20.64208984,-6.257555962,1
783,385,20.38070679,-6.503443718,1
783,417,0.3374226689,-8.617534637,1
783,449,-0.7053683996,-9.324962616,1
783,481,0.004055693746,-8.902998924,1
783,513,0.5830816031,-8.635786057,1
783,545,1.013475418,-7.752646923,1
783,577,1.26170516,-7.35781765,1
783,609,1.18111515,-7.418384075,1
783,641,0.6576154828,-8.68699646,1
783,673,-0.1631762385,-9.564718246,1
783,705,-0.1861949563,-8.006918907,1
783,737,-0.6507856846,-6.25812006,1
783,769,0.7221902609,-4.791157722,1
783,801,1.034934998,-4.705392838,1
783,833,1.251738548,-5.147583008,1
783,865,1.531324148,-4.334394455,1
783,897,1.234254956,-3.195012331,1
783,929,0.06765687466,-2.76377964,1
783,961,-1.140137553,-2.634791374,1
783,993,-1.339856386,-1.329061508,1
783,1025,-1.305869341,0.3909819126,1
783,1057,-2.136100769,1.152887821,1
783,1089,-2.974015713,0.5670565367,1
783,1121,-1.991872549,-1.060605526,1
783,1153,-0.3477065563,-3.044180393,1
783,1185,3.88013649,-4.912092209,1
783,1217,2.491985321,-5.889340878,1
783,1249,-15.78728104,-13.57752609,1
783,1281,0.4153740406,1.145185471,1
783,1313,3.459321737,-9.562220573,1
783,1345,6.118579865,-9.806157112,1
783,1377,5.093381882,-8.299369812,1
783,1409,3.988938808,-5.569025517,1
783,1441,4.649281025,-4.354621887,1
783,1473,5.123173237,-3.659817696,1
783,1505,5.395982742,-2.259036541,1
783,1537,4.874110699,-1.283732176,1
783,1569,3.315403938,-0.1961267591,1
783,1601,2.432435274,0.05165338516,1
783,1633,0.6717110276,1.871894598,1
783,1665,-0.2772744298,0.8649822474,1
783,1697,-0.7224665284,1.25370419,1
783,1729,-0.5475679636,0.5282879472,1
783,1761,-0.3636227846,0.2522212267,1
783,1793,-0.997695744,0.783842504,1
783,1825,-0.8282390833,-0.4020734429,1
783,1857,-0.8638077974,-0.2874812484,1
783,1889,-0.1422842294,0.1516989172,1
783,1921,0.5872832537,-0.2975840569,1
783,1953,0.8066917658,-0.04155319929,1
783,1985,0.8280795217,0.1531443596,1
783,2017,0.4025803208,-0.192014426,1
815,33,14.40455914,2.416236639,1
815,65,0.7467480898,-3.461878777,1
815,97,0.8521743417,-3.107170105,1
815,129,1.331904531,-2.232130766,1
815,161,2.059646845,-2.528448582,1
815,193,-1.917359591,-4.787299156,1
815,225,-2.311621189,-4.601625443,1
815,257,-1.505102158,-5.296553135,1
815,289,-0.2188049555,-6.171059608,1
815,321,1.195890903,-5.649544239,1
815,353,-13.29969978,-7.875129223,1
815,385,-17.8151741,-0.6629223824,1
815,417,0.4343355298,-7.847806931,1
815,449,-0.1642342806,-8.466791153,1
815,481,-0.03047716618,-8.445563316,1
815,513,0.5326474309,-8.327214241,1
815,545,1.184598207,-7.98772049,1
815,577,1.254676342,-7.918135166,1
815,609,0.7186738253,-7.831921101,1
815,641,-0.03643971682,-7.918860912,1
815,673,-0.5078850389,-8.175486565,1
815,705,-0.2564914823,-7.381242752,1
815,737,0.2064056695,-6.496965408,1
815,769,0.4142587781,-5.285151482,1
815,801,-0.8919633627,-6.134575367,1
815,833,-1.220006108,-4.87557745,1
815,865,-0.4129496217,-4.340206146,1
815,897,-0.1172481775,-2.741153717,1
815,929,-0.8053759336,-2.122294903,1
815,961,-2.167979479,-1.812308311,1
815,993,-2.935721874,-1.637650251,1
815,1025,-0.9750314951,-1.505064726,1
815,1057,-1.053894281,0.1208876967,1
815,1089,-1.153313518,0.360286057,1
815,1121,-0.4914116859,-0.8650659323,1
815,1153,-3.024538517,-3.180621386,1
815,1185,0.3050351143,-4.837350368,1
815,1217,1.76611352,-5.908593655,1
815,1249,1.824031591,-20.57770348,1
815,1281,2.790198088,-18.10912704,1
815,1313,4.644077778,-17.97499466,1
815,1345,4.795255661,-10.06576252,1
815,1377,4.187628746,-9.17252636,1
815,1409,3.097047329,-7.242427349,1
815,1441,3.409451485,-5.251728058,1
815,1473,3.945307493,-4.141037941,1
815,1505,3.382692337,-3.222525597,1
815,1537,3.379223347,-1.549169898,1
815,1569,2.896608114,-0.3986023068,1
815,1601,0.8392680883,-0.1755747348,1
815,1633,-1.27829814,-0.05485409498,1
815,1665,-1.496510386,0.0717689991,1
815,1697,-1.731129885,0.4208217859,1
815,1729,-1.297500014,0.4827711582,1
815,1761,-1.208305001,0.3527941108,1
815,1793,-0.6035809517,-0.1217963696,1
815,1825,-0.1406054795,0.1878837347,1
815,1857,0.2555438876,0.04542920738,1
815,1889,1.049257517,-0.1477484256,1
815,1921,0.8423831463,-0.929535687,1
815,1953,0.5473947525,-0.4790739417,1
815,1985,0.369120419,-0.01967859268,1
815,2017,0.3631078601,-0.8252786398,1
847,33,-0.3879857659,1.379540443,1
847,65,0.5097506046,-2.276083231,1
847,97,0.3911644816,-2.298215628,1
847,129,0.8834323287,-2.111341476,1
847,161,0.7401806116,-2.812963724,1
847,193,-0.7530735135,-5.406454563,1
847,225,-1.931275606,-4.164729118,1
847,257,-2.241672993,-4.992506981,1
847,289,-2.175709963,-5.335618973,1
847,321,0.1092651486,-4.554708481,1
847,353,-15.97599983,-16.8862648,1
847,385,0.2017223835,-7.272033691,1
847,417,0.7900650501,-8.204434395,1
847,449,0.3936062455,-8.073598862,1
847,481,0.3661860228,-7.432549477,1
847,513,0.735933125,-7.954496384,1
847,545,0.8829496503,-8.454449654,1
847,577,0.9620931149,-8.382505417,1
847,609,0.7970306873,-8.384567261,1
847,641,0.08671981096,-8.164876938,1
847,673,-0.2285322249,-7.659547806,1
847,705,0.1221526861,-8.018753052,1
847,737,0.3842498362,-7.741342068,1
847,769,-1.77702117,-6.160756588,1
847,801,-1.252656579,-6.316302299,1
847,833,-1.359857798,-4.477639198,1
847,865,-1.447950602,-5.191100121,1
847,897,-0.6777405739,-5.101807594,1
847,929,-1.126120806,-3.797964096,1
847,961,-2.278557062,-2.859026432,1
847,993,-3.292506695,-2.942670107,1
847,1025,-1.663787603,-2.954379082,1
847,1057,-0.6032406092,-1.708099961,1
847,1089,1.413570166,-7.200062752,1
847,1121,0.1741226017,-2.126919985,1
847,1153,0.5651853085,0.9468874931,1
847,1185,0.3370811939,-4.148715973,1
847,1217,1.063119411,-6.390865326,1
847,1249,1.862343311,-14.60915852,1
847,1281,2.140967131,-21.88121033,1
847,1313,1.820198536,-9.677736282,1
847,1345,3.306846142,-14.55304146,1
847,1377,3.258710384,-11.24304008,1
847,1409,2.39931488,-9.212451935,1
847,1441,2.634895086,-6.837527275,1
847,1473,2.801932096,-4.662627697,1
847,1505,2.233909369,-3.382241726,1
847,1537,1.864064217,-2.066343307,1
847,1569,1.105622768,-0.8545215726,1
847,1601,-0.1904111505,-0.0282394588,1
847,1633,-1.278746605,0.1255834103,1
847,1665,-1.45748353,0.6794572473,1
847,1697,-2.145822048,0.09622049332,1
847,1729,-1.605140924,0.3346174061,1
847,1761,-0.5147203803,0.548407793,1
847,1793,0.2348417044,0.5176208615,1
847,1825,0.620872438,1.089938641,1
847,1857,1.159446955,0.303732872,1
847,1889,1.545273781,-0.3728205264,1
847,1921,1.013538003,-2.073428631,1
847,1953,0.8505014181,-0.4935588241,1
847,1985,0.4581903219,-1.214675903,1
847,2017,0.9502933025,-1.1407094,1
879,33,0.2002649307,2.377962112,1
879,65,-0.5094188452,-1.767617345,1
879,97,-1.681866407,-2.680357456,1
879,129,-1.458508611,-2.688180923,1
879,161,-0.3972797692,-2.356536627,1
879,193,0.09836530685,-3.230808973,1
879,225,-0.4453468323,-2.394797802,1
879,257,-1.499921322,-4.872903347,1
879,289,-1.736700773,-4.648694038,1
879,321,0.3227027059,-3.788593292,1
879,353,-15.33569813,-17.99757957,1
879,385,0.4409114122,-6.833761692,1
879,417,0.9277415276,-7.626190186,1
879,449,1.562131643,-7.717752934,1
879,481,2.929321051,-6.432414532,1
879,513,2.032946825,-7.960128307,1
879,545,1.247148275,-8.696472168,1
879,577,1.124085784,-8.642695427,1
879,609,0.9209967852,-7.912108421,1
879,641,0.4095435143,-8.560012817,1
879,673,0.004696011543,-8.052570343,1
879,705,-0.05073286965,-8.63514328,1
879,737,0.3167647123,-8.101835251,1
879,769,-0.6929187179,-7.204596043,1
879,801,-3.436149359,-7.17309618,1
879,833,-2.752605915,-7.190229893,1
879,865,-2.389783621,-6.698177338,1
879,897,-2.162609816,-6.504108429,1
879,929,-1.508390427,-5.514197826,1
879,961,-0.3915328979,-4.945788383,1
879,993,-1.167971849,-4.770316601,1
879,1025,-8.1754179,-3.862501621,1
879,1057,1.339196444,-10.23734474,1
879,1089,13.18711662,-16.97202301,1
879,1121,12.86572838,11.54296684,1
879,1153,-0.5800874233,0.6634979248,1
879,1185,-0.1856867075,-0.5980267525,1
879,1217,20.42163086,-5.953074455,1
879,1249,1.451989889,-11.46133614,1
879,1281,1.64924109,-20.14636803,1
879,1313,9.349178314,-10.02306843,1
879,1345,1.928500652,-16.0877037,1
879,1377,1.536693096,-12.23058796,1
879,1409,1.772796154,-9.650334358,1
879,1441,2.440193653,-6.645734787,1
879,1473,2.743678093,-3.708251476,1
879,1505,2.26867938,-2.976911306,1
879,1537,1.816709638,-3.227221966,1
879,1569,0.6811931133,-1.256340981,1
879,1601,-0.1990264207,-0.166053772,1
879,1633,-0.5976740122,0.7295702696,1
879,1665,-0.9409046173,0.6959492564,1
879,1697,-2.67807579,0.1990624368,1
879,1729,-0.9960047603,0.3662442565,1
879,1761,1.11243546,1.274159908,1
879,1793,2.477743626,2.109081268,1
879,1825,1.851724148,1.196301937,1
879,1857,1.687182903,0.125557065,1
879,1889,0.5136449933,-1.205187678,1
879,1921,-0.6062823534,-2.232184172,1
879,1953,-0.2912681699,-0.4506905079,1
879,1985,0.7353812456,-0.2707898021,1
879,2017,1.282521367,-0.5261494517,1
911,33,-0.08210358024,2.637639523,1
911,65,-0.4189391732,-2.649931192,1
911,97,-0.9418137074,-3.452486753,1
911,129,-0.851532042,-2.673381805,1
911,161,-0.7360599637,-2.033666849,1
911,193,-0.1061882377,-3.09754467,1
911,225,19.75716019,-4.435157776,1
911,257,0.01154506207,-6.179653168,1
911,289,0.07162714005,-4.847084522,1
911,321,18.8997345,-2.296556473,1
911,353,16.97300911,-16.25545883,1
911,385,0.5039756894,-6.339127541,1
911,417,1.458122969,-7.152483463,1
911,449,2.029740334,-7.367337227,1
911,481,2.012817144,-16.13089561,1
911,513,1.782359123,-8.222608566,1
911,545,1.388534784,-8.564880371,1
911,577,1.156434774,-8.583673477,1
911,609,1.457640767,-8.158265114,1
911,641,1.483374357,-7.693421841,1
911,673,0.9460492134,-7.457064629,1
911,705,0.1617225409,-7.731613159,1
911,737,-0.2118337303,-8.043798447,1
911,769,-0.1798399985,-8.192302704,1
911,801,-0.9318349957,-7.997488499,1
911,833,-1.89593029,-7.585065842,1
911,865,-2.764753819,-7.131864548,1
911,897,-2.929128408,-6.781731606,1
911,929,-1.910837889,-6.60566473,1
911,961,-1.234324217,-6.397661209,1
911,993,-1.250518918,-8.79551506,1
911,1025,-1.454621673,-6.446838379,1
911,1057,1.858324051,-10.5812645,1
911,1089,12.11580563,-18.15135765,1
911,1121,12.95475578,9.199095726,1
911,1153,-2.736796379,-0.6732244492,1
911,1185,-1.995959401,-1.529016495,1
911,1217,-0.05681347847,-0.6501541138,1
911,1249,15.56739902,-7.720105171,1
911,1281,1.164398074,-19.49795723,1
911,1313,0.8420931101,-14.46257401,1
911,1345,1.192636847,-14.25559807,1
911,1377,1.432937384,-10.66564751,1
911,1409,18.59996796,2.461038589,1
911,1441,3.382865429,-2.988831997,1
911,1473,3.926320076,-1.19184351,1
911,1505,2.514366388,-1.066415548,1
911,1537,1.69001627,-2.168635845,1
911,1569,1.002946854,-1.637493491,1
911,1601,0.06883347034,-0.528116703,1
911,1633,-0.5272477865,0.1937607378,1
911,1665,-0.7042332888,0.4645431042,1
911,1697,-0.8741848469,0.4684995413,1
911,1729,-0.3101425171,0.4402176142,1
911,1761,0.9012131691,1.192594051,1
911,1793,1.953714609,2.09600687,1
911,1825,1.281793714,1.651454329,1
911,1857,0.7142819762,0.2795581222,1
911,1889,0.185721755,-1.257784128,1
911,1921,-0.1756608486,-1.556304574,1
911,1953,0.7797837853,-0.264161706,1
911,1985,1.62197423,0.3312305808,1
911,2017,1.531146407,-0.1830317378,1
943,33,0.1388990283,0.3499243259,1
943,65,0.4143715501,-4.605779648,1
943,97,0.6057180762,-4.014919758,1
943,129,-0.1486376226,-2.986039639,1
943,161,-0.6670781374,-3.182008266,1
943,193,0.3887067139,-4.043160915,1
943,225,20.73326874,-7.827823162,1
943,257,2.652751446,-23.99106979,1
943,289,1.728989124,-4.336717129,1
943,321,9.60446167,-22.27707291,1
943,353,-1.086823702,-5.016590118,1
943,385,0.6488002539,-6.086065769,1
943,417,1.52970469,-6.785965443,1
943,449,2.54077673,-7.49903059,1
943,481,3.19345212,-9.797977448,1
943,513,2.853839636,-8.303230286,1
943,545,1.953229904,-8.563503265,1
943,577,1.432030797,-8.124070168,1
943,609,1.554632425,-7.899920464,1
943,641,2.020354271,-7.316512108,1
943,673,1.510530353,-7.631961346,1
943,705,0.3896932602,-7.738807678,1
943,737,-1.129395843,-8.155816078,1
943,769,-0.6389815807,-8.068277359,1
943,801,-0.6929630637,-7.861245155,1
943,833,-1.706914425,-7.705064774,1
943,865,-2.419347525,-7.477315426,1
943,897,-2.639952898,-7.259161472,1
943,929,-2.784662724,-7.701741219,1
943,961,-2.094013691,-8.384764671,1
943,993,-1.201277018,-8.489025116,1
943,1025,-1.693849802,-7.636779308,1
943,1057,-1.742426038,-5.482175827,1
943,1089,3.536206245,-7.08756876,1
943,1121,8.638186455,-3.748927832,1
943,1153,-0.7001888752,-1.528874397,1
943,1185,-0.3379332423,-2.848036766,1
943,1217,0.103533715,-0.458111763,1
943,1249,2.035355806,-7.56989336,1
943,1281,0.580466032,-18.39671135,1
943,1313,2.120196819,-14.93893242,1
943,1345,2.904042006,-13.54113579,1
943,1377,1.44460535,-9.24452877,1
943,1409,0.8682291508,-3.941914082,1
943,1441,2.345558643,-2.052071095,1
943,1473,4.195092201,-2.825670481,1
943,1505,2.729581833,-1.235573649,1
943,1537,0.8071523905,-1.000969768,1
943,1569,0.8170046806,-1.573692679,1
943,1601,0.1868893504,-0.6563307047,1
943,1633,-0.07247692347,-0.01287087798,1
943,1665,0.1856102496,0.2015482485,1
943,1697,0.1502394825,0.8314965963,1
943,1729,0.2813179493,1.018413782,1
943,1761,0.6713739634,0.6404809952,1
943,1793,0.5038897991,1.342106581,1
943,1825,-0.06188812852,0.9478891492,1
943,1857,-0.01636743546,0.2126904279,1
943,1889,0.4036390781,-0.5598362684,1
943,1921,1.289372683,-0.8435069323,1
943,1953,1.915029883,-0.9730734825,1
943,1985,1.79248178,-1.885653496,1
943,2017,1.625898123,-0.335976243,1
975,33,0.2491285801,-1.451958656,1
975,65,0.8036416769,-5.220112324,1
975,97,0.9196299911,-3.666475058,1
975,129,-0.1690940261,-3.147595882,1
975,161,-1.329645872,-3.984919548,1
975,193,-9.308343887,-12.64381886,1
975,225,3.299091816,-5.349497318,1
975,257,3.571163654,-4.252764225,1
975,289,3.955435514,-3.698926926,1
975,321,1.800631523,-4.95731163,1
975,353,-17.01729393,1.187557697,1
975,385,1.924125671,-5.050341129,1
975,417,2.189890385,-6.907301426,1
975,449,3.056233883,-7.978277683,1
975,481,3.544572353,-8.204781532,1
975,513,3.150034666,-8.334581375,1
975,545,2.335144997,-8.51033783,1
975,577,2.13228488,-7.282637119,1
975,609,1.124997616,-6.000918865,1
975,641,0.7012981176,-7.044523239,1
975,673,0.5573010445,-8.038370132,1
975,705,-0.4931284189,-10.21780777,1
975,737,0.2872385383,-8.766426086,1
975,769,-0.4946503639,-7.840127945,1
975,801,-1.415088892,-7.986976624,1
975,833,-3.244172573,-8.043912888,1
975,865,-2.997758627,-7.688188553,1
975,897,-2.149813652,-7.373678684,1
975,929,-3.135261774,-7.808281898,1
975,961,-2.318173647,-8.242541313,1
975,993,-2.05057478,-9.053823471,1
975,1025,-2.378999472,-8.588973999,1
975,1057,-2.257419586,-6.606225014,1
975,1089,-0.565636158,-9.09595871,1
975,1121,7.087136269,-3.332500696,1
975,1153,-0.6876084805,-0.844689846,1
975,1185,2.024984837,-4.67347765,1
975,1217,0.1093806624,0.3219714165,1
975,1249,-0.7449327707,-7.318552494,1
975,1281,-0.1185742021,-17.192173,1
975,1313,1.167571545,-15.35136509,1
975,1345,2.059374571,-14.89895916,1
975,1377,0.3918471336,-10.25572681,1
975,1409,-0.5567972064,-6.230782509,1
975,1441,1.117481947,-3.813069344,1
975,1473,2.883364439,-3.156197786,1
975,1505,1.785196662,-1.370898724,1
975,1537,1.002670527,-0.7994862795,1
975,1569,1.010807276,-1.323808074,1
975,1601,0.3251349032,-0.693074584,1
975,1633,-0.01956999302,-0.02906188369,1
975,1665,0.1102778167,0.1053518355,1
975,1697,0.4210385084,0.6903294921,1
975,1729,0.4848383069,0.9315220118,1
975,1761,0.4328080416,0.4661753178,1
975,1793,-0.8746336699,0.3323905468,1
975,1825,-1.599246502,-1.102960587,1
975,1857,-0.9320441484,-0.8378204703,1
975,1889,0.1672775149,0.05224490166,1
975,1921,2.919926405,0.08261632919,1
975,1953,4.032878876,-1.555621624,1
975,1985,2.635643721,-1.625412226,1
975,2017,1.470768809,-0.8270834684,1
1007,33,2.937840939,1.070120692,1
1007,65,1.072720885,-0.7646145821,1
1007,97,0.822519362,-1.777621031,1
1007,129,0.3349243999,-2.414736509,1
1007,161,0.167894721,-3.267745018,1
1007,193,1.52547276,-4.28194952,1
1007,225,4.206057549,-10.96949005,1
1007,257,2.644701004,-4.040150166,1
1007,289,3.915944338,-3.160719395,1
1007,321,-14.34421825,6.166079998,1
1007,353,-15.63620567,-1.764317036,1
1007,385,4.053166389,-6.040697098,1
1007,417,4.333144188,-7.783490658,1
1007,449,3.445855856,-8.563012123,1
1007,481,3.380725145,-8.188592911,1
1007,513,3.102841377,-7.937856674,1
1007,545,2.50210762,-7.745477676,1
1007,577,1.804146409,-6.647248745,1
1007,609,0.3615450263,-5.714774132,1
1007,641,-0.7625989914,-6.75515461,1
1007,673,-0.4969822466,-8.009809494,1
1007,705,0.279930532,-8.676869392,1
1007,737,0.4893881083,-9.277970314,1
1007,769,-0.6318976879,-8.90900898,1
1007,801,-1.716397047,-8.32881546,1
1007,833,-2.58833003,-8.532251358,1
1007,865,-2.866268873,-8.087285995,1
1007,897,-2.109214067,-7.608590603,1
1007,929,-2.354400396,-7.090192318,1
1007,961,-3.626700401,-7.575106621,1
1007,993,-3.419999599,-9.323513031,1
1007,1025,-4.981956482,-9.471105576,1
1007,1057,-5.217384338,-7.210888386,1
1007,1089,-1.451885819,-8.1745224,1
1007,1121,-0.926466465,0.1238870621,1
1007,1153,-1.262525558,0.002402305603,1
1007,1185,-0.7476227283,-4.934105396,1
1007,1217,-0.3890209198,0.3969745636,1
1007,1249,-6.576188087,-7.247712135,1
1007,1281,-0.5990748405,-16.73889351,1
1007,1313,-0.5286077261,-15.77587605,1
1007,1345,-0.3493317366,-13.20824814,1
1007,1377,-0.4784624577,-11.52939034,1
1007,1409,-0.7848656178,-8.143899918,1
1007,1441,0.00544834137,-4.679560661,1
1007,1473,0.5881977677,-2.640011311,1
1007,1505,0.9124804735,-1.11367774,1
1007,1537,1.041502476,-0.7333025932,1
1007,1569,-0.09306368232,-1.333524704,1
1007,1601,0.1551371515,-0.9002219439,1
1007,1633,0.0227650106,-0.2139605284,1
1007,1665,0.03862833977,0.2531457543,1
1007,1697,0.8420156837,0.3168012798,1
1007,1729,-0.09127920121,0.7642349601,1
1007,1761,-0.9440031052,0.6964263916,1
1007,1793,-1.142152786,-0.1185613126,1
1007,1825,-0.5753412247,-1.103829145,1
1007,1857,-0.8430033922,-1.489554882,1
1007,1889,-0.8656424284,-0.6895074248,1
1007,1921,1.058606625,-0.5807728171,1
1007,1953,1.901988268,-1.211423635,1
1007,1985,2.131302834,-1.457140923,1
1007,2017,2.023104429,-1.119004846,1
1039,33,2.446563959,0.7577226162,1
1039,65,1.102750063,-0.7960317135,1
1039,97,0.8594390154,-1.300760984,1
1039,129,0.6187722683,-2.036966562,1
1039,161,1.593086839,-2.291055679,1
1039,193,2.585799456,-2.149498463,1
1039,225,0.9686861038,-22.59688759,1
1039,257,-12.59155083,-8.604410172,1
1039,289,1.21608758,-2.999199867,1
1039,321,2.34027648,-3.846079826,1
1039,353,2.504153252,-5.162773132,1
1039,385,2.778741121,-6.521080017,1
1039,417,3.26828742,-8.675940514,1
1039,449,3.264404535,-8.854390144,1
1039,481,3.363420486,-8.615895271,1
1039,513,2.74508667,-7.749368668,1
1039,545,2.176026821,-7.917642117,1
1039,577,1.792191267,-7.831008911,1
1039,609,0.368131876,-7.708264351,1
1039,641,0.1546866894,-9.50916481,1
1039,673,0.2940973043,-9.62161541,1
1039,705,-0.4319268167,-9.330068588,1
1039,737,-0.4524617195,-9.833388329,1
1039,769,-0.9593560696,-9.258177757,1
1039,801,-1.523903608,-8.302787781,1
1039,833,-2.044374466,-7.946134567,1
1039,865,-2.829503059,-8.660800934,1
1039,897,-2.209569216,-7.870398045,1
1039,929,-2.092020988,-7.152318001,1
1039,961,-2.921919823,-7.089330673,1
1039,993,-3.850975275,-7.406502724,1
1039,1025,-4.612128735,-7.484383583,1
1039,1057,-3.513126135,-3.993860722,1
1039,1089,-1.258623123,0.2789969444,1
1039,1121,-1.430854201,2.32649827,1
1039,1153,-1.841279507,-0.774887085,1
1039,1185,-2.404875994,-5.128475666,1
1039,1217,-2.058179855,-6.372232437,1
1039,1249,-2.046789169,-7.442400932,1
1039,1281,-1.525590181,-15.52005291,1
1039,1313,-1.830369234,-16.92437744,1
1039,1345,-1.629181027,-14.59842682,1
1039,1377,-1.568238497,-13.02507401,1
1039,1409,-0.8208901882,-8.051283836,1
1039,1441,-1.372497439,-3.978244781,1
1039,1473,-1.484143972,-2.572920799,1
1039,1505,-0.6322855949,-2.697682381,1
1039,1537,-1.638878345,-1.745454073,1
1039,1569,-2.602527142,-0.4190176129,1
1039,1601,-0.851906538,-0.6099750996,1
1039,1633,0.07821048796,-0.4143848419,1
1039,1665,0.4607586265,0.5169613361,1
1039,1697,0.6436197758,0.5819666386,1
1039,1729,-0.1493204981,0.9359206557,1
1039,1761,-1.436971426,0.3112483919,1
1039,1793,-1.404590368,-0.6259322762,1
1039,1825,-0.04644814134,-0.4662487805,1
1039,1857,-0.4090456963,-1.017152786,1
1039,1889,-0.445769012,0.6483778954,1
1039,1921,1.956751823,0.5426802635,1
1039,1953,1.707608938,-0.8452037573,1
1039,1985,1.842561007,-1.183487177,1
1039,2017,2.639703512,-0.3654883802,1
1071,33,0.8362257481,1.083777308,1
1071,65,0.6232861876,-1.152220964,1
1071,97,0.3768364191,-2.107254505,1
1071,129,0.878917098,-2.592880726,1
1071,161,2.068249702,-1.79295373,1
1071,193,2.154387951,-1.344607115,1
1071,225,-7.238632679,15.2384243,1
1071,257,-11.75700283,-7.234422207,1
1071,289,1.74321723,-2.941126347,1
1071,321,1.857209682,-3.206902981,1
1071,353,2.636117458,-4.015238285,1
1071,385,2.134115219,-5.578701496,1
1071,417,1.8641994,-7.917979717,1
1071,449,2.58052206,-8.802156448,1
1071,481,2.291084766,-8.593675613,1
1071,513,1.493636012,-7.75900507,1
1071,545,1.533252001,-8.151407242,1
1071,577,2.460251331,-8.479024887,1
1071,609,1.399841547,-8.291600227,1
1071,641,0.851829052,-9.889909744,1
1071,673,2.209206581,-10.86334991,1
1071,705,0.4387814999,-9.742562294,1
1071,737,-0.3718298078,-9.984003067,1
1071,769,-1.051447153,-9.88074398,1
1071,801,-2.035224438,-8.455020905,1
1071,833,-1.041113973,-7.144692421,1
1071,865,-1.55770421,-7.417253494,1
1071,897,-1.571718931,-8.479020119,1
1071,929,-2.116541147,-7.881031036,1
1071,961,-2.623852253,-7.187464714,1
1071,993,-3.665149689,-6.788612366,1
1071,1025,-4.325661182,-6.246666908,1
1071,1057,-3.137708664,-3.193455219,1
1071,1089,-2.213466644,0.08331817389,1
1071,1121,-2.486203194,3.112298965,1
1071,1153,-2.92627883,-3.644811153,1
1071,1185,-5.294992447,-5.489783287,1
1071,1217,-3.447903872,-6.706855297,1
1071,1249,-4.088301659,-7.50842905,1
1071,1281,-2.989079237,-14.99683952,1
1071,1313,-3.318924904,-17.28237915,1
1071,1345,-2.096244812,-14.99604511,1
1071,1377,-1.295361042,-13.94298744,1
1071,1409,-0.9618222713,-9.931048393,1
1071,1441,-2.27372551,-5.92953968,1
1071,1473,-2.313852549,-4.901046276,1
1071,1505,-1.928259134,-4.054581642,1
1071,1537,-2.44478035,-2.097037792,1
1071,1569,-2.086467028,-0.06630027294,1
1071,1601,-0.7996277809,0.0670877099,1
1071,1633,0.2369569987,1.232044816,1
1071,1665,0.9300779104,2.076140404,1
1071,1697,1.201932907,1.250279665,1
1071,1729,-0.08544279635,0.752586782,1
1071,1761,-0.759144485,0.09902713448,1
1071,1793,-0.007017195225,-0.3213564456,1
1071,1825,0.9105947018,0.1128435805,1
1071,1857,0.5499076843,0.2377894968,1
1071,1889,0.6076647043,1.253514767,1
1071,1921,2.332989454,1.866346359,1
1071,1953,2.893880367,0.4282038808,1
1071,1985,2.017539501,0.003180693835,1
1071,2017,3.856012821,0.08104418218,1
1103,33,1.15556097,1.860767365,1
1103,65,0.3393934369,-0.6888444424,1
1103,97,0.4540394545,-1.189390063,1
1103,129,0.9821469784,-1.954819918,1
1103,161,1.919860601,-1.713951588,1
1103,193,1.935707092,-1.119625211,1
1103,225,7.971056461,9.340110779,1
1103,257,1.221608758,-2.648488045,1
1103,289,1.5229491,-3.08067584,1
1103,321,1.632960677,-4.539488792,1
1103,353,1.70243597,-5.726789951,1
1103,385,2.264107704,-5.121834755,1
1103,417,2.44254303,-5.454744339,1
1103,449,1.897914886,-6.307264328,1
1103,481,1.619694829,-6.799209595,1
1103,513,0.5352723598,-7.560108185,1
1103,545,0.3239884377,-7.32147646,1
1103,577,1.087695003,-7.923052788,1
1103,609,1.553800106,-7.775424957,1
1103,641,0.1024695635,-7.107183933,1
1103,673,0.9032195807,-7.673089981,1
1103,705,1.12326622,-8.72597599,1
1103,737,0.4240683317,-9.86092186,1
1103,769,-0.8201696873,-10.01693153,1
1103,801,-2.401582479,-9.044710159,1
1103,833,-1.849251509,-6.767548084,1
1103,865,-0.6823502779,5.132504463,1
1103,897,-0.4603070021,-7.537879467,1
1103,929,-1.052456856,-7.887507915,1
1103,961,-2.799800158,-7.593441963,1
1103,993,-3.770615816,-6.498269081,1
1103,1025,-4.603333473,-6.106113911,1
1103,1057,-4.56126976,-3.573242664,1
1103,1089,-5.172719479,-1.953902006,1
1103,1121,-4.088864326,1.599795818,1
1103,1153,-4.009646416,-4.252317429,1
1103,1185,-4.343455315,-5.499832153,1
1103,1217,-4.119451523,-6.68976593,1
1103,1249,-6.482402802,-9.945713043,1
1103,1281,-7.40939045,-14.2030983,1
1103,1313,-3.816002607,-15.41341305,1
1103,1345,-2.529766321,-13.77545929,1
1103,1377,-1.729576588,-12.20732975,1
1103,1409,-1.104059219,-11.06139565,1
1103,1441,-2.850493908,-6.878982544,1
1103,1473,-2.967556477,-5.183832169,1
1103,1505,-2.406483889,-3.927696228,1
1103,1537,-1.79765749,-2.602847576,1
1103,1569,-1.227830291,-1.510542631,1
1103,1601,-0.6144991517,-0.706530273,1
1103,1633,0.04431383312,-0.2988177538,1
1103,1665,1.17428875,0.4604719579,1
1103,1697,0.943810463,-0.2354594171,1
1103,1729,-0.1568360627,-0.8061001301,1
1103,1761,-0.3818541169,-0.5165354013,1
1103,1793,0.6936602592,-0.1360518336,1
1103,1825,1.349989891,0.06713232398,1
1103,1857,1.011452079,0.6405667067,1
1103,1889,0.9094429016,0.887720108,1
1103,1921,1.58314538,1.139332175,1
1103,1953,1.366122842,0.6063061953,1
1103,1985,1.687139034,0.07382110506,1
1103,2017,4.04954958,0.02341751754,1
1135,33,4.12570715,2.279392481,1
1135,65,0.5033978224,-1.328057289,1
1135,97,0.2675437927,-1.69701159,1
1135,129,0.3970952034,-1.918907523,1
1135,161,1.317695618,-2.847809315,1
1135,193,1.514116764,-1.871340513,1
1135,225,0.303491354,-0.6588056087,1
1135,257,0.9985170364,-1.915853262,1
1135,289,1.273925185,-2.501250744,1
1135,321,0.9854582548,-6.725111961,1
1135,353,1.937842369,-5.67306757,1
1135,385,3.381237745,-3.600445747,1
1135,417,2.212886333,-3.157631397,1
1135,449,1.579310179,-3.655332088,1
1135,481,1.603505492,-4.584414005,1
1135,513,1.193643093,-6.218095779,1
1135,545,0.3515108824,-5.992398262,1
1135,577,0.9206591845,-6.581645489,1
1135,609,2.045861959,-6.17216444,1
1135,641,2.104310751,-6.804977894,1
1135,673,1.65739274,-6.422570229,1
1135,705,1.877460122,-6.250204086,1
1135,737,1.226365447,-8.165884972,1
1135,769,0.3402136564,-8.981060982,1
1135,801,-1.467494011,-8.098532677,1
1135,833,-2.835892677,-6.275902748,1
1135,865,-3.249423504,-5.313654423,1
1135,897,-2.448783875,-6.98751688,1
1135,929,-3.095164299,-7.59875679,1
1135,961,-4.403862,-7.451668739,1
1135,993,-5.577649117,-5.440991879,1
1135,1025,-6.371608734,-4.192368984,1
1135,1057,11.0965538,-9.463458061,1
1135,1089,-4.681190968,-3.418464661,1
1135,1121,-5.131111145,0.1911406517,1
1135,1153,0.2343792915,-4.660727501,1
1135,1185,0.3755617142,1.15989399,1
1135,1217,-5.317442894,-7.816766739,1
1135,1249,-10.00274849,-12.79084396,1
1135,1281,-8.298632622,-12.66723156,1
1135,1313,-3.779206038,-10.34612083,1
1135,1345,-3.633579254,-10.42173386,1
1135,1377,-3.864328384,-8.100980759,1
1135,1409,-3.661122322,-5.271827221,1
1135,1441,-3.191918373,-5.505084038,1
1135,1473,-3.120555878,-4.177920341,1
1135,1505,-2.537045956,-4.152810097,1
1135,1537,-1.634708047,-4.192053795,1
1135,1569,-1.051448345,-2.100777626,1
1135,1601,-1.168102622,-2.207186937,1
1135,1633,0.1456028819,-2.896014214,1
1135,1665,6.353279591,2.646985292,1
1135,1697,0.5104558468,-1.479741096,1
1135,1729,-0.3070883453,-0.7338119745,1
1135,1761,-0.5619187355,-0.8304658532,1
1135,1793,0.04032504559,-0.9409953952,1
1135,1825,0.9115247726,-0.8566672802,1
1135,1857,1.046380758,-0.5010945797,1
1135,1889,1.001034856,-0.2295969129,1
1135,1921,0.2000288963,-0.3266715109,1
1135,1953,0.4318497181,0.05350217968,1
1135,1985,0.8907470703,-0.2980226874,1
1135,2017,2.961387873,-0.7937110066,1
1167,33,3.654857635,2.097174406,1
1167,65,0.9270094037,-2.005951166,1
1167,97,0.6033161879,-2.761315823,1
1167,129,0.5780352354,-2.108629942,1
1167,161,1.803979635,-3.365101576,1
1167,193,1.015704274,-2.181511879,1
1167,225,1.446040869,-2.16885066,1
1167,257,1.553616524,-2.514671087,1
1167,289,0.9620027542,-2.722434521,1
1167,321,0.8444135189,-3.474357843,1
1167,353,2.789041519,-1.746779919,1
1167,385,4.689306736,-0.485209465,1
1167,417,2.356158733,-1.316243649,1
1167,449,1.434659958,-2.79654026,1
1167,481,1.739281893,-2.910465956,1
1167,513,1.449718714,-3.584869385,1
1167,545,0.9939082861,-3.794663191,1
1167,577,0.9286239147,-4.408388138,1
1167,609,0.8767781258,-4.082767487,1
1167,641,1.752570629,-5.104969978,1
1167,673,3.02667141,-4.916888237,1
1167,705,2.194557428,-4.311350346,1
1167,737,1.204384565,-5.759368896,1
1167,769,0.6154672503,-7.16934824,1
1167,801,0.3076241612,-8.290780067,1
1167,833,-0.3652652502,-6.081756592,1
1167,865,-1.915620565,-5.549072266,1
1167,897,-2.571394682,-7.718411922,1
1167,929,-3.742145777,-8.138090134,1
1167,961,-5.412322521,-6.588385582,1
1167,993,-6.552448273,-5.16617775,1
1167,1025,-8.010267258,-0.9156951904,1
1167,1057,-9.256529808,1.978766203,1
1167,1089,-4.007055759,-3.86689043,1
1167,1121,-6.786627769,-2.194479942,1
1167,1153,-7.734873295,-4.786606789,1
1167,1185,-6.95632267,-5.999838352,1
1167,1217,-6.561650276,-13.22010708,1
1167,1249,-6.067872047,-14.28030014,1
1167,1281,-5.583995819,-9.31072998,1
1167,1313,-4.99544239,-6.900789738,1
1167,1345,-5.879453659,-6.563745499,1
1167,1377,-5.507973671,-5.015302181,1
1167,1409,-6.466053009,-2.632649422,1
1167,1441,-5.567340851,-1.752235174,1
1167,1473,-4.01855278,-1.914370537,1
1167,1505,-1.993088722,-3.593435287,1
1167,1537,-0.4850085974,-3.307898045,1
1167,1569,0.698335886,-0.3572845459,1
1167,1601,-0.00566470623,-1.12567091,1
1167,1633,1.392388582,-2.792784691,1
1167,1665,1.537127376,-8.016996384,1
1167,1697,0.8080945015,-0.8924882412,1
1167,1729,-0.1684746891,-0.1165158153,1
1167,1761,-0.7756876945,-0.2490061522,1
1167,1793,0.07694241405,-1.211043119,1
1167,1825,1.081323266,-1.761810541,1
1167,1857,1.106231213,-2.258007526,1
1167,1889,1.34146142,-2.049573421,1
1167,1921,0.299831748,-0.7316610217,1
1167,1953,-0.06115329266,0.4969018698,1
1167,1985,-0.04204618931,-0.4605162144,1
1167,2017,2.071875095,-1.672474861,1
1199,33,2.392640114,1.693347692,1
1199,65,1.145837307,-1.883325696,1
1199,97,1.21457684,-2.382609844,1
1199,129,0.789021194,-1.666018009,1
1199,161,0.5983380675,-1.296720386,1
1199,193,0.6134631038,-1.745782614,1
1199,225,0.9267860651,-3.113601685,1
1199,257,0.8375480175,-2.795087814,1
1199,289,-0.2991924286,-3.071223736,1
1199,321,-0.4667167664,-2.83180809,1
1199,353,2.831234932,-0.7580623627,1
1199,385,4.152543068,0.4600964785,1
1199,417,3.12832427,-0.3760278225,1
1199,449,2.33023715,-1.944818377,1
1199,481,2.047395229,-2.785648346,1
1199,513,1.630611181,-1.698029995,1
1199,545,1.150951266,-1.515127897,1
1199,577,1.149972439,-2.125904322,1
1199,609,0.9007439613,-2.977813721,1
1199,641,2.727480173,-3.672279119,1
1199,673,4.311531067,-3.90895319,1
1199,705,2.746494532,-3.791006088,1
1199,737,1.661882162,-4.388454437,1
1199,769,1.383794188,-5.811271191,1
1199,801,0.4997148514,-6.854450703,1
1199,833,0.7841465473,-5.035460949,1
1199,865,-1.370732546,-4.697965622,1
1199,897,-2.638491869,-5.777456284,1
1199,929,-3.674525261,-6.749979973,1
1199,961,-5.312259197,-5.251102448,1
1199,993,-7.04486084,-4.084059715,1
1199,1025,-9.911540985,3.41688633,1
1199,1057,-6.694602489,-3.236106396,1
1199,1089,-8.364395142,-3.793237925,1
1199,1121,-10.39950848,-4.358565807,1
1199,1153,-11.61452484,-5.599205017,1
1199,1185,-9.958511353,-8.036345482,1
1199,1217,-7.780230045,-12.43696785,1
1199,1249,-7.2367239,-8.336761475,1
1199,1281,-7.228681564,-8.129472733,1
1199,1313,-8.152932167,-4.955131531,1
1199,1345,-5.653624058,-4.187247276,1
1199,1377,-4.919620037,-3.758014679,1
1199,1409,-5.342850685,-3.74545145,1
1199,1441,-5.773299694,-2.891103745,1
1199,1473,-4.983066559,-1.907374144,1
1199,1505,-3.58163476,-2.322757244,1
1199,1537,-1.019955993,-2.900387287,1
1199,1569,1.998898745,-1.761371613,1
1199,1601,0.4234614074,-0.8701748848,1
1199,1633,-0.2377939969,-2.425326824,1
1199,1665,0.6634926796,-3.111760616,1
1199,1697,1.276120901,-1.399766922,1
1199,1729,0.7115762234,0.01602554321,1
1199,1761,0.1888056397,0.07342553139,1
1199,1793,0.659170866,-1.880318403,1
1199,1825,0.7743222713,-3.982195139,1
1199,1857,1.166269302,-4.820745468,1
1199,1889,1.338442564,-3.709197998,1
1199,1921,-0.09717994928,-1.508457422,1
1199,1953,-0.7743934989,0.07887542248,1
1199,1985,-0.2178187966,-0.3165748715,1
1199,2017,1.738223672,-1.731256366,1
1231,33,-0.4767286181,1.614211679,1
1231,65,0.6062788963,-2.002129316,1
1231,97,0.4698610902,-2.612017155,1
1231,129,0.3074220419,-1.217208385,1
1231,161,0.4726497531,-0.5533307791,1
1231,193,0.8823769093,-1.167209029,1
1231,225,1.124870896,-1.895344377,1
1231,257,0.08355894685,-2.067523956,1
1231,289,-0.9029706717,-1.842740774,1
1231,321,-0.476270318,-1.405403018,1
1231,353,1.82500577,-0.240575552,1
1231,385,3.752268553,0.41659832,1
1231,417,11.41253471,10.52828789,1
1231,449,2.802077532,-1.117655873,1
1231,481,2.868015766,-1.71236968,1
1231,513,1.98623538,-0.9345158339,1
1231,545,1.304583788,-0.5746195316,1
1231,577,1.913284779,-0.6245324612,1
1231,609,2.916052341,-1.406441212,1
1231,641,4.141890526,-2.381294727,1
1231,673,4.176941872,-2.486694574,1
1231,705,4.012187004,-3.38847971,1
1231,737,3.970411539,-4.046758652,1
1231,769,2.248757362,-4.15338707,1
1231,801,0.7240815163,-3.352903128,1
1231,833,-0.1313295364,-3.435505867,1
1231,865,-0.9647538662,-3.284754753,1
1231,897,-3.290237427,-3.541983604,1
1231,929,-4.324355125,-4.106107235,1
1231,961,-5.325273514,-4.861533165,1
1231,993,0.06071376801,0.5324840546,1
1231,1025,-0.636177063,2.275597572,1
1231,1057,-8.727900505,-3.117339134,1
1231,1089,-10.99344063,-3.856552124,1
1231,1121,-12.2818203,-5.205768585,1
1231,1153,-12.02650642,-6.632909298,1
1231,1185,-10.71245384,-9.338565826,1
1231,1217,-9.17896843,-8.614290237,1
1231,1249,-7.901934624,-5.982765675,1
1231,1281,-8.619991302,-7.608586788,1
1231,1313,-8.541881561,-5.298880577,1
1231,1345,-6.156733513,-1.419018269,1
1231,1377,-4.680685997,-1.802647829,1
1231,1409,-4.414227962,-3.612470388,1
1231,1441,-3.813842297,-3.081136227,1
1231,1473,-3.451579571,-2.66126895,1
1231,1505,-3.040997028,-2.293102264,1
1231,1537,-2.527779579,-2.921649218,1
1231,1569,-0.6829738617,-3.224078178,1
1231,1601,0.07262575626,-1.862170696,1
1231,1633,-0.3867464662,-1.825372219,1
1231,1665,0.1167339683,-2.17155838,1
1231,1697,1.112352848,-1.631004095,1
1231,1729,1.911468148,-1.183934927,1
1231,1761,1.891232967,-1.360525131,1
1231,1793,0.5470775366,-2.248770237,1
1231,1825,0.002585709095,-3.383583069,1
1231,1857,0.7101769447,-4.692335606,1
1231,1889,1.130896211,-4.564167023,1
1231,1921,0.5236098766,-3.181229353,1
1231,1953,0.6717162132,-2.524055481,1
1231,1985,0.8199776411,-1.183431387,1
1231,2017,0.7404284477,-0.8201578856,1
1263,33,-0.09713506699,1.685792446,1
1263,65,-0.00562286377,-1.243048429,1
1263,97,0.1849293858,-3.000618935,1
1263,129,0.1235870123,-1.641191125,1
1263,161,0.04349511862,-1.49076438,1
1263,193,-0.8044095039,-1.671496391,1
1263,225,-1.426552296,-0.6692072153,1
1263,257,-0.1194829345,-0.8156661987,1
1263,289,-0.02673074603,-0.7904492617,1
1263,321,0.3071026802,-0.5525745153,1
1263,353,-9.32796669,-14.59305573,1
1263,385,1.05935204,-0.2378198802,1
1263,417,1.509796023,-0.2970297039,1
1263,449,1.911140919,-0.6686171889,1
1263,481,2.165515661,-0.7444072962,1
1263,513,2.249876499,-1.015841007,1
1263,545,3.145596981,-0.8790587187,1
1263,577,4.900279999,0.3089760542,1
1263,609,4.793941021,0.1025153399,1
1263,641,2.895067692,-0.2279196382,1
1263,673,2.87640667,-0.4992647171,1
1263,705,3.557500601,-2.462698936,1
1263,737,2.532942533,-5.830408096,1
1263,769,0.3675100803,-2.903188705,1
1263,801,-0.3518211544,-2.232170105,1
1263,833,-0.2973878384,-2.325833082,1
1263,865,-0.7219578028,-2.305507421,1
1263,897,-1.91758287,-2.689183712,1
1263,929,-3.926365614,-1.832722664,1
1263,961,-4.502958298,4.53083849,1
1263,993,-1.655143738,2.719405174,1
1263,1025,-7.756816864,0.1496725082,1
1263,1057,-9.909153938,-2.741655111,1
1263,1089,-12.10248661,-3.787458181,1
1263,1121,-13.03045654,-6.018895626,1
1263,1153,-12.86852837,-7.04404211,1
1263,1185,-11.87147713,-7.772324085,1
1263,1217,-10.5217886,-6.097218513,1
1263,1249,-9.050430298,-5.531645298,1
1263,1281,-8.492815018,-6.598834038,1
1263,1313,-7.911934376,-5.249485016,1
1263,1345,-6.684158325,-1.850618362,1
1263,1377,-5.596166134,-1.818790913,1
1263,1409,-3.806604862,-3.598639011,1
1263,1441,-3.144387484,-3.160625458,1
1263,1473,-2.723659515,-3.068411112,1
1263,1505,-2.395170927,-2.864903688,1
1263,1537,-1.950743914,-3.087534189,1
1263,1569,-0.7958732247,-4.512850761,1
1263,1601,0.01165494323,-2.470345736,1
1263,1633,0.2164896578,-1.749192953,1
1263,1665,0.1801352501,-1.754591227,1
1263,1697,1.076447964,-1.98811388,1
1263,1729,1.660075784,-2.342791796,1
1263,1761,1.276580572,-3.168739319,1
1263,1793,0.3403947353,-2.967432022,1
1263,1825,12.94933891,-18.99023628,1
1263,1857,1.09906745,-3.688632488,1
1263,1889,2.363666296,-5.063510895,1
1263,1921,2.255366325,-3.486571789,1
1263,1953,1.179353237,-2.909966469,1
1263,1985,0.6342202425,-1.583902478,1
1263,2017,1.441550255,-0.1647115052,1
1295,33,0.1334713697,1.807713032,1
1295,65,-0.994422555,-0.5122318864,1
1295,97,-0.04418128729,-1.913222313,1
1295,129,-0.1438238621,-1.976276398,1
1295,161,-1.005177975,-1.908266425,1
1295,193,-1.699829578,-1.320956945,1
1295,225,-1.107193589,-0.5398519039,1
1295,257,0.7403347492,-0.60153234,1
1295,289,1.419408321,-0.4758154154,1
1295,321,1.202654958,-0.8567656279,1
1295,353,-0.04326331615,-0.1175757349,1
1295,385,-1.150899649,-0.222697854,1
1295,417,-0.1902440786,0.244482547,1
1295,449,0.3720561266,0.1303116083,1
1295,481,1.003302455,0.1666899323,1
1295,513,1.241486549,-0.1898800135,1
1295,545,1.895475268,-0.1498730183,1
1295,577,3.953996658,-0.01181167364,1
1295,609,3.485314369,0.2031732798,1
1295,641,1.914637566,0.5732254982,1
1295,673,2.365091562,0.2656902075,1
1295,705,3.219860554,-1.270896673,1
1295,737,0.5435987711,-4.81032753,1
1295,769,-2.18209815,-2.301085949,1
1295,801,-2.883228302,-1.918082476,1
1295,833,-1.668236017,-1.367766261,1
1295,865,-1.445984125,-1.401725531,1
1295,897,-2.264383793,-1.582495451,1
1295,929,-3.650881529,-0.9226442575,1
1295,961,-5.412137508,2.427201509,1
1295,993,-7.120103836,2.938728809,1
1295,1025,-6.716440201,2.542402267,1
1295,1057,-10.17188072,-1.652570248,1
1295,1089,-11.96283627,-3.771775723,1
1295,1121,-12.5287466,-5.952826977,1
1295,1153,-12.24444771,-7.295269012,1
1295,1185,-11.94569874,-7.289654255,1
1295,1217,-11.38908291,-5.682635784,1
1295,1249,-10.13718319,-5.908973694,1
1295,1281,-8.919852257,-6.178322315,1
1295,1313,-8.021326065,-5.42002821,1
1295,1345,-6.26458168,-4.006297112,1
1295,1377,-4.674118996,-2.887326717,1
1295,1409,-3.369657993,-3.434624672,1
1295,1441,-2.585062027,-3.30530262,1
1295,1473,-2.414787292,-3.342911243,1
1295,1505,-2.290788889,-3.402997971,1
1295,1537,-1.223645926,-3.379307032,1
1295,1569,-1.060385585,-4.677361965,1
1295,1601,-0.4365778267,-3.476391077,1
1295,1633,0.9917449355,-1.744970798,1
1295,1665,0.7335158587,-1.075244904,1
1295,1697,1.168626547,-1.92393899,1
1295,1729,2.377584934,-2.933274269,1
1295,1761,1.957368851,-4.448104382,1
1295,1793,1.579131246,-4.618136406,1
1295,1825,1.966313124,-3.295331001,1
1295,1857,1.430542111,-1.648240328,1
1295,1889,2.824324369,-3.395132065,1
1295,1921,3.886675119,-2.924349785,1
1295,1953,1.463968873,-2.295748234,1
1295,1985,1.514492512,-1.844115019,1
1295,2017,2.105682373,-0.4751260877,1
1327,33,0.1285173893,2.193228245,1
1327,65,-1.396080494,-1.87058568,1
1327,97,-1.285208464,-2.945950747,1
1327,129,-1.828227043,-2.098321438,1
1327,161,-2.772043228,-1.539659142,1
1327,193,-1.661376953,-1.208278537,1
1327,225,0.1641658545,-1.316642523,1
1327,257,1.788067818,-1.632916689,1
1327,289,1.351076126,-0.2396901846,1
1327,321,-0.04048970342,-0.007570490241,1
1327,353,-0.797796905,0.2298262715,1
1327,385,-0.594397366,-0.1004375592,1
1327,417,-0.7119954824,-0.1556339264,1
1327,449,-1.121595621,0.3968665898,1
1327,481,-0.519487977,0.7166846991,1
1327,513,0.4602004886,0.2643546164,1
1327,545,1.442472577,0.05282980204,1
1327,577,1.891056538,0.3922025561,1
1327,609,1.85573256,0.978503108,1
1327,641,1.861033201,0.2597973347,1
1327,673,1.142482638,1.13643074,1
1327,705,0.3502260745,0.4234778285,1
1327,737,-0.5808486938,-0.6474490762,1
1327,769,-1.569692969,-0.9258282185,1
1327,801,-2.224581718,-1.0010463,1
1327,833,-1.619445205,-0.5882265568,1
1327,865,-1.571744442,-0.008971810341,1
1327,897,-2.438770056,0.1957422495,1
1327,929,-3.830341578,1.760686994,1
1327,961,-5.580718517,3.044781208,1
1327,993,-7.284299374,3.796453953,1
1327,1025,-9.999991417,1.890451908,1
1327,1057,-11.13174534,-0.6567237377,1
1327,1089,-12.60826015,-2.720822811,1
1327,1121,-12.67227173,-4.642181396,1
1327,1153,-11.6120615,-4.557367802,1
1327,1185,-11.46648693,-5.672959805,1
1327,1217,-11.75399685,-4.993551731,1
1327,1249,-10.47639561,-5.166847706,1
1327,1281,-8.499939919,-6.975108147,1
1327,1313,-7.08234787,-6.201623917,1
1327,1345,-6.979398727,-5.118357658,1
1327,1377,-1.361063242,-0.9768135548,1
1327,1409,-2.54379797,-2.846834183,1
1327,1441,-2.16177249,-3.436060429,1
1327,1473,-2.198668003,-3.580447197,1
1327,1505,-2.267920732,-3.670725822,1
1327,1537,-1.21568799,-5.796299934,1
1327,1569,-1.384913683,-6.536304474,1
1327,1601,-1.149392605,-4.671283245,1
1327,1633,0.5466267467,-2.191270351,1
1327,1665,0.9147663116,-0.9109743834,1
1327,1697,0.8503201008,-1.111102104,1
1327,1729,1.446561098,-2.42003417,1
1327,1761,2.592603683,-5.76981163,1
1327,1793,1.901157856,-6.791706562,1
1327,1825,2.49458766,-3.925675154,1
1327,1857,1.518321991,-1.559612274,1
1327,1889,4.428567886,-2.312503576,1
1327,1921,1.943120837,-1.925458908,1
1327,1953,1.423121452,-1.749838471,1
1327,1985,2.218482733,-1.859208584,1
1327,2017,3.158289909,-1.697245359,1
1359,33,0.9863724709,1.79182744,1
1359,65,-1.477522969,-3.749377489,1
1359,97,-1.341536283,-4.020038605,1
1359,129,15.9948616,-1.724507809,1
1359,161,-2.096363068,-1.667695999,1
1359,193,-1.117581606,-1.514816046,1
1359,225,0.07253676653,-1.322009802,1
1359,257,0.6490220428,-1.246439695,1
1359,289,1.429026127,-0.5047984719,1
1359,321,0.1446302384,0.04721881449,1
1359,353,-0.8542258739,0.4942900538,1
1359,385,-0.4533214569,0.3574935198,1
1359,417,-0.335819602,0.1454257965,1
1359,449,-0.256721139,0.7792351842,1
1359,481,0.3365775943,0.9923396707,1
1359,513,0.6350509524,-0.05312693119,1
1359,545,0.6700619459,0.4996748567,1
1359,577,0.5247563124,1.576293588,1
1359,609,0.9592814445,2.920274734,1
1359,641,1.640647173,2.226153612,1
1359,673,0.1650664806,1.74087584,1
1359,705,-0.444901824,1.177294016,1
1359,737,-0.8157066107,0.1204634905,1
1359,769,-0.6847339272,-0.4166945219,1
1359,801,7.964697838,10.94448471,1
1359,833,0.5075990558,0.5693818927,1
1359,865,-1.4059304,1.443238258,1
1359,897,-2.868463993,1.259281039,1
1359,929,-4.111608505,2.840269566,1
1359,961,-5.335249424,14.29672623,1
1359,993,-6.815953732,5.497670174,1
1359,1025,-8.852398872,1.089876294,1
1359,1057,-9.099927902,-0.01934945583,1
1359,1089,-9.554490089,-1.662127852,1
1359,1121,-10.66913605,-3.019865036,1
1359,1153,-10.50468254,-3.419044971,1
1359,1185,-10.3455658,-3.868944407,1
1359,1217,-10.83747387,-4.215060711,1
1359,1249,-10.0097456,-4.047251701,1
1359,1281,-9.180797577,-10.27688122,1
1359,1313,-7.714168072,-9.614480019,1
1359,1345,-10.14355278,-16.06404305,1
1359,1377,-3.914610147,-3.946522236,1
1359,1409,-2.937603474,-2.566167355,1
1359,1441,-14.18697929,5.444574356,1
1359,1473,-2.985857964,-3.94490099,1
1359,1505,-2.179731846,-3.645885944,1
1359,1537,-0.5542936325,-5.097702503,1
1359,1569,-0.196899116,-6.028728008,1
1359,1601,0.4998901784,-2.388020515,1
1359,1633,0.8335550427,-2.390393734,1
1359,1665,1.79399085,-0.721552372,1
1359,1697,0.8908878565,-1.477649212,1
1359,1729,0.6686295271,-2.775821924,1
1359,1761,1.894872546,-4.401533127,1
1359,1793,1.778005123,-5.923927307,1
1359,1825,1.768478394,-4.245578766,1
1359,1857,2.685846329,-2.266350746,1
1359,1889,2.097927094,-2.401553154,1
1359,1921,0.6933801174,-1.435024023,1
1359,1953,-4.832202911,4.691560745,1
1359,1985,2.081907749,-2.009265423,1
1359,2017,2.764196873,-2.835758686,1
1391,33,0.5220934153,-1.789972782,1
1391,65,-0.7859235406,-3.341853619,1
1391,97,15.28885937,3.188088179,1
1391,129,13.26858521,3.021216154,1
1391,161,-0.7973672748,-1.762607574,1
1391,193,-1.0388515,-1.53426218,1
1391,225,-0.1480175555,-1.244699597,1
1391,257,0.464232862,-1.216207027,1
1391,289,0.9092472792,-0.7722648978,1
1391,321,0.5457948446,-0.3098914027,1
1391,353,-0.6581622362,0.4324228764,1
1391,385,-0.8193058372,1.073608518,1
1391,417,-0.4134537578,1.850117683,1
1391,449,-0.2959068716,1.807026625,1
1391,481,0.5202815533,1.143859744,1
1391,513,0.6280604601,0.3493307829,1
1391,545,0.001491293311,0.9595509768,1
1391,577,-0.6910105944,2.109986782,1
1391,609,-0.5706912875,3.230630398,1
1391,641,-0.6355725527,2.215817213,1
1391,673,-0.7149761915,1.464633822,1
1391,705,-0.6509622335,0.5820630789,1
1391,737,-0.3819995224,-1.732975364,1
1391,769,0.9732531309,0.8374040127,1
1391,801,2.601135731,0.1434578001,1
1391,833,1.972630262,0.4654195905,1
1391,865,1.32893002,0.9832942486,1
1391,897,-7.460665703,2.969620705,1
1391,929,-9.306921959,2.49819684,1
1391,961,-6.418478012,2.734816551,1
1391,993,-8.616342545,4.013976097,1
1391,1025,-7.314412117,3.020630836,1
1391,1057,-7.666768551,1.482915998,1
1391,1089,-7.988274574,-0.9991977215,1
1391,1121,-8.02959919,-2.509399891,1
1391,1153,-8.176727295,-2.99589324,1
1391,1185,-8.844602585,-3.479140997,1
1391,1217,-8.867618561,-3.675688505,1
1391,1249,-8.324869156,-3.487081051,1
1391,1281,-9.203680038,-8.011615753,1
1391,1313,-11.22774696,-11.69763947,1
1391,1345,-9.458208084,-17.15500069,1
1391,1377,-4.661970139,-4.48370409,1
1391,1409,-4.166630745,-3.65900135,1
1391,1441,-3.8705616,-4.198298931,1
1391,1473,-3.531706333,-4.642463684,1
1391,1505,-0.8796643019,-4.334844112,1
1391,1537,-0.03603440523,-4.992612839,1
1391,1569,0.4522643089,-4.477640152,1
1391,1601,0.8304261565,-2.185497999,1
1391,1633,1.504426003,-2.097175837,1
1391,1665,1.958143234,0.2871769667,1
1391,1697,1.442728996,-1.569320202,1
1391,1729,0.9470359087,-2.708711624,1
1391,1761,0.4878023863,-3.44097662,1
1391,1793,-0.4327648878,-4.041121483,1
1391,1825,-0.04226124287,-4.086967468,1
1391,1857,1.30009985,-2.76599741,1
1391,1889,0.8562121391,-2.233704805,1
1391,1921,0.8054971695,-2.156854868,1
1391,1953,1.02950871,-2.106739759,1
1391,1985,1.793612599,-2.977407932,1
1391,2017,2.538066626,-2.171530485,1
1423,33,0.7916653156,0.03504085541,1
1423,65,0.001398205757,-1.528277636,1
1423,97,-0.1090521812,-1.116272807,1
1423,129,-0.2912024856,-0.9009788036,1
1423,161,-1.401666403,-2.613891602,1
1423,193,4.224625587,6.867874146,1
1423,225,0.542971015,-0.8137232065,1
1423,257,0.5855227709,-0.6734503508,1
1423,289,0.3462284803,-0.5408189893,1
1423,321,-0.8254165649,-0.08840231597,1
1423,353,-0.6471151114,0.5892603397,1
1423,385,-0.5634098053,1.076293945,1
1423,417,-12.61492538,-10.47464752,1
1423,449,-14.73974895,12.72828102,1
1423,481,0.3862586617,1.139086485,1
1423,513,1.402896047,1.403268099,1
1423,545,-0.0722386241,1.701714396,1
1423,577,-1.070012093,2.10610652,1
1423,609,-2.094903946,2.027754068,1
1423,641,-2.369018555,1.569067955,1
1423,673,-1.308368921,1.587850094,1
1423,705,-0.2119854093,-0.1612930298,1
1423,737,0.5713486075,-0.256972611,1
1423,769,1.056241393,-1.151062965,1
1423,801,1.325630665,-0.6816236973,1
1423,833,1.241076469,-0.1682598293,1
1423,865,0.1911832094,-0.1276212931,1
1423,897,-5.180323601,3.632483959,1
1423,929,-4.884829998,2.451064587,1
1423,961,-5.56678009,1.799296379,1
1423,993,-6.963557243,2.804639816,1
1423,1025,-6.907262802,3.098430872,1
1423,1057,-7.568459988,2.465226412,1
1423,1089,-13.18629837,-0.6831179857,1
1423,1121,-6.848843575,-2.234684467,1
1423,1153,-6.841240883,-2.711618185,1
1423,1185,-6.080104828,-18.04372787,1
1423,1217,-5.837664604,-3.41591382,1
1423,1249,-6.736038208,-3.550108671,1
1423,1281,3.071476936,12.65287495,1
1423,1313,-7.247639179,-4.926006317,1
1423,1345,-6.937645435,-6.675675392,1
1423,1377,-6.193553925,-5.073487759,1
1423,1409,-5.585328102,-3.604963303,1
1423,1441,-5.118404865,-4.489342213,1
1423,1473,-3.594176531,-5.053395271,1
1423,1505,-1.103760719,-5.15346384,1
1423,1537,-0.2996647358,-5.423269749,1
1423,1569,1.254063606,-4.478518486,1
1423,1601,4.150482655,-3.581255913,1
1423,1633,4.610056877,-2.490793943,1
1423,1665,2.667238951,-1.218091249,1
1423,1697,1.91395247,-1.643677711,1
1423,1729,0.9611210823,-2.293246269,1
1423,1761,0.1127929091,-2.617348433,1
1423,1793,-0.3507990241,-2.858548164,1
1423,1825,-0.0381732583,-3.28545332,1
1423,1857,0.1827820539,-3.396974564,1
1423,1889,-0.03775072098,-2.947395802,1
1423,1921,-0.4994807243,-5.706034184,1
1423,1953,0.4205772877,-5.516815186,1
1423,1985,1.268045902,-3.201312542,1
1423,2017,2.093141079,-0.9800517559,1
1455,33,0.03884357214,0.9538645744,1
1455,65,0.8207976222,-1.690768361,1
1455,97,0.8769484162,-0.6051030755,1
1455,129,0.1797785759,-0.6159120798,1
1455,161,-0.7251322865,-2.564013004,1
1455,193,0.567540586,-0.9027174711,1
1455,225,1.830796719,-0.2921512723,1
1455,257,1.18565774,-0.2232190371,1
1455,289,0.09896671772,-1.027879,1
1455,321,0.1571422666,-0.001878246665,1
1455,353,0.3428705931,1.362977266,1
1455,385,0.2295179218,1.886168718,1
1455,417,0.2590512931,2.712099314,1
1455,449,12.68062973,-13.65041828,1
1455,481,0.6620236039,1.592725754,1
1455,513,1.13676703,1.927694559,1
1455,545,-0.2074197531,2.735317469,1
1455,577,-2.116973877,2.800497532,1
1455,609,-3.23890686,1.958031893,1
1455,641,-2.110827446,1.704082012,1
1455,673,-0.465337038,2.083705902,1
1455,705,10.51762962,-4.861922741,1
1455,737,0.9612681866,-0.4341564775,1
1455,769,-0.3550370336,-0.3463590145,1
1455,801,-0.6408256292,19.12971878,1
1455,833,0.09801721573,-0.1600481868,1
1455,865,-1.077475905,-0.2506675124,1
1455,897,-2.986590147,1.149223566,1
1455,929,-3.168194532,1.987286568,1
1455,961,-3.492839336,0.8408623934,1
1455,993,-4.383427143,0.01127633452,1
1455,1025,-5.00705719,0.8174380064,1
1455,1057,-7.11850214,0.9923993349,1
1455,1089,-20.20672417,-1.734987974,1
1455,1121,-17.29209328,-1.672197819,1
1455,1153,-6.169126987,6.929632664,1
1455,1185,-4.189608574,-3.093512058,1
1455,1217,1.429029942,-0.4106893539,1
1455,1249,-18.97925568,10.82273197,1
1455,1281,-14.87967873,-15.57134247,1
1455,1313,-12.20090389,-12.64983559,1
1455,1345,-8.424041748,-9.792392731,1
1455,1377,-8.175495148,-7.91119051,1
1455,1409,-7.530002117,-5.035699844,1
1455,1441,-6.452468872,-5.218001366,1
1455,1473,-4.406453609,-5.144960403,1
1455,1505,-2.305298567,-5.199487209,1
1455,1537,-1.661772013,-5.086567879,1
1455,1569,-0.553080976,-4.694359303,1
1455,1601,2.278967381,-3.712552071,1
1455,1633,4.68795681,-2.234511137,1
1455,1665,3.062111855,-2.687936783,1
1455,1697,1.851322889,-1.657925606,1
1455,1729,0.5293234587,-0.7832798958,1
1455,1761,0.1650483012,-2.132710218,1
1455,1793,0.1029791832,-2.302202463,1
1455,1825,0.187817961,-2.323263645,1
1455,1857,0.9818820357,-2.917035103,1
1455,1889,0.6538301706,-7.242799759,1
1455,1921,0.5716079473,-8.488013268,1
1455,1953,1.258649111,-6.996567726,1
1455,1985,-11.02205753,-2.474607944,1
1455,2017,1.279690027,-0.2504922152,1
1487,33,-0.121925056,1.038615465,1
1487,65,0.3393452168,-1.383453131,1
1487,97,0.5340444446,-0.8640245199,1
1487,129,0.5619587302,-1.125119925,1
1487,161,-1.362093568,-1.427594066,1
1487,193,-0.3509803414,-0.6672196388,1
1487,225,2.075361729,-0.815924108,1
1487,257,2.580763102,-1.19890976,1
1487,289,0.3278160393,-1.527295828,1
1487,321,0.072773844,0.01254451275,1
1487,353,0.3888318241,2.229164839,1
1487,385,1.06267786,3.889929056,1
1487,417,3.777379751,-17.41055679,1
1487,449,0.8490661383,2.336976528,1
1487,481,0.8262348175,3.148412704,1
1487,513,0.550103426,2.320362091,1
1487,545,-0.873608768,3.356313467,1
1487,577,-2.359690189,2.911769629,1
1487,609,-2.889059782,2.3957057,1
1487,641,-1.734415889,1.824427009,1
1487,673,0.06202614307,1.593734384,1
1487,705,-1.187835217,1.305143714,1
1487,737,-1.730950117,1.722585559,1
1487,769,-2.594567299,2.537329912,1
1487,801,-2.762205124,1.430541873,1
1487,833,-2.426917315,0.4638563991,1
1487,865,-3.048900366,1.017405033,1
1487,897,-2.630521536,0.8771772385,1
1487,929,-1.987274647,0.6505003572,1
1487,961,-1.983883381,0.1248098016,1
1487,993,-3.637047768,-0.3431631923,1
1487,1025,-5.401579857,-1.781351686,1
1487,1057,-6.834170341,-2.69085598,1
1487,1089,-8.790756226,-3.736074448,1
1487,1121,-24.33820343,-3.373574734,1
1487,1153,15.39961433,-7.2626791,1
1487,1185,-20.36225891,4.0966115,1
1487,1217,-2.439795017,-5.53791523,1
1487,1249,-24.25602722,-13.77722263,1
1487,1281,-20.89815331,-13.20305443,1
1487,1313,-10.59362984,-12.21547318,1
1487,1345,-11.51833344,-12.12626266,1
1487,1377,-9.518508911,-11.74228954,1
1487,1409,-8.047696114,-8.302783012,1
1487,1441,2.577679157,-14.16888332,1
1487,1473,-5.406709671,-5.50069809,1
1487,1505,-4.643233299,-4.557748318,1
1487,1537,-3.577495575,-4.463673115,1
1487,1569,-2.348931313,-4.606937408,1
1487,1601,0.2423440218,-3.824407101,1
1487,1633,2.057800055,-2.562940598,1
1487,1665,1.432129264,-3.329841852,1
1487,1697,1.132053852,-1.051541328,1
1487,1729,0.0862429142,-0.3307003975,1
1487,1761,0.8365232944,-1.896145105,1
1487,1793,0.8626979589,-2.100175381,1
1487,1825,0.4854618311,-2.489322662,1
1487,1857,0.8924691677,-4.243911266,1
1487,1889,0.2570962906,-8.448721886,1
1487,1921,0.2252206802,-8.107660294,1
1487,1953,1.916341901,-4.701475143,1
1487,1985,1.272529721,-2.854907513,1
1487,2017,1.537700295,-0.2681334019,1
1519,33,0.340007484,1.073825121,1
1519,65,0.185074985,-1.406900764,1
1519,97,0.2654438615,-1.415846586,1
1519,129,-0.03371894732,-0.50714463,1
1519,161,-0.8770549893,-0.7655056119,1
1519,193,-0.2434795648,-0.8928143978,1
1519,225,0.4108834863,-1.258445144,1
1519,257,0.5266073942,-1.981151342,1
1519,289,-0.2912212908,-0.6452689171,1
1519,321,-1.092476964,0.1336624026,1
1519,353,-1.516898274,1.176735163,1
1519,385,-13.78209686,15.82060814,1
1519,417,-11.00822449,13.17618752,1
1519,449,1.277771592,1.784655571,1
1519,481,0.4527429938,2.23062706,1
1519,513,-1.445468068,1.708041191,1
1519,545,-1.204404831,2.59005332,1
1519,577,-1.361209869,2.776419878,1
1519,609,-1.402806401,2.789820433,1
1519,641,-1.417282462,2.597664833,1
1519,673,-3.984821558,2.960160017,1
1519,705,-3.924965382,1.106154084,1
1519,737,-3.022229671,1.868644714,1
1519,769,-3.882908106,1.609272242,1
1519,801,-3.319069386,1.095991015,1
1519,833,-2.303978443,-0.06664711237,1
1519,865,-2.273130417,0.7577979565,1
1519,897,-2.073801041,0.7898066044,1
1519,929,-1.416787624,-0.1994339228,1
1519,961,-1.958389759,-0.6754384041,1
1519,993,-3.690597534,-1.305712342,1
1519,1025,-6.084944725,-3.925775766,1
1519,1057,-7.337343216,-4.611740589,1
1519,1089,-6.686545372,-2.895544291,1
1519,1121,-12.17471218,-1.751303196,1
1519,1153,-12.79525375,-2.815571785,1
1519,1185,-22.79918671,-9.245221138,1
1519,1217,-24.96896172,-11.08823204,1
1519,1249,-3.847950459,-2.617751598,1
1519,1281,-19.07294655,-13.9967432,1
1519,1313,-14.83202648,-14.78783512,1
1519,1345,-12.90954018,-12.4271059,1
1519,1377,-11.26048374,-12.02833271,1
1519,1409,-9.314034462,-10.58354664,1
1519,1441,-9.027965546,-10.20016193,1
1519,1473,-6.466498375,-6.675041676,1
1519,1505,-5.610822201,-4.758512497,1
1519,1537,-4.079190731,-4.357043266,1
1519,1569,-2.446209669,-4.618177891,1
1519,1601,-0.3541271687,-4.24173069,1
1519,1633,0.4492732882,-4.032793045,1
1519,1665,0.02936151624,-3.896092415,1
1519,1697,0.3779209852,-3.187495232,1
1519,1729,0.8429859281,-2.181562662,1
1519,1761,0.7264049053,-2.040608168,1
1519,1793,0.7448140383,-1.370662451,1
1519,1825,0.5799741745,-2.149742603,1
1519,1857,1.245767951,-4.165722847,1
1519,1889,1.565564871,-3.616730213,1
1519,1921,1.700331807,-3.072003841,1
1519,1953,1.842069626,-4.249594688,1
1519,1985,1.329751134,-4.767150879,1
1519,2017,0.8416137099,-0.6267853975,1
1551,33,-0.1325296164,1.205119371,1
1551,65,0.03233796358,-1.997950196,1
1551,97,0.3671419322,-2.301005602,1
1551,129,0.1422048509,-0.7994867563,1
1551,161,-0.4580003619,-0.8099150658,1
1551,193,-0.04354118556,-1.641799688,1
1551,225,-0.1050066948,-1.843050241,1
1551,257,-0.7313619852,-0.329325974,1
1551,289,-1.265885711,-0.1787209511,1
1551,321,-1.931646228,-0.3850286305,1
1551,353,-2.498252869,-0.4670946598,1
1551,385,-1.180431962,0.1677269936,1
1551,417,0.6466750503,1.382984638,1
1551,449,1.591466546,2.128805161,1
1551,481,-1.6953336,1.133076429,1
1551,513,6.197547436,18.82873535,1
1551,545,-0.9380198717,2.724289417,1
1551,577,-1.016199112,2.486498833,1
1551,609,-0.967615962,1.925039291,1
1551,641,-0.3436784744,1.159237385,1
1551,673,-1.927752256,0.7081749439,1
1551,705,-3.790884733,0.5751387477,1
1551,737,-3.251524448,1.298622608,1
1551,769,-3.29450345,0.8236386776,1
1551,801,-3.182686329,-0.4795868397,1
1551,833,-2.80832696,-0.009669780731,1
1551,865,-1.834608793,0.4113417268,1
1551,897,-0.8523955345,1.558324814,1
1551,929,-1.344368458,-0.3439922929,1
1551,961,-3.136940002,-2.063173771,1
1551,993,-3.461299419,-2.172486782,1
1551,1025,-4.533537388,-2.646264315,1
1551,1057,-5.404957771,-3.660544157,1
1551,1089,-8.972585678,-2.784683228,1
1551,1121,-10.75385094,-1.99966526,1
1551,1153,-13.93138409,-0.4502199888,1
1551,1185,-21.88811493,-2.675076723,1
1551,1217,-24.18611908,-6.346515179,1
1551,1249,-25.30224991,1.875498772,1
1551,1281,8.822288513,-14.40670967,1
1551,1313,-11.10499954,-6.785290718,1
1551,1345,-14.03894234,-11.35934162,1
1551,1377,-12.90022564,-10.78741837,1
1551,1409,-11.70663929,-11.05172634,1
1551,1441,-10.16828728,-9.429803848,1
1551,1473,-7.671489716,-7.508331299,1
1551,1505,-5.381974697,-6.70017767,1
1551,1537,-3.426670313,-6.081196785,1
1551,1569,-2.320127964,-5.992366314,1
1551,1601,-1.687798738,-4.636734962,1
1551,1633,-1.134637594,-3.883932114,1
1551,1665,-1.230023026,-4.250747681,1
1551,1697,-1.120278478,-4.931427002,1
1551,1729,0.6325201392,-3.192529202,1
1551,1761,0.6514492035,-2.068293571,1
1551,1793,-0.9495598078,-1.399336338,1
1551,1825,0.132440567,-2.110783815,1
1551,1857,1.688953161,-5.306519508,1
1551,1889,3.401825428,-3.727088213,1
1551,1921,2.480628252,-3.423252344,1
1551,1953,1.382427931,-3.187080622,1
1551,1985,1.242673039,-3.157631636,1
1551,2017,1.318692207,-1.599562407,1
1583,33,0.221588999,1.431884527,1
1583,65,0.1978884786,-2.225252151,1
1583,97,0.4689765871,-3.132490158,1
1583,129,0.3228917122,-1.735938668,1
1583,161,0.00699993968,-1.47606945,1
1583,193,-0.7239168882,-1.410005569,1
1583,225,-1.123602748,-0.4890810251,1
1583,257,-0.8565148115,-0.4600179791,1
1583,289,-1.396446586,-0.3768762946,1
1583,321,-2.72403574,-0.9304481745,1
1583,353,-2.887882471,-0.6788157225,1
1583,385,-1.402928114,-0.4844546318,1
1583,417,-0.1656676531,0.3769877553,1
1583,449,0.4218569994,0.844271183,1
1583,481,-12.47270393,-10.76470089,1
1583,513,-6.173174381,20.1319561,1
1583,545,-1.047864676,3.498410225,1
1583,577,-1.01646018,1.544289947,1
1583,609,-0.7967920899,-0.3593816757,1
1583,641,-0.1070913076,-0.6021647453,1
1583,673,-0.247817874,-0.1802991033,1
1583,705,-2.01844883,-0.228399545,1
1583,737,-2.951098919,0.3690943718,1
1583,769,-2.181585312,-0.4378798306,1
1583,801,-1.915037274,-0.4892771244,1
1583,833,-1.783982635,-0.2059362084,1
1583,865,-1.576432943,0.3141154647,1
1583,897,-1.733933449,0.4887361526,1
1583,929,-2.328605652,-1.198163986,1
1583,961,-2.079263449,-3.144627094,1
1583,993,-3.885998964,-2.95908165,1
1583,1025,-5.274459839,-2.238244534,1
1583,1057,-4.20943737,-2.9179883,1
1583,1089,-3.043063641,-2.423887253,1
1583,1121,-2.576298237,-0.460241437,1
1583,1153,-6.081781387,-1.185152531,1
1583,1185,-1.339494705,-18.32390785,1
1583,1217,-21.50014496,-8.388370514,1
1583,1249,-22.57676506,-9.908617973,1
1583,1281,-21.68229866,-9.632676125,1
1583,1313,-13.45683289,-8.968645096,1
1583,1345,-14.14877319,-11.36801815,1
1583,1377,-12.98071575,-10.91740227,1
1583,1409,-13.22594452,-11.40513611,1
1583,1441,-11.1907835,-9.981403351,1
1583,1473,-8.683084488,-8.635597229,1
1583,1505,-5.32017374,-9.504556656,1
1583,1537,-3.451757908,-8.775878906,1
1583,1569,-2.450651169,-7.74900341,1
1583,1601,-2.127857924,-5.812501431,1
1583,1633,-2.791717529,-3.233108997,1
1583,1665,-1.617057085,-4.077667236,1
1583,1697,-1.408158064,-4.333143234,1
1583,1729,-0.3504711986,-3.876985073,1
1583,1761,0.4016728103,-3.17762804,1
1583,1793,-0.111117959,-3.046988487,1
1583,1825,0.6218259335,-4.283964634,1
1583,1857,1.723106623,-5.189466476,1
1583,1889,3.300256729,-4.25718689,1
1583,1921,2.84035778,-3.63257122,1
1583,1953,1.354341149,-3.194035053,1
1583,1985,1.589771032,-2.898519993,1
1583,2017,1.337004542,-2.510612726,1
1615,33,0.5859985352,-0.4070878029,1
1615,65,0.7562789917,-4.542393684,1
1615,97,0.7570123076,-4.32652235,1
1615,129,1.29615283,-2.702968121,1
1615,161,1.637486815,-2.356147051,1
1615,193,-0.5388746858,-2.277647972,1
1615,225,-0.906116426,-0.7672199011,1
1615,257,0.1456916332,0.2347255945,1
1615,289,-0.5632896423,-0.5070453882,1
1615,321,-1.831323147,-1.566281557,1
1615,353,-2.512432337,-0.7853580713,1
1615,385,1.227511644,6.426243782,1
1615,417,-3.074581146,-0.02609038353,1
1615,449,-1.152098894,0.2947818637,1
1615,481,-8.831133842,-12.08059883,1
1615,513,-0.998226881,1.888863325,1
1615,545,-1.12048161,1.465367794,1
1615,577,-0.952696085,-0.0272860527,1
1615,609,-0.3540791273,-0.6989821196,1
1615,641,-0.1614582241,0.925547123,1
1615,673,0.3805249929,0.7755668163,1
1615,705,-0.485296905,-0.8199916482,1
1615,737,-20.58971786,-3.792461157,1
1615,769,-1.124369144,-1.553719163,1
1615,801,-0.7922327518,-0.1834304035,1
1615,833,-0.1023956537,-0.4314631224,1
1615,865,-0.9390561581,-1.171471715,1
1615,897,-2.594943762,-1.467696309,1
1615,929,-3.266581535,-2.118155479,1
1615,961,-2.070162535,-2.674496889,1
1615,993,-4.290950775,-2.658196449,1
1615,1025,-6.643860817,-0.9169421196,1
1615,1057,-3.393392801,-1.603448629,1
1615,1089,-0.2269775867,-1.994885921,1
1615,1121,-0.3790173531,-0.3509025574,1
1615,1153,-3.313716888,-1.758961916,1
1615,1185,-8.168922424,-3.088751316,1
1615,1217,-11.82063866,-6.517009735,1
1615,1249,-15.15918446,-9.842483521,1
1615,1281,8.287413597,-1.179832458,1
1615,1313,-16.29125595,-12.11512756,1
1615,1345,-14.45217991,-12.7858963,1
1615,1377,-11.98003674,-11.45173836,1
1615,1409,-11.23796844,-9.386100769,1
1615,1441,10.36089039,-8.647926331,1
1615,1473,-7.520412922,-29.07510376,1
1615,1505,-6.133588791,-11.14308548,1
1615,1537,-4.571621895,-10.49219799,1
1615,1569,-2.717727184,-8.509037971,1
1615,1601,-1.754796982,-7.190249443,1
1615,1633,-2.398473263,-5.744423866,1
1615,1665,-2.399208069,-4.913720608,1
1615,1697,-1.384835005,-4.473414421,1
1615,1729,-0.5634889603,-4.496161461,1
1615,1761,0.1535080969,-4.657735348,1
1615,1793,0.5564273596,-5.491960049,1
1615,1825,0.7117015123,-5.031792641,1
1615,1857,1.915632963,-4.088455677,1
1615,1889,2.801762104,-3.850647926,1
1615,1921,2.89755249,-4.633511543,1
1615,1953,1.580749393,-3.848279953,1
1615,1985,1.20448935,-3.386515617,1
1615,2017,1.064406157,-2.447258472,1
1647,33,0.07947552204,-1.677437067,1
1647,65,1.663818836,-4.62240839,1
1647,97,0.6123588681,-3.206933022,1
1647,129,0.5895895958,-3.543838263,1
1647,161,5.571013451,1.900417089,1
1647,193,16.13499641,8.380043983,1
1647,225,18.75712776,-5.380689621,1
1647,257,-0.2755664587,6.107216835,1
1647,289,-0.8259608746,-0.2747972012,1
1647,321,-1.139671087,-1.186834812,1
1647,353,-1.152622461,-1.266388178,1
1647,385,-1.702470303,-0.2624596357,1
1647,417,-1.984677196,0.159989655,1
1647,449,-3.503447056,-1.698780537,1
1647,481,18.06426048,-3.898648262,1
1647,513,-1.629376888,0.2132767439,1
1647,545,-1.310506463,0.4642498493,1
1647,577,-1.265813231,0.1530735791,1
1647,609,-1.262582541,0.2764465809,1
1647,641,-0.3781739175,1.371903539,1
1647,673,0.1723445952,1.090883851,1
1647,705,0.707824409,-0.6557253003,1
1647,737,-0.1447351575,-1.134064078,1
1647,769,0.05161297321,-0.8312011957,1
1647,801,0.2614017427,-0.371175766,1
1647,833,-0.11188972,-0.9818031192,1
1647,865,-0.8445070982,-1.73864162,1
1647,897,-2.235398293,-2.42598033,1
1647,929,-3.635622025,-2.624796629,1
1647,961,-2.120185375,-2.988356829,1
1647,993,-2.355194569,-3.555577517,1
1647,1025,-3.981608629,-2.416787624,1
1647,1057,-3.565029383,-2.428211689,1
1647,1089,-1.06343627,-3.152526617,1
1647,1121,-2.131015539,-2.888053417,1
1647,1153,-7.997237206,-2.550037384,1
1647,1185,-10.423913,-3.459106922,1
1647,1217,-12.89566422,-5.664206028,1
1647,1249,-15.85439777,-9.208276749,1
1647,1281,-18.3705883,-11.26496696,1
1647,1313,-15.26378822,-12.47623825,1
1647,1345,-13.93084621,-14.04473782,1
1647,1377,-12.30369568,-11.43928719,1
1647,1409,-11.0657835,-10.58870697,1
1647,1441,-9.513626099,-9.015071869,1
1647,1473,-8.142827988,-9.184627533,1
1647,1505,-6.832010746,-9.393725395,1
1647,1537,-4.887757301,-9.094287872,1
1647,1569,-3.098715067,-8.567007065,1
1647,1601,-2.5897367,-7.631704807,1
1647,1633,-3.08450532,-7.028447628,1
1647,1665,-2.230924845,-6.696413994,1
1647,1697,-0.7724803686,-6.087853432,1
1647,1729,-0.3740180135,-5.673257828,1
1647,1761,-0.05469769239,-6.580606937,1
1647,1793,0.2655071616,-6.134175777,1
1647,1825,-0.304864496,-4.618840694,1
1647,1857,0.5241162777,-4.014480114,1
1647,1889,1.264486074,-4.063871384,1
1647,1921,1.769388676,-5.392819405,1
1647,1953,1.58790946,-4.385318756,1
1647,1985,1.226123095,-3.657604694,1
1647,2017,1.167216063,-2.354876041,1
1679,33,-0.6752896309,1.104576588,1
1679,65,-0.1006469727,-1.211317658,1
1679,97,0.2112249732,-2.728650808,1
1679,129,-5.712945461,-21.24148941,1
1679,161,-0.1218745112,-1.995599508,1
1679,193,-0.602897048,-2.397686481,1
1679,225,-13.30823326,6.460694313,1
1679,257,-4.916110992,-8.709465981,1
1679,289,6.578095436,-17.52657509,1
1679,321,-2.334192038,-1.998708487,1
1679,353,-1.120979548,-1.683531046,1
1679,385,-1.883901954,-0.1217067242,1
1679,417,-1.530494571,-2.077157974,1
1679,449,-2.381598949,-3.563726902,1
1679,481,-4.61916256,-1.859371901,1
1679,513,-3.390928984,-0.9510083795,1
1679,545,-1.699978948,-0.5110054016,1
1679,577,-1.424403906,-0.7204188108,1
1679,609,-1.275509596,-0.205249548,1
1679,641,-0.7053437829,0.2995453775,1
1679,673,-0.43082726,-0.02326986194,1
1679,705,-0.006888210773,-0.8952676058,1
1679,737,-0.02238363028,-0.7376154661,1
1679,769,0.388238728,0.1112730503,1
1679,801,0.5624451041,-0.6833645105,1
1679,833,0.3937701583,-2.430840492,1
1679,865,-0.2602500916,-2.097084522,1
1679,897,-0.8731660843,-1.636515379,1
1679,929,-1.536133289,-2.388999224,1
1679,961,-1.898018479,-3.129766703,1
1679,993,-2.19730854,-4.293964386,1
1679,1025,-1.952321291,-3.564244032,1
1679,1057,-0.9990192652,-3.238751411,1
1679,1089,0.1363347769,-4.063238144,1
1679,1121,-0.5469088554,-3.30446744,1
1679,1153,-5.178239346,-3.818125963,1
1679,1185,-8.400529861,-3.460255146,1
1679,1217,3.36531496,11.66844559,1
1679,1249,-16.2205658,-7.586968422,1
1679,1281,-16.99513626,-9.752656937,1
1679,1313,-13.33393097,-11.91835213,1
1679,1345,-12.42076397,-12.97659302,1
1679,1377,-11.23914146,-10.68562889,1
1679,1409,-11.21478367,-10.62304878,1
1679,1441,-10.12551022,-9.32601738,1
1679,1473,-9.075730324,-8.614362717,1
1679,1505,-8.478863716,-8.610505104,1
1679,1537,-5.675859928,-8.599591255,1
1679,1569,-3.669159651,-8.826905251,1
1679,1601,-3.219403982,-8.693600655,1
1679,1633,-2.306606054,-8.584360123,1
1679,1665,-1.701372623,-8.536211014,1
1679,1697,-0.5054740906,-8.143727303,1
1679,1729,-0.2408844233,-7.722310066,1
1679,1761,-0.9892748594,-8.152649879,1
1679,1793,-1.073227644,-5.312687397,1
1679,1825,-1.664190531,-4.212085247,1
1679,1857,-0.7167720795,-4.459781647,1
1679,1889,-0.06365406513,-3.729009867,1
1679,1921,1.566900253,-4.334709644,1
1679,1953,2.949155807,-4.611969948,1
1679,1985,2.446017504,-4.019886494,1
1679,2017,1.241065621,-2.534005404,1
1711,33,-1.9795959,1.509165406,1
1711,65,-0.9443215132,-0.4617142379,1
1711,97,-0.2651088238,-2.310854912,1
1711,129,0.1619967222,-2.542318583,1
1711,161,-0.4244293571,-2.306523561,1
1711,193,-1.473483443,-2.494624376,1
1711,225,-2.422916174,-2.692200422,1
1711,257,-3.762081146,-1.169764042,1
1711,289,-2.892260551,-2.599032879,1
1711,321,-1.969591498,-3.736155987,1
1711,353,-1.338527083,-3.68033886,1
1711,385,-0.9971311688,-1.858812332,1
1711,417,1.138350606,-4.607764721,1
1711,449,0.08762568235,-4.559916973,1
1711,481,-2.171791077,-2.179957867,1
1711,513,-1.766131282,-1.607763648,1
1711,545,-1.302258372,-1.733661771,1
1711,577,-1.420149565,-1.643827558,1
1711,609,-1.14536047,-1.191597104,1
1711,641,-0.7024310231,-0.6478466988,1
1711,673,-0.5783784389,-0.5150545835,1
1711,705,-0.08584058285,-0.7391155362,1
1711,737,-0.0673148483,-0.6955455542,1
1711,769,0.1463985592,-0.6612964869,1
1711,801,0.4422675371,-0.8875840902,1
1711,833,1.083529949,-3.879256725,1
1711,865,2.463178635,-3.330758333,1
1711,897,2.060903549,-1.348104715,1
1711,929,0.4029681683,-1.109072208,1
1711,961,-1.06253171,-2.634637117,1
1711,993,-1.948949814,-2.812782764,1
1711,1025,-1.516753554,-3.147437811,1
1711,1057,-0.6213614941,-4.427443504,1
1711,1089,-0.484013319,-4.555588722,1
1711,1121,-0.753623724,-3.260728359,1
1711,1153,-4.610387802,-3.497797728,1
1711,1185,-7.57464838,-3.740273476,1
1711,1217,-14.15037537,-4.914401531,1
1711,1249,-15.5539875,-6.037068844,1
1711,1281,-14.81553268,-7.295104504,1
1711,1313,-13.5003624,-9.489992142,1
1711,1345,-13.00481224,-10.1070118,1
1711,1377,-11.70064831,-9.421396255,1
1711,1409,-10.54044533,-9.545483589,1
1711,1441,-9.775344849,-8.878743172,1
1711,1473,-8.780836105,-7.840110779,1
1711,1505,-7.141009331,-7.106430054,1
1711,1537,-3.624975204,-8.223104477,1
1711,1569,-3.429817915,-9.575316429,1
1711,1601,-3.134189606,-9.82546711,1
1711,1633,-2.151231766,-9.415780067,1
1711,1665,-1.576224566,-8.444987297,1
1711,1697,-0.9112900496,-7.940635681,1
1711,1729,-0.7753095627,-7.692824364,1
1711,1761,-0.8621582985,-7.710704327,1
1711,1793,-0.7239638567,-4.816329479,1
1711,1825,-1.143625259,-4.733564377,1
1711,1857,0.06129005551,-4.077506542,1
1711,1889,1.524641991,-3.513757229,1
1711,1921,1.997779369,-4.1734128,1
1711,1953,2.598656178,-4.622107029,1
1711,1985,3.284883261,-3.980329275,1
1711,2017,0.9946775436,-2.768627405,1
1743,33,-1.065272093,-1.334247589,1
1743,65,-2.070636034,6.410455704,1
1743,97,-0.3483757973,-2.054122686,1
1743,129,-0.4465116262,-3.727499723,1
1743,161,-0.6791615486,-3.891549349,1
1743,193,-2.7530756,-2.556456566,1
1743,225,-4.076116085,-2.471887112,1
1743,257,-3.172477245,-2.227490664,1
1743,289,-3.161281109,-2.671911001,1
1743,321,-2.390761375,-3.698153257,1
1743,353,-1.617129803,-4.646334648,1
1743,385,-1.090352416,-4.47598505,1
1743,417,-0.05316978693,-4.365040779,1
1743,449,0.8057225943,-4.773391724,1
1743,481,0.1755259037,-3.116910934,1
1743,513,-0.6247417927,-2.440003633,1
1743,545,-0.9098837376,-2.148335934,1
1743,577,-0.9621765614,-1.724932909,1
1743,609,-1.36390686,-1.211309791,1
1743,641,-1.385137796,-1.002747774,1
1743,673,-0.9331474304,-0.4804117084,1
1743,705,-0.3412902951,-0.7199479342,1
1743,737,0.04586964846,-1.417243719,1
1743,769,-0.1189422309,-2.147540569,1
1743,801,-0.7535018921,-1.399502039,1
1743,833,0.8575828075,-1.018699884,1
1743,865,3.525146961,-0.8703758717,1
1743,897,2.347408056,-1.582262039,1
1743,929,0.1323850155,-2.005329132,1
1743,961,-0.3750355244,-2.779294252,1
1743,993,-0.9084542394,-2.316435337,1
1743,1025,-0.9592688084,-2.809113741,1
1743,1057,-0.6247420311,-4.222503662,1
1743,1089,-0.9352893829,-4.31037426,1
1743,1121,0.2752978802,-0.7930922508,1
1743,1153,-4.053221226,-2.22309804,1
1743,1185,-7.198039055,-3.292268276,1
1743,1217,-12.4587574,-3.939774513,1
1743,1249,-13.88454437,-5.06261158,1
1743,1281,-14.34452343,-6.834404945,1
1743,1313,-12.68638802,-8.184239388,1
1743,1345,-12.28778076,-9.145715714,1
1743,1377,-11.59889698,-9.093184471,1
1743,1409,-9.902099609,-8.877207756,1
1743,1441,-8.391737938,-8.57174778,1
1743,1473,-7.960978031,-7.978830338,1
1743,1505,-6.296919823,-7.154636383,1
1743,1537,-3.546380043,-7.800820827,1
1743,1569,-3.965663433,-8.80254364,1
1743,1601,-4.709798813,-9.606066704,1
1743,1633,-2.450989962,-9.523780823,1
1743,1665,-1.813974738,-8.313775063,1
1743,1697,-1.039297223,-7.12146759,1
1743,1729,-0.890750289,-7.289869308,1
1743,1761,-11.55980778,9.898908615,1
1743,1793,-9.722270012,6.050067902,1
1743,1825,-0.3401281834,-4.161301613,1
1743,1857,0.1823192239,-3.605797052,1
1743,1889,0.7609264851,-3.72763443,1
1743,1921,0.07188463211,-4.968457222,1
1743,1953,-0.5315521359,-4.627960205,1
1743,1985,1.553874135,-3.477990627,1
1743,2017,1.086523414,-2.91599679,1
1775,33,2.103941917,4.022883415,1
1775,65,-0.9021410346,-3.083105087,1
1775,97,-0.6490449905,-4.246425152,1
1775,129,-0.7362115383,-6.092003822,1
1775,161,-1.504255056,-3.709485769,1
1775,193,-2.756211519,-2.406306505,1
1775,225,-3.093167067,-2.275463343,1
1775,257,-2.582125902,-2.630954266,1
1775,289,-3.219135761,-3.8019104,1
1775,321,-2.816277027,-5.125611782,1
1775,353,-1.358347893,-5.122885227,1
1775,385,-1.641706944,-5.028103828,1
1775,417,-20.01006126,-8.433794022,1
1775,449,0.3848495781,-4.484481812,1
1775,481,0.8637506962,-3.517463207,1
1775,513,-0.4001854658,-2.665640116,1
1775,545,-0.6711829305,-2.239771366,1
1775,577,-0.5259563923,-1.417223811,1
1775,609,-1.675741553,-0.9192962646,1
1775,641,-2.347686768,-0.5612695217,1
1775,673,-2.232816219,0.03355395794,1
1775,705,-0.9835104346,-1.032135963,1
1775,737,-0.115073204,-2.139693499,1
1775,769,0.4329164624,-3.456529856,1
1775,801,-1.765008688,-3.71135664,1
1775,833,0.7542201281,-1.562268734,1
1775,865,2.276064634,-1.053562403,1
1775,897,2.719460964,-0.7349932194,1
1775,929,0.8513050675,-1.660153151,1
1775,961,-0.1887066662,-2.216771841,1
1775,993,-0.4330720305,-2.178208113,1
1775,1025,1.431873798,-2.691088676,1
1775,1057,1.798799992,-3.362193108,1
1775,1089,-0.3618211746,-2.932343483,1
1775,1121,-1.462766171,-2.507045984,1
1775,1153,-4.13028574,-1.490843058,1
1775,1185,-8.323148727,-3.21754694,1
1775,1217,-7.788764,-2.749449492,1
1775,1249,-8.728572845,-3.143374443,1
1775,1281,-11.58372974,-6.146311283,1
1775,1313,-11.94065189,-7.827078342,1
1775,1345,-11.22166348,-9.148601532,1
1775,1377,-11.03381157,-9.169242859,1
1775,1409,-9.487740517,-9.032884598,1
1775,1441,-8.010170937,-8.696293831,1
1775,1473,-7.837520123,-8.473898888,1
1775,1505,-6.984053135,-8.054884911,1
1775,1537,-5.418132782,-7.984877586,1
1775,1569,-5.130832672,-9.166121483,1
1775,1601,-4.800874233,-9.935611725,1
1775,1633,-1.958174229,-9.78800106,1
1775,1665,-0.7052335739,-8.741718292,1
1775,1697,-1.658535361,-8.084695816,1
1775,1729,-2.210509777,-10.02068233,1
1775,1761,7.55324173,10.80743313,1
1775,1793,-0.5951482058,-5.477124691,1
1775,1825,-0.7857729793,-3.277353764,1
1775,1857,-0.7496666908,-3.119520187,1
1775,1889,-0.9482266307,-2.166422844,1
1775,1921,-0.9052234888,-4.091871262,1
1775,1953,-1.23844409,-4.924235821,1
1775,1985,-0.17852512,-3.536520004,1
1775,2017,0.9811903238,-3.167389631,1
1807,33,1.094727278,4.889211655,1
1807,65,-1.492022753,-3.603464603,1
1807,97,-2.507468939,-5.454568386,1
1807,129,-2.25457716,-4.358595848,1
1807,161,-1.577916384,-3.282801151,1
1807,193,-1.461952209,-2.498648882,1
1807,225,-2.134978294,-1.920269251,1
1807,257,-2.795331955,-2.007695436,1
1807,289,-3.827703953,-3.844554901,1
1807,321,-2.86920476,-5.948228836,1
1807,353,-1.68269062,-5.404102325,1
1807,385,-0.6673812866,-5.935900211,1
1807,417,-0.06332206726,-5.971741199,1
1807,449,-0.5295666456,-4.146514893,1
1807,481,-1.28250277,-3.789084435,1
1807,513,-2.353728771,-3.099080086,1
1807,545,-1.279049754,-2.050844669,1
1807,577,-0.726113975,-1.334980488,1
1807,609,-1.524152756,-1.218710542,1
1807,641,-1.641449809,-0.9437519312,1
1807,673,-1.410364747,-0.5207874775,1
1807,705,-1.367262125,-1.333701611,1
1807,737,-0.7584088445,-2.571576357,1
1807,769,-0.6354216337,-3.789402485,1
1807,801,-0.5043832064,-2.385092258,1
1807,833,-0.5732002258,-1.453144312,1
1807,865,-0.2119220197,-1.233459234,1
1807,897,0.9141255617,-0.9143671989,1
1807,929,0.316003859,-1.235087633,1
1807,961,-0.3157035112,-1.795519233,1
1807,993,-0.59614259,-2.282115459,1
1807,1025,0.6149973869,-2.741518736,1
1807,1057,0.1327950954,-3.463410378,1
1807,1089,-2.39777112,-3.034473896,1
1807,1121,-3.626232624,-2.730564594,1
1807,1153,-5.659191132,-2.035894871,1
1807,1185,-7.86532402,-3.037440062,1
1807,1217,-9.132743835,-2.242082357,1
1807,1249,-8.759298325,-3.744566441,1
1807,1281,-9.181720734,-5.928981304,1
1807,1313,-10.60030651,-7.813473225,1
1807,1345,-11.02086163,-9.142776489,1
1807,1377,-10.7179184,-9.011776924,1
1807,1409,-10.10515976,-8.654719353,1
1807,1441,-8.390714645,-9.109260559,1
1807,1473,-7.431890488,-9.305044174,1
1807,1505,-7.034602165,-9.987814903,1
1807,1537,-6.236236095,-9.698068619,1
1807,1569,-6.341378212,-9.914299965,1
1807,1601,-5.123417854,-9.942808151,1
1807,1633,-2.695264339,-9.283032417,1
1807,1665,-0.5191428661,-8.562767982,1
1807,1697,-1.848994493,-9.009391785,1
1807,1729,-2.28798914,-8.615688324,1
1807,1761,-1.148028612,-7.252255917,1
1807,1793,-1.218430519,-5.438933849,1
1807,1825,-1.127745867,-4.527625084,1
1807,1857,-0.6820418835,-4.23094368,1
1807,1889,0.07744067907,-4.444810867,1
1807,1921,0.6573152542,-4.534034729,1
1807,1953,0.6454591751,-5.111350536,1
1807,1985,0.7726947665,-3.183897495,1
1807,2017,3.436122417,-3.522632122,1
1839,33,12.45780945,5.494581699,1
1839,65,-0.8400439024,-4.4533391,1
1839,97,-3.512094021,-6.076941013,1
1839,129,-12.74948311,-12.67732525,1
1839,161,-2.09193182,-3.875986814,1
1839,193,-1.498267174,-3.26422739,1
1839,225,-1.468859434,-3.358681202,1
1839,257,-3.612193584,-3.440812349,1
1839,289,-3.388702393,-21.09259033,1
1839,321,-1.914474487,-5.073668003,1
1839,353,-20.99246597,-6.241559029,1
1839,385,-1.404877305,-5.593281269,1
1839,417,-1.423201799,-5.990549564,1
1839,449,-1.352547288,-5.249572277,1
1839,481,-1.146733284,-4.229068279,1
1839,513,-2.069676876,-3.326137066,1
1839,545,-1.662351966,-2.945036888,1
1839,577,-1.092968702,-2.318271875,1
1839,609,-1.180636168,-2.283149719,1
1839,641,-0.1933569908,-1.588096976,1
1839,673,0.1122957468,-0.9792566299,1
1839,705,-0.9044464827,-0.3842355013,1
1839,737,-1.032223225,-1.691226602,1
1839,769,-1.111683846,-2.028449059,1
1839,801,-0.9690651894,-0.9192123413,1
1839,833,-0.394942522,-0.8431327343,1
1839,865,-0.2899923921,-0.8332110047,1
1839,897,-0.8301433921,-0.4067872763,1
1839,929,-1.168389201,-0.2396230698,1
1839,961,-0.9394375086,-1.399952531,1
1839,993,-1.493346572,-2.397574902,1
1839,1025,-1.744279385,-2.565906525,1
1839,1057,-1.854444981,-2.049624443,1
1839,1089,-4.627451897,-3.196902514,1
1839,1121,-5.994009018,-3.272418022,1
1839,1153,-7.338213444,-2.858007431,1
1839,1185,-9.087768555,-2.746387243,1
1839,1217,-9.319563866,-2.604880333,1
1839,1249,-8.643027306,-5.123945713,1
1839,1281,-8.60146904,-6.476156235,1
1839,1313,-11.00077248,-8.230379105,1
1839,1345,-11.39652252,-9.064218521,1
1839,1377,-11.93236923,-9.025453568,1
1839,1409,-11.7652998,-8.627307892,1
1839,1441,-8.957364082,-8.231732368,1
1839,1473,-6.228438854,-8.552405357,1
1839,1505,-7.059666634,-9.585600853,1
1839,1537,-6.679832935,-9.157696724,1
1839,1569,-6.719582081,-9.787696838,1
1839,1601,-5.957141876,-10.08297825,1
1839,1633,-11.8762455,3.636927605,1
1839,1665,-2.097356558,-8.674191475,1
1839,1697,-1.307963967,-8.227935791,1
1839,1729,-1.337296486,-7.439143658,1
1839,1761,-1.246377826,-6.478713036,1
1839,1793,-1.044715524,-5.491573811,1
1839,1825,-0.8577905297,-5.525145054,1
1839,1857,0.05352151394,-5.280179024,1
1839,1889,0.8651889563,-4.956431389,1
1839,1921,1.262990713,-4.953022957,1
1839,1953,1.482592344,-4.951678276,1
1839,1985,1.088131428,-3.295245171,1
1839,2017,0.7129670978,-4.009290218,1
1871,33,-4.515846252,5.58929491,1
1871,65,-0.06537139416,-4.953349113,1
1871,97,-0.187400341,-7.287594795,1
1871,129,-2.438165188,-4.556908607,1
1871,161,-2.182328701,-3.991500854,1
1871,193,-1.741541982,-4.669733047,1
1871,225,-1.626260757,-4.78717804,1
1871,257,-0.8154203892,-4.938407898,1
1871,289,-0.1229240894,-6.099458694,1
1871,321,-13.01371956,-1.99962616,1
1871,353,-0.8171120882,-3.897469521,1
1871,385,-2.35790205,-4.824148178,1
1871,417,-3.402626753,-5.746427059,1
1871,449,-1.161795259,-5.437693119,1
1871,481,-0.8193342686,-4.729165554,1
1871,513,-0.3925514221,-3.573496103,1
1871,545,-0.6072664261,-3.228446484,1
1871,577,-9.022817612,-15.52950287,1
1871,609,-1.178457022,-3.040030956,1
1871,641,0.1670254469,-1.581504226,1
1871,673,-0.154084444,-0.7212414742,1
1871,705,-4.489656925,17.83817482,1
1871,737,-1.686536908,-1.234677434,1
1871,769,-1.891621232,-0.7260850668,1
1871,801,-0.8373758793,-0.6403154135,1
1871,833,0.06576067209,-1.329711676,1
1871,865,0.1972025931,-1.235601544,1
1871,897,-0.837223351,0.2798863649,1
1871,929,-2.021318913,-0.05187499523,1
1871,961,-2.102305651,-0.9813742638,1
1871,993,-1.956534147,-1.887334228,1
1871,1025,-2.496707201,-2.180763006,1
1871,1057,-2.953743696,-2.519126654,1
1871,1089,-4.982021332,-3.916609049,1
1871,1121,-7.258438587,-4.226125717,1
1871,1153,-8.619840622,-3.001937151,1
1871,1185,-9.988240242,-2.509785891,1
1871,1217,-9.751543999,-2.667547464,1
1871,1249,-9.528572083,-5.279733658,1
1871,1281,-10.17094994,-6.585962296,1
1871,1313,-11.50603867,-7.857626438,1
1871,1345,-11.74757385,-8.869344711,1
1871,1377,-12.19467449,-8.877367973,1
1871,1409,-10.67445374,-7.744760513,1
1871,1441,-7.874162674,-6.820666313,1
1871,1473,-5.082686901,-7.95440197,1
1871,1505,-6.058698177,-8.592092514,1
1871,1537,-6.710093021,-8.875782967,1
1871,1569,-6.832446575,-9.189242363,1
1871,1601,-5.742494106,-8.396487236,1
1871,1633,-4.41613245,-7.911664963,1
1871,1665,-2.915288687,-8.299043655,1
1871,1697,-1.253571153,-7.835518837,1
1871,1729,-0.7651368976,-7.194469929,1
1871,1761,-0.6481913924,-6.744586468,1
1871,1793,-0.8825259209,-6.181580067,1
1871,1825,-0.3735871315,-7.19444561,1
1871,1857,0.6544116735,-6.061681747,1
1871,1889,0.9859689474,-5.524263382,1
1871,1921,1.076822281,-5.558687687,1
1871,1953,7.210661411,-5.841701984,1
1871,1985,0.8687124252,-3.891988754,1
1871,2017,-1.167753816,-4.632351398,1
1903,33,0.03366497159,5.079822063,1
1903,65,0.851267457,-5.700335503,1
1903,97,0.7695726156,-8.08203125,1
1903,129,-1.616475105,-4.522761822,1
1903,161,0.1501133442,-4.757472038,1
1903,193,-0.8319369555,-5.042447567,1
1903,225,-1.438246369,-4.508798122,1
1903,257,-0.9439872503,-4.616807938,1
1903,289,-0.7018665075,-4.581001282,1
1903,321,-1.32363987,-4.419449329,1
1903,353,-1.446356773,-24.21089172,1
1903,385,-2.04025507,-4.638706207,1
1903,417,-1.699672341,-5.20099926,1
1903,449,0.0753210783,-4.984282494,1
1903,481,1.058205724,-3.78107357,1
1903,513,1.193996429,-3.460765123,1
1903,545,-0.6062835455,-4.135829926,1
1903,577,-1.55017817,-4.310338974,1
1903,609,-0.8843683004,-2.628055334,1
1903,641,-0.005937129259,-1.416139722,1
1903,673,-0.6101406813,-0.8969129324,1
1903,705,-1.143714905,-1.060977101,1
1903,737,-2.02488184,-1.03575778,1
1903,769,-2.028547287,-0.8590239286,1
1903,801,-0.05294506252,-1.033378363,1
1903,833,1.112231851,-1.558739781,1
1903,865,0.7135657668,-1.294022322,1
1903,897,-0.3242100179,-0.1133710146,1
1903,929,-1.062819004,-0.748683095,1
1903,961,-1.049582958,-1.83592689,1
1903,993,-0.6815141439,-0.9835231304,1
1903,1025,-2.307116032,-1.825644255,1
1903,1057,-3.162759781,-3.674996376,1
1903,1089,-4.467655659,-4.673238754,1
1903,1121,-8.706787109,-4.071115017,1
1903,1153,-10.025877,-3.28491497,1
1903,1185,-9.97140789,-2.588536978,1
1903,1217,-9.389266014,-3.131464958,1
1903,1249,-9.874142647,-5.016713142,1
1903,1281,-10.72451973,-6.537632465,1
1903,1313,-10.02390575,-7.184176922,1
1903,1345,-9.370158195,-7.79752636,1
1903,1377,-9.974135399,-7.186757565,1
1903,1409,-9.314468384,-7.043617725,1
1903,1441,-7.067263603,-7.597082138,1
1903,1473,-4.943078995,-7.600532055,1
1903,1505,-5.50883007,-7.456436157,1
1903,1537,-5.848678112,-8.437223434,1
1903,1569,-5.722156048,-8.833608627,1
1903,1601,-5.482040882,-8.15428257,1
1903,1633,-4.423017979,-7.94699955,1
1903,1665,-2.730502844,-7.64811945,1
1903,1697,-0.5217398405,-7.14778471,1
1903,1729,1.048977733,-6.605926037,1
1903,1761,0.5331429839,-6.76109314,1
1903,1793,-0.5209454894,-6.839709282,1
1903,1825,0.3475163579,-6.737095833,1
1903,1857,1.517842531,-6.752880096,1
1903,1889,2.462025404,-5.322422028,1
1903,1921,13.88930988,-6.265480042,1
1903,1953,10.19046974,-6.017199039,1
1903,1985,1.670342803,-5.955785751,1
1903,2017,0.4291052222,-5.024094582,1
1935,33,-20.01623154,5.216504574,1
1935,65,-0.5632741451,-4.383872509,1
1935,97,-0.6767148376,-4.310109138,1
1935,129,-1.055485725,-4.443818569,1
1935,161,-0.06544291973,-5.059307098,1
1935,193,-0.1306550503,-4.919977188,1
1935,225,-16.88340187,4.742935181,1
1935,257,-1.024162531,-5.21529007,1
1935,289,-1.828832507,-5.536932468,1
1935,321,-1.70639801,-5.133221626,1
1935,353,-1.401936531,-4.190256596,1
1935,385,-0.970045805,-2.325494289,1
1935,417,-1.284412622,-3.578071117,1
1935,449,-0.2924599648,-4.508232117,1
1935,481,1.048209548,-2.33501339,1
1935,513,1.175290465,-3.18819809,1
1935,545,1.480419517,-4.012701035,1
1935,577,-0.4810541272,-4.236433983,1
1935,609,-0.2405836582,-2.350387573,1
1935,641,-0.04075878859,-1.013520122,1
1935,673,-0.2772333026,-1.301727295,1
1935,705,-0.443359077,-1.491518378,1
1935,737,-1.354392529,-0.9200738668,1
1935,769,-0.8386775851,-1.164871454,1
1935,801,0.4126269221,-1.152175903,1
1935,833,0.753978014,-1.012759566,1
1935,865,0.4856315553,-1.197994828,1
1935,897,-0.3796548247,-1.342244983,1
1935,929,-0.6334146261,-1.769814968,1
1935,961,0.4115481377,-2.01402545,1
1935,993,0.2178759575,-2.051648855,1
1935,1025,-1.724636674,-2.76181221,1
1935,1057,-2.875177383,-3.647376776,1
1935,1089,-3.735712051,-5.043209553,1
1935,1121,-6.016163349,-6.298508644,1
1935,1153,-7.859351635,-3.765326738,1
1935,1185,-8.081009865,-2.16144681,1
1935,1217,-8.363666534,-3.343250751,1
1935,1249,-9.064813614,-4.108211517,1
1935,1281,-9.277152061,-6.214261055,1
1935,1313,-9.65445137,-6.604832649,1
1935,1345,-9.067827225,-6.828041077,1
1935,1377,-9.045368195,-6.60608387,1
1935,1409,-9.119542122,-6.415758133,1
1935,1441,-8.092180252,-7.306126595,1
1935,1473,-6.783296585,-8.254230499,1
1935,1505,-5.360284328,-6.715203762,1
1935,1537,-4.97532177,-7.546863556,1
1935,1569,-5.440702438,-8.927880287,1
1935,1601,-4.655990124,-9.293876648,1
1935,1633,-4.35955286,-9.118842125,1
1935,1665,-3.561195135,-8.103331566,1
1935,1697,0.3537995815,-6.462258339,1
1935,1729,1.759362459,-7.766289711,1
1935,1761,1.447610617,-7.634404659,1
1935,1793,0.02539795637,-7.701494694,1
1935,1825,0.5384838581,-7.296621323,1
1935,1857,2.011539459,-6.773782253,1
1935,1889,2.506276131,-6.311988831,1
1935,1921,2.542798042,-5.840328693,1
1935,1953,2.966266632,-4.912579536,1
1935,1985,3.912795544,-5.819052219,1
1935,2017,2.513979912,-4.855163574,1
1967,33,-15.29322529,5.867827415,1
1967,65,-1.245438337,-5.083404064,1
1967,97,-0.4095084667,-4.58953619,1
1967,129,-0.6366855502,-5.283109188,1
1967,161,-0.8389163017,-6.30452776,1
1967,193,-1.495843291,-5.237868309,1
1967,225,-0.4775340557,-5.190161705,1
1967,257,-0.2058643103,-7.158838749,1
1967,289,-1.777395129,-8.040699005,1
1967,321,-1.623411775,-5.660208702,1
1967,353,-0.9634162188,-3.284222603,1
1967,385,-9.775877953,11.6496048,1
1967,417,-1.250631809,-3.071377277,1
1967,449,-2.001158714,-4.671771526,1
1967,481,-2.61467123,-5.157089233,1
1967,513,-1.746907353,-5.024240017,1
1967,545,-1.330770254,-4.812145233,1
1967,577,-0.6507599354,-4.213701725,1
1967,609,-0.1831139326,-2.054694653,1
1967,641,0.5572199821,-0.6576497555,1
1967,673,0.4190148711,-1.136600971,1
1967,705,0.05381017923,-1.418770909,1
1967,737,-0.07101392746,-1.23552084,1
1967,769,0.5172126293,-1.300064206,1
1967,801,2.071702719,-0.4953074455,1
1967,833,0.7403976321,-0.5618947148,1
1967,865,0.5647254586,-0.9783189297,1
1967,897,0.353443563,-1.35623455,1
1967,929,-0.136123538,-1.49041307,1
1967,961,0.7445772886,-1.226668835,1
1967,993,0.8573703766,-2.279964685,1
1967,1025,-1.243870735,-1.034995556,1
1967,1057,-0.4872176647,-6.415277004,1
1967,1089,9.847989082,-16.9980278,1
1967,1121,-4.659285069,-8.167020798,1
1967,1153,-7.796989441,-3.929968357,1
1967,1185,-8.137335777,-4.000915527,1
1967,1217,-7.162892818,-4.003263474,1
1967,1249,-6.65476799,-3.957855701,1
1967,1281,-6.524153709,-5.438990593,1
1967,1313,-8.8708992,-6.28001976,1
1967,1345,-15.10856915,4.926163673,1
1967,1377,-8.49530983,-6.494723797,1
1967,1409,-7.931729317,-5.43419075,1
1967,1441,-7.839763641,-5.726942062,1
1967,1473,-7.316327095,-7.485012054,1
1967,1505,-6.274484158,-7.512465477,1
1967,1537,-5.91115284,-7.313323975,1
1967,1569,-5.029545307,-7.997379303,1
1967,1601,-3.87919426,-8.82841301,1
1967,1633,-4.666512489,-9.070074081,1
1967,1665,-2.948613405,-8.643696785,1
1967,1697,0.3813663721,-7.434978008,1
1967,1729,0.2960891724,-7.472997189,1
1967,1761,-0.00840818882,-8.765220642,1
1967,1793,-0.01395636797,-8.638753891,1
1967,1825,0.09504055977,-7.555654526,1
1967,1857,0.4100305438,-6.64897871,1
1967,1889,1.042042613,-6.362803459,1
1967,1921,3.704749584,-6.047879219,1
1967,1953,5.524338722,-6.360190392,1
1967,1985,4.555733681,-5.749175072,1
1967,2017,1.952054381,-3.752016544,1
1999,33,-10.98047543,8.41881752,1
1999,65,-5.459172249,-7.737714767,1
1999,97,-2.285694122,-4.359012127,1
1999,129,-0.488168478,-5.770976067,1
1999,161,-1.083438993,-7.230700493,1
1999,193,-2.728974342,-7.136719227,1
1999,225,-0.3339458704,-8.143293381,1
1999,257,0.6701402664,-9.062540054,1
1999,289,-1.530253172,-9.28752327,1
1999,321,-2.294384718,-7.253623962,1
1999,353,-2.282240152,-4.355474949,1
1999,385,1.678180933,12.57449913,1
1999,417,-0.728213191,-4.954315662,1
1999,449,-3.192509651,-3.785875797,1
1999,481,-4.042267799,-5.008516312,1
1999,513,-3.987305403,-5.389621258,1
1999,545,-3.779737473,-5.414855957,1
1999,577,-1.261803627,-3.931258678,1
1999,609,-0.02292811871,-2.092597485,1
1999,641,0.1981706619,-0.9698209763,1
1999,673,0.3835206032,-2.243054152,1
1999,705,1.007027388,-3.111240864,1
1999,737,1.931571007,-2.36548996,1
1999,769,2.360144854,-2.38700819,1
1999,801,1.080966234,-1.288457155,1
1999,833,-0.265834868,-0.4331224561,1
1999,865,0.1322883368,-0.2568243742,1
1999,897,1.542290211,-0.6868354082,1
1999,929,1.616368294,-1.811327696,1
1999,961,-1.249083042,-18.06192207,1
1999,993,0.7972581387,-2.782963276,1
1999,1025,0.6406710148,-2.342266083,1
1999,1057,2.464018106,-5.396119595,1
1999,1089,-3.388662577,-6.195427895,1
1999,1121,-11.81593132,-5.362812996,1
1999,1153,-9.420018196,-3.783733845,1
1999,1185,-9.266876221,-4.614854813,1
1999,1217,-4.750500679,-5.105887413,1
1999,1249,-2.418195724,-4.944109917,1
1999,1281,-3.786414146,-5.482139111,1
1999,1313,-6.597483635,-6.135761261,1
1999,1345,-9.296261787,-5.94756794,1
1999,1377,-7.895887375,-6.243220806,1
1999,1409,-7.08369112,-4.128071785,1
1999,1441,-7.303379059,-4.351852417,1
1999,1473,-8.071454048,-6.757289886,1
1999,1505,-7.605844975,-7.362690926,1
1999,1537,-6.930993557,-7.402753353,1
1999,1569,-5.680522919,-7.525390625,1
1999,1601,-3.366354465,-6.618788719,1
1999,1633,-3.127127647,-7.656620026,1
1999,1665,-2.078552246,-9.074728012,1
1999,1697,-1.019454241,-7.543354988,1
1999,1729,-1.030197382,-7.259331703,1
1999,1761,-1.473560095,-7.883198261,1
1999,1793,-1.588950634,-8.477754593,1
1999,1825,-2.114459038,-7.277711868,1
1999,1857,-2.014425755,-6.396014214,1
1999,1889,-1.201682091,-5.473370552,1
1999,1921,2.041842699,-5.511040211,1
1999,1953,4.640082359,-7.308702469,1
1999,1985,2.322357655,-6.321592808,1
1999,2017,0.7866601944,-1.60480547,1
