PIVlab, ASCII chart output - 06-Feb-2024
FRAME: 1, filenames: A:[1]MAX_TgUtrmcherry_Control_TimSrs0020.avi & B:[2]MAX_TgUtrmcherry_Control_TimSrs0020.avi, conversion factor xy (px -> m): 1, conversion factor uv (px/frame -> m/s): 1
x [px],y [px],u [px/frame],v [px/frame],Vector type [-]
47,33,-13.13537025,-0.3741703033,1
47,65,-0.3068116903,-0.1805271655,1
47,97,0.6225391626,2.155226946,1
47,129,-0.3924883604,0.8827135563,1
47,161,-1.320822835,-1.037992477,1
47,193,-0.04153999686,-0.8944211602,1
47,225,2.131480694,1.348367691,1
47,257,0.5215764046,0.5812020302,1
47,289,2.942211628,3.985378742,1
47,321,0.5527019501,-1.404709816,1
47,353,-1.93616581,5.318834305,1
47,385,9.251684189,4.743974686,1
47,417,12.46269417,18.42077827,1
47,449,-3.983979225,8.20104599,1
47,481,-1.518943787,-1.123170376,1
47,513,-27.83157349,-9.329866409,1
47,545,0.4724321365,0.1137518883,1
47,577,-10.39107895,-3.964914799,1
47,609,-9.892539978,-6.586641788,1
47,641,-10.56743908,-5.52269268,1
47,673,-11.46942711,-4.952616692,1
47,705,-11.89102459,-4.42814827,1
47,737,-12.60882568,-2.992826223,1
47,769,-13.92542934,-2.560688496,1
47,801,-14.67606354,-4.077577114,1
47,833,-14.66316414,-5.32640028,1
47,865,-14.77596092,-5.235572338,1
47,897,-14.15519905,-4.460481644,1
47,929,-13.05446625,-3.466468811,1
47,961,-13.55295849,-3.222324848,1
47,993,-13.98255444,-3.338207245,1
47,1025,-14.08132172,-2.070673943,1
47,1057,-15.05151367,-1.348002911,1
47,1089,-15.06225777,-2.091310978,1
47,1121,-15.3929882,-1.764517426,1
47,1153,-17.04243279,-1.810074568,1
47,1185,-16.61703873,0.9123978615,1
47,1217,-13.48391724,4.093718052,1
47,1249,-14.360075,5.066306114,1
47,1281,-13.17802715,6.365707397,1
47,1313,-11.6293726,5.778268814,1
47,1345,-10.47096157,5.346348286,1
47,1377,-10.45681,7.037114143,1
47,1409,-9.994421005,7.405191422,1
47,1441,-9.763383865,7.476547241,1
47,1473,-10.62804604,8.448975563,1
47,1505,-11.61937523,9.492567062,1
47,1537,-10.76702499,9.643280029,1
47,1569,-11.74698162,9.253253937,1
47,1601,-12.35779858,7.445562363,1
47,1633,-11.51643181,8.010124207,1
47,1665,-9.733068466,8.695688248,1
47,1697,-8.282173157,8.118501663,1
47,1729,-8.845253944,8.067446709,1
47,1761,-10.14949036,8.72209549,1
47,1793,-12.0793438,9.169600487,1
47,1825,-9.965743065,8.568583488,1
47,1857,-9.510381699,9.220479012,1
47,1889,-9.550537109,10.75387192,1
47,1921,-9.572135925,10.13757706,1
47,1953,-9.136453629,8.644881248,1
47,1985,-7.849812031,2.640647411,1
47,2017,-2.153458595,-27.98072815,1
79,33,-2.489311934,1.395105839,1
79,65,0.4397992492,0.2624557018,1
79,97,0.3902337253,0.4651196003,1
79,129,-0.2872877419,0.3439778686,1
79,161,-0.6034491062,-0.1430281997,1
79,193,-0.478281498,-0.9757829905,1
79,225,-0.8079493046,-0.5301043987,1
79,257,1.313434124,0.8811688423,1
79,289,-0.804803133,-0.2156059742,1
79,321,-0.2934737206,6.588354111,1
79,353,2.503651619,-0.3216135502,1
79,385,15.44708824,14.95085812,1
79,417,3.020949364,11.59203911,1
79,449,-5.517910957,-1.990703583,1
79,481,-9.926817894,-3.134742737,1
79,513,-10.37187862,-7.076269627,1
79,545,-10.42799664,-6.447843075,1
79,577,-10.954669,-4.520029068,1
79,609,-10.44806671,-5.954072952,1
79,641,-11.27693939,-5.666981697,1
79,673,-12.00921345,-4.993582249,1
79,705,-12.68352699,-4.757017136,1
79,737,-13.18271923,-4.480501652,1
79,769,-14.48790169,-4.553947449,1
79,801,-15.49611092,-5.585511684,1
79,833,-15.76084518,-5.802377701,1
79,865,-15.90741539,-5.498651505,1
79,897,-15.53048706,-4.396045685,1
79,929,-15.20783043,-3.376799583,1
79,961,-16.1412487,-3.292539358,1
79,993,-16.34898376,-3.199837446,1
79,1025,-15.7147646,-1.60740757,1
79,1057,-16.3316803,-0.5709030628,1
79,1089,-16.46882057,-0.00961214304,1
79,1121,-16.33581924,0.3598138094,1
79,1153,-17.1744175,1.226041079,1
79,1185,-16.86645126,3.545854092,1
79,1217,-16.03187943,4.67647028,1
79,1249,-15.59108925,6.093652725,1
79,1281,-14.4819994,6.751554966,1
79,1313,-13.37692928,6.520318031,1
79,1345,-12.24807167,6.692728519,1
79,1377,-11.26087379,7.402795315,1
79,1409,-10.7854557,6.773799896,1
79,1441,-10.92396736,6.974961281,1
79,1473,-11.38228321,8.118592262,1
79,1505,0.5136651993,1.397721291,1
79,1537,-11.08715153,8.830114365,1
79,1569,-10.78902817,7.571696281,1
79,1601,-10.51366138,6.956580162,1
79,1633,-10.60926437,8.76662159,1
79,1665,-10.90171146,9.99997139,1
79,1697,-10.16697693,9.560460091,1
79,1729,-9.075815201,8.405533791,1
79,1761,-9.376426697,8.750094414,1
79,1793,-10.25060463,9.651864052,1
79,1825,-8.096104622,10.11626816,1
79,1857,-7.850641251,10.57780838,1
79,1889,-8.131089211,10.98584747,1
79,1921,-8.15135479,10.03182316,1
79,1953,-7.839612007,9.311350822,1
79,1985,-7.186045647,5.771594048,1
79,2017,-0.8418011665,-2.660109997,1
111,33,0.2002497315,1.295589209,1
111,65,0.08746854961,0.2264176607,1
111,97,0.1280845553,-0.2143976092,1
111,129,0.07580143213,0.1120358109,1
111,161,0.06973308325,0.4553129077,1
111,193,-0.1697954834,-0.02746239305,1
111,225,-0.5122515559,-0.1463853121,1
111,257,-0.1244697273,-0.06234478951,1
111,289,0.6285331249,0.7588129044,1
111,321,0.8980112076,1.380267262,1
111,353,-0.3034684658,0.1765425205,1
111,385,-1.545811653,-1.438125372,1
111,417,1.27240181,0.3205327988,1
111,449,3.686161041,4.149583817,1
111,481,-11.84529972,-6.668605328,1
111,513,-10.79312515,-7.293118954,1
111,545,-10.7276783,-6.095355988,1
111,577,-11.46880245,-5.247180462,1
111,609,-11.78282738,-5.774265766,1
111,641,-11.9698658,-5.981112957,1
111,673,-12.35802841,-5.504224777,1
111,705,-12.47664738,-4.84452486,1
111,737,-13.68951797,-5.259773254,1
111,769,-15.04168701,-5.664840221,1
111,801,-16.39053345,-6.552872181,1
111,833,-16.8224678,-5.915954113,1
111,865,-16.93292618,-5.340687275,1
111,897,-16.87991905,-4.478089809,1
111,929,-16.88632202,-3.23422575,1
111,961,-17.86514282,-2.057402372,1
111,993,-17.42733002,-1.231359005,1
111,1025,-17.05345154,-0.7907726765,1
111,1057,-17.41653824,0.1226141751,1
111,1089,-17.67290878,0.7798053622,1
111,1121,-17.40789413,1.573620558,1
111,1153,-17.20330238,3.325390339,1
111,1185,-16.854599,5.235209465,1
111,1217,-15.9472332,5.269796371,1
111,1249,-15.1852932,5.821967602,1
111,1281,-15.1453104,7.135724068,1
111,1313,-14.38228226,6.682751179,1
111,1345,-13.36566448,6.874795914,1
111,1377,-11.35503578,7.401343822,1
111,1409,-10.88481426,6.369585991,1
111,1441,-11.95091152,7.528789997,1
111,1473,-12.0228672,7.064038754,1
111,1505,-11.39014149,7.612405777,1
111,1537,-10.26715279,8.101066589,1
111,1569,-9.169380188,7.882679939,1
111,1601,-8.838468552,7.996408463,1
111,1633,-9.959555626,9.00749588,1
111,1665,-10.69752026,9.875611305,1
111,1697,-10.67205048,10.1143589,1
111,1729,-10.24532509,9.504394531,1
111,1761,-9.368907928,9.28663063,1
111,1793,-8.389344215,9.671869278,1
111,1825,-7.816812515,10.08533573,1
111,1857,-7.425147057,10.65675735,1
111,1889,-7.387055874,11.04200172,1
111,1921,-7.171474934,10.24924088,1
111,1953,-6.796991825,10.10336494,1
111,1985,-6.986566067,9.260105133,1
111,2017,-6.922093391,10.4171524,1
143,33,-0.03960847855,1.001052022,1
143,65,-0.2550404966,-0.110997349,1
143,97,-0.1017977297,-0.3233555257,1
143,129,0.4119877815,0.4022879899,1
143,161,0.5560848117,0.4646144509,1
143,193,0.06816533953,0.3921343088,1
143,225,-0.4026283622,0.146094501,1
143,257,-0.1921039522,-0.1296586096,1
143,289,0.5905936956,0.5754630566,1
143,321,0.5908933878,0.7083271742,1
143,353,-0.9009821415,1.033302546,1
143,385,0.1512241364,-0.1309804916,1
143,417,-15.55686092,-6.672749996,1
143,449,-13.44905853,-7.298164845,1
143,481,-10.98651218,-7.512521267,1
143,513,-11.40348721,-7.948890686,1
143,545,-11.88206196,-6.359424591,1
143,577,-12.56032658,-5.804970264,1
143,609,-13.35802555,-6.399073601,1
143,641,-13.20471382,-6.576300621,1
143,673,-13.33891201,-6.526462078,1
143,705,-14.03651047,-6.34943676,1
143,737,-14.99427509,-6.246303558,1
143,769,-16.13753891,-6.260892868,1
143,801,-16.89821815,-6.267620564,1
143,833,-17.47411346,-5.740941525,1
143,865,-17.70545769,-5.147942066,1
143,897,-18.15039444,-4.910695553,1
143,929,-18.51076317,-4.036872864,1
143,961,-18.30631638,-2.677390337,1
143,993,-17.79597473,-1.240845919,1
143,1025,-18.08328247,-0.7669599652,1
143,1057,-18.44539452,0.3471565843,1
143,1089,-19.13676643,1.237254977,1
143,1121,-18.82601547,2.206142902,1
143,1153,-17.74484825,3.620823383,1
143,1185,-17.36554337,5.079561234,1
143,1217,-16.50942039,5.120170116,1
143,1249,-15.39832878,5.037136078,1
143,1281,-15.78802109,6.462388992,1
143,1313,-15.14825153,6.496401787,1
143,1345,-14.20881844,6.56276226,1
143,1377,-12.96656227,7.414444923,1
143,1409,-13.11172867,7.08531189,1
143,1441,-13.14842701,7.303892612,1
143,1473,-12.13249397,6.536314964,1
143,1505,-11.69322109,7.380739689,1
143,1537,-9.738723755,7.276481628,1
143,1569,-8.927013397,7.473884583,1
143,1601,-9.388321877,8.327179909,1
143,1633,-9.784517288,8.943887711,1
143,1665,-9.999194145,9.652162552,1
143,1697,-10.52745724,9.895681381,1
143,1729,-9.917445183,9.885250092,1
143,1761,-8.574147224,9.982217789,1
143,1793,-7.248900414,9.855291367,1
143,1825,-7.646948814,8.426643372,1
143,1857,-7.028936386,9.694732666,1
143,1889,-6.75428009,10.36701965,1
143,1921,-6.852042675,10.56311321,1
143,1953,-6.57087326,10.10719013,1
143,1985,-6.392290592,7.884228706,1
143,2017,-7.567328453,7.267901421,1
175,33,-0.4188417196,-0.01491495967,1
175,65,-0.1325976551,-0.06559558213,1
175,97,-0.06645363569,-0.2595697045,1
175,129,0.1852402389,0.2511187792,1
175,161,0.1321376562,-0.008831381798,1
175,193,0.02154418826,0.07264268398,1
175,225,0.1314148903,0.4030480385,1
175,257,0.2320080549,0.1832479835,1
175,289,-0.01705241203,-0.03763604164,1
175,321,-0.5065910816,-0.8411927223,1
175,353,-3.208729744,-1.880254745,1
175,385,-10.28018093,-10.50848007,1
175,417,-11.66076565,-6.937335014,1
175,449,-11.98216724,-7.752610207,1
175,481,-12.37082672,-7.882526398,1
175,513,-12.62561321,-7.556986809,1
175,545,-13.20338631,-7.170165062,1
175,577,-13.85480118,-6.840391159,1
175,609,-14.41793919,-6.899271011,1
175,641,-14.83620548,-7.132018566,1
175,673,-15.20806313,-7.280669212,1
175,705,-15.39076519,-7.230403423,1
175,737,-16.03734016,-6.932603836,1
175,769,-16.8716774,-6.666577816,1
175,801,-17.77554703,-5.852225304,1
175,833,-18.59066582,-5.325889587,1
175,865,-18.39089966,-4.987426281,1
175,897,-18.37276459,-4.130392075,1
175,929,-19.55900764,-4.187067986,1
175,961,-19.53548622,-3.217719078,1
175,993,-18.35580444,-1.480265737,1
175,1025,-18.16570282,-0.608310461,1
175,1057,-18.75809097,0.4351127148,1
175,1089,-19.54260635,1.86049962,1
175,1121,-19.60411835,2.142591,1
175,1153,-18.84849739,2.425939798,1
175,1185,-18.35983849,3.569741488,1
175,1217,-17.63716888,4.33475256,1
175,1249,-16.30702019,4.360173225,1
175,1281,-16.47834015,6.096941948,1
175,1313,-15.80566597,6.566788673,1
175,1345,-14.70483303,6.675658703,1
175,1377,-13.64826012,7.495239258,1
175,1409,-13.5067997,7.777819157,1
175,1441,-12.94000435,7.426534653,1
175,1473,-10.7741518,4.725875854,1
175,1505,-6.073829651,4.066175461,1
175,1537,-9.669273376,7.670392036,1
175,1569,-9.536252975,7.918847084,1
175,1601,-9.857869148,8.946864128,1
175,1633,-10.0835228,9.675783157,1
175,1665,-9.897309303,9.537381172,1
175,1697,-9.837504387,9.706442833,1
175,1729,-9.017748833,9.512369156,1
175,1761,-8.406456947,9.430914879,1
175,1793,-7.97342968,9.681228638,1
175,1825,-7.699053288,9.300103188,1
175,1857,-7.211091995,9.993165016,1
175,1889,-6.481060505,9.820559502,1
175,1921,-6.265567303,10.20095825,1
175,1953,-5.789314747,8.733427048,1
175,1985,-6.038517475,6.573369026,1
175,2017,-7.087465763,-2.53153038,1
207,33,-0.5127606988,-0.3768527508,1
207,65,-0.01018539071,0.1208370924,1
207,97,0.4382791519,0.0744715929,1
207,129,0.233753264,-0.01285502315,1
207,161,-0.4124086797,-0.1430725604,1
207,193,-0.04571124911,-0.3078379035,1
207,225,0.4447111487,0.3698321581,1
207,257,0.4566107988,0.1752724051,1
207,289,-0.4410333633,-1.449530125,1
207,321,-2.227510929,-3.696886063,1
207,353,0.7142343521,1.713197708,1
207,385,-10.06010437,-7.962883472,1
207,417,-10.74480247,-8.098614693,1
207,449,-11.99450111,-8.543916702,1
207,481,-13.96995068,-8.603149414,1
207,513,-13.90600491,-8.380804062,1
207,545,-14.20020485,-8.212172508,1
207,577,-14.88831139,-8.087171555,1
207,609,-15.29360867,-7.681739807,1
207,641,-15.8507328,-8.250283241,1
207,673,-16.48884201,-7.992342949,1
207,705,-16.80464363,-6.975413799,1
207,737,-17.48309326,-6.92107296,1
207,769,-18.28472137,-6.883691788,1
207,801,-18.64614487,-5.846673965,1
207,833,-18.99684334,-5.197564602,1
207,865,-19.1494751,-4.878485203,1
207,897,-19.36805344,-4.386655807,1
207,929,-19.90541077,-3.879550695,1
207,961,-20.19220161,-3.01384902,1
207,993,-19.75883484,-1.511960983,1
207,1025,-18.94183159,-0.5686347485,1
207,1057,-19.68949509,0.1330328733,1
207,1089,-20.39184189,1.028385878,1
207,1121,-20.16361427,1.606152296,1
207,1153,-20.12956047,1.432461858,1
207,1185,-20.20070839,1.785709381,1
207,1217,-19.58860397,3.708552837,1
207,1249,-17.77606583,6.155531883,1
207,1281,-17.09165573,6.196142197,1
207,1313,-16.16859055,6.958153248,1
207,1345,-14.98345184,7.5703969,1
207,1377,-14.03522587,7.911423683,1
207,1409,-13.51068497,8.561694145,1
207,1441,-12.98727417,7.506036758,1
207,1473,-11.92451763,4.751583099,1
207,1505,-10.85036659,7.878435135,1
207,1537,-11.31095219,9.278485298,1
207,1569,-11.04786396,9.236251831,1
207,1601,-9.962708473,8.608509064,1
207,1633,-9.169462204,8.158695221,1
207,1665,-7.9251194,8.935674667,1
207,1697,-8.793139458,9.09941864,1
207,1729,-9.227321625,8.644956589,1
207,1761,-8.949987411,8.903009415,1
207,1793,-8.041659355,8.990765572,1
207,1825,-7.717047215,9.309668541,1
207,1857,-7.512591362,10.08433056,1
207,1889,-6.777871132,9.500845909,1
207,1921,-5.882495403,9.162601471,1
207,1953,-5.752390385,7.591905594,1
207,1985,-5.722063541,9.472175598,1
207,2017,-7.743400097,-10.07045364,1
239,33,0.6598681808,1.685086131,1
239,65,-0.2111195028,0.02898594737,1
239,97,0.19025442,0.05374789238,1
239,129,0.3381192982,0.2959554195,1
239,161,0.003720104694,0.1559348106,1
239,193,0.3858756125,0.01769697666,1
239,225,-0.8234935403,10.96905327,1
239,257,6.814186096,6.38910675,1
239,289,10.02623272,7.98755455,1
239,321,-7.41335535,-7.536252022,1
239,353,-8.980740547,-8.330616951,1
239,385,-10.03053284,-8.486194611,1
239,417,-12.3618784,-9.502724648,1
239,449,-13.87389088,-10.33943748,1
239,481,-14.27300739,-10.14582157,1
239,513,-14.8476305,-9.927018166,1
239,545,-15.21623611,-9.956713676,1
239,577,-15.37920284,-9.807291985,1
239,609,-15.83858871,-9.768026352,1
239,641,-16.40603256,-9.99187851,1
239,673,-17.19840813,-9.162010193,1
239,705,-17.68432426,-7.627158165,1
239,737,-19.35516357,-7.234763145,1
239,769,-21.06999779,-6.567017555,1
239,801,-20.85469818,-5.83822155,1
239,833,-20.17868805,-5.418120861,1
239,865,-19.20240402,-5.098713875,1
239,897,-19.74212456,-4.646391392,1
239,929,-20.16280937,-4.155358791,1
239,961,-19.96866989,-3.219108105,1
239,993,-19.95277214,-2.291622877,1
239,1025,-20.56530571,-0.8755611181,1
239,1057,-21.26550674,-0.1254621595,1
239,1089,-21.14691353,0.1962890625,1
239,1121,-20.91311646,1.091357708,1
239,1153,-21.75944328,1.492144823,1
239,1185,-21.82960701,1.14456892,1
239,1217,-20.20824242,3.048458338,1
239,1249,-18.9428997,4.801235676,1
239,1281,-17.6576252,6.106801033,1
239,1313,-16.56311607,7.283666134,1
239,1345,-15.55374336,8.561507225,1
239,1377,-14.73311234,9.229722023,1
239,1409,-14.2995739,9.351963043,1
239,1441,-13.25443554,7.518766403,1
239,1473,-12.3038187,8.194849968,1
239,1505,-11.78645325,9.561312675,1
239,1537,-11.24026108,9.996222496,1
239,1569,-11.22950649,9.372591972,1
239,1601,-10.52398968,8.763616562,1
239,1633,-9.416612625,8.750029564,1
239,1665,-8.712300301,8.852458,1
239,1697,-8.935081482,8.427277565,1
239,1729,-8.814341545,8.340966225,1
239,1761,-8.694623947,8.832201004,1
239,1793,-8.835341454,8.87443161,1
239,1825,-8.307019234,8.76332283,1
239,1857,-7.818555832,8.688630104,1
239,1889,-7.382098198,9.103299141,1
239,1921,-7.060610294,8.956404686,1
239,1953,-6.62223959,8.093015671,1
239,1985,-6.495732307,6.603741169,1
239,2017,-6.758306503,-10.68066406,1
271,33,1.953286409,4.357633114,1
271,65,-0.3762541413,-0.08997690678,1
271,97,-0.3812360168,-0.5782694817,1
271,129,-0.04705518484,-0.09019899368,1
271,161,0.1207398176,0.6533612013,1
271,193,0.3506581187,0.7640348673,1
271,225,0.4555804729,1.068217754,1
271,257,-10.75800705,11.83375359,1
271,289,-6.729110241,-7.09270525,1
271,321,-8.155140877,-8.607096672,1
271,353,-9.51687336,-9.27427578,1
271,385,-10.96092701,-9.659893036,1
271,417,-14.34169769,-10.71226692,1
271,449,-15.39335728,-11.32812214,1
271,481,-15.01095295,-11.35605526,1
271,513,-15.53369617,-11.29972649,1
271,545,-16.1601696,-11.47296333,1
271,577,-15.90548706,-11.26105881,1
271,609,-16.7419014,-11.30302811,1
271,641,-17.67319298,-11.34253311,1
271,673,-18.22497177,-10.65905476,1
271,705,-19.44913483,-9.680716515,1
271,737,-20.7179966,-8.647413254,1
271,769,-21.77770996,-8.326580048,1
271,801,-22.15184975,-6.879914284,1
271,833,-21.62377739,-6.468656063,1
271,865,-20.69942474,-5.896826267,1
271,897,-20.47681427,-4.911867142,1
271,929,-20.89482498,-4.159980774,1
271,961,-21.05672836,-3.169067621,1
271,993,-20.77243423,-2.065374374,1
271,1025,-21.53415298,-1.090705395,1
271,1057,-22.89137268,-0.195995003,1
271,1089,-22.59439278,0.09864854813,1
271,1121,-22.15682793,1.642028093,1
271,1153,-22.38777542,2.276050091,1
271,1185,-21.5880661,2.127093077,1
271,1217,-20.37621689,3.375293732,1
271,1249,-19.34405327,4.46746254,1
271,1281,-18.21022606,5.724560738,1
271,1313,-17.15055656,6.662567616,1
271,1345,-16.49648094,8.047576904,1
271,1377,-15.95842552,10.054739,1
271,1409,-15.11497593,9.747168541,1
271,1441,-13.64050388,8.586078644,1
271,1473,-12.55463696,8.863393784,1
271,1505,-12.72331905,9.722924232,1
271,1537,-12.01032543,9.941534996,1
271,1569,-10.96488476,9.521676064,1
271,1601,-10.81003666,9.31275177,1
271,1633,-10.33774376,9.326524734,1
271,1665,-9.733789444,9.117380142,1
271,1697,-8.708122253,8.966653824,1
271,1729,-8.647247314,8.649004936,1
271,1761,-9.072816849,8.510891914,1
271,1793,-9.103359222,8.162051201,1
271,1825,-8.425871849,8.573671341,1
271,1857,-7.821396351,8.976884842,1
271,1889,-7.603810787,9.546915054,1
271,1921,-8.6147995,9.645378113,1
271,1953,-8.044187546,9.971167564,1
271,1985,-6.778169155,6.160161495,1
271,2017,-4.411910057,-4.909149647,1
303,33,0.1920058727,2.236288548,1
303,65,-0.1251978576,0.2984779775,1
303,97,-0.09839427471,0.274926424,1
303,129,0.003198295832,0.02027964592,1
303,161,-0.3290600181,-0.03583931923,1
303,193,0.5739707947,1.645761728,1
303,225,-0.9536597729,-1.140627384,1
303,257,-6.212903023,-8.277938843,1
303,289,-7.847034454,-9.058176994,1
303,321,-8.717486382,-10.17545033,1
303,353,-10.21238136,-11.19268703,1
303,385,-12.25100899,-12.41738224,1
303,417,-13.67799377,-12.77631569,1
303,449,-15.01076698,-12.8430748,1
303,481,-15.97792625,-12.77115917,1
303,513,-16.57774162,-12.7461853,1
303,545,-17.27311897,-12.59031868,1
303,577,-17.61816406,-12.83172417,1
303,609,-18.29655266,-13.12955475,1
303,641,-18.87466812,-12.70119095,1
303,673,-19.82700348,-12.06668282,1
303,705,-21.48288727,-11.01131344,1
303,737,-22.35793114,-10.34849358,1
303,769,-23.59202576,-10.62212753,1
303,801,-23.55750847,-9.989648819,1
303,833,-22.6663475,-9.042011261,1
303,865,-22.64397049,-7.201622486,1
303,897,-22.01038361,-5.12376833,1
303,929,-21.94816399,-4.064925671,1
303,961,-22.16525841,-3.219969273,1
303,993,-22.70188332,-2.230554819,1
303,1025,-23.30371857,-1.382594228,1
303,1057,-23.83169174,-0.4920989871,1
303,1089,-23.99204636,0.3279845417,1
303,1121,-23.79218483,1.543790936,1
303,1153,-23.26926994,2.088615894,1
303,1185,-22.17606544,2.392329693,1
303,1217,-20.89102173,3.695374966,1
303,1249,-20.22047806,4.676700592,1
303,1281,-19.69039917,4.060090542,1
303,1313,-15.23783112,6.063140869,1
303,1345,-17.5289917,6.808485031,1
303,1377,-17.50884628,12.34960175,1
303,1409,-16.07629204,9.891524315,1
303,1441,-13.94671059,9.418174744,1
303,1473,-13.12049103,9.532104492,1
303,1505,-12.75024223,9.914028168,1
303,1537,-12.46082115,9.960684776,1
303,1569,-11.53109264,9.46837616,1
303,1601,-10.69537449,8.965023041,1
303,1633,-10.18622875,8.968729019,1
303,1665,-10.48893547,9.441030502,1
303,1697,-8.877840996,9.778495789,1
303,1729,-8.61841774,9.50513649,1
303,1761,-9.00302887,9.153576851,1
303,1793,-8.622987747,8.659187317,1
303,1825,-7.96652317,9.537211418,1
303,1857,-7.53452158,9.877108574,1
303,1889,-7.739987373,10.04903984,1
303,1921,-8.768407822,10.25516701,1
303,1953,-7.925890923,11.04794788,1
303,1985,-7.06101799,10.07901955,1
303,2017,-7.197817326,0.5535223484,1
335,33,-0.09510135651,-0.9080462456,1
335,65,0.1714499742,0.5415394902,1
335,97,0.9907250404,1.930392027,1
335,129,0.4220612049,0.3501278162,1
335,161,-4.503917694,-12.99168587,1
335,193,1.031203985,2.133322716,1
335,225,-5.958320141,-7.873186111,1
335,257,-7.313257217,-9.665827751,1
335,289,-8.632444382,-10.6323328,1
335,321,-9.900302887,-11.9814806,1
335,353,-11.78384113,-12.48865604,1
335,385,-13.446064,-13.49537468,1
335,417,-14.80270767,-14.25637054,1
335,449,-16.3378315,-14.63483429,1
335,481,-17.11671638,-14.22824287,1
335,513,-17.81838799,-13.78687477,1
335,545,-18.66075516,-13.84958076,1
335,577,-19.24679565,-14.26659775,1
335,609,-19.68321609,-14.74834919,1
335,641,-19.8237114,-14.13667202,1
335,673,-21.28289604,-13.51031494,1
335,705,-23.10974884,-12.87038612,1
335,737,-23.08165932,-12.62944984,1
335,769,-24.88244438,-10.18721676,1
335,801,-24.48064613,-10.63745499,1
335,833,-23.98653984,-10.29230118,1
335,865,-23.74464989,-8.976024628,1
335,897,-23.44384956,-6.269081593,1
335,929,-23.25484085,-4.574863911,1
335,961,-23.55318069,-3.670748234,1
335,993,-24.33728981,-2.658239126,1
335,1025,-24.79785728,-1.488111973,1
335,1057,-24.91210556,-0.9164298773,1
335,1089,-25.17825508,0.2427913547,1
335,1121,-25.25852776,1.245622873,1
335,1153,-24.3284893,2.11808157,1
335,1185,-23.00921822,2.46256876,1
335,1217,-22.43906975,2.844496012,1
335,1249,-22.75001717,5.021731853,1
335,1281,-23.44738197,7.024858475,1
335,1313,-31.24138641,17.06212234,1
335,1345,-19.11872673,8.994734764,1
335,1377,-17.44735146,7.709729195,1
335,1409,-15.62553406,10.04287434,1
335,1441,-14.35915947,10.52985668,1
335,1473,-12.89286995,10.72443962,1
335,1505,-11.54060173,10.50400543,1
335,1537,-12.13260651,10.25354767,1
335,1569,-11.46889973,10.24612141,1
335,1601,-10.49488354,9.825737953,1
335,1633,-9.710419655,10.2444191,1
335,1665,-10.21230984,10.64899254,1
335,1697,-9.776399612,10.90491486,1
335,1729,-8.999574661,10.64556503,1
335,1761,-8.809155464,10.95382786,1
335,1793,-8.246931076,11.02714729,1
335,1825,-6.99316597,11.02743149,1
335,1857,-7.28804493,10.65781879,1
335,1889,-7.203977585,10.76328468,1
335,1921,-6.829172134,10.90554428,1
335,1953,-7.950590611,9.826934814,1
335,1985,-7.337497711,11.89237022,1
335,2017,-26.32237816,-0.08502626419,1
367,33,-14.34731865,0.3436737061,1
367,65,0.03121103346,0.5235860348,1
367,97,0.4243177772,0.7778425217,1
367,129,0.4410531521,-1.214638948,1
367,161,-1.026453495,11.5056181,1
367,193,-5.908078194,-8.74420166,1
367,225,-7.058737278,-10.06830502,1
367,257,-7.419815063,-10.39304924,1
367,289,-8.729438782,-10.72857857,1
367,321,-10.9659586,-12.26605225,1
367,353,-13.00228691,-13.55586052,1
367,385,-14.73407841,-14.15929031,1
367,417,-16.24815559,-15.30273819,1
367,449,-17.20299721,-16.16929054,1
367,481,-17.93143463,-15.56443501,1
367,513,-18.97672272,-15.15076637,1
367,545,-20.24324036,-15.45337963,1
367,577,-20.49242592,-15.81567764,1
367,609,-20.62535286,-15.82747364,1
367,641,-21.47319031,-15.49721336,1
367,673,-23.55712891,-15.11841583,1
367,705,-23.42046547,-14.40695286,1
367,737,-23.74361801,-14.28536224,1
367,769,-27.14814949,-8.953927994,1
367,801,-27.30302238,-8.440151215,1
367,833,-25.77393913,-10.76997185,1
367,865,-25.08999062,-9.350359917,1
367,897,-24.94580269,-7.365430832,1
367,929,-24.84276009,-5.018553734,1
367,961,-25.11015511,-4.030810356,1
367,993,-25.97325897,-3.221658468,1
367,1025,-26.57260704,-2.235448122,1
367,1057,-26.85528755,-1.393127918,1
367,1089,-26.90764427,-0.2447282076,1
367,1121,-26.76647949,0.6197831631,1
367,1153,-25.81892586,1.111801744,1
367,1185,-24.71062851,2.13346076,1
367,1217,-23.93851471,3.65935421,1
367,1249,-22.90382767,5.647507668,1
367,1281,-19.65153122,4.734151363,1
367,1313,-21.1146965,10.74723625,1
367,1345,-20.18382835,12.17384529,1
367,1377,-18.12664604,8.430943489,1
367,1409,-16.72698975,9.721518517,1
367,1441,-15.44912815,11.57618713,1
367,1473,-13.21842098,12.45672989,1
367,1505,-11.83528423,11.56285191,1
367,1537,-12.16237354,11.43590069,1
367,1569,-11.33632278,11.52902794,1
367,1601,-10.61585331,11.4462471,1
367,1633,-9.54883194,11.96516991,1
367,1665,-8.624031067,12.38414001,1
367,1697,-9.078434944,12.74945259,1
367,1729,-8.997514725,12.14477825,1
367,1761,-9.439314842,12.32172966,1
367,1793,-8.887254715,12.3012495,1
367,1825,-7.964980125,12.28686619,1
367,1857,-8.131396294,12.20021534,1
367,1889,-7.274654865,12.22157478,1
367,1921,-6.548443317,11.92309761,1
367,1953,-6.213349342,9.522611618,1
367,1985,-7.325281143,11.61787415,1
367,2017,-19.32403183,-5.721055984,1
399,33,5.965543747,5.680148125,1
399,65,0.04210990667,1.297036052,1
399,97,-1.688246012,-1.994690657,1
399,129,1.576473236,-20.6710453,1
399,161,0.7366213799,1.635118484,1
399,193,-7.268398285,-9.645237923,1
399,225,-7.91230011,-11.02371883,1
399,257,-8.2532444,-11.46906281,1
399,289,-9.563549042,-11.85250473,1
399,321,-12.41575432,-12.92713928,1
399,353,-14.5451088,-14.17297173,1
399,385,-16.17882919,-15.0362854,1
399,417,-17.43397141,-16.66033936,1
399,449,-17.35764694,-16.36181259,1
399,481,-18.00819016,-16.18464279,1
399,513,-19.67402077,-16.33114052,1
399,545,-20.78915596,-16.59346581,1
399,577,-21.41854477,-17.05996513,1
399,609,-21.29303551,-17.1701107,1
399,641,-21.00019646,-16.4061718,1
399,673,-23.30906296,-14.2509346,1
399,705,-23.64664459,-13.86719036,1
399,737,-23.62917519,-13.78826332,1
399,769,-23.07766533,-11.64204884,1
399,801,-17.15153313,-6.451422691,1
399,833,-27.52836037,-11.96818924,1
399,865,-25.67149734,-9.073020935,1
399,897,-25.7256794,-7.877276421,1
399,929,-26.10704994,-6.612895966,1
399,961,-26.82632637,-5.722621441,1
399,993,-28.45008087,-4.718196392,1
399,1025,-30.03819656,-3.552142859,1
399,1057,-29.92606735,-2.21398592,1
399,1089,-29.50669479,-1.030301929,1
399,1121,-28.02960205,-1.278650641,1
399,1153,-26.95196915,-1.599142671,1
399,1185,-26.64721489,1.220088482,1
399,1217,-26.45717049,3.794039011,1
399,1249,-24.54366684,5.871051311,1
399,1281,-22.70730591,5.977967262,1
399,1313,-22.94483566,9.793639183,1
399,1345,-21.2565155,12.5989933,1
399,1377,-19.09788132,10.79071045,1
399,1409,-18.09123039,11.59471512,1
399,1441,-16.4972477,13.22266197,1
399,1473,-14.52367401,14.29588032,1
399,1505,-13.01117611,13.43252468,1
399,1537,-12.05318451,13.25203514,1
399,1569,-11.65174961,12.87922955,1
399,1601,-11.05639935,13.21382046,1
399,1633,-10.12727165,14.33876038,1
399,1665,-8.560242653,13.97859383,1
399,1697,-9.333544731,15.85098839,1
399,1729,-9.620344162,13.86662197,1
399,1761,-9.881049156,13.28181267,1
399,1793,-9.925148964,12.96819115,1
399,1825,-9.24220562,12.7703104,1
399,1857,-8.67689991,13.32422066,1
399,1889,-7.74456358,13.54754448,1
399,1921,-6.839003563,12.53409195,1
399,1953,-5.882087231,10.64336777,1
399,1985,-6.142731667,11.94915962,1
399,2017,-7.278578758,2.107457161,1
431,33,17.18936729,14.46564674,1
431,65,-0.2716353536,3.01632905,1
431,97,0.1090216637,-0.3501543999,1
431,129,-12.88381767,-8.79913044,1
431,161,-6.438842773,-10.63831329,1
431,193,-7.300968647,-10.51320648,1
431,225,-8.71441555,-11.70743275,1
431,257,-10.01944733,-12.94147587,1
431,289,-11.44843864,-13.55225849,1
431,321,-13.45728111,-13.94417477,1
431,353,-15.64681816,-14.44142437,1
431,385,-16.86356163,-15.40219307,1
431,417,-17.70767403,-16.26472855,1
431,449,-18.49656868,-16.48135185,1
431,481,-19.5309391,-17.12171173,1
431,513,-20.74679565,-17.26841736,1
431,545,-21.71550179,-17.57697296,1
431,577,-22.4764843,-18.18622589,1
431,609,-22.32603455,-18.18445587,1
431,641,-22.01398659,-17.83753204,1
431,673,-23.5246048,-15.26530457,1
431,705,-24.64325905,-14.22268391,1
431,737,-24.93743324,-13.5822258,1
431,769,-24.85262108,-11.84941101,1
431,801,-26.54046059,-13.81915379,1
431,833,-26.77103424,-12.02357197,1
431,865,-26.37451363,-10.07921696,1
431,897,-26.72736931,-9.223620415,1
431,929,-26.99369049,-8.023438454,1
431,961,-27.80137444,-7.684170723,1
431,993,-29.09149933,-7.456897736,1
431,1025,-31.01844597,-6.82937336,1
431,1057,-31.44269943,-5.388120651,1
431,1089,-29.48608971,-3.873984337,1
431,1121,-28.40021324,-4.159770966,1
431,1153,-27.88084221,-3.08425951,1
431,1185,-27.79853249,-0.1448725462,1
431,1217,-27.43938828,3.166273594,1
431,1249,-25.90935135,5.381797791,1
431,1281,-25.16543961,7.390208244,1
431,1313,-25.16721916,8.613314629,1
431,1345,-23.26462555,12.15112686,1
431,1377,-19.63009071,12.87742424,1
431,1409,-18.73311424,14.74503708,1
431,1441,-17.46263313,15.74789429,1
431,1473,-14.51794624,17.70523453,1
431,1505,-13.03263283,16.10704994,1
431,1537,-12.01643372,14.90902901,1
431,1569,-11.66050625,14.64019203,1
431,1601,-11.30759621,14.56620693,1
431,1633,-9.862350464,14.96999931,1
431,1665,-10.11570263,15.97822094,1
431,1697,-10.33731174,17.56025124,1
431,1729,-10.36705399,17.38432693,1
431,1761,-9.7491436,14.14470768,1
431,1793,-9.716773987,12.84885597,1
431,1825,-9.379933357,13.16401291,1
431,1857,-8.701161385,13.92579842,1
431,1889,-7.979445457,14.39353371,1
431,1921,-7.18233633,13.2772131,1
431,1953,-7.182751656,13.60349655,1
431,1985,-7.3975811,9.410306931,1
431,2017,-11.01696396,1.527544022,1
463,33,3.172306061,16.27075195,1
463,65,1.717739105,-4.873420715,1
463,97,0.8389453888,0.7711114883,1
463,129,-6.628588676,-10.21943665,1
463,161,-6.456206322,-11.72637272,1
463,193,-8.108135223,-11.64036179,1
463,225,-10.45757484,-12.65206814,1
463,257,-11.65210152,-15.05334854,1
463,289,-12.78342628,-16.04419518,1
463,321,-14.24118996,-15.35611343,1
463,353,-15.95815659,-14.63116455,1
463,385,-16.91759491,-16.25342751,1
463,417,-17.80605698,-17.05648041,1
463,449,-19.12341309,-17.42907524,1
463,481,-20.30658531,-18.09327507,1
463,513,-21.76246834,-18.40192795,1
463,545,-23.07774734,-18.73157501,1
463,577,-23.65390396,-19.47515678,1
463,609,-23.73057556,-19.47182465,1
463,641,-23.72933578,-19.21202087,1
463,673,-23.17236328,-20.19483566,1
463,705,-25.13954353,-17.05771828,1
463,737,-26.78081512,-14.95804691,1
463,769,-28.14971161,-16.62724876,1
463,801,-25.62425613,-16.00055313,1
463,833,-26.13986015,-14.53902245,1
463,865,-27.71347809,-12.95981121,1
463,897,-28.46584892,-11.83076191,1
463,929,-28.45353127,-10.02236748,1
463,961,-28.59695053,-10.16307545,1
463,993,-30.30970764,-12.75584984,1
463,1025,-30.89334106,-12.57507706,1
463,1057,-30.63608551,-10.20013714,1
463,1089,-29.34861374,-8.0627985,1
463,1121,-28.168993,-7.266307354,1
463,1153,-27.85992622,-4.877150536,1
463,1185,-28.04577446,-0.8588645458,1
463,1217,-28.53125381,1.550131321,1
463,1249,-27.35171318,4.88255024,1
463,1281,-27.53161049,6.374866486,1
463,1313,-27.93182755,9.899938583,1
463,1345,-24.48492622,15.39519882,1
463,1377,-21.75393677,17.96209717,1
463,1409,-19.908741,16.85219002,1
463,1441,-17.98349571,17.4252758,1
463,1473,-14.99399567,17.77243233,1
463,1505,-13.05888844,17.02293396,1
463,1537,-12.11552238,16.38706398,1
463,1569,-11.6676712,16.20820808,1
463,1601,-11.20506477,15.66620255,1
463,1633,-11.17534733,15.70448399,1
463,1665,-11.60186577,15.615345,1
463,1697,-12.35725784,15.53165436,1
463,1729,-12.29952908,17.41631317,1
463,1761,-11.64216042,16.71170998,1
463,1793,-10.7453413,14.9500618,1
463,1825,-9.58968544,14.10090256,1
463,1857,-8.002376556,14.48813534,1
463,1889,-7.323155403,14.85521507,1
463,1921,-7.197945595,14.17591476,1
463,1953,-6.933594227,12.98863411,1
463,1985,-7.0402565,13.53356743,1
463,2017,-23.77578354,-5.6303339,1
495,33,0.9071779251,11.11292076,1
495,65,-0.8565138578,0.94575876,1
495,97,-4.174347878,-7.761958599,1
495,129,-4.947019577,-10.77641106,1
495,161,-6.313495636,-12.29444313,1
495,193,-8.237325668,-13.0720253,1
495,225,-11.06557846,-14.57237625,1
495,257,-12.98301506,-17.28644753,1
495,289,-14.33594608,-18.24537468,1
495,321,-15.54071236,-16.27815628,1
495,353,-16.19076157,-16.66314888,1
495,385,-17.13273239,-17.35012817,1
495,417,-18.22324944,-18.30626297,1
495,449,-19.60161018,-18.88150024,1
495,481,-20.82444954,-19.53597641,1
495,513,-22.13583755,-19.87115479,1
495,545,-23.46866989,-19.99167061,1
495,577,-24.29812622,-20.22547531,1
495,609,-24.29881287,-20.72134018,1
495,641,-24.43755722,-20.50800323,1
495,673,-24.69538689,-19.7363205,1
495,705,-25.69876862,-18.53614998,1
495,737,-26.79190636,-17.39510155,1
495,769,-26.84641075,-16.97846222,1
495,801,-26.16962814,-17.05198479,1
495,833,-26.80854416,-16.63249588,1
495,865,-28.75437164,-15.49963951,1
495,897,-30.25506973,-14.72863293,1
495,929,-30.41588974,-14.05581665,1
495,961,-29.81469536,-13.59799004,1
495,993,-32.1950264,-16.57953072,1
495,1025,-31.04634094,-15.0284214,1
495,1057,-29.83647346,-12.91607189,1
495,1089,-29.65272713,-10.54293442,1
495,1121,-28.21938133,-8.693660736,1
495,1153,-27.86668777,-7.40183115,1
495,1185,-24.6596508,-7.297830582,1
495,1217,-9.547258377,5.910263062,1
495,1249,-27.37286377,5.891961098,1
495,1281,-26.40320396,5.718200684,1
495,1313,-25.03423691,13.08383369,1
495,1345,-21.37643814,21.51947403,1
495,1377,-19.50014687,22.17006874,1
495,1409,-17.62713623,21.18223381,1
495,1441,-15.72539711,20.47120857,1
495,1473,-14.5205555,19.41481209,1
495,1505,-13.50948429,17.66584587,1
495,1537,-12.3299799,17.34175873,1
495,1569,-10.81895542,17.82325172,1
495,1601,-11.8550539,17.75954819,1
495,1633,-13.13304806,16.48612785,1
495,1665,-12.64032841,15.70453453,1
495,1697,-11.66182709,15.83579826,1
495,1729,-15.15188026,16.68730927,1
495,1761,-14.16645718,16.8210907,1
495,1793,-11.18354797,18.19582367,1
495,1825,-9.239408493,14.91017532,1
495,1857,-7.666041851,15.11475563,1
495,1889,-6.933503628,15.59799957,1
495,1921,-6.972685337,14.66894531,1
495,1953,-6.909807205,13.11301994,1
495,1985,-6.838511944,11.3283596,1
495,2017,1.010426044,-1.977083683,1
527,33,1.295003414,2.474648476,1
527,65,-6.254005432,-2.906262398,1
527,97,-6.620088577,-9.718482971,1
527,129,-6.110074997,-11.60553741,1
527,161,-7.126893044,-13.09682274,1
527,193,-8.952764511,-14.49343777,1
527,225,-11.29828644,-16.64278603,1
527,257,-13.25940323,-20.14555931,1
527,289,-15.15278339,-20.87792206,1
527,321,-16.53422546,-17.39061546,1
527,353,-17.04445457,-17.73233223,1
527,385,-18.13103867,-18.55864334,1
527,417,-19.12479782,-19.84907913,1
527,449,-20.37493134,-20.70540619,1
527,481,-21.35956192,-21.09137535,1
527,513,-22.21313667,-21.3645668,1
527,545,-23.19132042,-21.54778481,1
527,577,-23.8874321,-21.64543343,1
527,609,-24.26833153,-21.98776817,1
527,641,-24.27333832,-21.72241783,1
527,673,-24.81811905,-20.37632942,1
527,705,-26.4374218,-20.2485466,1
527,737,-27.24495125,-18.69031334,1
527,769,-27.37405396,-17.29425621,1
527,801,-27.54649925,-17.19946098,1
527,833,-28.7129364,-17.26787949,1
527,865,-30.30272484,-17.28784752,1
527,897,-31.41687393,-18.00098419,1
527,929,-31.73751068,-18.40990257,1
527,961,-31.06457329,-17.88093948,1
527,993,-33.03829956,-18.34547424,1
527,1025,-30.42054558,-17.71031761,1
527,1057,-29.04504967,-14.7168932,1
527,1089,-30.13269424,-12.26959991,1
527,1121,-29.16334724,-8.897693634,1
527,1153,-28.13777733,-12.23697853,1
527,1185,-26.90800285,-8.744072914,1
527,1217,-28.80791283,-7.038062572,1
527,1249,-7.856058121,13.0701685,1
527,1281,-22.53586006,12.35911942,1
527,1313,-24.62792778,18.34342575,1
527,1345,-22.63491058,21.14197731,1
527,1377,-18.46084213,23.54441261,1
527,1409,-17.04311752,23.3465538,1
527,1441,-15.20188808,22.19715309,1
527,1473,-14.21660519,20.88374329,1
527,1505,-12.98112106,18.03498459,1
527,1537,-11.16620159,18.00248146,1
527,1569,-11.3237896,19.56507874,1
527,1601,-12.71205521,19.0164566,1
527,1633,-13.04376507,18.02850914,1
527,1665,-12.74704742,17.20728874,1
527,1697,-12.86026001,16.42324066,1
527,1729,-12.69608212,15.8265419,1
527,1761,-10.42264557,16.99789238,1
527,1793,-9.50138092,18.34319496,1
527,1825,-7.585390091,16.81205177,1
527,1857,-6.471030235,16.55679703,1
527,1889,-6.934793949,16.3209877,1
527,1921,-7.143719673,15.23398304,1
527,1953,-7.055238724,13.61424732,1
527,1985,-4.215408325,11.9001503,1
527,2017,-22.41437149,-0.7631664276,1
559,33,10.6436491,1.028055668,1
559,65,-9.859477043,-5.916816711,1
559,97,-7.162956238,-11.65936279,1
559,129,-7.463038445,-12.98816586,1
559,161,-8.170292854,-14.1607914,1
559,193,-10.31063175,-15.79031372,1
559,225,-13.31297874,-18.10608864,1
559,257,-15.61423969,-19.58435631,1
559,289,-16.09273529,-20.76371765,1
559,321,-17.38169289,-19.3521595,1
559,353,-18.34958267,-18.72585869,1
559,385,-19.41348648,-19.92852974,1
559,417,-20.278265,-21.963871,1
559,449,-21.08201408,-22.14622879,1
559,481,-21.94068909,-22.21704483,1
559,513,-22.54668999,-22.69973946,1
559,545,-23.35834885,-23.0351162,1
559,577,-23.87427139,-22.70874596,1
559,609,-24.21615601,-22.87996674,1
559,641,-24.92040825,-23.33340836,1
559,673,-25.69063377,-23.31971741,1
559,705,-26.14051628,-22.65583229,1
559,737,-27.96229362,-19.6866169,1
559,769,-29.62923431,-18.39903831,1
559,801,-30.11123085,-18.45152664,1
559,833,-31.04235077,-18.77723122,1
559,865,-31.75341225,-19.54075241,1
559,897,-31.99900246,-20.50922585,1
559,929,-32.43037415,-21.02389145,1
559,961,-32.28715134,-20.66354752,1
559,993,-31.85906219,-19.93393707,1
559,1025,-30.80853462,-19.6107235,1
559,1057,-28.65906525,-24.06869125,1
559,1089,-30.75943565,-17.39454842,1
559,1121,-31.74805641,-21.9012413,1
559,1153,-26.18791199,-21.25882339,1
559,1185,-25.60473251,-16.86397362,1
559,1217,-4.384250641,12.76248932,1
559,1249,-36.628582,16.47776031,1
559,1281,-38.58312225,20.475811,1
559,1313,-25.19015884,22.00480843,1
559,1345,-20.64053154,21.67460442,1
559,1377,-18.05337906,24.19098282,1
559,1409,-16.70319366,24.01174736,1
559,1441,-15.38359833,24.1696682,1
559,1473,-14.13243103,22.93782425,1
559,1505,-12.96978188,19.86939621,1
559,1537,-12.07100868,20.2672348,1
559,1569,-12.12953091,20.10839081,1
559,1601,-12.8904686,19.22901344,1
559,1633,-13.00362587,18.83616257,1
559,1665,-12.88460255,18.43858337,1
559,1697,-12.62608433,17.48265648,1
559,1729,-10.88340759,16.30700493,1
559,1761,-9.409795761,17.67586327,1
559,1793,-8.98211956,18.83075714,1
559,1825,-8.037755966,17.97105408,1
559,1857,-7.169757366,17.7408905,1
559,1889,-6.613395214,17.21541977,1
559,1921,-6.732533932,16.16853905,1
559,1953,-6.399697304,14.94072914,1
559,1985,-5.199826241,14.18190193,1
559,2017,-6.528811455,-0.3190813065,1
591,33,-10.4225235,0.4892272949,1
591,65,0.2207913399,0.2883911133,1
591,97,-7.553185463,-12.73590755,1
591,129,-8.101015091,-14.00670433,1
591,161,-8.886629105,-15.5589447,1
591,193,-11.28807449,-18.78949738,1
591,225,-13.1055584,-20.20697403,1
591,257,-15.3149147,-21.33016205,1
591,289,-16.14967918,-21.74728203,1
591,321,-17.63563728,-21.22969818,1
591,353,-19.2934742,-20.52841949,1
591,385,-20.17041397,-21.57044601,1
591,417,-20.73026085,-23.23713875,1
591,449,-22.21449852,-23.73093414,1
591,481,-21.88462257,-23.2685051,1
591,513,-22.54536629,-23.94348907,1
591,545,-23.89948654,-24.32249641,1
591,577,-24.48495483,-23.79750443,1
591,609,-24.67638779,-24.13026047,1
591,641,-25.82052803,-24.63440704,1
591,673,-26.94215393,-25.09985352,1
591,705,-27.73133087,-24.06726456,1
591,737,-28.41052246,-22.44526291,1
591,769,-30.55084991,-21.30553436,1
591,801,-31.49123764,-21.20420074,1
591,833,-31.72035027,-22.5799408,1
591,865,-31.65883064,-23.26130676,1
591,897,-31.81646347,-23.24287796,1
591,929,-32.63946533,-23.63259506,1
591,961,-33.29259109,-23.12387276,1
591,993,-32.50244904,-22.14098167,1
591,1025,-30.28162003,-26.11496925,1
591,1057,-29.73001099,-25.57292557,1
591,1089,-31.15906525,-22.07390976,1
591,1121,-33.55284119,-20.61615944,1
591,1153,-25.80844879,-20.9504776,1
591,1185,-41.47503281,-0.9353153706,1
591,1217,-9.658956528,-9.797384262,1
591,1249,-26.14696503,-8.04268837,1
591,1281,-9.924814224,31.85822678,1
591,1313,-9.213441849,37.03533173,1
591,1345,-0.5293178558,28.77521706,1
591,1377,-31.92432976,35.6855011,1
591,1409,-15.54395771,25.01832581,1
591,1441,-14.48148918,25.94960594,1
591,1473,-13.37165546,25.50719643,1
591,1505,-13.55153179,23.60038567,1
591,1537,-13.25711441,21.85671806,1
591,1569,-12.71277523,20.63697052,1
591,1601,-12.5033102,19.56284332,1
591,1633,-12.51502228,18.81642151,1
591,1665,-12.56211376,18.81110001,1
591,1697,-12.12183475,17.69225883,1
591,1729,-10.73908138,16.32708931,1
591,1761,-8.840216637,18.41468811,1
591,1793,-8.101586342,19.55127716,1
591,1825,-8.701738358,17.91409492,1
591,1857,-7.204720974,18.50396347,1
591,1889,-5.929893494,17.61830139,1
591,1921,-5.949671268,16.63014984,1
591,1953,-5.60613966,16.12757874,1
591,1985,-5.292108536,15.70681477,1
591,2017,-11.01008797,-0.6575756073,1
623,33,-5.00456953,0.1140089035,1
623,65,-6.368933201,-11.62264824,1
623,97,-7.356471062,-12.78499985,1
623,129,-8.266399384,-15.10960579,1
623,161,-8.934703827,-18.31721878,1
623,193,-10.14747429,-20.53523827,1
623,225,-11.71029949,-21.51237679,1
623,257,-13.3855505,-22.12041664,1
623,289,-15.14244843,-23.13702965,1
623,321,-16.97145844,-22.98584366,1
623,353,-18.94762993,-23.83609962,1
623,385,-20.53641319,-24.24646187,1
623,417,-21.33487701,-25.45603943,1
623,449,-21.96862984,-25.96186066,1
623,481,-21.76199913,-24.59244728,1
623,513,-22.8975029,-25.21683884,1
623,545,-24.25926781,-25.92419815,1
623,577,-24.83176231,-25.7648983,1
623,609,-25.17613411,-25.95117569,1
623,641,-26.44111252,-26.08851242,1
623,673,-27.86625099,-26.01258659,1
623,705,-29.52637863,-24.96482086,1
623,737,-31.17443466,-23.541399,1
623,769,-31.95721436,-23.43030167,1
623,801,-32.14271545,-24.16376114,1
623,833,-32.48729324,-25.75258255,1
623,865,-32.51994705,-26.12369347,1
623,897,-31.99514008,-26.13554955,1
623,929,-32.26052094,-25.92121315,1
623,961,-33.75361252,-26.5346508,1
623,993,-33.23901367,-27.17403603,1
623,1025,-31.99383163,-28.79394531,1
623,1057,-32.53953552,-28.76108742,1
623,1089,-33.94202423,-15.99299908,1
623,1121,-26.43894005,-24.91934204,1
623,1153,-36.32633209,12.53616619,1
623,1185,-30.81454277,20.16638947,1
623,1217,-27.4818573,-9.854375839,1
623,1249,-5.395971298,11.62371445,1
623,1281,-8.294616699,33.08312607,1
623,1313,-15.80822659,39.79869843,1
623,1345,-0.3488798141,36.32039642,1
623,1377,-8.827512741,38.63911438,1
623,1409,-9.36995697,38.63412476,1
623,1441,-4.604613304,6.823278427,1
623,1473,-10.75218201,31.04820633,1
623,1505,-11.87257481,26.92390442,1
623,1537,-12.01584148,24.19395828,1
623,1569,-13.08527374,21.04745293,1
623,1601,-12.36317348,20.04576302,1
623,1633,-12.05369568,19.200737,1
623,1665,-11.81934834,19.63161469,1
623,1697,-12.66148758,18.86240005,1
623,1729,-10.45240879,18.41271782,1
623,1761,-7.871850014,18.96460724,1
623,1793,-6.101492882,18.46068573,1
623,1825,-5.812160969,18.75274658,1
623,1857,-5.713700771,20.31456566,1
623,1889,-5.956150055,17.65270042,1
623,1921,-5.58501482,17.08483696,1
623,1953,-4.996841908,17.12253189,1
623,1985,-4.992070675,16.77599716,1
623,2017,-8.241374969,-2.386899948,1
655,33,1.115159988,0.2511472702,1
655,65,-6.091380596,-12.83273506,1
655,97,-7.140532017,-14.0956192,1
655,129,-8.335728645,-16.3355751,1
655,161,-8.610462189,-19.47063255,1
655,193,-9.475013733,-21.30043793,1
655,225,-10.72642231,-22.01015854,1
655,257,-12.57705307,-23.04246902,1
655,289,-14.90459442,-24.58747673,1
655,321,-16.52190208,-25.42320251,1
655,353,-17.92461205,-27.07135391,1
655,385,-19.95313644,-26.17429352,1
655,417,-21.01353836,-25.89624786,1
655,449,-20.46905518,-26.66355133,1
655,481,-21.79547691,-26.9044075,1
655,513,-23.42856407,-26.90747452,1
655,545,-24.65687943,-27.28248024,1
655,577,-25.42861748,-27.51382256,1
655,609,-26.42260361,-28.27041817,1
655,641,-27.10266685,-28.47441483,1
655,673,-28.4084301,-27.09543991,1
655,705,-30.67069244,-26.01266861,1
655,737,-32.28977966,-24.94215012,1
655,769,-32.66382599,-25.10232735,1
655,801,-32.74520874,-26.52798653,1
655,833,-33.33000183,-27.81778145,1
655,865,-33.7946701,-28.39022446,1
655,897,-33.3959198,-29.49606133,1
655,929,-32.34189224,-30.75901413,1
655,961,-31.75361252,-31.47075844,1
655,993,-32.37094879,-33.46517563,1
655,1025,-32.41822815,-34.54489136,1
655,1057,-31.75349045,-34.7472229,1
655,1089,-25.22447014,-31.89244461,1
655,1121,-26.47897148,-9.647878647,1
655,1153,-30.57910919,16.41127586,1
655,1185,-9.191991806,0.8301515579,1
655,1217,-16.01486969,7.666060448,1
655,1249,-10.36422634,12.9875412,1
655,1281,-14.12589741,-3.293621063,1
655,1313,-3.215835571,9.881351471,1
655,1345,-2.506104469,6.188364029,1
655,1377,-9.977275848,4.343521118,1
655,1409,0.3078660965,21.72128105,1
655,1441,-2.293611526,23.40625,1
655,1473,-9.233686447,36.95903397,1
655,1505,-10.09301186,29.0918045,1
655,1537,-10.62082386,26.09499168,1
655,1569,-11.41008282,23.14729309,1
655,1601,-11.59400558,22.13573265,1
655,1633,-11.30898952,21.33283043,1
655,1665,-10.93650246,20.80554581,1
655,1697,-11.04693985,19.99694061,1
655,1729,-10.72499084,19.68709183,1
655,1761,-9.835226059,19.07248878,1
655,1793,-8.085428238,18.50352478,1
655,1825,-6.116790295,18.0132618,1
655,1857,-6.519247532,18.31390381,1
655,1889,-6.398186207,17.77659798,1
655,1921,-5.902044773,17.50087738,1
655,1953,-5.490561485,17.63482285,1
655,1985,-5.348595142,17.38023949,1
655,2017,5.631258965,-0.1780328751,1
687,33,-0.7445635796,1.168544769,1
687,65,-6.564864635,-13.88485718,1
687,97,-7.308637619,-15.71812057,1
687,129,-8.112579346,-17.76794815,1
687,161,-8.961894035,-19.55464745,1
687,193,-9.810393333,-21.25396156,1
687,225,-11.07893467,-22.54206276,1
687,257,-12.91659641,-24.31788254,1
687,289,-14.66505527,-25.72708511,1
687,321,-15.75440788,-27.04162598,1
687,353,-17.48091125,-27.74823189,1
687,385,-19.37321281,-27.006073,1
687,417,-21.20724678,-27.15156746,1
687,449,-21.5814476,-28.07435226,1
687,481,-22.4866581,-28.4157753,1
687,513,-23.94117928,-28.71958351,1
687,545,-25.97984314,-29.46933174,1
687,577,-26.32192039,-28.83512688,1
687,609,-27.22037125,-29.01770592,1
687,641,-28.27260208,-28.938591,1
687,673,-29.7817688,-28.58568001,1
687,705,-31.2019043,-28.09638786,1
687,737,-32.50536346,-26.92208099,1
687,769,-33.07499695,-27.99329185,1
687,801,-33.46668243,-29.5515995,1
687,833,-33.95716476,-30.37935638,1
687,865,-33.91110992,-30.52391624,1
687,897,-34.63552856,-32.29333878,1
687,929,-32.64152527,-32.36004257,1
687,961,-30.76491165,-32.17492676,1
687,993,-32.42516708,-35.46761322,1
687,1025,-31.23528099,-35.4186058,1
687,1057,-29.68509293,-17.10340309,1
687,1089,-29.54350662,-29.57484055,1
687,1121,-30.9776535,-14.45606613,1
687,1153,0.5140628815,7.768130302,1
687,1185,3.24912262,6.398918629,1
687,1217,-24.80535889,27.33177948,1
687,1249,3.927978516,24.95692825,1
687,1281,-13.21858597,-1.742170334,1
687,1313,-12.05266571,1.04050827,1
687,1345,1.225346565,4.995540619,1
687,1377,0.1796007156,9.172679901,1
687,1409,0.2043132782,19.12249756,1
687,1441,-2.013378143,22.24266624,1
687,1473,-3.031703949,35.24842834,1
687,1505,-6.414620399,28.07573128,1
687,1537,-9.535077095,27.69801903,1
687,1569,-10.49794197,26.44054031,1
687,1601,-10.34603977,25.23590851,1
687,1633,-10.50466919,23.18823624,1
687,1665,-10.61415577,21.3669281,1
687,1697,-10.32869148,20.599823,1
687,1729,-10.53251743,20.29562759,1
687,1761,-10.0950222,19.4898243,1
687,1793,-8.340764046,18.8300724,1
687,1825,-7.275465012,18.27847099,1
687,1857,-6.770620346,17.71463585,1
687,1889,-6.298323154,17.44765282,1
687,1921,-6.188616276,17.36010361,1
687,1953,-5.716643333,17.60821533,1
687,1985,-5.425892353,17.16564369,1
687,2017,-16.79535484,-0.0928478241,1
719,33,1.7175107,0.8957195282,1
719,65,-7.041988373,-16.03993797,1
719,97,-7.619892597,-17.85662842,1
719,129,-8.33032608,-19.3396759,1
719,161,-9.142678261,-20.50076103,1
719,193,-10.00172901,-22.05966568,1
719,225,-11.09039783,-23.5682373,1
719,257,-12.57513332,-25.25780296,1
719,289,-14.37252045,-26.7539711,1
719,321,-16.03401756,-27.38301659,1
719,353,-17.56016922,-27.73430634,1
719,385,-19.60119438,-27.9572506,1
719,417,-20.97347641,-28.43838501,1
719,449,-22.02159691,-29.05838776,1
719,481,-23.23554993,-29.21094513,1
719,513,-24.73510742,-30.15290451,1
719,545,-26.83828354,-30.91666985,1
719,577,-27.39131546,-29.92061234,1
719,609,-27.51814079,-29.99692535,1
719,641,-29.38661385,-30.11942101,1
719,673,-31.3986721,-30.54748535,1
719,705,-32.96416473,-30.2258091,1
719,737,-33.56427383,-29.64196014,1
719,769,-34.06728745,-31.14208794,1
719,801,-34.08341599,-32.86824036,1
719,833,-34.35087585,-33.60491562,1
719,865,-33.66041946,-33.9213562,1
719,897,-42.45596313,-11.86677361,1
719,929,-30.33616829,-31.93513298,1
719,961,-28.84046364,-24.05670929,1
719,993,-27.92325974,-31.82685852,1
719,1025,-26.55713463,-27.39495659,1
719,1057,-23.87149048,-12.24023819,1
719,1089,-20.6184082,-13.36083126,1
719,1121,-17.91543198,-8.013818741,1
719,1153,-10.46976852,-7.738894463,1
719,1185,-27.2298317,-3.663024902,1
719,1217,-20.52816772,30.6421032,1
719,1249,-23.60765648,31.11091614,1
719,1281,-0.07092571259,1.912109375,1
719,1313,-25.27470016,30.44401169,1
719,1345,-1.841096878,27.16797447,1
719,1377,-15.48949432,15.79122543,1
719,1409,2.22685051,16.4637146,1
719,1441,6.483012676,36.87845612,1
719,1473,0.06398200989,37.81053162,1
719,1505,-6.799192429,32.06792831,1
719,1537,-7.711588383,31.97128296,1
719,1569,-8.448749542,30.21473503,1
719,1601,-9.238781929,27.70759201,1
719,1633,-11.15784836,24.98938751,1
719,1665,-11.38959694,22.58685684,1
719,1697,-9.326726913,21.19847298,1
719,1729,-9.097340584,21.05178642,1
719,1761,-8.780643463,20.2301693,1
719,1793,-7.950450897,19.01416206,1
719,1825,-7.32772398,18.84677696,1
719,1857,-6.307898521,17.70836449,1
719,1889,-6.066650391,16.97818565,1
719,1921,-6.016372204,17.21473122,1
719,1953,-5.551659107,17.36242294,1
719,1985,-5.096150398,16.62153625,1
719,2017,-12.89511681,-0.3280763626,1
751,33,-6.964538097,1.284313202,1
751,65,-7.569218636,-18.12932777,1
751,97,-8.147444725,-19.61499214,1
751,129,-8.634218216,-20.6385994,1
751,161,-9.02145195,-21.74924469,1
751,193,-9.925384521,-23.12090302,1
751,225,-10.98580647,-24.34641266,1
751,257,-13.03729916,-25.61680984,1
751,289,-14.84182453,-26.49814606,1
751,321,-15.7868309,-27.35450554,1
751,353,-17.42291069,-27.34439468,1
751,385,-18.75541115,-28.25502396,1
751,417,-20.62407112,-29.00035858,1
751,449,-22.0112114,-29.50854492,1
751,481,-23.28726768,-29.78785706,1
751,513,-25.02750206,-30.72252846,1
751,545,-26.40670967,-31.54950714,1
751,577,-27.75883675,-31.42989159,1
751,609,-28.65976334,-31.63597107,1
751,641,-30.2265873,-31.78190804,1
751,673,-31.83180618,-32.89202881,1
751,705,-33.65081787,-32.22836685,1
751,737,-34.03537369,-32.43396378,1
751,769,-35.30120087,-33.70202637,1
751,801,-35.55960464,-35.57384109,1
751,833,-35.50891495,-36.16832733,1
751,865,-34.88790894,-36.77019501,1
751,897,-24.10560417,-28.33312416,1
751,929,-25.03024864,-24.76786041,1
751,961,-36.44483566,-39.53210449,1
751,993,-24.32616806,-13.90727234,1
751,1025,-19.0162735,4.944756508,1
751,1057,-20.29609299,-16.30602264,1
751,1089,-18.03344727,-9.225823402,1
751,1121,2.52175808,6.324223518,1
751,1153,-27.55839348,0.5027251244,1
751,1185,-22.84846115,3.839206696,1
751,1217,10.04766083,21.48044586,1
751,1249,1.276404381,37.47316742,1
751,1281,-3.727180481,14.80965042,1
751,1313,14.09850311,30.60370255,1
751,1345,-15.11325264,17.99618912,1
751,1377,-15.27079678,22.35346413,1
751,1409,-10.23758507,20.87518883,1
751,1441,-2.593502283,17.31965256,1
751,1473,-2.30337286,34.84268951,1
751,1505,-3.517420769,36.01729202,1
751,1537,-5.187602997,35.53982925,1
751,1569,-6.29826355,32.87798691,1
751,1601,-7.082289219,30.43392754,1
751,1633,-9.447068214,27.59390068,1
751,1665,-10.93070221,24.74468994,1
751,1697,-8.554830551,22.1486187,1
751,1729,-7.984882355,21.80021095,1
751,1761,-7.660252571,21.21583748,1
751,1793,-7.960561752,20.45690536,1
751,1825,-7.560342312,19.79644203,1
751,1857,-6.041783333,18.50063515,1
751,1889,-5.582235336,17.62237167,1
751,1921,-5.823440552,17.53963089,1
751,1953,-5.475352764,17.13315201,1
751,1985,-4.264214993,14.75950432,1
751,2017,1.248967648,-0.454990387,1
783,33,-9.436573029,-0.4113311768,1
783,65,-8.081544876,-18.76274872,1
783,97,-8.254971504,-20.29948997,1
783,129,-8.631682396,-21.33716965,1
783,161,-9.248369217,-23.03939629,1
783,193,-10.52996159,-24.15428734,1
783,225,-11.67753887,-24.59111786,1
783,257,-12.97444916,-25.68648338,1
783,289,-14.46302509,-26.53940392,1
783,321,-15.31268787,-27.07306099,1
783,353,-16.77778816,-27.33255959,1
783,385,-18.39250374,-28.39403725,1
783,417,-20.23026657,-29.29117584,1
783,449,-21.96052742,-29.88162231,1
783,481,-23.24622917,-30.22907066,1
783,513,-24.37060165,-31.24802017,1
783,545,-25.60040092,-33.05832672,1
783,577,-26.845541,-32.9446106,1
783,609,-27.853508,-33.23826599,1
783,641,-29.40259743,-32.99007416,1
783,673,-31.16518974,-33.83885193,1
783,705,-33.08328247,-33.89813232,1
783,737,-34.75166321,-35.38462067,1
783,769,-36.13414001,-36.57087326,1
783,801,-36.82232666,-38.62911987,1
783,833,-36.39821243,-38.89477158,1
783,865,-33.54977798,-36.80986023,1
783,897,-23.16283226,-27.38786316,1
783,929,-16.46971893,-9.021762848,1
783,961,-16.7949791,-33.70187378,1
783,993,-17.7444191,-8.444223404,1
783,1025,-28.78238297,2.559967995,1
783,1057,-3.927684784,-6.877494335,1
783,1089,-2.400650978,14.23800087,1
783,1121,1.799414635,17.39434052,1
783,1153,-1.059358597,23.37736511,1
783,1185,1.183265209,29.26232719,1
783,1217,-21.87916946,29.44749832,1
783,1249,15.68745613,26.68108368,1
783,1281,-0.9425988197,19.94399452,1
783,1313,4.819112778,20.14393044,1
783,1345,10.6709013,41.51941681,1
783,1377,11.86845493,44.47043228,1
783,1409,11.40411854,43.39978409,1
783,1441,7.541182041,43.95046997,1
783,1473,2.631134987,40.61806488,1
783,1505,-0.3766131401,39.16966248,1
783,1537,-2.524936199,37.55183411,1
783,1569,-3.827349663,35.29214859,1
783,1601,-4.684997559,32.50769806,1
783,1633,-7.004297256,29.81156158,1
783,1665,-8.556153297,26.64558601,1
783,1697,-8.036706924,24.48986435,1
783,1729,-7.052563667,23.047472,1
783,1761,-7.090620041,22.55900192,1
783,1793,-7.836732864,21.95551872,1
783,1825,-7.567800999,21.15446663,1
783,1857,-5.383757114,19.8171196,1
783,1889,-4.699753761,18.47117805,1
783,1921,-5.056148052,17.97414398,1
783,1953,-4.966602325,17.65780449,1
783,1985,-4.905014992,24.2727623,1
783,2017,-10.11204624,-0.05821800232,1
815,33,-10.60424328,-2.019067764,1
815,65,-9.135771751,-19.54309654,1
815,97,-7.841134071,-21.0050869,1
815,129,-7.853952408,-22.09396935,1
815,161,-9.155525208,-24.26873779,1
815,193,-11.07442284,-25.3140049,1
815,225,-12.24629211,-24.99258804,1
815,257,-12.96163273,-25.87621498,1
815,289,-14.17288685,-26.92563057,1
815,321,-15.11094761,-27.58064079,1
815,353,-16.34362411,-28.02632141,1
815,385,-18.15369034,-28.67780876,1
815,417,-19.71765709,-29.51698494,1
815,449,-21.20659447,-30.25534058,1
815,481,-22.563097,-30.96272659,1
815,513,-23.55195045,-31.60690689,1
815,545,-24.76568413,-33.03706741,1
815,577,-25.67758369,-33.90129089,1
815,609,-26.86189461,-34.18418121,1
815,641,-29.23178673,-34.779953,1
815,673,-30.34255981,-35.93293762,1
815,705,-32.20807266,-36.9115715,1
815,737,-34.19065094,-38.60768127,1
815,769,-36.57213593,-40.28293228,1
815,801,-38.1882019,-42.51283646,1
815,833,-37.25813675,-42.4546814,1
815,865,-33.36584091,-38.50855637,1
815,897,-28.87325478,-30.72768211,1
815,929,-21.8769207,-9.195178986,1
815,961,-25.24282646,1.18731308,1
815,993,-40.74407959,-17.23211288,1
815,1025,-8.287734985,-13.61786079,1
815,1057,-4.361763,1.602006435,1
815,1089,-30.09362793,-0.4294261932,1
815,1121,6.839265823,13.03191566,1
815,1153,0.8140287399,27.72027397,1
815,1185,4.025168419,34.01765442,1
815,1217,-17.99733353,35.64370728,1
815,1249,-8.381501198,27.17126083,1
815,1281,-18.54813385,26.29748726,1
815,1313,21.64747429,35.82719803,1
815,1345,22.20290947,33.68525696,1
815,1377,15.57644463,48.74478531,1
815,1409,10.60540104,32.85411835,1
815,1441,7.640861511,47.2996788,1
815,1473,3.636749268,43.15556335,1
815,1505,1.252190113,39.90472031,1
815,1537,0.1115760803,38.31622314,1
815,1569,-1.892394543,37.17687607,1
815,1601,-3.301329613,34.1237793,1
815,1633,-4.451653481,31.67515182,1
815,1665,-6.497214794,28.57123566,1
815,1697,-7.47238636,25.64554787,1
815,1729,-6.882389069,24.32592201,1
815,1761,-6.582865238,23.68507385,1
815,1793,-6.402007103,23.01981926,1
815,1825,-5.728649616,21.65022659,1
815,1857,-4.443798065,20.25638199,1
815,1889,-4.269745827,19.01210022,1
815,1921,-4.374922752,17.81109047,1
815,1953,-3.843578339,17.26881218,1
815,1985,-3.588954449,17.75620842,1
815,2017,-10.72872543,-0.07217788696,1
847,33,-9.626153946,-3.000085831,1
847,65,-7.152410507,-19.80233002,1
847,97,-7.55132103,-21.00031662,1
847,129,-7.892311096,-22.52863693,1
847,161,-9.566363335,-24.51723671,1
847,193,-11.40491295,-26.18080711,1
847,225,-12.26896763,-26.18525505,1
847,257,-12.6745472,-26.43437386,1
847,289,-13.93536758,-27.55399132,1
847,321,-14.92928982,-28.22546577,1
847,353,-16.05999184,-28.87036896,1
847,385,-17.87754059,-29.18140602,1
847,417,-19.29397774,-29.90781021,1
847,449,-20.57912064,-30.73838043,1
847,481,-22.06642532,-32.09014511,1
847,513,-23.3486824,-33.06402969,1
847,545,-24.28561211,-34.21659088,1
847,577,-24.95689011,-35.05315781,1
847,609,-27.02086067,-35.80256653,1
847,641,-29.25434875,-37.5994339,1
847,673,-29.06120491,-40.24783707,1
847,705,-30.06256104,-40.66588974,1
847,737,-34.32921219,-42.90055847,1
847,769,-37.52310562,-44.54141617,1
847,801,-39.72571182,-46.34378052,1
847,833,-39.05841827,-45.9496727,1
847,865,-33.39368057,-43.11634827,1
847,897,-8.441696167,-32.27075958,1
847,929,-18.03394508,-27.05309105,1
847,961,-27.74547386,-27.58631897,1
847,993,-8.425914764,-2.744850159,1
847,1025,-29.07357788,-18.56612587,1
847,1057,-0.8619775772,-9.409597397,1
847,1089,-23.25924873,6.741380215,1
847,1121,-11.08480263,31.27298355,1
847,1153,-1.491589546,18.42726135,1
847,1185,2.103355408,23.5135231,1
847,1217,20.36919975,28.99227524,1
847,1249,0.271105051,52.27298355,1
847,1281,17.97457504,32.96063232,1
847,1313,8.817501068,56.40118408,1
847,1345,-0.5547494888,20.1137867,1
847,1377,0.9956665039,22.5524807,1
847,1409,11.12775421,48.2181778,1
847,1441,6.886488914,49.2626152,1
847,1473,2.646406889,42.98952484,1
847,1505,1.76354754,39.53908157,1
847,1537,0.3287510872,38.70518494,1
847,1569,-1.700626135,37.51750946,1
847,1601,-2.421707153,35.0962677,1
847,1633,-2.8046,32.26755142,1
847,1665,-3.388127565,28.70306778,1
847,1697,-3.338335514,28.21678352,1
847,1729,-4.771609783,26.49324799,1
847,1761,-4.565070152,24.11570358,1
847,1793,-4.519258499,23.9022789,1
847,1825,-3.990701675,22.02177238,1
847,1857,-3.981785774,20.1438694,1
847,1889,-4.083779335,19.18327522,1
847,1921,-3.530520439,17.82950974,1
847,1953,-2.850250244,16.97799873,1
847,1985,-2.325969219,15.93006516,1
847,2017,-1.222747087,-0.4646139145,1
879,33,-12.15296078,-3.895971298,1
879,65,-8.820476532,-22.47368431,1
879,97,-7.726890564,-22.50217628,1
879,129,-8.543719292,-22.99414635,1
879,161,-10.03045464,-24.64892006,1
879,193,-11.63666344,-26.59405136,1
879,225,-12.62781906,-25.90110779,1
879,257,-13.39913845,-26.61292648,1
879,289,-13.75263309,-27.34678268,1
879,321,-14.73109055,-28.31443977,1
879,353,-15.86898899,-29.31863022,1
879,385,-17.20776558,-29.9488945,1
879,417,-19.4857769,-31.25790596,1
879,449,-20.45361328,-31.90012932,1
879,481,-21.80140495,-33.18143082,1
879,513,-22.81828117,-34.61739349,1
879,545,-23.7025032,-35.60426712,1
879,577,-25.23167801,-36.64998245,1
879,609,-26.9029789,-38.33563614,1
879,641,-28.35552597,-40.65410995,1
879,673,-30.01852036,-42.26407623,1
879,705,-32.05435181,-43.52044678,1
879,737,-34.16412354,-46.36920166,1
879,769,-37.252388,-46.7253952,1
879,801,-40.1045723,-50.59647751,1
879,833,-22.63182068,-44.98847961,1
879,865,-32.27130127,-27.61146164,1
879,897,-27.59264183,-36.2252655,1
879,929,-16.09135628,-26.87437057,1
879,961,-12.87698746,-16.10645866,1
879,993,-8.975906372,-12.61894417,1
879,1025,-30.03707886,-12.81965256,1
879,1057,-9.368210793,22.2288723,1
879,1089,3.139687061,-0.6060190201,1
879,1121,3.973408699,7.993280411,1
879,1153,7.511250496,16.02046776,1
879,1185,2.833916187,31.30029488,1
879,1217,6.110826015,55.43767166,1
879,1249,23.01057434,52.38917542,1
879,1281,25.03586578,57.21347809,1
879,1313,19.25447083,55.35840225,1
879,1345,18.86688995,56.86155701,1
879,1377,16.78700447,55.71711731,1
879,1409,12.5138607,49.3433609,1
879,1441,9.053056717,47.60585403,1
879,1473,5.231924534,43.75082397,1
879,1505,2.779160023,42.35643005,1
879,1537,-0.03955292702,39.32516098,1
879,1569,-0.7755927444,37.2612381,1
879,1601,-1.223781109,34.94963074,1
879,1633,-1.910800457,32.98373032,1
879,1665,-2.204391003,30.30238724,1
879,1697,-2.536991596,28.45042038,1
879,1729,-3.016517162,26.65968895,1
879,1761,-3.082486153,24.73329163,1
879,1793,-3.225094318,23.50380135,1
879,1825,-3.521600485,21.39445496,1
879,1857,-4.069869995,19.99082375,1
879,1889,-3.881527185,19.2898159,1
879,1921,-2.723972321,18.24963188,1
879,1953,-2.249681711,17.25371933,1
879,1985,-2.692786694,15.25510216,1
879,2017,-3.560999393,-1.967318535,1
911,33,-11.98185349,-4.549783707,1
911,65,-8.299188614,-23.20839119,1
911,97,-7.981191635,-23.22752571,1
911,129,-8.513788223,-23.48418045,1
911,161,-10.01659012,-24.79698563,1
911,193,-10.90868378,-25.80587769,1
911,225,-12.08094692,-26.02860451,1
911,257,-13.6408329,-26.49154472,1
911,289,-13.98195839,-27.07006454,1
911,321,-14.56192207,-28.3270092,1
911,353,-15.19104385,-29.5361557,1
911,385,-16.81777382,-30.51173973,1
911,417,-18.98121262,-31.51944923,1
911,449,-20.60149002,-32.56054306,1
911,481,-21.25676918,-33.89652634,1
911,513,-21.72788048,-35.67791367,1
911,545,-22.60066414,-36.69176865,1
911,577,-24.08049965,-37.24246979,1
911,609,-26.10162163,-39.64635468,1
911,641,-27.87917137,-42.89821625,1
911,673,-29.84220123,-44.34376526,1
911,705,-31.8870697,-45.32546234,1
911,737,-32.6642189,-48.61326599,1
911,769,-36.88284302,-51.60372162,1
911,801,-35.96772385,-49.78036499,1
911,833,-29.53971481,-40.99534988,1
911,865,-26.27257919,-19.77019119,1
911,897,-24.65879059,-34.97859955,1
911,929,-15.00453568,-5.195894241,1
911,961,-10.00837898,-14.04040146,1
911,993,-5.835552216,-9.95514679,1
911,1025,1.340875626,13.67575645,1
911,1057,-5.836736679,24.77412987,1
911,1089,-2.641807556,-3.525411606,1
911,1121,5.916613579,5.461727142,1
911,1153,10.52870464,20.53533173,1
911,1185,6.21489048,39.38064575,1
911,1217,11.39539433,63.97515488,1
911,1249,-2.160905838,51.50556946,1
911,1281,25.45201302,60.98023224,1
911,1313,24.6843853,61.08535004,1
911,1345,21.77064323,60.36744308,1
911,1377,16.58571243,54.0324173,1
911,1409,13.77735901,49.29846573,1
911,1441,11.21864605,46.56818771,1
911,1473,7.494292259,45.42479706,1
911,1505,4.270713806,43.82759857,1
911,1537,1.727047563,40.33743668,1
911,1569,0.3095408678,36.87126923,1
911,1601,-0.6778315306,34.67292023,1
911,1633,-1.280814409,32.94601822,1
911,1665,-1.407142878,30.59378052,1
911,1697,-2.102776289,28.50536919,1
911,1729,-2.239890814,26.80618286,1
911,1761,-2.711179018,24.9002018,1
911,1793,-3.489479065,23.32721901,1
911,1825,-3.420360088,21.22415924,1
911,1857,-3.5957973,20.19631004,1
911,1889,-4.498810768,19.58296013,1
911,1921,-1.962827444,18.12176514,1
911,1953,-1.642745614,17.83383751,1
911,1985,-2.6435287,16.92218399,1
911,2017,-17.49166107,-2.958251953,1
943,33,-12.65853405,-4.632581711,1
943,65,-6.626695633,-20.72536659,1
943,97,-7.04724884,-22.35025406,1
943,129,-8.264261246,-23.40702438,1
943,161,-9.948857307,-24.73335648,1
943,193,-10.77113914,-25.48139381,1
943,225,-11.25798702,-25.74597931,1
943,257,-12.50309181,-26.41437149,1
943,289,-13.72731686,-27.16191483,1
943,321,-13.97044659,-28.8174057,1
943,353,-13.85086155,-30.40611267,1
943,385,-15.29650116,-31.33767128,1
943,417,-17.3049221,-32.05973816,1
943,449,-18.84012032,-32.47925186,1
943,481,-20.21900749,-34.40296173,1
943,513,-21.14024734,-36.75009155,1
943,545,-21.47614861,-37.43297577,1
943,577,-22.90116119,-37.95574188,1
943,609,-25.58120155,-40.41792679,1
943,641,-26.95611572,-43.8843689,1
943,673,-28.52923775,-45.85142899,1
943,705,-29.87044716,-45.45766449,1
943,737,-30.46727562,-51.21846771,1
943,769,-37.68952942,-53.09027863,1
943,801,-39.30875778,-45.08081055,1
943,833,-40.73228073,-38.41290283,1
943,865,-37.00339127,-22.40163612,1
943,897,-31.43322945,-18.56584358,1
943,929,-28.3286953,-15.58821678,1
943,961,-21.7535305,8.027899742,1
943,993,4.767277718,-2.466891766,1
943,1025,-8.825041771,-9.18444252,1
943,1057,-2.493813992,26.67261887,1
943,1089,7.054099083,30.11044693,1
943,1121,13.4221859,21.09256744,1
943,1153,6.668229103,37.12239075,1
943,1185,13.46640587,46.47460556,1
943,1217,25.95943451,65.13539124,1
943,1249,16.99966621,52.89712143,1
943,1281,7.266504288,47.23125458,1
943,1313,25.69070244,62.50030136,1
943,1345,24.81847,60.04257202,1
943,1377,19.79562378,52.27705383,1
943,1409,16.24736786,49.48485565,1
943,1441,13.59002018,46.67274475,1
943,1473,9.474370003,45.55194092,1
943,1505,5.972989559,43.34911728,1
943,1537,3.359229565,39.46878052,1
943,1569,1.594693899,36.71429062,1
943,1601,0.1248087883,34.27662277,1
943,1633,-0.3408797979,32.76716614,1
943,1665,-0.2316265106,30.93416977,1
943,1697,-0.8689529896,29.25290108,1
943,1729,-1.547761202,27.29281998,1
943,1761,-1.963687658,25.41423988,1
943,1793,-2.743761778,23.47661972,1
943,1825,-3.08839941,21.68998528,1
943,1857,-1.877199173,18.23615837,1
943,1889,-0.7672789097,18.37601662,1
943,1921,-0.4872714281,21.51980591,1
943,1953,-0.2983798981,20.14681625,1
943,1985,-1.177777648,15.97469616,1
943,2017,-14.28305912,-3.689942598,1
975,33,-12.36111546,-4.28503418,1
975,65,-4.963387489,-20.88270187,1
975,97,-5.585818291,-22.01764297,1
975,129,-7.800079346,-23.55056,1
975,161,-9.798013687,-25.14200974,1
975,193,-10.33900261,-25.36709976,1
975,225,-10.85467625,-25.81156731,1
975,257,-11.95001888,-26.51531029,1
975,289,-13.20435715,-27.63703537,1
975,321,-13.17960262,-29.33612442,1
975,353,-12.63527393,-31.65145111,1
975,385,-12.86683464,-33.78070068,1
975,417,-14.26352215,-33.91226959,1
975,449,-16.85558891,-34.91488647,1
975,481,-18.64232063,-35.93417358,1
975,513,-20.85292053,-37.85042191,1
975,545,-22.04254913,-38.50397873,1
975,577,-22.01651382,-39.76583481,1
975,609,-23.48069572,-41.70367813,1
975,641,-25.00855446,-44.90594864,1
975,673,-26.86336899,-47.23958206,1
975,705,-27.77520752,-45.42070389,1
975,737,-34.20037079,-41.21591187,1
975,769,-42.23164368,-37.72711182,1
975,801,-25.57472038,-47.2928772,1
975,833,-31.70096588,-11.64552689,1
975,865,-30.92510414,-29.55430794,1
975,897,-29.4969101,-14.49889946,1
975,929,-33.64229584,-7.150136948,1
975,961,-32.23023605,-8.749229431,1
975,993,-14.42881203,16.41750526,1
975,1025,9.217733383,-8.336977005,1
975,1057,-18.05630684,23.38415527,1
975,1089,4.006022453,7.038694382,1
975,1121,18.06419373,18.73318672,1
975,1153,24.73387527,28.69399261,1
975,1185,-1.575092316,41.82556152,1
975,1217,19.4119873,51.20249939,1
975,1249,16.55951309,46.49292755,1
975,1281,23.02031136,48.75585938,1
975,1313,25.22951698,59.75800705,1
975,1345,24.60399818,58.55373383,1
975,1377,20.05912781,54.24345016,1
975,1409,19.22820282,51.04598999,1
975,1441,14.79951286,44.61169815,1
975,1473,12.43602085,42.92951965,1
975,1505,8.724433899,41.80910492,1
975,1537,5.434616089,39.19943619,1
975,1569,3.188889027,37.05162048,1
975,1601,1.622514486,34.38157272,1
975,1633,0.4630792141,33.06131744,1
975,1665,-0.154969573,31.73264313,1
975,1697,-0.7187194228,28.83635712,1
975,1729,-1.098587871,27.53700638,1
975,1761,-1.384971976,26.22202492,1
975,1793,-1.90549159,24.23309135,1
975,1825,-1.748972058,22.4539299,1
975,1857,-0.7418216467,17.93911743,1
975,1889,1.021134377,18.23592377,1
975,1921,1.855900884,19.2833252,1
975,1953,-14.99816513,1.838372231,1
975,1985,5.002614498,7.496199608,1
975,2017,15.1910181,-9.298253059,1
1007,33,-14.01174831,-5.513357162,1
1007,65,-4.092496872,-22.96906662,1
1007,97,-6.556501389,-21.77792168,1
1007,129,-7.431242943,-24.15630341,1
1007,161,-8.333770752,-26.3574276,1
1007,193,-9.335098267,-25.68078041,1
1007,225,-9.915948868,-26.44723701,1
1007,257,-10.80534267,-26.91161919,1
1007,289,-11.77660847,-28.00994682,1
1007,321,-12.10533237,-29.79200745,1
1007,353,-11.76020527,-31.71507645,1
1007,385,-11.93376923,-33.67749786,1
1007,417,-13.57032204,-34.17854691,1
1007,449,-16.55548477,-17.88360596,1
1007,481,-15.80130005,-38.40630722,1
1007,513,-19.06196022,-39.56581879,1
1007,545,-21.29320717,-39.76321793,1
1007,577,-21.7428112,-41.44036865,1
1007,609,-22.15895081,-43.21096039,1
1007,641,-22.88297462,-44.37939835,1
1007,673,-24.25341797,-46.45998383,1
1007,705,-24.65781021,-43.72782516,1
1007,737,-23.70211983,-38.34407425,1
1007,769,-2.201389313,-31.04799652,1
1007,801,-3.834409714,-40.60604095,1
1007,833,-13.98802185,-11.08068085,1
1007,865,0.01532936096,-18.70727539,1
1007,897,-7.658025742,-34.50243759,1
1007,929,-19.16004562,0.5815982819,1
1007,961,-18.21502304,-5.831037045,1
1007,993,-12.19757175,17.939394,1
1007,1025,-15.28110504,7.872738838,1
1007,1057,-15.00442982,25.24982452,1
1007,1089,-0.6033842564,10.12466812,1
1007,1121,22.29112053,17.89416122,1
1007,1153,21.73238564,23.74336815,1
1007,1185,25.30322456,44.07564926,1
1007,1217,28.29406929,28.02256966,1
1007,1249,18.07283401,44.35920715,1
1007,1281,25.06235123,58.11552048,1
1007,1313,25.90106201,56.12998962,1
1007,1345,16.47900391,44.42406082,1
1007,1377,22.57699203,54.21749115,1
1007,1409,21.93967819,52.17567825,1
1007,1441,17.59515762,44.18640137,1
1007,1473,15.81771469,42.01547623,1
1007,1505,12.60353851,41.48804855,1
1007,1537,8.637462616,39.35761642,1
1007,1569,5.578536034,37.55659866,1
1007,1601,3.241572618,34.9526329,1
1007,1633,1.599481583,33.55637741,1
1007,1665,0.5747954845,31.58657074,1
1007,1697,-0.1166947782,28.43896294,1
1007,1729,-0.3987576067,28.01387405,1
1007,1761,-0.92754668,27.40805817,1
1007,1793,-1.433965683,25.54605103,1
1007,1825,-0.8220700026,23.78004265,1
1007,1857,1.028375149,21.13766861,1
1007,1889,2.248702765,19.55160522,1
1007,1921,1.473688841,17.2151947,1
1007,1953,1.329598188,12.23450089,1
1007,1985,18.72177887,-7.14136982,1
1007,2017,15.79766941,-15.94089508,1
1039,33,-6.666022301,-5.24048996,1
1039,65,-4.503799438,-22.87252235,1
1039,97,-4.771250725,-22.11754799,1
1039,129,-5.394696712,-23.9615593,1
1039,161,-6.645664215,-24.49873161,1
1039,193,-7.091467381,-25.55896378,1
1039,225,-7.85668087,-27.31956291,1
1039,257,-9.150484085,-27.6696167,1
1039,289,-10.46539497,-28.67876053,1
1039,321,-10.51168823,-30.51111984,1
1039,353,-10.48226547,-32.12057495,1
1039,385,-10.8780632,-33.47364807,1
1039,417,-12.08934975,-35.52934265,1
1039,449,-12.07043648,-37.86561966,1
1039,481,-13.8456316,-39.0140152,1
1039,513,-16.04858589,-40.57502747,1
1039,545,-19.05854988,-41.18988419,1
1039,577,-21.33706856,-42.09261322,1
1039,609,-21.14566803,-44.32485962,1
1039,641,-21.44632721,-42.50187683,1
1039,673,-24.46258926,-49.60005188,1
1039,705,-24.96746445,-47.48246002,1
1039,737,-20.30387878,-55.05132294,1
1039,769,0.7592029572,-27.7418766,1
1039,801,-1.751117706,-39.29833984,1
1039,833,-0.403049469,-35.30088806,1
1039,865,-8.567485809,-8.255622864,1
1039,897,-4.785685539,-27.12604141,1
1039,929,-17.85437202,-23.27412033,1
1039,961,-0.06768131256,5.45746088,1
1039,993,-6.263831139,18.00909615,1
1039,1025,6.112018585,0.7503752708,1
1039,1057,-9.881419182,19.33192825,1
1039,1089,0.4879250526,11.33349419,1
1039,1121,21.68842697,13.65423584,1
1039,1153,23.19996262,18.18150902,1
1039,1185,12.35444069,33.94048309,1
1039,1217,13.82838345,39.27177811,1
1039,1249,15.09854031,42.66016006,1
1039,1281,22.62630272,58.52131271,1
1039,1313,24.85603905,54.98921204,1
1039,1345,24.95198822,52.52632141,1
1039,1377,22.70001602,52.03612137,1
1039,1409,22.09459114,48.80134964,1
1039,1441,19.16887474,44.4516449,1
1039,1473,16.92433167,42.51986313,1
1039,1505,13.45466709,41.39989853,1
1039,1537,10.44214153,40.24091721,1
1039,1569,7.580449581,38.21630096,1
1039,1601,4.580956459,35.65876389,1
1039,1633,3.042568445,33.77044296,1
1039,1665,1.952005863,31.47385406,1
1039,1697,0.9665961266,29.26552773,1
1039,1729,0.3486346006,28.51308441,1
1039,1761,-0.5134859085,28.17093468,1
1039,1793,-0.3668019772,26.17040253,1
1039,1825,0.4314272404,24.16645432,1
1039,1857,1.541298628,22.59994888,1
1039,1889,2.444778204,21.22534943,1
1039,1921,1.921798468,20.99927902,1
1039,1953,0.9656779766,14.32897949,1
1039,1985,0.4930981398,14.60719967,1
1039,2017,-12.67502403,-20.48066902,1
1071,33,-3.232350826,-5.932594299,1
1071,65,-3.788275242,-19.92006493,1
1071,97,-3.687038422,-20.88221169,1
1071,129,-4.502056599,-23.90081406,1
1071,161,-5.350821495,-25.37258339,1
1071,193,-5.186220169,-26.60831833,1
1071,225,-6.307989597,-27.55962181,1
1071,257,-7.245220661,-28.17942429,1
1071,289,-8.011823654,-29.34103394,1
1071,321,-8.615408897,-31.24852562,1
1071,353,-9.071911812,-32.81756592,1
1071,385,-9.498163223,-34.70113373,1
1071,417,-10.05800247,-36.20658493,1
1071,449,-11.52235126,-37.89498138,1
1071,481,-12.93723202,-22.14745331,1
1071,513,-15.08669472,-39.87919998,1
1071,545,-16.79894638,-42.11238861,1
1071,577,-19.05999184,-44.9599762,1
1071,609,-19.80867767,-44.90715027,1
1071,641,-20.36344147,-48.56190109,1
1071,673,-22.31714058,-50.07286072,1
1071,705,-3.714044571,-34.42325974,1
1071,737,-15.81579018,-14.57252884,1
1071,769,-12.00716496,-36.8265686,1
1071,801,-0.9733819962,-38.32566833,1
1071,833,0.4595327377,-34.52487183,1
1071,865,1.674479485,-5.712219238,1
1071,897,-2.696032524,-3.19108963,1
1071,929,-8.711572647,-24.59996414,1
1071,961,-24.29939842,4.887578487,1
1071,993,10.9946146,12.82722569,1
1071,1025,-1.805689335,-13.75711441,1
1071,1057,19.40209389,7.531891823,1
1071,1089,19.3112793,6.493108749,1
1071,1121,-4.206618309,21.60749245,1
1071,1153,0.5586681366,45.60835648,1
1071,1185,11.7271471,38.82441711,1
1071,1217,13.62216568,40.53527451,1
1071,1249,15.00470066,41.55899811,1
1071,1281,22.98707199,57.30591583,1
1071,1313,22.79320908,54.76227951,1
1071,1345,21.78004074,52.94514084,1
1071,1377,20.38476753,49.62592697,1
1071,1409,19.94927979,46.59119415,1
1071,1441,17.83426285,45.0537262,1
1071,1473,16.47303963,43.14001083,1
1071,1505,14.49967194,41.20331573,1
1071,1537,11.93556023,39.8381958,1
1071,1569,8.548266411,37.5242424,1
1071,1601,5.081273556,35.44145966,1
1071,1633,3.477052212,33.7738533,1
1071,1665,2.809123039,32.17494583,1
1071,1697,1.745362282,30.28309822,1
1071,1729,0.9910700321,28.62808418,1
1071,1761,0.5898047686,27.89673233,1
1071,1793,0.7582621574,26.08895874,1
1071,1825,1.434660196,24.15084076,1
1071,1857,1.956038833,23.05271149,1
1071,1889,2.710616827,22.41905594,1
1071,1921,2.918711185,23.48689842,1
1071,1953,1.538677454,15.98314762,1
1071,1985,-9.943663597,-13.08136749,1
1071,2017,1.15469408,-14.14748764,1
1103,33,-1.369790077,-6.21897316,1
1103,65,-4.784761429,-21.27411461,1
1103,97,-4.65626955,-21.15846825,1
1103,129,-3.953900814,-24.14543533,1
1103,161,-4.297812939,-25.17076302,1
1103,193,-4.189167023,-26.94178391,1
1103,225,-4.459785461,-28.21730232,1
1103,257,-5.444947243,-28.62408638,1
1103,289,-6.350074768,-30.01698303,1
1103,321,-6.850738525,-31.94869614,1
1103,353,-7.670282364,-33.33613586,1
1103,385,-8.110892296,-34.65026855,1
1103,417,-8.498006821,-35.95306015,1
1103,449,-10.2102232,-37.0942421,1
1103,481,-10.37429714,-22.59721756,1
1103,513,-14.13505554,-39.10417557,1
1103,545,-14.45809174,-42.09727859,1
1103,577,-15.55052376,-44.92797852,1
1103,609,-16.4923687,-50.0669632,1
1103,641,-18.68683815,-48.45857239,1
1103,673,-19.68746567,-51.6617012,1
1103,705,-21.81344795,-50.61542511,1
1103,737,-24.96299744,-45.92137146,1
1103,769,-10.65613747,-17.35101509,1
1103,801,-11.71186447,-14.9472084,1
1103,833,-10.70776367,-16.72086906,1
1103,865,9.948664665,-15.40882015,1
1103,897,11.3409996,-11.40487862,1
1103,929,-13.19924927,9.581008911,1
1103,961,-17.09059525,1.928426504,1
1103,993,0.682728529,-17.82816124,1
1103,1025,-6.404673576,24.7002449,1
1103,1057,9.41957283,11.75519371,1
1103,1089,9.68999958,1.677715302,1
1103,1121,-7.534256935,22.07305336,1
1103,1153,0.952381134,25.50128746,1
1103,1185,11.97936249,42.31346512,1
1103,1217,12.0449419,40.88981628,1
1103,1249,13.85632706,22.86160851,1
1103,1281,25.76146698,54.11377716,1
1103,1313,23.01731491,52.39323807,1
1103,1345,22.06925201,51.58280945,1
1103,1377,18.8440876,48.17488861,1
1103,1409,19.57006073,45.01671219,1
1103,1441,18.55302811,44.86985016,1
1103,1473,17.2511673,43.11478424,1
1103,1505,15.19198322,40.03442764,1
1103,1537,12.99576664,38.78320313,1
1103,1569,9.864269257,36.51900864,1
1103,1601,6.199863911,35.08277512,1
1103,1633,4.022459507,33.94338989,1
1103,1665,2.982195139,32.09973907,1
1103,1697,3.134272099,30.49109268,1
1103,1729,2.804526329,28.5002079,1
1103,1761,2.5098207,27.08190536,1
1103,1793,2.427004337,25.99318695,1
1103,1825,2.530828476,23.96820831,1
1103,1857,3.12931633,22.65479279,1
1103,1889,3.35480547,22.29219818,1
1103,1921,2.882886171,21.07889366,1
1103,1953,2.063020945,15.45716095,1
1103,1985,-10.65594864,-14.32064438,1
1103,2017,-6.133491516,-7.746261597,1
1135,33,-0.8221244812,-5.998456955,1
1135,65,-3.814766645,-19.77138138,1
1135,97,-3.483511209,-21.10479355,1
1135,129,-3.222818613,-23.01229286,1
1135,161,-3.306856155,-24.26488686,1
1135,193,-3.539588213,-26.54092216,1
1135,225,-3.12009716,-28.27391434,1
1135,257,-4.008998871,-29.21491814,1
1135,289,-6.222909927,-31.21450996,1
1135,321,-5.912155628,-32.31821442,1
1135,353,-6.425414562,-33.10280228,1
1135,385,-6.84584856,-33.88012314,1
1135,417,-7.09073782,-34.90042114,1
1135,449,-7.677071571,-36.70215988,1
1135,481,0.8770093918,-21.8076973,1
1135,513,-12.33626938,-40.14131927,1
1135,545,-12.87308598,-42.7298584,1
1135,577,-13.57287025,-44.65348816,1
1135,609,-15.38171768,-43.25059891,1
1135,641,-16.16377258,-48.24418259,1
1135,673,-14.18864727,-51.19236755,1
1135,705,-12.24786758,-39.82100677,1
1135,737,-15.33355999,-44.38578033,1
1135,769,-14.57644558,-13.26825142,1
1135,801,-11.22704124,-11.41796684,1
1135,833,10.87799168,-13.67904472,1
1135,865,12.10625172,-9.970598221,1
1135,897,-23.25915718,-20.70492554,1
1135,929,-11.32502556,11.69226646,1
1135,961,-15.90408134,2.678806782,1
1135,993,0.8846441507,20.59719276,1
1135,1025,-5.595244884,25.24525261,1
1135,1057,7.604105949,-6.887020111,1
1135,1089,8.319569588,-0.3459472656,1
1135,1121,2.227137089,14.05198097,1
1135,1153,11.23050499,38.00866699,1
1135,1185,14.65255356,39.55028152,1
1135,1217,15.85586262,36.94686127,1
1135,1249,22.86329651,23.41280937,1
1135,1281,23.02022171,54.68031693,1
1135,1313,22.93706512,49.35521698,1
1135,1345,23.32381248,48.28557968,1
1135,1377,22.81775284,47.30357361,1
1135,1409,20.43240929,43.36924744,1
1135,1441,18.12839127,41.77597809,1
1135,1473,16.94714165,40.3917923,1
1135,1505,15.72065639,38.87906647,1
1135,1537,13.98105145,37.5371666,1
1135,1569,11.46026611,35.49330902,1
1135,1601,8.192193031,34.30309296,1
1135,1633,5.029551506,33.27075958,1
1135,1665,3.772655487,31.24429131,1
1135,1697,3.936293125,30.09490776,1
1135,1729,3.67389679,28.39776611,1
1135,1761,3.162184238,27.04390335,1
1135,1793,3.201464653,25.71306801,1
1135,1825,3.23059845,23.65933609,1
1135,1857,3.736895323,22.14220428,1
1135,1889,3.617580175,21.59313583,1
1135,1921,2.592065334,20.4928894,1
1135,1953,2.378436804,14.88669872,1
1135,1985,0.8794234991,3.290611744,1
1135,2017,-22.02182388,-19.8002739,1
1167,33,-3.470329285,-5.067897797,1
1167,65,-1.110466003,-17.47408295,1
1167,97,-3.090022087,-21.23793602,1
1167,129,-2.928531885,-22.32208252,1
1167,161,-3.087068796,-23.68561935,1
1167,193,-2.130989313,-25.92007828,1
1167,225,-2.181157112,-27.4660244,1
1167,257,-4.012660027,-29.62097549,1
1167,289,-4.921830654,-31.9660244,1
1167,321,-5.40899992,-31.95808411,1
1167,353,-5.988781929,-32.40989685,1
1167,385,-6.117642403,-33.2910614,1
1167,417,-6.498726845,-34.84880447,1
1167,449,-7.441039085,-36.70480728,1
1167,481,-8.68850708,-38.25157928,1
1167,513,-10.95063686,-39.77320862,1
1167,545,-11.86273575,-42.26990891,1
1167,577,-12.50967598,-45.0227356,1
1167,609,-13.00490379,-42.4668541,1
1167,641,-13.96680546,-50.58538818,1
1167,673,-14.11481667,-50.7159729,1
1167,705,-15.89250183,-33.51438904,1
1167,737,-16.50330353,-31.34383392,1
1167,769,-15.68522358,-11.92907906,1
1167,801,-16.64445305,-8.327772141,1
1167,833,-6.340052605,-31.61645508,1
1167,865,-5.320904732,-16.08212852,1
1167,897,3.928057671,-24.49241638,1
1167,929,-10.20031929,6.302513123,1
1167,961,10.75602055,-1.62604773,1
1167,993,12.27703094,5.636509895,1
1167,1025,-6.970511436,21.25733757,1
1167,1057,9.722205162,-8.74377346,1
1167,1089,17.25461006,0.02766990662,1
1167,1121,17.07589149,19.71827507,1
1167,1153,29.79810715,22.65442276,1
1167,1185,28.53085709,46.21755981,1
1167,1217,25.9908886,50.2606926,1
1167,1249,6.232383728,33.2722702,1
1167,1281,23.30912781,52.92683792,1
1167,1313,25.40119934,47.28255081,1
1167,1345,3.938264847,48.32876587,1
1167,1377,19.33413124,46.55771255,1
1167,1409,18.18922806,38.61549759,1
1167,1441,17.99773407,38.99712753,1
1167,1473,17.4581337,38.70645142,1
1167,1505,16.73665619,38.07594681,1
1167,1537,15.01190186,35.98158646,1
1167,1569,12.92020226,33.80236053,1
1167,1601,10.34071445,31.7112484,1
1167,1633,8.32796669,30.97871971,1
1167,1665,6.773769379,30.15419579,1
1167,1697,5.339931488,29.01652908,1
1167,1729,4.455781937,27.9363842,1
1167,1761,4.051626682,26.63932991,1
1167,1793,4.093720436,24.32110786,1
1167,1825,3.855182648,23.56678963,1
1167,1857,4.122933388,22.05426407,1
1167,1889,4.108519554,20.95446014,1
1167,1921,3.536754131,19.93397522,1
1167,1953,2.864699602,16.97407341,1
1167,1985,1.157408237,8.243059158,1
1167,2017,-2.306214333,-8.657608032,1
1199,33,0.4612381458,-4.122821808,1
1199,65,-1.793603897,-19.14396477,1
1199,97,-2.832132578,-19.88791466,1
1199,129,-2.713038921,-21.84980011,1
1199,161,-3.074897766,-23.52461815,1
1199,193,-3.117212534,-26.6908741,1
1199,225,-2.463045359,-27.21208191,1
1199,257,-3.752119541,-28.76369286,1
1199,289,-3.993652344,-30.22561646,1
1199,321,-4.368611813,-31.039217,1
1199,353,-5.318645477,-31.68436432,1
1199,385,-5.249006271,-32.98640823,1
1199,417,-5.239291191,-34.605793,1
1199,449,-6.106156349,-36.19402695,1
1199,481,-7.340668678,-37.53485107,1
1199,513,-8.404540062,-38.99193954,1
1199,545,-9.781703949,-42.11555862,1
1199,577,-10.66944313,-44.75893784,1
1199,609,-11.08015823,-42.5032959,1
1199,641,-9.455907822,-49.23638916,1
1199,673,-8.61491394,-47.96073151,1
1199,705,-7.895390987,-43.05698776,1
1199,737,-14.52322006,-23.13433266,1
1199,769,-11.49663544,-16.03589821,1
1199,801,-12.53323936,-30.24184418,1
1199,833,-4.230818748,-29.95879364,1
1199,865,-3.763156891,-17.56372261,1
1199,897,-3.640386343,-12.23986816,1
1199,929,-9.671824455,0.1301465034,1
1199,961,-19.35206413,3.121792316,1
1199,993,-11.80610847,-10.63308716,1
1199,1025,16.52552795,-7.769523144,1
1199,1057,-13.44469452,-5.843176842,1
1199,1089,5.791372299,21.45910645,1
1199,1121,11.89222527,11.81920242,1
1199,1153,15.48088169,20.78574562,1
1199,1185,0.5354185104,40.90808105,1
1199,1217,-0.6373624802,43.19113922,1
1199,1249,27.19929123,49.31306458,1
1199,1281,25.25666237,48.4159317,1
1199,1313,25.15560913,45.71048737,1
1199,1345,23.42142296,43.65722656,1
1199,1377,20.47177124,38.99085236,1
1199,1409,18.78586197,37.83128738,1
1199,1441,17.94295311,37.54130936,1
1199,1473,17.28663826,37.05350494,1
1199,1505,17.12032509,36.57093048,1
1199,1537,16.32241249,34.20913315,1
1199,1569,14.72055435,31.94920349,1
1199,1601,12.29178429,30.41075134,1
1199,1633,9.976445198,29.56375313,1
1199,1665,8.559482574,28.08481216,1
1199,1697,7.452816963,28.58813667,1
1199,1729,6.458614349,28.07188988,1
1199,1761,5.703126907,25.76268005,1
1199,1793,5.124481678,22.71053123,1
1199,1825,4.636647224,23.07514,1
1199,1857,4.326272964,21.81177711,1
1199,1889,4.490759373,20.53022766,1
1199,1921,4.343820572,19.48748207,1
1199,1953,3.499196529,18.26691628,1
1199,1985,1.356061935,12.78600883,1
1199,2017,-1.576860189,-1.652090073,1
1231,33,1.468436718,-3.206249237,1
1231,65,-1.7414428,-20.42100716,1
1231,97,-1.776826143,-20.04218292,1
1231,129,-2.133920193,-20.81565475,1
1231,161,-2.411494255,-22.46264076,1
1231,193,-3.034622669,-24.88122749,1
1231,225,-3.0481565,-25.98030663,1
1231,257,-3.210453033,-27.43578148,1
1231,289,-3.186928749,-28.99221611,1
1231,321,-3.609468937,-30.02894211,1
1231,353,-4.327170372,-31.0967617,1
1231,385,-4.358995438,-32.55434418,1
1231,417,-4.341786861,-34.07400894,1
1231,449,-4.651771545,-35.18754196,1
1231,481,-5.213766575,-37.44071198,1
1231,513,-6.835550308,-38.01496506,1
1231,545,-7.634497643,-41.07229233,1
1231,577,-8.582668304,-42.98664093,1
1231,609,-10.15726471,-42.61667633,1
1231,641,-10.2048502,-51.2071991,1
1231,673,7.215452194,-27.00932884,1
1231,705,-18.47814751,-25.68693352,1
1231,737,-1.398173332,-12.11074448,1
1231,769,9.136886597,-31.4434166,1
1231,801,-3.041526556,-27.02410889,1
1231,833,1.821590185,-15.57204056,1
1231,865,-2.491024494,-31.75204086,1
1231,897,-2.205385685,3.620300293,1
1231,929,-3.141598463,-7.163537025,1
1231,961,-10.46671295,-4.361123562,1
1231,993,20.90056229,5.690970898,1
1231,1025,21.65899467,-2.006916046,1
1231,1057,8.84581089,23.08655357,1
1231,1089,11.00170135,26.85630798,1
1231,1121,10.95472145,20.21525574,1
1231,1153,5.467666626,20.76259232,1
1231,1185,29.46858025,22.31848717,1
1231,1217,27.84020996,48.71033859,1
1231,1249,24.30972672,43.06508636,1
1231,1281,24.21879387,43.04929733,1
1231,1313,22.72629738,41.50443268,1
1231,1345,22.41020584,40.92635345,1
1231,1377,21.07766533,37.92795563,1
1231,1409,19.32227516,36.80170822,1
1231,1441,18.23970413,36.07082748,1
1231,1473,17.15862083,35.05807877,1
1231,1505,16.9330616,34.05225754,1
1231,1537,16.61182785,32.92516708,1
1231,1569,15.33023167,31.2926178,1
1231,1601,13.56670189,29.36573792,1
1231,1633,11.68312836,28.6922493,1
1231,1665,10.17566967,27.51141548,1
1231,1697,8.933263779,28.59531593,1
1231,1729,7.175163746,27.0798912,1
1231,1761,6.416831017,24.61945343,1
1231,1793,6.276376724,23.36104965,1
1231,1825,5.541419029,22.50541115,1
1231,1857,5.113423824,21.5381813,1
1231,1889,4.624695301,20.63702011,1
1231,1921,2.409452915,20.86108589,1
1231,1953,0.8678765297,19.19675636,1
1231,1985,3.336529255,15.39847374,1
1231,2017,2.997107506,0.147857666,1
1263,33,1.025500894,-1.953924179,1
1263,65,-1.24776113,-19.86730957,1
1263,97,-1.384642363,-19.8115387,1
1263,129,-1.255265713,-20.1830616,1
1263,161,-1.352881312,-20.93821907,1
1263,193,-1.625123262,-23.07122993,1
1263,225,-2.312674046,-24.66853333,1
1263,257,-2.341154099,-26.04786682,1
1263,289,-2.633227348,-27.5935154,1
1263,321,-3.040316343,-28.78455353,1
1263,353,-3.259976149,-29.92082596,1
1263,385,-3.471919775,-31.50993156,1
1263,417,-3.609217882,-33.37668228,1
1263,449,-3.808279276,-33.91727066,1
1263,481,-3.567209005,-35.6375885,1
1263,513,-4.113751411,-36.62297058,1
1263,545,-5.080471516,-39.99168777,1
1263,577,-7.75792408,-44.2730484,1
1263,609,-7.767625809,-41.16277695,1
1263,641,-10.43550682,-47.77194595,1
1263,673,-7.731184959,-43.94261169,1
1263,705,9.70527935,-26.03846931,1
1263,737,-9.546666145,-29.75924301,1
1263,769,8.901323318,-2.470321655,1
1263,801,-0.4123858213,-22.53690529,1
1263,833,-19.02084541,-11.46267128,1
1263,865,4.034758091,-28.45681953,1
1263,897,0.3534229994,-5.792957306,1
1263,929,-0.5220108032,-4.252863407,1
1263,961,21.421175,13.67814827,1
1263,993,24.17012024,7.772108078,1
1263,1025,-8.357891083,21.59880066,1
1263,1057,2.080793381,15.77562523,1
1263,1089,5.028756142,18.72355652,1
1263,1121,20.46770668,33.50954056,1
1263,1153,26.18108368,43.77998352,1
1263,1185,31.48958778,21.07853699,1
1263,1217,27.23252106,44.91369629,1
1263,1249,25.35455704,42.13435745,1
1263,1281,24.36071968,39.2322197,1
1263,1313,23.05675697,39.57009506,1
1263,1345,21.360075,38.12506485,1
1263,1377,20.91056442,35.95981979,1
1263,1409,20.01701355,34.96947098,1
1263,1441,18.99347878,34.19120407,1
1263,1473,18.20816422,33.08573151,1
1263,1505,17.86245728,31.74246979,1
1263,1537,17.1928196,31.18709564,1
1263,1569,15.86008167,30.16133118,1
1263,1601,14.78024101,27.86230087,1
1263,1633,13.96624374,27.31072235,1
1263,1665,11.59222031,27.29117393,1
1263,1697,9.543315887,26.79801369,1
1263,1729,7.704799652,25.24618149,1
1263,1761,7.693189621,23.18762398,1
1263,1793,7.208801746,22.36172104,1
1263,1825,6.382809639,21.88935089,1
1263,1857,5.907476902,21.12973785,1
1263,1889,6.663799763,20.3951931,1
1263,1921,4.262506485,18.61898232,1
1263,1953,0.6176991463,18.40257072,1
1263,1985,1.463649273,15.20174122,1
1263,2017,-13.18595123,0.03072452545,1
1295,33,1.894878983,-0.8431110382,1
1295,65,-0.4898923635,-18.79797363,1
1295,97,-0.3835009336,-19.22507095,1
1295,129,-0.1376017332,-19.82372856,1
1295,161,-0.2325539589,-20.43363762,1
1295,193,0.242320776,-21.73031235,1
1295,225,-0.6642640829,-23.60217285,1
1295,257,-1.250245452,-24.23808289,1
1295,289,-1.632593274,-24.47893143,1
1295,321,-1.663192034,-26.36315346,1
1295,353,-1.958744526,-27.49584389,1
1295,385,-2.497398376,-29.75662041,1
1295,417,-2.844330549,-30.53791046,1
1295,449,-2.646720886,-31.06548119,1
1295,481,-1.884910583,-32.81923676,1
1295,513,-1.136881351,-34.95036316,1
1295,545,-1.646514654,-37.12532043,1
1295,577,-3.810668468,-38.64846802,1
1295,609,-4.367372036,-44.24628448,1
1295,641,-7.715320587,-42.4813385,1
1295,673,13.24444771,-21.05492401,1
1295,705,5.976371765,-9.175697327,1
1295,737,-7.615488529,-27.72971725,1
1295,769,5.024046898,1.402285576,1
1295,801,0.1806921959,-20.39214516,1
1295,833,0.6458611488,-15.55937195,1
1295,865,4.033311844,-9.968420982,1
1295,897,4.09389925,-5.162795067,1
1295,929,5.632661819,-2.556391716,1
1295,961,12.15454388,-5.71071291,1
1295,993,17.35211182,14.39860725,1
1295,1025,-4.136188507,14.83893013,1
1295,1057,8.752896309,17.38570213,1
1295,1089,25.1550827,37.02423477,1
1295,1121,31.44363213,37.01073456,1
1295,1153,31.32976341,44.237854,1
1295,1185,36.76340866,23.12876892,1
1295,1217,25.74929047,40.03840637,1
1295,1249,24.93936157,38.80505371,1
1295,1281,25.34092712,37.86169434,1
1295,1313,23.81850624,37.00354767,1
1295,1345,22.54578018,35.75765228,1
1295,1377,21.93252563,34.50537109,1
1295,1409,20.91610718,33.10181427,1
1295,1441,19.65734863,31.56005478,1
1295,1473,19.01037216,30.74755859,1
1295,1505,18.10371399,28.83832169,1
1295,1537,17.20784187,29.140522,1
1295,1569,15.93558884,28.73161507,1
1295,1601,14.66778755,27.7151165,1
1295,1633,13.33675575,27.43439865,1
1295,1665,11.87237549,26.41938019,1
1295,1697,10.35077858,25.40678787,1
1295,1729,9.264704704,25.08385277,1
1295,1761,8.688401222,23.79428482,1
1295,1793,7.900438309,22.58927917,1
1295,1825,6.9581213,20.76121521,1
1295,1857,5.949636459,20.06057739,1
1295,1889,5.175715446,18.84939957,1
1295,1921,5.282114506,17.42593193,1
1295,1953,5.076177597,16.66761398,1
1295,1985,4.844558239,14.43449497,1
1295,2017,22.0182476,-0.9767742157,1
1327,33,1.050925732,0.05058670044,1
1327,65,-0.1730032861,-17.60658646,1
1327,97,0.531416595,-18.54240799,1
1327,129,0.6082440615,-19.09185791,1
1327,161,0.6541411877,-20.01841545,1
1327,193,0.5666921139,-21.61245918,1
1327,225,-0.05779743195,-23.07811928,1
1327,257,-0.1880917549,-21.45771217,1
1327,289,-0.7107822895,-22.39279747,1
1327,321,-0.6341587305,-24.226717,1
1327,353,-1.92529726,-26.36858177,1
1327,385,-1.378353119,-27.98341942,1
1327,417,-1.304685473,-27.92802048,1
1327,449,-1.404144049,-28.40164375,1
1327,481,-0.7403327227,-30.60011864,1
1327,513,0.1419376731,-32.40385437,1
1327,545,-0.1341634989,-33.45645142,1
1327,577,-2.377081871,-34.67012024,1
1327,609,-4.118466377,-39.64720154,1
1327,641,-4.286110401,-38.85604858,1
1327,673,11.3488903,-33.00961304,1
1327,705,1.703226566,-6.966785431,1
1327,737,1.232622147,-8.599618912,1
1327,769,-2.799138784,-4.299918652,1
1327,801,9.72463131,13.94182396,1
1327,833,15.41967392,-17.17637825,1
1327,865,-1.537023544,16.07880592,1
1327,897,3.919002533,-0.9204940796,1
1327,929,2.529119492,4.911170006,1
1327,961,10.78802013,-9.270240784,1
1327,993,19.30867958,17.46433258,1
1327,1025,33.40762711,16.87781906,1
1327,1057,27.14719009,34.4290123,1
1327,1089,27.77019119,38.52945709,1
1327,1121,26.86508369,32.7412262,1
1327,1153,28.26904869,37.37701416,1
1327,1185,26.3010006,38.8551178,1
1327,1217,27.24624634,39.28581619,1
1327,1249,26.36585617,37.67708588,1
1327,1281,24.38905144,36.01185226,1
1327,1313,23.31903648,34.71512222,1
1327,1345,23.25661469,33.89096069,1
1327,1377,22.97326088,33.0512619,1
1327,1409,21.99426842,31.75364113,1
1327,1441,20.41587639,30.159935,1
1327,1473,19.3803196,28.30888176,1
1327,1505,18.50547791,26.9505291,1
1327,1537,16.94699097,27.59144592,1
1327,1569,15.38508892,27.05069923,1
1327,1601,14.1021862,27.2225666,1
1327,1633,12.99962044,27.00711632,1
1327,1665,11.99218559,25.25882912,1
1327,1697,10.83465862,24.35347176,1
1327,1729,9.506540298,24.23639679,1
1327,1761,8.429960251,24.30001259,1
1327,1793,7.682742596,23.02733231,1
1327,1825,6.904168606,20.42980576,1
1327,1857,5.074120045,18.72110939,1
1327,1889,3.053319931,18.11668968,1
1327,1921,3.371201515,18.24194527,1
1327,1953,5.369848251,17.31389427,1
1327,1985,6.281366825,10.4484005,1
1327,2017,4.181006432,-5.476189137,1
1359,33,-0.3707543612,0.08589744568,1
1359,65,0.3885512352,-17.63202286,1
1359,97,0.5952479839,-18.23168564,1
1359,129,0.6514526606,-18.42005539,1
1359,161,0.900454998,-18.65886497,1
1359,193,0.479845196,-20.16252708,1
1359,225,0.09492856264,-22.07840729,1
1359,257,-0.8732178211,-21.30298233,1
1359,289,-0.3477189541,-21.54634857,1
1359,321,-0.01329600811,-22.59548759,1
1359,353,-0.6455127001,-24.59380722,1
1359,385,-0.6072206497,-25.84046364,1
1359,417,-0.1318176985,-25.56183052,1
1359,449,0.07906019688,-25.8613739,1
1359,481,0.303085804,-28.39026833,1
1359,513,0.7986088991,-30.24873161,1
1359,545,0.6842010021,-28.88547897,1
1359,577,0.1555609703,-14.74639511,1
1359,609,-2.718637228,-36.12899399,1
1359,641,-3.442986488,-37.49940872,1
1359,673,4.616943836,2.383291245,1
1359,705,-14.99605751,-3.817819595,1
1359,737,-5.755284309,-23.10208893,1
1359,769,12.79311752,3.515797138,1
1359,801,-2.379911423,-3.866402626,1
1359,833,-0.201002121,0.2271327972,1
1359,865,3.000344276,22.23587799,1
1359,897,8.131915092,1.714307785,1
1359,929,13.35446548,30.92856407,1
1359,961,8.123914719,16.74233055,1
1359,993,30.11195755,27.7557106,1
1359,1025,31.16584206,30.9138031,1
1359,1057,28.09569359,37.419384,1
1359,1089,20.84604454,30.02473831,1
1359,1121,28.36612892,38.48543549,1
1359,1153,28.6051178,36.08612442,1
1359,1185,27.19977951,34.69848633,1
1359,1217,26.73861313,35.45060349,1
1359,1249,25.60142326,34.43997192,1
1359,1281,23.34664345,32.33097458,1
1359,1313,22.93395615,32.17694473,1
1359,1345,23.55004311,31.68723679,1
1359,1377,23.35223007,30.92074394,1
1359,1409,22.45507813,30.4317894,1
1359,1441,20.89193726,29.26152611,1
1359,1473,19.32602119,28.15069771,1
1359,1505,17.72397995,28.08968163,1
1359,1537,16.6588726,26.94963264,1
1359,1569,15.43683434,25.56835556,1
1359,1601,14.0341177,25.2080822,1
1359,1633,13.25524235,24.95050621,1
1359,1665,12.17311668,24.02144814,1
1359,1697,11.14060974,23.39443588,1
1359,1729,9.503638268,23.46453285,1
1359,1761,8.689232826,23.37850952,1
1359,1793,7.871914864,22.12970543,1
1359,1825,6.511240005,20.46203423,1
1359,1857,5.582612991,18.90683365,1
1359,1889,3.749447346,18.92061615,1
1359,1921,3.18851757,18.96696281,1
1359,1953,5.348115921,13.72394943,1
1359,1985,-13.2207756,8.852193832,1
1359,2017,21.97119904,-19.82836723,1
1391,33,0.495411694,0.6298980713,1
1391,65,1.085697174,-17.42310905,1
1391,97,1.301916122,-17.83848572,1
1391,129,0.8756744266,-17.45025826,1
1391,161,0.9934808612,-16.26241493,1
1391,193,1.043981194,-16.72027969,1
1391,225,0.8436233997,-19.09420586,1
1391,257,0.4702659845,-19.85647392,1
1391,289,0.297514677,-20.19676018,1
1391,321,0.7729434371,-21.2388916,1
1391,353,0.6723619699,-22.21891212,1
1391,385,0.3609384298,-22.88824844,1
1391,417,0.9237891436,-22.76716042,1
1391,449,1.432696342,-23.16029739,1
1391,481,0.889926672,-25.64425659,1
1391,513,1.140523434,-27.78345299,1
1391,545,1.797078371,-27.18261909,1
1391,577,0.2239940166,-28.50903511,1
1391,609,-1.115916133,-31.63738251,1
1391,641,-2.000338316,-35.63780975,1
1391,673,3.584620476,3.168781281,1
1391,705,-5.281502724,-0.1213788986,1
1391,737,-5.058084011,-6.583642006,1
1391,769,1.837970734,1.692219019,1
1391,801,24.3284626,17.63307953,1
1391,833,25.10350037,24.71834946,1
1391,865,3.034921646,7.648511887,1
1391,897,16.90949631,26.43590736,1
1391,929,18.43983841,29.97820473,1
1391,961,19.51378632,32.85101318,1
1391,993,24.52645874,34.90940857,1
1391,1025,20.17089462,21.96983528,1
1391,1057,21.73197937,29.8748188,1
1391,1089,24.1444664,30.28938293,1
1391,1121,25.69547653,31.38107109,1
1391,1153,25.71047401,31.29130936,1
1391,1185,25.47985649,31.28806496,1
1391,1217,24.32139015,30.85079575,1
1391,1249,23.5618782,31.00017738,1
1391,1281,23.10913467,29.9815979,1
1391,1313,22.92180443,29.43325424,1
1391,1345,22.87609673,28.48431969,1
1391,1377,22.81587982,28.46691895,1
1391,1409,23.00211716,28.55592918,1
1391,1441,21.00641251,27.65806007,1
1391,1473,18.74389839,27.11867714,1
1391,1505,17.76287079,26.39125443,1
1391,1537,16.39294052,26.51408195,1
1391,1569,15.46486282,25.28590012,1
1391,1601,13.98195648,23.61929321,1
1391,1633,13.08729362,23.25889778,1
1391,1665,11.3211298,23.26888657,1
1391,1697,9.960488319,22.63666344,1
1391,1729,9.199398041,22.49104691,1
1391,1761,8.637182236,21.79053497,1
1391,1793,8.333620071,20.85750961,1
1391,1825,7.088885307,20.62660599,1
1391,1857,5.672054768,19.97168541,1
1391,1889,4.808294773,20.38077927,1
1391,1921,4.821228027,19.063694,1
1391,1953,4.760435581,14.96878052,1
1391,1985,2.983637333,-21.60381126,1
1391,2017,5.271785259,-47.53787231,1
1423,33,-11.37368011,0.8272228241,1
1423,65,0.7640002966,-15.87933731,1
1423,97,0.8551179767,-16.13666153,1
1423,129,0.5664814711,-16.42201805,1
1423,161,0.3474155068,-16.78586388,1
1423,193,1.012017608,-16.66884804,1
1423,225,1.481650591,-17.18291664,1
1423,257,1.449385405,-17.70245934,1
1423,289,1.65735662,-18.87825584,1
1423,321,1.790501714,-20.09443855,1
1423,353,2.09423852,-20.58987236,1
1423,385,2.467043161,-20.25009727,1
1423,417,2.741772413,-19.60106468,1
1423,449,2.400064468,-20.16580391,1
1423,481,2.092306852,-21.80612946,1
1423,513,1.881942511,-23.50798607,1
1423,545,2.509147167,-24.2209053,1
1423,577,2.72308588,-26.64663506,1
1423,609,2.490750313,-24.4194088,1
1423,641,0.4149274826,-26.94090843,1
1423,673,-6.244237423,-10.47286606,1
1423,705,-14.11618137,-3.847350121,1
1423,737,-11.44313049,-8.858804703,1
1423,769,15.20499802,19.17785072,1
1423,801,33.3514328,10.34245682,1
1423,833,18.99657249,9.006973267,1
1423,865,18.62394905,16.78502464,1
1423,897,16.35829735,18.83285713,1
1423,929,20.2346611,28.4861412,1
1423,961,23.45575714,26.3351593,1
1423,993,23.98423958,26.71306801,1
1423,1025,24.7616806,25.18585587,1
1423,1057,26.50167274,27.91304588,1
1423,1089,26.92881584,25.40356255,1
1423,1121,25.15441132,27.63222122,1
1423,1153,24.95977402,29.22078705,1
1423,1185,24.60934639,29.19983101,1
1423,1217,23.26697731,27.65039635,1
1423,1249,23.14341545,27.39807892,1
1423,1281,23.17618179,27.24026489,1
1423,1313,22.30187607,26.36036873,1
1423,1345,20.44969749,24.19782829,1
1423,1377,22.22254944,24.04530144,1
1423,1409,22.15955162,25.27978897,1
1423,1441,20.82334518,24.91956329,1
1423,1473,18.98898125,23.58957291,1
1423,1505,18.19417191,23.91684151,1
1423,1537,16.59521103,24.25782394,1
1423,1569,14.93302822,23.99396706,1
1423,1601,14.29573631,23.07736969,1
1423,1633,12.84210968,21.5412693,1
1423,1665,10.8608675,21.69277,1
1423,1697,9.536801338,22.14557266,1
1423,1729,8.696220398,21.44180298,1
1423,1761,8.295133591,20.50949097,1
1423,1793,8.435567856,20.0168457,1
1423,1825,7.647397995,19.90096664,1
1423,1857,6.133748531,19.30581665,1
1423,1889,5.205210686,19.62832832,1
1423,1921,5.254563332,18.59459496,1
1423,1953,5.594734669,16.79560471,1
1423,1985,0.7377824783,6.959839344,1
1423,2017,3.813111305,-8.057283401,1
1455,33,-13.199646,0.628326416,1
1455,65,-0.1243701577,-14.259552,1
1455,97,-0.196624577,-15.00098419,1
1455,129,-0.189142704,-15.47723007,1
1455,161,0.4237768054,-15.48112297,1
1455,193,0.966530323,-15.72726154,1
1455,225,1.421551228,-16.04545593,1
1455,257,2.208895683,-16.21655846,1
1455,289,2.830608845,-17.7801342,1
1455,321,2.631498098,-18.37555504,1
1455,353,2.326294422,-18.46094131,1
1455,385,2.846419334,-18.15662766,1
1455,417,2.29005909,-18.17462158,1
1455,449,1.866607428,-18.30799675,1
1455,481,2.222289562,-18.70014191,1
1455,513,2.445341349,-18.85539436,1
1455,545,3.178649664,-19.95057487,1
1455,577,3.349754572,-23.27844048,1
1455,609,3.424168348,-21.45001793,1
1455,641,1.358347654,-25.23148918,1
1455,673,15.94268894,-8.395589828,1
1455,705,6.418732166,-24.43352318,1
1455,737,-9.940116882,8.259133339,1
1455,769,8.398597717,24.65392494,1
1455,801,6.908592224,10.29252625,1
1455,833,20.21785164,38.55686951,1
1455,865,24.76747894,40.67919922,1
1455,897,24.27190781,31.22971916,1
1455,929,22.67148209,28.52592278,1
1455,961,22.68133926,23.77447701,1
1455,993,23.04658127,24.031744,1
1455,1025,24.45154572,24.33238411,1
1455,1057,24.82161903,24.9438839,1
1455,1089,26.1887722,23.3792572,1
1455,1121,24.67456818,23.970541,1
1455,1153,24.09635544,24.7790966,1
1455,1185,23.72937965,25.86879158,1
1455,1217,22.92195129,25.14954376,1
1455,1249,22.9392662,25.29616165,1
1455,1281,22.93894005,24.96730232,1
1455,1313,21.93621445,23.70840263,1
1455,1345,21.02305984,23.02674866,1
1455,1377,21.93934059,23.20107841,1
1455,1409,22.22674942,23.60705185,1
1455,1441,20.13076591,22.35216904,1
1455,1473,18.78169632,20.81514549,1
1455,1505,18.83244896,20.20256042,1
1455,1537,16.65530586,21.91099739,1
1455,1569,14.23200417,21.6163063,1
1455,1601,12.65627193,21.43556213,1
1455,1633,11.78808975,20.62393951,1
1455,1665,10.5506916,21.10834694,1
1455,1697,9.695087433,21.74799728,1
1455,1729,8.588716507,21.01852798,1
1455,1761,6.68619442,19.47870064,1
1455,1793,6.898950577,18.7755146,1
1455,1825,7.31932354,18.55166245,1
1455,1857,6.417424202,18.2071476,1
1455,1889,5.60193634,18.60157394,1
1455,1921,5.599087238,17.49178123,1
1455,1953,6.291029453,14.9343996,1
1455,1985,18.24270248,-14.31258011,1
1455,2017,11.33643913,-16.91197968,1
1487,33,0.8143012524,0.7847890854,1
1487,65,-0.3268914819,-13.0562849,1
1487,97,0.1803520322,-14.37819862,1
1487,129,0.8090881109,-14.47666454,1
1487,161,1.297815084,-14.38916111,1
1487,193,1.466318488,-14.16764832,1
1487,225,1.299555302,-15.286376,1
1487,257,1.886576653,-15.83478546,1
1487,289,2.937009096,-16.17841721,1
1487,321,2.709008694,-16.6611824,1
1487,353,2.239463806,-16.59270287,1
1487,385,2.110414505,-16.48761749,1
1487,417,2.210195541,-16.75132561,1
1487,449,2.300005913,-16.94844246,1
1487,481,2.587613106,-17.03597641,1
1487,513,3.271657944,-16.8420372,1
1487,545,4.47789669,-17.23160362,1
1487,577,3.567413092,-18.31425095,1
1487,609,3.192870617,-17.90054131,1
1487,641,3.446229696,-18.43541718,1
1487,673,4.293507099,-8.324754715,1
1487,705,6.251841068,-24.07617188,1
1487,737,7.364200592,-19.93600845,1
1487,769,8.167535782,22.80469894,1
1487,801,24.05121613,14.24054337,1
1487,833,21.5108223,35.91244125,1
1487,865,22.39580154,35.63165283,1
1487,897,31.92296982,17.99140739,1
1487,929,16.6090641,22.43211174,1
1487,961,19.2250824,23.32895279,1
1487,993,21.71780014,22.67241669,1
1487,1025,22.76052666,20.16690636,1
1487,1057,23.77511024,19.67571259,1
1487,1089,24.69438553,20.21359253,1
1487,1121,23.93953514,20.09193993,1
1487,1153,22.1510582,19.23754501,1
1487,1185,21.25421715,20.16912079,1
1487,1217,21.01789665,21.42897415,1
1487,1249,21.77242661,22.82499695,1
1487,1281,21.78420639,21.77598572,1
1487,1313,21.27342606,21.03571701,1
1487,1345,21.0528698,21.16190529,1
1487,1377,21.5712719,21.80183029,1
1487,1409,21.29802513,22.11514282,1
1487,1441,20.44521904,21.78430367,1
1487,1473,19.75643158,20.12924957,1
1487,1505,19.91234589,19.20710373,1
1487,1537,17.11952782,19.55797577,1
1487,1569,13.97982502,19.36912155,1
1487,1601,11.95368862,19.87298584,1
1487,1633,11.00463676,20.2107296,1
1487,1665,9.822683334,20.21868706,1
1487,1697,9.490682602,20.20098877,1
1487,1729,8.776368141,19.41465569,1
1487,1761,6.68765831,17.18642616,1
1487,1793,6.707000732,17.51924515,1
1487,1825,7.200798512,17.27440262,1
1487,1857,6.328533173,16.85362244,1
1487,1889,5.756599426,17.02645111,1
1487,1921,5.906006336,16.28239059,1
1487,1953,5.950122356,13.82868576,1
1487,1985,-0.65157938,17.17554474,1
1487,2017,26.18430328,-8.192991257,1
1519,33,3.039670467,0.7327728271,1
1519,65,0.4206755757,-12.57800674,1
1519,97,0.4857367277,-14.22159004,1
1519,129,0.8223626614,-14.09354877,1
1519,161,1.583705664,-14.02029991,1
1519,193,2.065751553,-13.79828453,1
1519,225,2.109004021,-14.31035137,1
1519,257,2.298772812,-14.93041039,1
1519,289,2.627866745,-14.58363819,1
1519,321,2.686124086,-14.55640793,1
1519,353,2.733144045,-14.89145279,1
1519,385,2.65222621,-14.78317261,1
1519,417,2.452347994,-14.55748367,1
1519,449,2.492139816,-14.94856071,1
1519,481,2.698590279,-15.57272148,1
1519,513,3.285298824,-15.40319443,1
1519,545,4.251526833,-14.64999294,1
1519,577,3.569989681,-14.31120586,1
1519,609,2.708440542,-14.83816719,1
1519,641,2.308982849,-15.91721916,1
1519,673,3.747513294,-9.090591431,1
1519,705,4.267179966,-19.61403275,1
1519,737,8.165307999,17.61236,1
1519,769,26.78450012,-3.866440773,1
1519,801,-8.993803024,9.83897686,1
1519,833,-0.2964782715,-0.1329727173,1
1519,865,14.42949677,31.72901535,1
1519,897,15.7592926,16.84285355,1
1519,929,16.90721703,19.71425247,1
1519,961,17.2577858,20.30813789,1
1519,993,19.77239227,19.14918709,1
1519,1025,20.86268616,16.36654282,1
1519,1057,22.09613037,16.63129616,1
1519,1089,22.82225609,16.96498871,1
1519,1121,22.45100784,15.95981216,1
1519,1153,21.59371948,16.39640808,1
1519,1185,20.07806396,16.45530319,1
1519,1217,19.06054878,17.73200607,1
1519,1249,19.21108055,18.75948715,1
1519,1281,19.85127258,18.46434212,1
1519,1313,19.80521774,18.27330208,1
1519,1345,19.88651085,18.74430275,1
1519,1377,20.45693207,20.0017395,1
1519,1409,20.41906548,20.07194138,1
1519,1441,20.08013535,19.87104034,1
1519,1473,19.86803627,19.33353996,1
1519,1505,19.85564995,18.59824562,1
1519,1537,17.57703209,18.38434982,1
1519,1569,14.82338524,18.51713181,1
1519,1601,12.85787582,18.49264717,1
1519,1633,11.44329453,19.16124344,1
1519,1665,10.34541225,18.86652756,1
1519,1697,9.313120842,18.28949547,1
1519,1729,8.6557827,17.76511955,1
1519,1761,9.354949951,16.82718849,1
1519,1793,8.029827118,17.45240784,1
1519,1825,7.175522327,17.3453331,1
1519,1857,6.756546021,15.7216835,1
1519,1889,6.185510635,16.07236671,1
1519,1921,5.990763187,15.88960361,1
1519,1953,5.502922058,13.36796188,1
1519,1985,25.79097748,7.563817024,1
1519,2017,26.47809601,-8.842248917,1
1551,33,2.155647039,-13.60164452,1
1551,65,0.5984184146,-13.20682812,1
1551,97,0.5686049461,-13.5745821,1
1551,129,0.4904981852,-13.6176548,1
1551,161,1.540705323,-13.66530418,1
1551,193,2.366533041,-13.11509705,1
1551,225,2.569395304,-13.31558609,1
1551,257,2.634870291,-13.61087322,1
1551,289,2.792227745,-13.08619499,1
1551,321,2.834820747,-12.5964756,1
1551,353,2.958456993,-13.0842247,1
1551,385,2.651779652,-13.1267643,1
1551,417,2.295229673,-13.09289074,1
1551,449,2.073845625,-13.30403328,1
1551,481,2.117660761,-13.29043007,1
1551,513,2.298647404,-12.82773113,1
1551,545,2.527096272,-11.28579521,1
1551,577,2.667881727,-11.42138863,1
1551,609,2.843768835,-11.90714359,1
1551,641,2.878213644,-11.61378479,1
1551,673,3.064681053,-13.51947689,1
1551,705,3.803726435,-14.96827316,1
1551,737,4.806077957,-10.34181595,1
1551,769,-8.734717369,-7.239053726,1
1551,801,-2.789057732,8.485286713,1
1551,833,15.15911388,9.846700668,1
1551,865,17.68890762,9.293192863,1
1551,897,15.1669426,12.3977356,1
1551,929,16.69775963,14.12513924,1
1551,961,15.22736359,13.82456493,1
1551,993,18.1630497,13.52667046,1
1551,1025,18.93978691,13.26861095,1
1551,1057,20.53899765,13.61028481,1
1551,1089,21.41348457,13.80506134,1
1551,1121,20.81946564,13.61817741,1
1551,1153,20.13798714,13.90595245,1
1551,1185,19.34040451,14.44847775,1
1551,1217,18.53445816,14.5691433,1
1551,1249,17.72933769,15.1809845,1
1551,1281,17.82905769,15.23919296,1
1551,1313,17.86194992,15.1564312,1
1551,1345,18.92100525,16.69777679,1
1551,1377,18.89787865,18.16884995,1
1551,1409,19.28192329,18.10019875,1
1551,1441,19.27138901,17.76320267,1
1551,1473,18.551651,17.50984192,1
1551,1505,18.58222961,17.82048416,1
1551,1537,17.63127518,18.17521286,1
1551,1569,14.82439232,17.78786469,1
1551,1601,12.55993366,17.59967613,1
1551,1633,11.25781441,17.69822502,1
1551,1665,10.07655239,17.43972588,1
1551,1697,9.280175209,16.88951492,1
1551,1729,9.090498924,16.31541443,1
1551,1761,8.586663246,15.58519554,1
1551,1793,7.199666023,16.19157791,1
1551,1825,6.868046761,16.66578484,1
1551,1857,6.707382679,15.82367325,1
1551,1889,6.166660309,15.24290085,1
1551,1921,5.462256432,14.79929543,1
1551,1953,3.839446068,13.07548332,1
1551,1985,4.319903374,20.06212807,1
1551,2017,15.87537766,-16.3411541,1
1583,33,1.087099195,-10.24913406,1
1583,65,0.9804401398,-11.85040951,1
1583,97,0.9772104025,-12.12451172,1
1583,129,0.7240781784,-11.96951675,1
1583,161,1.801100016,-11.76903248,1
1583,193,2.371324539,-11.56065941,1
1583,225,2.325660944,-11.51805401,1
1583,257,2.421292305,-11.11420441,1
1583,289,2.795636415,-10.45921707,1
1583,321,2.909538984,-9.900331497,1
1583,353,2.818469286,-11.05277443,1
1583,385,2.337970495,-11.52831078,1
1583,417,2.01063776,-11.99189758,1
1583,449,1.646686435,-11.68699551,1
1583,481,0.9671111107,-10.81087303,1
1583,513,1.617105961,-9.620687485,1
1583,545,2.583468437,-9.224373817,1
1583,577,2.821619749,-10.06091499,1
1583,609,1.284416676,-10.72498608,1
1583,641,2.108588219,-9.354887009,1
1583,673,2.363875866,-8.711439133,1
1583,705,1.15318346,-9.411129951,1
1583,737,2.692759752,-8.534914017,1
1583,769,3.649389744,-5.027481079,1
1583,801,5.36159277,-2.402179718,1
1583,833,8.228381157,5.211663246,1
1583,865,8.464220047,5.750843048,1
1583,897,11.81977272,6.621077538,1
1583,929,16.51646996,8.086589813,1
1583,961,18.23831558,8.831396103,1
1583,993,18.34628487,9.809076309,1
1583,1025,18.57460403,10.52312279,1
1583,1057,18.86941719,10.39823532,1
1583,1089,19.36613274,10.86561871,1
1583,1121,19.10240746,11.10535908,1
1583,1153,18.66971207,11.89467621,1
1583,1185,18.50728035,12.02725983,1
1583,1217,18.10809898,10.77837276,1
1583,1249,17.05672264,10.28152275,1
1583,1281,16.15181541,11.34176445,1
1583,1313,16.95679855,13.40027046,1
1583,1345,17.08807182,14.4693594,1
1583,1377,17.37330818,15.71995163,1
1583,1409,18.04546165,15.89198875,1
1583,1441,18.03821754,15.82992172,1
1583,1473,17.21670914,15.60914612,1
1583,1505,16.55436897,16.67521095,1
1583,1537,16.46411514,17.43563843,1
1583,1569,14.91787529,16.86898232,1
1583,1601,13.09626579,16.72031975,1
1583,1633,11.6843605,17.07000542,1
1583,1665,10.05952263,16.33377075,1
1583,1697,9.197030067,15.58136082,1
1583,1729,9.181325912,15.04746246,1
1583,1761,8.418872833,14.67567348,1
1583,1793,7.279578209,14.69188309,1
1583,1825,6.860615253,14.28713036,1
1583,1857,6.233287334,13.55102634,1
1583,1889,5.708221436,13.7720108,1
1583,1921,4.155979633,14.29277515,1
1583,1953,4.617424011,14.33184814,1
1583,1985,2.73551178,17.54229355,1
1583,2017,2.914552689,-15.70226097,1
1615,33,-14.27609158,4.458993435,1
1615,65,1.949235797,-11.41216564,1
1615,97,2.191944122,-14.12642288,1
1615,129,0.5885212421,-10.44724655,1
1615,161,1.694247484,-10.58173943,1
1615,193,1.720190525,-10.06510544,1
1615,225,2.149005413,-9.960866928,1
1615,257,3.047711849,-8.679704666,1
1615,289,1.913703918,-6.763101578,1
1615,321,2.680863142,-8.511857033,1
1615,353,2.580147743,-9.52781105,1
1615,385,2.290659666,-9.938006401,1
1615,417,1.979257107,-9.940185547,1
1615,449,1.910589695,-9.905664444,1
1615,481,1.674235821,-9.499437332,1
1615,513,1.580938697,-8.764929771,1
1615,545,2.705893517,-8.433846474,1
1615,577,1.927503705,-9.131803513,1
1615,609,0.368468523,-9.067855835,1
1615,641,1.738114953,-5.787695408,1
1615,673,1.935411334,-3.975056648,1
1615,705,1.241738796,-4.218054771,1
1615,737,-0.7372770309,-2.850712299,1
1615,769,-0.3982503414,-1.483291388,1
1615,801,2.209505558,-0.6969134808,1
1615,833,4.443871498,2.171957254,1
1615,865,6.367261887,3.421111584,1
1615,897,10.96758747,5.061222076,1
1615,929,14.43972492,5.798939705,1
1615,961,16.28527451,6.770920753,1
1615,993,16.77651596,7.335943699,1
1615,1025,17.1025219,7.763623238,1
1615,1057,17.14748955,7.99115181,1
1615,1089,17.21771049,8.515705109,1
1615,1121,17.40370178,8.829604149,1
1615,1153,17.47916603,9.908929825,1
1615,1185,18.04508591,10.02583122,1
1615,1217,17.42207146,9.743362427,1
1615,1249,15.66607094,8.869330406,1
1615,1281,15.50371742,10.46392918,1
1615,1313,16.00107574,11.97655487,1
1615,1345,15.84263802,12.81580734,1
1615,1377,16.28785324,13.28450203,1
1615,1409,16.87776566,13.5520649,1
1615,1441,16.89883423,13.84739876,1
1615,1473,15.80650711,14.00162983,1
1615,1505,14.39746952,15.25773621,1
1615,1537,13.95073891,16.68436432,1
1615,1569,14.770401,15.74696732,1
1615,1601,13.40941525,15.67356682,1
1615,1633,11.57948589,16.42929077,1
1615,1665,10.11704159,15.77174091,1
1615,1697,9.011461258,15.03525639,1
1615,1729,8.650541306,14.66687489,1
1615,1761,7.909583092,14.27138615,1
1615,1793,6.657859802,14.06458092,1
1615,1825,5.612116814,13.47333717,1
1615,1857,6.127933502,12.99336529,1
1615,1889,6.165163517,13.73053265,1
1615,1921,4.893823147,14.86705589,1
1615,1953,4.66198349,14.78676224,1
1615,1985,5.8057127,8.742195129,1
1615,2017,6.405631065,-5.311012268,1
1647,33,8.782353401,4.090082169,1
1647,65,0.9841916561,-11.10158062,1
1647,97,0.826397419,-14.02077103,1
1647,129,1.22244072,-8.701539993,1
1647,161,1.747515678,-9.478837967,1
1647,193,1.272417188,-8.547346115,1
1647,225,1.718759537,-8.911466599,1
1647,257,2.600837708,-8.352160454,1
1647,289,1.877220869,-7.592759609,1
1647,321,2.106743574,-8.108680725,1
1647,353,1.908180594,-8.036176682,1
1647,385,2.064056396,-7.121701241,1
1647,417,2.879585266,-7.920371056,1
1647,449,3.259265661,-8.453638077,1
1647,481,2.888501644,-7.976760387,1
1647,513,2.191347122,-7.093705177,1
1647,545,1.126484871,-6.371300697,1
1647,577,1.155088663,-5.507951736,1
1647,609,11.31251717,-1.628997326,1
1647,641,2.36939764,-4.472640514,1
1647,673,1.927007556,-2.758296251,1
1647,705,1.875649333,-1.575549483,1
1647,737,0.8880164623,-0.5255562663,1
1647,769,0.2517564297,-0.06677237153,1
1647,801,2.240778446,0.150157094,1
1647,833,4.119295597,0.901299715,1
1647,865,5.603574753,1.922530413,1
1647,897,6.985703468,2.984390736,1
1647,929,10.239501,5.123841286,1
1647,961,8.287026405,6.772786617,1
1647,993,13.12315845,4.927083015,1
1647,1025,14.44069004,5.066500187,1
1647,1057,14.7770443,6.289663792,1
1647,1089,14.9269104,6.777175903,1
1647,1121,15.92274475,6.914561749,1
1647,1153,16.39437866,7.61242342,1
1647,1185,16.55377197,8.041676521,1
1647,1217,16.14920998,8.48636055,1
1647,1249,15.83000088,9.281635284,1
1647,1281,15.79155064,9.593978882,1
1647,1313,15.27592087,9.956569672,1
1647,1345,14.78784561,10.16641235,1
1647,1377,15.13282108,10.62147999,1
1647,1409,15.45001507,11.21268463,1
1647,1441,15.17092419,11.51529789,1
1647,1473,14.82758427,11.61844635,1
1647,1505,14.28087521,13.10489368,1
1647,1537,13.57830524,14.08257389,1
1647,1569,13.13968658,13.4375658,1
1647,1601,12.22493362,14.18411255,1
1647,1633,11.18992043,14.57707691,1
1647,1665,9.978959084,14.75530338,1
1647,1697,8.790990829,14.40561295,1
1647,1729,7.784269333,13.6849966,1
1647,1761,7.312716007,13.54238319,1
1647,1793,6.098525047,13.34732914,1
1647,1825,5.121285439,12.91980171,1
1647,1857,6.018088341,12.63464165,1
1647,1889,6.773325443,13.20465851,1
1647,1921,6.253741741,13.51535225,1
1647,1953,5.180221081,13.51970387,1
1647,1985,5.930111408,9.350007057,1
1647,2017,5.899849892,2.882164955,1
1679,33,4.278939247,0.3830657005,1
1679,65,-10.14564419,8.102210999,1
1679,97,-3.638119698,-11.02101612,1
1679,129,1.715480328,-5.686941147,1
1679,161,1.799253464,-7.219455719,1
1679,193,1.304798007,-6.951307297,1
1679,225,1.072388291,-5.812129021,1
1679,257,1.360219002,-7.707792759,1
1679,289,1.217044473,-6.664866924,1
1679,321,1.341712832,-6.468905449,1
1679,353,1.239853978,-6.055486679,1
1679,385,1.962345481,-6.067788124,1
1679,417,2.93774581,-6.734667301,1
1679,449,3.153656721,-6.599509239,1
1679,481,1.950985193,-6.602263451,1
1679,513,0.06622576714,-1.297113895,1
1679,545,0.1561917663,-2.67181778,1
1679,577,0.6718201041,-1.805022717,1
1679,609,0.6437939405,-4.760741234,1
1679,641,0.4513585567,-3.80900979,1
1679,673,0.836016953,-1.803861618,1
1679,705,0.8191187382,-0.9528796673,1
1679,737,0.526070118,-0.2520490885,1
1679,769,-0.2626152039,-0.6098678112,1
1679,801,1.502166033,-0.1691678762,1
1679,833,3.692210674,0.984487772,1
1679,865,4.359176636,2.147166252,1
1679,897,4.750277519,3.067703247,1
1679,929,7.602207661,3.902846336,1
1679,961,9.430391312,3.82523489,1
1679,993,11.23109722,3.412871361,1
1679,1025,12.90259361,3.267216682,1
1679,1057,13.55280876,4.831047058,1
1679,1089,13.81580925,5.335578918,1
1679,1121,14.17125797,6.028613091,1
1679,1153,14.36792755,6.316136837,1
1679,1185,14.77161789,6.690784931,1
1679,1217,15.11273098,7.333028316,1
1679,1249,15.46255875,8.063558578,1
1679,1281,15.23328686,8.700691223,1
1679,1313,14.89709663,8.659536362,1
1679,1345,14.62544632,8.611089706,1
1679,1377,14.4102869,8.352647781,1
1679,1409,14.24066162,9.56863308,1
1679,1441,13.49657059,10.18864155,1
1679,1473,13.8688364,9.550079346,1
1679,1505,14.31636429,10.79733658,1
1679,1537,13.14149857,10.71620941,1
1679,1569,11.75615406,9.852028847,1
1679,1601,10.90583229,11.6638422,1
1679,1633,10.64255619,12.65629864,1
1679,1665,9.336584091,13.30534267,1
1679,1697,8.082244873,13.22678566,1
1679,1729,8.068367004,12.87185001,1
1679,1761,7.773589611,12.66223526,1
1679,1793,6.355211735,12.56231213,1
1679,1825,5.985966206,12.67919445,1
1679,1857,6.172796726,12.30801392,1
1679,1889,6.046311855,12.65229416,1
1679,1921,5.851424694,13.30778027,1
1679,1953,5.555539608,12.22361279,1
1679,1985,5.6224823,10.02050114,1
1679,2017,5.880057335,1.746951103,1
1711,33,0.5240321159,-0.4269167185,1
1711,65,4.267199516,-7.51194191,1
1711,97,0.7663526535,-0.8673276901,1
1711,129,0.9328656197,-1.313114166,1
1711,161,2.020892143,-5.880184174,1
1711,193,1.365113735,-5.328684807,1
1711,225,0.1310604811,-1.195476532,1
1711,257,1.27382338,-6.624228001,1
1711,289,1.17544806,-5.878521442,1
1711,321,0.8071260452,-3.93221426,1
1711,353,1.118047237,-3.128230572,1
1711,385,1.846414566,-5.086654663,1
1711,417,2.308898926,-5.885864735,1
1711,449,1.800112367,-4.655430794,1
1711,481,0.4169253111,-3.083093643,1
1711,513,-0.3865361214,-0.6338319778,1
1711,545,-0.1517046988,-0.5913524628,1
1711,577,-0.1976232827,-0.1255965233,1
1711,609,-0.4438033104,-1.56303978,1
1711,641,-0.1968410611,-1.531173944,1
1711,673,-0.0460023433,-1.041089773,1
1711,705,-0.2097309232,-1.048999667,1
1711,737,-0.09396874905,-1.01189661,1
1711,769,0.3318328857,-1.067522645,1
1711,801,1.435733795,-1.116330385,1
1711,833,3.285836697,1.742218494,1
1711,865,4.224797249,2.873500347,1
1711,897,5.07924509,3.033167839,1
1711,929,6.275034428,2.599264145,1
1711,961,7.894281864,1.852705717,1
1711,993,9.75249958,2.221225739,1
1711,1025,11.19762611,2.994771004,1
1711,1057,11.76265526,3.574567318,1
1711,1089,12.0823164,3.001075745,1
1711,1121,12.12239361,5.110895634,1
1711,1153,12.75697994,6.636007309,1
1711,1185,14.33065796,5.179074287,1
1711,1217,14.62136364,5.774157047,1
1711,1249,14.14461803,8.247036934,1
1711,1281,14.0876894,8.83467865,1
1711,1313,14.06459618,9.027301788,1
1711,1345,13.83727741,9.713742256,1
1711,1377,13.86064148,8.403700829,1
1711,1409,13.40713024,8.973740578,1
1711,1441,13.12810898,9.899926186,1
1711,1473,13.34296036,9.721703529,1
1711,1505,13.60026264,9.642309189,1
1711,1537,12.55932426,9.157510757,1
1711,1569,11.12928486,9.152734756,1
1711,1601,10.74624634,11.20534706,1
1711,1633,9.667924881,12.06541252,1
1711,1665,8.893875122,12.44817924,1
1711,1697,8.619675636,12.4932909,1
1711,1729,8.146336555,12.21076107,1
1711,1761,7.733638287,11.77558041,1
1711,1793,6.765668869,11.55386257,1
1711,1825,5.810322762,11.78120613,1
1711,1857,5.609881401,12.13994503,1
1711,1889,5.596600056,12.28708649,1
1711,1921,5.352319241,12.09136868,1
1711,1953,5.248889923,11.22039413,1
1711,1985,5.154646873,10.52405357,1
1711,2017,16.04389763,22.81331253,1
1743,33,-14.26607132,0.2638721466,1
1743,65,4.011857986,-6.808794975,1
1743,97,4.19466877,-7.15169239,1
1743,129,4.071663857,-7.617580414,1
1743,161,3.678766727,-4.892366886,1
1743,193,2.847384214,-4.495603561,1
1743,225,4.827935219,-5.110654831,1
1743,257,2.6796453,-5.010810852,1
1743,289,1.279536486,-4.916683197,1
1743,321,0.9632457495,-2.609548092,1
1743,353,1.049987555,-2.494037151,1
1743,385,1.240996599,-3.484167099,1
1743,417,1.132581949,-3.426826477,1
1743,449,-0.0610986948,-2.287020683,1
1743,481,-0.5186069012,-0.9069390297,1
1743,513,0.1395289302,-0.8145487309,1
1743,545,0.01975402236,0.1789035797,1
1743,577,-0.01091131568,-0.03225576878,1
1743,609,-0.003546059132,-1.442864776,1
1743,641,0.2266423702,-1.060823798,1
1743,673,-0.1155691445,-0.4872846007,1
1743,705,-0.7134827375,-0.8573693633,1
1743,737,-0.2385257483,-0.9412341118,1
1743,769,0.3592886925,-0.5277329683,1
1743,801,1.483232737,0.3786025643,1
1743,833,3.028100491,2.019427299,1
1743,865,3.714706182,2.615137815,1
1743,897,3.912349701,2.502079964,1
1743,929,5.004971504,1.566563249,1
1743,961,6.654166222,0.3457130194,1
1743,993,8.022426605,1.638645649,1
1743,1025,8.961355209,2.836815119,1
1743,1057,9.591525078,2.608507156,1
1743,1089,10.6346302,1.01102829,1
1743,1121,11.19330597,2.843641281,1
1743,1153,12.27350235,5.426546097,1
1743,1185,13.26255322,5.098940849,1
1743,1217,13.7356739,4.920642853,1
1743,1249,13.65502548,7.495312214,1
1743,1281,12.96506882,9.144895554,1
1743,1313,12.35079765,8.733662605,1
1743,1345,13.76663113,9.805113792,1
1743,1377,13.31334972,8.28670311,1
1743,1409,13.14653206,8.969883919,1
1743,1441,13.62903214,9.190030098,1
1743,1473,13.73572063,8.177404404,1
1743,1505,13.0792675,7.654694557,1
1743,1537,12.18766022,8.563428879,1
1743,1569,11.3371582,9.106480598,1
1743,1601,11.1794405,10.52472973,1
1743,1633,8.83574295,12.64768314,1
1743,1665,7.702031136,12.88264656,1
1743,1697,8.630788803,11.26898861,1
1743,1729,7.704752922,11.38233757,1
1743,1761,7.301986217,11.10632515,1
1743,1793,7.117063999,10.61322117,1
1743,1825,6.301644802,11.18802357,1
1743,1857,5.002688408,11.90235138,1
1743,1889,4.849329948,11.65083694,1
1743,1921,4.90301466,11.15782356,1
1743,1953,4.936590195,10.23578167,1
1743,1985,4.736614704,11.44685936,1
1743,2017,3.895102501,14.05965424,1
1775,33,2.058170795,0.5213705301,1
1775,65,2.869736195,-7.699617386,1
1775,97,4.171925068,-7.059586525,1
1775,129,4.716567993,-7.354266167,1
1775,161,4.135739326,-3.595776558,1
1775,193,2.950476885,-4.325638294,1
1775,225,3.926080942,-5.027181149,1
1775,257,2.996764421,-5.830281258,1
1775,289,0.9803931713,-4.737884045,1
1775,321,0.6338107586,-2.68526721,1
1775,353,0.1225713491,-2.054209709,1
1775,385,0.2116802931,-2.371944427,1
1775,417,0.5062437057,-2.215823889,1
1775,449,0.4175412655,-1.136834621,1
1775,481,0.01679325104,-1.228494048,1
1775,513,-0.6025015712,-0.4074705839,1
1775,545,-0.3644651473,0.03210294247,1
1775,577,-0.2867923081,-0.8736938238,1
1775,609,-0.1719760895,-1.353368402,1
1775,641,-0.1015950441,-0.6263562441,1
1775,673,-0.04361009598,-0.08559501171,1
1775,705,-1.137594342,-0.3006989062,1
1775,737,-1.215942025,-0.430116415,1
1775,769,-0.4893451929,-0.3152935207,1
1775,801,0.5627362132,0.3314597905,1
1775,833,1.817825079,1.192168355,1
1775,865,2.421515226,1.682579517,1
1775,897,3.130481482,1.826043725,1
1775,929,4.205280304,1.074932814,1
1775,961,5.334336758,0.6506040692,1
1775,993,6.409280777,2.261569023,1
1775,1025,7.23937273,2.667277336,1
1775,1057,8.217699051,1.864125967,1
1775,1089,9.337830544,1.320545435,1
1775,1121,10.00745201,2.706969023,1
1775,1153,11.13630486,4.325294018,1
1775,1185,12.26159191,5.000610352,1
1775,1217,12.79260826,5.011326313,1
1775,1249,12.62216377,5.867716789,1
1775,1281,12.45793247,6.903549671,1
1775,1313,12.2960453,7.76486063,1
1775,1345,12.72689629,7.573286057,1
1775,1377,13.05552101,7.686092377,1
1775,1409,13.01261425,8.084229469,1
1775,1441,13.11378098,8.199429512,1
1775,1473,13.06201744,7.872921944,1
1775,1505,12.69089317,8.034558296,1
1775,1537,12.00812149,8.62606144,1
1775,1569,12.23964024,9.01432991,1
1775,1601,11.63141441,9.791893959,1
1775,1633,8.80463028,10.68158436,1
1775,1665,8.13711834,11.72112656,1
1775,1697,7.927666664,9.911615372,1
1775,1729,7.809604645,10.19916153,1
1775,1761,8.656553268,10.68771362,1
1775,1793,7.918478012,10.78741169,1
1775,1825,6.10896349,12.16062546,1
1775,1857,5.066502571,12.4941988,1
1775,1889,4.652888298,11.62267876,1
1775,1921,4.635625839,10.58277035,1
1775,1953,4.596518993,9.717529297,1
1775,1985,4.713287354,10.55190086,1
1775,2017,4.168056011,10.10928345,1
1807,33,4.330235481,-0.2009803057,1
1807,65,2.888960361,-7.595648766,1
1807,97,2.830141544,-6.144761086,1
1807,129,2.980861664,-4.579761982,1
1807,161,2.593946934,-3.393108368,1
1807,193,2.511208296,-4.579070091,1
1807,225,2.560462475,-5.23004818,1
1807,257,1.462444901,-6.227611065,1
1807,289,1.144011021,-4.549057484,1
1807,321,0.3308817148,-2.204892874,1
1807,353,-0.4096961021,-1.212187767,1
1807,385,-0.4243479371,-1.39688921,1
1807,417,0.1767891645,-1.621625543,1
1807,449,0.5835596323,-0.07760906219,1
1807,481,-0.1403661966,-0.3286616802,1
1807,513,-0.5174803734,0.1289998293,1
1807,545,-0.4778248072,-0.2536514401,1
1807,577,-0.3278449774,-0.7500814199,1
1807,609,-0.6397765279,-0.8546764851,1
1807,641,-1.136701822,-0.6679314971,1
1807,673,-1.12759304,0.7219742537,1
1807,705,-2.109332085,0.561517179,1
1807,737,-2.439199924,-0.1489520073,1
1807,769,-1.752501965,-0.07362022996,1
1807,801,-0.5640395284,0.3298535943,1
1807,833,0.6002992392,0.4375545979,1
1807,865,1.570489168,0.4694708586,1
1807,897,2.926805258,0.7361190319,1
1807,929,3.611739397,0.855558157,1
1807,961,2.999047279,0.6365556717,1
1807,993,4.61707592,1.015533447,1
1807,1025,5.630281925,1.668222666,1
1807,1057,7.183898926,1.4804672,1
1807,1089,8.458094597,1.957593679,1
1807,1121,8.447948456,2.457419872,1
1807,1153,10.2791338,3.236324549,1
1807,1185,11.18801117,4.137449741,1
1807,1217,11.61741066,4.797906399,1
1807,1249,11.91590786,5.205688477,1
1807,1281,12.18653774,5.926548958,1
1807,1313,12.34690189,6.992665291,1
1807,1345,12.27207088,7.442295551,1
1807,1377,12.10390759,7.112724781,1
1807,1409,12.24505997,7.116788864,1
1807,1441,12.31290531,7.155936718,1
1807,1473,11.86804104,7.283744812,1
1807,1505,10.60198689,7.62590456,1
1807,1537,9.626076698,8.002354622,1
1807,1569,9.318556786,8.641981125,1
1807,1601,9.118928909,9.583750725,1
1807,1633,8.857251167,9.679392815,1
1807,1665,8.683084488,9.272889137,1
1807,1697,8.578382492,8.999769211,1
1807,1729,7.999305725,9.558979988,1
1807,1761,8.16519928,10.57598019,1
1807,1793,7.851545811,10.80065632,1
1807,1825,6.156779289,11.05539417,1
1807,1857,6.078436375,11.3655529,1
1807,1889,4.776425362,11.05182838,1
1807,1921,4.570578575,10.03928375,1
1807,1953,4.494221687,9.561455727,1
1807,1985,4.414733887,9.97224617,1
1807,2017,4.394902229,8.757907867,1
1839,33,3.200560093,-4.719143391,1
1839,65,3.097395897,-6.700960159,1
1839,97,2.671760559,-6.4672966,1
1839,129,2.652340174,-3.987452745,1
1839,161,2.345339298,-2.75597167,1
1839,193,2.042393208,-4.418431282,1
1839,225,1.910715818,-4.493391991,1
1839,257,1.3602494,-3.831971407,1
1839,289,1.116375208,-3.378782749,1
1839,321,-0.1344243139,-0.3896969557,1
1839,353,-0.358374536,-1.03987813,1
1839,385,-0.4938374758,-1.147811055,1
1839,417,-0.7360614538,-1.12116456,1
1839,449,-0.491568923,-0.3055231571,1
1839,481,-0.488147974,-0.08455905318,1
1839,513,-0.9120122194,0.1471547037,1
1839,545,-0.9179236889,-0.2614508271,1
1839,577,-0.7222225666,-0.4847820401,1
1839,609,-1.049133182,-0.5154799819,1
1839,641,-3.053395987,-1.08557868,1
1839,673,-4.592126846,0.650493145,1
1839,705,-3.156655073,2.234192133,1
1839,737,-2.981927633,0.04950992018,1
1839,769,-2.505212545,0.2894723117,1
1839,801,-0.8991144896,0.4414388835,1
1839,833,0.11874488,0.1636731625,1
1839,865,1.218290806,-0.4367177486,1
1839,897,3.17275095,0.2244751453,1
1839,929,4.028551102,0.01487880945,1
1839,961,4.159208298,-0.7679962516,1
1839,993,4.541230679,0.7676023245,1
1839,1025,5.522158623,1.505963326,1
1839,1057,6.952707291,1.342493415,1
1839,1089,8.306070328,1.349075317,1
1839,1121,10.14623928,1.63217926,1
1839,1153,10.38132,2.322944164,1
1839,1185,10.18951511,3.146129847,1
1839,1217,10.57668877,3.99967289,1
1839,1249,11.28876114,4.57589674,1
1839,1281,11.82752037,5.776092529,1
1839,1313,11.86610031,6.643321037,1
1839,1345,11.68128204,6.472097397,1
1839,1377,11.47427654,6.159098148,1
1839,1409,11.73986149,6.458521843,1
1839,1441,11.28604698,6.652654171,1
1839,1473,10.43505955,6.358473301,1
1839,1505,8.886658669,6.976964951,1
1839,1537,8.239247322,7.3404603,1
1839,1569,7.920799255,8.156826019,1
1839,1601,7.926407814,8.985507965,1
1839,1633,8.112808228,9.027651787,1
1839,1665,8.084879875,8.408174515,1
1839,1697,8.080493927,7.88927269,1
1839,1729,8.101242065,10.35287571,1
1839,1761,7.743662834,12.29343796,1
1839,1793,8.197357178,11.80749512,1
1839,1825,7.613091946,11.44315815,1
1839,1857,6.497769356,10.86824417,1
1839,1889,4.481519222,9.766776085,1
1839,1921,4.236624718,9.476890564,1
1839,1953,4.010097027,9.196171761,1
1839,1985,3.942085743,9.032169342,1
1839,2017,4.099253654,8.58729744,1
1871,33,3.115787983,-1.2604599,1
1871,65,3.432470798,-4.804068565,1
1871,97,2.885536194,-5.846923828,1
1871,129,2.712329865,-4.074459076,1
1871,161,1.646915793,-3.084509134,1
1871,193,-0.09807467461,-3.292703629,1
1871,225,-0.4344599843,-4.088427544,1
1871,257,0.3759562969,-2.645726919,1
1871,289,0.5599601269,-2.154678822,1
1871,321,0.1935555339,-1.495926142,1
1871,353,-0.1680228412,-1.272577524,1
1871,385,-0.5464833379,-1.350203872,1
1871,417,-1.43413198,-1.778315425,1
1871,449,-1.893874526,-1.002322197,1
1871,481,-1.669784784,0.1887488365,1
1871,513,-1.77060318,0.4806986451,1
1871,545,-1.817008495,0.2782814503,1
1871,577,-1.425311327,-0.2188994586,1
1871,609,-1.693060398,-0.9064819217,1
1871,641,-3.706172943,-0.9864709377,1
1871,673,-4.905571461,1.138648748,1
1871,705,-4.344982147,1.259842753,1
1871,737,-2.310330391,0.460932225,1
1871,769,-1.15864265,0.7550271749,1
1871,801,-0.3983357549,0.4541708231,1
1871,833,0.005752205849,0.3437914252,1
1871,865,1.182101011,-0.1151666045,1
1871,897,2.130375862,0.4130007029,1
1871,929,2.984437466,1.252399325,1
1871,961,4.552970409,1.428309679,1
1871,993,6.653669834,0.5977288485,1
1871,1025,5.9614048,1.314065218,1
1871,1057,6.674809456,1.476382732,1
1871,1089,8.626306534,1.710899591,1
1871,1121,10.33109474,1.59932518,1
1871,1153,11.12780857,1.834303856,1
1871,1185,9.059819221,2.525489807,1
1871,1217,10.16312218,2.99698925,1
1871,1249,10.79556465,3.864664555,1
1871,1281,11.24905205,5.197991371,1
1871,1313,11.61428642,5.844377041,1
1871,1345,11.39909554,5.473060131,1
1871,1377,11.35790825,5.683901787,1
1871,1409,11.11850548,6.464952469,1
1871,1441,9.625957489,6.278883934,1
1871,1473,8.598976135,6.35952425,1
1871,1505,9.021007538,6.667451859,1
1871,1537,8.855862617,7.499461651,1
1871,1569,8.320584297,8.18032074,1
1871,1601,7.882684708,8.218153954,1
1871,1633,7.2228899,8.099474907,1
1871,1665,6.885704994,8.094503403,1
1871,1697,7.195439816,7.762568474,1
1871,1729,6.720561981,8.707447052,1
1871,1761,6.597416401,9.249764442,1
1871,1793,6.603646278,9.462339401,1
1871,1825,6.093202591,10.09773922,1
1871,1857,5.177567959,10.17709255,1
1871,1889,4.486131191,9.388917923,1
1871,1921,4.161849022,8.945123672,1
1871,1953,3.935317039,8.423270226,1
1871,1985,3.792088032,8.237811089,1
1871,2017,3.885623932,7.613637924,1
1903,33,3.005597591,4.782247543,1
1903,65,3.235945463,-2.96071744,1
1903,97,2.659504652,-4.695567131,1
1903,129,1.950158238,-3.587395191,1
1903,161,1.200463057,-3.178341866,1
1903,193,0.07793200016,-2.938120127,1
1903,225,-0.3012003005,-2.798589945,1
1903,257,-0.2214053273,-2.142807245,1
1903,289,0.1165581793,-1.352958202,1
1903,321,0.07887203991,-1.463278413,1
1903,353,-0.3199346364,-1.469078779,1
1903,385,-1.1274966,-1.638348818,1
1903,417,-2.181868076,-1.838503361,1
1903,449,-2.808538914,-1.180084944,1
1903,481,-2.886850834,0.4771475196,1
1903,513,-3.183554649,1.1910671,1
1903,545,-2.998409271,0.5567110777,1
1903,577,-2.263157129,-0.1381783187,1
1903,609,-1.788821459,-0.9536069632,1
1903,641,-2.225934744,-0.5600434542,1
1903,673,-2.778271914,-0.01499632746,1
1903,705,-2.587790012,-0.3134328723,1
1903,737,-1.769318342,0.3859182596,1
1903,769,-0.009146690369,1.190900207,1
1903,801,0.6064375043,0.988886714,1
1903,833,0.851513803,0.7582134604,1
1903,865,2.139623165,0.2935256958,1
1903,897,3.734260082,1.032459855,1
1903,929,3.694320917,3.020143032,1
1903,961,5.551243782,2.786985397,1
1903,993,6.528750896,1.409660816,1
1903,1025,5.899305344,0.8727998734,1
1903,1057,6.653548241,1.410526514,1
1903,1089,7.442949295,2.001364708,1
1903,1121,8.11365509,1.481415391,1
1903,1153,8.54888916,1.641954899,1
1903,1185,9.135295868,1.41712141,1
1903,1217,9.970062256,3.111054182,1
1903,1249,10.33110809,4.065261841,1
1903,1281,10.65309715,4.844073296,1
1903,1313,10.90856171,5.226075172,1
1903,1345,10.93293381,5.364479065,1
1903,1377,10.7974062,5.212259769,1
1903,1409,9.871747971,5.661241531,1
1903,1441,8.792029381,5.858034611,1
1903,1473,8.131639481,6.76167345,1
1903,1505,7.500130653,6.760279655,1
1903,1537,7.918484688,7.527434349,1
1903,1569,7.782477379,7.460305691,1
1903,1601,7.900884628,7.545307159,1
1903,1633,7.43148756,8.190805435,1
1903,1665,7.117307663,8.20041275,1
1903,1697,6.597167969,7.828120232,1
1903,1729,5.936101437,7.775826454,1
1903,1761,5.748390675,7.542807102,1
1903,1793,5.689335346,7.721914291,1
1903,1825,5.656411648,8.343162537,1
1903,1857,4.790008545,9.008654594,1
1903,1889,4.356157303,9.052335739,1
1903,1921,4.058573246,8.356604576,1
1903,1953,4.033886909,8.036909103,1
1903,1985,3.66155982,7.712022305,1
1903,2017,3.341821909,7.266388893,1
1935,33,1.924363613,4.750749111,1
1935,65,2.537891388,-1.588220358,1
1935,97,2.562305927,-3.494761467,1
1935,129,1.715826035,-3.365248203,1
1935,161,1.067768216,-2.973286152,1
1935,193,0.2232731581,-2.686310053,1
1935,225,-0.3837194145,-2.368500233,1
1935,257,-0.1329489052,-2.015858889,1
1935,289,-0.1397088021,-0.4199082851,1
1935,321,-0.1464013755,-1.449985623,1
1935,353,-0.3190491199,-1.746276736,1
1935,385,-1.480627298,-2.014119148,1
1935,417,-2.521689415,-1.865035653,1
1935,449,-2.544955254,-1.378237844,1
1935,481,-3.035392284,-0.2335757613,1
1935,513,-3.44128108,0.07839041948,1
1935,545,-3.823820591,-0.3809286952,1
1935,577,-2.499033928,-0.5546873808,1
1935,609,-2.033734798,-0.8659800291,1
1935,641,-2.40750432,-0.2531927526,1
1935,673,-2.735148191,0.1529290378,1
1935,705,-1.245568871,0.3151705265,1
1935,737,-0.7585311532,1.035917163,1
1935,769,0.4252404571,1.504854441,1
1935,801,1.208011866,1.298455834,1
1935,833,1.468959212,0.8465619087,1
1935,865,2.027904034,0.6107196808,1
1935,897,2.364191294,1.769984007,1
1935,929,1.997511864,2.468216419,1
1935,961,3.757602453,1.815351248,1
1935,993,5.065101624,2.029212952,1
1935,1025,4.336393356,1.184679627,1
1935,1057,5.817097664,1.25675571,1
1935,1089,6.468666077,1.394964576,1
1935,1121,6.407567978,0.9685225487,1
1935,1153,7.10033989,1.891900778,1
1935,1185,8.714914322,1.618205547,1
1935,1217,9.324872971,3.286648989,1
1935,1249,9.192436218,4.463450432,1
1935,1281,9.744091034,4.923455715,1
1935,1313,10.23177433,5.230576992,1
1935,1345,10.17443848,5.524603367,1
1935,1377,9.356541634,4.524810791,1
1935,1409,9.125376701,5.960057735,1
1935,1441,8.434971809,6.571447372,1
1935,1473,8.132314682,6.74466753,1
1935,1505,8.163378716,6.736218929,1
1935,1537,7.950264931,6.691144943,1
1935,1569,7.356487274,6.807298183,1
1935,1601,7.047807693,7.175540924,1
1935,1633,6.738765717,7.943244457,1
1935,1665,6.237716675,7.759572983,1
1935,1697,5.797549725,7.88220787,1
1935,1729,5.665200233,7.302484512,1
1935,1761,5.446157932,6.917605877,1
1935,1793,5.124389172,6.906499863,1
1935,1825,5.195311069,8.169865608,1
1935,1857,4.781870842,8.847865105,1
1935,1889,4.341547489,8.730635643,1
1935,1921,3.541705847,7.989444733,1
1935,1953,2.929181576,7.683244228,1
1935,1985,2.475644588,7.369363785,1
1935,2017,2.504480362,4.723038673,1
1967,33,2.390777349,1.630043983,1
1967,65,1.482226372,-1.585873365,1
1967,97,1.858197212,-2.422886372,1
1967,129,1.157234907,-3.282455683,1
1967,161,0.5862032175,-2.938860893,1
1967,193,0.52494663,-2.697306633,1
1967,225,0.3595625162,-2.634871483,1
1967,257,0.1305921078,-2.858700752,1
1967,289,0.2438325286,-0.8711106777,1
1967,321,-0.06983092427,-1.546812534,1
1967,353,-0.3773596883,-1.874138832,1
1967,385,-0.7230920196,-1.79108274,1
1967,417,-1.01964283,-1.77690959,1
1967,449,-1.65237236,-1.920650482,1
1967,481,-2.31091404,-1.66794157,1
1967,513,-2.57446909,-0.08035969734,1
1967,545,-3.22471571,-1.644392014,1
1967,577,-2.245645523,-1.500466108,1
1967,609,-2.179013491,-0.8074190617,1
1967,641,-2.748644829,0.20741494,1
1967,673,-3.054662228,0.7455855608,1
1967,705,-1.675633073,1.773988008,1
1967,737,-0.2860531807,1.712629914,1
1967,769,0.6442985535,1.674542189,1
1967,801,1.214667201,1.353864193,1
1967,833,1.398819804,0.6688053608,1
1967,865,1.965646744,0.5740052462,1
1967,897,1.921228409,0.8583128452,1
1967,929,1.44116497,1.596968055,1
1967,961,2.419132233,1.462892413,1
1967,993,3.244532585,1.760284901,1
1967,1025,2.135545731,1.003456831,1
1967,1057,4.311596394,0.8352100849,1
1967,1089,5.642606258,0.3571004868,1
1967,1121,6.319901466,0.3756551743,1
1967,1153,8.655817986,3.49520874,1
1967,1185,8.909293175,4.178955078,1
1967,1217,8.61703968,3.841656208,1
1967,1249,8.751750946,4.917521954,1
1967,1281,9.111848831,5.135028362,1
1967,1313,9.487862587,5.413032532,1
1967,1345,9.272800446,5.838387489,1
1967,1377,9.304780006,5.523283482,1
1967,1409,9.221469879,5.761062622,1
1967,1441,9.309473991,6.819276333,1
1967,1473,9.226408958,6.383627892,1
1967,1505,8.266958237,5.863288879,1
1967,1537,7.354532242,5.764321327,1
1967,1569,6.272931099,6.161098957,1
1967,1601,5.434717655,6.388421059,1
1967,1633,5.155527592,6.657751083,1
1967,1665,5.461295605,7.704782009,1
1967,1697,4.872028828,6.632803917,1
1967,1729,4.403656006,6.269967079,1
1967,1761,4.677741051,6.060517311,1
1967,1793,4.999217987,8.180173874,1
1967,1825,5.441438198,9.647533417,1
1967,1857,4.792838097,8.810266495,1
1967,1889,4.155717373,8.575439453,1
1967,1921,3.44530201,7.624554157,1
1967,1953,2.852760792,6.88953352,1
1967,1985,2.174168825,6.621947289,1
1967,2017,1.151077032,4.491703987,1
1999,33,-1.666247368,-0.05560684204,1
1999,65,0.3979668617,-4.43560648,1
1999,97,0.7546854019,-2.091917753,1
1999,129,-0.03114318848,-2.426753998,1
1999,161,0.4616326094,-3.388025999,1
1999,193,0.7370491028,-1.802182674,1
1999,225,1.794008732,-4.226658821,1
1999,257,1.626080275,-4.163105011,1
1999,289,1.251982808,-2.391461849,1
1999,321,0.1805357635,-1.164031982,1
1999,353,-0.2394638956,-0.591127038,1
1999,385,0.1543724537,-0.6512044668,1
1999,417,0.84248209,-1.045715809,1
1999,449,0.610471487,-0.7416357994,1
1999,481,-0.698786974,-1.221064091,1
1999,513,-0.3634278774,-0.4554786682,1
1999,545,-1.163341045,-0.4518201351,1
1999,577,-2.167790413,-2.137215614,1
1999,609,-1.523702025,-0.3129041195,1
1999,641,-1.807065487,0.4834189415,1
1999,673,-1.488792419,0.956545949,1
1999,705,-1.096534491,1.754464984,1
1999,737,-1.353865385,2.116679668,1
1999,769,-0.6004378796,1.348620534,1
1999,801,0.9415687919,1.156424522,1
1999,833,1.025520086,0.4485480189,1
1999,865,1.651584148,0.01989871264,1
1999,897,1.416642427,-0.3219489455,1
1999,929,0.9265453815,0.5156643987,1
1999,961,1.138140202,0.9600660801,1
1999,993,0.9172210693,1.840171337,1
1999,1025,1.76389432,1.932286978,1
1999,1057,3.13404417,0.2540776134,1
1999,1089,4.182656288,0.1923280954,1
1999,1121,5.404024124,1.137148738,1
1999,1153,6.260873795,2.702869892,1
1999,1185,6.313117504,3.326202393,1
1999,1217,7.582779884,4.806807518,1
1999,1249,8.095464706,5.736380577,1
1999,1281,8.29523468,4.758525372,1
1999,1313,8.608122826,5.672315598,1
1999,1345,8.885679245,6.086569786,1
1999,1377,8.856804848,5.707389832,1
1999,1409,9.13132,4.801846981,1
1999,1441,9.320497513,6.249690533,1
1999,1473,9.545501709,5.863997936,1
1999,1505,7.995923042,5.869380951,1
1999,1537,6.274717808,4.925560951,1
1999,1569,5.591766834,4.50749445,1
1999,1601,5.551382065,5.219333649,1
1999,1633,5.357893467,6.81962347,1
1999,1665,4.87161541,7.238021374,1
1999,1697,4.621425152,6.056372643,1
1999,1729,5.343309402,6.23352766,1
1999,1761,6.545295238,7.831151962,1
1999,1793,6.656575203,10.84324837,1
1999,1825,5.690080643,12.82958317,1
1999,1857,4.629031181,8.714277267,1
1999,1889,3.235242844,7.719107628,1
1999,1921,3.175652027,7.328659058,1
1999,1953,2.742845058,6.819661617,1
1999,1985,1.451589584,6.192492962,1
1999,2017,-0.7581307888,2.61514616,1
