PIVlab, ASCII chart output - 21-Nov-2024
FRAME: 63, filenames: A:[63]AVI_Pos004_TimeSrs0004_TgUtrmcherry_K4K8MO.avi & B:[64]AVI_Pos004_TimeSrs0004_TgUtrmcherry_K4K8MO.avi, conversion factor xy (px -> m): 1, conversion factor uv (px/frame -> m/s): 1
x [px],y [px],u [px/frame],v [px/frame],Vector type [-]
47,33,NaN,NaN,0
47,65,NaN,NaN,0
47,97,NaN,NaN,0
47,129,NaN,NaN,0
47,161,NaN,NaN,0
47,193,NaN,NaN,0
47,225,-2.382397175,1.713064909,1
47,257,-3.575172424,1.746896148,1
47,289,-2.761936665,1.524521232,1
47,321,NaN,NaN,2
47,353,NaN,NaN,2
47,385,-0.6651957035,2.830777168,1
47,417,-0.9119538665,3.739762306,1
47,449,-1.327451587,2.256533146,1
47,481,-2.325330973,1.682816267,1
47,513,-3.327637911,3.85490036,1
47,545,-2.326541424,3.784210682,1
47,577,-1.470529318,1.815299273,1
47,609,-1.616698265,2.537461042,1
47,641,-1.493469,3.517192841,1
47,673,-0.7572337985,2.517721653,1
47,705,-0.6615467072,0.5611851215,1
47,737,-1.207864761,1.57670331,1
47,769,-1.009589911,2.893379688,1
47,801,-1.338644028,1.20570755,1
47,833,-0.9493553638,0.9244695902,1
47,865,0.04833853245,0.364684701,1
47,897,NaN,NaN,2
47,929,1.31839323,0.3454652429,1
47,961,0.4187935591,0.3660771847,1
47,993,0.8220799565,0.1103624701,1
47,1025,0.4411588311,0.2131181955,1
47,1057,-0.4447191358,0.7542364597,1
47,1089,-1.590561867,1.441329956,1
47,1121,NaN,NaN,0
47,1153,NaN,NaN,0
47,1185,NaN,NaN,0
47,1217,NaN,NaN,0
47,1249,NaN,NaN,0
47,1281,NaN,NaN,0
47,1313,NaN,NaN,0
47,1345,NaN,NaN,0
47,1377,NaN,NaN,0
47,1409,NaN,NaN,0
47,1441,NaN,NaN,0
47,1473,NaN,NaN,0
47,1505,NaN,NaN,0
47,1537,NaN,NaN,0
47,1569,NaN,NaN,0
47,1601,NaN,NaN,0
47,1633,NaN,NaN,0
47,1665,NaN,NaN,0
47,1697,NaN,NaN,0
47,1729,NaN,NaN,0
47,1761,NaN,NaN,0
47,1793,NaN,NaN,0
47,1825,NaN,NaN,0
47,1857,NaN,NaN,0
47,1889,NaN,NaN,0
47,1921,NaN,NaN,0
47,1953,NaN,NaN,0
47,1985,NaN,NaN,0
47,2017,NaN,NaN,0
79,33,NaN,NaN,0
79,65,NaN,NaN,0
79,97,NaN,NaN,0
79,129,NaN,NaN,0
79,161,NaN,NaN,0
79,193,0.5966452956,0.5063301921,1
79,225,-0.5711987019,0.9219979644,1
79,257,-1.116587639,1.324317932,1
79,289,-0.9530844688,0.9813762903,1
79,321,NaN,NaN,2
79,353,-1.374437094,3.778384686,1
79,385,-1.729951262,5.588860512,1
79,417,-1.267648578,4.253825188,1
79,449,-1.255068064,2.847228527,1
79,481,-1.779800773,2.973927498,1
79,513,-1.437927246,4.00962925,1
79,545,-1.58538866,3.466692686,1
79,577,-1.122272968,2.333670616,1
79,609,-0.180005908,2.304409504,1
79,641,-0.1706072986,3.212129354,1
79,673,0.02204078436,2.218923569,1
79,705,0.4888221025,0.5385500193,1
79,737,-0.6290029287,0.6628235579,1
79,769,-1.52490449,1.241692662,1
79,801,-1.185245872,1.094308972,1
79,833,-0.951248467,0.529255569,1
79,865,-0.9370559454,0.6807754636,1
79,897,-0.1907961369,0.7205657363,1
79,929,0.1750444621,0.6555519104,1
79,961,-0.2149644196,0.6455224752,1
79,993,-0.3860288262,0.5174142718,1
79,1025,-0.4367206395,0.659391582,1
79,1057,-0.8441812992,0.6224287152,1
79,1089,-1.329048872,1.400038481,1
79,1121,NaN,NaN,0
79,1153,NaN,NaN,0
79,1185,NaN,NaN,0
79,1217,NaN,NaN,0
79,1249,NaN,NaN,0
79,1281,NaN,NaN,0
79,1313,NaN,NaN,0
79,1345,NaN,NaN,0
79,1377,NaN,NaN,0
79,1409,NaN,NaN,0
79,1441,NaN,NaN,0
79,1473,NaN,NaN,0
79,1505,NaN,NaN,0
79,1537,NaN,NaN,0
79,1569,NaN,NaN,0
79,1601,NaN,NaN,0
79,1633,NaN,NaN,0
79,1665,NaN,NaN,0
79,1697,NaN,NaN,0
79,1729,NaN,NaN,0
79,1761,NaN,NaN,0
79,1793,NaN,NaN,0
79,1825,NaN,NaN,0
79,1857,NaN,NaN,0
79,1889,NaN,NaN,0
79,1921,NaN,NaN,0
79,1953,NaN,NaN,0
79,1985,NaN,NaN,0
79,2017,NaN,NaN,0
111,33,NaN,NaN,0
111,65,NaN,NaN,0
111,97,NaN,NaN,0
111,129,NaN,NaN,0
111,161,NaN,NaN,0
111,193,-0.4198746681,-0.002124488354,1
111,225,-0.965069294,0.8323200941,1
111,257,-0.7173024416,1.884177208,1
111,289,NaN,NaN,2
111,321,-0.8516964316,1.473395467,1
111,353,-0.9215466976,2.667840958,1
111,385,-1.061283708,3.431599617,1
111,417,-1.748224974,3.119852066,1
111,449,-1.293194175,3.417022467,1
111,481,-1.007860065,3.431298494,1
111,513,-0.9894421101,4.130964279,1
111,545,-0.6588965654,2.507503271,1
111,577,-0.6051132679,1.819116592,1
111,609,0.1533184052,1.871301055,1
111,641,-0.06080696732,2.132349968,1
111,673,0.5213094354,1.809379339,1
111,705,0.7644867897,0.6672387123,1
111,737,-0.4443325102,0.9146991968,1
111,769,-1.350301027,0.9916177988,1
111,801,-0.5941201448,0.2998392582,1
111,833,-0.5015916824,0.6254867911,1
111,865,-1.072635412,1.17280817,1
111,897,-0.9419231415,1.266537666,1
111,929,-0.7696253657,1.277586937,1
111,961,-0.6673402786,1.014369607,1
111,993,-0.5216848254,0.8824473619,1
111,1025,-1.738076448,0.7540467978,1
111,1057,-0.9860944152,0.5821442008,1
111,1089,-0.6722533703,0.7898252606,1
111,1121,-0.4670789242,0.5826324224,1
111,1153,NaN,NaN,0
111,1185,NaN,NaN,0
111,1217,NaN,NaN,0
111,1249,NaN,NaN,0
111,1281,NaN,NaN,0
111,1313,NaN,NaN,0
111,1345,NaN,NaN,0
111,1377,NaN,NaN,0
111,1409,NaN,NaN,0
111,1441,NaN,NaN,0
111,1473,NaN,NaN,0
111,1505,NaN,NaN,0
111,1537,NaN,NaN,0
111,1569,NaN,NaN,0
111,1601,NaN,NaN,0
111,1633,NaN,NaN,0
111,1665,NaN,NaN,0
111,1697,NaN,NaN,0
111,1729,NaN,NaN,0
111,1761,NaN,NaN,0
111,1793,NaN,NaN,0
111,1825,NaN,NaN,0
111,1857,NaN,NaN,0
111,1889,NaN,NaN,0
111,1921,NaN,NaN,0
111,1953,NaN,NaN,0
111,1985,NaN,NaN,0
111,2017,NaN,NaN,0
143,33,NaN,NaN,0
143,65,NaN,NaN,0
143,97,NaN,NaN,0
143,129,NaN,NaN,0
143,161,-0.4167068303,-0.7857111096,1
143,193,-0.5539169312,0.2735537887,1
143,225,-0.5443169475,1.097566128,1
143,257,-0.4198284745,1.458898067,1
143,289,NaN,NaN,2
143,321,-0.5127719641,1.562759876,1
143,353,-0.5376093388,1.699808836,1
143,385,-0.6815990806,1.769482613,1
143,417,-1.242850542,2.379346132,1
143,449,-0.9631505013,2.111815453,1
143,481,-0.3071397543,2.879090071,1
143,513,-0.3635236621,2.930465698,1
143,545,-0.2345837355,2.519232273,1
143,577,2.261830807,2.173203468,1
143,609,1.67829752,1.696391225,1
143,641,-0.1310001016,1.826900721,1
143,673,-0.2003679276,1.47104311,1
143,705,0.2238228619,0.5027267933,1
143,737,-0.1115544736,0.9603443146,1
143,769,0.1580602825,0.9708753228,1
143,801,0.4180818498,0.9103453159,1
143,833,0.07226973772,1.114370227,1
143,865,-0.7498429418,0.6655468941,1
143,897,-2.081341028,1.170120239,1
143,929,-1.787201762,1.033949256,1
143,961,-0.5934448242,1.054519176,1
143,993,-0.4413381815,1.330373287,1
143,1025,-0.5686615705,1.032262206,1
143,1057,-0.6850059032,0.06927025318,1
143,1089,-0.353562355,0.7268195152,1
143,1121,-0.008354067802,0.2407942712,1
143,1153,NaN,NaN,0
143,1185,NaN,NaN,0
143,1217,NaN,NaN,0
143,1249,NaN,NaN,0
143,1281,NaN,NaN,0
143,1313,NaN,NaN,0
143,1345,NaN,NaN,0
143,1377,NaN,NaN,0
143,1409,NaN,NaN,0
143,1441,NaN,NaN,0
143,1473,NaN,NaN,0
143,1505,NaN,NaN,0
143,1537,NaN,NaN,0
143,1569,NaN,NaN,0
143,1601,NaN,NaN,0
143,1633,NaN,NaN,0
143,1665,NaN,NaN,0
143,1697,NaN,NaN,0
143,1729,NaN,NaN,0
143,1761,NaN,NaN,0
143,1793,NaN,NaN,0
143,1825,NaN,NaN,0
143,1857,NaN,NaN,0
143,1889,NaN,NaN,0
143,1921,NaN,NaN,0
143,1953,NaN,NaN,0
143,1985,NaN,NaN,0
143,2017,NaN,NaN,0
175,33,NaN,NaN,0
175,65,NaN,NaN,0
175,97,NaN,NaN,0
175,129,NaN,NaN,0
175,161,0.4634270668,0.2911574841,1
175,193,0.1578216851,1.032570839,1
175,225,0.03737224638,1.313863277,1
175,257,0.1514684409,1.210337162,1
175,289,0.1541236639,1.19184339,1
175,321,0.2968686819,1.370622039,1
175,353,0.05002754927,1.365500212,1
175,385,-0.5312225819,1.801104426,1
175,417,-1.281374693,2.975040913,1
175,449,-1.262469172,3.84849143,1
175,481,-0.8084198236,2.436246157,1
175,513,-0.6258314848,2.112505198,1
175,545,-0.5198968649,2.955439091,1
175,577,-0.2351748347,3.184597015,1
175,609,-0.06450468302,1.821626186,1
175,641,-0.228131175,2.076375961,1
175,673,-0.2065739334,1.36144793,1
175,705,-0.1346389651,-0.5311229229,1
175,737,0.5382322669,0.5453953743,1
175,769,2.129779577,0.3543081284,1
175,801,2.422835827,1.181218982,1
175,833,0.74807477,1.399207115,1
175,865,0.1573418975,1.653360844,1
175,897,-0.7063481212,1.166492224,1
175,929,-1.098134279,0.8903590441,1
175,961,-0.8845603466,0.9585626125,1
175,993,-0.6155403256,1.294132233,1
175,1025,-0.5209695101,1.107619643,1
175,1057,-0.3935362995,0.6827915907,1
175,1089,-0.1083616316,0.03207966685,1
175,1121,-0.09276860952,0.119346112,1
175,1153,NaN,NaN,0
175,1185,NaN,NaN,0
175,1217,NaN,NaN,0
175,1249,NaN,NaN,0
175,1281,NaN,NaN,0
175,1313,NaN,NaN,0
175,1345,NaN,NaN,0
175,1377,NaN,NaN,0
175,1409,NaN,NaN,0
175,1441,NaN,NaN,0
175,1473,NaN,NaN,0
175,1505,NaN,NaN,0
175,1537,NaN,NaN,0
175,1569,NaN,NaN,0
175,1601,NaN,NaN,0
175,1633,NaN,NaN,0
175,1665,NaN,NaN,0
175,1697,NaN,NaN,0
175,1729,NaN,NaN,0
175,1761,NaN,NaN,0
175,1793,NaN,NaN,0
175,1825,NaN,NaN,0
175,1857,NaN,NaN,0
175,1889,NaN,NaN,0
175,1921,NaN,NaN,0
175,1953,NaN,NaN,0
175,1985,NaN,NaN,0
175,2017,NaN,NaN,0
207,33,NaN,NaN,0
207,65,NaN,NaN,0
207,97,NaN,NaN,0
207,129,NaN,NaN,0
207,161,-0.1864872873,0.3595895767,1
207,193,0.1415196955,1.135432839,1
207,225,-0.03666299582,1.677589178,1
207,257,-0.2621727586,1.904362917,1
207,289,0.3843979239,1.502892971,1
207,321,0.733846724,1.046363115,1
207,353,0.1066691279,1.2393713,1
207,385,0.05723243952,1.712967634,1
207,417,-0.8977177143,2.844790697,1
207,449,-1.310031891,4.581998348,1
207,481,-1.221081972,2.275642872,1
207,513,-0.6411051154,1.041554213,1
207,545,-0.3302577138,2.115236998,1
207,577,-0.7023009062,1.622368097,1
207,609,-0.7893083096,0.686683774,1
207,641,-0.4437928498,1.574265003,1
207,673,-0.1235361397,1.679191351,1
207,705,-0.8330284953,-0.2512923479,1
207,737,0.185086906,0.836545825,1
207,769,1.14652133,1.222760201,1
207,801,1.219724894,1.775677443,1
207,833,1.292388558,2.5567379,1
207,865,0.9695388079,2.505745649,1
207,897,-0.718342483,1.24520421,1
207,929,-1.733018637,0.8841495514,1
207,961,-0.6389586926,0.8176089525,1
207,993,-0.57493186,1.03461051,1
207,1025,-0.3644457161,1.012798786,1
207,1057,0.1368087232,0.7627283931,1
207,1089,0.1181774735,0.2507430315,1
207,1121,-0.04398608208,0.389605701,1
207,1153,NaN,NaN,0
207,1185,NaN,NaN,0
207,1217,NaN,NaN,0
207,1249,NaN,NaN,0
207,1281,NaN,NaN,0
207,1313,NaN,NaN,0
207,1345,NaN,NaN,0
207,1377,NaN,NaN,0
207,1409,NaN,NaN,0
207,1441,NaN,NaN,0
207,1473,NaN,NaN,0
207,1505,NaN,NaN,0
207,1537,NaN,NaN,0
207,1569,NaN,NaN,0
207,1601,NaN,NaN,0
207,1633,NaN,NaN,0
207,1665,NaN,NaN,0
207,1697,NaN,NaN,0
207,1729,NaN,NaN,0
207,1761,NaN,NaN,0
207,1793,NaN,NaN,0
207,1825,NaN,NaN,0
207,1857,NaN,NaN,0
207,1889,NaN,NaN,0
207,1921,NaN,NaN,0
207,1953,NaN,NaN,0
207,1985,NaN,NaN,0
207,2017,NaN,NaN,0
239,33,NaN,NaN,0
239,65,NaN,NaN,0
239,97,NaN,NaN,0
239,129,NaN,NaN,0
239,161,-0.6638871431,-0.1759989262,1
239,193,-0.06475555897,0.312484622,1
239,225,-0.3713518381,2.041944504,1
239,257,-0.807595253,4.195731163,1
239,289,0.01076965034,1.883716106,1
239,321,0.9797378778,0.6831748486,1
239,353,0.6439785361,1.035522223,1
239,385,0.5284637809,0.0413351059,1
239,417,0.5886958241,2.142283916,1
239,449,-0.687415719,3.77816081,1
239,481,-1.723756313,2.34015727,1
239,513,-0.8702378869,1.015052915,1
239,545,-0.616263628,1.688740492,1
239,577,-0.6346182227,1.66941905,1
239,609,-0.7760320306,1.329779983,1
239,641,-0.4404971004,2.097136021,1
239,673,-0.4724317193,2.705579042,1
239,705,-0.4860028327,1.30760181,1
239,737,0.1026774794,1.031705856,1
239,769,1.119679689,1.465106726,1
239,801,1.041776419,3.078870058,1
239,833,1.46511066,3.284837723,1
239,865,1.81396997,2.53750205,1
239,897,-0.5357660055,0.7613397837,1
239,929,0.852553606,0.5199535489,1
239,961,-0.01084846258,0.8732394576,1
239,993,-0.5511692166,0.8742967844,1
239,1025,-0.3312902451,0.8619180918,1
239,1057,0.3160336614,0.7985627055,1
239,1089,0.3910573721,0.640216291,1
239,1121,0.6890189648,1.015766621,1
239,1153,NaN,NaN,0
239,1185,NaN,NaN,0
239,1217,NaN,NaN,0
239,1249,NaN,NaN,0
239,1281,NaN,NaN,0
239,1313,NaN,NaN,0
239,1345,NaN,NaN,0
239,1377,NaN,NaN,0
239,1409,NaN,NaN,0
239,1441,NaN,NaN,0
239,1473,NaN,NaN,0
239,1505,NaN,NaN,0
239,1537,NaN,NaN,0
239,1569,NaN,NaN,0
239,1601,NaN,NaN,0
239,1633,NaN,NaN,0
239,1665,NaN,NaN,0
239,1697,NaN,NaN,0
239,1729,NaN,NaN,0
239,1761,NaN,NaN,0
239,1793,NaN,NaN,0
239,1825,NaN,NaN,0
239,1857,NaN,NaN,0
239,1889,NaN,NaN,0
239,1921,NaN,NaN,0
239,1953,NaN,NaN,0
239,1985,NaN,NaN,0
239,2017,NaN,NaN,0
271,33,NaN,NaN,0
271,65,NaN,NaN,0
271,97,NaN,NaN,0
271,129,NaN,NaN,0
271,161,-1.379270077,0.4453359246,1
271,193,-1.612218022,0.500674665,1
271,225,-2.21391654,2.293467045,1
271,257,-1.166591167,3.740129471,1
271,289,-0.8996721506,2.704714298,1
271,321,NaN,NaN,2
271,353,NaN,NaN,2
271,385,-0.1761850119,0.9684144258,1
271,417,-0.5181691647,1.878193855,1
271,449,-0.3276966214,2.215720654,1
271,481,-0.2101199627,2.022013664,1
271,513,1.00018096,1.732363462,1
271,545,0.4122092724,1.626850247,1
271,577,-0.2122211456,1.771769404,1
271,609,-0.4513047934,1.77731359,1
271,641,-1.058020711,1.331490159,1
271,673,-0.4104370475,0.9397470951,1
271,705,0.3887538612,0.7215301991,1
271,737,1.02801621,0.273317337,1
271,769,0.4908287823,1.659643412,1
271,801,0.6279956102,3.009390354,1
271,833,1.13927722,2.125884295,1
271,865,1.011117339,-0.100862205,1
271,897,0.7566511035,-0.2976334095,1
271,929,0.3521741629,-0.547619462,1
271,961,-0.3674969971,0.818615675,1
271,993,-0.702809453,0.7952697873,1
271,1025,-0.5107864141,0.5581790805,1
271,1057,-0.1972056329,0.5905671716,1
271,1089,0.2646023631,0.07336777449,1
271,1121,0.1769344062,-0.005256593227,1
271,1153,-0.6510882378,0.7013555765,1
271,1185,NaN,NaN,0
271,1217,NaN,NaN,2
271,1249,0.2356680334,-0.905446887,1
271,1281,0.2033494711,-0.3020322025,1
271,1313,NaN,NaN,2
271,1345,NaN,NaN,0
271,1377,NaN,NaN,0
271,1409,NaN,NaN,0
271,1441,NaN,NaN,0
271,1473,NaN,NaN,0
271,1505,NaN,NaN,0
271,1537,NaN,NaN,0
271,1569,NaN,NaN,0
271,1601,NaN,NaN,0
271,1633,NaN,NaN,0
271,1665,NaN,NaN,0
271,1697,NaN,NaN,0
271,1729,NaN,NaN,0
271,1761,NaN,NaN,0
271,1793,NaN,NaN,0
271,1825,NaN,NaN,0
271,1857,NaN,NaN,0
271,1889,NaN,NaN,0
271,1921,NaN,NaN,0
271,1953,NaN,NaN,0
271,1985,NaN,NaN,0
271,2017,NaN,NaN,0
303,33,NaN,NaN,0
303,65,NaN,NaN,0
303,97,NaN,NaN,0
303,129,NaN,NaN,0
303,161,-0.7601443529,0.1742186546,1
303,193,-2.518483162,0.1172835231,1
303,225,-3.58202076,1.634385467,1
303,257,-1.655126691,2.548981905,1
303,289,-1.46316433,3.142316103,1
303,321,-1.945850968,3.36717248,1
303,353,NaN,NaN,2
303,385,-0.3277414739,1.940872073,1
303,417,-0.5101495385,2.169445038,1
303,449,-0.2875804305,1.846872568,1
303,481,0.04634547234,0.1803734303,1
303,513,0.7492005825,1.387984633,1
303,545,0.6543118358,1.281340122,1
303,577,0.06421518326,1.619333744,1
303,609,-0.5761370659,1.55456686,1
303,641,-2.388708115,1.210701108,1
303,673,-1.816029787,0.6766644716,1
303,705,-0.5488553643,0.2922384739,1
303,737,-0.3127101362,1.044635773,1
303,769,0.1793709844,1.348311663,1
303,801,0.4149186015,1.425603628,1
303,833,0.3080745637,1.071947813,1
303,865,0.2995314598,-0.5184128881,1
303,897,0.6095808148,0.09132796526,1
303,929,-0.04278382659,0.7496308088,1
303,961,-0.503308177,0.7075673938,1
303,993,-0.8315902352,0.5532836318,1
303,1025,-0.7649968863,0.1773189306,1
303,1057,-0.1103547066,-0.1936296523,1
303,1089,0.4816395044,-0.8767199516,1
303,1121,0.7177139521,-0.7293711901,1
303,1153,-0.2990797758,0.4573714733,1
303,1185,-1.090043306,0.5115306973,1
303,1217,-1.058197021,0.5293356776,1
303,1249,-0.4377309084,-0.06166881323,1
303,1281,-0.7105917931,0.0706346035,1
303,1313,NaN,NaN,2
303,1345,-3.625253439,0.7991044521,1
303,1377,-2.337147713,1.139021873,1
303,1409,NaN,NaN,0
303,1441,NaN,NaN,0
303,1473,NaN,NaN,0
303,1505,NaN,NaN,0
303,1537,NaN,NaN,0
303,1569,NaN,NaN,0
303,1601,NaN,NaN,0
303,1633,NaN,NaN,0
303,1665,NaN,NaN,0
303,1697,NaN,NaN,0
303,1729,NaN,NaN,0
303,1761,NaN,NaN,0
303,1793,NaN,NaN,0
303,1825,NaN,NaN,0
303,1857,NaN,NaN,0
303,1889,NaN,NaN,0
303,1921,NaN,NaN,0
303,1953,NaN,NaN,0
303,1985,NaN,NaN,0
303,2017,NaN,NaN,0
335,33,NaN,NaN,0
335,65,NaN,NaN,0
335,97,NaN,NaN,0
335,129,NaN,NaN,0
335,161,0.0225174129,0.3654971719,1
335,193,-0.7329674959,0.07216215134,1
335,225,-0.7573227882,1.723539948,1
335,257,-1.763846397,3.262784243,1
335,289,-2.098995209,3.71639061,1
335,321,-1.96010828,3.297226429,1
335,353,-0.9356899261,2.367245913,1
335,385,0.955486536,3.221197128,1
335,417,0.1535140276,3.039247274,1
335,449,-0.5862355232,2.798468113,1
335,481,-0.8959960938,1.758570671,1
335,513,-0.57870543,0.3721764088,1
335,545,-0.08724716306,0.8920642138,1
335,577,-0.08172668517,0.8979537487,1
335,609,-0.483995676,0.7481654882,1
335,641,-2.333690643,2.072685719,1
335,673,-1.614883661,1.063813925,1
335,705,-0.9127161503,0.2941049337,1
335,737,-0.8401345015,0.787940979,1
335,769,-0.3024125099,0.6654832363,1
335,801,-0.08108270168,0.931586504,1
335,833,-0.1582340598,1.098621845,1
335,865,0.08106923103,0.5906246901,1
335,897,-0.2572515607,0.4787846208,1
335,929,-0.4648964107,1.235122919,1
335,961,-0.3504459858,1.136038303,1
335,993,-1.059551716,0.7823569775,1
335,1025,-0.8520257473,0.4383981824,1
335,1057,-0.4426349401,0.41242975,1
335,1089,-0.4323379695,-0.3416021466,1
335,1121,-0.2813106179,-0.3826858699,1
335,1153,-0.2761130333,0.5611453652,1
335,1185,-1.291132092,1.266835928,1
335,1217,-1.466461897,1.29084897,1
335,1249,-1.252292275,1.172683835,1
335,1281,-1.133978844,0.5831964016,1
335,1313,-1.589869976,-0.005414545536,1
335,1345,-2.178706646,1.210038185,1
335,1377,NaN,NaN,2
335,1409,-0.9148602486,1.419025064,1
335,1441,NaN,NaN,0
335,1473,NaN,NaN,0
335,1505,NaN,NaN,0
335,1537,NaN,NaN,0
335,1569,NaN,NaN,0
335,1601,NaN,NaN,0
335,1633,NaN,NaN,0
335,1665,NaN,NaN,0
335,1697,NaN,NaN,0
335,1729,NaN,NaN,0
335,1761,NaN,NaN,0
335,1793,NaN,NaN,0
335,1825,NaN,NaN,0
335,1857,NaN,NaN,0
335,1889,NaN,NaN,0
335,1921,NaN,NaN,0
335,1953,NaN,NaN,0
335,1985,NaN,NaN,0
335,2017,NaN,NaN,0
367,33,NaN,NaN,0
367,65,NaN,NaN,0
367,97,NaN,NaN,0
367,129,NaN,NaN,0
367,161,-0.1057898104,0.6124806404,1
367,193,-0.3589367867,0.5104424357,1
367,225,-1.035799503,1.305328965,1
367,257,-1.867725372,2.547291994,1
367,289,-2.509810448,3.162801266,1
367,321,-1.606892467,3.061519861,1
367,353,-0.2356853485,3.593008757,1
367,385,0.5153851509,3.894294024,1
367,417,1.207752585,2.628981829,1
367,449,-0.719666779,2.900217295,1
367,481,-0.7596358657,2.50425601,1
367,513,-0.5187395215,2.540688753,1
367,545,-0.233061552,1.531399488,1
367,577,-0.1140391901,0.9733355045,1
367,609,-0.1918328404,0.8075387478,1
367,641,-0.8406942487,0.3584109545,1
367,673,-1.642345309,0.3896998167,1
367,705,-1.463060141,0.6259983182,1
367,737,-0.874151051,0.3347908258,1
367,769,-0.3346515596,0.396481216,1
367,801,-0.2657517195,1.102745175,1
367,833,-0.4480511248,1.884239674,1
367,865,-0.332275629,1.201209307,1
367,897,-0.1977056861,0.1625562906,1
367,929,-0.2911195755,0.6781146526,1
367,961,0.5193316936,1.295694113,1
367,993,-1.014748096,1.186716795,1
367,1025,-0.632776618,0.6257730722,1
367,1057,-0.3700537384,-0.07806995511,1
367,1089,-0.6118270159,-0.4686559141,1
367,1121,-1.331844807,-1.242794871,1
367,1153,-1.066807866,0.1607924104,1
367,1185,-1.459399462,0.7023255825,1
367,1217,-1.698275328,0.9863268137,1
367,1249,-1.690713406,0.9508805275,1
367,1281,-2.055777073,1.031733513,1
367,1313,-1.963564634,-0.2736148834,1
367,1345,-1.372600913,1.128108859,1
367,1377,-0.7763745785,1.989498854,1
367,1409,-0.2755593657,1.79929471,1
367,1441,0.2685451508,1.767892361,1
367,1473,0.5514691472,0.9275259972,1
367,1505,NaN,NaN,0
367,1537,NaN,NaN,0
367,1569,NaN,NaN,0
367,1601,NaN,NaN,0
367,1633,NaN,NaN,0
367,1665,NaN,NaN,0
367,1697,NaN,NaN,0
367,1729,NaN,NaN,0
367,1761,NaN,NaN,0
367,1793,NaN,NaN,0
367,1825,NaN,NaN,0
367,1857,NaN,NaN,0
367,1889,NaN,NaN,0
367,1921,NaN,NaN,0
367,1953,NaN,NaN,0
367,1985,NaN,NaN,0
367,2017,NaN,NaN,0
399,33,NaN,NaN,0
399,65,NaN,NaN,0
399,97,NaN,NaN,0
399,129,NaN,NaN,0
399,161,NaN,NaN,0
399,193,-0.4435278177,0.2190313339,1
399,225,-0.4761488438,0.8240373135,1
399,257,-0.6095669866,1.939749241,1
399,289,-1.722893953,1.327039003,1
399,321,-1.45057106,0.8730449677,1
399,353,-0.672228992,2.218552589,1
399,385,0.2895432711,2.444981337,1
399,417,-1.054275513,2.311560154,1
399,449,-0.6908373833,2.080868959,1
399,481,-0.05068817735,2.52512002,1
399,513,0.2318384349,2.946200371,1
399,545,0.1864399314,2.305958748,1
399,577,-0.4629730582,1.18957746,1
399,609,-0.06502252817,0.7876710296,1
399,641,-0.6091909409,0.4621807933,1
399,673,-1.394878507,0.6565838456,1
399,705,-1.483817339,0.8938338161,1
399,737,-0.545348227,0.6435170174,1
399,769,-0.1695476174,0.8861989379,1
399,801,-0.1164114773,1.562111497,1
399,833,-1.011032343,1.746362209,1
399,865,-1.111403942,1.417509794,1
399,897,-0.4910447001,0.7824465036,1
399,929,-0.1612384915,-0.06707119942,1
399,961,NaN,NaN,2
399,993,-0.08212921023,1.442266703,1
399,1025,0.3226889074,0.6995899081,1
399,1057,0.496828258,0.202470988,1
399,1089,0.03138497472,-0.09558039904,1
399,1121,-0.7781769633,-0.04808735847,1
399,1153,-1.175968409,0.6653720737,1
399,1185,-1.685974479,0.5664616227,1
399,1217,-1.891527414,0.3208479881,1
399,1249,-1.74214983,1.037395239,1
399,1281,-2.322048903,1.31133163,1
399,1313,-1.215276957,-0.03253889084,1
399,1345,-0.7829793692,0.9216137528,1
399,1377,-0.5178723931,1.25554812,1
399,1409,0.1845296621,1.907096148,1
399,1441,-0.2227487564,2.100286961,1
399,1473,-0.1082658172,1.2914958,1
399,1505,NaN,NaN,0
399,1537,NaN,NaN,0
399,1569,NaN,NaN,0
399,1601,NaN,NaN,0
399,1633,NaN,NaN,0
399,1665,NaN,NaN,0
399,1697,NaN,NaN,0
399,1729,NaN,NaN,0
399,1761,NaN,NaN,0
399,1793,NaN,NaN,0
399,1825,NaN,NaN,0
399,1857,NaN,NaN,0
399,1889,NaN,NaN,0
399,1921,NaN,NaN,0
399,1953,NaN,NaN,0
399,1985,NaN,NaN,0
399,2017,NaN,NaN,0
431,33,NaN,NaN,0
431,65,NaN,NaN,0
431,97,NaN,NaN,0
431,129,NaN,NaN,0
431,161,NaN,NaN,0
431,193,NaN,NaN,0
431,225,-0.02956002951,1.209807038,1
431,257,1.474166155,1.538372397,1
431,289,0.145236969,0.5353728533,1
431,321,-0.6875187755,-1.022434235,1
431,353,-1.110180974,1.258207798,1
431,385,-0.5382945538,2.047627926,1
431,417,-2.749300957,2.649260521,1
431,449,-1.007545948,3.083975554,1
431,481,-0.08032989502,2.502634764,1
431,513,-0.02788824961,2.205816746,1
431,545,0.2671282887,1.784417748,1
431,577,-0.4101419449,1.215696812,1
431,609,-0.6187530756,1.114990592,1
431,641,1.362574339,0.7862434983,1
431,673,0.626614809,0.9458273649,1
431,705,-0.5646909475,2.487602711,1
431,737,0.700686574,1.919251561,1
431,769,0.6854966879,0.7624883056,1
431,801,0.8973671794,1.958172917,1
431,833,-0.4861810505,1.506506443,1
431,865,-0.8573281765,1.454970956,1
431,897,-0.6148109436,0.9381334186,1
431,929,-0.2640595436,0.6757055521,1
431,961,0.03895074129,0.9928610325,1
431,993,0.7907161713,1.087924957,1
431,1025,3.039321899,-0.5763831735,1
431,1057,2.302685738,-0.3223052621,1
431,1089,0.2982750833,-0.1885041595,1
431,1121,-0.4983881712,0.7807779312,1
431,1153,-1.147634387,1.350215077,1
431,1185,-1.615787625,0.5529608727,1
431,1217,-1.248520255,0.1984796524,1
431,1249,-0.9776688814,1.567295671,1
431,1281,-0.7631204128,1.801283002,1
431,1313,-0.6972742081,0.6030598879,1
431,1345,-1.555643797,0.6194036603,1
431,1377,-1.546363354,0.7543809414,1
431,1409,-0.7437403798,1.981022716,1
431,1441,-1.027599335,1.588549256,1
431,1473,-0.4559641778,0.7303661108,1
431,1505,NaN,NaN,0
431,1537,NaN,NaN,0
431,1569,NaN,NaN,0
431,1601,NaN,NaN,0
431,1633,NaN,NaN,0
431,1665,NaN,NaN,0
431,1697,NaN,NaN,0
431,1729,NaN,NaN,0
431,1761,NaN,NaN,0
431,1793,NaN,NaN,0
431,1825,NaN,NaN,0
431,1857,NaN,NaN,0
431,1889,NaN,NaN,0
431,1921,NaN,NaN,0
431,1953,NaN,NaN,0
431,1985,NaN,NaN,0
431,2017,NaN,NaN,0
463,33,NaN,NaN,0
463,65,NaN,NaN,0
463,97,NaN,NaN,0
463,129,NaN,NaN,0
463,161,NaN,NaN,0
463,193,NaN,NaN,0
463,225,-0.1387171149,1.307335019,1
463,257,-0.1672030389,0.603664279,1
463,289,-0.4315063357,-0.8963546157,1
463,321,-0.8679545522,0.2126051188,1
463,353,-1.277637959,0.8690080047,1
463,385,-1.451512814,2.769872665,1
463,417,-1.462557197,2.892584562,1
463,449,-0.8812456727,3.587570429,1
463,481,-0.7265093327,2.421411037,1
463,513,-2.95770216,1.388309002,1
463,545,-0.687523365,1.12753129,1
463,577,-0.4566431046,0.8529205322,1
463,609,-0.3705667853,1.486154795,1
463,641,-0.02620589733,1.0132972,1
463,673,0.04951095581,1.020456076,1
463,705,-0.05408811569,1.759407043,1
463,737,-0.01636272669,0.6875404716,1
463,769,0.6535587907,-0.5425842404,1
463,801,0.3823606968,-0.01343125105,1
463,833,-0.4552549124,-0.3982048035,1
463,865,-0.5708009005,0.2862558365,1
463,897,-0.6635296345,1.23653543,1
463,929,-0.8163604736,1.151411414,1
463,961,-0.605986774,0.8368920088,1
463,993,-0.2279043198,1.127192855,1
463,1025,0.5352358818,0.6787080765,1
463,1057,1.113139391,0.8445022702,1
463,1089,0.7865104675,1.039002061,1
463,1121,-0.01270207763,1.214651585,1
463,1153,-0.995085597,0.6673817635,1
463,1185,-1.385750294,1.048538685,1
463,1217,-1.003016114,1.372607589,1
463,1249,-0.1576937437,1.44926095,1
463,1281,-0.1787730455,1.33743763,1
463,1313,-0.9914186001,0.995952487,1
463,1345,-2.558698177,1.373204827,1
463,1377,-1.784196019,0.7715606689,1
463,1409,-0.7758797407,1.640259266,1
463,1441,-0.5537475348,1.740929842,1
463,1473,-0.3969261646,0.5439463854,1
463,1505,NaN,NaN,0
463,1537,NaN,NaN,0
463,1569,NaN,NaN,0
463,1601,NaN,NaN,0
463,1633,NaN,NaN,0
463,1665,NaN,NaN,0
463,1697,NaN,NaN,0
463,1729,NaN,NaN,0
463,1761,NaN,NaN,0
463,1793,NaN,NaN,0
463,1825,NaN,NaN,0
463,1857,NaN,NaN,0
463,1889,NaN,NaN,0
463,1921,NaN,NaN,0
463,1953,NaN,NaN,0
463,1985,NaN,NaN,0
463,2017,NaN,NaN,0
495,33,NaN,NaN,0
495,65,NaN,NaN,0
495,97,NaN,NaN,0
495,129,NaN,NaN,0
495,161,NaN,NaN,0
495,193,0.2015770227,1.591645837,1
495,225,0.1531795561,1.532377124,1
495,257,-0.1772632152,0.6210082173,1
495,289,-0.5032068491,-0.9698357582,1
495,321,-0.2581886649,-0.09596323967,1
495,353,-0.7632166743,-0.1439630389,1
495,385,-1.185133696,2.01962328,1
495,417,-0.8140246868,2.720960855,1
495,449,-0.7303406,2.978307962,1
495,481,-1.68956244,2.342140675,1
495,513,-2.245811939,1.728076458,1
495,545,-2.957468033,0.1215229034,1
495,577,-2.414721489,-1.568601251,1
495,609,-0.8133248091,0.4006533623,1
495,641,-0.07327517867,1.262496948,1
495,673,0.08922057599,1.142363548,1
495,705,-0.2238368988,1.103861809,1
495,737,-0.6582234502,0.6460056901,1
495,769,-0.4174917936,-0.4279931486,1
495,801,-0.3267923594,-0.9070093632,1
495,833,-0.6256275773,-0.900580287,1
495,865,-0.3739558458,0.1462921798,1
495,897,NaN,NaN,2
495,929,-0.7644180655,1.089193225,1
495,961,-0.8999060988,0.547659874,1
495,993,-1.047336102,0.6340512633,1
495,1025,-0.1270016432,1.479296327,1
495,1057,0.6802409291,1.978567362,1
495,1089,0.6878067851,1.801142454,1
495,1121,0.2102647722,1.258063197,1
495,1153,-0.9036778212,-0.1899174452,1
495,1185,-1.509280205,2.360566616,1
495,1217,-0.5524121523,4.207554817,1
495,1249,-0.7991322279,2.000109196,1
495,1281,-0.7655148506,1.728194714,1
495,1313,1.58246243,1.192547441,1
495,1345,NaN,NaN,2
495,1377,-2.100926399,1.028789997,1
495,1409,-0.09350240231,1.794199109,1
495,1441,0.8373766541,2.1991539,1
495,1473,0.3689287305,0.910281539,1
495,1505,NaN,NaN,0
495,1537,NaN,NaN,0
495,1569,NaN,NaN,0
495,1601,NaN,NaN,0
495,1633,NaN,NaN,0
495,1665,NaN,NaN,0
495,1697,NaN,NaN,0
495,1729,NaN,NaN,0
495,1761,NaN,NaN,0
495,1793,NaN,NaN,0
495,1825,NaN,NaN,0
495,1857,NaN,NaN,0
495,1889,NaN,NaN,0
495,1921,NaN,NaN,0
495,1953,NaN,NaN,0
495,1985,NaN,NaN,0
495,2017,NaN,NaN,0
527,33,NaN,NaN,0
527,65,NaN,NaN,0
527,97,NaN,NaN,0
527,129,NaN,NaN,0
527,161,NaN,NaN,0
527,193,0.02952352166,1.605526209,1
527,225,0.8380328417,1.619112968,1
527,257,0.2347265631,1.109619498,1
527,289,0.0592263639,0.1791357994,1
527,321,1.222640872,-0.2092033923,1
527,353,0.7392342091,0.2734792233,1
527,385,-0.2535814047,1.683814049,1
527,417,-1.084821939,2.603979111,1
527,449,-2.217656612,3.80005455,1
527,481,-3.197599411,2.357920885,1
527,513,-2.094470978,0.8703260422,1
527,545,-3.009584904,0.8667102456,1
527,577,-3.028498411,0.5874258876,1
527,609,-1.425079346,0.6961009502,1
527,641,0.08714058995,2.208720207,1
527,673,0.247450307,1.589361906,1
527,705,-0.570133388,0.8105871081,1
527,737,-1.336229682,0.6710420847,1
527,769,-1.548243165,0.1055007577,1
527,801,-0.8923966885,-0.3523387909,1
527,833,-0.7140208483,-0.2053882927,1
527,865,-0.5057221651,0.2046260834,1
527,897,-0.5934208632,1.267049789,1
527,929,-0.2801993489,0.7065168619,1
527,961,-0.2745567262,0.2037677169,1
527,993,-0.340265125,0.3845677972,1
527,1025,0.3801283836,0.9593775868,1
527,1057,0.559897542,1.157043695,1
527,1089,-0.1939579844,0.5004453659,1
527,1121,-0.5250101686,0.6085366607,1
527,1153,-0.4926264286,-1.147761226,1
527,1185,-0.6638306975,1.972503662,1
527,1217,-0.522092104,3.212967873,1
527,1249,-0.08346194029,1.912611127,1
527,1281,-0.03677940369,1.51565969,1
527,1313,-2.031803608,2.013960123,1
527,1345,-3.016839027,4.597986221,1
527,1377,-3.120351315,2.942994356,1
527,1409,-1.442462683,3.44187808,1
527,1441,0.08494049311,2.865577221,1
527,1473,0.4856085181,0.9224412441,1
527,1505,NaN,NaN,0
527,1537,NaN,NaN,0
527,1569,NaN,NaN,0
527,1601,NaN,NaN,0
527,1633,NaN,NaN,0
527,1665,NaN,NaN,0
527,1697,NaN,NaN,0
527,1729,NaN,NaN,0
527,1761,NaN,NaN,0
527,1793,NaN,NaN,0
527,1825,NaN,NaN,0
527,1857,NaN,NaN,0
527,1889,NaN,NaN,0
527,1921,NaN,NaN,0
527,1953,NaN,NaN,0
527,1985,NaN,NaN,0
527,2017,NaN,NaN,0
559,33,NaN,NaN,0
559,65,NaN,NaN,0
559,97,NaN,NaN,0
559,129,NaN,NaN,0
559,161,-0.3320772946,2.118632078,1
559,193,-0.5297472477,1.788024426,1
559,225,-0.296676904,1.717419147,1
559,257,-0.1728581488,1.393042564,1
559,289,0.3798274398,0.5453509092,1
559,321,0.6437445879,0.321075052,1
559,353,0.01607084274,0.388943553,1
559,385,-0.1292507648,1.311945677,1
559,417,-2.033572197,2.214086533,1
559,449,-3.058816433,3.826607943,1
559,481,-2.164852619,1.851384044,1
559,513,-1.096559048,0.08831810951,1
559,545,-2.195188761,2.63196516,1
559,577,-1.352083087,2.093961239,1
559,609,-0.002065896988,0.2666718364,1
559,641,0.001232385635,0.5933306217,1
559,673,-0.007843762636,1.510042906,1
559,705,-2.142277718,0.5462160707,1
559,737,-1.583779812,-0.5600801706,1
559,769,-0.63002491,-0.02314423025,1
559,801,-1.386927128,-0.3159390688,1
559,833,-1.878430724,0.2492929101,1
559,865,-0.7785382867,0.3734761477,1
559,897,-0.3636804521,0.3994661272,1
559,929,0.7436017394,0.02745068073,1
559,961,0.7307345867,-0.115991801,1
559,993,-0.3521683812,0.5861293077,1
559,1025,-1.737618446,0.7811075449,1
559,1057,-0.939452529,0.6508369446,1
559,1089,-0.824298501,-0.3751202226,1
559,1121,-0.9446262121,0.3867709041,1
559,1153,-0.8598960042,0.01560038328,1
559,1185,-0.8250356913,0.1822071075,1
559,1217,-0.4364995956,0.3448287249,1
559,1249,0.8117886782,0.9945554733,1
559,1281,-0.05918505788,0.6591899395,1
559,1313,-1.741185427,1.566490173,1
559,1345,-2.488463879,2.826351404,1
559,1377,-2.278485775,2.133361816,1
559,1409,-1.497365355,3.454885483,1
559,1441,-0.9348301888,3.549219608,1
559,1473,-2.763079166,2.097809315,1
559,1505,NaN,NaN,0
559,1537,NaN,NaN,0
559,1569,NaN,NaN,0
559,1601,NaN,NaN,0
559,1633,NaN,NaN,0
559,1665,NaN,NaN,0
559,1697,NaN,NaN,0
559,1729,NaN,NaN,0
559,1761,NaN,NaN,0
559,1793,NaN,NaN,0
559,1825,NaN,NaN,0
559,1857,NaN,NaN,0
559,1889,NaN,NaN,0
559,1921,NaN,NaN,0
559,1953,NaN,NaN,0
559,1985,NaN,NaN,0
559,2017,NaN,NaN,0
591,33,NaN,NaN,0
591,65,NaN,NaN,0
591,97,NaN,NaN,0
591,129,NaN,NaN,0
591,161,-0.3068255186,2.432008505,1
591,193,-0.5169048309,2.239915609,1
591,225,-0.7940694094,2.502462626,1
591,257,-0.9840201139,1.766725659,1
591,289,-0.5092791319,1.115920186,1
591,321,-0.3001604676,0.7588415146,1
591,353,-0.4523447156,0.3503391743,1
591,385,-0.7327091098,1.066969156,1
591,417,-0.7605943084,1.319638848,1
591,449,-1.439969778,0.3592433929,1
591,481,-2.184380531,0.8945075274,1
591,513,-2.317101479,0.457695365,1
591,545,-1.9683671,0.5478687882,1
591,577,-0.9109146595,0.6073912978,1
591,609,-0.2974792123,0.6953495741,1
591,641,0.3546130657,-0.4626799226,1
591,673,0.07790115476,0.2695967555,1
591,705,-0.3656208217,-0.027164042,1
591,737,-0.7335503101,-0.3045040071,1
591,769,-0.7876985073,-0.2011109293,1
591,801,-1.026125073,-0.4450689852,1
591,833,-1.321736574,-0.01095602661,1
591,865,-1.507212639,0.1270286739,1
591,897,-0.1558470726,0.1769545674,1
591,929,-0.04998207092,-0.3622116446,1
591,961,-0.3294506073,0.2534509301,1
591,993,-1.377540588,0.8207476735,1
591,1025,-2.952781677,0.8946320415,1
591,1057,-1.8793993,1.028276682,1
591,1089,-1.030081034,-0.2756995857,1
591,1121,-0.6547505856,-0.04282307625,1
591,1153,-0.6894598603,-0.04598295689,1
591,1185,-0.6369088888,-0.03513854742,1
591,1217,-0.4112288654,-0.2991217375,1
591,1249,0.04132789373,0.6794932485,1
591,1281,-0.5073643923,0.5124862194,1
591,1313,-0.8559699059,1.245976448,1
591,1345,-1.151813507,2.305762053,1
591,1377,-1.217947483,0.6880475283,1
591,1409,-0.7780491114,0.6701636314,1
591,1441,-0.08952248096,2.239428282,1
591,1473,-3.742620945,2.206212521,1
591,1505,-2.280331612,1.390494704,1
591,1537,NaN,NaN,0
591,1569,NaN,NaN,0
591,1601,NaN,NaN,0
591,1633,NaN,NaN,0
591,1665,NaN,NaN,0
591,1697,NaN,NaN,0
591,1729,NaN,NaN,0
591,1761,NaN,NaN,0
591,1793,NaN,NaN,0
591,1825,NaN,NaN,0
591,1857,NaN,NaN,0
591,1889,NaN,NaN,0
591,1921,NaN,NaN,0
591,1953,NaN,NaN,0
591,1985,NaN,NaN,0
591,2017,NaN,NaN,0
623,33,NaN,NaN,0
623,65,NaN,NaN,0
623,97,NaN,NaN,0
623,129,NaN,NaN,0
623,161,0.1241135001,2.684666634,1
623,193,-0.03422361612,2.800136328,1
623,225,-0.5531195998,3.029712915,1
623,257,-2.306702137,2.319578409,1
623,289,-0.9740455151,1.289903402,1
623,321,-0.8401802778,0.7998941541,1
623,353,-0.4703633785,0.4741057158,1
623,385,-0.123244822,1.098813415,1
623,417,-0.4489811063,0.9519526958,1
623,449,-0.9325011969,-0.9580077529,1
623,481,-2.239539146,0.3976037502,1
623,513,-2.180559158,0.8107091784,1
623,545,-1.853520155,0.5680795908,1
623,577,-0.4173310995,-0.07106786966,1
623,609,-0.9002523422,1.406579614,1
623,641,-0.7250039577,1.462227345,1
623,673,0.223564893,-0.069401443,1
623,705,-0.4290744662,-0.4792558551,1
623,737,-0.3461591601,-0.3622610867,1
623,769,-0.1724495292,-0.3005301058,1
623,801,-0.5008056164,-0.7670829296,1
623,833,-1.316970825,0.01728347316,1
623,865,-2.156368732,0.5502141714,1
623,897,-2.230718136,0.3951247334,1
623,929,-1.684438944,-0.3263967037,1
623,961,-1.087072611,0.5530834198,1
623,993,-2.097039461,0.7371128201,1
623,1025,-1.387182117,0.7402440906,1
623,1057,-0.6804068685,0.3541507721,1
623,1089,-0.8257796764,-0.6825094819,1
623,1121,-0.5696148276,0.2348299176,1
623,1153,-0.4836617708,0.1993128359,1
623,1185,-0.5192942619,0.2011533082,1
623,1217,-0.3323773742,-0.1826947927,1
623,1249,-0.2944406271,0.7607986331,1
623,1281,-0.6699112654,1.247099876,1
623,1313,-1.149122477,1.313430548,1
623,1345,-0.722884655,2.37600255,1
623,1377,0.1775645018,-0.05760860443,1
623,1409,-0.8981543779,0.07031047344,1
623,1441,NaN,NaN,2
623,1473,-1.638601422,0.6264772415,1
623,1505,-1.71327889,1.128600836,1
623,1537,-1.6980654,-0.1193374395,1
623,1569,-1.224403381,-0.2378171682,1
623,1601,NaN,NaN,0
623,1633,NaN,NaN,0
623,1665,NaN,NaN,0
623,1697,NaN,NaN,0
623,1729,NaN,NaN,0
623,1761,NaN,NaN,0
623,1793,NaN,NaN,0
623,1825,NaN,NaN,0
623,1857,NaN,NaN,0
623,1889,NaN,NaN,0
623,1921,NaN,NaN,0
623,1953,NaN,NaN,0
623,1985,NaN,NaN,0
623,2017,NaN,NaN,0
655,33,NaN,NaN,0
655,65,NaN,NaN,0
655,97,NaN,NaN,0
655,129,NaN,NaN,0
655,161,-0.2759483159,2.659787416,1
655,193,-0.2450439334,3.022628784,1
655,225,-0.4866763949,3.234472513,1
655,257,-1.058791637,3.018122673,1
655,289,-0.7450523376,2.550976753,1
655,321,-0.6469159722,1.08208549,1
655,353,-0.5051996708,0.4201233387,1
655,385,0.1443166733,0.6346006989,1
655,417,0.3791419864,0.7198055983,1
655,449,-0.6892554164,-0.7306275964,1
655,481,-1.547087669,0.3713300228,1
655,513,-1.502626181,2.832383633,1
655,545,-1.424124479,1.495600462,1
655,577,-1.303371429,0.5753091574,1
655,609,-0.6058537364,0.08682656288,1
655,641,0.09568738937,0.5501479506,1
655,673,-0.01400795579,-0.282281965,1
655,705,-0.3755995929,-0.6997141838,1
655,737,-0.4363469481,-0.4298203886,1
655,769,-0.4272448421,-0.4133988917,1
655,801,-0.7749525309,-1.088836074,1
655,833,-3.157099724,0.3217753768,1
655,865,-2.811257362,1.788909435,1
655,897,-2.73393321,2.279494762,1
655,929,-2.839159727,1.151303768,1
655,961,-1.171659231,0.9113503695,1
655,993,-1.280902743,0.9028334618,1
655,1025,-1.490820646,1.708334208,1
655,1057,-0.7535282373,1.174163222,1
655,1089,-0.4033060074,0.126424849,1
655,1121,-0.3431188762,0.6514247656,1
655,1153,-0.3644833565,0.6544964314,1
655,1185,-0.8556996584,0.481300354,1
655,1217,-0.8699902892,0.5161697268,1
655,1249,-0.3653784096,0.7646541595,1
655,1281,-0.8971043229,1.103845,1
655,1313,-1.481669068,1.405895472,1
655,1345,-1.746635437,1.196361184,1
655,1377,-1.783878446,-0.1704721451,1
655,1409,-1.595824957,1.072832704,1
655,1441,NaN,NaN,2
655,1473,-2.034302711,-1.937132597,1
655,1505,-1.235085845,1.718982697,1
655,1537,-0.8411164284,-0.2984083891,1
655,1569,-0.9522742033,0.5268042088,1
655,1601,-1.308884859,0.2648231387,1
655,1633,NaN,NaN,0
655,1665,NaN,NaN,0
655,1697,NaN,NaN,0
655,1729,NaN,NaN,0
655,1761,NaN,NaN,0
655,1793,NaN,NaN,0
655,1825,NaN,NaN,0
655,1857,NaN,NaN,0
655,1889,NaN,NaN,0
655,1921,NaN,NaN,0
655,1953,NaN,NaN,0
655,1985,NaN,NaN,0
655,2017,NaN,NaN,0
687,33,NaN,NaN,0
687,65,NaN,NaN,0
687,97,NaN,NaN,0
687,129,NaN,NaN,0
687,161,-1.561521053,1.674416065,1
687,193,-1.098775625,3.434029818,1
687,225,-0.8438361287,3.497290134,1
687,257,-0.2264308333,3.264915466,1
687,289,0.3310549259,2.634112358,1
687,321,-0.6611772776,0.9238448739,1
687,353,-0.7442377806,0.3854276538,1
687,385,-0.4049742222,0.4896027446,1
687,417,-0.321351409,0.3750119805,1
687,449,-0.6098348498,-2.50819087,1
687,481,-1.485727429,0.588694334,1
687,513,-2.346924782,0.9189011455,1
687,545,-1.451795101,0.9021981359,1
687,577,-1.372664213,0.2769935727,1
687,609,-1.276232243,-0.1204587817,1
687,641,0.4798923731,0.135485515,1
687,673,0.1532044411,-0.4954220057,1
687,705,-1.582964897,-0.6080697775,1
687,737,-0.7992783189,-1.366993546,1
687,769,-0.4455983639,-0.1757669747,1
687,801,-0.2700163722,-0.2408934832,1
687,833,-0.8347976804,0.3581787348,1
687,865,-3.374025345,2.8026824,1
687,897,-2.773889542,1.780745745,1
687,929,-3.287927866,1.18471849,1
687,961,-1.886124969,0.8840681911,1
687,993,-0.4174999595,1.268845558,1
687,1025,-0.8308852911,2.002175331,1
687,1057,-0.04221409559,2.157577991,1
687,1089,0.1999420226,1.158842087,1
687,1121,-0.3546839952,0.7799780965,1
687,1153,0.1425713301,1.067097425,1
687,1185,-0.2190192342,0.5470508337,1
687,1217,-0.1914911568,-0.07229804993,1
687,1249,0.2370750606,0.7716201544,1
687,1281,0.04996937513,0.5855367184,1
687,1313,-1.009939671,0.947511673,1
687,1345,-2.218250513,0.7313057184,1
687,1377,-2.14982748,0.4956113696,1
687,1409,-1.860168576,0.5836642981,1
687,1441,-1.098616719,-0.5756065845,1
687,1473,-0.7553501129,0.2010144889,1
687,1505,-1.029515505,0.4999687672,1
687,1537,-1.577887416,0.5398913622,1
687,1569,-0.8428166509,0.4133864641,1
687,1601,-0.4298202991,-0.1665348113,1
687,1633,NaN,NaN,0
687,1665,NaN,NaN,0
687,1697,NaN,NaN,0
687,1729,NaN,NaN,0
687,1761,NaN,NaN,0
687,1793,NaN,NaN,0
687,1825,NaN,NaN,0
687,1857,NaN,NaN,0
687,1889,NaN,NaN,0
687,1921,NaN,NaN,0
687,1953,NaN,NaN,0
687,1985,NaN,NaN,0
687,2017,NaN,NaN,0
719,33,NaN,NaN,0
719,65,NaN,NaN,0
719,97,NaN,NaN,0
719,129,NaN,NaN,0
719,161,-2.356243134,1.201510906,1
719,193,-1.195033669,2.701497316,1
719,225,-0.7136999965,2.879602194,1
719,257,-0.108014524,2.646669388,1
719,289,0.5886313915,1.44422102,1
719,321,-1.098372459,0.8862109184,1
719,353,-1.175830841,0.5424534082,1
719,385,-0.8604152203,0.4476177692,1
719,417,-0.6102235913,0.0780646801,1
719,449,0.06765389442,-0.9772208929,1
719,481,-0.8383207321,0.04271936417,1
719,513,-1.679980636,0.8161468506,1
719,545,-1.461503267,0.7967073321,1
719,577,-1.448428392,0.2073591948,1
719,609,-1.712285519,0.04252323508,1
719,641,-1.679332972,0.09147955477,1
719,673,-0.4798868895,0.4978453815,1
719,705,-1.193653584,1.953591824,1
719,737,-1.268886805,0.2196299732,1
719,769,-0.3945834637,0.2082698345,1
719,801,0.0883333683,0.6349790096,1
719,833,0.1316962242,0.7539275289,1
719,865,-0.5341145396,1.129556537,1
719,897,-0.6054259539,0.6327428818,1
719,929,-0.9108940363,0.1276715994,1
719,961,-0.3676493168,0.05639362335,1
719,993,0.4958329797,0.2427110672,1
719,1025,0.02963227034,0.5893346071,1
719,1057,0.3153034449,0.6138876677,1
719,1089,0.50078547,1.044368505,1
719,1121,-0.191016674,1.212241888,1
719,1153,-0.8533617258,1.096271157,1
719,1185,-0.7755186558,0.288371563,1
719,1217,-0.4268927872,0.6887915134,1
719,1249,0.8617634177,0.3962843418,1
719,1281,0.3971256912,0.3602867126,1
719,1313,-0.3731529713,0.593223691,1
719,1345,-1.35678339,0.7705451846,1
719,1377,-1.956570148,0.9444000721,1
719,1409,-2.202123404,0.433411777,1
719,1441,-2.112692595,-0.3685072064,1
719,1473,NaN,NaN,2
719,1505,-0.2459863424,0.3341261744,1
719,1537,-0.4708351493,-0.2524413466,1
719,1569,-0.2433895469,0.1665071547,1
719,1601,0.145852834,-0.2984878123,1
719,1633,NaN,NaN,0
719,1665,NaN,NaN,0
719,1697,NaN,NaN,0
719,1729,NaN,NaN,0
719,1761,NaN,NaN,0
719,1793,NaN,NaN,0
719,1825,NaN,NaN,0
719,1857,NaN,NaN,0
719,1889,NaN,NaN,0
719,1921,NaN,NaN,0
719,1953,NaN,NaN,0
719,1985,NaN,NaN,0
719,2017,NaN,NaN,0
751,33,NaN,NaN,0
751,65,NaN,NaN,0
751,97,NaN,NaN,0
751,129,NaN,NaN,0
751,161,-0.5134914517,0.77896595,1
751,193,-1.032445788,1.71748805,1
751,225,-0.6889307499,2.143215656,1
751,257,-0.5769317746,1.63561511,1
751,289,0.1088650823,1.522583485,1
751,321,-1.351879835,1.514558911,1
751,353,-2.285578728,1.533951521,1
751,385,-1.989065647,0.7321754694,1
751,417,-0.1673001051,0.4052729607,1
751,449,-1.718169928,2.072684765,1
751,481,-1.993976831,1.104517698,1
751,513,-0.9989480972,0.6612137556,1
751,545,-0.8795722723,0.790902257,1
751,577,-1.378057241,0.4477018118,1
751,609,NaN,NaN,2
751,641,NaN,NaN,2
751,673,-2.667121887,1.148051023,1
751,705,-1.304691076,0.3167703152,1
751,737,-0.4234234095,0.2316769958,1
751,769,-0.5865801573,0.4830084443,1
751,801,0.4231758416,0.8460701108,1
751,833,0.5131008625,0.9601931572,1
751,865,-0.03914678097,0.6064186096,1
751,897,-0.3649826646,1.098263264,1
751,929,-0.3643159568,1.877057076,1
751,961,0.7253718972,0.9223540425,1
751,993,1.932053447,-1.076395035,1
751,1025,0.6690858603,0.1801456213,1
751,1057,0.9643951654,0.3512475491,1
751,1089,1.243255019,0.4965844154,1
751,1121,0.406046927,0.8100469112,1
751,1153,-1.649677038,0.9852297902,1
751,1185,-1.886014223,0.6642767191,1
751,1217,-1.037558556,0.8322800398,1
751,1249,1.291435361,-0.6503902674,1
751,1281,0.9400236011,0.4405958056,1
751,1313,0.8429098129,0.6966658831,1
751,1345,0.07254445553,0.1341459751,1
751,1377,-1.263871908,1.072610736,1
751,1409,-1.766059756,1.046221018,1
751,1441,-2.10179615,1.32617867,1
751,1473,-2.078108549,1.201081276,1
751,1505,0.6925259233,1.025274396,1
751,1537,0.7748147845,0.7431005239,1
751,1569,0.5540450811,0.2322010845,1
751,1601,0.162708953,-0.4901593328,1
751,1633,0.2072486877,-0.1144634485,1
751,1665,NaN,NaN,0
751,1697,NaN,NaN,0
751,1729,NaN,NaN,0
751,1761,NaN,NaN,0
751,1793,NaN,NaN,0
751,1825,NaN,NaN,0
751,1857,NaN,NaN,0
751,1889,NaN,NaN,0
751,1921,NaN,NaN,0
751,1953,NaN,NaN,0
751,1985,NaN,NaN,0
751,2017,NaN,NaN,0
783,33,NaN,NaN,0
783,65,NaN,NaN,0
783,97,NaN,NaN,0
783,129,NaN,NaN,0
783,161,0.7078316212,1.212513447,1
783,193,0.02242195606,1.508865714,1
783,225,-0.5165640712,1.434565187,1
783,257,-0.8189695477,1.475122571,1
783,289,-1.036218882,1.688797951,1
783,321,-1.619880438,1.809350491,1
783,353,-4.029138565,3.446463346,1
783,385,-2.567115545,1.582387686,1
783,417,-0.9811569452,1.363906384,1
783,449,-0.3086456656,1.284772873,1
783,481,-0.5537438393,0.5977201462,1
783,513,0.4054499865,0.4873113632,1
783,545,-0.156883359,0.8357931376,1
783,577,-0.9918966889,0.8305223584,1
783,609,-1.060990572,0.7096806765,1
783,641,-1.397398591,0.5056957006,1
783,673,-2.085392952,-0.2103025615,1
783,705,-1.215670109,-0.3130571842,1
783,737,-0.07728230953,0.4528162479,1
783,769,0.5705590844,0.1928987503,1
783,801,0.3475219607,0.4340438247,1
783,833,0.4990946054,0.7754328251,1
783,865,0.2719274759,0.6179845333,1
783,897,0.1030356288,1.287850857,1
783,929,-0.1549527049,2.615465641,1
783,961,0.2794325352,1.116828442,1
783,993,0.5688713193,0.5302639008,1
783,1025,0.771058917,0.6533816457,1
783,1057,0.1120523214,0.7651907802,1
783,1089,-0.1758525819,0.5297552347,1
783,1121,-0.2583740056,0.5821068287,1
783,1153,-0.8366477489,0.5313841105,1
783,1185,-1.119331121,1.461129904,1
783,1217,-1.11526227,1.624712229,1
783,1249,-0.002449572086,0.6184740067,1
783,1281,0.3616908491,0.08645123243,1
783,1313,0.3792369068,0.699303031,1
783,1345,NaN,NaN,2
783,1377,NaN,NaN,2
783,1409,-0.5077528954,1.048785925,1
783,1441,-0.882474184,1.825984955,1
783,1473,-1.079152822,1.388067245,1
783,1505,0.7011336684,1.482543707,1
783,1537,0.1618854702,0.8846536875,1
783,1569,-0.5131349564,0.06561511755,1
783,1601,-0.4332183897,-0.9663075209,1
783,1633,-0.2879380286,-1.118126392,1
783,1665,NaN,NaN,0
783,1697,NaN,NaN,0
783,1729,NaN,NaN,0
783,1761,NaN,NaN,0
783,1793,NaN,NaN,0
783,1825,NaN,NaN,0
783,1857,NaN,NaN,0
783,1889,NaN,NaN,0
783,1921,NaN,NaN,0
783,1953,NaN,NaN,0
783,1985,NaN,NaN,0
783,2017,NaN,NaN,0
815,33,NaN,NaN,0
815,65,NaN,NaN,0
815,97,NaN,NaN,0
815,129,NaN,NaN,0
815,161,0.186252296,1.947222233,1
815,193,0.02003651857,2.640169382,1
815,225,-0.573425293,1.279031157,1
815,257,-0.4422603846,1.044011712,1
815,289,-1.038610697,1.179777265,1
815,321,-1.844603896,1.514597058,1
815,353,-3.108279228,1.833754778,1
815,385,-2.425461054,2.514416933,1
815,417,-1.420002937,3.178188324,1
815,449,0.7377547026,0.9494165182,1
815,481,1.195510745,0.4962192178,1
815,513,0.8782712221,0.331315577,1
815,545,-0.083179757,0.5604209304,1
815,577,-1.345040798,0.87946105,1
815,609,-0.3303238153,1.17385447,1
815,641,-0.9354269505,-0.4734372199,1
815,673,-1.110153079,-1.763058186,1
815,705,-0.3054400086,-0.1732660234,1
815,737,0.16055879,0.6441831589,1
815,769,0.8096679449,0.7108180523,1
815,801,1.16873157,0.9927291274,1
815,833,0.3015437424,0.712397635,1
815,865,0.2179565728,0.7135754228,1
815,897,0.2910981774,1.385043859,1
815,929,0.3731283247,1.699658632,1
815,961,0.1112948358,0.890443325,1
815,993,-0.279951781,0.641174376,1
815,1025,-0.323573947,0.8594894409,1
815,1057,-0.4331762791,1.48484993,1
815,1089,-0.5202680826,0.6722327471,1
815,1121,-0.2508360445,0.4190095067,1
815,1153,-0.3437583447,0.1003777385,1
815,1185,-0.76126194,1.228288889,1
815,1217,-0.960749805,1.419257641,1
815,1249,-0.8357688785,0.6963979602,1
815,1281,-0.2733948529,0.3602007627,1
815,1313,1.120872736,0.4091871679,1
815,1345,0.4176162481,0.5794839859,1
815,1377,0.04159875214,0.5375924706,1
815,1409,-0.004423767328,1.05315733,1
815,1441,-0.005534082651,1.24039948,1
815,1473,-0.1043561548,1.241243005,1
815,1505,0.1567622572,2.099060059,1
815,1537,-0.3058204055,0.3101868629,1
815,1569,NaN,NaN,2
815,1601,-0.6832911372,-1.235309958,1
815,1633,0.03114138544,-1.782418728,1
815,1665,NaN,NaN,0
815,1697,NaN,NaN,0
815,1729,NaN,NaN,0
815,1761,NaN,NaN,0
815,1793,NaN,NaN,0
815,1825,NaN,NaN,0
815,1857,NaN,NaN,0
815,1889,NaN,NaN,0
815,1921,NaN,NaN,0
815,1953,NaN,NaN,0
815,1985,NaN,NaN,0
815,2017,NaN,NaN,0
847,33,NaN,NaN,0
847,65,NaN,NaN,0
847,97,NaN,NaN,0
847,129,-0.1849648356,1.705599546,1
847,161,-0.1644079685,2.02528286,1
847,193,-0.01595962048,1.606238008,1
847,225,0.186832428,1.134782076,1
847,257,-0.6531927586,0.7416161895,1
847,289,-1.551929355,0.6411669254,1
847,321,-1.860818863,1.208330393,1
847,353,-1.937823534,1.710196733,1
847,385,-2.485985279,3.011689186,1
847,417,-1.718109846,3.335472107,1
847,449,-1.269467831,1.050801516,1
847,481,-1.373621225,0.530598104,1
847,513,-0.1944705546,0.3686711788,1
847,545,-0.03284740448,0.1605283022,1
847,577,-1.080959797,0.1940690577,1
847,609,NaN,NaN,2
847,641,-0.104513526,-1.26203692,1
847,673,-0.2667831779,-0.9770511389,1
847,705,0.1807803512,-0.06651127338,1
847,737,0.4408586025,0.3411108851,1
847,769,0.4471407533,0.7595217228,1
847,801,0.2546739578,1.074244738,1
847,833,-0.4152792096,0.4446323514,1
847,865,-0.03976422548,0.2651961446,1
847,897,NaN,NaN,2
847,929,0.5397536755,1.060669661,1
847,961,0.003443077207,0.5712524652,1
847,993,-0.4231958091,0.2542128563,1
847,1025,-0.6750844717,0.1852912903,1
847,1057,-0.5222863555,0.3560853601,1
847,1089,-0.5514382124,0.4058597684,1
847,1121,-0.6656223536,0.1553045511,1
847,1153,-0.7834032178,0.02578306198,1
847,1185,-0.5017907619,1.005141973,1
847,1217,-0.4835588932,0.9445857406,1
847,1249,-0.4379984736,0.7014243007,1
847,1281,0.5189589262,0.3631007373,1
847,1313,1.231761336,0.4103204608,1
847,1345,0.8284195662,0.4445333481,1
847,1377,0.3007400036,0.6059439182,1
847,1409,0.2510398626,1.085106015,1
847,1441,0.4764904678,1.498540044,1
847,1473,-0.130230546,1.258994818,1
847,1505,-0.1405383348,1.791949391,1
847,1537,-0.9769109488,-0.187743187,1
847,1569,-1.089978099,-0.7346951365,1
847,1601,0.0249338001,-1.183819056,1
847,1633,0.7040250897,-1.383916378,1
847,1665,NaN,NaN,0
847,1697,NaN,NaN,0
847,1729,NaN,NaN,0
847,1761,NaN,NaN,0
847,1793,NaN,NaN,0
847,1825,NaN,NaN,0
847,1857,NaN,NaN,0
847,1889,NaN,NaN,0
847,1921,NaN,NaN,0
847,1953,NaN,NaN,0
847,1985,NaN,NaN,0
847,2017,NaN,NaN,0
879,33,NaN,NaN,0
879,65,NaN,NaN,0
879,97,NaN,NaN,0
879,129,-0.8904598355,1.551384211,1
879,161,-0.5278796554,1.944979548,1
879,193,-1.293691993,1.060310841,1
879,225,-1.459024668,1.180609226,1
879,257,-1.401687622,0.7451583147,1
879,289,-1.801165342,0.5945519209,1
879,321,-2.024272203,0.8356720805,1
879,353,-2.267764091,1.216690898,1
879,385,-2.461057663,1.35797596,1
879,417,-1.759312391,1.368884325,1
879,449,-1.131210804,0.9755657911,1
879,481,-0.6501814723,0.5264217257,1
879,513,-0.345395565,0.6757203937,1
879,545,0.2728915811,-0.000748693943,1
879,577,0.05356481671,0.01458010077,1
879,609,0.1501153409,0.293880254,1
879,641,0.4388752282,-0.4023751616,1
879,673,-0.3955195248,0.1622197926,1
879,705,-0.6711541414,-0.02087706327,1
879,737,0.5083007216,-0.1188034564,1
879,769,0.5122356415,0.3794420958,1
879,801,0.08567796648,0.4410242438,1
879,833,-0.6446222067,0.03865247965,1
879,865,0.4588414431,-0.4442620277,1
879,897,0.3639324307,0.4209004045,1
879,929,0.5030828714,0.03126019239,1
879,961,0.5001671314,0.2397387028,1
879,993,0.1454627812,0.0558308363,1
879,1025,0.06191673875,0.1703735888,1
879,1057,-0.305270344,0.1529744864,1
879,1089,-0.4019756615,0.1056800559,1
879,1121,-0.4916769266,0.01344643533,1
879,1153,-0.6878601909,0.4468127787,1
879,1185,-0.3374062777,0.8597899675,1
879,1217,-0.1112916023,0.8458732963,1
879,1249,0.04999992996,0.8086504936,1
879,1281,0.891879797,0.4864850044,1
879,1313,0.797123909,-0.003347069025,1
879,1345,0.307618022,0.40149194,1
879,1377,0.04048673809,0.5804359913,1
879,1409,-0.2566819787,0.9056184888,1
879,1441,-0.2541898191,1.162162781,1
879,1473,-1.339616299,1.05451417,1
879,1505,-1.73925662,1.429987431,1
879,1537,-1.213555694,0.2075641453,1
879,1569,-0.6239429712,-0.3491406441,1
879,1601,1.164373279,-0.6534167528,1
879,1633,1.870032549,-0.4810174108,1
879,1665,NaN,NaN,0
879,1697,NaN,NaN,0
879,1729,NaN,NaN,0
879,1761,NaN,NaN,0
879,1793,NaN,NaN,0
879,1825,NaN,NaN,0
879,1857,NaN,NaN,0
879,1889,NaN,NaN,0
879,1921,NaN,NaN,0
879,1953,NaN,NaN,0
879,1985,NaN,NaN,0
879,2017,NaN,NaN,0
911,33,NaN,NaN,0
911,65,NaN,NaN,0
911,97,NaN,NaN,0
911,129,-0.5288392901,2.039761066,1
911,161,-0.1577626467,1.628352165,1
911,193,-1.044590473,0.5909838676,1
911,225,-2.995060921,0.2915347219,1
911,257,-3.290721893,0.7188202143,1
911,289,-1.404715061,1.011057734,1
911,321,-2.005832195,0.7301377058,1
911,353,-2.759541988,0.6961386204,1
911,385,-2.958030939,0.6670814157,1
911,417,-1.908041477,0.6293506026,1
911,449,-1.67218852,1.007983208,1
911,481,-0.5600194335,0.4726960659,1
911,513,-0.08579847217,0.6038154364,1
911,545,0.4764701426,-0.01289060712,1
911,577,0.3963236809,0.1892920732,1
911,609,0.3454411924,0.2755237818,1
911,641,1.574854493,-0.4287837148,1
911,673,-0.3102996945,-0.4484590292,1
911,705,-0.8259180188,0.2925003767,1
911,737,-0.5566203594,-0.3775331378,1
911,769,0.1400764138,-0.4960178137,1
911,801,0.6440973282,-0.1830774248,1
911,833,0.5027834773,-0.4634642601,1
911,865,0.9483526945,0.1507076323,1
911,897,0.955264926,0.3720677495,1
911,929,0.9852292538,-0.06877279282,1
911,961,1.440871835,0.04980650544,1
911,993,0.3945692182,-0.0905829668,1
911,1025,-0.2106475383,0.226866737,1
911,1057,-0.2382369339,0.1849944592,1
911,1089,-0.2446970344,-0.02994196117,1
911,1121,-0.2871807218,-0.02237039804,1
911,1153,-0.2890380621,0.2736745477,1
911,1185,-0.3903608918,0.8362751603,1
911,1217,-0.2081568837,0.994427681,1
911,1249,0.1112960875,0.6809918284,1
911,1281,0.5360905528,0.3209054768,1
911,1313,0.4497113824,-0.09116834402,1
911,1345,-0.7477064133,-0.4356106222,1
911,1377,-0.4363405704,0.0343555212,1
911,1409,-0.9429141283,0.6379793882,1
911,1441,-1.604945064,0.7139990926,1
911,1473,-1.487319946,0.5972107649,1
911,1505,-1.376219034,0.8599041104,1
911,1537,-0.7644674182,0.3735664487,1
911,1569,-0.4310939908,0.2495363653,1
911,1601,0.005142092705,0.3059335351,1
911,1633,1.316651344,0.26768291,1
911,1665,NaN,NaN,0
911,1697,NaN,NaN,0
911,1729,NaN,NaN,0
911,1761,NaN,NaN,0
911,1793,NaN,NaN,0
911,1825,NaN,NaN,0
911,1857,NaN,NaN,0
911,1889,NaN,NaN,0
911,1921,NaN,NaN,0
911,1953,NaN,NaN,0
911,1985,NaN,NaN,0
911,2017,NaN,NaN,0
943,33,NaN,NaN,0
943,65,NaN,NaN,0
943,97,NaN,NaN,0
943,129,-0.7537455559,2.174386263,1
943,161,-0.5707252622,0.8924426436,1
943,193,-0.3895905018,-0.0794083178,1
943,225,-0.6521740556,-0.8074480891,1
943,257,-1.965554833,-0.2673388124,1
943,289,-0.5723902583,1.010472178,1
943,321,-1.780129075,0.8371568322,1
943,353,-3.263492346,0.2100580931,1
943,385,-1.837079763,0.4228596687,1
943,417,-1.476086855,0.06058552861,1
943,449,-1.103459954,-0.1735107005,1
943,481,-0.7401646972,0.1627555639,1
943,513,-0.4334713221,0.0847312808,1
943,545,-0.01034857705,-0.00625897944,1
943,577,0.6598887444,-0.3287908137,1
943,609,0.1143844277,-0.6008580327,1
943,641,NaN,NaN,2
943,673,-0.834512651,-0.5654424429,1
943,705,-1.057240844,0.5669122934,1
943,737,-0.7498134971,-1.152325034,1
943,769,-0.4315054417,-1.177072525,1
943,801,0.03938056529,-1.290735841,1
943,833,0.7614281178,0.2271033973,1
943,865,1.408734202,-0.02290822566,1
943,897,1.417505026,0.08125963807,1
943,929,0.7877756953,-0.4062624276,1
943,961,0.4833425581,-0.02064430714,1
943,993,-0.04762327671,-0.3866271377,1
943,1025,-0.3875955343,0.1445097327,1
943,1057,-0.3305478096,0.2055151761,1
943,1089,-0.3389160037,-0.0671762228,1
943,1121,-0.3266561627,0.04030434787,1
943,1153,-0.2148305774,0.2018837333,1
943,1185,-0.1621731073,0.2842424214,1
943,1217,0.08870194852,-0.2192403376,1
943,1249,0.2431931496,-0.4820005596,1
943,1281,-0.007032632828,-0.04652994871,1
943,1313,0.4665440023,0.296781987,1
943,1345,0.1362792253,0.02996520698,1
943,1377,-0.280623138,-0.7441974878,1
943,1409,-0.1102234125,0.3093007207,1
943,1441,-0.7617211342,0.6298089027,1
943,1473,-0.8957241178,0.2355475724,1
943,1505,-0.4322729707,0.07665985823,1
943,1537,-0.1169272661,0.8574469686,1
943,1569,-0.4677602053,1.659833789,1
943,1601,-0.835231781,1.013599753,1
943,1633,-1.84709537,1.208098412,1
943,1665,NaN,NaN,0
943,1697,NaN,NaN,0
943,1729,NaN,NaN,0
943,1761,NaN,NaN,0
943,1793,NaN,NaN,0
943,1825,NaN,NaN,0
943,1857,NaN,NaN,0
943,1889,NaN,NaN,0
943,1921,NaN,NaN,0
943,1953,NaN,NaN,0
943,1985,NaN,NaN,0
943,2017,NaN,NaN,0
975,33,NaN,NaN,0
975,65,NaN,NaN,0
975,97,NaN,NaN,0
975,129,-0.6236537695,0.2053027153,1
975,161,NaN,NaN,2
975,193,-0.5793940425,0.1190758944,1
975,225,-0.2083244324,0.1002795547,1
975,257,-0.4978989959,0.3222154975,1
975,289,-0.5510870218,1.474161506,1
975,321,-0.5343352556,0.3683713377,1
975,353,-0.8379600048,-0.4869794846,1
975,385,0.08282124996,-0.1643833816,1
975,417,0.1271022558,-0.1277598739,1
975,449,-0.1636556387,-0.4425546229,1
975,481,-0.4334451854,-0.8820329905,1
975,513,-0.2585957348,-0.9157408476,1
975,545,-0.224668026,0.2221190333,1
975,577,0.2751618922,0.1514560878,1
975,609,-0.000926733017,-0.8211886883,1
975,641,-0.7114830017,-1.126165748,1
975,673,-0.9348248243,-0.9883070588,1
975,705,-1.189842463,-0.5873394608,1
975,737,-0.6138065457,-0.9524717331,1
975,769,-0.009168922901,-0.6274756193,1
975,801,-0.2536945343,-0.2738189697,1
975,833,0.221062839,-0.1392978579,1
975,865,2.050536394,-0.4268656969,1
975,897,0.9405966401,-0.572900176,1
975,929,0.3537974954,-0.8970134854,1
975,961,0.4630574286,-0.2702628076,1
975,993,-0.2806033194,-0.1201658696,1
975,1025,-0.5279915333,0.1049307287,1
975,1057,-0.6165314913,0.2141997218,1
975,1089,-0.7483568192,0.1461654305,1
975,1121,-0.7120104432,0.02850435674,1
975,1153,-0.3303812742,0.1756931543,1
975,1185,0.2978782058,0.1433637142,1
975,1217,1.182503343,-0.08752124012,1
975,1249,0.5954004526,-0.4681678414,1
975,1281,0.09207522869,0.0009133256972,1
975,1313,0.3531831801,0.1092087775,1
975,1345,0.5829694867,-0.1338200867,1
975,1377,0.2938302755,-0.1826431453,1
975,1409,0.3473092914,0.2723940015,1
975,1441,-0.672200799,-0.03337168694,1
975,1473,-1.177296281,-0.515978694,1
975,1505,-0.5470020771,-0.3336061239,1
975,1537,0.06295153499,0.2844337523,1
975,1569,-0.1314987242,0.2098463178,1
975,1601,0.003317818046,0.3264429569,1
975,1633,NaN,NaN,0
975,1665,NaN,NaN,0
975,1697,NaN,NaN,0
975,1729,NaN,NaN,0
975,1761,NaN,NaN,0
975,1793,NaN,NaN,0
975,1825,NaN,NaN,0
975,1857,NaN,NaN,0
975,1889,NaN,NaN,0
975,1921,NaN,NaN,0
975,1953,NaN,NaN,0
975,1985,NaN,NaN,0
975,2017,NaN,NaN,0
1007,33,NaN,NaN,0
1007,65,NaN,NaN,0
1007,97,NaN,NaN,0
1007,129,-0.413595438,0.3653622866,1
1007,161,-0.5347460508,0.17577824,1
1007,193,-0.6124978065,0.07543125749,1
1007,225,-0.1802532971,0.4168114066,1
1007,257,0.1871060431,1.052602291,1
1007,289,-0.1505717635,0.5969077349,1
1007,321,-0.5583106875,0.02038323879,1
1007,353,-1.041281939,-0.4616303444,1
1007,385,-0.367282033,-0.8036906719,1
1007,417,-0.453333497,-1.366488934,1
1007,449,-0.3822776675,-0.7388036251,1
1007,481,-0.05583697557,-1.214146376,1
1007,513,-0.02868057787,-1.365411997,1
1007,545,1.300755262,0.7519774437,1
1007,577,2.121034145,0.4389708936,1
1007,609,0.5419453382,-0.8345395923,1
1007,641,-0.09363174438,-1.208413363,1
1007,673,-0.4933787584,-1.420663118,1
1007,705,-0.9579795003,-0.4399122596,1
1007,737,-0.6733618975,0.01853272319,1
1007,769,-0.1245514452,-0.08472564816,1
1007,801,-0.07141126692,-0.3607114553,1
1007,833,-1.812486172,-0.1385264099,1
1007,865,0.1090503037,-1.168866634,1
1007,897,-0.1489692181,-0.693880558,1
1007,929,0.08469176292,-0.7490078211,1
1007,961,0.4977411628,-0.3430204391,1
1007,993,-0.7853311896,-0.05194103345,1
1007,1025,-0.9725410342,0.161999464,1
1007,1057,-0.8644108772,0.2428102791,1
1007,1089,-0.5815666914,0.3400052786,1
1007,1121,-0.4978288412,0.2212963551,1
1007,1153,-0.3174636066,0.1668455005,1
1007,1185,0.3039197028,0.0283678174,1
1007,1217,0.6580498219,0.2424444258,1
1007,1249,0.7243577242,0.1030907482,1
1007,1281,0.5063611269,0.3401355445,1
1007,1313,-0.2698794901,0.1937820911,1
1007,1345,0.2815555632,-0.4993053675,1
1007,1377,0.428319335,-0.07572443038,1
1007,1409,0.1098309308,0.2887206972,1
1007,1441,-0.4275692105,-0.2427592874,1
1007,1473,-0.2855751514,-0.587185204,1
1007,1505,-0.1497334689,-0.5313649178,1
1007,1537,0.1140861288,-0.4491029382,1
1007,1569,0.4138145447,-0.9051517248,1
1007,1601,0.6290521026,-0.3069474995,1
1007,1633,NaN,NaN,0
1007,1665,NaN,NaN,0
1007,1697,NaN,NaN,0
1007,1729,NaN,NaN,0
1007,1761,NaN,NaN,0
1007,1793,NaN,NaN,0
1007,1825,NaN,NaN,0
1007,1857,NaN,NaN,0
1007,1889,NaN,NaN,0
1007,1921,NaN,NaN,0
1007,1953,NaN,NaN,0
1007,1985,NaN,NaN,0
1007,2017,NaN,NaN,0
1039,33,NaN,NaN,0
1039,65,NaN,NaN,0
1039,97,NaN,NaN,0
1039,129,-0.1832479239,0.5008814335,1
1039,161,-0.7656773329,-0.1557457447,1
1039,193,-0.860922575,-0.3087832928,1
1039,225,-0.5964787602,0.3420323431,1
1039,257,-0.0645005703,0.8565514088,1
1039,289,-0.1011630595,0.3177565336,1
1039,321,-0.4628777206,-0.07234303653,1
1039,353,-1.366051316,-0.12392658,1
1039,385,-1.408921242,-0.3631459773,1
1039,417,-0.57708323,-0.9689588547,1
1039,449,-0.9467786551,-1.213835001,1
1039,481,-0.317191571,-1.150124907,1
1039,513,-0.2246095836,-1.350679278,1
1039,545,0.9249554276,-0.3477583528,1
1039,577,2.614042997,-0.5734321475,1
1039,609,0.7414575815,-0.8219136,1
1039,641,-0.626229763,-0.6933962107,1
1039,673,-0.8170493841,-0.6205873489,1
1039,705,-0.6378452182,-0.1999235153,1
1039,737,-0.4824988246,0.2141698003,1
1039,769,-0.1806920767,0.02419683337,1
1039,801,0.2594570518,-0.3720695972,1
1039,833,-0.16830194,-0.4960770011,1
1039,865,-0.1872809678,-0.7349371314,1
1039,897,-0.2239517421,-0.7811165452,1
1039,929,0.4024889469,-0.8618276119,1
1039,961,0.3403482735,-0.3665409088,1
1039,993,-0.5788818598,-0.2074490786,1
1039,1025,-0.6527790427,0.2085551769,1
1039,1057,-0.6250029206,0.2712652683,1
1039,1089,-0.4793228507,0.5092900991,1
1039,1121,-0.2453057468,0.3982203305,1
1039,1153,-0.06445743144,0.2621319294,1
1039,1185,0.01157593727,0.01815226674,1
1039,1217,-0.6512534618,0.4236260056,1
1039,1249,0.9563618898,0.1678487509,1
1039,1281,1.687167645,0.2336283922,1
1039,1313,0.354180336,0.5618715286,1
1039,1345,-0.4836087227,0.2557159662,1
1039,1377,0.1442768872,-0.1240173131,1
1039,1409,0.09569173306,0.2729739845,1
1039,1441,-0.4432204068,0.1227367669,1
1039,1473,-0.01503533125,-0.2201242447,1
1039,1505,0.5989362001,-0.5721197724,1
1039,1537,0.3189356327,-0.434129715,1
1039,1569,NaN,NaN,2
1039,1601,0.4870477915,-0.5482776761,1
1039,1633,NaN,NaN,2
1039,1665,NaN,NaN,0
1039,1697,NaN,NaN,0
1039,1729,NaN,NaN,0
1039,1761,NaN,NaN,0
1039,1793,NaN,NaN,0
1039,1825,NaN,NaN,0
1039,1857,NaN,NaN,0
1039,1889,NaN,NaN,0
1039,1921,NaN,NaN,0
1039,1953,NaN,NaN,0
1039,1985,NaN,NaN,0
1039,2017,NaN,NaN,0
1071,33,NaN,NaN,0
1071,65,NaN,NaN,0
1071,97,NaN,NaN,0
1071,129,-0.1493857205,-0.5389071703,1
1071,161,-0.7396316528,-2.034268856,1
1071,193,-0.9380415082,-1.063777208,1
1071,225,-0.8744337559,-0.4422647953,1
1071,257,-0.2692611814,0.1110366136,1
1071,289,0.02945196629,0.4236403108,1
1071,321,-0.4442009926,0.2479850948,1
1071,353,-1.429539323,0.0422552675,1
1071,385,-1.260505676,1.050642729,1
1071,417,-0.2343862653,-0.2297913432,1
1071,449,-0.312490046,-0.611328721,1
1071,481,-0.01547645032,-0.9120736718,1
1071,513,0.1987375915,-1.102089047,1
1071,545,0.5692552924,-1.127872229,1
1071,577,1.056920528,-1.314912796,1
1071,609,1.56616807,-1.086545348,1
1071,641,-0.2872357965,-0.2194779515,1
1071,673,NaN,NaN,2
1071,705,-0.6282957792,-0.09578764439,1
1071,737,-0.3622645736,-0.7885252237,1
1071,769,-0.0669478029,-0.5317289233,1
1071,801,0.1841834784,-0.461474061,1
1071,833,-0.1368164271,-0.5557359457,1
1071,865,-0.2660033107,-0.5905182958,1
1071,897,0.05438958853,-0.7721669078,1
1071,929,0.05584626645,-0.7001280189,1
1071,961,-0.02469845861,-0.273997575,1
1071,993,-0.006962060928,-1.1056602,1
1071,1025,0.02681040764,-0.1279590726,1
1071,1057,-0.3356498778,0.09807518125,1
1071,1089,-0.1778336912,0.8889026642,1
1071,1121,-0.151019752,0.3796970248,1
1071,1153,-0.06806586683,-0.07131700218,1
1071,1185,0.3476330638,-0.09526342154,1
1071,1217,0.2768326402,-0.6697127819,1
1071,1249,0.643024683,0.2313193381,1
1071,1281,1.436851025,0.4856103957,1
1071,1313,1.310232401,1.009658456,1
1071,1345,0.1237592697,1.110559464,1
1071,1377,-0.1093125045,0.07396861911,1
1071,1409,-0.1652270555,0.1249983832,1
1071,1441,-0.2877940238,0.2879139185,1
1071,1473,0.3027732968,0.06517797709,1
1071,1505,1.787929773,0.5967128277,1
1071,1537,1.275987267,0.2089837193,1
1071,1569,0.5225991607,-0.05039079487,1
1071,1601,-0.4177517891,-0.6495002508,1
1071,1633,0.0252610743,-1.081354618,1
1071,1665,NaN,NaN,0
1071,1697,NaN,NaN,0
1071,1729,NaN,NaN,0
1071,1761,NaN,NaN,0
1071,1793,NaN,NaN,0
1071,1825,NaN,NaN,0
1071,1857,NaN,NaN,0
1071,1889,NaN,NaN,0
1071,1921,NaN,NaN,0
1071,1953,NaN,NaN,0
1071,1985,NaN,NaN,0
1071,2017,NaN,NaN,0
1103,33,NaN,NaN,0
1103,65,NaN,NaN,0
1103,97,NaN,NaN,0
1103,129,-1.195847869,-1.44205308,1
1103,161,-1.183637023,-3.265652895,1
1103,193,-1.187198758,-1.886536241,1
1103,225,-1.365636706,-1.311435461,1
1103,257,-0.3440526128,-0.4025823176,1
1103,289,0.3397428989,0.7845883369,1
1103,321,-0.3445738554,0.556219101,1
1103,353,-0.6039135456,0.4032588601,1
1103,385,0.146635443,-0.03077116609,1
1103,417,-0.05705602467,-0.4582667351,1
1103,449,-0.1870362759,-1.899786234,1
1103,481,0.5276142359,-0.8620080948,1
1103,513,0.5564061999,-1.494131565,1
1103,545,0.4352641702,-1.433942795,1
1103,577,0.2232863307,-0.9137791395,1
1103,609,0.5393558741,-0.6980288029,1
1103,641,0.004683434963,1.739193559,1
1103,673,-0.5304074287,3.699887753,1
1103,705,-0.5948168039,0.9924842119,1
1103,737,-0.3869717717,0.2666534781,1
1103,769,-0.2220821381,-0.5496577024,1
1103,801,-0.367462188,-0.4815003872,1
1103,833,0.09322806448,-0.2726019919,1
1103,865,0.07496605814,-0.2708785534,1
1103,897,-0.2650894523,-0.1906214952,1
1103,929,-0.09420651942,-0.4376369715,1
1103,961,0.4346726537,-0.3961858749,1
1103,993,0.01678857207,-0.653404355,1
1103,1025,-0.1544046402,-0.6484208107,1
1103,1057,-0.347543031,-0.226303637,1
1103,1089,-0.3169968724,0.3581848145,1
1103,1121,0.1124127805,0.3591478467,1
1103,1153,0.1059877574,0.260514617,1
1103,1185,0.08681890368,-0.06890004873,1
1103,1217,0.9016876221,-0.5769063234,1
1103,1249,0.9038350582,0.357994616,1
1103,1281,0.9661996365,0.9484854937,1
1103,1313,0.08026784658,1.122406006,1
1103,1345,-0.5361325741,1.263280392,1
1103,1377,-0.6624809504,0.9674143791,1
1103,1409,0.03203064203,0.01872487366,1
1103,1441,-0.04568468034,-0.291882515,1
1103,1473,0.4509625435,-0.03645908833,1
1103,1505,1.38287878,0.1119205356,1
1103,1537,1.130109549,0.37547943,1
1103,1569,-0.7309998274,0.4784914255,1
1103,1601,-1.285416603,0.4834163785,1
1103,1633,-0.8072410226,-0.1792958975,1
1103,1665,0.09485930204,-0.6071764827,1
1103,1697,NaN,NaN,0
1103,1729,NaN,NaN,0
1103,1761,NaN,NaN,0
1103,1793,NaN,NaN,0
1103,1825,NaN,NaN,0
1103,1857,NaN,NaN,0
1103,1889,NaN,NaN,0
1103,1921,NaN,NaN,0
1103,1953,NaN,NaN,0
1103,1985,NaN,NaN,0
1103,2017,NaN,NaN,0
1135,33,NaN,NaN,0
1135,65,NaN,NaN,0
1135,97,NaN,NaN,0
1135,129,-1.043967009,-0.8647167087,1
1135,161,-1.201894879,-2.855434895,1
1135,193,-0.864204824,-2.075791359,1
1135,225,-0.9413150549,-1.738985896,1
1135,257,-1.177906156,-0.5758621693,1
1135,289,-0.2539382279,0.8235169053,1
1135,321,1.269578934e-05,0.06039464474,1
1135,353,-0.1583093107,0.6391795278,1
1135,385,-0.1800372601,0.3542822599,1
1135,417,-0.2567538917,-0.6043902636,1
1135,449,-0.3687069416,-1.005029321,1
1135,481,0.2051496208,-0.6275984645,1
1135,513,0.7470408678,-1.316889763,1
1135,545,0.6721129417,-1.490662575,1
1135,577,-0.563390553,-1.499968052,1
1135,609,-0.737318933,-1.269932747,1
1135,641,-0.316442579,0.05155259371,1
1135,673,-0.2047030926,2.514635086,1
1135,705,-0.3578177691,2.072265625,1
1135,737,0.5036355853,0.4889623225,1
1135,769,0.1418193728,0.3538871408,1
1135,801,0.2483708113,-0.5483520031,1
1135,833,1.520814538,-0.5102415681,1
1135,865,0.4531000853,-0.3899603784,1
1135,897,-0.03298739716,-2.023636103,1
1135,929,0.1177901849,-0.4297804236,1
1135,961,0.4071233571,-0.6414356232,1
1135,993,-0.02078232914,-0.8767493367,1
1135,1025,-0.969479382,-1.339166999,1
1135,1057,0.5480350256,-0.9815518856,1
1135,1089,1.988090873,-0.0945776552,1
1135,1121,1.381965399,-0.08157423139,1
1135,1153,0.1882234812,0.500112772,1
1135,1185,0.0797200352,0.388087064,1
1135,1217,0.02210388333,0.3888564408,1
1135,1249,-0.01867149025,0.3842128813,1
1135,1281,0.3528954983,0.6643164158,1
1135,1313,0.3790421486,0.4854799807,1
1135,1345,-0.6676017046,0.6363670826,1
1135,1377,-0.9252245426,0.860395968,1
1135,1409,-0.4092797637,0.2650678158,1
1135,1441,-0.08079440892,-0.3325531781,1
1135,1473,0.005404114723,-0.7233455181,1
1135,1505,0.3058217764,-1.419490099,1
1135,1537,0.9223775864,0.2776218057,1
1135,1569,-0.07299730182,0.6286753416,1
1135,1601,-0.5480415821,0.9259403348,1
1135,1633,-0.1391957402,-0.09808663279,1
1135,1665,0.9618684649,-0.3989531696,1
1135,1697,NaN,NaN,0
1135,1729,NaN,NaN,0
1135,1761,NaN,NaN,0
1135,1793,NaN,NaN,0
1135,1825,NaN,NaN,0
1135,1857,NaN,NaN,0
1135,1889,NaN,NaN,0
1135,1921,NaN,NaN,0
1135,1953,NaN,NaN,0
1135,1985,NaN,NaN,0
1135,2017,NaN,NaN,0
1167,33,NaN,NaN,0
1167,65,NaN,NaN,0
1167,97,NaN,NaN,0
1167,129,-0.1964677572,-0.2053480446,1
1167,161,-0.4059306979,-1.15923667,1
1167,193,-0.04232621193,-1.741287827,1
1167,225,-0.1277948618,-1.680995226,1
1167,257,-0.7534564734,-0.8821263313,1
1167,289,-0.3901043236,0.3541742563,1
1167,321,0.2504608929,-0.2217403054,1
1167,353,-0.06960093975,1.131666899,1
1167,385,-0.2548391521,1.181259155,1
1167,417,-0.2351840138,-0.4639677405,1
1167,449,0.05964551866,-0.7916190624,1
1167,481,0.04744833708,-0.7044688463,1
1167,513,0.2638046145,-1.13502264,1
1167,545,0.2247687876,-0.7715321779,1
1167,577,-0.9585567117,-1.043247938,1
1167,609,-2.182153463,-1.183643818,1
1167,641,-0.8574985862,-0.8408411741,1
1167,673,0.0110065937,-0.2910088301,1
1167,705,0.1323478967,0.6510472298,1
1167,737,0.5471030474,1.502528429,1
1167,769,0.1451662183,1.204034328,1
1167,801,0.06742447615,-0.562539041,1
1167,833,-0.1241223812,-0.09693539143,1
1167,865,-0.2611952424,-0.4452481866,1
1167,897,0.2954737544,-1.080982327,1
1167,929,0.2033405453,-0.6306442618,1
1167,961,-0.2460074723,-0.4846771359,1
1167,993,-0.4584765434,-1.031140566,1
1167,1025,-0.346339345,-2.59529233,1
1167,1057,0.05189853907,-1.832627535,1
1167,1089,1.663911104,-0.2895963788,1
1167,1121,0.6471843719,-0.1757518649,1
1167,1153,0.1222317964,0.2901761532,1
1167,1185,0.06338899583,0.3703130484,1
1167,1217,-0.008278279565,0.3811795413,1
1167,1249,-0.08408990502,0.2287222892,1
1167,1281,-0.2898235917,0.1998097897,1
1167,1313,-0.232468769,-0.06517446041,1
1167,1345,-0.04318380356,-0.5942547917,1
1167,1377,-0.2756106257,0.2350172102,1
1167,1409,-0.4909841418,0.7068312168,1
1167,1441,-0.1568246484,0.6361204982,1
1167,1473,0.443064183,-0.4143712819,1
1167,1505,0.3947986066,-1.348938704,1
1167,1537,0.3791188598,0.1926089674,1
1167,1569,-0.01978582889,-0.3957235813,1
1167,1601,-0.3044682145,-1.540392756,1
1167,1633,-0.6531311274,-0.1199574918,1
1167,1665,-0.1470887512,0.6325970292,1
1167,1697,NaN,NaN,0
1167,1729,NaN,NaN,0
1167,1761,NaN,NaN,0
1167,1793,NaN,NaN,0
1167,1825,NaN,NaN,0
1167,1857,NaN,NaN,0
1167,1889,NaN,NaN,0
1167,1921,NaN,NaN,0
1167,1953,NaN,NaN,0
1167,1985,NaN,NaN,0
1167,2017,NaN,NaN,0
1199,33,NaN,NaN,0
1199,65,NaN,NaN,0
1199,97,NaN,NaN,0
1199,129,0.3037506342,0.04538571835,1
1199,161,1.051504612,-0.8805122972,1
1199,193,1.405264139,-1.516448855,1
1199,225,0.2867609859,-1.523097157,1
1199,257,-0.2717530429,-2.314375877,1
1199,289,0.02805355191,-0.612693727,1
1199,321,-0.2130136788,-0.02408438921,1
1199,353,0.03915187716,0.6980188489,1
1199,385,-0.4830189645,0.3878884017,1
1199,417,-1.611661196,-0.4933279753,1
1199,449,-0.2865395546,-0.9457630515,1
1199,481,-0.1956397146,-0.8835147619,1
1199,513,-0.2413245738,-0.7330662012,1
1199,545,0.5429381132,1.314588428,1
1199,577,0.0432497263,1.44774437,1
1199,609,-0.3447155952,-0.1901214123,1
1199,641,-0.09129469842,-0.2394542694,1
1199,673,0.1220147312,-0.2107678652,1
1199,705,0.2426308393,0.06700000912,1
1199,737,0.4883587956,1.68484354,1
1199,769,-0.1030510068,1.519176006,1
1199,801,0.0488858968,-0.3729005754,1
1199,833,-0.02315474488,-0.7047176361,1
1199,865,-0.02564384788,-0.9536738396,1
1199,897,0.1460989714,-0.6521452069,1
1199,929,0.2921664119,-1.016587496,1
1199,961,-0.4414234757,-0.5976341963,1
1199,993,-0.2762726843,-1.329927444,1
1199,1025,-0.7460482717,-0.9867742062,1
1199,1057,0.3966216445,-0.6166879535,1
1199,1089,0.06252164394,-0.2951324582,1
1199,1121,-0.09954115748,-0.1972673535,1
1199,1153,-0.009804822505,0.06886775047,1
1199,1185,0.0196109321,0.2037343383,1
1199,1217,0.04575419426,0.1974732429,1
1199,1249,-0.09189011157,0.117546767,1
1199,1281,-1.034731627,0.2338045686,1
1199,1313,-0.5369437933,-0.3951618075,1
1199,1345,0.5471864939,-1.569370389,1
1199,1377,1.009701848,-1.190117478,1
1199,1409,0.01808434725,0.2349504232,1
1199,1441,-0.1061343402,1.353776217,1
1199,1473,0.5255686641,0.3823559284,1
1199,1505,0.3285599351,-0.0185841918,1
1199,1537,-0.2126550674,0.9715197682,1
1199,1569,-0.110243842,-0.09476619959,1
1199,1601,-0.1020957083,-0.1969133019,1
1199,1633,-0.2725456953,0.4804342091,1
1199,1665,-0.4574965537,0.4660108089,1
1199,1697,-0.1864023656,-1.805630326,1
1199,1729,NaN,NaN,0
1199,1761,NaN,NaN,0
1199,1793,NaN,NaN,0
1199,1825,NaN,NaN,0
1199,1857,NaN,NaN,0
1199,1889,NaN,NaN,0
1199,1921,NaN,NaN,0
1199,1953,NaN,NaN,0
1199,1985,NaN,NaN,0
1199,2017,NaN,NaN,0
1231,33,NaN,NaN,0
1231,65,NaN,NaN,0
1231,97,NaN,NaN,0
1231,129,1.648725986,0.3790287971,1
1231,161,1.667522311,-0.6749638319,1
1231,193,1.448289633,-1.590858579,1
1231,225,0.8874414563,-1.136887789,1
1231,257,0.5430983305,-1.614450932,1
1231,289,0.8268055916,-0.4850590229,1
1231,321,0.8876098394,0.3936411738,1
1231,353,0.792716682,0.4871204197,1
1231,385,0.1738940775,0.1357335001,1
1231,417,-0.4567028284,-0.8442184925,1
1231,449,-0.5653446913,-0.9156559706,1
1231,481,-0.942629993,-1.270338774,1
1231,513,-0.3354973495,-1.059932232,1
1231,545,0.8710420132,0.165263176,1
1231,577,0.9495928288,-0.02005410194,1
1231,609,1.398908138,-0.2659473419,1
1231,641,1.893311262,0.008731663227,1
1231,673,0.782537818,-0.08544540405,1
1231,705,0.03088343143,-0.2839002013,1
1231,737,0.1041948795,0.2626358867,1
1231,769,-0.08372936398,0.3776149154,1
1231,801,NaN,NaN,2
1231,833,-0.1523836851,-0.6386398077,1
1231,865,-0.02765226364,-0.9514766932,1
1231,897,0.1316914856,-0.7472561002,1
1231,929,-0.4474473894,-0.7303749323,1
1231,961,-0.2312333882,-0.8207256198,1
1231,993,0.3380550146,-1.108077288,1
1231,1025,0.3843878508,0.006751894951,1
1231,1057,0.3731085062,-0.2196948081,1
1231,1089,-0.02442434803,-0.04337953031,1
1231,1121,-0.154984206,0.2546041608,1
1231,1153,-0.1732752919,0.1456463337,1
1231,1185,0.1237601638,0.09624133259,1
1231,1217,0.1152053922,-0.05753168464,1
1231,1249,0.04370042309,0.08606656641,1
1231,1281,0.005519203842,0.09870943427,1
1231,1313,-0.006714902818,0.07694259286,1
1231,1345,0.019787848,-1.799869537,1
1231,1377,0.5402688384,-1.977021456,1
1231,1409,0.5443728566,-0.3319634199,1
1231,1441,0.2393115014,0.4438104331,1
1231,1473,0.1917082071,0.6007125378,1
1231,1505,0.2155004442,0.7000155449,1
1231,1537,0.2948936522,0.9955465198,1
1231,1569,0.5868802667,0.3871889114,1
1231,1601,0.2817607522,0.9296358228,1
1231,1633,0.005542173982,-0.3226046562,1
1231,1665,0.3824920654,-0.3774341345,1
1231,1697,NaN,NaN,0
1231,1729,NaN,NaN,0
1231,1761,NaN,NaN,0
1231,1793,NaN,NaN,0
1231,1825,NaN,NaN,0
1231,1857,NaN,NaN,0
1231,1889,NaN,NaN,0
1231,1921,NaN,NaN,0
1231,1953,NaN,NaN,0
1231,1985,NaN,NaN,0
1231,2017,NaN,NaN,0
1263,33,NaN,NaN,0
1263,65,NaN,NaN,0
1263,97,NaN,NaN,0
1263,129,2.932311535,1.539398193,1
1263,161,1.714121699,-0.09592372179,1
1263,193,1.648700476,-1.355391264,1
1263,225,1.422700167,-1.158958197,1
1263,257,1.083816767,-0.5844868422,1
1263,289,1.236788154,0.1069477051,1
1263,321,1.129933238,0.4683703482,1
1263,353,0.3779714704,0.2223083377,1
1263,385,0.2349039614,1.707224011,1
1263,417,0.364213109,-0.4915727079,1
1263,449,-0.3795540333,-1.79334116,1
1263,481,-0.2832318544,-1.923532009,1
1263,513,-0.2947899103,-1.237348199,1
1263,545,-0.06887865067,0.4788328409,1
1263,577,1.302423835,0.7606589794,1
1263,609,2.014454365,0.1434743106,1
1263,641,1.883770227,-0.2021076828,1
1263,673,0.848336637,-0.4341541231,1
1263,705,-0.4818258286,0.3140389323,1
1263,737,0.004689022899,0.5031965971,1
1263,769,-0.1210065335,-0.08558379114,1
1263,801,NaN,NaN,2
1263,833,-0.1261930168,-0.412997067,1
1263,865,-0.16072914,-0.694525063,1
1263,897,-0.3169977665,-0.6897070408,1
1263,929,-0.8419263959,-0.5421022177,1
1263,961,0.4034390748,-0.4702999592,1
1263,993,1.379035711,-0.2585622668,1
1263,1025,0.4594223797,0.06932237744,1
1263,1057,-0.1480740607,-0.01829637587,1
1263,1089,0.1077691317,0.06524209678,1
1263,1121,0.07638384402,0.3832778633,1
1263,1153,-0.01074171625,0.1678603292,1
1263,1185,0.05803850293,0.1053165644,1
1263,1217,0.04560658708,0.131666407,1
1263,1249,0.01611064002,0.08089977503,1
1263,1281,0.6543389559,-0.816305697,1
1263,1313,0.0326326713,0.1028909385,1
1263,1345,-0.01158563793,-1.061875343,1
1263,1377,0.2008336186,-1.241580129,1
1263,1409,0.3667718172,-0.5003623366,1
1263,1441,0.3337055445,-0.3924704194,1
1263,1473,-0.3906171024,0.5086482763,1
1263,1505,-0.4763898253,0.879299283,1
1263,1537,0.1479091942,0.5461027026,1
1263,1569,0.5121372938,0.09529899806,1
1263,1601,0.3705325127,0.1888430417,1
1263,1633,0.2042031586,-0.009805478156,1
1263,1665,0.08162717521,1.160657167,1
1263,1697,NaN,NaN,0
1263,1729,NaN,NaN,0
1263,1761,NaN,NaN,0
1263,1793,NaN,NaN,0
1263,1825,NaN,NaN,0
1263,1857,NaN,NaN,0
1263,1889,NaN,NaN,0
1263,1921,NaN,NaN,0
1263,1953,NaN,NaN,0
1263,1985,NaN,NaN,0
1263,2017,NaN,NaN,0
1295,33,NaN,NaN,0
1295,65,NaN,NaN,0
1295,97,NaN,NaN,0
1295,129,1.764151573,0.8461990952,1
1295,161,1.952947021,-0.5089273453,1
1295,193,1.058680892,-1.214610577,1
1295,225,0.8990733624,-1.002342701,1
1295,257,0.5601017475,-0.1237703711,1
1295,289,1.129374981,0.41383636,1
1295,321,0.9856499434,0.8372743726,1
1295,353,0.005531311035,0.3520748317,1
1295,385,NaN,NaN,2
1295,417,1.426308393,-0.1719771326,1
1295,449,0.4627077878,-1.382627368,1
1295,481,0.3476984799,-1.216880202,1
1295,513,0.9085144997,-1.580102921,1
1295,545,1.129879355,-1.076661468,1
1295,577,NaN,NaN,2
1295,609,3.504121304,1.542531013,1
1295,641,1.252360582,-0.2284858823,1
1295,673,0.8062831163,-0.740198195,1
1295,705,0.1451305449,-0.9532936811,1
1295,737,0.005898952484,-0.4084702134,1
1295,769,-0.4277869463,-0.1341032088,1
1295,801,-0.5171710253,-0.3409967124,1
1295,833,-0.3900449872,-0.2085992396,1
1295,865,-0.2037901878,-0.7110005021,1
1295,897,-1.822303414,-0.6691396236,1
1295,929,NaN,NaN,2
1295,961,0.142150417,1.47756505,1
1295,993,0.4250784516,1.078245997,1
1295,1025,0.4803058803,0.604642272,1
1295,1057,0.3252570629,-0.0138541013,1
1295,1089,0.2725118399,0.05940830708,1
1295,1121,0.1719838977,0.05105814338,1
1295,1153,0.113173224,0.1117971167,1
1295,1185,0.04637875408,0.2433585078,1
1295,1217,0.06949730217,0.2568134665,1
1295,1249,0.32225582,0.03937602043,1
1295,1281,0.7235608101,-0.2105653286,1
1295,1313,0.1299563795,-0.5942790508,1
1295,1345,0.01895081997,-0.9006463885,1
1295,1377,-0.1560866088,-0.780449748,1
1295,1409,0.2002397776,-0.3972171545,1
1295,1441,-0.5200196505,-0.5438917279,1
1295,1473,-1.329874873,0.1694992781,1
1295,1505,-0.7107256651,0.3790929914,1
1295,1537,-0.3163204491,0.2047218382,1
1295,1569,0.2372863591,-0.3145058155,1
1295,1601,0.08958586305,-0.4664118588,1
1295,1633,0.2577855587,-0.05085859448,1
1295,1665,0.2153443396,0.9598158002,1
1295,1697,NaN,NaN,0
1295,1729,NaN,NaN,0
1295,1761,NaN,NaN,0
1295,1793,NaN,NaN,0
1295,1825,NaN,NaN,0
1295,1857,NaN,NaN,0
1295,1889,NaN,NaN,0
1295,1921,NaN,NaN,0
1295,1953,NaN,NaN,0
1295,1985,NaN,NaN,0
1295,2017,NaN,NaN,0
1327,33,NaN,NaN,0
1327,65,NaN,NaN,0
1327,97,NaN,NaN,0
1327,129,0.7107225657,-0.4371265471,1
1327,161,0.7014226913,-0.5231839418,1
1327,193,0.2831181884,-1.076812983,1
1327,225,0.3381994963,-1.128559947,1
1327,257,0.5350139141,-0.1582066268,1
1327,289,0.382081151,1.470977187,1
1327,321,0.08186706901,0.7735090256,1
1327,353,-0.5328372717,0.2121652365,1
1327,385,0.2653596997,0.1712235063,1
1327,417,1.202271819,0.01115390658,1
1327,449,1.028490305,-0.6512717009,1
1327,481,0.44774279,-1.665335298,1
1327,513,1.320917606,-2.325473547,1
1327,545,1.665526509,-1.393661976,1
1327,577,4.689207077,1.964939117,1
1327,609,NaN,NaN,2
1327,641,1.091782928,0.1939516962,1
1327,673,0.00500126183,-0.4840077162,1
1327,705,-0.6733068228,-0.7023084164,1
1327,737,-0.8383883834,-1.29175818,1
1327,769,-0.5670590401,-0.1113485396,1
1327,801,-0.2183769643,0.08907472342,1
1327,833,-0.1859759688,-0.1620761156,1
1327,865,-0.3572589159,-1.342491627,1
1327,897,-1.376026511,-0.6411096454,1
1327,929,-0.5879328251,-0.1269829869,1
1327,961,-0.583688736,-2.328097343,1
1327,993,0.04557818174,0.5490040779,1
1327,1025,0.01259502769,0.2699699998,1
1327,1057,0.3829108477,-0.09926323593,1
1327,1089,0.3712235093,0.05259917676,1
1327,1121,0.3776895404,-0.03899363428,1
1327,1153,0.4526728094,0.03947938234,1
1327,1185,0.09308671951,0.02965870127,1
1327,1217,0.04286946356,0.004615727812,1
1327,1249,0.4582461119,0.007897658274,1
1327,1281,0.3025061488,-0.2928448915,1
1327,1313,0.02950745821,-0.5971277952,1
1327,1345,-0.1262598634,-0.690617919,1
1327,1377,0.2976418436,-0.8278043866,1
1327,1409,0.6985647082,-0.4771602154,1
1327,1441,-0.8750414848,-0.4846393466,1
1327,1473,-1.494478941,-0.3659749925,1
1327,1505,-0.13576442,0.1067510769,1
1327,1537,-0.1011642814,0.149623692,1
1327,1569,-0.0900657177,0.001788899302,1
1327,1601,-0.2058392167,-0.2728520632,1
1327,1633,0.2499381006,-0.1061673462,1
1327,1665,0.09075450897,0.1303404868,1
1327,1697,NaN,NaN,0
1327,1729,NaN,NaN,0
1327,1761,NaN,NaN,0
1327,1793,NaN,NaN,0
1327,1825,NaN,NaN,0
1327,1857,NaN,NaN,0
1327,1889,NaN,NaN,0
1327,1921,NaN,NaN,0
1327,1953,NaN,NaN,0
1327,1985,NaN,NaN,0
1327,2017,NaN,NaN,0
1359,33,NaN,NaN,0
1359,65,NaN,NaN,0
1359,97,NaN,NaN,0
1359,129,NaN,NaN,0
1359,161,-1.083689809,-0.5209434628,1
1359,193,-1.10680902,-1.243124008,1
1359,225,-0.06410861015,-1.203752756,1
1359,257,0.01139748096,0.03884065151,1
1359,289,-0.01649188995,0.5938843489,1
1359,321,-0.4814223647,0.2286120653,1
1359,353,-1.367534161,-0.1582088172,1
1359,385,-0.3414337635,-0.4223785102,1
1359,417,0.2394253016,0.267296046,1
1359,449,0.2968956232,-0.3598506749,1
1359,481,0.2443040311,-1.585336208,1
1359,513,0.5837107897,-1.732680082,1
1359,545,1.265654922,-1.108600497,1
1359,577,1.779796839,0.007542729378,1
1359,609,2.379114866,-0.769580543,1
1359,641,0.6119144559,0.0706769079,1
1359,673,-0.4311828017,0.06521886587,1
1359,705,-0.9310595989,-0.2406799793,1
1359,737,-1.334762335,-0.5315562487,1
1359,769,-1.400095344,-0.09328332543,1
1359,801,-1.102421522,0.2258023918,1
1359,833,-0.5832003355,0.1087325513,1
1359,865,-1.565907955,-1.363730431,1
1359,897,-1.772398591,-1.39403069,1
1359,929,-0.5819427371,-0.3245336413,1
1359,961,-1.494071603,-0.9256759882,1
1359,993,-0.3356299996,-0.3807497621,1
1359,1025,0.4206785262,-0.07136836648,1
1359,1057,0.5955228806,0.1342733055,1
1359,1089,0.5244873166,0.03996730223,1
1359,1121,0.5992754102,0.0882280618,1
1359,1153,0.598198235,0.06169134378,1
1359,1185,0.2499477714,-0.924459815,1
1359,1217,0.1175923944,-1.157436132,1
1359,1249,0.0970575735,-0.03809730336,1
1359,1281,0.08685940504,-0.1349354535,1
1359,1313,0.05127629638,0.398717761,1
1359,1345,0.1286380738,0.7296056151,1
1359,1377,0.1182954907,-0.387499094,1
1359,1409,-0.1107440889,-0.341005832,1
1359,1441,-0.295411855,-0.2534858584,1
1359,1473,0.5400052667,-1.181324244,1
1359,1505,0.2735689878,-0.07559719682,1
1359,1537,-0.6027334929,0.1024039388,1
1359,1569,-0.2318974137,0.2043346465,1
1359,1601,0.1083500758,-0.01621310413,1
1359,1633,0.1883903146,-0.1189422905,1
1359,1665,0.1113210171,0.6375044584,1
1359,1697,-0.2534799576,2.039171696,1
1359,1729,NaN,NaN,0
1359,1761,NaN,NaN,0
1359,1793,NaN,NaN,0
1359,1825,NaN,NaN,0
1359,1857,NaN,NaN,0
1359,1889,NaN,NaN,0
1359,1921,NaN,NaN,0
1359,1953,NaN,NaN,0
1359,1985,NaN,NaN,0
1359,2017,NaN,NaN,0
1391,33,NaN,NaN,0
1391,65,NaN,NaN,0
1391,97,NaN,NaN,0
1391,129,NaN,NaN,0
1391,161,-1.353343129,-0.3132846355,1
1391,193,-1.545289993,-0.8063283563,1
1391,225,-0.3934984505,-1.328310728,1
1391,257,-0.3823794127,-0.6861926317,1
1391,289,-0.1042827368,0.04822579026,1
1391,321,-0.3849591017,0.647988975,1
1391,353,-0.5529209971,0.3230786324,1
1391,385,0.2166325897,0.3664542735,1
1391,417,0.3465518057,0.1738517731,1
1391,449,-0.3046150804,-0.2467392981,1
1391,481,-0.226156652,-0.7645281553,1
1391,513,0.4708699882,-1.298804283,1
1391,545,0.4033530056,-0.9326300621,1
1391,577,0.6488580108,-0.80141294,1
1391,609,1.042966962,-0.9086021185,1
1391,641,0.1259308159,-0.1944939643,1
1391,673,-0.4178265333,0.3792090118,1
1391,705,-0.6386246681,0.2056661546,1
1391,737,-0.9041615725,-0.04885202646,1
1391,769,-1.268480897,-0.02667304501,1
1391,801,-1.456574678,-0.03299629688,1
1391,833,-1.623407125,0.2317552119,1
1391,865,-1.240556955,0.4800779223,1
1391,897,-0.6524200439,0.4958709776,1
1391,929,-0.4511020482,0.6301254034,1
1391,961,-0.4393040836,0.1192725003,1
1391,993,-0.04974621534,0.5392215848,1
1391,1025,0.77690804,0.8099116683,1
1391,1057,1.344423652,0.3278018534,1
1391,1089,0.727974534,0.1415203214,1
1391,1121,0.6673304439,0.1341804564,1
1391,1153,0.677485466,0.1298131049,1
1391,1185,0.3501566648,-1.559160471,1
1391,1217,0.6364198327,-0.06924217194,1
1391,1249,0.2928766906,0.3639577031,1
1391,1281,0.1759160608,0.2708106935,1
1391,1313,-0.2094424367,1.606357336,1
1391,1345,-0.4421749711,2.212509632,1
1391,1377,0.1681546867,0.3785410523,1
1391,1409,-0.1563919932,-0.08623330295,1
1391,1441,-0.8424152732,-0.1468549371,1
1391,1473,0.3128243387,-1.340513706,1
1391,1505,-0.5848913193,-0.4368781447,1
1391,1537,-0.5121439099,-0.1244584471,1
1391,1569,0.06804393977,0.4864519238,1
1391,1601,2.020510912,0.08930431306,1
1391,1633,1.519186139,-0.5259132385,1
1391,1665,0.2325546741,0.6336531043,1
1391,1697,-0.9726138711,1.368453741,1
1391,1729,-1.296210289,0.9078569412,1
1391,1761,-0.9324736595,0.3500920534,1
1391,1793,NaN,NaN,0
1391,1825,NaN,NaN,0
1391,1857,NaN,NaN,0
1391,1889,NaN,NaN,0
1391,1921,NaN,NaN,0
1391,1953,NaN,NaN,0
1391,1985,NaN,NaN,0
1391,2017,NaN,NaN,0
1423,33,NaN,NaN,0
1423,65,NaN,NaN,0
1423,97,NaN,NaN,0
1423,129,NaN,NaN,0
1423,161,1.164239883,-0.5302366614,1
1423,193,-0.03643095493,-0.3265038729,1
1423,225,0.02712193877,-1.661722898,1
1423,257,0.1315867156,-1.536288738,1
1423,289,0.1898417771,-0.2508542538,1
1423,321,-0.450307399,1.909678459,1
1423,353,-0.2378277928,1.150010943,1
1423,385,0.1359501481,0.02107526362,1
1423,417,-0.0345454067,-0.06039883196,1
1423,449,-0.1090313941,-0.2962753475,1
1423,481,-1.785358548,-0.5231031179,1
1423,513,-0.154240489,-0.4268063903,1
1423,545,-0.4555894732,-0.5763471127,1
1423,577,-0.7464981675,-0.4585135579,1
1423,609,0.4110078216,-0.3966849446,1
1423,641,0.08677846193,0.05944035202,1
1423,673,-1.54586947,1.272224307,1
1423,705,-1.905260921,0.8474363685,1
1423,737,-0.5486621261,0.3327849209,1
1423,769,-1.180558801,-0.1596961617,1
1423,801,-1.578203559,-0.1870440543,1
1423,833,-1.693462968,0.4362790585,1
1423,865,-1.040416479,0.8164997101,1
1423,897,-0.3516458273,0.5922741294,1
1423,929,-0.3713814914,0.5772110224,1
1423,961,-0.7843811512,0.3508389294,1
1423,993,-0.07719945908,0.5143492222,1
1423,1025,1.034445524,0.6642059088,1
1423,1057,0.8643507957,0.4685993493,1
1423,1089,0.4836125076,0.2488106191,1
1423,1121,0.3464553952,0.06601332128,1
1423,1153,0.1827284545,0.1970663667,1
1423,1185,-0.03989642859,0.5092716217,1
1423,1217,0.23099038,0.4904359281,1
1423,1249,0.2099972963,0.4913727641,1
1423,1281,0.1855446398,0.325035125,1
1423,1313,0.2994019985,0.02047799528,1
1423,1345,0.04077109694,0.2615606785,1
1423,1377,-0.1470911503,0.263959825,1
1423,1409,-0.2595338523,-0.287766248,1
1423,1441,0.04225966334,-1.989070654,1
1423,1473,-0.5004653931,-1.601746559,1
1423,1505,-0.5144352913,-0.6901451945,1
1423,1537,0.8070175648,-0.1118421406,1
1423,1569,1.378075957,1.298270345,1
1423,1601,0.522016108,1.237678885,1
1423,1633,1.364036083,0.3363430202,1
1423,1665,0.3181707263,-0.1932113767,1
1423,1697,-1.135143995,0.3648714423,1
1423,1729,-0.4101225734,0.9923717976,1
1423,1761,0.4100362062,0.4598501325,1
1423,1793,NaN,NaN,0
1423,1825,NaN,NaN,0
1423,1857,NaN,NaN,0
1423,1889,NaN,NaN,0
1423,1921,NaN,NaN,0
1423,1953,NaN,NaN,0
1423,1985,NaN,NaN,0
1423,2017,NaN,NaN,0
1455,33,NaN,NaN,0
1455,65,NaN,NaN,0
1455,97,NaN,NaN,0
1455,129,NaN,NaN,0
1455,161,1.954218388,-0.6709134579,1
1455,193,1.039561749,-0.5471121669,1
1455,225,-0.1530413479,-1.424569607,1
1455,257,-0.2011863291,-1.702476978,1
1455,289,0.6945691705,-0.799315691,1
1455,321,0.445227176,0.9438039064,1
1455,353,0.08421932161,1.129104257,1
1455,385,-0.2177616656,-0.7361734509,1
1455,417,-0.5774419308,-0.1414062232,1
1455,449,-0.4452336133,0.06319525838,1
1455,481,0.1317771971,-0.4922792017,1
1455,513,-0.03348472714,-0.593293786,1
1455,545,-1.062237024,-0.2525656521,1
1455,577,-0.7058887482,-0.01691420376,1
1455,609,0.3729911149,-0.001613952219,1
1455,641,0.4803775549,0.1894156635,1
1455,673,-0.2007511556,0.04556056857,1
1455,705,-0.4175238907,0.2264003754,1
1455,737,-0.1901105046,0.4334124625,1
1455,769,-0.4837660789,-0.9122266173,1
1455,801,-1.714692354,0.01921613514,1
1455,833,-1.446391106,0.6824420691,1
1455,865,-1.262547493,0.746579051,1
1455,897,-0.6803481579,0.4993232787,1
1455,929,-0.1177062094,0.2644319832,1
1455,961,0.1428275704,0.6207171679,1
1455,993,0.3528427482,0.2031264305,1
1455,1025,0.4051764011,-0.560859561,1
1455,1057,-0.674315989,-1.028170824,1
1455,1089,-0.1221287549,0.229992345,1
1455,1121,-0.007657036185,-0.1090333909,1
1455,1153,0.01649212837,0.2692204118,1
1455,1185,0.1928438544,0.8893137574,1
1455,1217,0.2586538494,0.8467320204,1
1455,1249,0.1901824474,0.8657687902,1
1455,1281,0.1553820819,0.3810516,1
1455,1313,0.4048322737,-0.06906911731,1
1455,1345,0.3800115585,-0.2678107321,1
1455,1377,-0.11417377,-0.1703941971,1
1455,1409,0.01794506609,-0.41342026,1
1455,1441,0.4232846498,-2.672182798,1
1455,1473,0.305683136,-0.7853357792,1
1455,1505,-0.1594615132,-0.6282989979,1
1455,1537,-0.08594064415,-0.4102157056,1
1455,1569,-0.01489122212,0.4185655117,1
1455,1601,-0.4665379524,1.083115816,1
1455,1633,-0.931409359,0.6467927694,1
1455,1665,-2.594851971,-0.5783675909,1
1455,1697,-0.794721663,-0.3543506265,1
1455,1729,-0.550237,-0.004801645875,1
1455,1761,-0.7111361623,0.1652145535,1
1455,1793,NaN,NaN,0
1455,1825,NaN,NaN,0
1455,1857,NaN,NaN,0
1455,1889,NaN,NaN,0
1455,1921,NaN,NaN,0
1455,1953,NaN,NaN,0
1455,1985,NaN,NaN,0
1455,2017,NaN,NaN,0
1487,33,NaN,NaN,0
1487,65,NaN,NaN,0
1487,97,NaN,NaN,0
1487,129,NaN,NaN,0
1487,161,NaN,NaN,0
1487,193,1.611699343,-0.8124808073,1
1487,225,-0.6356041431,-1.07440865,1
1487,257,0.06923797727,-1.3053509,1
1487,289,0.5634460449,-0.459852159,1
1487,321,0.4129803181,0.2712151408,1
1487,353,0.574925065,0.5993703008,1
1487,385,0.1102637947,-0.1692094803,1
1487,417,-0.1099176258,-0.07899797708,1
1487,449,0.06024936587,-0.1551759839,1
1487,481,0.5209753513,-0.5462547541,1
1487,513,0.1879244298,-0.6319955587,1
1487,545,-0.560754776,-0.1944689155,1
1487,577,-0.2177232802,0.08097332716,1
1487,609,0.2564854622,0.4253498316,1
1487,641,0.1953271776,0.03496897221,1
1487,673,0.3264258504,-0.514701128,1
1487,705,0.3883790672,0.07412110269,1
1487,737,0.1680822372,0.1927443743,1
1487,769,-0.07768923044,0.4340787828,1
1487,801,-0.4450740814,0.6731868386,1
1487,833,NaN,NaN,2
1487,865,-0.9894051552,-0.1136561334,1
1487,897,-0.02474862337,0.8995245695,1
1487,929,0.2704711556,0.2524701953,1
1487,961,0.462123394,0.4166508615,1
1487,993,0.584813714,0.2858659029,1
1487,1025,0.6400184035,-0.3007965386,1
1487,1057,-0.288829267,-0.09548446536,1
1487,1089,-1.040436149,0.2456935644,1
1487,1121,-0.9318950176,0.1370038986,1
1487,1153,0.7532286644,0.4479895532,1
1487,1185,0.7815898657,0.914278388,1
1487,1217,0.5795313716,1.012485266,1
1487,1249,0.4936352074,0.7567929029,1
1487,1281,0.1683066785,0.4128315449,1
1487,1313,0.311314404,-0.1187045574,1
1487,1345,0.7249964476,-1.664016962,1
1487,1377,-0.2480571121,-2.578037977,1
1487,1409,-0.4931599498,-0.9234828949,1
1487,1441,0.3293471038,-0.7286393642,1
1487,1473,0.3413783312,-0.5161987543,1
1487,1505,0.1278532147,-0.1610878706,1
1487,1537,0.2155047357,-0.2521964312,1
1487,1569,0.2051373124,0.1358397007,1
1487,1601,-0.2614752352,-0.01631307602,1
1487,1633,-0.6934337616,-0.7772268653,1
1487,1665,-2.575563192,-0.7004191875,1
1487,1697,-0.6486689448,-1.466052532,1
1487,1729,-0.5470517874,-0.8668775558,1
1487,1761,-0.2353256941,-0.8295059204,1
1487,1793,NaN,NaN,0
1487,1825,NaN,NaN,0
1487,1857,NaN,NaN,0
1487,1889,NaN,NaN,0
1487,1921,NaN,NaN,0
1487,1953,NaN,NaN,0
1487,1985,NaN,NaN,0
1487,2017,NaN,NaN,0
1519,33,NaN,NaN,0
1519,65,NaN,NaN,0
1519,97,NaN,NaN,0
1519,129,NaN,NaN,0
1519,161,NaN,NaN,0
1519,193,1.713463426,-0.03490197659,1
1519,225,0.9388902783,1.281715155,1
1519,257,2.155853987,0.3942393064,1
1519,289,1.178052902,0.4143035412,1
1519,321,1.011689782,0.3085154891,1
1519,353,1.066839457,0.2493006438,1
1519,385,0.5030918717,-0.0795095861,1
1519,417,0.4497860372,-0.01102689654,1
1519,449,0.3448936343,-0.2373684943,1
1519,481,-0.2463970333,-0.5081668496,1
1519,513,-0.3493478894,-0.3715313375,1
1519,545,1.029226899,-0.574341774,1
1519,577,0.6939361095,-0.3564964831,1
1519,609,0.7715488076,0.2271979898,1
1519,641,0.7293280363,-0.265537262,1
1519,673,0.8684276342,-0.2149495482,1
1519,705,0.9880225658,0.3333899379,1
1519,737,0.6178522706,1.694028616,1
1519,769,-0.4051508307,1.722861767,1
1519,801,-0.5387341976,0.723616004,1
1519,833,-0.4960020781,0.1788564324,1
1519,865,0.2088965476,0.4842660427,1
1519,897,0.9860270023,0.5193403959,1
1519,929,0.5860387087,0.4412417114,1
1519,961,0.2750133574,0.1360287368,1
1519,993,0.1476335824,0.5325442553,1
1519,1025,0.3180605769,0.1995784789,1
1519,1057,-0.4142312706,0.2207200825,1
1519,1089,-0.5113300681,0.6107783914,1
1519,1121,0.5496582985,0.4652720392,1
1519,1153,2.070969582,0.6020596027,1
1519,1185,1.452768922,0.8953507543,1
1519,1217,0.6750718951,0.8688576221,1
1519,1249,0.327727437,0.9318215847,1
1519,1281,-0.005911231041,0.6263458729,1
1519,1313,0.3975532651,-3.01390934,1
1519,1345,NaN,NaN,2
1519,1377,NaN,NaN,2
1519,1409,-0.1372710764,-2.365412712,1
1519,1441,0.3619716167,-0.6954595447,1
1519,1473,0.4818776846,-0.2422583103,1
1519,1505,0.1675306708,0.1966326535,1
1519,1537,0.159628734,-0.1500428915,1
1519,1569,-0.1119828224,0.1879251897,1
1519,1601,-0.6898989677,0.2279990464,1
1519,1633,-0.7716268897,-0.2753649354,1
1519,1665,-1.223087549,-1.340869546,1
1519,1697,0.2922885418,-1.537949324,1
1519,1729,-0.2890593708,-0.8503594995,1
1519,1761,-0.548532784,-0.08405127376,1
1519,1793,NaN,NaN,2
1519,1825,NaN,NaN,0
1519,1857,NaN,NaN,0
1519,1889,NaN,NaN,0
1519,1921,NaN,NaN,0
1519,1953,NaN,NaN,0
1519,1985,NaN,NaN,0
1519,2017,NaN,NaN,0
1551,33,NaN,NaN,0
1551,65,NaN,NaN,0
1551,97,NaN,NaN,0
1551,129,NaN,NaN,0
1551,161,NaN,NaN,0
1551,193,0.7078490257,-0.0345492661,1
1551,225,0.9770849943,2.331006289,1
1551,257,2.355321407,1.691009045,1
1551,289,2.664633989,0.8044104576,1
1551,321,1.45206213,-0.1310368627,1
1551,353,1.058522701,-0.04608286917,1
1551,385,0.2037393451,0.3067672253,1
1551,417,0.3620679975,0.4499384761,1
1551,449,0.337637037,0.4680346549,1
1551,481,0.006411358714,-0.110517025,1
1551,513,0.352175653,-0.1560929418,1
1551,545,0.08388578892,-0.06719151139,1
1551,577,-0.1473228931,0.2749775648,1
1551,609,-0.3693313897,1.245495796,1
1551,641,-0.3260659575,0.2553618252,1
1551,673,-0.4158269167,-0.3089378178,1
1551,705,-0.7648537159,0.4237031937,1
1551,737,-0.6253564358,1.647753477,1
1551,769,-0.7379437685,1.710128665,1
1551,801,-0.4925145805,-0.1347500086,1
1551,833,0.4410849512,0.1846437752,1
1551,865,1.27155447,0.6961042285,1
1551,897,0.9815158248,0.4180210829,1
1551,929,0.3707892597,0.3571410477,1
1551,961,0.3955748677,0.2706831694,1
1551,993,NaN,NaN,2
1551,1025,-0.2660334408,-0.1107431054,1
1551,1057,-0.5618028641,-0.03907355666,1
1551,1089,0.186686635,0.92753613,1
1551,1121,0.6769661307,0.9750109911,1
1551,1153,0.5305891037,0.7201808095,1
1551,1185,0.3969381452,0.7368232608,1
1551,1217,0.3220582306,0.8447768688,1
1551,1249,0.2713897526,1.133957386,1
1551,1281,0.06975033879,0.7209824324,1
1551,1313,0.04213891923,-1.272940874,1
1551,1345,NaN,NaN,2
1551,1377,0.5652850866,-2.122447968,1
1551,1409,0.2087675035,-2.055159092,1
1551,1441,0.168453902,-0.5965441465,1
1551,1473,0.4198688865,0.6566352844,1
1551,1505,-0.07013751566,0.07395726442,1
1551,1537,-0.1929558069,-0.7516940236,1
1551,1569,-0.3574567437,0.262467742,1
1551,1601,-0.4378230572,0.1710404754,1
1551,1633,-0.2510923743,0.3057969213,1
1551,1665,0.0008910000324,0.4559541941,1
1551,1697,0.1637198329,-0.0313180238,1
1551,1729,0.2560673058,-0.5041565299,1
1551,1761,0.1385813355,0.0930493325,1
1551,1793,0.08830954134,-2.119229794,1
1551,1825,NaN,NaN,0
1551,1857,NaN,NaN,0
1551,1889,NaN,NaN,0
1551,1921,NaN,NaN,0
1551,1953,NaN,NaN,0
1551,1985,NaN,NaN,0
1551,2017,NaN,NaN,0
1583,33,NaN,NaN,0
1583,65,NaN,NaN,0
1583,97,NaN,NaN,0
1583,129,NaN,NaN,0
1583,161,NaN,NaN,0
1583,193,0.3844155669,-0.8493496776,1
1583,225,0.8066341877,1.511193037,1
1583,257,NaN,NaN,2
1583,289,2.7275424,0.1586508751,1
1583,321,2.220366955,-0.1869194508,1
1583,353,0.7053571939,0.0743765384,1
1583,385,0.1008341908,0.5760840774,1
1583,417,0.1755786836,0.6820716262,1
1583,449,0.2373788655,0.5534379482,1
1583,481,0.9010855556,0.4059556723,1
1583,513,0.9795635939,0.3517728448,1
1583,545,-0.4969725013,0.3828439713,1
1583,577,-0.3641197383,0.457781136,1
1583,609,-0.2725265026,0.9565925598,1
1583,641,-0.493858248,0.4719724357,1
1583,673,-1.577152252,-0.5230523348,1
1583,705,-3.877471924,-0.8827804923,1
1583,737,-2.284100294,-0.4475155771,1
1583,769,-1.565009832,-0.2951026559,1
1583,801,-0.4765785635,-0.3209336102,1
1583,833,0.4566353559,0.1979632676,1
1583,865,1.884418964,0.4113637209,1
1583,897,1.892884731,0.463649869,1
1583,929,1.060385227,0.6776164174,1
1583,961,0.9615627527,0.7728850842,1
1583,993,-0.106789507,0.1114374995,1
1583,1025,-0.4404757023,0.4092865884,1
1583,1057,-0.2349841744,0.3764415979,1
1583,1089,0.3538882136,1.259007573,1
1583,1121,0.2887643874,1.669973612,1
1583,1153,0.1224709749,0.8047661781,1
1583,1185,-0.00816449523,0.7773662806,1
1583,1217,-0.07116517425,0.5227758288,1
1583,1249,-0.04724119604,0.8206833601,1
1583,1281,-0.1069157347,0.3625335693,1
1583,1313,-0.9488905072,-0.5479708314,1
1583,1345,-0.4282736778,-0.62284863,1
1583,1377,0.04993662238,-1.449124813,1
1583,1409,0.7570704222,-1.547722101,1
1583,1441,0.8154273033,-0.1884365678,1
1583,1473,0.7643091679,0.8333826661,1
1583,1505,-0.01233741641,-0.01245525479,1
1583,1537,-0.4919530153,-1.102280259,1
1583,1569,-0.7905161977,-0.5349045396,1
1583,1601,-0.6868054867,0.1229698062,1
1583,1633,-0.1966017932,0.618614912,1
1583,1665,0.2373513281,0.5296491385,1
1583,1697,0.6180068254,0.3267023861,1
1583,1729,1.124577999,-0.2469866276,1
1583,1761,0.4271533489,0.07548166811,1
1583,1793,NaN,NaN,0
1583,1825,NaN,NaN,0
1583,1857,NaN,NaN,0
1583,1889,NaN,NaN,0
1583,1921,NaN,NaN,0
1583,1953,NaN,NaN,0
1583,1985,NaN,NaN,0
1583,2017,NaN,NaN,0
1615,33,NaN,NaN,0
1615,65,NaN,NaN,0
1615,97,NaN,NaN,0
1615,129,NaN,NaN,0
1615,161,NaN,NaN,0
1615,193,0.6455703378,0.2225134373,1
1615,225,0.5987279415,0.8368222117,1
1615,257,1.055737257,1.071909904,1
1615,289,2.171034575,1.18152833,1
1615,321,2.826509953,0.2189056277,1
1615,353,1.415116072,0.1163813472,1
1615,385,1.057908893,0.931987524,1
1615,417,0.6363738775,0.5721511841,1
1615,449,-0.2233759761,0.7681037188,1
1615,481,-0.1042900383,1.419238567,1
1615,513,0.1465731561,1.000945449,1
1615,545,-0.2229871005,0.3323290944,1
1615,577,-0.3004401326,-1.240993857,1
1615,609,-0.1411418915,-0.6880512834,1
1615,641,-0.4239726067,-0.2553275824,1
1615,673,-1.181694269,-0.7308069468,1
1615,705,-3.27552247,-0.6085450649,1
1615,737,-0.5074265003,-0.3474014997,1
1615,769,0.3623124063,-0.3464943469,1
1615,801,0.4468303919,-0.08254531026,1
1615,833,0.8303812742,0.249214232,1
1615,865,2.154013157,0.8329106569,1
1615,897,2.03714323,0.7562443018,1
1615,929,0.8164423704,0.5750823617,1
1615,961,0.2740448415,0.7015089989,1
1615,993,-0.4974337816,0.8750398755,1
1615,1025,-0.3289770186,0.4419509172,1
1615,1057,-0.419505477,0.3530210257,1
1615,1089,-0.194239527,1.117723942,1
1615,1121,0.1599207819,1.15430069,1
1615,1153,0.13112095,0.652726531,1
1615,1185,0.133467555,0.7824207544,1
1615,1217,-0.3367741406,1.211815715,1
1615,1249,-0.5278230906,0.8167389631,1
1615,1281,-0.7616693974,0.6008894444,1
1615,1313,-0.7650368214,0.08776843548,1
1615,1345,-2.622974157,0.4166529179,1
1615,1377,-1.04918766,-1.011172533,1
1615,1409,0.8359649777,-1.842056513,1
1615,1441,0.4088424146,0.3949231505,1
1615,1473,0.6059760451,0.2970939279,1
1615,1505,0.06352359056,0.4147680402,1
1615,1537,-1.605442643,0.3426883221,1
1615,1569,-1.376669407,-1.006338239,1
1615,1601,-0.5672886372,-0.6112289429,1
1615,1633,-0.9633545876,0.3309592307,1
1615,1665,-0.2568661571,0.1094695926,1
1615,1697,0.4679378271,0.5089628696,1
1615,1729,NaN,NaN,0
1615,1761,NaN,NaN,0
1615,1793,NaN,NaN,0
1615,1825,NaN,NaN,0
1615,1857,NaN,NaN,0
1615,1889,NaN,NaN,0
1615,1921,NaN,NaN,0
1615,1953,NaN,NaN,0
1615,1985,NaN,NaN,0
1615,2017,NaN,NaN,0
1647,33,NaN,NaN,0
1647,65,NaN,NaN,0
1647,97,NaN,NaN,0
1647,129,NaN,NaN,0
1647,161,NaN,NaN,0
1647,193,NaN,NaN,0
1647,225,0.569060564,3.214235306,1
1647,257,0.5498554111,1.523625731,1
1647,289,0.1931850314,1.057897449,1
1647,321,-0.5980260968,0.810025394,1
1647,353,-0.5549209118,0.2818191051,1
1647,385,0.04778450727,1.021000028,1
1647,417,0.5808489323,0.001113533974,1
1647,449,0.342670083,0.9015995264,1
1647,481,-0.862180829,2.025731087,1
1647,513,-0.7520266175,1.681784153,1
1647,545,-0.4845868349,0.318297267,1
1647,577,-0.4318681955,-1.512926936,1
1647,609,-1.205182076,-0.6168572903,1
1647,641,-1.199045181,0.09906667471,1
1647,673,-0.7779263854,-0.1527253836,1
1647,705,-0.4667081833,-0.006870791316,1
1647,737,1.001144886,0.2612224817,1
1647,769,0.6092671752,0.05053457618,1
1647,801,1.135034323,0.2036965191,1
1647,833,1.122603416,0.2924613953,1
1647,865,1.711425781,0.5899329185,1
1647,897,1.525685668,0.7207479477,1
1647,929,0.6551691294,0.6074165702,1
1647,961,0.4933720827,0.2646042109,1
1647,993,0.4828241169,0.9145964384,1
1647,1025,0.3623149693,0.5022369623,1
1647,1057,-0.5222862959,0.3631757498,1
1647,1089,-1.966640711,0.9429162741,1
1647,1121,-1.186593294,1.514906883,1
1647,1153,-1.339012146,1.194870353,1
1647,1185,0.1352620572,1.235208631,1
1647,1217,-0.7547969222,1.681169391,1
1647,1249,-0.7922310233,1.008560896,1
1647,1281,-0.7305400372,0.9495310187,1
1647,1313,-1.898996592,1.685669661,1
1647,1345,-0.3572964072,0.4220516086,1
1647,1377,-0.1880109906,-0.7541260719,1
1647,1409,-0.3849318624,0.09000459313,1
1647,1441,-0.4634749889,0.7402045727,1
1647,1473,0.2601855993,-0.2005648017,1
1647,1505,-0.3388727903,0.8747196198,1
1647,1537,-1.773575187,1.232626677,1
1647,1569,-1.513175011,0.01292404532,1
1647,1601,-0.2949075997,-1.174155951,1
1647,1633,-0.3285166025,0.5287621021,1
1647,1665,0.1177623793,-1.007384539,1
1647,1697,0.2875314951,-1.021153092,1
1647,1729,NaN,NaN,0
1647,1761,NaN,NaN,0
1647,1793,NaN,NaN,0
1647,1825,NaN,NaN,0
1647,1857,NaN,NaN,0
1647,1889,NaN,NaN,0
1647,1921,NaN,NaN,0
1647,1953,NaN,NaN,0
1647,1985,NaN,NaN,0
1647,2017,NaN,NaN,0
1679,33,NaN,NaN,0
1679,65,NaN,NaN,0
1679,97,NaN,NaN,0
1679,129,NaN,NaN,0
1679,161,NaN,NaN,0
1679,193,NaN,NaN,0
1679,225,0.3899874389,3.637279272,1
1679,257,-0.2239938974,2.066329479,1
1679,289,-0.3294381499,0.3112587929,1
1679,321,-2.860560417,1.097753048,1
1679,353,-2.902130604,0.9333918095,1
1679,385,-0.8797819018,1.076372981,1
1679,417,0.8933728933,0.1204634309,1
1679,449,0.7781197429,0.7577258945,1
1679,481,-0.5433584452,0.9465100765,1
1679,513,-0.3844681978,0.9520469904,1
1679,545,-0.6452695131,0.4643615782,1
1679,577,-0.5774070024,-0.5072103739,1
1679,609,-1.314283133,-0.1447926909,1
1679,641,-1.175000668,-0.5152685642,1
1679,673,-0.9611040354,-0.2208211422,1
1679,705,-0.3041313589,0.03090023994,1
1679,737,-0.08532553911,-0.01426652074,1
1679,769,0.1587231159,0.3851139843,1
1679,801,0.6795406342,0.4591774642,1
1679,833,0.2730791569,0.3666833043,1
1679,865,0.468624711,0.1319536567,1
1679,897,0.6218036413,-0.1016392708,1
1679,929,0.5669460297,1.054100513,1
1679,961,0.3830771446,1.106479526,1
1679,993,0.2926074862,1.155467033,1
1679,1025,0.7715681195,0.6282872558,1
1679,1057,-0.2589472532,0.4179912806,1
1679,1089,-0.9379960895,1.440203905,1
1679,1121,-0.8234914541,1.687138319,1
1679,1153,-3.429210186,2.820268631,1
1679,1185,-1.220497489,1.526019812,1
1679,1217,-0.726290822,1.998523951,1
1679,1249,-0.9351125956,1.330601215,1
1679,1281,NaN,NaN,2
1679,1313,-0.187600553,1.574008942,1
1679,1345,-0.08329379559,0.2958672047,1
1679,1377,-0.2901828885,-0.1359286308,1
1679,1409,-0.2507348061,1.022953629,1
1679,1441,0.06650426984,0.8438802958,1
1679,1473,-0.3112823069,-0.532564044,1
1679,1505,-0.6641879678,0.7724672556,1
1679,1537,-1.345641613,0.5866430402,1
1679,1569,-0.8134486079,0.9185158014,1
1679,1601,-0.4112222195,1.398964047,1
1679,1633,-0.4707701504,3.777901649,1
1679,1665,0.1124898493,0.8653074503,1
1679,1697,1.401888371,-0.7965395451,1
1679,1729,NaN,NaN,0
1679,1761,NaN,NaN,0
1679,1793,NaN,NaN,0
1679,1825,NaN,NaN,0
1679,1857,NaN,NaN,0
1679,1889,NaN,NaN,0
1679,1921,NaN,NaN,0
1679,1953,NaN,NaN,0
1679,1985,NaN,NaN,0
1679,2017,NaN,NaN,0
1711,33,NaN,NaN,0
1711,65,NaN,NaN,0
1711,97,NaN,NaN,0
1711,129,NaN,NaN,0
1711,161,NaN,NaN,0
1711,193,NaN,NaN,0
1711,225,0.6493033767,1.034412146,1
1711,257,-0.4958720207,1.173815846,1
1711,289,-1.134065986,1.076581478,1
1711,321,-0.7338668108,1.103106022,1
1711,353,-0.657294929,1.648439646,1
1711,385,-0.607414782,0.9735119939,1
1711,417,1.206464171,0.7606034875,1
1711,449,0.1333875954,0.6529949307,1
1711,481,-0.2344329208,0.6223588586,1
1711,513,-0.9068835974,0.4509598613,1
1711,545,-1.350357175,0.1785241663,1
1711,577,-0.939176321,-0.1440141797,1
1711,609,-0.8402673602,0.5101477504,1
1711,641,-1.042485952,0.3100958169,1
1711,673,-1.229529262,0.1071324348,1
1711,705,-0.2566761374,0.9575941563,1
1711,737,-0.2061941773,0.7310734987,1
1711,769,-0.38252002,0.3030770421,1
1711,801,0.4013430774,0.2593171,1
1711,833,-2.061198473,0.06426483393,1
1711,865,-0.6162965894,0.874827683,1
1711,897,0.6768576503,-0.6828587651,1
1711,929,0.2980145216,1.141453505,1
1711,961,0.1800765097,1.831134319,1
1711,993,0.1245399714,1.765611887,1
1711,1025,-0.01774995774,1.655420184,1
1711,1057,-1.208070159,1.519331455,1
1711,1089,NaN,NaN,2
1711,1121,-0.8494623303,0.8301279545,1
1711,1153,NaN,NaN,2
1711,1185,-1.956126928,1.451610684,1
1711,1217,-0.5215249062,1.551615596,1
1711,1249,-0.3984020352,1.310642481,1
1711,1281,-0.4333978891,1.368611455,1
1711,1313,-0.2959765792,1.207651496,1
1711,1345,0.2617710233,0.5726821423,1
1711,1377,0.02506764233,-0.1088212729,1
1711,1409,0.2486489117,0.2975400686,1
1711,1441,0.2795653045,0.9356431365,1
1711,1473,-0.2613707185,0.8963884115,1
1711,1505,-0.253867507,0.8594690561,1
1711,1537,-0.3036744595,0.7213071585,1
1711,1569,-0.01594300568,1.32155323,1
1711,1601,-0.1800009757,1.794404745,1
1711,1633,-0.4511764646,2.324256897,1
1711,1665,-0.4625967443,1.457969904,1
1711,1697,0.3524771631,0.6100062132,1
1711,1729,NaN,NaN,0
1711,1761,NaN,NaN,0
1711,1793,NaN,NaN,0
1711,1825,NaN,NaN,0
1711,1857,NaN,NaN,0
1711,1889,NaN,NaN,0
1711,1921,NaN,NaN,0
1711,1953,NaN,NaN,0
1711,1985,NaN,NaN,0
1711,2017,NaN,NaN,0
1743,33,NaN,NaN,0
1743,65,NaN,NaN,0
1743,97,NaN,NaN,0
1743,129,NaN,NaN,0
1743,161,NaN,NaN,0
1743,193,NaN,NaN,0
1743,225,-0.1540442556,0.2582173347,1
1743,257,-0.501583457,0.7413287163,1
1743,289,-0.6487923861,0.842002511,1
1743,321,-0.5727723837,1.086573482,1
1743,353,0.8701587915,0.2389630079,1
1743,385,0.2361143231,0.3215094805,1
1743,417,0.2992928624,0.7472785711,1
1743,449,0.737121582,0.8179908395,1
1743,481,-0.05130645633,0.7627860904,1
1743,513,-0.652436018,0.3518728018,1
1743,545,-0.8400890827,0.1486553252,1
1743,577,-0.5388094187,0.3305366933,1
1743,609,-0.2410864234,0.7086153626,1
1743,641,-0.08420586586,0.9993795753,1
1743,673,0.1302956641,0.840706706,1
1743,705,0.02800904214,1.157056093,1
1743,737,-0.9174357653,0.612334311,1
1743,769,-1.12515378,0.03667452931,1
1743,801,-0.3712622523,0.3546173573,1
1743,833,-2.106596947,1.995513082,1
1743,865,-0.8118326068,1.961408973,1
1743,897,-0.2836610675,0.7017367482,1
1743,929,-0.01297780871,0.7207518816,1
1743,961,0.08879224956,1.626811862,1
1743,993,-0.139687866,1.665891886,1
1743,1025,-0.2459193319,0.9798145294,1
1743,1057,-0.6071172953,1.520348072,1
1743,1089,-0.7380521894,1.20568645,1
1743,1121,0.08379453421,0.9890102148,1
1743,1153,-0.3993487954,0.9557561874,1
1743,1185,-1.545775294,0.9305679798,1
1743,1217,-0.2100428939,1.062134027,1
1743,1249,-0.1475196481,1.074044347,1
1743,1281,-0.7724161148,1.524139643,1
1743,1313,-0.7145063877,1.203618526,1
1743,1345,-1.39731884,-0.2318971753,1
1743,1377,0.2259512544,-0.8084852099,1
1743,1409,NaN,NaN,2
1743,1441,-0.1456446946,0.4228625298,1
1743,1473,-0.1576283574,0.887563467,1
1743,1505,0.5735125542,0.9388179779,1
1743,1537,0.7290916443,0.8989412785,1
1743,1569,1.168805003,1.45100224,1
1743,1601,1.831380248,2.017150879,1
1743,1633,0.2131757289,1.532899141,1
1743,1665,-0.4336842597,1.332570672,1
1743,1697,-0.3854051828,0.7050282955,1
1743,1729,NaN,NaN,0
1743,1761,NaN,NaN,0
1743,1793,NaN,NaN,0
1743,1825,NaN,NaN,0
1743,1857,NaN,NaN,0
1743,1889,NaN,NaN,0
1743,1921,NaN,NaN,0
1743,1953,NaN,NaN,0
1743,1985,NaN,NaN,0
1743,2017,NaN,NaN,0
1775,33,NaN,NaN,0
1775,65,NaN,NaN,0
1775,97,NaN,NaN,0
1775,129,NaN,NaN,0
1775,161,NaN,NaN,0
1775,193,NaN,NaN,0
1775,225,0.6155866385,0.1923465133,1
1775,257,-0.06096214056,0.3709373176,1
1775,289,-0.06221693009,0.5625610948,1
1775,321,-0.2667651176,0.8339285851,1
1775,353,-0.01787807792,0.745601058,1
1775,385,0.05258039758,0.3136591315,1
1775,417,-0.4060736299,0.3644889593,1
1775,449,-0.01481798664,0.9964268804,1
1775,481,-0.1060512513,1.072275043,1
1775,513,-0.1610246599,1.082677841,1
1775,545,-0.1689008474,0.4829441309,1
1775,577,-0.2689314485,0.49868536,1
1775,609,-0.007608599961,0.9110794067,1
1775,641,0.1464468539,1.04914999,1
1775,673,0.382404387,0.687427938,1
1775,705,0.1217973605,0.5785822868,1
1775,737,-1.14495647,0.1629168689,1
1775,769,-1.302673101,0.1423060298,1
1775,801,-0.9630607963,0.5242199898,1
1775,833,-1.056592226,0.8531938195,1
1775,865,-0.7114230394,0.5494292974,1
1775,897,-1.295644999,0.6785361767,1
1775,929,-1.182286263,0.7092926502,1
1775,961,-0.4420263171,1.257779717,1
1775,993,-1.085636616,1.240572214,1
1775,1025,0.02297242731,0.290038228,1
1775,1057,0.2585636973,-0.04115128517,1
1775,1089,-0.1595289111,1.231098413,1
1775,1121,-0.3172829151,0.9266158938,1
1775,1153,-0.2306363881,0.7905663252,1
1775,1185,NaN,NaN,2
1775,1217,0.4644946456,1.017138958,1
1775,1249,0.3947547674,1.916319132,1
1775,1281,0.4929276705,1.610216379,1
1775,1313,0.6055990458,1.440466166,1
1775,1345,2.865991592,0.5062656403,1
1775,1377,2.913856268,0.8062012196,1
1775,1409,0.9615222812,1.086039186,1
1775,1441,0.2417601943,-0.1720173955,1
1775,1473,0.6001663208,0.9663439989,1
1775,1505,1.278496265,1.017289639,1
1775,1537,1.08889246,0.8521335125,1
1775,1569,0.6306117773,1.632378101,1
1775,1601,0.6237922311,2.287042141,1
1775,1633,0.5458618402,1.922153592,1
1775,1665,0.7116218805,0.5502181053,1
1775,1697,NaN,NaN,0
1775,1729,NaN,NaN,0
1775,1761,NaN,NaN,0
1775,1793,NaN,NaN,0
1775,1825,NaN,NaN,0
1775,1857,NaN,NaN,0
1775,1889,NaN,NaN,0
1775,1921,NaN,NaN,0
1775,1953,NaN,NaN,0
1775,1985,NaN,NaN,0
1775,2017,NaN,NaN,0
1807,33,NaN,NaN,0
1807,65,NaN,NaN,0
1807,97,NaN,NaN,0
1807,129,NaN,NaN,0
1807,161,NaN,NaN,0
1807,193,NaN,NaN,0
1807,225,NaN,NaN,0
1807,257,-0.2685108483,0.8172908425,1
1807,289,0.1310846061,0.9226381779,1
1807,321,-0.1132174432,0.1710986495,1
1807,353,0.1083797067,0.1838141382,1
1807,385,0.4855272174,0.1570366919,1
1807,417,-0.1093416288,0.4859602153,1
1807,449,-0.3824659884,0.9606645107,1
1807,481,-0.2337385118,1.301998138,1
1807,513,-0.5699218512,2.261282682,1
1807,545,-0.1850488782,1.550377369,1
1807,577,-0.4082644284,0.7542064786,1
1807,609,-0.5386741161,1.163841724,1
1807,641,0.5629321337,0.5300089121,1
1807,673,0.2110903114,0.4898357689,1
1807,705,-0.01287975907,0.4884161353,1
1807,737,0.1330902576,-0.08720070124,1
1807,769,-0.1436561346,0.2749794126,1
1807,801,-0.2760776281,-0.08031506836,1
1807,833,0.3011864722,-0.01447224617,1
1807,865,0.2835929692,0.03268110752,1
1807,897,-0.464763701,0.6616061926,1
1807,929,0.07610778511,1.467382431,1
1807,961,0.2801322937,0.6288682222,1
1807,993,-0.1523250192,0.3058406115,1
1807,1025,0.2559602857,0.3414503336,1
1807,1057,0.439558804,0.2541563511,1
1807,1089,-0.9175070524,0.599188745,1
1807,1121,-0.4966140389,0.3336305022,1
1807,1153,0.02975621819,0.5035066009,1
1807,1185,0.2652671039,0.5053018928,1
1807,1217,0.5838237405,0.5537311435,1
1807,1249,0.4733908772,2.147900105,1
1807,1281,1.561356068,1.388644695,1
1807,1313,1.961284876,1.159556746,1
1807,1345,3.073512554,0.2186384797,1
1807,1377,2.138211727,0.621964395,1
1807,1409,-0.04015475512,0.9882559776,1
1807,1441,-0.05616307259,0.7860816121,1
1807,1473,0.7758095264,1.531087637,1
1807,1505,1.731676936,2.281242847,1
1807,1537,2.056652308,2.16711998,1
1807,1569,0.6451099515,1.495097637,1
1807,1601,0.2243154645,1.089515924,1
1807,1633,0.06932491064,0.625977397,1
1807,1665,0.9934077859,0.05376541615,1
1807,1697,NaN,NaN,0
1807,1729,NaN,NaN,0
1807,1761,NaN,NaN,0
1807,1793,NaN,NaN,0
1807,1825,NaN,NaN,0
1807,1857,NaN,NaN,0
1807,1889,NaN,NaN,0
1807,1921,NaN,NaN,0
1807,1953,NaN,NaN,0
1807,1985,NaN,NaN,0
1807,2017,NaN,NaN,0
1839,33,NaN,NaN,0
1839,65,NaN,NaN,0
1839,97,NaN,NaN,0
1839,129,NaN,NaN,0
1839,161,NaN,NaN,0
1839,193,NaN,NaN,0
1839,225,NaN,NaN,0
1839,257,NaN,NaN,0
1839,289,-0.2421837747,0.7286142111,1
1839,321,NaN,NaN,2
1839,353,0.140426442,0.09089946747,1
1839,385,1.257575154,0.1061473191,1
1839,417,1.332235694,0.4498988986,1
1839,449,0.4203310013,1.190058947,1
1839,481,-0.2378265858,1.276541352,1
1839,513,-2.218287945,1.751369953,1
1839,545,-0.7177746892,2.148284912,1
1839,577,-0.1867885888,0.8784050941,1
1839,609,0.06405201554,0.6277729273,1
1839,641,1.28420639,-0.391964674,1
1839,673,0.03414772451,-0.1555877924,1
1839,705,0.03770449758,0.2572791278,1
1839,737,0.2757035494,0.1421466619,1
1839,769,0.3221250474,0.01978676766,1
1839,801,-0.4828676581,-0.5581405163,1
1839,833,0.1036086082,-1.11547637,1
1839,865,NaN,NaN,2
1839,897,0.2474551201,2.003348827,1
1839,929,0.3321560621,3.864053249,1
1839,961,0.7748128772,1.117346644,1
1839,993,0.7049880028,0.4105414152,1
1839,1025,0.816540122,0.5466060042,1
1839,1057,0.1694373786,-1.491034031,1
1839,1089,-0.6848751307,-0.912466228,1
1839,1121,-0.1118930057,0.1864666939,1
1839,1153,0.1513801515,0.01240244508,1
1839,1185,0.1981903911,0.03213301301,1
1839,1217,0.4093409181,-0.1860209107,1
1839,1249,-0.03343492746,0.8524289131,1
1839,1281,0.6311301589,0.1414707303,1
1839,1313,1.013822436,0.4601814151,1
1839,1345,0.7507144213,0.7371894121,1
1839,1377,-0.2690788209,0.2487648129,1
1839,1409,-0.1335366964,0.6527867317,1
1839,1441,0.02897846699,0.9004032612,1
1839,1473,0.7374076843,2.219182968,1
1839,1505,1.438027143,3.111358166,1
1839,1537,1.147533178,2.831807852,1
1839,1569,1.277288198,1.150529146,1
1839,1601,0.8585211039,-0.05200719833,1
1839,1633,NaN,NaN,0
1839,1665,NaN,NaN,0
1839,1697,NaN,NaN,0
1839,1729,NaN,NaN,0
1839,1761,NaN,NaN,0
1839,1793,NaN,NaN,0
1839,1825,NaN,NaN,0
1839,1857,NaN,NaN,0
1839,1889,NaN,NaN,0
1839,1921,NaN,NaN,0
1839,1953,NaN,NaN,0
1839,1985,NaN,NaN,0
1839,2017,NaN,NaN,0
1871,33,NaN,NaN,0
1871,65,NaN,NaN,0
1871,97,NaN,NaN,0
1871,129,NaN,NaN,0
1871,161,NaN,NaN,0
1871,193,NaN,NaN,0
1871,225,NaN,NaN,0
1871,257,NaN,NaN,0
1871,289,NaN,NaN,0
1871,321,NaN,NaN,0
1871,353,0.18815431,0.3327670693,1
1871,385,0.1576166004,0.4002637267,1
1871,417,0.259737283,0.6550949216,1
1871,449,-0.1932187527,0.381955266,1
1871,481,-0.6816135645,0.6772423983,1
1871,513,-1.409873962,1.819051147,1
1871,545,-1.540696263,1.859153271,1
1871,577,-0.1943077445,1.293869853,1
1871,609,-0.1601135433,0.8875579834,1
1871,641,0.01478403807,-0.2865936756,1
1871,673,-0.2195990086,-0.1120954752,1
1871,705,0.2763316929,-0.1885242611,1
1871,737,0.4793140292,-0.1852604896,1
1871,769,0.5156855583,-0.1106926799,1
1871,801,0.05041456223,-0.4737938344,1
1871,833,0.1118450165,-1.448533654,1
1871,865,NaN,NaN,2
1871,897,0.7766843438,0.941788733,1
1871,929,0.6363055706,2.386401176,1
1871,961,0.7189770341,0.9716041088,1
1871,993,0.5333627462,0.8582828045,1
1871,1025,0.5227358341,0.7004210949,1
1871,1057,0.1623851955,-0.7049335837,1
1871,1089,-1.153841853,0.9391191006,1
1871,1121,-2.015155077,1.122039557,1
1871,1153,-0.2970076799,0.4785352945,1
1871,1185,0.1494731456,-0.1693772674,1
1871,1217,0.73270154,-0.9352194667,1
1871,1249,0.9051461816,0.3292261362,1
1871,1281,0.479062438,0.4000906944,1
1871,1313,0.460255146,0.2373597622,1
1871,1345,0.4584636688,0.491768539,1
1871,1377,0.0192373395,-0.3305639327,1
1871,1409,-0.4101832211,-0.9684308171,1
1871,1441,-0.6531618834,-0.3207799196,1
1871,1473,-1.820001841,2.427829266,1
1871,1505,0.9124779105,3.121852636,1
1871,1537,0.972194314,2.803423405,1
1871,1569,1.183851957,1.64444828,1
1871,1601,NaN,NaN,0
1871,1633,NaN,NaN,0
1871,1665,NaN,NaN,0
1871,1697,NaN,NaN,0
1871,1729,NaN,NaN,0
1871,1761,NaN,NaN,0
1871,1793,NaN,NaN,0
1871,1825,NaN,NaN,0
1871,1857,NaN,NaN,0
1871,1889,NaN,NaN,0
1871,1921,NaN,NaN,0
1871,1953,NaN,NaN,0
1871,1985,NaN,NaN,0
1871,2017,NaN,NaN,0
1903,33,NaN,NaN,0
1903,65,NaN,NaN,0
1903,97,NaN,NaN,0
1903,129,NaN,NaN,0
1903,161,NaN,NaN,0
1903,193,NaN,NaN,0
1903,225,NaN,NaN,0
1903,257,NaN,NaN,0
1903,289,NaN,NaN,0
1903,321,NaN,NaN,0
1903,353,NaN,NaN,0
1903,385,-0.3338449597,0.3961319327,1
1903,417,-0.6024180651,0.514731288,1
1903,449,-0.4826898575,0.3934839964,1
1903,481,-0.5732058883,0.4495384693,1
1903,513,-0.5955498219,1.144939065,1
1903,545,-0.4741181135,1.75120163,1
1903,577,-0.5927117467,2.090571165,1
1903,609,-0.7197138667,1.440179586,1
1903,641,-0.4943612814,0.3890514374,1
1903,673,-0.02728411555,0.3116057217,1
1903,705,0.5961018801,0.03027718887,1
1903,737,0.6527391672,0.08428274095,1
1903,769,0.5944467783,0.2155934721,1
1903,801,0.8640027046,0.4004713893,1
1903,833,0.8319844007,-0.9189633131,1
1903,865,0.727119863,-1.469182014,1
1903,897,0.4779856801,-0.2061311305,1
1903,929,0.3004428744,0.05495554209,1
1903,961,0.719229877,0.4135100245,1
1903,993,1.145198941,0.479657948,1
1903,1025,0.9728939533,0.7235238552,1
1903,1057,0.4039084315,1.681146145,1
1903,1089,NaN,NaN,2
1903,1121,-0.404581964,1.115916967,1
1903,1153,-0.1378176957,1.412269473,1
1903,1185,0.3853405118,0.4159958959,1
1903,1217,0.7107174397,-0.5304627419,1
1903,1249,0.7445684671,0.6518964767,1
1903,1281,0.5510255694,0.8788714409,1
1903,1313,0.4478192031,0.5157021284,1
1903,1345,0.4329017997,0.2208358943,1
1903,1377,0.5587692261,-0.886572957,1
1903,1409,0.08456295729,-1.359622717,1
1903,1441,-0.03441806138,-0.1213579178,1
1903,1473,-2.229477406,2.2008214,1
1903,1505,0.1062679589,2.518970966,1
1903,1537,0.5972268581,2.52266717,1
1903,1569,1.25245285,2.566623449,1
1903,1601,NaN,NaN,0
1903,1633,NaN,NaN,0
1903,1665,NaN,NaN,0
1903,1697,NaN,NaN,0
1903,1729,NaN,NaN,0
1903,1761,NaN,NaN,0
1903,1793,NaN,NaN,0
1903,1825,NaN,NaN,0
1903,1857,NaN,NaN,0
1903,1889,NaN,NaN,0
1903,1921,NaN,NaN,0
1903,1953,NaN,NaN,0
1903,1985,NaN,NaN,0
1903,2017,NaN,NaN,0
1935,33,NaN,NaN,0
1935,65,NaN,NaN,0
1935,97,NaN,NaN,0
1935,129,NaN,NaN,0
1935,161,NaN,NaN,0
1935,193,NaN,NaN,0
1935,225,NaN,NaN,0
1935,257,NaN,NaN,0
1935,289,NaN,NaN,0
1935,321,NaN,NaN,0
1935,353,NaN,NaN,0
1935,385,0.2715612948,1.021621943,1
1935,417,0.05048525333,0.7227404118,1
1935,449,0.006888935342,0.7630510926,1
1935,481,-0.3586325645,1.072072744,1
1935,513,-1.261712074,1.598202825,1
1935,545,-0.6260641217,1.2429564,1
1935,577,-0.8237032294,1.554844022,1
1935,609,-1.169191122,2.7187953,1
1935,641,-0.9130249023,1.34965384,1
1935,673,-0.1960605383,0.5725799203,1
1935,705,0.2899790108,0.4144940674,1
1935,737,0.367572397,0.2493850291,1
1935,769,0.4293032885,0.3324766159,1
1935,801,0.5773587227,1.21091032,1
1935,833,0.5615110397,0.05068978667,1
1935,865,0.5293585658,-0.2646939754,1
1935,897,0.5626348257,-0.1807083189,1
1935,929,0.63462466,-0.4645901918,1
1935,961,0.7591631413,0.03580451012,1
1935,993,0.9101278186,0.2103487253,1
1935,1025,0.9479019642,1.306220412,1
1935,1057,NaN,NaN,2
1935,1089,NaN,NaN,2
1935,1121,-0.05604244769,1.837293386,1
1935,1153,-0.1674185991,1.918789387,1
1935,1185,-0.5979020596,1.346131802,1
1935,1217,0.5972951651,1.872002006,1
1935,1249,0.8987652063,1.58305192,1
1935,1281,0.8500051498,1.237805605,1
1935,1313,0.295922637,0.5635333061,1
1935,1345,0.4848789573,-0.06756830215,1
1935,1377,1.087792397,-0.2816390395,1
1935,1409,1.002027392,0.2979948521,1
1935,1441,0.1504976749,1.001944065,1
1935,1473,-0.1796294153,1.341362,1
1935,1505,-0.3835644126,2.027705908,1
1935,1537,-0.3310883641,1.710446119,1
1935,1569,-0.1794827878,1.515756011,1
1935,1601,NaN,NaN,0
1935,1633,NaN,NaN,0
1935,1665,NaN,NaN,0
1935,1697,NaN,NaN,0
1935,1729,NaN,NaN,0
1935,1761,NaN,NaN,0
1935,1793,NaN,NaN,0
1935,1825,NaN,NaN,0
1935,1857,NaN,NaN,0
1935,1889,NaN,NaN,0
1935,1921,NaN,NaN,0
1935,1953,NaN,NaN,0
1935,1985,NaN,NaN,0
1935,2017,NaN,NaN,0
1967,33,NaN,NaN,0
1967,65,NaN,NaN,0
1967,97,NaN,NaN,0
1967,129,NaN,NaN,0
1967,161,NaN,NaN,0
1967,193,NaN,NaN,0
1967,225,NaN,NaN,0
1967,257,NaN,NaN,0
1967,289,NaN,NaN,0
1967,321,NaN,NaN,0
1967,353,NaN,NaN,0
1967,385,NaN,NaN,0
1967,417,0.4044186771,0.7177255154,1
1967,449,-0.46209988,1.017736554,1
1967,481,0.07889404893,1.140882015,1
1967,513,0.9623128772,0.7453649044,1
1967,545,-0.1893740296,0.8083602786,1
1967,577,-0.6942880154,-0.462295115,1
1967,609,-0.594073534,1.493557215,1
1967,641,-0.1618224084,2.911474466,1
1967,673,-0.03472153842,1.375507116,1
1967,705,-0.1045357585,0.5560548306,1
1967,737,-0.09916001558,-0.6088590622,1
1967,769,0.01391798258,-0.2028422952,1
1967,801,0.3724024594,2.397799492,1
1967,833,0.2566236258,1.61258018,1
1967,865,0.2720429897,1.84696734,1
1967,897,0.6483023763,0.3440362811,1
1967,929,1.610867977,-0.2968680859,1
1967,961,1.899238348,-0.3205920458,1
1967,993,1.297584772,-0.6244098544,1
1967,1025,0.559263289,1.204757929,1
1967,1057,0.5442660451,2.087207079,1
1967,1089,-0.3980918527,0.9976261258,1
1967,1121,0.3103769422,1.290416002,1
1967,1153,0.6181100011,2.021454573,1
1967,1185,0.5141050816,1.574989676,1
1967,1217,0.6338061094,1.272928953,1
1967,1249,1.56513238,1.248593807,1
1967,1281,1.198422194,0.9926064014,1
1967,1313,0.9415272474,1.510776997,1
1967,1345,0.6023770571,-0.07063853741,1
1967,1377,0.8199242353,-0.3667481542,1
1967,1409,0.5343071222,0.8812770844,1
1967,1441,-0.1400535703,0.820825696,1
1967,1473,0.2747584879,0.0358632803,1
1967,1505,-0.1322637796,1.058467388,1
1967,1537,-0.9287843704,1.319821954,1
1967,1569,-1.119865656,1.41700089,1
1967,1601,NaN,NaN,0
1967,1633,NaN,NaN,0
1967,1665,NaN,NaN,0
1967,1697,NaN,NaN,0
1967,1729,NaN,NaN,0
1967,1761,NaN,NaN,0
1967,1793,NaN,NaN,0
1967,1825,NaN,NaN,0
1967,1857,NaN,NaN,0
1967,1889,NaN,NaN,0
1967,1921,NaN,NaN,0
1967,1953,NaN,NaN,0
1967,1985,NaN,NaN,0
1967,2017,NaN,NaN,0
1999,33,NaN,NaN,0
1999,65,NaN,NaN,0
1999,97,NaN,NaN,0
1999,129,NaN,NaN,0
1999,161,NaN,NaN,0
1999,193,NaN,NaN,0
1999,225,NaN,NaN,0
1999,257,NaN,NaN,0
1999,289,NaN,NaN,0
1999,321,NaN,NaN,0
1999,353,NaN,NaN,0
1999,385,NaN,NaN,0
1999,417,0.2364373207,0.5598679185,1
1999,449,0.1147420406,1.309036732,1
1999,481,1.2792418,0.9206312895,1
1999,513,3.037317753,0.0104881525,1
1999,545,0.7332799435,-0.2417873144,1
1999,577,-1.852648616,-0.7718623877,1
1999,609,-1.363649249,0.16211164,1
1999,641,-0.08269476891,1.118599415,1
1999,673,-0.4243088961,0.4833976626,1
1999,705,-0.888526082,0.3179834485,1
1999,737,-1.766728997,-0.4491575956,1
1999,769,-0.3163447976,-0.976375699,1
1999,801,1.176403761,-0.003224670887,1
1999,833,-0.08443376422,0.714771986,1
1999,865,-0.3920525312,2.195817947,1
1999,897,0.1513191462,1.710477352,1
1999,929,0.8727829456,0.930373013,1
1999,961,1.538204432,0.1072838306,1
1999,993,0.615223825,-0.3541451097,1
1999,1025,0.609582305,0.05715864897,1
1999,1057,-0.1833729744,-0.615044713,1
1999,1089,0.08801621199,-1.130032301,1
1999,1121,1.011911035,-0.03223317862,1
1999,1153,1.450090289,2.039232969,1
1999,1185,0.8006523848,2.069460869,1
1999,1217,0.7927312851,1.090251446,1
1999,1249,1.628970385,0.9407780766,1
1999,1281,2.078853369,0.9396568537,1
1999,1313,3.765934944,2.791033268,1
1999,1345,2.143653393,0.5850008726,1
1999,1377,0.6712012291,-0.4923065901,1
1999,1409,1.041315436,-0.1066756248,1
1999,1441,1.600846291,0.4076191187,1
1999,1473,1.907058835,-0.4819877148,1
1999,1505,0.2711769342,0.8417301178,1
1999,1537,-1.38718462,0.08562541008,1
1999,1569,-0.8975100517,0.2474167347,1
1999,1601,NaN,NaN,0
1999,1633,NaN,NaN,0
1999,1665,NaN,NaN,0
1999,1697,NaN,NaN,0
1999,1729,NaN,NaN,0
1999,1761,NaN,NaN,0
1999,1793,NaN,NaN,0
1999,1825,NaN,NaN,0
1999,1857,NaN,NaN,0
1999,1889,NaN,NaN,0
1999,1921,NaN,NaN,0
1999,1953,NaN,NaN,0
1999,1985,NaN,NaN,0
1999,2017,NaN,NaN,0
