PIVlab, ASCII chart output - 11-Jun-2024
FRAME: 56, filenames: A:[56]MAX_Pos013_1202204_TgKrt18Utr_K4K8MO.avi & B:[57]MAX_Pos013_1202204_TgKrt18Utr_K4K8MO.avi, conversion factor xy (px -> m): 1, conversion factor uv (px/frame -> m/s): 1
x [px],y [px],u [px/frame],v [px/frame],Vector type [-]
47,33,0.399930954,0.6821876168,1
47,65,-0.07396903634,-1.11057961,1
47,97,-2.171534538,-1.070579052,1
47,129,-3.840003967,-1.140814424,1
47,161,-4.000910759,-0.6822296977,1
47,193,-3.080947876,-0.8518759608,1
47,225,-2.226261616,-4.861908913,1
47,257,4.646105766,18.1348877,1
47,289,-1.175465345,-1.352384686,1
47,321,-0.6260235906,-0.7962113619,1
47,353,-0.8392314911,-0.02888822556,1
47,385,0.3845049143,-0.3586199284,1
47,417,2.378968954,-1.171260834,1
47,449,1.668790221,-1.157543898,1
47,481,-0.5679869652,-2.249350071,1
47,513,-2.005109072,-1.006443024,1
47,545,-0.6243587136,0.1150752902,1
47,577,-0.6781110764,0.3033764362,1
47,609,-1.924137592,-1.016131639,1
47,641,-2.058917046,-2.877972126,1
47,673,0.4050953388,-3.963155746,1
47,705,0.7999479771,-1.514647603,1
47,737,-2.440315247,-2.394749165,1
47,769,-0.1227343082,-0.8534159064,1
47,801,-0.09344470501,-0.6675862074,1
47,833,0.001344680786,-0.7529887557,1
47,865,0.336761713,-6.165712357,1
47,897,0.347424984,-8.027209282,1
47,929,-0.3713475466,-6.744553089,1
47,961,0.31114465,-3.336624622,1
47,993,-1.453893781,-2.106331825,1
47,1025,-7.947101593,-3.486631155,1
47,1057,-4.287472725,-0.5817475319,1
47,1089,-4.183608055,0.1453050375,1
47,1121,-1.949320793,-0.9474056959,1
47,1153,-2.194232702,-3.020356417,1
47,1185,-2.056310177,-4.140884399,1
47,1217,-2.831006765,-3.436704874,1
47,1249,-1.027635455,-1.185977936,1
47,1281,7.298939705,-16.83452225,1
47,1313,3.318482637,-16.9904232,1
47,1345,-2.420930386,-2.042753696,1
47,1377,-4.273355484,0.3911616802,1
47,1409,-4.101017475,-1.449015141,1
47,1441,-4.757911682,-2.923748493,1
47,1473,-6.274423599,-4.733468533,1
47,1505,-6.728396416,-4.512979984,1
47,1537,-5.914718628,-2.520093918,1
47,1569,-1.274302721,0.4141671658,1
47,1601,-0.8297908306,-0.3920826912,1
47,1633,1.253463745,-0.817690134,1
47,1665,2.060832262,-1.17876327,1
47,1697,-0.7182787657,-1.884662628,1
47,1729,-2.257784843,-4.85845089,1
47,1761,-3.106769562,-5.541191101,1
47,1793,-1.954319954,-5.745485306,1
47,1825,-2.30021286,-5.300105572,1
47,1857,-3.958026886,-2.357527256,1
47,1889,-3.007862091,-1.199026346,1
47,1921,-1.646373749,-1.087567329,1
47,1953,0.4319294691,0.4852065444,1
47,1985,1.153486252,2.491733551,1
47,2017,-1.027237177,-6.83713007,1
79,33,0.1577343941,1.173452258,1
79,65,-0.5741205215,-1.413246512,1
79,97,-2.378197432,-1.040191054,1
79,129,-2.905353069,-1.3903234,1
79,161,-2.778470755,-1.141923428,1
79,193,-2.048332214,-1.071977377,1
79,225,-1.567245483,-1.000833273,1
79,257,-0.3358411789,-2.104935884,1
79,289,-0.4040199518,-2.103719473,1
79,321,-0.8457511663,-1.221155167,1
79,353,-0.5683647394,-0.7090452313,1
79,385,0.1364594698,-0.6115722656,1
79,417,0.3495470285,-0.6722226143,1
79,449,-0.07530745864,-5.896728516,1
79,481,-1.712993145,-7.145265102,1
79,513,-1.383856773,-0.1938314438,1
79,545,-0.9112989902,-0.1323506236,1
79,577,-0.833981216,-0.1395303011,1
79,609,-1.252410889,-0.5335905552,1
79,641,-2.076935291,-2.388970613,1
79,673,-2.014125347,-2.649341345,1
79,705,-1.721063137,-2.159865856,1
79,737,-0.6167092323,0.08399629593,1
79,769,-0.8638496399,0.5724042058,1
79,801,-1.360532522,0.1702957749,1
79,833,-0.6889793873,0.1329100728,1
79,865,0.3995349407,-5.848810673,1
79,897,0.266204536,-5.482261658,1
79,929,0.08449655771,-2.292441368,1
79,961,-0.8226070404,-2.443363667,1
79,993,-1.09800458,-1.611017585,1
79,1025,-1.359499335,-1.175828218,1
79,1057,-1.703365564,-0.8734979033,1
79,1089,-1.749788523,-0.8054288626,1
79,1121,-1.807308674,-1.559723258,1
79,1153,-3.210846186,-3.527504444,1
79,1185,-4.068464279,-3.740067482,1
79,1217,-3.890501261,-3.761381388,1
79,1249,-3.283098936,-3.364166498,1
79,1281,-1.127855659,-2.736713171,1
79,1313,0.8342859745,-3.917932272,1
79,1345,1.724268436,-2.559470654,1
79,1377,-0.2641501427,-0.1076712608,1
79,1409,-3.211643934,-1.715166211,1
79,1441,-4.670207024,-3.983248472,1
79,1473,-4.625374794,-3.610415697,1
79,1505,-4.158942223,-3.039240599,1
79,1537,-3.741525173,-2.109129906,1
79,1569,-10.25195694,-10.28240204,1
79,1601,-0.8956623077,-1.077981949,1
79,1633,-0.1379730701,0.08646857738,1
79,1665,-0.5793919563,-0.6911942959,1
79,1697,-5.112483025,-4.097149849,1
79,1729,-5.087213993,-5.403493404,1
79,1761,-4.091363907,-7.521887779,1
79,1793,-3.42458272,-6.583451748,1
79,1825,-3.67483139,-5.497348309,1
79,1857,-4.198043823,-4.095623016,1
79,1889,-4.034502029,-2.926800251,1
79,1921,-1.952043533,-1.162104607,1
79,1953,-0.3938291073,0.04190808535,1
79,1985,0.5808050632,0.8570717573,1
79,2017,2.485961437,-4.976958275,1
111,33,18.79643631,1.314537406,1
111,65,-1.843122005,-2.482825994,1
111,97,-0.504376173,-1.812620401,1
111,129,-1.712423801,-1.442680955,1
111,161,-1.621536255,-1.305736303,1
111,193,-1.481538415,-1.285605311,1
111,225,-1.623479724,-1.171014309,1
111,257,-0.563852787,-2.973897934,1
111,289,0.1143706441,-3.855276108,1
111,321,-0.5763304234,-1.564558029,1
111,353,-0.3828496933,-1.168072581,1
111,385,0.1627084017,-0.782117486,1
111,417,-0.3002252579,-0.474186182,1
111,449,-2.210375309,-6.49742794,1
111,481,-2.416492462,-6.766129971,1
111,513,-0.2191271782,-0.1050419211,1
111,545,-0.529887557,-0.221328795,1
111,577,-0.3337810636,-0.2825978696,1
111,609,-0.8497122526,-0.3758229017,1
111,641,-1.800261497,-1.844358921,1
111,673,-2.433670044,-2.861699581,1
111,705,-3.440709352,-2.454021692,1
111,737,-3.820481777,0.8390847445,1
111,769,-2.239340305,0.293840766,1
111,801,-1.756943941,-0.1392690986,1
111,833,-0.8933952451,0.195794642,1
111,865,0.182341814,-1.048432112,1
111,897,0.4066821933,-1.447333455,1
111,929,0.3813335896,-1.235818028,1
111,961,-0.6216641665,-0.8643083572,1
111,993,-1.521255016,-0.9792898893,1
111,1025,-1.48391223,-1.08567512,1
111,1057,-0.2945821881,-1.077616334,1
111,1089,-0.2459671497,-1.201267004,1
111,1121,-1.567296505,-1.924821258,1
111,1153,-4.510988235,-4.513033867,1
111,1185,-4.840437889,-3.195057631,1
111,1217,-4.618392944,-3.695707321,1
111,1249,-3.534498692,-3.878902435,1
111,1281,-0.7668498755,-3.412088633,1
111,1313,1.075489163,-3.957627773,1
111,1345,1.366934776,-2.008321047,1
111,1377,-0.6793934107,0.0446035862,1
111,1409,-3.513435602,-1.532530904,1
111,1441,-4.153009892,-3.895956039,1
111,1473,-3.085502625,-2.476233482,1
111,1505,-1.585172176,-1.230913401,1
111,1537,-3.385951757,-2.715854168,1
111,1569,-3.196231365,-2.833007574,1
111,1601,-3.810502052,-2.001027584,1
111,1633,-3.015580416,-0.3333026171,1
111,1665,-1.675267696,-1.007651329,1
111,1697,-2.75093627,-2.644367456,1
111,1729,-3.711670399,-4.895015717,1
111,1761,-3.61784029,-5.82348156,1
111,1793,-3.266261578,-5.700303078,1
111,1825,-3.571041107,-5.332022667,1
111,1857,-4.112511158,-4.430822849,1
111,1889,-3.676301003,-2.931566954,1
111,1921,-2.490652561,-1.706519842,1
111,1953,-1.052269697,-0.6277432442,1
111,1985,-0.5605680346,-0.595168829,1
111,2017,-0.37237221,-3.313946486,1
143,33,-0.2968158722,1.045547843,1
143,65,-1.012270927,-2.074078083,1
143,97,-1.680158377,-2.751776934,1
143,129,-2.285885096,-3.357660294,1
143,161,-0.8449640274,-1.43307066,1
143,193,-0.8424622416,-1.577049017,1
143,225,-0.9550013542,-1.45069313,1
143,257,-1.127617598,-3.52961731,1
143,289,-0.8181917667,-3.431244135,1
143,321,-0.1755264997,-1.990559101,1
143,353,-0.06301414967,-2.126135588,1
143,385,0.03563427925,-0.6562993526,1
143,417,-0.3253520727,0.2090146542,1
143,449,-5.467265606,-1.142169476,1
143,481,-5.548210144,-1.554044604,1
143,513,-0.3933339119,-0.985858798,1
143,545,-1.237841725,-1.098734617,1
143,577,-3.353783607,-1.877585649,1
143,609,-1.332163095,-0.3044959903,1
143,641,-2.02076292,-1.528432727,1
143,673,-3.224350691,-4.119803429,1
143,705,-3.845714808,-2.371820211,1
143,737,-4.922227859,-1.968541622,1
143,769,-4.53843832,-4.309604168,1
143,801,-6.751289845,-5.713090897,1
143,833,-8.932888031,-2.455313921,1
143,865,-1.160848618,1.448185921,1
143,897,-0.7453098893,-0.05869674683,1
143,929,0.2272478342,-1.69952333,1
143,961,-0.9726877213,-0.623200357,1
143,993,-1.56902957,-0.5604566336,1
143,1025,-1.52185297,-0.6985880136,1
143,1057,0.3631653786,-0.6347714663,1
143,1089,-0.4872272015,-1.397599697,1
143,1121,-2.048877478,-2.962764025,1
143,1153,-2.590581894,-3.280010939,1
143,1185,-3.847290516,-2.077675581,1
143,1217,-4.227393627,-3.390463591,1
143,1249,-4.15525198,-3.896856546,1
143,1281,-1.456478596,-2.996517897,1
143,1313,0.556879282,-4.138436317,1
143,1345,0.7517052889,-1.294800997,1
143,1377,-0.7528810501,-0.654856205,1
143,1409,-3.405626297,-0.4509036541,1
143,1441,-3.992356777,-1.651081085,1
143,1473,-6.736517906,-0.7490444183,1
143,1505,-4.95868969,-2.564782619,1
143,1537,-3.311579943,-2.783472061,1
143,1569,-3.514477015,-2.947589397,1
143,1601,-4.325590134,-2.511332035,1
143,1633,-3.636563778,-1.72273016,1
143,1665,12.97340202,-12.5030899,1
143,1697,13.74148369,2.707293034,1
143,1729,-3.021179676,-5.225713253,1
143,1761,-3.181774139,-5.818910599,1
143,1793,-3.464840412,-5.715210438,1
143,1825,-4.546717644,-6.175483227,1
143,1857,-4.130447865,-4.304415226,1
143,1889,-2.639092445,-2.776637077,1
143,1921,-2.085563183,-1.767637491,1
143,1953,-1.272621155,-1.116690636,1
143,1985,-0.4370623827,-1.212623596,1
143,2017,-0.3729805946,-1.999340296,1
175,33,-0.6434694529,0.7403658628,1
175,65,-0.6794170141,-1.991953254,1
175,97,-2.756556034,-2.49544239,1
175,129,-2.936136246,-3.393231153,1
175,161,-1.180007935,-5.196659088,1
175,193,-0.3298434019,-2.585945606,1
175,225,-0.5311681628,-1.531542897,1
175,257,-2.24895978,-0.997066617,1
175,289,-2.951031208,-1.109165549,1
175,321,-0.7660505772,-1.449243307,1
175,353,-0.5002450943,-1.183576226,1
175,385,-0.7139567733,0.06552016735,1
175,417,-0.8682087064,-0.2301041484,1
175,449,-5.988566399,-2.223664761,1
175,481,-3.357817888,-4.826336861,1
175,513,-2.206666946,-4.098513603,1
175,545,-1.633840203,-1.240973353,1
175,577,-2.732013226,-0.761515379,1
175,609,-1.964547276,-0.8216754794,1
175,641,-1.583766222,-0.9388281107,1
175,673,-2.047941685,-1.371703744,1
175,705,-3.039329529,-1.725277543,1
175,737,-4.347047806,-1.868515372,1
175,769,-4.439884186,-1.895481229,1
175,801,-0.8906536102,0.01170380414,1
175,833,-1.141985655,0.8111124635,1
175,865,-1.64689374,1.162452698,1
175,897,-1.803015351,0.1269286424,1
175,929,-1.607129335,-0.41840446,1
175,961,-1.271715283,-0.4739558697,1
175,993,-1.532235026,-0.278406918,1
175,1025,-1.180414915,-0.2807224393,1
175,1057,-0.5733556747,-0.5930838585,1
175,1089,-2.0980196,-0.7852441072,1
175,1121,-4.599207878,-0.9480851889,1
175,1153,9.980394363,13.22123432,1
175,1185,-1.982218981,-0.8966047764,1
175,1217,-4.338152885,-2.445574284,1
175,1249,-5.996190548,-1.537560701,1
175,1281,-5.292375565,-1.576444149,1
175,1313,-3.407497883,-1.798673868,1
175,1345,-2.244559288,-3.492312908,1
175,1377,-2.3316679,-1.486034632,1
175,1409,-3.168503761,-0.1142981052,1
175,1441,-5.03742218,-0.5805920362,1
175,1473,-5.429657936,-1.181496143,1
175,1505,-3.91763401,-2.672352314,1
175,1537,-3.670612335,-3.212448597,1
175,1569,-3.945783854,-3.049576044,1
175,1601,-4.649396896,-3.184540987,1
175,1633,-4.908363342,-3.128534317,1
175,1665,-4.145316124,-5.002338886,1
175,1697,-2.494217634,-5.238019466,1
175,1729,-2.118588686,-5.788350582,1
175,1761,-2.994827509,-5.59675312,1
175,1793,-4.102704048,-5.015987396,1
175,1825,-3.388241768,-5.990403652,1
175,1857,-2.844307423,-3.973048925,1
175,1889,-2.285332918,-2.363287687,1
175,1921,-0.8759809732,-1.198197722,1
175,1953,-0.5710724592,-1.703717947,1
175,1985,-0.1999360323,-1.367021084,1
175,2017,-0.7075051069,-0.9057871103,1
207,33,0.06505475938,0.7181704044,1
207,65,-7.002915382,-3.205185652,1
207,97,-1.211736202,-1.025027156,1
207,129,-1.888576984,-3.911608934,1
207,161,-3.000025272,-4.251076698,1
207,193,-1.763560891,-3.835203409,1
207,225,-0.699778676,-1.607715964,1
207,257,-1.84683919,-0.263795495,1
207,289,-2.624962807,-0.5892771482,1
207,321,-1.174207926,-1.91384697,1
207,353,-1.141265512,-1.388493896,1
207,385,-0.9871131182,-0.9764866829,1
207,417,-1.484306097,-0.7584585547,1
207,449,-2.327049732,-1.11067462,1
207,481,-1.993311167,-4.121500492,1
207,513,-2.204133511,-3.093810797,1
207,545,-4.008051872,-2.446475267,1
207,577,-2.320562363,-1.300087571,1
207,609,-0.8893420696,-0.7295254469,1
207,641,-0.1337049007,-0.5912436843,1
207,673,-1.195780277,-0.8727593422,1
207,705,-2.367486477,-1.327020049,1
207,737,-2.673478127,-1.041439533,1
207,769,-1.470662355,-0.2406792045,1
207,801,-0.9771918058,0.1535574496,1
207,833,-1.997777939,1.03836751,1
207,865,-3.483566284,-0.5943414569,1
207,897,-2.295407295,-1.082082272,1
207,929,-0.8244094849,-0.3452648222,1
207,961,8.837859154,15.72579098,1
207,993,-1.34813261,-0.3264962435,1
207,1025,-1.428151011,-0.2288793325,1
207,1057,-1.474378824,-0.8005592823,1
207,1089,-2.370318413,-0.5751392841,1
207,1121,-2.942775249,-0.2964810729,1
207,1153,-2.025004387,-1.106343269,1
207,1185,-3.57889843,-1.584376335,1
207,1217,-5.158357143,-1.650206327,1
207,1249,-5.088608265,-1.61927402,1
207,1281,-5.091813087,-1.200899005,1
207,1313,-4.77477932,-1.658521891,1
207,1345,-4.214259148,-2.852482319,1
207,1377,-3.911036015,-2.319709301,1
207,1409,-4.395668507,-0.6561727524,1
207,1441,-4.650350094,-0.7270969152,1
207,1473,-2.124345779,-2.432540655,1
207,1505,-3.056134224,-3.551661491,1
207,1537,-3.871060848,-3.584546804,1
207,1569,-4.515048981,-2.759073496,1
207,1601,-4.595802307,-2.057706356,1
207,1633,-5.123075008,-3.384017706,1
207,1665,-4.356196404,-6.267329693,1
207,1697,-2.937618494,-6.334380627,1
207,1729,-2.188818216,-6.707465649,1
207,1761,-2.878346682,-5.485108852,1
207,1793,-3.304965258,-3.841207027,1
207,1825,-3.077591181,-2.804852962,1
207,1857,-2.758048773,-2.265524149,1
207,1889,-2.249033689,-1.050822735,1
207,1921,-1.366512179,-1.951820493,1
207,1953,-0.3377678394,-2.000418425,1
207,1985,-0.2530832887,-1.298578501,1
207,2017,-0.8951662779,-0.1266489029,1
239,33,0.3639759719,0.7218134403,1
239,65,-0.6693688631,-1.403332949,1
239,97,-0.3371332288,-0.4083254039,1
239,129,-0.4703658819,-0.2916016579,1
239,161,-1.980033278,-1.089811087,1
239,193,-1.844236851,-1.4869802,1
239,225,-0.5505091548,-1.542645931,1
239,257,-0.6685795188,-1.253413677,1
239,289,-0.5631297827,-1.14480567,1
239,321,-0.7271872759,-1.633446574,1
239,353,-1.117875099,-2.15729332,1
239,385,-0.2908275127,-2.023993254,1
239,417,0.1499202251,-1.702264428,1
239,449,-0.7226942182,-0.9647027254,1
239,481,-1.0335747,-0.6192204952,1
239,513,-1.68660152,-0.9643753767,1
239,545,-4.24450779,-2.599860191,1
239,577,-1.730648279,-1.188048244,1
239,609,-0.2036755085,-0.4201717377,1
239,641,0.2088257074,-0.4831917286,1
239,673,-0.8985922337,-1.098642111,1
239,705,-1.798108816,-1.367190361,1
239,737,-1.959372044,-1.101239681,1
239,769,-2.502278805,-1.060801029,1
239,801,-1.814451218,0.2829817533,1
239,833,-4.518476009,1.263065338,1
239,865,-2.158494473,-0.07227898389,1
239,897,-1.41119945,-1.38066268,1
239,929,-0.6536512375,17.72683716,1
239,961,-18.80648613,7.368565083,1
239,993,-0.9786288738,-0.6827893257,1
239,1025,-1.42091465,-0.916282177,1
239,1057,-1.6637429,-0.4241900444,1
239,1089,-2.152919769,-0.8549881577,1
239,1121,-2.217670441,-0.6066969037,1
239,1153,-2.382998943,-1.230011463,1
239,1185,-2.985610008,-2.362309933,1
239,1217,-3.827177048,-1.852692604,1
239,1249,-3.703078747,-1.589497566,1
239,1281,-3.779983044,-1.57905829,1
239,1313,-4.567715645,-1.879527092,1
239,1345,-4.972577095,-2.171611786,1
239,1377,-5.007013321,-2.529118538,1
239,1409,-4.765489578,-2.049386024,1
239,1441,-3.932715416,-1.869348764,1
239,1473,-2.611586571,-21.57849503,1
239,1505,-2.218883991,-3.467948675,1
239,1537,-4.367702484,-1.690481901,1
239,1569,-5.063578606,-1.50142312,1
239,1601,-4.616233826,-1.729342937,1
239,1633,-3.98644352,-3.082642794,1
239,1665,-3.375634909,-5.998262405,1
239,1697,-3.2093153,-7.032714367,1
239,1729,-2.702722073,-7.062779427,1
239,1761,-2.327165604,-5.44490099,1
239,1793,-2.116847038,-3.234760284,1
239,1825,-2.411143541,-1.020886898,1
239,1857,-3.009812593,-0.5509502888,1
239,1889,-2.873942137,-1.106176376,1
239,1921,-2.056966782,-2.797310829,1
239,1953,-1.156961799,-2.371412516,1
239,1985,-0.6062419415,-1.593591571,1
239,2017,-0.7987009883,-0.1304781437,1
271,33,0.4539229274,0.8975453377,1
271,65,-0.4509291053,-0.7363438606,1
271,97,-1.214618921,-0.5576273203,1
271,129,-1.268633962,-0.7343777418,1
271,161,-1.374532461,-0.7541868687,1
271,193,-1.180308819,-0.6370409727,1
271,225,-0.7400110364,-1.585757613,1
271,257,-0.7183861732,-1.440168619,1
271,289,-0.9457079172,-1.083385348,1
271,321,-0.6741234064,-1.364736319,1
271,353,-0.262681365,-1.721053004,1
271,385,0.2393187284,-1.744912624,1
271,417,0.3882718086,-1.712742329,1
271,449,-0.4631932378,-0.9445617199,1
271,481,-0.8997576833,-0.7123091221,1
271,513,-0.9178408384,-0.8332844973,1
271,545,-1.460360765,-1.226348281,1
271,577,-0.9571712017,-0.8093029857,1
271,609,-0.9313637614,-0.09002387524,1
271,641,-1.141086936,-0.6110305786,1
271,673,-2.516871452,-1.399612546,1
271,705,-3.763867378,-0.4394087791,1
271,737,-4.216379166,-0.08893477917,1
271,769,-4.149357796,-0.548900187,1
271,801,-3.104443073,-0.5885229111,1
271,833,-4.051866055,-0.05885896087,1
271,865,-1.93599081,0.4539237916,1
271,897,-1.216267467,0.1316363215,1
271,929,-5.490102768,-2.872518778,1
271,961,-3.041259766,-1.133197308,1
271,993,-0.5161480904,-0.6505189538,1
271,1025,-2.392661095,-0.8923447728,1
271,1057,-1.839897156,-0.3358221352,1
271,1089,-1.635807514,-0.01665443182,1
271,1121,-1.35782516,-0.2055441141,1
271,1153,-1.760069728,-0.8602895737,1
271,1185,-2.328084469,-2.199915648,1
271,1217,-2.681189537,-2.359009504,1
271,1249,-3.025455236,-1.246061802,1
271,1281,-3.58536315,-1.136271238,1
271,1313,-4.663311481,-2.15173912,1
271,1345,-5.237822056,-2.215720892,1
271,1377,-4.938409328,-2.411364555,1
271,1409,-4.724617958,-2.200731277,1
271,1441,-3.482414722,-1.694013834,1
271,1473,-3.193170071,-21.29339218,1
271,1505,-2.275471687,-1.448318362,1
271,1537,-4.571866512,0.2047966719,1
271,1569,-4.719474792,-0.001332640648,1
271,1601,-4.268387318,-1.144398928,1
271,1633,-3.85798955,-3.002768278,1
271,1665,-3.038985252,-5.332900047,1
271,1697,-3.008631706,-6.203864098,1
271,1729,-2.844362974,-5.811248779,1
271,1761,-2.512686253,-5.48418951,1
271,1793,-2.631302834,-4.633455276,1
271,1825,-3.350764751,-3.475483894,1
271,1857,-3.133093834,-1.621877193,1
271,1889,-3.069299698,-1.393264413,1
271,1921,-1.703731179,-3.644995213,1
271,1953,-0.4153045416,-2.079059601,1
271,1985,-1.048931599,-1.166098475,1
271,2017,-1.018808961,-0.01514160633,1
303,33,0.4263017774,1.266923666,1
303,65,-0.5512204766,-0.1398717463,1
303,97,-1.582063675,-0.5737498999,1
303,129,-2.223991871,-1.152486086,1
303,161,-1.94215858,-1.183422923,1
303,193,-1.909211516,-1.146716952,1
303,225,-1.198652864,-1.531262636,1
303,257,-0.4475358129,-1.552828312,1
303,289,-0.3474971652,-1.393610358,1
303,321,-0.3276446462,-1.599837422,1
303,353,0.06064766645,-1.863321424,1
303,385,0.1470454335,-2.153357029,1
303,417,-0.4814347625,-1.649030685,1
303,449,-1.297810078,-1.126645446,1
303,481,-1.411299706,-1.015008092,1
303,513,-1.029422283,-1.137374759,1
303,545,-0.8014177084,-1.623023272,1
303,577,-0.3091729879,-0.3567202687,1
303,609,-0.5429193974,-0.2093106508,1
303,641,-0.9591491818,-0.5740496516,1
303,673,-1.615205288,-0.7818408012,1
303,705,-3.395707607,-0.3624550104,1
303,737,-3.823223114,-0.5913716555,1
303,769,-2.555958509,-0.9665214419,1
303,801,-2.756261587,-0.8196436167,1
303,833,-4.374784946,-0.8334047794,1
303,865,-2.018972158,-0.2946398258,1
303,897,-2.031794071,-0.6759115458,1
303,929,-1.853118062,-1.038144588,1
303,961,-1.118821859,-1.191910267,1
303,993,-0.1980484724,-0.9674412012,1
303,1025,-1.147257686,-0.342502296,1
303,1057,-2.416740894,0.09083878994,1
303,1089,-1.607746124,0.02827498317,1
303,1121,-0.7948796749,-0.397508204,1
303,1153,-0.9821676016,-1.19944942,1
303,1185,-1.956949472,-2.510343075,1
303,1217,-2.626271009,-2.601914644,1
303,1249,-3.150793314,-2.132077456,1
303,1281,-3.557993174,-1.93825984,1
303,1313,-4.170695782,-1.985029936,1
303,1345,-5.013319016,-2.858792543,1
303,1377,-3.472000837,-2.00215745,1
303,1409,-18.9447403,-13.4591465,1
303,1441,-2.56551981,-1.613111377,1
303,1473,-2.616661072,-0.9735206366,1
303,1505,-3.500082016,0.7245197296,1
303,1537,-3.409575462,1.612762451,1
303,1569,-3.322573662,-0.02963936329,1
303,1601,-3.868727684,-1.616872311,1
303,1633,-4.265949726,-3.383476257,1
303,1665,-2.660021305,-5.463572502,1
303,1697,-2.346287012,-6.08067131,1
303,1729,-2.893389463,-5.117327213,1
303,1761,-2.819674492,-5.300601006,1
303,1793,-2.206695318,-5.13720417,1
303,1825,-1.845234394,-4.149194717,1
303,1857,-1.506409526,-2.248796225,1
303,1889,-1.559083104,-1.979241848,1
303,1921,-1.203167677,-2.059406042,1
303,1953,-0.8389365077,-1.830402017,1
303,1985,-0.9427622557,-0.5165102482,1
303,2017,-0.9128355384,-0.1678591669,1
335,33,0.05855995417,1.635189772,1
335,65,-1.065751553,-0.2165908664,1
335,97,-1.691275835,-0.7397876978,1
335,129,-2.289265633,-0.9015469551,1
335,161,-2.309137344,-1.198895454,1
335,193,-1.696909904,-1.479285955,1
335,225,-1.314831734,-1.410520434,1
335,257,-1.120029688,-1.545506001,1
335,289,-0.5691428781,-1.546629786,1
335,321,-0.5505073667,-1.825131416,1
335,353,-0.6575958133,-2.607817173,1
335,385,0.1936086714,-2.610755444,1
335,417,-0.7153188586,-1.968117833,1
335,449,-1.831918955,-1.563196301,1
335,481,-0.9535058737,-1.274521351,1
335,513,-0.6401536465,-1.738863707,1
335,545,-0.2792283893,-2.42445755,1
335,577,-0.03993201256,-0.5142080784,1
335,609,0.1688526273,-0.7474623322,1
335,641,-0.6696181297,-1.323317289,1
335,673,-1.159697056,-1.353307247,1
335,705,-2.237746477,-2.573184967,1
335,737,-3.825358629,-2.802575111,1
335,769,-2.612076759,-1.644103646,1
335,801,-3.011222124,-2.087363243,1
335,833,-3.914174795,-1.751387835,1
335,865,-2.710449696,-1.797091722,1
335,897,-2.794118881,-1.704133034,1
335,929,-2.291400433,-1.381272316,1
335,961,-0.9603004456,-1.457362175,1
335,993,-0.1925469637,-1.191863298,1
335,1025,-0.783044517,-0.5604758263,1
335,1057,-1.804895163,0.1802039146,1
335,1089,-1.267877579,0.519015789,1
335,1121,-1.046318054,-0.5440918207,1
335,1153,-0.8198330402,-1.738241196,1
335,1185,-1.979943514,-3.955313683,1
335,1217,-2.319642067,-3.398085117,1
335,1249,-3.07621789,-4.08541584,1
335,1281,-3.50310111,-2.519907236,1
335,1313,-3.19938302,-1.367111444,1
335,1345,-3.836291313,-1.463498473,1
335,1377,-3.271091461,-1.383569479,1
335,1409,-4.672662735,-2.357722759,1
335,1441,-2.991922617,-1.005878448,1
335,1473,-4.217177868,0.08473789692,1
335,1505,-4.677012444,0.5660940409,1
335,1537,-2.860033512,0.5659803152,1
335,1569,-2.72586751,-0.8875578642,1
335,1601,-3.296424866,-3.4320755,1
335,1633,-2.915964603,-4.551062584,1
335,1665,-2.750165462,-4.414057732,1
335,1697,-2.334032059,-4.462888718,1
335,1729,-1.762242675,-4.48028183,1
335,1761,-1.283774376,-4.6182127,1
335,1793,-0.722656846,-4.196430683,1
335,1825,-0.4258799553,-3.135376692,1
335,1857,0.136669755,-2.839067936,1
335,1889,-0.07657635212,-2.781471252,1
335,1921,-0.3467568159,-2.256783485,1
335,1953,-0.4520945549,-1.713151813,1
335,1985,-2.749839783,-3.939232826,1
335,2017,-0.2777622342,-1.039666295,1
367,33,-0.5467091203,1.727804303,1
367,65,-2.128417492,-0.4737744629,1
367,97,-2.249333858,-0.9437358379,1
367,129,-2.217726469,-1.622321248,1
367,161,-3.078412056,-2.363781214,1
367,193,-1.921307683,-1.915982246,1
367,225,-1.664561391,-1.896671176,1
367,257,-1.579631805,-1.801585436,1
367,289,-0.8771387935,-1.701719284,1
367,321,-1.013705969,-3.099744558,1
367,353,-1.355017185,-2.822531462,1
367,385,0.7993780375,-0.9601119757,1
367,417,-0.1364481449,-1.438670039,1
367,449,-1.198424578,-2.100631952,1
367,481,-0.912458539,-2.289489985,1
367,513,-0.6912509203,-2.798997402,1
367,545,-0.3537662029,-2.776821136,1
367,577,0.2201116681,-1.716890454,1
367,609,0.6858949065,-1.522287369,1
367,641,-0.4188465178,-1.758663297,1
367,673,-0.8833954334,-1.290516019,1
367,705,-1.464595556,-1.217126489,1
367,737,-3.783301115,-1.299184322,1
367,769,-2.904312372,-1.247891068,1
367,801,-1.991984129,-2.285790682,1
367,833,-2.284430981,-2.773488045,1
367,865,-2.355391741,-2.476566792,1
367,897,-2.335804701,-3.134231091,1
367,929,-1.572688818,-2.011968851,1
367,961,-1.178347707,-1.571093917,1
367,993,-0.8077962995,-1.300192595,1
367,1025,-0.6305708289,-0.8603512645,1
367,1057,-0.7964274883,-0.3146941066,1
367,1089,-1.873562336,-0.2244201899,1
367,1121,-1.563263893,-0.7089141011,1
367,1153,-0.7620106936,-1.910476446,1
367,1185,-2.092769861,-3.63993144,1
367,1217,-2.362482786,-3.583055019,1
367,1249,-3.404252529,-4.545948982,1
367,1281,-3.630796909,-2.583711147,1
367,1313,-1.684215069,0.04104351997,1
367,1345,-4.639836311,-1.692571044,1
367,1377,-3.472450495,-1.318183184,1
367,1409,-2.775030613,-1.959488034,1
367,1441,-3.36450243,-1.520498872,1
367,1473,-5.423257828,-0.7214833498,1
367,1505,-5.282322884,-0.9835672379,1
367,1537,-2.655584574,-1.146764517,1
367,1569,-2.450315952,-1.843792439,1
367,1601,-2.850973845,-3.582639933,1
367,1633,-2.728258133,-4.825889587,1
367,1665,-2.49946928,-3.899110317,1
367,1697,-1.784682512,-4.227404594,1
367,1729,-1.593465924,-3.761062145,1
367,1761,-0.5687563419,-4.17660141,1
367,1793,0.4729936719,-4.200229645,1
367,1825,-0.4562610388,-4.170363426,1
367,1857,0.1369885206,-4.470170975,1
367,1889,0.2395920753,-4.456900597,1
367,1921,-1.024096966,-5.210659504,1
367,1953,-0.058054775,-1.564066291,1
367,1985,-0.3092144728,-1.992946148,1
367,2017,-0.1760093272,-2.364790916,1
399,33,-0.3393936157,1.456184268,1
399,65,-0.9613331556,-0.8110721111,1
399,97,-0.5847271681,-1.112805843,1
399,129,-1.043712378,-2.340517044,1
399,161,-2.071450233,-2.141313076,1
399,193,-0.9823061228,-2.62024641,1
399,225,-0.6843989491,-1.972205877,1
399,257,-1.813645601,-2.313076019,1
399,289,-1.120092869,-2.157758474,1
399,321,-1.184551001,-2.578672886,1
399,353,-0.7196580768,-1.707377791,1
399,385,-0.4897395372,-1.207564116,1
399,417,-0.961066246,-1.418321609,1
399,449,-2.324338198,-3.563146591,1
399,481,-1.63488245,-2.595710754,1
399,513,-1.272769213,-2.565753937,1
399,545,-1.342270732,-2.954471827,1
399,577,-0.399768889,-1.66136837,1
399,609,0.4661862254,-1.402840853,1
399,641,-0.06154793501,-0.9005360603,1
399,673,-0.4862148762,-1.152185082,1
399,705,-0.9269480705,-1.074054122,1
399,737,-1.70343399,-0.6702077985,1
399,769,-1.506868005,-1.031573057,1
399,801,-1.43421936,-0.9996663928,1
399,833,-1.718683362,-1.913198352,1
399,865,-0.8257766962,-1.641187191,1
399,897,-0.9499651194,-2.644681454,1
399,929,-0.9550449848,-2.677002907,1
399,961,-0.8528096676,-1.655036807,1
399,993,-1.09403193,-1.319489479,1
399,1025,-0.7486251593,-0.8231878877,1
399,1057,-0.1646193266,-0.4681805372,1
399,1089,-0.7562087774,-0.4912568927,1
399,1121,-3.722904682,-0.9405764341,1
399,1153,-3.361165285,-2.452417374,1
399,1185,-2.025570154,-2.293359995,1
399,1217,-2.737679005,-2.9916749,1
399,1249,-3.584702015,-3.231507301,1
399,1281,-4.172858238,-2.273984909,1
399,1313,-1.436794519,1.086598873,1
399,1345,-1.709400773,-0.2619228363,1
399,1377,-1.408062935,-1.409526229,1
399,1409,-2.188510895,-1.767701268,1
399,1441,-3.361616373,-2.385926485,1
399,1473,-3.858960152,-2.326639414,1
399,1505,-3.188479185,-1.921972156,1
399,1537,-2.42240715,-1.952163219,1
399,1569,-2.70947957,-2.943001986,1
399,1601,-2.320981979,-4.037423134,1
399,1633,-1.757983923,-4.052165031,1
399,1665,-1.277214408,-4.53881216,1
399,1697,-1.055879712,-4.516136646,1
399,1729,-1.14014101,-2.584798336,1
399,1761,-0.8932592869,-3.518917561,1
399,1793,-0.7192533016,-3.931189537,1
399,1825,-0.9674324989,-4.336511612,1
399,1857,0.04633337259,-6.690461636,1
399,1889,-0.5834705234,-6.289206028,1
399,1921,-1.874753356,-4.855221748,1
399,1953,-1.090477228,-3.601626635,1
399,1985,-0.3619708717,-1.446006298,1
399,2017,0.08854857087,-2.995513439,1
431,33,-0.4353279769,1.05503273,1
431,65,-0.7699247003,-1.140310168,1
431,97,0.117508471,-0.9625520706,1
431,129,-0.1288821101,-1.211708069,1
431,161,-0.1599670649,-1.431170464,1
431,193,0.3458291888,-2.967794895,1
431,225,0.6871734262,-1.976195574,1
431,257,-0.5949081182,-2.633750677,1
431,289,-0.7592230439,-3.270123482,1
431,321,-0.6973369122,-2.261298418,1
431,353,-1.106868982,-1.842375398,1
431,385,-1.031093121,-1.619801283,1
431,417,-1.576205969,-1.513081074,1
431,449,-2.611104965,-3.92275691,1
431,481,-2.078537941,-2.302258968,1
431,513,-2.066586494,-1.934027076,1
431,545,-2.189169407,-1.745879531,1
431,577,-0.616109252,-0.4557701349,1
431,609,-0.4618923068,-1.016620398,1
431,641,-0.5914465189,-0.7228326797,1
431,673,-0.3340416551,-1.316210866,1
431,705,-0.3747102022,-1.740005732,1
431,737,-0.6596250534,-0.7538689971,1
431,769,-0.8773502707,-0.439899385,1
431,801,-0.6394104958,0.3852287531,1
431,833,-0.8662637472,0.3098346889,1
431,865,-0.4833282828,-0.28698349,1
431,897,0.0985366106,-0.8241890669,1
431,929,-0.3547558784,-0.7794041634,1
431,961,-1.0989362,-0.9993042946,1
431,993,-1.429414749,-1.277698994,1
431,1025,-1.190886497,-0.8242387772,1
431,1057,-0.2754473686,-0.3668935895,1
431,1089,-1.05790329,-0.8061023355,1
431,1121,-1.724949956,-0.679320097,1
431,1153,-3.343268871,0.4489459991,1
431,1185,-4.203957081,0.1823306084,1
431,1217,-2.365403175,-4.06618309,1
431,1249,-2.63752389,-3.878305674,1
431,1281,-2.994356155,-2.492793322,1
431,1313,-1.593402624,-0.8628509045,1
431,1345,-1.1052953,-0.04707896709,1
431,1377,-1.043748975,-1.244004369,1
431,1409,-1.817268372,-1.972142935,1
431,1441,-3.045995951,-2.638989925,1
431,1473,-3.314352274,-3.136653185,1
431,1505,-2.346147537,-2.142039299,1
431,1537,-3.037626266,-2.776830435,1
431,1569,-2.650203228,-4.109528065,1
431,1601,-2.078879595,-4.125125408,1
431,1633,-0.9766695499,-3.652548552,1
431,1665,-0.5549558401,-3.756383419,1
431,1697,-0.6157100797,-3.852577209,1
431,1729,-0.4683098197,-3.188269615,1
431,1761,0.3231514394,-7.190411091,1
431,1793,-1.047795773,-4.493899822,1
431,1825,-0.3145834208,-5.054135323,1
431,1857,0.8408638239,-6.49367857,1
431,1889,-0.3570027947,-4.753704071,1
431,1921,-1.000512242,-4.860177994,1
431,1953,-0.4628645182,-5.858904362,1
431,1985,-0.4878005683,-6.141379356,1
431,2017,0.1062241942,-2.321885824,1
463,33,-0.4418569803,0.6921772361,1
463,65,-1.008012772,-0.4386163652,1
463,97,-0.6336742043,-0.02807605267,1
463,129,-0.4573957026,0.2069480419,1
463,161,-0.2970033884,-1.206264734,1
463,193,0.1272794604,-2.036196709,1
463,225,0.9857720733,-1.894753218,1
463,257,0.7426393628,-2.102203846,1
463,289,-0.10462749,-2.411673069,1
463,321,-0.6112961173,-2.037447929,1
463,353,-0.5479964018,-3.398295403,1
463,385,-0.5717523098,-3.932748318,1
463,417,-0.7764330506,-2.244345903,1
463,449,-1.058976293,-3.940126896,1
463,481,-1.444655061,-2.763952971,1
463,513,-1.224565506,-1.039975166,1
463,545,-0.4998846054,-0.4779312611,1
463,577,-0.2308749557,-0.6358444691,1
463,609,-0.7169122696,-0.7902934551,1
463,641,-1.011598587,-0.1075216532,1
463,673,-1.171065569,-0.6950733662,1
463,705,-0.7374363542,-1.369628191,1
463,737,-0.3090587258,-0.434630543,1
463,769,-0.631470561,0.2949936986,1
463,801,-0.5783675909,1.076188087,1
463,833,-1.054656982,0.9092390537,1
463,865,-1.068451047,1.003451586,1
463,897,-0.432371974,-0.05744481087,1
463,929,-0.9811140895,-0.3478097916,1
463,961,-2.056928635,-0.826343894,1
463,993,-2.678863287,-1.798889637,1
463,1025,-1.29382062,-1.027027249,1
463,1057,-0.6767930984,-0.7857220173,1
463,1089,0.03377819061,-1.414656162,1
463,1121,0.4333121777,-1.995968103,1
463,1153,-1.530460477,0.632106781,1
463,1185,-4.414966583,1.20268333,1
463,1217,-1.476084232,-1.648660898,1
463,1249,-1.617561579,-2.872956276,1
463,1281,-2.313424826,-2.592121363,1
463,1313,-1.652374148,-1.358191133,1
463,1345,-0.9727120399,0.2099647522,1
463,1377,-0.9502871037,-1.032095671,1
463,1409,-1.659265399,-2.177567244,1
463,1441,-2.501687288,-3.346437693,1
463,1473,-3.403343678,-3.681624889,1
463,1505,-1.911133528,-1.715250254,1
463,1537,-1.941618323,-2.448907852,1
463,1569,-1.450000048,-3.135814428,1
463,1601,-1.891648412,-4.223847866,1
463,1633,-1.312272549,-3.884145975,1
463,1665,-0.798730135,-3.583483934,1
463,1697,-0.5109511018,-3.735170841,1
463,1729,0.2063364983,-3.751764059,1
463,1761,0.9997624159,-6.771945,1
463,1793,0.08644613624,-5.380703926,1
463,1825,1.250427246,-4.504138947,1
463,1857,0.8654946685,-4.548388481,1
463,1889,0.04386121035,-3.328418732,1
463,1921,0.4972980618,-2.73247695,1
463,1953,-0.3828527629,-7.949978352,1
463,1985,-0.8925089836,-6.062020779,1
463,2017,-0.5958113074,-0.5752272606,1
495,33,-0.6523222327,0.3400497139,1
495,65,-1.028039932,0.2446756661,1
495,97,-1.027638435,0.3721059859,1
495,129,-0.6756485105,0.5128754377,1
495,161,-0.3076050878,-0.622143507,1
495,193,0.2637190223,-1.560157418,1
495,225,0.6561745405,-1.50561583,1
495,257,0.7941070199,-1.370471001,1
495,289,0.1242500767,-0.8916387558,1
495,321,0.02976624668,-0.9172760248,1
495,353,0.5422625542,-3.73283577,1
495,385,0.2622178793,-4.798498154,1
495,417,-0.1214702725,-2.790259838,1
495,449,-1.090699553,-3.335073948,1
495,481,-0.6589688659,-3.475116968,1
495,513,1.046489596,-1.986032724,1
495,545,0.3409161568,-1.535806537,1
495,577,-0.05261003971,-1.315399408,1
495,609,-0.05492913723,-1.068238616,1
495,641,-0.0756560564,-0.6634950638,1
495,673,-0.3386693299,-0.527679801,1
495,705,-0.8441221118,-0.9166012406,1
495,737,-0.5984792113,-0.3677443862,1
495,769,-1.051646948,0.9325245023,1
495,801,-1.30173099,0.2291613221,1
495,833,-0.9530642629,-0.6203246713,1
495,865,-1.339846134,0.1481806934,1
495,897,-1.356890202,0.4645703733,1
495,929,-1.235345483,0.5107033849,1
495,961,-1.681584716,-0.2592352629,1
495,993,-2.162536144,-1.489332438,1
495,1025,-2.127512932,-1.62391305,1
495,1057,-2.065906525,-1.525791645,1
495,1089,-0.2694451809,-2.073384285,1
495,1121,-1.05488801,-0.6674087644,1
495,1153,-2.744412184,-0.1919585168,1
495,1185,-0.6626505852,0.6218817234,1
495,1217,-0.3306251764,0.6595005393,1
495,1249,-0.8826380372,-1.093482256,1
495,1281,-0.9831748605,-1.768437624,1
495,1313,-0.949532032,-1.014872551,1
495,1345,-1.027039409,0.5584744215,1
495,1377,-1.252944112,-0.6577237844,1
495,1409,-1.621240616,-1.657899857,1
495,1441,-1.836663008,-2.69705224,1
495,1473,-5.598358154,-1.732011795,1
495,1505,-1.425422907,-1.871721268,1
495,1537,-0.5801917315,-0.9381785393,1
495,1569,-0.4475176334,-2.784631014,1
495,1601,-1.129451752,-4.184301853,1
495,1633,-0.9149067402,-4.408164024,1
495,1665,-0.9759715199,-5.225465775,1
495,1697,-1.107504845,-4.361346245,1
495,1729,-0.4287958145,-3.538254499,1
495,1761,0.02062311769,-3.305467129,1
495,1793,-0.3512093425,-2.75053668,1
495,1825,0.04764601588,-2.517446518,1
495,1857,0.1695315838,-1.994372368,1
495,1889,0.09733375162,-2.158032656,1
495,1921,0.3242686689,-2.114557981,1
495,1953,-0.03411829472,-2.30670929,1
495,1985,-1.861038208,-5.429817677,1
495,2017,-1.569643736,0.05317318439,1
527,33,-1.185156465,0.09208378196,1
527,65,-0.9530959129,0.511775732,1
527,97,-0.7791177034,0.1957753897,1
527,129,-0.2110026777,0.02044284344,1
527,161,-0.0459446907,-0.1240523458,1
527,193,0.03223563731,-0.5990209579,1
527,225,-1.189217687,-0.8236769438,1
527,257,-1.458140492,-0.9578498602,1
527,289,-0.3980196714,-0.9739798307,1
527,321,0.6315922737,-0.4967139959,1
527,353,1.740889549,-2.308219433,1
527,385,1.071434975,-3.583483219,1
527,417,1.092825055,-3.180826902,1
527,449,-0.3671848178,-3.378510237,1
527,481,0.07721376419,-4.914131641,1
527,513,1.105287671,-4.562736511,1
527,545,0.7430186272,-3.850477219,1
527,577,0.3265960515,-1.444079041,1
527,609,0.3556196094,-1.580543518,1
527,641,0.2955969274,-2.218202591,1
527,673,-0.2309849262,-1.551772118,1
527,705,-1.116790771,-0.5649670959,1
527,737,-0.8815532923,0.1777769923,1
527,769,-0.5666669011,0.2231431305,1
527,801,-0.4433899522,-0.1002285182,1
527,833,-0.5642420053,-0.80572474,1
527,865,-1.268131495,-0.3972173631,1
527,897,-2.224018335,0.6272573471,1
527,929,-0.7276347876,1.424760818,1
527,961,-0.6887279749,0.8242407441,1
527,993,-1.981451631,-0.5271579623,1
527,1025,-2.277721405,-1.337692142,1
527,1057,-3.025661945,-1.95520401,1
527,1089,-2.220950603,-1.747135043,1
527,1121,-2.542879581,-0.5212808847,1
527,1153,-2.331349373,-0.723683238,1
527,1185,-0.812245965,-0.3330314159,1
527,1217,-0.3504282236,-0.585837841,1
527,1249,-0.2437614202,-0.7962706089,1
527,1281,-0.5167691708,-1.017958283,1
527,1313,-0.6448818445,-0.903677702,1
527,1345,-0.7488151789,-0.284673214,1
527,1377,-1.407541156,-0.5143431425,1
527,1409,-1.954104662,-1.740398765,1
527,1441,-2.351133347,-2.403110504,1
527,1473,-3.50893569,-2.889382839,1
527,1505,-0.9934198856,-1.657741785,1
527,1537,-2.199664593,-2.794736862,1
527,1569,-2.43713975,-3.532238483,1
527,1601,-1.309616923,-4.144579887,1
527,1633,-0.9272766113,-4.753442764,1
527,1665,2.198707581,-5.177278519,1
527,1697,0.3399384022,-5.212361336,1
527,1729,-1.330969334,-4.414915085,1
527,1761,-1.942571402,-3.822169781,1
527,1793,-1.710184097,-1.279438257,1
527,1825,-1.353556991,-2.476161003,1
527,1857,-0.169552058,-2.613007545,1
527,1889,0.1064424813,-1.802231789,1
527,1921,0.1980464756,-1.516687393,1
527,1953,-0.2037255168,-1.836942315,1
527,1985,-1.555670619,-5.548524857,1
527,2017,-2.345633984,-0.5688564777,1
559,33,-1.817478061,0.2580554485,1
559,65,-0.9953958392,0.6915664077,1
559,97,-0.426548481,0.2125994265,1
559,129,0.1560950279,0.02413272858,1
559,161,0.06450265646,0.1247073337,1
559,193,-0.6117162108,0.03155620396,1
559,225,-1.03992939,-0.07740712166,1
559,257,-2.000181675,-0.1615604162,1
559,289,-1.227809072,-1.226136565,1
559,321,0.5676285028,-0.8748155832,1
559,353,0.7576944232,-1.330997109,1
559,385,0.7654664516,-2.164568424,1
559,417,1.52474618,-2.561575413,1
559,449,0.5693684816,-2.192826033,1
559,481,-0.5542422533,-1.734310508,1
559,513,0.4722262323,-1.092757225,1
559,545,0.7680559158,-0.9928867817,1
559,577,0.7496388555,-1.454467535,1
559,609,1.044000149,-2.984078407,1
559,641,1.506462932,-4.179110527,1
559,673,0.1169442534,-3.818301916,1
559,705,-0.6225542426,-1.139832616,1
559,737,-0.300889045,-0.2857253551,1
559,769,-0.1673812866,-0.6185042858,1
559,801,-0.06350195408,-0.8588995337,1
559,833,-0.7886118889,-0.5354905128,1
559,865,-0.5942602158,-0.9411220551,1
559,897,-1.330252051,0.1818279326,1
559,929,-1.101436496,1.486655712,1
559,961,-1.078254223,1.484807372,1
559,993,-1.416450858,0.07392543554,1
559,1025,-1.167415857,-1.206403136,1
559,1057,-1.967765689,-2.382043839,1
559,1089,-1.763081312,-2.154291391,1
559,1121,-1.190325141,-1.18042326,1
559,1153,-1.415168881,-1.22928226,1
559,1185,-0.9981235862,-1.061111689,1
559,1217,-0.3796057999,-1.26550746,1
559,1249,-0.06955659389,-1.17825079,1
559,1281,-0.1288346648,-0.8929949999,1
559,1313,-0.3026450276,-0.774522841,1
559,1345,-0.4139425755,-0.9413571358,1
559,1377,-1.009989142,-0.8951239586,1
559,1409,-2.244370699,-2.398689985,1
559,1441,-3.558587551,-4.300137043,1
559,1473,-3.863510132,-4.038797855,1
559,1505,-1.980867147,-2.279201269,1
559,1537,-2.284228802,-3.106541395,1
559,1569,-1.360259891,-2.425651789,1
559,1601,-1.132723093,-3.213290215,1
559,1633,-0.9722363949,-4.934975147,1
559,1665,-0.1803467274,-5.483480453,1
559,1697,-1.456284165,-5.633450985,1
559,1729,-2.323216915,-5.531168461,1
559,1761,-2.533884287,-4.237338066,1
559,1793,-1.519483089,-2.429077625,1
559,1825,-0.6807851791,-1.171088219,1
559,1857,-0.6008476019,-4.101176739,1
559,1889,-0.7772879601,-2.687201262,1
559,1921,-1.837050319,-1.789972782,1
559,1953,-4.253699303,-3.483469486,1
559,1985,-4.021123409,-4.590358257,1
559,2017,-2.449552059,-0.6201828718,1
591,33,-1.915369153,0.5993255377,1
591,65,-1.117871761,0.5630653501,1
591,97,-0.4560106993,0.4136672318,1
591,129,-0.1954480261,0.1212935671,1
591,161,-0.1556977928,-0.05815343559,1
591,193,-0.8441175222,-0.4158372581,1
591,225,-1.32506609,-0.3098999262,1
591,257,-0.8338782787,-0.7776289582,1
591,289,-0.04646068811,-1.58111763,1
591,321,0.5174481273,-1.10888958,1
591,353,0.109992981,-0.4994351864,1
591,385,0.1604582071,-0.8632884026,1
591,417,0.6260769963,-0.7124381065,1
591,449,0.6447980404,-1.389813185,1
591,481,-0.4201779366,0.1766707301,1
591,513,0.367002368,1.46274972,1
591,545,1.359583378,0.6171069741,1
591,577,1.164123416,-1.231808782,1
591,609,2.068863153,-3.059853554,1
591,641,1.149499178,-4.276058197,1
591,673,0.4880231023,-2.136599302,1
591,705,0.1458979845,-1.310052633,1
591,737,-0.4351635873,-0.7852846384,1
591,769,-0.9038449526,-0.5908355713,1
591,801,-1.105373859,-1.722886086,1
591,833,-2.282265663,-3.114744663,1
591,865,-2.616844177,-1.593289375,1
591,897,-1.713348627,0.3502844572,1
591,929,-1.55480504,1.663639307,1
591,961,-1.318380475,1.934397697,1
591,993,-1.734361887,0.748042345,1
591,1025,-1.601733446,0.3406165838,1
591,1057,-1.083996296,-0.8039705157,1
591,1089,-0.7548398376,-2.371222734,1
591,1121,-0.8282648325,-2.538135529,1
591,1153,-1.893648148,-1.087366343,1
591,1185,-1.24669528,-1.329422951,1
591,1217,-0.3621476889,-1.366076589,1
591,1249,0.189029932,-1.370573044,1
591,1281,0.9148844481,-1.032075167,1
591,1313,0.1596598327,-0.2080323696,1
591,1345,-5.886453629,3.410404682,1
591,1377,-1.025658369,-1.833234787,1
591,1409,-2.28215456,-3.536032677,1
591,1441,-2.964056969,-4.545499325,1
591,1473,-3.504363537,-5.04253149,1
591,1505,-2.32285428,-5.430786133,1
591,1537,-2.417524099,-4.555422783,1
591,1569,-1.304162979,-2.569307089,1
591,1601,-1.120267868,-2.146678448,1
591,1633,-1.493843555,-4.526950836,1
591,1665,-1.768925548,-5.815601349,1
591,1697,-3.157026291,-5.688461781,1
591,1729,-4.061082363,-5.216027737,1
591,1761,-2.749459505,-3.949878693,1
591,1793,-1.586932302,-3.18068552,1
591,1825,-0.9767642021,-2.794048786,1
591,1857,-0.6217386723,-3.35269618,1
591,1889,-1.111425161,-3.328877687,1
591,1921,-2.754377604,-3.461649418,1
591,1953,-3.810517311,-5.016413212,1
591,1985,-3.776438951,-5.457072258,1
591,2017,-2.078709126,-0.2077476978,1
623,33,-0.8599164486,0.6669591069,1
623,65,-0.5893488526,0.2627646029,1
623,97,-0.3454164267,-0.0629337132,1
623,129,-0.2975656986,0.1283848286,1
623,161,-0.000992834568,-0.2868510485,1
623,193,-0.4774736166,-0.6683118343,1
623,225,-1.13200593,-0.557851553,1
623,257,-0.9570754766,-1.236476541,1
623,289,-0.1004405618,-1.455477238,1
623,321,0.08811074495,-1.29483223,1
623,353,0.1871120334,-0.9353454113,1
623,385,0.3200081587,-1.202192307,1
623,417,0.3781045675,-1.415783048,1
623,449,0.481577605,-1.502799392,1
623,481,0.1725323796,0.4366335869,1
623,513,-0.04555594921,1.369986415,1
623,545,-0.4852098227,0.5786064863,1
623,577,0.05618578196,-0.4758746624,1
623,609,2.240096569,-2.22620821,1
623,641,0.6625880003,-3.980834961,1
623,673,0.6566546559,-1.957268953,1
623,705,0.6056780815,-1.186462164,1
623,737,-0.2678971291,-0.8421248198,1
623,769,-1.17028141,-0.4318045974,1
623,801,-1.842149734,-0.2160901725,1
623,833,-2.383450985,-0.267675221,1
623,865,-1.96399653,-0.03194031119,1
623,897,-1.70031476,0.8677470684,1
623,929,-1.566156268,1.464586616,1
623,961,-1.583353877,3.018221378,1
623,993,-2.158494711,1.382115602,1
623,1025,-1.768331051,1.429764509,1
623,1057,-0.7084311843,0.03875371814,1
623,1089,-0.07038366795,-1.613407612,1
623,1121,0.132291019,-2.227577209,1
623,1153,-1.605822325,-0.7554671764,1
623,1185,-1.244982362,-0.8807845116,1
623,1217,-0.5012872219,-0.5402162075,1
623,1249,0.1443357468,-0.7885048389,1
623,1281,0.4676277637,-1.718836188,1
623,1313,-0.0822930336,-1.422920346,1
623,1345,-1.451771736,-1.330425501,1
623,1377,-3.114899158,-4.692235947,1
623,1409,-7.175004005,-2.010587692,1
623,1441,-3.537116289,-4.632427216,1
623,1473,-2.796034813,-4.48230505,1
623,1505,-1.717138052,-4.839031696,1
623,1537,-2.050444126,-4.722833633,1
623,1569,-2.504561901,-3.405601025,1
623,1601,-3.048284054,-2.919218302,1
623,1633,-2.794644833,-4.06874752,1
623,1665,-2.414938211,-4.892843723,1
623,1697,-1.926623821,-4.805609703,1
623,1729,-1.623366714,-4.611901283,1
623,1761,-1.731659293,-4.228079319,1
623,1793,-1.177534103,-3.526762962,1
623,1825,-0.5036091805,-3.136683941,1
623,1857,-0.2763612866,-2.05506134,1
623,1889,-0.6111611128,-3.274785042,1
623,1921,-1.277340293,-2.863853455,1
623,1953,-1.095569372,-3.540777922,1
623,1985,-0.8068224192,-2.370895386,1
623,2017,-0.8355564475,0.05929434299,1
655,33,-0.1522687674,0.5146088004,1
655,65,-0.4753255844,0.2431023121,1
655,97,-0.6011605263,-0.03384372219,1
655,129,-0.2172273993,0.3238350451,1
655,161,0.1553483605,-0.3297315836,1
655,193,-0.4649277329,-0.7171844244,1
655,225,-1.190355301,-1.243842959,1
655,257,-0.8339136839,-0.2204083204,1
655,289,-0.9178554416,-0.1538581848,1
655,321,-0.8409273624,-0.9210945368,1
655,353,-0.608633399,-1.044777751,1
655,385,-0.7020045519,-1.86838603,1
655,417,-1.081905842,-2.988956451,1
655,449,-0.0101834517,-1.748974085,1
655,481,-0.01470265538,-0.4215097427,1
655,513,-0.956915617,-0.1794018745,1
655,545,-1.939711928,-0.6700917482,1
655,577,-1.394412398,-1.590508461,1
655,609,-0.2205242366,-1.669385314,1
655,641,0.6243169308,-1.586232901,1
655,673,0.9445784688,-1.823212981,1
655,705,0.4525804818,-1.192682147,1
655,737,-0.20312953,-1.022487164,1
655,769,-0.9958398342,-0.330786407,1
655,801,-2.178444862,0.14896819,1
655,833,-2.199410915,0.2895929813,1
655,865,-1.997286797,0.7391367555,1
655,897,-1.916748285,1.100598812,1
655,929,-1.472889185,0.7912263274,1
655,961,-4.316534519,1.7467134,1
655,993,-5.300056458,2.747632504,1
655,1025,-1.446953535,1.303834438,1
655,1057,-0.8835945129,0.3220517635,1
655,1089,-0.1338714361,-0.5276950598,1
655,1121,0.01442289352,-1.061945915,1
655,1153,-0.366425097,-0.8011386991,1
655,1185,-0.724004209,-0.6536719203,1
655,1217,-0.7166966796,-0.6002313495,1
655,1249,-0.7005329132,-0.6948030591,1
655,1281,-0.7407900095,-1.140688062,1
655,1313,-0.4371621609,-2.144937992,1
655,1345,-0.1158645153,-1.510897636,1
655,1377,0.06200861931,-4.306416512,1
655,1409,-1.558388352,-5.540623188,1
655,1441,-2.404260874,-4.102292061,1
655,1473,-1.375538588,-4.626699448,1
655,1505,-1.215257645,-4.707811356,1
655,1537,-1.82825923,-4.358691216,1
655,1569,-2.160146236,-3.524907589,1
655,1601,-3.319252968,-3.034034729,1
655,1633,-3.221003532,-3.342296124,1
655,1665,-2.54401207,-3.6416049,1
655,1697,-1.800113678,-3.732765198,1
655,1729,-0.6218259335,-4.032534599,1
655,1761,0.1502302289,-5.240946293,1
655,1793,-0.08283984661,-3.776962996,1
655,1825,-0.1612480879,-2.788832426,1
655,1857,-0.1612560153,-0.9640192986,1
655,1889,-0.3121197224,-2.422464848,1
655,1921,-0.8809587955,-2.597300291,1
655,1953,-0.6306221485,-3.409648895,1
655,1985,-0.8750869036,-1.923930049,1
655,2017,-1.14226222,-0.421680212,1
687,33,-0.8419269919,0.5018557906,1
687,65,-1.173355103,0.6102324724,1
687,97,-1.030913234,0.1562246531,1
687,129,-0.9773014188,-0.2669742405,1
687,161,-0.6874324679,-0.450558722,1
687,193,-0.6849095225,-0.5928696394,1
687,225,-0.5506407022,-0.9595860243,1
687,257,-0.846406877,0.1484489441,1
687,289,-1.522271395,-0.1686351895,1
687,321,-2.231596947,-1.60381031,1
687,353,-1.846121788,-1.026476741,1
687,385,-2.613639593,-0.5773615837,1
687,417,-2.578268766,-3.259629488,1
687,449,-0.9321997762,-3.112936497,1
687,481,0.03055315092,-2.893187761,1
687,513,-0.04225920141,-1.571264982,1
687,545,-0.5119525194,-1.127594948,1
687,577,-2.038345814,-2.747911453,1
687,609,-0.5245060921,-1.641058445,1
687,641,0.4932661653,-0.8363899589,1
687,673,0.8495426774,-0.4155809283,1
687,705,0.370509088,-0.6739618182,1
687,737,-0.4451129735,-1.343820095,1
687,769,-0.7629913092,-0.8914234638,1
687,801,-1.151940584,-0.2799769044,1
687,833,-0.8252522945,0.2458614558,1
687,865,-0.9350533485,0.6138095856,1
687,897,-1.074288487,0.8076313734,1
687,929,-1.042602897,0.3786029816,1
687,961,-0.9108681679,-0.1432379484,1
687,993,-4.554213047,1.89730525,1
687,1025,-5.956817627,2.498842239,1
687,1057,-5.912355423,0.542542696,1
687,1089,-0.9025787115,0.1222674847,1
687,1121,-0.2452390492,-0.578573525,1
687,1153,-0.5259004831,-1.053321838,1
687,1185,-0.5610254407,-0.5913078785,1
687,1217,-0.6488865614,-0.7451955676,1
687,1249,-0.9142922163,-0.6802500486,1
687,1281,-1.484311819,-0.9708450437,1
687,1313,-0.9011082649,-1.553425074,1
687,1345,0.02669453621,-1.778616548,1
687,1377,-0.3138046265,-2.546250343,1
687,1409,-0.8623907566,-3.040955544,1
687,1441,-1.13487041,-3.999608517,1
687,1473,-1.056264877,-3.743467331,1
687,1505,-0.7659314871,-3.844825268,1
687,1537,-0.640840292,-4.053679943,1
687,1569,-2.087900639,-3.484897137,1
687,1601,-3.631655455,-2.981813192,1
687,1633,-3.374422789,-1.607500076,1
687,1665,5.984184265,1.490473032,1
687,1697,-2.281115294,-2.981268406,1
687,1729,-1.39849329,-3.401161194,1
687,1761,0.2954543233,-5.980745316,1
687,1793,0.8555953503,-3.64593792,1
687,1825,0.3831906915,-1.218631268,1
687,1857,-0.3622008562,-0.6929876804,1
687,1889,-1.267524242,-3.334832907,1
687,1921,-2.158843517,-4.273612022,1
687,1953,-0.9965474606,-3.853125572,1
687,1985,-2.048568964,-4.092563629,1
687,2017,0.177149415,-0.3839423656,1
719,33,-1.011944413,0.6483613849,1
719,65,-1.459574103,0.6054999232,1
719,97,-1.352268457,0.2034845054,1
719,129,-1.654512525,-0.4326138198,1
719,161,-1.367702484,-0.7410974503,1
719,193,-1.064264297,-0.644560039,1
719,225,-0.9195871353,-0.5156751275,1
719,257,-0.9217506647,-0.4324814081,1
719,289,-0.9369041324,-1.106433749,1
719,321,-1.735622287,-2.513718605,1
719,353,-3.176693916,-2.277122498,1
719,385,-1.954401255,-1.373015285,1
719,417,-0.6713383198,-1.238729715,1
719,449,0.5102601051,-4.675325394,1
719,481,1.744882822,-6.22710371,1
719,513,1.497910142,-6.443593979,1
719,545,-0.3548861742,-2.568999767,1
719,577,-1.908070207,-2.288429499,1
719,609,-0.5805932283,-2.683779716,1
719,641,-0.07800191641,-1.824428797,1
719,673,-14.6172142,-14.73928928,1
719,705,0.08749294281,-0.4473330975,1
719,737,-0.453139782,-1.39480114,1
719,769,-0.5655353069,-1.262063265,1
719,801,-0.009685695171,-0.593224287,1
719,833,1.114600182,-0.287545085,1
719,865,0.4766153693,-0.0220271349,1
719,897,-0.005912184715,0.3630357683,1
719,929,0.1298812032,0.1539052129,1
719,961,-0.04900187254,-0.0872516036,1
719,993,-0.9872248173,0.4666610956,1
719,1025,-4.584255219,2.134600878,1
719,1057,-1.251351118,-0.4385596216,1
719,1089,-1.114145398,-0.01867114007,1
719,1121,-0.4777372479,-0.01964992285,1
719,1153,-0.1651003361,-0.3774175644,1
719,1185,-0.2960219383,-0.5131674409,1
719,1217,-0.5124514699,-0.7297229767,1
719,1249,-0.8385051489,-0.8896950483,1
719,1281,-0.9078705311,-1.188177705,1
719,1313,-0.8695500493,-1.220788956,1
719,1345,-0.7857297659,-1.431946874,1
719,1377,-0.9668468833,-1.922405958,1
719,1409,-1.53149426,-2.176430702,1
719,1441,-0.7624559402,-3.207906246,1
719,1473,-1.221795321,-2.638345242,1
719,1505,-0.9253337383,-3.555228233,1
719,1537,-0.3140631914,-2.935782909,1
719,1569,-1.913880944,-2.355634212,1
719,1601,-3.806165695,-2.043800831,1
719,1633,-2.237725258,-0.5799729824,1
719,1665,-3.663833618,-2.645853996,1
719,1697,-2.651421547,-2.843091726,1
719,1729,-2.143106937,-3.107733965,1
719,1761,-1.285666943,-2.932641506,1
719,1793,-0.03651988506,-1.584794521,1
719,1825,0.9047561288,-1.451087236,1
719,1857,0.09029561281,-2.363181114,1
719,1889,-1.628898382,-3.939553976,1
719,1921,-1.41386342,-5.815958977,1
719,1953,-1.033637524,-2.686492682,1
719,1985,-0.8441610336,-1.370931625,1
719,2017,0.3991273642,0.01732730865,1
751,33,-0.4347566366,0.7718371153,1
751,65,-0.1465877295,-0.07834623754,1
751,97,-0.7810407281,0.238653481,1
751,129,-1.575576782,-0.6975245476,1
751,161,-1.463156462,-1.936645031,1
751,193,-1.728337049,-1.119713068,1
751,225,-1.221150875,-0.3910734653,1
751,257,-0.6855074167,-0.7717601061,1
751,289,-0.4980092645,-1.480775476,1
751,321,-1.479974031,-4.190248489,1
751,353,-5.108107567,-6.612782478,1
751,385,-5.581958294,-1.95044446,1
751,417,-1.355705261,-2.148692131,1
751,449,-0.6223436594,-4.333864212,1
751,481,1.527510643,-5.97033453,1
751,513,2.177194834,-6.470080376,1
751,545,-0.4301382303,-2.670902491,1
751,577,-0.9702585936,-2.240662575,1
751,609,-0.7954438925,-1.63623929,1
751,641,-0.2244348526,-1.091841698,1
751,673,-0.9102376699,-0.5603388548,1
751,705,-0.8428212404,-0.9803298712,1
751,737,-0.7178297043,-1.377498865,1
751,769,-0.8686907291,-1.155633092,1
751,801,-0.4404076338,-0.8764699697,1
751,833,-0.04974797368,-0.7715249062,1
751,865,-0.04574586451,-0.3282473683,1
751,897,0.8429008126,-0.5167241693,1
751,929,1.173077464,-0.4447429776,1
751,961,0.3173067272,-0.09457352757,1
751,993,-0.5994355679,0.5035302043,1
751,1025,-0.7981503606,0.5925726891,1
751,1057,-1.09970665,-0.2319886982,1
751,1089,-1.597665548,-0.1212086752,1
751,1121,-0.8030699492,0.1186233759,1
751,1153,0.07847648859,-0.3735098541,1
751,1185,1.518170834,-0.5133088231,1
751,1217,-0.7273170352,-0.610638082,1
751,1249,-1.100444794,-0.8890288472,1
751,1281,-1.055296659,-1.054263353,1
751,1313,-0.8720336556,-1.264285326,1
751,1345,-0.8331385851,-1.345536828,1
751,1377,-0.9518651366,-1.344518304,1
751,1409,-1.533727646,-1.191734552,1
751,1441,-4.54929781,-3.92646122,1
751,1473,-5.195806503,-3.484429598,1
751,1505,-2.31651783,-3.009106159,1
751,1537,-0.5702959299,-1.971045732,1
751,1569,-0.2437564135,-1.279672146,1
751,1601,-1.58895421,-1.813749075,1
751,1633,-2.129661083,-1.752005339,1
751,1665,-3.080546856,-2.465291977,1
751,1697,-2.470197439,-2.593351126,1
751,1729,-2.093680143,-2.425157547,1
751,1761,-1.621073484,-1.779163957,1
751,1793,-1.284775019,-1.206888199,1
751,1825,-1.720515251,-2.265356302,1
751,1857,-5.447095871,-4.261947632,1
751,1889,-8.348139763,-3.288390875,1
751,1921,-0.916836977,-1.330180168,1
751,1953,-0.6678847671,-2.051796913,1
751,1985,-1.028874159,-1.224790215,1
751,2017,-0.04511940479,-0.03855133057,1
783,33,-0.6630595922,0.8035030365,1
783,65,-0.3998293281,-0.2814455926,1
783,97,-0.7563701868,0.09716790915,1
783,129,-1.186545014,-0.6856278181,1
783,161,-1.589170218,-2.565669537,1
783,193,-1.247721434,-2.175454855,1
783,225,-0.9392219186,-0.1708465815,1
783,257,-0.2403450608,-0.7986462116,1
783,289,-0.9133476615,-3.815916777,1
783,321,-1.081885457,-1.816666484,1
783,353,-0.7809789181,-1.205223918,1
783,385,-0.9111266136,-0.6848520041,1
783,417,-1.550256014,-2.196610212,1
783,449,-1.710026383,-3.970548868,1
783,481,-0.6664204001,-2.182538033,1
783,513,0.6510334015,-0.2229402065,1
783,545,-0.07653388381,-0.6796318293,1
783,577,-0.5497096777,-1.203990221,1
783,609,-0.8413422108,-1.722104311,1
783,641,-1.197270751,-1.545894861,1
783,673,-1.233196139,-1.104772568,1
783,705,-1.254018307,-0.7493288517,1
783,737,-0.8579061031,-0.722407341,1
783,769,-0.9865963459,-1.249942541,1
783,801,-1.755111217,-0.7523583174,1
783,833,-1.214856625,-0.631431222,1
783,865,-0.5120522976,-0.664405942,1
783,897,1.179137111,-1.469954729,1
783,929,1.184321761,-0.8600441217,1
783,961,0.1666339636,-0.0603416115,1
783,993,-0.5401993394,0.9048197269,1
783,1025,-0.5540925264,0.9328743219,1
783,1057,-0.6434966922,0.1938150227,1
783,1089,-0.4035086632,0.004010729492,1
783,1121,-0.191934973,-0.008134692907,1
783,1153,-0.1653366983,-0.3833730221,1
783,1185,-0.1490415633,-0.6167812347,1
783,1217,-1.036987543,-0.6899141073,1
783,1249,-2.147248268,-1.003046632,1
783,1281,-2.126777172,-1.218245268,1
783,1313,-1.005836487,-1.254083753,1
783,1345,-0.8568819165,-1.273929238,1
783,1377,-0.9827129245,-1.118616939,1
783,1409,-2.353375196,-1.40031147,1
783,1441,-5.814466476,-2.540304184,1
783,1473,-5.603713036,-2.063121319,1
783,1505,-2.897820711,-1.818819046,1
783,1537,-1.168656588,-1.694676518,1
783,1569,4.032448769,-3.450903654,1
783,1601,0.9858300686,-3.957275391,1
783,1633,-1.355285764,-3.022236586,1
783,1665,-2.291038275,-2.423451424,1
783,1697,-3.009745359,-2.123731613,1
783,1729,-3.581945419,-2.376526594,1
783,1761,-1.52219677,-1.244352937,1
783,1793,-2.137598038,-0.7753615379,1
783,1825,-3.059922218,-1.469259262,1
783,1857,-2.732557297,-1.277218699,1
783,1889,-1.214437127,-0.2318675518,1
783,1921,-1.126552939,-1.354326844,1
783,1953,-0.328868866,-1.542105556,1
783,1985,1.081514001,-6.241128445,1
783,2017,-11.43635559,-0.4755712748,1
815,33,-0.6084533334,0.9066534638,1
815,65,-0.9582877159,-0.592559278,1
815,97,-1.04133749,0.08962678909,1
815,129,-1.339676976,-0.211901933,1
815,161,-1.244979382,-0.7332925797,1
815,193,-1.047004938,-1.259360313,1
815,225,-0.5703983903,-0.8755411506,1
815,257,0.2611720562,-1.037691832,1
815,289,-1.39831543,-4.048614025,1
815,321,-1.404444575,-1.978594065,1
815,353,-0.9637444019,-1.320531011,1
815,385,-0.7824029922,-0.6483824253,1
815,417,-1.131065249,-1.947919846,1
815,449,-1.520807743,-3.074845791,1
815,481,-0.9004638791,-1.342505813,1
815,513,-0.2779583335,0.04914712906,1
815,545,0.03369662166,0.3515576124,1
815,577,-0.1287284493,-1.183089256,1
815,609,-1.142978191,-1.919617176,1
815,641,-2.073536396,-2.378512859,1
815,673,-2.391259193,-2.971287727,1
815,705,-2.028201103,-2.276799202,1
815,737,-1.826540232,-1.115903378,1
815,769,-1.253683567,-1.057186127,1
815,801,-1.779111624,-0.670722723,1
815,833,-2.092350721,-1.089992404,1
815,865,-0.6966664195,-1.273135781,1
815,897,0.4392508864,-0.8405644894,1
815,929,0.1912304759,-0.7994801998,1
815,961,-0.5594639182,0.3210945725,1
815,993,-0.7693861127,1.451055527,1
815,1025,-0.6724408865,1.073369026,1
815,1057,-0.6455128193,1.603343248,1
815,1089,-0.3471531868,1.595261455,1
815,1121,0.2783227563,-0.3050270379,1
815,1153,0.06575202942,-0.3827432096,1
815,1185,-0.6318027973,-0.5876203775,1
815,1217,-0.7300944328,-0.706146121,1
815,1249,-1.502307177,-1.055114388,1
815,1281,-1.655441761,-2.707831383,1
815,1313,-0.8210567236,-1.30882144,1
815,1345,-0.6628553271,-1.157683849,1
815,1377,-0.7059301734,-1.115295768,1
815,1409,-1.568087935,-1.500652194,1
815,1441,-4.405000687,-2.135350943,1
815,1473,-4.205173492,-1.818085909,1
815,1505,-2.186744213,-1.712456942,1
815,1537,-0.7302490473,-2.662487745,1
815,1569,9.920624733,-15.91211891,1
815,1601,-14.19005108,-16.51198387,1
815,1633,-2.125019312,-2.249082327,1
815,1665,-2.734978676,-1.671521902,1
815,1697,-4.004921436,-0.6528590918,1
815,1729,-5.974416256,0.5084686279,1
815,1761,-3.554116011,0.2330088615,1
815,1793,-1.774065018,-0.1793447733,1
815,1825,-1.190407515,-0.3889688849,1
815,1857,-0.6214612722,-0.3814063668,1
815,1889,-1.173360348,-0.4266349077,1
815,1921,-1.288201451,-1.03895998,1
815,1953,-0.9396491051,-1.39492476,1
815,1985,-0.618938148,-1.453360558,1
815,2017,0.02434051037,-0.3994279206,1
847,33,-0.5835028887,0.8281593323,1
847,65,-1.189148903,-0.02484190464,1
847,97,-1.618865728,0.1132026762,1
847,129,-1.573446512,-0.02636662126,1
847,161,-1.129660249,-0.2768723369,1
847,193,-1.08388114,-0.6992906332,1
847,225,-0.3720856905,-0.9003528357,1
847,257,-1.493189335,-1.626087308,1
847,289,-2.853934765,-3.759946823,1
847,321,-2.152787447,-3.258271456,1
847,353,-1.489414573,-1.648192286,1
847,385,-1.300228715,-0.8702754974,1
847,417,-1.167337894,-1.587989569,1
847,449,-0.6932458878,-1.58077991,1
847,481,-0.2288941145,-0.8065758944,1
847,513,-0.2950946689,-1.101663589,1
847,545,-0.2231717706,-1.611473918,1
847,577,-1.463393688,-1.674271107,1
847,609,-2.292231083,-2.178806305,1
847,641,-2.757592678,-2.878549337,1
847,673,-4.592129707,-4.009890556,1
847,705,-3.513503313,-3.203706741,1
847,737,-2.208861351,-1.427074671,1
847,769,-1.238102198,-1.188807964,1
847,801,-1.283267617,-1.396916389,1
847,833,-2.083217621,-1.641901016,1
847,865,-1.590974212,-1.524520993,1
847,897,-0.7704921365,-0.8885742426,1
847,929,-0.2656686604,-0.1744421721,1
847,961,-0.153655082,0.3767571449,1
847,993,-0.5553798676,1.24072051,1
847,1025,-0.5575276613,0.8158789277,1
847,1057,-0.3353163302,0.7524932623,1
847,1089,-0.2050344795,1.398305416,1
847,1121,0.1443798244,-0.3047683239,1
847,1153,0.3549292386,-0.4247052372,1
847,1185,-0.8801963329,-2.505598307,1
847,1217,-0.9242948294,-0.7314329147,1
847,1249,-1.694781423,-0.8243756294,1
847,1281,-1.740045071,-0.9062617421,1
847,1313,-0.9353673458,-0.6562240124,1
847,1345,-0.7778506279,-0.8470103741,1
847,1377,-0.7251043916,-1.072738647,1
847,1409,-1.178820252,-1.422620058,1
847,1441,-1.770777702,-2.013592005,1
847,1473,-1.954733849,-2.495524406,1
847,1505,-1.342285275,-1.949231982,1
847,1537,-1.003964901,-2.915189743,1
847,1569,-1.248530626,-1.552880883,1
847,1601,-1.93159616,-1.843589187,1
847,1633,-2.355641365,-2.299926043,1
847,1665,-3.158638477,-1.670513272,1
847,1697,-4.020787716,-0.3632875681,1
847,1729,-5.017812729,1.781509161,1
847,1761,-4.593250275,2.059031963,1
847,1793,-1.54113555,-0.1355451345,1
847,1825,-0.6125705242,0.7995554209,1
847,1857,-1.37632072,1.708517075,1
847,1889,-1.146632433,0.1817258,1
847,1921,-1.392903328,-0.6432488561,1
847,1953,-1.81416142,-0.9155013561,1
847,1985,-4.016283989,-0.9815980196,1
847,2017,-0.9010346532,-0.1511098444,1
879,33,-0.7570316195,0.3601313829,1
879,65,-1.171050429,0.137929529,1
879,97,-1.436105609,0.3547485471,1
879,129,-1.281725168,0.2868427038,1
879,161,-1.233167887,0.4713228047,1
879,193,-1.496276498,-0.2423223555,1
879,225,-2.149574757,-0.7448531389,1
879,257,-2.89905262,-2.308319569,1
879,289,-3.011927128,-2.803399086,1
879,321,-2.317604303,-3.145807743,1
879,353,-1.826027393,-2.026749134,1
879,385,-0.9673438072,-0.4634878635,1
879,417,-1.309898138,-0.8137550354,1
879,449,-0.8287475109,-1.009716868,1
879,481,-0.4827365279,-1.288489819,1
879,513,0.5926742554,-2.062546015,1
879,545,0.05602622032,-4.287425041,1
879,577,-2.785632372,-3.289747715,1
879,609,-3.224954605,-3.662521601,1
879,641,-3.112553358,-2.992993116,1
879,673,-3.830699921,-2.431845427,1
879,705,-3.141655207,-1.214309931,1
879,737,-2.10047245,-1.323160648,1
879,769,-1.577877402,-1.69106245,1
879,801,-1.212440133,-1.401180983,1
879,833,-1.275197983,-1.217847824,1
879,865,-1.445356131,-0.95473665,1
879,897,-1.319907188,-0.4862467349,1
879,929,-0.5028487444,-0.08088871837,1
879,961,-0.02644211054,-0.4056188464,1
879,993,-0.3904183209,0.08230559528,1
879,1025,-0.1153388917,0.263271302,1
879,1057,0.02945038676,-0.4323636889,1
879,1089,-0.5534898043,-0.3081762791,1
879,1121,-0.3165541291,-0.217649579,1
879,1153,-0.3544858396,-0.3766047657,1
879,1185,-0.7407189012,-1.553679943,1
879,1217,-1.039782882,-1.633982897,1
879,1249,-6.783931732,-0.9034481049,1
879,1281,-6.571581364,-0.9266318083,1
879,1313,-2.278973579,-0.43650195,1
879,1345,-1.161940813,-0.4511212111,1
879,1377,-0.8182766438,-0.8213998675,1
879,1409,-1.021084309,-1.071331978,1
879,1441,-1.877067447,-1.603586197,1
879,1473,-2.013782263,-2.705327034,1
879,1505,-2.025545835,-2.730044365,1
879,1537,-3.698954582,-2.744366884,1
879,1569,-1.569249272,-0.3365931511,1
879,1601,-2.015765667,-1.830464482,1
879,1633,-1.928296924,-3.124018669,1
879,1665,-1.646350145,-1.957235336,1
879,1697,-1.558460474,-0.6041712165,1
879,1729,-1.209612846,0.2400656193,1
879,1761,-1.431069136,-0.02921442688,1
879,1793,-3.556222916,-0.4091235995,1
879,1825,-1.756414175,0.5140468478,1
879,1857,-1.642181039,0.8949143887,1
879,1889,-5.252344131,-0.9598352909,1
879,1921,-1.373923421,-1.060065031,1
879,1953,-3.978681087,-2.874481678,1
879,1985,-4.726746082,-2.861194134,1
879,2017,-0.7762126327,0.01113247871,1
911,33,-0.5071142316,0.07857495546,1
911,65,-0.4409537315,0.1104826629,1
911,97,-0.6412229538,0.4461883008,1
911,129,-1.026725769,0.1378469318,1
911,161,-3.949207783,-0.6980135441,1
911,193,-2.936473846,-1.127497673,1
911,225,-4.340056419,-3.107112646,1
911,257,-3.51697588,-3.197624683,1
911,289,-2.821438313,-2.113554716,1
911,321,-2.284468174,-1.95247221,1
911,353,-1.270361066,-1.223612785,1
911,385,-1.716365337,0.3453649282,1
911,417,-1.931056142,-1.71586597,1
911,449,-1.462386131,-2.959945202,1
911,481,-1.07813561,-2.616404057,1
911,513,-1.954314113,-4.402198792,1
911,545,-1.191237926,-3.886708498,1
911,577,-2.168029308,-3.46664238,1
911,609,-3.841068506,-3.361763477,1
911,641,-3.758048534,-1.794728875,1
911,673,-2.829858541,-0.7041774988,1
911,705,-2.49217844,0.02050995827,1
911,737,-2.498396397,-0.9337648153,1
911,769,-1.315975189,-2.880402565,1
911,801,-0.569085598,-1.543088436,1
911,833,-0.09059560299,-1.280242562,1
911,865,-0.4466335773,-0.570607841,1
911,897,-1.005897164,0.4151452184,1
911,929,-0.942332387,0.4724188745,1
911,961,-0.5408598781,-0.6532244086,1
911,993,-0.4370525479,-0.7471703291,1
911,1025,-0.05509632826,-0.2797711194,1
911,1057,-0.4377900064,-0.4577710927,1
911,1089,-1.247170687,-0.3483681977,1
911,1121,-0.5142409801,-0.3543302119,1
911,1153,-0.2002210319,-0.3897907138,1
911,1185,-0.4068292975,-0.4059469104,1
911,1217,-0.4809478521,-0.5980247855,1
911,1249,-0.8903286457,-0.6376832724,1
911,1281,-1.344566703,-0.4119355083,1
911,1313,-1.469216108,-0.247616142,1
911,1345,-1.222376823,-0.1898276806,1
911,1377,-0.9727074504,-0.4342908859,1
911,1409,-0.9749641418,-0.879606843,1
911,1441,-2.527460337,-1.224865675,1
911,1473,-3.950592041,-2.518321514,1
911,1505,-16.43092728,0.6714160442,1
911,1537,-2.298476219,-2.919449091,1
911,1569,-1.466750622,-2.666321516,1
911,1601,-1.868945837,-1.946349859,1
911,1633,-1.594788909,-2.352035522,1
911,1665,-1.445639133,-1.961723685,1
911,1697,-1.341576338,-0.7374287248,1
911,1729,-1.351394534,0.5580272079,1
911,1761,-3.786935806,-0.5068214536,1
911,1793,-5.891316414,-0.973667264,1
911,1825,-4.10773325,-0.9875511527,1
911,1857,-5.412937641,-0.8267637491,1
911,1889,-7.818427086,-0.2990655303,1
911,1921,-1.257277369,-0.4984400272,1
911,1953,-0.440425992,-0.734364748,1
911,1985,-0.8738632202,-0.6230035424,1
911,2017,-1.150422335,-0.2350299358,1
943,33,-0.2070668042,1.29598546,1
943,65,-0.301240921,-1.228875756,1
943,97,-16.03582954,-0.436198473,1
943,129,-3.848112583,-1.118048072,1
943,161,-5.075063229,-0.7740015984,1
943,193,5.612692833,17.42845726,1
943,225,-6.212989807,-5.852496147,1
943,257,-5.734856129,-4.059853554,1
943,289,-3.457846403,-2.914433956,1
943,321,-0.7326259017,-0.9169379473,1
943,353,-0.6664729118,-0.7831606865,1
943,385,-1.697140455,-1.030794501,1
943,417,-3.142039061,-2.605291128,1
943,449,-2.904380083,-4.046863079,1
943,481,-2.455328703,-3.307428837,1
943,513,-5.836657524,-21.24082184,1
943,545,-6.474940777,-14.42186546,1
943,577,-3.620659351,-2.251132488,1
943,609,-5.085598469,-1.474175453,1
943,641,-4.008298874,0.6786620617,1
943,673,-0.8794972897,-0.6276839972,1
943,705,-2.031384945,-0.3290492892,1
943,737,-2.607426882,-0.2607525587,1
943,769,-1.200394034,-2.035195112,1
943,801,-0.6355427504,-1.57048595,1
943,833,-0.7221087813,-1.427600026,1
943,865,-0.3722372055,-0.08022397757,1
943,897,-0.3430994749,3.463682175,1
943,929,-0.6271976233,1.023738146,1
943,961,-0.669049561,0.2327335626,1
943,993,-0.5295176506,0.1410273314,1
943,1025,-0.557259202,-0.2817780375,1
943,1057,-0.6111895442,-0.1614798307,1
943,1089,-0.9274519086,-0.0824020505,1
943,1121,-0.6861499548,-0.4781081975,1
943,1153,-0.403899014,-0.4778825641,1
943,1185,-0.2802902758,-0.6044783592,1
943,1217,-0.1535705924,-0.5314021707,1
943,1249,-0.05882686377,-0.4595735669,1
943,1281,-0.5525535941,-0.09386691451,1
943,1313,-0.7881625891,-0.2892321646,1
943,1345,-0.8674616814,-0.172924459,1
943,1377,-0.9322708249,-0.3696615696,1
943,1409,-1.257023215,-0.7614902258,1
943,1441,-3.160843849,-0.6200889349,1
943,1473,-4.462948799,-1.11753571,1
943,1505,-3.644431591,0.08388215303,1
943,1537,-1.664019823,-0.4456728697,1
943,1569,-1.199630022,-1.387454271,1
943,1601,-1.369719744,-1.463141918,1
943,1633,-1.320004821,-2.088656187,1
943,1665,-1.325525522,-2.134822607,1
943,1697,-1.880698562,-1.55440557,1
943,1729,-3.323389769,-0.8595006466,1
943,1761,-6.092898369,-1.983940721,1
943,1793,-6.503591537,-0.9605250955,1
943,1825,-2.103244305,-0.07467384636,1
943,1857,-1.359368086,-0.6604475379,1
943,1889,-7.829646111,0.3388783634,1
943,1921,-7.445054054,2.342160225,1
943,1953,-0.4912131429,-0.1125563979,1
943,1985,-0.8218486905,0.03186246753,1
943,2017,-1.268145442,-0.338427484,1
975,33,-9.645293236,4.172432423,1
975,65,-2.395802259,-5.03897953,1
975,97,-0.608460784,-5.615891933,1
975,129,-1.958218932,-2.40711832,1
975,161,-3.898438454,-1.847472906,1
975,193,-6.378442764,-1.141080618,1
975,225,-5.872159958,-4.083811283,1
975,257,-4.965732574,-5.173908234,1
975,289,-0.3735995293,-0.7568779588,1
975,321,-0.2137513161,-0.4256596565,1
975,353,-0.7297036648,-0.857565701,1
975,385,-1.5570364,-1.514163852,1
975,417,-2.470313787,-1.759727478,1
975,449,-3.626768112,-2.196438074,1
975,481,-3.492244244,-1.894144535,1
975,513,-3.789461374,-2.199328184,1
975,545,-4.518596172,-1.906539917,1
975,577,-4.684753418,1.385239601,1
975,609,-4.26817894,-0.6963399649,1
975,641,-3.227215767,-0.4133137465,1
975,673,-1.216427803,-1.436509609,1
975,705,-1.862304211,-0.2820338011,1
975,737,-1.3663553,-0.2515027523,1
975,769,-1.012347817,-0.8533622026,1
975,801,-0.6747573614,-0.7515348196,1
975,833,-0.2759546041,-0.4233264923,1
975,865,-0.7947492003,-0.03236091137,1
975,897,-0.7718952894,1.295873523,1
975,929,-0.5036858916,0.7713384628,1
975,961,-0.6929309964,0.5847297311,1
975,993,-0.9635758996,0.389413178,1
975,1025,-0.7323759794,-0.6487557888,1
975,1057,-0.3528869152,-1.264680743,1
975,1089,-0.2051310539,-0.2061800361,1
975,1121,-0.6577016711,-0.4989904761,1
975,1153,-0.5393769741,-0.4470249712,1
975,1185,-0.3736852705,-0.3829057515,1
975,1217,-0.2866823375,-0.4812605381,1
975,1249,-0.2678356767,-0.4344864488,1
975,1281,-0.338850379,-0.3929539919,1
975,1313,-0.4536596239,-0.5478110909,1
975,1345,-0.5654488802,-0.6517003775,1
975,1377,-0.5174051523,-0.8660874963,1
975,1409,-1.367181301,-1.090311766,1
975,1441,-3.423134327,-1.085485578,1
975,1473,-3.725091457,-1.269515038,1
975,1505,-3.894272566,0.2789021134,1
975,1537,-4.197035313,3.032048941,1
975,1569,-1.496756434,0.6667540073,1
975,1601,-1.240802526,-0.8029184341,1
975,1633,-1.366623759,-1.709774494,1
975,1665,-1.380090714,-3.254489899,1
975,1697,-2.076196194,-3.107011795,1
975,1729,-3.559930563,-2.698630095,1
975,1761,-2.217162609,-1.053732634,1
975,1793,-2.467511654,0.6526963115,1
975,1825,-1.773157835,0.3377999663,1
975,1857,-0.7803537846,-0.4325431585,1
975,1889,-0.6689357162,-0.03635247052,1
975,1921,-0.2963715792,-0.5623577833,1
975,1953,-0.4756458998,-0.5491348505,1
975,1985,-0.8218371272,-0.1048355401,1
975,2017,-1.071437359,-0.1987299621,1
1007,33,-15.52461815,6.628871918,1
1007,65,-2.388516903,-6.098369598,1
1007,97,-0.9624103308,-4.989647865,1
1007,129,-1.175750971,-3.58447051,1
1007,161,-1.836537838,-2.721709728,1
1007,193,-4.399247169,-2.055737019,1
1007,225,-5.219853401,-2.800136328,1
1007,257,-0.124307394,-1.070229888,1
1007,289,0.2779347897,-0.8136731386,1
1007,321,-0.4370538592,-0.2376827002,1
1007,353,-0.7568081617,-0.7785356045,1
1007,385,-0.9046845436,-1.599500656,1
1007,417,-2.581727028,-1.913801193,1
1007,449,-3.730155945,-1.833668232,1
1007,481,-3.366279125,-1.779844284,1
1007,513,-3.756306171,-1.757124662,1
1007,545,-4.739570618,-0.5436351299,1
1007,577,-5.004010677,0.3695925474,1
1007,609,-4.236044884,-0.6207592487,1
1007,641,-4.075131416,-0.3071202636,1
1007,673,-2.872322083,-0.979570508,1
1007,705,-2.074653864,-0.5714407563,1
1007,737,-1.062254429,-0.1233189106,1
1007,769,-1.166025877,-0.2816116214,1
1007,801,-0.8001619577,-0.06667345762,1
1007,833,-0.4791196585,-0.3230996728,1
1007,865,-0.7330411673,-0.4221925139,1
1007,897,-0.8473637104,-0.06175974011,1
1007,929,-0.7550729513,-0.04064559937,1
1007,961,-0.658488214,0.001787498593,1
1007,993,-1.047046542,-0.1179773062,1
1007,1025,-0.9772765636,-0.5242010355,1
1007,1057,-1.200520873,-0.5457935929,1
1007,1089,-1.257413387,-0.8245174885,1
1007,1121,-0.6673825979,-0.9912111759,1
1007,1153,-0.7593078613,-0.3250741661,1
1007,1185,-0.5115129948,-0.3849803507,1
1007,1217,-0.2833835185,-0.4655685723,1
1007,1249,-0.227291286,-0.3730138242,1
1007,1281,-0.2835247815,-0.3350923061,1
1007,1313,-0.4503330886,-0.7827521563,1
1007,1345,-0.51875633,-1.07292819,1
1007,1377,-0.5466015339,-1.502089024,1
1007,1409,-0.7192618251,-1.474149346,1
1007,1441,-1.420413017,-1.845544934,1
1007,1473,-1.76586771,-1.720673323,1
1007,1505,-3.382925987,1.905332565,1
1007,1537,-3.92332077,2.41762042,1
1007,1569,-1.828769803,0.8012942076,1
1007,1601,-1.733286262,-0.1691003442,1
1007,1633,-1.618600965,-1.122899771,1
1007,1665,-1.569878101,-2.603906631,1
1007,1697,-1.237043619,-4.337721348,1
1007,1729,-1.041868448,-4.674621582,1
1007,1761,-1.864880562,-1.286908865,1
1007,1793,-2.956125736,-0.239700377,1
1007,1825,-1.505531192,-0.110154897,1
1007,1857,-0.4456753731,-0.493311286,1
1007,1889,-0.3363036513,-0.3504280448,1
1007,1921,0.0548735857,-0.4774440229,1
1007,1953,-0.2376095057,-0.3689384758,1
1007,1985,-0.9809613228,0.1240336299,1
1007,2017,-1.709171176,-0.003383696079,1
1039,33,1.234520197,7.141384602,1
1039,65,-0.3874579966,-1.130571246,1
1039,97,-1.37580204,-4.140702724,1
1039,129,-2.157809973,-4.006005287,1
1039,161,-2.048764706,-2.988867283,1
1039,193,-4.084330082,-2.386055946,1
1039,225,-1.960446954,-1.441377163,1
1039,257,-0.857683897,-1.202084303,1
1039,289,-0.4290568829,-0.968157053,1
1039,321,-0.7788298726,-0.262685895,1
1039,353,-0.6722755432,-0.1219339371,1
1039,385,-1.091699958,-1.117278934,1
1039,417,-2.335069656,-2.216815948,1
1039,449,-4.27145052,-1.918256044,1
1039,481,-3.587884188,-2.295138597,1
1039,513,-3.556009293,-2.513102055,1
1039,545,-3.89226222,-2.878104448,1
1039,577,-3.827107906,-2.424311638,1
1039,609,-3.794560909,-1.314224839,1
1039,641,-3.753790855,-1.021916389,1
1039,673,-2.751170397,-1.21406126,1
1039,705,-1.897326708,-0.9738488197,1
1039,737,-1.474624276,-0.7782613039,1
1039,769,-1.725562811,-0.5750514865,1
1039,801,-1.652122498,-0.5303747654,1
1039,833,0.6881629229,-0.1585790515,1
1039,865,-0.009590506554,-0.3521579504,1
1039,897,-0.6050587893,-0.1629665494,1
1039,929,-0.3091650605,-0.1126897186,1
1039,961,-0.002052903175,-0.07583191991,1
1039,993,-0.7643631697,-0.203385517,1
1039,1025,-1.179350376,-0.3285869658,1
1039,1057,-3.300303936,-0.2463842034,1
1039,1089,-4.571954727,0.1268666387,1
1039,1121,-2.625317335,-0.6788276434,1
1039,1153,-1.885191202,-0.5314629674,1
1039,1185,-0.8365048766,-0.7861256003,1
1039,1217,-0.6039694548,-0.3960536718,1
1039,1249,-0.5999208689,-0.3342282772,1
1039,1281,-0.5726523399,-0.6113499403,1
1039,1313,-0.4837344289,-1.240895152,1
1039,1345,-0.3736879826,-1.294844985,1
1039,1377,-0.4828532338,-1.35831809,1
1039,1409,-0.5405660868,-1.538838863,1
1039,1441,-0.5402060747,-1.089095831,1
1039,1473,-0.583819747,-1.064077497,1
1039,1505,-1.912089229,0.4715253711,1
1039,1537,-3.228406668,0.6963711977,1
1039,1569,-1.631389856,0.1149373502,1
1039,1601,-1.310554266,-0.2292202115,1
1039,1633,-1.351709485,-1.021491289,1
1039,1665,-1.971766233,-1.284359097,1
1039,1697,-4.208344936,-2.817291975,1
1039,1729,-3.267351151,-3.828850269,1
1039,1761,-2.241664886,-1.493310571,1
1039,1793,-3.039854527,-0.5741409659,1
1039,1825,-1.520071387,-0.4522733688,1
1039,1857,-0.7090468407,-0.6370410323,1
1039,1889,-0.09078228474,-0.2533007264,1
1039,1921,0.331351161,-0.4915433824,1
1039,1953,-0.4079731107,-0.3815244138,1
1039,1985,-1.429793715,0.1988257915,1
1039,2017,-2.443318605,0.04617934674,1
1071,33,1.394246936,5.389227867,1
1071,65,0.299709022,-0.2012010515,1
1071,97,-1.260266542,-2.685928822,1
1071,129,-2.777916431,-4.297546387,1
1071,161,-2.495722771,-3.230848074,1
1071,193,-2.879423618,-2.162822247,1
1071,225,-1.2934165,-1.80062294,1
1071,257,-0.848421216,-1.653579354,1
1071,289,-0.940212667,-1.186742187,1
1071,321,-0.7378877401,-0.5417515039,1
1071,353,-1.344753981,-0.6926455498,1
1071,385,-1.658448696,-1.53106308,1
1071,417,-1.84826088,-2.453046799,1
1071,449,-3.425060511,-1.852012515,1
1071,481,-4.291567802,-1.838959455,1
1071,513,-3.461850166,-2.524780273,1
1071,545,-2.923471689,-3.363648415,1
1071,577,-2.500181675,-2.963671446,1
1071,609,-2.360733747,-1.90387249,1
1071,641,-2.25291872,-0.9852805734,1
1071,673,-2.00922823,-0.7748354673,1
1071,705,-1.792044163,-0.9226241112,1
1071,737,-1.937721252,-1.845141053,1
1071,769,-1.960747361,-1.37604332,1
1071,801,-1.640674472,-0.390496999,1
1071,833,-1.150314927,-0.1077000797,1
1071,865,-1.122942924,-1.269113421,1
1071,897,-0.8045454621,0.04017668962,1
1071,929,0.2588301897,0.518073678,1
1071,961,-0.2788847089,0.7152233124,1
1071,993,-0.9411786795,0.04251701385,1
1071,1025,-1.245442271,-0.4234415293,1
1071,1057,-8.157135963,-1.120769978,1
1071,1089,-8.662812233,-1.703481197,1
1071,1121,17.10007095,-0.6923853755,1
1071,1153,-0.6443685293,-0.8881756067,1
1071,1185,-0.9679991603,-0.5050179362,1
1071,1217,-1.613386631,-0.2103870213,1
1071,1249,-1.577531338,-1.262123585,1
1071,1281,-2.994576931,-2.406325102,1
1071,1313,0.08836978674,-3.535210371,1
1071,1345,-0.3666912317,-2.13058877,1
1071,1377,-0.4666802287,-0.9689577818,1
1071,1409,-0.2780876756,-1.533304095,1
1071,1441,-0.07917138934,-1.669394851,1
1071,1473,-0.3205365539,-2.549137354,1
1071,1505,-0.823990643,-1.062137842,1
1071,1537,-1.185266256,-0.5386986732,1
1071,1569,-0.8169181347,-0.4768075943,1
1071,1601,-0.7450987101,-0.6645994186,1
1071,1633,-1.096300125,-0.7474427223,1
1071,1665,-1.651407719,-0.6032257676,1
1071,1697,-4.48716116,-1.49785018,1
1071,1729,-4.54239893,-2.89260602,1
1071,1761,-1.071574688,-1.102970839,1
1071,1793,-0.4906148911,-0.6116354465,1
1071,1825,-1.138562918,-0.5428341031,1
1071,1857,-0.9332094789,-0.7717428803,1
1071,1889,-0.4580484629,-0.5177003145,1
1071,1921,-0.287258029,-0.1706060767,1
1071,1953,-0.5130072832,-0.5287736654,1
1071,1985,-1.279406071,-0.3222222924,1
1071,2017,-1.835259438,-0.3284258246,1
1103,33,1.159975767,3.011016369,1
1103,65,-0.3212431669,-3.706244707,1
1103,97,-4.306583405,-7.980169773,1
1103,129,-4.654093742,15.60575962,1
1103,161,-0.497141242,-3.119343281,1
1103,193,-0.7913659811,-2.347028971,1
1103,225,-0.6451092958,-2.440433502,1
1103,257,-0.6197786927,-1.963311195,1
1103,289,-0.7892540693,-1.320426226,1
1103,321,-1.064662218,-0.8078991175,1
1103,353,-1.673268199,-1.184370518,1
1103,385,-1.746197104,-1.076190233,1
1103,417,-2.47872448,-1.338042736,1
1103,449,-2.686911345,-1.814151287,1
1103,481,-2.339671135,-1.482534409,1
1103,513,-2.101055622,-1.859175324,1
1103,545,-2.126642704,-2.741041183,1
1103,577,-2.195510864,-2.705411911,1
1103,609,-1.508458138,-1.847697139,1
1103,641,-0.8301876783,-0.1019292474,1
1103,673,-1.293202758,0.2854753733,1
1103,705,-1.930884719,-0.4719611406,1
1103,737,-1.647096038,-1.528626323,1
1103,769,-1.149268389,-1.00172174,1
1103,801,-0.9928588867,0.8171748519,1
1103,833,-2.305562019,0.0726094842,1
1103,865,-2.682852745,-0.2552237511,1
1103,897,-0.7616322041,0.5407782793,1
1103,929,-0.3425014019,0.3261562288,1
1103,961,-2.385306835,0.601017952,1
1103,993,-1.325184345,0.3912169635,1
1103,1025,-0.2531455755,-1.184149146,1
1103,1057,-2.46668911,-1.680284858,1
1103,1089,-1.561428547,-0.8674767613,1
1103,1121,-0.7557432055,-1.38256526,1
1103,1153,-0.5712260604,-1.673735619,1
1103,1185,-0.2593008876,-0.6939067841,1
1103,1217,-0.6925695539,0.03683155775,1
1103,1249,-1.432834983,0.08179205656,1
1103,1281,-2.434566498,-0.3653703928,1
1103,1313,-1.779992104,-4.054525375,1
1103,1345,-1.466325521,-4.297927856,1
1103,1377,-12.70619583,-16.70606422,1
1103,1409,0.4928033948,-1.115863323,1
1103,1441,0.4820327759,-1.960280061,1
1103,1473,0.1099760532,-3.439730644,1
1103,1505,-0.5915472507,-1.921965122,1
1103,1537,-0.8049607873,-0.8833153248,1
1103,1569,-0.4734910131,-0.3710550666,1
1103,1601,-0.5248154402,-0.1965501308,1
1103,1633,-1.113547564,0.2430326045,1
1103,1665,-1.256748557,0.1153283119,1
1103,1697,-1.67452085,-0.036911726,1
1103,1729,-0.8721497059,0.7100980282,1
1103,1761,1.291018724,-0.2130464315,1
1103,1793,0.6567007303,-1.147166729,1
1103,1825,-0.6457700729,-0.8195428848,1
1103,1857,-0.8263847232,-1.140125513,1
1103,1889,-0.3621245623,-1.160862923,1
1103,1921,-0.1646698415,-0.4697457552,1
1103,1953,-0.2104979753,0.02504226565,1
1103,1985,-0.9184385538,-1.091820002,1
1103,2017,-0.724281311,-0.8383798003,1
1135,33,0.3039291799,3.474688768,1
1135,65,-0.2144463956,-3.410228491,1
1135,97,-0.6179529428,-1.95556283,1
1135,129,-2.19952774,8.763692856,1
1135,161,-0.06059557199,-5.208310127,1
1135,193,-0.3902270496,-2.793903828,1
1135,225,-0.1928391457,-2.001645088,1
1135,257,-0.3907878399,-1.858992338,1
1135,289,-1.568378568,-1.572889209,1
1135,321,-2.071444988,-1.402620673,1
1135,353,-1.753396392,-1.17991662,1
1135,385,-1.574537516,-1.006906748,1
1135,417,-1.7355088,-0.4496012926,1
1135,449,-2.062538385,-0.9422154427,1
1135,481,-1.755748987,-1.460179567,1
1135,513,-1.528950453,-1.596206784,1
1135,545,-1.835602164,-1.569384336,1
1135,577,-2.582285881,-2.059470654,1
1135,609,-2.925267696,-2.239076853,1
1135,641,-1.037257791,-2.629297733,1
1135,673,-1.579093099,-0.6301088929,1
1135,705,-2.742237091,-1.158932924,1
1135,737,-1.649030447,-1.998442173,1
1135,769,-0.8432472944,-0.9359709024,1
1135,801,-1.098954797,-0.1424357295,1
1135,833,-1.612952709,0.008208081126,1
1135,865,-1.42356658,0.9410910606,1
1135,897,-1.234410882,1.894179463,1
1135,929,-2.98526144,0.1075870991,1
1135,961,-4.889796257,-0.6649562716,1
1135,993,3.306180954,16.13288879,1
1135,1025,-0.616987586,-0.5227934122,1
1135,1057,-0.7276528478,-0.7859159708,1
1135,1089,-0.8981714845,-0.3314319849,1
1135,1121,-0.7635923028,-0.8535856009,1
1135,1153,-0.6553913951,-1.518888474,1
1135,1185,-0.4596089721,-0.5261725783,1
1135,1217,-0.7606931925,0.02747091651,1
1135,1249,-1.746124387,0.1202994585,1
1135,1281,-2.770938635,-0.5288413167,1
1135,1313,-2.981731415,-2.81503582,1
1135,1345,-2.065167904,-3.685678005,1
1135,1377,-0.9892606139,-5.579683304,1
1135,1409,0.1941801906,-0.4844052196,1
1135,1441,-0.2264878154,-0.6508386731,1
1135,1473,-0.6578491926,-1.390108705,1
1135,1505,-1.753583193,-1.145551205,1
1135,1537,-0.8624694347,-0.2442423105,1
1135,1569,0.4810740352,-0.2734357715,1
1135,1601,0.08853322268,-0.1944906265,1
1135,1633,-1.690550208,0.9437689781,1
1135,1665,-1.990383625,0.7155008912,1
1135,1697,-1.649532557,-0.1590216756,1
1135,1729,-0.9632675648,0.6215342283,1
1135,1761,1.162093997,-0.3336997628,1
1135,1793,0.470099926,-0.9368253946,1
1135,1825,-0.5104189515,-1.373245358,1
1135,1857,-0.4464877844,-1.93500948,1
1135,1889,-0.493262291,-1.820216298,1
1135,1921,0.1405035555,-0.9969654083,1
1135,1953,0.2872493267,0.1349972486,1
1135,1985,-0.1373602152,-0.3367771804,1
1135,2017,-0.9338655472,-1.241298795,1
1167,33,-0.06333822012,6.194272518,1
1167,65,-0.4621667266,-0.735873878,1
1167,97,-0.1727924943,-2.659847736,1
1167,129,0.8923256993,-3.970295906,1
1167,161,0.4391067028,-6.254940987,1
1167,193,0.07111370564,-1.905639052,1
1167,225,-0.145342052,-0.1253476143,1
1167,257,-0.375333786,-1.424217105,1
1167,289,-0.6216590405,-2.763651133,1
1167,321,-2.328901291,-3.197817564,1
1167,353,-2.219852209,-1.614103794,1
1167,385,-1.063882709,-1.246846437,1
1167,417,-1.518747687,-0.05207884312,1
1167,449,-2.35249114,-1.235027552,1
1167,481,-2.190280914,-1.703083277,1
1167,513,-2.176104546,-1.725344419,1
1167,545,-1.367581248,-1.842381716,1
1167,577,-1.231222749,-2.442568779,1
1167,609,-1.594191074,-1.548480153,1
1167,641,-1.205942631,-1.096642256,1
1167,673,-1.477777719,-0.03022134304,1
1167,705,-3.236259699,-1.838451743,1
1167,737,-2.922769547,-2.273158312,1
1167,769,-2.668062687,-1.466961145,1
1167,801,-2.320356131,-1.000211954,1
1167,833,-1.419386506,-0.2452602386,1
1167,865,-0.3072221279,1.283831358,1
1167,897,5.685117722,19.80616379,1
1167,929,-0.5947040915,1.568744898,1
1167,961,-1.168744922,-0.6845827103,1
1167,993,-1.086094618,-0.2313944697,1
1167,1025,-1.056453228,-0.1698604822,1
1167,1057,-0.8364567757,-0.7594498396,1
1167,1089,-0.6578136086,-0.4506007433,1
1167,1121,-1.01760149,-0.1427970529,1
1167,1153,-0.8931595683,-0.287784785,1
1167,1185,-0.5838495493,-0.3132334054,1
1167,1217,-0.8479449749,-0.4750238359,1
1167,1249,-0.9489787817,-0.4591898918,1
1167,1281,-0.6011708379,-0.7277911305,1
1167,1313,-1.317461014,-1.058499336,1
1167,1345,-1.740772724,-1.821962118,1
1167,1377,-2.165672064,-1.642180681,1
1167,1409,-1.396694422,-0.2262839675,1
1167,1441,-1.252777815,0.2472289801,1
1167,1473,-0.8466564417,-1.131850958,1
1167,1505,-1.673910856,-2.24908638,1
1167,1537,-1.11448741,-0.620039463,1
1167,1569,-0.6803702116,-0.0455480814,1
1167,1601,-0.7011528611,-0.3173981905,1
1167,1633,-1.146026611,0.9659484029,1
1167,1665,-0.801294148,2.098554373,1
1167,1697,-0.4163450003,-0.08557417989,1
1167,1729,-1.03624773,-0.629781425,1
1167,1761,-1.027353048,-0.393057704,1
1167,1793,-1.513731003,-0.9173219204,1
1167,1825,-1.180969954,-2.30428791,1
1167,1857,-0.5764683485,-2.506651878,1
1167,1889,0.05259758234,-2.859713554,1
1167,1921,0.9047422409,-2.615765333,1
1167,1953,1.666902661,-0.7134521008,1
1167,1985,1.229781628,0.3935356736,1
1167,2017,-0.9616115093,-1.427752256,1
1199,33,-0.06385920942,6.234922409,1
1199,65,-0.5287471414,-0.7199642658,1
1199,97,0.4883352816,-3.224620581,1
1199,129,0.9992911816,-5.84039259,1
1199,161,-0.3235531449,-5.322235107,1
1199,193,3.075208187,0.3330266476,1
1199,225,0.4660479426,0.01476478577,1
1199,257,-1.098939538,-1.082885146,1
1199,289,-1.581109405,-1.780092001,1
1199,321,-2.260578632,-2.070469379,1
1199,353,-2.195520878,-1.52969873,1
1199,385,-0.944422245,-1.184923887,1
1199,417,-1.530478001,-1.043129683,1
1199,449,-2.339668036,-1.837944984,1
1199,481,-1.593712568,-2.033162594,1
1199,513,-0.9392271042,-2.165301323,1
1199,545,-0.06554245949,-3.067739964,1
1199,577,1.248213649,-3.858722448,1
1199,609,0.1402907372,-1.904734612,1
1199,641,-1.128328204,-0.2773807049,1
1199,673,-2.631211758,1.007582307,1
1199,705,-2.939773321,-1.547250152,1
1199,737,-3.272941828,-2.367514849,1
1199,769,-3.132579565,-1.830147624,1
1199,801,-2.479952812,-1.283325672,1
1199,833,-1.156157613,-0.4810415506,1
1199,865,0.4256719947,1.37752676,1
1199,897,1.322810292,3.552804947,1
1199,929,1.748804808,2.558939934,1
1199,961,0.4096190631,-0.2015224695,1
1199,993,-0.2659576237,-0.4499753118,1
1199,1025,-0.6934894323,-0.5636316538,1
1199,1057,-0.8588675857,-0.9107444882,1
1199,1089,-0.8885725737,-0.9886737466,1
1199,1121,-1.62889874,0.05601549149,1
1199,1153,-1.352980137,0.3739857674,1
1199,1185,-0.2074139118,-0.1797100157,1
1199,1217,-0.372934103,-0.6804872751,1
1199,1249,-0.753115654,-0.4348657131,1
1199,1281,-0.6581783295,-0.3970166445,1
1199,1313,-1.797258139,-0.8190561533,1
1199,1345,-3.650967598,-0.31072855,1
1199,1377,-1.564395189,-1.45919919,1
1199,1409,-1.386877298,-0.8718361855,1
1199,1441,-1.155391932,0.03122872114,1
1199,1473,-0.8729349375,-1.072799325,1
1199,1505,-1.449703217,-4.540115356,1
1199,1537,-1.298481822,-2.013949394,1
1199,1569,-1.235571742,-0.1760429144,1
1199,1601,-1.065452337,-0.3103297353,1
1199,1633,0.2993823886,-0.2610085905,1
1199,1665,0.403595686,-0.1637629867,1
1199,1697,-0.4367533922,-0.919218123,1
1199,1729,-0.7468291521,-1.361904144,1
1199,1761,-1.121035337,-0.7989683747,1
1199,1793,-1.371102214,-0.858466506,1
1199,1825,-1.462342858,-1.912114978,1
1199,1857,-1.394870639,-2.226539135,1
1199,1889,-0.3723109961,-1.527446032,1
1199,1921,-0.04094198346,-1.00283432,1
1199,1953,0.5820169449,-0.8101965785,1
1199,1985,0.5438258052,-0.06503629684,1
1199,2017,-0.6489008665,-1.38611877,1
1231,33,0.2388353944,3.526679039,1
1231,65,-1.143774867,-8.52378273,1
1231,97,-0.2009468079,-2.30916214,1
1231,129,-0.4807103574,-3.897577047,1
1231,161,-0.6949707866,-3.604576588,1
1231,193,1.45619607,-1.25908196,1
1231,225,-0.148248136,-1.266949892,1
1231,257,-2.433002472,-1.491288066,1
1231,289,-3.020290613,-1.575216413,1
1231,321,-2.073689461,-1.871893406,1
1231,353,-1.883141637,-1.289106607,1
1231,385,-1.877266645,-1.683539271,1
1231,417,-1.401587248,-1.869967937,1
1231,449,-1.542420864,-1.841005206,1
1231,481,-0.6405041218,-1.755947113,1
1231,513,0.02924090624,-1.761816621,1
1231,545,0.02302777767,-2.474077702,1
1231,577,0.4565508962,-2.399520397,1
1231,609,0.4504831433,-0.9182430506,1
1231,641,-0.4071997404,-0.2119537592,1
1231,673,-2.656620979,0.7139071226,1
1231,705,-1.695598602,-1.586046815,1
1231,737,-1.839223146,-2.635944605,1
1231,769,-1.543150067,-1.581164122,1
1231,801,-1.044597864,-2.09196949,1
1231,833,-0.8001177311,-0.8004716039,1
1231,865,-0.5231526494,1.207537651,1
1231,897,0.5750213861,3.30377984,1
1231,929,1.595023632,2.090022087,1
1231,961,0.3066116273,0.2187704742,1
1231,993,-0.4951166511,-1.053692341,1
1231,1025,-1.623933673,-1.90293932,1
1231,1057,-1.617689967,-1.752351165,1
1231,1089,-1.291780472,-3.5639534,1
1231,1121,-3.059165478,-2.742748976,1
1231,1153,-3.392158031,-0.3195883632,1
1231,1185,-3.186029911,0.7463922501,1
1231,1217,-1.418562174,0.3324558139,1
1231,1249,-0.9608368874,0.03856246173,1
1231,1281,-0.6959238052,0.1573100388,1
1231,1313,-2.289949417,-0.03361940384,1
1231,1345,-2.53099823,0.3050508499,1
1231,1377,-1.529366016,-4.732243061,1
1231,1409,-0.695807457,-1.528778791,1
1231,1441,-0.5814020634,-0.4869868755,1
1231,1473,-1.200163364,-0.7882516384,1
1231,1505,-2.029179573,-4.502054691,1
1231,1537,-0.5595391989,-2.193481207,1
1231,1569,-0.5772737265,-1.650075436,1
1231,1601,-0.4093212485,-1.307044744,1
1231,1633,-0.1425433159,-1.093938351,1
1231,1665,-0.14040941,-1.381052017,1
1231,1697,-0.5564858913,-1.97578001,1
1231,1729,-0.4257473946,-1.361444712,1
1231,1761,-1.059758902,-0.9110612869,1
1231,1793,-1.530455351,-0.4306682348,1
1231,1825,-1.678425074,-1.410722494,1
1231,1857,-1.485717773,-4.08330822,1
1231,1889,-1.870033264,-1.380479455,1
1231,1921,-1.739178419,-0.2691516876,1
1231,1953,-1.563793898,-0.7216591835,1
1231,1985,-1.727994919,-0.7612950206,1
1231,2017,-0.8453620672,-1.201166153,1
1263,33,-0.1173722148,2.640610933,1
1263,65,-0.8670759201,-1.868842125,1
1263,97,-1.114637971,-2.612637997,1
1263,129,-0.8471137285,-2.622394562,1
1263,161,-0.4987446666,-2.172365665,1
1263,193,-0.09046077728,-2.122454405,1
1263,225,-0.7356103659,-2.348360538,1
1263,257,-1.290985346,-2.102599621,1
1263,289,-1.601032376,-1.695203781,1
1263,321,-1.467566133,-1.887450576,1
1263,353,-1.787194729,-1.862152576,1
1263,385,-3.175401926,-2.111406088,1
1263,417,-1.844794512,-1.217620492,1
1263,449,-0.9386143684,-1.26971817,1
1263,481,-0.8570441008,-1.726549745,1
1263,513,-0.6075201631,-1.967384696,1
1263,545,-0.8929611444,-2.175954819,1
1263,577,-1.019882917,-0.8446837664,1
1263,609,-0.1070599556,-0.07664561272,1
1263,641,0.007494956255,-1.035882115,1
1263,673,-0.08175528049,-3.368069172,1
1263,705,-0.8062275648,-2.220506668,1
1263,737,-1.337573767,-1.780130506,1
1263,769,-1.269385695,-0.8105013371,1
1263,801,-0.5712400079,-0.8906662464,1
1263,833,-0.6908688545,-0.8742263913,1
1263,865,-0.8573776484,-0.5295194387,1
1263,897,0.07782687992,0.5877187252,1
1263,929,0.1819701493,0.6058462858,1
1263,961,-0.29569906,-0.03850245476,1
1263,993,-0.6440608501,-0.7575290799,1
1263,1025,-0.884632349,-1.248651266,1
1263,1057,-0.9185058475,-1.563919067,1
1263,1089,-1.522606015,-2.73137188,1
1263,1121,-1.969049692,-1.567621946,1
1263,1153,-3.832220316,0.3280271292,1
1263,1185,-4.501821995,1.001128793,1
1263,1217,-3.614404202,0.55525738,1
1263,1249,-2.543905497,0.3266291916,1
1263,1281,-3.59944725,0.5064007044,1
1263,1313,-2.408703566,0.4708884954,1
1263,1345,-1.950440288,-0.5065926313,1
1263,1377,-1.441764474,-0.7256947756,1
1263,1409,-0.7319697142,-0.3480754495,1
1263,1441,-0.8648175597,-0.1587516963,1
1263,1473,-0.727652967,0.08056414127,1
1263,1505,0.2188082337,-0.2199598551,1
1263,1537,1.504345894,-2.018460274,1
1263,1569,0.7225153446,-2.559730291,1
1263,1601,0.3201518953,-2.92447567,1
1263,1633,0.03006821871,-2.633064747,1
1263,1665,0.09054669738,-2.143224239,1
1263,1697,0.8667426705,-1.87290585,1
1263,1729,-0.2513160706,-1.146175027,1
1263,1761,-1.715547442,-0.2916724086,1
1263,1793,-2.446592331,-0.6599158049,1
1263,1825,-2.722084284,-2.163479567,1
1263,1857,-2.630987644,-3.666219473,1
1263,1889,-3.166127682,-1.520573378,1
1263,1921,-4.342079639,-1.788751125,1
1263,1953,-4.24503994,-2.248308659,1
1263,1985,-3.310286045,-1.623180389,1
1263,2017,-1.298870802,-0.6492978334,1
1295,33,-0.08224540949,4.157754898,1
1295,65,-0.4877569079,-2.062357903,1
1295,97,-0.5570166111,-2.996567011,1
1295,129,-0.221018672,-4.309975624,1
1295,161,-0.5709901452,-3.442121029,1
1295,193,-0.4053342044,-2.403986931,1
1295,225,-0.5806851387,-2.317090988,1
1295,257,-0.5698227882,-2.494083881,1
1295,289,-0.6148136258,-2.327343941,1
1295,321,-0.7702988386,-2.200547934,1
1295,353,-1.257990718,-2.289215088,1
1295,385,-2.868562698,-1.397124767,1
1295,417,-1.883450985,-0.7234869003,1
1295,449,-1.193732619,-1.250991583,1
1295,481,-1.235556483,-1.83740449,1
1295,513,-1.14312005,-2.350106955,1
1295,545,-1.109964371,-2.000377655,1
1295,577,-0.8439599276,-0.2813061476,1
1295,609,-0.38654688,-1.60251689,1
1295,641,0.09704041481,-2.632738829,1
1295,673,0.2130346298,-2.203306198,1
1295,705,0.2260761261,-2.251749039,1
1295,737,-0.5361157656,-2.349588871,1
1295,769,-0.5900263786,-1.255690932,1
1295,801,-0.2850506902,-0.7698888779,1
1295,833,-0.4189848304,-1.082423925,1
1295,865,-0.3802364469,-1.814385533,1
1295,897,0.0917301923,-0.7091168761,1
1295,929,-0.5136874318,-0.4631279707,1
1295,961,-0.654507637,-0.2354064584,1
1295,993,-0.04260160029,-0.4519473314,1
1295,1025,1.850827217,-1.291592002,1
1295,1057,0.4167454839,-1.834286809,1
1295,1089,-1.226137877,-1.772152662,1
1295,1121,-2.116503477,-0.6269266605,1
1295,1153,-3.952404976,0.7285878062,1
1295,1185,-4.270303726,2.469166756,1
1295,1217,-2.049833775,0.3381184042,1
1295,1249,-3.132849693,-0.5861906409,1
1295,1281,-4.881524086,0.2436167598,1
1295,1313,-2.565719366,0.8611776233,1
1295,1345,-1.887021422,-0.1715684533,1
1295,1377,-2.099808455,-0.4521778226,1
1295,1409,-2.373846054,0.01491600275,1
1295,1441,-1.378974557,-0.05436593294,1
1295,1473,-0.4382742047,0.3891304135,1
1295,1505,0.1004346013,0.1151183844,1
1295,1537,0.6534074545,-3.062112808,1
1295,1569,0.1098991632,-4.483297348,1
1295,1601,0.2356067151,-4.59954071,1
1295,1633,-0.01905420423,-5.574142456,1
1295,1665,-0.2264133394,-3.638099194,1
1295,1697,0.2898896933,-2.299713135,1
1295,1729,-0.4918012619,-0.8398220539,1
1295,1761,-1.68131876,0.5104876757,1
1295,1793,-2.643182516,-0.9846363068,1
1295,1825,-3.125905514,-2.136454105,1
1295,1857,-3.065258741,-2.599354744,1
1295,1889,-2.742222548,-2.264140129,1
1295,1921,-2.521792412,-1.895878315,1
1295,1953,-2.420612097,-2.037092209,1
1295,1985,-1.660422564,-1.658062577,1
1295,2017,0.4634298682,0.05724686384,1
1327,33,0.04049949348,4.628626823,1
1327,65,0.2382399142,-1.854315996,1
1327,97,0.6469037533,-2.984389782,1
1327,129,0.7144814134,-4.307749748,1
1327,161,0.7238209248,-4.70730257,1
1327,193,0.0518296361,-2.972939968,1
1327,225,-0.3503545523,-2.645209789,1
1327,257,-0.2772003412,-2.475821733,1
1327,289,-1.020829201,-2.550038338,1
1327,321,-0.9967962503,-2.050021887,1
1327,353,-0.5625705719,-1.413129807,1
1327,385,-1.129441023,-1.177449942,1
1327,417,-1.12848258,-0.7782123089,1
1327,449,-1.080729246,-0.8521549702,1
1327,481,-1.314336538,-1.3736552,1
1327,513,-1.224321365,-1.825344086,1
1327,545,-1.170084238,-2.494350195,1
1327,577,-0.7608290315,-2.918380737,1
1327,609,-0.7946919799,-2.948593378,1
1327,641,-0.8242762089,-2.130111456,1
1327,673,-0.3802607954,-2.522651434,1
1327,705,-0.02675619721,-3.180758476,1
1327,737,-0.06992578506,-2.333132982,1
1327,769,-0.1941970587,-1.635640144,1
1327,801,-0.3341865242,-1.276457906,1
1327,833,-0.2765170336,-1.280555725,1
1327,865,0.340133965,-1.265280008,1
1327,897,0.4499044716,-2.64786005,1
1327,929,-0.09571075439,-1.119336605,1
1327,961,0.04376895726,-0.2634553909,1
1327,993,0.3657197952,-0.5898312926,1
1327,1025,1.512831688,-3.550891399,1
1327,1057,1.471377254,-4.017297745,1
1327,1089,-0.4342522919,-3.58074379,1
1327,1121,-1.640480876,-0.9893461466,1
1327,1153,-5.449105263,2.971348047,1
1327,1185,-5.190612793,3.765294552,1
1327,1217,-1.165387034,0.6996012926,1
1327,1249,-1.017255545,0.4008315504,1
1327,1281,-1.073781848,0.2512956858,1
1327,1313,-1.622830033,0.1883431077,1
1327,1345,-1.249784708,-0.6251949072,1
1327,1377,-1.256927252,-0.7782946825,1
1327,1409,-1.869848371,-0.6607452631,1
1327,1441,-1.088045597,-0.06249856949,1
1327,1473,-0.2203812003,1.07179451,1
1327,1505,-0.4742982686,0.4157332778,1
1327,1537,-1.330199838,-3.401864052,1
1327,1569,-1.319394588,-6.224330902,1
1327,1601,-0.3528202176,-6.853254318,1
1327,1633,-0.5392107368,-7.203948498,1
1327,1665,-2.95435524,-4.96978569,1
1327,1697,-0.9808859825,-3.182189465,1
1327,1729,-1.990133047,-2.712223768,1
1327,1761,-2.532867908,0.2239015102,1
1327,1793,-2.032479048,-1.236036062,1
1327,1825,-2.252228975,-1.953097343,1
1327,1857,-2.257062674,-4.291646004,1
1327,1889,-1.920884371,-1.602482557,1
1327,1921,-1.625881433,-1.401477098,1
1327,1953,-1.166937947,-1.949174881,1
1327,1985,-0.3807232976,-1.579622865,1
1327,2017,0.419873476,0.06695693731,1
1359,33,-0.9157893658,3.045568228,1
1359,65,-0.07116568089,-1.269034863,1
1359,97,0.8396317959,-1.758653402,1
1359,129,1.871574879,-3.136311769,1
1359,161,3.342300415,-3.941068649,1
1359,193,1.91660881,-3.43632865,1
1359,225,0.4017081559,-3.742963314,1
1359,257,-0.3666957617,-2.809521437,1
1359,289,-2.210692644,-2.30587554,1
1359,321,-1.54533577,-1.115110397,1
1359,353,-0.6239700317,-0.3130915165,1
1359,385,-0.2392408252,-1.167721391,1
1359,417,-0.1478333473,-0.9552754164,1
1359,449,-0.7942165732,-0.6836650372,1
1359,481,-1.277909517,-1.146739364,1
1359,513,-0.3457171917,-1.321404457,1
1359,545,0.3709772825,-3.968190908,1
1359,577,-0.009331226349,-4.241037846,1
1359,609,-0.845674634,-2.118862629,1
1359,641,-0.8665890694,-1.722105026,1
1359,673,-0.5128197074,-1.397820473,1
1359,705,-0.3140858412,-1.106469631,1
1359,737,0.1291246414,-1.769760132,1
1359,769,0.118503198,-2.032468319,1
1359,801,0.07512795925,-1.929801583,1
1359,833,0.2703647017,-1.23941803,1
1359,865,0.3102971017,-1.212304473,1
1359,897,0.2566081882,-1.048269868,1
1359,929,-0.8118821383,-0.1966044903,1
1359,961,-0.2800785303,0.06095665693,1
1359,993,0.6140769124,-0.05027750134,1
1359,1025,0.7827732563,-1.794459939,1
1359,1057,0.9317903519,-2.548855305,1
1359,1089,0.3827692866,-2.344086409,1
1359,1121,-1.417795181,-3.042994499,1
1359,1153,-4.386181831,4.008579731,1
1359,1185,-3.107959747,3.874295235,1
1359,1217,-1.662399769,0.8795286417,1
1359,1249,-0.6619404554,0.7979288101,1
1359,1281,-0.6563171148,0.3826524317,1
1359,1313,-0.9918162823,-0.01963445544,1
1359,1345,-1.052188516,-1.070245266,1
1359,1377,-0.9346877337,-1.47786665,1
1359,1409,-0.8869377971,-1.435741901,1
1359,1441,-0.2584168911,-0.6623622179,1
1359,1473,0.1306643784,0.3048456311,1
1359,1505,-0.3518880904,-0.2450526953,1
1359,1537,-2.919663906,-2.241251707,1
1359,1569,-2.970251799,-4.13146019,1
1359,1601,-1.391857743,-6.872251987,1
1359,1633,-0.8947722912,-5.828063488,1
1359,1665,-0.8495402932,-4.007737637,1
1359,1697,-4.151031494,-8.719036102,1
1359,1729,-4.480448723,-6.020247459,1
1359,1761,-4.063276768,-1.557814121,1
1359,1793,-1.262410641,-0.7994792461,1
1359,1825,-1.145353198,-1.441368103,1
1359,1857,-1.191547871,-6.989584923,1
1359,1889,-1.260202527,-1.152865171,1
1359,1921,-0.8317570686,-0.9712928534,1
1359,1953,-0.134041667,-1.174934626,1
1359,1985,0.3654094934,-0.72366786,1
1359,2017,0.2741882801,-0.4265289903,1
1391,33,-1.251495838,1.770317316,1
1391,65,0.05424258113,-1.736365676,1
1391,97,0.7453114986,-1.46683979,1
1391,129,1.975068688,-3.440440893,1
1391,161,2.979956388,-3.943667412,1
1391,193,2.309805393,-3.263478994,1
1391,225,2.109929562,-4.310620308,1
1391,257,2.566750765,-4.648287773,1
1391,289,-0.4100506902,-0.9919724464,1
1391,321,-0.8123145103,-2.038239956,1
1391,353,-0.3755402565,-2.276378632,1
1391,385,-0.2189901471,-1.706867337,1
1391,417,-0.1755419374,-1.111769557,1
1391,449,-0.4157028794,-1.603496313,1
1391,481,-1.17611599,-1.924280643,1
1391,513,-1.215051293,-1.651436329,1
1391,545,-1.020109177,-3.258505344,1
1391,577,-0.8013628721,-2.291982651,1
1391,609,-0.5417065024,-1.327205539,1
1391,641,-0.7508555651,-0.7464103699,1
1391,673,-1.408214092,0.4464594126,1
1391,705,-1.635570288,0.569684267,1
1391,737,-1.211325884,-1.256624222,1
1391,769,-0.07086116821,-1.68898952,1
1391,801,1.062214494,-2.472593307,1
1391,833,1.151252627,-1.697690845,1
1391,865,0.7874934077,-1.428488016,1
1391,897,0.6423714161,-1.49243474,1
1391,929,-0.3331884742,-0.2254997492,1
1391,961,-0.218678236,0.2242670059,1
1391,993,0.8501696587,0.1591831893,1
1391,1025,1.048021317,-0.3310601115,1
1391,1057,1.181273937,-0.5841752291,1
1391,1089,1.008959532,-1.208125114,1
1391,1121,-0.08481566608,-1.064491749,1
1391,1153,-0.5196492672,0.8702061772,1
1391,1185,-1.898227811,0.9153469205,1
1391,1217,-3.14370203,0.05073738098,1
1391,1249,-3.270816803,-1.972781062,1
1391,1281,-2.606337547,-0.8160690665,1
1391,1313,-3.130889893,2.863934994,1
1391,1345,-0.9868239164,-0.5142787695,1
1391,1377,-0.9188967943,-0.863014102,1
1391,1409,-0.6736558676,-1.195818424,1
1391,1441,0.02809160948,-1.538680434,1
1391,1473,0.09161585569,-1.735391855,1
1391,1505,-0.6353914738,-3.979941368,1
1391,1537,-1.319631577,-3.612288713,1
1391,1569,-2.151839733,-4.147557259,1
1391,1601,-1.352345824,-4.058813572,1
1391,1633,-0.7943336964,-3.658337116,1
1391,1665,-0.5510383248,-5.767465115,1
1391,1697,-2.735312462,-8.452659607,1
1391,1729,-2.962974548,-5.461691856,1
1391,1761,-0.6298309565,-1.180666208,1
1391,1793,0.3162826002,-0.6265617609,1
1391,1825,0.1416056156,-0.5579907298,1
1391,1857,-1.260862827,-1.57094717,1
1391,1889,-1.067334652,-1.301785827,1
1391,1921,0.1149748266,-0.9393225312,1
1391,1953,0.3488079906,-0.444912076,1
1391,1985,0.755027771,-0.183519721,1
1391,2017,0.800146699,-0.8080439568,1
1423,33,-0.2746121883,1.799729586,1
1423,65,-0.2175516486,-2.509592295,1
1423,97,0.2484591603,-2.313594818,1
1423,129,0.2169735432,-3.10840416,1
1423,161,-0.8075371385,-4.55997324,1
1423,193,-0.3534738421,-2.989063263,1
1423,225,0.2162793875,-2.804689646,1
1423,257,0.3397762477,-3.562733173,1
1423,289,-1.449908972,-3.844022751,1
1423,321,-0.9038357735,-3.104218006,1
1423,353,-0.3122321367,-3.128726482,1
1423,385,-0.1970258355,-2.457839012,1
1423,417,-0.2143557072,-1.813011765,1
1423,449,-0.4477126598,-2.060565948,1
1423,481,-2.059453249,-2.951508045,1
1423,513,-1.796579242,-2.321670771,1
1423,545,-1.672967792,-3.352940559,1
1423,577,-1.245350718,-2.504688501,1
1423,609,-0.4679107666,-1.647442818,1
1423,641,-0.6876610518,-0.487007618,1
1423,673,-3.27765727,2.101364374,1
1423,705,-2.267271519,-0.5001659393,1
1423,737,-2.370787144,-1.929221034,1
1423,769,-0.3731058836,-1.800898671,1
1423,801,0.9196456671,-2.725307941,1
1423,833,2.196207047,-0.9533321857,1
1423,865,2.013536215,-1.547527075,1
1423,897,1.416652083,-3.090043068,1
1423,929,0.9072729349,-0.8646183014,1
1423,961,0.8974328041,-0.01323650777,1
1423,993,1.107129812,-0.2331774831,1
1423,1025,0.8329157829,-0.3008286953,1
1423,1057,0.9657045603,0.4892132282,1
1423,1089,0.2712824941,0.0950717926,1
1423,1121,-0.01288291812,0.1751637459,1
1423,1153,-0.3776443005,0.8982459307,1
1423,1185,-4.603752613,-0.2771485448,1
1423,1217,-5.129118443,-1.363948822,1
1423,1249,-1.68251431,-1.896456957,1
1423,1281,-6.324960232,-1.991381288,1
1423,1313,-3.575298309,2.54224968,1
1423,1345,-1.720493197,0.1059818268,1
1423,1377,-1.649033785,-0.6492362022,1
1423,1409,-0.9586901069,-1.055283308,1
1423,1441,0.0175601542,-1.755763412,1
1423,1473,0.1647519171,-2.117681026,1
1423,1505,-0.5944027901,-5.156741142,1
1423,1537,-0.8070108891,-4.282073975,1
1423,1569,-1.388780713,-4.238092422,1
1423,1601,-1.007274866,-2.525112391,1
1423,1633,-0.8935213089,-2.004109383,1
1423,1665,-1.007558584,-3.241055965,1
1423,1697,-0.5164254308,-5.438461304,1
1423,1729,-0.140397191,-4.86034584,1
1423,1761,0.7081595659,-1.818417549,1
1423,1793,0.6750453115,-0.836750865,1
1423,1825,0.4543992281,-0.328199327,1
1423,1857,0.09307873249,-0.1255576611,1
1423,1889,-0.0597242713,-0.05620038509,1
1423,1921,0.2175981998,-0.7255652547,1
1423,1953,0.06201118231,-0.4460674524,1
1423,1985,0.5835787058,-0.3034566939,1
1423,2017,1.642196655,-0.8141239285,1
1455,33,-0.266046524,2.382670641,1
1455,65,-2.303194523,-5.224821091,1
1455,97,-1.013096452,-1.565212369,1
1455,129,-1.35914278,-1.593696117,1
1455,161,-3.202967167,-2.661171198,1
1455,193,-4.302349567,-2.95245266,1
1455,225,-0.8245475292,-2.070095539,1
1455,257,-1.395681262,-1.073150635,1
1455,289,-1.521380663,-1.857223272,1
1455,321,-1.122889876,-2.514756918,1
1455,353,-1.013609052,-3.085737705,1
1455,385,-0.6394286752,-2.399492741,1
1455,417,-0.9216527939,-2.035921335,1
1455,449,-1.097196817,-2.015557289,1
1455,481,-0.9974204302,-2.697979689,1
1455,513,-1.011222482,-2.733489752,1
1455,545,-2.302099228,-2.589736938,1
1455,577,-1.638214111,-4.829246044,1
1455,609,-1.370500684,-4.97140646,1
1455,641,-1.068366528,-3.307256937,1
1455,673,-0.5881849527,-0.1379377842,1
1455,705,-0.4172716141,-0.5270137787,1
1455,737,-0.8858270645,-1.586312294,1
1455,769,-0.9059562087,-1.998975158,1
1455,801,0.1549935341,-1.699994802,1
1455,833,1.686348677,0.121899724,1
1455,865,2.882978439,-0.07134521008,1
1455,897,1.895782351,-2.580533504,1
1455,929,1.321276665,-0.7166816592,1
1455,961,1.427764893,0.01461081207,1
1455,993,1.713391066,-0.1151006371,1
1455,1025,1.19857049,-0.187865153,1
1455,1057,0.8566814065,0.5471391678,1
1455,1089,0.1344659626,1.012615442,1
1455,1121,-0.09615844488,1.064572811,1
1455,1153,-0.6554663777,0.8309871554,1
1455,1185,-3.712915421,-0.1593154073,1
1455,1217,-2.245041132,-0.3863089681,1
1455,1249,-1.757097602,-0.3260937929,1
1455,1281,-5.961566925,-3.454546452,1
1455,1313,-4.370099545,-3.041454792,1
1455,1345,-1.257258892,-0.4918884635,1
1455,1377,-1.416777968,-0.9644933939,1
1455,1409,-1.789391994,-1.726117134,1
1455,1441,-0.3956061006,-1.473022342,1
1455,1473,0.8723846078,-1.788697481,1
1455,1505,1.312691212,-2.177876949,1
1455,1537,0.2948143184,-2.173604727,1
1455,1569,-0.3448116779,-1.840025663,1
1455,1601,-1.195015073,-1.928452969,1
1455,1633,-0.3197444975,-2.101683617,1
1455,1665,0.1789853573,-2.090750217,1
1455,1697,0.4080438018,-3.945820093,1
1455,1729,0.8213473558,-3.31021452,1
1455,1761,0.5054433346,-1.566422701,1
1455,1793,0.2162553668,-0.6215498447,1
1455,1825,0.4017527699,-0.1662060022,1
1455,1857,-0.07558760047,0.9809470177,1
1455,1889,0.01795141399,0.02929782867,1
1455,1921,0.4781971276,-3.257400513,1
1455,1953,0.558149159,-0.5429890156,1
1455,1985,1.316494226,-0.3210327625,1
1455,2017,1.938322425,-0.4877681136,1
1487,33,-3.935522318,2.991111517,1
1487,65,-2.381473064,-3.191863537,1
1487,97,-1.560172081,-1.556915998,1
1487,129,-2.346782923,-2.347784519,1
1487,161,-2.353935242,-2.065879345,1
1487,193,-0.7345210314,-0.5054676533,1
1487,225,-0.306427002,0.2540379763,1
1487,257,-1.160322189,0.8586114049,1
1487,289,-1.130233765,-0.4215900898,1
1487,321,-1.218312502,-1.677921534,1
1487,353,-1.30240798,-4.169770241,1
1487,385,-1.021878958,-2.032127619,1
1487,417,-1.773177385,-2.018421173,1
1487,449,-1.982765675,-2.461913586,1
1487,481,-1.701908588,-2.817732096,1
1487,513,-1.565109968,-3.429191351,1
1487,545,-2.338077545,-3.360501051,1
1487,577,-2.363040924,-4.449546337,1
1487,609,-1.736057758,-5.258423805,1
1487,641,-1.339083433,-4.256645203,1
1487,673,-0.4143725038,-1.780367851,1
1487,705,-0.07532083988,-0.2318764925,1
1487,737,-0.5625349283,-1.039654374,1
1487,769,-0.4030688405,-1.381679654,1
1487,801,0.3686274886,-1.241662621,1
1487,833,0.7016456127,-0.670014143,1
1487,865,1.169883013,-0.3753943443,1
1487,897,1.259789467,-0.8154197931,1
1487,929,0.9152522087,-0.5264858007,1
1487,961,2.214074135,1.640612245,1
1487,993,2.19786191,0.5945143104,1
1487,1025,1.660527945,-0.0833998397,1
1487,1057,1.016143084,0.0203602314,1
1487,1089,0.3048648834,1.728089809,1
1487,1121,-0.3260492086,1.950568199,1
1487,1153,-1.142463923,0.9239352942,1
1487,1185,-1.680476665,-0.5391388535,1
1487,1217,-3.470357895,-2.07677412,1
1487,1249,-3.370627403,-1.090975761,1
1487,1281,-1.388651848,-1.061908841,1
1487,1313,-0.7546560168,-1.422158718,1
1487,1345,-0.2162702084,-1.295360923,1
1487,1377,-0.522015214,-1.841796875,1
1487,1409,-0.6148161292,-1.45801568,1
1487,1441,-0.1942636371,-1.512521386,1
1487,1473,0.409683466,-1.167947173,1
1487,1505,0.9591441154,-0.9720327854,1
1487,1537,0.9364474416,-1.019808054,1
1487,1569,0.383635968,-1.123941064,1
1487,1601,-0.7137424946,-1.982224226,1
1487,1633,0.09367221594,-2.397503376,1
1487,1665,0.8676985502,-2.022376776,1
1487,1697,1.07135272,-2.127919674,1
1487,1729,1.16413331,-2.431685448,1
1487,1761,0.919775188,-1.928041339,1
1487,1793,0.5424429178,-1.483421326,1
1487,1825,0.7049711943,-1.569991708,1
1487,1857,-0.06427013874,-1.131866693,1
1487,1889,0.1017203182,-0.8971269131,1
1487,1921,0.5681066513,-1.898443699,1
1487,1953,0.7011250854,-1.23366034,1
1487,1985,0.9498025179,-0.6271881461,1
1487,2017,0.8919879794,-0.1249026656,1
1519,33,1.650079489,2.957301378,1
1519,65,-1.529474378,-1.237878919,1
1519,97,-2.187606335,-1.514590025,1
1519,129,-2.40443182,-2.829349041,1
1519,161,-1.742430806,-3.107979774,1
1519,193,-0.9918214679,-0.4665604234,1
1519,225,-0.7620632052,0.4054234028,1
1519,257,-1.16522789,0.7856884003,1
1519,289,-1.312035561,-0.4553086758,1
1519,321,-1.199571967,-1.627927303,1
1519,353,-1.308540463,-2.499376774,1
1519,385,-1.436552286,-1.275345802,1
1519,417,-1.859073281,-1.856817722,1
1519,449,-1.900373459,-2.415220499,1
1519,481,-1.911065102,-2.944976568,1
1519,513,-2.083805084,-3.912684441,1
1519,545,-2.331425428,-4.506308079,1
1519,577,-2.417239428,-4.835777283,1
1519,609,-2.103465319,-3.511989594,1
1519,641,-1.233191729,-2.244062901,1
1519,673,-0.5223569274,-1.640835643,1
1519,705,-0.0823559463,-1.145617485,1
1519,737,-0.105565846,-1.128010988,1
1519,769,0.0312294364,-1.305303454,1
1519,801,0.3648127615,-1.100109816,1
1519,833,0.478515625,-0.8330357671,1
1519,865,0.6925525665,-0.7919579744,1
1519,897,1.142734289,-1.488223314,1
1519,929,1.812246084,-0.9255172014,1
1519,961,2.258709669,0.3664927483,1
1519,993,3.568055391,-0.3687458038,1
1519,1025,2.403767824,-0.4689209461,1
1519,1057,1.215871334,-0.359201014,1
1519,1089,0.2191804051,1.150854588,1
1519,1121,-0.5220521092,2.757686138,1
1519,1153,-1.367480993,1.588459492,1
1519,1185,-1.947371244,0.02340513468,1
1519,1217,-3.236512184,-1.364744425,1
1519,1249,-2.96103096,-1.351005077,1
1519,1281,-1.207969785,-0.88207376,1
1519,1313,-0.2501898706,-1.252234936,1
1519,1345,0.208607614,-2.09371233,1
1519,1377,-0.1510754228,-2.301849365,1
1519,1409,0.1654720157,-1.638652444,1
1519,1441,0.4268975556,-1.156378388,1
1519,1473,0.4156199694,-0.6897820234,1
1519,1505,0.870211482,-0.08616423607,1
1519,1537,0.5248959064,-0.5172967911,1
1519,1569,0.08456596732,-1.470280409,1
1519,1601,0.1037620157,-2.471379519,1
1519,1633,0.1464660913,-1.713599682,1
1519,1665,0.2644317746,-1.360455394,1
1519,1697,0.8596308827,-1.526954293,1
1519,1729,2.115998745,-2.090198994,1
1519,1761,1.330668211,-1.873209119,1
1519,1793,0.8920878172,-1.984684587,1
1519,1825,1.017636299,-3.961681366,1
1519,1857,0.702791214,-3.041402817,1
1519,1889,0.4480454326,-1.64529562,1
1519,1921,0.6028134227,-2.361063957,1
1519,1953,0.7287942767,-1.955442786,1
1519,1985,0.7869751453,-0.4838035107,1
1519,2017,0.6104441285,-0.1891055703,1
1551,33,1.863271236,2.694761038,1
1551,65,-1.167898417,-1.519821048,1
1551,97,-2.322586775,-1.598945975,1
1551,129,-2.120611668,-2.008285522,1
1551,161,-1.794933319,-2.716046572,1
1551,193,-1.22277236,-0.6916317344,1
1551,225,-0.7617554069,-0.1371605396,1
1551,257,-0.4728496075,-0.5048079491,1
1551,289,-0.3623315692,-0.7553674579,1
1551,321,-0.3363850117,-1.123065472,1
1551,353,-0.7870027423,-1.724766016,1
1551,385,-1.307185292,-1.136564493,1
1551,417,-2.326941967,-1.074171424,1
1551,449,-1.277188301,-1.730450392,1
1551,481,-1.153498173,-2.709721088,1
1551,513,-1.369980812,-4.014871597,1
1551,545,-1.769661307,-4.501485825,1
1551,577,-1.632173061,-3.855575562,1
1551,609,-2.063653946,-2.276091576,1
1551,641,-2.900249481,-2.234050512,1
1551,673,-0.2906541228,-1.119642258,1
1551,705,0.5106042624,-0.02978169918,1
1551,737,0.5098788738,-0.9751224518,1
1551,769,0.5847615004,-1.029852629,1
1551,801,0.3776526749,-0.3809722662,1
1551,833,0.437907815,-0.3739081621,1
1551,865,0.1975209713,-0.9798644185,1
1551,897,0.775295496,-1.567244649,1
1551,929,1.482464194,-1.919031143,1
1551,961,3.584504843,-2.64165163,1
1551,993,4.994990349,-1.509727478,1
1551,1025,4.066889763,-1.745031357,1
1551,1057,4.293613434,-2.250396967,1
1551,1089,0.6845518351,0.4805210531,1
1551,1121,-0.09064304829,2.297672272,1
1551,1153,-1.111875057,1.325445771,1
1551,1185,-2.207573414,0.1137574613,1
1551,1217,-3.95825696,-1.125192046,1
1551,1249,-3.241783619,-0.8291937709,1
1551,1281,-1.384192467,0.09268498421,1
1551,1313,-0.1014530063,-0.6817742586,1
1551,1345,0.4899270833,-2.176106453,1
1551,1377,-0.1539718211,-1.554571629,1
1551,1409,-0.2781560421,-1.135778427,1
1551,1441,-0.1272338927,-0.7389245033,1
1551,1473,0.4720013142,-0.3876336217,1
1551,1505,1.388099074,-1.380890608,1
1551,1537,0.3466892242,-1.078264117,1
1551,1569,-0.3030472994,-1.207943082,1
1551,1601,0.5486924648,-1.894362926,1
1551,1633,0.2564896643,-1.486248612,1
1551,1665,-0.07854631543,-1.567321181,1
1551,1697,0.707716465,-1.696344852,1
1551,1729,2.150557995,-1.470414996,1
1551,1761,2.090322971,-0.9262161255,1
1551,1793,2.074791431,-1.394370794,1
1551,1825,2.112547159,-3.20030117,1
1551,1857,1.132164478,-2.05393219,1
1551,1889,1.063284993,-2.200695992,1
1551,1921,0.757814765,-2.972094297,1
1551,1953,0.6429880857,-1.550868511,1
1551,1985,0.7298562527,-0.5600303411,1
1551,2017,0.4534968138,-0.1453726292,1
1583,33,0.09643030167,2.168453217,1
1583,65,-0.711761713,-0.5200935602,1
1583,97,-1.194230318,-0.8934133053,1
1583,129,-1.470599771,-1.748331189,1
1583,161,-1.840893626,-2.853073597,1
1583,193,-0.9842017293,-0.4869599938,1
1583,225,-0.03066399693,-0.6328222156,1
1583,257,0.4870281816,-0.9702017903,1
1583,289,0.606649518,-1.028803945,1
1583,321,0.2798212767,-1.086389422,1
1583,353,0.4894484878,-1.269171238,1
1583,385,1.408853412,-1.142997622,1
1583,417,-0.2738956809,-0.4352036715,1
1583,449,-1.119835615,0.0002675056458,1
1583,481,-0.4395854473,-2.006002426,1
1583,513,0.2958598137,-5.055821896,1
1583,545,-0.6238084435,-4.103347778,1
1583,577,-0.73084867,-2.324407578,1
1583,609,-0.5713182688,-1.212477684,1
1583,641,-0.5863357782,-0.5828142762,1
1583,673,0.04392468929,-0.04876816273,1
1583,705,0.930336833,0.5124064684,1
1583,737,0.8439627886,-0.4935102463,1
1583,769,0.5744168758,-1.005623817,1
1583,801,0.4509256482,0.009345650673,1
1583,833,0.5259903669,-0.2015379071,1
1583,865,0.5691017509,-1.504875302,1
1583,897,0.7232589722,-0.8773517609,1
1583,929,1.067645669,-1.003281236,1
1583,961,4.137872696,-3.919569492,1
1583,993,5.886101723,-2.339443684,1
1583,1025,5.720952988,-2.452489138,1
1583,1057,6.221203327,-2.42815733,1
1583,1089,1.843779922,0.9763077497,1
1583,1121,0.5712089539,0.9923020601,1
1583,1153,-0.5814734697,0.3073186874,1
1583,1185,-2.132740974,-0.06615069509,1
1583,1217,-3.19280982,-0.2679097354,1
1583,1249,-3.018801212,0.3639291227,1
1583,1281,-1.269362926,0.06808701158,1
1583,1313,0.1829179525,-0.2669317126,1
1583,1345,0.367277205,-1.306303382,1
1583,1377,-0.3596704006,-1.452725172,1
1583,1409,-0.9733229876,-0.7660453916,1
1583,1441,-0.678501308,-0.4148961902,1
1583,1473,-0.07233274728,-0.4893555045,1
1583,1505,0.545440495,-1.249531031,1
1583,1537,0.7314145565,-1.058677435,1
1583,1569,0.1552698016,-0.000490128994,1
1583,1601,0.4742721915,-0.1710413694,1
1583,1633,0.3564761281,-0.8857047558,1
1583,1665,-0.1009181142,-1.729238272,1
1583,1697,-0.09664142132,-1.284780502,1
1583,1729,-0.2531657517,-0.5133729577,1
1583,1761,0.9364737272,-0.09844452143,1
1583,1793,2.407799482,-0.7820343971,1
1583,1825,1.413130403,-1.598746538,1
1583,1857,2.089550018,-1.524064302,1
1583,1889,1.022588849,-2.242155313,1
1583,1921,0.5510527492,-3.20714426,1
1583,1953,0.7629716396,-0.7543907166,1
1583,1985,0.7082014084,-0.2775637507,1
1583,2017,0.01302170753,-0.2590762377,1
1615,33,-0.4604002237,1.270000458,1
1615,65,-0.2926804423,-0.3423268199,1
1615,97,-0.1356064677,-0.5901787281,1
1615,129,-0.2636481524,16.45317268,1
1615,161,-1.529797077,-1.132020593,1
1615,193,-0.8148382902,-0.5040152073,1
1615,225,-0.1887239218,-0.605099082,1
1615,257,-0.08651229739,-0.7649196386,1
1615,289,0.1002726555,-0.9311092496,1
1615,321,-0.2867436111,-1.054938555,1
1615,353,-0.2884693146,-1.403568983,1
1615,385,0.3620792627,-1.786940098,1
1615,417,-0.6913211942,-1.842891693,1
1615,449,-0.9177912474,-1.37704432,1
1615,481,-0.03876441717,-1.35110867,1
1615,513,1.572398663,-5.307023525,1
1615,545,0.4818256497,-4.559328079,1
1615,577,-0.6857652664,-1.770773172,1
1615,609,-0.4108427167,-0.4180330038,1
1615,641,-0.1336688101,0.3432500362,1
1615,673,0.1105038226,1.150003195,1
1615,705,0.6970164776,0.1821395755,1
1615,737,0.9003101587,-0.528280437,1
1615,769,0.121881485,-1.793320298,1
1615,801,-0.2680020928,-0.8393951058,1
1615,833,0.3254526854,-0.7861615419,1
1615,865,1.033508897,-0.3020803332,1
1615,897,1.255196691,-0.03610995412,1
1615,929,3.781792641,-2.952484131,1
1615,961,5.987944603,-3.723469257,1
1615,993,6.684656143,-3.384609699,1
1615,1025,5.811348915,-3.403940201,1
1615,1057,5.71750164,-1.956365705,1
1615,1089,0.5094027519,0.05509576201,1
1615,1121,0.8396064043,0.4574087858,1
1615,1153,-0.4924930334,0.4384715557,1
1615,1185,-2.234197378,0.1302507222,1
1615,1217,-3.836342573,0.0768430531,1
1615,1249,-2.960609913,0.0300001204,1
1615,1281,-0.5718178749,0.3798177838,1
1615,1313,-0.2364174128,0.4448201656,1
1615,1345,-0.5608462095,-0.2417098284,1
1615,1377,-0.4638431072,-0.6251204014,1
1615,1409,-0.7151349187,-0.4160832167,1
1615,1441,-2.132288933,0.031488657,1
1615,1473,-0.9360721111,-0.5361967683,1
1615,1505,-0.1216063201,-0.8782790899,1
1615,1537,0.420140326,-0.4121979475,1
1615,1569,0.6052798629,-0.4069250822,1
1615,1601,0.8697090149,-0.2415109873,1
1615,1633,0.6018832326,-0.6569676399,1
1615,1665,0.01443096995,-1.666630745,1
1615,1697,-0.2864994705,-1.199538946,1
1615,1729,-0.363350898,-0.6925833225,1
1615,1761,0.1873117089,0.7322512269,1
1615,1793,0.857129395,0.7905089855,1
1615,1825,0.7832120657,-0.3805815578,1
1615,1857,0.7518072128,-0.6363607645,1
1615,1889,0.5552641153,-1.223430157,1
1615,1921,0.5583957434,-1.521044254,1
1615,1953,0.4648418128,-0.5074347258,1
1615,1985,0.1091278195,-0.3548608422,1
1615,2017,0.07199904323,-0.3305712938,1
1647,33,-0.7624790072,0.7069597244,1
1647,65,-0.3499918878,-0.8155595064,1
1647,97,-0.2439255714,-0.6783361435,1
1647,129,-0.4454987645,-0.2952333689,1
1647,161,-0.768243134,-0.2637383342,1
1647,193,-0.7617973685,-0.704302907,1
1647,225,-0.7974250913,-0.8899166584,1
1647,257,-0.7855381966,-1.006279111,1
1647,289,-0.4843417406,-0.9613070488,1
1647,321,-0.7839115858,-1.191883326,1
1647,353,-0.8061914444,-1.700175762,1
1647,385,-0.58328408,-2.274204969,1
1647,417,-1.355887771,-2.192640781,1
1647,449,-1.333697677,-1.887212515,1
1647,481,-0.3159429431,-0.8808100224,1
1647,513,0.2638984919,-1.410719395,1
1647,545,0.1647422314,-5.247753143,1
1647,577,-0.8906790018,-1.99940896,1
1647,609,-1.520128131,-0.7417801619,1
1647,641,-0.1876825541,0.1128441691,1
1647,673,0.6434988379,0.6440606117,1
1647,705,0.5914480686,0.2719388902,1
1647,737,0.5211857557,-0.5270975232,1
1647,769,0.003525853157,-1.542916059,1
1647,801,0.9384319782,-7.098657608,1
1647,833,0.1865054369,-0.7886530161,1
1647,865,1.740956068,0.5044106245,1
1647,897,1.778215051,0.8421491981,1
1647,929,1.179345369,-0.7866935134,1
1647,961,1.215914488,-1.295859098,1
1647,993,6.142095566,-5.037294388,1
1647,1025,3.002703667,-5.266309738,1
1647,1057,2.246143341,-4.040506363,1
1647,1089,1.032788396,-1.398124218,1
1647,1121,0.03748974204,-0.1118921936,1
1647,1153,-0.8475813866,-0.03103750944,1
1647,1185,-2.630500317,-0.3607461452,1
1647,1217,-5.895250797,-0.2077237666,1
1647,1249,-3.708477497,-0.3098886609,1
1647,1281,-0.9514094591,0.4387687445,1
1647,1313,-0.6674003005,0.9217911959,1
1647,1345,-1.031203389,0.04816329479,1
1647,1377,-0.6683536172,-0.7717356682,1
1647,1409,0.06812435389,-0.6180911064,1
1647,1441,0.3866998553,-0.05158603191,1
1647,1473,0.2104420662,0.03210797906,1
1647,1505,0.1833734661,0.1175180972,1
1647,1537,0.08848464489,0.315169394,1
1647,1569,0.4727452993,-0.8832716346,1
1647,1601,1.51864481,-2.303134918,1
1647,1633,3.288645506,-3.194949627,1
1647,1665,0.5954970717,-2.912258148,1
1647,1697,0.07199581712,-1.237883568,1
1647,1729,-0.2996427715,-0.543477416,1
1647,1761,-0.3618144095,0.7487924099,1
1647,1793,0.05204710364,0.8131599426,1
1647,1825,0.2639299035,-0.1956601143,1
1647,1857,0.09840610623,-0.5020010471,1
1647,1889,0.2360763848,-0.3174821734,1
1647,1921,0.6037330627,0.04270914197,1
1647,1953,0.3493299484,-0.3517888784,1
1647,1985,0.08913215995,-0.5176110864,1
1647,2017,0.367005676,-0.6075579524,1
1679,33,-0.3862316608,0.5337478518,1
1679,65,-0.148357451,-0.3836326301,1
1679,97,-0.211394012,-0.5539517403,1
1679,129,-0.3165679276,-0.5757107735,1
1679,161,-0.7298785448,-0.4398289621,1
1679,193,-1.061426401,-0.5107989907,1
1679,225,-0.5535873175,-0.897544086,1
1679,257,0.02072161436,-1.122985363,1
1679,289,0.2593127191,-0.8346131444,1
1679,321,-0.403259635,-1.208875656,1
1679,353,-0.5618765354,-1.655890107,1
1679,385,-0.5235404968,-1.279264092,1
1679,417,-1.155282974,-1.481653094,1
1679,449,-1.383874416,-1.916749716,1
1679,481,-1.008907795,-1.205312729,1
1679,513,-0.5650590658,0.2987544537,1
1679,545,12.37432861,1.074658632,1
1679,577,-2.485939741,-3.464029789,1
1679,609,-1.701932669,-0.4430822432,1
1679,641,-0.420982033,0.7491468191,1
1679,673,0.6035678983,0.5882428288,1
1679,705,0.4854233861,-0.3977043033,1
1679,737,0.2580289543,-0.9864902496,1
1679,769,-0.8106279969,-1.308445096,1
1679,801,-0.4428092539,-1.381008267,1
1679,833,0.5420457125,-0.7998390198,1
1679,865,2.106641054,1.071507812,1
1679,897,2.664291859,1.553230643,1
1679,929,1.121357918,-1.336563349,1
1679,961,1.304858446,-1.610371709,1
1679,993,1.999236584,-2.100524902,1
1679,1025,1.692129731,-4.048852921,1
1679,1057,1.01033318,-4.821520805,1
1679,1089,0.82378757,-1.978161335,1
1679,1121,-0.50040555,-0.6637504101,1
1679,1153,-1.080504894,-0.6676869392,1
1679,1185,-1.282461882,-0.6468360424,1
1679,1217,-1.480945826,1.073635697,1
1679,1249,-1.716075063,0.3760832846,1
1679,1281,-1.335537791,0.02317842841,1
1679,1313,-0.9572330117,-0.06722146273,1
1679,1345,-0.9127957821,-0.7335894108,1
1679,1377,-0.3224492073,-1.170937538,1
1679,1409,0.3057125807,-0.7180497646,1
1679,1441,1.221385717,-0.01838803291,1
1679,1473,0.6308903694,0.0614721477,1
1679,1505,0.4980952144,0.418743372,1
1679,1537,0.508580029,0.1247403622,1
1679,1569,0.6593223214,-0.9653738737,1
1679,1601,1.192484856,-2.593026638,1
1679,1633,2.181330204,-3.756064653,1
1679,1665,2.210673332,-3.794265509,1
1679,1697,-0.1257868111,-0.6781769395,1
1679,1729,-0.32185781,-0.02245998383,1
1679,1761,-0.7516104579,0.6256812811,1
1679,1793,-0.6587144732,2.020815849,1
1679,1825,-0.1754826605,0.3815274835,1
1679,1857,-0.06192331016,-0.4983808398,1
1679,1889,0.1401139498,-0.4721800089,1
1679,1921,0.6609654427,-0.4447161853,1
1679,1953,0.4824089408,-0.5116970539,1
1679,1985,0.08925138414,-0.0946546793,1
1679,2017,-0.001111537218,-0.4353193641,1
1711,33,-0.1969175339,0.5364075303,1
1711,65,15.41388988,2.571813345,1
1711,97,0.008865118027,-0.361076355,1
1711,129,-0.2623149455,-0.556614697,1
1711,161,-0.5493917465,-0.4420018792,1
1711,193,-0.9175581932,-0.2137251496,1
1711,225,0.2688577771,-0.3912793398,1
1711,257,1.355206966,-0.005400180817,1
1711,289,0.8874769807,-0.1307923794,1
1711,321,-0.2284545302,-0.79806602,1
1711,353,-0.4131526947,-1.099885225,1
1711,385,-0.432313025,-1.14124918,1
1711,417,-1.289741397,-1.170669317,1
1711,449,-2.253113031,-1.684700608,1
1711,481,-1.709580302,-1.620833039,1
1711,513,-1.253796101,-0.4005556703,1
1711,545,-0.8894661665,-0.8928995132,1
1711,577,-0.6326197982,-1.387109518,1
1711,609,-1.018989563,0.7565993071,1
1711,641,-0.9609302282,3.80714941,1
1711,673,-16.68322945,-3.822630405,1
1711,705,0.8218076229,-1.388515949,1
1711,737,0.355312556,-1.739870906,1
1711,769,-0.2195281088,-0.9116435051,1
1711,801,0.5301087499,-0.970580101,1
1711,833,0.8750792742,-1.970149517,1
1711,865,1.088518143,0.01105153561,1
1711,897,1.681874871,0.1044953465,1
1711,929,1.429653525,-1.696478963,1
1711,961,0.8432126045,-1.545831561,1
1711,993,1.285985351,-1.574683189,1
1711,1025,0.9956617355,-2.262686253,1
1711,1057,-0.09494106472,-2.798086882,1
1711,1089,-0.4870350957,-2.943893671,1
1711,1121,-0.4850287437,-2.269090652,1
1711,1153,-0.6817464232,-1.428090811,1
1711,1185,-1.21069932,-0.7007644176,1
1711,1217,-1.221568823,0.9451155066,1
1711,1249,-1.287682533,1.241587758,1
1711,1281,-5.78730011,0.1045569181,1
1711,1313,-2.784067869,-1.310078144,1
1711,1345,-1.275238872,-1.951163292,1
1711,1377,7.128715515e-05,-0.8959312439,1
1711,1409,0.2578055263,-0.5309773088,1
1711,1441,0.3336938024,-0.4551610947,1
1711,1473,0.003789886832,-1.02448225,1
1711,1505,-0.5384247303,-0.7765295506,1
1711,1537,-0.3088971376,-0.8906702995,1
1711,1569,0.214065358,-2.14978838,1
1711,1601,0.5637922287,-1.979788899,1
1711,1633,0.4393507242,-1.267427564,1
1711,1665,-0.6347050667,-0.780400157,1
1711,1697,-0.8624125123,-0.2993241549,1
1711,1729,-0.3257806599,-0.2348464578,1
1711,1761,-0.4382416606,0.7415058613,1
1711,1793,-1.061092854,4.194911957,1
1711,1825,0.3782005608,1.466105342,1
1711,1857,0.3131662011,-0.1811424196,1
1711,1889,0.3767454028,-0.8756463528,1
1711,1921,0.8528627157,-1.613641262,1
1711,1953,0.2794212401,-0.7157920599,1
1711,1985,0.06812245399,0.08699640632,1
1711,2017,-0.3474357724,-0.243363291,1
1743,33,-0.366389513,0.5636116862,1
1743,65,-0.5866814852,-0.01857510582,1
1743,97,0.002832055092,-0.288340807,1
1743,129,-0.02864694595,-0.7321708202,1
1743,161,-0.3647509813,-0.4908778071,1
1743,193,-0.006964504719,0.03350645304,1
1743,225,0.2931596041,0.05072066188,1
1743,257,0.2730259597,0.5173791051,1
1743,289,-0.3151992857,0.3731139898,1
1743,321,-0.4228254855,-0.2722370028,1
1743,353,-0.381215632,-0.633264482,1
1743,385,-0.5072771907,-1.352036238,1
1743,417,-1.265355706,-1.155388832,1
1743,449,-1.792298675,-1.082859278,1
1743,481,-1.239698172,-1.107941508,1
1743,513,-1.026733398,-0.8560542464,1
1743,545,-0.8095824122,-0.7300373912,1
1743,577,-0.3438346684,-0.2635017037,1
1743,609,-0.09945335984,0.3093583882,1
1743,641,0.6079828739,-0.09984433651,1
1743,673,0.9098716974,-0.7656369209,1
1743,705,0.8833904266,-1.60434103,1
1743,737,1.05699873,-2.003463268,1
1743,769,0.6851204634,-1.001659155,1
1743,801,0.7219121456,-0.8677312732,1
1743,833,1.361673951,-2.719118595,1
1743,865,1.989800096,-0.4788697958,1
1743,897,3.507354498,-0.7322304249,1
1743,929,1.412480593,-3.29256916,1
1743,961,0.4245196581,-1.61604619,1
1743,993,0.07309216261,-1.423347354,1
1743,1025,-0.6033866405,-2.830279827,1
1743,1057,-1.553831577,-3.07944417,1
1743,1089,-2.002247334,-3.598520041,1
1743,1121,-0.7204007506,-2.078732014,1
1743,1153,-0.6369018555,-1.740878344,1
1743,1185,-0.983340323,-0.8587764502,1
1743,1217,-0.4779359102,0.2772130966,1
1743,1249,0.0708937645,0.2987337708,1
1743,1281,-0.5821470022,0.8292739391,1
1743,1313,-0.633831799,-0.7129339576,1
1743,1345,-0.4700506032,-1.453781128,1
1743,1377,0.08930039406,-1.072882533,1
1743,1409,0.4361445606,-1.141312242,1
1743,1441,0.4769168198,-1.065444231,1
1743,1473,-0.4030266106,-1.624703884,1
1743,1505,-0.6176438928,-1.232377172,1
1743,1537,-0.8571911454,-1.203622103,1
1743,1569,-0.4046834111,-3.365632772,1
1743,1601,-0.4891255498,-2.07650876,1
1743,1633,-0.4016576111,-1.080940247,1
1743,1665,-0.5713454485,-0.7470427155,1
1743,1697,-0.5757590532,-0.3251499534,1
1743,1729,0.7588165998,-0.617138803,1
1743,1761,-0.1219481975,0.1761771888,1
1743,1793,-0.05738707632,0.8273279071,1
1743,1825,-10.3934021,16.61842537,1
1743,1857,-0.391517818,-0.1929124594,1
1743,1889,-0.09861783683,-0.6629259586,1
1743,1921,0.2683072686,-0.6419327855,1
1743,1953,0.1931898892,0.2784704864,1
1743,1985,0.01498122513,0.5092010498,1
1743,2017,-0.3731074631,-0.1920335591,1
1775,33,-0.4165808856,0.4652714729,1
1775,65,-1.362959146,-0.9373916388,1
1775,97,-0.3509616256,-0.5554002523,1
1775,129,-0.1431274563,-0.6444591284,1
1775,161,-0.4622462988,-0.6078749895,1
1775,193,0.03571036458,-0.1944098771,1
1775,225,-0.09188704193,0.1253951639,1
1775,257,-0.8603938818,0.102395609,1
1775,289,-0.5602437258,-0.2555702627,1
1775,321,-0.4264483452,-0.323910743,1
1775,353,-0.4384678602,-0.2660220861,1
1775,385,-0.4923508763,-0.5072039366,1
1775,417,-0.5946682692,-0.7768243551,1
1775,449,-0.5736191273,-1.256401181,1
1775,481,-0.6815458536,-1.294584513,1
1775,513,-0.5457942486,-1.032159209,1
1775,545,-0.008135184646,-0.8471251726,1
1775,577,0.3255234957,-0.525175333,1
1775,609,0.04910967499,-0.3891073465,1
1775,641,0.4419806898,-0.7174456716,1
1775,673,0.8255323172,-1.127235174,1
1775,705,0.7910054922,-0.9131330848,1
1775,737,1.466689348,-1.20763135,1
1775,769,1.520145059,-0.8681135774,1
1775,801,0.4856952429,-0.406324625,1
1775,833,0.5348241329,-1.341282964,1
1775,865,0.8929274082,-0.4315015674,1
1775,897,0.9764845371,-1.328759313,1
1775,929,0.6277775764,-2.338704586,1
1775,961,-0.009794831276,-1.091189742,1
1775,993,-0.4671559334,-0.8575928211,1
1775,1025,-0.3537922204,-1.289609671,1
1775,1057,-1.092803955,-3.27831769,1
1775,1089,-2.076913357,-2.696241856,1
1775,1121,-0.8218806982,-1.518542051,1
1775,1153,0.7123621106,-1.77949059,1
1775,1185,0.5435195565,-0.9362447262,1
1775,1217,0.571934104,-0.004115343094,1
1775,1249,1.524306297,-0.3769392371,1
1775,1281,0.09174068272,0.8283858895,1
1775,1313,0.1133273095,-0.6495909691,1
1775,1345,-0.288333118,-1.257685423,1
1775,1377,0.3095102906,-1.422653556,1
1775,1409,3.395361185,-3.943734646,1
1775,1441,1.411719561,-1.872807741,1
1775,1473,-0.5659672022,-1.263185859,1
1775,1505,-0.3349001408,-1.347844601,1
1775,1537,0.06669194996,-1.610112429,1
1775,1569,0.4926458299,-3.39060688,1
1775,1601,-0.03844505548,-1.724764228,1
1775,1633,-0.1139163747,-1.33716774,1
1775,1665,-0.1547083706,-0.9233342409,1
1775,1697,-0.2218402922,-0.2711121142,1
1775,1729,9.65071106,0.226564616,1
1775,1761,0.941147387,-0.3009846807,1
1775,1793,0.3157612979,0.09309016168,1
1775,1825,0.06697975099,-0.2232050896,1
1775,1857,-0.2394382358,-0.6360026598,1
1775,1889,-0.2093034983,-0.7213550806,1
1775,1921,-0.1647334099,-0.2895594835,1
1775,1953,-0.3634679914,0.03546535969,1
1775,1985,-0.3636393845,0.09323313832,1
1775,2017,-0.371298492,-0.09946963191,1
1807,33,-0.508443296,0.4375702739,1
1807,65,-0.8496649265,-0.8561589122,1
1807,97,-0.1455234736,-0.5331379175,1
1807,129,0.06019872427,0.02707260847,1
1807,161,-0.8080343008,-0.2257843614,1
1807,193,-0.9422175288,-0.7816821933,1
1807,225,-0.5206212401,-0.6528668404,1
1807,257,-0.3084178567,-0.4331638813,1
1807,289,0.1352794617,-0.4729735255,1
1807,321,0.04005198181,-0.6003944278,1
1807,353,-0.1312712729,-0.4593770206,1
1807,385,-0.1361355484,-0.07625740767,1
1807,417,-0.1401782632,0.04092609882,1
1807,449,0.034465909,-0.5348445773,1
1807,481,-0.1940395236,-1.478141546,1
1807,513,0.06839349866,-1.147020221,1
1807,545,0.7861573696,-1.20886457,1
1807,577,0.721545279,-1.274265289,1
1807,609,0.1955075264,-0.8971585035,1
1807,641,-0.06061507761,-0.8267021179,1
1807,673,0.2882923186,-0.7980282307,1
1807,705,0.3065747023,-0.2414292097,1
1807,737,0.39744699,-0.4874312282,1
1807,769,0.04145720601,0.01938328147,1
1807,801,-0.5523133278,0.06352207065,1
1807,833,0.1418059468,-0.5247740149,1
1807,865,0.5977799296,-0.627014339,1
1807,897,0.7142301798,-1.040680885,1
1807,929,0.4789079428,-0.7298630476,1
1807,961,0.6013988853,-0.3656280041,1
1807,993,0.6739451885,-0.699303329,1
1807,1025,0.8914351463,-0.7599285841,1
1807,1057,0.4269215167,-0.9758353233,1
1807,1089,-1.379210472,-0.962790966,1
1807,1121,-0.7231292725,-1.365869522,1
1807,1153,-0.08970585465,-2.6854949,1
1807,1185,-0.1461003125,-1.979502201,1
1807,1217,0.02987594903,-0.6873064041,1
1807,1249,1.493829966,-0.3992670774,1
1807,1281,0.5607283115,1.495482445,1
1807,1313,0.3029005527,-0.3903342485,1
1807,1345,0.02460809052,-1.10138309,1
1807,1377,0.1047186702,-1.868557811,1
1807,1409,0.9553972483,-3.680061102,1
1807,1441,0.1669991612,-3.170561314,1
1807,1473,-0.3430436552,-0.7968943119,1
1807,1505,0.09169897437,-0.8860542774,1
1807,1537,0.7308244705,-1.559455156,1
1807,1569,1.07777679,-2.420534372,1
1807,1601,0.7797034383,-2.186518431,1
1807,1633,-15.66536331,10.76972008,1
1807,1665,-0.5061926842,-0.5883100033,1
1807,1697,-0.6416636705,-0.03712520003,1
1807,1729,-0.02078992128,0.004370033741,1
1807,1761,0.1399765462,-0.528904438,1
1807,1793,-0.03151422739,-0.5020674467,1
1807,1825,-0.2706730962,-1.166786075,1
1807,1857,-0.4761134684,-1.072707534,1
1807,1889,-0.3982585073,-0.6898401976,1
1807,1921,-0.6446751356,-0.6423587799,1
1807,1953,-0.8535621166,-0.8970743418,1
1807,1985,-0.7108860016,-0.9400464892,1
1807,2017,-0.2525240779,-0.1482535303,1
1839,33,-0.01560628414,0.8647373915,1
1839,65,-0.01384784281,-0.1097703576,1
1839,97,0.1952630877,-0.4215819836,1
1839,129,0.5323791504,-0.6006322503,1
1839,161,-0.1540555358,-0.1803195477,1
1839,193,-0.5413115621,-0.5072977543,1
1839,225,-0.3182320297,-0.5607489347,1
1839,257,-0.02848619223,-0.2930420935,1
1839,289,0.5672100782,-0.5214083791,1
1839,321,0.4233113825,-0.7283546925,1
1839,353,0.1316610575,-0.6729357243,1
1839,385,0.0667476505,-0.6113547087,1
1839,417,-0.261754483,-0.3875851631,1
1839,449,-0.3531930447,-0.01835501194,1
1839,481,-0.09017047286,-0.8341976404,1
1839,513,0.05966419727,-1.404389739,1
1839,545,0.2322944552,-1.454350352,1
1839,577,0.2151933312,-1.018495679,1
1839,609,0.1010853797,-1.012929916,1
1839,641,-0.03234836459,-0.5877820253,1
1839,673,-0.2458589077,-0.4583045244,1
1839,705,-0.7166593075,-0.1522958577,1
1839,737,-0.8306900263,0.114770472,1
1839,769,-1.385264277,0.9668251276,1
1839,801,-0.8816741705,0.5444566011,1
1839,833,0.01526927948,-0.4184303284,1
1839,865,0.7002624869,-0.5761591196,1
1839,897,0.8045015931,-0.59004426,1
1839,929,0.6426119804,-0.6230111122,1
1839,961,1.832905889,-0.1910732985,1
1839,993,3.652143002,-0.5828597546,1
1839,1025,1.90422976,-0.3268939853,1
1839,1057,0.6669620872,0.1594123244,1
1839,1089,-0.4460756183,-0.004702210426,1
1839,1121,-1.556579232,-1.379392147,1
1839,1153,-1.594042301,-3.0038867,1
1839,1185,-1.263122559,-2.954054356,1
1839,1217,-0.2942746282,-0.4547127485,1
1839,1249,0.3078658581,-0.441871345,1
1839,1281,1.035351038,-1.235311985,1
1839,1313,0.1789309978,-0.488009274,1
1839,1345,-0.1689863801,-1.089254379,1
1839,1377,0.06152298301,-2.045145988,1
1839,1409,0.0820889771,-3.2049582,1
1839,1441,0.2602591217,-3.349401236,1
1839,1473,0.7721420527,-1.282545805,1
1839,1505,0.4683906436,-0.2299497128,1
1839,1537,1.26981616,-1.586721301,1
1839,1569,2.593697071,-2.710721493,1
1839,1601,2.210459232,-2.281484842,1
1839,1633,-0.08994907141,-1.268338919,1
1839,1665,-0.8203631043,0.03836715221,1
1839,1697,-0.7968633771,0.9203585386,1
1839,1729,-0.6381345987,0.03650701046,1
1839,1761,-0.8280214071,-1.304535508,1
1839,1793,-0.9867739677,-1.91413343,1
1839,1825,-0.4388149679,-2.040829659,1
1839,1857,-0.5930127501,-1.22143507,1
1839,1889,-0.7085588574,-0.7790901661,1
1839,1921,-0.7394377589,-1.090861678,1
1839,1953,-1.417209148,-3.544070482,1
1839,1985,-0.3927479088,-1.675974369,1
1839,2017,0.1239696145,-0.2712616324,1
1871,33,-0.1270309687,1.72189343,1
1871,65,-0.3590416312,-0.7010304928,1
1871,97,-0.366399467,-0.7340558767,1
1871,129,-0.2477586567,-1.282203197,1
1871,161,-0.391083777,-2.486059189,1
1871,193,-0.1406037807,-1.287164688,1
1871,225,-0.1487258673,-0.4165408015,1
1871,257,0.1025182456,-0.1165570617,1
1871,289,0.7186501026,-0.5213137269,1
1871,321,0.3061617017,-0.9719776511,1
1871,353,0.01595200598,-0.9123928547,1
1871,385,-0.5216926336,-0.7478893995,1
1871,417,-1.190304637,-0.6858757734,1
1871,449,-0.3453935683,-0.09649425745,1
1871,481,0.1760630459,-0.4492840171,1
1871,513,-0.0767698586,-1.217184067,1
1871,545,0.2829694748,-1.986879587,1
1871,577,0.7215982676,-0.8301906586,1
1871,609,0.3945758641,-0.5387713313,1
1871,641,-0.2671829462,-1.452398181,1
1871,673,-0.4126666784,-0.5155014992,1
1871,705,-0.7688573003,-0.4319759607,1
1871,737,-0.7187941074,-0.3295811415,1
1871,769,-0.3941254616,0.2692615986,1
1871,801,0.1266820133,0.8696433306,1
1871,833,0.9692303538,-0.3071543574,1
1871,865,0.8069759011,-0.5716736317,1
1871,897,0.5875601172,-0.466000855,1
1871,929,0.7172362804,-0.57633394,1
1871,961,1.258774757,-0.4652517438,1
1871,993,0.9844269156,-0.8609815836,1
1871,1025,1.030789375,-1.154026389,1
1871,1057,1.305392623,-0.288095057,1
1871,1089,0.8982988596,-0.1392654181,1
1871,1121,-0.1053161919,-1.556073546,1
1871,1153,-2.233882427,-4.426429749,1
1871,1185,-0.6715421677,-2.795377016,1
1871,1217,-0.302973032,-0.165217638,1
1871,1249,-0.3969775438,0.1482790112,1
1871,1281,-0.7491381168,-0.5122548342,1
1871,1313,-0.508852005,-0.7380313873,1
1871,1345,-0.5760234594,-2.321133614,1
1871,1377,0.152901262,-2.849707127,1
1871,1409,0.2122647762,-2.629072666,1
1871,1441,0.02217636257,-1.722394705,1
1871,1473,0.5971913934,-1.154774547,1
1871,1505,0.572426796,-0.9424357414,1
1871,1537,1.190379143,-1.529274702,1
1871,1569,2.608951569,-2.713113546,1
1871,1601,1.926410079,-2.165359497,1
1871,1633,0.04568618536,-1.273714662,1
1871,1665,-8.181643486,-2.564941406,1
1871,1697,-7.157533169,-0.7980376482,1
1871,1729,1.90307796,8.603072166,1
1871,1761,-0.7269135118,-6.168710709,1
1871,1793,-0.6367207766,-1.926208258,1
1871,1825,-0.06992033124,-1.309808969,1
1871,1857,-0.2739914954,-0.9538373947,1
1871,1889,-0.5746292472,-0.7244741917,1
1871,1921,-0.493350178,-1.318731546,1
1871,1953,-0.3536390662,-2.84666729,1
1871,1985,0.1430476606,-1.028690457,1
1871,2017,-17.95093346,-0.03399002552,1
1903,33,-0.3293086886,2.551788092,1
1903,65,-0.9661889076,-0.7373443842,1
1903,97,-0.5949418545,-2.090793133,1
1903,129,-0.4951035976,-2.126298428,1
1903,161,-0.3359234333,-1.993804693,1
1903,193,0.4070481658,-1.576718807,1
1903,225,0.3801746368,-0.6693488955,1
1903,257,0.5711319447,-0.277751267,1
1903,289,3.218604803,-3.782679081,1
1903,321,1.871060371,-4.343392849,1
1903,353,-0.3222153485,-1.529541373,1
1903,385,-0.9218150377,-1.110757589,1
1903,417,-1.311673403,-0.8012957573,1
1903,449,-0.09771953523,0.1424590945,1
1903,481,0.297213614,-0.07481372356,1
1903,513,0.3589815795,-0.1883205175,1
1903,545,0.567271471,-1.490323901,1
1903,577,0.8474156857,-1.436557531,1
1903,609,0.4281068742,-0.8811425567,1
1903,641,-1.785279989,-2.253105879,1
1903,673,-0.4724054933,-0.349306643,1
1903,705,-0.6088265181,-0.2471705675,1
1903,737,-0.9524694681,-0.5326560736,1
1903,769,0.8803429604,-1.982479453,1
1903,801,0.6107821465,-0.1390942633,1
1903,833,2.447746277,1.203559041,1
1903,865,0.8255357742,-0.3903234601,1
1903,897,0.1559171677,-0.5455029011,1
1903,929,0.1691397429,0.02683070302,1
1903,961,0.5929009914,-0.8592997193,1
1903,993,0.5983667374,-1.232895136,1
1903,1025,0.8062353134,-0.985992074,1
1903,1057,2.306031704,-0.6689101458,1
1903,1089,4.5125103,-1.414720774,1
1903,1121,0.961144805,-0.6989292502,1
1903,1153,-0.4190016389,-1.022966385,1
1903,1185,-0.4119275808,-1.213418484,1
1903,1217,-0.2682573199,0.02121198177,1
1903,1249,-1.194228888,0.9583515525,1
1903,1281,-2.468215942,0.942481637,1
1903,1313,-1.952282429,-0.0232758522,1
1903,1345,-0.937436223,-0.8984433413,1
1903,1377,-0.3893197775,-2.855486393,1
1903,1409,-0.09568548203,-1.281811953,1
1903,1441,-0.8878421187,0.9399734735,1
1903,1473,-0.6413450837,0.4108263254,1
1903,1505,0.3742883503,-0.7165926099,1
1903,1537,1.025176287,-0.8809064627,1
1903,1569,1.552018404,-1.323882103,1
1903,1601,1.607781649,-1.746997118,1
1903,1633,0.9767562747,-1.554922462,1
1903,1665,0.1462884247,-5.503274918,1
1903,1697,-0.4654187262,-1.265703321,1
1903,1729,-0.1930657625,-5.701646328,1
1903,1761,-0.6294109821,-5.322092056,1
1903,1793,-0.5513012409,-1.013859272,1
1903,1825,0.1707945168,-0.8613072634,1
1903,1857,-0.000816732645,-0.754137516,1
1903,1889,-0.1737195402,-0.5056384802,1
1903,1921,-0.3033974469,-0.8053514957,1
1903,1953,-0.2085652947,-1.250398874,1
1903,1985,-0.1065318808,-0.6157246232,1
1903,2017,0.04571661353,0.102635026,1
1935,33,-12.14702702,3.030090332,1
1935,65,-0.9911587834,-0.5393203497,1
1935,97,-0.7369983792,-2.19028163,1
1935,129,-0.582590282,-2.231146812,1
1935,161,-0.6428014636,-1.553474426,1
1935,193,-0.3024001718,-0.5174091458,1
1935,225,0.2315768749,-0.1860705614,1
1935,257,0.4509115517,-0.8011002541,1
1935,289,4.684792519,-4.161344528,1
1935,321,-19.49979401,-0.3654532433,1
1935,353,-0.5401777029,-1.594257832,1
1935,385,-0.7170803547,-1.588001728,1
1935,417,-0.346511364,-1.812594533,1
1935,449,0.3827006817,-0.7011629343,1
1935,481,1.340992212,-1.200008869,1
1935,513,0.9194722176,-0.8075767756,1
1935,545,1.167068005,-1.709264398,1
1935,577,1.52804184,-1.667245626,1
1935,609,0.6786286235,-0.5883059502,1
1935,641,0.00822687149,0.05540418625,1
1935,673,0.1547250599,0.1784291863,1
1935,705,-0.2059165239,-0.03607569635,1
1935,737,-1.382646918,-1.026992559,1
1935,769,-0.07271888852,-1.300908446,1
1935,801,0.5517064333,0.3645392656,1
1935,833,0.698735714,1.383845329,1
1935,865,0.4405353665,0.08593794703,1
1935,897,-0.3068145812,-0.1728552878,1
1935,929,-0.5838962197,-0.1816995144,1
1935,961,-0.5999749899,-0.6923373938,1
1935,993,0.3449510336,-1.479419827,1
1935,1025,0.7674077749,-1.220986128,1
1935,1057,1.500793576,-0.94193542,1
1935,1089,2.198533297,-0.7659078836,1
1935,1121,0.9696089029,0.2630323172,1
1935,1153,-0.09711912274,0.3624895811,1
1935,1185,-0.2944814563,-0.612691164,1
1935,1217,0.3000329733,-0.1027745605,1
1935,1249,-1.007881403,0.8146229982,1
1935,1281,-1.561611891,1.297089219,1
1935,1313,-1.488218307,0.3891952634,1
1935,1345,-1.003025532,-0.3088264465,1
1935,1377,-0.5543866754,-1.723283052,1
1935,1409,-0.3642781377,-0.7007972598,1
1935,1441,-0.1471620202,0.2177576423,1
1935,1473,-0.003365069628,0.1430633664,1
1935,1505,0.4151762128,-0.3165564239,1
1935,1537,1.017274261,-0.141187191,1
1935,1569,0.6340975761,-0.4214749336,1
1935,1601,1.036154985,-0.9149667025,1
1935,1633,1.364427686,-2.104669094,1
1935,1665,0.3380087018,-1.466911554,1
1935,1697,-0.3196654916,-0.9789037704,1
1935,1729,-0.2910163701,-1.29315114,1
1935,1761,-0.2107150257,-1.078663349,1
1935,1793,0.05103266239,-0.5758690834,1
1935,1825,0.1714685112,-0.6686389446,1
1935,1857,-0.1770277768,-0.6638048887,1
1935,1889,-0.4083505571,-0.5693123937,1
1935,1921,-0.2241076827,-0.5044510365,1
1935,1953,-0.1870505512,-0.7995758653,1
1935,1985,-0.09667059779,-0.4487911761,1
1935,2017,0.09686011076,-0.06062334776,1
1967,33,-19.89897156,2.325362682,1
1967,65,-0.8670380116,-1.133018732,1
1967,97,-0.3664698005,-1.124538183,1
1967,129,0.005221128464,-1.803351879,1
1967,161,-0.8356232643,-1.200881004,1
1967,193,-0.8819815516,-0.3897459507,1
1967,225,-0.2581779361,-0.5874751806,1
1967,257,0.3331594169,-1.323174357,1
1967,289,0.8648151159,-2.281268358,1
1967,321,1.23750174,-1.430336237,1
1967,353,-0.1636303067,-2.209125996,1
1967,385,-0.4900718331,-2.398841143,1
1967,417,0.1241911054,-3.673355579,1
1967,449,0.4047176838,-2.191071987,1
1967,481,1.232398033,-2.857531548,1
1967,513,1.452833772,-2.564322233,1
1967,545,2.214988708,-1.892200112,1
1967,577,2.006947994,-1.746275425,1
1967,609,0.7998759747,-0.8421561718,1
1967,641,0.6261839271,0.2425277829,1
1967,673,0.4297776222,0.02733881772,1
1967,705,-0.4841238856,0.2172675729,1
1967,737,-1.055417061,0.3616123199,1
1967,769,-0.6225616336,-0.002490818501,1
1967,801,-0.02312788367,0.7634834051,1
1967,833,0.04677766562,1.193533421,1
1967,865,0.4667521715,0.1465325356,1
1967,897,0.4317218065,-0.3575774431,1
1967,929,-0.0744112134,-0.539875567,1
1967,961,0.1675519943,-0.2434266806,1
1967,993,0.9168930054,-1.53929615,1
1967,1025,1.153665662,-1.58313489,1
1967,1057,1.203716278,-1.122744441,1
1967,1089,1.523048878,-0.511420548,1
1967,1121,1.133847952,0.0693359971,1
1967,1153,0.04470825195,0.7898317575,1
1967,1185,-0.04243162274,-0.2650722265,1
1967,1217,-0.3824168146,-0.381875813,1
1967,1249,-0.6480858922,-0.06751918793,1
1967,1281,-0.8462148905,-0.1930973381,1
1967,1313,-1.089416504,0.6090098023,1
1967,1345,-0.724214077,0.3645887971,1
1967,1377,-0.1415625811,-0.855332613,1
1967,1409,-0.3974206448,-0.7149494886,1
1967,1441,-0.3768746853,-0.7030882239,1
1967,1473,-0.203955844,-0.3539214134,1
1967,1505,0.1032459736,-0.1398361325,1
1967,1537,0.3104431629,-0.1341232657,1
1967,1569,0.3174761534,-0.3715076447,1
1967,1601,-0.089828372,-0.3001382351,1
1967,1633,0.03441035748,-1.152138233,1
1967,1665,0.2509644032,-1.486191392,1
1967,1697,0.0176024437,-1.007955313,1
1967,1729,-0.08653849363,-0.8956001997,1
1967,1761,-0.1357693076,-0.7975631356,1
1967,1793,-0.3924322426,-0.5244671106,1
1967,1825,-0.5274193883,-0.6415770054,1
1967,1857,-0.5082155466,-0.7766997814,1
1967,1889,-0.8082289696,-0.5238425732,1
1967,1921,-0.1667214632,-0.5296832323,1
1967,1953,-0.1420342922,-0.3902697563,1
1967,1985,-0.151288867,-0.1947406381,1
1967,2017,-0.4225118756,-1.153167963,1
1999,33,-0.153893888,-0.08279371262,1
1999,65,-0.2295844555,-0.3700804114,1
1999,97,-0.03562408686,-1.07020843,1
1999,129,-0.1428425014,-5.151398659,1
1999,161,0.03115016222,-0.110717535,1
1999,193,-0.5266339779,-0.6006356478,1
1999,225,-1.023046732,-0.9794851542,1
1999,257,-0.7089836597,-1.113791466,1
1999,289,-0.06987565756,-2.120731592,1
1999,321,0.7491852045,-4.417498589,1
1999,353,2.256764412,-5.020443916,1
1999,385,1.303458095,-5.217027664,1
1999,417,1.276283026,-3.79385376,1
1999,449,1.98273325,-3.182673693,1
1999,481,0.5438549519,-3.680709124,1
1999,513,0.6869871616,-3.849766731,1
1999,545,1.396333098,-2.495816946,1
1999,577,0.612783432,-3.552055359,1
1999,609,0.4679033756,-1.765048504,1
1999,641,0.3563362062,-1.025137544,1
1999,673,0.5209468603,-0.1144636422,1
1999,705,0.4388139248,0.4780823588,1
1999,737,-0.1894880533,0.8952410221,1
1999,769,-0.4547583461,1.00508368,1
1999,801,-0.4358365536,1.474075198,1
1999,833,-0.7585306168,1.281554461,1
1999,865,-0.7061843872,-0.05252915621,1
1999,897,0.333203733,-0.4933250546,1
1999,929,0.7745139003,-0.4990936518,1
1999,961,4.442335129,-1.29291904,1
1999,993,4.769940376,-1.030192852,1
1999,1025,0.6816853285,-0.9950551391,1
1999,1057,0.3253502846,-0.7998554111,1
1999,1089,1.044089794,-0.577568531,1
1999,1121,0.9371955395,0.153113842,1
1999,1153,0.1146315336,0.6919796467,1
1999,1185,-0.2785726786,0.1533594131,1
1999,1217,-0.4271745682,-0.6151169538,1
1999,1249,0.178077817,-1.005410075,1
1999,1281,0.1384503841,-0.9801448584,1
1999,1313,-0.4147336483,-0.3374640942,1
1999,1345,-0.4011262655,0.5412756801,1
1999,1377,0.03223860264,-0.2202802896,1
1999,1409,-0.2139977813,-0.5275177956,1
1999,1441,-0.1564568877,-0.3138178587,1
1999,1473,-0.1448807716,-0.1826966405,1
1999,1505,-0.07368820906,-0.1087821126,1
1999,1537,0.3927868009,-0.3467651606,1
1999,1569,0.5174053907,-0.7320809364,1
1999,1601,0.04911708832,-0.1763342619,1
1999,1633,0.1423431635,-0.353763938,1
1999,1665,0.3568721414,-1.306173563,1
1999,1697,0.1998893619,-1.368959665,1
1999,1729,0.09135562181,-0.6557735801,1
1999,1761,-0.2405760586,-1.062453747,1
1999,1793,-1.155983686,-0.9176350832,1
1999,1825,-1.081995964,-0.4338251352,1
1999,1857,-0.4524962902,-0.2977016568,1
1999,1889,-0.5009083748,0.2116646767,1
1999,1921,-0.226282835,0.8935818672,1
1999,1953,-0.2516741753,0.6801018715,1
1999,1985,0.185626775,-0.1687045693,1
1999,2017,0.09345531464,-4.763933182,1
