PIVlab, ASCII chart output - 23-Oct-2024
FRAME: 57, filenames: A:[57]AVI_Pos00d_TimeSrs0002_TgUtrmcherry_K4K8MO.avi & B:[58]AVI_Pos00d_TimeSrs0002_TgUtrmcherry_K4K8MO.avi, conversion factor xy (px -> m): 1, conversion factor uv (px/frame -> m/s): 1
x [px],y [px],u [px/frame],v [px/frame],Vector type [-]
47,33,-2.055364132,2.5854671,1
47,65,0.001052975655,0.2716471553,1
47,97,-0.4907951355,0.1956073642,1
47,129,-1.425736308,1.594913483,1
47,161,-1.312414169,3.726838589,1
47,193,-0.9300407171,3.024427176,1
47,225,5.674693584,2.098535538,1
47,257,8.920291901,2.661985397,1
47,289,8.018978119,3.169736385,1
47,321,NaN,NaN,2
47,353,NaN,NaN,2
47,385,NaN,NaN,2
47,417,NaN,NaN,2
47,449,NaN,NaN,2
47,481,-3.147899389,0.1911509037,1
47,513,-3.690629721,0.6408245564,1
47,545,-0.5172874928,-0.1733887792,1
47,577,-1.245448112,-1.400920749,1
47,609,0.4520443678,-2.643336296,1
47,641,0.7365896702,-3.107311249,1
47,673,3.027872086,0.468685627,1
47,705,1.32780838,-0.6896529198,1
47,737,-1.472207427,1.652880192,1
47,769,-1.626153469,0.7838324904,1
47,801,-1.10750103,-1.572373152,1
47,833,-0.9115924835,-1.905630827,1
47,865,-2.110948086,-1.094098568,1
47,897,-2.55836153,-0.7450129986,1
47,929,NaN,NaN,2
47,961,-1.685336113,3.052261353,1
47,993,-0.4840891361,3.091158867,1
47,1025,0.8773080707,-0.04324394464,1
47,1057,1.039335608,-3.081491709,1
47,1089,0.1479285657,-2.995343208,1
47,1121,-0.8143709898,-2.105027914,1
47,1153,NaN,NaN,2
47,1185,NaN,NaN,2
47,1217,1.017536163,0.8131117821,1
47,1249,0.354581356,-0.4473727345,1
47,1281,1.472801447,-2.165703773,1
47,1313,2.091640234,0.3505963683,1
47,1345,1.667859316,1.195833921,1
47,1377,1.531459093,1.262411356,1
47,1409,NaN,NaN,2
47,1441,NaN,NaN,2
47,1473,NaN,NaN,2
47,1505,1.834674835,1.819564819,1
47,1537,-2.307090521,2.384688854,1
47,1569,NaN,NaN,2
47,1601,-0.08914780617,-1.550402164,1
47,1633,-2.073582172,-1.752715588,1
47,1665,1.150180221,-3.39703989,1
47,1697,2.033964396,-3.121506691,1
47,1729,2.625383854,-2.016819,1
47,1761,0.3624966145,0.2766332626,1
47,1793,NaN,NaN,2
47,1825,-2.685636997,2.183102131,1
47,1857,NaN,NaN,2
47,1889,NaN,NaN,2
47,1921,NaN,NaN,2
47,1953,NaN,NaN,2
47,1985,NaN,NaN,2
47,2017,NaN,NaN,2
79,33,1.524737597,0.5331169963,1
79,65,0.5834456086,0.1831963956,1
79,97,-1.187703967,1.853060842,1
79,129,-1.086517692,2.850817204,1
79,161,-1.553047895,3.391067505,1
79,193,-1.795192122,2.694417238,1
79,225,NaN,NaN,2
79,257,8.632383347,2.799158335,1
79,289,NaN,NaN,2
79,321,NaN,NaN,2
79,353,-3.140417099,2.597180367,1
79,385,-3.872676849,1.957829714,1
79,417,-3.898295164,1.018358707,1
79,449,NaN,NaN,2
79,481,-4.313865662,1.975582361,1
79,513,NaN,NaN,2
79,545,-2.166912317,1.335427284,1
79,577,-1.686283946,1.752005935,1
79,609,NaN,NaN,2
79,641,0.9215907454,0.7184970379,1
79,673,0.808193326,1.377186298,1
79,705,-1.539289713,-0.5389899015,1
79,737,NaN,NaN,2
79,769,NaN,NaN,2
79,801,-0.88149786,-1.694402218,1
79,833,-0.148203373,-1.878916025,1
79,865,-1.189222336,-0.915199995,1
79,897,-1.653834939,-0.5383756161,1
79,929,NaN,NaN,2
79,961,-1.631564379,1.256827116,1
79,993,0.4517608881,1.382919192,1
79,1025,-0.08752863109,0.1586894393,1
79,1057,0.1364155412,-1.50914824,1
79,1089,0.1769631654,-3.001709461,1
79,1121,-0.4517754316,-1.379789352,1
79,1153,-0.4980155826,-0.7311964035,1
79,1185,2.458455086,0.7453404665,1
79,1217,2.870966434,0.1250427961,1
79,1249,0.5868534446,0.1913493574,1
79,1281,0.362806797,0.2240019739,1
79,1313,0.6904472113,0.6150843501,1
79,1345,0.03174734116,0.5822120309,1
79,1377,-1.115286112,0.5900357366,1
79,1409,NaN,NaN,2
79,1441,NaN,NaN,2
79,1473,NaN,NaN,2
79,1505,0.9451463223,5.258427143,1
79,1537,1.094139338,4.535623074,1
79,1569,0.6422970891,3.154370785,1
79,1601,0.4417977333,-1.074523449,1
79,1633,NaN,NaN,2
79,1665,1.662958503,-2.452925205,1
79,1697,2.284954548,-4.255023956,1
79,1729,NaN,NaN,2
79,1761,NaN,NaN,2
79,1793,NaN,NaN,2
79,1825,NaN,NaN,2
79,1857,NaN,NaN,2
79,1889,NaN,NaN,2
79,1921,NaN,NaN,2
79,1953,NaN,NaN,2
79,1985,NaN,NaN,2
79,2017,NaN,NaN,2
111,33,2.152012825,0.1105891615,1
111,65,0.2945283055,0.2433928251,1
111,97,-1.541933417,4.281834126,1
111,129,-1.295598865,-0.01003265381,1
111,161,-2.059506178,0.05140075088,1
111,193,-3.129448652,-0.2323325574,1
111,225,-3.193180323,0.2296055853,1
111,257,-2.189823866,1.916803718,1
111,289,-4.178951263,2.286143064,1
111,321,-1.959563732,1.671826124,1
111,353,NaN,NaN,2
111,385,-3.177095413,0.4678781629,1
111,417,-5.148159981,-0.1545289457,1
111,449,-4.525239468,1.214065313,1
111,481,-3.660567284,0.1489669085,1
111,513,-1.944178104,-2.905285835,1
111,545,-1.654865026,-2.540597677,1
111,577,NaN,NaN,2
111,609,-0.9118671417,0.3622635901,1
111,641,-0.4603546262,1.611825585,1
111,673,-3.308781624,0.07332065701,1
111,705,-2.108800173,-0.03731933236,1
111,737,-1.544917345,-0.09872847795,1
111,769,NaN,NaN,2
111,801,-1.423841238,-0.7496174574,1
111,833,NaN,NaN,2
111,865,NaN,NaN,2
111,897,-1.497572899,-0.9858314991,1
111,929,-2.263931274,-0.5280323029,1
111,961,-1.508377075,0.1861429214,1
111,993,-0.7442697287,0.3561813235,1
111,1025,-0.825768292,0.05454570055,1
111,1057,-0.09662938118,-1.740663528,1
111,1089,-0.002768158913,-3.131926775,1
111,1121,0.3793790638,-0.3311367631,1
111,1153,0.716345787,-0.2027617842,1
111,1185,0.9222078323,-0.3165323436,1
111,1217,1.730695248,0.4406397939,1
111,1249,1.578740001,0.680482626,1
111,1281,0.9424957037,1.027145863,1
111,1313,-0.08358901739,0.5267208815,1
111,1345,-0.1658490896,0.01322840154,1
111,1377,0.232932806,-0.007211968303,1
111,1409,NaN,NaN,2
111,1441,2.051512718,2.377275705,1
111,1473,NaN,NaN,2
111,1505,-0.2547010183,5.356973648,1
111,1537,2.123010159,2.462391853,1
111,1569,1.199760437,1.863916159,1
111,1601,0.1156490445,0.02937936783,1
111,1633,-0.4043157101,0.2815327048,1
111,1665,1.550522208,-1.323211789,1
111,1697,2.125394106,-3.301336288,1
111,1729,2.404065132,-2.695924997,1
111,1761,1.624680877,-1.910445213,1
111,1793,1.397830367,-0.6087077856,1
111,1825,1.294283032,0.683509171,1
111,1857,NaN,NaN,2
111,1889,NaN,NaN,2
111,1921,-0.9239432812,-3.216318607,1
111,1953,1.144127607,-0.6207454801,1
111,1985,NaN,NaN,2
111,2017,NaN,NaN,2
143,33,-0.6023774147,0.6561092734,1
143,65,NaN,NaN,2
143,97,NaN,NaN,2
143,129,-0.7971354723,-0.4983722568,1
143,161,-2.22364378,-0.8006330729,1
143,193,-3.796985865,-0.4916989207,1
143,225,-2.840625525,-0.07495394349,1
143,257,-2.337937832,1.86267519,1
143,289,-4.154321671,1.556110263,1
143,321,-2.848723412,2.371378183,1
143,353,NaN,NaN,2
143,385,NaN,NaN,2
143,417,-3.685330391,-0.4810742736,1
143,449,-2.639052629,-0.8385480642,1
143,481,-2.298226595,-1.158459425,1
143,513,-2.001788616,-0.8931212425,1
143,545,-1.858882546,-0.5465263128,1
143,577,-1.518829584,-0.2867944241,1
143,609,-1.558251619,-0.03800415993,1
143,641,-2.747293711,0.7124578357,1
143,673,-1.374700546,-0.4835616052,1
143,705,-1.579598665,-0.9164656401,1
143,737,-1.865163088,-0.7071573138,1
143,769,-1.902044654,-0.3047604561,1
143,801,-1.918886542,-0.6976363659,1
143,833,-1.599871993,-1.051028013,1
143,865,-1.68459177,-3.56573391,1
143,897,-2.021010876,-1.925810933,1
143,929,NaN,NaN,2
143,961,NaN,NaN,2
143,993,NaN,NaN,2
143,1025,NaN,NaN,2
143,1057,-0.5534563661,-0.6174286604,1
143,1089,-0.1401201785,-0.1056468189,1
143,1121,0.6667889357,0.235577032,1
143,1153,1.205096245,0.08621355146,1
143,1185,NaN,NaN,2
143,1217,0.5218966007,2.248363495,1
143,1249,0.2387709618,2.248691797,1
143,1281,-0.2810852528,1.6615417,1
143,1313,-0.7978100181,1.875465155,1
143,1345,0.4812592864,-0.02247098088,1
143,1377,0.1725741029,0.1546203792,1
143,1409,0.6510116458,1.548834562,1
143,1441,1.254881859,5.145044327,1
143,1473,1.354353428,2.891760826,1
143,1505,1.55773437,2.35607934,1
143,1537,1.321272135,1.178721905,1
143,1569,1.197299719,1.115522146,1
143,1601,0.9732370377,1.508241653,1
143,1633,1.288894773,0.4911708236,1
143,1665,2.931061745,-0.3470094204,1
143,1697,1.989524841,-1.267731786,1
143,1729,NaN,NaN,2
143,1761,NaN,NaN,2
143,1793,1.810899019,-4.29144001,1
143,1825,1.630718589,-2.027852058,1
143,1857,1.259676933,-0.3507916927,1
143,1889,NaN,NaN,2
143,1921,-0.8753073215,-4.659313679,1
143,1953,NaN,NaN,2
143,1985,0.9355872273,-0.3855178356,1
143,2017,-0.1741831303,0.228541255,1
175,33,0.1321311891,1.656573296,1
175,65,-0.5488835573,0.5551599264,1
175,97,-0.8116139174,-0.3030372858,1
175,129,-1.586233497,-1.430967569,1
175,161,-1.82171452,-1.415379882,1
175,193,-1.643153906,-0.5237705112,1
175,225,-0.184368968,0.09859573841,1
175,257,-1.932018995,-0.03593885899,1
175,289,NaN,NaN,2
175,321,NaN,NaN,2
175,353,NaN,NaN,2
175,385,-3.149446487,0.2618032694,1
175,417,-2.503270149,-0.1739886999,1
175,449,-2.290211439,-1.966809511,1
175,481,-2.198268652,-0.9253190756,1
175,513,-1.837035418,-0.9743877649,1
175,545,-1.582486749,-0.9562574625,1
175,577,-1.658977151,-0.85117203,1
175,609,-1.953350663,-0.7542514801,1
175,641,-1.277851343,0.7409270406,1
175,673,NaN,NaN,2
175,705,-2.007745743,-0.903732717,1
175,737,-2.27498436,-0.7441667914,1
175,769,-1.954010725,-0.6977062225,1
175,801,-1.571791291,-1.195777297,1
175,833,-1.822350502,-1.762767792,1
175,865,-4.049095154,-1.277270436,1
175,897,-2.252168179,0.8071465492,1
175,929,-2.266573429,0.3645194173,1
175,961,-2.024720192,0.569378376,1
175,993,NaN,NaN,2
175,1025,-1.069492102,-0.5705453157,1
175,1057,-0.6374883652,-0.5657550693,1
175,1089,0.6972238421,-0.2284447551,1
175,1121,1.153716326,0.04615762085,1
175,1153,0.9671542645,0.007599808276,1
175,1185,0.7802693844,-0.4480834007,1
175,1217,0.9225641489,1.145736694,1
175,1249,-0.5852768421,0.8963166475,1
175,1281,-1.955798507,1.507573128,1
175,1313,-1.597640634,1.268121481,1
175,1345,NaN,NaN,2
175,1377,-0.007036939263,0.535466671,1
175,1409,0.1254383922,1.475678802,1
175,1441,0.9894140959,2.030519247,1
175,1473,1.625976443,1.219751239,1
175,1505,1.775179744,0.210236311,1
175,1537,1.645978212,2.522277594,1
175,1569,1.426948071,0.766310215,1
175,1601,1.347678781,1.498948455,1
175,1633,1.73556459,1.030482054,1
175,1665,2.777362823,0.05979318917,1
175,1697,NaN,NaN,2
175,1729,NaN,NaN,2
175,1761,NaN,NaN,2
175,1793,1.967597008,-2.061257362,1
175,1825,1.834948063,-2.694675922,1
175,1857,2.617096663,-0.8660908341,1
175,1889,1.959698796,-0.7388993502,1
175,1921,NaN,NaN,2
175,1953,NaN,NaN,2
175,1985,-0.2385920286,-0.4166128635,1
175,2017,-1.343007803,0.02750182152,1
207,33,1.959196687,2.558754444,1
207,65,NaN,NaN,2
207,97,-0.9522060156,-0.8988927603,1
207,129,-1.178956509,-1.380371571,1
207,161,-1.078267932,-0.9863770604,1
207,193,-0.01213932037,0.3212954402,1
207,225,0.08870339394,-0.3409819603,1
207,257,-1.520331383,-1.842497945,1
207,289,-2.229779482,-2.684719086,1
207,321,-2.756993532,-1.642837405,1
207,353,NaN,NaN,2
207,385,-2.339507341,-0.8948488235,1
207,417,NaN,NaN,2
207,449,NaN,NaN,2
207,481,-2.223566294,-1.022232533,1
207,513,-1.514958501,-1.387242675,1
207,545,NaN,NaN,2
207,577,NaN,NaN,2
207,609,-2.054659605,-0.1127892137,1
207,641,-0.8077559471,0.03075732291,1
207,673,-1.343178868,2.359799147,1
207,705,-1.612487674,2.128193617,1
207,737,-1.85236907,1.3804003,1
207,769,-2.181943655,-0.6974998713,1
207,801,-2.712285042,-1.318327665,1
207,833,-2.342781305,-0.7509248853,1
207,865,-2.21523571,-1.117310166,1
207,897,-2.421045542,-1.950554371,1
207,929,-3.27693367,-1.536379337,1
207,961,-2.820632696,-3.757058859,1
207,993,-2.080387115,-0.295517534,1
207,1025,-1.50087893,-0.2019773126,1
207,1057,-0.622505784,-0.4905045927,1
207,1089,0.01805005968,-0.4457256198,1
207,1121,0.6764677167,-0.1516874135,1
207,1153,0.8978765607,-0.151171118,1
207,1185,0.4069602489,-0.004011005163,1
207,1217,1.649044394,-0.8044540286,1
207,1249,-0.646250546,-0.1776067317,1
207,1281,-0.9621228576,0.6967804432,1
207,1313,-0.7215765715,0.6516731977,1
207,1345,NaN,NaN,2
207,1377,-0.9069977999,0.3622019291,1
207,1409,0.5411393046,1.479886532,1
207,1441,0.9890848398,1.731828809,1
207,1473,1.675380468,0.7831051946,1
207,1505,3.249667168,-0.07140445709,1
207,1537,3.427918434,0.2235220075,1
207,1569,1.913450837,0.1242569685,1
207,1601,1.519280314,0.9297441244,1
207,1633,NaN,NaN,2
207,1665,NaN,NaN,2
207,1697,NaN,NaN,2
207,1729,NaN,NaN,2
207,1761,NaN,NaN,2
207,1793,1.758381963,-0.4137647152,1
207,1825,1.598029971,-1.023442507,1
207,1857,NaN,NaN,2
207,1889,1.213421941,-0.4290471673,1
207,1921,NaN,NaN,2
207,1953,NaN,NaN,2
207,1985,-0.2433503568,-0.5165973306,1
207,2017,-1.480557203,-0.2215373516,1
239,33,-0.5522732735,2.723511934,1
239,65,NaN,NaN,2
239,97,-2.175469398,-0.7664770484,1
239,129,-2.879554033,-0.8532118201,1
239,161,-2.474821806,-0.3801207542,1
239,193,NaN,NaN,2
239,225,NaN,NaN,2
239,257,-1.053750277,-2.362372637,1
239,289,-1.015087605,-3.118522406,1
239,321,-2.439898014,-2.188812256,1
239,353,-4.787572861,-0.410564661,1
239,385,NaN,NaN,2
239,417,1.479099751,-1.925429821,1
239,449,-2.10422492,-3.004628658,1
239,481,-2.195954323,-2.02256012,1
239,513,-1.852659225,-1.929283142,1
239,545,-1.952679038,-0.9165406227,1
239,577,NaN,NaN,2
239,609,-2.474895,0.5945532918,1
239,641,-2.080664635,-2.221606255,1
239,673,-1.59316504,0.5668102503,1
239,705,-1.774172306,2.081950665,1
239,737,-2.142519474,3.733059645,1
239,769,NaN,NaN,2
239,801,-2.433100939,-1.325885296,1
239,833,-1.796926975,-0.5566316247,1
239,865,-1.865945578,-1.020048618,1
239,897,-2.008080006,-1.978616118,1
239,929,-2.142511606,-1.660724163,1
239,961,-2.136022091,-4.009573936,1
239,993,-3.197968245,-0.4716901779,1
239,1025,-0.9067928195,0.4598908424,1
239,1057,-0.4615748525,-0.2227365971,1
239,1089,-0.2764795423,-1.746434212,1
239,1121,0.247936368,-1.285483837,1
239,1153,0.2465665936,-0.1998630464,1
239,1185,-0.5519123077,0.0980693996,1
239,1217,-0.9992693663,0.1363112926,1
239,1249,-1.092619658,0.4558760822,1
239,1281,-1.337812424,0.5580676794,1
239,1313,-2.985882044,0.8039953709,1
239,1345,-3.236101151,2.853740215,1
239,1377,0.3303851485,1.082687736,1
239,1409,0.6419392824,1.274030924,1
239,1441,0.9487575293,1.428333402,1
239,1473,NaN,NaN,2
239,1505,1.704315186,-0.09309771657,1
239,1537,1.683142185,-0.003401651978,1
239,1569,1.623758793,-0.7252137661,1
239,1601,1.500201941,0.3942782879,1
239,1633,NaN,NaN,2
239,1665,NaN,NaN,2
239,1697,-10.81664181,14.07914734,1
239,1729,NaN,NaN,2
239,1761,NaN,NaN,2
239,1793,NaN,NaN,2
239,1825,NaN,NaN,2
239,1857,NaN,NaN,2
239,1889,NaN,NaN,2
239,1921,NaN,NaN,2
239,1953,NaN,NaN,2
239,1985,0.5403696299,-0.01234883443,1
239,2017,-0.5422667265,-0.1587714553,1
271,33,-1.355120659,2.129963875,1
271,65,-2.255533218,-1.046019197,1
271,97,NaN,NaN,2
271,129,NaN,NaN,2
271,161,-1.854775786,0.8716883063,1
271,193,-1.58102262,0.3061475754,1
271,225,-1.452807188,-1.761334658,1
271,257,-1.56056118,-2.647744417,1
271,289,-1.822275162,-3.026786327,1
271,321,-2.510271311,-2.354242802,1
271,353,NaN,NaN,2
271,385,NaN,NaN,2
271,417,NaN,NaN,2
271,449,NaN,NaN,2
271,481,-2.421168089,-4.572457314,1
271,513,-2.367865562,-3.500818729,1
271,545,NaN,NaN,2
271,577,-2.500444651,3.450558901,1
271,609,-3.29230094,0.8168898225,1
271,641,-2.489372015,-1.147258878,1
271,673,-1.937500954,0.5412147641,1
271,705,-1.424176097,0.7380338311,1
271,737,NaN,NaN,2
271,769,-1.787344933,0.9982228279,1
271,801,-0.4081909657,-0.2449180484,1
271,833,NaN,NaN,2
271,865,-1.101215363,2.174008131,1
271,897,-1.176604271,-1.01749301,1
271,929,1.242713571,-1.742360234,1
271,961,0.3255842924,-2.758566141,1
271,993,NaN,NaN,2
271,1025,NaN,NaN,2
271,1057,-0.267393589,-0.4791646898,1
271,1089,NaN,NaN,2
271,1121,-0.1134292185,0.00616979599,1
271,1153,NaN,NaN,2
271,1185,-3.266103268,-0.2128234357,1
271,1217,-1.655496836,0.2148759961,1
271,1249,-1.501701474,0.3490296006,1
271,1281,-1.287591338,0.600225389,1
271,1313,-0.5769697428,0.5102615356,1
271,1345,-0.3284622431,0.3353381157,1
271,1377,0.3301736414,0.5920365453,1
271,1409,0.5845487118,0.7549858689,1
271,1441,0.03206878901,1.047926903,1
271,1473,-0.359482944,1.296894789,1
271,1505,1.205601215,0.5116294622,1
271,1537,2.820944071,-0.2649654448,1
271,1569,0.6913307309,-0.2838017642,1
271,1601,-0.9012615085,0.1411468387,1
271,1633,-1.838833094,3.031390667,1
271,1665,0.1313821077,3.166869164,1
271,1697,0.6489285231,0.9773359895,1
271,1729,NaN,NaN,2
271,1761,NaN,NaN,2
271,1793,NaN,NaN,2
271,1825,1.362739563,-0.2192665935,1
271,1857,3.255466461,-0.9948698282,1
271,1889,3.06904459,-0.1602409184,1
271,1921,NaN,NaN,2
271,1953,2.338218212,-0.1624059528,1
271,1985,1.173518419,-0.08395687491,1
271,2017,0.5725633502,-0.2360943258,1
303,33,-0.7912662029,1.255802393,1
303,65,-2.73957634,0.3439262211,1
303,97,NaN,NaN,2
303,129,-1.462052703,-1.526934981,1
303,161,-2.367835045,-1.148365259,1
303,193,-2.149800539,-0.9325401783,1
303,225,-2.045679092,-2.34565258,1
303,257,-1.748995066,-2.854069948,1
303,289,-1.167767286,-2.431821823,1
303,321,-2.283555508,-3.310217381,1
303,353,-4.310459614,-3.413976908,1
303,385,NaN,NaN,2
303,417,-6.149131298,-4.950146198,1
303,449,-5.642591476,-7.657313347,1
303,481,NaN,NaN,2
303,513,-4.381840706,-5.40460825,1
303,545,-2.812987328,-1.536836028,1
303,577,-2.34389782,2.252669573,1
303,609,-2.771742582,1.074658394,1
303,641,-2.863314152,0.8513801098,1
303,673,-2.311258793,0.4739084244,1
303,705,-1.409707904,0.262583971,1
303,737,NaN,NaN,2
303,769,-0.5857014656,0.3717327416,1
303,801,-0.1205649376,-1.508270502,1
303,833,NaN,NaN,2
303,865,-0.9741073847,0.489839077,1
303,897,NaN,NaN,2
303,929,4.051365852,-3.237025023,1
303,961,NaN,NaN,2
303,993,2.585615158,-1.680131078,1
303,1025,1.031405687,-2.951392651,1
303,1057,-0.6668646932,-0.4505105317,1
303,1089,-0.9462370872,0.2183919549,1
303,1121,0.3453984857,1.216499686,1
303,1153,0.4281694293,0.7478064299,1
303,1185,-0.3541479111,0.0502079241,1
303,1217,-1.585363269,0.4698967934,1
303,1249,-1.430206656,0.2693116665,1
303,1281,-0.7377268076,0.6297869086,1
303,1313,-0.4349123836,0.6900289655,1
303,1345,-0.509898901,0.4675043821,1
303,1377,-0.4492866993,0.2473862618,1
303,1409,-0.3086958528,0.2487474978,1
303,1441,-0.8750645518,0.1992868781,1
303,1473,-1.145880699,1.051722765,1
303,1505,-0.1974921823,0.9516705275,1
303,1537,-1.306377649,-0.1875866503,1
303,1569,0.04393351078,0.2802557051,1
303,1601,0.1209541857,0.1762134582,1
303,1633,-0.03942346573,4.961069107,1
303,1665,-0.8247017264,2.570231676,1
303,1697,-0.3115033805,1.342343569,1
303,1729,0.6964124441,-1.818029881,1
303,1761,0.314401865,-2.68945241,1
303,1793,0.2512954473,-4.171865463,1
303,1825,NaN,NaN,2
303,1857,0.1806619167,-0.3419696391,1
303,1889,NaN,NaN,2
303,1921,NaN,NaN,2
303,1953,2.280987978,-0.04127594084,1
303,1985,2.572226524,-0.4313852489,1
303,2017,1.027735233,-0.5185972452,1
335,33,-1.879675031,0.4897533655,1
335,65,-2.168393373,1.290801287,1
335,97,-0.8389689922,-0.04124820232,1
335,129,1.373799086,-2.249934912,1
335,161,NaN,NaN,2
335,193,-2.219121218,-1.862483263,1
335,225,-2.807590008,-1.862281561,1
335,257,-2.430469513,-1.582762122,1
335,289,-1.339503288,-0.4539070129,1
335,321,-1.785324693,-0.2527830601,1
335,353,-3.544219494,-5.155621529,1
335,385,NaN,NaN,2
335,417,-5.768016815,-5.494637012,1
335,449,-3.892603397,-7.454077721,1
335,481,-3.650120497,-5.617685795,1
335,513,-3.793955326,-1.932078481,1
335,545,-2.60661602,-1.482153416,1
335,577,-2.651970863,-0.5005480647,1
335,609,-4.667076111,2.251092434,1
335,641,NaN,NaN,2
335,673,NaN,NaN,2
335,705,NaN,NaN,2
335,737,NaN,NaN,2
335,769,0.2226912379,1.329901934,1
335,801,0.1876802444,-1.490388989,1
335,833,NaN,NaN,2
335,865,NaN,NaN,2
335,897,NaN,NaN,2
335,929,NaN,NaN,2
335,961,3.855607033,-0.9000572562,1
335,993,3.868144989,-2.82488966,1
335,1025,1.824616194,-2.457630634,1
335,1057,0.1347227097,0.8453134298,1
335,1089,0.3207562566,1.278019786,1
335,1121,NaN,NaN,2
335,1153,0.4591706395,0.4038958549,1
335,1185,-0.697222352,0.03154736757,1
335,1217,-1.402239323,0.8916143179,1
335,1249,-3.49882102,0.3050206006,1
335,1281,-2.842440605,0.8158107996,1
335,1313,-2.278943062,0.4245468676,1
335,1345,-0.5649024248,0.2330565155,1
335,1377,-0.1002906561,0.2269563228,1
335,1409,-0.2610376775,0.1967818439,1
335,1441,NaN,NaN,2
335,1473,NaN,NaN,2
335,1505,NaN,NaN,2
335,1537,-3.556339979,-0.2102183998,1
335,1569,-2.253845453,0.1258044839,1
335,1601,-0.4926167727,0.07848370075,1
335,1633,NaN,NaN,2
335,1665,-0.7723089457,1.366799712,1
335,1697,NaN,NaN,2
335,1729,0.6173149347,-1.953477383,1
335,1761,0.06721144915,-2.194413424,1
335,1793,0.007955551147,-4.03097868,1
335,1825,0.01424449682,-1.906689882,1
335,1857,NaN,NaN,2
335,1889,-2.944517136,-11.04595757,1
335,1921,NaN,NaN,2
335,1953,1.126314044,0.3924668729,1
335,1985,1.798002481,-0.1775984615,1
335,2017,1.02709806,-1.006563425,1
367,33,-1.74143517,0.148775816,1
367,65,-1.050031662,-0.217392996,1
367,97,-0.4873166084,-0.46515733,1
367,129,1.276214957,-2.780098438,1
367,161,-0.6104667187,-3.176101685,1
367,193,-3.341532707,-1.671393752,1
367,225,-2.858585596,-1.092472434,1
367,257,-2.476690292,-0.8162122965,1
367,289,-1.271561027,0.3239577413,1
367,321,-0.2669442296,0.7768150568,1
367,353,-0.339589715,-1.728478193,1
367,385,NaN,NaN,2
367,417,-3.372538328,-4.730069637,1
367,449,-2.650368929,-5.856273651,1
367,481,-1.400065422,-3.407547474,1
367,513,NaN,NaN,2
367,545,NaN,NaN,2
367,577,-3.005671501,-0.4287447631,1
367,609,-4.352662563,1.694282293,1
367,641,NaN,NaN,2
367,673,-2.376377344,-0.3018759489,1
367,705,-1.562595606,-1.369573712,1
367,737,-0.06456971169,-0.5272177458,1
367,769,-0.4057837725,0.2295991778,1
367,801,-0.2965441346,-0.5637850761,1
367,833,-0.8086104393,-1.560385466,1
367,865,-1.027005434,-1.100372553,1
367,897,-0.3843208551,-1.471518397,1
367,929,NaN,NaN,2
367,961,NaN,NaN,2
367,993,NaN,NaN,2
367,1025,0.2731018364,0.4694395065,1
367,1057,NaN,NaN,2
367,1089,-1.599291325,1.343497753,1
367,1121,NaN,NaN,2
367,1153,-1.937220812,-0.003995519131,1
367,1185,-1.501104116,0.424118638,1
367,1217,NaN,NaN,2
367,1249,NaN,NaN,2
367,1281,-4.043446541,0.3370958269,1
367,1313,-3.695165157,0.2354466766,1
367,1345,-0.7442416549,0.2760361433,1
367,1377,0.09728500247,0.307248801,1
367,1409,0.03399607539,-0.6183738708,1
367,1441,0.8821846247,-1.543382764,1
367,1473,NaN,NaN,2
367,1505,NaN,NaN,2
367,1537,-3.250621319,-0.3653868735,1
367,1569,-2.232017994,-0.4692636728,1
367,1601,-0.5244538188,-0.2370634973,1
367,1633,NaN,NaN,2
367,1665,-1.072358489,-1.208647609,1
367,1697,-0.9220200777,-2.433436155,1
367,1729,-0.1806920767,-2.040127516,1
367,1761,0.6884573698,-1.200574875,1
367,1793,NaN,NaN,2
367,1825,NaN,NaN,2
367,1857,-3.468238831,-1.305396318,1
367,1889,-2.576617241,-11.82617283,1
367,1921,NaN,NaN,2
367,1953,0.7716151476,1.030125618,1
367,1985,0.8056156635,0.02992011607,1
367,2017,0.5644155145,-1.251965165,1
399,33,-2.116537094,0.0526818037,1
399,65,NaN,NaN,2
399,97,0.1723801494,-0.3317687809,1
399,129,0.4052430391,-0.6199667454,1
399,161,-1.13154912,-2.107915401,1
399,193,-3.432313919,-2.261416197,1
399,225,-3.30897665,-1.31276989,1
399,257,-4.126986504,-0.4151158929,1
399,289,NaN,NaN,2
399,321,0.7400243282,-1.089618087,1
399,353,0.1498389244,-1.949606657,1
399,385,-2.272852421,-3.405179977,1
399,417,-4.288803577,-4.598107815,1
399,449,-2.88028574,-4.144214153,1
399,481,-2.492842436,-1.410077214,1
399,513,-3.626716137,0.539508462,1
399,545,-2.067168474,2.639006138,1
399,577,NaN,NaN,2
399,609,-2.680232525,1.360598326,1
399,641,-2.961707115,2.145262003,1
399,673,-2.126339436,-0.3067640066,1
399,705,-1.720467687,-1.330559969,1
399,737,-1.397271514,-0.6673822999,1
399,769,-1.236703873,-0.3474814296,1
399,801,-1.081448555,-0.4706526399,1
399,833,NaN,NaN,2
399,865,NaN,NaN,2
399,897,NaN,NaN,2
399,929,-0.4256757498,1.532169461,1
399,961,NaN,NaN,2
399,993,NaN,NaN,2
399,1025,-1.059281349,-0.1268820763,1
399,1057,-1.280411482,1.224547744,1
399,1089,NaN,NaN,2
399,1121,-0.9844146967,0.04721105099,1
399,1153,-0.9843280911,-0.9837445617,1
399,1185,-1.121008277,-0.3666955829,1
399,1217,NaN,NaN,2
399,1249,NaN,NaN,2
399,1281,NaN,NaN,2
399,1313,-1.149666905,0.2128671408,1
399,1345,NaN,NaN,2
399,1377,NaN,NaN,2
399,1409,1.075285673,-3.108846426,1
399,1441,-0.2265447974,-3.277846575,1
399,1473,0.2571768761,-0.7405869961,1
399,1505,-2.033265829,1.356086493,1
399,1537,-0.841997385,-0.4709920585,1
399,1569,-0.7209653854,-0.3372776806,1
399,1601,-0.6957136989,-0.5117474198,1
399,1633,-1.125904202,-0.9669225812,1
399,1665,-1.374010324,-1.954679132,1
399,1697,-0.8765004873,-2.653849602,1
399,1729,-0.956200242,-3.339663982,1
399,1761,NaN,NaN,2
399,1793,NaN,NaN,2
399,1825,NaN,NaN,2
399,1857,NaN,NaN,2
399,1889,0.938865602,-1.046893835,1
399,1921,-1.726759911,2.102313995,1
399,1953,NaN,NaN,2
399,1985,0.8108009696,0.03076532856,1
399,2017,0.4174679518,-0.8690431118,1
431,33,-2.30196023,-0.1401825249,1
431,65,-0.707031846,-3.306048155,1
431,97,0.8019878864,-0.3824415803,1
431,129,0.8051982522,-0.5855158567,1
431,161,-0.1962122917,-1.308562875,1
431,193,-0.8064323664,-2.4150877,1
431,225,-1.728456974,-1.457676768,1
431,257,-2.532499552,-0.3063957095,1
431,289,NaN,NaN,2
431,321,0.8216462135,-0.9832458496,1
431,353,0.4476153851,-1.878652811,1
431,385,-7.102241516,-1.886797905,1
431,417,NaN,NaN,2
431,449,-2.700481176,-4.821859837,1
431,481,-1.85814929,-1.20496428,1
431,513,NaN,NaN,2
431,545,-1.0909729,0.5646008849,1
431,577,-1.441215754,-0.1106488705,1
431,609,NaN,NaN,2
431,641,-1.958700418,-0.3708898425,1
431,673,-2.291290998,-0.2095834911,1
431,705,-1.758016109,-0.9017307758,1
431,737,-1.086684823,-1.002030849,1
431,769,-0.6728752851,-1.043894291,1
431,801,-0.465303421,-0.7279481888,1
431,833,-0.5257440805,-0.9063019156,1
431,865,NaN,NaN,2
431,897,NaN,NaN,2
431,929,NaN,NaN,2
431,961,-0.8487644792,0.7174767256,1
431,993,NaN,NaN,2
431,1025,-1.536191702,-0.6191399693,1
431,1057,-2.240016222,-0.6056568623,1
431,1089,-1.18607986,-0.5265259743,1
431,1121,0.03654640913,-0.8200556636,1
431,1153,NaN,NaN,2
431,1185,-0.7208709717,-2.002695799,1
431,1217,-0.9415548444,1.131970763,1
431,1249,13.99170208,1.74219203,1
431,1281,NaN,NaN,2
431,1313,-1.821349978,0.3634040356,1
431,1345,-0.9426148534,-0.1919824928,1
431,1377,1.061168432,-0.7068584561,1
431,1409,1.222024202,-2.293884277,1
431,1441,NaN,NaN,2
431,1473,1.337688208,1.703735352,1
431,1505,NaN,NaN,2
431,1537,-0.7735699415,0.2642084658,1
431,1569,-0.795142293,0.2102249563,1
431,1601,-0.8984344006,-0.5923057795,1
431,1633,-1.363948464,-2.519915342,1
431,1665,-1.011587977,-2.252534389,1
431,1697,-0.7045190334,-2.289525032,1
431,1729,-1.795992374,-3.330367565,1
431,1761,-2.027663469,-0.9177317619,1
431,1793,NaN,NaN,2
431,1825,NaN,NaN,2
431,1857,NaN,NaN,2
431,1889,1.362727165,-2.420855999,1
431,1921,-1.461136103,0.1711367369,1
431,1953,-1.273962975,0.6223635674,1
431,1985,-0.2048097998,0.1510873437,1
431,2017,1.130034685,-0.2120684385,1
463,33,-2.330778599,0.08898091316,1
463,65,-0.8934679031,-2.658907652,1
463,97,-0.04337915778,-1.972565651,1
463,129,0.7807062864,-0.968941927,1
463,161,-0.02587491274,-1.467759371,1
463,193,-0.5782158375,-1.268334746,1
463,225,-0.9110497236,-1.356288314,1
463,257,-1.018732786,-0.5382874012,1
463,289,NaN,NaN,2
463,321,NaN,NaN,2
463,353,NaN,NaN,2
463,385,-8.017979622,-3.299405575,1
463,417,-7.107153416,-4.724607468,1
463,449,-4.238803387,-1.266080499,1
463,481,-2.278756142,-0.1462454796,1
463,513,-3.335813046,0.1814413071,1
463,545,NaN,NaN,2
463,577,NaN,NaN,2
463,609,NaN,NaN,2
463,641,-1.889953971,-1.643002987,1
463,673,-2.285911083,-0.5864626765,1
463,705,-1.79176569,-0.1855114698,1
463,737,-1.535411,-0.8172293305,1
463,769,-0.6476964951,-1.285923243,1
463,801,-0.2278211117,-2.250563383,1
463,833,-0.7033368945,-1.094056845,1
463,865,-1.002402186,-0.182477653,1
463,897,NaN,NaN,2
463,929,-2.435572624,1.688573241,1
463,961,-3.668251753,1.734996319,1
463,993,-1.113887787,0.9870436192,1
463,1025,-1.332036972,-0.5615020394,1
463,1057,-1.696806192,-1.069250822,1
463,1089,-1.121505857,-0.7687686682,1
463,1121,-0.5149612427,-1.123813152,1
463,1153,-1.598139405,-0.7724328041,1
463,1185,-1.050135374,-0.5144336224,1
463,1217,-1.270846963,0.7931753397,1
463,1249,-1.20268774,1.83168447,1
463,1281,-4.274253368,2.682142496,1
463,1313,-3.188309669,0.6726145744,1
463,1345,-0.3710377216,0.2699485421,1
463,1377,1.757001162,-0.3464139104,1
463,1409,-0.339492023,-0.9893596768,1
463,1441,-0.2875952125,-0.9181725979,1
463,1473,0.4123688936,1.563414097,1
463,1505,NaN,NaN,2
463,1537,-0.465258956,0.1230913401,1
463,1569,-0.1616072655,-1.969149947,1
463,1601,-0.7883427143,-1.165400743,1
463,1633,-0.1564218998,-2.334970474,1
463,1665,-1.037822962,-1.284269452,1
463,1697,-0.8975713253,-1.311428428,1
463,1729,-1.98529768,-0.4483873844,1
463,1761,NaN,NaN,2
463,1793,0.2396756709,2.951969385,1
463,1825,NaN,NaN,2
463,1857,NaN,NaN,2
463,1889,2.257582664,-2.262778282,1
463,1921,-0.09134063125,-1.607778549,1
463,1953,-1.029920816,-0.9066118002,1
463,1985,0.03010129929,0.1660518646,1
463,2017,0.4876734018,0.1466565132,1
495,33,-0.7008905411,0.2545609474,1
495,65,-0.9582931995,-2.259207964,1
495,97,-0.5484988689,-3.290766716,1
495,129,-0.4329432249,-1.410467148,1
495,161,-0.5747823119,-2.42408514,1
495,193,-1.033882618,-2.615324497,1
495,225,NaN,NaN,2
495,257,-1.765996695,-0.4715263844,1
495,289,-2.805233955,3.337350368,1
495,321,NaN,NaN,2
495,353,NaN,NaN,2
495,385,-5.375768185,-0.9905244112,1
495,417,-5.405043602,-1.063029289,1
495,449,-2.383089304,-0.7947077751,1
495,481,-1.470399261,0.7020336986,1
495,513,-0.8207122087,0.9428569078,1
495,545,-0.3742531538,0.9276396036,1
495,577,-0.4232765436,0.3699671626,1
495,609,-2.274772167,-0.3416561484,1
495,641,-3.144808769,-0.8170937896,1
495,673,-2.510569811,-0.6267342567,1
495,705,-1.844816446,-0.07546940446,1
495,737,-1.589033246,-0.6544167995,1
495,769,-1.352606893,-1.098214149,1
495,801,-1.098565817,-1.885583162,1
495,833,-1.183948755,-2.054773092,1
495,865,-2.036493778,-0.6977538466,1
495,897,-1.766955018,-0.1387887597,1
495,929,-0.677688241,0.4833737314,1
495,961,-0.4578055143,2.26472187,1
495,993,-0.6198559999,0.8076064587,1
495,1025,-0.8689063787,-0.4871884584,1
495,1057,-0.757345438,-0.9138068557,1
495,1089,NaN,NaN,2
495,1121,-0.5821934342,-0.3361662626,1
495,1153,-0.3615799546,0.01786401868,1
495,1185,-1.052197218,0.1848460734,1
495,1217,-1.761036515,-0.05677069724,1
495,1249,-2.079324007,-0.4284382761,1
495,1281,-2.834864616,-0.4966593385,1
495,1313,-3.003819704,-0.1088364646,1
495,1345,0.9280235767,-0.05322119221,1
495,1377,0.2087244987,-2.286828995,1
495,1409,-1.180409193,-0.6486746669,1
495,1441,-2.118421078,-0.8802492023,1
495,1473,-1.379074335,0.4745094776,1
495,1505,-1.160057425,1.416327477,1
495,1537,-4.442279816,3.232542515,1
495,1569,-4.42548418,1.131903887,1
495,1601,NaN,NaN,2
495,1633,-0.1505920887,-1.312667251,1
495,1665,-0.5218327045,-0.4919795394,1
495,1697,-0.4725644588,0.1350776255,1
495,1729,NaN,NaN,2
495,1761,NaN,NaN,2
495,1793,0.1063314378,0.8159331083,1
495,1825,0.2207967341,1.189959288,1
495,1857,2.416862726,-0.7851625681,1
495,1889,1.709707975,-1.181046963,1
495,1921,-0.2051947713,-2.79391098,1
495,1953,-0.6867258549,-1.241790175,1
495,1985,-0.08198970556,-0.2091876417,1
495,2017,-0.9941865206,0.0430366993,1
527,33,-0.6139211655,-0.1268334389,1
527,65,-0.8378350735,0.1924903095,1
527,97,0.2071976662,-3.800437689,1
527,129,0.2787418365,-4.963999748,1
527,161,-1.428656578,-2.711372137,1
527,193,-1.314888477,-4.249598503,1
527,225,NaN,NaN,2
527,257,NaN,NaN,2
527,289,NaN,NaN,2
527,321,-0.5863690376,-0.569678545,1
527,353,-2.626932383,-0.2478185296,1
527,385,-3.461555719,0.2834358215,1
527,417,-3.412791491,-0.3897806406,1
527,449,NaN,NaN,2
527,481,NaN,NaN,2
527,513,-0.5777494907,0.9684547186,1
527,545,0.4960606098,0.6480613947,1
527,577,NaN,NaN,2
527,609,-2.159485579,-0.01603883505,1
527,641,-2.341144562,-0.9920727611,1
527,673,-2.135572195,-0.5404876471,1
527,705,0.2449976206,-0.5351455212,1
527,737,-0.9436676502,-1.03995645,1
527,769,-1.487520337,-1.096894503,1
527,801,-1.561168313,-1.827809811,1
527,833,-2.29090786,-3.958541393,1
527,865,-1.314520001,-1.51584816,1
527,897,-0.5611695051,-0.5641127229,1
527,929,-0.4232343435,0.1121070981,1
527,961,-0.2427344024,1.946620464,1
527,993,-0.5814909339,0.4207596779,1
527,1025,-0.4785541892,-0.1182821468,1
527,1057,0.01987695694,0.239194423,1
527,1089,-0.1626392603,-0.2458692193,1
527,1121,-0.104134202,0.1568995714,1
527,1153,-0.3012491465,3.016676664,1
527,1185,-0.9116039276,1.748891592,1
527,1217,-1.413102508,-0.2776640952,1
527,1249,-2.613746405,-0.7614563107,1
527,1281,-4.545615196,-1.099244118,1
527,1313,-0.2506392002,-0.4306814671,1
527,1345,-0.5262571573,-0.4548770785,1
527,1377,-0.4905984998,-3.040593624,1
527,1409,-0.9836900234,-0.3130261302,1
527,1441,NaN,NaN,2
527,1473,-2.571697712,0.7556625605,1
527,1505,-2.06155777,1.389704466,1
527,1537,-3.43920207,1.914685011,1
527,1569,-4.432095528,1.065747261,1
527,1601,-1.611288071,0.3637445569,1
527,1633,-0.2710847855,-0.2403127551,1
527,1665,-1.857965708,1.317232728,1
527,1697,NaN,NaN,2
527,1729,0.8476198912,2.09634304,1
527,1761,0.5212290287,-0.7320575118,1
527,1793,-0.8944631815,1.037033319,1
527,1825,-0.8296860456,0.6637070179,1
527,1857,-0.7614291906,0.1295882761,1
527,1889,-0.7835163474,-0.2914003134,1
527,1921,-0.6968147755,-1.645311952,1
527,1953,-0.8848849535,-0.5449723005,1
527,1985,-0.2692860961,-0.1098178849,1
527,2017,1.059664726,-0.2010643482,1
559,33,-0.7286863327,0.03649699688,1
559,65,-1.265774608,-0.03020248562,1
559,97,-0.6158602238,-4.199921131,1
559,129,0.2363152504,-2.379042625,1
559,161,-0.6422166824,-2.092182159,1
559,193,-1.500895262,-2.293074608,1
559,225,NaN,NaN,2
559,257,NaN,NaN,2
559,289,NaN,NaN,2
559,321,0.4626026154,-1.67453444,1
559,353,-1.788385868,0.1222517788,1
559,385,-3.326438665,0.7545095682,1
559,417,-3.850464106,0.00673918426,1
559,449,-3.707542896,-0.4575224519,1
559,481,-1.603594303,-0.3967012763,1
559,513,NaN,NaN,2
559,545,-1.384078383,0.1748712063,1
559,577,-2.046575069,1.017960191,1
559,609,-3.080472231,1.446435809,1
559,641,-3.252043724,-0.4644236863,1
559,673,NaN,NaN,2
559,705,-1.898800611,-0.3787614405,1
559,737,-1.593804717,-0.2940094769,1
559,769,-1.569032311,-0.5572702289,1
559,801,-1.405225754,-0.890448153,1
559,833,-0.783598423,-0.7896441221,1
559,865,0.007906198502,-0.7546477318,1
559,897,0.9685729742,-0.3860212862,1
559,929,0.2165470123,-0.2516056895,1
559,961,-0.04881162941,-0.3288430572,1
559,993,-0.1119720936,-0.3471531272,1
559,1025,-0.6193484068,-0.191452384,1
559,1057,NaN,NaN,2
559,1089,-0.289378047,-1.395628572,1
559,1121,-0.258960247,1.033963919,1
559,1153,-0.7252939939,2.713161469,1
559,1185,-0.8672811389,1.88525188,1
559,1217,-1.67616272,-0.3226222992,1
559,1249,-1.936729908,-1.103037715,1
559,1281,-2.187660217,-1.287583947,1
559,1313,-1.430785775,-0.6377328038,1
559,1345,-1.432806611,-0.6635283232,1
559,1377,-1.469150066,-0.3803983629,1
559,1409,NaN,NaN,2
559,1441,-0.2754545212,-0.2516764402,1
559,1473,NaN,NaN,2
559,1505,-2.430856466,1.509613633,1
559,1537,-1.829890251,0.9738179445,1
559,1569,-2.34771657,0.7363393307,1
559,1601,-2.093370914,2.756038427,1
559,1633,-0.2963159084,0.9259889126,1
559,1665,-2.003024101,0.8936114907,1
559,1697,-1.660745978,3.591076136,1
559,1729,0.7673015594,4.725081444,1
559,1761,0.5524324179,0.3690362573,1
559,1793,-0.4679157734,1.038098812,1
559,1825,-1.717100024,0.8247094154,1
559,1857,-2.156332254,0.1862326562,1
559,1889,-1.910914063,0.1038595885,1
559,1921,-2.106116295,-1.339227557,1
559,1953,-0.8095582724,5.835294724e-05,1
559,1985,-0.2568145394,-0.2641645074,1
559,2017,1.58207798,-0.9425213933,1
591,33,-2.030222416,0.2962824106,1
591,65,-2.077738762,-0.5160303116,1
591,97,NaN,NaN,2
591,129,-0.3185119629,-1.29543829,1
591,161,-0.8525929451,-1.597567201,1
591,193,-1.897782326,-2.016366959,1
591,225,NaN,NaN,2
591,257,0.2495937347,-2.296360254,1
591,289,NaN,NaN,2
591,321,-2.541296959,-1.130051136,1
591,353,-2.702678442,0.1895444095,1
591,385,-2.924233913,0.4375967979,1
591,417,-2.990600824,0.3238276839,1
591,449,-3.42045927,-0.2692634165,1
591,481,-1.27286303,-0.2156577408,1
591,513,0.101341486,2.058753967,1
591,545,-1.697954059,-0.04719170928,1
591,577,-1.737968683,0.4376804829,1
591,609,-1.171478868,0.1209764481,1
591,641,-1.800759554,-1.864859819,1
591,673,-0.6182053089,-0.45733729,1
591,705,-1.305624962,-0.3717404604,1
591,737,-1.51733458,1.024116397,1
591,769,-1.218406916,-0.7415186167,1
591,801,-1.598100424,-1.166911006,1
591,833,-0.755544126,-0.2829611301,1
591,865,0.1976011992,-0.3190099597,1
591,897,0.9598150253,-0.3588584065,1
591,929,0.9237920642,-0.3291941285,1
591,961,0.008618973196,-0.7264676094,1
591,993,-1.646903753,-0.7240778208,1
591,1025,-2.39257431,-0.8187764287,1
591,1057,-1.594784856,-2.716123581,1
591,1089,-1.485179305,-1.776764631,1
591,1121,-0.3533405066,2.283526897,1
591,1153,-0.8712410331,0.1729999185,1
591,1185,-1.14435339,-1.547447562,1
591,1217,NaN,NaN,2
591,1249,NaN,NaN,2
591,1281,-1.844377756,-2.86615634,1
591,1313,-1.785788417,-0.9078543186,1
591,1345,NaN,NaN,2
591,1377,NaN,NaN,2
591,1409,NaN,NaN,2
591,1441,-0.4598104954,0.1545102,1
591,1473,-2.261847019,0.9157647491,1
591,1505,-1.999441624,2.295182228,1
591,1537,-1.68674159,0.8696837425,1
591,1569,-1.556029797,1.128606558,1
591,1601,NaN,NaN,2
591,1633,0.7317684889,0.6056575179,1
591,1665,NaN,NaN,2
591,1697,NaN,NaN,2
591,1729,NaN,NaN,2
591,1761,-1.261897564,0.7895148993,1
591,1793,-1.540201783,1.171195626,1
591,1825,-1.315628409,0.896415472,1
591,1857,-1.031787872,0.0589094758,1
591,1889,-1.202149034,0.07197384536,1
591,1921,NaN,NaN,2
591,1953,-0.5926308632,0.4114222527,1
591,1985,-2.147051334,0.0653821677,1
591,2017,-0.5151853561,-1.07729876,1
623,33,-2.958508253,0.3903599977,1
623,65,-4.485085011,-0.2663654089,1
623,97,-1.667223692,-2.644009113,1
623,129,-1.77163887,-2.870060921,1
623,161,NaN,NaN,2
623,193,-2.324807882,-1.683052659,1
623,225,-3.399133921,-1.954292536,1
623,257,-3.598898411,-4.167898178,1
623,289,-3.066072464,-1.374683619,1
623,321,-3.508388519,-0.463224411,1
623,353,-2.853019953,0.009642109275,1
623,385,-2.309430599,-0.6304136515,1
623,417,NaN,NaN,2
623,449,-1.108111739,-0.05728417635,1
623,481,-1.378268242,-0.2238208055,1
623,513,-1.360874891,-0.3163900971,1
623,545,-1.650071144,-0.1981653869,1
623,577,-1.887166858,-0.2237279713,1
623,609,-0.9130910635,-0.3891530633,1
623,641,NaN,NaN,2
623,673,1.811862469,-0.6935020089,1
623,705,-0.3039412498,-0.6451716423,1
623,737,-2.348190546,-0.6802513599,1
623,769,-0.7492784262,-1.795506716,1
623,801,-0.4323792458,-3.686742067,1
623,833,-0.309612155,-0.7466877699,1
623,865,0.6053415537,-0.7326694131,1
623,897,0.66039747,-0.3266095519,1
623,929,0.6347501874,0.1566519439,1
623,961,0.2184259295,-0.45287925,1
623,993,-1.078590155,1.477929235,1
623,1025,-3.427183151,-2.558482647,1
623,1057,-2.045534372,0.0004644393921,1
623,1089,-1.907003284,0.7773500681,1
623,1121,-0.9809100032,1.162864089,1
623,1153,-2.653000593,0.3705866635,1
623,1185,-2.955642223,-2.981679916,1
623,1217,-1.122306108,-1.844519734,1
623,1249,NaN,NaN,2
623,1281,-1.61775291,-0.9764738083,1
623,1313,-3.647571087,-1.452049017,1
623,1345,-5.387381554,-0.1828456223,1
623,1377,NaN,NaN,2
623,1409,-2.235717773,3.018184423,1
623,1441,-2.409543991,3.687942743,1
623,1473,-4.298196793,-0.3469595909,1
623,1505,-2.606966257,1.582062602,1
623,1537,-3.648385525,-1.063317537,1
623,1569,NaN,NaN,2
623,1601,-1.178766012,-0.9858982563,1
623,1633,-1.73203969,0.6886608601,1
623,1665,NaN,NaN,2
623,1697,NaN,NaN,2
623,1729,NaN,NaN,2
623,1761,-1.02489996,1.905950069,1
623,1793,-0.7416954637,0.806868434,1
623,1825,NaN,NaN,2
623,1857,-1.301119328,1.505948782,1
623,1889,0.2520493269,-0.6010174751,1
623,1921,NaN,NaN,2
623,1953,NaN,NaN,2
623,1985,-2.390320539,0.2343122661,1
623,2017,-0.1871863604,-1.285103917,1
655,33,-3.802326202,0.09077423811,1
655,65,-5.079550743,0.9204532504,1
655,97,NaN,NaN,2
655,129,NaN,NaN,2
655,161,NaN,NaN,2
655,193,-3.027481079,-1.316641569,1
655,225,-5.646698952,-1.445658922,1
655,257,-5.207354069,-2.703922272,1
655,289,-3.528620958,-0.9354120493,1
655,321,-2.738051653,-0.8487967253,1
655,353,NaN,NaN,2
655,385,NaN,NaN,2
655,417,NaN,NaN,2
655,449,NaN,NaN,2
655,481,-4.321079254,-0.9154002666,1
655,513,-2.718224049,-0.7518933415,1
655,545,-1.52378118,-0.5516502261,1
655,577,-1.083764791,-1.005843163,1
655,609,-0.5898993015,-1.168018341,1
655,641,-0.2325345278,0.2283123732,1
655,673,-0.1766182184,-0.8085500002,1
655,705,-0.5246808529,-1.01726079,1
655,737,-0.8025341034,-1.506651044,1
655,769,-0.759958744,-2.041363955,1
655,801,NaN,NaN,2
655,833,0.2619040012,-0.9093933105,1
655,865,0.1455706209,0.4647105634,1
655,897,0.9125814438,-0.09980240464,1
655,929,1.511764646,-0.3883019984,1
655,961,0.2896706462,-0.2553836703,1
655,993,-2.286415815,-1.234181166,1
655,1025,-1.195920706,-0.5579283237,1
655,1057,-1.698086619,1.05114162,1
655,1089,-1.801164627,0.4643349648,1
655,1121,-0.7739279866,-0.2148780823,1
655,1153,-0.552377224,-0.6470205784,1
655,1185,0.3559805155,-1.319632649,1
655,1217,-0.1478764415,-2.059331894,1
655,1249,-1.294880629,-2.150211811,1
655,1281,-1.122074842,-0.8357585073,1
655,1313,-1.406219482,-0.6736965179,1
655,1345,-4.745727539,-0.2170856297,1
655,1377,-2.144041538,0.3513084054,1
655,1409,-2.774073839,1.119592786,1
655,1441,-3.028706551,0.9164572358,1
655,1473,-3.2861619,-0.3667613268,1
655,1505,-2.920776844,1.439580441,1
655,1537,-3.210418224,1.784560204,1
655,1569,-3.221028805,-1.207689166,1
655,1601,-2.700019836,-0.07126069069,1
655,1633,-2.366731167,0.6007291079,1
655,1665,-1.458034039,0.8894717097,1
655,1697,-1.084011197,0.9421226978,1
655,1729,-0.6037156582,0.3475512862,1
655,1761,1.162424684,-0.2718265057,1
655,1793,1.21945405,-2.391575336,1
655,1825,1.766185284,-1.241458416,1
655,1857,2.86758256,-1.999417901,1
655,1889,2.876711369,-4.466796398,1
655,1921,NaN,NaN,2
655,1953,-0.227380991,-2.180047274,1
655,1985,-0.8264348507,0.1984443069,1
655,2017,0.8867146969,-1.510756493,1
687,33,NaN,NaN,2
687,65,-4.30460453,1.234450698,1
687,97,NaN,NaN,2
687,129,NaN,NaN,2
687,161,-3.998886585,-3.668836117,1
687,193,-3.988518953,-2.204869032,1
687,225,-5.234331131,-0.7711672783,1
687,257,-4.314696312,0.08899021149,1
687,289,-3.209541321,-0.3624205589,1
687,321,NaN,NaN,2
687,353,-3.403993845,-0.6482794285,1
687,385,-2.213674307,-2.273482323,1
687,417,-1.558384895,-2.430261612,1
687,449,-1.998487473,-0.7884857655,1
687,481,-3.101848602,-1.040788293,1
687,513,-4.614026546,-3.368831635,1
687,545,NaN,NaN,2
687,577,NaN,NaN,2
687,609,-1.181066036,-2.907591343,1
687,641,NaN,NaN,2
687,673,-0.8222147822,-0.2554975152,1
687,705,-0.2980335951,-1.740320086,1
687,737,0.08248195052,-1.327158451,1
687,769,0.1026912928,-0.7860690951,1
687,801,-0.1799521148,-0.3710741997,1
687,833,-2.912433624,-0.2988908291,1
687,865,NaN,NaN,2
687,897,0.4589201212,0.2023571134,1
687,929,0.9072970152,-0.05796512216,1
687,961,0.7525420785,-0.08835874498,1
687,993,0.586098671,-2.04650116,1
687,1025,0.4476934075,-3.205335379,1
687,1057,-0.3584103584,-1.571122646,1
687,1089,-0.5241923332,-0.4817740917,1
687,1121,-0.5603781939,-1.027990222,1
687,1153,-0.1460985243,-1.677497029,1
687,1185,0.591614604,-1.850836873,1
687,1217,0.2308040559,-3.320922136,1
687,1249,-1.262993336,1.175060749,1
687,1281,-0.8792789578,-1.608854532,1
687,1313,-0.8852602243,-0.1848714352,1
687,1345,-1.424469113,0.1755506992,1
687,1377,-2.317507744,0.3554078341,1
687,1409,-3.006630182,0.3777911663,1
687,1441,-3.394122839,0.4864801168,1
687,1473,-2.900820017,-0.004681274295,1
687,1505,-3.012628317,0.240424633,1
687,1537,-3.893059492,0.568552494,1
687,1569,-4.421813011,-1.707166433,1
687,1601,-3.559110403,-0.02785718441,1
687,1633,-2.046065331,0.706694603,1
687,1665,-1.617877483,1.021814585,1
687,1697,-0.880022645,0.03197592497,1
687,1729,NaN,NaN,2
687,1761,1.989819765,-2.298494816,1
687,1793,2.773590326,-2.788384438,1
687,1825,2.145643711,-1.138060451,1
687,1857,1.461859107,-1.758723855,1
687,1889,NaN,NaN,2
687,1921,NaN,NaN,2
687,1953,NaN,NaN,2
687,1985,2.20920825,-0.2541107237,1
687,2017,-2.234367847,-0.6028674841,1
719,33,-4.744072437,0.07046574354,1
719,65,-2.601967812,0.6293790936,1
719,97,NaN,NaN,2
719,129,NaN,NaN,2
719,161,-3.550471783,-1.372229218,1
719,193,NaN,NaN,2
719,225,NaN,NaN,2
719,257,NaN,NaN,2
719,289,-2.932825089,-0.6545676589,1
719,321,-4.853979111,1.382576227,1
719,353,-3.715845823,-0.09281051159,1
719,385,-2.430695772,-1.776408434,1
719,417,-1.995435476,-1.620880961,1
719,449,-1.98593092,-0.5559831858,1
719,481,-0.7441005707,-0.6671639681,1
719,513,NaN,NaN,2
719,545,NaN,NaN,2
719,577,-0.5296416879,1.155101061,1
719,609,-0.9508273005,-0.4132910967,1
719,641,-0.8649405241,-1.228013754,1
719,673,-0.5035093427,0.04471853375,1
719,705,0.4040445685,-1.634530663,1
719,737,1.219808221,-0.4066299796,1
719,769,0.6204773188,0.5043631792,1
719,801,NaN,NaN,2
719,833,-2.983562946,-0.5592699647,1
719,865,NaN,NaN,2
719,897,-0.2986505032,1.902803659,1
719,929,0.4209647775,0.5730626583,1
719,961,0.3124603033,-0.1632379591,1
719,993,1.474609733,-1.121870518,1
719,1025,1.157444596,-1.908125043,1
719,1057,0.4367272854,-0.5320209265,1
719,1089,0.9833276272,-1.115195274,1
719,1121,-0.466627419,-4.634119987,1
719,1153,-2.659260988,-4.452414036,1
719,1185,0.2076387405,-3.296844721,1
719,1217,1.700224638,-1.02413249,1
719,1249,0.2063402832,-0.2551679611,1
719,1281,-1.270807743,-1.080367923,1
719,1313,-1.401514888,-1.457270622,1
719,1345,-1.537279129,-0.4557957053,1
719,1377,-1.929446697,0.108099848,1
719,1409,-2.47758317,-0.1666175723,1
719,1441,-2.786208153,-2.193559885,1
719,1473,-2.954876184,-0.6819009781,1
719,1505,-2.772821188,-0.5278502703,1
719,1537,-3.226604462,-0.5429226756,1
719,1569,-3.116223812,-0.4373552203,1
719,1601,-2.125789165,0.4313977063,1
719,1633,-1.213370085,1.591761827,1
719,1665,-1.261810064,0.9650428295,1
719,1697,-1.449684143,-0.4307963848,1
719,1729,-0.1975404024,-0.2203375101,1
719,1761,1.387488961,-2.663375378,1
719,1793,NaN,NaN,2
719,1825,0.967623353,0.6290431023,1
719,1857,0.340299964,-1.427085996,1
719,1889,-2.705754757,-1.712770104,1
719,1921,-2.500089884,-3.231315851,1
719,1953,-0.3545595407,-3.776639223,1
719,1985,0.03326678276,-0.09852024913,1
719,2017,-1.6439327,0.3847695589,1
751,33,-4.833134651,0.3603160381,1
751,65,NaN,NaN,2
751,97,NaN,NaN,2
751,129,-4.204357147,1.142457247,1
751,161,-4.510816574,0.7175379395,1
751,193,NaN,NaN,2
751,225,NaN,NaN,2
751,257,-3.157058954,-2.581252575,1
751,289,-5.731499672,-0.3837970495,1
751,321,-6.478839397,1.671842575,1
751,353,NaN,NaN,2
751,385,NaN,NaN,2
751,417,-2.699925423,-1.28959012,1
751,449,-1.613382578,-0.2888522148,1
751,481,NaN,NaN,2
751,513,NaN,NaN,2
751,545,NaN,NaN,2
751,577,0.9730411768,-0.0238506794,1
751,609,0.004528701305,1.181485057,1
751,641,0.07021971047,1.840851426,1
751,673,-0.03321181238,0.07305294275,1
751,705,0.7178852558,-1.347798467,1
751,737,1.435198545,2.659042835,1
751,769,1.420828342,3.587398052,1
751,801,0.7661902905,0.8640910387,1
751,833,-0.4050661623,-1.744497299,1
751,865,NaN,NaN,2
751,897,-0.8301262259,-0.9631838799,1
751,929,-0.6838854551,-1.339297295,1
751,961,-0.4829458296,-0.7808329463,1
751,993,NaN,NaN,2
751,1025,2.165307999,0.2648775578,1
751,1057,2.069107056,0.3285065293,1
751,1089,2.177760601,-0.1316016018,1
751,1121,0.8671985269,-4.073731899,1
751,1153,0.3038689792,-3.761375189,1
751,1185,0.2871816158,-1.398206949,1
751,1217,0.5602735281,-0.3452172279,1
751,1249,0.432800293,-0.4715554118,1
751,1281,-1.306327939,-0.9575546384,1
751,1313,-1.796975493,-1.279732585,1
751,1345,-2.100640059,-0.7922509313,1
751,1377,-2.271202326,-0.2486565709,1
751,1409,-1.958497524,-0.34546417,1
751,1441,-1.76799798,-0.7075486779,1
751,1473,-3.232629538,-1.951320529,1
751,1505,-1.431693554,-1.753750086,1
751,1537,-0.6804893017,-0.7400231361,1
751,1569,-2.045321226,0.5349043608,1
751,1601,-1.941078305,1.994976878,1
751,1633,-0.9449535608,2.0914886,1
751,1665,0.8791052103,1.307327628,1
751,1697,-0.2468872666,-0.2279952765,1
751,1729,-0.005679517984,-0.238054812,1
751,1761,1.018804073,-0.502174437,1
751,1793,NaN,NaN,2
751,1825,NaN,NaN,2
751,1857,0.2693672776,0.5853148103,1
751,1889,-1.870553851,0.7498505116,1
751,1921,-1.561819792,-0.3898130059,1
751,1953,0.7038956881,-1.026020765,1
751,1985,-1.290919185,0.08013732731,1
751,2017,-3.206404686,0.3101267815,1
783,33,-2.696299553,0.1554720402,1
783,65,-1.733664036,3.485455036,1
783,97,-1.66214633,1.116854906,1
783,129,NaN,NaN,2
783,161,-5.350034714,0.6143037677,1
783,193,-5.492864609,2.202943802,1
783,225,-3.053099394,-0.4294371605,1
783,257,-3.103280783,-1.647173405,1
783,289,NaN,NaN,2
783,321,-5.630143166,0.2767782807,1
783,353,NaN,NaN,2
783,385,NaN,NaN,2
783,417,-3.066591501,-1.411806822,1
783,449,NaN,NaN,2
783,481,NaN,NaN,2
783,513,0.5246754885,1.101345539,1
783,545,0.8132876158,-0.7718310356,1
783,577,0.7669704556,-0.3865151107,1
783,609,0.4712334871,1.391709924,1
783,641,0.2320770621,1.68197763,1
783,673,0.1813126206,0.07464879751,1
783,705,0.7074189186,-1.102529287,1
783,737,1.35617578,1.862743855,1
783,769,1.836958051,3.508466721,1
783,801,NaN,NaN,2
783,833,NaN,NaN,2
783,865,NaN,NaN,2
783,897,-1.312640905,-2.889014959,1
783,929,-1.140100837,-2.412397146,1
783,961,-1.572813392,-0.5481953621,1
783,993,-1.037983894,-0.3025021553,1
783,1025,1.36960876,-0.6531642675,1
783,1057,1.056704521,0.01205822825,1
783,1089,1.220623851,0.03783211112,1
783,1121,1.002224922,-1.222570419,1
783,1153,0.2383681536,-1.240368366,1
783,1185,-0.3468980789,-0.9771249294,1
783,1217,-1.325905323,-0.7665364146,1
783,1249,-0.6070341468,-0.8780195713,1
783,1281,-1.066671968,-0.8312805891,1
783,1313,-2.280361652,-1.014236927,1
783,1345,-3.672207117,-0.7457479239,1
783,1377,-2.761757374,-0.3248397112,1
783,1409,-2.974449158,-0.2849684358,1
783,1441,-2.523327589,-2.233043194,1
783,1473,-1.9829669,-1.662482619,1
783,1505,-1.667356253,-1.325947165,1
783,1537,-1.273236632,-0.6480931044,1
783,1569,NaN,NaN,2
783,1601,-1.682052374,2.498962879,1
783,1633,-0.4222843647,3.263854504,1
783,1665,NaN,NaN,2
783,1697,NaN,NaN,2
783,1729,NaN,NaN,2
783,1761,NaN,NaN,2
783,1793,-1.138666749,-0.2757879496,1
783,1825,-0.9614137411,-0.1778055727,1
783,1857,0.5286593437,1.397676945,1
783,1889,-1.682138324,1.427624702,1
783,1921,-2.47629714,1.21077466,1
783,1953,-0.8294347525,0.876885891,1
783,1985,-0.8971544504,0.007724322379,1
783,2017,-1.728301287,-0.9741840363,1
815,33,-4.061624527,0.1509901285,1
815,65,-2.798321486,0.8944267035,1
815,97,NaN,NaN,2
815,129,NaN,NaN,2
815,161,NaN,NaN,2
815,193,NaN,NaN,2
815,225,-1.108282566,-0.4967325926,1
815,257,-1.659628391,0.3168355823,1
815,289,-0.8069343567,0.2255434394,1
815,321,-2.559453726,0.6747379303,1
815,353,NaN,NaN,2
815,385,NaN,NaN,2
815,417,-1.512039185,0.2824193239,1
815,449,NaN,NaN,2
815,481,NaN,NaN,2
815,513,1.083360314,-0.1453316808,1
815,545,0.7981367111,-1.466724992,1
815,577,1.370411873,-2.322652817,1
815,609,1.023584247,-1.995156407,1
815,641,NaN,NaN,2
815,673,NaN,NaN,2
815,705,1.091495752,-0.7286577821,1
815,737,0.5554812551,0.6466925144,1
815,769,0.6472147703,0.7711722851,1
815,801,NaN,NaN,2
815,833,0.3754110336,-1.004039645,1
815,865,0.1502601951,-0.5898101926,1
815,897,-1.391984701,-2.885599136,1
815,929,-0.8559691906,-1.311749578,1
815,961,-0.7777727842,0.01673007011,1
815,993,-0.7013471127,-0.3195151985,1
815,1025,1.533924222,-0.7023394108,1
815,1057,NaN,NaN,2
815,1089,NaN,NaN,2
815,1121,0.1058098823,-1.15673852,1
815,1153,0.009814083576,-1.064487696,1
815,1185,-0.5448949337,-0.6659108996,1
815,1217,-1.366863489,0.5500865579,1
815,1249,-1.578471899,-0.650849998,1
815,1281,-1.77652669,-0.8764234185,1
815,1313,-1.999144077,-0.8608878851,1
815,1345,-2.270842075,-0.6472766399,1
815,1377,NaN,NaN,2
815,1409,NaN,NaN,2
815,1441,-2.690734148,-1.467641234,1
815,1473,-1.260391355,-1.048426867,1
815,1505,-0.5395556688,-1.231984258,1
815,1537,0.1635681391,-0.6376754045,1
815,1569,-0.7595051527,2.082172394,1
815,1601,-1.491805792,1.865267992,1
815,1633,-1.420001149,2.501567841,1
815,1665,-1.105945826,0.7197938561,1
815,1697,NaN,NaN,2
815,1729,0.9099757671,1.222996354,1
815,1761,-0.3783347607,1.16949892,1
815,1793,-0.339469254,-0.2914304137,1
815,1825,-0.09164702892,-0.334030062,1
815,1857,0.4619373083,1.020728707,1
815,1889,NaN,NaN,2
815,1921,NaN,NaN,2
815,1953,-0.1848668456,0.7475291491,1
815,1985,-0.4307801723,0.1828809679,1
815,2017,-0.01714116335,-2.076675177,1
847,33,-5.949964523,0.3009039164,1
847,65,-3.073625565,0.1351174712,1
847,97,-2.237780571,-0.4646981955,1
847,129,-2.222734451,-1.034884214,1
847,161,-2.681217194,-0.6100956202,1
847,193,-2.962888479,-0.9820942283,1
847,225,-2.268070459,-0.3944296837,1
847,257,-1.079391956,1.286031246,1
847,289,-0.6655583382,3.084622145,1
847,321,-2.925446749,1.329520464,1
847,353,-3.834435701,2.540174484,1
847,385,-2.851959705,0.5471422672,1
847,417,-0.5171992779,0.04721301794,1
847,449,-2.859469652,2.181573153,1
847,481,-4.557542801,1.269809604,1
847,513,NaN,NaN,2
847,545,0.03737986088,-2.190282822,1
847,577,0.2110658288,-2.607120037,1
847,609,-0.6027635336,-2.13134861,1
847,641,-0.5781691074,-0.1634604931,1
847,673,-0.4787147641,0.7890648842,1
847,705,NaN,NaN,2
847,737,NaN,NaN,2
847,769,1.217940807,0.6006842256,1
847,801,0.5849943757,-0.7345283031,1
847,833,-0.04909980297,-1.295023441,1
847,865,-0.08368614316,-0.11911726,1
847,897,-0.388207674,0.7552323341,1
847,929,-0.4860358536,0.8778841496,1
847,961,-0.5145686865,0.6168636084,1
847,993,0.2170712948,0.1471669674,1
847,1025,1.683498859,-0.3417877555,1
847,1057,NaN,NaN,2
847,1089,1.25980711,1.934318781,1
847,1121,-0.7933126092,-0.02809640765,1
847,1153,-1.012787938,-0.1111845374,1
847,1185,-1.117404103,0.963239789,1
847,1217,-1.426602125,-0.6974720955,1
847,1249,-1.621437311,-0.9843953252,1
847,1281,-1.819484711,-0.9562267661,1
847,1313,-2.000864506,-0.5509703755,1
847,1345,-1.605774522,-0.5641639233,1
847,1377,-1.64487648,-0.4850463271,1
847,1409,-1.739620805,-0.4585246742,1
847,1441,-2.025643826,-0.8983432055,1
847,1473,-1.722212672,-1.056922913,1
847,1505,-1.221149802,-1.149510264,1
847,1537,-0.8583792448,-0.7398520708,1
847,1569,-1.099617243,1.053286314,1
847,1601,-1.455975533,1.001380444,1
847,1633,NaN,NaN,2
847,1665,-1.06946528,0.6420594454,1
847,1697,-0.3878291845,0.9764702916,1
847,1729,-0.1069273353,0.9564757347,1
847,1761,0.290560931,0.5647841692,1
847,1793,0.4216407537,-1.550012946,1
847,1825,NaN,NaN,2
847,1857,-1.653303266,0.6455349922,1
847,1889,-3.627822161,2.117813587,1
847,1921,-1.428579092,1.177064061,1
847,1953,-1.171366215,1.225061417,1
847,1985,-0.6964936256,0.3149898648,1
847,2017,0.03427985311,-1.913998842,1
879,33,-4.620756149,0.9845420122,1
879,65,-2.85690999,-0.2464440316,1
879,97,-2.393127441,-0.8762886524,1
879,129,-2.541621447,-0.804723978,1
879,161,-2.455459833,-1.382211804,1
879,193,-2.630731583,-1.661705494,1
879,225,-3.289709568,-0.3254268169,1
879,257,-3.135766745,0.1625041515,1
879,289,-3.039568663,-0.09617239237,1
879,321,-2.868997574,0.9989808202,1
879,353,-2.804862976,1.520298958,1
879,385,-2.632529497,0.1777816564,1
879,417,-2.539168835,-0.3730049133,1
879,449,-4.475557327,0.4750277996,1
879,481,-3.123296261,-0.3829839826,1
879,513,-2.821432114,-0.9657578468,1
879,545,-3.402965546,-1.111385703,1
879,577,-1.843141675,-1.416013598,1
879,609,NaN,NaN,2
879,641,NaN,NaN,2
879,673,0.1713724732,-2.343321323,1
879,705,NaN,NaN,2
879,737,-0.5883726478,2.613234997,1
879,769,-0.247977078,0.9392437935,1
879,801,-0.6037254333,-0.156394273,1
879,833,NaN,NaN,2
879,865,-0.7695119381,-0.3693068027,1
879,897,-2.395555496,1.253159761,1
879,929,0.1705437005,2.203265429,1
879,961,1.405012608,1.706540227,1
879,993,-0.2463882715,0.6876935959,1
879,1025,0.01059314609,0.1156889796,1
879,1057,-0.3310062289,0.4013347626,1
879,1089,0.03410148621,2.657098293,1
879,1121,-1.556141615,-0.01940742135,1
879,1153,-1.789497733,-0.02636873722,1
879,1185,-1.401518583,-0.3682877123,1
879,1217,-1.187933922,-0.8015907407,1
879,1249,-1.198877811,-1.319412708,1
879,1281,-1.714497089,-0.661257267,1
879,1313,-1.969920874,-0.8331327438,1
879,1345,-1.814565897,-0.7673889399,1
879,1377,-1.425125122,-0.5566858649,1
879,1409,-1.288489819,-0.88413167,1
879,1441,-1.776585937,-1.610403538,1
879,1473,-2.915363073,-2.676921129,1
879,1505,-1.840468168,-1.247032881,1
879,1537,-3.584693909,0.933201015,1
879,1569,NaN,NaN,2
879,1601,-0.6927736998,-1.504324436,1
879,1633,-0.2199520469,-0.1830139756,1
879,1665,-0.1502490938,-0.04844856262,1
879,1697,-0.02889218926,1.271839857,1
879,1729,0.2166996598,0.6607272625,1
879,1761,0.4441703558,0.1188515723,1
879,1793,0.06262204051,-2.309369802,1
879,1825,-0.8604593277,-0.2696458697,1
879,1857,-1.284659982,-0.0406653285,1
879,1889,-1.672338486,-0.4674034715,1
879,1921,-2.619736195,1.097560883,1
879,1953,-2.387515068,2.846000195,1
879,1985,-0.8814566135,0.7255500555,1
879,2017,-0.1758752465,-2.156657219,1
911,33,-2.357471704,1.58481133,1
911,65,-2.533110857,-0.3409724236,1
911,97,-2.885543108,-0.6279175282,1
911,129,-3.064033747,-0.9137932062,1
911,161,-2.956033468,-2.548550606,1
911,193,-3.107296228,-2.725425243,1
911,225,-3.821977854,-0.5106719732,1
911,257,-3.81787014,-0.5279497504,1
911,289,-3.825663567,0.1970086098,1
911,321,-3.811744213,-0.09691143036,1
911,353,-0.9918446541,0.09928512573,1
911,385,NaN,NaN,2
911,417,NaN,NaN,2
911,449,NaN,NaN,2
911,481,-3.772379398,-1.250431895,1
911,513,-3.867457867,-1.588921189,1
911,545,-3.783368587,-0.8958309889,1
911,577,-2.481629848,-1.353083372,1
911,609,-1.474555016,-1.768645287,1
911,641,-0.9652144909,-2.447338104,1
911,673,-0.938149035,-1.933399439,1
911,705,-1.639042854,-0.5165117383,1
911,737,-1.067053318,1.257483363,1
911,769,-0.9943728447,0.7677307129,1
911,801,-1.23987937,1.336327314,1
911,833,NaN,NaN,2
911,865,-0.7818462253,0.6800679564,1
911,897,-0.3847669959,1.326849103,1
911,929,0.08460313082,2.61905241,1
911,961,0.7287608385,1.382057428,1
911,993,-0.4867764413,0.3723493814,1
911,1025,-0.8230512738,0.941478014,1
911,1057,-1.453540564,1.895357847,1
911,1089,-1.154780865,1.964343905,1
911,1121,-1.710244179,0.1562040001,1
911,1153,-1.84085536,-0.09507063031,1
911,1185,-1.538607597,-0.4499695897,1
911,1217,-0.8715116978,-1.467741013,1
911,1249,-1.191740751,-1.009671211,1
911,1281,-3.134595394,-1.222994328,1
911,1313,-4.3317132,-0.87238729,1
911,1345,-3.414997101,-0.9170759916,1
911,1377,-2.005958319,-0.281974256,1
911,1409,NaN,NaN,2
911,1441,NaN,NaN,2
911,1473,-2.589160204,-1.985085845,1
911,1505,-2.062653542,-2.689683437,1
911,1537,NaN,NaN,2
911,1569,NaN,NaN,2
911,1601,-0.5449426174,-1.712240934,1
911,1633,0.01277977228,-1.195998669,1
911,1665,0.2889779508,-0.06050011516,1
911,1697,0.07531818748,0.3593815267,1
911,1729,0.04478043318,0.3109358549,1
911,1761,0.1491493583,0.1153580844,1
911,1793,NaN,NaN,2
911,1825,-1.648902178,-0.3852829337,1
911,1857,-1.128775835,-0.1607330441,1
911,1889,-1.601843834,0.04857444763,1
911,1921,NaN,NaN,2
911,1953,NaN,NaN,2
911,1985,NaN,NaN,2
911,2017,-0.7226532102,-2.906409025,1
943,33,-0.7862298489,1.916981459,1
943,65,-1.88555336,-0.206196636,1
943,97,-3.106688976,-1.311754107,1
943,129,-4.452394009,-2.47718215,1
943,161,-4.387328148,-2.009850025,1
943,193,-4.269068718,-1.472734332,1
943,225,-4.141337395,-0.4714038968,1
943,257,-3.966253757,-1.386960983,1
943,289,-3.643146992,-0.3718757033,1
943,321,-3.26307559,-0.5930554867,1
943,353,-2.243495703,-0.4053370953,1
943,385,NaN,NaN,2
943,417,NaN,NaN,2
943,449,NaN,NaN,2
943,481,NaN,NaN,2
943,513,NaN,NaN,2
943,545,-3.644404888,-1.048770308,1
943,577,-3.12577343,-1.118800879,1
943,609,-1.680457354,-1.377874732,1
943,641,-1.168534279,-2.836781263,1
943,673,-1.3691082,-2.599656343,1
943,705,-1.389908075,-1.217337132,1
943,737,0.1792947054,0.3248749971,1
943,769,-0.3136727214,0.2304341793,1
943,801,-1.166990042,-0.005828082561,1
943,833,NaN,NaN,2
943,865,NaN,NaN,2
943,897,0.09136527777,0.3437779546,1
943,929,-0.383990407,-0.5368601084,1
943,961,NaN,NaN,2
943,993,-0.02016618848,-0.2166527808,1
943,1025,-0.2163491249,0.06689012051,1
943,1057,-0.8411535025,1.37122941,1
943,1089,-1.452593684,-0.07730428874,1
943,1121,-2.085222244,0.02996683866,1
943,1153,-1.921503067,-0.2222987711,1
943,1185,-1.1639117,-0.4912906289,1
943,1217,-0.7752833962,-0.7619965076,1
943,1249,-0.9608810544,-0.9083815217,1
943,1281,-2.645235538,-1.998232484,1
943,1313,-2.668637276,-0.8736250997,1
943,1345,-3.153021812,-0.7616595626,1
943,1377,-2.900806904,-0.6468341351,1
943,1409,-1.10253799,-0.8946521878,1
943,1441,-1.237399101,-0.1772997975,1
943,1473,-0.6637437344,0.01245078444,1
943,1505,-0.8913455009,-0.8128506541,1
943,1537,0.3765229583,-0.6819964647,1
943,1569,-0.5294957161,-0.5544145703,1
943,1601,-0.9898337126,-0.3985786438,1
943,1633,0.3099947572,-0.4415867329,1
943,1665,0.512176156,-0.1027246714,1
943,1697,0.2477560937,0.2756566703,1
943,1729,0.4192758501,0.06018733978,1
943,1761,0.7983131409,-0.3042211831,1
943,1793,-1.643084645,-1.757133126,1
943,1825,-1.630678415,-0.3788663149,1
943,1857,-1.832541823,-1.409629464,1
943,1889,NaN,NaN,2
943,1921,NaN,NaN,2
943,1953,0.2110908031,3.593390942,1
943,1985,NaN,NaN,2
943,2017,-0.5244157314,-2.26701355,1
975,33,-2.631779194,2.028828621,1
975,65,-2.488792658,2.226930857,1
975,97,-1.898841381,-0.999542594,1
975,129,-2.702533245,-3.610035419,1
975,161,NaN,NaN,2
975,193,NaN,NaN,2
975,225,-5.356651306,-0.5689353943,1
975,257,-4.29896307,-1.375516891,1
975,289,-3.652779579,-1.444091201,1
975,321,NaN,NaN,2
975,353,NaN,NaN,2
975,385,-4.740496635,2.12121582,1
975,417,-2.165628433,4.187712193,1
975,449,NaN,NaN,2
975,481,NaN,NaN,2
975,513,NaN,NaN,2
975,545,-3.625838518,-1.449971437,1
975,577,-2.207154274,-1.012497783,1
975,609,-1.394286275,-0.9342944026,1
975,641,-1.150137305,-1.21505475,1
975,673,-1.148011208,-0.2712243795,1
975,705,-0.9896115065,-0.04086482525,1
975,737,-0.2851557732,0.3346173465,1
975,769,0.9402816296,2.368937492,1
975,801,NaN,NaN,2
975,833,-1.681707501,-1.505760908,1
975,865,-1.100200176,-0.4549708366,1
975,897,-0.007801145315,0.3213325739,1
975,929,0.3277254105,-0.3466995955,1
975,961,0.8228388429,0.3418570757,1
975,993,1.49317801,-0.4231715798,1
975,1025,0.2266818285,-0.681278944,1
975,1057,-0.6153823733,-0.5289618969,1
975,1089,-0.8253427744,0.1001824588,1
975,1121,-1.273748517,-0.03328338265,1
975,1153,-1.37289989,-0.2956064939,1
975,1185,-1.40982306,-0.6120257378,1
975,1217,-0.7501906157,-0.9083171487,1
975,1249,-0.6896239519,-1.520420551,1
975,1281,-0.8800471425,-2.294582605,1
975,1313,-1.064028978,-0.7199124694,1
975,1345,-1.321115255,-1.090735078,1
975,1377,-3.251311064,-1.123377919,1
975,1409,-0.8822996616,-0.8848842978,1
975,1441,-1.089006424,-0.1982898414,1
975,1473,-0.8186898232,0.1534433961,1
975,1505,-0.8376400471,0.03877422214,1
975,1537,NaN,NaN,2
975,1569,-1.30332911,-0.6376430392,1
975,1601,-1.243639231,-0.5557768941,1
975,1633,-1.349808693,-0.1027159691,1
975,1665,-1.191960216,0.9368618131,1
975,1697,-0.3727050424,0.638465941,1
975,1729,0.945509553,0.3670896888,1
975,1761,0.2999452651,-0.7031780481,1
975,1793,-0.3148475289,-0.2921429574,1
975,1825,-2.03142786,0.3193345368,1
975,1857,-2.108519077,-0.3723917902,1
975,1889,-1.526485562,0.1317945719,1
975,1921,NaN,NaN,2
975,1953,NaN,NaN,2
975,1985,NaN,NaN,2
975,2017,-0.7153160572,-0.3732523918,1
1007,33,NaN,NaN,2
1007,65,NaN,NaN,2
1007,97,0.1887786388,0.5845874548,1
1007,129,-1.215293884,-0.7316784859,1
1007,161,NaN,NaN,2
1007,193,-3.040120602,0.1414789855,1
1007,225,-3.215255737,1.532939553,1
1007,257,-3.303560734,0.02554130554,1
1007,289,-3.353167295,-0.06310480833,1
1007,321,-2.899653435,-1.704737425,1
1007,353,-2.945557117,-1.696392059,1
1007,385,-3.280723095,1.501591325,1
1007,417,-2.032272816,3.316913366,1
1007,449,-0.5949516296,0.8981738091,1
1007,481,-2.605024576,0.5013384819,1
1007,513,-2.87998724,-1.263169885,1
1007,545,-4.061047554,-1.437595487,1
1007,577,-2.372675896,-1.113335967,1
1007,609,NaN,NaN,2
1007,641,-3.039890528,-0.4101652205,1
1007,673,-1.263890862,0.4382362962,1
1007,705,-1.046831965,0.5176405311,1
1007,737,-0.9877814651,0.3639752567,1
1007,769,NaN,NaN,2
1007,801,NaN,NaN,2
1007,833,-0.8015041351,-1.910085678,1
1007,865,-0.7543507814,-1.263996601,1
1007,897,-0.3014858365,0.00995028019,1
1007,929,-0.1579990387,-0.05222937465,1
1007,961,-0.1094982326,-0.4720327258,1
1007,993,-1.503085136,-0.5031466484,1
1007,1025,-1.490912199,-0.8473792076,1
1007,1057,-0.9835740328,-0.9162117839,1
1007,1089,-0.5681574941,0.549028635,1
1007,1121,-0.5614674687,0.737025857,1
1007,1153,-1.043294787,-0.2807648778,1
1007,1185,-0.8135011196,-0.6895279884,1
1007,1217,-0.8416172266,-1.62811172,1
1007,1249,-0.9074984789,-1.658290982,1
1007,1281,-0.7859148979,-3.089358568,1
1007,1313,-0.7278853655,-1.268258691,1
1007,1345,-0.6797626615,-2.093739033,1
1007,1377,-0.6360014677,-2.790941,1
1007,1409,-0.9186655283,-1.625249147,1
1007,1441,-0.7080559731,-0.4578602314,1
1007,1473,0.9382305741,-0.09965899587,1
1007,1505,-0.8483959436,-0.4368323684,1
1007,1537,-0.6959565878,-1.64615202,1
1007,1569,-1.175462246,-0.6743319035,1
1007,1601,-1.494087219,-0.3170533776,1
1007,1633,-1.863363981,0.1941207349,1
1007,1665,-2.562236309,1.582325339,1
1007,1697,-1.473920941,0.6232712269,1
1007,1729,1.933825016,0.1420666873,1
1007,1761,-0.01521641016,-0.2796682119,1
1007,1793,-0.7728157043,-0.1844953299,1
1007,1825,-1.754148602,0.07738173753,1
1007,1857,-1.507300377,-0.7288728952,1
1007,1889,-1.51593554,1.148882151,1
1007,1921,-1.58958137,-0.2428606153,1
1007,1953,-0.6922961473,-0.188090235,1
1007,1985,-0.01842361689,0.6881814003,1
1007,2017,-0.3465288877,0.1055012941,1
1039,33,-0.9361619949,1.541830301,1
1039,65,-0.788613081,-0.6967582703,1
1039,97,-0.6538422108,-0.6769928932,1
1039,129,-2.297353268,-0.6407703161,1
1039,161,NaN,NaN,2
1039,193,-1.165928364,0.5138744116,1
1039,225,-1.700729132,1.394104958,1
1039,257,-1.425746918,0.6675345898,1
1039,289,-0.8718132973,0.6351621151,1
1039,321,-2.834280014,1.165498614,1
1039,353,-3.333180428,2.778038979,1
1039,385,-3.15773344,2.258120537,1
1039,417,-3.24444294,1.323524952,1
1039,449,-3.606861591,1.351901293,1
1039,481,-5.374321938,1.769524693,1
1039,513,-6.316082954,-0.2031395435,1
1039,545,-2.991766453,-0.597117722,1
1039,577,-2.579679966,0.1768913865,1
1039,609,-2.231781244,-0.6321530342,1
1039,641,-1.527331352,-1.122412801,1
1039,673,-1.19432354,0.1701456904,1
1039,705,-0.998239398,0.4976102114,1
1039,737,-1.052488089,0.4127029181,1
1039,769,NaN,NaN,2
1039,801,NaN,NaN,2
1039,833,NaN,NaN,2
1039,865,0.04732441902,0.09577220678,1
1039,897,-0.0153324008,0.225874424,1
1039,929,NaN,NaN,2
1039,961,-0.06561949849,-1.473034143,1
1039,993,-1.084167719,-0.5435245037,1
1039,1025,-1.472280979,-0.6935768127,1
1039,1057,-0.8394764662,-0.8791371584,1
1039,1089,-0.2876932025,-0.08011907339,1
1039,1121,-0.04387247562,0.1066536009,1
1039,1153,-0.1412640214,-0.1685832739,1
1039,1185,-0.4084593058,-0.3532880545,1
1039,1217,-0.7796799541,-0.7731425762,1
1039,1249,-0.7651246786,-1.421419382,1
1039,1281,-0.4751960635,-2.644383192,1
1039,1313,0.2142459154,-1.424148679,1
1039,1345,-0.2619760036,-1.350382686,1
1039,1377,0.4455292821,-4.174507141,1
1039,1409,-0.3596018553,-3.486092329,1
1039,1441,-0.8150341511,-0.9661301374,1
1039,1473,-0.9119700193,-0.4480357468,1
1039,1505,-2.742909908,-0.4042330682,1
1039,1537,-1.229057312,-1.271450162,1
1039,1569,-1.090670228,-0.4360306859,1
1039,1601,-1.353936076,-0.0105638504,1
1039,1633,-1.537577987,-0.2048310041,1
1039,1665,-1.933897614,1.510025024,1
1039,1697,-1.688692331,0.07050900161,1
1039,1729,1.333913565,-0.4728894234,1
1039,1761,0.8790425062,-1.132640839,1
1039,1793,-0.1949543953,0.3335802555,1
1039,1825,-0.5689052343,-0.2162967324,1
1039,1857,-0.5365173221,-2.52999711,1
1039,1889,-0.9257013202,2.733417034,1
1039,1921,-0.6779704094,0.1213539392,1
1039,1953,-1.005798697,0.006159722805,1
1039,1985,-1.494582891,0.3071929514,1
1039,2017,-1.987185717,-0.1535959244,1
1071,33,-2.468083858,0.7300422192,1
1071,65,-2.598575115,-0.3513324857,1
1071,97,-2.752464294,-0.4656287432,1
1071,129,-2.82289362,-1.525011778,1
1071,161,-1.839189291,0.4046934843,1
1071,193,-2.808418989,0.7879428864,1
1071,225,-3.168013334,1.115641594,1
1071,257,-2.799817562,0.9494031072,1
1071,289,-2.284271717,0.833270967,1
1071,321,-2.501236916,4.163696766,1
1071,353,NaN,NaN,2
1071,385,NaN,NaN,2
1071,417,-6.046040058,0.7462189198,1
1071,449,-6.049047947,1.107594013,1
1071,481,-4.524952888,1.097467184,1
1071,513,-3.45610857,-0.5849887133,1
1071,545,-6.081134796,-0.002847284079,1
1071,577,-4.508956909,0.08106195927,1
1071,609,-2.544788122,0.02077627182,1
1071,641,-1.780890822,-0.05085349455,1
1071,673,-1.171128273,0.2987661958,1
1071,705,-1.06417942,0.5995116234,1
1071,737,-1.077740312,0.6917431951,1
1071,769,-1.300301671,0.2597212791,1
1071,801,-2.062505722,1.056714773,1
1071,833,-1.610568643,1.711413264,1
1071,865,-0.9430861473,2.081260204,1
1071,897,-0.2384200096,0.5049159527,1
1071,929,NaN,NaN,2
1071,961,NaN,NaN,2
1071,993,-0.136597544,-0.5789425969,1
1071,1025,-0.4642432928,-0.8123059273,1
1071,1057,-0.2625072598,0.4752472639,1
1071,1089,0.06895382702,-0.5215856433,1
1071,1121,0.04916848242,0.009049400687,1
1071,1153,0.2462598979,0.1691729873,1
1071,1185,-0.4678589106,0.9662658572,1
1071,1217,-0.5734066367,-0.4006952643,1
1071,1249,-0.7132230997,-0.9813070297,1
1071,1281,-0.5521563292,-0.566367507,1
1071,1313,-0.005744278431,-0.9332401752,1
1071,1345,1.242110491,-2.968536854,1
1071,1377,NaN,NaN,2
1071,1409,-0.9070204496,-2.919913292,1
1071,1441,-1.054805994,-1.285425901,1
1071,1473,-1.367153883,-0.3228129148,1
1071,1505,-2.913827181,-0.2509819269,1
1071,1537,-4.212488174,-0.7631766796,1
1071,1569,-1.580660582,0.883251071,1
1071,1601,-1.306690574,-0.01226210594,1
1071,1633,-1.140685558,-0.708253026,1
1071,1665,NaN,NaN,2
1071,1697,-1.446608782,-0.5366009474,1
1071,1729,-0.7757414579,-2.845386505,1
1071,1761,-0.1007512212,-2.93220067,1
1071,1793,0.8742272854,-0.8627598286,1
1071,1825,1.473979712,0.7400813103,1
1071,1857,0.9044870138,1.500646114,1
1071,1889,1.391678929,0.2403504401,1
1071,1921,0.4327691793,-0.1963163316,1
1071,1953,-1.301217079,1.934426904,1
1071,1985,-0.1948620081,0.4129976332,1
1071,2017,0.8260195851,0.03673520684,1
1103,33,-1.695749402,0.1779774427,1
1103,65,-4.857513428,-1.532965302,1
1103,97,-6.330529213,-0.07459023595,1
1103,129,-4.87895298,0.4185850918,1
1103,161,-4.073433876,1.188809395,1
1103,193,-3.404700518,1.122591972,1
1103,225,-3.536118507,1.140933514,1
1103,257,NaN,NaN,2
1103,289,NaN,NaN,2
1103,321,-2.168777466,1.474058628,1
1103,353,-2.704588413,2.031848431,1
1103,385,-2.94100523,0.5967377424,1
1103,417,-5.934360981,0.1340956688,1
1103,449,-5.507061481,0.6577753425,1
1103,481,-4.406178474,0.9022042155,1
1103,513,NaN,NaN,2
1103,545,-5.21046114,1.350087762,1
1103,577,-4.474885941,0.1551549435,1
1103,609,-2.541253567,-0.6290777326,1
1103,641,-1.690628529,-0.1704727411,1
1103,673,-1.325852036,3.149863482,1
1103,705,-1.386226177,1.205325127,1
1103,737,-1.219549656,1.054642797,1
1103,769,-0.9774831533,0.2502087355,1
1103,801,-3.062943935,1.026868701,1
1103,833,-2.40084362,1.456503034,1
1103,865,-1.854916096,1.449716687,1
1103,897,-1.587120891,1.44111681,1
1103,929,-0.4078840613,0.4316580296,1
1103,961,-0.2390400171,0.5047316551,1
1103,993,0.2036710978,0.04164654016,1
1103,1025,0.01944470406,0.2274030447,1
1103,1057,0.1622303426,-0.9764508605,1
1103,1089,0.912800312,-1.154588819,1
1103,1121,0.2505337,0.1057687253,1
1103,1153,-0.2549990416,0.9010989666,1
1103,1185,-0.4723487496,0.3599414229,1
1103,1217,-0.2054018974,-0.4579430223,1
1103,1249,-0.002858757973,-0.6047574282,1
1103,1281,1.566819668,-0.3327638507,1
1103,1313,2.749430895,-0.4552025795,1
1103,1345,1.545711279,-4.168439388,1
1103,1377,-2.011110067,-4.643194199,1
1103,1409,-1.614393711,-1.810324311,1
1103,1441,-1.862508059,-0.6847157478,1
1103,1473,-1.383997917,-0.5908648968,1
1103,1505,-1.421328783,-0.8647697568,1
1103,1537,-4.215419769,-2.175766706,1
1103,1569,-1.39376533,-2.512239933,1
1103,1601,-0.7128320932,-2.503124237,1
1103,1633,NaN,NaN,2
1103,1665,0.1355108023,-0.3700532913,1
1103,1697,-0.9210867882,-0.4408918023,1
1103,1729,-0.3640258312,-1.667518377,1
1103,1761,NaN,NaN,2
1103,1793,NaN,NaN,2
1103,1825,1.084731698,-0.2717566788,1
1103,1857,NaN,NaN,2
1103,1889,1.23820591,0.3539383113,1
1103,1921,0.4846453965,0.3906583786,1
1103,1953,-0.22506091,2.088354588,1
1103,1985,0.5857092142,0.4323497415,1
1103,2017,1.777611732,0.166893959,1
1135,33,-1.527736187,0.1008580029,1
1135,65,-2.405892849,-0.2293153405,1
1135,97,-3.88247776,0.4306977093,1
1135,129,-6.269386292,0.4268529415,1
1135,161,-4.790467739,1.296519995,1
1135,193,-2.539874315,1.637901664,1
1135,225,-2.594279766,0.8944168687,1
1135,257,-2.626428604,0.9400939941,1
1135,289,-1.801428556,0.7243540287,1
1135,321,NaN,NaN,2
1135,353,NaN,NaN,2
1135,385,-3.55902791,2.506531239,1
1135,417,-4.586798191,0.6656668186,1
1135,449,-5.623553753,1.102814436,1
1135,481,-4.37090826,0.6589930058,1
1135,513,-3.047789335,0.5575944185,1
1135,545,NaN,NaN,2
1135,577,-2.70089674,0.4628215432,1
1135,609,-2.17672205,-0.04324012995,1
1135,641,-1.749914169,0.3911888599,1
1135,673,NaN,NaN,2
1135,705,-1.316335917,3.12276721,1
1135,737,NaN,NaN,2
1135,769,NaN,NaN,2
1135,801,-1.435924411,0.5721051693,1
1135,833,-1.523383021,0.6380110979,1
1135,865,-1.524729848,0.7998514175,1
1135,897,-2.072268009,1.430101275,1
1135,929,-0.8701124191,0.3607490659,1
1135,961,NaN,NaN,2
1135,993,0.6629037857,1.274858594,1
1135,1025,0.9655201435,0.7563471794,1
1135,1057,0.5327385664,-0.2301685512,1
1135,1089,-0.1185072064,-0.2636108696,1
1135,1121,-0.2051957846,0.187748298,1
1135,1153,-0.3122026622,0.5414634943,1
1135,1185,-0.6718703508,0.1791663915,1
1135,1217,-0.4210075736,-1.373345256,1
1135,1249,-0.3922041059,-0.3059200644,1
1135,1281,0.07541315258,-0.1582824886,1
1135,1313,0.04070231318,-0.2857793272,1
1135,1345,-0.3993231654,-2.081413746,1
1135,1377,-0.861417532,-2.738800526,1
1135,1409,NaN,NaN,2
1135,1441,-4.583789825,0.08841222525,1
1135,1473,-4.093932152,-0.08914399147,1
1135,1505,-5.96159935,-0.1223728657,1
1135,1537,-5.601656914,-1.130879402,1
1135,1569,-1.115987659,-2.037364006,1
1135,1601,-0.6040513515,-2.707680702,1
1135,1633,-0.4218682647,-1.495080709,1
1135,1665,2.004520893,-3.387984037,1
1135,1697,-2.710986614,-0.2338443398,1
1135,1729,-0.9472343922,-0.1398510337,1
1135,1761,-0.3326786458,-0.06584428251,1
1135,1793,NaN,NaN,2
1135,1825,0.6177272797,0.1459283829,1
1135,1857,-0.2018307447,0.3310951591,1
1135,1889,NaN,NaN,2
1135,1921,-0.2058370113,0.567317605,1
1135,1953,0.3343660235,0.6507405043,1
1135,1985,1.042213678,0.6251429319,1
1135,2017,1.78570509,0.4729130864,1
1167,33,-2.921712399,0.03510767221,1
1167,65,-5.06785202,-0.1676301658,1
1167,97,NaN,NaN,2
1167,129,NaN,NaN,2
1167,161,-4.749920368,0.9791048169,1
1167,193,NaN,NaN,2
1167,225,NaN,NaN,2
1167,257,-4.333396912,1.090803742,1
1167,289,NaN,NaN,2
1167,321,-3.470985889,1.068822026,1
1167,353,-3.617949009,1.819709063,1
1167,385,-3.666313171,1.033366203,1
1167,417,-5.962229252,0.3823221028,1
1167,449,-6.547180176,0.6905069351,1
1167,481,-6.171514988,0.4980402589,1
1167,513,-4.991686821,0.7734188437,1
1167,545,-3.235990047,0.4539490938,1
1167,577,-2.326831818,0.5681393147,1
1167,609,-2.357214689,1.605398655,1
1167,641,-2.267982721,1.59219873,1
1167,673,NaN,NaN,2
1167,705,-1.511742115,3.501950741,1
1167,737,NaN,NaN,2
1167,769,NaN,NaN,2
1167,801,1.453366041,0.160289973,1
1167,833,1.155733943,-0.7182137966,1
1167,865,-1.129827499,-0.366646409,1
1167,897,-0.8145949244,0.4136094451,1
1167,929,0.4332036972,0.2218631506,1
1167,961,NaN,NaN,2
1167,993,0.7059164047,-0.2359564453,1
1167,1025,0.8290059566,-0.1096089333,1
1167,1057,0.8971531391,0.2924740613,1
1167,1089,0.02761548758,0.2076956928,1
1167,1121,-0.3506020308,0.3412586749,1
1167,1153,-0.236661762,0.1524606347,1
1167,1185,-0.3075644374,-0.5148386359,1
1167,1217,0.08999547362,-2.686893225,1
1167,1249,NaN,NaN,2
1167,1281,0.2361163795,0.4848890901,1
1167,1313,-0.2896926999,-0.4817218184,1
1167,1345,-0.7221352458,-1.160853863,1
1167,1377,-0.5949327946,-1.227935195,1
1167,1409,NaN,NaN,2
1167,1441,-2.959789753,1.151108861,1
1167,1473,-6.039353848,1.396364927,1
1167,1505,-7.27291441,1.091341019,1
1167,1537,-5.340057373,-1.560116887,1
1167,1569,-0.812024951,-1.416725159,1
1167,1601,-0.618144989,-1.616707802,1
1167,1633,-0.1680307984,-1.026657224,1
1167,1665,0.4300249219,0.1551001668,1
1167,1697,NaN,NaN,2
1167,1729,-0.50905931,0.420127511,1
1167,1761,-0.5086154938,0.370914638,1
1167,1793,-0.5229923725,0.07304295897,1
1167,1825,-0.3634138107,0.6327808499,1
1167,1857,0.6618732214,0.6788955927,1
1167,1889,0.985303998,0.9828517437,1
1167,1921,1.088743925,0.4500291348,1
1167,1953,1.773257017,-0.01827347279,1
1167,1985,1.958800197,0.8911234736,1
1167,2017,0.7471461296,0.4967284203,1
1199,33,-3.001909256,0.1375949383,1
1199,65,-4.770386219,-0.260317117,1
1199,97,-7.411979675,-1.148682714,1
1199,129,-7.369826794,-2.204292536,1
1199,161,-5.354542732,-2.268814087,1
1199,193,NaN,NaN,2
1199,225,-4.704349041,0.1677377224,1
1199,257,-5.571341515,0.7364134789,1
1199,289,-4.897470474,1.221894503,1
1199,321,-4.308756351,1.21927762,1
1199,353,-3.246723652,1.808103085,1
1199,385,-4.453814507,0.5340753794,1
1199,417,-4.839933395,-0.5608296394,1
1199,449,-3.639831066,0.2783482075,1
1199,481,-4.482268333,0.5486931205,1
1199,513,-3.848923683,0.6609433293,1
1199,545,-3.047218084,0.5589283705,1
1199,577,-2.799677372,0.9561884403,1
1199,609,-2.718833685,2.092528582,1
1199,641,-2.43347764,2.553474426,1
1199,673,-2.042725325,4.113473892,1
1199,705,-1.613111854,1.450158477,1
1199,737,-1.338947296,-0.8266491294,1
1199,769,-0.4591811895,0.5275753736,1
1199,801,NaN,NaN,2
1199,833,-0.1325870752,-0.2109212428,1
1199,865,-0.7449146509,-2.496298313,1
1199,897,-0.7105141878,-0.0316657573,1
1199,929,-0.4901446104,0.5756530166,1
1199,961,-0.3794274926,-0.2649025619,1
1199,993,-0.1295539588,-0.257843703,1
1199,1025,0.7420683503,-0.2039212286,1
1199,1057,2.039960861,0.2710628211,1
1199,1089,0.6528465748,2.267871857,1
1199,1121,-0.07479506731,-0.812697053,1
1199,1153,NaN,NaN,2
1199,1185,-0.04889468849,-0.6005944014,1
1199,1217,-0.5546044111,0.02542662621,1
1199,1249,NaN,NaN,2
1199,1281,0.3839080036,-0.6545151472,1
1199,1313,-0.3737313151,-0.8898328543,1
1199,1345,-0.8209001422,-1.099228859,1
1199,1377,-0.8512328267,-0.8197518587,1
1199,1409,0.1745934486,-2.173250675,1
1199,1441,0.2048476934,-0.7208550572,1
1199,1473,-1.660761356,0.7747647762,1
1199,1505,NaN,NaN,2
1199,1537,-2.779870272,-3.774461985,1
1199,1569,-0.5664807558,-1.778160095,1
1199,1601,-0.5659220219,-1.538110614,1
1199,1633,-0.2838117778,-1.03294909,1
1199,1665,0.7742687464,-0.2496152818,1
1199,1697,0.1243986487,0.1120731682,1
1199,1729,-1.017402649,1.275546074,1
1199,1761,-0.7628110647,0.5598393083,1
1199,1793,-1.575741053,0.5606330037,1
1199,1825,NaN,NaN,2
1199,1857,0.2892579734,0.5386232734,1
1199,1889,0.607344985,0.9608279467,1
1199,1921,0.8093656301,0.529707253,1
1199,1953,2.142630577,-0.05330449343,1
1199,1985,1.358447552,0.576530695,1
1199,2017,0.5819159746,0.220867008,1
1231,33,-3.150651932,0.9682099819,1
1231,65,-5.044443607,0.004179701209,1
1231,97,-5.762286663,-0.9977759123,1
1231,129,-5.909509659,-0.9946749806,1
1231,161,-5.841041565,-2.202021599,1
1231,193,-4.826012611,-0.3855062723,1
1231,225,-4.430926323,0.03479757905,1
1231,257,-5.303740978,0.02101832628,1
1231,289,-5.764027596,-0.106895566,1
1231,321,-5.319974422,0.3848919868,1
1231,353,-3.811999321,1.57942462,1
1231,385,-3.79983592,0.6148889661,1
1231,417,NaN,NaN,2
1231,449,-2.191344738,-0.04555770755,1
1231,481,-4.366530418,0.7749946117,1
1231,513,-4.524355888,0.4849305749,1
1231,545,-3.24810338,0.4955902696,1
1231,577,-2.905899763,3.245175362,1
1231,609,-0.9517912865,2.759842873,1
1231,641,-1.982928753,2.361304522,1
1231,673,-2.102902174,2.549986839,1
1231,705,-1.845428944,2.127084732,1
1231,737,-2.179812431,0.5460081697,1
1231,769,-2.613015413,-1.187874317,1
1231,801,-3.519842863,0.4934602678,1
1231,833,-2.235943794,0.2949684262,1
1231,865,-0.7512198687,-0.6486483812,1
1231,897,-0.3211764097,0.1411893964,1
1231,929,-0.1407544017,0.1292730868,1
1231,961,-0.6661367416,-1.156882882,1
1231,993,-0.3826747239,-0.3809999526,1
1231,1025,0.3016099036,-0.2239715755,1
1231,1057,0.5135996342,-0.6094304919,1
1231,1089,0.8167688847,-1.302554846,1
1231,1121,NaN,NaN,2
1231,1153,NaN,NaN,2
1231,1185,0.3868203163,-1.253417611,1
1231,1217,0.7265664339,-0.9680169821,1
1231,1249,1.92961359,-1.84740591,1
1231,1281,1.264535189,-2.328640461,1
1231,1313,0.07829248905,-1.639790773,1
1231,1345,0.3397451043,-1.348579884,1
1231,1377,0.4420588017,-0.6795897484,1
1231,1409,0.1023797393,-1.626487136,1
1231,1441,-0.5977417231,-1.102483749,1
1231,1473,-2.513972282,0.6528224945,1
1231,1505,-2.869606018,-0.9355529547,1
1231,1537,-3.05542326,-1.39461112,1
1231,1569,-2.270289183,-1.68085134,1
1231,1601,-0.9332368374,-1.89712131,1
1231,1633,-0.3869814873,-1.397466421,1
1231,1665,0.05860805511,-0.8968713284,1
1231,1697,-0.1787125468,0.1547896564,1
1231,1729,-0.4958853424,1.814355731,1
1231,1761,-0.4442155957,0.5994555354,1
1231,1793,-0.9666272998,1.473603487,1
1231,1825,-1.371100426,2.616551399,1
1231,1857,2.459610939,0.4859188199,1
1231,1889,0.7262306213,0.6402169466,1
1231,1921,0.6577011347,0.6858274937,1
1231,1953,0.6016978025,0.112026751,1
1231,1985,0.5265052915,-0.1616419554,1
1231,2017,0.6722474098,-0.5432449579,1
1263,33,-2.564288139,0.8747093081,1
1263,65,-4.371128082,0.1419455111,1
1263,97,-4.993982315,0.1623945236,1
1263,129,-5.043749332,0.9883782268,1
1263,161,-5.620773315,0.2284888923,1
1263,193,-4.848987103,-0.06695821881,1
1263,225,-4.26441288,-0.5470947027,1
1263,257,-4.835110664,-0.6627681255,1
1263,289,-5.628664494,-1.3871907,1
1263,321,-5.324139118,-0.3945167363,1
1263,353,-3.872252941,0.3226617575,1
1263,385,NaN,NaN,2
1263,417,NaN,NaN,2
1263,449,-3.32170105,0.09716492891,1
1263,481,-3.614298344,1.109038115,1
1263,513,-3.31495738,1.547649384,1
1263,545,-3.047050476,0.6898834109,1
1263,577,-2.688792229,2.194145203,1
1263,609,-2.264963388,1.308000445,1
1263,641,-1.971668482,1.466762424,1
1263,673,-1.83211875,2.001944542,1
1263,705,-3.400004387,4.13236618,1
1263,737,-4.803983212,1.065231919,1
1263,769,-3.50142169,-0.5764980316,1
1263,801,-3.410574436,0.2553588152,1
1263,833,-3.827138901,-0.006425168365,1
1263,865,-1.562123179,-0.5429944396,1
1263,897,-0.8426294327,-0.6348664761,1
1263,929,-0.5420382023,-1.246239185,1
1263,961,-0.4294299483,-2.167051315,1
1263,993,-0.285094738,-1.282684803,1
1263,1025,NaN,NaN,2
1263,1057,NaN,NaN,2
1263,1089,-1.757790208,-3.799571037,1
1263,1121,NaN,NaN,2
1263,1153,NaN,NaN,2
1263,1185,NaN,NaN,2
1263,1217,NaN,NaN,2
1263,1249,2.480537891,-6.579557419,1
1263,1281,1.504948854,-2.591855288,1
1263,1313,-0.09546965361,-0.7317194939,1
1263,1345,0.4758075178,-2.111090183,1
1263,1377,1.196325779,-1.794793844,1
1263,1409,2.854024172,-1.487748623,1
1263,1441,0.0317838192,-1.227093935,1
1263,1473,-2.240022659,-1.341590285,1
1263,1505,-2.913672924,-1.140252352,1
1263,1537,-2.96397686,-0.3108392954,1
1263,1569,-3.11195612,-1.589869976,1
1263,1601,-1.300977826,-3.726831675,1
1263,1633,NaN,NaN,2
1263,1665,-0.386007458,-0.2323428392,1
1263,1697,-0.4564087987,0.09994131327,1
1263,1729,-1.07679534,0.567964375,1
1263,1761,-0.7247145176,0.5610939264,1
1263,1793,0.222610876,-0.05793690681,1
1263,1825,0.7773143053,0.7553113103,1
1263,1857,0.6878829002,0.5041059256,1
1263,1889,0.5782260895,0.2236509323,1
1263,1921,0.3670421243,0.8032568097,1
1263,1953,0.2917388082,2.664148569,1
1263,1985,NaN,NaN,2
1263,2017,NaN,NaN,2
1295,33,-1.725562334,0.2889276743,1
1295,65,-3.063290596,0.1962716281,1
1295,97,-3.914773941,0.8695179224,1
1295,129,-4.190292358,1.63444376,1
1295,161,-2.471553802,0.8089409471,1
1295,193,-3.892888546,0.247160241,1
1295,225,-3.754155159,-0.4913886189,1
1295,257,-4.20304966,-0.4118223786,1
1295,289,-4.764726639,-2.448459148,1
1295,321,-4.29253006,-0.9624165893,1
1295,353,-1.391235352,0.2564800382,1
1295,385,-2.653542995,0.1358832419,1
1295,417,NaN,NaN,2
1295,449,-3.271309614,1.632089734,1
1295,481,-3.371210575,1.358513355,1
1295,513,-3.123475313,2.27674675,1
1295,545,-2.96765852,1.303596616,1
1295,577,-3.153969049,1.33392334,1
1295,609,-1.933037758,0.03056502342,1
1295,641,-0.7952984571,0.6663101912,1
1295,673,-1.269569516,1.435238361,1
1295,705,-2.375712395,2.938948393,1
1295,737,-2.508615017,0.08179050684,1
1295,769,-2.268167019,-0.4928543568,1
1295,801,NaN,NaN,2
1295,833,-4.79774189,-0.5818670988,1
1295,865,-3.931107044,-1.697890401,1
1295,897,NaN,NaN,2
1295,929,-1.054139614,-2.706216097,1
1295,961,-1.074327588,-1.109865427,1
1295,993,0.3520519733,-1.56812489,1
1295,1025,-0.08577251434,-3.520856857,1
1295,1057,-3.590183735,-2.69243741,1
1295,1089,0.152990222,-2.5882442,1
1295,1121,-0.7287473679,-5.348226547,1
1295,1153,NaN,NaN,2
1295,1185,NaN,NaN,2
1295,1217,-0.8596628904,-9.212587357,1
1295,1249,-0.8508071303,-6.35756588,1
1295,1281,-0.255802393,-4.71799469,1
1295,1313,0.1269595623,-0.7024903297,1
1295,1345,0.4041676521,-3.507888794,1
1295,1377,0.3929635286,-3.988295555,1
1295,1409,0.7844977379,-2.885775089,1
1295,1441,0.07891994715,-1.314321756,1
1295,1473,-1.433324337,-1.457971215,1
1295,1505,-2.513387918,-1.14471817,1
1295,1537,-2.780926704,-0.2828031778,1
1295,1569,-3.093577862,-2.066011429,1
1295,1601,NaN,NaN,2
1295,1633,-0.3408892155,-2.386673927,1
1295,1665,NaN,NaN,2
1295,1697,0.03917588294,-0.3447633982,1
1295,1729,-0.1079262197,-0.2784353495,1
1295,1761,-0.2083554864,-1.152963996,1
1295,1793,1.261389732,-1.472954988,1
1295,1825,NaN,NaN,2
1295,1857,0.3418371379,0.5870367885,1
1295,1889,0.373352468,0.4804695249,1
1295,1921,0.2923584282,0.7816058993,1
1295,1953,-0.02859896421,1.006014347,1
1295,1985,NaN,NaN,2
1295,2017,-0.0221401453,-0.9888121486,1
1327,33,-2.64485836,0.08882594109,1
1327,65,-3.25383997,0.2388117164,1
1327,97,-3.585094213,1.251746655,1
1327,129,-3.993649483,1.819159865,1
1327,161,-3.465600491,0.5928308964,1
1327,193,-3.705841064,0.1815404296,1
1327,225,-3.946609497,-0.06137636304,1
1327,257,-3.358026028,-0.01576399803,1
1327,289,-2.516798973,-0.692702055,1
1327,321,NaN,NaN,2
1327,353,NaN,NaN,2
1327,385,NaN,NaN,2
1327,417,NaN,NaN,2
1327,449,NaN,NaN,2
1327,481,-7.50461483,1.53085196,1
1327,513,-5.810091019,1.433048725,1
1327,545,-3.357314348,0.6913122535,1
1327,577,-1.902805805,-0.07847946882,1
1327,609,0.1137270927,0.2509324551,1
1327,641,NaN,NaN,2
1327,673,-1.988805413,1.068122268,1
1327,705,-2.264610291,1.262598753,1
1327,737,-1.005664349,-1.565217972,1
1327,769,0.332382679,-2.26246357,1
1327,801,NaN,NaN,2
1327,833,NaN,NaN,2
1327,865,NaN,NaN,2
1327,897,-2.871602058,-1.112236142,1
1327,929,-1.730489969,-2.418870449,1
1327,961,-1.549916387,-1.322784424,1
1327,993,-1.406760931,-0.8697265387,1
1327,1025,-0.8906519413,-2.025413513,1
1327,1057,-3.07841754,-1.903258801,1
1327,1089,-2.525068283,-2.666154146,1
1327,1121,-1.532085419,-3.532848835,1
1327,1153,-0.8628556728,-3.729501009,1
1327,1185,-0.8457531929,-1.761996269,1
1327,1217,NaN,NaN,2
1327,1249,NaN,NaN,2
1327,1281,-1.242359638,-3.691822529,1
1327,1313,NaN,NaN,2
1327,1345,-0.6484928131,-4.765357494,1
1327,1377,-0.2277888209,-4.851163864,1
1327,1409,1.402425766,-1.780901432,1
1327,1441,2.559638739,-0.4852377176,1
1327,1473,-0.4261302948,0.6748127937,1
1327,1505,-1.950101733,-0.0732460022,1
1327,1537,-2.123403788,-2.61164856,1
1327,1569,NaN,NaN,2
1327,1601,NaN,NaN,2
1327,1633,-0.1900145561,-3.26246357,1
1327,1665,0.4228884578,-2.782564163,1
1327,1697,-0.07632642984,-0.4561200142,1
1327,1729,-0.2311604768,0.0354578644,1
1327,1761,0.1791674197,-0.5630062819,1
1327,1793,0.4307970405,-1.683161139,1
1327,1825,0.07086127996,-1.717972279,1
1327,1857,0.9953654408,0.4347174764,1
1327,1889,0.7455334663,0.8073953986,1
1327,1921,-0.4945045114,0.2458640933,1
1327,1953,-0.09095782042,-0.1444868743,1
1327,1985,-0.3905541301,-0.08472204208,1
1327,2017,-0.2731517553,-0.7451628447,1
1359,33,-2.739260674,0.2842385173,1
1359,65,-4.424856186,-0.07385947555,1
1359,97,-3.802662849,0.286583662,1
1359,129,-4.035597801,1.932830572,1
1359,161,-5.350369453,-0.2256395817,1
1359,193,-3.895869732,-1.806527257,1
1359,225,-3.873598576,-0.1444967389,1
1359,257,-3.080872536,0.2428148985,1
1359,289,-3.689356327,2.021777153,1
1359,321,-4.930312157,1.545473814,1
1359,353,NaN,NaN,2
1359,385,NaN,NaN,2
1359,417,-6.984478474,-0.02756503224,1
1359,449,-7.945796013,0.1433144808,1
1359,481,NaN,NaN,2
1359,513,-4.047473907,2.526554585,1
1359,545,NaN,NaN,2
1359,577,-2.234371901,-1.258011341,1
1359,609,-0.6051425934,0.1760300398,1
1359,641,-1.929878473,2.798604965,1
1359,673,-1.602554679,0.7665483356,1
1359,705,-1.369101644,0.3152905703,1
1359,737,-1.175172329,-0.3181466162,1
1359,769,0.1555036306,-0.3017516136,1
1359,801,0.06865644455,0.3640269637,1
1359,833,0.7668364048,2.840761662,1
1359,865,0.3801717162,1.656271696,1
1359,897,-1.303591847,-0.2650669813,1
1359,929,-5.723119736,-1.192848682,1
1359,961,NaN,NaN,2
1359,993,-1.024834394,-0.3145338893,1
1359,1025,-3.489484072,-0.1759341955,1
1359,1057,-3.7435112,-0.8263492584,1
1359,1089,-3.433169603,-2.35959506,1
1359,1121,-2.15288496,-2.805888653,1
1359,1153,-1.326085091,-2.422380686,1
1359,1185,-1.015818954,-1.358062506,1
1359,1217,-1.710015774,-1.257758617,1
1359,1249,-2.239453793,-1.422574043,1
1359,1281,-3.968077421,-5.886079788,1
1359,1313,-3.076821327,-5.364812374,1
1359,1345,-1.421972036,-4.453265667,1
1359,1377,-0.4666440487,-3.370316029,1
1359,1409,0.5728867054,-1.244655132,1
1359,1441,2.43800354,0.05383265018,1
1359,1473,0.8457140326,-0.7429636717,1
1359,1505,NaN,NaN,2
1359,1537,NaN,NaN,2
1359,1569,NaN,NaN,2
1359,1601,NaN,NaN,2
1359,1633,0.6642457247,-3.724057198,1
1359,1665,0.7877463698,-2.693772554,1
1359,1697,0.5590820312,0.8635573983,1
1359,1729,0.3861330748,0.6049617529,1
1359,1761,1.236016273,-0.164116472,1
1359,1793,1.116085291,-1.215315461,1
1359,1825,0.5727801919,-1.583775282,1
1359,1857,0.4331920147,0.4907405376,1
1359,1889,0.1961427033,0.7184445858,1
1359,1921,-1.522248149,0.3414503038,1
1359,1953,NaN,NaN,2
1359,1985,NaN,NaN,2
1359,2017,-0.2239490151,-0.4098459482,1
1391,33,-2.548130035,0.3102423847,1
1391,65,-3.705707312,-2.47526598,1
1391,97,-4.306494713,-0.3650842309,1
1391,129,-4.839053631,0.1416192055,1
1391,161,-6.197055817,-1.771234035,1
1391,193,NaN,NaN,2
1391,225,NaN,NaN,2
1391,257,NaN,NaN,2
1391,289,-3.846343994,2.333259106,1
1391,321,-3.517832518,2.897851944,1
1391,353,NaN,NaN,2
1391,385,-2.281312943,-0.2376990914,1
1391,417,NaN,NaN,2
1391,449,NaN,NaN,2
1391,481,NaN,NaN,2
1391,513,NaN,NaN,2
1391,545,NaN,NaN,2
1391,577,NaN,NaN,2
1391,609,-14.11846924,4.191588879,1
1391,641,NaN,NaN,2
1391,673,-1.505669832,0.199623704,1
1391,705,-0.9535962343,0.2757835686,1
1391,737,-0.7669287324,-0.3813592196,1
1391,769,-0.3946801424,0.1054805517,1
1391,801,-1.029953957,0.08228804171,1
1391,833,-1.056927204,1.370179892,1
1391,865,0.5664465427,0.515755713,1
1391,897,0.2391552925,0.7633827925,1
1391,929,NaN,NaN,2
1391,961,NaN,NaN,2
1391,993,NaN,NaN,2
1391,1025,NaN,NaN,2
1391,1057,-2.165590286,-1.274434328,1
1391,1089,-2.231274128,-1.862791777,1
1391,1121,NaN,NaN,2
1391,1153,-1.137087226,-2.536487341,1
1391,1185,-0.833086729,-1.797615886,1
1391,1217,-1.904437184,-1.408308268,1
1391,1249,-2.342195034,-1.698427439,1
1391,1281,-2.485822439,-3.024652243,1
1391,1313,-2.924581051,-6.80918026,1
1391,1345,-2.980903864,-4.282773018,1
1391,1377,-1.697675943,-1.473699808,1
1391,1409,-0.01741868258,-0.2841557264,1
1391,1441,0.3017341495,-0.395021081,1
1391,1473,-0.4955914021,-0.8881827593,1
1391,1505,NaN,NaN,2
1391,1537,NaN,NaN,2
1391,1569,NaN,NaN,2
1391,1601,1.67694819,-3.46292901,1
1391,1633,1.66173172,-3.951267004,1
1391,1665,0.9809024334,-2.56577611,1
1391,1697,0.1681756973,0.3451001942,1
1391,1729,NaN,NaN,2
1391,1761,NaN,NaN,2
1391,1793,2.604941845,0.04617613554,1
1391,1825,1.049694061,0.1834544092,1
1391,1857,2.572460651,0.4993813336,1
1391,1889,0.1006762981,0.4673859775,1
1391,1921,NaN,NaN,2
1391,1953,NaN,NaN,2
1391,1985,NaN,NaN,2
1391,2017,-0.5871747136,0.1138423383,1
1423,33,-3.780642986,0.1819730401,1
1423,65,-3.903501272,-2.404701233,1
1423,97,-5.463193417,-0.2894983888,1
1423,129,-4.712357998,-1.418890953,1
1423,161,-4.955674171,-1.531869173,1
1423,193,-5.260298729,-1.015466213,1
1423,225,NaN,NaN,2
1423,257,NaN,NaN,2
1423,289,-2.893984795,1.220718622,1
1423,321,-4.077809811,1.960848808,1
1423,353,-4.241513252,1.661922932,1
1423,385,-2.888586998,1.072761893,1
1423,417,-3.857114792,1.503160238,1
1423,449,NaN,NaN,2
1423,481,NaN,NaN,2
1423,513,NaN,NaN,2
1423,545,NaN,NaN,2
1423,577,NaN,NaN,2
1423,609,NaN,NaN,2
1423,641,NaN,NaN,2
1423,673,-1.065633059,0.05466327071,1
1423,705,-0.2632256746,-0.2899209261,1
1423,737,0.3130222559,-0.6330077648,1
1423,769,0.7064639926,-0.4902870655,1
1423,801,-2.665669441,0.8313984871,1
1423,833,NaN,NaN,2
1423,865,NaN,NaN,2
1423,897,-1.734903097,1.806421161,1
1423,929,-1.374464393,1.600791693,1
1423,961,-0.668466568,1.064231634,1
1423,993,0.8690283298,1.942233324,1
1423,1025,0.6701061726,0.6154860258,1
1423,1057,-1.586426973,-1.141887307,1
1423,1089,-1.502189159,-1.195493937,1
1423,1121,-0.6456017494,-2.214756489,1
1423,1153,0.2684959173,-1.028940439,1
1423,1185,-1.135756731,-1.898439527,1
1423,1217,-3.227908611,-4.457690716,1
1423,1249,-2.356055737,-2.182369471,1
1423,1281,-1.864246845,-2.696714878,1
1423,1313,-1.945736766,-5.27515173,1
1423,1345,-1.834487796,-2.8622756,1
1423,1377,-0.6763097048,-0.6560012102,1
1423,1409,0.107450664,-0.5260971189,1
1423,1441,1.005325794,0.2216514945,1
1423,1473,-0.003879725933,-0.5756906271,1
1423,1505,-1.478982091,-1.790786505,1
1423,1537,-1.079902172,-2.182350636,1
1423,1569,-0.5919365883,-1.890292168,1
1423,1601,-0.01613053679,-1.356389999,1
1423,1633,1.035639524,-2.119900465,1
1423,1665,NaN,NaN,2
1423,1697,2.737064362,0.3223371506,1
1423,1729,4.407002449,0.7129642963,1
1423,1761,4.504869461,-0.4742603302,1
1423,1793,4.21197319,-0.6654298306,1
1423,1825,1.352284193,-0.2385875583,1
1423,1857,0.3966830969,0.1300745904,1
1423,1889,0.3448994458,0.6644870043,1
1423,1921,0.5550922751,1.325263619,1
1423,1953,0.5202706456,3.297080994,1
1423,1985,0.4808533788,0.1152551919,1
1423,2017,0.4273889065,0.1236923933,1
1455,33,-5.185256481,0.08032637835,1
1455,65,-3.649533033,0.1150296554,1
1455,97,-2.687609196,0.005957834423,1
1455,129,-1.950850964,-0.5541276336,1
1455,161,-1.785474777,-1.158384442,1
1455,193,NaN,NaN,2
1455,225,-5.765544415,-2.470872641,1
1455,257,-4.722002506,-1.563191772,1
1455,289,-3.749399662,-1.342590332,1
1455,321,NaN,NaN,2
1455,353,NaN,NaN,2
1455,385,-2.984802246,1.368836284,1
1455,417,-3.507247925,1.655369759,1
1455,449,NaN,NaN,2
1455,481,NaN,NaN,2
1455,513,NaN,NaN,2
1455,545,NaN,NaN,2
1455,577,NaN,NaN,2
1455,609,NaN,NaN,2
1455,641,NaN,NaN,2
1455,673,-1.187488437,-0.4314846396,1
1455,705,-0.3894199133,-1.465136409,1
1455,737,0.06436380744,-1.201209426,1
1455,769,2.610290289,-0.5361894965,1
1455,801,NaN,NaN,2
1455,833,NaN,NaN,2
1455,865,-0.6575859189,0.05893748999,1
1455,897,0.08330565691,2.438557148,1
1455,929,-0.8077270985,2.969341755,1
1455,961,-0.5740135908,-0.05317473412,1
1455,993,0.3844383955,1.019399524,1
1455,1025,NaN,NaN,2
1455,1057,-1.12612009,-2.343464136,1
1455,1089,-0.9539393783,-2.292264223,1
1455,1121,1.088912964,-1.720546246,1
1455,1153,NaN,NaN,2
1455,1185,NaN,NaN,2
1455,1217,NaN,NaN,2
1455,1249,NaN,NaN,2
1455,1281,-0.8102529049,-4.072664738,1
1455,1313,-0.5463839769,-2.842012882,1
1455,1345,-0.938616991,-1.956660151,1
1455,1377,-0.9695928097,-0.6905106306,1
1455,1409,-0.7925445437,0.05097275972,1
1455,1441,-0.1440983415,-0.6021383405,1
1455,1473,0.005627065897,-0.7831114531,1
1455,1505,-0.8012267351,-1.895063877,1
1455,1537,-0.8779890537,-2.480403662,1
1455,1569,-0.6443700194,-2.539874554,1
1455,1601,-1.062990308,-0.6244320869,1
1455,1633,0.7554210424,-0.1931387186,1
1455,1665,NaN,NaN,2
1455,1697,2.783991814,1.473539352,1
1455,1729,3.747397423,0.5190785527,1
1455,1761,4.575965881,-0.8142953515,1
1455,1793,1.430829525,-2.846074104,1
1455,1825,-0.1684006453,-2.704950809,1
1455,1857,-1.174002528,-1.046005487,1
1455,1889,1.024082065,0.1350423694,1
1455,1921,0.7540271282,1.169488072,1
1455,1953,0.3464102149,1.99395752,1
1455,1985,0.1639721543,0.0765054822,1
1455,2017,0.7492520809,-1.884981155,1
1487,33,-2.838512897,0.06910455227,1
1487,65,-3.0964396,2.399497271,1
1487,97,-2.998752594,1.83953619,1
1487,129,NaN,NaN,2
1487,161,NaN,NaN,2
1487,193,-5.898285389,0.5500555038,1
1487,225,-6.149062157,-1.466302395,1
1487,257,-5.622405052,-2.104714394,1
1487,289,-8.510816574,-0.6119306087,1
1487,321,-4.675344944,1.65735805,1
1487,353,-4.802400589,0.8773949146,1
1487,385,-4.79736042,0.8135339618,1
1487,417,-5.13880682,0.5745123029,1
1487,449,NaN,NaN,2
1487,481,NaN,NaN,2
1487,513,NaN,NaN,2
1487,545,NaN,NaN,2
1487,577,NaN,NaN,2
1487,609,NaN,NaN,2
1487,641,-1.494921446,-0.3623334169,1
1487,673,-1.358079314,-0.979133606,1
1487,705,-0.6836124659,-2.369766235,1
1487,737,-0.4731428623,-2.584572554,1
1487,769,-0.4079630971,-1.646025419,1
1487,801,NaN,NaN,2
1487,833,NaN,NaN,2
1487,865,-1.289951444,0.07069349289,1
1487,897,-0.09228086472,1.901891351,1
1487,929,-0.5793578029,1.756072521,1
1487,961,-1.218695998,-1.534931183,1
1487,993,NaN,NaN,2
1487,1025,NaN,NaN,2
1487,1057,-1.117495894,-3.374885559,1
1487,1089,-1.016488075,-3.979203224,1
1487,1121,NaN,NaN,2
1487,1153,NaN,NaN,2
1487,1185,NaN,NaN,2
1487,1217,NaN,NaN,2
1487,1249,NaN,NaN,2
1487,1281,-1.486090064,1.881363034,1
1487,1313,NaN,NaN,2
1487,1345,-0.783472538,-1.979842305,1
1487,1377,-1.065875292,-1.161649704,1
1487,1409,-1.261155367,-0.2151951194,1
1487,1441,-1.64914012,-0.5096441507,1
1487,1473,-0.599711895,-0.7616756558,1
1487,1505,0.8274276257,-1.305141449,1
1487,1537,NaN,NaN,2
1487,1569,NaN,NaN,2
1487,1601,-0.05943909287,-1.72175312,1
1487,1633,0.6628971696,-0.02317327261,1
1487,1665,2.134637833,1.623161435,1
1487,1697,1.920609713,1.605109572,1
1487,1729,2.081628323,-0.3796735704,1
1487,1761,3.417178154,-5.297891617,1
1487,1793,0.9426145554,-4.509440899,1
1487,1825,-0.3444283009,-4.720892429,1
1487,1857,NaN,NaN,2
1487,1889,1.445502162,0.8291944861,1
1487,1921,-1.127813578,0.256092906,1
1487,1953,-1.208163857,1.360872388,1
1487,1985,1.35964942,0.2459447533,1
1487,2017,3.944752693,-4.711967945,1
1519,33,-3.952788353,0.7106209397,1
1519,65,-4.843970299,0.476035744,1
1519,97,NaN,NaN,2
1519,129,-5.086966515,-0.05534720421,1
1519,161,-5.719927788,-1.40974164,1
1519,193,-5.898266792,-3.372923851,1
1519,225,-5.464713097,-0.7704639435,1
1519,257,-5.622771263,-2.389070272,1
1519,289,NaN,NaN,2
1519,321,NaN,NaN,2
1519,353,-5.006882191,-0.1194214821,1
1519,385,-5.117067337,0.3207914531,1
1519,417,-5.403188705,0.2498502284,1
1519,449,-6.484980583,0.209781006,1
1519,481,-4.99101305,0.7873692513,1
1519,513,NaN,NaN,2
1519,545,-1.451696157,-1.672343493,1
1519,577,-0.7950193882,-3.047512054,1
1519,609,NaN,NaN,2
1519,641,-1.642454386,-2.142328978,1
1519,673,-1.313874006,-2.095339537,1
1519,705,-0.03209161758,-1.469192624,1
1519,737,-0.5885170698,-1.523298144,1
1519,769,-1.009776711,-2.066895008,1
1519,801,-1.335391283,-2.787664652,1
1519,833,-1.358063102,-2.514710188,1
1519,865,NaN,NaN,2
1519,897,NaN,NaN,2
1519,929,NaN,NaN,2
1519,961,NaN,NaN,2
1519,993,-2.807632923,-4.147041321,1
1519,1025,NaN,NaN,2
1519,1057,-1.236825228,-3.525229692,1
1519,1089,-1.625801802,-3.506278038,1
1519,1121,NaN,NaN,2
1519,1153,NaN,NaN,2
1519,1185,-2.889698029,-2.917276621,1
1519,1217,0.3481087685,-1.558922529,1
1519,1249,0.8648710251,-1.699330211,1
1519,1281,NaN,NaN,2
1519,1313,NaN,NaN,2
1519,1345,-0.795909822,-1.784881711,1
1519,1377,-0.7960983515,-1.010715723,1
1519,1409,-0.7819104791,-0.8100921512,1
1519,1441,-1.004721403,-0.09183377028,1
1519,1473,-1.897320867,-0.206274271,1
1519,1505,0.06639477611,-0.6411134005,1
1519,1537,NaN,NaN,2
1519,1569,NaN,NaN,2
1519,1601,1.04886353,-1.245627642,1
1519,1633,1.965794325,-0.06034678221,1
1519,1665,2.35364747,3.167909384,1
1519,1697,0.8466561437,2.338266134,1
1519,1729,1.697234631,-2.949004889,1
1519,1761,2.482504606,-4.96296978,1
1519,1793,2.625166416,-3.37168932,1
1519,1825,0.4159067869,-3.803241253,1
1519,1857,-0.4757735133,-1.4356879,1
1519,1889,-0.7706993222,1.833980799,1
1519,1921,-3.308843851,-1.354065537,1
1519,1953,-4.315433979,1.677886724,1
1519,1985,-0.3201477528,0.2242921889,1
1519,2017,NaN,NaN,2
1551,33,-4.919705391,1.6968683,1
1551,65,-6.507663727,-0.146100536,1
1551,97,-5.554282188,-1.395346642,1
1551,129,-4.549665928,-2.404874802,1
1551,161,-6.831374645,-3.729660511,1
1551,193,-5.805594444,-2.840395212,1
1551,225,-5.015627384,-1.073677778,1
1551,257,NaN,NaN,2
1551,289,NaN,NaN,2
1551,321,NaN,NaN,2
1551,353,-5.303456306,-1.028178334,1
1551,385,-5.368585587,-0.7392024994,1
1551,417,-5.737994671,-0.122400254,1
1551,449,-6.676389694,0.5509301424,1
1551,481,-5.354910374,0.6181737185,1
1551,513,-3.029261112,0.07729062438,1
1551,545,-2.259766579,-1.214919806,1
1551,577,-1.308789492,-3.35191679,1
1551,609,-2.590124846,-3.236007214,1
1551,641,-2.04155159,-1.717909455,1
1551,673,-0.8669881821,-2.38324976,1
1551,705,NaN,NaN,2
1551,737,0.6667686105,-1.798350334,1
1551,769,-0.2157289684,-1.919753075,1
1551,801,-1.127742767,-2.489009619,1
1551,833,-1.285846233,-2.262722731,1
1551,865,-1.133891344,-1.91149354,1
1551,897,-0.5015091896,-1.682756305,1
1551,929,-0.2523577213,-1.031931996,1
1551,961,-1.809893727,-4.223310471,1
1551,993,-1.241710186,-3.881212234,1
1551,1025,-0.9286074638,-5.229781628,1
1551,1057,-0.8669798374,-4.277515411,1
1551,1089,-1.036391497,-3.631855965,1
1551,1121,-0.6036536694,-2.695084572,1
1551,1153,0.7083829641,0.02411746979,1
1551,1185,1.838671684,-1.646222234,1
1551,1217,NaN,NaN,2
1551,1249,-0.4759399891,-1.109721184,1
1551,1281,-0.6195756793,-1.846313715,1
1551,1313,-0.8416930437,-1.979516745,1
1551,1345,-0.7833534479,-0.5312863588,1
1551,1377,-0.7746592164,-0.3925615549,1
1551,1409,-0.9290928841,-0.1631569862,1
1551,1441,-1.456787109,-0.06398257613,1
1551,1473,-2.434592724,-0.1416306496,1
1551,1505,-0.6968853474,-0.1589919329,1
1551,1537,2.799612045,-0.8437883854,1
1551,1569,0.7247353792,-2.895289421,1
1551,1601,-0.1954264045,-3.562798977,1
1551,1633,-0.06045949459,-2.734459877,1
1551,1665,-0.1184316874,0.750672698,1
1551,1697,-0.4965168238,0.1548043787,1
1551,1729,NaN,NaN,2
1551,1761,-0.5212498903,-1.748161554,1
1551,1793,-0.1424417496,0.09073370695,1
1551,1825,-1.119787812,-0.6769053936,1
1551,1857,NaN,NaN,2
1551,1889,NaN,NaN,2
1551,1921,NaN,NaN,2
1551,1953,NaN,NaN,2
1551,1985,NaN,NaN,2
1551,2017,-0.6589860916,-1.394270897,1
1583,33,-5.187945843,1.417158723,1
1583,65,-6.240823269,-0.1462773383,1
1583,97,-6.349796295,-1.596096873,1
1583,129,-5.36046648,-2.951501846,1
1583,161,-6.025072575,-3.841177225,1
1583,193,-5.826805115,-2.385248661,1
1583,225,-5.150662422,-1.42678678,1
1583,257,-5.791348934,-2.110268116,1
1583,289,-5.46736002,-0.2740986347,1
1583,321,-5.449034691,-2.893191099,1
1583,353,-5.483319283,-4.368454933,1
1583,385,-5.813344955,-1.964288831,1
1583,417,-5.653663635,-0.8965197802,1
1583,449,-5.490068913,-0.5159744024,1
1583,481,-4.457528114,-0.9288764,1
1583,513,-2.970084667,-0.06522347033,1
1583,545,-2.233512878,0.2029837817,1
1583,577,-1.948985815,-1.421553254,1
1583,609,-1.001143575,-1.289366961,1
1583,641,-0.7765927911,-0.3334531784,1
1583,673,-0.7643349767,-1.342349887,1
1583,705,-1.093212128,-1.621439695,1
1583,737,0.1445914209,-1.241445065,1
1583,769,-0.1813983619,-1.560481191,1
1583,801,-0.7382383943,-1.92822504,1
1583,833,-1.286005139,-1.621106625,1
1583,865,-2.44697547,-1.510624409,1
1583,897,-1.869553924,-1.432600617,1
1583,929,-1.912170529,-2.98538065,1
1583,961,-4.295036316,-3.906576395,1
1583,993,-2.001415014,-3.607672215,1
1583,1025,-0.0526714325,-2.262919903,1
1583,1057,NaN,NaN,2
1583,1089,NaN,NaN,2
1583,1121,-1.654372215,1.257000327,1
1583,1153,0.7972376347,0.03057789803,1
1583,1185,0.2842350006,-0.3415321112,1
1583,1217,-1.411092043,-0.6911236048,1
1583,1249,-1.438974857,-0.9212337136,1
1583,1281,-0.7887603045,-0.7611497045,1
1583,1313,-0.9150239825,-0.04696834087,1
1583,1345,-0.6666053534,-0.1310586631,1
1583,1377,-0.3330303431,0.3147636652,1
1583,1409,-0.8169371486,0.1428463757,1
1583,1441,-1.053443551,-0.003457888961,1
1583,1473,-0.7486280799,-0.9915245771,1
1583,1505,-0.2372965515,-0.1168788671,1
1583,1537,0.5141037107,-0.5188683271,1
1583,1569,-0.2692875862,-3.416485071,1
1583,1601,-0.4339472353,-4.818906307,1
1583,1633,NaN,NaN,2
1583,1665,-0.6353386641,-0.7724552751,1
1583,1697,-2.001216173,0.08391262591,1
1583,1729,-3.582323551,0.4392873347,1
1583,1761,-3.295760393,-0.08903080225,1
1583,1793,-2.252695799,1.912515879,1
1583,1825,-1.727600217,2.330892086,1
1583,1857,NaN,NaN,2
1583,1889,NaN,NaN,2
1583,1921,NaN,NaN,2
1583,1953,-0.0903788805,3.150941133,1
1583,1985,-0.4234027863,1.423907042,1
1583,2017,0.06219497323,0.03125506639,1
1615,33,-3.583330154,0.4305229187,1
1615,65,-4.678316593,-0.05006810278,1
1615,97,-6.689460754,-0.7890470028,1
1615,129,-5.969954014,-1.686620474,1
1615,161,-5.6531744,-5.000699997,1
1615,193,-5.782747746,-4.167961121,1
1615,225,-5.624319553,-2.073927164,1
1615,257,-5.868445873,-0.8399105072,1
1615,289,NaN,NaN,2
1615,321,-3.797694206,-0.7402623296,1
1615,353,-6.098202705,-3.09053278,1
1615,385,-6.462613106,-2.185875654,1
1615,417,-6.013014317,-1.388586044,1
1615,449,-4.601011753,-1.72772193,1
1615,481,-3.208965778,-1.130610585,1
1615,513,-1.901823521,2.455139875,1
1615,545,-0.7600257397,3.046941519,1
1615,577,-0.2403956652,0.08848881721,1
1615,609,0.653059423,-1.007425547,1
1615,641,0.7755725384,-0.8269771338,1
1615,673,0.2343732417,-2.267489433,1
1615,705,0.006872594357,-2.261863232,1
1615,737,-0.1928744912,0.04346191883,1
1615,769,NaN,NaN,2
1615,801,NaN,NaN,2
1615,833,NaN,NaN,2
1615,865,-1.439554811,-1.008517861,1
1615,897,-2.302000523,-1.267294765,1
1615,929,-2.132423639,-1.576682568,1
1615,961,-1.459922433,-2.844482422,1
1615,993,-1.12076354,-2.688336849,1
1615,1025,NaN,NaN,2
1615,1057,NaN,NaN,2
1615,1089,-2.488710403,-1.205836177,1
1615,1121,-2.550486088,-1.869107246,1
1615,1153,-2.257377386,-1.621282458,1
1615,1185,NaN,NaN,2
1615,1217,-0.4746236801,0.3584214449,1
1615,1249,-1.398318529,-0.5765007734,1
1615,1281,-0.7953556776,-0.6550302505,1
1615,1313,-1.212080002,-0.1002513766,1
1615,1345,-0.7963206768,-0.1023820639,1
1615,1377,-0.4423292279,0.6530953646,1
1615,1409,-0.4650046229,0.250931263,1
1615,1441,-0.2771418095,-0.3267809749,1
1615,1473,-1.254998684,-0.6909709573,1
1615,1505,-1.997533083,0.122712791,1
1615,1537,-1.309139013,0.3157717288,1
1615,1569,-0.1531574726,-0.6840310097,1
1615,1601,-0.3444902301,-0.6722242832,1
1615,1633,-1.584420919,-0.3138188124,1
1615,1665,-1.554169893,-0.3821358085,1
1615,1697,-2.587172985,0.3169406354,1
1615,1729,-5.500605106,1.52998364,1
1615,1761,NaN,NaN,2
1615,1793,-1.520680428,0.08555349708,1
1615,1825,-1.731997013,3.55800128,1
1615,1857,-0.3620486259,1.00166297,1
1615,1889,NaN,NaN,2
1615,1921,NaN,NaN,2
1615,1953,1.177926779,1.804901719,1
1615,1985,0.2849826813,0.7273621559,1
1615,2017,0.2217499614,-1.016624331,1
1647,33,-2.344590187,0.1467738152,1
1647,65,-3.601436138,0.06099330261,1
1647,97,NaN,NaN,2
1647,129,NaN,NaN,2
1647,161,NaN,NaN,2
1647,193,-7.029159069,-1.499250174,1
1647,225,-6.182809353,-1.818309546,1
1647,257,-6.639698029,-0.9584542513,1
1647,289,-6.523434162,2.045358181,1
1647,321,-5.534841061,-0.07727113366,1
1647,353,-7.919404984,-1.337722778,1
1647,385,-7.400270462,-2.003786802,1
1647,417,-6.473085403,-1.473952889,1
1647,449,-3.927299976,-0.2946918011,1
1647,481,-1.547758341,0.3954736888,1
1647,513,-0.1704308987,1.819551587,1
1647,545,1.345520735,1.67425251,1
1647,577,1.223732471,-0.3817385137,1
1647,609,1.568045855,-2.009398937,1
1647,641,1.603684545,-1.480275393,1
1647,673,2.05053401,-1.942108512,1
1647,705,1.98763299,-0.7876725793,1
1647,737,NaN,NaN,2
1647,769,-0.2243323624,-0.9585456848,1
1647,801,NaN,NaN,2
1647,833,NaN,NaN,2
1647,865,NaN,NaN,2
1647,897,-0.2751046419,-1.018415809,1
1647,929,-0.8051185608,-0.7699443102,1
1647,961,-0.8092272282,-1.819003582,1
1647,993,NaN,NaN,2
1647,1025,NaN,NaN,2
1647,1057,-4.864752769,-13.4080286,1
1647,1089,-3.457544804,-1.364395499,1
1647,1121,-3.453980923,-1.882143378,1
1647,1153,-2.816393852,-1.482937455,1
1647,1185,-1.455615997,-1.100176573,1
1647,1217,-0.7052130699,-0.5539736152,1
1647,1249,-1.420823455,-0.309491396,1
1647,1281,-1.652405858,-0.4693646431,1
1647,1313,-1.341987014,-1.468303442,1
1647,1345,-1.086968303,-1.648878694,1
1647,1377,-1.494910717,0.1890922338,1
1647,1409,-1.758284092,0.7468060255,1
1647,1441,-0.03032803535,-0.9477645755,1
1647,1473,-0.9241466522,0.005252629519,1
1647,1505,NaN,NaN,2
1647,1537,-0.4346522391,0.07177750766,1
1647,1569,0.1474023163,-0.2619307637,1
1647,1601,-0.03786113858,0.1977961659,1
1647,1633,-0.9010215998,-0.4250629842,1
1647,1665,-1.728530049,-0.1019914597,1
1647,1697,-1.62304163,-0.4779098332,1
1647,1729,-1.875088453,-0.4317835867,1
1647,1761,-1.814719081,-0.09324001521,1
1647,1793,NaN,NaN,2
1647,1825,NaN,NaN,2
1647,1857,NaN,NaN,2
1647,1889,NaN,NaN,2
1647,1921,-0.7142540812,0.5715227723,1
1647,1953,-1.513487101,0.5543774962,1
1647,1985,-0.1568762213,0.4105807841,1
1647,2017,NaN,NaN,2
1679,33,-3.795866013,0.1451830864,1
1679,65,-2.197865009,-0.02415032685,1
1679,97,NaN,NaN,2
1679,129,NaN,NaN,2
1679,161,-5.320035934,0.1969345808,1
1679,193,-6.493596554,-1.381971836,1
1679,225,-6.41587162,-1.825369477,1
1679,257,-6.665004253,-0.8052016497,1
1679,289,-8.168054581,1.720819354,1
1679,321,-6.946488857,0.08951890469,1
1679,353,-7.829163551,-0.2477471828,1
1679,385,-7.932988167,-0.4312641621,1
1679,417,-6.187561989,-0.2306156158,1
1679,449,-3.969444275,1.381694794,1
1679,481,-1.913391352,2.136305332,1
1679,513,-1.150811434,2.609583378,1
1679,545,0.6761983633,1.156864285,1
1679,577,1.598356128,-0.1279450059,1
1679,609,0.4182048142,-1.456240416,1
1679,641,0.5566453934,-0.8996931314,1
1679,673,0.7788289785,-0.7014128566,1
1679,705,1.153305888,-0.5203231573,1
1679,737,1.628073215,-0.6779865026,1
1679,769,0.2610961199,-0.2529720068,1
1679,801,0.4437007904,-0.2157794237,1
1679,833,1.938054681,-0.637861073,1
1679,865,0.2322384119,-2.269155264,1
1679,897,NaN,NaN,2
1679,929,-0.1670366526,-0.4812358618,1
1679,961,-0.4689828157,-1.580642939,1
1679,993,-1.820824385,-1.126192331,1
1679,1025,NaN,NaN,2
1679,1057,-2.610552788,-1.136437416,1
1679,1089,-2.853795528,-1.553600907,1
1679,1121,-2.789276123,-1.818821788,1
1679,1153,-2.681831598,-1.435707211,1
1679,1185,-2.148650646,-1.186326504,1
1679,1217,-2.502633333,-0.5302475095,1
1679,1249,-2.536795378,0.2110891938,1
1679,1281,-2.401761293,-0.5058940649,1
1679,1313,-1.650943279,-2.653483152,1
1679,1345,NaN,NaN,2
1679,1377,0.2144703865,-0.456366986,1
1679,1409,0.637871623,0.6136553288,1
1679,1441,-0.0638821125,2.016812563,1
1679,1473,0.03481963277,2.608058453,1
1679,1505,NaN,NaN,2
1679,1537,-0.7774962187,-0.03017993271,1
1679,1569,1.314691901,-0.2347888947,1
1679,1601,0.7075008154,-0.618142426,1
1679,1633,-0.6954972744,0.4209391475,1
1679,1665,-3.602745533,0.143843025,1
1679,1697,-0.3497006893,-0.6837550998,1
1679,1729,-0.6842210293,-0.768432498,1
1679,1761,-0.8331208229,-0.8993346691,1
1679,1793,-1.103140354,-1.024778605,1
1679,1825,-0.6823705435,-1.25983572,1
1679,1857,-0.4854393601,-1.391612291,1
1679,1889,-1.022824407,-0.4632099867,1
1679,1921,NaN,NaN,2
1679,1953,NaN,NaN,2
1679,1985,-0.603061676,0.2360583842,1
1679,2017,-0.6992092133,-1.247853041,1
1711,33,-2.430381775,0.2832554579,1
1711,65,-2.012654305,0.1370357275,1
1711,97,NaN,NaN,2
1711,129,NaN,NaN,2
1711,161,-4.040247917,-0.9198563099,1
1711,193,NaN,NaN,2
1711,225,-6.555208683,-1.395755887,1
1711,257,-7.064709663,0.09624999762,1
1711,289,-7.964510441,1.278232098,1
1711,321,-6.879906178,0.3434641957,1
1711,353,-4.813079834,-0.4520916939,1
1711,385,-7.066517353,-1.930979848,1
1711,417,-8.410191536,-1.699117661,1
1711,449,-6.482289314,0.5673673153,1
1711,481,-4.875946522,1.663803577,1
1711,513,-4.088084698,4.203130722,1
1711,545,-0.8349905014,3.059160709,1
1711,577,NaN,NaN,2
1711,609,4.518268108,0.348741442,1
1711,641,4.08036232,-1.182212353,1
1711,673,2.291285515,-0.5222811699,1
1711,705,1.469402552,-0.4810036123,1
1711,737,0.8561612368,0.3633781075,1
1711,769,1.201344967,0.2203542292,1
1711,801,1.02664113,-0.2851538658,1
1711,833,0.01129549742,-1.117749214,1
1711,865,-0.2214174122,-2.454319,1
1711,897,NaN,NaN,2
1711,929,NaN,NaN,2
1711,961,-0.9787249565,-1.817146063,1
1711,993,-2.527500629,-1.574027658,1
1711,1025,-3.30789423,-1.08283031,1
1711,1057,-3.399645567,-1.449508905,1
1711,1089,-2.726569891,-2.185489178,1
1711,1121,-2.885552168,-4.007278442,1
1711,1153,-2.938832521,-1.679963827,1
1711,1185,NaN,NaN,2
1711,1217,-3.560483694,-0.7819399238,1
1711,1249,-5.294246674,0.3629996181,1
1711,1281,NaN,NaN,2
1711,1313,NaN,NaN,2
1711,1345,-2.019342899,-3.135462284,1
1711,1377,-1.766376734,-1.361328244,1
1711,1409,-2.646635056,-0.4263374805,1
1711,1441,-0.3802778721,1.763829231,1
1711,1473,1.119983435,2.70957756,1
1711,1505,-1.480189323,0.1998600364,1
1711,1537,-1.811603069,0.1380230486,1
1711,1569,0.3458312154,0.2440146804,1
1711,1601,0.5716760159,1.043956757,1
1711,1633,-0.3359005451,1.239824414,1
1711,1665,-1.49319315,0.691960156,1
1711,1697,-0.4527673125,0.09753090143,1
1711,1729,0.2995397449,-0.6867158413,1
1711,1761,-0.06804943085,-2.2635777,1
1711,1793,-1.759378791,-1.495254874,1
1711,1825,-0.8358279467,-1.271589041,1
1711,1857,NaN,NaN,2
1711,1889,-0.442139864,-0.1533153206,1
1711,1921,-0.5844823718,-0.1125804037,1
1711,1953,-0.4421153069,0.5144302845,1
1711,1985,-0.8743190169,0.1602187902,1
1711,2017,-0.9231591225,-0.3888463974,1
1743,33,-0.612903595,0.3848173618,1
1743,65,1.446791649,0.417804122,1
1743,97,NaN,NaN,2
1743,129,NaN,NaN,2
1743,161,NaN,NaN,2
1743,193,NaN,NaN,2
1743,225,NaN,NaN,2
1743,257,-6.802443504,0.6512032747,1
1743,289,-6.835299492,0.9121782184,1
1743,321,-7.099202156,-0.3749755323,1
1743,353,-6.973556519,-1.107691169,1
1743,385,-10.24464035,-2.170508862,1
1743,417,-10.23571396,-2.066080093,1
1743,449,-9.249913216,-0.1842064857,1
1743,481,-9.113201141,3.162350655,1
1743,513,-7.307538509,5.173977852,1
1743,545,NaN,NaN,2
1743,577,NaN,NaN,2
1743,609,5.318725109,1.137615323,1
1743,641,0.7197524309,2.268985748,1
1743,673,1.09694767,-0.1724400818,1
1743,705,1.355542421,0.1613256484,1
1743,737,0.07099115849,0.6570270061,1
1743,769,2.364595413,0.4060865045,1
1743,801,2.216791153,-0.4409786463,1
1743,833,-0.3968076706,-0.890342474,1
1743,865,-0.8838012218,-1.421383142,1
1743,897,-1.398704767,-1.64954102,1
1743,929,-1.296446562,-1.114282012,1
1743,961,-1.030320168,-0.4350316525,1
1743,993,-1.64656806,-1.853776336,1
1743,1025,-4.177071571,-2.218587875,1
1743,1057,-3.705363035,-1.93136692,1
1743,1089,-3.200813293,-2.012181044,1
1743,1121,-3.563128471,-4.22977972,1
1743,1153,-1.254592419,-2.341781139,1
1743,1185,-3.409553051,1.166831136,1
1743,1217,-2.712496042,-1.757884741,1
1743,1249,-2.336316586,-2.200783014,1
1743,1281,0.3763046265,-3.338444233,1
1743,1313,-1.287880778,-2.165266037,1
1743,1345,NaN,NaN,2
1743,1377,-1.165470958,-1.596190453,1
1743,1409,-1.531828403,-0.2533813119,1
1743,1441,-1.686509252,2.713788033,1
1743,1473,-1.246715188,2.965328693,1
1743,1505,-0.665409565,0.6621242166,1
1743,1537,-1.479191184,0.4226244092,1
1743,1569,0.1510827839,0.4468346834,1
1743,1601,0.5386724472,1.167945504,1
1743,1633,-0.2754333913,1.608838081,1
1743,1665,-0.6662017107,0.7585788965,1
1743,1697,-0.1105857491,0.3187297583,1
1743,1729,-0.1559600234,0.05592364073,1
1743,1761,-1.046084881,-0.494055301,1
1743,1793,-0.7648096681,-0.2510167956,1
1743,1825,-0.1148574352,0.8475339413,1
1743,1857,0.02446550131,0.3871789575,1
1743,1889,-0.1105524004,0.427695334,1
1743,1921,-0.2393420339,0.02145597339,1
1743,1953,0.7393776178,-0.02582895756,1
1743,1985,-0.598205328,0.3202340305,1
1743,2017,-0.1268648803,0.06476062536,1
1775,33,NaN,NaN,2
1775,65,-0.5905995369,0.1865099072,1
1775,97,NaN,NaN,2
1775,129,NaN,NaN,2
1775,161,NaN,NaN,2
1775,193,NaN,NaN,2
1775,225,NaN,NaN,2
1775,257,NaN,NaN,2
1775,289,-7.051711559,-0.5076501369,1
1775,321,-6.81360054,0.07809022069,1
1775,353,-7.114998817,-0.4261113405,1
1775,385,-8.010967255,-0.1139762998,1
1775,417,-9.099230766,-0.4994979501,1
1775,449,-11.0787468,0.2803224325,1
1775,481,-11.03936672,0.9103364944,1
1775,513,-10.42733002,2.926383972,1
1775,545,NaN,NaN,2
1775,577,NaN,NaN,2
1775,609,NaN,NaN,2
1775,641,1.615145445,0.7996519804,1
1775,673,1.090391517,-0.2675505877,1
1775,705,1.132568479,-2.495738745,1
1775,737,NaN,NaN,2
1775,769,NaN,NaN,2
1775,801,0.8430862427,-0.4217070341,1
1775,833,-0.1625647545,-1.261752367,1
1775,865,-1.3451159,-1.068336964,1
1775,897,NaN,NaN,2
1775,929,-3.273860455,-1.515315294,1
1775,961,-4.938874722,0.7142034769,1
1775,993,NaN,NaN,2
1775,1025,-3.395027637,-3.216003895,1
1775,1057,-3.386172056,-5.134438992,1
1775,1089,-3.661645889,-2.230825424,1
1775,1121,-3.820990086,-3.136207104,1
1775,1153,-3.145781517,-2.836548328,1
1775,1185,-3.63961935,-1.569675446,1
1775,1217,-1.76615572,-3.642722845,1
1775,1249,-1.937975883,-1.030820251,1
1775,1281,-1.321212053,-1.327738047,1
1775,1313,NaN,NaN,2
1775,1345,-0.8317506909,-2.513325691,1
1775,1377,-0.1789117455,-2.794901371,1
1775,1409,-0.2324915528,-0.2207820415,1
1775,1441,-1.614537716,2.582218409,1
1775,1473,NaN,NaN,2
1775,1505,NaN,NaN,2
1775,1537,-1.248693109,0.8509520292,1
1775,1569,-1.535610318,0.9192631841,1
1775,1601,-2.266446352,0.832495451,1
1775,1633,-0.732575357,1.005973697,1
1775,1665,-0.7811465263,0.342366755,1
1775,1697,-0.3432115316,-0.6741610169,1
1775,1729,-0.6020903587,-0.5824550986,1
1775,1761,-1.159423232,0.4614263177,1
1775,1793,-0.8048304915,0.03800584003,1
1775,1825,1.831853032,0.9352858663,1
1775,1857,1.036915898,1.072732449,1
1775,1889,-1.024828434,1.887933493,1
1775,1921,-0.7156702876,1.189469814,1
1775,1953,-0.7507401109,0.8530629873,1
1775,1985,-0.6462094188,1.59357214,1
1775,2017,0.4898965359,-0.2997989058,1
1807,33,-10.26971054,0.2410597801,1
1807,65,NaN,NaN,2
1807,97,NaN,NaN,2
1807,129,-8.282152176,0.5001928806,1
1807,161,NaN,NaN,2
1807,193,NaN,NaN,2
1807,225,NaN,NaN,2
1807,257,NaN,NaN,2
1807,289,NaN,NaN,2
1807,321,-6.358794212,0.1759651154,1
1807,353,-8.270519257,-2.019536734,1
1807,385,-7.851849079,-2.117273808,1
1807,417,-7.441495895,0.1721240282,1
1807,449,-7.170603275,0.6785359979,1
1807,481,-8.020252228,0.4758778811,1
1807,513,-8.983269691,0.9388999939,1
1807,545,-8.231761932,1.471306443,1
1807,577,NaN,NaN,2
1807,609,-0.5280040503,-0.5560370684,1
1807,641,0.598064959,-0.5845846534,1
1807,673,1.777211547,0.1611878872,1
1807,705,NaN,NaN,2
1807,737,-0.06950318813,1.607213974,1
1807,769,NaN,NaN,2
1807,801,1.055516601,0.7652506828,1
1807,833,-0.07682108879,-0.2043818831,1
1807,865,-1.479281783,-0.5211002231,1
1807,897,-0.7345969677,0.5815494061,1
1807,929,NaN,NaN,2
1807,961,NaN,NaN,2
1807,993,-7.274597168,-1.378608227,1
1807,1025,-5.815559387,-2.697014332,1
1807,1057,-3.173872232,-2.763596058,1
1807,1089,-3.363091707,-3.919658899,1
1807,1121,NaN,NaN,2
1807,1153,-2.109033108,-1.61200881,1
1807,1185,-3.453299999,-1.603432894,1
1807,1217,-1.369267464,-1.714070201,1
1807,1249,NaN,NaN,2
1807,1281,-1.583470464,-1.187789083,1
1807,1313,NaN,NaN,2
1807,1345,0.0464515686,-1.97358942,1
1807,1377,0.2130510807,-2.093571186,1
1807,1409,0.2034758329,-0.4808255434,1
1807,1441,NaN,NaN,2
1807,1473,NaN,NaN,2
1807,1505,NaN,NaN,2
1807,1537,-0.4690869749,0.1649514139,1
1807,1569,-0.02433556318,0.2968065739,1
1807,1601,-0.7053750753,0.2498630285,1
1807,1633,-0.5645056963,1.516783476,1
1807,1665,-1.533509135,0.8872004151,1
1807,1697,-1.011757255,-0.4172678888,1
1807,1729,-0.5861380696,-0.9222545624,1
1807,1761,-0.8487318754,-0.6203735471,1
1807,1793,-0.1104658842,0.6952072382,1
1807,1825,0.2926220894,0.78200984,1
1807,1857,-0.6988562346,1.029360294,1
1807,1889,NaN,NaN,2
1807,1921,-1.495530605,3.469846487,1
1807,1953,-1.165400028,1.597215772,1
1807,1985,-0.6415867805,3.132804871,1
1807,2017,0.004153728485,-1.337594986,1
1839,33,-7.306520462,0.06411170959,1
1839,65,NaN,NaN,2
1839,97,NaN,NaN,2
1839,129,NaN,NaN,2
1839,161,NaN,NaN,2
1839,193,-0.3106713295,1.205661774,1
1839,225,-2.533570766,0.7493093014,1
1839,257,-5.969750881,1.088800192,1
1839,289,-3.581214905,1.003574252,1
1839,321,-7.72643137,-1.178524375,1
1839,353,-8.259115219,-0.5112179518,1
1839,385,NaN,NaN,2
1839,417,-10.52418518,0.345939815,1
1839,449,NaN,NaN,2
1839,481,-6.724935532,0.7862738967,1
1839,513,-5.323932171,0.5234594345,1
1839,545,-10.75625229,-0.581233263,1
1839,577,-10.62113571,0.5156533718,1
1839,609,NaN,NaN,2
1839,641,0.2216018438,-2.586149693,1
1839,673,NaN,NaN,2
1839,705,NaN,NaN,2
1839,737,NaN,NaN,2
1839,769,1.565233946,2.28758955,1
1839,801,2.141144276,3.335633755,1
1839,833,0.2309741974,2.373393536,1
1839,865,-1.219529986,-0.104855746,1
1839,897,-1.676910162,-0.7383654118,1
1839,929,NaN,NaN,2
1839,961,-5.317803383,-2.725604057,1
1839,993,-5.331865788,-1.93464756,1
1839,1025,-4.899271965,-1.950087667,1
1839,1057,-3.641009092,-2.972047329,1
1839,1089,-3.238475084,-5.249928951,1
1839,1121,-3.159346819,-2.084176064,1
1839,1153,NaN,NaN,2
1839,1185,NaN,NaN,2
1839,1217,-0.185167551,0.2525588274,1
1839,1249,-1.542590261,-1.158760667,1
1839,1281,-1.128975272,-1.061619878,1
1839,1313,NaN,NaN,2
1839,1345,0.2528365552,-0.4079402685,1
1839,1377,0.1963716745,-0.4362646937,1
1839,1409,-0.07754288614,-0.2173470557,1
1839,1441,NaN,NaN,2
1839,1473,NaN,NaN,2
1839,1505,0.2254085541,-0.2606629729,1
1839,1537,0.05632054806,-0.5812764168,1
1839,1569,0.4639703035,-1.288110614,1
1839,1601,NaN,NaN,2
1839,1633,-0.5718963742,1.506606102,1
1839,1665,-1.880463123,1.614136338,1
1839,1697,-2.471299648,3.496136665,1
1839,1729,-0.9696376324,-1.22094655,1
1839,1761,-0.7074890137,-1.470998526,1
1839,1793,-0.6448948383,-0.006143391132,1
1839,1825,-2.286174774,-0.1636218429,1
1839,1857,-4.567035675,0.7713406682,1
1839,1889,-3.142932177,1.366971731,1
1839,1921,-0.9994390011,1.838674068,1
1839,1953,-0.8393630385,2.261553764,1
1839,1985,-0.4601552784,2.923924208,1
1839,2017,-0.397551775,-2.672915459,1
1871,33,-5.847705841,0.2849326134,1
1871,65,NaN,NaN,2
1871,97,-9.775667191,1.372036695,1
1871,129,-9.358751297,1.11768043,1
1871,161,-7.011530876,0.02086287737,1
1871,193,-1.445347309,0.8122078776,1
1871,225,-4.207639694,3.709409237,1
1871,257,-5.706330299,2.34066081,1
1871,289,-7.435366154,1.144313335,1
1871,321,NaN,NaN,2
1871,353,NaN,NaN,2
1871,385,-11.27870178,3.650583744,1
1871,417,-10.02529335,1.208109617,1
1871,449,-8.922302246,-0.4577922225,1
1871,481,-7.603430271,0.578871727,1
1871,513,NaN,NaN,2
1871,545,-14.89831161,-2.110575438,1
1871,577,-12.69420433,-0.9815759659,1
1871,609,NaN,NaN,2
1871,641,-1.6096313,-1.296527386,1
1871,673,-0.9787865877,0.9769542217,1
1871,705,NaN,NaN,2
1871,737,0.0987995863,0.6130040288,1
1871,769,1.214738607,2.991699219,1
1871,801,2.285590649,3.007285833,1
1871,833,1.119022727,1.67473197,1
1871,865,-0.3320313692,0.05160850286,1
1871,897,-2.109054565,-2.218510866,1
1871,929,-0.2972619534,-0.981965065,1
1871,961,NaN,NaN,2
1871,993,-3.976045132,-1.558939219,1
1871,1025,-3.724696875,-1.732483625,1
1871,1057,-6.480979919,-2.901478291,1
1871,1089,-7.514278412,-2.797142029,1
1871,1121,NaN,NaN,2
1871,1153,-5.685051918,-1.893322587,1
1871,1185,-4.702303886,-2.988324642,1
1871,1217,-1.500677228,-2.536194324,1
1871,1249,-1.020241022,-2.83997488,1
1871,1281,-0.3098026514,-1.756015658,1
1871,1313,-0.1218421459,0.09253776073,1
1871,1345,NaN,NaN,2
1871,1377,0.2207428962,0.3896738887,1
1871,1409,0.3404036164,0.2460386157,1
1871,1441,NaN,NaN,2
1871,1473,-1.482104063,0.2675120234,1
1871,1505,-1.763318539,-0.4181178808,1
1871,1537,-1.538423061,0.4876915812,1
1871,1569,-0.6339859962,-1.975670576,1
1871,1601,-1.039668798,0.568910718,1
1871,1633,-1.095754027,0.9894234538,1
1871,1665,-1.038695574,1.442722559,1
1871,1697,-1.693980455,2.916829109,1
1871,1729,-1.536981106,0.2299151421,1
1871,1761,NaN,NaN,2
1871,1793,NaN,NaN,2
1871,1825,-2.097308636,0.09893667698,1
1871,1857,-2.723026752,0.3863154054,1
1871,1889,-1.77917695,1.193745255,1
1871,1921,-1.229161739,1.398355365,1
1871,1953,-0.5288364887,1.968663812,1
1871,1985,-0.0504180789,0.4952739477,1
1871,2017,-0.3246440291,-3.83245945,1
1903,33,-5.670183659,0.5780379772,1
1903,65,NaN,NaN,2
1903,97,NaN,NaN,2
1903,129,NaN,NaN,2
1903,161,NaN,NaN,2
1903,193,-3.506766319,1.237704515,1
1903,225,-4.913581848,3.196439505,1
1903,257,-5.99516201,3.754901886,1
1903,289,-7.830432415,1.821258545,1
1903,321,NaN,NaN,2
1903,353,-8.592939377,0.9863605499,1
1903,385,NaN,NaN,2
1903,417,NaN,NaN,2
1903,449,-11.19639015,1.360274553,1
1903,481,-11.60511112,0.1173048615,1
1903,513,NaN,NaN,2
1903,545,NaN,NaN,2
1903,577,NaN,NaN,2
1903,609,NaN,NaN,2
1903,641,-1.700028658,0.7274699211,1
1903,673,NaN,NaN,2
1903,705,NaN,NaN,2
1903,737,1.057342052,0.1586726308,1
1903,769,1.395176768,3.787046432,1
1903,801,-1.146027446,2.802280426,1
1903,833,-1.595292449,1.771806359,1
1903,865,-4.240167618,1.110084772,1
1903,897,-3.77548027,2.259302616,1
1903,929,-2.801843643,-0.6043659449,1
1903,961,-3.760756731,-0.8353167176,1
1903,993,-3.941509724,-1.45725441,1
1903,1025,-3.807046175,-1.711494923,1
1903,1057,-5.736527443,-0.1007213593,1
1903,1089,-5.829174995,0.4938970804,1
1903,1121,NaN,NaN,2
1903,1153,NaN,NaN,2
1903,1185,-3.045684338,-2.879695892,1
1903,1217,-1.947516441,-1.601071835,1
1903,1249,-1.721199393,-3.659496784,1
1903,1281,-0.4062029123,-2.805492878,1
1903,1313,1.042166233,-0.4085187316,1
1903,1345,-0.6001671553,0.1321616173,1
1903,1377,-0.5602406263,0.8173834682,1
1903,1409,-0.9445121288,0.6108514071,1
1903,1441,NaN,NaN,2
1903,1473,-2.937489986,0.5064349771,1
1903,1505,-3.540224791,0.4600555301,1
1903,1537,-2.71999073,0.8657335639,1
1903,1569,-1.653894424,0.3302418888,1
1903,1601,-1.280937195,0.2952392101,1
1903,1633,-0.5407202244,0.6589926481,1
1903,1665,-0.5253236294,2.241828203,1
1903,1697,-1.104206681,3.054276466,1
1903,1729,-2.044906378,1.886489034,1
1903,1761,-2.722715378,2.836173534,1
1903,1793,-2.757248163,1.451558113,1
1903,1825,-2.323903322,0.8564170599,1
1903,1857,-2.391674042,0.02741777897,1
1903,1889,-2.594041824,1.009884834,1
1903,1921,-1.890092015,1.281814575,1
1903,1953,-1.654428363,1.345395446,1
1903,1985,0.5795772076,0.5033532381,1
1903,2017,0.516879797,-4.099633217,1
1935,33,-5.23638916,0.6970185041,1
1935,65,NaN,NaN,2
1935,97,NaN,NaN,2
1935,129,NaN,NaN,2
1935,161,NaN,NaN,2
1935,193,NaN,NaN,2
1935,225,-5.951706409,0.005976200104,1
1935,257,-6.311961174,3.61686182,1
1935,289,-7.982988358,3.23917222,1
1935,321,-9.389616013,3.049473047,1
1935,353,NaN,NaN,2
1935,385,NaN,NaN,2
1935,417,NaN,NaN,2
1935,449,-15.98117733,1.308842897,1
1935,481,-14.79040337,0.5811238289,1
1935,513,-10.94396591,1.297451138,1
1935,545,NaN,NaN,2
1935,577,NaN,NaN,2
1935,609,NaN,NaN,2
1935,641,-1.4454422,0.8976124525,1
1935,673,-2.507364035,1.302698493,1
1935,705,NaN,NaN,2
1935,737,-0.7574727535,0.2198427916,1
1935,769,-0.9380681515,3.050021648,1
1935,801,-2.687178373,2.710177898,1
1935,833,-1.827865958,2.165294647,1
1935,865,-3.178997278,1.919782877,1
1935,897,NaN,NaN,2
1935,929,-2.707438231,-0.288371563,1
1935,961,-3.396049738,-0.7823257446,1
1935,993,-4.995674133,-1.186899781,1
1935,1025,-4.564686775,-1.260886669,1
1935,1057,-3.451890707,-0.362596035,1
1935,1089,-3.14138031,-0.8410488367,1
1935,1121,-2.57874608,-1.333563805,1
1935,1153,-1.77696991,-0.1994382143,1
1935,1185,-1.413150191,-0.1080424786,1
1935,1217,-1.505943298,-0.8652410507,1
1935,1249,NaN,NaN,2
1935,1281,NaN,NaN,2
1935,1313,-0.1952642798,-0.3799889684,1
1935,1345,-0.6861552,0.1934528202,1
1935,1377,-0.6599514484,0.5510195494,1
1935,1409,-0.5110920668,0.9516626596,1
1935,1441,-1.902895212,1.391467094,1
1935,1473,-2.480128288,0.5803061724,1
1935,1505,-2.763332129,0.7767861485,1
1935,1537,-2.713639975,0.7231102586,1
1935,1569,-2.025657892,0.7054368854,1
1935,1601,-0.9738246202,0.5393487215,1
1935,1633,-0.5337293744,0.6027437449,1
1935,1665,-0.7315284014,0.8994715214,1
1935,1697,-1.240506172,2.168363333,1
1935,1729,-1.745382309,1.822887659,1
1935,1761,-3.392342567,1.879239321,1
1935,1793,-4.133869648,1.597919703,1
1935,1825,-2.602369785,0.2244389057,1
1935,1857,-1.800126553,-2.7576828,1
1935,1889,-1.764538288,0.4469204545,1
1935,1921,-2.087973118,1.118451118,1
1935,1953,-1.909503937,0.6122282743,1
1935,1985,0.03003178537,0.1860714257,1
1935,2017,1.854401827,-2.842560768,1
1967,33,-4.266537189,2.336684227,1
1967,65,NaN,NaN,2
1967,97,NaN,NaN,2
1967,129,NaN,NaN,2
1967,161,NaN,NaN,2
1967,193,NaN,NaN,2
1967,225,NaN,NaN,2
1967,257,NaN,NaN,2
1967,289,-8.908091545,4.413283348,1
1967,321,-8.947563171,4.487651348,1
1967,353,-6.809635639,2.443579674,1
1967,385,NaN,NaN,2
1967,417,NaN,NaN,2
1967,449,NaN,NaN,2
1967,481,NaN,NaN,2
1967,513,-11.62537384,1.270801663,1
1967,545,-11.53180313,5.154851437,1
1967,577,NaN,NaN,2
1967,609,-1.817510366,0.6833773255,1
1967,641,-1.553499341,0.02992546558,1
1967,673,NaN,NaN,2
1967,705,NaN,NaN,2
1967,737,-1.498515844,2.291435719,1
1967,769,NaN,NaN,2
1967,801,NaN,NaN,2
1967,833,NaN,NaN,2
1967,865,-2.014125824,-0.0005627274513,1
1967,897,-2.02197361,3.860461712,1
1967,929,-1.993785858,0.07482087612,1
1967,961,-3.50815177,-0.1978467107,1
1967,993,-4.12016964,-0.08658063412,1
1967,1025,-4.218040943,-0.2754426003,1
1967,1057,-2.331642151,-1.629680395,1
1967,1089,-1.716551781,0.04236674309,1
1967,1121,-2.159184456,-0.373970747,1
1967,1153,-1.576481581,-0.9212812781,1
1967,1185,-1.574213028,-1.060126424,1
1967,1217,-1.799121976,-0.6083876491,1
1967,1249,-1.979197621,-0.240380168,1
1967,1281,-2.049868584,-0.4209352136,1
1967,1313,-1.404070377,-2.314091682,1
1967,1345,NaN,NaN,2
1967,1377,-1.364741683,-0.4739205837,1
1967,1409,-0.8346877098,0.7121575475,1
1967,1441,-0.4494223595,0.7488476634,1
1967,1473,-0.4882056713,-0.01269418001,1
1967,1505,-1.831957579,-0.2285714746,1
1967,1537,-3.207274675,-0.6279880404,1
1967,1569,-3.050513268,-0.200854212,1
1967,1601,-1.665158629,-0.2183357775,1
1967,1633,-0.9335961342,-0.1522724032,1
1967,1665,-0.7631860375,1.55668807,1
1967,1697,-1.585022092,1.871757984,1
1967,1729,-2.246453285,0.3313193321,1
1967,1761,-3.003866196,-2.393577576,1
1967,1793,-3.450310946,0.7458046675,1
1967,1825,NaN,NaN,2
1967,1857,NaN,NaN,2
1967,1889,-2.275336266,-0.5617571473,1
1967,1921,-0.8143749237,-0.3293095827,1
1967,1953,0.830026865,-0.2079904079,1
1967,1985,-2.776766777,0.02439107746,1
1967,2017,NaN,NaN,2
1999,33,-3.553294897,4.694972038,1
1999,65,-3.16508007,4.424251556,1
1999,97,NaN,NaN,2
1999,129,NaN,NaN,2
1999,161,-6.434420586,4.144402504,1
1999,193,-5.206851006,4.677898407,1
1999,225,NaN,NaN,2
1999,257,-9.857774734,5.382091522,1
1999,289,-8.394366264,3.578291178,1
1999,321,-6.27325058,5.474954128,1
1999,353,NaN,NaN,2
1999,385,NaN,NaN,2
1999,417,NaN,NaN,2
1999,449,NaN,NaN,2
1999,481,NaN,NaN,2
1999,513,-11.10224342,3.38608551,1
1999,545,-11.26377678,5.907777786,1
1999,577,-13.39855671,5.751514435,1
1999,609,NaN,NaN,2
1999,641,NaN,NaN,2
1999,673,NaN,NaN,2
1999,705,-3.673342705,1.112352967,1
1999,737,-2.392606258,3.925562382,1
1999,769,-1.048716426,4.883827209,1
1999,801,-0.1266849041,3.768159628,1
1999,833,-0.2132736444,1.46954751,1
1999,865,-2.019327164,1.05915451,1
1999,897,-0.7780737877,2.916526318,1
1999,929,NaN,NaN,2
1999,961,-2.341727257,-0.4067169428,1
1999,993,-3.055408001,2.340900898,1
1999,1025,NaN,NaN,2
1999,1057,-2.692066908,-0.3380918503,1
1999,1089,-0.8964538574,2.647288561,1
1999,1121,-0.2655754089,1.575320601,1
1999,1153,-1.108047485,-0.3853936195,1
1999,1185,-0.2482062578,-1.469480038,1
1999,1217,-0.4398329258,-1.131839991,1
1999,1249,-1.502207279,0.404921174,1
1999,1281,-2.187353373,0.661503911,1
1999,1313,-2.886373997,-1.828014612,1
1999,1345,-2.146418095,-3.157710552,1
1999,1377,-0.628226459,-2.254472017,1
1999,1409,0.7840362787,-0.2856063843,1
1999,1441,2.959515095,-0.4097894132,1
1999,1473,2.985241652,-1.55572319,1
1999,1505,0.4528143406,-2.184654951,1
1999,1537,-1.602303386,-2.783654451,1
1999,1569,-2.718830585,-2.529736519,1
1999,1601,-2.585082054,-0.1031820774,1
1999,1633,-2.252104759,-2.695452213,1
1999,1665,-0.839736104,1.385859013,1
1999,1697,-0.9772998095,-0.202981472,1
1999,1729,-1.395707607,-0.6564862728,1
1999,1761,-2.400011778,-2.585473537,1
1999,1793,-4.250645638,-1.674000263,1
1999,1825,-2.484486341,-4.348326206,1
1999,1857,NaN,NaN,2
1999,1889,NaN,NaN,2
1999,1921,NaN,NaN,2
1999,1953,-5.18193531,2.992837667,1
1999,1985,-3.831849098,0.107482627,1
1999,2017,7.78023243,0.8367266655,1
