PIVlab, ASCII chart output - 23-Oct-2024
FRAME: 23, filenames: A:[23]AVI_Pos00d_TimeSrs0002_TgUtrmcherry_K4K8MO.avi & B:[24]AVI_Pos00d_TimeSrs0002_TgUtrmcherry_K4K8MO.avi, conversion factor xy (px -> m): 1, conversion factor uv (px/frame -> m/s): 1
x [px],y [px],u [px/frame],v [px/frame],Vector type [-]
47,33,1.577375889,-0.3668475151,1
47,65,1.806512833,-1.623654485,1
47,97,0.2816092968,-2.418868065,1
47,129,1.05785799,-0.5366629362,1
47,161,0.8741211891,0.3498684168,1
47,193,0.3326766491,0.6564977169,1
47,225,1.406610131,1.432408094,1
47,257,0.5158801079,0.002997279167,1
47,289,-0.1170000136,-0.2176279426,1
47,321,-1.421119452,1.220979452,1
47,353,-0.5079091787,2.514864922,1
47,385,0.7746652961,0.5331486464,1
47,417,3.075917959,0.2967226505,1
47,449,3.438920975,-0.2956783772,1
47,481,-2.92083168,1.772521138,1
47,513,NaN,NaN,2
47,545,NaN,NaN,2
47,577,-3.453323603,-4.861665249,1
47,609,-2.541935921,-3.741215706,1
47,641,-1.21754849,-0.3068507314,1
47,673,-0.7287275791,1.356851339,1
47,705,-0.7808530331,0.661863625,1
47,737,0.01830255985,-0.1114138365,1
47,769,0.5234031081,1.272026777,1
47,801,0.550267756,1.74770391,1
47,833,-0.1273622513,1.04627943,1
47,865,NaN,NaN,2
47,897,NaN,NaN,2
47,929,4.691813469,-11.34641457,1
47,961,NaN,NaN,2
47,993,NaN,NaN,2
47,1025,-0.4528606534,0.3730510473,1
47,1057,3.750695229,0.8103436828,1
47,1089,6.12470293,0.06133177876,1
47,1121,NaN,NaN,2
47,1153,2.518586159,0.6968004704,1
47,1185,2.436943293,-0.3183917403,1
47,1217,4.309334278,-0.4248200059,1
47,1249,1.99455905,-0.2163060308,1
47,1281,1.28122139,-0.9255479574,1
47,1313,4.332373142,-5.869661331,1
47,1345,3.407253742,-3.747178555,1
47,1377,NaN,NaN,2
47,1409,NaN,NaN,2
47,1441,-0.04506038129,-0.3590989113,1
47,1473,-1.0475775,-1.148164988,1
47,1505,1.618629456,-0.1612294316,1
47,1537,5.030774593,-0.5302970409,1
47,1569,3.069003105,-1.456942558,1
47,1601,NaN,NaN,2
47,1633,0.8097291589,1.6509552,1
47,1665,1.963628411,1.777062654,1
47,1697,2.252196074,0.875123322,1
47,1729,NaN,NaN,2
47,1761,NaN,NaN,2
47,1793,NaN,NaN,2
47,1825,NaN,NaN,2
47,1857,NaN,NaN,2
47,1889,NaN,NaN,2
47,1921,NaN,NaN,2
47,1953,2.741359234,-0.9013978243,1
47,1985,0.8053088188,-0.3878405094,1
47,2017,NaN,NaN,2
79,33,0.005511283875,1.570454836,1
79,65,0.5970307589,-1.677822709,1
79,97,0.1749825478,-2.0730896,1
79,129,NaN,NaN,2
79,161,1.331087947,-0.5142523646,1
79,193,0.4145282507,0.2849595845,1
79,225,-0.9792876244,0.1616997719,1
79,257,-1.270023584,-0.9447193146,1
79,289,-1.550548434,-0.5323186517,1
79,321,NaN,NaN,2
79,353,1.030546308,3.012766123,1
79,385,1.702208161,2.666918278,1
79,417,1.662036419,1.151677489,1
79,449,-0.3487260342,-0.371081233,1
79,481,NaN,NaN,2
79,513,NaN,NaN,2
79,545,NaN,NaN,2
79,577,NaN,NaN,2
79,609,-2.01089859,-1.843382001,1
79,641,-1.542440176,-0.7265281081,1
79,673,-1.422925949,1.71933949,1
79,705,-1.220266581,1.583230972,1
79,737,-0.3010938168,-0.8726497889,1
79,769,2.072155714,0.662548244,1
79,801,NaN,NaN,2
79,833,0.1927627027,-0.3081810474,1
79,865,0.9432274103,-1.731974125,1
79,897,NaN,NaN,2
79,929,NaN,NaN,2
79,961,-0.2347176671,-1.11497736,1
79,993,0.2762298584,-0.9918123484,1
79,1025,2.14769125,0.3590150177,1
79,1057,3.287448406,0.4841852188,1
79,1089,2.454444885,-0.1854223907,1
79,1121,NaN,NaN,2
79,1153,0.6350791454,-0.6545832157,1
79,1185,0.8741886616,-0.7023691535,1
79,1217,NaN,NaN,2
79,1249,3.106438875,-0.08219730854,1
79,1281,2.480280161,-0.4576232433,1
79,1313,NaN,NaN,2
79,1345,2.369823694,-5.253249645,1
79,1377,NaN,NaN,2
79,1409,NaN,NaN,2
79,1441,-1.531880856,-0.8364744782,1
79,1473,-2.515743256,-1.319368482,1
79,1505,0.3871583939,-1.485233188,1
79,1537,1.938618422,-1.206068516,1
79,1569,NaN,NaN,2
79,1601,NaN,NaN,2
79,1633,0.5185872316,0.4334930182,1
79,1665,1.041583776,2.817777872,1
79,1697,4.036598206,1.453811646,1
79,1729,NaN,NaN,2
79,1761,-0.09378111362,-0.3272408247,1
79,1793,0.0906201005,-0.9386677742,1
79,1825,-1.092302799,0.2217476368,1
79,1857,NaN,NaN,2
79,1889,NaN,NaN,2
79,1921,NaN,NaN,2
79,1953,NaN,NaN,2
79,1985,0.3512532413,-0.4524676204,1
79,2017,-0.324919343,-1.289528131,1
111,33,-0.09146857262,2.446041107,1
111,65,0.1116175056,-1.722083926,1
111,97,-0.000139862299,-2.149467945,1
111,129,0.2356310487,-2.6048944,1
111,161,0.9374520183,-1.439086437,1
111,193,0.3027329147,0.2484043241,1
111,225,-0.1444167495,-0.2739741504,1
111,257,NaN,NaN,2
111,289,NaN,NaN,2
111,321,-12.18314934,2.473120928,1
111,353,NaN,NaN,2
111,385,1.343339801,3.701478958,1
111,417,1.873712778,0.9795383215,1
111,449,-3.985392809,-0.783577323,1
111,481,-2.310882092,-1.932447672,1
111,513,-1.463986993,-2.04082942,1
111,545,NaN,NaN,2
111,577,-0.6410490274,2.172094345,1
111,609,NaN,NaN,2
111,641,-1.052508116,-0.7977383137,1
111,673,-1.174854636,1.206405163,1
111,705,-0.6110778451,2.211379051,1
111,737,NaN,NaN,2
111,769,-2.168888569,-0.8412163854,1
111,801,-0.1104575694,-0.2755496204,1
111,833,0.2265158892,-1.830664277,1
111,865,NaN,NaN,2
111,897,-0.1508773863,-3.519335508,1
111,929,NaN,NaN,2
111,961,0.2761780024,-0.7256444693,1
111,993,NaN,NaN,2
111,1025,NaN,NaN,2
111,1057,1.226346254,-0.03191170096,1
111,1089,0.5479782224,-0.2761936784,1
111,1121,-0.3772921562,-0.8567396402,1
111,1153,-0.828342855,-1.29556787,1
111,1185,-0.3808099926,-1.047217011,1
111,1217,2.937078714,-0.2835191488,1
111,1249,5.091123581,0.6630502939,1
111,1281,0.2918393016,-0.05782133341,1
111,1313,1.325767636,-4.473543167,1
111,1345,1.295789599,-5.383437634,1
111,1377,NaN,NaN,2
111,1409,NaN,NaN,2
111,1441,-1.300274134,-0.2223842442,1
111,1473,0.155415982,-1.747931242,1
111,1505,0.9815796018,-2.203657389,1
111,1537,1.210505724,-0.7057058811,1
111,1569,1.175071239,1.103916049,1
111,1601,1.592857718,1.600881577,1
111,1633,0.7049582005,0.5176811814,1
111,1665,1.317220926,0.708632946,1
111,1697,2.345319748,0.7648069263,1
111,1729,0.8608632088,-0.2658523917,1
111,1761,2.057469368,-1.515688419,1
111,1793,3.205805063,-1.295771837,1
111,1825,NaN,NaN,2
111,1857,-0.4008032084,-3.569585562,1
111,1889,2.841162443,-0.8736113906,1
111,1921,NaN,NaN,2
111,1953,NaN,NaN,2
111,1985,-0.1815914959,-0.2909749746,1
111,2017,0.4903306961,0.1104345918,1
143,33,-0.5755129457,2.165498734,1
143,65,-1.000005603,-0.1987608522,1
143,97,0.172554791,-1.03238523,1
143,129,0.1180073619,-1.184124708,1
143,161,0.06546396017,-1.239168644,1
143,193,0.2782540321,-1.193034053,1
143,225,-0.3731306195,-0.8348309398,1
143,257,NaN,NaN,2
143,289,NaN,NaN,2
143,321,NaN,NaN,2
143,353,NaN,NaN,2
143,385,-0.2722015083,0.1198567152,1
143,417,0.9915518761,-1.19238472,1
143,449,-1.505068183,-1.775205374,1
143,481,-1.350457788,-2.536909342,1
143,513,-0.9840139151,-2.638391495,1
143,545,-1.861287355,-2.422434092,1
143,577,-0.5799968243,-1.605023623,1
143,609,-0.4894403219,-0.1524937153,1
143,641,-0.5332915783,-0.7943413258,1
143,673,-0.4303942323,-0.6995890141,1
143,705,-0.2021235526,1.062284708,1
143,737,-1.054522038,-0.9304276705,1
143,769,-1.786330462,-0.904455483,1
143,801,0.4284416139,-0.6384571791,1
143,833,0.3784274459,-2.046404362,1
143,865,-0.3041990101,-3.771055222,1
143,897,-0.846904099,-2.280432463,1
143,929,0.1673315167,-1.198209643,1
143,961,0.8731057048,-0.6344284415,1
143,993,NaN,NaN,2
143,1025,NaN,NaN,2
143,1057,0.9864475727,-1.241734982,1
143,1089,-0.5762879848,-2.336167812,1
143,1121,NaN,NaN,2
143,1153,NaN,NaN,2
143,1185,NaN,NaN,2
143,1217,NaN,NaN,2
143,1249,NaN,NaN,2
143,1281,-0.341740787,-0.3263133168,1
143,1313,-0.3894740343,-1.532868028,1
143,1345,1.403241873,-3.317335606,1
143,1377,0.01371157169,-1.197187185,1
143,1409,-0.1573531181,1.742477417,1
143,1441,-0.1179525554,1.03524971,1
143,1473,0.2306521386,-0.4942706823,1
143,1505,0.7191580534,-0.7773435712,1
143,1537,0.4602176547,-0.7945047617,1
143,1569,0.779892087,0.7635545731,1
143,1601,0.5348631144,1.083922148,1
143,1633,0.6685181856,0.8573283553,1
143,1665,1.183436155,0.4021463394,1
143,1697,1.865544796,-0.5329526663,1
143,1729,1.441312313,-0.564666152,1
143,1761,NaN,NaN,2
143,1793,4.452508926,-1.023066282,1
143,1825,1.103750944,-1.348505139,1
143,1857,0.3708979785,-0.871563077,1
143,1889,0.4238518476,-0.6752092242,1
143,1921,NaN,NaN,2
143,1953,NaN,NaN,2
143,1985,-0.06119160354,-0.3806012273,1
143,2017,0.6813145876,0.2034324408,1
175,33,0.3357968926,1.147628784,1
175,65,-0.8011410236,-0.4322998524,1
175,97,0.04031960294,0.06007897854,1
175,129,0.1676491499,-0.9161602259,1
175,161,0.08269202709,-2.295017004,1
175,193,0.5508729219,-3.074761152,1
175,225,0.8080488443,-1.364091158,1
175,257,0.7591018677,-1.496307611,1
175,289,0.5620626807,-1.312604427,1
175,321,0.1212596595,-0.8012036681,1
175,353,-1.855053186,0.5719732046,1
175,385,NaN,NaN,2
175,417,NaN,NaN,2
175,449,-1.612866402,-2.02983427,1
175,481,-1.078705788,-2.793728352,1
175,513,-0.4565171003,-3.043809891,1
175,545,-0.1058555841,-3.168102741,1
175,577,0.3074878156,-4.9465909,1
175,609,1.039752126,-3.071674585,1
175,641,3.877672911,0.9729299545,1
175,673,0.9049457312,-0.6999390125,1
175,705,-0.7840074301,0.1392297745,1
175,737,-0.4829878509,1.473536968,1
175,769,-0.156878233,-0.6731580496,1
175,801,0.2949788272,-0.04577237368,1
175,833,NaN,NaN,2
175,865,-0.8910583854,-2.502627611,1
175,897,-0.714056015,-2.64098835,1
175,929,1.074409246,-1.544383407,1
175,961,0.8679537773,-0.2764555514,1
175,993,0.8838120699,0.1153734624,1
175,1025,1.755537748,0.9478746653,1
175,1057,0.627677083,-1.12431097,1
175,1089,-0.5951805115,-2.437496185,1
175,1121,-0.6833125353,-2.872709751,1
175,1153,-0.5567771196,-2.666198492,1
175,1185,-0.5039863586,-1.111493826,1
175,1217,-1.200395823,1.228936911,1
175,1249,-0.5472439528,-0.298858285,1
175,1281,-2.74587059,-1.38914156,1
175,1313,-3.889182329,-2.134546757,1
175,1345,NaN,NaN,2
175,1377,-0.2962757945,0.1794476509,1
175,1409,0.2426354289,-0.4182466269,1
175,1441,0.400360018,1.091369033,1
175,1473,0.3061439395,-0.5265842676,1
175,1505,-0.5414290428,-0.01171818376,1
175,1537,-0.07996454835,-0.4104020596,1
175,1569,0.521378994,1.359272957,1
175,1601,0.905721724,2.285416126,1
175,1633,1.93061924,0.9906624556,1
175,1665,1.103796959,0.3607047796,1
175,1697,2.11950469,0.2197610289,1
175,1729,-0.3029147387,0.06462591887,1
175,1761,NaN,NaN,2
175,1793,0.7573974133,-1.117288828,1
175,1825,-0.006002873182,-0.7542188168,1
175,1857,-1.614989519,-1.341499686,1
175,1889,NaN,NaN,2
175,1921,-1.923691273,8.28460598,1
175,1953,NaN,NaN,2
175,1985,-0.05787456036,-0.2634956837,1
175,2017,-0.1944478452,-0.2846949399,1
207,33,-0.1736202836,0.1496114731,1
207,65,-0.9890254736,-0.4062775075,1
207,97,-0.5745744705,0.7589008808,1
207,129,-0.1473357379,-0.0940759182,1
207,161,0.2557711899,-1.755212069,1
207,193,0.7425144315,-2.346870899,1
207,225,1.518483281,-1.072322965,1
207,257,1.046960473,-1.122754812,1
207,289,0.1920173466,-0.6259537339,1
207,321,-2.199864388,-0.5623733997,1
207,353,-2.658540964,1.584749699,1
207,385,NaN,NaN,2
207,417,NaN,NaN,2
207,449,-0.4432868958,-1.725961208,1
207,481,-0.2547565103,-2.382867336,1
207,513,NaN,NaN,2
207,545,NaN,NaN,2
207,577,NaN,NaN,2
207,609,2.114601851,-4.004392624,1
207,641,NaN,NaN,2
207,673,NaN,NaN,2
207,705,-1.753122687,-0.7617946267,1
207,737,-0.3763030171,0.4315634966,1
207,769,1.721357107,-0.9418498278,1
207,801,1.791817546,-0.8674178123,1
207,833,1.080418468,-0.7975871563,1
207,865,NaN,NaN,2
207,897,NaN,NaN,2
207,929,1.23124218,-0.5039088726,1
207,961,0.6032196879,-0.0519169271,1
207,993,-0.0608138442,-0.4641493559,1
207,1025,NaN,NaN,2
207,1057,1.118574023,-0.8208751082,1
207,1089,-0.3937175274,-0.6669147015,1
207,1121,0.1842702627,-1.017017722,1
207,1153,0.6426018476,-0.8294658065,1
207,1185,-3.183276415,0.02876484394,1
207,1217,-3.164112091,1.064238548,1
207,1249,-1.834458828,-0.6544195414,1
207,1281,-3.097196817,-2.080239773,1
207,1313,-2.88685894,-1.310721397,1
207,1345,-2.581432343,1.110819697,1
207,1377,NaN,NaN,2
207,1409,0.5518983603,-0.9686973095,1
207,1441,0.996732235,-1.910647392,1
207,1473,0.3845814466,-0.5670593977,1
207,1505,-0.2122297436,1.312381506,1
207,1537,0.6007816792,0.9073161483,1
207,1569,0.8573541641,1.456351519,1
207,1601,1.263324857,1.401479721,1
207,1633,3.560507298,0.9377382398,1
207,1665,NaN,NaN,2
207,1697,NaN,NaN,2
207,1729,NaN,NaN,2
207,1761,NaN,NaN,2
207,1793,0.413641274,-0.8363730907,1
207,1825,-0.50261724,-1.158939958,1
207,1857,-0.9587327838,-1.092983842,1
207,1889,-0.652564764,-1.062076688,1
207,1921,NaN,NaN,2
207,1953,NaN,NaN,2
207,1985,-0.2778900862,0.05753310025,1
207,2017,-1.27902317,-1.105814934,1
239,33,0.6250325441,-0.2047399879,1
239,65,0.08929873258,-0.1687541008,1
239,97,0.04871319234,-0.08565539122,1
239,129,0.4747644365,0.2189253569,1
239,161,1.371514678,-0.8310278654,1
239,193,2.290950298,-0.8337557316,1
239,225,3.021749735,-0.8751616478,1
239,257,0.8742017746,-0.7998412848,1
239,289,NaN,NaN,2
239,321,-0.3067640066,2.120892048,1
239,353,0.166132167,-1.25925231,1
239,385,NaN,NaN,2
239,417,1.478785872,-0.2470656633,1
239,449,0.3656262755,-1.436074734,1
239,481,0.5538790822,-2.639554977,1
239,513,NaN,NaN,2
239,545,-0.6164697409,-5.873958588,1
239,577,NaN,NaN,2
239,609,NaN,NaN,2
239,641,2.639788151,-1.170570254,1
239,673,0.0188639909,-0.1370871067,1
239,705,-0.4771075547,-2.244733334,1
239,737,-0.5780275464,-1.782120705,1
239,769,NaN,NaN,2
239,801,1.569059372,-1.789268851,1
239,833,1.801927805,-0.9095541239,1
239,865,NaN,NaN,2
239,897,-1.583601713,-0.153421104,1
239,929,-1.288054466,0.3042246401,1
239,961,-0.7526805401,0.06848964095,1
239,993,NaN,NaN,2
239,1025,-0.8931508064,-0.2725973129,1
239,1057,-0.7657628059,-0.2143190503,1
239,1089,-0.5495012999,-0.1868283451,1
239,1121,-0.2451560199,0.3559183478,1
239,1153,-0.2038497031,-0.280731082,1
239,1185,NaN,NaN,2
239,1217,-0.9756125808,-0.2516495883,1
239,1249,-2.437843561,-0.8359869719,1
239,1281,-1.318301201,-1.805086493,1
239,1313,-2.530369759,0.02944529057,1
239,1345,-4.004006863,0.7177764177,1
239,1377,NaN,NaN,2
239,1409,0.03809447587,-1.298435569,1
239,1441,0.5862307549,-1.529886723,1
239,1473,0.2627798319,-0.7412229776,1
239,1505,-0.2032403797,0.6927521229,1
239,1537,0.4955950975,0.8190538883,1
239,1569,0.6362680197,1.351025105,1
239,1601,0.7250773311,1.071032882,1
239,1633,NaN,NaN,2
239,1665,NaN,NaN,2
239,1697,NaN,NaN,2
239,1729,NaN,NaN,2
239,1761,NaN,NaN,2
239,1793,-1.677025676,-0.7277134657,1
239,1825,-1.12180984,-1.530694246,1
239,1857,-1.184999228,-2.008558273,1
239,1889,-0.5675777793,-1.243581295,1
239,1921,1.014173388,-0.6305955648,1
239,1953,NaN,NaN,2
239,1985,-0.774348259,0.1825529337,1
239,2017,-0.9047720432,-1.823579907,1
271,33,-0.2435128093,0.02517676353,1
271,65,2.17338872,-0.4126349986,1
271,97,0.05336884409,-0.2288499773,1
271,129,0.1120352596,0.4414174855,1
271,161,0.1867761612,-0.519048214,1
271,193,0.5061654449,-0.6390764713,1
271,225,2.255776882,-1.72297585,1
271,257,1.036334276,-1.862754583,1
271,289,NaN,NaN,2
271,321,0.5862616301,-0.4295876622,1
271,353,0.8872995973,-1.184938669,1
271,385,1.267728567,-1.624423146,1
271,417,3.367140055,-1.827796698,1
271,449,2.564607859,-2.116403103,1
271,481,1.753901839,-3.680856466,1
271,513,0.8418905735,-3.831470966,1
271,545,-0.01906663179,-4.483672142,1
271,577,0.02122598886,-5.208310127,1
271,609,0.8849523664,-2.596894979,1
271,641,1.619729757,-1.676614523,1
271,673,0.01124088466,-1.64134407,1
271,705,-0.1348651648,-2.435278893,1
271,737,-0.2495895028,-2.178400993,1
271,769,NaN,NaN,2
271,801,-1.42925024,-2.914804935,1
271,833,-0.8668669462,-2.496015549,1
271,865,-1.670886874,-0.08031797409,1
271,897,-4.041829586,0.8347115517,1
271,929,-2.618855,0.9466564655,1
271,961,-0.3594737053,0.3563817441,1
271,993,-0.0677472353,0.0094191432,1
271,1025,-1.370933056,-0.2692734003,1
271,1057,-1.282092929,0.2127758861,1
271,1089,-1.113830566,0.3462451696,1
271,1121,-0.9095543027,-0.677095592,1
271,1153,-2.2673769,0.1660344601,1
271,1185,-0.4550095797,-0.1985202432,1
271,1217,0.9006106257,-2.466663837,1
271,1249,-0.5361032486,-0.3702768683,1
271,1281,-1.031690717,-0.5252400637,1
271,1313,-2.384120941,-0.1001443863,1
271,1345,-0.9124874473,-0.7954570055,1
271,1377,-0.6971969604,-1.829173088,1
271,1409,-0.3824797571,-1.851048827,1
271,1441,-0.1648659408,-1.056593895,1
271,1473,-1.229323864,-1.042872667,1
271,1505,-0.2338328063,-0.3312436938,1
271,1537,-0.2693677545,0.2594965696,1
271,1569,-2.036204338,0.8914610147,1
271,1601,-1.917307973,0.5356532335,1
271,1633,1.603910804,-0.1366744041,1
271,1665,0.4204540253,0.04444020987,1
271,1697,NaN,NaN,2
271,1729,0.2463311851,-2.193123817,1
271,1761,-0.3996386528,-1.732930422,1
271,1793,-0.7462259531,-0.4358770251,1
271,1825,-1.288326621,-1.49863255,1
271,1857,-1.080967903,-2.084512711,1
271,1889,-0.3342688084,-1.229383349,1
271,1921,NaN,NaN,2
271,1953,0.7750388384,0.9412533045,1
271,1985,-0.1896686107,0.02718969062,1
271,2017,NaN,NaN,2
303,33,-2.499646187,0.59099406,1
303,65,-0.6011527777,-1.253222346,1
303,97,-0.6230750084,-0.4997473359,1
303,129,-0.9779748917,0.1357372701,1
303,161,-0.3241096437,0.1156883389,1
303,193,NaN,NaN,2
303,225,NaN,NaN,2
303,257,0.3893214166,-2.456648111,1
303,289,0.4374748468,-0.941079855,1
303,321,0.4971745014,-0.810733676,1
303,353,0.9669914246,-1.315904021,1
303,385,1.376098752,-1.870423198,1
303,417,2.607707739,-2.120947599,1
303,449,NaN,NaN,2
303,481,NaN,NaN,2
303,513,0.8274601698,-3.260780573,1
303,545,0.514339149,-3.680192232,1
303,577,0.1362201273,-6.329060555,1
303,609,-0.1786678433,-3.269574642,1
303,641,0.6539440155,-3.384263754,1
303,673,0.6137851477,-2.79294157,1
303,705,0.2471415699,-2.859022856,1
303,737,-0.1072603911,-2.413023233,1
303,769,-0.7302862406,-3.509570122,1
303,801,-2.092605591,-2.305126667,1
303,833,0.2610821724,-1.661922932,1
303,865,-0.2199394703,-0.6556010246,1
303,897,-1.931110144,0.7046840191,1
303,929,-1.483945847,0.8584358692,1
303,961,-0.7241520882,2.200127125,1
303,993,0.2145192027,0.05843432248,1
303,1025,-0.7342971563,-0.1041411608,1
303,1057,-0.9731080532,0.5819118619,1
303,1089,-0.9071038961,0.598090291,1
303,1121,-2.037131548,-0.01430049539,1
303,1153,-0.9446169138,-0.3575614095,1
303,1185,-0.6153224111,-0.08084221184,1
303,1217,-0.442186296,0.1132772118,1
303,1249,-0.6255378127,0.1838945299,1
303,1281,-0.808345437,-0.08706116676,1
303,1313,-0.9333762527,-0.2805008292,1
303,1345,-1.133344412,-1.617390871,1
303,1377,-0.6117153168,-3.381433487,1
303,1409,-0.7421523333,-1.685454845,1
303,1441,-1.022385359,-0.8448767662,1
303,1473,-1.001571298,-0.6189941168,1
303,1505,-0.5744174719,-0.6608337164,1
303,1537,0.444516629,-0.3068814576,1
303,1569,-0.1631251276,-0.8217614293,1
303,1601,-0.6140270829,-0.8276467323,1
303,1633,-0.2482329905,-0.221984148,1
303,1665,0.5713908076,-0.4542514682,1
303,1697,0.7010135055,0.3784505725,1
303,1729,0.05820250511,1.215109229,1
303,1761,0.003317683935,1.867938399,1
303,1793,0.001660853624,0.02431789041,1
303,1825,-0.5790755153,-0.7371220589,1
303,1857,-0.5578025579,-1.601895094,1
303,1889,-0.3846611679,-1.480465889,1
303,1921,-0.1853855699,-0.3726911545,1
303,1953,0.5867919922,0.273334682,1
303,1985,0.7805877924,-0.06234017015,1
303,2017,-0.5901286602,-1.018857718,1
335,33,-0.08132922649,1.193772554,1
335,65,-0.6156544089,-2.352392673,1
335,97,-1.172603846,-1.343927622,1
335,129,-1.978358507,-0.3433269262,1
335,161,-0.8664495349,1.451138139,1
335,193,-0.4912692308,1.218210816,1
335,225,NaN,NaN,2
335,257,NaN,NaN,2
335,289,0.4504193366,-1.475955009,1
335,321,-0.2716053128,-1.617326736,1
335,353,1.255902052,-1.895864844,1
335,385,NaN,NaN,2
335,417,1.095062971,-2.189573765,1
335,449,NaN,NaN,2
335,481,NaN,NaN,2
335,513,0.2510168552,-2.462048531,1
335,545,0.2925282121,-2.696402073,1
335,577,0.5327194333,-4.610671997,1
335,609,1.700364232,-4.814422607,1
335,641,0.931625843,-3.889378071,1
335,673,0.653091073,-4.264001846,1
335,705,0.7504204512,-2.995596409,1
335,737,0.9267935753,-2.007315159,1
335,769,0.1032921672,-1.692640424,1
335,801,-1.331884265,-1.798100591,1
335,833,-0.5502912402,-1.880933166,1
335,865,-0.7482159138,-1.618993402,1
335,897,NaN,NaN,2
335,929,NaN,NaN,2
335,961,-0.4900258183,1.515332818,1
335,993,NaN,NaN,2
335,1025,-0.1265682578,-0.4425761104,1
335,1057,-1.067620277,0.4690283537,1
335,1089,-1.2306602,0.1636748612,1
335,1121,NaN,NaN,2
335,1153,-2.638121843,-2.817678928,1
335,1185,-1.475354671,-0.135609284,1
335,1217,-1.214758635,0.472761035,1
335,1249,-1.18523109,0.4093604684,1
335,1281,-1.004029632,0.2105855793,1
335,1313,-0.5188316703,-1.712218404,1
335,1345,-0.6382820606,-2.831482172,1
335,1377,-1.05115962,-3.30709219,1
335,1409,-1.048507452,-1.832211494,1
335,1441,-0.7240591049,-0.9478501081,1
335,1473,NaN,NaN,2
335,1505,NaN,NaN,2
335,1537,-0.7647324204,-0.6595702171,1
335,1569,0.2236663699,-1.520912647,1
335,1601,0.1609841585,-1.489508748,1
335,1633,-0.4245227575,-0.142193675,1
335,1665,-0.6987983584,0.3710521758,1
335,1697,0.004686951637,1.467157364,1
335,1729,1.112484455,3.416321039,1
335,1761,1.383163452,1.558663368,1
335,1793,0.4596688747,0.2052215934,1
335,1825,-0.7033238411,-0.8883277178,1
335,1857,-0.6827901602,-1.003736258,1
335,1889,-0.4739209712,-1.813874602,1
335,1921,0.06051763892,-1.259090066,1
335,1953,0.683770895,-0.8284496069,1
335,1985,0.8799550533,-0.1944689155,1
335,2017,1.075309515,-0.08843684196,1
367,33,1.877845764,1.32261467,1
367,65,1.002538562,-1.236786962,1
367,97,0.2875143588,-0.7953698635,1
367,129,-1.385023117,0.02492704988,1
367,161,-1.514593363,0.977404952,1
367,193,-0.5493513346,1.13457346,1
367,225,0.4117795229,0.07076340914,1
367,257,NaN,NaN,2
367,289,-0.1706288457,-1.43800652,1
367,321,-0.3556496203,-1.52500999,1
367,353,0.5715454817,-2.7174263,1
367,385,NaN,NaN,2
367,417,NaN,NaN,2
367,449,-0.3301633298,-2.525157452,1
367,481,0.2147943974,-2.398334503,1
367,513,0.2619850934,-1.281735182,1
367,545,-1.014860153,-2.288668156,1
367,577,0.005744874477,-3.796854973,1
367,609,1.596159458,-4.589404106,1
367,641,1.304298043,-3.995973825,1
367,673,0.5238694549,-5.795671463,1
367,705,0.9154009819,-3.12857604,1
367,737,0.4357492328,0.6044070721,1
367,769,0.02978914976,-1.10293448,1
367,801,-1.256482005,-2.140820026,1
367,833,-0.606759131,-2.408742428,1
367,865,-0.4745589495,-2.271449089,1
367,897,NaN,NaN,2
367,929,NaN,NaN,2
367,961,-1.001650333,0.9661466479,1
367,993,0.6123407483,0.325036943,1
367,1025,-0.2302064002,1.32932651,1
367,1057,-0.7908890247,0.8464200497,1
367,1089,-1.019790411,-0.09061217308,1
367,1121,-1.457719922,-0.2656054497,1
367,1153,-1.923146486,-0.664655447,1
367,1185,-3.249087095,-0.849565506,1
367,1217,-2.728522778,-0.4672327638,1
367,1249,-0.8507079482,0.02869388461,1
367,1281,-0.2373312116,0.2843251824,1
367,1313,-0.005610287189,0.06440122426,1
367,1345,-0.1635133624,-0.5357040763,1
367,1377,-0.9508669972,-1.96792388,1
367,1409,-1.301757455,-1.657379389,1
367,1441,-0.8526463509,-1.22199595,1
367,1473,NaN,NaN,2
367,1505,NaN,NaN,2
367,1537,-0.8623937368,-0.2194361091,1
367,1569,0.2079325616,-0.03141772747,1
367,1601,0.3145965636,-0.150621295,1
367,1633,1.042599678,0.4657239616,1
367,1665,-0.7362037301,0.2503582835,1
367,1697,0.2478382289,0.8693244457,1
367,1729,3.423169374,0.484600544,1
367,1761,2.097622871,0.578463316,1
367,1793,0.3003543615,-0.9166448116,1
367,1825,0.3383439481,-0.5596086979,1
367,1857,-0.2611545026,-0.4631285667,1
367,1889,-0.1938524693,-1.407495022,1
367,1921,0.6607373357,-1.895637989,1
367,1953,0.5606579781,-1.12508297,1
367,1985,0.3374884725,-0.3432281613,1
367,2017,-0.1949726343,0.1089167595,1
399,33,3.63474679,0.9100474119,1
399,65,2.326061487,-0.4199056327,1
399,97,NaN,NaN,2
399,129,NaN,NaN,2
399,161,-1.172938824,0.7005469203,1
399,193,-0.4615014791,0.444937706,1
399,225,0.1013202965,-0.04920580983,1
399,257,0.7953544259,-0.6924902201,1
399,289,1.383972168,-1.051949143,1
399,321,-0.1839025319,-1.420887113,1
399,353,-0.3068470955,-1.399114609,1
399,385,NaN,NaN,2
399,417,-0.5433610082,-2.670805454,1
399,449,0.399853766,-2.310328722,1
399,481,1.093284249,-1.93763113,1
399,513,0.449749887,-1.754048944,1
399,545,-0.1914372593,-2.386556149,1
399,577,-0.704295516,-2.845298767,1
399,609,-0.03489142656,-3.761811972,1
399,641,0.6772783995,-4.244476795,1
399,673,0.5942870378,-4.225961685,1
399,705,0.7124572396,-3.402567625,1
399,737,1.287286758,-0.7246448994,1
399,769,0.2342067361,-1.855338097,1
399,801,-0.5253245831,-2.235347271,1
399,833,-0.8386553526,-3.415186644,1
399,865,-0.6821598411,-2.506296158,1
399,897,NaN,NaN,2
399,929,NaN,NaN,2
399,961,NaN,NaN,2
399,993,0.4866267741,-0.8977187872,1
399,1025,0.1412245035,1.048200607,1
399,1057,-1.301535845,0.8373449445,1
399,1089,-1.701116085,-1.45797205,1
399,1121,-3.270595551,-2.219015837,1
399,1153,-4.290132046,-3.167375326,1
399,1185,NaN,NaN,2
399,1217,-1.60838449,-0.2850278318,1
399,1249,-1.064932346,0.03790551424,1
399,1281,-0.2259594202,0.3183609545,1
399,1313,0.221726492,0.4462895095,1
399,1345,0.1726353765,0.07920840383,1
399,1377,-0.5200980902,-0.2168779373,1
399,1409,-1.410928726,-0.7148743868,1
399,1441,-0.4455294013,-0.7692888975,1
399,1473,NaN,NaN,2
399,1505,0.3499059379,-0.5349627137,1
399,1537,0.365493536,0.1633182168,1
399,1569,0.4828084707,0.5599477291,1
399,1601,0.4267883599,0.06268393993,1
399,1633,0.005479872227,-0.7057127357,1
399,1665,-0.5101160407,-0.7603878975,1
399,1697,-0.1296016574,0.007924795151,1
399,1729,1.155397177,0.1319336295,1
399,1761,-1.521695971,-0.9137973785,1
399,1793,0.237381041,-2.236168146,1
399,1825,1.212041736,1.913183689,1
399,1857,0.2359481454,0.624464035,1
399,1889,-0.02241188288,-0.4285513163,1
399,1921,0.2447057664,-1.342075348,1
399,1953,0.06665274501,-0.5062364936,1
399,1985,0.1633362174,-0.2057819664,1
399,2017,0.4945734143,0.09360408783,1
431,33,3.16710639,0.6407687664,1
431,65,3.217019796,-0.4775206149,1
431,97,3.10776782,-0.3435636759,1
431,129,2.825375557,-0.03864575922,1
431,161,2.105852127,0.9160521626,1
431,193,1.277115226,0.3640798926,1
431,225,0.964400053,-0.5924357772,1
431,257,1.698292255,-1.084790945,1
431,289,0.6842414141,-1.488936901,1
431,321,-0.8289664984,-1.73680222,1
431,353,-0.6625809669,-1.165010095,1
431,385,NaN,NaN,2
431,417,NaN,NaN,2
431,449,NaN,NaN,2
431,481,0.9045011401,-1.013654232,1
431,513,0.6851224899,-1.774799466,1
431,545,1.49196291,-3.248937845,1
431,577,0.6598328948,-3.086065292,1
431,609,-0.342651397,-4.397323132,1
431,641,NaN,NaN,2
431,673,0.3746150434,-2.851632833,1
431,705,0.893891573,-2.972890377,1
431,737,1.358282804,-2.4640131,1
431,769,0.6467277408,-1.999182701,1
431,801,-0.07920068502,-2.391347408,1
431,833,-0.8436861634,-3.551510572,1
431,865,-0.7034618855,-2.724363804,1
431,897,NaN,NaN,2
431,929,NaN,NaN,2
431,961,NaN,NaN,2
431,993,1.152056575,-1.42555964,1
431,1025,1.080408335,-0.8348814845,1
431,1057,-0.5538595915,-0.9428855777,1
431,1089,-1.509272099,-3.188071728,1
431,1121,-2.656986475,-1.269851446,1
431,1153,-3.875286579,-2.89426899,1
431,1185,NaN,NaN,2
431,1217,NaN,NaN,2
431,1249,-1.427290916,0.1031724066,1
431,1281,-0.4745809138,0.4582935274,1
431,1313,-0.1962089539,0.6561286449,1
431,1345,-0.0531415306,0.7079465389,1
431,1377,-1.220079422,0.3285194039,1
431,1409,-1.201138973,-2.752476215,1
431,1441,-0.6504665017,-4.434877872,1
431,1473,0.2628467977,-0.39904809,1
431,1505,-0.1109935939,-0.2559213042,1
431,1537,0.09239470959,0.4886476696,1
431,1569,0.51222682,0.9234476089,1
431,1601,0.1869242638,0.1641661674,1
431,1633,-0.4720295668,-1.457359433,1
431,1665,-1.106308341,-1.392815232,1
431,1697,-1.617231727,-0.3117573857,1
431,1729,-1.132261753,-0.6020051241,1
431,1761,-0.7653459311,-0.1474838853,1
431,1793,-0.1856614947,-2.848664284,1
431,1825,-0.4720500708,0.3710114956,1
431,1857,-0.742472887,-0.1987544298,1
431,1889,-0.3968872428,-0.8208837509,1
431,1921,-0.06704825163,-0.2647017837,1
431,1953,-0.5679934025,-0.09585881233,1
431,1985,-0.4654470086,-0.2718127668,1
431,2017,-0.07948950678,-0.1455025077,1
463,33,0.6529229879,0.588683784,1
463,65,3.389880896,-0.2437294722,1
463,97,3.873215199,-0.4264843464,1
463,129,3.307863474,-0.2880586982,1
463,161,2.60390234,0.2307421565,1
463,193,1.789567947,0.02379131317,1
463,225,1.200260043,-0.9062748551,1
463,257,0.6341761947,-1.671534538,1
463,289,-0.4663886428,-2.233780622,1
463,321,-0.4316479564,-2.191227198,1
463,353,-0.2064832449,-1.373707056,1
463,385,-0.5395401716,-1.201912642,1
463,417,-0.3443129063,-0.7658782005,1
463,449,1.298871398,-0.10139817,1
463,481,0.9275330901,-0.640484333,1
463,513,1.044820905,-1.539791346,1
463,545,2.064267874,-4.286013603,1
463,577,NaN,NaN,2
463,609,0.5077356696,0.08944046497,1
463,641,-0.07127940655,-1.93924737,1
463,673,0.4137613773,-2.494146824,1
463,705,NaN,NaN,2
463,737,NaN,NaN,2
463,769,NaN,NaN,2
463,801,-0.3098823428,-2.234161615,1
463,833,-0.5864182115,-3.358901978,1
463,865,-0.5261479616,-3.017478943,1
463,897,1.396658897,-1.037600517,1
463,929,NaN,NaN,2
463,961,NaN,NaN,2
463,993,0.1035541296,-0.3433794975,1
463,1025,1.122035265,-0.5500912666,1
463,1057,-0.6875317097,-0.469197154,1
463,1089,-1.904793859,-0.8050990701,1
463,1121,-1.846110106,-0.3955705166,1
463,1153,-1.659879446,-0.3537305593,1
463,1185,-1.696384549,-0.5376547575,1
463,1217,-0.8312497139,0.4105362892,1
463,1249,0.2736575007,-1.554765105,1
463,1281,-0.002210244536,0.6536639333,1
463,1313,-0.1809968203,0.9269929528,1
463,1345,0.1286219209,0.1152830124,1
463,1377,-0.1858710945,-0.1380298436,1
463,1409,-0.5223138928,-2.113253117,1
463,1441,0.005449831486,-3.068106651,1
463,1473,0.0222004354,-0.4889802933,1
463,1505,-0.3603476584,-0.00995105505,1
463,1537,-0.09250578284,0.1941298842,1
463,1569,-0.05286489427,0.1861763597,1
463,1601,-0.4985942245,-0.90831393,1
463,1633,-1.003051281,-1.161010146,1
463,1665,-1.534254193,-0.07653570175,1
463,1697,-2.390010118,0.5801751018,1
463,1729,-3.627861977,-0.1592897177,1
463,1761,NaN,NaN,2
463,1793,-2.564098835,-0.8555982113,1
463,1825,-1.72629118,-0.8510756493,1
463,1857,-0.9634990692,-0.9416371584,1
463,1889,NaN,NaN,2
463,1921,-1.080129623,-0.1980870366,1
463,1953,NaN,NaN,2
463,1985,-0.8342213631,-2.306269407,1
463,2017,-0.2716627717,-0.7440776825,1
495,33,1.490770459,0.6079393029,1
495,65,NaN,NaN,2
495,97,NaN,NaN,2
495,129,2.668362856,-0.08495798707,1
495,161,1.995188951,-0.4844195247,1
495,193,1.67470789,-0.004360198975,1
495,225,1.447469711,-0.4349706173,1
495,257,0.04871851206,-3.452571869,1
495,289,0.1122413576,-3.079992294,1
495,321,0.3336168826,-2.427990198,1
495,353,0.2501330972,-1.517357111,1
495,385,0.1770126969,-1.216246963,1
495,417,0.2777888775,-0.4203748107,1
495,449,0.1004642844,0.6652253866,1
495,481,0.3045422137,-0.3260384798,1
495,513,0.8047968149,-3.016052961,1
495,545,NaN,NaN,2
495,577,NaN,NaN,2
495,609,-0.01537916064,-1.687597871,1
495,641,-0.5367823839,-1.913205624,1
495,673,-0.2985775173,-2.27227807,1
495,705,NaN,NaN,2
495,737,0.4691347778,-4.262877464,1
495,769,0.2984333038,-3.295986891,1
495,801,-0.5998874903,-1.300837994,1
495,833,-1.110713124,-4.685116768,1
495,865,NaN,NaN,2
495,897,-0.7528967857,-2.483688593,1
495,929,0.399616003,-1.993318081,1
495,961,0.9159293175,-1.884532928,1
495,993,-0.2277046442,-1.419354439,1
495,1025,NaN,NaN,2
495,1057,-0.4588788748,0.252773881,1
495,1089,-2.822953939,1.121090651,1
495,1121,NaN,NaN,2
495,1153,-2.432433128,1.290184379,1
495,1185,0.7540543079,-0.6049429774,1
495,1217,1.47398138,-0.6405365467,1
495,1249,0.7883628011,-0.353303045,1
495,1281,1.413274288,1.578628898,1
495,1313,0.9356273413,1.498552084,1
495,1345,0.1354320198,-0.02159619331,1
495,1377,0.06417509168,-0.3035716414,1
495,1409,-0.9280245304,-0.1450411677,1
495,1441,-0.2349369377,0.3282693624,1
495,1473,2.006378412,0.9935950041,1
495,1505,-0.5047421455,1.128113031,1
495,1537,-0.7237560153,2.177680731,1
495,1569,-0.7318235636,0.3132520914,1
495,1601,-1.046921015,-1.800654292,1
495,1633,-1.45263803,-0.1797481775,1
495,1665,-2.02610302,1.284026027,1
495,1697,-2.186155558,1.024924874,1
495,1729,-2.631381512,0.02198074758,1
495,1761,-2.678952932,-1.09872818,1
495,1793,-2.136433601,-0.5961858034,1
495,1825,-1.14557147,-1.540603161,1
495,1857,-0.1215748787,-2.21576786,1
495,1889,NaN,NaN,2
495,1921,-1.560157537,0.01430423558,1
495,1953,-1.471199751,1.009232044,1
495,1985,-0.6404313445,-0.05789675936,1
495,2017,1.348466039,-0.8693755865,1
527,33,1.790476322,0.8433933258,1
527,65,NaN,NaN,2
527,97,NaN,NaN,2
527,129,2.863764763,-0.1492244005,1
527,161,1.613708973,-0.3628807068,1
527,193,1.849386334,1.50034821,1
527,225,0.8704707623,0.2735040188,1
527,257,0.1396085024,-1.868391037,1
527,289,0.8119798899,-3.730647087,1
527,321,0.07278886437,-3.060245275,1
527,353,-0.4825431108,-1.819380879,1
527,385,0.4582953155,-1.484385014,1
527,417,NaN,NaN,2
527,449,0.770005703,1.622943997,1
527,481,0.2482826114,1.260118246,1
527,513,-0.02223408222,-1.059871912,1
527,545,NaN,NaN,2
527,577,NaN,NaN,2
527,609,0.2324398756,-1.528882623,1
527,641,-1.22375536,-2.009695292,1
527,673,-0.7922931314,-2.082746983,1
527,705,0.3995102048,-2.066550016,1
527,737,2.680863142,-1.737122536,1
527,769,0.9663555622,-2.027772427,1
527,801,-1.035049796,-0.7826633453,1
527,833,NaN,NaN,2
527,865,NaN,NaN,2
527,897,-2.454282522,-4.301533222,1
527,929,-1.775269508,-2.618112564,1
527,961,-2.081750631,-0.03204810619,1
527,993,-2.179187298,-0.5521865487,1
527,1025,-1.507024169,-0.3502954841,1
527,1057,-1.582672,0.6737599373,1
527,1089,-2.104778767,1.999660134,1
527,1121,-2.455432653,2.311350346,1
527,1153,NaN,NaN,2
527,1185,1.951969862,-0.5732528567,1
527,1217,2.668562412,-0.4099844098,1
527,1249,1.27002883,0.4917553961,1
527,1281,NaN,NaN,2
527,1313,NaN,NaN,2
527,1345,0.2502910793,0.9473823309,1
527,1377,0.4794070125,0.6397490501,1
527,1409,-0.1224727631,-0.1563845128,1
527,1441,-0.1477183104,0.03078142554,1
527,1473,-0.06026026607,0.6915493608,1
527,1505,-0.7324286699,1.49339366,1
527,1537,-1.144967794,2.592989922,1
527,1569,-0.8274607658,0.8537579775,1
527,1601,NaN,NaN,2
527,1633,-0.8916381001,0.7040714622,1
527,1665,-1.618694544,1.458052993,1
527,1697,-0.9542148113,0.7810292244,1
527,1729,-0.2044923306,0.09377679229,1
527,1761,-1.186054587,-0.3391455412,1
527,1793,-1.720967293,-0.3294225335,1
527,1825,-1.789277554,0.03062915802,1
527,1857,-1.421575785,1.559130311,1
527,1889,-0.87317276,0.04103058577,1
527,1921,-0.3106427193,0.1543981135,1
527,1953,-0.6650609374,2.193118572,1
527,1985,-0.371152997,0.8610396981,1
527,2017,-0.2267695069,-0.1394636631,1
559,33,NaN,NaN,2
559,65,NaN,NaN,2
559,97,3.34472084,-0.9528559446,1
559,129,2.035973072,-0.9426386356,1
559,161,0.8957728148,-0.7187436223,1
559,193,0.2357257605,-0.2587257624,1
559,225,0.02872908115,-0.7178696394,1
559,257,0.1631088257,-0.7294453382,1
559,289,0.2246995866,-1.73575747,1
559,321,-0.269376725,-2.223774433,1
559,353,-0.02900567651,-2.119284391,1
559,385,0.1988711655,-1.775079489,1
559,417,0.4994851351,-1.19732821,1
559,449,0.9837121964,-0.9556605816,1
559,481,0.3721378148,-1.00352037,1
559,513,-0.3916727304,-1.217279792,1
559,545,-1.805232286,-1.463202834,1
559,577,-2.114533663,-2.091227055,1
559,609,-1.60413444,-2.048988342,1
559,641,-0.8877130747,-1.874614954,1
559,673,-0.8299876451,-1.775911093,1
559,705,0.1495607346,-1.344679117,1
559,737,0.9284273982,-1.200469732,1
559,769,0.9180065989,-1.727073669,1
559,801,-0.02644275129,-0.3697943687,1
559,833,-1.01914227,-3.153577566,1
559,865,NaN,NaN,2
559,897,-2.642893314,-4.248911381,1
559,929,-2.425172091,-1.540346265,1
559,961,-3.626573563,-0.8819711208,1
559,993,-4.005347729,-0.8539266586,1
559,1025,-2.635664463,-0.5522033572,1
559,1057,-0.4002041817,-0.8647296429,1
559,1089,NaN,NaN,2
559,1121,NaN,NaN,2
559,1153,0.1379314661,-0.5194183588,1
559,1185,-0.7140052319,-1.889358997,1
559,1217,0.168600291,-0.6180006266,1
559,1249,1.373533726,3.05137825,1
559,1281,-0.1517072022,2.188766956,1
559,1313,-0.9960992336,3.113428593,1
559,1345,0.630338192,1.245521307,1
559,1377,1.627539635,0.5917880535,1
559,1409,0.7801449895,1.119377851,1
559,1441,0.1175023019,0.2990499139,1
559,1473,-0.261141777,0.7465634346,1
559,1505,-0.8576301336,1.412787318,1
559,1537,-1.083860278,1.785861492,1
559,1569,-0.6427399516,1.265712619,1
559,1601,-0.375592351,1.247191548,1
559,1633,-1.215834379,1.30178833,1
559,1665,-2.228158474,1.233899117,1
559,1697,0.003833353519,1.336564779,1
559,1729,NaN,NaN,2
559,1761,0.4331073761,0.08363380283,1
559,1793,-2.172020197,0.4933554232,1
559,1825,-2.453830481,1.046768308,1
559,1857,-0.932377696,0.5014756322,1
559,1889,2.502292156,0.7720014453,1
559,1921,2.246497393,0.5693022013,1
559,1953,-0.2287567556,0.7838318348,1
559,1985,-0.8967669606,1.366065025,1
559,2017,-2.272375584,0.153786391,1
591,33,NaN,NaN,2
591,65,0.9951071739,-0.0756913349,1
591,97,1.322699547,-1.466180801,1
591,129,1.19950974,-1.61211431,1
591,161,0.8947362304,-1.347695827,1
591,193,0.2050774992,-0.9226074219,1
591,225,-0.1242106259,-2.29456234,1
591,257,-0.2882817388,-1.370099068,1
591,289,-0.03649970889,-1.068042278,1
591,321,0.2644035816,-0.6318790913,1
591,353,NaN,NaN,2
591,385,0.1027893126,-2.62870121,1
591,417,0.1506537199,-1.544404387,1
591,449,0.3359687328,-1.403984427,1
591,481,-0.1992516667,-2.236937523,1
591,513,0.02165162563,-1.533703327,1
591,545,-2.103022099,-1.89866972,1
591,577,-2.356381893,-2.046504974,1
591,609,-0.5001552105,-2.122511864,1
591,641,-0.1906780601,-1.359102488,1
591,673,-0.1524796486,-0.8278102875,1
591,705,0.1973206401,-0.9670026302,1
591,737,0.6617897153,-1.14667058,1
591,769,NaN,NaN,2
591,801,NaN,NaN,2
591,833,NaN,NaN,2
591,865,0.809992075,-2.202155113,1
591,897,-1.262611747,-4.710201263,1
591,929,-1.756769419,-3.457901001,1
591,961,-2.516649723,-1.459616303,1
591,993,-2.915962696,-1.538062572,1
591,1025,-2.650770187,-1.542542815,1
591,1057,-2.122561455,-1.343392134,1
591,1089,NaN,NaN,2
591,1121,NaN,NaN,2
591,1153,-1.944729447,-0.3237319887,1
591,1185,NaN,NaN,2
591,1217,NaN,NaN,2
591,1249,-0.6131958365,-1.08729279,1
591,1281,-0.33787328,0.4215539694,1
591,1313,-0.08058911562,1.694488049,1
591,1345,-0.08314913511,0.3121260405,1
591,1377,0.02449679375,-0.00965231657,1
591,1409,-0.2238299996,2.444824219,1
591,1441,-0.3779630065,0.8806792498,1
591,1473,-0.4346489608,1.227105618,1
591,1505,-0.5975297093,1.2819134,1
591,1537,-0.6692410707,1.307430744,1
591,1569,0.5555841327,1.044586539,1
591,1601,-0.4210649133,2.210578918,1
591,1633,-0.4021353722,1.71365416,1
591,1665,0.08057624102,1.609177589,1
591,1697,0.2878312469,0.9406144023,1
591,1729,-0.03134027123,0.4928141236,1
591,1761,-0.8128762245,0.06428137422,1
591,1793,-2.225371838,0.4817077518,1
591,1825,-2.216753006,1.149806499,1
591,1857,-1.244510174,0.6632256508,1
591,1889,NaN,NaN,2
591,1921,2.056313038,0.7008669376,1
591,1953,-0.3895428777,0.1802357286,1
591,1985,-1.138757944,0.07495996356,1
591,2017,-4.213289261,-0.3150612116,1
623,33,0.6740038991,3.200058222,1
623,65,-0.1440137625,-0.535792768,1
623,97,0.3923072815,-1.996768475,1
623,129,0.8799680471,-2.022732496,1
623,161,0.8094285727,-2.739002228,1
623,193,0.2936295271,-0.8059561849,1
623,225,-1.448564291,-1.281928062,1
623,257,NaN,NaN,2
623,289,-0.09978285432,-0.4595129192,1
623,321,0.3512840569,-0.2416170239,1
623,353,-0.5458529592,-1.389505863,1
623,385,-0.6599938273,-2.896018505,1
623,417,-1.954749823,-1.54540801,1
623,449,-0.3457635045,-0.2366278172,1
623,481,-0.2797307968,-1.781262875,1
623,513,NaN,NaN,2
623,545,-0.8239741325,-2.741555691,1
623,577,NaN,NaN,2
623,609,NaN,NaN,2
623,641,0.5181456208,-0.8620517254,1
623,673,-0.1877024174,0.154483676,1
623,705,1.628940701,-0.2874012589,1
623,737,2.295912266,-1.964146018,1
623,769,NaN,NaN,2
623,801,0.6167011261,-5.332150459,1
623,833,0.09823653102,-2.838824987,1
623,865,0.1677440405,-2.067157745,1
623,897,-1.676287413,-1.913078547,1
623,929,NaN,NaN,2
623,961,-2.720081806,-1.82100296,1
623,993,-2.967303276,-2.265586853,1
623,1025,-2.733703613,-2.23799181,1
623,1057,-1.938739538,-1.611271381,1
623,1089,-0.6629399657,-1.33069694,1
623,1121,-3.246565104,-0.005553245544,1
623,1153,-2.517296076,1.295712709,1
623,1185,NaN,NaN,2
623,1217,NaN,NaN,2
623,1249,-1.220631123,-0.2550741434,1
623,1281,-1.078119874,-0.3655119538,1
623,1313,-0.9697196484,-0.8602267504,1
623,1345,-0.7488734126,-0.3024170399,1
623,1377,-0.4369830191,-1.525582314,1
623,1409,-0.3688259125,0.6673259735,1
623,1441,-0.07625050843,1.369988203,1
623,1473,0.01409891248,1.394446969,1
623,1505,-0.1199706197,1.569027662,1
623,1537,-0.06916964054,0.7998155951,1
623,1569,-2.30685544,1.516936779,1
623,1601,-0.5741595626,2.132324219,1
623,1633,1.603041291,1.023063183,1
623,1665,0.4282974601,2.412540674,1
623,1697,0.02814491838,1.415920496,1
623,1729,-0.9573893547,0.3754714131,1
623,1761,-1.599983931,0.1050534174,1
623,1793,-0.6557581425,0.7066159248,1
623,1825,0.5617442131,0.9359725714,1
623,1857,NaN,NaN,2
623,1889,NaN,NaN,2
623,1921,NaN,NaN,2
623,1953,0.7038668394,-0.3642309606,1
623,1985,-0.3890022039,-0.07277528942,1
623,2017,-3.483214855,-0.2004938722,1
655,33,3.467977524,3.365094662,1
655,65,0.7189006805,-2.259806633,1
655,97,1.112110734,-2.628563643,1
655,129,2.639616728,-1.900773644,1
655,161,1.616879463,-1.570768833,1
655,193,0.4908028543,-0.6646694541,1
655,225,-0.05453124642,-0.6677883267,1
655,257,-0.07762977481,0.2615408301,1
655,289,0.4925494492,0.9218472242,1
655,321,0.5791960955,-0.00881844759,1
655,353,0.2363942266,-0.7025345564,1
655,385,-0.3583952785,-0.9890599251,1
655,417,-1.049307823,-2.339959621,1
655,449,-2.933670998,-2.987864017,1
655,481,-1.796716094,-1.155889034,1
655,513,-0.2963165045,-1.492911816,1
655,545,0.2793200016,-1.887769461,1
655,577,NaN,NaN,2
655,609,NaN,NaN,2
655,641,0.8253455758,-0.2937256098,1
655,673,0.7592685223,1.00647068,1
655,705,4.777570248,-0.1136349887,1
655,737,NaN,NaN,2
655,769,2.37308979,-3.967993259,1
655,801,1.702930212,0.4204554558,1
655,833,0.6149891615,0.1964392662,1
655,865,-0.4845745564,-1.033104181,1
655,897,NaN,NaN,2
655,929,-2.482999325,-1.915326476,1
655,961,-2.999034643,-2.286552191,1
655,993,-3.073694468,-2.741413593,1
655,1025,-2.771865129,-2.710523605,1
655,1057,-1.641538382,-1.842535496,1
655,1089,0.3712128401,-1.103384495,1
655,1121,1.298904896,-0.7063633204,1
655,1153,2.828935385,-1.284327507,1
655,1185,NaN,NaN,2
655,1217,-0.1440971494,-1.128102303,1
655,1249,-0.983989656,-0.1574538946,1
655,1281,-1.09048152,-0.2218322754,1
655,1313,-0.9631955028,-0.603413105,1
655,1345,-0.8230029941,-0.1418621391,1
655,1377,-0.5860288143,0.3821059465,1
655,1409,-0.3933554888,2.370255947,1
655,1441,0.5814986229,1.179644108,1
655,1473,0.7917881608,0.7382942438,1
655,1505,0.5225356221,0.2080812454,1
655,1537,0.7264438868,-1.018863678,1
655,1569,-0.6150304079,0.1920700073,1
655,1601,-0.2723335624,0.2296405435,1
655,1633,-0.03742212057,-0.1421845555,1
655,1665,0.4038922787,0.4061483145,1
655,1697,0.21575737,0.7259510756,1
655,1729,-1.022724628,0.3265849948,1
655,1761,-0.9844678044,-0.6036834717,1
655,1793,1.860825539,1.718530893,1
655,1825,2.312141418,2.198542595,1
655,1857,0.7091889381,-0.0483635664,1
655,1889,0.7885849476,-0.376401186,1
655,1921,0.6441985369,-3.129844666,1
655,1953,NaN,NaN,2
655,1985,0.4631696939,-0.07459698617,1
655,2017,-1.430251837,0.2479370832,1
687,33,1.485367894,2.382527113,1
687,65,0.3985255957,-0.3009079099,1
687,97,0.9510216713,-1.591341019,1
687,129,1.347841263,-1.14208293,1
687,161,2.152318001,-1.018976808,1
687,193,0.6873423457,-0.9330495596,1
687,225,0.4752408564,-1.122891426,1
687,257,0.5812414885,-0.4183529317,1
687,289,0.8412536383,1.285661221,1
687,321,2.238711834,0.04768338799,1
687,353,2.60897851,-0.4172581434,1
687,385,-0.1920391917,-0.9369360209,1
687,417,-0.3108597994,-2.66484642,1
687,449,-0.824459672,-3.484549046,1
687,481,NaN,NaN,2
687,513,0.4876624346,-2.78446722,1
687,545,NaN,NaN,2
687,577,NaN,NaN,2
687,609,NaN,NaN,2
687,641,NaN,NaN,2
687,673,1.570202231,1.472535133,1
687,705,2.625762701,-0.2035444379,1
687,737,2.625882387,-2.425061703,1
687,769,1.587345719,-0.567204833,1
687,801,NaN,NaN,2
687,833,NaN,NaN,2
687,865,NaN,NaN,2
687,897,-2.654900312,-0.4385318756,1
687,929,-3.893078566,-2.345989227,1
687,961,-2.73877573,-3.121546268,1
687,993,-2.329574585,-3.65345645,1
687,1025,-2.199553967,-3.261665821,1
687,1057,-1.338083625,-3.044025898,1
687,1089,-0.3306877613,-2.155447721,1
687,1121,2.401103973,-1.100888729,1
687,1153,1.005575418,-3.169222832,1
687,1185,0.7553988099,-1.236714482,1
687,1217,-0.9176079035,-0.7623333931,1
687,1249,-0.2633906603,-0.5874048471,1
687,1281,-0.4790226221,0.4475351572,1
687,1313,-0.6580153108,0.3534426391,1
687,1345,-0.6803326607,0.6696876884,1
687,1377,-0.5248066783,0.3477474749,1
687,1409,-0.2377951443,1.862762809,1
687,1441,0.6555133462,0.7488366961,1
687,1473,0.9196690321,0.3887250721,1
687,1505,0.07960826159,-0.7572928667,1
687,1537,0.1487082988,-2.242268801,1
687,1569,-0.1333730817,-0.6432904005,1
687,1601,-0.2241705209,-0.8693778515,1
687,1633,-0.4662539959,-1.015617251,1
687,1665,-0.1786808819,-0.6040500402,1
687,1697,-0.07358431071,-1.630619764,1
687,1729,NaN,NaN,2
687,1761,1.030129433,-0.3246204853,1
687,1793,0.8247201443,0.2492791414,1
687,1825,1.613162518,0.6626924276,1
687,1857,0.8813650608,-0.468942523,1
687,1889,-0.1133681536,-0.4124315381,1
687,1921,-0.002795174718,-1.537964821,1
687,1953,-0.1532274187,-1.138186216,1
687,1985,0.5509150028,-0.04989859462,1
687,2017,0.4342575073,0.1454969645,1
719,33,1.01243186,0.6349015236,1
719,65,0.4799479246,-0.2476879805,1
719,97,0.4268239141,-0.7908066511,1
719,129,0.8105028868,1.507776856,1
719,161,0.834559679,-1.394967437,1
719,193,2.108735323,-1.568398952,1
719,225,1.821289301,0.3005014658,1
719,257,0.8820550442,0.8452448845,1
719,289,0.6612042785,0.2534946501,1
719,321,0.07872968912,-0.4949451983,1
719,353,0.03099954128,-0.2171180844,1
719,385,0.02397435904,-1.677453518,1
719,417,0.1572493315,-1.78445971,1
719,449,0.354711175,-0.02028501034,1
719,481,0.6465147138,-1.100132942,1
719,513,1.454632998,-2.606397629,1
719,545,3.022508621,-5.966518879,1
719,577,2.434267044,-3.903164148,1
719,609,3.349301815,-2.912139416,1
719,641,NaN,NaN,2
719,673,6.083678246,-0.4340851605,1
719,705,4.048699856,-1.08985579,1
719,737,2.863999367,-1.635092497,1
719,769,NaN,NaN,2
719,801,0.5605876446,0.004835963249,1
719,833,NaN,NaN,2
719,865,-1.418922663,-1.953522444,1
719,897,-2.635536194,-2.167842627,1
719,929,-5.476327419,-2.242885113,1
719,961,-2.296570301,-5.361679554,1
719,993,-1.823362827,-3.931097984,1
719,1025,NaN,NaN,2
719,1057,NaN,NaN,2
719,1089,-0.7164520025,-1.565907001,1
719,1121,1.022742271,-2.109573603,1
719,1153,0.6430525184,-3.231608391,1
719,1185,0.376868248,-1.340105534,1
719,1217,0.1288239062,-0.4439944625,1
719,1249,-0.2134846151,-0.1253755242,1
719,1281,NaN,NaN,2
719,1313,-0.7602043152,0.2392940968,1
719,1345,-0.5918123722,0.4034774601,1
719,1377,-0.701105535,0.1945767999,1
719,1409,-0.5815676451,0.3865665197,1
719,1441,-0.004753410816,0.5511900187,1
719,1473,0.9070872068,0.3226544857,1
719,1505,NaN,NaN,2
719,1537,0.2099704295,-2.424491405,1
719,1569,0.07076254487,-1.827977538,1
719,1601,0.1103861928,-3.136545181,1
719,1633,NaN,NaN,2
719,1665,-0.2898679972,-0.6091740131,1
719,1697,-0.3188253641,-1.690808654,1
719,1729,0.1361313164,0.3126343489,1
719,1761,0.7129632831,0.2118470669,1
719,1793,0.3727551103,-2.313355923,1
719,1825,0.636012435,-1.545488596,1
719,1857,0.6489135623,-0.9367673993,1
719,1889,0.2184606791,-0.1658329368,1
719,1921,NaN,NaN,2
719,1953,-0.2380241752,0.7024926543,1
719,1985,-1.834039688,-0.1228141487,1
719,2017,0.4613036513,-0.5136754513,1
751,33,-1.183968067,-0.3382623196,1
751,65,-1.841582417,-2.607242107,1
751,97,-0.7652245164,-0.8589395285,1
751,129,0.2855576873,-0.06180536747,1
751,161,1.055443048,-1.622595787,1
751,193,1.15146625,-2.636444092,1
751,225,0.6891789436,-1.66389513,1
751,257,0.9131539464,1.283354402,1
751,289,1.020451546,1.460153103,1
751,321,0.6119994521,-1.079101562,1
751,353,0.3223136961,-0.582202673,1
751,385,0.3183998168,-1.484777927,1
751,417,0.5452234149,-1.712117195,1
751,449,NaN,NaN,2
751,481,1.225637555,-1.043548584,1
751,513,1.362065196,-1.757157326,1
751,545,2.583120823,-3.875231743,1
751,577,2.952849627,-4.557683945,1
751,609,3.178012371,-2.871278524,1
751,641,5.866360664,-0.5530782938,1
751,673,2.723100424,-0.6854865551,1
751,705,1.761979103,-1.950250864,1
751,737,NaN,NaN,2
751,769,-0.1786525548,-1.463479757,1
751,801,-0.646268487,-0.166986227,1
751,833,NaN,NaN,2
751,865,NaN,NaN,2
751,897,NaN,NaN,2
751,929,NaN,NaN,2
751,961,NaN,NaN,2
751,993,NaN,NaN,2
751,1025,NaN,NaN,2
751,1057,NaN,NaN,2
751,1089,-1.871107578,-1.666950822,1
751,1121,NaN,NaN,2
751,1153,-1.229180336,-2.01582098,1
751,1185,-0.247090131,-0.8798165321,1
751,1217,-0.05939745158,-0.5800673366,1
751,1249,-0.164719075,-0.6514672637,1
751,1281,-0.1744330227,-0.1886402071,1
751,1313,-0.2516694665,0.1281310618,1
751,1345,-0.3193690181,0.1966238022,1
751,1377,-0.5512966514,0.160177201,1
751,1409,-0.7539476156,0.3399616778,1
751,1441,-0.543774426,0.5118720531,1
751,1473,-0.09479773045,-0.2441009581,1
751,1505,0.07328534126,-0.5523816347,1
751,1537,-0.3252648711,-2.422103405,1
751,1569,-0.4046875238,-3.346988678,1
751,1601,-0.08472126722,-3.998289347,1
751,1633,NaN,NaN,2
751,1665,0.1067107022,-2.77418828,1
751,1697,0.4136712551,-2.913453102,1
751,1729,NaN,NaN,2
751,1761,-1.621515632,-4.170297623,1
751,1793,-0.08424985409,-3.867185116,1
751,1825,0.0501332581,-2.315659285,1
751,1857,NaN,NaN,2
751,1889,0.2886237204,0.6893540621,1
751,1921,-1.11522007,1.085124254,1
751,1953,-0.2604672313,2.285429239,1
751,1985,-1.516952515,0.1124389172,1
751,2017,-1.930419564,-1.938318014,1
783,33,0.08318305016,-0.1854556948,1
783,65,-0.02726787329,-2.820997953,1
783,97,0.1432993412,-0.8637721539,1
783,129,0.4273445606,0.2019205689,1
783,161,1.081377625,-0.8207646012,1
783,193,0.755112052,-2.523783684,1
783,225,0.1599049568,-2.406815767,1
783,257,2.63655138,2.478299618,1
783,289,1.480327845,1.3896029,1
783,321,0.2765629292,-0.01326054335,1
783,353,-0.1418896914,-0.1726703644,1
783,385,-1.036815882,-1.076422215,1
783,417,0.2417334318,-0.9427134991,1
783,449,0.783796072,-0.1742982268,1
783,481,0.08483844995,-0.1290873289,1
783,513,0.1586498618,-0.1829707623,1
783,545,NaN,NaN,2
783,577,NaN,NaN,2
783,609,NaN,NaN,2
783,641,5.914416313,-0.5876795053,1
783,673,2.028776884,0.589157939,1
783,705,1.24565661,-1.016444206,1
783,737,0.7303198576,-3.249555349,1
783,769,-1.381956935,-2.348170042,1
783,801,-2.171984434,-3.759619713,1
783,833,-2.089136839,-2.812024593,1
783,865,NaN,NaN,2
783,897,NaN,NaN,2
783,929,NaN,NaN,2
783,961,-1.295905232,-5.251065254,1
783,993,-0.8858850002,-4.89487505,1
783,1025,NaN,NaN,2
783,1057,-1.442024469,-3.04878211,1
783,1089,-1.768117547,-1.421947718,1
783,1121,NaN,NaN,2
783,1153,-1.754822731,-1.634687901,1
783,1185,-0.215915814,-0.5322319269,1
783,1217,-0.2856376767,-0.7055099607,1
783,1249,-0.1494827569,-0.6416653991,1
783,1281,-0.2703934908,-0.4021700621,1
783,1313,-0.2979415953,-0.03394219279,1
783,1345,-0.2251383662,0.1766526103,1
783,1377,-0.6107486486,0.6154493093,1
783,1409,-1.02027905,0.4976599813,1
783,1441,-1.298394442,0.3930701911,1
783,1473,-1.617162943,-0.7096838951,1
783,1505,-2.139010429,-0.543915987,1
783,1537,-2.315932512,-2.220071077,1
783,1569,-1.213074803,-4.150335789,1
783,1601,NaN,NaN,2
783,1633,-0.5088185072,-1.938322306,1
783,1665,0.16712749,-2.569383621,1
783,1697,0.4931438565,-3.563132286,1
783,1729,NaN,NaN,2
783,1761,NaN,NaN,2
783,1793,NaN,NaN,2
783,1825,NaN,NaN,2
783,1857,NaN,NaN,2
783,1889,0.7490698695,1.805711508,1
783,1921,-0.1989998817,1.344111323,1
783,1953,0.956082046,1.204819679,1
783,1985,0.2069016099,0.1075031757,1
783,2017,-1.27299726,-2.819312096,1
815,33,-0.9091381431,0.08875970542,1
815,65,0.4298633337,-1.082333922,1
815,97,1.121123791,-0.7896646857,1
815,129,1.252183557,-0.01264870167,1
815,161,1.387138128,-0.2389417887,1
815,193,1.122809052,-0.8873142004,1
815,225,1.521729112,-0.3052690625,1
815,257,NaN,NaN,2
815,289,2.815257072,0.06862074137,1
815,321,0.4565331638,-0.03680840135,1
815,353,0.6054500937,-0.1237421036,1
815,385,0.03457534313,-0.963722527,1
815,417,-0.6267337799,-0.5280339718,1
815,449,-0.8046370149,-7.033348083e-06,1
815,481,-1.465349197,0.1399297714,1
815,513,0.1315031946,-1.292873979,1
815,545,NaN,NaN,2
815,577,NaN,NaN,2
815,609,4.186376572,0.4440956712,1
815,641,2.905418396,1.586955667,1
815,673,1.231713057,0.2536356747,1
815,705,-0.3975269198,-3.093069553,1
815,737,NaN,NaN,2
815,769,0.1219779849,-2.636891365,1
815,801,-0.1930096298,-5.116811275,1
815,833,0.683945477,-2.900457859,1
815,865,NaN,NaN,2
815,897,NaN,NaN,2
815,929,NaN,NaN,2
815,961,NaN,NaN,2
815,993,NaN,NaN,2
815,1025,NaN,NaN,2
815,1057,NaN,NaN,2
815,1089,-2.932440758,-4.694812775,1
815,1121,NaN,NaN,2
815,1153,-0.626052022,-0.7126737237,1
815,1185,-0.5742138028,-0.7718635798,1
815,1217,-0.5385423303,-0.6711643934,1
815,1249,-0.6471914649,-0.6390398741,1
815,1281,-0.7216752172,-0.770027101,1
815,1313,-0.6359461546,-0.7214758992,1
815,1345,-0.7930545807,-0.06462091208,1
815,1377,-1.15421176,1.255903721,1
815,1409,-1.081546903,0.5844751,1
815,1441,-1.366538882,0.1962677538,1
815,1473,-2.435160398,-0.550173521,1
815,1505,-3.695224285,0.1170094162,1
815,1537,-4.151508331,-0.357426554,1
815,1569,-2.865645409,-0.9407968521,1
815,1601,-1.320926785,-1.432529569,1
815,1633,-0.4432730675,-1.125223279,1
815,1665,1.076316595,-1.496147275,1
815,1697,NaN,NaN,2
815,1729,-0.05622416735,-0.2422087789,1
815,1761,NaN,NaN,2
815,1793,NaN,NaN,2
815,1825,NaN,NaN,2
815,1857,NaN,NaN,2
815,1889,NaN,NaN,2
815,1921,NaN,NaN,2
815,1953,1.120142102,0.9761508703,1
815,1985,0.3866998553,0.04210328311,1
815,2017,-1.004365563,-2.569858074,1
847,33,-0.2117234468,0.03056173027,1
847,65,0.1818230152,0.008362323046,1
847,97,1.214722395,-0.1367309988,1
847,129,2.00710535,-0.07980537415,1
847,161,0.9672762156,-0.06227403879,1
847,193,0.1759711504,-0.3400842845,1
847,225,0.9922730923,-0.09893900156,1
847,257,1.456315994,-0.2794437408,1
847,289,0.8705954552,-0.2602023482,1
847,321,0.02975764871,-0.2392312586,1
847,353,-1.227160335,-0.6852927208,1
847,385,-1.800143838,-1.645520806,1
847,417,-0.7646349072,-0.9123343229,1
847,449,-0.6263234019,-1.739740491,1
847,481,-0.6051232219,-2.032022715,1
847,513,-0.2504902482,-1.840723276,1
847,545,NaN,NaN,2
847,577,2.036113024,-1.03339076,1
847,609,5.039626598,1.385519743,1
847,641,5.997668266,2.191728592,1
847,673,NaN,NaN,2
847,705,NaN,NaN,2
847,737,NaN,NaN,2
847,769,1.121917248,-2.837256432,1
847,801,NaN,NaN,2
847,833,-0.2639981508,-5.031957626,1
847,865,-1.20799005,-2.921854973,1
847,897,-1.668426991,-0.1349718571,1
847,929,NaN,NaN,2
847,961,NaN,NaN,2
847,993,NaN,NaN,2
847,1025,NaN,NaN,2
847,1057,NaN,NaN,2
847,1089,NaN,NaN,2
847,1121,NaN,NaN,2
847,1153,NaN,NaN,2
847,1185,NaN,NaN,2
847,1217,-1.201366544,-0.5734308958,1
847,1249,-1.376377225,-0.8141338229,1
847,1281,-0.9135972857,-1.349753141,1
847,1313,-1.041087627,-0.821600914,1
847,1345,-1.473605394,-0.37498191,1
847,1377,-1.133909225,0.4216982722,1
847,1409,-1.042420387,0.4169843495,1
847,1441,-1.634785533,0.03303550184,1
847,1473,NaN,NaN,2
847,1505,-2.85233736,0.1190283597,1
847,1537,-3.909210682,0.3192487955,1
847,1569,-3.412019253,0.4450060129,1
847,1601,-1.10844481,-0.211461544,1
847,1633,NaN,NaN,2
847,1665,1.734670043,-0.1811972857,1
847,1697,0.953094244,-0.774413228,1
847,1729,0.5690553784,-0.1357183456,1
847,1761,0.2217533439,0.7508221865,1
847,1793,NaN,NaN,2
847,1825,NaN,NaN,2
847,1857,NaN,NaN,2
847,1889,NaN,NaN,2
847,1921,-0.8652664423,1.069965482,1
847,1953,0.234193325,0.7161644697,1
847,1985,0.0008900016546,-0.01128331572,1
847,2017,-0.01350426674,-1.470358253,1
879,33,1.496627331,-0.1184316576,1
879,65,NaN,NaN,2
879,97,-1.455713511,0.5432074666,1
879,129,1.196776628,-0.2140720636,1
879,161,1.315607548,-0.132546097,1
879,193,0.4779063463,-0.09273275733,1
879,225,0.9530326128,-0.2242764235,1
879,257,0.9854435325,0.03944966197,1
879,289,0.7677615881,-0.08900880814,1
879,321,0.1784009337,-0.3052188158,1
879,353,-0.977997005,-0.6646845341,1
879,385,-1.567240238,-2.043012142,1
879,417,-0.6464624405,-0.9960610271,1
879,449,-0.9415438175,-2.353712559,1
879,481,-0.9338635206,-1.471935511,1
879,513,-0.1315190792,-1.177280545,1
879,545,0.2316285074,-0.5308893919,1
879,577,NaN,NaN,2
879,609,7.001031399,-0.08476245403,1
879,641,8.953229904,-1.220685601,1
879,673,10.2551918,-0.4826750755,1
879,705,NaN,NaN,2
879,737,1.128894806,-0.2992964983,1
879,769,0.6740385294,-0.9847753048,1
879,801,NaN,NaN,2
879,833,-0.422047317,-1.142030001,1
879,865,-4.572435379,-1.922818184,1
879,897,-1.760669708,-0.2890686989,1
879,929,-1.77284193,-2.349246025,1
879,961,NaN,NaN,2
879,993,NaN,NaN,2
879,1025,-2.536985397,-2.909417152,1
879,1057,NaN,NaN,2
879,1089,-2.575692177,-4.249979019,1
879,1121,-2.000601768,-2.355530977,1
879,1153,-1.372634649,0.2619588971,1
879,1185,-1.696028471,-0.338822037,1
879,1217,-1.892734766,-0.2199195325,1
879,1249,-1.810766697,-0.644280076,1
879,1281,-1.310268283,-1.136321425,1
879,1313,-1.352412462,-1.204978704,1
879,1345,-1.740564823,-0.6509936452,1
879,1377,-1.188567281,-0.0382951498,1
879,1409,-1.091366768,0.2762373686,1
879,1441,-2.027907133,-0.3915462196,1
879,1473,-2.326323986,-0.5700182915,1
879,1505,-2.986026049,0.3550666571,1
879,1537,-4.332794189,1.099373579,1
879,1569,-4.057314873,2.014625549,1
879,1601,-1.584392548,-0.5889210701,1
879,1633,0.7733817101,0.3408712149,1
879,1665,0.004605412483,0.3714359105,1
879,1697,0.5035408139,0.4065154195,1
879,1729,1.109471083,0.5121538639,1
879,1761,-0.3526821733,0.6994000077,1
879,1793,-1.352800608,-0.01675200462,1
879,1825,-1.070671082,-0.641782403,1
879,1857,NaN,NaN,2
879,1889,NaN,NaN,2
879,1921,NaN,NaN,2
879,1953,NaN,NaN,2
879,1985,-0.494099319,0.01335465163,1
879,2017,-0.1647442877,-0.5404977798,1
911,33,2.442946434,-0.09874403477,1
911,65,1.006927729,0.001292943954,1
911,97,0.9294991493,0.2334859073,1
911,129,1.224766254,-0.2926388979,1
911,161,1.472962856,0.7029428482,1
911,193,1.559967637,0.482211709,1
911,225,1.128132463,-0.194112733,1
911,257,0.6222993135,0.1788433194,1
911,289,0.8757841587,-0.1047749519,1
911,321,0.4612698555,-0.2183194458,1
911,353,-0.281637907,-0.3608086109,1
911,385,-0.6069482565,-1.021855831,1
911,417,-1.336512446,-2.515690565,1
911,449,-1.03327179,-1.925125718,1
911,481,-0.7586760521,-0.7731058598,1
911,513,0.2066705525,-0.4395138621,1
911,545,0.6591898799,-0.01696503162,1
911,577,NaN,NaN,2
911,609,NaN,NaN,2
911,641,8.845629692,-2.149092913,1
911,673,13.22279453,0.1348740458,1
911,705,NaN,NaN,2
911,737,NaN,NaN,2
911,769,-0.879122138,0.2074224949,1
911,801,-0.788643539,-0.2913246155,1
911,833,-1.151361942,-0.1531589031,1
911,865,-2.61849761,-0.9911572933,1
911,897,-4.273174763,-0.8428840637,1
911,929,-2.980547428,-2.124018192,1
911,961,-2.707067966,-2.010516167,1
911,993,-2.828014374,-3.226644754,1
911,1025,-2.149254322,-2.900668621,1
911,1057,NaN,NaN,2
911,1089,NaN,NaN,2
911,1121,-2.242148399,-0.4891015291,1
911,1153,-2.443021774,0.8222180009,1
911,1185,-2.529129028,1.182102799,1
911,1217,-2.502670288,0.277674973,1
911,1249,-2.415868282,-0.04532039165,1
911,1281,-2.135721207,-0.3159333467,1
911,1313,-1.775425911,-2.281445026,1
911,1345,-1.660462022,-1.635246277,1
911,1377,-1.003142118,-0.278770864,1
911,1409,-0.7787745595,0.004123471677,1
911,1441,-3.278807878,-0.24581635,1
911,1473,-1.465868235,-0.1809804142,1
911,1505,-2.836145878,0.897638917,1
911,1537,-3.42436552,1.233928084,1
911,1569,-2.618705034,1.641510606,1
911,1601,-1.760334611,1.050909519,1
911,1633,-0.8823022842,1.019210815,1
911,1665,-1.016808271,0.854487896,1
911,1697,-0.2909009457,1.004182339,1
911,1729,0.08139419556,3.257871151,1
911,1761,-2.243242502,0.9797481298,1
911,1793,NaN,NaN,2
911,1825,-1.092952013,0.3145833015,1
911,1857,NaN,NaN,2
911,1889,-3.687887192,5.625901699,1
911,1921,NaN,NaN,2
911,1953,-0.6930948496,2.969880104,1
911,1985,-0.5868185759,-0.7173300982,1
911,2017,-1.262021184,-0.2521139383,1
943,33,2.055106163,-0.0268394053,1
943,65,2.121794224,-1.701632261,1
943,97,3.624445438,-0.6560134888,1
943,129,3.178697586,0.7329700589,1
943,161,2.820549011,3.624061346,1
943,193,3.264323711,1.335869551,1
943,225,0.9987825751,-0.006549671292,1
943,257,0.3401207924,0.002733290195,1
943,289,-0.0939475596,-0.334097296,1
943,321,-1.45788753,-0.003398053348,1
943,353,-1.932317734,0.4175743461,1
943,385,-1.502514362,-0.1979756653,1
943,417,-2.214015007,-1.176858664,1
943,449,-2.905493021,-0.7038536072,1
943,481,-1.094496369,-0.6590195298,1
943,513,-0.003439515829,-0.3946912289,1
943,545,0.207464084,-0.09849119186,1
943,577,0.009482041001,1.004641771,1
943,609,NaN,NaN,2
943,641,NaN,NaN,2
943,673,NaN,NaN,2
943,705,NaN,NaN,2
943,737,NaN,NaN,2
943,769,-0.4454086423,-1.314105153,1
943,801,-0.6614835262,1.408885717,1
943,833,-1.48212564,1.96776104,1
943,865,-2.494439125,0.2532616854,1
943,897,-3.999755383,-0.08839514852,1
943,929,-3.348623753,-0.5917803049,1
943,961,-2.853872299,-0.3258275986,1
943,993,-2.345386267,-0.7953593731,1
943,1025,-1.987105846,-1.815112114,1
943,1057,NaN,NaN,2
943,1089,NaN,NaN,2
943,1121,-2.103881598,0.06665976346,1
943,1153,-3.329774857,0.144423604,1
943,1185,-3.176491022,0.2265627086,1
943,1217,-3.06389761,0.5962062478,1
943,1249,-3.050665379,0.4061516225,1
943,1281,-2.708249569,0.06551045924,1
943,1313,-2.031746149,-0.9227628112,1
943,1345,-1.028676867,-0.9945184588,1
943,1377,-0.02483719587,-0.4359028339,1
943,1409,-0.4289511442,-0.552513063,1
943,1441,-0.7488939166,-0.3884192705,1
943,1473,-0.8169090748,1.111433387,1
943,1505,-1.122858524,0.4553452134,1
943,1537,-1.278290987,0.9178338051,1
943,1569,-1.132025003,2.111220121,1
943,1601,-1.717161179,1.353635073,1
943,1633,-0.2063589096,2.666548729,1
943,1665,-0.4186019599,2.083045959,1
943,1697,-0.4193602204,1.926159382,1
943,1729,0.3957761526,2.143379211,1
943,1761,0.6009521484,2.25457716,1
943,1793,0.4090269804,4.626892567,1
943,1825,-0.6529618502,2.646715164,1
943,1857,-0.8251977563,2.269773006,1
943,1889,NaN,NaN,2
943,1921,0.5586610436,0.6784507632,1
943,1953,NaN,NaN,2
943,1985,-1.019856691,-1.890895963,1
943,2017,-1.855569601,-0.4073515534,1
975,33,0.6655350924,0.4545176923,1
975,65,1.918896437,-0.6874539852,1
975,97,3.562103987,-1.425657749,1
975,129,5.300311089,2.75576067,1
975,161,3.665624619,2.650147438,1
975,193,2.506070614,1.186526656,1
975,225,NaN,NaN,2
975,257,NaN,NaN,2
975,289,-0.6653102636,-0.9657808542,1
975,321,NaN,NaN,2
975,353,NaN,NaN,2
975,385,NaN,NaN,2
975,417,-2.365890503,-2.397031069,1
975,449,-1.323140621,-0.3273937702,1
975,481,-0.444991529,-0.1314371824,1
975,513,-0.301492542,-0.4908293486,1
975,545,-0.7691709399,-0.35067752,1
975,577,-0.9356544018,0.3453395963,1
975,609,0.1967390776,1.203892708,1
975,641,0.6969237328,-6.172829151,1
975,673,0.5924123526,0.5039368272,1
975,705,NaN,NaN,2
975,737,NaN,NaN,2
975,769,-1.013208389,3.924435139,1
975,801,NaN,NaN,2
975,833,-1.055850029,1.20018816,1
975,865,NaN,NaN,2
975,897,-2.272706032,1.08533597,1
975,929,-2.702113152,-0.2847967744,1
975,961,NaN,NaN,2
975,993,0.09003806114,0.2263742685,1
975,1025,-0.08713161945,0.08586317301,1
975,1057,NaN,NaN,2
975,1089,1.900228262,2.230747461,1
975,1121,-2.100948572,-0.0794493854,1
975,1153,-3.232533455,0.08284749836,1
975,1185,-3.360418558,0.1753156781,1
975,1217,-3.441001177,0.8343297243,1
975,1249,-3.969008446,0.4259855151,1
975,1281,-2.80753088,-0.07398472726,1
975,1313,-1.934163332,-0.6588650942,1
975,1345,NaN,NaN,2
975,1377,-0.2860741615,-1.786178589,1
975,1409,1.734393716,-1.880716085,1
975,1441,3.836390018,-2.214968443,1
975,1473,-0.4088140726,0.880805254,1
975,1505,-2.476910114,0.4741714001,1
975,1537,-0.8816469908,-1.105547428,1
975,1569,-1.551773906,1.192440271,1
975,1601,-3.052015305,0.9344961643,1
975,1633,NaN,NaN,2
975,1665,NaN,NaN,2
975,1697,-0.4512050152,2.536372185,1
975,1729,0.5456303954,2.274947882,1
975,1761,1.818499088,3.414450169,1
975,1793,1.080332398,3.793524742,1
975,1825,NaN,NaN,2
975,1857,-0.1660861969,2.042582512,1
975,1889,-0.7422946692,0.8944355845,1
975,1921,NaN,NaN,2
975,1953,NaN,NaN,2
975,1985,-1.151055336,0.2310320139,1
975,2017,-1.29440546,-0.5712065697,1
1007,33,0.1582980752,0.5540789366,1
1007,65,1.862328649,0.01719137467,1
1007,97,2.499442101,-0.366553843,1
1007,129,2.826066732,-0.2521090806,1
1007,161,2.211603165,0.5648187399,1
1007,193,NaN,NaN,2
1007,225,NaN,NaN,2
1007,257,NaN,NaN,2
1007,289,-0.2343232185,-0.9323197603,1
1007,321,NaN,NaN,2
1007,353,NaN,NaN,2
1007,385,NaN,NaN,2
1007,417,NaN,NaN,2
1007,449,-0.2488289326,-1.951855779,1
1007,481,-0.1583883315,0.1735467911,1
1007,513,0.001675955951,0.5787531734,1
1007,545,-0.1352208853,-0.8400657177,1
1007,577,-0.1940398067,-0.6826174259,1
1007,609,NaN,NaN,2
1007,641,NaN,NaN,2
1007,673,-0.0615529567,1.376423955,1
1007,705,NaN,NaN,2
1007,737,NaN,NaN,2
1007,769,-2.095401525,3.519481659,1
1007,801,-1.528520346,6.201471806,1
1007,833,-0.6472264528,1.600082397,1
1007,865,0.01623177528,0.8517582417,1
1007,897,0.7455662489,3.782792807,1
1007,929,0.02601110935,3.063678265,1
1007,961,NaN,NaN,2
1007,993,1.807691097,-2.697019339,1
1007,1025,-0.1384807229,0.5100311041,1
1007,1057,-0.3466748595,0.773892045,1
1007,1089,-0.3303210735,0.3477763534,1
1007,1121,-1.043476343,-0.07169558108,1
1007,1153,-4.391308784,0.1902159005,1
1007,1185,-3.51731348,0.6358221769,1
1007,1217,-3.889005423,1.215164542,1
1007,1249,-3.601869583,0.7720888257,1
1007,1281,-2.638589382,0.1388595104,1
1007,1313,-1.537566543,-0.3911442757,1
1007,1345,-0.3488389254,-0.7783088684,1
1007,1377,-0.07265859842,-0.8068511486,1
1007,1409,4.121350288,-2.888331413,1
1007,1441,3.097349644,-2.749638796,1
1007,1473,1.172741652,-0.5288276076,1
1007,1505,0.519821167,0.1779851913,1
1007,1537,0.002533644438,0.5698704123,1
1007,1569,-0.776506722,0.7708402872,1
1007,1601,-2.44896841,0.7600851655,1
1007,1633,-4.272202969,3.492124081,1
1007,1665,-2.451923132,2.166698217,1
1007,1697,-0.1947519928,2.627719641,1
1007,1729,0.5492085218,4.109390259,1
1007,1761,0.9803982377,2.69230175,1
1007,1793,0.7634290457,2.688591242,1
1007,1825,0.5875349641,3.189695358,1
1007,1857,NaN,NaN,2
1007,1889,-0.336186707,1.784155369,1
1007,1921,NaN,NaN,2
1007,1953,-1.945578218,1.403250337,1
1007,1985,NaN,NaN,2
1007,2017,-0.842009902,-0.2591184378,1
1039,33,-0.7609876394,0.1719004214,1
1039,65,0.9822375774,-1.127228618,1
1039,97,2.175834894,-0.07942222059,1
1039,129,2.862731457,0.4327554405,1
1039,161,4.09380722,1.722708941,1
1039,193,1.957114339,-0.6779846549,1
1039,225,1.001494527,-0.8580304384,1
1039,257,0.7127363682,-1.079949141,1
1039,289,-0.1894667447,-0.1286856532,1
1039,321,0.9205405116,0.01408398151,1
1039,353,NaN,NaN,2
1039,385,NaN,NaN,2
1039,417,3.057916641,0.3238297105,1
1039,449,1.008152723,0.7414430976,1
1039,481,0.4739340544,0.7243578434,1
1039,513,0.5728945732,0.6981980801,1
1039,545,0.1923594326,-1.132148862,1
1039,577,2.288371086,0.08064925671,1
1039,609,NaN,NaN,2
1039,641,-0.9132022262,4.645569801,1
1039,673,-0.7503544688,1.955616474,1
1039,705,-0.7083511949,4.251877785,1
1039,737,-0.6014840603,1.90823698,1
1039,769,-1.447512388,2.84145093,1
1039,801,NaN,NaN,2
1039,833,0.1547695398,1.675811768,1
1039,865,0.6649879813,0.6627572775,1
1039,897,NaN,NaN,2
1039,929,NaN,NaN,2
1039,961,-0.6112861633,-0.4294181466,1
1039,993,-0.5991156697,-1.20665133,1
1039,1025,-0.5519350171,-0.1519134939,1
1039,1057,-0.07800155878,0.422586441,1
1039,1089,-0.08670508862,0.1334172636,1
1039,1121,0.05865466595,0.003367230296,1
1039,1153,NaN,NaN,2
1039,1185,-2.693331003,0.996507287,1
1039,1217,-3.662553549,2.024054766,1
1039,1249,-3.520399332,1.528564692,1
1039,1281,-2.431277275,0.6573505402,1
1039,1313,-2.608669758,0.2007803917,1
1039,1345,-1.842869282,-1.176221251,1
1039,1377,-0.8422992826,0.2958374619,1
1039,1409,-0.18818295,1.05337286,1
1039,1441,1.671307325,-1.836175919,1
1039,1473,1.831490636,-1.841008902,1
1039,1505,2.115760088,-0.6979122162,1
1039,1537,2.342644691,-1.229696512,1
1039,1569,-0.3128419518,-0.1917925477,1
1039,1601,-2.330965042,0.4495501816,1
1039,1633,-3.994499207,1.222445846,1
1039,1665,-2.260563135,1.407437563,1
1039,1697,0.553232193,2.681535244,1
1039,1729,0.8994626999,4.388793945,1
1039,1761,0.6277979612,2.315927029,1
1039,1793,3.317500114,2.186131239,1
1039,1825,1.48434639,1.326201081,1
1039,1857,1.597811341,1.452901483,1
1039,1889,1.042169929,0.5290298462,1
1039,1921,-0.8131228685,0.5993216038,1
1039,1953,NaN,NaN,2
1039,1985,NaN,NaN,2
1039,2017,NaN,NaN,2
1071,33,NaN,NaN,2
1071,65,0.3365081549,-1.591916561,1
1071,97,2.12296629,-0.3918783069,1
1071,129,2.219416618,0.1470208168,1
1071,161,2.144115925,0.726401329,1
1071,193,NaN,NaN,2
1071,225,1.740475178,-0.8209459186,1
1071,257,1.061558366,-1.144486189,1
1071,289,0.2290010452,-0.7819949389,1
1071,321,1.805934906,-0.3843152523,1
1071,353,1.926135898,0.2986489534,1
1071,385,NaN,NaN,2
1071,417,2.685621023,0.7851906419,1
1071,449,0.8964065313,2.021421671,1
1071,481,0.440030396,1.429845095,1
1071,513,0.8111006021,1.287014604,1
1071,545,-0.6311672926,1.365986228,1
1071,577,-0.7615483999,3.056848526,1
1071,609,-1.099680662,3.216571569,1
1071,641,NaN,NaN,2
1071,673,NaN,NaN,2
1071,705,-12.32707787,1.840551972,1
1071,737,NaN,NaN,2
1071,769,NaN,NaN,2
1071,801,-1.809998751,1.840307713,1
1071,833,0.4270250201,0.7077909112,1
1071,865,0.9299396276,0.5633379221,1
1071,897,NaN,NaN,2
1071,929,0.4118316174,-0.4432414174,1
1071,961,0.1710965633,-1.254385114,1
1071,993,-0.9154945016,-1.049742699,1
1071,1025,-0.9272993207,-1.245332122,1
1071,1057,-0.2717182636,0.3755833805,1
1071,1089,-0.3281837702,0.2361176014,1
1071,1121,-0.7957971692,0.2448338866,1
1071,1153,-1.14421773,0.1883377433,1
1071,1185,-2.007238388,0.9895181656,1
1071,1217,-2.898170471,2.068977833,1
1071,1249,-2.804530859,2.035787344,1
1071,1281,-2.008174658,1.145197988,1
1071,1313,-1.815620661,-0.1113184094,1
1071,1345,-0.2829636335,-0.006122048944,1
1071,1377,0.6822350025,1.692985654,1
1071,1409,1.091276646,1.740185499,1
1071,1441,1.930761695,0.9336102009,1
1071,1473,0.9914164543,-1.885140896,1
1071,1505,1.477596879,-1.629668474,1
1071,1537,0.6288183928,-2.061271429,1
1071,1569,-0.2950397134,-1.560071588,1
1071,1601,NaN,NaN,2
1071,1633,NaN,NaN,2
1071,1665,NaN,NaN,2
1071,1697,0.4628883898,1.898131967,1
1071,1729,0.4563563764,3.401291847,1
1071,1761,-1.14533186,1.770461321,1
1071,1793,NaN,NaN,2
1071,1825,NaN,NaN,2
1071,1857,1.107652187,1.630641818,1
1071,1889,0.3526391387,0.9966765642,1
1071,1921,0.2105957866,0.2494364977,1
1071,1953,NaN,NaN,2
1071,1985,NaN,NaN,2
1071,2017,-4.733736038,-0.04379343987,1
1103,33,NaN,NaN,2
1103,65,1.56487453,0.108980149,1
1103,97,1.789706945,0.2778535783,1
1103,129,2.303848743,0.1973416805,1
1103,161,2.885565281,0.0536108911,1
1103,193,NaN,NaN,2
1103,225,2.237037182,-0.9719442129,1
1103,257,1.410348892,-1.107032776,1
1103,289,NaN,NaN,2
1103,321,1.439203501,-0.1928616464,1
1103,353,1.19137454,0.2392556071,1
1103,385,NaN,NaN,2
1103,417,NaN,NaN,2
1103,449,-0.3238611221,1.646989822,1
1103,481,-0.7109012008,1.230278015,1
1103,513,NaN,NaN,2
1103,545,NaN,NaN,2
1103,577,-0.7068780661,6.66750145,1
1103,609,-1.823984623,6.683763504,1
1103,641,NaN,NaN,2
1103,673,-11.23068333,7.914756775,1
1103,705,-12.76159477,1.584701538,1
1103,737,-11.29012203,-1.083871484,1
1103,769,NaN,NaN,2
1103,801,-1.860813141,0.1994416118,1
1103,833,-1.07428515,-0.4966438413,1
1103,865,-0.7168647647,0.1512320638,1
1103,897,-1.26232779,-1.710161448,1
1103,929,1.734972954,-2.718332291,1
1103,961,-0.04358494282,-0.5073895454,1
1103,993,-0.3937622309,-0.2454267144,1
1103,1025,1.02155149,0.7013328671,1
1103,1057,-0.1030400395,0.6603426933,1
1103,1089,-1.057636976,0.07984054089,1
1103,1121,-0.5537741184,1.010081768,1
1103,1153,-1.01896596,0.7274461389,1
1103,1185,-1.267909765,0.7224510908,1
1103,1217,-1.483242154,1.114633441,1
1103,1249,-1.739022732,1.444003344,1
1103,1281,-1.172056556,1.310496092,1
1103,1313,-0.4444983602,-1.562681675,1
1103,1345,NaN,NaN,2
1103,1377,2.648165941,0.5731230378,1
1103,1409,2.607157707,0.2154198885,1
1103,1441,NaN,NaN,2
1103,1473,NaN,NaN,2
1103,1505,1.789566994,-1.003354073,1
1103,1537,2.182543039,-0.4559853077,1
1103,1569,-0.2903165221,-0.2430269718,1
1103,1601,NaN,NaN,2
1103,1633,NaN,NaN,2
1103,1665,NaN,NaN,2
1103,1697,NaN,NaN,2
1103,1729,-0.5623253584,0.9204508066,1
1103,1761,-0.2500169277,1.23448801,1
1103,1793,0.7454849482,1.316391468,1
1103,1825,0.6019843817,4.054459572,1
1103,1857,-0.1461383104,3.019208431,1
1103,1889,-1.111932755,1.575172663,1
1103,1921,0.4870073795,0.7500659227,1
1103,1953,0.03915661573,-2.110682011,1
1103,1985,-0.6354418993,-0.2164276838,1
1103,2017,-0.1626031399,-0.07621431351,1
1135,33,1.841050625,0.1906674504,1
1135,65,0.7366980314,0.4798038304,1
1135,97,0.7922978401,0.9347803593,1
1135,129,1.824932933,0.3095681071,1
1135,161,2.824914932,-0.2131202519,1
1135,193,NaN,NaN,2
1135,225,NaN,NaN,2
1135,257,NaN,NaN,2
1135,289,NaN,NaN,2
1135,321,1.779848814,0.1008282602,1
1135,353,1.042832375,-0.9316418171,1
1135,385,0.5867862701,0.05239725113,1
1135,417,-0.2422661781,1.829999447,1
1135,449,-0.2985671759,0.4567043781,1
1135,481,-0.8635130525,0.3849056959,1
1135,513,-0.9853498936,2.039269447,1
1135,545,-0.8056663275,3.721173763,1
1135,577,-1.178841472,5.504085541,1
1135,609,-1.314133883,7.523897648,1
1135,641,NaN,NaN,2
1135,673,NaN,NaN,2
1135,705,NaN,NaN,2
1135,737,-6.00195694,-0.5976771116,1
1135,769,-3.242032051,-0.7233226895,1
1135,801,-1.804575443,-2.725997925,1
1135,833,-0.6689634323,-0.6315122843,1
1135,865,-1.088212252,-0.3791202307,1
1135,897,-1.163876772,-0.3100898862,1
1135,929,NaN,NaN,2
1135,961,-0.5493513346,0.1530425549,1
1135,993,-0.1063595414,0.6203666925,1
1135,1025,0.5670733452,0.9458941221,1
1135,1057,NaN,NaN,2
1135,1089,0.3747636676,1.859924793,1
1135,1121,0.8020840287,1.847930312,1
1135,1153,-0.6309300661,1.214542866,1
1135,1185,-0.8052994013,0.3848739266,1
1135,1217,-0.5219010115,0.3323977888,1
1135,1249,-1.093175888,-2.407455444,1
1135,1281,-1.132940769,-0.1382306814,1
1135,1313,-0.1440277696,-0.6384658813,1
1135,1345,NaN,NaN,2
1135,1377,NaN,NaN,2
1135,1409,1.938776612,-1.308863282,1
1135,1441,NaN,NaN,2
1135,1473,NaN,NaN,2
1135,1505,NaN,NaN,2
1135,1537,NaN,NaN,2
1135,1569,NaN,NaN,2
1135,1601,NaN,NaN,2
1135,1633,NaN,NaN,2
1135,1665,NaN,NaN,2
1135,1697,NaN,NaN,2
1135,1729,-1.938109517,0.3672039509,1
1135,1761,NaN,NaN,2
1135,1793,2.839419365,0.7555812001,1
1135,1825,1.597328782,1.516835451,1
1135,1857,0.5838451385,-0.1953980923,1
1135,1889,0.09774899483,1.283387184,1
1135,1921,-0.3519974351,0.4057952166,1
1135,1953,-0.314412415,-0.0472548008,1
1135,1985,-0.7512227893,0.09546254575,1
1135,2017,-1.561262369,-0.222366184,1
1167,33,2.174791813,0.1482974887,1
1167,65,-0.3032878637,0.4421306252,1
1167,97,-0.01034295559,0.7874458432,1
1167,129,1.349812627,-0.5744761229,1
1167,161,NaN,NaN,2
1167,193,2.460736513,2.430789948,1
1167,225,2.820284843,-1.349264383,1
1167,257,2.015182018,-2.646343708,1
1167,289,1.15335536,-2.158249378,1
1167,321,0.3158974051,-0.6997795105,1
1167,353,0.23240453,-0.1403844357,1
1167,385,0.0630941391,0.7554997206,1
1167,417,-0.8348766565,0.5078508854,1
1167,449,-0.7548685074,0.4960275888,1
1167,481,-1.399321795,0.9057619572,1
1167,513,-1.490700483,1.50337553,1
1167,545,-1.084711075,3.284749031,1
1167,577,-1.233881831,3.132733107,1
1167,609,-2.195888281,4.04715538,1
1167,641,-1.475008607,6.112015247,1
1167,673,-2.293782234,3.908973694,1
1167,705,-3.562855244,0.9171969295,1
1167,737,-3.778828859,-1.756166935,1
1167,769,-2.975428104,-1.919035673,1
1167,801,NaN,NaN,2
1167,833,-1.187842727,-1.559692144,1
1167,865,-1.310493708,-1.201341271,1
1167,897,-2.343871593,-0.5336762667,1
1167,929,-0.09425020218,-0.3426924646,1
1167,961,-0.6106393337,1.145115614,1
1167,993,-1.108539581,1.809565425,1
1167,1025,-0.7577248812,0.4214726686,1
1167,1057,-0.7849549055,0.8153640032,1
1167,1089,0.2907657921,1.990000248,1
1167,1121,0.5067668557,2.836616039,1
1167,1153,0.04174435139,1.72433877,1
1167,1185,-0.9116516113,0.510412693,1
1167,1217,NaN,NaN,2
1167,1249,NaN,NaN,2
1167,1281,NaN,NaN,2
1167,1313,0.01009482145,0.07603645325,1
1167,1345,NaN,NaN,2
1167,1377,1.244078159,-1.180407524,1
1167,1409,0.5359619856,-1.223081112,1
1167,1441,-0.8567332625,-1.666939735,1
1167,1473,-1.066190958,-2.706782341,1
1167,1505,-0.4284965396,-1.511592627,1
1167,1537,0.572358191,-0.5307351351,1
1167,1569,-0.467536509,0.3514044881,1
1167,1601,0.1190372705,0.9196439981,1
1167,1633,1.025792003,0.6644079089,1
1167,1665,1.021743059,0.4249728918,1
1167,1697,NaN,NaN,2
1167,1729,1.403077364,1.890333414,1
1167,1761,NaN,NaN,2
1167,1793,NaN,NaN,2
1167,1825,3.129437447,1.653977275,1
1167,1857,2.255630255,1.870172977,1
1167,1889,1.144681692,1.961878777,1
1167,1921,-3.013845444,2.179792881,1
1167,1953,-0.3712365031,0.5682182312,1
1167,1985,-1.861462116,0.2114881575,1
1167,2017,-3.411362171,-0.8696079254,1
1199,33,1.791738749,0.01822948456,1
1199,65,-0.2860060334,0.397672981,1
1199,97,0.107634455,2.065346241,1
1199,129,1.37554276,0.8900031447,1
1199,161,2.423844576,0.5972962379,1
1199,193,2.735092163,2.374792576,1
1199,225,2.362474203,1.6134547,1
1199,257,2.343650103,1.064508796,1
1199,289,0.7192205191,0.6626061201,1
1199,321,0.2347838283,2.546809673,1
1199,353,0.1110659838,1.62264514,1
1199,385,NaN,NaN,2
1199,417,-0.2315416336,0.9464691877,1
1199,449,-0.6268537045,1.222074509,1
1199,481,-1.12582612,1.405166864,1
1199,513,-1.277463675,1.302512884,1
1199,545,-1.531603813,1.148548365,1
1199,577,NaN,NaN,2
1199,609,NaN,NaN,2
1199,641,0.6358472109,5.864974499,1
1199,673,-2.535259962,3.528852463,1
1199,705,NaN,NaN,2
1199,737,-2.627556801,-1.737334013,1
1199,769,-1.986836553,-1.489550114,1
1199,801,-1.249092102,-0.9421124458,1
1199,833,-1.021477938,-1.795551181,1
1199,865,-1.63947022,-2.794580936,1
1199,897,-1.708519936,-2.662331104,1
1199,929,-0.6760944128,0.2441703677,1
1199,961,-0.2559747696,0.9167407751,1
1199,993,-0.6359864473,-0.1190601513,1
1199,1025,-1.668867826,-0.3231982291,1
1199,1057,-1.626187801,0.5891337395,1
1199,1089,-0.3344879746,2.313261747,1
1199,1121,0.3036449552,1.708178043,1
1199,1153,0.4744586945,0.2982804775,1
1199,1185,1.270459175,1.106808662,1
1199,1217,-0.5882835984,0.4565409422,1
1199,1249,NaN,NaN,2
1199,1281,NaN,NaN,2
1199,1313,1.869554758,-0.05317948759,1
1199,1345,NaN,NaN,2
1199,1377,2.706563711,-0.4132843018,1
1199,1409,2.018634081,-0.8569357395,1
1199,1441,0.883205533,-1.97274375,1
1199,1473,-0.3094127774,-3.242238998,1
1199,1505,2.379783154,-1.535462499,1
1199,1537,1.476486087,0.7066300511,1
1199,1569,0.4072220325,-0.159638375,1
1199,1601,0.7806897759,-0.1894323826,1
1199,1633,1.117372036,0.1398071051,1
1199,1665,1.111479878,0.7130500674,1
1199,1697,1.413654447,1.086781025,1
1199,1729,1.426327705,0.532839179,1
1199,1761,NaN,NaN,2
1199,1793,NaN,NaN,2
1199,1825,1.769954801,1.352888823,1
1199,1857,1.636514187,2.982609987,1
1199,1889,1.039012909,3.487583876,1
1199,1921,-1.393597007,2.302057028,1
1199,1953,NaN,NaN,2
1199,1985,-1.181922197,0.2531048656,1
1199,2017,-2.553377628,-1.099170685,1
1231,33,0.5205154419,0.3262829781,1
1231,65,-0.4012582898,0.4619715512,1
1231,97,-0.01235240698,2.134536982,1
1231,129,1.268916726,1.331368208,1
1231,161,2.400968313,0.7440705299,1
1231,193,2.856965542,0.4982357025,1
1231,225,2.889200926,2.110673904,1
1231,257,2.346926451,2.354650259,1
1231,289,-1.545974731,3.836068869,1
1231,321,NaN,NaN,2
1231,353,NaN,NaN,2
1231,385,NaN,NaN,2
1231,417,1.728136182,1.558097601,1
1231,449,-0.4299638867,1.676138163,1
1231,481,-1.147314548,1.63663435,1
1231,513,-1.218523741,1.493370295,1
1231,545,NaN,NaN,2
1231,577,NaN,NaN,2
1231,609,NaN,NaN,2
1231,641,NaN,NaN,2
1231,673,NaN,NaN,2
1231,705,-3.626078606,-1.374840975,1
1231,737,-2.252132654,-1.085110903,1
1231,769,NaN,NaN,2
1231,801,NaN,NaN,2
1231,833,-2.85678339,0.4526087046,1
1231,865,-2.372570992,-0.7760158777,1
1231,897,-1.806988478,-0.6979810596,1
1231,929,-1.448322773,0.6357566118,1
1231,961,-0.8833690882,0.3685777187,1
1231,993,-0.156743288,-2.936945915,1
1231,1025,-1.114603281,-1.020395875,1
1231,1057,-0.8436541557,-0.4229124784,1
1231,1089,NaN,NaN,2
1231,1121,0.05912058055,1.12087214,1
1231,1153,0.02866983414,1.059316278,1
1231,1185,0.3487153649,0.2558688521,1
1231,1217,-0.6106972098,0.5803626776,1
1231,1249,NaN,NaN,2
1231,1281,-0.6922690868,0.4928026199,1
1231,1313,-0.6656945944,0.9776951075,1
1231,1345,0.04873156548,1.193704844,1
1231,1377,0.7291634083,-0.3512752056,1
1231,1409,1.045172215,-1.209960818,1
1231,1441,1.265822172,-1.937337756,1
1231,1473,0.2134972811,-2.522669077,1
1231,1505,1.158247828,-1.464043379,1
1231,1537,1.530262351,-0.9474167824,1
1231,1569,NaN,NaN,2
1231,1601,2.914476395,0.1731128991,1
1231,1633,2.117465258,0.3679442704,1
1231,1665,2.433405876,0.5326515436,1
1231,1697,1.232682705,0.1885141134,1
1231,1729,1.075155973,-0.821146667,1
1231,1761,1.54394722,0.9563914537,1
1231,1793,2.379522562,3.372721434,1
1231,1825,1.752208948,0.6993055344,1
1231,1857,-0.6720278263,2.53463459,1
1231,1889,-1.007570267,3.127002001,1
1231,1921,-1.150588274,1.364662647,1
1231,1953,NaN,NaN,2
1231,1985,-0.4380407333,0.5209463239,1
1231,2017,-0.7616400719,-0.7340224385,1
1263,33,-0.1902163029,0.5245907307,1
1263,65,-0.3483957946,0.4246997535,1
1263,97,0.09660482407,2.47170639,1
1263,129,1.992133856,1.374206424,1
1263,161,2.257707119,1.243001819,1
1263,193,1.971330881,1.376726627,1
1263,225,2.388820648,2.396327972,1
1263,257,2.766002655,3.006895065,1
1263,289,1.264707565,4.042269707,1
1263,321,1.238605499,2.685225248,1
1263,353,NaN,NaN,2
1263,385,NaN,NaN,2
1263,417,NaN,NaN,2
1263,449,-0.3341762424,1.552336097,1
1263,481,-0.7555713654,1.328881025,1
1263,513,-0.8255118132,1.393919826,1
1263,545,-0.7164159417,1.507567167,1
1263,577,NaN,NaN,2
1263,609,-0.5518307686,1.265948892,1
1263,641,NaN,NaN,2
1263,673,-2.381570816,-1.485006571,1
1263,705,NaN,NaN,2
1263,737,NaN,NaN,2
1263,769,NaN,NaN,2
1263,801,NaN,NaN,2
1263,833,-3.036741257,1.219009995,1
1263,865,-1.865338206,0.4204117358,1
1263,897,-1.782404661,0.4550345838,1
1263,929,-1.39594233,1.071444988,1
1263,961,-0.1920623779,0.9319943786,1
1263,993,0.06471467018,-0.5843357444,1
1263,1025,1.765431881,-2.832854509,1
1263,1057,0.09238314629,-1.890105963,1
1263,1089,-0.2598513365,-1.20790112,1
1263,1121,-0.4529685378,0.05061760545,1
1263,1153,-0.6981267333,0.5105669498,1
1263,1185,-0.9337669015,0.1769775301,1
1263,1217,-0.1613619924,0.3848956227,1
1263,1249,-0.5981505513,0.1552278399,1
1263,1281,-0.6836012006,0.3090258837,1
1263,1313,-1.800448895,1.252007008,1
1263,1345,-0.2703036368,1.062181234,1
1263,1377,0.1580207646,0.02260372043,1
1263,1409,-0.6564992666,0.5171667337,1
1263,1441,-0.4181374907,-1.424058437,1
1263,1473,0.6410785317,-4.253310204,1
1263,1505,0.7189902067,-3.404881239,1
1263,1537,0.8822154999,-0.6525154114,1
1263,1569,0.3602378964,0.735152781,1
1263,1601,NaN,NaN,2
1263,1633,3.383838892,0.4944063425,1
1263,1665,-0.4742105007,0.468842268,1
1263,1697,0.3805696964,0.2950179577,1
1263,1729,2.360081196,0.489796102,1
1263,1761,3.066507816,0.5002102256,1
1263,1793,NaN,NaN,2
1263,1825,3.083435535,0.6212307215,1
1263,1857,NaN,NaN,2
1263,1889,0.8254060149,-0.4063044786,1
1263,1921,NaN,NaN,2
1263,1953,NaN,NaN,2
1263,1985,0.05059773475,0.4913040996,1
1263,2017,-0.4980247617,-0.1644445062,1
1295,33,0.8219275475,0.4866518974,1
1295,65,NaN,NaN,2
1295,97,-1.434114456,2.176391602,1
1295,129,0.7336331606,0.9893633127,1
1295,161,NaN,NaN,2
1295,193,0.2929389477,1.88523829,1
1295,225,0.6742141247,1.621417046,1
1295,257,0.750017643,3.178478241,1
1295,289,0.6827132106,5.10656929,1
1295,321,1.310085416,2.58767581,1
1295,353,3.62485075,1.383241773,1
1295,385,1.672885418,-0.2866091728,1
1295,417,0.9711281061,0.6135661006,1
1295,449,NaN,NaN,2
1295,481,-0.4012503028,1.000926971,1
1295,513,-0.5843303204,-0.2638494968,1
1295,545,-0.5657640696,1.181439281,1
1295,577,-0.3735167682,1.400246859,1
1295,609,0.1439121962,0.6921651363,1
1295,641,0.6800711155,-0.4568983316,1
1295,673,-0.1109648943,-0.370015502,1
1295,705,NaN,NaN,2
1295,737,NaN,NaN,2
1295,769,-1.053262949,1.777356029,1
1295,801,NaN,NaN,2
1295,833,-2.855735302,2.621909142,1
1295,865,-1.466658831,0.8696409464,1
1295,897,-1.619283676,0.3848454356,1
1295,929,-1.439006925,0.5297480226,1
1295,961,-0.8169108629,0.5336715579,1
1295,993,0.6666736603,-0.1943496764,1
1295,1025,1.904127359,-2.990555763,1
1295,1057,0.7010543346,-1.711459279,1
1295,1089,0.317625165,-1.141895771,1
1295,1121,0.3126301765,-1.27127564,1
1295,1153,-1.407145739,0.3749748766,1
1295,1185,-2.170603991,0.4929343462,1
1295,1217,-1.006690979,0.07566982508,1
1295,1249,-0.8279821277,-1.183960199,1
1295,1281,-0.9485101104,-2.572478771,1
1295,1313,NaN,NaN,2
1295,1345,0.1536942869,0.8447582722,1
1295,1377,0.3871179223,-0.07812022418,1
1295,1409,0.4555538893,-0.3823796511,1
1295,1441,0.4219068885,-0.8779206276,1
1295,1473,1.494751215,-4.18542099,1
1295,1505,0.7824380398,-2.499571323,1
1295,1537,-0.0201073885,-0.8277626038,1
1295,1569,NaN,NaN,2
1295,1601,-0.9597653151,-1.929255724,1
1295,1633,0.5015468597,-1.240161419,1
1295,1665,0.2857236862,0.002816319466,1
1295,1697,1.675148726,-0.368834734,1
1295,1729,3.268121958,-0.04690641165,1
1295,1761,NaN,NaN,2
1295,1793,NaN,NaN,2
1295,1825,NaN,NaN,2
1295,1857,0.7294562459,-0.0339396596,1
1295,1889,0.19863379,-0.4727758765,1
1295,1921,-0.8069885969,-0.5087795258,1
1295,1953,-0.5757424235,2.561526775,1
1295,1985,0.8980582356,-1.911615491,1
1295,2017,-0.2720586061,0.1238937974,1
1327,33,-0.01185108721,0.1710727215,1
1327,65,NaN,NaN,2
1327,97,0.2563554347,3.80901289,1
1327,129,NaN,NaN,2
1327,161,NaN,NaN,2
1327,193,-0.3303130269,2.888414383,1
1327,225,0.1392272711,0.8345050812,1
1327,257,-0.96229285,0.269261837,1
1327,289,0.2567815185,1.685607672,1
1327,321,0.9771440029,2.368696451,1
1327,353,2.942801476,1.753878951,1
1327,385,3.005259037,-0.39477247,1
1327,417,2.073990107,-0.4209337234,1
1327,449,-0.2762349844,0.7141619921,1
1327,481,-0.3634250164,0.8253843784,1
1327,513,-0.3693688512,1.265501261,1
1327,545,0.1218050718,1.381766081,1
1327,577,0.3839766979,1.332075477,1
1327,609,0.3204410672,-0.4683009982,1
1327,641,0.8625181913,-1.103994846,1
1327,673,0.6054309011,-2.850957394,1
1327,705,-0.7427324057,-3.500113964,1
1327,737,-1.033342481,-0.004899650812,1
1327,769,NaN,NaN,2
1327,801,NaN,NaN,2
1327,833,NaN,NaN,2
1327,865,-2.166232347,-0.3040018082,1
1327,897,-2.479492664,-0.845277071,1
1327,929,-1.764444113,-1.66576767,1
1327,961,-0.5869817734,-0.8568203449,1
1327,993,NaN,NaN,2
1327,1025,NaN,NaN,2
1327,1057,-2.265431881,0.8969222307,1
1327,1089,-3.075597525,1.145487547,1
1327,1121,1.335711718,-2.055581331,1
1327,1153,-1.587822914,-2.33565712,1
1327,1185,-3.552245617,-0.3802823722,1
1327,1217,-4.512374878,0.9029594064,1
1327,1249,-1.212728024,-0.3803866804,1
1327,1281,-0.2454755306,-1.084955215,1
1327,1313,-0.1400727481,0.2432144284,1
1327,1345,0.2588798404,0.2158539891,1
1327,1377,0.8291615248,-0.5434295535,1
1327,1409,1.272895217,-0.7117340565,1
1327,1441,1.266832829,-0.4169251919,1
1327,1473,1.176638246,-1.261411786,1
1327,1505,0.903054595,-1.62324667,1
1327,1537,0.2897779346,-1.368871689,1
1327,1569,NaN,NaN,2
1327,1601,-0.3007776141,-1.76452148,1
1327,1633,0.1181209087,-1.195255637,1
1327,1665,2.363152266,-0.3985210359,1
1327,1697,3.599716187,-0.6679502726,1
1327,1729,3.362952709,-0.7494798899,1
1327,1761,2.478227139,-1.409511805,1
1327,1793,0.974386692,-3.709300518,1
1327,1825,NaN,NaN,2
1327,1857,2.356125832,-0.0116058588,1
1327,1889,1.971788049,-0.2184646428,1
1327,1921,NaN,NaN,2
1327,1953,NaN,NaN,2
1327,1985,-0.1355353892,0.07487142831,1
1327,2017,-0.05456531048,0.006648823619,1
1359,33,0.5534347296,-0.001137733459,1
1359,65,1.165202618,3.470954895,1
1359,97,0.6811522841,4.704961777,1
1359,129,NaN,NaN,2
1359,161,-0.5447545648,2.883360386,1
1359,193,-0.9236407876,3.186737299,1
1359,225,0.2897013426,1.649127483,1
1359,257,NaN,NaN,2
1359,289,NaN,NaN,2
1359,321,0.5415161848,2.424679041,1
1359,353,1.690967798,1.833875895,1
1359,385,2.405663013,0.2521979809,1
1359,417,1.950425148,0.03008061647,1
1359,449,0.1673917174,0.7885366678,1
1359,481,-1.254380703,1.763723135,1
1359,513,-0.6317947507,3.300573349,1
1359,545,-0.6496850252,1.384890676,1
1359,577,-1.274900556,-0.09065306187,1
1359,609,-0.9740825295,-2.123205662,1
1359,641,NaN,NaN,2
1359,673,-0.1515378952,-3.759925604,1
1359,705,NaN,NaN,2
1359,737,-1.622835755,0.05777329206,1
1359,769,0.6729960442,0.4677046537,1
1359,801,-0.2330547571,-1.433050275,1
1359,833,-0.06392455101,0.1670150757,1
1359,865,-3.043520451,-1.064511299,1
1359,897,-3.074875116,-1.477734447,1
1359,929,-0.3919155598,-0.03698220849,1
1359,961,NaN,NaN,2
1359,993,NaN,NaN,2
1359,1025,-0.3357554078,0.7755449414,1
1359,1057,-0.5651510358,0.7379467487,1
1359,1089,-0.4858239889,0.06771948934,1
1359,1121,-1.356855273,-0.8302490115,1
1359,1153,-1.658375502,-1.024419665,1
1359,1185,-1.635268688,-0.2694673836,1
1359,1217,-1.56513238,0.9452805519,1
1359,1249,-2.051110983,1.908477426,1
1359,1281,-1.077341795,2.138196707,1
1359,1313,0.4609649181,1.211629629,1
1359,1345,NaN,NaN,2
1359,1377,1.762469292,0.1881946921,1
1359,1409,1.66913271,-0.1231135428,1
1359,1441,1.384280801,-0.1003796458,1
1359,1473,1.371745348,-0.452001214,1
1359,1505,1.771989346,-0.9879229069,1
1359,1537,1.947055459,-2.398140669,1
1359,1569,0.9217181206,-3.56074214,1
1359,1601,0.009344875813,-2.313589573,1
1359,1633,1.594235897,-1.326005459,1
1359,1665,4.802983284,1.263193846,1
1359,1697,4.482164383,-0.1907743663,1
1359,1729,4.33181572,-1.001431823,1
1359,1761,1.684835196,-0.732218802,1
1359,1793,NaN,NaN,2
1359,1825,0.2691743374,-1.058042765,1
1359,1857,0.8315720558,-0.2760638297,1
1359,1889,0.1256953478,0.1099393666,1
1359,1921,-1.30057478,0.4277960062,1
1359,1953,NaN,NaN,2
1359,1985,-0.1574656069,0.1209489629,1
1359,2017,-0.4546710253,-0.4407974482,1
1391,33,1.359417081,0.1411299706,1
1391,65,2.816316605,3.812169313,1
1391,97,1.852986336,2.558244944,1
1391,129,NaN,NaN,2
1391,161,NaN,NaN,2
1391,193,-2.07844305,2.905740261,1
1391,225,-1.224039197,1.502726912,1
1391,257,NaN,NaN,2
1391,289,1.129011989,1.54801631,1
1391,321,1.343290925,3.611979961,1
1391,353,2.154297829,2.63209033,1
1391,385,2.917472601,-0.4684915543,1
1391,417,1.375562072,-0.04027223587,1
1391,449,0.6040216684,0.2861739993,1
1391,481,0.02004763484,1.151503563,1
1391,513,-0.4729981422,2.712424755,1
1391,545,-0.5536384583,1.280270815,1
1391,577,-0.8798425198,0.7870948315,1
1391,609,-1.141440392,-1.671918631,1
1391,641,-1.343204498,-0.8130398989,1
1391,673,0.1264445782,-1.890055776,1
1391,705,-0.6443225741,-0.9523433447,1
1391,737,-1.000364423,0.5766849518,1
1391,769,-1.271613955,0.8561080694,1
1391,801,-2.258620501,-1.947158098,1
1391,833,-6.037467003,0.4570216537,1
1391,865,-6.069108963,1.096289396,1
1391,897,-4.030804634,0.5035089254,1
1391,929,NaN,NaN,2
1391,961,-0.1771155,2.519248009,1
1391,993,-0.4354946613,0.4617614746,1
1391,1025,-0.6933177114,-0.2486777604,1
1391,1057,NaN,NaN,2
1391,1089,-1.022496223,-0.1444568932,1
1391,1121,-1.62012136,-0.7416073084,1
1391,1153,-2.072564602,-0.4635712802,1
1391,1185,-0.9785554409,0.3924989402,1
1391,1217,0.2352991104,1.049213529,1
1391,1249,-0.244903475,2.321504354,1
1391,1281,0.3549568653,2.917346716,1
1391,1313,0.4953839779,2.197743416,1
1391,1345,0.02469074726,1.563336253,1
1391,1377,1.227551699,1.185100079,1
1391,1409,4.019078255,0.03638502955,1
1391,1441,2.300388813,-0.5686760545,1
1391,1473,1.886291027,-0.232060045,1
1391,1505,NaN,NaN,2
1391,1537,1.166247129,-2.406650305,1
1391,1569,0.1092311144,-3.108250141,1
1391,1601,-0.5579585433,-2.739943266,1
1391,1633,0.6305720806,-1.399208188,1
1391,1665,2.267324209,-0.4462939203,1
1391,1697,3.118212223,0.1421917677,1
1391,1729,1.820376039,1.318924427,1
1391,1761,NaN,NaN,2
1391,1793,0.3592649698,-2.64563036,1
1391,1825,0.4132312536,-0.8073994517,1
1391,1857,2.261620283,-0.6117004752,1
1391,1889,NaN,NaN,2
1391,1921,NaN,NaN,2
1391,1953,NaN,NaN,2
1391,1985,-0.02723371983,0.05184222013,1
1391,2017,-0.01726526022,-0.6122661233,1
1423,33,2.954633951,0.3221588135,1
1423,65,2.566778183,1.480876446,1
1423,97,2.259674072,2.497214079,1
1423,129,NaN,NaN,2
1423,161,0.05558621883,3.539895773,1
1423,193,-1.899403811,3.234932184,1
1423,225,-2.582517624,1.311609507,1
1423,257,NaN,NaN,2
1423,289,0.09046182036,1.959620714,1
1423,321,1.195329547,3.081804991,1
1423,353,2.045386314,3.949322224,1
1423,385,2.207579851,2.250028372,1
1423,417,NaN,NaN,2
1423,449,0.9027792215,-0.9315704703,1
1423,481,0.6201432347,0.3797897696,1
1423,513,0.1523266435,0.7533630133,1
1423,545,-0.2726980448,1.419817448,1
1423,577,-0.3505908251,2.018296719,1
1423,609,-0.6216872931,-0.8213528395,1
1423,641,0.1515712738,-1.126054883,1
1423,673,1.566627264,-0.6599037647,1
1423,705,NaN,NaN,2
1423,737,-1.581524849,1.87976563,1
1423,769,-2.657700062,0.6425638199,1
1423,801,-3.286091328,-0.2282838225,1
1423,833,-5.434288979,1.0349226,1
1423,865,-5.941990376,2.198184252,1
1423,897,-2.633877993,1.712098718,1
1423,929,NaN,NaN,2
1423,961,0.725004673,2.770822287,1
1423,993,0.1371555924,-0.2470799983,1
1423,1025,-0.8721647263,-0.7714028358,1
1423,1057,-1.953897476,-0.02713039517,1
1423,1089,-1.021861196,-0.1608103365,1
1423,1121,-1.044244766,-0.8060156107,1
1423,1153,-1.253738642,-0.02201014757,1
1423,1185,NaN,NaN,2
1423,1217,1.255268574,0.09279322624,1
1423,1249,2.423557997,1.397118211,1
1423,1281,2.289895058,2.286910772,1
1423,1313,0.1827331185,1.495077848,1
1423,1345,-1.134812951,1.419606209,1
1423,1377,-0.3241180182,1.965608358,1
1423,1409,NaN,NaN,2
1423,1441,NaN,NaN,2
1423,1473,NaN,NaN,2
1423,1505,NaN,NaN,2
1423,1537,1.000713706,-3.461615801,1
1423,1569,0.3608128428,-2.865257263,1
1423,1601,-0.1850851476,-1.852494836,1
1423,1633,-1.097271204,-0.5094463229,1
1423,1665,-0.2086334229,-0.0617814064,1
1423,1697,1.357978344,1.707483292,1
1423,1729,1.386347413,1.564806461,1
1423,1761,1.231909394,0.7528237104,1
1423,1793,0.6464930773,-1.433744311,1
1423,1825,1.151302576,-0.21096012,1
1423,1857,NaN,NaN,2
1423,1889,NaN,NaN,2
1423,1921,NaN,NaN,2
1423,1953,NaN,NaN,2
1423,1985,-0.4270784259,0.1862577647,1
1423,2017,0.6813229918,-0.4575965405,1
1455,33,1.594871998,0.2620777488,1
1455,65,1.239575505,1.161867857,1
1455,97,1.202716112,2.460077047,1
1455,129,3.578742981,2.514369965,1
1455,161,0.5621528625,0.7834974527,1
1455,193,-0.6906770468,0.9893894196,1
1455,225,-1.403613091,1.394237518,1
1455,257,-0.7665646076,1.242312789,1
1455,289,-0.3899747729,2.496940374,1
1455,321,0.3970039487,2.629387379,1
1455,353,1.006898522,2.958164454,1
1455,385,0.9097354412,1.773524761,1
1455,417,0.9575903416,0.9160194397,1
1455,449,0.2716882825,-0.8999464512,1
1455,481,0.21086514,0.6245455146,1
1455,513,0.2329544127,0.9450680614,1
1455,545,-0.03718441725,0.7492212653,1
1455,577,0.2325178981,1.576431394,1
1455,609,0.278067112,-0.3566703796,1
1455,641,2.461756229,-1.332358241,1
1455,673,2.319127083,-0.9079635739,1
1455,705,NaN,NaN,2
1455,737,-0.5118935108,1.124245882,1
1455,769,-2.79207468,-1.119662881,1
1455,801,-2.360633612,0.09607851505,1
1455,833,-3.148601055,1.548871636,1
1455,865,-2.738713264,1.866610527,1
1455,897,-1.424667358,2.347388268,1
1455,929,NaN,NaN,2
1455,961,NaN,NaN,2
1455,993,NaN,NaN,2
1455,1025,NaN,NaN,2
1455,1057,-0.8704739809,-0.01312309504,1
1455,1089,-0.554410398,0.194246769,1
1455,1121,-0.6060422063,-0.2141511291,1
1455,1153,NaN,NaN,2
1455,1185,NaN,NaN,2
1455,1217,-0.692196846,0.6779942513,1
1455,1249,-0.2175431848,-0.02693104744,1
1455,1281,0.6900721788,0.8647091985,1
1455,1313,0.4455748796,1.156628609,1
1455,1345,-1.057501554,1.084671855,1
1455,1377,-0.2415701151,1.032901168,1
1455,1409,-0.6804528236,1.872351885,1
1455,1441,0.5580868721,1.377621531,1
1455,1473,2.768565178,-1.01848495,1
1455,1505,-0.04718160629,-3.300847769,1
1455,1537,0.8049459457,-2.312251568,1
1455,1569,1.942615747,-2.793860912,1
1455,1601,-0.2667803764,-0.7510055304,1
1455,1633,-1.684173107,0.4311776757,1
1455,1665,-0.9590810537,0.8391042948,1
1455,1697,3.359704018,3.798874378,1
1455,1729,3.343138218,3.222004414,1
1455,1761,1.413124681,0.6598261595,1
1455,1793,0.9232581854,-1.102304459,1
1455,1825,1.285198212,-0.3194295764,1
1455,1857,NaN,NaN,2
1455,1889,NaN,NaN,2
1455,1921,NaN,NaN,2
1455,1953,NaN,NaN,2
1455,1985,0.1728029698,-0.02094000578,1
1455,2017,NaN,NaN,2
1487,33,0.7771675587,0.1845982075,1
1487,65,0.4193719029,0.4787541032,1
1487,97,0.5065432787,1.296753883,1
1487,129,1.207285881,0.4228509665,1
1487,161,1.083862066,-0.02682721615,1
1487,193,-0.4701370299,0.6371697187,1
1487,225,-0.6961048841,1.460738778,1
1487,257,-0.455891341,1.448099613,1
1487,289,-0.1012825668,1.87206912,1
1487,321,-0.01163673401,3.087372303,1
1487,353,0.01058298349,0.6744816303,1
1487,385,0.2643690109,0.2170935869,1
1487,417,0.3026155233,0.2731829882,1
1487,449,-0.2598496974,0.5462568402,1
1487,481,-0.3659625947,1.198268414,1
1487,513,-0.273064822,1.685204744,1
1487,545,0.1880401075,0.7417855859,1
1487,577,0.6477707028,-0.4094963074,1
1487,609,0.9336549044,-0.5844825506,1
1487,641,0.9486782551,1.117405057,1
1487,673,0.6436201334,-1.541467428,1
1487,705,NaN,NaN,2
1487,737,0.9959341884,-0.5945836902,1
1487,769,-0.7272630334,0.7585212588,1
1487,801,-2.160435915,0.9133816361,1
1487,833,-2.719792843,0.7282881737,1
1487,865,-2.229901314,2.220586538,1
1487,897,-1.101888061,2.983134747,1
1487,929,NaN,NaN,2
1487,961,0.02758988738,1.054642558,1
1487,993,NaN,NaN,2
1487,1025,NaN,NaN,2
1487,1057,0.6945735216,-0.4496842027,1
1487,1089,-0.3047257066,-0.06605893373,1
1487,1121,NaN,NaN,2
1487,1153,NaN,NaN,2
1487,1185,NaN,NaN,2
1487,1217,-0.9409142733,1.896061301,1
1487,1249,-1.250577331,0.8039922714,1
1487,1281,-0.4501972795,-0.1320322752,1
1487,1313,1.075589538,1.094116092,1
1487,1345,1.501109838,0.8029512763,1
1487,1377,NaN,NaN,2
1487,1409,1.484015703,0.9710153937,1
1487,1441,0.833586216,1.519666195,1
1487,1473,2.339152336,-0.3633659482,1
1487,1505,0.1356995106,-0.9819424748,1
1487,1537,0.4417197704,-1.017308712,1
1487,1569,1.111498475,-1.18029201,1
1487,1601,0.8096715212,-0.3616691828,1
1487,1633,0.5112208724,0.5686318278,1
1487,1665,-0.5482912064,2.375072718,1
1487,1697,1.399792314,2.500475407,1
1487,1729,1.321849465,2.793589115,1
1487,1761,0.988930583,1.045352578,1
1487,1793,0.9286097288,-0.2047615647,1
1487,1825,NaN,NaN,2
1487,1857,1.278495312,-0.4617170691,1
1487,1889,1.299308181,0.2474884987,1
1487,1921,NaN,NaN,2
1487,1953,NaN,NaN,2
1487,1985,NaN,NaN,2
1487,2017,-1.006846428,-1.057156563,1
1519,33,0.4328201413,0.2966243923,1
1519,65,-0.05488488078,-1.003073692,1
1519,97,-0.1353006363,0.06735432148,1
1519,129,0.4337258935,-0.666731894,1
1519,161,1.065333843,-0.5234152079,1
1519,193,0.7950533628,1.356603503,1
1519,225,-0.1322376728,1.420212388,1
1519,257,0.08447363973,1.287748933,1
1519,289,0.07878139615,0.8630791903,1
1519,321,-0.2805088162,1.01680088,1
1519,353,-0.08551585674,0.08714872599,1
1519,385,-0.1830939651,-1.021512032,1
1519,417,-0.2711280584,-1.748409867,1
1519,449,-0.7994672656,-0.07600289583,1
1519,481,-1.205177426,0.7545967102,1
1519,513,-1.068748951,2.157575846,1
1519,545,-0.8508450985,0.7239151597,1
1519,577,-0.9965962768,-0.1486337185,1
1519,609,-0.1053385437,0.002870202065,1
1519,641,0.4236885905,0.6134797931,1
1519,673,0.8026511669,-1.056596279,1
1519,705,0.8019559383,-1.833646059,1
1519,737,0.2855040133,-1.183311105,1
1519,769,-0.6916294694,0.8795726299,1
1519,801,-2.161383152,1.18316853,1
1519,833,-3.505883217,0.4326643944,1
1519,865,-3.934536934,2.027413845,1
1519,897,-1.133701801,3.345360518,1
1519,929,-0.1016450524,3.743854046,1
1519,961,0.02993951738,1.575376749,1
1519,993,NaN,NaN,2
1519,1025,1.236807704,0.08741521835,1
1519,1057,NaN,NaN,2
1519,1089,-0.5259994268,-0.8146383762,1
1519,1121,NaN,NaN,2
1519,1153,-2.905204058,0.4576864839,1
1519,1185,-2.398347139,1.335805416,1
1519,1217,-1.417824745,2.55645299,1
1519,1249,-2.593491077,1.021987438,1
1519,1281,-0.4291226268,0.3221957088,1
1519,1313,2.553685427,2.993982315,1
1519,1345,3.48920536,0.821544826,1
1519,1377,NaN,NaN,2
1519,1409,2.271829844,0.1803065538,1
1519,1441,NaN,NaN,2
1519,1473,NaN,NaN,2
1519,1505,0.5259844065,0.1699845791,1
1519,1537,0.4605024457,-0.9476681948,1
1519,1569,0.428704381,-0.2558288574,1
1519,1601,0.9968695641,-0.08722159266,1
1519,1633,1.121439576,0.5905042887,1
1519,1665,1.247028232,1.451741338,1
1519,1697,1.493515015,1.447876215,1
1519,1729,1.449559808,0.6252176762,1
1519,1761,0.3437962532,0.9848918319,1
1519,1793,0.6110721827,1.490352154,1
1519,1825,0.992726326,0.4433901608,1
1519,1857,0.9903736115,0.1339692473,1
1519,1889,0.7086977959,0.9849288464,1
1519,1921,0.06550884247,1.463687062,1
1519,1953,NaN,NaN,2
1519,1985,0.3003433943,1.741165757,1
1519,2017,0.1504839957,-1.466748714,1
1551,33,1.059999943,0.3875552416,1
1551,65,-0.2624978423,0.02084745467,1
1551,97,-0.9449754953,-0.001774311066,1
1551,129,0.2111275792,-0.4563338757,1
1551,161,1.221621394,1.279292107,1
1551,193,1.154622912,2.705862999,1
1551,225,0.2491102219,1.47310245,1
1551,257,NaN,NaN,2
1551,289,0.552282989,0.8308085203,1
1551,321,-0.07761143148,1.485588074,1
1551,353,-0.2850440741,0.6670526266,1
1551,385,-0.5655249357,-1.346497774,1
1551,417,-0.5053899884,-2.193801403,1
1551,449,-0.6943513751,-0.4011891484,1
1551,481,-0.9946166277,0.4880506396,1
1551,513,-1.038401961,2.263660908,1
1551,545,-0.6479010582,1.114459515,1
1551,577,-0.1261329651,0.6821148396,1
1551,609,-0.3691073656,0.3736569583,1
1551,641,-0.4785434008,0.1831060648,1
1551,673,-0.164241612,-0.6859804392,1
1551,705,-0.337069422,-0.8032798171,1
1551,737,-0.6106984615,-0.2749330997,1
1551,769,-0.9158399105,0.3666157722,1
1551,801,-1.336779475,0.7204486728,1
1551,833,-1.773362637,-0.1050124764,1
1551,865,NaN,NaN,2
1551,897,NaN,NaN,2
1551,929,-0.8045539856,2.239753962,1
1551,961,-0.6000804901,2.206292868,1
1551,993,-0.3369105458,1.138780832,1
1551,1025,NaN,NaN,2
1551,1057,-0.1475309134,-1.812968612,1
1551,1089,-3.258186817,-1.127779007,1
1551,1121,-0.5945010185,-0.9855971336,1
1551,1153,-1.961271524,-0.3360623717,1
1551,1185,NaN,NaN,2
1551,1217,-4.54020834,0.6452028155,1
1551,1249,-3.135381699,0.791662991,1
1551,1281,0.06881323457,0.5935310125,1
1551,1313,2.893425941,0.5086348057,1
1551,1345,3.300706863,0.6703612804,1
1551,1377,NaN,NaN,2
1551,1409,3.729855299,2.108723879,1
1551,1441,NaN,NaN,2
1551,1473,1.250188828,-0.3191456795,1
1551,1505,0.9813857079,0.2724739313,1
1551,1537,NaN,NaN,2
1551,1569,NaN,NaN,2
1551,1601,1.265616059,-0.2243892848,1
1551,1633,1.530987978,-0.1112921238,1
1551,1665,3.541562319,-1.283866882,1
1551,1697,1.751673579,0.6171623468,1
1551,1729,1.817700982,0.2609359026,1
1551,1761,1.632502198,0.06966286898,1
1551,1793,0.9815419912,0.2918265164,1
1551,1825,0.1935617328,0.1070416868,1
1551,1857,-0.02682602406,0.0954002142,1
1551,1889,0.1108397245,0.7848507166,1
1551,1921,-1.101182699,1.80509913,1
1551,1953,NaN,NaN,2
1551,1985,1.266588449,0.4779073894,1
1551,2017,1.333598614,-1.556091428,1
1583,33,0.8110635281,0.4900135398,1
1583,65,0.3181435466,0.4084775448,1
1583,97,-0.03795073926,0.5411968827,1
1583,129,0.2523004711,1.137973666,1
1583,161,1.899314165,4.054815292,1
1583,193,2.524655342,1.218750477,1
1583,225,2.437641621,-0.2188047171,1
1583,257,1.215368748,0.4718379378,1
1583,289,NaN,NaN,2
1583,321,0.5040014982,2.272955179,1
1583,353,-0.06694708765,0.9914517403,1
1583,385,-0.5921080709,0.3352466524,1
1583,417,-0.2252524495,0.3050458431,1
1583,449,-0.7345739603,-0.6932380795,1
1583,481,-1.116587162,0.8834990263,1
1583,513,-0.9850684404,2.317174673,1
1583,545,-0.9562497139,2.51240921,1
1583,577,0.5048860908,0.876193881,1
1583,609,1.409572005,-0.5850386024,1
1583,641,0.3830322027,-1.1043185,1
1583,673,-0.7225648761,-0.5166466832,1
1583,705,-0.7760381699,0.05830937624,1
1583,737,-1.160509825,0.4828311205,1
1583,769,-1.563553929,0.9434921741,1
1583,801,-1.446641326,0.7658144832,1
1583,833,-1.771304488,0.6374802589,1
1583,865,-1.978984475,-0.1400126219,1
1583,897,-2.238042116,-1.836402059,1
1583,929,-1.191743851,1.564686656,1
1583,961,-0.6610920429,2.819915771,1
1583,993,-1.499186158,2.01970911,1
1583,1025,NaN,NaN,2
1583,1057,-4.233549595,-1.676370382,1
1583,1089,-1.229942203,-1.811020851,1
1583,1121,-0.0415648222,-1.694223404,1
1583,1153,-0.3063138127,-0.4002712667,1
1583,1185,-0.8275214434,1.415191889,1
1583,1217,-1.11918354,0.7225298882,1
1583,1249,-1.495548725,0.145188123,1
1583,1281,-0.3132922351,0.9964587092,1
1583,1313,NaN,NaN,2
1583,1345,3.0268538,1.09277916,1
1583,1377,NaN,NaN,2
1583,1409,3.51165247,0.7699356079,1
1583,1441,3.176808596,-1.027639151,1
1583,1473,2.343029976,-1.003342271,1
1583,1505,1.805373788,-0.3571592569,1
1583,1537,2.224416971,0.2172460854,1
1583,1569,NaN,NaN,2
1583,1601,0.8079535961,-0.4679296017,1
1583,1633,1.122126579,-0.9007319808,1
1583,1665,NaN,NaN,2
1583,1697,1.367811084,-0.2790064514,1
1583,1729,2.309096098,-0.2131240815,1
1583,1761,2.679614067,-0.4453509748,1
1583,1793,1.443528771,-0.1211003661,1
1583,1825,-1.79401207,-0.008954882622,1
1583,1857,-1.32941401,-0.37360847,1
1583,1889,0.5893381834,-2.631886959,1
1583,1921,1.08074367,-0.8282387853,1
1583,1953,NaN,NaN,2
1583,1985,0.9854918718,0.0761109218,1
1583,2017,-0.2175458372,-0.9651986361,1
1615,33,0.5538169146,-0.04731059074,1
1615,65,1.158188581,0.1443769187,1
1615,97,0.7157818675,0.7332011461,1
1615,129,0.8327855468,1.552677751,1
1615,161,0.4798597097,3.033826828,1
1615,193,1.248330951,0.4071592093,1
1615,225,1.136023045,-1.272977352,1
1615,257,1.135010958,0.09222662449,1
1615,289,NaN,NaN,2
1615,321,1.574932218,0.7944521904,1
1615,353,-0.2650150955,1.284637094,1
1615,385,-1.494948864,1.685832262,1
1615,417,-0.6204250455,1.565900922,1
1615,449,-0.3830548525,0.6114063263,1
1615,481,-1.945723891,2.603243589,1
1615,513,-3.129793644,4.260725021,1
1615,545,-1.840676069,3.519840956,1
1615,577,NaN,NaN,2
1615,609,-0.6976292729,-3.070293665,1
1615,641,-0.4658126831,-1.247719765,1
1615,673,-0.4955958724,-0.187926352,1
1615,705,-0.491387248,0.008744522929,1
1615,737,-0.7212152481,0.5048909187,1
1615,769,-0.8899858594,0.6087614894,1
1615,801,-1.258474588,0.5680363178,1
1615,833,-1.996109962,1.196788549,1
1615,865,-1.999595165,0.5048197508,1
1615,897,-2.224486113,0.2065988779,1
1615,929,-1.834797144,1.543666601,1
1615,961,-1.647008419,3.748168945,1
1615,993,-1.553882957,1.829455972,1
1615,1025,NaN,NaN,2
1615,1057,-2.192647457,-0.6712836027,1
1615,1089,0.6935613155,0.02654665709,1
1615,1121,-2.259800434,-0.4972625971,1
1615,1153,0.7877377868,-0.4480856657,1
1615,1185,0.9679055214,0.1760790646,1
1615,1217,-1.547515631,-0.205131948,1
1615,1249,-0.3476315737,-0.1533338428,1
1615,1281,-0.07219448686,0.3903486133,1
1615,1313,NaN,NaN,2
1615,1345,-0.2709879875,0.7881129384,1
1615,1377,NaN,NaN,2
1615,1409,3.152232885,-0.1394003928,1
1615,1441,3.345314503,-1.47020781,1
1615,1473,2.596197128,-2.568669796,1
1615,1505,2.23359704,-1.112805724,1
1615,1537,1.316156745,0.04460209608,1
1615,1569,-0.2947045565,-0.5360864401,1
1615,1601,-0.4299399853,-0.8012136221,1
1615,1633,1.051368356,-1.102607369,1
1615,1665,1.132013917,-0.8139872551,1
1615,1697,1.023211002,-0.4337794781,1
1615,1729,1.724362731,-0.2396405339,1
1615,1761,1.933774948,-0.5111916065,1
1615,1793,1.811057925,-0.1071406305,1
1615,1825,0.3642198443,0.3490023315,1
1615,1857,-0.5490747094,-0.119742468,1
1615,1889,NaN,NaN,2
1615,1921,NaN,NaN,2
1615,1953,2.699951172,0.9930999875,1
1615,1985,1.689410925,0.4066887498,1
1615,2017,-0.4467824996,-0.048412323,1
1647,33,-0.3319486678,-0.03272378445,1
1647,65,0.5632063746,-0.02586938441,1
1647,97,0.9478968382,0.3460696936,1
1647,129,1.433778763,-0.0376060009,1
1647,161,NaN,NaN,2
1647,193,0.007535815239,-0.1309671104,1
1647,225,0.9294881821,-0.4713401794,1
1647,257,2.439709902,-0.321262002,1
1647,289,2.077768803,0.2772804797,1
1647,321,2.285068989,0.5085852146,1
1647,353,-0.4633174539,0.9424695969,1
1647,385,-1.794552088,1.529533625,1
1647,417,-0.4518168569,1.763514638,1
1647,449,-0.4780728817,2.279757977,1
1647,481,-2.193655491,1.987007499,1
1647,513,-3.516211987,3.45507741,1
1647,545,-2.680253506,1.157890677,1
1647,577,-2.331104994,-2.348742485,1
1647,609,-2.040537357,-2.000332594,1
1647,641,-1.375898361,-1.197603106,1
1647,673,-0.4057356119,-0.6538422108,1
1647,705,-0.5958303213,-0.4484616816,1
1647,737,-0.6073892117,-0.1292779446,1
1647,769,-0.6444406509,-0.4684005678,1
1647,801,-0.7048496008,-0.2845464051,1
1647,833,-0.7681702375,0.451564461,1
1647,865,-0.980578661,0.4903503358,1
1647,897,-1.836465001,0.0740441978,1
1647,929,-1.880681157,1.025699973,1
1647,961,-1.569784403,2.288568497,1
1647,993,-1.590596676,1.346539736,1
1647,1025,NaN,NaN,2
1647,1057,-0.2817242146,0.221141994,1
1647,1089,0.4863571525,0.6284942031,1
1647,1121,NaN,NaN,2
1647,1153,-0.01903223246,0.1364882588,1
1647,1185,0.2462581694,-0.6039859056,1
1647,1217,NaN,NaN,2
1647,1249,0.02200891078,-0.2071622014,1
1647,1281,0.1348236203,-0.1162129045,1
1647,1313,NaN,NaN,2
1647,1345,NaN,NaN,2
1647,1377,NaN,NaN,2
1647,1409,NaN,NaN,2
1647,1441,2.372642994,-1.825491667,1
1647,1473,2.205634832,-3.350688934,1
1647,1505,2.569247723,-1.326974988,1
1647,1537,2.684647799,-0.7626922727,1
1647,1569,1.065255165,-1.170576334,1
1647,1601,1.043518305,-2.250754356,1
1647,1633,0.9786087275,-1.673380733,1
1647,1665,1.107172251,-0.421616137,1
1647,1697,1.177695751,-0.3696319759,1
1647,1729,0.06090772152,1.459594965,1
1647,1761,0.7604243755,0.8277218342,1
1647,1793,NaN,NaN,2
1647,1825,NaN,NaN,2
1647,1857,4.648946762,0.3078153133,1
1647,1889,NaN,NaN,2
1647,1921,NaN,NaN,2
1647,1953,2.444826603,0.3981202245,1
1647,1985,3.141450405,0.4046900272,1
1647,2017,0.9179061651,0.1753842831,1
1679,33,-0.5905196667,0.535753727,1
1679,65,0.4086660147,0.05526018143,1
1679,97,0.9481543303,0.664454639,1
1679,129,NaN,NaN,2
1679,161,NaN,NaN,2
1679,193,NaN,NaN,2
1679,225,0.0160112977,-0.3164893985,1
1679,257,0.4248923659,-0.3687872887,1
1679,289,0.5081993341,-0.03235240281,1
1679,321,0.4759075046,-0.1026212573,1
1679,353,-2.097421885,0.953915894,1
1679,385,-1.620699644,1.961234212,1
1679,417,NaN,NaN,2
1679,449,-1.417798162,1.772808671,1
1679,481,-2.71165514,1.17753005,1
1679,513,-3.330872536,-0.1714991331,1
1679,545,-3.65216589,0.3211924434,1
1679,577,-4.100152016,-0.5987478495,1
1679,609,-3.616200447,-2.285171747,1
1679,641,-0.9494411945,0.2852311134,1
1679,673,-0.7310906649,-0.432094872,1
1679,705,-1.646026611,-0.459795475,1
1679,737,-1.468147159,-0.6077580452,1
1679,769,-0.4930052757,-0.9251412749,1
1679,801,-0.04110461473,-0.6012564301,1
1679,833,0.2670502663,-0.2407808602,1
1679,865,-0.1130882502,-0.01414339244,1
1679,897,-0.4504396915,-0.2592959404,1
1679,929,-0.9886496067,0.5720843673,1
1679,961,-0.90513134,1.155734181,1
1679,993,-0.8046584129,1.02320981,1
1679,1025,-0.8492575288,0.9374542236,1
1679,1057,NaN,NaN,2
1679,1089,0.7070877552,-1.354128957,1
1679,1121,NaN,NaN,2
1679,1153,NaN,NaN,2
1679,1185,NaN,NaN,2
1679,1217,-0.483512938,-0.5777115822,1
1679,1249,-0.246740222,-0.21909374,1
1679,1281,NaN,NaN,2
1679,1313,0.47598207,-0.4610529244,1
1679,1345,2.396476984,-1.3578161,1
1679,1377,3.390428543,-0.8975576162,1
1679,1409,NaN,NaN,2
1679,1441,NaN,NaN,2
1679,1473,-0.0650357008,-1.692086101,1
1679,1505,0.7203111649,-1.35223186,1
1679,1537,NaN,NaN,2
1679,1569,1.089192271,-1.249600172,1
1679,1601,1.079122901,-2.3226614,1
1679,1633,1.182721376,-1.864042759,1
1679,1665,NaN,NaN,2
1679,1697,0.795235157,0.3925282359,1
1679,1729,-0.3319034576,2.657632351,1
1679,1761,0.3656638861,4.238697052,1
1679,1793,NaN,NaN,2
1679,1825,NaN,NaN,2
1679,1857,5.11095953,0.1506281197,1
1679,1889,2.264762878,-0.4933952689,1
1679,1921,0.8762118816,-2.107542038,1
1679,1953,0.2398455143,-0.4760652184,1
1679,1985,0.7217743397,0.04172843695,1
1679,2017,0.8016837835,0.02569144964,1
1711,33,0.3500531018,0.3982242048,1
1711,65,0.8141536713,0.4529044628,1
1711,97,1.062598944,1.420313239,1
1711,129,0.8177739382,0.1462152302,1
1711,161,NaN,NaN,2
1711,193,-0.2434590012,0.8301781416,1
1711,225,-0.1250693798,0.6723940372,1
1711,257,0.294931531,0.1372543126,1
1711,289,0.1718959063,0.1278266013,1
1711,321,-0.09877125919,-0.4329552054,1
1711,353,-0.7919063568,0.205764994,1
1711,385,-1.583763838,1.305111051,1
1711,417,0.3947606087,0.400991708,1
1711,449,-0.8675804138,0.2671685219,1
1711,481,-2.196167469,0.2626119256,1
1711,513,-2.824877024,-0.1891409159,1
1711,545,-3.306406021,-0.1760780811,1
1711,577,-5.326745033,-0.5662454963,1
1711,609,-2.457953691,-1.223875284,1
1711,641,-1.363193989,-0.7153191566,1
1711,673,-0.9113743305,-0.2045716643,1
1711,705,NaN,NaN,2
1711,737,-1.024691343,-0.719547987,1
1711,769,-0.7158120275,-1.165363789,1
1711,801,-0.2739250362,-0.5910715461,1
1711,833,0.3711689115,-0.1609418392,1
1711,865,0.2732675672,-0.6308527589,1
1711,897,-0.2475465238,0.1014065742,1
1711,929,0.2980062962,0.4938607812,1
1711,961,0.1392413974,1.055246711,1
1711,993,-0.07957407832,1.135959506,1
1711,1025,0.1942305267,0.9256087542,1
1711,1057,0.1695505381,-0.4755532742,1
1711,1089,-0.8344708681,0.6998238564,1
1711,1121,-0.7715307474,2.07845068,1
1711,1153,-3.545978785,2.401480436,1
1711,1185,-3.356840372,-0.05421961844,1
1711,1217,-2.484091997,-0.5742896795,1
1711,1249,NaN,NaN,2
1711,1281,NaN,NaN,2
1711,1313,0.3888017535,-0.3796082735,1
1711,1345,1.233380437,-0.7322568893,1
1711,1377,NaN,NaN,2
1711,1409,NaN,NaN,2
1711,1441,NaN,NaN,2
1711,1473,-1.48968792,-1.751312375,1
1711,1505,-2.076954365,-0.7071570158,1
1711,1537,NaN,NaN,2
1711,1569,1.133692503,-0.07158124447,1
1711,1601,1.130698442,-1.014936566,1
1711,1633,1.03822422,-1.65094614,1
1711,1665,0.8040261269,0.2523562014,1
1711,1697,2.747030497,0.8526912928,1
1711,1729,1.299502611,0.8929539919,1
1711,1761,NaN,NaN,2
1711,1793,NaN,NaN,2
1711,1825,NaN,NaN,2
1711,1857,0.9871153831,0.5506639481,1
1711,1889,1.266870618,-0.5222642422,1
1711,1921,1.282790899,-1.892558694,1
1711,1953,0.9200723171,-0.1627033055,1
1711,1985,-0.1627542973,0.05363731459,1
1711,2017,1.263573766,-0.05300238729,1
1743,33,0.4751777649,0.2758312225,1
1743,65,0.6731430292,0.2420538962,1
1743,97,0.9043617249,0.6335504055,1
1743,129,NaN,NaN,2
1743,161,0.05966883898,0.2678735852,1
1743,193,NaN,NaN,2
1743,225,NaN,NaN,2
1743,257,0.4431197047,0.1056966782,1
1743,289,0.05837994814,-0.1101631522,1
1743,321,-0.5700188279,-0.5736054182,1
1743,353,-0.5874114633,-0.8439390659,1
1743,385,-0.9395667911,-1.251404524,1
1743,417,-0.8990782499,0.1000666618,1
1743,449,-0.8579674959,0.3034485579,1
1743,481,-1.473454833,0.7273277044,1
1743,513,-1.688882828,1.555625319,1
1743,545,-2.598712444,1.275802374,1
1743,577,-2.199221849,-0.08302374184,1
1743,609,-2.205882311,-0.9324765801,1
1743,641,-1.633933783,-1.160367012,1
1743,673,-1.296813011,-0.9265276194,1
1743,705,-2.845585108,-0.3155449629,1
1743,737,-1.665139556,-0.316829294,1
1743,769,-2.005850792,-1.584233165,1
1743,801,-1.12432611,-0.8464097977,1
1743,833,0.7695754766,-0.2944545746,1
1743,865,0.240527615,-1.428808451,1
1743,897,-0.0293135345,-0.3812684417,1
1743,929,0.3043953776,-0.407792449,1
1743,961,1.401000738,1.42702198,1
1743,993,0.2777576447,1.609561682,1
1743,1025,0.04360839725,1.122786283,1
1743,1057,NaN,NaN,2
1743,1089,NaN,NaN,2
1743,1121,-0.3151073158,0.9497660995,1
1743,1153,-0.9268506765,1.249022722,1
1743,1185,-1.317050338,0.5182865858,1
1743,1217,-1.026968002,-0.5697006583,1
1743,1249,-0.3375517726,-0.2092602849,1
1743,1281,NaN,NaN,2
1743,1313,0.2796259522,-0.02018857002,1
1743,1345,-0.2537477016,0.6091996431,1
1743,1377,NaN,NaN,2
1743,1409,0.2162228823,-0.3093800545,1
1743,1441,0.3043568134,-0.7003521919,1
1743,1473,-1.310696602,-2.276391506,1
1743,1505,NaN,NaN,2
1743,1537,-2.130260468,1.563905001,1
1743,1569,-0.1950874329,-1.805617094,1
1743,1601,1.58926487,-1.080490112,1
1743,1633,1.132776022,-1.253217816,1
1743,1665,0.8256797791,1.245048046,1
1743,1697,1.146077991,2.177275658,1
1743,1729,2.274098396,0.8098225594,1
1743,1761,0.2000086904,1.005429029,1
1743,1793,-0.269669354,0.4921779037,1
1743,1825,0.5025372505,-0.7978199124,1
1743,1857,0.8726906776,0.2807822526,1
1743,1889,1.454752684,-0.1007881761,1
1743,1921,3.549740076,-0.406658113,1
1743,1953,2.178355694,-0.07177998126,1
1743,1985,0.9579898715,0.05834436417,1
1743,2017,1.446546078,-0.1441048533,1
1775,33,0.1695225239,0.2052245736,1
1775,65,0.1618675292,-0.3342219591,1
1775,97,-0.1591196954,0.3821614385,1
1775,129,NaN,NaN,2
1775,161,1.461107492,0.7986432314,1
1775,193,1.838271379,0.5188626051,1
1775,225,1.410868049,-0.6621710658,1
1775,257,0.2485138625,-0.3465708792,1
1775,289,-1.177121043,-0.4750614762,1
1775,321,-0.9281361103,-0.5548737645,1
1775,353,-0.9843410254,-1.461105704,1
1775,385,-1.56706202,-1.808681607,1
1775,417,-1.422271609,-0.0676484406,1
1775,449,-1.141302824,1.219988227,1
1775,481,-0.9697399139,1.373999119,1
1775,513,-1.392448783,1.94773972,1
1775,545,-2.161559582,2.363825321,1
1775,577,-1.712377787,0.4477550685,1
1775,609,-1.636627913,-0.681625843,1
1775,641,-1.278368711,-1.003716946,1
1775,673,-1.293935776,-1.131265163,1
1775,705,-1.585305929,-0.4065730572,1
1775,737,-1.10370636,0.8837608695,1
1775,769,-1.008606315,0.2163246125,1
1775,801,-1.30151701,-0.3196852803,1
1775,833,-0.7577468157,-0.7355215549,1
1775,865,-0.5433732867,-0.7769346237,1
1775,897,-0.4121164382,-0.4354761839,1
1775,929,-0.1884558201,0.3361655772,1
1775,961,-0.04097180068,0.9198843837,1
1775,993,-0.1099942178,1.147147179,1
1775,1025,-0.09851819277,1.456397295,1
1775,1057,NaN,NaN,2
1775,1089,NaN,NaN,2
1775,1121,0.08596730232,0.2533071041,1
1775,1153,-0.3066075742,-0.07671955228,1
1775,1185,-0.4245969653,0.3465217352,1
1775,1217,0.09653663635,-0.000594869256,1
1775,1249,-0.2639761269,0.1902457476,1
1775,1281,0.6872347593,-1.18250072,1
1775,1313,1.238542199,0.1411189437,1
1775,1345,1.259869695,0.6965528727,1
1775,1377,0.2244867086,0.5593765974,1
1775,1409,-1.590439796,0.1692858934,1
1775,1441,NaN,NaN,2
1775,1473,-0.2583220005,-1.511580944,1
1775,1505,-0.3905640244,-3.188221216,1
1775,1537,-0.09543460608,0.03713655472,1
1775,1569,2.540882587,1.269262552,1
1775,1601,2.948065281,2.193424702,1
1775,1633,1.317757845,0.03662696481,1
1775,1665,0.8343725204,2.033880472,1
1775,1697,0.8038563728,0.9024767876,1
1775,1729,1.598115087,0.8283681273,1
1775,1761,1.178839564,2.607186556,1
1775,1793,0.3990602493,0.1772180796,1
1775,1825,-0.04367917776,0.2341298759,1
1775,1857,0.5563324094,0.2860339284,1
1775,1889,1.004211903,0.06501126289,1
1775,1921,NaN,NaN,2
1775,1953,NaN,NaN,2
1775,1985,1.208063483,0.08161491156,1
1775,2017,0.976652205,-0.464959383,1
1807,33,-0.9750870466,0.3581806421,1
1807,65,0.4493712187,-0.2531015277,1
1807,97,0.4630140662,0.215785116,1
1807,129,NaN,NaN,2
1807,161,-1.265533447,3.262954473,1
1807,193,0.7857475281,1.404756546,1
1807,225,0.8747579455,0.0186907351,1
1807,257,0.7765359282,-0.1747907549,1
1807,289,-0.1576903462,-0.4637654126,1
1807,321,-0.9000486135,-3.221391201,1
1807,353,-1.714438319,-3.810082436,1
1807,385,-1.893642426,-2.49871397,1
1807,417,-1.610296369,-0.3730834126,1
1807,449,-1.203911185,0.8011489511,1
1807,481,-0.8646475077,1.155722022,1
1807,513,-1.823056459,2.667533159,1
1807,545,-2.21322608,2.059511185,1
1807,577,-1.591958046,1.172478676,1
1807,609,-1.137328386,-0.8738114238,1
1807,641,-0.8260090351,-1.633248091,1
1807,673,-0.7062255144,-0.5581024289,1
1807,705,-1.224768758,-0.3830860257,1
1807,737,-1.429750562,-0.1091693044,1
1807,769,-1.554555178,0.8313174248,1
1807,801,-2.007275105,0.1517323852,1
1807,833,-0.8386776447,-1.055962801,1
1807,865,-0.6607202291,-0.9972262979,1
1807,897,-0.9911276102,1.071662188,1
1807,929,-0.03075301647,0.009612262249,1
1807,961,-0.2418055981,0.3928300738,1
1807,993,-0.217669636,0.4166374207,1
1807,1025,3.137638092,0.6859315038,1
1807,1057,0.5287345648,1.5130229,1
1807,1089,0.2882250249,1.172538877,1
1807,1121,1.71022737,0.4749379754,1
1807,1153,-0.01701769233,0.09545561671,1
1807,1185,1.341260314,-0.06868754327,1
1807,1217,1.485107422,0.5797148943,1
1807,1249,0.825576961,1.144644499,1
1807,1281,1.740969181,1.072224498,1
1807,1313,2.332164288,0.4738489389,1
1807,1345,NaN,NaN,2
1807,1377,-0.5028709173,0.1419067383,1
1807,1409,-0.3184231818,-0.1983360052,1
1807,1441,NaN,NaN,2
1807,1473,0.5073301792,-1.641484022,1
1807,1505,-0.4845382273,-1.792423964,1
1807,1537,-2.267507076,0.831220746,1
1807,1569,NaN,NaN,2
1807,1601,2.343792439,3.0072124,1
1807,1633,-0.1866093874,-0.02473859489,1
1807,1665,-0.02217930555,-1.290883899,1
1807,1697,-0.5435675383,-0.8760159016,1
1807,1729,-0.3598232269,-0.7206878662,1
1807,1761,0.7884283066,0.5099160075,1
1807,1793,0.4055341184,0.3150086701,1
1807,1825,-0.1556239426,1.086873889,1
1807,1857,0.2361883521,0.4759147167,1
1807,1889,0.5013751388,0.3832866549,1
1807,1921,-0.2253936231,0.5067753792,1
1807,1953,0.05861577392,1.361748457,1
1807,1985,0.9208609462,-0.1140900403,1
1807,2017,0.3963630497,-0.9328308105,1
1839,33,-0.5706214905,0.7747546434,1
1839,65,0.4358000755,-0.3528510928,1
1839,97,0.7326465845,0.2023962736,1
1839,129,0.6947806478,2.342923164,1
1839,161,-0.362772584,2.929663658,1
1839,193,0.6878705025,1.629822135,1
1839,225,0.5023245811,0.4914351404,1
1839,257,-0.1936665177,-0.112662673,1
1839,289,-0.3095156848,-0.5845897794,1
1839,321,NaN,NaN,2
1839,353,NaN,NaN,2
1839,385,NaN,NaN,2
1839,417,-1.379130721,-1.279783249,1
1839,449,-1.515840292,-0.2336776853,1
1839,481,-1.13945508,0.6421895027,1
1839,513,-1.3738693,1.466549635,1
1839,545,-1.725598454,1.077418804,1
1839,577,-1.101911306,0.2724710703,1
1839,609,-0.7331323028,-1.240207195,1
1839,641,-0.8872070312,-1.014792562,1
1839,673,-1.439367771,-0.4940392971,1
1839,705,-1.295775771,-0.6899773479,1
1839,737,-1.288321614,-1.877447486,1
1839,769,-2.336776257,-0.7203837633,1
1839,801,-2.321411848,-0.9929368496,1
1839,833,NaN,NaN,2
1839,865,-0.3757812381,-1.286490679,1
1839,897,-0.4254415035,-0.636954546,1
1839,929,-0.3553706706,-0.4148003757,1
1839,961,NaN,NaN,2
1839,993,1.642526984,-0.4464415908,1
1839,1025,NaN,NaN,2
1839,1057,3.161468744,0.3807207346,1
1839,1089,1.443711281,0.6878190041,1
1839,1121,0.7341932058,0.3945468664,1
1839,1153,0.02005583048,-0.6237108111,1
1839,1185,1.442456603,-0.5075167418,1
1839,1217,2.48305583,0.68973279,1
1839,1249,1.144888639,3.476417065,1
1839,1281,1.100621223,1.984586835,1
1839,1313,1.011071801,0.9728657603,1
1839,1345,NaN,NaN,2
1839,1377,-0.9602971077,-0.00347957015,1
1839,1409,-0.6370841265,0.1954392046,1
1839,1441,-0.8906621933,0.3434346318,1
1839,1473,NaN,NaN,2
1839,1505,0.9107083678,-0.8135499954,1
1839,1537,-2.28720212,-0.3368792534,1
1839,1569,NaN,NaN,2
1839,1601,-1.274118662,0.01134228706,1
1839,1633,0.02623361349,-2.80606389,1
1839,1665,0.3736779392,-1.343532085,1
1839,1697,0.08554914594,0.3271649182,1
1839,1729,-0.3532770872,0.325109899,1
1839,1761,0.4054920673,0.04697975516,1
1839,1793,NaN,NaN,2
1839,1825,NaN,NaN,2
1839,1857,-0.3482616842,0.5904421806,1
1839,1889,0.1269561648,1.055432439,1
1839,1921,-0.02861824632,0.4591863155,1
1839,1953,0.1512851715,1.071963429,1
1839,1985,0.1959055066,-0.0267950967,1
1839,2017,-0.3506826162,-1.076557398,1
1871,33,0.1051060706,0.9118084908,1
1871,65,0.4884237051,-1.305369973,1
1871,97,1.036452889,-0.7839051485,1
1871,129,2.267720699,0.1735999584,1
1871,161,1.522222638,2.112068415,1
1871,193,0.7436339259,0.7137681246,1
1871,225,0.1929444373,0.4086284339,1
1871,257,-0.4038684964,-0.2253904045,1
1871,289,-0.1319797635,-0.3527718782,1
1871,321,-2.470873356,-1.998060822,1
1871,353,-3.062801123,-2.670632362,1
1871,385,NaN,NaN,2
1871,417,-0.1871447563,-1.649511099,1
1871,449,-1.170953035,-0.8169415593,1
1871,481,-1.185895681,0.125926137,1
1871,513,-1.059916854,0.8824243546,1
1871,545,-1.141590357,-0.1976469159,1
1871,577,-0.7573933005,-0.1697294712,1
1871,609,-0.9441890717,-0.6828812361,1
1871,641,-1.182708979,-1.349039555,1
1871,673,-1.684696436,-1.110618949,1
1871,705,-2.151788235,-1.439748764,1
1871,737,-0.2043827772,-0.4977889657,1
1871,769,0.6369431615,-0.3171435595,1
1871,801,NaN,NaN,2
1871,833,NaN,NaN,2
1871,865,-0.0307392478,-0.7230044007,1
1871,897,0.958702147,-0.6895467639,1
1871,929,-0.2859927416,-0.43806988,1
1871,961,0.2716303468,-1.452327728,1
1871,993,2.637417078,-0.8157985806,1
1871,1025,1.568941593,1.14518714,1
1871,1057,NaN,NaN,2
1871,1089,0.1961385161,-0.1348314285,1
1871,1121,0.009255439043,0.04480463266,1
1871,1153,-0.08693446219,-0.1673214287,1
1871,1185,2.159887075,-0.4457517862,1
1871,1217,0.6605705619,-0.01104703546,1
1871,1249,NaN,NaN,2
1871,1281,0.7254379392,0.5174902678,1
1871,1313,NaN,NaN,2
1871,1345,NaN,NaN,2
1871,1377,0.5046247244,0.6400874257,1
1871,1409,1.350633383,1.769613028,1
1871,1441,-0.1751741767,0.757306695,1
1871,1473,-1.583261967,-2.111690044,1
1871,1505,-3.312245131,-3.63680768,1
1871,1537,-3.419697762,-2.630956411,1
1871,1569,-0.09322428703,-0.6760709286,1
1871,1601,-0.583514452,0.3145111203,1
1871,1633,-0.4053303897,-0.8329890966,1
1871,1665,NaN,NaN,2
1871,1697,-0.4253546596,0.5899968147,1
1871,1729,0.1901400089,0.6268569231,1
1871,1761,0.4306101799,0.3869483173,1
1871,1793,1.678155899,-0.07995277643,1
1871,1825,NaN,NaN,2
1871,1857,-2.395391226,1.664885998,1
1871,1889,-1.424494267,0.03123599291,1
1871,1921,-0.4420393109,-2.276978493,1
1871,1953,-0.02108798921,0.1485048831,1
1871,1985,-0.1416844577,0.3378539979,1
1871,2017,-0.398065716,-0.8437790871,1
1903,33,0.6598312855,1.02292037,1
1903,65,0.9953469634,-0.353084445,1
1903,97,2.067788124,-0.6897413731,1
1903,129,3.091369867,1.095849037,1
1903,161,2.204668999,2.333255529,1
1903,193,1.100934744,0.3899769485,1
1903,225,0.4677338004,0.2932832539,1
1903,257,-0.1285140812,-0.01204157248,1
1903,289,-1.581421137,-0.6043855548,1
1903,321,-1.397377729,-1.089210272,1
1903,353,-0.5695014596,-1.551696777,1
1903,385,-0.6059032679,-1.667856932,1
1903,417,-0.4896528721,-1.947175741,1
1903,449,-0.7129264474,-1.080499768,1
1903,481,-0.9201550484,0.4575285316,1
1903,513,-1.039153814,1.171816111,1
1903,545,-1.113979578,-0.14465487,1
1903,577,-0.8626164198,-1.034644961,1
1903,609,-0.8648583889,-0.8416229486,1
1903,641,-1.080602407,-1.136793613,1
1903,673,-2.062701225,-2.338340282,1
1903,705,-1.177613497,-1.624646187,1
1903,737,1.0302248,-0.4550779462,1
1903,769,1.368733406,-0.4223777652,1
1903,801,0.6098079681,-1.176361799,1
1903,833,-1.366650581,-0.9989111423,1
1903,865,0.2404766381,-1.553323507,1
1903,897,1.728029132,-0.1605514139,1
1903,929,0.6056982279,-0.3092870712,1
1903,961,1.098425865,-0.6409391761,1
1903,993,1.486071706,-0.6451027989,1
1903,1025,1.192531943,-0.3845970929,1
1903,1057,0.3831685781,0.07927890122,1
1903,1089,0.03355272859,-0.258508563,1
1903,1121,-0.4153562188,-0.1154804751,1
1903,1153,-0.5605949759,-0.1359251887,1
1903,1185,0.7058033347,-0.05742919445,1
1903,1217,-0.2467183769,-0.622806251,1
1903,1249,0.1404110193,-2.945231915,1
1903,1281,0.4225590229,-0.411757946,1
1903,1313,-0.5787891746,0.1214525849,1
1903,1345,-1.698561549,0.9205008745,1
1903,1377,0.02025324106,0.6219305992,1
1903,1409,1.266582608,0.03811967373,1
1903,1441,-0.2286744118,-1.717061281,1
1903,1473,-1.392702818,-2.148977518,1
1903,1505,-3.514649391,-3.407148123,1
1903,1537,-3.217729092,-2.630958796,1
1903,1569,1.023418427,-0.8777993917,1
1903,1601,-0.4866708517,-0.8715088367,1
1903,1633,-1.172509074,-1.497596025,1
1903,1665,-0.3112741113,-0.8351061344,1
1903,1697,-0.5175787807,-0.4936250746,1
1903,1729,-0.1162603721,0.005618691444,1
1903,1761,0.1647859216,-0.1193153113,1
1903,1793,0.3752151132,-0.57948488,1
1903,1825,0.4818825722,-0.409063369,1
1903,1857,NaN,NaN,2
1903,1889,NaN,NaN,2
1903,1921,-1.745360136,-0.3273339868,1
1903,1953,-1.329831123,0.1474594772,1
1903,1985,-0.4748696983,0.1782119721,1
1903,2017,-0.3508794904,-0.6755399704,1
1935,33,1.267208338,1.401432633,1
1935,65,0.8377611637,0.03969035298,1
1935,97,0.8964810967,-0.517185688,1
1935,129,NaN,NaN,2
1935,161,NaN,NaN,2
1935,193,1.108910322,0.7355977893,1
1935,225,0.2801262438,0.3627749681,1
1935,257,-0.4477742314,0.1274496466,1
1935,289,NaN,NaN,2
1935,321,-2.324288845,1.001901269,1
1935,353,-0.989998579,-1.55632937,1
1935,385,-1.043018579,-1.671387911,1
1935,417,-0.9685002565,-1.669166327,1
1935,449,-0.6575878263,-0.6179307699,1
1935,481,-0.05835580826,1.096441984,1
1935,513,-0.1076682806,1.159157395,1
1935,545,-0.4319786429,-1.11179471,1
1935,577,-0.5360544324,-2.528773546,1
1935,609,-0.6451664567,-0.8185735345,1
1935,641,-0.8183271885,-0.7143599987,1
1935,673,-1.25474,-1.387465477,1
1935,705,-2.552676678,-1.425092459,1
1935,737,-0.7823786736,-1.221900702,1
1935,769,-1.282984376,-0.884013176,1
1935,801,-0.4815945625,-1.585605145,1
1935,833,-0.7080860138,-1.336497784,1
1935,865,-1.596793771,-0.8673192859,1
1935,897,-0.7599548697,-0.4464732409,1
1935,929,0.426196456,-0.3456165195,1
1935,961,1.30964303,-0.5445421934,1
1935,993,2.336900234,-0.2544243932,1
1935,1025,1.639117718,-0.04462136328,1
1935,1057,0.5524043441,0.02567595243,1
1935,1089,0.001544877887,-0.2716114521,1
1935,1121,-0.3666983247,-0.3104417622,1
1935,1153,-0.8946415186,-0.3472594619,1
1935,1185,-0.9106354713,-1.520668268,1
1935,1217,0.2003449053,-0.6885727048,1
1935,1249,0.3987213671,-1.504376411,1
1935,1281,0.2301189899,-0.7683568001,1
1935,1313,-0.5725251436,-0.1489824057,1
1935,1345,-3.075256824,0.4910855293,1
1935,1377,NaN,NaN,2
1935,1409,-0.2269104123,-0.8088366389,1
1935,1441,0.1758807302,-1.356366515,1
1935,1473,-0.4935660362,-2.143279076,1
1935,1505,-0.5573433638,-2.241998434,1
1935,1537,-0.4819513559,-0.4078474045,1
1935,1569,-0.1060929894,-2.409717083,1
1935,1601,-0.1234872639,-2.680634499,1
1935,1633,-0.7457591891,-2.007537365,1
1935,1665,-0.7039819956,-1.637939215,1
1935,1697,-0.5074720979,-0.8441143036,1
1935,1729,-0.1140666604,-0.1995271146,1
1935,1761,0.1206632107,-0.248989284,1
1935,1793,NaN,NaN,2
1935,1825,0.3928727806,0.05869397521,1
1935,1857,NaN,NaN,2
1935,1889,-0.5179386735,0.5004085302,1
1935,1921,-0.4197403789,0.998195231,1
1935,1953,0.00244641304,2.149587631,1
1935,1985,-0.09194418788,0.2017920017,1
1935,2017,-0.2330233753,-1.073319793,1
1967,33,1.130771399,2.200440407,1
1967,65,0.4364352822,-0.1863392442,1
1967,97,0.2012271881,-0.7320373058,1
1967,129,0.7584810257,0.04348340631,1
1967,161,0.8908352852,2.625693321,1
1967,193,1.218321085,3.224336624,1
1967,225,0.9767132998,1.582319975,1
1967,257,NaN,NaN,2
1967,289,NaN,NaN,2
1967,321,-1.767982244,-1.122655392,1
1967,353,-1.922677398,-0.9443905354,1
1967,385,-1.516802549,-1.161298037,1
1967,417,NaN,NaN,2
1967,449,-0.07338017225,-0.3713198602,1
1967,481,0.1605865955,0.6795638204,1
1967,513,0.3134437799,0.9936108589,1
1967,545,0.2657085061,-2.665355444,1
1967,577,1.119073987,-1.758263707,1
1967,609,0.642722249,-0.04455989599,1
1967,641,NaN,NaN,2
1967,673,-2.707641602,-0.7950892448,1
1967,705,-1.691139936,0.1929558516,1
1967,737,0.07806783915,0.1281868219,1
1967,769,-0.7214903831,-0.9984937906,1
1967,801,-0.884557128,-2.71868372,1
1967,833,-0.7698021531,-1.505730867,1
1967,865,-1.564755559,-0.5166926384,1
1967,897,-1.066086531,-0.6140363216,1
1967,929,0.0659430027,-0.4693747759,1
1967,961,0.6678688526,-0.248033762,1
1967,993,1.043775082,0.4420009851,1
1967,1025,NaN,NaN,2
1967,1057,0.7317463756,-0.118124187,1
1967,1089,-0.01187908649,-1.872585297,1
1967,1121,-0.1014194191,-2.318186522,1
1967,1153,-0.1460337043,-1.837924004,1
1967,1185,NaN,NaN,2
1967,1217,3.070970535,-0.2453658879,1
1967,1249,2.780525208,-0.8214598298,1
1967,1281,-0.2840268612,0.2196275294,1
1967,1313,-2.534893751,-0.4173206091,1
1967,1345,-4.094622135,-0.8542144299,1
1967,1377,-1.655484915,-1.055754662,1
1967,1409,-1.050443292,0.6378775835,1
1967,1441,0.2061401606,1.928980827,1
1967,1473,1.107225418,-0.6179053783,1
1967,1505,-0.4297248125,-2.566044331,1
1967,1537,-2.339121819,-2.13209796,1
1967,1569,1.470177412,-3.065963268,1
1967,1601,1.388666868,-3.842479706,1
1967,1633,0.4520202279,-1.621175647,1
1967,1665,0.1646357775,-2.035526752,1
1967,1697,-0.2658347487,-1.268576384,1
1967,1729,-0.2520259321,0.6038312316,1
1967,1761,0.5413281322,0.1258500516,1
1967,1793,1.245057225,0.3368995786,1
1967,1825,1.09265697,0.2772189379,1
1967,1857,NaN,NaN,2
1967,1889,NaN,NaN,2
1967,1921,-2.96942997,0.9600129128,1
1967,1953,NaN,NaN,2
1967,1985,NaN,NaN,2
1967,2017,-1.050677299,-2.484658718,1
1999,33,1.10867238,3.824606419,1
1999,65,-0.5292788148,-0.2044881433,1
1999,97,-0.5183314085,-0.7288599014,1
1999,129,NaN,NaN,2
1999,161,-0.6818743944,3.001817703,1
1999,193,0.9320213795,3.668407917,1
1999,225,0.7819894552,2.74089551,1
1999,257,-0.2518914044,1.024705172,1
1999,289,-1.504398823,0.2431615591,1
1999,321,-2.496698856,-1.009118438,1
1999,353,-3.656394482,-0.4595236778,1
1999,385,-3.025414944,-0.4703775644,1
1999,417,-0.8764486313,-0.4013432264,1
1999,449,0.4854631424,0.6141287088,1
1999,481,0.7511212826,2.559592724,1
1999,513,-0.1358095407,1.245504498,1
1999,545,0.6385082006,-1.068556309,1
1999,577,3.879974842,-1.590991974,1
1999,609,1.565063357,1.043956876,1
1999,641,-2.269494057,0.8281677961,1
1999,673,-2.020982265,0.3322589397,1
1999,705,NaN,NaN,2
1999,737,NaN,NaN,2
1999,769,-0.2974528074,-0.8303337097,1
1999,801,-0.4295345545,-1.89392221,1
1999,833,-0.8498082161,-1.848162413,1
1999,865,-1.615751743,-0.8794541359,1
1999,897,-1.170502901,-0.3144222498,1
1999,929,-1.334922433,-0.794216156,1
1999,961,-1.460358143,-0.7205651999,1
1999,993,-3.137943268,0.5540958643,1
1999,1025,-0.9227656722,0.2232141495,1
1999,1057,1.34103632,1.433086514,1
1999,1089,1.724235415,0.04961681366,1
1999,1121,0.6760703921,0.1453190446,1
1999,1153,0.3873365521,-1.674277425,1
1999,1185,0.9935026169,-1.886829138,1
1999,1217,2.476506472,1.025107265,1
1999,1249,4.280535698,1.583067179,1
1999,1281,4.42907095,3.092587948,1
1999,1313,1.563567877,-0.116669178,1
1999,1345,-3.399263382,-2.29845047,1
1999,1377,NaN,NaN,2
1999,1409,NaN,NaN,2
1999,1441,NaN,NaN,2
1999,1473,-1.23302412,-1.718176126,1
1999,1505,1.544625282,-1.534684658,1
1999,1537,NaN,NaN,2
1999,1569,3.834207535,-1.191996813,1
1999,1601,3.163455486,-3.958484888,1
1999,1633,2.485315561,-0.6393930912,1
1999,1665,1.381150246,-1.598071098,1
1999,1697,0.5399993658,-1.094567537,1
1999,1729,NaN,NaN,2
1999,1761,0.6996824741,1.612828493,1
1999,1793,0.9671738148,0.876355648,1
1999,1825,1.106200695,0.3317191899,1
1999,1857,1.627079964,-0.6250898838,1
1999,1889,NaN,NaN,2
1999,1921,-2.87290144,0.8907862902,1
1999,1953,NaN,NaN,2
1999,1985,-0.06367182732,0.275983274,1
1999,2017,-0.4299367666,-5.334425449,1
