PIVlab, ASCII chart output - 21-Nov-2024
FRAME: 13, filenames: A:[13]AVI_Pos018_TimeSrs0018_TgUtrmcherry_K4K8MO.avi & B:[14]AVI_Pos018_TimeSrs0018_TgUtrmcherry_K4K8MO.avi, conversion factor xy (px -> m): 1, conversion factor uv (px/frame -> m/s): 1
x [px],y [px],u [px/frame],v [px/frame],Vector type [-]
47,33,NaN,NaN,2
47,65,NaN,NaN,2
47,97,NaN,NaN,2
47,129,NaN,NaN,2
47,161,NaN,NaN,2
47,193,NaN,NaN,2
47,225,NaN,NaN,2
47,257,NaN,NaN,2
47,289,6.625547409,5.465103149,1
47,321,8.680599213,5.327754974,1
47,353,11.79127693,7.834260464,1
47,385,14.52026367,6.141825199,1
47,417,NaN,NaN,2
47,449,NaN,NaN,2
47,481,10.28591633,0.7423715591,1
47,513,11.23910427,4.63871336,1
47,545,11.41506577,2.692573071,1
47,577,13.17868042,2.93461442,1
47,609,9.095149994,3.358021021,1
47,641,NaN,NaN,2
47,673,10.94885063,-1.515251279,1
47,705,12.65240669,1.68933773,1
47,737,9.257471085,2.57949996,1
47,769,6.847757339,4.210800171,1
47,801,NaN,NaN,2
47,833,NaN,NaN,2
47,865,NaN,NaN,2
47,897,6.414495468,2.420955181,1
47,929,9.937254906,1.944000721,1
47,961,9.724941254,2.259285212,1
47,993,6.769499779,1.181054592,1
47,1025,6.345822811,1.506089449,1
47,1057,8.602552414,0.7857522964,1
47,1089,10.72793579,-0.4957340956,1
47,1121,9.850681305,-0.06473398209,1
47,1153,NaN,NaN,2
47,1185,9.630529404,0.6732044816,1
47,1217,9.053138733,-4.641074181,1
47,1249,2.938054085,-3.620303154,1
47,1281,3.196120262,-3.205696583,1
47,1313,4.729056358,-3.209282398,1
47,1345,5.811852932,-1.049750566,1
47,1377,1.371968269,-0.0988214016,1
47,1409,-0.7722992897,1.115919709,1
47,1441,2.629379272,3.776082993,1
47,1473,4.027310371,2.629045486,1
47,1505,1.063879967,5.198433399,1
47,1537,-0.1800403595,5.058791637,1
47,1569,0.2336440086,2.290585518,1
47,1601,0.8404111862,1.423848152,1
47,1633,NaN,NaN,2
47,1665,NaN,NaN,2
47,1697,NaN,NaN,2
47,1729,NaN,NaN,2
47,1761,-2.663704872,3.739991426,1
47,1793,-2.328950882,6.642253876,1
47,1825,-6.50932312,11.03852654,1
47,1857,-4.491628647,11.3878746,1
47,1889,-4.54583168,5.987272263,1
47,1921,-4.024013519,5.972017288,1
47,1953,-3.204937935,6.183833122,1
47,1985,NaN,NaN,2
47,2017,9.895139694,-12.65917683,1
79,33,4.469768524,3.869813442,1
79,65,6.428572655,3.612293482,1
79,97,5.270876408,3.607683659,1
79,129,5.468870163,8.116113663,1
79,161,5.761629581,9.947756767,1
79,193,6.536996841,8.953227043,1
79,225,NaN,NaN,2
79,257,7.880749702,7.374237061,1
79,289,9.035041809,9.091772079,1
79,321,10.12614727,8.403303146,1
79,353,NaN,NaN,2
79,385,NaN,NaN,2
79,417,NaN,NaN,2
79,449,12.1332655,-1.026867747,1
79,481,11.39613342,0.1991021633,1
79,513,11.59439278,1.904839039,1
79,545,10.61610985,3.782304287,1
79,577,11.13744164,3.609073639,1
79,609,9.897140503,-1.412936211,1
79,641,9.839421272,-1.050240993,1
79,673,10.41444969,-0.9867925644,1
79,705,13.27613735,5.359348774,1
79,737,12.40157795,4.667649269,1
79,769,11.56127071,3.167380095,1
79,801,11.74844551,3.272413015,1
79,833,10.47530937,2.284051657,1
79,865,9.395168304,3.742617607,1
79,897,9.885134697,3.823421001,1
79,929,10.40153217,0.9709808826,1
79,961,9.500429153,0.4651820064,1
79,993,7.917530537,0.08309030533,1
79,1025,9.418292999,3.612220049,1
79,1057,9.73379612,3.88975215,1
79,1089,9.994239807,-1.05497992,1
79,1121,9.180808067,-0.8446793556,1
79,1153,10.02827835,-0.3412762284,1
79,1185,9.751455307,-1.623711824,1
79,1217,7.317120075,-4.145734787,1
79,1249,5.085289955,-4.658127785,1
79,1281,2.522312164,-2.348804712,1
79,1313,3.339670181,-2.849725246,1
79,1345,4.234378815,-1.521559,1
79,1377,NaN,NaN,2
79,1409,3.897222519,-0.03846433759,1
79,1441,NaN,NaN,2
79,1473,NaN,NaN,2
79,1505,2.23504591,3.818898201,1
79,1537,2.124332428,4.277860641,1
79,1569,2.66463232,4.327467918,1
79,1601,4.378778458,3.650728703,1
79,1633,5.295044899,2.899190187,1
79,1665,NaN,NaN,2
79,1697,0.006602227688,0.9648448229,1
79,1729,-2.143221378,0.9364659786,1
79,1761,-0.6927773952,3.658872843,1
79,1793,-0.1798895001,5.993744373,1
79,1825,0.1182091236,7.710803509,1
79,1857,NaN,NaN,2
79,1889,NaN,NaN,2
79,1921,NaN,NaN,2
79,1953,-0.8095861673,4.697154045,1
79,1985,-2.549059391,2.902975798,1
79,2017,0.8271729946,-2.873810053,1
111,33,1.078299999,0.5943747759,1
111,65,3.209641457,2.492162228,1
111,97,5.378971577,3.337681293,1
111,129,NaN,NaN,2
111,161,9.098309517,7.799042225,1
111,193,NaN,NaN,2
111,225,8.896903038,6.02047205,1
111,257,10.23090172,7.736763,1
111,289,10.89903259,10.2369976,1
111,321,11.75766277,9.652451515,1
111,353,NaN,NaN,2
111,385,NaN,NaN,2
111,417,11.01470184,3.963959217,1
111,449,9.776230812,-0.2618639469,1
111,481,9.181485176,-1.085967541,1
111,513,12.19491005,2.86872077,1
111,545,10.69261837,3.954083681,1
111,577,9.927176476,3.686466217,1
111,609,NaN,NaN,2
111,641,7.560982704,-1.263093948,1
111,673,12.85034657,0.6712858677,1
111,705,13.27599525,4.345994949,1
111,737,13.17609024,4.330587387,1
111,769,13.34788322,3.568602562,1
111,801,14.05504227,3.500644684,1
111,833,NaN,NaN,2
111,865,13.02730751,2.825285912,1
111,897,13.39548683,0.9734401703,1
111,929,11.85092068,-0.0661970377,1
111,961,9.514268875,-0.6193912625,1
111,993,7.008896828,0.1027478576,1
111,1025,7.986635208,2.51987648,1
111,1057,8.496340752,2.386378527,1
111,1089,NaN,NaN,2
111,1121,12.12080193,-2.00412488,1
111,1153,8.790514946,-1.636723399,1
111,1185,8.520929337,-1.740486264,1
111,1217,8.027704239,-2.251684189,1
111,1249,4.762226105,-3.792696953,1
111,1281,7.177893162,-3.417290449,1
111,1313,6.870088577,-3.763703585,1
111,1345,4.292825222,-0.7759292722,1
111,1377,3.912921906,-1.930384398,1
111,1409,3.857316732,-0.1165638566,1
111,1441,NaN,NaN,2
111,1473,NaN,NaN,2
111,1505,NaN,NaN,2
111,1537,NaN,NaN,2
111,1569,3.960185051,4.412387371,1
111,1601,3.454892874,4.076958656,1
111,1633,2.642005682,2.694008827,1
111,1665,1.420562267,0.8022456169,1
111,1697,0.2465895414,0.8525830507,1
111,1729,0.1953023672,2.104168415,1
111,1761,1.354849815,5.086290836,1
111,1793,0.4895403385,5.809918404,1
111,1825,-0.3645653427,5.713243008,1
111,1857,-1.796644926,6.345728874,1
111,1889,-0.54933846,4.775766373,1
111,1921,NaN,NaN,2
111,1953,-3.5580194,4.999754906,1
111,1985,-4.376091957,5.950100899,1
111,2017,-0.5370266438,0.3391581774,1
143,33,2.091130257,0.1668548584,1
143,65,2.30210495,1.737495661,1
143,97,4.429542542,2.052634954,1
143,129,5.192826748,2.254982471,1
143,161,6.13399744,4.276319504,1
143,193,9.745859146,3.64061451,1
143,225,12.77091599,4.28914547,1
143,257,12.47577667,6.982037544,1
143,289,12.41118145,9.028852463,1
143,321,13.12124538,7.927684784,1
143,353,12.15831852,8.540569305,1
143,385,11.70498562,8.280870438,1
143,417,12.5604248,6.20832634,1
143,449,8.385311127,0.4777069092,1
143,481,9.180857658,0.05327796936,1
143,513,12.8891077,6.569137573,1
143,545,13.1476059,4.442809582,1
143,577,NaN,NaN,2
143,609,NaN,NaN,2
143,641,12.33865166,5.256497383,1
143,673,12.45040607,3.186599255,1
143,705,13.63402271,4.536254883,1
143,737,13.49427795,4.225432396,1
143,769,11.25650024,3.944329262,1
143,801,NaN,NaN,2
143,833,12.47648239,1.956093788,1
143,865,12.73761463,2.04715848,1
143,897,13.36144733,-0.117654562,1
143,929,11.88322639,-2.223412037,1
143,961,9.213881493,-1.42997694,1
143,993,NaN,NaN,2
143,1025,NaN,NaN,2
143,1057,7.563817024,-1.159137487,1
143,1089,10.49306393,-2.602421284,1
143,1121,9.81303978,-2.168102741,1
143,1153,7.033848763,-1.586366892,1
143,1185,6.738230705,-1.434421659,1
143,1217,6.128396034,1.424805522,1
143,1249,5.780974388,-0.05518734455,1
143,1281,5.061975479,0.02498519421,1
143,1313,4.590198994,1.014309645,1
143,1345,4.734423637,-0.2850592136,1
143,1377,4.359951496,-1.285539627,1
143,1409,3.794093847,-0.4048372805,1
143,1441,3.957741976,0.9722992182,1
143,1473,NaN,NaN,2
143,1505,NaN,NaN,2
143,1537,4.86634922,2.133426905,1
143,1569,3.950651884,3.391521931,1
143,1601,2.738749504,2.97149086,1
143,1633,2.486303329,-1.802105665,1
143,1665,1.324288368,-0.425186038,1
143,1697,1.254780293,1.129179239,1
143,1729,1.317631364,0.2319278717,1
143,1761,0.6912455559,6.177492142,1
143,1793,0.7629176378,5.283834934,1
143,1825,-0.1989834458,5.472524166,1
143,1857,-1.025666475,5.040230751,1
143,1889,-0.8760955334,4.389954567,1
143,1921,-2.839868069,6.300806999,1
143,1953,-2.746326447,4.85476017,1
143,1985,-3.750954628,3.241205454,1
143,2017,-1.952839851,-0.5666873455,1
175,33,4.568986416,1.496392012,1
175,65,NaN,NaN,2
175,97,NaN,NaN,2
175,129,3.441543102,2.775702238,1
175,161,5.157619953,3.747573376,1
175,193,8.888287544,3.695312023,1
175,225,NaN,NaN,2
175,257,13.67846775,7.249988556,1
175,289,12.48579502,5.545208454,1
175,321,12.76243973,6.087917328,1
175,353,11.72004795,7.640554905,1
175,385,12.38826275,6.807809353,1
175,417,12.9931345,5.254947662,1
175,449,NaN,NaN,2
175,481,NaN,NaN,2
175,513,13.28337669,7.194235802,1
175,545,14.05297852,4.745018959,1
175,577,NaN,NaN,2
175,609,9.636546135,4.1889534,1
175,641,10.39962769,3.454080582,1
175,673,13.09715939,3.504274845,1
175,705,NaN,NaN,2
175,737,16.28103256,5.113973141,1
175,769,13.01624203,4.528411865,1
175,801,NaN,NaN,2
175,833,NaN,NaN,2
175,865,12.3225069,1.464397073,1
175,897,12.4134016,-0.5274890065,1
175,929,11.10870743,-1.860955596,1
175,961,8.368402481,-2.012137413,1
175,993,4.567680359,0.2655872703,1
175,1025,4.385265827,0.0473857373,1
175,1057,7.07969141,-2.115180731,1
175,1089,8.079904556,-0.8421981335,1
175,1121,6.714561462,-1.030022264,1
175,1153,6.416715145,-0.7255407572,1
175,1185,6.32186985,-0.3641840219,1
175,1217,5.979855537,1.499414682,1
175,1249,5.846730232,0.3297381401,1
175,1281,4.819844246,0.9914474487,1
175,1313,4.827986717,1.944340944,1
175,1345,4.325145245,0.270414412,1
175,1377,3.926491022,-0.466019541,1
175,1409,4.097314835,-0.21707201,1
175,1441,3.965196848,-0.03962218761,1
175,1473,1.102828741,0.3752542734,1
175,1505,NaN,NaN,2
175,1537,3.599917412,1.742414832,1
175,1569,2.037294626,5.989877224,1
175,1601,NaN,NaN,2
175,1633,NaN,NaN,2
175,1665,0.88659513,0.9099060297,1
175,1697,NaN,NaN,2
175,1729,NaN,NaN,2
175,1761,0.31975317,5.369876862,1
175,1793,1.16678977,4.239539146,1
175,1825,0.3482807577,4.755157471,1
175,1857,-1.492866158,4.559934616,1
175,1889,-2.276641369,4.945086002,1
175,1921,-2.28177309,6.015057564,1
175,1953,-3.631304741,4.363197327,1
175,1985,NaN,NaN,2
175,2017,-9.738017082,-3.307615519,1
207,33,5.835886955,2.953261852,1
207,65,11.46399784,0.9745751619,1
207,97,NaN,NaN,2
207,129,6.622940063,0.7850062847,1
207,161,7.055957317,3.404099941,1
207,193,8.639163017,5.122247219,1
207,225,11.05233097,7.017226696,1
207,257,10.69072533,5.217275143,1
207,289,12.3645153,4.969676971,1
207,321,12.31857777,4.282259464,1
207,353,10.68200302,5.976713181,1
207,385,10.36360359,5.514224052,1
207,417,11.60066795,4.976262569,1
207,449,12.48862171,4.602536201,1
207,481,12.97690868,5.347254753,1
207,513,14.53232574,5.201065063,1
207,545,15.18802834,3.140625477,1
207,577,15.45234203,3.085311413,1
207,609,12.09286022,4.362336159,1
207,641,12.31019211,3.157398462,1
207,673,12.77257538,0.6133923531,1
207,705,17.71311951,3.842579365,1
207,737,16.84250641,3.794168949,1
207,769,13.28988838,4.862686157,1
207,801,NaN,NaN,2
207,833,3.993733406,2.609399319,1
207,865,11.40957737,2.318611145,1
207,897,12.42037582,0.9839761853,1
207,929,10.76251316,-0.09745466709,1
207,961,NaN,NaN,2
207,993,7.15144825,-1.943371177,1
207,1025,6.287898064,-2.655030489,1
207,1057,5.552348614,-0.2354976386,1
207,1089,6.980533123,0.04575902224,1
207,1121,6.930997849,-0.1524289846,1
207,1153,6.536673546,0.0265712738,1
207,1185,6.379736423,0.3891629577,1
207,1217,5.879776478,0.9071922302,1
207,1249,7.080092907,0.8890183568,1
207,1281,6.114570618,2.296020031,1
207,1313,5.595730782,2.871231794,1
207,1345,3.613734722,0.7121016383,1
207,1377,2.206772327,0.104504168,1
207,1409,3.296232224,0.3301420212,1
207,1441,3.240011692,0.5521822572,1
207,1473,2.223955154,1.479043603,1
207,1505,0.6588375568,3.446354389,1
207,1537,NaN,NaN,2
207,1569,-0.7589241266,1.563397646,1
207,1601,NaN,NaN,2
207,1633,NaN,NaN,2
207,1665,0.271553874,1.72510767,1
207,1697,0.7819964886,2.660001755,1
207,1729,1.422879219,2.249185324,1
207,1761,0.4802350998,2.55700779,1
207,1793,0.336705476,2.018012524,1
207,1825,0.1701026559,3.552752018,1
207,1857,-1.672646284,4.839009285,1
207,1889,-2.678188324,6.828966141,1
207,1921,-0.3841205835,7.113090515,1
207,1953,-0.05436599255,5.123448372,1
207,1985,-6.874871254,5.216299057,1
207,2017,-8.672821045,-5.56806469,1
239,33,NaN,NaN,2
239,65,5.47019434,-1.923395634,1
239,97,4.477602482,-1.10430479,1
239,129,6.096119881,-0.8601388931,1
239,161,7.497685909,5.01749897,1
239,193,7.614620209,6.414753914,1
239,225,7.220482826,5.041427612,1
239,257,8.58971405,4.257019997,1
239,289,9.832772255,4.193022251,1
239,321,11.53633308,2.647105694,1
239,353,10.37448788,4.625321388,1
239,385,9.880213737,5.044579029,1
239,417,11.90266228,5.288173199,1
239,449,13.31566525,5.667365551,1
239,481,13.84003925,6.259849072,1
239,513,15.07998848,4.964376926,1
239,545,16.46417618,3.086772442,1
239,577,16.62752151,3.443158627,1
239,609,16.83308983,4.940907955,1
239,641,16.40481949,2.887873888,1
239,673,14.8592062,2.322537422,1
239,705,14.21145344,3.591817379,1
239,737,14.40180016,4.038007736,1
239,769,13.23346043,4.356341839,1
239,801,NaN,NaN,2
239,833,NaN,NaN,2
239,865,NaN,NaN,2
239,897,12.86932564,1.719706059,1
239,929,13.88540745,0.5776460171,1
239,961,NaN,NaN,2
239,993,6.740093231,-3.044398069,1
239,1025,6.561360836,-4.715659142,1
239,1057,6.773053646,1.578310728,1
239,1089,7.040362835,2.425368786,1
239,1121,7.458914757,0.5115870237,1
239,1153,7.205721378,1.322998047,1
239,1185,6.80014801,1.007155418,1
239,1217,5.871191025,-0.1428600252,1
239,1249,NaN,NaN,2
239,1281,5.799395561,1.904408932,1
239,1313,6.008227825,1.985907316,1
239,1345,4.644468307,0.5722789764,1
239,1377,3.710532665,0.5664862394,1
239,1409,2.953249931,1.281317592,1
239,1441,2.050620317,2.278231382,1
239,1473,0.5379965305,4.017900467,1
239,1505,3.294788361,2.073775291,1
239,1537,0.273160696,2.44365716,1
239,1569,-1.381298184,1.310767412,1
239,1601,-1.338479757,0.7095504999,1
239,1633,-1.052989125,1.840322137,1
239,1665,-0.009604632854,2.354158401,1
239,1697,-0.06523188949,1.769130707,1
239,1729,0.3846812248,1.887303591,1
239,1761,0.2664065063,3.115634441,1
239,1793,0.1054699123,3.674913645,1
239,1825,0.2186668962,3.286161184,1
239,1857,2.172145367,3.870263815,1
239,1889,3.258686781,4.100896835,1
239,1921,2.867463827,3.665488958,1
239,1953,2.796610355,2.935277462,1
239,1985,1.449401379,3.947968721,1
239,2017,NaN,NaN,2
271,33,4.814409256,1.137359262,1
271,65,3.666716576,-2.071568012,1
271,97,3.543151379,0.7220008373,1
271,129,6.327304363,-0.5797202587,1
271,161,7.107461452,2.351885319,1
271,193,8.766618729,3.89481926,1
271,225,8.413316727,3.681780338,1
271,257,8.528268814,4.106392384,1
271,289,8.751407623,4.562336922,1
271,321,9.018659592,3.122375488,1
271,353,9.600597382,3.359491825,1
271,385,10.18766594,4.085575104,1
271,417,11.38506794,5.38164711,1
271,449,12.67151928,6.170056343,1
271,481,14.22339725,5.945338249,1
271,513,15.88917923,4.765925884,1
271,545,16.28382492,4.376325607,1
271,577,16.78113937,4.99014616,1
271,609,17.89296913,4.920638084,1
271,641,17.84653854,2.862202644,1
271,673,15.72216797,2.905122042,1
271,705,NaN,NaN,2
271,737,NaN,NaN,2
271,769,NaN,NaN,2
271,801,5.716300964,4.282711029,1
271,833,NaN,NaN,2
271,865,NaN,NaN,2
271,897,13.17708683,2.486613989,1
271,929,14.04423618,0.6858514547,1
271,961,NaN,NaN,2
271,993,NaN,NaN,2
271,1025,NaN,NaN,2
271,1057,8.85931015,1.502242804,1
271,1089,8.317361832,1.937243342,1
271,1121,NaN,NaN,2
271,1153,NaN,NaN,2
271,1185,NaN,NaN,2
271,1217,6.401360989,-0.5869776011,1
271,1249,NaN,NaN,2
271,1281,NaN,NaN,2
271,1313,4.991033077,0.8249781132,1
271,1345,4.368848324,1.541739345,1
271,1377,3.711859226,1.846268892,1
271,1409,3.160722971,2.335361481,1
271,1441,0.5827829838,3.826622009,1
271,1473,-0.9397633076,3.887847185,1
271,1505,0.4519889951,2.182955027,1
271,1537,0.6934739351,1.683811784,1
271,1569,0.3181712627,1.08236599,1
271,1601,0.3227012753,0.9860816002,1
271,1633,0.3322577477,2.170710087,1
271,1665,0.3913314342,3.223328352,1
271,1697,0.05582404137,3.313811541,1
271,1729,-0.06031608582,2.023886442,1
271,1761,0.6222779155,2.85215807,1
271,1793,0.05205592513,3.244730711,1
271,1825,-0.4510023296,3.216291904,1
271,1857,0.3915376663,4.383393764,1
271,1889,4.714352131,4.220964432,1
271,1921,2.699635029,2.537942648,1
271,1953,2.212929487,1.941013575,1
271,1985,1.947694421,3.301724672,1
271,2017,NaN,NaN,2
303,33,1.607021809,0.2961569428,1
303,65,1.999240875,-0.06986814737,1
303,97,3.306194305,0.977519393,1
303,129,4.81221056,1.008426547,1
303,161,5.561073303,-1.246202469,1
303,193,8.17568779,0.5897754431,1
303,225,8.693235397,2.593118191,1
303,257,8.412703514,3.921998262,1
303,289,8.778503418,5.363343239,1
303,321,9.207284927,4.168760777,1
303,353,9.669083595,1.564080477,1
303,385,8.501595497,0.8069729805,1
303,417,7.978942871,1.801513672,1
303,449,8.152261734,3.902435303,1
303,481,13.18599987,4.288493633,1
303,513,15.01325893,4.330106735,1
303,545,15.97704124,4.988315582,1
303,577,16.51441383,5.773654461,1
303,609,17.32475662,5.362612724,1
303,641,17.76732826,3.271777153,1
303,673,16.89609718,3.868433952,1
303,705,15.91063499,6.278152943,1
303,737,17.8337307,4.951935291,1
303,769,10.13557625,4.158639431,1
303,801,9.076306343,3.047580481,1
303,833,8.391337395,1.949429274,1
303,865,12.68263435,2.431799173,1
303,897,14.03416634,1.385164499,1
303,929,NaN,NaN,2
303,961,10.22068787,0.03889983892,1
303,993,11.06039429,0.6853126287,1
303,1025,10.36995316,-1.381071806,1
303,1057,9.790974617,-0.9756350517,1
303,1089,8.87184906,-0.7553812265,1
303,1121,6.092395782,-2.721396923,1
303,1153,NaN,NaN,2
303,1185,-1.507497311,2.347280741,1
303,1217,-0.5111713409,0.5524502993,1
303,1249,4.573661804,-2.907320261,1
303,1281,4.171223164,-1.239544868,1
303,1313,4.929775238,0.987500906,1
303,1345,4.719063282,1.853274584,1
303,1377,3.807842255,2.099449635,1
303,1409,2.603859901,2.366325855,1
303,1441,-0.0822455883,3.786533833,1
303,1473,-0.9636303186,2.847486019,1
303,1505,-0.8658069372,2.598192692,1
303,1537,1.143657565,2.256718636,1
303,1569,1.904543996,1.917732477,1
303,1601,2.588494778,3.019257307,1
303,1633,1.014511585,3.055810452,1
303,1665,-0.09857428074,1.229287624,1
303,1697,0.3662360907,2.835677147,1
303,1729,1.139584184,2.269373178,1
303,1761,1.075102448,0.3180515766,1
303,1793,0.2483257055,2.334816694,1
303,1825,-0.5109035969,3.250674248,1
303,1857,-0.9055250883,4.194522858,1
303,1889,0.1684367657,6.189569473,1
303,1921,0.8165125847,1.700655341,1
303,1953,NaN,NaN,2
303,1985,0.5603230596,0.5965232849,1
303,2017,-0.2385699749,-1.065858722,1
335,33,2.605429649,-0.1095173359,1
335,65,1.713922977,0.05603313446,1
335,97,2.292501926,0.860153079,1
335,129,3.091478348,0.8160167933,1
335,161,NaN,NaN,2
335,193,6.086096764,-2.252138853,1
335,225,7.910070896,1.242252588,1
335,257,8.806465149,3.524126053,1
335,289,9.306617737,4.600348949,1
335,321,9.747578621,4.101314545,1
335,353,9.407497406,2.083971977,1
335,385,7.907832146,-0.1957201958,1
335,417,7.247999191,-0.6058497429,1
335,449,NaN,NaN,2
335,481,NaN,NaN,2
335,513,13.69589806,3.22915864,1
335,545,15.0217762,5.006727219,1
335,577,15.81973076,5.769749641,1
335,609,16.58114243,6.192335606,1
335,641,17.21695137,6.28456831,1
335,673,16.57376671,4.363273621,1
335,705,17.2094574,4.080826283,1
335,737,17.17557526,6.522150993,1
335,769,14.99448299,6.308893204,1
335,801,11.02152348,2.409357548,1
335,833,11.91343403,2.902029037,1
335,865,12.46067524,2.1339252,1
335,897,11.19806099,0.751236558,1
335,929,NaN,NaN,2
335,961,11.68329334,-0.4317449331,1
335,993,13.37960243,-0.4716809392,1
335,1025,12.63339615,-1.248327613,1
335,1057,10.06747246,-2.318876505,1
335,1089,8.558374405,-2.55486083,1
335,1121,NaN,NaN,2
335,1153,NaN,NaN,2
335,1185,-2.989392757,2.96675539,1
335,1217,NaN,NaN,2
335,1249,6.418525219,-0.690279007,1
335,1281,6.136538506,0.09765607119,1
335,1313,6.646670341,1.275969982,1
335,1345,6.092096329,1.502053499,1
335,1377,3.648387432,1.376008511,1
335,1409,2.956493855,1.003732562,1
335,1441,NaN,NaN,2
335,1473,NaN,NaN,2
335,1505,NaN,NaN,2
335,1537,2.017748356,4.201215744,1
335,1569,2.153300047,3.810171127,1
335,1601,2.885445833,3.788002014,1
335,1633,1.648402572,3.55652523,1
335,1665,NaN,NaN,2
335,1697,NaN,NaN,2
335,1729,1.961188912,1.378878832,1
335,1761,2.350587368,2.192205906,1
335,1793,0.9325215816,2.222069025,1
335,1825,-2.502402782,4.227121353,1
335,1857,-3.71636796,3.313002586,1
335,1889,NaN,NaN,2
335,1921,-0.5122902393,5.291808128,1
335,1953,-0.7081796527,3.782568455,1
335,1985,-0.1467908621,0.1046641469,1
335,2017,-0.693158865,-0.8591405153,1
367,33,2.457324028,-0.09336495399,1
367,65,-0.1397064924,-0.9582397938,1
367,97,0.2000820637,0.458661437,1
367,129,1.47499609,0.3691014647,1
367,161,NaN,NaN,2
367,193,5.310598373,-3.334609509,1
367,225,6.72789669,-1.351131439,1
367,257,9.189058304,1.699106932,1
367,289,9.278252602,3.765405893,1
367,321,9.4211483,4.452206135,1
367,353,11.71722126,5.799311161,1
367,385,12.52556133,1.65015626,1
367,417,NaN,NaN,2
367,449,NaN,NaN,2
367,481,NaN,NaN,2
367,513,NaN,NaN,2
367,545,14.12932587,3.594154835,1
367,577,15.53804302,4.955861568,1
367,609,16.03658295,6.543175697,1
367,641,17.20245361,7.34534359,1
367,673,16.6308403,6.064123631,1
367,705,18.99403381,5.29963541,1
367,737,17.22546005,6.332818031,1
367,769,15.29273033,6.642915726,1
367,801,NaN,NaN,2
367,833,15.36872673,0.08049499989,1
367,865,13.6825676,1.810349464,1
367,897,11.12847137,0.5155409575,1
367,929,10.46775532,-3.126003981,1
367,961,12.22544289,-0.08358952403,1
367,993,NaN,NaN,2
367,1025,12.1356678,-0.4446235299,1
367,1057,8.558504105,-2.048031569,1
367,1089,5.972226143,-0.8292402625,1
367,1121,6.194639206,0.3702851534,1
367,1153,NaN,NaN,2
367,1185,5.558572292,0.02455754578,1
367,1217,7.410532475,-0.04820930958,1
367,1249,7.302786827,0.1010195017,1
367,1281,8.658558846,0.7214718461,1
367,1313,11.76020241,-1.40207839,1
367,1345,NaN,NaN,2
367,1377,3.93650198,-1.133995533,1
367,1409,NaN,NaN,2
367,1441,NaN,NaN,2
367,1473,NaN,NaN,2
367,1505,NaN,NaN,2
367,1537,2.883494616,9.538454056,1
367,1569,2.390469551,7.069545269,1
367,1601,0.3868912458,2.952644348,1
367,1633,0.1549685001,1.64826107,1
367,1665,1.161630273,4.466962814,1
367,1697,1.234935164,3.646505833,1
367,1729,1.447008491,2.38890934,1
367,1761,0.1515543759,0.9862488508,1
367,1793,-0.9135266542,1.048879504,1
367,1825,-3.336615086,2.241597176,1
367,1857,-2.952409506,1.680899858,1
367,1889,NaN,NaN,2
367,1921,-0.8019974828,3.004027128,1
367,1953,-2.404128313,5.303278923,1
367,1985,-0.8261307478,4.592448235,1
367,2017,-0.8201951981,-0.4123041034,1
399,33,1.565216422,-0.2367191315,1
399,65,-0.3671329618,-1.489912868,1
399,97,-0.7347830534,0.2318230271,1
399,129,NaN,NaN,2
399,161,NaN,NaN,2
399,193,NaN,NaN,2
399,225,5.376647949,-3.438372374,1
399,257,NaN,NaN,2
399,289,NaN,NaN,2
399,321,8.21599865,5.627069473,1
399,353,10.11595058,4.067595482,1
399,385,10.72058964,2.25372839,1
399,417,NaN,NaN,2
399,449,NaN,NaN,2
399,481,NaN,NaN,2
399,513,NaN,NaN,2
399,545,12.37500668,3.654008865,1
399,577,13.24129295,4.740926743,1
399,609,14.02096462,5.420256138,1
399,641,15.16682339,5.897445679,1
399,673,17.60762405,6.88034296,1
399,705,16.96361542,5.012904167,1
399,737,17.06031036,3.729869127,1
399,769,19.69186783,6.244936943,1
399,801,18.52056122,2.953926325,1
399,833,NaN,NaN,2
399,865,NaN,NaN,2
399,897,NaN,NaN,2
399,929,NaN,NaN,2
399,961,NaN,NaN,2
399,993,13.60048199,0.5344729424,1
399,1025,11.63033581,-0.6263633966,1
399,1057,9.641431808,-0.6169917583,1
399,1089,8.469372749,-0.214318037,1
399,1121,8.451589584,0.4682070017,1
399,1153,8.448177338,-0.5037446618,1
399,1185,8.427587509,0.2479111105,1
399,1217,8.295137405,0.4627841413,1
399,1249,8.395726204,0.1889869273,1
399,1281,12.1053381,0.1310918927,1
399,1313,11.80777359,0.883955121,1
399,1345,10.41299629,-0.7681651115,1
399,1377,5.185702324,-3.002601862,1
399,1409,NaN,NaN,2
399,1441,NaN,NaN,2
399,1473,NaN,NaN,2
399,1505,NaN,NaN,2
399,1537,3.332606316,7.749057293,1
399,1569,2.694477081,6.684348583,1
399,1601,1.778073311,5.242218018,1
399,1633,0.1161112785,5.324821472,1
399,1665,1.053363562,6.442635059,1
399,1697,1.602961063,5.795681953,1
399,1729,NaN,NaN,2
399,1761,-0.8083100319,-0.04477763176,1
399,1793,-0.7991033792,-0.3751647472,1
399,1825,-1.350696087,0.9426714778,1
399,1857,-0.1059374958,0.6689381599,1
399,1889,0.898324728,1.217159748,1
399,1921,0.3871344626,5.091156006,1
399,1953,-1.889588594,5.128451824,1
399,1985,-0.9846248627,6.500494003,1
399,2017,NaN,NaN,2
431,33,1.095218539,0.2702906728,1
431,65,0.6854218245,0.7147746086,1
431,97,0.9691280127,0.8946479559,1
431,129,1.81009078,-0.1978979409,1
431,161,6.585785389,-2.756487608,1
431,193,8.086280823,-3.66576457,1
431,225,7.43314743,-6.949848175,1
431,257,NaN,NaN,2
431,289,2.740886211,-0.1183421612,1
431,321,5.77321291,2.137953281,1
431,353,5.967051506,1.041877627,1
431,385,6.65503788,2.113992214,1
431,417,NaN,NaN,2
431,449,NaN,NaN,2
431,481,NaN,NaN,2
431,513,8.265830994,0.41776371,1
431,545,NaN,NaN,2
431,577,11.92001247,4.15351963,1
431,609,13.48907566,4.429738522,1
431,641,14.38421535,4.623015881,1
431,673,18.18722916,6.68311882,1
431,705,19.78425598,6.454057693,1
431,737,19.07491875,4.615492344,1
431,769,16.02991867,5.975686073,1
431,801,17.22200012,2.686186314,1
431,833,20.38420486,2.330963135,1
431,865,NaN,NaN,2
431,897,NaN,NaN,2
431,929,17.89631271,-1.60228014,1
431,961,19.44337463,-3.288190365,1
431,993,NaN,NaN,2
431,1025,10.89017391,-1.118834496,1
431,1057,9.186728477,-0.6128540039,1
431,1089,8.2920084,-2.007520676,1
431,1121,7.498923302,-3.292765379,1
431,1153,8.863505363,-0.8952201009,1
431,1185,10.37295818,-0.258023262,1
431,1217,8.489807129,1.883739352,1
431,1249,NaN,NaN,2
431,1281,11.45471954,-0.801809907,1
431,1313,11.3931694,0.5826911926,1
431,1345,11.09049606,1.088911891,1
431,1377,NaN,NaN,2
431,1409,6.632740021,1.909438372,1
431,1441,5.976040363,5.274185658,1
431,1473,NaN,NaN,2
431,1505,2.788202524,4.149764061,1
431,1537,3.015575409,4.807916641,1
431,1569,3.478552341,5.069259167,1
431,1601,3.351494789,6.508718967,1
431,1633,3.0641644,7.316754341,1
431,1665,-0.4205545783,7.781674385,1
431,1697,-1.013422489,6.825942516,1
431,1729,NaN,NaN,2
431,1761,1.701021433,1.157519579,1
431,1793,NaN,NaN,2
431,1825,NaN,NaN,2
431,1857,0.4123621285,0.9477875233,1
431,1889,0.0686211586,1.614367962,1
431,1921,NaN,NaN,2
431,1953,-1.440898895,6.352701187,1
431,1985,-0.04574629664,6.752148151,1
431,2017,-0.3407231569,4.246890545,1
463,33,-2.493937969,1.518890381,1
463,65,-0.5546213984,1.42137754,1
463,97,0.3103950322,0.147826612,1
463,129,0.178416729,-0.9201265574,1
463,161,NaN,NaN,2
463,193,8.062784195,-5.266671181,1
463,225,4.871974945,-6.600745678,1
463,257,NaN,NaN,2
463,289,5.396039963,0.9561390877,1
463,321,4.420412064,1.557878733,1
463,353,5.037011147,0.8255324364,1
463,385,5.63624239,2.01994276,1
463,417,4.063289642,3.04509449,1
463,449,5.707602978,3.99599719,1
463,481,9.422214508,4.095505714,1
463,513,10.86029339,3.74797821,1
463,545,11.17364502,2.878198385,1
463,577,13.23645592,0.9802701473,1
463,609,12.71692848,3.203117847,1
463,641,11.03154182,5.997972488,1
463,673,NaN,NaN,2
463,705,17.04416084,3.6208148,1
463,737,15.22094536,5.168390274,1
463,769,16.39338493,5.16836834,1
463,801,19.5295372,2.252791166,1
463,833,20.24238777,2.085912466,1
463,865,18.11307716,1.335672259,1
463,897,16.45572281,0.03932803869,1
463,929,16.78146935,-1.143994212,1
463,961,19.76708221,-3.586724758,1
463,993,NaN,NaN,2
463,1025,10.4649086,-0.6064122915,1
463,1057,8.710929871,-1.338326216,1
463,1089,7.591783524,-2.757275581,1
463,1121,6.909243584,-3.241314888,1
463,1153,7.967384338,-1.621030569,1
463,1185,10.27016258,-0.5150107741,1
463,1217,11.13987827,-0.3628151417,1
463,1249,8.453432083,-2.424897671,1
463,1281,8.526569366,2.19770813,1
463,1313,NaN,NaN,2
463,1345,NaN,NaN,2
463,1377,NaN,NaN,2
463,1409,NaN,NaN,2
463,1441,6.572055817,7.254293919,1
463,1473,NaN,NaN,2
463,1505,3.36605525,4.027568817,1
463,1537,3.251126528,4.350347042,1
463,1569,3.602861404,4.998904705,1
463,1601,4.661915779,5.738257885,1
463,1633,2.882970333,6.748390198,1
463,1665,0.1040308475,8.183650017,1
463,1697,NaN,NaN,2
463,1729,0.1141172647,6.8150177,1
463,1761,-0.7693035603,1.885459423,1
463,1793,NaN,NaN,2
463,1825,NaN,NaN,2
463,1857,NaN,NaN,2
463,1889,NaN,NaN,2
463,1921,NaN,NaN,2
463,1953,NaN,NaN,2
463,1985,NaN,NaN,2
463,2017,NaN,NaN,2
495,33,-3.127993584,1.390387774,1
495,65,NaN,NaN,2
495,97,-0.6838849187,-0.8730412722,1
495,129,-0.3269219697,-1.174514771,1
495,161,1.323424339,-2.85340023,1
495,193,NaN,NaN,2
495,225,3.653910875,-3.287813425,1
495,257,3.703623772,-1.963019371,1
495,289,5.83036375,0.6807950735,1
495,321,3.919186354,2.352983952,1
495,353,3.076014519,0.9305984974,1
495,385,3.667375088,1.380972981,1
495,417,3.481975555,2.557570696,1
495,449,5.133305073,3.374450445,1
495,481,9.931706429,4.340196133,1
495,513,11.39565277,4.486225128,1
495,545,11.65564537,3.213125944,1
495,577,11.7811079,2.199428082,1
495,609,12.2316246,2.479261637,1
495,641,12.55446339,4.258581638,1
495,673,13.20105553,2.96907258,1
495,705,14.12853241,3.156741619,1
495,737,16.97177887,2.882274151,1
495,769,16.61881638,2.353064299,1
495,801,18.64871025,2.215597391,1
495,833,19.89326477,1.963356256,1
495,865,20.02148819,1.306126952,1
495,897,19.21222496,-0.5809458494,1
495,929,NaN,NaN,2
495,961,16.73439598,-3.346669436,1
495,993,14.03884888,-2.401386499,1
495,1025,NaN,NaN,2
495,1057,NaN,NaN,2
495,1089,6.566833496,-2.680999041,1
495,1121,6.539228439,-2.455554008,1
495,1153,6.362369537,-2.114429474,1
495,1185,6.82098341,-1.288392425,1
495,1217,NaN,NaN,2
495,1249,NaN,NaN,2
495,1281,5.582288742,1.460526466,1
495,1313,5.0382061,2.014861345,1
495,1345,7.580307961,2.120660782,1
495,1377,7.479321003,2.695305347,1
495,1409,6.855088711,2.493423939,1
495,1441,5.871063232,5.094842911,1
495,1473,4.03498745,4.432393551,1
495,1505,3.534597635,4.094374657,1
495,1537,2.840822458,4.318940163,1
495,1569,2.764287949,5.495185852,1
495,1601,2.843568087,6.34919548,1
495,1633,1.662555575,5.728127003,1
495,1665,1.887807846,5.827146053,1
495,1697,-0.5981302857,7.199378967,1
495,1729,-1.256712675,7.622220516,1
495,1761,-1.629490376,7.132785797,1
495,1793,NaN,NaN,2
495,1825,NaN,NaN,2
495,1857,5.201128006,5.131207466,1
495,1889,2.702617168,2.348609924,1
495,1921,NaN,NaN,2
495,1953,1.832188368,2.183255911,1
495,1985,0.9517290592,1.036582947,1
495,2017,-0.5366550684,-4.744320393,1
527,33,0.9552893639,0.387082696,1
527,65,0.5155774951,-0.003413505852,1
527,97,-0.6517187953,-1.168679953,1
527,129,-1.273666143,-2.577606916,1
527,161,-0.2070040703,-2.531653404,1
527,193,2.230692387,-1.394470453,1
527,225,3.935776472,-1.240524292,1
527,257,5.094920158,-0.3533844352,1
527,289,5.313447952,0.3619270921,1
527,321,3.019692183,1.068992138,1
527,353,1.914999723,0.3291745782,1
527,385,NaN,NaN,2
527,417,2.534722805,0.1496129036,1
527,449,8.04352951,0.8312063217,1
527,481,9.915374756,4.164539814,1
527,513,10.31708527,3.694847107,1
527,545,10.78045368,3.112181187,1
527,577,11.15630245,3.630672455,1
527,609,12.59060192,2.607620716,1
527,641,13.4154644,2.527826786,1
527,673,13.11087704,2.716513634,1
527,705,13.64953518,2.842095137,1
527,737,14.68756294,2.42689085,1
527,769,15.95947361,2.251112938,1
527,801,17.27998924,2.052170277,1
527,833,17.6778183,1.622760773,1
527,865,17.0381012,1.230654597,1
527,897,NaN,NaN,2
527,929,14.83760643,-0.5088607073,1
527,961,14.88235664,-1.448403239,1
527,993,NaN,NaN,2
527,1025,NaN,NaN,2
527,1057,NaN,NaN,2
527,1089,7.690900326,-2.391520023,1
527,1121,6.426664829,-2.494915962,1
527,1153,4.547216415,-1.700791836,1
527,1185,4.63179636,-1.34053731,1
527,1217,4.471003056,-4.780467033,1
527,1249,4.231911659,-3.430008411,1
527,1281,3.225728512,0.03256452084,1
527,1313,4.530400276,1.120176196,1
527,1345,4.31119442,3.172335625,1
527,1377,4.056801796,3.065011501,1
527,1409,4.771013737,1.54629457,1
527,1441,4.936553001,3.063532114,1
527,1473,3.980967999,5.838392258,1
527,1505,2.02581048,4.052085876,1
527,1537,1.837026119,5.245359421,1
527,1569,2.19340229,7.391098976,1
527,1601,0.5123944283,8.032403946,1
527,1633,-0.289473176,7.573712826,1
527,1665,-0.3866786957,7.462133408,1
527,1697,-0.6114377379,7.266597748,1
527,1729,-0.9467090368,7.258188248,1
527,1761,-1.357707739,7.988046646,1
527,1793,-2.498940229,8.805039406,1
527,1825,3.655220032,9.973115921,1
527,1857,4.663975716,4.49472332,1
527,1889,4.30785799,4.042404175,1
527,1921,2.977371216,2.076195717,1
527,1953,1.662025332,1.433617115,1
527,1985,1.643424869,1.287582636,1
527,2017,0.9326090813,-2.39363575,1
559,33,2.165901184,0.9011099339,1
559,65,1.112508297,-0.2355706692,1
559,97,0.7090802193,-1.025621414,1
559,129,-0.118593663,-2.521556377,1
559,161,-0.563483119,-2.043482304,1
559,193,0.7927471399,-0.1907925606,1
559,225,1.708801985,-0.3372826576,1
559,257,2.740945816,-1.028017402,1
559,289,3.054662466,-2.188047409,1
559,321,NaN,NaN,2
559,353,NaN,NaN,2
559,385,1.192649364,-0.7073944807,1
559,417,NaN,NaN,2
559,449,NaN,NaN,2
559,481,NaN,NaN,2
559,513,NaN,NaN,2
559,545,7.243448257,6.381071568,1
559,577,9.339244843,3.6545403,1
559,609,10.6452837,2.385315895,1
559,641,11.90258884,1.998012543,1
559,673,11.47097778,2.562559605,1
559,705,12.07351017,2.721302748,1
559,737,15.32616138,2.414447069,1
559,769,NaN,NaN,2
559,801,NaN,NaN,2
559,833,18.42353439,1.462846637,1
559,865,NaN,NaN,2
559,897,NaN,NaN,2
559,929,15.55152607,1.057430506,1
559,961,14.20642567,0.08513718843,1
559,993,NaN,NaN,2
559,1025,9.475511551,-0.7857177258,1
559,1057,8.39757061,-1.212940812,1
559,1089,7.549386978,-1.60556674,1
559,1121,6.375464439,-1.689952374,1
559,1153,5.378680706,-0.9499310255,1
559,1185,4.695581436,1.518307328,1
559,1217,4.279594898,-4.572453022,1
559,1249,3.725203991,-2.812103271,1
559,1281,3.606406212,-1.017125368,1
559,1313,4.041339874,-0.7771501541,1
559,1345,3.570843935,-0.954709053,1
559,1377,3.199341536,0.4393193424,1
559,1409,4.362215042,1.021496296,1
559,1441,6.186672688,1.476071119,1
559,1473,4.154810905,6.227635384,1
559,1505,2.658394575,5.668044567,1
559,1537,0.9091794491,6.433763981,1
559,1569,1.942527771,8.2557621,1
559,1601,1.042551994,9.606060028,1
559,1633,NaN,NaN,2
559,1665,-1.6793257,8.323982239,1
559,1697,-0.9448782802,7.440778255,1
559,1729,-1.626006246,8.73592186,1
559,1761,-2.302891493,9.848361969,1
559,1793,-1.269097209,9.196825027,1
559,1825,2.079532146,9.670365334,1
559,1857,2.454390526,7.218375683,1
559,1889,2.471130848,4.026132584,1
559,1921,1.844381332,1.611453295,1
559,1953,0.4378958941,1.468156338,1
559,1985,0.4091331959,0.5403735042,1
559,2017,-0.4586131573,-2.127918005,1
591,33,0.8457103968,2.574194431,1
591,65,0.8909091353,-2.235998154,1
591,97,1.000522017,-0.07549452782,1
591,129,0.05931979418,-1.283001423,1
591,161,0.2640732527,-1.944624066,1
591,193,0.2132677436,-0.2216802835,1
591,225,-0.5667147636,-1.199438334,1
591,257,-0.3203623295,-2.687209845,1
591,289,3.846004009,-3.657250404,1
591,321,NaN,NaN,2
591,353,NaN,NaN,2
591,385,NaN,NaN,2
591,417,7.849491119,-6.328233242,1
591,449,9.082896233,-5.205259323,1
591,481,NaN,NaN,2
591,513,NaN,NaN,2
591,545,NaN,NaN,2
591,577,4.124205589,2.262384892,1
591,609,4.322454929,1.958815575,1
591,641,5.846438408,1.827131033,1
591,673,8.90370369,2.291145802,1
591,705,10.0943327,2.565569162,1
591,737,11.61102676,2.383531094,1
591,769,12.19918728,1.929180861,1
591,801,11.46112823,1.851639032,1
591,833,10.7183342,1.927903175,1
591,865,NaN,NaN,2
591,897,11.19290543,1.501608849,1
591,929,NaN,NaN,2
591,961,10.38876152,1.093333125,1
591,993,10.03500366,-2.814544439,1
591,1025,11.30673313,-0.317216754,1
591,1057,9.785312653,-1.138299108,1
591,1089,6.669322014,-0.7825288773,1
591,1121,5.806136131,-0.4081155062,1
591,1153,3.944966793,1.870305061,1
591,1185,4.695596218,-0.06939983368,1
591,1217,NaN,NaN,2
591,1249,1.922825336,0.4561821222,1
591,1281,4.196772575,-0.9156669378,1
591,1313,3.759587049,-1.08552146,1
591,1345,3.211638212,-1.00399673,1
591,1377,3.38783741,-1.088568211,1
591,1409,6.456082344,1.618960261,1
591,1441,NaN,NaN,2
591,1473,4.398852825,3.802983522,1
591,1505,3.273905754,4.639598846,1
591,1537,0.7081592083,6.23914814,1
591,1569,2.19322753,7.827569008,1
591,1601,1.813888907,9.59924984,1
591,1633,0.5416386127,10.30278587,1
591,1665,-0.1406058669,6.84617424,1
591,1697,0.08212482929,6.606818199,1
591,1729,0.6401205063,6.851550579,1
591,1761,NaN,NaN,2
591,1793,-2.121575832,9.401495934,1
591,1825,0.3491613269,9.629798889,1
591,1857,0.302519381,6.747103691,1
591,1889,-0.5374929905,4.927355766,1
591,1921,-0.5547116995,2.836551666,1
591,1953,-0.5444089174,2.406315088,1
591,1985,NaN,NaN,2
591,2017,NaN,NaN,2
623,33,-1.448241711,2.766510248,1
623,65,0.2910354733,-3.218453884,1
623,97,1.08937943,-2.436354637,1
623,129,1.037191749,-2.324830532,1
623,161,0.5746855736,-2.08701849,1
623,193,0.2558093667,-1.360470533,1
623,225,0.284324944,-1.55077672,1
623,257,1.231229901,-6.000206947,1
623,289,3.599505186,-4.518169403,1
623,321,NaN,NaN,2
623,353,NaN,NaN,2
623,385,NaN,NaN,2
623,417,5.716579914,-6.596051216,1
623,449,4.8619771,-4.237575531,1
623,481,NaN,NaN,2
623,513,NaN,NaN,2
623,545,NaN,NaN,2
623,577,3.625815392,2.956042528,1
623,609,4.103596687,2.539401531,1
623,641,4.87598753,3.756006718,1
623,673,NaN,NaN,2
623,705,7.890629292,2.243124723,1
623,737,9.570940018,2.597254515,1
623,769,11.71670532,3.223123074,1
623,801,10.15946198,2.211908579,1
623,833,9.458155632,1.954450488,1
623,865,9.12408638,1.611286879,1
623,897,9.021947861,0.7226216793,1
623,929,NaN,NaN,2
623,961,9.727000237,0.6568734646,1
623,993,11.10941219,-2.128355503,1
623,1025,9.631988525,0.4232220054,1
623,1057,6.91583252,-0.2459716499,1
623,1089,5.206418991,-0.5703032613,1
623,1121,NaN,NaN,2
623,1153,1.678282022,1.824971914,1
623,1185,0.5484681129,0.7637790442,1
623,1217,1.145019531,0.8102662563,1
623,1249,1.4860394,0.7140039206,1
623,1281,4.900637627,-0.02529656887,1
623,1313,4.618239403,0.1185665131,1
623,1345,2.865442753,-0.2888284922,1
623,1377,2.632273197,1.285398722,1
623,1409,NaN,NaN,2
623,1441,NaN,NaN,2
623,1473,4.400815487,3.540859938,1
623,1505,4.489529133,2.811886311,1
623,1537,1.595439911,2.133189678,1
623,1569,4.056071281,7.883421898,1
623,1601,2.947606802,9.054884911,1
623,1633,1.448508739,8.165132523,1
623,1665,0.9694930315,6.099416733,1
623,1697,NaN,NaN,2
623,1729,1.687190771,2.761416912,1
623,1761,NaN,NaN,2
623,1793,NaN,NaN,2
623,1825,1.291989088,8.018541336,1
623,1857,0.955055356,6.514144421,1
623,1889,0.5211166143,5.940504074,1
623,1921,0.159026891,5.52622509,1
623,1953,-0.1941468716,4.258554459,1
623,1985,-0.9635717869,0.5378710032,1
623,2017,NaN,NaN,2
655,33,-1.405750751,1.209290981,1
655,65,0.4683696032,-3.966612816,1
655,97,1.034154654,-3.307430744,1
655,129,0.7004410028,-2.928208351,1
655,161,0.1420836449,-2.470712662,1
655,193,0.4974992573,-1.854326725,1
655,225,0.8952715993,-3.368845224,1
655,257,1.425678253,-5.787904739,1
655,289,3.014596224,-6.857913494,1
655,321,NaN,NaN,2
655,353,NaN,NaN,2
655,385,NaN,NaN,2
655,417,NaN,NaN,2
655,449,-2.313221693,-2.429815769,1
655,481,NaN,NaN,2
655,513,NaN,NaN,2
655,545,2.874215126,1.467358232,1
655,577,2.37770462,2.463815689,1
655,609,2.81706357,2.317608356,1
655,641,3.30070734,3.739595413,1
655,673,NaN,NaN,2
655,705,5.58380127,2.094697952,1
655,737,7.485749245,2.876920938,1
655,769,9.188556671,4.593939781,1
655,801,10.25726032,2.513320208,1
655,833,9.766526222,2.053753376,1
655,865,6.190613747,1.565937757,1
655,897,NaN,NaN,2
655,929,6.290672302,-0.6997640133,1
655,961,7.529428959,0.4774692059,1
655,993,6.765069962,1.592739582,1
655,1025,5.765897751,2.066134453,1
655,1057,4.845747948,0.4442493916,1
655,1089,3.155408382,-2.466982603,1
655,1121,2.456237793,-0.2982377708,1
655,1153,1.783184052,0.2320200503,1
655,1185,1.029841423,0.3249348402,1
655,1217,1.271310925,-0.1221196055,1
655,1249,1.762909412,0.3672661781,1
655,1281,2.635946512,0.09832370281,1
655,1313,3.367436409,-0.04990386963,1
655,1345,1.978440762,0.827660203,1
655,1377,0.7693431377,2.796957016,1
655,1409,5.285122871,8.413970947,1
655,1441,3.218851328,7.638287067,1
655,1473,2.533116341,4.683104515,1
655,1505,2.430342436,2.028882027,1
655,1537,1.790008545,3.997763634,1
655,1569,3.418900013,6.952338696,1
655,1601,4.010959625,7.562166691,1
655,1633,3.972812653,7.662053108,1
655,1665,3.253611326,11.90867233,1
655,1697,2.772891998,8.934635162,1
655,1729,1.538751841,4.983468056,1
655,1761,1.797180653,4.613832951,1
655,1793,2.271777391,3.785784721,1
655,1825,3.343611479,5.437290668,1
655,1857,1.837187767,6.781649113,1
655,1889,0.608050108,5.90773201,1
655,1921,-0.05464711785,6.557778358,1
655,1953,-0.9795577526,7.987441063,1
655,1985,NaN,NaN,2
655,2017,-9.1476717,-5.282190323,1
687,33,-1.578686714,-0.1727205515,1
687,65,0.06553068757,-4.097646713,1
687,97,0.5267709494,-3.565555096,1
687,129,0.6900606751,-3.36575079,1
687,161,0.370690465,-2.527933121,1
687,193,0.5898756981,-3.456341028,1
687,225,1.05034101,-3.757415533,1
687,257,2.657129049,-3.741868258,1
687,289,5.846570969,-3.283319712,1
687,321,5.347342014,-3.628469229,1
687,353,3.819569349,-5.52859211,1
687,385,NaN,NaN,2
687,417,NaN,NaN,2
687,449,-2.698965311,-3.255290747,1
687,481,1.665048599,0.3102789521,1
687,513,1.796339273,0.9416709542,1
687,545,1.752645135,1.728366494,1
687,577,1.591556549,2.251605749,1
687,609,1.728073359,2.027431965,1
687,641,2.009264469,2.204301119,1
687,673,0.8673117161,1.687472224,1
687,705,NaN,NaN,2
687,737,6.875534058,2.371955156,1
687,769,NaN,NaN,2
687,801,10.9864254,2.433725595,1
687,833,7.842045784,2.96509552,1
687,865,5.554057121,1.699875951,1
687,897,-1.219284773,0.0163654089,1
687,929,-0.5686855316,0.2609871626,1
687,961,2.387979031,0.7330389619,1
687,993,2.868441582,2.198905468,1
687,1025,3.22875309,2.520933151,1
687,1057,3.433542252,0.9808467627,1
687,1089,2.591717005,-0.7638962269,1
687,1121,1.660732508,-0.3937047124,1
687,1153,1.814686298,0.4340548515,1
687,1185,NaN,NaN,2
687,1217,4.417881489,0.9343794584,1
687,1249,1.800844073,-0.009790599346,1
687,1281,0.9080708027,-0.3927288651,1
687,1313,1.860357761,-0.01292490959,1
687,1345,1.275148511,1.784173012,1
687,1377,0.4201514721,2.015476704,1
687,1409,1.185338378,4.289906979,1
687,1441,1.815112829,5.639024734,1
687,1473,NaN,NaN,2
687,1505,0.3804242611,1.381977081,1
687,1537,0.1324243546,2.991550446,1
687,1569,1.88441515,3.522870064,1
687,1601,3.641733408,6.011156082,1
687,1633,2.615476847,10.10423565,1
687,1665,3.104897499,10.84412575,1
687,1697,3.626293182,9.425832748,1
687,1729,2.285347223,5.945145607,1
687,1761,2.222251415,4.470320702,1
687,1793,1.848904133,4.222303391,1
687,1825,1.799435377,4.529071808,1
687,1857,1.030177832,5.535168171,1
687,1889,0.610834837,5.410307884,1
687,1921,0.4421929717,8.316885948,1
687,1953,-1.050010204,9.291627884,1
687,1985,NaN,NaN,2
687,2017,-9.018138885,-4.356184959,1
719,33,-0.9339382648,-0.6828049421,1
719,65,0.4426804781,-4.177661896,1
719,97,0.8965060115,-4.48093605,1
719,129,0.8948639631,-4.590859413,1
719,161,NaN,NaN,2
719,193,NaN,NaN,2
719,225,0.1024971008,-3.116756916,1
719,257,3.983222961,-1.855125427,1
719,289,3.980020285,-2.0718894,1
719,321,3.974796534,-2.107702971,1
719,353,3.944817066,-2.056548357,1
719,385,3.575075865,-3.192441702,1
719,417,3.478236198,-0.6414277554,1
719,449,2.606777906,0.2877823114,1
719,481,1.255594015,0.6410098076,1
719,513,0.2755638361,1.370969772,1
719,545,0.1525665522,1.723255754,1
719,577,-0.1747946739,-0.3220328093,1
719,609,-0.1111398935,0.01257884502,1
719,641,0.7205950022,4.424225807,1
719,673,1.504029989,2.73219347,1
719,705,1.177180767,1.287719488,1
719,737,NaN,NaN,2
719,769,7.118952274,0.6773834229,1
719,801,6.489414692,2.671231031,1
719,833,NaN,NaN,2
719,865,2.714711189,1.902295589,1
719,897,-0.05017113686,0.494982481,1
719,929,NaN,NaN,2
719,961,-2.367909431,0.9633724689,1
719,993,-2.430378914,4.160895348,1
719,1025,1.447259426,1.288876176,1
719,1057,1.791196585,1.146531343,1
719,1089,1.850429535,0.6371866465,1
719,1121,1.560127258,0.4949765205,1
719,1153,NaN,NaN,2
719,1185,NaN,NaN,2
719,1217,5.092527866,2.249648571,1
719,1249,2.141623974,1.171627402,1
719,1281,1.438383818,0.9028580189,1
719,1313,0.9342412949,1.442738771,1
719,1345,1.306782842,2.987313747,1
719,1377,1.946622252,4.073024273,1
719,1409,1.903235674,4.829417229,1
719,1441,0.8600077629,4.532377243,1
719,1473,NaN,NaN,2
719,1505,-0.334808588,0.385848999,1
719,1537,-0.7874109745,1.549955368,1
719,1569,0.4317207336,2.492670536,1
719,1601,NaN,NaN,2
719,1633,1.445121169,7.734957695,1
719,1665,1.808894753,6.851919174,1
719,1697,3.753186226,8.071121216,1
719,1729,4.375617504,7.084131241,1
719,1761,3.949169397,4.88493824,1
719,1793,2.256262779,3.687886238,1
719,1825,0.3430299759,2.679963112,1
719,1857,0.4958329201,2.978936195,1
719,1889,0.7647416592,4.537631512,1
719,1921,3.434809208,7.755804062,1
719,1953,-0.7528824806,10.16449356,1
719,1985,NaN,NaN,2
719,2017,-10.0539732,-4.708268642,1
751,33,0.5693484545,-0.4295007288,1
751,65,1.643769264,-2.8907547,1
751,97,3.73545742,-4.00194788,1
751,129,2.210918903,-2.512557507,1
751,161,NaN,NaN,2
751,193,NaN,NaN,2
751,225,-0.1560945511,-2.212158203,1
751,257,1.931593418,-0.4902435541,1
751,289,2.607756853,-0.5242733955,1
751,321,2.632396221,-1.169139624,1
751,353,3.48758626,-3.229231119,1
751,385,3.620536804,-1.668424845,1
751,417,3.517073631,-0.4306259155,1
751,449,2.558220387,0.1592833996,1
751,481,0.7943687439,0.4081742167,1
751,513,-1.960563302,0.9822323918,1
751,545,-0.6198391318,3.209860802,1
751,577,-0.8337440491,1.037944555,1
751,609,-0.3195910752,1.225753903,1
751,641,-0.3254885077,5.167645931,1
751,673,0.6540542245,3.118983984,1
751,705,0.3072193861,1.653549552,1
751,737,0.4683282375,1.17322278,1
751,769,0.8061566353,0.9162393808,1
751,801,0.8210699558,2.275034666,1
751,833,NaN,NaN,2
751,865,-0.100943327,1.733671546,1
751,897,-0.09212064743,1.971585035,1
751,929,-0.4402352273,1.914643526,1
751,961,-0.5346128941,0.2976868153,1
751,993,NaN,NaN,2
751,1025,-0.0270704031,6.682156563,1
751,1057,NaN,NaN,2
751,1089,0.5239306092,0.8859450221,1
751,1121,0.849724412,1.436712503,1
751,1153,1.726837158,1.287941217,1
751,1185,3.606918335,3.277443409,1
751,1217,2.009005308,2.151770592,1
751,1249,2.375136137,1.865745544,1
751,1281,2.069346428,2.483982086,1
751,1313,1.187598348,3.051189184,1
751,1345,1.540416598,5.838179588,1
751,1377,2.062854767,6.857103348,1
751,1409,1.179321527,6.788302898,1
751,1441,0.6005222797,5.015275002,1
751,1473,NaN,NaN,2
751,1505,-3.320746422,5.504447937,1
751,1537,-3.473316431,4.397974491,1
751,1569,-2.496436596,4.100541115,1
751,1601,-1.422091365,4.711192608,1
751,1633,0.9092011452,5.399405479,1
751,1665,2.621176243,5.809504509,1
751,1697,4.03898859,6.891575813,1
751,1729,4.906778812,6.584037781,1
751,1761,2.628359795,3.976819515,1
751,1793,1.605643988,1.762532711,1
751,1825,1.281626225,-0.2063000202,1
751,1857,1.034738421,2.00501895,1
751,1889,1.657409906,5.858029842,1
751,1921,NaN,NaN,2
751,1953,NaN,NaN,2
751,1985,0.5201467276,3.010724306,1
751,2017,NaN,NaN,2
783,33,1.868965149,0.1500694752,1
783,65,1.56515491,-2.141323566,1
783,97,4.295926571,-1.247371674,1
783,129,5.152601719,0.4392251968,1
783,161,NaN,NaN,2
783,193,NaN,NaN,2
783,225,0.9549570084,-2.60562849,1
783,257,1.210457444,-1.925781369,1
783,289,1.709829569,-1.485026121,1
783,321,2.118879318,-1.154762983,1
783,353,2.537318707,-3.986238003,1
783,385,3.755078554,-1.332324028,1
783,417,2.134184599,-0.6382206082,1
783,449,1.275612712,-0.131588921,1
783,481,0.2364060879,0.1097275615,1
783,513,-1.262498379,0.4072761834,1
783,545,-1.143320084,2.086255074,1
783,577,-1.53677702,3.308842659,1
783,609,-1.740371704,3.235740185,1
783,641,-1.321154356,4.508395672,1
783,673,-1.723652601,3.248580694,1
783,705,-1.845274448,1.776897907,1
783,737,-1.281620026,1.314155459,1
783,769,-0.506172657,0.9198846817,1
783,801,0.6356469393,1.859082222,1
783,833,0.2648922205,4.540780544,1
783,865,-1.466752291,1.493773222,1
783,897,-0.4643912315,2.447848082,1
783,929,-1.277205944,3.140260458,1
783,961,-0.7991416454,1.623010874,1
783,993,0.1631486416,1.489668012,1
783,1025,-0.612192452,5.681116104,1
783,1057,-0.6575009823,2.716776848,1
783,1089,-0.3105912209,0.8777543306,1
783,1121,NaN,NaN,2
783,1153,0.5880743861,1.074585438,1
783,1185,0.8802617788,1.312572598,1
783,1217,0.9241902828,2.02135849,1
783,1249,1.242800355,2.271344185,1
783,1281,1.455783725,3.389081955,1
783,1313,1.307867408,3.84496069,1
783,1345,1.090012431,5.588748932,1
783,1377,1.175855517,5.499833107,1
783,1409,0.7559067607,6.72376442,1
783,1441,-0.3301477432,5.609591961,1
783,1473,-1.296501756,6.655387402,1
783,1505,-1.364540815,5.958337307,1
783,1537,-0.8671200275,6.37634182,1
783,1569,NaN,NaN,2
783,1601,-1.406237602,4.822657108,1
783,1633,0.2852722406,4.959535599,1
783,1665,1.261772513,6.288963795,1
783,1697,0.8911733627,6.748523712,1
783,1729,1.224949241,5.624166012,1
783,1761,1.344437122,1.486802101,1
783,1793,1.030655265,1.312155724,1
783,1825,NaN,NaN,2
783,1857,0.9768010378,3.9475317,1
783,1889,0.2335672379,5.296463966,1
783,1921,1.234941006,4.870226383,1
783,1953,NaN,NaN,2
783,1985,0.2016891837,-1.162601352,1
783,2017,NaN,NaN,2
815,33,1.251377106,0.3449908495,1
815,65,3.917316437,-3.43941617,1
815,97,5.170450211,-1.61022234,1
815,129,NaN,NaN,2
815,161,NaN,NaN,2
815,193,NaN,NaN,2
815,225,3.20683217,-3.960566998,1
815,257,1.953417778,-2.039768219,1
815,289,1.398352861,-1.150110126,1
815,321,1.530324817,-0.6065051556,1
815,353,1.783370137,-1.280220628,1
815,385,2.111500978,-1.064482808,1
815,417,1.674181104,-0.9276567698,1
815,449,-0.5171904564,-0.1474704742,1
815,481,-0.5318243504,0.0422341302,1
815,513,-0.4029712677,0.1355220079,1
815,545,-1.74341917,0.9460427761,1
815,577,-1.770646453,3.294993162,1
815,609,-2.050977707,3.498506784,1
815,641,-2.260023355,2.314233303,1
815,673,-3.606683731,2.080176353,1
815,705,-3.33795023,1.446957111,1
815,737,-2.411655426,1.383762479,1
815,769,NaN,NaN,2
815,801,-1.756439209,1.228199363,1
815,833,-1.895373821,2.111968994,1
815,865,-2.17927289,1.132269144,1
815,897,-2.112549782,-0.3147859573,1
815,929,-2.082235336,1.167390823,1
815,961,-1.473139048,1.435723186,1
815,993,-1.162515879,2.390394926,1
815,1025,-1.963312864,3.874147654,1
815,1057,-2.645555496,2.770478249,1
815,1089,-1.890671849,4.88962698,1
815,1121,-1.387323141,2.377146721,1
815,1153,-1.198141217,0.7354758978,1
815,1185,-0.7816672325,1.043218613,1
815,1217,-0.1028853059,1.632091999,1
815,1249,-0.1508311033,3.820236206,1
815,1281,0.7553231716,3.888353586,1
815,1313,2.4512465,3.358612537,1
815,1345,0.7796086073,4.084680557,1
815,1377,0.08193582296,4.947808743,1
815,1409,-0.4552567005,5.46404314,1
815,1441,-1.138508797,5.460570335,1
815,1473,-1.114213586,6.996063709,1
815,1505,-1.16595602,6.329535484,1
815,1537,-1.416362405,7.558963776,1
815,1569,NaN,NaN,2
815,1601,1.266502619,4.588961601,1
815,1633,0.4989218712,3.537382603,1
815,1665,-0.8662388325,6.921207428,1
815,1697,-0.6479268074,6.566278458,1
815,1729,-0.4227006435,7.994244576,1
815,1761,0.4451515675,1.493099213,1
815,1793,-0.8113843203,1.959073782,1
815,1825,0.4726282358,5.924814224,1
815,1857,0.5496512651,4.804604053,1
815,1889,-0.3374133706,5.060386658,1
815,1921,0.2039504051,4.120587826,1
815,1953,1.824912548,6.518577576,1
815,1985,NaN,NaN,2
815,2017,NaN,NaN,2
847,33,0.3115884066,-0.4276168346,1
847,65,0.305488348,-2.355163336,1
847,97,-0.2113330364,0.04002916813,1
847,129,0.1338613033,-0.4756541252,1
847,161,1.95027113,-6.561702728,1
847,193,3.592996359,-6.1057868,1
847,225,4.526481628,-3.84971261,1
847,257,1.958429813,-1.838644624,1
847,289,1.143505812,-0.9320970774,1
847,321,1.236350894,-0.7326717377,1
847,353,1.187840581,-0.5484775305,1
847,385,1.19397819,-0.5853219628,1
847,417,1.83829987,-1.20314014,1
847,449,-2.469797373,-0.28976354,1
847,481,-2.115782022,-0.02781210095,1
847,513,-1.099065423,0.2815296054,1
847,545,-1.178320765,0.9843351245,1
847,577,-1.759576321,1.818296194,1
847,609,-2.685555458,1.919016242,1
847,641,-3.749327421,1.518850446,1
847,673,-4.711866379,1.092165947,1
847,705,-7.485135078,-0.5404880047,1
847,737,-7.694041252,1.069024086,1
847,769,NaN,NaN,2
847,801,NaN,NaN,2
847,833,0.2078022957,0.6703872681,1
847,865,NaN,NaN,2
847,897,-7.609686375,-0.3744314313,1
847,929,-2.183768511,0.1606087685,1
847,961,-3.815620422,0.6543560028,1
847,993,-2.632427216,1.962966204,1
847,1025,-1.368229389,2.060660124,1
847,1057,-2.761107922,2.019368887,1
847,1089,-2.725838184,2.147256613,1
847,1121,-2.444566965,0.9987258315,1
847,1153,-2.146078348,-0.003213763237,1
847,1185,-2.0026896,0.7869064212,1
847,1217,-1.273284674,0.8640437126,1
847,1249,-0.1105240583,1.303428411,1
847,1281,0.9632424116,2.254493237,1
847,1313,1.513720393,1.667272568,1
847,1345,3.126039505,0.3640933037,1
847,1377,0.448605299,7.000998974,1
847,1409,-2.31400013,7.078796387,1
847,1441,-0.9680844545,5.778116703,1
847,1473,-0.6267664433,6.420527935,1
847,1505,-0.612549901,7.443491459,1
847,1537,-1.660469055,8.054754257,1
847,1569,-1.367783904,10.67153931,1
847,1601,0.8714456558,4.401675701,1
847,1633,2.012502909,2.760639191,1
847,1665,1.997694969,4.207450867,1
847,1697,3.097580194,5.046742439,1
847,1729,3.349192858,4.167342186,1
847,1761,NaN,NaN,2
847,1793,-1.934584856,4.248536587,1
847,1825,NaN,NaN,2
847,1857,0.1775090694,5.100829601,1
847,1889,-0.7763087153,5.172875404,1
847,1921,-0.1325523853,4.800475121,1
847,1953,2.802634478,9.170452118,1
847,1985,0.5427265763,8.44000721,1
847,2017,NaN,NaN,2
879,33,-0.03498113155,-1.470125556,1
879,65,0.9248423576,-2.799070358,1
879,97,2.021491051,-3.348057032,1
879,129,2.450588942,-3.324025393,1
879,161,2.455222607,-4.713944912,1
879,193,2.74236846,-5.170283794,1
879,225,3.706023216,-3.87907505,1
879,257,2.80473423,-1.514755487,1
879,289,2.020527363,-1.147098541,1
879,321,1.428316116,-1.477249622,1
879,353,-0.6337442398,-0.3672240973,1
879,385,-1.182995319,-0.7119567394,1
879,417,0.9076805115,-0.7916817665,1
879,449,-1.136034727,1.902452111,1
879,481,-3.480641603,1.635909677,1
879,513,-2.237847805,0.1440172046,1
879,545,-2.038661718,0.7723562121,1
879,577,-2.394935608,0.8656233549,1
879,609,NaN,NaN,2
879,641,-9.405054092,-1.972320318,1
879,673,-9.953221321,1.61923027,1
879,705,-10.55502892,2.519361258,1
879,737,NaN,NaN,2
879,769,NaN,NaN,2
879,801,NaN,NaN,2
879,833,-6.023406029,0.1322532892,1
879,865,-4.685916901,-1.712481022,1
879,897,-5.927782059,-0.2560430765,1
879,929,-5.958182335,-0.2985720336,1
879,961,-5.941466331,-0.3364613056,1
879,993,-5.305844307,-0.344175905,1
879,1025,-3.24856472,0.2740088701,1
879,1057,-3.034694195,0.2133044899,1
879,1089,-3.078827858,0.3641833663,1
879,1121,-2.954505682,0.6397675276,1
879,1153,-2.886197567,0.4618237615,1
879,1185,-3.438428402,0.7214503884,1
879,1217,-2.578721046,0.8379276991,1
879,1249,-1.758134365,0.9997627735,1
879,1281,-1.978578329,1.140009761,1
879,1313,-1.682866335,-1.141853571,1
879,1345,0.5484114885,-0.5714744329,1
879,1377,2.855586767,2.264616489,1
879,1409,NaN,NaN,2
879,1441,NaN,NaN,2
879,1473,-0.1319357753,5.984904766,1
879,1505,-0.7559981346,9.695924759,1
879,1537,-0.01063460112,6.57875061,1
879,1569,-0.897124052,9.136154175,1
879,1601,NaN,NaN,2
879,1633,1.594114184,2.493359089,1
879,1665,3.164619923,3.426272154,1
879,1697,3.449222088,3.412112713,1
879,1729,3.222579956,3.141102791,1
879,1761,2.082746506,2.836660624,1
879,1793,-1.40896523,3.830693483,1
879,1825,-0.4254545569,9.404510498,1
879,1857,0.03507208824,7.367077351,1
879,1889,-1.096617818,5.421937943,1
879,1921,-2.087398052,5.807880402,1
879,1953,NaN,NaN,2
879,1985,NaN,NaN,2
879,2017,NaN,NaN,2
911,33,0.3152272105,0.262337327,1
911,65,1.275034547,-2.434166193,1
911,97,1.801115155,-4.303627014,1
911,129,2.11329484,-4.543774605,1
911,161,2.464098454,-2.895923615,1
911,193,2.007140875,-3.735344887,1
911,225,1.413280487,-5.077202797,1
911,257,5.86644268,-0.6978318691,1
911,289,3.925335407,-0.6979343891,1
911,321,NaN,NaN,2
911,353,-0.9874618053,-1.176285625,1
911,385,0.1643193364,-3.915186882,1
911,417,0.9513452053,-1.98091197,1
911,449,0.3826575279,-1.232456923,1
911,481,-3.340676546,-0.5780754089,1
911,513,-3.60524416,-0.8564151525,1
911,545,-3.356094837,0.03804290295,1
911,577,-2.620759487,0.3714001775,1
911,609,-9.212694168,-3.456529617,1
911,641,-8.256044388,-1.719552994,1
911,673,-8.192058563,-0.03211653233,1
911,705,-8.595683098,2.720835924,1
911,737,-8.206059456,1.047158003,1
911,769,-7.918879509,0.4531462193,1
911,801,-8.132240295,0.4733006358,1
911,833,-8.532331467,-0.05349647999,1
911,865,-7.993492126,-0.2026526481,1
911,897,-8.544769287,-0.2743433118,1
911,929,-8.865168571,-0.7158999443,1
911,961,-8.811687469,-0.9111654758,1
911,993,-7.587026596,-0.640630126,1
911,1025,-5.160711288,0.1269438565,1
911,1057,-3.9094944,-1.015335679,1
911,1089,-3.448040485,-0.9919588566,1
911,1121,-3.446794271,2.074231625,1
911,1153,-3.209169149,3.766775131,1
911,1185,-3.366243839,1.059006333,1
911,1217,-3.476587772,0.6837379932,1
911,1249,-2.438335896,0.5777049065,1
911,1281,-1.782176018,0.4445405006,1
911,1313,-1.769434571,0.5977336168,1
911,1345,-2.704555988,1.119624376,1
911,1377,-2.692157984,1.592960596,1
911,1409,1.558003187,4.74211216,1
911,1441,1.334192634,10.46425629,1
911,1473,2.841573715,12.36620045,1
911,1505,3.782689095,7.151538849,1
911,1537,NaN,NaN,2
911,1569,-0.6322802305,4.482740879,1
911,1601,-0.6854934096,3.496735811,1
911,1633,NaN,NaN,2
911,1665,2.016180515,3.472413301,1
911,1697,2.44246769,3.269064665,1
911,1729,3.545620441,2.968470097,1
911,1761,4.448857307,2.772370577,1
911,1793,1.17978549,3.559783459,1
911,1825,NaN,NaN,2
911,1857,NaN,NaN,2
911,1889,-0.3791329861,3.717647552,1
911,1921,-1.575209856,3.890917301,1
911,1953,-2.269675255,3.137738228,1
911,1985,NaN,NaN,2
911,2017,NaN,NaN,2
943,33,-0.4675315022,1.116000175,1
943,65,0.3218477964,-2.92141366,1
943,97,1.032827497,-4.578333855,1
943,129,1.73489213,-7.136987686,1
943,161,1.941133022,-2.71555233,1
943,193,1.177131653,-1.328949213,1
943,225,0.02568769455,0.2829055786,1
943,257,NaN,NaN,2
943,289,NaN,NaN,2
943,321,NaN,NaN,2
943,353,-0.8206820488,-1.549143672,1
943,385,-1.792243242,-2.367752314,1
943,417,-2.247046947,-2.858022213,1
943,449,-2.419105291,-2.753446817,1
943,481,-2.833218813,-2.59465456,1
943,513,NaN,NaN,2
943,545,-9.451249123,-5.320572853,1
943,577,NaN,NaN,2
943,609,NaN,NaN,2
943,641,NaN,NaN,2
943,673,NaN,NaN,2
943,705,-9.064938545,0.4505628347,1
943,737,-9.276680946,0.4141417146,1
943,769,-9.151604652,0.2983872592,1
943,801,-9.373698235,0.2407119274,1
943,833,-9.335126877,-0.9414890409,1
943,865,-7.677913666,0.03868567944,1
943,897,-9.941476822,-0.2841370702,1
943,929,-9.411577225,-0.7593205571,1
943,961,-9.520522118,-1.169166565,1
943,993,-9.451023102,-0.6561729908,1
943,1025,NaN,NaN,2
943,1057,NaN,NaN,2
943,1089,NaN,NaN,2
943,1121,-3.833472729,3.722446203,1
943,1153,-3.355034828,4.535017014,1
943,1185,NaN,NaN,2
943,1217,-2.806791782,1.45281744,1
943,1249,-2.057972908,0.6035885215,1
943,1281,-1.609041929,-0.4243311882,1
943,1313,-1.347168088,0.6583750844,1
943,1345,-1.523014069,0.8887927532,1
943,1377,-3.054511547,0.8697319031,1
943,1409,NaN,NaN,2
943,1441,1.239628673,10.04733849,1
943,1473,NaN,NaN,2
943,1505,0.9670994878,5.970445633,1
943,1537,-0.88293612,4.480015278,1
943,1569,-1.697606444,3.594815969,1
943,1601,-1.614628792,2.288837433,1
943,1633,NaN,NaN,2
943,1665,NaN,NaN,2
943,1697,2.031236887,3.675125122,1
943,1729,4.269655228,3.491458654,1
943,1761,4.046190739,2.887521744,1
943,1793,2.380544901,3.048692703,1
943,1825,1.687730193,4.82324934,1
943,1857,1.337208033,5.287668705,1
943,1889,1.116877437,4.254643917,1
943,1921,1.389504194,4.544752121,1
943,1953,1.157619119,4.117048264,1
943,1985,-0.4317421913,5.43742609,1
943,2017,2.173580408,-3.651348591,1
975,33,-0.1580739021,-1.03417778,1
975,65,-0.5546537042,-4.746624947,1
975,97,0.7363619804,-6.154689312,1
975,129,1.332988381,-4.590122223,1
975,161,0.7792654037,-3.675628901,1
975,193,-0.7224795818,-1.905313492,1
975,225,NaN,NaN,2
975,257,-0.2907614708,-1.720170617,1
975,289,-0.1978478432,-0.8869409561,1
975,321,-0.2063665986,-1.705566525,1
975,353,-0.8532862663,-1.400342464,1
975,385,-0.9621825218,-1.881906748,1
975,417,-3.053145885,-2.209053755,1
975,449,-4.075549126,-2.710104704,1
975,481,NaN,NaN,2
975,513,-8.263731956,-8.011348724,1
975,545,NaN,NaN,2
975,577,NaN,NaN,2
975,609,-7.582379818,-2.407299995,1
975,641,-7.156695366,-0.3126480579,1
975,673,-8.394604683,1.174979448,1
975,705,NaN,NaN,2
975,737,-9.247217178,0.1635402143,1
975,769,-9.442461014,0.02911001444,1
975,801,-9.477706909,-0.169470489,1
975,833,NaN,NaN,2
975,865,NaN,NaN,2
975,897,NaN,NaN,2
975,929,-8.50944519,-0.3989917338,1
975,961,-9.094834328,-1.005814672,1
975,993,-9.751004219,-1.157070875,1
975,1025,-8.636628151,-2.591778517,1
975,1057,-8.851072311,-3.70182085,1
975,1089,-8.111051559,-3.067353725,1
975,1121,-7.325133324,2.416120529,1
975,1153,-5.927201271,5.354776382,1
975,1185,NaN,NaN,2
975,1217,-1.378931522,6.216615677,1
975,1249,-2.647825003,1.622385979,1
975,1281,-1.693773508,0.08051967621,1
975,1313,-0.890635848,0.9974796772,1
975,1345,-0.9216029644,0.8370279074,1
975,1377,-0.9071706533,0.7668677568,1
975,1409,-1.083564758,2.580319405,1
975,1441,-0.8157966137,7.889358521,1
975,1473,-0.6218315363,5.478664398,1
975,1505,-2.353577137,4.561988354,1
975,1537,-2.062943935,2.845304012,1
975,1569,-1.269030333,1.671736002,1
975,1601,-0.5640624762,0.6033337116,1
975,1633,NaN,NaN,2
975,1665,NaN,NaN,2
975,1697,4.130192757,5.625646114,1
975,1729,3.987098932,4.325793266,1
975,1761,2.601930141,2.782526016,1
975,1793,1.518214941,2.997627974,1
975,1825,1.134262562,5.070253372,1
975,1857,-0.05392682552,4.370407581,1
975,1889,-0.869533062,5.02407074,1
975,1921,2.383191586,5.149092674,1
975,1953,2.831578255,4.228420734,1
975,1985,NaN,NaN,2
975,2017,NaN,NaN,2
1007,33,-3.809048176,-0.9437026978,1
1007,65,-1.460932493,-5.367686272,1
1007,97,1.349016547,-6.764471054,1
1007,129,0.3055756092,-4.447141647,1
1007,161,-1.489269495,-3.159821272,1
1007,193,-2.572340012,-2.378593445,1
1007,225,-2.961516857,-3.912435055,1
1007,257,-1.436486959,-1.721137524,1
1007,289,-0.9634398222,-0.9955871105,1
1007,321,-1.454986453,-2.047901154,1
1007,353,-2.004615784,-2.339037418,1
1007,385,-1.080701351,-1.578092813,1
1007,417,-2.795033693,-0.9718029499,1
1007,449,-3.563545942,-2.078024626,1
1007,481,-6.341430664,-2.419476748,1
1007,513,NaN,NaN,2
1007,545,-7.5023036,-6.311344624,1
1007,577,-6.895657539,-1.642835617,1
1007,609,-7.442345142,-0.6427058578,1
1007,641,-8.371070862,0.8084204197,1
1007,673,-10.16035271,0.3555832803,1
1007,705,-10.31551838,0.3542574942,1
1007,737,-9.513399124,-0.0633713156,1
1007,769,NaN,NaN,2
1007,801,NaN,NaN,2
1007,833,-9.962110519,-1.080560565,1
1007,865,NaN,NaN,2
1007,897,-10.99932957,0.04104007408,1
1007,929,-9.049077988,0.9651114941,1
1007,961,-9.429367065,0.1590123177,1
1007,993,-10.23086643,-2.009467602,1
1007,1025,-10.13813591,-1.737109423,1
1007,1057,-10.92893505,-2.322933197,1
1007,1089,-10.09088898,-1.432313561,1
1007,1121,-8.926431656,-0.3898606002,1
1007,1153,-10.1177597,2.629404545,1
1007,1185,NaN,NaN,2
1007,1217,-6.945382118,6.034547806,1
1007,1249,-5.730866432,3.613001823,1
1007,1281,-1.878833055,2.184834003,1
1007,1313,-1.160431623,2.391320944,1
1007,1345,-0.681147933,1.0770998,1
1007,1377,-0.07817575336,0.8237605095,1
1007,1409,-0.1552969813,0.9454764128,1
1007,1441,0.7337461114,1.872515321,1
1007,1473,0.1931169033,5.35398674,1
1007,1505,-0.7160784602,4.610991478,1
1007,1537,-0.8071944714,2.241341114,1
1007,1569,-0.8044305444,0.0755033493,1
1007,1601,0.2896254063,-0.5494761467,1
1007,1633,3.624009609,3.15687561,1
1007,1665,3.90055275,4.071668148,1
1007,1697,3.323143959,4.096277237,1
1007,1729,3.056831837,3.216309786,1
1007,1761,2.366312265,2.621337414,1
1007,1793,1.410298824,2.813796282,1
1007,1825,0.9669778347,4.025527477,1
1007,1857,NaN,NaN,2
1007,1889,0.07509374619,4.873906136,1
1007,1921,1.144233108,5.244687557,1
1007,1953,1.207671404,3.433716059,1
1007,1985,NaN,NaN,2
1007,2017,NaN,NaN,2
1039,33,NaN,NaN,2
1039,65,-0.718029201,-3.379256248,1
1039,97,0.4061366618,-4.716920376,1
1039,129,-0.2132468373,-4.700920582,1
1039,161,-1.566679597,-2.36133194,1
1039,193,-1.619775057,-1.299877167,1
1039,225,-1.373896241,-2.54478693,1
1039,257,-1.358053684,-2.315816879,1
1039,289,-0.9491204023,-1.847797394,1
1039,321,-1.41223681,-1.888849616,1
1039,353,-2.192789078,-1.887227297,1
1039,385,-2.930742025,-1.08051455,1
1039,417,-2.546912193,0.2090120316,1
1039,449,-1.774599314,-1.793725133,1
1039,481,-2.560181618,-1.807351112,1
1039,513,-3.741484642,-0.9868330956,1
1039,545,-4.516831398,-0.6310770512,1
1039,577,-4.979075432,1.305818319,1
1039,609,-7.732413769,0.7201859951,1
1039,641,-8.888839722,-0.02929461002,1
1039,673,-9.739134789,-0.3526339829,1
1039,705,-10.05984879,-1.150608301,1
1039,737,-9.827197075,-1.903630018,1
1039,769,-9.994974136,0.02343851328,1
1039,801,-10.73747349,0.1619969904,1
1039,833,-11.18725109,1.010963559,1
1039,865,-11.53266525,1.089808464,1
1039,897,-10.8894453,-0.05320467055,1
1039,929,-11.04813766,0.3790035546,1
1039,961,-11.26731396,0.1096951365,1
1039,993,-11.0761385,-0.7890322804,1
1039,1025,-11.57018089,-1.894433975,1
1039,1057,-11.14691353,-1.611806035,1
1039,1089,-10.36170292,-0.751757443,1
1039,1121,-9.135869026,0.03176696599,1
1039,1153,-7.619037628,0.8019883633,1
1039,1185,-4.065538406,1.79040122,1
1039,1217,NaN,NaN,2
1039,1249,-6.038078308,4.556058884,1
1039,1281,-3.148934841,4.099415779,1
1039,1313,-1.580540299,5.245584488,1
1039,1345,-1.608620524,2.920127869,1
1039,1377,-1.133732557,1.097264171,1
1039,1409,-1.046265841,0.7615425587,1
1039,1441,-0.9462354183,1.927819014,1
1039,1473,-0.05314815044,2.901753426,1
1039,1505,-0.07678979635,3.772576809,1
1039,1537,-0.395873189,2.162848473,1
1039,1569,-0.886079073,-0.5155735016,1
1039,1601,NaN,NaN,2
1039,1633,6.611392021,3.931386471,1
1039,1665,4.188554764,3.530092716,1
1039,1697,3.460282326,3.571832657,1
1039,1729,3.375644445,3.142510414,1
1039,1761,3.220974684,2.86598897,1
1039,1793,2.277364731,2.189342022,1
1039,1825,3.057076216,2.889570713,1
1039,1857,3.618748903,4.49222517,1
1039,1889,2.398067951,6.380273819,1
1039,1921,1.276592493,4.063017845,1
1039,1953,0.2516351938,5.937598228,1
1039,1985,0.6199704409,3.845861673,1
1039,2017,1.701714516,-1.64709425,1
1071,33,-1.327965498,2.370750427,1
1071,65,2.115612507,-1.357970953,1
1071,97,2.908324242,-4.916258812,1
1071,129,0.2631839812,-1.389169931,1
1071,161,0.1361018717,-1.46878624,1
1071,193,0.2800963521,-4.995278358,1
1071,225,0.1846555471,-4.935480118,1
1071,257,NaN,NaN,2
1071,289,-1.019417167,-3.01313138,1
1071,321,-1.278446794,-1.460531116,1
1071,353,NaN,NaN,2
1071,385,-1.743600965,0.5032808185,1
1071,417,-0.8438811302,0.9435408711,1
1071,449,1.897387385,-0.7878028154,1
1071,481,0.1603105068,-1.773211479,1
1071,513,-2.252439737,0.2712512612,1
1071,545,-4.221030235,1.208430171,1
1071,577,-6.278600216,1.996869683,1
1071,609,-8.331807137,0.9104932547,1
1071,641,-9.605014801,0.1093146801,1
1071,673,-9.709123611,-0.2353549898,1
1071,705,-10.22918224,-0.625867486,1
1071,737,-10.55566692,-1.847042799,1
1071,769,-10.66111565,0.4788727164,1
1071,801,-12.00589371,0.4459294081,1
1071,833,-11.80262375,0.3179759383,1
1071,865,-11.97668934,1.304679513,1
1071,897,-12.25199318,0.03013849258,1
1071,929,-12.56252289,0.1548817754,1
1071,961,-12.67742252,0.02838654071,1
1071,993,-13.26573467,-0.8869509697,1
1071,1025,NaN,NaN,2
1071,1057,-11.17082596,1.544787407,1
1071,1089,-10.07488251,-0.5739783049,1
1071,1121,-9.076212883,0.6474789381,1
1071,1153,-8.040029526,1.37204361,1
1071,1185,-6.51711607,2.464655876,1
1071,1217,-6.053408146,2.52540803,1
1071,1249,-3.421951771,2.105103493,1
1071,1281,-1.837238073,4.387007713,1
1071,1313,-0.7311618328,3.348942518,1
1071,1345,-1.553043127,2.338890076,1
1071,1377,-3.978167057,0.9046331644,1
1071,1409,-2.335806608,1.429717779,1
1071,1441,-2.758937836,2.257850647,1
1071,1473,-1.473977447,2.274852276,1
1071,1505,-0.5397263765,2.854959249,1
1071,1537,-0.7720342278,1.903727531,1
1071,1569,-0.4899919927,0.4784582853,1
1071,1601,NaN,NaN,2
1071,1633,0.9676127434,3.78792572,1
1071,1665,2.69390893,3.125546932,1
1071,1697,3.170427084,3.29493022,1
1071,1729,2.927896023,3.142261744,1
1071,1761,2.807449341,3.810204983,1
1071,1793,2.66578269,2.95083642,1
1071,1825,4.737756252,3.028616905,1
1071,1857,3.946921349,4.082481861,1
1071,1889,1.590167284,4.916610718,1
1071,1921,-0.7323379517,3.472367764,1
1071,1953,0.433960855,2.974518299,1
1071,1985,0.4473586082,2.903351307,1
1071,2017,1.361783385,0.4233524799,1
1103,33,NaN,NaN,2
1103,65,1.834173203,-1.441474676,1
1103,97,1.721456528,-4.470319748,1
1103,129,1.233145833,-3.692898273,1
1103,161,0.9839054942,-3.720878601,1
1103,193,0.1656360626,-7.571426868,1
1103,225,-0.2049297094,-6.597162724,1
1103,257,-0.3712788224,-4.209425926,1
1103,289,-0.7632673383,-2.902832985,1
1103,321,-1.415883064,-1.80656743,1
1103,353,-1.439539194,5.31592989,1
1103,385,-0.3397195339,3.784476995,1
1103,417,0.2435486317,0.4064115882,1
1103,449,-0.03952407837,0.1206226349,1
1103,481,-0.4598326683,-0.650323987,1
1103,513,-2.641191244,0.04721778631,1
1103,545,-5.110427856,1.834114432,1
1103,577,-7.898711205,2.972467422,1
1103,609,-9.00548172,1.11348629,1
1103,641,-9.509370804,0.3611447215,1
1103,673,-9.795987129,-2.583581209,1
1103,705,NaN,NaN,2
1103,737,NaN,NaN,2
1103,769,-11.94248772,0.7464337349,1
1103,801,-14.84309387,0.6784826517,1
1103,833,-16.22415543,0.6254867911,1
1103,865,-16.40822601,1.230614543,1
1103,897,-13.70420647,0.1102521569,1
1103,929,-13.35109711,0.1556416452,1
1103,961,-13.55871296,-0.1304643005,1
1103,993,-13.2753334,-1.558325768,1
1103,1025,-10.38092136,-2.969093323,1
1103,1057,-9.605072975,1.981691718,1
1103,1089,NaN,NaN,2
1103,1121,-9.035587311,-0.1675954759,1
1103,1153,-7.926632404,0.446459502,1
1103,1185,-6.197484493,1.431885481,1
1103,1217,NaN,NaN,2
1103,1249,-2.663778782,5.116855145,1
1103,1281,NaN,NaN,2
1103,1313,1.07534194,0.2202380896,1
1103,1345,0.08400285244,-1.303280473,1
1103,1377,-4.388628006,-0.8787747622,1
1103,1409,-4.120527267,1.223287463,1
1103,1441,-3.080568075,1.84241724,1
1103,1473,-3.270574093,2.416995525,1
1103,1505,-0.7807868123,1.536425352,1
1103,1537,0.1509204209,-1.151565194,1
1103,1569,-0.6714708209,-0.1883040667,1
1103,1601,0.8778808117,1.702871084,1
1103,1633,1.194524527,3.105745792,1
1103,1665,1.12434721,3.240118742,1
1103,1697,2.497467041,2.346319199,1
1103,1729,3.906875134,2.605218172,1
1103,1761,NaN,NaN,2
1103,1793,1.321561575,4.768779755,1
1103,1825,1.483063698,2.559019566,1
1103,1857,NaN,NaN,2
1103,1889,0.6891419888,3.07622385,1
1103,1921,0.0847556591,6.261668682,1
1103,1953,0.7668446898,4.872270584,1
1103,1985,0.8127609491,3.334921598,1
1103,2017,1.313116789,0.1754892468,1
1135,33,2.464428902,-3.216047525,1
1135,65,2.457274437,-3.97907567,1
1135,97,2.198639631,-3.357377291,1
1135,129,1.630304575,-4.225739956,1
1135,161,1.10944438,-5.311851501,1
1135,193,0.7270480394,-5.598872662,1
1135,225,-0.1956970245,-5.181947708,1
1135,257,-0.3329973817,-3.324069738,1
1135,289,0.7626290321,-3.574268103,1
1135,321,-1.280707717,-2.510109901,1
1135,353,NaN,NaN,2
1135,385,-3.07724452,4.800460339,1
1135,417,-2.65624404,1.213451266,1
1135,449,-2.452722073,0.7881253958,1
1135,481,-2.329160929,1.00530386,1
1135,513,-3.521758318,1.279852152,1
1135,545,-6.084660053,3.978046417,1
1135,577,-8.364013672,4.305845261,1
1135,609,-9.501255035,2.326277733,1
1135,641,NaN,NaN,2
1135,673,-14.18298054,1.520824432,1
1135,705,NaN,NaN,2
1135,737,-10.59519672,1.216565609,1
1135,769,-11.61775017,1.766549349,1
1135,801,-13.3122797,1.002381802,1
1135,833,-16.5823555,1.083012581,1
1135,865,NaN,NaN,2
1135,897,-14.11725235,-0.1568128169,1
1135,929,-13.81455994,0.04609465599,1
1135,961,-14.54005623,-0.1471488923,1
1135,993,-13.77482128,-1.472240448,1
1135,1025,-12.89016724,-2.540478945,1
1135,1057,-10.93545151,-1.649385691,1
1135,1089,NaN,NaN,2
1135,1121,-8.054058075,-0.07215976715,1
1135,1153,-7.340896606,0.1441871822,1
1135,1185,-6.811547756,0.7753672004,1
1135,1217,-6.401844978,1.470769167,1
1135,1249,-5.655725002,0.8020122647,1
1135,1281,-3.890298367,2.787009954,1
1135,1313,-2.5696311,-0.08651506901,1
1135,1345,-1.59359479,-1.709696531,1
1135,1377,-0.8998494744,-1.020777464,1
1135,1409,-0.3507097363,0.5693408251,1
1135,1441,-0.3323251009,1.0437181,1
1135,1473,-2.350275278,2.250458479,1
1135,1505,-1.12847209,0.831554234,1
1135,1537,0.5713497996,0.2566196918,1
1135,1569,1.623192787,1.087412715,1
1135,1601,2.70507431,2.378482103,1
1135,1633,2.310100079,1.983893037,1
1135,1665,1.469035387,-0.3286845684,1
1135,1697,2.36356616,1.434342742,1
1135,1729,-0.2658184767,7.008337975,1
1135,1761,0.07915234566,8.772555351,1
1135,1793,0.4087104201,1.768746376,1
1135,1825,-0.7569466829,2.138818979,1
1135,1857,-0.5355191231,5.389593601,1
1135,1889,0.6948521733,4.174348831,1
1135,1921,0.9041872621,4.280591965,1
1135,1953,NaN,NaN,2
1135,1985,1.415393114,2.909106731,1
1135,2017,0.5250318646,-0.1163471043,1
1167,33,1.010112286,-0.720836401,1
1167,65,2.901215553,-4.357452393,1
1167,97,2.915005922,-3.080770016,1
1167,129,2.98192215,-3.33304739,1
1167,161,1.992696285,-4.463953972,1
1167,193,0.8807391524,-4.470084667,1
1167,225,-0.2725117803,-3.25510931,1
1167,257,-1.503161192,-2.058298826,1
1167,289,-2.37533164,-1.291979313,1
1167,321,-2.930317402,0.1355778575,1
1167,353,-3.384848356,1.581792593,1
1167,385,-3.153071165,1.940666676,1
1167,417,-3.152292967,1.583893657,1
1167,449,-5.629532814,3.090892792,1
1167,481,-4.956841469,2.519944429,1
1167,513,-5.267598152,6.361967087,1
1167,545,-6.933787346,6.697008133,1
1167,577,-9.934863091,5.813062668,1
1167,609,-9.654182434,2.169652462,1
1167,641,-10.75771046,0.2399134636,1
1167,673,NaN,NaN,2
1167,705,-10.04232025,2.379537582,1
1167,737,-10.12321472,1.384459257,1
1167,769,-10.52409935,1.193308473,1
1167,801,-12.12524319,1.488345623,1
1167,833,-15.33074474,1.509575367,1
1167,865,-15.64115715,0.07781428099,1
1167,897,-15.30780602,-0.3685852289,1
1167,929,-16.35547638,-0.5629504323,1
1167,961,-14.50038147,-0.6760587692,1
1167,993,-13.87274075,-2.002459049,1
1167,1025,-13.12666035,-2.670064926,1
1167,1057,-11.96287823,-2.48098731,1
1167,1089,-10.49725056,-3.31040287,1
1167,1121,-8.898890495,-1.589925051,1
1167,1153,-8.063029289,1.215097904,1
1167,1185,-7.42292881,0.566226542,1
1167,1217,-9.031061172,-1.346459985,1
1167,1249,NaN,NaN,2
1167,1281,-7.001606941,0.6236281395,1
1167,1313,-3.849503517,-0.7184102535,1
1167,1345,-1.809375763,-1.209053516,1
1167,1377,-0.6822339892,-0.3549242616,1
1167,1409,1.492540598,0.280842483,1
1167,1441,3.597901821,0.650508225,1
1167,1473,1.215867519,0.5609217286,1
1167,1505,-0.2855210304,0.3739560843,1
1167,1537,0.1042968184,0.5811036825,1
1167,1569,1.345187426,0.8924307227,1
1167,1601,1.429827809,1.0026052,1
1167,1633,1.241652727,1.322055101,1
1167,1665,0.897349596,-0.1867904663,1
1167,1697,0.8376531601,0.7172148228,1
1167,1729,NaN,NaN,2
1167,1761,NaN,NaN,2
1167,1793,-0.197912097,1.988111734,1
1167,1825,-2.652801514,3.973676205,1
1167,1857,-3.024063587,4.06388092,1
1167,1889,0.05894160271,1.842453718,1
1167,1921,0.5598117113,1.297740221,1
1167,1953,1.6779809,2.309445858,1
1167,1985,1.98400569,0.4074572325,1
1167,2017,1.384143353,-0.09612074494,1
1199,33,2.099954605,0.9309880733,1
1199,65,3.509731531,-2.696848392,1
1199,97,4.378685951,-1.793519974,1
1199,129,4.442512035,-2.033183336,1
1199,161,4.758789063,-2.941625357,1
1199,193,5.119282722,-3.041713238,1
1199,225,-0.3207650781,-0.7538740635,1
1199,257,-1.833868742,0.08038341999,1
1199,289,-3.039430857,0.5281716585,1
1199,321,-3.430840254,1.870750785,1
1199,353,-3.028491259,1.554044366,1
1199,385,-3.426796198,1.997398496,1
1199,417,-3.536154032,1.460110545,1
1199,449,-4.94225502,2.496421576,1
1199,481,-6.852928638,3.073675156,1
1199,513,-8.199763298,6.320680618,1
1199,545,-8.596290588,7.016526699,1
1199,577,-8.018295288,5.370812893,1
1199,609,-9.934878349,7.222172737,1
1199,641,-10.80850697,7.996202469,1
1199,673,-11.2005291,5.218066216,1
1199,705,-10.66355324,3.246943474,1
1199,737,-9.745152473,1.63373661,1
1199,769,-10.0975523,1.0715276,1
1199,801,-12.45794201,1.513483047,1
1199,833,-16.59453964,1.520949841,1
1199,865,-18.0441246,0.8756178617,1
1199,897,-17.81275558,-0.1824562252,1
1199,929,-16.2312355,-0.7589899898,1
1199,961,-14.48975945,-1.79065311,1
1199,993,-12.92548084,-2.664834499,1
1199,1025,-12.39844418,-3.380885124,1
1199,1057,-11.88410473,-3.751480818,1
1199,1089,-11.2674942,-3.457431555,1
1199,1121,-9.970546722,-1.422101855,1
1199,1153,-7.720281601,0.8400303721,1
1199,1185,-7.011260986,0.09771341085,1
1199,1217,-6.774578571,-2.827978611,1
1199,1249,-5.902155876,-0.5185868144,1
1199,1281,-5.552974224,0.4416066408,1
1199,1313,-3.961524963,-0.7974942327,1
1199,1345,-2.285344124,-0.887804985,1
1199,1377,-0.8807534575,-0.42223683,1
1199,1409,0.4960677028,0.1808217317,1
1199,1441,1.065434217,0.128063798,1
1199,1473,0.9803866148,0.1193832159,1
1199,1505,-1.024209857,-0.1076107919,1
1199,1537,-1.514101624,0.1802003384,1
1199,1569,-0.06717205048,0.5657913685,1
1199,1601,-0.4855677187,0.3711010814,1
1199,1633,-0.4182367325,0.8568319082,1
1199,1665,-0.6033235788,0.6518654823,1
1199,1697,-0.29260993,0.8241487741,1
1199,1729,0.3976769447,0.635484755,1
1199,1761,0.2813720703,0.4743919373,1
1199,1793,0.02159461379,1.54544425,1
1199,1825,-3.866764307,2.55300355,1
1199,1857,-3.404232264,1.984965324,1
1199,1889,-0.942291379,1.092401981,1
1199,1921,-0.1659674644,0.103898406,1
1199,1953,2.196754932,1.970344305,1
1199,1985,NaN,NaN,2
1199,2017,3.78751874,-0.6485019326,1
1231,33,3.745732307,1.144326448,1
1231,65,4.687597752,-0.6226005554,1
1231,97,4.453315735,-1.027960539,1
1231,129,4.069952965,-2.079847813,1
1231,161,5.942688465,-4.367584229,1
1231,193,6.835276604,-2.152059793,1
1231,225,2.717280149,0.08319234848,1
1231,257,-0.1181075573,2.046287537,1
1231,289,-2.091464996,2.078070402,1
1231,321,-3.437716722,1.760501504,1
1231,353,-3.352955103,1.55544889,1
1231,385,-3.163295269,2.043056011,1
1231,417,-4.047271729,2.135215282,1
1231,449,-5.504593372,1.993513107,1
1231,481,-6.595702648,2.803379297,1
1231,513,-7.215597153,3.883284569,1
1231,545,-7.644657612,5.488060474,1
1231,577,-8.475211143,6.814743042,1
1231,609,-9.420041084,8.919523239,1
1231,641,-10.11847687,8.472902298,1
1231,673,-10.68670654,5.57201004,1
1231,705,-10.3181324,3.604139328,1
1231,737,-9.526500702,1.983879089,1
1231,769,-10.05041027,0.7745394707,1
1231,801,-12.63314152,1.267018199,1
1231,833,-15.73166656,1.861953378,1
1231,865,-17.10184479,1.738562346,1
1231,897,-17.29825974,0.499196887,1
1231,929,-14.91477299,-0.6061728001,1
1231,961,-13.35705757,-3.102499723,1
1231,993,-11.41885567,-4.074224472,1
1231,1025,-10.44152355,-3.964971066,1
1231,1057,-10.66453171,-4.165924549,1
1231,1089,-9.94543457,-2.603885174,1
1231,1121,-9.440653801,-0.2898647785,1
1231,1153,-8.102848053,0.04260021448,1
1231,1185,-4.843308449,-1.566802859,1
1231,1217,-3.412605762,-3.114327431,1
1231,1249,-3.133790016,-2.318361998,1
1231,1281,-4.851967812,1.626067877,1
1231,1313,-4.153126717,0.7106586099,1
1231,1345,-2.628898144,0.2338192463,1
1231,1377,-2.122677803,-1.311495304,1
1231,1409,0.184666574,0.527802527,1
1231,1441,1.166395545,0.2170475423,1
1231,1473,0.9993044138,-0.06406536698,1
1231,1505,-0.1493915766,-0.1073040366,1
1231,1537,-1.391221285,-0.8484666348,1
1231,1569,-1.635075092,-1.263569951,1
1231,1601,-1.51109004,-1.515993237,1
1231,1633,-1.080984235,-0.3621860743,1
1231,1665,-1.843715549,0.09382587671,1
1231,1697,-1.019291401,0.3158576488,1
1231,1729,-0.0432305336,0.3013566732,1
1231,1761,0.6022475958,0.20071733,1
1231,1793,0.793106854,1.333422184,1
1231,1825,0.8278927803,3.412028074,1
1231,1857,NaN,NaN,2
1231,1889,-0.7417972684,1.039893389,1
1231,1921,-0.212236315,0.3740444183,1
1231,1953,-0.1016825438,1.924999475,1
1231,1985,1.428972006,1.411370993,1
1231,2017,3.797368526,-1.289587498,1
1263,33,1.478895664,1.014720082,1
1263,65,4.312945366,-0.1989863515,1
1263,97,4.782175541,-1.505079508,1
1263,129,4.121702194,-2.937414169,1
1263,161,4.326075554,-3.605885029,1
1263,193,3.35087657,0.003186047077,1
1263,225,1.488604784,1.494026899,1
1263,257,-0.2637094855,0.872374177,1
1263,289,-1.016853452,0.08214855194,1
1263,321,-2.732188463,0.6371423006,1
1263,353,-3.062256098,1.519603133,1
1263,385,-2.967245579,2.278414011,1
1263,417,-4.355491638,2.522055626,1
1263,449,-7.452262878,2.746348858,1
1263,481,-9.172487259,2.941624165,1
1263,513,-8.171108246,3.745354176,1
1263,545,-8.764930725,5.346366882,1
1263,577,-10.49205685,6.552289009,1
1263,609,-10.68440437,7.975671291,1
1263,641,-9.670866966,7.093104362,1
1263,673,-8.921635628,4.589129448,1
1263,705,-8.70716095,1.996668339,1
1263,737,-9.795200348,1.440076828,1
1263,769,NaN,NaN,2
1263,801,-10.58534527,1.459680319,1
1263,833,-15.4570446,2.499000549,1
1263,865,-15.66581726,2.546434879,1
1263,897,-12.95146847,1.061458111,1
1263,929,NaN,NaN,2
1263,961,-14.50130367,-3.061729431,1
1263,993,-10.54441547,-3.905627966,1
1263,1025,-9.409363747,-3.291424751,1
1263,1057,NaN,NaN,2
1263,1089,-7.808969498,-1.444867134,1
1263,1121,-7.227602005,-0.6692701578,1
1263,1153,-7.187743664,-1.090947986,1
1263,1185,-3.777839184,-2.296577692,1
1263,1217,-2.516221046,-3.865318298,1
1263,1249,-1.491310596,-5.135266781,1
1263,1281,NaN,NaN,2
1263,1313,-3.460592985,0.713588953,1
1263,1345,-1.813755751,0.2601450682,1
1263,1377,-2.383058548,-1.721268892,1
1263,1409,-0.9229483604,0.6040146947,1
1263,1441,-0.1911767721,0.8270324469,1
1263,1473,0.3224466145,0.4117487669,1
1263,1505,0.9500494003,-0.3397886157,1
1263,1537,0.5072702169,-0.7341592312,1
1263,1569,0.7841832042,-0.1566830873,1
1263,1601,-0.879147172,-2.367791891,1
1263,1633,-0.5699859858,-2.502572536,1
1263,1665,-1.620842218,-1.378179789,1
1263,1697,-1.92067647,-0.83546561,1
1263,1729,0.09418275952,0.3633424044,1
1263,1761,1.003551722,0.9237229824,1
1263,1793,0.4615342617,0.8275315166,1
1263,1825,-1.79186058,0.6684316397,1
1263,1857,-4.969360352,0.2478792667,1
1263,1889,-1.500915289,1.120909095,1
1263,1921,-0.9075440764,1.517194033,1
1263,1953,-0.1308930814,0.7000743151,1
1263,1985,0.5914013386,0.4861125052,1
1263,2017,2.887516975,-1.103664637,1
1295,33,0.2174804211,0.6722189188,1
1295,65,1.874778509,-0.1521259099,1
1295,97,5.355147362,-3.458733797,1
1295,129,NaN,NaN,2
1295,161,1.061639547,-0.5181530118,1
1295,193,0.9548147917,0.6528229713,1
1295,225,-0.1190660894,2.872435808,1
1295,257,-0.847855866,1.11679101,1
1295,289,-0.3430559039,-1.537398934,1
1295,321,-1.360402584,-1.598952889,1
1295,353,-2.439378738,0.5615974665,1
1295,385,NaN,NaN,2
1295,417,NaN,NaN,2
1295,449,-8.16659832,3.077410698,1
1295,481,-10.79724312,2.351695538,1
1295,513,-10.09717083,3.383459091,1
1295,545,-9.138216019,3.092255592,1
1295,577,-10.70963287,4.795424461,1
1295,609,-11.53515816,7.394027233,1
1295,641,-9.820065498,6.641934395,1
1295,673,-9.24601078,4.58765316,1
1295,705,NaN,NaN,2
1295,737,NaN,NaN,2
1295,769,-8.768046379,1.797261953,1
1295,801,-16.86781311,2.475337505,1
1295,833,-14.97395325,3.598464489,1
1295,865,-14.26654816,2.284047127,1
1295,897,-13.21347046,0.6850178242,1
1295,929,-11.76841545,-1.264441609,1
1295,961,-11.73622513,-1.623060703,1
1295,993,-12.87445164,-4.297852516,1
1295,1025,-8.385298729,-2.553670883,1
1295,1057,-4.627755642,-1.794168949,1
1295,1089,NaN,NaN,2
1295,1121,-4.782251358,-4.066874027,1
1295,1153,-7.185415745,-2.603266239,1
1295,1185,-7.819431305,-1.43736434,1
1295,1217,-5.130661011,-5.302568913,1
1295,1249,-4.424852848,-4.466496944,1
1295,1281,-6.393461704,-0.4238826036,1
1295,1313,-3.911145687,0.5173496604,1
1295,1345,-3.45472002,-0.9468815923,1
1295,1377,-3.442282915,-1.09849453,1
1295,1409,-2.174578905,0.7025060058,1
1295,1441,-1.585923672,1.126341462,1
1295,1473,-0.06524899602,0.3455115855,1
1295,1505,2.260253429,-0.1074242741,1
1295,1537,NaN,NaN,2
1295,1569,NaN,NaN,2
1295,1601,NaN,NaN,2
1295,1633,1.330506444,-1.887608647,1
1295,1665,0.2512059212,-1.745396137,1
1295,1697,-0.0218193531,-1.727125168,1
1295,1729,0.9738293886,-0.2337966859,1
1295,1761,1.669013977,0.6529411077,1
1295,1793,1.613277912,0.413520366,1
1295,1825,-2.005297422,-0.732157886,1
1295,1857,-4.614233017,-0.9571799636,1
1295,1889,NaN,NaN,2
1295,1921,0.1735983491,0.4763967991,1
1295,1953,0.5312100649,-0.4855881333,1
1295,1985,0.9952455163,-0.1422248036,1
1295,2017,1.632577658,-0.3622055054,1
1327,33,3.197174549,1.01195693,1
1327,65,4.966719151,-1.365250587,1
1327,97,4.751379013,-1.730536342,1
1327,129,3.356506824,-0.9013528824,1
1327,161,0.3196444511,1.72211051,1
1327,193,-0.229716897,2.01614213,1
1327,225,-0.5101100206,2.23743701,1
1327,257,-1.313108921,0.2809154391,1
1327,289,-0.9411292672,-1.608097434,1
1327,321,NaN,NaN,2
1327,353,-0.1186218262,1.71192348,1
1327,385,-0.506046772,2.76687932,1
1327,417,-0.9408810139,4.776765823,1
1327,449,-8.000732422,1.131170273,1
1327,481,NaN,NaN,2
1327,513,-9.485450745,1.794011474,1
1327,545,-9.113557816,1.370004654,1
1327,577,NaN,NaN,2
1327,609,-11.23931313,6.547914982,1
1327,641,-11.52371216,5.957631111,1
1327,673,-9.744105339,4.458185673,1
1327,705,-9.631999969,3.181455135,1
1327,737,-9.465421677,2.939115047,1
1327,769,-12.87009239,1.551438808,1
1327,801,-15.47937298,3.055868149,1
1327,833,-14.38418007,3.299939394,1
1327,865,-11.95477295,2.230836153,1
1327,897,-12.18500614,0.8166179657,1
1327,929,-11.58137512,-0.2398561239,1
1327,961,NaN,NaN,2
1327,993,-10.48448181,-1.604376316,1
1327,1025,-7.989689827,-2.495268106,1
1327,1057,-5.74177742,-2.135897636,1
1327,1089,NaN,NaN,2
1327,1121,-5.492482662,-6.077164173,1
1327,1153,-7.103317261,-3.266580105,1
1327,1185,-7.739533424,-0.6935100555,1
1327,1217,-8.697870255,-1.908384085,1
1327,1249,-7.909106255,-2.707121372,1
1327,1281,NaN,NaN,2
1327,1313,-0.9487366676,2.043289661,1
1327,1345,-4.366961479,-1.179330349,1
1327,1377,-4.606449127,-1.706403732,1
1327,1409,-2.391923666,-0.1673855782,1
1327,1441,-2.125936031,0.05168408155,1
1327,1473,-0.9987276793,-0.8932958245,1
1327,1505,0.6860314012,-0.2390990406,1
1327,1537,2.376150846,-0.06398844719,1
1327,1569,1.062732697,-0.4247832298,1
1327,1601,1.717583537,-0.5372861624,1
1327,1633,4.524599552,-0.9642807245,1
1327,1665,3.33535099,-0.9638445377,1
1327,1697,1.530056715,-1.417326927,1
1327,1729,1.958252192,-0.6442583203,1
1327,1761,2.398014545,0.1283255219,1
1327,1793,2.703167915,0.8813209534,1
1327,1825,1.191367149,0.3267410994,1
1327,1857,0.6437627673,-0.3510961831,1
1327,1889,1.202334285,-0.3408258557,1
1327,1921,0.5827285647,-0.5079569221,1
1327,1953,0.3324002028,-1.115531206,1
1327,1985,0.6530588269,-0.01127670705,1
1327,2017,0.9236714244,0.1316846907,1
1359,33,3.527776003,1.765735269,1
1359,65,4.997310638,-1.069970846,1
1359,97,5.166409492,-1.492464662,1
1359,129,4.435337543,-1.379864931,1
1359,161,3.504761457,-1.074149728,1
1359,193,1.494557381,0.8770447969,1
1359,225,-0.3523049951,-0.0217448473,1
1359,257,-1.524821758,-0.7840793133,1
1359,289,-1.914505124,-0.21144858,1
1359,321,NaN,NaN,2
1359,353,2.341690063,3.499723911,1
1359,385,1.561045408,5.915006638,1
1359,417,0.6787638664,5.414468288,1
1359,449,-5.493463993,0.9247851372,1
1359,481,-7.456546307,-0.2893785238,1
1359,513,-7.335881233,1.533639193,1
1359,545,-6.503180504,2.704055309,1
1359,577,-8.527793884,4.107580185,1
1359,609,-10.9142561,5.058444977,1
1359,641,-11.35024261,3.487159729,1
1359,673,NaN,NaN,2
1359,705,NaN,NaN,2
1359,737,-11.50479794,1.121484518,1
1359,769,-12.4644928,0.9327373505,1
1359,801,-14.08509731,3.299091816,1
1359,833,-14.73045254,3.637593985,1
1359,865,-13.45675659,2.530017376,1
1359,897,-12.38019085,3.697943687,1
1359,929,-11.65882874,5.676145554,1
1359,961,NaN,NaN,2
1359,993,NaN,NaN,2
1359,1025,-7.239861488,-1.775917411,1
1359,1057,-5.557461739,-1.601693153,1
1359,1089,NaN,NaN,2
1359,1121,NaN,NaN,2
1359,1153,-5.446548462,-4.086561203,1
1359,1185,-7.054152012,-2.641098261,1
1359,1217,-8.138544083,-2.827793121,1
1359,1249,-7.816646099,-1.931737661,1
1359,1281,-5.947880268,-0.4597038031,1
1359,1313,-2.292809248,1.891317964,1
1359,1345,NaN,NaN,2
1359,1377,-1.933693767,-1.185417414,1
1359,1409,-1.379078388,-0.8168373108,1
1359,1441,-0.1622602344,-0.7839031219,1
1359,1473,-0.5171867013,-1.765685439,1
1359,1505,-1.589015007,-0.8419989347,1
1359,1537,0.3427680731,-0.4692476392,1
1359,1569,0.2570419312,-1.143376231,1
1359,1601,0.8221923113,-0.2536569536,1
1359,1633,3.794705391,-0.0004929900169,1
1359,1665,4.087621212,-0.6483715773,1
1359,1697,2.043129683,-1.236193299,1
1359,1729,1.930378675,-0.5325241089,1
1359,1761,2.144835234,0.1709601581,1
1359,1793,2.318062782,0.5859746337,1
1359,1825,1.772777319,0.6115141511,1
1359,1857,1.225232959,-0.09966035187,1
1359,1889,1.297932625,-0.2810644805,1
1359,1921,0.4411937594,-0.3961126208,1
1359,1953,0.3121082485,-0.6732246876,1
1359,1985,0.5441323519,0.1523851901,1
1359,2017,0.7853896022,0.1911643744,1
1391,33,4.220858574,1.434684038,1
1391,65,5.015759945,0.4460360408,1
1391,97,5.126950264,-0.5089557171,1
1391,129,4.49625206,-0.9458758831,1
1391,161,4.446614265,-0.9161713123,1
1391,193,1.823244095,0.3185902238,1
1391,225,-0.0311280638,-0.4007266462,1
1391,257,-0.4193379879,-0.7073969841,1
1391,289,-0.7063006163,0.3685577512,1
1391,321,NaN,NaN,2
1391,353,-2.43001461,4.865675926,1
1391,385,-2.986732006,6.08735466,1
1391,417,NaN,NaN,2
1391,449,-3.137795687,-1.820591688,1
1391,481,-3.988219738,-1.628065586,1
1391,513,-3.391326427,1.062693119,1
1391,545,-5.824180126,2.252421618,1
1391,577,-7.623828888,2.993643284,1
1391,609,-9.074181557,3.146008968,1
1391,641,-9.409440994,0.7607214451,1
1391,673,-6.868794441,1.767009974,1
1391,705,-9.032138824,0.4994249344,1
1391,737,NaN,NaN,2
1391,769,-14.02839661,7.124441147,1
1391,801,NaN,NaN,2
1391,833,-13.56803131,3.041120291,1
1391,865,NaN,NaN,2
1391,897,NaN,NaN,2
1391,929,NaN,NaN,2
1391,961,NaN,NaN,2
1391,993,NaN,NaN,2
1391,1025,-6.569281578,-0.1329192817,1
1391,1057,-5.893471241,-0.3899766803,1
1391,1089,-5.670190811,-0.3257277012,1
1391,1121,-5.589664936,-1.565569282,1
1391,1153,NaN,NaN,2
1391,1185,NaN,NaN,2
1391,1217,-6.212770462,-2.510813713,1
1391,1249,-4.902080536,0.1325242519,1
1391,1281,-3.426539421,-0.8617534637,1
1391,1313,-2.482053518,-1.499070406,1
1391,1345,-1.744717121,-1.519918203,1
1391,1377,-1.022735596,-0.9738529921,1
1391,1409,-0.5417119861,-0.6443923712,1
1391,1441,0.6455931067,-0.7380279899,1
1391,1473,0.960100472,-1.299421072,1
1391,1505,-3.289815664,-0.02536916733,1
1391,1537,-4.212099552,0.8318749666,1
1391,1569,-3.49718523,-0.4387323856,1
1391,1601,0.04234182835,0.3066401482,1
1391,1633,2.087900162,-0.007452249527,1
1391,1665,2.382098436,-1.593240261,1
1391,1697,0.4118058681,-1.011139035,1
1391,1729,0.982357502,0.1014842391,1
1391,1761,1.134361506,0.6945621967,1
1391,1793,0.7733174562,0.9184572697,1
1391,1825,0.2412651777,0.2624793053,1
1391,1857,-0.3141142726,0.3841522634,1
1391,1889,-0.1687616706,0.2251421511,1
1391,1921,-0.6570845842,-0.01967030764,1
1391,1953,-0.4794541597,0.2665628493,1
1391,1985,0.4417122602,1.107919931,1
1391,2017,1.111411572,0.2766101956,1
1423,33,2.527287245,0.1383388042,1
1423,65,4.907389641,2.969264746,1
1423,97,5.334336281,1.739769816,1
1423,129,4.467199802,-0.13277632,1
1423,161,3.762483835,-0.7952088118,1
1423,193,1.622318983,0.1399877965,1
1423,225,0.4823964834,-0.9153824449,1
1423,257,-0.0760255456,-0.1137767434,1
1423,289,-0.2438058853,1.154640555,1
1423,321,-0.513777256,1.516031623,1
1423,353,-1.840142965,4.892662525,1
1423,385,NaN,NaN,2
1423,417,-3.148924351,-1.256553411,1
1423,449,-2.75651598,-1.158057451,1
1423,481,-3.964687347,1.710514307,1
1423,513,-5.058901787,1.654118299,1
1423,545,-5.858201027,1.721330166,1
1423,577,-7.021526337,2.003314495,1
1423,609,-8.273775101,2.424701214,1
1423,641,-8.76474762,3.059317589,1
1423,673,-9.297867775,2.999425888,1
1423,705,-11.19232845,6.009134769,1
1423,737,-11.98766136,7.22239399,1
1423,769,-12.84332752,7.91258955,1
1423,801,-14.37769318,7.668483257,1
1423,833,-12.77009869,0.954407692,1
1423,865,NaN,NaN,2
1423,897,-11.25245667,2.925283432,1
1423,929,-9.036943436,0.1333902776,1
1423,961,-10.04526711,-0.9144256115,1
1423,993,-11.6281395,0.04429370165,1
1423,1025,NaN,NaN,2
1423,1057,-5.804765701,-0.3068183661,1
1423,1089,-6.035756111,-0.5305231214,1
1423,1121,-6.636369228,-1.742702723,1
1423,1153,-7.700073719,-7.345201492,1
1423,1185,-8.112585068,-7.948717117,1
1423,1217,-4.286833763,-5.144202232,1
1423,1249,-1.360472202,0.7515802383,1
1423,1281,-0.7255034447,-0.5903270245,1
1423,1313,-1.239940763,-0.8836622238,1
1423,1345,-1.062149644,-1.745134473,1
1423,1377,-0.0009105205536,-1.366274357,1
1423,1409,0.8101791143,-0.2319953442,1
1423,1441,0.7624501586,-1.349544883,1
1423,1473,-1.30638361,-1.18201232,1
1423,1505,-3.248232126,-1.246314287,1
1423,1537,-4.118638992,-0.04435229301,1
1423,1569,NaN,NaN,2
1423,1601,-0.5117863417,-0.980655551,1
1423,1633,1.656567216,-1.308137894,1
1423,1665,1.651823759,-1.65146184,1
1423,1697,-0.01480579376,-0.6092455387,1
1423,1729,0.1221777201,1.41928637,1
1423,1761,0.6236929893,2.390370846,1
1423,1793,0.4745520353,2.326451302,1
1423,1825,0.09333574772,1.094680548,1
1423,1857,-1.713185549,2.334590197,1
1423,1889,-3.076172829,1.167092562,1
1423,1921,-3.746978998,-0.1497160196,1
1423,1953,-1.984514475,0.7208973169,1
1423,1985,-0.5912021995,0.3757249713,1
1423,2017,0.4312784672,-0.6444903612,1
1455,33,3.555234671,-0.1821801662,1
1455,65,4.4601717,1.87873435,1
1455,97,4.389264584,4.061368942,1
1455,129,4.494545937,3.329984665,1
1455,161,3.582775116,3.877912998,1
1455,193,3.354866982,0.9884230494,1
1455,225,1.750152111,0.01941823959,1
1455,257,1.221376896,-0.02961790562,1
1455,289,1.323684216,0.9772918224,1
1455,321,1.143245697,2.219554186,1
1455,353,-0.1684811711,2.030467033,1
1455,385,-2.101002216,2.338727713,1
1455,417,-2.63152504,2.175367594,1
1455,449,-3.149600029,0.8764843941,1
1455,481,-3.967894077,2.358300686,1
1455,513,-5.645833492,2.267245293,1
1455,545,-5.812376022,1.086298704,1
1455,577,-5.865486145,2.027323008,1
1455,609,-7.044680119,3.475744486,1
1455,641,-8.562523842,3.870248795,1
1455,673,-9.719806671,3.282485247,1
1455,705,-10.18254185,6.135249138,1
1455,737,-10.69786358,6.540101051,1
1455,769,-10.57964516,7.491138935,1
1455,801,-11.19875622,7.186341286,1
1455,833,-9.628045082,3.783345461,1
1455,865,-7.142444611,2.12446022,1
1455,897,-8.524167061,1.996481299,1
1455,929,-7.442640305,0.1770856977,1
1455,961,-7.537944794,-1.2517308,1
1455,993,NaN,NaN,2
1455,1025,-7.639985085,1.181070805,1
1455,1057,-6.782911301,-1.463766813,1
1455,1089,-6.349853992,-2.775707722,1
1455,1121,-8.227973938,-4.751142025,1
1455,1153,-7.117015839,-6.378073692,1
1455,1185,-6.681598186,-6.321755409,1
1455,1217,-4.858229637,-3.168651819,1
1455,1249,-2.934055328,-1.487635374,1
1455,1281,-0.7531987429,-0.8402627707,1
1455,1313,1.468519092,-0.8764402866,1
1455,1345,-0.5056403875,-3.548091412,1
1455,1377,0.01899427176,-2.067051411,1
1455,1409,0.7675318122,-1.929026127,1
1455,1441,2.035569191,-1.919054627,1
1455,1473,2.983355284,-1.752486587,1
1455,1505,1.238031507,-3.641039133,1
1455,1537,0.1857854724,-1.849403143,1
1455,1569,0.7520763874,-1.376175404,1
1455,1601,1.061363816,-1.893920779,1
1455,1633,0.7483416796,-1.959681392,1
1455,1665,0.4853166342,-1.836256146,1
1455,1697,0.2921187282,-0.7378422618,1
1455,1729,0.1079293489,1.537404895,1
1455,1761,1.579111934,3.746454716,1
1455,1793,0.7046573758,4.0374856,1
1455,1825,0.09968921542,3.726386547,1
1455,1857,NaN,NaN,2
1455,1889,-5.543129444,1.459687233,1
1455,1921,NaN,NaN,2
1455,1953,-1.43958497,0.5311983824,1
1455,1985,-1.163154602,0.09239943326,1
1455,2017,0.4595428705,-0.5401120782,1
1487,33,7.085454941,0.4815243483,1
1487,65,4.28074789,0.979820013,1
1487,97,3.618805885,2.458687544,1
1487,129,3.830706835,5.211863518,1
1487,161,4.088394642,5.191654682,1
1487,193,NaN,NaN,2
1487,225,5.79976368,-0.07812941074,1
1487,257,4.270181656,0.7685523033,1
1487,289,4.102510452,1.909347773,1
1487,321,3.030443192,2.750088692,1
1487,353,1.180009604,2.602829456,1
1487,385,-1.345222116,2.793148279,1
1487,417,-2.69739151,2.97986412,1
1487,449,-3.222229004,3.013972998,1
1487,481,-3.934815407,2.896978378,1
1487,513,-4.846464634,2.326756954,1
1487,545,-5.158599854,2.749766827,1
1487,577,-5.857065201,3.185577631,1
1487,609,-7.684523582,4.112410069,1
1487,641,-8.813622475,4.816914558,1
1487,673,-8.202009201,1.319483042,1
1487,705,-8.324052811,3.773231268,1
1487,737,-9.221308708,4.913064957,1
1487,769,-9.850993156,6.226251602,1
1487,801,-9.873756409,10.04267025,1
1487,833,-7.314220428,4.815981865,1
1487,865,-5.985825539,3.919417858,1
1487,897,-5.661372185,1.868341684,1
1487,929,-9.512708664,0.2116442174,1
1487,961,-8.853088379,-0.8225735426,1
1487,993,-6.515790462,-0.3412787914,1
1487,1025,-4.764190674,-0.5808999538,1
1487,1057,-7.350595474,-1.697501659,1
1487,1089,-6.741406918,-3.370854378,1
1487,1121,-7.757843971,-7.388604641,1
1487,1153,-7.581241131,-6.019543648,1
1487,1185,-6.746342659,-3.441054344,1
1487,1217,-5.889149666,-2.418152094,1
1487,1249,-6.363833427,-2.514985323,1
1487,1281,NaN,NaN,2
1487,1313,1.796536446,-3.594564915,1
1487,1345,0.4901068211,-4.160664558,1
1487,1377,-0.6709613204,-2.9553895,1
1487,1409,-0.001874983311,-3.268322468,1
1487,1441,1.128947973,-2.819537163,1
1487,1473,3.346191645,-1.99886322,1
1487,1505,1.731171846,-3.344137669,1
1487,1537,0.7584104538,-2.340818644,1
1487,1569,1.776278496,-2.097707748,1
1487,1601,1.201225758,-1.51673913,1
1487,1633,1.28515327,-1.377043962,1
1487,1665,1.098971367,-1.788642764,1
1487,1697,0.4414303303,-0.8510825634,1
1487,1729,0.8982282281,0.2279655635,1
1487,1761,0.6650629044,0.9406631589,1
1487,1793,0.9272613525,3.183236599,1
1487,1825,0.5852364302,2.555025578,1
1487,1857,0.1094646007,0.8468589783,1
1487,1889,0.3075009584,0.8332412243,1
1487,1921,-0.4565804601,0.9233767986,1
1487,1953,NaN,NaN,2
1487,1985,-4.024278164,0.4845403135,1
1487,2017,-0.2189859152,0.3245153427,1
1519,33,4.344382286,0.4951100945,1
1519,65,1.908460617,1.581627488,1
1519,97,2.069660902,2.32243371,1
1519,129,2.767917633,2.882208824,1
1519,161,2.166229486,2.721264839,1
1519,193,3.160124302,2.267644644,1
1519,225,4.473728657,1.507418156,1
1519,257,3.640003681,2.069058418,1
1519,289,3.478095531,2.402302027,1
1519,321,2.905139923,2.891297817,1
1519,353,2.73182559,3.795249462,1
1519,385,0.2574828863,3.677115679,1
1519,417,-2.523482084,3.461177349,1
1519,449,-3.337678671,3.606748581,1
1519,481,-3.711079597,3.4318223,1
1519,513,NaN,NaN,2
1519,545,NaN,NaN,2
1519,577,-8.701267242,5.999368668,1
1519,609,-8.903423309,3.68010807,1
1519,641,-8.136772156,3.760625839,1
1519,673,-8.484901428,1.464904308,1
1519,705,-9.464158058,1.980644464,1
1519,737,-10.90520287,4.082675934,1
1519,769,NaN,NaN,2
1519,801,-5.224994659,8.870493889,1
1519,833,-7.483110428,5.003025055,1
1519,865,-7.62074852,3.992837429,1
1519,897,NaN,NaN,2
1519,929,NaN,NaN,2
1519,961,-9.630475998,0.8145899773,1
1519,993,-6.83172226,-1.50057292,1
1519,1025,-8.330579758,-1.748758078,1
1519,1057,-9.941017151,-2.17669487,1
1519,1089,NaN,NaN,2
1519,1121,-11.01900196,-5.518006325,1
1519,1153,-8.572633743,-5.916713715,1
1519,1185,-7.418097973,-3.983359337,1
1519,1217,-5.76908493,-2.628368139,1
1519,1249,-4.332259178,-2.370841742,1
1519,1281,-6.912677765,-4.324648857,1
1519,1313,NaN,NaN,2
1519,1345,-0.9963057041,-2.711955547,1
1519,1377,-1.505173206,-2.78424716,1
1519,1409,-0.6467513442,-2.743666649,1
1519,1441,-0.4024708271,-3.706223726,1
1519,1473,-0.8994851112,-4.793335438,1
1519,1505,-1.257416487,-2.801804066,1
1519,1537,1.66645813,-1.743456364,1
1519,1569,1.882411003,-1.607667804,1
1519,1601,1.348139405,-1.986884117,1
1519,1633,1.437583685,-2.423485279,1
1519,1665,1.847014904,-1.913683295,1
1519,1697,4.504376411,-2.700442314,1
1519,1729,5.331075668,-0.8302156925,1
1519,1761,2.381504059,0.2974350452,1
1519,1793,1.178316951,1.7916466,1
1519,1825,-0.1789044738,1.542852879,1
1519,1857,-0.990588367,0.6387366056,1
1519,1889,0.1713137925,-0.09190544486,1
1519,1921,0.5416873693,0.2751340866,1
1519,1953,-1.33101964,-0.08197167516,1
1519,1985,-2.366006374,0.4635817111,1
1519,2017,-2.248727322,0.3544020653,1
1551,33,4.221805573,-0.2879784107,1
1551,65,-0.3377344608,1.666852713,1
1551,97,-0.6886775494,2.836637735,1
1551,129,0.967017889,3.163289309,1
1551,161,1.730967283,2.951558352,1
1551,193,4.002980709,2.331712723,1
1551,225,5.632534504,2.305462122,1
1551,257,4.232324123,3.316931248,1
1551,289,NaN,NaN,2
1551,321,0.4902973175,2.637634754,1
1551,353,-0.0687019825,3.766033649,1
1551,385,-1.003470421,3.431315899,1
1551,417,-2.234716892,3.184643984,1
1551,449,-2.825489759,3.558419704,1
1551,481,NaN,NaN,2
1551,513,-7.176499367,10.67335892,1
1551,545,-7.698740959,10.59318352,1
1551,577,-8.757940292,5.165132523,1
1551,609,-8.973213196,4.3312397,1
1551,641,-7.983054638,3.817899704,1
1551,673,-8.657439232,2.758387089,1
1551,705,-11.21245003,3.56649518,1
1551,737,-9.063685417,10.67670441,1
1551,769,-6.142177582,10.55066776,1
1551,801,-7.825484276,8.679055214,1
1551,833,-6.821286201,5.596363068,1
1551,865,-8.464789391,2.640675068,1
1551,897,-8.388814926,1.037363291,1
1551,929,NaN,NaN,2
1551,961,-6.964553833,-0.3130622506,1
1551,993,-7.382279396,-2.627691031,1
1551,1025,-9.017705917,-3.503846169,1
1551,1057,-9.502620697,-2.924346685,1
1551,1089,-9.069340706,-2.964622259,1
1551,1121,-8.62932682,-6.097119808,1
1551,1153,-7.622928143,-6.585716248,1
1551,1185,-6.194060802,-3.950377941,1
1551,1217,-4.899286747,-3.593187571,1
1551,1249,-3.489121675,-3.011078358,1
1551,1281,-2.934957027,-2.740230083,1
1551,1313,NaN,NaN,2
1551,1345,NaN,NaN,2
1551,1377,-1.875060558,-3.458146572,1
1551,1409,0.1644667536,-0.5322422981,1
1551,1441,1.207204819,-3.379170895,1
1551,1473,1.74317646,-3.693190098,1
1551,1505,3.012640953,-1.655236244,1
1551,1537,1.713650227,-1.813967705,1
1551,1569,0.7013428211,-1.187629819,1
1551,1601,1.279987454,-4.647480965,1
1551,1633,1.262328506,-3.439260006,1
1551,1665,1.056147218,-1.327616453,1
1551,1697,2.929566145,-1.413730025,1
1551,1729,4.800843716,-1.025392771,1
1551,1761,4.099152088,-0.1803885102,1
1551,1793,0.8801305294,-1.15343821,1
1551,1825,-0.5664878488,-0.8114387989,1
1551,1857,-0.8585559726,-0.2686246634,1
1551,1889,0.4074644744,-0.756059885,1
1551,1921,0.8789765835,0.02963632345,1
1551,1953,0.4381307065,0.7995871305,1
1551,1985,-1.564134359,0.8507841825,1
1551,2017,-2.428995371,-0.636167407,1
1583,33,NaN,NaN,2
1583,65,2.047162533,4.324174881,1
1583,97,0.4948292375,5.091989517,1
1583,129,NaN,NaN,2
1583,161,NaN,NaN,2
1583,193,6.454521179,2.064934254,1
1583,225,7.914962292,2.043513536,1
1583,257,6.082262039,3.270839691,1
1583,289,2.758194685,2.502909184,1
1583,321,0.07091170549,0.5582544804,1
1583,353,-1.229861498,2.441787958,1
1583,385,-1.521946311,2.611160994,1
1583,417,-1.757121682,2.166109085,1
1583,449,0.8162097931,2.912281275,1
1583,481,-1.603119135,7.860136032,1
1583,513,-5.976338863,11.83767128,1
1583,545,-8.389658928,12.56827354,1
1583,577,-8.341752052,4.821427345,1
1583,609,-8.104402542,4.698130608,1
1583,641,-6.999823093,4.035715103,1
1583,673,-8.139210701,3.667579412,1
1583,705,-8.86784935,4.022859573,1
1583,737,-9.519953728,8.82777977,1
1583,769,-10.74546337,7.923538208,1
1583,801,-11.43063736,8.678634644,1
1583,833,-9.134350777,7.517674446,1
1583,865,-7.987792969,1.89509356,1
1583,897,-8.593870163,1.227051377,1
1583,929,-11.00206947,0.5589386225,1
1583,961,-8.363903046,-2.628586531,1
1583,993,-9.185941696,-3.27254653,1
1583,1025,-9.560631752,-4.03427124,1
1583,1057,-9.19354248,-3.579467058,1
1583,1089,-8.484156609,-2.865720749,1
1583,1121,-7.40275526,-4.113957405,1
1583,1153,-6.145273209,-4.907628059,1
1583,1185,-5.182938576,-4.022040367,1
1583,1217,-3.542365074,-3.688369989,1
1583,1249,-2.349424362,-3.162449837,1
1583,1281,-1.308424711,-2.54064846,1
1583,1313,-3.162288904,-1.520284176,1
1583,1345,-4.337659836,-3.25843811,1
1583,1377,-1.332202077,-3.660764217,1
1583,1409,0.2474044263,-3.820590734,1
1583,1441,2.340373755,-4.910660267,1
1583,1473,2.27601409,-5.297698021,1
1583,1505,1.009252667,-4.769503593,1
1583,1537,-0.7660660744,-4.736578465,1
1583,1569,0.326069653,-3.891012907,1
1583,1601,0.6628632545,-0.5945494175,1
1583,1633,0.3401067853,-0.9305300713,1
1583,1665,-0.1434338093,-1.094393015,1
1583,1697,0.424010098,-0.4991085529,1
1583,1729,1.229720354,-1.050227523,1
1583,1761,4.152096748,-2.534380436,1
1583,1793,1.096516728,-4.648970604,1
1583,1825,-0.1231887639,-4.622189522,1
1583,1857,-0.3454629481,-1.64197135,1
1583,1889,-0.3153917789,-0.6284134388,1
1583,1921,-0.4855315685,0.1701879352,1
1583,1953,-1.273337007,1.898954749,1
1583,1985,-0.7622172236,0.369890362,1
1583,2017,-1.613279343,-1.140146613,1
1615,33,1.68247509,0.7535583973,1
1615,65,2.233812571,4.4288764,1
1615,97,3.289403439,6.145047188,1
1615,129,4.056348801,6.038327217,1
1615,161,6.112112045,5.744361877,1
1615,193,7.775496006,3.513458967,1
1615,225,6.67456913,4.404395103,1
1615,257,4.957283497,3.19124651,1
1615,289,2.102334738,1.829862356,1
1615,321,0.2186105847,0.6086771488,1
1615,353,-1.293863058,1.558088899,1
1615,385,-1.689734697,1.566864491,1
1615,417,-1.39956212,1.074010372,1
1615,449,-0.1630501747,1.699336529,1
1615,481,-0.2835941315,5.62505722,1
1615,513,-5.449318409,11.10204506,1
1615,545,NaN,NaN,2
1615,577,-6.874656677,4.884829998,1
1615,609,-8.901926994,6.880353451,1
1615,641,-7.168284416,4.755791187,1
1615,673,-7.133764267,4.673420906,1
1615,705,-7.845162392,4.417778015,1
1615,737,-9.771464348,7.257451534,1
1615,769,-10.40775394,8.352807999,1
1615,801,-10.46448231,8.746084213,1
1615,833,NaN,NaN,2
1615,865,-8.360519409,1.433537245,1
1615,897,-10.93826485,0.6660933495,1
1615,929,NaN,NaN,2
1615,961,NaN,NaN,2
1615,993,-12.22482395,-2.609529972,1
1615,1025,-9.939248085,-4.501327515,1
1615,1057,-8.608487129,-5.493320465,1
1615,1089,NaN,NaN,2
1615,1121,-8.007760048,-4.183819771,1
1615,1153,-4.593165398,-3.588545322,1
1615,1185,-4.798697472,-1.954383373,1
1615,1217,-3.820777893,-3.309748411,1
1615,1249,-3.229259253,-3.178473711,1
1615,1281,-2.488550663,-2.111927509,1
1615,1313,-3.379192114,-1.693392277,1
1615,1345,-1.845405579,-3.245957851,1
1615,1377,-0.850787282,-3.494544744,1
1615,1409,0.2549438477,-3.906246662,1
1615,1441,1.576972961,-4.346208096,1
1615,1473,1.276461244,-5.462405205,1
1615,1505,0.3124015927,-3.916090488,1
1615,1537,0.5163267851,-4.235030174,1
1615,1569,NaN,NaN,2
1615,1601,0.5380291343,1.254696846,1
1615,1633,0.1257882118,-0.1357804537,1
1615,1665,-0.4925311208,-0.7099883556,1
1615,1697,0.3301429152,-1.53804636,1
1615,1729,3.280455589,-4.499781609,1
1615,1761,4.029580593,-3.479061842,1
1615,1793,2.399992466,-5.248628616,1
1615,1825,-0.3433328867,-3.607861042,1
1615,1857,0.04617923498,-1.631846786,1
1615,1889,-0.3448875546,-0.2340996265,1
1615,1921,-1.097024441,0.1243950129,1
1615,1953,-0.4294403791,0.08558242768,1
1615,1985,-0.7696838975,0.2552140951,1
1615,2017,-0.6226158142,-0.6863965392,1
1647,33,NaN,NaN,2
1647,65,NaN,NaN,2
1647,97,6.277112007,4.248565674,1
1647,129,4.220261574,6.622750282,1
1647,161,4.48290205,4.842772484,1
1647,193,5.530060768,4.474000454,1
1647,225,4.488469601,3.326052189,1
1647,257,3.281818867,2.582496405,1
1647,289,1.544651508,2.029624462,1
1647,321,0.1219424158,1.236819267,1
1647,353,-1.035983562,1.284283519,1
1647,385,-0.474421382,0.6031082869,1
1647,417,-1.042204499,0.4428246021,1
1647,449,-2.17151618,0.9269804955,1
1647,481,NaN,NaN,2
1647,513,NaN,NaN,2
1647,545,-7.131062031,3.694602966,1
1647,577,-6.371266365,4.697476864,1
1647,609,-7.30043745,6.019212246,1
1647,641,-7.920489311,8.485782623,1
1647,673,-7.231972694,6.218770981,1
1647,705,-6.974406719,4.142756462,1
1647,737,-7.029272079,4.853934288,1
1647,769,-7.561245441,8.574749947,1
1647,801,-9.818994522,7.80993557,1
1647,833,NaN,NaN,2
1647,865,-18.58222961,1.598377466,1
1647,897,-16.08184814,-1.451593399,1
1647,929,-15.79539776,0.4455236197,1
1647,961,-11.58649731,-3.558638573,1
1647,993,-13.57339382,-5.537168503,1
1647,1025,-12.25683403,-5.053425789,1
1647,1057,-8.86572361,-6.162847519,1
1647,1089,NaN,NaN,2
1647,1121,-6.88586235,-4.010338306,1
1647,1153,-5.984120846,-1.795002699,1
1647,1185,-4.573850155,-0.1480355263,1
1647,1217,-4.641256332,-1.494280815,1
1647,1249,-4.466569901,-3.618224144,1
1647,1281,-4.996085644,-4.480381966,1
1647,1313,-4.579610825,-3.469406843,1
1647,1345,-1.015796065,-1.604599237,1
1647,1377,-0.5142300725,-2.740410805,1
1647,1409,0.1286729872,-4.847042084,1
1647,1441,0.8741440177,-4.814179897,1
1647,1473,1.057890773,-4.054808617,1
1647,1505,NaN,NaN,2
1647,1537,0.9330144525,-1.641467333,1
1647,1569,0.7745877504,-3.292438269,1
1647,1601,0.8829592466,1.751512885,1
1647,1633,0.4211743474,2.022198677,1
1647,1665,-1.027740955,-0.3347722888,1
1647,1697,0.8183457851,-2.221219063,1
1647,1729,2.476933718,-3.178601265,1
1647,1761,1.518761277,-2.077718496,1
1647,1793,0.8374859095,-2.054335117,1
1647,1825,0.2860162258,-1.612908959,1
1647,1857,0.179739207,-0.6563698053,1
1647,1889,-0.001949429512,0.05501960218,1
1647,1921,-0.4442337751,0.2838812768,1
1647,1953,NaN,NaN,2
1647,1985,-0.9224103689,0.2182517052,1
1647,2017,-0.124390617,-0.359886229,1
1679,33,3.961894035,0.4968834519,1
1679,65,NaN,NaN,2
1679,97,7.887233734,3.337703705,1
1679,129,5.377958775,4.454789639,1
1679,161,4.477041721,4.539241791,1
1679,193,4.246407032,4.96222496,1
1679,225,3.923020124,5.633210182,1
1679,257,1.11943841,3.974720478,1
1679,289,0.1847140789,2.491604805,1
1679,321,-0.2728011608,1.754598618,1
1679,353,-0.8424731493,-0.2122203112,1
1679,385,1.021855116,-0.4270522594,1
1679,417,-1.174665213,1.786017418,1
1679,449,-3.15578413,2.603096008,1
1679,481,NaN,NaN,2
1679,513,NaN,NaN,2
1679,545,-5.118033886,3.88963604,1
1679,577,-5.506255627,4.831014633,1
1679,609,-6.262888908,6.551208496,1
1679,641,-9.264190674,7.232492447,1
1679,673,-9.157674789,4.269433498,1
1679,705,-7.370131969,3.083163023,1
1679,737,-6.313541412,2.748744249,1
1679,769,-4.654746056,1.371261835,1
1679,801,-6.604943275,2.709284306,1
1679,833,NaN,NaN,2
1679,865,-18.1811161,5.021911621,1
1679,897,-12.82431412,2.662129402,1
1679,929,-12.61423397,-2.120486975,1
1679,961,-14.42159557,-3.788742542,1
1679,993,-13.48161983,-6.175403118,1
1679,1025,-14.60788155,-3.748167515,1
1679,1057,-13.38819504,-4.482060909,1
1679,1089,NaN,NaN,2
1679,1121,-12.50428104,-1.191808701,1
1679,1153,NaN,NaN,2
1679,1185,NaN,NaN,2
1679,1217,-5.189577103,-2.814169645,1
1679,1249,-4.859277248,-3.854416847,1
1679,1281,-5.672242165,-3.748817205,1
1679,1313,-4.361931324,-2.326408386,1
1679,1345,-1.829708934,-2.000218868,1
1679,1377,-2.123366833,-1.887708664,1
1679,1409,-2.354255915,-6.425061226,1
1679,1441,NaN,NaN,2
1679,1473,2.096298695,-4.245079041,1
1679,1505,2.334439039,-3.28559947,1
1679,1537,1.65086484,-2.633053303,1
1679,1569,4.814823151,-2.809391975,1
1679,1601,5.410022259,-1.338037133,1
1679,1633,3.543143272,3.67697978,1
1679,1665,0.9020667076,0.2471461892,1
1679,1697,1.316905975,-0.6864854097,1
1679,1729,1.949963808,-1.212364435,1
1679,1761,1.759760141,-1.395470262,1
1679,1793,0.8476331234,-1.507678151,1
1679,1825,-0.2923573256,-0.9858456254,1
1679,1857,-0.4344135523,-0.5943202376,1
1679,1889,0.4621186256,-0.2232297659,1
1679,1921,1.187906027,-0.03475225717,1
1679,1953,-0.1741899252,-1.2015239,1
1679,1985,-1.024014831,-0.4212281406,1
1679,2017,-0.1228448153,-0.4665912092,1
1711,33,3.139621258,0.1164091825,1
1711,65,3.360755682,0.9963414669,1
1711,97,4.62691164,1.893100262,1
1711,129,5.136680126,4.020666122,1
1711,161,4.543750763,4.503507614,1
1711,193,1.677562237,3.596174717,1
1711,225,1.280984282,6.333806992,1
1711,257,-0.4004859328,5.50613308,1
1711,289,-2.228937864,4.497273922,1
1711,321,-0.6510070562,2.482496977,1
1711,353,NaN,NaN,2
1711,385,NaN,NaN,2
1711,417,-1.18253541,3.315822124,1
1711,449,-3.649713993,3.492614746,1
1711,481,-6.469893932,3.216662645,1
1711,513,-4.94699955,2.81299758,1
1711,545,-4.92600441,2.54652524,1
1711,577,-5.314210892,5.062647343,1
1711,609,-6.358154297,7.376457214,1
1711,641,-9.055440903,6.818627357,1
1711,673,-9.11354351,4.317986012,1
1711,705,-7.699597359,2.729389668,1
1711,737,-6.580439568,2.361092806,1
1711,769,NaN,NaN,2
1711,801,NaN,NaN,2
1711,833,-8.445184708,2.312196732,1
1711,865,-8.72219944,3.922350645,1
1711,897,-9.103288651,4.139977455,1
1711,929,-10.17077827,-1.47838366,1
1711,961,-11.57225609,-2.095336199,1
1711,993,-11.59327507,-4.397415161,1
1711,1025,-11.03808212,-1.580451608,1
1711,1057,-10.49039936,-3.139185667,1
1711,1089,-8.556596756,-2.8704741,1
1711,1121,-12.42684174,-1.418566704,1
1711,1153,NaN,NaN,2
1711,1185,NaN,NaN,2
1711,1217,-5.222922325,-3.589912891,1
1711,1249,-4.86523056,-4.919114113,1
1711,1281,-4.289168358,-3.672419548,1
1711,1313,-2.884005785,-1.897215128,1
1711,1345,-1.242143989,-3.572716713,1
1711,1377,-0.8752874732,-3.699569702,1
1711,1409,-1.409979105,-3.879673958,1
1711,1441,NaN,NaN,2
1711,1473,1.199990273,-2.309054375,1
1711,1505,1.741456747,-1.796836138,1
1711,1537,6.182672977,-4.880001068,1
1711,1569,6.248063087,-2.277300835,1
1711,1601,5.724506378,-1.141586304,1
1711,1633,4.389308453,3.469260693,1
1711,1665,4.281722546,2.857969761,1
1711,1697,4.992747307,0.9850930572,1
1711,1729,2.530409336,-0.3695206642,1
1711,1761,3.873869181,-0.9253989458,1
1711,1793,1.14806211,-0.424819231,1
1711,1825,-0.08615750074,-0.5343828797,1
1711,1857,0.2017122209,-1.922930717,1
1711,1889,1.240406275,-1.376897097,1
1711,1921,3.268352985,-0.5210926533,1
1711,1953,3.904188633,-0.9315804243,1
1711,1985,0.5386904478,-0.5772743821,1
1711,2017,-1.491407752,-0.274273634,1
1743,33,4.164903641,0.0152977705,1
1743,65,2.062480688,1.591117501,1
1743,97,2.01355648,2.371292591,1
1743,129,3.015425205,6.576008797,1
1743,161,2.918621063,4.770471573,1
1743,193,1.480352879,2.909736633,1
1743,225,0.1076359153,3.536817551,1
1743,257,-0.7809204459,3.620551109,1
1743,289,-1.25813663,4.29920435,1
1743,321,-2.806321144,2.657867908,1
1743,353,NaN,NaN,2
1743,385,-4.77665472,-1.601863861,1
1743,417,-4.153151512,-0.5137853622,1
1743,449,-4.197232246,3.06205821,1
1743,481,-5.320224762,3.149826765,1
1743,513,-5.512824535,2.251689911,1
1743,545,-5.499583244,2.097566366,1
1743,577,-5.813288689,4.598397732,1
1743,609,-6.428920746,6.169490814,1
1743,641,-8.197471619,6.562758923,1
1743,673,-8.204888344,4.733520031,1
1743,705,-7.12511301,2.926162481,1
1743,737,-4.401292801,1.624405622,1
1743,769,-3.362999439,0.2323782444,1
1743,801,-8.049483299,1.692761898,1
1743,833,-9.541576385,2.483661652,1
1743,865,-8.144545555,4.762797356,1
1743,897,NaN,NaN,2
1743,929,-8.111268997,0.4322000742,1
1743,961,-8.541381836,-0.3477248847,1
1743,993,-7.047852516,0.5885438919,1
1743,1025,-9.188408852,-0.4412692785,1
1743,1057,-9.23673439,-1.881507039,1
1743,1089,-8.712379456,-2.916498661,1
1743,1121,-7.517531395,-2.166579723,1
1743,1153,-6.533559322,-0.5669219494,1
1743,1185,-3.513985157,0.5440540314,1
1743,1217,-4.437400818,-1.163389683,1
1743,1249,-4.975331306,-4.733650208,1
1743,1281,-4.393672943,-4.485836983,1
1743,1313,-1.978296757,-2.750665665,1
1743,1345,-0.1273621917,-4.803360939,1
1743,1377,0.5462766886,-5.578804016,1
1743,1409,2.36968565,-2.323806286,1
1743,1441,1.471713185,-1.941423178,1
1743,1473,2.096568584,-1.917749643,1
1743,1505,2.091465712,-1.868718863,1
1743,1537,3.291264057,-4.975103378,1
1743,1569,6.318809509,-2.970911503,1
1743,1601,5.635149002,-1.456440449,1
1743,1633,4.2797575,1.369761229,1
1743,1665,4.415202141,1.778613567,1
1743,1697,4.961063385,0.5300521851,1
1743,1729,4.952628136,-0.9605456591,1
1743,1761,2.877565861,-1.5523839,1
1743,1793,0.9409151077,0.5473691225,1
1743,1825,0.1622416973,-0.08342850208,1
1743,1857,1.915669203,-1.281181455,1
1743,1889,5.400051117,-0.6867281199,1
1743,1921,6.200561523,-1.379474878,1
1743,1953,5.205760002,-1.595988274,1
1743,1985,4.048863411,-0.4665732682,1
1743,2017,-0.2461965084,0.1252879202,1
1775,33,1.10562253,0.6076447964,1
1775,65,1.260142565,1.555442452,1
1775,97,1.631996274,2.052008152,1
1775,129,-0.1324740648,3.08298111,1
1775,161,0.6408920288,5.95344305,1
1775,193,0.8515396118,2.235756397,1
1775,225,1.061726809,-0.2170264721,1
1775,257,-0.2083243728,1.941004038,1
1775,289,-1.253382325,2.219907045,1
1775,321,-1.7085253,2.448489666,1
1775,353,-1.960966229,1.876004457,1
1775,385,-1.936571598,2.266801119,1
1775,417,-2.381559372,0.5951519012,1
1775,449,-3.88008523,1.844244957,1
1775,481,-4.494767189,2.688486338,1
1775,513,-5.335631371,1.48466301,1
1775,545,-5.951984406,0.1478424072,1
1775,577,NaN,NaN,2
1775,609,NaN,NaN,2
1775,641,-8.809934616,5.969599724,1
1775,673,-7.388941765,4.052363396,1
1775,705,-7.151818275,3.399154186,1
1775,737,-7.287503242,2.543602943,1
1775,769,-6.165431499,0.1955318451,1
1775,801,-8.403860092,2.262754679,1
1775,833,-8.823278427,2.210065365,1
1775,865,-7.794320583,2.171627522,1
1775,897,-6.429864407,1.992462993,1
1775,929,-6.623139858,0.9969148636,1
1775,961,-5.72077179,1.285759926,1
1775,993,NaN,NaN,2
1775,1025,-7.699438095,2.724076509,1
1775,1057,-7.908716202,-1.159816742,1
1775,1089,-8.366811752,-2.769634247,1
1775,1121,-7.44365406,-1.913001537,1
1775,1153,-6.442682266,1.263659,1
1775,1185,-5.12919569,-1.876707077,1
1775,1217,-4.653379917,-2.08865571,1
1775,1249,-3.944561243,-2.365964413,1
1775,1281,-3.879752636,-4.20674324,1
1775,1313,-1.663515568,-4.177946091,1
1775,1345,-0.1494368613,-6.681671619,1
1775,1377,NaN,NaN,2
1775,1409,1.976102829,-0.6155344248,1
1775,1441,2.088624239,-0.5396955013,1
1775,1473,1.805211544,-1.416137218,1
1775,1505,1.681406379,-1.758214593,1
1775,1537,1.887049198,-1.767474413,1
1775,1569,2.569257021,-3.205190659,1
1775,1601,3.089613199,-1.333205938,1
1775,1633,3.284608364,-0.4712619781,1
1775,1665,3.556910038,1.302988291,1
1775,1697,4.960033417,0.4447877407,1
1775,1729,3.225483418,-0.831458807,1
1775,1761,2.013960361,-1.393038511,1
1775,1793,1.949781537,-0.5974968076,1
1775,1825,4.475381851,2.260786533,1
1775,1857,4.738761425,-0.2713180482,1
1775,1889,NaN,NaN,2
1775,1921,1.359500647,0.5839366317,1
1775,1953,2.211265326,-0.7982234955,1
1775,1985,2.666552782,-0.2545870543,1
1775,2017,0.8734360933,0.1237700284,1
1807,33,-0.4504013062,1.280234337,1
1807,65,-0.1716468334,1.066854358,1
1807,97,2.674794197,1.181175947,1
1807,129,0.6376078725,1.830235243,1
1807,161,0.5671848059,4.057799339,1
1807,193,0.7623174191,3.137622833,1
1807,225,0.9441982508,1.033272743,1
1807,257,-0.117700845,0.9609388113,1
1807,289,-0.9780635238,0.8967244625,1
1807,321,-1.78822124,2.318838835,1
1807,353,-1.608861685,3.080336332,1
1807,385,-1.718544245,5.631266594,1
1807,417,-1.981503248,3.50562644,1
1807,449,-2.987727404,1.158160448,1
1807,481,-3.673060417,2.150966167,1
1807,513,-5.451993465,0.2226743698,1
1807,545,-6.918953419,1.494794369,1
1807,577,-8.2531147,3.064451933,1
1807,609,-9.176823616,2.172014952,1
1807,641,-11.70095444,5.596556664,1
1807,673,-7.365477085,3.993221998,1
1807,705,-7.012321472,3.583270311,1
1807,737,-7.28796196,3.13487792,1
1807,769,-7.576710224,2.497818947,1
1807,801,-8.146079063,2.228796721,1
1807,833,-8.370758057,2.34673214,1
1807,865,-7.530952454,1.940768123,1
1807,897,-5.53531599,-0.2653524876,1
1807,929,NaN,NaN,2
1807,961,-6.888813972,3.414550781,1
1807,993,NaN,NaN,2
1807,1025,-6.590033531,3.226853609,1
1807,1057,-7.352382183,-0.4601641893,1
1807,1089,-7.276345253,-1.625779271,1
1807,1121,-6.908848286,-1.513235569,1
1807,1153,-8.149142265,0.2551459074,1
1807,1185,-6.136960983,-1.002950191,1
1807,1217,-3.977581501,-1.703640223,1
1807,1249,-4.299458504,-2.039022446,1
1807,1281,-4.056336403,-3.626562595,1
1807,1313,-0.4277619123,-4.293582916,1
1807,1345,0.5991106033,-2.891135454,1
1807,1377,3.035204887,0.5133401155,1
1807,1409,5.130942345,-0.3862156868,1
1807,1441,5.286980629,-0.5711157322,1
1807,1473,2.875609636,-1.185351729,1
1807,1505,1.402558923,-1.560584664,1
1807,1537,0.9843513966,-1.397649527,1
1807,1569,0.6643118858,-0.3523911238,1
1807,1601,1.0315485,-0.2534099817,1
1807,1633,1.765103579,-0.7997386456,1
1807,1665,2.754977703,-0.4112343788,1
1807,1697,3.392515421,-0.06687891483,1
1807,1729,1.688952208,-0.5689658523,1
1807,1761,1.538893342,-0.350582391,1
1807,1793,1.895705342,-0.3252712488,1
1807,1825,5.090499401,2.85119772,1
1807,1857,2.259646654,0.957908988,1
1807,1889,1.542986512,0.6043065786,1
1807,1921,0.6909387112,0.6694281101,1
1807,1953,0.1627182961,-0.1110457778,1
1807,1985,-0.04873144627,-0.3705100417,1
1807,2017,0.9882259369,-0.697712481,1
1839,33,0.1480075121,1.732064009,1
1839,65,0.6277023554,0.1775507927,1
1839,97,1.327085018,0.2865319252,1
1839,129,1.16136241,1.351533651,1
1839,161,0.8544842005,3.8116889,1
1839,193,0.6347295046,3.02612114,1
1839,225,0.2489871681,0.9424359798,1
1839,257,-0.01071274281,0.81163311,1
1839,289,-0.5571658611,3.367861271,1
1839,321,-1.518610835,4.449679375,1
1839,353,-1.724347234,4.245649815,1
1839,385,-1.93244648,7.039545536,1
1839,417,-2.410204172,5.935479641,1
1839,449,-2.933844328,2.339341879,1
1839,481,-2.859158516,1.508846998,1
1839,513,-4.075259209,3.980768204,1
1839,545,-5.639010906,2.894342422,1
1839,577,-5.501142979,3.421611309,1
1839,609,NaN,NaN,2
1839,641,-7.391998768,4.46336174,1
1839,673,-6.651536942,4.279520988,1
1839,705,-6.729820728,3.916327,1
1839,737,-7.090316296,3.401716232,1
1839,769,-7.464441776,2.571317434,1
1839,801,-7.634225368,2.098000765,1
1839,833,-7.797158241,2.08406496,1
1839,865,-7.379004002,1.562907696,1
1839,897,-7.326806068,-0.3222749233,1
1839,929,-8.023602486,-0.8430470228,1
1839,961,NaN,NaN,2
1839,993,-3.736719131,0.4003602862,1
1839,1025,NaN,NaN,2
1839,1057,NaN,NaN,2
1839,1089,-6.566839695,-0.6518985033,1
1839,1121,-6.475576401,-1.066079497,1
1839,1153,-7.75102663,-0.9550350904,1
1839,1185,-5.667059898,-1.620655179,1
1839,1217,-4.560484886,-3.072028875,1
1839,1249,-3.613320112,-2.286867142,1
1839,1281,-3.423482895,-2.019908905,1
1839,1313,-1.051675677,-1.141795397,1
1839,1345,0.7933775783,-0.5412728786,1
1839,1377,4.814297199,0.05389761925,1
1839,1409,5.349817753,-0.633972764,1
1839,1441,4.661290646,-1.433111072,1
1839,1473,4.814325809,-1.302009344,1
1839,1505,2.812745571,-1.627394319,1
1839,1537,0.669895649,-1.162560701,1
1839,1569,1.018214345,-0.3205478191,1
1839,1601,1.539227486,-1.527757168,1
1839,1633,2.242638588,-4.134289265,1
1839,1665,3.358556986,-1.368505001,1
1839,1697,2.911626816,-0.5972819328,1
1839,1729,1.866235733,-0.3413044214,1
1839,1761,1.675998688,0.5957205296,1
1839,1793,1.922022343,-0.128148362,1
1839,1825,3.948354006,-0.03524044156,1
1839,1857,2.061785698,-0.4550924301,1
1839,1889,0.6970849037,-0.5397940874,1
1839,1921,-0.2451887131,-0.4027305841,1
1839,1953,NaN,NaN,2
1839,1985,NaN,NaN,2
1839,2017,1.122915983,-1.19182384,1
1871,33,0.1517139673,1.998237848,1
1871,65,0.2251214981,0.04530966282,1
1871,97,0.2682160735,-0.03662335873,1
1871,129,0.7341769934,4.059447289,1
1871,161,0.5654527545,5.30667448,1
1871,193,-0.1448198557,2.973950863,1
1871,225,-0.1820267439,0.2107378244,1
1871,257,-0.1663111746,-0.303699851,1
1871,289,0.2489806712,4.027247429,1
1871,321,0.4364572167,5.976696968,1
1871,353,-0.9944162369,5.072264671,1
1871,385,-2.948853016,6.000972748,1
1871,417,-4.339091778,6.71190691,1
1871,449,-3.732738495,2.551245213,1
1871,481,-4.23589325,2.469820023,1
1871,513,NaN,NaN,2
1871,545,-4.047345638,2.205897093,1
1871,577,-4.225773335,3.25740099,1
1871,609,NaN,NaN,2
1871,641,-5.670203209,4.735475063,1
1871,673,-5.878861427,4.676875591,1
1871,705,-6.655670166,4.887279987,1
1871,737,-7.305140495,3.808248997,1
1871,769,-7.505498409,1.072009802,1
1871,801,-7.627561569,1.251499295,1
1871,833,-7.988059521,2.278420687,1
1871,865,-7.971006393,2.145815134,1
1871,897,-7.857538223,1.613642812,1
1871,929,NaN,NaN,2
1871,961,-10.59912968,0.9284203053,1
1871,993,-8.228271484,1.56035006,1
1871,1025,-5.232470512,1.326204181,1
1871,1057,-5.011523247,-0.2724051476,1
1871,1089,-5.20494318,-0.0595356822,1
1871,1121,-6.638924599,0.1699525118,1
1871,1153,-6.90754509,-3.899236202,1
1871,1185,-6.570552826,-3.377804756,1
1871,1217,-5.721005917,-1.333027124,1
1871,1249,-4.045591354,-2.218384743,1
1871,1281,-1.732554078,-1.26581645,1
1871,1313,0.9809840918,-0.4408795834,1
1871,1345,3.551937103,-0.9407168627,1
1871,1377,1.270433903,-1.346919894,1
1871,1409,1.788392425,-0.7256836891,1
1871,1441,1.418419957,-1.226753235,1
1871,1473,2.177666187,-2.09132576,1
1871,1505,2.720400333,-1.444905639,1
1871,1537,2.217709541,-1.087243795,1
1871,1569,1.802630544,-1.609972835,1
1871,1601,NaN,NaN,2
1871,1633,2.729315758,-4.962505341,1
1871,1665,3.273005962,-2.373131514,1
1871,1697,1.6739223,-0.7967355847,1
1871,1729,1.085855484,-0.0238533318,1
1871,1761,NaN,NaN,2
1871,1793,2.779988289,-0.5916585922,1
1871,1825,3.848822594,-0.3320085406,1
1871,1857,2.666272879,-0.3537504971,1
1871,1889,1.720234752,-0.5766226053,1
1871,1921,0.6333400011,-0.07958686352,1
1871,1953,NaN,NaN,2
1871,1985,5.992200851,-2.953953266,1
1871,2017,2.698207378,-0.8600986004,1
1903,33,-0.2847195268,2.07827878,1
1903,65,-0.4070135951,-0.1168550253,1
1903,97,0.006037890911,0.3191121221,1
1903,129,-0.1127405763,0.2943986058,1
1903,161,NaN,NaN,2
1903,193,NaN,NaN,2
1903,225,0.1376319528,-0.2469757795,1
1903,257,0.1719117016,0.09229487181,1
1903,289,0.9023661613,2.568765879,1
1903,321,1.393575191,5.167973995,1
1903,353,-0.1146043539,6.619855404,1
1903,385,-4.425889969,5.639855385,1
1903,417,-6.491481781,4.829847336,1
1903,449,-6.999876499,3.878599644,1
1903,481,-6.520775795,2.630484819,1
1903,513,-6.416213512,2.936377525,1
1903,545,-5.405460358,2.755660772,1
1903,577,-4.648507595,3.424494505,1
1903,609,-5.317892551,4.60232687,1
1903,641,-5.714147091,4.45420599,1
1903,673,-6.156166077,4.186126232,1
1903,705,-7.198377609,2.905571699,1
1903,737,-8.806096077,0.740575552,1
1903,769,-7.880015373,0.5054093599,1
1903,801,-7.919190884,1.083763599,1
1903,833,-8.124500275,2.198531151,1
1903,865,-7.965276718,2.033683777,1
1903,897,-7.835167885,1.926433802,1
1903,929,NaN,NaN,2
1903,961,-10.47598457,1.210897684,1
1903,993,-9.189271927,0.2933737636,1
1903,1025,-7.181405544,-0.07300896943,1
1903,1057,-4.762243748,-0.8635033369,1
1903,1089,-5.648377419,0.1722098291,1
1903,1121,-6.378912926,0.6761117578,1
1903,1153,-7.814932823,-0.8400039673,1
1903,1185,-8.175624847,-0.4036813974,1
1903,1217,-5.944660664,0.4290121794,1
1903,1249,-3.027183294,-0.3321657181,1
1903,1281,-0.7740389109,-1.050037861,1
1903,1313,0.7575689554,-1.170459151,1
1903,1345,-0.2810400128,-3.296174049,1
1903,1377,0.3392781019,-1.471123338,1
1903,1409,1.087703943,-0.7822608948,1
1903,1441,1.183678269,-2.018327475,1
1903,1473,1.16991961,-1.882152319,1
1903,1505,1.588515162,-1.437972665,1
1903,1537,2.13198185,0.4068564177,1
1903,1569,2.000017166,-2.511327744,1
1903,1601,3.205347061,-4.070608139,1
1903,1633,3.410997629,-4.238956928,1
1903,1665,4.896018982,-2.991784096,1
1903,1697,4.759771824,-0.6548978686,1
1903,1729,2.672079086,1.268480182,1
1903,1761,NaN,NaN,2
1903,1793,6.010556698,0.04427861795,1
1903,1825,6.236138344,-0.4423846006,1
1903,1857,5.580318451,0.1860361993,1
1903,1889,4.595619678,-0.08506423235,1
1903,1921,4.703565121,3.924390554,1
1903,1953,3.35766077,2.474005938,1
1903,1985,5.363683701,2.529450178,1
1903,2017,4.979385376,-0.3275428414,1
1935,33,-0.5744924545,2.13628006,1
1935,65,-1.181311965,0.2592540979,1
1935,97,-0.5758384466,0.03255051374,1
1935,129,-0.00443136692,0.3265258074,1
1935,161,0.2113251686,0.7690591812,1
1935,193,0.3015844226,0.3597300053,1
1935,225,0.5437363982,-0.2185033262,1
1935,257,0.1864604354,-0.2115985155,1
1935,289,0.6415749192,2.612254381,1
1935,321,2.321650982,6.020055294,1
1935,353,1.415345669,7.789266586,1
1935,385,-2.662888527,5.302574158,1
1935,417,-5.8358531,4.698817253,1
1935,449,-7.525660515,4.243270874,1
1935,481,-8.766853333,2.985803127,1
1935,513,-7.108587742,3.04729867,1
1935,545,-5.347743511,3.093329906,1
1935,577,-5.066988945,4.771278858,1
1935,609,-4.841405869,4.620072842,1
1935,641,-5.449681759,5.358113766,1
1935,673,-6.226788044,4.066939354,1
1935,705,-7.165653229,2.257874489,1
1935,737,-7.918620586,1.040165424,1
1935,769,-7.976207733,0.4673576951,1
1935,801,-7.60896349,1.096677899,1
1935,833,-9.546047211,-0.8173213005,1
1935,865,-9.287483215,0.5676460266,1
1935,897,-7.528411865,1.896778345,1
1935,929,-8.097281456,1.565116286,1
1935,961,-9.285915375,1.264386535,1
1935,993,-8.863764763,0.4422851801,1
1935,1025,-7.351767063,-1.743481994,1
1935,1057,-5.860965729,-0.1885513961,1
1935,1089,-5.452905178,-0.2744009793,1
1935,1121,-5.818710327,-0.1397722661,1
1935,1153,-6.082430363,-0.2929500937,1
1935,1185,-6.271245003,-1.048815846,1
1935,1217,-4.4486866,-0.9457813501,1
1935,1249,-2.946259975,-0.6097663641,1
1935,1281,-1.730500937,-1.330442786,1
1935,1313,-0.9014310837,-1.711865187,1
1935,1345,-1.538544655,-2.672085285,1
1935,1377,0.1923891902,-1.491514802,1
1935,1409,1.269734144,-2.242841005,1
1935,1441,0.906733036,-2.500246048,1
1935,1473,0.3443537951,-2.238917589,1
1935,1505,0.1606081724,-1.5589118,1
1935,1537,1.632013798,-0.7478272915,1
1935,1569,1.549893141,-2.452623129,1
1935,1601,1.753300905,-3.778337002,1
1935,1633,2.083254814,-3.133787394,1
1935,1665,2.90520072,-2.387153149,1
1935,1697,4.423094273,-0.4729425311,1
1935,1729,1.287366152,2.304298639,1
1935,1761,0.09268093109,3.782221079,1
1935,1793,3.707962513,0.0002642758191,1
1935,1825,5.756490707,-0.8148707747,1
1935,1857,7.55948925,-0.5607067347,1
1935,1889,NaN,NaN,2
1935,1921,NaN,NaN,2
1935,1953,6.213301659,0.6736471057,1
1935,1985,7.955358028,-2.213251114,1
1935,2017,NaN,NaN,2
1967,33,-0.1310499907,2.306863546,1
1967,65,-0.4243519306,0.4117870331,1
1967,97,-0.4682372808,-0.381057024,1
1967,129,-0.1173930764,0.3368662596,1
1967,161,0.1128397584,0.07302558422,1
1967,193,-0.1417660713,-0.4258519411,1
1967,225,-0.9094878435,-0.6469320655,1
1967,257,-0.4534373879,-0.4521235228,1
1967,289,0.4155836105,2.051265717,1
1967,321,2.799269438,5.599734306,1
1967,353,1.180850148,6.001270294,1
1967,385,-1.7238518,4.01393652,1
1967,417,-2.78776598,4.925761223,1
1967,449,-3.776653767,4.94558239,1
1967,481,-4.419606686,2.633764982,1
1967,513,-3.507363319,1.985758543,1
1967,545,-4.921417236,2.761456013,1
1967,577,-6.336577892,4.543338776,1
1967,609,-5.284695148,4.139976025,1
1967,641,-5.719426632,4.762498856,1
1967,673,-6.895842552,3.525105715,1
1967,705,-8.172985077,2.469172001,1
1967,737,-8.552995682,1.436450243,1
1967,769,-6.516411781,0.641541183,1
1967,801,NaN,NaN,2
1967,833,-9.073060036,0.5263302326,1
1967,865,-10.60518169,2.313909531,1
1967,897,-9.973067284,2.581110001,1
1967,929,-7.803135872,1.344326973,1
1967,961,-8.830579758,1.25721693,1
1967,993,-7.545244217,1.249405622,1
1967,1025,-4.986923695,0.6859906912,1
1967,1057,-4.81317997,-0.1256091595,1
1967,1089,-3.971776009,-0.3464825153,1
1967,1121,-3.124266624,-1.165264845,1
1967,1153,-2.98768425,-1.466759443,1
1967,1185,-5.458942413,-3.204924345,1
1967,1217,-4.498784065,-2.962201595,1
1967,1249,-3.439026117,-1.168473601,1
1967,1281,-1.27929461,-0.920830965,1
1967,1313,-0.6735193729,-1.421583891,1
1967,1345,-0.9572144151,-0.8455804586,1
1967,1377,0.2202560902,-1.632661581,1
1967,1409,0.3353013396,-3.144556046,1
1967,1441,1.223606944,-2.833512306,1
1967,1473,1.488420725,-2.437162638,1
1967,1505,0.06259322166,-1.828044415,1
1967,1537,-0.5435084105,-0.7252885103,1
1967,1569,-0.9030030966,-2.146070004,1
1967,1601,-0.3198075294,-3.479113102,1
1967,1633,0.5560724735,-0.933716774,1
1967,1665,0.9751650095,-0.8810330033,1
1967,1697,1.012397885,-0.3505738378,1
1967,1729,0.2689194679,1.810483694,1
1967,1761,-0.908200264,2.158452511,1
1967,1793,-0.1140475273,0.4893578887,1
1967,1825,2.934287071,-1.117337227,1
1967,1857,NaN,NaN,2
1967,1889,2.657395363,-0.9592920542,1
1967,1921,1.786688805,-0.03472173214,1
1967,1953,1.617520809,0.03121253848,1
1967,1985,3.060600758,-2.40191555,1
1967,2017,4.140062332,-1.420656443,1
1999,33,1.234659672,2.701140165,1
1999,65,0.4499032497,0.9010237455,1
1999,97,0.7081384659,-0.2749148607,1
1999,129,0.2230232954,0.3598893881,1
1999,161,-0.1368029118,-0.7323483229,1
1999,193,-0.01751840115,-1.62602067,1
1999,225,-0.09101760387,-0.7317767143,1
1999,257,0.218988061,-1.357969046,1
1999,289,0.6528372765,-0.03118085861,1
1999,321,1.972122669,0.6241252422,1
1999,353,0.6182050705,1.856365681,1
1999,385,-0.8712565899,0.1972002983,1
1999,417,NaN,NaN,2
1999,449,-0.4963066578,2.501129627,1
1999,481,-1.658463717,0.6893746853,1
1999,513,-1.249589682,-0.06065917015,1
1999,545,-4.619040489,0.4540221691,1
1999,577,-6.491339684,2.434603691,1
1999,609,-5.794355392,2.67297411,1
1999,641,-6.234499931,1.793889999,1
1999,673,-7.84675312,2.530840158,1
1999,705,-9.155296326,2.233590126,1
1999,737,-9.680810928,0.408457756,1
1999,769,-8.164453506,0.1490185261,1
1999,801,-5.565752983,1.644561887,1
1999,833,-7.137121677,3.157371521,1
1999,865,-8.734834671,4.747225285,1
1999,897,-9.395778656,4.166518688,1
1999,929,-8.155858994,2.173746586,1
1999,961,-7.033267498,2.134684563,1
1999,993,-6.167014599,2.328359842,1
1999,1025,-3.459002495,1.468660116,1
1999,1057,-3.039678097,0.2603490353,1
1999,1089,-1.181078434,0.4499517679,1
1999,1121,-0.9201903343,-2.195699692,1
1999,1153,-2.084424019,-3.976307869,1
1999,1185,-5.965797901,-6.70319891,1
1999,1217,-2.841079712,-5.098903656,1
1999,1249,-0.06142473221,-0.4767975807,1
1999,1281,NaN,NaN,2
1999,1313,-0.3958637118,-1.648067594,1
1999,1345,-0.1255602837,-1.771100044,1
1999,1377,0.467828691,-1.532758713,1
1999,1409,-0.697076261,-5.160722733,1
1999,1441,1.278806806,-3.388338089,1
1999,1473,1.714020252,-2.699812412,1
1999,1505,-0.5177559853,-2.30343771,1
1999,1537,NaN,NaN,2
1999,1569,-6.468907833,0.2750208378,1
1999,1601,NaN,NaN,2
1999,1633,-1.085333347,1.764036417,1
1999,1665,1.440167189,-1.707321525,1
1999,1697,NaN,NaN,2
1999,1729,-0.6128511429,3.408863306,1
1999,1761,-0.9619340897,3.215971231,1
1999,1793,-2.815997601,1.072828293,1
1999,1825,0.010181427,0.005283713341,1
1999,1857,1.704497337,-0.6116029024,1
1999,1889,2.027516365,-0.6292545795,1
1999,1921,1.946566105,0.3639116287,1
1999,1953,3.010453939,1.23508358,1
1999,1985,0.01143169403,0.09216741472,1
1999,2017,6.667217255,-3.885909081,1
