LABEL,ID,TRACK_ID,QUALITY,POSITION_X,POSITION_Y,POSITION_Z,POSITION_T,FRAME,RADIUS,VISIBILITY,MANUAL_SPOT_COLOR,MEAN_INTENSITY_CH1,MEDIAN_INTENSITY_CH1,MIN_INTENSITY_CH1,MAX_INTENSITY_CH1,TOTAL_INTENSITY_CH1,STD_INTENSITY_CH1,CONTRAST_CH1,SNR_CH1,ELLIPSE_X0,ELLIPSE_Y0,ELLIPSE_MAJOR,ELLIPSE_MINOR,ELLIPSE_THETA,ELLIPSE_ASPECTRATIO,AREA,PERIMETER,CIRCULARITY,SOLIDITY,SHAPE_INDEX
Label,Spot ID,Track ID,Quality,X,Y,Z,T,Frame,Radius,Visibility,Manual spot color,Mean intensity ch1,Median intensity ch1,Min intensity ch1,Max intensity ch1,Sum intensity ch1,Std intensity ch1,Contrast ch1,Signal/Noise ratio ch1,Ellipse center x0,Ellipse center y0,Ellipse long axis,Ellipse short axis,Ellipse angle,Ellipse aspect ratio,Area,Perimeter,Circularity,Solidity,Shape index
Label,Spot ID,Track ID,Quality,X,Y,Z,T,Frame,R,Visibility,Spot color,Mean ch1,Median ch1,Min ch1,Max ch1,Sum ch1,Std ch1,Ctrst ch1,SNR ch1,El. x0,El. y0,El. long axis,El. sh. axis,El. angle,El. a.r.,Area,Perim.,Circ.,Solidity,Shape index
,,,(quality),(pixel),(pixel),(pixel),(sec),,(pixel),,,(counts),(counts),(counts),(counts),(counts),(counts),,,(pixel),(pixel),(pixel),(pixel),(radians),,(pixel^2),(pixel),,,
ID3202,3202,0,51470.0,916.2007166891746,157.21571761215878,0.0,0.0,0,127.98961218637828,1,,24.97915128434306,25.0,0.0,25.0,1285577.0,0.6724893299708694,0.41528076435738187,21.798242872874958,-2.0509064527648495,1.8435534707831909,138.81632399379689,125.31998051422752,3.1300624902459853,1.1076950652576676,51463.5,912.0116107087293,0.7775144129195164,0.9761665402124431,4.020228220452713
ID3091,3091,0,49913.0,870.5808551271906,204.9696822487321,0.0,1.0,1,126.05376651836137,1,,1.0044453344012816,1.0,0.0,6.0,50162.0,0.1465826600121689,-0.47261291853522436,-12.281454516494103,-0.031067362652144024,3.707387754959899,135.2119226784432,123.86290590618525,1.264578266368273,1.0916256298786804,49918.50000000002,893.5905156360635,0.785587002624875,0.9796873620065359,3.999519211554054
ID3142,3142,0,57157.0,848.9519799713627,264.48175026027315,0.0,3.0,3,134.8773052082259,1,,1.0185275901886,1.0,0.0,31.0,58217.0,0.7438697367442653,-0.8336955454459178,-13.728070532817128,-2.380955309369105,1.479918834324961,157.61894032054715,121.4641744082251,-1.1394596507565937,1.2976578574585345,57151.500000000015,951.493555645821,0.7932787029480151,0.9780019508188307,3.9800821352371587
ID3111,3111,0,54122.0,844.7150809856878,280.5684474586294,0.0,5.0,5,131.2447345073042,1,,1.0004805293215295,1.0,0.0,3.0,54133.0,0.051586930914710415,-0.6845937233395464,-84.19019727944243,-0.5141507104711083,2.9479152936374304,155.13399113091302,118.9684158044922,-1.3181903561089605,1.3039930815406826,54114.50000000008,961.8422134475813,0.7350482484441037,0.9618731058754533,4.134728603633558
ID3176,3176,0,60922.0,818.1137464492718,304.2463014958212,0.0,7.0,7,139.2337135834975,1,,3.004186298491291,3.0,0.0,36.0,182994.0,0.3881268389281211,-0.4705559269809789,-13.758602977365063,-3.5298263986790515,2.636923949357023,161.51693242794354,123.41198374407575,2.130091695018525,1.30876214390077,60903.00000000003,1012.8052256276758,0.7460993867950069,0.9293131203698763,4.103992802858028
ID3193,3193,0,52804.0,861.4905706240371,242.47365330706873,0.0,2.0,2,129.63598555555257,1,,1.0227806392970762,1.0,0.0,29.0,54011.0,0.7849107541514587,-0.8611641196463484,-16.165026574012803,-1.1734671023477923,2.5790407434597444,146.17533023174013,119.38965982011585,1.9175596268866024,1.2243550274955317,52796.00000000006,933.3977286458069,0.7615131456438836,0.9768354055654246,4.0622460927982935
ID3401,3401,0,57656.0,826.8575642993632,300.54453907105955,0.0,8.0,8,135.4683690870204,1,,3.0018209250299153,3.0,0.0,7.0,173094.0,0.1342217694106341,-0.13889039574212944,-7.214489386775856,0.3478203007251599,0.05075788692337852,148.73841969715912,124.13834038733525,-1.338543079396277,1.1981666520840133,57653.50000000003,953.1767567466861,0.7974228100193312,0.9849911159707515,3.969726668008136
ID3227,3227,0,55200.0,840.4158801186012,291.1305458432218,0.0,6.0,6,132.55333797177295,1,,3.001938230232769,3.0,0.0,8.0,165722.0,0.15100517070028568,-0.18070799011284744,-8.76957536793305,0.7369040974723465,2.1526027449651983,154.74333235643496,117.52847318218286,1.8173147544064199,1.316645474638003,55199.0,972.3448545262038,0.7336694465070828,0.9608013785660823,4.138612025423029
ID3135,3135,0,50213.0,846.0586454503485,272.5280415425339,0.0,4.0,4,126.38539295951837,1,,1.0122539252410936,1.0,0.0,32.0,50803.0,0.6347930356412611,-0.8337901529193101,-15.998796841542873,-2.682423225854314,3.4551486586552542,145.46292954577856,115.17298283060505,-1.2720346131995803,1.2629952439429617,50181.49999999995,931.6151499850955,0.7265749455293985,0.9500922989539442,4.15876828159426
ID3520,3520,1,92892.0,338.7843616946835,939.0684524610517,0.0,12.0,12,171.9533788052894,1,,10.999838515201102,11.0,0.0,35.0,1021753.0,0.2687918353625957,0.09312515811846284,6.972641973245562,7.380432896005961,2.346689913395392,250.33886393621515,125.78915404137649,0.29479686284611617,1.9901466532946859,92890.4999999998,1343.659686070699,0.6465507058938805,0.9189845616569114,4.408629850609355
ID3105,3105,1,93206.0,291.4869824346887,918.8099349658025,0.0,1.0,1,172.2700949630358,1,,13.997511130182911,14.0,0.0,31.0,1304778.0,0.27225778387343286,0.15836818851043305,14.05794496723047,0.8637455790364502,1.4455753674415264,190.63093417294436,160.30711948465907,-0.22729970190540694,1.1891607483545807,93233.00000000004,1200.4821151540611,0.8129580472101428,0.9632851689026884,3.931613927249697
ID3139,3139,1,127034.0,262.7008279129432,948.7078334310512,0.0,0.0,0,201.11320979182997,1,,12.004713937199968,12.0,0.0,27.0,1525439.0,0.4058122329216718,-0.08911675660298238,-5.788330709061088,17.13781251064688,14.289183041565176,236.34443297589382,195.042614696399,-0.6469106066659744,1.2117579193848727,127066.49999999993,1685.2578388673555,0.5622224972013087,0.7960712204840332,4.727709926490322
ID3145,3145,1,92626.0,343.6924434971085,930.325596057164,0.0,5.0,5,171.73758551660887,1,,10.011720141159712,10.0,0.0,36.0,927696.0,0.5610694815824028,-0.22541122112865744,-10.385475384596543,-1.2352852590161032,-0.8250963528616839,232.95531976390427,127.77283374482361,0.35483974337499546,1.8231991334647992,92657.49999999987,1232.4276385187825,0.7665978268060527,0.9752035237097874,4.048751669805044
ID3179,3179,1,91422.0,344.356963215676,933.6409300325124,0.0,4.0,4,170.61675096918222,1,,8.004603809898738,8.0,0.0,34.0,731989.0,0.38224384781037984,-0.09706782318388815,-4.50245616500423,-1.2256844054388898,-1.5098642509459725,221.51556161525465,132.18009001996083,0.29407402287256273,1.675861785097915,91451.99999999974,1206.9619769206759,0.7888889889071001,0.9776989031195851,3.9911402089695804
ID3243,3243,1,88456.0,332.2887823464819,933.498325582797,0.0,2.0,2,167.82956939578412,1,,8.015356105718709,8.0,0.0,41.0,709351.0,0.7552697869252257,-0.3292957950300118,-10.420915191008108,1.0397967128370613,0.9845388544621859,198.73584469533117,142.91201947897903,0.35453696011260627,1.3906167264298108,88488.49999999985,1166.3596651412952,0.8173945020540603,0.9790283678527155,3.9209298820944123
ID3501,3501,1,89748.0,339.0561676953586,938.898354464226,0.0,9.0,9,169.02916542444584,1,,13.999710293494974,14.0,0.0,19.0,1256418.0,0.18099558358541834,0.11062621119727639,15.408884015587827,2.2511413715187256,3.433504560452699,238.02411430196773,126.76173344534162,0.3239644564858013,1.8777284582069977,89757.99999999996,1261.1349697009987,0.7091855767347248,0.9697120292994381,4.209446408650464
ID3219,3219,1,88369.0,341.75153695866993,935.2836150776587,0.0,3.0,3,167.72474808790477,1,,12.01781147448229,12.0,0.0,37.0,1062014.0,0.7159768194234984,-0.24078220410023793,-10.646685543923427,1.0286538465065156,-0.4092725791345182,217.97791126221014,132.72700698308992,0.27832287789129495,1.6423026196166814,88378.00000000019,1176.7565637915525,0.8020118300940088,0.9777895790807175,3.9583532140092204
ID3316,3316,1,88745.0,352.45131693850533,944.1626665539875,0.0,6.0,6,168.0750029721734,1,,18.997949249560552,19.0,0.0,24.0,1686030.0,0.23938415535183766,0.17694108163590955,23.86246326646932,1.2801854344252,1.2198408754614638,233.83410330497725,122.18343811172552,0.28739026280187674,1.9137954121994625,88747.50000000042,1243.3622146631426,0.721390903279615,0.9656859011327455,4.173684353323819
ID3417,3417,1,88686.0,344.4794941450759,938.4400624099405,0.0,8.0,8,168.04375143947462,1,,17.99997745767679,18.0,0.0,25.0,1596994.0,0.23055454180779655,0.11981051796889475,16.706238541919788,-0.6469916371862526,0.23025545098752592,238.10345081327904,121.18553024151016,0.32563021533818914,1.964784494805309,88714.50000000009,1259.2878192133453,0.7029986128814478,0.9727947102653098,4.227929120855389
ID3483,3483,1,92622.0,333.20928623734034,939.7736806878721,0.0,10.0,10,171.7153424764549,1,,17.998186411036983,18.0,0.0,25.0,1667244.0,0.24326217298650074,0.12489552009422311,16.42929141724374,5.954058004474347,2.8403151881257713,244.56003706635508,126.42594898044202,0.2931695336941802,1.9344132991573455,92633.50000000009,1280.306274466051,0.7101501608186646,0.9691876311095078,4.206586629867538
ID3261,3261,1,88789.0,349.26443761295883,938.9321684148889,0.0,7.0,7,168.12896920997414,1,,13.999166713585947,14.0,0.0,21.0,1243196.0,0.24212143865162425,0.09312004410150243,9.850862349690793,1.792586537764822,-0.03792928099991182,239.70807831105213,121.42103210903694,0.3217567471211207,1.9741891017348014,88804.49999999999,1247.68265733804,0.7168636521084403,0.963946117274168,4.186842768090595
ID3486,3486,1,95025.0,333.80890843909384,934.7919148443584,0.0,11.0,11,173.91870297498434,1,,16.99876882280519,17.0,0.0,23.0,1615410.0,0.22546632145246692,0.11037838825524195,14.989213030870657,4.199489269733875,3.012680531006227,246.67114726799753,132.30839237735378,0.38864527503126917,1.8643650855077454,95025.9999999998,1297.5326876062782,0.7092767070599841,0.9661679553854192,4.209175977844558
ID3523,3523,2,84330.0,415.09754034871406,1303.779680608906,0.0,10.0,10,163.8560413284489,1,,28.001540850312317,28.0,25.0,35.0,2362462.0,0.2805360074356752,0.09193992217389278,16.808490043922053,-6.755844764557544,5.555645192961043,260.01803762325613,107.36693018759455,-0.7225732464298039,2.421770252431966,84347.99999999993,1284.2375512740286,0.6426787261475614,0.980209410698306,4.421890357874077
ID3427,3427,2,79742.0,423.1360098971003,1296.5278376842123,0.0,8.0,8,159.33137375514602,1,,28.002030915040056,28.0,0.0,37.0,2233638.0,0.22885384328383007,0.06885958525835732,15.765402484430096,-10.085230831158709,7.8057184761620135,249.40155538351982,109.33750947288894,2.426221605985052,2.281024660117769,79753.99999999997,1236.45614320805,0.6555486157793097,0.978156619856503,4.378269389578297
ID3204,3204,2,88871.0,392.13575240088045,1325.6299269142357,0.0,4.0,4,168.21083226939737,1,,13.997087105662711,14.0,0.0,21.0,1244551.0,0.19999115868762612,0.06254148546228663,8.239088372406682,-5.201275134899556,-1.5737268289382993,238.99543488958074,125.73861037621657,-0.7990060578420607,1.9007322744739563,88890.99999999999,1275.9275084568276,0.6861446074271509,0.9408097710182198,4.279540145669614
ID3109,3109,2,82398.0,320.7156224029893,1391.9779247774281,0.0,1.0,1,161.9789178675059,1,,16.96137333850781,17.0,0.0,17.0,1398567.0,0.7655328578601929,0.5306978010209259,15.363317400119112,0.03340563957390814,0.8906575822176073,193.74200060643383,137.96100226554933,-1.0233052058424261,1.4043243918561596,82426.50000000003,1136.3204976100749,0.802185932275143,0.9485158313243311,3.957923640703716
ID3365,3365,2,83366.0,414.7346138702515,1309.1087157256009,0.0,6.0,6,162.9223810712428,1,,28.000983130912275,28.0,0.0,37.0,2335478.0,0.3073705401649485,0.09539800078675388,15.867494804793935,-5.852028282545987,5.281097767368693,250.20746065380789,108.7592392172812,2.3532937066586315,2.3005628069348556,83389.50000000013,1258.7514218946192,0.6613651181963225,0.9825035788134261,4.358974106806883
ID3525,3525,2,87795.0,416.9457687248376,1306.790535602769,0.0,12.0,12,167.17966503562766,1,,11.999897507146029,12.0,0.0,39.0,1053723.0,0.489556100659001,0.09241273909402074,4.147153900088149,-6.848388124834576,8.62127641919371,277.8802721702667,103.10072337945309,2.3406285595346876,2.6952310620319606,87804.50000000004,1368.5389629919628,0.5891315823820602,0.9707839950468233,4.618476938775826
ID3526,3526,2,85996.0,411.8264358460032,1307.0109276432454,0.0,11.0,11,165.45045916252556,1,,25.99272101487192,26.0,0.0,32.0,2235400.0,0.4460347696762342,0.2512778059985862,23.40525712134647,-5.958973239953922,4.795759906101097,262.2238445410053,108.28763580561413,2.406861461722783,2.4215492617432357,85997.5,1316.7857166053989,0.6232545765192428,0.9730700687392154,4.490267291089538
ID3143,3143,2,113922.0,298.8981957461753,1506.231458840917,0.0,0.0,0,190.40667073823428,1,,12.995372524915485,13.0,0.0,23.0,1479978.0,0.3319710550056931,0.36748236794006156,21.03939665057518,3.328060029277055,-10.364002940322095,226.07813311924824,180.05872714950112,-0.795701116446077,1.2555799804779115,113897.5000000002,1557.3216616813472,0.5901567878546081,0.7893432852370869,4.614463644300611
ID3274,3274,2,89236.0,365.40742068872777,1355.6200791151653,0.0,2.0,2,168.53788687824147,1,,13.996661139246179,14.0,0.0,38.0,1249230.0,0.3297209804821156,0.06559137699603737,5.225933901572656,-4.3009384409613975,-2.0127387683646414,227.07916313073432,131.8354842886943,2.2028410663535514,1.7224434252729313,89236.99999999996,1271.980774508881,0.6930965407360019,0.9475606712998599,4.258023621533648
ID3537,3537,2,83832.0,413.54138164107155,1301.6112747875354,0.0,9.0,9,163.35943524306626,1,,22.99954670165812,23.0,0.0,30.0,1928052.0,0.24358749863701756,0.060469361150536166,10.76791283674584,-6.324157668311935,5.3712377150719455,253.30476253852848,109.31431634368637,2.3993673524444734,2.3172148993013257,83837.50000000003,1258.7258898666203,0.6649451969894689,0.9808366140005036,4.347223865875662
ID3318,3318,2,81715.0,417.67189931611483,1304.5079545245949,0.0,7.0,7,161.27781370841237,1,,23.00154171815924,23.0,0.0,32.0,1879847.0,0.2082942819335127,0.06408064583393144,13.30031510364622,-2.6208142857765133,0.46904282631098737,248.78863683296237,107.03454926687836,-0.7845077255599624,2.3243769281695807,81714.5,1266.6603515735699,0.6400127683899357,0.9779491843890998,4.431090426007375
ID3192,3192,2,87206.0,407.62685655979686,1314.5051132422657,0.0,5.0,5,166.62659051735434,1,,18.003151790216844,18.0,0.0,37.0,1570811.0,0.34228318341626174,0.02000282767044724,2.062922886363046,-3.7570256899778114,1.523119991983488,251.90445790273276,114.89708580578912,2.3234820771427906,2.192435570807493,87224.50000000009,1278.7542029126528,0.6703076939709333,0.973612684663769,4.329799937460113
ID3262,3262,2,92087.0,381.4732685539542,1335.8922337124195,0.0,3.0,3,171.2271235572024,1,,18.020027789236014,18.0,0.0,37.0,1660041.0,0.6831320272761034,-0.08375595991963146,-4.822645762861431,-2.8553279628230905,1.0743757991237364,233.3980880600277,127.7681781327346,2.264375513038142,1.8267309706612338,92107.49999999985,1283.9445828686662,0.7021215456473683,0.9495324886859154,4.230568991980244
ID3456,3456,3,113930.0,281.8805806183588,517.9022521415532,0.0,10.0,10,190.43884895744455,1,,7.998420276627115,8.0,0.0,18.0,911372.0,0.21114260538510746,0.0460900607240003,3.3380784912251182,4.006071006118073,9.946137509271137,253.2358469734268,157.10014179128814,1.380866445279485,1.6119390096404724,113936.00000000001,1603.0537291432088,0.5571532586949609,0.772300851363809,4.749168674360596
ID3457,3457,3,108630.0,269.7434983826517,504.68332658159477,0.0,11.0,11,185.93791968817493,1,,8.000515573068672,8.0,0.0,17.0,868992.0,0.17083653366163032,0.08239591755316196,7.12995466615975,11.077072911662409,11.786818503656104,247.2505837059094,157.4385166449095,1.3622483764344735,1.5704580364128058,108613.99999999985,1563.1366744921074,0.5586010744539422,0.7706126503245937,4.743010091157932
ID3588,3588,3,102095.0,257.01936215332023,533.9105566629282,0.0,12.0,12,180.27027033070323,1,,34.97514299145969,35.0,0.0,36.0,3571102.0,0.8752255332844405,0.49799428512012217,26.569520561082392,15.432773396062535,6.683991053804036,264.44447006442863,137.47469192446727,1.1924064829897185,1.9235865624614192,102093.49999999994,1663.5118662209184,0.46361358187036183,0.7176769966714817,5.206272034252791
ID3366,3366,3,103826.0,302.7669832463221,513.3703532463863,0.0,2.0,2,181.78640148214842,1,,32.99218960668747,33.0,0.0,40.0,3425777.0,0.6074977017357792,0.4224976557061658,32.26036227618481,14.221756580554924,0.2228264161855492,258.7919811865992,150.1382004312463,1.257624485169354,1.723691774933118,103818.00000000025,1577.9093802900534,0.5239844589562247,0.7723375526798388,4.897176185256991
ID3210,3210,3,104420.0,280.8407071171378,477.2295545085421,0.0,0.0,0,182.31618566341325,1,,25.987981920211443,26.0,0.0,27.0,2713821.0,0.5280353485116449,0.4290500487631095,29.552897772803014,-6.254134105654482,16.161301380004957,266.77986759557723,148.7309091672026,1.8125098412262175,1.793708309115925,104424.00000000006,1678.5216092828925,0.46575370204608413,0.7105244356745543,5.194296953236814
ID3341,3341,3,99363.0,297.95295029336876,516.9500400886984,0.0,5.0,5,177.84326026273797,1,,35.972083568150715,36.0,0.0,36.0,3574474.0,0.9482178066480953,0.5533984933760951,27.02978401763575,15.98421587644796,8.807054679188616,240.83509121838966,156.0095789566195,1.2431542226563383,1.5437198973875637,99362.99999999988,1617.6697970376988,0.47714986512684804,0.7126550548138259,5.131892250289045
ID3407,3407,3,109241.0,279.62598600596255,521.6092273375016,0.0,8.0,8,186.47041866488865,1,,7.998800629898191,8.0,0.0,18.0,873661.0,0.17457803392473312,0.036571398682368986,3.2330142469461896,9.104857035015728,7.444229011189929,255.21972735535644,153.4204527562168,1.3525618753295579,1.6635313139174306,109237.00000000035,1605.7022313862242,0.5324141714692797,0.7480193104392809,4.858253012535744
ID3471,3471,3,108822.0,274.81467580554767,515.6132039066879,0.0,9.0,9,186.13041047168417,1,,6.0025361120299925,6.0,0.0,14.0,653244.0,0.18347120625851263,0.03141861490793457,1.993191061296646,7.867840409736934,-1.2927556976418129,249.45961426865702,157.4863909262307,1.3605672415495802,1.5840074358266811,108839.00000000013,1591.1798002417338,0.5402016336051457,0.757678491869014,4.823107984197758
ID3189,3189,3,94436.0,300.32013125318736,543.3055342329418,0.0,7.0,7,173.38942091497321,1,,5.003175644920556,5.0,0.0,14.0,472645.0,0.2126301425819941,-0.11933139997092315,-6.376658201481209,5.72472651696279,5.382825770711458,243.36323650221195,139.2912891623397,1.4846147085256076,1.7471533070426222,94448.5,1468.276011964521,0.5505408156229323,0.7602743309761368,4.777604235322107
ID3322,3322,3,97666.0,305.1174816104313,518.8432082330654,0.0,4.0,4,176.30811647589599,1,,33.97644962780173,34.0,0.0,35.0,3318242.0,0.8381788686490561,0.5514321868143839,28.8157944830561,17.062200270013758,13.689763978910312,265.71546588490423,143.53868326128645,1.1464541364833118,1.8511766991844063,97655.00000000009,1600.916545608908,0.47881413442928433,0.7437689217235676,5.122965733034114
ID3098,3098,3,108336.0,295.01250897893203,493.77590816033023,0.0,1.0,1,185.71652288471194,1,,7.000876666820468,7.0,0.0,14.0,758650.0,0.1532478087680177,0.10957165015591483,9.02258535834756,3.0644902692091343,1.6851502129394949,238.9272279779914,158.07997890234827,1.4183524534567584,1.5114325649397096,108355.49999999999,1511.489955913323,0.5960055355619988,0.7886651964102451,4.591766394919692
ID3260,3260,3,101421.0,298.5340071656313,538.7322552016566,0.0,6.0,6,179.66581633103783,1,,8.999792909619842,9.0,0.0,19.0,912624.0,0.18760545667798761,0.0640662391493338,5.776670713963981,8.894353640810916,6.371165587415544,244.79295666501233,157.84662107936074,1.370599533455215,1.5508279809292684,101410.00000000003,1586.8777451681663,0.5060619769110556,0.7182748936682595,4.983139878640144
ID3359,3359,3,106118.0,302.7643106366808,520.3156489760282,0.0,3.0,3,183.8072169683804,1,,32.988713126878395,33.0,0.0,34.0,3501455.0,0.5808682604431884,0.42427704289429535,33.83551432000574,9.788841282454621,4.321106986821141,249.826518000726,153.68427479652794,1.2465962708599867,1.6255828277257818,106138.99999999972,1571.4707009981894,0.5400976392212828,0.7764630145103515,4.823572300244275
ID3149,3149,4,53904.0,587.949717681837,1430.7156100607929,0.0,0.0,0,130.98314607391336,1,,13.996362151527524,14.0,0.0,15.0,754096.0,0.21981601011380997,0.26617974657439386,26.77105528864323,-0.6764236729774014,0.5980380636250755,170.25929734421499,106.4422375502376,-0.3887400687803969,1.5995463949530149,53898.99999999998,950.611741892968,0.7495217207338772,0.9865829550446621,4.094612618875059
ID3302,3302,4,16.0,553.0454545454545,1298.5202020202019,0.0,2.0,2,2.2917489221187703,1,,20.125,19.0,18.0,38.0,322.0,4.773189010853575,-0.2069348529482784,-2.200300670371743,-0.03735215090217941,-0.017641720498472284,3.5676885154437126,1.7655220831056715,2.2471391364419206,2.0207555315127577,16.5,16.200104725336033,0.7900565248695542,1.0,3.9881900893258915
ID3107,3107,4,47642.0,570.577283175716,1298.6404560228677,0.0,1.0,1,123.13881960289436,1,,15.999621967867268,16.0,0.0,30.0,761822.0,0.3176390277130822,0.04115878561981314,3.9824601930467973,-1.7628446745513737,-1.2785934390449871,159.27045472228312,101.91008077887624,-0.6196065042697634,1.5628527963574772,47636.500000000044,871.7722539815184,0.7876687651625757,0.987080397845007,3.994230466951471
ID3490,3490,5,65442.0,104.90450459395264,701.8440512832263,0.0,9.0,9,144.35592874506784,1,,11.935564687371107,12.0,0.0,12.0,781314.0,0.8766605024688768,0.3093375471133771,6.433133173272671,-2.5202911341899115,3.3581354531713865,186.14597637070315,114.82260149178633,1.5498761041703772,1.6211614608298075,65466.49999999992,1036.4638722185261,0.7658093243497516,0.9712410058600982,4.05083549745957
ID3363,3363,5,80396.0,124.06258086186305,695.5268482119161,0.0,3.0,3,159.95943826794908,1,,33.889164001941,34.0,0.0,34.0,2723706.0,1.9380882464730738,0.31664465063148106,8.410481888267272,0.24821487623952046,3.9244513597622808,194.73646317857865,141.75741155996866,1.4317198544546494,1.373730382317244,80383.99999999994,1155.8910794832514,0.7560415315274815,0.9755399001207524,4.076919210405174
ID3244,3244,5,71556.0,109.08106125186914,697.495255530556,0.0,7.0,7,150.9215045169293,1,,11.94247701036979,12.0,0.0,12.0,854532.0,0.8288405045857052,0.35541105969077297,7.556372454393942,-1.422694846704523,3.5319256900929057,196.70425559133002,118.7770218928019,1.5994382824446203,1.6560800435698637,71557.0,1055.97798367355,0.8064032352885281,0.983040602268122,3.9475605597183145
ID3213,3213,5,61256.0,106.76757708340136,660.0158792350975,0.0,0.0,0,139.6343574064132,1,,26.895051445369916,27.0,0.0,27.0,1646784.0,1.6800722826442984,0.2747773361255269,6.9011423101827845,-1.447054368693545,-2.7283274486669375,172.16080789713146,117.05531020790006,1.6742304486350295,1.4707646119715492,61254.000000000065,1008.5147269240697,0.7567977450685694,0.971907750160653,4.074881815289802
ID3503,3503,5,67822.0,96.200065111365,698.0561714517378,0.0,12.0,12,146.9413330365624,1,,4.983337756937686,5.0,0.0,35.0,337960.0,0.588424293716948,-0.44764150325140994,-13.72679130307554,-2.972256766276133,1.2200461467326205,195.3226407306713,116.17306818825024,1.5841851841374983,1.6813074129553398,67832.49999999988,1129.8702937776081,0.6677140375354399,0.9583433407270296,4.338201085672435
ID3472,3472,5,63309.0,111.83606352365682,697.0131441419384,0.0,10.0,10,141.9522743386727,1,,13.990458286598948,14.0,0.0,18.0,885610.0,0.35377085802288627,0.2829666339233518,17.44454910056741,-0.27397645678144855,0.8156525934712414,180.41716337915713,112.98620381400906,1.5495926529150565,1.5968070196972788,63304.50000000006,986.0095498374375,0.8182428225425785,0.9847322900787118,3.918896825630783
ID3282,3282,5,74064.0,116.4496896953659,693.7845689263324,0.0,6.0,6,153.5456229919134,1,,12.93944017607583,13.0,0.0,13.0,958282.0,0.8852235874482443,0.24315071226496077,5.7180015418206445,0.7076577177469888,-0.47271399756493776,189.58132383377142,124.94453311221113,1.564452869040206,1.5173238805375404,74066.99999999994,1070.7433842029875,0.8118276129271439,0.9823079269505703,3.93435027484837
ID3475,3475,5,65858.0,101.29927368434373,702.5692606511534,0.0,11.0,11,144.78637135224096,1,,13.938964925339127,14.0,0.0,14.0,917616.0,0.9223766522364087,0.26902728744256754,6.407337368475186,-3.103165058343415,1.0706086522740665,187.08853298937206,115.20431380785406,-1.5285379531511314,1.6239715927774336,65857.50000000007,1029.9055717019858,0.7802257678237747,0.9801171244242384,4.013236813418239
ID3315,3315,5,75449.0,115.8897245598922,691.1829125527356,0.0,5.0,5,154.97765149207132,1,,34.899107746562905,35.0,0.0,35.0,2632335.0,1.8746912523860455,0.3299605062401883,9.237145468935077,-5.298603374695862,-0.7136408943178365,185.8115929461723,137.09870532921923,1.6401605310826592,1.3553125282983334,75454.99999999997,1114.9728256228177,0.7627273538999185,0.9765741280010348,4.0590114000236035
ID3412,3412,5,69312.0,107.69451936899902,695.7865058873872,0.0,8.0,8,148.55337794623193,1,,12.933799769186383,13.0,0.0,13.0,896571.0,0.925328526471951,0.2510513560021331,5.609803013585218,-0.5086659500971543,1.5578745049012015,193.53487101512258,115.55659764870256,1.5525424623096942,1.6748058955792173,69329.0,1039.3107603000037,0.8065549346382588,0.9853047766581866,3.947189307553773
ID3163,3163,5,85378.0,123.96692711078832,697.3708693054693,0.0,4.0,4,164.84283440250493,1,,5.986175547120296,6.0,0.0,8.0,510956.0,0.2880000412010406,-0.3356702720127878,-21.00468088052613,-5.13532289993657,-0.015746155567085782,194.00604358116237,151.86229351171494,1.6206938444607808,1.2775129302666326,85367.00000000001,1189.8937100336498,0.757676026460971,0.9576948102941506,4.072519373761618
ID3102,3102,5,72057.0,112.6827171119147,686.500830574392,0.0,1.0,1,151.42842116277572,1,,10.959469029006234,11.0,0.0,11.0,789290.0,0.6661946393539245,0.21886021333906613,5.907874934387973,-2.5007400367994834,-1.3356226414915044,185.77041273933156,127.87771523770697,-1.4263722620771442,1.4527192043899915,72038.49999999993,1062.5973242623984,0.80174653072846,0.9875592904340191,3.959008072930591
ID3390,3390,5,48464.0,153.7791456837007,652.7174041663227,0.0,2.0,2,124.18836743180509,1,,39.95743978203885,40.0,0.0,40.0,1935898.0,1.2450881104899867,0.5231498861520099,22.04504837015173,-4.467895085047883,-5.705243190121573,186.11067535950295,87.59427379012341,1.0041727265377314,2.124689974660052,48452.0,973.6118241900781,0.6423177052428432,0.9633178917231643,4.423132866519134
ID3301,3301,6,83285.0,702.163240700162,1425.350256046971,0.0,2.0,2,162.8207542844588,1,,18.005643611911623,18.0,0.0,39.0,1499510.0,0.3576304804435657,-0.11532848758260177,-13.126794108484031,-0.2565866873517158,-4.258247911300754,208.30592909289902,130.20118081544385,1.2512975282529686,1.5998774188397433,83285.5,1178.945793421006,0.7529941236487475,0.95849445288404,4.08516063654586
ID3429,3429,6,78688.0,709.479347657996,1386.9790923900493,0.0,8.0,8,158.2504011067676,1,,30.00045759609518,30.0,0.0,38.0,2360196.0,0.26950210190430113,0.02613860715089379,5.671163026259144,2.8094537024535158,9.083678298821335,258.2638153941735,103.26390081518112,1.2592033838488603,2.501007741867189,78675.50000000003,1229.3643527616875,0.65416626455503,0.9790258956458983,4.382892917567536
ID3528,3528,6,84970.0,710.9702044964498,1399.8021438479393,0.0,12.0,12,164.43827828849268,1,,13.01675221322283,13.0,0.0,39.0,1105695.0,0.6577127838075054,-0.27654010315320454,-15.130037643056118,2.9113646694550765,6.039145095518691,251.2061168469163,110.55764350262835,1.3410676416164615,2.2721732201260623,84948.50000000006,1253.9241311894034,0.6789269652927747,0.9533099911344541,4.302227806928691
ID3118,3118,6,93533.0,712.9982545987181,1480.6069764375281,0.0,1.0,1,172.54564937893747,1,,18.990966238320254,19.0,0.0,30.0,1776377.0,0.39338977306892436,0.31984006793220515,23.39728969634666,-0.16235475922615517,-5.427958403526868,181.39039297904188,172.65788465466895,1.4908489814795378,1.0505769449326843,93531.50000000001,1235.9646738669544,0.7694061393574745,0.9399961809812871,4.041355995579548
ID3343,3343,6,78115.0,710.6024316667093,1389.7930075181553,0.0,7.0,7,157.69275483816637,1,,25.997106607433203,26.0,0.0,33.0,2030608.0,0.2947394327130481,0.035404899289365376,6.0321192030466335,-1.2129853443668062,4.554423498003574,246.66262254790868,103.19761738914376,1.2583636475097424,2.390196874582661,78121.99999999984,1209.2181631033247,0.6713884927063672,0.9703210100420413,4.326313485738711
ID3536,3536,6,76872.0,710.8816980113322,1400.7154596097257,0.0,10.0,10,156.41437596023346,1,,30.993688676053406,31.0,0.0,36.0,2381741.0,0.35820307255183775,0.04738685408691919,7.829332085509361,0.33397053240400526,4.327671094569846,245.66256227819466,102.76478346278462,1.2870303778289376,2.3905325735168725,76860.50000000004,1222.16229417356,0.6466291931536808,0.9788091614718977,4.4083622847611945
ID3377,3377,6,78285.0,708.8194933280529,1393.9782871609466,0.0,6.0,6,157.84760212299477,1,,30.998134757390705,31.0,0.0,38.0,2426348.0,0.2614326636185287,0.047343649379133206,10.719591549099396,-0.2609932535246509,3.648740072065022,244.64131041993446,105.23756712685416,1.2812733411932942,2.324657601833782,78275.49999999987,1202.8482857497572,0.6798514173075213,0.9778081746864522,4.299301758664008
ID3155,3155,6,101074.0,750.9553629440537,1596.1076991830503,0.0,0.0,0,179.36171628008336,1,,14.9858663185172,15.0,0.0,16.0,1515161.0,0.44877893412517766,0.4442772639660204,20.54390041271421,-7.290385943242034,-10.381869875921126,199.1339633110901,176.15258526438686,2.88029085328853,1.1304629052829998,101066.99999999984,1327.1161983616694,0.7211097016394379,0.9169611547865834,4.1744980523265305
ID3539,3539,6,75434.0,715.0187692117307,1410.8921944298963,0.0,11.0,11,154.9422175229353,1,,28.998143531533444,29.0,25.0,34.0,2186808.0,0.09253617129469559,0.05340561138622562,31.774588000569953,2.5662841157608463,4.797231918090922,235.40847755072497,107.3596587452663,1.3003069460201708,2.192708884342505,75420.50000000004,1168.4019679973203,0.694248118839862,0.9850004571040502,4.254490675810865
ID3252,3252,6,73732.0,709.9619900888925,1393.8856808912763,0.0,5.0,5,153.1876020741933,1,,25.990435879695575,26.0,0.0,27.0,1915833.0,0.4571718443631636,0.2133794773725973,19.994939054984044,2.799408844685595,6.815928092019902,236.51818882115674,102.80159970391614,1.2898393238950299,2.300724789325888,73721.99999999991,1169.0178065925434,0.6778985731847764,0.9606285874373716,4.305489873403203
ID3287,3287,6,81273.0,702.0367686857255,1410.8761214715676,0.0,3.0,3,160.86033466225504,1,,20.991069781172737,21.0,0.0,25.0,1706511.0,0.45080670575280635,0.09825788845838153,8.331770450066783,2.0927473249267137,-1.5638745975517603,231.4546619480936,116.92657081801825,1.321340967418535,1.979487299839864,81291.99999999994,1224.2840231278833,0.681543073618768,0.9521756954611997,4.29396280072994
ID3546,3546,6,76282.0,710.6071283389501,1392.1473749546503,0.0,9.0,9,155.8011348177209,1,,24.9971540237121,25.0,0.0,31.0,1905983.0,0.19260062162684036,0.04192569024022904,10.444949686559884,-0.07155355133318496,2.7956775696835248,246.88632860079974,102.99045665860356,1.2361807109556224,2.3971767541451667,76258.99999999984,1226.0357637931581,0.6375212895587293,0.9746555558395728,4.439740492252442
ID3230,3230,6,81800.0,707.3505901003333,1407.2057465502767,0.0,4.0,4,161.35624819174816,1,,17.99834945165116,18.0,0.0,29.0,1472103.0,0.25491325970066975,0.018362010722587786,2.5461752694808153,0.8185136689568424,3.924930216911879,236.18237395027379,114.97262710466688,1.2821147485512738,2.0542487363993343,81794.00000000017,1250.159776301278,0.6576582436721233,0.9652974880361622,4.37124147012514
ID3521,3521,7,66895.0,850.0590931522828,1282.5735866644734,0.0,11.0,11,145.89401557028953,1,,25.00168989651253,25.0,0.0,31.0,1671813.0,0.3502477719458454,0.020834948154154657,2.9138076088093343,0.47580924434872823,6.442635879202343,226.2654462843224,99.98287881197363,1.0213260577180758,2.2630419225058915,66868.99999999996,1185.9027105693121,0.5974981557760451,0.8811421945209444,4.5860274240097665
ID3426,3426,7,64374.0,851.3980556267259,1277.9785958483114,0.0,8.0,8,143.1747097615114,1,,26.9950775633162,27.0,0.0,34.0,1738456.0,0.5420805802086902,0.025291839182620478,2.456878258917636,0.015093477394314957,1.7443606330275774,212.1071980553866,101.1194451186543,1.0321957822654126,2.097590604917763,64399.5,1131.7478537988354,0.6318194633754932,0.9291583404872348,4.459728616732845
ID3527,3527,7,66703.0,844.4581059470264,1275.2711994002998,0.0,9.0,9,145.7095378088162,1,,20.998081103365564,21.0,0.0,29.0,1400677.0,0.4325754589231293,1.4281037024242187E-4,0.013862624355357138,-1.3977924376112714,-1.4037628018129154,221.20371044043884,99.19746552627166,0.9976308296733815,2.229933086161912,66700.0,1156.9461726106235,0.6261947043874869,0.9240402864940499,4.4797134705677735
ID3112,3112,7,73086.0,936.9707054267276,1344.3449779917437,0.0,1.0,1,152.55721809589056,1,,18.008083046118497,18.0,0.0,30.0,1316679.0,0.34392218846596273,-0.013076124916862997,-1.387499036696272,-3.140765386210305,-1.424885961280113,173.5865112325881,142.007113818589,1.1330704991162799,1.2223789820441044,73116.49999999997,1099.1755811282524,0.7604858096074234,0.9551843965145593,4.064988999555679
ID3369,3369,7,63083.0,856.0557590363992,1284.8971206139308,0.0,6.0,6,141.68798894657755,1,,28.984699297594698,29.0,0.0,31.0,1828036.0,0.8841198780412324,0.06000180014979852,3.7114645520480702,1.6239610523345596,4.416502066675411,203.67477231350838,103.20897064545048,1.078649818800077,1.9734212156149094,63068.999999999956,1076.4642308422237,0.6839535405361585,0.9594359212297763,4.286389485928264
ID3280,3280,7,64298.0,873.9223665616532,1297.3263285493886,0.0,3.0,3,143.03902862218618,1,,19.99838202806559,20.0,0.0,27.0,1285456.0,0.24593816628893073,0.1036765517295857,15.276985057888066,-2.47844346581709,3.2649043500030244,188.95582826050128,116.45044370477127,1.2045113903055444,1.622628667174063,64277.49999999997,1080.7302206048394,0.6915669804995466,0.9442991670216979,4.262729822509054
ID3538,3538,7,64829.0,860.1761366706029,1299.8500016722364,0.0,12.0,12,143.60093492588285,1,,15.994828491154404,16.0,0.0,18.0,1036113.0,0.22880768727422268,0.10499865764205482,13.284981937988816,2.8644128603619086,4.536670735146869,225.70047812398087,96.29195520396854,1.0883930546634513,2.343918322625138,64783.50000000011,1153.320412076577,0.6120322605257248,0.9531891414698758,4.531247399764172
ID3283,3283,7,59755.0,885.1108326289922,1307.7652535210088,0.0,2.0,2,137.90771637095656,1,,15.003297788640205,15.0,0.0,39.0,896252.0,0.24420257809910945,-0.15688495558948556,-22.864459566226447,-3.5662561284593948,-1.429922408890556,168.72745786433487,117.36003553887858,0.9785933947792294,1.4376909234015993,59748.499999999935,985.7490846915925,0.7726878899182997,0.9681906937928902,4.032764664732401
ID3156,3156,7,4.0,831.0,1369.5,0.0,0.0,0,1.1283791670955126,1,,16.0,16.0,16.0,16.0,64.0,0.0,0.47126436781609193,Infinity,-1.4571677198205192E-16,5.828670879282072E-16,2.558336368008464,0.9771975379242741,-1.0172219678978511,2.618033988749895,4.0,8.47213595499958,0.7002998325809342,1.0,4.23606797749979
ID3225,3225,7,62830.0,864.204010074899,1287.1429296745544,0.0,4.0,4,141.4558419445041,1,,16.995529606414458,17.0,0.0,29.0,1068305.0,0.3080226586036444,0.0847118214561933,8.618102989594616,-0.1257944188572546,1.2566868642165352,198.98162224681198,104.07561932670367,1.0516681034729263,1.9118946736429112,62862.499999999956,1130.0821003858707,0.6185595557874577,0.906393961458881,4.507276198897557
ID3326,3326,7,63088.0,853.5372125958455,1275.251430745573,0.0,7.0,7,141.69922127727915,1,,24.000047564687975,24.0,0.0,31.0,1513731.0,0.26903298217503674,0.043037363787602805,7.36177207850847,-0.8162086049971373,2.3459720495289447,206.3262250679449,103.7837989598594,1.0198358919700008,1.9880388570835221,63078.99999999996,1116.829124938004,0.635508262959207,0.9137315400270872,4.446766560980472
ID3519,3519,7,68039.0,848.3385114624448,1280.8229795251361,0.0,10.0,10,147.15130808960433,1,,27.002425828457174,27.0,0.0,34.0,1836651.0,0.28432648569846863,0.01675826655713445,3.1305946758741308,1.9267281801940526,5.758122786079012,226.18642803152167,102.11172959481112,1.0235872971189686,2.215087619503171,68026.50000000006,1174.0589841919123,0.620166293675593,0.9234262055859105,4.501433646436828
ID3199,3199,7,62284.0,857.4859368146269,1283.2795947406148,0.0,5.0,5,140.837360979453,1,,19.018693838254173,19.0,0.0,26.0,1185245.0,0.7365586744814876,0.03720639119933052,1.8524892574036056,-0.034975131736556274,1.7890162290369014,196.87542421065083,105.48752345895885,1.0707661297019149,1.866338480182896,62314.00000000005,1046.0817798966903,0.7155899264947782,0.966130995294465,4.190567329949564
ID3430,3430,8,80249.0,1135.1696702684962,1427.717644810582,0.0,8.0,8,159.81311065656928,1,,30.998965448471854,31.0,0.0,34.0,2486985.0,0.3331987446265694,0.28379237631114057,41.13199472709502,3.6702267919675537,5.516963832632631,260.95173361294843,112.83104287072683,0.8710064664027762,2.312765414318885,80237.00000000013,1277.4917978521503,0.6178290226946884,0.9516676155232958,4.509940157317451
ID3208,3208,8,87237.0,1140.8837979200573,1427.5249696261146,0.0,4.0,4,166.6471251776968,1,,15.004057632130944,15.0,0.0,29.0,1308999.0,0.373685750123919,0.1386331579909234,9.777221900509774,-2.5724742571722543,0.0367678867073974,257.8878275459494,113.80061619903688,0.8532117189853339,2.266137356364613,87245.99999999984,1311.947797301237,0.6369748415324831,0.9639430115070777,4.441644466452781
ID3275,3275,8,102268.0,1165.4257198638252,1445.1732130314542,0.0,3.0,3,180.4264703832544,1,,18.997105445868904,19.0,0.0,27.0,1942663.0,0.32103306031647094,0.29082553245140513,26.664451529201905,0.5330045814721376,-1.6695246305460125,274.31482145990503,121.88664772933193,0.9831745767376245,2.2505731888620266,102270.50000000004,1403.3272283483802,0.6525928927633219,0.9446225038331517,4.388173214613759
ID3534,3534,8,96132.0,1143.2199157171842,1445.9988606211955,0.0,12.0,12,174.9033207566204,1,,14.998064495988512,15.0,0.0,20.0,1441299.0,0.24986499708229276,0.24420921992600025,23.562883303673107,-30.67711067049822,-9.898915162627736,306.09957309333936,125.44754811872467,0.807284519448903,2.4400602298232568,96105.00000000009,1695.7715880573412,0.4199727750363569,0.8160120230271544,5.470088629074669
ID3152,3152,8,66710.0,1185.6896541816266,1438.1828669869753,0.0,1.0,1,145.71663742592688,1,,27.982576620884064,28.0,0.0,29.0,1866214.0,0.6698227740762326,0.43833411093445795,25.462630987312174,-2.707452480231364,0.9090229160006892,201.34537240091674,111.10443068209301,1.052032699055149,1.8122173091101406,66706.5,1095.6222287155947,0.6983230037803365,0.9281356309524638,4.242059519517382
ID3221,3221,8,89883.0,1149.841911812419,1435.0741203211876,0.0,5.0,5,169.15858350504996,1,,20.99462628779956,21.0,0.0,28.0,1887039.0,0.37717271830232335,0.29223954697123905,25.176411623300535,0.09406022060378548,0.7728861622012166,260.0813486042443,118.39253118836982,0.8861318636572801,2.1967715868025395,89895.50000000003,1360.8704615409652,0.6099780976692871,0.9592076270960379,4.538870703751896
ID3541,3541,8,78957.0,1137.5812192487192,1419.9429070562321,0.0,10.0,10,158.57039808615698,1,,31.990717994175004,32.0,27.0,34.0,2526307.0,0.28473193100460265,0.29768636339175947,51.547429032804814,1.678925845227649,5.3746905080808025,251.44662369668592,105.34926417594171,0.8435584607998773,2.386790507399747,78993.9999999998,1292.580763984416,0.5941397273951204,0.9046340248392413,4.59897062589182
ID3160,3160,8,74401.0,1009.4139330303927,1458.4627082717145,0.0,0.0,0,153.87178413901214,1,,15.988692589007206,16.0,0.0,16.0,1189175.0,0.4144530135030449,0.572800191944331,28.099413014748784,-9.055838506882944,5.808842359725033,173.11611726713687,147.5432447196315,1.8598434942800735,1.1733245910112666,74382.00000000009,1147.6225220387919,0.7097078195033765,0.926399432069398,4.207897350394943
ID3385,3385,8,84065.0,1139.2601406948295,1430.124940022286,0.0,6.0,6,163.57509199973921,1,,32.97676688328691,33.0,0.0,33.0,2770642.0,0.407106974396559,0.30712057605856546,38.06473317058391,0.5889632896335145,1.5057687981473202,257.8452492472571,110.02342577205678,0.8502276004721818,2.343548634646708,84058.99999999965,1317.3683313884142,0.6086668439687957,0.9482174180339389,4.543757128170938
ID3545,3545,8,83067.0,1139.549832306701,1434.395686940395,0.0,11.0,11,162.57913606571003,1,,29.996098359866092,30.0,0.0,31.0,2490936.0,0.23476407505168595,0.3069800892435209,60.02115684740236,-0.7878168801927896,1.472419366189183,257.27701820446254,108.70566629696107,0.8138084526698685,2.3667305207590164,83038.49999999985,1320.0200421302645,0.5988641410613258,0.942312929801864,4.580794165022266
ID3290,3290,8,83189.0,1165.9594161534226,1442.527808322067,0.0,2.0,2,162.7493821925867,1,,16.00012022987953,16.0,15.0,17.0,1330794.0,0.07072205220079025,0.30505016510856314,105.76511494881207,-3.54715422166641,-0.23848298013062055,238.61852436308325,117.93811918810054,0.8444653742083098,2.0232519053700395,83212.49999999993,1286.6706144538164,0.6316313378956795,0.9559765407349106,4.4603927114931965
ID3354,3354,8,81750.0,1139.2115644927183,1430.5530501329158,0.0,7.0,7,161.3187622530063,1,,27.99933954648859,28.0,0.0,31.0,2289282.0,0.29749187679293004,0.3023967275656575,43.70553714404972,5.311884298321382,7.807035130657465,258.4287401996784,109.73608825501849,0.837038188361965,2.3550022996911393,81755.99999999994,1294.5050560640968,0.6130868440986581,0.9640014621089736,4.527348575460925
ID3550,3550,8,81219.0,1132.8797953308176,1423.1006119144797,0.0,9.0,9,160.78957712112603,1,,25.989253797483936,26.0,0.0,29.0,2111315.0,0.5055865333616996,0.29625006038361135,23.49621817038004,2.6758794523697502,2.5818949562300864,257.4592996589731,111.83794566172693,0.8147174382218423,2.3020746503847898,81220.4999999999,1305.7278260035648,0.5986461641035339,0.9370911356477782,4.581628060534757
ID3264,3264,9,100733.0,1355.8187794312794,1254.3272807897097,0.0,2.0,2,179.06154396018965,1,,12.998352259191615,13.0,0.0,23.0,1309506.0,0.27393378695146237,-0.0021130315833019424,-0.20095431402141317,-9.179020220190775,-4.745667385852985,222.32072515968252,160.00234395471077,3.0352447719941518,1.3894841766981314,100728.99999999962,1460.481516503658,0.5934337696621698,0.8631707034915325,4.601705315121095
ID3553,3553,9,102817.0,1345.9924395717,1284.6140452425889,0.0,12.0,12,180.88766248801122,1,,19.993123103260448,20.0,0.0,22.0,2055453.0,0.31390363037026736,0.24512543288689076,25.077807641896598,-54.38738825595801,-12.268413632063519,285.82367688349336,150.4479189910099,0.20819152972552835,1.8998180819009727,102794.00000000026,1886.465245079959,0.36297775737903354,0.675638459743599,5.883895155478163
ID3361,3361,9,106103.0,1342.8466971389078,1270.6469421734246,0.0,6.0,6,183.77993973294986,1,,26.996239892945322,27.0,0.0,33.0,2864679.0,0.44922046135734817,0.17990796458272137,18.326351084528174,-17.62543791247641,-0.22876492452938396,239.47298571761343,155.40353047294903,0.1662803448365302,1.540975195279095,106107.50000000035,1553.2701034547008,0.5526650228577273,0.8282304362928213,4.768413865401706
ID3266,3266,9,98305.0,1349.1266587997131,1263.4724436215793,0.0,4.0,4,176.89075520415378,1,,23.985821373719702,24.0,0.0,30.0,2358214.0,0.4278136068781351,0.2617388893970524,23.261020469820707,-23.486909357294333,-9.94267337226397,238.5531276496384,158.44293931012263,0.1261566875035416,1.5056090772383046,98301.49999999985,1580.8276171629743,0.4943118023653818,0.7943491365726326,5.042018583495917
ID3428,3428,9,97122.0,1346.9256069503108,1280.7617973283884,0.0,8.0,8,175.77923839822665,1,,28.993674276765844,29.0,0.0,31.0,2814242.0,0.38474506479510595,0.24005611821924921,29.17639521980785,-12.492863205910155,-6.182383290381223,230.1321466450689,155.58369838111815,0.10624788872376656,1.4791533370118037,97070.00000000013,1472.4106890193818,0.5626482475313656,0.8227003250289231,4.72592088246009
ID3334,3334,9,98471.0,1338.581220859882,1273.8941055517478,0.0,7.0,7,177.05353248691551,1,,24.988961329108783,25.0,0.0,28.0,2460713.0,0.5103850965738421,0.23562167749441243,18.67282130052201,-9.915233703777059,-3.3109300265160884,226.24917764818935,150.22823529190518,0.10363537777919896,1.5060363134038655,98482.50000000026,1498.363289239162,0.5512323293470082,0.8382987597783456,4.774606573983846
ID3209,3209,9,94790.0,1340.9244613046874,1257.6988301008096,0.0,5.0,5,173.6806111058258,1,,19.98673784830293,20.0,0.0,28.0,1894363.0,0.7591902253208943,0.1762880535948615,7.890971964037589,-40.603564930547094,-18.714603908857562,266.64494756052363,137.24393053190875,0.19115994684921916,1.9428542051156834,94765.99999999996,1767.6584003874307,0.3811235024136656,0.7437439912099983,5.742117386733592
ID3529,3529,9,101778.0,1364.641996109561,1282.7848125515777,0.0,10.0,10,180.00035192986624,1,,29.00185681865071,29.0,19.0,32.0,2952012.0,0.18844692083221173,0.23665557373153553,58.902636232146214,-21.62115840002387,-4.9539954535704,227.50171467638185,159.916575585503,0.09156774365601228,1.4226274783800814,101788.00000000003,1431.784900047389,0.6239515807216731,0.8659455274765946,4.487758595063446
ID3531,3531,9,101734.0,1352.4225418792162,1283.5486775243019,0.0,11.0,11,179.95879008880058,1,,26.995489032156616,27.0,0.0,30.0,2746845.0,0.32967590040457506,0.22985173943993698,30.607582510016872,-14.446461365372562,0.23757066509586175,224.45288512319038,157.45724101659127,0.014685284469375226,1.4254846818987499,101740.99999999981,1480.8472744203245,0.5830225133105001,0.8616787919338021,4.6426107146017515
ID3533,3533,9,100336.0,1349.4262934077526,1278.7649806061513,0.0,9.0,9,178.70877610104984,1,,21.99978073016854,22.0,0.0,35.0,2207304.0,0.28053283616950153,0.1393067453085572,19.17768242354857,-24.189121585395046,-6.1133315488225035,238.37031463345022,152.98286896492374,0.096906842377531,1.5581503749161896,100332.49999999996,1537.882986131832,0.5330953731591177,0.8085950879455197,4.855148025860164
ID3250,3250,9,95513.0,1371.0357248812427,1252.1283450083592,0.0,3.0,3,174.3546645782974,1,,17.002135767829472,17.0,11.0,19.0,1623976.0,0.1287603242459021,0.09783629244337647,23.534979086184574,3.2322913520101664,-2.74739982639604,201.26029051142064,160.90626345383643,-0.12720323981255144,1.2507921456342914,95503.00000000009,1344.256697466771,0.6641443162228312,0.8986234086396877,4.349844199232641
ID3162,3162,9,89328.0,1389.233945741598,1241.8989311777757,0.0,1.0,1,168.61577589001894,1,,28.98445004198153,29.0,0.0,29.0,2589036.0,0.6109347318378779,0.3663482847279668,25.44093046589269,-7.421850601792924,-2.478930686261384,211.56446162838685,142.5889643072546,-0.4920510086870524,1.4837365756616476,89319.5,1319.6612831745845,0.6445122802055604,0.8507348248897526,4.4155960250362245
ID3166,3166,9,68279.0,1312.9334636866054,1158.992588903861,0.0,0.0,0,147.42091367606045,1,,16.981339075156363,17.0,0.0,17.0,1159333.0,0.5306516024770078,0.542019067823492,22.496619889595255,-6.926186789204335,-1.9201358821368637,205.09965579904357,113.35214102817348,2.510197320068464,1.8094025744786453,68275.99999999993,1160.4103272525595,0.637169183787014,0.9136785477708701,4.440967044307851
ID3169,3169,10,53326.0,1836.9096483084356,566.6954105985727,0.0,0.0,0,130.27588290428295,1,,17.989816395041352,18.0,0.0,19.0,959235.0,0.41037442654798295,0.5555208239416486,31.31128935381637,-0.2356586114360699,-1.3259442572650657,163.6956847873055,105.82170706738447,-0.8272306202474048,1.5469008138667468,53318.5,929.6119253985497,0.7753261183633584,0.9558969853975996,4.025897605598902
ID3137,3137,10,48142.0,1766.81866435452,567.710346510493,0.0,1.0,1,123.8026594406549,1,,24.988307372793354,25.0,0.0,26.0,1203187.0,0.5001488293508788,0.30175203679021634,23.16271816059608,-0.7870851538039384,-2.6335256067760877,159.63051715487833,100.87743923472208,2.3338002667088342,1.5824203941522479,48151.49999999994,935.8393699969665,0.6909029728435212,0.9009205381031665,4.264777726194782
ID3333,3333,10,50826.0,1745.6940280892245,587.788780046422,0.0,2.0,2,127.2094257270724,1,,23.979717899789506,24.0,0.0,36.0,1218961.0,0.748727925974289,0.38610032251470844,17.842492936005478,-3.7971103691769725,0.788772145067764,163.2753622391961,103.69193526175883,2.534028365521585,1.5746196830739585,50837.99999999999,909.4788437817383,0.7723481645798885,0.9832983569142094,4.033651493872857
ID3499,3499,10,55949.0,1752.7961646014062,624.5590661508727,0.0,12.0,12,133.47049087801756,1,,4.004699617597655,4.0,0.0,29.0,224111.0,0.4375506209870337,-0.5449322545574138,-21.91987622964206,0.2568417466606397,0.3954062512038598,167.86948623090788,108.56190145653348,-0.4759965273023085,1.5463020081508083,55965.5000000001,959.7298568373856,0.7635407859335194,0.9477967077631776,4.056848706297909
ID3469,3469,10,53727.0,1748.2207036099112,624.3645197129947,0.0,11.0,11,130.7459908663142,1,,11.99582883319057,12.0,0.0,16.0,644200.0,0.21311820970678683,0.20474581176149995,19.131952686722244,-2.582618038682453,0.21406629765126176,163.4554607980275,108.96701814408155,-0.52413057993176,1.5000452759191654,53704.000000000065,912.7408644408606,0.8100680595380705,0.9802504289417018,3.9386208692429117
ID3470,3470,10,54989.0,1747.6182500590705,623.1835426549617,0.0,10.0,10,132.33703800503457,1,,12.993638214337647,13.0,0.0,16.0,714858.0,0.25120895995520826,0.274656792784816,22.29064935946807,-1.7904934715334562,1.1519993038213023,161.10191809858546,110.81067180869833,2.566111748061225,1.4538484016838116,55018.99999999996,919.7326094130659,0.8173336643169402,0.9857650926747107,3.9210758054015677
ID3278,3278,10,58470.0,1740.2290741802028,625.535962443724,0.0,6.0,6,136.40617743317347,1,,11.994594317190414,12.0,0.0,16.0,701168.0,0.22858130942201632,0.20821997061300107,18.086361797906882,-2.0043815962853926,0.3866847503233755,170.26336604576338,111.95756981571941,2.5292569549255,1.520784760923397,58454.50000000002,951.3841185529243,0.8115513773026303,0.982106704525408,3.9350198043874323
ID3185,3185,10,58385.0,1743.067616405039,597.4399869257536,0.0,3.0,3,136.32447890931965,1,,7.995683601109931,8.0,0.0,10.0,466804.0,0.1668319376478716,0.26107156607402937,19.843864038862833,-7.497884102416621,4.099515320525866,185.22072913509854,106.43509257513627,2.585918598635682,1.7402223707781785,58384.500000000044,1034.7035684594225,0.6852918005759758,0.9498897737718527,4.282202140474056
ID3411,3411,10,56844.0,1741.2346790981323,627.2809892397455,0.0,8.0,8,134.5151496305066,1,,11.994511294067976,12.0,0.0,16.0,681816.0,0.25075883720513387,0.23532788957251669,18.22415748323696,-1.2734977647579904,-0.5850015867310796,167.40858393488872,112.07615961721618,2.5895892571938757,1.4937037859492543,56845.000000000015,926.8850378309012,0.8314772893018665,0.9851392920584032,3.8875835541713992
ID3157,3157,10,54276.0,1742.924906096149,604.6603014751274,0.0,4.0,4,131.4289292301839,1,,5.010944466963924,5.0,0.0,26.0,271964.0,0.4988055119454151,-0.20351838314127377,-5.133886093683131,0.1957781438235784,0.24319799102163822,162.29121926891983,107.45010452512597,2.5631574473797194,1.5103867975388512,54266.500000000044,912.9689461580566,0.8181438398518671,0.9857406246877931,3.9191338812692167
ID3127,3127,10,63660.0,1743.7780771345535,621.2017856675307,0.0,5.0,5,142.34470768184252,1,,5.0137747969905915,5.0,0.0,30.0,319212.0,0.6011920156224106,-0.4681081667278263,-14.67927174522518,4.0280905199151045,4.907412685297872,166.12480757113028,131.40195514356753,-0.4896430247096904,1.2642491307654071,63655.0,1027.694631971572,0.7573806588476433,0.9535972435489309,4.073313408477827
ID3228,3228,10,56009.0,1741.2423829642796,623.9423761161678,0.0,7.0,7,133.4836070233606,1,,9.994926487664577,10.0,0.0,13.0,559486.0,0.20966018850059745,0.254345710049022,19.333068784195163,-3.2245464384394587,0.0445497729101208,162.8295171590702,114.70201354113559,2.6163725172051064,1.4195872603463466,55976.50000000001,936.6818248169037,0.8017360600530791,0.9776529970658097,3.9590339251749165
ID3484,3484,10,54220.0,1747.453516830855,629.1739137118892,0.0,9.0,9,131.35564582643016,1,,9.99614440939362,10.0,0.0,13.0,541861.0,0.18899520027754144,0.2652740156344547,22.177973727505062,-2.7551522270246718,2.5854036193278267,160.5591495848745,109.41645918902702,-0.48491338657854377,1.467413136697229,54206.000000000015,933.2336171858507,0.782125553685709,0.9652409273834542,4.008359766496688
ID3108,3108,11,78588.0,795.6797137779361,1260.8157286404453,0.0,0.0,0,158.1613702062724,1,,1.0098610545602607,1.0,0.0,16.0,79367.0,0.3750593457422985,-0.7299368380781677,-14.554978280520865,6.89421151542573,-1.5327497527790748,247.0997302656724,109.79118000143306,-0.06702631476941517,2.25063370538915,78586.99999999999,1391.3346748144434,0.5101493724598452,0.8600304234107048,4.963136888200675
ID3168,3168,11,37052.0,767.3477150737197,1157.0450078961221,0.0,1.0,1,108.58780902499707,1,,29.952189406619514,30.0,0.0,30.0,1109489.0,1.121976000648156,0.44337377535715095,16.40084383098567,1.8481233258592997,0.7824593891160683,159.69382993670408,79.43250104037072,3.0787374624085624,2.010434366853706,37043.499999999956,970.8603145919534,0.49386514858022784,0.8346702417701258,5.044298079967569
ID3386,3386,11,33811.0,747.4995367701049,1114.1006761185276,0.0,2.0,2,103.75644320079061,1,,38.949353989888536,39.0,0.0,39.0,1317384.0,1.3517471111988482,0.5494796187972757,20.436217898369616,4.054593753472293,0.602877444731103,137.45498633717537,81.52208924080574,3.045374277730709,1.6861072577660647,33820.49999999999,780.879239136008,0.6969829186127422,0.9310914421793054,4.246135653249494
ID3328,3328,12,36667.0,871.1109792797462,1063.6551018738237,0.0,6.0,6,108.02867840141488,1,,22.990480346962713,23.0,0.0,29.0,842854.0,0.5233155671207952,0.09895412342017086,7.911680123720462,0.35073178988004194,1.2567762700887584,135.12751469586487,87.7204760631734,0.39670631218885966,1.5404329839540598,36663.000000000015,755.5693647928587,0.80702907479874,0.9810023278837667,3.9460296244662985
ID3233,3233,12,33000.0,915.7794457741287,1060.1248926995283,0.0,3.0,3,102.50099713304438,1,,14.990394230477865,15.0,0.0,20.0,494698.0,0.4066848594185259,0.1361777187110303,8.835778743271378,0.6140503017917859,-1.5272388457831745,114.2270495381179,94.50087351154433,0.7293243532331176,1.2087406739596307,33006.99999999998,720.8652296281621,0.798192717092648,0.9805564220251616,3.967811680603218
ID3170,3170,12,37792.0,880.6195665118495,1055.7713932224472,0.0,5.0,5,109.67140244513972,1,,14.994864600153532,15.0,0.0,28.0,566461.0,0.38915994261838366,0.044865729277946194,3.3090144225866744,0.5522173136541304,-0.052285948491946246,130.5774896300352,93.69691281889918,0.4493306816117033,1.393615709435594,37786.49999999997,784.5256046269527,0.7714935267807016,0.9691082557513263,4.035885055618232
ID3110,3110,12,62708.0,1071.956205533807,1136.9810069391845,0.0,0.0,0,141.28584652191748,1,,2.0033645336692554,2.0,0.0,17.0,125637.0,0.25978399292100024,-0.5616509443152742,-19.761686579330718,1.3195962640876264,-3.88653676046492,145.58021956096377,143.8106624570585,1.7685102411270188,1.0123047698527476,62711.50000000009,1045.9138206437165,0.720385975355625,0.9154696213249259,4.176594453176743
ID3502,3502,12,45159.0,906.3813814478636,1092.8807578776475,0.0,10.0,10,119.90853830700226,1,,23.999158733672793,24.0,0.0,32.0,1084042.0,0.2835637889631119,0.053563181033610165,8.605597301547984,1.2048813761097625,0.8947301561629855,166.44721915138328,85.89587393087135,0.5086420350849842,1.9377789820887013,45170.000000000015,875.9449036130509,0.7397864529972275,0.9810820790165291,4.121466222154483
ID3120,3120,12,44000.0,974.4799208648075,1079.5449972548797,0.0,1.0,1,118.36893771211689,1,,19.99900052245417,20.0,0.0,30.0,880416.0,0.48040888322757697,0.07944554078982158,6.127679571976182,-0.10713273844403196,-1.0390931223725004,130.57035879296373,108.94951925721548,0.7098523073359367,1.1984482325681887,44017.50000000001,825.5340078542715,0.8116434710521424,0.9626887705446873,3.934796553032968
ID3248,3248,12,34225.0,934.8238990955205,1068.3358160274947,0.0,2.0,2,104.39336939324477,1,,10.015891563449404,10.0,0.0,39.0,342864.0,0.7219854819328173,-0.1615848536565687,-5.347276961042966,1.188105695190005,0.08301530933773503,116.27783574128625,99.28823376951169,1.0117171635654694,1.1711139510368804,34237.00000000004,724.5430776272179,0.8195531877107491,0.9855351976856325,3.915762654322006
ID3507,3507,12,36982.0,886.9427503615696,1079.5539718583998,0.0,11.0,11,108.5115669169315,1,,22.005271410034602,22.0,0.0,35.0,814019.0,0.34015153231433,-0.014800044329466354,-1.943671765537253,6.865200506929036,1.5395778634927801,143.09244152873146,90.3755095302989,0.39853060669433993,1.583309928457542,36991.50000000003,783.0051884742667,0.7581978115561955,0.9783652256707978,4.071117796494549
ID3187,3187,12,35700.0,896.7400972541113,1058.9640803793097,0.0,4.0,4,106.6213828233713,1,,11.010918558750245,11.0,0.0,31.0,393299.0,0.5018511497073083,-0.14231503731212994,-7.281177489647721,0.11530756592193805,-1.5903245830709543,123.25716019414057,94.67351569627658,0.7630022283487244,1.3019180632265055,35713.99999999999,739.6681747777401,0.820303363534054,0.987051751537345,3.9139717422601987
ID3543,3543,12,48806.0,917.2608842631482,1094.2289912379547,0.0,12.0,12,124.6450449666757,1,,17.99336323972224,18.0,0.0,21.0,878418.0,0.3616757197639099,0.1534673315188168,13.238343062073032,1.8012716339687909,-0.5619145554229361,178.93740435566025,87.59916480810423,0.45336492076466683,2.0426839085468753,48808.9999999999,958.1133551577739,0.6681530977175623,0.964843093649615,4.336775480987054
ID3515,3515,12,33247.0,875.8347369687491,1071.2067655227038,0.0,9.0,9,102.87297403085267,1,,18.009115249240395,18.0,0.0,34.0,598641.0,0.3627610923082168,-0.06190406097024922,-6.551994984102851,1.7671976548989037,1.1860860518089007,129.13268532597866,83.0124973419345,0.3705694914260511,1.5555812613861228,33247.0,727.327667147862,0.7897726882964969,0.9829846995343334,3.9889066831862463
ID3292,3292,12,36019.0,871.7013618092079,1066.4531184228179,0.0,7.0,7,107.09278385654689,1,,19.99883436944938,20.0,0.0,24.0,720598.0,0.2909432436258858,0.09109881601388829,11.478233387055568,6.097397738967147,3.0770933681839425,144.70890608386262,85.7247552907933,0.40573032691246436,1.6880643822544001,36030.5,767.2698378213233,0.7691019297012427,0.9816371289623889,4.042155173116301
ID3423,3423,12,33971.0,873.9228484536335,1068.9321192946313,0.0,8.0,8,103.99699109978977,1,,23.995732155997057,24.0,0.0,27.0,815255.0,0.33594973277741785,0.08986309972941305,11.77874847052683,0.9599874363735579,0.7453258903017896,131.97326095203312,84.55103222343091,0.4117239044766732,1.5608710796491079,33977.50000000001,738.7223153394564,0.7824180275140501,0.97924922544852,4.007610518739756
ID3203,3203,13,78055.0,1715.147088083344,357.0932752657871,0.0,2.0,2,157.64026393776598,1,,2.0225689107490523,2.0,0.0,34.0,157906.0,0.8189159448054095,-0.6822190466872776,-10.604494531082214,-0.10738904550614065,-0.4782864032276633,170.8962268525528,151.31518861187737,-0.6414536804631874,1.1294056361447011,78069.99999999996,1123.6931334292312,0.7769598723017778,0.9671884388337243,4.021662646005183
ID3270,3270,13,67425.0,1697.9732745558942,391.2851286652479,0.0,4.0,4,146.50418584610458,1,,25.984357624731263,26.0,0.0,38.0,1752515.0,1.183459646412625,0.46596718987742136,13.957884940776465,2.0812091259969856,0.08929721278435632,182.43454737457827,121.99758998515686,2.7643162953443254,1.4953946827701647,67429.50000000012,1073.356464689419,0.7354816651931694,0.9652711669088351,4.13351013361177
ID3174,3174,13,63415.0,1799.0988434140315,343.9005835501932,0.0,0.0,0,142.06490887437067,1,,18.98009965939195,19.0,0.0,19.0,1203642.0,0.5908296254417628,0.5991654769901459,24.07241139917475,-0.7483217768133442,-1.0423013080360881,157.6034985273134,128.48097560120908,2.781601221228633,1.2266679778062821,63404.99999999998,970.743996224374,0.8455201159114272,0.9860885387911257,3.855164905259159
ID3464,3464,13,75008.0,1684.4742712826358,412.80340464396903,0.0,9.0,9,154.5101958406867,1,,4.008253113250313,4.0,0.0,36.0,300627.0,0.49420167391599534,-0.44516396739521175,-13.014763145150221,-1.642566095360147,0.0060018246087012095,172.14001668851716,139.95661626116544,-0.3411209096882739,1.2299526902486413,75000.49999999987,1040.032692830406,0.8713247293842569,0.9884353831149989,3.7976497838955208
ID3242,3242,13,71413.0,1691.4299661224309,402.35915709993066,0.0,6.0,6,150.73948411178415,1,,5.999565777678171,6.0,0.0,12.0,428321.0,0.14403028595396355,0.13814393699179156,10.111850302398286,0.8093251501391737,-2.036969753519613,170.09449314239296,138.56913743087247,2.7866528935063504,1.2275063285809038,71384.50000000006,1027.1639876868712,0.8502256770592397,0.9887597650839388,3.84448192763189
ID3403,3403,13,74315.0,1685.2879450567689,403.65492483884424,0.0,8.0,8,153.79418946325296,1,,4.999609748220317,5.0,0.0,12.0,371526.0,0.14493599173305033,0.11269068431488166,6.987203938648453,1.36282277213996,0.4616187291105933,168.08945579756985,142.5525688543486,2.871816511044778,1.1791401386060834,74307.00000000004,1042.2586842930489,0.8595844432200495,0.9884470339405796,3.823496161282672
ID3183,3183,13,70115.0,1688.9506555802766,408.1518982828456,0.0,7.0,7,149.3941631378638,1,,3.999885916376704,4.0,0.0,10.0,280488.0,0.1286170605488666,0.1054413985618034,5.932728216732016,4.164305092100985,1.0212689158515484,176.7367353080224,128.25536699450598,2.776694216188343,1.3780065462336029,70116.0,1032.8402817973774,0.8259631299996085,0.9895353350033518,3.9005387909356704
ID3279,3279,13,69656.0,1703.2789890696656,390.82760381903825,0.0,5.0,5,148.91666228328995,1,,29.9869973305778,30.0,0.0,31.0,2089434.0,0.5998863647226227,0.3785329745592258,27.452414310963732,0.5199359715922476,-0.6060901112375969,181.85632677949673,123.19511655515012,2.8110370258230484,1.476165061283789,69668.50000000003,1129.152035497849,0.6866595752710705,0.956860025134083,4.277935100759489
ID3153,3153,13,64018.0,1701.718374823274,377.3408072507804,0.0,3.0,3,142.74275210830754,1,,2.9993908248855843,3.0,0.0,8.0,192024.0,0.11143439000875204,0.10095555121235758,4.936330543753402,3.6040074160534328,2.29322969129914,161.98074588808393,130.59823340720254,2.995689256630042,1.2402981392790466,64011.500000000065,1085.3417746310486,0.6828649624056597,0.9216056092662319,4.289804664628127
ID3095,3095,13,70141.0,1731.1203103572032,345.3941439032564,0.0,1.0,1,149.40215294234895,1,,5.030593333903573,5.0,0.0,27.0,352876.0,0.816557806029227,-0.4927419467884093,-11.968861905890565,-1.9944771477091994,-0.6439429845390868,162.45360249075563,137.65304743813132,2.777613537173899,1.1801671340677802,70123.49999999994,1002.8932777633462,0.8761208338660048,0.9904658997012639,3.7872408769268873
ID3447,3447,13,65632.0,1690.0551559575242,412.1695950768168,0.0,10.0,10,144.5267179320476,1,,4.998796392223779,5.0,0.0,13.0,328101.0,0.1690136882016512,0.0911961651956031,4.943645377066919,0.3308750542801688,0.9642603855204972,166.5874207817168,128.00634795850797,-0.33003438727659196,1.3013996839884416,65621.50000000009,1023.2693942719275,0.7875462140631359,0.9576775172756009,3.994541228583647
ID3452,3452,13,70597.0,1688.612856987678,412.6204725673831,0.0,11.0,11,149.886601992859,1,,5.99917838879209,6.0,0.0,12.0,423500.0,0.17181700668135919,0.17080728036595305,10.187710295316021,0.8291433361275543,-0.1055432789837633,172.04612297143902,132.67030902684476,2.8089817791289193,1.2967944691877282,70578.99999999987,1018.5978749089292,0.8548301535944167,0.987616142393371,3.8341139448533084
ID3485,3485,13,71696.0,1685.858155682051,417.2228663243857,0.0,12.0,12,151.04694436535075,1,,1.0230037386306567,1.0,0.0,31.0,73333.0,0.7977818497847406,-0.8782030663071057,-18.491905242683565,1.4046086158030975,-0.14008090318149585,177.8655823712932,130.59982193773862,2.828908618658504,1.3619129010458204,71675.99999999996,1023.0633521001998,0.8605548751707047,0.9848986602542078,3.821339709913323
ID3234,3234,14,74733.0,1271.941107519902,721.4902212050848,0.0,2.0,2,154.22047704734214,1,,6.000361387728879,6.0,3.0,21.0,448299.0,0.16592959038111207,-0.3037921861001325,-31.5588571874711,-2.8275976229286184,2.126634635688017,185.7732062325829,134.95362536725668,3.138030927037158,1.3765706977269274,74719.50000000012,1119.3647957909252,0.7493772989588768,0.9629732255050438,4.095007161606917
ID3396,3396,14,100380.0,1139.0029566250978,789.2808129805968,0.0,7.0,7,178.7653191570104,1,,36.96774707651852,37.0,7.0,37.0,3711340.0,0.9113350980315754,0.5305733810215604,28.12329386553662,-2.3775118382918095,0.9337512638639988,315.0554651671645,110.64843543115272,-0.23449431287298167,2.847355807061522,100395.99999999981,1584.3356095503427,0.502610904705893,0.927938627908587,5.000218453821025
ID3113,3113,14,82359.0,1362.0493486152764,691.5233053677015,0.0,0.0,0,161.9165129187122,1,,3.003617822022581,3.0,3.0,8.0,247408.0,0.11592486292845632,-0.30500485319861664,-22.74170675164628,-2.0137874543604,0.006173373184354938,214.80452665207116,125.09390624625625,0.34855692909868186,1.717146207179854,82362.99999999981,1203.3162082589747,0.7147966162921296,0.9698379148537793,4.192892115671532
ID3305,3305,14,101857.0,1145.1690690808637,789.1232579224027,0.0,6.0,6,180.04809198858422,1,,16.99822285933097,17.0,10.0,21.0,1731252.0,0.09203397795472082,0.07331028178949417,25.23044554866898,3.1145973568694165,1.2341404232858537,320.2577535763961,111.88136068506049,-0.21633082040613488,2.8624763912007025,101842.00000000023,1559.6414557114933,0.5261229455165676,0.9534160909210082,4.887213486480463
ID3567,3567,14,63330.0,1250.8704841316217,787.5430728171439,0.0,12.0,12,141.97301476976594,1,,23.999399892612363,24.0,17.0,28.0,1519690.0,0.09336555550638459,0.1333416462780077,60.485135421430456,1.6557126065673213,-1.145348363887096,176.22670507778062,117.34701950642459,-0.14565423008621195,1.5017569753284825,63322.99999999999,1052.8951778993783,0.7177960639236386,0.9767169243820614,4.184122545413427
ID3476,3476,14,74272.0,1221.3852524110455,786.6127263264395,0.0,10.0,10,153.78021826358386,1,,15.00020196308115,15.0,9.0,21.0,1114080.0,0.12716401862842674,-9.7770294300375E-4,-0.2308844047989032,-0.6697981481389941,1.147475788409405,199.9000996528001,125.36218743438354,3.0957429835959918,1.594580501057632,74293.50000000012,1077.032049467349,0.8048286519478667,0.9872365588540162,3.9514202172287174
ID3254,3254,14,104592.0,1157.9742178835047,767.7160748205657,0.0,4.0,4,182.45929512137852,1,,21.992465746875865,22.0,0.0,36.0,2300170.0,0.5360744604396984,0.16574288131554712,11.665702991954312,-1.712785190997916,0.4276683026307508,297.6495591085661,115.04594707573645,2.9757788101051057,2.5872233370604443,104588.00000000003,1560.4761633240244,0.5397311008205151,0.9608628546229607,4.825209897562659
ID3414,3414,14,61475.0,1243.4848157064316,772.6929308045154,0.0,8.0,8,139.88943913965443,1,,14.999349149012334,15.0,9.0,21.0,921830.0,0.15178957885122077,0.010303151340249143,2.015481544432329,0.023376150736905858,1.3615637662174043,169.637785976385,124.46265371757642,0.010163277057691378,1.3629613455078455,61477.999999999985,1010.4265682531537,0.7566936342986907,0.9786763242726944,4.075162129853283
ID3479,3479,14,103537.0,1120.9141851782083,807.9674633190523,0.0,11.0,11,181.5222447336537,1,,15.000347775684684,15.0,0.0,35.0,1552761.0,0.2919002311132725,-0.016669856535825207,-1.7423259085950296,-3.596962572678095,5.688000910057958,320.2817781996118,114.28170058275474,2.8816689949575665,2.8025639850160116,103516.50000000033,1663.444667078355,0.4701135030112737,0.8931574338111928,5.170155070254474
ID3575,3575,14,104936.0,1144.510172405028,797.2922989667137,0.0,9.0,9,182.73821039883543,1,,32.97843311118103,33.0,0.0,35.0,3458877.0,0.7583633961964035,0.33426142044957574,21.788532257702887,9.30152267337405,-0.2895233952689998,329.6956516472486,111.65408677963727,-0.2631003152881282,2.952831026220675,104907.99999999981,1645.5464197604927,0.48685338697374203,0.9270767055496624,5.0804927291719295
ID3191,3191,14,107189.0,1175.5965521959654,748.4973022729322,0.0,3.0,3,184.71415319393998,1,,8.998190180328939,9.0,0.0,13.0,964543.0,0.10666850940572357,-0.03287143309268123,-5.734339003970313,-0.20728030474009906,-0.13936120136593705,296.34549554433835,120.3557218594588,-0.14305596685096855,2.462246837673289,107188.99999999996,1500.6081849149818,0.5981711477865329,0.9675975031256061,4.583446867910682
ID3134,3134,14,62936.0,1251.5814097929065,760.278418737204,0.0,5.0,5,141.5278313722933,1,,7.016037765839082,7.0,7.0,32.0,441407.0,0.5863897222014048,-0.45688122243896817,-20.130012984703637,-0.3250346814438215,-1.798261754934402,171.64984477082507,120.64985448024758,-0.03975875926831106,1.4227107484736092,62926.49999999994,1020.6747817505747,0.7590470060261412,0.9785250553978919,4.068839849165441
ID3103,3103,14,78622.0,1274.6538577350848,688.4124017939502,0.0,1.0,1,158.1719358145764,1,,12.004516367059782,12.0,0.0,26.0,943591.0,0.3036506522367696,-0.19667876468555612,-19.3583648078323,-0.4038803209663996,-1.3477129309215568,213.08533476511508,119.65906290013628,0.16045445789719404,1.7807705459213687,78597.49999999994,1183.2505438714707,0.705448266945203,0.9751490375369875,4.220582040306422
ID3235,3235,15,46954.0,1166.7528717265868,341.34749578339995,0.0,6.0,6,122.23203460121124,1,,5.0099705995142525,5.0,0.0,8.0,235158.0,0.27069454081613575,-0.045174358059861856,-1.751271951119476,-1.2150830715591616,-3.715530112939391,147.20631494032293,106.05705070332486,-1.2508174466677255,1.3879917833290083,46937.50000000008,878.1298095520837,0.7649135916104198,0.9780785380135253,4.05320661779405
ID3587,3587,15,61664.0,1227.105292326991,358.569638869514,0.0,12.0,12,140.0838540779933,1,,33.99445255474453,34.0,3.0,34.0,2095758.0,0.34902772134784443,0.23861544193653905,37.52668318973363,1.1101516835926757,-2.9120672232260754,170.13638834090153,124.90992387153733,-0.6943952533001418,1.3620726285597373,61649.000000000015,1066.9958479034979,0.6804722850795137,0.9229513964264062,4.297339954258368
ID3300,3300,15,67678.0,1206.040203035679,350.8306869702346,0.0,5.0,5,146.73268450305,1,,32.83985749342163,33.0,0.0,33.0,2221485.0,2.2772375521409542,0.3778703351714077,7.909651911163111,0.761257809597038,-0.7044335868192467,219.42901781911493,104.65783534775301,2.3210064746610293,2.0966324890057653,67640.00000000003,1284.5912052124322,0.5150905405017545,0.875190849571721,4.939274297014908
ID3461,3461,15,78513.0,1202.6098811510387,358.2935238143765,0.0,9.0,9,158.07681991704598,1,,3.0095151962907294,3.0,0.0,36.0,236265.0,0.4648513455214878,-0.562553973259615,-16.651454080070934,-3.6215785660463102,-1.4323624717811791,198.92017338476748,132.7834238096935,2.409509949392991,1.4980798632656274,78503.0000000002,1239.7211436343903,0.6418715124351418,0.9098316006629371,4.424669955465191
ID3337,3337,15,68626.0,1215.36663463685,340.21242805423714,0.0,4.0,4,147.86288527693432,1,,36.9439729835951,37.0,0.0,38.0,2538014.0,1.4240367810055028,0.41094678641830584,15.112187761689519,0.8154294674099164,-3.766390579778162,216.38501800248363,109.5346127265195,2.3284854408262388,1.9754944361079985,68685.99999999997,1315.2682667277304,0.49894124382888044,0.8713898773842822,5.018572809998145
ID3177,3177,15,69757.0,1339.0078086556882,226.26733359131276,0.0,0.0,0,149.02830499170832,1,,19.9274832681256,20.0,0.0,24.0,1390480.0,1.2191684084847978,0.5449048375464278,11.530222252338403,-0.44938320817224275,-8.067814903802255,179.60631269473132,135.498212747632,2.265001031244712,1.3255253265166786,69773.00000000004,1139.22250302277,0.6755852368241013,0.9042580076593602,4.312854994790486
ID3402,3402,15,75599.0,1201.0929255444646,351.5412485474699,0.0,8.0,8,155.11263717708843,1,,4.000661454405948,4.0,0.0,6.0,302414.0,0.19287366433499345,-0.06762494224133626,-3.0088817912149146,-5.2386549636958275,1.8528163959021795,190.4703055828014,135.31473267516154,2.345305527666901,1.4076095175833299,75586.49999999994,1180.4609088755496,0.6816334274075082,0.9160501008925805,4.293678198588949
ID3147,3147,15,47331.0,1252.696509871444,296.9722905905261,0.0,3.0,3,122.74657224411783,1,,2.0002112423160607,2.0,0.0,5.0,94688.0,0.08118408011752117,-0.019988313579804885,-1.0050319887965715,2.6578035738422603,-1.123999933421288,147.1587807292126,106.10634216389128,-0.25877703775270156,1.3868990083732406,47333.49999999994,857.9938834029051,0.8079976530406848,0.9677574344977034,3.9436637855832632
ID3437,3437,15,91646.0,1195.8460038773646,325.0683721979129,0.0,11.0,11,170.7948269109493,1,,1.0023898121978634,1.0,0.0,11.0,91858.0,0.14521762321028112,-0.6465542069017424,-25.253957217957783,-5.272270124166218,-2.9027546769790797,204.35167525874834,160.03483272649058,-1.3371089118028985,1.2769199790897898,91643.0,1426.8799998824418,0.5656323767096314,0.7820102569353781,4.7134380324413
ID3093,3093,15,68941.0,1279.1208252328584,264.95404975384224,0.0,1.0,1,148.1209884354812,1,,3.0015813602599812,3.0,0.0,27.0,206893.0,0.2512414265983804,-0.5870404668397781,-33.966391279990496,-4.249514299911212,0.3950461104059578,179.73253873440046,126.21415250400881,2.421753486692815,1.4240284086104513,68925.99999999999,1097.095553843663,0.7196213334657038,0.9435003114156062,4.178812808184596
ID3446,3446,15,78702.0,1187.4237000095295,356.7985631544953,0.0,10.0,10,158.27755310649644,1,,3.9831507789270377,4.0,0.0,7.0,313466.0,0.27449581774780324,-0.0793068492883753,-2.4998663724430417,-13.955593417677049,1.2392066732048308,208.76884716337003,139.87488710875795,-0.4970568417337145,1.4925398795928568,78702.50000000006,1290.311049609312,0.5940316150978359,0.8302695916827991,4.599389107540268
ID3388,3388,15,69541.0,1194.6320297737234,372.8448102212886,0.0,7.0,7,148.73860867154107,1,,34.87620500129493,35.0,0.0,36.0,2423966.0,2.0911822231566966,0.5851021322462098,12.312373164604795,-1.8440020235691112,0.5184194498439139,210.72997309460672,115.32672251326215,2.353144413434641,1.8272432312500126,69502.00000000003,1284.8305724215757,0.5290728088725429,0.8714601867002703,4.87357003039286
ID3356,3356,15,60352.0,1261.1472116608545,278.9052224237856,0.0,2.0,2,138.61335503797216,1,,29.984560333973892,30.0,0.0,34.0,1809988.0,0.6794852592502353,0.34957600481081247,22.860825459803543,-3.0515356693045765,6.206704710354934,189.66292464696818,113.60622250778289,2.360778530668049,1.669476552078605,60361.50000000013,1195.381886786399,0.5308313283520739,0.8199285500828619,4.865490837457879
ID3331,3331,16,47982.0,1122.2555773218435,579.1559722410361,0.0,4.0,4,123.58778553557022,1,,35.96649092462542,36.0,0.0,37.0,1725924.0,1.0134357418267048,0.37668740729732375,19.42126922611485,-7.940657525291114,3.117638818776316,199.9367273314801,79.02777330569828,2.5793977300406397,2.5299552166056505,47984.49999999998,1052.966774087591,0.5438529679932749,0.9550769781953163,4.806889962367035
ID3206,3206,16,58022.0,1163.0046466212918,519.1639614026019,0.0,2.0,2,135.9158351505676,1,,3.0146465864837855,3.0,3.0,30.0,174952.0,0.572753856549313,-0.6561002980185621,-20.083380444039037,-1.5231543691742089,2.8529409468484386,193.31286828982857,100.54999446699829,2.4516632256026303,1.9225547382131003,58034.99999999993,1041.911488929788,0.6717972147606833,0.9725259532966332,4.3249972189165105
ID3497,3497,16,62379.0,1071.8333146313573,630.681638934308,0.0,12.0,12,140.91418423961866,1,,3.0412271984098997,3.0,0.0,34.0,189730.0,0.9632001280037049,-0.7827392253706081,-22.750875002546813,-28.846777403426575,22.211364908374367,288.2023210838446,82.61369014738399,-0.7143936626609829,3.488554022580127,62381.999999999876,1578.5319215501347,0.31460268214099835,0.7678162617236527,6.320096676157149
ID3114,3114,16,54094.0,1287.0356623536659,466.9980837954405,0.0,0.0,0,131.22714979204224,1,,4.004750110897531,4.0,0.0,20.0,216673.0,0.22609870824710268,-0.37588191800831317,-21.334968486236153,-6.471667999943857,2.4541954166792106,175.52895215445957,104.97433861035108,-0.4988402650721123,1.6721129609208263,54100.000000000044,1053.2159730827605,0.6128754923365369,0.8845940024199621,4.528129142338815
ID3467,3467,16,50158.0,1090.7353017404653,614.0227343713657,0.0,11.0,11,126.35705592127718,1,,11.00027914581381,11.0,1.0,15.0,551697.0,0.22039115717772467,0.08590876350172406,7.89739147789476,-22.778777486550787,16.658745404845494,231.68681749816784,82.00389751299349,2.456337434503723,2.8253147048462806,50159.000000000044,1208.7343465892397,0.43141675490723175,0.8607662276373941,5.397049833504537
ID3468,3468,16,51078.0,1095.5047764933884,608.8923086710973,0.0,10.0,10,127.51620709097989,1,,11.996046270380301,12.0,4.0,17.0,612890.0,0.2024126037028296,0.11505055617584997,12.229951656018887,-9.223589167137533,7.080630028083002,213.1552738999448,81.41603539834293,2.5325058356057575,2.618099405811686,51083.5,1096.146419785564,0.5342608736796708,0.9537087168381164,4.849849334406117
ID3410,3410,16,50150.0,1093.9084810892386,611.7350199777951,0.0,8.0,8,126.33186210679031,1,,10.999361837906829,11.0,4.0,17.0,551552.0,0.19961370961345454,0.036379473988983495,3.868518974110398,-8.852104854081178,5.773307253140966,215.83379686192387,79.06464569861451,-0.6202024649080414,2.729839550342866,50139.0,1123.2965293086538,0.4993403919940275,0.9368536113680317,5.016566608790811
ID3220,3220,16,44584.0,1093.237927527779,607.649984297187,0.0,7.0,7,119.1201834547823,1,,9.02521536252692,9.0,7.0,37.0,402308.0,0.8131788565035927,-0.42149737591841163,-16.173016648190593,-1.7089219053245046,1.6574333478855674,194.3314694901671,74.89954322293165,-0.6189772195088953,2.5945614769873457,44577.99999999991,1009.292544313385,0.5499159466405382,0.9678876175174224,4.780317858309704
ID3481,3481,16,50073.0,1081.1813034081463,623.4557273482959,0.0,9.0,9,126.31422344677785,1,,9.002273996648848,9.0,3.0,11.0,451302.0,0.2873646807163779,-0.25979309451778304,-21.989902536045033,-27.27899627079115,15.574081174366725,239.70760622495098,77.62650457167142,2.5012610196230254,3.0879608395046625,50125.00000000005,1252.4808098317098,0.40153378141217744,0.8772313615680791,5.594275982690487
ID3291,3291,16,39996.0,1074.567498572506,619.6204179534949,0.0,6.0,6,112.8216950930118,1,,14.996323713299654,15.0,5.0,17.0,599643.0,0.16739772368725986,0.12347555480769012,19.691672906585534,-4.490219946918586,3.5047835820201096,178.76114775924168,76.78572729148843,2.4604914930889565,2.3280517625449004,39988.50000000002,929.6001096995159,0.5815039178944564,0.9494058571445532,4.648668842680811
ID3100,3100,16,47660.0,1205.9487651536608,493.7882368779001,0.0,1.0,1,123.17500383603522,1,,9.001762225438982,9.0,0.0,26.0,429087.0,0.32087905751538015,-0.17582597384353219,-11.969617363319514,-3.797761615327373,0.7195719858092036,176.17436585224343,90.35879239653922,-0.488750414190782,1.949720233965754,47664.49999999999,977.9725411878788,0.6262555437501307,0.9546169175153462,4.479495868077341
ID3293,3293,16,46549.0,1124.6153903984534,581.0303762574732,0.0,5.0,5,121.73297314732102,1,,31.977380619938565,32.0,2.0,33.0,1488643.0,0.7526258922250498,0.2834681089060982,18.767777727731332,-5.705771172018405,2.5241811540857872,205.5074009676631,74.5987581661764,-0.5617111356378096,2.7548367562617364,46555.000000000015,1036.1926787787793,0.5448728346208006,0.9535855472030484,4.802389203194278
ID3165,3165,16,64029.0,1145.2922757399378,524.7095576650129,0.0,3.0,3,142.7271415710659,1,,5.000359436778196,5.0,0.0,9.0,319968.0,0.09109501500626989,-0.04235460529447893,-4.855483938128684,-2.005552498172932,-2.202659557403451,187.23126279537271,117.94433937654021,2.3375472069144942,1.5874544194752094,63997.49999999985,1156.6957062891963,0.6010832502609359,0.9154007895640212,4.572330543716821
ID3104,3104,17,28632.0,1037.3237681767093,753.1811381517264,0.0,1.0,1,95.44563786594439,1,,12.997937856069344,13.0,0.0,24.0,371884.0,0.2570827067759447,0.05228965049599872,5.024721875448362,-6.31969032801866,-0.41600871261528916,120.39349802939849,83.02483797838919,0.3863767869246601,1.450090129182018,28619.499999999996,681.6065471432677,0.774113068744434,0.9788962427103104,4.029050699166589
ID3236,3236,17,38576.0,1006.6391023398255,766.5427967327968,0.0,2.0,2,110.82484429650533,1,,6.997901336926106,7.0,0.0,9.0,270091.0,0.08680686761768043,0.06926419171751326,10.444014666028822,13.061901118763924,0.5828955288275207,149.97301757497266,93.09962401617041,2.851984887107239,1.6108874676972267,38585.499999999985,815.5231192438137,0.7290569285787836,0.9685115461847386,4.151683243413708
ID3117,3117,17,35412.0,1134.9800301254443,761.3147096895667,0.0,0.0,0,106.1628809662425,1,,4.995790722639697,5.0,0.0,7.0,176841.0,0.14026124105938673,0.09715193122430398,6.307848030832059,0.28837897449068584,0.723901202333756,130.36364959743574,96.91763810623759,-1.5330284098644924,1.3450972613935954,35407.50000000002,792.4357491080766,0.7085606150093726,0.9753191841007074,4.21130239880927
ID3171,3171,18,63813.0,567.4973701666693,314.95969852238363,0.0,7.0,7,142.52795734999975,1,,2.000908763298497,2.0,0.0,8.0,127704.0,0.09383450912845838,-0.20914418180612335,-11.278287701005441,2.974017395872331,-1.4127306989858415,169.10983241020912,125.82264326741108,2.3469782508560417,1.3440333791970949,63819.000000000044,993.0057690605578,0.8133103809501919,0.9703950369491839,3.9307622288519135
ID3400,3400,18,57156.0,555.5003789601334,307.45803453784356,0.0,8.0,8,134.90385254940665,1,,2.0027810816483593,2.0,0.0,10.0,114503.0,0.18126935425013083,-0.353993342120086,-12.108690770180754,-1.7735425227536794,0.2368126594628339,179.26384772853623,103.02802425659998,2.2782293468223678,1.7399522996001993,57174.00000000002,959.2187573009066,0.7808598912828313,0.9875634780806307,4.0116069406883295
ID3307,3307,18,48476.0,563.1134012819455,298.60053712415066,0.0,5.0,5,124.20887071202273,1,,33.96506469119498,34.0,0.0,36.0,1645981.0,1.097720732841432,0.61197975834525,23.493517687606968,-1.957685868317804,1.206311650973644,181.80622730305882,88.41400445540934,-0.8695872351833759,2.05630576765416,48468.00000000004,973.3136838937919,0.6429235067406587,0.9543387087246743,4.421048503456186
ID3182,3182,18,52634.0,583.3132824103543,221.578499925579,0.0,0.0,0,129.430181352819,1,,20.866128266033254,21.0,0.0,25.0,1098080.0,1.6716423035189714,0.29384766890202735,5.669798404150285,0.039781954433899674,-1.8954765266070381,197.31964384339867,89.37676419678037,2.399127454361119,2.207728659866909,52628.49999999996,1028.4585017224506,0.6252551979884133,0.9519748206969523,4.483077808577149
ID3441,3441,18,63487.0,562.3023483571477,303.00020479858847,0.0,10.0,10,142.14554739874362,1,,2.0012445648749133,2.0,0.0,10.0,127031.0,0.12018770139394501,-0.3135087654647035,-15.20844541406563,-1.6044436799208937,1.4481516759544477,175.10937084623689,119.12834521079971,2.4700342802355304,1.4699219613634167,63476.999999999956,973.6053859633003,0.8415120163122184,0.9834457863057837,3.8643350234925617
ID3442,3442,18,53371.0,553.3853930478779,301.6413410787345,0.0,11.0,11,130.33267846629258,1,,3.0003935016021135,3.0,0.0,9.0,160122.0,0.12251286381498899,-0.12059155379827538,-6.716650934057065,-1.9729387739431765,0.4774050474691194,175.38969529493903,99.9640257291473,2.4443797662552877,1.7545281316516577,53365.00000000006,932.7016944277544,0.7708694706439807,0.9778107593081219,4.037518347246855
ID3092,3092,18,55550.0,579.2473903027249,259.97223222106237,0.0,1.0,1,132.98847279423794,1,,2.0012240342729597,2.0,0.0,10.0,111176.0,0.12133910766232872,-0.30045132983742456,-14.16710472157626,-1.118433528961522,-0.09451946185611249,186.03802550886905,98.81139736451196,-0.7415150094377708,1.8827587755143362,55561.99999999994,991.6264206102832,0.7100542892418094,0.9420401658175152,4.206870607083986
ID3573,3573,18,61076.0,547.5928679022857,318.3795107734626,0.0,12.0,12,139.43132577925664,1,,25.98387149593922,26.0,0.0,36.0,1586887.0,0.6999803905058822,0.18337261447524925,11.504319755081031,7.592119732208707,-6.429298556213686,212.26758192218517,96.4250582957612,2.494769520200507,2.201373643675737,61075.999999999985,1278.3694807348818,0.46964279346132026,0.9045147245033208,5.172745370705458
ID3222,3222,18,56910.0,555.2141460101072,303.5961884182726,0.0,6.0,6,134.60740563297367,1,,2.003302475099689,2.0,0.0,11.0,114042.0,0.18843802986294553,-0.37232008594179405,-12.612065080882653,-0.9483206285020003,0.1571212521199671,172.06260281066702,105.64388300872247,2.2753145824354015,1.6287038862104368,56922.99999999998,957.527990529193,0.7801797760215251,0.9788657311872329,4.0133551023559
ID3350,3350,18,49199.0,569.0019505455432,286.14721539305526,0.0,2.0,2,125.16492187632942,1,,27.862846693081377,28.0,0.0,28.0,1371270.0,1.9546002060916208,0.2496395266211736,5.695425003793417,-0.5270513162930169,-2.201292696111721,187.95798336560665,86.64456125023962,2.238398839802092,2.1692992687995964,49217.000000000065,1016.8388019574543,0.5981647018610162,0.9048323788687999,4.5834715638493035
ID3351,3351,18,49384.0,565.3323645373408,292.37305396902553,0.0,3.0,3,125.36439813774273,1,,31.9655458780636,32.0,0.0,33.0,1578139.0,1.0483886442492008,0.33559631757820635,15.322576086597216,-4.558768070567365,3.362333700555858,191.03054920958155,86.51120222285464,-0.8829234177671634,2.208159686851686,49373.99999999996,985.9744440697405,0.6382294791351838,0.9210364318092781,4.437276605254666
ID3455,3455,18,69073.0,565.0855887157289,316.2425715340461,0.0,9.0,9,148.28153810602464,1,,1.0006658946149392,1.0,0.0,8.0,69126.0,0.08857565036771535,-0.4335730409377111,-17.29510085851968,-0.018946509192099916,-1.796245005882478,164.75148668183465,135.9252756140308,2.2999865567245426,1.2120739570884365,69075.5,988.9377861558958,0.8875563981604563,0.9897266898305692,3.7627637590796317
ID3327,3327,18,51303.0,566.9200316436162,301.2291157006267,0.0,4.0,4,127.78676111464597,1,,34.95619626878765,35.0,0.0,35.0,1793148.0,1.2266262345828904,0.3651813259490646,15.246148234204481,-2.9759013742555434,-0.8206915339235104,183.27552175380998,92.40457262218322,2.2721568679049913,1.983403164507594,51300.500000000124,1018.1243370577962,0.6219132709341164,0.92876799130986,4.495106853902711
ID3299,3299,19,25572.0,939.7711502117954,935.4526555881395,0.0,4.0,4,90.22624529010646,1,,30.973253040315956,31.0,0.0,31.0,792079.0,0.7381607674572207,0.36595518997281257,22.48315814101053,1.7851078178149562,1.1544096511337645,144.2510707484911,59.978226023043426,0.3510193947467433,2.4050573068478274,25575.00000000004,769.4010555737669,0.5429001364509859,0.8861132284664971,4.811106344164435
ID3492,3492,19,38471.0,983.415235953888,959.9947731870778,0.0,10.0,10,110.66100842808041,1,,20.997037652989633,21.0,0.0,26.0,808029.0,0.23056222380913735,0.06390462188823984,10.940305369286758,5.807500354265596,1.1062601599258552,186.72080413205973,68.76803469718979,-0.011800146504315377,2.715226703136975,38471.49999999994,927.0867754710563,0.562481459217992,0.9194909177820252,4.726621501064525
ID3564,3564,19,35529.0,977.4351227274648,960.809665638657,0.0,11.0,11,106.3096969419939,1,,34.977218326715665,35.0,0.0,35.0,1242076.0,0.6304613738908267,0.341983693641775,28.275802487817607,2.5413038164381576,3.473992314095883,189.02665425283882,65.20840898040032,3.0901903525366308,2.898807948368354,35505.50000000003,922.8407904563794,0.523904262514165,0.908789577414319,4.897550987588223
ID3277,3277,19,38697.0,968.0859364907113,950.7020601331508,0.0,7.0,7,110.99345712685611,1,,17.010127367142893,17.0,0.0,37.0,658411.0,0.4653561536235816,-0.12293828391432501,-10.247291537804122,6.525715398250036,0.26309289648745005,184.31548401156343,71.20635167830655,0.09549659590385662,2.5884697034368114,38702.999999999985,905.2176923004694,0.5935378604481379,0.9077859479998591,4.601301788945627
ID3246,3246,19,34598.0,983.3013213143804,915.2901065141184,0.0,2.0,2,104.96352595351092,1,,9.004477956896054,9.0,0.0,20.0,311681.0,0.27440566551246753,0.055489127841087955,3.450242303278616,3.4341424792543322,-1.1905120277041072,137.60768516360906,86.17871822243534,0.08829483849306063,1.5967710822575796,34611.99999999999,801.0358141594435,0.6778485815298233,0.9184434331506814,4.305648636437956
ID3119,3119,19,32229.0,1131.303767945058,950.6670338422076,0.0,0.0,0,101.28420909466195,1,,5.997238083416088,6.0,0.0,7.0,193255.0,0.12112525585208657,0.09120514279120082,8.27674360443146,0.10099135128939016,0.9323169796931464,121.36810361803656,90.33019982843624,0.38960454564992375,1.3436049499342466,32227.99999999998,734.083917612446,0.7515394797007735,0.9565333531201301,4.089112246310657
ID3506,3506,19,28811.0,956.3476286345701,962.1492646973747,0.0,12.0,12,95.76110646326521,1,,6.020227603913677,6.0,0.0,23.0,173515.0,0.5959280103350564,-0.4822899403214714,-18.822214004806938,4.691741018333569,0.02192732664213198,164.46521665000856,59.56423034997748,-0.04562631449276919,2.7611406322833605,28808.999999999964,809.8017287467761,0.5520528400925833,0.8991573033707854,4.771057029015851
ID3124,3124,19,29207.0,1029.3659865575753,922.2056074766355,0.0,1.0,1,96.42691577207421,1,,21.987365609806204,22.0,0.0,24.0,642163.0,0.5072438090320972,0.21696930251884938,15.456284671918096,0.7337548822213834,0.08638699847858887,117.0989213152415,79.56215346889762,0.4620606542241912,1.4717917528592,29210.999999999953,663.2641022949211,0.8344173068901105,0.98049812030075,3.880728680988472
ID3224,3224,19,40834.0,980.8962692837971,916.4086859688196,0.0,3.0,3,114.04307799942751,1,,12.99921679964756,13.0,0.0,16.0,531122.0,0.16076576376775453,0.17008525040270034,23.507300733343147,2.155334181194276,0.18391111530245774,159.4390063472443,86.16166010086705,0.15469968759903296,1.850463491077046,40859.00000000001,857.084461032212,0.6989568324212369,0.9479716483185043,4.240135689230032
ID3161,3161,19,34598.0,961.7800092502927,931.2929813404252,0.0,5.0,5,104.93547087471877,1,,12.999306378428368,13.0,0.0,28.0,449789.0,0.200863983044368,0.0713855319607574,8.624075062793395,8.188106860728867,0.7146777184818593,160.6551509828384,75.3255759598242,0.13459144576052104,2.1328101237291,34593.49999999996,819.7418784132702,0.6469193221987923,0.9402323843174551,4.407373647284621
ID3321,3321,19,39109.0,980.7351712881876,947.8187464576862,0.0,6.0,6,111.57624659214507,1,,20.998823980570112,21.0,0.0,26.0,821369.0,0.18563938279512718,0.08027573040960481,16.811423918303117,4.592742676233592,1.5433567223220228,182.26233549133917,69.62468536014099,0.061477682184229554,2.617783255300446,39110.50000000006,915.1729359299005,0.5868091746532338,0.9369579799722115,4.62760715982731
ID3578,3578,19,18.0,1005.479797979798,1044.4797979797981,0.0,9.0,9,2.2917489221187703,1,,34.0,35.0,18.0,35.0,578.0,4.123105625617661,0.20309620346479915,2.7841068623962393,0.4037879315394362,-0.24710298973254927,5.179736214415359,1.4159697675720222,0.32945757300960365,3.658083903371119,16.5,25.481591097989917,0.3193307371940273,0.7021276595744681,6.2731340815545416
ID3420,3420,19,39162.0,975.2229097751724,957.3388103418181,0.0,8.0,8,111.6304375126521,1,,20.9993358197517,21.0,0.0,26.0,822040.0,0.19179641855954233,0.054386739509643886,11.295049783143124,4.798551260761836,0.9938067327725396,192.58747002046456,68.52004855792141,0.048412972594102044,2.810673285756159,39148.49999999998,934.6439425227276,0.5631610359978888,0.9198858029042711,4.7237687896508085
ID3488,3488,20,83210.0,1382.5401651538907,962.3641805479633,0.0,10.0,10,162.77187266678152,1,,19.000252300742485,19.0,15.0,29.0,1581467.0,0.16684559542661864,-0.02588867354786582,-6.053071772270078,-3.4242141428753134,-2.810933586592985,220.03355523495455,130.07361031619774,-0.1440282294894218,1.691607964905963,83235.50000000009,1291.0981034413155,0.6274801192202784,0.8755779031910259,4.475122693900851
ID3297,3297,20,95273.0,1316.8883717715164,939.5542911992048,0.0,4.0,4,174.11396958659307,1,,29.981643861509866,30.0,7.0,31.0,2855062.0,0.5286005841795983,0.3063529757722664,26.602310751297154,-16.555490483572612,-9.722525651049517,284.14851153300765,122.77177347414683,0.08392265210185842,2.3144449533657947,95239.49999999977,1631.5731559368905,0.44958712752887314,0.7891315695713756,5.2868622865894
ID3269,3269,20,81797.0,1348.3420808117855,953.1765653972329,0.0,7.0,7,161.3572345462177,1,,15.012971294439826,15.0,7.0,37.0,1228001.0,0.5065647342851413,-0.15789927588166122,-11.114189449247892,-4.197164277843011,-2.0116549918104436,215.41341757657855,127.14074469789057,3.0162156034342393,1.6942909850688688,81794.99999999987,1282.1389157610733,0.6252683649535893,0.8671062535115696,4.483030605773156
ID3493,3493,20,86938.0,1360.4415052996624,965.461250831517,0.0,11.0,11,166.35414737804325,1,,18.024281113411547,18.0,10.0,35.0,1567031.0,0.6447408791496648,-0.06773243689149587,-4.062177234602678,2.4343757495583436,-3.7812309224877176,232.34631232877132,125.46019091007535,-0.17309364026757634,1.8519524850341371,86939.50000000019,1339.9183048370578,0.6085137022742487,0.8743130106851055,4.5443288448714325
ID3207,3207,20,86222.0,1360.1696491909686,933.5185600766989,0.0,3.0,3,165.66867773135112,1,,11.005069252720228,11.0,9.0,28.0,948703.0,0.2782193484936609,-0.11727707041708246,-10.51051864580809,2.809028911610006,-0.6647013030371393,236.93872492510346,119.25060852769082,3.0785664999102553,1.986897407488572,86224.50000000006,1371.2660285205734,0.57623165804377,0.8477443331809404,4.669887030901327
ID3310,3310,20,82681.0,1359.465671957672,954.9614462081128,0.0,6.0,6,162.23516484973987,1,,18.00800774162332,18.0,17.0,26.0,1488722.0,0.22935505999232153,-0.06384141316137763,-10.708790072292317,1.1462960082791145,-2.9616145666343265,220.75654547741877,125.56870437727301,2.965977538978139,1.7580538604121654,82687.50000000026,1309.1252893473475,0.6062996262146804,0.8518205652534498,4.552618740165197
ID3154,3154,20,93622.0,1343.9332026478935,950.8060870215471,0.0,5.0,5,172.61712005412022,1,,11.009659048412775,11.0,0.0,28.0,1030405.0,0.4864360449842156,-0.16108532631877712,-8.691931740832736,4.150727291706436,-0.6123310745004216,248.4946707499273,129.67398808371837,-0.12101197675046035,1.9163031416100007,93609.00000000029,1434.2013352844124,0.5718830501427431,0.8397836150285309,4.687608354397606
ID3122,3122,20,104598.0,1457.3766310624708,926.1647837065003,0.0,0.0,0,182.4893861770148,1,,6.99815510500607,7.0,0.0,17.0,732098.0,0.17227217900700836,0.3236269210241914,19.864491957615417,-0.9364110047097707,-2.996017078783726,257.37992654244294,140.41472995303644,0.048994508309256224,1.8329980524730352,104622.5,1578.843136607946,0.5274204809437335,0.7750905683022055,4.8811981364550485
ID3542,3542,20,92350.0,1355.9378390478407,962.7347741004909,0.0,12.0,12,171.42777714562237,1,,17.00418074690235,17.0,6.0,29.0,1569962.0,0.2348069815437654,-0.07789698782925265,-12.235336736830524,-5.105456364598884,-3.2942406907848336,248.5235027547089,129.6546056741105,-0.09285855477246475,1.916811990307369,92323.49999999991,1572.7614144684287,0.46902547583079707,0.7393628522691773,5.176148359522622
ID3320,3320,20,57026.0,1447.4194090052172,928.0265991494585,0.0,2.0,2,134.7249994801084,1,,20.999964920896623,21.0,4.0,35.0,1197292.0,0.37505955606899266,0.09951151552183828,10.134956474130965,0.023452073320556186,-1.4121956898490153,142.49549316799542,134.9088771148827,2.8229363833131664,1.0562351137698098,57022.500000000015,1008.8053498546152,0.7041113815520655,0.9237554471966178,4.224586917138995
ID3418,3418,20,77630.0,1356.1283935510187,957.1974002275607,0.0,8.0,8,157.20047078135167,1,,18.99963923569505,19.0,15.0,29.0,1474619.0,0.15237430528287577,-0.023505211008144577,-6.002854764207597,-0.570668763012529,-0.9047602173831276,201.16144061685324,128.79643737004713,-0.1997908295056813,1.5618556283423668,77635.00000000004,1193.747996334164,0.6846082211441827,0.897156625392185,4.284339490620891
ID3133,3133,20,102018.0,1367.5364814333811,901.4710134983918,0.0,1.0,1,180.209342107889,1,,23.99127579277557,24.0,0.0,24.0,2447470.0,0.32134505580090084,0.252518650857433,30.103776114711355,-3.1199351550532,-3.5094181340603634,269.24660974681433,130.93779384857714,0.08702340285234111,2.056294075476667,102024.50000000007,1598.362545278937,0.5018382393940198,0.7993865006640372,5.004066316602896
ID3582,3582,20,101709.0,1309.645114695323,958.8236589110703,0.0,9.0,9,179.93269849747318,1,,34.9876126901108,35.0,13.0,35.0,3558835.0,0.37007268584749164,0.29352475764415975,42.90691269447604,-20.419876757373736,-10.65768149525364,302.2843331154448,130.0662158932068,9.814553975381697E-4,2.3240803235456684,101711.49999999987,1722.6334402881755,0.43071914483153356,0.7574836809395599,5.401418704867992
ID3491,3491,21,101714.0,516.4752403704359,663.7195530781179,0.0,12.0,12,179.9384478171432,1,,2.020235789225278,2.0,0.0,35.0,205460.0,0.7334965944961218,-0.8342715446743144,-27.72964455720452,8.905701011883885,21.821128215657275,257.09138297742913,137.5525214510604,1.0214210836564925,1.8690415869177601,101717.99999999984,1554.5051894618903,0.5289605993979226,0.8840700003911106,4.874086923082663
ID3460,3460,21,112117.0,531.0313520021404,668.8509765450816,0.0,11.0,11,188.92349652118023,1,,9.002051208875491,9.0,5.0,19.0,1009391.0,0.16102930982699692,-0.11635566923308031,-14.72233162662116,0.545605936848186,5.040193544179956,228.43741135080708,163.80980368830612,0.8083712520349405,1.3945283261890298,112129.99999999985,1372.7261388323236,0.7477628404134746,0.927215294545694,4.099425443918254
ID3462,3462,21,90768.0,522.192045709082,677.9960103697339,0.0,10.0,10,169.98593041221378,1,,10.002213875824696,10.0,6.0,20.0,908111.0,0.2085979561047494,-0.04092509310892665,-4.092165894355393,5.08956562013277,12.045899691180109,224.15975407645743,144.91818784912775,1.0499015771795452,1.54680207780287,90777.00000000004,1299.3742988299232,0.6756427881658553,0.9196891716647757,4.312671306100274
ID3272,3272,21,90064.0,524.5935690693608,673.5300424657914,0.0,6.0,6,169.3250342485997,1,,11.000166544534009,11.0,2.0,20.0,990741.0,0.17760590427849077,-0.005766642123868494,-0.7184665061472407,6.109235390580241,13.617684421559058,227.790988631708,140.27293097235955,1.045171053919358,1.6239126612146835,90072.49999999994,1258.1365101136205,0.7150666939385266,0.9356918026656134,4.192100222138896
ID3211,3211,21,93537.0,522.809008753784,671.2721806775318,0.0,7.0,7,172.55395071853573,1,,7.9990487082741,8.0,2.0,16.0,748367.0,0.15586758508875928,-0.043821762435012845,-4.703958865648031,9.46953926114773,13.195732223489799,223.53565941209484,144.21506223961742,1.0402928914442406,1.550016038135351,93540.49999999997,1297.9527975982146,0.697736999556099,0.9236652151158771,4.243840522295959
ID3342,3342,21,93028.0,545.7113766095132,664.086320414242,0.0,3.0,3,172.1041806406904,1,,29.997302119609614,30.0,0.0,33.0,2790829.0,0.32502481943896494,0.17859591599023678,27.970630669224228,0.5568477485336827,5.0760144308236415,208.61829950418644,148.41094868748863,1.0117218224637938,1.40567998081784,93053.50000000009,1273.8924547612007,0.7205714423798404,0.9364015557467545,4.176056914252699
ID3313,3313,21,91459.0,540.7370080749531,665.3030349428556,0.0,4.0,4,170.60089226969168,1,,32.995930957537574,33.0,0.0,35.0,3016554.0,0.3384880828902086,0.2324396677364047,36.76982614594103,3.9500671964901444,14.238551873194409,224.63704130378693,143.49820761172478,1.051149981465773,1.5654344750535585,91435.00000000015,1271.3626674074494,0.7108589310207157,0.9416289918952054,4.204488993696808
ID3409,3409,21,90253.0,514.9704227953058,671.3777910122527,0.0,8.0,8,169.49413854998795,1,,10.001251994327246,10.0,2.0,20.0,902673.0,0.2021670455750713,-0.04694057451419185,-4.873067433327352,5.819953693966102,11.067913248834142,227.24092450321692,137.66111206228047,1.0501923686030632,1.6507270724386482,90252.49999999983,1296.6031386839238,0.6746134065155441,0.9202489956563391,4.315960369479388
ID3188,3188,21,110240.0,556.7507373561002,562.9611397083834,0.0,0.0,0,187.33090822671906,1,,21.99156324842151,22.0,0.0,26.0,2424174.0,0.3666692430516333,0.22003084532464487,21.63337965222045,0.25244333697401056,2.0163139374974994,240.41547860952284,159.2807182975538,3.0697974881397156,1.5093821849823683,110247.49999999993,1486.9935332782604,0.6265568096513673,0.8654125422903921,4.478418805630972
ID3125,3125,21,94239.0,530.673588963946,670.8312744208424,0.0,5.0,5,173.18368823513546,1,,4.0104854286502665,4.0,0.0,36.0,377892.0,0.5529499786804629,-0.6333976704190757,-25.062381361525684,2.894068501106891,8.693190470171407,217.79289106804407,145.55053998090784,0.9620648133660495,1.4963385989266162,94224.50000000003,1261.7194801314051,0.7437861530454745,0.9444076936183867,4.110369719594696
ID3478,3478,21,93782.0,509.576816856203,672.0885204793412,0.0,9.0,9,172.776093806826,1,,7.999328236460766,8.0,1.0,15.0,750201.0,0.1403358814953852,-0.04587287884540584,-5.481059813175406,7.5751296811513775,10.47348062161161,221.80767337917243,147.7060430871319,0.9621013871263921,1.5016831318697499,93781.49999999991,1291.7876306083615,0.7062277777785083,0.9283826324542638,4.218252127866318
ID3383,3383,21,98645.0,549.907284438114,646.8978730630224,0.0,2.0,2,177.19460493543824,1,,36.99286228467723,37.0,0.0,41.0,3648643.0,0.4000529095131032,0.2958159348037049,42.219078161599896,-1.2330798769473983,4.329937088227334,200.31287202437852,161.1003332095195,0.9372612212904337,1.2434044550600714,98639.50000000004,1266.9875205038763,0.7721755600617094,0.9571214407351167,4.034102290042832
ID3101,3101,21,93618.0,549.6003367111282,598.8189015845544,0.0,1.0,1,172.61020483051442,1,,9.999166381668946,10.0,0.0,31.0,935602.0,0.21758919392900516,0.04893546565762077,4.287769423292007,-1.3333499039939283,-0.7987033236190835,193.308683312035,161.30678959826028,-0.024888002787573478,1.1983914861456015,93601.50000000019,1246.0323828095452,0.7575896173229862,0.9657554387358728,4.072751618796863
ID3265,3265,22,104457.0,1418.656877294945,593.4963584079763,0.0,6.0,6,182.33146184316183,1,,10.00138848989754,10.0,4.0,17.0,1044445.0,0.16815367318463798,-0.04993974304708356,-6.252865495136589,-0.7018015932769119,3.1054056873246823,227.02199762310454,154.80996686284524,0.35888772519890155,1.4664559538613942,104441.50000000001,1357.474484147098,0.7122289367645332,0.9005634907974669,4.200443281403877
ID3458,3458,22,100321.0,1437.3878280671506,609.5629267717411,0.0,10.0,10,178.71679116554992,1,,9.002939945386776,9.0,1.0,19.0,903373.0,0.17041799477218889,-0.07652956969306154,-8.755988360194879,-2.950321801836723,2.5969567861034086,206.40870102560214,158.47709829625856,0.3686141568392993,1.3024512894584919,100341.49999999984,1257.8075435465282,0.7970068663845981,0.9356548740232354,3.9707623975823445
ID3141,3141,22,88502.0,1500.70464941967,530.2278221288119,0.0,1.0,1,167.8390522567267,1,,25.98894802861308,26.0,3.0,27.0,2299788.0,0.43156597866475516,0.2504031990033778,24.119110773292814,0.5509968675163384,3.237736591245865,197.30944988792507,147.44191063789367,0.880228297744869,1.3382182110519603,88498.5000000001,1233.1513223100228,0.7313293917114508,0.9121910995438977,4.145227952796504
ID3205,3205,22,97919.0,1430.6741967435757,602.7492694574498,0.0,7.0,7,176.55573623939733,1,,7.053743350995947,7.0,1.0,37.0,690893.0,1.2409684135702552,-0.38645878070559664,-7.160582557796448,1.1280164317499837,3.8060666747097542,208.05927258380942,154.46404112276483,0.3953760259697796,1.3469754583103792,97929.50000000035,1274.4168031562367,0.7577054711506992,0.9134958909732036,4.07244024325581
ID3175,3175,22,89583.0,1463.0441356767185,566.5986673810679,0.0,3.0,3,168.86666429084798,1,,6.000870875900184,6.0,0.0,10.0,537468.0,0.09878069969452291,0.008052189229670347,0.9705169725220235,-1.987978075804892,1.6102569270472524,190.35749384529626,156.50578241564344,0.9167575393272426,1.2162968735541697,89585.49999999991,1217.4001310509404,0.7595929016525637,0.90877782060906,4.067377512506704
ID3463,3463,22,102832.0,1431.762751334588,614.4213804820241,0.0,11.0,11,180.9012997289198,1,,10.001419901968411,10.0,1.0,18.0,1028386.0,0.13614217778413862,-1.767741923349067E-4,-0.025977335531621924,-1.2994730068868128,0.13072900742526852,215.25597407203986,157.66915416242034,0.33271026673852266,1.3652383385674625,102809.50000000019,1295.8156707929743,0.7694079255359746,0.9281139271931229,4.041351304578104
ID3144,3144,22,96253.0,1448.972638547603,580.015511547726,0.0,4.0,4,175.03112337724986,1,,3.021457443602772,3.0,0.0,38.0,290776.0,0.7501104174851341,-0.778809003155257,-28.365131281409617,-0.3728173919814683,3.8526511207388543,197.88833448510945,159.25584484215088,0.7191512776254742,1.2425812985466864,96245.50000000012,1281.2035532469365,0.7368074834282996,0.9012552614698883,4.129789520851856
ID3273,3273,22,95672.0,1444.2248697440186,582.9767368916305,0.0,5.0,5,174.48423729394204,1,,28.99268111623433,29.0,5.0,32.0,2772947.0,0.4206918434227801,0.18203277739691623,21.226302963996226,-3.497827090371884,4.027149159735582,192.19613563034852,168.78826862557972,0.3532254110738424,1.138681836097828,95645.00000000004,1306.2200100626387,0.7044326395700418,0.8983197302551872,4.2236234913156405
ID3408,3408,22,97001.0,1435.961199076365,602.9890988372093,0.0,8.0,8,175.72309307235946,1,,9.010442222451294,9.0,1.0,19.0,874103.0,0.3073258787196482,-0.05617349225576393,-3.489926043257565,-0.8664361047536482,2.110892654667443,198.98433623219586,159.7851787329439,0.5279548974460873,1.2453241146024392,97007.99999999981,1243.3765840366,0.7885187893537378,0.9275074098862208,3.9920769938403975
ID3218,3218,22,89912.0,1476.6195089936261,559.1295575306555,0.0,2.0,2,169.15999479269382,1,,4.010232340870417,4.0,2.0,35.0,360564.0,0.5299671280215802,-0.6659860942497446,-30.17527324394816,1.460291495734202,-0.38202486082714116,204.0742722893021,145.25441578172794,0.9412850509384474,1.4049436720461705,89896.99999999991,1245.05912388041,0.7287442021714663,0.9085873976036333,4.152573954942935
ID3474,3474,22,94349.0,1437.2480180710224,612.4853795745147,0.0,9.0,9,173.28199279944303,1,,7.005575814111262,7.0,3.0,36.0,660878.0,0.3612529670085147,-0.39956184056775396,-25.809413185831772,-5.019706710822346,1.9300326297632948,204.87897178457249,154.3076133800696,0.438164013998532,1.327730805348809,94331.49999999994,1272.1120597141828,0.7325138909987593,0.8923991656063303,4.14187511120619
ID3126,3126,22,98646.0,1576.798540925387,531.8052703072572,0.0,0.0,0,177.20134125443997,1,,7.998449172385133,8.0,0.0,19.0,789103.0,0.24315063233549392,-0.0026606160688543877,-0.1755090931074034,2.6208341765108414,1.5404608212734692,220.37196848433746,146.17793028214652,1.1097008455723474,1.5075597804605982,98647.00000000026,1354.9858507856814,0.6751872395470622,0.8782557213000206,4.314125939770342
ID3576,3576,22,97627.0,1435.6007143771603,608.4001271710835,0.0,12.0,12,176.29231835865627,1,,27.953954712575403,28.0,0.0,34.0,2729508.0,1.0398295891788853,0.21185584243806807,9.399409391271073,-2.741796155335941,1.8700757656125746,211.3196340957998,153.06645835042556,0.41930940397563493,1.3805744012970578,97637.49999999985,1313.2879362305123,0.711388114701519,0.9037915042904335,4.202924896096605
ID3238,3238,23,69599.0,838.5755426598772,689.723336230073,0.0,7.0,7,148.86321510462633,1,,11.003749084275393,11.0,0.0,37.0,766048.0,0.44364724523351656,-0.20986433663719745,-13.17558368126881,5.3649781877198635,-10.524278461369754,223.71710603781557,104.81801431895146,1.9840011990359054,2.1343383338389263,69618.50000000004,1094.2442946953327,0.7306442047311182,0.985741693864115,4.147171163069163
ID3465,3465,23,74049.0,827.3863966293728,688.5022214269799,0.0,10.0,10,153.52955590614783,1,,10.996204702926835,11.0,0.0,20.0,814148.0,0.1672056157825742,0.03953449606975522,5.002179290141494,5.143274793114535,-11.141988088236179,232.1836163748575,106.27515149005879,-1.1509889565379203,2.184740394339278,74051.49999999999,1160.5273424994966,0.6909282816912622,0.9781328014582533,4.264699615628581
ID3180,3180,23,66267.0,878.435859149548,620.1769805837934,0.0,3.0,3,145.27416175548115,1,,7.013063022294627,7.0,0.0,31.0,464924.0,0.6117663177921576,-0.2209121236825803,-6.501076545669157,2.001415759541861,-3.4266414704410892,192.0752249664972,111.6784845288318,2.037099933550904,1.7198946222887679,66302.00000000003,1030.8756791086282,0.7840141586877608,0.9862846602403907,4.003529003765624
ID3151,3151,23,64947.0,863.5927497646694,644.6289663150172,0.0,4.0,4,143.81800043554915,1,,4.027708079983991,4.0,0.0,36.0,261652.0,0.8957043840729527,-0.6433315433498731,-16.221590186050214,0.2761343149157668,-2.744787389587817,195.75523332839666,107.41853909061051,2.013383187635676,1.8223598550644196,64979.499999999956,1033.5033147961863,0.7644735809933407,0.9835245504631587,4.054372908844563
ID3569,3569,23,69944.0,688.5143571117038,522.4479364035244,0.0,12.0,12,149.19641247622394,1,,24.98867422671567,25.0,0.0,32.0,1747433.0,0.5399473664147472,0.1496509429956295,12.04856268765849,-7.3702674705425935,25.063600902441923,228.1690396228727,120.23576719191848,1.4213546776668526,1.8976802406780737,69930.49999999991,1424.1406361177724,0.4332820925390736,0.7555643192082451,5.385419790390515
ID3413,3413,23,67851.0,836.6375461762163,690.199542658964,0.0,8.0,8,146.9667841278678,1,,13.99439932791935,14.0,6.0,20.0,949506.0,0.20794670212615943,0.19110350328850326,21.594908454913398,8.226962793297206,-15.188130247594735,237.31250995979156,98.26057060058893,2.0147534451681195,2.4151346619431213,67856.0,1116.105096675302,0.6845228288844983,0.9838409174937108,4.284606711819343
ID3285,3285,23,68397.0,840.0436915671573,685.1491154991061,0.0,6.0,6,147.57521506949868,1,,13.993787276341948,14.0,0.0,20.0,957287.0,0.22979745545012029,0.15402140274815324,16.255010673649657,4.268001432391131,-5.955116301262811,215.46760679879088,104.26735872832664,-1.1378184206129098,2.066491464123509,68419.00000000004,1094.3935335878164,0.7178596614395486,0.9842406979838745,4.183937198814107
ID3223,3223,23,66320.0,894.3606661140833,593.6952754125537,0.0,2.0,2,145.33221424627573,1,,5.011304203656533,5.0,0.0,29.0,332485.0,0.5525407922426393,-0.4901283143040288,-17.436740854970417,1.1804606504908737,-4.1886463709429105,186.35570631386213,116.92062480081583,2.0453749711959732,1.5938651254330434,66354.99999999987,1044.1701903163478,0.7647877737628359,0.9738753944375118,4.053540007511845
ID3128,3128,23,73165.0,1016.4467474620503,466.7015626209767,0.0,0.0,0,152.63283480269067,1,,9.003825502438758,9.0,0.0,24.0,659017.0,0.3296752489146623,-0.14024652836338422,-8.910229781321712,-4.459854413086447,1.8928845088034374,168.72668751986944,146.44800662235897,2.7576201516991072,1.1521268975340841,73189.0,1122.6567379759188,0.7297291630391712,0.9446301578492234,4.1497705148731905
ID3130,3130,23,67947.0,853.5385517400413,663.2676616768964,0.0,5.0,5,147.05663996379263,1,,6.00278223491484,6.0,0.0,32.0,407775.0,0.3878106336279293,-0.20529287232758772,-7.9970467355360135,2.7439464667724627,-7.364678473566518,208.79385290377428,109.68133833044145,2.034183621977373,1.9036406382527218,67938.99999999993,1051.3351512887405,0.7724077874118651,0.9802263758936357,4.03349581032692
ID3450,3450,23,1.0,734.1666666666666,683.8333333333334,0.0,11.0,11,0.5641895835477563,1,,5.0,5.0,5.0,5.0,5.0,NaN,-0.2857142857142857,NaN,NaN,Infinity,-Infinity,NaN,1.5707963267948966,NaN,1.0,5.23606797749979,0.45835219100318675,1.0,5.23606797749979
ID3099,3099,23,62649.0,942.8067466713477,527.4587236487241,0.0,1.0,1,141.2312019276721,1,,7.996903777710392,8.0,0.0,13.0,501062.0,0.16459274213127534,0.12300242502739753,10.643247589520858,0.3757840041603424,-0.5038974043127659,157.9362633657524,129.66286630794633,-0.7113660301148615,1.2180531547918847,62663.00000000003,992.2108922784445,0.7998583194687456,0.9788570134262262,3.9636782981766867
ID3487,3487,23,71121.0,836.7483538371412,688.1046631517281,0.0,9.0,9,150.4652473324725,1,,10.993911698537683,11.0,2.0,33.0,781887.0,0.259857170988391,0.06368623074823314,5.066167478542569,4.21259684757635,-6.079229488798934,226.76305671111652,102.41251809990479,-1.131078199241522,2.2142122947304754,71125.00000000003,1124.0679125512002,0.7073706594345072,0.9856295557218485,4.21484308639282
ID3424,3424,24,99131.0,247.38626147706606,1153.1684098695202,0.0,8.0,8,177.64985304093062,1,,24.98212646634591,25.0,0.0,32.0,2476753.0,0.6655772088697111,0.2437185697338716,14.710500804795997,10.31360595447003,-6.110208726510874,250.24178787304925,137.35231838910778,-0.2519461578169541,1.8218970805001988,99146.99999999985,1441.2754813212994,0.59978478510063,0.9025424885983986,4.577277153147462
ID3522,3522,24,96351.0,248.63910262729613,1154.6847702953482,0.0,9.0,9,175.14111352543762,1,,18.993150329510662,19.0,0.0,27.0,1830085.0,0.4379827312588092,0.1581511761662798,11.843421541595037,10.562803786473603,-7.903408584528912,242.35023861059645,142.78421367622826,-0.27629493225775015,1.6973181584354984,96366.4999999999,1438.7912943692622,0.5849790960893059,0.8589197379562358,4.634840128868039
ID3106,3106,24,87187.0,153.20062110614225,1189.291298780721,0.0,1.0,1,166.61274013138498,1,,14.987509892302928,15.0,0.0,17.0,1306746.0,0.4345680189911454,0.2958518343072717,15.747826980766165,5.0889761683533985,-1.2582756177455685,191.02142208173342,153.02660956292294,-1.4704733268802992,1.2482889258759104,87210.00000000013,1176.9145776792134,0.791199977243218,0.9769239386131976,3.9853071555543074
ID3303,3303,24,107292.0,237.07316855321878,1166.9724224758336,0.0,7.0,7,184.8050326239705,1,,20.99075308308243,21.0,0.0,29.0,2251867.0,0.4615456183529227,0.24965444647931326,18.171582491032336,11.625293544945709,-7.810729017779299,253.08006582533196,147.7943249686253,-0.3861484723029078,1.7123801328573163,107294.50000000023,1511.574709851038,0.5901033634604566,0.8952137401077168,4.614672522405982
ID3335,3335,24,67507.0,285.5407094927965,1126.195436155516,0.0,6.0,6,146.6458861017822,1,,23.98868952448629,24.0,0.0,30.0,1620388.0,0.547955753660514,0.19409530857844282,14.232037323433762,8.854326815978737,1.0158645043871426,198.10784175445545,123.01114468620152,0.09000614487857272,1.6104869380723494,67559.99999999991,1311.8605669821334,0.4933148047731238,0.7791399015119179,5.047111014383774
ID3186,3186,24,77101.0,265.51248725129216,1143.0352404535947,0.0,5.0,5,156.69038943447714,1,,16.986654908114698,17.0,0.0,18.0,1309790.0,0.45463498196961266,0.27797470679353725,16.253916801211513,10.396024022318835,-4.323901004658006,191.34359891352793,144.16112186087963,-0.2032652328158409,1.3272898853976802,77131.99999999988,1245.7907296306014,0.6245313833106249,0.9213806614225886,4.48567493816753
ID3382,3382,24,93910.0,205.03056686807386,1170.09132795656,0.0,3.0,3,172.90592900504336,1,,36.96943589525138,37.0,0.0,37.0,3471467.0,0.9825868415418182,0.467787110020586,23.982091560184063,6.8987553714760645,-9.026619205273764,208.29020679107316,152.75059178526894,2.586304258464697,1.3635967255948818,93922.50000000004,1335.5533828212442,0.6616937074052319,0.924315786365918,4.357891665113095
ID3190,3190,24,88992.0,233.98845496302707,1161.3751739105196,0.0,4.0,4,168.32007867339394,1,,11.995796572070807,12.0,0.0,16.0,1067326.0,0.21979776213738772,0.31870912351159153,26.380395765952507,6.8053341185662255,-0.4862297962781936,206.78072333819165,152.68859993078854,2.6860818631422334,1.3542643224963897,89006.49999999987,1306.8041801157713,0.6549536362505122,0.9270544734923432,4.380257613760999
ID3510,3510,24,94184.0,256.2820191640836,1152.9565835845613,0.0,10.0,10,173.16484781287977,1,,24.988267646309353,25.0,0.0,33.0,2353495.0,0.5510769075517422,0.2745073082028767,19.53284541553285,13.73493239244594,-5.981077762463379,244.56229271366485,142.0438522004644,-0.2609216326272697,1.7217379627843215,94203.99999999999,1448.9591168912673,0.5638543615925199,0.8933988970501068,4.720863680254424
ID3255,3255,24,78524.0,219.1462548223221,1162.4051259851542,0.0,2.0,2,158.11507445769067,1,,10.992358634742741,11.0,0.0,14.0,863120.0,0.28969170250956916,0.3818651113438601,20.971483737234138,9.252576637704692,0.8009770163222757,173.470731591777,163.20015623306938,-0.6762182586064871,1.0629323868050715,78540.99999999987,1181.001752975746,0.7076283208842429,0.9499510153727049,4.214075662715202
ID3512,3512,24,89731.0,259.8772251906908,1146.9868591868687,0.0,11.0,11,169.01174524627064,1,,22.98662818555621,23.0,0.0,26.0,2062843.0,0.5565818047296911,0.3492923556924605,21.38253951611743,14.349095283194861,-4.804996962578028,229.47529548825895,142.4644548490721,-0.2174878775042258,1.610754736901684,89739.5,1455.184969865859,0.5325459775387497,0.8570616774587893,4.857651762232716
ID3194,3194,24,89241.0,103.95289915982084,1256.2869516327269,0.0,0.0,0,168.52844333975523,1,,22.96144359486064,23.0,0.0,23.0,2048023.0,0.9330893953181977,0.3709668139861412,13.31723454808648,-36.92466804796411,-12.629590158108885,237.26934588439812,170.2352925662486,1.2059217632029717,1.3937729498250935,89226.99999999999,1297.3512288484287,0.6661791258182871,0.9796391144195031,4.343195931879235
ID3516,3516,24,107560.0,239.34648788498484,1161.5247133915846,0.0,12.0,12,185.05074319129946,1,,8.997006405548376,9.0,0.0,12.0,967745.0,0.20227771040738973,0.17371607059198965,13.166093724114186,11.982629091432718,-10.047538940734484,254.33704755814668,148.07770563600863,2.8808366125168297,1.7175917634983842,107580.0000000002,1549.908246531849,0.5627680405017179,0.8533659089917559,4.72541786683919
ID3121,3121,25,70274.0,692.5664604297787,488.0707736253837,0.0,5.0,5,149.59803582556432,1,,3.083397321047692,3.0,0.0,34.0,216843.0,1.6321419377089572,-0.5555654089869825,-4.723119202767604,-8.868612352843337,6.580100160381873,206.71050236197638,127.55410257843798,1.4659923555457652,1.6205711786875852,70307.49999999988,1376.875534444642,0.466038883794739,0.7564012910166744,5.192707444910643
ID3249,3249,25,68816.0,691.4576708806773,506.0241366609236,0.0,6.0,6,147.96241585920333,1,,6.981950297921814,7.0,2.0,11.0,480428.0,0.2918170783162334,1.3986722946640301E-5,6.692770632815957E-4,-1.2305362087941978,14.535755733052552,217.50061517941117,115.92827481713029,1.500646302222269,1.8761653748622154,68778.49999999993,1318.7082253971587,0.4970100078620244,0.8209172559902119,5.028313711880681
ID3347,3347,25,69460.0,710.2917980542636,446.169939957668,0.0,2.0,2,148.6840270686482,1,,27.031759743157835,27.0,0.0,37.0,1877599.0,0.7861196326290885,0.23692205457147997,13.172822168630487,-8.503537655969064,5.069403469520425,197.56543517543528,129.48504472635074,1.4436044461464876,1.525778020102347,69451.00000000017,1313.0613525646552,0.5061955577724421,0.8041800550007258,4.982482330358648
ID3459,3459,25,103689.0,750.0370533769851,429.52597248138454,0.0,9.0,9,181.68262449204119,1,,2.0056405114063676,2.0,0.0,11.0,208013.0,0.21593005237281684,-0.4284050976558967,-13.92311088023045,-12.80717061873321,26.402499250060558,298.4633546944671,129.78707794312933,1.9665601085833764,2.2996384495631306,103699.50000000012,1794.1622909805935,0.40482104088873444,0.7009138284138462,5.571516145781856
ID3444,3444,25,1.0,815.1666666666666,462.8333333333333,0.0,10.0,10,0.5641895835477563,1,,3.0,3.0,3.0,3.0,3.0,NaN,-0.28,NaN,NaN,Infinity,-Infinity,NaN,1.5707963267948966,NaN,1.0,5.23606797749979,0.45835219100318675,1.0,5.23606797749979
ID3349,3349,25,69192.0,697.4132517757914,473.55059168960923,0.0,3.0,3,148.40920934882809,1,,30.98052304580263,31.0,1.0,32.0,2144162.0,0.7234814097512167,0.3130419452301418,20.418098703104597,-2.1140955762603006,0.3139206483820627,202.74429008674312,120.70533609587764,1.414683697678957,1.6796630260463463,69194.49999999993,1263.0610381189379,0.5450455049473566,0.872665245740373,4.801628444881594
ID3097,3097,25,66467.0,731.6960346292996,407.1083318916995,0.0,1.0,1,145.46411529655884,1,,5.9983909290504975,6.0,1.0,10.0,398881.0,0.16114747063524187,0.11159951759759024,7.474036878795685,-4.942579649293259,-1.6467108133614023,156.56913997311017,151.14794872007482,1.114133373950259,1.0358667868068483,66475.49999999996,1153.6736365500199,0.6276326673620389,0.8852953514852469,4.474578814357104
ID3306,3306,25,69069.0,700.5030670479363,487.1675667523316,0.0,4.0,4,148.2729512217214,1,,31.971473231731146,32.0,0.0,35.0,2209005.0,0.9961918294193576,0.32244069309341633,15.650323193923347,-4.60682808200595,7.177200227944285,209.4658206179887,120.82366130803013,1.514921887526108,1.7336490084005365,69067.50000000003,1307.5554347344857,0.5076488188938582,0.8280829431758919,4.975345470026522
ID3131,3131,25,83160.0,757.7460494035021,353.4262635494837,0.0,0.0,0,162.6902076215855,1,,10.014573964070129,10.0,9.0,25.0,832832.0,0.4300261107251245,-0.2553299006397292,-15.970018088290141,-8.56190812086147,1.9845497068762812,178.5901367265973,171.52615533484953,0.11578865591409282,1.0411831150646245,83152.00000000012,1403.847147669824,0.5302038971903836,0.7875920532310399,4.868368841539651
ID3196,3196,25,50770.0,692.5559631070191,549.7111236932368,0.0,7.0,7,127.13371010749842,1,,6.001811843945093,6.0,2.0,11.0,304754.0,0.14074525570707686,-0.15413774787286197,-15.54132248752076,-0.7078855578890347,18.753305821772987,184.82609343222043,117.05252037889026,1.3593949978078033,1.579001398978443,50777.500000000044,1155.827648798314,0.4776337652090512,0.7576300142491597,5.129291981466696
ID3405,3405,25,67596.0,685.825489006599,525.2488039929374,0.0,8.0,8,146.6741012163282,1,,6.999156642549603,7.0,2.0,14.0,473052.0,0.19081969318596229,-0.013297504897026543,-0.9886360624799544,-3.3088371725569083,11.179024299013365,210.4904119069117,116.051249194948,1.450292514807481,1.813771186153461,67586.00000000004,1291.6205435714471,0.5090925246728752,0.833176155870733,4.968285815534135
ID3393,3393,26,18373.0,557.4096025229732,852.7404255704782,0.0,2.0,2,76.51167961041044,1,,40.92237393243758,41.0,0.0,41.0,752276.0,1.6525570536805527,0.45638829512626555,15.5199983475553,-2.814496098647328,2.364417745312515,93.69934591812064,70.01399726505758,-0.42912468757519373,1.3382944779369694,18391.000000000007,612.996495425698,0.6150341420441781,0.9241708542713571,4.520175733057644
ID3489,3489,26,36093.0,593.5380564708922,911.3539768689022,0.0,10.0,10,107.21532035933687,1,,19.983834357526437,20.0,0.0,20.0,721936.0,0.4798661654471163,0.2584811570679516,17.106881972953833,5.376667543968701,6.023766219267647,139.38380080756963,92.23324959932751,0.6070480001103964,1.5112099098000977,36113.000000000015,816.4526821464952,0.6807872158133765,0.9376346877839806,4.296345869068379
ID3172,3172,26,38804.0,573.520219072165,808.439587628866,0.0,1.0,1,111.1324596323283,1,,30.96356984593188,31.0,0.0,31.0,1201820.0,0.9407030680210419,0.6844983589105181,26.750399957954322,-1.5620879168526918,-0.5008754286010042,134.8908267353346,93.89083752175263,2.960900287799931,1.43667721255637,38800.00000000001,803.6065649356103,0.7550133618700999,0.9777732977168492,4.0796942199178625
ID3332,3332,26,17345.0,579.5620765216388,865.8125258291766,0.0,3.0,3,74.29650658850791,1,,28.972782839349556,29.0,0.0,30.0,502446.0,0.7988066145140648,0.36886732403250155,19.547327216694825,-4.185413306210683,2.509925408478915,94.65826975688435,60.51308246022922,2.9549584588909914,1.5642612458074043,17341.49999999998,552.5181480198021,0.7138441904306887,0.9733120053881115,4.195688305512966
ID3494,3494,26,37278.0,595.9601705411799,913.9483435506013,0.0,11.0,11,108.92439369889331,1,,18.982429314877407,19.0,0.0,19.0,707627.0,0.5075149820088107,0.22915900401057857,13.946389137822255,9.686027063517676,10.21370283463839,147.01018086698795,92.40407747955408,0.5856636624249513,1.5909490671503796,37273.49999999996,844.8460011514462,0.6562282668298463,0.9291082445316873,4.376001530651298
ID3271,3271,26,30697.0,594.1393115056742,898.9769452136612,0.0,7.0,7,98.84595063234227,1,,15.989318048589853,16.0,0.0,16.0,490968.0,0.33609810836226467,0.25796837403583334,19.51149793369435,1.716747039729577,1.7571690205028851,125.98772784562232,82.536888547984,0.34813781458756554,1.5264414501447743,30694.999999999967,737.2434340925247,0.7096687390133884,0.9724994455533367,4.208013210385197
ID3181,3181,26,22312.0,585.8546649332407,874.7557550489768,0.0,4.0,4,84.263749478401,1,,9.007125890736342,9.0,0.0,34.0,200976.0,0.5511594652701715,-0.18357534250526256,-7.349151373667739,-0.4645689742356535,-1.8249984498473897,104.38799301676504,74.82231016982377,-0.08630482346910118,1.3951452819331054,22306.499999999993,630.7447596856404,0.7045859757849139,0.981087678402568,4.223163881203591
ID3505,3505,26,37175.0,597.2697056094248,908.7319709868159,0.0,9.0,9,108.78549583232169,1,,14.991042126217248,15.0,0.0,15.0,557277.0,0.28747362372297763,0.1381820915846045,12.662044363135108,0.10721229817118803,2.0383903161158115,132.26081858557487,92.76926434331155,0.47040742170899136,1.4256965334565637,37178.50000000005,815.8487207657064,0.7019116553487368,0.9473798208620547,4.231201471161692
ID3158,3158,26,23757.0,584.8632064881855,886.9855615423472,0.0,5.0,5,86.95843637153402,1,,11.98846655722524,12.0,0.0,12.0,284810.0,0.29595976138989566,0.38689105471143775,22.59994096983052,0.6669713160404669,2.75504015078578,101.82641028756709,86.62993634483847,0.137712727380393,1.1754182743738568,23756.0,687.5867866484449,0.6314342515792226,0.9281681611283673,4.461088756870924
ID3319,3319,26,27839.0,593.723393493161,894.7370237346981,0.0,6.0,6,94.14108033197941,1,,19.984270066439215,20.0,0.0,20.0,556462.0,0.4751817218337069,0.29711434761821637,19.266548499443633,3.6269435797307366,1.2867266265416755,119.94945979563497,79.90253746419054,0.2731030257819375,1.5011971284315222,27842.500000000025,706.927365584035,0.7001135849973533,0.9666863412263045,4.236631389621776
ID3419,3419,26,35313.0,596.2635140874983,906.6680069847563,0.0,8.0,8,106.02411815516591,1,,19.979270502945173,20.0,10.0,20.0,705508.0,0.3232131911925271,0.2541601777749362,25.053882949882365,5.153983539701906,5.299782851496024,133.44912724009902,89.85343204527132,0.5669294898513284,1.485186755836579,35315.000000000044,796.2299243034038,0.6999903997237122,0.9520535942954979,4.23700415733296
ID3132,3132,26,56655.0,576.6497158689821,762.9992293755,0.0,0.0,0,134.30082423692824,1,,11.002523692709529,11.0,0.0,22.0,623436.0,0.3074682274335438,0.005067288901156908,0.36082996050323146,-1.560241982908084,0.30825249925764736,172.113160502508,106.12834114837976,-0.20799916894608247,1.6217455077515421,56663.999999999935,964.8278716513934,0.7649224569450942,0.9807617415686568,4.05318312970257
ID3518,3518,26,32177.0,580.9757303172952,902.1821507915547,0.0,12.0,12,101.21425898556014,1,,9.993847301202573,10.0,0.0,11.0,321612.0,0.25046766485611555,0.10062181789132416,7.295668291116396,0.3671176031237687,-0.20095639995069609,131.89113385215225,78.93877433029036,0.605497107648199,1.6708029098640695,32183.500000000044,710.948208562629,0.8001422590498333,0.9851237392675141,3.9629749576114355
ID3392,3392,27,44940.0,978.1303036370446,406.17827969906966,0.0,7.0,7,119.6155099851951,1,,35.975061179087874,36.0,0.0,36.0,1617079.0,0.8839921710549539,0.5477216399547558,28.803824958040764,-8.623702842397911,17.581845381529636,185.93492796795456,87.97329432431913,2.0733457910175335,2.1135383117800917,44949.50000000003,967.910728597872,0.6029261518499738,0.940808958191618,4.565337312415656
ID3586,3586,27,49896.0,994.6220914115859,409.4319773558439,0.0,12.0,12,126.03356336820215,1,,32.983411800060104,33.0,0.0,34.0,1646367.0,0.6593884618474064,0.2838557763486212,22.119012096570437,-6.216259416407047,6.817717904192403,165.52841129456795,105.22794737306681,2.179723433494056,1.573046091146458,49902.500000000044,965.3859703256718,0.6728685057858993,0.9200398233759538,4.321552878495408
ID3138,3138,27,47428.0,998.7024175978635,372.9224190034436,0.0,4.0,4,122.87163180204448,1,,2.019015094021418,2.0,0.0,37.0,95774.0,0.8207138165377161,-0.7587114036694963,-15.470973112892983,-3.894713223308952,7.9127886633888105,179.4719699539197,91.87395373909041,2.122684220185645,1.9534586534024192,47429.999999999985,997.5973300952975,0.5988974064595391,0.934627321542933,4.58066694451969
ID3466,3466,27,48278.0,959.9289455975983,414.6648359991028,0.0,9.0,9,123.99020819387977,1,,4.999958595561444,5.0,0.0,11.0,241518.0,0.15787965771282766,0.07348406104639871,4.335785376688387,-0.28212656947509274,4.662408557703639,138.2236831354981,115.92391694766049,-1.438964994718509,1.1923655340071535,48297.50000000005,879.2444511650934,0.7850824024093169,0.9486653179077223,4.000804321288296
ID3116,3116,27,43968.0,989.401047178005,393.5043123556385,0.0,5.0,5,118.26939791644081,1,,2.0133779264214047,2.0,0.0,33.0,88494.0,0.6324075726122723,-0.6838390073168211,-13.772215842663373,-2.57317421009347,6.365669793047891,172.4637809079424,88.23270384358128,2.1138647998190288,1.9546468984299266,43943.50000000002,951.45349883078,0.6099993518190983,0.92166280398922,4.538791629341439
ID3404,3404,27,43233.0,977.0069001141025,424.0280052117063,0.0,8.0,8,117.31345293291115,1,,6.000740106852927,6.0,0.0,14.0,259454.0,0.16631772496190292,-0.020404062725895913,-1.5030241282620818,-0.9030486311710054,10.261974990595506,154.62241334409802,97.9735883852904,1.9480489938120793,1.5782050641651582,43235.99999999995,880.044231276381,0.7015301994524091,0.9494071146245048,4.232351669261413
ID3251,3251,27,48426.0,990.3442420675484,430.0271126530304,0.0,6.0,6,124.1531195077554,1,,7.972043854396795,8.0,0.0,8.0,386110.0,0.40500225793459677,0.022524967651433202,0.8672263897350453,2.259595271646949,0.5085199685647144,135.19084660854855,117.00952129089801,1.8426508758584577,1.1553832980176875,48424.50000000007,923.7322854532945,0.7131530817797826,0.9306318945305005,4.197720810446139
ID3094,3094,27,45912.0,1051.4656162747212,293.72095265066935,0.0,1.0,1,120.87819431327401,1,,3.9894594712313256,4.0,0.0,8.0,183188.0,0.24600819829354253,0.023001779721580545,0.7292551815836156,-1.1236975996831344,3.1138584700224117,153.8251315308088,101.88869441904542,2.1660653497742333,1.509736996905274,45903.49999999998,907.0324017383595,0.7011485840531124,0.9696351999324049,4.233503287407154
ID3159,3159,27,42872.0,1007.3020977960308,366.89491768659065,0.0,3.0,3,116.79473882612713,1,,4.00032666775556,4.0,0.0,7.0,171442.0,0.09514971386014662,-0.11731919187164223,-11.175921568397372,-1.7480773030967358,4.118491163149386,153.73693765686392,96.34762002680546,2.1374466981440676,1.5956485236904847,42854.49999999997,878.8369904221312,0.6972517935189644,0.9534663818804783,4.245316874853165
ID3353,3353,27,46789.0,1024.7263243004502,338.8644070211432,0.0,2.0,2,122.04243603891206,1,,28.84138917960657,29.0,0.0,29.0,1350325.0,2.0720920921058177,0.5572695202457341,9.961818477924828,-3.034361647414585,4.994396970673194,167.14132792250604,96.32526163995381,2.1481036722107727,1.7351764747574703,46792.00000000002,950.829973998739,0.6503928292507282,0.9522472195935981,4.395588817024524
ID3453,3453,27,43950.0,951.1521704491133,427.8506483652394,0.0,10.0,10,118.25257548967011,1,,6.998839299938552,7.0,3.0,11.0,307522.0,0.13965460768377885,0.07124132751977823,6.665694922913873,-2.4253590158936458,0.4602289779043684,133.63390846584173,111.4987521682402,-1.4828617007596,1.198523802887066,43931.00000000006,840.8176600244682,0.7808674208495654,0.9784731889303423,4.011587599546557
ID3454,3454,27,39699.0,983.1288614353898,425.2073641702452,0.0,11.0,11,112.41893330795368,1,,6.998690143328547,7.0,1.0,13.0,277841.0,0.18617190989932328,0.1081371008342588,7.33692085397977,-3.3192460278724645,1.663734604428349,141.54671396165034,96.83713868421539,-1.2814530645568958,1.4616986404692551,39703.500000000015,852.7531254122235,0.6861072641037547,0.910161040747321,4.279656607107577
ID3198,3198,27,42408.0,1113.8190647411338,237.9699557913351,0.0,0.0,0,116.19086903784661,1,,23.98998184946845,24.0,0.0,25.0,1017727.0,0.43725494658478264,0.3848302568000556,30.492838288314847,2.0980990401487447,6.295464823568592,140.86739131349012,108.20488660539891,2.2863019705945344,1.301857944985467,42412.5,905.4482698489422,0.6500944378334816,0.9211798051757654,4.396597482403845
ID3504,3504,28,66111.0,1609.6911351966905,1143.0089439128485,0.0,11.0,11,145.11083316112666,1,,20.99936509856089,21.0,0.0,27.0,1389150.0,0.3182974364698053,0.21090361775884867,22.981452390515557,3.6636986699462564,3.1229533969855585,167.9531151556635,130.24341097912924,0.8084849219277183,1.2895325290780126,66153.0000000001,1059.4869377128007,0.7405735459824998,0.9667463118437508,4.1192754609764215
ID3329,3329,28,64534.0,1615.9481531412869,1131.456936761037,0.0,3.0,3,143.32303333762727,1,,27.97692832129908,28.0,0.0,28.0,1805575.0,0.6229746926324151,0.5405073924073892,31.513560415419605,-0.5280269221576069,-1.9596346934762567,174.4796775142586,123.51678786815864,0.7150076471585575,1.4125988906098947,64533.00000000015,1065.6815620220261,0.7140634687660434,0.9392561111394139,4.195044039120831
ID3330,3330,28,67241.0,1624.7976066545712,1130.353531522957,0.0,2.0,2,146.30035326946575,1,,22.990109023842457,23.0,0.0,35.0,1545694.0,0.42008317389505917,0.27937426639230506,23.90146543311968,2.942660084963307,-0.8753933676567228,165.7792719467811,134.3200327254495,0.6805868299551625,1.2342110747220736,67242.00000000007,1050.4858312376161,0.7657201718647415,0.9306851211072674,4.051071309152237
ID3286,3286,28,68977.0,1587.1727245488003,1136.3705976449894,0.0,7.0,7,148.17201805569673,1,,19.000521829883457,19.0,0.0,25.0,1310808.0,0.34138456955176993,0.21757601706277138,19.891456033198626,-1.1188478562212385,-1.0957932576985547,168.70135522969645,133.3905732524945,0.947748124895778,1.2647172218861547,68973.50000000009,1040.9723626537798,0.799859541359766,0.9665433500091101,3.9636752706546536
ID3352,3352,28,73142.0,1609.6610020743578,1141.519451093027,0.0,6.0,6,152.5556532165487,1,,24.997073904423328,25.0,18.0,27.0,1828161.0,0.20626067398394649,0.29009005250596315,54.502390048497965,1.932289310658588,-0.11255622779609159,176.5587159878633,134.0504622150349,0.8039769393226341,1.3171063573405621,73115.00000000004,1054.3478973366598,0.8265106914328852,0.9730308817364578,3.8992465278782285
ID3257,3257,28,68334.0,1608.5533289427146,1134.6309745953924,0.0,4.0,4,147.47650235960614,1,,22.991995317187385,23.0,0.0,30.0,1571158.0,0.4306064553332974,0.29263463058408395,24.175532821867755,3.857015880585997,-3.595985574324393,176.3132676033951,131.7716128915888,0.7259711655508865,1.33802162494931,68327.49999999987,1117.3413007820548,0.6877548959320371,0.9231449956766089,4.274527216761553
ID3513,3513,28,65851.0,1601.3441582099294,1146.6183892603865,0.0,9.0,9,144.8050572231996,1,,17.01217438824458,17.0,0.0,35.0,1120694.0,0.5148310625899964,0.04419057947703852,2.7968875452487056,-1.4433817753603626,-0.6431698494007639,170.33383682109036,123.00306228567169,0.8249192501132782,1.3847934649423124,65874.5,1042.3138484881451,0.7619565029987356,0.9717006180579116,4.061064077328168
ID3561,3561,28,60385.0,1602.9466607026495,1139.4650525164839,0.0,12.0,12,138.61392913349653,1,,21.99070453340403,22.0,0.0,22.0,1327183.0,0.3618431668937436,0.2986752185411269,27.95422137503687,4.759972166384899,4.953008244759663,158.15164864219625,127.25021941362462,0.6886853369359823,1.2428398895574952,60362.00000000008,1081.6065379721203,0.6483878639865148,0.8724093077034265,4.402379660079606
ID3178,3178,28,89177.0,1639.5045162255121,1178.2513739344997,0.0,5.0,5,168.46515797679578,1,,15.996131072533979,16.0,0.0,20.0,1426407.0,0.2591728210828012,0.3435355137552763,31.562978752457386,-0.7614744219848751,-4.176692201220536,235.5505833644902,125.28066746947668,0.7782625358978223,1.8801830172391092,89159.99999999994,1263.3752843119453,0.701964534839806,0.938748650996288,4.231042098441878
ID3500,3500,28,60750.0,1611.2405854070382,1149.3632396396988,0.0,10.0,10,139.11707080678727,1,,22.998338952388785,23.0,0.0,29.0,1398414.0,0.4046639529839723,0.22788744649240922,21.09569263706688,1.1924367390247042,0.06119640563740945,163.56951630119383,124.09201391954198,0.8717497222723983,1.318130886386033,60801.000000000015,1040.1288498587635,0.7062302263827425,0.9318589360430367,4.218244815209207
ID3422,3422,28,74850.0,1596.462108463771,1142.0577510372705,0.0,8.0,8,154.3818999685441,1,,22.99382988100485,23.0,0.0,29.0,1721709.0,0.38389971607146833,0.22309870332139906,21.850383262637784,-2.686900897581012,-0.4777745788601332,184.78942538500047,131.63832644138975,0.8076289075912316,1.4037661400023613,74876.00000000016,1085.855403456544,0.7980103167235298,0.9824699522384949,3.9682651139418144
ID3360,3360,29,39726.0,469.76133165565693,1564.503976093111,0.0,7.0,7,112.46705785352614,1,,29.983193277310924,30.0,23.0,32.0,1191712.0,0.3329807250760055,0.13012713272950696,20.73620816445599,-1.0585336744586051,-1.4875210316612202,166.66228627029227,76.8295218994179,1.519904186291339,2.1692479941301706,39737.50000000005,843.3676440443115,0.7020637258316359,0.9702485594296332,4.230743196738602
ID3298,3298,29,31695.0,458.490585229692,1615.9491544579541,0.0,3.0,3,100.45981334046051,1,,22.992872685988207,23.0,0.0,24.0,729081.0,0.41437176785842467,0.0991820229992229,10.013742451670673,0.6126422721798362,-0.10284425053771949,146.59272735438287,69.58963669825073,-1.55351676150607,2.106531005328093,31705.499999999975,757.1939911641097,0.6949125462656739,0.9787309574156097,4.252456264197396
ID3336,3336,29,29707.0,457.09762125164804,1624.091579006424,0.0,2.0,2,97.24294804151579,1,,24.986264013735987,25.0,0.0,31.0,742167.0,0.59122929099237,0.15812319439763867,11.540276064548655,-0.04197341164130863,0.5473175853392442,141.84240048448814,66.92237634959913,1.5803345755380744,2.1195063328820027,29707.499999999927,730.7922059890394,0.6990176730873129,0.9780890922859097,4.239951160066409
ID3432,3432,29,34530.0,480.87320939032395,1563.1022240240936,0.0,8.0,8,104.8421527330427,1,,32.99947872925777,33.0,0.0,37.0,1139505.0,0.21938957894110955,0.09184779702479354,25.306245839344907,-0.052655671627832794,-1.152754584347112,175.65145153266258,63.830231605546,1.5903006078872561,2.751853582768464,34531.99999999997,838.5113511478978,0.6171826430888652,0.963733028201442,4.512301184894502
ID3560,3560,29,35932.0,473.5531719532554,1569.6497913188648,0.0,9.0,9,106.9582035630995,1,,27.99732843546502,28.0,0.0,32.0,1006056.0,0.19481375297231712,0.13285206798459737,33.70715453273195,-0.6014474930518222,0.30227922240692784,167.02502330809276,68.4896996552369,1.52963161363252,2.438688213685597,35939.999999999985,803.8347176636522,0.6989633719998237,0.9818867305958522,4.240115853594483
ID3241,3241,29,35759.0,466.8614412348648,1581.7481753865943,0.0,4.0,4,106.69151718772464,1,,19.996757784113143,20.0,0.0,21.0,715444.0,0.21654359482845326,0.15950495948523913,25.406557295291766,6.196520981775915,-8.605123286589857,201.68690375802174,64.82429574477096,1.7212943848765137,3.1112856906631454,35761.00000000001,1008.6588274397193,0.44170359231331835,0.8753365643511041,5.333833642966117
ID3226,3226,29,36560.0,474.25871388205275,1572.231036368608,0.0,5.0,5,107.89157769604276,1,,21.999152565539486,22.0,0.0,27.0,804751.0,0.1947207649766626,0.14186013952855542,28.071857470034438,0.024540528865604858,-0.7629269243544483,169.97913835809464,68.58587181349077,1.6135965001347339,2.4783404200259787,36570.00000000002,843.0828415397359,0.6465383985223062,0.9709150283415864,4.4086718112938375
ID3391,3391,29,35848.0,478.5073873647703,1576.5535525832531,0.0,6.0,6,106.8234537203596,1,,34.99659702658224,35.0,0.0,37.0,1254663.0,0.25238526466486627,0.11538516741925475,28.689100825408367,0.09096592913311091,0.2993120626617331,166.10496856585002,70.07653180504417,-1.5512003177771825,2.370336606097473,35849.500000000015,806.2615227702768,0.6930125476122971,0.9800702598520993,4.2582816499561025
ID3552,3552,30,52437.0,332.25585327866247,1660.854248116716,0.0,11.0,11,129.19202329109586,1,,31.978064737635187,32.0,0.0,32.0,1676514.0,0.7885948165993396,0.4927737131607104,26.77206116717933,2.493250474532192,-0.6789576495146565,181.70397939708687,98.99367499650093,1.7161337642364796,1.8355110001069206,52434.999999999985,1029.024752472457,0.6222709018037994,0.8712376110128022,4.493814956745724
ID3568,3568,30,49748.0,338.1617416970708,1644.2558689221016,0.0,9.0,9,125.83641266756577,1,,29.977666546053953,30.0,0.0,30.0,1491269.0,0.745087270970731,0.39299219407918407,22.70157126759307,3.3521182028607344,-1.8621946779794787,175.07796704847252,95.57653292216548,-1.5057462154289265,1.8318091449399037,49746.49999999988,979.6445868271836,0.6513813329007899,0.8935159407274339,4.392252288111371
ID3395,3395,30,52223.0,342.89265769301954,1653.230423599543,0.0,6.0,6,128.93552817482396,1,,36.972058372912514,37.0,0.0,37.0,1930533.0,0.513053454236545,0.38939318075757184,40.39282132318301,6.609494315758234,-4.226552810204404,180.95688756278585,97.78399219051127,-1.4812961619707314,1.8505778247448714,52226.99999999994,1057.6043366316806,0.5867572955053983,0.8444480375116203,4.62781173419848
ID3367,3367,30,39712.0,339.7623351881226,1641.4799498115835,0.0,7.0,7,112.43804404898553,1,,31.97479351329573,32.0,0.0,32.0,1269783.0,0.7379216933681686,0.3976471525285583,24.656293960310432,3.160912535347569,-6.45834644975069,151.95887298629165,88.65127614677013,1.5388627992553356,1.7141194079903612,39716.99999999999,890.7251148327414,0.6290698998129702,0.8542116979062488,4.469464368964589
ID3239,3239,30,44227.0,345.40848084763263,1654.1632340861647,0.0,5.0,5,118.65833807856748,1,,23.97247976120483,24.0,0.0,37.0,1060111.0,0.5577300379789981,0.3784853242885407,23.602924585049728,3.6434138761752206,-5.923542250822963,172.63876430084753,86.16226947001665,-1.5107041030484565,2.003646902092378,44233.000000000015,943.3504842883249,0.6246116869216604,0.8692482289015754,4.485386577029241
ID3304,3304,30,47391.0,330.49634878591854,1679.8708690804076,0.0,3.0,3,122.80879395310947,1,,23.994511873350923,24.0,0.0,36.0,1136740.0,0.4486220320928825,0.17988744476960666,16.308784340778526,14.479979683897593,-11.935049923807563,171.87286862352542,99.52538841492446,-1.3728248921055313,1.726924871742093,47381.500000000065,1084.0490278173365,0.5066649023234064,0.7622996975352352,4.980174056453451
ID3434,3434,30,50530.0,345.35762016431994,1638.028234863402,0.0,8.0,8,126.82537606368938,1,,34.978784460408875,35.0,0.0,35.0,1767443.0,0.8176340926423843,0.3713719041325221,23.170185670801178,6.29239622998299,-4.044214028372225,174.70253887756127,98.3708302458892,1.7033505562986686,1.7759587719334298,50531.500000000044,972.0372849177697,0.6720571514751703,0.8975001110075052,4.324160731802168
ID3530,3530,30,84823.0,391.1544844820067,1629.6409428276183,0.0,12.0,12,164.3303253029527,1,,13.998832987551868,14.0,0.0,39.0,1187549.0,0.502600004786451,0.042029762596702686,2.2468607252189234,0.8373506611139342,-1.7062132864420965,208.05437935682932,131.96276158877,2.1216871085180493,1.5766143179481225,84837.00000000003,1179.6137819358148,0.766152972224691,0.9726281033425245,4.04992692097837
ID3340,3340,30,45869.0,328.50186037047536,1680.7813374319621,0.0,2.0,2,120.83276115923314,1,,25.973819022082708,26.0,0.0,26.0,1191497.0,0.7810198966396384,0.5714956441621308,24.18819444209289,7.968875660580773,-5.979819455764611,164.06855433730868,95.5430192274371,1.7683229437406291,1.717221788299873,45868.99999999996,1000.4203425159762,0.5759225824568937,0.8201950844442054,4.6711399375620655
ID3247,3247,30,71194.0,286.9918771401354,1680.5429864412254,0.0,4.0,4,150.5535437321833,1,,20.98329613565222,21.0,0.0,21.0,1494871.0,0.4675926977169825,0.3961376308582622,25.465596422320004,12.65354736673523,-8.050783160992443,192.4962526483212,129.81908473518874,2.2829358967167046,1.4828039578385903,71208.49999999991,1157.0521597397085,0.6683990544849429,0.8826095848387744,4.335977486573317
ID3551,3551,30,52757.0,332.061662100976,1647.507766413579,0.0,10.0,10,129.57765637395084,1,,34.979680421555436,35.0,0.0,35.0,1845423.0,0.7504670041466155,0.3904233967553425,26.175982957405303,5.866497408680785,-4.179369182575288,178.50756328263395,102.10395681026372,1.7465620419750152,1.7482923175479714,52748.50000000001,1013.9188772130209,0.6447829731650365,0.8646232020653198,4.41466904938575
ID3276,3276,31,40925.0,619.7652712950971,1782.0885120109479,0.0,4.0,4,114.1295704562447,1,,26.968653799169314,27.0,0.0,28.0,1103827.0,0.902173133648677,0.30931794646146044,14.124054075170186,1.3958394515137784,-2.73801890219099,125.52366092290221,109.27895879052244,1.3428746291082683,1.148653522253258,40921.00000000008,814.7687322123354,0.7746176602558238,0.9764484108046215,4.027738209098454
ID3317,3317,31,41737.0,616.0484874254892,1789.8708831902006,0.0,3.0,3,115.27223015019375,1,,25.98119940604493,26.0,0.0,26.0,1084819.0,0.33164123086923575,0.30664834776588956,36.77075768346224,-0.07408397405822478,-2.525905563805111,129.23588784066254,105.38382794673701,1.19068763499195,1.2263351062364218,41744.49999999996,818.8172461256383,0.7824113916753548,0.9716157713434497,4.007627513508014
ID3358,3358,31,42136.0,614.3157271285453,1793.7899773371778,0.0,2.0,2,115.81631771405043,1,,30.977673910980354,31.0,0.0,32.0,1305647.0,0.7972059416834135,0.3451743406794227,19.941976587500502,-0.9545228704840173,-1.8071570080906947,123.08844828986396,110.24388296040834,1.0640316737141173,1.1165104583087704,42139.50000000007,783.1652330783078,0.8633610323262506,0.9809807596056492,3.815124461049307
ID3232,3232,32,54543.0,990.9544355171182,1569.533359901545,0.0,5.0,5,131.80379168790867,1,,22.99186231923902,23.0,0.0,26.0,1254459.0,0.4187326148563952,0.18448119311139546,17.1037478684871,1.4643085879812292,2.951842701435095,169.26513807241676,106.83317957435759,1.0484837154909934,1.5843873480766857,54576.49999999992,966.1255559568348,0.7347649045923229,0.979284419802263,4.1355257545305895
ID3394,3394,32,55741.0,997.0260601168856,1583.2118305606623,0.0,6.0,6,133.21626000403185,1,,35.98763970363992,36.0,0.0,38.0,2006059.0,0.6237683318848313,0.23499049044565762,21.955670849287845,1.8349990777198613,-1.7963548966176515,171.741229451549,106.89771748169932,1.0278098653367231,1.60659398065212,55752.50000000007,962.6841631459821,0.7559734714827326,0.9728317294689374,4.077102728127285
ID3364,3364,32,58422.0,986.2114804444559,1574.744442161085,0.0,7.0,7,136.33498574787467,1,,30.97987048584938,31.0,24.0,33.0,1808357.0,0.3479110371222389,0.2231841199257705,32.49472329081262,-1.6549698214616289,-1.0380249343754155,168.97104285412473,111.7106709155804,0.9667025830121436,1.5125774598723511,58393.50000000004,963.7507573363298,0.7900324067357245,0.9776243093922655,3.9882509646567
ID3511,3511,32,48769.0,992.0546203554671,1595.094093545069,0.0,12.0,12,124.597153314242,1,,8.025958581094935,8.0,0.0,38.0,391426.0,0.8046892499795731,-0.3201925223451916,-9.395587864683131,-1.8542864179346283,-1.4355892014937306,152.26409848572277,103.37906487874251,1.0883752009471168,1.472871694712266,48771.49999999993,869.7314899320721,0.8102249031167462,0.972367043811991,3.9382396310900067
ID3289,3289,32,53918.0,986.0984240041055,1576.376037937665,0.0,4.0,4,131.00015608321516,1,,28.935517990016887,29.0,0.0,29.0,1559364.0,0.9538908127227846,0.35144716267148657,15.776968618145945,4.0539384992231735,3.4539924089201945,158.79319797754752,111.97303394420345,0.9069426643965677,1.4181378532323659,53913.00000000008,978.7792639183925,0.707186307012132,0.9249099330931563,4.215392422467899
ID3433,3433,32,54491.0,991.29383123834,1577.4395143285317,0.0,8.0,8,131.70534251724823,1,,33.975681826524244,34.0,27.0,36.0,1851199.0,0.377993777182497,0.22288416975708672,32.764792908590806,-0.06749445001722994,-1.0876439363840635,168.9855011115466,108.72781130275762,1.0638515696296158,1.5542067764152694,54495.000000000015,931.2782898500445,0.7896007706230729,0.9853450380161107,3.98934090656766
ID3548,3548,32,62553.0,1001.7392596854622,1583.3555385074371,0.0,10.0,10,141.12410481114625,1,,33.989436169532695,34.0,0.0,36.0,2126787.0,0.5651101626231051,0.20776633295058108,20.693459142687875,1.3317209643722476,2.2788076540194053,162.344514529705,123.77162957366687,0.849459428691114,1.3116456096514442,62567.99999999994,980.8308695092272,0.8172856718144236,0.9866746566161505,3.921190930066314
ID3324,3324,32,57363.0,992.5212091634277,1576.1115797791065,0.0,3.0,3,135.13842199767856,1,,26.985951335146066,27.0,0.0,27.0,1548238.0,0.42969138877217533,0.2657030589630258,26.36791577894075,1.0790830950693178,0.24912060293347232,161.08901623885004,116.3613745296425,1.1024408070613927,1.3843856424866603,57373.00000000009,998.5385566544556,0.7230823245894641,0.9582049419211544,4.168799991204076
ID3549,3549,32,59769.0,991.1564563861626,1591.968477430933,0.0,11.0,11,137.9775198456847,1,,30.98632335729811,31.0,0.0,33.0,1853292.0,0.6227745915239068,0.20323158177523193,16.807810136229232,-2.9296276440554863,-2.066553774455072,163.79991402602616,118.30653290684073,0.8745529886054734,1.384538199213468,59808.99999999993,992.8421098630245,0.7624581789896149,0.9744132813072754,4.059727824639649
ID3566,3566,32,75940.0,969.310066114143,1610.1797293116274,0.0,9.0,9,155.4897689565032,1,,28.98958251020677,29.0,0.0,31.0,2201179.0,0.505116908368824,0.2668623104652854,24.17897443456909,-0.6110708311669769,3.650828095282706,167.7188945710198,148.69148044755647,1.7202098187757042,1.1279657319046892,75954.50000000006,1122.4203684689483,0.7576215071414228,0.9626008326415785,4.072665902726777
ID3295,3295,32,59018.0,992.1953284486044,1576.789881834738,0.0,2.0,2,137.07310752555983,1,,17.001338257216425,17.0,0.0,32.0,1003623.0,0.3849345281191896,0.08531687480052048,6.943918554964867,1.5596378609449075,0.6702079398344597,160.99794807404794,120.09217110933284,0.9742165872390874,1.3406198471295365,59027.49999999995,963.3163980258099,0.7993304319692419,0.9840376760856874,3.9649869127360517
ID3362,3362,33,70757.0,820.7265465253239,1739.8081813898705,0.0,2.0,2,150.06806604838744,1,,31.97628503186964,32.0,0.0,32.0,2262546.0,0.6969016970044332,0.4766271264375022,29.62063697805987,-3.7359406835101363,-5.318236856918827,172.82277874727444,139.47986965038922,1.2362890755426315,1.2390517655376385,70749.99999999994,1161.7092662281752,0.6587815099187915,0.8477622670900479,4.367513251656825
ID3571,3571,33,37278.0,795.5634120171674,1722.9405579399142,0.0,9.0,9,108.93389076376415,1,,30.986536862713546,31.0,0.0,32.0,1155395.0,0.5712929403510886,0.3026823457829604,25.205350608221416,1.6457645258898201,-1.7733187734904508,153.21139222523453,83.18736793190205,1.1277418586464951,1.8417627103030212,37279.99999999995,837.0455816366314,0.6686326057808313,0.9076301309831026,4.335220148688115
ID3284,3284,33,87359.0,829.5448912775955,1765.7819608763425,0.0,4.0,4,166.75166944450098,1,,27.98271322266743,28.0,0.0,29.0,2444290.0,0.6529254608677404,0.40571905122384955,24.739053715476462,-9.088977860106557,-0.17134296997679382,195.90187195955048,154.42376824632325,1.5214213659522051,1.2685992200829148,87355.49999999997,1287.6105034277184,0.662111447254301,0.8563089379889033,4.356516706073421
ID3397,3397,33,66836.0,838.1178683565391,1715.5781615903156,0.0,6.0,6,145.85091888198605,1,,37.978335029026276,38.0,31.0,39.0,2538320.0,0.3671770946119985,0.30181272306452783,47.96002137100149,0.46394577152083893,-0.10216495755207264,172.77686440116022,126.31678157242418,0.9541260185753494,1.3678061002694086,66829.5000000001,1065.1577724684616,0.7402018979773971,0.9315644210262215,4.120309454806323
ID3558,3558,33,67209.0,832.3236878124256,1732.254282214552,0.0,10.0,10,146.2720660609183,1,,35.988481285809954,36.0,0.0,37.0,2418246.0,0.6248503051993753,0.3106288545822732,27.301065653661112,-0.686100388583478,0.7840465514382838,166.67187853341701,133.19227893943693,0.9085317997540647,1.251362915782854,67215.9999999999,1045.3515276697135,0.772961408844938,0.9579500188836538,4.032051087672206
ID3559,3559,33,62838.0,835.616454742694,1736.9491117229234,0.0,11.0,11,141.4271484479938,1,,32.992439917236986,33.0,0.0,34.0,2072915.0,0.4783991992390444,0.29182183628911107,31.157969701458224,-2.479778153326318,1.1684574601168722,167.30753345451373,120.78077431009048,0.8224210352392333,1.3852165993320364,62837.00000000006,996.7590392905679,0.7947763600128132,0.9706204915120725,3.9763303824343246
ID3591,3591,33,74383.0,835.6419084886462,1754.5564908694835,0.0,12.0,12,153.85523389194066,1,,37.97352391453428,38.0,0.0,38.0,2824053.0,0.8927905312011744,0.5676667966421148,30.803570120836266,-8.190505442666717,-1.9038205970122244,182.22279484082222,146.22274116896446,1.9583991686963076,1.2462001011884922,74365.99999999997,1297.782228091709,0.5548564527691141,0.7943854851545429,4.758988019328569
ID3435,3435,33,55525.0,837.7738054499937,1700.554680042505,0.0,8.0,8,132.94179106128587,1,,35.985193457741914,36.0,0.0,38.0,1997754.0,0.6916835790359585,0.27184168325827446,22.239722725527997,1.4085210512691528,-5.128149988651627,162.8402530123133,116.40539285564371,0.7388520493897008,1.3989064339506525,55522.99999999993,972.4816794957268,0.7377681982525595,0.9257922248993291,4.1270997583414815
ID3245,3245,33,70268.0,830.0223338102118,1716.368929585685,0.0,5.0,5,149.53525350091206,1,,24.99592917330904,25.0,0.0,26.0,1756114.0,0.2672777902749576,0.4027448821224791,53.70166442989199,0.9060044135392348,-5.963885271609563,170.2247242108479,137.65171517580347,1.151828044849747,1.2366335137447684,70248.50000000004,1065.2006146681924,0.7780080713709252,0.9481508975570259,4.018952568805429
ID3373,3373,33,62366.0,841.0325968150125,1721.8575641447062,0.0,7.0,7,140.8955471503453,1,,32.985710849170076,33.0,0.0,34.0,2056824.0,0.6340341981171279,0.3080578649336654,24.504650053379038,-1.9283200708511457,-2.920204087899073,179.97791822046193,112.25973357856759,0.8209481260922649,1.603227733428569,62365.49999999992,1026.5023512811467,0.7437626675555509,0.9353445366808386,4.1104346148151745
ID3311,3311,33,78762.0,827.1138992217553,1746.5034616865776,0.0,3.0,3,158.34239737050424,1,,24.98701381131309,25.0,0.0,27.0,1968377.0,0.54877857079126,0.30582196935276823,21.32710552883378,-2.0764942096324903,-2.1938108902834186,184.7476134632582,139.24398035282468,1.257307331509767,1.3267906662473574,78767.00000000009,1173.6853141365505,0.7185397985907261,0.9063418731625379,4.1819565675097445
ID3380,3380,34,38978.0,581.8062195434727,1480.6449645208172,0.0,6.0,6,111.40423000185417,1,,31.99712857325984,32.0,28.0,39.0,1248048.0,0.18338301538133447,0.03418203503331765,11.534076250415753,1.5351032922819934,-7.124400808404743,227.73316056180397,69.64502712307245,1.5133249014358086,3.26991272699726,38990.00000000009,1179.8003389137245,0.35200275781277396,0.6948045583740983,5.9749173067320465
ID3540,3540,34,42805.0,581.420002804459,1475.6720379848405,0.0,9.0,9,116.70544854426551,1,,24.0001402229545,24.0,23.0,28.0,1026942.0,0.09907480281498218,-0.001514574634460503,-0.734902132031844,5.378567221014267,-27.70639624917705,240.73025285363295,73.94792876794378,1.5444050607609776,3.255402238635639,42788.999999999956,1342.5656011228864,0.29831216893490864,0.6178961580950035,6.490369874168855
ID3348,3348,34,39909.0,583.0498682237566,1479.356441164309,0.0,7.0,7,112.70172378155944,1,,27.00107750519959,27.0,23.0,34.0,1077532.0,0.17056438189604423,0.015181171791446782,4.734613005385481,3.95782799481531,-6.932779727542678,223.6366957975094,67.31701837215995,1.5063569676607123,3.322142025975381,39903.50000000009,1162.2248264603504,0.37122785638597383,0.7270184835979718,5.818146509457545
ID3237,3237,34,39140.0,572.3470691521552,1518.0540227239794,0.0,4.0,4,111.57125399935917,1,,18.990614290829114,19.0,0.0,20.0,742571.0,0.4924834738222736,0.05092161402005982,3.736880274607744,3.712288922253977,13.173521326621335,212.29480742786856,72.9840748407133,1.5617889620303564,2.9087826062219593,39107.00000000006,1136.7951505658489,0.3802768964425373,0.7574325502120832,5.748505637308146
ID3592,3592,34,42660.0,575.465261166612,1461.3020965245532,0.0,12.0,12,116.50480748299263,1,,38.95373323328018,39.0,0.0,39.0,1661143.0,1.1480647056162194,0.3353966982911778,17.043594794740745,19.628954058051526,-21.286368337518518,230.9713197074721,86.22102092396022,-1.512836922751267,2.6788284020803883,42641.99999999992,1418.3762774300446,0.26635724353024615,0.5268997899419241,6.8686703885081455
ID3258,3258,34,40067.0,580.7417877559506,1486.1493420642346,0.0,5.0,5,112.96126576128947,1,,26.971057884231538,27.0,0.0,27.0,1081000.0,0.7957449897529693,0.401279242015004,19.412258673847855,4.54922005144388,-0.532906041345801,239.9714545266021,69.4407084892626,-1.5142877362985945,3.4557748581109036,40087.499999999876,1399.4294358370219,0.25722716283004854,0.597959442426591,6.98950658252918
ID3436,3436,34,39036.0,583.5776059748146,1483.049899010603,0.0,8.0,8,111.46207432439273,1,,36.98674970526424,37.0,0.0,38.0,1443149.0,0.36232574374252885,0.11409344514455334,20.90817116814419,2.4686917995608324,11.432463204746524,230.0568409765079,72.84391630104156,-1.5382648993084447,3.158216260994996,39030.500000000015,1293.8665687492269,0.292977990338107,0.6353137462358592,6.549187649823221
ID3308,3308,34,39157.0,557.7643691370006,1533.7243815652826,0.0,2.0,2,111.64398113281736,1,,19.00577163725515,19.0,14.0,32.0,744209.0,0.29400901638502525,-0.07666824086714484,-10.735260265484522,0.8962022600566579,3.297932406591564,185.25427507717333,76.03991580681702,1.337203501893621,2.4362766990408105,39158.00000000001,1052.363021542045,0.44432342245154044,0.7223923550898425,5.31808565800364
ID3532,3532,34,76790.0,529.69256071172,1519.5825622961174,0.0,10.0,10,156.34313325182012,1,,30.00061205886183,30.0,0.0,37.0,2303747.0,0.2548918761213638,0.0748586230557313,16.394365244978804,19.573002621000818,-34.12820676455693,264.8298748140355,114.23350090577735,1.8187009688237246,2.318320568958784,76790.50000000001,1484.4018669132793,0.4379397596055044,0.7556744096793401,5.356705175931129
ID3294,3294,34,40928.0,563.3223960561429,1521.3329849864533,0.0,3.0,3,114.11074300460682,1,,21.998093375702762,22.0,0.0,26.0,899942.0,0.1967649631910364,0.06281166877221676,13.214516759208855,-1.8872998556769685,1.827617275323082,203.52188452640476,71.6797038198777,1.3883702960226385,2.839323737132484,40907.500000000015,1094.8666912935912,0.428835091014956,0.7585014462656681,5.4132710587670365
ID3535,3535,34,80668.0,529.562305527663,1513.8051227061044,0.0,11.0,11,160.2407675617783,1,,28.00111562871876,28.0,0.0,34.0,2258906.0,0.18729526283787132,0.09152068042891526,25.070662435905295,14.91420566090386,-23.638008860423486,256.617433781555,114.39308588981338,1.8357730293653702,2.2432949665221558,80667.00000000007,1482.9746430942412,0.4609335490747184,0.7689638572592913,5.2213856625259485
ID3201,3201,35,6.0,1620.0555555555557,968.5,0.0,3.0,3,1.381976597885342,1,,13.833333333333334,11.0,11.0,28.0,83.0,6.940220937885671,-0.23029366306027818,-1.1927253976297172,-0.555555555555657,1.6586298247086163E-16,3.000000000000001,1.0606601717798212,0.0,2.828427124746191,6.0,10.47213595499958,0.6875282865047802,1.0,4.275231601133732
ID3146,3146,35,196.0,1458.80372250423,778.2275803722505,0.0,5.0,5,7.918778161951929,1,,11.081632653061224,11.0,9.0,29.0,2172.0,1.2943543634609347,-0.12941515350793764,-2.5453914525926424,0.24955196752310227,0.1418356022075537,12.139763870286659,6.497345741033341,0.4120570806917791,1.868418944311242,197.0,66.62725309249781,0.5576635679979023,0.8436830835117773,4.746995231638299
ID3267,3267,35,46.0,1599.2898550724638,953.572463768116,0.0,4.0,4,3.826519928662906,1,,25.869565217391305,25.0,25.0,30.0,1190.0,1.9161152325841635,0.15181725790059525,3.5590579843124135,0.1326116960967264,-0.09409205726811536,6.401144618779926,2.591920757236758,2.385222656414827,2.469652901581827,46.0,33.099646370926294,0.5276196820952681,0.8,4.8802766089647145
ID3375,3375,35,18.0,1644.2592592592594,968.1296296296296,0.0,2.0,2,2.393653682408596,1,,33.666666666666664,35.0,23.0,35.0,606.0,3.880570000581326,0.1867394041124632,2.730330362202171,-0.03791779975321416,-0.45317413651560856,5.8945866839423084,1.4277372341245147,0.3935337343999712,4.128621529967211,18.0,27.312542992835215,0.3032201744328891,0.7058823529411765,6.4376281205609684
ID3296,3296,36,75623.0,1701.3034332720563,833.9993189001891,0.0,6.0,6,155.1398253963662,1,,15.964172869211142,16.0,0.0,16.0,1207546.0,0.5358993448592694,0.18105899533095976,9.133594068094693,-2.585810887507741,-3.179701838887099,221.4322710105908,115.32349089197302,-0.11912912641927513,1.9200968449525435,75613.00000000009,1214.9521221013501,0.6437066644593533,0.8758042751822842,4.418358278072929
ID3200,3200,36,81646.0,1715.6355359819017,814.4659026408098,0.0,3.0,3,161.1934170470265,1,,9.999032337089663,10.0,0.0,14.0,816321.0,0.14636477695552608,0.1335705220468944,16.099540202741494,1.8193016646292803,-1.6126784007950672,213.77309148486188,129.62607989728744,2.9634578196227315,1.649151865537016,81628.99999999988,1269.6116272713148,0.6363741911221873,0.8844166115908415,4.443740125247291
ID3379,3379,36,46536.0,1798.1850588542843,800.6680077636805,0.0,2.0,2,121.71532182853112,1,,35.979738730608915,36.0,0.0,36.0,1674569.0,0.7454393342856719,0.4043361902787256,27.793754852944826,-4.134092041346411,5.570354998186023,140.61052998455276,127.44405591790654,1.3398632739738348,1.1033117941187265,46541.50000000004,1137.633014113595,0.45190366820660544,0.6716962887594807,5.273294165603355
ID3140,3140,36,69606.0,1689.4909501503919,828.1561368469452,0.0,5.0,5,148.83915761266292,1,,9.01581896551724,9.0,5.0,29.0,627501.0,0.48553529920523475,0.02551954565222993,0.9241519087836599,2.33343496712341,-0.5999808667061292,221.10795048397532,111.10866775967543,-0.054665668351448454,1.9900153151167728,69596.00000000006,1213.6624576407557,0.5937427331713828,0.8999056079237628,4.600507873914684
ID3173,3173,36,80665.0,1706.0004215747056,820.694622855962,0.0,4.0,4,160.22388186760008,1,,7.045178967727537,7.0,3.0,30.0,568243.0,1.0611122618813782,-0.20610223731777866,-3.447297946234044,1.3713514744209072,-1.645016250318146,219.77816159999315,125.57020878182843,2.957430257524578,1.7502412692635245,80649.99999999984,1259.5134044233037,0.6388643408654452,0.8797430037796753,4.435071319153304
ID3253,3253,36,78494.0,1693.9682701964707,836.9753408456327,0.0,7.0,7,158.0672548352991,1,,12.99757943282289,13.0,0.0,19.0,1020232.0,0.23905173899290907,0.08732332328257146,8.733174140567451,0.06970626139141091,-4.928941164706428,215.06123026635214,124.57975262336333,2.951540636994209,1.7262936050012687,78493.50000000006,1227.529141703498,0.6546059316941945,0.8899994330744377,4.3814207817555575
ID3477,3477,36,81492.0,1721.2957832471207,838.0838881423256,0.0,10.0,10,161.0506812178796,1,,16.002220831646238,16.0,9.0,22.0,1304197.0,0.25026606772844395,0.2154752129307601,22.670416393511495,3.1381179731460813,-5.981595313596058,213.44312564374732,131.65255151479104,3.0164824721492405,1.6212608353417837,81484.49999999994,1282.23615741699,0.6228003249427744,0.8619232477945372,4.491904524664956
ID3415,3415,36,78180.0,1699.040060422703,835.6500440271284,0.0,8.0,8,157.7427059100234,1,,15.968160769565328,16.0,0.0,16.0,1248295.0,0.49143915426423335,0.18399229048644042,10.098709713686816,3.0113412995732314,-6.052803796274558,215.09582788906803,124.76951603065466,2.906514817809499,1.7239453572635568,78171.49999999981,1235.1885473577242,0.6438605215865516,0.8715111514942032,4.417830340340515
ID3496,3496,36,75624.0,1710.4700893683403,836.9781823149397,0.0,9.0,9,155.16957308285112,1,,12.974586686754153,13.0,0.0,13.0,981774.0,0.378041666897795,-0.012149343188121199,-0.844200033925798,3.601455070696699,1.8231433114755038,208.7667554951765,123.04122208658262,3.089734684643455,1.6967220574928121,75641.99999999993,1220.212262381795,0.6384135514416767,0.8769070252724314,4.436636864274094
ID3129,3129,36,71342.0,1707.5346086342806,782.6802598276696,0.0,1.0,1,150.66767071281845,1,,23.006448266677882,23.0,0.0,26.0,1641211.0,0.22311204971831164,0.3961893933018579,58.52144717281104,4.053669526271454,-27.311515374922916,211.12499564520814,137.13066336960281,2.391636394786241,1.5395899827026385,71316.49999999993,1312.6747593323191,0.5200985178277464,0.7838571577738322,4.915436883689369
ID3482,3482,36,85770.0,1723.8658525208589,833.6106414240652,0.0,11.0,11,165.21654013671824,1,,15.995138783646729,16.0,0.0,21.0,1372079.0,0.27928757400738036,0.24951951489383656,22.87324958199939,8.94578439883243,-4.319914883336366,228.29440133735002,130.97293980293537,3.010396032489198,1.7430654124496752,85754.49999999984,1318.7048419649207,0.6196858527898326,0.8578967376624401,4.503178283451111
ID3579,3579,36,73832.0,1725.75790998142,832.2201689569774,0.0,12.0,12,153.29509614616322,1,,28.9269326615743,29.0,0.0,29.0,2135849.0,1.1729023379959704,0.49537039318646753,16.33999039909983,8.004364522982426,3.62072220228627,226.90718462699675,118.97684131145438,0.037243794115150886,1.907154216953913,73825.49999999994,1324.92723894315,0.5284844381180706,0.8133696909601712,4.876282190120952
ID3425,3425,37,61912.0,1124.6588657981385,1126.9972202254512,0.0,8.0,8,140.37497162653546,1,,25.996154405467855,26.0,21.0,31.0,1608876.0,0.2034270732770569,0.02538853643273691,6.328190736494625,-2.510436405903804,-0.879371800002166,188.30024444340276,108.91586461426914,2.967438445450847,1.7288596579596305,61905.49999999994,1021.6164537180214,0.7453552965562761,0.960773206276286,4.106040805494635
ID3123,3123,37,65293.0,1213.2718291808042,1106.0376484915328,0.0,1.0,1,144.15181870135083,1,,20.997012913405126,21.0,0.0,28.0,1370706.0,0.1968820033815811,-0.046769356951551266,-10.465136439045962,-2.848718922338817,-3.055596045664371,178.13496795114744,118.40839480596115,2.6938438819753143,1.504411644487384,65281.49999999997,1080.463687436607,0.7027156694529509,0.9317210324624812,4.228780207874131
ID3524,3524,37,60017.0,1129.1682850995905,1130.087196890832,0.0,9.0,9,138.2408398113934,1,,20.00481345769487,20.0,18.0,35.0,1201089.0,0.2547900151956674,-0.12496444620024795,-22.42553777990354,-4.032681385395568,-0.997713962621079,199.79415445823454,99.90136872100284,3.008295542834257,1.9999140854236432,60037.49999999999,1041.8914727778692,0.6950043077556414,0.9563080892952427,4.252175528812563
ID3557,3557,37,47219.0,1178.454277926654,1119.7544865887803,0.0,12.0,12,122.58049327788218,1,,20.985188481342572,21.0,6.0,21.0,990354.0,0.2677282083590916,0.1120409116640146,15.79445362661819,-5.949520939077564,-1.8026858242434975,148.629659799992,104.51506288223958,0.01839606465687793,1.422088411958932,47205.49999999996,904.9267993347188,0.7243952035605441,0.9408827720917251,4.1650205542938545
ID3256,3256,37,61883.0,1152.6516877995168,1111.1958593621625,0.0,2.0,2,140.33528356451993,1,,12.00063046605991,12.0,9.0,21.0,742347.0,0.11852386547295712,-0.11857410721385918,-27.241581120655198,-3.0154249903963435,-1.4454015036631414,188.81386288908737,108.05917040154756,2.847576239510316,1.7473191973199091,61870.5,1063.200403579491,0.6878016671810511,0.9426377493886694,4.274381878079411
ID3240,3240,37,61939.0,1150.2618136716815,1108.2129958459784,0.0,3.0,3,140.42314919312082,1,,15.99906350410928,16.0,11.0,20.0,990870.0,0.1030712322905174,0.0010132225480490404,0.31423323846938017,-4.849821044217345,0.727899569535899,188.552733160204,107.15904355446233,2.938496800367127,1.7595596872267183,61948.00000000001,1028.539499003582,0.735860014334814,0.9699304038767154,4.1324473560067165
ID3514,3514,37,53715.0,1161.7733467444011,1124.3595811524826,0.0,10.0,10,130.72529540815407,1,,25.999795074332127,26.0,19.0,32.0,1395617.0,0.13127324461069206,0.02420143186482271,9.360076190897212,-0.873579647513501,0.2995115399855758,157.29766878551214,114.53393764770026,-0.13600997729293907,1.3733717011402389,53686.999999999935,958.5407327508902,0.73427350044148,0.9305796297580246,4.136909349761188
ID3355,3355,37,55742.0,1121.6889661359048,1119.0469507363384,0.0,6.0,6,133.19833813215925,1,,25.997685517439358,26.0,18.0,33.0,1449007.0,0.1498003474830924,0.03064928873285204,10.321940551278223,-2.106556317109661,-1.0917544713974212,190.34721126241166,96.06942323676091,2.96428345186435,1.981350619679534,55737.499999999985,1014.0505523401961,0.6811427485841043,0.9545400054802023,4.295224451325615
ID3197,3197,37,60823.0,1138.1892199479034,1112.9004426293718,0.0,4.0,4,139.17140190949564,1,,13.003156544898562,13.0,11.0,31.0,790930.0,0.346798971165788,-0.2670027076991267,-27.31582247349039,-5.102447243539529,-0.4212249118635088,187.48696810803088,107.35847779407871,-0.12975602290277596,1.7463638825770647,60848.49999999995,1008.3933470067578,0.751968757978836,0.969596774836072,4.087944898838107
ID3309,3309,37,57581.0,1127.9047025726964,1121.9309099802322,0.0,7.0,7,135.38845575172462,1,,21.99909681453434,22.0,15.0,28.0,1266576.0,0.13922381453004695,0.026109727984975212,8.041366574998461,-2.492784207014988,-0.16334345866769356,182.83338031060384,101.73708977635441,-0.15831147916744487,1.7971162799380342,57585.50000000005,984.0043790552043,0.7473584406172288,0.976778702219509,4.10053440484162
ID3517,3517,37,57492.0,1134.1783827105742,1135.2905691933554,0.0,11.0,11,135.2873212855693,1,,24.001809199081485,24.0,18.0,35.0,1379720.0,0.27659772863518023,-0.024279001076873443,-4.31847617441713,-6.216888357792011,-1.1946581881048868,185.58346019411633,103.47486879114524,3.029769641978045,1.7935123993121453,57499.49999999994,1016.4549220042248,0.6993550026192662,0.9610158443642189,4.238928479706704
ID3263,3263,37,54995.0,1132.583336363526,1114.6448462480153,0.0,5.0,5,132.31659140062825,1,,27.983781228408304,28.0,11.0,28.0,1539052.0,0.47704041297129746,0.2702145401714657,24.958176695860132,-3.4991303482936065,-0.7172552760555011,181.39441366244566,98.85724112230984,3.119448888117245,1.8349127651460329,55001.999999999854,1035.9263513163824,0.6440663131172862,0.9657521618892911,4.417124493221803
ID3184,3184,38,46680.0,1782.7667181152663,1029.9162584720482,0.0,4.0,4,121.85515469459857,1,,10.045359056806003,10.0,0.0,23.0,468616.0,0.79579082278564,0.05757338926450333,1.3743831301090224,-1.5835911757019947,-3.8629716125660174,143.6891015411244,105.63143987619064,0.49810092234433784,1.3602872564223367,46648.499999999956,852.045914661815,0.807460991119094,0.9750533004473046,3.9449741043898987
ID3281,3281,38,44880.0,1780.2652038315882,1036.1019937625306,0.0,7.0,7,119.53631578223566,1,,17.987655696428174,18.0,0.0,19.0,807268.0,0.46070128253310016,0.38477160684270906,21.697515497200477,-4.485011356055613,-1.0779146402569642,132.4420380070332,114.69239722420234,0.5545092640763103,1.1547586519456352,44889.99999999999,838.3043240766525,0.8027051638098164,0.97913690248983,3.9566433379853008
ID3508,3508,38,55214.0,1781.9578342342018,1037.4260201540983,0.0,12.0,12,132.58395193067955,1,,7.015876464092399,7.0,0.0,29.0,387550.0,0.630705269396196,-0.3142847995525654,-10.196827435676417,1.547480918794253,1.4869822362783494,163.3431767025386,110.37223880099725,0.7568496610054715,1.4799299033613764,55224.49999999999,938.723186183976,0.7875290206391744,0.9779613593298978,3.994584832986927
ID3509,3509,38,47696.0,1778.2139982603046,1040.2300572562417,0.0,9.0,9,123.23313480913141,1,,15.995599329421626,16.0,0.0,17.0,763310.0,0.2808931823416816,0.26511073462797097,23.86646438156497,0.4086913061060153,0.25358081307924246,141.3894822638747,112.6856059895969,0.7976469264195861,1.2547253131595861,47709.499999999985,858.8994314496825,0.8126996985076649,0.9885213463590495,3.932238786991355
ID3495,3495,38,45260.0,1782.6955236906354,1047.1296292204756,0.0,10.0,10,120.02859910713543,1,,21.99854224185533,22.0,0.0,23.0,995984.0,0.24850588502076698,0.3677692668283364,47.60469788325221,-0.6887062708286645,1.4416645653129747,137.99328593157938,105.43301291573316,0.5977207155479378,1.3088242678018684,45260.49999999992,835.3405468060107,0.8150834722824501,0.9912288386150089,3.926484510598783
ID3498,3498,38,47129.0,1793.8237907345926,1043.6633449654748,0.0,11.0,11,122.4947708261898,1,,19.988502821263417,20.0,0.0,21.0,942298.0,0.45248486114720055,0.35015524864628367,22.913062486463783,0.8192336841246253,0.7719220067549296,147.59888947457014,103.96963611640744,0.6375954987904757,1.419634568205222,47139.49999999987,864.4031442833614,0.7927972952470903,0.9859551149317077,3.981290357958134
ID3323,3323,38,38611.0,1787.959613034711,1011.6835429647189,0.0,2.0,2,110.84494779533811,1,,22.0038590039108,22.0,0.0,36.0,849591.0,0.3600924011757811,0.15548460933190295,16.445161160510974,0.11537646409446707,1.001121722579446,125.40982438878126,100.84021424651361,0.3535494446521188,1.2436489284146588,38599.50000000001,777.6140063566644,0.8021644184610498,0.9794341537680794,3.957976715522622
ID3421,3421,38,46884.0,1784.7677969716358,1039.76224141608,0.0,8.0,8,122.1701705129282,1,,21.995480996738642,22.0,0.0,23.0,1031874.0,0.31850612849706406,0.37975919168983435,38.014620951312196,-2.7612591653072047,-2.30021774700898,141.40233530280491,111.97864503969126,0.617076600133128,1.262761620777643,46890.000000000015,870.4302743431098,0.7777179472934657,0.9863584252763553,4.019702124726353
ID3325,3325,38,43306.0,1788.0793852358083,1030.3705324159587,0.0,6.0,6,117.416514129795,1,,21.989221252827402,22.0,0.0,25.0,952705.0,0.5546002615292052,0.3535432610685345,20.712389157000917,-2.571752978932389,0.6690694721792311,131.07308908519158,109.5493059122211,0.8247685258645062,1.196475760332219,43312.00000000003,826.9747944654976,0.7958542811782069,0.9819199945589959,3.9736366587941983
ID3229,3229,38,41537.0,1779.0020793192034,1018.9251886640977,0.0,3.0,3,114.96184790769054,1,,14.051104207306794,14.0,0.0,28.0,583444.0,0.8973031013236882,0.18718167849231407,4.937958472536844,-0.3352686514253777,0.9510153642380832,130.02121755780243,105.40342633581295,0.46369948535551536,1.2335577891325633,41519.99999999995,807.5142854477533,0.8001414719704125,0.9897379053884922,3.9629769067512917
ID3167,3167,38,48905.0,1774.8717201464303,1025.3807731899026,0.0,5.0,5,124.7573585193629,1,,14.003332583672384,14.0,9.0,16.0,684917.0,0.20524988579235648,0.3238266849223713,33.37797445209043,-1.2185849909530249,-1.2436996128033886,144.7936386698074,111.75029711174376,0.536976689936794,1.2956890711889761,48897.00000000012,867.0300778459502,0.8173795183572439,0.9874690765890873,3.9209658199629494
ID3148,3148,39,74599.0,1536.1035377232024,189.8645459095215,0.0,1.0,1,154.09297281111176,1,,26.97500804462083,27.0,0.0,27.0,2011904.0,0.8038313037142724,0.4899978677951495,22.07167063992435,0.8004334531091084,-0.5097503237806212,175.37614371779983,149.3223664074156,-0.7354401812200717,1.1744800724581228,74595.99999999994,1251.623844239762,0.598380934982269,0.8297294892329589,4.582643339003399
ID3371,3371,39,77073.0,1512.4633215657773,216.53273933132593,0.0,2.0,2,156.60504497202098,1,,33.97855575892104,34.0,0.0,34.0,2617606.0,0.8250310483670743,0.6465460515279295,32.343737264887025,-1.0329127856263822,0.8624752192826511,205.16120957528864,126.25844549172233,2.1871106147271533,1.6249305840593395,77048.00000000001,1216.9239999309132,0.653799104444279,0.9195753492507744,4.38412341603015
ID3440,3440,40,56722.0,1448.3867691096045,302.3924437313209,0.0,11.0,11,134.3606565925106,1,,1.999224368918347,2.0,0.0,10.0,113412.0,0.07854489062745423,-0.3137029858582493,-23.269129477716458,0.4904351221809855,6.304674860797347,198.06258018705432,99.59394705016418,-1.268103947613778,1.9887009808667666,56714.49999999988,1051.1840267941634,0.644980323473687,0.9300203338690087,4.41399360013332
ID3585,3585,40,76726.0,1470.1848262046608,282.3666996919093,0.0,9.0,9,156.2601454602943,1,,35.96618212632814,36.0,0.0,36.0,2758786.0,1.075710540006446,0.849909727622917,30.72211954479517,-4.432906097514061,-1.0166458372405864,198.93519232633972,128.92579004915416,2.074821879355142,1.5430209289428733,76708.9999999998,1277.1090281571214,0.5910173566371381,0.8819610120091268,4.611102905469477
ID3345,3345,40,89431.0,1503.0753564287616,239.72085446004138,0.0,4.0,4,168.72994806856707,1,,37.97398284902897,38.0,0.0,38.0,3396431.0,0.9250202947642333,0.48664180384002514,26.876205728372653,6.3719963997498175,-2.951521828763009,217.00138489872697,145.56194335686865,-0.6540034909002781,1.4907837852007304,89440.50000000001,1470.9979920163914,0.5194215006590889,0.8132433169667215,4.918639245820528
ID3399,3399,40,77619.0,1476.0017179695317,270.74382712072605,0.0,8.0,8,157.17617051134113,1,,0.9992136540593498,1.0,0.0,4.0,77513.0,0.11539441336844104,-0.5592108018712666,-21.970916848927303,3.614165296435128,1.0677846261526773,204.23509902684742,132.74366536890207,-0.7552471408880195,1.5385675727671573,77611.0,1305.5212341037022,0.5722229386991127,0.8075058265357081,4.686215976540628
ID3288,3288,40,84670.0,1491.013209047622,258.26997891827733,0.0,5.0,5,164.16898981879837,1,,30.988967244291672,31.0,0.0,33.0,2623433.0,0.5943579563257874,0.318141316035869,25.167908031983295,4.3706179425822675,-0.23828510229336392,219.1750564591307,140.90057106887548,-0.5181213364109625,1.5555299371497424,84670.50000000023,1426.6094684292343,0.5227954319694962,0.8557113620859571,4.902742002413248
ID3164,3164,40,82490.0,1485.753191566747,278.33436586933067,0.0,7.0,7,162.0344233244826,1,,1.0113245065231098,1.0,0.0,35.0,83410.0,0.6175116824104607,-0.7516304525661853,-9.912458226161299,0.4612464872175862,-0.9403643608896992,210.98265166469932,133.34434049982315,2.4467806705772337,1.5822392677023975,82483.00000000007,1314.1049367179367,0.6002251913336943,0.8596949277967998,4.575597590767744
ID3580,3580,40,76729.0,1483.3768471087126,267.72570245528055,0.0,12.0,12,156.27033038339107,1,,29.985739796915936,30.0,0.0,34.0,2300416.0,0.6575356156864867,0.2076872788983132,15.684868672379064,0.5920543646189966,1.4468879432250081,201.08411796521344,129.68130929245018,-1.037496924820479,1.5506021574145241,76718.99999999987,1235.068334795022,0.6320200019585441,0.8781333699608528,4.459021029465258
ID3214,3214,40,61941.0,1561.8879139153037,193.95694150696653,0.0,6.0,6,140.41294826453088,1,,1.0013398766667743,1.0,0.0,6.0,62029.0,0.09028066212437606,-0.36212654116157134,-12.593388348643867,-3.674094685315522,14.27613720359554,156.71691591817537,140.76845760611388,0.04352238562692512,1.113295681314397,61939.000000000044,1121.1510749136226,0.6192211450867042,0.8190064394991212,4.504867719592067
ID3439,3439,40,89247.0,1497.563686380852,272.01266406699386,0.0,10.0,10,168.54260844906182,1,,1.0014120969639915,1.0,0.0,9.0,89355.0,0.091914461372166,-0.5601779471776857,-27.752875597136104,-0.5535352200350858,2.230087140355121,223.7608692228177,136.26665084038453,2.377424107841336,1.6420809335434479,89241.99999999974,1340.3408500726434,0.624235769703568,0.8580177772222704,4.4867369324183475
ID3480,3480,41,34779.0,935.7507247001777,838.9927961208776,0.0,10.0,10,105.22476056499278,1,,16.991778537959583,17.0,0.0,21.0,591093.0,0.27765064877412626,0.0861104998865705,9.704032453760018,17.275859640975497,-3.889089870129253,186.27550566900624,71.02995899449644,2.675140206167958,2.622492090744967,34784.49999999997,897.2458451825936,0.5429661023564876,0.9287507008784335,4.810814080406997
ID3416,3416,41,43648.0,982.1598429045475,826.0786985592582,0.0,8.0,8,117.86904787653458,1,,16.990610758696498,17.0,0.0,21.0,741929.0,0.24251495366165146,0.05380450213926622,7.15416629885902,11.735860602560626,1.2552352975547747,193.4577345945467,88.43792633748103,2.7795497614493714,2.187497407574979,43646.49999999994,1024.008524224249,0.5230607639218685,0.8999649470081231,4.901498342776104
ID3473,3473,41,73075.0,837.5762761735323,687.5736941745358,0.0,11.0,11,152.50869936973956,1,,12.994907388393774,13.0,5.0,19.0,949239.0,0.19655695104407683,0.1390506382623132,16.1415312968919,1.4231065209687235,-3.602586264981294,225.0365508566801,105.62737692311218,-1.1524404750917747,2.130475615431478,73070.00000000004,1136.4174373423482,0.7110058817493177,0.9864792801549862,4.204054479254213
ID3577,3577,41,21364.0,908.0220836550536,966.1492430800907,0.0,9.0,9,82.47498476995625,1,,33.98268762867303,34.0,0.0,35.0,726278.0,0.5614873937431671,0.2023062714115025,20.36769779162597,8.621181785282438,2.0175022926890387,141.552050684551,49.7461245365193,0.2589098873031681,2.845489010518513,21369.5,700.9702925017251,0.5465186656434855,0.8825266374824481,4.795152596984312
ID3547,3547,41,66717.0,838.8925715527643,684.3088478862051,0.0,12.0,12,145.7275592383983,1,,18.99745158002039,19.0,0.0,33.0,1267282.0,0.4462096415230326,0.03489332020678851,2.870999414449316,6.563282096513217,-16.616956052931933,239.3708845051325,97.1541570063379,1.9904951161629696,2.4638254489668108,66716.50000000004,1153.8792294650978,0.6296836359361814,0.9665836025672608,4.467285703120342
ID3346,3346,42,60480.0,136.69343400530636,1536.1904075093469,0.0,5.0,5,138.76483380114402,1,,36.95678481682317,37.0,0.0,37.0,2235442.0,1.2389210818179768,0.5542395763418003,21.274536371971205,-2.370128823986318,5.150662689948551,206.28426749598154,104.13596225206213,-1.0094204916948766,1.9809128665529439,60493.49999999994,1107.6973791174362,0.6195499412638669,0.9529386745640418,4.503672190583888
ID3556,3556,42,68350.0,133.52174490688938,1477.4034935679442,0.0,9.0,9,147.5207424518888,1,,26.978354345218943,27.0,0.0,27.0,1844618.0,0.7273906949109521,0.29819510726159687,17.03877054671823,0.5570560552687192,1.393898464978727,166.31193475530782,132.24905654896017,1.3648429204281274,1.2575661338932664,68368.50000000004,1010.147327397129,0.841969728214243,0.9717715284736592,3.8632845150703634
ID3431,3431,42,58151.0,162.63662889015004,1485.2991023061445,0.0,8.0,8,136.0492615624989,1,,31.97571295882211,32.0,0.0,35.0,1859004.0,0.863727898086425,0.3518244100899129,19.269878165332358,4.371469694242499,0.8341361555569022,152.68751052367946,124.60971319820374,2.0293422082747123,1.2253259124416351,58148.99999999999,942.90369531173,0.8218970827366345,0.9716925956252189,3.9101751606287385
ID3544,3544,42,53734.0,147.27366442753205,1507.6685956718334,0.0,10.0,10,130.79102260248257,1,,32.961370994752706,33.0,0.0,35.0,1771410.0,1.114462927766124,0.3650292033996849,15.818135979918852,3.297264153342649,-1.6437738995656987,153.04894861956006,115.03077043775167,2.1154491418495986,1.3305044210095223,53741.000000000044,910.9554429246161,0.8138068428735801,0.9676437754330376,3.9295630674612188
ID3372,3372,42,54981.0,123.08301651113578,1548.6872555618213,0.0,3.0,3,132.28170460491316,1,,35.97748903568634,36.0,0.0,36.0,1976999.0,0.8433344487714228,0.2697389705367289,18.125510654865852,1.8761393606623726,3.599542735559619,172.76979438531308,109.85851216515253,-1.0376913844732996,1.5726573296895259,54972.99999999993,1082.4593862617094,0.589570955986954,0.9152708867503567,4.616755674311675
ID3389,3389,42,45439.0,163.57641997441058,1498.9070403894873,0.0,6.0,6,120.29482487099932,1,,33.95534732303902,34.0,0.0,37.0,1543678.0,1.1906470956979451,0.400086427619919,16.29874214593557,0.9551083730547374,-0.4843289315147303,140.26226102557698,104.12894179719144,-1.1305291544673008,1.3470055356824928,45461.499999999985,839.6374247042485,0.8103451727215668,0.9787822679613318,3.937947367918765
ID3357,3357,42,53563.0,155.3103941280613,1507.626987831098,0.0,7.0,7,130.57728825633444,1,,28.97537801008027,29.0,0.0,29.0,1552211.0,0.79843931559351,0.3476047519784923,18.721487986331894,0.5223483893802746,1.055871553787229,151.24189886165544,113.67275423477413,2.102389684836092,1.3305026334568075,53565.500000000065,922.4491757848541,0.7910612894472653,0.9600928448523098,3.9856564895754825
ID3215,3215,42,56103.0,126.91238745159527,1537.707507780391,0.0,4.0,4,133.65935826637445,1,,15.902149502726981,16.0,0.0,16.0,892206.0,1.2457345512369415,0.2165634709283269,4.54475785695627,6.222970623760659,-3.5624154989212204,172.77833827908097,109.2030857704788,2.178468122726954,1.5821745059679317,56123.999999999905,1015.197244860311,0.6843174570516833,0.9385598180541139,4.285249594383713
ID3572,3572,43,33173.0,625.9940695789224,1737.2283852088322,0.0,9.0,9,102.80720118644258,1,,31.872362202354076,32.0,0.0,32.0,1058768.0,1.5528385609660924,0.3247205175153559,10.062442422032388,7.051644248001401,-4.535549759234392,116.49454781369137,104.17459682878142,0.21065138204917536,1.1182625261814902,33204.50000000001,792.8616429605986,0.6637613995614744,0.90481640438722,4.351098707003023
ID3381,3381,43,41031.0,627.6955656784651,1760.4390189439155,0.0,7.0,7,114.3107131363058,1,,33.966083124345644,34.0,0.0,34.0,1395021.0,0.6293633429801739,0.36566971095487777,28.90129686198606,0.3997389953150738,-2.080990153411514,127.0645942103512,105.22009620646323,1.1743696542493978,1.207607660432325,41051.00000000001,801.7277880251271,0.8025641049912366,0.9661786857465637,3.9569910328981983
ID3590,3590,43,46048.0,626.4667028670721,1765.2723718505647,0.0,12.0,12,121.05778438374682,1,,36.97834679871427,37.0,0.0,39.0,1702631.0,0.9128976361506583,0.37887570532439,22.260096483596453,-3.6125993180648637,-9.27853709596011,140.6571932280793,112.70959018234475,1.461179758059971,1.2479611805927084,46040.00000000004,849.6869701943854,0.8013592642640863,0.9773701863881467,3.9599645764232827
ID3398,3398,43,39378.0,628.1408856382191,1761.293904147567,0.0,6.0,6,111.95503219291224,1,,38.95894792962502,39.0,0.0,39.0,1534554.0,1.1918682323425223,0.3318109822105438,16.28760153292026,3.4788884883807505,-2.5753051873026824,125.24130530937651,105.58996053788319,0.7149375426118896,1.1861099736318481,39376.49999999994,827.3644961402197,0.722858369876669,0.9444617672455135,4.1694457263449545
ID3562,3562,43,41515.0,626.7075049871357,1764.2065356565156,0.0,10.0,10,114.96669325918974,1,,36.96600130023356,37.0,0.0,37.0,1535235.0,1.0571439955400317,0.34235345640033127,17.836356913504314,0.9870478517067413,-4.435484249439535,138.95710756573123,102.93587986231148,1.2432783919301444,1.3499385029943132,41523.49999999998,824.7226159494088,0.7671636355656352,0.9727092776743146,4.047258349737043
ID3563,3563,43,45912.0,630.1599909974663,1770.3152774450227,0.0,11.0,11,120.89070189372049,1,,33.97582542033278,34.0,0.0,34.0,1560034.0,0.8385668121991497,0.35513291031481936,21.235934129228006,3.043829379486767,-2.9368341667869697,137.65464511800693,114.8338284342527,1.1462143109318113,1.19872904173721,45913.000000000044,895.4973969190319,0.7194769408786033,0.9420370142394036,4.1792321123258525
ID3438,3438,43,38434.0,622.5880966935018,1751.8951063654533,0.0,8.0,8,110.6221696559633,1,,37.95111804472179,38.0,0.0,38.0,1459600.0,1.3435377874163947,0.3558346434508357,14.826757561216466,-0.6661784929786473,-5.70263660445957,128.7326940011786,104.55303683419956,1.8334403923609395,1.231266904330318,38444.49999999996,871.5064093488419,0.6360670670387768,0.9325191321116262,4.444812822591549
ID3344,3344,44,1.0,601.1666666666666,1181.8333333333333,0.0,7.0,7,0.5641895835477563,1,,27.0,27.0,27.0,27.0,27.0,NaN,0.03184713375796181,NaN,0.3031086678685271,-0.41805256431310867,NaN,-0.7142427908211971,0.32183039477692127,NaN,1.0,5.23606797749979,0.45835219100318675,1.0,5.23606797749979
ID3378,3378,44,1.0,602.1666666666666,1183.8333333333333,0.0,6.0,6,0.5641895835477563,1,,32.0,32.0,32.0,32.0,32.0,NaN,0.026737967914438523,NaN,0.3031086678685271,-0.41805256431310867,NaN,-0.7142427908211971,0.32183039477692127,NaN,1.0,5.23606797749979,0.45835219100318675,1.0,5.23606797749979
ID3584,3584,45,46920.0,837.0450336161925,303.7506716131508,0.0,12.0,12,122.18580229221462,1,,31.97959314227226,32.0,0.0,33.0,1499715.0,0.7778722285213766,0.33030004670611995,20.41520249420128,-2.6625017052276503,2.6088785764469296,141.98466314200192,111.57017112224585,-1.4265224638166765,1.2726041531874261,46902.00000000003,890.1929150655321,0.7437602422992743,0.9719614547715267,4.110441316470261
ID3445,3445,45,49733.0,839.321241222116,304.98068781738647,0.0,11.0,11,125.80605436851424,1,,3.9990144414497766,4.0,0.0,13.0,198823.0,0.11958249033252054,-0.014830996972990005,-1.0068736652346495,-5.195183867991584,3.0695581739831193,145.01273709370005,114.43326044144708,-1.5432728350523135,1.2672254249707393,49722.50000000009,914.8478530636296,0.7465606134983606,0.9728431535594463,4.102724879341781
ID3443,3443,45,47875.0,823.0768826192965,281.54150818530127,0.0,10.0,10,123.41445642182437,1,,3.0006061239418957,3.0,0.0,7.0,143564.0,0.08805680535847116,-0.032579936124077856,-2.2951506633309813,2.2976731140214737,5.89645785481003,138.89730865120984,113.19605751240313,-1.1233234853259533,1.227050762222797,47850.0,892.1570557426345,0.7554560040106858,0.9349811929070392,4.078498843103268
ID3449,3449,46,59263.0,689.2529240752613,465.6023510689745,0.0,11.0,11,137.3636539744147,1,,4.992293813129184,5.0,3.0,5.0,296058.0,0.11740955419538562,-0.17234794019737248,-17.70863109486595,-7.298059879976607,-3.1944089898765475,175.7035048742087,125.80155143127273,1.2488822701971927,1.3966720034466202,59277.99999999995,1119.1656159957984,0.5947229371800521,0.8706214108420102,4.596715102870269
ID3570,3570,46,1.0,580.5,404.5,0.0,12.0,12,0.690988298942671,1,,26.0,26.0,26.0,26.0,52.0,0.0,0.0196078431372549,Infinity,0.16666666666666657,1.7115938296304497E-17,1.4035022283509397,0.867412080407097,-0.5535743588970454,1.618033988749895,1.5,5.8863495173726745,0.5440126910331675,1.0,4.8061842550803595
ID3451,3451,46,58328.0,682.2107672082421,512.9643774738857,0.0,10.0,10,136.24623586552124,1,,6.0012005007803255,6.0,0.0,11.0,349924.0,0.17294129400904404,-0.08078209580046136,-6.099104433834465,-7.554708770052,2.8324530739190847,185.81811525604303,120.8157807318423,1.4931885547998498,1.5380285102695088,58317.50000000011,1219.2949783428658,0.49293674356402223,0.7728983605688323,5.049046101590076
ID3212,3212,47,4.0,730.0714285714286,890.1666666666667,0.0,7.0,7,1.055502061411188,1,,10.0,8.0,8.0,16.0,40.0,4.0,-0.08163265306122452,-0.44444444444444464,-0.0714285714285555,-0.1666666666667428,2.265335938533165,0.7023197886932033,0.90788749496088,3.2255049266776945,3.5,9.122417494872465,0.5285158546208822,1.0,4.8761372578464846
ID3406,3406,47,1.0,706.1666666666666,831.8333333333334,0.0,8.0,8,0.5641895835477563,1,,7.0,7.0,7.0,7.0,7.0,NaN,-0.125,NaN,NaN,Infinity,-Infinity,NaN,1.5707963267948966,NaN,1.0,5.23606797749979,0.45835219100318675,1.0,5.23606797749979
