PIVlab, ASCII chart output - 21-Nov-2024
FRAME: 58, filenames: A:[58]AVI_Pos012_TimeSrs0012_TgUtrmcherry_K4K8MO.avi & B:[59]AVI_Pos012_TimeSrs0012_TgUtrmcherry_K4K8MO.avi, conversion factor xy (px -> m): 1, conversion factor uv (px/frame -> m/s): 1
x [px],y [px],u [px/frame],v [px/frame],Vector type [-]
47,33,NaN,NaN,2
47,65,NaN,NaN,2
47,97,6.130105972,4.55098772,1
47,129,3.160981178,4.154238224,1
47,161,6.587799549,2.928874016,1
47,193,4.460319042,-0.3719128966,1
47,225,3.973815918,-0.6964746714,1
47,257,3.812942028,0.008222341537,1
47,289,5.524464607,0.8585970998,1
47,321,2.421149731,3.652289391,1
47,353,0.980335474,4.250966072,1
47,385,0.3055126667,1.665163517,1
47,417,-1.005215645,1.715801716,1
47,449,0.2640289068,1.215399981,1
47,481,0.8057235479,2.294074535,1
47,513,1.027262807,1.599136353,1
47,545,1.93319273,-1.100238323,1
47,577,3.391357899,-1.388430953,1
47,609,1.212261438,0.3365159035,1
47,641,-0.004510760307,1.272953987,1
47,673,0.9451755285,-0.09873318672,1
47,705,2.172789812,-2.29019928,1
47,737,2.575302601,-7.104319572,1
47,769,NaN,NaN,2
47,801,4.89764595,-5.774702549,1
47,833,4.459721088,-1.861021161,1
47,865,4.367948055,-1.880181551,1
47,897,5.443163395,-1.94143486,1
47,929,NaN,NaN,2
47,961,2.007573366,-4.467438221,1
47,993,1.301268101,-5.924326897,1
47,1025,NaN,NaN,2
47,1057,0.6838473082,-2.922687292,1
47,1089,-1.085280657,-1.200342059,1
47,1121,-0.008388340473,-0.2957493067,1
47,1153,2.453629732,-1.156290174,1
47,1185,1.122282982,-2.319465637,1
47,1217,1.873539209,-4.268205643,1
47,1249,-0.2373570204,-5.639635086,1
47,1281,-1.48105979,-3.928144455,1
47,1313,-1.852818131,0.2046285868,1
47,1345,-0.9508001804,0.1770365238,1
47,1377,0.2920898199,-0.6836262941,1
47,1409,0.964471221,-0.2066379189,1
47,1441,1.193712473,0.4868435264,1
47,1473,3.302109718,4.590715408,1
47,1505,1.296478987,3.802167654,1
47,1537,-2.430769444,1.02580893,1
47,1569,-2.081525326,-2.212530851,1
47,1601,0.2401348352,-3.136230469,1
47,1633,1.704087019,0.1099529266,1
47,1665,1.122131348,1.3680439,1
47,1697,2.94331789,1.892430305,1
47,1729,3.758048058,-0.01604175568,1
47,1761,2.691960335,-1.11393261,1
47,1793,2.360133648,-0.382566452,1
47,1825,3.71893692,-0.4660971165,1
47,1857,4.806866169,2.983911991,1
47,1889,NaN,NaN,2
47,1921,NaN,NaN,2
47,1953,NaN,NaN,2
47,1985,0.6279635429,0.0604047142,1
47,2017,-1.840840816,-4.183261871,1
79,33,NaN,NaN,2
79,65,NaN,NaN,2
79,97,NaN,NaN,2
79,129,3.322790146,1.751415968,1
79,161,2.390131474,0.4200202227,1
79,193,5.214744568,0.2279366851,1
79,225,4.954524994,-0.03210410476,1
79,257,5.174084663,0.6901789904,1
79,289,3.221459627,1.080100775,1
79,321,3.061779737,4.398094654,1
79,353,2.024950504,4.54901123,1
79,385,1.994575977,1.304675341,1
79,417,1.323230624,1.81399703,1
79,449,1.812013745,1.457287788,1
79,481,1.897175193,1.495626569,1
79,513,1.038719893,0.5318818092,1
79,545,0.5091123581,-0.8688287735,1
79,577,0.805357933,-2.200358391,1
79,609,0.02800703049,-1.195764303,1
79,641,-1.968957782,-0.659288168,1
79,673,-0.2653907537,-0.007924079895,1
79,705,-1.028254986,-1.380036354,1
79,737,-1.713033199,-4.185655594,1
79,769,1.306554198,-5.046537876,1
79,801,1.803756356,-3.568460941,1
79,833,0.9615995884,-2.561527729,1
79,865,1.508597374,-1.995577693,1
79,897,3.041270494,-1.568663836,1
79,929,NaN,NaN,2
79,961,1.731827974,-2.002685547,1
79,993,2.126541853,-1.771392465,1
79,1025,2.553318501,-2.041084528,1
79,1057,0.9901788235,-2.982456446,1
79,1089,0.9166705608,-1.945924878,1
79,1121,0.7431519032,-1.243156195,1
79,1153,0.7479712367,-1.260650039,1
79,1185,-1.013728142,-1.386407614,1
79,1217,-1.580494881,-1.35829258,1
79,1249,-0.5840785503,-2.521993637,1
79,1281,-0.1684176326,-3.650167942,1
79,1313,0.14154917,-0.597384572,1
79,1345,-0.2321247458,-0.973969698,1
79,1377,-0.8484225273,-1.824706793,1
79,1409,-0.8501101136,-1.517910361,1
79,1441,-0.2759443521,0.002900660038,1
79,1473,-0.9582876563,4.236331463,1
79,1505,-0.6578575373,3.447802305,1
79,1537,-0.04265278578,0.1339735985,1
79,1569,0.1714903712,-0.6928123236,1
79,1601,1.599125266,-0.09019446373,1
79,1633,2.131681681,0.967538178,1
79,1665,-0.4064741135,0.8888444901,1
79,1697,0.5880270004,0.8217184544,1
79,1729,2.209291935,0.6054137349,1
79,1761,1.208939075,1.191849589,1
79,1793,0.1541389227,0.8904073238,1
79,1825,1.199804425,-0.7123773694,1
79,1857,2.934484005,1.521977425,1
79,1889,NaN,NaN,2
79,1921,1.841878653,1.321501255,1
79,1953,4.017552853,0.6090720892,1
79,1985,1.703621268,0.1575386822,1
79,2017,-1.168929219,-2.554372549,1
111,33,NaN,NaN,2
111,65,NaN,NaN,2
111,97,NaN,NaN,2
111,129,4.985507011,0.436095953,1
111,161,2.610823154,0.5544691086,1
111,193,3.070576429,-0.6503242254,1
111,225,3.17845583,-0.1433380842,1
111,257,3.09325695,0.6150214672,1
111,289,2.143733978,1.143369794,1
111,321,2.191327572,1.715239882,1
111,353,2.423426151,1.208233118,1
111,385,4.605289459,0.8481268883,1
111,417,3.462253809,1.300332665,1
111,449,1.921237707,1.113102794,1
111,481,1.593313456,0.7717090249,1
111,513,1.02827096,-0.1522720456,1
111,545,0.2123183906,-0.313626647,1
111,577,-1.017324448,-0.5068781376,1
111,609,-1.671235323,-5.136164665,1
111,641,1.041689396,-5.06526947,1
111,673,0.6217506528,-2.47029233,1
111,705,-0.9108977914,-3.224438667,1
111,737,-2.416217804,-2.542345047,1
111,769,-0.7185854912,-1.432121277,1
111,801,-0.1153296232,-1.41915679,1
111,833,NaN,NaN,2
111,865,-0.04662871361,-1.239732385,1
111,897,0.447316587,-1.215195894,1
111,929,1.100499272,-1.613228798,1
111,961,1.83643961,-1.576710105,1
111,993,1.788262129,-0.8002964258,1
111,1025,2.240966797,-0.9424304962,1
111,1057,2.830873013,-1.20615685,1
111,1089,2.506672144,-1.499941349,1
111,1121,1.607986808,-3.169368982,1
111,1153,0.7796792984,-4.16545105,1
111,1185,-0.5395810604,-1.162466645,1
111,1217,-2.271515608,-0.1671311855,1
111,1249,-0.8585060239,-1.255465984,1
111,1281,0.01531079412,-1.33865571,1
111,1313,0.05754989386,-1.35117507,1
111,1345,-0.4385150075,-1.207616568,1
111,1377,-1.030650377,-1.154501081,1
111,1409,-0.336294055,-1.041686654,1
111,1441,-0.6964949369,-0.5191332102,1
111,1473,-2.855774641,3.129323006,1
111,1505,-1.428904295,2.527424812,1
111,1537,1.085785866,1.290291548,1
111,1569,2.541701555,1.583049297,1
111,1601,3.442663193,1.981955528,1
111,1633,2.556497574,1.346404672,1
111,1665,0.8221850395,0.7840628624,1
111,1697,0.6429810524,-0.1192418039,1
111,1729,0.5637972355,0.4820275307,1
111,1761,0.2334187031,0.8270823359,1
111,1793,-0.2603361607,0.7015017867,1
111,1825,-0.3906509876,0.8806974888,1
111,1857,-0.2015693188,1.015998244,1
111,1889,NaN,NaN,2
111,1921,3.236471653,1.349503994,1
111,1953,3.804261684,-0.3456333876,1
111,1985,2.205143452,0.1126520336,1
111,2017,1.713088989,-0.9909837246,1
143,33,4.306415081,0.5151450634,1
143,65,4.358466148,0.5254538059,1
143,97,5.447706223,0.4043821096,1
143,129,3.316218853,-0.4173277617,1
143,161,2.717147112,0.07300180197,1
143,193,1.905793428,0.6469025016,1
143,225,2.335183144,0.513879776,1
143,257,3.19184351,1.052577853,1
143,289,2.844796896,1.676411629,1
143,321,2.325165987,1.501575708,1
143,353,0.3777172565,1.127739787,1
143,385,2.966500521,0.6710948944,1
143,417,2.253728867,0.5479008555,1
143,449,1.57696116,0.3167062402,1
143,481,0.9547628164,0.417668581,1
143,513,0.5174429417,-0.7465737462,1
143,545,0.3219929338,-1.91810751,1
143,577,-1.697470069,-2.507345676,1
143,609,-1.008781672,-4.526115417,1
143,641,0.7691782117,-5.348130703,1
143,673,0.8492526412,-3.21482873,1
143,705,-0.7796115875,-2.974311113,1
143,737,-1.323321819,-1.295074224,1
143,769,-1.117503047,1.181484461,1
143,801,-0.1311271191,0.5795351267,1
143,833,-2.11507225,-1.065771699,1
143,865,-1.804946065,-0.994376421,1
143,897,-0.9515743852,-1.058949709,1
143,929,0.1926457882,-1.243324161,1
143,961,0.7119732499,-1.297250867,1
143,993,0.7240840793,-0.7374551892,1
143,1025,0.7671650648,0.2755669355,1
143,1057,1.97791481,-0.5774526596,1
143,1089,3.474839449,-1.829568982,1
143,1121,2.322632313,-3.228629589,1
143,1153,1.13972199,-5.236950397,1
143,1185,0.7856237292,-2.777466774,1
143,1217,0.2597809434,-2.122899055,1
143,1249,0.008397221565,-0.6762171984,1
143,1281,0.6957606077,0.1889736652,1
143,1313,0.4187814593,-1.443486571,1
143,1345,-0.6561114192,-1.270862103,1
143,1377,-1.703357697,-1.196538925,1
143,1409,-0.8887841702,-1.108848453,1
143,1441,-1.166697741,-0.6194412112,1
143,1473,-2.251677036,1.290267229,1
143,1505,-1.289990425,1.39111042,1
143,1537,0.7045427561,1.943283439,1
143,1569,4.042076111,2.724721193,1
143,1601,2.271747112,2.807515383,1
143,1633,1.28078866,1.974767685,1
143,1665,-0.8109253645,0.07885318995,1
143,1697,-0.04663050175,0.07688802481,1
143,1729,-0.07420933247,0.7770550847,1
143,1761,-0.6234419346,1.769728661,1
143,1793,-2.868095398,1.566351175,1
143,1825,-2.292207718,1.745737076,1
143,1857,0.9478371143,1.888677478,1
143,1889,2.190282583,4.177247047,1
143,1921,2.158494234,1.580080152,1
143,1953,-0.2297296524,1.100954413,1
143,1985,1.115645885,1.056465626,1
143,2017,3.461370468,-0.3300641775,1
175,33,3.900976419,0.2848088741,1
175,65,3.918239117,1.113532662,1
175,97,3.190576553,0.6411083341,1
175,129,2.437123775,-0.1775489897,1
175,161,2.454009056,-0.5791288018,1
175,193,2.171702385,-0.3791093826,1
175,225,2.996868849,0.7533279061,1
175,257,2.833935261,1.347241879,1
175,289,2.860454082,1.839139581,1
175,321,2.390949249,1.869327068,1
175,353,1.055959105,2.147702217,1
175,385,1.515894175,0.3460529447,1
175,417,1.796977758,-1.690193772,1
175,449,1.391798258,-0.7681372166,1
175,481,-0.341059804,-0.3443484902,1
175,513,-1.026045918,-1.97505796,1
175,545,0.752125442,-3.577229023,1
175,577,1.660406113,-3.504137754,1
175,609,3.052447796,-3.50383997,1
175,641,2.870768547,-3.971762657,1
175,673,0.2336246073,-3.710576057,1
175,705,-0.633746624,-2.281855106,1
175,737,-1.523874521,0.8179194927,1
175,769,NaN,NaN,2
175,801,-0.2662758529,-0.5445886254,1
175,833,-0.08305233717,-1.051847219,1
175,865,-0.3338704705,-0.9856197834,1
175,897,-0.351408422,-1.011132121,1
175,929,-0.1461769938,-0.9931031466,1
175,961,0.1761022657,0.1172324419,1
175,993,0.3425943851,-0.4558683634,1
175,1025,0.1049204171,0.7849202752,1
175,1057,1.43994081,-0.612356782,1
175,1089,3.495168924,-2.033153057,1
175,1121,3.619755268,-2.549625397,1
175,1153,1.881965041,-3.245207787,1
175,1185,3.278969526,-2.619491816,1
175,1217,2.55991745,-2.323500633,1
175,1249,0.009854674339,-1.277354956,1
175,1281,1.312745571,-0.1506131887,1
175,1313,0.3494633734,-1.534748077,1
175,1345,0.09710644186,-1.494698167,1
175,1377,-0.3310521841,-1.235660911,1
175,1409,-0.6223884225,-1.501151681,1
175,1441,-0.3720343113,-0.9301403165,1
175,1473,-1.306049943,-0.6990860105,1
175,1505,-2.6571455,0.05805453658,1
175,1537,0.2246135175,1.547356367,1
175,1569,0.4347549379,4.065976143,1
175,1601,-0.4104852676,4.411551476,1
175,1633,0.6144577861,2.389398098,1
175,1665,-1.442932129,-0.5536651611,1
175,1697,-0.9969984293,-1.360824585,1
175,1729,0.3278777897,0.9416624308,1
175,1761,-0.6060962081,2.364759207,1
175,1793,-3.135448933,1.981455088,1
175,1825,-2.325696945,2.864629269,1
175,1857,-0.3543303013,5.153126717,1
175,1889,2.345456839,1.773651004,1
175,1921,2.504876137,0.3156871498,1
175,1953,2.268836975,-1.188731194,1
175,1985,3.599790573,-0.1430787146,1
175,2017,NaN,NaN,2
207,33,4.803141594,-0.09544274211,1
207,65,4.340358734,0.2938743234,1
207,97,4.704370022,0.743042767,1
207,129,2.886442423,-0.09240803123,1
207,161,2.485123873,-1.970013618,1
207,193,1.925049543,-2.203671932,1
207,225,2.201250553,0.5280897617,1
207,257,2.360227585,1.426361799,1
207,289,2.062670231,2.358495235,1
207,321,1.739472389,3.049085617,1
207,353,1.358116865,2.972923279,1
207,385,0.2549409866,3.105474472,1
207,417,-0.6293965578,-0.4079966545,1
207,449,0.2296599746,-2.588352203,1
207,481,-0.2430097461,-1.43294692,1
207,513,0.09912359715,-1.085273147,1
207,545,1.147788525,-1.688421249,1
207,577,1.611598253,-2.603323221,1
207,609,1.918190002,-4.363162994,1
207,641,0.9682949781,-7.073589325,1
207,673,0.3515571356,-5.006256104,1
207,705,-0.2488128245,-2.560796499,1
207,737,-0.06955820322,-1.433242202,1
207,769,-0.2112476826,-0.9181096554,1
207,801,0.4459862709,-0.898588717,1
207,833,0.6998784542,-0.3350477219,1
207,865,2.224406481,-0.7738084793,1
207,897,1.374676347,-1.461648464,1
207,929,-0.00521710515,-0.9172279835,1
207,961,-0.09004312754,0.1197357774,1
207,993,-0.3305661678,-0.437708497,1
207,1025,-0.5233628154,-0.4900954962,1
207,1057,0.5781158209,0.2646440268,1
207,1089,NaN,NaN,2
207,1121,1.109532118,-2.495040894,1
207,1153,2.150084257,-2.473312616,1
207,1185,2.36494565,-2.444589615,1
207,1217,1.580804586,-2.863224506,1
207,1249,0.9499228001,-3.261465073,1
207,1281,0.802321732,-1.802264452,1
207,1313,1.118796587,-0.9429471493,1
207,1345,0.8215839863,-2.281783342,1
207,1377,0.1079038382,-2.73771286,1
207,1409,-0.9977664948,-1.408524871,1
207,1441,-0.7634743452,-1.164570451,1
207,1473,-0.2352144122,-1.832088232,1
207,1505,-0.4953258634,-0.845307827,1
207,1537,-0.5284253359,2.570611715,1
207,1569,-0.6056314111,5.507984638,1
207,1601,-0.7898013592,3.800644636,1
207,1633,-0.03906726837,2.364908934,1
207,1665,0.4658827782,-0.8353319168,1
207,1697,0.9536139965,-2.785108566,1
207,1729,0.9336306453,-0.6258980632,1
207,1761,-1.447093368,3.276439428,1
207,1793,NaN,NaN,2
207,1825,NaN,NaN,2
207,1857,1.599825859,3.888519526,1
207,1889,2.635740995,1.877921462,1
207,1921,2.975373507,0.3507490158,1
207,1953,3.008444548,-1.976721048,1
207,1985,3.167033672,-1.025895476,1
207,2017,3.758865356,-0.03149199486,1
239,33,4.962898254,-0.08591240644,1
239,65,4.648482323,0.1439903527,1
239,97,5.597565174,0.4898313582,1
239,129,3.945696115,-0.1158896685,1
239,161,1.90043807,0.4593276381,1
239,193,0.00806581974,-0.2801100016,1
239,225,1.066349745,0.8465943336,1
239,257,2.245378017,2.049947977,1
239,289,2.246284723,4.0710783,1
239,321,1.054418087,3.959131718,1
239,353,0.4198367596,2.079025269,1
239,385,0.5776655674,3.272934198,1
239,417,1.313602924,-2.36346364,1
239,449,1.397854805,-3.275197506,1
239,481,1.082512379,-2.060095072,1
239,513,0.8561308384,-1.383262396,1
239,545,1.635296583,0.1033337116,1
239,577,1.892815471,-1.374166846,1
239,609,1.362899184,-3.075009346,1
239,641,0.9902888536,-4.640359879,1
239,673,0.02882862091,-5.139464378,1
239,705,1.018255949,-2.437222719,1
239,737,1.382129431,-1.986935139,1
239,769,1.25023365,-1.943783879,1
239,801,1.332068205,-1.040787578,1
239,833,0.8214980364,0.08953440189,1
239,865,NaN,NaN,2
239,897,-0.3786495924,-3.146588802,1
239,929,0.8204663396,-1.028050661,1
239,961,-0.04235918075,-0.9554548264,1
239,993,-1.410408974,-0.8510315418,1
239,1025,-3.212384224,0.2547307014,1
239,1057,-2.663040638,2.052616596,1
239,1089,1.867907882,-1.305506945,1
239,1121,0.4790906906,-2.777654171,1
239,1153,0.9661295414,-2.417385817,1
239,1185,1.694205642,-2.332722664,1
239,1217,0.7531007528,-2.711770773,1
239,1249,0.4654276967,-2.825077534,1
239,1281,1.095137358,-2.57606554,1
239,1313,0.457883656,-2.222268581,1
239,1345,0.03746670485,-3.071543455,1
239,1377,-1.873371482,-3.104643345,1
239,1409,-1.120721817,-1.235415936,1
239,1441,0.6491653919,0.2873167992,1
239,1473,2.999180555,-0.6340239048,1
239,1505,1.01054728,-0.5890796185,1
239,1537,-0.6341484189,1.875131488,1
239,1569,NaN,NaN,2
239,1601,-1.918400884,1.715222597,1
239,1633,-2.101896763,0.7183534503,1
239,1665,-0.01556824148,-0.6351780891,1
239,1697,1.427850962,-1.55313313,1
239,1729,1.073306918,-0.7794360518,1
239,1761,0.6698887348,-0.07267071307,1
239,1793,2.867501974,1.084984303,1
239,1825,NaN,NaN,2
239,1857,2.352275848,1.910283923,1
239,1889,3.245234013,2.124117374,1
239,1921,2.786816359,0.3308366239,1
239,1953,2.743476629,-0.8637992144,1
239,1985,3.729202271,-0.043721091,1
239,2017,2.584109306,-0.1229375601,1
271,33,3.932919979,0.02152302861,1
271,65,3.497462034,0.1158276945,1
271,97,5.562324524,-0.5312648416,1
271,129,3.725038528,-0.6292767525,1
271,161,1.447639704,0.8037257195,1
271,193,1.498610854,1.994968653,1
271,225,1.654890299,2.704612732,1
271,257,3.28858161,2.762845516,1
271,289,3.173675776,3.699049234,1
271,321,1.606292009,1.890222073,1
271,353,1.258384705,0.4584840536,1
271,385,2.772713184,0.9948970079,1
271,417,2.988913059,-1.074784756,1
271,449,3.152035236,-3.43348217,1
271,481,2.640846014,-0.3555117846,1
271,513,2.069193125,0.3001420498,1
271,545,3.698444366,1.84635818,1
271,577,4.591572762,0.127527833,1
271,609,2.401950598,-2.392866135,1
271,641,1.071608782,-3.780366421,1
271,673,0.9368677139,-2.976758242,1
271,705,2.271002769,-2.516907692,1
271,737,2.648358345,-2.353353262,1
271,769,2.177556276,-2.04876852,1
271,801,2.195681572,-1.326476336,1
271,833,1.673550844,-0.1068181992,1
271,865,1.346714973,-0.367975235,1
271,897,1.176541686,-1.182378531,1
271,929,1.274609566,-0.09947943687,1
271,961,0.6201856136,-2.238733292,1
271,993,-0.1075545549,-2.750161171,1
271,1025,-1.707337618,0.02789521217,1
271,1057,-1.829932928,0.1916818619,1
271,1089,1.05858767,-1.468223095,1
271,1121,2.035145283,-2.302967787,1
271,1153,0.9832491875,-1.776802063,1
271,1185,1.184619188,-1.524545193,1
271,1217,-0.1542451382,-1.926164389,1
271,1249,-0.4038405418,-2.295140505,1
271,1281,0.8334517479,-2.643076181,1
271,1313,0.528665781,-2.879593849,1
271,1345,-0.6434128284,-3.081508636,1
271,1377,-1.75532043,-2.178315163,1
271,1409,0.8490791321,0.3654129505,1
271,1441,2.698376417,0.898468852,1
271,1473,3.209043741,-0.9393535852,1
271,1505,0.04202747345,-1.560763121,1
271,1537,-0.7312036157,0.1042599082,1
271,1569,-0.7297622561,1.773298979,1
271,1601,-1.948080778,-0.103286922,1
271,1633,-3.315400362,-0.7705192566,1
271,1665,-1.502490044,-0.1202558279,1
271,1697,-0.452352345,-0.09203565121,1
271,1729,0.2844773531,-0.4168560505,1
271,1761,1.318874598,-0.6302224398,1
271,1793,1.274736166,0.01552641392,1
271,1825,1.885197163,0.7424972057,1
271,1857,2.366684437,0.2644989491,1
271,1889,3.231499672,0.5192567706,1
271,1921,3.219921589,0.4400033951,1
271,1953,3.262630224,-0.02218809724,1
271,1985,3.313774347,0.9402806759,1
271,2017,3.113353014,-0.297631979,1
303,33,2.881260157,0.7528762221,1
303,65,2.564877748,0.130363822,1
303,97,0.8984868526,0.3568477333,1
303,129,0.3964583874,1.321560621,1
303,161,2.375308514,0.2097064257,1
303,193,2.610176563,1.30313015,1
303,225,2.753932714,2.713260412,1
303,257,3.732739925,2.325640678,1
303,289,3.14699316,1.772844315,1
303,321,2.480304718,3.710693121,1
303,353,2.915912628,1.368629694,1
303,385,4.839166641,1.580485106,1
303,417,5.029038429,0.7186470032,1
303,449,4.172576904,-2.222536087,1
303,481,3.992102146,-0.512689352,1
303,513,2.418593168,0.9153453708,1
303,545,2.262648582,-0.4309350252,1
303,577,4.374577045,-0.7313469648,1
303,609,2.190303087,-2.126278162,1
303,641,1.387821317,-3.810093403,1
303,673,1.206160188,-2.423661232,1
303,705,2.178637028,-1.875441432,1
303,737,2.871967793,-2.261843204,1
303,769,1.841650963,-2.025541782,1
303,801,1.302473307,-1.626430273,1
303,833,2.168775558,-1.068165064,1
303,865,3.66100359,-0.8338594437,1
303,897,2.29415679,-1.14799571,1
303,929,1.493737936,0.1720372438,1
303,961,1.142511368,-2.280213594,1
303,993,0.6782001257,-3.705567837,1
303,1025,0.08350737393,-1.831805706,1
303,1057,-0.9418424368,-1.436948538,1
303,1089,-0.105650723,-1.062223196,1
303,1121,2.618395805,-0.5808619261,1
303,1153,1.850109339,-1.196747899,1
303,1185,0.7133723497,-1.209375262,1
303,1217,0.8671833277,-1.520473957,1
303,1249,1.054180622,-2.080866814,1
303,1281,1.062515855,-2.498613834,1
303,1313,0.9335207939,-2.718426228,1
303,1345,0.4106783867,-2.820186615,1
303,1377,0.04769778252,-2.287561178,1
303,1409,1.091449022,0.1391018629,1
303,1441,0.3582684994,0.4147744179,1
303,1473,0.9527309537,-1.843977451,1
303,1505,-0.5561623573,-2.499104023,1
303,1537,-1.359765291,-1.328983426,1
303,1569,1.120178461,0.1327660084,1
303,1601,0.7620378137,1.032625198,1
303,1633,0.1425586641,1.942146063,1
303,1665,-1.697535634,0.07643276453,1
303,1697,-1.227412701,0.2849184275,1
303,1729,0.1594955325,-0.05262373388,1
303,1761,1.083789945,-0.0355796814,1
303,1793,1.200342655,0.5203245282,1
303,1825,1.212774277,0.6280795336,1
303,1857,2.672886372,-0.2065153122,1
303,1889,3.751267672,0.2309165001,1
303,1921,3.627037525,1.518254757,1
303,1953,3.605251312,0.02771146037,1
303,1985,3.583547115,0.8335970044,1
303,2017,2.632636547,0.07902771235,1
335,33,3.360606909,1.758287787,1
335,65,2.659108162,0.01472575963,1
335,97,1.736741066,-0.2633247375,1
335,129,2.118737698,-0.2356834114,1
335,161,3.485529423,-0.09828710556,1
335,193,4.038784504,0.4190604687,1
335,225,3.937104225,2.771524429,1
335,257,4.183614731,1.078627586,1
335,289,3.076473236,0.4346570969,1
335,321,2.796089888,0.8773907423,1
335,353,2.87088275,0.6107847691,1
335,385,3.555839539,1.529408216,1
335,417,4.246733665,0.2414084375,1
335,449,3.93098712,-0.9151144624,1
335,481,4.55969429,-1.551702261,1
335,513,5.384271145,-0.8768160343,1
335,545,5.19241333,0.8606074452,1
335,577,2.334692478,-0.6565588713,1
335,609,1.209733605,-1.821066976,1
335,641,1.167995691,-3.136604071,1
335,673,1.270989895,-2.049795628,1
335,705,1.902268887,-1.920725107,1
335,737,1.790341735,-2.803807735,1
335,769,0.8802154064,-2.605903625,1
335,801,0.5042831898,-2.240911007,1
335,833,1.035909891,-2.468504429,1
335,865,1.942935467,-3.179651737,1
335,897,2.339348793,-2.697581291,1
335,929,2.635877132,0.4315751791,1
335,961,1.539913416,-1.173760056,1
335,993,0.8863372803,-3.560289621,1
335,1025,0.8325198889,-2.959846497,1
335,1057,0.2623758316,-3.344250679,1
335,1089,0.8056950569,-0.7814542055,1
335,1121,2.655166626,0.3639796972,1
335,1153,2.120127201,-1.096324921,1
335,1185,0.1067240238,-3.568063736,1
335,1217,0.9581257105,-3.192340612,1
335,1249,2.371132851,-1.816204906,1
335,1281,1.613105416,-1.948268175,1
335,1313,2.730845928,-2.728981256,1
335,1345,1.497206211,-3.183294773,1
335,1377,0.6350558996,-2.936768293,1
335,1409,0.8149548173,-1.878139734,1
335,1441,0.8557881117,-1.646167278,1
335,1473,1.009870291,-2.028162956,1
335,1505,0.9549363852,-2.065333843,1
335,1537,0.9961455464,-1.403872728,1
335,1569,2.242096901,0.2273426652,1
335,1601,0.8972778916,1.163756847,1
335,1633,0.1677374244,2.789875269,1
335,1665,-0.1917960048,-0.006927572191,1
335,1697,0.05919650197,-0.560488224,1
335,1729,0.704954505,0.01728367805,1
335,1761,1.61322093,1.262526989,1
335,1793,3.460564613,2.590657234,1
335,1825,NaN,NaN,2
335,1857,4.35986948,1.803875566,1
335,1889,3.116131544,1.099397898,1
335,1921,3.74084878,1.785411835,1
335,1953,3.401998758,-0.2001597881,1
335,1985,2.650570869,-0.1280879974,1
335,2017,1.539862156,-0.1796132326,1
367,33,3.585849047,1.900639415,1
367,65,3.75261569,-0.1995887458,1
367,97,3.095552683,-1.278712392,1
367,129,2.915253878,-2.366499901,1
367,161,6.01702404,0.007803142071,1
367,193,5.912742138,0.70246768,1
367,225,6.088092804,1.877366543,1
367,257,4.983726501,1.837770104,1
367,289,2.979550123,0.1778880358,1
367,321,0.9288010597,-0.9168500304,1
367,353,0.9281449318,-0.8680049181,1
367,385,3.034233809,0.07187622041,1
367,417,3.485090494,-0.2340621352,1
367,449,3.086847782,-0.6820030808,1
367,481,2.686820745,-1.313503981,1
367,513,2.883060455,-0.8848215342,1
367,545,2.690205812,0.7048763037,1
367,577,1.852307081,-0.6596155763,1
367,609,1.495533943,-1.339362621,1
367,641,1.51177597,-2.257138729,1
367,673,1.606014371,-1.794065714,1
367,705,1.545777202,-2.169539928,1
367,737,1.962021351,-3.302203655,1
367,769,2.175202847,-3.189841509,1
367,801,1.983484983,-2.663203239,1
367,833,-0.1299145222,-4.744459152,1
367,865,1.236917496,-4.874048233,1
367,897,3.378357172,-1.944138288,1
367,929,1.31989491,-0.2137976885,1
367,961,0.954428792,0.1320235729,1
367,993,0.67131567,-1.680014968,1
367,1025,1.247695684,-2.611731052,1
367,1057,1.365649223,-2.569883823,1
367,1089,0.8067502975,-0.9010792971,1
367,1121,1.379004836,-0.7507152557,1
367,1153,1.274676323,-1.353010893,1
367,1185,0.07987755537,-3.051604271,1
367,1217,-0.6685801744,-1.964040756,1
367,1249,0.9396060705,-1.328310013,1
367,1281,1.389703155,-1.800424218,1
367,1313,1.875982523,-2.786544085,1
367,1345,1.752894878,-3.2528162,1
367,1377,1.048640966,-3.208840847,1
367,1409,1.380586863,-2.355749369,1
367,1441,1.35787487,-2.155654907,1
367,1473,1.352695942,-2.114723206,1
367,1505,1.513586879,-2.048152447,1
367,1537,1.557445288,-1.464955211,1
367,1569,0.7530996799,-0.9044744968,1
367,1601,-0.5056832433,0.1525195688,1
367,1633,-0.6639665961,1.19823432,1
367,1665,0.1464160681,0.05673742294,1
367,1697,0.3380842209,-0.3885715306,1
367,1729,1.010230064,-0.4750183821,1
367,1761,2.392570496,0.7039390802,1
367,1793,4.319773197,4.140132904,1
367,1825,NaN,NaN,2
367,1857,6.407733917,0.9657042623,1
367,1889,4.482919216,0.1039214283,1
367,1921,5.019450665,0.4863236248,1
367,1953,5.029808521,-0.6119582653,1
367,1985,2.217657804,-0.1870562732,1
367,2017,0.8744858503,-0.1296186745,1
399,33,3.332286358,1.056059122,1
399,65,2.931153297,0.07035239041,1
399,97,3.487552881,-0.04856163263,1
399,129,4.709008217,-0.3930607736,1
399,161,3.092105865,1.091995358,1
399,193,3.305477858,1.15133059,1
399,225,4.173299789,1.293972373,1
399,257,4.275823593,1.417663097,1
399,289,2.989249468,1.405239224,1
399,321,1.274366379,0.1228485703,1
399,353,1.380167961,-1.782250285,1
399,385,1.955316067,0.09713247418,1
399,417,1.906493664,-0.4819307327,1
399,449,NaN,NaN,2
399,481,NaN,NaN,2
399,513,0.363288641,-0.5510957241,1
399,545,1.675820351,-0.6965687275,1
399,577,4.156624794,-0.3022068739,1
399,609,2.49787426,-1.610166073,1
399,641,1.472673893,-3.296679258,1
399,673,0.9826254845,-2.591309786,1
399,705,0.8279849291,-1.926141739,1
399,737,3.153678417,-2.469763279,1
399,769,3.570918322,-2.41575098,1
399,801,4.054675579,-1.979993343,1
399,833,1.455697775,-2.04122591,1
399,865,0.8117991686,-2.331604242,1
399,897,1.130907297,-2.690017939,1
399,929,NaN,NaN,2
399,961,0.8980638981,0.2450062633,1
399,993,1.029016972,-1.097764254,1
399,1025,1.275679827,-2.120216846,1
399,1057,1.204088092,-1.607328773,1
399,1089,0.8523646593,-1.32590735,1
399,1121,0.9032840729,-1.925806761,1
399,1153,1.426916718,-1.920748711,1
399,1185,0.885618329,-2.343038797,1
399,1217,0.6329430342,-1.566069603,1
399,1249,1.298761368,-1.332548141,1
399,1281,1.483646989,-1.992570758,1
399,1313,1.694581747,-2.875534296,1
399,1345,1.581223965,-3.270231724,1
399,1377,1.701745749,-3.472827196,1
399,1409,2.151319265,-2.786978483,1
399,1441,1.686877489,-4.077118874,1
399,1473,1.277571917,-2.368196011,1
399,1505,1.244479299,-1.952999353,1
399,1537,1.255517364,-1.627410054,1
399,1569,2.228086472,-3.408718348,1
399,1601,0.8488558531,-1.729719877,1
399,1633,-0.1055573225,-0.5830376744,1
399,1665,NaN,NaN,2
399,1697,0.7222168446,-0.01562917233,1
399,1729,1.311829567,-0.7437522411,1
399,1761,1.757238626,-0.4688882232,1
399,1793,2.8233881,1.922408938,1
399,1825,NaN,NaN,2
399,1857,5.078863144,0.1912608445,1
399,1889,6.772743225,-0.8734489083,1
399,1921,6.405752659,-1.337096214,1
399,1953,5.954595089,-1.491927385,1
399,1985,3.441323042,-0.3141448796,1
399,2017,-0.3519343138,0.05889326334,1
431,33,3.138379097,0.3285536468,1
431,65,2.584147453,1.25826335,1
431,97,1.755669117,0.4741735458,1
431,129,1.582048416,1.250542641,1
431,161,1.87447691,2.048469305,1
431,193,2.149838686,1.261867881,1
431,225,3.153981686,1.05891788,1
431,257,4.265156746,1.391561508,1
431,289,4.569887638,0.9881749749,1
431,321,3.000205517,0.3026142716,1
431,353,2.540704966,-0.09206962585,1
431,385,2.306547642,-0.08235800266,1
431,417,1.149787188,-0.8811984062,1
431,449,-1.485790253,-0.8858822584,1
431,481,-1.964538455,-1.632224917,1
431,513,1.724497914,-0.001428961754,1
431,545,1.620809913,0.1059267074,1
431,577,1.048191071,0.3085905015,1
431,609,0.2258262634,-1.841965914,1
431,641,NaN,NaN,2
431,673,0.688361764,-2.999751568,1
431,705,1.665765762,-1.590614915,1
431,737,2.741364717,-0.2169276476,1
431,769,3.141364098,-0.9265694618,1
431,801,3.239396811,-2.358243942,1
431,833,2.481738329,-0.9840934277,1
431,865,1.068272948,-0.804839015,1
431,897,0.1591912508,-2.221879721,1
431,929,-1.357738256,-3.448365211,1
431,961,1.445119143,-1.224853277,1
431,993,1.969517589,-1.313769102,1
431,1025,1.54212296,-1.613867283,1
431,1057,1.17283833,-1.270388246,1
431,1089,0.7332459688,-1.77080822,1
431,1121,1.707895875,-3.914217949,1
431,1153,3.954349995,-4.218496799,1
431,1185,3.151165724,-2.023699284,1
431,1217,1.542949796,-1.314691782,1
431,1249,1.703825355,-1.467388749,1
431,1281,2.767470837,-2.058284044,1
431,1313,3.521583319,-3.380176306,1
431,1345,0.7520742416,-3.260254383,1
431,1377,0.2718334198,-3.496375561,1
431,1409,2.837884426,-3.487903118,1
431,1441,2.27473259,-3.764038801,1
431,1473,1.51471889,-3.417825699,1
431,1505,1.666130066,-1.203103185,1
431,1537,3.167424917,-1.160374045,1
431,1569,3.721973896,-2.698960304,1
431,1601,2.191076279,-0.8772878647,1
431,1633,0.9636120796,-0.06687676907,1
431,1665,-0.1245590448,0.2613779306,1
431,1697,1.243199587,-0.3535052538,1
431,1729,1.490843177,-0.7189089656,1
431,1761,1.32472086,-1.077515125,1
431,1793,1.414906979,-0.5605082512,1
431,1825,2.428790331,0.6470355988,1
431,1857,4.195940971,0.4231254756,1
431,1889,5.774279118,-0.6547359824,1
431,1921,NaN,NaN,2
431,1953,4.176937103,0.9112377167,1
431,1985,3.346212387,0.04481058568,1
431,2017,1.262422442,-0.7792547345,1
463,33,3.030688524,0.1212240458,1
463,65,2.641666174,1.38876307,1
463,97,0.4214967489,0.4065377116,1
463,129,-0.09068322182,2.186560631,1
463,161,1.550661922,1.898833632,1
463,193,2.632162094,0.7119743824,1
463,225,3.140756607,1.51797235,1
463,257,3.389301777,1.468608618,1
463,289,6.091403008,-1.032875299,1
463,321,3.470619917,-0.7748737931,1
463,353,2.746896505,-0.910817802,1
463,385,1.985165119,-0.5548351407,1
463,417,1.213453531,-0.8437028527,1
463,449,-0.2433944941,-0.4245535135,1
463,481,1.475741148,1.051038265,1
463,513,3.903287411,1.333530426,1
463,545,2.627005577,1.233686447,1
463,577,-1.498562574,0.1764385104,1
463,609,NaN,NaN,2
463,641,-0.2123429775,-0.6623408794,1
463,673,0.0599822998,-0.7716525793,1
463,705,1.009754539,-0.9513709545,1
463,737,2.161190033,-0.4013922215,1
463,769,2.334116459,-0.6453710794,1
463,801,2.256276369,-0.7783279419,1
463,833,2.249978542,-0.1601382494,1
463,865,2.092584133,-0.02958416939,1
463,897,1.865899801,-0.6998403072,1
463,929,1.637145162,-2.651759386,1
463,961,1.780900955,-3.442091227,1
463,993,3.34960413,-1.346086621,1
463,1025,2.434661388,-1.562871933,1
463,1057,1.341287851,-1.087511659,1
463,1089,-0.7709105015,-2.319208384,1
463,1121,1.455192327,-4.823973179,1
463,1153,4.085938454,-4.532557964,1
463,1185,3.983592272,-1.904437542,1
463,1217,1.794730067,-1.74954021,1
463,1249,1.483655453,-2.785449743,1
463,1281,1.25857234,-2.351434946,1
463,1313,1.050489664,-2.240951538,1
463,1345,0.6288411617,-1.334118724,1
463,1377,0.01533663273,-1.22153461,1
463,1409,1.267323732,-2.281577587,1
463,1441,1.433017015,-2.677243948,1
463,1473,1.353386641,-3.070598125,1
463,1505,1.603188634,-2.246103048,1
463,1537,1.966073275,-1.173215508,1
463,1569,1.675566316,-1.880311012,1
463,1601,0.8314958811,-2.271128654,1
463,1633,0.2873603106,-1.221479535,1
463,1665,0.5815124512,-1.136531115,1
463,1697,1.627545953,-0.8715419173,1
463,1729,1.256708741,-0.8219829798,1
463,1761,0.9556829929,-0.7649990916,1
463,1793,1.12146771,-0.7585445642,1
463,1825,1.668561459,-0.3373717666,1
463,1857,2.883678198,-0.9695583582,1
463,1889,4.222509384,-0.6629878283,1
463,1921,2.950494766,2.413550615,1
463,1953,NaN,NaN,2
463,1985,3.170938015,0.460047245,1
463,2017,1.970838785,-2.240333319,1
495,33,2.774662495,0.341760993,1
495,65,1.506535769,-1.805532455,1
495,97,0.7267653346,-1.112174869,1
495,129,1.243656754,2.965779781,1
495,161,1.799040794,4.789670944,1
495,193,2.026250362,2.376652718,1
495,225,2.002060413,1.990074515,1
495,257,0.06212759018,-1.133546233,1
495,289,2.38416028,-0.735637486,1
495,321,3.509932995,-1.081897855,1
495,353,3.242480516,-3.308557034,1
495,385,1.526493311,-0.6885716915,1
495,417,0.09993994236,-1.617529869,1
495,449,0.01636219025,1.105863571,1
495,481,1.096611381,3.601336002,1
495,513,1.995854378,3.689460278,1
495,545,1.794919968,2.49290967,1
495,577,-0.3264898062,-0.2010645866,1
495,609,1.587511897,1.759467363,1
495,641,0.8418626189,1.270422459,1
495,673,-0.3700733781,1.504995584,1
495,705,0.006064653397,0.03363908827,1
495,737,1.107482314,-0.3452966511,1
495,769,2.259105682,0.12013188,1
495,801,5.025363922,0.4278962314,1
495,833,3.042396545,0.474865675,1
495,865,2.500633001,0.8160786629,1
495,897,2.228842497,0.6603095531,1
495,929,1.359367847,-0.8134749532,1
495,961,1.717926502,-2.734610081,1
495,993,2.049069881,-0.7884215117,1
495,1025,1.623055816,-0.8562846184,1
495,1057,1.185140967,-0.4705833197,1
495,1089,1.035457253,-2.240695953,1
495,1121,1.915269375,-3.359700918,1
495,1153,3.235002995,-2.878061771,1
495,1185,2.748801231,-1.204398274,1
495,1217,1.712396502,-1.594412684,1
495,1249,1.09743166,-3.505178452,1
495,1281,0.8999775648,-2.00853014,1
495,1313,1.133471251,-1.357740402,1
495,1345,0.3632853031,0.2205796242,1
495,1377,-0.03398674726,0.2289315462,1
495,1409,3.369677305,-1.282052159,1
495,1441,1.069318533,-2.328790188,1
495,1473,1.261328101,-3.561851978,1
495,1505,1.469232917,-2.952819586,1
495,1537,1.263098955,-2.806033611,1
495,1569,0.6806694269,-2.471655846,1
495,1601,0.05393886566,-2.996886969,1
495,1633,0.8547558784,-2.023263454,1
495,1665,2.107283354,-1.107113242,1
495,1697,1.616225243,-0.8709368706,1
495,1729,1.203930616,-0.6687413454,1
495,1761,0.6956148148,-0.4936848879,1
495,1793,0.8288792372,-0.5700799823,1
495,1825,1.302253127,-0.9716416597,1
495,1857,2.44750452,-1.731169939,1
495,1889,3.437368631,-0.5187929869,1
495,1921,3.730927944,0.6681873798,1
495,1953,3.671122313,2.8672328,1
495,1985,3.405941248,0.7489910126,1
495,2017,2.43671155,-1.724767208,1
527,33,3.041871309,0.7544467449,1
527,65,0.9302156568,-0.9940840006,1
527,97,0.4792295694,-0.1925378442,1
527,129,1.224329233,1.29347527,1
527,161,2.297679186,4.598753929,1
527,193,0.8017009497,2.630394459,1
527,225,-1.424631596,0.4003566504,1
527,257,0.06194198132,-2.967555761,1
527,289,1.113975048,-2.804329395,1
527,321,2.661497116,-0.73225981,1
527,353,2.613610506,-3.176186562,1
527,385,2.111325264,-1.843729377,1
527,417,0.5541591644,-1.795082331,1
527,449,2.786490202,1.201546907,1
527,481,0.7135179043,5.789484024,1
527,513,0.7415499687,5.470861435,1
527,545,0.6922192574,2.632339478,1
527,577,2.520969868,0.8073904514,1
527,609,3.231859684,3.614797592,1
527,641,2.438356638,3.289176226,1
527,673,-0.01248121262,3.680084705,1
527,705,-0.8053355217,1.755880237,1
527,737,1.107814312,0.8529094458,1
527,769,3.41087985,1.63750267,1
527,801,4.469151497,2.038935423,1
527,833,3.427172661,0.8768923283,1
527,865,2.718584061,0.8029586673,1
527,897,2.284711123,0.9672766924,1
527,929,1.499569893,3.218877316,1
527,961,NaN,NaN,2
527,993,0.6945482492,0.4184795618,1
527,1025,1.192791462,0.7219650745,1
527,1057,1.14013207,0.5697442293,1
527,1089,3.766036749,-0.2586030364,1
527,1121,5.341834068,-0.2476817369,1
527,1153,3.023825645,-0.7371175289,1
527,1185,2.494091034,-1.509850621,1
527,1217,2.517753839,-2.589751959,1
527,1249,1.825046539,-3.553415298,1
527,1281,1.486340284,-1.872818828,1
527,1313,1.616135359,-1.167386413,1
527,1345,1.099277973,0.4114974737,1
527,1377,0.8565045595,0.8508839011,1
527,1409,1.970295429,-0.8378943205,1
527,1441,0.5812122226,-2.029112339,1
527,1473,0.7059455514,-4.533201218,1
527,1505,0.7163288593,-3.336709976,1
527,1537,0.7783544064,-3.806829453,1
527,1569,1.25815165,-2.955396175,1
527,1601,1.151542783,-2.01432085,1
527,1633,1.488992929,-1.905961871,1
527,1665,2.784072876,-1.327648044,1
527,1697,3.11313653,-1.299806833,1
527,1729,1.554017067,-0.6373528838,1
527,1761,1.329546928,-0.3719673157,1
527,1793,1.21338582,-0.6096039414,1
527,1825,1.349291205,-1.551029205,1
527,1857,-0.4136488438,-2.418310404,1
527,1889,3.889363766,-0.7427120209,1
527,1921,4.583972454,0.04441761971,1
527,1953,4.240073204,-0.7245189548,1
527,1985,3.053743362,-0.1204629838,1
527,2017,0.4519373775,-0.3043687344,1
559,33,0.3862419724,0.4522793293,1
559,65,0.1546328068,0.06009126455,1
559,97,0.1644296646,0.3440845013,1
559,129,0.4844333529,0.7302464247,1
559,161,0.8393782377,1.436331511,1
559,193,0.6962394118,1.880354643,1
559,225,0.2568727732,0.2274750471,1
559,257,1.25795126,-0.9769366384,1
559,289,1.801477432,-2.18656826,1
559,321,2.469903231,-1.11906004,1
559,353,2.744161606,-1.216011167,1
559,385,3.078452826,-0.7695022225,1
559,417,4.425437927,0.9113204479,1
559,449,4.241608143,1.556977272,1
559,481,2.954432726,4.5908885,1
559,513,3.52917099,3.485491276,1
559,545,4.129710674,1.518552423,1
559,577,3.36988306,-0.1639299393,1
559,609,3.155663013,0.1284326315,1
559,641,3.049279213,0.6481708884,1
559,673,2.161952496,0.3544597924,1
559,705,1.061499834,2.145346403,1
559,737,1.890230656,1.031526804,1
559,769,4.604348183,0.9939764738,1
559,801,4.401063442,2.017544746,1
559,833,2.279404402,0.8781050444,1
559,865,-1.189080715,-0.291644156,1
559,897,-0.007526993752,0.8102476597,1
559,929,1.594222069,4.860449791,1
559,961,NaN,NaN,2
559,993,0.808603406,1.331678033,1
559,1025,0.238042593,1.079045057,1
559,1057,1.494105339,2.905554056,1
559,1089,3.101999521,0.5127391815,1
559,1121,3.726621151,0.005269259214,1
559,1153,2.060093641,-0.1890672445,1
559,1185,1.304620028,-1.673766732,1
559,1217,1.295544624,-2.625897884,1
559,1249,1.391688585,-1.816345334,1
559,1281,1.573339939,-1.1380198,1
559,1313,1.715542078,-1.628350019,1
559,1345,2.335002422,-1.311334252,1
559,1377,2.375981808,-0.5368225574,1
559,1409,0.6140258312,0.4360575676,1
559,1441,0.2902463078,-1.620014548,1
559,1473,0.1141661406,-1.960882783,1
559,1505,-0.06551676989,-1.769942045,1
559,1537,0.548250258,-2.680507183,1
559,1569,1.34738493,-1.884744167,1
559,1601,3.057621002,-1.96957624,1
559,1633,2.339214802,-1.829107881,1
559,1665,2.103533983,-1.693789959,1
559,1697,2.328686714,-0.9081213474,1
559,1729,2.790492296,-0.1051239967,1
559,1761,2.454998732,-1.029564381,1
559,1793,1.945063353,-1.088750601,1
559,1825,2.143685579,-2.189383507,1
559,1857,1.685180902,-1.330123425,1
559,1889,3.631177425,-1.468027592,1
559,1921,5.661236286,-1.227486491,1
559,1953,4.7588377,-2.144492626,1
559,1985,3.355232954,-0.4999338388,1
559,2017,1.660008311,0.3998534679,1
591,33,-0.7435024977,0.07000982761,1
591,65,0.116176486,0.4642640352,1
591,97,0.6938587427,1.28875494,1
591,129,0.3893437386,0.9437298775,1
591,161,-0.504791379,0.7123254538,1
591,193,-1.132950306,3.292247772,1
591,225,-0.1291748285,2.954656124,1
591,257,1.082496643,1.100370765,1
591,289,1.759435892,0.6213041544,1
591,321,1.340457797,0.2467685342,1
591,353,2.450314045,-1.133301497,1
591,385,3.058012962,-0.7972765565,1
591,417,4.022126198,0.3731287122,1
591,449,4.24256897,1.317159057,1
591,481,4.516651154,2.447425365,1
591,513,5.211391926,2.595926285,1
591,545,5.096069813,1.255977035,1
591,577,3.77714777,-1.76461947,1
591,609,3.354633331,-1.575199246,1
591,641,3.082180262,-0.3217227459,1
591,673,4.344622612,-1.728082776,1
591,705,4.208360672,-0.5167434812,1
591,737,1.822670221,1.300498128,1
591,769,5.026689529,1.267756224,1
591,801,4.357876778,1.63191855,1
591,833,1.703526855,0.7880415916,1
591,865,-0.6195119619,0.1908004284,1
591,897,0.2182590961,0.7985335588,1
591,929,1.495666027,2.675972223,1
591,961,NaN,NaN,2
591,993,NaN,NaN,2
591,1025,-0.8477082253,1.716275215,1
591,1057,0.8467491865,3.11944437,1
591,1089,2.043494463,2.089310408,1
591,1121,1.224041104,-0.4812883735,1
591,1153,0.7560889721,-0.5896564722,1
591,1185,-0.07824552059,-1.423551202,1
591,1217,-0.02447605133,-1.565439701,1
591,1249,1.192816973,-1.196396351,1
591,1281,1.869007349,-1.021029711,1
591,1313,2.472939014,-1.435548067,1
591,1345,2.346413612,-1.647748709,1
591,1377,1.798318863,-1.052267313,1
591,1409,1.177251339,0.008948922157,1
591,1441,0.9336146116,-1.499454021,1
591,1473,1.00872159,-1.535320997,1
591,1505,0.8523135781,-1.281855941,1
591,1537,0.9932434559,-1.470293522,1
591,1569,1.902846098,-1.568984151,1
591,1601,1.900429726,-2.123957872,1
591,1633,2.063758373,-2.634815216,1
591,1665,2.009523869,-1.93392837,1
591,1697,3.006221294,-0.6645772457,1
591,1729,3.657364368,0.2147786617,1
591,1761,3.18179369,-1.711772323,1
591,1793,2.38087368,-1.315455675,1
591,1825,2.664097071,-2.074849129,1
591,1857,2.884958029,-1.259088516,1
591,1889,3.390721798,-1.920017958,1
591,1921,4.897845268,-2.558820486,1
591,1953,NaN,NaN,2
591,1985,5.30639267,-0.8889245987,1
591,2017,5.34234333,0.1673965454,1
623,33,-0.08777630329,-0.007604598999,1
623,65,0.9934775829,1.284400582,1
623,97,3.090744495,2.026555538,1
623,129,2.638546228,1.410638452,1
623,161,1.896615982,1.800673366,1
623,193,0.1779090166,2.91731596,1
623,225,-0.7641185522,2.549066544,1
623,257,0.9478394985,1.036594391,1
623,289,1.19178772,1.038818121,1
623,321,1.804049492,-0.01335059851,1
623,353,2.25917697,-0.5839042068,1
623,385,2.738342762,-0.285047859,1
623,417,4.674296856,0.475685358,1
623,449,5.277700424,1.246043921,1
623,481,6.064548969,2.920002937,1
623,513,6.268395424,3.330461502,1
623,545,6.321229458,2.075442791,1
623,577,4.462574005,-0.6355395913,1
623,609,3.379846811,-2.417230129,1
623,641,2.768547773,-0.8135422468,1
623,673,3.731193542,-2.145432711,1
623,705,4.884547234,-0.5692605376,1
623,737,3.045117378,1.214912415,1
623,769,3.341667652,1.55809927,1
623,801,2.284654617,1.955026031,1
623,833,1.659834623,1.149258256,1
623,865,1.645866632,0.8037948012,1
623,897,1.600453496,0.6478184462,1
623,929,1.78385365,0.1982768476,1
623,961,0.8762470484,0.472291261,1
623,993,-3.630056381,1.189981818,1
623,1025,-3.230978012,1.369458318,1
623,1057,-1.109699726,2.086791039,1
623,1089,0.8714631796,2.271044254,1
623,1121,-0.7341772318,-0.9276032448,1
623,1153,-1.629510283,-1.672158241,1
623,1185,0.9003055096,-2.273875713,1
623,1217,1.012926936,-2.386404514,1
623,1249,1.552973986,-3.003364325,1
623,1281,2.523711681,-1.229122162,1
623,1313,2.847790956,-0.6137858033,1
623,1345,2.528157234,-0.8729636669,1
623,1377,1.7318542,-0.1479353905,1
623,1409,0.7896537781,-1.144402266,1
623,1441,1.036010027,-1.33808732,1
623,1473,1.171617031,-1.164668322,1
623,1505,1.0181247,-0.9809440374,1
623,1537,1.33202672,-0.9995620251,1
623,1569,2.009037018,-1.093162179,1
623,1601,1.888630748,-3.144233227,1
623,1633,0.7109632492,-2.08054781,1
623,1665,1.982086897,-1.708035827,1
623,1697,3.10601306,-1.818186045,1
623,1729,4.404085159,-1.753870487,1
623,1761,4.579772472,-2.511771441,1
623,1793,3.260005951,-2.095806122,1
623,1825,2.536822081,-2.366759062,1
623,1857,2.39824605,-1.46109581,1
623,1889,2.340524197,-1.940212131,1
623,1921,2.287452459,-2.406614304,1
623,1953,NaN,NaN,2
623,1985,3.568784952,-1.457254529,1
623,2017,4.022135735,-0.06084108353,1
655,33,1.893230677,0.3470768332,1
655,65,2.503891945,3.289146662,1
655,97,2.347889662,1.807637095,1
655,129,1.870630264,-0.06506556273,1
655,161,2.09036994,0.09023535252,1
655,193,2.203866482,-0.1350944042,1
655,225,1.803007364,-1.9668715,1
655,257,2.067203522,-0.004379034042,1
655,289,2.272642612,0.4648655057,1
655,321,2.280526638,0.01822964102,1
655,353,2.25759244,0.5147494078,1
655,385,2.484342575,0.2455796599,1
655,417,4.743000031,2.18288064,1
655,449,6.081244946,1.6316998,1
655,481,5.016149998,3.08049345,1
655,513,5.194958687,2.914174795,1
655,545,5.196961403,1.071041226,1
655,577,4.793947697,0.4588878751,1
655,609,3.523415327,-0.4881774187,1
655,641,3.030298948,-1.027559757,1
655,673,3.083892822,-1.154267311,1
655,705,3.310271025,-0.0653270483,1
655,737,5.024532318,1.177962303,1
655,769,2.847869635,1.940492749,1
655,801,NaN,NaN,2
655,833,-1.134121418,1.93202424,1
655,865,3.664314508,-0.2285751104,1
655,897,2.026209354,-0.03117316961,1
655,929,2.606105089,-0.1365020871,1
655,961,2.815933704,-0.4806140065,1
655,993,NaN,NaN,2
655,1025,-3.67941761,1.064859629,1
655,1057,-1.490841985,2.178333521,1
655,1089,-1.277079344,1.561122894,1
655,1121,-1.728896141,0.2581138611,1
655,1153,1.354507685,-2.161122322,1
655,1185,3.016635656,-2.912065506,1
655,1217,3.766490459,-3.060429335,1
655,1249,1.743533492,-4.580086231,1
655,1281,2.073911667,-1.414701104,1
655,1313,3.633553028,-1.176779985,1
655,1345,3.272336483,-1.874210238,1
655,1377,2.172394276,-1.264679313,1
655,1409,1.117163062,-1.415348291,1
655,1441,0.7755470872,-1.411251664,1
655,1473,0.8527074456,-0.9057993293,1
655,1505,0.9827469587,-0.6923539042,1
655,1537,1.404767513,-0.8756825924,1
655,1569,1.99998486,-0.3666155338,1
655,1601,2.052314281,-2.875876904,1
655,1633,1.785136104,-1.503026962,1
655,1665,2.261491537,-0.9969966412,1
655,1697,2.437367678,-1.346619248,1
655,1729,4.272002697,-1.996390104,1
655,1761,5.559592724,-5.137010098,1
655,1793,NaN,NaN,2
655,1825,1.134085178,-1.654710174,1
655,1857,2.015243292,-1.447312832,1
655,1889,2.287233353,-1.10842073,1
655,1921,2.647968531,-1.512728214,1
655,1953,3.122104168,-1.318073034,1
655,1985,2.924222231,-0.568035841,1
655,2017,3.186853647,-0.3747029305,1
687,33,2.476283073,0.6291521788,1
687,65,3.731109619,0.3527394235,1
687,97,2.556677818,0.4497487247,1
687,129,2.211780071,-0.8162230253,1
687,161,2.328659296,-0.7902443409,1
687,193,3.932908297,-1.634331703,1
687,225,3.106369495,-2.907437801,1
687,257,3.055786848,-0.9118548036,1
687,289,3.213612795,-0.7894539833,1
687,321,2.76380825,0.09486974776,1
687,353,2.083322763,1.196204066,1
687,385,1.946805477,0.3504582047,1
687,417,2.093161345,1.570843101,1
687,449,4.716503143,1.447706819,1
687,481,4.364989758,1.170537233,1
687,513,4.077458858,1.767175317,1
687,545,4.40991497,0.2430071235,1
687,577,4.096498966,0.5221089125,1
687,609,3.82925415,-0.4529626369,1
687,641,4.778897285,0.1280714273,1
687,673,3.328717709,-0.9166933298,1
687,705,2.444023848,0.4061105847,1
687,737,2.173451424,1.967640281,1
687,769,1.880391359,2.485754728,1
687,801,NaN,NaN,2
687,833,1.26084733,1.539229393,1
687,865,1.89082098,0.4820347726,1
687,897,2.045619726,0.1362437904,1
687,929,2.487468243,-0.5663514137,1
687,961,2.362725735,-1.114018679,1
687,993,NaN,NaN,2
687,1025,12.48830605,-4.209177494,1
687,1057,NaN,NaN,2
687,1089,1.563395381,1.065271735,1
687,1121,2.724437714,-1.880073786,1
687,1153,3.402479649,-3.749192715,1
687,1185,3.225217819,-3.310897589,1
687,1217,1.772354126,-3.385815144,1
687,1249,0.8745480776,-4.38828516,1
687,1281,1.259605289,-3.934370995,1
687,1313,2.089025021,-3.149839401,1
687,1345,2.220446587,-4.231782436,1
687,1377,2.004067898,-2.532196045,1
687,1409,1.267885327,-2.11337328,1
687,1441,-1.092496753,-2.536943674,1
687,1473,-1.585873842,-0.6337046027,1
687,1505,-2.45438242,0.725949049,1
687,1537,-0.2117028236,-0.3316924572,1
687,1569,1.40781498,-0.2195805311,1
687,1601,1.85113585,-0.7668099403,1
687,1633,2.174672842,-2.541579485,1
687,1665,NaN,NaN,2
687,1697,2.452510834,0.8819326758,1
687,1729,2.937204838,0.9575037956,1
687,1761,3.146133423,-6.022240162,1
687,1793,4.278069496,-4.888000488,1
687,1825,3.979346037,-1.571985126,1
687,1857,1.812777519,-1.237305641,1
687,1889,2.658778429,-0.5582147837,1
687,1921,3.528121471,-0.8904856443,1
687,1953,3.83323884,-0.7452046871,1
687,1985,3.231012344,0.07611747086,1
687,2017,3.046517611,-0.3692116737,1
719,33,3.778224945,0.1880653203,1
719,65,3.858856201,0.07307426631,1
719,97,3.014364004,-0.1789309531,1
719,129,2.553503275,-0.4985558987,1
719,161,2.985224724,-0.587711215,1
719,193,3.002439022,-0.9746625423,1
719,225,2.849719286,-1.467762232,1
719,257,3.262794495,-0.7227765322,1
719,289,3.345931053,-0.7959026098,1
719,321,2.900492907,0.2330982983,1
719,353,2.022700787,0.5647730827,1
719,385,1.048432112,0.767721355,1
719,417,0.06871092319,2.077335835,1
719,449,1.808147192,1.563571215,1
719,481,2.575031281,1.047089815,1
719,513,3.211901665,0.1225473881,1
719,545,3.432456017,-0.6022869349,1
719,577,3.093137264,-0.6306374073,1
719,609,3.402256727,-1.01023531,1
719,641,3.104955673,-1.387836576,1
719,673,2.337617874,-0.02448600531,1
719,705,2.357782125,0.9401292205,1
719,737,1.901971102,2.269799709,1
719,769,1.763691306,2.68112278,1
719,801,1.392658949,2.723649979,1
719,833,0.5469453335,2.255866528,1
719,865,0.1654516459,2.216063976,1
719,897,1.39037919,0.7626242042,1
719,929,2.291845322,-0.7923309803,1
719,961,2.235624075,-1.59551394,1
719,993,2.868558645,-0.5031644106,1
719,1025,13.24537086,-3.113518715,1
719,1057,NaN,NaN,2
719,1089,2.586306572,-0.7348242998,1
719,1121,3.574518204,-2.003142834,1
719,1153,4.135379791,-4.531105042,1
719,1185,2.979074001,-4.188816071,1
719,1217,2.397252798,-4.473742485,1
719,1249,1.595343351,-3.532269478,1
719,1281,1.433205605,-2.601900339,1
719,1313,1.454846501,-2.975605488,1
719,1345,2.468174696,-3.32272625,1
719,1377,1.64299798,-2.954833269,1
719,1409,1.105723858,-2.80286622,1
719,1441,-0.189961493,-4.357447624,1
719,1473,0.3530207872,-0.8894788027,1
719,1505,NaN,NaN,2
719,1537,0.3956948519,0.7846850157,1
719,1569,0.9008772373,0.9911435246,1
719,1601,1.482151985,0.9168843627,1
719,1633,1.964104652,1.778937578,1
719,1665,4.219156265,-0.2792999744,1
719,1697,2.142469406,0.6208435297,1
719,1729,2.025351286,0.6941349506,1
719,1761,2.394666672,-2.965222836,1
719,1793,3.445203304,-4.775394917,1
719,1825,5.233330727,-3.918084145,1
719,1857,4.279435635,-2.123289108,1
719,1889,3.383780718,-0.3803632855,1
719,1921,3.549728155,-0.9091100693,1
719,1953,3.79108572,-0.4788823128,1
719,1985,3.177382469,0.3708981872,1
719,2017,3.218538523,-0.2363642454,1
751,33,3.651822329,0.02965477109,1
751,65,3.164957523,0.1163420826,1
751,97,2.958725691,-0.1697582006,1
751,129,2.870564938,1.51562655,1
751,161,2.972830296,0.9518429041,1
751,193,2.975632191,-0.2945542336,1
751,225,2.506836653,-0.5508926511,1
751,257,3.35773468,0.1477619112,1
751,289,3.282708168,1.261310458,1
751,321,2.09213376,0.3948616982,1
751,353,-0.1162397861,-0.06717455387,1
751,385,0.9348847866,1.052834034,1
751,417,0.560095787,2.115877867,1
751,449,-0.08288544416,0.6081092358,1
751,481,1.124076009,1.211684942,1
751,513,2.602869987,0.8898729682,1
751,545,3.313475132,-0.3590515554,1
751,577,3.586545467,-1.860776186,1
751,609,3.656145334,-1.5233109,1
751,641,2.66884923,-1.428969145,1
751,673,2.574289083,0.6238155365,1
751,705,2.396041155,0.9329103231,1
751,737,2.046364784,1.806708336,1
751,769,1.869867682,2.391233921,1
751,801,1.197662592,2.769011497,1
751,833,1.200839162,2.987885475,1
751,865,1.641675353,4.674699783,1
751,897,1.755815029,2.178593397,1
751,929,2.401819944,0.6727051139,1
751,961,3.441525459,0.5339435339,1
751,993,3.502264738,-0.03700211644,1
751,1025,3.237274885,-0.6151384711,1
751,1057,1.918577313,-0.380351305,1
751,1089,1.452043653,-0.6787682772,1
751,1121,2.941751003,-0.6286690235,1
751,1153,3.789051056,-2.035111427,1
751,1185,2.046229362,-4.014718056,1
751,1217,1.938173532,-5.508347511,1
751,1249,2.856075764,-3.555874586,1
751,1281,4.413492203,-0.6928896904,1
751,1313,3.149660826,-2.851094723,1
751,1345,1.867320418,-3.555575848,1
751,1377,0.9322137833,-3.651407003,1
751,1409,1.325836539,-3.731908321,1
751,1441,1.077651501,-4.469625473,1
751,1473,NaN,NaN,2
751,1505,-0.9647827744,-0.09023439884,1
751,1537,0.4534475207,0.7161137462,1
751,1569,0.622399807,1.553903818,1
751,1601,1.264012933,2.01159668,1
751,1633,2.205664396,1.902054906,1
751,1665,2.97721386,0.11571908,1
751,1697,2.248461962,0.02228111029,1
751,1729,1.817980766,-0.009074926376,1
751,1761,2.694572687,-0.8442451954,1
751,1793,3.169751644,-0.8802247047,1
751,1825,2.48729229,-2.258868456,1
751,1857,2.628173113,-1.939484835,1
751,1889,2.972552538,-0.2242114693,1
751,1921,3.237183571,-0.4938018322,1
751,1953,3.279052019,-0.3640055358,1
751,1985,3.66859889,0.05484095216,1
751,2017,3.222160101,-0.003900647163,1
783,33,2.173971891,0.2800737619,1
783,65,2.910448313,-0.3610864878,1
783,97,3.106561422,-0.6838746071,1
783,129,2.693153858,1.529281735,1
783,161,2.596101522,1.702120304,1
783,193,2.025040627,0.733526051,1
783,225,1.843958139,0.3197034597,1
783,257,3.263412714,-0.003086417913,1
783,289,2.819875956,0.8909680843,1
783,321,1.685372353,0.6372548342,1
783,353,-0.897749424,0.9823348522,1
783,385,-2.321400881,1.583500624,1
783,417,NaN,NaN,2
783,449,-0.8281801343,0.02981162071,1
783,481,0.5696291924,1.252734184,1
783,513,2.904078245,0.271134913,1
783,545,3.891406059,-0.6254742742,1
783,577,4.213469982,-2.052816629,1
783,609,4.681227207,-0.9548585415,1
783,641,2.765018225,-1.465184093,1
783,673,2.306244612,-0.1185296178,1
783,705,3.004991531,0.7538035512,1
783,737,3.799681187,0.1689794064,1
783,769,2.21384573,0.4717918634,1
783,801,3.419608593,1.598927975,1
783,833,4.609851837,3.135625601,1
783,865,2.149014235,3.588871479,1
783,897,1.791433811,1.454022646,1
783,929,2.954735279,-0.1953892708,1
783,961,4.183140755,2.241529703,1
783,993,3.582993984,0.6104295254,1
783,1025,1.565288544,-1.046919942,1
783,1057,0.6488559246,-0.455824852,1
783,1089,0.627704978,-0.2177521586,1
783,1121,0.5011868477,-0.2226551771,1
783,1153,0.7593932152,-0.850716114,1
783,1185,1.422179937,-1.739578724,1
783,1217,1.408984184,-4.027387142,1
783,1249,NaN,NaN,2
783,1281,NaN,NaN,2
783,1313,-1.05444932,-3.976046562,1
783,1345,-0.4235056639,-3.25505352,1
783,1377,0.8949455023,-2.672067642,1
783,1409,1.378897905,-2.86275363,1
783,1441,0.9306459427,-3.667981148,1
783,1473,0.9259229898,-2.335006952,1
783,1505,0.9225993156,-1.529823542,1
783,1537,0.6426239014,-0.3115895987,1
783,1569,0.6746839285,1.240553617,1
783,1601,1.079108119,2.316705227,1
783,1633,1.725424886,2.038065672,1
783,1665,2.841374874,1.055629373,1
783,1697,3.227433205,-0.8345082402,1
783,1729,2.171746492,-0.470674634,1
783,1761,2.257015228,-0.3882557154,1
783,1793,2.005301476,0.9158409834,1
783,1825,1.952130795,-0.01438426971,1
783,1857,0.5697035789,-0.06844577193,1
783,1889,1.115561962,0.1906333864,1
783,1921,2.27646327,-0.05939793587,1
783,1953,2.557632446,-0.2031610608,1
783,1985,3.195809841,0.3363391757,1
783,2017,2.980677128,-0.2054587603,1
815,33,2.210584164,0.4243758917,1
815,65,2.99515152,-1.952572703,1
815,97,3.464441299,-2.111841679,1
815,129,3.072411537,1.63707459,1
815,161,3.2783885,1.881982803,1
815,193,3.61552,1.137678504,1
815,225,3.717501402,0.3935600221,1
815,257,3.777610064,-0.4674510658,1
815,289,2.935431719,-0.511572659,1
815,321,1.6978724,0.6046621799,1
815,353,0.293731451,2.506496191,1
815,385,-1.693937421,1.386952758,1
815,417,-1.744146585,0.86455971,1
815,449,-0.6122643948,1.613799334,1
815,481,0.7956368327,1.544606924,1
815,513,2.098596811,-0.08301830292,1
815,545,3.053262711,-0.09157896042,1
815,577,3.578457355,-1.07741344,1
815,609,3.686937571,-0.85555619,1
815,641,2.244775772,-1.130608559,1
815,673,1.616011024,-0.4631094038,1
815,705,1.692065477,-0.7150994539,1
815,737,1.762875438,-0.6878076196,1
815,769,1.793926239,0.4542422891,1
815,801,2.734267235,-0.7951062918,1
815,833,3.895897627,0.0105779171,1
815,865,3.517765999,0.29872334,1
815,897,2.765537262,0.7333078384,1
815,929,3.873773575,0.8516509533,1
815,961,4.578767776,1.615407467,1
815,993,3.249440193,1.641239405,1
815,1025,0.948828876,-0.238533929,1
815,1057,0.3812410235,-0.2570896745,1
815,1089,0.4051045775,0.02250680327,1
815,1121,0.2617266178,-0.2366091609,1
815,1153,0.2877518535,-0.340015173,1
815,1185,0.9631121159,-0.3040842712,1
815,1217,2.704113483,0.1637973189,1
815,1249,NaN,NaN,2
815,1281,-0.5591867566,-2.494410515,1
815,1313,-0.8812032938,-2.430831432,1
815,1345,-0.4646412134,-2.106240749,1
815,1377,0.6421950459,-1.898675203,1
815,1409,3.118255615,-2.072729111,1
815,1441,1.575011373,-2.194072485,1
815,1473,0.9504244924,-2.851443291,1
815,1505,0.743716538,-2.416009426,1
815,1537,0.862362802,-1.108604312,1
815,1569,0.6798939705,1.351227045,1
815,1601,0.9075483084,1.851670742,1
815,1633,0.9279437065,2.295264482,1
815,1665,0.98615098,1.054364085,1
815,1697,1.509405136,-0.3618010879,1
815,1729,1.818772197,-0.663045764,1
815,1761,2.054267883,-0.0311845988,1
815,1793,2.022176743,0.4773931205,1
815,1825,1.668900967,0.3461186886,1
815,1857,1.310515642,0.06564493477,1
815,1889,1.791649222,0.02835445106,1
815,1921,2.290984154,-0.3437083364,1
815,1953,2.610838175,-0.4769299924,1
815,1985,2.832890987,0.1896878332,1
815,2017,2.731522083,-0.2033086419,1
847,33,3.132511616,0.4253075123,1
847,65,3.215278625,-2.658269644,1
847,97,3.36093092,0.2032948285,1
847,129,3.859175682,2.452031374,1
847,161,4.626319408,1.264177561,1
847,193,5.761200905,0.9207167029,1
847,225,5.720680714,-0.1209568381,1
847,257,4.693097591,-1.227159858,1
847,289,3.787106514,-2.287581921,1
847,321,3.614928722,-0.1829402447,1
847,353,3.032047272,2.22403264,1
847,385,1.44611454,0.09044754505,1
847,417,0.3629211187,0.4366790056,1
847,449,0.4219397306,0.5981376171,1
847,481,1.074568391,0.5327807069,1
847,513,2.099533558,2.720445633,1
847,545,2.121756554,2.654714823,1
847,577,2.193721294,0.4524023533,1
847,609,1.857436657,-0.5529312491,1
847,641,1.589868546,-0.6999013424,1
847,673,1.192950368,-0.02203714848,1
847,705,0.2222692966,-0.03680089116,1
847,737,-0.838357687,-0.04199463129,1
847,769,-1.021438122,1.008963823,1
847,801,-0.4616372585,0.512080431,1
847,833,1.339651108,0.2246894836,1
847,865,1.571463346,-0.1434351206,1
847,897,2.384928465,0.3565280437,1
847,929,NaN,NaN,2
847,961,3.856142044,0.6414325237,1
847,993,2.768939495,1.0014956,1
847,1025,0.8493016958,-0.00432189554,1
847,1057,0.356551528,-0.1852930486,1
847,1089,0.4154044092,-0.07562056184,1
847,1121,0.7092267871,-0.3731164932,1
847,1153,0.6492609978,-0.3533291817,1
847,1185,0.5701825023,-0.2068842053,1
847,1217,0.5693455935,0.07941901684,1
847,1249,-0.09826770425,-0.2691719532,1
847,1281,-2.008538961,-1.626869678,1
847,1313,-1.350239992,-2.095383167,1
847,1345,1.212710023,-1.837650537,1
847,1377,0.4030539393,-0.778012991,1
847,1409,1.643093586,-0.9543457031,1
847,1441,1.274027109,-1.754157543,1
847,1473,0.4999587536,-2.622511387,1
847,1505,0.2982651889,-2.359452963,1
847,1537,0.2468771935,-1.231984258,1
847,1569,2.323993444,0.9185608625,1
847,1601,2.422730446,0.7589731216,1
847,1633,0.9895222187,1.00099349,1
847,1665,-1.384468317,0.8998461366,1
847,1697,-1.119052172,0.06130748987,1
847,1729,1.166383028,-0.0250749886,1
847,1761,1.519348145,-0.01350733638,1
847,1793,1.587295175,0.1733135581,1
847,1825,1.522969007,0.271178484,1
847,1857,0.7068314552,0.1939240247,1
847,1889,2.703691244,-0.6549152136,1
847,1921,2.48367238,-0.06568020582,1
847,1953,3.303742886,-2.17759943,1
847,1985,4.38214016,0.164455682,1
847,2017,2.157427788,-0.2690867186,1
879,33,2.287281513,0.2403427362,1
879,65,3.244545221,-1.082766056,1
879,97,3.814005852,0.7212552428,1
879,129,4.355313778,1.510308981,1
879,161,5.217524052,1.072877765,1
879,193,6.350260258,1.028058171,1
879,225,5.125653744,0.9781620502,1
879,257,3.691386223,-0.07833063602,1
879,289,4.388178349,-2.495679855,1
879,321,6.624051094,-0.6124356389,1
879,353,5.013140678,0.1035278141,1
879,385,2.922138214,-1.300583839,1
879,417,2.282704115,-0.1081010401,1
879,449,1.763232231,0.06553053856,1
879,481,1.838890076,0.7183310986,1
879,513,2.085412025,3.579701424,1
879,545,1.81372261,1.717144728,1
879,577,0.7172636986,0.1987945139,1
879,609,-1.796685934,-1.099640608,1
879,641,-0.4306514263,-0.9703772664,1
879,673,1.379359841,-0.7487737536,1
879,705,1.151946187,-0.4561679959,1
879,737,0.397793889,0.2758091092,1
879,769,-0.339312911,0.3429349065,1
879,801,0.3751888275,0.3611930311,1
879,833,1.999455929,0.4599690139,1
879,865,1.806372643,0.366253078,1
879,897,1.543203354,0.3343131542,1
879,929,1.588353276,1.555492163,1
879,961,1.082930565,0.4268916249,1
879,993,1.286700487,0.2351576686,1
879,1025,0.5399824381,0.0533041209,1
879,1057,-0.1421003938,-0.1558182985,1
879,1089,NaN,NaN,2
879,1121,0.9144765139,-0.3582160771,1
879,1153,0.6488499045,-0.3622747958,1
879,1185,0.5067025423,-0.1728779972,1
879,1217,0.628343761,-0.1158366799,1
879,1249,-0.313841939,-0.07871717215,1
879,1281,-1.003779292,-1.124309063,1
879,1313,-0.8293147087,-2.352301359,1
879,1345,2.734200478,-3.199347973,1
879,1377,2.17968297,-1.417081714,1
879,1409,NaN,NaN,2
879,1441,2.4079175,-0.810292244,1
879,1473,NaN,NaN,2
879,1505,-0.2520416081,-1.752216339,1
879,1537,-0.0746717751,-1.060048819,1
879,1569,0.9534935355,-0.2074649334,1
879,1601,1.342880726,-0.8182087541,1
879,1633,0.1881635785,0.2055147886,1
879,1665,0.0365549624,0.8690516949,1
879,1697,0.141320616,-0.05526554585,1
879,1729,0.5872565508,-0.4474272728,1
879,1761,2.135237694,-0.46300596,1
879,1793,1.498816609,-0.02662803233,1
879,1825,1.158511758,1.092658281,1
879,1857,1.018224001,0.5403503776,1
879,1889,-0.578055501,3.491910934,1
879,1921,1.469956398,0.6834577322,1
879,1953,2.201131344,-0.4768317342,1
879,1985,2.935537338,0.457062155,1
879,2017,2.030833006,-1.429127693,1
911,33,1.460240006,-0.1321207881,1
911,65,4.524463654,-0.3278760612,1
911,97,4.606621742,0.3704182208,1
911,129,5.180369377,1.188802719,1
911,161,6.630887985,1.470497608,1
911,193,5.269739151,0.8166695833,1
911,225,3.140312195,1.484957933,1
911,257,4.431935787,0.5410498381,1
911,289,5.798790932,0.3722836375,1
911,321,5.563072681,-0.06836175919,1
911,353,4.025555611,-1.541742682,1
911,385,3.713578463,-2.351456881,1
911,417,4.220685005,0.04993093014,1
911,449,3.783684254,0.6069048643,1
911,481,3.2932477,0.6594825387,1
911,513,3.766279221,2.372335434,1
911,545,1.991054296,0.4677198231,1
911,577,1.228996992,0.2819955349,1
911,609,0.3793392181,-0.2767859995,1
911,641,0.2163010836,-0.6675216556,1
911,673,2.643654823,-2.218279362,1
911,705,1.306025505,-1.831402302,1
911,737,-1.151816368,-1.078270555,1
911,769,-1.890274525,-0.4778850079,1
911,801,-2.108445644,0.5068306327,1
911,833,-0.3995321989,0.9592102766,1
911,865,-0.01248383522,0.5412309766,1
911,897,-0.08335661888,0.745351553,1
911,929,0.7222450972,1.350721598,1
911,961,1.344646931,0.7145055532,1
911,993,0.9738408327,0.1254303902,1
911,1025,0.5318623185,-0.007100138813,1
911,1057,0.3079205751,-0.2305262238,1
911,1089,2.701560497,-0.3355307281,1
911,1121,0.8859772682,-0.1751918495,1
911,1153,0.7835554481,-0.2204107642,1
911,1185,0.6481028795,-0.1380773187,1
911,1217,0.7410559654,-0.4393104911,1
911,1249,-0.08711451292,-0.3771435022,1
911,1281,-0.4867979288,-0.7710881829,1
911,1313,-0.3022357821,-1.953909159,1
911,1345,-0.198810339,-4.656476974,1
911,1377,NaN,NaN,2
911,1409,NaN,NaN,2
911,1441,0.6475049853,-0.6316013336,1
911,1473,0.1935635209,-1.243729591,1
911,1505,-0.1463173926,-2.255288124,1
911,1537,-0.2503343523,-1.239446521,1
911,1569,-0.4157512784,-0.292671144,1
911,1601,-1.070708275,-1.904382944,1
911,1633,-0.7177152038,-0.3809353113,1
911,1665,-0.3964631557,0.1199774444,1
911,1697,3.278255463e-05,-0.6605488062,1
911,1729,0.7458003163,-1.101426959,1
911,1761,NaN,NaN,2
911,1793,NaN,NaN,2
911,1825,0.594553709,1.046609402,1
911,1857,-0.2787737846,3.151222706,1
911,1889,-2.500489712,3.883505344,1
911,1921,-0.1085683107,2.330685377,1
911,1953,1.74489212,1.631642461,1
911,1985,1.977313876,0.999935627,1
911,2017,3.351969242,-2.656322002,1
943,33,2.026763439,-0.1132815033,1
943,65,4.051574707,0.4127323627,1
943,97,4.73775816,0.3504776955,1
943,129,5.941613674,0.6541692019,1
943,161,5.839464188,0.1819903553,1
943,193,4.32435751,0.2749583721,1
943,225,3.869922161,1.350557446,1
943,257,5.799030304,1.906358242,1
943,289,6.411940098,2.572552681,1
943,321,NaN,NaN,2
943,353,3.978564262,2.333327532,1
943,385,4.081185341,-0.6308092475,1
943,417,4.197619438,0.9085047841,1
943,449,5.218446732,1.232504845,1
943,481,5.244463921,1.449449301,1
943,513,5.278253555,3.276810169,1
943,545,2.163223505,1.459522247,1
943,577,0.4470722675,0.4229092002,1
943,609,1.501889944,2.374865055,1
943,641,2.341646194,-0.02582202852,1
943,673,2.22898674,-1.172745228,1
943,705,1.742050409,-1.453814268,1
943,737,-0.4191462994,-1.916042209,1
943,769,-1.764128804,-0.4970697165,1
943,801,-2.217507362,1.248469591,1
943,833,-2.568105698,1.242121935,1
943,865,-1.217383742,1.287486911,1
943,897,-0.9551238418,1.337676644,1
943,929,-0.118191883,0.8214215636,1
943,961,1.807337999,0.1221118271,1
943,993,0.9829481244,0.04146303236,1
943,1025,0.9380612969,-0.02771013416,1
943,1057,0.787765801,-0.1795735061,1
943,1089,0.7969771624,-0.2684062719,1
943,1121,NaN,NaN,2
943,1153,0.8164710999,-0.1737580001,1
943,1185,1.213084221,-0.1978137642,1
943,1217,1.24499917,-0.572098732,1
943,1249,-1.652011037,-1.068292856,1
943,1281,-1.117651463,-0.4754443169,1
943,1313,-0.962744534,-0.9481248856,1
943,1345,-0.661662519,-1.910588741,1
943,1377,-0.4598859549,-0.854062736,1
943,1409,-0.3187038898,-0.4227944613,1
943,1441,-0.02175585181,-1.095788598,1
943,1473,-0.2470525205,-1.142207265,1
943,1505,-0.3672689795,-1.22350812,1
943,1537,-0.2608945966,-0.9593679309,1
943,1569,-0.377974242,-0.2268028855,1
943,1601,-0.575479269,-0.420977056,1
943,1633,-0.812714994,-0.2928113937,1
943,1665,-0.8006836772,-1.703031421,1
943,1697,-0.2625335157,-1.971312046,1
943,1729,0.3602474928,-1.378926277,1
943,1761,0.8435277343,-3.388185263,1
943,1793,0.7733631134,-0.4320078492,1
943,1825,0.848025918,2.458166122,1
943,1857,0.881321311,3.82658577,1
943,1889,-0.0531334877,2.271814823,1
943,1921,0.8467348814,2.08741951,1
943,1953,1.209079266,1.596064806,1
943,1985,NaN,NaN,2
943,2017,3.093406439,-2.310266972,1
975,33,1.03305006,0.1120509505,1
975,65,4.250251293,2.060242176,1
975,97,3.871821165,0.5463348627,1
975,129,4.460125923,0.2631080151,1
975,161,4.600903034,0.5431759953,1
975,193,4.734363079,0.5750377178,1
975,225,4.726351261,0.4555659294,1
975,257,4.665888309,2.313413382,1
975,289,2.524944782,2.139028072,1
975,321,4.34130764,-0.05687835813,1
975,353,4.650640488,-0.7037408352,1
975,385,3.639663696,0.748496294,1
975,417,3.174832821,2.343491077,1
975,449,5.028883934,2.044948578,1
975,481,4.842055321,1.393074989,1
975,513,1.486431599,1.758210659,1
975,545,0.1468153,0.2982619703,1
975,577,0.9343862534,-0.9295397401,1
975,609,-0.1033644676,2.887239933,1
975,641,2.454668522,1.672739267,1
975,673,3.425855875,1.202856541,1
975,705,3.432636738,0.2189442515,1
975,737,2.187763214,-1.263541222,1
975,769,0.8547728062,0.4145143032,1
975,801,0.5631283522,1.773089886,1
975,833,-0.2438525558,1.727372408,1
975,865,NaN,NaN,2
975,897,-1.213220596,3.39250803,1
975,929,-1.012444854,2.057677746,1
975,961,-0.04709935188,1.034654737,1
975,993,0.7823367119,0.08019270003,1
975,1025,1.033967614,0.08023922145,1
975,1057,0.9690881968,-0.08262749761,1
975,1089,1.411619663,-0.3311662674,1
975,1121,0.823476553,0.6206101179,1
975,1153,0.6919541955,-0.08422090113,1
975,1185,0.9156964421,-0.2399322689,1
975,1217,0.6355190277,-0.313062191,1
975,1249,-1.153307676,-0.5884902477,1
975,1281,-2.14467907,-1.064096212,1
975,1313,-1.609333396,-3.304653883,1
975,1345,-0.5289778113,-2.918201923,1
975,1377,-0.4726762474,-0.6589390039,1
975,1409,-0.3452012837,-0.7573177814,1
975,1441,-0.02279934287,-1.073557496,1
975,1473,-0.2735983729,-1.05905056,1
975,1505,-0.6288691759,-0.9739094973,1
975,1537,0.1151549816,-0.09791052341,1
975,1569,0.2539857626,0.4064908028,1
975,1601,-0.9139671922,0.4470080137,1
975,1633,-0.9920040965,0.2295022011,1
975,1665,-0.5949274302,-2.714484215,1
975,1697,-0.4570877254,-2.500208855,1
975,1729,-0.3719936609,-1.074647665,1
975,1761,0.6335799694,0.4527900815,1
975,1793,1.182306409,2.248656273,1
975,1825,1.155599594,2.276487827,1
975,1857,1.051653504,2.044345856,1
975,1889,1.580688715,2.161290884,1
975,1921,3.519395351,1.567099333,1
975,1953,1.567678094,0.7825469971,1
975,1985,0.2424910069,2.365660191,1
975,2017,0.8717657328,-0.6587991714,1
1007,33,5.070158482,0.04580502212,1
1007,65,3.793287516,1.27302444,1
1007,97,3.234817982,1.133329272,1
1007,129,4.154465675,0.4245750904,1
1007,161,4.459093571,0.2149000615,1
1007,193,4.969048977,-0.1077676713,1
1007,225,5.854038239,-0.1008891165,1
1007,257,4.285541534,2.072997332,1
1007,289,3.696691036,0.2946820557,1
1007,321,6.032574654,-1.203791261,1
1007,353,4.463070869,-0.6681431532,1
1007,385,3.028637409,0.2165858746,1
1007,417,3.46575141,1.938115716,1
1007,449,3.913676977,1.364526391,1
1007,481,4.40155983,0.2254573107,1
1007,513,3.982928276,-1.732646465,1
1007,545,2.477998495,-1.760740638,1
1007,577,2.642076492,-0.5984146595,1
1007,609,2.374615669,1.472921133,1
1007,641,2.970569611,3.852431059,1
1007,673,3.159451008,1.930267334,1
1007,705,2.661231756,0.8458334804,1
1007,737,2.408616543,0.8431485295,1
1007,769,4.16411972,2.634644508,1
1007,801,1.728132963,2.103641033,1
1007,833,0.785733819,1.238248825,1
1007,865,0.2531807423,2.871985674,1
1007,897,-0.8434251547,1.025580406,1
1007,929,-1.884498358,0.739289403,1
1007,961,-0.4993632436,1.363655806,1
1007,993,0.8600808382,0.2108967304,1
1007,1025,1.196092129,0.145420149,1
1007,1057,1.08683157,0.09184393287,1
1007,1089,0.9280108809,-0.2110382915,1
1007,1121,0.503811717,-0.08836907893,1
1007,1153,0.5072768331,-0.05265031755,1
1007,1185,0.4790520072,-0.1170766503,1
1007,1217,-0.01983350515,-0.259714067,1
1007,1249,-0.1282795966,-1.121554852,1
1007,1281,-0.501567781,-2.476909399,1
1007,1313,-0.06791949272,-3.380730391,1
1007,1345,1.156257033,-2.903180838,1
1007,1377,0.01997464895,-0.6978663206,1
1007,1409,-0.008584946394,-0.7837156653,1
1007,1441,-0.006012670696,-0.5578714609,1
1007,1473,-0.1969420016,-1.141483188,1
1007,1505,0.01824180782,-2.522135735,1
1007,1537,1.360175371,0.9424698353,1
1007,1569,0.9059852958,1.137663841,1
1007,1601,-0.1602056623,0.02897518873,1
1007,1633,-0.1203317493,0.1279572248,1
1007,1665,-0.1524557769,-0.658002615,1
1007,1697,-0.4529161453,-1.340711474,1
1007,1729,0.1412265301,-0.7713962197,1
1007,1761,1.277751327,0.2568622828,1
1007,1793,1.57990098,1.29115963,1
1007,1825,1.32467854,1.71215415,1
1007,1857,1.330669999,1.617303729,1
1007,1889,2.207248926,1.812509298,1
1007,1921,2.447801828,1.170600891,1
1007,1953,0.962618947,0.4214102328,1
1007,1985,0.8371120691,0.1803163886,1
1007,2017,1.338451505,0.03428658843,1
1039,33,1.83371377,-0.1151275933,1
1039,65,2.170066833,0.30836308,1
1039,97,2.018169165,0.5087126493,1
1039,129,3.734553576,0.4535799921,1
1039,161,4.299676895,-0.2186188549,1
1039,193,4.599970818,-0.6807394624,1
1039,225,4.774269581,-0.3714539409,1
1039,257,3.682480335,1.023144722,1
1039,289,3.427786112,-0.07981553674,1
1039,321,4.702596664,0.1759620607,1
1039,353,3.516650915,0.1675201654,1
1039,385,4.686099052,-0.6463550329,1
1039,417,5.036110401,-0.2321858406,1
1039,449,3.622135162,0.3300272226,1
1039,481,2.543805599,-0.3379088044,1
1039,513,2.017233133,-2.072352409,1
1039,545,2.654231071,-0.3609360754,1
1039,577,3.193655491,0.2807971835,1
1039,609,3.885613203,1.605242491,1
1039,641,3.568356991,4.28145647,1
1039,673,3.162538767,1.648632526,1
1039,705,1.609977245,-0.5309472084,1
1039,737,2.392475367,0.6955061555,1
1039,769,2.509685516,1.756065369,1
1039,801,2.376588821,2.600082636,1
1039,833,1.655200601,0.7464588284,1
1039,865,0.9078685045,0.4616509676,1
1039,897,0.1687102318,-0.8050900102,1
1039,929,-1.738111973,0.07012832165,1
1039,961,-0.5453402996,0.6267747879,1
1039,993,1.005060792,0.3681255281,1
1039,1025,1.110046625,0.1746758819,1
1039,1057,0.9616144896,0.214760974,1
1039,1089,0.9326102734,0.09809648991,1
1039,1121,0.5505053997,0.02182539552,1
1039,1153,0.5221709013,-0.120506689,1
1039,1185,0.54944098,-0.2278240025,1
1039,1217,0.6147304773,-0.4625271857,1
1039,1249,-0.2394752204,-1.992030382,1
1039,1281,0.6176593304,-2.904438019,1
1039,1313,0.8886678219,-2.858051062,1
1039,1345,0.4924075902,-2.038506031,1
1039,1377,-0.03616690636,-0.7948492765,1
1039,1409,0.2429910749,0.008366078138,1
1039,1441,-0.1097549945,0.9413106441,1
1039,1473,-0.6159687638,-0.892007947,1
1039,1505,0.4948625565,-1.851553202,1
1039,1537,1.612719893,1.284815788,1
1039,1569,0.9267154336,0.1467561722,1
1039,1601,0.1179170609,-1.626699448,1
1039,1633,0.3637955785,-0.06987181306,1
1039,1665,-0.6398822069,0.354706049,1
1039,1697,0.3054090738,0.1608768702,1
1039,1729,0.9053895473,-0.4612284899,1
1039,1761,1.507355928,-0.8617717028,1
1039,1793,1.970084071,1.28429985,1
1039,1825,1.154308081,1.724750161,1
1039,1857,1.36188674,1.056702852,1
1039,1889,1.457383037,0.95758605,1
1039,1921,1.390121222,0.7073175907,1
1039,1953,1.260523558,0.3894819617,1
1039,1985,0.9122835398,-0.6337374449,1
1039,2017,-0.3959635496,-0.4998559952,1
1071,33,1.359960198,0.1919753253,1
1071,65,1.840078115,0.0771400556,1
1071,97,2.143882275,-0.09633077681,1
1071,129,3.738011122,-0.1845024526,1
1071,161,4.029432297,-0.8256554008,1
1071,193,4.0003438,-0.6766629219,1
1071,225,3.944128752,-0.3404858708,1
1071,257,3.29137063,-1.209626436,1
1071,289,3.026048422,-0.8576048613,1
1071,321,3.766219616,-0.1326409578,1
1071,353,5.376740456,-0.6094367504,1
1071,385,5.464120865,-1.615357399,1
1071,417,4.583581924,-0.4643673003,1
1071,449,3.411521673,-0.5092890263,1
1071,481,2.725907803,-0.2719746232,1
1071,513,2.302861929,-1.149528384,1
1071,545,2.092305899,-0.4155937731,1
1071,577,2.629112482,0.4619311392,1
1071,609,3.010585308,2.332461357,1
1071,641,2.754447222,2.548523426,1
1071,673,2.562808037,0.9675886631,1
1071,705,2.552973509,-0.4731975198,1
1071,737,2.477841377,0.9764004946,1
1071,769,2.610141516,1.577430367,1
1071,801,2.497807026,3.474792242,1
1071,833,2.304594517,3.709300518,1
1071,865,1.357477665,-0.8223953247,1
1071,897,NaN,NaN,2
1071,929,0.831335783,-1.221134424,1
1071,961,1.033729315,0.2225911915,1
1071,993,1.001582265,0.06733798981,1
1071,1025,0.8879211545,0.09441693872,1
1071,1057,0.7030590177,0.1915801913,1
1071,1089,0.539875865,0.292465657,1
1071,1121,0.612634182,0.1411329508,1
1071,1153,0.7118926048,-0.0945224762,1
1071,1185,1.674300671,-0.6772536039,1
1071,1217,2.370819092,-1.106426358,1
1071,1249,1.666631937,-1.963418484,1
1071,1281,2.061720371,-3.570010662,1
1071,1313,1.677425385,-4.221739769,1
1071,1345,0.7076067328,-2.825541973,1
1071,1377,0.3076738715,-1.296298265,1
1071,1409,0.3767623305,-0.007511258125,1
1071,1441,0.8781613708,-1.123402715,1
1071,1473,1.237332106,-2.578082323,1
1071,1505,0.9531758428,-0.2087261081,1
1071,1537,1.026272178,-0.5201719999,1
1071,1569,0.4388852119,-1.170873284,1
1071,1601,0.2698272467,-1.044456601,1
1071,1633,NaN,NaN,2
1071,1665,0.8446357846,1.878936291,1
1071,1697,1.180953264,1.860250473,1
1071,1729,NaN,NaN,2
1071,1761,1.709865451,1.025965214,1
1071,1793,1.779878139,3.055330753,1
1071,1825,1.604620218,2.259307384,1
1071,1857,1.221416354,0.568549633,1
1071,1889,0.1772608757,0.6493666172,1
1071,1921,0.9080303907,0.3504012823,1
1071,1953,1.246377587,0.5141577721,1
1071,1985,1.410586596,0.4790812731,1
1071,2017,0.9416975975,-0.6798603535,1
1103,33,3.685201645,1.286699533,1
1103,65,3.318891287,0.03295210004,1
1103,97,4.991127491,-1.140544415,1
1103,129,4.891042233,-1.557246208,1
1103,161,4.390109539,-1.858011365,1
1103,193,3.822926283,-1.293550253,1
1103,225,2.635750771,-0.2293869257,1
1103,257,2.265117884,-2.019032001,1
1103,289,1.281908512,-1.857989073,1
1103,321,1.277245045,-0.8630391359,1
1103,353,5.007277489,-2.356219053,1
1103,385,4.103391647,-0.7840864658,1
1103,417,3.550754309,-0.5752208233,1
1103,449,3.049090624,-1.272854686,1
1103,481,3.143943071,-0.1566029787,1
1103,513,2.970739126,-1.049456358,1
1103,545,1.916400194,-0.365229249,1
1103,577,2.128364801,0.9363111258,1
1103,609,3.002980471,0.9610815048,1
1103,641,3.005840778,0.3073154688,1
1103,673,2.810778618,0.7214286327,1
1103,705,1.860695362,1.368624687,1
1103,737,2.801270008,1.575377941,1
1103,769,3.462609529,1.84248805,1
1103,801,3.21597147,2.338777781,1
1103,833,NaN,NaN,2
1103,865,1.537260056,-1.814958692,1
1103,897,1.1212641,-3.549666643,1
1103,929,2.681350708,-0.4222302437,1
1103,961,1.250077009,-1.310412169,1
1103,993,1.032091141,-0.02238854766,1
1103,1025,0.8737555742,-0.01269593835,1
1103,1057,0.7472329736,0.08806820214,1
1103,1089,0.3213778138,0.1434009075,1
1103,1121,-1.971616149,0.176453352,1
1103,1153,-1.594083071,-0.03571517766,1
1103,1185,1.311626911,-1.449421406,1
1103,1217,4.373417854,-1.865681648,1
1103,1249,3.232181072,-2.60104847,1
1103,1281,1.829962969,-3.853695154,1
1103,1313,1.480380297,-4.431056023,1
1103,1345,0.7313635349,-3.091701984,1
1103,1377,-0.07834416628,-1.628584385,1
1103,1409,-0.306198746,0.4372567236,1
1103,1441,-0.4273480177,1.51386857,1
1103,1473,-0.0442198813,-1.632977605,1
1103,1505,1.877535105,-0.6962156296,1
1103,1537,0.7569283843,-1.094400048,1
1103,1569,-0.2007823884,-1.639163971,1
1103,1601,-0.4122852683,-1.485441685,1
1103,1633,0.7900426388,-0.2008727193,1
1103,1665,1.644936681,0.3421900868,1
1103,1697,1.004763722,0.5039820671,1
1103,1729,1.320858002,-0.6075003147,1
1103,1761,3.616813421,0.973361969,1
1103,1793,2.64328146,2.851191998,1
1103,1825,2.092965841,0.6725023985,1
1103,1857,1.194479942,0.07517856359,1
1103,1889,1.387687087,0.02112358809,1
1103,1921,1.797333717,0.3869364858,1
1103,1953,2.023468494,0.1891393065,1
1103,1985,2.466253281,-0.1285037696,1
1103,2017,2.886267185,-0.3625542223,1
1135,33,3.763633013,1.888230205,1
1135,65,2.979837418,-2.348157406,1
1135,97,4.24601984,-1.508900166,1
1135,129,4.261588097,-1.696115136,1
1135,161,2.644685745,-2.20330286,1
1135,193,1.340642929,-2.818665504,1
1135,225,3.366747856,0.9590965509,1
1135,257,1.357502937,-0.6487579942,1
1135,289,2.098820686,-0.9419904947,1
1135,321,3.505250692,-0.9225754142,1
1135,353,4.382597446,-1.044473886,1
1135,385,4.482848167,-1.068915367,1
1135,417,3.692116261,-2.456753731,1
1135,449,3.076652527,-0.5854933262,1
1135,481,2.818304062,0.1231131852,1
1135,513,2.618070841,0.09965997934,1
1135,545,2.541371107,-0.2306108177,1
1135,577,2.919945955,0.6433867812,1
1135,609,3.50922513,0.1546016186,1
1135,641,3.254199266,-0.5566876531,1
1135,673,3.790307999,0.05595824122,1
1135,705,3.573093414,1.073365569,1
1135,737,3.972439289,2.375865459,1
1135,769,4.311863899,1.322557688,1
1135,801,4.201219559,1.31285727,1
1135,833,3.99420929,0.6871780157,1
1135,865,3.230610371,0.3384044766,1
1135,897,2.205533981,-0.4470511377,1
1135,929,1.731108308,0.0815859735,1
1135,961,1.316158295,0.6401005387,1
1135,993,1.06325376,-0.07981400937,1
1135,1025,0.8553006649,-0.09237810224,1
1135,1057,0.6989653707,-0.1535802186,1
1135,1089,0.6646727324,-0.1056441218,1
1135,1121,0.5096439123,0.1267408431,1
1135,1153,0.3018957376,-0.06922200322,1
1135,1185,1.222891927,-1.055352688,1
1135,1217,1.770940065,-2.078459978,1
1135,1249,2.515811443,-3.161948442,1
1135,1281,1.959423304,-3.990344763,1
1135,1313,0.8583551645,-4.312856197,1
1135,1345,-0.5494296551,-3.30177927,1
1135,1377,-0.05017248169,-1.737626433,1
1135,1409,-0.4536402225,0.2557318211,1
1135,1441,-0.607768774,1.866805911,1
1135,1473,NaN,NaN,2
1135,1505,3.328997135,1.535207987,1
1135,1537,1.176255465,-1.21393168,1
1135,1569,-0.05680081248,-1.601161361,1
1135,1601,-0.2204236686,-1.471530199,1
1135,1633,0.679033637,-0.8145843744,1
1135,1665,1.442871094,-0.166515708,1
1135,1697,0.8955811262,0.1164342016,1
1135,1729,1.214382768,-0.3786170483,1
1135,1761,2.69244957,0.3775008917,1
1135,1793,3.363116264,1.515220881,1
1135,1825,2.859496593,0.1529446542,1
1135,1857,2.177708387,0.03590640426,1
1135,1889,2.182572126,0.5473513603,1
1135,1921,3.140562296,0.2146933079,1
1135,1953,2.92264843,0.4693261981,1
1135,1985,2.717403412,0.6205278635,1
1135,2017,2.652323484,-0.6891909242,1
1167,33,3.477260113,1.49198246,1
1167,65,2.862555981,-2.14131546,1
1167,97,2.419855356,-1.552369952,1
1167,129,1.953037024,-1.294874787,1
1167,161,1.766360044,-2.086131573,1
1167,193,3.547051907,-2.007241964,1
1167,225,3.632660151,-0.8829574585,1
1167,257,3.838884592,-1.281797409,1
1167,289,4.183564186,-0.9541888237,1
1167,321,4.270913124,-0.8130042553,1
1167,353,4.73906374,-0.9647262096,1
1167,385,4.465723038,-1.114396334,1
1167,417,4.087932587,-1.789335132,1
1167,449,3.653872013,-0.2874398232,1
1167,481,3.090251446,0.4940721989,1
1167,513,2.871461391,1.033931851,1
1167,545,2.938565731,0.442330718,1
1167,577,5.452214718,-0.2869442999,1
1167,609,4.681190014,-0.4515275657,1
1167,641,3.355646849,-1.379808545,1
1167,673,4.213123798,-3.197396517,1
1167,705,6.84163475,-0.1191850901,1
1167,737,8.55671978,1.369781613,1
1167,769,4.715790749,-0.781034112,1
1167,801,NaN,NaN,2
1167,833,4.647787094,0.1645525992,1
1167,865,3.780376911,-0.08791646361,1
1167,897,2.671295643,-0.4115580916,1
1167,929,1.600727201,0.0004410892725,1
1167,961,1.593466997,0.2225110829,1
1167,993,1.252591491,-0.1335028261,1
1167,1025,0.7384790182,-0.3126755953,1
1167,1057,0.5614321232,-0.4186598659,1
1167,1089,0.737213254,0.06704442203,1
1167,1121,0.9076458216,0.2153255343,1
1167,1153,0.8934725523,-0.3748841286,1
1167,1185,1.201012135,-1.410948753,1
1167,1217,1.814303398,-1.52902627,1
1167,1249,2.0052948,-1.874339581,1
1167,1281,1.74706912,-2.865125656,1
1167,1313,0.9847819209,-3.613972425,1
1167,1345,0.3979859948,-2.405997753,1
1167,1377,0.2577860951,-1.819446802,1
1167,1409,-1.078832507,-1.165548801,1
1167,1441,-1.2773633,-1.008997917,1
1167,1473,1.428539276,-0.3579569459,1
1167,1505,1.433361888,0.01436585188,1
1167,1537,0.2236617506,-0.6011912823,1
1167,1569,-0.3102762699,-2.238956451,1
1167,1601,-0.803371489,-2.918972731,1
1167,1633,-0.2949214876,-0.1525581479,1
1167,1665,0.7993654609,2.649414063,1
1167,1697,1.0963099,0.03426206112,1
1167,1729,1.341673374,0.167373836,1
1167,1761,1.357269287,0.2096881568,1
1167,1793,1.833590865,0.105655551,1
1167,1825,2.346298218,-1.238753319,1
1167,1857,3.347378731,-0.2511824667,1
1167,1889,3.123538971,1.110219955,1
1167,1921,2.409970045,0.9597848654,1
1167,1953,2.922929764,1.98606956,1
1167,1985,2.218400717,2.8356812,1
1167,2017,2.044050217,-1.654125452,1
1199,33,4.552947998,1.177675128,1
1199,65,3.191206217,-1.621374607,1
1199,97,2.506826639,-2.256436586,1
1199,129,2.737420559,-2.597107887,1
1199,161,3.065462351,-1.71363914,1
1199,193,3.256765604,-1.641965389,1
1199,225,3.698999166,-0.9032229185,1
1199,257,4.684126854,-1.615900517,1
1199,289,4.82354784,-0.7013736963,1
1199,321,4.931583405,-3.106076241,1
1199,353,6.463067055,-0.7959054708,1
1199,385,5.553597927,0.4463367462,1
1199,417,4.073846817,0.03712964058,1
1199,449,3.229987383,0.363286674,1
1199,481,2.908314466,0.8206984997,1
1199,513,3.502795458,1.247021079,1
1199,545,5.224274635,0.0297319591,1
1199,577,7.441906929,-0.2723309696,1
1199,609,8.126126289,-0.8312050104,1
1199,641,4.365385056,-2.559568405,1
1199,673,4.673069477,-4.515232086,1
1199,705,6.828234673,-0.03090053797,1
1199,737,8.79615593,0.9291148186,1
1199,769,NaN,NaN,2
1199,801,4.890642643,-0.2851852775,1
1199,833,5.639019012,-0.5894739628,1
1199,865,3.853200674,-0.6605985165,1
1199,897,2.378092051,-0.3594499528,1
1199,929,1.823915362,-0.6458505988,1
1199,961,1.749941587,-0.8644396067,1
1199,993,1.431361437,0.02782617509,1
1199,1025,0.02417039871,-0.2815372944,1
1199,1057,-1.16244638,-0.9207516313,1
1199,1089,1.370577097,0.07222694159,1
1199,1121,1.595468402,0.1784922481,1
1199,1153,1.193598509,-0.9104476571,1
1199,1185,1.018833876,-0.5501684546,1
1199,1217,0.9142035246,-0.9576064348,1
1199,1249,0.6529274583,-2.824808836,1
1199,1281,0.5407283306,-2.8347826,1
1199,1313,0.04176816344,-2.128259659,1
1199,1345,1.022483349,-0.5884481668,1
1199,1377,NaN,NaN,2
1199,1409,-2.701712847,-2.462236404,1
1199,1441,-0.2648727894,-1.886037469,1
1199,1473,0.2724862099,-1.776969075,1
1199,1505,1.485197306,-1.455603957,1
1199,1537,0.5173209906,-0.640391469,1
1199,1569,-0.5040998459,-1.188774824,1
1199,1601,-0.5570514202,-2.378155708,1
1199,1633,0.2953597307,0.1977357268,1
1199,1665,0.9564211369,1.451136947,1
1199,1697,1.094644547,-0.009540192783,1
1199,1729,1.373687148,0.360152781,1
1199,1761,1.770952344,0.2599324584,1
1199,1793,2.432705402,0.1212752908,1
1199,1825,2.401118279,-0.4640359879,1
1199,1857,2.577769995,-0.3725833297,1
1199,1889,2.496843338,0.1176097393,1
1199,1921,0.6304469109,1.748242378,1
1199,1953,0.8971683979,4.960855007,1
1199,1985,1.583680153,2.773321152,1
1199,2017,1.735366821,-2.171097517,1
1231,33,5.656886101,1.283952832,1
1231,65,4.409203529,-1.109452248,1
1231,97,2.927312374,-2.646991968,1
1231,129,2.711061239,-2.261754036,1
1231,161,3.075876474,-0.9529963732,1
1231,193,3.226966381,-0.5616512299,1
1231,225,3.478575706,-0.4902080894,1
1231,257,3.010157108,-1.039030433,1
1231,289,3.519906044,-1.018646836,1
1231,321,4.345567226,-3.11209631,1
1231,353,6.777619362,-0.01824307442,1
1231,385,5.496175766,-0.1514289379,1
1231,417,3.254704714,-0.09281644225,1
1231,449,2.513998985,0.09523568302,1
1231,481,2.40954423,0.1830710471,1
1231,513,2.553725243,-0.402061075,1
1231,545,3.597473145,0.1701285243,1
1231,577,4.245341301,2.382574081,1
1231,609,5.414958,-1.166840315,1
1231,641,5.902230263,-3.957873106,1
1231,673,7.955704689,-1.965512514,1
1231,705,6.682353973,3.097062349,1
1231,737,5.799174786,3.130921125,1
1231,769,5.301805973,-1.03946352,1
1231,801,5.056984901,-1.216077924,1
1231,833,4.156959534,-1.142994881,1
1231,865,2.894546509,-0.9978072047,1
1231,897,4.276115894,-0.498765558,1
1231,929,2.380078316,-0.5337284803,1
1231,961,1.297410965,-0.8525894284,1
1231,993,-0.003390192986,-0.3392778039,1
1231,1025,-0.5409252644,2.794010162,1
1231,1057,-1.768064737,0.2068245113,1
1231,1089,3.250174999,-0.00359249115,1
1231,1121,5.04709816,0.4957386553,1
1231,1153,1.5518713,0.1367217302,1
1231,1185,0.9032748938,0.1925761998,1
1231,1217,0.5397047997,-0.9455429316,1
1231,1249,NaN,NaN,2
1231,1281,0.02112883329,-1.728957057,1
1231,1313,-0.164034009,-1.497799039,1
1231,1345,0.3973991871,-1.566837788,1
1231,1377,0.7017652988,-1.852956414,1
1231,1409,0.4580218196,-4.893595695,1
1231,1441,0.2480536103,-2.363822937,1
1231,1473,0.1723018885,-2.334555149,1
1231,1505,1.08142066,-1.999843359,1
1231,1537,0.8928859234,-1.051912904,1
1231,1569,0.1939357519,-0.01820361614,1
1231,1601,0.2874314785,-0.9324790239,1
1231,1633,0.6218533516,-1.009470224,1
1231,1665,1.191726923,-0.4741688073,1
1231,1697,1.32533884,-0.3618138731,1
1231,1729,1.410468578,0.07063011825,1
1231,1761,1.974463224,0.09472851455,1
1231,1793,3.559158325,0.02091158926,1
1231,1825,2.861445427,-0.004602789879,1
1231,1857,1.111683846,-0.8521161079,1
1231,1889,1.496337414,-0.9426798224,1
1231,1921,1.41561377,0.7177506089,1
1231,1953,0.9836378098,4.804232121,1
1231,1985,0.2900785208,3.003425837,1
1231,2017,0.1051046848,-1.870649695,1
1263,33,6.857459068,1.371849179,1
1263,65,5.393827438,-0.3714832366,1
1263,97,3.488407612,-2.313748598,1
1263,129,2.564505577,-1.127146244,1
1263,161,2.507994652,-0.5878489614,1
1263,193,2.621586561,0.06506863236,1
1263,225,1.79557848,-0.1183982491,1
1263,257,-0.2779676914,-0.4701218009,1
1263,289,1.014415503,-1.469700456,1
1263,321,2.365149975,-2.24844718,1
1263,353,2.862904072,-1.02129817,1
1263,385,2.508255005,-0.6495559216,1
1263,417,1.982047558,-0.6721591949,1
1263,449,1.879882932,-0.07606714964,1
1263,481,1.968987346,0.03714422882,1
1263,513,2.129364252,-0.6053450108,1
1263,545,1.979182601,0.5043286085,1
1263,577,1.093568206,2.867506504,1
1263,609,1.333071232,-1.408691645,1
1263,641,2.934500217,-3.230238438,1
1263,673,4.223234653,-0.6343372464,1
1263,705,NaN,NaN,2
1263,737,8.496002197,3.149009228,1
1263,769,5.09083128,-0.3153734803,1
1263,801,6.246986866,-2.797356844,1
1263,833,8.264286041,-4.074302197,1
1263,865,8.955996513,-1.850535512,1
1263,897,6.266714096,-2.270495415,1
1263,929,1.614619732,-1.293959856,1
1263,961,0.9977421761,-1.020005107,1
1263,993,1.04234302,-0.2140561044,1
1263,1025,0.2803595066,0.8892717361,1
1263,1057,1.498609781,1.478137016,1
1263,1089,3.729243279,0.7995992303,1
1263,1121,4.346782684,1.968891263,1
1263,1153,2.218405724,0.8085754514,1
1263,1185,-0.9053074121,1.994312882,1
1263,1217,-3.034301281,0.04760497808,1
1263,1249,NaN,NaN,2
1263,1281,-0.4380356669,-0.8050612211,1
1263,1313,-0.1675601602,-0.618322134,1
1263,1345,-0.5158376694,-2.211627007,1
1263,1377,0.172657609,-2.631669521,1
1263,1409,1.188627601,-2.860283375,1
1263,1441,1.365837812,-2.457360744,1
1263,1473,1.510614991,-2.292184114,1
1263,1505,1.728832722,-2.002229214,1
1263,1537,1.666638613,-1.225793719,1
1263,1569,0.6875202656,-0.3923562765,1
1263,1601,0.5639989376,-0.5277073383,1
1263,1633,1.960281134,-0.7335488796,1
1263,1665,1.9935956,-1.00244832,1
1263,1697,1.606886268,-1.12203908,1
1263,1729,1.498355627,-0.5762254596,1
1263,1761,2.548261166,-0.1286657453,1
1263,1793,3.261270285,0.04215225577,1
1263,1825,2.007578611,-0.6307234168,1
1263,1857,0.2570984364,-1.722564459,1
1263,1889,0.6585365534,-1.000564098,1
1263,1921,1.451980948,-0.4681162238,1
1263,1953,1.237257361,0.9680595398,1
1263,1985,0.6360707283,2.779127836,1
1263,2017,0.9584234953,-1.017410398,1
1295,33,6.342374802,1.178024292,1
1295,65,5.543930054,-0.3882953525,1
1295,97,4.037063122,-2.784500122,1
1295,129,2.468891621,-0.8415077925,1
1295,161,2.197746515,-0.5783988833,1
1295,193,2.438204288,-0.2712660432,1
1295,225,2.306007385,0.2776568532,1
1295,257,1.524412632,-0.6315801144,1
1295,289,0.7337378263,-2.232236862,1
1295,321,1.57856369,-2.864690304,1
1295,353,1.842181206,-1.484224319,1
1295,385,0.986512661,-1.421669245,1
1295,417,0.923740387,-1.557965994,1
1295,449,2.297572136,-1.293640137,1
1295,481,1.783124447,0.138978228,1
1295,513,2.326564789,0.740095973,1
1295,545,2.087544203,2.25431633,1
1295,577,-0.3461148739,1.198960543,1
1295,609,0.248020649,-0.305320859,1
1295,641,2.305782795,-0.7639194131,1
1295,673,3.018145323,-0.04064384103,1
1295,705,5.623533726,2.292029381,1
1295,737,5.02721405,0.9380161166,1
1295,769,4.501293182,-0.6200107336,1
1295,801,6.7250247,-1.616520286,1
1295,833,NaN,NaN,2
1295,865,8.463323593,-1.731500983,1
1295,897,4.190923691,-1.742678165,1
1295,929,NaN,NaN,2
1295,961,0.9626575708,-1.399779797,1
1295,993,1.37738204,0.2811330557,1
1295,1025,2.565713882,1.101654768,1
1295,1057,3.881447792,0.9451429844,1
1295,1089,3.90695715,1.343819141,1
1295,1121,3.477584124,1.734249353,1
1295,1153,3.066600323,1.936872482,1
1295,1185,1.8225317,4.554582119,1
1295,1217,-1.274216533,3.194490671,1
1295,1249,-1.894189358,-0.3129181266,1
1295,1281,0.09531062841,-0.7338256836,1
1295,1313,0.2543178797,-0.3036128879,1
1295,1345,NaN,NaN,2
1295,1377,0.6084162593,-3.159675598,1
1295,1409,0.6399995089,-1.897825599,1
1295,1441,1.139256001,-2.127656937,1
1295,1473,1.526400089,-2.299967051,1
1295,1505,1.642465353,-1.904706597,1
1295,1537,1.584875822,-2.133648396,1
1295,1569,1.305494905,-0.6663915515,1
1295,1601,1.408317089,-0.4837085009,1
1295,1633,2.80406189,-1.083413839,1
1295,1665,3.153151512,-2.326443672,1
1295,1697,2.261240005,-2.019943237,1
1295,1729,2.347530842,-2.544116497,1
1295,1761,2.48337388,-0.6055399179,1
1295,1793,2.972514629,0.08620691299,1
1295,1825,2.555866957,-0.8907290697,1
1295,1857,1.947693586,-1.415407181,1
1295,1889,2.05236268,-1.077015638,1
1295,1921,1.920139313,-0.9718198776,1
1295,1953,2.022158623,-0.4433839321,1
1295,1985,2.325572729,0.919252634,1
1295,2017,2.921900511,-0.5083049536,1
1327,33,3.53725338,0.7047598362,1
1327,65,4.844212532,-0.3469598591,1
1327,97,3.602167845,-1.777112126,1
1327,129,1.98311162,-0.8797041774,1
1327,161,1.714192986,-0.8841187358,1
1327,193,1.706142545,-0.9447946548,1
1327,225,1.985493422,-0.810180068,1
1327,257,1.522470474,-0.8710482717,1
1327,289,0.9326050282,-3.029532909,1
1327,321,1.16930151,-1.7348454,1
1327,353,1.307874918,-1.183098674,1
1327,385,1.156405926,-1.047237396,1
1327,417,1.013851643,-0.6389163733,1
1327,449,0.8013964891,-1.405870795,1
1327,481,1.028744698,-0.1856884062,1
1327,513,2.557309628,0.571791172,1
1327,545,2.367880821,0.9656364322,1
1327,577,1.316647887,0.3220587373,1
1327,609,0.5398272276,0.1055307835,1
1327,641,1.59874177,-0.1455791742,1
1327,673,2.547987223,-0.08871874958,1
1327,705,NaN,NaN,2
1327,737,2.588597536,-0.01805077493,1
1327,769,2.126552105,-0.1003373861,1
1327,801,1.473755836,-0.3864109814,1
1327,833,1.613643289,-1.130796194,1
1327,865,1.483140707,-0.2160573006,1
1327,897,1.400794506,-1.074276328,1
1327,929,NaN,NaN,2
1327,961,0.5765565634,-1.562697172,1
1327,993,0.9299137592,0.3868588209,1
1327,1025,3.774208069,1.970547199,1
1327,1057,4.321135998,1.674147129,1
1327,1089,3.835479736,1.351515293,1
1327,1121,3.975462437,0.6670414209,1
1327,1153,NaN,NaN,2
1327,1185,2.747817278,1.869816065,1
1327,1217,0.6936137676,2.859300375,1
1327,1249,0.1445509195,0.1308602393,1
1327,1281,0.6998987198,0.07798840851,1
1327,1313,1.072686672,0.4674575329,1
1327,1345,1.213849545,-0.2773264349,1
1327,1377,1.28172946,-1.130188465,1
1327,1409,1.292006016,-1.102830529,1
1327,1441,1.147793293,-1.581823349,1
1327,1473,1.274711251,-1.782076359,1
1327,1505,1.630828381,-1.894320965,1
1327,1537,2.22721529,-1.129884958,1
1327,1569,1.470170259,-0.6347844005,1
1327,1601,0.5142257214,-1.03890872,1
1327,1633,1.466597557,-1.951819897,1
1327,1665,1.513870597,-3.19707942,1
1327,1697,1.325554729,-1.936399698,1
1327,1729,0.8213831186,-1.914123058,1
1327,1761,2.327963829,-0.8101584315,1
1327,1793,2.621452093,-0.4980759621,1
1327,1825,2.684942722,-1.272378087,1
1327,1857,2.748291254,-2.055761337,1
1327,1889,4.610401154,-3.402280092,1
1327,1921,3.450158834,-2.354577065,1
1327,1953,2.809881687,-2.036026478,1
1327,1985,2.942898035,-0.09211936593,1
1327,2017,1.68740499,-0.3036067486,1
1359,33,3.089716911,0.247656703,1
1359,65,2.770200968,-0.04039043933,1
1359,97,2.603434563,-0.7562343478,1
1359,129,1.661508322,-2.007684469,1
1359,161,1.910935402,-0.8250739574,1
1359,193,1.37259984,-1.921585798,1
1359,225,1.288001776,-2.620056152,1
1359,257,1.964756966,-0.5019813776,1
1359,289,0.7617740631,-1.062821865,1
1359,321,0.7576217651,-1.151181698,1
1359,353,1.087935925,-1.522364259,1
1359,385,0.9593157768,-0.7304759026,1
1359,417,0.6874913573,0.9810411334,1
1359,449,-0.4130575657,0.4594819844,1
1359,481,-0.7411944866,-0.2992077768,1
1359,513,1.576376677,0.395824641,1
1359,545,1.961811185,0.260641098,1
1359,577,1.849973917,0.104626596,1
1359,609,1.26650691,-0.02993191779,1
1359,641,1.901909828,-0.9463656545,1
1359,673,NaN,NaN,2
1359,705,NaN,NaN,2
1359,737,0.4342582226,0.2811319828,1
1359,769,-0.3633780479,0.7923747897,1
1359,801,-0.6786999702,0.6038923264,1
1359,833,-0.4287501574,-0.1919717193,1
1359,865,-0.5851130486,1.80430007,1
1359,897,-2.339794159,2.434698105,1
1359,929,-0.4920725822,-0.6823426485,1
1359,961,1.00426054,-1.984482288,1
1359,993,2.35878849,0.5685512424,1
1359,1025,4.194919586,2.109233618,1
1359,1057,4.534034729,2.053580284,1
1359,1089,2.972286701,1.818854809,1
1359,1121,3.980028629,0.997954607,1
1359,1153,NaN,NaN,2
1359,1185,4.175916672,-0.004277482629,1
1359,1217,1.267431855,1.152636051,1
1359,1249,0.4378657937,0.4702965915,1
1359,1281,0.5551130772,0.3643576801,1
1359,1313,0.936350584,0.2785786688,1
1359,1345,1.329902649,-0.5710729361,1
1359,1377,1.748517394,-1.227425575,1
1359,1409,1.869036198,-1.847183466,1
1359,1441,1.410241365,-1.45145154,1
1359,1473,1.373914719,-1.474398017,1
1359,1505,1.865881681,-1.663347483,1
1359,1537,2.712340355,-1.176697493,1
1359,1569,1.901412249,-0.7574481964,1
1359,1601,1.202607393,-1.158124685,1
1359,1633,0.9904367924,-1.721488357,1
1359,1665,1.126583576,-1.549083352,1
1359,1697,1.195837855,-1.42696178,1
1359,1729,-0.2685704231,-0.9939147234,1
1359,1761,0.9015563726,0.3741567731,1
1359,1793,2.416577339,-0.519272089,1
1359,1825,2.778447151,-1.446829438,1
1359,1857,3.106751204,-2.910277367,1
1359,1889,4.104152203,-4.841970921,1
1359,1921,4.666487694,-3.801679373,1
1359,1953,3.800078392,-2.889349461,1
1359,1985,3.489833593,-0.8473840952,1
1359,2017,1.049187899,0.06503629684,1
1391,33,4.581591129,0.03551029414,1
1391,65,2.606720924,-0.0873375982,1
1391,97,1.591007352,-0.5897324681,1
1391,129,0.6566298008,-1.585893512,1
1391,161,0.8854084611,-0.7390398979,1
1391,193,1.178186417,-1.083347201,1
1391,225,1.10953927,-0.8436140418,1
1391,257,1.067264557,-0.2355405986,1
1391,289,-0.8082306385,-0.07077075541,1
1391,321,-0.6526761651,-0.4616682231,1
1391,353,0.4137884974,-0.7743361592,1
1391,385,0.1244748831,-2.503742218,1
1391,417,0.221331358,-0.0114223361,1
1391,449,1.182204723,1.744320512,1
1391,481,1.174048066,0.5399269462,1
1391,513,1.133768678,0.5000298023,1
1391,545,1.183269501,0.372838974,1
1391,577,1.144933939,-0.5771148205,1
1391,609,1.469347119,0.1272596419,1
1391,641,2.26667738,-0.09835587442,1
1391,673,2.093093872,-0.5784814954,1
1391,705,0.5605054498,1.463927031,1
1391,737,-0.4272074699,1.085303545,1
1391,769,-1.104004383,1.139585257,1
1391,801,-1.409421325,2.0855093,1
1391,833,-1.347847462,1.37439537,1
1391,865,-1.009739041,0.7503772974,1
1391,897,-1.926084161,1.107182503,1
1391,929,-1.381121397,0.1804313064,1
1391,961,2.221656322,0.3750718236,1
1391,993,3.234464645,0.7678672671,1
1391,1025,4.549117088,1.584298849,1
1391,1057,3.796884537,2.593239307,1
1391,1089,2.841638565,3.11905098,1
1391,1121,3.809067965,1.768711448,1
1391,1153,5.471003056,-0.4985718429,1
1391,1185,3.530693054,-0.5116176605,1
1391,1217,1.466705799,-0.008452318609,1
1391,1249,1.039054394,0.396192044,1
1391,1281,0.6912862062,0.3858792782,1
1391,1313,0.7476267815,0.1267778873,1
1391,1345,1.345554233,-0.3357008398,1
1391,1377,1.952777147,-0.7526533008,1
1391,1409,2.909144402,-0.8686459064,1
1391,1441,1.68509233,-1.182196736,1
1391,1473,1.476373434,-1.403609514,1
1391,1505,1.533224344,-1.404979467,1
1391,1537,NaN,NaN,2
1391,1569,2.803405285,-2.121870518,1
1391,1601,0.8812004328,-1.071769595,1
1391,1633,0.8715697527,0.468179822,1
1391,1665,1.174402714,0.4053106308,1
1391,1697,1.028562784,-1.0277071,1
1391,1729,1.430461645,-0.8222506046,1
1391,1761,1.463337183,0.04003828764,1
1391,1793,1.568194389,-0.3317430019,1
1391,1825,1.951123476,-1.199423552,1
1391,1857,3.145269394,-1.914912701,1
1391,1889,4.267495155,-2.121912003,1
1391,1921,5.256874084,-2.823358536,1
1391,1953,4.86100626,-3.202539682,1
1391,1985,3.842135906,-1.557301521,1
1391,2017,0.8714248538,0.03454852104,1
1423,33,5.6531744,0.1296784282,1
1423,65,1.988955617,-0.1937544048,1
1423,97,0.9908145666,1.319095254,1
1423,129,-1.35275054,-0.2753474712,1
1423,161,-1.556145787,-0.4366446137,1
1423,193,0.2097431421,-0.5398744345,1
1423,225,0.5615961552,-0.2071141303,1
1423,257,1.082539439,0.1075867116,1
1423,289,-2.0133214,1.087281942,1
1423,321,-1.73841536,0.3933672309,1
1423,353,0.07383981347,-0.1173407137,1
1423,385,-0.9383770227,-1.913269639,1
1423,417,1.577548504,-0.1051928401,1
1423,449,2.716714621,1.727484584,1
1423,481,2.445300579,0.2750421464,1
1423,513,0.09912908077,0.1951788068,1
1423,545,-1.270495176,0.4475959241,1
1423,577,0.9716290832,-0.5757946968,1
1423,609,1.366630554,0.2654121816,1
1423,641,1.395102978,0.6577783823,1
1423,673,1.012957573,0.1730549335,1
1423,705,0.4783137143,0.7075403929,1
1423,737,0.09915423393,1.144504309,1
1423,769,-0.2924823761,1.110631466,1
1423,801,-0.8036613464,2.85607481,1
1423,833,-1.240292907,2.616108179,1
1423,865,-1.007693291,0.7032858133,1
1423,897,-0.1531973481,2.002202034,1
1423,929,1.381363869,0.8750960827,1
1423,961,2.561342001,0.3573291302,1
1423,993,3.256205797,0.6825046539,1
1423,1025,3.211587429,1.305498123,1
1423,1057,2.266631842,1.713913918,1
1423,1089,2.401438236,2.942589521,1
1423,1121,3.402529001,1.796589017,1
1423,1153,3.830395699,-0.1142741442,1
1423,1185,2.970304728,-0.5826336145,1
1423,1217,2.553500891,-0.6915473938,1
1423,1249,1.982065439,0.1891751587,1
1423,1281,1.366098642,0.5056986809,1
1423,1313,1.40556252,0.2563236654,1
1423,1345,1.800140738,0.7233957648,1
1423,1377,2.09961319,-1.000383854,1
1423,1409,NaN,NaN,0
1423,1441,NaN,NaN,0
1423,1473,NaN,NaN,0
1423,1505,NaN,NaN,0
1423,1537,NaN,NaN,0
1423,1569,NaN,NaN,0
1423,1601,1.908393741,-1.952289104,1
1423,1633,1.347983599,1.022125363,1
1423,1665,NaN,NaN,2
1423,1697,2.663059711,-0.9295706749,1
1423,1729,3.176723957,-0.8382382989,1
1423,1761,1.656538844,-0.7920107841,1
1423,1793,0.4044564962,-0.8565136194,1
1423,1825,0.8364719152,-1.271953702,1
1423,1857,2.244887352,-1.696479082,1
1423,1889,3.38581562,-1.898989439,1
1423,1921,4.073045731,-2.388545513,1
1423,1953,4.102804184,-3.411792517,1
1423,1985,3.024555922,-1.851084709,1
1423,2017,1.071131349,-0.2455534935,1
1455,33,3.168269157,0.3234691024,1
1455,65,1.406463385,1.905222893,1
1455,97,0.4471231103,2.439592361,1
1455,129,-0.8879101276,0.5835181475,1
1455,161,-0.9187093973,0.3535027504,1
1455,193,-0.298592031,-0.01338174939,1
1455,225,0.4800580144,-0.001076757908,1
1455,257,0.5340063572,1.287001848,1
1455,289,0.07580871135,1.081918716,1
1455,321,0.08306278288,0.4411128759,1
1455,353,0.7933766246,-0.3838590384,1
1455,385,3.260037899,-1.542547584,1
1455,417,NaN,NaN,2
1455,449,2.759560347,-0.03264206648,1
1455,481,0.8966435194,-0.7905074358,1
1455,513,-0.01168990135,-0.5508167148,1
1455,545,0.6382969618,-0.6296911836,1
1455,577,2.435798883,-2.689903736,1
1455,609,2.012685776,-0.6673771143,1
1455,641,0.7525051832,0.5467981696,1
1455,673,0.7076017261,0.7223140001,1
1455,705,0.7699455023,0.02743340284,1
1455,737,0.1624011397,-0.08187679946,1
1455,769,-0.1346234083,0.3597024083,1
1455,801,-0.7215273976,0.4886681437,1
1455,833,-1.060518861,0.3647492826,1
1455,865,-0.5642320514,1.075314283,1
1455,897,0.2605748177,0.7115526795,1
1455,929,1.717765331,0.05000537634,1
1455,961,2.494318008,0.07880359888,1
1455,993,3.388706684,0.6354475021,1
1455,1025,2.495955944,0.8362903595,1
1455,1057,1.909299612,1.004886627,1
1455,1089,2.674561977,1.226679564,1
1455,1121,2.620034456,0.5279819965,1
1455,1153,NaN,NaN,0
1455,1185,4.091304779,-0.4088326991,1
1455,1217,2.673212051,-0.4565241337,1
1455,1249,2.092243433,-0.2679217458,1
1455,1281,1.701498389,-0.9478114247,1
1455,1313,NaN,NaN,0
1455,1345,NaN,NaN,0
1455,1377,NaN,NaN,0
1455,1409,NaN,NaN,0
1455,1441,NaN,NaN,0
1455,1473,NaN,NaN,0
1455,1505,NaN,NaN,0
1455,1537,NaN,NaN,0
1455,1569,NaN,NaN,0
1455,1601,1.471144915,-2.383581638,1
1455,1633,NaN,NaN,2
1455,1665,3.355133057,0.7234600186,1
1455,1697,3.339953899,-2.399427414,1
1455,1729,2.003202915,-0.8073048592,1
1455,1761,1.701486111,-1.036156774,1
1455,1793,0.8053685427,-1.440793633,1
1455,1825,0.7294071913,-1.35484159,1
1455,1857,1.652801514,-1.565885901,1
1455,1889,2.261006832,-2.349944115,1
1455,1921,2.813683748,-2.073190212,1
1455,1953,3.405965805,-2.248593092,1
1455,1985,NaN,NaN,0
1455,2017,NaN,NaN,0
1487,33,1.780563593,-0.1406731606,1
1487,65,1.336134434,0.8963464499,1
1487,97,-0.07701843977,1.44413197,1
1487,129,-0.3877270818,1.303079009,1
1487,161,0.9242194891,1.613591194,1
1487,193,0.6311224699,1.048347831,1
1487,225,-0.5271097422,0.2433893681,1
1487,257,-0.6722646952,0.4186978936,1
1487,289,-0.7035965919,2.398535013,1
1487,321,-0.3663989902,2.333540678,1
1487,353,0.8640768528,0.3568459153,1
1487,385,2.392192841,-0.9717973471,1
1487,417,3.569237947,-0.5535186529,1
1487,449,2.341069937,-0.02424146235,1
1487,481,1.402523875,-0.1922724694,1
1487,513,1.836181164,0.02506098151,1
1487,545,2.939389706,-1.24025774,1
1487,577,2.982592106,-3.208263159,1
1487,609,2.137882948,-2.344298124,1
1487,641,0.719804883,0.5090121031,1
1487,673,-0.1940153837,2.243897438,1
1487,705,0.2465875149,0.06471736729,1
1487,737,-0.4059177637,-0.1540901959,1
1487,769,-0.9511831403,0.1740577817,1
1487,801,-1.297602654,0.1232445836,1
1487,833,-1.332689404,-0.3618051708,1
1487,865,-0.7911118269,-0.344705224,1
1487,897,-0.5104264617,0.8515622616,1
1487,929,0.4034903049,0.1649232358,1
1487,961,2.128911495,0.2952364683,1
1487,993,3.464099169,0.6073166132,1
1487,1025,2.589339256,0.03850966692,1
1487,1057,0.9536678791,-1.24469769,1
1487,1089,1.262015104,-0.4670664668,1
1487,1121,2.227096558,-0.5834839344,1
1487,1153,NaN,NaN,0
1487,1185,NaN,NaN,0
1487,1217,NaN,NaN,0
1487,1249,NaN,NaN,0
1487,1281,NaN,NaN,0
1487,1313,NaN,NaN,0
1487,1345,NaN,NaN,0
1487,1377,NaN,NaN,0
1487,1409,NaN,NaN,0
1487,1441,NaN,NaN,0
1487,1473,NaN,NaN,0
1487,1505,NaN,NaN,0
1487,1537,NaN,NaN,0
1487,1569,NaN,NaN,0
1487,1601,NaN,NaN,0
1487,1633,2.632675171,-0.4549000263,1
1487,1665,3.222807407,1.006838322,1
1487,1697,2.599822283,0.8417896032,1
1487,1729,0.571804285,-1.414734125,1
1487,1761,1.513854623,-1.44569993,1
1487,1793,1.554901123,-2.614433289,1
1487,1825,1.391368747,-2.038017988,1
1487,1857,1.288355827,-2.145355463,1
1487,1889,1.481888175,-3.11268568,1
1487,1921,1.978537083,-1.725708246,1
1487,1953,NaN,NaN,0
1487,1985,NaN,NaN,0
1487,2017,NaN,NaN,0
1519,33,0.4268333912,0.05638813972,1
1519,65,0.4953138828,0.96208179,1
1519,97,0.09564507008,1.461497903,1
1519,129,-0.8173706532,1.353978157,1
1519,161,2.007650137,2.513692856,1
1519,193,1.191979408,1.998841286,1
1519,225,0.008415400982,0.2994523644,1
1519,257,0.5277996063,0.3181468844,1
1519,289,0.7324174643,2.697527885,1
1519,321,NaN,NaN,2
1519,353,0.0005068778992,3.375307083,1
1519,385,1.528390646,0.7349084616,1
1519,417,2.575027227,0.7665240765,1
1519,449,3.195792675,0.7929908037,1
1519,481,3.041518927,1.245960236,1
1519,513,2.098564863,0.5549152493,1
1519,545,2.640990734,-0.4236380458,1
1519,577,2.615891457,-1.464476109,1
1519,609,1.790568948,-1.215369582,1
1519,641,0.5689290166,0.4554502666,1
1519,673,-0.2495672852,1.497863173,1
1519,705,-0.1995019019,0.1852838695,1
1519,737,-0.3596579432,-0.02720857412,1
1519,769,-1.190821886,-0.06901679933,1
1519,801,-1.722588897,-0.8104208708,1
1519,833,NaN,NaN,2
1519,865,-0.4374778867,-1.142832518,1
1519,897,-0.02788195014,0.988810122,1
1519,929,-0.4852479696,0.230646044,1
1519,961,1.421620488,0.2788269222,1
1519,993,2.474359989,0.3139677644,1
1519,1025,2.941871405,-0.8634420633,1
1519,1057,1.816315651,-2.151685715,1
1519,1089,0.9071689844,-1.120388508,1
1519,1121,1.509274721,-0.7685733438,1
1519,1153,1.37544775,-1.174534202,1
1519,1185,NaN,NaN,0
1519,1217,NaN,NaN,0
1519,1249,NaN,NaN,0
1519,1281,NaN,NaN,0
1519,1313,NaN,NaN,0
1519,1345,NaN,NaN,0
1519,1377,NaN,NaN,0
1519,1409,NaN,NaN,0
1519,1441,NaN,NaN,0
1519,1473,NaN,NaN,0
1519,1505,NaN,NaN,0
1519,1537,NaN,NaN,0
1519,1569,NaN,NaN,0
1519,1601,NaN,NaN,0
1519,1633,NaN,NaN,0
1519,1665,2.697225094,0.958281517,1
1519,1697,3.659377813,0.7767841816,1
1519,1729,2.543336391,-0.7125800848,1
1519,1761,1.824457407,-0.457005918,1
1519,1793,2.145804882,-1.582354188,1
1519,1825,1.993103266,-3.446996689,1
1519,1857,1.968681097,-4.090897083,1
1519,1889,1.959605694,-2.366216183,1
1519,1921,NaN,NaN,0
1519,1953,NaN,NaN,0
1519,1985,NaN,NaN,0
1519,2017,NaN,NaN,0
1551,33,0.3072171807,0.2812047005,1
1551,65,0.300803721,1.303728223,1
1551,97,-0.3872673512,0.188195765,1
1551,129,0.6745085716,-1.651627302,1
1551,161,0.8825446963,0.8397707939,1
1551,193,0.5231163502,0.9276150465,1
1551,225,-0.04520201683,0.08881536126,1
1551,257,1.799305677,0.3942681253,1
1551,289,1.127372861,1.095232248,1
1551,321,0.5229846239,2.988273621,1
1551,353,1.663297892,1.554512858,1
1551,385,3.445144653,1.560284138,1
1551,417,2.030164242,1.641845703,1
1551,449,1.238591909,1.754751325,1
1551,481,0.6082186699,1.273010969,1
1551,513,0.9059939384,3.002130747,1
1551,545,1.51697135,1.860712051,1
1551,577,2.017244339,-1.820001483,1
1551,609,1.348010778,-2.320304871,1
1551,641,0.4958664179,0.5003153086,1
1551,673,0.07429045439,0.8160516024,1
1551,705,-0.1485372186,0.2510569096,1
1551,737,-0.1531561613,0.06394454837,1
1551,769,-0.9155042768,0.2032842338,1
1551,801,-2.047672749,0.02984067798,1
1551,833,-0.9435727596,-1.597705722,1
1551,865,-0.04702231288,0.02503785491,1
1551,897,1.353343844,1.865090847,1
1551,929,0.4229198694,0.1626435816,1
1551,961,1.371523619,-0.3333316147,1
1551,993,2.26072216,-0.5917278528,1
1551,1025,2.629697084,-1.052157879,1
1551,1057,1.905547857,-1.466652632,1
1551,1089,1.812487245,-1.373828292,1
1551,1121,1.71753037,-1.178011417,1
1551,1153,NaN,NaN,0
1551,1185,NaN,NaN,0
1551,1217,NaN,NaN,0
1551,1249,NaN,NaN,0
1551,1281,NaN,NaN,0
1551,1313,NaN,NaN,0
1551,1345,NaN,NaN,0
1551,1377,NaN,NaN,0
1551,1409,NaN,NaN,0
1551,1441,NaN,NaN,0
1551,1473,NaN,NaN,0
1551,1505,NaN,NaN,0
1551,1537,NaN,NaN,0
1551,1569,NaN,NaN,0
1551,1601,NaN,NaN,0
1551,1633,NaN,NaN,0
1551,1665,NaN,NaN,0
1551,1697,NaN,NaN,0
1551,1729,NaN,NaN,0
1551,1761,2.531841278,-0.2889932394,1
1551,1793,3.535984516,-1.195700526,1
1551,1825,NaN,NaN,0
1551,1857,NaN,NaN,0
1551,1889,NaN,NaN,0
1551,1921,NaN,NaN,0
1551,1953,NaN,NaN,0
1551,1985,NaN,NaN,0
1551,2017,NaN,NaN,0
1583,33,NaN,NaN,0
1583,65,NaN,NaN,0
1583,97,-1.05640626,-1.907632828,1
1583,129,0.5367290378,-2.173021317,1
1583,161,0.684705317,0.12956433,1
1583,193,0.7805142999,0.5805423856,1
1583,225,0.9894325137,0.2842850685,1
1583,257,1.064811826,-0.1039942801,1
1583,289,0.5542178154,0.08170321584,1
1583,321,0.2080475092,0.7695583105,1
1583,353,1.316331983,1.315380454,1
1583,385,3.685329914,2.748945475,1
1583,417,1.228079319,2.196001053,1
1583,449,0.4235320091,1.947642088,1
1583,481,-1.673503876,0.9154541492,1
1583,513,0.4514427185,3.844549417,1
1583,545,1.003426075,1.867389083,1
1583,577,1.012746811,0.08471718431,1
1583,609,0.3084682226,-0.2126080394,1
1583,641,0.6040011048,0.4817730188,1
1583,673,0.8233958483,0.7604972124,1
1583,705,0.6271528602,0.5706769228,1
1583,737,0.3292249739,0.7327980995,1
1583,769,-0.6129570603,1.085343719,1
1583,801,-0.6010623574,0.7177146077,1
1583,833,-0.1774042249,0.2098023295,1
1583,865,0.1624340117,0.575130105,1
1583,897,0.472224474,0.4748199582,1
1583,929,0.8054571152,-0.1595568061,1
1583,961,1.311611891,-0.8902548552,1
1583,993,1.926375508,-2.035277367,1
1583,1025,2.127825737,-1.698156834,1
1583,1057,1.630284786,-1.48188746,1
1583,1089,1.278721213,-2.022754192,1
1583,1121,1.053447723,-1.586229324,1
1583,1153,NaN,NaN,0
1583,1185,NaN,NaN,0
1583,1217,NaN,NaN,0
1583,1249,NaN,NaN,0
1583,1281,NaN,NaN,0
1583,1313,NaN,NaN,0
1583,1345,NaN,NaN,0
1583,1377,NaN,NaN,0
1583,1409,NaN,NaN,0
1583,1441,NaN,NaN,0
1583,1473,NaN,NaN,0
1583,1505,NaN,NaN,0
1583,1537,NaN,NaN,0
1583,1569,NaN,NaN,0
1583,1601,NaN,NaN,0
1583,1633,NaN,NaN,0
1583,1665,NaN,NaN,0
1583,1697,NaN,NaN,0
1583,1729,NaN,NaN,0
1583,1761,NaN,NaN,0
1583,1793,NaN,NaN,0
1583,1825,NaN,NaN,0
1583,1857,NaN,NaN,0
1583,1889,NaN,NaN,0
1583,1921,NaN,NaN,0
1583,1953,NaN,NaN,0
1583,1985,NaN,NaN,0
1583,2017,NaN,NaN,0
1615,33,NaN,NaN,0
1615,65,NaN,NaN,0
1615,97,NaN,NaN,0
1615,129,NaN,NaN,0
1615,161,0.6890429854,0.1178205311,1
1615,193,0.7536199689,0.6777721643,1
1615,225,1.217073917,0.2894525528,1
1615,257,1.174184322,-0.02595055103,1
1615,289,0.6956378818,-0.2265182137,1
1615,321,0.6415554285,1.068771243,1
1615,353,NaN,NaN,0
1615,385,NaN,NaN,0
1615,417,NaN,NaN,0
1615,449,0.8709970117,0.9808182716,1
1615,481,0.7845035195,0.7403891683,1
1615,513,0.8218300939,0.2606319189,1
1615,545,0.8747742176,0.2185880244,1
1615,577,0.3187377453,0.3924867511,1
1615,609,0.03402119875,0.5120172501,1
1615,641,0.3281464875,0.7047460079,1
1615,673,0.5755389929,0.38547948,1
1615,705,0.5618479252,-0.1570269763,1
1615,737,0.245988965,0.2491410375,1
1615,769,-0.1826488972,0.9298353195,1
1615,801,-0.3683511615,1.631399393,1
1615,833,0.0785087049,0.4926809072,1
1615,865,0.4503977895,0.2955418527,1
1615,897,0.5825554132,0.1826455444,1
1615,929,0.6621477008,-0.4403573871,1
1615,961,0.5630784035,-1.149091721,1
1615,993,1.882131457,-0.9430905581,1
1615,1025,2.606272221,-1.291052341,1
1615,1057,1.360707641,-1.48560214,1
1615,1089,0.9801988602,-1.644329548,1
1615,1121,1.085740924,-1.76335454,1
1615,1153,NaN,NaN,0
1615,1185,NaN,NaN,0
1615,1217,NaN,NaN,0
1615,1249,NaN,NaN,0
1615,1281,NaN,NaN,0
1615,1313,NaN,NaN,0
1615,1345,NaN,NaN,0
1615,1377,NaN,NaN,0
1615,1409,NaN,NaN,0
1615,1441,NaN,NaN,0
1615,1473,NaN,NaN,0
1615,1505,NaN,NaN,0
1615,1537,NaN,NaN,0
1615,1569,NaN,NaN,0
1615,1601,NaN,NaN,0
1615,1633,NaN,NaN,0
1615,1665,NaN,NaN,0
1615,1697,NaN,NaN,0
1615,1729,NaN,NaN,0
1615,1761,NaN,NaN,0
1615,1793,NaN,NaN,0
1615,1825,NaN,NaN,0
1615,1857,NaN,NaN,0
1615,1889,NaN,NaN,0
1615,1921,NaN,NaN,0
1615,1953,NaN,NaN,0
1615,1985,NaN,NaN,0
1615,2017,NaN,NaN,0
1647,33,NaN,NaN,0
1647,65,NaN,NaN,0
1647,97,NaN,NaN,0
1647,129,NaN,NaN,0
1647,161,NaN,NaN,0
1647,193,NaN,NaN,0
1647,225,NaN,NaN,0
1647,257,NaN,NaN,0
1647,289,NaN,NaN,0
1647,321,NaN,NaN,0
1647,353,NaN,NaN,0
1647,385,NaN,NaN,0
1647,417,NaN,NaN,0
1647,449,NaN,NaN,0
1647,481,NaN,NaN,0
1647,513,0.6298776269,0.7246108055,1
1647,545,0.5035917163,0.581166625,1
1647,577,-0.2960892916,1.37313962,1
1647,609,-0.4489713609,0.9556736946,1
1647,641,-0.1579560339,0.7224394679,1
1647,673,-0.08371844888,0.08976578712,1
1647,705,0.2160911858,-1.317588568,1
1647,737,0.01624244452,-0.4975423515,1
1647,769,NaN,NaN,0
1647,801,NaN,NaN,0
1647,833,NaN,NaN,0
1647,865,0.358379364,0.3498132229,1
1647,897,0.7079668641,0.3643158078,1
1647,929,0.8397894502,-0.07028446347,1
1647,961,0.5340045691,-0.441174835,1
1647,993,1.415504217,0.03218364716,1
1647,1025,2.37906146,0.2592955828,1
1647,1057,1.6440593,-0.8766233921,1
1647,1089,NaN,NaN,0
1647,1121,NaN,NaN,0
1647,1153,NaN,NaN,0
1647,1185,NaN,NaN,0
1647,1217,NaN,NaN,0
1647,1249,NaN,NaN,0
1647,1281,NaN,NaN,0
1647,1313,NaN,NaN,0
1647,1345,NaN,NaN,0
1647,1377,NaN,NaN,0
1647,1409,NaN,NaN,0
1647,1441,NaN,NaN,0
1647,1473,NaN,NaN,0
1647,1505,NaN,NaN,0
1647,1537,NaN,NaN,0
1647,1569,NaN,NaN,0
1647,1601,NaN,NaN,0
1647,1633,NaN,NaN,0
1647,1665,NaN,NaN,0
1647,1697,NaN,NaN,0
1647,1729,NaN,NaN,0
1647,1761,NaN,NaN,0
1647,1793,NaN,NaN,0
1647,1825,NaN,NaN,0
1647,1857,NaN,NaN,0
1647,1889,NaN,NaN,0
1647,1921,NaN,NaN,0
1647,1953,NaN,NaN,0
1647,1985,NaN,NaN,0
1647,2017,NaN,NaN,0
1679,33,NaN,NaN,0
1679,65,NaN,NaN,0
1679,97,NaN,NaN,0
1679,129,NaN,NaN,0
1679,161,NaN,NaN,0
1679,193,NaN,NaN,0
1679,225,NaN,NaN,0
1679,257,NaN,NaN,0
1679,289,NaN,NaN,0
1679,321,NaN,NaN,0
1679,353,NaN,NaN,0
1679,385,NaN,NaN,0
1679,417,NaN,NaN,0
1679,449,NaN,NaN,0
1679,481,NaN,NaN,0
1679,513,NaN,NaN,0
1679,545,NaN,NaN,0
1679,577,0.3594370484,1.105512142,1
1679,609,0.2512122989,0.4430820346,1
1679,641,-0.3125484586,0.1014418304,1
1679,673,0.2678642273,0.1640323997,1
1679,705,0.4079394042,-0.1874331534,1
1679,737,NaN,NaN,0
1679,769,NaN,NaN,0
1679,801,NaN,NaN,0
1679,833,NaN,NaN,0
1679,865,NaN,NaN,0
1679,897,NaN,NaN,0
1679,929,NaN,NaN,0
1679,961,0.8869769573,0.6091818213,1
1679,993,1.07705152,0.06849980354,1
1679,1025,NaN,NaN,0
1679,1057,NaN,NaN,0
1679,1089,NaN,NaN,0
1679,1121,NaN,NaN,0
1679,1153,NaN,NaN,0
1679,1185,NaN,NaN,0
1679,1217,NaN,NaN,0
1679,1249,NaN,NaN,0
1679,1281,NaN,NaN,0
1679,1313,NaN,NaN,0
1679,1345,NaN,NaN,0
1679,1377,NaN,NaN,0
1679,1409,NaN,NaN,0
1679,1441,NaN,NaN,0
1679,1473,NaN,NaN,0
1679,1505,NaN,NaN,0
1679,1537,NaN,NaN,0
1679,1569,NaN,NaN,0
1679,1601,NaN,NaN,0
1679,1633,NaN,NaN,0
1679,1665,NaN,NaN,0
1679,1697,NaN,NaN,0
1679,1729,NaN,NaN,0
1679,1761,NaN,NaN,0
1679,1793,NaN,NaN,0
1679,1825,NaN,NaN,0
1679,1857,NaN,NaN,0
1679,1889,NaN,NaN,0
1679,1921,NaN,NaN,0
1679,1953,NaN,NaN,0
1679,1985,NaN,NaN,0
1679,2017,NaN,NaN,0
1711,33,NaN,NaN,0
1711,65,NaN,NaN,0
1711,97,NaN,NaN,0
1711,129,NaN,NaN,0
1711,161,NaN,NaN,0
1711,193,NaN,NaN,0
1711,225,NaN,NaN,0
1711,257,NaN,NaN,0
1711,289,NaN,NaN,0
1711,321,NaN,NaN,0
1711,353,NaN,NaN,0
1711,385,NaN,NaN,0
1711,417,NaN,NaN,0
1711,449,NaN,NaN,0
1711,481,NaN,NaN,0
1711,513,NaN,NaN,0
1711,545,NaN,NaN,0
1711,577,NaN,NaN,0
1711,609,NaN,NaN,0
1711,641,NaN,NaN,0
1711,673,NaN,NaN,0
1711,705,NaN,NaN,0
1711,737,NaN,NaN,0
1711,769,NaN,NaN,0
1711,801,NaN,NaN,0
1711,833,NaN,NaN,0
1711,865,NaN,NaN,0
1711,897,NaN,NaN,0
1711,929,NaN,NaN,0
1711,961,NaN,NaN,0
1711,993,NaN,NaN,0
1711,1025,NaN,NaN,0
1711,1057,NaN,NaN,0
1711,1089,NaN,NaN,0
1711,1121,NaN,NaN,0
1711,1153,NaN,NaN,0
1711,1185,NaN,NaN,0
1711,1217,NaN,NaN,0
1711,1249,NaN,NaN,0
1711,1281,NaN,NaN,0
1711,1313,NaN,NaN,0
1711,1345,NaN,NaN,0
1711,1377,NaN,NaN,0
1711,1409,NaN,NaN,0
1711,1441,NaN,NaN,0
1711,1473,NaN,NaN,0
1711,1505,NaN,NaN,0
1711,1537,NaN,NaN,0
1711,1569,NaN,NaN,0
1711,1601,NaN,NaN,0
1711,1633,NaN,NaN,0
1711,1665,NaN,NaN,0
1711,1697,NaN,NaN,0
1711,1729,NaN,NaN,0
1711,1761,NaN,NaN,0
1711,1793,NaN,NaN,0
1711,1825,NaN,NaN,0
1711,1857,NaN,NaN,0
1711,1889,NaN,NaN,0
1711,1921,NaN,NaN,0
1711,1953,NaN,NaN,0
1711,1985,NaN,NaN,0
1711,2017,NaN,NaN,0
1743,33,NaN,NaN,0
1743,65,NaN,NaN,0
1743,97,NaN,NaN,0
1743,129,NaN,NaN,0
1743,161,NaN,NaN,0
1743,193,NaN,NaN,0
1743,225,NaN,NaN,0
1743,257,NaN,NaN,0
1743,289,NaN,NaN,0
1743,321,NaN,NaN,0
1743,353,NaN,NaN,0
1743,385,NaN,NaN,0
1743,417,NaN,NaN,0
1743,449,NaN,NaN,0
1743,481,NaN,NaN,0
1743,513,NaN,NaN,0
1743,545,NaN,NaN,0
1743,577,NaN,NaN,0
1743,609,NaN,NaN,0
1743,641,NaN,NaN,0
1743,673,NaN,NaN,0
1743,705,NaN,NaN,0
1743,737,NaN,NaN,0
1743,769,NaN,NaN,0
1743,801,NaN,NaN,0
1743,833,NaN,NaN,0
1743,865,NaN,NaN,0
1743,897,NaN,NaN,0
1743,929,NaN,NaN,0
1743,961,NaN,NaN,0
1743,993,NaN,NaN,0
1743,1025,NaN,NaN,0
1743,1057,NaN,NaN,0
1743,1089,NaN,NaN,0
1743,1121,NaN,NaN,0
1743,1153,NaN,NaN,0
1743,1185,NaN,NaN,0
1743,1217,NaN,NaN,0
1743,1249,NaN,NaN,0
1743,1281,NaN,NaN,0
1743,1313,NaN,NaN,0
1743,1345,NaN,NaN,0
1743,1377,NaN,NaN,0
1743,1409,NaN,NaN,0
1743,1441,NaN,NaN,0
1743,1473,NaN,NaN,0
1743,1505,NaN,NaN,0
1743,1537,NaN,NaN,0
1743,1569,NaN,NaN,0
1743,1601,NaN,NaN,0
1743,1633,NaN,NaN,0
1743,1665,NaN,NaN,0
1743,1697,NaN,NaN,0
1743,1729,NaN,NaN,0
1743,1761,NaN,NaN,0
1743,1793,NaN,NaN,0
1743,1825,NaN,NaN,0
1743,1857,NaN,NaN,0
1743,1889,NaN,NaN,0
1743,1921,NaN,NaN,0
1743,1953,NaN,NaN,0
1743,1985,NaN,NaN,0
1743,2017,NaN,NaN,0
1775,33,NaN,NaN,0
1775,65,NaN,NaN,0
1775,97,NaN,NaN,0
1775,129,NaN,NaN,0
1775,161,NaN,NaN,0
1775,193,NaN,NaN,0
1775,225,NaN,NaN,0
1775,257,NaN,NaN,0
1775,289,NaN,NaN,0
1775,321,NaN,NaN,0
1775,353,NaN,NaN,0
1775,385,NaN,NaN,0
1775,417,NaN,NaN,0
1775,449,NaN,NaN,0
1775,481,NaN,NaN,0
1775,513,NaN,NaN,0
1775,545,NaN,NaN,0
1775,577,NaN,NaN,0
1775,609,NaN,NaN,0
1775,641,NaN,NaN,0
1775,673,NaN,NaN,0
1775,705,NaN,NaN,0
1775,737,NaN,NaN,0
1775,769,NaN,NaN,0
1775,801,NaN,NaN,0
1775,833,NaN,NaN,0
1775,865,NaN,NaN,0
1775,897,NaN,NaN,0
1775,929,NaN,NaN,0
1775,961,NaN,NaN,0
1775,993,NaN,NaN,0
1775,1025,NaN,NaN,0
1775,1057,NaN,NaN,0
1775,1089,NaN,NaN,0
1775,1121,NaN,NaN,0
1775,1153,NaN,NaN,0
1775,1185,NaN,NaN,0
1775,1217,NaN,NaN,0
1775,1249,NaN,NaN,0
1775,1281,NaN,NaN,0
1775,1313,NaN,NaN,0
1775,1345,NaN,NaN,0
1775,1377,NaN,NaN,0
1775,1409,NaN,NaN,0
1775,1441,NaN,NaN,0
1775,1473,NaN,NaN,0
1775,1505,NaN,NaN,0
1775,1537,NaN,NaN,0
1775,1569,NaN,NaN,0
1775,1601,NaN,NaN,0
1775,1633,NaN,NaN,0
1775,1665,NaN,NaN,0
1775,1697,NaN,NaN,0
1775,1729,NaN,NaN,0
1775,1761,NaN,NaN,0
1775,1793,NaN,NaN,0
1775,1825,NaN,NaN,0
1775,1857,NaN,NaN,0
1775,1889,NaN,NaN,0
1775,1921,NaN,NaN,0
1775,1953,NaN,NaN,0
1775,1985,NaN,NaN,0
1775,2017,NaN,NaN,0
1807,33,NaN,NaN,0
1807,65,NaN,NaN,0
1807,97,NaN,NaN,0
1807,129,NaN,NaN,0
1807,161,NaN,NaN,0
1807,193,NaN,NaN,0
1807,225,NaN,NaN,0
1807,257,NaN,NaN,0
1807,289,NaN,NaN,0
1807,321,NaN,NaN,0
1807,353,NaN,NaN,0
1807,385,NaN,NaN,0
1807,417,NaN,NaN,0
1807,449,NaN,NaN,0
1807,481,NaN,NaN,0
1807,513,NaN,NaN,0
1807,545,NaN,NaN,0
1807,577,NaN,NaN,0
1807,609,NaN,NaN,0
1807,641,NaN,NaN,0
1807,673,NaN,NaN,0
1807,705,NaN,NaN,0
1807,737,NaN,NaN,0
1807,769,NaN,NaN,0
1807,801,NaN,NaN,0
1807,833,NaN,NaN,0
1807,865,NaN,NaN,0
1807,897,NaN,NaN,0
1807,929,NaN,NaN,0
1807,961,NaN,NaN,0
1807,993,NaN,NaN,0
1807,1025,NaN,NaN,0
1807,1057,NaN,NaN,0
1807,1089,NaN,NaN,0
1807,1121,NaN,NaN,0
1807,1153,NaN,NaN,0
1807,1185,NaN,NaN,0
1807,1217,NaN,NaN,0
1807,1249,NaN,NaN,0
1807,1281,NaN,NaN,0
1807,1313,NaN,NaN,0
1807,1345,NaN,NaN,0
1807,1377,NaN,NaN,0
1807,1409,NaN,NaN,0
1807,1441,NaN,NaN,0
1807,1473,NaN,NaN,0
1807,1505,NaN,NaN,0
1807,1537,NaN,NaN,0
1807,1569,NaN,NaN,0
1807,1601,NaN,NaN,0
1807,1633,NaN,NaN,0
1807,1665,NaN,NaN,0
1807,1697,NaN,NaN,0
1807,1729,NaN,NaN,0
1807,1761,NaN,NaN,0
1807,1793,NaN,NaN,0
1807,1825,NaN,NaN,0
1807,1857,NaN,NaN,0
1807,1889,NaN,NaN,0
1807,1921,NaN,NaN,0
1807,1953,NaN,NaN,0
1807,1985,NaN,NaN,0
1807,2017,NaN,NaN,0
1839,33,NaN,NaN,0
1839,65,NaN,NaN,0
1839,97,NaN,NaN,0
1839,129,NaN,NaN,0
1839,161,NaN,NaN,0
1839,193,NaN,NaN,0
1839,225,NaN,NaN,0
1839,257,NaN,NaN,0
1839,289,NaN,NaN,0
1839,321,NaN,NaN,0
1839,353,NaN,NaN,0
1839,385,NaN,NaN,0
1839,417,NaN,NaN,0
1839,449,NaN,NaN,0
1839,481,NaN,NaN,0
1839,513,NaN,NaN,0
1839,545,NaN,NaN,0
1839,577,NaN,NaN,0
1839,609,NaN,NaN,0
1839,641,NaN,NaN,0
1839,673,NaN,NaN,0
1839,705,NaN,NaN,0
1839,737,NaN,NaN,0
1839,769,NaN,NaN,0
1839,801,NaN,NaN,0
1839,833,NaN,NaN,0
1839,865,NaN,NaN,0
1839,897,NaN,NaN,0
1839,929,NaN,NaN,0
1839,961,NaN,NaN,0
1839,993,NaN,NaN,0
1839,1025,NaN,NaN,0
1839,1057,NaN,NaN,0
1839,1089,NaN,NaN,0
1839,1121,NaN,NaN,0
1839,1153,NaN,NaN,0
1839,1185,NaN,NaN,0
1839,1217,NaN,NaN,0
1839,1249,NaN,NaN,0
1839,1281,NaN,NaN,0
1839,1313,NaN,NaN,0
1839,1345,NaN,NaN,0
1839,1377,NaN,NaN,0
1839,1409,NaN,NaN,0
1839,1441,NaN,NaN,0
1839,1473,NaN,NaN,0
1839,1505,NaN,NaN,0
1839,1537,NaN,NaN,0
1839,1569,NaN,NaN,0
1839,1601,NaN,NaN,0
1839,1633,NaN,NaN,0
1839,1665,NaN,NaN,0
1839,1697,NaN,NaN,0
1839,1729,NaN,NaN,0
1839,1761,NaN,NaN,0
1839,1793,NaN,NaN,0
1839,1825,NaN,NaN,0
1839,1857,NaN,NaN,0
1839,1889,NaN,NaN,0
1839,1921,NaN,NaN,0
1839,1953,NaN,NaN,0
1839,1985,NaN,NaN,0
1839,2017,NaN,NaN,0
1871,33,NaN,NaN,0
1871,65,NaN,NaN,0
1871,97,NaN,NaN,0
1871,129,NaN,NaN,0
1871,161,NaN,NaN,0
1871,193,NaN,NaN,0
1871,225,NaN,NaN,0
1871,257,NaN,NaN,0
1871,289,NaN,NaN,0
1871,321,NaN,NaN,0
1871,353,NaN,NaN,0
1871,385,NaN,NaN,0
1871,417,NaN,NaN,0
1871,449,NaN,NaN,0
1871,481,NaN,NaN,0
1871,513,NaN,NaN,0
1871,545,NaN,NaN,0
1871,577,NaN,NaN,0
1871,609,NaN,NaN,0
1871,641,NaN,NaN,0
1871,673,NaN,NaN,0
1871,705,NaN,NaN,0
1871,737,NaN,NaN,0
1871,769,NaN,NaN,0
1871,801,NaN,NaN,0
1871,833,NaN,NaN,0
1871,865,NaN,NaN,0
1871,897,NaN,NaN,0
1871,929,NaN,NaN,0
1871,961,NaN,NaN,0
1871,993,NaN,NaN,0
1871,1025,NaN,NaN,0
1871,1057,NaN,NaN,0
1871,1089,NaN,NaN,0
1871,1121,NaN,NaN,0
1871,1153,NaN,NaN,0
1871,1185,NaN,NaN,0
1871,1217,NaN,NaN,0
1871,1249,NaN,NaN,0
1871,1281,NaN,NaN,0
1871,1313,NaN,NaN,0
1871,1345,NaN,NaN,0
1871,1377,NaN,NaN,0
1871,1409,NaN,NaN,0
1871,1441,NaN,NaN,0
1871,1473,NaN,NaN,0
1871,1505,NaN,NaN,0
1871,1537,NaN,NaN,0
1871,1569,NaN,NaN,0
1871,1601,NaN,NaN,0
1871,1633,NaN,NaN,0
1871,1665,NaN,NaN,0
1871,1697,NaN,NaN,0
1871,1729,NaN,NaN,0
1871,1761,NaN,NaN,0
1871,1793,NaN,NaN,0
1871,1825,NaN,NaN,0
1871,1857,NaN,NaN,0
1871,1889,NaN,NaN,0
1871,1921,NaN,NaN,0
1871,1953,NaN,NaN,0
1871,1985,NaN,NaN,0
1871,2017,NaN,NaN,0
1903,33,NaN,NaN,0
1903,65,NaN,NaN,0
1903,97,NaN,NaN,0
1903,129,NaN,NaN,0
1903,161,NaN,NaN,0
1903,193,NaN,NaN,0
1903,225,NaN,NaN,0
1903,257,NaN,NaN,0
1903,289,NaN,NaN,0
1903,321,NaN,NaN,0
1903,353,NaN,NaN,0
1903,385,NaN,NaN,0
1903,417,NaN,NaN,0
1903,449,NaN,NaN,0
1903,481,NaN,NaN,0
1903,513,NaN,NaN,0
1903,545,NaN,NaN,0
1903,577,NaN,NaN,0
1903,609,NaN,NaN,0
1903,641,NaN,NaN,0
1903,673,NaN,NaN,0
1903,705,NaN,NaN,0
1903,737,NaN,NaN,0
1903,769,NaN,NaN,0
1903,801,NaN,NaN,0
1903,833,NaN,NaN,0
1903,865,NaN,NaN,0
1903,897,NaN,NaN,0
1903,929,NaN,NaN,0
1903,961,NaN,NaN,0
1903,993,NaN,NaN,0
1903,1025,NaN,NaN,0
1903,1057,NaN,NaN,0
1903,1089,NaN,NaN,0
1903,1121,NaN,NaN,0
1903,1153,NaN,NaN,0
1903,1185,NaN,NaN,0
1903,1217,NaN,NaN,0
1903,1249,NaN,NaN,0
1903,1281,NaN,NaN,0
1903,1313,NaN,NaN,0
1903,1345,NaN,NaN,0
1903,1377,NaN,NaN,0
1903,1409,NaN,NaN,0
1903,1441,NaN,NaN,0
1903,1473,NaN,NaN,0
1903,1505,NaN,NaN,0
1903,1537,NaN,NaN,0
1903,1569,NaN,NaN,0
1903,1601,NaN,NaN,0
1903,1633,NaN,NaN,0
1903,1665,NaN,NaN,0
1903,1697,NaN,NaN,0
1903,1729,NaN,NaN,0
1903,1761,NaN,NaN,0
1903,1793,NaN,NaN,0
1903,1825,NaN,NaN,0
1903,1857,NaN,NaN,0
1903,1889,NaN,NaN,0
1903,1921,NaN,NaN,0
1903,1953,NaN,NaN,0
1903,1985,NaN,NaN,0
1903,2017,NaN,NaN,0
1935,33,NaN,NaN,0
1935,65,NaN,NaN,0
1935,97,NaN,NaN,0
1935,129,NaN,NaN,0
1935,161,NaN,NaN,0
1935,193,NaN,NaN,0
1935,225,NaN,NaN,0
1935,257,NaN,NaN,0
1935,289,NaN,NaN,0
1935,321,NaN,NaN,0
1935,353,NaN,NaN,0
1935,385,NaN,NaN,0
1935,417,NaN,NaN,0
1935,449,NaN,NaN,0
1935,481,NaN,NaN,0
1935,513,NaN,NaN,0
1935,545,NaN,NaN,0
1935,577,NaN,NaN,0
1935,609,NaN,NaN,0
1935,641,NaN,NaN,0
1935,673,NaN,NaN,0
1935,705,NaN,NaN,0
1935,737,NaN,NaN,0
1935,769,NaN,NaN,0
1935,801,NaN,NaN,0
1935,833,NaN,NaN,0
1935,865,NaN,NaN,0
1935,897,NaN,NaN,0
1935,929,NaN,NaN,0
1935,961,NaN,NaN,0
1935,993,NaN,NaN,0
1935,1025,NaN,NaN,0
1935,1057,NaN,NaN,0
1935,1089,NaN,NaN,0
1935,1121,NaN,NaN,0
1935,1153,NaN,NaN,0
1935,1185,NaN,NaN,0
1935,1217,NaN,NaN,0
1935,1249,NaN,NaN,0
1935,1281,NaN,NaN,0
1935,1313,NaN,NaN,0
1935,1345,NaN,NaN,0
1935,1377,NaN,NaN,0
1935,1409,NaN,NaN,0
1935,1441,NaN,NaN,0
1935,1473,NaN,NaN,0
1935,1505,NaN,NaN,0
1935,1537,NaN,NaN,0
1935,1569,NaN,NaN,0
1935,1601,NaN,NaN,0
1935,1633,NaN,NaN,0
1935,1665,NaN,NaN,0
1935,1697,NaN,NaN,0
1935,1729,NaN,NaN,0
1935,1761,NaN,NaN,0
1935,1793,NaN,NaN,0
1935,1825,NaN,NaN,0
1935,1857,NaN,NaN,0
1935,1889,NaN,NaN,0
1935,1921,NaN,NaN,0
1935,1953,NaN,NaN,0
1935,1985,NaN,NaN,0
1935,2017,NaN,NaN,0
1967,33,NaN,NaN,0
1967,65,NaN,NaN,0
1967,97,NaN,NaN,0
1967,129,NaN,NaN,0
1967,161,NaN,NaN,0
1967,193,NaN,NaN,0
1967,225,NaN,NaN,0
1967,257,NaN,NaN,0
1967,289,NaN,NaN,0
1967,321,NaN,NaN,0
1967,353,NaN,NaN,0
1967,385,NaN,NaN,0
1967,417,NaN,NaN,0
1967,449,NaN,NaN,0
1967,481,NaN,NaN,0
1967,513,NaN,NaN,0
1967,545,NaN,NaN,0
1967,577,NaN,NaN,0
1967,609,NaN,NaN,0
1967,641,NaN,NaN,0
1967,673,NaN,NaN,0
1967,705,NaN,NaN,0
1967,737,NaN,NaN,0
1967,769,NaN,NaN,0
1967,801,NaN,NaN,0
1967,833,NaN,NaN,0
1967,865,NaN,NaN,0
1967,897,NaN,NaN,0
1967,929,NaN,NaN,0
1967,961,NaN,NaN,0
1967,993,NaN,NaN,0
1967,1025,NaN,NaN,0
1967,1057,NaN,NaN,0
1967,1089,NaN,NaN,0
1967,1121,NaN,NaN,0
1967,1153,NaN,NaN,0
1967,1185,NaN,NaN,0
1967,1217,NaN,NaN,0
1967,1249,NaN,NaN,0
1967,1281,NaN,NaN,0
1967,1313,NaN,NaN,0
1967,1345,NaN,NaN,0
1967,1377,NaN,NaN,0
1967,1409,NaN,NaN,0
1967,1441,NaN,NaN,0
1967,1473,NaN,NaN,0
1967,1505,NaN,NaN,0
1967,1537,NaN,NaN,0
1967,1569,NaN,NaN,0
1967,1601,NaN,NaN,0
1967,1633,NaN,NaN,0
1967,1665,NaN,NaN,0
1967,1697,NaN,NaN,0
1967,1729,NaN,NaN,0
1967,1761,NaN,NaN,0
1967,1793,NaN,NaN,0
1967,1825,NaN,NaN,0
1967,1857,NaN,NaN,0
1967,1889,NaN,NaN,0
1967,1921,NaN,NaN,0
1967,1953,NaN,NaN,0
1967,1985,NaN,NaN,0
1967,2017,NaN,NaN,0
1999,33,NaN,NaN,0
1999,65,NaN,NaN,0
1999,97,NaN,NaN,0
1999,129,NaN,NaN,0
1999,161,NaN,NaN,0
1999,193,NaN,NaN,0
1999,225,NaN,NaN,0
1999,257,NaN,NaN,0
1999,289,NaN,NaN,0
1999,321,NaN,NaN,0
1999,353,NaN,NaN,0
1999,385,NaN,NaN,0
1999,417,NaN,NaN,0
1999,449,NaN,NaN,0
1999,481,NaN,NaN,0
1999,513,NaN,NaN,0
1999,545,NaN,NaN,0
1999,577,NaN,NaN,0
1999,609,NaN,NaN,0
1999,641,NaN,NaN,0
1999,673,NaN,NaN,0
1999,705,NaN,NaN,0
1999,737,NaN,NaN,0
1999,769,NaN,NaN,0
1999,801,NaN,NaN,0
1999,833,NaN,NaN,0
1999,865,NaN,NaN,0
1999,897,NaN,NaN,0
1999,929,NaN,NaN,0
1999,961,NaN,NaN,0
1999,993,NaN,NaN,0
1999,1025,NaN,NaN,0
1999,1057,NaN,NaN,0
1999,1089,NaN,NaN,0
1999,1121,NaN,NaN,0
1999,1153,NaN,NaN,0
1999,1185,NaN,NaN,0
1999,1217,NaN,NaN,0
1999,1249,NaN,NaN,0
1999,1281,NaN,NaN,0
1999,1313,NaN,NaN,0
1999,1345,NaN,NaN,0
1999,1377,NaN,NaN,0
1999,1409,NaN,NaN,0
1999,1441,NaN,NaN,0
1999,1473,NaN,NaN,0
1999,1505,NaN,NaN,0
1999,1537,NaN,NaN,0
1999,1569,NaN,NaN,0
1999,1601,NaN,NaN,0
1999,1633,NaN,NaN,0
1999,1665,NaN,NaN,0
1999,1697,NaN,NaN,0
1999,1729,NaN,NaN,0
1999,1761,NaN,NaN,0
1999,1793,NaN,NaN,0
1999,1825,NaN,NaN,0
1999,1857,NaN,NaN,0
1999,1889,NaN,NaN,0
1999,1921,NaN,NaN,0
1999,1953,NaN,NaN,0
1999,1985,NaN,NaN,0
1999,2017,NaN,NaN,0
