PIVlab, ASCII chart output - 21-Nov-2024
FRAME: 46, filenames: A:[46]AVI_Pos012_TimeSrs0012_TgUtrmcherry_K4K8MO.avi & B:[47]AVI_Pos012_TimeSrs0012_TgUtrmcherry_K4K8MO.avi, conversion factor xy (px -> m): 1, conversion factor uv (px/frame -> m/s): 1
x [px],y [px],u [px/frame],v [px/frame],Vector type [-]
47,33,NaN,NaN,2
47,65,5.106309414,1.331331491,1
47,97,3.55669117,-1.046617746,1
47,129,3.104117393,-0.7107732296,1
47,161,3.577001572,1.099152327,1
47,193,4.537756443,1.5218575,1
47,225,3.345872879,-0.1327238083,1
47,257,2.29801631,-3.63696003,1
47,289,2.380685329,-4.813887119,1
47,321,2.809038639,-4.936037064,1
47,353,4.066745281,-1.452427626,1
47,385,3.900109529,0.5118962526,1
47,417,2.153748989,0.2690453529,1
47,449,1.416127086,-3.677053928,1
47,481,2.358922482,-1.594590664,1
47,513,3.773164511,-0.8976042271,1
47,545,3.000399113,-0.0297062397,1
47,577,2.962385654,-1.941828609,1
47,609,1.09563446,-1.672223687,1
47,641,-0.07728636265,-0.2285664082,1
47,673,0.382314682,0.9747731686,1
47,705,0.9202144146,-0.2194799185,1
47,737,2.881132841,-2.90136528,1
47,769,1.948159695,-3.831727982,1
47,801,NaN,NaN,2
47,833,NaN,NaN,2
47,865,2.864888191,-1.841306925,1
47,897,4.545948982,-0.3185591698,1
47,929,5.671608925,1.389551878,1
47,961,5.96932745,0.4956103265,1
47,993,5.527071953,0.6017857194,1
47,1025,3.448933601,1.603734732,1
47,1057,4.868562698,-0.6270041466,1
47,1089,5.157842636,0.7890844345,1
47,1121,3.559820175,0.9784551263,1
47,1153,1.981201649,0.5970364213,1
47,1185,2.049083233,-0.3439631462,1
47,1217,1.995422602,-1.109231353,1
47,1249,1.299708247,-0.05138802528,1
47,1281,2.162744761,-1.614225388,1
47,1313,0.5618124008,-2.393161058,1
47,1345,0.5131806135,-2.646798611,1
47,1377,0.5948986411,-2.11958456,1
47,1409,0.9359189272,-0.7350170016,1
47,1441,0.2893401086,0.8598673344,1
47,1473,-1.541757464,2.633802414,1
47,1505,-1.414917111,1.309852004,1
47,1537,NaN,NaN,2
47,1569,NaN,NaN,2
47,1601,NaN,NaN,2
47,1633,NaN,NaN,2
47,1665,0.1903495789,-4.237129211,1
47,1697,-1.307562351,-3.223161697,1
47,1729,-2.854318857,0.08789652586,1
47,1761,-2.772201538,0.5957390666,1
47,1793,-1.815163612,-0.503090024,1
47,1825,NaN,NaN,2
47,1857,0.4903140664,-2.405485392,1
47,1889,0.1857818961,-1.811166883,1
47,1921,0.1227998734,-3.24917078,1
47,1953,-2.411374569,-3.582495928,1
47,1985,-3.629335403,-0.8607396483,1
47,2017,-2.98528409,0.2842512131,1
79,33,0.263566494,0.7257295847,1
79,65,2.203676462,1.082621574,1
79,97,1.932301521,1.209383607,1
79,129,1.33609724,0.465208739,1
79,161,1.509729385,1.091804743,1
79,193,1.476226568,0.2234289646,1
79,225,1.009698153,-2.448186874,1
79,257,1.280677438,-3.665769577,1
79,289,1.839925051,-3.861111879,1
79,321,2.498896599,-3.106652498,1
79,353,2.900167465,-0.3896970749,1
79,385,2.956202984,0.4113035202,1
79,417,2.923491716,-1.256662846,1
79,449,1.386019945,-1.891120672,1
79,481,0.9035890102,-1.214621663,1
79,513,0.9786868095,-0.953317523,1
79,545,0.2435357571,-1.227021813,1
79,577,0.1701283455,-2.20363307,1
79,609,0.1013687849,-3.561017036,1
79,641,3.244469166,0.9880940914,1
79,673,3.148913622,0.4287381172,1
79,705,2.08843565,-1.844703555,1
79,737,1.968820095,-4.295983315,1
79,769,0.9505155087,-2.651342869,1
79,801,1.078140616,-2.498358727,1
79,833,2.072832346,-0.9300028682,1
79,865,1.087346435,-3.519286633,1
79,897,2.300002337,0.002693295479,1
79,929,3.634423733,1.54833889,1
79,961,4.912573814,0.4091534019,1
79,993,3.815299511,0.2526012659,1
79,1025,4.129435062,0.2074835598,1
79,1057,4.010839462,0.8045175076,1
79,1089,2.087858677,1.349814653,1
79,1121,2.786911964,-0.03461015224,1
79,1153,1.942654371,-0.2999618649,1
79,1185,1.410719156,-0.4652607441,1
79,1217,0.9966636896,-0.6285520792,1
79,1249,0.4753184915,0.04439842701,1
79,1281,0.2481787205,0.5453858972,1
79,1313,-0.7501640916,1.276257992,1
79,1345,-1.225565434,0.7411441803,1
79,1377,-1.281385899,-0.2772800028,1
79,1409,0.1257084012,0.09461848438,1
79,1441,1.323791027,3.845527649,1
79,1473,0.2379731834,1.351597905,1
79,1505,-1.464470387,0.6539925337,1
79,1537,-2.197481394,-0.7894220352,1
79,1569,-1.145881653,-0.6539173722,1
79,1601,0.2310990095,-2.188286781,1
79,1633,0.02791440487,-2.695098877,1
79,1665,3.187720776,-2.234094143,1
79,1697,1.112383008,-1.397336483,1
79,1729,-0.4955733418,-0.2759707272,1
79,1761,0.0834274292,0.9167766571,1
79,1793,0.2428966165,1.088070989,1
79,1825,2.838070393,-2.578644037,1
79,1857,1.398678899,-1.378851771,1
79,1889,1.076191187,-1.235218644,1
79,1921,0.7805899382,-3.06825757,1
79,1953,0.400914073,-3.37194705,1
79,1985,-0.718875885,-0.4131695032,1
79,2017,-0.2928587794,-1.148727179,1
111,33,0.07472032309,-0.4196696281,1
111,65,0.5719434619,0.449626863,1
111,97,0.6165181398,0.9100756049,1
111,129,0.1374207139,1.239485979,1
111,161,NaN,NaN,2
111,193,0.4742552638,-3.020418644,1
111,225,0.4544643462,-4.023924828,1
111,257,0.5143740773,-3.779433489,1
111,289,0.7583972216,-3.405807257,1
111,321,1.091030717,-2.555429935,1
111,353,1.884128332,-2.281090021,1
111,385,2.414356709,-2.14540267,1
111,417,3.404486895,-2.013960838,1
111,449,1.635844111,-1.35360837,1
111,481,0.9739478827,-0.7367800474,1
111,513,0.8031808734,-0.6728887558,1
111,545,1.262909889,-1.802122235,1
111,577,0.7282139063,-3.565984249,1
111,609,0.2388601303,-2.565874815,1
111,641,3.317680359,-0.856847167,1
111,673,4.10084343,-0.9418511391,1
111,705,2.762489319,-3.434041023,1
111,737,3.276525021,-4.463730812,1
111,769,4.12929821,-2.651829481,1
111,801,2.903559208,-1.868849039,1
111,833,0.3401432037,-2.307226658,1
111,865,1.746832967,-0.7124311924,1
111,897,1.767224789,-0.300331533,1
111,929,2.149125099,-0.2530651689,1
111,961,2.727415323,-0.6022365093,1
111,993,3.0402565,-0.9179062247,1
111,1025,5.279957771,0.02905777097,1
111,1057,4.681023598,0.4738000035,1
111,1089,2.710601807,-0.3178915977,1
111,1121,2.97089529,-0.7909594774,1
111,1153,1.88795054,-0.9976965785,1
111,1185,0.9767118692,-1.078920126,1
111,1217,0.5013455749,-1.520862579,1
111,1249,0.115773499,-1.267491817,1
111,1281,-0.8757871389,0.8186408877,1
111,1313,-0.2332367897,1.552950501,1
111,1345,-0.1913445443,1.595321655,1
111,1377,-0.1455637664,0.6086426973,1
111,1409,-0.4973936081,0.3852265775,1
111,1441,0.7162059546,1.187336683,1
111,1473,1.431613922,0.6754373312,1
111,1505,0.1664102077,-0.2527397871,1
111,1537,0.3264859915,-1.169642568,1
111,1569,-0.7616288662,-0.413880825,1
111,1601,0.8150866032,-0.7378029823,1
111,1633,1.465733647,-0.8108688593,1
111,1665,1.846652985,-0.8689220548,1
111,1697,2.237602234,-1.193910718,1
111,1729,1.42793417,1.217993617,1
111,1761,1.551972985,3.675617933,1
111,1793,0.9495221376,0.7721760273,1
111,1825,3.665055275,-2.725203276,1
111,1857,2.913751125,-1.914727092,1
111,1889,1.535607934,0.2492091656,1
111,1921,0.4464091063,-2.20893693,1
111,1953,NaN,NaN,2
111,1985,0.472573638,0.1332933009,1
111,2017,-0.1722435206,-0.7431255579,1
143,33,1.850859404,0.2186073065,1
143,65,0.9085965157,0.3636578619,1
143,97,0.4351403117,0.3237608671,1
143,129,-0.09581547976,1.356060028,1
143,161,-2.995497465,-0.2371001244,1
143,193,-1.46714592,-5.486943245,1
143,225,NaN,NaN,2
143,257,0.7484017015,-3.373532295,1
143,289,0.5032638311,-2.796923876,1
143,321,0.7586224079,-2.476849079,1
143,353,1.305587888,-0.3634421825,1
143,385,0.9753564596,-2.217043638,1
143,417,2.863200903,-2.809712887,1
143,449,3.454366684,-1.776281834,1
143,481,1.698146105,-0.6179282665,1
143,513,1.277338505,-1.802389622,1
143,545,1.377080202,-2.231548786,1
143,577,1.727818966,-2.746762753,1
143,609,2.108653069,-1.972086906,1
143,641,2.334575891,-1.275012732,1
143,673,2.571357489,-1.424068332,1
143,705,2.578373432,-2.705657482,1
143,737,3.121446133,-2.209783077,1
143,769,3.812322855,-1.947337508,1
143,801,3.72873354,-1.510240436,1
143,833,2.925343513,-1.2040627,1
143,865,2.184239388,-0.7025152445,1
143,897,1.613909125,-0.692369163,1
143,929,1.721945047,-0.580342412,1
143,961,2.023347855,-0.8020416498,1
143,993,2.497795582,-0.637155652,1
143,1025,3.936104774,-0.05462086201,1
143,1057,4.296663284,-0.2635551393,1
143,1089,3.400321722,-1.629047871,1
143,1121,2.719575644,-1.686178088,1
143,1153,1.552244067,-2.197110653,1
143,1185,0.1443190575,-2.220532894,1
143,1217,0.2850169539,-2.10969305,1
143,1249,0.1075231433,-1.860375285,1
143,1281,-0.01051414013,0.4793796539,1
143,1313,0.3542770743,1.337700129,1
143,1345,0.2100640833,1.733098149,1
143,1377,-0.1075457186,0.9131079912,1
143,1409,0.1896230429,2.369675636,1
143,1441,0.441565156,1.176498652,1
143,1473,1.964226365,0.9045965672,1
143,1505,1.375620842,0.7530828118,1
143,1537,0.7609777451,-0.2682137191,1
143,1569,-0.443520546,1.08311379,1
143,1601,1.803130627,0.6122146845,1
143,1633,2.16862011,0.06490382552,1
143,1665,2.512262583,-0.131496191,1
143,1697,2.099016905,0.3370022774,1
143,1729,3.340974808,2.163685083,1
143,1761,4.207389832,3.940041065,1
143,1793,2.295637608,1.494996309,1
143,1825,3.432337284,-2.442498684,1
143,1857,1.570409298,-1.801360846,1
143,1889,-0.04636764526,-0.8092963696,1
143,1921,0.3584752083,-0.8725461364,1
143,1953,0.971919179,-0.6012936831,1
143,1985,0.4412004352,0.9700428247,1
143,2017,-0.3887794018,-0.3599922657,1
175,33,4.558684826,0.7867637277,1
175,65,2.11918211,0.1363385469,1
175,97,1.987585425,-1.166584373,1
175,129,1.306683779,-1.669513822,1
175,161,-2.461372852,-2.511911631,1
175,193,-1.716802359,-3.441409111,1
175,225,0.02965006232,-3.818228245,1
175,257,0.46336025,-3.134797096,1
175,289,0.3833104372,-3.172841072,1
175,321,0.3958908916,-3.38368392,1
175,353,0.7010145187,-0.8872303963,1
175,385,1.227587938,-2.916449547,1
175,417,1.982733727,-2.991414547,1
175,449,2.720557928,-2.39740634,1
175,481,4.20009613,-0.8955600262,1
175,513,3.219098091,-1.968732238,1
175,545,3.080186844,-1.99585557,1
175,577,4.398181915,-1.250336647,1
175,609,NaN,NaN,2
175,641,2.386882305,0.6106005907,1
175,673,1.357394457,-1.745515585,1
175,705,1.696882725,-2.210416555,1
175,737,1.757138014,-1.981100202,1
175,769,4.107172489,-1.391248465,1
175,801,5.035160542,-0.3960834742,1
175,833,4.152655602,0.3854937553,1
175,865,3.297784567,-0.3375541568,1
175,897,2.304444075,-0.7804432511,1
175,929,1.762585163,-0.7633576989,1
175,961,1.875317097,-0.6335345507,1
175,993,1.993890285,-0.7398620844,1
175,1025,2.477604389,-0.6071481109,1
175,1057,3.126170874,-0.2516057789,1
175,1089,3.331136942,-0.9023046494,1
175,1121,3.381770849,-0.8967810869,1
175,1153,1.31800127,-1.369971037,1
175,1185,0.4653317332,-1.627549887,1
175,1217,0.3526959419,-1.67650187,1
175,1249,0.2620583773,-1.360311985,1
175,1281,1.974364758,-0.2723340988,1
175,1313,0.6652770042,0.8265744448,1
175,1345,0.4438644648,1.356615543,1
175,1377,0.2853792906,0.9266704917,1
175,1409,0.7326774597,3.331119061,1
175,1441,0.4754858911,1.966277361,1
175,1473,1.743004084,2.977313519,1
175,1505,3.073886395,2.334483624,1
175,1537,1.865239382,1.042915106,1
175,1569,1.846627116,-0.4810195565,1
175,1601,3.401694059,-1.081695557,1
175,1633,NaN,NaN,2
175,1665,4.674171448,-0.2957913876,1
175,1697,2.604841709,0.7273091078,1
175,1729,3.525358915,1.84492147,1
175,1761,4.532407761,2.379023552,1
175,1793,1.337028503,-0.7334114909,1
175,1825,1.172313571,-1.172816277,1
175,1857,-0.2730877399,-1.775507689,1
175,1889,-0.4702143967,-0.2791594267,1
175,1921,-0.1617802978,-1.376942635,1
175,1953,NaN,NaN,2
175,1985,-1.79237473,0.18860057,1
175,2017,-1.832166672,-0.49416399,1
207,33,3.05498147,0.9650820494,1
207,65,3.222933531,-0.2232544422,1
207,97,3.41429472,-1.128652096,1
207,129,4.294061661,-3.153207064,1
207,161,1.197260261,-3.274389982,1
207,193,0.4774933457,-3.553759336,1
207,225,-0.3003394008,-3.534409046,1
207,257,0.4086789489,-3.140859604,1
207,289,0.8100943565,-3.718107462,1
207,321,0.8478274345,-4.382927895,1
207,353,0.09494793415,-5.310492992,1
207,385,1.864978075,-5.502526283,1
207,417,2.376368761,-4.182543755,1
207,449,NaN,NaN,2
207,481,3.966282606,-1.971033573,1
207,513,4.181101322,-1.888260007,1
207,545,4.189732075,-1.626065135,1
207,577,4.720663548,-1.517952442,1
207,609,6.156947136,-1.589476705,1
207,641,3.80390954,-0.7561092377,1
207,673,2.001499176,-1.855638862,1
207,705,1.806696415,-1.757330537,1
207,737,2.23332262,-1.991243958,1
207,769,3.874419451,-1.357562423,1
207,801,4.752625465,-0.1822212934,1
207,833,3.977485895,0.06194493175,1
207,865,3.38482666,-0.1866284609,1
207,897,4.075328827,-0.5403633714,1
207,929,2.061892033,-0.6051663756,1
207,961,1.775055408,-1.723402262,1
207,993,1.885531545,-1.386461973,1
207,1025,2.291962147,-0.3796691895,1
207,1057,3.206276655,-0.6111698151,1
207,1089,4.459888935,-0.08351719379,1
207,1121,4.804685593,2.671609879,1
207,1153,2.18563509,1.82186842,1
207,1185,1.501878738,-1.188341737,1
207,1217,1.088039517,-2.45146966,1
207,1249,0.2192547321,-2.399148226,1
207,1281,1.136092663,-2.197972775,1
207,1313,2.174762249,-0.3894189,1
207,1345,0.6607465744,0.4212466478,1
207,1377,0.3699689507,1.390908122,1
207,1409,0.5895193815,1.71105504,1
207,1441,0.7635484338,1.481093407,1
207,1473,1.378952265,2.557091713,1
207,1505,1.966687322,1.456862092,1
207,1537,1.060517192,0.2845152617,1
207,1569,0.5976543427,-1.805182695,1
207,1601,0.8348448277,-2.539233208,1
207,1633,1.800585985,-2.537538528,1
207,1665,1.585149646,-0.1071608961,1
207,1697,1.748438478,1.555619836,1
207,1729,2.003253937,2.001235962,1
207,1761,1.877726674,-0.814137578,1
207,1793,1.314642668,-2.088793278,1
207,1825,0.9233474731,-0.9240432978,1
207,1857,0.7347815633,2.170015574,1
207,1889,NaN,NaN,2
207,1921,-0.1935262084,0.09914603829,1
207,1953,-0.3288594782,-1.2993927,1
207,1985,-0.9568370581,-0.5992941856,1
207,2017,-1.517334223,-0.1220600605,1
239,33,4.556906223,0.3771340847,1
239,65,4.387060642,-0.268797189,1
239,97,4.625889778,0.2570679784,1
239,129,1.93198061,0.09164786339,1
239,161,0.9294546843,-2.43633604,1
239,193,1.605221987,-5.068017006,1
239,225,2.521849394,-3.808643103,1
239,257,3.83805418,-3.028110981,1
239,289,1.382630467,-4.33707428,1
239,321,1.055982828,-5.246536732,1
239,353,0.9670208693,-4.972594738,1
239,385,1.525725365,-6.667380333,1
239,417,2.55671382,-7.453850746,1
239,449,3.313094378,-2.303618431,1
239,481,2.884603977,-2.243329287,1
239,513,3.167131186,-0.9854249954,1
239,545,6.210430145,0.6369999647,1
239,577,5.329461098,-1.228792787,1
239,609,4.924316406,-2.182805777,1
239,641,4.603746414,-3.212837696,1
239,673,2.770265818,-5.020284176,1
239,705,1.305167913,-2.239657402,1
239,737,2.380830526,-1.613823771,1
239,769,2.497719526,-0.640822947,1
239,801,1.860503435,-0.5667849779,1
239,833,0.6984729767,-0.6549597383,1
239,865,2.97165513,-1.343622923,1
239,897,3.160454988,0.5527742505,1
239,929,2.2685256,1.707752943,1
239,961,1.111886859,-2.576575279,1
239,993,1.666204095,-1.721017003,1
239,1025,2.936420679,-0.7503876686,1
239,1057,3.260742903,-2.366535425,1
239,1089,6.126765251,0.01301547885,1
239,1121,4.442575455,2.595036268,1
239,1153,2.053675413,1.636977673,1
239,1185,0.9341598749,-1.121986747,1
239,1217,0.857937932,-3.102367878,1
239,1249,0.6340340972,-2.807617903,1
239,1281,1.168014526,-3.143804312,1
239,1313,1.068896055,-1.516324759,1
239,1345,-0.7674620152,-0.3585051298,1
239,1377,-3.074219704,2.561452389,1
239,1409,-0.4733378291,2.606804371,1
239,1441,0.6213558912,1.720053911,1
239,1473,1.418531775,1.590935946,1
239,1505,0.05105030537,0.8355041742,1
239,1537,-1.156206608,-0.1319020391,1
239,1569,0.1313233972,-1.439444065,1
239,1601,-0.1330035925,-0.9123259783,1
239,1633,0.3065240383,-1.218474507,1
239,1665,2.036147118,-0.06749843061,1
239,1697,2.323555946,0.7702194452,1
239,1729,2.270401955,0.3273147941,1
239,1761,2.050200701,-2.828346968,1
239,1793,1.590725422,-2.14066124,1
239,1825,0.8832628727,-0.5660024881,1
239,1857,0.1212048978,3.080292702,1
239,1889,NaN,NaN,2
239,1921,-0.3964041471,0.7474253774,1
239,1953,-0.3421686888,-0.3244870305,1
239,1985,-0.5278889537,-0.3022041321,1
239,2017,-1.060393572,-0.1603335142,1
271,33,3.866560459,-0.2077307701,1
271,65,2.423859358,0.1802358627,1
271,97,2.539843082,1.314254999,1
271,129,NaN,NaN,2
271,161,-2.357412338,2.354903936,1
271,193,1.028649807,-3.963745594,1
271,225,2.21314764,-4.40494442,1
271,257,2.296239376,-2.369115829,1
271,289,0.981978178,-4.570279121,1
271,321,0.3775713444,-6.45886898,1
271,353,1.044918299,-4.74958992,1
271,385,1.889761209,-4.85418129,1
271,417,3.22746563,-3.975152493,1
271,449,3.973442316,-1.144940376,1
271,481,3.120823145,-0.9511759281,1
271,513,2.469571114,-0.6991952658,1
271,545,2.647066116,-0.3858737946,1
271,577,2.975408077,-1.279723763,1
271,609,3.39087677,-2.076402187,1
271,641,3.492029905,-2.543433189,1
271,673,3.219536304,-2.537850142,1
271,705,0.910143137,-2.353199005,1
271,737,1.441279531,-1.670588017,1
271,769,1.109167337,-0.4005511999,1
271,801,-0.7794601917,-0.7508468032,1
271,833,-0.7692694664,-0.9854958057,1
271,865,2.075701714,-1.088276625,1
271,897,1.283609629,-0.006856262684,1
271,929,0.5786411762,-0.3340243101,1
271,961,0.7630752325,-1.615487933,1
271,993,1.959655643,-0.947635293,1
271,1025,2.05408144,-1.286368132,1
271,1057,1.97326088,-1.20868814,1
271,1089,1.771273017,-0.1834900379,1
271,1121,1.320280433,-0.09294307232,1
271,1153,0.8999507427,-0.01811122894,1
271,1185,0.8266731501,-3.775491476,1
271,1217,0.7117435932,-4.458024025,1
271,1249,0.2572312355,-3.62195611,1
271,1281,0.04600572586,-3.436137199,1
271,1313,0.3243250847,-1.514793158,1
271,1345,-0.02028173208,0.574528873,1
271,1377,-0.5704772472,3.16511488,1
271,1409,-0.1376569569,2.867189407,1
271,1441,0.04329290986,1.691462278,1
271,1473,0.01983076334,0.5349518061,1
271,1505,0.5683647394,0.1348654032,1
271,1537,0.5397903919,0.2451600283,1
271,1569,0.4213104248,-0.4208757877,1
271,1601,0.6743595004,-0.5241248608,1
271,1633,1.698843718,0.2898383737,1
271,1665,2.808382034,-0.3963085413,1
271,1697,3.260544777,-0.4509574771,1
271,1729,3.085338593,-0.4634004235,1
271,1761,2.605626822,-1.72568047,1
271,1793,2.014758348,-2.488453865,1
271,1825,1.016607642,-1.536445618,1
271,1857,-0.1846040487,-0.0998801589,1
271,1889,-0.6625814438,2.745517015,1
271,1921,-0.1173232198,0.5838364363,1
271,1953,-0.5708659887,0.3290458024,1
271,1985,-0.9814647436,0.2200140059,1
271,2017,-0.9904071093,-0.1782371998,1
303,33,3.16236496,-0.255408287,1
303,65,1.620059252,0.3392898738,1
303,97,2.010975599,1.92660594,1
303,129,NaN,NaN,2
303,161,-2.7057302,2.6866436,1
303,193,-0.2032966018,-3.436445236,1
303,225,0.3970353007,-6.208716393,1
303,257,NaN,NaN,2
303,289,0.08592501283,-3.764954805,1
303,321,0.02858483791,-5.865039825,1
303,353,1.689689398,-3.689881802,1
303,385,3.500174046,-2.521355867,1
303,417,2.979367733,-1.830112338,1
303,449,2.846558809,-0.1336424351,1
303,481,2.446397781,1.295153737,1
303,513,1.677824736,1.025900602,1
303,545,1.556518912,-0.9425697923,1
303,577,2.359910011,-1.534871101,1
303,609,3.450018406,-2.004471302,1
303,641,4.539261818,-2.452254534,1
303,673,3.695426941,-2.371666908,1
303,705,0.05989480019,-2.188111305,1
303,737,0.8745640516,-1.15594542,1
303,769,1.393364787,-0.2451908588,1
303,801,1.464793444,-0.7859927416,1
303,833,2.04213047,-1.153376102,1
303,865,2.237697124,-0.9944389462,1
303,897,0.7976386547,-0.3136070371,1
303,929,0.5298576355,-1.70166707,1
303,961,1.842998862,-1.806138754,1
303,993,1.939658403,-0.9133342505,1
303,1025,1.381069541,-1.3443923,1
303,1057,0.5124293566,-1.219875216,1
303,1089,-0.6248053908,-0.8365766406,1
303,1121,-0.6915634871,-0.9662200212,1
303,1153,-0.1223170757,-1.199124694,1
303,1185,0.4832884669,-5.473323345,1
303,1217,0.5003539324,-4.701785088,1
303,1249,0.2467020154,-4.135804176,1
303,1281,-1.200017452,-3.591529369,1
303,1313,-0.6199777126,-1.053567648,1
303,1345,0.2412909418,-0.4417066574,1
303,1377,-0.9986618161,-0.0830924511,1
303,1409,-3.073268414,-0.05590450764,1
303,1441,-1.132346034,0.2271731496,1
303,1473,0.02344638109,0.01527842879,1
303,1505,1.03644228,-0.08015906811,1
303,1537,2.091687202,0.4696973562,1
303,1569,0.904025197,0.3166652918,1
303,1601,0.4362125397,-0.4957250655,1
303,1633,1.475161433,0.06662863493,1
303,1665,3.427088022,-0.4691141844,1
303,1697,3.758157253,-0.5098915696,1
303,1729,3.295717239,-0.5859638453,1
303,1761,2.679254293,-1.45207274,1
303,1793,1.671470761,-2.716272593,1
303,1825,0.9895446301,-2.562331915,1
303,1857,1.002395153,-1.524040461,1
303,1889,1.049142838,-1.709797621,1
303,1921,0.7956751585,-0.00626347959,1
303,1953,0.3034622669,0.3729216456,1
303,1985,0.1400359273,0.2547061443,1
303,2017,0.6421387196,-0.9765048027,1
335,33,2.141779423,-0.07171845436,1
335,65,2.717072964,0.2965002656,1
335,97,1.921511173,2.816159487,1
335,129,0.6384664774,1.6652807,1
335,161,-0.6777834296,-1.987226009,1
335,193,-1.232637882,-2.279021502,1
335,225,-0.6475005746,-4.779898643,1
335,257,-1.577968836,-2.414639235,1
335,289,-0.5252861381,-2.502630711,1
335,321,0.2439723015,-3.207500935,1
335,353,1.39720881,-2.219494343,1
335,385,1.938314438,-2.030045986,1
335,417,1.471799374,-1.478862524,1
335,449,1.408149242,-0.4984972477,1
335,481,1.018851995,1.449580312,1
335,513,1.185453534,-0.08455055952,1
335,545,1.726805806,-3.047325611,1
335,577,1.920536041,-1.846589327,1
335,609,2.628866911,-1.568447709,1
335,641,3.328914165,-2.024871588,1
335,673,3.274060965,-2.143620968,1
335,705,1.437741756,-1.717977524,1
335,737,1.548444748,-0.853946805,1
335,769,1.975315809,-0.4750103951,1
335,801,2.760051727,-0.8111407161,1
335,833,3.409161568,-0.1199213266,1
335,865,3.532582283,-0.883964777,1
335,897,2.758607388,-0.9347032309,1
335,929,1.989719868,-0.8355947733,1
335,961,1.263548613,-1.52675271,1
335,993,1.120069981,-1.641162038,1
335,1025,-0.0287001133,-2.052226782,1
335,1057,-0.8783457279,-1.798264027,1
335,1089,-1.580325365,-2.049659729,1
335,1121,-1.264357328,-1.298413038,1
335,1153,0.1955726147,-1.447304845,1
335,1185,0.2636058629,-2.888352394,1
335,1217,1.388937473,-2.967164993,1
335,1249,0.3068341315,-2.494505405,1
335,1281,0.1785097718,-2.870071888,1
335,1313,0.5349183083,-2.245298147,1
335,1345,0.4885559678,-2.133640051,1
335,1377,-1.154851198,-1.693458319,1
335,1409,NaN,NaN,2
335,1441,-0.9278156161,-0.7693657875,1
335,1473,0.1686952114,-0.4896104336,1
335,1505,0.6044533253,-0.5957142115,1
335,1537,0.7498277426,-0.8669644594,1
335,1569,0.3476198912,-0.8224745393,1
335,1601,0.3566420078,-0.8208101392,1
335,1633,1.38474822,-0.1664633751,1
335,1665,2.445303679,-0.06447100639,1
335,1697,2.79868269,-0.2007212639,1
335,1729,2.351840019,0.06008863449,1
335,1761,2.160555124,-0.7366583347,1
335,1793,1.654731274,-1.933028221,1
335,1825,1.457197785,-2.807942867,1
335,1857,4.119008541,-3.45887661,1
335,1889,2.769930601,-6.013573647,1
335,1921,-0.2754654884,-5.130410671,1
335,1953,1.368323565,-0.1006978005,1
335,1985,0.5270854235,0.1279567778,1
335,2017,1.645233154,-1.707183838,1
367,33,1.901382446,0.649849534,1
367,65,1.050086737,0.2615703642,1
367,97,0.5814278126,1.340196848,1
367,129,-0.8998963833,1.287806034,1
367,161,-1.393674135,-0.9333294034,1
367,193,0.1211535335,-3.661462307,1
367,225,-0.3266683221,-4.958390236,1
367,257,-0.6514862776,0.1225420237,1
367,289,-1.022631764,-0.5377972126,1
367,321,-0.6297113299,-2.599161863,1
367,353,0.4102839231,-2.252481937,1
367,385,1.24130702,-2.519817352,1
367,417,1.550979853,-2.270165682,1
367,449,1.142323256,-1.69639039,1
367,481,-0.2228490114,-1.20203352,1
367,513,0.9782603979,-1.297426462,1
367,545,1.73127389,-1.454122186,1
367,577,1.817131639,-1.259150982,1
367,609,2.117322922,-1.66094017,1
367,641,2.519947767,-2.220202446,1
367,673,3.044714451,-2.137129307,1
367,705,2.520962,-1.915854692,1
367,737,1.336902618,-1.034593701,1
367,769,1.706010818,0.01075828075,1
367,801,2.691063404,-1.133914232,1
367,833,3.552857637,-0.8606325388,1
367,865,4.24016571,-1.554745913,1
367,897,3.351045132,-1.05391717,1
367,929,1.743739843,0.1236555576,1
367,961,0.262244463,-1.547643661,1
367,993,0.4006773233,-1.223164558,1
367,1025,-2.378888845,-1.346251011,1
367,1057,-2.646245003,-1.400244951,1
367,1089,-0.9917241335,-1.99273181,1
367,1121,0.650829792,-1.517375588,1
367,1153,1.526419044,-1.517117023,1
367,1185,0.3526656032,-2.044551849,1
367,1217,0.5116602182,-1.645387411,1
367,1249,0.3855837584,-1.75124979,1
367,1281,0.07084658742,-1.805687666,1
367,1313,0.5967047215,-1.760481358,1
367,1345,0.5786859989,-2.125747681,1
367,1377,-0.009084671736,-1.720045686,1
367,1409,0.464345634,-1.865800858,1
367,1441,-1.107590914,-1.476874113,1
367,1473,0.1984442472,-1.104862809,1
367,1505,0.611143291,-1.038822293,1
367,1537,0.3672556877,-1.051978707,1
367,1569,-0.8168228269,-1.174969673,1
367,1601,-0.8461419344,-2.035549402,1
367,1633,1.323437214,-0.2220173031,1
367,1665,1.88867259,-0.5734044909,1
367,1697,1.431501865,-0.4996110201,1
367,1729,0.4630799294,-0.5632383823,1
367,1761,1.317976475,-0.6493074894,1
367,1793,1.863149405,-1.116656423,1
367,1825,2.008071661,-0.4803977013,1
367,1857,5.725367546,-1.924505711,1
367,1889,5.453554153,-5.016522884,1
367,1921,5.229493618,-4.868431091,1
367,1953,NaN,NaN,2
367,1985,1.449169993,0.00298268348,1
367,2017,2.327450037,-1.716148019,1
399,33,1.829684734,0.3471660316,1
399,65,0.6159393787,-0.8390352726,1
399,97,-0.00771099329,-0.1704846025,1
399,129,-0.6764358282,1.457636118,1
399,161,0.1375403404,-0.4723097682,1
399,193,-0.1713192463,-1.006123304,1
399,225,-0.7225549221,-1.569860935,1
399,257,-0.4563733935,-1.47376883,1
399,289,-0.5406802297,-0.2231245041,1
399,321,-0.1763066053,-3.948895693,1
399,353,0.2597335577,-2.314586639,1
399,385,0.5199227333,-2.918922424,1
399,417,1.590920925,-4.320120811,1
399,449,2.140877962,-2.538109779,1
399,481,0.7968249321,-0.9806931019,1
399,513,0.6678628922,-0.9523952007,1
399,545,0.6630182862,-1.265191793,1
399,577,1.047213197,-1.16099298,1
399,609,3.011334896,-1.372523546,1
399,641,2.972854614,-1.588298321,1
399,673,2.061260462,-2.166342258,1
399,705,2.000364304,-2.203194618,1
399,737,1.890993953,-1.354291439,1
399,769,2.188662291,-0.2538331747,1
399,801,2.613413095,-0.8207886219,1
399,833,2.826359272,-1.245855093,1
399,865,2.516127825,-1.288354754,1
399,897,1.359368205,-0.9038898945,1
399,929,0.1112042665,-1.110829353,1
399,961,0.6712100506,-2.515119076,1
399,993,0.7071737051,-0.1062405109,1
399,1025,-2.533608913,0.4495036602,1
399,1057,-1.575281024,0.3637751937,1
399,1089,0.2188940048,-0.38166821,1
399,1121,0.2782545388,-1.057287335,1
399,1153,0.6947225928,-1.584652901,1
399,1185,0.3464584351,-1.475121617,1
399,1217,-0.1802406013,-1.425159574,1
399,1249,0.1614163816,-1.505289078,1
399,1281,0.1469484121,-1.569052458,1
399,1313,-0.1265832484,-1.534903765,1
399,1345,-0.2815629244,-1.264172792,1
399,1377,0.04686409235,-1.25128758,1
399,1409,1.064954281,-1.813560843,1
399,1441,-1.164808512,-1.532938719,1
399,1473,0.4835528731,-1.833350539,1
399,1505,0.9177920818,-1.722165346,1
399,1537,1.170704365,-0.7668739557,1
399,1569,0.8435130119,0.2774444818,1
399,1601,2.047190189,0.2262708843,1
399,1633,3.227596283,0.2290785313,1
399,1665,2.0923419,-0.6843402982,1
399,1697,0.9616932869,-0.8665009737,1
399,1729,0.1547255516,-1.098809481,1
399,1761,2.290924311,-0.9440569878,1
399,1793,2.818834305,-0.8643356562,1
399,1825,3.098455906,0.8410830498,1
399,1857,4.20254612,-0.08057868481,1
399,1889,NaN,NaN,2
399,1921,7.321308136,-2.499375582,1
399,1953,6.003112793,-1.683041096,1
399,1985,2.631210089,-0.1206228584,1
399,2017,2.013041496,-0.8378698826,1
431,33,1.506523609,0.1484696865,1
431,65,0.4290076494,-0.892573595,1
431,97,-0.3620467186,-0.1916834265,1
431,129,-0.04804563522,1.255472779,1
431,161,0.2985028923,-0.03764355183,1
431,193,0.3848112822,-0.2156597972,1
431,225,0.07466255128,-0.8973451257,1
431,257,-0.4333136082,-2.434067488,1
431,289,-0.8685777783,-1.770855069,1
431,321,-0.03753429651,-1.673519731,1
431,353,0.2731697559,-3.283360481,1
431,385,0.6884739399,-3.068561077,1
431,417,2.211936712,-3.880170345,1
431,449,2.59408474,-2.927715302,1
431,481,1.951734066,-1.611837149,1
431,513,-0.01928883791,-0.7643550634,1
431,545,-0.3285474181,-0.9516713619,1
431,577,0.2690588236,-1.117182493,1
431,609,2.38491559,0.04508852959,1
431,641,1.665487289,-0.4164603949,1
431,673,0.6372380257,-0.9595425129,1
431,705,1.132246375,-1.72125411,1
431,737,3.541819572,-2.145750046,1
431,769,3.531815529,-1.249774218,1
431,801,2.496515989,-0.03362035751,1
431,833,1.590218186,-1.28528142,1
431,865,1.224752426,-0.6697735786,1
431,897,0.6527477503,-0.4762004614,1
431,929,-0.4716424942,-1.831464887,1
431,961,-0.6011732817,-1.772480369,1
431,993,0.1685000062,0.164713189,1
431,1025,0.05244842172,1.111538649,1
431,1057,-0.01449394226,0.1643534303,1
431,1089,0.4557082355,-0.1422611475,1
431,1121,0.220162645,2.191022396,1
431,1153,NaN,NaN,2
431,1185,0.2677422762,-1.327935338,1
431,1217,0.1746421158,-1.956927896,1
431,1249,0.2455839813,-2.218216419,1
431,1281,0.4256649017,-3.154689312,1
431,1313,0.1903107166,-1.685079336,1
431,1345,-0.6381531954,-0.7165193558,1
431,1377,-0.8697855473,-0.6106196642,1
431,1409,-0.4473487735,-0.9379378557,1
431,1441,-1.536781669,-1.579373956,1
431,1473,0.1454148889,-2.572370768,1
431,1505,0.5298678279,-2.284508228,1
431,1537,0.1988607645,-1.151541948,1
431,1569,-0.06050521135,1.836979389,1
431,1601,1.901912689,1.706050992,1
431,1633,2.732908726,2.16579175,1
431,1665,1.717283607,-0.3008470833,1
431,1697,2.21945405,-0.4636641741,1
431,1729,2.369095325,-0.8474947214,1
431,1761,1.990751982,-1.203028917,1
431,1793,4.8008461,-0.3021095991,1
431,1825,5.188531876,1.364754796,1
431,1857,4.28915596,0.6794956923,1
431,1889,6.737654209,-1.063991427,1
431,1921,6.168800354,-1.570406556,1
431,1953,3.810363293,-0.5651578903,1
431,1985,3.268966198,0.05207537115,1
431,2017,2.990065098,-0.5892111063,1
463,33,1.10020709,0.569224596,1
463,65,1.163562059,0.1109966338,1
463,97,1.218970537,-0.1098812521,1
463,129,1.359409809,0.2121579796,1
463,161,0.9146883488,-0.5848555565,1
463,193,1.698982239,-1.534025431,1
463,225,0.7027100325,-0.5642544031,1
463,257,-0.8560603261,-2.675457954,1
463,289,0.1571943313,-2.119890451,1
463,321,-0.08341729641,-1.203074813,1
463,353,0.2566565871,-1.774101734,1
463,385,0.6993122101,-2.261412382,1
463,417,1.032817245,-2.753184795,1
463,449,1.031204462,-2.77899313,1
463,481,1.555110693,-2.453497887,1
463,513,0.1489816308,-1.327428222,1
463,545,0.1389843822,-0.01254022121,1
463,577,1.655207157,2.259337425,1
463,609,1.770760775,1.099333167,1
463,641,0.9060765505,1.450434804,1
463,673,-0.03460711241,1.004686236,1
463,705,0.8710250258,-1.739682198,1
463,737,2.406040907,-3.373626232,1
463,769,1.323684692,-1.141514182,1
463,801,1.380431414,-0.7902652025,1
463,833,1.434115648,-1.7969836,1
463,865,1.069570422,-1.663580418,1
463,897,0.5435640216,-0.8598899841,1
463,929,0.05728781223,-0.3424195051,1
463,961,0.3500444293,-0.56820786,1
463,993,0.01324261725,0.06586048007,1
463,1025,0.2579413056,0.8476831913,1
463,1057,0.3475530744,0.05300502479,1
463,1089,0.2996564507,0.3355286717,1
463,1121,-0.2336484343,3.865914822,1
463,1153,0.5315518379,3.178195953,1
463,1185,1.310901403,-1.230513811,1
463,1217,0.9983937144,-1.321659327,1
463,1249,1.287373543,-2.539152622,1
463,1281,1.572977662,-2.38125205,1
463,1313,1.304827452,-0.631963253,1
463,1345,-0.8316256404,-0.7884193659,1
463,1377,-2.040053129,-1.061626077,1
463,1409,NaN,NaN,2
463,1441,-2.620724678,-1.714186192,1
463,1473,NaN,NaN,2
463,1505,0.4333226681,-3.658320427,1
463,1537,0.5286375284,-3.880695343,1
463,1569,0.5203232765,-0.7202076316,1
463,1601,0.94982934,1.46085155,1
463,1633,-0.9003745317,2.13359046,1
463,1665,-0.7085279226,0.3512206078,1
463,1697,2.496745825,-0.4986095428,1
463,1729,3.008401871,-1.166505575,1
463,1761,3.338873863,-2.379534245,1
463,1793,5.088405132,-1.681423903,1
463,1825,5.436341763,-1.359503269,1
463,1857,3.222655296,-2.548881531,1
463,1889,NaN,NaN,2
463,1921,6.019153595,-1.884952545,1
463,1953,3.209522963,-2.406941414,1
463,1985,2.623419285,-0.6330012679,1
463,2017,1.521249771,0.1132135391,1
495,33,1.261441469,0.5492066145,1
495,65,2.376978397,-0.08300860971,1
495,97,4.075910568,-0.5495143533,1
495,129,5.362317085,-1.195562482,1
495,161,2.212287426,-0.102302283,1
495,193,1.269109964,-0.2812415361,1
495,225,0.7538998127,-0.08354455233,1
495,257,-0.04154628515,-1.065249205,1
495,289,0.07905308902,-0.6359117031,1
495,321,0.2426556647,-0.7364186049,1
495,353,0.2059881836,-1.037599564,1
495,385,0.5124036074,-1.714120865,1
495,417,0.6735978127,-2.172548294,1
495,449,0.4653145075,-3.58499217,1
495,481,-0.807382226,-3.566020966,1
495,513,-0.08616283536,-2.060107231,1
495,545,0.7331828475,-1.022608757,1
495,577,2.724874496,0.2886735797,1
495,609,1.359439135,1.874149442,1
495,641,0.5480352044,2.260079861,1
495,673,1.186455011,2.35292244,1
495,705,0.7858350873,-1.057862163,1
495,737,0.2358314693,-2.556105375,1
495,769,0.09621536732,-0.7165231705,1
495,801,0.3837734461,-1.711709976,1
495,833,1.271349549,-1.690842748,1
495,865,1.430706978,-1.765581608,1
495,897,1.474418521,-1.540548086,1
495,929,1.028640509,-0.7620736361,1
495,961,0.9788460732,-0.1902833581,1
495,993,0.4488961101,0.304104805,1
495,1025,0.3269040883,0.86900419,1
495,1057,0.6396140456,0.8126633763,1
495,1089,0.5656092763,0.5950245857,1
495,1121,-0.5682324767,3.269264221,1
495,1153,1.243990898,3.187021255,1
495,1185,1.823899508,1.639650345,1
495,1217,2.540954828,-1.801175594,1
495,1249,1.122880697,-2.917245865,1
495,1281,0.6125122309,-2.477366686,1
495,1313,1.769583344,-2.161300898,1
495,1345,0.4694515467,-0.8646234274,1
495,1377,NaN,NaN,2
495,1409,NaN,NaN,2
495,1441,1.356014967,-1.647457957,1
495,1473,2.251635551,-2.251979351,1
495,1505,1.521448493,-3.421860456,1
495,1537,1.162957191,-3.69662118,1
495,1569,1.476940513,-1.008186698,1
495,1601,1.496618986,-0.2226222754,1
495,1633,1.092701674,0.4384409785,1
495,1665,0.3843829632,0.3041735888,1
495,1697,2.332538843,-1.299575567,1
495,1729,3.044284821,-2.281899691,1
495,1761,4.116009712,-3.142831802,1
495,1793,5.543998241,-2.941263199,1
495,1825,4.92052412,-1.884799361,1
495,1857,3.70207119,-3.077863693,1
495,1889,1.684096336,-0.8456115723,1
495,1921,2.143074036,-1.898032069,1
495,1953,0.9008762836,-4.153149605,1
495,1985,0.8053660393,-2.293556213,1
495,2017,3.003732204,0.1669449806,1
527,33,1.462100267,0.3417978883,1
527,65,3.009304523,-1.253961205,1
527,97,4.782262802,-1.30699873,1
527,129,5.620713711,-1.10419178,1
527,161,3.424586773,0.8070853949,1
527,193,1.905693769,0.7050307393,1
527,225,1.402260661,0.5180700421,1
527,257,0.8371047974,-0.2195634246,1
527,289,-0.4389787912,0.983549118,1
527,321,0.1389260143,-0.3639746904,1
527,353,0.1105894446,-1.052131891,1
527,385,0.2242061496,-1.577513814,1
527,417,0.1585475206,-1.765999317,1
527,449,0.4611692429,-2.842691898,1
527,481,-1.640018344,-4.496157646,1
527,513,-0.5190631151,-3.660503626,1
527,545,-0.0791926384,-0.9354444146,1
527,577,-0.6515119076,-0.5048305988,1
527,609,-0.2667373419,0.578992784,1
527,641,0.2045049071,1.101765394,1
527,673,0.7423313856,2.32037735,1
527,705,0.5575151443,0.7187248468,1
527,737,-0.3605570793,-0.05548244715,1
527,769,-0.4605542421,-0.8673173785,1
527,801,-0.1205331087,-3.275102615,1
527,833,0.9554245472,-2.147413731,1
527,865,1.547408581,-2.041339874,1
527,897,1.921836853,-1.956457496,1
527,929,1.300875187,-1.697572231,1
527,961,2.707183599,-0.2949699759,1
527,993,3.522220612,0.1325289607,1
527,1025,0.2009485364,1.132332802,1
527,1057,-0.499578476,1.904395461,1
527,1089,-0.3240977824,1.497340083,1
527,1121,0.2231542617,1.643965244,1
527,1153,1.731204748,2.275710106,1
527,1185,0.4341749251,-0.4919218421,1
527,1217,0.7584879398,-1.934305072,1
527,1249,0.3502433896,-2.934260845,1
527,1281,-0.2142731547,-3.054991722,1
527,1313,0.4151111245,-3.555966854,1
527,1345,0.8819975257,-2.443532467,1
527,1377,NaN,NaN,2
527,1409,NaN,NaN,2
527,1441,0.9349422455,-2.058553934,1
527,1473,2.397853613,-4.317914963,1
527,1505,1.074086905,-3.002634048,1
527,1537,0.5864138603,-2.465913534,1
527,1569,1.736545563,-1.125554323,1
527,1601,1.526309252,-1.241829872,1
527,1633,1.862870216,-0.9414696693,1
527,1665,2.000954151,-0.6190273762,1
527,1697,1.939024925,-1.751904964,1
527,1729,2.583923578,-2.592015743,1
527,1761,4.232683659,-3.220444679,1
527,1793,5.069382191,-3.336401939,1
527,1825,4.547497272,-1.824448109,1
527,1857,4.787252426,-1.300079584,1
527,1889,0.9859633446,0.2286736965,1
527,1921,0.9894692898,-1.136460662,1
527,1953,0.3254494667,-3.301043987,1
527,1985,1.77949357,-2.432377338,1
527,2017,1.722706795,-0.6270074844,1
559,33,3.054291248,0.1557964385,1
559,65,3.882892132,-1.571183562,1
559,97,4.073359489,-0.2276382148,1
559,129,3.830129147,0.003778234124,1
559,161,2.899170637,0.2725155056,1
559,193,2.1350317,0.2877671719,1
559,225,1.981143594,-0.6767777205,1
559,257,1.16379559,-0.03033527732,1
559,289,-0.1207968593,1.901408434,1
559,321,-0.124879159,-0.244402349,1
559,353,0.04754912108,-1.002759576,1
559,385,0.1632181108,-1.164973259,1
559,417,0.03858140111,-1.226998806,1
559,449,0.3925976157,-0.7863516808,1
559,481,-0.2259529233,-3.628650188,1
559,513,-0.1356269419,-3.470337868,1
559,545,-0.396104455,-0.6532495618,1
559,577,-1.271211982,-0.6535662413,1
559,609,-1.160048485,-0.2292856723,1
559,641,0.4617610574,0.2197577655,1
559,673,0.800491631,0.7918627858,1
559,705,0.5744454861,0.415079236,1
559,737,-2.200968504,0.3447373509,1
559,769,-1.522491574,-0.6708211303,1
559,801,0.1552562118,-2.057955265,1
559,833,1.062548161,-2.575289726,1
559,865,1.595998287,-3.083402395,1
559,897,1.7064147,-2.032211065,1
559,929,1.310337543,0.0166631937,1
559,961,3.194899321,-0.8979834318,1
559,993,3.789552212,-1.691218019,1
559,1025,0.7097541094,1.185994864,1
559,1057,0.02904650569,4.338306427,1
559,1089,0.06290915608,2.993419647,1
559,1121,1.153296709,-0.005595564842,1
559,1153,-1.081599593,-0.854755342,1
559,1185,-1.410603046,-0.616142571,1
559,1217,-0.1013496667,-1.169929624,1
559,1249,-0.2660433352,-2.213498116,1
559,1281,-1.691347003,-2.393541574,1
559,1313,NaN,NaN,2
559,1345,NaN,NaN,2
559,1377,2.219650507,-0.7635878325,1
559,1409,3.206930637,-1.327650905,1
559,1441,-0.02280402184,-2.144340038,1
559,1473,0.6494643688,-3.467237234,1
559,1505,1.084614992,-2.151967049,1
559,1537,1.436626077,-1.578440189,1
559,1569,1.824855566,-0.7729246616,1
559,1601,2.08621788,-1.234870195,1
559,1633,2.200974941,-1.610283852,1
559,1665,2.26534605,-1.903837442,1
559,1697,2.482572079,-2.752172232,1
559,1729,3.122007132,-2.554590225,1
559,1761,3.722664356,-4.564627647,1
559,1793,3.581202984,-2.864312887,1
559,1825,3.484695911,-1.187737346,1
559,1857,3.308910131,-0.5087481737,1
559,1889,2.934472084,-0.5315141678,1
559,1921,2.689072132,-1.100519776,1
559,1953,1.390713215,-2.033569098,1
559,1985,1.757720232,-1.678784013,1
559,2017,0.004134297371,-0.7777660489,1
591,33,2.723829269,0.1097263247,1
591,65,3.507748365,-0.9154253006,1
591,97,4.153710365,-0.3720840216,1
591,129,3.456624508,-0.101625517,1
591,161,2.0974617,0.5125593543,1
591,193,1.955183744,0.8954102993,1
591,225,4.46633625,0.04267776012,1
591,257,2.517362595,-0.19512254,1
591,289,0.05038189888,0.6626663804,1
591,321,0.2600730062,-0.5542263985,1
591,353,0.1820373237,-1.065819502,1
591,385,0.3199131191,-1.08300817,1
591,417,0.4836583734,-0.9494395256,1
591,449,0.2545602918,0.1582211256,1
591,481,-0.3293224573,-0.3407683969,1
591,513,-0.4601159692,-1.94765532,1
591,545,-0.5928890705,-0.01845598221,1
591,577,-0.4053141475,0.05669254065,1
591,609,0.07507425547,-0.1533542424,1
591,641,0.5138022304,-0.1927137673,1
591,673,1.23564136,-0.07101327181,1
591,705,1.204458714,-0.07130977511,1
591,737,0.6244841814,0.2857583165,1
591,769,0.424826026,-0.1052730083,1
591,801,0.5013853312,-1.880293608,1
591,833,1.190578818,-2.812783957,1
591,865,1.514359236,-3.035442591,1
591,897,1.992589355,-1.686367631,1
591,929,2.139387131,0.1245660782,1
591,961,NaN,NaN,2
591,993,1.360164165,-1.147644401,1
591,1025,1.173045039,1.013580322,1
591,1057,0.06094375253,3.445118904,1
591,1089,-0.5357817411,2.550056696,1
591,1121,0.8959872723,-1.286637068,1
591,1153,-0.3207846284,-1.550206542,1
591,1185,-0.8256368637,-0.9831563234,1
591,1217,-0.01947627962,-0.9457870722,1
591,1249,-1.225420237,-0.9519972801,1
591,1281,-1.01293838,-1.734904289,1
591,1313,NaN,NaN,2
591,1345,-0.02023619413,-2.79281497,1
591,1377,1.501589417,-1.224780083,1
591,1409,2.056632042,-1.884047508,1
591,1441,0.7818243504,-2.243973494,1
591,1473,0.9429129362,-1.845989585,1
591,1505,1.572513342,-1.263196111,1
591,1537,1.885311007,-1.332409739,1
591,1569,1.816773176,-0.6422765255,1
591,1601,2.357456446,-1.788036585,1
591,1633,2.305541754,-3.629475594,1
591,1665,2.221096992,-3.434442759,1
591,1697,3.083566189,-2.563750505,1
591,1729,3.885438204,-2.074098587,1
591,1761,3.500880241,-3.34957552,1
591,1793,NaN,NaN,2
591,1825,2.840784788,-0.4962035418,1
591,1857,2.660738468,0.5018534064,1
591,1889,2.559341192,0.7049831152,1
591,1921,2.662866116,-0.383079946,1
591,1953,2.16370225,-0.1137785912,1
591,1985,2.816948175,-0.7543194294,1
591,2017,2.299833536,-0.3356803656,1
623,33,1.405523777,0.5402313471,1
623,65,3.028318167,-0.8253545165,1
623,97,3.683875084,-3.452328682,1
623,129,2.78145647,-2.930614471,1
623,161,1.374702573,1.733285666,1
623,193,1.16374588,2.10461092,1
623,225,0.87589854,1.318713069,1
623,257,0.7259979844,0.9557547569,1
623,289,0.8825257421,0.8106104136,1
623,321,0.7876532674,-0.2609535754,1
623,353,0.8152159452,-1.630797148,1
623,385,0.6097983718,-1.520704508,1
623,417,-0.01198101044,-1.683776379,1
623,449,0.4463409483,0.5557149053,1
623,481,-0.273324132,-0.05508965254,1
623,513,-0.8816390634,-0.8170247674,1
623,545,-2.325755119,0.2294821739,1
623,577,0.1951116472,2.502623558,1
623,609,0.6524620652,0.3357783556,1
623,641,0.6462489963,-0.393039912,1
623,673,0.8929834366,-0.7004106045,1
623,705,1.209347606,-0.5839039683,1
623,737,3.142764091,-1.347268462,1
623,769,2.483818054,-3.076512575,1
623,801,-0.2067677975,-2.765603542,1
623,833,1.047244549,-1.200749874,1
623,865,1.687889576,-1.262953639,1
623,897,1.7053684,-1.045128107,1
623,929,1.395151973,-0.8051434755,1
623,961,1.54460907,-0.9532654285,1
623,993,1.797206163,-1.663763165,1
623,1025,1.063187361,0.1065870821,1
623,1057,0.1849948019,1.532153368,1
623,1089,0.09041553736,0.7317447662,1
623,1121,0.6900625229,-1.433567047,1
623,1153,0.9812626839,-2.93631959,1
623,1185,2.466252565,-3.026407003,1
623,1217,4.550861359,-2.050639153,1
623,1249,3.27518487,-0.34826231,1
623,1281,NaN,NaN,2
623,1313,NaN,NaN,2
623,1345,0.9707973599,-2.366060972,1
623,1377,0.9020972252,-2.026259422,1
623,1409,1.397331715,-2.545591354,1
623,1441,1.551435828,-4.38875103,1
623,1473,1.286682129,-1.781244993,1
623,1505,1.744835615,-0.6628755331,1
623,1537,2.074827194,-1.36954987,1
623,1569,1.709590435,-1.069529295,1
623,1601,2.307317495,-2.180345774,1
623,1633,2.541926384,-3.956067801,1
623,1665,2.389966965,-2.511968613,1
623,1697,2.539678097,-1.812514424,1
623,1729,2.712727547,-1.781223416,1
623,1761,2.447886944,-1.033017278,1
623,1793,2.522236586,-0.637799859,1
623,1825,1.885551214,-0.6180544496,1
623,1857,1.842755556,-0.1934552193,1
623,1889,2.760070086,-0.3598406315,1
623,1921,3.160192013,1.065256596,1
623,1953,3.342211485,0.02955555916,1
623,1985,3.505283833,-0.4424575865,1
623,2017,3.722460747,-0.104941234,1
655,33,0.9844462872,0.9669271708,1
655,65,3.138101101,-0.5302364826,1
655,97,3.871171713,-3.6444664,1
655,129,3.207528114,-2.356217384,1
655,161,1.897227764,0.9952791333,1
655,193,0.5672025681,1.842291594,1
655,225,0.06103211641,1.377519131,1
655,257,0.3208363056,1.475041866,1
655,289,0.761864543,1.484595895,1
655,321,0.9950524569,0.09243121743,1
655,353,0.66617167,-1.31675601,1
655,385,0.6865992546,-1.94426477,1
655,417,0.9981265664,-2.365164995,1
655,449,0.3734416068,-0.6772081256,1
655,481,0.3978371918,1.179384947,1
655,513,0.1873538494,1.426838875,1
655,545,0.12929672,-0.04206642509,1
655,577,0.8053904176,0.6699385047,1
655,609,1.761666179,0.3390921354,1
655,641,1.207236767,-0.3620894253,1
655,673,0.4524319172,-0.8734509945,1
655,705,0.9530322552,-1.532953739,1
655,737,3.592003345,-1.941856623,1
655,769,2.502887726,-3.999875784,1
655,801,0.6922712326,-3.245019913,1
655,833,2.377825737,2.450488329,1
655,865,2.310067415,3.290107727,1
655,897,1.812153935,-0.3067811131,1
655,929,0.2786359787,-1.662329197,1
655,961,0.4338366985,-1.389266491,1
655,993,3.042450428,-4.003583908,1
655,1025,-0.477365911,-4.183046341,1
655,1057,0.631413877,-0.173622489,1
655,1089,2.044025898,1.173936725,1
655,1121,0.6155522466,0.5324804187,1
655,1153,0.9639481902,-2.189543247,1
655,1185,2.584428787,-3.07197094,1
655,1217,4.316329002,-2.375581741,1
655,1249,5.699367523,-0.8726245165,1
655,1281,1.576153755,-1.683290243,1
655,1313,NaN,NaN,2
655,1345,0.9511446357,-2.617939234,1
655,1377,0.6265720129,-2.233958244,1
655,1409,0.8876082897,-2.731827497,1
655,1441,1.422829628,-3.725915194,1
655,1473,1.217366457,-1.006417513,1
655,1505,1.533984184,-0.7016439438,1
655,1537,1.782243133,-1.954739809,1
655,1569,1.873053312,-2.36521697,1
655,1601,2.043371439,-2.612518311,1
655,1633,2.070882797,-2.527124405,1
655,1665,1.806530952,-1.929887295,1
655,1697,1.782015562,-0.9680478573,1
655,1729,1.444438696,0.5965893865,1
655,1761,0.156840086,-0.5261636972,1
655,1793,3.377790928,-0.3248913288,1
655,1825,3.667639256,-0.257599026,1
655,1857,2.812551022,-0.4709789157,1
655,1889,3.412017345,-0.4575800896,1
655,1921,4.62732029,1.781697869,1
655,1953,5.767751694,-0.03604084253,1
655,1985,2.597723007,-0.6824887395,1
655,2017,3.271775723,-0.03994143009,1
687,33,1.88402462,0.6422137618,1
687,65,3.645607233,0.5612537265,1
687,97,4.946592808,0.301412046,1
687,129,4.61016798,0.452632606,1
687,161,2.261609793,0.9781237841,1
687,193,0.6454618573,1.349238157,1
687,225,-0.2660265565,1.314002514,1
687,257,-0.5601329803,1.411012769,1
687,289,0.4347333014,1.55372858,1
687,321,0.7641083598,0.3094252944,1
687,353,1.10672307,-0.8487039804,1
687,385,1.015856743,-1.550286174,1
687,417,0.6094357967,-2.524319172,1
687,449,0.4099742174,-0.5583837032,1
687,481,1.550533772,0.8810340762,1
687,513,2.436393499,1.02523005,1
687,545,1.232561707,-0.06460738182,1
687,577,0.7640532255,-0.436735034,1
687,609,0.4579235911,-0.4523412585,1
687,641,-0.7735518813,-1.320452213,1
687,673,0.2804350257,-0.5392798781,1
687,705,0.3899754882,-0.6136991978,1
687,737,0.3717486858,-0.8750029206,1
687,769,0.5873402357,-0.6127746105,1
687,801,0.7708630562,-0.2336542904,1
687,833,2.588167191,1.954973698,1
687,865,3.967641354,2.949407578,1
687,897,2.166548967,0.578755796,1
687,929,1.010755658,-0.7546448112,1
687,961,0.5478448272,-0.9811020494,1
687,993,0.9015693665,-1.232646942,1
687,1025,2.026288986,-4.435468674,1
687,1057,0.376024425,-0.3640547097,1
687,1089,0.7983840108,0.2628178596,1
687,1121,NaN,NaN,2
687,1153,2.294903755,-1.155505657,1
687,1185,NaN,NaN,2
687,1217,1.480760813,0.2241307497,1
687,1249,1.702259541,-4.742660522,1
687,1281,1.864132881,-3.751892567,1
687,1313,1.226625919,-2.595559597,1
687,1345,0.04599559307,-2.718695641,1
687,1377,-0.4786725044,-2.651048422,1
687,1409,-0.5489666462,-3.421472549,1
687,1441,2.431747437,-4.739729881,1
687,1473,2.274144173,-3.396754503,1
687,1505,-0.3381443024,-1.023210764,1
687,1537,0.2008394003,-3.537250042,1
687,1569,1.460435987,-4.810878754,1
687,1601,1.093364954,-3.188920021,1
687,1633,0.03113603592,-2.401930809,1
687,1665,0.73691535,-1.481408477,1
687,1697,1.341668367,0.1876727343,1
687,1729,1.488001347,0.4665231109,1
687,1761,2.893872261,0.1897826195,1
687,1793,4.854633331,-0.2181791067,1
687,1825,4.829003334,-0.3196411133,1
687,1857,3.405340195,-0.6631899476,1
687,1889,3.130787373,-0.2015416026,1
687,1921,4.262282372,2.182449818,1
687,1953,4.940519333,0.06048294902,1
687,1985,1.250815392,-1.831233263,1
687,2017,0.8247981071,-0.5835312605,1
719,33,2.913861275,0.5448260307,1
719,65,3.296883583,2.60253191,1
719,97,2.619878769,2.26368928,1
719,129,1.949634314,2.778725624,1
719,161,1.008252621,2.229901314,1
719,193,0.8066968322,1.263376355,1
719,225,0.2698144317,1.60673058,1
719,257,-0.0358813405,1.458417177,1
719,289,0.02705621719,0.8786436319,1
719,321,0.5061941743,0.5653991699,1
719,353,2.736085415,-0.3286595941,1
719,385,1.43610239,-1.738001466,1
719,417,1.03948164,-2.550086498,1
719,449,1.756897926,1.320279837,1
719,481,1.79436326,1.690072656,1
719,513,1.42099452,1.307472467,1
719,545,1.547847509,0.6282994747,1
719,577,1.453940272,0.2754904032,1
719,609,0.7571336031,0.8344374895,1
719,641,-0.6653323174,0.121632576,1
719,673,0.5150154233,-1.628863335,1
719,705,-0.04081973433,-0.4267092347,1
719,737,-0.09035825729,-0.2991657853,1
719,769,1.269804478,-0.3869076967,1
719,801,1.63403964,-0.01036214828,1
719,833,1.695884109,0.7540608048,1
719,865,2.161132097,3.257927895,1
719,897,1.812232494,1.515060186,1
719,929,1.126132965,0.1256858706,1
719,961,1.197759867,1.332036018,1
719,993,1.334108472,-0.2116320729,1
719,1025,3.240207911,-3.744585276,1
719,1057,2.590418816,-2.226602077,1
719,1089,4.675048828,-0.3201025724,1
719,1121,6.006595612,0.4600651264,1
719,1153,6.592852116,-0.5410069227,1
719,1185,NaN,NaN,2
719,1217,0.8526251912,-0.5788391829,1
719,1249,1.248710036,-2.100439548,1
719,1281,2.67156291,-4.231223106,1
719,1313,2.034422398,-2.793340683,1
719,1345,3.919874191,-5.67634964,1
719,1377,3.727255821,-4.851991177,1
719,1409,1.290376782,-3.805691242,1
719,1441,2.110855579,-5.01479435,1
719,1473,2.295097828,-2.933755398,1
719,1505,2.344728947,-1.878188133,1
719,1537,1.581683159,-3.421076298,1
719,1569,1.071344733,-5.750537872,1
719,1601,NaN,NaN,2
719,1633,0.1088174582,-3.733171463,1
719,1665,1.690803647,-2.707950354,1
719,1697,2.362517357,-1.088963509,1
719,1729,2.634974957,-0.8879780769,1
719,1761,3.855970621,-0.7095651627,1
719,1793,4.657186031,-1.10025847,1
719,1825,5.258068085,-1.436708689,1
719,1857,3.968307495,-0.9187463522,1
719,1889,3.260051012,-0.2871395648,1
719,1921,2.485104561,0.5959086418,1
719,1953,2.518329859,-0.2089497894,1
719,1985,3.510769844,-0.4277904034,1
719,2017,1.205369949,-0.9690812826,1
751,33,2.260394573,-0.05090999603,1
751,65,1.875687599,2.318608284,1
751,97,1.29990685,3.4834764,1
751,129,-0.5717778206,2.656073809,1
751,161,-0.3649059534,3.037397385,1
751,193,1.273177385,1.439516187,1
751,225,1.400644302,1.322089434,1
751,257,0.01296943426,0.337962091,1
751,289,-2.453135252,-0.06320631504,1
751,321,0.9171336293,1.109050274,1
751,353,1.927150488,0.935141325,1
751,385,1.105704904,0.4344259501,1
751,417,0.6304838657,0.8390579224,1
751,449,1.457937717,1.768365741,1
751,481,1.502224565,1.69087553,1
751,513,1.59797442,0.927136302,1
751,545,1.934901834,1.354807496,1
751,577,1.722502947,1.688885212,1
751,609,1.17193377,1.39162612,1
751,641,1.12098968,0.3446130753,1
751,673,0.7447906733,-1.810979486,1
751,705,0.5530859232,-0.3380168676,1
751,737,0.4798001051,0.7055431604,1
751,769,0.9139873981,-0.5106258392,1
751,801,1.678556323,-0.470297873,1
751,833,1.902964115,0.3550611734,1
751,865,1.372677445,2.036144733,1
751,897,1.038974524,1.313154697,1
751,929,1.00802803,1.142409682,1
751,961,1.236828327,3.087491274,1
751,993,1.346321702,0.7746834755,1
751,1025,1.182307959,-0.5552172661,1
751,1057,0.9895576835,-2.150764227,1
751,1089,3.693333387,0.1059881523,1
751,1121,3.857958317,0.2097558379,1
751,1153,6.321098328,-1.194933176,1
751,1185,NaN,NaN,2
751,1217,-1.854603291,-4.005853653,1
751,1249,-0.2459149361,-1.366218805,1
751,1281,1.321811199,-1.837797284,1
751,1313,NaN,NaN,2
751,1345,2.960841894,-5.047731876,1
751,1377,4.948187828,-4.150979996,1
751,1409,NaN,NaN,2
751,1441,NaN,NaN,2
751,1473,2.348158836,-3.367792606,1
751,1505,2.087694645,-3.0213027,1
751,1537,1.434920311,-3.875241995,1
751,1569,0.09439063072,-4.980860233,1
751,1601,NaN,NaN,2
751,1633,0.9035396576,-5.287837505,1
751,1665,NaN,NaN,2
751,1697,2.43158412,-3.457752705,1
751,1729,2.823554754,-2.186882734,1
751,1761,3.449794054,-1.649971247,1
751,1793,3.434469461,-1.141254544,1
751,1825,3.687380075,-1.083586454,1
751,1857,4.918010712,-1.607998729,1
751,1889,3.439502001,-0.9617398381,1
751,1921,3.113343239,-1.073140979,1
751,1953,2.943900347,-0.9712961316,1
751,1985,4.52312088,-1.285820842,1
751,2017,2.602319717,-0.3600982428,1
783,33,0.2282614708,0.1364045143,1
783,65,0.2834807634,0.9992440939,1
783,97,0.9090344906,1.700386643,1
783,129,0.9567377567,1.648807406,1
783,161,1.630339503,1.374487042,1
783,193,1.404566526,1.271221876,1
783,225,0.4423305988,0.518371582,1
783,257,0.8609656096,-1.496409774,1
783,289,1.817716599,-0.3153647184,1
783,321,0.9023529291,2.779272079,1
783,353,1.212760448,2.498102665,1
783,385,0.8338614106,1.715388894,1
783,417,0.7719169855,2.257327795,1
783,449,1.247666359,2.190506697,1
783,481,4.129276276,2.281330347,1
783,513,1.663570046,2.09389019,1
783,545,0.712993145,1.541235209,1
783,577,1.973476768,0.640945673,1
783,609,2.173946857,0.833132267,1
783,641,2.094379187,1.404124618,1
783,673,1.919031858,0.296033442,1
783,705,2.844789982,-0.1855274439,1
783,737,2.350543261,0.07981669903,1
783,769,1.371047974,-1.29180479,1
783,801,1.303345203,-0.7499876022,1
783,833,1.514566422,-0.005318075418,1
783,865,1.189599156,0.5866965055,1
783,897,0.9749940634,2.491726637,1
783,929,1.172759056,4.34172821,1
783,961,1.264024258,3.210791111,1
783,993,1.159413338,0.7475539446,1
783,1025,1.526315451,0.6533116698,1
783,1057,0.6769377589,-0.191872105,1
783,1089,0.7143551111,0.007652848959,1
783,1121,0.7567034364,-0.1957450509,1
783,1153,0.6654288769,-0.9847028255,1
783,1185,0.1383372247,-2.872478485,1
783,1217,-2.515778542,-4.739416122,1
783,1249,0.02277135849,-1.895326376,1
783,1281,2.201660633,-1.800164223,1
783,1313,1.563028336,0.2333440781,1
783,1345,0.9295773506,-4.586215019,1
783,1377,1.954704642,-2.490471363,1
783,1409,2.869605541,-1.077602863,1
783,1441,2.844404221,-2.382657051,1
783,1473,2.680848837,-3.980925083,1
783,1505,2.257470846,-4.765787125,1
783,1537,1.727005005,-4.38814497,1
783,1569,NaN,NaN,2
783,1601,0.2424398661,-3.05441618,1
783,1633,1.985726118,-3.620602608,1
783,1665,3.324440002,-3.17214632,1
783,1697,3.088976622,-2.246718407,1
783,1729,3.432047367,-2.3646667,1
783,1761,3.791667938,-2.210564613,1
783,1793,4.183556557,-2.498908758,1
783,1825,4.411241055,-1.629526377,1
783,1857,3.83236742,-0.9562432766,1
783,1889,3.300114393,-2.003411293,1
783,1921,3.461707592,-3.167526007,1
783,1953,3.91571331,-3.334630728,1
783,1985,3.967253208,-1.66658783,1
783,2017,2.851229906,-0.08775162697,1
815,33,0.4922076464,0.2244521379,1
815,65,0.7827357054,0.3262220919,1
815,97,1.414933562,2.132474661,1
815,129,1.710540771,1.5264467,1
815,161,2.804777145,0.5376764536,1
815,193,0.4587973952,0.6673779488,1
815,225,-0.2821093202,0.3380497098,1
815,257,0.677053988,-0.6218659282,1
815,289,2.169222832,-0.1138647199,1
815,321,1.581045628,0.7135916948,1
815,353,0.9776962399,1.21899271,1
815,385,NaN,NaN,2
815,417,-0.1721938848,2.051497221,1
815,449,2.398714304,2.199599981,1
815,481,3.971591949,2.643283606,1
815,513,2.129113436,2.996848106,1
815,545,0.881959796,1.323838949,1
815,577,2.513837576,-0.1940708756,1
815,609,2.156453848,0.9794011116,1
815,641,1.921326756,2.577004433,1
815,673,2.324285984,1.073990107,1
815,705,3.281546593,0.2386126518,1
815,737,1.508374691,-0.3485213518,1
815,769,1.112158775,-0.1115744859,1
815,801,0.9952619076,-0.3032737374,1
815,833,0.8532658815,-0.5628353357,1
815,865,NaN,NaN,2
815,897,-0.4920424223,3.377866268,1
815,929,0.6549848318,4.37118721,1
815,961,0.9955114126,3.519409418,1
815,993,1.417755842,0.6491337419,1
815,1025,0.7126538754,-0.0648637563,1
815,1057,0.5467642546,-0.2723226845,1
815,1089,0.6276509762,-0.1779812574,1
815,1121,0.7274907231,-0.4723491669,1
815,1153,0.6451206803,-0.8098036051,1
815,1185,0.477658689,-1.103760004,1
815,1217,1.346022129,-1.680759072,1
815,1249,0.01039779186,-2.184527874,1
815,1281,-0.5937153697,-2.100344658,1
815,1313,-0.7621568441,-2.43019104,1
815,1345,0.09229260683,-2.980468035,1
815,1377,2.466579676,-2.618984938,1
815,1409,1.336786747,-3.142817497,1
815,1441,-0.2797820568,-3.450750828,1
815,1473,2.117988825,-4.183172703,1
815,1505,2.674683094,-4.899900436,1
815,1537,2.493558407,-4.756915092,1
815,1569,1.400715828,-4.749120235,1
815,1601,1.925126553,-4.875085831,1
815,1633,2.737034798,-6.293628216,1
815,1665,2.409016371,-4.891000271,1
815,1697,3.012102127,-2.991546631,1
815,1729,3.5333395,-2.118925571,1
815,1761,3.814331532,-2.527375221,1
815,1793,4.147323608,-3.421769619,1
815,1825,4.312648773,-2.057211161,1
815,1857,3.961748123,-1.157406569,1
815,1889,3.803845406,-1.8073982,1
815,1921,4.278097153,-3.925643444,1
815,1953,5.306386471,-3.654864073,1
815,1985,4.347171783,-0.7300302982,1
815,2017,3.799371719,0.3110232353,1
847,33,2.256166935,0.208850503,1
847,65,3.189916611,0.9093726873,1
847,97,2.624305487,1.627354145,1
847,129,3.496546268,1.63689816,1
847,161,2.353326797,-0.05399763584,1
847,193,0.5055477619,-0.2232012749,1
847,225,0.3659664392,0.3300756216,1
847,257,-0.1581248343,1.74495101,1
847,289,-0.6449069977,1.063912988,1
847,321,0.7889484763,0.2488650084,1
847,353,0.7638572454,0.08912336826,1
847,385,-0.9706972837,0.9100036621,1
847,417,0.02109438181,1.827697754,1
847,449,0.5372698307,2.372449636,1
847,481,0.550167501,2.340339661,1
847,513,0.6194745302,3.314423323,1
847,545,1.63564837,0.5078587532,1
847,577,1.931535244,-0.7706030607,1
847,609,1.2342484,0.4965593815,1
847,641,0.7989054918,3.195631027,1
847,673,0.4831337929,4.746100426,1
847,705,0.3271429539,1.406576753,1
847,737,-0.6476554871,0.4536895752,1
847,769,-0.4013488889,0.8684742451,1
847,801,0.2152525783,1.322668076,1
847,833,0.3579528332,0.8949344158,1
847,865,NaN,NaN,2
847,897,0.1077305079,6.096324921,1
847,929,0.4724651575,3.08229351,1
847,961,0.9893181324,3.422066927,1
847,993,0.9867990613,0.4296129942,1
847,1025,0.7634779215,-0.05493055284,1
847,1057,0.6166027188,-0.2099920511,1
847,1089,0.6814923882,-0.1456043124,1
847,1121,0.5571379066,-0.5597373843,1
847,1153,0.7128545046,-0.7426648736,1
847,1185,0.986081481,-0.9356179833,1
847,1217,1.544034362,-1.460225463,1
847,1249,0.8348582983,-1.790889382,1
847,1281,-1.267812729,-2.388410568,1
847,1313,-0.5683291554,-2.94301939,1
847,1345,-0.1876325011,-5.574985504,1
847,1377,0.2658326626,-4.052030563,1
847,1409,0.4123084545,-6.348770142,1
847,1441,-0.03424918652,-3.895678997,1
847,1473,0.6923402548,-4.291390419,1
847,1505,1.618719935,-4.662069798,1
847,1537,1.723016858,-4.876585484,1
847,1569,1.440003991,-4.240314484,1
847,1601,1.724862814,-5.345376015,1
847,1633,2.003563881,-6.177399635,1
847,1665,1.986368895,-3.879868269,1
847,1697,2.550973892,-2.567371368,1
847,1729,2.897426844,-2.100936413,1
847,1761,2.979681253,-3.466043472,1
847,1793,3.320217609,-2.552956343,1
847,1825,3.642874002,-2.495234013,1
847,1857,4.395826817,-1.904420972,1
847,1889,4.063810349,-1.404725671,1
847,1921,4.293422699,-2.306054831,1
847,1953,4.51628685,-2.132760525,1
847,1985,4.689266205,-1.4579041,1
847,2017,2.720716953,-0.4702222347,1
879,33,1.314242125,0.4757120013,1
879,65,1.636125922,2.275524855,1
879,97,1.675340891,0.4309136868,1
879,129,1.583917499,-0.2426082939,1
879,161,0.8199586868,-1.071673155,1
879,193,0.7065043449,-0.6690686345,1
879,225,0.7167339921,-0.2792145908,1
879,257,-0.4240788817,0.9962208271,1
879,289,-1.833574057,1.16907692,1
879,321,0.9926868677,1.239739895,1
879,353,0.9323580265,1.342843413,1
879,385,0.2604188919,0.9597468376,1
879,417,-0.7741923332,1.171379209,1
879,449,-0.8710381985,1.279471397,1
879,481,-1.466429591,3.250609159,1
879,513,-2.870498657,3.1670928,1
879,545,-1.533036709,1.266691327,1
879,577,0.2732088268,0.6588548422,1
879,609,0.534011662,0.2804882526,1
879,641,-0.1883622706,1.812020302,1
879,673,0.06181576848,2.695477962,1
879,705,-0.09355294704,1.57679379,1
879,737,-0.6756320596,1.231052876,1
879,769,-1.010098934,1.510868788,1
879,801,-0.368516624,3.383907318,1
879,833,0.1304960549,2.943243504,1
879,865,0.7460497618,5.791669846,1
879,897,NaN,NaN,2
879,929,2.948813438,5.221838951,1
879,961,2.006519079,5.512616634,1
879,993,1.619341969,0.3212318718,1
879,1025,1.506599426,0.05280195922,1
879,1057,1.358430147,-0.09344647825,1
879,1089,1.490805745,-0.04316720366,1
879,1121,0.4028104544,-0.5402429104,1
879,1153,0.9553543925,-0.770835042,1
879,1185,1.052913427,-0.955835402,1
879,1217,1.396748066,-1.276295304,1
879,1249,0.9510663748,-1.552381158,1
879,1281,0.1411729455,-2.489662409,1
879,1313,-0.2859671414,-3.865619183,1
879,1345,-0.9827338457,-6.282483101,1
879,1377,NaN,NaN,2
879,1409,-1.651834726,-4.151674747,1
879,1441,-0.73134166,-3.706905127,1
879,1473,-0.9599752426,-3.326755762,1
879,1505,1.096036434,-3.75581336,1
879,1537,1.340212822,-4.272265434,1
879,1569,1.504801273,-2.90310955,1
879,1601,1.87564683,-2.395048141,1
879,1633,1.916019678,-3.214989424,1
879,1665,1.50673604,-3.656128645,1
879,1697,3.816562653,-2.783561945,1
879,1729,3.56972003,-2.228323936,1
879,1761,3.088565826,-2.576303005,1
879,1793,3.086399555,-2.181922436,1
879,1825,5.04335165,-2.401143312,1
879,1857,3.210002661,-2.702121496,1
879,1889,2.949393749,-1.17345047,1
879,1921,2.753719568,-0.3603101969,1
879,1953,2.682533503,-0.7675691247,1
879,1985,3.045861483,-2.092211246,1
879,2017,3.231545687,-0.7246150374,1
911,33,-0.4224742651,0.4624888003,1
911,65,-0.6896461248,2.176629066,1
911,97,0.8378931284,0.3633624315,1
911,129,1.245565176,-1.011393309,1
911,161,1.274523139,0.04239143431,1
911,193,1.037414074,-0.02203817666,1
911,225,1.854937077,-0.9561027288,1
911,257,3.701733828,-0.9384579659,1
911,289,NaN,NaN,2
911,321,4.145158768,1.604553699,1
911,353,1.571230173,2.776535034,1
911,385,1.10806179,1.583465338,1
911,417,0.9047448039,0.6582216024,1
911,449,0.3054482341,0.5633170605,1
911,481,-0.6549934149,3.265436172,1
911,513,-2.962481976,2.128329277,1
911,545,-2.254051685,2.712572098,1
911,577,-0.7247411013,2.095849991,1
911,609,-0.1643218398,1.828542471,1
911,641,-0.1543518603,1.741325736,1
911,673,-0.382527858,1.719430804,1
911,705,-0.3311695457,1.513095617,1
911,737,-0.4360044003,1.058312893,1
911,769,-2.288786411,1.422658324,1
911,801,-2.958342075,4.221405983,1
911,833,-0.4637292027,6.144721031,1
911,865,0.9588168263,6.013589859,1
911,897,2.31527257,6.330114365,1
911,929,0.7500564456,5.467838764,1
911,961,-1.621057153,4.642531395,1
911,993,0.02795547247,0.7117807865,1
911,1025,0.2852320075,0.137345314,1
911,1057,0.239259094,-0.02318991721,1
911,1089,0.244587332,0.1508160681,1
911,1121,0.1398921609,-0.1752550602,1
911,1153,0.7181332111,-0.8160357475,1
911,1185,1.061501503,-0.9123055935,1
911,1217,0.6824107766,-0.9918994904,1
911,1249,0.196970284,-2.546850204,1
911,1281,0.1847465038,-3.067513943,1
911,1313,0.1869327426,-2.352083683,1
911,1345,0.2184892297,-4.02107811,1
911,1377,1.364315867,-3.22034049,1
911,1409,1.744829416,-3.183332205,1
911,1441,1.310251951,-2.671958685,1
911,1473,2.397462845,-1.967541695,1
911,1505,0.09456825256,-2.678963661,1
911,1537,0.002661347389,-2.956463814,1
911,1569,1.311965108,-2.334640265,1
911,1601,1.787850857,-1.209085941,1
911,1633,1.369660139,-2.685108185,1
911,1665,1.377365828,-5.534123898,1
911,1697,3.526864529,-4.134924889,1
911,1729,4.54685688,-3.073010206,1
911,1761,3.258526325,-3.397653341,1
911,1793,3.006204128,-2.680093765,1
911,1825,2.912157536,-1.708242536,1
911,1857,2.299407005,-1.14390111,1
911,1889,2.165338278,-0.4640001059,1
911,1921,2.468789816,0.4874612689,1
911,1953,2.453793764,0.07512813807,1
911,1985,2.911589146,-0.6090245843,1
911,2017,4.884753227,-0.7383080125,1
943,33,1.134699464,0.209687829,1
943,65,1.317785859,0.1144679785,1
943,97,1.278068423,0.5533257127,1
943,129,1.287342906,0.2912606895,1
943,161,1.436760306,0.6010699272,1
943,193,2.064178944,0.1079292074,1
943,225,1.372166514,-0.8757138848,1
943,257,1.949308515,-0.2794178128,1
943,289,2.876309633,0.1192666292,1
943,321,2.280179024,2.302858829,1
943,353,2.264700174,3.348870754,1
943,385,4.029232979,2.579028845,1
943,417,2.145690203,0.8174432516,1
943,449,0.2640302777,-0.7327112556,1
943,481,-0.3616531491,0.5764383078,1
943,513,-1.471495032,1.336497664,1
943,545,-0.286930263,1.881612182,1
943,577,-0.3543562889,3.354444027,1
943,609,-0.07593268156,2.766424656,1
943,641,-0.2072813511,2.107713938,1
943,673,-0.3380349278,1.820164442,1
943,705,-0.4504466653,1.390689254,1
943,737,-0.384993732,0.9509541988,1
943,769,-2.09005785,1.288199306,1
943,801,-3.257894039,3.251591682,1
943,833,-1.674758554,6.707336426,1
943,865,0.002146244049,5.669206619,1
943,897,0.340159297,3.408861876,1
943,929,-0.5617023706,2.871649265,1
943,961,-1.656786442,1.525004625,1
943,993,0.2901008427,0.4724649191,1
943,1025,0.2632310987,0.2831986547,1
943,1057,0.165935874,0.06313491613,1
943,1089,0.1412226409,0.1754201204,1
943,1121,-0.08388704062,0.02319121361,1
943,1153,0.06741753221,-0.738705039,1
943,1185,0.2346401811,-0.7867777944,1
943,1217,0.6336757541,-1.018460035,1
943,1249,NaN,NaN,2
943,1281,-1.238033295,-5.442204475,1
943,1313,2.676928997,-3.507472754,1
943,1345,3.074284554,-3.191794872,1
943,1377,3.814532042,-3.288815022,1
943,1409,3.496081829,-2.442454576,1
943,1441,2.210025787,-2.371701479,1
943,1473,2.118400574,-2.450532198,1
943,1505,1.410517097,-2.346858025,1
943,1537,1.722543001,-2.236793041,1
943,1569,2.262415409,-2.090364456,1
943,1601,2.762639046,-2.329022646,1
943,1633,2.247330904,-3.63423872,1
943,1665,2.016113758,-4.5408988,1
943,1697,2.977009773,-4.507256508,1
943,1729,3.639545441,-5.411938667,1
943,1761,3.547599077,-2.592067719,1
943,1793,3.226887941,-1.901476979,1
943,1825,2.798362494,-0.6623184681,1
943,1857,1.489832163,0.8141784072,1
943,1889,1.272200584,0.4191645086,1
943,1921,0.7507379055,-0.3846252263,1
943,1953,3.265240908,-1.075322628,1
943,1985,4.674623013,-0.7841550708,1
943,2017,7.962002277,-0.4060862958,1
975,33,1.213385701,0.05542165041,1
975,65,1.600874901,-1.453700304,1
975,97,1.772071004,0.03145644069,1
975,129,1.723458529,1.376778007,1
975,161,1.515132308,0.6316260099,1
975,193,1.070166826,0.1778852642,1
975,225,-0.3685326576,0.1404404193,1
975,257,0.2677890062,0.4211932719,1
975,289,1.606929898,1.535590649,1
975,321,1.599866629,2.28280592,1
975,353,1.252874851,3.623402357,1
975,385,2.863872528,3.001141071,1
975,417,2.386348248,1.104411125,1
975,449,-0.7655158043,-1.474321961,1
975,481,-0.4325064719,-0.2408518791,1
975,513,0.2716336846,-0.1146973372,1
975,545,0.08351615071,0.3269934654,1
975,577,-0.21713835,4.087142944,1
975,609,-0.48079741,2.448913336,1
975,641,-0.5980917215,2.539948463,1
975,673,-0.6418023705,2.125520229,1
975,705,-0.9281675816,1.959727168,1
975,737,-0.2024923563,1.016623378,1
975,769,-0.01622545719,-0.4723871946,1
975,801,0.2852125168,2.162201881,1
975,833,-0.3615576029,4.303303719,1
975,865,-1.648934722,7.368098259,1
975,897,0.1158438921,5.81695652,1
975,929,0.4155166745,4.26160574,1
975,961,0.3205861747,0.9746134877,1
975,993,0.3288870156,0.4877174497,1
975,1025,0.3683527708,0.4016688466,1
975,1057,0.4038339853,0.3677302897,1
975,1089,0.4212517738,0.1053972766,1
975,1121,0.1628118753,-0.0229279846,1
975,1153,0.6514306068,-0.550893724,1
975,1185,0.4350499511,-0.5542625785,1
975,1217,0.01918876171,-0.7558113337,1
975,1249,-0.06980156898,-7.088624001,1
975,1281,0.3292215466,-6.178713322,1
975,1313,2.387215853,-6.200581551,1
975,1345,2.868817091,-3.628336191,1
975,1377,3.657760143,-2.136311293,1
975,1409,4.023830891,-1.995386839,1
975,1441,2.70437932,-2.824169874,1
975,1473,2.004121304,-2.131929874,1
975,1505,3.172796011,-2.394779205,1
975,1537,4.003685474,-2.741239548,1
975,1569,3.196025848,-2.048746824,1
975,1601,3.160691738,-2.945163727,1
975,1633,1.965253592,-3.21952486,1
975,1665,1.406863928,-2.029643059,1
975,1697,2.171719074,-2.434099197,1
975,1729,2.595722914,-2.888717651,1
975,1761,3.173155785,-1.619849443,1
975,1793,3.21879673,-1.546877861,1
975,1825,3.007127047,-1.016129971,1
975,1857,1.472074747,0.7670872211,1
975,1889,1.916179419,0.6623911858,1
975,1921,2.413801193,0.1384976804,1
975,1953,3.032775879,-0.2839796543,1
975,1985,6.878112316,-1.21965456,1
975,2017,7.676454544,0.0961933732,1
1007,33,1.271079659,0.3031865954,1
1007,65,2.123396397,-1.24175787,1
1007,97,2.04269743,0.9199576378,1
1007,129,1.599258542,3.52193737,1
1007,161,3.099858284,0.7905983925,1
1007,193,1.115836859,0.7978592515,1
1007,225,-1.351169944,0.5334897637,1
1007,257,0.08446681499,0.2363219857,1
1007,289,0.855997026,0.8125178814,1
1007,321,0.2568252981,1.396499395,1
1007,353,-0.08780509233,2.638776302,1
1007,385,0.3705444932,2.566696167,1
1007,417,0.4397112131,1.146734476,1
1007,449,-0.5743451715,-0.5743976831,1
1007,481,-0.5310200453,-1.441236496,1
1007,513,-0.02727016807,0.9987928867,1
1007,545,0.03572049737,1.260304809,1
1007,577,0.01874157786,1.420956731,1
1007,609,-0.272477895,2.191632032,1
1007,641,-0.4619654417,2.589263916,1
1007,673,-1.036429882,2.265632153,1
1007,705,-1.030267715,3.534589529,1
1007,737,-0.4149922729,1.664192438,1
1007,769,0.651080966,-0.2155921459,1
1007,801,1.404701233,2.105388165,1
1007,833,NaN,NaN,2
1007,865,0.9327522516,6.103021622,1
1007,897,1.9856354,4.046889782,1
1007,929,2.092436552,3.043341875,1
1007,961,0.69623667,1.264467001,1
1007,993,0.2905782163,0.5278152227,1
1007,1025,0.4118316174,0.4273362756,1
1007,1057,0.5446576476,0.1747053862,1
1007,1089,1.633088827,-0.1550603211,1
1007,1121,0.2104124278,-0.1306460798,1
1007,1153,0.2725557685,-0.2946820557,1
1007,1185,0.3537179828,-0.3604035676,1
1007,1217,-0.773438096,-0.4709832668,1
1007,1249,-1.437652111,-1.952940226,1
1007,1281,-0.7338154912,-4.391237259,1
1007,1313,-0.6964761615,-6.199093819,1
1007,1345,0.7391550541,-4.030991077,1
1007,1377,2.457050323,-0.9923026562,1
1007,1409,NaN,NaN,2
1007,1441,2.779943943,-1.684004903,1
1007,1473,1.778995514,0.493734479,1
1007,1505,2.444437981,-0.7550759912,1
1007,1537,3.748351574,-1.811247587,1
1007,1569,2.945979118,-1.383779526,1
1007,1601,2.544562578,-2.046061039,1
1007,1633,2.128272533,-1.766877532,1
1007,1665,1.443582892,-1.223234296,1
1007,1697,1.277997136,-0.9455013275,1
1007,1729,1.672382832,-0.9052311182,1
1007,1761,2.030745983,-0.9720491171,1
1007,1793,2.370581627,-1.819240093,1
1007,1825,3.235185146,-1.050247669,1
1007,1857,3.045977592,1.027174473,1
1007,1889,2.992756844,2.42049551,1
1007,1921,3.655190945,1.199980259,1
1007,1953,4.531489372,0.4897652268,1
1007,1985,5.996227264,0.4970059395,1
1007,2017,5.900603771,-0.3164995909,1
1039,33,2.290093422,0.4242169857,1
1039,65,2.563335419,0.6779463887,1
1039,97,2.423394203,1.913623095,1
1039,129,2.171638489,1.045650959,1
1039,161,2.078055382,1.39304316,1
1039,193,1.50013113,0.9658034444,1
1039,225,0.9393303394,-0.05215185881,1
1039,257,0.7531759739,-0.3405301273,1
1039,289,0.07722640038,0.4703740478,1
1039,321,-0.8186949492,1.207529306,1
1039,353,-0.8011156321,1.469450235,1
1039,385,-0.3665447235,1.016977906,1
1039,417,0.07775652409,1.126228571,1
1039,449,-0.2696802616,1.320697784,1
1039,481,-0.2500510216,1.205379963,1
1039,513,-0.2817181647,1.254860044,1
1039,545,-0.1786190271,1.178944468,1
1039,577,-0.3957455754,1.599307299,1
1039,609,-0.1176522076,2.10555625,1
1039,641,-0.5889431238,2.575371504,1
1039,673,-1.538336277,2.247998714,1
1039,705,-1.575546622,5.103445053,1
1039,737,0.5999988914,2.520587444,1
1039,769,1.805524707,2.405482769,1
1039,801,1.982379198,3.376024246,1
1039,833,1.861121178,1.972841978,1
1039,865,1.693002462,1.666488051,1
1039,897,1.035684109,1.858248949,1
1039,929,1.434882879,2.398339272,1
1039,961,0.7700942755,1.265155077,1
1039,993,0.4906436205,0.6616126299,1
1039,1025,0.5479392409,0.3372457623,1
1039,1057,0.9146431684,0.1156557649,1
1039,1089,0.4704312086,-0.2003692538,1
1039,1121,0.1698815972,-0.0723259449,1
1039,1153,0.08626186848,-0.09437742829,1
1039,1185,-0.02424478531,-0.1896757185,1
1039,1217,-0.2181408107,-1.293694854,1
1039,1249,-0.5906722546,-0.7320786715,1
1039,1281,-2.467402458,-2.273491621,1
1039,1313,-2.338176489,-2.373816252,1
1039,1345,-0.930760324,-1.801567554,1
1039,1377,1.449180841,-1.504077911,1
1039,1409,4.87575531,-3.311508179,1
1039,1441,2.911566257,0.1989210844,1
1039,1473,0.5429232121,1.411477208,1
1039,1505,1.071187735,2.574001312,1
1039,1537,1.47684598,0.5815662146,1
1039,1569,1.363030195,-1.015099168,1
1039,1601,1.66341579,-1.57792902,1
1039,1633,2.087599754,-1.203000188,1
1039,1665,1.597821593,-1.29256022,1
1039,1697,0.1562085152,-0.6055404544,1
1039,1729,NaN,NaN,2
1039,1761,1.809353828,-0.6431878805,1
1039,1793,2.032306671,-0.8313539028,1
1039,1825,2.510646343,0.01118347049,1
1039,1857,3.753778219,1.297344685,1
1039,1889,3.147277832,3.238755226,1
1039,1921,3.542570591,1.114587545,1
1039,1953,5.381821632,0.5167639256,1
1039,1985,3.827464819,0.003122702241,1
1039,2017,3.368795156,-1.613790512,1
1071,33,3.803986073,0.4532580972,1
1071,65,3.578474998,0.6573877335,1
1071,97,3.063345432,0.1060993671,1
1071,129,2.189938545,0.6586823463,1
1071,161,1.553671718,1.183608174,1
1071,193,0.3649767637,1.004460573,1
1071,225,-0.2667006254,1.07557106,1
1071,257,-0.2824041247,1.227440715,1
1071,289,-0.7283930182,0.5382347703,1
1071,321,-1.59799993,0.7442499399,1
1071,353,-2.739177465,0.9474220276,1
1071,385,-2.47115469,0.5352396965,1
1071,417,-0.6557077765,1.171368122,1
1071,449,-0.7391688824,1.655468225,1
1071,481,0.02809399366,1.500660419,1
1071,513,0.5333689451,3.209173441,1
1071,545,-0.1599466503,1.598180532,1
1071,577,-0.05394435674,1.795341372,1
1071,609,0.2603933513,2.111456633,1
1071,641,-0.3562687635,2.868081808,1
1071,673,-0.2959026098,4.001452446,1
1071,705,0.02508851886,4.722881317,1
1071,737,2.29995966,2.971998453,1
1071,769,2.854883671,3.553236246,1
1071,801,2.191492319,2.620182753,1
1071,833,2.127410889,0.4281419516,1
1071,865,1.786953568,-1.243438363,1
1071,897,0.3914192915,0.7860378027,1
1071,929,0.4065015316,1.709538102,1
1071,961,0.7481769919,0.8001739979,1
1071,993,0.5351681709,0.4980789423,1
1071,1025,0.4657408297,0.3457321227,1
1071,1057,0.5301408768,0.1167770624,1
1071,1089,0.3922813833,-0.1014749855,1
1071,1121,0.08660845459,-0.06172594428,1
1071,1153,0.04057829082,0.02515900135,1
1071,1185,-0.04555052519,-0.235462293,1
1071,1217,NaN,NaN,2
1071,1249,-3.705363989,-0.5774582028,1
1071,1281,-3.50748539,-0.724589467,1
1071,1313,-2.213171005,-1.179097056,1
1071,1345,-1.400560141,-1.171856284,1
1071,1377,0.800234139,-1.221865416,1
1071,1409,1.423267007,-0.4734223783,1
1071,1441,1.563886762,0.5376993418,1
1071,1473,1.140497088,1.262476683,1
1071,1505,0.9988347292,3.446446657,1
1071,1537,0.9016822577,1.24668622,1
1071,1569,0.357611239,0.2260780334,1
1071,1601,1.081788898,-0.2440966964,1
1071,1633,2.468207359,-0.8628672361,1
1071,1665,2.640207767,-1.221410036,1
1071,1697,2.394211769,-0.498450458,1
1071,1729,1.904612064,0.4745756984,1
1071,1761,1.914468527,-0.9255347252,1
1071,1793,2.794366837,-2.3498106,1
1071,1825,1.859782219,0.1680640131,1
1071,1857,3.057762146,1.184265852,1
1071,1889,2.980217695,2.426841259,1
1071,1921,2.773699999,1.379907608,1
1071,1953,2.775066853,0.3614464998,1
1071,1985,3.702958584,-0.0123385191,1
1071,2017,4.068552971,-1.631386161,1
1103,33,5.459374428,0.2465441823,1
1103,65,3.865380526,1.110064387,1
1103,97,3.22147584,0.8169522882,1
1103,129,2.223825216,0.6739119887,1
1103,161,1.695622206,0.5505979061,1
1103,193,1.350613475,0.7389932275,1
1103,225,0.6926584244,0.9606263638,1
1103,257,0.3510202169,1.503006816,1
1103,289,-0.1983791739,0.2736074924,1
1103,321,-1.001519084,-0.8841043711,1
1103,353,-1.449237466,-1.167064428,1
1103,385,-1.284007549,-0.02716368437,1
1103,417,-0.05743953586,-0.1932175159,1
1103,449,-0.3704330325,-0.2493590117,1
1103,481,0.3425453901,1.448386431,1
1103,513,0.2228953838,3.262157917,1
1103,545,-0.034375377,1.990313292,1
1103,577,-0.7845531702,1.618391037,1
1103,609,0.1664563417,3.265606165,1
1103,641,1.933841705,2.432061434,1
1103,673,NaN,NaN,2
1103,705,2.108172178,2.059059381,1
1103,737,2.520262241,2.687301874,1
1103,769,2.223289967,3.749925137,1
1103,801,1.582632422,3.064348221,1
1103,833,1.113055706,1.668407917,1
1103,865,1.038798094,-1.474466443,1
1103,897,0.8359696865,-0.1400678158,1
1103,929,1.166571975,1.23124218,1
1103,961,0.7377889752,0.7102937102,1
1103,993,0.153906703,0.4628995061,1
1103,1025,0.1982155442,0.3569729626,1
1103,1057,0.223852396,0.1408231854,1
1103,1089,0.3441178799,0.03428106755,1
1103,1121,0.1592154205,0.05960342288,1
1103,1153,0.05844253302,0.157512024,1
1103,1185,-0.3644496799,-0.9207627177,1
1103,1217,NaN,NaN,2
1103,1249,-0.2129078358,0.1174632907,1
1103,1281,-1.286854506,2.151002645,1
1103,1313,0.02217718959,1.18296504,1
1103,1345,0.4836392999,-0.6833896637,1
1103,1377,0.6713479161,-0.8721037507,1
1103,1409,1.017482162,-0.8172345161,1
1103,1441,0.7964394093,0.2308300436,1
1103,1473,0.3334300518,1.943701029,1
1103,1505,1.170117378,1.114406586,1
1103,1537,NaN,NaN,2
1103,1569,NaN,NaN,2
1103,1601,0.9237565994,1.00567317,1
1103,1633,2.145364761,-0.2117763162,1
1103,1665,2.780346632,-0.6250300407,1
1103,1697,3.493260384,-0.9321100116,1
1103,1729,2.929815531,-0.9480824471,1
1103,1761,2.625693321,-1.023469806,1
1103,1793,2.366181612,-0.9585607648,1
1103,1825,1.597535372,-0.1810043454,1
1103,1857,1.901229382,0.7487703562,1
1103,1889,2.761358261,3.009972811,1
1103,1921,2.284420013,1.022469759,1
1103,1953,2.503656626,0.05666661263,1
1103,1985,3.781811237,-0.004113093019,1
1103,2017,5.502758026,-0.3895255327,1
1135,33,5.91494894,0.03531016037,1
1135,65,3.908984184,1.367035866,1
1135,97,3.519974947,0.9296388626,1
1135,129,2.502060175,2.197115421,1
1135,161,1.902488589,0.6410166025,1
1135,193,1.250060558,0.2329695821,1
1135,225,1.023000836,0.8265182376,1
1135,257,1.634725332,3.255120516,1
1135,289,0.7573091984,2.004138947,1
1135,321,-0.1794650257,-0.9930701256,1
1135,353,-0.2269403636,-1.613238215,1
1135,385,0.2493004203,0.08031052351,1
1135,417,0.6687517762,0.08549964428,1
1135,449,1.388946056,-1.519361496,1
1135,481,0.8135043979,-0.04897320271,1
1135,513,0.01194000244,1.87001884,1
1135,545,-1.663883805,1.872478008,1
1135,577,-0.8696861267,1.68655026,1
1135,609,1.568223238,4.097165108,1
1135,641,4.262473106,2.388522387,1
1135,673,5.127064705,1.249172211,1
1135,705,4.219799995,1.623180628,1
1135,737,3.214838028,2.710558414,1
1135,769,2.839797497,3.67498517,1
1135,801,2.054094076,4.347249985,1
1135,833,1.574737549,2.673834562,1
1135,865,1.274945378,2.844532967,1
1135,897,1.293557405,1.773236036,1
1135,929,3.653449774,1.04332304,1
1135,961,0.8270098567,0.8351019621,1
1135,993,0.2925333083,0.3503053784,1
1135,1025,0.2942817807,0.3290511668,1
1135,1057,0.2758342624,0.2164407969,1
1135,1089,0.2637583315,0.278416574,1
1135,1121,0.1867706478,0.3496138752,1
1135,1153,0.03838045895,0.6388584971,1
1135,1185,0.9231262803,0.5426859856,1
1135,1217,0.9770847559,0.3809909225,1
1135,1249,-1.808590651,0.4220842719,1
1135,1281,-1.046280503,1.265066028,1
1135,1313,0.2775071859,1.060353756,1
1135,1345,3.373960972,0.01145449281,1
1135,1377,1.532275438,-0.5058547258,1
1135,1409,0.8988885283,-1.047946453,1
1135,1441,0.9068155289,-0.3053514063,1
1135,1473,0.4757063389,0.5466579199,1
1135,1505,1.297675729,0.6001488566,1
1135,1537,1.289712548,0.7994499207,1
1135,1569,0.9974291921,1.32370615,1
1135,1601,1.205234766,0.9578309059,1
1135,1633,1.957143545,-0.1052743495,1
1135,1665,2.431042433,-0.5569061637,1
1135,1697,2.86588645,-1.134811759,1
1135,1729,2.848290682,-1.716384292,1
1135,1761,2.558520317,-1.187217355,1
1135,1793,2.688402653,-0.5177278519,1
1135,1825,2.381006956,-0.3763595223,1
1135,1857,2.070235252,0.1079280227,1
1135,1889,2.903265476,0.9531505108,1
1135,1921,2.52451086,-0.2142166942,1
1135,1953,2.388886929,-1.094335318,1
1135,1985,3.174206018,0.02320880443,1
1135,2017,3.71348238,0.04360044003,1
1167,33,4.804255486,0.1109450012,1
1167,65,4.180200577,0.3279772401,1
1167,97,3.738474607,-0.3966462612,1
1167,129,4.489727974,1.087403774,1
1167,161,3.519640923,0.5511534214,1
1167,193,2.216633797,-0.4869743586,1
1167,225,1.264272213,0.1549854875,1
1167,257,1.403479099,2.883683205,1
1167,289,1.708411217,1.726245403,1
1167,321,1.08660841,1.243013978,1
1167,353,1.223444462,-0.2622913122,1
1167,385,0.2693711519,0.1175618768,1
1167,417,1.019185305,0.5903806686,1
1167,449,1.461064458,0.9680987597,1
1167,481,0.1526072323,1.301299095,1
1167,513,0.9428009987,1.076575398,1
1167,545,2.404578209,0.9561334848,1
1167,577,4.247918606,1.658081174,1
1167,609,4.394070625,3.515646696,1
1167,641,4.664381027,3.651570559,1
1167,673,NaN,NaN,2
1167,705,NaN,NaN,2
1167,737,3.254409313,3.678987503,1
1167,769,2.968385696,4.202257156,1
1167,801,2.344293833,4.219216347,1
1167,833,1.954513669,2.526969671,1
1167,865,1.922611952,2.411157846,1
1167,897,1.89407897,2.020911217,1
1167,929,1.196567059,2.160993338,1
1167,961,0.7222345471,1.113145351,1
1167,993,0.2668813467,0.6654465795,1
1167,1025,0.3265847266,0.5065975189,1
1167,1057,-0.1212510765,0.2076255083,1
1167,1089,-0.2999947667,0.6167920828,1
1167,1121,-0.3866961002,0.9796820879,1
1167,1153,0.04665319622,1.547265053,1
1167,1185,0.7667291164,1.37963891,1
1167,1217,1.194299817,0.8079203367,1
1167,1249,0.1278521419,0.3154812455,1
1167,1281,-0.9068650007,-0.25185287,1
1167,1313,-0.5852323174,-0.1309532225,1
1167,1345,1.426079035,0.4453168809,1
1167,1377,3.810218573,0.1208919883,1
1167,1409,0.8769773245,-0.4749422669,1
1167,1441,0.5293104649,-1.37501049,1
1167,1473,0.9840158224,-1.013740778,1
1167,1505,1.446239114,-0.1906945705,1
1167,1537,2.931839943,0.3204891086,1
1167,1569,1.591544151,0.2258780003,1
1167,1601,0.5372753143,-0.3076341748,1
1167,1633,0.8178707361,-0.07175654918,1
1167,1665,0.9383679628,-0.699100554,1
1167,1697,2.513362885,-0.9618113041,1
1167,1729,2.246127367,-1.490407228,1
1167,1761,2.101854801,-1.209743023,1
1167,1793,2.954524755,-0.4946694374,1
1167,1825,3.41040802,-0.1661834121,1
1167,1857,3.38685894,-0.3807661831,1
1167,1889,2.994078636,-0.03279882669,1
1167,1921,2.642538548,-0.4754172862,1
1167,1953,2.226954937,-0.6467754841,1
1167,1985,3.256453753,0.8187254071,1
1167,2017,3.737365961,-0.2448651791,1
1199,33,2.899211884,0.298394829,1
1199,65,3.188378811,-0.2919405699,1
1199,97,3.045073032,-1.013799548,1
1199,129,2.502593756,-0.2554610372,1
1199,161,2.04816699,0.3327490091,1
1199,193,1.650524616,-0.7210513353,1
1199,225,0.7213259339,-2.181415796,1
1199,257,-0.03463739157,0.3939462006,1
1199,289,0.5218020082,0.9130773544,1
1199,321,1.075697064,0.199731797,1
1199,353,0.9100198746,-0.1267932057,1
1199,385,1.413209915,-0.386197865,1
1199,417,1.373272181,0.5814816356,1
1199,449,-0.8883150816,2.663338184,1
1199,481,-0.2947432697,0.9099937081,1
1199,513,1.615112782,0.8316181898,1
1199,545,3.831607342,0.6813205481,1
1199,577,3.371367693,0.944467783,1
1199,609,5.210581779,4.126289368,1
1199,641,6.709211349,5.587192535,1
1199,673,5.96468544,7.234895706,1
1199,705,4.730978966,6.061820507,1
1199,737,2.34201622,3.085264921,1
1199,769,2.602966785,3.421956062,1
1199,801,2.646912336,3.325828791,1
1199,833,1.886944652,2.685726881,1
1199,865,1.245933294,4.148015976,1
1199,897,1.14893508,2.965349197,1
1199,929,1.791941404,3.59342432,1
1199,961,1.152249098,2.247262716,1
1199,993,0.5301396847,1.177569509,1
1199,1025,1.391056776,1.167066097,1
1199,1057,-3.240409374,1.433409929,1
1199,1089,-2.451862335,1.756384492,1
1199,1121,-1.233490348,2.945204496,1
1199,1153,-2.050638199,3.553822279,1
1199,1185,0.3569531143,1.520371199,1
1199,1217,0.5382326841,0.950232029,1
1199,1249,0.118227452,0.9339594245,1
1199,1281,-0.2635351419,-1.292266965,1
1199,1313,-0.954482317,0.004050314426,1
1199,1345,1.499804854,-0.8923413754,1
1199,1377,4.240540981,0.786057055,1
1199,1409,2.987481117,0.9721989632,1
1199,1441,0.9631012678,-1.560765028,1
1199,1473,1.147753119,-1.857379794,1
1199,1505,2.157043934,-0.6331542134,1
1199,1537,1.267614603,-3.056524277,1
1199,1569,-0.04280722141,-2.750842094,1
1199,1601,0.661441505,-1.372785449,1
1199,1633,0.9079748392,0.01296958327,1
1199,1665,1.14007318,-0.6400627494,1
1199,1697,1.557071447,-0.7215115428,1
1199,1729,1.235460877,-0.8931163549,1
1199,1761,0.3785489798,-0.7568179369,1
1199,1793,0.5064903498,0.9178808331,1
1199,1825,2.406562805,0.2203300893,1
1199,1857,3.606850147,-0.194196552,1
1199,1889,3.449505806,-0.3813904822,1
1199,1921,2.899658203,-0.6829855442,1
1199,1953,2.273630857,-0.8040981293,1
1199,1985,2.122572184,-0.02636393905,1
1199,2017,1.636683464,-0.2299025059,1
1231,33,1.767580748,0.3412169218,1
1231,65,1.593536854,-0.3246074319,1
1231,97,2.016097546,0.02476856112,1
1231,129,2.076294422,0.418082267,1
1231,161,1.707292318,0.430205822,1
1231,193,1.288841605,-0.09539946914,1
1231,225,0.3869490623,-1.281292319,1
1231,257,-0.4902653098,-1.085360765,1
1231,289,-0.2124273777,-0.9759492874,1
1231,321,0.2862912416,-0.8418474793,1
1231,353,0.6004856229,-1.187989354,1
1231,385,1.070005178,-0.7530443668,1
1231,417,0.5747952461,-0.5032595396,1
1231,449,-0.02992117405,-1.660983086,1
1231,481,0.03998169303,0.4300934076,1
1231,513,0.530636549,1.202275634,1
1231,545,1.796256065,0.32032305,1
1231,577,NaN,NaN,2
1231,609,2.448923349,6.372853756,1
1231,641,3.822360516,4.684091568,1
1231,673,1.155625343,6.531044483,1
1231,705,0.6267421246,6.539634705,1
1231,737,0.7202270031,3.240828276,1
1231,769,1.137320518,2.890577078,1
1231,801,1.345457435,2.95216465,1
1231,833,1.096795321,6.645856857,1
1231,865,0.912412405,5.814872742,1
1231,897,0.9216535091,6.406981468,1
1231,929,1.687666178,3.764499187,1
1231,961,1.900123119,2.965205908,1
1231,993,0.8436994553,1.609865546,1
1231,1025,0.2637688518,1.48794663,1
1231,1057,-0.3304032087,1.99543047,1
1231,1089,-0.2741051018,1.242944121,1
1231,1121,0.1660488248,0.9666093588,1
1231,1153,-1.238345861,1.259185314,1
1231,1185,0.597861886,1.121541739,1
1231,1217,1.104322553,0.3000763059,1
1231,1249,0.4919650555,0.5214015245,1
1231,1281,0.6063507199,0.1140390337,1
1231,1313,0.2218850255,1.951279283,1
1231,1345,1.077493787,2.020862341,1
1231,1377,1.020752072,4.345659256,1
1231,1409,0.9710033536,3.309636354,1
1231,1441,0.9612854719,0.7233008146,1
1231,1473,1.154824615,0.1632393301,1
1231,1505,1.284091234,0.02171809971,1
1231,1537,0.4786514044,-0.8311045766,1
1231,1569,0.3141195774,-2.061261177,1
1231,1601,0.2098507881,-0.1827125549,1
1231,1633,0.8063132763,-0.4109595418,1
1231,1665,1.386156797,-0.4366583824,1
1231,1697,1.225947618,-0.3447976112,1
1231,1729,0.8014051914,-0.8133428097,1
1231,1761,0.724993825,-0.1361025572,1
1231,1793,1.079879761,2.533702374,1
1231,1825,1.903608918,0.5796090364,1
1231,1857,3.519311905,-0.5872575641,1
1231,1889,3.378432274,-1.182244897,1
1231,1921,2.293470383,-1.509248257,1
1231,1953,1.276973724,-0.9782979488,1
1231,1985,1.881689787,-0.2186851352,1
1231,2017,1.829622507,-0.1579918861,1
1263,33,1.436834335,0.2282653153,1
1263,65,0.4107509851,-0.2649329901,1
1263,97,1.763152957,0.5558223724,1
1263,129,1.693079233,-0.07815383375,1
1263,161,1.547106385,-0.3613282442,1
1263,193,1.295768976,-0.2480360866,1
1263,225,-0.333791852,-0.3959710002,1
1263,257,-0.838126719,-1.927299976,1
1263,289,0.2438102663,-1.632309198,1
1263,321,0.4694681168,-1.053048372,1
1263,353,0.9769479036,-1.482260466,1
1263,385,2.152404308,-2.082945108,1
1263,417,2.839677811,-4.429543972,1
1263,449,0.5988613367,-3.163266182,1
1263,481,-0.2787630558,-0.3271697164,1
1263,513,0.5922885537,-0.4118478298,1
1263,545,1.059788227,-0.3875858188,1
1263,577,1.575353384,0.988669157,1
1263,609,1.809565187,5.717742443,1
1263,641,1.220862508,4.514698029,1
1263,673,0.2018666863,5.219493866,1
1263,705,-0.7262683511,4.362386703,1
1263,737,-0.5871858001,2.936879635,1
1263,769,-0.1830968112,2.49011302,1
1263,801,-0.07999622822,2.443912983,1
1263,833,NaN,NaN,2
1263,865,NaN,NaN,2
1263,897,-0.0269498229,6.695022106,1
1263,929,0.8321461678,3.122816563,1
1263,961,1.014070272,1.801566362,1
1263,993,0.7750000358,1.536466002,1
1263,1025,0.2879346609,1.393830895,1
1263,1057,-0.6340721846,0.6194101572,1
1263,1089,-0.001171186566,0.4263926744,1
1263,1121,1.141222477,1.043025851,1
1263,1153,1.048997879,1.555361032,1
1263,1185,2.2754879,1.377314806,1
1263,1217,NaN,NaN,2
1263,1249,-1.588074923,-1.821421742,1
1263,1281,0.1755126119,0.5392688513,1
1263,1313,0.2459267974,0.9287847281,1
1263,1345,-0.05066809058,3.194065571,1
1263,1377,-1.519007683,3.458071232,1
1263,1409,-1.963799,2.190234661,1
1263,1441,NaN,NaN,2
1263,1473,1.824424744,0.125870496,1
1263,1505,1.977007866,0.1866576225,1
1263,1537,1.808330059,-0.1992473304,1
1263,1569,1.528653026,-1.508553743,1
1263,1601,0.9632575512,-1.416412234,1
1263,1633,0.9934691191,-0.6207796931,1
1263,1665,1.317683101,0.0711921528,1
1263,1697,1.384757519,0.4581097662,1
1263,1729,-0.07905751467,0.4423442185,1
1263,1761,0.7589776516,1.501544237,1
1263,1793,1.525021672,2.589679718,1
1263,1825,0.9156110287,1.81453526,1
1263,1857,2.250406265,-2.914115429,1
1263,1889,2.940469742,-2.898701429,1
1263,1921,1.959976673,-1.449403048,1
1263,1953,2.048967123,-1.052143455,1
1263,1985,3.456132889,-0.07400596142,1
1263,2017,4.375385761,0.1181278229,1
1295,33,1.101816416,0.09991639853,1
1295,65,NaN,NaN,2
1295,97,3.049244404,-0.04694266617,1
1295,129,2.052465677,0.09702783823,1
1295,161,2.279921055,0.6325824261,1
1295,193,2.13361454,0.662756145,1
1295,225,1.18490684,0.3973805308,1
1295,257,1.05516696,-0.1538982987,1
1295,289,1.72454226,-0.2117712498,1
1295,321,2.442165613,-0.3607781529,1
1295,353,2.61442709,-0.9711319208,1
1295,385,1.897347927,-1.284182787,1
1295,417,0.7437076569,-2.276686192,1
1295,449,-0.1640758514,-1.224058986,1
1295,481,0.2059876323,-0.362762332,1
1295,513,0.6333295107,-0.4395448565,1
1295,545,0.9734816551,-0.4754128456,1
1295,577,2.023780584,0.2792196274,1
1295,609,2.017015934,2.21069479,1
1295,641,1.888887882,2.759011745,1
1295,673,0.4929720759,2.673958302,1
1295,705,-1.126905203,2.380430222,1
1295,737,-2.725850344,2.506629705,1
1295,769,-1.115927577,1.884701252,1
1295,801,-0.1091537476,1.819900036,1
1295,833,1.709955096,2.201035738,1
1295,865,2.713670492,1.513862133,1
1295,897,1.419590116,2.398670912,1
1295,929,0.9366465807,-0.3993647099,1
1295,961,-1.025375843,2.653723478,1
1295,993,-1.106422663,3.999033928,1
1295,1025,-1.426136374,2.380238295,1
1295,1057,-0.1578623056,-0.1322426796,1
1295,1089,0.2307317853,0.05264741182,1
1295,1121,0.5328282118,1.331667185,1
1295,1153,2.066556931,0.8409227729,1
1295,1185,3.313088417,-1.51354599,1
1295,1217,4.051436901,-3.80394578,1
1295,1249,2.67079711,0.6820237637,1
1295,1281,-0.3780543804,0.721460402,1
1295,1313,0.3483507037,0.7909653187,1
1295,1345,0.608632803,0.4840677679,1
1295,1377,0.5544430017,0.4423817396,1
1295,1409,-1.469483614,0.504633069,1
1295,1441,1.605068922,0.428882122,1
1295,1473,2.516300678,0.3315429389,1
1295,1505,2.748021603,0.1333122253,1
1295,1537,2.332157135,0.07222294807,1
1295,1569,1.564147592,-1.131971478,1
1295,1601,0.6465067267,-1.432677746,1
1295,1633,0.5891100168,-0.2648582757,1
1295,1665,1.208268523,0.3241430223,1
1295,1697,1.217356205,0.7833138704,1
1295,1729,0.6274540424,0.8015102148,1
1295,1761,0.8542503119,0.7227579951,1
1295,1793,1.239477873,2.046895742,1
1295,1825,0.96337533,1.962478876,1
1295,1857,0.7571746111,-1.427748322,1
1295,1889,2.04200983,-1.194244981,1
1295,1921,2.969356775,-1.511569858,1
1295,1953,3.487105131,-1.623150229,1
1295,1985,1.861370802,0.3204571009,1
1295,2017,1.431598902,0.1470513344,1
1327,33,1.593693733,0.1097460538,1
1327,65,1.899744272,0.02602088451,1
1327,97,2.65058279,0.3113481998,1
1327,129,2.914067268,1.243705988,1
1327,161,2.576884747,1.028246045,1
1327,193,2.3628757,1.803290367,1
1327,225,2.135211468,1.198337555,1
1327,257,1.850584269,0.9609482884,1
1327,289,2.6856637,0.4571194649,1
1327,321,4.168973923,-0.2521840334,1
1327,353,3.555366755,-0.9843954444,1
1327,385,2.04827404,-0.9247016907,1
1327,417,-0.3712458611,-1.089356661,1
1327,449,-1.158172727,-0.402240932,1
1327,481,-0.3031309843,0.2321893871,1
1327,513,0.412098825,0.3807738423,1
1327,545,0.5230757594,-0.06504489481,1
1327,577,0.7164468765,-0.4285656214,1
1327,609,1.092631578,-0.0477540493,1
1327,641,0.8164215088,0.4697742462,1
1327,673,0.04243507236,1.480806589,1
1327,705,-0.6273952723,1.600673556,1
1327,737,-0.8147569895,2.294709444,1
1327,769,-1.385114789,1.189259052,1
1327,801,-0.8507527709,0.4950342178,1
1327,833,3.544408321,2.626669407,1
1327,865,3.4487257,1.414405346,1
1327,897,1.706535697,1.455874443,1
1327,929,0.08504617214,2.031682014,1
1327,961,NaN,NaN,2
1327,993,-0.7529013157,4.820568085,1
1327,1025,-0.6116371155,-0.6294466257,1
1327,1057,0.3672077656,-1.655598402,1
1327,1089,0.8561453819,-1.096684813,1
1327,1121,0.7087304592,-0.1517863274,1
1327,1153,2.661813498,-0.1998459101,1
1327,1185,3.90873909,-0.674519062,1
1327,1217,NaN,NaN,2
1327,1249,4.054440498,1.541117072,1
1327,1281,1.386105537,0.8563150764,1
1327,1313,0.9291138649,0.2261525095,1
1327,1345,1.012803793,-0.08854651451,1
1327,1377,1.048083067,0.4048449397,1
1327,1409,1.418964863,0.2021863461,1
1327,1441,2.027715206,0.7858687639,1
1327,1473,2.637328863,0.7466341257,1
1327,1505,3.017721891,0.4910369217,1
1327,1537,2.670749426,0.2592434883,1
1327,1569,1.376590133,-1.242048144,1
1327,1601,1.067511797,-1.588966489,1
1327,1633,0.8482379317,-0.6271884441,1
1327,1665,1.147464514,0.1944260001,1
1327,1697,0.9524946213,0.7005558014,1
1327,1729,-0.3174186945,0.8614673018,1
1327,1761,0.2687621117,0.8134340048,1
1327,1793,0.5707420111,1.981163621,1
1327,1825,0.4850739241,0.7649976015,1
1327,1857,0.5336953402,-0.07447513938,1
1327,1889,1.224021196,-0.3034686148,1
1327,1921,2.07364583,-1.19237721,1
1327,1953,1.920488834,-1.28836441,1
1327,1985,1.178920507,0.9868561029,1
1327,2017,1.678971767,-0.2532958984,1
1359,33,1.633369684,0.09223738313,1
1359,65,1.766449928,0.1948228627,1
1359,97,2.067435265,0.359778583,1
1359,129,2.265262365,0.7306790948,1
1359,161,2.206170082,0.5173791051,1
1359,193,2.828389168,1.606971979,1
1359,225,2.785069942,1.158229709,1
1359,257,0.6994922161,0.3375830054,1
1359,289,2.295577765,0.2646765709,1
1359,321,2.714162827,-0.5695169568,1
1359,353,2.065917492,-2.889859438,1
1359,385,0.5806424618,-0.8334442377,1
1359,417,-0.515619278,-0.8785572052,1
1359,449,-1.16382885,-1.138509631,1
1359,481,-0.2544292212,0.1291358471,1
1359,513,0.1510412693,2.294652939,1
1359,545,0.4460149407,0.4682040811,1
1359,577,0.538194418,0.1697856784,1
1359,609,0.09528374672,0.2682005763,1
1359,641,-1.382936835,-0.966848135,1
1359,673,1.012716174,-1.569721341,1
1359,705,-0.196400404,0.866117239,1
1359,737,-2.971481085,1.505163908,1
1359,769,-2.47772336,1.052095294,1
1359,801,-0.1733416915,-0.01284146309,1
1359,833,2.762733698,0.4683296084,1
1359,865,2.329549074,-0.5963903069,1
1359,897,2.320048094,1.138333797,1
1359,929,-0.9787582159,4.903892517,1
1359,961,-1.905988693,4.495490074,1
1359,993,-0.2639065981,-0.1425107718,1
1359,1025,-0.0582421273,-1.733935118,1
1359,1057,-0.8412356377,-1.327949643,1
1359,1089,0.490593195,-1.072051287,1
1359,1121,1.145257473,-0.9083823562,1
1359,1153,1.699632406,-0.7054381371,1
1359,1185,2.526299477,0.2725007534,1
1359,1217,2.725770235,0.5992277861,1
1359,1249,2.843236446,1.565253377,1
1359,1281,1.941324711,0.4273836911,1
1359,1313,1.24494493,-0.8817794323,1
1359,1345,0.9932804108,-0.725148797,1
1359,1377,1.351712227,0.7107074261,1
1359,1409,1.827199221,1.499837995,1
1359,1441,2.167510748,1.061331511,1
1359,1473,2.843696117,0.8398380876,1
1359,1505,2.726597071,0.5536011457,1
1359,1537,2.53877902,-0.1656754017,1
1359,1569,1.99980855,-2.011927605,1
1359,1601,1.566505194,-2.776512146,1
1359,1633,1.405494213,-1.531424999,1
1359,1665,1.301714063,0.04979038239,1
1359,1697,0.5890244246,0.6211326122,1
1359,1729,0.7909140587,0.6839005947,1
1359,1761,0.7950731516,0.4934970737,1
1359,1793,0.3617149591,1.024719,1
1359,1825,0.4773468971,0.483455807,1
1359,1857,0.3892016411,-0.6137520075,1
1359,1889,1.117532492,-0.9221608639,1
1359,1921,1.035255909,-0.9952934384,1
1359,1953,0.8198775053,-0.7167705894,1
1359,1985,0.9136890173,0.3063636422,1
1359,2017,1.562223434,-0.3397544622,1
1391,33,1.411480427,-0.02023230493,1
1391,65,1.693636894,0.08888220787,1
1391,97,1.847744703,0.5740264058,1
1391,129,1.766682625,0.5006359816,1
1391,161,2.426553965,0.2856325507,1
1391,193,2.46123457,0.7978346944,1
1391,225,2.084215403,0.9224089384,1
1391,257,-0.4942342043,-1.090092659,1
1391,289,NaN,NaN,2
1391,321,NaN,NaN,2
1391,353,NaN,NaN,2
1391,385,-0.316275835,-0.9227004051,1
1391,417,-0.1931752861,-1.001183867,1
1391,449,-0.9381636977,-1.179526567,1
1391,481,-1.183452129,-0.4557679296,1
1391,513,1.309574842,2.523538351,1
1391,545,0.9810320139,0.8332488537,1
1391,577,0.4910494685,0.8825150728,1
1391,609,0.05038416386,0.876155138,1
1391,641,-0.1414571404,0.7488517761,1
1391,673,-0.025874082,-0.3938599229,1
1391,705,0.02596890926,0.5840263367,1
1391,737,-1.202757001,0.8137897253,1
1391,769,0.2482455373,0.4987588525,1
1391,801,0.7968554497,0.2539841533,1
1391,833,2.781718731,0.1769040227,1
1391,865,1.930369616,0.05441260338,1
1391,897,0.4107986093,1.486436129,1
1391,929,-0.9774824381,3.727256536,1
1391,961,-1.337638855,0.4751632214,1
1391,993,-0.4588213265,-1.467632651,1
1391,1025,-0.3280333877,-0.8503667116,1
1391,1057,-0.6154120564,-0.3850426674,1
1391,1089,1.119351983,-0.7190588713,1
1391,1121,1.271576405,-1.586784363,1
1391,1153,1.73802793,-0.3695902228,1
1391,1185,2.884133816,0.3927658796,1
1391,1217,2.374432802,0.2169572711,1
1391,1249,1.989490032,0.4888144135,1
1391,1281,1.266710162,0.9477642179,1
1391,1313,0.9133945704,0.974413693,1
1391,1345,2.479978561,1.682503462,1
1391,1377,2.890699863,2.131916046,1
1391,1409,1.983746529,1.359223127,1
1391,1441,1.978989363,1.157248259,1
1391,1473,1.899091959,1.016734362,1
1391,1505,2.123990059,0.6095373034,1
1391,1537,3.822680235,-2.534967661,1
1391,1569,3.369619131,-2.342351437,1
1391,1601,2.398342609,-2.261250019,1
1391,1633,1.85488534,-0.05174143612,1
1391,1665,1.208467245,1.355210423,1
1391,1697,0.9531236887,2.62843442,1
1391,1729,1.005563378,0.3730866313,1
1391,1761,1.419666052,0.1276679039,1
1391,1793,0.9363400936,0.06152008474,1
1391,1825,1.180585265,0.05850496143,1
1391,1857,1.085512161,-1.480684996,1
1391,1889,0.9647493362,-0.08995366096,1
1391,1921,1.513563514,-0.7302820683,1
1391,1953,1.293799639,-2.055461884,1
1391,1985,2.745377541,-1.596575975,1
1391,2017,2.070084333,-0.4575635195,1
1423,33,1.283324957,0.1639244556,1
1423,65,1.572985172,-0.01806693524,1
1423,97,2.192795038,0.8606979251,1
1423,129,1.99290967,0.7408041358,1
1423,161,2.578988552,0.3067904711,1
1423,193,2.778874159,0.2912114561,1
1423,225,0.801073432,1.433717012,1
1423,257,0.7362082005,-0.2505024076,1
1423,289,0.5519962311,-0.1163662747,1
1423,321,0.7051472664,0.3554250598,1
1423,353,1.37932229,0.3392809033,1
1423,385,1.534194112,0.02980649471,1
1423,417,-0.02774855494,-0.8434496522,1
1423,449,-0.9829514027,-1.43951416,1
1423,481,-0.6396294832,-0.6950938106,1
1423,513,0.6561892629,0.02678442001,1
1423,545,0.8784339428,0.6865673065,1
1423,577,0.6497828364,0.6604943275,1
1423,609,0.4828060269,0.9891450405,1
1423,641,-0.3171741962,1.195289612,1
1423,673,-1.368242741,0.03617966175,1
1423,705,0.2812534571,0.5579336286,1
1423,737,0.1326011121,0.5158263445,1
1423,769,0.3953222036,-0.3006044626,1
1423,801,0.7831561565,0.2002707124,1
1423,833,0.7773302794,0.02098464966,1
1423,865,0.01064875722,1.365795493,1
1423,897,-0.765252471,1.157940865,1
1423,929,-1.003815293,0.8827770948,1
1423,961,-1.049164057,0.4680230618,1
1423,993,-0.2398721874,-0.02836379409,1
1423,1025,1.146470785,0.3094551563,1
1423,1057,0.5303454399,0.8411140442,1
1423,1089,1.297456026,-0.1297953129,1
1423,1121,1.711462617,-1.400428891,1
1423,1153,1.819893599,-0.08978509903,1
1423,1185,2.796498775,0.6168538332,1
1423,1217,2.283088446,-0.04639416933,1
1423,1249,1.052321196,0.07814311981,1
1423,1281,0.8371409178,0.8171077967,1
1423,1313,1.082634091,0.7812221646,1
1423,1345,2.67805171,2.077715635,1
1423,1377,2.831907272,1.145155311,1
1423,1409,NaN,NaN,0
1423,1441,NaN,NaN,0
1423,1473,NaN,NaN,0
1423,1505,NaN,NaN,0
1423,1537,NaN,NaN,0
1423,1569,NaN,NaN,0
1423,1601,2.517326832,-0.6058648825,1
1423,1633,1.220579386,0.3230251968,1
1423,1665,1.090945601,1.365286112,1
1423,1697,-0.01621198654,3.336219549,1
1423,1729,NaN,NaN,2
1423,1761,0.7453112006,0.1738574207,1
1423,1793,1.433501005,0.03297863901,1
1423,1825,2.118845463,-0.1122432351,1
1423,1857,1.485271811,-0.0188245438,1
1423,1889,1.085757732,0.8896558881,1
1423,1921,1.994006276,0.05353215337,1
1423,1953,2.28664732,-0.6989791393,1
1423,1985,1.738030076,-0.7533717752,1
1423,2017,2.071005583,-0.2560843229,1
1455,33,0.4191462398,0.07101070881,1
1455,65,0.6841984391,0.02564290911,1
1455,97,1.685993791,1.265760541,1
1455,129,NaN,NaN,2
1455,161,3.08607173,0.2431249619,1
1455,193,3.253518105,0.01896047592,1
1455,225,2.182637691,-0.6341028214,1
1455,257,1.082380295,-0.6363877654,1
1455,289,0.5658987761,0.6140093207,1
1455,321,0.2352940142,2.582974434,1
1455,353,NaN,NaN,2
1455,385,0.9648841619,0.5714754462,1
1455,417,0.199434042,-0.0844810605,1
1455,449,0.3550969362,-1.43309021,1
1455,481,0.4810916781,-0.5703135133,1
1455,513,0.3749625683,3.728086472,1
1455,545,1.342006922,1.525591373,1
1455,577,0.9767321348,-1.55654335,1
1455,609,-0.1708687842,-1.161797523,1
1455,641,-0.5802651644,1.24180913,1
1455,673,-0.409163475,3.15004158,1
1455,705,-0.2336570024,0.8763709664,1
1455,737,-0.3170312941,0.4027945399,1
1455,769,0.5011818409,-0.8430181742,1
1455,801,1.218135715,0.3561299443,1
1455,833,0.9136491418,1.004443049,1
1455,865,-0.1302918494,1.507560015,1
1455,897,-1.930650711,1.417718172,1
1455,929,-2.379089355,1.319383979,1
1455,961,-1.299971104,1.958596826,1
1455,993,0.3084340692,1.320382595,1
1455,1025,1.97254014,1.472412348,1
1455,1057,1.647325039,1.275588393,1
1455,1089,1.36934042,0.6103409529,1
1455,1121,1.438306808,0.2764964998,1
1455,1153,NaN,NaN,0
1455,1185,0.5081996918,0.3694939613,1
1455,1217,1.144790053,-0.1546977162,1
1455,1249,1.683478117,0.1526920199,1
1455,1281,1.097512126,0.3573484421,1
1455,1313,NaN,NaN,0
1455,1345,NaN,NaN,0
1455,1377,NaN,NaN,0
1455,1409,NaN,NaN,0
1455,1441,NaN,NaN,0
1455,1473,NaN,NaN,0
1455,1505,NaN,NaN,0
1455,1537,NaN,NaN,0
1455,1569,NaN,NaN,0
1455,1601,4.307489872,-0.2417246103,1
1455,1633,2.553526402,-0.818526268,1
1455,1665,0.7050590515,0.276956141,1
1455,1697,0.2655386329,0.5810437799,1
1455,1729,0.4313030839,-0.8288263679,1
1455,1761,0.664219141,-1.365950465,1
1455,1793,1.518788218,0.1794269681,1
1455,1825,1.801423192,0.7932804227,1
1455,1857,1.796907425,0.03424302489,1
1455,1889,1.652715206,0.01847338676,1
1455,1921,1.396551013,-0.196939528,1
1455,1953,1.553773284,-0.1511008441,1
1455,1985,NaN,NaN,0
1455,2017,NaN,NaN,0
1487,33,-0.3232343793,-0.01674222946,1
1487,65,0.6335601211,-0.07922618091,1
1487,97,0.5544427633,1.33420372,1
1487,129,1.5741359,2.172036648,1
1487,161,2.412536383,1.787218332,1
1487,193,3.059602261,1.021716833,1
1487,225,2.101991177,-1.372208118,1
1487,257,1.04315424,-0.118260622,1
1487,289,-1.518475533,1.238748789,1
1487,321,-0.770881176,2.008211613,1
1487,353,0.2167097032,2.966486454,1
1487,385,0.6718229055,1.041020155,1
1487,417,2.843188286,1.390015244,1
1487,449,3.616995335,1.345629573,1
1487,481,3.866298676,2.275265694,1
1487,513,5.068124771,4.281362057,1
1487,545,3.282128811,3.106913567,1
1487,577,1.642483711,1.569218636,1
1487,609,-0.2171745002,-0.9586706161,1
1487,641,-0.8974763155,0.8831057549,1
1487,673,-1.176071286,1.168773174,1
1487,705,-1.072679996,0.8758462667,1
1487,737,-0.3146434426,0.5958898067,1
1487,769,0.5225254297,-0.7867033482,1
1487,801,0.9078917503,0.250140667,1
1487,833,0.9516406655,0.4141045809,1
1487,865,0.3805127144,1.321888924,1
1487,897,0.169654429,2.245202065,1
1487,929,-0.6607278585,1.815387726,1
1487,961,-0.9006254077,1.984526873,1
1487,993,0.4131443501,1.849786878,1
1487,1025,1.89009726,1.498782635,1
1487,1057,1.421860814,1.381006956,1
1487,1089,1.023281217,1.30751133,1
1487,1121,0.8617399931,0.9087618589,1
1487,1153,NaN,NaN,0
1487,1185,NaN,NaN,0
1487,1217,NaN,NaN,0
1487,1249,NaN,NaN,0
1487,1281,NaN,NaN,0
1487,1313,NaN,NaN,0
1487,1345,NaN,NaN,0
1487,1377,NaN,NaN,0
1487,1409,NaN,NaN,0
1487,1441,NaN,NaN,0
1487,1473,NaN,NaN,0
1487,1505,NaN,NaN,0
1487,1537,NaN,NaN,0
1487,1569,NaN,NaN,0
1487,1601,NaN,NaN,0
1487,1633,NaN,NaN,2
1487,1665,0.5854741335,0.208407253,1
1487,1697,0.7097294331,0.3768885434,1
1487,1729,1.483736038,-0.9234153628,1
1487,1761,2.180613041,-0.3384085596,1
1487,1793,1.483304739,0.2512295544,1
1487,1825,1.512922645,0.9203779697,1
1487,1857,1.757789254,0.08117049187,1
1487,1889,2.173734665,-0.4652383626,1
1487,1921,2.099411964,-1.481574774,1
1487,1953,NaN,NaN,0
1487,1985,NaN,NaN,0
1487,2017,NaN,NaN,0
1519,33,-0.8175366521,0.05105185509,1
1519,65,0.7006514668,-0.006541609764,1
1519,97,1.094838738,0.7067152262,1
1519,129,1.332624555,0.8103318214,1
1519,161,1.380941033,1.57403636,1
1519,193,2.019174099,2.854948044,1
1519,225,1.638545275,0.03440368176,1
1519,257,0.5903938413,0.18847844,1
1519,289,-1.223896027,0.6953833103,1
1519,321,-1.515735865,1.286056519,1
1519,353,-0.5583841801,2.081594706,1
1519,385,1.336860061,2.159698009,1
1519,417,1.623018026,2.772871971,1
1519,449,3.214305162,1.81213975,1
1519,481,4.403606892,2.113834381,1
1519,513,3.191215992,4.013120174,1
1519,545,1.471491456,2.100453615,1
1519,577,1.511052847,2.192117214,1
1519,609,1.921078324,1.056692481,1
1519,641,-1.117855191,0.3730986118,1
1519,673,-1.472105742,1.005129814,1
1519,705,-1.067630768,0.9376422763,1
1519,737,-0.09846322238,1.232619882,1
1519,769,0.8237487078,1.101386428,1
1519,801,1.676371098,0.2825905085,1
1519,833,1.267973423,0.5928000212,1
1519,865,0.4711355269,1.520644426,1
1519,897,0.6251294613,3.164960861,1
1519,929,0.547408402,1.775373816,1
1519,961,0.2427911758,1.801303148,1
1519,993,0.6562180519,2.06947422,1
1519,1025,1.209189057,1.499278903,1
1519,1057,1.195740938,1.583876133,1
1519,1089,0.97912848,1.846012235,1
1519,1121,1.471715689,0.8172011375,1
1519,1153,1.697292566,-0.3220975399,1
1519,1185,NaN,NaN,0
1519,1217,NaN,NaN,0
1519,1249,NaN,NaN,0
1519,1281,NaN,NaN,0
1519,1313,NaN,NaN,0
1519,1345,NaN,NaN,0
1519,1377,NaN,NaN,0
1519,1409,NaN,NaN,0
1519,1441,NaN,NaN,0
1519,1473,NaN,NaN,0
1519,1505,NaN,NaN,0
1519,1537,NaN,NaN,0
1519,1569,NaN,NaN,0
1519,1601,NaN,NaN,0
1519,1633,NaN,NaN,0
1519,1665,1.028052211,1.288334727,1
1519,1697,1.085017562,-0.220484376,1
1519,1729,1.711554527,-1.520485163,1
1519,1761,2.764027119,-0.05664946511,1
1519,1793,1.541257739,0.3810826242,1
1519,1825,1.294507265,0.1742731631,1
1519,1857,1.828330517,-0.003193125129,1
1519,1889,2.201742411,-0.3982847333,1
1519,1921,NaN,NaN,0
1519,1953,NaN,NaN,0
1519,1985,NaN,NaN,0
1519,2017,NaN,NaN,0
1551,33,0.5223104954,0.2496783733,1
1551,65,0.9918270707,0.2422699481,1
1551,97,1.303458929,0.006459891796,1
1551,129,1.562083125,0.359593153,1
1551,161,1.090937972,0.9437251687,1
1551,193,0.9216051102,1.774137497,1
1551,225,0.7982722521,1.000148535,1
1551,257,0.9183382392,0.3384441733,1
1551,289,0.6213427782,0.308226347,1
1551,321,-0.9528172016,0.7884613276,1
1551,353,-1.578040361,2.003074646,1
1551,385,0.09627479315,3.483455896,1
1551,417,0.7094181776,3.150435209,1
1551,449,0.7242350578,1.664507389,1
1551,481,1.220003366,1.935935259,1
1551,513,1.028316736,2.725292444,1
1551,545,0.6526819468,0.4076337814,1
1551,577,0.6979635358,0.2167714834,1
1551,609,0.29360044,0.4720857739,1
1551,641,-0.6567739248,0.289296329,1
1551,673,-2.057079315,1.223231554,1
1551,705,-0.4205384851,1.096113086,1
1551,737,0.5241813064,1.479340434,1
1551,769,0.7813667655,2.262063503,1
1551,801,0.9967881441,1.648147106,1
1551,833,0.6153274775,1.507175326,1
1551,865,0.4058201313,2.091554642,1
1551,897,0.5765106082,2.42161274,1
1551,929,0.5271806717,1.652966619,1
1551,961,0.7852166295,2.223019838,1
1551,993,1.3118186,1.966079831,1
1551,1025,1.387015939,1.533056021,1
1551,1057,1.348334074,1.694917202,1
1551,1089,0.9220535755,1.03151226,1
1551,1121,1.070081949,0.7267822623,1
1551,1153,NaN,NaN,0
1551,1185,NaN,NaN,0
1551,1217,NaN,NaN,0
1551,1249,NaN,NaN,0
1551,1281,NaN,NaN,0
1551,1313,NaN,NaN,0
1551,1345,NaN,NaN,0
1551,1377,NaN,NaN,0
1551,1409,NaN,NaN,0
1551,1441,NaN,NaN,0
1551,1473,NaN,NaN,0
1551,1505,NaN,NaN,0
1551,1537,NaN,NaN,0
1551,1569,NaN,NaN,0
1551,1601,NaN,NaN,0
1551,1633,NaN,NaN,0
1551,1665,NaN,NaN,0
1551,1697,NaN,NaN,0
1551,1729,NaN,NaN,0
1551,1761,NaN,NaN,2
1551,1793,1.897995472,0.2961815894,1
1551,1825,NaN,NaN,0
1551,1857,NaN,NaN,0
1551,1889,NaN,NaN,0
1551,1921,NaN,NaN,0
1551,1953,NaN,NaN,0
1551,1985,NaN,NaN,0
1551,2017,NaN,NaN,0
1583,33,NaN,NaN,0
1583,65,NaN,NaN,0
1583,97,0.9762298465,0.1960578561,1
1583,129,1.037777424,0.4645960033,1
1583,161,0.8887658119,0.6174876094,1
1583,193,0.5091387033,0.7265662551,1
1583,225,0.4924739003,0.8150199056,1
1583,257,0.9353557229,0.594227016,1
1583,289,1.023156881,0.7991424799,1
1583,321,0.2778826952,0.7340244651,1
1583,353,0.6435472965,1.603569627,1
1583,385,0.8179364204,4.234791756,1
1583,417,0.470582217,4.126907349,1
1583,449,0.2107731104,1.457384825,1
1583,481,0.1103589982,1.595278978,1
1583,513,0.2866589725,0.2822393775,1
1583,545,0.4758449197,-2.392734289,1
1583,577,0.6030071378,0.07390284538,1
1583,609,0.5678791404,0.1239840984,1
1583,641,0.1241369843,0.04321908951,1
1583,673,-0.1300962865,1.050489187,1
1583,705,-0.1682467461,1.582883,1
1583,737,-0.8867938519,1.701846242,1
1583,769,-0.5357125401,1.885141134,1
1583,801,0.2613476813,1.646102428,1
1583,833,0.6060241461,2.000799656,1
1583,865,0.5164023638,2.072025537,1
1583,897,0.7147763968,1.825039744,1
1583,929,0.9253822565,1.631943107,1
1583,961,0.8444486856,2.117470503,1
1583,993,1.281352758,1.718863964,1
1583,1025,1.68119216,1.141070962,1
1583,1057,1.873176932,1.105255365,1
1583,1089,1.818786502,0.9918007851,1
1583,1121,1.422803521,0.7529407144,1
1583,1153,NaN,NaN,0
1583,1185,NaN,NaN,0
1583,1217,NaN,NaN,0
1583,1249,NaN,NaN,0
1583,1281,NaN,NaN,0
1583,1313,NaN,NaN,0
1583,1345,NaN,NaN,0
1583,1377,NaN,NaN,0
1583,1409,NaN,NaN,0
1583,1441,NaN,NaN,0
1583,1473,NaN,NaN,0
1583,1505,NaN,NaN,0
1583,1537,NaN,NaN,0
1583,1569,NaN,NaN,0
1583,1601,NaN,NaN,0
1583,1633,NaN,NaN,0
1583,1665,NaN,NaN,0
1583,1697,NaN,NaN,0
1583,1729,NaN,NaN,0
1583,1761,NaN,NaN,0
1583,1793,NaN,NaN,0
1583,1825,NaN,NaN,0
1583,1857,NaN,NaN,0
1583,1889,NaN,NaN,0
1583,1921,NaN,NaN,0
1583,1953,NaN,NaN,0
1583,1985,NaN,NaN,0
1583,2017,NaN,NaN,0
1615,33,NaN,NaN,0
1615,65,NaN,NaN,0
1615,97,NaN,NaN,0
1615,129,NaN,NaN,0
1615,161,0.9393417239,0.02028572559,1
1615,193,0.5233638883,0.4097827673,1
1615,225,0.143244803,0.8548371792,1
1615,257,0.5314310789,0.3377218246,1
1615,289,0.8446659446,0.2579379678,1
1615,321,0.7325780392,-0.3573701382,1
1615,353,NaN,NaN,0
1615,385,NaN,NaN,0
1615,417,NaN,NaN,0
1615,449,-0.03510001302,0.5270206928,1
1615,481,-0.5556237698,1.130489588,1
1615,513,-0.1784279346,1.135564208,1
1615,545,0.2951912582,-0.9566327929,1
1615,577,0.4745868742,0.2712332308,1
1615,609,0.566904068,0.4205465317,1
1615,641,0.7150816321,0.49725914,1
1615,673,1.110690355,0.9493105412,1
1615,705,0.1566033065,1.521658301,1
1615,737,-0.9912731647,1.750149012,1
1615,769,-1.856872082,1.414721489,1
1615,801,-0.3114824891,1.520036221,1
1615,833,0.4914714098,1.888781309,1
1615,865,0.1806610227,1.631453514,1
1615,897,0.5193322301,2.154631376,1
1615,929,1.558270216,1.893509865,1
1615,961,2.292080641,2.652511597,1
1615,993,1.471588612,1.300951958,1
1615,1025,1.854359746,1.185373068,1
1615,1057,3.208830833,1.325327635,1
1615,1089,3.49561429,0.6947343349,1
1615,1121,1.610614419,0.8283919692,1
1615,1153,NaN,NaN,0
1615,1185,NaN,NaN,0
1615,1217,NaN,NaN,0
1615,1249,NaN,NaN,0
1615,1281,NaN,NaN,0
1615,1313,NaN,NaN,0
1615,1345,NaN,NaN,0
1615,1377,NaN,NaN,0
1615,1409,NaN,NaN,0
1615,1441,NaN,NaN,0
1615,1473,NaN,NaN,0
1615,1505,NaN,NaN,0
1615,1537,NaN,NaN,0
1615,1569,NaN,NaN,0
1615,1601,NaN,NaN,0
1615,1633,NaN,NaN,0
1615,1665,NaN,NaN,0
1615,1697,NaN,NaN,0
1615,1729,NaN,NaN,0
1615,1761,NaN,NaN,0
1615,1793,NaN,NaN,0
1615,1825,NaN,NaN,0
1615,1857,NaN,NaN,0
1615,1889,NaN,NaN,0
1615,1921,NaN,NaN,0
1615,1953,NaN,NaN,0
1615,1985,NaN,NaN,0
1615,2017,NaN,NaN,0
1647,33,NaN,NaN,0
1647,65,NaN,NaN,0
1647,97,NaN,NaN,0
1647,129,NaN,NaN,0
1647,161,NaN,NaN,0
1647,193,NaN,NaN,0
1647,225,NaN,NaN,0
1647,257,NaN,NaN,0
1647,289,NaN,NaN,0
1647,321,NaN,NaN,0
1647,353,NaN,NaN,0
1647,385,NaN,NaN,0
1647,417,NaN,NaN,0
1647,449,NaN,NaN,0
1647,481,NaN,NaN,0
1647,513,-0.4869474769,1.583835125,1
1647,545,0.8406879902,0.411670208,1
1647,577,0.7399777174,0.336004734,1
1647,609,0.5605794191,1.214490652,1
1647,641,0.4689560533,0.8712508678,1
1647,673,0.2989758551,0.8937592506,1
1647,705,-0.3410945237,0.7678351402,1
1647,737,-0.3879242837,1.499794006,1
1647,769,NaN,NaN,0
1647,801,NaN,NaN,0
1647,833,NaN,NaN,0
1647,865,-0.0464759618,1.50646162,1
1647,897,0.3069834113,2.083505869,1
1647,929,0.9696153402,2.175868034,1
1647,961,2.322134733,1.836664677,1
1647,993,1.826383829,1.206956506,1
1647,1025,1.854452968,1.190831661,1
1647,1057,2.189691305,1.475751996,1
1647,1089,NaN,NaN,0
1647,1121,NaN,NaN,0
1647,1153,NaN,NaN,0
1647,1185,NaN,NaN,0
1647,1217,NaN,NaN,0
1647,1249,NaN,NaN,0
1647,1281,NaN,NaN,0
1647,1313,NaN,NaN,0
1647,1345,NaN,NaN,0
1647,1377,NaN,NaN,0
1647,1409,NaN,NaN,0
1647,1441,NaN,NaN,0
1647,1473,NaN,NaN,0
1647,1505,NaN,NaN,0
1647,1537,NaN,NaN,0
1647,1569,NaN,NaN,0
1647,1601,NaN,NaN,0
1647,1633,NaN,NaN,0
1647,1665,NaN,NaN,0
1647,1697,NaN,NaN,0
1647,1729,NaN,NaN,0
1647,1761,NaN,NaN,0
1647,1793,NaN,NaN,0
1647,1825,NaN,NaN,0
1647,1857,NaN,NaN,0
1647,1889,NaN,NaN,0
1647,1921,NaN,NaN,0
1647,1953,NaN,NaN,0
1647,1985,NaN,NaN,0
1647,2017,NaN,NaN,0
1679,33,NaN,NaN,0
1679,65,NaN,NaN,0
1679,97,NaN,NaN,0
1679,129,NaN,NaN,0
1679,161,NaN,NaN,0
1679,193,NaN,NaN,0
1679,225,NaN,NaN,0
1679,257,NaN,NaN,0
1679,289,NaN,NaN,0
1679,321,NaN,NaN,0
1679,353,NaN,NaN,0
1679,385,NaN,NaN,0
1679,417,NaN,NaN,0
1679,449,NaN,NaN,0
1679,481,NaN,NaN,0
1679,513,NaN,NaN,0
1679,545,NaN,NaN,0
1679,577,0.3413158059,-0.04098987579,1
1679,609,0.2627250552,0.8603975177,1
1679,641,-0.4510892034,1.668557167,1
1679,673,-0.4180262387,1.506052613,1
1679,705,-0.7582022548,1.607264042,1
1679,737,NaN,NaN,0
1679,769,NaN,NaN,0
1679,801,NaN,NaN,0
1679,833,NaN,NaN,0
1679,865,NaN,NaN,0
1679,897,NaN,NaN,0
1679,929,NaN,NaN,0
1679,961,0.749458015,1.26063633,1
1679,993,1.20489502,1.009178042,1
1679,1025,NaN,NaN,0
1679,1057,NaN,NaN,0
1679,1089,NaN,NaN,0
1679,1121,NaN,NaN,0
1679,1153,NaN,NaN,0
1679,1185,NaN,NaN,0
1679,1217,NaN,NaN,0
1679,1249,NaN,NaN,0
1679,1281,NaN,NaN,0
1679,1313,NaN,NaN,0
1679,1345,NaN,NaN,0
1679,1377,NaN,NaN,0
1679,1409,NaN,NaN,0
1679,1441,NaN,NaN,0
1679,1473,NaN,NaN,0
1679,1505,NaN,NaN,0
1679,1537,NaN,NaN,0
1679,1569,NaN,NaN,0
1679,1601,NaN,NaN,0
1679,1633,NaN,NaN,0
1679,1665,NaN,NaN,0
1679,1697,NaN,NaN,0
1679,1729,NaN,NaN,0
1679,1761,NaN,NaN,0
1679,1793,NaN,NaN,0
1679,1825,NaN,NaN,0
1679,1857,NaN,NaN,0
1679,1889,NaN,NaN,0
1679,1921,NaN,NaN,0
1679,1953,NaN,NaN,0
1679,1985,NaN,NaN,0
1679,2017,NaN,NaN,0
1711,33,NaN,NaN,0
1711,65,NaN,NaN,0
1711,97,NaN,NaN,0
1711,129,NaN,NaN,0
1711,161,NaN,NaN,0
1711,193,NaN,NaN,0
1711,225,NaN,NaN,0
1711,257,NaN,NaN,0
1711,289,NaN,NaN,0
1711,321,NaN,NaN,0
1711,353,NaN,NaN,0
1711,385,NaN,NaN,0
1711,417,NaN,NaN,0
1711,449,NaN,NaN,0
1711,481,NaN,NaN,0
1711,513,NaN,NaN,0
1711,545,NaN,NaN,0
1711,577,NaN,NaN,0
1711,609,NaN,NaN,0
1711,641,NaN,NaN,0
1711,673,NaN,NaN,0
1711,705,NaN,NaN,0
1711,737,NaN,NaN,0
1711,769,NaN,NaN,0
1711,801,NaN,NaN,0
1711,833,NaN,NaN,0
1711,865,NaN,NaN,0
1711,897,NaN,NaN,0
1711,929,NaN,NaN,0
1711,961,NaN,NaN,0
1711,993,NaN,NaN,0
1711,1025,NaN,NaN,0
1711,1057,NaN,NaN,0
1711,1089,NaN,NaN,0
1711,1121,NaN,NaN,0
1711,1153,NaN,NaN,0
1711,1185,NaN,NaN,0
1711,1217,NaN,NaN,0
1711,1249,NaN,NaN,0
1711,1281,NaN,NaN,0
1711,1313,NaN,NaN,0
1711,1345,NaN,NaN,0
1711,1377,NaN,NaN,0
1711,1409,NaN,NaN,0
1711,1441,NaN,NaN,0
1711,1473,NaN,NaN,0
1711,1505,NaN,NaN,0
1711,1537,NaN,NaN,0
1711,1569,NaN,NaN,0
1711,1601,NaN,NaN,0
1711,1633,NaN,NaN,0
1711,1665,NaN,NaN,0
1711,1697,NaN,NaN,0
1711,1729,NaN,NaN,0
1711,1761,NaN,NaN,0
1711,1793,NaN,NaN,0
1711,1825,NaN,NaN,0
1711,1857,NaN,NaN,0
1711,1889,NaN,NaN,0
1711,1921,NaN,NaN,0
1711,1953,NaN,NaN,0
1711,1985,NaN,NaN,0
1711,2017,NaN,NaN,0
1743,33,NaN,NaN,0
1743,65,NaN,NaN,0
1743,97,NaN,NaN,0
1743,129,NaN,NaN,0
1743,161,NaN,NaN,0
1743,193,NaN,NaN,0
1743,225,NaN,NaN,0
1743,257,NaN,NaN,0
1743,289,NaN,NaN,0
1743,321,NaN,NaN,0
1743,353,NaN,NaN,0
1743,385,NaN,NaN,0
1743,417,NaN,NaN,0
1743,449,NaN,NaN,0
1743,481,NaN,NaN,0
1743,513,NaN,NaN,0
1743,545,NaN,NaN,0
1743,577,NaN,NaN,0
1743,609,NaN,NaN,0
1743,641,NaN,NaN,0
1743,673,NaN,NaN,0
1743,705,NaN,NaN,0
1743,737,NaN,NaN,0
1743,769,NaN,NaN,0
1743,801,NaN,NaN,0
1743,833,NaN,NaN,0
1743,865,NaN,NaN,0
1743,897,NaN,NaN,0
1743,929,NaN,NaN,0
1743,961,NaN,NaN,0
1743,993,NaN,NaN,0
1743,1025,NaN,NaN,0
1743,1057,NaN,NaN,0
1743,1089,NaN,NaN,0
1743,1121,NaN,NaN,0
1743,1153,NaN,NaN,0
1743,1185,NaN,NaN,0
1743,1217,NaN,NaN,0
1743,1249,NaN,NaN,0
1743,1281,NaN,NaN,0
1743,1313,NaN,NaN,0
1743,1345,NaN,NaN,0
1743,1377,NaN,NaN,0
1743,1409,NaN,NaN,0
1743,1441,NaN,NaN,0
1743,1473,NaN,NaN,0
1743,1505,NaN,NaN,0
1743,1537,NaN,NaN,0
1743,1569,NaN,NaN,0
1743,1601,NaN,NaN,0
1743,1633,NaN,NaN,0
1743,1665,NaN,NaN,0
1743,1697,NaN,NaN,0
1743,1729,NaN,NaN,0
1743,1761,NaN,NaN,0
1743,1793,NaN,NaN,0
1743,1825,NaN,NaN,0
1743,1857,NaN,NaN,0
1743,1889,NaN,NaN,0
1743,1921,NaN,NaN,0
1743,1953,NaN,NaN,0
1743,1985,NaN,NaN,0
1743,2017,NaN,NaN,0
1775,33,NaN,NaN,0
1775,65,NaN,NaN,0
1775,97,NaN,NaN,0
1775,129,NaN,NaN,0
1775,161,NaN,NaN,0
1775,193,NaN,NaN,0
1775,225,NaN,NaN,0
1775,257,NaN,NaN,0
1775,289,NaN,NaN,0
1775,321,NaN,NaN,0
1775,353,NaN,NaN,0
1775,385,NaN,NaN,0
1775,417,NaN,NaN,0
1775,449,NaN,NaN,0
1775,481,NaN,NaN,0
1775,513,NaN,NaN,0
1775,545,NaN,NaN,0
1775,577,NaN,NaN,0
1775,609,NaN,NaN,0
1775,641,NaN,NaN,0
1775,673,NaN,NaN,0
1775,705,NaN,NaN,0
1775,737,NaN,NaN,0
1775,769,NaN,NaN,0
1775,801,NaN,NaN,0
1775,833,NaN,NaN,0
1775,865,NaN,NaN,0
1775,897,NaN,NaN,0
1775,929,NaN,NaN,0
1775,961,NaN,NaN,0
1775,993,NaN,NaN,0
1775,1025,NaN,NaN,0
1775,1057,NaN,NaN,0
1775,1089,NaN,NaN,0
1775,1121,NaN,NaN,0
1775,1153,NaN,NaN,0
1775,1185,NaN,NaN,0
1775,1217,NaN,NaN,0
1775,1249,NaN,NaN,0
1775,1281,NaN,NaN,0
1775,1313,NaN,NaN,0
1775,1345,NaN,NaN,0
1775,1377,NaN,NaN,0
1775,1409,NaN,NaN,0
1775,1441,NaN,NaN,0
1775,1473,NaN,NaN,0
1775,1505,NaN,NaN,0
1775,1537,NaN,NaN,0
1775,1569,NaN,NaN,0
1775,1601,NaN,NaN,0
1775,1633,NaN,NaN,0
1775,1665,NaN,NaN,0
1775,1697,NaN,NaN,0
1775,1729,NaN,NaN,0
1775,1761,NaN,NaN,0
1775,1793,NaN,NaN,0
1775,1825,NaN,NaN,0
1775,1857,NaN,NaN,0
1775,1889,NaN,NaN,0
1775,1921,NaN,NaN,0
1775,1953,NaN,NaN,0
1775,1985,NaN,NaN,0
1775,2017,NaN,NaN,0
1807,33,NaN,NaN,0
1807,65,NaN,NaN,0
1807,97,NaN,NaN,0
1807,129,NaN,NaN,0
1807,161,NaN,NaN,0
1807,193,NaN,NaN,0
1807,225,NaN,NaN,0
1807,257,NaN,NaN,0
1807,289,NaN,NaN,0
1807,321,NaN,NaN,0
1807,353,NaN,NaN,0
1807,385,NaN,NaN,0
1807,417,NaN,NaN,0
1807,449,NaN,NaN,0
1807,481,NaN,NaN,0
1807,513,NaN,NaN,0
1807,545,NaN,NaN,0
1807,577,NaN,NaN,0
1807,609,NaN,NaN,0
1807,641,NaN,NaN,0
1807,673,NaN,NaN,0
1807,705,NaN,NaN,0
1807,737,NaN,NaN,0
1807,769,NaN,NaN,0
1807,801,NaN,NaN,0
1807,833,NaN,NaN,0
1807,865,NaN,NaN,0
1807,897,NaN,NaN,0
1807,929,NaN,NaN,0
1807,961,NaN,NaN,0
1807,993,NaN,NaN,0
1807,1025,NaN,NaN,0
1807,1057,NaN,NaN,0
1807,1089,NaN,NaN,0
1807,1121,NaN,NaN,0
1807,1153,NaN,NaN,0
1807,1185,NaN,NaN,0
1807,1217,NaN,NaN,0
1807,1249,NaN,NaN,0
1807,1281,NaN,NaN,0
1807,1313,NaN,NaN,0
1807,1345,NaN,NaN,0
1807,1377,NaN,NaN,0
1807,1409,NaN,NaN,0
1807,1441,NaN,NaN,0
1807,1473,NaN,NaN,0
1807,1505,NaN,NaN,0
1807,1537,NaN,NaN,0
1807,1569,NaN,NaN,0
1807,1601,NaN,NaN,0
1807,1633,NaN,NaN,0
1807,1665,NaN,NaN,0
1807,1697,NaN,NaN,0
1807,1729,NaN,NaN,0
1807,1761,NaN,NaN,0
1807,1793,NaN,NaN,0
1807,1825,NaN,NaN,0
1807,1857,NaN,NaN,0
1807,1889,NaN,NaN,0
1807,1921,NaN,NaN,0
1807,1953,NaN,NaN,0
1807,1985,NaN,NaN,0
1807,2017,NaN,NaN,0
1839,33,NaN,NaN,0
1839,65,NaN,NaN,0
1839,97,NaN,NaN,0
1839,129,NaN,NaN,0
1839,161,NaN,NaN,0
1839,193,NaN,NaN,0
1839,225,NaN,NaN,0
1839,257,NaN,NaN,0
1839,289,NaN,NaN,0
1839,321,NaN,NaN,0
1839,353,NaN,NaN,0
1839,385,NaN,NaN,0
1839,417,NaN,NaN,0
1839,449,NaN,NaN,0
1839,481,NaN,NaN,0
1839,513,NaN,NaN,0
1839,545,NaN,NaN,0
1839,577,NaN,NaN,0
1839,609,NaN,NaN,0
1839,641,NaN,NaN,0
1839,673,NaN,NaN,0
1839,705,NaN,NaN,0
1839,737,NaN,NaN,0
1839,769,NaN,NaN,0
1839,801,NaN,NaN,0
1839,833,NaN,NaN,0
1839,865,NaN,NaN,0
1839,897,NaN,NaN,0
1839,929,NaN,NaN,0
1839,961,NaN,NaN,0
1839,993,NaN,NaN,0
1839,1025,NaN,NaN,0
1839,1057,NaN,NaN,0
1839,1089,NaN,NaN,0
1839,1121,NaN,NaN,0
1839,1153,NaN,NaN,0
1839,1185,NaN,NaN,0
1839,1217,NaN,NaN,0
1839,1249,NaN,NaN,0
1839,1281,NaN,NaN,0
1839,1313,NaN,NaN,0
1839,1345,NaN,NaN,0
1839,1377,NaN,NaN,0
1839,1409,NaN,NaN,0
1839,1441,NaN,NaN,0
1839,1473,NaN,NaN,0
1839,1505,NaN,NaN,0
1839,1537,NaN,NaN,0
1839,1569,NaN,NaN,0
1839,1601,NaN,NaN,0
1839,1633,NaN,NaN,0
1839,1665,NaN,NaN,0
1839,1697,NaN,NaN,0
1839,1729,NaN,NaN,0
1839,1761,NaN,NaN,0
1839,1793,NaN,NaN,0
1839,1825,NaN,NaN,0
1839,1857,NaN,NaN,0
1839,1889,NaN,NaN,0
1839,1921,NaN,NaN,0
1839,1953,NaN,NaN,0
1839,1985,NaN,NaN,0
1839,2017,NaN,NaN,0
1871,33,NaN,NaN,0
1871,65,NaN,NaN,0
1871,97,NaN,NaN,0
1871,129,NaN,NaN,0
1871,161,NaN,NaN,0
1871,193,NaN,NaN,0
1871,225,NaN,NaN,0
1871,257,NaN,NaN,0
1871,289,NaN,NaN,0
1871,321,NaN,NaN,0
1871,353,NaN,NaN,0
1871,385,NaN,NaN,0
1871,417,NaN,NaN,0
1871,449,NaN,NaN,0
1871,481,NaN,NaN,0
1871,513,NaN,NaN,0
1871,545,NaN,NaN,0
1871,577,NaN,NaN,0
1871,609,NaN,NaN,0
1871,641,NaN,NaN,0
1871,673,NaN,NaN,0
1871,705,NaN,NaN,0
1871,737,NaN,NaN,0
1871,769,NaN,NaN,0
1871,801,NaN,NaN,0
1871,833,NaN,NaN,0
1871,865,NaN,NaN,0
1871,897,NaN,NaN,0
1871,929,NaN,NaN,0
1871,961,NaN,NaN,0
1871,993,NaN,NaN,0
1871,1025,NaN,NaN,0
1871,1057,NaN,NaN,0
1871,1089,NaN,NaN,0
1871,1121,NaN,NaN,0
1871,1153,NaN,NaN,0
1871,1185,NaN,NaN,0
1871,1217,NaN,NaN,0
1871,1249,NaN,NaN,0
1871,1281,NaN,NaN,0
1871,1313,NaN,NaN,0
1871,1345,NaN,NaN,0
1871,1377,NaN,NaN,0
1871,1409,NaN,NaN,0
1871,1441,NaN,NaN,0
1871,1473,NaN,NaN,0
1871,1505,NaN,NaN,0
1871,1537,NaN,NaN,0
1871,1569,NaN,NaN,0
1871,1601,NaN,NaN,0
1871,1633,NaN,NaN,0
1871,1665,NaN,NaN,0
1871,1697,NaN,NaN,0
1871,1729,NaN,NaN,0
1871,1761,NaN,NaN,0
1871,1793,NaN,NaN,0
1871,1825,NaN,NaN,0
1871,1857,NaN,NaN,0
1871,1889,NaN,NaN,0
1871,1921,NaN,NaN,0
1871,1953,NaN,NaN,0
1871,1985,NaN,NaN,0
1871,2017,NaN,NaN,0
1903,33,NaN,NaN,0
1903,65,NaN,NaN,0
1903,97,NaN,NaN,0
1903,129,NaN,NaN,0
1903,161,NaN,NaN,0
1903,193,NaN,NaN,0
1903,225,NaN,NaN,0
1903,257,NaN,NaN,0
1903,289,NaN,NaN,0
1903,321,NaN,NaN,0
1903,353,NaN,NaN,0
1903,385,NaN,NaN,0
1903,417,NaN,NaN,0
1903,449,NaN,NaN,0
1903,481,NaN,NaN,0
1903,513,NaN,NaN,0
1903,545,NaN,NaN,0
1903,577,NaN,NaN,0
1903,609,NaN,NaN,0
1903,641,NaN,NaN,0
1903,673,NaN,NaN,0
1903,705,NaN,NaN,0
1903,737,NaN,NaN,0
1903,769,NaN,NaN,0
1903,801,NaN,NaN,0
1903,833,NaN,NaN,0
1903,865,NaN,NaN,0
1903,897,NaN,NaN,0
1903,929,NaN,NaN,0
1903,961,NaN,NaN,0
1903,993,NaN,NaN,0
1903,1025,NaN,NaN,0
1903,1057,NaN,NaN,0
1903,1089,NaN,NaN,0
1903,1121,NaN,NaN,0
1903,1153,NaN,NaN,0
1903,1185,NaN,NaN,0
1903,1217,NaN,NaN,0
1903,1249,NaN,NaN,0
1903,1281,NaN,NaN,0
1903,1313,NaN,NaN,0
1903,1345,NaN,NaN,0
1903,1377,NaN,NaN,0
1903,1409,NaN,NaN,0
1903,1441,NaN,NaN,0
1903,1473,NaN,NaN,0
1903,1505,NaN,NaN,0
1903,1537,NaN,NaN,0
1903,1569,NaN,NaN,0
1903,1601,NaN,NaN,0
1903,1633,NaN,NaN,0
1903,1665,NaN,NaN,0
1903,1697,NaN,NaN,0
1903,1729,NaN,NaN,0
1903,1761,NaN,NaN,0
1903,1793,NaN,NaN,0
1903,1825,NaN,NaN,0
1903,1857,NaN,NaN,0
1903,1889,NaN,NaN,0
1903,1921,NaN,NaN,0
1903,1953,NaN,NaN,0
1903,1985,NaN,NaN,0
1903,2017,NaN,NaN,0
1935,33,NaN,NaN,0
1935,65,NaN,NaN,0
1935,97,NaN,NaN,0
1935,129,NaN,NaN,0
1935,161,NaN,NaN,0
1935,193,NaN,NaN,0
1935,225,NaN,NaN,0
1935,257,NaN,NaN,0
1935,289,NaN,NaN,0
1935,321,NaN,NaN,0
1935,353,NaN,NaN,0
1935,385,NaN,NaN,0
1935,417,NaN,NaN,0
1935,449,NaN,NaN,0
1935,481,NaN,NaN,0
1935,513,NaN,NaN,0
1935,545,NaN,NaN,0
1935,577,NaN,NaN,0
1935,609,NaN,NaN,0
1935,641,NaN,NaN,0
1935,673,NaN,NaN,0
1935,705,NaN,NaN,0
1935,737,NaN,NaN,0
1935,769,NaN,NaN,0
1935,801,NaN,NaN,0
1935,833,NaN,NaN,0
1935,865,NaN,NaN,0
1935,897,NaN,NaN,0
1935,929,NaN,NaN,0
1935,961,NaN,NaN,0
1935,993,NaN,NaN,0
1935,1025,NaN,NaN,0
1935,1057,NaN,NaN,0
1935,1089,NaN,NaN,0
1935,1121,NaN,NaN,0
1935,1153,NaN,NaN,0
1935,1185,NaN,NaN,0
1935,1217,NaN,NaN,0
1935,1249,NaN,NaN,0
1935,1281,NaN,NaN,0
1935,1313,NaN,NaN,0
1935,1345,NaN,NaN,0
1935,1377,NaN,NaN,0
1935,1409,NaN,NaN,0
1935,1441,NaN,NaN,0
1935,1473,NaN,NaN,0
1935,1505,NaN,NaN,0
1935,1537,NaN,NaN,0
1935,1569,NaN,NaN,0
1935,1601,NaN,NaN,0
1935,1633,NaN,NaN,0
1935,1665,NaN,NaN,0
1935,1697,NaN,NaN,0
1935,1729,NaN,NaN,0
1935,1761,NaN,NaN,0
1935,1793,NaN,NaN,0
1935,1825,NaN,NaN,0
1935,1857,NaN,NaN,0
1935,1889,NaN,NaN,0
1935,1921,NaN,NaN,0
1935,1953,NaN,NaN,0
1935,1985,NaN,NaN,0
1935,2017,NaN,NaN,0
1967,33,NaN,NaN,0
1967,65,NaN,NaN,0
1967,97,NaN,NaN,0
1967,129,NaN,NaN,0
1967,161,NaN,NaN,0
1967,193,NaN,NaN,0
1967,225,NaN,NaN,0
1967,257,NaN,NaN,0
1967,289,NaN,NaN,0
1967,321,NaN,NaN,0
1967,353,NaN,NaN,0
1967,385,NaN,NaN,0
1967,417,NaN,NaN,0
1967,449,NaN,NaN,0
1967,481,NaN,NaN,0
1967,513,NaN,NaN,0
1967,545,NaN,NaN,0
1967,577,NaN,NaN,0
1967,609,NaN,NaN,0
1967,641,NaN,NaN,0
1967,673,NaN,NaN,0
1967,705,NaN,NaN,0
1967,737,NaN,NaN,0
1967,769,NaN,NaN,0
1967,801,NaN,NaN,0
1967,833,NaN,NaN,0
1967,865,NaN,NaN,0
1967,897,NaN,NaN,0
1967,929,NaN,NaN,0
1967,961,NaN,NaN,0
1967,993,NaN,NaN,0
1967,1025,NaN,NaN,0
1967,1057,NaN,NaN,0
1967,1089,NaN,NaN,0
1967,1121,NaN,NaN,0
1967,1153,NaN,NaN,0
1967,1185,NaN,NaN,0
1967,1217,NaN,NaN,0
1967,1249,NaN,NaN,0
1967,1281,NaN,NaN,0
1967,1313,NaN,NaN,0
1967,1345,NaN,NaN,0
1967,1377,NaN,NaN,0
1967,1409,NaN,NaN,0
1967,1441,NaN,NaN,0
1967,1473,NaN,NaN,0
1967,1505,NaN,NaN,0
1967,1537,NaN,NaN,0
1967,1569,NaN,NaN,0
1967,1601,NaN,NaN,0
1967,1633,NaN,NaN,0
1967,1665,NaN,NaN,0
1967,1697,NaN,NaN,0
1967,1729,NaN,NaN,0
1967,1761,NaN,NaN,0
1967,1793,NaN,NaN,0
1967,1825,NaN,NaN,0
1967,1857,NaN,NaN,0
1967,1889,NaN,NaN,0
1967,1921,NaN,NaN,0
1967,1953,NaN,NaN,0
1967,1985,NaN,NaN,0
1967,2017,NaN,NaN,0
1999,33,NaN,NaN,0
1999,65,NaN,NaN,0
1999,97,NaN,NaN,0
1999,129,NaN,NaN,0
1999,161,NaN,NaN,0
1999,193,NaN,NaN,0
1999,225,NaN,NaN,0
1999,257,NaN,NaN,0
1999,289,NaN,NaN,0
1999,321,NaN,NaN,0
1999,353,NaN,NaN,0
1999,385,NaN,NaN,0
1999,417,NaN,NaN,0
1999,449,NaN,NaN,0
1999,481,NaN,NaN,0
1999,513,NaN,NaN,0
1999,545,NaN,NaN,0
1999,577,NaN,NaN,0
1999,609,NaN,NaN,0
1999,641,NaN,NaN,0
1999,673,NaN,NaN,0
1999,705,NaN,NaN,0
1999,737,NaN,NaN,0
1999,769,NaN,NaN,0
1999,801,NaN,NaN,0
1999,833,NaN,NaN,0
1999,865,NaN,NaN,0
1999,897,NaN,NaN,0
1999,929,NaN,NaN,0
1999,961,NaN,NaN,0
1999,993,NaN,NaN,0
1999,1025,NaN,NaN,0
1999,1057,NaN,NaN,0
1999,1089,NaN,NaN,0
1999,1121,NaN,NaN,0
1999,1153,NaN,NaN,0
1999,1185,NaN,NaN,0
1999,1217,NaN,NaN,0
1999,1249,NaN,NaN,0
1999,1281,NaN,NaN,0
1999,1313,NaN,NaN,0
1999,1345,NaN,NaN,0
1999,1377,NaN,NaN,0
1999,1409,NaN,NaN,0
1999,1441,NaN,NaN,0
1999,1473,NaN,NaN,0
1999,1505,NaN,NaN,0
1999,1537,NaN,NaN,0
1999,1569,NaN,NaN,0
1999,1601,NaN,NaN,0
1999,1633,NaN,NaN,0
1999,1665,NaN,NaN,0
1999,1697,NaN,NaN,0
1999,1729,NaN,NaN,0
1999,1761,NaN,NaN,0
1999,1793,NaN,NaN,0
1999,1825,NaN,NaN,0
1999,1857,NaN,NaN,0
1999,1889,NaN,NaN,0
1999,1921,NaN,NaN,0
1999,1953,NaN,NaN,0
1999,1985,NaN,NaN,0
1999,2017,NaN,NaN,0
