PIVlab, ASCII chart output - 21-Nov-2024
FRAME: 3, filenames: A:[3]AVI_Pos012_TimeSrs0012_TgUtrmcherry_K4K8MO.avi & B:[4]AVI_Pos012_TimeSrs0012_TgUtrmcherry_K4K8MO.avi, conversion factor xy (px -> m): 1, conversion factor uv (px/frame -> m/s): 1
x [px],y [px],u [px/frame],v [px/frame],Vector type [-]
47,33,NaN,NaN,2
47,65,NaN,NaN,2
47,97,NaN,NaN,2
47,129,NaN,NaN,2
47,161,NaN,NaN,2
47,193,0.1322112083,-3.372414589,1
47,225,NaN,NaN,2
47,257,-5.828148842,-8.070261002,1
47,289,-4.677903175,-7.829032421,1
47,321,-3.793533325,-3.909296036,1
47,353,-1.283739328,-1.799360991,1
47,385,-3.249140263,-1.49664247,1
47,417,0.1665849686,-0.8432450294,1
47,449,5.062072277,-1.594045401,1
47,481,2.299479723,-0.6002933383,1
47,513,0.907186985,-1.674965024,1
47,545,-0.2081472874,-2.867225647,1
47,577,NaN,NaN,2
47,609,-1.754024506,1.387355447,1
47,641,NaN,NaN,2
47,673,-1.247123241,7.06435585,1
47,705,3.798214436,3.522027969,1
47,737,4.053510666,2.429747581,1
47,769,5.165926933,1.607592106,1
47,801,3.286883831,-0.1673525572,1
47,833,NaN,NaN,2
47,865,1.614644051,-1.285338879,1
47,897,3.069399834,2.626256943,1
47,929,4.572904587,4.41741848,1
47,961,4.344600677,6.191308975,1
47,993,10.36738396,-1.281498671,1
47,1025,11.10237503,2.154871941,1
47,1057,NaN,NaN,2
47,1089,NaN,NaN,2
47,1121,13.06937218,6.303839684,1
47,1153,14.66662216,4.89598465,1
47,1185,16.22588348,0.5476164818,1
47,1217,15.44160461,-1.123109818,1
47,1249,13.9344635,-6.32849884,1
47,1281,13.15540695,-4.126502514,1
47,1313,11.00638008,-4.028457642,1
47,1345,10.54411507,-3.796955109,1
47,1377,10.44491291,-2.684546232,1
47,1409,8.281860352,-2.937208414,1
47,1441,NaN,NaN,2
47,1473,NaN,NaN,2
47,1505,7.100390434,-7.956377029,1
47,1537,3.786622047,-5.931638718,1
47,1569,3.384059429,-6.111263275,1
47,1601,2.189516068,-9.401566505,1
47,1633,3.081555843,-7.324680328,1
47,1665,3.727249622,-9.653312683,1
47,1697,2.888951302,-7.696169376,1
47,1729,1.967541218,-4.634934425,1
47,1761,1.19384408,-7.416687965,1
47,1793,-1.29252243,-7.007521152,1
47,1825,-0.8047070503,-2.388659716,1
47,1857,0.975736618,1.293476462,1
47,1889,NaN,NaN,2
47,1921,NaN,NaN,2
47,1953,NaN,NaN,2
47,1985,NaN,NaN,2
47,2017,NaN,NaN,2
79,33,0.5432252884,2.337999821,1
79,65,NaN,NaN,2
79,97,NaN,NaN,2
79,129,NaN,NaN,2
79,161,NaN,NaN,2
79,193,NaN,NaN,2
79,225,NaN,NaN,2
79,257,NaN,NaN,2
79,289,NaN,NaN,2
79,321,-1.319591403,-1.371975422,1
79,353,-1.014233351,-0.8689045906,1
79,385,0.4960407019,-1.300072193,1
79,417,3.077159405,-1.461681604,1
79,449,4.813249588,-1.014576793,1
79,481,2.110809326,-0.3386818767,1
79,513,NaN,NaN,2
79,545,2.863163471,-0.2929947376,1
79,577,3.187502623,1.860958815,1
79,609,0.8062729836,1.84956491,1
79,641,0.4809947014,7.081134796,1
79,673,NaN,NaN,2
79,705,5.085587978,1.754357219,1
79,737,5.64310503,-0.2294189483,1
79,769,5.070727348,0.4191359282,1
79,801,NaN,NaN,2
79,833,NaN,NaN,2
79,865,3.916915894,1.266970873,1
79,897,4.469975471,3.568297386,1
79,929,6.00065136,4.64070034,1
79,961,7.859962463,-0.316861093,1
79,993,9.862380981,-0.8351972103,1
79,1025,11.38230515,-1.191385508,1
79,1057,NaN,NaN,2
79,1089,NaN,NaN,2
79,1121,NaN,NaN,2
79,1153,14.94913673,4.995986938,1
79,1185,16.72223663,2.461600065,1
79,1217,NaN,NaN,2
79,1249,NaN,NaN,2
79,1281,15.50536537,-2.689744234,1
79,1313,NaN,NaN,2
79,1345,13.55283546,-2.48502779,1
79,1377,12.24510002,-1.576261044,1
79,1409,10.62223148,-3.420377493,1
79,1441,8.814664841,-5.977769375,1
79,1473,6.015860558,-6.491742134,1
79,1505,3.541969299,-7.108081341,1
79,1537,NaN,NaN,2
79,1569,2.837664604,-8.586843491,1
79,1601,3.51975441,-8.751391411,1
79,1633,3.888659954,-8.541010857,1
79,1665,4.318466663,-8.87657547,1
79,1697,1.863694191,-7.101055145,1
79,1729,0.7304410934,-4.40065527,1
79,1761,-0.9816891551,-5.694762707,1
79,1793,NaN,NaN,2
79,1825,NaN,NaN,2
79,1857,NaN,NaN,2
79,1889,NaN,NaN,2
79,1921,NaN,NaN,2
79,1953,NaN,NaN,2
79,1985,-6.996788025,7.447152138,1
79,2017,NaN,NaN,2
111,33,2.313236952,-0.2481784821,1
111,65,NaN,NaN,2
111,97,NaN,NaN,2
111,129,-2.294489145,-12.54065228,1
111,161,NaN,NaN,2
111,193,NaN,NaN,2
111,225,NaN,NaN,2
111,257,4.339254856,-4.220501423,1
111,289,4.147101879,-2.289367199,1
111,321,-0.5115578175,-1.307002544,1
111,353,-0.7476903796,-0.7145658731,1
111,385,0.1138228476,-1.289738536,1
111,417,2.441234589,-1.516364694,1
111,449,4.081465721,0.03141134977,1
111,481,NaN,NaN,2
111,513,3.434819221,1.742266655,1
111,545,3.167579651,1.024112463,1
111,577,3.682230234,1.883301854,1
111,609,3.796857119,3.32241869,1
111,641,1.903879166,1.829672575,1
111,673,NaN,NaN,2
111,705,NaN,NaN,2
111,737,5.212260723,-0.4321882129,1
111,769,NaN,NaN,2
111,801,5.457149029,-0.3639189005,1
111,833,6.110692024,1.562901497,1
111,865,6.686375618,1.512592793,1
111,897,9.416442871,0.8600373268,1
111,929,13.32425308,0.6872355938,1
111,961,11.53075981,0.4168856144,1
111,993,12.40628052,0.8151746988,1
111,1025,15.66644287,-0.3853979111,1
111,1057,17.90237617,-1.112247229,1
111,1089,NaN,NaN,2
111,1121,NaN,NaN,2
111,1153,22.92708969,1.17546916,1
111,1185,NaN,NaN,2
111,1217,18.13731575,0.0892829895,1
111,1249,NaN,NaN,2
111,1281,14.21961594,-3.750315189,1
111,1313,NaN,NaN,2
111,1345,17.14478111,-3.410877705,1
111,1377,15.04669094,-1.77185154,1
111,1409,13.12657452,-4.060490131,1
111,1441,11.74173355,-5.857332706,1
111,1473,10.4636631,-5.485518932,1
111,1505,6.775845528,-7.282495975,1
111,1537,4.891336441,-7.801474094,1
111,1569,4.858668327,-8.279551506,1
111,1601,5.185339928,-8.494943619,1
111,1633,4.829281807,-9.136983871,1
111,1665,4.531476974,-7.589114189,1
111,1697,2.739647865,-6.9340868,1
111,1729,1.237314939,-4.886023521,1
111,1761,0.1562910378,-5.106564522,1
111,1793,-0.8700683713,-7.013166904,1
111,1825,-1.517756701,1.10387826,1
111,1857,-2.180074692,2.519892454,1
111,1889,NaN,NaN,2
111,1921,-9.313518524,-0.006809711456,1
111,1953,NaN,NaN,2
111,1985,NaN,NaN,2
111,2017,-6.533164024,-1.034300327,1
143,33,NaN,NaN,2
143,65,-4.085430145,-9.457090378,1
143,97,-1.727971792,-10.28734016,1
143,129,-2.489025354,-12.63037491,1
143,161,NaN,NaN,2
143,193,NaN,NaN,2
143,225,-0.7338633537,-6.183640957,1
143,257,1.649140954,-4.182722569,1
143,289,1.601258636,-2.839147806,1
143,321,0.01578688622,-1.951640844,1
143,353,-0.2214152217,-1.85288763,1
143,385,0.1818795204,-1.842344284,1
143,417,1.330928564,-1.090021014,1
143,449,2.602302074,1.08703649,1
143,481,5.661135674,2.125293016,1
143,513,4.931879044,0.5283054113,1
143,545,4.604870796,0.9741181135,1
143,577,4.243648052,1.566842318,1
143,609,4.180303097,1.405706048,1
143,641,4.156481743,0.4973726273,1
143,673,5.879271507,0.33184129,1
143,705,NaN,NaN,2
143,737,NaN,NaN,2
143,769,NaN,NaN,2
143,801,7.077935219,2.362060547,1
143,833,8.386372566,2.682261944,1
143,865,10.68218327,4.03664732,1
143,897,12.6834259,1.2018466,1
143,929,13.15932846,0.6111615896,1
143,961,15.62660408,0.8151200414,1
143,993,16.12446213,3.544434786,1
143,1025,17.62170601,0.08200377226,1
143,1057,19.23095322,-1.154638767,1
143,1089,NaN,NaN,2
143,1121,NaN,NaN,2
143,1153,22.95638084,2.751440763,1
143,1185,NaN,NaN,2
143,1217,NaN,NaN,2
143,1249,15.48413467,-1.569105625,1
143,1281,NaN,NaN,2
143,1313,18.36122894,-2.232004166,1
143,1345,19.24817085,-2.995832443,1
143,1377,17.32972717,-3.638292789,1
143,1409,18.32741928,-5.160197258,1
143,1441,15.98809338,-5.667824745,1
143,1473,NaN,NaN,2
143,1505,10.352808,-6.95619297,1
143,1537,11.73105907,-7.81538105,1
143,1569,NaN,NaN,2
143,1601,6.650341511,-8.752293587,1
143,1633,5.512521744,-9.317915916,1
143,1665,4.766942024,-8.460556984,1
143,1697,3.385302782,-7.253782749,1
143,1729,1.827030897,-5.795656204,1
143,1761,0.5897940993,-5.812535286,1
143,1793,-1.541596174,-5.527500153,1
143,1825,-3.678091526,-2.361599922,1
143,1857,-3.636748552,2.442831993,1
143,1889,-4.295230389,-0.8934528828,1
143,1921,-3.594871521,-1.573211193,1
143,1953,-1.904355168,0.04266524315,1
143,1985,NaN,NaN,2
143,2017,-4.176905632,0.5559399128,1
175,33,-4.003499031,0.8436374664,1
175,65,-3.712695837,-8.554977417,1
175,97,-1.611084342,-10.67602539,1
175,129,-1.655179381,-11.05051422,1
175,161,-2.00411272,-10.17101479,1
175,193,-0.7823543549,-5.259895325,1
175,225,-1.148358345,-6.667966366,1
175,257,1.563291788,-4.617750645,1
175,289,1.500731111,-3.925627708,1
175,321,0.4630883634,-2.764664412,1
175,353,0.3546119332,-4.787238121,1
175,385,0.2552302182,-2.593736172,1
175,417,1.661512017,-1.036091447,1
175,449,4.677239895,-0.4184033871,1
175,481,4.385785103,0.5957626104,1
175,513,4.769212723,1.319880247,1
175,545,5.484910965,0.5174710751,1
175,577,5.070577621,1.026304007,1
175,609,2.817443371,0.3447213173,1
175,641,4.821673393,0.01063001156,1
175,673,6.409534931,0.073003456,1
175,705,NaN,NaN,2
175,737,7.234883308,-0.4828136265,1
175,769,NaN,NaN,2
175,801,NaN,NaN,2
175,833,11.77628422,2.997956514,1
175,865,15.38113594,0.7706339359,1
175,897,15.85015488,-0.5969762802,1
175,929,NaN,NaN,2
175,961,NaN,NaN,2
175,993,18.18078995,2.102675676,1
175,1025,22.3468399,1.696344972,1
175,1057,NaN,NaN,2
175,1089,NaN,NaN,2
175,1121,NaN,NaN,2
175,1153,NaN,NaN,2
175,1185,NaN,NaN,2
175,1217,NaN,NaN,2
175,1249,NaN,NaN,2
175,1281,22.4761467,-5.17537117,1
175,1313,22.31894302,-5.814561367,1
175,1345,20.6302433,-5.40130806,1
175,1377,18.80174255,-5.971045017,1
175,1409,19.87457466,-5.945095539,1
175,1441,NaN,NaN,2
175,1473,8.824926376,-6.399291515,1
175,1505,11.65834427,-6.374183655,1
175,1537,13.76694393,-6.896547318,1
175,1569,13.13722992,-7.830121994,1
175,1601,NaN,NaN,2
175,1633,NaN,NaN,2
175,1665,5.027755737,-8.455145836,1
175,1697,3.917259693,-7.857084274,1
175,1729,2.559828281,-6.939745426,1
175,1761,1.910337925,-7.003647327,1
175,1793,1.109630942,-5.986998558,1
175,1825,-0.3808701038,-4.322482109,1
175,1857,-0.646715045,-2.704613686,1
175,1889,-1.883876801,0.1988735199,1
175,1921,-2.535588503,-2.240367413,1
175,1953,-2.745719433,-1.868129492,1
175,1985,-4.42525959,1.917381525,1
175,2017,-5.294307709,-0.1172878742,1
207,33,-4.233363628,0.7149381638,1
207,65,-3.484915495,-8.639178276,1
207,97,-1.659750938,-10.04326439,1
207,129,-1.24657166,-11.34935856,1
207,161,-1.068262815,-10.88650608,1
207,193,-0.3757830858,-5.846506119,1
207,225,-1.853672743,-8.198976517,1
207,257,-0.989066124,-6.409370899,1
207,289,0.1012803018,-4.197047234,1
207,321,2.658307552,-4.120984077,1
207,353,1.123144388,-3.897954464,1
207,385,0.4200110137,-4.430075645,1
207,417,1.697911263,-2.700368166,1
207,449,NaN,NaN,2
207,481,2.772088528,-0.2731063366,1
207,513,2.990486145,1.649436355,1
207,545,4.065507889,1.36913693,1
207,577,5.198548317,0.1076651812,1
207,609,4.204063416,-1.203458786,1
207,641,6.193945885,-0.4054584503,1
207,673,6.796042442,-0.2647559643,1
207,705,7.315047264,-1.938878298,1
207,737,7.772240639,-0.2654271126,1
207,769,8.781467438,1.008929968,1
207,801,NaN,NaN,2
207,833,NaN,NaN,2
207,865,17.08992386,0.2374971509,1
207,897,NaN,NaN,2
207,929,NaN,NaN,2
207,961,15.94415092,-6.214875221,1
207,993,21.26808739,-0.1969688982,1
207,1025,23.64611626,-1.07736063,1
207,1057,NaN,NaN,2
207,1089,NaN,NaN,2
207,1121,NaN,NaN,2
207,1153,27.68665504,-0.5497641563,1
207,1185,27.2147274,-1.300829887,1
207,1217,26.63519859,-2.235899925,1
207,1249,27.0696888,-4.495081902,1
207,1281,27.65770149,-5.751987457,1
207,1313,25.4570961,-7.282706261,1
207,1345,22.28518867,-6.74780941,1
207,1377,19.93849182,-7.052095413,1
207,1409,20.33003616,-5.166024208,1
207,1441,NaN,NaN,2
207,1473,9.415966034,-7.265363216,1
207,1505,14.41954041,-4.880067825,1
207,1537,15.38169384,-7.571351051,1
207,1569,13.34676266,-8.631299019,1
207,1601,NaN,NaN,2
207,1633,NaN,NaN,2
207,1665,5.319739342,-9.457032204,1
207,1697,4.383952141,-8.809596062,1
207,1729,3.373244047,-8.935541153,1
207,1761,2.847579956,-8.44179821,1
207,1793,5.013000488,-6.728768826,1
207,1825,4.590020657,-7.323485374,1
207,1857,4.142741203,-3.94177866,1
207,1889,NaN,NaN,2
207,1921,NaN,NaN,2
207,1953,-3.334908485,-3.022155523,1
207,1985,-4.163110256,-0.551813364,1
207,2017,NaN,NaN,2
239,33,-13.80887794,0.7115869522,1
239,65,NaN,NaN,2
239,97,-2.699272633,-9.514260292,1
239,129,-2.296559572,-10.28474522,1
239,161,-2.15474987,-9.021206856,1
239,193,0.08275365829,-4.605443954,1
239,225,-1.284095645,-7.755440712,1
239,257,-1.118369341,-6.741706371,1
239,289,-0.7506622076,-3.55035305,1
239,321,-0.5531578064,-4.167160511,1
239,353,-0.5873451233,-4.096684456,1
239,385,0.3291399777,-5.99082756,1
239,417,2.744478941,-3.581221581,1
239,449,1.505347967,-1.303658962,1
239,481,NaN,NaN,2
239,513,3.592744589,3.016274214,1
239,545,4.304212093,3.074295282,1
239,577,4.274320602,-0.5180255175,1
239,609,5.477048397,-0.7461319566,1
239,641,5.793118,-0.1844354421,1
239,673,6.666498661,0.05974905193,1
239,705,7.994729042,-1.024214029,1
239,737,9.056552887,0.03331103921,1
239,769,9.995286942,3.037717342,1
239,801,NaN,NaN,2
239,833,NaN,NaN,2
239,865,NaN,NaN,2
239,897,NaN,NaN,2
239,929,NaN,NaN,2
239,961,17.13846207,-1.380630493,1
239,993,23.75860023,-0.5784370303,1
239,1025,25.1948967,-1.399227619,1
239,1057,26.64155769,-1.655033588,1
239,1089,NaN,NaN,2
239,1121,28.98859787,-2.944212198,1
239,1153,29.7331295,-1.929490566,1
239,1185,29.00720596,-2.661691666,1
239,1217,28.36841393,-4.078701973,1
239,1249,29.08789825,-5.535010338,1
239,1281,29.49418068,-6.098657131,1
239,1313,25.71019363,-6.619536877,1
239,1345,23.53731155,-7.568829536,1
239,1377,22.37953949,-8.026159286,1
239,1409,21.18455505,-8.071097374,1
239,1441,NaN,NaN,2
239,1473,NaN,NaN,2
239,1505,NaN,NaN,2
239,1537,NaN,NaN,2
239,1569,7.352578163,-13.73313236,1
239,1601,NaN,NaN,2
239,1633,NaN,NaN,2
239,1665,5.743634224,-11.65789509,1
239,1697,5.095322132,-10.47983074,1
239,1729,4.307215214,-11.42456341,1
239,1761,5.016214848,-8.995494843,1
239,1793,6.420333862,-5.805810928,1
239,1825,4.346809387,-4.403328896,1
239,1857,2.112783909,-2.363984585,1
239,1889,1.242724657,-2.496109486,1
239,1921,NaN,NaN,2
239,1953,NaN,NaN,2
239,1985,-1.134507179,-0.7945752144,1
239,2017,-1.115227938,0.2101690769,1
271,33,-12.32884026,0.1832108498,1
271,65,-5.560710907,-7.906037807,1
271,97,-3.532255888,-8.315340996,1
271,129,-3.194784164,-7.943315029,1
271,161,-2.696846008,-6.885569096,1
271,193,0.2353429794,-3.251996994,1
271,225,1.565176964,-2.816421509,1
271,257,0.3908163309,-4.444050789,1
271,289,-0.8341003656,-4.371370792,1
271,321,-0.8686941862,-3.619009972,1
271,353,-1.472491741,-3.874558449,1
271,385,-0.6686450839,-3.898230553,1
271,417,0.2562792301,-3.219922543,1
271,449,1.988956332,-0.8735325336,1
271,481,3.126381636,-0.07284986973,1
271,513,4.536881447,1.190906167,1
271,545,NaN,NaN,2
271,577,4.257280827,-1.502399564,1
271,609,5.33988142,-1.174090743,1
271,641,5.664461136,-0.02078808844,1
271,673,6.991459846,1.729434729,1
271,705,8.687181473,0.8959874511,1
271,737,11.35607052,3.587744474,1
271,769,11.47407341,2.414043427,1
271,801,12.71139812,1.248298407,1
271,833,NaN,NaN,2
271,865,11.94930267,1.820423841,1
271,897,NaN,NaN,2
271,929,NaN,NaN,2
271,961,23.45494461,-0.09160518646,1
271,993,27.01951027,-0.6120321751,1
271,1025,28.66632462,0.42525208,1
271,1057,29.20336151,-1.72794497,1
271,1089,NaN,NaN,2
271,1121,28.92261887,-2.738580942,1
271,1153,32.80461884,-3.183501482,1
271,1185,35.78901672,-1.12902832,1
271,1217,29.21075249,-5.506380558,1
271,1249,NaN,NaN,2
271,1281,27.13803101,-7.183091164,1
271,1313,NaN,NaN,2
271,1345,26.46290588,-7.845504761,1
271,1377,27.06250191,-8.544531822,1
271,1409,NaN,NaN,2
271,1441,21.34292603,-5.375948906,1
271,1473,19.02401352,0.1485061646,1
271,1505,NaN,NaN,2
271,1537,NaN,NaN,2
271,1569,7.128340721,-12.70902824,1
271,1601,NaN,NaN,2
271,1633,10.09471321,-12.13062382,1
271,1665,6.795164108,-12.07881355,1
271,1697,5.264334679,-13.02062225,1
271,1729,4.832840443,-13.84758186,1
271,1761,4.651210785,-9.102861404,1
271,1793,6.952087402,-5.988452911,1
271,1825,0.5394411087,-3.413977146,1
271,1857,-0.4930222034,-2.208293915,1
271,1889,1.350073099,-3.348200798,1
271,1921,1.625637889,-5.640389919,1
271,1953,NaN,NaN,2
271,1985,-0.5145161152,-2.739149094,1
271,2017,-1.292433023,-1.802005768,1
303,33,-6.207611084,0.1004416943,1
303,65,-3.12335062,-7.088686466,1
303,97,-2.563724995,-9.622834206,1
303,129,-3.23199749,-8.844009399,1
303,161,-4.143750191,-2.534074306,1
303,193,-3.171692848,-1.385189056,1
303,225,-2.329053879,-2.018847942,1
303,257,-2.241599083,-3.848758698,1
303,289,-1.74125433,-3.955536127,1
303,321,1.143390298,-1.189893007,1
303,353,-1.655584812,-3.13961482,1
303,385,-1.241746545,-3.443216562,1
303,417,-0.7562769651,-2.088352442,1
303,449,0.3424859643,-0.8299298286,1
303,481,1.404737711,-1.535186052,1
303,513,2.108533859,-1.356453896,1
303,545,2.973790169,-1.454111934,1
303,577,4.709112644,-1.393856049,1
303,609,5.85327816,-0.8131533265,1
303,641,6.532364845,-0.07894772291,1
303,673,NaN,NaN,2
303,705,NaN,NaN,2
303,737,10.75660801,3.285438299,1
303,769,12.07273769,2.424466133,1
303,801,13.57151508,3.455469608,1
303,833,12.71990013,3.262584925,1
303,865,13.14894295,1.180134773,1
303,897,NaN,NaN,2
303,929,22.53016472,-0.1878304482,1
303,961,25.02138901,1.535065174,1
303,993,27.61212349,-0.6957463622,1
303,1025,29.6582737,0.1773093939,1
303,1057,NaN,NaN,2
303,1089,NaN,NaN,2
303,1121,40.23725891,-0.4798760414,1
303,1153,NaN,NaN,2
303,1185,35.48133087,-2.339724064,1
303,1217,NaN,NaN,2
303,1249,NaN,NaN,2
303,1281,NaN,NaN,2
303,1313,NaN,NaN,2
303,1345,NaN,NaN,2
303,1377,24.89482498,-11.06068611,1
303,1409,24.44836617,-9.993086815,1
303,1441,22.55002594,-9.999311447,1
303,1473,20.15697861,-10.85148716,1
303,1505,13.50991631,-7.921581268,1
303,1537,14.50762272,-9.775535583,1
303,1569,12.47331524,-11.84643745,1
303,1601,12.34811878,-14.54231548,1
303,1633,10.81459713,-12.91980457,1
303,1665,7.220461369,-13.15629196,1
303,1697,6.335746765,-13.48010731,1
303,1729,5.401380539,-14.14463139,1
303,1761,5.99401474,-9.582052231,1
303,1793,3.908132553,-8.678788185,1
303,1825,1.93833518,-6.379864693,1
303,1857,1.355287433,-3.359772682,1
303,1889,2.074774265,-4.657391548,1
303,1921,NaN,NaN,2
303,1953,NaN,NaN,2
303,1985,-1.636824369,-2.753327847,1
303,2017,-2.090933323,-1.755659819,1
335,33,-8.962825775,0.367980957,1
335,65,-4.262543678,-7.126939297,1
335,97,-4.619291306,-9.186524391,1
335,129,-5.287274361,-8.072072029,1
335,161,-6.231863022,-3.747101307,1
335,193,-6.802829742,-3.296137571,1
335,225,-5.911831856,-1.941856861,1
335,257,-5.305100918,-3.048426867,1
335,289,-3.90383625,-3.086153507,1
335,321,-1.33495903,-0.718398571,1
335,353,-0.6861650944,-3.311965227,1
335,385,-1.118836164,-3.015510559,1
335,417,-0.6268157363,-2.736961603,1
335,449,0.03198623657,-1.96901989,1
335,481,0.520742178,-1.78211987,1
335,513,1.120509863,-3.003997326,1
335,545,1.817806005,-1.446559191,1
335,577,NaN,NaN,2
335,609,12.74337006,0.6371933222,1
335,641,13.73709393,-0.2279347777,1
335,673,7.828117371,0.4688457847,1
335,705,NaN,NaN,2
335,737,10.19762802,1.008923769,1
335,769,14.50457191,2.540543556,1
335,801,13.59417629,3.803441048,1
335,833,16.74362946,1.237945795,1
335,865,19.45973778,-0.3068573475,1
335,897,22.04479408,-0.2707173228,1
335,929,25.41863251,1.34015727,1
335,961,25.87829971,3.486282587,1
335,993,27.44191742,0.2033010721,1
335,1025,24.87014008,-2.636718035,1
335,1057,25.50488472,-2.479835749,1
335,1089,NaN,NaN,2
335,1121,NaN,NaN,2
335,1153,NaN,NaN,2
335,1185,NaN,NaN,2
335,1217,NaN,NaN,2
335,1249,NaN,NaN,2
335,1281,37.33093643,-11.03550911,1
335,1313,35.51968002,-10.75740433,1
335,1345,NaN,NaN,2
335,1377,NaN,NaN,2
335,1409,23.7798748,-10.60884094,1
335,1441,23.06106567,-11.38319969,1
335,1473,22.2400856,-12.07811546,1
335,1505,19.82684898,-12.18992901,1
335,1537,15.10042,-10.38447952,1
335,1569,15.96696472,-11.84988689,1
335,1601,12.84063053,-13.21387196,1
335,1633,11.51651192,-13.10218906,1
335,1665,8.929156303,-13.1289978,1
335,1697,6.545152664,-12.17398071,1
335,1729,6.61533308,-13.84252071,1
335,1761,5.310288429,-12.90486622,1
335,1793,3.803695679,-10.85103893,1
335,1825,2.138188124,-7.031290054,1
335,1857,0.8600006104,-7.346691608,1
335,1889,0.2543408871,-5.029545307,1
335,1921,-2.150941849,-12.35023499,1
335,1953,NaN,NaN,2
335,1985,-3.202424049,-2.581900358,1
335,2017,-2.629908562,-0.7923434973,1
367,33,-11.55388355,0.4982442856,1
367,65,-7.631044388,-7.721856117,1
367,97,-7.905785561,-6.334793091,1
367,129,-7.580988407,-5.784031868,1
367,161,-8.484809875,-3.67929554,1
367,193,-10.26107979,-3.358947277,1
367,225,-9.298359871,-1.479203701,1
367,257,-7.795495987,-4.689925194,1
367,289,-6.411441803,-2.567302227,1
367,321,-4.786077023,0.1001725197,1
367,353,0.7734804153,-3.31232214,1
367,385,-0.5391099453,-2.809320211,1
367,417,0.9709117413,-2.496875525,1
367,449,-0.5379083157,-2.681082487,1
367,481,-0.242909193,-1.795568705,1
367,513,0.765075922,-2.11624217,1
367,545,NaN,NaN,2
367,577,13.45874596,-0.2764855623,1
367,609,11.67415619,-1.928402543,1
367,641,10.40423775,0.1991760135,1
367,673,10.9670229,1.104958534,1
367,705,9.698301315,1.915996909,1
367,737,11.34653091,1.652282119,1
367,769,NaN,NaN,2
367,801,16.88058662,1.354715943,1
367,833,20.12740135,0.1072657704,1
367,865,23.30400276,-1.673297167,1
367,897,26.00740242,-0.3748731911,1
367,929,28.90719414,0.8298727274,1
367,961,NaN,NaN,2
367,993,NaN,NaN,2
367,1025,25.40297127,-1.45587647,1
367,1057,NaN,NaN,2
367,1089,NaN,NaN,2
367,1121,NaN,NaN,2
367,1153,40.61137009,1.181825638,1
367,1185,NaN,NaN,2
367,1217,NaN,NaN,2
367,1249,NaN,NaN,2
367,1281,NaN,NaN,2
367,1313,32.60801697,-10.86825752,1
367,1345,NaN,NaN,2
367,1377,28.82356453,-11.50579643,1
367,1409,NaN,NaN,2
367,1441,23.42028046,-12.46286392,1
367,1473,23.40216446,-13.04495716,1
367,1505,22.45072365,-12.99368858,1
367,1537,17.93372536,-13.42660904,1
367,1569,16.02135849,-14.0315733,1
367,1601,15.48599815,-15.0783968,1
367,1633,14.751894,-14.36553192,1
367,1665,11.93231964,-13.51919937,1
367,1697,NaN,NaN,2
367,1729,NaN,NaN,2
367,1761,5.420425892,-13.46427727,1
367,1793,3.637781143,-9.151715279,1
367,1825,0.6799564362,-7.372281075,1
367,1857,-1.837196589,-9.065875053,1
367,1889,-1.319853902,-9.579936981,1
367,1921,-0.8475271463,-7.748308659,1
367,1953,-1.408591151,-8.918236732,1
367,1985,-2.161067724,-2.225666523,1
367,2017,-3.568740129,-0.6480160952,1
399,33,NaN,NaN,2
399,65,-10.82618046,-4.424221992,1
399,97,-9.61686039,-6.434006214,1
399,129,-9.481273651,-4.91942215,1
399,161,-10.28340054,-4.445170879,1
399,193,-11.38692284,-3.764536381,1
399,225,-10.60949898,-3.087985516,1
399,257,-8.397424698,-3.62675333,1
399,289,-8.455783844,-2.830391645,1
399,321,-7.575257301,-2.197458267,1
399,353,-4.558553696,-2.793034315,1
399,385,-2.048869133,-3.070511341,1
399,417,-1.434073329,-3.421396255,1
399,449,NaN,NaN,2
399,481,NaN,NaN,2
399,513,3.22481966,3.816294193,1
399,545,5.756901741,7.796229362,1
399,577,8.055820465,2.483278036,1
399,609,9.320936203,0.9684439301,1
399,641,11.07042408,1.636556864,1
399,673,11.95057297,2.14194417,1
399,705,9.697686195,3.109884262,1
399,737,12.77591515,2.194669008,1
399,769,NaN,NaN,2
399,801,21.65461159,-0.9300904274,1
399,833,23.44034958,0.07919114828,1
399,865,26.17033386,-0.01975136995,1
399,897,27.84537506,0.4142574072,1
399,929,NaN,NaN,2
399,961,38.87150574,0.1758827865,1
399,993,41.06370163,-0.02074086666,1
399,1025,NaN,NaN,2
399,1057,NaN,NaN,2
399,1089,28.89398956,-6.766967773,1
399,1121,29.00989723,-2.653121948,1
399,1153,NaN,NaN,2
399,1185,NaN,NaN,2
399,1217,NaN,NaN,2
399,1249,NaN,NaN,2
399,1281,NaN,NaN,2
399,1313,35.92136765,-11.5980978,1
399,1345,NaN,NaN,2
399,1377,NaN,NaN,2
399,1409,NaN,NaN,2
399,1441,NaN,NaN,2
399,1473,25.62267494,-13.33372879,1
399,1505,21.78153801,-13.87460995,1
399,1537,18.64741516,-14.49299049,1
399,1569,17.54496193,-16.29683113,1
399,1601,16.94159508,-15.43642044,1
399,1633,16.16995239,-15.38508701,1
399,1665,NaN,NaN,2
399,1697,NaN,NaN,2
399,1729,NaN,NaN,2
399,1761,8.338125229,-14.10842419,1
399,1793,3.336102009,-7.92616272,1
399,1825,2.093218327,-7.537078381,1
399,1857,1.282436609,-7.936662674,1
399,1889,0.04066172242,-5.356452942,1
399,1921,-1.203884363,-6.616715908,1
399,1953,NaN,NaN,2
399,1985,-2.503348351,-2.070045471,1
399,2017,-3.421798229,-1.539472103,1
431,33,NaN,NaN,2
431,65,NaN,NaN,2
431,97,-12.28209019,-8.946700096,1
431,129,-11.11550236,-7.574141502,1
431,161,-12.06600761,-6.090643406,1
431,193,-10.74388123,-5.390330791,1
431,225,-10.2496891,-5.717504025,1
431,257,-9.52369976,-3.787218809,1
431,289,-9.098212242,-3.268483639,1
431,321,-8.856391907,-2.954151392,1
431,353,-6.556179523,-2.509723663,1
431,385,-3.614808083,-3.14255619,1
431,417,-2.289773464,-3.50966382,1
431,449,-1.668535471,-2.588744164,1
431,481,-0.4770282507,0.3299586773,1
431,513,NaN,NaN,2
431,545,NaN,NaN,2
431,577,4.299847603,6.604269981,1
431,609,5.827172279,4.894249916,1
431,641,12.00858116,2.169768095,1
431,673,NaN,NaN,2
431,705,NaN,NaN,2
431,737,13.67974567,3.981207848,1
431,769,17.97818947,2.339061022,1
431,801,22.18266296,2.250679493,1
431,833,24.97959518,1.767286301,1
431,865,29.89206123,2.070704937,1
431,897,36.42255783,3.330359459,1
431,929,NaN,NaN,2
431,961,NaN,NaN,2
431,993,41.97822189,-0.2090450227,1
431,1025,40.91014862,-1.033346653,1
431,1057,NaN,NaN,2
431,1089,29.79968643,-11.03059101,1
431,1121,NaN,NaN,2
431,1153,NaN,NaN,2
431,1185,NaN,NaN,2
431,1217,NaN,NaN,2
431,1249,NaN,NaN,2
431,1281,NaN,NaN,2
431,1313,NaN,NaN,2
431,1345,NaN,NaN,2
431,1377,NaN,NaN,2
431,1409,NaN,NaN,2
431,1441,NaN,NaN,2
431,1473,NaN,NaN,2
431,1505,20.42362022,-14.38044167,1
431,1537,20.24518394,-15.10140896,1
431,1569,19.68954277,-17.28967476,1
431,1601,18.392313,-15.63093853,1
431,1633,17.37623215,-15.50302982,1
431,1665,14.90269089,-13.97337437,1
431,1697,NaN,NaN,2
431,1729,NaN,NaN,2
431,1761,NaN,NaN,2
431,1793,NaN,NaN,2
431,1825,3.608663082,-7.739273548,1
431,1857,0.93044734,-8.699605942,1
431,1889,0.185869962,-5.851279259,1
431,1921,-1.948414803,-4.574010849,1
431,1953,NaN,NaN,2
431,1985,-2.411872625,-2.257409334,1
431,2017,-3.460813284,-1.425532341,1
463,33,NaN,NaN,2
463,65,NaN,NaN,2
463,97,-12.22358322,-7.981002808,1
463,129,-14.04389381,-8.439915657,1
463,161,NaN,NaN,2
463,193,-10.30303955,-7.891604424,1
463,225,-10.57976055,-4.149265289,1
463,257,-9.802476883,-3.89355731,1
463,289,-9.117323875,-5.938657761,1
463,321,-8.262024879,-3.508046389,1
463,353,-9.13365078,-3.199231148,1
463,385,-5.081100464,-3.370436907,1
463,417,-3.665200233,-3.337519169,1
463,449,-2.475377083,-2.577590942,1
463,481,-1.748699903,-0.2252467871,1
463,513,-0.3054988384,1.331024885,1
463,545,0.9342634678,2.612611294,1
463,577,2.257627487,5.829070091,1
463,609,5.198142052,5.62046051,1
463,641,8.039747238,3.300112247,1
463,673,9.745869637,4.184278488,1
463,705,11.03481483,5.715813637,1
463,737,14.10464096,5.685130596,1
463,769,17.66288376,5.106460571,1
463,801,21.91451836,6.258651257,1
463,833,26.61625481,4.045936108,1
463,865,30.09285545,3.89533186,1
463,897,35.20029068,7.816304684,1
463,929,NaN,NaN,2
463,961,NaN,NaN,2
463,993,NaN,NaN,2
463,1025,NaN,NaN,2
463,1057,NaN,NaN,2
463,1089,NaN,NaN,2
463,1121,NaN,NaN,2
463,1153,NaN,NaN,2
463,1185,NaN,NaN,2
463,1217,NaN,NaN,2
463,1249,NaN,NaN,2
463,1281,NaN,NaN,2
463,1313,NaN,NaN,2
463,1345,NaN,NaN,2
463,1377,NaN,NaN,2
463,1409,NaN,NaN,2
463,1441,NaN,NaN,2
463,1473,NaN,NaN,2
463,1505,19.21729279,-14.8841753,1
463,1537,17.66145134,-15.17293835,1
463,1569,16.78178787,-15.51529026,1
463,1601,16.53658867,-15.10525417,1
463,1633,17.19737625,-14.59127808,1
463,1665,16.10623741,-13.43191624,1
463,1697,12.16182041,-13.42802334,1
463,1729,9.696400642,-11.61425018,1
463,1761,NaN,NaN,2
463,1793,NaN,NaN,2
463,1825,1.695867658,-7.929209232,1
463,1857,0.351405859,-7.173137665,1
463,1889,-0.03569710255,-5.595287323,1
463,1921,-1.070088744,-4.427193165,1
463,1953,-1.319799423,-3.409750223,1
463,1985,-1.666419625,-2.419456005,1
463,2017,-3.493539333,-0.3686332703,1
495,33,NaN,NaN,2
495,65,-13.89426136,-3.616468906,1
495,97,-13.48442078,-6.899124622,1
495,129,-15.30333233,-9.612371445,1
495,161,NaN,NaN,2
495,193,NaN,NaN,2
495,225,-11.68729115,-0.9738883972,1
495,257,-10.86652565,-4.921685696,1
495,289,-9.999204636,-6.352067471,1
495,321,-9.822199821,-5.466651917,1
495,353,-6.798952103,-3.610268116,1
495,385,-6.342217445,-3.592494965,1
495,417,-4.605760098,-3.639860392,1
495,449,-3.0599823,-2.480285883,1
495,481,-1.888870597,0.5515159369,1
495,513,-0.5698001981,1.761071682,1
495,545,1.706147313,1.248915434,1
495,577,3.764881611,2.019842148,1
495,609,5.721144676,2.394449472,1
495,641,8.203162193,3.87947154,1
495,673,10.7000618,4.057953835,1
495,705,12.50527477,4.563724518,1
495,737,15.06955242,6.651111603,1
495,769,NaN,NaN,2
495,801,20.0396595,7.694513798,1
495,833,NaN,NaN,2
495,865,24.58575821,3.113479614,1
495,897,29.04097939,5.934053421,1
495,929,NaN,NaN,2
495,961,NaN,NaN,2
495,993,49.31482697,3.33622098,1
495,1025,NaN,NaN,2
495,1057,NaN,NaN,2
495,1089,36.38389206,-4.281165123,1
495,1121,NaN,NaN,2
495,1153,48.12173843,-7.826190948,1
495,1185,NaN,NaN,2
495,1217,NaN,NaN,2
495,1249,NaN,NaN,2
495,1281,NaN,NaN,2
495,1313,NaN,NaN,2
495,1345,NaN,NaN,2
495,1377,NaN,NaN,2
495,1409,NaN,NaN,2
495,1441,24.47495842,-16.08603096,1
495,1473,NaN,NaN,2
495,1505,23.38893318,-15.76394367,1
495,1537,19.08786774,-14.99540329,1
495,1569,17.60092926,-14.73364162,1
495,1601,15.43544769,-13.81223297,1
495,1633,15.4257412,-13.76479912,1
495,1665,NaN,NaN,2
495,1697,12.49179173,-12.23901558,1
495,1729,9.880699158,-12.15294647,1
495,1761,6.840992451,-11.92860508,1
495,1793,4.314382553,-12.09794426,1
495,1825,1.837314129,-13.23653984,1
495,1857,-0.02676320076,-8.360776901,1
495,1889,-0.5906103849,-5.172521591,1
495,1921,-0.8693976402,-4.684423447,1
495,1953,-0.9166835546,-4.357465744,1
495,1985,-0.4359481335,-2.181018829,1
495,2017,-1.588073254,-0.2012515068,1
527,33,NaN,NaN,2
527,65,-13.47010899,-4.387989044,1
527,97,-15.44027328,-6.717300892,1
527,129,NaN,NaN,2
527,161,NaN,NaN,2
527,193,NaN,NaN,2
527,225,-15.17513561,-3.8420825,1
527,257,-15.94458771,-6.113098145,1
527,289,NaN,NaN,2
527,321,-11.31292915,-3.476162672,1
527,353,-10.28431892,-3.496436119,1
527,385,-6.146364212,-3.696263552,1
527,417,-4.786278248,-3.451885223,1
527,449,-3.660929918,-2.109952211,1
527,481,-2.111273527,1.371275067,1
527,513,-0.6455665827,2.657592773,1
527,545,1.563588619,2.005314827,1
527,577,3.548490524,1.776795626,1
527,609,5.345264912,3.154189587,1
527,641,8.944669724,4.961393356,1
527,673,11.73821259,4.624996662,1
527,705,14.33819294,11.77598763,1
527,737,NaN,NaN,2
527,769,23.01106453,17.05326843,1
527,801,NaN,NaN,2
527,833,NaN,NaN,2
527,865,NaN,NaN,2
527,897,28.28452492,8.642038345,1
527,929,NaN,NaN,2
527,961,NaN,NaN,2
527,993,47.33236694,-0.4115905762,1
527,1025,NaN,NaN,2
527,1057,38.20064926,-1.820062876,1
527,1089,41.43765259,-4.305264473,1
527,1121,NaN,NaN,2
527,1153,46.50034714,-8.329166412,1
527,1185,NaN,NaN,2
527,1217,NaN,NaN,2
527,1249,NaN,NaN,2
527,1281,NaN,NaN,2
527,1313,NaN,NaN,2
527,1345,NaN,NaN,2
527,1377,NaN,NaN,2
527,1409,NaN,NaN,2
527,1441,NaN,NaN,2
527,1473,NaN,NaN,2
527,1505,25.62877083,-16.78102112,1
527,1537,NaN,NaN,2
527,1569,NaN,NaN,2
527,1601,NaN,NaN,2
527,1633,12.31182861,-13.17144012,1
527,1665,11.34199524,-11.83815002,1
527,1697,9.716392517,-11.83377934,1
527,1729,8.20502758,-12.43144608,1
527,1761,6.709302902,-12.44710445,1
527,1793,3.107604027,-13.56595039,1
527,1825,1.596128464,-13.5957365,1
527,1857,0.2099030018,-10.27453995,1
527,1889,-0.1216488779,-5.797666073,1
527,1921,-0.1758745909,-5.826815128,1
527,1953,0.2243813276,-4.851325035,1
527,1985,3.083655357,-2.584210157,1
527,2017,3.31140995,0.04939079285,1
559,33,NaN,NaN,2
559,65,-15.37443829,-9.271663666,1
559,97,-15.41777515,-10.34169579,1
559,129,-17.16100693,-3.48463583,1
559,161,-17.64056396,-2.363144875,1
559,193,-20.2455101,-6.083264351,1
559,225,-18.69611931,-4.783390045,1
559,257,-16.79096985,-4.107187271,1
559,289,-15.78796387,-2.574970007,1
559,321,-7.341453552,-2.707441568,1
559,353,-7.682842731,-2.694863081,1
559,385,-6.850506783,-3.201666117,1
559,417,-5.08607769,-3.038954258,1
559,449,-4.272808552,-1.357079744,1
559,481,NaN,NaN,2
559,513,NaN,NaN,2
559,545,2.84258461,5.096820831,1
559,577,3.430964947,6.196679115,1
559,609,5.572671413,5.534263134,1
559,641,8.683249474,7.339468956,1
559,673,NaN,NaN,2
559,705,13.38663673,14.70479584,1
559,737,14.87986183,15.48610878,1
559,769,NaN,NaN,2
559,801,NaN,NaN,2
559,833,31.34510994,18.24120712,1
559,865,NaN,NaN,2
559,897,NaN,NaN,2
559,929,32.71502686,11.78586578,1
559,961,NaN,NaN,2
559,993,NaN,NaN,2
559,1025,NaN,NaN,2
559,1057,38.28066254,-1.667467475,1
559,1089,NaN,NaN,2
559,1121,38.2853508,-6.606579304,1
559,1153,32.49659729,-8.92152977,1
559,1185,NaN,NaN,2
559,1217,NaN,NaN,2
559,1249,NaN,NaN,2
559,1281,NaN,NaN,2
559,1313,40.05365753,-27.98153687,1
559,1345,NaN,NaN,2
559,1377,NaN,NaN,2
559,1409,27.42697906,-25.55739021,1
559,1441,NaN,NaN,2
559,1473,NaN,NaN,2
559,1505,22.18636703,-18.85374832,1
559,1537,NaN,NaN,2
559,1569,8.3814888,-9.404191017,1
559,1601,8.816991806,-9.197890282,1
559,1633,NaN,NaN,2
559,1665,8.03006649,-12.92521477,1
559,1697,NaN,NaN,2
559,1729,3.750282764,-12.60169506,1
559,1761,5.151037216,-12.60024548,1
559,1793,4.707929611,-11.22727585,1
559,1825,NaN,NaN,2
559,1857,1.489914298,-10.20661163,1
559,1889,1.05860424,-7.321514606,1
559,1921,0.3785315752,-6.285770893,1
559,1953,0.3042434454,-4.821894646,1
559,1985,1.103254914,-2.67726469,1
559,2017,0.6705188751,0.02145957947,1
591,33,NaN,NaN,2
591,65,-18.52025604,-12.3344326,1
591,97,NaN,NaN,2
591,129,NaN,NaN,2
591,161,-21.72296524,-5.873889923,1
591,193,NaN,NaN,2
591,225,NaN,NaN,2
591,257,NaN,NaN,2
591,289,NaN,NaN,2
591,321,NaN,NaN,2
591,353,-8.702928543,-2.150797367,1
591,385,-7.637264252,-2.421173811,1
591,417,-7.434679985,-1.336254716,1
591,449,-6.081217289,0.296091795,1
591,481,-5.833745003,10.44424629,1
591,513,-2.296753407,10.63813591,1
591,545,NaN,NaN,2
591,577,NaN,NaN,2
591,609,3.628931046,9.898096085,1
591,641,8.602225304,10.26254272,1
591,673,NaN,NaN,2
591,705,NaN,NaN,2
591,737,10.92507935,18.33085632,1
591,769,20.15259933,20.89804077,1
591,801,24.96491241,22.25619507,1
591,833,27.87635231,24.9359417,1
591,865,36.64785004,20.64113617,1
591,897,NaN,NaN,2
591,929,35.42030334,19.7531147,1
591,961,NaN,NaN,2
591,993,NaN,NaN,2
591,1025,NaN,NaN,2
591,1057,34.64930725,-1.110090017,1
591,1089,36.67770004,-5.269188881,1
591,1121,34.80785751,-6.684007168,1
591,1153,34.86573792,-9.215387344,1
591,1185,NaN,NaN,2
591,1217,NaN,NaN,2
591,1249,NaN,NaN,2
591,1281,NaN,NaN,2
591,1313,NaN,NaN,2
591,1345,NaN,NaN,2
591,1377,NaN,NaN,2
591,1409,NaN,NaN,2
591,1441,NaN,NaN,2
591,1473,20.21846581,-19.79072762,1
591,1505,22.6892128,-21.29073143,1
591,1537,NaN,NaN,2
591,1569,NaN,NaN,2
591,1601,10.63814259,-8.015116692,1
591,1633,9.83362484,-7.92483902,1
591,1665,7.918616295,-12.27355385,1
591,1697,2.557884216,-13.68751812,1
591,1729,NaN,NaN,2
591,1761,4.432754993,-12.99571609,1
591,1793,6.107486248,-10.72981262,1
591,1825,4.465445518,-8.915810585,1
591,1857,2.220767975,-7.696572304,1
591,1889,1.997673035,-7.078915596,1
591,1921,1.15225935,-6.129823208,1
591,1953,0.7587531805,-5.230401993,1
591,1985,1.156719089,-3.062615156,1
591,2017,0.7217783928,-0.40173769,1
623,33,NaN,NaN,2
623,65,NaN,NaN,2
623,97,NaN,NaN,2
623,129,NaN,NaN,2
623,161,-16.57848358,-6.070643425,1
623,193,-20.32974625,-7.652147293,1
623,225,NaN,NaN,2
623,257,-12.77394295,-4.093178272,1
623,289,NaN,NaN,2
623,321,-11.27353001,-4.120904922,1
623,353,-10.044981,-1.358312011,1
623,385,-8.305397034,-1.025117874,1
623,417,-6.863129139,0.9124088287,1
623,449,-6.498307228,3.42456913,1
623,481,-5.81644249,11.48362732,1
623,513,NaN,NaN,2
623,545,NaN,NaN,2
623,577,NaN,NaN,2
623,609,1.264532566,11.60599136,1
623,641,7.535696507,13.79832458,1
623,673,9.237940788,15.88238907,1
623,705,NaN,NaN,2
623,737,12.54756069,24.18253517,1
623,769,NaN,NaN,2
623,801,NaN,NaN,2
623,833,NaN,NaN,2
623,865,NaN,NaN,2
623,897,32.63669586,22.348423,1
623,929,28.74834824,24.07870102,1
623,961,NaN,NaN,2
623,993,NaN,NaN,2
623,1025,35.46266937,3.318740845,1
623,1057,31.83449364,-1.132967234,1
623,1089,32.30529785,-4.750526905,1
623,1121,31.87865639,-6.178342342,1
623,1153,30.34786415,-8.352301598,1
623,1185,27.9492836,-12.46551895,1
623,1217,25.65037537,-18.87898827,1
623,1249,NaN,NaN,2
623,1281,22.91203308,-38.85906601,1
623,1313,21.08860397,-41.43612671,1
623,1345,NaN,NaN,2
623,1377,NaN,NaN,2
623,1409,NaN,NaN,2
623,1441,NaN,NaN,2
623,1473,NaN,NaN,2
623,1505,23.38124466,-22.44648743,1
623,1537,20.73910141,-18.01372528,1
623,1569,NaN,NaN,2
623,1601,10.7741127,-10.92565918,1
623,1633,8.843178749,-8.962964058,1
623,1665,6.531080723,-10.71120167,1
623,1697,1.330121994,-14.0545063,1
623,1729,NaN,NaN,2
623,1761,3.300014019,-13.4905901,1
623,1793,5.534451008,-10.54350853,1
623,1825,5.285178661,-9.20675087,1
623,1857,4.324764252,-7.793387413,1
623,1889,3.471502304,-6.628561974,1
623,1921,2.089382648,-5.43304348,1
623,1953,1.451390982,-5.051139832,1
623,1985,1.430782557,-2.901824474,1
623,2017,1.904392481,-1.251778126,1
655,33,NaN,NaN,2
655,65,NaN,NaN,2
655,97,NaN,NaN,2
655,129,-17.13131714,-13.44905758,1
655,161,-17.60710907,-12.87474442,1
655,193,-18.83877563,-10.45855522,1
655,225,-16.3444519,-5.992251873,1
655,257,-13.90557384,-6.058250427,1
655,289,-13.15642166,-2.263077259,1
655,321,-11.5175972,-2.40618515,1
655,353,-10.34993649,-1.139850974,1
655,385,-7.098960876,0.7811619043,1
655,417,NaN,NaN,2
655,449,-6.345490456,6.51984787,1
655,481,-5.678956032,7.271224976,1
655,513,NaN,NaN,2
655,545,NaN,NaN,2
655,577,-3.068415642,10.06932354,1
655,609,NaN,NaN,2
655,641,4.902255535,15.31138039,1
655,673,6.783687592,20.1010704,1
655,705,8.980507851,23.27537346,1
655,737,12.09189987,25.09732056,1
655,769,13.58761692,29.01244736,1
655,801,16.35446548,28.71622467,1
655,833,NaN,NaN,2
655,865,NaN,NaN,2
655,897,NaN,NaN,2
655,929,NaN,NaN,2
655,961,NaN,NaN,2
655,993,NaN,NaN,2
655,1025,31.80170822,4.177489758,1
655,1057,28.80617142,-1.223552227,1
655,1089,30.00490189,-5.364713192,1
655,1121,30.4648571,-5.793676853,1
655,1153,29.57639885,-7.13539505,1
655,1185,28.2165184,-12.15298367,1
655,1217,NaN,NaN,2
655,1249,23.01247597,-30.02848434,1
655,1281,NaN,NaN,2
655,1313,NaN,NaN,2
655,1345,NaN,NaN,2
655,1377,NaN,NaN,2
655,1409,NaN,NaN,2
655,1441,NaN,NaN,2
655,1473,NaN,NaN,2
655,1505,NaN,NaN,2
655,1537,13.96692276,-19.19762421,1
655,1569,NaN,NaN,2
655,1601,9.773866653,-17.40363693,1
655,1633,6.018339157,-10.7072773,1
655,1665,NaN,NaN,2
655,1697,NaN,NaN,2
655,1729,NaN,NaN,2
655,1761,4.307366848,-12.31066895,1
655,1793,5.067231178,-10.33068562,1
655,1825,5.201984406,-8.91427803,1
655,1857,4.701830387,-7.418838501,1
655,1889,3.961161613,-3.686702251,1
655,1921,6.887304306,-4.297913551,1
655,1953,2.409162521,-2.95838356,1
655,1985,2.104176283,-2.516985416,1
655,2017,3.388295174,-3.245051861,1
687,33,NaN,NaN,2
687,65,-13.55430603,-13.69704914,1
687,97,NaN,NaN,2
687,129,NaN,NaN,2
687,161,-13.26868916,-14.56975079,1
687,193,-15.15879631,-11.83380795,1
687,225,-13.25044537,-7.369082451,1
687,257,-11.81396008,-6.16425705,1
687,289,-11.24097729,-2.34002018,1
687,321,-10.66456032,-0.02946871519,1
687,353,-9.855271339,0.8403263688,1
687,385,-8.675158501,1.828844309,1
687,417,-7.402544022,5.75830698,1
687,449,-6.803001881,8.411177635,1
687,481,-6.232110023,8.872274399,1
687,513,-6.119307041,8.589767456,1
687,545,-5.169231415,9.494626045,1
687,577,-3.171034813,10.93483639,1
687,609,-1.685003042,13.72937012,1
687,641,1.317083597,16.9671402,1
687,673,4.390696049,21.43517113,1
687,705,7.495751381,25.05550766,1
687,737,11.19367313,27.73151779,1
687,769,12.27658367,30.97139168,1
687,801,14.67846394,31.6660614,1
687,833,18.95247841,30.84426117,1
687,865,NaN,NaN,2
687,897,NaN,NaN,2
687,929,NaN,NaN,2
687,961,NaN,NaN,2
687,993,NaN,NaN,2
687,1025,NaN,NaN,2
687,1057,25.421772,-1.653636098,1
687,1089,27.4119091,-5.67604351,1
687,1121,28.67273903,-6.778290749,1
687,1153,28.49473381,-7.784137726,1
687,1185,NaN,NaN,2
687,1217,20.5645752,-22.48140335,1
687,1249,NaN,NaN,2
687,1281,NaN,NaN,2
687,1313,NaN,NaN,2
687,1345,23.74091721,-39.59603119,1
687,1377,NaN,NaN,2
687,1409,NaN,NaN,2
687,1441,NaN,NaN,2
687,1473,NaN,NaN,2
687,1505,NaN,NaN,2
687,1537,NaN,NaN,2
687,1569,NaN,NaN,2
687,1601,8.612603188,-19.86346626,1
687,1633,7.301296234,-15.79379749,1
687,1665,5.553919792,-14.6743927,1
687,1697,5.425024986,-16.16304016,1
687,1729,5.819102287,-13.52129841,1
687,1761,4.398146629,-11.72059536,1
687,1793,4.503768921,-12.10905457,1
687,1825,4.140300751,-8.251325607,1
687,1857,4.100821972,-6.885239601,1
687,1889,NaN,NaN,2
687,1921,4.270588875,-3.505429029,1
687,1953,3.948648691,-2.749163866,1
687,1985,2.025310278,-2.390912294,1
687,2017,0.5765681267,-4.557719707,1
719,33,-7.354885101,-0.2262039185,1
719,65,-13.33701324,-14.57273197,1
719,97,NaN,NaN,2
719,129,NaN,NaN,2
719,161,-12.46239662,-11.99043846,1
719,193,-11.14599323,-9.727288246,1
719,225,-10.62075424,-8.24036026,1
719,257,-10.06580353,-7.073266983,1
719,289,-9.910085678,-1.74979651,1
719,321,-10.04530811,1.20419538,1
719,353,-10.08640575,2.268701077,1
719,385,-11.29376221,1.288005352,1
719,417,NaN,NaN,2
719,449,-7.067135811,9.012117386,1
719,481,-7.241368294,9.333727837,1
719,513,-6.559840202,8.778754234,1
719,545,-6.471408367,9.545516968,1
719,577,-3.901150227,11.56679535,1
719,609,-1.303559661,14.65372276,1
719,641,NaN,NaN,2
719,673,2.7042768,21.15519333,1
719,705,NaN,NaN,2
719,737,11.84451485,34.79631805,1
719,769,9.942993164,32.09683228,1
719,801,13.04232788,32.5064621,1
719,833,16.52220154,31.14418411,1
719,865,NaN,NaN,2
719,897,NaN,NaN,2
719,929,21.84798431,38.80983353,1
719,961,NaN,NaN,2
719,993,NaN,NaN,2
719,1025,NaN,NaN,2
719,1057,21.48809814,-1.132731915,1
719,1089,22.92181778,-5.727862835,1
719,1121,24.43515015,-8.097021103,1
719,1153,23.39463234,-10.36115265,1
719,1185,20.90254593,-15.33543396,1
719,1217,15.84717178,-23.15073967,1
719,1249,14.51402473,-31.74023819,1
719,1281,17.77277756,-38.4240799,1
719,1313,NaN,NaN,2
719,1345,18.56460953,-39.45500183,1
719,1377,NaN,NaN,2
719,1409,NaN,NaN,2
719,1441,13.23754597,-34.41108704,1
719,1473,13.30171394,-30.19440651,1
719,1505,NaN,NaN,2
719,1537,NaN,NaN,2
719,1569,11.30004883,-18.81102753,1
719,1601,8.1230793,-18.07369041,1
719,1633,6.751629829,-16.09897804,1
719,1665,4.631438732,-14.82686234,1
719,1697,5.097323895,-15.36004639,1
719,1729,5.347611427,-12.65105629,1
719,1761,4.193032742,-10.64626312,1
719,1793,NaN,NaN,2
719,1825,3.38355875,-7.422488213,1
719,1857,3.152468443,-5.743287086,1
719,1889,2.877344608,-3.167114258,1
719,1921,2.35855484,-1.993855715,1
719,1953,2.112269402,-1.586578369,1
719,1985,2.135096788,-2.794906855,1
719,2017,0.8436973095,-4.170331955,1
751,33,NaN,NaN,2
751,65,-11.1351862,-14.12743759,1
751,97,NaN,NaN,2
751,129,NaN,NaN,2
751,161,NaN,NaN,2
751,193,-10.95385647,-8.93474865,1
751,225,-10.11633778,-8.125930786,1
751,257,-9.129483223,-6.258050442,1
751,289,-9.414415359,-1.439974308,1
751,321,-9.684417725,0.8631785512,1
751,353,-9.925974846,2.499746323,1
751,385,NaN,NaN,2
751,417,-12.89733028,6.332471848,1
751,449,NaN,NaN,2
751,481,-7.955330849,7.356641769,1
751,513,-8.136388779,8.614822388,1
751,545,-9.744616508,10.38484097,1
751,577,-7.24915123,12.59322071,1
751,609,-2.374120235,15.83590889,1
751,641,NaN,NaN,2
751,673,NaN,NaN,2
751,705,NaN,NaN,2
751,737,12.62162018,35.43397522,1
751,769,12.49413395,36.03379059,1
751,801,NaN,NaN,2
751,833,14.34859753,31.15785599,1
751,865,14.59970474,29.45433426,1
751,897,NaN,NaN,2
751,929,16.03812408,38.91979218,1
751,961,NaN,NaN,2
751,993,NaN,NaN,2
751,1025,15.60012245,5.664318085,1
751,1057,17.60305595,-0.284271121,1
751,1089,18.62679863,-5.194268703,1
751,1121,19.91854858,-8.703677177,1
751,1153,20.78718758,-12.04500866,1
751,1185,13.95064926,-16.70306396,1
751,1217,12.8566761,-23.05608177,1
751,1249,NaN,NaN,2
751,1281,NaN,NaN,2
751,1313,13.08089352,-41.29552078,1
751,1345,12.11967659,-41.36446381,1
751,1377,NaN,NaN,2
751,1409,NaN,NaN,2
751,1441,NaN,NaN,2
751,1473,NaN,NaN,2
751,1505,NaN,NaN,2
751,1537,14.36593628,-23.02697754,1
751,1569,12.8892746,-19.78375053,1
751,1601,7.668818951,-17.95912743,1
751,1633,6.714687824,-15.76481438,1
751,1665,5.697005272,-14.38674355,1
751,1697,8.569252014,-13.7889328,1
751,1729,6.77642107,-11.65504169,1
751,1761,NaN,NaN,2
751,1793,NaN,NaN,2
751,1825,NaN,NaN,2
751,1857,3.337770462,-4.380808353,1
751,1889,2.710177422,-3.111541033,1
751,1921,0.8795325756,-0.7947583199,1
751,1953,0.1720025539,0.5350632668,1
751,1985,-0.6074705124,-2.031713247,1
751,2017,-2.141951323,-2.778299093,1
783,33,NaN,NaN,2
783,65,-16.15945053,-12.5653801,1
783,97,NaN,NaN,2
783,129,NaN,NaN,2
783,161,NaN,NaN,2
783,193,-10.39919567,-8.345237732,1
783,225,-8.457722664,-5.763236046,1
783,257,-7.907227516,-3.366815805,1
783,289,-9.151413918,-1.339990854,1
783,321,-9.75107193,0.5795713663,1
783,353,NaN,NaN,2
783,385,NaN,NaN,2
783,417,NaN,NaN,2
783,449,NaN,NaN,2
783,481,-5.144085884,4.328836441,1
783,513,NaN,NaN,2
783,545,-8.618275642,12.23482132,1
783,577,-7.762227058,14.83262825,1
783,609,NaN,NaN,2
783,641,NaN,NaN,2
783,673,NaN,NaN,2
783,705,0.3590126038,36.35115051,1
783,737,3.720050335,34.50187683,1
783,769,6.235726833,40.10425568,1
783,801,NaN,NaN,2
783,833,10.27574825,28.84351349,1
783,865,NaN,NaN,2
783,897,15.81242466,39.95234299,1
783,929,16.14379501,37.23596191,1
783,961,NaN,NaN,2
783,993,NaN,NaN,2
783,1025,NaN,NaN,2
783,1057,16.1121769,0.3926657438,1
783,1089,15.46903038,-4.530545235,1
783,1121,15.93960285,-7.827989578,1
783,1153,17.133255,-11.43272591,1
783,1185,NaN,NaN,2
783,1217,NaN,NaN,2
783,1249,NaN,NaN,2
783,1281,NaN,NaN,2
783,1313,NaN,NaN,2
783,1345,NaN,NaN,2
783,1377,NaN,NaN,2
783,1409,NaN,NaN,2
783,1441,NaN,NaN,2
783,1473,NaN,NaN,2
783,1505,NaN,NaN,2
783,1537,NaN,NaN,2
783,1569,7.79324913,-19.89676666,1
783,1601,7.926986217,-17.85346794,1
783,1633,7.048245907,-16.48724174,1
783,1665,8.801452637,-13.27385426,1
783,1697,9.362207413,-11.59745216,1
783,1729,7.830925465,-10.36761189,1
783,1761,5.394050121,-9.694916725,1
783,1793,3.808568001,-9.021377563,1
783,1825,NaN,NaN,2
783,1857,3.313801527,-3.14209938,1
783,1889,2.80753541,-2.429809093,1
783,1921,0.770840168,0.6175127029,1
783,1953,0.07746648788,-2.073811293,1
783,1985,-0.7119321823,-1.842979431,1
783,2017,-1.146090746,-1.424588203,1
815,33,NaN,NaN,2
815,65,NaN,NaN,2
815,97,NaN,NaN,2
815,129,-13.73209858,-3.828210115,1
815,161,-15.40120697,-7.72641468,1
815,193,NaN,NaN,2
815,225,-9.767445564,-4.960361958,1
815,257,-8.349158287,-2.959222317,1
815,289,-9.074505806,-1.785045505,1
815,321,NaN,NaN,2
815,353,NaN,NaN,2
815,385,NaN,NaN,2
815,417,-7.779210091,11.9956913,1
815,449,NaN,NaN,2
815,481,-8.092202187,7.335170746,1
815,513,-6.75587368,5.942516327,1
815,545,-7.110012054,14.11557388,1
815,577,-6.917917252,17.52222633,1
815,609,NaN,NaN,2
815,641,NaN,NaN,2
815,673,NaN,NaN,2
815,705,-3.03534317,38.64241028,1
815,737,NaN,NaN,2
815,769,8.660025597,39.4308815,1
815,801,11.52005005,38.72530365,1
815,833,8.765817642,38.7484436,1
815,865,NaN,NaN,2
815,897,NaN,NaN,2
815,929,12.38421631,36.83272552,1
815,961,11.13119793,16.10148621,1
815,993,NaN,NaN,2
815,1025,7.126495361,7.80498457,1
815,1057,NaN,NaN,2
815,1089,12.19836044,-5.353285789,1
815,1121,12.66513634,-6.86870575,1
815,1153,NaN,NaN,2
815,1185,NaN,NaN,2
815,1217,NaN,NaN,2
815,1249,-0.9381074905,-25.82884026,1
815,1281,NaN,NaN,2
815,1313,NaN,NaN,2
815,1345,NaN,NaN,2
815,1377,2.973351955,-32.28291321,1
815,1409,NaN,NaN,2
815,1441,7.015801907,-30.88327408,1
815,1473,9.378722191,-29.38068199,1
815,1505,8.378354073,-28.48609161,1
815,1537,NaN,NaN,2
815,1569,6.367699146,-20.1342392,1
815,1601,8.171010017,-21.25746155,1
815,1633,9.061910629,-16.67646217,1
815,1665,7.383198738,-13.78253746,1
815,1697,7.594903946,-11.58045006,1
815,1729,4.6959548,-10.13288403,1
815,1761,4.833253384,-9.022745132,1
815,1793,4.114353657,-7.005001068,1
815,1825,2.089754581,-4.398956299,1
815,1857,3.035373926,-2.702968597,1
815,1889,2.866330624,-1.97215271,1
815,1921,2.500511408,-1.859496593,1
815,1953,-3.478904009,0.6938052177,1
815,1985,-3.366835356,-1.841468334,1
815,2017,-2.56422019,-1.344075561,1
847,33,-26.72122002,1.86480546,1
847,65,NaN,NaN,2
847,97,-18.20111465,-4.197408199,1
847,129,-15.42595577,-3.388190031,1
847,161,-15.86417198,-5.300620079,1
847,193,-16.32743073,-6.903339386,1
847,225,-9.886031151,-5.033398151,1
847,257,-9.530202866,-3.562312841,1
847,289,-9.404395103,-2.042948723,1
847,321,NaN,NaN,2
847,353,NaN,NaN,2
847,385,-7.526258469,0.892421484,1
847,417,-10.49584103,10.24265003,1
847,449,-12.73093605,6.677567005,1
847,481,-9.570544243,8.324069023,1
847,513,-8.546681404,9.49861145,1
847,545,-8.277116776,15.0932579,1
847,577,-5.605852127,20.18509865,1
847,609,NaN,NaN,2
847,641,-7.221230984,40.25975037,1
847,673,-7.395938396,43.32629395,1
847,705,NaN,NaN,2
847,737,NaN,NaN,2
847,769,NaN,NaN,2
847,801,5.688827038,40.01505661,1
847,833,4.588175297,37.72288513,1
847,865,NaN,NaN,2
847,897,6.002257347,40.04408264,1
847,929,7.065365791,39.58623505,1
847,961,5.471710205,22.74304962,1
847,993,NaN,NaN,2
847,1025,NaN,NaN,2
847,1057,9.44557476,-0.5247885585,1
847,1089,9.108124733,-5.410131454,1
847,1121,9.335817337,-6.925817966,1
847,1153,9.677064896,-7.396148682,1
847,1185,NaN,NaN,2
847,1217,NaN,NaN,2
847,1249,NaN,NaN,2
847,1281,NaN,NaN,2
847,1313,1.472216606,-34.97887421,1
847,1345,NaN,NaN,2
847,1377,1.570207596,-34.82998276,1
847,1409,3.069746017,-26.47971916,1
847,1441,5.168726921,-29.20227814,1
847,1473,7.395400047,-29.39136696,1
847,1505,6.725987434,-30.30029869,1
847,1537,5.918904781,-29.84229088,1
847,1569,6.357848644,-29.24014664,1
847,1601,5.431284904,-21.22116089,1
847,1633,5.218533516,-15.710289,1
847,1665,5.516644478,-13.02169132,1
847,1697,4.299130917,-10.89087009,1
847,1729,3.738276482,-10.82937336,1
847,1761,3.846212387,-10.02828598,1
847,1793,3.781968594,-8.208374977,1
847,1825,3.302259922,-3.78972435,1
847,1857,2.9489429,-2.781112432,1
847,1889,2.826148272,-1.807234764,1
847,1921,2.131426811,-1.277100563,1
847,1953,-3.364246845,-1.009753942,1
847,1985,-2.023825645,-1.628330469,1
847,2017,-2.010728598,-2.089260101,1
879,33,-14.90923786,2.596318245,1
879,65,NaN,NaN,2
879,97,NaN,NaN,2
879,129,-14.30164242,-3.948991776,1
879,161,-14.4675312,-5.476344109,1
879,193,-7.664095879,-6.181680202,1
879,225,-9.277567863,-5.107956409,1
879,257,-9.917599678,-3.240953445,1
879,289,NaN,NaN,2
879,321,NaN,NaN,2
879,353,NaN,NaN,2
879,385,NaN,NaN,2
879,417,-12.14041519,7.311429024,1
879,449,-14.52180672,7.530691147,1
879,481,-14.09916878,5.168955803,1
879,513,-11.33006191,8.440326691,1
879,545,NaN,NaN,2
879,577,-7.852397919,21.72038651,1
879,609,-8.362966537,24.44185257,1
879,641,-9.072838783,42.50183868,1
879,673,-4.342940807,44.18418884,1
879,705,NaN,NaN,2
879,737,NaN,NaN,2
879,769,-0.5156898499,43.10030746,1
879,801,0.09632045031,39.35771942,1
879,833,1.851270556,37.49434662,1
879,865,NaN,NaN,2
879,897,3.758403301,40.22794342,1
879,929,4.760396957,38.36517334,1
879,961,NaN,NaN,2
879,993,NaN,NaN,2
879,1025,NaN,NaN,2
879,1057,5.18341589,-2.202465057,1
879,1089,5.521855354,-6.274991035,1
879,1121,5.988255024,-7.519524097,1
879,1153,6.467220306,-7.356202602,1
879,1185,5.894393921,-11.40197849,1
879,1217,5.044830322,-15.19824982,1
879,1249,4.10128212,-25.09410667,1
879,1281,-0.1598920822,-30.01925087,1
879,1313,NaN,NaN,2
879,1345,1.95714283,-36.82537079,1
879,1377,NaN,NaN,2
879,1409,2.998806477,-25.56383896,1
879,1441,3.310384035,-25.1406498,1
879,1473,6.384165764,-26.8313446,1
879,1505,3.398353577,-28.55017471,1
879,1537,NaN,NaN,2
879,1569,6.927879333,-28.14552116,1
879,1601,7.714276791,-26.77441597,1
879,1633,NaN,NaN,2
879,1665,1.84281683,-14.30682278,1
879,1697,3.147638798,-10.27576733,1
879,1729,2.941776514,-8.739233017,1
879,1761,2.702653885,-7.301148415,1
879,1793,2.713665009,-1.178472996,1
879,1825,2.918642998,0.004402637482,1
879,1857,2.358317614,-2.40955162,1
879,1889,2.945427895,-1.185275316,1
879,1921,3.132424116,0.492500782,1
879,1953,3.011295557,-0.7492087483,1
879,1985,-0.6816413403,-0.6066162586,1
879,2017,-2.459207058,-1.868971109,1
911,33,-8.241250992,0.368168354,1
911,65,NaN,NaN,2
911,97,-10.46049595,-12.41349316,1
911,129,-9.935282707,-11.76678467,1
911,161,NaN,NaN,2
911,193,-8.71827507,-7.335632801,1
911,225,-8.980659485,-6.649863243,1
911,257,-9.509554863,-3.295152187,1
911,289,NaN,NaN,2
911,321,NaN,NaN,2
911,353,NaN,NaN,2
911,385,-19.18697929,8.449924469,1
911,417,NaN,NaN,2
911,449,-13.77640057,6.925164223,1
911,481,NaN,NaN,2
911,513,-10.52461243,8.456119537,1
911,545,-11.38816547,14.12582493,1
911,577,-8.863506317,18.85865211,1
911,609,-7.457037449,24.82634163,1
911,641,-6.947543621,23.36009026,1
911,673,-7.433167934,43.75027084,1
911,705,-6.770583153,40.90924835,1
911,737,-7.147015095,42.59528351,1
911,769,-7.283479691,43.54444885,1
911,801,-3.147753716,37.20075607,1
911,833,-1.813750982,37.8966217,1
911,865,0.2776384354,36.27859497,1
911,897,1.016122818,39.36060333,1
911,929,NaN,NaN,2
911,961,NaN,NaN,2
911,993,NaN,NaN,2
911,1025,NaN,NaN,2
911,1057,2.51841259,-3.921076775,1
911,1089,2.32341814,-6.889026165,1
911,1121,2.788340569,-8.549882889,1
911,1153,2.971868038,-9.330330849,1
911,1185,0.7568883896,-12.71407318,1
911,1217,2.153667927,-15.82659531,1
911,1249,NaN,NaN,2
911,1281,0.05873632431,-26.20397186,1
911,1313,-0.6641178131,-31.75847626,1
911,1345,-1.504274607,-30.1943264,1
911,1377,NaN,NaN,2
911,1409,1.145177841,-19.33796883,1
911,1441,1.467533588,-23.56750107,1
911,1473,2.836897612,-25.3822422,1
911,1505,3.160882473,-25.3792038,1
911,1537,1.798131227,-23.02631378,1
911,1569,5.41561985,-26.38164711,1
911,1601,NaN,NaN,2
911,1633,NaN,NaN,2
911,1665,1.928528786,-15.08253098,1
911,1697,2.071294308,-8.618961334,1
911,1729,2.028357506,-6.943308353,1
911,1761,1.759593844,-5.962373734,1
911,1793,2.532115459,0.5254888535,1
911,1825,3.725796223,0.8810801506,1
911,1857,NaN,NaN,2
911,1889,3.462107182,-0.5419898033,1
911,1921,4.531634331,-0.318687737,1
911,1953,5.11178875,-0.8424677849,1
911,1985,4.766409874,-1.004751205,1
911,2017,4.14529705,-0.7110549212,1
943,33,NaN,NaN,2
943,65,-6.383750916,-12.69912148,1
943,97,-8.061638832,-11.56799126,1
943,129,-8.381566048,-12.11880016,1
943,161,-8.74437809,-10.92431259,1
943,193,-8.407968521,-7.131534576,1
943,225,-8.399242401,-5.944622517,1
943,257,-9.462030411,-3.041298628,1
943,289,-12.23504162,0.3123498559,1
943,321,NaN,NaN,2
943,353,-16.79134369,4.716302872,1
943,385,-18.98236847,8.217029572,1
943,417,NaN,NaN,2
943,449,-10.64746666,7.921681404,1
943,481,-10.48368835,8.603597641,1
943,513,NaN,NaN,2
943,545,-9.883610725,14.16429806,1
943,577,-9.509080887,18.77913094,1
943,609,-8.567012787,23.2181263,1
943,641,-7.933234215,23.27463913,1
943,673,-7.685255051,25.92457771,1
943,705,-8.160461426,38.97466278,1
943,737,-8.810606956,41.17185593,1
943,769,-7.451092243,39.78935242,1
943,801,NaN,NaN,2
943,833,-1.953898787,38.97504044,1
943,865,-1.257963419,38.1627121,1
943,897,-2.430066586,39.45363617,1
943,929,NaN,NaN,2
943,961,NaN,NaN,2
943,993,-3.906095028,8.877133369,1
943,1025,0.4264279008,-0.4844355583,1
943,1057,-0.4355658293,-4.868793011,1
943,1089,-2.808095932,-6.191819668,1
943,1121,-2.593584538,-8.753182411,1
943,1153,-0.1864089966,-12.17184067,1
943,1185,-0.4391674995,-13.62792015,1
943,1217,-0.777096808,-18.17490768,1
943,1249,NaN,NaN,2
943,1281,-2.430054665,-23.03896141,1
943,1313,-4.169874191,-27.41074371,1
943,1345,-3.400312424,-27.58345222,1
943,1377,-3.328306675,-19.98918343,1
943,1409,NaN,NaN,2
943,1441,NaN,NaN,2
943,1473,-0.0523250103,-23.87288857,1
943,1505,0.2937357426,-22.34509468,1
943,1537,-0.5987051725,-19.81689262,1
943,1569,2.506783724,-18.27410698,1
943,1601,3.092403173,-17.47229767,1
943,1633,2.248149395,-17.48818207,1
943,1665,1.271467566,-18.4662323,1
943,1697,1.925833702,-7.380546093,1
943,1729,1.910238624,-6.324883461,1
943,1761,1.89116168,-4.231312752,1
943,1793,2.279151201,-0.4939098358,1
943,1825,2.813648224,0.7451120615,1
943,1857,3.208677053,-0.04831841588,1
943,1889,3.623710155,0.941270113,1
943,1921,4.43362236,0.1623572707,1
943,1953,5.470710754,-0.5018108487,1
943,1985,6.416559219,-0.3980105519,1
943,2017,5.260877609,-0.2592980862,1
975,33,-9.180583,1.416956186,1
975,65,NaN,NaN,2
975,97,-9.592612267,-11.13538742,1
975,129,-9.025566101,-11.15088844,1
975,161,-8.635764122,-8.464694023,1
975,193,-8.785810471,-6.2310009,1
975,225,-8.801750183,-3.72708869,1
975,257,-9.095265388,-2.464784145,1
975,289,-9.969984055,-0.6242241859,1
975,321,-9.355417252,0.8308582306,1
975,353,-9.730434418,0.7044534683,1
975,385,-18.34587288,5.931357384,1
975,417,NaN,NaN,2
975,449,-10.02998543,8.803648949,1
975,481,-9.722205162,9.775986671,1
975,513,NaN,NaN,2
975,545,NaN,NaN,2
975,577,-9.400321007,18.83042908,1
975,609,-8.699961662,21.25348282,1
975,641,-7.75493145,23.16001892,1
975,673,NaN,NaN,2
975,705,NaN,NaN,2
975,737,NaN,NaN,2
975,769,NaN,NaN,2
975,801,NaN,NaN,2
975,833,NaN,NaN,2
975,865,-3.805469513,37.83312225,1
975,897,-5.458563805,38.95576477,1
975,929,NaN,NaN,2
975,961,NaN,NaN,2
975,993,-1.498033285,9.125401497,1
975,1025,-0.956846714,-0.2401778996,1
975,1057,-1.351160765,-4.172700882,1
975,1089,-2.280609131,-5.407209396,1
975,1121,-3.925483227,-7.098007679,1
975,1153,-5.761400223,-15.47571278,1
975,1185,-2.687563419,-14.54312134,1
975,1217,-3.234935045,-17.64243317,1
975,1249,NaN,NaN,2
975,1281,-5.613220215,-21.91341972,1
975,1313,-8.662319183,-26.93033218,1
975,1345,-11.02343655,-28.88601303,1
975,1377,NaN,NaN,2
975,1409,NaN,NaN,2
975,1441,NaN,NaN,2
975,1473,-4.379360199,-22.40679741,1
975,1505,-3.336325169,-21.12776756,1
975,1537,-0.739461422,-17.34095955,1
975,1569,1.572776079,-16.82359695,1
975,1601,1.019827247,-18.2318573,1
975,1633,1.035052657,-16.16328049,1
975,1665,NaN,NaN,2
975,1697,1.51435101,-5.675724983,1
975,1729,2.214374542,-4.483142853,1
975,1761,2.821517229,-1.651212454,1
975,1793,2.854545355,-0.2067050934,1
975,1825,2.615694523,0.7241054773,1
975,1857,2.961633205,1.833888888,1
975,1889,3.855888844,2.054789543,1
975,1921,4.055443764,1.18815589,1
975,1953,4.430435658,0.6641091704,1
975,1985,4.749264717,0.9511152506,1
975,2017,4.33497858,-1.251021028,1
1007,33,NaN,NaN,2
1007,65,-7.218146324,-6.338709831,1
1007,97,-9.217452049,-4.978726864,1
1007,129,-9.867185593,-5.695812225,1
1007,161,-9.65734005,-4.987823963,1
1007,193,-9.291717529,-5.398826599,1
1007,225,-8.734178543,-2.325069904,1
1007,257,-9.079059601,-1.100094676,1
1007,289,-9.13615799,-0.01250773668,1
1007,321,-8.720294952,1.430871844,1
1007,353,-9.835105896,1.599023104,1
1007,385,-9.399947166,5.422746658,1
1007,417,-9.686712265,5.721498489,1
1007,449,NaN,NaN,2
1007,481,NaN,NaN,2
1007,513,NaN,NaN,2
1007,545,-9.192245483,18.45238304,1
1007,577,-9.221448898,16.98314095,1
1007,609,-8.748900414,21.02910995,1
1007,641,NaN,NaN,2
1007,673,NaN,NaN,2
1007,705,NaN,NaN,2
1007,737,NaN,NaN,2
1007,769,NaN,NaN,2
1007,801,NaN,NaN,2
1007,833,NaN,NaN,2
1007,865,-3.338758707,39.04796982,1
1007,897,-3.532470226,38.37311554,1
1007,929,NaN,NaN,2
1007,961,NaN,NaN,2
1007,993,-4.650965691,13.31747913,1
1007,1025,-3.478886127,0.8479191661,1
1007,1057,-3.436933041,-3.768264294,1
1007,1089,-4.595561981,-4.638995171,1
1007,1121,-6.116971016,-6.069955826,1
1007,1153,-5.374744415,-13.37931538,1
1007,1185,-5.077450275,-13.81595039,1
1007,1217,-5.665126801,-16.11548424,1
1007,1249,NaN,NaN,2
1007,1281,-8.120155334,-20.593153,1
1007,1313,-10.87833405,-25.68852234,1
1007,1345,-13.34935379,-28.18095779,1
1007,1377,-14.32590389,-27.64619827,1
1007,1409,-14.22046375,-25.77233696,1
1007,1441,-12.98169518,-22.05547523,1
1007,1473,NaN,NaN,2
1007,1505,NaN,NaN,2
1007,1537,-5.793670177,-18.28762627,1
1007,1569,-4.404923439,-17.6490593,1
1007,1601,-3.167100191,-17.33730698,1
1007,1633,-0.6791456938,-12.57196045,1
1007,1665,1.31496644,-7.809859753,1
1007,1697,1.5771451,-4.352436543,1
1007,1729,2.660939455,-1.846105337,1
1007,1761,2.27193284,0.1374561787,1
1007,1793,2.407625675,0.9573132396,1
1007,1825,2.401103973,1.196888685,1
1007,1857,2.785835505,2.708622932,1
1007,1889,3.417450905,2.522485018,1
1007,1921,4.580870152,2.527647018,1
1007,1953,5.15236187,3.332618237,1
1007,1985,5.517486572,2.529901981,1
1007,2017,6.03812027,-3.027611732,1
1039,33,NaN,NaN,2
1039,65,NaN,NaN,2
1039,97,-9.468894958,-5.829333305,1
1039,129,-10.13244343,-6.901955605,1
1039,161,-9.913355827,-7.084503174,1
1039,193,-9.704456329,-7.682949066,1
1039,225,-8.593286514,-2.759335756,1
1039,257,-6.457537651,-1.120807052,1
1039,289,NaN,NaN,2
1039,321,-8.832086563,2.591372013,1
1039,353,-8.554118156,4.111408234,1
1039,385,-8.136917114,5.932103157,1
1039,417,NaN,NaN,2
1039,449,NaN,NaN,2
1039,481,-10.37166309,16.88791847,1
1039,513,-10.42456722,19.03567886,1
1039,545,-9.792438507,20.42014694,1
1039,577,NaN,NaN,2
1039,609,NaN,NaN,2
1039,641,NaN,NaN,2
1039,673,NaN,NaN,2
1039,705,NaN,NaN,2
1039,737,-17.14208794,44.44222641,1
1039,769,NaN,NaN,2
1039,801,NaN,NaN,2
1039,833,-5.095788002,39.59403992,1
1039,865,-3.628343821,39.65632629,1
1039,897,-3.721774817,38.32773209,1
1039,929,NaN,NaN,2
1039,961,NaN,NaN,2
1039,993,NaN,NaN,2
1039,1025,-7.233861446,1.016543865,1
1039,1057,-6.634726048,-3.756407261,1
1039,1089,-6.957509041,-3.752462149,1
1039,1121,-9.948148727,-5.361468792,1
1039,1153,-6.704370499,-7.918066025,1
1039,1185,-6.897595882,-12.69722557,1
1039,1217,-7.456985474,-15.15935707,1
1039,1249,NaN,NaN,2
1039,1281,NaN,NaN,2
1039,1313,NaN,NaN,2
1039,1345,-15.25434589,-27.8963356,1
1039,1377,-16.78948402,-25.52880859,1
1039,1409,-17.53676987,-25.20546913,1
1039,1441,NaN,NaN,2
1039,1473,NaN,NaN,2
1039,1505,NaN,NaN,2
1039,1537,-10.42267799,-17.84998894,1
1039,1569,-8.413370132,-16.86372566,1
1039,1601,-5.80687952,-15.09765339,1
1039,1633,-2.722896338,-11.19706631,1
1039,1665,-0.3806823492,-7.243729591,1
1039,1697,0.3420360088,-8.913677216,1
1039,1729,0.3096221685,-1.010638237,1
1039,1761,0.6487634182,1.538199425,1
1039,1793,1.073476315,1.415133476,1
1039,1825,1.814439416,1.047345161,1
1039,1857,2.570994139,1.139686227,1
1039,1889,2.825250387,2.014791012,1
1039,1921,3.700913191,3.947875261,1
1039,1953,5.252791405,3.942173958,1
1039,1985,5.616901398,2.200692892,1
1039,2017,6.407004356,-4.414770126,1
1071,33,NaN,NaN,2
1071,65,NaN,NaN,2
1071,97,-10.06807137,-7.027864933,1
1071,129,-12.47006989,-7.194150925,1
1071,161,-10.96856785,-9.385915756,1
1071,193,-10.10800171,-3.513386965,1
1071,225,NaN,NaN,2
1071,257,NaN,NaN,2
1071,289,-2.708244324,3.154138803,1
1071,321,-4.160093307,6.444970131,1
1071,353,-6.873948097,5.112729073,1
1071,385,-9.055701256,2.979067802,1
1071,417,-10.36287975,10.85973263,1
1071,449,-10.91506958,15.37585163,1
1071,481,-10.77981091,17.70993233,1
1071,513,-11.33259392,20.5970459,1
1071,545,NaN,NaN,2
1071,577,-9.817245483,21.27646065,1
1071,609,-9.973986626,22.25745583,1
1071,641,NaN,NaN,2
1071,673,NaN,NaN,2
1071,705,-15.66739464,41.78219604,1
1071,737,NaN,NaN,2
1071,769,NaN,NaN,2
1071,801,NaN,NaN,2
1071,833,-6.933828354,40.22525406,1
1071,865,-5.749340534,40.81264877,1
1071,897,NaN,NaN,2
1071,929,NaN,NaN,2
1071,961,NaN,NaN,2
1071,993,NaN,NaN,2
1071,1025,-10.52451801,1.100283861,1
1071,1057,-9.73402977,-3.950474977,1
1071,1089,-9.334730148,-3.043577194,1
1071,1121,NaN,NaN,2
1071,1153,NaN,NaN,2
1071,1185,-8.325531006,0.01633071899,1
1071,1217,NaN,NaN,2
1071,1249,NaN,NaN,2
1071,1281,-10.25257874,-31.63068962,1
1071,1313,NaN,NaN,2
1071,1345,-17.56269836,-27.18788147,1
1071,1377,NaN,NaN,2
1071,1409,NaN,NaN,2
1071,1441,NaN,NaN,2
1071,1473,-14.06803608,-19.46894073,1
1071,1505,-10.13088036,-18.66799164,1
1071,1537,-10.52917385,-17.55538177,1
1071,1569,-10.06548023,-14.721138,1
1071,1601,-6.702780724,-12.86052132,1
1071,1633,-4.389574051,-12.91827774,1
1071,1665,-2.094835281,-10.16282654,1
1071,1697,-1.102746606,-7.727820396,1
1071,1729,-0.9307228327,-0.5185705423,1
1071,1761,-0.5221853256,1.088831544,1
1071,1793,0.08574342728,1.551882744,1
1071,1825,1.121418595,1.350881696,1
1071,1857,2.10875845,1.227717996,1
1071,1889,2.45273447,1.636692286,1
1071,1921,2.974750757,2.628601551,1
1071,1953,2.854061604,3.337176085,1
1071,1985,3.382874966,2.605878592,1
1071,2017,5.304997444,-3.962241173,1
1103,33,-11.75413704,2.091562271,1
1103,65,-13.26349831,-7.561932087,1
1103,97,NaN,NaN,2
1103,129,-11.88991451,-5.405364037,1
1103,161,-12.58439827,-6.150492668,1
1103,193,-11.68840027,-2.976195574,1
1103,225,NaN,NaN,2
1103,257,NaN,NaN,2
1103,289,-5.645903587,6.398961544,1
1103,321,-5.119465828,7.615272999,1
1103,353,-6.023193359,5.499511719,1
1103,385,-7.621632576,3.506911755,1
1103,417,-10.49407768,8.046665192,1
1103,449,-11.16567516,16.0246563,1
1103,481,-11.31346035,19.39873314,1
1103,513,-10.74470329,21.51914597,1
1103,545,-7.110416412,27.01958847,1
1103,577,-7.711627007,25.02366829,1
1103,609,-7.491267204,23.75122452,1
1103,641,-7.043523788,23.98041153,1
1103,673,-13.11177063,31.47369003,1
1103,705,NaN,NaN,2
1103,737,NaN,NaN,2
1103,769,NaN,NaN,2
1103,801,NaN,NaN,2
1103,833,-10.26388168,39.15138626,1
1103,865,-9.743509293,40.08198547,1
1103,897,NaN,NaN,2
1103,929,-13.44771194,31.29626846,1
1103,961,NaN,NaN,2
1103,993,NaN,NaN,2
1103,1025,-12.93712044,1.817370892,1
1103,1057,-13.06689644,-1.884699821,1
1103,1089,-13.29106331,-1.978849888,1
1103,1121,NaN,NaN,2
1103,1153,NaN,NaN,2
1103,1185,NaN,NaN,2
1103,1217,NaN,NaN,2
1103,1249,NaN,NaN,2
1103,1281,NaN,NaN,2
1103,1313,NaN,NaN,2
1103,1345,NaN,NaN,2
1103,1377,NaN,NaN,2
1103,1409,-18.60036087,-19.40162086,1
1103,1441,-16.89932632,-22.05120087,1
1103,1473,-14.69031429,-17.29311943,1
1103,1505,-13.5302,-18.35413361,1
1103,1537,-10.76868057,-16.00686455,1
1103,1569,-9.712583542,-12.78386688,1
1103,1601,-6.589659691,-11.00064564,1
1103,1633,-6.526735783,-13.7132597,1
1103,1665,-5.721394539,-10.13688564,1
1103,1697,NaN,NaN,2
1103,1729,NaN,NaN,2
1103,1761,-1.243473053,0.8407915831,1
1103,1793,-0.4871909022,1.708970904,1
1103,1825,-0.1554105282,2.818206072,1
1103,1857,-0.4694145918,2.553128242,1
1103,1889,1.036048889,2.477709293,1
1103,1921,2.178354263,2.204072475,1
1103,1953,2.182749748,1.786070347,1
1103,1985,NaN,NaN,2
1103,2017,-0.1413147449,-1.985402107,1
1135,33,NaN,NaN,2
1135,65,-10.7473774,-9.674296379,1
1135,97,NaN,NaN,2
1135,129,-11.63951778,-3.612052679,1
1135,161,-10.36251736,-3.58723259,1
1135,193,-10.82756519,-2.779712677,1
1135,225,NaN,NaN,2
1135,257,NaN,NaN,2
1135,289,NaN,NaN,2
1135,321,-13.93210316,5.405281067,1
1135,353,-14.37113857,3.744577885,1
1135,385,NaN,NaN,2
1135,417,-11.85271263,8.017688751,1
1135,449,-13.35309792,16.77129936,1
1135,481,-13.15244198,20.02047729,1
1135,513,NaN,NaN,2
1135,545,NaN,NaN,2
1135,577,-6.081079483,28.046175,1
1135,609,-9.106010437,25.04639816,1
1135,641,-11.52496052,27.03219604,1
1135,673,-13.78793049,29.78789139,1
1135,705,-14.93077087,39.38713837,1
1135,737,-16.34091187,44.44245911,1
1135,769,-15.92715073,41.44800949,1
1135,801,NaN,NaN,2
1135,833,NaN,NaN,2
1135,865,-13.04164982,38.87531662,1
1135,897,NaN,NaN,2
1135,929,NaN,NaN,2
1135,961,-18.34557343,11.39504051,1
1135,993,NaN,NaN,2
1135,1025,-14.3133831,3.533875465,1
1135,1057,-13.67911911,0.5428000689,1
1135,1089,-12.71448612,-0.5511848927,1
1135,1121,-12.25545502,-2.913767815,1
1135,1153,-9.261697769,-1.567602158,1
1135,1185,-9.531021118,-2.438370705,1
1135,1217,NaN,NaN,2
1135,1249,NaN,NaN,2
1135,1281,-20.38383102,-29.39290237,1
1135,1313,-18.56229591,-31.6916275,1
1135,1345,NaN,NaN,2
1135,1377,-11.0235157,-5.963083267,1
1135,1409,NaN,NaN,2
1135,1441,NaN,NaN,2
1135,1473,-9.796031952,-15.24541664,1
1135,1505,-10.5836525,-16.15205765,1
1135,1537,-11.06608963,-14.92332458,1
1135,1569,-10.37084389,-11.73541546,1
1135,1601,-8.860275269,-11.96988773,1
1135,1633,-6.814432621,-13.45657825,1
1135,1665,-7.127044201,-11.09949303,1
1135,1697,NaN,NaN,2
1135,1729,-2.553179502,-0.9461605549,1
1135,1761,-2.141485214,0.6154453158,1
1135,1793,-1.82804811,1.856817603,1
1135,1825,-1.35553813,3.485665798,1
1135,1857,-1.326394439,3.399734974,1
1135,1889,0.6706715822,3.438628197,1
1135,1921,2.427860737,2.599009752,1
1135,1953,2.310297489,1.224045873,1
1135,1985,1.448925257,4.302202225,1
1135,2017,1.010249019,-1.017690539,1
1167,33,NaN,NaN,2
1167,65,NaN,NaN,2
1167,97,NaN,NaN,2
1167,129,-9.840408325,-1.547974586,1
1167,161,-8.50880146,-0.973400116,1
1167,193,-8.120187759,-2.366210461,1
1167,225,NaN,NaN,2
1167,257,NaN,NaN,2
1167,289,NaN,NaN,2
1167,321,-17.4959507,9.477457047,1
1167,353,-19.25182343,8.257304192,1
1167,385,-19.65232086,8.200483322,1
1167,417,-14.25589561,12.35178566,1
1167,449,-13.38497257,16.29228973,1
1167,481,-12.92905331,19.12970161,1
1167,513,NaN,NaN,2
1167,545,-13.21748734,27.46321106,1
1167,577,-12.30951118,27.01190567,1
1167,609,-13.41698933,26.43115234,1
1167,641,-14.05490875,27.86413956,1
1167,673,-15.40803337,28.34055328,1
1167,705,-17.2578392,31.96760941,1
1167,737,-21.18131065,40.79845047,1
1167,769,-20.34168434,43.25664902,1
1167,801,-15.13725853,43.41404343,1
1167,833,NaN,NaN,2
1167,865,-14.98041725,37.78730011,1
1167,897,NaN,NaN,2
1167,929,NaN,NaN,2
1167,961,NaN,NaN,2
1167,993,NaN,NaN,2
1167,1025,NaN,NaN,2
1167,1057,-14.60812855,2.173261642,1
1167,1089,-13.90054989,0.03051483631,1
1167,1121,-13.66203499,-1.993888855,1
1167,1153,-13.61811924,-4.176765442,1
1167,1185,NaN,NaN,2
1167,1217,NaN,NaN,2
1167,1249,NaN,NaN,2
1167,1281,NaN,NaN,2
1167,1313,NaN,NaN,2
1167,1345,NaN,NaN,2
1167,1377,-9.72551918,-3.275608063,1
1167,1409,-10.57177639,-5.744115829,1
1167,1441,NaN,NaN,2
1167,1473,NaN,NaN,2
1167,1505,-7.738348961,-13.10058689,1
1167,1537,-7.341021538,-12.50589371,1
1167,1569,-8.471063614,-10.82667923,1
1167,1601,-7.708956718,-9.114278793,1
1167,1633,NaN,NaN,2
1167,1665,-8.588516235,-12.59624195,1
1167,1697,-6.327180862,-6.127712727,1
1167,1729,-2.849009514,-1.621368289,1
1167,1761,-2.168079615,-0.2448537946,1
1167,1793,-2.478291035,1.165747881,1
1167,1825,-0.01983487606,4.477751732,1
1167,1857,-0.3255847991,4.530700207,1
1167,1889,-0.0727647543,4.249031067,1
1167,1921,1.750432491,3.977732897,1
1167,1953,1.19568634,2.121094942,1
1167,1985,1.461672187,2.414833784,1
1167,2017,1.417201042,-2.079745054,1
1199,33,NaN,NaN,2
1199,65,NaN,NaN,2
1199,97,NaN,NaN,2
1199,129,-7.511902809,-4.561788559,1
1199,161,-7.738961697,-2.798773289,1
1199,193,-8.031246185,-2.73725605,1
1199,225,NaN,NaN,2
1199,257,-19.99262428,8.697134972,1
1199,289,-18.10110474,9.329813004,1
1199,321,NaN,NaN,2
1199,353,NaN,NaN,2
1199,385,NaN,NaN,2
1199,417,-19.30107117,14.12326527,1
1199,449,-13.04448509,17.76634789,1
1199,481,NaN,NaN,2
1199,513,NaN,NaN,2
1199,545,-16.05129433,26.34814072,1
1199,577,-14.95813656,26.00246048,1
1199,609,-17.93402481,26.5363369,1
1199,641,-17.56446648,29.15528297,1
1199,673,-17.97237396,28.25636101,1
1199,705,-19.60956955,29.28600883,1
1199,737,-20.97184753,35.36759186,1
1199,769,-21.0285778,40.43139267,1
1199,801,-19.4967308,41.9378624,1
1199,833,NaN,NaN,2
1199,865,NaN,NaN,2
1199,897,NaN,NaN,2
1199,929,NaN,NaN,2
1199,961,-18.13410568,17.07064056,1
1199,993,NaN,NaN,2
1199,1025,-16.61491013,6.681312084,1
1199,1057,NaN,NaN,2
1199,1089,-15.31949711,-0.1063807607,1
1199,1121,-15.47624493,-1.029961348,1
1199,1153,NaN,NaN,2
1199,1185,NaN,NaN,2
1199,1217,NaN,NaN,2
1199,1249,NaN,NaN,2
1199,1281,NaN,NaN,2
1199,1313,NaN,NaN,2
1199,1345,NaN,NaN,2
1199,1377,NaN,NaN,2
1199,1409,NaN,NaN,2
1199,1441,NaN,NaN,2
1199,1473,NaN,NaN,2
1199,1505,NaN,NaN,2
1199,1537,-7.245738983,-10.27565384,1
1199,1569,-6.90294838,-9.395553589,1
1199,1601,NaN,NaN,2
1199,1633,NaN,NaN,2
1199,1665,NaN,NaN,2
1199,1697,-4.347278595,-3.550618172,1
1199,1729,-3.617478609,-1.922523975,1
1199,1761,-2.52007699,-0.3226447105,1
1199,1793,-1.8269279,0.9951809049,1
1199,1825,-0.2422348261,3.342465639,1
1199,1857,-0.5768707991,4.0656147,1
1199,1889,-1.218630314,4.338553905,1
1199,1921,0.4436017871,4.833052635,1
1199,1953,0.6132356524,2.63490963,1
1199,1985,3.061728001,2.626458645,1
1199,2017,NaN,NaN,2
1231,33,NaN,NaN,2
1231,65,-6.726401806,-5.186398506,1
1231,97,NaN,NaN,2
1231,129,NaN,NaN,2
1231,161,-6.714287758,-5.437538147,1
1231,193,-7.377432346,-4.178658009,1
1231,225,NaN,NaN,2
1231,257,NaN,NaN,2
1231,289,NaN,NaN,2
1231,321,NaN,NaN,2
1231,353,NaN,NaN,2
1231,385,NaN,NaN,2
1231,417,NaN,NaN,2
1231,449,-13.21202278,17.09630394,1
1231,481,NaN,NaN,2
1231,513,NaN,NaN,2
1231,545,NaN,NaN,2
1231,577,NaN,NaN,2
1231,609,NaN,NaN,2
1231,641,NaN,NaN,2
1231,673,-19.68848801,27.46764946,1
1231,705,-20.59545135,28.32380295,1
1231,737,NaN,NaN,2
1231,769,-23.85243988,37.26200104,1
1231,801,-20.21278191,40.24208069,1
1231,833,NaN,NaN,2
1231,865,-22.76885986,35.52502823,1
1231,897,-21.72997856,26.46362686,1
1231,929,-23.75465965,20.62563133,1
1231,961,NaN,NaN,2
1231,993,-23.69711304,10.87534142,1
1231,1025,NaN,NaN,2
1231,1057,-29.0928688,-5.061322212,1
1231,1089,NaN,NaN,2
1231,1121,-22.69302177,-2.205937386,1
1231,1153,-22.41274452,-5.650486946,1
1231,1185,NaN,NaN,2
1231,1217,NaN,NaN,2
1231,1249,NaN,NaN,2
1231,1281,NaN,NaN,2
1231,1313,NaN,NaN,2
1231,1345,NaN,NaN,2
1231,1377,NaN,NaN,2
1231,1409,NaN,NaN,2
1231,1441,NaN,NaN,2
1231,1473,NaN,NaN,2
1231,1505,NaN,NaN,2
1231,1537,-7.114925385,-7.971040726,1
1231,1569,-7.35048008,-9.959291458,1
1231,1601,-7.410709858,-8.138607025,1
1231,1633,-6.452505589,-6.545357227,1
1231,1665,-5.625481129,-4.654175282,1
1231,1697,-5.346041203,-3.104156733,1
1231,1729,-3.925021648,-1.872619152,1
1231,1761,-2.721224308,-0.4390254021,1
1231,1793,-1.499866962,1.035353661,1
1231,1825,-0.9746553898,2.092126608,1
1231,1857,-0.9948256016,3.341959,1
1231,1889,-2.840743065,3.972146749,1
1231,1921,-2.594334126,4.904443264,1
1231,1953,-0.02336698771,2.962486267,1
1231,1985,2.2915833,5.385173321,1
1231,2017,NaN,NaN,2
1263,33,NaN,NaN,2
1263,65,-6.226606369,-9.203372002,1
1263,97,NaN,NaN,2
1263,129,-7.616964817,-5.389680386,1
1263,161,-6.869035244,-6.484623432,1
1263,193,-7.076626301,-5.113664627,1
1263,225,NaN,NaN,2
1263,257,NaN,NaN,2
1263,289,NaN,NaN,2
1263,321,NaN,NaN,2
1263,353,NaN,NaN,2
1263,385,-11.90694141,13.31628704,1
1263,417,-12.32855415,17.25973701,1
1263,449,-12.91954708,19.75942612,1
1263,481,-13.21301651,18.12577248,1
1263,513,NaN,NaN,2
1263,545,NaN,NaN,2
1263,577,NaN,NaN,2
1263,609,NaN,NaN,2
1263,641,-28.10076523,26.75432396,1
1263,673,NaN,NaN,2
1263,705,NaN,NaN,2
1263,737,-22.63650131,28.45975876,1
1263,769,NaN,NaN,2
1263,801,-21.38071251,36.07180786,1
1263,833,-21.4150486,37.71999359,1
1263,865,NaN,NaN,2
1263,897,NaN,NaN,2
1263,929,-24.12049866,18.436306,1
1263,961,-20.87094879,13.6011734,1
1263,993,-22.46047783,8.874298096,1
1263,1025,NaN,NaN,2
1263,1057,-28.16181755,-7.025422096,1
1263,1089,NaN,NaN,2
1263,1121,NaN,NaN,2
1263,1153,NaN,NaN,2
1263,1185,NaN,NaN,2
1263,1217,NaN,NaN,2
1263,1249,NaN,NaN,2
1263,1281,NaN,NaN,2
1263,1313,NaN,NaN,2
1263,1345,NaN,NaN,2
1263,1377,NaN,NaN,2
1263,1409,-13.31965828,-13.97313976,1
1263,1441,-10.43530464,-17.1595192,1
1263,1473,NaN,NaN,2
1263,1505,NaN,NaN,2
1263,1537,NaN,NaN,2
1263,1569,-7.751156807,-7.919295788,1
1263,1601,-7.975111961,-7.882946014,1
1263,1633,-7.590441227,-6.418848515,1
1263,1665,-7.096842766,-4.390206814,1
1263,1697,-5.710328102,-2.981860638,1
1263,1729,-4.249145031,-1.978049278,1
1263,1761,-3.196278334,-0.4134016633,1
1263,1793,-2.113878012,1.221508265,1
1263,1825,-1.456274986,2.38267374,1
1263,1857,-1.445568323,3.427560091,1
1263,1889,-1.326311827,4.329779625,1
1263,1921,-1.233471632,4.830517769,1
1263,1953,0.8918537498,8.288729668,1
1263,1985,1.329093456,8.159911156,1
1263,2017,NaN,NaN,2
1295,33,NaN,NaN,2
1295,65,-3.757240295,-8.806297302,1
1295,97,-5.59948349,-8.09931469,1
1295,129,-6.214941502,-5.945897102,1
1295,161,-6.739473343,-6.845186234,1
1295,193,-6.731614113,-5.46671629,1
1295,225,-9.917761803,-0.3389197588,1
1295,257,-11.81357574,4.694880486,1
1295,289,-11.28869247,8.015099525,1
1295,321,NaN,NaN,2
1295,353,NaN,NaN,2
1295,385,-13.97303963,14.54091263,1
1295,417,-15.34571648,18.75557327,1
1295,449,-14.49456406,20.09017754,1
1295,481,-13.9877634,22.14001846,1
1295,513,NaN,NaN,2
1295,545,NaN,NaN,2
1295,577,NaN,NaN,2
1295,609,NaN,NaN,2
1295,641,NaN,NaN,2
1295,673,NaN,NaN,2
1295,705,-20.97121429,26.1497345,1
1295,737,-21.02244759,27.42294693,1
1295,769,-20.93862343,30.87638092,1
1295,801,NaN,NaN,2
1295,833,-21.35730171,23.41784859,1
1295,865,NaN,NaN,2
1295,897,NaN,NaN,2
1295,929,NaN,NaN,2
1295,961,-22.34405899,11.54240036,1
1295,993,-24.46806717,1.903014183,1
1295,1025,NaN,NaN,2
1295,1057,-30.69586372,-9.070570946,1
1295,1089,NaN,NaN,2
1295,1121,NaN,NaN,2
1295,1153,NaN,NaN,2
1295,1185,-25.53760338,-11.68264961,1
1295,1217,NaN,NaN,2
1295,1249,-16.33739281,-5.567042828,1
1295,1281,NaN,NaN,2
1295,1313,-13.9743681,-5.746963978,1
1295,1345,-12.53132343,-4.953140259,1
1295,1377,-12.19539452,-6.698944569,1
1295,1409,NaN,NaN,2
1295,1441,NaN,NaN,2
1295,1473,NaN,NaN,2
1295,1505,NaN,NaN,2
1295,1537,-8.69437027,-7.540318966,1
1295,1569,-8.921190262,-7.252261162,1
1295,1601,-10.75433636,-7.777103424,1
1295,1633,-8.771900177,-6.04529953,1
1295,1665,-7.196396828,-4.202711582,1
1295,1697,NaN,NaN,2
1295,1729,NaN,NaN,2
1295,1761,-0.7728936672,-0.02561473846,1
1295,1793,-2.669749975,1.429549217,1
1295,1825,-2.112592936,2.799618721,1
1295,1857,-1.14619112,3.490048409,1
1295,1889,-0.8851416111,4.080523014,1
1295,1921,-1.771662712,4.448975563,1
1295,1953,1.593742967,7.965799332,1
1295,1985,1.135185957,9.659330368,1
1295,2017,2.446243763,-0.9520668983,1
1327,33,NaN,NaN,2
1327,65,NaN,NaN,2
1327,97,-1.840634346,-7.104688644,1
1327,129,-5.494549751,-7.735247612,1
1327,161,-6.964083195,-7.801627159,1
1327,193,-8.103719711,-6.282772064,1
1327,225,NaN,NaN,2
1327,257,NaN,NaN,2
1327,289,-10.45372295,6.992897034,1
1327,321,-11.42899418,9.026901245,1
1327,353,-12.80571747,14.28258705,1
1327,385,-13.7623539,16.63807106,1
1327,417,-14.62196922,19.82936859,1
1327,449,-13.17292786,20.90280914,1
1327,481,-13.11297226,22.59492683,1
1327,513,-13.86991692,27.13598442,1
1327,545,-15.46690083,26.22678375,1
1327,577,-17.63484192,25.24135017,1
1327,609,-19.66331863,25.39546776,1
1327,641,-24.47999954,25.6938591,1
1327,673,-22.27466774,26.84184837,1
1327,705,-21.76104164,28.34643173,1
1327,737,NaN,NaN,2
1327,769,NaN,NaN,2
1327,801,NaN,NaN,2
1327,833,NaN,NaN,2
1327,865,NaN,NaN,2
1327,897,NaN,NaN,2
1327,929,NaN,NaN,2
1327,961,-24.2562294,8.930448532,1
1327,993,-27.4489212,3.656564474,1
1327,1025,-28.96906662,-0.6529302597,1
1327,1057,-30.99125671,-8.964353561,1
1327,1089,-24.64258194,-10.70627213,1
1327,1121,NaN,NaN,2
1327,1153,-22.15867424,-13.94053268,1
1327,1185,NaN,NaN,2
1327,1217,NaN,NaN,2
1327,1249,NaN,NaN,2
1327,1281,NaN,NaN,2
1327,1313,-18.76169205,-6.330473423,1
1327,1345,NaN,NaN,2
1327,1377,NaN,NaN,2
1327,1409,NaN,NaN,2
1327,1441,NaN,NaN,2
1327,1473,NaN,NaN,2
1327,1505,NaN,NaN,2
1327,1537,-9.496274948,-8.020269394,1
1327,1569,-9.898104668,-7.132013798,1
1327,1601,-10.93544579,-6.567240715,1
1327,1633,-9.761015892,-4.464056015,1
1327,1665,-5.044244766,-2.358591557,1
1327,1697,-2.667921066,-0.76785779,1
1327,1729,-2.281938314,2.307102203,1
1327,1761,-2.664050579,0.02447661757,1
1327,1793,NaN,NaN,2
1327,1825,-1.053056479,2.42512846,1
1327,1857,-0.3982105255,3.622545481,1
1327,1889,-0.6066181064,4.508349419,1
1327,1921,-1.297941923,5.117402554,1
1327,1953,NaN,NaN,2
1327,1985,NaN,NaN,2
1327,2017,NaN,NaN,2
1359,33,-1.210549355,1.22095108,1
1359,65,-2.204246521,-5.221594334,1
1359,97,-3.302908182,-7.925409317,1
1359,129,NaN,NaN,2
1359,161,NaN,NaN,2
1359,193,NaN,NaN,2
1359,225,NaN,NaN,2
1359,257,NaN,NaN,2
1359,289,-9.347229004,5.702611923,1
1359,321,-8.057250977,9.29973793,1
1359,353,-8.779998779,13.67368698,1
1359,385,-9.768749237,18.24266624,1
1359,417,NaN,NaN,2
1359,449,NaN,NaN,2
1359,481,-12.23458385,27.18341637,1
1359,513,-14.49648476,28.42369652,1
1359,545,-16.04300308,26.47369385,1
1359,577,-18.5907135,27.07601929,1
1359,609,NaN,NaN,2
1359,641,NaN,NaN,2
1359,673,-26.29744148,25.83950806,1
1359,705,NaN,NaN,2
1359,737,-23.66148567,31.48451042,1
1359,769,NaN,NaN,2
1359,801,NaN,NaN,2
1359,833,NaN,NaN,2
1359,865,NaN,NaN,2
1359,897,NaN,NaN,2
1359,929,-26.08195496,13.539855,1
1359,961,-26.47442627,6.643096447,1
1359,993,NaN,NaN,2
1359,1025,-32.66205597,-4.763309956,1
1359,1057,-30.3475666,-7.016866207,1
1359,1089,NaN,NaN,2
1359,1121,-24.86592102,-15.32702255,1
1359,1153,NaN,NaN,2
1359,1185,NaN,NaN,2
1359,1217,-24.83544922,-0.5022292137,1
1359,1249,NaN,NaN,2
1359,1281,NaN,NaN,2
1359,1313,NaN,NaN,2
1359,1345,NaN,NaN,2
1359,1377,NaN,NaN,2
1359,1409,NaN,NaN,2
1359,1441,-11.82834625,-12.92710972,1
1359,1473,-11.13488293,-9.602837563,1
1359,1505,-11.56787586,-6.526067734,1
1359,1537,-9.803782463,-8.128009796,1
1359,1569,-12.72044659,-5.151031971,1
1359,1601,-8.020285606,-6.575622082,1
1359,1633,NaN,NaN,2
1359,1665,-5.022284985,-0.6251094341,1
1359,1697,-4.167981148,-0.9355115891,1
1359,1729,-2.753409386,-0.5657616854,1
1359,1761,-1.390125275,-0.3854886889,1
1359,1793,1.47276783,-1.682837963,1
1359,1825,NaN,NaN,2
1359,1857,-0.4678473473,3.793473721,1
1359,1889,-0.5192499161,5.103873253,1
1359,1921,-0.6715073586,5.783405304,1
1359,1953,0.08173519373,7.215642452,1
1359,1985,3.555082321,10.10358238,1
1359,2017,4.755542755,-0.6380546093,1
1391,33,NaN,NaN,2
1391,65,NaN,NaN,2
1391,97,NaN,NaN,2
1391,129,1.049023151,-8.253395081,1
1391,161,-1.243567467,-7.304113865,1
1391,193,-7.328083515,-1.112172127,1
1391,225,-7.999867439,8.442896843,1
1391,257,NaN,NaN,2
1391,289,NaN,NaN,2
1391,321,NaN,NaN,2
1391,353,-9.560418129,14.07898903,1
1391,385,-10.68835545,17.09877396,1
1391,417,-10.26404858,20.93343925,1
1391,449,NaN,NaN,2
1391,481,-14.1254549,24.7045536,1
1391,513,NaN,NaN,2
1391,545,NaN,NaN,2
1391,577,NaN,NaN,2
1391,609,-22.08859634,24.28211594,1
1391,641,-24.31627846,24.61236382,1
1391,673,-23.77155113,23.29652214,1
1391,705,-22.32320023,27.15231895,1
1391,737,-21.49786186,34.33705139,1
1391,769,NaN,NaN,2
1391,801,NaN,NaN,2
1391,833,NaN,NaN,2
1391,865,-22.49193001,15.36725998,1
1391,897,-23.23018074,14.02469921,1
1391,929,-26.4928875,13.30700111,1
1391,961,-28.86890411,12.74891853,1
1391,993,-31.45381355,4.459826469,1
1391,1025,NaN,NaN,2
1391,1057,-33.94303513,-7.418140888,1
1391,1089,-33.11729431,-14.53596783,1
1391,1121,-34.45623016,-14.79344749,1
1391,1153,NaN,NaN,2
1391,1185,NaN,NaN,2
1391,1217,NaN,NaN,2
1391,1249,NaN,NaN,2
1391,1281,-27.84812546,-15.68047428,1
1391,1313,NaN,NaN,2
1391,1345,NaN,NaN,2
1391,1377,NaN,NaN,2
1391,1409,NaN,NaN,2
1391,1441,-18.7791481,-12.63066101,1
1391,1473,-14.59260654,-11.35336781,1
1391,1505,-12.33699608,-8.379060745,1
1391,1537,-12.25471306,-6.749005795,1
1391,1569,-12.15628624,-4.190312386,1
1391,1601,NaN,NaN,2
1391,1633,NaN,NaN,2
1391,1665,NaN,NaN,2
1391,1697,-3.530249119,-0.4530252814,1
1391,1729,-1.350287914,-0.7435415983,1
1391,1761,-0.8375718594,-0.7541092634,1
1391,1793,NaN,NaN,2
1391,1825,NaN,NaN,2
1391,1857,0.6323675513,3.884352684,1
1391,1889,-0.2962403297,5.055038452,1
1391,1921,-0.3440804482,7.0730896,1
1391,1953,0.4923960567,5.906242847,1
1391,1985,2.401007175,7.728389263,1
1391,2017,4.111895561,-0.8874707222,1
1423,33,NaN,NaN,2
1423,65,-2.778658867,-7.635901451,1
1423,97,-2.875204802,-7.474486351,1
1423,129,-0.2678956985,-7.40365839,1
1423,161,NaN,NaN,2
1423,193,NaN,NaN,2
1423,225,NaN,NaN,2
1423,257,-17.85431099,12.25192451,1
1423,289,NaN,NaN,2
1423,321,NaN,NaN,2
1423,353,-8.288553238,11.47891235,1
1423,385,-9.86425972,15.25701523,1
1423,417,NaN,NaN,2
1423,449,NaN,NaN,2
1423,481,-14.54414654,24.28362083,1
1423,513,NaN,NaN,2
1423,545,NaN,NaN,2
1423,577,-23.59523201,22.88888931,1
1423,609,NaN,NaN,2
1423,641,-23.42891121,26.91848373,1
1423,673,NaN,NaN,2
1423,705,-21.15087509,20.81360245,1
1423,737,NaN,NaN,2
1423,769,NaN,NaN,2
1423,801,NaN,NaN,2
1423,833,NaN,NaN,2
1423,865,-22.73040962,13.54683018,1
1423,897,NaN,NaN,2
1423,929,NaN,NaN,2
1423,961,-38.82794189,15.72231293,1
1423,993,NaN,NaN,2
1423,1025,NaN,NaN,2
1423,1057,NaN,NaN,2
1423,1089,NaN,NaN,2
1423,1121,NaN,NaN,2
1423,1153,NaN,NaN,2
1423,1185,NaN,NaN,2
1423,1217,NaN,NaN,2
1423,1249,-27.48399353,-19.44947243,1
1423,1281,-27.6382618,-16.64426041,1
1423,1313,-24.18615723,-16.80957413,1
1423,1345,NaN,NaN,2
1423,1377,-21.42585373,-16.34578323,1
1423,1409,NaN,NaN,0
1423,1441,NaN,NaN,0
1423,1473,NaN,NaN,0
1423,1505,NaN,NaN,0
1423,1537,NaN,NaN,0
1423,1569,NaN,NaN,0
1423,1601,NaN,NaN,2
1423,1633,NaN,NaN,2
1423,1665,NaN,NaN,2
1423,1697,-7.040478706,-0.2359019518,1
1423,1729,-2.892387629,-1.942765951,1
1423,1761,NaN,NaN,2
1423,1793,NaN,NaN,2
1423,1825,0.990699172,-1.03851521,1
1423,1857,3.713315487,4.904231548,1
1423,1889,0.1362657547,4.465163231,1
1423,1921,3.280442476,8.580545425,1
1423,1953,3.898318768,8.69934082,1
1423,1985,4.665768623,8.43164444,1
1423,2017,NaN,NaN,2
1455,33,NaN,NaN,2
1455,65,NaN,NaN,2
1455,97,-2.827047348,-7.758291721,1
1455,129,-2.655042648,-6.224941254,1
1455,161,NaN,NaN,2
1455,193,-6.778238297,6.129822254,1
1455,225,NaN,NaN,2
1455,257,NaN,NaN,2
1455,289,NaN,NaN,2
1455,321,-10.2657299,9.491069794,1
1455,353,-12.34122849,12.53024006,1
1455,385,-11.28731346,15.76912689,1
1455,417,-11.45491791,22.70564842,1
1455,449,-11.46729851,23.99281883,1
1455,481,NaN,NaN,2
1455,513,-14.52915764,23.45185661,1
1455,545,-15.87831783,21.93572998,1
1455,577,NaN,NaN,2
1455,609,-20.29961586,21.73886299,1
1455,641,NaN,NaN,2
1455,673,NaN,NaN,2
1455,705,NaN,NaN,2
1455,737,NaN,NaN,2
1455,769,NaN,NaN,2
1455,801,NaN,NaN,2
1455,833,NaN,NaN,2
1455,865,NaN,NaN,2
1455,897,NaN,NaN,2
1455,929,NaN,NaN,2
1455,961,NaN,NaN,2
1455,993,-37.58174133,1.907155871,1
1455,1025,NaN,NaN,2
1455,1057,NaN,NaN,2
1455,1089,NaN,NaN,2
1455,1121,NaN,NaN,2
1455,1153,NaN,NaN,0
1455,1185,NaN,NaN,2
1455,1217,NaN,NaN,2
1455,1249,NaN,NaN,2
1455,1281,NaN,NaN,2
1455,1313,NaN,NaN,0
1455,1345,NaN,NaN,0
1455,1377,NaN,NaN,0
1455,1409,NaN,NaN,0
1455,1441,NaN,NaN,0
1455,1473,NaN,NaN,0
1455,1505,NaN,NaN,0
1455,1537,NaN,NaN,0
1455,1569,NaN,NaN,0
1455,1601,-7.105518341,-2.167710781,1
1455,1633,-6.890878201,-0.4941612482,1
1455,1665,-7.547889233,0.1627777815,1
1455,1697,-7.168782234,-0.2379929423,1
1455,1729,-3.07055831,-1.311430931,1
1455,1761,-2.398108959,-0.02913182974,1
1455,1793,-0.8838277459,-0.1362612247,1
1455,1825,0.9353580475,-0.5500980616,1
1455,1857,2.723419666,2.989399433,1
1455,1889,3.085677147,4.82647419,1
1455,1921,3.235754967,8.347743988,1
1455,1953,3.482917786,7.026147366,1
1455,1985,NaN,NaN,0
1455,2017,NaN,NaN,0
1487,33,NaN,NaN,2
1487,65,1.682832122,-13.84518337,1
1487,97,3.072713137,-11.38923645,1
1487,129,2.974784613,-6.471285343,1
1487,161,-0.2037041187,-2.538113356,1
1487,193,-2.024837494,0.1109652519,1
1487,225,0.7867245674,1.771692038,1
1487,257,NaN,NaN,2
1487,289,-4.244811058,4.580451488,1
1487,321,-9.716837883,9.799580574,1
1487,353,-9.312623978,12.16954327,1
1487,385,-9.484982491,15.07937431,1
1487,417,-10.22086334,17.95586014,1
1487,449,-10.77058792,22.72420311,1
1487,481,-12.11856842,23.50355148,1
1487,513,-13.51770496,21.46256256,1
1487,545,-14.75925636,21.12980461,1
1487,577,NaN,NaN,2
1487,609,NaN,NaN,2
1487,641,-18.4869976,26.91530228,1
1487,673,NaN,NaN,2
1487,705,NaN,NaN,2
1487,737,NaN,NaN,2
1487,769,NaN,NaN,2
1487,801,NaN,NaN,2
1487,833,NaN,NaN,2
1487,865,NaN,NaN,2
1487,897,NaN,NaN,2
1487,929,NaN,NaN,2
1487,961,NaN,NaN,2
1487,993,NaN,NaN,2
1487,1025,-40.55142212,-9.468626022,1
1487,1057,NaN,NaN,2
1487,1089,NaN,NaN,2
1487,1121,NaN,NaN,2
1487,1153,NaN,NaN,0
1487,1185,NaN,NaN,0
1487,1217,NaN,NaN,0
1487,1249,NaN,NaN,0
1487,1281,NaN,NaN,0
1487,1313,NaN,NaN,0
1487,1345,NaN,NaN,0
1487,1377,NaN,NaN,0
1487,1409,NaN,NaN,0
1487,1441,NaN,NaN,0
1487,1473,NaN,NaN,0
1487,1505,NaN,NaN,0
1487,1537,NaN,NaN,0
1487,1569,NaN,NaN,0
1487,1601,NaN,NaN,0
1487,1633,-5.800451756,-1.471849799,1
1487,1665,-4.581908703,-1.008199215,1
1487,1697,-2.735029459,-0.1010998487,1
1487,1729,-0.6926493645,1.001720428,1
1487,1761,0.7206516266,0.1764985323,1
1487,1793,2.682397604,1.176139593,1
1487,1825,3.657805681,1.495665431,1
1487,1857,4.74810791,3.081541538,1
1487,1889,5.742163181,4.354249954,1
1487,1921,3.163593531,6.566214561,1
1487,1953,NaN,NaN,0
1487,1985,NaN,NaN,0
1487,2017,NaN,NaN,0
1519,33,NaN,NaN,2
1519,65,2.884501219,-11.66720581,1
1519,97,4.388141155,-11.652071,1
1519,129,3.494041204,-7.324055672,1
1519,161,0.618537426,-2.510980606,1
1519,193,-0.2924207449,-0.2524033785,1
1519,225,-1.786146522,0.0011074543,1
1519,257,-2.862576962,2.082136154,1
1519,289,-3.55533123,4.44771719,1
1519,321,NaN,NaN,2
1519,353,NaN,NaN,2
1519,385,-6.82925415,12.86261749,1
1519,417,-6.388892174,18.42783928,1
1519,449,-9.434831619,20.14163971,1
1519,481,-11.6093874,22.99441338,1
1519,513,-13.21498108,20.65550232,1
1519,545,-13.94330215,20.54392433,1
1519,577,NaN,NaN,2
1519,609,NaN,NaN,2
1519,641,NaN,NaN,2
1519,673,NaN,NaN,2
1519,705,NaN,NaN,2
1519,737,NaN,NaN,2
1519,769,NaN,NaN,2
1519,801,NaN,NaN,2
1519,833,-15.77881622,12.9669342,1
1519,865,NaN,NaN,2
1519,897,NaN,NaN,2
1519,929,NaN,NaN,2
1519,961,NaN,NaN,2
1519,993,NaN,NaN,2
1519,1025,NaN,NaN,2
1519,1057,NaN,NaN,2
1519,1089,NaN,NaN,2
1519,1121,NaN,NaN,2
1519,1153,NaN,NaN,2
1519,1185,NaN,NaN,0
1519,1217,NaN,NaN,0
1519,1249,NaN,NaN,0
1519,1281,NaN,NaN,0
1519,1313,NaN,NaN,0
1519,1345,NaN,NaN,0
1519,1377,NaN,NaN,0
1519,1409,NaN,NaN,0
1519,1441,NaN,NaN,0
1519,1473,NaN,NaN,0
1519,1505,NaN,NaN,0
1519,1537,NaN,NaN,0
1519,1569,NaN,NaN,0
1519,1601,NaN,NaN,0
1519,1633,NaN,NaN,0
1519,1665,-3.269617081,-1.180282593,1
1519,1697,-2.653000116,-1.86189723,1
1519,1729,-0.9607840776,-0.9530245662,1
1519,1761,1.101047516,1.317700148,1
1519,1793,3.944443464,1.721429825,1
1519,1825,4.177484035,1.934826851,1
1519,1857,4.333703041,2.690467596,1
1519,1889,5.720490456,3.537172079,1
1519,1921,NaN,NaN,0
1519,1953,NaN,NaN,0
1519,1985,NaN,NaN,0
1519,2017,NaN,NaN,0
1551,33,NaN,NaN,2
1551,65,NaN,NaN,2
1551,97,NaN,NaN,2
1551,129,5.656330585,-5.103422165,1
1551,161,0.7306571007,-3.469791889,1
1551,193,0.7771093845,-2.38078022,1
1551,225,-1.050248504,-0.1371335983,1
1551,257,-0.8405740261,-0.04467391968,1
1551,289,-0.1699507236,3.693492889,1
1551,321,-1.395311832,6.835775375,1
1551,353,-3.825702667,10.8447361,1
1551,385,-2.947559357,13.01880074,1
1551,417,NaN,NaN,2
1551,449,-8.55243969,21.1219883,1
1551,481,-11.24949932,23.20899582,1
1551,513,-13.07300568,20.7108345,1
1551,545,-14.50510406,25.29536819,1
1551,577,-15.31833839,32.01842499,1
1551,609,-17.23330688,33.47939301,1
1551,641,-17.6249218,31.7357502,1
1551,673,NaN,NaN,2
1551,705,NaN,NaN,2
1551,737,NaN,NaN,2
1551,769,NaN,NaN,2
1551,801,NaN,NaN,2
1551,833,-19.67665482,11.63685513,1
1551,865,NaN,NaN,2
1551,897,NaN,NaN,2
1551,929,NaN,NaN,2
1551,961,NaN,NaN,2
1551,993,NaN,NaN,2
1551,1025,NaN,NaN,2
1551,1057,NaN,NaN,2
1551,1089,NaN,NaN,2
1551,1121,NaN,NaN,2
1551,1153,NaN,NaN,0
1551,1185,NaN,NaN,0
1551,1217,NaN,NaN,0
1551,1249,NaN,NaN,0
1551,1281,NaN,NaN,0
1551,1313,NaN,NaN,0
1551,1345,NaN,NaN,0
1551,1377,NaN,NaN,0
1551,1409,NaN,NaN,0
1551,1441,NaN,NaN,0
1551,1473,NaN,NaN,0
1551,1505,NaN,NaN,0
1551,1537,NaN,NaN,0
1551,1569,NaN,NaN,0
1551,1601,NaN,NaN,0
1551,1633,NaN,NaN,0
1551,1665,NaN,NaN,0
1551,1697,NaN,NaN,0
1551,1729,NaN,NaN,0
1551,1761,1.148367405,1.375354648,1
1551,1793,3.256568432,1.582416058,1
1551,1825,NaN,NaN,0
1551,1857,NaN,NaN,0
1551,1889,NaN,NaN,0
1551,1921,NaN,NaN,0
1551,1953,NaN,NaN,0
1551,1985,NaN,NaN,0
1551,2017,NaN,NaN,0
1583,33,NaN,NaN,0
1583,65,NaN,NaN,0
1583,97,NaN,NaN,2
1583,129,NaN,NaN,2
1583,161,-0.008091449738,-5.175510883,1
1583,193,0.8073843718,-2.06630373,1
1583,225,1.504320264,-0.1116294861,1
1583,257,1.703363299,0.5488705635,1
1583,289,1.769909859,3.493991375,1
1583,321,-0.2888640165,8.481970787,1
1583,353,-1.297214985,11.54181862,1
1583,385,NaN,NaN,2
1583,417,-6.65133667,18.20765305,1
1583,449,-9.621711731,21.51561165,1
1583,481,-12.31920719,22.96330833,1
1583,513,NaN,NaN,2
1583,545,NaN,NaN,2
1583,577,NaN,NaN,2
1583,609,NaN,NaN,2
1583,641,NaN,NaN,2
1583,673,NaN,NaN,2
1583,705,-17.06435204,25.52458572,1
1583,737,NaN,NaN,2
1583,769,NaN,NaN,2
1583,801,NaN,NaN,2
1583,833,NaN,NaN,2
1583,865,NaN,NaN,2
1583,897,NaN,NaN,2
1583,929,NaN,NaN,2
1583,961,NaN,NaN,2
1583,993,NaN,NaN,2
1583,1025,-1.909385681,2.189422607,1
1583,1057,NaN,NaN,2
1583,1089,NaN,NaN,2
1583,1121,NaN,NaN,2
1583,1153,NaN,NaN,0
1583,1185,NaN,NaN,0
1583,1217,NaN,NaN,0
1583,1249,NaN,NaN,0
1583,1281,NaN,NaN,0
1583,1313,NaN,NaN,0
1583,1345,NaN,NaN,0
1583,1377,NaN,NaN,0
1583,1409,NaN,NaN,0
1583,1441,NaN,NaN,0
1583,1473,NaN,NaN,0
1583,1505,NaN,NaN,0
1583,1537,NaN,NaN,0
1583,1569,NaN,NaN,0
1583,1601,NaN,NaN,0
1583,1633,NaN,NaN,0
1583,1665,NaN,NaN,0
1583,1697,NaN,NaN,0
1583,1729,NaN,NaN,0
1583,1761,NaN,NaN,0
1583,1793,NaN,NaN,0
1583,1825,NaN,NaN,0
1583,1857,NaN,NaN,0
1583,1889,NaN,NaN,0
1583,1921,NaN,NaN,0
1583,1953,NaN,NaN,0
1583,1985,NaN,NaN,0
1583,2017,NaN,NaN,0
1615,33,NaN,NaN,0
1615,65,NaN,NaN,0
1615,97,NaN,NaN,0
1615,129,NaN,NaN,0
1615,161,2.680292845,-4.219317436,1
1615,193,1.520979643,-1.563073397,1
1615,225,2.967087746,0.5216338634,1
1615,257,0.8490715027,2.839689732,1
1615,289,-0.05716705322,6.761760712,1
1615,321,0.0936331749,8.659119606,1
1615,353,NaN,NaN,0
1615,385,NaN,NaN,0
1615,417,NaN,NaN,0
1615,449,NaN,NaN,2
1615,481,-12.13858223,22.15556526,1
1615,513,-13.72093868,23.87967682,1
1615,545,NaN,NaN,2
1615,577,-14.97892857,29.12030792,1
1615,609,NaN,NaN,2
1615,641,NaN,NaN,2
1615,673,NaN,NaN,2
1615,705,NaN,NaN,2
1615,737,NaN,NaN,2
1615,769,NaN,NaN,2
1615,801,NaN,NaN,2
1615,833,NaN,NaN,2
1615,865,NaN,NaN,2
1615,897,NaN,NaN,2
1615,929,NaN,NaN,2
1615,961,NaN,NaN,2
1615,993,NaN,NaN,2
1615,1025,NaN,NaN,2
1615,1057,NaN,NaN,2
1615,1089,NaN,NaN,2
1615,1121,NaN,NaN,2
1615,1153,NaN,NaN,0
1615,1185,NaN,NaN,0
1615,1217,NaN,NaN,0
1615,1249,NaN,NaN,0
1615,1281,NaN,NaN,0
1615,1313,NaN,NaN,0
1615,1345,NaN,NaN,0
1615,1377,NaN,NaN,0
1615,1409,NaN,NaN,0
1615,1441,NaN,NaN,0
1615,1473,NaN,NaN,0
1615,1505,NaN,NaN,0
1615,1537,NaN,NaN,0
1615,1569,NaN,NaN,0
1615,1601,NaN,NaN,0
1615,1633,NaN,NaN,0
1615,1665,NaN,NaN,0
1615,1697,NaN,NaN,0
1615,1729,NaN,NaN,0
1615,1761,NaN,NaN,0
1615,1793,NaN,NaN,0
1615,1825,NaN,NaN,0
1615,1857,NaN,NaN,0
1615,1889,NaN,NaN,0
1615,1921,NaN,NaN,0
1615,1953,NaN,NaN,0
1615,1985,NaN,NaN,0
1615,2017,NaN,NaN,0
1647,33,NaN,NaN,0
1647,65,NaN,NaN,0
1647,97,NaN,NaN,0
1647,129,NaN,NaN,0
1647,161,NaN,NaN,0
1647,193,NaN,NaN,0
1647,225,NaN,NaN,0
1647,257,NaN,NaN,0
1647,289,NaN,NaN,0
1647,321,NaN,NaN,0
1647,353,NaN,NaN,0
1647,385,NaN,NaN,0
1647,417,NaN,NaN,0
1647,449,NaN,NaN,0
1647,481,NaN,NaN,0
1647,513,-13.4813261,22.59692764,1
1647,545,-13.31701469,27.21752548,1
1647,577,-14.09378052,27.00047112,1
1647,609,-20.51793671,23.87614441,1
1647,641,-21.39558983,24.57179642,1
1647,673,NaN,NaN,2
1647,705,NaN,NaN,2
1647,737,NaN,NaN,2
1647,769,NaN,NaN,0
1647,801,NaN,NaN,0
1647,833,NaN,NaN,0
1647,865,NaN,NaN,2
1647,897,NaN,NaN,2
1647,929,NaN,NaN,2
1647,961,NaN,NaN,2
1647,993,NaN,NaN,2
1647,1025,-29.05815697,-7.660902023,1
1647,1057,NaN,NaN,2
1647,1089,NaN,NaN,0
1647,1121,NaN,NaN,0
1647,1153,NaN,NaN,0
1647,1185,NaN,NaN,0
1647,1217,NaN,NaN,0
1647,1249,NaN,NaN,0
1647,1281,NaN,NaN,0
1647,1313,NaN,NaN,0
1647,1345,NaN,NaN,0
1647,1377,NaN,NaN,0
1647,1409,NaN,NaN,0
1647,1441,NaN,NaN,0
1647,1473,NaN,NaN,0
1647,1505,NaN,NaN,0
1647,1537,NaN,NaN,0
1647,1569,NaN,NaN,0
1647,1601,NaN,NaN,0
1647,1633,NaN,NaN,0
1647,1665,NaN,NaN,0
1647,1697,NaN,NaN,0
1647,1729,NaN,NaN,0
1647,1761,NaN,NaN,0
1647,1793,NaN,NaN,0
1647,1825,NaN,NaN,0
1647,1857,NaN,NaN,0
1647,1889,NaN,NaN,0
1647,1921,NaN,NaN,0
1647,1953,NaN,NaN,0
1647,1985,NaN,NaN,0
1647,2017,NaN,NaN,0
1679,33,NaN,NaN,0
1679,65,NaN,NaN,0
1679,97,NaN,NaN,0
1679,129,NaN,NaN,0
1679,161,NaN,NaN,0
1679,193,NaN,NaN,0
1679,225,NaN,NaN,0
1679,257,NaN,NaN,0
1679,289,NaN,NaN,0
1679,321,NaN,NaN,0
1679,353,NaN,NaN,0
1679,385,NaN,NaN,0
1679,417,NaN,NaN,0
1679,449,NaN,NaN,0
1679,481,NaN,NaN,0
1679,513,NaN,NaN,0
1679,545,NaN,NaN,0
1679,577,-12.66306782,24.19957924,1
1679,609,-16.05533218,22.75214577,1
1679,641,NaN,NaN,2
1679,673,-22.74139595,26.31087875,1
1679,705,NaN,NaN,2
1679,737,NaN,NaN,0
1679,769,NaN,NaN,0
1679,801,NaN,NaN,0
1679,833,NaN,NaN,0
1679,865,NaN,NaN,0
1679,897,NaN,NaN,0
1679,929,NaN,NaN,0
1679,961,NaN,NaN,2
1679,993,NaN,NaN,2
1679,1025,NaN,NaN,0
1679,1057,NaN,NaN,0
1679,1089,NaN,NaN,0
1679,1121,NaN,NaN,0
1679,1153,NaN,NaN,0
1679,1185,NaN,NaN,0
1679,1217,NaN,NaN,0
1679,1249,NaN,NaN,0
1679,1281,NaN,NaN,0
1679,1313,NaN,NaN,0
1679,1345,NaN,NaN,0
1679,1377,NaN,NaN,0
1679,1409,NaN,NaN,0
1679,1441,NaN,NaN,0
1679,1473,NaN,NaN,0
1679,1505,NaN,NaN,0
1679,1537,NaN,NaN,0
1679,1569,NaN,NaN,0
1679,1601,NaN,NaN,0
1679,1633,NaN,NaN,0
1679,1665,NaN,NaN,0
1679,1697,NaN,NaN,0
1679,1729,NaN,NaN,0
1679,1761,NaN,NaN,0
1679,1793,NaN,NaN,0
1679,1825,NaN,NaN,0
1679,1857,NaN,NaN,0
1679,1889,NaN,NaN,0
1679,1921,NaN,NaN,0
1679,1953,NaN,NaN,0
1679,1985,NaN,NaN,0
1679,2017,NaN,NaN,0
1711,33,NaN,NaN,0
1711,65,NaN,NaN,0
1711,97,NaN,NaN,0
1711,129,NaN,NaN,0
1711,161,NaN,NaN,0
1711,193,NaN,NaN,0
1711,225,NaN,NaN,0
1711,257,NaN,NaN,0
1711,289,NaN,NaN,0
1711,321,NaN,NaN,0
1711,353,NaN,NaN,0
1711,385,NaN,NaN,0
1711,417,NaN,NaN,0
1711,449,NaN,NaN,0
1711,481,NaN,NaN,0
1711,513,NaN,NaN,0
1711,545,NaN,NaN,0
1711,577,NaN,NaN,0
1711,609,NaN,NaN,0
1711,641,NaN,NaN,0
1711,673,NaN,NaN,0
1711,705,NaN,NaN,0
1711,737,NaN,NaN,0
1711,769,NaN,NaN,0
1711,801,NaN,NaN,0
1711,833,NaN,NaN,0
1711,865,NaN,NaN,0
1711,897,NaN,NaN,0
1711,929,NaN,NaN,0
1711,961,NaN,NaN,0
1711,993,NaN,NaN,0
1711,1025,NaN,NaN,0
1711,1057,NaN,NaN,0
1711,1089,NaN,NaN,0
1711,1121,NaN,NaN,0
1711,1153,NaN,NaN,0
1711,1185,NaN,NaN,0
1711,1217,NaN,NaN,0
1711,1249,NaN,NaN,0
1711,1281,NaN,NaN,0
1711,1313,NaN,NaN,0
1711,1345,NaN,NaN,0
1711,1377,NaN,NaN,0
1711,1409,NaN,NaN,0
1711,1441,NaN,NaN,0
1711,1473,NaN,NaN,0
1711,1505,NaN,NaN,0
1711,1537,NaN,NaN,0
1711,1569,NaN,NaN,0
1711,1601,NaN,NaN,0
1711,1633,NaN,NaN,0
1711,1665,NaN,NaN,0
1711,1697,NaN,NaN,0
1711,1729,NaN,NaN,0
1711,1761,NaN,NaN,0
1711,1793,NaN,NaN,0
1711,1825,NaN,NaN,0
1711,1857,NaN,NaN,0
1711,1889,NaN,NaN,0
1711,1921,NaN,NaN,0
1711,1953,NaN,NaN,0
1711,1985,NaN,NaN,0
1711,2017,NaN,NaN,0
1743,33,NaN,NaN,0
1743,65,NaN,NaN,0
1743,97,NaN,NaN,0
1743,129,NaN,NaN,0
1743,161,NaN,NaN,0
1743,193,NaN,NaN,0
1743,225,NaN,NaN,0
1743,257,NaN,NaN,0
1743,289,NaN,NaN,0
1743,321,NaN,NaN,0
1743,353,NaN,NaN,0
1743,385,NaN,NaN,0
1743,417,NaN,NaN,0
1743,449,NaN,NaN,0
1743,481,NaN,NaN,0
1743,513,NaN,NaN,0
1743,545,NaN,NaN,0
1743,577,NaN,NaN,0
1743,609,NaN,NaN,0
1743,641,NaN,NaN,0
1743,673,NaN,NaN,0
1743,705,NaN,NaN,0
1743,737,NaN,NaN,0
1743,769,NaN,NaN,0
1743,801,NaN,NaN,0
1743,833,NaN,NaN,0
1743,865,NaN,NaN,0
1743,897,NaN,NaN,0
1743,929,NaN,NaN,0
1743,961,NaN,NaN,0
1743,993,NaN,NaN,0
1743,1025,NaN,NaN,0
1743,1057,NaN,NaN,0
1743,1089,NaN,NaN,0
1743,1121,NaN,NaN,0
1743,1153,NaN,NaN,0
1743,1185,NaN,NaN,0
1743,1217,NaN,NaN,0
1743,1249,NaN,NaN,0
1743,1281,NaN,NaN,0
1743,1313,NaN,NaN,0
1743,1345,NaN,NaN,0
1743,1377,NaN,NaN,0
1743,1409,NaN,NaN,0
1743,1441,NaN,NaN,0
1743,1473,NaN,NaN,0
1743,1505,NaN,NaN,0
1743,1537,NaN,NaN,0
1743,1569,NaN,NaN,0
1743,1601,NaN,NaN,0
1743,1633,NaN,NaN,0
1743,1665,NaN,NaN,0
1743,1697,NaN,NaN,0
1743,1729,NaN,NaN,0
1743,1761,NaN,NaN,0
1743,1793,NaN,NaN,0
1743,1825,NaN,NaN,0
1743,1857,NaN,NaN,0
1743,1889,NaN,NaN,0
1743,1921,NaN,NaN,0
1743,1953,NaN,NaN,0
1743,1985,NaN,NaN,0
1743,2017,NaN,NaN,0
1775,33,NaN,NaN,0
1775,65,NaN,NaN,0
1775,97,NaN,NaN,0
1775,129,NaN,NaN,0
1775,161,NaN,NaN,0
1775,193,NaN,NaN,0
1775,225,NaN,NaN,0
1775,257,NaN,NaN,0
1775,289,NaN,NaN,0
1775,321,NaN,NaN,0
1775,353,NaN,NaN,0
1775,385,NaN,NaN,0
1775,417,NaN,NaN,0
1775,449,NaN,NaN,0
1775,481,NaN,NaN,0
1775,513,NaN,NaN,0
1775,545,NaN,NaN,0
1775,577,NaN,NaN,0
1775,609,NaN,NaN,0
1775,641,NaN,NaN,0
1775,673,NaN,NaN,0
1775,705,NaN,NaN,0
1775,737,NaN,NaN,0
1775,769,NaN,NaN,0
1775,801,NaN,NaN,0
1775,833,NaN,NaN,0
1775,865,NaN,NaN,0
1775,897,NaN,NaN,0
1775,929,NaN,NaN,0
1775,961,NaN,NaN,0
1775,993,NaN,NaN,0
1775,1025,NaN,NaN,0
1775,1057,NaN,NaN,0
1775,1089,NaN,NaN,0
1775,1121,NaN,NaN,0
1775,1153,NaN,NaN,0
1775,1185,NaN,NaN,0
1775,1217,NaN,NaN,0
1775,1249,NaN,NaN,0
1775,1281,NaN,NaN,0
1775,1313,NaN,NaN,0
1775,1345,NaN,NaN,0
1775,1377,NaN,NaN,0
1775,1409,NaN,NaN,0
1775,1441,NaN,NaN,0
1775,1473,NaN,NaN,0
1775,1505,NaN,NaN,0
1775,1537,NaN,NaN,0
1775,1569,NaN,NaN,0
1775,1601,NaN,NaN,0
1775,1633,NaN,NaN,0
1775,1665,NaN,NaN,0
1775,1697,NaN,NaN,0
1775,1729,NaN,NaN,0
1775,1761,NaN,NaN,0
1775,1793,NaN,NaN,0
1775,1825,NaN,NaN,0
1775,1857,NaN,NaN,0
1775,1889,NaN,NaN,0
1775,1921,NaN,NaN,0
1775,1953,NaN,NaN,0
1775,1985,NaN,NaN,0
1775,2017,NaN,NaN,0
1807,33,NaN,NaN,0
1807,65,NaN,NaN,0
1807,97,NaN,NaN,0
1807,129,NaN,NaN,0
1807,161,NaN,NaN,0
1807,193,NaN,NaN,0
1807,225,NaN,NaN,0
1807,257,NaN,NaN,0
1807,289,NaN,NaN,0
1807,321,NaN,NaN,0
1807,353,NaN,NaN,0
1807,385,NaN,NaN,0
1807,417,NaN,NaN,0
1807,449,NaN,NaN,0
1807,481,NaN,NaN,0
1807,513,NaN,NaN,0
1807,545,NaN,NaN,0
1807,577,NaN,NaN,0
1807,609,NaN,NaN,0
1807,641,NaN,NaN,0
1807,673,NaN,NaN,0
1807,705,NaN,NaN,0
1807,737,NaN,NaN,0
1807,769,NaN,NaN,0
1807,801,NaN,NaN,0
1807,833,NaN,NaN,0
1807,865,NaN,NaN,0
1807,897,NaN,NaN,0
1807,929,NaN,NaN,0
1807,961,NaN,NaN,0
1807,993,NaN,NaN,0
1807,1025,NaN,NaN,0
1807,1057,NaN,NaN,0
1807,1089,NaN,NaN,0
1807,1121,NaN,NaN,0
1807,1153,NaN,NaN,0
1807,1185,NaN,NaN,0
1807,1217,NaN,NaN,0
1807,1249,NaN,NaN,0
1807,1281,NaN,NaN,0
1807,1313,NaN,NaN,0
1807,1345,NaN,NaN,0
1807,1377,NaN,NaN,0
1807,1409,NaN,NaN,0
1807,1441,NaN,NaN,0
1807,1473,NaN,NaN,0
1807,1505,NaN,NaN,0
1807,1537,NaN,NaN,0
1807,1569,NaN,NaN,0
1807,1601,NaN,NaN,0
1807,1633,NaN,NaN,0
1807,1665,NaN,NaN,0
1807,1697,NaN,NaN,0
1807,1729,NaN,NaN,0
1807,1761,NaN,NaN,0
1807,1793,NaN,NaN,0
1807,1825,NaN,NaN,0
1807,1857,NaN,NaN,0
1807,1889,NaN,NaN,0
1807,1921,NaN,NaN,0
1807,1953,NaN,NaN,0
1807,1985,NaN,NaN,0
1807,2017,NaN,NaN,0
1839,33,NaN,NaN,0
1839,65,NaN,NaN,0
1839,97,NaN,NaN,0
1839,129,NaN,NaN,0
1839,161,NaN,NaN,0
1839,193,NaN,NaN,0
1839,225,NaN,NaN,0
1839,257,NaN,NaN,0
1839,289,NaN,NaN,0
1839,321,NaN,NaN,0
1839,353,NaN,NaN,0
1839,385,NaN,NaN,0
1839,417,NaN,NaN,0
1839,449,NaN,NaN,0
1839,481,NaN,NaN,0
1839,513,NaN,NaN,0
1839,545,NaN,NaN,0
1839,577,NaN,NaN,0
1839,609,NaN,NaN,0
1839,641,NaN,NaN,0
1839,673,NaN,NaN,0
1839,705,NaN,NaN,0
1839,737,NaN,NaN,0
1839,769,NaN,NaN,0
1839,801,NaN,NaN,0
1839,833,NaN,NaN,0
1839,865,NaN,NaN,0
1839,897,NaN,NaN,0
1839,929,NaN,NaN,0
1839,961,NaN,NaN,0
1839,993,NaN,NaN,0
1839,1025,NaN,NaN,0
1839,1057,NaN,NaN,0
1839,1089,NaN,NaN,0
1839,1121,NaN,NaN,0
1839,1153,NaN,NaN,0
1839,1185,NaN,NaN,0
1839,1217,NaN,NaN,0
1839,1249,NaN,NaN,0
1839,1281,NaN,NaN,0
1839,1313,NaN,NaN,0
1839,1345,NaN,NaN,0
1839,1377,NaN,NaN,0
1839,1409,NaN,NaN,0
1839,1441,NaN,NaN,0
1839,1473,NaN,NaN,0
1839,1505,NaN,NaN,0
1839,1537,NaN,NaN,0
1839,1569,NaN,NaN,0
1839,1601,NaN,NaN,0
1839,1633,NaN,NaN,0
1839,1665,NaN,NaN,0
1839,1697,NaN,NaN,0
1839,1729,NaN,NaN,0
1839,1761,NaN,NaN,0
1839,1793,NaN,NaN,0
1839,1825,NaN,NaN,0
1839,1857,NaN,NaN,0
1839,1889,NaN,NaN,0
1839,1921,NaN,NaN,0
1839,1953,NaN,NaN,0
1839,1985,NaN,NaN,0
1839,2017,NaN,NaN,0
1871,33,NaN,NaN,0
1871,65,NaN,NaN,0
1871,97,NaN,NaN,0
1871,129,NaN,NaN,0
1871,161,NaN,NaN,0
1871,193,NaN,NaN,0
1871,225,NaN,NaN,0
1871,257,NaN,NaN,0
1871,289,NaN,NaN,0
1871,321,NaN,NaN,0
1871,353,NaN,NaN,0
1871,385,NaN,NaN,0
1871,417,NaN,NaN,0
1871,449,NaN,NaN,0
1871,481,NaN,NaN,0
1871,513,NaN,NaN,0
1871,545,NaN,NaN,0
1871,577,NaN,NaN,0
1871,609,NaN,NaN,0
1871,641,NaN,NaN,0
1871,673,NaN,NaN,0
1871,705,NaN,NaN,0
1871,737,NaN,NaN,0
1871,769,NaN,NaN,0
1871,801,NaN,NaN,0
1871,833,NaN,NaN,0
1871,865,NaN,NaN,0
1871,897,NaN,NaN,0
1871,929,NaN,NaN,0
1871,961,NaN,NaN,0
1871,993,NaN,NaN,0
1871,1025,NaN,NaN,0
1871,1057,NaN,NaN,0
1871,1089,NaN,NaN,0
1871,1121,NaN,NaN,0
1871,1153,NaN,NaN,0
1871,1185,NaN,NaN,0
1871,1217,NaN,NaN,0
1871,1249,NaN,NaN,0
1871,1281,NaN,NaN,0
1871,1313,NaN,NaN,0
1871,1345,NaN,NaN,0
1871,1377,NaN,NaN,0
1871,1409,NaN,NaN,0
1871,1441,NaN,NaN,0
1871,1473,NaN,NaN,0
1871,1505,NaN,NaN,0
1871,1537,NaN,NaN,0
1871,1569,NaN,NaN,0
1871,1601,NaN,NaN,0
1871,1633,NaN,NaN,0
1871,1665,NaN,NaN,0
1871,1697,NaN,NaN,0
1871,1729,NaN,NaN,0
1871,1761,NaN,NaN,0
1871,1793,NaN,NaN,0
1871,1825,NaN,NaN,0
1871,1857,NaN,NaN,0
1871,1889,NaN,NaN,0
1871,1921,NaN,NaN,0
1871,1953,NaN,NaN,0
1871,1985,NaN,NaN,0
1871,2017,NaN,NaN,0
1903,33,NaN,NaN,0
1903,65,NaN,NaN,0
1903,97,NaN,NaN,0
1903,129,NaN,NaN,0
1903,161,NaN,NaN,0
1903,193,NaN,NaN,0
1903,225,NaN,NaN,0
1903,257,NaN,NaN,0
1903,289,NaN,NaN,0
1903,321,NaN,NaN,0
1903,353,NaN,NaN,0
1903,385,NaN,NaN,0
1903,417,NaN,NaN,0
1903,449,NaN,NaN,0
1903,481,NaN,NaN,0
1903,513,NaN,NaN,0
1903,545,NaN,NaN,0
1903,577,NaN,NaN,0
1903,609,NaN,NaN,0
1903,641,NaN,NaN,0
1903,673,NaN,NaN,0
1903,705,NaN,NaN,0
1903,737,NaN,NaN,0
1903,769,NaN,NaN,0
1903,801,NaN,NaN,0
1903,833,NaN,NaN,0
1903,865,NaN,NaN,0
1903,897,NaN,NaN,0
1903,929,NaN,NaN,0
1903,961,NaN,NaN,0
1903,993,NaN,NaN,0
1903,1025,NaN,NaN,0
1903,1057,NaN,NaN,0
1903,1089,NaN,NaN,0
1903,1121,NaN,NaN,0
1903,1153,NaN,NaN,0
1903,1185,NaN,NaN,0
1903,1217,NaN,NaN,0
1903,1249,NaN,NaN,0
1903,1281,NaN,NaN,0
1903,1313,NaN,NaN,0
1903,1345,NaN,NaN,0
1903,1377,NaN,NaN,0
1903,1409,NaN,NaN,0
1903,1441,NaN,NaN,0
1903,1473,NaN,NaN,0
1903,1505,NaN,NaN,0
1903,1537,NaN,NaN,0
1903,1569,NaN,NaN,0
1903,1601,NaN,NaN,0
1903,1633,NaN,NaN,0
1903,1665,NaN,NaN,0
1903,1697,NaN,NaN,0
1903,1729,NaN,NaN,0
1903,1761,NaN,NaN,0
1903,1793,NaN,NaN,0
1903,1825,NaN,NaN,0
1903,1857,NaN,NaN,0
1903,1889,NaN,NaN,0
1903,1921,NaN,NaN,0
1903,1953,NaN,NaN,0
1903,1985,NaN,NaN,0
1903,2017,NaN,NaN,0
1935,33,NaN,NaN,0
1935,65,NaN,NaN,0
1935,97,NaN,NaN,0
1935,129,NaN,NaN,0
1935,161,NaN,NaN,0
1935,193,NaN,NaN,0
1935,225,NaN,NaN,0
1935,257,NaN,NaN,0
1935,289,NaN,NaN,0
1935,321,NaN,NaN,0
1935,353,NaN,NaN,0
1935,385,NaN,NaN,0
1935,417,NaN,NaN,0
1935,449,NaN,NaN,0
1935,481,NaN,NaN,0
1935,513,NaN,NaN,0
1935,545,NaN,NaN,0
1935,577,NaN,NaN,0
1935,609,NaN,NaN,0
1935,641,NaN,NaN,0
1935,673,NaN,NaN,0
1935,705,NaN,NaN,0
1935,737,NaN,NaN,0
1935,769,NaN,NaN,0
1935,801,NaN,NaN,0
1935,833,NaN,NaN,0
1935,865,NaN,NaN,0
1935,897,NaN,NaN,0
1935,929,NaN,NaN,0
1935,961,NaN,NaN,0
1935,993,NaN,NaN,0
1935,1025,NaN,NaN,0
1935,1057,NaN,NaN,0
1935,1089,NaN,NaN,0
1935,1121,NaN,NaN,0
1935,1153,NaN,NaN,0
1935,1185,NaN,NaN,0
1935,1217,NaN,NaN,0
1935,1249,NaN,NaN,0
1935,1281,NaN,NaN,0
1935,1313,NaN,NaN,0
1935,1345,NaN,NaN,0
1935,1377,NaN,NaN,0
1935,1409,NaN,NaN,0
1935,1441,NaN,NaN,0
1935,1473,NaN,NaN,0
1935,1505,NaN,NaN,0
1935,1537,NaN,NaN,0
1935,1569,NaN,NaN,0
1935,1601,NaN,NaN,0
1935,1633,NaN,NaN,0
1935,1665,NaN,NaN,0
1935,1697,NaN,NaN,0
1935,1729,NaN,NaN,0
1935,1761,NaN,NaN,0
1935,1793,NaN,NaN,0
1935,1825,NaN,NaN,0
1935,1857,NaN,NaN,0
1935,1889,NaN,NaN,0
1935,1921,NaN,NaN,0
1935,1953,NaN,NaN,0
1935,1985,NaN,NaN,0
1935,2017,NaN,NaN,0
1967,33,NaN,NaN,0
1967,65,NaN,NaN,0
1967,97,NaN,NaN,0
1967,129,NaN,NaN,0
1967,161,NaN,NaN,0
1967,193,NaN,NaN,0
1967,225,NaN,NaN,0
1967,257,NaN,NaN,0
1967,289,NaN,NaN,0
1967,321,NaN,NaN,0
1967,353,NaN,NaN,0
1967,385,NaN,NaN,0
1967,417,NaN,NaN,0
1967,449,NaN,NaN,0
1967,481,NaN,NaN,0
1967,513,NaN,NaN,0
1967,545,NaN,NaN,0
1967,577,NaN,NaN,0
1967,609,NaN,NaN,0
1967,641,NaN,NaN,0
1967,673,NaN,NaN,0
1967,705,NaN,NaN,0
1967,737,NaN,NaN,0
1967,769,NaN,NaN,0
1967,801,NaN,NaN,0
1967,833,NaN,NaN,0
1967,865,NaN,NaN,0
1967,897,NaN,NaN,0
1967,929,NaN,NaN,0
1967,961,NaN,NaN,0
1967,993,NaN,NaN,0
1967,1025,NaN,NaN,0
1967,1057,NaN,NaN,0
1967,1089,NaN,NaN,0
1967,1121,NaN,NaN,0
1967,1153,NaN,NaN,0
1967,1185,NaN,NaN,0
1967,1217,NaN,NaN,0
1967,1249,NaN,NaN,0
1967,1281,NaN,NaN,0
1967,1313,NaN,NaN,0
1967,1345,NaN,NaN,0
1967,1377,NaN,NaN,0
1967,1409,NaN,NaN,0
1967,1441,NaN,NaN,0
1967,1473,NaN,NaN,0
1967,1505,NaN,NaN,0
1967,1537,NaN,NaN,0
1967,1569,NaN,NaN,0
1967,1601,NaN,NaN,0
1967,1633,NaN,NaN,0
1967,1665,NaN,NaN,0
1967,1697,NaN,NaN,0
1967,1729,NaN,NaN,0
1967,1761,NaN,NaN,0
1967,1793,NaN,NaN,0
1967,1825,NaN,NaN,0
1967,1857,NaN,NaN,0
1967,1889,NaN,NaN,0
1967,1921,NaN,NaN,0
1967,1953,NaN,NaN,0
1967,1985,NaN,NaN,0
1967,2017,NaN,NaN,0
1999,33,NaN,NaN,0
1999,65,NaN,NaN,0
1999,97,NaN,NaN,0
1999,129,NaN,NaN,0
1999,161,NaN,NaN,0
1999,193,NaN,NaN,0
1999,225,NaN,NaN,0
1999,257,NaN,NaN,0
1999,289,NaN,NaN,0
1999,321,NaN,NaN,0
1999,353,NaN,NaN,0
1999,385,NaN,NaN,0
1999,417,NaN,NaN,0
1999,449,NaN,NaN,0
1999,481,NaN,NaN,0
1999,513,NaN,NaN,0
1999,545,NaN,NaN,0
1999,577,NaN,NaN,0
1999,609,NaN,NaN,0
1999,641,NaN,NaN,0
1999,673,NaN,NaN,0
1999,705,NaN,NaN,0
1999,737,NaN,NaN,0
1999,769,NaN,NaN,0
1999,801,NaN,NaN,0
1999,833,NaN,NaN,0
1999,865,NaN,NaN,0
1999,897,NaN,NaN,0
1999,929,NaN,NaN,0
1999,961,NaN,NaN,0
1999,993,NaN,NaN,0
1999,1025,NaN,NaN,0
1999,1057,NaN,NaN,0
1999,1089,NaN,NaN,0
1999,1121,NaN,NaN,0
1999,1153,NaN,NaN,0
1999,1185,NaN,NaN,0
1999,1217,NaN,NaN,0
1999,1249,NaN,NaN,0
1999,1281,NaN,NaN,0
1999,1313,NaN,NaN,0
1999,1345,NaN,NaN,0
1999,1377,NaN,NaN,0
1999,1409,NaN,NaN,0
1999,1441,NaN,NaN,0
1999,1473,NaN,NaN,0
1999,1505,NaN,NaN,0
1999,1537,NaN,NaN,0
1999,1569,NaN,NaN,0
1999,1601,NaN,NaN,0
1999,1633,NaN,NaN,0
1999,1665,NaN,NaN,0
1999,1697,NaN,NaN,0
1999,1729,NaN,NaN,0
1999,1761,NaN,NaN,0
1999,1793,NaN,NaN,0
1999,1825,NaN,NaN,0
1999,1857,NaN,NaN,0
1999,1889,NaN,NaN,0
1999,1921,NaN,NaN,0
1999,1953,NaN,NaN,0
1999,1985,NaN,NaN,0
1999,2017,NaN,NaN,0
