PIVlab, ASCII chart output - 23-Oct-2024
FRAME: 61, filenames: A:[61]AVI_Pos00d_TimeSrs0008_TgUtrmcherry_K4K8MO.avi & B:[62]AVI_Pos00d_TimeSrs0008_TgUtrmcherry_K4K8MO.avi, conversion factor xy (px -> m): 1, conversion factor uv (px/frame -> m/s): 1
x [px],y [px],u [px/frame],v [px/frame],Vector type [-]
47,33,-0.1325426102,4.078223228,1
47,65,0.6564235091,2.30622673,1
47,97,0.4328001738,0.8814254999,1
47,129,0.5551695824,0.2278048992,1
47,161,1.655327797,-0.8116412163,1
47,193,1.576429367,0.7840343714,1
47,225,1.040201187,1.951847911,1
47,257,3.49533987,1.231860042,1
47,289,4.15187645,2.849616051,1
47,321,3.006354332,4.124675751,1
47,353,0.4423270226,5.034929752,1
47,385,1.485137701,2.851573944,1
47,417,3.791364193,5.395735741,1
47,449,7.014242172,3.737527847,1
47,481,8.838539124,-1.195614219,1
47,513,8.652285576,-1.513590574,1
47,545,7.602044582,0.3514564037,1
47,577,6.834111214,0.8801459074,1
47,609,5.507198334,3.218178272,1
47,641,6.604340553,0.1609970331,1
47,673,6.118597507,-1.254155874,1
47,705,4.193676949,-1.843654275,1
47,737,4.09116888,-1.05580008,1
47,769,0.9693310261,2.352750778,1
47,801,0.5676605701,1.771672487,1
47,833,1.364337206,1.907958746,1
47,865,2.448480844,2.12933445,1
47,897,2.801861525,1.940907001,1
47,929,2.479558945,1.530709267,1
47,961,4.446447372,1.654768944,1
47,993,5.529921532,2.937279701,1
47,1025,5.556663036,4.304329395,1
47,1057,4.53284359,4.34979105,1
47,1089,1.887730956,3.91973877,1
47,1121,2.635834932,4.71135807,1
47,1153,4.169544697,5.007143974,1
47,1185,4.280264378,5.483392715,1
47,1217,3.330689192,3.206855774,1
47,1249,2.849494457,2.041565418,1
47,1281,3.765182495,3.271104336,1
47,1313,3.201347351,2.911319733,1
47,1345,4.39711237,0.6890126467,1
47,1377,3.322149038,-0.8520822525,1
47,1409,1.486067772,-0.3778387308,1
47,1441,4.696380138,-0.09747767448,1
47,1473,4.087286472,0.08654689789,1
47,1505,1.805434704,1.186774731,1
47,1537,1.124442101,3.551542044,1
47,1569,1.111764669,3.644447565,1
47,1601,0.8633701801,3.280273438,1
47,1633,2.569182873,4.714676857,1
47,1665,3.258310795,4.121830463,1
47,1697,2.06451416,3.005101919,1
47,1729,1.290983558,4.310570717,1
47,1761,0.05622649193,5.518404484,1
47,1793,0.5325894356,7.034723759,1
47,1825,2.470959187,6.597149849,1
47,1857,4.503128052,6.482575417,1
47,1889,3.661032438,7.352514267,1
47,1921,3.464169979,5.42538166,1
47,1953,NaN,NaN,2
47,1985,NaN,NaN,2
47,2017,9.233169556,0.3997936249,1
79,33,0.5671722293,2.853832245,1
79,65,0.7361974716,2.659997702,1
79,97,0.2974444628,1.883012772,1
79,129,0.903699398,1.004027247,1
79,161,2.347156048,0.9917211533,1
79,193,2.253722668,1.667080402,1
79,225,2.837105513,2.06778717,1
79,257,4.703174591,2.161968231,1
79,289,5.107709408,2.49494338,1
79,321,3.332893133,2.682036161,1
79,353,2.54753232,4.679301739,1
79,385,1.621122956,3.089246273,1
79,417,1.912017107,2.379944801,1
79,449,3.4681077,0.5435077548,1
79,481,6.43665123,-0.5848447084,1
79,513,NaN,NaN,2
79,545,4.055439949,-1.506371737,1
79,577,4.72453022,-0.07513660192,1
79,609,6.341206074,0.343234241,1
79,641,5.932340622,-0.1686170399,1
79,673,4.998556614,0.2316327095,1
79,705,3.985104322,0.4207975268,1
79,737,2.935738564,0.9136557579,1
79,769,2.115385532,1.427433133,1
79,801,2.025969982,1.270273805,1
79,833,4.33671999,1.364108562,1
79,865,5.38728714,1.784417748,1
79,897,4.191213608,2.289624214,1
79,929,3.626371384,2.02388072,1
79,961,3.525049448,2.18260932,1
79,993,3.552190304,1.314869404,1
79,1025,2.552879333,0.5742166042,1
79,1057,1.514605999,0.5429291725,1
79,1089,2.699666977,2.830236673,1
79,1121,3.297411203,3.454195023,1
79,1153,4.096907139,4.181538582,1
79,1185,4.514932632,4.197725773,1
79,1217,4.781235695,3.17677021,1
79,1249,3.840795517,2.708512783,1
79,1281,3.097177267,2.746652126,1
79,1313,3.176295996,2.142831802,1
79,1345,3.841221809,1.631672621,1
79,1377,4.380310535,0.8146282434,1
79,1409,4.984444618,1.260452867,1
79,1441,NaN,NaN,2
79,1473,3.659083843,2.637859583,1
79,1505,5.058443069,3.412415028,1
79,1537,5.113924503,3.807351351,1
79,1569,4.292097092,4.986411572,1
79,1601,3.738576412,5.182298183,1
79,1633,3.541785002,4.762845039,1
79,1665,3.088367701,4.059905529,1
79,1697,2.990236044,4.428228855,1
79,1729,1.898856521,4.546839714,1
79,1761,1.528494954,4.792805195,1
79,1793,1.229824781,5.936199188,1
79,1825,2.13342452,6.336821556,1
79,1857,3.28692174,6.069145203,1
79,1889,NaN,NaN,2
79,1921,1.816692114,7.669330597,1
79,1953,1.451807737,6.859976768,1
79,1985,NaN,NaN,2
79,2017,12.14561176,-1.28737545,1
111,33,1.768524885,1.711737156,1
111,65,1.144346714,1.663224459,1
111,97,0.8137720227,2.360077381,1
111,129,0.883991003,2.370014191,1
111,161,1.634916186,2.035552263,1
111,193,2.285458565,2.956651688,1
111,225,2.995793581,4.527828217,1
111,257,3.883800507,2.84757328,1
111,289,3.950524092,2.593319654,1
111,321,1.237524509,0.07145822048,1
111,353,2.175423145,3.1862607,1
111,385,1.550563574,3.026468515,1
111,417,1.308119297,1.89849472,1
111,449,2.687652588,0.8422700167,1
111,481,NaN,NaN,2
111,513,NaN,NaN,2
111,545,3.921844959,-1.216323137,1
111,577,4.445300579,0.6643055677,1
111,609,5.352192402,0.2072525024,1
111,641,5.015542507,0.2737585902,1
111,673,4.438106537,0.9580840468,1
111,705,3.895037174,0.3425788283,1
111,737,3.396527052,0.05112785101,1
111,769,3.083349705,-0.01501771808,1
111,801,3.024718523,0.5068923235,1
111,833,3.523369551,0.8300954103,1
111,865,4.260221004,0.8446309566,1
111,897,5.479669571,1.322596788,1
111,929,NaN,NaN,2
111,961,3.349081278,1.70196557,1
111,993,2.622550011,1.410805464,1
111,1025,0.9768154621,0.7472215891,1
111,1057,0.3666977882,0.2972481251,1
111,1089,1.677321434,2.237395763,1
111,1121,3.290379763,2.925031424,1
111,1153,3.857171059,2.707472801,1
111,1185,4.324223995,3.116996288,1
111,1217,4.928959846,2.753203392,1
111,1249,3.845734596,2.383728027,1
111,1281,3.252477169,2.298161268,1
111,1313,3.081569195,2.486623526,1
111,1345,3.486681223,2.302044868,1
111,1377,4.420976639,0.7105036974,1
111,1409,7.009422302,1.516432524,1
111,1441,NaN,NaN,2
111,1473,7.192029953,5.878891945,1
111,1505,6.558727741,5.833246231,1
111,1537,6.396421432,3.89577961,1
111,1569,4.893805504,4.702461243,1
111,1601,4.903021336,4.631636143,1
111,1633,2.970272303,4.162672043,1
111,1665,2.800797701,3.84261632,1
111,1697,3.347517014,3.282476187,1
111,1729,2.589759111,4.579901695,1
111,1761,1.913389683,5.170131683,1
111,1793,1.602259398,4.902032375,1
111,1825,2.470262051,5.768109322,1
111,1857,3.287775278,5.869763374,1
111,1889,3.194352865,4.911111832,1
111,1921,1.883820057,6.783350945,1
111,1953,1.705998182,6.694280624,1
111,1985,2.258561373,1.416393876,1
111,2017,0.9170947075,-0.9323813915,1
143,33,2.557705402,2.062905073,1
143,65,0.7266927958,1.933990598,1
143,97,0.4282868505,2.380097628,1
143,129,0.9391876459,2.169287682,1
143,161,0.9719399214,1.06525445,1
143,193,2.040410995,2.612117767,1
143,225,2.49192071,4.190335751,1
143,257,2.879309177,2.693944216,1
143,289,2.51475811,1.953483224,1
143,321,2.915611267,-0.1219133139,1
143,353,3.104595661,-0.3787189722,1
143,385,1.304588795,0.02860528231,1
143,417,2.600183487,-0.2351624966,1
143,449,3.109902382,0.1919208765,1
143,481,3.546130657,-0.256351769,1
143,513,NaN,NaN,2
143,545,5.15982008,-1.002603769,1
143,577,5.681105614,0.03396956623,1
143,609,6.896103382,0.1012613177,1
143,641,5.205855846,0.6843277216,1
143,673,3.98868227,1.250498414,1
143,705,3.520427942,0.07342660427,1
143,737,3.326123953,-0.5471816063,1
143,769,3.170887709,-0.7329924107,1
143,801,2.717746019,0.09511995316,1
143,833,3.13708663,0.6786349416,1
143,865,4.340863705,0.7801539898,1
143,897,5.055856705,1.376994848,1
143,929,NaN,NaN,2
143,961,4.035761356,5.054869652,1
143,993,2.471166134,1.437194109,1
143,1025,2.169265747,1.098184109,1
143,1057,0.8137900829,0.6890541315,1
143,1089,1.300255775,1.171688914,1
143,1121,3.634359837,1.687280178,1
143,1153,4.411148548,1.712646961,1
143,1185,4.272271633,1.957528114,1
143,1217,4.311532021,2.094237089,1
143,1249,3.548499584,2.104671955,1
143,1281,2.501790524,1.965508938,1
143,1313,2.97484374,2.420796633,1
143,1345,3.413859367,3.518805265,1
143,1377,NaN,NaN,2
143,1409,NaN,NaN,2
143,1441,5.834009647,3.6942029,1
143,1473,5.475699425,5.837834835,1
143,1505,5.023630142,6.126477242,1
143,1537,5.198920727,3.514790535,1
143,1569,5.766343117,4.802042007,1
143,1601,5.48324728,4.373677731,1
143,1633,2.013969421,4.053456306,1
143,1665,2.632922649,3.625874281,1
143,1697,3.737438679,2.640465736,1
143,1729,3.817688227,3.050647259,1
143,1761,2.085065603,3.611190319,1
143,1793,1.39895153,2.155639648,1
143,1825,3.275423527,4.479632378,1
143,1857,3.761136532,4.985016346,1
143,1889,3.85257864,4.555480003,1
143,1921,3.387504578,5.071302414,1
143,1953,NaN,NaN,2
143,1985,1.660658836,3.680548191,1
143,2017,0.8060429096,-1.888417721,1
175,33,2.118380785,3.094996929,1
175,65,0.9870659113,2.203840256,1
175,97,0.1045292616,2.47481966,1
175,129,1.211822629,0.4994877577,1
175,161,1.482404709,1.361802101,1
175,193,1.973478079,2.375178337,1
175,225,2.067495346,2.730858564,1
175,257,1.825806618,2.346652508,1
175,289,1.704441071,0.7796680927,1
175,321,3.287633419,0.1579728723,1
175,353,4.927639008,-0.1570340395,1
175,385,2.686482906,0.3751147985,1
175,417,2.49081111,0.9498077035,1
175,449,2.574306965,1.035740614,1
175,481,2.857263565,1.2619133,1
175,513,3.758305073,0.4625976086,1
175,545,4.422780991,-0.4279165864,1
175,577,5.356611729,0.4468077123,1
175,609,6.849545956,0.3657464981,1
175,641,5.930885792,0.5423180461,1
175,673,4.112869263,1.02674365,1
175,705,2.838375807,0.2067262828,1
175,737,3.419826746,-0.5473517179,1
175,769,3.509948492,-0.226485312,1
175,801,2.402839422,0.1552089304,1
175,833,3.588753939,0.510073483,1
175,865,3.726207256,1.080709696,1
175,897,3.679284573,1.533343792,1
175,929,NaN,NaN,2
175,961,3.228931427,5.134390354,1
175,993,1.84957099,0.9615775347,1
175,1025,2.894883633,1.079483747,1
175,1057,1.717100859,-0.3412340283,1
175,1089,2.229794741,0.3306713104,1
175,1121,3.270955563,1.209048986,1
175,1153,4.929132462,0.8232226372,1
175,1185,4.367310524,0.7065525055,1
175,1217,3.634830713,1.552049994,1
175,1249,3.636075258,2.042877197,1
175,1281,3.232306719,2.313555002,1
175,1313,3.941430092,2.540032625,1
175,1345,4.11460495,3.11455369,1
175,1377,NaN,NaN,2
175,1409,6.273714542,4.886815548,1
175,1441,5.875398636,5.013195992,1
175,1473,4.819498062,5.042748451,1
175,1505,4.8548913,5.388481617,1
175,1537,6.467060089,4.395343304,1
175,1569,6.804392338,3.525674343,1
175,1601,6.003891945,3.28758812,1
175,1633,3.459593773,3.767791986,1
175,1665,3.633594275,3.701970339,1
175,1697,4.243142128,2.617607355,1
175,1729,5.3077178,2.787958622,1
175,1761,5.757802963,2.966114044,1
175,1793,4.76521492,2.194037914,1
175,1825,4.478159904,3.347133636,1
175,1857,4.722065926,4.28763628,1
175,1889,4.100793362,4.173279285,1
175,1921,3.837587833,4.246488571,1
175,1953,3.785121918,3.274620533,1
175,1985,3.16654253,3.406010389,1
175,2017,NaN,NaN,2
207,33,1.042588353,4.329432487,1
207,65,0.5555093288,2.087789536,1
207,97,1.516309738,0.6122803688,1
207,129,1.845707059,0.3231531382,1
207,161,1.570829988,1.575138569,1
207,193,1.860137701,2.451490879,1
207,225,1.603320122,2.762178898,1
207,257,1.039097905,2.200987816,1
207,289,NaN,NaN,2
207,321,2.230413437,1.264092684,1
207,353,2.200070858,0.4699056745,1
207,385,2.648972034,0.6833302975,1
207,417,2.367801905,1.185439825,1
207,449,2.24836874,1.822838187,1
207,481,2.233349323,1.332622766,1
207,513,1.306718349,0.5362661481,1
207,545,4.36687994,0.5565423369,1
207,577,5.034462929,1.360633254,1
207,609,5.196329117,1.352359414,1
207,641,5.254413605,0.5085176229,1
207,673,4.628966808,0.1099763513,1
207,705,3.549463749,-0.3585336208,1
207,737,2.965874672,-0.7932190895,1
207,769,2.638930321,-0.3075446486,1
207,801,2.272443771,-1.992772579,1
207,833,2.940526485,-0.364452064,1
207,865,2.69149375,1.610208392,1
207,897,2.637330055,2.659682274,1
207,929,2.173928022,2.101513863,1
207,961,NaN,NaN,2
207,993,2.602226496,0.1484068632,1
207,1025,4.051024437,0.4914767742,1
207,1057,3.76111269,0.04306018353,1
207,1089,2.141662836,-0.231157124,1
207,1121,3.092329264,0.6136615276,1
207,1153,4.311876297,0.4122028351,1
207,1185,5.183720589,-1.017855644,1
207,1217,4.170936584,1.982891679,1
207,1249,3.878210068,2.099162579,1
207,1281,3.520608187,3.348386288,1
207,1313,3.121341467,2.932810783,1
207,1345,3.535234213,3.406321526,1
207,1377,NaN,NaN,2
207,1409,NaN,NaN,2
207,1441,6.387629509,4.512196064,1
207,1473,4.107365608,4.310923576,1
207,1505,4.622310638,4.469864845,1
207,1537,5.626408577,3.790695667,1
207,1569,5.993895531,2.716174364,1
207,1601,6.114474773,2.411916733,1
207,1633,6.83430481,4.460700989,1
207,1665,5.138839722,3.373075962,1
207,1697,4.717871666,2.756337166,1
207,1729,6.362420082,2.121614933,1
207,1761,4.770973682,1.64200139,1
207,1793,4.350696564,1.254813194,1
207,1825,5.154625893,2.086815596,1
207,1857,4.722970963,3.464586735,1
207,1889,4.113419056,3.824644089,1
207,1921,4.218056679,3.568747759,1
207,1953,3.807656288,3.094226837,1
207,1985,1.92766881,0.9336377382,1
207,2017,0.7784132957,-2.67392087,1
239,33,0.6729792356,4.975101471,1
239,65,1.036982298,3.082692862,1
239,97,2.276887894,0.8894549608,1
239,129,2.262105465,0.3189125061,1
239,161,1.563280344,-0.0875453949,1
239,193,1.261445999,3.131403923,1
239,225,0.9433563948,3.708915949,1
239,257,-0.1100188494,2.312429905,1
239,289,0.3197307587,2.33142972,1
239,321,0.7890381813,1.634846449,1
239,353,0.4010734558,0.9828768373,1
239,385,1.466305733,1.061718702,1
239,417,2.202442169,1.597977996,1
239,449,1.785884619,1.715976596,1
239,481,1.685247183,1.057057261,1
239,513,0.7988328934,1.087713957,1
239,545,5.096127033,1.608355522,1
239,577,5.460204601,2.120356321,1
239,609,NaN,NaN,2
239,641,3.381892204,-0.9424942732,1
239,673,3.55596137,-1.670543671,1
239,705,3.923628807,-1.394727588,1
239,737,2.101622105,-0.5295778513,1
239,769,1.404830217,0.6617113352,1
239,801,2.517925501,-0.8008649349,1
239,833,4.162713528,-0.3662083149,1
239,865,3.599276304,2.14240551,1
239,897,2.385529995,3.153890371,1
239,929,1.281510592,1.936672688,1
239,961,1.715632558,1.148974657,1
239,993,2.215165615,0.2167456746,1
239,1025,2.657866001,0.07156854868,1
239,1057,2.404063702,0.1527186334,1
239,1089,3.180418253,0.2578817904,1
239,1121,3.583848,0.3166913986,1
239,1153,4.230750084,-0.3519947529,1
239,1185,6.316835403,0.3264369965,1
239,1217,5.697640419,0.9034671783,1
239,1249,3.563190699,2.011262894,1
239,1281,3.02098155,4.597914696,1
239,1313,2.346913338,3.243518591,1
239,1345,1.963078976,4.349257469,1
239,1377,2.461940765,4.116776466,1
239,1409,4.535159111,4.372294426,1
239,1441,5.700129986,4.127663136,1
239,1473,4.629359245,3.632293701,1
239,1505,3.522988319,3.187802076,1
239,1537,3.524672985,3.078764915,1
239,1569,3.780305862,2.442770004,1
239,1601,4.808453083,1.695649147,1
239,1633,4.549347401,1.726424217,1
239,1665,5.436060905,2.345372438,1
239,1697,5.562969208,2.643744946,1
239,1729,4.9897995,1.999046445,1
239,1761,3.984068394,1.836954832,1
239,1793,3.706066608,1.879188299,1
239,1825,4.294305325,2.216052532,1
239,1857,4.227562904,2.498708725,1
239,1889,4.699538231,3.609537363,1
239,1921,4.850913048,3.155935287,1
239,1953,4.193282127,2.674456596,1
239,1985,2.377204895,0.3842389286,1
239,2017,-0.1217141151,-2.692217112,1
271,33,-0.3563470244,4.371328354,1
271,65,2.219300747,3.770213842,1
271,97,3.778052807,3.493665934,1
271,129,3.665108442,3.355778694,1
271,161,1.830537319,1.651776552,1
271,193,1.202054143,4.300084114,1
271,225,0.2674485445,4.556919098,1
271,257,-0.7460243702,4.233371735,1
271,289,-0.1010741591,2.685199738,1
271,321,0.1174737215,1.112008452,1
271,353,-0.1618933678,1.269710422,1
271,385,0.731590271,1.137375712,1
271,417,2.203364134,1.382509708,1
271,449,1.513271093,1.479878306,1
271,481,1.504424334,0.5532637835,1
271,513,2.907232523,0.7072542906,1
271,545,3.208871841,1.62357533,1
271,577,4.024249554,2.177023888,1
271,609,4.95003891,1.017030716,1
271,641,0.6646976471,-0.6353830099,1
271,673,2.445154667,-1.30127418,1
271,705,3.15987134,-1.732955456,1
271,737,2.35428381,1.519129276,1
271,769,3.168402672,3.63040781,1
271,801,2.077979088,3.775660992,1
271,833,NaN,NaN,2
271,865,2.628242254,2.838839769,1
271,897,2.10801816,3.569223404,1
271,929,1.602049351,1.852287292,1
271,961,1.388708115,1.254273653,1
271,993,2.473796844,0.2171159983,1
271,1025,3.02611208,0.1112720966,1
271,1057,3.65123558,-0.1181671619,1
271,1089,4.478360176,0.4594567418,1
271,1121,4.470798492,1.67782867,1
271,1153,4.312867641,-0.8271048069,1
271,1185,6.037436962,0.3086025715,1
271,1217,5.345118523,1.033678412,1
271,1249,4.524798393,2.340549469,1
271,1281,2.636295557,3.292300224,1
271,1313,1.879499912,3.583249092,1
271,1345,2.217570782,3.851895332,1
271,1377,2.266619682,3.972421408,1
271,1409,3.853863716,2.92378664,1
271,1441,6.352311134,2.989196777,1
271,1473,4.364001751,3.217456818,1
271,1505,3.566282988,2.556912899,1
271,1537,2.542401314,2.964556694,1
271,1569,2.968656301,2.058623314,1
271,1601,2.917663813,0.7076028585,1
271,1633,2.880730152,1.120171785,1
271,1665,3.885866642,1.644647121,1
271,1697,3.255696774,1.647634625,1
271,1729,3.405978918,1.55166626,1
271,1761,3.769870281,1.686331868,1
271,1793,3.254718304,1.92819953,1
271,1825,2.633738995,2.564362049,1
271,1857,3.108098984,2.580428362,1
271,1889,5.017066956,3.324239254,1
271,1921,5.049281597,3.040452957,1
271,1953,4.497518063,2.460752249,1
271,1985,3.094693899,0.3954033554,1
271,2017,-1.120564938,-3.233302593,1
303,33,0.6289939284,3.235566378,1
303,65,2.56765151,3.184151649,1
303,97,2.923943043,3.774688244,1
303,129,1.433841228,3.067715645,1
303,161,1.438338041,3.403692245,1
303,193,1.187901735,4.651625633,1
303,225,0.486413002,4.657855034,1
303,257,-0.535402298,4.705333233,1
303,289,0.9557941556,2.57999301,1
303,321,0.8770077229,0.389294982,1
303,353,0.2970657051,1.024481773,1
303,385,0.4045215547,0.7506568432,1
303,417,0.7924995422,1.058006406,1
303,449,1.460854053,0.268523097,1
303,481,1.837634921,-0.5143948793,1
303,513,2.174711227,0.2939277887,1
303,545,2.866139889,1.090734005,1
303,577,3.499825478,1.474081278,1
303,609,4.284256935,0.7443777919,1
303,641,2.092710018,0.0849250555,1
303,673,1.271098852,-0.7355956435,1
303,705,2.358454943,-0.09661599994,1
303,737,2.551077127,0.8043676019,1
303,769,3.948199749,3.114073277,1
303,801,1.796390295,3.8364501,1
303,833,1.075792551,5.618044853,1
303,865,1.718779564,5.59469986,1
303,897,1.277344108,5.123617172,1
303,929,NaN,NaN,2
303,961,0.6551138163,0.6960898638,1
303,993,NaN,NaN,2
303,1025,2.254502296,-0.1855251491,1
303,1057,4.74012661,-0.6212456822,1
303,1089,6.090653419,0.2183911055,1
303,1121,4.806288719,1.587153077,1
303,1153,4.647288322,-1.044761539,1
303,1185,5.22441864,0.1863408089,1
303,1217,2.288352728,0.6522924304,1
303,1249,1.040176392,1.32427907,1
303,1281,2.062720299,2.749283314,1
303,1313,NaN,NaN,2
303,1345,2.88025856,2.614794731,1
303,1377,0.9669389725,2.385664225,1
303,1409,-0.4154827595,2.042547226,1
303,1441,NaN,NaN,2
303,1473,6.075685024,1.657296777,1
303,1505,4.852423668,1.630988121,1
303,1537,4.131608963,2.499756813,1
303,1569,3.605923891,2.084086895,1
303,1601,2.897934198,0.5894773006,1
303,1633,2.551775217,0.5654271841,1
303,1665,2.628433943,1.382405519,1
303,1697,1.281220198,0.9265061617,1
303,1729,1.57093668,0.922980547,1
303,1761,2.723509789,1.106095791,1
303,1793,2.089485645,0.3040050268,1
303,1825,1.308205843,1.232098818,1
303,1857,2.210971832,2.334387541,1
303,1889,3.732753038,3.017107725,1
303,1921,4.247255325,3.086010218,1
303,1953,4.239775181,2.649008751,1
303,1985,3.395244122,0.3937869072,1
303,2017,0.4915764332,-4.133861065,1
335,33,1.160771132,2.184913397,1
335,65,2.358626604,1.866876602,1
335,97,4.269484043,2.203461885,1
335,129,NaN,NaN,2
335,161,1.825532079,3.961670399,1
335,193,1.174697042,4.540979862,1
335,225,NaN,NaN,2
335,257,3.583915234,6.881286621,1
335,289,2.43759799,2.823033571,1
335,321,0.8842592835,0.8941636086,1
335,353,0.6574236751,1.58972311,1
335,385,0.2758849263,1.78257966,1
335,417,0.2668312192,1.062551737,1
335,449,0.9867320061,-0.1376006603,1
335,481,0.9494316578,-0.8296604156,1
335,513,1.643648148,-0.5726079941,1
335,545,3.368224621,0.1622989178,1
335,577,3.804202795,0.5131207108,1
335,609,3.554653645,0.2495393753,1
335,641,2.576683998,-0.3961610198,1
335,673,0.8337938786,-0.1462857127,1
335,705,2.224128723,2.717891693,1
335,737,NaN,NaN,2
335,769,3.166666985,1.607826948,1
335,801,1.711410999,3.70209384,1
335,833,0.991918087,5.385879517,1
335,865,0.792068243,5.277548313,1
335,897,0.0148127079,2.291676521,1
335,929,0.634288311,1.485228539,1
335,961,0.6273897886,0.4181060791,1
335,993,-0.147272706,-0.0770200491,1
335,1025,1.655117989,-1.580511928,1
335,1057,3.796126366,-0.02102926373,1
335,1089,5.401028633,0.222266376,1
335,1121,4.464949131,-0.1371347308,1
335,1153,3.923398972,-1.788315773,1
335,1185,3.936942339,-0.7089875937,1
335,1217,2.192793846,-0.2327598929,1
335,1249,0.8133502007,0.1982795596,1
335,1281,0.8579018116,1.655108452,1
335,1313,2.148332596,1.887283921,1
335,1345,3.007336617,1.929298401,1
335,1377,0.4836490154,1.814432144,1
335,1409,0.5397486687,1.069659233,1
335,1441,3.765138626,0.3637303114,1
335,1473,5.989837646,0.184756279,1
335,1505,6.668670654,0.5927579403,1
335,1537,5.589923382,1.570782781,1
335,1569,5.233073235,1.494716644,1
335,1601,4.362643242,1.703876972,1
335,1633,2.61651969,1.876796842,1
335,1665,1.548591137,1.47289288,1
335,1697,1.195687771,1.312478065,1
335,1729,1.299730897,0.8725982904,1
335,1761,3.272171974,0.851125598,1
335,1793,1.803391218,0.1424185038,1
335,1825,2.378111362,-0.3950331211,1
335,1857,NaN,NaN,2
335,1889,3.488978863,0.888696909,1
335,1921,4.167899132,3.241591454,1
335,1953,4.420058727,3.700079918,1
335,1985,5.908521652,2.759287596,1
335,2017,4.161580086,-4.592497349,1
367,33,1.583116055,1.236584902,1
367,65,2.312016249,2.892896175,1
367,97,4.782193661,2.396249294,1
367,129,2.627855778,3.940057755,1
367,161,2.215589046,3.852694035,1
367,193,1.733219862,3.918017864,1
367,225,1.467548966,4.839315414,1
367,257,2.350303173,4.478664398,1
367,289,1.121330976,2.088868856,1
367,321,0.9288287163,1.49346137,1
367,353,1.631512046,2.767790794,1
367,385,1.611114621,3.495327473,1
367,417,0.4031882882,1.392507315,1
367,449,-2.062839746,-0.3254802227,1
367,481,-2.420708418,-1.638788581,1
367,513,0.4639140368,-1.986714005,1
367,545,3.011086941,-1.250479221,1
367,577,2.998158455,-0.4877640009,1
367,609,2.848074675,-0.9211663008,1
367,641,1.995412588,-1.489293098,1
367,673,1.178383112,0.1574725807,1
367,705,3.94000268,2.069105625,1
367,737,5.059441566,1.530973911,1
367,769,4.002534389,1.097754717,1
367,801,1.174892187,3.388144732,1
367,833,-0.1305742264,5.240813255,1
367,865,0.407155633,4.770236015,1
367,897,0.9891874194,2.711156845,1
367,929,0.3791853189,1.59619379,1
367,961,-0.5384779572,0.192969501,1
367,993,-0.6264270544,-0.02212834358,1
367,1025,0.2372217178,-0.4060951173,1
367,1057,2.786612988,0.1422299445,1
367,1089,4.034633636,0.3704950213,1
367,1121,4.384638786,-1.163612843,1
367,1153,4.17696476,-1.523412466,1
367,1185,3.595743179,-0.8976148367,1
367,1217,3.123776913,-1.027781963,1
367,1249,2.015301228,-0.5940613747,1
367,1281,0.7226762772,-0.009991884232,1
367,1313,3.321428776,1.628151655,1
367,1345,4.027695656,1.606149435,1
367,1377,2.756779194,1.486964107,1
367,1409,2.379574776,1.129446387,1
367,1441,3.189784288,-0.002038598061,1
367,1473,5.190130234,-0.389693141,1
367,1505,6.163554668,0.8588247299,1
367,1537,5.57420063,1.264201522,1
367,1569,5.17721796,1.572117805,1
367,1601,4.040367603,1.868171573,1
367,1633,NaN,NaN,2
367,1665,1.322154164,1.861272335,1
367,1697,1.702769637,2.001011848,1
367,1729,2.649418831,2.02540803,1
367,1761,2.789012671,1.599070072,1
367,1793,2.618645906,0.7104318142,1
367,1825,1.476100445,1.883300304,1
367,1857,2.276175499,3.960458279,1
367,1889,3.573240995,3.13049674,1
367,1921,4.146983147,3.303334475,1
367,1953,4.433910847,3.290864944,1
367,1985,3.859778404,4.229952335,1
367,2017,2.720373154,-4.724992275,1
399,33,-0.5923686028,0.4759207964,1
399,65,1.289982319,3.479046583,1
399,97,1.858802557,4.160751343,1
399,129,2.006269932,4.566513062,1
399,161,1.600254774,4.296073914,1
399,193,1.123530149,3.789199352,1
399,225,0.6816879511,2.927773237,1
399,257,1.333659291,1.933741331,1
399,289,0.5953938961,1.28026104,1
399,321,0.5957897902,1.016178846,1
399,353,1.996994734,2.353668213,1
399,385,1.487415075,2.892638206,1
399,417,0.1463829875,3.291382313,1
399,449,-1.266650796,0.04658925533,1
399,481,-2.421426296,-1.820950985,1
399,513,-0.1453472376,-1.990674257,1
399,545,0.7211472988,-2.119298458,1
399,577,0.8130389452,-1.076316595,1
399,609,2.078966856,-1.450338602,1
399,641,1.796607971,-1.020570755,1
399,673,2.80074954,0.3221959472,1
399,705,3.452129841,1.052447796,1
399,737,4.017007828,1.091999769,1
399,769,3.70516181,1.369392395,1
399,801,0.8388854265,2.991843939,1
399,833,-1.224115014,4.527893543,1
399,865,0.4912654757,5.691248894,1
399,897,1.712483048,4.06334877,1
399,929,0.9548332691,2.08934021,1
399,961,0.3348993659,0.2703066468,1
399,993,0.7510088682,0.6478791833,1
399,1025,1.615727663,1.100458026,1
399,1057,2.312568188,-0.3182784915,1
399,1089,3.718222857,-0.3047913015,1
399,1121,3.328479767,0.4814510345,1
399,1153,3.768426895,0.4709094167,1
399,1185,3.083181381,0.6145891547,1
399,1217,1.088952541,1.183952928,1
399,1249,2.060722351,0.8357055187,1
399,1281,3.862265348,1.70125699,1
399,1313,4.191596985,1.581221104,1
399,1345,3.511957645,0.8960815668,1
399,1377,1.239513397,0.536016345,1
399,1409,2.71386528,1.280896187,1
399,1441,3.16514945,0.8084795475,1
399,1473,3.058084011,1.012445569,1
399,1505,3.766046047,1.688303947,1
399,1537,3.265750885,1.164380908,1
399,1569,3.557215214,1.536504269,1
399,1601,3.567480564,2.609119177,1
399,1633,1.755048752,1.01747632,1
399,1665,1.277901649,1.695583582,1
399,1697,1.939161777,3.639446974,1
399,1729,3.514139652,4.046781063,1
399,1761,3.618777275,3.056200027,1
399,1793,3.457264423,2.306838989,1
399,1825,1.882901192,2.837362766,1
399,1857,2.950889111,4.157813072,1
399,1889,3.316756964,3.264468431,1
399,1921,4.044779301,3.271809816,1
399,1953,4.156644821,2.47707963,1
399,1985,2.013284206,-0.2839277983,1
399,2017,NaN,NaN,2
431,33,-0.7832568884,0.2589255869,1
431,65,0.5325764418,3.07931757,1
431,97,1.006502986,3.636584282,1
431,129,1.170426846,4.537307739,1
431,161,0.8555003405,4.489823341,1
431,193,0.1100924015,4.485966682,1
431,225,0.651843667,2.451132536,1
431,257,1.575536728,2.760149479,1
431,289,0.8620883226,2.133920431,1
431,321,1.050852299,2.578047276,1
431,353,1.188643217,1.444859743,1
431,385,0.882404983,2.902113438,1
431,417,0.06488072872,4.052547932,1
431,449,-0.09878945351,1.325204134,1
431,481,-0.6823301911,-0.4012401104,1
431,513,-0.6918959618,0.01077914238,1
431,545,-1.562366009,-1.397036791,1
431,577,-1.267004132,-1.125368834,1
431,609,-0.0333275795,0.09257161617,1
431,641,1.158238411,0.1257037818,1
431,673,2.59995079,0.6015610695,1
431,705,3.09469676,0.09374833107,1
431,737,2.929728985,0.1318818331,1
431,769,2.45862031,1.007278919,1
431,801,0.904078126,2.289680004,1
431,833,-0.1435530186,3.4665277,1
431,865,0.4935578108,4.029509544,1
431,897,1.153026938,2.776027203,1
431,929,0.8253829479,1.133411169,1
431,961,0.8014373183,0.4049310088,1
431,993,1.488032103,0.8658064604,1
431,1025,1.722147584,2.17690897,1
431,1057,2.515603542,-0.02543631196,1
431,1089,4.468501091,-0.3981159329,1
431,1121,5.399922371,0.5763420463,1
431,1153,5.499328613,0.9839347005,1
431,1185,4.262358189,1.006283045,1
431,1217,1.750616074,1.241476536,1
431,1249,1.95139432,0.7342222929,1
431,1281,3.264765978,0.5827599168,1
431,1313,3.301288605,0.7371872067,1
431,1345,2.830923319,1.013364196,1
431,1377,2.525579453,1.364720821,1
431,1409,3.256834507,1.815036416,1
431,1441,3.468022346,1.756545782,1
431,1473,5.2265172,0.7117304802,1
431,1505,5.778559685,0.1738221049,1
431,1537,2.786452055,0.8862628937,1
431,1569,3.17604208,0.6941794157,1
431,1601,3.320300579,2.217776775,1
431,1633,NaN,NaN,2
431,1665,NaN,NaN,2
431,1697,1.347877026,3.188032866,1
431,1729,4.41843605,4.010141373,1
431,1761,4.987337112,3.778551102,1
431,1793,4.472379208,2.113727331,1
431,1825,3.572636127,2.921136856,1
431,1857,2.808480263,4.167874336,1
431,1889,2.904683113,4.528546333,1
431,1921,NaN,NaN,2
431,1953,3.856868267,2.187460423,1
431,1985,1.497133255,-1.953906417,1
431,2017,0.6924812794,-4.031219959,1
463,33,0.5469375849,0.1958932281,1
463,65,0.6765471697,2.897444725,1
463,97,0.8034689426,3.134521484,1
463,129,0.9005715847,3.807799578,1
463,161,0.978695631,3.981120586,1
463,193,1.255407691,3.713111639,1
463,225,0.9475209713,2.903987646,1
463,257,1.472272992,4.435063362,1
463,289,1.57811439,5.742247581,1
463,321,1.314561486,5.499808311,1
463,353,0.2824923992,5.631361008,1
463,385,0.8589709997,2.757691383,1
463,417,0.6795577407,1.742836952,1
463,449,0.2612285614,2.065767527,1
463,481,-0.1939011812,0.8814200163,1
463,513,0.081895262,0.07579636574,1
463,545,-0.2521598935,-0.359275341,1
463,577,-0.5927797556,-0.8935680389,1
463,609,-0.2009054422,-0.3935336471,1
463,641,0.1550680399,-0.08168238401,1
463,673,1.239289761,-0.3739306331,1
463,705,2.58608675,-0.1999916136,1
463,737,2.308079004,-0.1115994453,1
463,769,1.571172476,0.3740797639,1
463,801,1.421638727,1.822805166,1
463,833,1.684992433,4.008606911,1
463,865,1.195691347,2.820828438,1
463,897,0.8701899052,2.435528278,1
463,929,0.3746646047,1.53925705,1
463,961,0.2750202417,0.002469241619,1
463,993,0.6742787361,0.1692884564,1
463,1025,1.583657265,1.469908953,1
463,1057,1.995853424,0.9958764315,1
463,1089,NaN,NaN,2
463,1121,7.264579773,-0.3029971123,1
463,1153,6.958017826,1.110964417,1
463,1185,5.524884224,1.251812339,1
463,1217,2.66130352,1.853916883,1
463,1249,1.678306103,1.081845641,1
463,1281,2.29962182,0.175527215,1
463,1313,2.532862663,0.346159935,1
463,1345,2.945129633,1.06709218,1
463,1377,3.095180511,2.224225998,1
463,1409,2.785667181,1.561658144,1
463,1441,2.28058362,1.320822716,1
463,1473,3.652080059,1.062195063,1
463,1505,2.814304113,-0.5865399837,1
463,1537,2.368145466,-0.3959246278,1
463,1569,1.840079308,-1.038416505,1
463,1601,4.157032013,0.8015111685,1
463,1633,3.795950651,1.94950664,1
463,1665,2.319976091,1.925112247,1
463,1697,2.405739784,2.834601879,1
463,1729,3.542442322,4.152260303,1
463,1761,6.265135765,3.699979305,1
463,1793,NaN,NaN,2
463,1825,0.4774889946,3.199368238,1
463,1857,-0.4711203575,2.518208742,1
463,1889,1.943568468,5.280261993,1
463,1921,1.92108655,3.625282049,1
463,1953,2.870374203,2.031360626,1
463,1985,1.560954809,0.4286809564,1
463,2017,1.222920418,-2.86783433,1
495,33,0.6904593706,0.06706058979,1
495,65,0.9204108119,2.686969042,1
495,97,1.135061741,1.559075356,1
495,129,1.509985447,2.851300478,1
495,161,2.088346958,3.209302425,1
495,193,4.098682404,2.382674456,1
495,225,1.598401189,2.066362619,1
495,257,1.838909388,4.458201408,1
495,289,2.863751888,5.540275574,1
495,321,2.334142447,4.306927204,1
495,353,0.5834510326,5.377365589,1
495,385,1.240679502,1.915501118,1
495,417,0.7021404505,1.767927647,1
495,449,0.1567133665,3.173105717,1
495,481,1.26329875,0.8767331839,1
495,513,1.951488137,0.2065056562,1
495,545,0.07060480118,1.007953405,1
495,577,-0.9665558934,0.1732251644,1
495,609,-0.6723130941,0.1003372073,1
495,641,0.1796976924,0.1403965056,1
495,673,0.7117750645,-0.2179688811,1
495,705,0.813383162,-0.09583167732,1
495,737,1.255082488,-0.1423447281,1
495,769,1.428982019,0.125359267,1
495,801,0.8187819719,1.145177484,1
495,833,1.307032585,2.670708179,1
495,865,1.138250113,2.663350821,1
495,897,0.4907341599,2.491581678,1
495,929,0.8081393838,2.0103302,1
495,961,0.9599174261,-0.14968431,1
495,993,1.015995979,-0.5161781311,1
495,1025,2.735333204,1.088957191,1
495,1057,3.253564835,1.439523935,1
495,1089,4.747052193,0.656897068,1
495,1121,6.500948906,1.338993073,1
495,1153,6.343445301,1.811242938,1
495,1185,5.249333858,1.379049659,1
495,1217,3.389842987,0.8293578029,1
495,1249,1.761568069,1.306090593,1
495,1281,0.8831100464,0.3214390278,1
495,1313,1.705780268,0.287976265,1
495,1345,3.187908411,0.9340026379,1
495,1377,3.863877773,1.198693395,1
495,1409,2.84662962,1.407958746,1
495,1441,1.6889081,1.298078775,1
495,1473,1.600809336,1.420654893,1
495,1505,2.032143593,0.7631818056,1
495,1537,1.85854578,-0.2927815318,1
495,1569,2.305269003,0.2987636924,1
495,1601,2.823490858,0.406062603,1
495,1633,2.921435118,0.1874047518,1
495,1665,3.628768682,1.546081781,1
495,1697,3.53336668,2.444947481,1
495,1729,2.135265827,3.975141525,1
495,1761,NaN,NaN,2
495,1793,3.980150223,2.728401899,1
495,1825,0.8548314571,3.255148411,1
495,1857,-0.2634081841,2.215487003,1
495,1889,0.2266172171,2.227897406,1
495,1921,0.315628171,1.781829596,1
495,1953,1.569963217,1.731038332,1
495,1985,1.066253066,0.1187510937,1
495,2017,0.5544090271,-1.40344739,1
527,33,0.5917178392,0.7933093309,1
527,65,0.6313176155,1.940769434,1
527,97,0.5463855267,0.7504224777,1
527,129,1.938474655,2.316905975,1
527,161,3.809276342,2.487379074,1
527,193,3.112577438,2.067603827,1
527,225,1.960017204,2.365373611,1
527,257,2.84982872,5.258178711,1
527,289,1.696318626,3.210457087,1
527,321,2.32687521,1.846063375,1
527,353,3.359501123,1.373579502,1
527,385,1.939937592,1.361563802,1
527,417,1.303204775,1.515222788,1
527,449,-0.6178662777,2.953494072,1
527,481,0.8558502197,0.07688182592,1
527,513,1.93465519,0.7483072281,1
527,545,1.089129567,1.752509832,1
527,577,-1.071724176,0.6566785574,1
527,609,-0.9683867693,0.4919859767,1
527,641,-0.1093342602,0.9193591475,1
527,673,0.2041912079,0.09044816345,1
527,705,0.2119007111,0.06035393476,1
527,737,0.7867990732,0.1232126355,1
527,769,1.139175892,0.4107330143,1
527,801,0.3902047873,0.1884320974,1
527,833,0.1080005169,0.6263158321,1
527,865,0.6681393385,2.400256157,1
527,897,0.7363029122,3.045939922,1
527,929,0.8435046673,2.606142759,1
527,961,1.594412684,-0.2825638056,1
527,993,1.731578112,-1.00634253,1
527,1025,2.598534107,1.026366353,1
527,1057,3.249453783,0.8112395406,1
527,1089,4.959167004,0.5527316332,1
527,1121,5.788128853,1.224502802,1
527,1153,5.358661175,1.283581257,1
527,1185,4.172873497,0.6471053958,1
527,1217,2.792359352,-0.1818053126,1
527,1249,2.0503304,0.5490270853,1
527,1281,1.431262493,0.1396535933,1
527,1313,1.389312029,0.2208796442,1
527,1345,2.028812408,0.478982538,1
527,1377,2.155867815,0.855850935,1
527,1409,2.086018085,1.099935412,1
527,1441,0.7929115295,1.059149027,1
527,1473,0.8772513866,0.8542947173,1
527,1505,1.794169426,0.8250079155,1
527,1537,3.393545389,0.5864443779,1
527,1569,3.338256121,0.7114765644,1
527,1601,2.673554897,1.025015354,1
527,1633,3.664589167,1.268963099,1
527,1665,3.969415903,1.467012167,1
527,1697,3.764262199,2.007932663,1
527,1729,3.518515587,2.697278023,1
527,1761,5.177340984,4.264872551,1
527,1793,4.046187401,4.738881588,1
527,1825,3.213304996,4.407470703,1
527,1857,2.593291283,3.249554634,1
527,1889,0.1890835762,2.066105127,1
527,1921,-0.8743406534,1.175575137,1
527,1953,1.00159061,0.4749220014,1
527,1985,1.062368512,0.2319874018,1
527,2017,0.7634906769,-0.09589576721,1
559,33,1.411632419,1.49395144,1
559,65,1.58490181,1.741375923,1
559,97,1.224993467,1.37169826,1
559,129,2.399558783,2.127089024,1
559,161,3.303675413,3.611669064,1
559,193,1.783060074,2.026117325,1
559,225,1.134018898,2.014215469,1
559,257,2.422266483,1.922078133,1
559,289,1.82019186,1.114585876,1
559,321,2.411314249,0.2611303329,1
559,353,3.17843008,0.9195029736,1
559,385,2.198050499,0.8665813208,1
559,417,1.687808871,0.8563592434,1
559,449,1.541908979,0.367344588,1
559,481,1.516451359,-0.3847280443,1
559,513,1.63571167,0.6944399476,1
559,545,1.792944074,1.096078157,1
559,577,0.08239615709,0.3080444932,1
559,609,-0.309476018,0.3362641931,1
559,641,-0.1994523704,1.061194897,1
559,673,NaN,NaN,2
559,705,-0.2896465361,-0.5912327766,1
559,737,-0.1445273757,-0.0890904963,1
559,769,0.3627191782,1.685427189,1
559,801,-0.4204694927,-0.3391216099,1
559,833,-0.4932794273,-0.2493473291,1
559,865,-0.8557988405,1.626133323,1
559,897,0.1074312925,3.293251991,1
559,929,1.699895382,2.710263252,1
559,961,1.640514374,0.4984070659,1
559,993,1.223493218,0.1799360514,1
559,1025,2.52103734,0.07968181372,1
559,1057,3.472013712,-0.860635519,1
559,1089,4.623068333,0.8338726163,1
559,1121,5.391701698,0.7252905965,1
559,1153,4.618770123,0.3857910633,1
559,1185,NaN,NaN,2
559,1217,0.06077742577,-1.283424854,1
559,1249,NaN,NaN,2
559,1281,1.943344593,1.924553633,1
559,1313,1.504485846,-0.08000336587,1
559,1345,1.701424837,-0.3987497091,1
559,1377,1.112169981,1.099065304,1
559,1409,1.034386635,1.403910637,1
559,1441,1.409832478,0.961407721,1
559,1473,1.652497292,0.9711398482,1
559,1505,1.985678196,0.5422449708,1
559,1537,3.79999423,0.4981008768,1
559,1569,5.541046619,1.448374152,1
559,1601,5.516443729,1.214132786,1
559,1633,3.853103638,1.232131481,1
559,1665,3.412607908,1.37503612,1
559,1697,3.292831659,1.636799335,1
559,1729,3.500727415,3.388661623,1
559,1761,4.716428757,4.01144886,1
559,1793,4.31511116,3.882302761,1
559,1825,3.693414688,2.724734306,1
559,1857,3.378194332,3.023879766,1
559,1889,1.837766647,2.41100812,1
559,1921,NaN,NaN,2
559,1953,5.847227097,1.536989689,1
559,1985,1.932339668,0.7704223394,1
559,2017,2.470799923,0.2422145605,1
591,33,1.7540977,1.308434486,1
591,65,2.421638727,1.876597881,1
591,97,2.301368237,2.098473549,1
591,129,2.061316013,1.893079758,1
591,161,2.525594711,1.588546038,1
591,193,2.764703751,1.271474123,1
591,225,2.759146214,1.231088877,1
591,257,2.484214306,1.277714968,1
591,289,2.070156813,1.061394691,1
591,321,2.225050449,0.7275522351,1
591,353,2.451805353,0.7608420849,1
591,385,2.369918108,0.4791997671,1
591,417,1.971339464,0.2172037661,1
591,449,1.540051937,0.4366586208,1
591,481,1.680222511,1.420343995,1
591,513,1.66474545,0.3682073951,1
591,545,0.8587015867,0.8226312995,1
591,577,-1.005302191,0.8424727321,1
591,609,-1.348848581,0.382299602,1
591,641,-0.7474424839,0.5214019418,1
591,673,-1.495687604,0.263689667,1
591,705,-1.816561699,-0.5796215534,1
591,737,-0.8585797548,0.1009502113,1
591,769,0.3252472579,1.994066954,1
591,801,0.1072017103,-0.7823815346,1
591,833,0.3116478026,-1.015945911,1
591,865,0.8358650208,0.06177604198,1
591,897,2.094999552,1.413668394,1
591,929,3.307513475,1.052619338,1
591,961,1.621618629,1.736501813,1
591,993,1.853461981,0.6235274076,1
591,1025,3.433163166,-0.956217885,1
591,1057,4.28097868,-0.7849137187,1
591,1089,4.371634483,0.8642006516,1
591,1121,4.600913525,0.7003586888,1
591,1153,4.557017326,-1.641311765,1
591,1185,4.112634182,-0.4535050392,1
591,1217,3.277453423,1.104679585,1
591,1249,1.848747492,2.490839005,1
591,1281,1.993493557,2.085530519,1
591,1313,1.864753246,-0.5594130158,1
591,1345,0.9356023073,-1.628790855,1
591,1377,-0.1868177652,0.4188926816,1
591,1409,1.110387802,1.469243169,1
591,1441,0.916118145,3.395249844,1
591,1473,0.4630116224,3.623113394,1
591,1505,1.47589016,0.376983285,1
591,1537,2.436631203,-0.1517285109,1
591,1569,3.551060677,0.336740613,1
591,1601,6.429715157,1.002148747,1
591,1633,5.131291389,1.035561562,1
591,1665,3.573354721,1.107281566,1
591,1697,3.225991011,1.666110277,1
591,1729,3.55126214,3.189581871,1
591,1761,4.528307915,2.927103043,1
591,1793,4.686918259,2.25421977,1
591,1825,5.110190392,2.703051805,1
591,1857,4.707774162,2.825710058,1
591,1889,3.855842352,2.372378349,1
591,1921,4.415757656,5.340927601,1
591,1953,4.338462353,3.833111048,1
591,1985,3.440872669,1.84038806,1
591,2017,5.258372307,-0.02949097753,1
623,33,2.237947702,1.716487765,1
623,65,3.657579899,2.053333282,1
623,97,3.565426826,1.794871211,1
623,129,2.664961338,1.595113158,1
623,161,2.389972687,1.407826185,1
623,193,2.790532589,1.049905539,1
623,225,4.781727791,0.7077435255,1
623,257,3.520244122,0.5294328332,1
623,289,1.314957619,0.5459570289,1
623,321,2.066417933,0.6334803104,1
623,353,2.191598654,0.5660460591,1
623,385,3.826623917,0.5240200758,1
623,417,2.399756908,0.1620140076,1
623,449,1.657451034,0.5623035431,1
623,481,1.375206709,1.752091169,1
623,513,1.250844955,0.5759568214,1
623,545,0.8177680373,0.7749506831,1
623,577,-0.579544127,0.8196449876,1
623,609,-1.144335985,0.1655857563,1
623,641,-0.436278522,0.5344080329,1
623,673,0.2842466831,0.5185625553,1
623,705,0.358995676,0.4632450342,1
623,737,0.1259044111,1.796905398,1
623,769,NaN,NaN,2
623,801,NaN,NaN,2
623,833,1.274423242,-0.7246617079,1
623,865,1.442775607,-2.625940084,1
623,897,2.709677219,-0.1882821321,1
623,929,3.115763187,0.3570817113,1
623,961,1.291545749,1.167707205,1
623,993,1.967392921,0.3944048584,1
623,1025,3.186009645,-0.9463039637,1
623,1057,3.451972961,0.003762900829,1
623,1089,3.646909714,0.8265886307,1
623,1121,3.595301867,0.7238123417,1
623,1153,3.22315526,0.222081542,1
623,1185,3.621408463,-0.485661149,1
623,1217,3.320151091,0.9703877568,1
623,1249,1.66175282,1.482523441,1
623,1281,0.6061160564,0.6862760186,1
623,1313,2.143491268,-0.01627777517,1
623,1345,1.349537134,-0.7011997104,1
623,1377,0.6259804964,0.5509175062,1
623,1409,1.267832637,1.348153353,1
623,1441,1.157963276,3.34526968,1
623,1473,0.4570502043,3.463871956,1
623,1505,0.838262558,1.420907021,1
623,1537,2.984092236,0.1736934483,1
623,1569,3.335927725,-0.1937850863,1
623,1601,3.140000105,0.2854777277,1
623,1633,3.117413521,0.2880913317,1
623,1665,3.374112368,0.4997470081,1
623,1697,NaN,NaN,2
623,1729,3.484008551,3.476571083,1
623,1761,4.36542654,2.190563679,1
623,1793,5.059517384,2.421752453,1
623,1825,5.195283413,3.774176836,1
623,1857,5.105834484,2.809468508,1
623,1889,4.713195801,1.928857803,1
623,1921,4.055966377,1.887808323,1
623,1953,3.673661709,3.493570566,1
623,1985,4.463493347,1.789451957,1
623,2017,6.756094933,-0.2130316496,1
655,33,2.533999205,3.050580978,1
655,65,3.531320572,2.122955322,1
655,97,3.540287971,1.488863587,1
655,129,2.936190844,1.396879435,1
655,161,2.702455759,1.20429647,1
655,193,3.172979355,1.219163656,1
655,225,4.355079174,0.5837320089,1
655,257,3.699007988,0.2285937667,1
655,289,2.858676195,0.2464595437,1
655,321,2.2814641,0.3158457875,1
655,353,1.355299592,0.2183187008,1
655,385,1.136406541,1.18658936,1
655,417,1.133257151,1.453089476,1
655,449,1.54840529,0.703225553,1
655,481,1.545249343,-0.2044292092,1
655,513,1.22517097,0.6468859911,1
655,545,1.456066608,0.9618719816,1
655,577,2.108602524,-0.192743659,1
655,609,0.3006284535,-0.6044707298,1
655,641,-0.7186368704,0.6130115986,1
655,673,0.006692141294,0.7526664734,1
655,705,0.6246980429,0.5248884559,1
655,737,0.3195014298,-0.06467175484,1
655,769,0.237634033,0.4034316838,1
655,801,0.3648058772,0.07851713151,1
655,833,NaN,NaN,2
655,865,0.926260829,-1.656678438,1
655,897,1.088158488,-0.5053616762,1
655,929,0.943882823,-0.344512403,1
655,961,1.440850019,-0.2689338923,1
655,993,2.105166435,0.06494951248,1
655,1025,2.756035805,-0.5782907009,1
655,1057,3.494060516,0.8327880502,1
655,1089,4.025468826,1.054344296,1
655,1121,3.319806576,2.139142513,1
655,1153,2.918081999,2.136162519,1
655,1185,2.269956112,1.712798476,1
655,1217,1.083585262,0.9270493388,1
655,1249,0.05894064903,-0.1714941263,1
655,1281,1.371228814,0.3063661456,1
655,1313,1.985785007,0.4649281204,1
655,1345,2.947496414,0.7722924352,1
655,1377,2.337512493,0.9200344682,1
655,1409,1.175040364,1.894829154,1
655,1441,0.9333300591,3.969830513,1
655,1473,0.4419835806,2.732604027,1
655,1505,1.884573936,0.2902521491,1
655,1537,2.885015726,0.1499534249,1
655,1569,3.49626708,-0.06774574518,1
655,1601,2.403434753,-0.2793196142,1
655,1633,2.076998949,-0.7856771946,1
655,1665,3.108020306,-0.3744509816,1
655,1697,3.407467842,1.653068304,1
655,1729,4.445397854,2.348098278,1
655,1761,4.504299641,1.748359203,1
655,1793,6.265146732,2.231703997,1
655,1825,4.964960098,3.086013317,1
655,1857,5.078305244,2.658678532,1
655,1889,6.27664566,1.426871777,1
655,1921,4.914565086,0.4931879044,1
655,1953,3.923913479,2.25440383,1
655,1985,5.841346741,1.884064198,1
655,2017,8.530714035,-0.5112303495,1
687,33,2.122862577,2.297387362,1
687,65,3.054815054,1.986062884,1
687,97,3.75794363,0.9006510973,1
687,129,3.238732576,2.232924461,1
687,161,0.6384603977,0.07956802845,1
687,193,3.143563509,1.203912497,1
687,225,3.44300127,0.5633438826,1
687,257,3.221179485,0.4110544324,1
687,289,3.21040535,-0.1694761515,1
687,321,2.257219315,0.7530041933,1
687,353,1.887399316,2.791055679,1
687,385,1.112454534,1.869186044,1
687,417,1.262330532,1.298070192,1
687,449,1.94974947,0.7239445448,1
687,481,1.430645943,0.4626555443,1
687,513,1.225185871,1.360904455,1
687,545,1.682334661,1.570161343,1
687,577,3.555437565,0.4803600311,1
687,609,0.7209329605,0.6244773865,1
687,641,-0.7446930408,0.8623452187,1
687,673,-0.3813596964,1.137156963,1
687,705,-0.3479167819,0.7768210769,1
687,737,-0.198479712,0.01188218594,1
687,769,0.3978836536,-0.405377686,1
687,801,-0.489350915,-0.2627762556,1
687,833,-0.5687285662,-0.4702857435,1
687,865,0.4687970877,-0.4093735814,1
687,897,-0.09924870729,-0.8114581108,1
687,929,-0.3874705434,-1.2069453,1
687,961,1.145735145,-1.106908321,1
687,993,4.95014286,-0.4497592747,1
687,1025,6.402335644,-0.89661026,1
687,1057,4.052929878,1.282282591,1
687,1089,4.069522858,3.202438831,1
687,1121,2.599925995,2.243455887,1
687,1153,2.213133097,2.128460884,1
687,1185,1.812133312,0.9872306585,1
687,1217,0.620849371,0.7187591791,1
687,1249,-0.4067584276,-1.206378937,1
687,1281,1.176244974,-0.7577135563,1
687,1313,2.064523458,0.4835742712,1
687,1345,2.907141209,0.7833148241,1
687,1377,2.571097136,0.3918303847,1
687,1409,1.51326108,0.5921648741,1
687,1441,1.030607104,2.873783588,1
687,1473,1.858259559,1.50236237,1
687,1505,1.922129989,0.7271147966,1
687,1537,1.510969162,0.1877751648,1
687,1569,2.434655905,-0.2835201025,1
687,1601,2.481939077,-0.6592566967,1
687,1633,2.454803467,-1.067749023,1
687,1665,3.277977705,-0.7712969184,1
687,1697,NaN,NaN,2
687,1729,NaN,NaN,2
687,1761,4.662734985,0.7723596096,1
687,1793,5.117994308,1.443423271,1
687,1825,4.678078651,1.719290614,1
687,1857,5.005313396,1.507736683,1
687,1889,NaN,NaN,2
687,1921,4.255991459,0.8523849845,1
687,1953,4.614690781,0.4343362451,1
687,1985,4.70851326,0.3718023002,1
687,2017,4.824299812,-0.773799777,1
719,33,1.076212406,1.773187399,1
719,65,2.502245665,1.81578362,1
719,97,3.132169962,1.021952868,1
719,129,5.232478619,1.484559178,1
719,161,6.798584938,-0.024928689,1
719,193,3.894871712,0.740451932,1
719,225,3.983675957,0.8618667126,1
719,257,3.141793966,0.8063664436,1
719,289,2.477982759,0.858972311,1
719,321,1.977311611,1.559095144,1
719,353,2.000643969,3.156844139,1
719,385,1.317748547,2.064753532,1
719,417,0.972512424,1.102843761,1
719,449,0.9868530035,-0.2999190092,1
719,481,0.738760829,1.923529744,1
719,513,1.434454203,3.651749849,1
719,545,2.386995792,2.436840534,1
719,577,3.226151228,2.410777092,1
719,609,1.160861969,1.66749382,1
719,641,-0.1652395725,1.263326168,1
719,673,0.0007314682007,1.276890516,1
719,705,-0.2502718568,1.487164259,1
719,737,-0.7519569397,1.336048841,1
719,769,-1.130447626,1.811517119,1
719,801,-1.505992174,0.2792314589,1
719,833,-1.87855804,-0.0250390619,1
719,865,-1.962241054,-0.1982946098,1
719,897,-0.7325066328,-0.278300643,1
719,929,-0.04698687792,-0.5348227024,1
719,961,1.042631507,-0.2692289352,1
719,993,3.704540253,0.1978673041,1
719,1025,5.742023468,1.580278039,1
719,1057,4.777312279,2.580971479,1
719,1089,3.971391678,2.651968479,1
719,1121,2.613883495,1.705964684,1
719,1153,1.898998499,0.8065130711,1
719,1185,1.934771299,0.8068856001,1
719,1217,3.216679096,-0.008322536945,1
719,1249,1.702671528,-1.108524919,1
719,1281,1.364753962,-1.607462168,1
719,1313,1.901742697,0.4571329951,1
719,1345,2.565582514,0.7415104508,1
719,1377,2.909961224,0.3638667762,1
719,1409,NaN,NaN,2
719,1441,0.902810216,-0.1400837302,1
719,1473,1.697433114,0.687143445,1
719,1505,2.047869921,0.6019309759,1
719,1537,2.296654224,-0.349594295,1
719,1569,2.66623807,-1.172279358,1
719,1601,2.776238441,-1.694703698,1
719,1633,3.018285751,-0.9555512667,1
719,1665,4.990714073,-2.025159121,1
719,1697,4.753299236,-2.150291681,1
719,1729,4.869681358,-0.8079322577,1
719,1761,4.302456856,-0.7168180943,1
719,1793,3.68184185,-0.00181555748,1
719,1825,3.419976234,-0.0217667222,1
719,1857,4.196180344,-0.2184710503,1
719,1889,3.338422298,1.061046839,1
719,1921,2.497988701,1.740537524,1
719,1953,4.477695465,0.3337340355,1
719,1985,4.095427513,0.04465354979,1
719,2017,3.423001051,-0.6775159836,1
751,33,1.272946119,1.82372117,1
751,65,1.622282267,1.682675123,1
751,97,2.232456923,3.852170944,1
751,129,4.721102715,1.693134427,1
751,161,5.553560257,1.586884975,1
751,193,4.690019608,1.9435848,1
751,225,3.312173605,0.7470090389,1
751,257,NaN,NaN,2
751,289,3.449395418,1.845604062,1
751,321,2.022361755,-0.1441848278,1
751,353,NaN,NaN,2
751,385,2.015853882,2.955453157,1
751,417,0.8857744932,1.390574098,1
751,449,0.7700286508,0.228487134,1
751,481,1.152049184,2.64653635,1
751,513,1.855985999,4.464799881,1
751,545,1.943229675,2.472843409,1
751,577,2.781448841,1.864787698,1
751,609,3.756363869,1.742141485,1
751,641,0.05513393879,0.1722310781,1
751,673,0.3517484665,1.526220202,1
751,705,NaN,NaN,2
751,737,-1.312077761,3.301720858,1
751,769,-0.8683526516,2.494252682,1
751,801,NaN,NaN,2
751,833,0.5405801535,-0.1941852272,1
751,865,-0.5574558973,-0.1102587134,1
751,897,-0.287086457,1.771392584,1
751,929,0.6678394675,0.4032652974,1
751,961,1.673853159,0.2201092094,1
751,993,3.109567642,0.645026803,1
751,1025,4.088575363,1.630445957,1
751,1057,5.101707458,2.377180338,1
751,1089,2.458088636,2.305809498,1
751,1121,1.826481819,1.761462212,1
751,1153,NaN,NaN,2
751,1185,0.9534623623,0.5836484432,1
751,1217,1.954948068,0.09657168388,1
751,1249,1.408350706,-0.1365876198,1
751,1281,1.391244292,-0.3692548275,1
751,1313,1.970469236,0.6111586094,1
751,1345,2.75772953,0.7757707834,1
751,1377,3.268151045,0.6810317039,1
751,1409,3.206014156,0.3235836029,1
751,1441,2.25425005,-0.197126627,1
751,1473,1.798782349,0.04508863389,1
751,1505,2.129622698,-0.3152593374,1
751,1537,2.548918724,-0.9771519899,1
751,1569,1.005322218,-1.154518843,1
751,1601,2.927700043,-1.820891857,1
751,1633,3.758594513,-1.824300647,1
751,1665,7.26073885,-2.218976021,1
751,1697,6.018584251,-2.848579884,1
751,1729,5.28622818,-2.054227829,1
751,1761,NaN,NaN,2
751,1793,3.383825779,-0.3783086836,1
751,1825,3.697251081,-0.1294617355,1
751,1857,4.220214844,0.423766911,1
751,1889,4.422656059,2.015811205,1
751,1921,3.650303841,1.158689976,1
751,1953,3.092566013,-0.1652665883,1
751,1985,3.942227364,0.05093374103,1
751,2017,4.179315567,-0.1218701303,1
783,33,2.606118679,2.565081596,1
783,65,-1.090353251,1.661953449,1
783,97,NaN,NaN,2
783,129,4.089222908,2.245745182,1
783,161,4.716727734,2.434937239,1
783,193,NaN,NaN,2
783,225,NaN,NaN,2
783,257,3.147185326,1.830121517,1
783,289,2.504438877,1.514718056,1
783,321,1.949263573,-0.6267513037,1
783,353,1.585065246,0.6413316727,1
783,385,0.3844411373,1.347192526,1
783,417,-0.2151403427,0.4567468166,1
783,449,2.844290733,2.440394878,1
783,481,1.822696328,2.557637453,1
783,513,1.927263141,3.517375469,1
783,545,1.803421736,2.219739199,1
783,577,2.625195742,1.712628961,1
783,609,3.604852915,1.364745378,1
783,641,0.8111791611,-0.5074957609,1
783,673,NaN,NaN,2
783,705,0.6442607641,6.717310905,1
783,737,-0.6586562395,4.410007954,1
783,769,0.3174849749,2.528712511,1
783,801,1.420098662,-0.7764327526,1
783,833,0.3634450436,-0.09405269474,1
783,865,0.6946753263,0.1790075749,1
783,897,0.9519535899,-0.08393602073,1
783,929,0.8902776837,0.3734478951,1
783,961,1.529638529,0.5060786009,1
783,993,2.9705863,0.716825366,1
783,1025,5.250634193,0.8285876513,1
783,1057,4.655950546,2.20670557,1
783,1089,2.634568214,2.757645607,1
783,1121,1.993992329,2.110803127,1
783,1153,1.563331485,2.227604389,1
783,1185,1.186264277,2.25085783,1
783,1217,1.111975431,1.927554131,1
783,1249,NaN,NaN,2
783,1281,1.72356987,3.74304533,1
783,1313,2.173370361,2.981962204,1
783,1345,3.122288465,2.469285488,1
783,1377,3.458826542,1.350425363,1
783,1409,3.083230972,-0.1425402761,1
783,1441,2.927969933,0.5225791931,1
783,1473,2.690306425,-0.008695796132,1
783,1505,2.253199577,-1.304414511,1
783,1537,1.549987078,-1.1312989,1
783,1569,NaN,NaN,2
783,1601,2.259772778,-1.943068147,1
783,1633,1.580562592,-1.120988131,1
783,1665,5.516433716,-1.845000148,1
783,1697,5.640715599,-2.633880854,1
783,1729,5.463228703,-2.507635355,1
783,1761,NaN,NaN,2
783,1793,3.699777603,0.1249979734,1
783,1825,3.808323145,0.09811720252,1
783,1857,4.031122208,0.3422415257,1
783,1889,4.052119255,-0.2212014496,1
783,1921,3.345255375,-2.132563353,1
783,1953,2.860964775,-0.9376228452,1
783,1985,3.797790289,-0.1768713892,1
783,2017,4.643485546,0.3320919573,1
815,33,2.153216839,2.833314896,1
815,65,-0.3167995214,1.445456266,1
815,97,5.439943314,1.691474199,1
815,129,4.688501358,3.031696796,1
815,161,4.486848831,2.947509289,1
815,193,NaN,NaN,2
815,225,NaN,NaN,2
815,257,2.036315918,1.568154454,1
815,289,1.778564095,1.439025521,1
815,321,2.238912106,1.30940938,1
815,353,1.84783721,1.380899072,1
815,385,NaN,NaN,2
815,417,NaN,NaN,2
815,449,4.61404705,2.554814816,1
815,481,2.70447731,2.596375465,1
815,513,1.205515146,3.257328272,1
815,545,1.464211106,2.314192772,1
815,577,1.773746252,1.769897342,1
815,609,2.745970964,0.5926944017,1
815,641,NaN,NaN,2
815,673,NaN,NaN,2
815,705,NaN,NaN,2
815,737,NaN,NaN,2
815,769,1.077056646,4.213589668,1
815,801,0.01529246569,0.7569053173,1
815,833,0.06966853142,0.357395798,1
815,865,0.9114684463,0.1777249724,1
815,897,1.394103527,-0.4806449711,1
815,929,1.280624151,0.007526502013,1
815,961,1.679933786,0.4750179946,1
815,993,2.103687763,0.9262282848,1
815,1025,3.681588173,3.352397919,1
815,1057,3.336938381,2.154114246,1
815,1089,3.150953531,2.593712091,1
815,1121,2.381835699,3.211922884,1
815,1153,1.132849455,3.944649458,1
815,1185,0.9254970551,3.970793486,1
815,1217,1.339712858,3.085987568,1
815,1249,1.950493693,1.83763957,1
815,1281,2.379928827,3.791978598,1
815,1313,2.061351776,3.679861307,1
815,1345,NaN,NaN,2
815,1377,3.130220652,1.427092433,1
815,1409,3.008339643,-0.2540963888,1
815,1441,3.568132877,1.177814722,1
815,1473,2.808157682,0.57784307,1
815,1505,1.817952394,-1.146160126,1
815,1537,2.005307674,-0.1481271982,1
815,1569,NaN,NaN,2
815,1601,1.694946289,-1.408649445,1
815,1633,4.96522522,-0.4527714252,1
815,1665,5.517934322,-1.191242218,1
815,1697,6.59519577,-2.384139061,1
815,1729,7.811504841,-3.042860985,1
815,1761,NaN,NaN,2
815,1793,4.205667019,0.3520593047,1
815,1825,3.673677921,0.3132016659,1
815,1857,3.184149742,0.4176483154,1
815,1889,1.790989637,-0.9445940256,1
815,1921,3.032963753,-1.850458145,1
815,1953,3.361360788,-0.5343325734,1
815,1985,3.664241314,-0.2255663574,1
815,2017,4.621664047,-0.0126054287,1
847,33,-2.452652693,2.799767971,1
847,65,0.5913573503,1.317737818,1
847,97,5.297576904,2.925647497,1
847,129,4.375777245,3.423952103,1
847,161,4.008131981,3.399034023,1
847,193,3.771501064,2.709115028,1
847,225,2.665225983,1.678749323,1
847,257,2.136756659,1.83043313,1
847,289,1.999690652,2.38723278,1
847,321,2.173995733,2.083413124,1
847,353,2.181897879,1.21311903,1
847,385,1.645487309,0.2405438423,1
847,417,NaN,NaN,2
847,449,0.5027681589,2.595738173,1
847,481,0.7227016687,4.578409672,1
847,513,0.6162084341,1.002483606,1
847,545,0.9609706402,2.017551899,1
847,577,1.173615217,2.053783178,1
847,609,0.8994176388,1.236374378,1
847,641,2.390229225,0.2726113796,1
847,673,3.492936134,0.6322009563,1
847,705,0.7432603836,0.7130321264,1
847,737,1.953031301,2.425263405,1
847,769,1.314111352,3.364829302,1
847,801,-0.3933976889,1.539994955,1
847,833,-0.743223846,0.4332282543,1
847,865,0.815433085,-0.2020827085,1
847,897,1.580240488,-0.2881851792,1
847,929,2.004323244,-0.3015882671,1
847,961,2.190557957,-0.3153926432,1
847,993,1.755203009,0.2823357582,1
847,1025,2.146831274,1.118208647,1
847,1057,2.986071825,2.352459669,1
847,1089,3.243148804,2.650789022,1
847,1121,2.723833084,3.403086901,1
847,1153,2.113832951,4.363852024,1
847,1185,1.259268999,3.576499462,1
847,1217,1.473725319,3.26824069,1
847,1249,2.19107914,1.971552372,1
847,1281,2.087429047,1.739353538,1
847,1313,1.005478621,1.366877079,1
847,1345,2.13694644,1.522007823,1
847,1377,2.486302853,1.471635461,1
847,1409,2.544324875,0.9673585296,1
847,1441,2.820656061,1.326068401,1
847,1473,2.657230854,0.5296775699,1
847,1505,1.669747353,-0.2806369662,1
847,1537,2.605108261,1.208628774,1
847,1569,2.836341858,1.473397613,1
847,1601,3.704278946,0.07946923375,1
847,1633,5.56167078,-0.4751144648,1
847,1665,6.083634377,-0.6968057156,1
847,1697,6.968464851,-2.026328325,1
847,1729,NaN,NaN,2
847,1761,NaN,NaN,2
847,1793,5.57948494,-0.4365115166,1
847,1825,4.67162323,0.2315186262,1
847,1857,4.105958939,-0.1728374958,1
847,1889,2.884752989,-1.585339665,1
847,1921,2.314635754,-1.53271091,1
847,1953,2.50985527,-0.2884624004,1
847,1985,3.472107172,0.07137769461,1
847,2017,3.663959026,-0.7869894505,1
879,33,-1.489482641,2.273927689,1
879,65,1.245518446,0.9759829044,1
879,97,2.530143261,0.7930209637,1
879,129,3.022480726,2.002187252,1
879,161,2.334008932,2.134842396,1
879,193,2.462950706,2.775451183,1
879,225,2.341976404,2.49023056,1
879,257,2.273717165,2.109083176,1
879,289,2.043943405,2.880880594,1
879,321,2.330612183,2.594846725,1
879,353,2.151337624,2.641557932,1
879,385,2.127392054,2.328653336,1
879,417,1.820071459,2.027070045,1
879,449,0.6477330923,2.949224472,1
879,481,0.6973903775,4.049514771,1
879,513,0.6808893681,2.475591898,1
879,545,0.6891684532,2.02284193,1
879,577,1.574500561,2.300338745,1
879,609,1.448673606,1.65209651,1
879,641,1.394282341,1.003556848,1
879,673,3.599286079,-0.1946864724,1
879,705,2.645938873,-0.7299637794,1
879,737,2.462291956,0.7047892809,1
879,769,1.362740517,1.514433622,1
879,801,0.3805843592,0.9938675165,1
879,833,-1.12020278,0.005017459393,1
879,865,-0.261169076,-0.1540406197,1
879,897,0.7213017941,0.07626722753,1
879,929,2.403052807,-0.1995243579,1
879,961,2.437297583,-0.4357132316,1
879,993,1.963965893,-0.3281563818,1
879,1025,1.910749912,0.3932256103,1
879,1057,2.528543711,3.264653206,1
879,1089,2.335165501,2.479876041,1
879,1121,2.136159182,2.923660994,1
879,1153,2.323467255,3.150274277,1
879,1185,1.4892627,2.973979473,1
879,1217,1.380073786,2.902944565,1
879,1249,1.453359962,2.202028751,1
879,1281,1.292015076,1.39097178,1
879,1313,1.521469235,1.549249887,1
879,1345,2.736637592,1.649011016,1
879,1377,2.299871683,2.524210453,1
879,1409,2.029052258,0.9216712713,1
879,1441,2.632828951,0.6319659948,1
879,1473,2.8735888,0.1408396959,1
879,1505,2.644366026,-0.3109362125,1
879,1537,3.453601122,-0.8432787657,1
879,1569,3.914721489,-0.7220128179,1
879,1601,4.253293991,-0.4009058475,1
879,1633,5.552882671,-0.9231094718,1
879,1665,7.183210373,-1.132758617,1
879,1697,7.5294981,-1.478810906,1
879,1729,6.855647564,-1.18957448,1
879,1761,NaN,NaN,2
879,1793,5.663062572,-0.7651348114,1
879,1825,5.081927299,-0.6192281246,1
879,1857,3.153256893,-2.044157982,1
879,1889,2.02900219,-3.368498802,1
879,1921,NaN,NaN,2
879,1953,1.265210867,-0.56810987,1
879,1985,1.114910126,-0.7428953648,1
879,2017,0.4804172516,-0.5540884137,1
911,33,0.8341807127,1.225964308,1
911,65,1.496995687,-0.1467580795,1
911,97,2.450167179,0.1310561895,1
911,129,2.238938332,0.8365978003,1
911,161,1.916465282,1.257613182,1
911,193,2.587770939,2.140104294,1
911,225,2.781214952,2.750630379,1
911,257,2.634824276,2.438746452,1
911,289,2.187520266,3.01333499,1
911,321,2.305113316,3.748425007,1
911,353,2.403557777,3.400034666,1
911,385,2.511416674,3.361274719,1
911,417,1.886133909,2.981500626,1
911,449,0.5963013172,3.447899342,1
911,481,0.9689394236,3.830495358,1
911,513,0.9739900231,3.438704014,1
911,545,0.6428601742,2.047408342,1
911,577,1.281466126,2.295143127,1
911,609,1.748092294,1.61962831,1
911,641,2.439184666,0.9095753431,1
911,673,4.278508663,-0.1762863398,1
911,705,4.000119209,-1.474208593,1
911,737,3.386684418,-0.6132153869,1
911,769,1.583687067,0.7795898914,1
911,801,3.08575201,3.509207249,1
911,833,NaN,NaN,2
911,865,0.149613142,0.4906363487,1
911,897,0.8922297955,0.4766538143,1
911,929,1.781908512,0.1434096247,1
911,961,3.340863705,-0.7109678984,1
911,993,2.520000696,-1.09172678,1
911,1025,1.91358757,-0.01182088256,1
911,1057,3.168989658,0.9020864964,1
911,1089,0.1946262121,0.1708776951,1
911,1121,NaN,NaN,2
911,1153,NaN,NaN,2
911,1185,1.593702793,2.330790997,1
911,1217,1.328185439,2.303933144,1
911,1249,0.2234668732,0.4704995155,1
911,1281,2.383907795,0.4671977758,1
911,1313,1.2538414,0.8540203571,1
911,1345,1.192451119,1.038474798,1
911,1377,1.401413798,0.8200027943,1
911,1409,1.456724167,0.0311036706,1
911,1441,1.615706205,-0.1762884855,1
911,1473,1.646282673,-0.4007156193,1
911,1505,2.871696234,-0.5373634696,1
911,1537,4.342345238,-0.8946985602,1
911,1569,4.475620747,-0.9222165346,1
911,1601,4.88860178,-0.6916555762,1
911,1633,5.401707172,-1.08245039,1
911,1665,5.247815609,-3.100026608,1
911,1697,5.385383129,-2.075078011,1
911,1729,NaN,NaN,2
911,1761,NaN,NaN,2
911,1793,4.169402122,-1.165398121,1
911,1825,3.292778254,-1.975378275,1
911,1857,1.90649128,-1.884115696,1
911,1889,0.7092273235,-2.567873001,1
911,1921,NaN,NaN,2
911,1953,0.8750551939,-1.291936874,1
911,1985,0.4547578096,-0.05648899078,1
911,2017,0.5886632204,-0.007346451283,1
943,33,0.8296716213,0.7893528938,1
943,65,1.604362965,-1.053841829,1
943,97,2.48422575,0.02723744512,1
943,129,2.19274044,0.608374238,1
943,161,2.036136389,1.163449883,1
943,193,2.798596621,1.132623792,1
943,225,3.042751789,1.978882909,1
943,257,2.514626265,1.873158574,1
943,289,1.650698662,2.433256149,1
943,321,0.5661723614,3.773911715,1
943,353,1.912040234,3.761176586,1
943,385,2.051693439,3.917559147,1
943,417,1.660628319,3.636164427,1
943,449,0.6403775215,4.101499081,1
943,481,0.1150609255,2.559087515,1
943,513,-0.7393819094,1.883486748,1
943,545,-0.5139594078,1.225435257,1
943,577,0.7874777317,2.876310349,1
943,609,1.825075388,1.375115871,1
943,641,3.126285076,-0.3980482817,1
943,673,4.96542263,0.1161565185,1
943,705,4.853661537,-0.4778698087,1
943,737,4.832920074,-1.609131813,1
943,769,2.204454422,0.5650622249,1
943,801,3.230365753,2.51287818,1
943,833,NaN,NaN,2
943,865,0.3679161072,-0.4627903998,1
943,897,0.6166905165,-0.2090205252,1
943,929,0.9559104443,0.4215743542,1
943,961,1.410608768,-0.6304747462,1
943,993,1.522382736,-0.9196148515,1
943,1025,1.653317332,-0.07861766219,1
943,1057,1.187350273,0.7274290919,1
943,1089,0.1372959614,4.559448719,1
943,1121,1.17543602,3.608949423,1
943,1153,4.532855988,1.29301405,1
943,1185,3.458326101,2.318769693,1
943,1217,1.633389831,1.889976501,1
943,1249,0.5982158184,0.5467857122,1
943,1281,1.913603902,0.5881530046,1
943,1313,0.7555474043,0.4332676828,1
943,1345,1.374597907,0.2417585701,1
943,1377,1.452295661,-0.3792077303,1
943,1409,1.341301203,-0.3287043571,1
943,1441,1.376471162,-0.4063660204,1
943,1473,1.210890055,-0.5563006401,1
943,1505,2.505760431,-0.7661855817,1
943,1537,3.511708975,-0.8238664865,1
943,1569,3.882103205,-1.216703176,1
943,1601,4.21116972,-1.832568645,1
943,1633,4.868103504,-1.661941528,1
943,1665,5.405572891,-2.253587484,1
943,1697,4.788424492,-1.959375501,1
943,1729,NaN,NaN,2
943,1761,NaN,NaN,2
943,1793,3.640284777,-1.221516848,1
943,1825,2.810259581,-1.419262409,1
943,1857,1.137588382,-0.8295369148,1
943,1889,0.4839297533,-1.422299385,1
943,1921,0.799631834,-1.74939692,1
943,1953,0.6424691081,-1.194484353,1
943,1985,0.584246397,-0.140403986,1
943,2017,1.007147431,0.08399915695,1
975,33,-0.1578471065,1.239991069,1
975,65,0.02430772781,-0.06167882681,1
975,97,1.844079018,0.1414510608,1
975,129,2.298994541,0.7362253666,1
975,161,2.355517864,1.14562583,1
975,193,2.573943377,0.1045100689,1
975,225,3.05723691,-1.1849792,1
975,257,2.536542177,0.04240942001,1
975,289,2.33613205,0.7001888752,1
975,321,2.086130381,2.924916267,1
975,353,1.237936616,4.690865517,1
975,385,2.547113419,4.956191063,1
975,417,1.748685598,4.752923965,1
975,449,NaN,NaN,2
975,481,NaN,NaN,2
975,513,NaN,NaN,2
975,545,-0.3974300027,1.44871974,1
975,577,1.061377287,2.007591248,1
975,609,1.344476581,1.085645676,1
975,641,2.964100599,0.2650841475,1
975,673,2.73298502,-0.2233659029,1
975,705,2.24750042,-0.4211398065,1
975,737,3.550351143,-0.1790940762,1
975,769,3.302388191,-0.4919791818,1
975,801,1.165611744,0.4141623676,1
975,833,-0.3502794504,1.317436695,1
975,865,-0.9670260549,-0.760566175,1
975,897,-0.7412354946,-3.463836908,1
975,929,3.420242786,-1.494990349,1
975,961,1.476676822,-0.1943986416,1
975,993,1.137476444,-0.01412069798,1
975,1025,1.410848022,-0.1317814291,1
975,1057,1.220373034,1.103321075,1
975,1089,NaN,NaN,2
975,1121,1.809077621,3.399708748,1
975,1153,2.322865009,2.478018045,1
975,1185,3.164985895,2.523228884,1
975,1217,2.255861759,2.060614586,1
975,1249,1.805496812,1.852849722,1
975,1281,1.684386134,1.052809715,1
975,1313,1.217134476,0.1286702007,1
975,1345,NaN,NaN,2
975,1377,0.9158697128,-0.2844787538,1
975,1409,1.021570563,-0.1644730568,1
975,1441,1.208683252,-0.6232139468,1
975,1473,1.486913919,-1.27363348,1
975,1505,1.371672392,-0.7777450085,1
975,1537,NaN,NaN,2
975,1569,0.1700391769,-1.052012444,1
975,1601,3.168711662,-1.924532652,1
975,1633,4.110933304,-1.950388789,1
975,1665,4.891496181,-1.505812407,1
975,1697,5.254657745,-2.199181557,1
975,1729,5.685174942,-2.826648951,1
975,1761,4.344801903,-1.294337988,1
975,1793,3.246374369,-1.106189251,1
975,1825,2.329369783,-1.169397831,1
975,1857,0.9920898676,-0.4073207378,1
975,1889,0.1938441396,-0.2024132013,1
975,1921,0.8989077806,-0.686573267,1
975,1953,1.46692884,-0.5715795755,1
975,1985,0.125067234,-0.01107954979,1
975,2017,-0.1590406895,-0.3335899115,1
1007,33,-1.117615938,1.582787991,1
1007,65,-0.2579547167,1.792365551,1
1007,97,1.19960475,0.7178131342,1
1007,129,1.85898006,0.982221663,1
1007,161,2.071258068,0.6022675037,1
1007,193,1.875414968,0.1646304131,1
1007,225,1.398496509,-0.3586821854,1
1007,257,2.121701479,-0.04812127352,1
1007,289,3.12654829,0.5013958812,1
1007,321,3.19135952,2.091832638,1
1007,353,2.417527437,4.376314163,1
1007,385,2.205062866,5.282960892,1
1007,417,1.583240271,4.730478287,1
1007,449,1.195472479,4.861708641,1
1007,481,0.9275201559,4.204417229,1
1007,513,NaN,NaN,2
1007,545,-0.2543839514,0.9405457973,1
1007,577,NaN,NaN,2
1007,609,-2.981266737,3.274243832,1
1007,641,0.7685135603,0.6829437613,1
1007,673,0.5589418411,0.3325909376,1
1007,705,0.933216393,-0.09813819826,1
1007,737,1.139342785,0.08155161142,1
1007,769,2.809987545,-3.063596964,1
1007,801,0.8769800663,0.02556154132,1
1007,833,0.7809780836,1.617564678,1
1007,865,0.0674841404,0.1099953577,1
1007,897,1.228467464,-1.547260165,1
1007,929,2.044149876,-1.356998801,1
1007,961,1.925960779,-0.5303301811,1
1007,993,1.308144569,-0.2096043378,1
1007,1025,1.727990627,-0.2886816263,1
1007,1057,1.821769476,0.3096838295,1
1007,1089,3.742113113,0.6081750393,1
1007,1121,3.82562542,1.248334289,1
1007,1153,1.385938883,2.351094246,1
1007,1185,0.9249430895,1.780733109,1
1007,1217,1.814259052,2.155799866,1
1007,1249,2.497134924,3.21263504,1
1007,1281,2.362888813,1.145547152,1
1007,1313,1.292802811,0.1791248173,1
1007,1345,NaN,NaN,2
1007,1377,0.761392355,-0.118536815,1
1007,1409,0.7469288111,-0.1873304248,1
1007,1441,1.360509872,-0.7328863144,1
1007,1473,1.408797026,-0.9378671646,1
1007,1505,-0.009711265564,-0.8624857068,1
1007,1537,0.6317944527,-0.2365116477,1
1007,1569,0.6848459244,1.039118528,1
1007,1601,2.210095644,-0.5986675024,1
1007,1633,2.913169622,-0.3230699301,1
1007,1665,3.44760108,-1.047707319,1
1007,1697,4.087641716,-1.598080516,1
1007,1729,3.903652668,-2.569166899,1
1007,1761,3.704677105,-1.144392133,1
1007,1793,3.469003439,-0.9502007365,1
1007,1825,2.563282013,-0.953410387,1
1007,1857,1.307178974,0.5901693702,1
1007,1889,1.518436193,1.197119117,1
1007,1921,1.238449454,0.7577831745,1
1007,1953,1.116627932,-0.01735956967,1
1007,1985,0.4297573566,0.2411471605,1
1007,2017,0.07870811224,-0.9518089294,1
1039,33,-1.437453628,1.005949974,1
1039,65,-0.4195098579,0.8679969907,1
1039,97,0.3731082678,0.3844214678,1
1039,129,1.303392172,1.249300599,1
1039,161,1.747258425,0.3768503666,1
1039,193,1.644709349,0.4154707193,1
1039,225,1.095824957,0.1849461794,1
1039,257,1.6360147,0.03132203221,1
1039,289,2.586151361,0.3100191355,1
1039,321,3.880814314,1.926177979,1
1039,353,3.309408665,4.296357155,1
1039,385,2.464762926,3.393044233,1
1039,417,1.307433844,4.232718468,1
1039,449,1.23483634,4.33830595,1
1039,481,1.03135848,3.998678684,1
1039,513,NaN,NaN,2
1039,545,-1.439695954,0.8764460087,1
1039,577,-1.701545596,1.471929669,1
1039,609,-2.202523232,3.02777338,1
1039,641,-0.7901852131,1.230740309,1
1039,673,-0.5073179603,0.7570140958,1
1039,705,0.2659538984,0.5087754726,1
1039,737,0.5502665043,-0.08427491784,1
1039,769,0.5560415387,-0.7018252611,1
1039,801,0.7022798061,-0.3852427602,1
1039,833,0.9903537035,0.169546023,1
1039,865,1.361996174,-0.2056388557,1
1039,897,1.537204146,-0.5839446187,1
1039,929,1.713991642,-0.6645423174,1
1039,961,1.927563667,-0.0189576745,1
1039,993,1.675358057,0.4249472022,1
1039,1025,2.053386211,0.317923665,1
1039,1057,1.940546036,0.4750522375,1
1039,1089,1.273311377,0.7066193819,1
1039,1121,0.9634795189,1.341178775,1
1039,1153,NaN,NaN,2
1039,1185,1.297408581,2.633997917,1
1039,1217,0.4348802567,1.066542864,1
1039,1249,4.310544968,4.450077534,1
1039,1281,2.609754086,1.929195642,1
1039,1313,1.236634254,0.2776920795,1
1039,1345,1.125720143,0.1087175533,1
1039,1377,0.7907768488,-0.2089897394,1
1039,1409,0.7423843741,-0.2812740207,1
1039,1441,1.335497975,-0.5665632486,1
1039,1473,1.091296434,-0.4385945797,1
1039,1505,0.9902206063,-0.7096580267,1
1039,1537,0.8813503981,-0.04234230518,1
1039,1569,0.667075038,0.4649664164,1
1039,1601,1.066173792,0.8273983002,1
1039,1633,1.940807343,0.3010860682,1
1039,1665,2.362580776,-0.7484365702,1
1039,1697,2.346037626,-0.3015375137,1
1039,1729,2.381059885,-0.8019080162,1
1039,1761,3.366908073,-1.198275566,1
1039,1793,4.119441986,0.003779530525,1
1039,1825,2.322555542,0.7501365542,1
1039,1857,1.763301849,0.3367824852,1
1039,1889,1.577746153,0.3629191518,1
1039,1921,0.805462122,0.4609965086,1
1039,1953,0.8662568331,0.1665884703,1
1039,1985,0.6620269418,0.1193604767,1
1039,2017,0.2036661506,-1.018034458,1
1071,33,-0.2193876505,0.3136325479,1
1071,65,0.650054574,0.2651906013,1
1071,97,1.420153379,0.01087105274,1
1071,129,3.956781864,2.744944096,1
1071,161,1.098999619,1.960324883,1
1071,193,1.087287188,0.07645392418,1
1071,225,1.302407861,-0.8481165767,1
1071,257,0.8858157396,0.0567471683,1
1071,289,1.351070404,1.237016201,1
1071,321,1.767756224,3.041698933,1
1071,353,2.253345728,3.057218552,1
1071,385,2.828409672,3.685368061,1
1071,417,2.018207312,3.901923656,1
1071,449,1.753916979,3.922564983,1
1071,481,1.757343888,3.732100487,1
1071,513,0.7251442671,3.106644869,1
1071,545,-1.611485362,0.736536026,1
1071,577,-0.9263661504,0.7815308571,1
1071,609,NaN,NaN,2
1071,641,NaN,NaN,2
1071,673,1.101018667,0.8225423694,1
1071,705,0.1935194582,0.3624409437,1
1071,737,0.2143975198,0.4235472381,1
1071,769,0.2987163961,-0.03128752112,1
1071,801,0.2205360532,-0.4583634138,1
1071,833,0.7459099293,-0.3655877709,1
1071,865,0.590318203,-0.1813622862,1
1071,897,1.025777936,0.2079499811,1
1071,929,1.722297192,0.3810337782,1
1071,961,1.503505349,2.228766441,1
1071,993,1.579448462,2.075233459,1
1071,1025,1.606702447,0.9514216185,1
1071,1057,2.011854172,1.243550062,1
1071,1089,0.8758574128,1.405581832,1
1071,1121,0.3736246228,1.379689455,1
1071,1153,0.4039157629,1.393918753,1
1071,1185,0.3609624207,1.043489814,1
1071,1217,0.3270493448,0.7865577936,1
1071,1249,NaN,NaN,2
1071,1281,0.6863304377,0.4540553391,1
1071,1313,0.7296493053,0.2565719783,1
1071,1345,0.8513200879,-0.1285583377,1
1071,1377,0.8167247772,-0.3917815387,1
1071,1409,0.4692146778,-0.2382416576,1
1071,1441,0.7752542496,-0.1224246323,1
1071,1473,1.390478373,-0.084074229,1
1071,1505,0.9717718363,-0.3488898277,1
1071,1537,0.6284219027,-0.01666924357,1
1071,1569,0.4712303877,0.6757535934,1
1071,1601,1.105006218,0.3606852293,1
1071,1633,1.613893509,-0.1884358525,1
1071,1665,2.029054642,-1.161870718,1
1071,1697,1.728696465,-1.042653322,1
1071,1729,1.808596492,-1.312100649,1
1071,1761,2.238543034,-1.399213791,1
1071,1793,2.61536026,-0.2636066079,1
1071,1825,2.378083467,0.5963226557,1
1071,1857,2.132754087,0.5158545375,1
1071,1889,1.809775114,-0.04825803638,1
1071,1921,1.715974569,0.2139367163,1
1071,1953,1.561478853,0.6093122363,1
1071,1985,0.7783453465,-0.2510931492,1
1071,2017,0.1512349844,-0.7317392826,1
1103,33,0.4959899783,-0.3626101017,1
1103,65,2.761960983,0.4348270893,1
1103,97,5.101768494,1.806267738,1
1103,129,NaN,NaN,2
1103,161,1.116171598,2.903686285,1
1103,193,-0.1412599087,1.093712807,1
1103,225,0.6188389063,0.2670657635,1
1103,257,0.93635571,0.8504725099,1
1103,289,1.45916748,1.949742436,1
1103,321,2.474544525,3.820892572,1
1103,353,3.029759645,4.736920357,1
1103,385,2.491075277,5.318239212,1
1103,417,1.987709761,3.780514717,1
1103,449,1.683752179,3.624904633,1
1103,481,1.742329717,3.592036486,1
1103,513,1.551367879,2.927274466,1
1103,545,0.07199084759,1.238043189,1
1103,577,-0.4396874607,0.8502503633,1
1103,609,0.7349660397,0.6321178079,1
1103,641,1.951478958,0.851662159,1
1103,673,-0.1950359344,0.8815734386,1
1103,705,-0.6840846539,0.6763517857,1
1103,737,-0.41952461,0.9884254932,1
1103,769,-0.1165317893,0.6558802724,1
1103,801,0.2723984122,-0.7499117255,1
1103,833,0.5270617604,-0.9128761292,1
1103,865,0.09318995476,0.5548262596,1
1103,897,-1.024368525,1.501405597,1
1103,929,0.2412906885,1.302262068,1
1103,961,0.9662805796,1.912010312,1
1103,993,1.255461931,1.847557902,1
1103,1025,1.2595222,1.265079737,1
1103,1057,0.8096849322,1.523937345,1
1103,1089,0.515548408,2.014998436,1
1103,1121,0.1812214255,1.485881925,1
1103,1153,0.04128360748,1.028993845,1
1103,1185,-0.09781163931,0.8427491784,1
1103,1217,-0.03724324703,0.7420089245,1
1103,1249,0.2071512341,0.8282014728,1
1103,1281,0.5227821469,0.4257186949,1
1103,1313,0.8202400208,0.07122059166,1
1103,1345,1.463923097,-0.4431046844,1
1103,1377,0.6841876507,-0.2839551866,1
1103,1409,-0.0551469326,-0.3470794559,1
1103,1441,0.9470306635,-0.1509813219,1
1103,1473,1.10604763,-0.4906726182,1
1103,1505,0.6647343636,-0.2490191758,1
1103,1537,0.5244314671,-0.1284047961,1
1103,1569,1.193679452,1.255346417,1
1103,1601,NaN,NaN,2
1103,1633,1.753657222,-0.2516042888,1
1103,1665,1.549700618,-2.231814861,1
1103,1697,1.533234835,-1.980973125,1
1103,1729,2.346447468,-0.8660014868,1
1103,1761,2.681144714,-0.9870877266,1
1103,1793,2.870214701,-0.3061845303,1
1103,1825,2.772402525,0.2713403702,1
1103,1857,2.48859024,0.2292476892,1
1103,1889,2.784645796,0.3483869433,1
1103,1921,2.562913895,0.1662699431,1
1103,1953,2.409992218,0.6487575173,1
1103,1985,2.090647697,-0.1166312993,1
1103,2017,0.6470134258,-0.3616941571,1
1135,33,0.6278991699,0.07943296432,1
1135,65,0.8947939873,1.781150579,1
1135,97,1.909168363,3.331560612,1
1135,129,NaN,NaN,2
1135,161,1.135525703,3.484314919,1
1135,193,0.4253432751,3.342351913,1
1135,225,0.843919158,1.318112254,1
1135,257,1.584896564,1.029579878,1
1135,289,1.903595209,2.514279842,1
1135,321,2.846025229,4.310941696,1
1135,353,3.740094423,5.766994476,1
1135,385,2.660995722,5.59303093,1
1135,417,1.11179471,3.040265083,1
1135,449,1.713217735,2.644921541,1
1135,481,1.589417219,3.07420063,1
1135,513,1.220134735,1.377203941,1
1135,545,0.5594455004,1.551321268,1
1135,577,0.02239239216,1.507248998,1
1135,609,1.017303944,1.344436884,1
1135,641,0.3161814809,2.310427427,1
1135,673,-1.065922141,1.426882982,1
1135,705,-1.148302674,0.4798833132,1
1135,737,-1.330775261,1.301035404,1
1135,769,-1.321620822,1.002301931,1
1135,801,-0.6201763153,-0.750805378,1
1135,833,-0.179824695,-0.3574679494,1
1135,865,0.01260086894,0.09949952364,1
1135,897,0.6775304079,-0.166428715,1
1135,929,2.133305311,1.963991165,1
1135,961,1.055924177,2.792970657,1
1135,993,1.020983696,1.831769705,1
1135,1025,NaN,NaN,2
1135,1057,1.189457059,1.127288103,1
1135,1089,1.913807869,3.829435349,1
1135,1121,0.7429385185,1.551683068,1
1135,1153,-0.04178667068,1.064151287,1
1135,1185,-0.2252480388,1.140733719,1
1135,1217,-0.03104814142,1.022450209,1
1135,1249,0.1198435724,1.182623267,1
1135,1281,0.2177750468,0.4950067401,1
1135,1313,0.6524347663,-0.1080568284,1
1135,1345,0.7819392681,-0.6211913228,1
1135,1377,0.6456695795,-0.3697141409,1
1135,1409,0.5772393942,-0.3969817162,1
1135,1441,0.7676448226,-0.1478221416,1
1135,1473,0.2060061693,-0.8872030377,1
1135,1505,-0.3607046604,-1.073259115,1
1135,1537,0.1278341413,0.2863962352,1
1135,1569,0.6061763763,0.9521414638,1
1135,1601,0.4851825237,0.2864702344,1
1135,1633,1.726523042,-0.4390100241,1
1135,1665,1.031136155,-1.634563565,1
1135,1697,0.786765337,-1.198468328,1
1135,1729,1.834785938,0.5109839439,1
1135,1761,2.279733896,-0.9891298413,1
1135,1793,2.6735394,-0.3481039703,1
1135,1825,2.733741045,1.037926197,1
1135,1857,2.394976139,0.7138661146,1
1135,1889,3.173737288,0.3784917593,1
1135,1921,2.987070322,0.1209492683,1
1135,1953,2.908243895,-0.1005156413,1
1135,1985,4.410027981,-0.5829825401,1
1135,2017,1.318102598,-0.3159368038,1
1167,33,0.5143088102,0.5195747614,1
1167,65,-0.2172178626,0.9799356461,1
1167,97,0.6906394958,2.430953979,1
1167,129,1.834303141,3.450742006,1
1167,161,0.7842826843,4.014241219,1
1167,193,1.17045927,4.736544609,1
1167,225,2.33848238,0.5773649216,1
1167,257,2.8646276,-0.2341569662,1
1167,289,2.85384059,-0.3143110275,1
1167,321,3.131180286,0.9479985237,1
1167,353,4.197917938,2.950146437,1
1167,385,3.751274347,3.78084898,1
1167,417,2.715443134,3.161510944,1
1167,449,2.807593584,2.982953787,1
1167,481,1.961540222,2.513791561,1
1167,513,0.3510055542,1.131454706,1
1167,545,-0.7533205152,1.703996897,1
1167,577,-0.411806345,1.361227036,1
1167,609,0.5359421372,2.170970201,1
1167,641,-1.032985568,2.716007471,1
1167,673,-2.222584486,1.400491357,1
1167,705,-2.067288637,-0.1149380207,1
1167,737,-2.322009563,2.057622433,1
1167,769,-2.61751318,1.328921199,1
1167,801,-2.759664536,0.8179275393,1
1167,833,-1.433953762,0.5572906733,1
1167,865,0.1483213902,-0.32462883,1
1167,897,1.144250393,-1.3683002,1
1167,929,3.016651154,1.289065599,1
1167,961,2.862377167,3.232315063,1
1167,993,0.4002373219,1.367637396,1
1167,1025,-0.2348001003,-0.3048948646,1
1167,1057,NaN,NaN,2
1167,1089,3.905284882,1.31236124,1
1167,1121,2.193240166,1.437576056,1
1167,1153,0.5409818292,2.995284319,1
1167,1185,-0.1148028076,1.423928738,1
1167,1217,-0.1515883803,1.189205885,1
1167,1249,0.1661764979,1.722158194,1
1167,1281,0.3605699241,0.4829356372,1
1167,1313,0.389362812,-0.08222237229,1
1167,1345,0.5516346097,-0.614616394,1
1167,1377,0.6120554209,-0.4597590268,1
1167,1409,0.7402147651,-0.3138936162,1
1167,1441,1.03985095,-0.01803332567,1
1167,1473,1.338308811,-0.1628046036,1
1167,1505,1.025529861,-0.6986941695,1
1167,1537,0.8892483711,-0.3973612785,1
1167,1569,1.444488049,-0.2757048011,1
1167,1601,1.408768177,-0.4595950246,1
1167,1633,4.418343067,-0.7051624656,1
1167,1665,2.107725143,-0.9854984283,1
1167,1697,0.6462539434,-0.8188660145,1
1167,1729,1.109055161,1.03374052,1
1167,1761,2.472616196,-0.6307876706,1
1167,1793,2.482077837,-1.230502844,1
1167,1825,NaN,NaN,2
1167,1857,2.500794172,2.173200846,1
1167,1889,3.226441145,0.5117454529,1
1167,1921,2.660626411,-0.2386328131,1
1167,1953,2.105158091,-0.2529619932,1
1167,1985,2.108326197,0.4417816401,1
1167,2017,2.251883984,0.01481568813,1
1199,33,0.07872873545,0.4123305082,1
1199,65,-0.06845939159,-0.280608356,1
1199,97,-0.312685132,0.8877578974,1
1199,129,-0.2617506981,1.929077387,1
1199,161,1.857888699,4.414008141,1
1199,193,2.623993158,3.731437206,1
1199,225,5.025460243,-3.130310059,1
1199,257,4.003990173,-1.871889591,1
1199,289,2.725706577,-0.7221719027,1
1199,321,2.913112402,0.1454834938,1
1199,353,3.926784515,2.888713121,1
1199,385,3.778580904,3.660572052,1
1199,417,4.355512619,3.595499992,1
1199,449,4.224915981,3.516320467,1
1199,481,2.59338212,2.616929531,1
1199,513,NaN,NaN,2
1199,545,0.1436091661,1.109466553,1
1199,577,0.3487591743,0.4628419876,1
1199,609,NaN,NaN,2
1199,641,-1.649771452,1.930613518,1
1199,673,-1.918347597,0.728926897,1
1199,705,0.07499301434,1.203131914,1
1199,737,-1.202564478,3.321461201,1
1199,769,-2.279383183,1.950495481,1
1199,801,-3.491306305,0.729107976,1
1199,833,-2.08151269,0.1807846427,1
1199,865,0.4488802254,-0.2083557248,1
1199,897,1.275910378,0.3363727927,1
1199,929,2.580873251,0.7624052763,1
1199,961,1.919663429,0.8336570859,1
1199,993,0.8716391325,0.8586996794,1
1199,1025,0.9539830685,1.280344248,1
1199,1057,2.066932917,1.980717182,1
1199,1089,3.154428005,0.6247681975,1
1199,1121,3.703747749,0.1011608839,1
1199,1153,2.480436325,0.8959931135,1
1199,1185,1.18342185,1.293811798,1
1199,1217,0.5752757192,0.9347516894,1
1199,1249,0.2575095892,0.7412524819,1
1199,1281,-0.14777565,0.5073603392,1
1199,1313,0.3429009914,0.2282148302,1
1199,1345,0.5837289095,-0.1485710591,1
1199,1377,0.6932312846,-0.1552304029,1
1199,1409,0.802054584,0.008529551327,1
1199,1441,1.183767557,0.1564606428,1
1199,1473,1.607264996,-0.3148946762,1
1199,1505,1.492299914,-2.194270134,1
1199,1537,1.927802682,-2.793804646,1
1199,1569,2.374149323,-1.620589018,1
1199,1601,1.835361719,-1.042809725,1
1199,1633,2.219189167,-0.7611646056,1
1199,1665,2.277202129,-0.91708529,1
1199,1697,1.464107513,-0.6032035351,1
1199,1729,1.764346957,0.6307465434,1
1199,1761,2.431757927,0.004878222942,1
1199,1793,2.905168533,-0.8847523332,1
1199,1825,3.391484499,-0.5824046731,1
1199,1857,2.280567408,1.202512503,1
1199,1889,1.293795586,0.6332238913,1
1199,1921,1.667958975,-0.4210735559,1
1199,1953,1.410312414,-0.362282753,1
1199,1985,2.3934443,0.6286596656,1
1199,2017,3.78049469,0.4031562805,1
1231,33,0.8977184296,0.187363863,1
1231,65,0.4992314577,0.6129689813,1
1231,97,3.900827408,1.760283947,1
1231,129,3.93868947,2.153211117,1
1231,161,2.463639259,4.08497858,1
1231,193,4.266280174,3.402460098,1
1231,225,4.733845711,-1.083250523,1
1231,257,4.178661346,-1.070577145,1
1231,289,4.050050735,0.6886787415,1
1231,321,3.513689518,0.4064087868,1
1231,353,NaN,NaN,2
1231,385,2.761741161,4.15602684,1
1231,417,3.750545979,3.767609358,1
1231,449,3.220872879,3.5544734,1
1231,481,2.741354465,3.427943707,1
1231,513,3.065991163,4.235096931,1
1231,545,3.58450675,4.374075413,1
1231,577,-0.1562204361,4.478648186,1
1231,609,NaN,NaN,2
1231,641,0.7456040382,1.924338818,1
1231,673,1.094673395,2.332406044,1
1231,705,1.58910048,2.942615032,1
1231,737,0.7129511833,2.889299631,1
1231,769,-0.9545061588,0.9258899689,1
1231,801,-1.460496664,0.6594415307,1
1231,833,-3.060133219,-1.184955835,1
1231,865,-2.151127338,0.6831681132,1
1231,897,-1.011075854,1.238877892,1
1231,929,1.541612387,0.5571594238,1
1231,961,1.675023198,0.1897219419,1
1231,993,1.325812578,0.7154245973,1
1231,1025,1.214036703,0.8114852309,1
1231,1057,1.714734554,0.9005405307,1
1231,1089,3.107910872,0.9263956547,1
1231,1121,4.772603035,-1.205961227,1
1231,1153,3.076992035,-0.4179727435,1
1231,1185,2.111234188,1.043666124,1
1231,1217,1.492861748,0.9022819996,1
1231,1249,0.767182827,0.9456573129,1
1231,1281,0.19325459,0.6064777374,1
1231,1313,0.2631214857,0.4280276,1
1231,1345,-0.760486722,0.1906833798,1
1231,1377,-0.2076855898,0.1760676503,1
1231,1409,-0.1095630527,0.4441668391,1
1231,1441,0.4799699187,0.5233354568,1
1231,1473,1.461059451,-0.2823423147,1
1231,1505,1.50056088,-2.088024616,1
1231,1537,2.052744627,-3.118973494,1
1231,1569,3.485292435,-3.653088331,1
1231,1601,1.853503704,-1.402043462,1
1231,1633,2.334356546,-1.401939154,1
1231,1665,2.733515501,-0.994135499,1
1231,1697,2.795735836,-0.5775363445,1
1231,1729,2.605861187,-0.3401108384,1
1231,1761,NaN,NaN,2
1231,1793,2.92032671,0.05943790078,1
1231,1825,2.710940361,0.7584249973,1
1231,1857,2.313017368,0.5430043936,1
1231,1889,1.503726244,-0.4011641443,1
1231,1921,1.517281294,-0.3224827349,1
1231,1953,1.759142637,0.2477469742,1
1231,1985,2.94456172,0.8813500404,1
1231,2017,3.930590153,2.778642178,1
1263,33,1.480215311,0.1439301968,1
1263,65,1.04010582,1.290105581,1
1263,97,1.672480464,2.270250797,1
1263,129,3.037681103,1.857530355,1
1263,161,2.916991234,2.261761665,1
1263,193,2.888603449,1.94257915,1
1263,225,3.345970154,0.8310841918,1
1263,257,3.285333157,0.7067751884,1
1263,289,3.905389786,1.057558298,1
1263,321,2.310248613,1.33663094,1
1263,353,1.382898808,1.321121931,1
1263,385,1.141796827,2.157876015,1
1263,417,-0.01213300228,1.264286995,1
1263,449,1.205219269,2.97759223,1
1263,481,2.235234499,4.905226231,1
1263,513,2.95037508,4.676980972,1
1263,545,5.004141808,5.621398926,1
1263,577,NaN,NaN,2
1263,609,0.3548228741,2.796514511,1
1263,641,2.330574751,3.574470282,1
1263,673,0.5261327028,1.901403785,1
1263,705,0.2840460539,1.334647059,1
1263,737,0.6826905012,0.6838084459,1
1263,769,-0.5958558321,0.05374699831,1
1263,801,-1.968044519,0.5681172609,1
1263,833,-1.242861271,0.1673818827,1
1263,865,-0.4090023935,0.8141567111,1
1263,897,-0.8723379374,1.305412173,1
1263,929,0.9691187143,0.5724127293,1
1263,961,1.10742569,0.2347558737,1
1263,993,1.052185178,0.6565764546,1
1263,1025,0.845289886,-0.5903340578,1
1263,1057,1.200326443,0.4463769197,1
1263,1089,1.504095316,0.5817513466,1
1263,1121,1.333589077,0.7156968117,1
1263,1153,1.5864712,0.08818078041,1
1263,1185,1.530555487,0.6802245975,1
1263,1217,1.493966222,1.015366077,1
1263,1249,0.8810266256,1.358192086,1
1263,1281,-0.2182071209,0.6089949608,1
1263,1313,-0.4648490548,-0.7679495215,1
1263,1345,-0.1229256988,-0.2344293296,1
1263,1377,-1.127207279,0.3062436879,1
1263,1409,-1.559053421,1.705193162,1
1263,1441,-0.6619285345,1.071512699,1
1263,1473,0.7590221167,-0.09900346398,1
1263,1505,1.458922863,-0.9072785378,1
1263,1537,1.69088769,-2.684191227,1
1263,1569,4.726102829,-3.977586031,1
1263,1601,4.055909157,-3.706545353,1
1263,1633,2.478669882,-2.690441132,1
1263,1665,3.039206743,-0.816057682,1
1263,1697,2.796533346,-0.2979792953,1
1263,1729,1.683670521,-0.3029036224,1
1263,1761,1.769809246,-0.3544828594,1
1263,1793,NaN,NaN,2
1263,1825,3.211611748,0.5605531335,1
1263,1857,2.848627806,0.4277262688,1
1263,1889,1.879291058,-0.6958811283,1
1263,1921,2.415014744,-0.9283719659,1
1263,1953,2.798934937,0.9434422255,1
1263,1985,3.106502533,1.148329258,1
1263,2017,3.650583982,2.749747038,1
1295,33,2.048434734,0.09893000126,1
1295,65,1.49237597,0.9985439181,1
1295,97,1.310485125,1.466807604,1
1295,129,1.549586058,1.37064445,1
1295,161,2.111624241,1.101243258,1
1295,193,3.021282673,1.476279974,1
1295,225,3.686257839,1.627886057,1
1295,257,4.181373119,1.846465588,1
1295,289,4.803869247,2.652917862,1
1295,321,3.186048508,2.065505505,1
1295,353,1.746972322,0.8323414326,1
1295,385,0.7463021278,0.1141042709,1
1295,417,1.093199968,2.096973181,1
1295,449,1.111776352,3.228633404,1
1295,481,1.985773325,4.368880749,1
1295,513,2.016401291,4.131681919,1
1295,545,1.655537367,3.385262489,1
1295,577,NaN,NaN,2
1295,609,1.058853388,2.852776051,1
1295,641,1.172423124,3.139339447,1
1295,673,0.0007395744324,2.112594366,1
1295,705,-0.1154705286,0.7933288813,1
1295,737,0.212998271,-0.01915311813,1
1295,769,-0.9021471143,-1.081798196,1
1295,801,-2.15319109,-0.622019887,1
1295,833,0.5068966746,0.454572916,1
1295,865,0.7397223115,2.139429331,1
1295,897,0.7242925167,3.00697875,1
1295,929,0.6066608429,1.073391795,1
1295,961,1.096950412,1.503420591,1
1295,993,0.9338457584,0.7429178953,1
1295,1025,NaN,NaN,2
1295,1057,-2.470121861,0.5424069762,1
1295,1089,-1.576773405,-0.9840961099,1
1295,1121,0.001104235649,0.693990767,1
1295,1153,-0.2863585949,0.8863799572,1
1295,1185,0.983749032,0.9457449913,1
1295,1217,1.331261754,1.049947858,1
1295,1249,1.301712275,0.7711721659,1
1295,1281,0.6690517664,0.5037474036,1
1295,1313,-0.1120090485,-1.195687532,1
1295,1345,0.4336355329,0.1126727611,1
1295,1377,0.05411428213,0.7632668018,1
1295,1409,-0.962141037,1.440918446,1
1295,1441,-0.5418914557,0.9737209678,1
1295,1473,-0.05222338438,0.05624330044,1
1295,1505,0.8740612268,0.04175209999,1
1295,1537,1.353593826,-0.8032166958,1
1295,1569,1.729593635,-0.9432032108,1
1295,1601,3.04382205,-0.1192858815,1
1295,1633,3.029030561,0.6825667024,1
1295,1665,3.146997452,0.6553610563,1
1295,1697,2.910529852,0.7977454662,1
1295,1729,2.435130835,-0.5545732379,1
1295,1761,4.016858578,-0.7415670753,1
1295,1793,4.902744293,-0.5264357328,1
1295,1825,4.618710518,0.5605252385,1
1295,1857,4.562784195,0.1158461869,1
1295,1889,4.018381596,-1.361791134,1
1295,1921,3.639912128,-0.6515375376,1
1295,1953,3.508204222,-0.1684109867,1
1295,1985,3.22264576,0.8224006295,1
1295,2017,3.670929909,1.002137423,1
1327,33,1.349549651,0.2153187394,1
1327,65,1.661037326,1.491582751,1
1327,97,1.257567644,1.215733886,1
1327,129,1.350674629,1.583737373,1
1327,161,1.778967619,0.9612249136,1
1327,193,2.541158438,0.7173411846,1
1327,225,2.60726881,1.400215268,1
1327,257,2.723957539,1.98238492,1
1327,289,3.763082743,2.903656244,1
1327,321,4.378123283,2.528307438,1
1327,353,1.487170815,0.7395463586,1
1327,385,0.9798759222,-0.3673921824,1
1327,417,1.078714371,0.7474739552,1
1327,449,1.410649419,2.209292889,1
1327,481,1.819156885,3.440153599,1
1327,513,1.823838234,3.216570854,1
1327,545,1.31445694,2.4080019,1
1327,577,0.3717352152,-0.008128643036,1
1327,609,1.698690295,2.617585897,1
1327,641,1.97890079,2.77432704,1
1327,673,1.713672757,2.792186499,1
1327,705,1.176077843,2.475832224,1
1327,737,0.6460710764,1.701048851,1
1327,769,0.5259557962,-1.432097435,1
1327,801,-0.6297597289,-1.606714487,1
1327,833,-0.1695215702,-1.299882293,1
1327,865,1.312447786,2.89951086,1
1327,897,2.869055033,4.004018307,1
1327,929,1.33946228,1.185238838,1
1327,961,0.6495466828,0.9996266365,1
1327,993,0.2793490291,0.7827075124,1
1327,1025,NaN,NaN,2
1327,1057,-1.746932626,1.498704553,1
1327,1089,-0.5744587183,1.962055564,1
1327,1121,-1.831083417,0.9529546499,1
1327,1153,-1.668582678,0.8694337606,1
1327,1185,1.644194603,1.302117467,1
1327,1217,1.619392276,1.095566154,1
1327,1249,1.539845467,0.6864270568,1
1327,1281,1.378950119,0.4447336793,1
1327,1313,0.5545994043,-0.3262148499,1
1327,1345,0.3732416332,0.1328444779,1
1327,1377,0.3237662911,1.009276748,1
1327,1409,-0.1387462914,1.484062791,1
1327,1441,-0.1331713647,1.116698742,1
1327,1473,-0.1604271829,0.330586493,1
1327,1505,0.6374104023,0.2233269811,1
1327,1537,1.103238344,-0.04917092621,1
1327,1569,NaN,NaN,2
1327,1601,5.323565483,0.5527592897,1
1327,1633,4.606794357,-0.7814760208,1
1327,1665,4.650037766,-0.2123534679,1
1327,1697,3.752403259,-0.6358902454,1
1327,1729,4.192807674,-0.9270854592,1
1327,1761,5.479174614,-0.02999735624,1
1327,1793,6.189647198,0.1076295972,1
1327,1825,6.683156013,0.2413735986,1
1327,1857,6.545639992,0.01182133704,1
1327,1889,5.00285387,-0.3942635357,1
1327,1921,4.237213135,-0.1141899228,1
1327,1953,3.769420624,0.2051235437,1
1327,1985,3.43572998,0.1901079714,1
1327,2017,4.187710762,-0.1183006763,1
1359,33,1.38995564,0.0588516444,1
1359,65,1.624199152,1.74707675,1
1359,97,1.680118442,0.9545743465,1
1359,129,NaN,NaN,2
1359,161,1.410947204,2.597387791,1
1359,193,0.6129100323,0.4732663631,1
1359,225,1.379025221,0.4438185692,1
1359,257,1.976208091,1.606817126,1
1359,289,1.730153441,1.825045109,1
1359,321,1.201273918,1.619054317,1
1359,353,0.3982237577,1.128930926,1
1359,385,1.546111822,-0.2893209457,1
1359,417,0.9055862427,-0.8347694874,1
1359,449,0.4153306484,0.1805614233,1
1359,481,0.9659799337,2.692584038,1
1359,513,0.9396210909,2.600681067,1
1359,545,1.10515821,2.244476318,1
1359,577,2.020447731,2.772248507,1
1359,609,2.123182058,2.861527205,1
1359,641,4.244825363,3.426332951,1
1359,673,3.127078295,3.424175978,1
1359,705,2.035840034,3.005894899,1
1359,737,1.369203568,1.931877136,1
1359,769,0.9184888601,0.7211323977,1
1359,801,0.5194144845,1.33433044,1
1359,833,0.6548658609,1.383342981,1
1359,865,1.210008383,1.639899969,1
1359,897,1.449542761,1.4167521,1
1359,929,1.409516811,0.5114994049,1
1359,961,1.128479481,0.5845615268,1
1359,993,0.8627479672,0.91256845,1
1359,1025,0.4685455561,0.9623087645,1
1359,1057,-0.4970894456,0.8517655134,1
1359,1089,0.5717365742,1.166647553,1
1359,1121,-0.04407840967,0.1933673024,1
1359,1153,0.5771307945,1.150735617,1
1359,1185,2.442042828,1.240966558,1
1359,1217,2.720636368,1.01301384,1
1359,1249,1.683056474,0.7983630896,1
1359,1281,1.426596999,0.4480864406,1
1359,1313,0.0518514514,-0.1762825251,1
1359,1345,NaN,NaN,2
1359,1377,-0.1153203547,1.866513252,1
1359,1409,-0.1445454061,1.783264637,1
1359,1441,0.1301679015,0.9578068256,1
1359,1473,0.1649352908,-0.2513110638,1
1359,1505,2.095777512,0.533510685,1
1359,1537,2.768039227,0.725844264,1
1359,1569,3.106276274,0.7708305717,1
1359,1601,3.555877924,0.6587529778,1
1359,1633,-1.148835182,0.5594633818,1
1359,1665,-0.4980821609,-0.857183218,1
1359,1697,3.055310488,-1.07259655,1
1359,1729,4.712060452,-0.3983743191,1
1359,1761,5.625561237,-0.01885190606,1
1359,1793,5.784049034,0.02333514392,1
1359,1825,6.567937851,0.1548302174,1
1359,1857,6.519507408,0.2374899834,1
1359,1889,5.310033798,0.2542288899,1
1359,1921,3.781135082,0.1841765046,1
1359,1953,NaN,NaN,2
1359,1985,2.005057335,0.04518949986,1
1359,2017,4.042747974,-0.05371057987,1
1391,33,1.384388208,0.164856568,1
1391,65,1.280097008,1.369017124,1
1391,97,1.468924284,0.7858695388,1
1391,129,0.6336421967,0.4365383983,1
1391,161,0.1918940544,0.8518372178,1
1391,193,0.4797074795,0.6935341954,1
1391,225,0.5121315718,0.8783566952,1
1391,257,0.7431490421,1.320075154,1
1391,289,0.0953347683,1.549126267,1
1391,321,-0.3699222803,1.312075615,1
1391,353,0.02391064167,1.582077503,1
1391,385,0.9372913837,0.139893055,1
1391,417,0.9907816052,0.2131727934,1
1391,449,0.0138797164,0.3218290806,1
1391,481,-0.329916656,2.347343206,1
1391,513,0.2385917902,2.633238316,1
1391,545,1.750632048,2.766632795,1
1391,577,2.110295773,3.999490261,1
1391,609,2.184190273,4.915647507,1
1391,641,3.82315135,4.62499094,1
1391,673,5.533827782,5.377774239,1
1391,705,1.97212863,1.994558811,1
1391,737,1.316952467,1.531520128,1
1391,769,0.9850393534,1.47027564,1
1391,801,0.3393884301,2.827019215,1
1391,833,0.1822870076,3.448516369,1
1391,865,NaN,NaN,2
1391,897,0.4033918381,-0.6088238955,1
1391,929,1.498224378,-0.6726301312,1
1391,961,1.550060153,0.6676688194,1
1391,993,1.296868801,1.396093965,1
1391,1025,1.117384672,1.209745169,1
1391,1057,0.6491863132,1.346782207,1
1391,1089,0.9105266333,1.455069184,1
1391,1121,1.435083747,1.246150494,1
1391,1153,1.446659446,1.294143558,1
1391,1185,2.265855312,1.194868922,1
1391,1217,2.300638676,0.8291677237,1
1391,1249,1.797670603,0.3447078466,1
1391,1281,1.59446013,-0.1061197519,1
1391,1313,-0.04582285881,-0.1277063489,1
1391,1345,NaN,NaN,2
1391,1377,0.2837061286,2.56609869,1
1391,1409,0.2929125428,1.211865306,1
1391,1441,0.5039148331,0.6686376929,1
1391,1473,0.8808321953,0.2647079825,1
1391,1505,2.237757206,0.6523694396,1
1391,1537,3.099847555,0.9192464352,1
1391,1569,2.577246428,0.8258548379,1
1391,1601,0.7242999077,0.9374675751,1
1391,1633,-1.425778389,1.406301141,1
1391,1665,-0.3393850327,-0.7424131632,1
1391,1697,1.697453976,-1.205818653,1
1391,1729,4.458581448,-0.6951385736,1
1391,1761,5.017120838,0.04455691576,1
1391,1793,4.812371254,-0.1547120512,1
1391,1825,5.176508427,0.2555648685,1
1391,1857,5.100069046,0.5987678766,1
1391,1889,5.542127132,0.8326836228,1
1391,1921,5.238718987,0.3489021659,1
1391,1953,4.051189423,0.969748199,1
1391,1985,2.924897671,0.3367258906,1
1391,2017,1.441483974,-0.4732357562,1
1423,33,1.762924433,0.4518289566,1
1423,65,1.796934724,2.476731539,1
1423,97,1.236422539,1.064135075,1
1423,129,0.5585737824,0.9055995941,1
1423,161,0.4479186535,1.079025865,1
1423,193,1.351690054,1.549823523,1
1423,225,2.698011637,3.336268187,1
1423,257,-0.1331413984,1.790317178,1
1423,289,-0.8122929931,1.619570732,1
1423,321,-0.7773765326,1.572626829,1
1423,353,0.306842804,2.041619539,1
1423,385,1.305932164,1.365813255,1
1423,417,0.7767578363,1.996735573,1
1423,449,0.754109025,3.732830524,1
1423,481,1.19939971,3.24673152,1
1423,513,1.39481926,3.064945459,1
1423,545,1.881690979,3.160629272,1
1423,577,2.393508434,4.89407444,1
1423,609,2.632788181,7.324855804,1
1423,641,3.130365849,5.392996788,1
1423,673,2.547359943,5.02478838,1
1423,705,1.740880013,3.169132471,1
1423,737,NaN,NaN,2
1423,769,1.334841728,0.9524183273,1
1423,801,0.9622278214,2.928593397,1
1423,833,-0.1954823732,3.305599928,1
1423,865,-0.1981537342,1.672457457,1
1423,897,1.275202036,-0.4362123609,1
1423,929,2.327672243,0.2409260869,1
1423,961,1.201672673,1.311465979,1
1423,993,1.508777857,1.567234516,1
1423,1025,2.430158854,1.711345196,1
1423,1057,1.628159761,1.345008135,1
1423,1089,1.296251297,1.561142802,1
1423,1121,1.397218943,1.389483094,1
1423,1153,1.227323413,1.138030648,1
1423,1185,2.631987572,1.229452014,1
1423,1217,1.854885817,1.25865972,1
1423,1249,1.334693074,1.022418022,1
1423,1281,1.565304995,0.740410924,1
1423,1313,1.650149345,0.769808054,1
1423,1345,0.9733326435,1.181819439,1
1423,1377,0.68796134,0.849676311,1
1423,1409,0.6735374928,0.3928644061,1
1423,1441,0.8176433444,0.8698413372,1
1423,1473,1.228997231,1.366886616,1
1423,1505,0.8977804184,1.852951527,1
1423,1537,1.847480297,0.7208123803,1
1423,1569,2.464258909,-0.3759334087,1
1423,1601,2.939378738,1.22130084,1
1423,1633,NaN,NaN,2
1423,1665,4.270661354,0.1846666932,1
1423,1697,3.557442904,-0.8849647045,1
1423,1729,3.926692486,-0.8743061423,1
1423,1761,5.445248127,-0.1415160298,1
1423,1793,5.391475201,-0.2156423926,1
1423,1825,4.934270859,-0.5839157701,1
1423,1857,4.295824528,0.0008638948202,1
1423,1889,4.2506814,2.07287097,1
1423,1921,3.904134274,1.324501634,1
1423,1953,3.229225636,1.041936994,1
1423,1985,4.405582428,-0.6276414394,1
1423,2017,NaN,NaN,2
1455,33,2.210446358,0.4011033177,1
1455,65,0.4296849966,0.9545894265,1
1455,97,0.6930606365,0.9792525172,1
1455,129,1.070700407,1.274625659,1
1455,161,1.019374132,1.379194498,1
1455,193,2.066491842,3.766652107,1
1455,225,1.49687624,3.550280094,1
1455,257,-0.111874938,1.413213253,1
1455,289,0.8311443329,1.937334895,1
1455,321,0.8382394314,2.709649324,1
1455,353,1.135203838,2.443040371,1
1455,385,1.372679234,2.500445127,1
1455,417,1.429339409,2.555357218,1
1455,449,-0.1392635107,3.48329258,1
1455,481,0.6370667219,3.730218887,1
1455,513,2.092531681,3.639351606,1
1455,545,1.950642824,4.237839699,1
1455,577,1.972868204,6.754283905,1
1455,609,2.146445751,6.76976347,1
1455,641,1.959210157,5.464250565,1
1455,673,1.583602071,4.998252392,1
1455,705,1.123879671,3.312572956,1
1455,737,0.5927733183,0.6781916618,1
1455,769,0.8931916952,0.2545332909,1
1455,801,NaN,NaN,2
1455,833,NaN,NaN,2
1455,865,-1.38080287,1.458097458,1
1455,897,0.8319746256,0.5324259996,1
1455,929,1.84977591,0.3976640701,1
1455,961,0.2619729042,0.5443696976,1
1455,993,1.742893815,0.5064125061,1
1455,1025,1.974443913,1.052561522,1
1455,1057,1.631559968,1.035494566,1
1455,1089,1.339659214,1.365154386,1
1455,1121,1.3589679,1.434033394,1
1455,1153,1.89210856,0.8268460035,1
1455,1185,2.115490913,1.315986395,1
1455,1217,2.513156891,1.562632561,1
1455,1249,2.185365677,1.832553625,1
1455,1281,1.682032108,1.927398086,1
1455,1313,1.276653528,1.339378715,1
1455,1345,0.9624106884,0.4678701162,1
1455,1377,1.059185982,0.005637943745,1
1455,1409,0.913480401,0.4309770465,1
1455,1441,1.046246052,0.8694172502,1
1455,1473,1.626255393,2.187469482,1
1455,1505,NaN,NaN,2
1455,1537,2.367050409,0.7267649174,1
1455,1569,2.766821146,0.4195814729,1
1455,1601,3.368625402,0.9814646244,1
1455,1633,4.076766491,2.194036245,1
1455,1665,4.43008709,3.070821047,1
1455,1697,5.325411797,0.7948250175,1
1455,1729,NaN,NaN,2
1455,1761,3.738575459,-2.084284782,1
1455,1793,4.071324348,-0.50327456,1
1455,1825,4.650966644,-1.078932524,1
1455,1857,3.813364267,-1.272415161,1
1455,1889,NaN,NaN,2
1455,1921,0.1445622444,2.249536991,1
1455,1953,1.245513678,1.519523501,1
1455,1985,1.349495411,1.088167071,1
1455,2017,NaN,NaN,2
1487,33,2.866176605,0.2988717556,1
1487,65,0.4831624031,0.7413465977,1
1487,97,0.5673348904,2.318410158,1
1487,129,1.575846314,2.097881556,1
1487,161,0.8754861355,0.9953157902,1
1487,193,0.384508729,1.102110624,1
1487,225,0.8912793398,1.933548927,1
1487,257,1.08923614,2.149399519,1
1487,289,1.233431458,2.051688671,1
1487,321,1.205404043,2.376160622,1
1487,353,1.358998299,2.507437229,1
1487,385,1.774837255,2.894059181,1
1487,417,2.171888113,3.234366179,1
1487,449,1.635932207,3.44122076,1
1487,481,0.3233444691,4.062439442,1
1487,513,1.580097437,4.592262268,1
1487,545,1.93567872,5.067919731,1
1487,577,NaN,NaN,2
1487,609,1.540045977,2.31504631,1
1487,641,2.13719821,4.612248421,1
1487,673,1.32655561,2.842324257,1
1487,705,1.345487118,2.439472675,1
1487,737,NaN,NaN,2
1487,769,0.6826045513,2.027394056,1
1487,801,NaN,NaN,2
1487,833,NaN,NaN,2
1487,865,NaN,NaN,2
1487,897,-0.1916553378,4.343875885,1
1487,929,0.625008285,1.532153845,1
1487,961,1.106198072,0.06969308853,1
1487,993,2.802361965,1.023539066,1
1487,1025,1.902932763,0.5954245925,1
1487,1057,1.560825825,0.05208992958,1
1487,1089,1.310064554,1.345378876,1
1487,1121,1.495465994,1.443800211,1
1487,1153,2.015855312,1.455441236,1
1487,1185,2.971415997,1.470053434,1
1487,1217,2.672472954,1.51015234,1
1487,1249,2.599412441,2.327513695,1
1487,1281,1.386457443,2.518409967,1
1487,1313,-0.06477403641,1.654280424,1
1487,1345,1.158951759,0.03542053699,1
1487,1377,1.185474038,-0.2770579457,1
1487,1409,0.6781592369,1.577813506,1
1487,1441,1.819920301,1.26353538,1
1487,1473,2.588608027,2.083794355,1
1487,1505,4.440389156,3.904198408,1
1487,1537,3.085749388,1.00711894,1
1487,1569,3.484975338,0.9440228939,1
1487,1601,4.055725098,0.9697402716,1
1487,1633,4.650107861,1.667611361,1
1487,1665,4.643034458,2.961644888,1
1487,1697,NaN,NaN,2
1487,1729,5.307884693,0.04514011741,1
1487,1761,2.360840321,-2.928199053,1
1487,1793,1.942750931,-1.703104377,1
1487,1825,2.838033676,-2.272925854,1
1487,1857,3.119124413,-0.9808237553,1
1487,1889,2.788826704,0.3203413486,1
1487,1921,NaN,NaN,2
1487,1953,NaN,NaN,2
1487,1985,2.442763805,0.435795784,1
1487,2017,3.691847324,-4.490766525,1
1519,33,4.163868427,0.235704124,1
1519,65,3.713690758,1.169811487,1
1519,97,2.078415155,3.613823414,1
1519,129,1.742040157,4.012909889,1
1519,161,2.007717609,0.68140769,1
1519,193,2.407859087,1.133514047,1
1519,225,2.303560257,0.9259415865,1
1519,257,1.591229439,1.134649158,1
1519,289,2.045804024,2.179765701,1
1519,321,1.834518075,2.617650032,1
1519,353,1.367141604,3.023930788,1
1519,385,1.778997183,3.194813728,1
1519,417,2.010473728,3.338247538,1
1519,449,1.208836675,3.145243168,1
1519,481,0.7016789913,4.455045223,1
1519,513,2.265003681,5.716347218,1
1519,545,2.320674658,6.109889984,1
1519,577,NaN,NaN,2
1519,609,0.5599749088,2.01316309,1
1519,641,NaN,NaN,2
1519,673,2.961015224,2.532158375,1
1519,705,2.415441275,5.047814846,1
1519,737,2.333161116,7.863442898,1
1519,769,2.048738956,4.201659203,1
1519,801,2.175639629,2.415148735,1
1519,833,2.156590223,2.317327023,1
1519,865,2.670619488,2.028835058,1
1519,897,1.172827482,2.061320782,1
1519,929,-0.9221980572,1.615887403,1
1519,961,-0.891610384,0.4264624715,1
1519,993,0.7972074747,0.4469038248,1
1519,1025,1.469067216,0.8148021698,1
1519,1057,1.919663429,0.2244193554,1
1519,1089,1.562218428,1.289147496,1
1519,1121,2.107747793,1.610782146,1
1519,1153,2.830953836,1.43590486,1
1519,1185,3.708827496,1.470595479,1
1519,1217,3.188885212,2.063117981,1
1519,1249,3.047920227,2.446010828,1
1519,1281,3.023953438,2.501844406,1
1519,1313,2.853061676,2.051827431,1
1519,1345,2.571040154,0.9436125755,1
1519,1377,1.359945655,-0.09725952148,1
1519,1409,0.1393435001,1.311975479,1
1519,1441,1.902885318,2.805491686,1
1519,1473,2.929933071,3.633879662,1
1519,1505,3.261083364,2.003896475,1
1519,1537,3.695987463,1.031364441,1
1519,1569,4.568572998,0.6984434128,1
1519,1601,5.124893665,0.8115733266,1
1519,1633,4.98152256,1.912487626,1
1519,1665,NaN,NaN,2
1519,1697,NaN,NaN,2
1519,1729,4.349881649,0.3562024832,1
1519,1761,NaN,NaN,2
1519,1793,0.5585644245,-2.706474304,1
1519,1825,1.781114578,-1.702805042,1
1519,1857,0.6652033329,0.5698888898,1
1519,1889,2.122283459,-0.185305506,1
1519,1921,NaN,NaN,2
1519,1953,NaN,NaN,2
1519,1985,3.355056047,0.2104115486,1
1519,2017,4.842470169,-3.912968636,1
1551,33,4.85508585,-0.2717320919,1
1551,65,5.921175957,1.235029221,1
1551,97,4.416731358,5.532001495,1
1551,129,4.398657799,5.417221069,1
1551,161,2.902957201,1.114840388,1
1551,193,3.354981899,1.040258884,1
1551,225,2.087628841,-0.211345315,1
1551,257,1.44979763,0.3802223206,1
1551,289,2.351609707,1.914559364,1
1551,321,2.143984318,2.507558823,1
1551,353,1.387733459,3.146413565,1
1551,385,1.356703281,3.365746975,1
1551,417,1.889118671,2.764135361,1
1551,449,1.096397161,5.006698132,1
1551,481,2.342920542,4.526851177,1
1551,513,2.336158752,5.695419788,1
1551,545,2.24761343,6.224999428,1
1551,577,3.682418585,5.229210377,1
1551,609,0.2698898315,0.5616865158,1
1551,641,1.053014755,0.3304653168,1
1551,673,3.181803226,3.060613155,1
1551,705,3.108219147,5.91355896,1
1551,737,3.671001911,7.122757912,1
1551,769,3.59551096,5.671468735,1
1551,801,2.048820972,3.73916626,1
1551,833,1.786119819,2.833857536,1
1551,865,3.62705183,3.164805412,1
1551,897,1.182672143,2.044946909,1
1551,929,0.03422710299,0.4274568558,1
1551,961,-0.965151608,1.130127072,1
1551,993,0.06125414371,0.6135183573,1
1551,1025,0.8359367847,1.26256609,1
1551,1057,1.047258973,1.859151125,1
1551,1089,3.592802286,0.446356535,1
1551,1121,3.10565877,1.602043509,1
1551,1153,2.932418346,1.47896409,1
1551,1185,3.958995342,1.611549139,1
1551,1217,3.1209023,2.855367661,1
1551,1249,2.873738527,2.826494694,1
1551,1281,3.988659382,2.96641326,1
1551,1313,3.761214733,2.504142523,1
1551,1345,2.50514698,1.748167038,1
1551,1377,1.268854618,0.807272315,1
1551,1409,0.8540987968,-0.3557143211,1
1551,1441,1.4702245,3.380840302,1
1551,1473,3.210684776,3.820425034,1
1551,1505,3.50689292,0.7887032032,1
1551,1537,4.738802433,0.9203289747,1
1551,1569,5.217396736,0.6867432594,1
1551,1601,5.170468807,0.7986474037,1
1551,1633,NaN,NaN,2
1551,1665,NaN,NaN,2
1551,1697,NaN,NaN,2
1551,1729,NaN,NaN,2
1551,1761,3.988455296,-0.1472248733,1
1551,1793,2.976232529,-1.39014554,1
1551,1825,1.161953449,-0.4164237976,1
1551,1857,-0.4546632767,1.167328119,1
1551,1889,1.53164053,-0.1252913475,1
1551,1921,5.178160667,3.370893002,1
1551,1953,5.139503479,3.79254818,1
1551,1985,2.523797989,0.7565470338,1
1551,2017,0.4494726658,-1.268995285,1
1583,33,5.19927597,0.2213178873,1
1583,65,2.750896454,2.802971601,1
1583,97,2.627490282,3.463057756,1
1583,129,2.993894339,3.055098534,1
1583,161,2.924483299,1.601161242,1
1583,193,2.788122416,0.9790868759,1
1583,225,1.898440599,1.141475797,1
1583,257,1.638002276,1.243925691,1
1583,289,2.037480116,1.681610584,1
1583,321,1.756632566,2.283643961,1
1583,353,0.9418025017,2.972265005,1
1583,385,NaN,NaN,2
1583,417,0.6236878633,4.383288383,1
1583,449,2.819146395,4.161855221,1
1583,481,2.897686005,4.36847353,1
1583,513,1.96689415,5.317598343,1
1583,545,3.329354763,6.063950062,1
1583,577,2.992430687,5.423863411,1
1583,609,3.097230196,4.637298107,1
1583,641,NaN,NaN,2
1583,673,4.068432808,4.556904793,1
1583,705,4.355368137,6.224683762,1
1583,737,4.073854923,7.129990578,1
1583,769,3.4166677,6.143635273,1
1583,801,2.059469938,4.28142643,1
1583,833,1.259480953,3.252689362,1
1583,865,NaN,NaN,2
1583,897,NaN,NaN,2
1583,929,1.143284678,0.9688098431,1
1583,961,3.862683773,2.503632069,1
1583,993,NaN,NaN,2
1583,1025,NaN,NaN,2
1583,1057,1.091760635,1.643779755,1
1583,1089,1.954537868,1.700935125,1
1583,1121,3.160284281,1.078939915,1
1583,1153,3.451464891,2.161195278,1
1583,1185,2.806079865,2.126880884,1
1583,1217,2.207128286,2.923739195,1
1583,1249,2.866594791,3.10627079,1
1583,1281,3.235285521,3.293236017,1
1583,1313,3.264215469,2.911354065,1
1583,1345,2.433274984,2.382593155,1
1583,1377,1.920037508,2.719024181,1
1583,1409,1.454176545,1.779195309,1
1583,1441,1.432810068,1.435397387,1
1583,1473,2.129759789,1.262449265,1
1583,1505,3.406938314,0.5698438883,1
1583,1537,5.0320158,0.8012202978,1
1583,1569,5.847519398,1.177753806,1
1583,1601,5.565956116,1.188733101,1
1583,1633,5.916791916,1.799894094,1
1583,1665,NaN,NaN,2
1583,1697,NaN,NaN,2
1583,1729,5.132693768,0.3661216497,1
1583,1761,4.899091721,0.0962978825,1
1583,1793,3.878335476,-0.5078693628,1
1583,1825,2.478079796,-0.4555305839,1
1583,1857,1.185684681,0.1882012188,1
1583,1889,NaN,NaN,2
1583,1921,NaN,NaN,2
1583,1953,2.655246258,0.8435512781,1
1583,1985,2.056806803,0.6581266522,1
1583,2017,0.7049443722,0.1755675077,1
1615,33,4.982962608,1.285518765,1
1615,65,2.987187862,1.476739049,1
1615,97,2.729278088,1.323575616,1
1615,129,2.518615723,1.054779649,1
1615,161,2.224999666,0.3792203069,1
1615,193,2.253477097,0.7886951566,1
1615,225,3.2041049,1.414284468,1
1615,257,2.001801252,1.748412967,1
1615,289,1.314555407,1.579893827,1
1615,321,NaN,NaN,2
1615,353,NaN,NaN,2
1615,385,-0.5768641233,2.562859774,1
1615,417,-0.6371473074,3.814467669,1
1615,449,2.322916269,4.584726334,1
1615,481,2.667995453,4.896202564,1
1615,513,2.694269657,5.453962326,1
1615,545,2.832544565,5.511602402,1
1615,577,3.098412991,4.839957237,1
1615,609,3.267580032,4.503351688,1
1615,641,3.491883278,4.389915943,1
1615,673,3.598674536,4.865655422,1
1615,705,3.801193953,5.057195187,1
1615,737,3.874275208,5.33461237,1
1615,769,4.124117851,5.738185406,1
1615,801,2.702638388,4.392286301,1
1615,833,NaN,NaN,2
1615,865,NaN,NaN,2
1615,897,0.4750242233,3.920199394,1
1615,929,1.519094229,3.848701477,1
1615,961,1.036165118,6.129360676,1
1615,993,2.357183695,6.635962486,1
1615,1025,NaN,NaN,2
1615,1057,3.009340286,0.9659516811,1
1615,1089,0.2378134727,2.302967548,1
1615,1121,1.804329157,1.846043587,1
1615,1153,2.265457153,2.664218664,1
1615,1185,1.89631772,2.851097107,1
1615,1217,2.005966425,2.995155811,1
1615,1249,2.402282238,3.894535065,1
1615,1281,2.625050783,2.923608065,1
1615,1313,3.594218731,2.212561131,1
1615,1345,2.118722439,2.84687829,1
1615,1377,1.669953108,3.206421614,1
1615,1409,1.868420362,2.664685726,1
1615,1441,1.966480732,1.406128764,1
1615,1473,2.418329716,1.01916647,1
1615,1505,3.571479082,0.9526511431,1
1615,1537,5.002884865,1.470339179,1
1615,1569,5.631996155,1.865605235,1
1615,1601,5.685709476,1.315671921,1
1615,1633,5.518836021,0.3689134121,1
1615,1665,3.509689331,0.3850344419,1
1615,1697,3.907185555,0.3374559879,1
1615,1729,NaN,NaN,2
1615,1761,4.822785378,0.1606826484,1
1615,1793,4.202123642,-0.05462343991,1
1615,1825,3.131890297,0.6324481964,1
1615,1857,NaN,NaN,2
1615,1889,NaN,NaN,2
1615,1921,NaN,NaN,2
1615,1953,NaN,NaN,2
1615,1985,0.7681219578,0.6172382236,1
1615,2017,-0.1706825495,0.1351430416,1
1647,33,5.556567669,3.069553375,1
1647,65,4.099377632,1.777847409,1
1647,97,2.695449829,0.4927568436,1
1647,129,2.113610744,0.3846827447,1
1647,161,2.064405918,0.4117154479,1
1647,193,1.548054934,0.5062991381,1
1647,225,1.298721075,1.425266981,1
1647,257,3.96217823,1.217794418,1
1647,289,1.295728803,1.794682622,1
1647,321,NaN,NaN,2
1647,353,NaN,NaN,2
1647,385,-0.2472569942,1.921714306,1
1647,417,-0.2244859934,3.4372015,1
1647,449,1.278491974,4.635166645,1
1647,481,2.175024509,5.116516113,1
1647,513,2.700584412,5.265693665,1
1647,545,3.233106613,4.853719234,1
1647,577,3.384980679,4.757969379,1
1647,609,3.923209429,4.352763176,1
1647,641,4.593784332,4.132011414,1
1647,673,3.574080706,5.201412201,1
1647,705,3.440224886,4.264847755,1
1647,737,3.608778477,4.01039362,1
1647,769,3.589615583,5.503486156,1
1647,801,2.030949354,4.913273335,1
1647,833,NaN,NaN,2
1647,865,NaN,NaN,2
1647,897,0.7026439905,4.969028473,1
1647,929,1.541143298,5.058368206,1
1647,961,1.882677078,5.98660183,1
1647,993,4.236243725,5.834659576,1
1647,1025,5.303024292,4.664309978,1
1647,1057,3.985331535,3.632397175,1
1647,1089,3.550584078,2.827783585,1
1647,1121,1.183214068,2.932777405,1
1647,1153,1.209790826,3.351705551,1
1647,1185,1.563565969,3.834819317,1
1647,1217,1.880961537,3.359776974,1
1647,1249,1.829547524,3.744566441,1
1647,1281,0.6061774492,2.645648718,1
1647,1313,0.3370010853,2.412851572,1
1647,1345,1.834850788,3.008100986,1
1647,1377,1.677705765,3.398765802,1
1647,1409,2.410132885,3.555195332,1
1647,1441,3.482677221,2.538140774,1
1647,1473,5.048176765,1.818208456,1
1647,1505,4.622318268,1.621142864,1
1647,1537,4.800193787,2.186164141,1
1647,1569,5.32053566,2.442165375,1
1647,1601,6.222425461,1.498929739,1
1647,1633,6.674902439,-1.407503009,1
1647,1665,6.8122015,0.5347156525,1
1647,1697,6.44403553,0.2722994089,1
1647,1729,NaN,NaN,2
1647,1761,5.219776154,0.4318983555,1
1647,1793,5.736122131,0.9832108021,1
1647,1825,5.830512047,0.2376139313,1
1647,1857,4.094989777,0.8011985421,1
1647,1889,NaN,NaN,2
1647,1921,NaN,NaN,2
1647,1953,NaN,NaN,2
1647,1985,0.3026643395,0.513928175,1
1647,2017,-0.2274317145,0.009589038789,1
1679,33,4.053293228,3.445123196,1
1679,65,4.172374725,2.470142126,1
1679,97,2.466981411,0.5907487869,1
1679,129,2.026378155,0.4720464647,1
1679,161,1.910634279,0.5187551975,1
1679,193,1.407407403,0.5090271831,1
1679,225,-0.3680225611,-0.6490628123,1
1679,257,0.8757263422,0.7398707867,1
1679,289,1.641177177,1.627980828,1
1679,321,1.989480019,2.357799053,1
1679,353,2.791324377,1.917230606,1
1679,385,2.588096619,1.948328495,1
1679,417,1.412482381,2.218710184,1
1679,449,0.8588461876,4.651293755,1
1679,481,1.706002235,5.74361515,1
1679,513,1.78880477,5.544354916,1
1679,545,NaN,NaN,2
1679,577,3.399920225,5.16836834,1
1679,609,3.678397655,4.701309204,1
1679,641,4.255210876,4.204650402,1
1679,673,3.541882038,5.20504427,1
1679,705,2.87309432,3.80116415,1
1679,737,2.234805346,3.013537407,1
1679,769,1.046023369,4.277348518,1
1679,801,1.475126863,3.813225746,1
1679,833,2.22983861,3.745502472,1
1679,865,1.857796192,5.394656181,1
1679,897,1.223516345,4.891365528,1
1679,929,1.101872921,4.514012337,1
1679,961,3.381050348,4.921059608,1
1679,993,4.27621603,6.762263298,1
1679,1025,1.787882209,5.938663483,1
1679,1057,3.098949432,4.349526405,1
1679,1089,3.942675352,3.89534831,1
1679,1121,-0.5351353884,3.221737862,1
1679,1153,1.000741601,3.554640532,1
1679,1185,1.833381534,3.196989536,1
1679,1217,2.130311489,2.959285975,1
1679,1249,1.180773377,3.134324789,1
1679,1281,-0.4231542349,2.99938941,1
1679,1313,0.9219484329,2.05034852,1
1679,1345,2.165330887,1.981331587,1
1679,1377,2.436405659,2.870638609,1
1679,1409,1.666071415,4.137825012,1
1679,1441,4.734977245,3.136232853,1
1679,1473,5.574764729,2.173683643,1
1679,1505,5.26818943,2.316337824,1
1679,1537,4.727740288,3.029712677,1
1679,1569,5.272644997,3.444529533,1
1679,1601,6.51354599,1.720891595,1
1679,1633,6.72937727,-1.284009695,1
1679,1665,7.607540131,-0.803845942,1
1679,1697,6.336808205,-2.309401989,1
1679,1729,NaN,NaN,2
1679,1761,4.650432587,0.2351475507,1
1679,1793,4.506458759,1.116221905,1
1679,1825,3.998588562,0.1837241203,1
1679,1857,2.88779211,0.4485589564,1
1679,1889,2.175386429,2.464940548,1
1679,1921,1.168668628,0.5102820396,1
1679,1953,0.5834305286,1.267174006,1
1679,1985,0.607062757,0.4901598692,1
1679,2017,1.528160572,0.04997861385,1
1711,33,3.713631153,1.910042286,1
1711,65,2.145714521,1.837086201,1
1711,97,NaN,NaN,2
1711,129,1.507537603,2.330784559,1
1711,161,1.262455225,1.856142521,1
1711,193,1.35306704,0.593349874,1
1711,225,0.801399231,-1.441009998,1
1711,257,0.7031978369,0.02152192593,1
1711,289,1.984330654,2.137923717,1
1711,321,2.347936153,2.383141518,1
1711,353,3.124571085,2.291947126,1
1711,385,NaN,NaN,2
1711,417,2.37120676,2.044424057,1
1711,449,1.839593172,4.339765072,1
1711,481,1.677577257,7.62116909,1
1711,513,0.3325089216,8.603411674,1
1711,545,-1.792046309,10.73181534,1
1711,577,NaN,NaN,2
1711,609,3.366152048,8.010196686,1
1711,641,1.519209385,5.200951099,1
1711,673,2.614488602,3.715634346,1
1711,705,1.142492056,3.383869171,1
1711,737,0.7663960457,4.431500912,1
1711,769,NaN,NaN,2
1711,801,1.050890803,3.742226124,1
1711,833,1.579946637,4.499616623,1
1711,865,3.116270781,4.334469795,1
1711,897,1.909249544,3.175187588,1
1711,929,-0.0304172039,4.615628719,1
1711,961,0.869807601,4.800879478,1
1711,993,0.9900566936,5.770980358,1
1711,1025,0.9386645555,5.982303619,1
1711,1057,1.618725777,5.350930691,1
1711,1089,2.687249422,4.262935162,1
1711,1121,1.492292881,3.573817492,1
1711,1153,1.464299917,3.621391296,1
1711,1185,1.741154313,2.925952435,1
1711,1217,1.558965087,2.59124732,1
1711,1249,1.093321562,3.108291626,1
1711,1281,0.9968806505,3.078686714,1
1711,1313,1.870673656,2.340301514,1
1711,1345,2.489784718,2.051739454,1
1711,1377,2.784612656,2.216948032,1
1711,1409,3.72235322,2.904947042,1
1711,1441,5.388875008,2.868051529,1
1711,1473,7.556839466,3.137382984,1
1711,1505,5.45438385,2.784560204,1
1711,1537,4.417784214,3.729756117,1
1711,1569,4.937403202,3.384201527,1
1711,1601,5.269805908,1.640202284,1
1711,1633,5.564103127,-1.53529799,1
1711,1665,5.850520134,-3.405310869,1
1711,1697,NaN,NaN,2
1711,1729,NaN,NaN,2
1711,1761,3.708852768,0.4238658249,1
1711,1793,NaN,NaN,2
1711,1825,NaN,NaN,2
1711,1857,1.187999725,0.3030227125,1
1711,1889,0.9848040938,1.378026605,1
1711,1921,0.4148134589,0.3330469728,1
1711,1953,-0.431471765,-0.05954552442,1
1711,1985,-0.3553164005,0.09751293808,1
1711,2017,1.437099695,0.160958901,1
1743,33,NaN,NaN,2
1743,65,NaN,NaN,2
1743,97,NaN,NaN,2
1743,129,0.5875309706,4.077260494,1
1743,161,2.479377508,3.923184395,1
1743,193,1.287532449,1.307220578,1
1743,225,1.647109509,1.317675114,1
1743,257,1.572612286,1.969577789,1
1743,289,1.733773351,2.098196268,1
1743,321,2.491014004,2.245319843,1
1743,353,1.705872059,1.932695866,1
1743,385,2.138267279,2.115317106,1
1743,417,2.974692345,2.557057858,1
1743,449,2.770663738,4.17185688,1
1743,481,2.055223942,6.426195145,1
1743,513,2.223773479,6.926788807,1
1743,545,0.1023187637,9.707422256,1
1743,577,NaN,NaN,2
1743,609,1.971022367,6.622550488,1
1743,641,0.75938797,6.488609791,1
1743,673,1.748039722,3.766261578,1
1743,705,NaN,NaN,2
1743,737,NaN,NaN,2
1743,769,NaN,NaN,2
1743,801,1.09476018,4.441349983,1
1743,833,2.004522324,5.34442997,1
1743,865,1.779767752,4.354449749,1
1743,897,1.026464701,2.515846729,1
1743,929,-0.594570756,4.328607082,1
1743,961,0.2839766145,4.830884933,1
1743,993,0.8896688819,5.076865196,1
1743,1025,1.110032916,5.298645496,1
1743,1057,0.5353627205,5.432477951,1
1743,1089,1.21149075,4.123356819,1
1743,1121,2.034976482,4.08987236,1
1743,1153,2.174715757,4.757917404,1
1743,1185,2.479032993,3.219838858,1
1743,1217,1.163040638,2.620823145,1
1743,1249,0.6265385151,2.892510414,1
1743,1281,2.058008194,2.625736952,1
1743,1313,1.694081306,3.394315243,1
1743,1345,2.002942562,2.789271593,1
1743,1377,2.208796263,2.239347696,1
1743,1409,3.34644413,2.629931927,1
1743,1441,5.021488667,2.483887434,1
1743,1473,5.822724342,2.368187904,1
1743,1505,5.359039307,2.362392902,1
1743,1537,4.189208984,3.600864887,1
1743,1569,5.141931534,2.760228872,1
1743,1601,7.751815796,2.528905869,1
1743,1633,NaN,NaN,2
1743,1665,4.60223484,-4.993973255,1
1743,1697,NaN,NaN,2
1743,1729,4.740593433,-2.49110508,1
1743,1761,3.184048176,-0.4639362097,1
1743,1793,1.212413788,0.2721162736,1
1743,1825,-0.3343729973,-0.5572344661,1
1743,1857,0.05858981609,-0.4762862921,1
1743,1889,-0.2576445341,0.1600405574,1
1743,1921,-0.641102612,0.1091970503,1
1743,1953,-1.08907032,-0.7048796415,1
1743,1985,-0.7945916653,-0.4415195286,1
1743,2017,0.6627488136,-0.0859080106,1
1775,33,NaN,NaN,2
1775,65,NaN,NaN,2
1775,97,1.144185543,5.943293095,1
1775,129,-1.737525702,2.294730663,1
1775,161,-1.408159256,1.824127316,1
1775,193,-0.241773963,1.821438789,1
1775,225,1.380095959,3.229030132,1
1775,257,1.707527757,3.291779518,1
1775,289,1.86962831,2.179169178,1
1775,321,2.570593834,1.767126322,1
1775,353,1.740781546,2.413202286,1
1775,385,1.376348495,2.548549175,1
1775,417,2.246380091,2.413377762,1
1775,449,2.992186785,0.8434362411,1
1775,481,NaN,NaN,2
1775,513,2.529991627,-0.1480998993,1
1775,545,2.510583162,0.6607570648,1
1775,577,3.158715725,5.281495094,1
1775,609,3.517457247,5.628531933,1
1775,641,2.808390141,5.579350471,1
1775,673,2.097463846,4.120663166,1
1775,705,1.605260372,3.901590824,1
1775,737,NaN,NaN,2
1775,769,-0.6664500833,3.887506008,1
1775,801,0.536192894,4.039164066,1
1775,833,1.179090023,4.457986832,1
1775,865,0.845616281,4.751275063,1
1775,897,-0.2403140068,2.559851646,1
1775,929,0.07541731,4.707304955,1
1775,961,-0.04338735342,5.364487171,1
1775,993,0.619052887,5.233221054,1
1775,1025,0.7831193805,4.903103352,1
1775,1057,-0.1855402589,5.259641171,1
1775,1089,0.6725851297,4.215298653,1
1775,1121,1.290771008,3.732126951,1
1775,1153,1.57094872,3.455423117,1
1775,1185,1.572304964,2.67602849,1
1775,1217,1.114359736,2.513503075,1
1775,1249,1.261594892,2.996568918,1
1775,1281,2.545345306,1.843813181,1
1775,1313,1.76159513,2.322331667,1
1775,1345,1.644782066,2.79556036,1
1775,1377,1.932420969,2.646741152,1
1775,1409,2.537365675,2.544733524,1
1775,1441,2.862366676,1.945527315,1
1775,1473,2.830455303,1.632294774,1
1775,1505,3.216146946,1.867051482,1
1775,1537,3.309488297,2.38522625,1
1775,1569,NaN,NaN,2
1775,1601,NaN,NaN,2
1775,1633,NaN,NaN,2
1775,1665,NaN,NaN,2
1775,1697,3.48342371,-2.525443554,1
1775,1729,3.720827103,-2.026647091,1
1775,1761,2.662943125,-1.251317978,1
1775,1793,0.9281213284,-0.1111719012,1
1775,1825,-0.1953991055,-0.2972344756,1
1775,1857,-0.5146458149,-0.5692156553,1
1775,1889,-0.9221994877,-0.4657760859,1
1775,1921,-1.141080499,-0.001083910465,1
1775,1953,-2.281406403,-0.2709299922,1
1775,1985,-1.921783209,-0.702922821,1
1775,2017,0.1327308714,0.1599840969,1
1807,33,3.09276104,0.0715316534,1
1807,65,NaN,NaN,2
1807,97,NaN,NaN,2
1807,129,-2.210587263,2.690072536,1
1807,161,-2.473326921,2.303543806,1
1807,193,0.5001370311,3.216228485,1
1807,225,2.176911592,3.750151396,1
1807,257,2.434004307,2.231828213,1
1807,289,2.918872356,2.021180391,1
1807,321,2.373170853,3.831012726,1
1807,353,1.405278683,3.319947481,1
1807,385,1.47872448,3.034541368,1
1807,417,-0.4755738974,3.545749903,1
1807,449,1.499049664,1.087768555,1
1807,481,2.220983267,-1.380423069,1
1807,513,2.606441021,0.3322422504,1
1807,545,NaN,NaN,2
1807,577,NaN,NaN,2
1807,609,4.82158041,5.091039658,1
1807,641,4.59754467,5.152416229,1
1807,673,3.541628599,7.145731926,1
1807,705,NaN,NaN,2
1807,737,1.143276691,4.905099392,1
1807,769,0.2296729088,4.367565632,1
1807,801,-0.2155068517,3.671600342,1
1807,833,-1.279505372,3.269062996,1
1807,865,-1.885443568,4.522229195,1
1807,897,-2.329542875,4.221075058,1
1807,929,-1.543446183,4.222574711,1
1807,961,-0.9408090115,6.065010548,1
1807,993,-0.5225676298,5.921945572,1
1807,1025,-0.192917347,5.521469593,1
1807,1057,-0.1287754774,4.873607159,1
1807,1089,0.2598394752,3.930053234,1
1807,1121,0.7560994625,3.16364789,1
1807,1153,0.7372341156,2.653398275,1
1807,1185,0.8694359064,2.470420122,1
1807,1217,1.098426819,3.362813711,1
1807,1249,1.644472837,3.04920578,1
1807,1281,2.103903532,1.911850691,1
1807,1313,2.022800446,1.86315465,1
1807,1345,1.476347208,2.228224516,1
1807,1377,2.345356941,1.956951857,1
1807,1409,2.533092976,2.40223074,1
1807,1441,1.953085899,1.751819491,1
1807,1473,0.4664537907,1.336647153,1
1807,1505,0.4243099689,1.313551068,1
1807,1537,0.9840044975,1.715496778,1
1807,1569,NaN,NaN,2
1807,1601,NaN,NaN,2
1807,1633,-5.277207375,-0.6584154367,1
1807,1665,-0.5528180599,-3.518083572,1
1807,1697,0.6198167801,-3.618567705,1
1807,1729,2.452913523,-0.8130894899,1
1807,1761,2.057615995,-0.3366743326,1
1807,1793,0.6091866493,-0.06148836017,1
1807,1825,-0.9271578789,0.03120908141,1
1807,1857,-0.8817615509,-0.2294784486,1
1807,1889,-0.817456007,-0.5829729438,1
1807,1921,-0.8434459567,0.0628118962,1
1807,1953,-2.532845497,-0.2963683307,1
1807,1985,-1.654020309,-0.3605855703,1
1807,2017,0.6570030451,0.1262994856,1
1839,33,-0.2563283443,0.8047041893,1
1839,65,-0.1443439573,3.209726334,1
1839,97,-0.6199467182,4.488882065,1
1839,129,-0.4842279851,5.94966507,1
1839,161,1.223687172,2.826501608,1
1839,193,0.9483852983,3.854802132,1
1839,225,1.432520747,4.696913242,1
1839,257,1.450275779,5.171561241,1
1839,289,0.7955833673,5.849455833,1
1839,321,1.067113996,4.829848289,1
1839,353,0.8131696582,4.679325104,1
1839,385,2.10335207,2.79168582,1
1839,417,0.8504090309,2.91909647,1
1839,449,0.6010822058,1.890037298,1
1839,481,1.745805025,0.9301798344,1
1839,513,2.682079315,1.85761857,1
1839,545,4.566981316,1.893507242,1
1839,577,NaN,NaN,2
1839,609,NaN,NaN,2
1839,641,NaN,NaN,2
1839,673,NaN,NaN,2
1839,705,3.540574312,6.733047962,1
1839,737,2.105757952,5.232365131,1
1839,769,NaN,NaN,2
1839,801,NaN,NaN,2
1839,833,-0.6101007462,3.406454086,1
1839,865,-1.500100374,5.205967903,1
1839,897,-2.018577337,6.253427029,1
1839,929,-1.84249711,7.289255142,1
1839,961,-1.374091268,6.500343323,1
1839,993,-0.8926411867,6.026529312,1
1839,1025,0.05001024902,5.700907707,1
1839,1057,0.06301417947,5.174394608,1
1839,1089,0.2770217657,4.068026543,1
1839,1121,0.5700163245,3.020482779,1
1839,1153,0.7539542317,2.262929201,1
1839,1185,1.04993391,2.017567873,1
1839,1217,1.323429585,2.414465189,1
1839,1249,1.755282998,2.416347265,1
1839,1281,2.249607086,1.90077734,1
1839,1313,2.071959496,1.08695662,1
1839,1345,1.809734941,1.39613533,1
1839,1377,1.740592003,1.856944561,1
1839,1409,1.211946487,1.882701874,1
1839,1441,0.7416410446,1.175038099,1
1839,1473,-0.04707968235,0.1823935509,1
1839,1505,-0.3933000565,0.2170286179,1
1839,1537,0.1707471013,0.9823606014,1
1839,1569,NaN,NaN,2
1839,1601,NaN,NaN,2
1839,1633,NaN,NaN,2
1839,1665,-0.8494270444,-1.404566765,1
1839,1697,0.6840594411,-0.5297366381,1
1839,1729,NaN,NaN,2
1839,1761,1.991801858,1.181472778,1
1839,1793,0.7342410684,0.9716486335,1
1839,1825,-0.05306228995,0.1540306509,1
1839,1857,-0.3614781499,0.3819273412,1
1839,1889,-0.1768327653,-0.1639006287,1
1839,1921,0.6551049948,0.1440847814,1
1839,1953,0.009611696005,0.1489988118,1
1839,1985,0.7784432173,-0.02615134418,1
1839,2017,1.328293085,-0.6778532267,1
1871,33,0.3693105578,3.430319071,1
1871,65,-1.177931547,2.087283611,1
1871,97,-1.32686317,1.721371531,1
1871,129,-0.3839513659,3.619451761,1
1871,161,1.519344091,4.056494713,1
1871,193,0.8981431723,4.221474648,1
1871,225,0.9693506956,5.093457222,1
1871,257,0.3743693829,5.330025673,1
1871,289,0.1048158407,7.017041206,1
1871,321,0.4321584702,5.130239964,1
1871,353,0.676877737,4.026204109,1
1871,385,NaN,NaN,2
1871,417,NaN,NaN,2
1871,449,1.086658716,2.058410168,1
1871,481,1.915881157,2.199698925,1
1871,513,1.628304958,2.902295589,1
1871,545,2.33885622,3.214216471,1
1871,577,3.090481281,3.977471352,1
1871,609,2.823439598,3.036333561,1
1871,641,3.419752598,4.280944824,1
1871,673,3.180393696,4.782526016,1
1871,705,2.328018188,6.186228752,1
1871,737,2.195947886,6.138726711,1
1871,769,2.505880833,5.163558483,1
1871,801,1.575052738,4.30834198,1
1871,833,-0.0489153862,3.336883545,1
1871,865,-1.107320189,5.09712553,1
1871,897,-1.56035161,6.169137955,1
1871,929,-1.782185435,6.683759212,1
1871,961,-1.396959543,6.251344681,1
1871,993,0.7913777828,6.025956631,1
1871,1025,0.3791918755,6.077295303,1
1871,1057,0.3427340984,5.582826614,1
1871,1089,0.8948500752,4.417098045,1
1871,1121,1.158682108,4.51235199,1
1871,1153,0.9594461322,1.901763201,1
1871,1185,1.320382118,1.77928257,1
1871,1217,1.724860787,2.20827055,1
1871,1249,1.722916126,2.348443031,1
1871,1281,1.817292929,2.059833288,1
1871,1313,2.220061779,1.855121136,1
1871,1345,2.234326601,1.711530209,1
1871,1377,1.847792268,1.443619847,1
1871,1409,1.369403601,1.392111778,1
1871,1441,0.990962863,0.7302408218,1
1871,1473,0.8532491922,0.7956746817,1
1871,1505,0.6172665358,0.7521900535,1
1871,1537,0.2531101704,0.6085232496,1
1871,1569,-3.252051115,3.210941315,1
1871,1601,-4.008535385,2.271260738,1
1871,1633,-0.7937518358,-0.4380501509,1
1871,1665,NaN,NaN,2
1871,1697,-0.1887569427,-0.6716976166,1
1871,1729,0.7702432871,-0.7445639372,1
1871,1761,1.364755154,1.52401793,1
1871,1793,0.9211897254,1.334716916,1
1871,1825,0.7262738943,0.8111958504,1
1871,1857,2.249601364,1.970360637,1
1871,1889,0.4655010104,0.9209555387,1
1871,1921,0.3558011651,2.360036373,1
1871,1953,0.7895557284,0.948805511,1
1871,1985,1.141746521,-0.05395404994,1
1871,2017,1.248533487,-1.640551329,1
1903,33,1.057719231,5.3114748,1
1903,65,-2.013652325,1.113306642,1
1903,97,NaN,NaN,2
1903,129,-1.314889073,0.5790500641,1
1903,161,2.123789787,2.647735596,1
1903,193,1.068154097,4.11863184,1
1903,225,0.9356193542,4.532252312,1
1903,257,0.436288774,4.743740559,1
1903,289,0.1427892447,6.564396381,1
1903,321,-0.2195363045,4.975700378,1
1903,353,0.01458716393,3.558949232,1
1903,385,0.9578762054,1.346572876,1
1903,417,0.8979511261,2.663727999,1
1903,449,1.486123681,2.519765615,1
1903,481,1.87719667,2.630268097,1
1903,513,1.519657969,4.008447647,1
1903,545,1.626055121,4.615411758,1
1903,577,1.616524696,4.154667377,1
1903,609,1.63041091,4.548852921,1
1903,641,1.72714591,4.773112297,1
1903,673,1.857682705,4.5854249,1
1903,705,1.679944873,4.775526047,1
1903,737,1.184355259,6.14943552,1
1903,769,1.328951716,4.277740955,1
1903,801,0.8950355053,4.507929802,1
1903,833,0.1263768375,3.650174618,1
1903,865,-0.6796481609,5.110551834,1
1903,897,-0.8256047964,5.218976974,1
1903,929,-1.093626976,5.215650082,1
1903,961,-0.6072232723,5.431079865,1
1903,993,0.2152880132,5.08659029,1
1903,1025,1.531154394,5.323080063,1
1903,1057,0.8095249534,5.022136688,1
1903,1089,1.103270173,4.585851192,1
1903,1121,1.502553463,4.402013779,1
1903,1153,-0.4954955578,3.662470102,1
1903,1185,1.037233472,2.211018562,1
1903,1217,1.025444984,2.086862564,1
1903,1249,1.21674037,2.399640083,1
1903,1281,1.396228909,2.20156312,1
1903,1313,2.123148918,2.476652622,1
1903,1345,2.954764128,1.780116439,1
1903,1377,2.620536566,1.29265976,1
1903,1409,1.675015211,1.304071069,1
1903,1441,1.548070192,0.41862607,1
1903,1473,1.26925385,0.6037153602,1
1903,1505,0.7441709042,0.8215786815,1
1903,1537,0.2303565145,0.2980806231,1
1903,1569,-1.112968326,1.406006575,1
1903,1601,NaN,NaN,2
1903,1633,-1.301658869,-0.3244839013,1
1903,1665,-1.179523349,-1.61235261,1
1903,1697,-0.436637938,-1.526471257,1
1903,1729,0.07314518094,-0.04247120023,1
1903,1761,0.630957067,0.6621580124,1
1903,1793,0.5864693522,0.8466331959,1
1903,1825,0.4333120286,0.5940965414,1
1903,1857,0.6490881443,0.9814304113,1
1903,1889,0.7466806769,1.163431644,1
1903,1921,0.6579852104,2.814669132,1
1903,1953,1.292520165,1.662396073,1
1903,1985,1.686200857,-0.2512649298,1
1903,2017,2.278044224,-2.554956913,1
1935,33,NaN,NaN,2
1935,65,-2.040169477,1.132207394,1
1935,97,-3.109669685,-1.668804288,1
1935,129,-2.146018982,0.3831879199,1
1935,161,0.9902718663,1.747368813,1
1935,193,0.8235386014,3.262142658,1
1935,225,0.5824111104,3.021169186,1
1935,257,NaN,NaN,2
1935,289,1.472061872,4.869570255,1
1935,321,-0.5310370922,5.117219448,1
1935,353,-0.8586834669,3.267899275,1
1935,385,0.6599633694,-0.7637808323,1
1935,417,NaN,NaN,2
1935,449,NaN,NaN,2
1935,481,1.656270385,4.597701073,1
1935,513,2.176309586,4.331127644,1
1935,545,1.520964384,3.618732452,1
1935,577,1.265942812,2.3458848,1
1935,609,1.620851994,4.557199001,1
1935,641,1.522297382,4.667975426,1
1935,673,1.52424264,4.534229755,1
1935,705,1.636177421,4.466983318,1
1935,737,1.152195692,4.763113022,1
1935,769,0.7773712873,4.829376698,1
1935,801,0.5401940942,5.317958832,1
1935,833,0.004674375057,6.00138855,1
1935,865,-0.4010253549,5.625754356,1
1935,897,-0.4796511531,4.813244343,1
1935,929,-0.7242316008,4.37371254,1
1935,961,-0.7835988998,4.654952526,1
1935,993,-0.1365029365,3.340736389,1
1935,1025,0.08383965492,4.605805397,1
1935,1057,0.2231142521,4.645849705,1
1935,1089,0.3503676057,4.21260643,1
1935,1121,1.558271885,2.651012182,1
1935,1153,0.08045732975,3.493091106,1
1935,1185,0.2372912169,3.749744415,1
1935,1217,0.7537260056,2.58425951,1
1935,1249,0.5704714656,2.571352243,1
1935,1281,-0.5363862514,1.869022608,1
1935,1313,0.995318532,2.154066563,1
1935,1345,2.013821602,1.517695189,1
1935,1377,1.89845109,1.123438001,1
1935,1409,1.056745648,1.048461914,1
1935,1441,1.344699144,0.4030775428,1
1935,1473,1.046193123,0.4115021229,1
1935,1505,0.6481310129,0.4743844271,1
1935,1537,0.2818739414,0.3614060581,1
1935,1569,NaN,NaN,2
1935,1601,-1.272499323,0.06531375647,1
1935,1633,-2.721336126,-0.7290199995,1
1935,1665,-3.262040138,-1.014874697,1
1935,1697,-2.282558918,-2.00997591,1
1935,1729,-2.280603409,-0.3288233876,1
1935,1761,0.2149196565,0.08003479242,1
1935,1793,0.2137358189,0.05608391762,1
1935,1825,-0.02070325613,-0.03110525012,1
1935,1857,0.699336648,0.2327024937,1
1935,1889,0.6210020781,1.008262038,1
1935,1921,0.7990176678,1.212444305,1
1935,1953,1.606574297,1.067345023,1
1935,1985,2.349198818,0.09135071933,1
1935,2017,2.69474411,-2.098591805,1
1967,33,0.03837800026,1.636989117,1
1967,65,-0.7434617281,1.965699792,1
1967,97,NaN,NaN,2
1967,129,-1.051532626,1.483785868,1
1967,161,-0.2711774707,1.677112579,1
1967,193,0.358301878,1.754741907,1
1967,225,-0.2227463126,3.925440311,1
1967,257,0.4842829108,6.00619173,1
1967,289,0.2123553157,4.984745026,1
1967,321,-0.7518715858,2.858502865,1
1967,353,-2.638514519,0.2999176979,1
1967,385,-0.2399203181,0.2130975723,1
1967,417,1.244127512,0.6159906387,1
1967,449,0.2078332901,5.219992161,1
1967,481,1.493366122,5.652308464,1
1967,513,2.092480659,4.346528053,1
1967,545,2.082378387,2.554736137,1
1967,577,2.097541571,1.7910254,1
1967,609,2.479219913,2.827340364,1
1967,641,2.500170469,4.044221878,1
1967,673,1.738491774,4.599507332,1
1967,705,NaN,NaN,2
1967,737,1.485978961,5.913396835,1
1967,769,0.7951356173,6.064766407,1
1967,801,0.7203996181,6.691727161,1
1967,833,-0.09957647324,7.351015091,1
1967,865,-1.180170178,6.014146328,1
1967,897,-0.4863662124,5.082864285,1
1967,929,-0.4917252064,3.491657257,1
1967,961,-0.5084490776,4.158392906,1
1967,993,-0.09826362133,4.99352026,1
1967,1025,0.2747319341,4.793741703,1
1967,1057,-0.4864060283,4.231553555,1
1967,1089,1.346629381,3.299951077,1
1967,1121,0.4811285734,3.6579566,1
1967,1153,-1.361467123,4.269122601,1
1967,1185,-1.276955485,4.345196724,1
1967,1217,1.345298648,3.285386562,1
1967,1249,0.6814201474,2.506896496,1
1967,1281,0.4746162295,2.108027935,1
1967,1313,0.5351117253,1.738845348,1
1967,1345,0.5862047672,1.455042958,1
1967,1377,0.2940279245,1.23060739,1
1967,1409,0.1080487967,1.026258826,1
1967,1441,0.04950881004,0.6553012729,1
1967,1473,0.004749178886,0.2587041855,1
1967,1505,-0.1166627407,0.1095421314,1
1967,1537,-1.004799604,-0.3625053167,1
1967,1569,-2.350975752,-0.543620348,1
1967,1601,-3.508031845,-0.01273310184,1
1967,1633,-5.284417152,-0.4378139973,1
1967,1665,-5.00298357,-2.480370045,1
1967,1697,-2.454794407,-2.336390495,1
1967,1729,-1.884214282,-0.7160688043,1
1967,1761,0.5548080206,-0.4712495804,1
1967,1793,0.7253275514,-1.194348574,1
1967,1825,0.5597285628,-0.7941625714,1
1967,1857,0.5746212006,0.03060781956,1
1967,1889,0.4163345098,0.9171680212,1
1967,1921,1.323857069,0.6440849304,1
1967,1953,2.532044649,0.2864534259,1
1967,1985,2.437624216,0.06933298707,1
1967,2017,2.309270859,-0.03167796135,1
1999,33,0.397554636,-1.064245224,1
1999,65,NaN,NaN,2
1999,97,3.386208534,4.159626484,1
1999,129,1.528051019,4.641180038,1
1999,161,-0.2439428568,3.09218812,1
1999,193,-1.437922239,2.647623062,1
1999,225,-0.1959584951,5.674552441,1
1999,257,0.5935175419,6.635943413,1
1999,289,-0.09645026922,3.580739498,1
1999,321,-1.232439041,-1.422571182,1
1999,353,NaN,NaN,2
1999,385,-1.713691473,0.9757080078,1
1999,417,0.5188260078,3.995399475,1
1999,449,0.7035045624,5.28926897,1
1999,481,2.036641598,5.289517403,1
1999,513,3.213876724,3.935219288,1
1999,545,0.6523728371,4.13176918,1
1999,577,1.077156067,2.825873852,1
1999,609,4.389575958,2.457124949,1
1999,641,4.487979889,4.407904148,1
1999,673,NaN,NaN,2
1999,705,-4.627604485,7.192985535,1
1999,737,2.297068357,7.893368721,1
1999,769,1.127910972,8.503602982,1
1999,801,0.6153407693,9.199523926,1
1999,833,NaN,NaN,2
1999,865,-0.8740016222,6.911991596,1
1999,897,-0.02966499329,6.163540363,1
1999,929,0.909435153,4.120435715,1
1999,961,0.2546762228,5.038502216,1
1999,993,-0.3862892389,6.487947464,1
1999,1025,-0.09550204873,6.64380312,1
1999,1057,-1.208627224,4.560954571,1
1999,1089,NaN,NaN,2
1999,1121,-1.374743938,4.19649744,1
1999,1153,-3.848031044,5.958388329,1
1999,1185,-3.395537853,5.732943535,1
1999,1217,-1.131570458,2.76488471,1
1999,1249,0.334107995,2.466163158,1
1999,1281,0.6712208986,2.177454948,1
1999,1313,0.3346321583,1.229105353,1
1999,1345,-0.4935988188,1.337966681,1
1999,1377,-1.580900908,1.488223553,1
1999,1409,-2.249805689,1.632287025,1
1999,1441,-2.331794024,1.418846369,1
1999,1473,-2.109949112,0.5668834448,1
1999,1505,-2.046286106,0.08542513847,1
1999,1537,-2.947770834,-1.017358661,1
1999,1569,-1.910816669,-1.523564816,1
1999,1601,-2.567340851,-2.575388432,1
1999,1633,-8.166402817,-1.607521057,1
1999,1665,NaN,NaN,2
1999,1697,-2.691674232,-2.369295597,1
1999,1729,-0.6718968153,-1.856929064,1
1999,1761,1.199811697,-1.257709622,1
1999,1793,1.654193401,-2.941705704,1
1999,1825,1.164835215,-0.232209444,1
1999,1857,0.1419002712,0.9552702308,1
1999,1889,0.4169565439,0.001025557518,1
1999,1921,1.839378357,-1.001774311,1
1999,1953,2.85196209,-1.117055893,1
1999,1985,2.354250908,0.3935889602,1
1999,2017,0.4809868336,0.4179010391,1
