PIVlab, ASCII chart output - 23-Oct-2024
FRAME: 39, filenames: A:[39]AVI_Pos00d_TimeSrs0000_TgUtrmcherry_K4K8MO.avi & B:[40]AVI_Pos00d_TimeSrs0000_TgUtrmcherry_K4K8MO.avi, conversion factor xy (px -> m): 1, conversion factor uv (px/frame -> m/s): 1
x [px],y [px],u [px/frame],v [px/frame],Vector type [-]
47,33,NaN,NaN,2
47,65,NaN,NaN,2
47,97,NaN,NaN,2
47,129,-0.1409878731,-2.459701061,1
47,161,0.4714062214,-4.06737709,1
47,193,1.78317225,-3.730164528,1
47,225,NaN,NaN,2
47,257,NaN,NaN,2
47,289,NaN,NaN,2
47,321,NaN,NaN,2
47,353,-0.9214949608,-2.070354223,1
47,385,-6.223014832,-3.636164904,1
47,417,-5.815718651,-2.828657627,1
47,449,-4.713034153,0.5657994747,1
47,481,-2.674470901,0.96892488,1
47,513,0.3590698242,-0.7293881178,1
47,545,NaN,NaN,2
47,577,9.412687302,2.509410381,1
47,609,6.751379967,-3.036022186,1
47,641,6.283929825,-3.786948681,1
47,673,4.807918549,-4.557486534,1
47,705,5.317595482,-5.134046555,1
47,737,7.998112679,-5.441298485,1
47,769,4.561505795,-6.863298416,1
47,801,2.729603291,-6.108205318,1
47,833,5.267975807,-3.167390823,1
47,865,2.005592585,-1.535210848,1
47,897,-0.3407550454,-0.741653204,1
47,929,0.2020218372,-2.634440184,1
47,961,NaN,NaN,2
47,993,NaN,NaN,2
47,1025,1.084002256,-5.766843796,1
47,1057,1.751556873,-6.183132172,1
47,1089,1.472128153,-3.904563904,1
47,1121,NaN,NaN,2
47,1153,NaN,NaN,2
47,1185,-1.060579062,-5.47721529,1
47,1217,-1.826363325,-5.730122566,1
47,1249,NaN,NaN,2
47,1281,NaN,NaN,2
47,1313,NaN,NaN,2
47,1345,-0.6880106926,-1.044772148,1
47,1377,-3.641189098,-4.180016518,1
47,1409,-3.329705238,-1.857936978,1
47,1441,-0.7620387077,-1.995707035,1
47,1473,-1.014868259,-0.6329951286,1
47,1505,NaN,NaN,2
47,1537,-2.225594759,-1.218858719,1
47,1569,NaN,NaN,2
47,1601,-2.24678278,-4.306202888,1
47,1633,-3.081689119,-3.361512184,1
47,1665,-1.220026731,-6.08825779,1
47,1697,1.928253889,-2.384504795,1
47,1729,1.578129768,-3.606818199,1
47,1761,0.382068038,-3.468387604,1
47,1793,-1.19064045,-3.325592995,1
47,1825,-3.189408541,-1.302419782,1
47,1857,0.661636591,0.7208895087,1
47,1889,NaN,NaN,2
47,1921,-0.2548360527,0.04186886549,1
47,1953,0.2434478402,-0.819118917,1
47,1985,NaN,NaN,2
47,2017,-2.947875023,0.3048393726,1
79,33,5.390095234,1.674473763,1
79,65,NaN,NaN,2
79,97,1.090487003,-4.273254395,1
79,129,-0.7562009096,-2.229912281,1
79,161,-0.4375047982,-2.804016829,1
79,193,0.8903262615,-2.828815222,1
79,225,NaN,NaN,2
79,257,-1.426674485,-1.601161957,1
79,289,-0.9303849936,-0.8573070765,1
79,321,-1.244926929,-0.4649751186,1
79,353,-2.00773406,-0.9854719639,1
79,385,-4.144429207,-5.597260952,1
79,417,-3.425443172,-5.933577538,1
79,449,NaN,NaN,2
79,481,NaN,NaN,2
79,513,NaN,NaN,2
79,545,NaN,NaN,2
79,577,6.215096474,-1.741101027,1
79,609,5.628808975,-2.708398581,1
79,641,4.740557671,-4.067129135,1
79,673,3.863985538,-5.485887527,1
79,705,NaN,NaN,2
79,737,NaN,NaN,2
79,769,4.55980444,-6.253284931,1
79,801,4.394042015,-6.497582436,1
79,833,3.421287537,-2.827815533,1
79,865,0.7342418432,-2.618273973,1
79,897,-0.01879620552,-2.007970572,1
79,929,1.71201539,-4.089868546,1
79,961,NaN,NaN,2
79,993,NaN,NaN,2
79,1025,0.2437444329,-4.532539845,1
79,1057,0.7186391354,-4.286792755,1
79,1089,NaN,NaN,2
79,1121,NaN,NaN,2
79,1153,NaN,NaN,2
79,1185,-0.4428425729,-7.420650482,1
79,1217,-1.383763552,-7.466412544,1
79,1249,-1.569189072,-3.762984753,1
79,1281,0.2284418046,-0.2484443188,1
79,1313,2.098126888,-0.1418683529,1
79,1345,NaN,NaN,2
79,1377,NaN,NaN,2
79,1409,1.707258582,-3.113077641,1
79,1441,1.943013668,-2.630029202,1
79,1473,3.475453377,-2.287370682,1
79,1505,3.302986622,-1.135971427,1
79,1537,0.3285547495,-1.566968203,1
79,1569,0.8599467874,-1.904035687,1
79,1601,0.2536331713,-2.555250168,1
79,1633,-2.352538109,-3.175486565,1
79,1665,0.8269605041,-2.260650873,1
79,1697,3.478611231,-0.3675606251,1
79,1729,2.759905338,-0.07619583607,1
79,1761,0.4468353093,-0.09980273247,1
79,1793,-0.6879916191,-1.884033918,1
79,1825,-1.513750076,-0.9892014265,1
79,1857,NaN,NaN,2
79,1889,NaN,NaN,2
79,1921,NaN,NaN,2
79,1953,NaN,NaN,2
79,1985,NaN,NaN,2
79,2017,-0.4747915268,-0.1587747037,1
111,33,0.9355792999,1.089634299,1
111,65,NaN,NaN,2
111,97,NaN,NaN,2
111,129,-1.984782577,-2.883246899,1
111,161,-1.431917429,-1.402735472,1
111,193,-0.5683641434,-0.2283577919,1
111,225,-3.850400209,-1.965524435,1
111,257,-4.569312096,-1.88903451,1
111,289,-2.615908384,-1.695424914,1
111,321,-2.133524656,-1.488249779,1
111,353,-2.391227245,-2.701616764,1
111,385,-2.860554695,-5.564927578,1
111,417,-1.319301248,-5.235554695,1
111,449,NaN,NaN,2
111,481,NaN,NaN,2
111,513,NaN,NaN,2
111,545,NaN,NaN,2
111,577,5.974500179,-4.146792412,1
111,609,6.586605549,-3.38109684,1
111,641,NaN,NaN,2
111,673,NaN,NaN,2
111,705,NaN,NaN,2
111,737,NaN,NaN,2
111,769,2.72607851,-5.448852539,1
111,801,2.684120178,-5.736317158,1
111,833,1.48540163,-3.536679268,1
111,865,-0.3293171227,-3.067323446,1
111,897,-1.010624647,-2.705915928,1
111,929,-0.2634122074,-3.27610445,1
111,961,NaN,NaN,2
111,993,NaN,NaN,2
111,1025,-0.5920748115,-2.37182641,1
111,1057,-0.5383150578,-1.576461315,1
111,1089,-0.9013984203,-2.817642927,1
111,1121,NaN,NaN,2
111,1153,NaN,NaN,2
111,1185,NaN,NaN,2
111,1217,NaN,NaN,2
111,1249,-1.559480667,-3.262042999,1
111,1281,0.7144600153,-1.59137845,1
111,1313,1.558854938,-2.190269947,1
111,1345,NaN,NaN,2
111,1377,NaN,NaN,2
111,1409,NaN,NaN,2
111,1441,3.18323946,-2.780144691,1
111,1473,3.31769681,-2.867625713,1
111,1505,2.553897142,-2.137793303,1
111,1537,1.792608261,-2.273658514,1
111,1569,1.918062925,-2.135714293,1
111,1601,1.402825236,-1.550265193,1
111,1633,0.7249413729,-2.102068424,1
111,1665,1.052544117,0.1548521519,1
111,1697,0.8556413651,-0.3907247186,1
111,1729,NaN,NaN,2
111,1761,1.265852928,-0.2878448963,1
111,1793,NaN,NaN,2
111,1825,NaN,NaN,2
111,1857,NaN,NaN,2
111,1889,NaN,NaN,2
111,1921,NaN,NaN,2
111,1953,NaN,NaN,2
111,1985,NaN,NaN,2
111,2017,-0.1211163998,-0.5873115659,1
143,33,0.9914032817,2.323002338,1
143,65,0.9864096045,-4.300413132,1
143,97,NaN,NaN,2
143,129,NaN,NaN,2
143,161,NaN,NaN,2
143,193,-1.878892899,-0.3394891024,1
143,225,-3.380589962,-1.784237146,1
143,257,-2.240394354,-2.987564087,1
143,289,-2.064944506,-0.7944678068,1
143,321,-2.236338615,-0.7178176045,1
143,353,-1.312500238,-0.9734629393,1
143,385,-0.9836164713,-1.900574565,1
143,417,NaN,NaN,2
143,449,NaN,NaN,2
143,481,NaN,NaN,2
143,513,NaN,NaN,2
143,545,NaN,NaN,2
143,577,NaN,NaN,2
143,609,7.826416016,-4.913024902,1
143,641,NaN,NaN,2
143,673,NaN,NaN,2
143,705,NaN,NaN,2
143,737,1.212967753,-3.402925491,1
143,769,1.249549508,-4.288787842,1
143,801,0.8918032646,-4.586278439,1
143,833,-0.107239604,-3.694079638,1
143,865,-1.052966237,-2.438411474,1
143,897,-1.238550425,-1.936145782,1
143,929,-2.703531742,-1.103922844,1
143,961,-2.480148554,-2.25905776,1
143,993,-0.6378777027,-3.799084663,1
143,1025,-0.7591247559,-1.760803223,1
143,1057,-1.033173919,-0.9879492521,1
143,1089,-1.541452885,-2.188036919,1
143,1121,NaN,NaN,2
143,1153,NaN,NaN,2
143,1185,NaN,NaN,2
143,1217,NaN,NaN,2
143,1249,-0.636900723,-5.785055161,1
143,1281,-0.8804554939,-4.748388767,1
143,1313,-0.09970664978,-4.452946663,1
143,1345,0.2582238913,-3.931259394,1
143,1377,NaN,NaN,2
143,1409,NaN,NaN,2
143,1441,3.691845894,-2.535587549,1
143,1473,3.058828592,-3.567627907,1
143,1505,2.73368001,-2.766710043,1
143,1537,2.970767498,-3.822997093,1
143,1569,1.723296881,-2.282371283,1
143,1601,0.832243681,-1.147608161,1
143,1633,1.879126191,-1.375686169,1
143,1665,1.722391367,-0.8524637222,1
143,1697,1.76231575,-1.111763477,1
143,1729,1.988555193,-0.0004199743271,1
143,1761,0.4602481723,-0.2906060219,1
143,1793,-0.04275211692,-0.9039844275,1
143,1825,-0.0960047245,-1.216899276,1
143,1857,NaN,NaN,2
143,1889,0.06457263231,-2.808576584,1
143,1921,NaN,NaN,2
143,1953,NaN,NaN,2
143,1985,NaN,NaN,2
143,2017,0.9190196991,-0.9590997696,1
175,33,1.366583705,2.256607533,1
175,65,0.8867790699,-1.042120218,1
175,97,0.545814395,-1.635948896,1
175,129,0.04151894152,-1.769030094,1
175,161,-0.1594525576,-0.1814531386,1
175,193,-1.026919246,0.574398756,1
175,225,-2.361002445,0.4327078462,1
175,257,NaN,NaN,2
175,289,-0.791382432,0.4871547222,1
175,321,-0.6429450512,1.241018534,1
175,353,0.3113077581,1.179021597,1
175,385,-0.003858238459,0.3413155973,1
175,417,0.08238911629,0.1245917082,1
175,449,-0.3334926367,0.04277870059,1
175,481,NaN,NaN,2
175,513,NaN,NaN,2
175,545,10.59732533,-1.084965944,1
175,577,NaN,NaN,2
175,609,NaN,NaN,2
175,641,NaN,NaN,2
175,673,NaN,NaN,2
175,705,NaN,NaN,2
175,737,0.8550575972,-3.151604414,1
175,769,0.490016818,-4.294454098,1
175,801,0.2714757919,-3.828082561,1
175,833,NaN,NaN,2
175,865,2.212819099,17.21168137,1
175,897,-3.647268295,17.22478867,1
175,929,NaN,NaN,2
175,961,NaN,NaN,2
175,993,-1.332241058,-2.766162157,1
175,1025,-1.062465906,-2.261620998,1
175,1057,-0.4900224209,-2.169920206,1
175,1089,-0.2261202335,-2.122374058,1
175,1121,0.01583886147,-3.353729486,1
175,1153,-0.7060629129,-4.571828842,1
175,1185,NaN,NaN,2
175,1217,NaN,NaN,2
175,1249,NaN,NaN,2
175,1281,0.005023524165,-3.671049356,1
175,1313,0.1363700628,-4.72384882,1
175,1345,-0.1436270475,-3.083587646,1
175,1377,NaN,NaN,2
175,1409,NaN,NaN,2
175,1441,2.542061567,-2.691477299,1
175,1473,2.362520695,-3.467703104,1
175,1505,2.944963217,-4.497524738,1
175,1537,4.252484322,-2.746808529,1
175,1569,NaN,NaN,2
175,1601,NaN,NaN,2
175,1633,2.861796379,-3.381822824,1
175,1665,3.053402424,-0.6199851036,1
175,1697,NaN,NaN,2
175,1729,2.434124708,-1.057677746,1
175,1761,NaN,NaN,2
175,1793,-0.3294710815,-0.8544041514,1
175,1825,0.125674367,-1.09010458,1
175,1857,0.4077704251,-1.29562664,1
175,1889,0.4726462662,-0.8918325305,1
175,1921,0.2936935425,-0.5636978745,1
175,1953,2.968907356,2.464335203,1
175,1985,3.000941515,-0.3224165142,1
175,2017,0.4432163239,-0.9006420374,1
207,33,1.93489182,1.157475948,1
207,65,1.342404127,0.2420952916,1
207,97,0.2772058249,-0.04372024536,1
207,129,-0.02690663934,0.06247198582,1
207,161,0.332545042,0.6935674548,1
207,193,0.3342912197,1.476506829,1
207,225,-0.06174242496,2.146771431,1
207,257,0.8416231871,2.442091942,1
207,289,1.440996408,1.806836843,1
207,321,1.019971728,1.238594174,1
207,353,NaN,NaN,2
207,385,1.452713728,1.08014679,1
207,417,0.9540662766,1.158090234,1
207,449,-0.1639916897,0.9025426507,1
207,481,NaN,NaN,2
207,513,NaN,NaN,2
207,545,NaN,NaN,2
207,577,NaN,NaN,2
207,609,NaN,NaN,2
207,641,2.178616047,-7.21741724,1
207,673,NaN,NaN,2
207,705,1.07055974,-0.7362763882,1
207,737,0.6250751615,-2.666075706,1
207,769,0.4727802873,-3.627409697,1
207,801,NaN,NaN,2
207,833,4.1516819,16.80566597,1
207,865,0.4375136495,17.95514679,1
207,897,-1.964420557,17.62877274,1
207,929,NaN,NaN,2
207,961,NaN,NaN,2
207,993,-0.5340811014,-2.29254055,1
207,1025,-0.3782945275,-2.005763531,1
207,1057,-0.1151229739,-1.859114885,1
207,1089,1.713343263,-2.014899492,1
207,1121,NaN,NaN,2
207,1153,0.4041977525,-6.049015999,1
207,1185,-0.02269005775,-5.362699032,1
207,1217,-1.687399149,-4.169791222,1
207,1249,NaN,NaN,2
207,1281,NaN,NaN,2
207,1313,NaN,NaN,2
207,1345,NaN,NaN,2
207,1377,NaN,NaN,2
207,1409,NaN,NaN,2
207,1441,NaN,NaN,2
207,1473,2.036634207,-2.582050085,1
207,1505,NaN,NaN,2
207,1537,NaN,NaN,2
207,1569,NaN,NaN,2
207,1601,NaN,NaN,2
207,1633,NaN,NaN,2
207,1665,1.366225123,-2.943740368,1
207,1697,NaN,NaN,2
207,1729,NaN,NaN,2
207,1761,1.026522398,-2.966501236,1
207,1793,0.3070341945,-1.677502632,1
207,1825,-0.0522107482,-1.224153399,1
207,1857,NaN,NaN,2
207,1889,0.6756925583,-0.3275458217,1
207,1921,0.826161921,-0.4171670377,1
207,1953,0.8527071476,-0.07529595494,1
207,1985,0.2849793732,-0.4769614041,1
207,2017,-0.3272898793,-0.5393262506,1
239,33,1.632455349,0.1346687078,1
239,65,2.027381182,0.7519131303,1
239,97,0.4589890242,1.544135928,1
239,129,0.2521604002,1.270706296,1
239,161,0.7820432186,1.045340061,1
239,193,0.3949577212,1.636489153,1
239,225,0.6293372512,3.460878372,1
239,257,1.514079452,4.375810623,1
239,289,0.9153977633,2.585527658,1
239,321,NaN,NaN,2
239,353,NaN,NaN,2
239,385,NaN,NaN,2
239,417,0.4922601581,2.208608627,1
239,449,-1.483235002,2.734309196,1
239,481,NaN,NaN,2
239,513,NaN,NaN,2
239,545,0.3354725838,-2.597186089,1
239,577,1.222509146,-4.928025246,1
239,609,NaN,NaN,2
239,641,2.480280399,-6.563753605,1
239,673,NaN,NaN,2
239,705,1.832368731,0.3560628891,1
239,737,0.6825754642,-2.458414078,1
239,769,0.6553393602,-3.010189533,1
239,801,0.5498094559,-2.382753611,1
239,833,0.1284024864,-2.097020149,1
239,865,NaN,NaN,2
239,897,NaN,NaN,2
239,929,NaN,NaN,2
239,961,-1.003521323,-1.480892539,1
239,993,-0.2849428654,-1.767809868,1
239,1025,0.7491869926,-1.823049545,1
239,1057,0.6532502174,-1.567016244,1
239,1089,0.2250121832,-1.902042866,1
239,1121,0.4403340816,-2.292757511,1
239,1153,0.5257616043,-4.560052872,1
239,1185,NaN,NaN,2
239,1217,0.3656871319,-4.3975811,1
239,1249,-0.0693205893,-2.778403044,1
239,1281,0.08305248618,-2.993310928,1
239,1313,NaN,NaN,2
239,1345,1.934128404,-2.481473446,1
239,1377,1.758391142,-2.538794994,1
239,1409,1.483403802,-2.38043952,1
239,1441,1.533912897,-2.273742199,1
239,1473,1.978236198,-2.171398163,1
239,1505,NaN,NaN,2
239,1537,NaN,NaN,2
239,1569,NaN,NaN,2
239,1601,NaN,NaN,2
239,1633,-1.509933829,-2.59862566,1
239,1665,NaN,NaN,2
239,1697,-1.218607426,-2.23968482,1
239,1729,0.6883801222,-2.659449577,1
239,1761,0.7259893417,-4.761213303,1
239,1793,0.5007367134,-2.505668163,1
239,1825,0.3378910422,-1.426363945,1
239,1857,0.1084184647,-1.400407791,1
239,1889,1.617297649,-3.050260782,1
239,1921,2.235796928,-0.4200695157,1
239,1953,0.07734715939,-0.3989475667,1
239,1985,0.1590769291,-0.6246348619,1
239,2017,-0.2348943651,0.001284986734,1
271,33,0.6210628748,-0.2037801743,1
271,65,1.340074778,0.556096673,1
271,97,1.168463945,1.50832653,1
271,129,0.4036595523,1.884779692,1
271,161,0.522221446,1.656945705,1
271,193,0.5498462319,1.861366749,1
271,225,1.985601664,4.805885315,1
271,257,2.813835144,5.054075241,1
271,289,2.510944605,5.182578087,1
271,321,0.6699888706,1.550006866,1
271,353,NaN,NaN,2
271,385,NaN,NaN,2
271,417,0.2322916389,4.410046577,1
271,449,0.354082346,1.867149234,1
271,481,NaN,NaN,2
271,513,0.5171759129,4.85384798,1
271,545,-2.280032873,-0.5487085581,1
271,577,NaN,NaN,2
271,609,NaN,NaN,2
271,641,5.173214436,-4.586843491,1
271,673,NaN,NaN,2
271,705,1.389020324,-0.5973975658,1
271,737,0.8619344831,-1.904712915,1
271,769,0.6026459932,-2.845324278,1
271,801,0.4567172527,-2.27965641,1
271,833,-0.8139317036,-2.0112679,1
271,865,-1.279432058,-4.208804131,1
271,897,-1.093419552,-2.864664555,1
271,929,-2.003082037,-1.243868232,1
271,961,-1.830883741,-0.7239580154,1
271,993,-0.3678005934,-1.264446378,1
271,1025,0.6007285118,-1.345244288,1
271,1057,0.8243765235,-1.260240674,1
271,1089,0.595310986,-1.659120917,1
271,1121,0.660073638,-2.239475489,1
271,1153,0.6332172155,-2.899699211,1
271,1185,0.8859370351,-4.572988033,1
271,1217,1.366244078,-5.02402544,1
271,1249,0.944767952,-1.830225468,1
271,1281,0.7757023573,-2.923368216,1
271,1313,1.745760322,-3.131636143,1
271,1345,3.087919712,-2.472038507,1
271,1377,2.577874184,-2.165936232,1
271,1409,2.742132187,-2.651928663,1
271,1441,2.841404676,-2.33288908,1
271,1473,2.547406197,-1.619867206,1
271,1505,NaN,NaN,2
271,1537,NaN,NaN,2
271,1569,-1.285952687,-1.87995863,1
271,1601,-2.505353689,-1.158831716,1
271,1633,-2.878188372,-1.992441893,1
271,1665,NaN,NaN,2
271,1697,NaN,NaN,2
271,1729,1.28302598,-1.465383291,1
271,1761,1.008956432,-3.029878855,1
271,1793,0.9763605595,-2.703180552,1
271,1825,0.9170365334,-1.71153903,1
271,1857,0.742138505,-1.96074605,1
271,1889,0.5615870953,-3.009372711,1
271,1921,0.2354934514,-0.3761413693,1
271,1953,-1.418184876,-0.4540391266,1
271,1985,0.1332768649,-0.2168783844,1
271,2017,0.2900277972,0.3049563766,1
303,33,0.3532586992,-0.03970575333,1
303,65,-0.2831639647,0.4704614878,1
303,97,-0.2706442773,1.451212406,1
303,129,0.06478147209,2.271716833,1
303,161,0.3283247054,2.22394681,1
303,193,0.3013595939,1.93817234,1
303,225,2.097244501,5.981507778,1
303,257,1.209489822,6.214500904,1
303,289,NaN,NaN,2
303,321,NaN,NaN,2
303,353,-1.142859697,4.152843952,1
303,385,-0.9076954722,2.265259266,1
303,417,0.04147282243,0.8722522259,1
303,449,-0.2647497952,2.152925491,1
303,481,NaN,NaN,2
303,513,-3.637139559,6.685727596,1
303,545,-0.2924385071,-1.325354815,1
303,577,0.89731884,0.6930916309,1
303,609,NaN,NaN,2
303,641,NaN,NaN,2
303,673,NaN,NaN,2
303,705,1.135485649,1.847925901,1
303,737,1.211827159,-0.8388805389,1
303,769,1.063345909,-1.96307838,1
303,801,0.2027055621,-2.04955864,1
303,833,-0.8017055988,-2.043220282,1
303,865,-1.422348738,-3.723808765,1
303,897,-1.175250411,-2.04470849,1
303,929,-1.175420284,-0.9301492572,1
303,961,-0.9530546665,-0.5979632139,1
303,993,-0.2176065445,-0.5983709097,1
303,1025,0.606759727,-1.216047287,1
303,1057,0.7261276245,-1.622513294,1
303,1089,0.679297924,-1.516038775,1
303,1121,0.2069435716,-2.055113792,1
303,1153,0.2015711665,-2.304092169,1
303,1185,1.686755538,-2.589082718,1
303,1217,2.111628532,-3.130475044,1
303,1249,0.9546024799,-0.6962516308,1
303,1281,2.680891275,-4.018107414,1
303,1313,3.949180841,-2.401205063,1
303,1345,3.043728352,-3.082162619,1
303,1377,2.686590433,-2.279624939,1
303,1409,3.41421175,-2.507308722,1
303,1441,3.844242811,-2.254623175,1
303,1473,3.296041489,-1.874712467,1
303,1505,2.419799566,-0.9060151577,1
303,1537,NaN,NaN,2
303,1569,-1.676902294,-1.946411014,1
303,1601,-1.948037744,-3.260408163,1
303,1633,0.01575005054,-2.417859316,1
303,1665,0.3716291189,-0.6229923964,1
303,1697,NaN,NaN,2
303,1729,3.539504528,-0.326436758,1
303,1761,1.475236058,-2.428977966,1
303,1793,2.11678791,-2.989418268,1
303,1825,1.494260311,-3.124069452,1
303,1857,0.5420829654,-2.996685743,1
303,1889,0.36509794,-1.462750196,1
303,1921,-0.1668497622,0.01145666838,1
303,1953,-2.282115936,0.2364830375,1
303,1985,0.2783172131,0.8835873604,1
303,2017,0.5878667235,-0.1102593243,1
335,33,0.3085537553,0.5888581276,1
335,65,-0.3189377785,0.5047428608,1
335,97,-1.26126802,1.454265356,1
335,129,-0.3300758302,2.142293692,1
335,161,0.7049885392,2.492106199,1
335,193,1.848040342,2.75654459,1
335,225,-0.5198813677,2.91176939,1
335,257,NaN,NaN,2
335,289,-4.261310577,3.884584904,1
335,321,NaN,NaN,2
335,353,-2.173330307,5.175915718,1
335,385,-1.896221399,2.11316061,1
335,417,-0.9052500129,0.8020074368,1
335,449,-0.6652549505,2.448169947,1
335,481,-0.9247446656,3.589427471,1
335,513,-0.9208204746,4.415251732,1
335,545,NaN,NaN,2
335,577,NaN,NaN,2
335,609,NaN,NaN,2
335,641,NaN,NaN,2
335,673,NaN,NaN,2
335,705,1.483327627,3.130443335,1
335,737,NaN,NaN,2
335,769,1.64602375,-1.112544417,1
335,801,0.8923660517,-1.735917687,1
335,833,0.009686388075,-1.436891794,1
335,865,-0.2978008986,-1.803168893,1
335,897,0.8637936115,-2.17646122,1
335,929,0.154922843,-0.7140333056,1
335,961,-0.001745581627,0.05467492342,1
335,993,1.169384003,-0.792529583,1
335,1025,1.174406648,-0.9028363228,1
335,1057,0.5228455067,-1.23095572,1
335,1089,0.2209998369,-1.233469963,1
335,1121,0.2151981592,-1.403150082,1
335,1153,0.2695423365,-1.443346381,1
335,1185,1.231619477,-1.611211419,1
335,1217,1.629259944,-2.201821804,1
335,1249,0.9260613918,-0.7077922821,1
335,1281,3.560226917,0.2285698652,1
335,1313,3.847829819,-1.482300997,1
335,1345,2.387173653,-0.5845446587,1
335,1377,2.158502579,-1.980491638,1
335,1409,2.649254322,-2.00915575,1
335,1441,3.007646322,-2.128511429,1
335,1473,3.142244101,-3.316326618,1
335,1505,2.07472086,-2.842386723,1
335,1537,2.03786397,-1.584458113,1
335,1569,1.941816688,-1.631271124,1
335,1601,2.00903821,-1.345864892,1
335,1633,3.746454,-2.098749161,1
335,1665,2.912875652,-0.482622087,1
335,1697,3.458799839,0.2741969824,1
335,1729,NaN,NaN,2
335,1761,1.503495693,-3.732412338,1
335,1793,3.089005947,-3.769877195,1
335,1825,4.447424889,-3.28003335,1
335,1857,NaN,NaN,2
335,1889,0.3972452879,-3.839140892,1
335,1921,0.005785286427,-0.2056272626,1
335,1953,0.02436180413,0.08317703009,1
335,1985,0.2773338854,0.3193930686,1
335,2017,0.8494977951,-1.024403811,1
367,33,0.3612491488,1.279791594,1
367,65,-0.109544456,0.998780787,1
367,97,-0.8624776602,1.179607034,1
367,129,-0.4202520847,1.88075459,1
367,161,0.4493440092,2.940348387,1
367,193,1.605700493,3.13183856,1
367,225,-1.075967073,2.31667304,1
367,257,-2.921717644,2.128612041,1
367,289,-2.578482151,2.419456244,1
367,321,-1.235328197,3.630638599,1
367,353,-0.3895717859,2.095726013,1
367,385,NaN,NaN,2
367,417,NaN,NaN,2
367,449,NaN,NaN,2
367,481,-2.991791964,3.002174139,1
367,513,-0.5431376696,3.47269702,1
367,545,NaN,NaN,2
367,577,NaN,NaN,2
367,609,NaN,NaN,2
367,641,NaN,NaN,2
367,673,NaN,NaN,2
367,705,NaN,NaN,2
367,737,NaN,NaN,2
367,769,3.225965977,-0.628360033,1
367,801,1.656112671,-0.8586890697,1
367,833,1.025224209,-0.394726038,1
367,865,0.2293300629,-0.5227079391,1
367,897,1.034603357,-0.7428197861,1
367,929,NaN,NaN,2
367,961,0.7920073867,-0.8542986512,1
367,993,0.9575863481,-1.330583811,1
367,1025,1.180709958,-0.6891781688,1
367,1057,1.092372894,-0.1384791732,1
367,1089,0.5636711121,-1.112891197,1
367,1121,2.678539991,-1.193544507,1
367,1153,3.600589752,-1.556651115,1
367,1185,0.6990035772,-4.072790146,1
367,1217,1.720282316,-1.539673448,1
367,1249,1.942183733,-0.9972327948,1
367,1281,2.431637764,-1.146631956,1
367,1313,2.866752863,-1.810199738,1
367,1345,1.891303539,-3.002999783,1
367,1377,1.237919092,-1.676545262,1
367,1409,1.628535748,-2.955902815,1
367,1441,0.5830243826,-5.660522461,1
367,1473,1.679687858,-4.689207554,1
367,1505,1.868365169,-3.270156384,1
367,1537,2.093945026,-1.306215405,1
367,1569,2.429028034,-0.8815072775,1
367,1601,3.304406404,-0.7597532272,1
367,1633,4.215173721,-0.869135499,1
367,1665,3.30338645,-0.1917389035,1
367,1697,2.249276638,-0.9189819098,1
367,1729,2.100888968,-2.113070965,1
367,1761,1.82477212,-3.404238224,1
367,1793,1.731561899,-2.88607502,1
367,1825,2.622790337,-1.947098494,1
367,1857,2.780420303,-1.477944136,1
367,1889,0.8469760418,-0.4983990192,1
367,1921,0.2751942277,0.2754305601,1
367,1953,-0.781943202,0.2133453488,1
367,1985,-1.130534172,0.04408624768,1
367,2017,1.236224294,-1.633614659,1
399,33,NaN,NaN,2
399,65,-0.09265583754,2.35850358,1
399,97,-1.445229769,0.8394577503,1
399,129,-0.3854677379,1.67320466,1
399,161,-0.55113554,5.245661736,1
399,193,-1.726485252,3.512218714,1
399,225,-3.016219378,1.758284092,1
399,257,-3.307253838,1.764431953,1
399,289,-1.626184821,2.121955395,1
399,321,-0.9612323046,3.094552755,1
399,353,-0.7608323693,1.934581041,1
399,385,-1.778075218,4.063875198,1
399,417,-1.35398078,2.587151527,1
399,449,NaN,NaN,2
399,481,NaN,NaN,2
399,513,-0.7059772611,1.50581789,1
399,545,-0.008479595184,1.991885185,1
399,577,1.173084497,2.730123997,1
399,609,NaN,NaN,2
399,641,NaN,NaN,2
399,673,NaN,NaN,2
399,705,NaN,NaN,2
399,737,NaN,NaN,2
399,769,2.180956602,0.6893689632,1
399,801,2.233221054,0.5686193705,1
399,833,2.300525904,1.564998746,1
399,865,0.7070473433,1.697580457,1
399,897,1.156897545,2.174815655,1
399,929,1.322269082,-0.1311928928,1
399,961,1.144631624,-0.9294432998,1
399,993,0.7028802633,-0.5648040175,1
399,1025,0.7435470819,-0.8193508983,1
399,1057,1.568505406,0.3580007553,1
399,1089,1.511323452,0.6814337969,1
399,1121,4.454379082,-0.400844574,1
399,1153,4.004973888,-1.166102171,1
399,1185,NaN,NaN,2
399,1217,1.524412155,-0.9908642769,1
399,1249,1.151507616,-0.5504306555,1
399,1281,0.9277579784,-0.9349110126,1
399,1313,0.7847869396,-1.574983597,1
399,1345,0.429800272,-3.780519485,1
399,1377,NaN,NaN,2
399,1409,NaN,NaN,2
399,1441,-0.2677764893,-3.307300568,1
399,1473,NaN,NaN,2
399,1505,NaN,NaN,2
399,1537,1.15188241,-1.102840781,1
399,1569,2.584373474,-0.7857134342,1
399,1601,3.454565048,-0.8214746714,1
399,1633,2.720671654,-0.4403281808,1
399,1665,2.134243011,-0.3783156276,1
399,1697,1.582767248,-1.623870134,1
399,1729,1.19453907,-2.680375576,1
399,1761,0.3138692379,-2.970995426,1
399,1793,0.790430069,-3.062461376,1
399,1825,2.703415632,-2.380330086,1
399,1857,2.829896927,-0.9069592953,1
399,1889,0.3887401819,0.1253747046,1
399,1921,-0.7866134644,0.5786289573,1
399,1953,-2.404986382,0.7327586412,1
399,1985,-2.493511677,0.2967883348,1
399,2017,1.720708847,-1.623437166,1
431,33,1.309986591,0.4286229312,1
431,65,1.171234608,2.722445726,1
431,97,0.6774964333,3.639322519,1
431,129,0.2964095473,5.671336174,1
431,161,-0.1781321168,1.551787972,1
431,193,NaN,NaN,2
431,225,-1.168129921,1.982456684,1
431,257,0.2603080273,1.977660179,1
431,289,NaN,NaN,2
431,321,-0.8744893074,1.524145007,1
431,353,NaN,NaN,2
431,385,NaN,NaN,2
431,417,0.5775822401,3.083246946,1
431,449,NaN,NaN,2
431,481,NaN,NaN,2
431,513,1.339744091,0.3055220842,1
431,545,2.039802551,1.754083395,1
431,577,2.45165062,3.164452076,1
431,609,NaN,NaN,2
431,641,NaN,NaN,2
431,673,2.183599472,1.877902627,1
431,705,1.950686574,2.386506557,1
431,737,1.738487124,1.722042441,1
431,769,0.6211074591,1.146852374,1
431,801,2.317052364,2.413749456,1
431,833,2.980624437,2.224256516,1
431,865,NaN,NaN,2
431,897,1.811590195,4.457918644,1
431,929,1.740059972,-0.2832978964,1
431,961,1.52821517,-1.001307368,1
431,993,0.8319255114,0.3748747408,1
431,1025,-0.0001340508461,0.160005033,1
431,1057,1.963614702,0.8083324432,1
431,1089,3.637248278,0.1068203449,1
431,1121,3.770714521,-0.2557201684,1
431,1153,3.250200272,0.4937212169,1
431,1185,NaN,NaN,2
431,1217,NaN,NaN,2
431,1249,0.4196572304,-0.3562660813,1
431,1281,-0.3270065188,0.5044479966,1
431,1313,-2.329200506,0.5520559549,1
431,1345,-2.490054131,1.329758406,1
431,1377,NaN,NaN,2
431,1409,NaN,NaN,2
431,1441,-1.532140136,-2.625553131,1
431,1473,0.3747783899,-0.002901554108,1
431,1505,1.56292057,-0.8223644495,1
431,1537,2.836877584,-1.070196509,1
431,1569,3.417887688,-1.331968069,1
431,1601,3.505525589,-1.10560441,1
431,1633,2.618323088,-0.2166312933,1
431,1665,1.219759703,-0.6432642937,1
431,1697,0.9719674587,-1.251687288,1
431,1729,0.3026438951,-2.323241949,1
431,1761,-0.6417460442,-4.434621811,1
431,1793,0.9327367544,-4.121725559,1
431,1825,3.389847755,-2.64147377,1
431,1857,5.111203194,-0.7249610424,1
431,1889,0.3861989379,0.4801767468,1
431,1921,-1.684152126,0.679566741,1
431,1953,-2.684840918,1.270142794,1
431,1985,-1.403987169,2.117604017,1
431,2017,1.768987179,-1.600823283,1
463,33,-0.6710447669,0.2322077751,1
463,65,-0.008475959301,1.649983883,1
463,97,0.3351961374,2.82219696,1
463,129,-0.5871514082,4.083341599,1
463,161,-2.291664362,2.093197107,1
463,193,-0.1059854776,3.291352749,1
463,225,-0.2925966084,2.988498926,1
463,257,NaN,NaN,2
463,289,NaN,NaN,2
463,321,-0.4411409497,1.575103164,1
463,353,-0.9027501345,1.807034969,1
463,385,NaN,NaN,2
463,417,0.9938212633,1.847188234,1
463,449,NaN,NaN,2
463,481,-1.852772355,0.05914258957,1
463,513,-0.246931076,1.478785038,1
463,545,2.913744926,1.828903437,1
463,577,3.865341663,2.008831263,1
463,609,3.057521343,0.9121128321,1
463,641,2.019971609,1.082621217,1
463,673,1.599833727,2.035027981,1
463,705,2.046324492,2.580037832,1
463,737,1.798959613,2.108533144,1
463,769,0.838196516,1.640112877,1
463,801,NaN,NaN,2
463,833,NaN,NaN,2
463,865,NaN,NaN,2
463,897,0.08342528343,16.9642849,1
463,929,1.657185555,0.8684900999,1
463,961,1.735301137,0.9536626339,1
463,993,0.2552780509,0.02583825588,1
463,1025,NaN,NaN,2
463,1057,0.2544138432,0.9522272348,1
463,1089,1.850498438,-0.5475299954,1
463,1121,1.874253988,0.1488831937,1
463,1153,1.454622507,0.8162934184,1
463,1185,0.9131337404,-0.3961478472,1
463,1217,0.2310115099,-1.225679636,1
463,1249,-0.02627325058,-1.090586424,1
463,1281,-1.345544815,-0.3903624415,1
463,1313,NaN,NaN,2
463,1345,NaN,NaN,2
463,1377,NaN,NaN,2
463,1409,NaN,NaN,2
463,1441,-1.393289685,-1.720903873,1
463,1473,0.7027441263,1.143572211,1
463,1505,1.601140141,0.3148924112,1
463,1537,2.438692331,-0.6368617415,1
463,1569,2.68497777,-1.19514513,1
463,1601,2.401048422,-0.7535566688,1
463,1633,1.954695821,0.1739600301,1
463,1665,1.207962871,-0.638209343,1
463,1697,0.851573348,-0.5885993242,1
463,1729,0.4734361768,-1.759138346,1
463,1761,-0.6186554432,-3.788150549,1
463,1793,0.5072788596,-1.478587151,1
463,1825,NaN,NaN,2
463,1857,1.706049442,1.10101676,1
463,1889,-0.2676626146,1.180408239,1
463,1921,-0.8440522552,1.115569353,1
463,1953,NaN,NaN,2
463,1985,-0.5122736692,1.050108671,1
463,2017,0.9114563465,-1.820906639,1
495,33,-0.2297204137,0.1853070855,1
495,65,0.7928104401,1.004086018,1
495,97,1.427367568,1.23016417,1
495,129,1.493879676,1.904621243,1
495,161,1.567986012,1.948720932,1
495,193,0.2401309907,1.361581445,1
495,225,-0.1434551179,1.349308729,1
495,257,0.7051828504,1.453422308,1
495,289,NaN,NaN,2
495,321,NaN,NaN,2
495,353,1.539708853,2.850341558,1
495,385,NaN,NaN,2
495,417,NaN,NaN,2
495,449,0.9316375256,1.330506563,1
495,481,-0.5765534639,0.9451762438,1
495,513,1.498282194,1.354167461,1
495,545,2.347270966,1.865973115,1
495,577,2.770295382,1.210488081,1
495,609,2.371459007,0.5717669725,1
495,641,1.43926847,0.588637948,1
495,673,1.314916492,1.905502915,1
495,705,1.471939802,2.63755393,1
495,737,1.747372985,2.567844152,1
495,769,3.777935505,3.347074986,1
495,801,2.06768918,6.111883163,1
495,833,NaN,NaN,2
495,865,NaN,NaN,2
495,897,1.083116531,3.282863855,1
495,929,NaN,NaN,2
495,961,0.7795658112,3.80173111,1
495,993,0.2902756333,2.479270935,1
495,1025,-0.7831890583,1.713913202,1
495,1057,-0.4103661776,2.97729063,1
495,1089,1.013975382,2.557315826,1
495,1121,1.465351105,0.70388937,1
495,1153,1.153490305,0.6081528068,1
495,1185,0.4156218767,-0.6239230037,1
495,1217,-0.02870625257,-1.60597229,1
495,1249,-0.3961240649,-1.722227335,1
495,1281,-1.379308701,-2.854018688,1
495,1313,-3.555557728,-2.631751776,1
495,1345,-4.847784996,-0.6532195807,1
495,1377,NaN,NaN,2
495,1409,-0.008494526148,1.656536698,1
495,1441,0.5351338983,-0.05682903528,1
495,1473,0.9938771725,-0.0427852869,1
495,1505,1.691713452,0.4818498194,1
495,1537,2.056731701,0.5294418931,1
495,1569,1.740546703,-0.07985919714,1
495,1601,1.841922045,-0.5463995934,1
495,1633,1.946162939,-2.313995838,1
495,1665,-1.086042166,-1.002509475,1
495,1697,0.4200754762,0.4461927414,1
495,1729,0.5343153477,-1.205702782,1
495,1761,0.2719084322,-2.687544107,1
495,1793,0.5579028726,-1.364936709,1
495,1825,1.392592072,0.8347797394,1
495,1857,0.262165606,3.116678715,1
495,1889,-0.8611958027,2.72822094,1
495,1921,NaN,NaN,2
495,1953,-0.7008446455,2.833413601,1
495,1985,-1.588127494,2.046540976,1
495,2017,0.1940225363,-1.974518776,1
527,33,1.52662456,0.254699111,1
527,65,1.943986654,1.062225223,1
527,97,2.563586712,1.242238283,1
527,129,2.129714966,1.947521925,1
527,161,NaN,NaN,2
527,193,0.5774131417,1.28846693,1
527,225,0.3273794651,1.109394431,1
527,257,2.013881683,1.337863088,1
527,289,2.338131428,1.065142512,1
527,321,1.510830164,2.270095348,1
527,353,1.305009365,3.459544897,1
527,385,1.296069384,2.857932568,1
527,417,1.219896555,1.498769045,1
527,449,2.54772234,0.3264381886,1
527,481,3.47703743,0.671325922,1
527,513,0.9762268066,1.570615053,1
527,545,1.164301991,1.934162378,1
527,577,NaN,NaN,2
527,609,0.8205063343,0.9195466042,1
527,641,1.096106291,1.03253448,1
527,673,0.9129875898,1.370635033,1
527,705,1.24923265,1.679489613,1
527,737,1.373387218,2.646530151,1
527,769,2.942662239,4.094633102,1
527,801,3.827261686,5.77372551,1
527,833,2.270734549,6.016356468,1
527,865,NaN,NaN,2
527,897,NaN,NaN,2
527,929,NaN,NaN,2
527,961,0.9457474947,1.693969369,1
527,993,0.4540174007,1.508414268,1
527,1025,0.007943242788,1.953183651,1
527,1057,-0.1288228929,2.025207996,1
527,1089,0.5883134604,2.092051983,1
527,1121,0.004699766636,0.7410743237,1
527,1153,-0.4077560902,0.3689840436,1
527,1185,-0.6522753239,-0.8480816483,1
527,1217,-1.270925045,-2.058470011,1
527,1249,-0.454942286,-0.6743103266,1
527,1281,NaN,NaN,2
527,1313,NaN,NaN,2
527,1345,NaN,NaN,2
527,1377,NaN,NaN,2
527,1409,0.7832962871,0.04402387142,1
527,1441,1.094014645,-0.3021002412,1
527,1473,1.274334431,-0.02829122543,1
527,1505,1.358240128,0.01672974229,1
527,1537,NaN,NaN,2
527,1569,-0.489277482,1.35393095,1
527,1601,0.04939329624,-1.859894633,1
527,1633,-1.28871429,-3.427880287,1
527,1665,NaN,NaN,2
527,1697,NaN,NaN,2
527,1729,-0.0781455934,-0.5473834872,1
527,1761,0.4318378568,-0.5977840424,1
527,1793,0.5490227342,0.2287253141,1
527,1825,NaN,NaN,2
527,1857,-2.119850636,4.040077686,1
527,1889,NaN,NaN,2
527,1921,-0.1904936433,-1.154429317,1
527,1953,0.4999194145,0.6719272137,1
527,1985,-0.6703619957,1.694417238,1
527,2017,0.9740548134,-1.941689968,1
559,33,2.054783106,0.2855074406,1
559,65,1.116711378,1.596735001,1
559,97,1.11338532,2.28893137,1
559,129,0.9816666842,2.034986019,1
559,161,0.6623652577,3.356690645,1
559,193,0.6564525366,2.282598257,1
559,225,1.105889797,2.015528679,1
559,257,1.506578922,1.931403279,1
559,289,1.515220881,1.460846663,1
559,321,1.137359142,1.741561413,1
559,353,0.7230136395,2.152611732,1
559,385,0.6552360058,3.024877071,1
559,417,1.17620039,1.970452547,1
559,449,NaN,NaN,2
559,481,NaN,NaN,2
559,513,1.34027648,1.497690439,1
559,545,0.2874935865,1.545610309,1
559,577,1.070833921,0.7071125507,1
559,609,1.006661415,0.09048211575,1
559,641,NaN,NaN,2
559,673,0.6925301552,1.46710813,1
559,705,1.433786392,1.569186687,1
559,737,2.08400178,0.868247509,1
559,769,NaN,NaN,2
559,801,NaN,NaN,2
559,833,3.45414567,6.102464676,1
559,865,NaN,NaN,2
559,897,3.366501808,-7.183649063,1
559,929,-0.02399814129,1.624448776,1
559,961,0.9197023511,0.5595632792,1
559,993,0.7701023817,0.511977911,1
559,1025,0.5344612598,1.375339031,1
559,1057,0.07458876073,1.216522694,1
559,1089,-0.2417066246,1.445859313,1
559,1121,-0.169909358,1.110945702,1
559,1153,0.6442505121,0.2593480945,1
559,1185,1.932130814,-0.03176367283,1
559,1217,1.181908965,-0.6803765297,1
559,1249,0.1107423976,-0.6775146127,1
559,1281,NaN,NaN,2
559,1313,NaN,NaN,2
559,1345,-1.520285368,-1.462490439,1
559,1377,0.1770624965,-0.07448363304,1
559,1409,1.171645522,0.5935552716,1
559,1441,1.328029394,-0.4298145175,1
559,1473,1.212373614,-0.4386871755,1
559,1505,0.668058753,-0.2171512842,1
559,1537,-2.360629559,0.2064656913,1
559,1569,-1.291416645,0.01272934675,1
559,1601,-0.662155211,-2.555167198,1
559,1633,NaN,NaN,2
559,1665,NaN,NaN,2
559,1697,NaN,NaN,2
559,1729,0.3280199766,0.2538409829,1
559,1761,0.5304721594,1.335530519,1
559,1793,0.4646288157,1.647708654,1
559,1825,-1.158086181,1.140276909,1
559,1857,0.5459625125,1.21556735,1
559,1889,0.3285316527,0.4772749543,1
559,1921,-0.8198683858,0.02290201187,1
559,1953,0.8483756781,0.4756249189,1
559,1985,-0.0861723572,1.477105975,1
559,2017,-0.5545755625,-1.672270536,1
591,33,1.664070845,-0.01819300652,1
591,65,0.578994751,1.081413984,1
591,97,1.106179237,2.309166908,1
591,129,0.7397954464,2.470406294,1
591,161,-0.006270855665,2.984089851,1
591,193,0.07847172022,2.632013083,1
591,225,2.096856117,2.815514088,1
591,257,2.048030376,3.12728548,1
591,289,1.608221292,2.106520653,1
591,321,0.9977277517,1.682757616,1
591,353,NaN,NaN,2
591,385,NaN,NaN,2
591,417,0.2465729713,3.62975955,1
591,449,0.8868684769,4.238870621,1
591,481,NaN,NaN,2
591,513,1.817437649,0.7192927599,1
591,545,NaN,NaN,2
591,577,3.033886433,-0.4944700003,1
591,609,1.152135968,-0.2437144518,1
591,641,NaN,NaN,2
591,673,0.2991889715,2.322357655,1
591,705,1.484873891,3.599268675,1
591,737,1.275865316,2.239426613,1
591,769,1.275616407,5.078794956,1
591,801,NaN,NaN,2
591,833,NaN,NaN,2
591,865,-0.01877593994,3.335933924,1
591,897,NaN,NaN,2
591,929,NaN,NaN,2
591,961,0.8212821484,-0.2238760591,1
591,993,1.652900219,-0.1370171309,1
591,1025,0.2154072821,1.457695961,1
591,1057,-0.5535588861,1.970274687,1
591,1089,0.9228793383,2.233802319,1
591,1121,1.935783029,1.929573774,1
591,1153,1.860665321,0.6150616407,1
591,1185,2.275961876,0.1213283539,1
591,1217,1.891415834,-0.2305583656,1
591,1249,0.2625716031,-0.4221221805,1
591,1281,-1.539726853,0.7404069901,1
591,1313,-2.414904118,-0.5207362175,1
591,1345,-1.503320217,-2.022987366,1
591,1377,-0.4041057825,0.6832996607,1
591,1409,0.3303766549,2.71623683,1
591,1441,0.7112742662,-0.6754687428,1
591,1473,0.6735481024,-0.9043881297,1
591,1505,0.1620634794,-1.486239791,1
591,1537,-4.04429388,-0.8399547338,1
591,1569,-2.235148907,-0.6434000731,1
591,1601,-0.8462358713,-1.872946143,1
591,1633,1.001048684,-4.397595406,1
591,1665,NaN,NaN,2
591,1697,NaN,NaN,2
591,1729,-0.1520125866,1.24714005,1
591,1761,0.3191201091,2.20296526,1
591,1793,0.2579303384,2.151027679,1
591,1825,-0.2563352585,1.644341111,1
591,1857,0.08919641376,0.4581798315,1
591,1889,0.1362794042,-0.8298802972,1
591,1921,-0.1222814322,-0.9652988315,1
591,1953,1.120697737,0.9704495668,1
591,1985,0.9685927629,1.599728346,1
591,2017,-0.931896925,-1.30127883,1
623,33,0.5223351717,0.0422372818,1
623,65,1.02301693,0.7888492346,1
623,97,NaN,NaN,2
623,129,0.6534116864,2.238012552,1
623,161,0.191213876,2.461721897,1
623,193,0.4982031584,2.639770746,1
623,225,NaN,NaN,2
623,257,2.365173101,3.430202007,1
623,289,1.941571236,3.99139595,1
623,321,1.164689541,2.70754838,1
623,353,0.9137588739,2.091948986,1
623,385,NaN,NaN,2
623,417,2.283538103,1.949110031,1
623,449,2.879529715,2.774903297,1
623,481,1.782685518,2.641497612,1
623,513,2.471840382,-0.5691998601,1
623,545,NaN,NaN,2
623,577,2.639313221,-1.313504696,1
623,609,2.061697721,0.734790802,1
623,641,2.557110786,0.6479096413,1
623,673,2.385631084,1.397610903,1
623,705,1.325946212,2.080238342,1
623,737,1.041350365,1.525213957,1
623,769,1.055746198,1.294134378,1
623,801,NaN,NaN,2
623,833,NaN,NaN,2
623,865,NaN,NaN,2
623,897,NaN,NaN,2
623,929,NaN,NaN,2
623,961,0.1794096828,0.3842533827,1
623,993,-0.06162162125,-0.2802248001,1
623,1025,-0.8422118425,1.771141648,1
623,1057,-0.9249542952,3.618565083,1
623,1089,-0.05513766408,2.713227987,1
623,1121,0.6558591127,2.429947615,1
623,1153,0.7231296301,2.279240847,1
623,1185,0.3306090236,0.698918283,1
623,1217,0.6257713437,-0.2389945239,1
623,1249,-0.1681805849,-0.1839928627,1
623,1281,-1.352722526,-0.272557497,1
623,1313,-1.53350234,-0.4258964062,1
623,1345,-0.8104662895,-0.684918642,1
623,1377,-0.1935771108,0.1662662327,1
623,1409,NaN,NaN,2
623,1441,0.8698610067,-0.0973174274,1
623,1473,0.4964180589,-1.570910335,1
623,1505,3.524460316,-2.0405159,1
623,1537,NaN,NaN,2
623,1569,NaN,NaN,2
623,1601,-2.015898943,-0.2931382656,1
623,1633,NaN,NaN,2
623,1665,NaN,NaN,2
623,1697,NaN,NaN,2
623,1729,-1.841747522,1.655137062,1
623,1761,0.2384442985,2.527554989,1
623,1793,0.02911491692,2.500000954,1
623,1825,-0.3791233301,1.923316598,1
623,1857,0.2334979028,0.8385269642,1
623,1889,NaN,NaN,2
623,1921,NaN,NaN,2
623,1953,0.1240308881,2.546917439,1
623,1985,NaN,NaN,2
623,2017,-1.897570252,-1.002192378,1
655,33,-1.601846218,0.3547978401,1
655,65,0.8187395334,0.9205973744,1
655,97,NaN,NaN,2
655,129,1.436858535,1.505584955,1
655,161,-0.006466686726,1.560874224,1
655,193,2.652626514,3.446168661,1
655,225,2.571349621,2.664858818,1
655,257,2.77368021,2.985211372,1
655,289,2.658814669,3.77078867,1
655,321,2.110788584,2.273100138,1
655,353,1.636185884,2.924664259,1
655,385,NaN,NaN,2
655,417,3.61023283,3.0472188,1
655,449,NaN,NaN,2
655,481,3.34107995,-0.8237285614,1
655,513,3.061660767,-1.333669901,1
655,545,NaN,NaN,2
655,577,2.675874472,-0.3802224994,1
655,609,3.188816309,-0.2875325084,1
655,641,3.149615288,-1.108861446,1
655,673,2.410016537,0.007168889046,1
655,705,0.9422535896,0.9388195276,1
655,737,0.7438883185,1.193205953,1
655,769,0.8150068521,1.213194847,1
655,801,-1.99980545,1.508006334,1
655,833,NaN,NaN,2
655,865,NaN,NaN,2
655,897,NaN,NaN,2
655,929,NaN,NaN,2
655,961,0.163819313,0.681863904,1
655,993,-0.3637124598,0.02812564373,1
655,1025,-0.5728304386,1.603682399,1
655,1057,-0.5985025167,3.062883377,1
655,1089,-1.377017498,2.731343746,1
655,1121,-1.158469677,2.206883907,1
655,1153,-0.5510542393,3.0943501,1
655,1185,-1.248451471,0.1491389275,1
655,1217,-0.7768982649,-3.192246914,1
655,1249,-0.02710461617,-0.4141907394,1
655,1281,-0.4231125116,-2.140849113,1
655,1313,-0.6596283913,-0.918959856,1
655,1345,NaN,NaN,2
655,1377,0.2301827669,0.6975175142,1
655,1409,1.79809773,1.274887085,1
655,1441,2.832906008,2.071424007,1
655,1473,2.324571848,0.7175197005,1
655,1505,4.343722343,-0.4737493992,1
655,1537,2.107346535,-1.231927276,1
655,1569,-0.619715929,-1.217022896,1
655,1601,-1.300639272,-1.381999016,1
655,1633,NaN,NaN,2
655,1665,NaN,NaN,2
655,1697,-0.6880377531,-2.097892284,1
655,1729,0.09047666192,0.949078083,1
655,1761,0.2449628711,2.379878283,1
655,1793,0.03427135944,2.845481634,1
655,1825,-0.004673421383,2.197384357,1
655,1857,0.5742653012,1.576617479,1
655,1889,1.137634158,1.7663275,1
655,1921,1.23260355,4.444041252,1
655,1953,1.048759818,3.639710426,1
655,1985,-0.1033192575,1.29891479,1
655,2017,-1.849671721,-0.9683805704,1
687,33,-0.2451609671,0.2872282565,1
687,65,0.9039538503,-0.5454942584,1
687,97,NaN,NaN,2
687,129,NaN,NaN,2
687,161,0.4308031797,1.255992055,1
687,193,1.020159721,2.095050812,1
687,225,1.578550339,1.815706491,1
687,257,2.731899261,2.080477238,1
687,289,2.622014284,2.799154043,1
687,321,NaN,NaN,2
687,353,NaN,NaN,2
687,385,2.12940383,3.583858252,1
687,417,NaN,NaN,2
687,449,NaN,NaN,2
687,481,NaN,NaN,2
687,513,NaN,NaN,2
687,545,2.446702003,-0.8898183107,1
687,577,2.64723587,-0.5276005268,1
687,609,2.61198473,-0.6793022156,1
687,641,0.744235754,-3.601025105,1
687,673,0.7535392046,-2.600908279,1
687,705,1.149312735,0.6337812543,1
687,737,0.9539248943,1.270118833,1
687,769,0.720720768,1.50848937,1
687,801,-0.1031045318,1.408055663,1
687,833,0.4852583408,1.920570135,1
687,865,NaN,NaN,2
687,897,-1.436789751,2.163763523,1
687,929,-1.066535592,1.244763851,1
687,961,0.4612510204,-0.01807522774,1
687,993,0.9591796994,0.9360218048,1
687,1025,-0.01141726971,1.402019024,1
687,1057,-0.3311743736,2.241837502,1
687,1089,-1.392006755,2.611972094,1
687,1121,-2.870047331,2.443834782,1
687,1153,-2.33733511,1.536281109,1
687,1185,-3.365693331,-2.814610481,1
687,1217,-1.20535934,-2.664999485,1
687,1249,-0.4798267782,-0.9788442254,1
687,1281,-1.342919707,-2.029802322,1
687,1313,-1.083858728,-1.257441759,1
687,1345,NaN,NaN,2
687,1377,0.1504195929,0.2931771278,1
687,1409,2.446150064,1.081962109,1
687,1441,1.592183709,1.471974969,1
687,1473,2.420124054,0.1550634503,1
687,1505,3.48279953,-0.4196492434,1
687,1537,0.6160330772,-0.6894983649,1
687,1569,0.7037214637,-0.9011679888,1
687,1601,NaN,NaN,2
687,1633,NaN,NaN,2
687,1665,-0.2969711423,-1.215465188,1
687,1697,-2.198356867,-1.947981954,1
687,1729,-3.168079853,-0.06905961037,1
687,1761,NaN,NaN,2
687,1793,-0.6102986932,2.737963915,1
687,1825,0.4813511968,2.508843184,1
687,1857,0.8909744024,2.249642849,1
687,1889,1.870340109,1.580166817,1
687,1921,2.669802904,4.196009636,1
687,1953,2.202789068,2.472231388,1
687,1985,0.0853959918,1.411188364,1
687,2017,-1.498236537,-1.478709221,1
719,33,-0.3267465532,-0.02929830551,1
719,65,0.5903648138,-0.8562390208,1
719,97,NaN,NaN,2
719,129,NaN,NaN,2
719,161,0.5480546355,2.027029514,1
719,193,0.7164624929,2.002214909,1
719,225,1.083250999,1.807474256,1
719,257,1.992263198,1.600723267,1
719,289,2.116789818,1.811799526,1
719,321,1.707802653,2.656990767,1
719,353,NaN,NaN,2
719,385,NaN,NaN,2
719,417,NaN,NaN,2
719,449,NaN,NaN,2
719,481,8.945727348,-8.157348633,1
719,513,2.730273247,-0.1337824911,1
719,545,2.651856661,-0.2945294678,1
719,577,2.586504698,-0.3456110954,1
719,609,NaN,NaN,2
719,641,NaN,NaN,2
719,673,NaN,NaN,2
719,705,NaN,NaN,2
719,737,NaN,NaN,2
719,769,NaN,NaN,2
719,801,1.025377035,1.514526129,1
719,833,0.1963877231,-0.1787058115,1
719,865,0.107314229,2.915832758,1
719,897,-2.15486002,1.382415533,1
719,929,-3.080014944,0.5076328516,1
719,961,-1.335334063,0.5114819407,1
719,993,-0.9694572687,0.9233891964,1
719,1025,-0.669772625,1.118205428,1
719,1057,-0.3351271152,1.410666466,1
719,1089,-0.6064035892,1.689255238,1
719,1121,-1.1398772,1.585114837,1
719,1153,-2.255904913,0.6425148249,1
719,1185,-4.552083015,-4.121938705,1
719,1217,-5.091217041,-1.178945899,1
719,1249,-1.121497869,-1.626503706,1
719,1281,-0.2745041847,-1.69948256,1
719,1313,-0.2553726435,-0.9062621593,1
719,1345,NaN,NaN,2
719,1377,NaN,NaN,2
719,1409,0.7352933884,0.09190756083,1
719,1441,0.8424457908,0.1581732333,1
719,1473,0.6367902756,-0.008166313171,1
719,1505,-0.1049249172,-0.3721669614,1
719,1537,NaN,NaN,2
719,1569,NaN,NaN,2
719,1601,NaN,NaN,2
719,1633,NaN,NaN,2
719,1665,-0.2451910377,-0.3704128265,1
719,1697,-1.450013638,-1.274640322,1
719,1729,-2.053533792,-0.2931001782,1
719,1761,-0.6505278349,4.332084656,1
719,1793,-0.4255325794,5.109431267,1
719,1825,3.047373533,5.146968842,1
719,1857,2.807415485,3.882590294,1
719,1889,1.165810704,3.696746588,1
719,1921,1.299767256,1.832268357,1
719,1953,1.270459533,1.585517764,1
719,1985,1.064831734,1.660365343,1
719,2017,-1.12655139,-2.369400024,1
751,33,-0.5463039875,0.1096789837,1
751,65,0.4557658434,0.4707457423,1
751,97,0.6654763222,1.399073362,1
751,129,0.8822302222,2.189813375,1
751,161,0.8799936175,2.625448227,1
751,193,0.8582776189,2.039940119,1
751,225,0.9284214973,1.881003022,1
751,257,1.289274693,1.446582317,1
751,289,1.457902908,1.134693861,1
751,321,1.52912724,2.224421978,1
751,353,1.01932466,2.954315424,1
751,385,NaN,NaN,2
751,417,2.23077178,16.26519585,1
751,449,NaN,NaN,2
751,481,6.094404221,-8.172339439,1
751,513,3.59283638,0.5172282457,1
751,545,2.379517555,0.538705647,1
751,577,2.368763208,-0.1950375736,1
751,609,1.154251575,-2.583478451,1
751,641,NaN,NaN,2
751,673,-9.488467216,17.49616432,1
751,705,-12.56038761,16.12647438,1
751,737,NaN,NaN,2
751,769,1.739652038,4.641604424,1
751,801,0.8859674931,2.170850277,1
751,833,-0.2020664513,-0.2888128757,1
751,865,0.9961620569,2.098656416,1
751,897,-1.687051058,1.706259608,1
751,929,-2.347167969,0.8510164022,1
751,961,-1.752344966,0.6344684958,1
751,993,-1.518944502,0.3472353816,1
751,1025,-0.9179888368,0.7350983024,1
751,1057,0.05545592308,1.09965384,1
751,1089,-0.6428024769,0.947855711,1
751,1121,-3.066790581,0.9840874672,1
751,1153,NaN,NaN,2
751,1185,-3.532496452,0.05115412176,1
751,1217,NaN,NaN,2
751,1249,-0.2535563707,-1.774439692,1
751,1281,-0.2068950534,-1.757001042,1
751,1313,NaN,NaN,2
751,1345,NaN,NaN,2
751,1377,NaN,NaN,2
751,1409,-0.3183803856,-0.4678387642,1
751,1441,0.03492680192,-0.3810715079,1
751,1473,-0.1634899676,-0.2774321735,1
751,1505,-0.3065557182,0.09157335758,1
751,1537,NaN,NaN,2
751,1569,0.6965308785,-1.805480719,1
751,1601,-0.06036928296,-2.161039591,1
751,1633,-0.4876885712,-0.9811632633,1
751,1665,1.363473654,-1.051251888,1
751,1697,1.493047237,-0.1725814939,1
751,1729,0.4169461131,0.8829618692,1
751,1761,0.8010463715,3.758281708,1
751,1793,3.103698254,3.448939323,1
751,1825,NaN,NaN,2
751,1857,NaN,NaN,2
751,1889,2.27201438,2.392255545,1
751,1921,2.409809589,2.260932684,1
751,1953,2.041655302,2.49412775,1
751,1985,1.584529757,1.880574346,1
751,2017,NaN,NaN,2
783,33,-0.07176405191,0.4007130861,1
783,65,1.010292768,0.9506418109,1
783,97,2.453056097,1.823091984,1
783,129,2.059102774,1.72421813,1
783,161,0.7391673326,1.951246977,1
783,193,0.8194588423,1.420758843,1
783,225,0.7915110588,1.227857113,1
783,257,-0.1858484745,1.226895332,1
783,289,-0.05550456047,1.899466753,1
783,321,-0.1414219141,2.640564442,1
783,353,2.754003763,2.990235329,1
783,385,NaN,NaN,2
783,417,-2.045529366,18.87792587,1
783,449,NaN,NaN,2
783,481,NaN,NaN,2
783,513,NaN,NaN,2
783,545,2.102788448,1.981729746,1
783,577,2.192886591,-0.171090439,1
783,609,NaN,NaN,2
783,641,NaN,NaN,2
783,673,NaN,NaN,2
783,705,NaN,NaN,2
783,737,NaN,NaN,2
783,769,-0.5198150873,4.884111881,1
783,801,0.3397883177,3.082881927,1
783,833,-0.213760972,1.885293007,1
783,865,-1.407295108,1.676412582,1
783,897,-2.562674522,4.688878059,1
783,929,-3.527784824,3.903683662,1
783,961,-1.036516547,0.9347634315,1
783,993,-1.097730398,0.8178946376,1
783,1025,-0.7740238905,0.7998296618,1
783,1057,-0.6062039733,0.869320035,1
783,1089,-0.951701045,0.5647358298,1
783,1121,-1.766827345,0.7708329558,1
783,1153,NaN,NaN,2
783,1185,-1.632491469,0.6610552669,1
783,1217,-1.19777441,-0.3415939808,1
783,1249,0.2856813669,-1.272407532,1
783,1281,-0.653675735,-1.02286768,1
783,1313,-3.167309761,0.3199344277,1
783,1345,NaN,NaN,2
783,1377,-2.103107452,-0.1576640606,1
783,1409,-1.526746154,-1.059054136,1
783,1441,-0.9255566597,-0.9866372943,1
783,1473,-0.379904598,-0.6331171989,1
783,1505,1.900415659,-0.9834032059,1
783,1537,1.159590006,-1.234481812,1
783,1569,0.6066938043,-1.590288997,1
783,1601,-1.131041408,-0.9752417803,1
783,1633,-0.2356736064,-0.5856752396,1
783,1665,1.564412832,-0.07266592979,1
783,1697,1.467780471,1.128868818,1
783,1729,NaN,NaN,2
783,1761,4.006337166,2.545897007,1
783,1793,3.682494879,1.683817387,1
783,1825,NaN,NaN,2
783,1857,NaN,NaN,2
783,1889,3.069464207,1.499119401,1
783,1921,3.645297527,2.163114071,1
783,1953,3.093068838,4.079068184,1
783,1985,1.076082945,2.074587107,1
783,2017,-0.05045759678,-4.28683567,1
815,33,-0.4090305567,0.406419307,1
815,65,0.4335348308,1.13513875,1
815,97,1.307361603,2.311601639,1
815,129,0.7390155196,1.721351147,1
815,161,0.3502773046,0.6350418329,1
815,193,0.7940667868,0.4516775608,1
815,225,1.149091721,-0.6608637571,1
815,257,0.6737077236,0.5913360715,1
815,289,-0.2927324772,1.740892768,1
815,321,0.6707364321,3.176661491,1
815,353,NaN,NaN,2
815,385,NaN,NaN,2
815,417,NaN,NaN,2
815,449,NaN,NaN,2
815,481,NaN,NaN,2
815,513,1.62868607,2.078409672,1
815,545,2.785921574,2.609142542,1
815,577,5.32745266,-0.4054623246,1
815,609,NaN,NaN,2
815,641,NaN,NaN,2
815,673,NaN,NaN,2
815,705,-0.02208822966,1.219890833,1
815,737,-0.5292316675,1.689547539,1
815,769,-0.9342927933,3.085535288,1
815,801,-0.4959965348,1.618765712,1
815,833,-0.2339161038,1.6149261,1
815,865,-1.351825953,1.757615566,1
815,897,-3.730192184,6.387324333,1
815,929,NaN,NaN,2
815,961,-0.6558787823,1.530890226,1
815,993,0.195732832,1.789216638,1
815,1025,-0.6790934801,1.096068144,1
815,1057,-1.12108779,-0.2337723374,1
815,1089,-1.131009579,-0.1624401212,1
815,1121,-1.692397714,-0.01709878445,1
815,1153,-1.93825984,1.765331507,1
815,1185,-1.488682628,1.450011253,1
815,1217,-0.9790356755,0.6436249018,1
815,1249,-0.5895441771,-1.151690602,1
815,1281,-0.9090380669,-1.228099823,1
815,1313,-4.232792854,0.2314360142,1
815,1345,NaN,NaN,2
815,1377,-3.125176907,-0.5076743364,1
815,1409,-1.378344774,-1.069232702,1
815,1441,-0.7259508371,-1.023367882,1
815,1473,-0.02522196621,-0.5408666134,1
815,1505,2.504918098,-1.350877523,1
815,1537,2.069080114,-2.313842773,1
815,1569,1.212360382,-1.824619532,1
815,1601,0.3713675737,-0.7746445537,1
815,1633,1.108984232,2.010151625,1
815,1665,1.947431445,2.304674625,1
815,1697,3.128623486,2.615318775,1
815,1729,3.584356308,3.616964102,1
815,1761,3.8536973,2.96254015,1
815,1793,3.556250811,1.603382826,1
815,1825,NaN,NaN,2
815,1857,2.08878994,0.6367101669,1
815,1889,3.584034443,1.606453896,1
815,1921,3.682550669,1.376144171,1
815,1953,2.405571461,1.770872116,1
815,1985,0.3138489723,0.3355668783,1
815,2017,-1.120765209,-4.431504726,1
847,33,0.4710708857,0.2886557579,1
847,65,-0.8375337124,0.3884257078,1
847,97,-2.11888814,1.361776114,1
847,129,-0.5442093015,0.9748529196,1
847,161,0.5250690579,0.01738500595,1
847,193,0.457986176,0.1978633404,1
847,225,0.4174390435,-0.286021769,1
847,257,0.7468372583,0.3434870839,1
847,289,NaN,NaN,2
847,321,NaN,NaN,2
847,353,NaN,NaN,2
847,385,NaN,NaN,2
847,417,NaN,NaN,2
847,449,NaN,NaN,2
847,481,0.9613616467,3.185462475,1
847,513,0.2835681438,2.891123295,1
847,545,2.870148897,3.957496643,1
847,577,NaN,NaN,2
847,609,NaN,NaN,2
847,641,0.9098773003,-0.1251163483,1
847,673,0.04070973396,1.362014771,1
847,705,-1.963155866,2.186563969,1
847,737,-2.284631014,2.253847599,1
847,769,NaN,NaN,2
847,801,-1.326269269,1.00708127,1
847,833,-0.8361610174,1.517999649,1
847,865,NaN,NaN,2
847,897,NaN,NaN,2
847,929,NaN,NaN,2
847,961,-0.5727549195,2.071698189,1
847,993,-1.100092411,2.59069562,1
847,1025,-2.4156847,0.8373838663,1
847,1057,-1.412792563,-1.214097023,1
847,1089,-1.461116433,-1.260807514,1
847,1121,-1.63792038,-0.8350071311,1
847,1153,-1.267755151,1.623013735,1
847,1185,-1.018905044,1.398477197,1
847,1217,-1.082097292,-0.08987763524,1
847,1249,-0.8651704788,-1.423993826,1
847,1281,-1.157969236,-0.8795665503,1
847,1313,-1.850745678,-0.7994227409,1
847,1345,-2.166478872,-1.768463492,1
847,1377,-1.53078115,-0.3456124663,1
847,1409,-1.098743916,-0.6545729041,1
847,1441,-0.6352744102,-0.2417243719,1
847,1473,0.3852548003,-0.06999838352,1
847,1505,2.056860209,-1.376461506,1
847,1537,1.783030152,-2.334385395,1
847,1569,1.477009892,-2.076491117,1
847,1601,1.494606376,-0.06055772305,1
847,1633,NaN,NaN,2
847,1665,2.269405365,1.988263965,1
847,1697,4.377643108,2.55055666,1
847,1729,5.666242599,3.197404146,1
847,1761,4.377270222,2.796023369,1
847,1793,2.599987745,2.308403492,1
847,1825,1.503787279,2.030352116,1
847,1857,2.260691643,1.827890754,1
847,1889,1.958728313,1.005486965,1
847,1921,1.98751092,1.26353538,1
847,1953,1.765221119,1.565829873,1
847,1985,NaN,NaN,2
847,2017,-0.5363869071,-3.79895854,1
879,33,2.749063015,0.1092829704,1
879,65,-0.3905615807,0.7498849034,1
879,97,-1.801768422,1.334792018,1
879,129,-1.528061032,1.124193192,1
879,161,-0.4229177237,0.4960757494,1
879,193,-0.9359547496,0.3390277028,1
879,225,-0.6820809841,0.04507660866,1
879,257,-0.03310150281,0.2534819841,1
879,289,-0.8088948131,1.246058702,1
879,321,-0.1720876098,2.975419998,1
879,353,NaN,NaN,2
879,385,NaN,NaN,2
879,417,NaN,NaN,2
879,449,0.4603536129,3.552177668,1
879,481,1.25622797,5.596889496,1
879,513,2.443108559,3.875570297,1
879,545,NaN,NaN,2
879,577,NaN,NaN,2
879,609,0.8101352453,2.810228825,1
879,641,0.74927634,4.149587154,1
879,673,-0.342300415,3.161175966,1
879,705,-1.870431185,2.209106684,1
879,737,-2.193322659,0.5164158344,1
879,769,-3.383423805,-0.9779391289,1
879,801,-2.766950607,-0.08639669418,1
879,833,-1.49430728,0.5928121805,1
879,865,-1.117755055,1.711628199,1
879,897,-1.924555779,2.50869751,1
879,929,-1.363976955,1.39580369,1
879,961,-1.092755795,1.771617174,1
879,993,-3.025388479,2.201000452,1
879,1025,-3.147610664,1.199707985,1
879,1057,-2.557848454,-1.81697917,1
879,1089,-3.197891474,-0.5347741842,1
879,1121,-2.433312893,-0.2984676957,1
879,1153,-1.16020596,-0.827966392,1
879,1185,-2.298773289,0.2394811809,1
879,1217,-0.7614087462,0.5223497152,1
879,1249,-0.737844348,-0.06766408682,1
879,1281,-1.190414786,-0.3215186,1
879,1313,-4.67454958,-0.6601122618,1
879,1345,NaN,NaN,2
879,1377,-0.2619073391,-0.09453678131,1
879,1409,0.2876439095,0.6727976799,1
879,1441,-0.1977331042,0.07192096114,1
879,1473,0.2119908631,-0.2888531387,1
879,1505,0.810279429,-0.9368633032,1
879,1537,1.198973894,-1.41796875,1
879,1569,0.9336249828,-1.02993381,1
879,1601,0.4005504847,0.5382806659,1
879,1633,NaN,NaN,2
879,1665,0.7119784355,1.981286287,1
879,1697,2.913679361,2.582331181,1
879,1729,4.507139683,1.854055405,1
879,1761,4.187041283,2.120759726,1
879,1793,1.75945282,1.964128017,1
879,1825,0.9219895601,1.585934281,1
879,1857,1.290160894,1.558749676,1
879,1889,0.3300969601,1.079137802,1
879,1921,0.2654474974,1.438886642,1
879,1953,0.9614503384,1.585232735,1
879,1985,1.228823662,1.02547133,1
879,2017,1.825566173,-3.095426798,1
911,33,1.644491434,0.3155617714,1
911,65,-0.3218671083,0.8947913647,1
911,97,-1.467610478,1.456246138,1
911,129,-1.470698476,1.507629752,1
911,161,-1.043953419,1.00332737,1
911,193,-1.566882849,0.2240678668,1
911,225,NaN,NaN,2
911,257,0.06489171833,1.370090842,1
911,289,NaN,NaN,2
911,321,0.2106246352,1.505939722,1
911,353,-0.07509887218,2.145428896,1
911,385,NaN,NaN,2
911,417,-1.040143251,3.030108213,1
911,449,0.0214933157,3.559488058,1
911,481,0.9079666138,5.550662994,1
911,513,1.660494089,3.486485243,1
911,545,NaN,NaN,2
911,577,-1.275335073,0.9788768291,1
911,609,0.5642535686,2.224124432,1
911,641,0.06124711037,5.71002388,1
911,673,-0.4828470945,4.293708801,1
911,705,-1.732952833,1.812041044,1
911,737,-3.257683516,0.4672930241,1
911,769,NaN,NaN,2
911,801,-2.251496792,1.023690701,1
911,833,-0.9337291718,0.6970822811,1
911,865,-0.8237746954,1.419472814,1
911,897,-1.618579149,2.335611105,1
911,929,-3.64972806,1.957514405,1
911,961,-2.053343534,2.529141903,1
911,993,-1.30567205,1.723558307,1
911,1025,-0.8216035366,0.9300339222,1
911,1057,-1.191314697,1.733405232,1
911,1089,-1.936054826,1.484279633,1
911,1121,-2.209597111,1.379837871,1
911,1153,-1.252009273,-0.4550026655,1
911,1185,-1.214191198,-0.5093755722,1
911,1217,-0.7393738627,1.529098034,1
911,1249,-0.7877709866,1.218589067,1
911,1281,-1.429055572,0.3919691145,1
911,1313,-1.987401128,0.1492186189,1
911,1345,-1.913990498,-2.695448399,1
911,1377,0.220387578,-0.009988427162,1
911,1409,NaN,NaN,2
911,1441,0.02717083693,-0.2406887412,1
911,1473,0.2122834027,-0.3284183741,1
911,1505,0.4282052517,-0.5368410349,1
911,1537,0.4018995762,-0.2002967596,1
911,1569,NaN,NaN,2
911,1601,0.4199558496,2.385840416,1
911,1633,NaN,NaN,2
911,1665,0.5388495922,2.519734383,1
911,1697,2.780827761,1.100856781,1
911,1729,3.439750671,0.4160335064,1
911,1761,2.039362192,2.171189308,1
911,1793,1.295217752,0.6419402361,1
911,1825,0.5444629192,-0.2499011755,1
911,1857,0.141682744,0.8598975539,1
911,1889,NaN,NaN,2
911,1921,0.3228258491,1.882860422,1
911,1953,0.6989603043,1.334188938,1
911,1985,1.394666433,0.9171018004,1
911,2017,2.139147758,-2.531966209,1
943,33,1.547235012,0.1815567017,1
943,65,-1.268339157,1.111921668,1
943,97,-1.960846901,2.010150433,1
943,129,-1.56148982,2.121537685,1
943,161,-0.7480953932,0.9799573421,1
943,193,-0.101996392,0.09638249874,1
943,225,0.3173743486,0.8749778271,1
943,257,NaN,NaN,2
943,289,NaN,NaN,2
943,321,2.900851965,1.674492121,1
943,353,-0.5786643624,2.305810928,1
943,385,-1.039758444,5.250495911,1
943,417,-0.8710250854,2.300450325,1
943,449,0.1075680852,3.044473171,1
943,481,0.5593631268,4.498755455,1
943,513,NaN,NaN,2
943,545,1.324868441,0.7811335325,1
943,577,0.5362637639,0.2163997889,1
943,609,0.4002273679,2.070564747,1
943,641,-0.1498339176,3.250399828,1
943,673,-0.727309525,2.254211903,1
943,705,NaN,NaN,2
943,737,-1.91420114,-0.9460400343,1
943,769,NaN,NaN,2
943,801,-2.562789202,2.048186302,1
943,833,-1.43250525,1.881590366,1
943,865,-0.858348012,1.563332677,1
943,897,-1.213472843,2.975856781,1
943,929,-2.735797167,2.002200365,1
943,961,-2.489281654,3.309140205,1
943,993,-1.050870895,1.762320876,1
943,1025,-0.9249200821,-0.06867468357,1
943,1057,-2.188186646,2.240828037,1
943,1089,-3.098752975,1.835359931,1
943,1121,-1.923843503,3.572761774,1
943,1153,-1.010468125,0.9780457616,1
943,1185,-1.03154099,1.602605939,1
943,1217,-0.6810985208,2.6570611,1
943,1249,0.4234264493,1.766666174,1
943,1281,-0.4605097175,0.7702239752,1
943,1313,-1.466845393,0.4784245491,1
943,1345,-1.292778492,0.1275565624,1
943,1377,-0.4378682375,0.7197624445,1
943,1409,-0.7570158839,1.361791492,1
943,1441,-0.2801989317,0.04326301813,1
943,1473,-0.3957331181,-0.08919805288,1
943,1505,-0.4055606127,-0.05015097558,1
943,1537,-0.310371995,0.4825221896,1
943,1569,-0.4376311302,1.391062617,1
943,1601,0.1802468598,2.265301943,1
943,1633,0.2021685094,4.239323139,1
943,1665,0.5202712417,2.468330622,1
943,1697,0.2423117161,1.699465752,1
943,1729,0.4738533497,1.792092323,1
943,1761,1.027044654,2.221078396,1
943,1793,1.012659669,1.316996217,1
943,1825,0.8765898943,0.0149140358,1
943,1857,NaN,NaN,2
943,1889,NaN,NaN,2
943,1921,NaN,NaN,2
943,1953,0.5794622302,1.511972785,1
943,1985,1.599538922,0.3729915023,1
943,2017,3.096360683,-2.083138466,1
975,33,0.5220948458,0.05326128006,1
975,65,0.1102987975,1.185525417,1
975,97,-0.6775579453,4.909808159,1
975,129,-0.6194054484,2.606721878,1
975,161,0.06954324245,1.043596983,1
975,193,0.7825158834,0.4969804287,1
975,225,NaN,NaN,2
975,257,0.2967951298,2.840083599,1
975,289,NaN,NaN,2
975,321,0.1796220243,1.395815849,1
975,353,-2.464352131,2.207125187,1
975,385,-3.254210949,3.20803237,1
975,417,-2.145191193,2.106920719,1
975,449,-0.6621082425,1.77314496,1
975,481,1.206340313,3.775066137,1
975,513,NaN,NaN,2
975,545,-1.874063492,1.307209969,1
975,577,0.728593111,-0.1985174417,1
975,609,0.5680215359,1.895620942,1
975,641,-0.0384254232,2.58394289,1
975,673,-1.120680928,2.339363813,1
975,705,-2.016730547,1.377776623,1
975,737,-3.021312714,4.090023041,1
975,769,-5.146344185,3.254921913,1
975,801,-3.690277576,4.029046059,1
975,833,NaN,NaN,2
975,865,NaN,NaN,2
975,897,NaN,NaN,2
975,929,-1.305996895,2.113867044,1
975,961,-1.628663063,2.233441353,1
975,993,-1.449627638,1.921278596,1
975,1025,-1.365576148,2.301087141,1
975,1057,-1.051470518,2.819806099,1
975,1089,-1.094349623,1.986497879,1
975,1121,-1.244132996,3.232378721,1
975,1153,-1.202514172,1.30708766,1
975,1185,-1.845918775,1.439788699,1
975,1217,-1.190152645,3.921073437,1
975,1249,-0.5818789005,1.708315492,1
975,1281,-0.7158712745,0.8280643225,1
975,1313,-0.7194309235,0.7171740532,1
975,1345,-1.43425262,0.7149377465,1
975,1377,-1.330839038,1.564199924,1
975,1409,-1.425055981,1.734163284,1
975,1441,-3.438986301,2.770533562,1
975,1473,-1.095138788,0.8196706772,1
975,1505,-0.1906460524,0.7803333402,1
975,1537,0.1042113304,0.93220222,1
975,1569,-0.219521746,1.241047025,1
975,1601,-0.1627810299,1.195138097,1
975,1633,-0.5975315571,1.675964355,1
975,1665,-0.2801431715,1.837594151,1
975,1697,-0.5785301328,1.371333718,1
975,1729,-1.436129808,1.362091899,1
975,1761,-0.56399405,1.21426487,1
975,1793,NaN,NaN,2
975,1825,0.504009068,-1.021509647,1
975,1857,0.215374887,-1.818526745,1
975,1889,-0.4746311903,-1.652647257,1
975,1921,0.3499189615,1.137257099,1
975,1953,0.9293216467,1.159436226,1
975,1985,1.569421291,0.4174855649,1
975,2017,3.747622967,-1.906115055,1
1007,33,-0.2553320527,0.07670760155,1
1007,65,0.8132716417,0.7822604179,1
1007,97,0.8325972557,3.235445976,1
1007,129,0.1563454717,2.745478153,1
1007,161,0.4424010515,0.9319399595,1
1007,193,1.037395954,0.6506682038,1
1007,225,0.8223869205,1.261770487,1
1007,257,0.3542174101,1.492174864,1
1007,289,NaN,NaN,2
1007,321,NaN,NaN,2
1007,353,-0.8583855629,1.674453139,1
1007,385,-1.157490969,2.374156237,1
1007,417,NaN,NaN,2
1007,449,NaN,NaN,2
1007,481,NaN,NaN,2
1007,513,2.422677755,3.077708006,1
1007,545,1.763706446,0.8762333393,1
1007,577,0.9735062122,-0.5032830238,1
1007,609,0.9653270841,1.763660192,1
1007,641,0.5168539286,2.597794771,1
1007,673,-0.6922745705,4.28902626,1
1007,705,-1.976994514,2.04817009,1
1007,737,-4.185959339,4.028335571,1
1007,769,-5.393072605,3.590429544,1
1007,801,-3.457070351,3.061319351,1
1007,833,-2.043954372,2.328977346,1
1007,865,NaN,NaN,2
1007,897,NaN,NaN,2
1007,929,-0.8001461029,1.678082824,1
1007,961,-1.057089925,0.9002249241,1
1007,993,-1.861798644,1.611052155,1
1007,1025,-1.689742804,3.419900656,1
1007,1057,NaN,NaN,2
1007,1089,-0.7084530592,2.136255264,1
1007,1121,-0.78649652,2.247357368,1
1007,1153,-1.032637835,0.7953886986,1
1007,1185,-1.50381279,0.9589728117,1
1007,1217,-1.378959894,1.790169716,1
1007,1249,-1.047249794,1.132455587,1
1007,1281,-1.240848899,0.5924410224,1
1007,1313,-1.389682412,0.5989034176,1
1007,1345,-1.737821102,0.168279469,1
1007,1377,-1.323514819,0.533090353,1
1007,1409,-1.380588889,0.9936929345,1
1007,1441,-2.383810043,3.58381319,1
1007,1473,-1.481062651,3.809606314,1
1007,1505,-1.068297863,0.5234095454,1
1007,1537,-0.1620876491,1.140277147,1
1007,1569,0.1077177525,1.101193547,1
1007,1601,-0.3394315541,0.9251284599,1
1007,1633,-0.1614020318,0.6896452308,1
1007,1665,0.04398351908,0.3130628467,1
1007,1697,-0.508259058,0.03603166342,1
1007,1729,-1.01939702,0.6144676208,1
1007,1761,-0.3562246561,1.041045904,1
1007,1793,NaN,NaN,2
1007,1825,0.2999027073,1.538713455,1
1007,1857,0.3945347071,-0.09273785353,1
1007,1889,0.0608458519,-0.3348618746,1
1007,1921,3.296058655,1.268490314,1
1007,1953,2.917427063,1.309947848,1
1007,1985,2.035750628,0.5507452488,1
1007,2017,2.745482206,-2.239215851,1
1039,33,-0.9452264309,0.309333086,1
1039,65,0.8156903982,1.535767555,1
1039,97,1.098175049,2.85447216,1
1039,129,0.04542028904,3.490923405,1
1039,161,0.1912137568,1.009449482,1
1039,193,0.1147605702,0.4663758278,1
1039,225,0.2630338371,0.986959815,1
1039,257,0.7026416063,1.216745615,1
1039,289,0.4418789148,1.538017988,1
1039,321,-0.5051963329,1.414409757,1
1039,353,-0.276587218,1.710916638,1
1039,385,-0.4354604483,2.403279781,1
1039,417,0.5551791787,1.424725413,1
1039,449,1.165956855,-0.15046978,1
1039,481,2.080565214,-0.7747906446,1
1039,513,2.87402916,0.7515046597,1
1039,545,3.60493803,0.9053174257,1
1039,577,NaN,NaN,2
1039,609,2.813606262,4.013867378,1
1039,641,2.889413834,3.574553013,1
1039,673,0.1784137487,2.596010208,1
1039,705,NaN,NaN,2
1039,737,-1.619121671,2.808476925,1
1039,769,-1.904127002,1.940255404,1
1039,801,-1.796673536,1.849324942,1
1039,833,-0.5418126583,1.593628168,1
1039,865,-0.6738417149,2.717917442,1
1039,897,NaN,NaN,2
1039,929,-0.4384988546,1.079570174,1
1039,961,-0.6262911558,0.8174852133,1
1039,993,-1.108367682,1.720012069,1
1039,1025,-1.465994596,3.308830738,1
1039,1057,-0.8982094526,2.187249184,1
1039,1089,0.383274436,4.503200054,1
1039,1121,-0.3641090989,0.9377628565,1
1039,1153,-0.5540671945,0.7449826002,1
1039,1185,-1.225484014,0.707195282,1
1039,1217,-1.98798275,0.6987339854,1
1039,1249,-2.352546692,0.5348049998,1
1039,1281,-2.517897129,0.4889775515,1
1039,1313,-4.080400944,-2.246201515,1
1039,1345,-3.154076576,-0.301038295,1
1039,1377,-1.339440942,-0.040920645,1
1039,1409,-0.9568040371,0.4906861186,1
1039,1441,-1.734028697,1.673917055,1
1039,1473,-1.335862041,2.051654816,1
1039,1505,-1.76258707,-0.1761468053,1
1039,1537,-0.5985399485,0.01541256905,1
1039,1569,0.789129436,0.7705726027,1
1039,1601,-0.0597242415,0.8137795925,1
1039,1633,0.002035051584,0.8746855259,1
1039,1665,-0.1436241269,0.08693128824,1
1039,1697,-0.3737801313,-0.6412804723,1
1039,1729,-0.3336786628,-0.04518842697,1
1039,1761,0.09219512343,0.5207154155,1
1039,1793,1.094648242,3.609676361,1
1039,1825,0.1872569025,0.7354233265,1
1039,1857,0.3139648438,-0.2630279064,1
1039,1889,0.497746706,0.1922590733,1
1039,1921,1.168802261,1.220370293,1
1039,1953,1.840657353,2.060369968,1
1039,1985,1.97171545,1.267903328,1
1039,2017,NaN,NaN,2
1071,33,-1.297640562,0.4218077064,1
1071,65,NaN,NaN,2
1071,97,1.905773282,2.750797749,1
1071,129,0.3137546778,2.02898407,1
1071,161,-0.1322424561,1.094667554,1
1071,193,-0.3001140654,0.763943851,1
1071,225,NaN,NaN,2
1071,257,1.408297777,1.087349415,1
1071,289,1.486301064,1.697994351,1
1071,321,0.9694166183,1.426157355,1
1071,353,-0.4428181052,2.841708183,1
1071,385,-0.4176268578,1.77302599,1
1071,417,NaN,NaN,2
1071,449,0.6854394078,0.4906968474,1
1071,481,1.474397063,0.3630309105,1
1071,513,2.388632774,0.3406769931,1
1071,545,NaN,NaN,2
1071,577,6.822412968,0.8834331036,1
1071,609,4.063716888,1.241526246,1
1071,641,3.84267664,2.560677052,1
1071,673,2.130841494,2.939399958,1
1071,705,0.7051219344,2.703253746,1
1071,737,-0.02657756209,0.3484508991,1
1071,769,-0.8094906807,1.685474277,1
1071,801,-1.732196093,0.8137247562,1
1071,833,-1.39464736,0.8718450069,1
1071,865,-1.135540724,1.511364937,1
1071,897,NaN,NaN,2
1071,929,-0.3983029723,1.259881854,1
1071,961,-0.3670790195,1.23720324,1
1071,993,-0.5122193098,0.6232851744,1
1071,1025,-0.5340988636,3.365497828,1
1071,1057,-0.4492995143,3.126113653,1
1071,1089,NaN,NaN,2
1071,1121,-0.1097193956,0.5976343751,1
1071,1153,-0.4816009998,0.508474052,1
1071,1185,-1.164375067,0.3367667198,1
1071,1217,-2.515051603,0.4012368917,1
1071,1249,-2.355805635,0.1711809933,1
1071,1281,-2.378905773,0.1892926097,1
1071,1313,-5.01323843,-0.8471010923,1
1071,1345,-4.195095062,0.7610599995,1
1071,1377,NaN,NaN,2
1071,1409,-1.416059375,-0.1526744962,1
1071,1441,-1.674952507,-0.2838059962,1
1071,1473,-1.489392996,0.02469922602,1
1071,1505,-1.33050108,-0.7444351912,1
1071,1537,-0.3268251419,-0.2408391237,1
1071,1569,2.176078558,0.4913372993,1
1071,1601,0.02418383211,0.7410106063,1
1071,1633,-0.6318207383,0.9430837631,1
1071,1665,NaN,NaN,2
1071,1697,-0.1609428525,-0.9538952112,1
1071,1729,0.5302004218,-0.5257996321,1
1071,1761,NaN,NaN,2
1071,1793,1.199616194,0.1004438996,1
1071,1825,0.5634588003,-1.716608047,1
1071,1857,0.9961590767,-0.2292852253,1
1071,1889,0.4919838607,0.9409310818,1
1071,1921,NaN,NaN,2
1071,1953,NaN,NaN,2
1071,1985,NaN,NaN,2
1071,2017,6.179419041,-1.763268828,1
1103,33,15.76305485,0.5451006889,1
1103,65,NaN,NaN,2
1103,97,0.7890300751,-0.1666486859,1
1103,129,NaN,NaN,2
1103,161,-0.1237854809,1.00137639,1
1103,193,-0.2416800261,2.644999981,1
1103,225,NaN,NaN,2
1103,257,0.1998627186,0.7367749214,1
1103,289,0.2900037467,0.5481718183,1
1103,321,NaN,NaN,2
1103,353,NaN,NaN,2
1103,385,1.375729322,-1.163389325,1
1103,417,NaN,NaN,2
1103,449,0.4605244696,-0.1592989564,1
1103,481,0.8183045387,-0.4515577257,1
1103,513,1.355208635,-0.3466019928,1
1103,545,NaN,NaN,2
1103,577,6.401756763,-0.9229608774,1
1103,609,5.993916035,-0.8038263321,1
1103,641,6.475426674,1.459095478,1
1103,673,1.013208628,2.719055176,1
1103,705,1.446153164,2.509973526,1
1103,737,NaN,NaN,2
1103,769,0.2449017167,0.8285497427,1
1103,801,-0.82173419,0.4915161133,1
1103,833,-2.502638578,1.238268018,1
1103,865,-2.729525089,1.483032703,1
1103,897,-1.042161942,1.172546983,1
1103,929,0.9816126227,2.01517868,1
1103,961,2.550097227,3.271324158,1
1103,993,NaN,NaN,2
1103,1025,-0.01658314466,2.478669882,1
1103,1057,0.01853227615,1.614362717,1
1103,1089,-0.2222165763,0.9725896716,1
1103,1121,0.5235710144,0.7498947978,1
1103,1153,-0.7290741801,0.572116375,1
1103,1185,-1.252400994,0.140935123,1
1103,1217,-1.957733512,0.2604004741,1
1103,1249,-2.360121727,0.1628895402,1
1103,1281,-2.602527618,0.064006567,1
1103,1313,-2.974674702,0.0124078989,1
1103,1345,-2.721832037,0.6344153881,1
1103,1377,-2.497736931,0.2904451787,1
1103,1409,-2.318297148,0.3246029615,1
1103,1441,-2.148744583,0.2269828618,1
1103,1473,-1.733877659,0.05866076052,1
1103,1505,-0.5911563635,-1.261039138,1
1103,1537,0.4035109282,-0.02903947234,1
1103,1569,0.5360364318,0.4326624572,1
1103,1601,NaN,NaN,2
1103,1633,-1.979912162,0.1458877325,1
1103,1665,-0.7551740408,-0.5066003799,1
1103,1697,-0.01647786796,0.431104362,1
1103,1729,0.644335568,-0.5163152218,1
1103,1761,0.6445515156,-3.642803907,1
1103,1793,0.5003654957,-2.69537735,1
1103,1825,0.38055408,-1.077728391,1
1103,1857,0.3529667854,-0.4159939587,1
1103,1889,0.07487827539,0.453633219,1
1103,1921,-0.3245518208,0.9473258853,1
1103,1953,-0.79147017,0.8368369341,1
1103,1985,NaN,NaN,2
1103,2017,NaN,NaN,2
1135,33,17.54176331,1.348820329,1
1135,65,NaN,NaN,2
1135,97,-0.06380176544,-0.2407136858,1
1135,129,NaN,NaN,2
1135,161,-0.05524519086,1.418120861,1
1135,193,-0.574834764,1.679466128,1
1135,225,-0.6530401111,0.8800035715,1
1135,257,0.2385077029,0.3280932307,1
1135,289,0.299181968,0.209528923,1
1135,321,-0.1262205094,0.286911726,1
1135,353,-0.7196758389,-0.3390573263,1
1135,385,-0.7954522371,-2.313727856,1
1135,417,-0.8114808202,-1.854228139,1
1135,449,-1.400561571,-0.6054350138,1
1135,481,0.2726536691,-2.831046343,1
1135,513,1.502794623,-1.46711731,1
1135,545,2.677562475,-2.848641157,1
1135,577,3.332132816,-0.2262209058,1
1135,609,NaN,NaN,2
1135,641,2.129741192,2.691200018,1
1135,673,2.060086966,2.226650953,1
1135,705,NaN,NaN,2
1135,737,NaN,NaN,2
1135,769,0.5820189118,-0.04763877392,1
1135,801,-0.1301527023,-0.2024674416,1
1135,833,-1.428150892,1.641854286,1
1135,865,-1.44835639,2.315799236,1
1135,897,-0.9661567211,2.002925873,1
1135,929,-0.6713493466,2.746684551,1
1135,961,1.049645782,2.858208179,1
1135,993,1.780641556,2.230414867,1
1135,1025,1.528220654,1.893835306,1
1135,1057,0.4272607267,1.484142542,1
1135,1089,0.005296468735,2.884882212,1
1135,1121,0.760977447,1.009538412,1
1135,1153,-0.6886665225,0.9081599116,1
1135,1185,-0.9829559326,0.5996710658,1
1135,1217,-1.566694379,0.2579308152,1
1135,1249,-2.378702402,0.2757619619,1
1135,1281,NaN,NaN,2
1135,1313,-2.614807367,0.5466123223,1
1135,1345,-2.474262953,0.4435270727,1
1135,1377,-3.021342754,0.5059364438,1
1135,1409,-2.555491447,0.9054102898,1
1135,1441,-2.163028955,0.8642542362,1
1135,1473,-1.507148623,0.1749472618,1
1135,1505,1.036726832,-0.5898193717,1
1135,1537,NaN,NaN,2
1135,1569,0.6375259757,-0.1466423124,1
1135,1601,-0.4469277859,0.3369778395,1
1135,1633,-0.3375623226,-0.00183391571,1
1135,1665,-0.1994904876,0.117763035,1
1135,1697,NaN,NaN,2
1135,1729,-0.2421273589,-0.6850105524,1
1135,1761,-0.2695824206,-4.267534256,1
1135,1793,0.07062518597,-1.828959227,1
1135,1825,NaN,NaN,2
1135,1857,0.1612477303,-0.6459206343,1
1135,1889,-0.02368998528,0.1387493461,1
1135,1921,-0.2232713699,0.4556118846,1
1135,1953,-0.1255364716,0.1741519719,1
1135,1985,0.273891896,-0.08874711394,1
1135,2017,NaN,NaN,2
1167,33,NaN,NaN,2
1167,65,NaN,NaN,2
1167,97,2.626063347,-0.3056186736,1
1167,129,0.238663435,1.951493502,1
1167,161,-0.6117351055,2.017254591,1
1167,193,-1.134063959,1.798822165,1
1167,225,-0.9373548627,0.9342751503,1
1167,257,1.363609076,0.03642618656,1
1167,289,1.725577831,-0.3801640868,1
1167,321,-0.309206754,-0.3290660977,1
1167,353,-1.396009207,-0.6933774948,1
1167,385,NaN,NaN,2
1167,417,-1.57994628,-0.855869472,1
1167,449,-2.394282579,-0.03907948732,1
1167,481,-1.143093109,2.842780828,1
1167,513,NaN,NaN,2
1167,545,NaN,NaN,2
1167,577,1.607048392,-1.919600487,1
1167,609,2.016556263,1.446744323,1
1167,641,2.474978447,1.43380475,1
1167,673,NaN,NaN,2
1167,705,NaN,NaN,2
1167,737,NaN,NaN,2
1167,769,0.08981186152,-3.206282616,1
1167,801,-0.483591795,-1.452619791,1
1167,833,NaN,NaN,2
1167,865,NaN,NaN,2
1167,897,-0.0035161376,3.541470528,1
1167,929,-0.4979849458,4.009834766,1
1167,961,-1.411736965,3.852324486,1
1167,993,-1.052490473,3.362610579,1
1167,1025,-0.4802177548,2.413465261,1
1167,1057,-0.6367560625,1.10529387,1
1167,1089,-0.7118552923,1.321171522,1
1167,1121,-0.7131021023,1.045037627,1
1167,1153,-0.8539335132,0.5673252344,1
1167,1185,-1.031098723,0.7636071444,1
1167,1217,-1.480596066,0.585464716,1
1167,1249,-2.622008801,0.3500496745,1
1167,1281,-2.661302567,-1.106196642,1
1167,1313,NaN,NaN,2
1167,1345,-1.77124393,-0.03113034368,1
1167,1377,-3.656306982,1.701436877,1
1167,1409,-1.874340773,1.196039081,1
1167,1441,-1.744454503,0.7503521442,1
1167,1473,-1.157519341,-0.00721436739,1
1167,1505,1.780429482,-0.2351939082,1
1167,1537,NaN,NaN,2
1167,1569,0.6630038023,-0.4417327642,1
1167,1601,-0.5692772269,-0.3176830709,1
1167,1633,-0.5139405727,-0.162225455,1
1167,1665,-0.4354894161,-0.1770438403,1
1167,1697,-1.717876792,-0.9393719435,1
1167,1729,-1.936233163,-2.118233204,1
1167,1761,-0.7720614076,-3.633981466,1
1167,1793,NaN,NaN,2
1167,1825,NaN,NaN,2
1167,1857,NaN,NaN,2
1167,1889,0.3289733529,-0.06011205912,1
1167,1921,0.2816111445,-0.02512738109,1
1167,1953,0.3034220934,0.07397407293,1
1167,1985,0.2999449968,0.3215129972,1
1167,2017,0.5245921612,-0.1397027373,1
1199,33,-0.2730886936,2.546509266,1
1199,65,NaN,NaN,2
1199,97,4.041091442,0.8258538246,1
1199,129,0.486872673,2.492069721,1
1199,161,-1.882844329,2.388068676,1
1199,193,-1.668648481,1.978971243,1
1199,225,-0.8036172986,0.4214767218,1
1199,257,1.833171964,-0.905015111,1
1199,289,0.009923309088,-1.126503944,1
1199,321,-0.5415050983,-0.8638308048,1
1199,353,-0.8159242272,-1.186231136,1
1199,385,-0.9579936266,-2.225503922,1
1199,417,-1.312607169,-0.7871997952,1
1199,449,-2.325049877,0.1090891957,1
1199,481,-3.003686905,0.2691341937,1
1199,513,-1.203550816,0.3362339139,1
1199,545,-0.3508152366,-1.046989679,1
1199,577,0.3683764338,-0.4808804393,1
1199,609,2.015335321,0.2189175934,1
1199,641,NaN,NaN,2
1199,673,NaN,NaN,2
1199,705,0.5356074572,0.2679811716,1
1199,737,NaN,NaN,2
1199,769,NaN,NaN,2
1199,801,NaN,NaN,2
1199,833,NaN,NaN,2
1199,865,NaN,NaN,2
1199,897,0.5776377916,4.251539707,1
1199,929,0.1150782108,3.591650963,1
1199,961,NaN,NaN,2
1199,993,-4.633636475,5.886343956,1
1199,1025,-1.88075459,2.519535065,1
1199,1057,-1.346937656,0.8531937599,1
1199,1089,-1.105225682,1.51837492,1
1199,1121,-1.036238432,1.024245739,1
1199,1153,-1.115373492,0.5677682757,1
1199,1185,-1.179814696,1.042907596,1
1199,1217,-1.889128208,0.8812200427,1
1199,1249,NaN,NaN,2
1199,1281,NaN,NaN,2
1199,1313,0.9990880489,-2.638958931,1
1199,1345,NaN,NaN,2
1199,1377,-2.343112707,2.249387741,1
1199,1409,-3.555308819,0.1115396023,1
1199,1441,-1.447234869,-0.1770521402,1
1199,1473,-0.9757025242,-1.341643572,1
1199,1505,-1.372362137,-1.60433352,1
1199,1537,-1.296507239,-2.691183567,1
1199,1569,0.2234935164,-0.7423137426,1
1199,1601,-0.4208718538,-0.180787921,1
1199,1633,-0.9781638384,-0.1428022981,1
1199,1665,-0.8719049692,-0.6209084392,1
1199,1697,-2.797416449,-1.947280526,1
1199,1729,-4.483199596,-4.087733269,1
1199,1761,-1.594982862,-1.723060846,1
1199,1793,1.423698902,0.6869279146,1
1199,1825,1.576137066,0.4619938135,1
1199,1857,0.6799491644,0.1663978398,1
1199,1889,0.6223518848,-0.1567942053,1
1199,1921,0.7393662333,0.06573762745,1
1199,1953,0.7329027653,1.516651869,1
1199,1985,0.2234321386,2.219831944,1
1199,2017,0.7790570259,-0.2541815042,1
1231,33,-0.7714300156,2.771864176,1
1231,65,2.747557163,0.4116466939,1
1231,97,2.143356323,2.245072365,1
1231,129,0.4237272739,2.078248978,1
1231,161,-1.126092434,2.66496563,1
1231,193,-1.213216424,3.424371243,1
1231,225,-1.716987491,0.3202156425,1
1231,257,-0.4322124124,-1.525452018,1
1231,289,-0.6259460449,-2.21596384,1
1231,321,-0.8501166105,-2.283218622,1
1231,353,-1.178489208,-1.815426111,1
1231,385,-0.4274053574,-2.025189877,1
1231,417,0.1444760561,-1.025572062,1
1231,449,-0.8033117056,0.2935120761,1
1231,481,-1.335204959,0.1104832441,1
1231,513,-2.265224695,-0.7881982923,1
1231,545,-2.069604397,-0.5900330544,1
1231,577,-0.9213095307,-0.4920341372,1
1231,609,NaN,NaN,2
1231,641,-0.261007309,0.8637682796,1
1231,673,-0.1339144707,0.3907157779,1
1231,705,-0.8298515081,-0.9694949389,1
1231,737,-1.376110554,-0.05940413475,1
1231,769,NaN,NaN,2
1231,801,0.5845193863,0.4601765275,1
1231,833,2.329268456,2.208414555,1
1231,865,1.625286341,5.170131683,1
1231,897,0.1626229584,4.498707294,1
1231,929,-0.2595809698,5.129574776,1
1231,961,NaN,NaN,2
1231,993,NaN,NaN,2
1231,1025,-2.530649662,1.256866455,1
1231,1057,-1.865562439,0.6882125139,1
1231,1089,-1.657948136,1.231229544,1
1231,1121,-1.574879408,0.838118732,1
1231,1153,-1.297028184,0.7554114461,1
1231,1185,-1.24603653,1.158147097,1
1231,1217,-1.569939256,1.290554285,1
1231,1249,-2.618123055,1.282668352,1
1231,1281,-2.073993206,0.1359865665,1
1231,1313,-1.573077679,-0.9748117924,1
1231,1345,-0.4102630615,0.03452515602,1
1231,1377,-1.055939913,1.203170538,1
1231,1409,NaN,NaN,2
1231,1441,-1.760501862,-1.049311638,1
1231,1473,-1.09319675,-1.841302872,1
1231,1505,-0.8532916307,-2.395417929,1
1231,1537,-0.8392701149,-1.550570011,1
1231,1569,NaN,NaN,2
1231,1601,-0.5094953179,-0.3397822976,1
1231,1633,NaN,NaN,2
1231,1665,NaN,NaN,2
1231,1697,-1.447131991,-1.863363624,1
1231,1729,-1.074182987,-1.327317595,1
1231,1761,-0.2887399793,-0.1461288333,1
1231,1793,1.63225317,0.2464686632,1
1231,1825,1.721927404,0.5728992224,1
1231,1857,0.9573476315,0.4685258269,1
1231,1889,1.001201749,0.09840814769,1
1231,1921,1.270581365,0.589083612,1
1231,1953,0.512260139,1.323555231,1
1231,1985,-1.812672615,1.375247955,1
1231,2017,-4.028617859,-0.2539349794,1
1263,33,-0.2553954124,2.037659883,1
1263,65,1.115008593,0.5094131827,1
1263,97,1.019619703,3.791172743,1
1263,129,0.4412641227,2.411444426,1
1263,161,-0.14317137,1.467620611,1
1263,193,0.7039929032,1.197279096,1
1263,225,-3.005096197,-0.09275001287,1
1263,257,NaN,NaN,2
1263,289,-0.7356609106,-3.734132051,1
1263,321,NaN,NaN,2
1263,353,NaN,NaN,2
1263,385,-0.1393037438,-3.25040102,1
1263,417,0.786121726,-1.682617188,1
1263,449,-0.2012632787,0.1253478825,1
1263,481,-0.9038074017,0.1194866598,1
1263,513,-1.517968059,-0.5385683775,1
1263,545,-1.307126522,-1.096795082,1
1263,577,-1.204622507,-1.345822692,1
1263,609,NaN,NaN,2
1263,641,-2.403346539,0.2962809503,1
1263,673,-1.575435638,-0.1646392643,1
1263,705,-2.133779049,-0.9048255086,1
1263,737,-0.6412546039,-0.1090314314,1
1263,769,-0.2142082155,0.07466620207,1
1263,801,0.04514288902,0.9346041679,1
1263,833,NaN,NaN,2
1263,865,1.198123455,3.116808891,1
1263,897,0.3618389964,3.112404585,1
1263,929,-0.6949156523,5.205251694,1
1263,961,-1.125942707,3.810826302,1
1263,993,-4.501286507,2.210904598,1
1263,1025,-1.875309706,0.7523424029,1
1263,1057,-1.413731098,0.5840834379,1
1263,1089,-1.45729661,0.6984902024,1
1263,1121,-1.441290617,0.6611166,1
1263,1153,-1.344852924,0.7497208714,1
1263,1185,-1.289462209,1.1356076,1
1263,1217,-1.377203107,2.731648922,1
1263,1249,-1.812480688,1.929107547,1
1263,1281,-1.645426989,-1.14098227,1
1263,1313,-0.6570625305,-2.277646065,1
1263,1345,0.1559045315,-1.326998472,1
1263,1377,-1.567223549,-1.004891515,1
1263,1409,NaN,NaN,2
1263,1441,NaN,NaN,2
1263,1473,-2.498582363,-2.005068302,1
1263,1505,-1.443427563,-2.227931976,1
1263,1537,-0.9601330757,-0.5794633627,1
1263,1569,NaN,NaN,2
1263,1601,-0.937369585,-0.1925369501,1
1263,1633,NaN,NaN,2
1263,1665,NaN,NaN,2
1263,1697,0.9677779675,-0.7018818259,1
1263,1729,NaN,NaN,2
1263,1761,NaN,NaN,2
1263,1793,0.8332916498,-0.8630504608,1
1263,1825,0.8950677514,0.5318425894,1
1263,1857,0.7101947665,0.1944136918,1
1263,1889,0.7645408511,0.04348057508,1
1263,1921,0.8232879639,1.014714122,1
1263,1953,-0.09418357909,1.565502644,1
1263,1985,-1.191469669,0.4418352842,1
1263,2017,-3.539809227,-0.2965284884,1
1295,33,-0.3611357212,0.6956245899,1
1295,65,-0.6372060776,0.392912209,1
1295,97,0.1627985835,3.098121405,1
1295,129,1.052678585,3.054685354,1
1295,161,-0.1873908043,0.7836638689,1
1295,193,-0.8987345695,0.5483001471,1
1295,225,-0.5936644673,-0.2880319357,1
1295,257,0.4745212793,-2.341903687,1
1295,289,0.1457227468,-4.046241283,1
1295,321,-0.7540665865,-4.536250591,1
1295,353,-1.12570715,-5.860791206,1
1295,385,-0.437962234,-3.091749668,1
1295,417,-0.4231385589,-1.539222836,1
1295,449,NaN,NaN,2
1295,481,-1.68795085,-0.3395892382,1
1295,513,-1.409706712,-1.087792277,1
1295,545,-1.045274019,-1.787058353,1
1295,577,-0.4390420914,-1.36263907,1
1295,609,0.4879745245,2.069025278,1
1295,641,0.2921270132,1.798050761,1
1295,673,-1.807244301,0.633830905,1
1295,705,-1.011899233,0.7128046751,1
1295,737,0.9701194763,0.4287614524,1
1295,769,1.210843563,-0.1252078712,1
1295,801,NaN,NaN,2
1295,833,NaN,NaN,2
1295,865,0.962063849,1.505042791,1
1295,897,0.1320908368,2.100930452,1
1295,929,-1.07202208,4.2723279,1
1295,961,-0.2447528839,2.534856319,1
1295,993,-2.86226511,1.464236379,1
1295,1025,-1.313926101,0.004877507687,1
1295,1057,-0.7705508471,0.4302788973,1
1295,1089,-0.8682139516,-0.009509444237,1
1295,1121,-1.164224029,0.613801837,1
1295,1153,-1.138477802,0.7626944184,1
1295,1185,-1.037747383,1.151751518,1
1295,1217,-1.448348403,1.727634192,1
1295,1249,-1.768555403,1.254189968,1
1295,1281,-1.930719614,-1.024430037,1
1295,1313,-1.591927767,-2.2034688,1
1295,1345,-1.088613749,-2.407151937,1
1295,1377,-0.878412962,0.3675377965,1
1295,1409,-0.3237235546,0.6283665895,1
1295,1441,-1.010261416,0.3472008407,1
1295,1473,-1.894825697,-0.6274712682,1
1295,1505,-3.138030767,-0.8999184966,1
1295,1537,-3.231414795,-0.06128120422,1
1295,1569,NaN,NaN,2
1295,1601,-0.409188509,1.395800352,1
1295,1633,-0.9969131947,2.468249798,1
1295,1665,-0.9743025303,2.81628108,1
1295,1697,NaN,NaN,2
1295,1729,0.07956379652,-1.752857685,1
1295,1761,NaN,NaN,2
1295,1793,0.6966184974,-1.096725821,1
1295,1825,0.2796660662,0.4607310295,1
1295,1857,0.2553022504,0.6356697083,1
1295,1889,0.724021852,0.1060850918,1
1295,1921,0.6243581772,0.5341584682,1
1295,1953,0.0703253299,1.099496722,1
1295,1985,0.003055334091,1.884241223,1
1295,2017,0.5367493629,-0.5106830597,1
1327,33,NaN,NaN,2
1327,65,NaN,NaN,2
1327,97,NaN,NaN,2
1327,129,-0.2137280703,0.6076079011,1
1327,161,-0.5052114725,0.06866061687,1
1327,193,-0.4643212557,0.2636569738,1
1327,225,0.6522464156,1.401106596,1
1327,257,-1.730796218,-3.539004326,1
1327,289,-1.316602588,-5.147619247,1
1327,321,-0.5896553993,-4.164258003,1
1327,353,NaN,NaN,2
1327,385,0.04855048656,-4.217107296,1
1327,417,-0.007232069969,-3.320934772,1
1327,449,0.5412052274,-3.201363802,1
1327,481,-1.523318768,-1.476865888,1
1327,513,-1.394795775,-1.333599806,1
1327,545,-0.4791100025,-2.529662371,1
1327,577,-0.05059948564,-1.655829668,1
1327,609,-0.303498745,1.476659536,1
1327,641,0.216707468,1.358966112,1
1327,673,-1.426074147,2.628704071,1
1327,705,-0.875325799,1.136583447,1
1327,737,0.548397243,0.5934208632,1
1327,769,0.7090255022,0.1321775019,1
1327,801,NaN,NaN,2
1327,833,0.2766176462,-0.07190465927,1
1327,865,-0.1905489564,-1.143849134,1
1327,897,-1.16138494,0.9282205105,1
1327,929,-3.036781549,3.963732719,1
1327,961,-0.5453190207,1.971742392,1
1327,993,-1.137760162,1.401220798,1
1327,1025,NaN,NaN,2
1327,1057,-0.6244690418,0.4353812933,1
1327,1089,-0.6838418245,-0.3005198836,1
1327,1121,-0.7984691262,0.92730093,1
1327,1153,-0.7233023047,0.9490503073,1
1327,1185,-1.217045784,1.065766215,1
1327,1217,-1.314273953,1.435798287,1
1327,1249,-1.600724697,1.195209861,1
1327,1281,-1.670271873,0.9673484564,1
1327,1313,-1.462321758,0.9655745029,1
1327,1345,-1.30435586,1.419163704,1
1327,1377,-1.049714684,1.581320524,1
1327,1409,NaN,NaN,2
1327,1441,-0.6316498518,2.458146572,1
1327,1473,-0.9669876099,0.233923465,1
1327,1505,-1.544020891,-0.02350974083,1
1327,1537,-2.904532194,0.8141229749,1
1327,1569,-1.409248471,1.781025887,1
1327,1601,-0.1422112584,1.107509851,1
1327,1633,0.5453243852,1.071084738,1
1327,1665,NaN,NaN,2
1327,1697,1.701261163,0.5925152302,1
1327,1729,-0.06692661345,-1.503139377,1
1327,1761,-0.0842077136,-0.5558035374,1
1327,1793,NaN,NaN,2
1327,1825,-0.2852524519,0.981962204,1
1327,1857,-0.01922035217,0.9692691565,1
1327,1889,1.731915832,-0.3427635133,1
1327,1921,0.1119809151,-1.686645508,1
1327,1953,0.2101345062,0.3834030926,1
1327,1985,0.07994157076,0.1902069747,1
1327,2017,-0.4699633121,-0.6075556278,1
1359,33,NaN,NaN,2
1359,65,NaN,NaN,2
1359,97,NaN,NaN,2
1359,129,NaN,NaN,2
1359,161,-0.804212153,0.7928617001,1
1359,193,-0.2489597797,0.7533142567,1
1359,225,-0.4962043762,0.6536346674,1
1359,257,-2.469351292,-3.277709961,1
1359,289,-1.471542001,-5.387260914,1
1359,321,-0.8092777729,-5.694030285,1
1359,353,NaN,NaN,2
1359,385,NaN,NaN,2
1359,417,-0.3843842745,-4.810811996,1
1359,449,0.006606757641,-3.211949348,1
1359,481,-1.924636126,-2.772360563,1
1359,513,-2.831415176,-1.921997905,1
1359,545,-1.070317388,-1.370233297,1
1359,577,-0.1348717213,-1.648651838,1
1359,609,-0.1807414293,-0.2059348822,1
1359,641,0.3139501214,1.035791874,1
1359,673,0.7613759637,0.8455420732,1
1359,705,0.5591115952,0.02383548021,1
1359,737,-0.5040853024,-0.6755152941,1
1359,769,-1.466020823,-0.7882578373,1
1359,801,NaN,NaN,2
1359,833,NaN,NaN,2
1359,865,NaN,NaN,2
1359,897,0.04293303192,-0.2089176178,1
1359,929,-2.059719801,1.087246299,1
1359,961,NaN,NaN,2
1359,993,-0.8584266305,4.085077286,1
1359,1025,NaN,NaN,2
1359,1057,-2.958958387,0.265268147,1
1359,1089,-1.130925298,1.409908056,1
1359,1121,-0.8184481263,3.256113768,1
1359,1153,-1.017308474,2.247886419,1
1359,1185,-1.064758301,1.697620869,1
1359,1217,-0.6803205013,1.535900593,1
1359,1249,-1.136894584,1.04381001,1
1359,1281,-1.122326732,1.264996529,1
1359,1313,-1.274696827,1.527134895,1
1359,1345,-1.312036514,2.514601707,1
1359,1377,-0.8928530812,1.845409393,1
1359,1409,-0.2733137906,1.438183784,1
1359,1441,-0.1992726922,1.688213587,1
1359,1473,-0.5025123358,1.708221555,1
1359,1505,-1.247161984,2.229034901,1
1359,1537,-2.046826363,1.289891005,1
1359,1569,-1.333178759,1.56843853,1
1359,1601,-0.09394329786,1.012005806,1
1359,1633,0.2159546018,0.6917873621,1
1359,1665,-0.9118151665,0.6413595676,1
1359,1697,-0.3595508933,0.6569283009,1
1359,1729,-0.4173213243,-0.4703190923,1
1359,1761,NaN,NaN,2
1359,1793,0.4250253439,-0.4013772011,1
1359,1825,-0.2868610322,0.0562184304,1
1359,1857,-0.194142282,0.08543770015,1
1359,1889,2.024689198,-0.5562703609,1
1359,1921,NaN,NaN,2
1359,1953,0.07089275122,-0.2243068367,1
1359,1985,-0.3276697993,0.02058098465,1
1359,2017,-0.7217414379,-0.3692574501,1
1391,33,3.242367029,1.85520649,1
1391,65,NaN,NaN,2
1391,97,NaN,NaN,2
1391,129,NaN,NaN,2
1391,161,-3.065313339,2.996535778,1
1391,193,-1.695490122,2.896239519,1
1391,225,NaN,NaN,2
1391,257,-1.090869665,-1.542156696,1
1391,289,-1.082038283,-4.601095676,1
1391,321,-1.594012856,-4.628270149,1
1391,353,NaN,NaN,2
1391,385,NaN,NaN,2
1391,417,-0.8973246813,-3.325113773,1
1391,449,-0.5922070146,-3.675986767,1
1391,481,-1.140341997,-3.255775928,1
1391,513,-0.7650015354,-0.9359115958,1
1391,545,-0.5535838604,0.09033453465,1
1391,577,-0.1066917181,-0.3380582929,1
1391,609,-0.003987133503,0.1784643233,1
1391,641,0.5621486902,0.9785737991,1
1391,673,NaN,NaN,2
1391,705,-0.135501653,-0.0488871187,1
1391,737,-1.01806879,-2.761635542,1
1391,769,-0.5152205825,-3.248034,1
1391,801,-1.79240799,-0.1037970707,1
1391,833,-0.3962568343,0.5729905367,1
1391,865,NaN,NaN,2
1391,897,0.3845245242,0.9915227294,1
1391,929,-0.5925398469,-0.2358877659,1
1391,961,-1.315773368,1.206146002,1
1391,993,-1.162100792,3.576536179,1
1391,1025,NaN,NaN,2
1391,1057,NaN,NaN,2
1391,1089,-0.6913312674,2.314080715,1
1391,1121,-0.6930580139,3.782833099,1
1391,1153,-0.7127928138,3.569699764,1
1391,1185,-0.3626123369,2.544522047,1
1391,1217,-0.2078095973,3.784566879,1
1391,1249,-0.523994267,1.029366255,1
1391,1281,-0.7955212593,1.179013371,1
1391,1313,-0.5469460487,1.320995331,1
1391,1345,-0.1250036657,1.704036832,1
1391,1377,NaN,NaN,2
1391,1409,NaN,NaN,2
1391,1441,0.570251286,1.560332775,1
1391,1473,-0.6932617426,2.182836533,1
1391,1505,-1.536301136,2.622714758,1
1391,1537,-2.169478416,1.741523385,1
1391,1569,-0.6711603403,1.70892477,1
1391,1601,-0.1726493239,3.284700632,1
1391,1633,-1.928203583,0.2463027835,1
1391,1665,NaN,NaN,2
1391,1697,-1.289085627,1.73411417,1
1391,1729,-0.5876249075,0.7469543815,1
1391,1761,0.3580088019,-0.03178242967,1
1391,1793,0.3218664527,-1.317171216,1
1391,1825,0.1144135892,-0.3904105127,1
1391,1857,0.4192394018,-0.2007236481,1
1391,1889,2.784239054,0.513820827,1
1391,1921,NaN,NaN,2
1391,1953,1.261665225,-0.04134175181,1
1391,1985,0.4064577818,0.1150812954,1
1391,2017,-0.7272572517,-0.05808915198,1
1423,33,1.560744524,1.703307748,1
1423,65,NaN,NaN,2
1423,97,NaN,NaN,2
1423,129,NaN,NaN,2
1423,161,NaN,NaN,2
1423,193,NaN,NaN,2
1423,225,NaN,NaN,2
1423,257,NaN,NaN,2
1423,289,NaN,NaN,2
1423,321,-1.368435979,-1.83417213,1
1423,353,-1.216406465,-1.709815025,1
1423,385,-1.340304375,-4.371512413,1
1423,417,-1.08071506,-1.108412743,1
1423,449,-1.237294793,-1.87098527,1
1423,481,-1.11870718,-0.8638112545,1
1423,513,-1.003244042,-0.5466929674,1
1423,545,-0.959233284,-0.6451410651,1
1423,577,-0.1290130019,-0.4682994485,1
1423,609,NaN,NaN,2
1423,641,NaN,NaN,2
1423,673,3.328682899,4.089715958,1
1423,705,NaN,NaN,2
1423,737,-3.622322798,0.1580603719,1
1423,769,NaN,NaN,2
1423,801,-0.9248121977,-0.7894040346,1
1423,833,NaN,NaN,2
1423,865,-0.102735877,0.6043999791,1
1423,897,0.3620515466,1.230580688,1
1423,929,0.3621918857,1.328780174,1
1423,961,0.03911519051,1.785956502,1
1423,993,-0.5283970833,1.86386025,1
1423,1025,-0.7691690326,1.463656902,1
1423,1057,NaN,NaN,2
1423,1089,NaN,NaN,2
1423,1121,1.411794782,2.588612556,1
1423,1153,0.1678391695,3.123456955,1
1423,1185,0.3330716491,3.017587185,1
1423,1217,-0.8406787515,5.89225769,1
1423,1249,-0.3603744507,1.604497194,1
1423,1281,-0.3604590893,1.314371467,1
1423,1313,-0.060572505,1.027033329,1
1423,1345,0.08926177025,0.8190435171,1
1423,1377,NaN,NaN,2
1423,1409,NaN,NaN,2
1423,1441,-0.8800045252,4.127152443,1
1423,1473,-0.6083453894,2.529913425,1
1423,1505,-1.007600069,1.090371132,1
1423,1537,-1.274446964,1.917425394,1
1423,1569,NaN,NaN,2
1423,1601,0.6903645396,1.008488417,1
1423,1633,-0.1027057171,-1.211578369,1
1423,1665,-2.151638508,-1.25316751,1
1423,1697,-0.1513181031,3.733496428,1
1423,1729,0.197635591,4.221744061,1
1423,1761,0.4668138027,0.1912129968,1
1423,1793,0.4424404502,-1.124497414,1
1423,1825,0.1388465464,-0.3322375119,1
1423,1857,NaN,NaN,2
1423,1889,-1.054206371,-0.1340370178,1
1423,1921,-1.250698209,0.4725728631,1
1423,1953,2.028584957,0.09794835746,1
1423,1985,1.342657685,0.1174251884,1
1423,2017,0.05196881294,0.153348282,1
1455,33,-0.5656929016,1.948779583,1
1455,65,NaN,NaN,2
1455,97,NaN,NaN,2
1455,129,NaN,NaN,2
1455,161,NaN,NaN,2
1455,193,NaN,NaN,2
1455,225,NaN,NaN,2
1455,257,-2.755092382,-1.831710219,1
1455,289,NaN,NaN,2
1455,321,-2.056583166,-3.118635178,1
1455,353,-2.030308485,-1.463029623,1
1455,385,-1.732776523,-3.587687731,1
1455,417,-1.150793672,-0.929292202,1
1455,449,-1.343743324,-0.7667659521,1
1455,481,-1.378590345,-0.6512108445,1
1455,513,-1.231197238,-0.3839181066,1
1455,545,-1.287419677,-0.837688148,1
1455,577,-0.7055006027,-0.7258429527,1
1455,609,NaN,NaN,2
1455,641,NaN,NaN,2
1455,673,NaN,NaN,2
1455,705,NaN,NaN,2
1455,737,NaN,NaN,2
1455,769,0.6326504946,-2.842031479,1
1455,801,1.092536092,-0.8603497744,1
1455,833,0.6330144405,0.8108486533,1
1455,865,NaN,NaN,2
1455,897,1.314337492,0.8274840117,1
1455,929,0.9841072559,1.36811769,1
1455,961,2.575043201,2.45151186,1
1455,993,NaN,NaN,2
1455,1025,NaN,NaN,2
1455,1057,-0.8215212226,-1.10414958,1
1455,1089,0.03996260464,1.178889871,1
1455,1121,-0.9017153978,1.354393244,1
1455,1153,-0.7277343273,1.774300337,1
1455,1185,NaN,NaN,2
1455,1217,-1.461596251,3.866793156,1
1455,1249,0.4104556441,3.196519375,1
1455,1281,1.468503475,2.41583252,1
1455,1313,0.6558442116,1.14512682,1
1455,1345,0.5333843231,0.4096693993,1
1455,1377,NaN,NaN,2
1455,1409,NaN,NaN,2
1455,1441,NaN,NaN,2
1455,1473,-0.9792993069,2.807786465,1
1455,1505,-0.765453577,0.719918251,1
1455,1537,-0.7614704967,1.606427193,1
1455,1569,-0.8168983459,1.341857672,1
1455,1601,NaN,NaN,2
1455,1633,-2.315882444,1.930927753,1
1455,1665,NaN,NaN,2
1455,1697,0.03100115061,2.512645245,1
1455,1729,0.1303723156,1.492558479,1
1455,1761,0.09916712344,0.5572323203,1
1455,1793,0.4234176278,-1.285222411,1
1455,1825,0.6683593392,-0.1123248786,1
1455,1857,0.581156373,0.4888392091,1
1455,1889,NaN,NaN,2
1455,1921,1.276748061,0.9218933582,1
1455,1953,0.780993104,1.228412032,1
1455,1985,NaN,NaN,2
1455,2017,-0.5668010712,0.0281163007,1
1487,33,NaN,NaN,2
1487,65,NaN,NaN,2
1487,97,NaN,NaN,2
1487,129,NaN,NaN,2
1487,161,NaN,NaN,2
1487,193,NaN,NaN,2
1487,225,NaN,NaN,2
1487,257,-3.909711838,-1.934556961,1
1487,289,-3.820663452,-3.413534164,1
1487,321,-3.586706161,-3.34713459,1
1487,353,-2.665956497,-1.226268768,1
1487,385,-1.934964895,-2.320307016,1
1487,417,-1.455723286,-0.9876825809,1
1487,449,-1.477413058,-0.9294748902,1
1487,481,-1.505210757,-0.976955235,1
1487,513,-1.039886355,-0.7917662263,1
1487,545,-1.192910433,-0.6297325492,1
1487,577,-0.6543951631,-0.5883029103,1
1487,609,0.01735040545,-1.083074689,1
1487,641,0.2142782211,-0.5534655452,1
1487,673,NaN,NaN,2
1487,705,NaN,NaN,2
1487,737,NaN,NaN,2
1487,769,-0.437100023,-2.153572083,1
1487,801,-0.1360514164,0.05856746435,1
1487,833,0.5065506697,0.5811256766,1
1487,865,1.444380403,0.164077878,1
1487,897,1.82794714,-0.03814840317,1
1487,929,4.260900497,-0.3677509427,1
1487,961,NaN,NaN,2
1487,993,NaN,NaN,2
1487,1025,0.006992191076,1.697732568,1
1487,1057,-0.209913969,0.6424378157,1
1487,1089,-0.1829826534,0.4790078402,1
1487,1121,-0.06582376361,0.3039489985,1
1487,1153,-0.05827857554,0.8192634583,1
1487,1185,0.1393052936,1.393613338,1
1487,1217,NaN,NaN,2
1487,1249,2.690618277,2.339973688,1
1487,1281,1.667278886,2.245482922,1
1487,1313,0.9347126484,2.487987041,1
1487,1345,2.054700375,1.5897578,1
1487,1377,1.929151416,2.031835556,1
1487,1409,-0.3414319158,2.699787855,1
1487,1441,-1.004801154,3.345969677,1
1487,1473,-0.6342785358,2.410206318,1
1487,1505,-0.9300986528,3.293939829,1
1487,1537,-0.5202884674,2.111246109,1
1487,1569,-0.1547918916,1.55279398,1
1487,1601,-3.572560549,2.175519228,1
1487,1633,-1.35064292,0.3905799389,1
1487,1665,NaN,NaN,2
1487,1697,1.194189429,3.163576603,1
1487,1729,0.8279890418,2.458298922,1
1487,1761,-1.082251549,1.018605947,1
1487,1793,NaN,NaN,2
1487,1825,1.015977859,0.3595477641,1
1487,1857,0.8996675014,0.7178344131,1
1487,1889,2.339288712,0.2099429965,1
1487,1921,NaN,NaN,2
1487,1953,-0.1650956273,0.6101348996,1
1487,1985,0.2672713399,-0.7100443244,1
1487,2017,0.7264682651,-0.2189281881,1
1519,33,NaN,NaN,2
1519,65,NaN,NaN,2
1519,97,-4.068399906,-4.157549381,1
1519,129,NaN,NaN,2
1519,161,-4.585419655,0.7868556976,1
1519,193,NaN,NaN,2
1519,225,-7.229948044,-0.6240358949,1
1519,257,NaN,NaN,2
1519,289,-3.222402811,-1.138363361,1
1519,321,-3.922925711,-1.08142066,1
1519,353,-3.084751844,-0.8671210408,1
1519,385,-2.335324287,-1.008691549,1
1519,417,-1.918559909,-1.011980534,1
1519,449,-1.682106137,-1.08240509,1
1519,481,-1.51851213,-1.167758226,1
1519,513,-1.235466599,-0.7559507489,1
1519,545,-0.8151623607,-0.6536922455,1
1519,577,0.8153264523,-0.8487004042,1
1519,609,0.9484876394,-0.9890773892,1
1519,641,-0.6294630766,-0.5964410305,1
1519,673,-0.6372869015,-0.5573324561,1
1519,705,0.2133380175,-1.743878841,1
1519,737,0.2517058253,-2.598491192,1
1519,769,-0.4741635323,-0.8885421753,1
1519,801,-1.464782238,0.4633505046,1
1519,833,0.2885485888,0.4262612462,1
1519,865,1.576543927,-0.6016187668,1
1519,897,NaN,NaN,2
1519,929,3.249948502,-2.316343069,1
1519,961,2.066593647,-0.6130362749,1
1519,993,0.9837319851,2.5382092,1
1519,1025,0.7139704227,2.686657429,1
1519,1057,0.6540660262,0.8339790106,1
1519,1089,0.929723084,0.2753188908,1
1519,1121,0.1402843446,0.5679637194,1
1519,1153,-0.06881284714,0.6890643835,1
1519,1185,-0.7432671785,0.7670790553,1
1519,1217,0.01091557741,0.8510687351,1
1519,1249,2.083984613,0.8703237772,1
1519,1281,-0.4905741215,1.468261242,1
1519,1313,-0.08940050006,1.67342782,1
1519,1345,0.7017381191,1.712986946,1
1519,1377,1.259301901,2.139724016,1
1519,1409,-1.063250065,1.699175715,1
1519,1441,-1.538470745,0.9055038691,1
1519,1473,NaN,NaN,2
1519,1505,-0.5209952593,2.046765089,1
1519,1537,-0.2784988582,1.439314008,1
1519,1569,0.4680113792,2.727827072,1
1519,1601,0.07892610133,1.528607011,1
1519,1633,0.4177700281,-1.003537178,1
1519,1665,NaN,NaN,2
1519,1697,1.092735887,4.975136757,1
1519,1729,1.496430874,4.25019455,1
1519,1761,1.864478827,1.771862984,1
1519,1793,NaN,NaN,2
1519,1825,NaN,NaN,2
1519,1857,2.267074108,1.483143091,1
1519,1889,1.225884438,1.036185622,1
1519,1921,0.9522517323,1.188906431,1
1519,1953,NaN,NaN,2
1519,1985,NaN,NaN,2
1519,2017,1.564881802,-0.5029094219,1
1551,33,-5.73435688,3.986305714,1
1551,65,NaN,NaN,2
1551,97,-2.247153759,-4.221290112,1
1551,129,NaN,NaN,2
1551,161,NaN,NaN,2
1551,193,NaN,NaN,2
1551,225,-9.415836334,-1.095688105,1
1551,257,NaN,NaN,2
1551,289,-2.194068432,-0.8558975458,1
1551,321,-2.683078051,-0.6835693121,1
1551,353,-2.582319498,-0.8782820106,1
1551,385,-2.235703945,-1.003591657,1
1551,417,-1.861704946,-1.271821618,1
1551,449,-1.598643184,-1.19762671,1
1551,481,-1.417464256,-1.280302644,1
1551,513,-1.129832983,-0.9830516577,1
1551,545,-0.6215952039,-0.8321579695,1
1551,577,-0.03571304679,-3.45650053,1
1551,609,-0.0009180158377,-2.581594467,1
1551,641,-0.5354561806,-0.338083744,1
1551,673,-1.153937578,-0.2645460367,1
1551,705,0.9831299782,-1.623550415,1
1551,737,1.016505957,-1.016493559,1
1551,769,0.7624485493,-1.054196119,1
1551,801,-0.02589353919,-0.5638941526,1
1551,833,0.07663825154,0.5312327147,1
1551,865,1.266307235,3.3361938,1
1551,897,2.304620981,3.824070215,1
1551,929,2.9467206,0.3627001047,1
1551,961,1.843306065,-1.945842028,1
1551,993,1.846501589,2.535258293,1
1551,1025,2.263880014,2.140003681,1
1551,1057,0.7368655801,0.1125612259,1
1551,1089,-0.1101186946,-0.2664107084,1
1551,1121,-0.04585598409,0.1498020589,1
1551,1153,-0.05064126104,0.2893528938,1
1551,1185,-2.029480934,-1.678604841,1
1551,1217,-1.370516419,-0.5805100203,1
1551,1249,0.7624815702,-0.4179845452,1
1551,1281,-0.02142333984,1.184709668,1
1551,1313,-0.2924446464,1.072100282,1
1551,1345,0.03977033496,1.357152224,1
1551,1377,-0.3557810783,1.162709117,1
1551,1409,-0.9956269264,1.482334137,1
1551,1441,-1.475503683,1.054803014,1
1551,1473,NaN,NaN,2
1551,1505,-0.6805175543,1.799334288,1
1551,1537,0.2187336683,1.696169496,1
1551,1569,0.5826009512,1.807134986,1
1551,1601,0.4638906121,1.640143156,1
1551,1633,0.6316962242,2.357527256,1
1551,1665,NaN,NaN,2
1551,1697,0.7490477562,5.911801338,1
1551,1729,3.137995481,3.642677307,1
1551,1761,2.732009411,1.217868447,1
1551,1793,-0.1306037903,-0.4975023866,1
1551,1825,-0.9609022141,-0.1929981112,1
1551,1857,1.167934656,0.9077961445,1
1551,1889,0.6680251956,3.246527433,1
1551,1921,1.234162927,1.990038633,1
1551,1953,1.827344656,0.5811231136,1
1551,1985,0.9370245934,0.3787350953,1
1551,2017,-0.2269678116,-0.9227790833,1
1583,33,-3.02491045,4.726161003,1
1583,65,-3.613180876,-3.948332071,1
1583,97,-3.891683578,-5.974180698,1
1583,129,-3.76944828,-2.238477468,1
1583,161,NaN,NaN,2
1583,193,NaN,NaN,2
1583,225,-1.445124149,-3.927552223,1
1583,257,-2.805522919,-2.383776665,1
1583,289,-2.703991652,-1.309401512,1
1583,321,-3.566627502,-0.6474221945,1
1583,353,-2.664117098,-1.021319866,1
1583,385,-1.773716331,-1.549242973,1
1583,417,-1.583770275,-1.503584743,1
1583,449,-2.496932507,-0.7646510601,1
1583,481,-1.963190794,-0.6664073467,1
1583,513,0.01540738344,-0.6495492458,1
1583,545,0.952600956,1.551488042,1
1583,577,NaN,NaN,2
1583,609,NaN,NaN,2
1583,641,-0.8267492652,-0.1524453163,1
1583,673,-0.7328085899,0.3405334353,1
1583,705,-0.2810922563,0.03499533236,1
1583,737,0.2066680193,-0.5733311772,1
1583,769,0.5160879493,-1.104462981,1
1583,801,0.3520702124,-0.4240224361,1
1583,833,NaN,NaN,2
1583,865,1.763876319,2.209481239,1
1583,897,3.064960241,2.773344994,1
1583,929,NaN,NaN,2
1583,961,1.865607023,-1.604966402,1
1583,993,3.977178097,-1.042374372,1
1583,1025,3.344535351,1.077831268,1
1583,1057,0.5680157542,0.5725310445,1
1583,1089,-0.3619504869,0.3435057998,1
1583,1121,-0.3427338302,0.5900005698,1
1583,1153,-0.5406303406,0.01342839003,1
1583,1185,-0.1133150458,-2.204216957,1
1583,1217,0.1332327724,-0.8757389188,1
1583,1249,NaN,NaN,2
1583,1281,1.701605797,1.218829036,1
1583,1313,0.03048377484,1.231809378,1
1583,1345,-0.3550518453,0.8753105402,1
1583,1377,-0.3974326849,1.537021637,1
1583,1409,-0.7996503115,1.573129058,1
1583,1441,-1.210432887,1.703082085,1
1583,1473,NaN,NaN,2
1583,1505,-0.05553139746,2.26372385,1
1583,1537,1.028925896,2.207162857,1
1583,1569,2.622564554,1.85283041,1
1583,1601,1.942536116,2.166015863,1
1583,1633,0.8937081099,2.642601013,1
1583,1665,1.494098306,3.974192619,1
1583,1697,2.322553873,2.983345747,1
1583,1729,3.108740807,3.408612728,1
1583,1761,2.733142138,0.9602854252,1
1583,1793,NaN,NaN,2
1583,1825,1.470251322,-1.046342611,1
1583,1857,1.14091444,0.2357358932,1
1583,1889,0.4141421914,3.03123045,1
1583,1921,1.278324127,2.593729973,1
1583,1953,2.039395332,1.039755464,1
1583,1985,2.685557365,0.449175179,1
1583,2017,-0.3803633451,-1.423623323,1
1615,33,NaN,NaN,2
1615,65,NaN,NaN,2
1615,97,NaN,NaN,2
1615,129,-4.585056305,-3.620876789,1
1615,161,-3.56807375,-2.86958313,1
1615,193,-2.993097782,-0.9675409794,1
1615,225,-0.9653315544,-1.562348843,1
1615,257,-2.420307159,-1.900928497,1
1615,289,-3.037375212,-1.617158651,1
1615,321,-3.25229001,-1.884887934,1
1615,353,-2.83535099,-1.870175958,1
1615,385,-1.542376161,-3.099570274,1
1615,417,-0.9551377296,-2.272074461,1
1615,449,-1.852369785,-0.5016410351,1
1615,481,NaN,NaN,2
1615,513,-2.209026337,-0.03694176674,1
1615,545,-0.7330061197,0.8507127762,1
1615,577,NaN,NaN,2
1615,609,NaN,NaN,2
1615,641,-0.6923857331,0.6328303218,1
1615,673,-0.9223332405,1.302396774,1
1615,705,-1.100252032,0.4457365274,1
1615,737,-0.1477292478,-0.2964677215,1
1615,769,-0.05659991503,0.3478176296,1
1615,801,-0.1595409811,0.4329882264,1
1615,833,NaN,NaN,2
1615,865,1.495030999,1.439665794,1
1615,897,4.173238754,2.797578812,1
1615,929,NaN,NaN,2
1615,961,3.689905643,0.3538167477,1
1615,993,3.651681423,-0.5228568316,1
1615,1025,0.8197126985,-0.4726600647,1
1615,1057,NaN,NaN,2
1615,1089,-0.08158582449,1.221984982,1
1615,1121,NaN,NaN,2
1615,1153,NaN,NaN,2
1615,1185,0.05365664884,-1.65237844,1
1615,1217,1.005179286,-1.219615459,1
1615,1249,1.180262566,1.359672546,1
1615,1281,1.993955255,0.3422658443,1
1615,1313,0.6640360355,1.485064983,1
1615,1345,-0.2468736768,1.251245975,1
1615,1377,-0.3928587437,1.463097095,1
1615,1409,-0.7260308266,1.491368532,1
1615,1441,-0.7433088422,2.595374107,1
1615,1473,-0.4186687469,3.671448946,1
1615,1505,-0.0018440485,3.505814314,1
1615,1537,NaN,NaN,2
1615,1569,1.984766364,2.294620514,1
1615,1601,1.11942935,1.970431805,1
1615,1633,4.849447727,2.964845181,1
1615,1665,6.216174126,4.504050255,1
1615,1697,6.307395935,2.860088825,1
1615,1729,4.188266754,2.968740225,1
1615,1761,3.120675564,-0.07138776779,1
1615,1793,2.151267052,-1.815071821,1
1615,1825,NaN,NaN,2
1615,1857,1.745752811,0.9877126217,1
1615,1889,0.7997505665,2.658510923,1
1615,1921,1.190011024,3.393010139,1
1615,1953,1.760414481,1.496081591,1
1615,1985,2.106856346,0.7920743823,1
1615,2017,0.07920789719,-1.906614304,1
1647,33,-1.880312681,4.696391582,1
1647,65,-3.046688795,0.05367196351,1
1647,97,-3.440319538,-1.325330973,1
1647,129,-3.484163284,-2.84961462,1
1647,161,-3.138687134,-2.644184113,1
1647,193,-2.786169291,-0.6413792372,1
1647,225,-2.542766333,-2.058129787,1
1647,257,-2.890039921,-2.138905287,1
1647,289,-3.451850176,-2.00326252,1
1647,321,-3.755965471,-2.299559593,1
1647,353,-3.064562798,-2.805006981,1
1647,385,-2.505231142,-2.747167826,1
1647,417,-1.164928436,-2.151575089,1
1647,449,-1.287540555,-2.231796741,1
1647,481,-3.76623702,0.04210555553,1
1647,513,-4.796783447,0.8871490359,1
1647,545,-0.862901032,-0.3490127027,1
1647,577,-2.359828234,0.1897178292,1
1647,609,-0.751930654,0.9534136653,1
1647,641,-0.8191598654,1.418294072,1
1647,673,-2.382068157,2.155650854,1
1647,705,-2.980183125,0.08851456642,1
1647,737,-1.366646767,-0.5965508819,1
1647,769,-1.59393692,-0.02609835565,1
1647,801,-0.5584767461,-0.04674018174,1
1647,833,-0.4681507051,0.5297836065,1
1647,865,-0.6681063771,1.726331115,1
1647,897,NaN,NaN,2
1647,929,NaN,NaN,2
1647,961,1.401736975,1.422334194,1
1647,993,1.480886459,0.01774139702,1
1647,1025,0.4018511176,-0.8670002818,1
1647,1057,-0.3829206824,-3.247157335,1
1647,1089,0.07049408555,0.005478411913,1
1647,1121,-0.3108786047,0.3907505274,1
1647,1153,-0.5011799335,-1.111706138,1
1647,1185,0.3576150537,-0.3273663223,1
1647,1217,0.996037066,1.114204884,1
1647,1249,1.671920419,3.341266632,1
1647,1281,2.446369648,-0.01558220387,1
1647,1313,1.731733203,1.622077107,1
1647,1345,-0.825045526,2.110192537,1
1647,1377,-1.032646418,1.772595882,1
1647,1409,-0.08653312922,0.1844773293,1
1647,1441,-0.5752238631,2.691862106,1
1647,1473,-1.000504255,4.420002937,1
1647,1505,-1.133958697,5.248000145,1
1647,1537,0.9466531277,5.248387814,1
1647,1569,1.382987738,3.691675425,1
1647,1601,NaN,NaN,2
1647,1633,4.445770741,3.908607244,1
1647,1665,4.966883659,5.475217819,1
1647,1697,3.541925192,3.092425346,1
1647,1729,NaN,NaN,2
1647,1761,2.562175035,1.279082775,1
1647,1793,NaN,NaN,2
1647,1825,0.8958103657,1.655098081,1
1647,1857,0.3756709397,2.163222313,1
1647,1889,0.1357137561,2.738180399,1
1647,1921,0.5064631701,2.50353384,1
1647,1953,1.165489316,1.401258111,1
1647,1985,NaN,NaN,2
1647,2017,0.4227762222,-2.050906897,1
1679,33,-1.197339654,2.521376371,1
1679,65,-2.265752792,-0.1808452904,1
1679,97,-3.870387793,-3.974573135,1
1679,129,-3.992900848,-2.914631367,1
1679,161,-3.203258276,-1.582345128,1
1679,193,-3.02793169,-1.448634744,1
1679,225,-3.033414364,-2.93885994,1
1679,257,-3.208128452,-2.527554989,1
1679,289,-3.412608862,-2.613781452,1
1679,321,-3.320217133,-2.583329916,1
1679,353,-2.462825537,-2.859100819,1
1679,385,-0.2454690933,-2.170981407,1
1679,417,-1.68156004,-2.696545124,1
1679,449,-0.7673153877,-2.306919336,1
1679,481,-1.81094861,-0.5003733635,1
1679,513,-2.4596982,0.2505970895,1
1679,545,-0.8212674856,-0.1428382397,1
1679,577,-0.7623945475,0.2094116807,1
1679,609,-0.1214621067,1.491758704,1
1679,641,0.3536369801,2.243778944,1
1679,673,-4.059747219,1.464773417,1
1679,705,NaN,NaN,2
1679,737,-0.8891370296,0.2277035117,1
1679,769,-0.7225766182,-0.09846663475,1
1679,801,-0.1049391478,-0.6985757351,1
1679,833,-0.5217202306,0.4809786677,1
1679,865,-1.421148777,1.757894278,1
1679,897,NaN,NaN,2
1679,929,NaN,NaN,2
1679,961,NaN,NaN,2
1679,993,-0.01994454861,0.3728877008,1
1679,1025,-0.06444567442,-0.04644340277,1
1679,1057,0.4141409397,-0.5274262428,1
1679,1089,0.03317502141,0.1796664894,1
1679,1121,-0.1352201402,0.2967044413,1
1679,1153,-0.01447033882,-1.535042405,1
1679,1185,0.1205085516,-0.1330361068,1
1679,1217,0.9788446426,0.907423377,1
1679,1249,2.31034708,4.123418331,1
1679,1281,1.321756601,3.306584358,1
1679,1313,0.9767330885,1.979687214,1
1679,1345,-1.109847784,2.157723427,1
1679,1377,-1.361229658,2.347035885,1
1679,1409,-1.940383554,2.467093945,1
1679,1441,-1.364126921,2.765749693,1
1679,1473,-1.714990377,4.370059967,1
1679,1505,-1.227367401,6.124481201,1
1679,1537,-0.5047485828,5.009514332,1
1679,1569,0.7306901813,3.978950024,1
1679,1601,2.872034788,4.493916512,1
1679,1633,5.73932457,6.173252583,1
1679,1665,NaN,NaN,2
1679,1697,NaN,NaN,2
1679,1729,3.933246613,2.643833876,1
1679,1761,4.728376389,1.89751029,1
1679,1793,NaN,NaN,2
1679,1825,2.701107025,1.510428309,1
1679,1857,-0.5505843163,2.406478167,1
1679,1889,-1.715561986,3.186728239,1
1679,1921,-0.1919587851,2.508124828,1
1679,1953,2.588538885,0.9960575104,1
1679,1985,NaN,NaN,2
1679,2017,1.210786939,-1.880808473,1
1711,33,-0.825809598,0.854128778,1
1711,65,NaN,NaN,2
1711,97,-4.141498089,-5.908015728,1
1711,129,-2.504045486,-2.646227121,1
1711,161,NaN,NaN,2
1711,193,NaN,NaN,2
1711,225,-3.764564037,-2.376384258,1
1711,257,-2.761036396,-2.64486742,1
1711,289,-3.375613213,-2.592401028,1
1711,321,-3.348757744,-3.585419178,1
1711,353,-2.447783947,-2.690990448,1
1711,385,-2.237627506,-1.791240931,1
1711,417,-2.600648642,-1.535879135,1
1711,449,-2.451705456,-1.012179136,1
1711,481,-2.635116816,-0.4906453192,1
1711,513,-3.230712414,-1.112724185,1
1711,545,-1.337235093,-0.4824159145,1
1711,577,NaN,NaN,2
1711,609,-0.5195186138,2.006212473,1
1711,641,-0.3327371478,2.038175821,1
1711,673,-1.068239927,2.578984022,1
1711,705,NaN,NaN,2
1711,737,NaN,NaN,2
1711,769,-0.05291980505,0.2062396407,1
1711,801,0.1691654027,-0.07379096746,1
1711,833,NaN,NaN,2
1711,865,NaN,NaN,2
1711,897,NaN,NaN,2
1711,929,-0.3625661433,1.432712078,1
1711,961,-0.9816151857,0.4979233146,1
1711,993,-0.9649057984,0.2752620578,1
1711,1025,-0.8208742142,0.6358727217,1
1711,1057,-0.07783770561,0.4635571241,1
1711,1089,-0.5629951358,1.011238337,1
1711,1121,-0.02957576513,0.6655151248,1
1711,1153,2.09829998,0.06979814172,1
1711,1185,NaN,NaN,2
1711,1217,1.176157951,0.4388392568,1
1711,1249,0.03896763921,2.008183956,1
1711,1281,-0.5222637653,2.276728868,1
1711,1313,0.6489337683,0.3770029545,1
1711,1345,-0.7051744461,1.784675002,1
1711,1377,-0.7618297338,2.184309483,1
1711,1409,-0.9469537735,2.487914562,1
1711,1441,-1.685055614,3.353752375,1
1711,1473,-1.699352384,4.150610924,1
1711,1505,NaN,NaN,2
1711,1537,-1.790426493,5.24851656,1
1711,1569,0.05017858744,4.092076302,1
1711,1601,1.701030374,5.021647453,1
1711,1633,3.907001972,4.742238045,1
1711,1665,NaN,NaN,2
1711,1697,NaN,NaN,2
1711,1729,1.872679472,3.409910202,1
1711,1761,1.872184038,2.671344042,1
1711,1793,2.011414051,2.523461342,1
1711,1825,1.782224894,2.321147919,1
1711,1857,-0.0677562952,1.00367856,1
1711,1889,-0.4404202104,2.304504395,1
1711,1921,-0.2184523791,2.088399649,1
1711,1953,NaN,NaN,2
1711,1985,1.699150443,2.500070095,1
1711,2017,0.7719875574,-1.9769876,1
1743,33,-1.011337519,0.4012160301,1
1743,65,NaN,NaN,2
1743,97,NaN,NaN,2
1743,129,-1.747607708,-2.659073353,1
1743,161,NaN,NaN,2
1743,193,NaN,NaN,2
1743,225,-2.747009754,-1.552907825,1
1743,257,-3.248244524,-1.215128183,1
1743,289,-3.395861626,-2.036802292,1
1743,321,NaN,NaN,2
1743,353,-4.144712448,-1.221181393,1
1743,385,-2.638363123,-0.766556263,1
1743,417,-1.755440235,-0.6541349888,1
1743,449,-1.947350264,1.81350255,1
1743,481,-3.355071306,0.1539553404,1
1743,513,-2.197541475,-2.41119051,1
1743,545,-0.9122936726,-0.9954617023,1
1743,577,-0.7843270898,-0.1085655242,1
1743,609,-0.1456734538,0.2375087738,1
1743,641,2.325735331,0.795973897,1
1743,673,-0.2413026094,0.2564649582,1
1743,705,NaN,NaN,2
1743,737,NaN,NaN,2
1743,769,-0.2001793981,0.6226633787,1
1743,801,0.5110074282,0.9302477837,1
1743,833,0.7105318308,0.6698063612,1
1743,865,0.5592295527,0.9820346832,1
1743,897,0.8400961161,0.654624939,1
1743,929,0.2924649119,0.6853043437,1
1743,961,-0.7486867905,0.288410902,1
1743,993,-1.58454752,0.4960173368,1
1743,1025,-1.711677194,0.950278759,1
1743,1057,-2.176842213,0.7700436115,1
1743,1089,-2.207505465,0.9198828936,1
1743,1121,-1.329074502,0.3700966239,1
1743,1153,0.6780679822,-0.2092841566,1
1743,1185,NaN,NaN,2
1743,1217,0.992964983,0.2084835172,1
1743,1249,0.5495619774,0.07612651587,1
1743,1281,-1.008701324,1.172876954,1
1743,1313,-1.872887492,1.658013105,1
1743,1345,-1.265958428,1.468277454,1
1743,1377,-1.035479307,1.488996506,1
1743,1409,-0.9066599607,1.90989399,1
1743,1441,-2.37046957,2.891365767,1
1743,1473,-2.732226372,3.280033112,1
1743,1505,NaN,NaN,2
1743,1537,-0.9398162365,2.514832735,1
1743,1569,-0.2415802777,2.247721434,1
1743,1601,2.186197758,3.157372236,1
1743,1633,1.860378742,4.684247017,1
1743,1665,NaN,NaN,2
1743,1697,NaN,NaN,2
1743,1729,0.5051437616,3.732851744,1
1743,1761,NaN,NaN,2
1743,1793,NaN,NaN,2
1743,1825,0.555896163,5.365094185,1
1743,1857,0.2510744929,0.9285576344,1
1743,1889,0.269721657,-1.357832909,1
1743,1921,0.3296104074,-1.510182977,1
1743,1953,0.3504949808,3.225075245,1
1743,1985,0.1313869059,1.839546084,1
1743,2017,-0.1684957445,-2.315220833,1
1775,33,-1.379313707,0.5863403678,1
1775,65,NaN,NaN,2
1775,97,NaN,NaN,2
1775,129,NaN,NaN,2
1775,161,NaN,NaN,2
1775,193,NaN,NaN,2
1775,225,-3.311773777,0.007181942463,1
1775,257,-3.820000648,0.3322046995,1
1775,289,-3.395740509,-0.8911227584,1
1775,321,-2.526885986,-1.376933813,1
1775,353,-4.990821838,-0.3688662052,1
1775,385,-2.106232405,0.0296176672,1
1775,417,-0.1839734316,0.4831635952,1
1775,449,-1.782899022,3.139467478,1
1775,481,-2.016806841,2.068567276,1
1775,513,-0.7706158161,-1.775889158,1
1775,545,-1.066987753,-0.7378093004,1
1775,577,-0.1785534024,0.1019647419,1
1775,609,0.9083455801,-0.07130110264,1
1775,641,1.522435665,0.1049296856,1
1775,673,0.2530865073,-0.198916927,1
1775,705,-0.9562407732,-0.3092983961,1
1775,737,-1.146446824,0.5556616783,1
1775,769,-0.2615799904,0.2824513018,1
1775,801,NaN,NaN,2
1775,833,NaN,NaN,2
1775,865,1.483939171,2.196101189,1
1775,897,0.8381463289,0.4953755736,1
1775,929,0.7747855186,0.1605864763,1
1775,961,0.08060091734,0.4298471212,1
1775,993,-0.94879812,0.7560712099,1
1775,1025,-1.23519671,2.148347616,1
1775,1057,-1.577967405,1.243254185,1
1775,1089,-2.749112129,0.4211326838,1
1775,1121,-2.635938644,-0.02292770147,1
1775,1153,-0.8448740244,-0.2096770108,1
1775,1185,-0.2690890133,0.3802973628,1
1775,1217,0.1130708158,0.1972208619,1
1775,1249,2.128476858,0.43166852,1
1775,1281,-0.9116021395,1.16898334,1
1775,1313,-2.378062248,1.338678002,1
1775,1345,NaN,NaN,2
1775,1377,-2.588222027,0.9766165018,1
1775,1409,-1.586422205,1.1569103,1
1775,1441,-1.643238783,2.234276772,1
1775,1473,-2.014527082,1.066750765,1
1775,1505,-1.982774258,1.79489243,1
1775,1537,-1.70929122,1.914906383,1
1775,1569,-0.3702191114,1.677512646,1
1775,1601,0.2426462173,2.10547924,1
1775,1633,0.4636119008,4.788079262,1
1775,1665,0.39704597,4.336485863,1
1775,1697,1.019981861,4.001056671,1
1775,1729,NaN,NaN,2
1775,1761,1.920506477,4.336501122,1
1775,1793,-0.219707191,3.368605375,1
1775,1825,0.5968078375,5.806345463,1
1775,1857,NaN,NaN,2
1775,1889,0.1187376976,0.91071105,1
1775,1921,0.8643609285,0.3353387117,1
1775,1953,0.8206654787,0.6017637849,1
1775,1985,0.2188441455,0.09225074947,1
1775,2017,-0.6311670542,-2.20489502,1
1807,33,-0.8338961601,0.9541730881,1
1807,65,-4.359303474,0.1127527207,1
1807,97,NaN,NaN,2
1807,129,NaN,NaN,2
1807,161,-0.7492446899,12.79814529,1
1807,193,NaN,NaN,2
1807,225,-2.767586708,2.424075603,1
1807,257,-2.811448574,1.36415875,1
1807,289,-3.59170866,-0.3073875904,1
1807,321,-4.33179903,-1.030488253,1
1807,353,-3.533667564,-0.2379198074,1
1807,385,-1.807032108,0.600551188,1
1807,417,-0.3722711802,3.024398327,1
1807,449,-1.354822397,1.706121922,1
1807,481,-2.241355419,1.179777026,1
1807,513,-1.916297674,0.214917779,1
1807,545,-1.032072663,0.1295533031,1
1807,577,-0.2867393494,-0.09403900802,1
1807,609,-0.2366285324,-0.2638125718,1
1807,641,-0.7273004651,-0.6584579945,1
1807,673,-0.4761090279,-0.7988151312,1
1807,705,0.03848195076,-0.6526646614,1
1807,737,0.7563913465,0.4961538315,1
1807,769,1.357931495,0.5827327371,1
1807,801,NaN,NaN,2
1807,833,NaN,NaN,2
1807,865,1.768325448,3.188513279,1
1807,897,0.5740406513,2.312113523,1
1807,929,2.870103836,1.07485199,1
1807,961,NaN,NaN,2
1807,993,-0.4361005425,1.206305265,1
1807,1025,NaN,NaN,2
1807,1057,0.006916761398,1.375192404,1
1807,1089,-2.216362,1.467945933,1
1807,1121,-3.796949863,0.3033480048,1
1807,1153,-3.032252789,0.6429801583,1
1807,1185,-2.948328018,1.959655643,1
1807,1217,0.7345936298,1.653655648,1
1807,1249,0.7921270132,1.496110797,1
1807,1281,-1.000399232,0.2781544924,1
1807,1313,-1.511984944,-0.1147038937,1
1807,1345,-2.597694635,2.482422829,1
1807,1377,-3.357085705,1.245388746,1
1807,1409,-2.323322296,1.816713214,1
1807,1441,-2.534530163,2.035341263,1
1807,1473,NaN,NaN,2
1807,1505,-2.620903015,2.117837906,1
1807,1537,-1.497218251,2.09833765,1
1807,1569,-0.6360498071,1.919272423,1
1807,1601,-0.342784673,4.386311531,1
1807,1633,-0.03930675983,3.498427391,1
1807,1665,1.106175065,3.596315861,1
1807,1697,NaN,NaN,2
1807,1729,NaN,NaN,2
1807,1761,1.970480919,2.628900766,1
1807,1793,1.655542493,2.481639862,1
1807,1825,NaN,NaN,2
1807,1857,-1.09555757,6.329514027,1
1807,1889,NaN,NaN,2
1807,1921,0.4489176273,2.109190226,1
1807,1953,0.01703977585,1.516219974,1
1807,1985,NaN,NaN,2
1807,2017,-0.8638854027,-1.638114333,1
1839,33,-2.313375473,1.447014809,1
1839,65,-4.863679886,-1.611560345,1
1839,97,-3.773985386,-1.688651085,1
1839,129,NaN,NaN,2
1839,161,NaN,NaN,2
1839,193,NaN,NaN,2
1839,225,-4.190892696,2.491496801,1
1839,257,-6.778568745,1.649524331,1
1839,289,-5.458658695,-0.9974415302,1
1839,321,-5.209693909,-0.9323076606,1
1839,353,-3.909656525,-0.3014043272,1
1839,385,-2.390264273,0.3668528795,1
1839,417,-1.616912127,3.535600901,1
1839,449,-1.589128971,1.567222834,1
1839,481,-2.003296375,0.8133440614,1
1839,513,-1.85641253,-0.2337029874,1
1839,545,-1.152732372,0.1716284603,1
1839,577,0.7778853178,0.05551707372,1
1839,609,-0.9641914368,-0.2853510678,1
1839,641,-1.154573917,-0.1651792526,1
1839,673,-1.002658129,-0.7400393486,1
1839,705,0.5377289057,0.08465054631,1
1839,737,2.416853666,0.2105404735,1
1839,769,1.304450631,1.004488468,1
1839,801,1.828008652,1.432938457,1
1839,833,NaN,NaN,2
1839,865,-0.06839025021,2.777338982,1
1839,897,-1.509512186,2.67717433,1
1839,929,NaN,NaN,2
1839,961,-1.613474369,2.616180897,1
1839,993,-1.622977614,1.469133973,1
1839,1025,NaN,NaN,2
1839,1057,-1.012434602,0.8438997865,1
1839,1089,-2.255526781,1.508596659,1
1839,1121,-2.492774248,0.6449854374,1
1839,1153,-3.054534674,1.251513362,1
1839,1185,-1.24909091,2.41042757,1
1839,1217,NaN,NaN,2
1839,1249,NaN,NaN,2
1839,1281,NaN,NaN,2
1839,1313,NaN,NaN,2
1839,1345,-2.651834249,0.7517520189,1
1839,1377,-2.95925951,1.499325156,1
1839,1409,-3.174978256,1.903814316,1
1839,1441,-3.510020018,2.2350986,1
1839,1473,-3.26026082,2.292897463,1
1839,1505,-3.01565361,2.204410553,1
1839,1537,-2.190055132,1.949375391,1
1839,1569,-0.1751662493,2.289665699,1
1839,1601,-0.3253310919,4.963492393,1
1839,1633,0.4249537587,5.112591743,1
1839,1665,1.1298877,5.063172817,1
1839,1697,1.401364207,3.099333525,1
1839,1729,0.7765088677,2.720027685,1
1839,1761,NaN,NaN,2
1839,1793,NaN,NaN,2
1839,1825,NaN,NaN,2
1839,1857,1.719602346,5.243322849,1
1839,1889,1.318316698,4.539793968,1
1839,1921,0.2605064213,4.16328907,1
1839,1953,0.4195479751,2.339460135,1
1839,1985,0.2385883927,-0.0359460488,1
1839,2017,-1.398932695,-0.9799986482,1
1871,33,NaN,NaN,2
1871,65,-3.069627285,-0.4142631292,1
1871,97,-3.198764086,-0.8025627136,1
1871,129,-6.1921525,-1.628241539,1
1871,161,NaN,NaN,2
1871,193,-3.583548069,3.024448156,1
1871,225,-5.757817745,2.450237513,1
1871,257,NaN,NaN,2
1871,289,-7.304309845,-1.313392162,1
1871,321,-7.11203289,-1.3803581,1
1871,353,-4.771591663,-0.1400165558,1
1871,385,-3.0573318,0.467053622,1
1871,417,-2.408625841,0.5902008414,1
1871,449,-2.140939474,1.052703381,1
1871,481,-2.218183756,1.524487972,1
1871,513,-1.795450807,0.3835343122,1
1871,545,NaN,NaN,2
1871,577,0.7799642086,-0.1057931408,1
1871,609,-0.3522553444,-0.5476636887,1
1871,641,-1.106614828,-0.5868914127,1
1871,673,-1.301847458,-0.7165201902,1
1871,705,0.1705848426,0.1863376498,1
1871,737,1.238111377,0.6204900742,1
1871,769,0.5422461033,1.314873815,1
1871,801,0.9539140463,1.157622933,1
1871,833,0.6811548471,1.075566649,1
1871,865,-0.3146250248,1.934805989,1
1871,897,-1.465273857,2.254673004,1
1871,929,-1.020534515,0.83697927,1
1871,961,-0.646043539,0.4826651812,1
1871,993,NaN,NaN,2
1871,1025,-0.3381546736,0.5644971728,1
1871,1057,-1.235295892,0.9215275049,1
1871,1089,-4.016382217,1.911932111,1
1871,1121,-4.638318539,1.978672266,1
1871,1153,-3.389198065,3.240835428,1
1871,1185,NaN,NaN,2
1871,1217,NaN,NaN,2
1871,1249,NaN,NaN,2
1871,1281,NaN,NaN,2
1871,1313,NaN,NaN,2
1871,1345,-2.522657156,3.769818783,1
1871,1377,-5.728722572,1.503001571,1
1871,1409,-2.359135151,1.815017223,1
1871,1441,-2.314582825,1.992594481,1
1871,1473,-2.307224035,2.040031433,1
1871,1505,-2.145775557,1.967366934,1
1871,1537,-1.852450967,1.640690207,1
1871,1569,-1.45921731,2.536103964,1
1871,1601,-0.9377598763,3.087069988,1
1871,1633,1.575401306,4.439941406,1
1871,1665,NaN,NaN,2
1871,1697,-1.291665912,3.61254406,1
1871,1729,-2.110101938,3.946021557,1
1871,1761,-1.721303225,2.878864765,1
1871,1793,NaN,NaN,2
1871,1825,NaN,NaN,2
1871,1857,-0.5643292665,2.894079447,1
1871,1889,-0.08422124386,1.670910358,1
1871,1921,NaN,NaN,2
1871,1953,0.1635935009,0.5454699397,1
1871,1985,-0.1637859643,-0.4829947352,1
1871,2017,-1.126259923,-0.44795084,1
1903,33,-4.630392075,1.817989588,1
1903,65,-3.506804466,-1.21032989,1
1903,97,-3.66943574,-0.1650502086,1
1903,129,NaN,NaN,2
1903,161,NaN,NaN,2
1903,193,NaN,NaN,2
1903,225,NaN,NaN,2
1903,257,NaN,NaN,2
1903,289,-5.920879841,-1.222109795,1
1903,321,-5.664000511,-1.111168385,1
1903,353,-4.952466011,0.1455169767,1
1903,385,-3.601035118,0.1916879565,1
1903,417,-2.660573244,0.1871219575,1
1903,449,-2.414651871,0.187605828,1
1903,481,-2.4740448,1.195906758,1
1903,513,-2.168161631,0.5862181783,1
1903,545,-1.497264624,-0.3127268851,1
1903,577,-1.936390877,-0.958001852,1
1903,609,-1.76302743,-0.8134909272,1
1903,641,-1.428093672,-1.31105876,1
1903,673,-0.935611248,-0.7768822312,1
1903,705,-1.790376067,-0.202585727,1
1903,737,0.147649467,0.8893784285,1
1903,769,0.8769589663,1.297397375,1
1903,801,0.3982841969,1.146768332,1
1903,833,-0.09748625755,0.4146209359,1
1903,865,-0.1027721167,0.1689731181,1
1903,897,-1.118265867,0.1903813481,1
1903,929,-1.365857363,-0.1326555014,1
1903,961,-0.8047001362,-0.3730697632,1
1903,993,NaN,NaN,2
1903,1025,0.8334822655,-0.3284555674,1
1903,1057,-1.028978229,0.8608034849,1
1903,1089,-4.5028162,1.714788675,1
1903,1121,-4.600984573,4.758676529,1
1903,1153,NaN,NaN,2
1903,1185,NaN,NaN,2
1903,1217,NaN,NaN,2
1903,1249,0.05070984364,0.05797585845,1
1903,1281,-2.423376799,0.6887180209,1
1903,1313,-3.545495033,5.14048481,1
1903,1345,-3.176851034,2.326889992,1
1903,1377,-4.612140656,1.004611611,1
1903,1409,-1.830674887,1.535451055,1
1903,1441,-1.408442855,1.393838286,1
1903,1473,-1.234274507,1.704591513,1
1903,1505,-1.312556267,3.743709564,1
1903,1537,-3.827811241,2.294189453,1
1903,1569,-3.840529919,3.934058428,1
1903,1601,-1.692550898,3.244473934,1
1903,1633,-0.8263917565,3.092392445,1
1903,1665,-1.27720809,3.589167356,1
1903,1697,-4.678120136,3.953307629,1
1903,1729,-5.595238209,3.976205111,1
1903,1761,-4.945361137,4.681526184,1
1903,1793,-4.314990997,3.085709572,1
1903,1825,NaN,NaN,2
1903,1857,-2.931534052,2.905729532,1
1903,1889,NaN,NaN,2
1903,1921,NaN,NaN,2
1903,1953,-2.435832977,-0.1154771447,1
1903,1985,NaN,NaN,2
1903,2017,-1.065242171,-0.1859305054,1
1935,33,-4.77190733,1.147348404,1
1935,65,NaN,NaN,2
1935,97,NaN,NaN,2
1935,129,NaN,NaN,2
1935,161,NaN,NaN,2
1935,193,NaN,NaN,2
1935,225,NaN,NaN,2
1935,257,NaN,NaN,2
1935,289,-6.569356918,0.1632726789,1
1935,321,-4.519621849,2.131721973,1
1935,353,-4.475987434,0.8328745365,1
1935,385,-3.917008162,0.3772023916,1
1935,417,-2.702971458,0.4666576982,1
1935,449,-3.179045439,-0.2080247104,1
1935,481,-2.89652729,-0.3428688943,1
1935,513,-2.78630805,-1.367387176,1
1935,545,-2.874430656,-0.1619616449,1
1935,577,-3.057635784,-0.2252454162,1
1935,609,-2.635376692,-0.6891047955,1
1935,641,-1.862894535,-1.364416957,1
1935,673,-1.800623417,-1.404745102,1
1935,705,-0.9276554585,-0.3874963522,1
1935,737,-0.7624899149,0.8880729675,1
1935,769,0.6879108548,2.391358852,1
1935,801,0.6154313684,2.062282085,1
1935,833,-0.3152731955,0.1284439564,1
1935,865,-0.2231186032,-0.4069623947,1
1935,897,-1.03255105,0.007291555405,1
1935,929,-2.033199072,0.1532537341,1
1935,961,-3.302927971,0.001127839088,1
1935,993,NaN,NaN,2
1935,1025,-0.2322818041,0.09041470289,1
1935,1057,-0.7315304279,0.7162288427,1
1935,1089,-1.991202235,1.307524681,1
1935,1121,-1.624706984,1.288970709,1
1935,1153,-0.7805044651,0.8631535769,1
1935,1185,1.328267217,0.1096529961,1
1935,1217,NaN,NaN,2
1935,1249,NaN,NaN,2
1935,1281,-0.1811958551,0.7862378955,1
1935,1313,NaN,NaN,2
1935,1345,-0.8983538151,0.8937636614,1
1935,1377,-1.186444998,0.8046560287,1
1935,1409,-1.341500282,1.302801132,1
1935,1441,-1.040580034,1.570346475,1
1935,1473,-1.128549576,1.739744902,1
1935,1505,-0.748313427,3.676011562,1
1935,1537,NaN,NaN,2
1935,1569,-4.586819649,1.896476746,1
1935,1601,-3.713383675,3.390329361,1
1935,1633,-2.243854523,3.606762886,1
1935,1665,NaN,NaN,2
1935,1697,-3.911113024,4.789804459,1
1935,1729,-4.405604362,4.040530205,1
1935,1761,-3.848838806,6.365108967,1
1935,1793,NaN,NaN,2
1935,1825,NaN,NaN,2
1935,1857,NaN,NaN,2
1935,1889,NaN,NaN,2
1935,1921,NaN,NaN,2
1935,1953,-3.60071826,-2.10512805,1
1935,1985,-1.311214089,-0.2772253752,1
1935,2017,-0.7906872034,-0.2519241571,1
1967,33,-3.163852453,0.6048928499,1
1967,65,NaN,NaN,2
1967,97,-4.460992813,4.523311138,1
1967,129,-5.218316078,6.564673424,1
1967,161,-4.860219002,5.668467999,1
1967,193,-5.291521072,5.744097233,1
1967,225,NaN,NaN,2
1967,257,NaN,NaN,2
1967,289,-5.618121624,2.410400152,1
1967,321,-4.947631359,1.978614092,1
1967,353,-3.979498386,1.64041996,1
1967,385,-4.81989193,0.7097138762,1
1967,417,-4.497910976,0.5674651861,1
1967,449,-5.538107395,-0.1894828081,1
1967,481,-3.885269642,-0.4902064502,1
1967,513,-3.431200504,-1.104839921,1
1967,545,-3.699228764,-0.3103491068,1
1967,577,-4.877677441,0.3784335852,1
1967,609,-3.477992296,-0.1106340289,1
1967,641,-2.195394993,-0.8983963132,1
1967,673,-2.655162811,-0.9535481334,1
1967,705,-1.259908438,0.4655226469,1
1967,737,-0.8052027225,0.944861412,1
1967,769,-0.05683934689,2.125661612,1
1967,801,0.5512025952,2.173638821,1
1967,833,1.739069462,-0.2354898453,1
1967,865,1.290561676,0.05922544003,1
1967,897,0.3504602909,0.8143485785,1
1967,929,0.1022849083,0.8782873154,1
1967,961,-1.521736145,0.2212588191,1
1967,993,-2.579069138,0.9771240354,1
1967,1025,-0.8091819286,-0.1342031956,1
1967,1057,-0.6651443243,-0.5822343826,1
1967,1089,NaN,NaN,2
1967,1121,-1.710946083,-1.249719143,1
1967,1153,-0.576738596,0.8030879498,1
1967,1185,-0.7063219547,-0.4821279049,1
1967,1217,NaN,NaN,2
1967,1249,0.3291660547,0.6077370644,1
1967,1281,0.5890727043,-0.1331832409,1
1967,1313,-0.5038101673,0.8338957429,1
1967,1345,0.4590984583,0.6922680736,1
1967,1377,0.8015524149,0.7932350636,1
1967,1409,-2.070390224,1.565114498,1
1967,1441,-3.751177311,1.603327274,1
1967,1473,-3.217754364,2.468303204,1
1967,1505,NaN,NaN,2
1967,1537,-1.804358721,2.957836151,1
1967,1569,-3.241601944,3.41129303,1
1967,1601,-3.567747593,4.521641731,1
1967,1633,NaN,NaN,2
1967,1665,-4.212039948,4.72707653,1
1967,1697,-6.549706936,5.053048134,1
1967,1729,-4.652536392,5.825425148,1
1967,1761,NaN,NaN,2
1967,1793,-7.042984962,2.073676586,1
1967,1825,NaN,NaN,2
1967,1857,-0.9979567528,-0.5018053055,1
1967,1889,-0.9777885675,0.9258172512,1
1967,1921,-1.668296695,-1.285758972,1
1967,1953,-2.009377956,-1.235554099,1
1967,1985,-1.813741207,-0.3840581179,1
1967,2017,0.07912504673,-0.7716863751,1
1999,33,-3.212578297,-0.1899061203,1
1999,65,0.8717653751,0.8035635948,1
1999,97,-0.4690448046,2.329763174,1
1999,129,-2.451355934,2.296048403,1
1999,161,-3.090635777,4.663536072,1
1999,193,-3.84152174,4.671787262,1
1999,225,NaN,NaN,2
1999,257,-4.50677824,1.659304142,1
1999,289,-3.128698826,3.813586712,1
1999,321,-3.249589443,2.675156116,1
1999,353,-6.77657795,1.547804117,1
1999,385,-6.594468594,1.167438269,1
1999,417,-5.669119835,-0.1057156324,1
1999,449,-5.295176029,0.3515840769,1
1999,481,-5.455720425,0.2243887484,1
1999,513,-5.846951485,-0.5648249984,1
1999,545,-5.933038712,-0.5244493484,1
1999,577,-5.438672543,-0.5019720793,1
1999,609,-4.099955559,0.3467392921,1
1999,641,-1.154609203,-0.8461313248,1
1999,673,-1.549957275,-0.3502110243,1
1999,705,-1.538265944,0.9496502876,1
1999,737,-1.341576576,1.211418629,1
1999,769,-1.723059654,1.25600791,1
1999,801,NaN,NaN,2
1999,833,NaN,NaN,2
1999,865,2.422112942,-0.8204489946,1
1999,897,1.2067101,-0.6306718588,1
1999,929,3.995347977,0.09489518404,1
1999,961,1.972066879,0.9739604592,1
1999,993,-0.6160511971,0.6016976833,1
1999,1025,NaN,NaN,2
1999,1057,-1.629359484,-2.147881985,1
1999,1089,-1.084625959,1.549713612,1
1999,1121,-0.3037040234,-0.5163841248,1
1999,1153,-1.034594297,-1.979622126,1
1999,1185,-0.03052544594,-1.014405489,1
1999,1217,-0.6273177266,0.4322510958,1
1999,1249,-2.317388058,2.259156942,1
1999,1281,-2.713515997,1.579180479,1
1999,1313,-1.152482629,1.0995574,1
1999,1345,0.09243631363,0.4895234108,1
1999,1377,-1.342002869,0.2359988689,1
1999,1409,-3.813059807,-0.5165934563,1
1999,1441,NaN,NaN,2
1999,1473,NaN,NaN,2
1999,1505,-4.182817459,4.105515003,1
1999,1537,-2.460609436,6.683612823,1
1999,1569,-3.891309261,7.339669704,1
1999,1601,-5.597290516,5.951210022,1
1999,1633,NaN,NaN,2
1999,1665,-1.564629078,5.153547287,1
1999,1697,0.5621960163,3.044694662,1
1999,1729,-0.3882927895,3.448781013,1
1999,1761,NaN,NaN,2
1999,1793,-6.107930183,0.3116338253,1
1999,1825,NaN,NaN,2
1999,1857,-0.9730410576,1.178170204,1
1999,1889,-1.948227644,1.553871155,1
1999,1921,NaN,NaN,2
1999,1953,-1.541048288,1.602846146,1
1999,1985,0.485968709,-0.1576149911,1
1999,2017,2.040916443,-1.772144437,1
