PIVlab, ASCII chart output - 07-Feb-2024
FRAME: 47, filenames: A:[47]MAX_TimeSrs026_TgUtrmcherry_Control.avi & B:[48]MAX_TimeSrs026_TgUtrmcherry_Control.avi, conversion factor xy (px -> m): 1, conversion factor uv (px/frame -> m/s): 1
x [px],y [px],u [px/frame],v [px/frame],Vector type [-]
47,33,-1.177990437,0.32161057,1
47,65,-0.1635833979,0.3650743067,1
47,97,-0.2255882621,0.6534225941,1
47,129,0.2205990851,2.375758648,1
47,161,0.9704153538,5.03412962,1
47,193,0.4970614314,2.680901527,1
47,225,-0.3906490207,-3.864833832,1
47,257,0.7699366808,1.05606401,1
47,289,2.121348858,1.0102669,1
47,321,3.421693325,0.6878266335,1
47,353,3.138696671,0.968593955,1
47,385,3.783385754,1.831259251,1
47,417,2.371103525,2.324501038,1
47,449,0.5599483848,1.213103175,1
47,481,-0.2134288549,0.7901936769,1
47,513,-0.453941226,0.6713342667,1
47,545,0.6093030572,0.2643867433,1
47,577,0.8864383101,-14.47943974,1
47,609,0.2931587696,0.7611894608,1
47,641,-0.1146027297,1.389099002,1
47,673,0.01971800625,1.322967768,1
47,705,0.6497728825,1.464063406,1
47,737,1.255621672,0.3605650663,1
47,769,0.6970290542,-0.4827145934,1
47,801,-0.0229421854,-1.520219803,1
47,833,-1.363216996,0.3311875463,1
47,865,-0.2251894772,1.166843653,1
47,897,0.5414890051,0.3645923138,1
47,929,0.3047391176,-0.7542636395,1
47,961,-0.3582425714,-0.919731617,1
47,993,-0.4778656662,1.249507904,1
47,1025,0.3213267028,2.294300795,1
47,1057,1.479378819,2.180038691,1
47,1089,1.761930823,2.365216732,1
47,1121,0.559997201,2.122538805,1
47,1153,4.579779625,3.873645782,1
47,1185,2.782937765,2.310022831,1
47,1217,2.363152504,0.3124095798,1
47,1249,4.680100441,0.7616584897,1
47,1281,0.4502873421,1.372645617,1
47,1313,2.342638969,1.007820964,1
47,1345,2.930080414,2.727871418,1
47,1377,0.9928804636,2.618237972,1
47,1409,0.3178065419,0.2156140804,1
47,1441,1.27140975,-3.188158751,1
47,1473,1.445727229,-1.301609516,1
47,1505,1.411217213,-0.8604855537,1
47,1537,1.764765859,-0.7677699327,1
47,1569,0.4526194334,-0.959215641,1
47,1601,-0.2129800916,-0.9646790028,1
47,1633,-0.06555896997,0.4633387327,1
47,1665,0.06461249292,1.019920588,1
47,1697,-0.04187041521,0.4839708209,1
47,1729,0.108486712,-0.4260145128,1
47,1761,0.03283563256,-0.4365247488,1
47,1793,-0.4045595527,0.1651463956,1
47,1825,-0.3282850385,0.06500658393,1
47,1857,0.243206799,-0.1837220192,1
47,1889,0.3850615919,0.1876378059,1
47,1921,-0.2021926045,0.1674280167,1
47,1953,-0.1663856506,-0.3286114931,1
47,1985,-0.04684352875,-0.0235045515,1
47,2017,-0.5395832062,0.1597652435,1
79,33,-0.4060463905,0.4013090134,1
79,65,0.4176739454,-0.4373159707,1
79,97,0.2356894612,-0.002533435822,1
79,129,-0.8724474907,1.795117617,1
79,161,0.1888147593,1.255163193,1
79,193,0.3656099439,0.5337090492,1
79,225,0.6360555887,0.518484354,1
79,257,0.8468185067,2.352100372,1
79,289,1.645127058,1.307479143,1
79,321,2.09903264,1.090498328,1
79,353,1.854171515,1.235382676,1
79,385,1.948289037,1.311314106,1
79,417,1.338020325,0.6386663914,1
79,449,0.7340415716,1.297029972,1
79,481,0.5059816241,0.5210440755,1
79,513,0.3740067482,0.7508810163,1
79,545,0.4389204681,0.6720617414,1
79,577,3.891420603,-10.78899288,1
79,609,-18.48171997,7.956754684,1
79,641,-18.64945602,8.487223625,1
79,673,0.0749456659,1.165120721,1
79,705,0.1719326675,0.853081882,1
79,737,0.09660737216,0.8589454293,1
79,769,0.4513414204,1.377117515,1
79,801,0.3003133535,0.04429513216,1
79,833,0.2310822904,0.2221457958,1
79,865,0.800344348,-0.0875788182,1
79,897,0.7350667119,-0.8216715455,1
79,929,-0.6499715447,-18.29340172,1
79,961,0.4794928133,-1.449239135,1
79,993,-0.7609599233,2.005383253,1
79,1025,0.7151831388,1.95884943,1
79,1057,0.81876266,1.39164257,1
79,1089,0.6371517777,1.255999565,1
79,1121,1.321601391,-0.1433743238,1
79,1153,2.759829044,0.5345413685,1
79,1185,1.176850319,1.08661294,1
79,1217,1.081667662,0.5990300179,1
79,1249,1.706487775,0.8905259371,1
79,1281,0.9662230015,1.293897152,1
79,1313,0.3229935169,1.469042301,1
79,1345,-0.0666295886,2.232175827,1
79,1377,0.1383197308,2.999709606,1
79,1409,-0.09940499067,0.8429598808,1
79,1441,17.51777458,2.640733719,1
79,1473,1.356497765,0.07331228256,1
79,1505,1.472425818,0.1343182921,1
79,1537,2.252020359,-0.4728890955,1
79,1569,1.47930944,-0.5002971888,1
79,1601,0.210570097,-0.05349487066,1
79,1633,0.28532359,0.2912480235,1
79,1665,-0.210974142,0.2796656191,1
79,1697,-0.6390736699,0.8369410038,1
79,1729,-0.290178299,0.07111654431,1
79,1761,-0.137494266,-0.1656187773,1
79,1793,-0.49812904,0.2333481312,1
79,1825,0.1767171919,0.2805119753,1
79,1857,0.6297068596,0.2207309157,1
79,1889,0.4837949872,0.2268306762,1
79,1921,0.4565038979,0.4871196747,1
79,1953,0.2505767941,0.5957901478,1
79,1985,0.1254737377,0.3910879791,1
79,2017,0.1921945214,-0.3998254538,1
111,33,0.08596147597,0.3079481125,1
111,65,0.7075956464,-0.1223191023,1
111,97,0.292288214,0.2745643854,1
111,129,0.09526884556,1.913843751,1
111,161,-0.2624073625,2.253511429,1
111,193,-0.1056423187,0.99627316,1
111,225,0.5897315741,0.959274888,1
111,257,0.8124663234,2.196161985,1
111,289,2.533095837,6.987499714,1
111,321,0.8466919065,1.246813059,1
111,353,0.7698966861,1.343861938,1
111,385,1.413978338,1.779012442,1
111,417,0.9619874954,0.6485903263,1
111,449,0.7749242187,0.5429804325,1
111,481,0.5113497376,0.6564571857,1
111,513,0.3669515252,0.7068890333,1
111,545,0.3521451652,0.1284424067,1
111,577,-0.2879599631,0.5527513027,1
111,609,-0.2582346201,2.723083019,1
111,641,0.09013296664,1.759725451,1
111,673,-0.05012689158,0.9032507539,1
111,705,-0.1538110673,0.3352513313,1
111,737,-1.600774288,0.6048648357,1
111,769,-1.226899624,1.487134457,1
111,801,0.1784022003,1.251615644,1
111,833,0.5659106374,0.3552483916,1
111,865,0.8730496168,-0.3535537124,1
111,897,0.6786116362,-0.954495132,1
111,929,0.4536599815,-0.7383605242,1
111,961,0.6129907966,-0.1660726666,1
111,993,0.1170842052,1.405629873,1
111,1025,0.9644662142,1.197580457,1
111,1057,0.6116368771,0.7009672523,1
111,1089,-0.7254384756,0.1751401424,1
111,1121,0.6909446716,-0.6555430293,1
111,1153,1.866690993,-0.9494906068,1
111,1185,4.311423302,0.3519886732,1
111,1217,4.934859276,0.4987003207,1
111,1249,2.978054762,0.3208925724,1
111,1281,1.253148437,0.2871703804,1
111,1313,0.3099802732,0.838311553,1
111,1345,-0.06727325916,2.292209148,1
111,1377,0.4384635091,3.287241459,1
111,1409,1.002583265,1.276380658,1
111,1441,0.7995537519,1.151396513,1
111,1473,1.385809183,1.215290666,1
111,1505,1.675045609,1.161153913,1
111,1537,1.16190958,0.6918640137,1
111,1569,0.3244287968,0.4061043262,1
111,1601,0.6047471762,0.5583096743,1
111,1633,0.3346430063,0.05055314302,1
111,1665,-0.5258395672,-0.9410687685,1
111,1697,-1.419000268,-0.6697580814,1
111,1729,-0.6143833399,-0.1497661173,1
111,1761,-0.4056417644,0.02599772811,1
111,1793,-0.2660160661,0.1945499778,1
111,1825,0.2055230737,0.3655160367,1
111,1857,0.3098784685,0.5011047721,1
111,1889,-0.07939531654,0.8443713188,1
111,1921,-0.09386245161,0.7147622108,1
111,1953,-0.7523033619,1.161816001,1
111,1985,-0.2518089414,0.5031446218,1
111,2017,0.3526618481,-0.3752077222,1
143,33,-0.3516962528,0.1635370255,1
143,65,0.6282078028,0.8075795174,1
143,97,1.135358691,1.824345589,1
143,129,0.8234682083,3.993957281,1
143,161,0.5285979509,5.096398354,1
143,193,0.9637324214,0.7994220257,1
143,225,0.9358397722,0.876838088,1
143,257,0.2899017036,0.955258131,1
143,289,0.3954085112,0.6676155329,1
143,321,0.5709882975,1.415020943,1
143,353,-0.3760075569,0.3558325768,1
143,385,-0.1753326654,0.2887793183,1
143,417,0.244086802,1.016405225,1
143,449,0.4578832984,0.9162232876,1
143,481,0.1489649862,0.06125694513,1
143,513,-0.4010018706,0.5352682471,1
143,545,0.2230696082,0.3713963032,1
143,577,-0.9028394818,0.8700625896,1
143,609,-0.9150283337,1.675558567,1
143,641,-0.2712561488,0.8172436953,1
143,673,0.1026947647,0.591131568,1
143,705,0.0129731074,0.2842333317,1
143,737,-0.4141417146,0.1856924593,1
143,769,-0.6495684385,2.608337879,1
143,801,-0.06839607656,2.470009327,1
143,833,-0.1118664593,0.7408179641,1
143,865,0.0219860673,-0.4884892106,1
143,897,0.1923428774,-1.295872927,1
143,929,0.2285159379,-1.208834887,1
143,961,0.6160004139,-0.6452140808,1
143,993,0.6495944262,0.2715133429,1
143,1025,1.209225416,1.229767323,1
143,1057,2.16479373,0.5572427511,1
143,1089,0.6581478119,0.4270628095,1
143,1121,1.040062189,0.8366084099,1
143,1153,2.033529043,1.501643419,1
143,1185,2.543320656,0.8554544449,1
143,1217,2.69251895,0.1524533629,1
143,1249,2.594691515,-0.2064469159,1
143,1281,0.8161267042,-0.4425759315,1
143,1313,0.1556963921,0.002763867378,1
143,1345,0.1734464765,2.016488552,1
143,1377,0.1662541628,2.81716013,1
143,1409,0.2148213387,1.23902452,1
143,1441,0.6972609758,1.025918365,1
143,1473,1.265014648,0.9640450478,1
143,1505,1.654565692,1.69163394,1
143,1537,1.248793602,1.456377268,1
143,1569,0.9165898561,1.962646127,1
143,1601,0.9546546936,1.173773766,1
143,1633,0.2879965305,-0.1491831988,1
143,1665,-0.5014347434,-0.6658847332,1
143,1697,-0.3562931716,-1.002826929,1
143,1729,-0.4642963409,-0.4390565455,1
143,1761,-0.4487074912,-0.1083113849,1
143,1793,-0.3885753751,0.001605510712,1
143,1825,-0.052185148,0.3414444029,1
143,1857,-0.05988565087,0.9950836897,1
143,1889,-0.01610238478,0.8972286582,1
143,1921,0.0215376392,0.4540472031,1
143,1953,-0.4959818125,-0.2473595887,1
143,1985,-1.370530486,-0.2668254375,1
143,2017,-0.3757225275,-0.07322248816,1
175,33,0.4944748282,0.1250538826,1
175,65,1.906780958,0.557810843,1
175,97,2.055542707,2.207509518,1
175,129,1.648741961,4.253044605,1
175,161,1.067227602,6.740349293,1
175,193,0.7595744133,0.5658557415,1
175,225,0.7908383608,1.251248121,1
175,257,-0.2080908418,1.337324858,1
175,289,-0.1753448546,0.8293585181,1
175,321,0.1485869884,1.331757545,1
175,353,-0.4801106751,0.5688282251,1
175,385,-0.3839219809,0.4675607085,1
175,417,0.04653704166,1.055606723,1
175,449,-0.1509160995,0.9888119102,1
175,481,-1.297579646,0.01376500726,1
175,513,-0.9869664907,0.8958383799,1
175,545,-0.6931521893,0.5758559704,1
175,577,-0.5785264969,-0.1714365482,1
175,609,-0.2228386402,0.009259015322,1
175,641,0.01666598022,-0.507093966,1
175,673,0.03127029538,-0.5352884531,1
175,705,0.05699382722,0.02353393286,1
175,737,0.1977906376,-0.187407881,1
175,769,-0.1666749716,0.6485381722,1
175,801,-0.3454184532,2.702162743,1
175,833,-2.261209249,2.996522665,1
175,865,-0.6562513113,-0.1533898413,1
175,897,0.0003454089165,-1.319336057,1
175,929,-0.4565057158,-1.584984064,1
175,961,-0.5167584419,-1.180960059,1
175,993,0.8371425867,-1.369424343,1
175,1025,1.188032627,-0.2109509557,1
175,1057,1.272959948,0.2050519288,1
175,1089,0.808668077,0.4158275723,1
175,1121,1.382938027,1.137860417,1
175,1153,2.229940414,1.560379505,1
175,1185,2.632687092,0.7283182144,1
175,1217,2.086945534,0.08390955627,1
175,1249,1.858855963,0.60230726,1
175,1281,0.1385189295,-0.9341991544,1
175,1313,0.6299330592,-0.3718398213,1
175,1345,0.5485051274,0.7486486435,1
175,1377,0.2843616605,1.195400476,1
175,1409,0.868830204,0.798369348,1
175,1441,1.367146254,1.020226955,1
175,1473,1.856479287,1.14853394,1
175,1505,1.347683787,1.846750975,1
175,1537,1.626369119,1.873456359,1
175,1569,1.955606937,2.304991484,1
175,1601,2.026989222,1.341702223,1
175,1633,0.6100491881,-0.9360463619,1
175,1665,0.1936436892,-1.01513648,1
175,1697,0.3597590029,0.1003507078,1
175,1729,-0.08360159397,0.3667214215,1
175,1761,0.3957996964,0.420188427,1
175,1793,0.7611312866,0.6020392179,1
175,1825,0.5560395718,0.4410073757,1
175,1857,0.4338530004,0.6115377545,1
175,1889,0.1523388028,0.5197344422,1
175,1921,0.1760419011,0.2401196659,1
175,1953,-0.3155245781,-0.5746958852,1
175,1985,-1.473152637,-0.5943058729,1
175,2017,-0.462691009,-0.2650262713,1
207,33,0.8325102925,0.1326961517,1
207,65,0.6479661465,0.9163366556,1
207,97,0.959017694,1.542755365,1
207,129,1.495808601,2.594933033,1
207,161,1.072470665,1.744668484,1
207,193,0.3109092712,0.679095149,1
207,225,0.2575595081,1.198493004,1
207,257,0.1170321256,1.52330935,1
207,289,-0.1402694881,1.157684088,1
207,321,-0.2988020182,1.332901955,1
207,353,-0.7794858217,0.8637986183,1
207,385,-0.3615590036,0.3432847261,1
207,417,0.3059627116,0.1115509868,1
207,449,0.1675805151,0.02417939901,1
207,481,-0.4849719107,-0.02438163757,1
207,513,-0.7538872957,0.5355468988,1
207,545,-1.267014742,2.426672459,1
207,577,-1.327643156,0.6575171947,1
207,609,-0.3208184242,-0.327499032,1
207,641,-0.3887010813,-0.6218590736,1
207,673,-0.1616135836,-0.5328844786,1
207,705,-0.04402273148,-0.04655483365,1
207,737,-0.1900382489,0.2137028575,1
207,769,-0.07731056213,0.3020749688,1
207,801,-0.5052522421,0.07921355963,1
207,833,-1.60392952,0.4836334586,1
207,865,-0.6346816421,0.3206537664,1
207,897,-0.2790660858,-0.6178151965,1
207,929,-0.9716941714,-1.209183216,1
207,961,-0.4348795712,-0.5414882898,1
207,993,0.9864451885,-0.8118536472,1
207,1025,1.138131976,-1.172083974,1
207,1057,0.9383658767,-0.2633966208,1
207,1089,0.525585413,0.6714866161,1
207,1121,0.8284692764,1.491763592,1
207,1153,1.374714375,1.535201073,1
207,1185,1.756879807,0.5396777391,1
207,1217,1.672247887,-0.8697196841,1
207,1249,1.355011225,-0.9983097315,1
207,1281,0.8582277298,-0.8900278807,1
207,1313,17.70371819,10.28765965,1
207,1345,0.9316483736,-0.07778126001,1
207,1377,1.2114079,0.2956475616,1
207,1409,1.126174688,0.5029417276,1
207,1441,1.394624352,0.864577055,1
207,1473,1.238850236,1.714548469,1
207,1505,1.21928072,2.70774436,1
207,1537,3.061519623,2.475780725,1
207,1569,2.707258224,1.485650778,1
207,1601,1.804080963,-1.074769139,1
207,1633,10.67347813,-13.36435509,1
207,1665,3.501829624,-2.154986858,1
207,1697,4.441963673,-0.02101747692,1
207,1729,0.9947595,1.719633341,1
207,1761,1.074863553,0.9306302071,1
207,1793,0.7225557566,0.6499567032,1
207,1825,0.5005877018,0.5114095211,1
207,1857,0.3259586096,0.3066242039,1
207,1889,0.1588237137,0.08290329576,1
207,1921,-0.05619490147,-0.4551077485,1
207,1953,-0.3930779696,-0.4724799395,1
207,1985,-0.4184170961,-0.1488066465,1
207,2017,-0.702450633,-0.1642955542,1
239,33,0.8842060566,0.3409737349,1
239,65,0.8300545216,1.284519553,1
239,97,0.3803509474,1.385525942,1
239,129,0.5829418898,1.947997212,1
239,161,0.8460404873,1.417310715,1
239,193,0.7488004565,0.7906929255,1
239,225,0.5519215465,1.017653227,1
239,257,0.1774570644,1.479212642,1
239,289,-0.2207609713,1.23413229,1
239,321,-0.1580305398,1.05416441,1
239,353,-0.06385369599,0.5506590605,1
239,385,0.3824198842,0.3107022345,1
239,417,0.7241968513,-0.1794520169,1
239,449,0.4400835037,-0.001345098019,1
239,481,-0.4138440192,-1.282684684,1
239,513,-1.355419874,-0.813980341,1
239,545,-20.12472534,-6.573039532,1
239,577,-1.134570003,0.4154977798,1
239,609,-0.5280157924,-0.3928553462,1
239,641,-0.568926096,-0.3295810521,1
239,673,-0.2172990441,-0.03569924831,1
239,705,0.07061417401,0.2155442238,1
239,737,-0.02193595469,0.1793484241,1
239,769,-0.07553863525,0.7260888815,1
239,801,-1.294976473,-0.04711049795,1
239,833,-1.192380548,0.6155503988,1
239,865,-0.607822299,0.7558062673,1
239,897,-0.1356420219,0.08136603236,1
239,929,0.2837167978,-0.1534075141,1
239,961,0.3231239915,0.1782735586,1
239,993,0.6634804606,0.4220773578,1
239,1025,0.5202364922,-0.1717887223,1
239,1057,0.7902235985,0.1902707517,1
239,1089,0.6151588559,1.707232237,1
239,1121,0.2792030573,2.266925812,1
239,1153,-0.4075016975,1.436015725,1
239,1185,5.066663742,-11.18457127,1
239,1217,2.549694538,-1.257789016,1
239,1249,1.780849099,-1.990685582,1
239,1281,1.886021852,-1.070967555,1
239,1313,0.6144859791,-1.521026492,1
239,1345,1.090526462,-0.1109818965,1
239,1377,1.323620796,0.2919651568,1
239,1409,1.105109096,0.4652280807,1
239,1441,1.073873281,0.1806565523,1
239,1473,1.361358643,1.553691268,1
239,1505,1.001366019,3.403446198,1
239,1537,-6.600179672,4.226119995,1
239,1569,2.213701487,1.416595578,1
239,1601,1.685485125,0.05932855606,1
239,1633,0.6801323891,-1.216118693,1
239,1665,1.66152215,-0.9814816117,1
239,1697,1.193138719,0.05138505995,1
239,1729,0.8618572354,1.265595317,1
239,1761,0.8481023908,0.4772396088,1
239,1793,0.4279170632,0.5440483093,1
239,1825,0.3257553577,0.4800709188,1
239,1857,0.5699542761,0.3351185024,1
239,1889,0.4020743966,0.09283496439,1
239,1921,-0.5251166821,-1.146063209,1
239,1953,-1.886058807,-0.6949405074,1
239,1985,-0.5479335189,0.8368259072,1
239,2017,-0.7809486389,0.01064276695,1
271,33,0.8710969687,0.2370536327,1
271,65,0.4742324948,-0.6067525744,1
271,97,-5.201256752,-7.866652489,1
271,129,-8.200929642,18.55195427,1
271,161,1.264947534,0.01675879955,1
271,193,0.9780375361,1.023388505,1
271,225,1.02706027,1.985354543,1
271,257,1.087317944,1.722678065,1
271,289,2.347065449,1.253098845,1
271,321,1.988895655,0.01838374138,1
271,353,0.8480803967,0.4214515686,1
271,385,1.006783605,0.1297383308,1
271,417,0.8975884914,-0.3311920166,1
271,449,0.437548995,-0.4085663855,1
271,481,-1.938978553,-7.085455418,1
271,513,-4.496994972,-4.017821312,1
271,545,-3.943291664,-1.917131543,1
271,577,-0.6465126276,-0.2538048029,1
271,609,-0.5469471216,-0.05912230909,1
271,641,-0.2345665693,-0.1944043636,1
271,673,0.1876846254,-0.02867767215,1
271,705,0.6472217441,0.7685700655,1
271,737,-0.05496746302,0.2543784976,1
271,769,-0.2594100535,0.8863083124,1
271,801,-1.006676316,0.1293789148,1
271,833,-0.565357089,0.6057130098,1
271,865,0.0158880651,0.7574609518,1
271,897,0.2133549452,0.03965896368,1
271,929,0.7531664371,0.1986839622,1
271,961,0.9678130746,0.7431409359,1
271,993,0.3617075086,1.092339039,1
271,1025,-0.01723247766,0.2248160243,1
271,1057,0.01515799761,1.066961527,1
271,1089,-0.09347462654,2.542395592,1
271,1121,1.309818864,2.450867891,1
271,1153,1.024744034,0.9860218763,1
271,1185,1.882260561,-0.2783527374,1
271,1217,1.870356441,-1.244106174,1
271,1249,1.582358599,-1.698857427,1
271,1281,1.546940207,-1.067311764,1
271,1313,1.270871162,-0.0643042028,1
271,1345,1.377452374,0.6760768294,1
271,1377,1.178137302,0.7256168127,1
271,1409,1.278678417,0.7697123885,1
271,1441,0.7774486542,0.9192986488,1
271,1473,1.974082112,1.925517082,1
271,1505,1.301219344,2.756803036,1
271,1537,-0.8617732525,2.242573261,1
271,1569,0.7942861319,1.403795719,1
271,1601,0.1618908048,0.121391058,1
271,1633,-0.03871744871,-1.089128733,1
271,1665,-0.4779893756,-1.061131477,1
271,1697,0.8478750587,0.2911079824,1
271,1729,0.9656359553,0.8136749864,1
271,1761,-0.06855964661,0.2686132193,1
271,1793,-0.1164693832,0.290478766,1
271,1825,0.7484586239,0.6690742373,1
271,1857,0.8571062088,0.7509264946,1
271,1889,0.346372664,0.2672792077,1
271,1921,-1.127770782,-1.28324151,1
271,1953,-2.517230511,-0.678164959,1
271,1985,-0.9703477621,0.4131032825,1
271,2017,-0.05060118437,-0.03686290979,1
303,33,1.145826101,0.05034220219,1
303,65,0.1095907092,-0.1764491946,1
303,97,0.7771474123,1.267125845,1
303,129,0.8315917253,1.784185171,1
303,161,0.4267949462,0.1406625509,1
303,193,0.6864880919,0.5383129716,1
303,225,0.9116130471,1.342023492,1
303,257,1.180656672,1.453192472,1
303,289,2.561992407,1.402420282,1
303,321,1.897360921,0.5474328995,1
303,353,0.994643569,1.118898392,1
303,385,1.03469491,0.9385903478,1
303,417,1.342775345,-0.9653875828,1
303,449,0.7499499917,-1.605824232,1
303,481,-0.2803126276,-0.8847852945,1
303,513,-5.381437778,-1.860563636,1
303,545,-5.234127998,0.4973042011,1
303,577,-3.808592081,4.819015503,1
303,609,-4.594073296,-0.7601713538,1
303,641,-1.670693159,0.9128984213,1
303,673,-0.585878551,0.8881582022,1
303,705,-0.1720727086,0.2876169086,1
303,737,0.3489915133,-0.3064792454,1
303,769,0.9131755233,-0.7232335806,1
303,801,1.833492041,-0.02645501494,1
303,833,0.3127379715,0.2899781168,1
303,865,0.2082950473,0.7576513886,1
303,897,0.2067706883,0.2662970424,1
303,929,1.043149948,0.3666812778,1
303,961,1.8644104,0.4218431711,1
303,993,0.6866701245,0.02513161302,1
303,1025,-0.3097656369,0.352639854,1
303,1057,0.02931272984,1.39665699,1
303,1089,0.5746065378,1.964159727,1
303,1121,3.338199615,0.03039288521,1
303,1153,2.615102291,-0.317130208,1
303,1185,2.048601151,-1.54515028,1
303,1217,1.501808882,-1.102420568,1
303,1249,1.219388485,-0.9614695311,1
303,1281,1.53189683,-1.004837751,1
303,1313,1.910230517,0.04359550029,1
303,1345,1.752471805,0.7237919569,1
303,1377,1.250161409,0.8921477795,1
303,1409,1.423867464,0.9055063725,1
303,1441,1.580580115,1.450960636,1
303,1473,1.83572185,2.743513584,1
303,1505,1.556171179,2.420682907,1
303,1537,2.052279711,1.868814945,1
303,1569,1.36042738,0.2842475772,1
303,1601,0.27016747,-1.092406869,1
303,1633,-18.4066124,-2.712471724,1
303,1665,-19.08529472,1.336860418,1
303,1697,0.4864739776,1.320550919,1
303,1729,0.9484829903,1.951590776,1
303,1761,-0.8272382021,0.6055420637,1
303,1793,-0.3901497424,0.2899224162,1
303,1825,1.015578508,0.4797931314,1
303,1857,1.016262293,0.5849311352,1
303,1889,0.1195435822,0.4126324952,1
303,1921,-0.4576026797,0.272503525,1
303,1953,-0.6200023293,-0.1303579509,1
303,1985,0.1171213686,0.5449758768,1
303,2017,0.6029974222,-0.286981672,1
335,33,0.933321774,0.1874763668,1
335,65,0.633123517,0.1913181394,1
335,97,0.9628703594,0.8663630486,1
335,129,1.149039745,0.9603686333,1
335,161,0.06055757403,0.5299339294,1
335,193,-0.1414330602,0.4044280052,1
335,225,-0.05555522442,0.639980197,1
335,257,0.9515647292,1.119961619,1
335,289,0.9359705448,1.360423803,1
335,321,0.4632861614,1.354411721,1
335,353,1.71035409,1.236357093,1
335,385,1.411194801,0.598687768,1
335,417,1.295797586,-0.7734593153,1
335,449,1.351831913,-1.537443161,1
335,481,-0.1290456057,-1.361508369,1
335,513,-0.3932396173,-1.076322079,1
335,545,-5.429355621,2.800353765,1
335,577,-4.17051363,2.15920949,1
335,609,-5.041950703,0.5121076703,1
335,641,-2.483821392,1.248864889,1
335,673,-0.9582734108,0.9907613993,1
335,705,-0.3356676698,0.4682142735,1
335,737,-3.229417324,-14.56990623,1
335,769,0.8429951668,-0.6904932261,1
335,801,0.8911259174,-0.371473074,1
335,833,0.4793515205,0.1821389198,1
335,865,0.4013653994,-0.5895000696,1
335,897,0.6829869747,0.5561481714,1
335,929,0.7722127438,0.8334467411,1
335,961,1.173101425,0.2783818245,1
335,993,0.9824825525,0.3051496148,1
335,1025,0.9114834666,0.936773181,1
335,1057,1.219645262,1.201507807,1
335,1089,1.560946107,0.3145520985,1
335,1121,3.116832018,-0.9783526659,1
335,1153,2.690458775,-0.8291740417,1
335,1185,3.814823627,-1.31529665,1
335,1217,6.515578747,-2.645368576,1
335,1249,4.233686447,-4.206861019,1
335,1281,1.62589395,0.3626454771,1
335,1313,2.061558008,0.6544870734,1
335,1345,2.889171839,-0.2300758958,1
335,1377,1.91437602,0.3695426583,1
335,1409,1.580572367,0.5619018078,1
335,1441,1.392288923,1.247639894,1
335,1473,0.9452557564,1.350442886,1
335,1505,1.014832497,1.471115112,1
335,1537,1.943647027,1.235023975,1
335,1569,2.921145916,0.2257990837,1
335,1601,3.220417976,-0.868117094,1
335,1633,3.052174568,0.1388395429,1
335,1665,-1.010434031,0.9698304534,1
335,1697,-1.550718069,1.756256461,1
335,1729,-0.06186921895,1.715585232,1
335,1761,-0.6134232879,0.3345077634,1
335,1793,0.4374756515,0.9017073512,1
335,1825,1.787456751,1.25706327,1
335,1857,0.817268908,0.2429549098,1
335,1889,0.5507873297,0.3773194849,1
335,1921,0.3887046278,0.5172419548,1
335,1953,0.1272337586,0.3105041087,1
335,1985,0.1344834268,0.4430535138,1
335,2017,0.4437118471,0.01378670335,1
367,33,0.2116661668,0.3319655061,1
367,65,0.898289144,-0.2862177491,1
367,97,1.040431261,-0.2055510581,1
367,129,0.5749707818,0.3656468689,1
367,161,-0.2153087258,1.39453721,1
367,193,-0.4989519715,1.143118978,1
367,225,-0.7527353764,0.9659879804,1
367,257,0.1377993524,0.8691357374,1
367,289,0.5311103463,0.7925370932,1
367,321,0.6697931886,1.446434259,1
367,353,1.295943499,1.579736829,1
367,385,1.693055153,0.07458001375,1
367,417,1.494390488,-1.232546449,1
367,449,2.085135221,-1.244064331,1
367,481,1.213698864,-1.1044209,1
367,513,0.744587779,-1.195990324,1
367,545,0.4261705875,-1.988808274,1
367,577,-2.025083542,-0.07211555541,1
367,609,-3.89989996,1.376882315,1
367,641,-1.24862504,2.366569996,1
367,673,-0.62106359,1.306788802,1
367,705,-0.1836641133,0.5961489677,1
367,737,-2.20120573,-16.01596832,1
367,769,16.60017395,-10.52290344,1
367,801,0.4320837259,-0.1288844794,1
367,833,1.183321714,-0.3470533788,1
367,865,1.412158966,-0.2099075317,1
367,897,1.028823376,1.445587635,1
367,929,1.412473083,2.284617662,1
367,961,0.7451076508,0.6356769204,1
367,993,0.8160248399,0.8535755873,1
367,1025,1.346533775,1.309518933,1
367,1057,1.414268613,0.4312858284,1
367,1089,1.422042727,-0.1128306389,1
367,1121,2.247871637,-1.351218224,1
367,1153,2.883429527,-1.573293686,1
367,1185,4.974973679,-0.7093095779,1
367,1217,6.348940849,-1.958172083,1
367,1249,4.926893234,-1.438013196,1
367,1281,1.866045833,0.3493839204,1
367,1313,2.096927166,0.6462495327,1
367,1345,3.807521582,-0.7446853518,1
367,1377,2.134946346,0.1591974497,1
367,1409,1.342253566,0.819001615,1
367,1441,0.6868853569,1.257082582,1
367,1473,0.6233950853,1.17369318,1
367,1505,0.690571785,0.08045482635,1
367,1537,0.9308975935,0.3543083668,1
367,1569,1.573952675,0.8581701517,1
367,1601,3.120783806,-0.1147558093,1
367,1633,3.053330183,-0.01633045077,1
367,1665,1.064272881,0.3857162595,1
367,1697,-0.308836937,0.5572550893,1
367,1729,-0.3194646239,0.739782393,1
367,1761,0.242688179,-0.1669124365,1
367,1793,7.341952801,0.8967759013,1
367,1825,3.367839575,4.814381599,1
367,1857,0.9044831991,-0.4363375306,1
367,1889,0.3736959994,-0.2342051268,1
367,1921,0.2077760547,-0.0441262722,1
367,1953,-0.2231355309,0.4344533384,1
367,1985,-0.2690513432,0.6633505821,1
367,2017,0.1453928649,0.03303210437,1
399,33,-0.5865420699,0.2135586739,1
399,65,0.8972091675,-1.848850965,1
399,97,1.118436098,-1.075499415,1
399,129,0.5588106513,0.6059112549,1
399,161,-0.1733124554,0.6488018036,1
399,193,-0.7555094361,0.8835650682,1
399,225,-1.102992892,0.7502991557,1
399,257,-0.7064566016,0.4851493239,1
399,289,0.4004689455,0.6622960567,1
399,321,0.4448881149,1.973288059,1
399,353,0.7825775146,2.921935081,1
399,385,2.11752367,0.3894996345,1
399,417,1.996020794,-0.6711707115,1
399,449,2.740459204,-1.17757988,1
399,481,4.456745625,-1.805437922,1
399,513,2.702549696,-2.644473076,1
399,545,0.6664962769,-1.35779953,1
399,577,-0.02453708649,0.2731711268,1
399,609,-3.369408607,3.917863369,1
399,641,-1.240081072,2.82363224,1
399,673,-0.7146016359,2.294595242,1
399,705,-8.845044136,11.55545044,1
399,737,-16.32066917,4.604539871,1
399,769,-0.126728937,0.3576667309,1
399,801,-0.0808031559,-0.05519008636,1
399,833,0.4058321118,-1.403673053,1
399,865,0.5727710128,0.9510324001,1
399,897,0.3024173975,1.787279129,1
399,929,10.6901865,0.4340114594,1
399,961,0.01015672088,0.2520633638,1
399,993,0.3241705894,0.3371250629,1
399,1025,0.9398570657,1.045397878,1
399,1057,1.181915045,-0.07104709744,1
399,1089,1.16389513,-0.3117350936,1
399,1121,0.8332759738,0.06827839464,1
399,1153,1.277033448,-1.195176363,1
399,1185,2.677397013,-1.679996252,1
399,1217,4.258980751,-1.250386953,1
399,1249,3.578907728,-0.4024612904,1
399,1281,1.625552058,-0.0512111485,1
399,1313,1.879735827,-0.2175858617,1
399,1345,4.628944397,0.0942119807,1
399,1377,3.334126472,0.4085326493,1
399,1409,1.317322612,0.5691138506,1
399,1441,0.9883105755,0.874609828,1
399,1473,1.405234814,1.178256512,1
399,1505,1.139080524,0.693000555,1
399,1537,1.256470203,0.508459568,1
399,1569,1.238821149,3.078396559,1
399,1601,1.202328682,-0.3563191295,1
399,1633,1.561961889,-0.6735289097,1
399,1665,2.266257286,-0.2888139188,1
399,1697,0.9138288498,0.5043591857,1
399,1729,0.4062882066,0.5311067104,1
399,1761,0.4451400638,0.09935578704,1
399,1793,-0.2839132547,0.2191559076,1
399,1825,0.8743848801,-0.5779904127,1
399,1857,0.8961470723,-1.437002182,1
399,1889,0.5503278375,-0.9623126984,1
399,1921,0.9760053158,-0.6627967954,1
399,1953,-0.3868871331,0.4594640732,1
399,1985,-0.6950231791,0.707369566,1
399,2017,-0.6956986189,-0.5111888647,1
431,33,-0.1659445465,0.1056322157,1
431,65,0.9057760239,-0.3340832591,1
431,97,1.267153502,-0.2940444052,1
431,129,1.136727691,-0.1897876561,1
431,161,0.02514456958,-0.07995785773,1
431,193,-0.6998519897,-0.0579020828,1
431,225,-0.585898757,-0.223524034,1
431,257,-0.2540231645,0.1606749296,1
431,289,0.2823385894,1.155486584,1
431,321,0.3012764752,2.00728941,1
431,353,0.5265516043,1.231375456,1
431,385,1.98068881,0.6615425348,1
431,417,2.061099529,-0.05007810891,1
431,449,3.161010504,-1.11003089,1
431,481,5.223988533,-0.9746213555,1
431,513,1.776662827,-2.715964317,1
431,545,0.9202193022,-1.255605221,1
431,577,-0.18144539,0.51061064,1
431,609,-0.2047257423,0.8716596365,1
431,641,-12.10317039,0.5502960682,1
431,673,-6.178144455,1.981176972,1
431,705,0.4072244167,-16.61654663,1
431,737,-0.4775428772,-0.2418181896,1
431,769,0.3916197717,0.7139869928,1
431,801,17.90333748,0.288541615,1
431,833,-0.3804422021,-1.532216549,1
431,865,-0.2278816104,0.1697608232,1
431,897,-1.197271228,0.5497961044,1
431,929,-0.6710369587,-0.03019744158,1
431,961,0.1428951025,-1.240213037,1
431,993,0.1722340584,-0.4392553568,1
431,1025,0.5675325394,0.5381646156,1
431,1057,0.8141305447,0.005042642355,1
431,1089,0.4045908451,0.2807341218,1
431,1121,-0.3189580441,0.6141616106,1
431,1153,0.8843437433,0.6986923218,1
431,1185,1.49593842,-0.4070366025,1
431,1217,1.695071101,-0.758486867,1
431,1249,1.968100548,0.1779553294,1
431,1281,2.030060053,0.3446260691,1
431,1313,2.973131657,-0.1437750012,1
431,1345,3.840725422,0.04646211863,1
431,1377,3.070063591,0.4588092566,1
431,1409,1.93928206,0.3814463615,1
431,1441,1.340192676,-0.6237846613,1
431,1473,2.05034256,0.1644068062,1
431,1505,1.563626528,1.364976525,1
431,1537,1.42595768,1.115493774,1
431,1569,1.560707569,4.851498604,1
431,1601,1.662184358,0.2945817113,1
431,1633,1.524138689,-0.1567391157,1
431,1665,1.914688706,0.02104353532,1
431,1697,1.8992486,0.01974995062,1
431,1729,0.8220694661,-0.1959242076,1
431,1761,0.9034634233,1.010678887,1
431,1793,0.4190340042,0.2919983268,1
431,1825,0.6488111019,-0.9784181714,1
431,1857,0.6564284563,-1.70810163,1
431,1889,0.4479731917,-1.141242027,1
431,1921,0.4625915885,-0.7044055462,1
431,1953,-0.3933687806,-0.2827777863,1
431,1985,-1.108362556,0.1951819956,1
431,2017,-1.468383193,-0.908031106,1
463,33,0.3118915856,0.02041292191,1
463,65,1.33491838,-0.08091982454,1
463,97,0.8797684908,-0.3640500307,1
463,129,0.6100074053,-0.2672514915,1
463,161,0.2756571472,-0.1130485237,1
463,193,-0.1655007005,-0.1826218963,1
463,225,0.5249413848,-0.8174045682,1
463,257,0.3735546768,0.07416194677,1
463,289,-0.08141095936,1.287542343,1
463,321,-0.3222418427,1.614799619,1
463,353,-0.03379642963,0.8988769054,1
463,385,1.324656725,1.144335508,1
463,417,1.589655995,0.01610273868,1
463,449,0.7819157839,-0.6045386791,1
463,481,0.3580654263,-0.9421050549,1
463,513,0.3684670329,-1.138184547,1
463,545,1.189580917,-0.8539218903,1
463,577,0.7247556448,0.08276345581,1
463,609,-0.04798689485,0.4412962198,1
463,641,-0.357891798,1.497151852,1
463,673,-0.90497756,1.642988801,1
463,705,-1.522008657,0.7177579403,1
463,737,-1.057580113,1.035193682,1
463,769,1.131031752,0.9348248839,1
463,801,0.4655461609,-0.9522744417,1
463,833,0.287340194,-1.868178844,1
463,865,0.221757412,-0.2321020514,1
463,897,0.2064168155,0.4376994371,1
463,929,0.3155354857,0.04879570007,1
463,961,0.4030454457,-0.1993544102,1
463,993,0.4213299751,-0.9019172788,1
463,1025,-0.6049215198,-0.8457274437,1
463,1057,0.1057811379,-0.0301464051,1
463,1089,0.0556434989,0.8512394428,1
463,1121,-0.4584191442,1.016264677,1
463,1153,-0.3186463714,0.4719453454,1
463,1185,0.9076783657,0.1217260063,1
463,1217,1.508469939,0.3783783317,1
463,1249,3.22290206,0.8475241661,1
463,1281,2.328722477,1.866279602,1
463,1313,2.588864088,0.2534411252,1
463,1345,2.024317265,-0.7480299473,1
463,1377,1.067509651,0.1110986918,1
463,1409,0.7647604942,-0.03960955143,1
463,1441,-0.9470853806,-2.397404671,1
463,1473,0.5941956043,-1.143681049,1
463,1505,1.20557642,0.6666185856,1
463,1537,1.754591465,0.6453899145,1
463,1569,2.332336426,1.138673902,1
463,1601,2.376818657,1.624107838,1
463,1633,2.030925035,0.3152349591,1
463,1665,1.613356352,0.1502225399,1
463,1697,1.046914816,-0.09043854475,1
463,1729,0.4243514538,-0.5249131918,1
463,1761,0.9904705882,-0.4464817047,1
463,1793,1.628944516,-0.7195339799,1
463,1825,0.7029724121,-1.090507388,1
463,1857,0.5352904797,-1.52524519,1
463,1889,0.2945433855,-1.004995108,1
463,1921,-0.6590411663,-0.6434882879,1
463,1953,-2.979795694,-1.242794275,1
463,1985,-2.210448027,-0.3559480906,1
463,2017,-1.625961304,-0.7260215878,1
495,33,-0.01981639862,0.1390931904,1
495,65,0.4377731681,-0.05520566925,1
495,97,0.7103149891,-0.01179344952,1
495,129,0.4083387852,-0.1979671121,1
495,161,0.5147536397,-0.3523286581,1
495,193,0.5171760321,-0.508257091,1
495,225,0.7075734138,-0.809232831,1
495,257,0.5042959452,-0.2520300746,1
495,289,-0.2708153129,0.8745493889,1
495,321,-0.8676550984,1.197912335,1
495,353,-0.7486099005,2.250330448,1
495,385,-0.6709521413,1.133518696,1
495,417,-0.2977695763,-0.02452501655,1
495,449,-0.5890379548,-0.5282319784,1
495,481,-0.5166144371,-1.317988873,1
495,513,0.007004380226,-1.066392422,1
495,545,0.4102068841,-0.3729615211,1
495,577,0.9082907438,0.2266153097,1
495,609,0.5348095894,0.4478945732,1
495,641,-0.1824657917,1.058216214,1
495,673,-1.385071516,0.6900068521,1
495,705,-1.701583028,0.4118061662,1
495,737,-1.592301369,0.4359628856,1
495,769,-0.5996465683,0.3722328544,1
495,801,0.386592716,-0.2327644378,1
495,833,0.7144469619,-1.519242525,1
495,865,0.04741087556,0.008240491152,1
495,897,0.3819772601,0.5755432248,1
495,929,0.8244743943,0.3190347552,1
495,961,1.473930836,-0.05510682613,1
495,993,3.15263319,-3.963338852,1
495,1025,0.6365023851,-1.897521973,1
495,1057,0.2556811571,0.08695827425,1
495,1089,0.3762088418,1.441384792,1
495,1121,-0.3009452224,1.630942345,1
495,1153,-0.3799165189,0.8769589663,1
495,1185,0.827332437,0.4302471876,1
495,1217,1.357536912,0.6278171539,1
495,1249,1.699412584,1.217391968,1
495,1281,1.440162659,2.013762951,1
495,1313,1.422143221,0.6829274893,1
495,1345,1.042770267,-0.4809132814,1
495,1377,0.5366261005,-0.08154660463,1
495,1409,0.5832197666,0.03315219283,1
495,1441,1.03188324,-0.06412722915,1
495,1473,1.244272709,0.06276108325,1
495,1505,1.221987724,0.4020964503,1
495,1537,1.597859144,0.472003907,1
495,1569,2.12118721,1.689244986,1
495,1601,1.982865572,1.054564238,1
495,1633,2.579772711,0.1380864978,1
495,1665,1.508717299,0.378401041,1
495,1697,0.5714539886,0.8341517448,1
495,1729,0.3123927116,0.9433618784,1
495,1761,0.2367280722,0.2278673053,1
495,1793,1.348853946,-1.108308673,1
495,1825,1.464070082,-1.495659113,1
495,1857,0.4510310888,-0.7804788947,1
495,1889,0.1969226897,-0.6289875507,1
495,1921,-18.53731728,4.077244759,1
495,1953,-12.12470531,-15.56576061,1
495,1985,-12.50513935,-11.32085896,1
495,2017,-0.9310321212,-0.29748559,1
527,33,-0.7646756172,0.2901890278,1
527,65,-1.409659863,-0.007597548887,1
527,97,-0.8310267329,0.4283597767,1
527,129,-0.473285675,-0.3196855783,1
527,161,0.6457923651,-0.7918900251,1
527,193,0.5399689078,-1.191648364,1
527,225,0.4260866642,-0.5248197317,1
527,257,0.2087481916,0.01537957788,1
527,289,-0.3320647478,0.3921871185,1
527,321,-0.8084247112,1.520949244,1
527,353,-1.15532136,2.06364727,1
527,385,-0.9911465645,1.002970338,1
527,417,-0.8060030341,0.2219028175,1
527,449,-0.6984701753,-0.3398032188,1
527,481,-0.4973486066,-0.6945092678,1
527,513,-0.07600706816,-0.1379374266,1
527,545,0.667431891,0.1745512784,1
527,577,1.331307769,0.2832879424,1
527,609,0.5079301,0.3538708687,1
527,641,-0.9498865604,0.3524525166,1
527,673,-1.716412187,-0.08712363243,1
527,705,-1.795028448,-0.04404866695,1
527,737,-1.177363276,0.04735963047,1
527,769,-0.4947316647,0.1681731939,1
527,801,0.2090334594,0.1808894873,1
527,833,0.9656870365,0.4895610809,1
527,865,0.5469917059,0.7221208215,1
527,897,0.7046151161,0.8627071381,1
527,929,1.261922121,0.7052429914,1
527,961,1.860785484,0.03283119202,1
527,993,3.406322956,-4.177308083,1
527,1025,3.626823664,-3.215886831,1
527,1057,2.764873266,-0.4805220962,1
527,1089,1.378585219,0.9063870907,1
527,1121,0.05872419477,2.33032012,1
527,1153,0.639816761,1.248405576,1
527,1185,1.10616374,0.6680771112,1
527,1217,0.8266974688,0.4218021035,1
527,1249,0.6051940918,0.4592915773,1
527,1281,-1.106377006,1.091461658,1
527,1313,0.104069829,0.8138513565,1
527,1345,0.8351811767,0.5590633154,1
527,1377,0.6849037409,0.7342162728,1
527,1409,0.6867746115,0.5420444608,1
527,1441,1.253911138,0.2573724687,1
527,1473,1.355356216,0.05876263231,1
527,1505,1.071493983,0.02524290979,1
527,1537,1.234282494,0.09555226564,1
527,1569,1.603421926,0.9428479671,1
527,1601,-7.657175541,-16.93153954,1
527,1633,2.337283134,1.21559906,1
527,1665,2.4122715,0.6354160309,1
527,1697,1.106193542,1.095297575,1
527,1729,0.0680487752,1.619713664,1
527,1761,-0.3055325747,0.8894205093,1
527,1793,-0.6044664383,-1.334292173,1
527,1825,0.08546328545,0.007248520851,1
527,1857,0.8864471912,0.4238373041,1
527,1889,-0.2157547474,0.5323499441,1
527,1921,-0.7606696486,0.5152838826,1
527,1953,-0.4272364378,-0.06765905023,1
527,1985,-0.1703416705,-0.3933452666,1
527,2017,0.01365077496,-0.05670541525,1
559,33,-1.024349809,0.3394026756,1
559,65,-0.5905249119,-0.03182435036,1
559,97,-0.2541646063,0.2607839704,1
559,129,0.3764089346,-0.188374877,1
559,161,0.5806487799,-0.5326985121,1
559,193,0.2385064065,-1.153207302,1
559,225,-0.09243053198,-0.6554523706,1
559,257,-0.02181722969,0.02169187367,1
559,289,0.1130500287,0.4511917233,1
559,321,-0.09031496197,1.327104211,1
559,353,-0.436121285,1.202792883,1
559,385,-0.6053933501,0.9173386693,1
559,417,-0.2894931436,0.4786183834,1
559,449,0.196541369,0.07661524415,1
559,481,1.050244808,-0.2435506582,1
559,513,1.59354651,0.01409223676,1
559,545,1.070935607,0.3496583402,1
559,577,0.5698816776,0.172709465,1
559,609,0.4360938668,0.3220999539,1
559,641,-1.102767706,0.2863182425,1
559,673,-1.561943293,-0.1107037961,1
559,705,-1.117035151,-0.2580381036,1
559,737,-0.4735874534,-0.1479010284,1
559,769,-0.1961868107,0.2318655849,1
559,801,0.08586344123,1.539753079,1
559,833,0.5294629335,1.041821241,1
559,865,0.498262316,0.9218994379,1
559,897,0.6727635264,1.011830091,1
559,929,1.342791677,0.626565814,1
559,961,2.83334589,0.02071176469,1
559,993,3.040715694,-0.8062148094,1
559,1025,1.924321413,-0.6738015413,1
559,1057,1.446340203,-0.7800889015,1
559,1089,0.4967665076,0.09998503327,1
559,1121,-0.1172700226,1.426766753,1
559,1153,1.559808731,1.040336847,1
559,1185,0.626572907,0.6869494319,1
559,1217,0.1226193309,0.4025402069,1
559,1249,-1.394074678,0.5964339375,1
559,1281,-0.4318378866,0.3432021737,1
559,1313,-0.2593171,0.6157223582,1
559,1345,-0.1571716666,2.825756073,1
559,1377,-0.2706015408,2.699578762,1
559,1409,-0.2208339274,1.002600193,1
559,1441,0.5591118336,0.5190998316,1
559,1473,0.7992175817,0.1022505909,1
559,1505,0.8680542707,-0.1049241424,1
559,1537,0.7820987105,-1.26398778,1
559,1569,-6.721413612,-18.02850342,1
559,1601,0.613589108,0.9676836133,1
559,1633,0.9070282578,1.039693594,1
559,1665,1.742554665,0.5493889451,1
559,1697,0.8527085781,0.8953924775,1
559,1729,0.3950307369,1.04523015,1
559,1761,0.06054711342,1.085451841,1
559,1793,0.09549304843,-0.4728138447,1
559,1825,0.2214904428,0.1581579745,1
559,1857,0.2672885954,0.9674167633,1
559,1889,-0.3579927683,1.28200078,1
559,1921,-1.420325518,0.7471023202,1
559,1953,-1.480041862,0.8969253898,1
559,1985,0.2369756252,0.06791312248,1
559,2017,2.039344788,-0.2544209361,1
591,33,0.03871631622,0.387124002,1
591,65,0.3447996378,-0.268835783,1
591,97,0.3427294791,0.1421629786,1
591,129,0.6338095665,-0.1772876233,1
591,161,0.6615411639,-0.1860411167,1
591,193,0.1035411954,-0.7995017171,1
591,225,-0.3505727649,-0.6588263512,1
591,257,-0.2080766708,-0.31264323,1
591,289,0.5170747638,-0.104619801,1
591,321,0.4568585157,0.2839950323,1
591,353,-0.1262454987,0.5506409407,1
591,385,-0.6576106548,0.7449007034,1
591,417,-0.3678203225,0.2204746902,1
591,449,0.1320654154,-0.1819841862,1
591,481,0.3730393946,-0.3681127131,1
591,513,0.1268100441,-0.4976095259,1
591,545,-0.07426808774,-0.3922140002,1
591,577,-0.01488769054,0.02991765738,1
591,609,-1.32937336,0.4599620998,1
591,641,-3.997636318,1.560985208,1
591,673,-2.128643036,0.7453168631,1
591,705,-0.6109241843,0.6166710854,1
591,737,0.08660709858,0.4834765196,1
591,769,0.2084559798,1.317322254,1
591,801,-0.1691291034,1.41219449,1
591,833,-1.267557025,1.597849131,1
591,865,-0.9367174506,1.244574308,1
591,897,0.3403857946,1.030448318,1
591,929,0.8019089699,0.5620975494,1
591,961,1.336344719,-0.07727272809,1
591,993,1.799363971,-0.05577263236,1
591,1025,1.378896832,-0.1155439615,1
591,1057,0.7398098707,-0.5574519038,1
591,1089,-0.5813341141,-0.8693246245,1
591,1121,-0.5438145995,0.1136783361,1
591,1153,0.1399462521,1.013203859,1
591,1185,0.09475502372,0.2949244976,1
591,1217,-0.2097145021,0.5382457972,1
591,1249,-0.647072196,0.7075973153,1
591,1281,-0.7166825533,0.4406144619,1
591,1313,-0.4644246995,0.7788639665,1
591,1345,-0.716661334,2.465156555,1
591,1377,-1.297974944,2.839622974,1
591,1409,-1.016092539,1.911491394,1
591,1441,0.121021986,0.3987200856,1
591,1473,0.5250694752,0.02727088332,1
591,1505,0.4824302197,0.3390417099,1
591,1537,-0.1369982958,0.6939947605,1
591,1569,-0.3694778681,0.769295752,1
591,1601,-0.5332707763,0.6619414687,1
591,1633,-0.01051455736,0.8659265041,1
591,1665,0.3861344457,0.6916404366,1
591,1697,0.640933454,0.9872851372,1
591,1729,0.7286995649,0.8470854759,1
591,1761,0.2468609959,0.3167444468,1
591,1793,-0.1314252764,0.01152822375,1
591,1825,-0.4257677197,-0.008715689182,1
591,1857,-0.2891175151,1.071019173,1
591,1889,-0.3255504966,1.176251292,1
591,1921,-0.7968971133,1.200647354,1
591,1953,-1.352692962,2.223700762,1
591,1985,0.5360962152,0.2604335248,1
591,2017,2.046804905,-0.7207409143,1
623,33,0.1293683648,0.09150356054,1
623,65,0.8276091814,-0.5268502831,1
623,97,0.5496320724,-0.7267088294,1
623,129,0.4590480328,-0.1895682216,1
623,161,0.6149148941,0.4037088156,1
623,193,0.4451258481,-0.3239800632,1
623,225,0.05607780814,-0.888289392,1
623,257,0.2127885371,-0.8165492415,1
623,289,0.3336094916,-0.9971936345,1
623,321,1.143290162,-0.1414638013,1
623,353,0.08227080107,0.297591269,1
623,385,-0.6005416512,0.4880068898,1
623,417,-0.4383130074,-0.02631576359,1
623,449,-0.8370589018,0.4148133993,1
623,481,-1.285106421,0.4864546955,1
623,513,-1.277104616,-0.0861941874,1
623,545,-1.521397352,-0.02187202871,1
623,577,-0.8811357021,-0.4393771291,1
623,609,-0.6883957386,0.2362989634,1
623,641,-1.114638329,0.4181595147,1
623,673,-1.695136428,0.3998405933,1
623,705,-0.4121137261,1.201861501,1
623,737,0.6179358959,1.384933949,1
623,769,1.987823009,1.293354511,1
623,801,1.172453642,0.9938489199,1
623,833,-0.6103122234,1.479480267,1
623,865,-0.7485576272,2.725816727,1
623,897,1.080679178,2.264154911,1
623,929,-2.152493,0.2654998899,1
623,961,-12.27792168,8.371731758,1
623,993,0.4991959333,0.648672998,1
623,1025,0.8347967863,0.1614923179,1
623,1057,0.5445685983,-0.9891479015,1
623,1089,0.07784236968,-0.5767533779,1
623,1121,-0.202329725,-0.2809129357,1
623,1153,-0.5801326036,0.9520683885,1
623,1185,-0.2213703841,0.4795295596,1
623,1217,0.1497825086,0.4328873754,1
623,1249,-0.6730724573,0.5038414001,1
623,1281,-1.074878216,0.9553088546,1
623,1313,-0.4476040602,0.8738009334,1
623,1345,-0.2721161842,0.8188471794,1
623,1377,-0.9732097387,2.092811108,1
623,1409,-0.9680814743,1.56020999,1
623,1441,-0.2239842266,-0.1130110025,1
623,1473,0.3063376844,0.003391638398,1
623,1505,0.5325046778,0.1798239946,1
623,1537,0.515809536,1.008051634,1
623,1569,-0.1741078198,0.9128541946,1
623,1601,-0.4455093741,0.3824878931,1
623,1633,-0.01231077313,1.19566071,1
623,1665,-0.3988372087,0.7406482697,1
623,1697,0.1733059883,1.097692013,1
623,1729,0.5187832117,1.061328173,1
623,1761,0.1986683607,1.019586325,1
623,1793,0.01881045103,0.375192076,1
623,1825,-0.8741053343,-1.108866215,1
623,1857,-1.628775001,-0.06678539515,1
623,1889,-0.5669655204,0.2455931902,1
623,1921,0.05874121189,0.8047224283,1
623,1953,0.1601886451,0.9376498461,1
623,1985,0.4134986997,0.2289266884,1
623,2017,0.9014821053,-0.8511230946,1
655,33,0.02409678698,0.05984282494,1
655,65,0.0567907691,-0.3245586157,1
655,97,19.92430496,-0.9270604849,1
655,129,2.705572605,0.2252936363,1
655,161,1.406051517,0.4327917099,1
655,193,0.9212421775,-0.4855023623,1
655,225,0.03946816921,-0.8114848733,1
655,257,-0.1563186795,-1.44827354,1
655,289,1.294240355,-2.752726316,1
655,321,1.878080606,-1.243366718,1
655,353,0.1642621756,-0.1876597553,1
655,385,-0.3554574847,0.2808973789,1
655,417,-0.7156581283,0.1345379949,1
655,449,-1.314528823,0.7981417179,1
655,481,-1.240364909,0.8449389935,1
655,513,-0.4386157393,0.2642641068,1
655,545,-0.7051680684,0.5944627523,1
655,577,-0.7047067285,-0.1587884277,1
655,609,-0.008441567421,0.09723618627,1
655,641,0.1048589349,0.1510953903,1
655,673,-0.2851241827,0.3771656752,1
655,705,-0.3157510757,0.6178059578,1
655,737,0.694778204,0.94518888,1
655,769,1.201473594,1.015552878,1
655,801,1.109193683,0.8305827379,1
655,833,-0.3846797347,1.212500811,1
655,865,-0.07065528631,1.851471186,1
655,897,0.8285483122,1.681547403,1
655,929,-2.856407642,0.5011937618,1
655,961,-2.99832058,-0.552728653,1
655,993,12.04504395,-1.473754287,1
655,1025,0.331608057,0.2430446148,1
655,1057,0.1765318513,0.02467274666,1
655,1089,0.2910035551,0.09172265232,1
655,1121,0.317974031,0.3476487696,1
655,1153,0.314040035,0.5758143067,1
655,1185,0.3250855803,0.4898685813,1
655,1217,-0.0470893681,0.6354650855,1
655,1249,-1.854884624,0.9969008565,1
655,1281,-1.864660859,1.111433625,1
655,1313,-0.3765971661,0.6939136982,1
655,1345,0.09970611334,-0.0700288415,1
655,1377,0.5683077574,0.5514491796,1
655,1409,0.0368347764,0.4176800251,1
655,1441,0.2235654593,0.3531979024,1
655,1473,1.183544278,1.419241428,1
655,1505,1.023093462,0.3539915979,1
655,1537,0.7808765173,0.9199494123,1
655,1569,0.5274316072,0.8575661182,1
655,1601,0.8034766912,-0.2897090316,1
655,1633,0.9028215408,-0.4426848292,1
655,1665,-0.5750219822,0.428008914,1
655,1697,-0.345734179,0.9247113466,1
655,1729,0.1390945017,1.785339832,1
655,1761,-0.0576557368,2.231640339,1
655,1793,0.04417586327,1.021428585,1
655,1825,-0.3859087229,-0.4101097584,1
655,1857,-0.958250761,-0.4324620962,1
655,1889,-0.2723944485,-0.06695061922,1
655,1921,0.07684653997,-0.168915987,1
655,1953,0.4792729318,0.08724483848,1
655,1985,1.065419555,-0.02346359193,1
655,2017,1.167542458,-0.6338390112,1
687,33,0.1194287911,0.2880491614,1
687,65,-0.4539712369,-0.4042637944,1
687,97,0.1937305033,-0.6059200764,1
687,129,0.8478019238,-0.6308634281,1
687,161,0.5157971382,-0.350056231,1
687,193,0.607545197,-0.3519288898,1
687,225,0.2703006268,-0.8575716019,1
687,257,0.1809290648,-1.477100611,1
687,289,1.375117302,-2.086495876,1
687,321,1.227421999,-1.211824417,1
687,353,0.8592050076,-0.1527971625,1
687,385,0.8090932369,0.5555372238,1
687,417,-0.03125368431,-0.07641337067,1
687,449,-0.6157672405,-0.07880705595,1
687,481,-0.1258645356,-0.309671402,1
687,513,0.4077694118,-0.5308226347,1
687,545,-0.1237210631,0.6158892512,1
687,577,-0.3863099515,0.3203006089,1
687,609,0.2333983332,0.1044068262,1
687,641,0.4998714328,0.4626778364,1
687,673,0.397474885,0.7270601988,1
687,705,-0.1102570146,0.1111286879,1
687,737,0.1728214324,0.6264221668,1
687,769,0.08351445198,0.5458188653,1
687,801,-0.8486500978,-0.1314364672,1
687,833,-1.480489969,0.7954573631,1
687,865,-1.203890681,2.183766842,1
687,897,-0.7910138369,2.35859251,1
687,929,0.1908221841,6.929987431,1
687,961,-1.048281908,5.659061909,1
687,993,0.4386234283,0.4844425321,1
687,1025,0.2674618363,0.5531113744,1
687,1057,0.08462393284,0.8241779804,1
687,1089,0.6799564958,0.7101208568,1
687,1121,0.8793486357,0.4310408235,1
687,1153,0.6904068589,-0.2776865959,1
687,1185,0.1055111215,-0.05757683516,1
687,1217,-0.9725706577,0.5227533579,1
687,1249,-0.6265901923,1.175662279,1
687,1281,-0.5426473618,1.665696263,1
687,1313,-0.5744407177,0.9352791309,1
687,1345,-0.5585237741,0.7843904495,1
687,1377,-0.3152349293,1.057154775,1
687,1409,-0.03155655414,0.860163331,1
687,1441,1.341706991,0.468855679,1
687,1473,0.9864070415,-0.1533718556,1
687,1505,0.9229023457,-0.612421751,1
687,1537,0.6887614727,0.4423470497,1
687,1569,0.8852897286,1.005664825,1
687,1601,1.019235015,-0.137362957,1
687,1633,1.123318195,-0.1087802649,1
687,1665,0.100618422,0.636210084,1
687,1697,-0.26086092,1.262568474,1
687,1729,0.008862942457,6.425078392,1
687,1761,-1.432269573,5.531639099,1
687,1793,-0.3363971114,1.920054436,1
687,1825,-0.2610201538,0.1057652831,1
687,1857,-0.1582161188,-0.3424108028,1
687,1889,-0.06711034477,-0.7337557673,1
687,1921,0.3330036998,-0.4878009558,1
687,1953,0.2882434726,-0.09244868904,1
687,1985,0.007838249207,-0.1843515784,1
687,2017,0.3994921744,-0.8455547094,1
719,33,0.1877754033,0.5413534045,1
719,65,-0.1919741929,0.6536192894,1
719,97,-0.1979410946,-0.4405532181,1
719,129,-0.691650033,-1.40649128,1
719,161,-0.7163315415,-1.00122416,1
719,193,-0.1648863852,-0.2929682136,1
719,225,0.005465656519,-0.7662694454,1
719,257,0.4081127644,-1.062372565,1
719,289,1.443255424,-1.94809556,1
719,321,1.560624599,-2.044760227,1
719,353,2.336472988,-0.2639773488,1
719,385,3.442706585,1.571945071,1
719,417,0.07710409164,0.1340247244,1
719,449,2.023884296,-0.7744553089,1
719,481,2.418204784,-1.049971819,1
719,513,3.247184992,-1.710133314,1
719,545,6.8828969,-9.392372131,1
719,577,0.438875705,-0.01455801725,1
719,609,0.3591256142,-0.2478773445,1
719,641,0.1242704391,0.3513875604,1
719,673,0.1314881742,0.6879653931,1
719,705,0.9252668023,-0.4213674068,1
719,737,0.6684997082,-0.4055761099,1
719,769,0.2173129022,-0.1863573194,1
719,801,-1.990520716,0.04020768404,1
719,833,-2.695052624,1.261797428,1
719,865,-1.800539494,2.76584816,1
719,897,-0.8719622493,2.819084167,1
719,929,-0.3817451,5.292060852,1
719,961,-1.32951951,5.099571228,1
719,993,3.140430689,1.595040083,1
719,1025,1.703660846,1.62149024,1
719,1057,0.443654716,0.6705093384,1
719,1089,0.7278690934,0.7623364925,1
719,1121,0.9979937077,0.1800073087,1
719,1153,0.6738655567,-0.9992699623,1
719,1185,-0.529561758,-0.7019715905,1
719,1217,-1.472754121,0.4069043398,1
719,1249,-0.7953653932,1.421779633,1
719,1281,-0.3720239997,1.860317826,1
719,1313,-0.6306477785,0.8005051017,1
719,1345,-0.172032088,0.9024848342,1
719,1377,0.01603543758,0.8677922487,1
719,1409,0.2681801319,0.5411981344,1
719,1441,0.908988893,0.2381280661,1
719,1473,0.8856593966,-0.5187621713,1
719,1505,0.6887754202,-0.48640576,1
719,1537,0.5024248958,0.2929126024,1
719,1569,19.26748848,5.97203064,1
719,1601,0.4624799192,0.1786628366,1
719,1633,0.114354074,0.360000819,1
719,1665,-0.1450383067,0.8288789988,1
719,1697,-0.3756619394,1.235606551,1
719,1729,-0.2587023377,6.196703434,1
719,1761,-0.2904654145,6.910803795,1
719,1793,-0.7966187,0.2023231387,1
719,1825,-0.6334234476,-1.001627207,1
719,1857,-0.4233231544,-1.575536966,1
719,1889,0.2887621522,-1.441905975,1
719,1921,0.5976743102,-1.600814581,1
719,1953,0.4470595717,-4.147240639,1
719,1985,0.5531775951,-3.502002478,1
719,2017,0.7925625443,-1.522212029,1
751,33,0.1286629438,0.7014176846,1
751,65,-0.3547781408,1.852233052,1
751,97,-0.5375784636,0.1243981719,1
751,129,-1.24514854,-1.013388276,1
751,161,-1.823006392,-0.6232160926,1
751,193,-1.23429966,-0.03127390146,1
751,225,0.9497992992,0.3185620308,1
751,257,0.5526183844,-0.1603537798,1
751,289,1.266237497,-1.733543634,1
751,321,1.135200024,-2.274312973,1
751,353,1.298414707,-0.6550163627,1
751,385,5.168649197,-0.3277715743,1
751,417,5.473415375,-0.05183693767,1
751,449,3.578459501,-2.08576417,1
751,481,2.891654015,-2.202368259,1
751,513,2.827973366,-17.8186264,1
751,545,2.152962923,-2.043546677,1
751,577,0.7979040146,-1.279765129,1
751,609,0.1658009291,-0.9712311625,1
751,641,-0.5017763376,-0.04013395309,1
751,673,-0.05798771977,0.8047392368,1
751,705,1.002197981,0.2680937946,1
751,737,1.309550405,-0.620028913,1
751,769,-0.4530255198,-0.4158036113,1
751,801,-2.564861298,0.4542176723,1
751,833,-3.281470776,0.8443336487,1
751,865,-0.9134949446,2.227829933,1
751,897,-0.3022541404,2.916531563,1
751,929,1.062638044,3.251046896,1
751,961,2.302461863,2.668663263,1
751,993,1.312081814,0.7153752446,1
751,1025,1.271769047,1.004449844,1
751,1057,0.1528349519,0.7097921371,1
751,1089,0.3439598978,0.7079108953,1
751,1121,0.7387745976,-0.2622255385,1
751,1153,0.09929718077,-1.400562048,1
751,1185,-0.2612054944,-1.149371982,1
751,1217,-0.5299369693,0.326544106,1
751,1249,-0.3910869956,1.137036204,1
751,1281,-0.1817442477,1.088949323,1
751,1313,-0.04416687787,0.6145154834,1
751,1345,-0.05067741871,0.2880289555,1
751,1377,0.1365435421,0.4329333305,1
751,1409,0.3838327229,0.4205854833,1
751,1441,0.3631356955,0.2490730584,1
751,1473,0.4183201194,-0.1359165311,1
751,1505,0.4826580286,-0.06749019772,1
751,1537,0.3707724214,0.3842859268,1
751,1569,0.2689727545,-0.07281643152,1
751,1601,0.08932447433,-0.1495031714,1
751,1633,-0.556738019,0.08524689078,1
751,1665,-0.8875963688,0.7842946053,1
751,1697,-0.7414209247,0.9128000736,1
751,1729,0.4578467607,1.344314575,1
751,1761,0.2892614901,0.4149531126,1
751,1793,-0.3223156035,-1.302092671,1
751,1825,0.0627053231,-3.434350967,1
751,1857,0.2315930128,-2.34364748,1
751,1889,0.2717895806,-1.959826112,1
751,1921,0.6053727865,-2.386746407,1
751,1953,0.7025092244,-3.193949223,1
751,1985,0.9967556596,-2.397615433,1
751,2017,1.295139074,-1.57129097,1
783,33,-0.1698590219,0.8590503931,1
783,65,-2.003130436,1.569927812,1
783,97,-1.125560522,-0.05460238457,1
783,129,-0.8471001983,-0.3578854203,1
783,161,-1.238504171,0.1381293684,1
783,193,-0.8589794636,0.7061667442,1
783,225,1.741597414,12.88041401,1
783,257,0.6246604919,-0.8753927946,1
783,289,0.7784661651,-2.52696228,1
783,321,0.415833205,-0.2754200399,1
783,353,-0.04588025808,0.4956142604,1
783,385,0.08568485081,0.5280896425,1
783,417,2.816150665,-0.03854081035,1
783,449,1.832788706,-1.746184587,1
783,481,0.01321327686,-2.473703623,1
783,513,-1.167676449,0.1935676336,1
783,545,-0.894893527,-0.02769351006,1
783,577,-0.7913356423,-1.11645174,1
783,609,-0.9016547203,-0.2006442398,1
783,641,-1.088747859,0.3604706824,1
783,673,0.0688124001,0.8298108578,1
783,705,0.4279183149,0.6561580896,1
783,737,0.1657131612,0.007935941219,1
783,769,-0.8733658791,-0.5146644115,1
783,801,-1.389213443,0.1255277395,1
783,833,-0.7082850933,0.6244998574,1
783,865,-0.3970577717,0.856059432,1
783,897,-0.4459069371,2.762324333,1
783,929,-0.5618810654,3.558824539,1
783,961,-0.3598973751,2.20468998,1
783,993,-0.1907405555,1.255623698,1
783,1025,-0.03679704666,0.8242729902,1
783,1057,-0.2991821468,0.6748255491,1
783,1089,-0.0728033483,0.4871478677,1
783,1121,0.2266275883,-0.8552620411,1
783,1153,-0.8632552624,-1.550340772,1
783,1185,-0.3609074354,-0.9178616405,1
783,1217,-0.2494450212,0.4646800756,1
783,1249,-0.3066252172,1.353461981,1
783,1281,-0.06693175435,1.653916955,1
783,1313,0.1898810416,0.8547879457,1
783,1345,0.09124463797,0.2704262435,1
783,1377,0.182391867,0.5063632727,1
783,1409,0.1020375639,0.5770579576,1
783,1441,-0.009330376983,0.1086834073,1
783,1473,-0.4238402843,-0.282075882,1
783,1505,0.2792938352,-0.6492782831,1
783,1537,0.1182718873,-0.3232181668,1
783,1569,-0.1436881423,-0.1708954871,1
783,1601,-0.04884174466,-0.3423946202,1
783,1633,-0.27399683,-0.2575103045,1
783,1665,-0.2919430435,-0.01862749457,1
783,1697,-0.1730905771,0.6039579511,1
783,1729,0.4036403298,1.013414145,1
783,1761,0.8124581575,-0.07008296251,1
783,1793,0.6586320996,-2.917573929,1
783,1825,0.8665087223,-2.997027874,1
783,1857,1.276640058,-2.572116852,1
783,1889,-0.08033335209,-2.049546003,1
783,1921,0.2129278779,-2.097510338,1
783,1953,0.2358447611,-2.179362297,1
783,1985,0.7439132929,-0.3141177297,1
783,2017,0.9735748172,-0.825419426,1
815,33,0.3173086047,0.7877339721,1
815,65,-0.3728693724,0.6244276166,1
815,97,-0.6568701863,0.2879625559,1
815,129,-0.6639776826,0.6285113692,1
815,161,-11.89375114,1.520844102,1
815,193,-15.0667572,4.556214333,1
815,225,0.06468488276,-0.6205912828,1
815,257,0.7075658441,-1.327281713,1
815,289,1.231572032,-1.003437042,1
815,321,0.5210834742,0.1148114279,1
815,353,-0.221591115,0.7801783085,1
815,385,-0.02397861332,1.234763026,1
815,417,0.3411122859,0.6632596254,1
815,449,0.3399888873,-0.1104821637,1
815,481,0.104072392,-3.752026081,1
815,513,-6.27138567,-0.8584834337,1
815,545,-2.230630875,-0.1034849882,1
815,577,-1.903093338,-0.1856676787,1
815,609,-1.131724358,1.249077559,1
815,641,-0.5052232742,1.103457212,1
815,673,0.1463353038,0.7618608475,1
815,705,0.3909521401,0.8622536659,1
815,737,-0.01961150765,-0.4305859804,1
815,769,-0.4568330348,-1.493585467,1
815,801,-0.7032491565,-0.9216503501,1
815,833,0.3828032613,0.1517216563,1
815,865,-0.3251526356,0.1838264465,1
815,897,-1.633322239,2.016787052,1
815,929,-1.942071319,2.777902842,1
815,961,-0.6675157547,1.393731117,1
815,993,-0.0008946657181,0.5170865655,1
815,1025,0.08901958913,0.1449792683,1
815,1057,-0.02139415592,0.2072022557,1
815,1089,-1.72429049,-0.6033363342,1
815,1121,-1.938455224,-2.287816525,1
815,1153,-0.3715717494,-1.959417224,1
815,1185,0.2576577961,-0.6203099489,1
815,1217,-0.06689822674,1.284135938,1
815,1249,-0.2062568665,1.592209458,1
815,1281,-0.03287389874,1.700447917,1
815,1313,0.2730691731,0.9145054817,1
815,1345,0.4937351644,1.447179556,1
815,1377,0.5939229727,2.363863707,1
815,1409,-0.6130428314,0.8516441584,1
815,1441,-0.2637268305,-0.1505987048,1
815,1473,-0.4783060253,-0.619548142,1
815,1505,-0.5060684681,-0.5319730639,1
815,1537,-0.5800087452,-0.381713599,1
815,1569,-0.5073128939,-0.04349441826,1
815,1601,-0.2307327837,-0.5182080269,1
815,1633,0.8071870208,-0.8487017155,1
815,1665,0.8879206777,-0.3049411178,1
815,1697,-7.478597164,-10.70994568,1
815,1729,0.7800021172,0.3365885913,1
815,1761,2.555943966,-2.409811497,1
815,1793,0.7440226078,-1.028416038,1
815,1825,0.7929750681,-1.193961024,1
815,1857,0.7058108449,-1.522764802,1
815,1889,0.2485246658,-1.923160315,1
815,1921,-0.1120423824,-1.883179426,1
815,1953,-0.1062081605,-0.9928093553,1
815,1985,-0.04846955836,-0.3716698289,1
815,2017,0.2670126557,-0.1866829693,1
847,33,0.8246712685,0.2498807907,1
847,65,1.251044989,1.384482622,1
847,97,2.642451525,2.037861109,1
847,129,2.318706036,4.251671314,1
847,161,-0.2062988877,1.596551538,1
847,193,-0.1357200742,0.665971756,1
847,225,0.2268614173,0.2465069443,1
847,257,0.2936089933,-0.4511865973,1
847,289,0.3526903391,-0.3137302399,1
847,321,0.3699538708,0.4249216914,1
847,353,-0.1397928596,0.7112774253,1
847,385,-0.4927503765,0.8196549416,1
847,417,-1.10349381,0.8501413465,1
847,449,-0.8408672214,0.1070189551,1
847,481,-0.6198561788,-2.536836386,1
847,513,-1.445756912,-3.20020175,1
847,545,-2.253297806,-1.047873139,1
847,577,-1.9627496,-0.003997668624,1
847,609,-1.229134798,0.4795835912,1
847,641,-0.4440119267,0.2518071234,1
847,673,-0.05026626587,0.6257606745,1
847,705,0.05497944728,1.031314969,1
847,737,-0.1858308762,-0.3371821046,1
847,769,-0.2426000535,-2.113097668,1
847,801,-0.2958503366,-1.837649345,1
847,833,0.1185342073,0.134454757,1
847,865,-0.03029662371,0.8912302256,1
847,897,0.1343220174,0.8744892478,1
847,929,0.5977609158,1.006392002,1
847,961,0.1944931298,1.280581236,1
847,993,0.05458533764,0.2837184668,1
847,1025,0.1996352077,-0.05788978934,1
847,1057,0.08894635737,-0.02791848779,1
847,1089,-1.594221592,-0.7070515156,1
847,1121,-0.5132388473,-2.006150484,1
847,1153,0.7364852428,-1.398026943,1
847,1185,0.6833318472,-0.5770076513,1
847,1217,0.08584683388,0.9914578795,1
847,1249,-0.2607908845,1.576671362,1
847,1281,-0.1684913784,1.36764884,1
847,1313,-0.1180077046,-0.02369320393,1
847,1345,-0.1522111148,0.4738076627,1
847,1377,-0.1455722898,0.6918514967,1
847,1409,0.01278460771,0.9772288203,1
847,1441,0.6172261238,-0.06848059595,1
847,1473,0.09877731651,-0.4464868903,1
847,1505,-0.5945163965,-0.5044547319,1
847,1537,-0.7303926349,-0.4216684699,1
847,1569,-0.9250141382,-0.2122096121,1
847,1601,-0.3909760118,-0.4312521815,1
847,1633,0.5019747019,-0.361190021,1
847,1665,0.744184494,0.1455448568,1
847,1697,0.5083463192,0.6707123518,1
847,1729,0.6316307783,0.09321203828,1
847,1761,-14.21965694,-3.124898672,1
847,1793,0.5123163462,-0.6851636171,1
847,1825,0.7436717153,-0.9992516041,1
847,1857,0.8500801921,-1.270229101,1
847,1889,0.6228048801,-1.152452707,1
847,1921,-0.5710994601,-1.096084356,1
847,1953,-1.077747226,-0.9388220906,1
847,1985,-0.8547338247,-0.6689450145,1
847,2017,-0.4050913453,-0.1332719326,1
879,33,0.6028649211,-0.0454698801,1
879,65,0.2943730652,1.142895579,1
879,97,2.077861786,2.483366728,1
879,129,0.03472685814,2.582934856,1
879,161,-0.493812412,0.9196619391,1
879,193,-0.200976193,0.3912222981,1
879,225,0.4211528599,-0.1227551103,1
879,257,-0.05266278982,-0.5605573654,1
879,289,-0.253549248,-0.1650148183,1
879,321,-0.5895482302,0.1973130703,1
879,353,-0.465850234,0.9913465977,1
879,385,-0.6576327085,0.6001836061,1
879,417,-1.207243919,0.7202260494,1
879,449,-1.361216903,-0.2051633,1
879,481,-0.8983744383,-2.326998949,1
879,513,-0.8076364994,-3.328288555,1
879,545,-1.115284681,-1.291574001,1
879,577,-2.762301922,-0.02962175012,1
879,609,-2.174243927,-0.04207372665,1
879,641,-0.9628913999,0.3660609126,1
879,673,-0.1583995819,0.7105158567,1
879,705,-0.3420605063,1.410530806,1
879,737,-0.2182477117,0.3977919221,1
879,769,-0.1124895662,-0.2482559532,1
879,801,0.2335655391,-0.08210067451,1
879,833,0.5495877266,0.5767408013,1
879,865,0.4016311169,0.9717556238,1
879,897,1.106949806,0.1900525689,1
879,929,1.613257647,0.5027958155,1
879,961,1.090011358,0.8221768737,1
879,993,0.5486876965,0.2740621567,1
879,1025,0.5898252726,0.04035074264,1
879,1057,0.4769262969,-0.3346724212,1
879,1089,0.1926202327,-0.5315779448,1
879,1121,0.4826057255,-1.050640106,1
879,1153,0.9798690081,-1.119419575,1
879,1185,0.9869606495,-0.4697992802,1
879,1217,0.3181038797,-0.04448485374,1
879,1249,-0.1586782932,0.7953989506,1
879,1281,-0.1081374586,1.296035171,1
879,1313,0.4515932202,0.7891141772,1
879,1345,-0.2183708102,0.1800361574,1
879,1377,-0.2854694128,0.06628829241,1
879,1409,0.5612731576,0.4453862309,1
879,1441,0.669731617,-0.0804791227,1
879,1473,-0.08774989843,-0.1820125282,1
879,1505,-0.9812346101,-0.223153621,1
879,1537,-0.6939276457,-0.2953368425,1
879,1569,-0.6604629755,-0.4568611383,1
879,1601,-0.2638455033,-0.5270138383,1
879,1633,0.3682605326,-0.0797739476,1
879,1665,-10.67588902,14.90809727,1
879,1697,1.271304011,-0.02508364618,1
879,1729,0.7837485671,-0.1886331737,1
879,1761,9.548494339,17.55946541,1
879,1793,1.111737728,-0.6068310142,1
879,1825,0.8091430068,-0.8430323601,1
879,1857,0.5247543454,-0.9947630763,1
879,1889,0.1324281096,-1.074979901,1
879,1921,-0.7806530595,-0.8524539471,1
879,1953,-1.674921274,-1.666326404,1
879,1985,-0.7312865257,-1.336890101,1
879,2017,-0.1660556197,-0.2239696383,1
911,33,0.5544420481,0.0992410183,1
911,65,0.2055078149,0.4063743353,1
911,97,-0.5631695986,0.5926916599,1
911,129,-0.7896037102,0.6486353874,1
911,161,-0.8177768588,0.720554173,1
911,193,-0.7120351791,0.4776467383,1
911,225,-3.780615091,-2.680559397,1
911,257,-2.069963694,-1.421820641,1
911,289,-1.143144608,-0.4343637824,1
911,321,-1.266284347,-1.07805872,1
911,353,-1.788008094,-0.4540377855,1
911,385,-1.234241247,0.2966696918,1
911,417,-0.8658264875,0.5270309448,1
911,449,-1.045370221,-0.5847992301,1
911,481,-0.7969357967,-2.010318756,1
911,513,-0.7031001449,-1.475388169,1
911,545,-1.511671901,0.5029601455,1
911,577,-1.292815328,0.01273816824,1
911,609,-1.28652072,-0.3418432176,1
911,641,-1.062948465,0.3628262281,1
911,673,-0.6492487192,0.5566276312,1
911,705,-0.3300760388,1.418670177,1
911,737,-0.5314716101,0.8309623003,1
911,769,-0.5419749022,0.2481618524,1
911,801,-0.1571283787,-0.0195068717,1
911,833,-0.5655654073,0.2569544315,1
911,865,-0.5290990472,0.3195821047,1
911,897,-0.04123222828,0.5189887881,1
911,929,0.5023675561,0.3211854696,1
911,961,1.745397329,-0.005915701389,1
911,993,1.004491329,0.1577535868,1
911,1025,0.7608252168,-0.2388506085,1
911,1057,0.5983098745,-0.6068425179,1
911,1089,0.8115006089,-0.2586470246,1
911,1121,0.6762340069,-0.7683371305,1
911,1153,0.2308441699,-0.9350520968,1
911,1185,-0.1471395493,-0.3103515506,1
911,1217,-0.1622664928,-0.3805187345,1
911,1249,-0.1511914432,0.2829139829,1
911,1281,-0.1477441788,0.7831891775,1
911,1313,-0.04199633002,0.3847711086,1
911,1345,-0.1286531985,0.5997750759,1
911,1377,-0.1626641899,0.4423145056,1
911,1409,0.223114565,0.2699269652,1
911,1441,0.6033843756,0.1687038988,1
911,1473,0.2664225996,-0.04089099914,1
911,1505,-1.195269108,-0.1679547429,1
911,1537,-0.4990057349,-0.2302463502,1
911,1569,-0.2507080436,-0.005424231291,1
911,1601,0.1499726772,-0.1911821663,1
911,1633,-0.3409949839,0.1179919839,1
911,1665,0.4146082401,0.01857024431,1
911,1697,1.719235659,-0.4002228975,1
911,1729,2.141689301,-0.1112221181,1
911,1761,2.166090488,-0.641597867,1
911,1793,2.417068243,-1.500274777,1
911,1825,0.9606144428,-1.091395855,1
911,1857,-0.05618464947,-0.9836896658,1
911,1889,-0.3939886987,-0.9708971977,1
911,1921,-0.3723022342,-0.5187051892,1
911,1953,-0.3331819177,-0.7292383909,1
911,1985,-0.2193850279,-0.6387038231,1
911,2017,-0.4434142113,-0.4651470482,1
943,33,0.4045138657,0.410504818,1
943,65,0.178750813,0.2020123452,1
943,97,-0.7460951805,0.05933012068,1
943,129,-0.7834642529,0.1290514767,1
943,161,-0.9144883156,0.3492050767,1
943,193,-1.265948057,0.3800368905,1
943,225,-1.190824747,-0.6142559052,1
943,257,-1.633497,-0.2500404119,1
943,289,-1.098528624,-0.22464858,1
943,321,-1.123210669,-0.6455985904,1
943,353,-1.243805647,-0.2081755549,1
943,385,-1.036733031,0.2135385573,1
943,417,-0.5432994366,-0.02931487933,1
943,449,-0.4085528255,-0.8663060665,1
943,481,-0.3977095187,-0.3773953021,1
943,513,-0.1313266158,0.1492057592,1
943,545,0.0427928865,0.2827378511,1
943,577,0.2827249765,0.1692636758,1
943,609,-0.2975718379,-0.1604008079,1
943,641,-0.6105732918,-0.2003933191,1
943,673,-0.792224586,-0.1109028459,1
943,705,-1.020758033,0.7361016273,1
943,737,-0.8155871034,0.9864199162,1
943,769,-1.029507518,0.4847996235,1
943,801,-0.3995338678,0.3173703253,1
943,833,-0.3862174749,0.3218306601,1
943,865,-0.3139228821,0.6269643903,1
943,897,-0.2779365778,1.389819741,1
943,929,0.5755782723,0.4271825254,1
943,961,1.028235912,-0.1992564797,1
943,993,0.8628402948,-0.1069638878,1
943,1025,0.2752983272,-0.1704862416,1
943,1057,0.07726785541,-0.4846871495,1
943,1089,0.644203186,-0.5370371938,1
943,1121,1.379418373,-0.3392407596,1
943,1153,0.5441548824,-0.9445460439,1
943,1185,-0.1906800866,-0.3780457973,1
943,1217,-0.1946892142,0.2411445379,1
943,1249,-0.1997872889,0.258238554,1
943,1281,-0.2896672189,0.5723816156,1
943,1313,-0.3550539613,0.9270098805,1
943,1345,-0.299559176,0.5732750297,1
943,1377,-0.06771887839,0.2614970505,1
943,1409,0.4564806521,0.1827297062,1
943,1441,0.939694345,0.0643337518,1
943,1473,0.5490136147,0.001116499305,1
943,1505,-0.2362243682,-0.2827907801,1
943,1537,-0.03247017413,-0.2779557109,1
943,1569,0.06550596654,0.1667641401,1
943,1601,0.1095271707,0.1529684365,1
943,1633,-0.5170093179,-0.4492278695,1
943,1665,0.3696026802,-0.1152598262,1
943,1697,2.037937164,-0.1371141076,1
943,1729,2.238330364,-0.6915756464,1
943,1761,2.379611254,-0.9793843031,1
943,1793,1.72264564,-1.127366662,1
943,1825,0.6142722368,-1.047250748,1
943,1857,0.02810513973,-0.4328379035,1
943,1889,-0.1480142772,-0.02370780706,1
943,1921,0.07507339865,0.02928653359,1
943,1953,0.1273793876,-0.1662436575,1
943,1985,0.0414044857,-0.3225151896,1
943,2017,-0.214109391,-0.2130889744,1
975,33,-0.535048902,0.4354485273,1
975,65,-1.311484218,0.0807216689,1
975,97,-1.861935019,-0.1622967124,1
975,129,-0.7161288857,-0.2707385123,1
975,161,-1.333999753,-1.235060334,1
975,193,-1.683421612,-1.271974325,1
975,225,-0.7751034498,0.0615003109,1
975,257,-0.7648749352,0.2672849596,1
975,289,-0.564568162,0.1228198707,1
975,321,-0.5632024407,0.1936466694,1
975,353,-0.4749535918,0.6932191253,1
975,385,-0.5415540934,1.231037974,1
975,417,-0.3445315957,0.4376603961,1
975,449,0.1661030948,-0.3546155989,1
975,481,0.4608418047,-0.1126068234,1
975,513,-0.06420606375,0.4008580148,1
975,545,0.09286296368,0.2644059658,1
975,577,0.7046710253,0.3602264524,1
975,609,-0.4291789532,-0.455039978,1
975,641,-0.709433496,-0.9104723334,1
975,673,-0.8571076393,-0.1218219548,1
975,705,-0.7626693249,1.012931585,1
975,737,-0.4055252671,1.064953566,1
975,769,-0.9036053419,0.6939491034,1
975,801,-0.6437003613,0.2496770322,1
975,833,0.03404387832,0.01362794638,1
975,865,0.002442449331,0.2039153576,1
975,897,0.07220569253,0.7274806499,1
975,929,0.48563537,0.6117874384,1
975,961,0.1840598285,0.2449711859,1
975,993,0.1162282228,-0.2468850762,1
975,1025,0.2691908777,-0.4598986506,1
975,1057,-0.5579820871,-0.8392611742,1
975,1089,0.5638244748,-0.3323602378,1
975,1121,0.8273085356,0.283647418,1
975,1153,0.1109288335,-0.5100807548,1
975,1185,-0.5022072196,-0.068918176,1
975,1217,-0.4652796388,19.7822113,1
975,1249,-0.4191350639,0.2858303487,1
975,1281,-0.8033695221,0.8772229552,1
975,1313,-0.7819496393,0.8883347511,1
975,1345,-0.524920702,0.5524790287,1
975,1377,-0.4611913562,0.257901907,1
975,1409,-0.2888057232,0.09852190316,1
975,1441,0.06659531593,0.005527481437,1
975,1473,0.218677938,0.05588763952,1
975,1505,-0.01341098547,0.1242896169,1
975,1537,-0.3073607683,0.1350066364,1
975,1569,-0.2196536511,-0.03374387324,1
975,1601,-0.404468298,-0.2406629324,1
975,1633,-1.039386392,-0.6626054645,1
975,1665,-0.3746273518,-0.3320999742,1
975,1697,0.3584808111,-0.3333162069,1
975,1729,-0.1235929728,-0.9776537418,1
975,1761,0.9979798794,-0.802139461,1
975,1793,1.290604472,-1.176317573,1
975,1825,0.3719729781,-0.7911881208,1
975,1857,0.2535732388,-0.1439624131,1
975,1889,-0.04504433274,-0.01267933846,1
975,1921,0.2526651323,0.2442239821,1
975,1953,0.3926054835,0.1513776779,1
975,1985,-0.06884524226,-0.4005258679,1
975,2017,-0.1135930717,-0.1319812238,1
1007,33,-1.506065845,0.3522819281,1
1007,65,-1.412082195,-1.287834644,1
1007,97,-0.8520205021,-2.070513964,1
1007,129,-0.03638976812,0.1388982236,1
1007,161,-1.043546677,-0.001948267221,1
1007,193,-1.049892902,-0.7709240317,1
1007,225,-0.6661608219,-0.07321444154,1
1007,257,-0.3193225265,0.3950135708,1
1007,289,-0.3349291086,0.5468506813,1
1007,321,-0.8248049617,0.4960913062,1
1007,353,-1.067358375,0.8996025324,1
1007,385,-0.568852663,2.730303049,1
1007,417,-0.09420120716,2.271371126,1
1007,449,-0.04684148729,0.3725840449,1
1007,481,0.4726411402,-0.002873390913,1
1007,513,-0.07164223492,0.6528338194,1
1007,545,-0.2141140699,0.4336293042,1
1007,577,0.01726523042,-0.09552581608,1
1007,609,-0.5085730553,-0.8040634394,1
1007,641,-0.6990261674,-2.423820734,1
1007,673,-1.170314908,-0.3215056658,1
1007,705,-1.002683043,0.7307255864,1
1007,737,-0.826315105,0.430500567,1
1007,769,-0.7244406343,0.6143960953,1
1007,801,-0.6035638452,0.5193914175,1
1007,833,0.1360329986,-0.107226938,1
1007,865,0.08626901358,-0.2732100487,1
1007,897,0.07033887506,-0.1149316132,1
1007,929,0.5645676851,0.2558821142,1
1007,961,11.76360512,10.25304508,1
1007,993,-0.3414156735,-0.1241013557,1
1007,1025,0.08497844636,-0.4286215305,1
1007,1057,0.3141092658,-0.2356583774,1
1007,1089,2.538731575,0.6189373732,1
1007,1121,0.369773984,0.4532225728,1
1007,1153,-0.2431801856,-0.3275549412,1
1007,1185,-0.4802234173,-0.1537840515,1
1007,1217,-0.6912978888,1.483495355,1
1007,1249,-0.9338563085,0.5613658428,1
1007,1281,-1.102843165,0.7607241869,1
1007,1313,-0.9576647282,0.7371945381,1
1007,1345,-0.9319599271,0.4962155223,1
1007,1377,-1.044550419,0.3801093698,1
1007,1409,-0.9089543223,0.1397086084,1
1007,1441,-0.4137748182,0.06839539111,1
1007,1473,-0.1598306894,0.8274297118,1
1007,1505,-0.6183490753,1.105644703,1
1007,1537,-0.4611881971,0.2891755998,1
1007,1569,-0.5500789881,-0.394371599,1
1007,1601,-0.4581478834,-0.5051161051,1
1007,1633,-0.905680716,-0.7941108942,1
1007,1665,-1.350214362,-0.7619359493,1
1007,1697,-0.7182387114,-0.4899980426,1
1007,1729,-0.3159316182,-0.358802557,1
1007,1761,-0.1494789124,-0.6253297329,1
1007,1793,0.2494220138,-0.7974197865,1
1007,1825,0.4083139598,-0.184612751,1
1007,1857,0.1897044778,-0.2682117522,1
1007,1889,-0.1507243514,0.05179440975,1
1007,1921,0.115413554,0.2293634117,1
1007,1953,0.04692620412,0.04146810621,1
1007,1985,-0.4086568654,-0.1306744814,1
1007,2017,-0.2326963693,-0.1816574931,1
1039,33,-1.455657125,0.304404974,1
1039,65,-1.426257014,0.01445320249,1
1039,97,-1.320789337,0.8910345435,1
1039,129,-0.9462721944,3.266628981,1
1039,161,-0.5473988056,0.8291201591,1
1039,193,-0.4172179103,0.08517885208,1
1039,225,0.1921860874,0.005499303341,1
1039,257,0.2269823551,0.4683899283,1
1039,289,-0.4932009578,1.177554846,1
1039,321,-1.822959185,0.4818775654,1
1039,353,-2.658967972,0.7631156445,1
1039,385,-1.221313477,2.482650757,1
1039,417,-0.33825773,2.166319132,1
1039,449,-0.6818971634,0.8536478877,1
1039,481,-0.7360134125,0.7859150171,1
1039,513,-0.3783145249,0.892647624,1
1039,545,-0.3204630613,0.4453366697,1
1039,577,0.108525157,-0.1127139404,1
1039,609,0.1390534639,-0.785161376,1
1039,641,-0.06108623743,-1.592674136,1
1039,673,-0.6019476652,-1.262693882,1
1039,705,-0.6975580454,-0.4121616781,1
1039,737,-0.6918772459,-0.07624319196,1
1039,769,-0.5365589857,0.7095224857,1
1039,801,-0.3266316652,0.5600851774,1
1039,833,0.1232693046,-0.2261765599,1
1039,865,-0.1162654459,-0.7434381247,1
1039,897,0.3759015799,-0.2322118282,1
1039,929,1.120039344,0.4194293022,1
1039,961,0.7492795587,0.9214496613,1
1039,993,0.2947872877,0.6616834998,1
1039,1025,-0.1791570485,-0.3343492746,1
1039,1057,-0.04461345077,-1.103438854,1
1039,1089,0.1766533256,-0.6311453581,1
1039,1121,-0.1618436873,-0.2237930894,1
1039,1153,0.1412366182,-1.036631107,1
1039,1185,0.05817180872,-0.6077437401,1
1039,1217,-0.3901427984,1.0594064,1
1039,1249,-0.9349170327,0.7381824851,1
1039,1281,-1.199932218,0.8269261122,1
1039,1313,-1.163802385,0.806625247,1
1039,1345,-1.215125561,0.6712180376,1
1039,1377,-1.175300002,0.4411701262,1
1039,1409,-0.7483165264,0.2060561776,1
1039,1441,-0.3291727602,0.3458408415,1
1039,1473,-0.2081281543,0.4645013213,1
1039,1505,-0.2980250418,0.4095512033,1
1039,1537,-0.4413627386,-0.3620108962,1
1039,1569,-0.3985013962,-0.7058352232,1
1039,1601,-0.4341933727,-0.3619713187,1
1039,1633,-0.3159195185,-0.6170241237,1
1039,1665,0.10422346,-0.7659176588,1
1039,1697,0.4443484545,-0.4719932079,1
1039,1729,-0.3905786872,-0.1722344756,1
1039,1761,-0.3306787014,-0.3394631743,1
1039,1793,0.306979239,-0.3544839323,1
1039,1825,0.9485282898,0.1012990773,1
1039,1857,-0.2218943834,-0.6334044933,1
1039,1889,0.1675895452,-0.2026601434,1
1039,1921,0.007005572319,0.1228412315,1
1039,1953,-0.3951282501,0.1540651321,1
1039,1985,-0.3688168526,0.09993004799,1
1039,2017,-0.4723900557,-0.1750935614,1
1071,33,-0.7697108984,0.06001734734,1
1071,65,-1.010071993,0.6332688332,1
1071,97,-1.064412475,1.048333049,1
1071,129,-0.686000824,1.325952888,1
1071,161,-0.2100873291,1.045568228,1
1071,193,-0.002817511559,0.4836248755,1
1071,225,0.3518549204,0.468226254,1
1071,257,0.6337788105,0.6800330281,1
1071,289,-0.3809866905,1.539617181,1
1071,321,-1.48584938,0.6442036033,1
1071,353,-3.084484577,0.4363776445,1
1071,385,-2.392889023,1.972957373,1
1071,417,-1.691672087,2.039599895,1
1071,449,-0.5388622284,1.161363602,1
1071,481,-0.5820424557,0.636469543,1
1071,513,-0.2766734362,0.9189981222,1
1071,545,-0.24327977,0.2430999577,1
1071,577,-0.3785184026,0.2589428425,1
1071,609,-0.1419878304,0.07398965955,1
1071,641,-0.278277576,-0.8771890402,1
1071,673,-0.5796760917,-1.617809057,1
1071,705,-0.3381904364,-0.8935528398,1
1071,737,-0.08072927594,-0.03419096768,1
1071,769,-0.03016644716,0.4290162921,1
1071,801,-0.3717751801,0.5143393278,1
1071,833,-0.1700235903,-0.001117065549,1
1071,865,-3.952016115,-19.55180931,1
1071,897,0.4660088122,0.05190435052,1
1071,929,0.5645670295,0.7572202682,1
1071,961,0.4408679605,1.257434964,1
1071,993,0.4487472773,0.7519581318,1
1071,1025,0.01329736412,-0.9843382835,1
1071,1057,-0.398196876,-1.138263702,1
1071,1089,-0.1864592433,-1.058977842,1
1071,1121,-0.1114873141,-0.2734378576,1
1071,1153,0.6836458445,-0.7770121694,1
1071,1185,0.4273198247,-0.2795401216,1
1071,1217,-0.504963398,0.9986559749,1
1071,1249,-0.9797816873,1.892124414,1
1071,1281,-1.200181365,1.150815606,1
1071,1313,-1.141748428,1.129456043,1
1071,1345,-0.9059772491,0.7519241571,1
1071,1377,-0.7460289001,0.3914058805,1
1071,1409,-0.3616783023,0.1785468161,1
1071,1441,-0.08159187436,0.2040506601,1
1071,1473,-0.2610293627,0.1121654212,1
1071,1505,-0.1949207187,-0.08650673181,1
1071,1537,-0.8727318645,-0.3340620399,1
1071,1569,-0.4216776788,-0.3566191196,1
1071,1601,-0.1978844255,-0.226373449,1
1071,1633,-0.06225584447,-0.351675868,1
1071,1665,0.3403428495,-0.6732650995,1
1071,1697,0.5351470709,-0.3715533614,1
1071,1729,-0.02983205765,-0.2806707025,1
1071,1761,-0.02260939777,0.2049433291,1
1071,1793,0.2289820462,1.734128118,1
1071,1825,0.6739237905,0.5334025025,1
1071,1857,0.852144897,-0.2099804133,1
1071,1889,1.929260492,-0.2848319411,1
1071,1921,0.539758563,0.004650868475,1
1071,1953,-0.4380494356,0.2114055306,1
1071,1985,-0.2422804981,0.1461133957,1
1071,2017,-0.1072064638,-0.005673892796,1
1103,33,-1.014876842,0.1923248768,1
1103,65,-0.8305066824,0.6675814986,1
1103,97,-0.1541396976,0.5596892238,1
1103,129,-0.1362662911,0.9684355855,1
1103,161,-0.00191617012,1.135682583,1
1103,193,0.07938110828,0.7772454619,1
1103,225,0.188411504,0.8534960151,1
1103,257,1.93211925,1.553276658,1
1103,289,0.5837389231,1.226030707,1
1103,321,-0.2007926702,0.5852688551,1
1103,353,-0.2587095499,0.2841112614,1
1103,385,-5.46851635,15.28508377,1
1103,417,-2.097666979,2.93854332,1
1103,449,-0.1352714598,0.8792306185,1
1103,481,-0.05140167475,-0.1043878794,1
1103,513,0.2409022599,0.1399385333,1
1103,545,0.01394695044,0.2255847454,1
1103,577,-0.4480608702,0.5176013708,1
1103,609,-0.4792653918,0.505415082,1
1103,641,-1.128103614,-0.1976781189,1
1103,673,-1.245116591,-0.7631049156,1
1103,705,-0.2285611629,-0.66910851,1
1103,737,0.4045434892,-0.2204168141,1
1103,769,0.1896166801,0.2310133576,1
1103,801,-0.4682653546,0.5873314142,1
1103,833,-0.3573696017,-0.2147836238,1
1103,865,-0.4618775845,-0.5949689746,1
1103,897,-0.3023070693,0.4844703674,1
1103,929,-0.1915848851,0.8819941282,1
1103,961,-0.1644690633,1.197800517,1
1103,993,0.0007598251104,0.5408762693,1
1103,1025,-0.2060939819,-0.757303834,1
1103,1057,-0.861727953,-0.4268063903,1
1103,1089,-0.3208957314,-0.4479914606,1
1103,1121,-0.05742031336,0.1730163991,1
1103,1153,0.1583547592,0.4204298258,1
1103,1185,-0.1436638236,0.2618749142,1
1103,1217,-1.477145314,0.8386107683,1
1103,1249,-1.747851491,1.668274641,1
1103,1281,-0.9299387932,1.466005206,1
1103,1313,-0.612830162,1.226194739,1
1103,1345,-0.5028883815,0.5412832499,1
1103,1377,-0.4217913747,0.2871246636,1
1103,1409,-0.367010057,0.08043900132,1
1103,1441,-0.3874847889,0.02227848768,1
1103,1473,-0.2734463811,-0.01339133084,1
1103,1505,1.317473531,-0.07195420563,1
1103,1537,0.5223537087,-0.1822277904,1
1103,1569,0.1988934875,-0.001796111465,1
1103,1601,0.09842920303,0.2535481155,1
1103,1633,0.5760807395,0.1373704672,1
1103,1665,0.7565358281,-0.4937652647,1
1103,1697,0.3568406701,-0.01252499223,1
1103,1729,0.2742602229,-0.234040767,1
1103,1761,0.1989300549,0.0900568068,1
1103,1793,-0.3011725545,2.631201267,1
1103,1825,-0.2055988312,1.419940472,1
1103,1857,0.5106392503,0.4011437595,1
1103,1889,1.500741243,-0.3508651853,1
1103,1921,0.9455441236,-0.4340167642,1
1103,1953,0.07693806291,-0.3165134192,1
1103,1985,-0.1727549434,-0.0009699519724,1
1103,2017,-0.2538767457,0.04309901595,1
1135,33,-0.386199683,0.3580831885,1
1135,65,-0.6876853108,0.5601030588,1
1135,97,-0.2662521601,0.5839138031,1
1135,129,-0.315877676,0.8803433776,1
1135,161,-0.172400251,0.5355917811,1
1135,193,0.3900445104,0.3170381784,1
1135,225,0.6608939767,0.9271458983,1
1135,257,-0.07577693462,0.92230618,1
1135,289,-0.1554778218,0.9351014495,1
1135,321,-0.03468905389,0.949568212,1
1135,353,0.5302216411,0.6452484131,1
1135,385,0.7312361002,-0.2031158805,1
1135,417,-0.04907977581,-0.5576754212,1
1135,449,-0.1685717106,-0.1531615704,1
1135,481,0.2353079319,-0.05209955573,1
1135,513,-0.4048227668,0.196129173,1
1135,545,-0.5213132501,0.5846601725,1
1135,577,-0.7332291603,0.5328778028,1
1135,609,-0.7434204221,0.1780579686,1
1135,641,-1.676589966,-0.004857033491,1
1135,673,-2.168863297,0.6734408736,1
1135,705,-0.287963748,-0.3313106894,1
1135,737,-0.3066749871,-0.3313457072,1
1135,769,-0.7301917076,-0.3396911025,1
1135,801,-0.6800724864,-0.225065574,1
1135,833,-0.5558611751,-0.313552469,1
1135,865,-0.7100021839,-0.402628392,1
1135,897,-0.9124855995,0.1562551856,1
1135,929,-0.5660984516,1.141071081,1
1135,961,-0.396076709,1.072088242,1
1135,993,-0.1820642948,0.6336320043,1
1135,1025,0.1679187119,-0.3258380294,1
1135,1057,0.4278966784,-0.6099492311,1
1135,1089,0.4119389653,-0.2976312935,1
1135,1121,0.2589507997,0.2947366536,1
1135,1153,0.5320338607,1.220904231,1
1135,1185,0.2233446091,0.3766370714,1
1135,1217,-0.1394955665,0.6848539114,1
1135,1249,-0.2900519967,1.473231912,1
1135,1281,-0.5612057447,1.333233476,1
1135,1313,-0.2118735462,0.6147228479,1
1135,1345,-0.1544446349,0.1331136823,1
1135,1377,-0.2807533741,0.1638059914,1
1135,1409,-0.5694831014,-0.242516607,1
1135,1441,-0.4995350838,-0.4092560112,1
1135,1473,-0.249104172,-0.2185072899,1
1135,1505,0.6465762854,-0.2819208205,1
1135,1537,2.230170012,-0.2437365949,1
1135,1569,0.8188619614,-0.009350031614,1
1135,1601,0.3326438069,0.362762183,1
1135,1633,0.111798808,0.7463697791,1
1135,1665,-0.0457842797,0.5769469142,1
1135,1697,0.09181728959,0.3028377891,1
1135,1729,0.1916878074,0.141215682,1
1135,1761,0.1771055609,0.3320441246,1
1135,1793,-0.009658303112,1.200687647,1
1135,1825,-0.8870401978,1.872028708,1
1135,1857,-0.5461412072,0.9635237455,1
1135,1889,0.6960208416,-0.3632454872,1
1135,1921,0.4794703126,-0.7224699855,1
1135,1953,0.007067382336,-0.1218194366,1
1135,1985,-0.4161092043,0.1776337922,1
1135,2017,-0.3813429475,-0.2626347542,1
1167,33,-0.0623236075,0.189909935,1
1167,65,-0.1323037148,0.3401640654,1
1167,97,-0.446854502,0.2415397763,1
1167,129,-0.9320932031,0.3672704995,1
1167,161,-0.6687964201,0.3513906598,1
1167,193,-0.2103590071,0.8927921057,1
1167,225,-0.1512986273,0.5905482769,1
1167,257,-0.01947408915,0.5098991394,1
1167,289,0.03428959846,0.4978092909,1
1167,321,0.3422424793,0.6682614684,1
1167,353,0.380767256,0.2917989492,1
1167,385,0.01283186674,-0.914034009,1
1167,417,-0.136536628,-1.620980144,1
1167,449,-0.3931348324,-0.6010971069,1
1167,481,0.02013550699,0.75981462,1
1167,513,-0.4855486453,0.6522570848,1
1167,545,-0.7745509148,1.476119995,1
1167,577,-0.7130168676,1.273121238,1
1167,609,-0.5378159285,0.2977987826,1
1167,641,-1.239121437,0.122329399,1
1167,673,-1.095731497,-0.1571421027,1
1167,705,-0.3514638543,-0.3076333702,1
1167,737,-0.6358984709,-0.1961241215,1
1167,769,-1.300651073,-0.3690882921,1
1167,801,-0.9695482254,-0.4726372957,1
1167,833,-1.251412392,-0.1056861728,1
1167,865,-1.329149246,0.0169647634,1
1167,897,-0.2695666254,0.2579069436,1
1167,929,-0.03746574372,0.9913205504,1
1167,961,-0.1720616221,1.191300392,1
1167,993,-0.07421214879,0.8474469781,1
1167,1025,0.2468497157,-0.03475549817,1
1167,1057,0.9910310507,-0.3467305005,1
1167,1089,1.072432041,-0.3073159456,1
1167,1121,0.558888793,-0.02295506001,1
1167,1153,0.5325777531,1.014647484,1
1167,1185,0.5675074458,0.1212834716,1
1167,1217,0.69624722,0.1402063072,1
1167,1249,0.5171536207,1.25225389,1
1167,1281,-0.1129063368,0.8273766637,1
1167,1313,0.5625160933,-0.06431812048,1
1167,1345,0.009119898081,-0.1664891243,1
1167,1377,-0.2461504936,-0.103377223,1
1167,1409,-0.8824213743,-0.2506986558,1
1167,1441,-0.9824017882,-0.1825588197,1
1167,1473,-0.5817628503,-0.1183981523,1
1167,1505,-0.2334661782,-0.04310991615,1
1167,1537,0.4111853242,0.881403625,1
1167,1569,0.3341086507,0.3649278879,1
1167,1601,0.1391215324,0.3670893312,1
1167,1633,-0.1611596197,0.7805677652,1
1167,1665,-0.1660956889,0.3348526657,1
1167,1697,0.2054719925,0.1583167911,1
1167,1729,0.2190577686,0.2964795232,1
1167,1761,-0.09537568688,0.7475682497,1
1167,1793,0.1451138705,0.5158720016,1
1167,1825,-0.9684303999,1.868889809,1
1167,1857,-2.919265747,3.390687943,1
1167,1889,-0.05836057663,-0.4564582705,1
1167,1921,-0.01051080227,-0.3023146689,1
1167,1953,0.03789544106,0.3099977374,1
1167,1985,0.04071905464,0.04300431907,1
1167,2017,-0.2530664206,-0.2784196734,1
1199,33,-0.05278360844,0.2268882394,1
1199,65,0.2718847692,0.5597298145,1
1199,97,0.1184554845,0.08173002303,1
1199,129,-0.4048227668,0.06064344943,1
1199,161,-0.3526118398,0.5472027659,1
1199,193,-0.1369304657,0.2883383036,1
1199,225,-0.5553462505,0.2867498696,1
1199,257,0.0672327131,0.301797539,1
1199,289,0.3967135549,0.3579366505,1
1199,321,0.3190822601,-0.06584256887,1
1199,353,-0.5329169035,-1.00063777,1
1199,385,-0.4766990542,-1.798236251,1
1199,417,-0.1411577612,-1.681826591,1
1199,449,-0.1304109246,-0.7796326876,1
1199,481,-0.10979487,-0.07029724121,1
1199,513,-0.2182779312,0.5938100219,1
1199,545,-0.3423846364,1.160429239,1
1199,577,-0.497903049,1.059773207,1
1199,609,-0.2072603106,0.6306992173,1
1199,641,-0.4140910506,0.9650411606,1
1199,673,0.05789965391,-0.4149243832,1
1199,705,0.1737642586,-0.6812113523,1
1199,737,-0.2466141433,0.4937125444,1
1199,769,-0.5633357167,-0.009061209857,1
1199,801,-0.4621715844,-0.390181005,1
1199,833,-1.092007756,0.1372583807,1
1199,865,-0.9889588952,0.5080904365,1
1199,897,0.3847609758,0.2451602221,1
1199,929,0.4160752892,0.3423213959,1
1199,961,0.4684460461,0.8738169074,1
1199,993,0.549356401,1.190001726,1
1199,1025,0.4940632582,0.7837328911,1
1199,1057,0.7895966172,0.04495359957,1
1199,1089,0.880687654,-0.3334911168,1
1199,1121,0.5414177179,-0.3063209653,1
1199,1153,0.4135478139,-0.1698951125,1
1199,1185,0.4680277109,-0.06488469243,1
1199,1217,0.397942245,-0.08336386085,1
1199,1249,0.4557238221,0.7232042551,1
1199,1281,-0.1009379402,0.2206973732,1
1199,1313,-0.2719598413,-0.07963101566,1
1199,1345,-0.2701037526,-0.2546922863,1
1199,1377,-0.3307635486,-0.1552476585,1
1199,1409,-0.4491345584,-0.04730954766,1
1199,1441,-0.6312593222,0.05428150296,1
1199,1473,-0.7704543471,0.01465252414,1
1199,1505,-0.831295073,1.154435635,1
1199,1537,-0.2664085031,2.568858385,1
1199,1569,-0.4982571602,1.788768053,1
1199,1601,-0.7933490872,0.1271960735,1
1199,1633,-0.2584680319,0.2882126868,1
1199,1665,0.4386464357,-0.09162822366,1
1199,1697,1.009510994,0.2074123621,1
1199,1729,1.26617372,0.5676780343,1
1199,1761,-0.09165799618,-0.1832475066,1
1199,1793,-0.2569607496,-0.2276262492,1
1199,1825,-0.715482235,0.06563158333,1
1199,1857,-0.5918697119,0.394433856,1
1199,1889,-0.1491635144,-0.03093682602,1
1199,1921,-0.1702019572,-0.2099568844,1
1199,1953,0.1266230345,-0.2752872705,1
1199,1985,0.3099527359,-0.1691706926,1
1199,2017,0.2307540774,-0.253603816,1
1231,33,0.2296549976,0.1556446701,1
1231,65,-0.1387471557,0.6566930413,1
1231,97,-0.2014137954,0.3202694952,1
1231,129,-0.1212469339,0.2331859767,1
1231,161,-0.0777464211,0.205372408,1
1231,193,-0.01520177722,-0.07294276357,1
1231,225,-0.1332711577,-0.03354874253,1
1231,257,-0.02466694638,0.3767817616,1
1231,289,0.3048517704,0.5070624352,1
1231,321,0.9707288742,0.4201100469,1
1231,353,-0.2729044557,-1.129456043,1
1231,385,-0.7307428122,-1.934229374,1
1231,417,-0.8230208158,-1.774456978,1
1231,449,-0.06255477667,-1.125461936,1
1231,481,-0.147974655,-1.062477827,1
1231,513,-0.2123310119,-0.6425653696,1
1231,545,-0.2996500731,-0.1424143314,1
1231,577,-0.9289805293,-0.122051239,1
1231,609,-1.75854826,0.5350144506,1
1231,641,-0.9764162898,1.358715653,1
1231,673,0.2078932375,-0.1119445264,1
1231,705,0.3293605149,0.08586597443,1
1231,737,0.5672018528,0.6229409575,1
1231,769,1.057526112,0.1529179662,1
1231,801,1.371243477,-0.2706175447,1
1231,833,0.6804413199,0.07011730224,1
1231,865,0.2010597587,0.6866692305,1
1231,897,0.5943388939,0.4599556923,1
1231,929,0.884930253,0.2377438843,1
1231,961,1.006792307,0.3232866228,1
1231,993,0.975934267,0.582251668,1
1231,1025,0.8688373566,0.7211691141,1
1231,1057,0.4317543507,0.1213939339,1
1231,1089,0.368724227,-0.3274971247,1
1231,1121,0.4891420603,-0.6356406808,1
1231,1153,0.4713519812,-0.455411911,1
1231,1185,0.3463517725,-0.05651578307,1
1231,1217,0.2070614696,0.1877957284,1
1231,1249,0.289529264,0.1374366283,1
1231,1281,-0.04218507186,0.1896038353,1
1231,1313,-0.2843096256,0.09252510965,1
1231,1345,-0.4799753129,-0.07441826165,1
1231,1377,-0.5073206425,-0.06987991929,1
1231,1409,-0.4078622758,-0.01623921283,1
1231,1441,-0.3720786273,0.00848402828,1
1231,1473,0.2177605927,0.02941059321,1
1231,1505,0.2431774288,1.288332582,1
1231,1537,0.427226752,2.173811197,1
1231,1569,0.3046038449,2.209997177,1
1231,1601,-1.328804135,0.1091105342,1
1231,1633,-1.217867136,0.1273924112,1
1231,1665,0.346129477,0.9495138526,1
1231,1697,0.3284286261,0.6619997621,1
1231,1729,0.3536212742,0.1530410051,1
1231,1761,-0.09003580362,-0.3343819976,1
1231,1793,-0.6354179382,-0.5333286524,1
1231,1825,-1.28655386,-0.57259655,1
1231,1857,-0.5255903006,0.2493747324,1
1231,1889,0.1025579125,0.160053879,1
1231,1921,-0.1642969549,-0.007475025952,1
1231,1953,-0.08603541553,-0.1465544403,1
1231,1985,0.09301071614,0.0185938701,1
1231,2017,0.03248602152,-0.005767673254,1
1263,33,-0.03784014285,0.170447275,1
1263,65,-0.8306680918,0.3662519157,1
1263,97,-0.8556536436,-0.02825021744,1
1263,129,-0.01627434045,0.26798594,1
1263,161,0.7324707508,0.3777985573,1
1263,193,0.5652214885,0.1772910357,1
1263,225,1.00183773,-0.2445414066,1
1263,257,0.3987715542,0.492423147,1
1263,289,-0.05997809023,0.3820099831,1
1263,321,0.5597448945,0.3637710214,1
1263,353,0.3298281431,0.06339839101,1
1263,385,-1.131470323,-0.123611033,1
1263,417,-0.6122789383,-0.6175794005,1
1263,449,0.408249557,-1.184943676,1
1263,481,0.2037719786,-1.794325113,1
1263,513,-0.1153821349,-1.391150355,1
1263,545,-0.12595281,-0.9356958866,1
1263,577,-0.4519802332,-0.7273484468,1
1263,609,-1.090839744,0.09959128499,1
1263,641,-0.4373059571,0.7039132714,1
1263,673,0.1967658699,0.1126929671,1
1263,705,0.4485033751,0.4257686734,1
1263,737,0.8524729609,0.5548901558,1
1263,769,1.708669901,0.1721270531,1
1263,801,2.445403576,-0.03507238626,1
1263,833,1.782234192,0.07191507518,1
1263,865,0.4724431038,0.5189994574,1
1263,897,1.220796943,0.1740502119,1
1263,929,1.633360624,0.1527273357,1
1263,961,1.780506015,0.2196321487,1
1263,993,1.498385072,0.1182024777,1
1263,1025,0.4191637039,0.5056346655,1
1263,1057,-0.1598941386,0.03162139654,1
1263,1089,-0.02790027857,-0.2205375433,1
1263,1121,0.6232708693,0.5246819258,1
1263,1153,0.256185323,0.3670275211,1
1263,1185,0.173397541,0.121790953,1
1263,1217,0.3214481473,0.04325194657,1
1263,1249,0.3105267286,-0.1627276093,1
1263,1281,0.142544046,-0.03389590979,1
1263,1313,-0.2041750103,0.07870369405,1
1263,1345,-0.4633064568,-0.02527612075,1
1263,1377,-0.4320181012,-0.06251628697,1
1263,1409,-0.2978135347,-0.1340747327,1
1263,1441,-0.1075458676,-0.07405939698,1
1263,1473,0.3080489039,-0.2144742906,1
1263,1505,0.5641437769,-0.02811744809,1
1263,1537,0.688740015,1.476531267,1
1263,1569,0.5723028779,1.943146944,1
1263,1601,0.2429943383,0.3708430529,1
1263,1633,0.6174845695,0.7580814362,1
1263,1665,0.8699700236,1.269443393,1
1263,1697,0.8060694933,0.4267849922,1
1263,1729,0.8544806838,-0.3305484056,1
1263,1761,-0.2737091184,-0.2340754867,1
1263,1793,-0.6435077786,-0.2998586297,1
1263,1825,-0.177942276,-0.6005877256,1
1263,1857,0.4468072355,-0.1782137901,1
1263,1889,0.1849483848,0.1250564605,1
1263,1921,-0.2612174153,0.2749263048,1
1263,1953,-0.2002461702,0.01855869591,1
1263,1985,0.02274232358,0.009069004096,1
1263,2017,0.2459892631,0.05259920657,1
1295,33,-0.2434688509,0.1916038245,1
1295,65,-1.181370616,0.571451664,1
1295,97,-0.3952018023,0.1567548513,1
1295,129,0.2929650247,0.5769526958,1
1295,161,1.547556996,0.5791409016,1
1295,193,2.004475117,-0.03702557087,1
1295,225,1.303439975,-0.68547225,1
1295,257,0.6226568222,0.03710880876,1
1295,289,0.01924950629,0.2931520343,1
1295,321,0.1733757108,0.4310358465,1
1295,353,0.5006132722,0.2548406422,1
1295,385,-0.01910889149,0.4712736309,1
1295,417,-0.06240576506,-0.0002972185612,1
1295,449,0.2962596416,-0.5038292408,1
1295,481,0.4040364623,-1.143612266,1
1295,513,0.1200017929,-1.24966836,1
1295,545,0.162131682,-0.6874498129,1
1295,577,-0.2256845981,-0.5161851645,1
1295,609,0.006566271186,-0.4096504152,1
1295,641,-0.3498975635,0.1551799476,1
1295,673,-0.5627428889,-0.2058578581,1
1295,705,0.3957369328,0.06087762117,1
1295,737,0.7116963863,0.5117908716,1
1295,769,1.045222282,0.2517589033,1
1295,801,1.71506834,0.03597461432,1
1295,833,1.956414461,0.2405393273,1
1295,865,0.9673728943,0.5846698284,1
1295,897,1.019619226,-0.2145026326,1
1295,929,1.900472164,-0.06920127571,1
1295,961,2.924465179,0.1053766012,1
1295,993,2.446156502,0.1115134656,1
1295,1025,0.4667690396,0.3471538424,1
1295,1057,-0.1095981002,0.4873766899,1
1295,1089,-0.3476931751,0.9594050646,1
1295,1121,-0.1385650337,3.253859758,1
1295,1153,0.251701653,1.404615521,1
1295,1185,0.5797968507,0.4685977101,1
1295,1217,1.412479758,-0.1199388653,1
1295,1249,0.5302879214,-0.4807101786,1
1295,1281,0.002172932029,-0.3611239195,1
1295,1313,-0.1954799294,-0.1897084117,1
1295,1345,-0.2538143992,-0.0149732735,1
1295,1377,-0.2263098806,-0.06913228333,1
1295,1409,-0.1748720855,-0.2677284479,1
1295,1441,-0.00762335211,-0.1432445347,1
1295,1473,0.3171756268,-0.4376271665,1
1295,1505,0.6032053828,-0.3379740119,1
1295,1537,0.5928481221,0.3436473608,1
1295,1569,0.3561101556,0.367377609,1
1295,1601,0.5458260179,0.3636296988,1
1295,1633,0.8664979935,0.866736114,1
1295,1665,0.9027885199,1.423524022,1
1295,1697,0.7944210768,-0.3034743071,1
1295,1729,0.3524377048,-1.520691514,1
1295,1761,-0.3645569682,-0.6689066887,1
1295,1793,-0.7319756746,-0.4361271858,1
1295,1825,0.279065609,-0.570851028,1
1295,1857,0.5092709064,-0.5094572902,1
1295,1889,0.1382383704,-0.006209254265,1
1295,1921,-0.1001335084,-0.1722343862,1
1295,1953,-0.3698026836,-0.4737101793,1
1295,1985,-0.2263896018,-0.04564490169,1
1295,2017,0.3618685007,-0.02499234676,1
1327,33,0.09827241302,0.1967476457,1
1327,65,-0.06004145741,1.784020901,1
1327,97,-0.06555104256,0.9983112812,1
1327,129,0.1161039919,1.090587854,1
1327,161,0.61726439,0.6902984381,1
1327,193,0.590462327,-0.2501645386,1
1327,225,0.3309293985,-0.8238051534,1
1327,257,0.1156681776,-0.1710932702,1
1327,289,-0.3262270391,0.6189129353,1
1327,321,-0.373816371,0.5847335458,1
1327,353,-0.06496202946,0.349353224,1
1327,385,0.1217390448,0.1724099368,1
1327,417,0.280303359,0.1641211212,1
1327,449,0.4310200512,0.2956295609,1
1327,481,0.6629860401,-0.4453336,1
1327,513,0.4121515155,-0.347420454,1
1327,545,0.2282171845,-0.08345010877,1
1327,577,0.1316193491,-0.2328428328,1
1327,609,0.1294090748,-0.5794972181,1
1327,641,0.2699999809,-0.5988818407,1
1327,673,0.113836199,-0.7984822392,1
1327,705,-0.2537022829,-0.2360083461,1
1327,737,-0.05693084002,0.2981327474,1
1327,769,0.4727176428,0.2572488189,1
1327,801,1.164467931,0.1023009345,1
1327,833,1.55776453,-0.1659981608,1
1327,865,1.374058247,-0.04167273641,1
1327,897,1.21356833,-0.01624891162,1
1327,929,1.514601707,-0.1487680376,1
1327,961,2.137680531,0.1009958312,1
1327,993,1.574996829,0.5796092153,1
1327,1025,0.2829777002,1.003306031,1
1327,1057,-0.3319986761,1.329808474,1
1327,1089,-0.5066703558,1.872493029,1
1327,1121,-0.2959740162,1.734736443,1
1327,1153,-0.1489263177,1.819990754,1
1327,1185,0.6486430168,0.4794722497,1
1327,1217,0.7970309258,-0.2350687981,1
1327,1249,0.5298069715,-0.852814436,1
1327,1281,0.1668009758,-0.7562025785,1
1327,1313,-0.1525273621,-0.2903160155,1
1327,1345,-0.4567433894,0.7341805696,1
1327,1377,-0.1376089156,0.03325680643,1
1327,1409,-0.4391791821,-0.2612178624,1
1327,1441,-0.07936672866,-0.04185049236,1
1327,1473,0.04650288075,-0.1449168026,1
1327,1505,0.3130110502,-0.1820623428,1
1327,1537,0.4544686377,-0.1127269715,1
1327,1569,0.3755217791,-0.1269850731,1
1327,1601,0.3422688246,0.2303917408,1
1327,1633,0.3388541341,0.7222123742,1
1327,1665,0.2088026702,0.5806843042,1
1327,1697,0.5170459747,-1.647145152,1
1327,1729,0.04599678516,-1.080402851,1
1327,1761,0.8791973591,0.1143066585,1
1327,1793,0.9290437698,0.241211623,1
1327,1825,0.2904401422,-0.2360763848,1
1327,1857,0.3035786152,-0.8180763721,1
1327,1889,-0.09281998873,0.04925605655,1
1327,1921,0.04860983789,0.3592689633,1
1327,1953,-0.2262622565,0.1028366014,1
1327,1985,-0.4499661922,-0.07699096948,1
1327,2017,-0.147608608,-0.1688431501,1
1359,33,0.2148469985,0.2324602008,1
1359,65,0.5936011076,2.480775595,1
1359,97,-0.4561871886,1.102993011,1
1359,129,-0.6445469856,1.275221705,1
1359,161,-1.321216822,1.009611368,1
1359,193,-1.676539898,0.1946243048,1
1359,225,-1.172206283,-0.2487280965,1
1359,257,-0.6659702659,-0.4145041108,1
1359,289,-0.3501614034,0.1744612455,1
1359,321,-0.34465307,-0.1364314556,1
1359,353,-0.1056557745,-0.2704862952,1
1359,385,-0.02223623544,0.06178484857,1
1359,417,-0.0489063859,-0.02248805761,1
1359,449,0.02136805654,-0.2163179219,1
1359,481,0.392601788,-0.1462560296,1
1359,513,0.4363148808,0.1010826826,1
1359,545,0.5176579952,-0.0925835073,1
1359,577,0.3766554594,-0.3740658462,1
1359,609,0.2831498682,-0.3565479815,1
1359,641,0.4870717824,-0.3627478182,1
1359,673,0.6633508205,-0.6301813126,1
1359,705,0.3782279491,-0.2537686229,1
1359,737,1.028996229,0.1918616295,1
1359,769,1.938745975,0.06463414431,1
1359,801,1.358852744,-0.2181461453,1
1359,833,0.9973490238,-0.5203803778,1
1359,865,15.38720226,-1.485807776,1
1359,897,1.220560074,-0.4332927763,1
1359,929,1.21545577,-0.2642527819,1
1359,961,1.650507808,0.03138985485,1
1359,993,1.339616299,0.9938060641,1
1359,1025,0.5650045872,1.850304365,1
1359,1057,-0.4674074054,1.330528259,1
1359,1089,0.2190245986,2.080732822,1
1359,1121,0.4748319387,1.458274484,1
1359,1153,0.3647335768,0.4579432607,1
1359,1185,0.3849885762,0.08236420155,1
1359,1217,0.2884276807,-0.219098419,1
1359,1249,0.1373880208,-0.98687011,1
1359,1281,0.05944049358,-1.204078078,1
1359,1313,-0.0605455935,-0.2722116113,1
1359,1345,-0.5748000145,0.5185079575,1
1359,1377,-0.3682979941,-1.032318354,1
1359,1409,-0.4639590979,-0.2632737458,1
1359,1441,-0.4903222322,0.3999028206,1
1359,1473,-0.3911288381,0.3249133229,1
1359,1505,0.04123929143,-0.08716693521,1
1359,1537,0.3335789442,-0.2622139156,1
1359,1569,0.06260195374,-0.07895469666,1
1359,1601,0.02657839656,0.1412709355,1
1359,1633,-0.2932081819,1.448726058,1
1359,1665,0.1921445429,-0.3349906504,1
1359,1697,0.5936992168,-1.119961381,1
1359,1729,0.4015638232,-0.3224618733,1
1359,1761,0.8307775855,0.2069264203,1
1359,1793,0.8146152496,0.5727250576,1
1359,1825,0.4190163612,0.2691390812,1
1359,1857,0.2698261738,-0.3563928008,1
1359,1889,-0.04155571759,0.07292629778,1
1359,1921,-0.1480489373,0.4554310143,1
1359,1953,-0.5335204601,0.416005373,1
1359,1985,-0.8532161713,0.07563079149,1
1359,2017,-0.4421154857,-0.3657545745,1
1391,33,1.515602946,0.4828157425,1
1391,65,2.069260359,2.563332558,1
1391,97,-0.2266840488,0.6142860651,1
1391,129,-0.7660109997,0.7944484353,1
1391,161,-1.090996027,0.919905901,1
1391,193,-0.9890319109,2.345635653,1
1391,225,-1.194181442,3.030079365,1
1391,257,0.0008349567652,0.6674001813,1
1391,289,0.4595288932,0.3522521555,1
1391,321,-0.00650043413,-0.4652990401,1
1391,353,-0.1327775121,-0.6988073587,1
1391,385,-0.1480300128,-0.07876211405,1
1391,417,-0.2280987203,0.1643497199,1
1391,449,-0.4227518439,0.1281581372,1
1391,481,-0.0849095434,-0.3540689349,1
1391,513,0.09658533335,-0.2998315096,1
1391,545,0.666385591,-0.1948369592,1
1391,577,0.4159658253,-0.4401659966,1
1391,609,0.4633987546,-0.4704090357,1
1391,641,0.6766011715,-0.264605552,1
1391,673,0.8935172558,0.5176479816,1
1391,705,1.612050414,-0.4439947307,1
1391,737,15.45392799,12.69537449,1
1391,769,2.040367126,-0.1015705764,1
1391,801,0.5838569999,-0.4127043486,1
1391,833,-0.2505228221,-0.4163383245,1
1391,865,-19.1871891,-0.7135700583,1
1391,897,-19.11129951,-0.6456498504,1
1391,929,0.2939215302,-0.2704169452,1
1391,961,0.5027288198,-0.6542574763,1
1391,993,6.628228188,-10.20691681,1
1391,1025,18.12315559,-8.970947266,1
1391,1057,1.283185005,0.4300037622,1
1391,1089,1.060621738,1.417229176,1
1391,1121,0.3903407454,-17.55763435,1
1391,1153,1.021156669,0.062634103,1
1391,1185,0.378667146,-0.2767715454,1
1391,1217,-0.02876234055,-0.3029938638,1
1391,1249,0.1525976956,0.08180528879,1
1391,1281,0.1426160783,0.2574906945,1
1391,1313,0.05656462908,-0.01481665671,1
1391,1345,-1.03349793,0.07659319043,1
1391,1377,-0.737280488,-0.8350297809,1
1391,1409,-0.4858154058,0.05105894804,1
1391,1441,-0.5393143892,0.299503088,1
1391,1473,-0.4184820652,0.2160414755,1
1391,1505,-0.04736506939,-0.2485542297,1
1391,1537,0.219854489,-0.1407991052,1
1391,1569,-0.0496494621,-0.2116010487,1
1391,1601,0.01674029976,-0.207357496,1
1391,1633,0.4785540104,-0.1794335842,1
1391,1665,1.437307477,-1.148624539,1
1391,1697,1.652053356,-0.8773685694,1
1391,1729,0.8120055199,-0.1311856955,1
1391,1761,0.71864748,-0.08626704663,1
1391,1793,0.3780007362,0.02436091751,1
1391,1825,0.0240983665,0.1165706515,1
1391,1857,0.02689733356,0.2368533611,1
1391,1889,-0.001392226666,-0.05758170784,1
1391,1921,-0.2331426144,-0.1274643242,1
1391,1953,-0.3089606762,0.4840777218,1
1391,1985,-0.390403688,0.1901697218,1
1391,2017,-0.132932961,-0.4877294898,1
1423,33,0.5281259418,1.052773356,1
1423,65,0.7417478561,0.6524134278,1
1423,97,0.3266190886,0.127137512,1
1423,129,-0.4095526338,0.426148057,1
1423,161,-0.439279139,0.7625296116,1
1423,193,-0.1932329535,4.666939735,1
1423,225,-0.1275669932,3.982664824,1
1423,257,0.5400403142,0.822006464,1
1423,289,0.2752563059,-0.09461048245,1
1423,321,0.1693788171,-0.6440918446,1
1423,353,0.1249366179,-0.353404671,1
1423,385,0.2057356387,0.2166289985,1
1423,417,0.3303293586,0.7074323893,1
1423,449,-0.166522935,1.104230523,1
1423,481,-0.09189710021,0.4659187496,1
1423,513,-0.03778383136,-0.1247852072,1
1423,545,1.074070692,-0.0004499852657,1
1423,577,0.4952289462,-0.4956697226,1
1423,609,0.5503292084,-0.8383885622,1
1423,641,0.822290659,-0.4799678326,1
1423,673,0.2790491581,0.8209062219,1
1423,705,0.2096338868,-0.2843360305,1
1423,737,-17.99254036,6.378218651,1
1423,769,-19.22184563,0.6925377846,1
1423,801,0.02833151817,-0.114133507,1
1423,833,-0.6198064685,-0.2661449015,1
1423,865,-0.3551632762,-0.2191922963,1
1423,897,-0.467160821,-0.007691442966,1
1423,929,-0.6034861803,-0.1892414391,1
1423,961,-0.3294683099,0.04240652919,1
1423,993,0.1612156034,-0.2392601371,1
1423,1025,1.508650303,-5.972982407,1
1423,1057,1.999778271,0.08288899064,1
1423,1089,3.85460186,0.3822609782,1
1423,1121,4.581791878,0.3787395358,1
1423,1153,2.864091158,-0.3126379848,1
1423,1185,1.716829777,-0.6887967587,1
1423,1217,0.3792098761,-1.09431839,1
1423,1249,-0.111820519,0.6189889908,1
1423,1281,0.08825458586,0.9322863221,1
1423,1313,-0.3774177432,0.9660657644,1
1423,1345,-1.707009673,0.6995621324,1
1423,1377,17.25694084,5.335046768,1
1423,1409,-0.2139838934,0.2130826116,1
1423,1441,-0.4393652081,0.3228278458,1
1423,1473,-0.5222744346,0.3281342983,1
1423,1505,-0.2202133834,0.2948060632,1
1423,1537,0.119443953,0.2505694628,1
1423,1569,-0.02197567001,-0.004986450076,1
1423,1601,0.1716405898,-0.177260071,1
1423,1633,1.587658048,-0.1317855418,1
1423,1665,2.066980124,-0.2504432797,1
1423,1697,1.748095512,-0.5647915602,1
1423,1729,0.8940497041,-0.2097165138,1
1423,1761,0.3432672024,0.04226879776,1
1423,1793,-0.07604914904,-0.2623290718,1
1423,1825,-0.1219857931,-0.03674465418,1
1423,1857,0.1183374748,0.1457201689,1
1423,1889,0.04325844347,-0.08945724368,1
1423,1921,-0.02805782109,0.2792185545,1
1423,1953,0.119393751,0.7808799744,1
1423,1985,0.2642092407,0.2464858592,1
1423,2017,0.2218728215,-0.4441158772,1
1455,33,-0.09170424938,1.437859416,1
1455,65,-0.2378915548,-0.04341053963,1
1455,97,-0.4867321849,-0.7084764242,1
1455,129,-0.6037204266,-0.2269989252,1
1455,161,-0.618373096,0.648563385,1
1455,193,-0.3095205426,1.060214281,1
1455,225,0.8391553164,0.9615556002,1
1455,257,0.5925171375,-0.06204637885,1
1455,289,-0.6864721775,-1.3190943,1
1455,321,-0.4151500165,-0.8745385408,1
1455,353,0.2681245804,-0.375701189,1
1455,385,0.58040905,0.5532282591,1
1455,417,0.710052669,0.3504002094,1
1455,449,0.4509153366,-0.3989505768,1
1455,481,-0.1566488594,0.6223582029,1
1455,513,-0.5932937264,0.1221675277,1
1455,545,0.1026102006,-0.1393680871,1
1455,577,0.5930433273,-0.5093596578,1
1455,609,1.014739752,-0.5876547694,1
1455,641,1.412669301,-0.5813903809,1
1455,673,0.4111860394,-1.145809889,1
1455,705,-0.9403972626,-0.4765248895,1
1455,737,-0.5381586552,-0.8755135536,1
1455,769,0.2091173828,-0.7139474154,1
1455,801,0.06561850011,0.2098256052,1
1455,833,-0.1226842776,0.4687104821,1
1455,865,-0.06924691796,1.522631407,1
1455,897,-0.2145145535,0.916531086,1
1455,929,-0.7380539179,-0.008982136846,1
1455,961,-0.3737578392,0.5082291365,1
1455,993,-0.4599399865,0.7662185431,1
1455,1025,0.4979569912,0.009933888912,1
1455,1057,1.380110264,-0.05072928965,1
1455,1089,1.552330017,-0.1647090018,1
1455,1121,3.616662502,-0.4379820228,1
1455,1153,3.009551525,-0.8321878314,1
1455,1185,2.113772392,-1.235710859,1
1455,1217,0.5901365876,-0.6791667938,1
1455,1249,-0.2057027817,0.1838268191,1
1455,1281,-0.08112150431,1.377450109,1
1455,1313,-0.8709661961,1.393866777,1
1455,1345,-1.319913626,1.694085836,1
1455,1377,-0.7416699529,1.110849857,1
1455,1409,-0.4330559969,0.5953075886,1
1455,1441,-0.4128166437,0.5013793707,1
1455,1473,-0.4266797304,0.5167623758,1
1455,1505,-0.4339546561,0.3601151407,1
1455,1537,-0.0582742095,0.1946595013,1
1455,1569,0.01547157764,0.1703374684,1
1455,1601,0.1218881086,-0.06490300596,1
1455,1633,1.455406427,-0.1488405168,1
1455,1665,1.069836259,-0.2317783535,1
1455,1697,0.7354755998,-0.5573125482,1
1455,1729,0.1266640425,-0.4459938407,1
1455,1761,0.1771942377,-0.1291235089,1
1455,1793,0.2330961525,-0.293538928,1
1455,1825,0.06913685799,-0.0325691551,1
1455,1857,0.009022474289,-0.04511692375,1
1455,1889,-0.04089768976,-0.1416812986,1
1455,1921,-0.2329385579,0.3139443696,1
1455,1953,-0.05867279321,0.417175442,1
1455,1985,0.3758784533,0.09052999318,1
1455,2017,0.3708181083,-0.3144311607,1
1487,33,-0.2935375571,1.284471273,1
1487,65,-0.3444163799,-0.07366634905,1
1487,97,-0.3892728686,-0.3852589428,1
1487,129,-0.2941862643,-0.193957448,1
1487,161,-0.5852700472,0.2465004921,1
1487,193,-0.5293871164,0.7603914142,1
1487,225,0.3943490982,0.4692286253,1
1487,257,0.1110650599,-0.7744700909,1
1487,289,-0.3952345848,-1.392091513,1
1487,321,-0.2681842744,-0.5588020086,1
1487,353,0.3029666245,0.2982884943,1
1487,385,0.690233469,1.352411747,1
1487,417,0.64991045,0.3481938839,1
1487,449,0.3251858652,-0.560054481,1
1487,481,-0.2430258244,-0.1612698883,1
1487,513,-1.089533091,-0.4285917282,1
1487,545,-0.8761060834,-0.1098237783,1
1487,577,-0.1343784928,-0.64825809,1
1487,609,0.5825693607,-0.7042147517,1
1487,641,0.9356398582,-0.8625147939,1
1487,673,0.548789978,-1.025416493,1
1487,705,0.09843418002,-0.6437718868,1
1487,737,0.4413550198,-0.2217739522,1
1487,769,0.6525441408,-0.227926001,1
1487,801,1.053994894,0.149915874,1
1487,833,-0.09743876755,1.314597607,1
1487,865,-0.4202480316,1.260657072,1
1487,897,-0.339789778,-0.007666826248,1
1487,929,-0.06597965956,-0.2894236147,1
1487,961,0.01673072577,0.5328919888,1
1487,993,9.653741837,2.322843313,1
1487,1025,0.8789181709,0.1402125955,1
1487,1057,1.02512145,-0.01340648532,1
1487,1089,-0.2295886278,-0.6682058573,1
1487,1121,0.3904550672,-1.030995011,1
1487,1153,0.7674757838,-2.332733631,1
1487,1185,0.4819764495,-1.83072257,1
1487,1217,-0.04888916016,-1.098169208,1
1487,1249,-0.6292752028,-0.452629596,1
1487,1281,-0.9791128635,0.6050852537,1
1487,1313,-0.9917956591,3.255348206,1
1487,1345,-1.607191443,4.305930138,1
1487,1377,-2.910907507,2.710567951,1
1487,1409,-2.739472628,2.603863478,1
1487,1441,-0.1537805796,0.5723992586,1
1487,1473,0.1055082977,0.1335667372,1
1487,1505,-0.501416564,0.03477956355,1
1487,1537,-0.6221460104,0.03519845381,1
1487,1569,-0.9755892158,0.1860457957,1
1487,1601,-1.345994473,0.1724719852,1
1487,1633,0.2111958861,-7.036221027,1
1487,1665,2.616556883,-8.511322975,1
1487,1697,0.3156424463,-0.6504493356,1
1487,1729,-0.3019072413,-0.6302109361,1
1487,1761,0.1380541623,0.03061923385,1
1487,1793,0.4572739899,-0.004421547055,1
1487,1825,0.2031058967,0.1623367816,1
1487,1857,-0.13054277,0.1423211396,1
1487,1889,-0.07514240593,0.08893875778,1
1487,1921,-0.8954856992,0.1321380138,1
1487,1953,-0.4072991014,0.4484318495,1
1487,1985,0.1450447291,0.1579519063,1
1487,2017,0.4107622802,-0.1795300245,1
1519,33,-0.2452866733,0.9382359982,1
1519,65,-0.2146671861,-0.03304904699,1
1519,97,-0.2694390714,-0.00884077698,1
1519,129,-0.2385552227,-0.008159898221,1
1519,161,-0.2279766202,-0.04984775186,1
1519,193,0.1214808673,0.2057824135,1
1519,225,0.08675923944,0.3431941271,1
1519,257,-0.07321691513,-0.7095515132,1
1519,289,0.4272177815,-1.176816106,1
1519,321,0.5851956606,0.07266886532,1
1519,353,0.2241033614,1.352794766,1
1519,385,0.4678508341,0.952023387,1
1519,417,0.5492405891,0.5311304331,1
1519,449,0.119285509,0.3416879177,1
1519,481,0.01679037139,-0.2134470642,1
1519,513,-0.6917914152,-0.7772612572,1
1519,545,-0.1666657329,-0.326369375,1
1519,577,0.3644025922,-0.2270472646,1
1519,609,0.314874053,-0.1921122968,1
1519,641,0.3300001919,-0.4934933186,1
1519,673,0.1862739623,-0.2675107121,1
1519,705,0.1873137951,-0.07926237583,1
1519,737,0.4106675088,0.004279479384,1
1519,769,0.5575361252,-0.06096038222,1
1519,801,0.8058220148,0.3462783694,1
1519,833,0.3046868742,0.7824810743,1
1519,865,-0.364846319,-0.156242907,1
1519,897,-0.5940906405,-0.885807395,1
1519,929,-0.1879166067,-1.009257913,1
1519,961,0.2450935841,-0.2493245304,1
1519,993,0.4194802046,-0.6557884216,1
1519,1025,1.540973544,-0.2620164752,1
1519,1057,1.046400428,-0.6158262491,1
1519,1089,1.313199759,-0.7417368293,1
1519,1121,0.976344049,-1.258968353,1
1519,1153,-0.1176664531,-1.355399847,1
1519,1185,-0.5161703229,-1.499309063,1
1519,1217,-0.666082263,-1.367990971,1
1519,1249,-0.9022213221,-0.5492780805,1
1519,1281,-0.1098572016,0.7217689753,1
1519,1313,-0.9111756086,0.6729052067,1
1519,1345,-0.9394721985,7.327003479,1
1519,1377,-2.451431751,3.628857613,1
1519,1409,-1.298149586,3.914026737,1
1519,1441,-0.002237439156,1.053987741,1
1519,1473,0.06795191765,0.5251407623,1
1519,1505,-0.6497256756,0.4793103933,1
1519,1537,-0.8113541603,0.2278642356,1
1519,1569,-3.282184839,0.4217407107,1
1519,1601,-3.468384743,0.3641990721,1
1519,1633,-0.1956917644,0.06767483056,1
1519,1665,0.2942449152,-0.2250760794,1
1519,1697,0.09852536768,-0.5466935635,1
1519,1729,-0.07030742615,-0.4621577859,1
1519,1761,0.1017373204,0.1133492291,1
1519,1793,0.2504131496,0.267064929,1
1519,1825,0.182003811,0.07886123657,1
1519,1857,0.09948590398,0.04705401883,1
1519,1889,0.3962615132,0.1251469851,1
1519,1921,0.1969183236,0.09899367392,1
1519,1953,-0.4622023106,0.7318345904,1
1519,1985,-0.2406056523,0.09662176669,1
1519,2017,0.2803356349,-0.03533245623,1
1551,33,-0.5283070207,0.631118238,1
1551,65,-0.1069722697,0.1152601391,1
1551,97,-0.07112726569,0.04756399244,1
1551,129,0.004332408309,0.03795433789,1
1551,161,-0.04143384099,0.187036559,1
1551,193,-0.05528273433,0.2274615765,1
1551,225,-0.2490958869,0.1495686173,1
1551,257,-0.19223544,-0.3745117188,1
1551,289,-0.07962325215,-0.5291808844,1
1551,321,0.1849850714,0.06187495589,1
1551,353,0.1493085921,1.394455194,1
1551,385,0.1317876279,0.9129711986,1
1551,417,-0.003326609731,0.7523104548,1
1551,449,-0.3530817628,0.9848393202,1
1551,481,-0.1457924545,1.309780955,1
1551,513,-0.05196861923,0.856962204,1
1551,545,0.6128438711,0.0465284586,1
1551,577,0.7181442976,-0.05879899859,1
1551,609,0.03459340334,0.1823504567,1
1551,641,-0.004141926765,-0.02975440025,1
1551,673,0.01009792089,0.1988087893,1
1551,705,0.07309524715,0.3950970769,1
1551,737,0.2676168084,0.5777264833,1
1551,769,0.18440938,0.2077046037,1
1551,801,1.458729744,0.007478952408,1
1551,833,1.112630725,-0.006804525852,1
1551,865,-0.1066505164,-0.7533459663,1
1551,897,-1.137028933,-0.6991732717,1
1551,929,-0.3962133825,-0.5906543136,1
1551,961,-0.1495929062,-0.4743718505,1
1551,993,-0.19754228,0.01865562797,1
1551,1025,-0.3469649255,-0.2725671828,1
1551,1057,0.253567934,-0.411476016,1
1551,1089,4.535343647,-1.189929485,1
1551,1121,2.417557716,-3.719722748,1
1551,1153,0.02274650335,-1.619738936,1
1551,1185,-0.9877345562,-2.179904222,1
1551,1217,-1.331773281,-1.114164114,1
1551,1249,-0.9644260406,-0.08388185501,1
1551,1281,-0.6985963583,0.2052600384,1
1551,1313,-1.335123181,1.201632142,1
1551,1345,-2.299704552,2.40819931,1
1551,1377,-1.672455788,2.12878108,1
1551,1409,-0.8651498556,2.713264942,1
1551,1441,0.03192263842,0.8641149402,1
1551,1473,-0.3174042702,0.5554913282,1
1551,1505,-5.691079617,-13.37194157,1
1551,1537,-0.6108583212,0.5090359449,1
1551,1569,-1.158952236,-0.3954287171,1
1551,1601,-1.247218251,-0.305052489,1
1551,1633,-0.931389451,0.8041973114,1
1551,1665,0.006139814854,0.01746299863,1
1551,1697,-0.01051089168,-0.4301225543,1
1551,1729,-0.01471806318,-0.4823089242,1
1551,1761,0.09392599761,-0.2362165749,1
1551,1793,0.1278787851,0.2437450588,1
1551,1825,0.1252550334,0.1194174141,1
1551,1857,0.2707044184,-0.3792991638,1
1551,1889,0.1731125265,-0.2729858756,1
1551,1921,-0.2211852372,-0.1488638818,1
1551,1953,-0.2439997792,-0.2563801408,1
1551,1985,-0.3383175731,-0.0897898376,1
1551,2017,-0.1528823227,0.06015059352,1
1583,33,-0.5793427229,0.4116565287,1
1583,65,-0.1357287765,0.131298095,1
1583,97,0.190672189,0.1085438803,1
1583,129,0.2174057364,-0.0748379454,1
1583,161,0.2625820935,0.3092258871,1
1583,193,0.1199737042,0.06556411833,1
1583,225,0.07882128656,-0.1783869565,1
1583,257,-0.01920850575,-0.5125622749,1
1583,289,0.1585769951,-0.3651797771,1
1583,321,0.6038095355,0.04057581723,1
1583,353,0.5721257329,1.45118463,1
1583,385,0.2599549592,1.199228883,1
1583,417,-0.04182758927,0.9801593423,1
1583,449,-0.6635114551,1.056253672,1
1583,481,-0.3571413457,2.034577847,1
1583,513,-0.1649946421,1.930068851,1
1583,545,0.008178889751,0.8107507825,1
1583,577,0.515452683,-0.08134204894,1
1583,609,-0.07275089622,-0.5477175117,1
1583,641,-0.1787530333,-0.5912004709,1
1583,673,-0.01253029704,0.1625536382,1
1583,705,0.09041913599,1.009419084,1
1583,737,0.4616080523,1.733172894,1
1583,769,0.3237325251,0.8343681097,1
1583,801,0.69994241,0.01403999329,1
1583,833,0.5388561487,-0.6639019251,1
1583,865,-0.08469954133,-1.566256046,1
1583,897,-0.5718457699,-0.3761695027,1
1583,929,-0.5467198491,-0.1512717903,1
1583,961,-0.6771090627,-0.2881045341,1
1583,993,-0.6064786911,-0.3593779802,1
1583,1025,-0.9949456453,-0.5259951949,1
1583,1057,-0.3185731471,-0.3299303055,1
1583,1089,0.4448564351,-1.057529449,1
1583,1121,0.9422008991,-4.809074402,1
1583,1153,-0.2443127036,-1.258353591,1
1583,1185,-1.170317531,-1.08682394,1
1583,1217,-2.333052158,-0.4678111076,1
1583,1249,-2.229310036,-0.2133396417,1
1583,1281,-1.070568919,0.7975426912,1
1583,1313,-1.315021276,1.822328448,1
1583,1345,-1.269419789,4.340913773,1
1583,1377,-1.886769891,3.374115229,1
1583,1409,-3.193763971,3.475906134,1
1583,1441,-4.625792027,12.56646919,1
1583,1473,-0.3659707308,0.8967856169,1
1583,1505,-0.8970102072,1.658205032,1
1583,1537,-0.7175480127,1.610331297,1
1583,1569,-0.2221754789,0.46561867,1
1583,1601,-1.632517099,0.4153842926,1
1583,1633,-2.104631424,0.6183879375,1
1583,1665,-0.1681545973,0.314842701,1
1583,1697,0.1329696029,-0.149131462,1
1583,1729,0.09086127579,-0.6249915361,1
1583,1761,0.1417644918,-0.1573329866,1
1583,1793,-0.05371508002,0.3800987899,1
1583,1825,-0.1819239408,0.07777898014,1
1583,1857,0.3914977312,-0.495438844,1
1583,1889,0.1792854965,-0.3265567422,1
1583,1921,-0.6940333247,-0.2969325483,1
1583,1953,-0.2834382951,-0.3110963106,1
1583,1985,0.07290709019,0.03638508171,1
1583,2017,0.1337020993,0.07455536723,1
1615,33,-0.2261492759,0.3884778321,1
1615,65,-0.09510135651,-0.098439008,1
1615,97,0.1227941662,0.1336926818,1
1615,129,0.05982840061,0.01199494302,1
1615,161,0.4969055653,-0.03602870554,1
1615,193,0.7121070027,-0.02353712916,1
1615,225,0.2173424512,0.07805070281,1
1615,257,-0.07883800566,0.1069184244,1
1615,289,-0.1874887049,-0.2545213401,1
1615,321,-0.09357523918,-0.004547446966,1
1615,353,-0.03824089468,0.194877997,1
1615,385,0.290289551,0.1102665663,1
1615,417,-0.1081578135,0.3955190182,1
1615,449,-0.2760639489,0.3686035872,1
1615,481,-0.2810652852,1.329485178,1
1615,513,-0.6056835651,1.394980788,1
1615,545,-1.085019469,0.6935682297,1
1615,577,-1.096578121,-0.3080979586,1
1615,609,-1.097499371,-1.057797194,1
1615,641,-0.460434258,-1.142390728,1
1615,673,0.1420757324,-0.8990638852,1
1615,705,0.1520874798,0.2051012516,1
1615,737,0.3110636473,0.9215099216,1
1615,769,-0.4342550039,1.358916998,1
1615,801,-0.9320942163,0.9856713414,1
1615,833,-0.5304495096,-1.203958869,1
1615,865,-0.0876173377,-1.802446127,1
1615,897,0.5700024962,-0.343123734,1
1615,929,1.033257008,0.2767525017,1
1615,961,-0.8153291941,0.3676091135,1
1615,993,-0.981677115,-0.2760031521,1
1615,1025,-0.2766565979,-0.6442838907,1
1615,1057,-0.3539426923,-0.344860971,1
1615,1089,-0.2101472914,-0.4646444917,1
1615,1121,-0.05800360441,-0.1590334773,1
1615,1153,-0.4602846205,-0.2942311168,1
1615,1185,-0.9238135815,0.4067485332,1
1615,1217,-0.6392762661,0.4721186757,1
1615,1249,-0.07707810402,1.147859812,1
1615,1281,-0.923589468,1.309033513,1
1615,1313,-0.8076078296,3.443683624,1
1615,1345,-0.03620117903,5.628869534,1
1615,1377,-1.690338373,4.228795528,1
1615,1409,-2.5804317,3.512829304,1
1615,1441,-7.180051804,12.66065788,1
1615,1473,-0.6660752296,0.9046106935,1
1615,1505,0.6647524834,19.48081779,1
1615,1537,-0.2549166083,0.2688184977,1
1615,1569,0.1003125906,0.5134468079,1
1615,1601,-0.8233548403,0.651491642,1
1615,1633,-1.198326707,0.6650788784,1
1615,1665,-0.3308925629,0.4411464334,1
1615,1697,-0.06580644846,-0.03746677935,1
1615,1729,0.3190423548,-0.4252188802,1
1615,1761,0.3429671526,0.05048893392,1
1615,1793,0.2036167532,0.652879715,1
1615,1825,0.2482052445,0.004858799279,1
1615,1857,0.2098378539,-0.4868933558,1
1615,1889,0.0654656738,-0.2730464935,1
1615,1921,-0.3530681729,-0.05129092932,1
1615,1953,-0.01813518256,0.01937958598,1
1615,1985,0.4847911596,0.02911672182,1
1615,2017,0.4295628071,0.0425670892,1
1647,33,-0.07421018183,0.4681222737,1
1647,65,0.1077583581,-0.2137990892,1
1647,97,0.004119064659,-0.3903189898,1
1647,129,-0.2519579232,-0.119804576,1
1647,161,-0.01768943667,-0.1760084033,1
1647,193,0.3311225176,-0.2530626953,1
1647,225,0.5414088964,0.2010463476,1
1647,257,0.3822332919,0.3211565614,1
1647,289,-0.1440438032,0.2802087069,1
1647,321,-0.652277112,0.2913196981,1
1647,353,-0.3964476287,0.2789274454,1
1647,385,-0.131406337,0.3389641643,1
1647,417,-0.0411798358,0.4596360922,1
1647,449,-0.04547047615,0.1441444159,1
1647,481,-0.2996667624,0.4354377389,1
1647,513,-0.9889640808,-0.4142727256,1
1647,545,-2.043572187,-0.2189799547,1
1647,577,-3.184331656,-0.2800715864,1
1647,609,-2.431912899,-0.3784155548,1
1647,641,-1.108425021,-0.8290999532,1
1647,673,0.288089335,-1.207205892,1
1647,705,0.198236227,-0.2678169608,1
1647,737,0.1705345511,0.3656262755,1
1647,769,-1.396296024,0.8442510962,1
1647,801,-3.598499298,1.836167812,1
1647,833,-0.9877829552,-0.2891582251,1
1647,865,0.2813525498,-0.7997177839,1
1647,897,0.8815355301,-0.266074717,1
1647,929,-0.2252302766,0.5063788891,1
1647,961,-1.426626444,1.14931345,1
1647,993,-1.318629026,0.3364432156,1
1647,1025,-0.1843332052,-0.322242707,1
1647,1057,-0.0245064199,-0.8043540716,1
1647,1089,-0.1193687022,-0.8436189294,1
1647,1121,0.2490218282,0.2309364974,1
1647,1153,-0.3001178801,0.2988823652,1
1647,1185,-0.5932561159,0.8594329953,1
1647,1217,-0.1568714976,1.111241341,1
1647,1249,1.418962598,3.260290623,1
1647,1281,-20.20554161,1.510841608,1
1647,1313,-20.28484917,1.194847941,1
1647,1345,-0.7478673458,2.923962116,1
1647,1377,-2.604301929,3.467596769,1
1647,1409,-2.631500483,3.639564991,1
1647,1441,-0.8223609924,-1.814566731,1
1647,1473,-0.3992144763,-0.382650733,1
1647,1505,-0.1488302201,-1.567564607,1
1647,1537,0.4407112896,-0.6196520329,1
1647,1569,0.7272706032,0.5801203251,1
1647,1601,16.31316948,3.028325081,1
1647,1633,0.2275538146,0.5505670309,1
1647,1665,-0.04097834229,0.3525559604,1
1647,1697,-0.1879242361,-0.007985830307,1
1647,1729,0.0541504845,-0.4157885611,1
1647,1761,0.05704152584,-0.04447773844,1
1647,1793,0.2869517505,0.3731722832,1
1647,1825,0.4759637117,-0.1134275794,1
1647,1857,0.1283116341,-0.2840668261,1
1647,1889,-0.1050931215,-0.02708625793,1
1647,1921,0.08859580755,0.004656657577,1
1647,1953,0.3162122965,-0.1548863947,1
1647,1985,0.3640145063,-0.06021895632,1
1647,2017,0.2274700254,0.01739674807,1
1679,33,0.1373919249,0.5232923627,1
1679,65,0.3369660974,-0.1186917722,1
1679,97,0.265182972,-0.400410533,1
1679,129,-0.1136892885,0.125926733,1
1679,161,-0.216596663,-0.1302537471,1
1679,193,-0.1211792529,-0.07387590408,1
1679,225,0.04765248299,0.2009211481,1
1679,257,0.4697499871,0.2253320664,1
1679,289,0.2861703932,0.2703433335,1
1679,321,-0.03169200569,0.04044977576,1
1679,353,-0.1516247839,-0.1939400882,1
1679,385,-0.1758045852,-0.2082365155,1
1679,417,-0.2240401506,0.134542644,1
1679,449,-0.4206875861,0.5734062791,1
1679,481,-0.08554553986,0.6180124879,1
1679,513,-0.2667121887,0.5031841993,1
1679,545,-2.407403946,-0.2863961458,1
1679,577,-1.973680854,-0.2436262667,1
1679,609,-2.089019775,-0.5910701752,1
1679,641,-2.139800549,-0.5510278344,1
1679,673,-0.6301081181,-0.1565845609,1
1679,705,-0.2016889751,0.005340129137,1
1679,737,-0.7241196632,0.3362232447,1
1679,769,-1.852480412,0.6229529381,1
1679,801,-3.457840443,1.152113199,1
1679,833,-2.211069107,1.226391673,1
1679,865,0.4110184312,-0.009842783213,1
1679,897,0.1821042001,-0.8726462126,1
1679,929,-0.6248756647,0.2311810255,1
1679,961,-0.8116489649,0.7418113351,1
1679,993,-0.5092971325,0.3682810068,1
1679,1025,0.1316026449,-0.07780753076,1
1679,1057,-0.5482529998,-0.8942543268,1
1679,1089,-0.3486930132,-0.8228037357,1
1679,1121,-0.182798028,-0.08781421185,1
1679,1153,0.03376102448,0.08404901624,1
1679,1185,-0.1807522178,0.5548886061,1
1679,1217,0.004073381424,0.8448252678,1
1679,1249,0.07509857416,1.166432023,1
1679,1281,-16.92049789,12.25774002,1
1679,1313,-0.7514500618,19.41193771,1
1679,1345,-0.9715051055,1.590201259,1
1679,1377,-0.5770666003,2.640840769,1
1679,1409,-0.8730379939,3.394322157,1
1679,1441,-0.3854429424,0.9663546681,1
1679,1473,0.03871193528,-0.8978941441,1
1679,1505,0.3277308345,-1.863423824,1
1679,1537,0.434027344,-0.9175776243,1
1679,1569,0.4541445374,0.4388011098,1
1679,1601,5.411845684,-6.430840015,1
1679,1633,0.2668143511,0.1806463599,1
1679,1665,0.2991094291,0.2705729008,1
1679,1697,0.3576032519,-0.003754034638,1
1679,1729,0.325004518,-0.2022085488,1
1679,1761,-0.1856385618,0.2594079673,1
1679,1793,-0.3183068335,0.31033355,1
1679,1825,-0.005086556077,-0.0152131319,1
1679,1857,0.3541057706,0.0179371722,1
1679,1889,0.08427587152,0.05433253944,1
1679,1921,0.1181332842,-0.3054214716,1
1679,1953,0.1241853163,-0.3217597008,1
1679,1985,-0.04383801669,-0.1066756696,1
1679,2017,0.05576011539,-0.008849546313,1
1711,33,0.3553366661,0.6042281389,1
1711,65,0.2302623987,0.01046574861,1
1711,97,0.2768266797,-0.3984705806,1
1711,129,0.2600969374,-0.1015485227,1
1711,161,0.2261769772,-0.3488234282,1
1711,193,0.2207013369,-0.05384852737,1
1711,225,0.1237528995,0.4243399501,1
1711,257,-0.0178206861,0.3126176596,1
1711,289,-0.08009001613,0.1517370641,1
1711,321,0.134695068,-0.2368963361,1
1711,353,0.1402673274,-0.5777006149,1
1711,385,0.1022347063,-0.5730901361,1
1711,417,0.07158044726,-0.2518809438,1
1711,449,-0.2825017571,0.255962044,1
1711,481,-0.5371164083,0.1146305948,1
1711,513,-0.08280146122,-0.1658252478,1
1711,545,-0.1799410582,-0.4329709709,1
1711,577,-0.3053975105,-1.600260019,1
1711,609,-0.02100872993,-4.077755451,1
1711,641,-1.933061957,-1.033069015,1
1711,673,0.04823327065,0.6633566618,1
1711,705,0.06253054738,0.3926441967,1
1711,737,-0.2997488678,0.2693070769,1
1711,769,-0.5630410314,0.8951426744,1
1711,801,-2.798202276,1.474653721,1
1711,833,-2.95585227,1.72148633,1
1711,865,-0.9961482882,0.09310075641,1
1711,897,-0.7611511946,-0.1026738212,1
1711,929,-0.8948909044,0.1449148953,1
1711,961,-1.040912271,0.474756062,1
1711,993,-0.7537215948,0.4706603289,1
1711,1025,-0.7800881863,0.1844546199,1
1711,1057,-0.8154522181,-0.2886240184,1
1711,1089,-0.4286871254,-0.4043406248,1
1711,1121,-0.5415309668,-0.2242887467,1
1711,1153,-0.7185027599,0.3356689811,1
1711,1185,-0.4200743735,0.577603817,1
1711,1217,-0.2452365458,0.9100232124,1
1711,1249,-0.3795593679,1.389744997,1
1711,1281,-0.02002394199,0.3603714705,1
1711,1313,-0.6844416857,0.4215569496,1
1711,1345,-1.640286684,0.7993520498,1
1711,1377,-0.7441766858,2.07556057,1
1711,1409,0.2074280381,2.451135874,1
1711,1441,-0.2983276248,-0.802229166,1
1711,1473,-0.1943101734,-0.8275095224,1
1711,1505,0.0843481943,-1.273517251,1
1711,1537,0.4087040424,-0.7592442036,1
1711,1569,0.4579305053,0.06621914357,1
1711,1601,0.4577667713,-0.1522200853,1
1711,1633,0.2858693898,-0.3117042184,1
1711,1665,0.1400465667,0.06938239932,1
1711,1697,0.3492850363,-0.1734986603,1
1711,1729,0.3953987956,-0.1627431512,1
1711,1761,-0.3275074065,-0.0193195641,1
1711,1793,-0.4968915284,-0.06801861525,1
1711,1825,0.2703047991,0.3102954328,1
1711,1857,0.5194004178,0.3337437809,1
1711,1889,0.1478239298,0.1692621857,1
1711,1921,-0.182003364,-0.1563819945,1
1711,1953,-0.4209450483,-0.3547220528,1
1711,1985,-0.235425666,-0.1017573625,1
1711,2017,0.1915096939,-0.1118364036,1
1743,33,0.5872888565,0.6542671919,1
1743,65,0.05452884734,0.0108685717,1
1743,97,-0.2816953957,-0.3380796015,1
1743,129,0.2384936512,-0.5616836548,1
1743,161,0.2139956504,-0.5227375031,1
1743,193,0.3411679864,-0.05593972653,1
1743,225,0.3474823534,0.4350235462,1
1743,257,-0.3132238984,0.2959751487,1
1743,289,-0.2521374226,0.1556770504,1
1743,321,0.1759136617,-0.1518055648,1
1743,353,0.290632993,-0.4555806518,1
1743,385,0.2530250251,-0.3261585832,1
1743,417,0.1686552018,-0.1498946398,1
1743,449,-0.2009011805,-0.0339384377,1
1743,481,-0.6005916595,0.06122581661,1
1743,513,-0.3827348948,0.03935183212,1
1743,545,-0.4334686995,0.2021317184,1
1743,577,-0.07074666023,0.4649797678,1
1743,609,0.6902067661,0.1810860634,1
1743,641,0.160746336,0.1499385536,1
1743,673,-0.03289172053,-0.1264861524,1
1743,705,-0.1951964647,0.2679217458,1
1743,737,0.2227194607,0.7446068525,1
1743,769,0.07228040695,1.327711344,1
1743,801,-0.3390030861,1.389910698,1
1743,833,-0.4579942822,0.5481626987,1
1743,865,-1.108920336,-0.1095378101,1
1743,897,-1.564389467,-0.04293741658,1
1743,929,-2.059504509,0.008035629988,1
1743,961,-2.386115074,0.3567071557,1
1743,993,-1.739964008,0.6893780231,1
1743,1025,-0.975348711,0.5064797401,1
1743,1057,-1.411692977,-0.3784233332,1
1743,1089,-0.7484620214,-0.4696590602,1
1743,1121,-0.4785273075,-0.2289684862,1
1743,1153,-0.6949452758,0.4798704088,1
1743,1185,-0.6391123533,0.8383581638,1
1743,1217,-0.7231513262,1.713560462,1
1743,1249,-0.6558362246,1.908997178,1
1743,1281,-0.9992039204,0.9083521366,1
1743,1313,-1.22256422,0.529808104,1
1743,1345,-1.223728657,0.6476812363,1
1743,1377,-1.06455636,0.9143221378,1
1743,1409,-0.4445211887,0.5384119153,1
1743,1441,-0.3062027693,-0.7556484938,1
1743,1473,-0.3007122576,-0.4513114691,1
1743,1505,0.3336251676,-0.3776392937,1
1743,1537,0.4296988845,-0.3530673981,1
1743,1569,0.291115135,-0.460996449,1
1743,1601,0.2395071387,-0.8178501129,1
1743,1633,0.08709920943,-0.4760329127,1
1743,1665,-0.09591074288,-0.08975660801,1
1743,1697,0.2817640007,-0.3539528847,1
1743,1729,0.359804064,-0.2558090985,1
1743,1761,-0.3712146878,-0.3588449359,1
1743,1793,-0.3033633232,-0.4081521332,1
1743,1825,0.4513569772,-0.1302743852,1
1743,1857,0.6061992049,-0.002437546849,1
1743,1889,0.2925211787,-0.01313798875,1
1743,1921,-0.01929051802,-0.1923155934,1
1743,1953,-0.2553409934,-0.007823362947,1
1743,1985,0.01499997452,0.06567266583,1
1743,2017,0.3646354079,-0.2702697515,1
1775,33,0.1893413663,0.577180922,1
1775,65,0.112573497,-0.09511465579,1
1775,97,9.976110458,-10.41284752,1
1775,129,-14.89416027,9.105914116,1
1775,161,0.3152536154,-0.5890018344,1
1775,193,0.3873852789,0.2660090923,1
1775,225,0.2996367812,0.6539921165,1
1775,257,0.02768595144,-0.0598699227,1
1775,289,-0.2918619812,-0.2791263461,1
1775,321,-0.2029614747,-0.1047501564,1
1775,353,0.2144657373,-0.1331898272,1
1775,385,0.09753233939,-0.02006100118,1
1775,417,-0.2893316746,0.01363799721,1
1775,449,-0.3141781688,-0.3544606566,1
1775,481,-0.3261666894,-0.2837989926,1
1775,513,-0.2922531068,0.03920921683,1
1775,545,-0.1603426784,0.256883353,1
1775,577,0.2339354604,0.2048568428,1
1775,609,0.6385040283,-0.1377085447,1
1775,641,-0.1710689366,-0.3825513721,1
1775,673,-0.2054858953,-0.3783997595,1
1775,705,0.213820219,0.06160324812,1
1775,737,0.1514921039,0.433488369,1
1775,769,0.2005605698,0.4205113649,1
1775,801,0.3805720806,0.01491081715,1
1775,833,-0.09242711961,-0.233304441,1
1775,865,-1.049252629,-0.07065431029,1
1775,897,-1.859517336,-0.1414852142,1
1775,929,-2.122832775,0.0291339159,1
1775,961,-2.119731426,0.420328021,1
1775,993,-1.796580076,1.213871837,1
1775,1025,-1.000296116,2.41261363,1
1775,1057,-0.9743049145,-0.3798415065,1
1775,1089,-0.9174000621,-0.3187214732,1
1775,1121,-0.5280293822,0.1896708459,1
1775,1153,-0.2999306321,0.2971452475,1
1775,1185,-0.6499623656,0.9734122157,1
1775,1217,-0.9054362178,1.681580067,1
1775,1249,-0.9541416168,1.85004127,1
1775,1281,-1.058081508,0.7064415216,1
1775,1313,-1.126104832,0.2930850983,1
1775,1345,-0.7971220613,1.101658344,1
1775,1377,-0.4288808107,0.856674552,1
1775,1409,-0.3345532119,-0.4650532901,1
1775,1441,-0.2711954713,-0.360126853,1
1775,1473,-0.2458118498,-0.1865023971,1
1775,1505,-0.1148081869,-0.1211817861,1
1775,1537,0.2657877207,-0.4514960945,1
1775,1569,0.08993129432,-0.9271954298,1
1775,1601,-0.4283797443,-0.8313068151,1
1775,1633,-0.4703091085,-0.5771296024,1
1775,1665,-0.1401041597,-0.2784484029,1
1775,1697,0.2317220122,-0.2665253282,1
1775,1729,0.2573899627,-0.15035896,1
1775,1761,-0.008778616786,-0.4080584645,1
1775,1793,-0.1783718467,0.1890630126,1
1775,1825,0.03042565286,0.1920844018,1
1775,1857,0.2008161992,-0.3436375856,1
1775,1889,0.1430591941,-0.2072185129,1
1775,1921,-0.03845074773,-0.3180596232,1
1775,1953,0.1192098036,-0.2424850166,1
1775,1985,0.05620205402,-0.01147176325,1
1775,2017,0.1075579226,-0.2214989662,1
1807,33,0.0858130753,0.4149296284,1
1807,65,0.1125662327,-0.1132208183,1
1807,97,0.2235018611,0.1367830038,1
1807,129,0.1009498984,-0.004671096802,1
1807,161,0.2460574061,-0.3108024597,1
1807,193,0.22701478,-0.03212155402,1
1807,225,0.2426015437,-0.06245467067,1
1807,257,0.3216550946,-1.14406848,1
1807,289,-0.5202179551,-0.433239609,1
1807,321,-0.4036411941,-0.01194745302,1
1807,353,0.3848145902,-0.1668085158,1
1807,385,0.04657749832,0.05418491364,1
1807,417,-0.2095644772,0.1621433347,1
1807,449,-0.1292283237,-0.04803234339,1
1807,481,-0.08846735954,-0.09986010939,1
1807,513,-0.03860674798,-0.118139483,1
1807,545,-0.07633891702,0.1328362375,1
1807,577,0.01914219558,0.06279064715,1
1807,609,0.3291983306,-0.4737898111,1
1807,641,0.08092306554,-0.4383327067,1
1807,673,-0.02710829303,-0.2746866941,1
1807,705,0.1084349677,0.0163911581,1
1807,737,-0.08093397319,0.08565986156,1
1807,769,0.35953933,0.07772308588,1
1807,801,0.4901237488,-0.2487918139,1
1807,833,0.0262054503,-0.4220271111,1
1807,865,-0.3283419609,-0.2071092725,1
1807,897,0.008143663406,-0.2723329067,1
1807,929,-1.492744088,0.3893811107,1
1807,961,-1.441636086,0.6534625292,1
1807,993,0.3153610229,2.689660549,1
1807,1025,0.08464205265,2.351806879,1
1807,1057,-1.047154307,-0.8653824329,1
1807,1089,-0.4978682995,-0.6229851246,1
1807,1121,0.1994076371,-0.223717019,1
1807,1153,-0.009470880032,-8.016824722e-05,1
1807,1185,-0.5190618038,0.7376295328,1
1807,1217,-1.032621622,0.7323322296,1
1807,1249,-0.9250876904,0.8494421244,1
1807,1281,0.2017799616,0.137530148,1
1807,1313,-0.03256440163,-0.7213541865,1
1807,1345,-0.1566874385,-0.2469077706,1
1807,1377,-0.2195394337,0.1040511727,1
1807,1409,-0.4588304758,-0.3095426559,1
1807,1441,-0.1175993532,-0.2704938054,1
1807,1473,0.09825748205,-0.2371511757,1
1807,1505,-0.1493050605,-0.3362756371,1
1807,1537,0.02011013776,-0.2750824094,1
1807,1569,0.1581379771,-0.4780193567,1
1807,1601,-0.2807910144,-0.3885347247,1
1807,1633,-0.7429935932,-0.23649773,1
1807,1665,-0.06574581563,-0.2718009949,1
1807,1697,0.4788834453,-0.2309916168,1
1807,1729,0.01741553843,-0.3177696466,1
1807,1761,0.02993570268,-0.3588052988,1
1807,1793,0.109339416,0.164978534,1
1807,1825,0.01623243093,0.1867873818,1
1807,1857,0.00891007483,-0.4127109945,1
1807,1889,0.0992116034,-0.1981958598,1
1807,1921,0.1786785722,-0.3249866664,1
1807,1953,0.1696987748,-0.6543562412,1
1807,1985,0.1134268939,-0.2015652657,1
1807,2017,0.2216488719,-0.1669026017,1
1839,33,0.04461588338,0.2439752221,1
1839,65,-0.1301517636,-0.07580155879,1
1839,97,0.0782777071,0.1423902661,1
1839,129,0.01960641146,0.2640235424,1
1839,161,0.04948361218,0.1066090763,1
1839,193,0.01652802527,-0.053854011,1
1839,225,0.2811574936,-0.4838143587,1
1839,257,0.2131444514,-1.37860024,1
1839,289,-0.0514850691,-0.6651939154,1
1839,321,0.01164627075,-0.07862526178,1
1839,353,0.3708318472,-0.3035902083,1
1839,385,-0.007829468697,0.07042399049,1
1839,417,-0.4585328698,0.4119812846,1
1839,449,-0.06571358442,0.3328038454,1
1839,481,-0.1552204192,0.3243263364,1
1839,513,-0.1373540461,0.1089281142,1
1839,545,-0.165953204,-0.02881205082,1
1839,577,-0.119448632,-0.2426503599,1
1839,609,0.03056748211,-0.4373193383,1
1839,641,-0.003969568759,-0.2244983912,1
1839,673,-0.05919851363,-0.364898622,1
1839,705,-0.1671004891,-0.09045805037,1
1839,737,-0.2259536535,-0.04845154285,1
1839,769,0.1032175049,-0.433517158,1
1839,801,0.5433249474,-0.542425096,1
1839,833,0.4910818636,-0.1927867532,1
1839,865,0.1749938726,-0.02186115086,1
1839,897,0.1152260303,-0.462659657,1
1839,929,-0.2979642153,0.07558983564,1
1839,961,-0.9715551138,0.5851120949,1
1839,993,0.6197293997,2.222577095,1
1839,1025,0.2590578198,1.678839684,1
1839,1057,-0.6886425018,-0.9483321309,1
1839,1089,-0.3161765337,-0.6758474708,1
1839,1121,0.06996776164,-0.87350142,1
1839,1153,0.1055443287,-0.3150526583,1
1839,1185,0.1238635182,-0.1669510007,1
1839,1217,-0.7175225019,0.1801726222,1
1839,1249,-0.7810025215,0.7803400755,1
1839,1281,-0.2310961485,0.1956959367,1
1839,1313,-0.1192428768,-0.04826587439,1
1839,1345,-0.1169280112,0.3801868558,1
1839,1377,-0.1864919066,0.2358385324,1
1839,1409,-0.2802552879,0.2115105391,1
1839,1441,-0.1597269624,0.1100745499,1
1839,1473,0.04883129895,-0.2628917694,1
1839,1505,-0.0006022676826,-0.3660593927,1
1839,1537,-0.1138239875,0.1460192502,1
1839,1569,-0.1605973244,0.3488502204,1
1839,1601,-0.3269861639,0.06924391538,1
1839,1633,-0.4217502177,0.08398655057,1
1839,1665,-0.2082338631,0.007239490747,1
1839,1697,0.03954322264,-0.2472925186,1
1839,1729,-0.1800245345,-0.3578764796,1
1839,1761,0.1099030226,0.05467947572,1
1839,1793,0.2619591355,0.1069053859,1
1839,1825,-0.02779557556,-0.0817233026,1
1839,1857,-0.06743275374,-0.1415302306,1
1839,1889,-0.07273286581,-0.2223395854,1
1839,1921,0.2329229414,-0.458661437,1
1839,1953,0.1272307038,-0.5122823715,1
1839,1985,-0.07268101722,-0.2266982943,1
1839,2017,0.09746067226,-0.01318460703,1
1871,33,0.1073888838,0.08292070031,1
1871,65,-0.04409920797,0.09492741525,1
1871,97,-0.1700734049,-0.240672797,1
1871,129,-0.1352801919,-0.2408454418,1
1871,161,-0.07068610191,0.2921534479,1
1871,193,0.2636110187,0.2178339362,1
1871,225,0.4282747209,-0.01420819759,1
1871,257,0.2826470733,0.01705405116,1
1871,289,0.2943679094,-0.3839409053,1
1871,321,0.1611667573,-0.2952493429,1
1871,353,0.1608520746,-0.10231933,1
1871,385,0.05410474539,0.2401754707,1
1871,417,-0.3584806621,0.4797098339,1
1871,449,-0.04326091707,0.1992913187,1
1871,481,-0.2009759992,-0.02103825659,1
1871,513,-0.4419502914,-0.05968221277,1
1871,545,-0.2883543372,-0.1936292052,1
1871,577,-0.36461851,-0.3015039563,1
1871,609,-0.2195413113,-0.3950564861,1
1871,641,0.02965375036,-0.5591900349,1
1871,673,0.1685062945,-0.4797558784,1
1871,705,0.2637183368,-0.2382429391,1
1871,737,-0.04830479994,-0.2239917517,1
1871,769,-0.2394530475,-0.5848090649,1
1871,801,0.4119511843,-0.3262602091,1
1871,833,0.5754584074,0.2772631049,1
1871,865,0.3076947629,0.01065942645,1
1871,897,0.1124105453,-0.3874120414,1
1871,929,-0.4191156626,-0.04487138987,1
1871,961,-0.4886772633,0.446043551,1
1871,993,-0.1803030074,-0.170019567,1
1871,1025,-0.05495795608,-0.003283500671,1
1871,1057,-0.3723126054,-0.1575915515,1
1871,1089,-0.6135916114,-0.1050676107,1
1871,1121,-0.3354591429,-0.2439458966,1
1871,1153,0.1680009365,-0.1541453898,1
1871,1185,0.2503580749,-0.2598843575,1
1871,1217,-0.277554214,0.1959751844,1
1871,1249,-0.4674151242,0.3544200957,1
1871,1281,-0.535263598,-0.5297538638,1
1871,1313,-0.4784608185,-0.01147520542,1
1871,1345,-0.3597132266,0.4116339087,1
1871,1377,-0.2450018227,-0.08546751738,1
1871,1409,-0.08027736843,-0.3475317359,1
1871,1441,-0.1046071723,0.01544277743,1
1871,1473,-0.09197502583,-0.06784893572,1
1871,1505,-0.1546623111,0.0006660670042,1
1871,1537,-0.2021897733,0.4996346831,1
1871,1569,-0.002990797162,0.6684188247,1
1871,1601,0.01353012025,0.262335062,1
1871,1633,-0.08658054471,-0.1883511394,1
1871,1665,-0.2252613455,-0.1078791171,1
1871,1697,-0.1317339987,-0.1581289023,1
1871,1729,-0.09273573011,-0.07975278795,1
1871,1761,0.05117350072,0.425642252,1
1871,1793,-0.0156481266,0.2035521418,1
1871,1825,-0.299587518,0.08427838236,1
1871,1857,-0.1220331863,0.1003002822,1
1871,1889,-0.06419271976,-0.0916190818,1
1871,1921,0.0465516746,-0.1326931864,1
1871,1953,0.2337019742,0.02823328972,1
1871,1985,-0.1109078676,-0.1487184018,1
1871,2017,-0.3893701434,-0.09774446487,1
1903,33,0.4283930063,-0.03588594496,1
1903,65,0.2872982919,0.2076801807,1
1903,97,-0.3680357337,0.1074963212,1
1903,129,0.1020191759,0.07163278013,1
1903,161,-0.01649680361,0.02428830415,1
1903,193,-0.3071609735,-0.01657299325,1
1903,225,-0.1403187066,0.3609869182,1
1903,257,-0.05649329722,0.2970424891,1
1903,289,-0.2240893245,-0.2021438181,1
1903,321,-0.180385381,-0.1574117988,1
1903,353,0.05060258508,0.03620675579,1
1903,385,0.1686250716,0.3068306744,1
1903,417,0.06704515219,0.4020318985,1
1903,449,0.2754695415,-0.09709569812,1
1903,481,0.02773410082,-0.5567097068,1
1903,513,-0.5391792655,-0.09541648626,1
1903,545,-0.1006607413,-0.06693422049,1
1903,577,0.04459637776,0.04420584813,1
1903,609,0.3202417493,0.1010439694,1
1903,641,0.5175920129,-0.1137094349,1
1903,673,0.1698378772,-0.2566054463,1
1903,705,0.4037357271,-0.4467232823,1
1903,737,0.05541282892,-0.3526210785,1
1903,769,-0.261520505,-0.3908178508,1
1903,801,0.5037484765,-0.1101982221,1
1903,833,0.3874504566,0.1040151566,1
1903,865,0.111045599,-0.1948777437,1
1903,897,0.2720501721,-0.1716658175,1
1903,929,-0.02725443244,0.1015809476,1
1903,961,-0.2182323933,0.5704482794,1
1903,993,-0.359195888,0.4652860761,1
1903,1025,-0.2694307566,-0.1156411171,1
1903,1057,-0.3581532836,-0.09189265966,1
1903,1089,-0.3061912358,0.02563051879,1
1903,1121,-0.3488016129,-0.4014323056,1
1903,1153,-0.2735292315,-0.2858626544,1
1903,1185,0.1654247195,-0.4842202961,1
1903,1217,0.3838501573,-0.222283408,1
1903,1249,0.128187865,0.1462453604,1
1903,1281,-0.3873617947,-0.3917268515,1
1903,1313,-0.2037202716,-0.2404440343,1
1903,1345,-0.1066759229,0.09405245632,1
1903,1377,-0.0781634897,-0.2058111429,1
1903,1409,0.212441951,-0.8037847877,1
1903,1441,0.1126763299,-0.3220977485,1
1903,1473,-0.06439875066,0.007415703032,1
1903,1505,-0.1462106109,-0.05388459191,1
1903,1537,-0.02927501872,-0.07184126973,1
1903,1569,0.3632617593,0.2210886776,1
1903,1601,0.3596228361,0.3912851214,1
1903,1633,0.2243438065,-0.1170030758,1
1903,1665,0.1654637605,-0.1014513969,1
1903,1697,0.08049422503,-0.03833187371,1
1903,1729,0.005185497925,0.0911501646,1
1903,1761,0.04988784343,0.2503006756,1
1903,1793,-0.03764559329,0.02197439224,1
1903,1825,-0.2496359199,0.04863685369,1
1903,1857,-0.2668210268,-0.06996569782,1
1903,1889,-0.1657823324,-0.1663001031,1
1903,1921,-0.07443343103,0.1274287254,1
1903,1953,-0.06696891785,0.5585118532,1
1903,1985,-0.07186184824,0.1316065937,1
1903,2017,-0.101787135,-0.3625008464,1
1935,33,0.4927319288,-0.05236676335,1
1935,65,0.1856704801,0.2047887146,1
1935,97,-0.221134305,0.7298884392,1
1935,129,0.166926831,0.3698225617,1
1935,161,0.1022282839,-0.1433296055,1
1935,193,-0.176813513,-0.2629593909,1
1935,225,-0.09160440415,0.1901184916,1
1935,257,0.1304084212,0.06108812988,1
1935,289,0.05293822289,-0.3638169467,1
1935,321,-0.07847930491,-0.313285172,1
1935,353,-0.04649887607,-0.0730478242,1
1935,385,0.1271484494,-0.04000825435,1
1935,417,0.2521166801,0.1363598704,1
1935,449,0.2736032009,-0.09888578951,1
1935,481,-0.1167819649,-0.3722110391,1
1935,513,-0.3301259577,0.04523541033,1
1935,545,0.009316518903,0.07528589666,1
1935,577,0.2740069628,0.238458246,1
1935,609,0.4879332185,0.6908124685,1
1935,641,0.2259050906,0.5407578945,1
1935,673,-0.1369355023,0.1413329244,1
1935,705,0.02099210396,-0.2548137307,1
1935,737,-0.01436727867,-0.03695178032,1
1935,769,-0.107871756,0.02608589828,1
1935,801,0.3930889666,-0.1339168549,1
1935,833,0.2735524476,-0.07047542185,1
1935,865,0.2767528296,-0.2268859148,1
1935,897,0.4805877209,-0.07101686299,1
1935,929,0.06609129906,-0.126678884,1
1935,961,-0.06929117441,-0.2360963225,1
1935,993,-0.2914917171,0.4438087344,1
1935,1025,-0.3804126978,0.2994906902,1
1935,1057,-0.5189790726,0.3667467833,1
1935,1089,-0.5867669582,0.4701919258,1
1935,1121,-0.6466462016,0.05813001096,1
1935,1153,-0.6944746971,-0.2266670465,1
1935,1185,-0.02183201909,-0.1305289119,1
1935,1217,0.155437246,-0.02003119141,1
1935,1249,-0.1936944127,-0.05934228003,1
1935,1281,-0.1464620829,-0.231343776,1
1935,1313,-0.008368819952,-0.152774632,1
1935,1345,0.02534322441,0.2508606911,1
1935,1377,0.144903332,0.255230546,1
1935,1409,0.199543193,-0.1673890352,1
1935,1441,0.2335777134,0.02299946547,1
1935,1473,0.2085843384,0.2766157389,1
1935,1505,-0.1601713598,-0.02566322684,1
1935,1537,-0.05804954842,-0.2730695605,1
1935,1569,0.1658766121,0.1209020913,1
1935,1601,-0.01506235451,0.2058584392,1
1935,1633,0.1691528261,-0.2824272811,1
1935,1665,0.05278293788,-0.2256159186,1
1935,1697,0.0374776721,0.1212119162,1
1935,1729,0.1748105586,0.07945466042,1
1935,1761,0.00452889502,0.05651143193,1
1935,1793,-0.01673994213,0.06446252018,1
1935,1825,-0.06914587319,0.0562460199,1
1935,1857,-0.3511607051,-0.0926637277,1
1935,1889,-0.2162203491,-0.08865076303,1
1935,1921,0.008348189294,-0.0006287246943,1
1935,1953,0.00804214552,0.3682702184,1
1935,1985,0.1398676932,0.2812972069,1
1935,2017,0.212189734,-0.4869173765,1
1967,33,0.312120527,-0.03003227711,1
1967,65,0.202909857,0.3045325279,1
1967,97,0.007580310106,0.3552928269,1
1967,129,0.06639072299,-0.03273586184,1
1967,161,-0.09012305737,0.03819648921,1
1967,193,-0.04518698156,-0.01031839661,1
1967,225,-0.1260074973,0.02199951559,1
1967,257,0.3816864491,0.2836183906,1
1967,289,0.5295425653,0.09591428936,1
1967,321,0.1354284436,-0.08512569964,1
1967,353,-0.1817295551,-0.02618691325,1
1967,385,-0.1144566312,-0.2072624564,1
1967,417,0.3056944907,-0.239807263,1
1967,449,0.4182726741,0.04120108485,1
1967,481,0.03558638692,-0.1379216313,1
1967,513,0.1677114367,-0.003796666861,1
1967,545,0.1823155731,-0.02841417491,1
1967,577,0.4356560111,0.372056216,1
1967,609,0.3742848039,0.8295776844,1
1967,641,-0.04192128778,0.6158977747,1
1967,673,-0.1569137275,0.3575108051,1
1967,705,-0.1594828367,0.1745134294,1
1967,737,0.07586330175,0.2257086188,1
1967,769,0.2015490085,0.3799152076,1
1967,801,-0.1790407151,-0.1626905203,1
1967,833,-0.1831803322,-0.4166992605,1
1967,865,0.03255259991,-0.1257970929,1
1967,897,0.1043929756,0.08975183964,1
1967,929,0.2339598835,-0.1697960496,1
1967,961,0.07894876599,-0.1360344291,1
1967,993,-0.2532108128,0.6945259571,1
1967,1025,-0.2169637382,0.5665995479,1
1967,1057,-0.2126394361,0.2944273353,1
1967,1089,-0.3227738738,0.5912957191,1
1967,1121,-0.2722289264,0.5952588916,1
1967,1153,-0.3133134246,0.03263267875,1
1967,1185,-0.54664886,-0.1712117195,1
1967,1217,16.44743729,-7.574176788,1
1967,1249,-0.04288321733,0.1321563572,1
1967,1281,-0.1077472568,0.01690223813,1
1967,1313,-0.06211385131,0.4557834566,1
1967,1345,0.1371205598,0.4210493267,1
1967,1377,0.3259978294,0.3481319249,1
1967,1409,-0.01170645654,0.003678917885,1
1967,1441,-0.4907824099,-0.2513458729,1
1967,1473,0.2290968746,0.1793382615,1
1967,1505,0.2733469903,0.3973425627,1
1967,1537,0.09582589567,0.5611237288,1
1967,1569,0.03534479439,0.6738529801,1
1967,1601,-0.05891818926,0.2857334018,1
1967,1633,-0.1922635138,0.02090229094,1
1967,1665,-0.3132035434,0.04128478467,1
1967,1697,-0.03995668888,0.3510963023,1
1967,1729,0.3012045324,0.1414822936,1
1967,1761,0.1411590278,-0.1743165553,1
1967,1793,0.007156461477,-0.04141464084,1
1967,1825,-0.0228240639,-0.04659032822,1
1967,1857,-0.2182138562,0.2422650605,1
1967,1889,-0.1308435798,0.1437102556,1
1967,1921,0.1062812135,0.0366217047,1
1967,1953,0.2338459492,0.4510596991,1
1967,1985,0.5948119164,0.1942607462,1
1967,2017,0.7409303188,-0.3416960835,1
1999,33,-0.4164310694,-0.05049002171,1
1999,65,0.3220956028,0.2494259775,1
1999,97,0.4026145935,0.124177359,1
1999,129,0.2541284561,-0.09061066806,1
1999,161,0.1374577284,-0.17872715,1
1999,193,0.05984851718,-0.2206198424,1
1999,225,0.09754699469,-0.04442057759,1
1999,257,0.583892107,0.1074147969,1
1999,289,0.5172253847,0.2933528423,1
1999,321,0.09525148571,0.06388019025,1
1999,353,-0.07550657541,-0.2391347587,1
1999,385,-0.08631025255,-0.1868825853,1
1999,417,0.04120316356,0.1876994818,1
1999,449,0.2330337465,0.2066235393,1
1999,481,0.09034779668,0.2146479636,1
1999,513,0.1048797965,0.1687456965,1
1999,545,0.06402599812,0.1861885786,1
1999,577,0.08481222391,0.4215450287,1
1999,609,0.2397488356,0.9169811606,1
1999,641,0.08684690297,0.2199374139,1
1999,673,0.009101822972,-0.4096276164,1
1999,705,-0.3178794384,-0.31298998,1
1999,737,-0.1719719172,-0.3496595621,1
1999,769,0.3424382508,-0.1472572088,1
1999,801,0.03208446503,-0.2931498289,1
1999,833,-0.545139432,-0.4812761545,1
1999,865,-0.6611148715,0.04551486671,1
1999,897,-0.5257589221,0.4302160144,1
1999,929,0.4414650798,0.4179602563,1
1999,961,0.9773404598,0.3345171809,1
1999,993,0.3573083878,0.3810895681,1
1999,1025,0.02433300018,0.06460916996,1
1999,1057,-0.2104513794,-0.2356952429,1
1999,1089,0.01397055387,0.05010586977,1
1999,1121,0.1453071535,0.9286279678,1
1999,1153,0.1306213588,0.8319965601,1
1999,1185,-0.5534727573,-0.01234409213,1
1999,1217,-0.2609508634,0.04151040316,1
1999,1249,0.441999197,0.3566192091,1
1999,1281,0.5739426613,0.5702018738,1
1999,1313,0.3825048208,0.7972744107,1
1999,1345,0.08546727896,0.1995018721,1
1999,1377,0.07513684034,-0.02212888002,1
1999,1409,0.209397614,-0.1216251254,1
1999,1441,-0.05491936207,-0.4944666922,1
1999,1473,-0.09126889706,-0.1723403931,1
1999,1505,0.4390286207,0.4031065702,1
1999,1537,0.3935033083,0.7228425741,1
1999,1569,0.1088788658,0.8044121861,1
1999,1601,0.2301707566,0.4482594132,1
1999,1633,-0.1634642482,0.6044228673,1
1999,1665,-0.2462383062,0.5412817001,1
1999,1697,0.3108469546,0.3482398689,1
1999,1729,0.654892385,0.1702696085,1
1999,1761,0.3209151626,-0.1823701113,1
1999,1793,0.251314342,-0.0889370963,1
1999,1825,0.5395513177,0.1664105654,1
1999,1857,0.2058919817,0.5735828876,1
1999,1889,0.02158781886,0.4857285917,1
1999,1921,0.286380887,0.2693249881,1
1999,1953,0.3888376951,0.4195112288,1
1999,1985,0.3692126274,0.2328836024,1
1999,2017,0.3893685639,0.1484594941,1
