PIVlab, ASCII chart output - 06-Feb-2024
FRAME: 26, filenames: A:[26]MAX_TimeSrs019_TgUtrmcherry_Control.avi & B:[27]MAX_TimeSrs019_TgUtrmcherry_Control.avi, conversion factor xy (px -> m): 1, conversion factor uv (px/frame -> m/s): 1
x [px],y [px],u [px/frame],v [px/frame],Vector type [-]
47,33,27.35029221,4.295044899,1
47,65,-2.042826891,-3.776833057,1
47,97,-3.16712594,-3.861784935,1
47,129,-2.98678112,-5.148668289,1
47,161,-1.448436141,-5.531358719,1
47,193,0.2696276903,-6.084740639,1
47,225,0.001404047012,-6.66291666,1
47,257,-0.6906239986,-7.007843971,1
47,289,0.3734539747,-8.35738945,1
47,321,0.7058722973,-8.247455597,1
47,353,0.9283210039,-8.079218864,1
47,385,2.630289555,-7.26881361,1
47,417,3.559331656,-7.352521896,1
47,449,1.099948645,-7.62315321,1
47,481,0.9429864883,-6.853405952,1
47,513,1.329972267,-6.698363304,1
47,545,0.8385939598,-7.082849503,1
47,577,-0.06984686852,-7.802899361,1
47,609,0.4835066795,-8.609467506,1
47,641,2.621612072,-6.648759365,1
47,673,1.390090585,-5.755382061,1
47,705,0.02170932293,-7.41557169,1
47,737,-1.445194006,-5.361450195,1
47,769,-2.691083908,-5.861422062,1
47,801,-2.558467388,-6.496201515,1
47,833,-1.296274185,-6.353738785,1
47,865,0.4894545078,-5.879626274,1
47,897,-1.68861866,-5.044668198,1
47,929,-2.984213829,-5.99683094,1
47,961,-2.284929276,-5.51486969,1
47,993,-1.67212081,-4.475865364,1
47,1025,-2.129018784,-5.058759212,1
47,1057,-4.965400696,-5.489737988,1
47,1089,-5.319441319,-5.37798357,1
47,1121,-4.860031128,-4.167699814,1
47,1153,-2.905105114,-4.95553112,1
47,1185,-1.35940659,-6.17813921,1
47,1217,-1.520454884,-5.854052544,1
47,1249,-1.6947366,-4.281512737,1
47,1281,-0.5667850971,-4.057835579,1
47,1313,0.4657922983,-4.905432224,1
47,1345,0.03999519348,-4.971340179,1
47,1377,-1.207236409,-3.307145119,1
47,1409,-0.4220997095,-3.607435703,1
47,1441,0.1531164646,-4.054153919,1
47,1473,0.01901006699,-4.510966778,1
47,1505,0.5714683533,-5.592804909,1
47,1537,-0.1797430515,-6.18021822,1
47,1569,-2.107021332,-4.423683643,1
47,1601,-1.733974457,-1.105899572,1
47,1633,-2.480062485,-1.556492329,1
47,1665,-1.872902393,0.1742997169,1
47,1697,-0.9788923264,-2.148480892,1
47,1729,-1.070415974,-3.61933279,1
47,1761,-1.431755066,-2.784319162,1
47,1793,-1.936853647,-2.954955816,1
47,1825,-2.254034281,-2.813370228,1
47,1857,-1.91840291,-3.490628242,1
47,1889,-1.540320396,-3.045706272,1
47,1921,-1.145484209,-2.098440886,1
47,1953,-0.893042326,-2.325819969,1
47,1985,-2.170986176,0.8658533096,1
47,2017,-4.625825882,0.1989519596,1
79,33,-13.70808411,7.7797122,1
79,65,-0.3939058185,-6.691150665,1
79,97,-1.804666519,-5.203694344,1
79,129,-1.802096486,-6.113090038,1
79,161,-1.608674407,-6.163691998,1
79,193,-1.206845641,-6.436020851,1
79,225,-1.742257833,-6.720512867,1
79,257,-0.9457647204,-6.807134628,1
79,289,-0.06492455304,-7.095728397,1
79,321,0.246320039,-7.576340675,1
79,353,0.3816080093,-7.923618793,1
79,385,0.6114148498,-7.706983566,1
79,417,2.731375694,-6.943214417,1
79,449,1.011655092,-7.096895218,1
79,481,0.5132400393,-7.394945621,1
79,513,-0.1558528543,-6.880240917,1
79,545,-1.357165456,-6.261223316,1
79,577,-2.197336197,-6.036668301,1
79,609,-1.622007966,-5.856678486,1
79,641,0.1362260878,-7.757470608,1
79,673,-0.277746439,-6.065934658,1
79,705,-0.9183076024,-5.819356441,1
79,737,-0.8348346949,-6.475787163,1
79,769,-1.515196562,-6.544600964,1
79,801,-1.779453754,-7.587377548,1
79,833,-1.745959878,-6.806605339,1
79,865,-1.153676152,-6.501461983,1
79,897,-1.379798532,-6.229462624,1
79,929,-1.480436325,-7.242022991,1
79,961,-1.408990622,-5.958371162,1
79,993,-1.628352165,-5.944862366,1
79,1025,-1.860889196,-5.946038246,1
79,1057,-4.576819897,-6.481393337,1
79,1089,-4.504712105,-6.713270187,1
79,1121,-2.992582798,-5.641726971,1
79,1153,-3.44555378,-5.386085987,1
79,1185,-2.41608882,-5.601661205,1
79,1217,-2.009706497,-5.072732925,1
79,1249,-1.461992502,-4.276616096,1
79,1281,-1.184285522,-3.646746159,1
79,1313,-0.8035392761,-3.155852318,1
79,1345,-0.3121851683,-3.810057163,1
79,1377,-1.12552321,-3.48661232,1
79,1409,-0.9293916225,-3.752119541,1
79,1441,-0.9753798246,-3.888609886,1
79,1473,-1.056466818,-3.917089462,1
79,1505,-0.6023467779,-4.200186253,1
79,1537,-1.040216446,-4.155758381,1
79,1569,-2.767650366,-3.751671791,1
79,1601,-8.235464096,-2.575798512,1
79,1633,-1.487834215,-3.039368868,1
79,1665,-0.4738608599,-2.273199081,1
79,1697,-0.03729343414,-1.078507185,1
79,1729,0.09099811316,-3.057519913,1
79,1761,0.03353744745,-3.650305986,1
79,1793,-0.6288933754,-2.360375166,1
79,1825,-1.140503168,-2.540027857,1
79,1857,-1.14081502,-3.199581385,1
79,1889,-0.8904782534,-2.946476698,1
79,1921,-0.9655293226,-2.101148129,1
79,1953,-0.8433716893,-2.093781948,1
79,1985,-0.3798344731,-1.003836632,1
79,2017,-0.5614151955,-0.8833640218,1
111,33,13.35417175,9.393368721,1
111,65,-0.5434647799,0.2751124799,1
111,97,-1.147504568,-5.119791031,1
111,129,-2.035589218,-7.805633545,1
111,161,-1.79782629,-7.474188805,1
111,193,-1.749425769,-7.026466846,1
111,225,-1.468964458,-6.85447979,1
111,257,-0.8142592907,-6.979568958,1
111,289,0.02058840543,-7.053627491,1
111,321,0.247541815,-7.33223629,1
111,353,0.09337925911,-7.124259949,1
111,385,0.2116162181,-6.833069324,1
111,417,0.6522625685,-6.820276737,1
111,449,1.05288291,-6.959566593,1
111,481,-0.4256607294,-6.895499706,1
111,513,-0.4820358455,-6.366641521,1
111,545,-1.789244533,-5.42475605,1
111,577,-2.042546988,-4.64458704,1
111,609,0.1705101728,-4.991215229,1
111,641,0.3687420487,-0.2234454155,1
111,673,-16.28665543,-6.924950123,1
111,705,-2.978043079,-5.393897533,1
111,737,-1.689500213,-6.999417782,1
111,769,-1.634081841,-6.952540874,1
111,801,-2.186843157,-6.868846416,1
111,833,-2.408768177,-6.898874283,1
111,865,-1.402727604,-6.881444931,1
111,897,-0.9284820557,-5.958920956,1
111,929,-1.362711549,-5.90197134,1
111,961,-2.494989634,-5.036131859,1
111,993,-0.293194294,-5.404681206,1
111,1025,-1.299284458,-5.927940369,1
111,1057,-4.313721657,-7.086518764,1
111,1089,-3.50596571,-6.888600826,1
111,1121,-2.514321089,-5.614664078,1
111,1153,-3.065199852,-5.136767387,1
111,1185,-2.641943693,-4.842652798,1
111,1217,-1.621739388,-4.370596409,1
111,1249,-0.8535022736,-3.881015539,1
111,1281,-0.6357679367,-3.135310888,1
111,1313,-0.3306050301,-3.126286983,1
111,1345,-0.1076632738,-3.610377073,1
111,1377,-0.8178577423,-3.90988493,1
111,1409,-1.5360744,-4.100503922,1
111,1441,-1.45979917,-3.878331423,1
111,1473,-1.382800817,-3.413932323,1
111,1505,-1.549316645,-3.491951704,1
111,1537,-1.453027248,-3.720747709,1
111,1569,-1.379024267,-4.006583691,1
111,1601,-0.6645793915,-2.658198833,1
111,1633,0.378177762,-3.660490513,1
111,1665,-7.243863583,-4.994438648,1
111,1697,-0.03972956538,-0.4772958755,1
111,1729,-0.5327370167,-1.302407742,1
111,1761,-0.7738205194,-2.053649187,1
111,1793,-1.321995974,-1.948111534,1
111,1825,-1.182632327,-3.421054602,1
111,1857,-0.9544385672,-3.250089884,1
111,1889,-1.421378493,-2.946805477,1
111,1921,-2.516709566,-1.936299086,1
111,1953,0.00842744112,-1.580134511,1
111,1985,0.437315613,-1.448508143,1
111,2017,0.7258149981,-1.673861027,1
143,33,-1.491757393,9.766857147,1
143,65,-1.133817315,0.05891549587,1
143,97,-1.661176443,-5.954540253,1
143,129,-2.075860977,-8.772043228,1
143,161,-2.017176151,-7.889844418,1
143,193,-2.04561615,-7.428027153,1
143,225,-2.296334028,-7.243020058,1
143,257,-0.8573044538,-7.219802856,1
143,289,-0.15149948,-7.518027306,1
143,321,0.2632249594,-7.244493484,1
143,353,0.7617179751,-6.883494854,1
143,385,0.5024035573,-6.307939529,1
143,417,0.03786310554,-6.712357044,1
143,449,-0.1266143769,-6.844627857,1
143,481,-0.05303932726,-6.866446972,1
143,513,0.3275083899,-6.59197855,1
143,545,-2.111847639,-6.222882271,1
143,577,-4.273896217,-6.260302544,1
143,609,-1.288069248,-5.818293571,1
143,641,0.1933854818,-5.977508068,1
143,673,-18.57137489,-7.22965765,1
143,705,-10.76364422,-2.701050282,1
143,737,-1.794142842,-7.675582409,1
143,769,-1.696735024,-7.315060616,1
143,801,-1.894958138,-6.858857632,1
143,833,-1.731138229,-6.923002243,1
143,865,-1.036056995,-7.122010708,1
143,897,-0.3972795606,-6.762862206,1
143,929,0.0507491827,-6.816940784,1
143,961,-0.3376767635,-7.115635395,1
143,993,-1.510614038,-7.920471668,1
143,1025,-2.573234558,-7.446531773,1
143,1057,-2.855153561,-7.864052773,1
143,1089,-2.828870296,-4.958078384,1
143,1121,-2.751386642,-3.751345158,1
143,1153,-3.468496561,-5.673419476,1
143,1185,-2.883802414,-4.657213211,1
143,1217,-2.02017808,-3.787740231,1
143,1249,-1.44666481,-3.550821781,1
143,1281,-1.149236798,-3.474384069,1
143,1313,-1.402442098,-3.798893452,1
143,1345,-1.309291363,-3.999370098,1
143,1377,-0.9616062641,-3.926759243,1
143,1409,-1.599987388,-4.284858704,1
143,1441,-1.562593818,-4.339428902,1
143,1473,-1.594984412,-3.157878637,1
143,1505,-1.881987572,-2.451120377,1
143,1537,-0.2173529863,-3.987606525,1
143,1569,-0.7278300524,-4.509665966,1
143,1601,-0.2380946875,-4.571268082,1
143,1633,0.4711824656,-4.0966959,1
143,1665,-0.1185306311,-1.596894264,1
143,1697,0.04725593328,-2.048612833,1
143,1729,-0.3582713604,-2.384196758,1
143,1761,-1.25165534,-1.67619276,1
143,1793,-1.990034938,-0.653948307,1
143,1825,-0.960474968,-3.731677294,1
143,1857,-0.9227232933,-3.561230659,1
143,1889,-1.09804368,-2.364354372,1
143,1921,-15.49676323,0.97044909,1
143,1953,0.4503597617,-0.5329165459,1
143,1985,1.239621639,-1.892570496,1
143,2017,0.8860583901,-1.856078029,1
175,33,-0.8182935715,9.541713715,1
175,65,-1.411983013,-16.77194405,1
175,97,-2.344238997,-6.703347683,1
175,129,-2.130533218,-7.6336236,1
175,161,-1.832369685,-7.726184845,1
175,193,-1.842291951,-7.951254368,1
175,225,-1.469708323,-7.742871761,1
175,257,-0.9476850033,-7.543433666,1
175,289,-0.9101007581,-7.377041817,1
175,321,-0.3415455818,-6.927124023,1
175,353,1.143102765,-7.054404736,1
175,385,0.7781413794,-6.48195219,1
175,417,0.002580985427,-6.799967766,1
175,449,-0.3165327013,-6.82773447,1
175,481,0.08352503926,-6.675065994,1
175,513,2.04361105,-6.95917654,1
175,545,-11.18778133,-23.22323036,1
175,577,-1.027611017,-7.087669849,1
175,609,-1.068436742,-6.538032055,1
175,641,-0.761223495,-6.087509155,1
175,673,-1.165985107,-6.893544197,1
175,705,-7.63955164,-5.830587387,1
175,737,-2.186591387,-8.101657867,1
175,769,-2.445085049,-8.077689171,1
175,801,-2.525018215,-7.220392227,1
175,833,-1.350457191,-6.738444805,1
175,865,-0.1016018987,-6.850082874,1
175,897,0.1711532921,-7.248577118,1
175,929,0.1617504656,-7.120548248,1
175,961,-0.2063356638,-7.048381329,1
175,993,-1.445963025,-7.21532774,1
175,1025,-3.633400679,-7.250051498,1
175,1057,-4.645703316,-5.871258259,1
175,1089,-2.668993473,-3.098611832,1
175,1121,-2.887399435,-3.613550186,1
175,1153,-3.42139101,-5.955179214,1
175,1185,-3.593503714,-5.145843506,1
175,1217,-3.291765213,-4.240343094,1
175,1249,-2.254578114,-3.604549408,1
175,1281,-1.711161137,-3.580487967,1
175,1313,-4.939358234,-6.443245411,1
175,1345,-3.673382521,-5.346632481,1
175,1377,-1.529003143,-4.230374336,1
175,1409,-1.91433382,-4.636834145,1
175,1441,-1.776269436,-5.111624241,1
175,1473,-1.246008992,-3.398416281,1
175,1505,-1.005935907,-2.389622927,1
175,1537,-0.04788333178,-4.004694939,1
175,1569,-0.4629262686,-4.411594391,1
175,1601,0.05847305059,-5.194149494,1
175,1633,0.9671053886,-4.666249275,1
175,1665,-0.3380676508,-3.389606237,1
175,1697,-1.014105082,-3.186316967,1
175,1729,0.2727646828,-4.741734028,1
175,1761,-0.8616167307,-1.730821133,1
175,1793,-1.048156381,-1.201919317,1
175,1825,-1.06073308,-2.737852812,1
175,1857,-0.9729875326,-3.333829641,1
175,1889,-0.858923316,-2.769247055,1
175,1921,-0.303339839,-0.6772389412,1
175,1953,0.2010864019,0.04969596863,1
175,1985,0.692658186,-2.157386541,1
175,2017,0.5673595667,-1.744181395,1
207,33,-0.2214245796,9.024076462,1
207,65,0.4815438986,-17.72597122,1
207,97,-2.836720467,-7.604512691,1
207,129,-2.688190699,-7.39086771,1
207,161,-2.458970547,-7.739337444,1
207,193,-2.13024807,-7.960288048,1
207,225,-1.182553411,-8.02532959,1
207,257,-1.027399778,-8.005273819,1
207,289,-1.408068538,-7.352958202,1
207,321,-1.198179245,-6.277882576,1
207,353,1.833066344,-6.744832993,1
207,385,-0.2740370035,-6.912471771,1
207,417,-0.4456979632,-7.017406464,1
207,449,-0.367477119,-7.175949097,1
207,481,0.6441940069,-7.126898766,1
207,513,1.086128354,-7.09545517,1
207,545,-9.83968544,-7.768004417,1
207,577,0.2695881724,-7.493976593,1
207,609,-0.03848028183,-8.2570858,1
207,641,-0.8838558197,-7.082349777,1
207,673,-3.554910183,-9.385673523,1
207,705,-2.082968473,-6.67001915,1
207,737,-2.65792799,-7.006383896,1
207,769,-3.17423749,-7.476399422,1
207,801,-3.733157158,-7.107962132,1
207,833,-2.088106632,-7.81188345,1
207,865,0.3521466255,-6.628435612,1
207,897,0.5361970663,-7.103408813,1
207,929,0.07608431578,-7.259742737,1
207,961,-0.8241416812,-7.041692257,1
207,993,-1.784093499,-6.799372196,1
207,1025,-20.74464035,-12.83589935,1
207,1057,-17.88608742,-17.39249802,1
207,1089,-2.408471584,-3.439605713,1
207,1121,-2.817469835,-5.447095394,1
207,1153,-2.977970362,-6.088508606,1
207,1185,-3.007256508,-6.235671043,1
207,1217,-2.927654505,-4.944139481,1
207,1249,-1.834388733,-3.764277458,1
207,1281,-1.228943348,-4.245098591,1
207,1313,-4.594220638,-5.337098598,1
207,1345,-4.17939043,-5.799342632,1
207,1377,-2.191589832,-4.516104698,1
207,1409,-1.393265486,-5.021113873,1
207,1441,-0.8179980516,-5.099129677,1
207,1473,-0.3033788204,-3.671574354,1
207,1505,-0.7898077965,-3.649163246,1
207,1537,-0.8321441412,-4.221579552,1
207,1569,-0.6314447522,-4.330315113,1
207,1601,-0.0416277051,-4.969212532,1
207,1633,0.3828750849,-4.494968414,1
207,1665,-0.5820910335,-3.46351552,1
207,1697,-1.946127295,-2.868651152,1
207,1729,-1.276386857,-2.465902328,1
207,1761,-1.587457299,-2.389696121,1
207,1793,-1.867160559,-2.573370934,1
207,1825,-1.61496222,-3.263799429,1
207,1857,-1.17141223,-3.771380186,1
207,1889,-1.127505779,-3.234387159,1
207,1921,-0.7115389109,-2.510159254,1
207,1953,-0.4670777917,-1.242929339,1
207,1985,-0.2165313661,-1.645545363,1
207,2017,-0.559343338,-1.606186509,1
239,33,1.412199736,-5.82601738,1
239,65,-1.232695103,-11.37573528,1
239,97,-2.468837738,-7.16298151,1
239,129,-3.080453396,-7.388259888,1
239,161,-2.726683378,-7.446482182,1
239,193,-1.548735857,-7.589589119,1
239,225,-0.4709424973,-7.709366798,1
239,257,-0.4578478336,-8.826543808,1
239,289,-0.9173504114,-8.075245857,1
239,321,-0.791667819,-6.594466686,1
239,353,1.083215475,-5.773187637,1
239,385,2.147920847,-10.97017288,1
239,417,-2.53186655,-7.845822811,1
239,449,-0.5609990954,-7.767472744,1
239,481,0.2674626112,-7.81652689,1
239,513,0.4462485909,-8.07600975,1
239,545,0.06772956252,-6.386386395,1
239,577,-0.4994168282,-6.399107456,1
239,609,-0.4671729207,-7.409637928,1
239,641,-0.9978251457,-7.18888998,1
239,673,-1.678744555,-7.240437031,1
239,705,-2.332849979,-5.258792877,1
239,737,-3.152612209,-6.208214283,1
239,769,-4.103389263,-6.56019783,1
239,801,-2.901223898,-6.383240223,1
239,833,-1.158097267,-6.916416168,1
239,865,0.7372313738,-6.402153492,1
239,897,-0.05975101143,-7.021205425,1
239,929,-0.4933917522,-7.515569687,1
239,961,-1.427213073,-6.741921425,1
239,993,-1.975082994,-6.514331341,1
239,1025,-1.858794689,-6.250102043,1
239,1057,-2.152356386,-5.723083019,1
239,1089,-2.800433397,-4.419338226,1
239,1121,-2.869383574,-5.726112366,1
239,1153,-2.859521627,-6.231315613,1
239,1185,-2.635267019,-5.824897289,1
239,1217,-1.918134928,-5.47432375,1
239,1249,-1.360125542,-5.7704072,1
239,1281,-1.510930896,-6.015554428,1
239,1313,-2.928571701,-4.551599979,1
239,1345,-3.050254345,-4.858196259,1
239,1377,-2.201626301,-4.386050701,1
239,1409,-1.619836092,-3.433708668,1
239,1441,-0.5721734762,-2.992327213,1
239,1473,0.01062393188,-3.285683632,1
239,1505,-0.01410055161,-3.544465303,1
239,1537,-0.1988997459,-4.148226738,1
239,1569,-0.2892057896,-5.147793293,1
239,1601,-1.494470477,-4.453454018,1
239,1633,-1.497246742,-3.948113918,1
239,1665,-1.471838951,-3.27167058,1
239,1697,-1.601417065,-2.38382411,1
239,1729,-1.474872589,-2.236024618,1
239,1761,-1.781166077,-2.374086618,1
239,1793,-1.932858229,-2.789568663,1
239,1825,-1.710926175,-3.804682016,1
239,1857,-1.259864926,-4.860650063,1
239,1889,-0.9236436486,-3.232914209,1
239,1921,-0.486537993,-2.60907197,1
239,1953,0.03527930379,-2.256327868,1
239,1985,0.1380982101,-1.494704723,1
239,2017,-0.762365222,-1.719299555,1
271,33,11.09990406,4.976745605,1
271,65,-2.611828327,-14.14857006,1
271,97,-1.602259159,-6.360761166,1
271,129,-2.511590958,-6.96583271,1
271,161,-1.855899811,-6.958205223,1
271,193,-0.7215174437,-8.282131195,1
271,225,-0.2452799082,-7.984451294,1
271,257,0.3870304823,-10.03360176,1
271,289,0.1319127679,-9.96048069,1
271,321,-0.1715860963,-7.770450115,1
271,353,-1.993226767,-7.628643513,1
271,385,-1.283640504,-9.192247391,1
271,417,-3.041187763,-11.8243866,1
271,449,-1.160236716,-7.743997574,1
271,481,-0.3697044849,-8.170564651,1
271,513,-0.4195700884,-8.370918274,1
271,545,-0.8015067577,-6.246102333,1
271,577,-1.505977511,-4.631479263,1
271,609,-1.583549619,-5.805169582,1
271,641,-1.547988892,-6.813252926,1
271,673,-1.569047689,-6.589779854,1
271,705,-2.104601145,-5.614638805,1
271,737,-2.764583111,-6.111680031,1
271,769,-3.541100979,-6.000243664,1
271,801,-2.988812447,-6.558784962,1
271,833,-0.7664257288,-6.685294151,1
271,865,1.102636099,-6.532749176,1
271,897,0.2881624401,-6.185883522,1
271,929,-0.5960384607,-6.503444195,1
271,961,-1.899652958,-6.160642624,1
271,993,-2.454297304,-6.064561844,1
271,1025,-2.293080091,-6.027774334,1
271,1057,-2.837624073,-5.601585865,1
271,1089,-3.252732992,-5.569106579,1
271,1121,-3.609934807,-5.887262344,1
271,1153,-3.562839985,-5.896169662,1
271,1185,-2.410196781,-6.001612663,1
271,1217,-0.8147745132,-5.812409401,1
271,1249,-0.7110426426,-5.293840408,1
271,1281,-1.540420294,-4.922171116,1
271,1313,-2.00082159,-4.371822357,1
271,1345,-3.030728102,-4.629262924,1
271,1377,-2.369009256,-4.116472244,1
271,1409,-1.291523933,-2.506307364,1
271,1441,-1.065461636,-1.779849768,1
271,1473,-0.8034439087,-2.983984709,1
271,1505,-0.2046799064,-3.691517353,1
271,1537,-0.3215574622,-3.770316124,1
271,1569,-1.061783075,-3.873475313,1
271,1601,-1.636471629,-2.941585064,1
271,1633,-2.052792549,-3.55907464,1
271,1665,-2.011107206,-3.627361774,1
271,1697,-1.252045155,-2.916646481,1
271,1729,-0.9396458864,-2.462286711,1
271,1761,-1.410683393,-2.621115446,1
271,1793,-1.462385893,-2.959202766,1
271,1825,-1.438877463,-3.531392097,1
271,1857,-1.399641275,-4.324251175,1
271,1889,-0.6232584715,-2.646861553,1
271,1921,-0.0282407552,-2.236715555,1
271,1953,0.8808116913,-2.287822247,1
271,1985,0.8129560947,-1.374744296,1
271,2017,-0.4733496308,-1.772132874,1
303,33,15.95607376,9.19282341,1
303,65,-0.1623321176,-3.147548437,1
303,97,-1.552432656,-7.137552738,1
303,129,-2.615397453,-7.033267021,1
303,161,-2.71171093,-5.989468575,1
303,193,-2.279580116,-7.978087902,1
303,225,-1.806054831,-9.01523304,1
303,257,-1.14045608,-10.34889984,1
303,289,0.6565089226,-9.467310905,1
303,321,1.564281702,-8.212449074,1
303,353,-0.09495782852,-8.434903145,1
303,385,-0.5867564678,-8.75308609,1
303,417,-0.9942569733,-8.478444099,1
303,449,-1.806732535,-7.670269966,1
303,481,-1.529638529,-7.809978485,1
303,513,-0.7253157496,-7.826843262,1
303,545,-0.9563235641,-6.112621307,1
303,577,-1.544831276,-5.554666996,1
303,609,-1.675161362,-5.739980221,1
303,641,-2.13303113,-6.021440983,1
303,673,-2.254950523,-6.114327908,1
303,705,-2.278175354,-6.536966324,1
303,737,-2.148092031,-6.681137085,1
303,769,-2.253379822,-6.539404869,1
303,801,-2.13884306,-7.174194336,1
303,833,-1.503840208,-7.178004742,1
303,865,-0.8369010091,-6.745134354,1
303,897,-0.5056819916,-5.391088009,1
303,929,-0.5482488871,-3.927114487,1
303,961,-2.111820221,-3.820421219,1
303,993,-2.75287056,-5.461398125,1
303,1025,-3.22740984,-6.101747036,1
303,1057,-3.866613388,-5.838110924,1
303,1089,-3.567579746,-5.972283363,1
303,1121,-4.056190014,-5.861122608,1
303,1153,-5.203224659,-5.694678307,1
303,1185,-2.532866955,-6.343210697,1
303,1217,-1.16529882,-6.580714226,1
303,1249,-0.9068256617,-5.366047382,1
303,1281,-0.5820046663,-4.959611416,1
303,1313,0.193064332,-4.085845947,1
303,1345,-1.749837995,-3.949651718,1
303,1377,-1.712338686,-3.073368073,1
303,1409,-0.4893819094,-2.05183053,1
303,1441,-0.6974949241,-2.779387236,1
303,1473,-1.024384618,-3.314433575,1
303,1505,-0.6313849092,-3.469025135,1
303,1537,-0.7098302841,-3.141091824,1
303,1569,-1.674361348,-2.773817301,1
303,1601,-1.909660935,-3.541444778,1
303,1633,-2.377876759,-4.166841507,1
303,1665,-2.351012945,-3.946719646,1
303,1697,-1.650318146,-3.184786797,1
303,1729,-1.27449584,-2.837727785,1
303,1761,-1.236101747,-3.426524401,1
303,1793,-0.5913187265,-3.197701454,1
303,1825,-0.8840357065,-2.457339525,1
303,1857,-1.541924,-2.773032188,1
303,1889,0.1078982949,-2.360325575,1
303,1921,4.30092144,-2.76363492,1
303,1953,1.026105523,-1.421288013,1
303,1985,0.7682258487,-1.284464121,1
303,2017,0.2275425196,-1.217420697,1
335,33,-9.933239937,9.078504562,1
335,65,-1.012807608,-3.936207294,1
335,97,-1.934215188,-7.826651096,1
335,129,-3.727818489,-7.141465187,1
335,161,-4.03781414,-6.249853134,1
335,193,-3.514503956,-6.335713387,1
335,225,-4.491212368,-6.327288151,1
335,257,-3.553019047,-7.507129192,1
335,289,1.132664204,-8.854744911,1
335,321,1.933783174,-8.940888405,1
335,353,1.356631756,-8.805557251,1
335,385,4.1792593,-10.23256779,1
335,417,0.4570291638,-8.314718246,1
335,449,-0.9383467436,-7.709729671,1
335,481,-1.186359286,-7.270495892,1
335,513,-0.8101415634,-6.377521515,1
335,545,-0.9284085035,-5.67054224,1
335,577,-0.6989181638,-5.849499702,1
335,609,-1.780512452,-5.751138687,1
335,641,-2.889513969,-6.048006535,1
335,673,-2.287875175,-6.279304981,1
335,705,-2.103077888,-6.657524586,1
335,737,-1.793427944,-6.8960886,1
335,769,-1.635936737,-8.257820129,1
335,801,-2.031193018,-8.034082413,1
335,833,-1.763907671,-8.319841385,1
335,865,-1.53910315,-7.53183794,1
335,897,-0.9586601257,-6.330705166,1
335,929,-1.209901452,-5.099228859,1
335,961,-2.662011623,-2.837414742,1
335,993,-3.70218277,-4.166427612,1
335,1025,-4.389001846,-5.645877361,1
335,1057,-3.733732462,-5.9076581,1
335,1089,-3.468443632,-6.037495136,1
335,1121,-4.083229065,-6.252786636,1
335,1153,-4.084239006,-5.923535824,1
335,1185,-2.844295502,-5.879415035,1
335,1217,-1.903485775,-6.658595085,1
335,1249,-0.8070737123,-6.18038559,1
335,1281,0.1709581614,-6.218866825,1
335,1313,0.4508522749,-5.421626568,1
335,1345,-0.8859040737,-4.430630684,1
335,1377,-1.559427381,-2.575569391,1
335,1409,-0.8119997978,-1.888221502,1
335,1441,-0.5961776972,-2.974754095,1
335,1473,-0.9921390414,-3.744867325,1
335,1505,-1.308426619,-3.564468861,1
335,1537,-1.425797462,-3.162862539,1
335,1569,-1.779166579,-3.284482718,1
335,1601,-2.129198313,-4.18543911,1
335,1633,-2.372842789,-5.241321564,1
335,1665,-2.869586468,-3.792829275,1
335,1697,-2.583274126,-3.312389851,1
335,1729,-2.082830191,-3.272622585,1
335,1761,-2.098654747,-3.465166569,1
335,1793,-2.618876219,-3.236949921,1
335,1825,-2.374756098,-2.803219795,1
335,1857,-1.255245924,-2.71192956,1
335,1889,-0.6986020803,-1.81267643,1
335,1921,-0.04811608791,-1.921658993,1
335,1953,2.784959793,-2.694122314,1
335,1985,1.036164761,-2.254444599,1
335,2017,-0.3078210652,-0.2871785164,1
367,33,-1.179814935,0.5236597061,1
367,65,-2.256466627,-7.481965065,1
367,97,-2.255244732,-6.783729553,1
367,129,-2.388133287,-6.934178352,1
367,161,-2.298508406,-6.081749439,1
367,193,-2.403233528,-5.977345943,1
367,225,-4.665771961,-5.394291401,1
367,257,-3.978699684,-7.14896059,1
367,289,0.02563372254,-10.63949966,1
367,321,0.9185516238,-9.962569237,1
367,353,1.743625879,-8.88386631,1
367,385,2.519386292,-9.002766609,1
367,417,1.421857119,-7.65858984,1
367,449,-0.03831699491,-7.294258118,1
367,481,1.594605327,-7.845610619,1
367,513,-0.0006932318211,-5.455629349,1
367,545,-0.1343873143,-4.849702835,1
367,577,0.5910254121,-5.181379318,1
367,609,-0.9540733099,-5.536104679,1
367,641,-1.876944184,-5.745014668,1
367,673,-1.760812998,-6.170255661,1
367,705,-1.536364198,-6.588589668,1
367,737,-0.875813961,-6.963101387,1
367,769,-1.166652799,-9.081441879,1
367,801,-1.080302596,-7.413244724,1
367,833,-1.974989891,-6.180134296,1
367,865,-1.540285587,-6.257062435,1
367,897,2.621495962,-6.707166672,1
367,929,-1.045265198,-6.236535549,1
367,961,-2.382676601,-5.715322971,1
367,993,-3.546163559,-4.953197002,1
367,1025,-4.358342171,-4.829870701,1
367,1057,-3.478423834,-5.311458111,1
367,1089,-3.56946063,-5.805116177,1
367,1121,-3.542983294,-6.027057171,1
367,1153,-3.082456827,-6.194758892,1
367,1185,-2.643425226,-6.04370594,1
367,1217,-2.017412186,-6.638876438,1
367,1249,-1.310898066,-7.070661545,1
367,1281,-0.1681543589,-7.483304977,1
367,1313,0.5473806858,-6.217917442,1
367,1345,-0.3404253721,-5.160684586,1
367,1377,-1.352839947,-3.587426662,1
367,1409,-0.6765267849,-2.296449423,1
367,1441,-0.456699729,-3.380819798,1
367,1473,-0.8548956513,-4.422485352,1
367,1505,-1.240886569,-3.878582001,1
367,1537,-1.563243628,-3.411689043,1
367,1569,-1.53587079,-3.064639091,1
367,1601,-1.60916698,-2.777489901,1
367,1633,-1.958698511,-4.07121563,1
367,1665,-2.063349485,-3.537318707,1
367,1697,-1.722404718,-3.561467886,1
367,1729,-1.499694467,-3.663956881,1
367,1761,-1.457555056,-4.227401733,1
367,1793,-2.058939695,-5.979005814,1
367,1825,-3.364548206,-4.97834444,1
367,1857,0.1581266522,-3.036266327,1
367,1889,0.1890560985,-2.712709665,1
367,1921,0.2313141823,-3.006395578,1
367,1953,2.411203861,-3.853003979,1
367,1985,1.141886473,-5.190542221,1
367,2017,-0.3954759836,-0.1099371016,1
399,33,-1.123736024,-3.851694107,1
399,65,-2.241243839,-12.00423908,1
399,97,-2.621983528,-6.5189538,1
399,129,-2.426169395,-6.898361206,1
399,161,-2.183796406,-6.703460217,1
399,193,-1.942613602,-7.1064744,1
399,225,-2.036434412,-7.727725506,1
399,257,-1.680274963,-8.610050201,1
399,289,-1.9731884,-9.819227219,1
399,321,-2.122630835,-9.260368347,1
399,353,2.224419117,-9.049556732,1
399,385,1.825011253,-7.960978031,1
399,417,0.2799185514,-6.742748737,1
399,449,-0.8735454082,-6.741431236,1
399,481,0.7899808884,-6.650569916,1
399,513,2.170204639,-4.251330853,1
399,545,1.882143378,-3.268636703,1
399,577,1.670178413,-3.612617493,1
399,609,0.5047473907,-4.670538902,1
399,641,-1.524504423,-5.119916439,1
399,673,-2.048776388,-5.84571743,1
399,705,-1.876622558,-6.717784405,1
399,737,-1.392710447,-7.071771145,1
399,769,-1.259697437,-6.776971817,1
399,801,-1.595723033,-6.907973289,1
399,833,-1.91972065,-6.681049347,1
399,865,-1.557579279,-6.782542229,1
399,897,0.8032300472,-4.432451725,1
399,929,-0.4721744061,-5.124839306,1
399,961,-2.445952654,-6.590555668,1
399,993,-3.061205864,-5.438328743,1
399,1025,-3.581755638,-3.85312748,1
399,1057,-3.617719412,-5.07373476,1
399,1089,-3.532225609,-5.763118267,1
399,1121,-3.353985548,-5.795158863,1
399,1153,-3.456721783,-6.005100727,1
399,1185,-2.724022388,-6.408399582,1
399,1217,-2.474873543,-6.612585545,1
399,1249,-1.787716866,-7.455815792,1
399,1281,-0.5440627337,-7.74875927,1
399,1313,-0.6583069563,-6.728613853,1
399,1345,-1.091773868,-5.79439497,1
399,1377,-0.4668343663,-4.854158878,1
399,1409,0.1724714637,-4.070258141,1
399,1441,-0.2337988615,-3.803938866,1
399,1473,-0.6593290567,-4.151949406,1
399,1505,-0.7637581229,-3.938249588,1
399,1537,-0.9540308714,-3.911896467,1
399,1569,-1.07271421,-3.199697256,1
399,1601,-1.305227757,-2.084842682,1
399,1633,-1.780348539,-2.72984457,1
399,1665,-1.506688237,-3.143122196,1
399,1697,-0.5925942063,-3.15571928,1
399,1729,-0.6182975173,-3.776604414,1
399,1761,-0.637506783,-5.196648121,1
399,1793,-0.03767490387,-5.139809132,1
399,1825,1.876122952,-3.645263195,1
399,1857,1.183073521,-3.814604282,1
399,1889,0.6277478933,-4.284695625,1
399,1921,0.8734977245,-4.046066284,1
399,1953,1.323352098,-4.052863121,1
399,1985,0.5643917918,-4.136849403,1
399,2017,-0.1461520493,-0.3968170583,1
431,33,-20.3770504,8.596606255,1
431,65,-1.690189481,-11.55506516,1
431,97,-2.603411674,-6.891502857,1
431,129,-3.216321707,-7.485268593,1
431,161,-2.554476976,-7.377939224,1
431,193,-2.128583431,-7.12642765,1
431,225,-1.792917013,-7.588105679,1
431,257,-0.8452603817,-8.494574547,1
431,289,-1.202463388,-8.308690071,1
431,321,-0.4437743425,-8.517852783,1
431,353,1.716708064,-9.552213669,1
431,385,0.8614989519,-7.811368942,1
431,417,0.6919397116,-6.615602016,1
431,449,-0.2606697679,-5.740653992,1
431,481,-0.2799505591,-5.12535429,1
431,513,0.7455160618,-1.15595293,1
431,545,1.162697196,-1.767204285,1
431,577,1.26072216,-2.22632122,1
431,609,0.4385765791,-4.069948196,1
431,641,-0.4775210619,-5.030694008,1
431,673,-1.915546298,-6.34403801,1
431,705,-2.420976877,-6.475629807,1
431,737,-2.476862669,-6.335715294,1
431,769,-1.916840792,-6.112569809,1
431,801,-2.103858232,-6.362699509,1
431,833,-2.596688509,-6.007567883,1
431,865,-2.913978815,-6.601071835,1
431,897,-2.184128046,-5.805268764,1
431,929,-2.854165077,-5.3853755,1
431,961,-3.039755821,-5.576753616,1
431,993,-3.68762207,-4.558932781,1
431,1025,-3.759520769,-4.28942585,1
431,1057,-3.27929616,-4.9343009,1
431,1089,-3.095257998,-5.420322418,1
431,1121,-2.918877363,-5.451576233,1
431,1153,-4.477975845,-5.760592461,1
431,1185,-3.827686071,-6.558178425,1
431,1217,-2.692303181,-7.211709499,1
431,1249,-2.044211149,-7.310182571,1
431,1281,-1.646773696,-7.177949905,1
431,1313,-2.002975464,-7.016392708,1
431,1345,-1.856813788,-6.359189987,1
431,1377,-0.04997754097,-5.483411789,1
431,1409,0.5386783481,-5.570344925,1
431,1441,-0.3256697059,-4.655032158,1
431,1473,-0.549814105,-4.086495399,1
431,1505,-0.6907271743,-3.904173374,1
431,1537,-0.8823485374,-3.945471048,1
431,1569,-0.8845521212,-3.477724075,1
431,1601,-1.408837438,-2.800531387,1
431,1633,-1.750807166,-2.851660728,1
431,1665,-0.5434300303,-2.913082361,1
431,1697,-0.2491301894,-3.004263163,1
431,1729,-0.1594971716,-4.139126301,1
431,1761,0.09653973579,-4.022840977,1
431,1793,0.1858602762,-3.962296009,1
431,1825,0.338730365,-4.024641037,1
431,1857,0.2170253694,-4.405254841,1
431,1889,0.07527448237,-4.649043083,1
431,1921,0.3525463641,-5.043831825,1
431,1953,0.6782677174,-4.713737488,1
431,1985,0.3146435618,-4.069280148,1
431,2017,-0.2206283212,-0.4247811437,1
463,33,-0.05471545458,9.183489799,1
463,65,-1.506380796,-9.152547836,1
463,97,-1.410395265,-4.950563431,1
463,129,-2.37446785,-7.482987404,1
463,161,-2.498076439,-7.203237057,1
463,193,-2.133058548,-7.099638462,1
463,225,-2.199418306,-7.365516663,1
463,257,-1.560191512,-7.281825542,1
463,289,-0.7364599705,-7.428702354,1
463,321,-0.6829302311,-7.742017746,1
463,353,0.6225984097,-7.442975044,1
463,385,1.558901548,-7.216536522,1
463,417,2.215156078,-6.135761261,1
463,449,0.6837342978,-3.927895546,1
463,481,1.074556351,-3.361591816,1
463,513,-0.2722660303,-3.058607578,1
463,545,-1.224784136,-2.877282143,1
463,577,-0.6593515873,-3.357274055,1
463,609,1.86115849,-4.045106888,1
463,641,0.4193043709,-3.89577198,1
463,673,6.555336475,-22.92759132,1
463,705,-2.819222927,-6.081142426,1
463,737,-3.110109329,-5.562463284,1
463,769,-2.808727264,-6.030735493,1
463,801,-2.930134773,-6.154396057,1
463,833,-3.38083744,-5.51080513,1
463,865,-2.973932743,-5.403755188,1
463,897,-2.173998356,-6.058140755,1
463,929,-2.798228979,-5.567209244,1
463,961,-3.115898132,-4.446651936,1
463,993,-3.434272528,-4.182068825,1
463,1025,-3.235392809,-4.401470661,1
463,1057,-2.666559696,-4.904087543,1
463,1089,-2.168529987,-5.245677471,1
463,1121,-1.588498354,-5.541676521,1
463,1153,-3.215747833,-7.133033276,1
463,1185,-3.950434208,-7.867909908,1
463,1217,-4.513262272,-7.167692184,1
463,1249,-2.458513737,-6.761669636,1
463,1281,-2.297473431,-6.753043652,1
463,1313,-2.418058634,-7.014651775,1
463,1345,-2.357935429,-6.624652863,1
463,1377,-2.369192839,-5.65594244,1
463,1409,-1.091705799,-6.228893757,1
463,1441,-0.7183380127,-5.309482574,1
463,1473,-0.7636502981,-4.328237534,1
463,1505,-1.521457076,-2.979310036,1
463,1537,-1.602718353,-3.570065498,1
463,1569,-1.278867245,-3.508620024,1
463,1601,-1.4354496,-3.622422934,1
463,1633,-0.8279329538,-2.838218689,1
463,1665,-0.03322201967,-1.956442833,1
463,1697,0.6321913004,-3.20582962,1
463,1729,0.7348626852,-5.074101448,1
463,1761,0.7625539303,-3.303884983,1
463,1793,0.3714328706,-2.518579483,1
463,1825,-0.007680952549,-4.176290512,1
463,1857,-0.4178647101,-4.890795708,1
463,1889,0.05327627063,-4.927845478,1
463,1921,0.2118111253,-5.764521122,1
463,1953,0.1903789937,-5.213445663,1
463,1985,-0.3495915234,-4.248592854,1
463,2017,-0.6577895284,-0.1988661289,1
495,33,1.60671854,9.71143055,1
495,65,-1.427143335,-7.277972698,1
495,97,-0.7307925224,-6.770591736,1
495,129,-2.316249847,-9.403173447,1
495,161,-1.916937351,-7.2933321,1
495,193,-1.613761425,-7.295349121,1
495,225,-1.820167184,-7.61856699,1
495,257,-1.662884951,-7.673309326,1
495,289,-1.040158391,-7.483533382,1
495,321,-0.8447223902,-7.325498104,1
495,353,-0.4427569509,-9.473574638,1
495,385,11.40864563,-23.19949341,1
495,417,-11.30484581,3.059745312,1
495,449,1.191664457,-4.058026314,1
495,481,1.154303908,-3.631893158,1
495,513,-1.201864123,-4.155544281,1
495,545,-2.874022007,-3.975471497,1
495,577,-3.072449446,-4.539849758,1
495,609,-1.527603626,-5.393069744,1
495,641,-2.059755802,-12.05648518,1
495,673,-2.120673418,-8.385036469,1
495,705,-18.96583176,-16.44181633,1
495,737,-3.044278622,-5.414977074,1
495,769,-3.658597708,-5.946763039,1
495,801,-3.257086754,-5.760629654,1
495,833,-2.930929899,-5.116502762,1
495,865,-2.765145302,-4.794281483,1
495,897,-2.563482761,-4.847130775,1
495,929,-1.653269053,-6.077255249,1
495,961,-2.054722786,-5.193516731,1
495,993,-2.567242861,-4.226327896,1
495,1025,-2.502041578,-4.306105614,1
495,1057,-2.454521179,-4.904077053,1
495,1089,-2.454162359,-5.309529305,1
495,1121,-2.702594995,-5.601044655,1
495,1153,-3.634621143,-6.998111248,1
495,1185,-4.634988308,-6.797802925,1
495,1217,-3.489654541,-7.149747849,1
495,1249,-2.162677765,-6.056145668,1
495,1281,-1.933923364,-6.073046684,1
495,1313,-2.061084032,-6.469314575,1
495,1345,-2.340898037,-6.338675499,1
495,1377,-2.67760849,-5.68506813,1
495,1409,-2.358451843,-5.071545601,1
495,1441,-0.8276565075,-4.974416256,1
495,1473,-0.3377674818,-4.438995838,1
495,1505,-0.8280611038,-4.670221329,1
495,1537,-1.212157726,-4.656884193,1
495,1569,-1.171236038,-3.922172308,1
495,1601,-0.5838381052,-3.03605032,1
495,1633,0.001544624567,-2.033249855,1
495,1665,0.8601518273,-1.565027237,1
495,1697,1.738108754,-3.332046032,1
495,1729,1.425204754,-5.204955578,1
495,1761,0.7838037014,-2.17182374,1
495,1793,0.3797999322,-1.105135441,1
495,1825,0.6631703973,-3.477154016,1
495,1857,0.4359398186,-4.716475487,1
495,1889,0.3290859461,-5.170433044,1
495,1921,0.2519381642,-3.453337669,1
495,1953,-0.1893649697,-4.20412159,1
495,1985,-1.013990283,-3.97650528,1
495,2017,-1.887789011,-0.7776839733,1
527,33,-17.87556839,9.871510506,1
527,65,-2.500721693,-5.263967991,1
527,97,-3.244367599,-9.146108627,1
527,129,-3.039788008,-8.232433319,1
527,161,-2.121845007,-8.103815079,1
527,193,-1.910473824,-7.44438076,1
527,225,-2.25133276,-7.247299671,1
527,257,-2.249846697,-7.288879871,1
527,289,-1.850400209,-7.260012627,1
527,321,-1.102532148,-7.532889843,1
527,353,-0.302267909,-7.895795822,1
527,385,0.6482959986,-7.001256466,1
527,417,1.017098069,-5.891100407,1
527,449,1.132833481,-5.417053223,1
527,481,0.1519720554,-5.732536316,1
527,513,-1.770382166,-6.39624548,1
527,545,-3.387862444,-5.27493,1
527,577,-3.326096773,-5.318664551,1
527,609,-3.663851023,-5.952893734,1
527,641,-15.00479317,-13.96709061,1
527,673,-2.69019556,-6.930963516,1
527,705,-1.722721338,-6.366044998,1
527,737,-2.176502705,-6.059547901,1
527,769,-3.677484035,-5.457329273,1
527,801,-3.273171902,-5.276878357,1
527,833,-2.82551527,-4.857859135,1
527,865,-2.621216297,-4.35743618,1
527,897,-2.449537992,-4.128251076,1
527,929,-2.371929646,-4.529297829,1
527,961,-2.204059124,-4.391058922,1
527,993,-2.193385363,-3.820405006,1
527,1025,-1.973225594,-3.688015461,1
527,1057,-1.793602228,-4.215442181,1
527,1089,-2.194466114,-4.827187538,1
527,1121,-3.503900528,-5.18915844,1
527,1153,-2.80935955,-6.152492523,1
527,1185,-2.0464468,-6.764855385,1
527,1217,-1.976924658,-6.267256737,1
527,1249,-0.8297977448,-5.595369816,1
527,1281,-0.8537158966,-5.426740646,1
527,1313,-1.849634528,-5.49997282,1
527,1345,-2.452474117,-5.362661362,1
527,1377,-2.570291519,-5.18091774,1
527,1409,-1.539847255,-4.083549976,1
527,1441,-0.1256171465,-3.478235245,1
527,1473,0.237385273,-3.99401474,1
527,1505,0.1516032219,-4.818045139,1
527,1537,-0.7165495157,-5.404231071,1
527,1569,-1.269667029,-3.363569736,1
527,1601,-0.2280838192,-2.183686972,1
527,1633,0.04821419716,-1.709442616,1
527,1665,0.4984855652,-1.931378126,1
527,1697,1.017438412,-2.56943202,1
527,1729,1.039527774,-3.606497288,1
527,1761,0.609547019,-2.03172946,1
527,1793,0.3470904231,-1.744618893,1
527,1825,0.526232183,-3.211750984,1
527,1857,0.7241181731,-3.815532446,1
527,1889,0.8310150504,-3.779906511,1
527,1921,0.360604763,-2.910173416,1
527,1953,-0.04155524075,-2.909703732,1
527,1985,-2.698750973,-3.928210974,1
527,2017,-2.092332363,-2.853339195,1
559,33,-7.987214565,9.252526283,1
559,65,-3.823455095,-5.725356102,1
559,97,-4.695370674,-9.174201965,1
559,129,-6.261595249,-8.246999741,1
559,161,-4.388082504,-7.450239182,1
559,193,-4.154916763,-6.663584232,1
559,225,-3.02055645,-6.551317692,1
559,257,-2.687240362,-6.91508913,1
559,289,-2.377862453,-6.93069315,1
559,321,-1.271131277,-6.926648617,1
559,353,-0.3169085383,-6.821326733,1
559,385,0.7188231349,-6.722547531,1
559,417,0.9646157026,-6.985268593,1
559,449,0.6577759981,-6.769585609,1
559,481,-0.0543692112,-6.294800282,1
559,513,-1.723595023,-6.987893581,1
559,545,-4.89531517,-5.637786388,1
559,577,-6.575588226,-5.980515003,1
559,609,-4.972491741,-6.09076643,1
559,641,-3.68851161,-7.175166607,1
559,673,-2.942708015,-6.534342766,1
559,705,-1.203691244,-5.412223816,1
559,737,-1.744589329,-4.958638668,1
559,769,-2.969548702,-4.484334946,1
559,801,-2.414197445,-4.243199825,1
559,833,-2.306481838,-4.066218376,1
559,865,-2.438674927,-3.360887766,1
559,897,-2.44141078,-3.189298391,1
559,929,-2.49576807,-2.429092646,1
559,961,-2.316571236,-1.873271704,1
559,993,-1.857329845,-3.574299335,1
559,1025,-1.743418455,-3.455067158,1
559,1057,-1.911996841,-3.790975571,1
559,1089,-2.042981148,-4.348945141,1
559,1121,-2.598961353,-4.836349487,1
559,1153,-2.329176903,-5.728562355,1
559,1185,-0.8513441086,-7.254251957,1
559,1217,-0.5382384062,-6.663737297,1
559,1249,-0.8532543182,-5.335407734,1
559,1281,-0.8361697197,-4.946275711,1
559,1313,-1.333759546,-4.602819443,1
559,1345,-2.085976124,-4.468225002,1
559,1377,-1.944510937,-3.903237343,1
559,1409,-0.9290467501,-2.728898048,1
559,1441,0.3349024653,-2.886086226,1
559,1473,1.470889568,-3.442243814,1
559,1505,1.415966153,-3.14547801,1
559,1537,0.08465641737,-3.058318138,1
559,1569,-0.6656727791,-2.87975049,1
559,1601,-0.5102881789,-2.256635666,1
559,1633,-0.01684096456,-1.798244596,1
559,1665,0.3723145723,-2.346689224,1
559,1697,1.852465868,-3.348560333,1
559,1729,2.282962799,-4.977126122,1
559,1761,1.819784403,-5.460967064,1
559,1793,1.021071076,-3.371845484,1
559,1825,0.7764285803,-3.625977278,1
559,1857,0.7783879042,-4.483977795,1
559,1889,1.055169106,-3.018872261,1
559,1921,0.5435179472,-2.225532293,1
559,1953,0.3614419103,-2.206134081,1
559,1985,-1.022600889,-0.2758276463,1
559,2017,0.4532693624,-4.944458485,1
591,33,-10.52635384,8.235485077,1
591,65,-7.238980293,-7.214286804,1
591,97,-4.724030495,-8.803873062,1
591,129,-3.453092813,-8.699635506,1
591,161,-2.943550587,-7.875489712,1
591,193,-2.513301849,-7.554021358,1
591,225,-2.115919352,-6.565898895,1
591,257,-1.838504553,-6.768088341,1
591,289,-1.422632098,-7.011389732,1
591,321,-0.6996120214,-6.533792496,1
591,353,-0.1677216887,-6.637085915,1
591,385,-0.3889117539,-6.871025085,1
591,417,-0.6030652523,-7.122959614,1
591,449,-0.943793416,-6.51506424,1
591,481,-1.530230522,-6.162014008,1
591,513,-2.326565266,-6.43781662,1
591,545,-5.831690788,-5.709980488,1
591,577,-8.535830498,-6.73720789,1
591,609,-6.840864182,-6.302402973,1
591,641,-5.45548296,-7.086549282,1
591,673,-3.965082645,-6.423841953,1
591,705,-1.398564577,-3.908545494,1
591,737,-1.738109827,-3.653793812,1
591,769,-2.501566887,-4.567824364,1
591,801,-1.970187664,-4.629255295,1
591,833,-1.358384609,-3.714730263,1
591,865,-1.957190037,-2.520479679,1
591,897,-2.692340612,-2.530606985,1
591,929,-2.796596766,-2.674024582,1
591,961,-2.03303647,-3.449846745,1
591,993,-2.112338066,-3.430209637,1
591,1025,-2.048781157,-2.985660076,1
591,1057,-2.129194021,-3.836920738,1
591,1089,-2.327255487,-4.723371506,1
591,1121,-3.221110344,-4.791352272,1
591,1153,-2.661359787,-5.038227081,1
591,1185,-0.03730082512,-6.065062523,1
591,1217,0.3994721174,-6.555551052,1
591,1249,-0.8259248734,-4.647438526,1
591,1281,-0.8588619232,-4.61151123,1
591,1313,-0.6725955009,-4.597192764,1
591,1345,-0.47671628,-2.639967918,1
591,1377,-2.044724226,-3.573269367,1
591,1409,-1.629156351,-3.658657074,1
591,1441,-0.575456202,-3.545110226,1
591,1473,1.268891573,-3.170376778,1
591,1505,0.7758877277,-2.631381512,1
591,1537,-0.06445369124,-2.822303295,1
591,1569,0.07156741619,-2.56754756,1
591,1601,0.2910948396,-2.215248346,1
591,1633,0.5798578262,-1.728319645,1
591,1665,0.8459253907,-2.271022558,1
591,1697,2.321903467,-2.696264267,1
591,1729,3.970556736,-4.608198166,1
591,1761,2.75617671,-5.823932648,1
591,1793,0.1603845358,-1.261447906,1
591,1825,0.2546057701,-1.303287506,1
591,1857,0.5552979112,-4.747090816,1
591,1889,0.644487083,-3.266040802,1
591,1921,-0.1484649926,-1.544683695,1
591,1953,-0.8374960423,-1.478406668,1
591,1985,0.2860209942,-0.2697262764,1
591,2017,3.024283886,-6.256936073,1
623,33,-6.219952583,7.856808662,1
623,65,-4.977329731,-9.67551899,1
623,97,-3.687893391,-6.478345394,1
623,129,-2.962243557,-8.420782089,1
623,161,-2.803162813,-7.973008156,1
623,193,-2.837529659,-7.308262348,1
623,225,-2.485137701,-6.949342728,1
623,257,-1.812448978,-6.693184853,1
623,289,-0.3484009504,-6.514671803,1
623,321,-0.1165115237,-6.748444557,1
623,353,-0.3290983438,-7.233626366,1
623,385,-1.053586602,-6.975008965,1
623,417,-1.474477291,-7.24553299,1
623,449,-0.1440675259,-5.781462669,1
623,481,-2.037739754,-5.309074402,1
623,513,-2.539988041,-5.306382179,1
623,545,-3.720268965,-5.429420471,1
623,577,-5.040496349,-5.819962025,1
623,609,-5.260274887,-6.45780611,1
623,641,-5.540840626,-8.046573639,1
623,673,-4.851537704,-7.282077312,1
623,705,-2.129431725,-4.780424118,1
623,737,-1.740028381,-3.836127281,1
623,769,-2.153302193,-4.942418098,1
623,801,-1.703691006,-5.215497971,1
623,833,-0.1977131367,-4.385290623,1
623,865,-1.722458839,-2.486881018,1
623,897,-2.830133915,-1.995809793,1
623,929,-2.948235273,-2.622912645,1
623,961,-2.863340378,-2.976084709,1
623,993,-2.540515423,-2.884703636,1
623,1025,-1.72237289,-2.235635519,1
623,1057,-1.144251704,-3.664014101,1
623,1089,-1.053991079,-4.738286495,1
623,1121,-1.242770314,-5.455043316,1
623,1153,-1.471929908,-5.23197794,1
623,1185,-1.437805891,-4.949341774,1
623,1217,-1.389147282,-4.65350008,1
623,1249,-1.080485582,-4.464314938,1
623,1281,-0.8609330654,-4.992273808,1
623,1313,-0.6190511584,-4.57981348,1
623,1345,-0.009429693222,-2.848958015,1
623,1377,-1.675585508,-2.986124039,1
623,1409,-1.590215206,-4.755178928,1
623,1441,-1.296979785,-4.010863304,1
623,1473,-1.331419945,-2.58442688,1
623,1505,-1.067132831,-2.363025188,1
623,1537,-0.5253597498,-3.473475456,1
623,1569,0.484159112,-2.518732309,1
623,1601,1.265639663,-2.046391249,1
623,1633,1.154348135,-1.915157557,1
623,1665,1.375870109,-3.158731461,1
623,1697,1.914050221,-3.793916225,1
623,1729,3.318152189,-5.870800018,1
623,1761,3.27099371,-6.109824657,1
623,1793,-0.5262861252,-2.23487711,1
623,1825,-3.018809795,-6.359342575,1
623,1857,0.9640648961,-7.629765034,1
623,1889,0.7871072292,-8.502059937,1
623,1921,-1.221156001,-3.6656394,1
623,1953,-1.40989399,-1.850200176,1
623,1985,-0.2421294004,-2.544616938,1
623,2017,2.139843464,-6.749673843,1
655,33,-5.0738554,7.343050003,1
655,65,-4.269432545,-9.876001358,1
655,97,-3.31191349,-5.506168365,1
655,129,-3.166971445,-6.688714981,1
655,161,-2.706945896,-6.860762596,1
655,193,-2.625004292,-6.542610645,1
655,225,-2.909995556,-7.101965427,1
655,257,-3.722564936,-7.536680698,1
655,289,0.11351192,-6.863817215,1
655,321,-0.07687568665,-6.948364258,1
655,353,-0.4445258379,-7.032605171,1
655,385,-0.9104206562,-6.742183208,1
655,417,-1.668924093,-7.191105843,1
655,449,-1.347935081,-5.948951244,1
655,481,-1.780473709,-4.615920067,1
655,513,-2.400623798,-3.998198032,1
655,545,-4.076375961,-3.952852726,1
655,577,-3.863746166,-5.542371273,1
655,609,-4.108586311,-7.29308176,1
655,641,-4.098047256,-7.600380421,1
655,673,-3.001852751,-6.205000877,1
655,705,-0.660823822,-5.40200758,1
655,737,-1.167601109,-3.283614635,1
655,769,-2.006282806,-3.64080286,1
655,801,-1.407878518,-4.558211327,1
655,833,-0.702776432,-3.953332424,1
655,865,-1.716231585,-2.363966465,1
655,897,-2.714561224,-1.63303566,1
655,929,-3.314084291,-2.125726938,1
655,961,-3.877764463,-2.415066719,1
655,993,-3.365595341,-2.35294795,1
655,1025,-1.54588902,-0.8952527046,1
655,1057,0.6697940826,-3.701307297,1
655,1089,1.161039829,-4.975309372,1
655,1121,0.4323595762,-5.436017036,1
655,1153,-1.45743978,-5.835922241,1
655,1185,-1.964039803,-5.169469833,1
655,1217,-1.73140502,-4.308647156,1
655,1249,-1.926507473,-4.314383507,1
655,1281,-1.437788367,-4.786183834,1
655,1313,0.008230090141,-4.197099686,1
655,1345,-0.8463494778,-3.065374374,1
655,1377,-1.945642948,-3.13952446,1
655,1409,-1.851657391,-4.454783916,1
655,1441,-1.85349369,-4.754584312,1
655,1473,-1.844411612,-3.95169282,1
655,1505,-2.053267002,-3.450352192,1
655,1537,-1.418728828,-3.807813644,1
655,1569,-0.1246620119,-2.849316835,1
655,1601,1.192908645,-2.585789919,1
655,1633,2.164888859,-3.198804855,1
655,1665,1.928670406,-4.230276585,1
655,1697,2.038864374,-4.661578178,1
655,1729,2.564123154,-5.918593884,1
655,1761,2.319231033,-6.178209782,1
655,1793,0.01353192329,-6.460998058,1
655,1825,-0.2105287313,-6.73648262,1
655,1857,1.297425866,-7.129205227,1
655,1889,0.994585216,-9.758156776,1
655,1921,1.372646451,-4.318477631,1
655,1953,-0.2506678402,-3.9070158,1
655,1985,-0.6561536789,-4.221893311,1
655,2017,-0.4152563214,-6.006089687,1
687,33,-5.60827589,-2.493650436,1
687,65,-3.381247997,-9.372678757,1
687,97,-3.692117929,-6.573331833,1
687,129,-2.933206797,-6.897907734,1
687,161,-2.368559122,-6.634946823,1
687,193,-2.046700478,-6.698962212,1
687,225,-2.135023832,-6.999036789,1
687,257,-2.214858055,-7.230619907,1
687,289,-1.070068836,-7.177354336,1
687,321,-0.7694489956,-6.910788059,1
687,353,0.2849208117,-6.369695663,1
687,385,-0.4452427626,-5.780328751,1
687,417,-1.678231359,-6.055827618,1
687,449,-1.440890551,-5.550373554,1
687,481,-1.535946131,-6.30720377,1
687,513,-2.905613899,-5.722039223,1
687,545,-4.365992546,-4.21506834,1
687,577,-3.728433132,-5.273995399,1
687,609,-3.786707878,-5.985970497,1
687,641,-3.629698277,-5.883197308,1
687,673,-3.066342592,-5.215085983,1
687,705,-2.076027632,-4.303861618,1
687,737,-2.160815001,-2.927297115,1
687,769,-2.018717527,-3.558001995,1
687,801,-1.606513977,-4.554271698,1
687,833,-0.5091401339,-4.582209587,1
687,865,-0.7974393368,-2.748713255,1
687,897,-2.92620039,-1.85302949,1
687,929,-3.556406498,-2.275508881,1
687,961,-3.334646225,-2.158648968,1
687,993,-2.4457829,-2.331106424,1
687,1025,-1.096814752,-0.4830420017,1
687,1057,0.585080862,-3.978151083,1
687,1089,1.711047411,-6.393456936,1
687,1121,0.8181182146,-5.443449974,1
687,1153,-1.145077705,-5.795179367,1
687,1185,-1.816421628,-5.531064987,1
687,1217,-1.77772522,-4.666201591,1
687,1249,-1.656045318,-3.951198101,1
687,1281,-0.8897061348,-4.071768761,1
687,1313,-0.6519091129,-3.91285944,1
687,1345,-2.41408968,-3.874780655,1
687,1377,-2.438737631,-3.859786987,1
687,1409,-2.476895571,-4.318989277,1
687,1441,-2.115603209,-4.682061195,1
687,1473,-1.876654387,-4.54379034,1
687,1505,-2.154705048,-4.30657196,1
687,1537,-1.9366045,-3.880759954,1
687,1569,-1.646591902,-1.986221313,1
687,1601,0.2862782478,-3.222978354,1
687,1633,1.37178874,-3.90149641,1
687,1665,1.7614187,-4.900045395,1
687,1697,1.718251109,-5.095709324,1
687,1729,0.9474406242,-5.45641613,1
687,1761,1.021159172,-6.268539429,1
687,1793,1.2247504,-6.799555302,1
687,1825,1.182776451,-6.491267681,1
687,1857,1.705314517,-5.771680832,1
687,1889,1.35149467,-8.341265678,1
687,1921,0.7466205359,-6.897819042,1
687,1953,0.3868101239,-5.593864918,1
687,1985,-0.07182657719,-4.583565235,1
687,2017,-0.7984702587,-4.411519051,1
719,33,-0.7086539268,1.324793339,1
719,65,-2.526676655,-8.51680851,1
719,97,-3.003449917,-7.454811096,1
719,129,-2.432435274,-7.334534168,1
719,161,-2.295167685,-7.04333353,1
719,193,-1.79992342,-6.886981964,1
719,225,-1.452311039,-7.214477539,1
719,257,-0.8318862915,-7.214226246,1
719,289,-2.946282625,-6.375466824,1
719,321,-2.088095427,-6.001162529,1
719,353,0.06724572182,-5.679454327,1
719,385,-0.9968984127,-5.302484512,1
719,417,-1.391250253,-6.011063576,1
719,449,-1.805387855,-6.030534267,1
719,481,-3.117553234,-6.127249241,1
719,513,-3.993507147,-6.713251114,1
719,545,-5.223917007,-5.36770916,1
719,577,-3.966729879,-5.335831642,1
719,609,-3.551971674,-4.943907261,1
719,641,-3.471565247,-4.514723301,1
719,673,-3.002326727,-4.192204952,1
719,705,-1.90490675,-3.65489459,1
719,737,-2.143265724,-3.717906952,1
719,769,-2.605978489,-4.650721073,1
719,801,-1.428935289,-5.954009056,1
719,833,-1.195742607,-5.07676363,1
719,865,-2.455328226,-3.214279652,1
719,897,-3.334783077,-2.696286917,1
719,929,-3.190003395,-2.873193741,1
719,961,-2.16052866,-2.746543884,1
719,993,0.1343867779,-2.684182405,1
719,1025,0.8604596853,-2.857531309,1
719,1057,1.3939991,-4.12042284,1
719,1089,0.2976891398,-2.3194561,1
719,1121,-0.1770540476,-4.793374062,1
719,1153,-0.6056644917,-4.741161346,1
719,1185,-1.573572278,-4.662870407,1
719,1217,-1.937848568,-5.1248312,1
719,1249,-1.416817188,-4.338308334,1
719,1281,-1.829250336,-3.550858498,1
719,1313,-1.914429426,-3.875173569,1
719,1345,-2.465526581,-3.652832031,1
719,1377,-2.925013542,-3.716978073,1
719,1409,-2.873769522,-4.073640823,1
719,1441,-2.505725622,-4.510169983,1
719,1473,-2.241384983,-4.792277336,1
719,1505,-3.466264248,-5.34275341,1
719,1537,-2.997304916,-4.107194901,1
719,1569,-3.224328041,-3.16538167,1
719,1601,-1.790985346,-2.869835854,1
719,1633,-0.3697711229,-3.548758984,1
719,1665,1.069487333,-4.918505192,1
719,1697,1.324197173,-5.366716862,1
719,1729,1.441913128,-6.267238617,1
719,1761,1.802691102,-7.397997856,1
719,1793,1.435232043,-7.012107372,1
719,1825,0.7538000941,-5.937924385,1
719,1857,0.5740841627,-5.175462723,1
719,1889,0.5942236185,-6.140683651,1
719,1921,0.9102602005,-6.571260452,1
719,1953,0.5462447405,-5.801441669,1
719,1985,0.301404804,-4.733985424,1
719,2017,-0.131526947,-2.592620611,1
751,33,-0.7070765495,0.2086324692,1
751,65,-2.426471233,-7.180630684,1
751,97,-2.538081646,-7.46945715,1
751,129,-2.745045662,-7.775900364,1
751,161,-2.640469551,-7.477981567,1
751,193,-1.766221046,-7.074260235,1
751,225,-0.6908608675,-8.032587051,1
751,257,0.548212111,-7.360529423,1
751,289,-0.9956889153,-6.377258778,1
751,321,-1.719121695,-5.933449268,1
751,353,-1.006251335,-4.512408257,1
751,385,-1.203824997,-5.101655006,1
751,417,-0.8246411085,-6.068036079,1
751,449,-1.680648088,-6.153107166,1
751,481,-4.327132225,-5.949526787,1
751,513,-5.077228546,-5.794371128,1
751,545,-7.683156013,-8.438576698,1
751,577,-1.680102825,-4.778436184,1
751,609,-2.58231926,-4.371454716,1
751,641,-3.352844,-4.248462677,1
751,673,-2.632954359,-2.993431807,1
751,705,-1.799424887,-3.520826817,1
751,737,-2.125998735,-4.415333748,1
751,769,-2.791182518,-5.484655857,1
751,801,-2.21198535,-5.491256714,1
751,833,-2.969087124,-4.532817841,1
751,865,-3.285102367,-3.780773878,1
751,897,-3.186101198,-3.396714926,1
751,929,-2.495607853,-3.466773987,1
751,961,-1.639711618,-3.381639481,1
751,993,-0.9388403893,-2.984735489,1
751,1025,0.2861154675,-2.85097599,1
751,1057,0.7870375514,-2.557100058,1
751,1089,8.20409584,12.19208908,1
751,1121,-0.8607029915,-4.185033798,1
751,1153,-1.500503182,-3.549147129,1
751,1185,-2.368438244,-4.209470749,1
751,1217,-3.326890469,-4.610763073,1
751,1249,-3.451900482,-4.305217743,1
751,1281,-2.723031998,-4.312980652,1
751,1313,-2.276821375,-4.287313938,1
751,1345,-2.170039654,-3.432605267,1
751,1377,-2.441997766,-3.837213039,1
751,1409,-2.572965622,-4.250385284,1
751,1441,-2.874514103,-5.804961681,1
751,1473,-2.534555674,-7.524056435,1
751,1505,-1.532199264,-8.213037491,1
751,1537,-1.585925698,-6.904436588,1
751,1569,-2.005290985,-4.222239017,1
751,1601,-12.26270676,-3.329832077,1
751,1633,-2.359485626,-4.369155407,1
751,1665,0.1780825853,-5.212859154,1
751,1697,1.823377132,-5.613408566,1
751,1729,2.127704144,-6.435019493,1
751,1761,1.622143269,-7.017364979,1
751,1793,1.19639945,-6.623623848,1
751,1825,0.3573024273,-5.805485725,1
751,1857,0.1321957707,-5.386850357,1
751,1889,0.8417700529,-5.437973499,1
751,1921,1.0204072,-5.732996941,1
751,1953,0.7694596052,-5.497189522,1
751,1985,0.8262168765,-5.095592022,1
751,2017,-0.2653033733,-2.262884617,1
783,33,1.963987112,0.1738877296,1
783,65,-2.274558067,-7.864366531,1
783,97,-3.257879496,-8.122087479,1
783,129,-3.186481953,-8.416927338,1
783,161,-3.062567711,-7.059858799,1
783,193,-1.622701883,-6.701741695,1
783,225,0.1209589243,-7.819671154,1
783,257,0.9211266041,-6.905653954,1
783,289,-0.9627091289,-6.153812885,1
783,321,-2.82742548,-6.412965298,1
783,353,-2.907768726,-6.203175068,1
783,385,-1.63899982,-5.166805744,1
783,417,-1.113145828,-5.974793911,1
783,449,-1.642476916,-5.76740694,1
783,481,-2.250442505,-5.32313776,1
783,513,-1.912382603,-5.42431736,1
783,545,-1.329070568,-4.596879482,1
783,577,-1.85046339,-4.735277176,1
783,609,-2.574068069,-5.362261295,1
783,641,-3.146849155,-4.311291695,1
783,673,-2.660689116,-3.54309082,1
783,705,-1.907162189,-3.746780157,1
783,737,-1.957475662,-4.372132778,1
783,769,-2.050506353,-4.898499966,1
783,801,-1.816309094,-4.672280312,1
783,833,-2.418986082,-4.333897591,1
783,865,-2.257718801,-3.839171648,1
783,897,-1.917505741,-3.667909622,1
783,929,-2.271804333,-3.663312912,1
783,961,-1.738808393,-3.041669846,1
783,993,-0.8966719508,-2.649603128,1
783,1025,0.585092485,-2.396912575,1
783,1057,-0.5617057085,-1.413489819,1
783,1089,-1.190030098,-1.289764404,1
783,1121,-3.186603069,-4.079273701,1
783,1153,-2.215087891,-4.177178383,1
783,1185,-3.168469429,-4.127451897,1
783,1217,-4.377583504,-4.334079742,1
783,1249,-3.705888748,-4.306806087,1
783,1281,-2.949917793,-4.628965855,1
783,1313,-2.51551795,-4.7523489,1
783,1345,-2.031356573,-4.365758896,1
783,1377,-1.960356951,-4.626738071,1
783,1409,-2.866623402,-5.173699856,1
783,1441,-2.076161146,-5.744185925,1
783,1473,-0.2771927118,-5.575166702,1
783,1505,4.439369678,-0.01622676849,1
783,1537,-0.3501068354,-6.304407597,1
783,1569,-1.228095531,-5.043686867,1
783,1601,-1.590148211,-4.264133453,1
783,1633,-0.8414801359,-4.490987301,1
783,1665,-0.1052212715,-5.360179424,1
783,1697,-0.04502415657,-7.274658203,1
783,1729,0.6741844416,-6.63401413,1
783,1761,1.454846859,-6.603375912,1
783,1793,1.353824735,-6.262506962,1
783,1825,0.7010151744,-5.867944717,1
783,1857,0.6157390475,-5.182421207,1
783,1889,0.8535678387,-5.126748085,1
783,1921,0.6952303052,-5.606910706,1
783,1953,0.001792192459,-6.245755196,1
783,1985,-0.08122646809,-4.881071091,1
783,2017,-0.7416068316,-2.954987049,1
815,33,0.5734181404,0.1298518181,1
815,65,-1.66318059,-7.274057865,1
815,97,-2.491192818,-7.186075211,1
815,129,-2.710416794,-7.382355213,1
815,161,-2.84668684,-7.135540485,1
815,193,-1.355578184,-6.542569637,1
815,225,-0.9590284824,-7.040025234,1
815,257,-0.5870229006,-6.74253273,1
815,289,-0.9589456916,-5.749925137,1
815,321,-2.015171051,-5.758267879,1
815,353,-2.300976038,-6.367025852,1
815,385,-1.734415531,-5.974420071,1
815,417,-1.477641344,-5.983941078,1
815,449,-1.933315396,-5.658222675,1
815,481,-1.674716234,-5.309413433,1
815,513,-1.388385534,-5.00407362,1
815,545,-0.9180823565,-4.222854137,1
815,577,-1.229892492,-4.650933743,1
815,609,-1.15466094,-6.710204601,1
815,641,-1.304713249,-4.73473978,1
815,673,-1.909872532,-3.312917233,1
815,705,-1.830265522,-3.695977211,1
815,737,-1.928068876,-3.966770172,1
815,769,-1.879613042,-4.000812054,1
815,801,-1.669262528,-3.966486692,1
815,833,-1.647049189,-3.663824797,1
815,865,-1.23640132,-3.634299278,1
815,897,-1.318675995,-3.769209623,1
815,929,-2.439156055,-3.615885019,1
815,961,-1.635065794,-2.045187235,1
815,993,-0.6783986092,-2.597815275,1
815,1025,1.15554893,-2.264935732,1
815,1057,1.330067635,-2.561071634,1
815,1089,-0.9909727573,-3.600348473,1
815,1121,-1.538501263,-4.70034647,1
815,1153,-1.956387043,-5.172298908,1
815,1185,-2.726718903,-5.474145889,1
815,1217,-3.103460312,-4.906126976,1
815,1249,-2.923071861,-4.441993713,1
815,1281,-2.552114487,-4.92441988,1
815,1313,-1.942536712,-5.447890759,1
815,1345,-1.32085216,-5.072320461,1
815,1377,-0.6952269077,-5.02154541,1
815,1409,-1.623083591,-6.205391884,1
815,1441,-0.666049242,-5.544643879,1
815,1473,0.2489801347,-5.415938854,1
815,1505,0.7843670249,-6.85213089,1
815,1537,0.9928925633,-6.840170383,1
815,1569,0.2045379877,-4.987826824,1
815,1601,-0.001741051674,-4.04068327,1
815,1633,-0.1056921482,-4.615097523,1
815,1665,0.3744022548,-5.734827995,1
815,1697,0.4639327526,-7.694786072,1
815,1729,0.112665534,-6.504693508,1
815,1761,0.904420495,-6.414242268,1
815,1793,0.764901638,-6.592325687,1
815,1825,0.6610791683,-6.685605526,1
815,1857,0.1249239743,-4.502700329,1
815,1889,0.1040235162,-4.597428322,1
815,1921,0.1114083827,-5.420739651,1
815,1953,-0.4520234466,-6.490437984,1
815,1985,-0.6731250286,-5.914737701,1
815,2017,-1.134881258,-3.04618907,1
847,33,-1.510641098,0.03847360611,1
847,65,-0.7134623528,-7.99407959,1
847,97,-1.848639965,-5.887326241,1
847,129,-0.3413622379,-5.126241207,1
847,161,-1.246662021,-6.297719479,1
847,193,-0.8564767838,-6.652180672,1
847,225,-1.993064642,-7.316601753,1
847,257,-1.032326102,-6.742996693,1
847,289,-0.1923967004,-5.028467178,1
847,321,-0.6791747808,-4.361368656,1
847,353,-1.186351776,-5.646575928,1
847,385,-1.475260615,-5.98450613,1
847,417,-1.358343244,-5.908063889,1
847,449,-1.137504458,-6.091645241,1
847,481,-1.162739515,-5.488545418,1
847,513,-1.839568138,-4.670886993,1
847,545,-1.704981089,-4.037906647,1
847,577,-1.571213245,-3.673145771,1
847,609,-1.362738609,-5.700380802,1
847,641,-1.118300915,-4.272859573,1
847,673,-1.34203124,-3.446644306,1
847,705,-1.497924089,-3.648057461,1
847,737,-1.710320711,-3.634259939,1
847,769,-2.800358772,-3.531045437,1
847,801,-1.431924343,-2.730040312,1
847,833,-1.223273039,-2.948604107,1
847,865,-1.178920984,-2.939305782,1
847,897,-1.441313744,-3.045334339,1
847,929,-1.586668968,-2.953511,1
847,961,-1.239378572,-2.897796154,1
847,993,-0.8183848262,-2.612520218,1
847,1025,0.7570595741,-2.16867733,1
847,1057,1.306752443,-3.581912518,1
847,1089,-0.6303921938,-5.178377151,1
847,1121,-1.10544157,-5.745632172,1
847,1153,-1.46323514,-5.897001266,1
847,1185,-1.683410406,-5.505770683,1
847,1217,-1.66152072,-4.331889153,1
847,1249,-1.847756267,-4.569813728,1
847,1281,-1.556085706,-4.958795071,1
847,1313,-1.429872274,-5.1413064,1
847,1345,-1.968131423,-4.694194317,1
847,1377,-1.641825676,-4.81888628,1
847,1409,-0.7306799889,-5.831441879,1
847,1441,-0.4838265777,-4.853642464,1
847,1473,0.09496995807,-5.659272671,1
847,1505,1.103441834,-6.245841503,1
847,1537,1.98712182,-5.856690884,1
847,1569,1.745702147,-4.979372978,1
847,1601,2.163070679,-4.084566116,1
847,1633,1.533922195,-4.712343216,1
847,1665,0.717694521,-5.881402493,1
847,1697,0.3661026955,-6.348297596,1
847,1729,-0.04633629322,-6.242568493,1
847,1761,-0.1744675636,-6.970867157,1
847,1793,-0.04209339619,-8.327331543,1
847,1825,-1.387693048,-6.835878372,1
847,1857,-1.935134053,-4.629162788,1
847,1889,-0.665060997,-3.905994892,1
847,1921,-0.4920901656,-4.644198418,1
847,1953,-0.02439087629,-6.251138687,1
847,1985,0.7293699384,-4.835100651,1
847,2017,0.1754195094,-2.133940697,1
879,33,-0.8469634056,-7.497677803,1
879,65,-1.401871562,-8.732421875,1
879,97,-1.623471022,-6.889911652,1
879,129,-0.6649042368,-5.070019722,1
879,161,-1.424736381,-3.777127266,1
879,193,-1.27630198,-5.939311028,1
879,225,-1.053287864,-6.367346764,1
879,257,-0.02620208263,-6.660677433,1
879,289,0.4719477892,-7.468341827,1
879,321,-0.4728002548,-7.540608883,1
879,353,-1.051854014,-6.058077812,1
879,385,-1.38973093,-5.901066303,1
879,417,-1.370556951,-5.637412071,1
879,449,-0.9344700575,-6.116825104,1
879,481,-0.9446321726,-5.788802147,1
879,513,-1.659485817,-4.806081772,1
879,545,-1.888689756,-4.235685825,1
879,577,-1.583909392,-3.849903107,1
879,609,-1.530096531,-4.040307522,1
879,641,-1.295788169,-4.241022587,1
879,673,-0.8149913549,-4.580724716,1
879,705,-0.7208199501,-5.198250294,1
879,737,-1.163054585,-4.200208664,1
879,769,-1.512727737,-4.01747036,1
879,801,-1.104584575,-2.817698956,1
879,833,-1.081635356,-2.479543209,1
879,865,-1.167129517,-2.201189041,1
879,897,-1.395396113,-2.275397301,1
879,929,-1.575736403,-2.39432025,1
879,961,-1.427259684,-2.704221725,1
879,993,-0.6879591346,-3.321534634,1
879,1025,-0.404746294,-3.550836086,1
879,1057,-0.06814539433,-4.413991928,1
879,1089,-0.1558022797,-5.967173576,1
879,1121,-0.8625196815,-5.972758293,1
879,1153,-1.136077285,-5.831627369,1
879,1185,-1.130431652,-4.512535095,1
879,1217,-1.276175976,-3.514898777,1
879,1249,-1.227216244,-4.419499874,1
879,1281,-0.7256387472,-4.380194664,1
879,1313,-0.7935090065,-4.139960289,1
879,1345,-1.840073824,-4.092802048,1
879,1377,-1.946987152,-4.155206203,1
879,1409,0.2722716331,-4.3428936,1
879,1441,-0.01718959212,-3.014243126,1
879,1473,0.7493386865,-4.638103485,1
879,1505,1.194785357,-5.64171505,1
879,1537,1.475876451,-5.392728329,1
879,1569,2.101431131,-4.745287418,1
879,1601,3.198084831,-4.722167969,1
879,1633,2.371977568,-5.471378326,1
879,1665,1.380121827,-6.006677628,1
879,1697,0.8208622932,-6.586562157,1
879,1729,-0.03587076068,-6.833758831,1
879,1761,-0.9833986163,-7.441841602,1
879,1793,-0.4241755605,-7.168602467,1
879,1825,-0.1191737726,-8.466223717,1
879,1857,-0.713444531,-4.347130299,1
879,1889,-0.5643442273,-4.606305122,1
879,1921,-0.5191401243,-3.780566216,1
879,1953,-0.2276507169,-5.602810383,1
879,1985,0.06521642208,-4.203116417,1
879,2017,0.3437865973,-1.294702053,1
911,33,-0.9208903909,-5.997777939,1
911,65,-1.300881863,-7.273489952,1
911,97,-1.870199203,-6.817947388,1
911,129,-1.31900394,-5.754248619,1
911,161,-1.058260083,-3.13428545,1
911,193,-1.49899292,-5.840200424,1
911,225,-1.005809426,-7.666226387,1
911,257,-0.9415935278,-7.732235909,1
911,289,-0.7858709097,-8.059467316,1
911,321,-0.8176708221,-8.17821312,1
911,353,-1.277344704,-6.983538628,1
911,385,-1.415932059,-6.050065517,1
911,417,-1.264731765,-5.51743269,1
911,449,-0.7718282938,-5.799943924,1
911,481,-1.096992493,-5.718589783,1
911,513,-1.806447625,-5.387684345,1
911,545,-1.814213634,-4.410811901,1
911,577,-1.195202351,-4.15653944,1
911,609,-0.9108109474,-4.066845894,1
911,641,-0.9072262049,-4.120338917,1
911,673,-0.1560373902,-4.671976089,1
911,705,-0.1513566375,-5.516949177,1
911,737,-0.5860238671,-4.570495605,1
911,769,-1.066718936,-3.60366869,1
911,801,-1.110157132,-2.939324379,1
911,833,-1.414894104,-2.576401949,1
911,865,-1.59160018,-1.895813704,1
911,897,-1.700024247,-1.705519199,1
911,929,-1.709417224,-2.286026478,1
911,961,-1.33123982,-2.382462502,1
911,993,-0.9172052145,-3.078115463,1
911,1025,-0.8046741486,-3.458209753,1
911,1057,-0.15391469,-4.640791893,1
911,1089,0.31668365,-5.982958794,1
911,1121,-0.3136183023,-5.192927361,1
911,1153,-0.4647400379,-5.456602573,1
911,1185,-0.3526989222,-2.775445461,1
911,1217,-0.379876256,-2.393622398,1
911,1249,-0.7504834533,-3.987280846,1
911,1281,-1.04105258,-4.645073891,1
911,1313,-1.36652565,-4.100602627,1
911,1345,-0.3930604458,-3.116072655,1
911,1377,0.006778240204,-3.285804272,1
911,1409,0.1716072559,-3.916115284,1
911,1441,0.8465667963,-3.963781357,1
911,1473,1.277344942,-4.734777927,1
911,1505,1.265496135,-5.401172161,1
911,1537,1.444185257,-5.355305672,1
911,1569,1.860618353,-4.257268429,1
911,1601,2.372226954,-4.838564396,1
911,1633,2.222910881,-5.637123108,1
911,1665,1.666795254,-6.247478485,1
911,1697,1.656994224,-6.896109104,1
911,1729,0.6623146534,-7.323238373,1
911,1761,-0.08305466175,-8.550415039,1
911,1793,0.4536829591,-7.403030396,1
911,1825,1.90794456,-7.860946178,1
911,1857,0.5684506297,-7.890316486,1
911,1889,0.4971603453,-5.556651115,1
911,1921,-0.1277300417,-4.45038414,1
911,1953,-0.2972305119,-5.77426672,1
911,1985,-0.2792865038,-4.290281773,1
911,2017,-0.5235928297,-1.090952158,1
943,33,-0.6285021305,0.2023444176,1
943,65,-0.9732888937,-6.779279232,1
943,97,-1.176653862,-6.228410244,1
943,129,-1.172548175,-5.654266834,1
943,161,-1.544482231,-6.451032162,1
943,193,-1.257256508,-6.658625603,1
943,225,-1.26827693,-7.66700983,1
943,257,-1.86094594,-7.954041481,1
943,289,-1.347611189,-7.987410545,1
943,321,-1.438453436,-7.534081459,1
943,353,-1.141273022,-6.766478062,1
943,385,-1.282093406,-5.993962288,1
943,417,-1.244898558,-5.160627365,1
943,449,-0.4309136868,-5.63777256,1
943,481,-1.51939261,-5.281194687,1
943,513,-2.315649509,-5.262276173,1
943,545,-1.619448304,-4.816608429,1
943,577,-1.185460567,-4.204192162,1
943,609,-0.2848335505,-4.011363029,1
943,641,-0.2635834813,-3.862121105,1
943,673,-0.1601983011,-4.300886154,1
943,705,0.006245940924,-4.769479275,1
943,737,-0.3427937627,-4.685955524,1
943,769,-1.019763947,-3.784821033,1
943,801,-2.037224293,-2.913025618,1
943,833,-2.418895006,-2.481407404,1
943,865,-1.50471437,-2.054463863,1
943,897,-1.579969168,-2.460272312,1
943,929,-1.47971034,-2.41945982,1
943,961,-0.922739625,-1.737606049,1
943,993,-0.7253966331,-2.769642353,1
943,1025,-0.5980272889,-2.960399866,1
943,1057,-0.7059190273,-3.673316717,1
943,1089,-0.8978880644,-4.398133278,1
943,1121,-0.8447883129,-4.039029121,1
943,1153,-0.8116750717,-2.527195692,1
943,1185,0.609369278,-2.955239296,1
943,1217,0.6354260445,-2.533866167,1
943,1249,-1.292597175,-3.417804241,1
943,1281,-0.007985115051,-4.271435261,1
943,1313,0.2769336998,-3.693339825,1
943,1345,0.5443581343,-2.955575466,1
943,1377,0.9616214037,-3.761491776,1
943,1409,1.064060688,-4.443145752,1
943,1441,1.749749184,-5.108260155,1
943,1473,1.86092627,-5.672859192,1
943,1505,1.55188942,-5.797363758,1
943,1537,1.789424181,-5.568298817,1
943,1569,2.536724806,-4.754878521,1
943,1601,3.182064056,-5.15942955,1
943,1633,2.959156513,-5.63911438,1
943,1665,2.875075579,-5.711538315,1
943,1697,3.150386333,-5.614727974,1
943,1729,2.006487608,-6.578583241,1
943,1761,1.442826033,-7.785799026,1
943,1793,1.640146732,-7.412234306,1
943,1825,1.245224833,-6.230721474,1
943,1857,0.885148406,-7.906851768,1
943,1889,13.61730194,-5.92220974,1
943,1921,7.647426605,0.1489748955,1
943,1953,1.292641997,-5.441159248,1
943,1985,1.440086722,-4.621127129,1
943,2017,1.135822892,-1.731402993,1
975,33,-0.4131504297,0.1742994785,1
975,65,-0.9677533507,-6.955968857,1
975,97,-0.6535979509,-5.925463676,1
975,129,-1.46171248,-6.217373371,1
975,161,-1.384170651,-6.777960777,1
975,193,-0.8148136139,-7.233808041,1
975,225,-1.395118237,-8.073079109,1
975,257,-1.888135791,-8.863101006,1
975,289,-1.211827755,-8.329113007,1
975,321,-1.494210601,-7.851163387,1
975,353,-1.053097606,-7.125722885,1
975,385,-1.423796654,-5.799352646,1
975,417,-1.550044179,-5.475642204,1
975,449,-0.8054331541,-5.602561474,1
975,481,-1.507226944,-5.17051363,1
975,513,-1.361009836,-5.175316334,1
975,545,-1.165056705,-5.041939735,1
975,577,-1.056085587,-4.173809528,1
975,609,1.684568286,-2.593902826,1
975,641,2.423738241,-3.44645381,1
975,673,-0.3372703791,-3.333149433,1
975,705,-0.223598361,-3.645458221,1
975,737,-0.6106595993,-4.384013176,1
975,769,-1.164524198,-3.612749338,1
975,801,-1.308025718,-3.015577316,1
975,833,-1.053522468,-2.707705975,1
975,865,-0.7076838613,-2.570922136,1
975,897,-0.9256816506,-3.4339993,1
975,929,-1.084026814,-2.71454072,1
975,961,-0.6813250184,-2.527922869,1
975,993,-0.4594702721,-2.582562208,1
975,1025,-0.3656657934,-2.685036659,1
975,1057,-0.7797012329,-3.105162382,1
975,1089,-0.9656604528,-3.488745213,1
975,1121,-1.558348179,-3.474463463,1
975,1153,-0.9943926334,-3.56249404,1
975,1185,-0.8727440834,-4.041536808,1
975,1217,-1.1286304,-4.373798847,1
975,1249,-0.5319646001,-4.177008629,1
975,1281,1.373247623,-4.709810257,1
975,1313,3.647039413,-5.110891342,1
975,1345,3.326163769,-4.889426708,1
975,1377,2.580148458,-4.882983685,1
975,1409,2.388326645,-5.468360424,1
975,1441,2.771074772,-6.160054684,1
975,1473,2.544973135,-6.616269112,1
975,1505,1.452796459,-7.79009676,1
975,1537,0.5947134495,-8.65414238,1
975,1569,2.649474621,-5.635517597,1
975,1601,3.326561689,-5.583039284,1
975,1633,3.831535339,-5.598375797,1
975,1665,4.704478264,-3.804114342,1
975,1697,3.730285168,-4.843228817,1
975,1729,2.447095394,-5.32641983,1
975,1761,2.763638496,-5.865233421,1
975,1793,2.228804111,-6.266786575,1
975,1825,1.820557594,-5.92840004,1
975,1857,0.9336819649,-6.340550423,1
975,1889,0.09149253368,-7.755420685,1
975,1921,1.758283615,-8.429704666,1
975,1953,1.259589434,-5.621477604,1
975,1985,1.90711689,-4.856844902,1
975,2017,2.672104836,-2.937930584,1
1007,33,0.4335559607,1.411209822,1
1007,65,-0.05384010077,-6.393393517,1
1007,97,-0.9987586141,-7.4465065,1
1007,129,-1.054111242,-6.629645348,1
1007,161,-0.6799610853,-6.673924923,1
1007,193,-0.7415649295,-7.535010815,1
1007,225,-1.056252241,-8.711533546,1
1007,257,-0.5122433901,-8.348637581,1
1007,289,-0.2108676434,-7.720447063,1
1007,321,-0.9580395222,-7.503942013,1
1007,353,-0.3502202034,-7.101027012,1
1007,385,-0.9049857855,-6.090157032,1
1007,417,-1.539365292,-5.596302032,1
1007,449,-0.9569548965,-5.984676838,1
1007,481,-0.74815166,-5.556467533,1
1007,513,-1.314082384,-5.350278378,1
1007,545,-2.218940496,-4.911318779,1
1007,577,-1.027696371,-4.0455966,1
1007,609,-0.315146029,-4.021071911,1
1007,641,0.2583566308,-3.178053856,1
1007,673,-0.7678705454,-2.994663954,1
1007,705,-0.9538303614,-2.694125652,1
1007,737,-1.260705709,-2.840894938,1
1007,769,-1.25722003,-2.95433116,1
1007,801,-0.7303598523,-3.00036931,1
1007,833,0.2565585375,-3.222797155,1
1007,865,0.2955040038,-4.068649769,1
1007,897,1.766790748,-4.257125378,1
1007,929,-0.352692008,-2.545790434,1
1007,961,-0.4702211022,-2.354248047,1
1007,993,-0.3667010963,-2.418274879,1
1007,1025,-0.2657934427,-2.591112375,1
1007,1057,-0.2652848065,-3.197599888,1
1007,1089,0.04528355598,-3.234547138,1
1007,1121,-0.3616746366,-3.316766024,1
1007,1153,-0.5220460892,-4.044570923,1
1007,1185,-0.7420115471,-4.754485607,1
1007,1217,-0.8305372596,-4.850925446,1
1007,1249,0.3514033556,-5.141289711,1
1007,1281,1.859339476,-5.626551151,1
1007,1313,2.697160721,-5.796946526,1
1007,1345,3.105892658,-6.242463112,1
1007,1377,3.389790773,-6.411796093,1
1007,1409,2.601873636,-6.861393929,1
1007,1441,3.007721424,-7.08247757,1
1007,1473,3.340466022,-7.783043385,1
1007,1505,2.442400932,-8.644217491,1
1007,1537,1.577403069,-7.737215042,1
1007,1569,3.468572855,-5.465551853,1
1007,1601,3.418715954,-5.201126099,1
1007,1633,3.257604599,-4.685416222,1
1007,1665,4.662761211,-2.638761997,1
1007,1697,4.283033848,-4.321152687,1
1007,1729,3.473519087,-5.308973312,1
1007,1761,3.401066303,-5.167045116,1
1007,1793,2.870126247,-5.096598625,1
1007,1825,1.722453117,-5.198210239,1
1007,1857,1.174873829,-5.659802914,1
1007,1889,1.009013534,-6.18384409,1
1007,1921,1.583144784,-5.2050457,1
1007,1953,2.499959946,-5.624557972,1
1007,1985,2.977397442,-4.941021442,1
1007,2017,2.986370802,-3.587266684,1
1039,33,-0.09477475286,-1.077480793,1
1039,65,-0.1834449768,-8.599506378,1
1039,97,-0.6001318097,-5.835204601,1
1039,129,-0.3128138781,-7.624971867,1
1039,161,-0.4235064983,-7.243691921,1
1039,193,-0.793205142,-7.669231415,1
1039,225,-0.6885934472,-7.796020508,1
1039,257,-0.5688114166,-7.920192242,1
1039,289,-0.4753429294,-8.152127266,1
1039,321,-0.8015115261,-7.744787693,1
1039,353,-1.814065933,-6.489603519,1
1039,385,-2.307370424,-6.272889614,1
1039,417,-2.266431808,-5.975946426,1
1039,449,-1.229364038,-6.010998249,1
1039,481,0.06305003166,-5.744000912,1
1039,513,-0.108120501,-5.335661411,1
1039,545,-0.7539733648,-4.65069437,1
1039,577,-0.9008364677,-4.20407629,1
1039,609,-0.3577373028,-3.905564547,1
1039,641,-0.1615908444,-3.179148436,1
1039,673,-0.3372732699,-2.756900549,1
1039,705,-0.5223222971,-2.322603703,1
1039,737,-0.6696822643,-2.18791151,1
1039,769,-0.6832014322,-2.279789448,1
1039,801,-0.08521592617,-2.879371166,1
1039,833,-0.03676998615,-3.497406006,1
1039,865,0.07844310999,-4.452545166,1
1039,897,0.2159985006,-4.483711243,1
1039,929,-0.109274745,-2.341947794,1
1039,961,-0.2787364125,-1.997495174,1
1039,993,-0.1619615853,-2.281163692,1
1039,1025,-0.1007466018,-3.063314199,1
1039,1057,0.4800530076,-3.173583031,1
1039,1089,2.003715277,-3.32896924,1
1039,1121,0.7474910617,-3.497182369,1
1039,1153,0.321254015,-4.185434341,1
1039,1185,0.3398782611,-4.689264297,1
1039,1217,0.6775157452,-5.417224884,1
1039,1249,1.837759137,-6.712036133,1
1039,1281,1.675906897,-4.609388828,1
1039,1313,2.317199707,-6.238862514,1
1039,1345,3.247522354,-7.021009922,1
1039,1377,3.94794488,-7.355624676,1
1039,1409,2.726904631,-7.412947655,1
1039,1441,1.552199125,-7.030116558,1
1039,1473,2.193878174,-7.742822647,1
1039,1505,3.64780426,-7.549070358,1
1039,1537,4.449420929,-5.115463257,1
1039,1569,5.122601509,-4.277452946,1
1039,1601,3.742961407,-4.816876888,1
1039,1633,2.369552851,-4.858186245,1
1039,1665,2.712801933,-2.870550632,1
1039,1697,2.903526068,-3.237059116,1
1039,1729,2.954339027,-5.66770792,1
1039,1761,2.814058304,-5.557542324,1
1039,1793,2.211990356,-4.989746571,1
1039,1825,1.240905046,-4.981162071,1
1039,1857,1.2614429,-6.017469406,1
1039,1889,1.603845477,-5.536723137,1
1039,1921,1.993132114,-4.347727299,1
1039,1953,2.706423759,-4.630393982,1
1039,1985,2.914148331,-4.931553841,1
1039,2017,2.870939016,-4.051473141,1
1071,33,0.1281402409,9.755459785,1
1071,65,-0.2181926072,-18.25571442,1
1071,97,-1.31624341,-6.315792084,1
1071,129,-0.1054327488,-8.119724274,1
1071,161,0.7188944221,-8.007867813,1
1071,193,-0.5199185014,-8.106891632,1
1071,225,-0.3453719914,-7.936103344,1
1071,257,-0.2993996143,-8.148968697,1
1071,289,-0.5499458909,-8.316392899,1
1071,321,-1.064280748,-7.648067951,1
1071,353,-2.643907309,-6.643298149,1
1071,385,-3.276019812,-6.514759064,1
1071,417,-2.334464788,-6.485207558,1
1071,449,-1.079767942,-5.802476883,1
1071,481,0.1053719521,-5.95229578,1
1071,513,0.166957438,-5.933760643,1
1071,545,0.3013593554,-4.989845753,1
1071,577,0.1551317722,-5.056753159,1
1071,609,0.3305073977,-3.535979748,1
1071,641,0.3968846798,-2.862551928,1
1071,673,0.4013539553,-2.682801962,1
1071,705,0.2561277151,-2.357277393,1
1071,737,0.07834103703,-2.204605341,1
1071,769,0.1829902977,-1.460128307,1
1071,801,0.7443267107,-2.456199884,1
1071,833,0.1790317595,-3.045861483,1
1071,865,0.0888165012,-3.084909916,1
1071,897,0.1879174411,-2.762482882,1
1071,929,0.01959171519,-1.927135229,1
1071,961,-0.228020668,-1.451623321,1
1071,993,-0.2974752188,-2.118251801,1
1071,1025,-0.02779023349,-3.150456667,1
1071,1057,0.6986014843,-3.105642796,1
1071,1089,1.704005837,-3.214677811,1
1071,1121,1.061037779,-3.513235331,1
1071,1153,1.040733218,-4.449942589,1
1071,1185,0.1574104428,-1.470344067,1
1071,1217,1.816864014,-5.668246746,1
1071,1249,1.52569437,-7.565160275,1
1071,1281,0.9269475341,-5.319236279,1
1071,1313,2.155762196,-7.165642738,1
1071,1345,2.735581636,-8.51998806,1
1071,1377,2.912015676,-7.984412193,1
1071,1409,2.689456701,-7.174699306,1
1071,1441,1.589637399,-6.113029957,1
1071,1473,1.606097579,-6.297840118,1
1071,1505,2.831097841,-5.808209419,1
1071,1537,3.907834053,-4.477073669,1
1071,1569,3.975955963,-4.677022934,1
1071,1601,3.006875277,-4.029522896,1
1071,1633,2.232428312,-4.030188084,1
1071,1665,1.693195581,-4.521661282,1
1071,1697,1.841905832,-4.467098713,1
1071,1729,1.919694901,-5.977081776,1
1071,1761,2.076449394,-5.974628448,1
1071,1793,2.414139032,-5.123211384,1
1071,1825,1.981048584,-5.023958206,1
1071,1857,1.8590343,-5.726076126,1
1071,1889,1.747815251,-4.857910633,1
1071,1921,2.014350176,-3.83028698,1
1071,1953,2.120728731,-3.510837555,1
1071,1985,2.281295538,-4.573895454,1
1071,2017,2.325877666,-5.457330227,1
1103,33,-0.1536517739,10.32771397,1
1103,65,-0.3159477711,-1.211468935,1
1103,97,-1.423966169,-7.158965111,1
1103,129,-0.5715551376,-7.651624203,1
1103,161,-0.5396616459,-7.926609993,1
1103,193,-0.6183502674,-9.214216232,1
1103,225,-0.03556740284,-8.451879501,1
1103,257,0.05945852399,-8.802742958,1
1103,289,-0.1039704084,-8.627540588,1
1103,321,-0.5279734731,-8.126374245,1
1103,353,-1.523513556,-7.237429619,1
1103,385,-1.567902684,-6.750163078,1
1103,417,-0.7156045437,-6.617079258,1
1103,449,-0.3958785534,-3.942051411,1
1103,481,-16.13046265,5.30649519,1
1103,513,-11.53469849,-9.614116669,1
1103,545,-0.07720273733,-7.450028419,1
1103,577,0.585695982,-3.852087975,1
1103,609,0.6752818823,-2.713338852,1
1103,641,0.6522158384,-2.501276493,1
1103,673,0.7756434679,-2.861189842,1
1103,705,0.5795588493,-2.863073587,1
1103,737,0.7471757531,-2.587912321,1
1103,769,0.4786065817,-2.417815924,1
1103,801,0.2958922088,-2.53554225,1
1103,833,-0.02390838414,-3.013645172,1
1103,865,-0.01613903046,-3.140783072,1
1103,897,0.05731372535,-2.522182226,1
1103,929,0.02780468762,-1.464761972,1
1103,961,0.09351074696,-1.357126236,1
1103,993,0.05045053363,-1.929033279,1
1103,1025,0.3857012391,-2.113191128,1
1103,1057,0.3749379218,-2.967571735,1
1103,1089,0.02932083607,-3.380273104,1
1103,1121,0.4154164791,-3.319882393,1
1103,1153,1.242478013,-4.071393967,1
1103,1185,0.3833150864,-4.162731171,1
1103,1217,0.05471304059,-6.146771431,1
1103,1249,-0.04840189219,-5.358314991,1
1103,1281,0.1989864707,-6.251930237,1
1103,1313,1.352079391,-7.349647522,1
1103,1345,2.553341389,-7.305655479,1
1103,1377,2.506851673,-7.612941742,1
1103,1409,1.84195888,-6.947785378,1
1103,1441,1.18268919,-5.991168976,1
1103,1473,1.33889401,-6.10416317,1
1103,1505,1.856187344,-6.033367634,1
1103,1537,2.525071621,-5.423323154,1
1103,1569,2.578103065,-5.784469604,1
1103,1601,1.810351133,-4.974310875,1
1103,1633,2.255727291,-4.990967274,1
1103,1665,2.147244215,-5.228060722,1
1103,1697,1.697699308,-4.885962009,1
1103,1729,1.449722409,-5.409428596,1
1103,1761,2.579988003,-5.692302704,1
1103,1793,3.350412846,-5.279831886,1
1103,1825,2.402212381,-4.875950336,1
1103,1857,2.02878046,-4.848613739,1
1103,1889,1.069640636,-2.831532955,1
1103,1921,2.325947762,-2.813240051,1
1103,1953,2.098472595,-2.92467308,1
1103,1985,1.772882462,-4.3792243,1
1103,2017,2.012810707,-6.820480824,1
1135,33,0.9763381481,10.36226463,1
1135,65,-4.08584547,-3.474785805,1
1135,97,-9.974196434,-11.11255646,1
1135,129,-1.082675219,-7.852261543,1
1135,161,-4.155639172,-9.381584167,1
1135,193,-4.120132923,-9.846245766,1
1135,225,-0.2356599569,-11.09064102,1
1135,257,0.4031075537,-10.78056812,1
1135,289,0.3649119735,-9.251228333,1
1135,321,0.0175473392,-9.201309204,1
1135,353,-0.3896534443,-8.372579575,1
1135,385,-0.4268838465,-7.686593056,1
1135,417,0.06458806992,-6.959334373,1
1135,449,-1.581654787,-4.453987598,1
1135,481,9.128673553,10.28047562,1
1135,513,0.109054774,-9.755279541,1
1135,545,2.000559568,-3.822851658,1
1135,577,0.1608392745,-3.620296478,1
1135,609,0.4246626794,-2.454253435,1
1135,641,0.9572021365,-2.360486746,1
1135,673,0.5217759013,-2.451952457,1
1135,705,0.3966383338,-2.126113892,1
1135,737,0.6943120956,-2.578456879,1
1135,769,0.7334830761,-2.546254635,1
1135,801,-0.09787616134,-2.788354397,1
1135,833,-0.3195817769,-3.487620831,1
1135,865,-0.03747962415,-3.173428774,1
1135,897,0.2259295285,-2.705287695,1
1135,929,0.3037034273,-0.9435377121,1
1135,961,0.6437898874,-1.089423537,1
1135,993,0.7934868932,-2.087982655,1
1135,1025,1.012769222,-2.108764172,1
1135,1057,0.657204628,-2.714169502,1
1135,1089,0.4244125187,-3.308898211,1
1135,1121,0.4746708274,-3.35503149,1
1135,1153,0.4820917249,-2.962831736,1
1135,1185,0.68294698,-2.291381598,1
1135,1217,0.2028116882,-3.220016956,1
1135,1249,-0.4165526628,-5.024720192,1
1135,1281,-0.06959679723,-6.432331085,1
1135,1313,0.8477599025,-6.959709644,1
1135,1345,2.034440041,-6.907314301,1
1135,1377,2.318718195,-7.07871294,1
1135,1409,1.286728501,-6.535346031,1
1135,1441,0.6265228987,-5.790732861,1
1135,1473,1.077971339,-6.004950047,1
1135,1505,1.30708003,-6.37518692,1
1135,1537,2.113812208,-6.096083641,1
1135,1569,2.13345623,-6.519973755,1
1135,1601,1.755846024,-5.833647728,1
1135,1633,2.395475388,-5.31964922,1
1135,1665,2.296369076,-5.135581017,1
1135,1697,1.801015735,-4.880655766,1
1135,1729,1.736088634,-5.439108849,1
1135,1761,2.54852438,-5.488535404,1
1135,1793,2.971629381,-5.035144806,1
1135,1825,2.440910101,-4.983912945,1
1135,1857,3.494049788,-4.429815769,1
1135,1889,2.297689676,-1.994544268,1
1135,1921,1.869172931,-1.636562586,1
1135,1953,1.287001133,-2.878176451,1
1135,1985,0.4986374378,-4.817315102,1
1135,2017,-0.2497545481,-6.666968346,1
1167,33,-16.45148849,11.17580605,1
1167,65,-0.9026067257,-10.41505623,1
1167,97,12.014781,-12.82439995,1
1167,129,0.467931211,-4.090237617,1
1167,161,-0.5713959932,-5.948007584,1
1167,193,-0.7813438773,-9.147349358,1
1167,225,0.330380857,-9.631813049,1
1167,257,1.392114758,-9.135997772,1
1167,289,0.8423834443,-10.77096272,1
1167,321,0.6667233706,-10.23940754,1
1167,353,0.712176621,-10.20644283,1
1167,385,0.8338466883,-9.502806664,1
1167,417,0.1149522662,-10.04196644,1
1167,449,-1.090014458,-9.221497536,1
1167,481,-0.8934834003,-6.803043365,1
1167,513,-0.1408153772,-7.07601881,1
1167,545,-0.5228241682,-7.432658672,1
1167,577,-0.9923704863,-5.474956512,1
1167,609,-0.5460340381,-2.700082302,1
1167,641,-0.1935165524,-2.307024717,1
1167,673,0.3265209496,-2.292313337,1
1167,705,-0.08356955647,-2.280328989,1
1167,737,-0.3275983632,-2.320118189,1
1167,769,-0.6781923771,-0.9860033989,1
1167,801,-1.045815706,-3.047571182,1
1167,833,-0.8942427635,-4.482960224,1
1167,865,-0.5614991784,-3.364885807,1
1167,897,0.4726929069,-2.537354231,1
1167,929,0.7685083151,-0.9397501945,1
1167,961,1.092111111,-1.039551377,1
1167,993,1.242860436,-1.656383395,1
1167,1025,1.13037622,-2.342211723,1
1167,1057,0.7555433512,-2.770392418,1
1167,1089,0.1838059425,-3.075121164,1
1167,1121,-0.3553878069,-3.140352726,1
1167,1153,0.06758379936,-2.913655281,1
1167,1185,0.893384397,-2.931963682,1
1167,1217,0.3033515811,-3.945044041,1
1167,1249,-1.139919996,-5.448366165,1
1167,1281,0.3847044706,-6.123238087,1
1167,1313,1.252984762,-6.720189095,1
1167,1345,1.706150174,-6.849446297,1
1167,1377,1.662639141,-7.145545006,1
1167,1409,1.599096417,-6.554511547,1
1167,1441,1.547492266,-5.44156599,1
1167,1473,1.682513952,-5.82230854,1
1167,1505,1.981574655,-6.285803318,1
1167,1537,2.343499422,-6.06033659,1
1167,1569,2.127503395,-6.430230141,1
1167,1601,1.625607491,-5.840959549,1
1167,1633,2.026320696,-5.146463871,1
1167,1665,2.180826902,-5.296841145,1
1167,1697,1.770463347,-5.478849888,1
1167,1729,1.415750027,-5.89242363,1
1167,1761,1.806847334,-5.135809422,1
1167,1793,2.439164877,-3.916724682,1
1167,1825,3.736469507,-4.870436192,1
1167,1857,4.280373573,-3.884867668,1
1167,1889,2.746908188,-2.057509899,1
1167,1921,1.55628407,-1.035692215,1
1167,1953,0.7075577378,-4.075918674,1
1167,1985,-0.125467062,-4.783565998,1
1167,2017,-1.061501026,-5.007198334,1
1199,33,-15.55664539,12.3875742,1
1199,65,17.41549301,10.02965832,1
1199,97,-1.152415156,-11.35874748,1
1199,129,-0.1834769249,-5.012331009,1
1199,161,-0.5540040731,-6.061562538,1
1199,193,-0.3174439967,-7.323551178,1
1199,225,2.260242939,-9.186398506,1
1199,257,2.197259426,-10.67688274,1
1199,289,1.754075766,-11.12896824,1
1199,321,2.19583869,-10.89348507,1
1199,353,1.49568069,-10.62490177,1
1199,385,1.475126028,-9.804461479,1
1199,417,1.117551088,-9.156106949,1
1199,449,0.1889105737,-9.519172668,1
1199,481,0.1642745584,-8.174762726,1
1199,513,-0.1102020741,-8.281502724,1
1199,545,-1.045639157,-9.12142086,1
1199,577,-0.7858341932,-5.52007246,1
1199,609,-0.6606477499,-3.195114136,1
1199,641,-0.5030122399,-2.728055239,1
1199,673,-0.4171447158,-2.619366884,1
1199,705,-0.6847048998,-2.740817547,1
1199,737,-0.8452778459,-2.689065456,1
1199,769,-0.9926591516,-1.099653244,1
1199,801,-1.691252232,-3.053464413,1
1199,833,-0.6226330996,-3.850563526,1
1199,865,0.2303675413,-4.354530334,1
1199,897,0.7557622194,-2.753842354,1
1199,929,1.735372305,-1.996680737,1
1199,961,1.486712694,-1.291939259,1
1199,993,1.436709404,-0.9291132689,1
1199,1025,1.280483365,-1.935405493,1
1199,1057,0.4567120075,-2.973165989,1
1199,1089,0.8082764149,-3.160760403,1
1199,1121,0.5409308672,-3.513025284,1
1199,1153,-0.1953449249,-3.805017948,1
1199,1185,0.8398945332,-4.093018055,1
1199,1217,1.308736682,-3.551187038,1
1199,1249,1.551173449,-4.961742401,1
1199,1281,1.409638405,-6.209481716,1
1199,1313,1.58080554,-6.555775166,1
1199,1345,2.494974852,-6.799746513,1
1199,1377,2.439864874,-6.772254944,1
1199,1409,2.246464729,-7.224806309,1
1199,1441,2.763443708,-5.951936245,1
1199,1473,2.530868292,-6.160377502,1
1199,1505,2.167374611,-6.347967148,1
1199,1537,2.586788893,-6.374019623,1
1199,1569,2.175882339,-6.729464054,1
1199,1601,1.244179249,-6.54756546,1
1199,1633,1.092605829,-5.909302235,1
1199,1665,2.276056767,-5.592060089,1
1199,1697,2.232162714,-6.140255928,1
1199,1729,1.620203733,-5.868843079,1
1199,1761,1.579635382,-5.100468636,1
1199,1793,2.000941753,-4.495219231,1
1199,1825,4.04978466,-5.182973385,1
1199,1857,3.841836452,-5.340726376,1
1199,1889,2.617539883,-4.889924526,1
1199,1921,0.4321569204,-3.46614933,1
1199,1953,-0.1064946055,-4.106705189,1
1199,1985,-0.0821557641,-4.268830776,1
1199,2017,0.2575417161,-3.608680725,1
1231,33,21.96167946,13.82487965,1
1231,65,-6.90738678,15.28242588,1
1231,97,-1.082531214,-10.65825272,1
1231,129,-0.8025577068,-8.915040016,1
1231,161,-0.7977253199,-8.945708275,1
1231,193,0.2570106685,-8.970281601,1
1231,225,2.918367624,-9.961750984,1
1231,257,0.6490379572,-11.25155067,1
1231,289,-0.5404674411,-11.53466415,1
1231,321,0.8072509766,-12.51822186,1
1231,353,1.435793161,-11.04111767,1
1231,385,3.044642687,-9.785923004,1
1231,417,1.183300018,-9.141103745,1
1231,449,0.2425287962,-8.593517303,1
1231,481,-0.2463235855,-8.368879318,1
1231,513,-0.6637628078,-7.714832783,1
1231,545,-0.8295910358,-7.323397636,1
1231,577,-1.03130734,-5.030797958,1
1231,609,-0.6206368804,-3.975874901,1
1231,641,-0.8346959352,-3.520584106,1
1231,673,-0.9757973552,-3.337972879,1
1231,705,-0.5087357163,-2.667122364,1
1231,737,-0.444426477,-2.754505634,1
1231,769,-0.168342948,-3.299383163,1
1231,801,-0.9771892428,-3.280626774,1
1231,833,-1.048428416,-3.441634417,1
1231,865,0.7272912264,-3.84058857,1
1231,897,1.042467117,-3.114666939,1
1231,929,1.390887856,-2.247462511,1
1231,961,1.693556666,-1.387259007,1
1231,993,1.659820557,-1.320899844,1
1231,1025,1.962832212,-1.870836735,1
1231,1057,0.502461195,-3.105714798,1
1231,1089,6.22682476,-3.11026907,1
1231,1121,4.226759911,-4.118160725,1
1231,1153,0.1963536739,-4.663724422,1
1231,1185,1.26910162,-4.640890121,1
1231,1217,2.707144737,-4.09295845,1
1231,1249,2.999836922,-5.477337837,1
1231,1281,2.060133457,-6.942576408,1
1231,1313,1.765335083,-8.051130295,1
1231,1345,3.077052116,-8.30529213,1
1231,1377,4.067630768,-6.69631052,1
1231,1409,3.7067132,-6.35463047,1
1231,1441,3.063377619,-5.873441219,1
1231,1473,2.810163975,-6.293120861,1
1231,1505,2.491569996,-6.388626099,1
1231,1537,2.094060898,-7.220542908,1
1231,1569,1.991592169,-6.997843266,1
1231,1601,2.144618511,-6.354678631,1
1231,1633,2.552762985,-5.490123272,1
1231,1665,4.383032799,-5.369005203,1
1231,1697,2.865278721,-5.884838581,1
1231,1729,2.147895813,-5.855134487,1
1231,1761,1.432313204,-5.320824623,1
1231,1793,1.640329599,-5.355391502,1
1231,1825,3.306412458,-5.847468376,1
1231,1857,3.556466579,-5.192018986,1
1231,1889,2.316396236,-5.2063241,1
1231,1921,1.730185747,-5.06992054,1
1231,1953,0.5730433464,-4.382912636,1
1231,1985,-0.3314318657,-4.201961994,1
1231,2017,0.8901870251,-3.596754789,1
1263,33,5.59233427,13.84623337,1
1263,65,0.1546440125,-11.82928848,1
1263,97,-0.7434358001,-16.50865936,1
1263,129,-1.422257662,-9.342645645,1
1263,161,-1.841252089,-8.856098175,1
1263,193,0.1737024188,-8.846301079,1
1263,225,1.942861557,-8.474416733,1
1263,257,0.8090145588,-9.425403595,1
1263,289,0.3421188593,-10.17095375,1
1263,321,0.6296804547,-10.74372959,1
1263,353,0.9552091956,-10.60699368,1
1263,385,1.276839018,-10.04561329,1
1263,417,0.9758556485,-9.259352684,1
1263,449,0.1203170717,-8.481106758,1
1263,481,-0.4904480577,-7.664330482,1
1263,513,-0.8290166259,-7.148493767,1
1263,545,-1.162407398,-6.07934761,1
1263,577,-0.9862963557,-5.083764076,1
1263,609,-0.5894724131,-4.375675678,1
1263,641,-0.9549893141,-4.345925808,1
1263,673,-0.2722540498,-4.039002419,1
1263,705,0.2284104228,-2.072627068,1
1263,737,-0.08279922605,-2.79782629,1
1263,769,-0.1506863832,-3.530565262,1
1263,801,-0.6670645475,-3.579601288,1
1263,833,0.5044907928,-3.810031414,1
1263,865,1.505826235,-3.246032,1
1263,897,2.136201859,-1.376485348,1
1263,929,2.374627113,-1.071647167,1
1263,961,2.500998974,-1.64720583,1
1263,993,2.020063877,-1.680821776,1
1263,1025,1.633831501,-2.31372118,1
1263,1057,1.26644063,-5.588097572,1
1263,1089,5.157329082,-5.762253761,1
1263,1121,1.415878534,-4.371884823,1
1263,1153,1.331011057,-4.958847523,1
1263,1185,1.98613739,-5.093392372,1
1263,1217,2.425192118,-5.642710686,1
1263,1249,2.910281181,-6.53075552,1
1263,1281,2.829975128,-7.548048496,1
1263,1313,3.132419825,-9.025022507,1
1263,1345,4.08071804,-9.111902237,1
1263,1377,4.291068077,-6.130805492,1
1263,1409,5.783535957,-3.633645535,1
1263,1441,5.441828728,-4.376653194,1
1263,1473,3.863661766,-5.398530483,1
1263,1505,2.777834654,-6.29498291,1
1263,1537,2.258745193,-6.284124374,1
1263,1569,2.323060274,-5.935590267,1
1263,1601,3.055822611,-6.088290215,1
1263,1633,2.799300671,-4.714046478,1
1263,1665,3.767107964,-4.965713501,1
1263,1697,3.63677001,-5.645037651,1
1263,1729,2.044285774,-6.313397884,1
1263,1761,1.004883766,-6.234928131,1
1263,1793,1.358250141,-6.216547012,1
1263,1825,2.566112041,-6.496587276,1
1263,1857,3.134816885,-7.068122864,1
1263,1889,3.494686127,-4.893976212,1
1263,1921,3.199630737,-4.446112156,1
1263,1953,1.831117034,-6.91493845,1
1263,1985,1.113385081,-6.111762524,1
1263,2017,1.548502445,-3.578482389,1
1295,33,4.90500021,13.39499664,1
1295,65,-0.8150680661,-12.54678726,1
1295,97,-0.6647133231,-16.56861305,1
1295,129,-1.434327364,-9.387064934,1
1295,161,-1.425180912,-8.997278214,1
1295,193,0.3477264643,-7.833967209,1
1295,225,1.466582537,-7.185238838,1
1295,257,1.309520125,-8.43913269,1
1295,289,0.892293334,-8.894416809,1
1295,321,0.4981813431,-7.254533768,1
1295,353,0.6393961906,-8.337179184,1
1295,385,0.3841264248,-9.232894897,1
1295,417,0.2288156152,-9.116419792,1
1295,449,-0.04176853597,-8.329269409,1
1295,481,-0.5621494055,-7.49010849,1
1295,513,-0.9593808651,-6.993636608,1
1295,545,-0.7512974739,-6.239047527,1
1295,577,2.423561573,-3.735646248,1
1295,609,3.709721327,-5.828796864,1
1295,641,1.698820591,-6.593163967,1
1295,673,1.309007883,-5.093422413,1
1295,705,0.2662995458,-3.571055412,1
1295,737,-0.08499574661,-3.739895344,1
1295,769,0.2684580684,-4.0082798,1
1295,801,0.6214498281,-4.113351822,1
1295,833,1.265193939,-3.889309406,1
1295,865,2.258573532,-1.648305416,1
1295,897,3.629157543,-1.227756023,1
1295,929,3.406576157,-1.076203108,1
1295,961,3.325570822,-1.072952509,1
1295,993,3.446546555,-1.59063375,1
1295,1025,2.286442995,-2.423836946,1
1295,1057,0.2913893461,-3.39125061,1
1295,1089,0.6258169413,-4.270395279,1
1295,1121,1.263994336,-4.560368538,1
1295,1153,1.903595448,-5.049880505,1
1295,1185,2.428646088,-5.401448727,1
1295,1217,2.64478755,-6.161477089,1
1295,1249,2.714851379,-7.02848053,1
1295,1281,2.441662788,-8.42533493,1
1295,1313,2.077304125,-6.670790672,1
1295,1345,3.241759062,-5.987521648,1
1295,1377,3.23948741,-5.556267738,1
1295,1409,3.782437325,-5.35541296,1
1295,1441,5.634998322,-4.988572598,1
1295,1473,4.094021797,-5.663769245,1
1295,1505,2.782919884,-6.443563938,1
1295,1537,2.40327549,-6.419604778,1
1295,1569,2.546930552,-6.665671825,1
1295,1601,3.12606287,-7.498336315,1
1295,1633,3.454372644,-6.082349777,1
1295,1665,3.888456106,-4.879061222,1
1295,1697,3.238862038,-5.289217472,1
1295,1729,2.010196209,-6.382556438,1
1295,1761,1.23589623,-6.311281681,1
1295,1793,1.278342485,-6.359736443,1
1295,1825,1.52805531,-6.491209984,1
1295,1857,2.187530994,-6.433106422,1
1295,1889,3.617308855,-5.395296574,1
1295,1921,2.118624687,-6.404332161,1
1295,1953,1.827372313,-8.093410492,1
1295,1985,1.687810063,-6.985356331,1
1295,2017,0.8691914082,-3.237459898,1
1327,33,3.822847366,13.17862129,1
1327,65,-0.9336818457,-14.28922653,1
1327,97,-0.3598205447,-6.600911617,1
1327,129,-0.1035189629,-9.218166351,1
1327,161,0.06457281113,-9.610426903,1
1327,193,0.5933980346,-8.334503174,1
1327,225,5.171797276,-10.7903862,1
1327,257,1.058717847,-8.377636909,1
1327,289,0.9931230545,-9.074940681,1
1327,321,0.6881753802,-8.887301445,1
1327,353,0.9939569235,-8.667279243,1
1327,385,0.3348194361,-8.530920982,1
1327,417,0.1755733192,-9.297045708,1
1327,449,-0.6350207329,-8.152360916,1
1327,481,-1.424671412,-7.6343503,1
1327,513,-1.069950461,-7.539659977,1
1327,545,-0.8655421734,-6.936943054,1
1327,577,-0.2247264385,-6.338335991,1
1327,609,-0.1777997911,-6.778621197,1
1327,641,-0.7220799923,-5.923511505,1
1327,673,-0.8614454865,-5.962368011,1
1327,705,-0.4508311749,-4.389391899,1
1327,737,0.09513741732,-4.055486679,1
1327,769,2.257618189,-5.283608437,1
1327,801,2.332005978,-4.483065128,1
1327,833,1.830039263,-3.235655785,1
1327,865,2.343420029,-1.261536121,1
1327,897,3.051771879,-1.433414817,1
1327,929,3.670220613,-0.9608033895,1
1327,961,3.860529661,-0.6622863412,1
1327,993,3.392164946,-1.615986466,1
1327,1025,2.594500303,-1.950138807,1
1327,1057,1.59138751,-3.489257336,1
1327,1089,1.042271256,-4.207024574,1
1327,1121,2.07253027,-4.627279282,1
1327,1153,2.939760923,-5.137494087,1
1327,1185,3.028241634,-5.244494915,1
1327,1217,3.066646338,-5.487230301,1
1327,1249,2.960577965,-6.372338772,1
1327,1281,2.913684607,-7.31366539,1
1327,1313,3.303671837,-5.982953072,1
1327,1345,3.640821934,-5.308499813,1
1327,1377,3.694375515,-5.168610573,1
1327,1409,3.536645412,-5.25033617,1
1327,1441,4.429088593,-5.751149654,1
1327,1473,4.251828671,-5.928545952,1
1327,1505,3.97796917,-6.191112041,1
1327,1537,2.94104743,-6.293937683,1
1327,1569,2.852106571,-6.051280975,1
1327,1601,3.551618338,-5.714344501,1
1327,1633,3.433925152,-5.98953867,1
1327,1665,2.59275651,-5.643435001,1
1327,1697,1.719667792,-5.566351414,1
1327,1729,1.448469877,-6.27150631,1
1327,1761,0.9436814189,-5.734093189,1
1327,1793,0.2925448418,-5.62175703,1
1327,1825,-0.129303813,-5.63283062,1
1327,1857,0.2444857359,-5.587054729,1
1327,1889,0.6410623789,-6.553475857,1
1327,1921,0.8262338638,-7.098942757,1
1327,1953,1.370313048,-7.527716637,1
1327,1985,1.252677917,-6.823405266,1
1327,2017,0.8347184658,-2.856658459,1
1359,33,16.615448,12.57637596,1
1359,65,1.980568409,-13.11040497,1
1359,97,0.0593624711,-6.58771801,1
1359,129,0.03073579073,-9.413579941,1
1359,161,0.7805789113,-15.62096405,1
1359,193,1.980053425,-12.29197598,1
1359,225,2.176578522,-10.82355118,1
1359,257,12.35561848,7.405858994,1
1359,289,0.8756837845,-7.062529564,1
1359,321,0.9715321064,-9.214042664,1
1359,353,2.410681248,-8.850813866,1
1359,385,1.417783141,-7.83181572,1
1359,417,1.15251112,-7.921729565,1
1359,449,1.621800303,-7.941884518,1
1359,481,0.09889252484,-7.905395508,1
1359,513,-0.801782608,-8.184885025,1
1359,545,-1.175496221,-7.439379692,1
1359,577,-0.3650302887,-6.38699913,1
1359,609,-0.7945936322,-6.565125942,1
1359,641,-1.696598649,-6.441435337,1
1359,673,-0.7044799924,-5.972869873,1
1359,705,-0.1392132491,-4.36012125,1
1359,737,0.636813283,-4.430171967,1
1359,769,1.642879963,-5.13801384,1
1359,801,2.090408325,-4.354361534,1
1359,833,2.066484451,-3.140089512,1
1359,865,2.313916683,-2.288491249,1
1359,897,2.694929361,-1.684243083,1
1359,929,3.242756605,-1.216167092,1
1359,961,3.990049362,-1.34039712,1
1359,993,3.823237658,-2.349346161,1
1359,1025,2.996908903,-3.367263556,1
1359,1057,3.270615101,-3.948978901,1
1359,1089,2.113258839,-6.208291054,1
1359,1121,2.714079857,-4.496029377,1
1359,1153,3.200948954,-5.0236063,1
1359,1185,3.292090654,-4.961556435,1
1359,1217,3.656391382,-4.738936424,1
1359,1249,3.99530673,-5.535813332,1
1359,1281,4.206785202,-5.903752804,1
1359,1313,4.493645191,-5.594621658,1
1359,1345,4.94533062,-5.332529068,1
1359,1377,4.441738605,-5.151560783,1
1359,1409,4.41062212,-5.61852169,1
1359,1441,4.524642944,-5.861856461,1
1359,1473,4.313367844,-5.977242947,1
1359,1505,4.083956718,-5.152576923,1
1359,1537,3.82133913,-4.909241199,1
1359,1569,3.927139759,-5.374788761,1
1359,1601,3.577594042,-4.898871899,1
1359,1633,2.168360233,-5.450846195,1
1359,1665,1.258170485,-6.262551308,1
1359,1697,1.210662723,-5.479635239,1
1359,1729,1.322618246,-5.481262207,1
1359,1761,0.743458271,-5.525304317,1
1359,1793,-0.4709987044,-5.624078751,1
1359,1825,0.2637494802,-5.706440926,1
1359,1857,0.4951134324,-6.251066685,1
1359,1889,0.05103456974,-6.801088333,1
1359,1921,-0.04034245014,-7.160334587,1
1359,1953,1.757804275,-7.784173965,1
1359,1985,1.506745338,-6.846354961,1
1359,2017,1.02446878,-2.386669159,1
1391,33,-15.41074085,11.94580555,1
1391,65,2.027068138,-10.7202425,1
1391,97,-0.3484624922,-6.379799366,1
1391,129,-2.649190664,-8.827736855,1
1391,161,0.4430730641,-15.78163624,1
1391,193,0.5666785836,-12.0132103,1
1391,225,0.09039115906,-10.12234974,1
1391,257,0.6458550096,-8.028402328,1
1391,289,0.7191057205,-7.498133659,1
1391,321,1.186776519,-9.530228615,1
1391,353,2.616950035,-9.004849434,1
1391,385,1.572896004,-7.062730789,1
1391,417,0.9135312438,-6.185084343,1
1391,449,0.2321006656,-7.618030071,1
1391,481,-0.1120714545,-7.746530533,1
1391,513,-0.3118123412,-7.738471508,1
1391,545,-0.5331693888,-7.479814053,1
1391,577,-0.5147272944,-6.861981392,1
1391,609,-0.5468073487,-7.061818123,1
1391,641,-0.5023207068,-6.246211052,1
1391,673,-0.2342143059,-4.835941792,1
1391,705,0.07983756065,-4.457701206,1
1391,737,1.034113526,-4.685787201,1
1391,769,1.989956856,-4.534575462,1
1391,801,2.272842407,-3.916068554,1
1391,833,2.28356266,-2.947690248,1
1391,865,2.180815935,-2.500359535,1
1391,897,2.36485672,-2.202057362,1
1391,929,2.735266209,-2.299236774,1
1391,961,2.914603233,-2.592707634,1
1391,993,2.780996561,-4.101984024,1
1391,1025,2.923901796,-3.467997551,1
1391,1057,6.079182625,-3.944014549,1
1391,1089,3.54360342,-3.748212337,1
1391,1121,2.508375883,-3.646457195,1
1391,1153,2.911996365,-4.12810564,1
1391,1185,3.571833611,-4.707160473,1
1391,1217,3.910120964,-5.167494297,1
1391,1249,4.423208237,-5.445048809,1
1391,1281,4.64662838,-5.158614159,1
1391,1313,4.519841194,-5.077403545,1
1391,1345,4.455925941,-5.145911694,1
1391,1377,4.538299561,-5.474773884,1
1391,1409,4.755493641,-5.875600815,1
1391,1441,4.364491463,-5.772387981,1
1391,1473,3.912100554,-5.41040802,1
1391,1505,3.839893818,-4.513478756,1
1391,1537,3.95416975,-3.1921525,1
1391,1569,3.065271616,-4.447982788,1
1391,1601,1.864104271,-5.0896945,1
1391,1633,0.9439189434,-5.573165417,1
1391,1665,0.8060631752,-6.598258018,1
1391,1697,1.496833086,-5.709213257,1
1391,1729,1.670403481,-5.030199051,1
1391,1761,1.453829765,-5.257727146,1
1391,1793,1.737738609,-5.76410675,1
1391,1825,1.607667327,-5.510093689,1
1391,1857,1.44677949,-5.949789047,1
1391,1889,1.913030624,-7.783696651,1
1391,1921,2.013862848,-7.304405212,1
1391,1953,2.404193401,-7.573829651,1
1391,1985,2.536600351,-4.590539932,1
1391,2017,1.771770477,-1.587027073,1
1423,33,-5.857221603,11.48478127,1
1423,65,2.243561268,-3.138679266,1
1423,97,1.878428459,-8.567853928,1
1423,129,0.3161845803,-10.31070518,1
1423,161,0.1415382028,-8.445841789,1
1423,193,0.08159708977,-8.397213936,1
1423,225,-1.809628606,-9.23079586,1
1423,257,0.5891671181,-8.008321762,1
1423,289,1.306276798,-9.341160774,1
1423,321,1.276582837,-10.28078079,1
1423,353,1.703862071,-11.1012516,1
1423,385,1.476629972,-7.424664974,1
1423,417,0.9484707117,-6.718182564,1
1423,449,0.05127716064,-7.231442928,1
1423,481,-0.2246570885,-7.350971699,1
1423,513,-0.06271094084,-6.977227211,1
1423,545,0.1959372759,-7.112011433,1
1423,577,-1.741631627,-8.000324249,1
1423,609,-2.314820528,-6.754585743,1
1423,641,-1.134420276,-4.145609379,1
1423,673,-0.06028664112,-5.150362015,1
1423,705,0.451449573,-5.190882206,1
1423,737,1.414023399,-4.855484009,1
1423,769,2.18617177,-4.086862087,1
1423,801,2.501320124,-3.594209433,1
1423,833,2.522869349,-2.910411358,1
1423,865,2.314088821,-2.763097525,1
1423,897,2.302865744,-2.782764673,1
1423,929,2.515375137,-3.348079205,1
1423,961,2.664913177,-4.762860298,1
1423,993,2.9325459,-4.809553146,1
1423,1025,4.835339069,-4.190692425,1
1423,1057,6.384204865,-4.521838665,1
1423,1089,-10.36603546,-3.793126345,1
1423,1121,2.601023674,0.2142715454,1
1423,1153,3.111091852,-3.198745012,1
1423,1185,4.497232437,-4.453471184,1
1423,1217,4.71058321,-5.574511528,1
1423,1249,4.897210598,-5.502453804,1
1423,1281,4.79532814,-5.075475216,1
1423,1313,4.611850262,-5.087608814,1
1423,1345,4.189366817,-5.211323738,1
1423,1377,4.370322704,-5.904655457,1
1423,1409,4.375016212,-5.482221127,1
1423,1441,4.121809006,-4.707672119,1
1423,1473,3.761544228,-4.851617813,1
1423,1505,3.256043196,-5.012132645,1
1423,1537,3.331980944,-4.618418217,1
1423,1569,3.305207253,-4.957157135,1
1423,1601,1.600195289,-5.478023052,1
1423,1633,0.1149104834,-6.440490246,1
1423,1665,0.7609177828,-5.186821938,1
1423,1697,1.627278805,-5.123892784,1
1423,1729,1.748683214,-5.25334692,1
1423,1761,1.92295742,-5.179331303,1
1423,1793,2.861383915,-5.524977684,1
1423,1825,2.139632463,-4.611410141,1
1423,1857,1.98018384,-5.546135426,1
1423,1889,3.425138712,-6.411103725,1
1423,1921,3.896671057,-7.249706745,1
1423,1953,3.145415783,-7.208962917,1
1423,1985,2.285376787,-4.939299107,1
1423,2017,2.203717232,-1.231162548,1
1455,33,-2.036010742,10.751194,1
1455,65,-7.928534985,10.99301052,1
1455,97,2.904872894,-9.187482834,1
1455,129,2.707446337,-10.61556244,1
1455,161,1.02039516,-8.156541824,1
1455,193,0.7505686283,-7.01616478,1
1455,225,1.011263847,-7.602258205,1
1455,257,1.218370676,-7.578921795,1
1455,289,1.398711205,-7.927622318,1
1455,321,1.0677917,-7.70063591,1
1455,353,0.9709558487,-7.50452137,1
1455,385,1.306473732,-7.187207222,1
1455,417,1.409094691,-7.080357552,1
1455,449,0.759000659,-6.903935909,1
1455,481,-0.1894046962,-6.752206802,1
1455,513,-0.3779096603,-5.923095226,1
1455,545,-0.445407033,-6.756812096,1
1455,577,-0.6852027774,-6.538792133,1
1455,609,-2.478322983,-5.251399994,1
1455,641,-1.332423687,-5.257629871,1
1455,673,0.5725050569,-5.50486517,1
1455,705,1.124835372,-5.538254738,1
1455,737,1.661984205,-4.949015141,1
1455,769,2.108236313,-4.063531399,1
1455,801,2.322921753,-3.895225525,1
1455,833,2.551840544,-3.271540642,1
1455,865,2.404177904,-3.372457027,1
1455,897,2.240845442,-3.122526169,1
1455,929,2.328114986,-3.839002132,1
1455,961,2.681042671,-5.986279488,1
1455,993,3.174165726,-5.854287624,1
1455,1025,3.545156717,-5.172226429,1
1455,1057,4.197843552,-4.101211548,1
1455,1089,2.495449066,-3.832257748,1
1455,1121,2.228925943,2.272755384,1
1455,1153,2.760630369,-3.156134605,1
1455,1185,2.897428274,-5.00619936,1
1455,1217,2.854701519,-5.438097954,1
1455,1249,4.123513222,-5.795212746,1
1455,1281,4.886816025,-5.385536194,1
1455,1313,3.702469587,-4.765368938,1
1455,1345,3.304640532,-5.186758518,1
1455,1377,4.096977711,-5.21622467,1
1455,1409,4.498006821,-4.179368973,1
1455,1441,3.87668705,-3.107202053,1
1455,1473,3.278175592,-4.363140106,1
1455,1505,3.182047129,-5.512562275,1
1455,1537,3.520094156,-5.989922047,1
1455,1569,2.655717611,-5.150762081,1
1455,1601,1.956720114,-5.196155548,1
1455,1633,1.815764189,-5.146297932,1
1455,1665,2.223214388,-3.749781132,1
1455,1697,2.335834742,-4.519268513,1
1455,1729,2.486696243,-5.117315769,1
1455,1761,2.674926281,-5.31450367,1
1455,1793,2.576840639,-5.805431366,1
1455,1825,2.861518145,-5.213709831,1
1455,1857,2.846843243,-5.650024891,1
1455,1889,2.50042963,-6.043148041,1
1455,1921,3.291003942,-7.098115921,1
1455,1953,2.298054934,-7.376311779,1
1455,1985,0.6373517513,-5.284229755,1
1455,2017,1.246756792,-2.228760958,1
1487,33,-4.156243801,10.1957531,1
1487,65,0.3390593529,-11.93995667,1
1487,97,0.7719559669,-8.613536835,1
1487,129,1.45115447,-8.919864655,1
1487,161,1.056298256,-8.065296173,1
1487,193,1.113951445,-7.410748959,1
1487,225,1.303493142,-7.21801424,1
1487,257,1.123595238,-6.780753613,1
1487,289,1.119541764,-7.077801228,1
1487,321,1.060384154,-6.98016119,1
1487,353,0.7408572435,-7.250840664,1
1487,385,0.9300730228,-7.356139183,1
1487,417,1.032329321,-7.159620762,1
1487,449,1.522625089,-6.751625061,1
1487,481,0.007454007864,-5.551423073,1
1487,513,-0.3106438518,-4.677645206,1
1487,545,-0.4322369695,-5.944807053,1
1487,577,-0.6758391857,-6.172066212,1
1487,609,-2.00151062,-5.167985916,1
1487,641,-0.9468297958,-5.94095993,1
1487,673,0.5526041985,-6.247000694,1
1487,705,1.136001945,-5.467374802,1
1487,737,1.690102696,-4.708747387,1
1487,769,2.642863512,-4.57078886,1
1487,801,2.753021955,-4.701099396,1
1487,833,2.629401922,-4.787528992,1
1487,865,2.54520154,-4.336453438,1
1487,897,2.748229742,-5.038790703,1
1487,929,2.545306921,-4.858337402,1
1487,961,3.486558437,-6.027827263,1
1487,993,5.149312973,-5.91064024,1
1487,1025,3.808318615,-5.477780342,1
1487,1057,3.251715422,-4.471634388,1
1487,1089,2.568716288,-2.571835041,1
1487,1121,1.074292898,0.02488803864,1
1487,1153,1.643164635,-3.680781364,1
1487,1185,2.121294975,-5.970034122,1
1487,1217,1.932761192,-5.775159836,1
1487,1249,2.50521636,-5.923784733,1
1487,1281,3.174462795,-5.190390587,1
1487,1313,3.421113491,-4.126634121,1
1487,1345,3.263530016,-4.259121418,1
1487,1377,3.685413837,-3.785076141,1
1487,1409,4.555670738,-3.102540493,1
1487,1441,4.266260147,-3.201975822,1
1487,1473,3.180591106,-4.544952393,1
1487,1505,2.718554735,-5.277929306,1
1487,1537,2.887760162,-6.117777348,1
1487,1569,2.568746805,-5.945309162,1
1487,1601,1.460426331,-4.244283676,1
1487,1633,2.257220984,-4.250113964,1
1487,1665,2.464425325,-4.531893253,1
1487,1697,2.778506279,-4.571045876,1
1487,1729,2.930492878,-4.911103725,1
1487,1761,2.729368925,-6.159478188,1
1487,1793,2.491194487,-6.299151421,1
1487,1825,2.153631449,-5.918797493,1
1487,1857,2.526518822,-6.142206192,1
1487,1889,2.06076479,-6.868525505,1
1487,1921,1.995943308,-7.294195175,1
1487,1953,2.495063066,-6.504675388,1
1487,1985,1.84692502,-5.088368416,1
1487,2017,1.125496864,-3.983276844,1
1519,33,20.36480522,9.84738636,1
1519,65,-0.4514424801,-13.67690563,1
1519,97,0.5444141626,-8.816908836,1
1519,129,0.5792524219,-8.320743561,1
1519,161,0.4538928866,-8.031428337,1
1519,193,0.7016775012,-7.588045597,1
1519,225,0.7968093753,-7.137537956,1
1519,257,0.6333740354,-7.222063065,1
1519,289,0.7033157349,-7.085446358,1
1519,321,1.299068451,-6.627426624,1
1519,353,1.341736794,-7.739266872,1
1519,385,1.14861536,-7.679721832,1
1519,417,0.9446533918,-6.713162899,1
1519,449,0.445820123,-6.284628868,1
1519,481,-0.5066716075,-5.143126488,1
1519,513,-0.527520299,-4.440144539,1
1519,545,-0.5634121895,-5.582951546,1
1519,577,-1.225100279,-6.541876793,1
1519,609,-0.5543661714,-6.467734337,1
1519,641,0.04378153384,-7.568732738,1
1519,673,0.5545720458,-7.348268509,1
1519,705,1.154514551,-6.119598389,1
1519,737,1.780917048,-5.216520309,1
1519,769,2.072827816,-4.880842209,1
1519,801,2.335720301,-5.290029526,1
1519,833,1.870844364,-6.378577232,1
1519,865,2.407186747,-5.363128185,1
1519,897,2.778775215,-6.380684853,1
1519,929,2.24518466,-5.62504673,1
1519,961,2.8193717,-6.205544472,1
1519,993,3.640964746,-6.233297348,1
1519,1025,3.943933487,-5.710249424,1
1519,1057,3.479683876,-5.005600929,1
1519,1089,3.146860838,-4.652247429,1
1519,1121,1.608856678,-4.166357994,1
1519,1153,1.142054677,-4.106212616,1
1519,1185,1.843390226,-5.416414738,1
1519,1217,2.041043758,-6.053688049,1
1519,1249,2.481925488,-6.814151764,1
1519,1281,3.640834332,-6.055591106,1
1519,1313,3.906645298,-5.441964149,1
1519,1345,3.240705252,-4.4672122,1
1519,1377,3.960468054,-3.884799957,1
1519,1409,4.769683838,-3.167779446,1
1519,1441,5.014577866,-4.560833454,1
1519,1473,3.780308008,-5.663847446,1
1519,1505,2.603827715,-5.383256435,1
1519,1537,3.148340464,-5.415926456,1
1519,1569,2.756112099,-4.929158688,1
1519,1601,2.620207071,-2.682158947,1
1519,1633,3.990220547,-3.154546261,1
1519,1665,2.742282867,-5.370919704,1
1519,1697,2.832612991,-5.446941376,1
1519,1729,2.661435366,-5.727983952,1
1519,1761,2.349894524,-6.727396011,1
1519,1793,2.405598879,-6.621247768,1
1519,1825,2.094084501,-6.64941597,1
1519,1857,2.809581995,-7.203944683,1
1519,1889,3.531342268,-6.807834148,1
1519,1921,2.223506689,-6.869201183,1
1519,1953,2.539960146,-6.250359535,1
1519,1985,2.715965986,-5.614235878,1
1519,2017,3.038508415,-4.793712616,1
1551,33,12.65223598,9.475802422,1
1551,65,1.178125858,-4.174488544,1
1551,97,1.278045177,-8.274971008,1
1551,129,1.075430632,-8.057617188,1
1551,161,-0.4921574593,-7.85641861,1
1551,193,-2.639420986,-9.207780838,1
1551,225,0.160915494,-7.230088234,1
1551,257,0.6192873716,-12.03352165,1
1551,289,1.277515531,-7.606029034,1
1551,321,1.607310534,-6.972353458,1
1551,353,1.894160509,-7.052016735,1
1551,385,1.353594899,-6.553750992,1
1551,417,0.7816007137,-3.932651997,1
1551,449,-0.02929484844,-5.395323277,1
1551,481,-0.324427247,-1.930047035,1
1551,513,-0.951417923,-5.312500954,1
1551,545,-1.185834527,-6.610482216,1
1551,577,-1.566068411,-8.597867012,1
1551,609,-0.6422076225,-8.78670311,1
1551,641,0.2381573319,-8.802812576,1
1551,673,0.5910149813,-8.057103157,1
1551,705,1.378785133,-6.643506527,1
1551,737,1.2868402,-5.216510773,1
1551,769,1.551046491,-4.417554855,1
1551,801,1.264395714,-5.235911846,1
1551,833,0.004158735275,-5.868748188,1
1551,865,2.641481161,-6.085247517,1
1551,897,3.006737471,-5.941423893,1
1551,929,2.567725658,-5.16716814,1
1551,961,2.817075729,-5.926590919,1
1551,993,3.305552959,-5.992469311,1
1551,1025,3.435854912,-5.647713184,1
1551,1057,3.27509141,-5.5823102,1
1551,1089,3.018219233,-4.705543995,1
1551,1121,2.351199389,-4.753111362,1
1551,1153,0.0639603138,-4.817701817,1
1551,1185,0.7125364542,-5.468407154,1
1551,1217,1.774181604,-6.178052425,1
1551,1249,1.884163141,-5.994416237,1
1551,1281,2.913236141,-5.861588955,1
1551,1313,3.702788591,-5.690688133,1
1551,1345,4.721767902,-4.958531857,1
1551,1377,5.23578167,-4.232502937,1
1551,1409,4.069496155,-2.477604866,1
1551,1441,2.929909468,-4.718234062,1
1551,1473,2.560731888,-5.46618557,1
1551,1505,1.731291056,-6.054457188,1
1551,1537,1.476837397,-4.988365173,1
1551,1569,1.674515247,-4.1811409,1
1551,1601,1.801752567,-0.8648777008,1
1551,1633,2.347496271,-4.408373356,1
1551,1665,2.28162694,-5.958004475,1
1551,1697,2.526133299,-6.299271584,1
1551,1729,2.455742598,-6.442142963,1
1551,1761,2.237869024,-6.381388664,1
1551,1793,2.611917973,-6.282839775,1
1551,1825,3.229107141,-6.672225952,1
1551,1857,3.444383144,-7.234004974,1
1551,1889,3.133296967,-6.338452816,1
1551,1921,2.689732552,-6.08317852,1
1551,1953,2.411719799,-6.594557285,1
1551,1985,2.988717079,-7.586557865,1
1551,2017,4.465819836,-4.19535017,1
1583,33,18.90983009,5.613679886,1
1583,65,1.140939951,-8.199028015,1
1583,97,1.572879672,-7.824659824,1
1583,129,1.252206326,-7.386910439,1
1583,161,0.01691234112,-1.029197216,1
1583,193,0.3853678703,-0.7116122246,1
1583,225,0.3128069639,-7.879457474,1
1583,257,0.6177747846,-9.505580902,1
1583,289,0.6706911325,-10.21489143,1
1583,321,1.525912285,-6.496154308,1
1583,353,1.759979129,-5.573316574,1
1583,385,0.9992113113,-5.27749157,1
1583,417,-0.5849245787,-4.619736671,1
1583,449,-2.001157522,-4.943369865,1
1583,481,-2.289887667,-6.188340664,1
1583,513,-1.929974794,-7.767309189,1
1583,545,-2.595515728,-8.558036804,1
1583,577,-2.979303598,-9.627690315,1
1583,609,-1.208833814,-10.49444675,1
1583,641,-0.2138125449,-9.928941727,1
1583,673,0.3727137744,-8.658996582,1
1583,705,0.7596113086,-6.690084457,1
1583,737,0.7293027639,-5.415903568,1
1583,769,1.48058629,-4.618474483,1
1583,801,0.693130374,-5.051977158,1
1583,833,1.569154501,-5.129929543,1
1583,865,2.484933615,-6.203212738,1
1583,897,2.508669376,-6.654025555,1
1583,929,2.123844385,-6.147344589,1
1583,961,3.041662455,-5.704716206,1
1583,993,3.060617447,-5.739142895,1
1583,1025,2.879754782,-5.452944279,1
1583,1057,3.259413004,-5.199281693,1
1583,1089,3.275190115,-4.684396267,1
1583,1121,2.554065228,-4.383903027,1
1583,1153,0.5279152393,-4.310387135,1
1583,1185,1.814620495,-5.829946518,1
1583,1217,1.644781351,-5.272260189,1
1583,1249,1.697732687,-4.903414726,1
1583,1281,2.100646734,-5.183269978,1
1583,1313,2.581893921,-5.531764984,1
1583,1345,2.832026958,-4.992789745,1
1583,1377,2.872807741,-5.166091919,1
1583,1409,2.105339527,-5.041257858,1
1583,1441,1.833114862,-4.445650101,1
1583,1473,1.457499027,-4.780800343,1
1583,1505,0.7604433298,-5.39579916,1
1583,1537,1.559697151,-5.136332035,1
1583,1569,1.77812314,-5.338317871,1
1583,1601,1.54781723,-6.475083351,1
1583,1633,1.323947906,-6.549850464,1
1583,1665,1.874701262,-6.358954906,1
1583,1697,2.609898329,-6.683970451,1
1583,1729,2.500584841,-6.799731255,1
1583,1761,2.771824837,-7.0641675,1
1583,1793,3.272164106,-6.34651041,1
1583,1825,4.026820183,-6.215774536,1
1583,1857,4.096696854,-6.402026176,1
1583,1889,3.704584122,-6.733677864,1
1583,1921,3.300713778,-7.042224884,1
1583,1953,3.162713051,-8.061668396,1
1583,1985,4.447645187,-7.800582409,1
1583,2017,5.449715614,-3.48641324,1
1615,33,-2.547544241,8.572861671,1
1615,65,-0.2739084959,-10.03268909,1
1615,97,1.399448633,-9.179286957,1
1615,129,1.15867734,-6.157319546,1
1615,161,0.4933668375,-6.482036114,1
1615,193,0.7197063565,-7.777391911,1
1615,225,1.439090252,-7.644612312,1
1615,257,1.544210672,-7.493455887,1
1615,289,0.6626598835,-7.440250874,1
1615,321,1.270891547,-6.50881815,1
1615,353,1.652262688,-4.931843758,1
1615,385,1.320619822,-4.850396633,1
1615,417,-0.2716192603,-4.256734848,1
1615,449,-2.746376276,-5.162651062,1
1615,481,-6.062223434,-5.990669727,1
1615,513,-5.957050323,-8.257022858,1
1615,545,-4.422179222,-8.900541306,1
1615,577,-2.51375699,-11.39933014,1
1615,609,-1.801403522,-11.51613235,1
1615,641,-0.8262401223,-11.13534641,1
1615,673,-0.1431562901,-9.881984711,1
1615,705,0.07573652267,-7.684871674,1
1615,737,0.7509251833,-7.056540012,1
1615,769,1.268117428,-7.090928078,1
1615,801,1.000955939,-5.228945255,1
1615,833,1.765274763,-4.798267365,1
1615,865,2.74623847,-6.621213436,1
1615,897,2.397007227,-7.950388908,1
1615,929,2.60498929,-7.054114819,1
1615,961,3.163177729,-6.406155586,1
1615,993,3.361684084,-5.988132477,1
1615,1025,3.060732841,-5.441556454,1
1615,1057,3.131263018,-4.76858139,1
1615,1089,2.950679064,-4.569344997,1
1615,1121,2.465796947,-4.478467941,1
1615,1153,2.241572142,-3.281953812,1
1615,1185,2.141400099,-3.037361622,1
1615,1217,1.683555841,-4.087771893,1
1615,1249,2.205091238,-4.581531525,1
1615,1281,2.901521683,-5.017427444,1
1615,1313,2.584253788,-5.184145927,1
1615,1345,2.331873178,-5.038285255,1
1615,1377,2.191815376,-5.40392828,1
1615,1409,2.078838825,-5.622069836,1
1615,1441,2.082664013,-5.22729969,1
1615,1473,1.581927657,-5.022016525,1
1615,1505,1.168166876,-5.013280869,1
1615,1537,1.617166996,-5.309422016,1
1615,1569,0.7278131247,-5.633378506,1
1615,1601,0.7441663742,-6.53440094,1
1615,1633,1.426932573,-6.643225193,1
1615,1665,1.887986541,-6.399840832,1
1615,1697,2.326323748,-6.650505543,1
1615,1729,2.701570511,-6.84842968,1
1615,1761,3.302511215,-7.515103817,1
1615,1793,4.033965111,-7.691548347,1
1615,1825,4.191757679,-6.238054276,1
1615,1857,4.554666519,-6.013065338,1
1615,1889,4.296998501,-7.172095776,1
1615,1921,3.776408195,-8.41601181,1
1615,1953,3.547319412,-7.793557644,1
1615,1985,4.125751495,-6.931699276,1
1615,2017,5.485361099,-3.03245306,1
1647,33,-0.5776420832,8.714015961,1
1647,65,3.371161461,-1.543529272,1
1647,97,3.037925959,-4.810220242,1
1647,129,1.974592924,-6.203679562,1
1647,161,0.8715575933,-7.545859337,1
1647,193,1.155604839,-9.118338585,1
1647,225,2.187501907,-7.113836288,1
1647,257,1.296482921,-7.074092865,1
1647,289,0.5065604448,-7.634613991,1
1647,321,0.6081504822,-7.144937515,1
1647,353,0.994805038,-6.440536022,1
1647,385,1.590435386,-5.292727947,1
1647,417,0.6907625794,-4.767163754,1
1647,449,-1.368515491,-5.469899178,1
1647,481,-2.323419571,-5.23396349,1
1647,513,-2.460498333,-7.862918854,1
1647,545,-3.643048763,-10.37009335,1
1647,577,-4.09796524,-12.40476513,1
1647,609,-2.957268,-11.6610527,1
1647,641,-1.705052972,-13.19985485,1
1647,673,-0.780575037,-11.63849258,1
1647,705,-0.3268527985,-10.59316921,1
1647,737,0.4671206474,-8.500123978,1
1647,769,0.3687443733,-7.118399143,1
1647,801,1.720676541,-5.485254765,1
1647,833,1.056087613,-4.98038435,1
1647,865,0.2313492298,-7.422181606,1
1647,897,1.438874006,-7.759150982,1
1647,929,2.122036695,-6.507433414,1
1647,961,2.999760151,-6.552993298,1
1647,993,3.482399464,-6.619870663,1
1647,1025,3.389191628,-5.858408451,1
1647,1057,2.997575045,-4.965519428,1
1647,1089,2.916693449,-3.936317921,1
1647,1121,2.652097225,-4.567861557,1
1647,1153,2.265373707,-4.215014458,1
1647,1185,1.805226564,-2.281613827,1
1647,1217,1.176475525,-4.555903912,1
1647,1249,2.342199564,-5.565459251,1
1647,1281,2.854970217,-5.160605431,1
1647,1313,2.424871445,-4.673826218,1
1647,1345,2.262089491,-4.602555752,1
1647,1377,2.016388178,-4.582221508,1
1647,1409,1.732553005,-4.711601257,1
1647,1441,1.784674287,-4.933687687,1
1647,1473,1.526170492,-5.019927025,1
1647,1505,0.961006999,-5.05525589,1
1647,1537,0.369386822,-5.018264294,1
1647,1569,-0.3473041356,-5.326638222,1
1647,1601,-0.1499955058,-6.204320431,1
1647,1633,0.8458299041,-6.63205862,1
1647,1665,1.206927776,-6.976269722,1
1647,1697,0.8896636963,-6.779072285,1
1647,1729,1.431127787,-6.605291367,1
1647,1761,5.41286087,-5.38030529,1
1647,1793,5.10720253,-7.436693668,1
1647,1825,4.476127625,-6.984980583,1
1647,1857,4.45896244,-6.444395065,1
1647,1889,4.466653347,-7.47789526,1
1647,1921,4.266931057,-8.582775116,1
1647,1953,3.734924316,-8.170408249,1
1647,1985,2.285689354,-7.647019386,1
1647,2017,2.643268108,-2.187386751,1
1679,33,-2.438459873,9.195477486,1
1679,65,0.4164492488,-0.7195610404,1
1679,97,1.915994525,-5.041308403,1
1679,129,2.387191772,-7.109491348,1
1679,161,2.202620983,-7.896195412,1
1679,193,1.986214638,-7.613855362,1
1679,225,2.33295393,-7.220292568,1
1679,257,2.238656521,-7.543900013,1
1679,289,0.1980406642,-7.570176601,1
1679,321,-0.1410856843,-7.432617664,1
1679,353,-0.2738571167,-7.060783863,1
1679,385,0.2835099697,-6.42166996,1
1679,417,-0.2544032037,-6.332007408,1
1679,449,-1.006859064,-6.603828907,1
1679,481,-1.491309643,-6.671393394,1
1679,513,-2.122504711,-8.595617294,1
1679,545,-2.761394978,-10.16758347,1
1679,577,-2.672190905,-10.39686108,1
1679,609,-2.371101856,-10.32772255,1
1679,641,-1.954238653,-10.77926731,1
1679,673,-0.7390640378,-10.10961533,1
1679,705,-0.3639324903,-10.83318424,1
1679,737,0.2674036324,-8.869222641,1
1679,769,0.5181746483,-7.262160778,1
1679,801,0.9297034144,-6.265474796,1
1679,833,0.664155364,-6.168050766,1
1679,865,-0.9550175667,-11.3856144,1
1679,897,0.4651569128,-8.711694717,1
1679,929,2.236795425,-5.159578323,1
1679,961,3.479076147,-6.074305534,1
1679,993,3.49901104,-7.290482998,1
1679,1025,3.155228615,-6.091962337,1
1679,1057,3.123149395,-5.347949982,1
1679,1089,3.550061226,-4.475483894,1
1679,1121,3.516475677,-4.36410284,1
1679,1153,2.969094038,-4.043445587,1
1679,1185,1.734937191,-3.054327011,1
1679,1217,0.2416181564,-5.024401188,1
1679,1249,2.176977873,-5.25434494,1
1679,1281,3.492625237,-4.03474617,1
1679,1313,2.758439779,-2.235163689,1
1679,1345,2.372851849,-3.917040348,1
1679,1377,2.05374527,-3.469563484,1
1679,1409,1.45322752,-4.081143856,1
1679,1441,1.747555971,-4.697651386,1
1679,1473,1.505259156,-4.743751526,1
1679,1505,0.6137634516,-4.768740177,1
1679,1537,-2.158015728,-4.52802515,1
1679,1569,-2.533163071,-5.685801029,1
1679,1601,-0.9302725792,-6.140154839,1
1679,1633,0.07738947868,-6.780955791,1
1679,1665,0.1135089397,-7.261055946,1
1679,1697,-0.5572960377,-6.981645584,1
1679,1729,0.4252824783,-6.699296951,1
1679,1761,4.305781364,-6.771914005,1
1679,1793,4.520175934,-9.093170166,1
1679,1825,3.392806053,-9.264909744,1
1679,1857,4.483374596,-7.153791428,1
1679,1889,5.268311501,-7.875688553,1
1679,1921,4.909874916,-8.940608025,1
1679,1953,4.590144634,-9.382464409,1
1679,1985,3.968604088,-9.151926994,1
1679,2017,15.60674286,-1.345393658,1
1711,33,-4.26291275,9.095719337,1
1711,65,0.0219264701,-12.20939445,1
1711,97,-2.061680079,-22.28414345,1
1711,129,2.877878666,-7.441849232,1
1711,161,2.642125845,-7.875700474,1
1711,193,1.921013117,-7.819346428,1
1711,225,2.6195755,-7.718061447,1
1711,257,1.705529332,-7.989972115,1
1711,289,0.02738955617,-7.544353008,1
1711,321,-1.257670879,-7.638570309,1
1711,353,-0.8583068848,-8.022179604,1
1711,385,-0.8536894917,-7.566817284,1
1711,417,-1.856182456,-7.226271629,1
1711,449,-1.327139378,-7.571156025,1
1711,481,-1.623411655,-8.354785919,1
1711,513,-1.979214787,-9.312051773,1
1711,545,-1.812128782,-9.412906647,1
1711,577,-1.444261789,-9.562456131,1
1711,609,-2.560386181,-9.720788956,1
1711,641,-2.321453333,-9.358923912,1
1711,673,-1.020223618,-8.666577339,1
1711,705,-0.4215034544,-9.072680473,1
1711,737,0.2537475824,-8.010519981,1
1711,769,0.5764527321,-8.876635551,1
1711,801,0.4095970988,-8.386762619,1
1711,833,0.7767797112,-7.220114708,1
1711,865,4.097011089,-11.89346313,1
1711,897,3.215487719,-9.193921089,1
1711,929,3.227054596,-6.59039259,1
1711,961,3.846713781,-6.290773392,1
1711,993,4.078049183,-6.234651566,1
1711,1025,3.981377602,-6.003876209,1
1711,1057,3.949541092,-6.378437996,1
1711,1089,4.102062225,-5.034520626,1
1711,1121,3.979418516,-4.429347992,1
1711,1153,3.656731844,-4.477546215,1
1711,1185,2.726890564,-4.924913883,1
1711,1217,0.3253548145,-5.449496269,1
1711,1249,2.613142252,-4.43978405,1
1711,1281,2.73297286,-4.209373474,1
1711,1313,2.438985825,-2.955583096,1
1711,1345,2.602361679,-2.407124996,1
1711,1377,2.002379894,-4.003706932,1
1711,1409,2.067920446,-3.770620346,1
1711,1441,2.163282156,-4.821007252,1
1711,1473,1.951067209,-5.344871521,1
1711,1505,0.7476004362,-3.583264351,1
1711,1537,-1.611321807,-5.398947716,1
1711,1569,-2.147650242,-6.251149178,1
1711,1601,-2.273732662,-6.374678612,1
1711,1633,-1.955654621,-6.072404861,1
1711,1665,1.884950876,-6.981976986,1
1711,1697,0.1701734066,-6.314414501,1
1711,1729,1.071695209,-6.506468296,1
1711,1761,2.929893494,-7.476985931,1
1711,1793,3.424969912,-9.899036407,1
1711,1825,2.64692235,-9.335503578,1
1711,1857,5.923777103,-6.662196159,1
1711,1889,5.807170391,-8.626283646,1
1711,1921,4.815441132,-9.567139626,1
1711,1953,4.831046581,-10.30104256,1
1711,1985,5.131532669,-9.198849678,1
1711,2017,5.84630394,-2.000367641,1
1743,33,-3.853260994,8.280920029,1
1743,65,0.08267818391,-10.53857613,1
1743,97,1.95895946,-7.412943363,1
1743,129,2.505956411,-7.057469368,1
1743,161,2.019490719,-8.049775124,1
1743,193,1.308175564,-8.542230606,1
1743,225,1.043628335,-8.267184258,1
1743,257,0.67507267,-8.336118698,1
1743,289,-0.135299772,-8.505495071,1
1743,321,-0.654884398,-7.496079445,1
1743,353,-1.016896486,-8.043813705,1
1743,385,-0.7802945375,-8.254518509,1
1743,417,-1.160877466,-7.905628681,1
1743,449,-1.253966331,-7.228188515,1
1743,481,-1.404176712,-8.14938736,1
1743,513,-1.175887823,-9.577308655,1
1743,545,-1.162772179,-9.237634659,1
1743,577,-1.52438283,-8.966342926,1
1743,609,-1.880642891,-9.447753906,1
1743,641,-1.39186883,-8.95307827,1
1743,673,-0.4878080487,-7.608275414,1
1743,705,0.9148836136,-7.067812443,1
1743,737,0.6210496426,-7.657181263,1
1743,769,0.6328098774,-9.012350082,1
1743,801,0.812920332,-7.691613197,1
1743,833,1.591288209,-5.996573448,1
1743,865,2.483035326,-6.800226212,1
1743,897,4.806222439,-7.24135828,1
1743,929,4.749735832,-7.678121567,1
1743,961,4.868379116,-6.446391106,1
1743,993,4.598304749,-5.987882137,1
1743,1025,4.109492779,-5.816335678,1
1743,1057,4.396864891,-5.582186699,1
1743,1089,4.412372112,-5.092333794,1
1743,1121,3.629530191,-4.484178543,1
1743,1153,3.265206099,-4.635372162,1
1743,1185,2.803068399,-6.035301208,1
1743,1217,1.852189779,-6.78933239,1
1743,1249,4.609050751,-5.203691959,1
1743,1281,2.923253775,-4.72360611,1
1743,1313,0.8403851986,-3.96786499,1
1743,1345,2.184344292,-4.025806427,1
1743,1377,1.452091932,-4.647274494,1
1743,1409,1.255614281,-4.579455853,1
1743,1441,2.068964243,-5.010941982,1
1743,1473,1.788041353,-5.076972961,1
1743,1505,1.676951647,-4.765629768,1
1743,1537,1.166692734,-5.685959816,1
1743,1569,0.0266481638,-5.847167015,1
1743,1601,-0.3971650004,-6.760855675,1
1743,1633,0.3395152092,-5.933114052,1
1743,1665,2.165831566,-5.752710342,1
1743,1697,2.541515589,-5.200726509,1
1743,1729,1.889389515,-5.836956501,1
1743,1761,0.8591313362,-7.165337086,1
1743,1793,0.1078045368,-8.664480209,1
1743,1825,0.7319276333,-8.822255135,1
1743,1857,2.229551792,-6.245410919,1
1743,1889,3.943112373,-8.209088326,1
1743,1921,5.531134129,-9.965828896,1
1743,1953,5.329680443,-9.687349319,1
1743,1985,4.780384064,-7.393486977,1
1743,2017,4.763352394,-4.143880844,1
1775,33,7.28938818,7.723328114,1
1775,65,1.844475985,-6.042963982,1
1775,97,4.288648129,-9.490255356,1
1775,129,2.785093307,-7.062810421,1
1775,161,2.744357109,-8.192883492,1
1775,193,0.9238508344,-8.94695282,1
1775,225,0.6930352449,-9.391666412,1
1775,257,-0.08724433184,-8.818987846,1
1775,289,-0.06511253119,-8.17334938,1
1775,321,0.5225650668,-7.067728043,1
1775,353,-0.5777431726,-7.209088802,1
1775,385,-0.9262117147,-7.828665733,1
1775,417,-1.242271066,-0.59674263,1
1775,449,-1.295546293,-7.572257996,1
1775,481,-0.7410075068,-7.486551762,1
1775,513,-0.4967384934,-8.113895416,1
1775,545,0.1571371555,-8.55947876,1
1775,577,-2.149650574,-7.953773499,1
1775,609,-1.848882318,-8.45600605,1
1775,641,-0.7926200628,-8.113998413,1
1775,673,0.8318644166,-6.73420763,1
1775,705,1.470627546,-6.987297535,1
1775,737,0.8007750511,-7.265749931,1
1775,769,0.9288046956,-7.402346611,1
1775,801,1.761187792,-6.664281368,1
1775,833,3.59180975,-5.510198116,1
1775,865,3.044346094,-7.347249031,1
1775,897,4.515184402,-7.406078339,1
1775,929,6.34086132,-7.541072369,1
1775,961,5.191357136,-6.992715836,1
1775,993,5.162492275,-6.752957821,1
1775,1025,4.926875114,-6.085978985,1
1775,1057,3.834554672,-4.546154499,1
1775,1089,3.489552021,-4.252436638,1
1775,1121,3.358362675,-4.766819477,1
1775,1153,3.141097784,-4.941369534,1
1775,1185,2.50228858,-5.656936646,1
1775,1217,2.167757511,-6.526476383,1
1775,1249,2.419131279,-7.043422222,1
1775,1281,2.670444489,-4.773024559,1
1775,1313,1.374424696,-4.886187077,1
1775,1345,2.444440603,-5.131664276,1
1775,1377,2.331422091,-5.389198303,1
1775,1409,2.295643568,-5.562716484,1
1775,1441,2.26365304,-5.809505939,1
1775,1473,1.932267904,-5.614915371,1
1775,1505,2.606862307,-4.901563168,1
1775,1537,2.160749435,-5.46607542,1
1775,1569,2.485350609,-6.152482986,1
1775,1601,2.917117596,-6.143148422,1
1775,1633,1.935383797,-5.483356476,1
1775,1665,2.716240406,-5.238883018,1
1775,1697,3.333562374,-5.297758579,1
1775,1729,3.417713642,-5.464835167,1
1775,1761,4.060071468,-6.480400085,1
1775,1793,3.51407814,-8.52715683,1
1775,1825,2.157466412,-11.40260601,1
1775,1857,3.278316021,-11.43770313,1
1775,1889,3.726828098,-6.922180176,1
1775,1921,4.898602962,-7.746056557,1
1775,1953,4.32560873,-7.606124401,1
1775,1985,3.944332123,-7.919496536,1
1775,2017,3.793512821,-6.537065983,1
1807,33,15.43058014,7.77575779,1
1807,65,0.04567074776,-6.982451916,1
1807,97,3.360284805,-8.312814713,1
1807,129,3.388994694,-7.503421783,1
1807,161,1.664305687,-8.403435707,1
1807,193,0.7756868005,-9.537652016,1
1807,225,0.8916857243,-9.842535019,1
1807,257,3.328276157,-9.132210732,1
1807,289,0.5760613084,-9.121994972,1
1807,321,1.966978788,-8.537853241,1
1807,353,0.4045533538,-8.102853775,1
1807,385,-1.778674364,-7.00382185,1
1807,417,-0.2925035357,-7.700968742,1
1807,449,0.2199172378,-7.717976093,1
1807,481,0.1523747444,-7.666110039,1
1807,513,-0.524580121,-7.019524097,1
1807,545,0.05881333351,-6.729850769,1
1807,577,-1.472772479,-7.560670853,1
1807,609,-1.588579655,-7.856852055,1
1807,641,-0.6350093484,-7.379677773,1
1807,673,0.3223245442,-7.168433666,1
1807,705,0.6758834124,-6.980176449,1
1807,737,0.5876233578,-6.302619934,1
1807,769,0.749683857,-6.458418369,1
1807,801,1.829524636,-5.788808823,1
1807,833,4.651310921,-5.748087883,1
1807,865,5.50894165,-8.301038742,1
1807,897,5.828227997,-7.942813396,1
1807,929,5.943751335,-8.277444839,1
1807,961,4.941522121,-7.620342731,1
1807,993,5.576683044,-7.674600601,1
1807,1025,6.32918787,-6.957228661,1
1807,1057,4.24879694,-4.676205158,1
1807,1089,2.831349373,-4.189253807,1
1807,1121,3.144211054,-4.969335556,1
1807,1153,2.964704752,-5.189388752,1
1807,1185,2.689057827,-4.901882172,1
1807,1217,3.003519535,-5.198061943,1
1807,1249,2.905603886,-4.007865429,1
1807,1281,3.264093637,-2.929810524,1
1807,1313,19.64926529,-7.067467213,1
1807,1345,3.958661556,-6.437085152,1
1807,1377,3.685558558,-7.283833504,1
1807,1409,3.958476782,-6.19326973,1
1807,1441,2.803435326,-6.589592457,1
1807,1473,2.446459055,-5.905473232,1
1807,1505,3.478320599,-3.301086426,1
1807,1537,3.151372433,-3.95734787,1
1807,1569,5.261368752,-6.762841225,1
1807,1601,4.379934311,-6.3122015,1
1807,1633,3.542853832,-5.354412556,1
1807,1665,3.752078772,-4.498723507,1
1807,1697,3.658804178,-4.357545376,1
1807,1729,3.379181385,-5.060278893,1
1807,1761,4.110131264,-5.744889736,1
1807,1793,3.749181032,-7.30806303,1
1807,1825,1.777584314,-11.08526993,1
1807,1857,3.242953777,-11.14844513,1
1807,1889,4.047142029,-8.038898468,1
1807,1921,4.005400658,-7.268209457,1
1807,1953,3.531497478,-6.874084949,1
1807,1985,3.30090332,-7.813616276,1
1807,2017,4.348574638,-7.763907909,1
1839,33,-15.32663155,8.680696487,1
1839,65,-0.1695646942,1.202521801,1
1839,97,0.6150224209,-5.259065628,1
1839,129,13.29742527,1.195747852,1
1839,161,0.1181852818,-8.680138588,1
1839,193,0.1163655519,-9.6369133,1
1839,225,0.5697268248,-9.207109451,1
1839,257,1.834556818,-10.33008957,1
1839,289,1.635068655,-10.37536335,1
1839,321,1.169416785,-9.093770981,1
1839,353,0.6170936227,-8.67501545,1
1839,385,-0.9263877273,-7.230584145,1
1839,417,0.1988246739,-7.284425259,1
1839,449,0.6937007904,-7.836884022,1
1839,481,0.4049482346,-7.822573662,1
1839,513,-0.4518857002,-6.67100811,1
1839,545,-0.9220942855,-6.658473492,1
1839,577,-1.58208847,-7.26955843,1
1839,609,-1.377291918,-7.182291031,1
1839,641,-0.3278537095,-6.938801765,1
1839,673,0.2544677258,-6.604122639,1
1839,705,0.3820204735,-6.657235622,1
1839,737,0.8623008728,-6.620877743,1
1839,769,1.521936655,-6.966145515,1
1839,801,0.802677393,-5.834386826,1
1839,833,2.185409546,-6.468938828,1
1839,865,3.027590752,-7.286489964,1
1839,897,3.736284494,-7.547236443,1
1839,929,3.24424839,-6.96008873,1
1839,961,5.225017071,-8.150686264,1
1839,993,5.193549633,-8.985965729,1
1839,1025,4.602973461,-8.689025879,1
1839,1057,3.11928606,-6.816040516,1
1839,1089,2.747832298,-5.547675133,1
1839,1121,3.162930727,-5.140877247,1
1839,1153,2.826486826,-4.898329258,1
1839,1185,2.384831667,-4.805581093,1
1839,1217,2.50779295,-4.67696476,1
1839,1249,3.567706585,-4.268276215,1
1839,1281,3.881134033,-3.883721352,1
1839,1313,5.620265961,-5.083022118,1
1839,1345,6.528422356,-6.497374535,1
1839,1377,4.208065033,-6.548663139,1
1839,1409,3.727328539,-6.169909477,1
1839,1441,3.349847078,-6.236333847,1
1839,1473,3.00551486,-6.044790745,1
1839,1505,3.084858656,-4.470649719,1
1839,1537,3.002496004,-3.943996906,1
1839,1569,4.506789207,-6.397342682,1
1839,1601,4.746799469,-6.581572533,1
1839,1633,4.464484692,-5.13949585,1
1839,1665,4.574913979,-4.123788834,1
1839,1697,4.288494587,-3.771869183,1
1839,1729,3.730558872,-4.277040958,1
1839,1761,3.685112,-4.859662533,1
1839,1793,4.023573875,-6.190691471,1
1839,1825,4.224852562,-9.316912651,1
1839,1857,3.988971233,-9.408102036,1
1839,1889,3.939236164,-8.011339188,1
1839,1921,3.615828991,-6.966068745,1
1839,1953,2.619586706,-6.970561028,1
1839,1985,3.702926636,-6.845746994,1
1839,2017,4.504906178,-7.434634686,1
1871,33,-14.87586498,10.16209793,1
1871,65,-0.3404656649,2.542400599,1
1871,97,-1.062613487,-5.505652905,1
1871,129,-0.7381729484,-8.930016518,1
1871,161,-0.2915962934,-8.966375351,1
1871,193,-0.2174543738,-8.41267395,1
1871,225,-0.08850648999,-8.443694115,1
1871,257,0.436835587,-9.273736,1
1871,289,0.7151532769,-10.57623863,1
1871,321,0.3895176053,-9.553693771,1
1871,353,0.469491601,-7.126294136,1
1871,385,-0.3685928583,-8.818984985,1
1871,417,-0.3406462371,-7.544966698,1
1871,449,-0.09594607353,-7.443619728,1
1871,481,-0.3537414074,-7.764554977,1
1871,513,-0.7023389339,-6.815672874,1
1871,545,-1.677625656,-5.526972294,1
1871,577,-2.030728817,-7.13649416,1
1871,609,-0.9976184368,-7.214963913,1
1871,641,-0.7406260967,-6.885444641,1
1871,673,0.2682117522,-5.542916775,1
1871,705,0.9944307804,-5.530678272,1
1871,737,-11.75262451,-5.86587429,1
1871,769,2.390205383,-6.106207848,1
1871,801,2.093046665,-6.249836922,1
1871,833,1.51611352,-6.891244411,1
1871,865,0.3761534691,-8.786437988,1
1871,897,-0.3642795086,-4.495046616,1
1871,929,2.866696835,-5.852260113,1
1871,961,5.58028698,-7.87254715,1
1871,993,5.610265732,-8.615645409,1
1871,1025,4.232418537,-7.937399864,1
1871,1057,2.837666988,-6.860595703,1
1871,1089,2.89581728,-6.215855598,1
1871,1121,3.052372217,-5.519298077,1
1871,1153,3.126371861,-4.800499439,1
1871,1185,2.954306841,-4.863875866,1
1871,1217,3.23614049,-4.94823885,1
1871,1249,3.773008108,-5.284313202,1
1871,1281,4.050630093,-4.583566666,1
1871,1313,4.287230492,-5.175071239,1
1871,1345,5.165340424,-5.833562851,1
1871,1377,4.166611195,-5.705075741,1
1871,1409,3.647886276,-6.094957829,1
1871,1441,3.714230299,-6.190477371,1
1871,1473,3.35234642,-5.8454566,1
1871,1505,2.871436119,-5.610611916,1
1871,1537,3.042874098,-4.939886093,1
1871,1569,3.896369934,-6.317837238,1
1871,1601,4.623409271,-6.170688152,1
1871,1633,4.572020054,-4.681270123,1
1871,1665,4.562519073,-4.061653137,1
1871,1697,5.115921021,-2.865075588,1
1871,1729,6.056078434,-3.302899361,1
1871,1761,4.154392242,-3.684505463,1
1871,1793,3.956828117,-4.838746071,1
1871,1825,4.650119781,-7.134744644,1
1871,1857,4.401546955,-8.676698685,1
1871,1889,4.07110405,-7.982582092,1
1871,1921,3.595000267,-6.751496315,1
1871,1953,3.4023242,-7.372235775,1
1871,1985,3.643398762,-6.816182613,1
1871,2017,1.962103367,-5.668232441,1
1903,33,-3.519385099,11.40036774,1
1903,65,-5.604595184,-12.35200214,1
1903,97,-1.475405812,-8.690883636,1
1903,129,-1.711409569,-9.046204567,1
1903,161,-0.9755307436,-8.778892517,1
1903,193,-0.6325156093,-7.544752121,1
1903,225,-0.6101379395,-7.468782902,1
1903,257,0.2323059142,-8.136869431,1
1903,289,1.889751792,-10.19451427,1
1903,321,0.05680510402,-9.751014709,1
1903,353,0.06203591824,-8.938573837,1
1903,385,-0.1762483269,-9.365304947,1
1903,417,-0.1318312138,-8.145219803,1
1903,449,0.5394146442,-7.266712189,1
1903,481,0.3125554919,-8.334224701,1
1903,513,0.1081819236,-7.597009182,1
1903,545,-0.9733350277,-5.543796539,1
1903,577,0.4480571449,-7.58037281,1
1903,609,1.088380456,-9.603204727,1
1903,641,-0.959467411,-7.349488258,1
1903,673,0.3863511086,-6.128880024,1
1903,705,1.059237719,-4.923902512,1
1903,737,1.39515686,-5.628890038,1
1903,769,2.306326628,-6.216193199,1
1903,801,2.823447704,-7.544920444,1
1903,833,3.070928097,-9.98740387,1
1903,865,3.198566198,-3.613381386,1
1903,897,-1.631153345,-3.712080002,1
1903,929,3.98838973,-5.310303211,1
1903,961,4.889891148,-7.003682137,1
1903,993,4.518828392,-7.124125481,1
1903,1025,4.133067131,-7.171016216,1
1903,1057,3.761295795,-6.685424328,1
1903,1089,3.712249756,-6.327068329,1
1903,1121,3.541807413,-6.174347401,1
1903,1153,3.711285353,-4.909655571,1
1903,1185,3.702894449,-5.372566223,1
1903,1217,4.117146015,-5.58470583,1
1903,1249,4.919777393,-5.724637508,1
1903,1281,4.459477425,-4.952757835,1
1903,1313,4.145923615,-5.241744518,1
1903,1345,4.558484077,-5.142930508,1
1903,1377,4.053025723,-5.142241955,1
1903,1409,3.599845171,-5.648078442,1
1903,1441,3.565574408,-5.562671185,1
1903,1473,3.431163549,-5.414189339,1
1903,1505,3.416939259,-5.221199989,1
1903,1537,3.913237333,-5.053104877,1
1903,1569,4.046588421,-5.790136814,1
1903,1601,4.398426056,-6.022852898,1
1903,1633,3.78869772,-5.540622711,1
1903,1665,4.173079014,-4.5781703,1
1903,1697,5.16126442,-3.640187025,1
1903,1729,5.826836586,-3.91342783,1
1903,1761,5.184540272,-2.417881489,1
1903,1793,5.344391346,-3.56526804,1
1903,1825,5.462799072,-6.410984993,1
1903,1857,5.227175236,-8.394380569,1
1903,1889,5.118885517,-7.987867355,1
1903,1921,4.941071033,-6.890770435,1
1903,1953,4.651904583,-5.778578281,1
1903,1985,4.056822777,-3.029287815,1
1903,2017,5.077423573,-3.704013824,1
1935,33,0.4207050204,11.12836266,1
1935,65,-0.6449038982,-5.405133724,1
1935,97,-1.189156651,-10.05158997,1
1935,129,-1.260810494,-8.426112175,1
1935,161,-0.8617789149,-8.322439194,1
1935,193,-0.3388653994,-7.639195442,1
1935,225,-0.4251019657,-7.396008492,1
1935,257,-0.07007035613,-8.881234169,1
1935,289,0.3091025054,-9.445235252,1
1935,321,0.9301664829,-8.600308418,1
1935,353,0.6378552914,-8.862983704,1
1935,385,0.6231485605,-8.44767952,1
1935,417,0.9090486765,-7.791965961,1
1935,449,0.4056970775,-6.628866196,1
1935,481,0.4405212402,-7.613109112,1
1935,513,0.665869534,-7.332036972,1
1935,545,0.5486698151,-6.465818405,1
1935,577,2.633595467,-8.470106125,1
1935,609,0.6551295519,-9.047803879,1
1935,641,-0.002211630344,-8.350791931,1
1935,673,0.4922038913,-7.060085297,1
1935,705,0.937928915,-6.530594349,1
1935,737,1.591676235,-6.37542963,1
1935,769,3.150263071,-6.718659878,1
1935,801,3.829576254,-7.509543896,1
1935,833,3.02745533,-6.860535145,1
1935,865,3.053229094,-5.37493372,1
1935,897,3.595236301,-4.860077858,1
1935,929,4.409564018,-5.784656525,1
1935,961,3.804566383,-6.679093838,1
1935,993,3.724187613,-6.656634331,1
1935,1025,3.581146955,-6.786615849,1
1935,1057,3.864737511,-7.191634655,1
1935,1089,4.40009737,-6.566287518,1
1935,1121,4.674286842,-7.076291084,1
1935,1153,4.507526398,-5.699258804,1
1935,1185,4.092491627,-5.832674503,1
1935,1217,4.447733879,-5.723176479,1
1935,1249,4.638981342,-5.710372448,1
1935,1281,3.938821793,-7.182201862,1
1935,1313,3.691228867,-6.07857275,1
1935,1345,3.861762285,-5.036502838,1
1935,1377,3.941904545,-4.610886574,1
1935,1409,3.939374924,-5.227411747,1
1935,1441,3.597647667,-5.079583168,1
1935,1473,3.726775646,-4.931331635,1
1935,1505,4.334097862,-5.009221077,1
1935,1537,4.616586685,-5.04997921,1
1935,1569,4.404129028,-4.732892036,1
1935,1601,3.82325983,-5.4350667,1
1935,1633,3.814803839,-5.849058628,1
1935,1665,4.215967178,-5.154130459,1
1935,1697,4.543633938,-4.368305683,1
1935,1729,7.842730522,-4.58777523,1
1935,1761,9.359312057,-3.9831357,1
1935,1793,7.989049911,-3.483020306,1
1935,1825,8.261484146,-3.930579185,1
1935,1857,7.585948467,-7.49706459,1
1935,1889,7.049916267,-7.923224926,1
1935,1921,7.423743248,-5.893151283,1
1935,1953,7.443082809,-4.944223404,1
1935,1985,5.581709862,-6.003886223,1
1935,2017,5.736131191,-3.042755127,1
1967,33,-0.2034078538,0.7845544815,1
1967,65,-0.8519660234,-9.214696884,1
1967,97,-1.129428148,-9.884614944,1
1967,129,-1.157282948,-7.579161167,1
1967,161,-0.5083274841,-7.62016964,1
1967,193,0.4974976778,-7.654998302,1
1967,225,0.1615984738,-8.1089468,1
1967,257,-0.05589082837,-8.714635849,1
1967,289,0.38072595,-8.75899601,1
1967,321,0.2458447218,-8.947159767,1
1967,353,0.04896146059,-8.811271667,1
1967,385,0.3258462548,-8.570528984,1
1967,417,1.205478787,-8.293100357,1
1967,449,-2.180911779,-7.748752594,1
1967,481,0.5384720564,-7.350622654,1
1967,513,0.5842924714,-7.23496151,1
1967,545,0.6766666174,-6.225327492,1
1967,577,1.13514173,-7.494287014,1
1967,609,0.1853207946,-7.658887863,1
1967,641,0.4074360728,-8.209097862,1
1967,673,0.7594631314,-8.166022301,1
1967,705,0.8762011528,-7.868741989,1
1967,737,1.728650331,-7.513234138,1
1967,769,3.298521519,-7.542534828,1
1967,801,3.742859602,-8.05055809,1
1967,833,4.094894409,-7.80728817,1
1967,865,4.300965309,-7.191310406,1
1967,897,3.989886284,-6.113900661,1
1967,929,4.301734924,-6.664792061,1
1967,961,4.207529068,-6.614255905,1
1967,993,4.085736752,-6.231812954,1
1967,1025,3.883087635,-6.097084045,1
1967,1057,4.618921757,-7.196549416,1
1967,1089,3.25074482,-6.845477581,1
1967,1121,1.944479465,-6.519851685,1
1967,1153,3.645724297,-6.436287403,1
1967,1185,4.567364216,-5.389833927,1
1967,1217,4.72420311,-4.253795624,1
1967,1249,3.937567234,-4.365665913,1
1967,1281,3.035759449,-5.442698479,1
1967,1313,2.484149694,-5.622242451,1
1967,1345,1.650123596,-5.8028512,1
1967,1377,2.396551371,-4.993165016,1
1967,1409,3.841012478,-5.829786301,1
1967,1441,3.115264416,-5.256409645,1
1967,1473,4.233623981,-4.776720524,1
1967,1505,5.538371086,-4.591667652,1
1967,1537,6.137882233,-4.542473316,1
1967,1569,3.64950943,-4.25352478,1
1967,1601,3.175126076,-4.544141769,1
1967,1633,3.031032085,-4.986792564,1
1967,1665,2.589136362,-4.703681946,1
1967,1697,2.73781085,-2.999096394,1
1967,1729,7.226099014,-4.553701401,1
1967,1761,9.932182312,-2.893211842,1
1967,1793,10.0001545,-1.271044731,1
1967,1825,8.496627808,-2.913536072,1
1967,1857,6.975120544,-6.812906265,1
1967,1889,6.225177765,-8.751690865,1
1967,1921,7.102151871,-5.763865471,1
1967,1953,6.920592308,-4.985790253,1
1967,1985,4.6913414,-4.385950089,1
1967,2017,3.470480442,-4.997365952,1
1999,33,-3.793542862,3.85346508,1
1999,65,-1.056349874,-9.763424873,1
1999,97,-1.094604254,-7.777296066,1
1999,129,-1.269611597,-6.689299583,1
1999,161,-0.1107404828,-7.358361244,1
1999,193,0.4166103601,-8.994226456,1
1999,225,0.1362277567,-9.958539009,1
1999,257,0.2565801144,-9.660881996,1
1999,289,0.9766356945,-9.064330101,1
1999,321,0.7302181721,-8.163453102,1
1999,353,-0.3825545311,-7.995809078,1
1999,385,-0.1997249871,-8.683160782,1
1999,417,0.1832636893,-8.355741501,1
1999,449,0.5021202564,-7.453936577,1
1999,481,0.9103707671,-6.46245575,1
1999,513,0.5641125441,-6.285453796,1
1999,545,0.7512520552,-6.732302666,1
1999,577,-0.6081465483,-6.272075653,1
1999,609,-0.5847067237,-7.748466015,1
1999,641,0.7950265408,-7.778265953,1
1999,673,1.179868102,-9.22895813,1
1999,705,1.047332525,-10.68868923,1
1999,737,1.9410007,-9.627250671,1
1999,769,2.758468628,-7.843393803,1
1999,801,3.232085466,-7.890006065,1
1999,833,4.846259117,-8.864690781,1
1999,865,5.977919579,-8.275701523,1
1999,897,7.150987625,-9.151502609,1
1999,929,6.199802399,-8.375759125,1
1999,961,5.784106255,-6.438925743,1
1999,993,5.175275803,-5.473518372,1
1999,1025,4.823628426,-6.150727272,1
1999,1057,3.823967695,-6.767528057,1
1999,1089,2.614720106,-5.17790556,1
1999,1121,2.03179574,-4.956842899,1
1999,1153,2.867327452,-5.206410885,1
1999,1185,4.816226959,-4.835760593,1
1999,1217,5.01138401,-4.807651043,1
1999,1249,4.006789684,-4.36327219,1
1999,1281,3.901276112,-4.053172112,1
1999,1313,3.288200378,-4.694791794,1
1999,1345,0.292298317,-0.5821404457,1
1999,1377,1.175296783,-3.686224937,1
1999,1409,2.010151625,-6.01458931,1
1999,1441,2.869505167,-6.100717545,1
1999,1473,3.721133232,-4.615997314,1
1999,1505,8.050158501,-3.712821007,1
1999,1537,9.390332222,-3.714019775,1
1999,1569,7.636058807,-4.270277023,1
1999,1601,5.128409386,-4.660718918,1
1999,1633,2.077567816,-4.825422764,1
1999,1665,-0.153441906,-5.589368343,1
1999,1697,2.484143734,-5.40958786,1
1999,1729,3.526263714,-5.940402985,1
1999,1761,5.510406971,-3.693749428,1
1999,1793,6.331479073,-2.948234797,1
1999,1825,5.727153778,-1.806886196,1
1999,1857,5.637487411,-4.004714966,1
1999,1889,5.693822861,-4.275516987,1
1999,1921,6.810735703,-5.401669979,1
1999,1953,6.698738575,-2.698958874,1
1999,1985,4.474428177,-4.806848049,1
1999,2017,0.8595449924,-11.08938503,1
