PIVlab, ASCII chart output - 07-Feb-2024
FRAME: 10, filenames: A:[10]MAX_TimeSrs025_TgUtrmcherry.avi & B:[11]MAX_TimeSrs025_TgUtrmcherry.avi, conversion factor xy (px -> m): 1, conversion factor uv (px/frame -> m/s): 1
x [px],y [px],u [px/frame],v [px/frame],Vector type [-]
47,33,18.28568649,-0.126308918,1
47,65,0.006680846214,-0.2130817473,1
47,97,-0.2572584152,-0.4779835939,1
47,129,-0.4099303484,-0.2844985723,1
47,161,-0.3708474636,-0.3519290686,1
47,193,-0.3717060089,-0.533182621,1
47,225,-0.1177597046,-0.2618297935,1
47,257,0.4605278969,0.06808006763,1
47,289,0.218955636,-0.5512048006,1
47,321,-0.2442279458,-0.6988501549,1
47,353,-0.7140414715,-1.270534515,1
47,385,-2.425112963,-3.433888435,1
47,417,-2.144366741,-3.17344141,1
47,449,-1.659093142,-2.506463528,1
47,481,-1.437672019,-1.029833913,1
47,513,-2.091553926,-4.826933384,1
47,545,-2.176296234,-5.055895805,1
47,577,-2.255868912,-2.364557743,1
47,609,-1.85351944,-2.025163651,1
47,641,-0.2916408777,-0.554064095,1
47,673,0.8013142347,-0.3829445541,1
47,705,0.3668254018,-0.9621779919,1
47,737,-0.2788205743,-1.480045795,1
47,769,-0.6528214216,-1.669958353,1
47,801,-0.720448494,-0.9147421122,1
47,833,0.3980884552,0.406991899,1
47,865,1.58923912,0.135137558,1
47,897,2.642559528,0.6571624279,1
47,929,4.703054905,0.2110431194,1
47,961,2.186032772,-0.3966330886,1
47,993,2.07157445,-0.8136485815,1
47,1025,2.199382782,-0.6289947033,1
47,1057,0.2152965069,-1.057687879,1
47,1089,0.749512434,-1.650042534,1
47,1121,0.6664555073,-0.8941664696,1
47,1153,1.130371571,-0.8029705286,1
47,1185,0.8021610975,-2.075338364,1
47,1217,0.6583788395,-2.163822889,1
47,1249,1.934148788,-0.6375975609,1
47,1281,1.967157364,1.37471962,1
47,1313,0.7350995541,2.427149057,1
47,1345,1.698700428,1.893854141,1
47,1377,1.056263447,1.553544044,1
47,1409,0.8233636618,2.14994216,1
47,1441,0.7402316332,1.690769196,1
47,1473,0.4673492312,0.7821706533,1
47,1505,-0.2582354546,-0.1003101468,1
47,1537,-0.8508200645,0.06486678123,1
47,1569,-0.6839891672,0.830330193,1
47,1601,-0.03565368056,1.281886339,1
47,1633,0.9098631144,1.317769766,1
47,1665,0.8132151365,0.2620023191,1
47,1697,-0.1638261676,-0.3699219823,1
47,1729,-0.9046942592,-0.8082542419,1
47,1761,0.2193397284,0.7365282774,1
47,1793,0.8206274509,1.750977755,1
47,1825,0.2420825958,0.9789099097,1
47,1857,0.2170445919,0.1000832915,1
47,1889,0.1199060678,0.236551255,1
47,1921,0.9341424704,0.8725452423,1
47,1953,1.347970963,1.322342157,1
47,1985,1.341936469,0.369377315,1
47,2017,0.1320225,-3.059232712,1
79,33,-0.9185183048,2.23353982,1
79,65,-1.490231276,-1.54227376,1
79,97,-1.37103343,-2.275229216,1
79,129,-1.482180834,-3.319997311,1
79,161,-0.3522248864,-0.7500211,1
79,193,-0.1849035025,-0.2324308157,1
79,225,-0.2635617852,-0.4813343287,1
79,257,-0.01740255952,-0.4904994667,1
79,289,0.184787035,-0.3682362139,1
79,321,0.2319902778,-0.3343067765,1
79,353,-0.1796370149,0.04739093781,1
79,385,-0.2532851696,-0.07852697372,1
79,417,-13.57775307,-6.172441483,1
79,449,-14.10712433,-5.867159367,1
79,481,-0.6043576002,-0.5742102861,1
79,513,-0.8852344751,-2.739485502,1
79,545,-0.8923777342,-2.194423676,1
79,577,-1.362944961,-1.460988164,1
79,609,-0.8918558955,-1.126050115,1
79,641,-0.1044653356,-0.6998921037,1
79,673,0.7274346352,-0.3839327693,1
79,705,0.7185349464,-0.4340938926,1
79,737,-0.03473804519,-0.6775822639,1
79,769,-1.194715738,-0.6719853878,1
79,801,-0.5639853477,0.2127869129,1
79,833,0.498369813,-0.1137808859,1
79,865,0.7653933167,-0.2656584978,1
79,897,1.001675844,-0.6601769328,1
79,929,1.758918762,-0.4219454527,1
79,961,5.418391228,-0.2900608778,1
79,993,2.757907391,-0.7736085057,1
79,1025,3.334519148,-0.7105275393,1
79,1057,3.522586346,-0.8811233044,1
79,1089,3.246314049,-0.6542490721,1
79,1121,3.500211239,-1.009687901,1
79,1153,2.384935856,-0.3036501408,1
79,1185,1.314455986,-0.7734875679,1
79,1217,1.109278321,-0.8406442404,1
79,1249,2.045023441,0.2447847724,1
79,1281,1.836880684,0.5051352978,1
79,1313,1.398195744,0.2848550677,1
79,1345,2.472800732,0.6401452422,1
79,1377,2.590842247,0.9188204408,1
79,1409,3.098318815,0.8505874872,1
79,1441,1.310069323,1.232883811,1
79,1473,0.6333579421,0.8375566602,1
79,1505,0.9581245184,0.6000903845,1
79,1537,0.4054431915,0.3048654795,1
79,1569,0.3375291824,0.8855288029,1
79,1601,0.5260720849,0.7168867588,1
79,1633,0.5368814468,0.4221223593,1
79,1665,0.4051792622,0.504314959,1
79,1697,0.3406555653,0.216893658,1
79,1729,0.3163477182,0.1699385345,1
79,1761,1.146892667,0.2844157219,1
79,1793,1.435367107,0.7771034837,1
79,1825,1.67271018,0.8548831344,1
79,1857,2.383670807,0.5759427547,1
79,1889,1.241881728,0.4702436924,1
79,1921,0.7104716301,0.2468187213,1
79,1953,0.8598656654,0.6327540874,1
79,1985,0.7535645962,0.3144370317,1
79,2017,0.4223281145,-1.017731786,1
111,33,-0.258274734,4.625414848,1
111,65,-1.682608247,-2.473657846,1
111,97,-1.270751953,-1.788081408,1
111,129,-0.9658421278,-1.931528568,1
111,161,-0.6812415719,-0.9756199121,1
111,193,0.001657575369,-0.144046545,1
111,225,-0.03708085418,-0.6163610816,1
111,257,-0.217130065,-0.9306024313,1
111,289,-0.0433242321,-0.70775491,1
111,321,-0.1347981691,-0.2590302229,1
111,353,-0.3953092694,0.153960228,1
111,385,-0.3912284374,0.2315677404,1
111,417,-0.9818828702,-1.100776196,1
111,449,-1.101727724,-1.468807697,1
111,481,-1.854845166,-0.9818264246,1
111,513,-0.6013208032,-0.5806331635,1
111,545,-0.51247859,-0.9852707386,1
111,577,-0.5549423695,-0.7605453134,1
111,609,-0.2493491471,-0.5347562432,1
111,641,0.02093373239,-0.5391372442,1
111,673,0.3927910626,-0.05060318112,1
111,705,0.1786414385,0.1570146084,1
111,737,-0.6242716312,0.1384849548,1
111,769,-2.072241545,0.272711575,1
111,801,-0.7918009758,-0.162370652,1
111,833,0.8207703233,-0.677049458,1
111,865,1.278413534,-1.48075366,1
111,897,0.8019320965,-1.188810349,1
111,929,0.2663462162,-0.2520215511,1
111,961,0.6199343204,-0.06734836102,1
111,993,2.941900253,-1.012508631,1
111,1025,3.841837406,-1.171202779,1
111,1057,4.767264366,-0.9545044303,1
111,1089,4.592339516,-1.147331715,1
111,1121,4.888274193,-1.336606741,1
111,1153,4.013301849,-0.4465319514,1
111,1185,2.217149258,-0.07133489847,1
111,1217,-0.03026914597,-0.1772776544,1
111,1249,2.885938406,0.3410424292,1
111,1281,1.340814948,-0.06432795525,1
111,1313,0.6882208586,-0.5751147866,1
111,1345,2.629811287,-0.4448999763,1
111,1377,2.994137764,-0.2336551249,1
111,1409,2.45434165,0.07209774852,1
111,1441,0.9562504292,0.623473525,1
111,1473,0.5507376194,0.7015507221,1
111,1505,0.6365743279,0.6793885231,1
111,1537,1.027702093,0.5193763375,1
111,1569,0.7081801295,0.4737405777,1
111,1601,0.3670435548,0.4405161142,1
111,1633,0.3673669696,0.5080648661,1
111,1665,0.5987849236,0.553363204,1
111,1697,0.8734385371,0.4988397956,1
111,1729,0.7767290473,0.6766358018,1
111,1761,0.9894542694,0.2941159308,1
111,1793,1.892925978,0.5066438913,1
111,1825,2.852856874,0.687235713,1
111,1857,3.087059021,0.6591157913,1
111,1889,1.240467191,0.4114420414,1
111,1921,0.8075900078,-0.3025414646,1
111,1953,0.7319497466,-0.1175427884,1
111,1985,0.496989429,-0.003158450127,1
111,2017,0.5511174202,-0.03621610999,1
143,33,9.707590103,5.634193897,1
143,65,-2.286901951,-0.27497226,1
143,97,-2.107705355,-2.855462551,1
143,129,-1.396955967,-2.792523384,1
143,161,-0.5483361483,-1.646784782,1
143,193,-0.02440941334,-0.513073802,1
143,225,-0.5201129317,-0.7597029209,1
143,257,-0.6675951481,-1.143550038,1
143,289,-0.5983910561,-1.321069837,1
143,321,-0.7602992654,-0.5597571135,1
143,353,-0.9857552052,-0.81259799,1
143,385,-0.8857314587,-0.7646701336,1
143,417,-1.044610739,-0.8686139584,1
143,449,-1.221877813,-1.102834225,1
143,481,-1.305300355,-0.4500551224,1
143,513,-1.154382706,-0.2412509918,1
143,545,-0.2761518955,-0.3223910332,1
143,577,0.3768009841,-0.7549990416,1
143,609,-0.1812942773,-0.5836105347,1
143,641,0.3850508332,-0.6304470301,1
143,673,1.030185342,-0.6177165508,1
143,705,-0.08874839544,-0.06628185511,1
143,737,-0.4987085462,0.6746621728,1
143,769,-0.3598818183,0.8682979345,1
143,801,-0.1122505218,0.3877619505,1
143,833,1.319414258,-0.4413169622,1
143,865,2.338255405,-1.356922865,1
143,897,1.267812729,-1.196941376,1
143,929,0.7564530373,-0.3215942383,1
143,961,1.103672981,-0.8018245697,1
143,993,2.827243328,-1.385424852,1
143,1025,4.06675148,-1.325919271,1
143,1057,5.385009289,-1.124892116,1
143,1089,4.909771442,-1.341184616,1
143,1121,5.51949501,-1.048977971,1
143,1153,5.450017929,-0.2877770066,1
143,1185,3.595912933,-0.3733695149,1
143,1217,0.4933285713,-0.1220929921,1
143,1249,1.541319609,0.9955172539,1
143,1281,0.8028929234,0.2767563462,1
143,1313,0.7625472546,-0.4717117548,1
143,1345,2.205930948,-1.211720705,1
143,1377,2.304719448,-0.7922724485,1
143,1409,1.277899265,-0.2819653451,1
143,1441,0.9525592327,0.1626306474,1
143,1473,0.3776564002,0.6063699722,1
143,1505,0.2189381123,0.7134052515,1
143,1537,0.7482442856,0.4238369167,1
143,1569,0.8750798702,0.1671293974,1
143,1601,0.5296952128,0.2869564891,1
143,1633,0.3909242749,0.5506629348,1
143,1665,0.3506675363,0.2284816802,1
143,1697,0.309407115,0.1978040934,1
143,1729,0.9527047873,0.7973855734,1
143,1761,1.603611469,0.6229436398,1
143,1793,1.738826156,0.6850736141,1
143,1825,1.531397223,0.5675978661,1
143,1857,0.5560401678,0.2024253011,1
143,1889,0.02288854122,0.2178687155,1
143,1921,0.2937638164,0.3683239222,1
143,1953,0.4432783723,0.09388902783,1
143,1985,0.3145349622,-0.1696828157,1
143,2017,0.4339436293,0.133905977,1
175,33,-3.16922307,5.271678925,1
175,65,-3.08712101,-1.544065356,1
175,97,-2.623646259,-2.926285505,1
175,129,-1.51972425,-3.20009017,1
175,161,-0.6696887612,-2.606421232,1
175,193,-0.02622276545,-2.275951147,1
175,225,-0.1540310979,-1.616559982,1
175,257,-0.7602257729,-1.948070049,1
175,289,-0.8133735657,-1.369478226,1
175,321,-1.062004209,-2.005257368,1
175,353,-1.069545269,-2.574360132,1
175,385,-1.004549384,-1.829477787,1
175,417,-1.423485041,-2.118990421,1
175,449,-1.395301819,-1.767665505,1
175,481,-1.542599201,-1.165256143,1
175,513,-1.273770809,-0.7657207251,1
175,545,-0.4584730268,-0.6547680497,1
175,577,-0.2425979972,-1.044476032,1
175,609,-0.515912056,-0.952036798,1
175,641,-0.05296629667,-0.6682834625,1
175,673,-0.001920521259,-0.6513289213,1
175,705,-0.4584376812,-0.178842321,1
175,737,-0.5603516102,0.7355356216,1
175,769,-0.5265710354,1.093795776,1
175,801,-0.1909833252,0.9459959269,1
175,833,1.022114635,-0.2165261656,1
175,865,4.57786274,-1.150631785,1
175,897,2.26600337,-0.6616017818,1
175,929,2.386941671,-1.250591278,1
175,961,2.440064907,-1.179707289,1
175,993,3.271633625,-1.342785239,1
175,1025,4.486439228,-1.128716826,1
175,1057,7.807059288,-1.273488879,1
175,1089,9.163827896,-1.446187615,1
175,1121,6.623229027,-0.8434542418,1
175,1153,5.338248253,-0.7216466665,1
175,1185,3.656898499,-0.7008443475,1
175,1217,2.548745871,-0.2956214249,1
175,1249,2.083087921,0.6006584167,1
175,1281,1.779653788,0.5868436098,1
175,1313,0.9752590656,-0.262194097,1
175,1345,1.202183247,-0.3963002563,1
175,1377,1.245582342,-0.4395630956,1
175,1409,0.4735478163,-0.3809615672,1
175,1441,0.5453521609,-0.2140391022,1
175,1473,0.2715350091,0.3087868989,1
175,1505,-0.1828432679,0.2619244456,1
175,1537,0.3555595875,0.1926956773,1
175,1569,0.7060256004,0.008501142263,1
175,1601,0.5638047457,0.1199996024,1
175,1633,0.1055732369,0.2514036,1
175,1665,-0.09267944098,-0.109654963,1
175,1697,0.6315828562,0.3134452701,1
175,1729,1.466678619,0.6133109927,1
175,1761,2.109878778,1.029531121,1
175,1793,1.834648609,1.332712412,1
175,1825,1.131499529,0.8105994463,1
175,1857,-0.001857638359,0.3589071631,1
175,1889,-0.05326831341,0.05715304613,1
175,1921,0.2492983341,0.03380160779,1
175,1953,0.3122620583,-0.1764746308,1
175,1985,0.4687049687,-0.07737514377,1
175,2017,0.5537195206,-0.02494388819,1
207,33,-5.181458473,4.866423607,1
207,65,-2.535146236,-2.20868659,1
207,97,-2.086088181,-2.947638512,1
207,129,-1.530997157,-3.253139257,1
207,161,-1.016278505,-2.944584608,1
207,193,-0.5111367106,-3.289088726,1
207,225,-0.00362932682,-3.929040432,1
207,257,-0.327494204,-4.092037678,1
207,289,-2.018542767,-3.683864117,1
207,321,-1.695193291,-3.223878384,1
207,353,-1.239554405,-3.828234673,1
207,385,-1.280986309,-2.682394743,1
207,417,-1.741576076,-2.028060913,1
207,449,-1.702794075,-1.453809142,1
207,481,-1.573364377,-1.189208865,1
207,513,-1.493374825,-1.771752119,1
207,545,-1.116080523,-1.667869806,1
207,577,-0.5666713715,-1.211784124,1
207,609,-0.3389377594,-0.8545769453,1
207,641,-0.6255308986,-0.4111611843,1
207,673,-0.9747340679,-0.1264849901,1
207,705,-1.147667289,-0.2427465469,1
207,737,-1.472363949,0.3420572281,1
207,769,-0.9941358566,0.8030667305,1
207,801,-0.3670420051,0.6670538187,1
207,833,0.3862227798,0.4034369588,1
207,865,1.658698678,0.7048998475,1
207,897,2.567218304,0.698634088,1
207,929,2.56863904,-0.7640348673,1
207,961,3.863176584,-1.088866472,1
207,993,4.525605202,-1.236232638,1
207,1025,4.92262125,-1.376176,1
207,1057,8.790966034,-0.804759264,1
207,1089,8.276233673,-0.4678639174,1
207,1121,7.451993942,-0.2767807245,1
207,1153,6.45663023,-0.5557248592,1
207,1185,4.533975601,-1.18833971,1
207,1217,3.263400316,-2.301323414,1
207,1249,1.45867157,-1.384537697,1
207,1281,3.109996796,0.02101129293,1
207,1313,2.384149075,-0.3212192059,1
207,1345,1.643559694,-0.2081360519,1
207,1377,0.9993005991,-0.1680523455,1
207,1409,0.6702890396,-0.1976300925,1
207,1441,0.2937794924,0.4989551902,1
207,1473,0.2593806982,0.6036329269,1
207,1505,0.04241150618,0.2915102243,1
207,1537,0.3930666447,0.2747504711,1
207,1569,0.2027712762,0.2171829343,1
207,1601,0.286216706,0.2034273148,1
207,1633,0.6026488543,-0.05279675126,1
207,1665,0.7033550739,-0.04624539614,1
207,1697,1.374924421,-0.02068981528,1
207,1729,1.836523533,0.9579421282,1
207,1761,1.791509748,1.504921198,1
207,1793,0.8107808828,0.9335758686,1
207,1825,0.4650381804,0.4600458741,1
207,1857,0.4696604609,0.1878966093,1
207,1889,-0.2599156499,-0.5700680017,1
207,1921,0.3388265967,-0.2685915232,1
207,1953,0.9961633682,-0.4522016644,1
207,1985,0.7350914478,-0.1620841175,1
207,2017,0.3471928835,-0.3388844728,1
239,33,-3.919653416,4.768957615,1
239,65,0.4230521917,-1.326798677,1
239,97,-0.03326618671,-4.66886282,1
239,129,-0.6619511247,-3.655645847,1
239,161,-0.6360753775,-2.221409798,1
239,193,-0.851406455,-2.197627068,1
239,225,-0.5618627071,-3.320171356,1
239,257,-0.5597170591,-4.202566147,1
239,289,-1.83431828,-3.964807034,1
239,321,-1.915411949,-3.578220129,1
239,353,-1.631482244,-3.91714406,1
239,385,-1.751199603,-3.106066704,1
239,417,-1.808814287,-1.018158436,1
239,449,-1.993469357,-1.359550834,1
239,481,-1.68475759,-1.177995205,1
239,513,-1.39687109,-1.633764148,1
239,545,-1.415617704,-2.23135519,1
239,577,-0.7954542041,-1.430262685,1
239,609,0.2537270784,-0.6456047297,1
239,641,-0.3577759266,-0.3676954508,1
239,673,-1.425534964,-1.361878157,1
239,705,-1.622493148,-0.7176635265,1
239,737,-1.496650696,-0.05587464571,1
239,769,-0.6954061389,0.3471311927,1
239,801,0.08039720356,0.3732500076,1
239,833,0.4949685931,0.7347308397,1
239,865,1.771876574,1.279266953,1
239,897,2.210261822,0.676712811,1
239,929,1.951170444,-0.3777345419,1
239,961,4.515324593,-0.7540372014,1
239,993,5.206227303,-0.8339855671,1
239,1025,5.488348484,-1.524446607,1
239,1057,7.203483582,-1.121599197,1
239,1089,6.246816635,-0.5076022148,1
239,1121,6.384887695,-0.2771126628,1
239,1153,5.892526627,-0.7589632273,1
239,1185,5.096147537,-0.9733778834,1
239,1217,3.865658522,-2.172219276,1
239,1249,2.059178114,-2.910003662,1
239,1281,3.33298111,-0.5771512389,1
239,1313,4.034033298,-0.03733982518,1
239,1345,3.004780293,0.4887421727,1
239,1377,1.444806933,0.1499010175,1
239,1409,0.7434391975,0.3760200143,1
239,1441,-0.06743586063,0.8064118624,1
239,1473,0.7542719841,1.352873087,1
239,1505,1.288534403,1.052013397,1
239,1537,1.034289122,0.8821954727,1
239,1569,0.2911542654,0.8288301826,1
239,1601,0.2476936579,-0.1520836651,1
239,1633,0.2329953909,-1.579746723,1
239,1665,5.11686182,-0.4901041985,1
239,1697,2.269039869,-0.01669341326,1
239,1729,2.202172995,1.235588789,1
239,1761,2.133177519,2.218612671,1
239,1793,-0.049446702,0.8746078014,1
239,1825,0.009005486965,0.1192129254,1
239,1857,0.5841109753,0.01099553704,1
239,1889,0.05851173401,-0.02096058987,1
239,1921,0.05461364985,0.05088359118,1
239,1953,0.4554062486,-0.1823510826,1
239,1985,0.4527933598,-0.3550342917,1
239,2017,0.2207724601,-0.5213927031,1
271,33,-0.9902173281,4.600227356,1
271,65,1.605250359,-4.424741268,1
271,97,1.369194508,-5.540448189,1
271,129,0.7659679651,-4.828101635,1
271,161,0.491296649,-2.711363316,1
271,193,-0.4882121086,-1.970454454,1
271,225,-0.5602657795,-2.378779173,1
271,257,-0.5765496492,-3.089424133,1
271,289,-0.3259482384,-2.837568521,1
271,321,-0.3553709388,-2.514554977,1
271,353,-1.727519274,-3.249904156,1
271,385,-2.215912819,-2.480528593,1
271,417,-1.453966975,-0.9130429029,1
271,449,-1.608509779,-1.256561756,1
271,481,-1.398717523,-1.387680292,1
271,513,-1.000525236,-1.723086834,1
271,545,-0.6670320034,-1.617462158,1
271,577,-0.755354166,-0.9655095339,1
271,609,0.2202358842,0.05630815029,1
271,641,-0.6250035763,-0.8721129894,1
271,673,-2.361413479,-2.764960289,1
271,705,-1.904106379,-2.092331886,1
271,737,-0.9107367396,-0.3379707336,1
271,769,0.3087891936,-0.09069854021,1
271,801,1.020106554,0.07108145952,1
271,833,0.9358561039,0.6320995092,1
271,865,1.745731831,0.4146430194,1
271,897,2.523220778,-0.1425123513,1
271,929,3.700793505,-0.4486547709,1
271,961,4.742157459,-0.4708696604,1
271,993,5.272826195,-0.7764436007,1
271,1025,5.824754238,-0.8049547672,1
271,1057,6.708850861,-0.9638242126,1
271,1089,6.763014317,-0.5973979235,1
271,1121,6.334011078,-0.2924582362,1
271,1153,5.681884289,-0.8421332836,1
271,1185,5.146198273,-0.8707712889,1
271,1217,3.987610817,-0.5619534254,1
271,1249,3.142948866,0.3617232442,1
271,1281,4.290548801,-0.1730511189,1
271,1313,4.171049118,0.2024624199,1
271,1345,3.380558491,1.088029742,1
271,1377,1.045495868,0.06922325492,1
271,1409,0.3959013224,0.319656074,1
271,1441,1.080780029,0.4557008743,1
271,1473,2.62866497,2.046593904,1
271,1505,3.150370121,2.191454887,1
271,1537,2.425155163,1.776245117,1
271,1569,1.685549021,2.378767967,1
271,1601,0.284186244,0.1275321543,1
271,1633,0.07426297665,-1.430380225,1
271,1665,6.720218182,-0.2872320414,1
271,1697,3.943294525,0.3906045556,1
271,1729,2.541758776,1.11899972,1
271,1761,1.465692401,2.465638399,1
271,1793,0.2364908457,0.7175087333,1
271,1825,0.9135827422,0.006870239973,1
271,1857,0.7659995556,-0.1070549488,1
271,1889,0.04777577519,0.1626201421,1
271,1921,-0.07579934597,0.1632918417,1
271,1953,-0.357418716,-0.06516422331,1
271,1985,-0.3508273065,-0.2597012222,1
271,2017,0.05223980546,-0.461101532,1
303,33,0.564897418,3.966785431,1
303,65,2.212478638,-5.005338669,1
303,97,1.048052073,-5.279275894,1
303,129,1.005005598,-4.07632637,1
303,161,0.2831806839,-2.978512764,1
303,193,-0.4550800025,-1.910094261,1
303,225,-0.2744986415,-2.475219727,1
303,257,-0.9274494052,-2.939089537,1
303,289,-0.4064343274,-2.210090637,1
303,321,0.5159800053,-2.074225426,1
303,353,-0.1155303121,-2.566565037,1
303,385,-0.7815672755,-2.544013739,1
303,417,-1.530442953,-1.651464462,1
303,449,-1.016507745,0.02988290787,1
303,481,-1.394961715,-1.146391988,1
303,513,-0.9124654531,-1.763384938,1
303,545,-0.5107478499,-1.984551787,1
303,577,-0.9758527875,-1.999692798,1
303,609,-0.8368854523,-0.2210732698,1
303,641,-1.566344857,-1.261736512,1
303,673,-2.146856308,-2.215276241,1
303,705,-1.297290683,-2.619653463,1
303,737,-0.4549497962,-0.6674614549,1
303,769,0.4675436616,-0.3873278499,1
303,801,0.8546583056,-0.1384850442,1
303,833,4.457214355,-0.3289448023,1
303,865,4.980947495,-1.624281645,1
303,897,3.569884062,-0.7517946959,1
303,929,5.2226367,-0.686224103,1
303,961,6.347929001,-0.3149847984,1
303,993,6.931622982,-0.7089163065,1
303,1025,6.206911564,-0.6766290665,1
303,1057,7.025623322,-0.108394742,1
303,1089,7.186328888,-0.1360307336,1
303,1121,8.635297775,-0.7205774784,1
303,1153,7.446935177,-1.39265275,1
303,1185,5.374459743,-0.03812587261,1
303,1217,4.245051384,0.4452030063,1
303,1249,2.329106808,-0.1224519014,1
303,1281,1.89240098,-0.3946594,1
303,1313,3.838202477,0.1141439378,1
303,1345,3.354253531,0.3578916192,1
303,1377,0.3643333912,-0.4082461596,1
303,1409,0.6659507751,0.1313341409,1
303,1441,3.871961117,0.9194281101,1
303,1473,5.267569065,2.292069912,1
303,1505,5.177090168,2.345934391,1
303,1537,6.29640007,2.876353741,1
303,1569,5.740628242,4.215873241,1
303,1601,0.9554690123,1.027478933,1
303,1633,1.939159393,-0.08803921938,1
303,1665,2.952503204,0.5558570623,1
303,1697,3.288779974,0.532751143,1
303,1729,2.345628977,0.8022081852,1
303,1761,1.458622813,0.7347472906,1
303,1793,1.328511715,0.4524113834,1
303,1825,1.057138205,-0.323160708,1
303,1857,0.4708368182,-0.1278036535,1
303,1889,0.2250512838,0.3936239183,1
303,1921,0.1043409705,0.3089720011,1
303,1953,-0.3465510011,-0.01913228631,1
303,1985,0.04643301666,-0.222297743,1
303,2017,0.09392058849,-0.4977040887,1
335,33,0.9127887487,3.251392365,1
335,65,0.6101095676,-1.571814179,1
335,97,-0.1649867147,-1.478957653,1
335,129,-0.09837552905,-1.520870447,1
335,161,-0.5300158858,-1.482226849,1
335,193,-0.5242776871,-1.172299862,1
335,225,-0.270884335,-1.332497597,1
335,257,-0.3431224823,-1.805720329,1
335,289,0.250641048,-1.797421455,1
335,321,2.78666544,-4.100396156,1
335,353,2.624368191,-4.53776598,1
335,385,-0.07895934582,-3.293379545,1
335,417,-0.3272531033,-1.867742538,1
335,449,-0.5235853195,0.298497498,1
335,481,-1.09250164,-0.2607308626,1
335,513,-1.120265961,-1.575967193,1
335,545,-1.104028344,-2.178129673,1
335,577,-0.9024807215,-1.449256659,1
335,609,-1.120349407,-0.8111664057,1
335,641,-1.968803048,-1.003536344,1
335,673,-2.025653839,-1.566309333,1
335,705,-0.7689250708,-1.308653712,1
335,737,0.07254058123,-0.3412501812,1
335,769,0.6433811188,-0.4352566302,1
335,801,0.425870955,-0.5065237284,1
335,833,5.328313828,-0.6605378389,1
335,865,7.684838772,-2.356076241,1
335,897,0.7679505348,-0.2750611305,1
335,929,5.464432716,-0.8665432334,1
335,961,6.635492802,-0.353066504,1
335,993,7.611373425,-0.6226015091,1
335,1025,11.9966011,-2.591649532,1
335,1057,10.1253109,-0.4802088737,1
335,1089,8.929149628,0.5024254322,1
335,1121,8.093372345,0.9533353448,1
335,1153,7.20153141,-1.746307969,1
335,1185,5.653233528,-0.1653531194,1
335,1217,4.322532654,0.3161700964,1
335,1249,1.175865889,-1.05882144,1
335,1281,0.9041633606,-1.859326839,1
335,1313,2.452807903,-1.085233212,1
335,1345,2.186571836,-0.8173344731,1
335,1377,1.801055431,-0.8667550087,1
335,1409,3.392814398,0.03482046723,1
335,1441,4.626721382,2.222362041,1
335,1473,6.24749136,1.666873813,1
335,1505,5.815997124,1.93785429,1
335,1537,5.408719063,3.305437088,1
335,1569,5.310800076,3.030973673,1
335,1601,0.9213466644,1.123769641,1
335,1633,3.290546417,0.3681935668,1
335,1665,3.458527088,0.5703397989,1
335,1697,2.962061882,0.3608655334,1
335,1729,1.143284798,-0.7285987735,1
335,1761,2.494327545,0.2872475386,1
335,1793,3.779860973,0.3909738064,1
335,1825,2.674034834,-0.4070180357,1
335,1857,0.5499130487,-0.1804830581,1
335,1889,0.6963154674,0.3868229389,1
335,1921,0.5046412945,0.2898893952,1
335,1953,0.3043279052,0.1242040098,1
335,1985,0.7295799255,-0.3011644781,1
335,2017,0.4252986908,-0.6974377632,1
367,33,1.079262376,3.155311346,1
367,65,0.5292372108,-3.529293537,1
367,97,-0.1131809652,-1.33514595,1
367,129,-0.251372993,-0.5712829828,1
367,161,-1.294598103,-0.6420298815,1
367,193,-1.179260731,-1.344919086,1
367,225,-0.156393379,-0.3640145063,1
367,257,0.05205559731,-0.5542274714,1
367,289,0.135580793,-1.282547474,1
367,321,1.48950839,-2.963300943,1
367,353,2.689211845,-2.938879967,1
367,385,1.485790253,-2.268591881,1
367,417,0.3815669715,-1.964411974,1
367,449,0.005342841148,-0.3956893682,1
367,481,-0.777297914,-0.1587980986,1
367,513,-1.103624344,-1.333613396,1
367,545,-0.9892838001,-1.751759171,1
367,577,-0.9651928544,-1.06520915,1
367,609,-0.8266249299,-0.804484725,1
367,641,-0.5303229094,-1.041683435,1
367,673,-0.7557144165,-1.014279962,1
367,705,-0.3083778024,0.172401309,1
367,737,0.5458091497,1.044865608,1
367,769,0.8131331205,-0.1212934256,1
367,801,0.3439456224,-0.5972473621,1
367,833,0.2439032793,-0.3869947791,1
367,865,11.63140583,-0.4009733796,1
367,897,10.71312141,-4.144677639,1
367,929,6.154081345,-1.435389638,1
367,961,6.970618725,-0.9865326881,1
367,993,8.143780708,-1.006712556,1
367,1025,10.81690788,-2.462561607,1
367,1057,10.87547207,-1.460074544,1
367,1089,9.603020668,0.1132253408,1
367,1121,10.02596855,0.5962862968,1
367,1153,8.085382462,-1.219555378,1
367,1185,5.511067867,-1.313282728,1
367,1217,4.087418079,-1.200346708,1
367,1249,2.31546855,-1.473675609,1
367,1281,2.766672134,-1.752858281,1
367,1313,1.581291437,-1.999814272,1
367,1345,0.9106462002,-1.644607782,1
367,1377,2.202432632,-0.7775652409,1
367,1409,5.253847599,0.581453681,1
367,1441,6.296185493,1.937389374,1
367,1473,6.486180305,0.3586499095,1
367,1505,6.212595463,0.7304121256,1
367,1537,4.662904739,2.140129089,1
367,1569,3.987709522,0.3513281941,1
367,1601,3.855834961,-0.07301136851,1
367,1633,4.027352333,0.5089871883,1
367,1665,4.115391731,1.148499131,1
367,1697,4.504196167,-0.3168307245,1
367,1729,2.685183048,-0.6082077026,1
367,1761,2.651025295,0.1656282544,1
367,1793,3.78349781,0.01402270794,1
367,1825,1.259022832,-0.09244602919,1
367,1857,1.068581104,-0.2320544124,1
367,1889,1.41849339,0.1438405812,1
367,1921,1.263192773,0.3961636722,1
367,1953,1.280320644,0.5216816664,1
367,1985,0.9820753932,0.0756367743,1
367,2017,0.865441978,-0.7555603385,1
399,33,6.016254425,3.87187767,1
399,65,1.039540887,-3.72277379,1
399,97,1.139398575,-4.776237965,1
399,129,-0.04368948936,-2.425632,1
399,161,-0.3004388809,-1.55741024,1
399,193,-0.6956089735,-1.014594078,1
399,225,-0.6175620556,-0.9624130726,1
399,257,-0.4267724752,-0.56916821,1
399,289,-0.5589798689,-1.229766846,1
399,321,-0.3260953426,-1.768177032,1
399,353,1.052950621,-2.65429759,1
399,385,0.3171149492,-2.867687464,1
399,417,-0.7183398008,-1.850367546,1
399,449,0.1196761727,-0.6734247208,1
399,481,-0.5924455523,-0.4329588413,1
399,513,-1.050554514,-1.430294871,1
399,545,-0.634681344,-1.336801171,1
399,577,-0.5832543969,-1.668360829,1
399,609,-0.6795365214,-1.569017649,1
399,641,-1.284473419,-0.8105516434,1
399,673,-0.4628111124,-0.9148048759,1
399,705,1.274543881,0.477573812,1
399,737,0.5498129725,1.09001255,1
399,769,0.9136557579,-0.003062292933,1
399,801,1.572993994,-0.7542539239,1
399,833,1.341100216,-0.9345536828,1
399,865,-0.7735366821,-1.742460251,1
399,897,8.547281265,-6.651797295,1
399,929,9.343626022,-3.017734766,1
399,961,8.38330555,-1.740645885,1
399,993,9.418064117,-2.081972599,1
399,1025,9.854537964,-2.23818922,1
399,1057,9.50757885,-2.268929243,1
399,1089,9.781894684,-1.733189821,1
399,1121,10.37433243,-1.335456014,1
399,1153,6.634883404,-0.8366167545,1
399,1185,5.664137363,-2.366867542,1
399,1217,5.064367294,-2.996943951,1
399,1249,4.16240406,-2.906903505,1
399,1281,2.883859396,-2.2468822,1
399,1313,1.15671885,-2.420543194,1
399,1345,0.8221750259,-2.018521786,1
399,1377,2.928573608,-0.3957000375,1
399,1409,6.601920128,0.5143126845,1
399,1441,7.503834724,0.3200339675,1
399,1473,6.887454033,-0.5920664668,1
399,1505,6.66014576,-0.8194608688,1
399,1537,4.079360962,-0.7503339052,1
399,1569,4.658942223,-0.3857731819,1
399,1601,4.672898293,-0.0415687561,1
399,1633,4.161975861,0.1388070285,1
399,1665,5.133023262,2.094375849,1
399,1697,5.372359753,-0.3437121511,1
399,1729,5.519610405,-0.4344227612,1
399,1761,1.196074247,0.8910381794,1
399,1793,1.162304878,0.8067688346,1
399,1825,0.8110756874,-0.3543694615,1
399,1857,1.384330869,-0.467160821,1
399,1889,1.419872165,0.07768370211,1
399,1921,1.550243616,0.4500059783,1
399,1953,2.036276817,0.3780272603,1
399,1985,1.270239115,0.13898018,1
399,2017,0.6903338432,-0.6479074359,1
431,33,5.475329399,4.125235081,1
431,65,1.407328248,-3.417807102,1
431,97,2.068013906,-5.476084709,1
431,129,0.000504732132,-5.053174973,1
431,161,-0.2671867013,-1.965800881,1
431,193,-0.876863122,-1.269967794,1
431,225,-1.612380147,-1.03504765,1
431,257,-1.764674425,-0.1418784857,1
431,289,-0.7451944947,-3.310669422,1
431,321,0.3320996165,-2.863250971,1
431,353,0.9848486781,-2.53999424,1
431,385,-0.2233980149,-3.812366962,1
431,417,-2.469497204,-2.769808769,1
431,449,-0.3159769177,-1.319900632,1
431,481,0.1153227091,-2.411829948,1
431,513,-1.116628408,-2.83617878,1
431,545,-0.3216984272,-1.572058797,1
431,577,-0.5516659021,-1.854792595,1
431,609,-0.9248002172,-2.016274929,1
431,641,-0.9578406811,-0.833786726,1
431,673,-0.2675738931,-0.6556229591,1
431,705,1.529811025,-0.007059067488,1
431,737,1.285569906,0.05347284675,1
431,769,0.8013284206,-0.8780310154,1
431,801,4.419410706,-2.005465508,1
431,833,8.358257294,-3.660219193,1
431,865,7.224660873,-2.336602926,1
431,897,8.387314796,-3.904860735,1
431,929,11.41602898,-2.946706533,1
431,961,10.16177654,-1.759174824,1
431,993,11.03603363,-2.410712957,1
431,1025,11.43132877,-2.786875248,1
431,1057,12.19874954,-2.725626945,1
431,1089,10.91645145,-2.611960649,1
431,1121,6.39266634,-0.6649451256,1
431,1153,4.504864216,-0.9819974899,1
431,1185,5.889907837,-3.159598351,1
431,1217,5.201724052,-3.730306149,1
431,1249,4.166702271,-3.270477772,1
431,1281,3.069045067,-2.534255981,1
431,1313,2.122475863,-1.877184153,1
431,1345,2.453362703,1.237588644,1
431,1377,-0.3726606369,0.3179267645,1
431,1409,7.41761446,-0.6308474541,1
431,1441,8.296503067,-0.9739178419,1
431,1473,7.462732792,-1.271253109,1
431,1505,6.390622139,-1.930094004,1
431,1537,5.366738319,-1.350403309,1
431,1569,5.157131195,-0.7657260895,1
431,1601,5.130464554,-0.7630419731,1
431,1633,5.21208334,-0.8225073814,1
431,1665,5.132707596,-1.204992294,1
431,1697,4.803377628,-0.5577523708,1
431,1729,6.929105282,-0.1628745794,1
431,1761,3.112863302,0.2691164613,1
431,1793,1.835567713,-0.1188425422,1
431,1825,2.163695812,-0.580484271,1
431,1857,2.129385471,-0.7255833745,1
431,1889,2.433154821,-0.2876060605,1
431,1921,2.556113005,0.1783580482,1
431,1953,3.005087376,0.09019802511,1
431,1985,1.609422207,-0.2265545726,1
431,2017,0.09451593459,-0.6891201735,1
463,33,-0.09601902962,1.001529217,1
463,65,-0.0425221622,-1.217245102,1
463,97,0.3870396614,-2.967442513,1
463,129,-0.3361958265,-2.501015663,1
463,161,-0.6465131044,-3.114594936,1
463,193,-0.6603595018,-1.560307503,1
463,225,-1.902885199,-1.246917725,1
463,257,-3.722393274,-0.4529541731,1
463,289,-2.282233715,-1.572559357,1
463,321,-0.8922300935,-2.515684128,1
463,353,0.4178257585,-1.784205675,1
463,385,-0.09191736579,-1.721227169,1
463,417,-1.518028021,-1.851286888,1
463,449,-0.4355685413,-1.916455865,1
463,481,0.2306512594,-2.678469896,1
463,513,0.1423407793,-2.586520195,1
463,545,0.1941557527,-1.987058282,1
463,577,0.2978284061,-1.46942842,1
463,609,-0.04287666082,-1.319954395,1
463,641,-0.02798888087,-0.9454567432,1
463,673,0.1431343853,-0.2133342028,1
463,705,4.357454777,0.9208250046,1
463,737,3.909164906,1.270383596,1
463,769,1.081869841,-1.151248813,1
463,801,0.6058492661,0.3105755448,1
463,833,10.48497868,4.611033916,1
463,865,9.435556412,-2.338098049,1
463,897,10.28953266,-3.112705946,1
463,929,12.90852547,-2.863808393,1
463,961,16.90943336,-5.069754601,1
463,993,12.43554115,-2.06931901,1
463,1025,12.09145546,-2.789378405,1
463,1057,12.42341995,-2.903963804,1
463,1089,11.10234356,-2.97902441,1
463,1121,7.642409801,-2.47914052,1
463,1153,6.964988708,-3.473301172,1
463,1185,6.812514305,-3.960767269,1
463,1217,5.861454487,-3.907062769,1
463,1249,4.623794079,-3.355529785,1
463,1281,3.826776505,-2.687661409,1
463,1313,-0.107023716,-15.21712112,1
463,1345,6.888467312,0.2637655735,1
463,1377,-0.01512241364,-0.02096223831,1
463,1409,0.6062760353,-1.036462784,1
463,1441,0.66827631,-0.9582196474,1
463,1473,0.238368988,-0.7116110325,1
463,1505,9.224544525,-1.521237612,1
463,1537,6.719721794,-1.637564659,1
463,1569,6.225705624,-1.86706531,1
463,1601,6.095156193,-2.167265892,1
463,1633,5.839789867,-2.05517745,1
463,1665,5.437826633,-1.578230977,1
463,1697,5.063774586,-1.024505496,1
463,1729,4.2710886,-0.8901619911,1
463,1761,3.829838991,-0.3564740419,1
463,1793,3.488412142,-0.9886052608,1
463,1825,2.169787645,-1.031323433,1
463,1857,1.382543802,-0.7868774533,1
463,1889,2.980356216,-0.6705614924,1
463,1921,3.416084051,-0.2110268474,1
463,1953,2.277434349,-0.5979380608,1
463,1985,3.410270929,-2.491539001,1
463,2017,0.8422668576,-0.9387425184,1
495,33,-0.1821889877,1.541867256,1
495,65,0.1055654287,-0.6390982866,1
495,97,0.8799906373,-2.042311668,1
495,129,0.1425563246,-2.255451202,1
495,161,-0.3983088136,-2.068876743,1
495,193,-0.845749259,-2.151056767,1
495,225,-1.141306281,-1.605448604,1
495,257,-1.318665028,2.347952843,1
495,289,-1.051080227,-0.7396397591,1
495,321,-0.8635371923,-0.9651010036,1
495,353,-0.4845280051,-1.257794261,1
495,385,0.1254043281,-3.000656128,1
495,417,-0.4026074111,-1.955640078,1
495,449,-0.3520726562,-1.742818117,1
495,481,-0.06900306046,-1.226027369,1
495,513,0.2313775867,-1.047129273,1
495,545,0.3100331426,-1.845717311,1
495,577,-0.02440233529,-1.374509454,1
495,609,-0.1790070981,-0.950353384,1
495,641,-0.02596327662,-0.8931981325,1
495,673,0.2421118021,-0.6898002625,1
495,705,0.8714263439,-0.1930535138,1
495,737,5.50936079,2.54038763,1
495,769,4.6901474,2.388173819,1
495,801,0.1148247719,0.2263005078,1
495,833,9.150903702,1.648985744,1
495,865,13.19818115,-1.219317913,1
495,897,15.53540993,-2.379606724,1
495,929,21.69908524,-16.51887894,1
495,961,18.33754158,-11.4137249,1
495,993,12.94878387,-1.551641464,1
495,1025,15.83535862,-0.8072566986,1
495,1057,14.82777119,-3.020006418,1
495,1089,13.31676865,-5.232841015,1
495,1121,9.709768295,-3.428207874,1
495,1153,8.637081146,-5.138550758,1
495,1185,7.48276186,-4.342821121,1
495,1217,7.005066395,-4.051604271,1
495,1249,0.7159161568,-0.3142590523,1
495,1281,0.2863078117,-0.5596010685,1
495,1313,-0.286757946,-0.5275604725,1
495,1345,-0.1431913376,-0.07264137268,1
495,1377,12.56165123,-2.415212154,1
495,1409,10.35714912,-3.220797539,1
495,1441,10.29406834,-2.771579981,1
495,1473,-0.04394435883,0.04911613464,1
495,1505,8.262556076,-2.821158409,1
495,1537,7.599459171,-2.561078072,1
495,1569,7.151344299,-2.400040388,1
495,1601,6.764742374,-2.646036148,1
495,1633,6.126888275,-2.94036293,1
495,1665,5.3895998,-2.361485243,1
495,1697,4.878585815,-1.817537546,1
495,1729,4.092437744,-1.72400713,1
495,1761,4.283187389,-1.553252697,1
495,1793,4.009860992,-2.090032816,1
495,1825,3.059661388,-2.185266018,1
495,1857,2.478027344,-1.35761404,1
495,1889,-0.8790848255,17.87258339,1
495,1921,8.743198395,1.592435002,1
495,1953,1.489490747,-0.8643818498,1
495,1985,2.223831415,-3.285193682,1
495,2017,2.495388031,-1.199908018,1
527,33,-0.08845573664,1.785666943,1
527,65,0.5146328211,-0.6406543255,1
527,97,0.6608739495,-1.680342555,1
527,129,0.1812075377,-2.097431183,1
527,161,-0.5649875402,-1.608776927,1
527,193,-1.257670045,-1.913018465,1
527,225,-1.367889524,-1.29133594,1
527,257,-0.9375085235,-0.01145613194,1
527,289,-0.9031797647,-1.034902453,1
527,321,-1.028630733,-0.8653569221,1
527,353,-0.3352180123,-1.67124927,1
527,385,1.4541502,-3.206343174,1
527,417,1.106101155,-2.418728113,1
527,449,0.413757503,-1.392117977,1
527,481,0.01384279132,-0.5851819515,1
527,513,-0.1465070397,-1.107416391,1
527,545,-0.07467421889,-1.637864828,1
527,577,-0.3154162467,-1.174099684,1
527,609,-0.1478984356,-0.9644370079,1
527,641,0.1463422775,-0.9795341492,1
527,673,0.6099743843,-0.9192099571,1
527,705,0.7031004429,-0.1019721031,1
527,737,3.024179697,3.009381533,1
527,769,4.439768791,2.881578922,1
527,801,0.2403488159,0.07289779186,1
527,833,-0.3319301605,-0.4538903832,1
527,865,24.70540237,0.5296707749,1
527,897,15.60372925,-1.73099339,1
527,929,20.36602402,-17.04148674,1
527,961,18.2054615,-11.28240108,1
527,993,12.30459881,-1.454766631,1
527,1025,15.20323563,-2.360162973,1
527,1057,13.82238865,-4.178335667,1
527,1089,13.72683334,-6.637424946,1
527,1121,11.79306984,-5.702430725,1
527,1153,8.809790611,-4.750217438,1
527,1185,7.933959961,-5.032170773,1
527,1217,0.5305213928,-0.5916643143,1
527,1249,0.6894516945,-0.7241621017,1
527,1281,-2.680009842,-0.2821149826,1
527,1313,18.73984146,-4.73241806,1
527,1345,12.67291069,-3.485883474,1
527,1377,14.68285847,-3.251431227,1
527,1409,14.25316429,-3.59429121,1
527,1441,12.47153282,-3.660310268,1
527,1473,9.419568062,-5.053221226,1
527,1505,9.032360077,-3.781450272,1
527,1537,8.650304794,-3.380997658,1
527,1569,8.362620354,-2.857250452,1
527,1601,7.592810154,-2.656746864,1
527,1633,6.418161392,-3.324278593,1
527,1665,5.458191395,-5.057555199,1
527,1697,4.810870171,-4.372124672,1
527,1729,4.728382587,-3.175297737,1
527,1761,4.276468277,-2.930257082,1
527,1793,3.889150381,-2.870795727,1
527,1825,3.735746145,-2.630249023,1
527,1857,22.48364639,-1.608562708,1
527,1889,21.72974396,-0.7285914421,1
527,1921,1.124650359,-0.09403061867,1
527,1953,0.09012508392,-0.04368886352,1
527,1985,-0.09546554089,-0.3305436969,1
527,2017,0.1967759132,-1.248573422,1
559,33,-0.6325076818,1.082598925,1
559,65,0.07875406742,-0.4246844053,1
559,97,-0.01752668619,-1.854770422,1
559,129,-0.532206893,-0.9398852587,1
559,161,-0.5431003571,-0.5847525597,1
559,193,-0.7294921875,-1.099193335,1
559,225,-0.7689327002,-1.04023242,1
559,257,-0.9416080117,-1.281539917,1
559,289,-0.06540055573,-1.529542208,1
559,321,0.9343037605,-2.427029848,1
559,353,1.291304231,-2.930510521,1
559,385,1.720988393,-2.425557375,1
559,417,2.041041851,-3.06731081,1
559,449,0.966219902,-2.059200048,1
559,481,0.3553658724,-1.518534184,1
559,513,-0.06167015433,-1.669041753,1
559,545,0.1781608164,-1.37650454,1
559,577,0.6136979461,-0.9126622677,1
559,609,0.05363562703,-1.082721114,1
559,641,0.2525221109,-1.633144617,1
559,673,1.172700167,-0.9873278141,1
559,705,0.5642375946,0.6113412976,1
559,737,1.563810349,2.590076208,1
559,769,2.633561373,3.176137924,1
559,801,8.946489334,2.208385944,1
559,833,11.61105633,2.139028072,1
559,865,-0.009136199951,0.3624660373,1
559,897,-0.116358757,-0.1207334995,1
559,929,-0.7661561966,-0.4692563117,1
559,961,-0.5640144348,-0.3784854412,1
559,993,11.71836948,-1.368695259,1
559,1025,16.25357246,-3.370563984,1
559,1057,14.44239426,-4.203212738,1
559,1089,13.33106804,-4.765616894,1
559,1121,11.23135567,-4.262598038,1
559,1153,17.4887085,-3.953148365,1
559,1185,16.02347374,-4.797982216,1
559,1217,14.77031898,-4.845534325,1
559,1249,15.42328548,-5.510536671,1
559,1281,18.69840622,-5.788310051,1
559,1313,19.57358932,-5.921022415,1
559,1345,9.212112427,10.99575424,1
559,1377,12.03160858,-4.682098389,1
559,1409,11.91555882,-4.499931335,1
559,1441,10.07251167,-4.498381138,1
559,1473,9.884394646,-4.797101498,1
559,1505,9.500879288,-4.823482037,1
559,1537,9.201853752,-4.033644676,1
559,1569,9.046281815,-3.186699629,1
559,1601,8.785708427,-2.55955267,1
559,1633,7.417784691,-3.191294909,1
559,1665,5.615914345,-4.305188656,1
559,1697,4.544640541,-3.478965044,1
559,1729,3.765930176,-3.226563692,1
559,1761,4.448542595,-2.942720413,1
559,1793,5.581213951,-2.974932432,1
559,1825,5.384768486,-2.602378368,1
559,1857,2.878345013,-2.66165781,1
559,1889,0.8107097149,-3.420903444,1
559,1921,-0.06884467602,-0.6795172691,1
559,1953,-0.1208592951,-0.8525713682,1
559,1985,0.06853505969,-0.9333167672,1
559,2017,0.2327628136,-0.6444888115,1
591,33,-1.25626874,0.8096536398,1
591,65,-1.44525075,-0.5386894345,1
591,97,-0.7829645872,-0.8130983114,1
591,129,-0.3671693504,-0.3171177506,1
591,161,-0.6572916508,-0.3807358742,1
591,193,-0.4123567343,-1.046293736,1
591,225,-0.5842744112,-0.9832285643,1
591,257,-0.2576944828,-1.333596587,1
591,289,0.4976186156,-2.222261906,1
591,321,1.492822766,-2.67760849,1
591,353,1.645072222,-3.102011681,1
591,385,1.687287331,-2.261525154,1
591,417,1.58347559,-2.236711502,1
591,449,0.6205370426,-4.001009464,1
591,481,1.063020825,-2.453641176,1
591,513,0.5995574594,-1.574038982,1
591,545,0.116458416,-0.7504081726,1
591,577,0.7506733537,-0.7337582111,1
591,609,0.6630481482,-1.013748884,1
591,641,1.107361674,-0.8601765633,1
591,673,1.311901808,-0.6374676228,1
591,705,1.402798653,0.3368395567,1
591,737,4.56983614,2.873520613,1
591,769,5.320088387,0.08812999725,1
591,801,9.468129158,2.775673866,1
591,833,11.36822414,2.463802099,1
591,865,-0.07989168167,0.3353339434,1
591,897,0.4041910172,-0.4397333264,1
591,929,20.32187271,16.98614693,1
591,961,21.23075104,16.44545174,1
591,993,25.96207428,-1.081923485,1
591,1025,23.13069916,-4.612902641,1
591,1057,19.560606,-3.108255386,1
591,1089,13.42231655,-3.392468214,1
591,1121,-6.656918526,-3.669503927,1
591,1153,5.176628113,-4.072758675,1
591,1185,18.91964722,-4.282740593,1
591,1217,10.18782806,-5.395738125,1
591,1249,-0.8913269043,-1.05644083,1
591,1281,13.66040993,15.35024929,1
591,1313,3.941264153,3.555271149,1
591,1345,14.42836761,-7.303241253,1
591,1377,14.31897545,-7.623345852,1
591,1409,12.25715828,-5.2153759,1
591,1441,11.59233189,-4.547074795,1
591,1473,10.60525894,-4.756779671,1
591,1505,9.720633507,-5.182811737,1
591,1537,9.250101089,-5.065038204,1
591,1569,8.727276802,-4.166046619,1
591,1601,7.553033352,-4.317176819,1
591,1633,6.911877155,-4.543744087,1
591,1665,6.417197704,-4.427204609,1
591,1697,5.773714542,-3.354865074,1
591,1729,5.331460953,-3.634915352,1
591,1761,4.523698807,-4.393575668,1
591,1793,4.332155228,-3.830389738,1
591,1825,3.782675982,-3.017350197,1
591,1857,2.90274477,-3.324179411,1
591,1889,1.870491743,-2.912704945,1
591,1921,1.35343194,-1.431231022,1
591,1953,0.5791450143,-1.690607786,1
591,1985,-0.3443797231,-1.09493947,1
591,2017,-0.1164668798,0.1131649017,1
623,33,-2.345658302,0.7675228119,1
623,65,-2.271835804,-1.315730691,1
623,97,-1.037613153,-0.7472727299,1
623,129,-0.8097320795,-0.4598066807,1
623,161,-0.5512385368,-0.6498146057,1
623,193,-0.5020436645,-0.8916547894,1
623,225,-0.3614344597,-0.8503178954,1
623,257,0.2601679564,-2.118357182,1
623,289,-0.8159999847,-2.759133577,1
623,321,0.4076599479,-2.545847893,1
623,353,1.183717251,-2.730909348,1
623,385,1.845107794,-2.390209675,1
623,417,1.716645598,-2.228068829,1
623,449,1.707142115,-2.395533085,1
623,481,1.730140924,-2.675671816,1
623,513,1.296207666,-1.622699499,1
623,545,1.041908145,-1.21955204,1
623,577,0.913384974,-0.7658750415,1
623,609,1.656133294,-0.3536372781,1
623,641,1.978939056,0.1396669149,1
623,673,1.16120708,0.5171797276,1
623,705,0.7772474289,1.259247541,1
623,737,2.104762793,2.356909037,1
623,769,3.622029066,2.22009778,1
623,801,7.615135193,2.674750805,1
623,833,10.07680225,1.854757071,1
623,865,8.040450096,-13.83799171,1
623,897,-0.1840963364,0.03674197197,1
623,929,20.54591751,5.016609192,1
623,961,11.10751438,1.417681932,1
623,993,13.06199169,-0.5897983313,1
623,1025,16.96370697,-4.358263493,1
623,1057,16.88581657,-2.440110445,1
623,1089,13.54394341,1.072304487,1
623,1121,12.81201077,-4.060174942,1
623,1153,12.09638691,-5.635077477,1
623,1185,11.70663357,-5.255293369,1
623,1217,17.19696236,-9.402591705,1
623,1249,11.17107677,-1.707122803,1
623,1281,7.428835869,-4.616680622,1
623,1313,6.842598915,8.533730507,1
623,1345,15.1521616,-7.26904583,1
623,1377,16.34000778,-8.641937256,1
623,1409,1.045649529,0.1060795784,1
623,1441,13.37524891,-4.708496571,1
623,1473,11.42149639,-4.490437031,1
623,1505,10.10988522,-5.448417664,1
623,1537,9.318201065,-6.20964098,1
623,1569,7.877267838,-6.218450546,1
623,1601,6.32110548,-6.804813862,1
623,1633,6.002076626,-6.972883701,1
623,1665,6.650871754,-7.698586941,1
623,1697,6.866000652,-2.898231506,1
623,1729,4.387704849,-4.56590414,1
623,1761,3.509991884,-5.715542793,1
623,1793,3.385755301,-5.575242519,1
623,1825,1.674308062,-4.300650597,1
623,1857,2.808988333,-4.877267361,1
623,1889,2.23997879,-4.019255638,1
623,1921,2.225319386,-2.563393116,1
623,1953,1.062932491,-1.719272494,1
623,1985,0.27301085,-1.935129404,1
623,2017,0.09776341915,-0.1419653296,1
655,33,-0.7290148735,1.014021039,1
655,65,-0.8366056681,-1.572444797,1
655,97,-0.3484801054,-0.562132895,1
655,129,-0.2991951406,-0.6776000261,1
655,161,-0.01933586597,-1.17056632,1
655,193,-0.04070901871,-1.283923149,1
655,225,-0.3307014108,-0.4975899458,1
655,257,0.04326398671,-1.495730996,1
655,289,-0.3071365356,-2.176731586,1
655,321,0.531917572,-4.330079556,1
655,353,1.085088015,-3.939049721,1
655,385,1.596674919,-2.141307354,1
655,417,1.872920513,-2.128996372,1
655,449,2.467927933,-2.194966555,1
655,481,2.350975513,-2.163039207,1
655,513,0.9606028795,-2.00942564,1
655,545,0.8409841061,-1.184897184,1
655,577,0.9961563349,-0.4607881606,1
655,609,1.195154667,0.5683925152,1
655,641,1.420241475,0.5352908373,1
655,673,1.399738431,1.31927979,1
655,705,1.424493313,3.170602798,1
655,737,1.426470518,2.76918149,1
655,769,3.775388718,3.096968651,1
655,801,6.291967392,2.883555174,1
655,833,8.185936928,1.931130409,1
655,865,8.927676201,-16.04312325,1
655,897,9.483197212,3.666708469,1
655,929,10.31809139,1.977737427,1
655,961,12.94740486,1.413896799,1
655,993,18.36553383,-0.3877061009,1
655,1025,22.92934036,-4.126338482,1
655,1057,13.46030807,-1.419197321,1
655,1089,9.676505089,-1.190865278,1
655,1121,13.32872295,-2.217192173,1
655,1153,11.44245052,-8.075497627,1
655,1185,12.49256516,-7.163558483,1
655,1217,20.59310913,-7.892941952,1
655,1249,11.87174988,-2.672666073,1
655,1281,7.756345749,-4.745172501,1
655,1313,8.659404755,-4.859158993,1
655,1345,15.67419434,-8.448718071,1
655,1377,15.24811268,-9.917619705,1
655,1409,14.30817127,-5.263003349,1
655,1441,13.08016872,-4.572705269,1
655,1473,12.28307343,-5.306107044,1
655,1505,9.332350731,-7.27593565,1
655,1537,7.823019028,-7.141088009,1
655,1569,9.240711212,-7.381320477,1
655,1601,6.218876839,-7.904667854,1
655,1633,6.184797287,-8.676632881,1
655,1665,6.262123585,-9.605472565,1
655,1697,5.284310818,-7.745252609,1
655,1729,4.083342552,-7.171867371,1
655,1761,3.278886318,-7.087192059,1
655,1793,3.033458233,-6.639100075,1
655,1825,3.329444647,-5.934960842,1
655,1857,3.104962587,-5.591058731,1
655,1889,2.23912406,-5.121715069,1
655,1921,-0.6660112143,-7.093686581,1
655,1953,0.3104698062,-6.353075027,1
655,1985,0.648117125,-5.571478844,1
655,2017,0.9139708281,-1.45759511,1
687,33,0.1603139043,1.245738506,1
687,65,-0.07298153639,-1.069725394,1
687,97,-0.07107247412,-0.5496095419,1
687,129,0.7850434184,-0.0788435936,1
687,161,0.5704345703,-0.6615396738,1
687,193,0.354767859,-0.9734218717,1
687,225,-0.1569547951,-1.461483717,1
687,257,-0.2880658209,-2.010790586,1
687,289,0.103400223,-3.934198856,1
687,321,0.569378674,-5.552989483,1
687,353,2.686252117,-2.814919949,1
687,385,0.1694657803,-0.6883833408,1
687,417,1.741503835,-1.99185431,1
687,449,3.025872946,-1.953599215,1
687,481,2.908546448,-1.503643751,1
687,513,1.343679309,-1.218393564,1
687,545,0.9675652981,-0.3941655755,1
687,577,-3.03834939,12.87433624,1
687,609,-0.6793422699,4.546665192,1
687,641,-1.056226373,4.563309193,1
687,673,5.824685574,3.399341106,1
687,705,2.342089176,2.235637903,1
687,737,2.716604233,2.780424595,1
687,769,3.783440113,2.731003046,1
687,801,6.982711792,2.765371084,1
687,833,9.457030296,2.928351879,1
687,865,10.40275288,3.522394896,1
687,897,10.00884342,4.596942902,1
687,929,11.72622681,2.674769878,1
687,961,14.81770706,1.839563131,1
687,993,16.93431091,-1.366486549,1
687,1025,15.80925369,-3.820623398,1
687,1057,12.01237202,1.174176693,1
687,1089,10.4250288,0.5407862663,1
687,1121,16.8486557,-3.596195221,1
687,1153,20.09731483,-5.424873829,1
687,1185,18.03004837,-5.414463043,1
687,1217,16.78355026,-4.969538212,1
687,1249,17.24821663,-4.575675488,1
687,1281,18.20174599,8.333059311,1
687,1313,19.50904846,-3.506325722,1
687,1345,16.09180832,-9.650880814,1
687,1377,15.49297333,-9.662612915,1
687,1409,13.87016106,-6.194367886,1
687,1441,13.68848419,-6.206560612,1
687,1473,12.02902603,-8.021321297,1
687,1505,9.102766037,-9.250030518,1
687,1537,6.614323616,-8.606006622,1
687,1569,23.22188759,1.66895771,1
687,1601,6.269070148,-8.694897652,1
687,1633,5.852956295,-9.570542336,1
687,1665,5.849395752,-9.66318512,1
687,1697,5.134106159,-9.178255081,1
687,1729,4.067208767,-9.18812561,1
687,1761,3.655751467,-8.207645416,1
687,1793,3.685777187,-7.923505306,1
687,1825,3.821457863,-7.931926727,1
687,1857,3.540843248,-7.794586182,1
687,1889,2.121656895,-8.535538673,1
687,1921,0.01659333706,-8.273765564,1
687,1953,0.03053247929,-7.535254478,1
687,1985,0.633084476,-6.096888542,1
687,2017,1.015295148,-2.653940678,1
719,33,-0.8748948574,0.8605371714,1
719,65,-0.2001433372,-1.076475978,1
719,97,-0.04930447042,-0.4009832144,1
719,129,0.4124957323,0.002344191074,1
719,161,0.2166605145,-0.1483280659,1
719,193,-0.4195548892,-0.5607377291,1
719,225,-0.5531258583,-1.840232491,1
719,257,-0.3840206861,-1.59572351,1
719,289,-0.229019627,-1.540337324,1
719,321,-0.2344148755,-1.063451529,1
719,353,1.000653386,0.3906701803,1
719,385,1.889492989,-0.7043119669,1
719,417,3.354765177,-3.430994034,1
719,449,4.126225471,-1.902493119,1
719,481,2.937842369,-1.983176708,1
719,513,2.839116096,-1.022061825,1
719,545,0.8762785196,5.947319984,1
719,577,-2.472412586,19.99402809,1
719,609,0.4760068655,0.4023400545,1
719,641,1.789621353,1.57152164,1
719,673,5.032488346,3.402865171,1
719,705,5.914870739,2.620336056,1
719,737,8.857881546,6.239133358,1
719,769,3.976422787,2.56720829,1
719,801,5.725741863,3.076150417,1
719,833,7.51285696,4.298008442,1
719,865,9.535064697,6.754337311,1
719,897,11.38210773,4.288362503,1
719,929,9.175013542,3.688744545,1
719,961,10.13174343,20.75320435,1
719,993,15.7594223,3.336631536,1
719,1025,26.10184097,0.7452193499,1
719,1057,24.84466171,-3.415306807,1
719,1089,17.47103119,-8.723683357,1
719,1121,16.29512978,-5.310019016,1
719,1153,19.34024239,-4.327189445,1
719,1185,17.67074394,-4.552267075,1
719,1217,16.65498352,-4.561362743,1
719,1249,13.43411064,-5.276346207,1
719,1281,13.48646736,-1.425253391,1
719,1313,13.14157772,-4.509076595,1
719,1345,12.37719917,-5.952362537,1
719,1377,11.68038273,-8.604574203,1
719,1409,11.79276752,-8.56435585,1
719,1441,12.41303062,-7.727313042,1
719,1473,11.14894199,-11.64038467,1
719,1505,8.717478752,-11.12643242,1
719,1537,6.660329819,-10.86779404,1
719,1569,7.219296455,-9.322956085,1
719,1601,6.52572298,-10.0960207,1
719,1633,5.809164047,-9.978235245,1
719,1665,5.174084187,-9.832835197,1
719,1697,4.032344341,-9.426437378,1
719,1729,3.068954945,-9.576026917,1
719,1761,3.240913868,-9.028627396,1
719,1793,3.732784271,-8.60001564,1
719,1825,3.758787632,-8.645807266,1
719,1857,3.327707052,-8.584791183,1
719,1889,2.025318384,-9.148186684,1
719,1921,0.2507299185,-7.800236225,1
719,1953,-0.388694495,-8.092727661,1
719,1985,0.1526684165,-7.641758919,1
719,2017,0.7096532583,-2.8255198,1
751,33,-0.9969539642,0.7664209604,1
751,65,-0.3357475996,-1.483130932,1
751,97,-0.5664920807,-0.3712016344,1
751,129,-0.5440312624,-0.4090911746,1
751,161,-0.4531575739,-0.472784698,1
751,193,-0.8556928635,-0.5034812093,1
751,225,-0.5481112003,-1.064033747,1
751,257,-0.4260332286,-0.8061246872,1
751,289,-0.4650455117,-0.6501497626,1
751,321,-0.2160158008,-0.5461001992,1
751,353,0.6536694169,0.0496776104,1
751,385,1.437542319,-0.2735379934,1
751,417,2.246969223,-1.702716351,1
751,449,2.744262695,-2.152090788,1
751,481,2.259441853,-2.786089182,1
751,513,1.429758191,-1.190160751,1
751,545,1.832006097,4.823638439,1
751,577,3.692891598,2.452059984,1
751,609,5.135177612,3.001087666,1
751,641,8.126620293,18.02401924,1
751,673,5.72058773,6.763597488,1
751,705,4.273459911,9.18120575,1
751,737,4.948777199,8.370559692,1
751,769,0.3708570004,0.2921481133,1
751,801,4.364486694,4.335997581,1
751,833,5.803527355,6.485249996,1
751,865,6.964631081,8.14496994,1
751,897,7.742750168,5.864541054,1
751,929,8.118618011,5.06951952,1
751,961,20.17045975,5.650379181,1
751,993,17.94240189,-1.687587023,1
751,1025,17.38737488,1.559789896,1
751,1057,19.85867691,-4.968073368,1
751,1089,16.51405716,-8.687581062,1
751,1121,11.58468533,-1.803095102,1
751,1153,11.92430782,-5.080613136,1
751,1185,13.00357151,-3.938859701,1
751,1217,13.85166454,-4.459307194,1
751,1249,13.82574177,-4.748968124,1
751,1281,13.53903866,-3.826966286,1
751,1313,13.49862576,-4.731391907,1
751,1345,13.42781639,-6.177612782,1
751,1377,12.65228271,-7.0627985,1
751,1409,11.93550014,-10.39727116,1
751,1441,12.56479454,-10.39283943,1
751,1473,13.2613945,-12.7567091,1
751,1505,10.14314842,-12.79188633,1
751,1537,11.09236622,-10.34069252,1
751,1569,9.341152191,-11.5951395,1
751,1601,8.275213242,-13.93423462,1
751,1633,6.563680172,-10.38965225,1
751,1665,4.655919552,-9.804346085,1
751,1697,3.639041662,-10.16133308,1
751,1729,2.725669861,-10.28001976,1
751,1761,2.720718861,-9.509476662,1
751,1793,2.912323952,-8.375123978,1
751,1825,2.770728588,-7.864858627,1
751,1857,2.843313694,-7.290791035,1
751,1889,2.10375309,-5.147090435,1
751,1921,0.0910141468,-1.945771456,1
751,1953,-0.6311627626,-7.429929256,1
751,1985,-0.08728286624,-6.566133499,1
751,2017,0.8582746983,-1.607738972,1
783,33,-0.9085668325,0.9267631769,1
783,65,-0.5604969859,-1.820411086,1
783,97,-0.4575193524,-0.5579096079,1
783,129,-0.7249497175,-0.3764097691,1
783,161,-0.2272049189,-0.05515298247,1
783,193,-0.5983592272,-0.2097684145,1
783,225,-0.8086491227,-0.5204000473,1
783,257,-0.1201046109,0.002502381802,1
783,289,-0.4386463761,-0.2580096722,1
783,321,-0.5007903576,-1.079952955,1
783,353,-0.2808386385,-0.5077749491,1
783,385,-0.1297148466,-0.2451460361,1
783,417,0.3287811279,-0.5671725273,1
783,449,2.167900085,-2.089119196,1
783,481,2.350268841,-2.240447521,1
783,513,1.855069876,-1.486019373,1
783,545,0.4864797592,1.161547661,1
783,577,0.9671722651,3.192922592,1
783,609,6.407323837,4.287203312,1
783,641,7.434845924,5.485069752,1
783,673,7.43338728,6.747185707,1
783,705,4.354660988,7.661897659,1
783,737,5.914878368,5.01748848,1
783,769,0.5483455658,0.5488901138,1
783,801,-0.6049199104,6.187027454,1
783,833,4.857058525,9.088155746,1
783,865,6.363202095,8.746526718,1
783,897,7.105417252,7.540514946,1
783,929,10.9337244,6.677287579,1
783,961,15.2881937,5.05943203,1
783,993,16.29701042,-0.9854640961,1
783,1025,18.05138206,-2.182656527,1
783,1057,7.805770874,2.666765928,1
783,1089,8.534525871,-0.3318325877,1
783,1121,12.18965149,-1.452970743,1
783,1153,14.33670044,-5.47087574,1
783,1185,12.03451347,-3.910183191,1
783,1217,12.65608883,-4.591326237,1
783,1249,13.06615543,-4.187650204,1
783,1281,13.08907127,-3.701274395,1
783,1313,13.07488632,-4.915212154,1
783,1345,13.77321911,-6.430042267,1
783,1377,14.07950783,-6.949434757,1
783,1409,12.47382927,-7.063394547,1
783,1441,12.19506168,-11.55766487,1
783,1473,11.74627113,-12.9237833,1
783,1505,10.61192799,-13.95270061,1
783,1537,8.975357056,-12.52088451,1
783,1569,8.157721519,-12.87652493,1
783,1601,7.0297966,-13.84631538,1
783,1633,5.646782398,-11.59893322,1
783,1665,4.631087303,-11.01760483,1
783,1697,3.144746542,-10.54126263,1
783,1729,2.081324577,-9.91253376,1
783,1761,1.96809864,-9.067802429,1
783,1793,1.68606925,-8.220834732,1
783,1825,1.086517096,-7.147063732,1
783,1857,0.697355032,-5.452840805,1
783,1889,0.549063921,-3.588220835,1
783,1921,-0.08942556381,-1.022929907,1
783,1953,-0.07255575061,-1.601976633,1
783,1985,-0.1564452201,-2.695856094,1
783,2017,-0.8634212017,-0.614626646,1
815,33,-0.2705568075,0.9246706963,1
815,65,-0.9743053317,-0.9914201498,1
815,97,-0.09673631191,-0.827368021,1
815,129,-0.4030730724,-0.2790264487,1
815,161,-0.3328247368,0.1985728145,1
815,193,-0.6703167558,-0.229347378,1
815,225,-0.4114512503,-0.7980080247,1
815,257,0.6212188005,-0.558067739,1
815,289,0.5787034631,-0.8822827339,1
815,321,0.5055980682,-3.013315678,1
815,353,-0.1119674444,-0.4905541539,1
815,385,-0.0751953125,-0.8302888274,1
815,417,0.4966822863,-1.536705494,1
815,449,2.052953959,-1.976099968,1
815,481,2.417830944,-2.656231642,1
815,513,1.767066717,-2.593909264,1
815,545,0.7147195339,-0.5413579941,1
815,577,2.946954727,6.47995472,1
815,609,5.148298264,6.250594139,1
815,641,4.510694981,4.962571144,1
815,673,-0.08412456512,0.4211435318,1
815,705,20.82099342,3.850286484,1
815,737,20.03899956,3.146062374,1
815,769,20.14720917,5.606609344,1
815,801,3.58633709,7.328596592,1
815,833,4.495501995,9.035158157,1
815,865,5.876516342,9.597013474,1
815,897,6.299743652,8.340467453,1
815,929,6.065065384,7.461824417,1
815,961,5.965232372,6.46479702,1
815,993,6.357223511,5.556586266,1
815,1025,6.882545471,5.545698643,1
815,1057,6.837924957,4.480360985,1
815,1089,7.621722221,2.840522766,1
815,1121,8.876930237,-8.535604477,1
815,1153,11.08088493,-9.168901443,1
815,1185,15.27783298,-3.512102604,1
815,1217,11.42813301,-4.167926311,1
815,1249,11.48233509,-4.171791077,1
815,1281,11.67904663,-4.408979893,1
815,1313,11.8278923,-5.334615707,1
815,1345,11.99488068,-6.795659065,1
815,1377,12.42010021,-7.322735786,1
815,1409,12.35240269,-7.428837299,1
815,1441,11.37055302,-8.394429207,1
815,1473,10.89068031,-11.31786251,1
815,1505,8.762501717,-10.48487759,1
815,1537,7.578494072,-12.47800159,1
815,1569,7.504514217,-12.49384594,1
815,1601,6.412427902,-12.88077927,1
815,1633,5.520164013,-12.13325405,1
815,1665,3.915597677,-11.19337845,1
815,1697,2.670118809,-9.135472298,1
815,1729,1.498186827,-8.143497467,1
815,1761,2.263727665,-7.234186172,1
815,1793,1.978309393,-6.570020199,1
815,1825,-0.9385374784,-4.952456474,1
815,1857,-1.017549157,-2.922117233,1
815,1889,-0.5120440722,-2.360143661,1
815,1921,0.04411461949,-1.544891119,1
815,1953,0.4274668694,-2.007562637,1
815,1985,-0.3502938747,-0.9975045919,1
815,2017,-0.6299522519,-0.2597277164,1
847,33,0.003568470478,0.5631076694,1
847,65,0.3366748691,-0.1066476107,1
847,97,0.3596200943,-0.7048978209,1
847,129,0.05236700177,-0.6046082973,1
847,161,-0.04806506634,-0.1874687672,1
847,193,0.1198751628,-0.4356708527,1
847,225,0.4215515256,-0.6400252581,1
847,257,1.299501419,-0.7947083712,1
847,289,1.014005303,-1.003702879,1
847,321,0.7251200676,-0.8996937275,1
847,353,0.645409584,-0.06576901674,1
847,385,0.664901495,-0.9576057196,1
847,417,1.672413111,-2.053943634,1
847,449,0.8529219627,-1.466463923,1
847,481,2.091676712,-2.676727533,1
847,513,2.011390209,-2.71949029,1
847,545,1.481261253,-0.3342502117,1
847,577,2.973558426,5.889033794,1
847,609,1.982403398,6.077179909,1
847,641,1.974783659,5.741899967,1
847,673,0.1601498127,0.7625558376,1
847,705,1.731779099,8.980794907,1
847,737,20.30287552,4.267048836,1
847,769,3.787055254,6.396307468,1
847,801,3.929050684,7.624934673,1
847,833,4.236675739,8.560308456,1
847,865,4.91447258,8.677556038,1
847,897,5.355666637,8.006397247,1
847,929,5.377442837,7.29529953,1
847,961,5.510892391,6.747280121,1
847,993,5.637503147,6.625689507,1
847,1025,5.823470116,5.677647591,1
847,1057,6.275942802,4.561727047,1
847,1089,10.65436172,-6.829878807,1
847,1121,10.00589752,-7.111460209,1
847,1153,9.892106056,-6.525444984,1
847,1185,10.78108883,-3.149728298,1
847,1217,10.28471565,-3.904417992,1
847,1249,10.26318455,-4.42244339,1
847,1281,10.24110794,-4.825345993,1
847,1313,10.25624084,-5.906647682,1
847,1345,10.46729183,-6.99871397,1
847,1377,10.59596062,-8.254392624,1
847,1409,13.19138145,-11.20597458,1
847,1441,12.00354195,-7.791429996,1
847,1473,10.50525093,-8.923181534,1
847,1505,7.630564213,-8.469305038,1
847,1537,6.668716908,-10.26701546,1
847,1569,6.288466454,-9.87321949,1
847,1601,5.861006737,-9.452880859,1
847,1633,6.592177868,6.408429146,1
847,1665,1.445551157,7.490354061,1
847,1697,1.026329756,-7.08942318,1
847,1729,1.657631636,-6.68595314,1
847,1761,2.079695463,-5.60113287,1
847,1793,1.640648603,-4.600460052,1
847,1825,0.198349297,-2.056454659,1
847,1857,-0.9382549524,-1.139054894,1
847,1889,0.100420624,-3.587684155,1
847,1921,0.4724932313,-3.445860624,1
847,1953,0.248549819,-1.928996086,1
847,1985,-0.02789485455,-0.990188241,1
847,2017,0.05137771368,0.3024921417,1
879,33,0.197378993,0.2979978323,1
879,65,0.6812870502,-0.1281521022,1
879,97,0.7940602303,-0.5178729892,1
879,129,0.6885025501,-0.6645898819,1
879,161,0.6458132267,-0.2244825959,1
879,193,0.9199239016,-0.3226068616,1
879,225,0.9355567694,-0.7710629106,1
879,257,1.633531451,-0.5859364867,1
879,289,2.054501534,-0.4976890683,1
879,321,2.771856785,-0.7973358631,1
879,353,3.495230675,-0.4389680028,1
879,385,3.854123354,-1.008385301,1
879,417,3.781195402,-2.287398815,1
879,449,3.147444963,-1.368201256,1
879,481,1.892257929,-2.312653065,1
879,513,1.740568399,-1.984240174,1
879,545,2.258109331,-0.3534744382,1
879,577,0.7278563976,1.066919327,1
879,609,1.531425238,6.068332672,1
879,641,1.576577187,6.450405121,1
879,673,0.7363418341,5.329202652,1
879,705,0.2634983063,9.316476822,1
879,737,0.8614633083,7.64531517,1
879,769,2.278205395,7.63761425,1
879,801,2.733321428,8.565925598,1
879,833,3.312787533,8.244714737,1
879,865,3.994441509,8.238992691,1
879,897,4.375922203,7.684086323,1
879,929,4.80958271,7.060568333,1
879,961,5.123232841,6.812883854,1
879,993,5.215240002,6.931845665,1
879,1025,5.418243885,5.943976402,1
879,1057,6.194975376,4.220602989,1
879,1089,7.542205811,-6.122757435,1
879,1121,8.158530235,-5.889093399,1
879,1153,8.697475433,-5.737009525,1
879,1185,9.472868919,-3.103304148,1
879,1217,9.57899189,-3.782004118,1
879,1249,9.245238304,-4.491597176,1
879,1281,8.926861763,-4.991076469,1
879,1313,9.419025421,-5.829948902,1
879,1345,8.922924042,-6.784605026,1
879,1377,8.911560059,-9.410470963,1
879,1409,8.856590271,-8.973798752,1
879,1441,8.017702103,-6.518348217,1
879,1473,7.01039362,-7.108499527,1
879,1505,6.543899536,-14.26884079,1
879,1537,4.888216972,-17.03270721,1
879,1569,5.147011757,-7.263986588,1
879,1601,5.825116158,-9.720348358,1
879,1633,4.795506477,-9.266340256,1
879,1665,4.032011986,-7.467782974,1
879,1697,3.443546057,-6.726109982,1
879,1729,2.42705369,-5.088545799,1
879,1761,1.669270873,-4.227250099,1
879,1793,1.334690571,-3.610947609,1
879,1825,1.459137797,-2.421792984,1
879,1857,0.3991724253,-2.703023672,1
879,1889,0.522341609,-4.388776302,1
879,1921,0.2336200178,-4.487580299,1
879,1953,11.7282362,-1.951560616,1
879,1985,2.387278318,-6.60334301,1
879,2017,0.7866244316,-0.4644596577,1
911,33,0.1336603165,0.5016102791,1
911,65,0.9344933033,-0.12773633,1
911,97,1.083107591,-0.3129256368,1
911,129,0.7188957334,-0.5702190995,1
911,161,0.6780737042,-0.8727188706,1
911,193,0.9679236412,-0.7923351526,1
911,225,1.469052315,-0.5207957625,1
911,257,1.830830336,-0.1681159139,1
911,289,2.132184267,0.4766506553,1
911,321,2.952842712,-0.2436637282,1
911,353,3.729460001,-0.1567110717,1
911,385,3.968369484,-0.611107707,1
911,417,4.431330681,-1.243733048,1
911,449,3.832409859,-0.9450120926,1
911,481,2.408869028,-1.731387973,1
911,513,2.056534767,-1.464518189,1
911,545,2.805537701,-0.2725664377,1
911,577,3.003925323,0.4389668703,1
911,609,2.745754719,0.4158072472,1
911,641,2.265403748,0.2853770256,1
911,673,1.683628201,6.373214722,1
911,705,6.028897285,9.588672638,1
911,737,-0.1538999081,7.835564137,1
911,769,-0.08015465736,9.148273468,1
911,801,0.8464539051,9.912084579,1
911,833,2.198815823,8.016620636,1
911,865,3.196060658,7.330247879,1
911,897,3.707931757,6.88989687,1
911,929,4.128277779,6.965551376,1
911,961,4.510134697,6.571354866,1
911,993,4.761522293,6.375922203,1
911,1025,4.123123646,5.616702557,1
911,1057,4.374743938,2.641956091,1
911,1089,6.486261368,-3.610661507,1
911,1121,7.540765285,-0.9097166061,1
911,1153,7.525372505,-3.41216588,1
911,1185,8.598863602,-2.895620346,1
911,1217,9.000617027,-3.668855667,1
911,1249,8.498876572,-4.199207306,1
911,1281,7.880600452,-4.665665627,1
911,1313,7.844203472,-4.956339359,1
911,1345,7.377238274,-5.679812908,1
911,1377,7.208877087,-8.011568069,1
911,1409,7.010427475,-6.519869328,1
911,1441,10.08832359,-4.176417351,1
911,1473,0.155134201,-0.3825147152,1
911,1505,0.1469259262,-0.1767830849,1
911,1537,0.7059493065,-0.2866630554,1
911,1569,4.500682831,-7.461302757,1
911,1601,4.604624271,-8.617117882,1
911,1633,3.867312431,-9.109855652,1
911,1665,3.446423054,-7.052128792,1
911,1697,3.216650724,-5.418076992,1
911,1729,2.926244497,-3.325389147,1
911,1761,1.345782638,-2.952213764,1
911,1793,0.7802084684,-2.880785942,1
911,1825,0.7574347854,-2.746326447,1
911,1857,0.710881412,-1.895884514,1
911,1889,0.3215537071,-2.044175148,1
911,1921,-0.3692205846,-2.452197075,1
911,1953,0.06865721941,-1.07711482,1
911,1985,1.598762989,-6.782289028,1
911,2017,5.957965374,-0.5424199104,1
943,33,0.3404495716,0.3962007761,1
943,65,1.201883316,-0.2665282488,1
943,97,0.714233458,-0.322416842,1
943,129,0.5788125992,-0.4488656521,1
943,161,0.7853205204,-0.5705250502,1
943,193,1.049687743,-0.5048522949,1
943,225,1.532791615,-0.1223241687,1
943,257,1.848911762,0.01660308242,1
943,289,1.80848825,0.2865384817,1
943,321,2.177658319,-0.02627685666,1
943,353,2.699645281,-0.3566927016,1
943,385,2.948028803,-0.4535477459,1
943,417,3.196737766,0.6169795394,1
943,449,3.401775837,0.2767503858,1
943,481,2.970108986,-0.5366504192,1
943,513,2.50436306,-0.8486968279,1
943,545,2.606851578,-0.1949524581,1
943,577,2.899548531,0.3333175182,1
943,609,3.146155596,1.073559403,1
943,641,2.734113693,1.636195898,1
943,673,1.008391142,3.710165739,1
943,705,-1.583922625,5.834488869,1
943,737,-3.289888859,7.874787807,1
943,769,-3.037451506,9.255667686,1
943,801,-1.337651253,10.20844173,1
943,833,0.7903766632,7.487814426,1
943,865,2.069698095,6.618564606,1
943,897,2.742637873,6.278051376,1
943,929,3.337212563,6.561017513,1
943,961,3.808205605,6.011889935,1
943,993,2.798631191,4.972579956,1
943,1025,3.171401501,3.529085875,1
943,1057,3.143776894,2.427764893,1
943,1089,-0.0927233696,0.7584626675,1
943,1121,0.4235963821,-0.1545387357,1
943,1153,9.392161369,-1.530678868,1
943,1185,9.695761681,-2.49326992,1
943,1217,8.937128067,-3.404204845,1
943,1249,7.952918053,-3.70245862,1
943,1281,6.764130592,-3.873556614,1
943,1313,6.497117043,-3.981348991,1
943,1345,5.81746769,-4.2692523,1
943,1377,5.381913185,-6.380856514,1
943,1409,4.643742561,-4.325890541,1
943,1441,1.285094738,-0.9395270348,1
943,1473,4.232037544,-8.192182541,1
943,1505,-0.2642147541,-1.070272207,1
943,1537,2.791431904,-7.453138828,1
943,1569,3.430107355,-20.87655067,1
943,1601,3.247458935,-8.885971069,1
943,1633,2.982822895,-9.047058105,1
943,1665,2.791201591,-5.692149162,1
943,1697,2.66967988,-3.714642048,1
943,1729,1.101759434,-1.914984226,1
943,1761,0.8254954815,-1.757698059,1
943,1793,0.2970736027,-2.855932713,1
943,1825,0.4883129597,-3.092136145,1
943,1857,1.11034894,-2.275787354,1
943,1889,0.7028439045,-1.802071333,1
943,1921,0.2607731819,-1.171650648,1
943,1953,0.1602357626,-0.415841192,1
943,1985,0.598692596,-0.3183627129,1
943,2017,0.9063521028,-1.168454647,1
975,33,-0.3489795625,0.255771935,1
975,65,-0.2379199266,-0.08324199915,1
975,97,-0.03073340654,-0.2814925611,1
975,129,0.4015578032,-0.3050834239,1
975,161,1.105095625,-0.03262066841,1
975,193,1.554382086,0.006658703089,1
975,225,2.000392437,1.623003483,1
975,257,2.80565834,0.02676811814,1
975,289,1.587662816,-0.2777353823,1
975,321,0.2428449392,1.063805342,1
975,353,0.07357144356,0.01674610376,1
975,385,0.6946223974,-0.8336404562,1
975,417,0.3256587982,-0.7519612908,1
975,449,-4.061049461,7.228292465,1
975,481,1.963062048,-0.314871192,1
975,513,1.212579012,-0.4023213983,1
975,545,1.705406427,-0.8564958572,1
975,577,4.454877853,1.153728485,1
975,609,3.833598375,1.477059484,1
975,641,2.983589649,2.214593887,1
975,673,0.3799135685,3.930557251,1
975,705,-2.660284996,6.016506672,1
975,737,-3.962314606,7.127658367,1
975,769,-1.225599647,7.622508526,1
975,801,-0.4436049461,8.048094749,1
975,833,-0.0980989933,6.85849762,1
975,865,0.8650588989,5.863867283,1
975,897,1.540158987,5.73939085,1
975,929,2.219256163,5.3172822,1
975,961,2.680666685,4.952824593,1
975,993,2.27026701,3.535765171,1
975,1025,1.151035786,2.107824326,1
975,1057,0.1992537975,0.5463198423,1
975,1089,0.6793689728,0.09343379736,1
975,1121,4.694521904,-0.2416666746,1
975,1153,7.068240166,-1.485407114,1
975,1185,8.283626556,-2.070838213,1
975,1217,8.016040802,-2.658954382,1
975,1249,7.164103031,-2.655023575,1
975,1281,6.266695499,-2.978268385,1
975,1313,5.39939642,-3.018064022,1
975,1345,4.484107971,-3.290601254,1
975,1377,3.017211914,-3.396248579,1
975,1409,1.188912153,-3.219283104,1
975,1441,-0.4266428947,-10.87957191,1
975,1473,2.113741398,-11.2990036,1
975,1505,-15.59763145,-9.466568947,1
975,1537,-2.008926868,8.862681389,1
975,1569,2.896431684,-20.15737915,1
975,1601,1.890585661,-5.496574402,1
975,1633,2.561286688,-4.074808598,1
975,1665,2.95170331,-2.026211739,1
975,1697,2.291312695,-1.423548222,1
975,1729,1.441392899,-0.6872750521,1
975,1761,1.407258272,-1.26755631,1
975,1793,1.003989697,-2.376953363,1
975,1825,0.9432240725,-2.63908267,1
975,1857,1.202697754,-2.29024148,1
975,1889,1.233831167,-1.793855906,1
975,1921,0.7461941242,-1.20058465,1
975,1953,0.7799789906,0.02747657895,1
975,1985,0.451924324,0.253117919,1
975,2017,0.2573924065,-0.7755209208,1
1007,33,-0.6023099422,0.1644246578,1
1007,65,-1.568719745,0.08564171195,1
1007,97,-1.255800605,-0.2154510766,1
1007,129,0.1082671285,-0.02971608192,1
1007,161,0.5162501335,0.3624747396,1
1007,193,1.522362232,3.130223751,1
1007,225,2.931914568,4.147106647,1
1007,257,-0.09767091274,0.4554422796,1
1007,289,0.2350732088,-0.2358674705,1
1007,321,-0.1228706837,0.283634305,1
1007,353,0.1365320683,-0.4972523451,1
1007,385,0.8457254171,-0.5043129921,1
1007,417,1.5107131,0.6059783101,1
1007,449,5.34860611,0.5846915841,1
1007,481,1.735987544,-0.2646110058,1
1007,513,0.4554382563,-0.07268369198,1
1007,545,1.752117515,-10.45532608,1
1007,577,5.22100687,1.677845836,1
1007,609,3.306243896,2.313941956,1
1007,641,2.305210352,3.020625353,1
1007,673,0.2102617025,13.35480785,1
1007,705,-2.044172525,-1.299676418,1
1007,737,-9.871707916,5.705200195,1
1007,769,-0.1857565939,5.941942215,1
1007,801,-0.1298467517,6.044446945,1
1007,833,-0.7277335525,6.187729836,1
1007,865,-0.8067473173,5.442588329,1
1007,897,-0.3511663079,5.078094959,1
1007,929,0.6326853037,4.58768034,1
1007,961,1.263121367,3.951742649,1
1007,993,1.233412981,2.705830097,1
1007,1025,0.40787673,1.554246187,1
1007,1057,-0.2152440548,0.2491533756,1
1007,1089,0.07097244263,0.106444478,1
1007,1121,2.361745596,0.09212590754,1
1007,1153,5.212493896,-1.007772446,1
1007,1185,6.897070408,-0.9000009894,1
1007,1217,8.261899948,-1.01680398,1
1007,1249,6.685317516,-1.171632051,1
1007,1281,5.65182209,-1.724977493,1
1007,1313,4.474521637,-2.090585232,1
1007,1345,3.446912289,-2.127110958,1
1007,1377,2.296334743,-2.53141737,1
1007,1409,0.9819839001,-2.68324852,1
1007,1441,2.206620216,-3.61461401,1
1007,1473,2.650866985,-3.014259338,1
1007,1505,2.402771235,-2.402830124,1
1007,1537,2.239579439,-2.050565004,1
1007,1569,2.27340436,-1.957770586,1
1007,1601,2.488402605,-1.665786982,1
1007,1633,2.633110523,-1.60706985,1
1007,1665,3.201997519,-1.349004745,1
1007,1697,4.677858353,-0.6634862423,1
1007,1729,4.964953423,-1.138579369,1
1007,1761,4.000197411,-1.139892697,1
1007,1793,3.036202669,-0.9510627985,1
1007,1825,2.436494112,-1.088539481,1
1007,1857,2.044542074,-1.869854331,1
1007,1889,1.801975846,-1.704450846,1
1007,1921,1.666212559,-0.9580641389,1
1007,1953,1.789808869,-0.1578090191,1
1007,1985,1.557086349,0.09950888157,1
1007,2017,0.45018363,-0.1426917613,1
1039,33,-0.2126463652,0.05771526694,1
1039,65,-0.4814990163,-0.1296527386,1
1039,97,-0.4056006968,-0.1851314157,1
1039,129,0.01634120941,-0.1280651093,1
1039,161,0.1027542055,0.1628498882,1
1039,193,-0.02634817362,3.586669207,1
1039,225,-0.1799640656,0.07172584534,1
1039,257,-0.2008872628,-0.002072632313,1
1039,289,-0.5548370481,-1.185884953,1
1039,321,0.3183862865,-0.5882460475,1
1039,353,0.4444565773,-0.6960502267,1
1039,385,0.4627988935,0.07413962483,1
1039,417,1.373659611,0.7073444128,1
1039,449,1.787749529,0.4266271889,1
1039,481,0.5075936317,-0.102148056,1
1039,513,0.4602652788,-0.2361345887,1
1039,545,0.999271512,-0.1589616537,1
1039,577,3.094157696,2.326030493,1
1039,609,3.069413662,3.653198242,1
1039,641,3.120793581,3.986868143,1
1039,673,0.2939170599,14.52181435,1
1039,705,-1.02018404,0.0718870163,1
1039,737,-0.9093042612,-9.838878632,1
1039,769,-0.2950168252,-10.91645813,1
1039,801,-0.2580632567,5.241203785,1
1039,833,-0.6900476217,5.573357105,1
1039,865,-1.197181344,5.13523674,1
1039,897,-1.497099876,4.278409958,1
1039,929,0.04037475586,4.023327827,1
1039,961,0.7877585888,3.306304932,1
1039,993,0.5186151266,2.232769728,1
1039,1025,0.03379225731,0.1339671612,1
1039,1057,0.1320667267,0.373067379,1
1039,1089,0.7159416676,0.6532336473,1
1039,1121,1.758782148,0.4535375834,1
1039,1153,3.156854391,-0.03021806479,1
1039,1185,5.2582798,0.5086109638,1
1039,1217,10.2424984,1.134834409,1
1039,1249,6.777911186,0.3824113607,1
1039,1281,4.683316708,-0.6076211929,1
1039,1313,3.668882132,-0.1337049007,1
1039,1345,3.008082628,-1.615999222,1
1039,1377,2.165910244,-2.58846736,1
1039,1409,1.413254023,-2.710454702,1
1039,1441,2.021330595,-3.479629755,1
1039,1473,2.53468132,-2.762263298,1
1039,1505,2.142782211,-2.250852823,1
1039,1537,1.780499697,-1.845612288,1
1039,1569,1.977895737,-2.477421284,1
1039,1601,2.372768402,-1.606193066,1
1039,1633,2.316458702,-1.556736708,1
1039,1665,2.846071482,-1.555214882,1
1039,1697,4.480003834,-1.41509223,1
1039,1729,4.667557716,-0.8487267494,1
1039,1761,4.114954472,-0.721228838,1
1039,1793,3.588650703,-0.4696879387,1
1039,1825,3.175573587,-0.5483387113,1
1039,1857,2.613622189,-0.4884748459,1
1039,1889,2.0206182,-0.4309002161,1
1039,1921,3.169136286,-1.034294605,1
1039,1953,2.552508354,-0.6905378699,1
1039,1985,1.831034303,-0.1857931912,1
1039,2017,1.020338774,-0.009661495686,1
1071,33,0.6066614389,0.1594532132,1
1071,65,0.5075162053,0.260756135,1
1071,97,0.2341845036,0.9801666141,1
1071,129,0.07974938303,0.666259408,1
1071,161,-0.02360315621,0.4015226364,1
1071,193,-0.2187260389,0.493275404,1
1071,225,-0.3968059123,1.11880815,1
1071,257,0.1514010131,1.246577024,1
1071,289,-0.2594141364,-1.170858026,1
1071,321,0.03105610609,0.006711095572,1
1071,353,-0.03314092755,-0.2648880482,1
1071,385,0.5347654223,-0.4830951095,1
1071,417,1.2735672,-0.2091110647,1
1071,449,1.722631931,0.3676739037,1
1071,481,-0.5429891348,0.4232126474,1
1071,513,3.266825199,2.57727313,1
1071,545,5.052261353,3.661730051,1
1071,577,4.547105789,3.568754911,1
1071,609,3.557937622,4.376078606,1
1071,641,3.181508064,4.814912319,1
1071,673,-0.04516613483,17.93182373,1
1071,705,-0.2522523403,12.52143478,1
1071,737,0.06593567878,-0.1094398499,1
1071,769,-0.3408190608,-12.31897163,1
1071,801,-11.22841454,4.341619968,1
1071,833,-0.8450282812,4.926263809,1
1071,865,-1.184341073,4.436731815,1
1071,897,-1.265645266,3.741375685,1
1071,929,-0.8703950644,3.01684618,1
1071,961,-0.1809906662,1.989156723,1
1071,993,-0.2476646304,2.074111938,1
1071,1025,0.1003417671,0.06343209743,1
1071,1057,0.07600754499,0.315217495,1
1071,1089,0.3845055699,1.195148945,1
1071,1121,0.7952151299,1.048614383,1
1071,1153,1.181519032,1.460136771,1
1071,1185,2.811529398,1.180667162,1
1071,1217,9.259898186,2.389520884,1
1071,1249,4.28874588,6.976645947,1
1071,1281,3.490002394,0.2978123426,1
1071,1313,0.6324951649,4.735056877,1
1071,1345,3.734846115,-1.804695845,1
1071,1377,2.119808674,-3.184004307,1
1071,1409,1.566865802,-4.622198105,1
1071,1441,2.130407333,-6.723018646,1
1071,1473,2.421589375,-4.824445724,1
1071,1505,2.059964418,-3.656980515,1
1071,1537,2.1562953,-3.770594835,1
1071,1569,2.119873762,-3.237122059,1
1071,1601,2.116548538,-1.695881605,1
1071,1633,2.206440449,-1.322437406,1
1071,1665,2.198424101,-1.309336782,1
1071,1697,2.289895058,-0.8013967276,1
1071,1729,3.108805895,-0.3811554313,1
1071,1761,3.219120264,0.314776361,1
1071,1793,2.914363384,0.2790088058,1
1071,1825,2.627438784,-0.1877702922,1
1071,1857,2.286697149,0.20787929,1
1071,1889,1.978539467,0.3113594055,1
1071,1921,2.125946522,-0.9697656631,1
1071,1953,1.702091217,-0.839324832,1
1071,1985,1.448572159,-0.2264814973,1
1071,2017,1.72385025,-0.2741133571,1
1103,33,1.221144676,0.1401203871,1
1103,65,0.605211854,0.9368875027,1
1103,97,0.4203770161,1.516050577,1
1103,129,0.3880963326,1.227851033,1
1103,161,0.1760540903,0.9593157768,1
1103,193,-0.3315203488,0.5722717047,1
1103,225,-0.4498376846,1.577174425,1
1103,257,-0.1301673502,3.610816479,1
1103,289,0.05442331731,0.6515215635,1
1103,321,-0.2293762863,0.793238163,1
1103,353,-0.1466453671,0.1618424058,1
1103,385,0.2942557037,-0.9145069122,1
1103,417,1.014175415,-0.247818768,1
1103,449,2.315510988,1.064473152,1
1103,481,0.7764999866,1.315387607,1
1103,513,3.312532902,2.262488365,1
1103,545,5.160673141,4.00177002,1
1103,577,3.811034203,5.292756081,1
1103,609,2.459769011,6.31191206,1
1103,641,1.123725653,18.43294334,1
1103,673,2.095672131,19.40191841,1
1103,705,-0.5061830878,13.40222931,1
1103,737,-0.1943126917,0.4161577225,1
1103,769,-0.02678853273,-0.2946248055,1
1103,801,0.1603075266,-0.377263546,1
1103,833,-1.102207184,4.252387524,1
1103,865,-1.404770613,3.755517244,1
1103,897,-1.153427124,3.134934902,1
1103,929,-0.8267977238,1.874005318,1
1103,961,-0.9056606293,1.801497459,1
1103,993,-2.179857969,1.942966461,1
1103,1025,-0.3060194254,0.2550514936,1
1103,1057,-1.32657218,1.266239524,1
1103,1089,-0.6259307861,0.9640966058,1
1103,1121,-0.3473238945,0.8065433502,1
1103,1153,-0.1035962105,1.393527031,1
1103,1185,0.9917299747,1.011111379,1
1103,1217,2.301508665,0.4534025192,1
1103,1249,2.699343681,0.2367588282,1
1103,1281,1.544574022,-0.4469645023,1
1103,1313,0.6044831276,0.6205375195,1
1103,1345,4.187269211,-3.125658512,1
1103,1377,4.914742947,-5.104203701,1
1103,1409,4.803641319,-5.358533382,1
1103,1441,1.053386569,-2.576171875,1
1103,1473,3.886558294,-3.334480286,1
1103,1505,6.309634209,-2.89743495,1
1103,1537,5.068320751,-4.252995968,1
1103,1569,3.062140942,-2.834331989,1
1103,1601,2.716286182,-1.325660706,1
1103,1633,3.900124073,-0.1176204681,1
1103,1665,3.099745274,0.2024062872,1
1103,1697,0.5325565338,-0.479588449,1
1103,1729,0.3381493092,-1.041386366,1
1103,1761,2.493143082,0.9606878757,1
1103,1793,1.529521465,1.524609566,1
1103,1825,1.286196232,1.285321951,1
1103,1857,1.627341986,0.6351950169,1
1103,1889,1.450443983,0.5061466694,1
1103,1921,0.8001334667,-0.2126793563,1
1103,1953,0.371204257,0.066679582,1
1103,1985,0.8967268467,-0.007736630738,1
1103,2017,2.142024994,-0.6850323677,1
1135,33,2.56418252,0.2416900396,1
1135,65,0.9075793028,1.392983913,1
1135,97,0.7072248459,2.095291138,1
1135,129,0.4606859088,1.543855906,1
1135,161,0.2010859549,0.4873201847,1
1135,193,0.06906580925,0.5027372837,1
1135,225,-0.3658484519,1.16136241,1
1135,257,-0.4367159307,1.69391048,1
1135,289,0.1141889393,1.242229223,1
1135,321,0.1355600655,0.742280066,1
1135,353,-0.1222887784,0.3725985885,1
1135,385,-0.4019055068,0.223577261,1
1135,417,-0.1569636762,1.094347954,1
1135,449,0.8760896921,2.276232719,1
1135,481,0.2083460987,2.658715725,1
1135,513,1.715101957,4.047097206,1
1135,545,2.660261631,4.943430901,1
1135,577,2.296751261,6.378252983,1
1135,609,2.299022198,7.07277441,1
1135,641,19.48316002,-0.632338047,1
1135,673,18.00389481,-2.376904011,1
1135,705,0.1392650008,15.49537468,1
1135,737,-0.4159612656,15.2007494,1
1135,769,0.8819770217,0.4828662872,1
1135,801,-0.6240900755,4.545862675,1
1135,833,-0.9871081114,3.763064146,1
1135,865,-1.348420143,3.185411453,1
1135,897,-1.339597583,2.684248924,1
1135,929,-1.237995505,1.91075778,1
1135,961,-1.808762789,2.008089304,1
1135,993,-2.324114561,1.736609578,1
1135,1025,-1.414185524,1.258544803,1
1135,1057,-2.792706013,1.190006733,1
1135,1089,-2.255971909,0.8350955248,1
1135,1121,-1.576657653,0.631382525,1
1135,1153,-0.8413910866,0.7752659321,1
1135,1185,0.2526134253,0.03123216331,1
1135,1217,1.922374964,-0.4853611588,1
1135,1249,8.567507744,-0.7804397345,1
1135,1281,-0.2829284668,-0.310665071,1
1135,1313,1.208538055,-1.357007146,1
1135,1345,3.374008894,-4.491377831,1
1135,1377,4.114944935,-4.708594799,1
1135,1409,3.28620553,-5.294378281,1
1135,1441,1.546854019,-3.722296715,1
1135,1473,1.190637112,-0.8224074841,1
1135,1505,1.513002038,-2.136412144,1
1135,1537,0.7067172527,-2.234446764,1
1135,1569,1.238430023,-2.404202223,1
1135,1601,1.431798458,-1.294341922,1
1135,1633,1.596274853,-0.1826093197,1
1135,1665,2.038328648,0.004882693291,1
1135,1697,0.8180953264,-0.3426410556,1
1135,1729,0.5149188042,-0.9014068842,1
1135,1761,2.448431253,0.1473830044,1
1135,1793,2.320855379,1.179145336,1
1135,1825,1.113993645,1.676753283,1
1135,1857,0.8354667425,0.7700253725,1
1135,1889,1.210537076,0.3822944164,1
1135,1921,0.3955076933,0.4814296961,1
1135,1953,0.6256819963,1.066185474,1
1135,1985,0.9098392725,0.6446921229,1
1135,2017,1.09376061,-0.7585049868,1
1167,33,-0.3120785952,0.3729102015,1
1167,65,0.8608793616,1.82073307,1
1167,97,1.143184066,2.486842155,1
1167,129,0.3932561278,3.165719509,1
1167,161,-1.004757643,1.559222937,1
1167,193,-1.344509363,1.184109092,1
1167,225,-1.345020771,1.414848566,1
1167,257,-1.883620977,1.953779221,1
1167,289,1.333709359,2.62635994,1
1167,321,0.4744390249,0.8852828741,1
1167,353,-0.3016342223,0.4031631947,1
1167,385,19.00310707,5.020339012,1
1167,417,-0.8117313385,6.264625072,1
1167,449,-0.4523128867,2.644117832,1
1167,481,-1.205598712,4.868328094,1
1167,513,0.2607703805,5.663939953,1
1167,545,1.168828011,6.506364346,1
1167,577,2.64861083,6.467148781,1
1167,609,2.523306608,7.144192696,1
1167,641,0.3150887489,7.045965672,1
1167,673,2.26066041,12.00165558,1
1167,705,1.084334135,18.40054703,1
1167,737,0.3780620098,7.632003784,1
1167,769,0.2818812132,7.582098961,1
1167,801,-0.3827730417,5.9057827,1
1167,833,-1.185495377,4.054694176,1
1167,865,-1.80612874,3.264846563,1
1167,897,-1.983338118,3.05074501,1
1167,929,-1.842124701,2.362331152,1
1167,961,-1.960758209,2.109213829,1
1167,993,-2.739129305,1.431557775,1
1167,1025,-3.662163496,1.220992327,1
1167,1057,-3.776449442,0.902720809,1
1167,1089,-3.319522858,0.7204293609,1
1167,1121,-2.584886551,0.2194972038,1
1167,1153,-1.459849477,-0.1061859131,1
1167,1185,-0.04086011648,-0.6726936102,1
1167,1217,1.657816529,-1.555083513,1
1167,1249,1.211853623,-1.30335784,1
1167,1281,0.6734260321,-2.915438652,1
1167,1313,0.7362109423,-3.557599068,1
1167,1345,1.485058069,-4.771487236,1
1167,1377,1.152478695,-4.202887535,1
1167,1409,1.552095652,-5.972631931,1
1167,1441,1.825591326,-5.4139328,1
1167,1473,1.548830271,-8.349169731,1
1167,1505,1.600103974,-3.863411427,1
1167,1537,0.7196958065,-2.597883701,1
1167,1569,-0.2495853901,-1.374945402,1
1167,1601,-0.2031763792,-0.6843043566,1
1167,1633,0.8151103258,-0.5218651295,1
1167,1665,1.554443359,-0.2624231875,1
1167,1697,1.958817959,-0.1588908434,1
1167,1729,2.358797789,-0.1845489889,1
1167,1761,4.488435268,0.5737213492,1
1167,1793,4.192000389,1.546006441,1
1167,1825,2.900979996,0.697232604,1
1167,1857,1.982721567,0.4075494707,1
1167,1889,1.21050036,-0.7974035144,1
1167,1921,0.5351053476,-0.03960555792,1
1167,1953,0.9641758204,0.5468142629,1
1167,1985,1.43786943,0.3775161207,1
1167,2017,0.5383079052,-0.4322282374,1
1199,33,-1.139667153,1.091743827,1
1199,65,0.6431873441,2.642578125,1
1199,97,1.426253796,2.375347137,1
1199,129,0.9354037642,1.891560555,1
1199,161,-0.8013898134,1.893150449,1
1199,193,-2.638623238,1.455301285,1
1199,225,-1.797261,0.9806022644,1
1199,257,-1.235392094,1.269248962,1
1199,289,8.47214222,5.942159653,1
1199,321,-0.04186666012,1.469251871,1
1199,353,-0.5482946634,0.8012607098,1
1199,385,-0.3895397186,-0.4515287876,1
1199,417,-1.831465244,1.655010223,1
1199,449,-0.1737653017,2.043369293,1
1199,481,-1.330107331,3.809137821,1
1199,513,-1.954364657,4.278188705,1
1199,545,-0.1748659909,5.189115524,1
1199,577,1.787784696,6.57987833,1
1199,609,0.3845711648,7.618507862,1
1199,641,-0.5371415615,7.980676651,1
1199,673,-0.8177322149,7.852920055,1
1199,705,-0.2563093901,8.002019882,1
1199,737,0.7375703454,9.284294128,1
1199,769,0.9425836802,8.163312912,1
1199,801,-0.6502367854,6.398655891,1
1199,833,-1.866336823,4.369967461,1
1199,865,-2.604750395,3.843722343,1
1199,897,-2.859531164,3.580500603,1
1199,929,-2.789371967,2.920339584,1
1199,961,-3.352489948,2.264420033,1
1199,993,-3.923090935,1.822905421,1
1199,1025,-4.52579689,1.217177749,1
1199,1057,-5.115156174,0.694455266,1
1199,1089,-5.365652561,0.4592248797,1
1199,1121,-4.185605049,-0.08352689445,1
1199,1153,-3.084060669,-0.6719331145,1
1199,1185,-1.122275591,-0.741892457,1
1199,1217,1.327667117,-1.66643846,1
1199,1249,1.711915016,-1.108993411,1
1199,1281,0.2455319166,-3.777543068,1
1199,1313,0.1737563312,-1.59201622,1
1199,1345,0.5932290554,-2.977602005,1
1199,1377,0.4241058826,-3.658290386,1
1199,1409,-19.00459671,1.738827705,1
1199,1441,1.124356508,-0.7373440266,1
1199,1473,1.063956499,-2.077347994,1
1199,1505,1.251198649,-2.488831997,1
1199,1537,0.8709554672,-2.60553503,1
1199,1569,-1.60857296,-1.330671787,1
1199,1601,-0.6086844802,-1.029603124,1
1199,1633,1.024413347,-1.163315773,1
1199,1665,1.81080997,-1.068234921,1
1199,1697,2.302112341,-0.2174772173,1
1199,1729,2.544044018,-0.1161600277,1
1199,1761,3.811319351,0.5629792213,1
1199,1793,4.631064415,1.61747849,1
1199,1825,4.31111908,0.5651930571,1
1199,1857,4.488421917,0.4386165738,1
1199,1889,1.997863293,-0.00356477499,1
1199,1921,0.9007632732,-0.5698138475,1
1199,1953,1.380608082,0.2094811797,1
1199,1985,1.330249071,0.117782481,1
1199,2017,0.3520757556,-0.3811041415,1
1231,33,-0.6302492023,1.460788846,1
1231,65,0.4390366077,3.26405859,1
1231,97,0.8835798502,2.486854553,1
1231,129,0.8623914719,2.096177578,1
1231,161,0.2006084621,2.384273529,1
1231,193,-1.725644588,1.581188917,1
1231,225,-0.7906264067,0.9029316902,1
1231,257,-0.6642092466,0.3868820667,1
1231,289,-0.7902113199,0.4521296024,1
1231,321,-1.58337307,3.457118273,1
1231,353,-3.014831066,4.203145981,1
1231,385,-3.027046442,4.822916985,1
1231,417,-2.266012192,4.148550034,1
1231,449,-1.831853151,4.082384586,1
1231,481,-1.93490684,5.130535603,1
1231,513,-1.722730041,5.942141533,1
1231,545,-1.170203567,6.606758595,1
1231,577,-0.3488218188,7.430874825,1
1231,609,-0.09492269158,7.647969246,1
1231,641,-0.1752216816,8.207216263,1
1231,673,-0.1903539896,7.691181183,1
1231,705,-0.6017622948,9.309894562,1
1231,737,-1.178156495,13.2993784,1
1231,769,-1.441492558,7.667052746,1
1231,801,-2.016421795,4.382569313,1
1231,833,-2.769771576,4.842370033,1
1231,865,-3.356844902,4.293355942,1
1231,897,-3.696356297,4.122151852,1
1231,929,-4.40813446,3.607825279,1
1231,961,-5.267818451,2.9925704,1
1231,993,-5.782237053,2.253094435,1
1231,1025,-5.82133913,1.577723622,1
1231,1057,-5.909766197,0.9142034054,1
1231,1089,-6.239348888,0.03642743826,1
1231,1121,-6.342785835,-0.3912560046,1
1231,1153,-5.599971771,-0.8172468543,1
1231,1185,-2.608743191,-1.46111095,1
1231,1217,-0.816798687,-0.9791972637,1
1231,1249,0.1372559071,-0.7926883698,1
1231,1281,-0.4162402153,-3.079960823,1
1231,1313,-0.4408621788,-1.379973769,1
1231,1345,-0.1811922193,-1.573009968,1
1231,1377,0.5157646537,-1.84252584,1
1231,1409,-0.1484230161,-1.434910774,1
1231,1441,0.1399096251,-0.5133140087,1
1231,1473,0.4664111733,-0.9738824368,1
1231,1505,0.2742204666,-1.145353794,1
1231,1537,-0.1909726262,-1.186723709,1
1231,1569,0.1456472278,-0.7937586308,1
1231,1601,0.5794272423,-0.6123064756,1
1231,1633,0.9756429195,-1.028275847,1
1231,1665,2.070767641,-0.9557685852,1
1231,1697,2.264194965,-0.01990699768,1
1231,1729,1.870666027,0.09830150008,1
1231,1761,1.474369287,0.2151563764,1
1231,1793,2.335404396,-1.477777481,1
1231,1825,3.522550821,-0.3160800934,1
1231,1857,4.143461227,0.5970920324,1
1231,1889,2.666326046,0.4946967959,1
1231,1921,1.996348381,0.7313573956,1
1231,1953,1.323294401,0.3581925035,1
1231,1985,1.270940185,0.1321312934,1
1231,2017,-0.1340191364,-0.8514493704,1
1263,33,-0.5785897374,1.399080276,1
1263,65,0.1653675884,2.732405424,1
1263,97,0.4895755053,2.355078936,1
1263,129,1.114462852,2.062978506,1
1263,161,0.7247412205,2.395224333,1
1263,193,-0.07562699169,3.331321478,1
1263,225,-0.6122962832,3.695244074,1
1263,257,-0.6647310257,2.250452518,1
1263,289,-1.393981695,2.222388744,1
1263,321,-3.011428356,5.080474377,1
1263,353,-3.404293537,5.737784863,1
1263,385,-2.045885086,5.633728504,1
1263,417,-1.993832707,6.237466812,1
1263,449,-2.188347578,6.495612621,1
1263,481,-2.261601925,6.550799847,1
1263,513,-2.132300377,7.307480335,1
1263,545,-1.806280732,8.149747849,1
1263,577,-1.257594347,9.142758369,1
1263,609,-0.6487005949,8.007953644,1
1263,641,-0.4632456303,9.395298958,1
1263,673,-0.6899399757,7.468724728,1
1263,705,-1.095086455,9.229877472,1
1263,737,1.378480673,14.35811615,1
1263,769,-2.549901724,7.405713558,1
1263,801,-2.428437948,4.802451611,1
1263,833,-3.220160246,5.528404236,1
1263,865,-3.697286129,4.894814491,1
1263,897,-4.497616291,4.593742847,1
1263,929,-5.897499561,4.129637241,1
1263,961,-6.608005524,3.492241621,1
1263,993,-7.232813835,2.533853054,1
1263,1025,-7.251614571,1.970457554,1
1263,1057,-7.129127026,0.793171525,1
1263,1089,-6.34587574,-0.09644788504,1
1263,1121,-5.854105949,-0.916610539,1
1263,1153,-5.838121891,-1.265739441,1
1263,1185,-4.673489094,-1.286789894,1
1263,1217,-1.982836008,-0.9280217886,1
1263,1249,-0.4579365253,-0.5653421283,1
1263,1281,-1.522227764,-3.229930401,1
1263,1313,-0.8385474682,-1.463821769,1
1263,1345,-0.6873551011,-1.979949117,1
1263,1377,-0.2890732884,-2.007551908,1
1263,1409,-0.2717405558,-1.473503947,1
1263,1441,-0.6182581782,-0.3128449917,1
1263,1473,-0.5024936199,-0.776107192,1
1263,1505,-0.4393607378,-1.117554665,1
1263,1537,-0.7609468102,-0.4563355446,1
1263,1569,-0.2186609209,-0.3041567802,1
1263,1601,0.5815595388,-0.1586943567,1
1263,1633,1.03606987,-0.2923358679,1
1263,1665,1.406083226,-0.3677814603,1
1263,1697,1.406305313,-0.1641505063,1
1263,1729,0.1745933294,-0.07265937328,1
1263,1761,-0.7638813257,0.009391576052,1
1263,1793,0.9020203352,-0.8073898554,1
1263,1825,1.455878019,-0.2012093663,1
1263,1857,2.618858337,0.5690466762,1
1263,1889,3.204105139,1.611716032,1
1263,1921,2.040035725,1.117218494,1
1263,1953,0.5528371334,0.4542584419,1
1263,1985,0.2430490255,0.1383946091,1
1263,2017,-0.4069963992,-1.386240482,1
1295,33,0.2286943793,1.521010637,1
1295,65,1.573256731,2.550577402,1
1295,97,0.5807011127,2.313200712,1
1295,129,0.763312459,2.102478981,1
1295,161,0.6113154292,2.693259954,1
1295,193,-0.2096159756,3.541895866,1
1295,225,-0.7689246535,4.240581989,1
1295,257,-1.116844654,5.21241951,1
1295,289,-1.448052168,6.41195631,1
1295,321,-2.010098219,6.40917635,1
1295,353,-2.841853619,6.326751709,1
1295,385,-2.223296404,5.936573029,1
1295,417,-2.272913218,6.591878414,1
1295,449,-2.618113041,7.203170776,1
1295,481,-2.641896486,7.213297367,1
1295,513,-2.369390488,7.66087389,1
1295,545,-2.154884338,9.312225342,1
1295,577,-1.656268835,8.53020668,1
1295,609,-1.495793581,11.42840767,1
1295,641,0.1699069738,14.4980011,1
1295,673,1.566932917,8.032193184,1
1295,705,0.5050463676,8.672959328,1
1295,737,-0.5232844353,10.40607834,1
1295,769,-2.894049168,8.011219978,1
1295,801,-3.846523523,6.876408577,1
1295,833,-3.682695389,5.968209743,1
1295,865,-4.109138012,5.420463085,1
1295,897,-4.977477074,5.17913723,1
1295,929,-6.585840225,4.642834187,1
1295,961,-7.071141243,3.959357262,1
1295,993,-7.537757874,3.178317547,1
1295,1025,-7.30916214,2.432830811,1
1295,1057,-6.700156212,1.515285492,1
1295,1089,-6.049282074,-0.8337278366,1
1295,1121,-6.560925961,-1.675730586,1
1295,1153,-6.29756546,-1.844821453,1
1295,1185,-5.208560467,-3.594958544,1
1295,1217,-3.681733608,-4.053074837,1
1295,1249,-3.071794033,-0.6910665035,1
1295,1281,-3.854041338,-5.355097771,1
1295,1313,-1.798588514,-1.602524996,1
1295,1345,-1.559808969,-1.717845201,1
1295,1377,-1.531998158,-1.870968938,1
1295,1409,-1.188045979,-1.090774775,1
1295,1441,-0.9906504154,-0.9029028416,1
1295,1473,-0.1850761771,-1.050402164,1
1295,1505,0.4204253554,-0.908634305,1
1295,1537,-0.09464747459,-0.4414082766,1
1295,1569,-0.2959217429,-0.1446209252,1
1295,1601,0.5322666168,-0.05283793807,1
1295,1633,0.9227113724,0.4058473408,1
1295,1665,0.6053962708,0.2749232054,1
1295,1697,0.3194633722,-0.6487226486,1
1295,1729,0.05477786064,-0.1270054281,1
1295,1761,-0.03323590755,0.5440137386,1
1295,1793,0.2504993677,0.1826398671,1
1295,1825,0.7590465546,0.2085454166,1
1295,1857,2.181576967,1.423954844,1
1295,1889,2.500645399,1.571545959,1
1295,1921,2.11128521,0.9099801183,1
1295,1953,1.0146029,0.3440920711,1
1295,1985,1.473297834,-0.0421221815,1
1295,2017,2.042794228,-1.586103201,1
1327,33,0.1307399273,1.392273664,1
1327,65,1.7303828,4.113648891,1
1327,97,0.4632121325,2.720879793,1
1327,129,0.06011396646,0.8533246517,1
1327,161,-0.02958461642,3.31976819,1
1327,193,-0.3016820252,4.015634537,1
1327,225,-0.7703840733,4.76428318,1
1327,257,-1.47635293,5.673707008,1
1327,289,-1.664427161,6.578240871,1
1327,321,-1.98539412,6.97734642,1
1327,353,-2.480754137,6.638433456,1
1327,385,-2.302636623,5.50434494,1
1327,417,-2.491036415,6.377915859,1
1327,449,-3.002449512,7.786400318,1
1327,481,-3.118873596,7.535713673,1
1327,513,-2.568364859,6.228579521,1
1327,545,-2.354343414,9.722298622,1
1327,577,-1.20303297,10.1813879,1
1327,609,-1.849766731,11.44262695,1
1327,641,-1.431342125,14.33773232,1
1327,673,-2.59136343,8.850640297,1
1327,705,-2.958020687,8.337368965,1
1327,737,-3.477993488,9.626015663,1
1327,769,-4.321961403,8.918506622,1
1327,801,-3.14598608,7.422585011,1
1327,833,-3.478259563,6.411792278,1
1327,865,-4.549220085,6.145636082,1
1327,897,-5.480084419,5.89995718,1
1327,929,-6.810596466,5.032577991,1
1327,961,-7.304867744,4.862804413,1
1327,993,-7.693254471,4.121652603,1
1327,1025,-7.286177635,3.427255154,1
1327,1057,-6.6294837,1.718429923,1
1327,1089,-5.925887585,0.1569168568,1
1327,1121,-5.351604462,-1.964686394,1
1327,1153,-4.883915424,-2.668834686,1
1327,1185,-5.139740467,-4.83891964,1
1327,1217,-4.350455761,-4.330187321,1
1327,1249,-3.845364809,-1.075087547,1
1327,1281,-3.384427547,-5.436178207,1
1327,1313,-2.793460369,-1.913308024,1
1327,1345,-1.510891438,-1.516214132,1
1327,1377,-2.961788416,-1.572277546,1
1327,1409,-3.461997986,-0.9032626152,1
1327,1441,-1.685831428,-0.4807157516,1
1327,1473,-0.2875575423,-0.8556858301,1
1327,1505,0.5565536022,-0.6734426022,1
1327,1537,0.613787353,-0.5058318973,1
1327,1569,0.1611220986,-0.04719829559,1
1327,1601,0.4725284874,0.2977284193,1
1327,1633,0.3795772791,0.3332949281,1
1327,1665,0.3163080812,-0.1246097386,1
1327,1697,0.4195747972,-0.8346675634,1
1327,1729,0.2804335356,-0.1828149557,1
1327,1761,0.5029200315,0.4361646175,1
1327,1793,0.5323083997,0.1096623242,1
1327,1825,0.5853128433,-0.1419250667,1
1327,1857,1.510983348,0.7874740958,1
1327,1889,3.052598476,1.677507639,1
1327,1921,2.196429253,0.2340801954,1
1327,1953,2.434634924,0.07137995958,1
1327,1985,3.681894302,-0.1482554823,1
1327,2017,4.174266815,-1.260169506,1
1359,33,-0.354600966,1.075564623,1
1359,65,0.02501257882,5.17885685,1
1359,97,-0.4846590459,1.852593899,1
1359,129,-0.5319182873,1.897868872,1
1359,161,-0.2659485638,7.789488792,1
1359,193,-0.447398901,8.865606308,1
1359,225,-0.5540969372,5.313500881,1
1359,257,-0.9735804796,6.142528534,1
1359,289,-1.378538847,6.62974453,1
1359,321,-2.002771616,6.841957092,1
1359,353,-2.287032604,6.315960884,1
1359,385,-1.946877241,4.448544025,1
1359,417,-1.699583054,6.1483922,1
1359,449,-2.029979229,7.318586349,1
1359,481,-2.224366665,7.97365427,1
1359,513,-2.48659873,8.268871307,1
1359,545,-3.433737516,10.16583729,1
1359,577,-2.523808956,11.26160717,1
1359,609,-3.230883598,12.34659004,1
1359,641,-3.966481209,12.72373962,1
1359,673,-2.937178135,12.49015999,1
1359,705,-3.676310539,8.207863808,1
1359,737,-4.173914909,8.410676956,1
1359,769,-4.943191528,8.613071442,1
1359,801,-4.941807747,8.101786613,1
1359,833,-4.973013878,7.337110043,1
1359,865,-5.103254795,7.009652138,1
1359,897,-6.131197929,6.470403194,1
1359,929,-6.903951645,5.414659023,1
1359,961,-7.477220535,4.635457993,1
1359,993,-9.19407177,3.609354496,1
1359,1025,-8.915430069,2.678511143,1
1359,1057,-9.197069168,1.55807972,1
1359,1089,-10.08890629,0.574077189,1
1359,1121,-8.864567757,-1.301825047,1
1359,1153,-6.527281284,-1.168430567,1
1359,1185,-5.248262882,-1.601620078,1
1359,1217,-4.866287231,-2.89291501,1
1359,1249,-4.19750309,-5.058503151,1
1359,1281,-3.67310524,-1.614811659,1
1359,1313,-3.01723671,-6.554257393,1
1359,1345,-2.440638542,-1.507156253,1
1359,1377,-2.757470846,-1.751333594,1
1359,1409,-2.557397842,-1.301543117,1
1359,1441,-1.310874939,-0.3853677511,1
1359,1473,-0.3303315639,-0.6861565709,1
1359,1505,0.3094075918,-0.904699862,1
1359,1537,0.6681680083,-0.7608998418,1
1359,1569,0.3735188842,-0.2668813169,1
1359,1601,0.03844073415,0.4090764821,1
1359,1633,0.2323920131,0.6383023858,1
1359,1665,0.1383764148,-0.3283590376,1
1359,1697,0.08713185787,-1.40547204,1
1359,1729,0.1872895956,-0.5429285765,1
1359,1761,0.6756693125,-0.5556360483,1
1359,1793,0.8354493976,-0.5272650719,1
1359,1825,0.3314908743,-0.1591747403,1
1359,1857,0.8026907444,1.937762976,1
1359,1889,2.832021952,1.822089791,1
1359,1921,5.011654377,0.5868492126,1
1359,1953,4.354729652,0.3382943869,1
1359,1985,2.937977314,0.1013906226,1
1359,2017,1.232782602,-0.5817571878,1
1391,33,0.4364812374,1.212016106,1
1391,65,0.6382991076,5.457839012,1
1391,97,-0.7476457953,2.511686563,1
1391,129,-1.150543094,2.632375002,1
1391,161,-0.6218243241,6.22943449,1
1391,193,-0.838493526,6.305448055,1
1391,225,-0.5710656047,5.684654236,1
1391,257,-0.6678628922,6.680987835,1
1391,289,-0.5791630745,6.58742094,1
1391,321,-2.227313042,6.432400227,1
1391,353,-2.806573629,5.929457188,1
1391,385,-2.662023067,4.162245274,1
1391,417,-3.296462774,5.675045967,1
1391,449,-3.394137859,6.774659634,1
1391,481,-2.980314493,7.596571922,1
1391,513,-3.135364056,8.26490593,1
1391,545,-5.454638481,9.761095047,1
1391,577,-4.627005577,10.83745956,1
1391,609,0.3094682693,-0.7423639297,1
1391,641,-6.439715385,10.90590191,1
1391,673,-4.942435741,10.41668606,1
1391,705,-5.018862247,8.720217705,1
1391,737,-5.211555004,8.369950294,1
1391,769,-5.966971874,8.644688606,1
1391,801,-7.452503204,9.160208702,1
1391,833,-5.193021297,7.758871555,1
1391,865,-5.613902092,7.230198383,1
1391,897,-6.591585159,6.402515411,1
1391,929,-7.766227245,5.42533493,1
1391,961,-8.951636314,4.34245348,1
1391,993,-9.828134537,3.511251926,1
1391,1025,-8.811893463,2.561486006,1
1391,1057,-8.049625397,1.533702016,1
1391,1089,-8.671398163,0.6860461235,1
1391,1121,-7.072989941,-0.5490317345,1
1391,1153,-6.838587284,-0.6594865322,1
1391,1185,-8.96240139,-1.393086553,1
1391,1217,-9.248389244,-3.395965576,1
1391,1249,-5.394303799,-1.660104275,1
1391,1281,-3.808532953,-1.243404865,1
1391,1313,-0.9528594017,-0.1281841993,1
1391,1345,-0.5083045959,-0.1658763885,1
1391,1377,-0.5131664276,-0.459274888,1
1391,1409,0.6503126621,-1.817400455,1
1391,1441,0.2731995583,-0.635260582,1
1391,1473,0.2994368672,-0.4445376992,1
1391,1505,1.206226468,-0.9974502325,1
1391,1537,0.7496817112,-0.5833735466,1
1391,1569,0.01910378784,-0.3699167371,1
1391,1601,-0.09950149059,0.1215254366,1
1391,1633,0.2303158045,0.51610291,1
1391,1665,0.3192670941,0.01139495522,1
1391,1697,-0.03313502669,-0.9698750973,1
1391,1729,0.1571515203,-1.005790472,1
1391,1761,0.637434721,-1.089211702,1
1391,1793,0.6109902263,-0.5730577707,1
1391,1825,0.03859251738,0.2411750555,1
1391,1857,0.4287565947,1.109224319,1
1391,1889,1.870196462,1.76345396,1
1391,1921,4.329312801,1.358932972,1
1391,1953,3.463115215,0.8214659095,1
1391,1985,2.677857637,1.047773957,1
1391,2017,0.8888471127,-0.32319206,1
1423,33,0.339795351,1.807383299,1
1423,65,0.9172216058,5.419755936,1
1423,97,-0.5559328794,3.828701735,1
1423,129,-1.700705409,2.717148066,1
1423,161,-1.513419628,3.351827621,1
1423,193,-0.8939715028,4.295398712,1
1423,225,-0.6401598454,5.157597065,1
1423,257,-0.8224656582,5.803641319,1
1423,289,-1.096605539,6.523209572,1
1423,321,-1.97841382,6.778164864,1
1423,353,-3.162022591,6.188452244,1
1423,385,-3.665732384,5.102128983,1
1423,417,-2.727762699,5.993326187,1
1423,449,-3.484648943,6.539074898,1
1423,481,-4.401656628,7.151765347,1
1423,513,-5.51901722,8.620121956,1
1423,545,-6.278326035,7.172537804,1
1423,577,-6.61772728,8.217197418,1
1423,609,-0.6437072754,-0.498249054,1
1423,641,-0.3413200378,-0.4855899811,1
1423,673,-7.586388588,10.31083298,1
1423,705,-7.731887817,9.42210865,1
1423,737,-7.177162647,9.290477753,1
1423,769,-7.671141624,9.534137726,1
1423,801,-7.144706726,9.445658684,1
1423,833,-6.21855402,8.400009155,1
1423,865,-6.163283825,7.15049696,1
1423,897,-6.691869736,5.930049896,1
1423,929,-7.839460373,5.043125629,1
1423,961,-9.646511078,4.124680996,1
1423,993,-9.869092941,3.462764502,1
1423,1025,-8.875694275,2.4864645,1
1423,1057,-8.102437019,1.385238409,1
1423,1089,-7.381676674,0.4024937153,1
1423,1121,-6.8367033,0.06464706361,1
1423,1153,-6.492283344,-0.6906663179,1
1423,1185,-6.237977028,-1.535447717,1
1423,1217,-5.779119968,-2.034817696,1
1423,1249,-4.879264832,-1.58522594,1
1423,1281,-3.838955641,-0.6860978007,1
1423,1313,0.307404995,0.2012166977,1
1423,1345,-19.91479111,5.182282448,1
1423,1377,-1.014887571,-3.628652573,1
1423,1409,0.2162958384,-0.7835783958,1
1423,1441,-0.2847021818,0.3977755308,1
1423,1473,0.5023833513,-0.3189407587,1
1423,1505,1.654283404,-0.7418503165,1
1423,1537,0.4396730363,-0.5458161235,1
1423,1569,-0.001314178109,-0.4890120327,1
1423,1601,-0.202647984,0.1707598567,1
1423,1633,-0.3770448267,0.6015151143,1
1423,1665,-0.03322327137,0.5834046602,1
1423,1697,0.4664967954,-0.1174582839,1
1423,1729,0.6037187576,-0.7878742218,1
1423,1761,0.4892551899,-0.8924537301,1
1423,1793,0.7189102173,-0.06808269024,1
1423,1825,0.6895319223,0.3184368014,1
1423,1857,1.251932621,0.8159357905,1
1423,1889,1.729515195,1.060975075,1
1423,1921,2.074841022,1.418249369,1
1423,1953,2.662514925,1.137179971,1
1423,1985,1.924126506,1.452814102,1
1423,2017,1.001569033,-0.8923921585,1
1455,33,-0.3515384793,2.200233936,1
1455,65,-1.734478951,1.717544556,1
1455,97,-0.9845401049,2.072699308,1
1455,129,-1.012923241,2.204155922,1
1455,161,-0.6040486693,1.507688046,1
1455,193,-0.4493643641,3.583025932,1
1455,225,-0.2962890565,4.30209446,1
1455,257,-0.5425217748,5.078700542,1
1455,289,-1.466061234,5.486359596,1
1455,321,-2.26104188,7.516723156,1
1455,353,-3.196331024,6.580189705,1
1455,385,-4.3644104,5.717234135,1
1455,417,-3.620982409,5.981107712,1
1455,449,-4.580705166,6.591426849,1
1455,481,-5.39708519,7.237286091,1
1455,513,-6.409840107,8.052650452,1
1455,545,-7.831068516,7.05056572,1
1455,577,-7.849712372,8.878037453,1
1455,609,-7.908555508,9.929439545,1
1455,641,-6.767375946,10.13443089,1
1455,673,-7.956809998,10.18614388,1
1455,705,-8.264153481,10.03069115,1
1455,737,-8.893289566,10.3389082,1
1455,769,-9.426850319,10.72504425,1
1455,801,-9.045920372,10.41376591,1
1455,833,-10.5830431,16.71767998,1
1455,865,1.03685379,3.363934994,1
1455,897,-10.87932205,5.473241329,1
1455,929,-9.93456459,4.078117371,1
1455,961,-9.756607056,2.318632603,1
1455,993,-9.120903015,2.510434866,1
1455,1025,-8.585261345,2.361715317,1
1455,1057,-10.09174824,0.6480257511,1
1455,1089,-8.783028603,-0.2781713009,1
1455,1121,-14.21432304,0.3398872018,1
1455,1153,-13.69021416,-0.7554645538,1
1455,1185,-9.805808067,6.966327667,1
1455,1217,-6.49381876,-1.772782087,1
1455,1249,-5.627831936,-1.24610281,1
1455,1281,-5.772443771,-0.7706922293,1
1455,1313,-4.018301964,0.4865899682,1
1455,1345,-2.112912178,-3.932620525,1
1455,1377,-0.2803747654,-1.132676959,1
1455,1409,-0.4716140032,-0.6337765455,1
1455,1441,-0.5237998366,-0.4410339892,1
1455,1473,0.5491402149,-0.5571466088,1
1455,1505,0.02770256996,-0.371019423,1
1455,1537,-0.1610980928,-0.05643612146,1
1455,1569,-0.04671214521,-0.3168869913,1
1455,1601,-0.1887415051,0.6406300068,1
1455,1633,-0.3981373012,1.097219229,1
1455,1665,-0.1242162585,0.7628179193,1
1455,1697,0.1632450819,0.2904504836,1
1455,1729,0.4591428638,-0.1297878921,1
1455,1761,1.624538898,-0.1056325957,1
1455,1793,1.93138504,0.3260236979,1
1455,1825,1.810297728,0.7655010819,1
1455,1857,2.180802822,1.634854078,1
1455,1889,2.172150612,1.025208712,1
1455,1921,1.556743264,1.04924202,1
1455,1953,1.546842098,1.508660436,1
1455,1985,1.085208535,1.656002522,1
1455,2017,0.6911721826,-1.626702905,1
1487,33,-0.1770353913,2.275606632,1
1487,65,-1.682592869,1.547792792,1
1487,97,-0.8716518879,2.250164509,1
1487,129,-1.750126958,2.071701765,1
1487,161,-1.67412138,2.465715885,1
1487,193,-1.083906412,3.353067398,1
1487,225,-0.354408145,3.969623089,1
1487,257,-0.2722196579,4.799823284,1
1487,289,-1.144649386,5.164038658,1
1487,321,-2.006764412,5.489998817,1
1487,353,-2.996998787,5.76106739,1
1487,385,-4.420686722,6.527514458,1
1487,417,-5.263003349,6.20947361,1
1487,449,-6.095838547,7.284455299,1
1487,481,-7.126906872,8.093824387,1
1487,513,-8.002997398,8.136632919,1
1487,545,-8.575719833,8.443265915,1
1487,577,-9.164858818,9.016822815,1
1487,609,-17.70970345,-0.4686994553,1
1487,641,-8.330463409,9.891853333,1
1487,673,-9.184000015,10.11016941,1
1487,705,-9.481103897,10.38952541,1
1487,737,-9.568442345,10.5483532,1
1487,769,-9.896827698,11.1991148,1
1487,801,-9.021313667,11.96273613,1
1487,833,-8.241930008,10.8918438,1
1487,865,-9.296607018,7.056770325,1
1487,897,-0.03465175629,-0.6744465828,1
1487,929,-6.852924347,2.768075943,1
1487,961,-8.265586853,1.895614862,1
1487,993,-8.022632599,1.20756793,1
1487,1025,-7.73994875,0.7057112455,1
1487,1057,-10.45231342,-0.1819765568,1
1487,1089,-8.515735626,-0.4221129417,1
1487,1121,-13.02927589,-0.5320687294,1
1487,1153,-11.49427795,-1.52741313,1
1487,1185,-9.926394463,-1.610918283,1
1487,1217,-12.99101639,-1.535497785,1
1487,1249,-6.310647964,-1.691778183,1
1487,1281,-5.446797371,-0.4501643181,1
1487,1313,-4.975616455,-1.734744191,1
1487,1345,-3.092214584,-2.225383282,1
1487,1377,-1.990800381,-1.25954473,1
1487,1409,-1.471992493,-0.8400796056,1
1487,1441,-1.140604734,-0.6895720959,1
1487,1473,-1.398398161,-0.7244983912,1
1487,1505,-1.569251299,-1.960033178,1
1487,1537,-0.5556139946,-0.3426071405,1
1487,1569,-0.0833568871,0.4073193073,1
1487,1601,-0.2455478311,1.52563262,1
1487,1633,0.02877995372,1.379121542,1
1487,1665,0.3315070868,0.5475124717,1
1487,1697,0.2564049363,0.3195688128,1
1487,1729,0.6074734926,0.01381121576,1
1487,1761,1.457630515,0.05197057128,1
1487,1793,1.725485682,0.05116075277,1
1487,1825,1.76466012,0.4948667288,1
1487,1857,2.020771027,1.70341146,1
1487,1889,2.117870808,1.14685607,1
1487,1921,1.616665363,0.7632815838,1
1487,1953,1.327493072,1.956541061,1
1487,1985,0.5579654574,1.469388366,1
1487,2017,-0.04378756881,-2.030636549,1
1519,33,-0.3641865849,2.090683937,1
1519,65,-2.065747261,1.629644752,1
1519,97,-2.480003595,2.181019306,1
1519,129,-2.782748938,2.388141632,1
1519,161,-3.038753033,2.881817818,1
1519,193,-2.101608276,3.418796778,1
1519,225,-1.276304483,4.296000481,1
1519,257,-1.141059995,4.549859047,1
1519,289,-1.5919559,5.145559788,1
1519,321,-1.590069294,5.765088081,1
1519,353,-2.842384338,6.269704819,1
1519,385,-4.310506821,7.333784103,1
1519,417,-4.284514427,7.974076271,1
1519,449,-4.73671484,8.912406921,1
1519,481,-6.335001469,8.459355354,1
1519,513,-7.780648708,8.369416237,1
1519,545,-8.62048912,8.207232475,1
1519,577,-7.690961361,9.117256165,1
1519,609,-7.774185181,9.721300125,1
1519,641,-8.378377914,9.971683502,1
1519,673,-9.618946075,9.815773964,1
1519,705,-10.28766632,9.910057068,1
1519,737,-10.05442619,10.36893368,1
1519,769,-9.40607357,11.33207703,1
1519,801,-9.212054253,11.8703928,1
1519,833,-8.97589016,10.64436245,1
1519,865,0.259513855,1.622567177,1
1519,897,-7.491474152,4.886898041,1
1519,929,-7.099597454,2.505394697,1
1519,961,-7.187335014,0.8763383031,1
1519,993,-7.206652164,-0.1128820777,1
1519,1025,-7.410513878,-0.3340295255,1
1519,1057,-9.728369713,3.291750193,1
1519,1089,-10.5826664,3.36985898,1
1519,1121,-9.440567017,-1.11278522,1
1519,1153,-9.406806946,-1.642199278,1
1519,1185,-7.865493298,-0.4080922604,1
1519,1217,-8.974393845,-1.178112149,1
1519,1249,-10.11531258,-1.592545867,1
1519,1281,-7.128011703,-1.793705463,1
1519,1313,-4.755854607,-2.724992037,1
1519,1345,-4.092270851,-3.20324564,1
1519,1377,-3.041241169,-1.949589729,1
1519,1409,-1.96732688,-1.078855991,1
1519,1441,-1.27768755,-0.3550521135,1
1519,1473,-1.494651318,-0.4741621017,1
1519,1505,-1.875904799,-4.738837242,1
1519,1537,-0.321112752,-0.3457927108,1
1519,1569,0.2157129645,0.2282325625,1
1519,1601,0.1395491809,0.5560731888,1
1519,1633,0.2056964934,0.4971325397,1
1519,1665,0.4684148431,0.06318044662,1
1519,1697,0.7488533258,-0.1048962325,1
1519,1729,0.8065817356,-0.2817099094,1
1519,1761,0.0133433342,-0.436845094,1
1519,1793,0.4036786556,-0.2687518299,1
1519,1825,1.146674633,0.2245189548,1
1519,1857,0.9761123657,0.1107177138,1
1519,1889,1.030255318,0.9181962013,1
1519,1921,2.153739691,3.712553501,1
1519,1953,1.782984853,3.41813612,1
1519,1985,1.699301362,0.5114343166,1
1519,2017,0.6215180159,-1.803233624,1
1551,33,-1.897397995,1.778921723,1
1551,65,-3.46151495,1.77072382,1
1551,97,-3.754058361,2.015125751,1
1551,129,-3.598711014,2.780259371,1
1551,161,-3.875014544,2.963205814,1
1551,193,-4.119822502,3.433270454,1
1551,225,-1.719161034,3.924728394,1
1551,257,-1.56070137,5.490386486,1
1551,289,-2.339350939,5.041924477,1
1551,321,-2.44583559,5.420226574,1
1551,353,-3.160507679,6.925532818,1
1551,385,-4.452736855,8.503341675,1
1551,417,-4.869451046,8.88461113,1
1551,449,-5.146224022,9.090680122,1
1551,481,-5.798838139,9.159633636,1
1551,513,-6.164853573,9.455792427,1
1551,545,-6.559457779,9.144332886,1
1551,577,-7.713309765,9.227525711,1
1551,609,-7.876279831,9.529495239,1
1551,641,-8.491589546,9.852768898,1
1551,673,-9.342607498,9.874441147,1
1551,705,-10.2622633,8.607926369,1
1551,737,-9.8953228,10.39922237,1
1551,769,-9.267233849,11.00541306,1
1551,801,-9.155797005,11.20097828,1
1551,833,0.5844783783,8.816711426,1
1551,865,0.3290910721,0.1341209412,1
1551,897,-8.424261093,3.219497204,1
1551,929,-7.575032234,2.178643703,1
1551,961,-6.950078964,0.6296262741,1
1551,993,-7.148147583,-1.157943249,1
1551,1025,-7.159350395,-1.922546387,1
1551,1057,-7.253171921,-1.063541412,1
1551,1089,-9.041702271,0.9529019594,1
1551,1121,-9.496711731,-1.355828762,1
1551,1153,-9.618811607,-1.712809086,1
1551,1185,-7.631707668,-0.7414443493,1
1551,1217,-6.901165485,-0.8708777428,1
1551,1249,-8.522551537,-1.745199442,1
1551,1281,-7.975368023,-2.798523903,1
1551,1313,-4.60056448,-2.436245918,1
1551,1345,-3.884684324,-2.962465525,1
1551,1377,-2.737807989,-1.844763041,1
1551,1409,-1.677237391,-0.2920281291,1
1551,1441,-1.698536754,-0.2179840207,1
1551,1473,-1.058280468,0.0893868804,1
1551,1505,-0.4760354161,-0.04857313633,1
1551,1537,0.0569004938,0.5950752497,1
1551,1569,0.7896626592,0.05980592966,1
1551,1601,0.8633103371,-0.3602699637,1
1551,1633,0.7187007666,-0.2153930664,1
1551,1665,0.586499393,-0.2578749359,1
1551,1697,0.8061560392,0.007780835032,1
1551,1729,0.979794383,-0.1163878068,1
1551,1761,0.2030583024,-0.2581899464,1
1551,1793,0.3371492624,0.0009692385793,1
1551,1825,0.4959421754,0.4029347301,1
1551,1857,0.3717764616,0.1206380129,1
1551,1889,0.5005939007,0.175311327,1
1551,1921,0.7946223021,0.9971077442,1
1551,1953,0.8935853243,1.221751332,1
1551,1985,0.6484264135,0.5299683809,1
1551,2017,0.6082547903,-1.081802964,1
1583,33,-2.215888023,1.253570795,1
1583,65,-3.340600967,1.71085155,1
1583,97,-3.300469398,1.398148537,1
1583,129,-3.413896322,2.844272375,1
1583,161,-5.845889091,4.355568409,1
1583,193,-4.95089817,4.623918533,1
1583,225,-3.466731071,5.627475739,1
1583,257,-2.549475431,6.294093609,1
1583,289,-3.638146162,5.036781311,1
1583,321,-3.281906843,4.019735336,1
1583,353,-3.592434883,7.176557541,1
1583,385,-4.579032421,8.849494934,1
1583,417,-4.857560635,9.021738052,1
1583,449,-5.579425812,8.377975464,1
1583,481,-5.840941429,8.711155891,1
1583,513,-5.707971096,9.556777954,1
1583,545,-5.837817192,9.0278368,1
1583,577,-7.006764412,8.735507011,1
1583,609,-7.746146202,9.048002243,1
1583,641,-8.878056526,9.097105026,1
1583,673,-10.2282095,10.03556728,1
1583,705,-9.757781982,9.023277283,1
1583,737,-9.421715736,9.535057068,1
1583,769,-9.652176857,10.14676666,1
1583,801,-9.61842823,10.0690155,1
1583,833,-8.869250298,7.24375248,1
1583,865,-11.94275856,3.90569973,1
1583,897,-9.930399895,1.392336845,1
1583,929,-7.747046471,0.1240767241,1
1583,961,-7.026225567,1.195747972,1
1583,993,-6.826790333,-0.02364510298,1
1583,1025,-6.815490246,-1.278607488,1
1583,1057,-7.055482388,-1.66939497,1
1583,1089,-8.094161987,-0.5840768814,1
1583,1121,-7.805731297,-1.794502735,1
1583,1153,-7.948823929,-1.926209331,1
1583,1185,-7.139201641,-1.245953918,1
1583,1217,-7.667163849,-2.096902132,1
1583,1249,-8.469735146,-2.408318996,1
1583,1281,-8.525287628,-4.43099308,1
1583,1313,-4.020601273,-2.062106133,1
1583,1345,-2.918896198,-2.070198774,1
1583,1377,-1.970746279,-1.35007894,1
1583,1409,-1.413651824,-0.3651543856,1
1583,1441,-0.3010880351,-0.0915787816,1
1583,1473,-0.1092182398,-0.2253843248,1
1583,1505,-0.1231210828,-0.1428532004,1
1583,1537,0.4724789262,-0.2853298485,1
1583,1569,0.6438069344,-0.5184688568,1
1583,1601,0.6356942654,-0.3395960033,1
1583,1633,1.072752714,-0.2116091698,1
1583,1665,0.6803957224,-0.1453325748,1
1583,1697,0.8088451624,0.2879411578,1
1583,1729,1.158476591,0.8710081577,1
1583,1761,0.1504256427,-0.07043366134,1
1583,1793,0.2235034853,-0.1278780103,1
1583,1825,0.19941324,0.1050125062,1
1583,1857,0.1918589473,0.00271551311,1
1583,1889,0.3152271509,-0.282307893,1
1583,1921,0.4222097993,-0.05786374211,1
1583,1953,0.3949431777,0.4289390743,1
1583,1985,0.3938835859,0.5860973597,1
1583,2017,0.2701880336,-0.3779771924,1
1615,33,-2.183762312,0.7291827202,1
1615,65,-2.327333927,1.941371441,1
1615,97,-2.841669559,2.599522114,1
1615,129,-2.237827301,1.408890963,1
1615,161,-3.126914501,3.552280664,1
1615,193,-5.207551956,7.256397724,1
1615,225,-5.043524265,7.771567822,1
1615,257,-3.32809782,4.469849586,1
1615,289,-3.707307816,5.397304535,1
1615,321,-4.059410572,5.502360344,1
1615,353,-4.904774666,6.835569382,1
1615,385,-4.623776436,7.690459728,1
1615,417,-4.160992622,8.668507576,1
1615,449,-5.592542171,8.24443531,1
1615,481,-6.019097328,8.65166378,1
1615,513,-5.979139328,9.161763191,1
1615,545,-5.744421005,8.637630463,1
1615,577,-6.113899231,7.911674976,1
1615,609,-7.327971458,8.077567101,1
1615,641,-8.499290466,8.495571136,1
1615,673,-9.433790207,8.41291523,1
1615,705,-9.845780373,8.475656509,1
1615,737,-10.16308212,8.822437286,1
1615,769,-10.36930275,8.759129524,1
1615,801,-9.713108063,7.976631165,1
1615,833,-9.283614159,6.043450356,1
1615,865,-13.46541595,-4.492855072,1
1615,897,-10.90290737,0.4652070999,1
1615,929,-10.18562031,-0.1155047417,1
1615,961,-1.566398144,0.7817037106,1
1615,993,-5.630883694,1.646986485,1
1615,1025,-6.901153564,0.4292138815,1
1615,1057,-7.163336277,-0.7897474766,1
1615,1089,-7.507710457,-1.314468861,1
1615,1121,-7.534572601,-1.634502292,1
1615,1153,-7.708367825,-1.685747147,1
1615,1185,-7.994308472,-2.176003695,1
1615,1217,-5.691036224,-1.078900814,1
1615,1249,-6.173222542,-1.984500289,1
1615,1281,-7.00270319,-2.036469698,1
1615,1313,-4.750961304,-1.933850765,1
1615,1345,-2.732664824,-1.781451464,1
1615,1377,-1.363629818,-0.9675788879,1
1615,1409,-0.4900230765,-0.2190278172,1
1615,1441,0.1105675697,0.4776312411,1
1615,1473,-0.1222106218,-0.02743291855,1
1615,1505,-0.2475187182,0.01225112379,1
1615,1537,0.3651315272,-0.2611963749,1
1615,1569,0.6157157421,-0.5987542868,1
1615,1601,0.4173868001,-0.2238445878,1
1615,1633,0.2266151905,0.7193673849,1
1615,1665,0.4254244864,0.3565301001,1
1615,1697,0.835821867,0.6286007762,1
1615,1729,0.8576259613,1.118164539,1
1615,1761,0.1507543623,-0.06940059364,1
1615,1793,0.2918920517,-0.260229975,1
1615,1825,0.3150520325,0.08822461963,1
1615,1857,0.5193245411,0.07079791278,1
1615,1889,0.6541929841,-0.1626811028,1
1615,1921,0.8374545574,-0.4042889178,1
1615,1953,0.7776015997,0.1527080238,1
1615,1985,0.229452312,0.5128889084,1
1615,2017,-0.06117409468,0.04834854603,1
1647,33,-2.296999454,0.4585436583,1
1647,65,-1.747461915,1.973536968,1
1647,97,-2.536997795,3.600945473,1
1647,129,-4.547911644,5.936146736,1
1647,161,-3.082881212,4.050482273,1
1647,193,-4.01640892,4.968754292,1
1647,225,-6.868471146,5.91423893,1
1647,257,-6.847007275,6.044757366,1
1647,289,-4.256137848,6.08258152,1
1647,321,-4.732199669,6.397934437,1
1647,353,-5.380593777,7.206189156,1
1647,385,-5.627114773,7.586103439,1
1647,417,-6.000837326,7.712078094,1
1647,449,-5.790027142,8.054044724,1
1647,481,-6.057996273,8.590742111,1
1647,513,-6.272405148,8.691362381,1
1647,545,-6.235899448,8.235343933,1
1647,577,-6.781832695,7.491592884,1
1647,609,-7.149718285,6.957046509,1
1647,641,-3.401616096,2.341967106,1
1647,673,-9.019552231,7.74571991,1
1647,705,-10.38842201,8.163300514,1
1647,737,-10.61116123,7.573444843,1
1647,769,-11.07667828,6.956568241,1
1647,801,-9.158423424,4.64441967,1
1647,833,-8.409258842,4.211848259,1
1647,865,-7.963412285,3.052341938,1
1647,897,-7.717675686,0.1882796288,1
1647,929,-7.734811783,0.6373968124,1
1647,961,-8.075575829,3.356364489,1
1647,993,-7.038471699,3.170271397,1
1647,1025,-6.959762573,1.293616295,1
1647,1057,-6.856455326,0.0159214735,1
1647,1089,-6.931295872,-0.6907122135,1
1647,1121,-8.090681076,-0.3920098543,1
1647,1153,-8.314571381,-2.478604794,1
1647,1185,-6.028645515,-0.1083901823,1
1647,1217,-7.837560177,-1.548984647,1
1647,1249,-7.98324585,-2.087123156,1
1647,1281,-7.406128883,-6.23801899,1
1647,1313,-5.117569447,-2.402236938,1
1647,1345,-3.532490492,-1.799666047,1
1647,1377,-0.379049778,-0.3654252291,1
1647,1409,0.5119133592,0.1787857413,1
1647,1441,-0.6623898149,0.6350691319,1
1647,1473,-1.111358404,1.114491463,1
1647,1505,-1.049157381,0.8087888956,1
1647,1537,-0.5877560377,0.42968297,1
1647,1569,0.37834692,-0.09030205011,1
1647,1601,0.3573300242,0.2690629363,1
1647,1633,0.3115677238,1.179588795,1
1647,1665,0.2806223333,0.6955851912,1
1647,1697,0.5913546681,0.6521568894,1
1647,1729,0.6388242841,0.5471573472,1
1647,1761,0.4838498235,0.1445710361,1
1647,1793,0.3984288871,-0.06676443666,1
1647,1825,0.2626063824,0.2454628199,1
1647,1857,0.360383898,0.5165455341,1
1647,1889,0.322642982,0.3150258064,1
1647,1921,0.5967789888,-0.3174660206,1
1647,1953,1.034334421,-0.1923200488,1
1647,1985,0.2608161569,0.3241267502,1
1647,2017,0.03754523396,0.1025330722,1
1679,33,-1.64144659,0.4863057137,1
1679,65,-1.071438193,1.696113467,1
1679,97,-1.942456722,3.502212763,1
1679,129,-5.768143177,4.427940845,1
1679,161,-0.7601675987,1.08103466,1
1679,193,-3.954223633,3.845939159,1
1679,225,-5.295796394,5.424364567,1
1679,257,-6.979137421,6.271479607,1
1679,289,-3.720079899,6.809025288,1
1679,321,-4.455102921,6.923084736,1
1679,353,-5.40771246,7.042807579,1
1679,385,-5.496194839,7.997236252,1
1679,417,-5.934446335,7.933619022,1
1679,449,-6.166927814,7.628835678,1
1679,481,-6.259105682,7.580266476,1
1679,513,-6.984148979,7.84623909,1
1679,545,-8.918031693,7.839151382,1
1679,577,-8.706925392,8.022260666,1
1679,609,-7.802978039,6.984093189,1
1679,641,-8.100288391,6.782690525,1
1679,673,-8.759001732,7.031710625,1
1679,705,-9.09028244,6.844351768,1
1679,737,-9.266791344,5.442811489,1
1679,769,-9.609610558,4.949715614,1
1679,801,-9.010791779,3.34666729,1
1679,833,-7.459816933,2.881985903,1
1679,865,-6.347277641,4.619447231,1
1679,897,-7.737735271,1.98102951,1
1679,929,-7.524676323,2.426552296,1
1679,961,-7.535157681,1.425767422,1
1679,993,-8.33055687,2.996407747,1
1679,1025,-7.805408001,2.788029194,1
1679,1057,-5.959115982,0.8416478634,1
1679,1089,-5.89568615,0.2413423061,1
1679,1121,-5.933681488,0.5498453975,1
1679,1153,-7.627160072,2.694246769,1
1679,1185,-3.946829319,0.7981142998,1
1679,1217,-4.591564178,0.1677927971,1
1679,1249,-4.224594593,-0.6725583673,1
1679,1281,-3.728182077,-3.76064682,1
1679,1313,-3.04141736,-2.28351593,1
1679,1345,-2.252865553,-1.44263792,1
1679,1377,-1.077453732,-0.4658945203,1
1679,1409,0.505284965,0.320306778,1
1679,1441,-0.8155220151,0.9417698383,1
1679,1473,-1.77148962,1.393570185,1
1679,1505,-0.6214829087,0.9666758776,1
1679,1537,-0.174418658,0.2820510268,1
1679,1569,0.1576420516,0.2451152503,1
1679,1601,0.04854974151,0.4785170257,1
1679,1633,0.1129206121,0.5979654193,1
1679,1665,0.3632239699,0.5397182703,1
1679,1697,0.6719637513,0.5483310223,1
1679,1729,0.4811624885,0.4568846226,1
1679,1761,0.158364594,0.08761289716,1
1679,1793,-0.1280306727,-0.2423556894,1
1679,1825,-0.02913348377,0.06277737021,1
1679,1857,0.3421803415,0.6376220584,1
1679,1889,0.07326751947,0.6415791512,1
1679,1921,0.1199888885,0.1273904741,1
1679,1953,0.6135126948,-0.3688818216,1
1679,1985,0.5531749725,-0.1505426019,1
1679,2017,0.3353798389,0.0003549456596,1
1711,33,-1.877643585,0.659203589,1
1711,65,-0.7170660496,1.436719656,1
1711,97,-0.3472311497,2.21348834,1
1711,129,-1.982767105,3.283090353,1
1711,161,-2.95927763,3.591602564,1
1711,193,-4.651302814,4.217060089,1
1711,225,-5.327408791,4.979222298,1
1711,257,-5.890591621,5.107610226,1
1711,289,-5.18859148,6.660326004,1
1711,321,-4.298343182,6.876435757,1
1711,353,-5.161390305,6.921189308,1
1711,385,-5.426294327,7.725060463,1
1711,417,-5.64869976,8.233257294,1
1711,449,-5.880156994,8.054423332,1
1711,481,-6.545392513,6.97508812,1
1711,513,-7.602078915,6.779174805,1
1711,545,-9.100009918,7.506261349,1
1711,577,-7.984475613,7.830631256,1
1711,609,-7.838931084,7.237469673,1
1711,641,-8.403129578,6.798612118,1
1711,673,-8.615684509,6.52628231,1
1711,705,-8.722655296,5.605946064,1
1711,737,-8.9856987,4.598860741,1
1711,769,-9.098347664,3.946524858,1
1711,801,-8.832707405,2.973515272,1
1711,833,-8.443684578,2.618291378,1
1711,865,-8.119268417,3.156717062,1
1711,897,-7.546717644,2.299828529,1
1711,929,-7.442186832,2.735305786,1
1711,961,-6.88293314,2.5955019,1
1711,993,-5.762476921,1.722908974,1
1711,1025,-7.311324596,2.581131697,1
1711,1057,-6.578581333,1.174580216,1
1711,1089,-5.387121677,1.428062797,1
1711,1121,-5.358802795,1.323079586,1
1711,1153,-5.910214424,1.713038564,1
1711,1185,-4.3190732,1.528179169,1
1711,1217,-3.555741549,1.229958653,1
1711,1249,-3.103589535,0.2454931438,1
1711,1281,-2.571331978,-0.7084031105,1
1711,1313,-2.527251959,-0.3587260246,1
1711,1345,-2.089630127,-0.324926734,1
1711,1377,-0.9700608253,0.1157287955,1
1711,1409,0.272841692,0.4838237166,1
1711,1441,-0.7916947603,0.9438040257,1
1711,1473,-1.163534999,1.098565102,1
1711,1505,-0.08774253726,0.8664541245,1
1711,1537,0.2629420757,0.6026429534,1
1711,1569,0.1378986835,0.28006953,1
1711,1601,-0.04944752157,0.1685483158,1
1711,1633,0.3430679739,-0.06735178828,1
1711,1665,0.4958903193,0.4001675248,1
1711,1697,0.4582875371,0.9631505013,1
1711,1729,0.4813538194,0.5711940527,1
1711,1761,0.2320327759,0.1876703501,1
1711,1793,0.1411002874,0.01511496305,1
1711,1825,0.3108726144,0.1276206672,1
1711,1857,0.1170448065,0.4878170192,1
1711,1889,0.03759354353,0.3639352024,1
1711,1921,0.3475733995,-0.03131996095,1
1711,1953,0.298936367,-0.1628320813,1
1711,1985,0.3474117517,-0.002034643665,1
1711,2017,0.4236471951,0.01561912894,1
1743,33,-2.63641572,0.7643380165,1
1743,65,-1.045439243,1.834871292,1
1743,97,-1.100763559,2.49844861,1
1743,129,-3.359745264,3.075079918,1
1743,161,-3.773829699,3.581297398,1
1743,193,-4.913450718,3.425486326,1
1743,225,-5.590389252,3.546130657,1
1743,257,-6.463512897,4.727621555,1
1743,289,-6.297918797,6.289754868,1
1743,321,-5.824774265,6.186608315,1
1743,353,-5.091087341,7.001950264,1
1743,385,-5.545660496,7.678112984,1
1743,417,-6.082741737,8.585115433,1
1743,449,-5.893733501,8.165276527,1
1743,481,-6.848773956,6.616365433,1
1743,513,-6.510472775,5.131854057,1
1743,545,-6.835836411,5.020865917,1
1743,577,-7.151936054,6.27382803,1
1743,609,-7.055634022,6.664084911,1
1743,641,-7.732503891,5.772026062,1
1743,673,-8.404064178,5.373059273,1
1743,705,-8.712247849,5.192029953,1
1743,737,-8.569095612,4.680724144,1
1743,769,-8.296574593,4.044410229,1
1743,801,-8.411190987,3.281727314,1
1743,833,-8.314181328,2.84022212,1
1743,865,-5.592407227,1.988345385,1
1743,897,-6.910304546,1.14005661,1
1743,929,-7.963605404,1.992990494,1
1743,961,-5.525369167,2.137690306,1
1743,993,-4.708248138,1.102970362,1
1743,1025,-4.977704525,1.446440935,1
1743,1057,-5.119472027,1.563520908,1
1743,1089,-5.079350948,1.94824481,1
1743,1121,-5.200969696,1.84771812,1
1743,1153,-5.720161915,1.623852372,1
1743,1185,-4.631015301,2.369583607,1
1743,1217,-3.555055618,2.386341572,1
1743,1249,-2.853492737,0.7858129144,1
1743,1281,-2.340811491,-0.6175626516,1
1743,1313,-2.220043659,-0.3701238632,1
1743,1345,-2.069568157,0.2967326641,1
1743,1377,-1.619422674,0.4476284981,1
1743,1409,-0.6583347321,0.3675192595,1
1743,1441,-0.9188528657,0.4622735381,1
1743,1473,-0.4703004062,0.3904925883,1
1743,1505,0.390139997,0.3524551988,1
1743,1537,0.4303494096,0.457197845,1
1743,1569,0.2351658344,0.4749704599,1
1743,1601,0.09301558137,0.1645976007,1
1743,1633,0.3103131056,0.03191079199,1
1743,1665,0.6333595514,0.3504634798,1
1743,1697,0.8851259351,0.8338614106,1
1743,1729,1.169934154,0.7188518047,1
1743,1761,1.022163153,0.4608121216,1
1743,1793,0.7651756406,0.273480922,1
1743,1825,0.5320307016,0.6758074164,1
1743,1857,0.3175683618,0.4745543301,1
1743,1889,0.5349752307,0.4518236518,1
1743,1921,0.737482667,0.1727938354,1
1743,1953,0.6560221314,-0.1249458343,1
1743,1985,0.5675037503,-0.2288954854,1
1743,2017,0.6683359146,-0.06201124191,1
1775,33,-3.8948493,1.230373144,1
1775,65,-2.772150517,1.839856863,1
1775,97,-3.341643333,2.891669273,1
1775,129,-4.25510931,3.594203949,1
1775,161,-4.060129166,2.751343727,1
1775,193,-4.160140991,1.772022724,1
1775,225,-4.214966774,1.699846506,1
1775,257,-4.815073967,3.841701031,1
1775,289,-5.675032616,6.066067696,1
1775,321,-5.790044308,6.278558731,1
1775,353,-5.288766384,7.0892663,1
1775,385,-5.320719719,7.401832104,1
1775,417,-5.889464378,8.200590134,1
1775,449,-6.194345951,7.53857851,1
1775,481,-6.425327778,6.287388802,1
1775,513,-6.933025837,3.456747055,1
1775,545,-6.793353558,4.523339748,1
1775,577,-5.988964081,5.709865093,1
1775,609,-5.569090366,5.123305798,1
1775,641,-6.75116396,4.195184708,1
1775,673,-8.498973846,4.573099613,1
1775,705,-8.336933136,5.673799992,1
1775,737,-7.841868401,4.61909771,1
1775,769,-8.432971001,4.152997017,1
1775,801,-8.397596359,3.657799482,1
1775,833,-7.828460217,3.029275179,1
1775,865,-6.67884779,2.51941371,1
1775,897,-6.157206059,1.919502854,1
1775,929,-6.305438042,1.579866886,1
1775,961,-5.069000721,1.756249547,1
1775,993,-4.108672142,2.187881947,1
1775,1025,-2.459460258,1.53058362,1
1775,1057,-4.171105385,1.392772079,1
1775,1089,-4.927810669,1.978311658,1
1775,1121,-5.035056114,2.345674515,1
1775,1153,-6.162343502,2.773984194,1
1775,1185,-4.739767075,2.705856085,1
1775,1217,-3.721768618,2.812244892,1
1775,1249,-1.80790472,0.5133122206,1
1775,1281,-1.757688046,-0.7553120852,1
1775,1313,-1.78382647,-0.4370790422,1
1775,1345,-2.173684597,0.4350530505,1
1775,1377,-1.369419932,0.8174234629,1
1775,1409,-0.8357319832,0.3916383088,1
1775,1441,-0.7721408606,0.0342784673,1
1775,1473,0.2633902729,0.06337496638,1
1775,1505,0.6376644969,-0.03162400424,1
1775,1537,0.3328650594,0.2797471285,1
1775,1569,0.3655456305,0.4184163213,1
1775,1601,0.1925859749,0.1541543603,1
1775,1633,0.3500234485,0.4506638646,1
1775,1665,0.6572850943,0.3663139045,1
1775,1697,0.9707978368,0.5086375475,1
1775,1729,1.38237524,0.7011899352,1
1775,1761,1.724535227,0.6906473637,1
1775,1793,1.564592719,0.01873338223,1
1775,1825,1.100254893,0.1984547079,1
1775,1857,0.958319366,0.576708734,1
1775,1889,0.9078804851,0.4700576365,1
1775,1921,0.5697585344,0.3972001374,1
1775,1953,0.4411142468,0.6594665051,1
1775,1985,0.689446032,0.3758256733,1
1775,2017,0.6943304539,-0.1298396438,1
1807,33,-5.009353638,1.653801203,1
1807,65,-5.52405405,2.022248507,1
1807,97,-21.80350876,3.725080252,1
1807,129,-4.840341568,1.525891304,1
1807,161,-3.797752857,1.837091923,1
1807,193,-4.585425377,1.815469503,1
1807,225,-4.866437435,3.21794796,1
1807,257,-4.651952267,4.992529869,1
1807,289,-5.682369709,5.484861374,1
1807,321,-5.54420042,5.264808178,1
1807,353,-5.630096436,5.948889256,1
1807,385,-5.253435612,6.460330486,1
1807,417,-5.143037796,6.664263248,1
1807,449,-5.353171825,6.914570808,1
1807,481,-5.848737717,6.188988209,1
1807,513,-6.66126585,4.104202747,1
1807,545,-6.389941692,3.439992905,1
1807,577,-5.417348862,4.880209923,1
1807,609,-5.794085026,4.760525227,1
1807,641,-6.766818523,4.544651985,1
1807,673,-7.432697296,4.914912701,1
1807,705,-8.658542633,4.985457897,1
1807,737,-8.158588409,3.632425785,1
1807,769,-7.936724663,3.675553083,1
1807,801,-7.873290062,3.831989765,1
1807,833,-7.930867672,3.421936989,1
1807,865,-6.960586071,2.591567993,1
1807,897,-4.79671526,1.695719242,1
1807,929,-0.4574985504,0.6361882687,1
1807,961,-5.115434647,1.976269722,1
1807,993,-4.942990303,1.744988441,1
1807,1025,-4.763703823,1.425972104,1
1807,1057,-4.741788864,1.352295876,1
1807,1089,-4.551168442,1.807188988,1
1807,1121,-4.70620966,2.139979839,1
1807,1153,-4.414150238,2.616998196,1
1807,1185,-3.299831629,2.928983927,1
1807,1217,-2.433706284,1.072366953,1
1807,1249,-1.366645336,-0.2748963833,1
1807,1281,-1.099245548,-0.5873670578,1
1807,1313,-0.9164156914,-0.4197200835,1
1807,1345,-1.17401123,0.4635724127,1
1807,1377,-0.9829694033,0.5383751392,1
1807,1409,-1.206719756,0.370264262,1
1807,1441,-1.02444768,0.1556162387,1
1807,1473,0.07593524456,0.1726384014,1
1807,1505,0.1762849987,-0.3934087753,1
1807,1537,0.3311085701,-0.01786056161,1
1807,1569,0.6038337946,-0.2982597351,1
1807,1601,0.623837173,-0.0569626838,1
1807,1633,0.3209816813,0.6312749386,1
1807,1665,0.3464202881,0.5473829508,1
1807,1697,0.4972891808,0.4246367812,1
1807,1729,0.7174434066,0.1872975826,1
1807,1761,1.154857635,0.7425792217,1
1807,1793,1.271229863,-0.05663183331,1
1807,1825,1.099169016,-0.07462368906,1
1807,1857,0.924012363,0.5293371677,1
1807,1889,0.8257078528,0.4269696474,1
1807,1921,0.4345941544,0.327449888,1
1807,1953,0.3547195196,0.220467791,1
1807,1985,0.4358180165,0.5712001324,1
1807,2017,0.5566990972,-0.08984208107,1
1839,33,-5.169586182,2.20868516,1
1839,65,-5.473861694,1.976461053,1
1839,97,-5.368370056,0.3853566647,1
1839,129,-5.1891222,1.166488647,1
1839,161,-4.99429512,1.955919266,1
1839,193,-5.250126362,4.887704372,1
1839,225,-5.895148277,6.079545975,1
1839,257,-25.4038105,7.513016224,1
1839,289,-6.165177345,5.742404461,1
1839,321,-5.879096031,5.080784798,1
1839,353,-5.814754486,4.747361183,1
1839,385,-5.441132069,4.998636246,1
1839,417,-4.927047253,5.512313843,1
1839,449,-4.986475468,5.996222973,1
1839,481,-6.093801498,5.598990917,1
1839,513,-6.303824425,4.612946987,1
1839,545,-6.170748234,4.735592365,1
1839,577,-5.763910294,4.5640378,1
1839,609,-6.411222458,4.757975578,1
1839,641,-6.939824104,5.18503809,1
1839,673,-7.455474854,3.939577103,1
1839,705,-7.539959908,3.052004814,1
1839,737,-7.327844143,3.212701797,1
1839,769,-7.341218948,3.636026382,1
1839,801,-7.468019009,4.01094389,1
1839,833,-9.126221657,3.953523159,1
1839,865,-8.09052372,2.378655434,1
1839,897,-6.889021873,0.8419163227,1
1839,929,0.02834320068,0.5595271587,1
1839,961,-4.906600952,1.979995966,1
1839,993,-6.064815044,1.734982729,1
1839,1025,-6.608886719,1.767262697,1
1839,1057,-4.818017006,1.615708947,1
1839,1089,-4.293091774,1.708943486,1
1839,1121,-4.525949478,1.366517305,1
1839,1153,-4.226951599,1.536049128,1
1839,1185,-3.217788458,2.966767311,1
1839,1217,-2.565535784,1.350433707,1
1839,1249,-1.803991675,-0.3664116263,1
1839,1281,-1.353843927,-0.5670141578,1
1839,1313,0.1447284222,-1.172295332,1
1839,1345,0.2069410086,-0.4571875632,1
1839,1377,-0.9626562595,-0.2726528049,1
1839,1409,-1.406148434,-0.09535121918,1
1839,1441,-1.493078709,-0.1369985044,1
1839,1473,-0.9116601348,0.07523471117,1
1839,1505,0.1534816623,0.1955453753,1
1839,1537,0.8206629753,0.276176244,1
1839,1569,0.6653866768,-0.08806432784,1
1839,1601,0.6073877215,0.1944961995,1
1839,1633,-0.03429231048,0.3920294344,1
1839,1665,-0.1709005535,0.3270196915,1
1839,1697,-0.00681720674,0.2463238239,1
1839,1729,0.006253659725,-0.6054899693,1
1839,1761,-1.846576214,0.7703430057,1
1839,1793,-5.636549473,3.464373589,1
1839,1825,-0.1855236292,0.6697129607,1
1839,1857,0.2069885731,0.2357284427,1
1839,1889,0.5258663297,0.2421930134,1
1839,1921,0.4451386929,0.3628774881,1
1839,1953,0.4512871504,-0.01077693701,1
1839,1985,0.5589228868,0.434992224,1
1839,2017,0.7077402472,-0.1609258652,1
1871,33,-5.140874386,2.906255484,1
1871,65,-5.818602085,1.70533514,1
1871,97,-6.120979309,1.214887977,1
1871,129,-5.837768078,1.759560108,1
1871,161,-5.712808132,2.631629944,1
1871,193,-6.067995548,5.695794106,1
1871,225,-6.180335522,6.284736633,1
1871,257,-6.715198517,4.858765602,1
1871,289,-7.811246872,5.699188709,1
1871,321,-6.550104141,4.535467625,1
1871,353,-6.369166851,4.613923073,1
1871,385,-5.683874607,4.848504066,1
1871,417,-4.580698967,4.954376221,1
1871,449,-5.355708599,4.725522518,1
1871,481,-6.237543106,4.874592304,1
1871,513,-6.474508286,4.410301208,1
1871,545,-6.832778454,4.317354202,1
1871,577,-6.947020531,3.690899372,1
1871,609,-6.870894432,3.326747894,1
1871,641,-6.129223347,4.310156822,1
1871,673,-6.989889622,3.962920666,1
1871,705,-7.897068977,3.720335484,1
1871,737,-7.091077805,4.249950409,1
1871,769,-7.344007969,4.041194916,1
1871,801,-7.592222691,3.836317539,1
1871,833,-8.211820602,3.280261517,1
1871,865,-6.688745975,2.935450315,1
1871,897,-6.46350956,2.96928525,1
1871,929,-5.488955498,2.486889839,1
1871,961,-0.4539995193,1.206684828,1
1871,993,-1.978146076,1.483252168,1
1871,1025,-7.207326412,4.547498703,1
1871,1057,-0.985352993,0.1791533232,1
1871,1089,-2.796203613,1.224986792,1
1871,1121,-3.599058867,1.022928119,1
1871,1153,-3.820199966,0.8885624409,1
1871,1185,-3.018517971,1.413389921,1
1871,1217,-2.519191742,1.022726059,1
1871,1249,-2.230300903,0.4533436894,1
1871,1281,-1.702453136,-0.1076969951,1
1871,1313,-0.9825882912,-0.3322874606,1
1871,1345,-0.4050626755,-0.5596495867,1
1871,1377,-0.4425774813,-0.5214771628,1
1871,1409,-0.6917847395,-0.4746523499,1
1871,1441,-0.8344054222,0.05393727869,1
1871,1473,-1.113204956,0.3468363881,1
1871,1505,-0.8410826921,0.6861875057,1
1871,1537,-0.3540233672,0.5180333853,1
1871,1569,0.2846778631,0.2864207029,1
1871,1601,0.2955951393,0.4172222018,1
1871,1633,0.1020769477,0.1479733884,1
1871,1665,0.05092170835,-0.04455387592,1
1871,1697,-0.006376802921,0.002360016108,1
1871,1729,-0.03924930096,-0.06393860281,1
1871,1761,-0.06972277164,0.01914729178,1
1871,1793,-0.2299835682,0.6245059967,1
1871,1825,-2.118341684,5.099271297,1
1871,1857,-0.01617580652,6.499078274,1
1871,1889,0.09316697717,0.4450864196,1
1871,1921,0.1716317534,0.4795070887,1
1871,1953,0.6130998135,0.6259493828,1
1871,1985,0.885289669,0.4942382574,1
1871,2017,0.6613795161,-0.3518560827,1
1903,33,-5.225996971,3.25834012,1
1903,65,-6.640032768,1.883962035,1
1903,97,-7.515311241,1.531107426,1
1903,129,-6.723079681,2.097157478,1
1903,161,-6.250524521,2.505265236,1
1903,193,-6.959860325,4.477801323,1
1903,225,-7.068139076,5.708071232,1
1903,257,-7.423669815,4.103726387,1
1903,289,-7.380618095,4.112222195,1
1903,321,-6.793376923,4.377697945,1
1903,353,-6.606313229,4.618976116,1
1903,385,-6.747361183,4.919647217,1
1903,417,-6.534252644,4.725303173,1
1903,449,-6.018131733,4.64097023,1
1903,481,-6.528185368,5.112238407,1
1903,513,-6.797300816,4.424045563,1
1903,545,-7.30623579,3.239668369,1
1903,577,-7.791716099,3.339171171,1
1903,609,-7.136356354,3.08287549,1
1903,641,-6.760151386,4.160583496,1
1903,673,-7.052003384,4.208072662,1
1903,705,-7.337850571,4.067955971,1
1903,737,-7.167920113,4.137996197,1
1903,769,-7.122714043,3.626519203,1
1903,801,-7.299220562,3.390315771,1
1903,833,-7.031828403,3.037951231,1
1903,865,-6.498137474,2.985498428,1
1903,897,-6.69131279,2.851821184,1
1903,929,-1.246151447,1.076800346,1
1903,961,-2.138053417,1.170073986,1
1903,993,-3.790484905,0.8037617207,1
1903,1025,-6.961523533,2.034249783,1
1903,1057,-6.266819,1.685488224,1
1903,1089,-3.605077505,1.324374437,1
1903,1121,-2.608906746,1.630139828,1
1903,1153,-2.000985384,1.65826714,1
1903,1185,-1.580393553,0.6830079556,1
1903,1217,-1.505550146,0.2615626156,1
1903,1249,-1.26047945,-0.2028780729,1
1903,1281,-1.3131845,-0.7286689281,1
1903,1313,-1.744142532,0.1044549793,1
1903,1345,-1.05549705,-0.1027912498,1
1903,1377,0.003487467766,-0.6081543565,1
1903,1409,0.4608893991,-0.2615070343,1
1903,1441,-0.04062175751,0.1339847296,1
1903,1473,-0.8719622493,0.2920042276,1
1903,1505,-0.9669243097,0.3630315065,1
1903,1537,-0.5094425082,0.3327437043,1
1903,1569,-0.03293380141,0.1001993865,1
1903,1601,0.6171246767,0.342289865,1
1903,1633,0.2492472231,0.1850630045,1
1903,1665,-0.1092164963,-0.2155085355,1
1903,1697,-0.3787673116,-0.2393683344,1
1903,1729,-0.3385434151,0.09613684565,1
1903,1761,-0.2377737761,0.2483958602,1
1903,1793,-0.1763425469,0.3154145181,1
1903,1825,-0.3487458527,0.5993421078,1
1903,1857,-0.5029466152,0.9779272079,1
1903,1889,-0.3684584796,0.6449831128,1
1903,1921,0.09322372079,0.6542335153,1
1903,1953,0.6855124831,0.8573385477,1
1903,1985,0.8076531887,0.5157214403,1
1903,2017,0.4243246913,-0.6395214796,1
1935,33,-6.03382206,2.995425463,1
1935,65,-6.85882473,1.17475915,1
1935,97,-6.4314785,1.1547333,1
1935,129,-6.265730858,1.733249784,1
1935,161,-6.540453911,2.508484125,1
1935,193,-6.580825329,5.098814964,1
1935,225,-7.171844482,4.460574627,1
1935,257,-7.853539467,2.703105688,1
1935,289,-8.482826233,3.470798016,1
1935,321,-6.900286198,4.147541523,1
1935,353,-6.55873251,4.218031406,1
1935,385,-8.475042343,3.785001755,1
1935,417,-6.449110508,4.61572361,1
1935,449,-5.685915947,4.629560471,1
1935,481,-6.215752602,5.19994688,1
1935,513,-6.910631657,4.527848721,1
1935,545,-7.389927864,3.240786314,1
1935,577,-7.529348373,3.168121338,1
1935,609,-7.329996586,3.100819349,1
1935,641,-7.167807579,3.642789841,1
1935,673,-7.764863968,3.819796324,1
1935,705,-7.618234158,3.705973148,1
1935,737,-7.284842491,2.907606125,1
1935,769,-6.898387909,2.86593914,1
1935,801,-6.826464653,3.583829165,1
1935,833,-6.241485119,3.026083708,1
1935,865,-5.648390293,2.729539394,1
1935,897,-8.211242676,3.046665907,1
1935,929,-1.705327034,1.208267689,1
1935,961,-2.777051926,1.303996086,1
1935,993,-4.725327015,1.597853899,1
1935,1025,-5.039883137,1.643422484,1
1935,1057,-4.511855602,1.076916695,1
1935,1089,-3.282279253,1.304065943,1
1935,1121,-2.071958065,1.555993319,1
1935,1153,-1.134435415,2.006090879,1
1935,1185,-1.027611017,0.9189031124,1
1935,1217,-0.8428856134,0.08452582359,1
1935,1249,-0.4168440104,-0.4906458259,1
1935,1281,-0.6906483173,-1.123596668,1
1935,1313,-1.102161169,0.2965095043,1
1935,1345,-0.3809418678,-0.1830687821,1
1935,1377,0.624724865,-0.4830812514,1
1935,1409,0.3686426878,-0.1358731389,1
1935,1441,-0.3833202422,-0.1522376984,1
1935,1473,-0.6978187561,-0.3000670969,1
1935,1505,-0.7490490079,0.1421657503,1
1935,1537,-0.6575545669,-0.01613970101,1
1935,1569,-0.3500600159,-0.06240326166,1
1935,1601,0.3743181229,0.2300524563,1
1935,1633,0.06905692816,0.005338490009,1
1935,1665,-0.1699413657,-0.1065349132,1
1935,1697,-0.4592631459,0.006126448512,1
1935,1729,-0.511755228,0.1851725429,1
1935,1761,-0.4463611245,0.3801454306,1
1935,1793,-0.3443546295,0.4095279872,1
1935,1825,-0.43601349,0.3482894003,1
1935,1857,-0.512879014,0.3125471771,1
1935,1889,-0.2928093076,0.4745594263,1
1935,1921,0.09158924222,0.7139971256,1
1935,1953,0.2877303958,0.7633632421,1
1935,1985,0.4937670231,0.3291137815,1
1935,2017,0.8179053068,-1.145299435,1
1967,33,-7.405870914,1.600981236,1
1967,65,-3.400371552,1.402267933,1
1967,97,-6.025468349,1.060818791,1
1967,129,-6.408249855,0.9592294693,1
1967,161,-6.064223289,1.109673262,1
1967,193,-6.140559673,2.218584776,1
1967,225,-6.729891777,2.709839821,1
1967,257,-7.997877598,2.865929842,1
1967,289,-7.925551891,2.734681368,1
1967,321,-6.443582058,2.546944618,1
1967,353,-8.439022064,19.9586792,1
1967,385,-6.003746986,4.121068954,1
1967,417,-5.268627644,4.295158863,1
1967,449,-4.800476074,3.816334724,1
1967,481,-5.735307693,4.842956543,1
1967,513,-6.640156269,4.688511848,1
1967,545,-7.744934082,1.169467449,1
1967,577,-8.837711334,2.224071264,1
1967,609,-6.661521912,2.793348312,1
1967,641,-5.393737793,2.377275705,1
1967,673,-1.200158119,1.471720219,1
1967,705,-6.752206326,2.560127735,1
1967,737,-6.8684659,3.431773663,1
1967,769,-6.881344795,3.888771534,1
1967,801,-7.048823357,3.49948287,1
1967,833,-6.60786438,2.23699379,1
1967,865,-4.684916496,2.183883667,1
1967,897,-0.3282222748,0.333666563,1
1967,929,-0.3464212418,0.366620779,1
1967,961,-1.317943096,0.2646975517,1
1967,993,-5.195952892,1.431559563,1
1967,1025,-4.451628685,0.2845109701,1
1967,1057,-3.99151516,0.1463077068,1
1967,1089,-3.654779911,1.014491558,1
1967,1121,-2.699433565,1.212209463,1
1967,1153,-1.743315935,1.078256011,1
1967,1185,-1.043665171,1.000532746,1
1967,1217,-0.784150362,0.8220379353,1
1967,1249,-0.5172166824,0.06727434695,1
1967,1281,-1.085235834,-0.4666962028,1
1967,1313,-0.9450442791,0.03612448275,1
1967,1345,-0.3329107165,-0.2297745347,1
1967,1377,0.2170130014,-0.3917366862,1
1967,1409,0.2542459965,-0.4675734937,1
1967,1441,-0.3319388032,-0.75261271,1
1967,1473,-0.534804523,-0.2235834748,1
1967,1505,-0.4048872292,0.1991161406,1
1967,1537,-0.4059313238,-0.05482827127,1
1967,1569,-0.2555767,-0.397438705,1
1967,1601,0.1590223014,0.07000444829,1
1967,1633,0.04242095351,0.1022074297,1
1967,1665,0.0575145781,-0.03224076331,1
1967,1697,-0.2229970694,0.2024469823,1
1967,1729,-0.2144346237,0.3792052865,1
1967,1761,-0.04424446821,0.3100473285,1
1967,1793,-0.3454011679,0.07328921556,1
1967,1825,-0.2989384532,0.08740928769,1
1967,1857,-0.3412601054,-0.08382171392,1
1967,1889,-0.1929236799,0.1888978183,1
1967,1921,0.3246596456,0.8516249657,1
1967,1953,0.571528554,1.218269348,1
1967,1985,0.5588144064,0.6528049707,1
1967,2017,0.3390683234,-1.876115441,1
1999,33,-0.3387970924,-0.2007894516,1
1999,65,-5.913189411,1.720104933,1
1999,97,-5.100886822,1.734968543,1
1999,129,-4.601379395,0.3271774054,1
1999,161,-4.590561867,-1.156728506,1
1999,193,-4.382122993,-1.210824966,1
1999,225,-5.045858383,0.7670691013,1
1999,257,-5.303761959,2.195271492,1
1999,289,-4.997359276,1.995089531,1
1999,321,-5.629717827,2.574625731,1
1999,353,-6.728551865,2.567911863,1
1999,385,-7.559696198,3.092318535,1
1999,417,-4.54539156,3.747635603,1
1999,449,-3.890561581,1.690681696,1
1999,481,-4.88969326,2.808119774,1
1999,513,-6.423193455,3.968330383,1
1999,545,-7.787934303,2.36068058,1
1999,577,-7.823654175,0.8651585579,1
1999,609,-5.79634285,1.208503485,1
1999,641,-4.568464756,1.497332096,1
1999,673,-0.6501064301,0.6540813446,1
1999,705,-0.6307749748,1.782126904,1
1999,737,-6.540513039,4.861638069,1
1999,769,-5.968756676,4.847025871,1
1999,801,-3.764410019,7.365965843,1
1999,833,-5.913470268,1.287063122,1
1999,865,-2.743606567,1.075680017,1
1999,897,-0.3387932777,1.640333414,1
1999,929,-2.811898232,2.382959604,1
1999,961,-5.755427837,-0.9448341131,1
1999,993,-4.845610142,0.8781953454,1
1999,1025,-3.090487242,-0.02997457981,1
1999,1057,-3.06428194,-0.5760886669,1
1999,1089,-3.993237019,0.6186691523,1
1999,1121,-1.581357002,0.6681670547,1
1999,1153,-1.520593166,0.9508210421,1
1999,1185,-1.720387936,1.226501465,1
1999,1217,-1.144880176,1.694794893,1
1999,1249,-0.04531705379,-0.03969359398,1
1999,1281,-0.5783324242,-0.4751173854,1
1999,1313,-0.74839288,0.08403116465,1
1999,1345,-0.4908699393,0.2838307619,1
1999,1377,-0.3058273792,0.08553868532,1
1999,1409,-0.01426637173,-0.07437574863,1
1999,1441,0.337100625,0.005693256855,1
1999,1473,-0.5484039783,-0.09189230204,1
1999,1505,0.01191061735,-0.2313910723,1
1999,1537,0.5716743469,-0.2896244526,1
1999,1569,-0.3316343427,-0.4771867394,1
1999,1601,-0.7033724785,-0.7973350286,1
1999,1633,-0.4589492083,-0.05588203669,1
1999,1665,-0.3066006303,-0.1107730865,1
1999,1697,0.02343931794,-0.006815254688,1
1999,1729,0.9682915211,-0.1512899846,1
1999,1761,1.2210567,0.234267205,1
1999,1793,0.7273647785,-0.04695099592,1
1999,1825,0.1285130978,-0.08011758327,1
1999,1857,-0.07547843456,-0.2869794369,1
1999,1889,0.11959517,-0.200678587,1
1999,1921,-0.23027879,0.9230680466,1
1999,1953,-0.06101262569,1.413380623,1
1999,1985,0.4534508586,0.9778096676,1
1999,2017,0.3232005239,-2.879620075,1
