PIVlab, ASCII chart output - 07-Feb-2024
FRAME: 46, filenames: A:[46]MAX_TimeSrs025_TgUtrmcherry.avi & B:[47]MAX_TimeSrs025_TgUtrmcherry.avi, conversion factor xy (px -> m): 1, conversion factor uv (px/frame -> m/s): 1
x [px],y [px],u [px/frame],v [px/frame],Vector type [-]
47,33,-1.78268075,-0.0462699011,1
47,65,0.4825521708,-0.5321529508,1
47,97,1.301205516,-0.3049771786,1
47,129,1.171806097,-0.1490077972,1
47,161,0.516289711,-0.1238583326,1
47,193,0.1516418457,0.2792891264,1
47,225,0.4709867239,0.345785141,1
47,257,0.3599652052,0.4983899593,1
47,289,0.5863157511,0.2462395132,1
47,321,0.7043139935,-0.2356058955,1
47,353,0.8689941168,-0.001930519938,1
47,385,1.005161166,0.01870119572,1
47,417,0.7834503651,-0.3106718361,1
47,449,0.05246603489,0.09815377742,1
47,481,0.4823585749,-0.0009528398514,1
47,513,-0.1426560283,-0.2167339921,1
47,545,-0.3438216448,0.4170636535,1
47,577,0.1987113953,0.5414918661,1
47,609,-0.12822932,0.5838458538,1
47,641,0.8550335169,0.4529196322,1
47,673,0.9020366669,0.2204284072,1
47,705,0.2523086071,0.3721969724,1
47,737,-0.1078345031,0.2469448894,1
47,769,-0.1504404396,0.2386806309,1
47,801,-0.08274292946,-0.04284910858,1
47,833,-0.2459835112,-0.3187369704,1
47,865,0.1812642217,0.2576067448,1
47,897,0.2966063917,0.6652672887,1
47,929,0.1132071316,0.3297656775,1
47,961,0.02841344476,-0.08924038708,1
47,993,0.6531890035,0.2627877593,1
47,1025,0.6656198502,0.606726408,1
47,1057,0.2944540977,0.6393687725,1
47,1089,0.0546515584,0.5563982129,1
47,1121,-0.3438830376,0.8804283142,1
47,1153,-0.2604919672,1.036519289,1
47,1185,-1.224775434,0.1944351196,1
47,1217,-1.444913387,0.05317157507,1
47,1249,-1.570263863,0.6461690068,1
47,1281,-2.810212612,1.132423162,1
47,1313,-1.953085899,0.9882735014,1
47,1345,0.1260732412,0.3924741745,1
47,1377,-0.2673664093,-0.2514217794,1
47,1409,-0.7983080149,-0.4825314581,1
47,1441,-1.616212487,0.3693295419,1
47,1473,-5.151646614,2.175688028,1
47,1505,-1.186019659,-0.7099973559,1
47,1537,-0.5572302341,0.3930398822,1
47,1569,-3.521682262,5.510966301,1
47,1601,-4.423634529,5.336427689,1
47,1633,-4.773780823,3.610477924,1
47,1665,-4.444896698,0.4668463469,1
47,1697,-2.846119404,0.6242556572,1
47,1729,-3.129448414,2.885212421,1
47,1761,-5.318490982,5.084024906,1
47,1793,-7.01142931,5.252491951,1
47,1825,-5.652359962,3.721910238,1
47,1857,-4.306902885,6.022565842,1
47,1889,-4.021162033,5.630432129,1
47,1921,-6.731291771,5.392224312,1
47,1953,-8.389674187,5.198493004,1
47,1985,-2.862371683,3.067199707,1
47,2017,11.21589947,-10.34049606,1
79,33,-0.3568921089,-0.06521552056,1
79,65,0.1957032084,-0.148242414,1
79,97,0.6221716404,-0.06020265073,1
79,129,0.6682486534,-0.4570679069,1
79,161,0.2346762419,-0.07208788395,1
79,193,-0.03607779741,0.3005287647,1
79,225,-0.04114997387,-0.02992144972,1
79,257,0.01610958576,0.09186264873,1
79,289,0.179261297,0.0587688908,1
79,321,-0.02670040727,-0.3673166335,1
79,353,0.5269922018,-0.27264449,1
79,385,0.7872531414,-0.4149720967,1
79,417,0.3422552347,-0.2117389739,1
79,449,0.09180983901,0.05088860542,1
79,481,0.1805770397,-0.05992662907,1
79,513,0.007561333477,0.2464681268,1
79,545,-0.1282875538,0.2532007694,1
79,577,0.036806494,0.3565960526,1
79,609,-0.01427535713,0.7705725431,1
79,641,0.07631918788,0.2784199417,1
79,673,0.255779922,0.539741993,1
79,705,0.03620445728,0.8273603916,1
79,737,-0.03295734525,0.5617595911,1
79,769,0.119735539,0.5001223087,1
79,801,0.1753401011,0.4131835103,1
79,833,0.1131614149,0.03290569782,1
79,865,0.08269882202,-0.03830015659,1
79,897,-0.03946629167,0.1448067427,1
79,929,0.3441408575,-0.08815119416,1
79,961,0.6948229074,0.1500207484,1
79,993,0.8271049857,-0.2639613748,1
79,1025,0.3077819347,0.2038545012,1
79,1057,0.9634839892,0.1983542442,1
79,1089,0.8540006876,0.6163698435,1
79,1121,0.01772993803,2.747684717,1
79,1153,-0.9550122619,1.1685431,1
79,1185,-1.662760019,0.7898077369,1
79,1217,-2.056008577,0.4049522579,1
79,1249,-1.712518334,0.4702993333,1
79,1281,-0.5326783657,0.02739095688,1
79,1313,-0.8666864634,0.406568408,1
79,1345,-0.09842777252,0.1748659015,1
79,1377,-0.6506291032,-0.09275876731,1
79,1409,-1.332072496,-0.1402498782,1
79,1441,-2.150687933,-0.0334687084,1
79,1473,-2.291474581,0.1204037368,1
79,1505,-1.516183257,0.2589892447,1
79,1537,-1.282080889,1.039596081,1
79,1569,-3.637802601,2.730378628,1
79,1601,-3.711455345,2.699306488,1
79,1633,-3.943912506,1.931947708,1
79,1665,-3.842285156,2.905911922,1
79,1697,-3.532440186,3.688280582,1
79,1729,-3.639178038,3.921728373,1
79,1761,-3.695902824,3.785190582,1
79,1793,-4.227241039,3.862677097,1
79,1825,-4.159292221,4.661108971,1
79,1857,-3.591631889,5.08742094,1
79,1889,-5.366535187,5.691123009,1
79,1921,-4.451072693,2.831979513,1
79,1953,-3.04307127,5.136809349,1
79,1985,-2.645663977,2.782112837,1
79,2017,0.3917472363,-1.510227799,1
111,33,0.09550625086,-0.0554368943,1
111,65,0.3089364767,-0.003555480391,1
111,97,0.4717328548,0.1302019805,1
111,129,0.2493272424,-0.4413138628,1
111,161,0.3028333187,-0.1328311265,1
111,193,0.413028121,-0.1266979873,1
111,225,-0.01101511717,-0.3203183413,1
111,257,0.05801574886,-0.2429788113,1
111,289,0.1410589516,-0.3150677383,1
111,321,0.01105062664,-0.5072420239,1
111,353,0.06144572794,-0.251354754,1
111,385,0.2558284998,-0.3784841299,1
111,417,0.1391716897,-0.1969744861,1
111,449,-0.005697377026,-0.04070961475,1
111,481,0.01097168028,-0.07053823769,1
111,513,0.1931794584,0.3299150169,1
111,545,-0.377687186,0.1623939276,1
111,577,-0.3031850159,0.128469184,1
111,609,0.07340097427,0.03913792968,1
111,641,0.09007133543,-0.06850725412,1
111,673,0.07796537876,0.7070570588,1
111,705,0.08515831828,0.8117601275,1
111,737,0.3818945885,0.04236739874,1
111,769,0.3434930444,0.3407914042,1
111,801,0.2201805115,0.2555480599,1
111,833,0.6326504946,0.02288658917,1
111,865,0.2688292563,0.02929157019,1
111,897,-0.4516763687,-0.5351336002,1
111,929,0.03969275951,-0.887590766,1
111,961,0.8506000042,0.02479681373,1
111,993,0.6505493522,-0.06458732486,1
111,1025,0.8148130774,0.3583400249,1
111,1057,1.07474494,0.1766650081,1
111,1089,0.8731094599,0.5209441781,1
111,1121,0.2842826545,2.864183903,1
111,1153,-0.8239008784,1.148215055,1
111,1185,-1.284649849,0.9239474535,1
111,1217,-1.525368214,0.4569069147,1
111,1249,-1.039837956,0.2832807004,1
111,1281,-0.2485352755,0.49882254,1
111,1313,-0.311283946,0.3015272915,1
111,1345,-0.7370904684,0.3722147644,1
111,1377,-1.040654182,0.1806920767,1
111,1409,-1.199744582,0.04581660032,1
111,1441,-2.488554478,-0.2084132284,1
111,1473,-2.599772453,0.179846108,1
111,1505,-1.620203972,0.709056139,1
111,1537,-2.766419888,6.428926945,1
111,1569,-3.206160545,8.167282104,1
111,1601,-3.055692196,2.133808136,1
111,1633,-3.014110804,2.25372076,1
111,1665,-3.524995804,3.903811216,1
111,1697,-4.156917572,4.295907974,1
111,1729,-4.840620995,4.185127258,1
111,1761,-3.690985918,4.090920448,1
111,1793,-3.679481506,4.119813919,1
111,1825,-4.245092869,4.99819088,1
111,1857,-4.164759636,5.024165154,1
111,1889,-1.078012228,1.909385681,1
111,1921,-0.5425469875,1.06409049,1
111,1953,0.3410457373,0.3593434989,1
111,1985,-0.1066977382,0.315900445,1
111,2017,-3.122736216,0.2952632904,1
143,33,-0.2202006876,-0.01478213072,1
143,65,0.8358832002,-0.3252547383,1
143,97,0.7946920991,-0.2766405344,1
143,129,0.06030130386,-0.3838391006,1
143,161,0.4435552359,-0.2568619847,1
143,193,0.5982428789,-0.2072434723,1
143,225,0.195608139,-1.097593665,1
143,257,-0.398268342,-0.659743309,1
143,289,-0.5169478059,-0.1278864145,1
143,321,-4.915927887,3.448953152,1
143,353,-0.5016676188,-0.2503030896,1
143,385,-0.3807712197,0.03861039877,1
143,417,-0.7395297289,1.023636222,1
143,449,-0.7363083363,0.4570069313,1
143,481,-0.2533432543,-0.07715493441,1
143,513,0.2712396979,-0.1977964193,1
143,545,0.2498493195,0.3008418679,1
143,577,0.05789840221,0.2514648438,1
143,609,-0.06238332391,-0.3594827056,1
143,641,0.01168859005,-0.7260642052,1
143,673,-0.04113644361,0.3077765405,1
143,705,0.1774215698,0.2960728705,1
143,737,0.5525445938,-0.2301334143,1
143,769,0.518964231,0.5885931253,1
143,801,0.2882754803,0.5335434675,1
143,833,0.9518365264,0.3353349566,1
143,865,1.004833937,0.1121437997,1
143,897,-0.04356503487,-0.2889571786,1
143,929,-0.4422245026,-0.4287844896,1
143,961,0.416457653,0.1604514569,1
143,993,0.3709512353,0.3674858212,1
143,1025,0.7625383139,0.6219288111,1
143,1057,0.8023154736,0.8065118194,1
143,1089,0.05577087402,0.8679658175,1
143,1121,0.07641837746,0.5686256886,1
143,1153,-0.5894584656,0.7198343277,1
143,1185,-0.7572638988,0.7223339677,1
143,1217,-0.4160944223,0.2998098135,1
143,1249,-0.01563262939,0.2922621965,1
143,1281,-0.3354482651,0.1876650751,1
143,1313,-0.8812872767,0.2569836974,1
143,1345,-0.938493371,0.4411180615,1
143,1377,-0.8231294751,0.3067751527,1
143,1409,-0.7749649286,0.07966748625,1
143,1441,-1.201218963,-0.4441903234,1
143,1473,-1.040442944,-0.6773383617,1
143,1505,-4.949313164,2.731822252,1
143,1537,-3.190869093,4.61242342,1
143,1569,-1.612080336,5.916666031,1
143,1601,-0.8897470236,0.4916596413,1
143,1633,-1.617557287,0.8501865864,1
143,1665,-2.917338371,2.726793766,1
143,1697,-3.014041424,3.899507284,1
143,1729,-3.45767951,4.406460762,1
143,1761,-3.82815361,4.762696743,1
143,1793,-3.952183008,4.632296562,1
143,1825,-4.222491264,4.52478981,1
143,1857,-4.414611816,3.978523731,1
143,1889,-2.207657576,1.110660076,1
143,1921,-0.8247270584,0.5029191971,1
143,1953,0.3817028403,0.02331084013,1
143,1985,-0.02864420414,0.1006656885,1
143,2017,-0.8941612244,0.1480026245,1
175,33,-0.2528911233,0.006917789578,1
175,65,0.5743274093,-0.4300833344,1
175,97,0.7069604993,-0.5462903976,1
175,129,0.2806370258,-0.2084988058,1
175,161,0.8347066641,-0.5729632974,1
175,193,0.8653748035,-0.4358121455,1
175,225,0.1262096167,-0.5083261728,1
175,257,0.07935273647,-0.8823445439,1
175,289,0.03755694628,0.07467460632,1
175,321,-4.048330307,2.748315811,1
175,353,-0.5154174566,0.0186561048,1
175,385,-0.3033761382,0.3465455174,1
175,417,-1.625843048,2.084914207,1
175,449,-1.39296782,0.9400303364,1
175,481,-0.1209231168,-0.05546794832,1
175,513,-0.05788242817,-0.2782286406,1
175,545,1.29172945,0.517698288,1
175,577,4.354198456,-0.801678896,1
175,609,1.531499267,-0.4102149904,1
175,641,0.4098356664,-1.169249058,1
175,673,0.3663771749,-0.3294904232,1
175,705,0.6802960634,-0.4354410768,1
175,737,1.042055845,-0.2172586024,1
175,769,0.8369042873,0.7816336751,1
175,801,0.9490805268,0.6692104936,1
175,833,1.33043766,-0.1881606579,1
175,865,1.304659128,-0.5826417804,1
175,897,0.5237206221,0.2156634182,1
175,929,0.2974510193,0.4013444185,1
175,961,0.2610805631,0.3708401918,1
175,993,0.4762604237,0.4966015816,1
175,1025,0.7402523756,0.5312831402,1
175,1057,0.6158556938,0.604937315,1
175,1089,0.04957430065,0.8174168468,1
175,1121,-0.2029587775,0.5454407334,1
175,1153,-0.01155656576,0.05219969153,1
175,1185,-0.08361467719,-0.3143888414,1
175,1217,-0.5642845035,-0.1502436697,1
175,1249,-0.5952629447,0.6430371404,1
175,1281,-0.460434556,0.3122393489,1
175,1313,-0.9773073196,0.1085258722,1
175,1345,-1.14476347,0.1817134619,1
175,1377,-1.100761294,0.2548297942,1
175,1409,-0.7421884537,0.2050140351,1
175,1441,-0.9406744242,-0.792845428,1
175,1473,-1.140565515,-0.9653866887,1
175,1505,-1.147849798,0.9404901862,1
175,1537,-0.93282336,0.8506709337,1
175,1569,-0.4385493994,0.1165701449,1
175,1601,0.04464679956,-0.3692575693,1
175,1633,-0.9173209667,-0.3118423223,1
175,1665,-2.792460442,1.899638414,1
175,1697,-1.664764404,1.278949261,1
175,1729,-3.087984085,2.310372353,1
175,1761,-4.117256165,4.272789001,1
175,1793,-4.135034561,4.699417114,1
175,1825,-3.181014299,3.802903414,1
175,1857,-1.322897673,3.379760265,1
175,1889,-0.9950478077,1.043311119,1
175,1921,-0.5084307194,0.8243745565,1
175,1953,0.2526032031,0.9397583604,1
175,1985,15.97566128,2.82975769,1
175,2017,-1.420907617,-0.3499087095,1
207,33,-0.2063184083,-0.02241453528,1
207,65,0.921590209,-0.4758679867,1
207,97,1.588048697,-0.4550690651,1
207,129,1.143980265,-0.03295764327,1
207,161,0.8064578176,-0.2274083793,1
207,193,0.6864832044,-0.6641107798,1
207,225,0.2644097209,-0.1659026146,1
207,257,0.4693767428,0.2209059,1
207,289,1.413412571,-0.2305810004,1
207,321,0.9601039886,-0.1531532109,1
207,353,0.08765123785,0.4274775684,1
207,385,0.008576765656,0.5786342025,1
207,417,-0.000432357192,0.6869580746,1
207,449,0.1175186038,0.7131661177,1
207,481,0.1077150106,0.1670171618,1
207,513,0.01297345757,0.1957620084,1
207,545,0.7731075883,0.5101317167,1
207,577,4.889643669,-0.7234502435,1
207,609,1.778238535,-0.4026721418,1
207,641,0.6215909719,-0.8425042629,1
207,673,0.5978956223,-0.5340710878,1
207,705,0.6984682679,-0.1099963188,1
207,737,0.7000858188,0.01093265414,1
207,769,0.5384645462,-0.204639256,1
207,801,2.132044077,-0.7138302922,1
207,833,0.8822407126,-0.6723890305,1
207,865,0.8763772249,-0.7722418308,1
207,897,0.7022424936,-0.001291841269,1
207,929,0.5468192101,0.0726731047,1
207,961,0.6883260608,0.4180377424,1
207,993,1.988346934,0.763707757,1
207,1025,1.17437768,0.855926156,1
207,1057,0.1715570986,0.6479365826,1
207,1089,0.3167185783,1.109758139,1
207,1121,0.2124166638,0.7680259347,1
207,1153,0.3353693783,0.03189480305,1
207,1185,0.6829047203,-0.4628066719,1
207,1217,0.1755660772,0.04702328146,1
207,1249,-0.8187837005,0.4574121237,1
207,1281,-0.7735586166,0.707877934,1
207,1313,-1.058235884,1.068180084,1
207,1345,-0.9810490608,0.7217673659,1
207,1377,-0.6807691455,-0.1045175791,1
207,1409,-0.6580891013,0.3195440173,1
207,1441,-0.7781828642,-0.01245182566,1
207,1473,-1.062020063,0.1830827594,1
207,1505,-0.7525515556,0.4659587741,1
207,1537,-0.2168341875,0.2580834031,1
207,1569,-0.02031874657,-0.1125720739,1
207,1601,-0.04998034239,0.1524246633,1
207,1633,-0.2352005243,0.1200546622,1
207,1665,-1.701926708,1.580905795,1
207,1697,-3.280846119,1.671485424,1
207,1729,-3.649451733,2.292026043,1
207,1761,-4.376945496,3.303161383,1
207,1793,-4.384188652,3.643376112,1
207,1825,-1.725505829,2.766400814,1
207,1857,-0.7212438583,2.041401386,1
207,1889,-0.3064742088,0.2463829517,1
207,1921,-0.1958656907,0.313000381,1
207,1953,0.4273604155,0.6037273407,1
207,1985,-0.5163712502,0.498054415,1
207,2017,-0.02240419388,-1.715810061,1
239,33,-0.135407269,-0.03552482277,1
239,65,1.10577023,-0.2358680069,1
239,97,1.628181577,-0.5340576768,1
239,129,0.9616738558,0.0008965283632,1
239,161,0.9791536331,-0.1124333888,1
239,193,1.199226141,-0.4700956345,1
239,225,0.8063703775,-0.3203531504,1
239,257,0.7767623067,-0.4856900573,1
239,289,1.958524227,-0.4260654747,1
239,321,2.045166492,-0.5165848732,1
239,353,0.2670816779,0.1075418741,1
239,385,0.2744514048,0.4343392551,1
239,417,0.5788683295,0.3779612184,1
239,449,0.4473726451,0.1562273502,1
239,481,0.406624794,0.2336503714,1
239,513,0.204523772,0.6687726378,1
239,545,-0.2275568843,0.01526003331,1
239,577,0.3562994599,0.1355521828,1
239,609,0.1643744409,0.2351922989,1
239,641,0.2754878104,11.11512566,1
239,673,-0.06947803497,9.539931297,1
239,705,1.001789212,-0.04796949029,1
239,737,0.886918664,-0.02208438516,1
239,769,0.6333166361,-0.2888095379,1
239,801,0.38489151,-0.2809041142,1
239,833,0.2914101481,-0.4328440428,1
239,865,0.4464717507,-0.3542451262,1
239,897,0.4715650082,-0.3235021532,1
239,929,0.7606877089,-0.3122380376,1
239,961,1.078909874,0.2480515838,1
239,993,0.9927062392,0.6319574118,1
239,1025,0.4986711144,0.7203053832,1
239,1057,-0.02259254456,0.6269229054,1
239,1089,0.5281988382,1.197475433,1
239,1121,0.4069220126,0.4639447331,1
239,1153,0.1458388567,-0.5714343786,1
239,1185,0.5691111088,-0.7045978308,1
239,1217,0.5343412161,0.8058058023,1
239,1249,-0.8686184883,0.6992537379,1
239,1281,-1.463674784,1.172580719,1
239,1313,-1.710725069,2.372608662,1
239,1345,-0.7873260379,1.404926538,1
239,1377,-0.3747866154,0.07012474537,1
239,1409,-0.6625671387,0.05024712533,1
239,1441,-1.663381577,-0.1318258643,1
239,1473,-1.30149591,0.6119066477,1
239,1505,-0.8545904756,0.7218365669,1
239,1537,-0.3700349927,0.3057329655,1
239,1569,0.5466557741,0.55212605,1
239,1601,-3.015296698,2.491444111,1
239,1633,-4.021473408,2.055692196,1
239,1665,-3.297697067,2.269763708,1
239,1697,-3.594775438,2.336369991,1
239,1729,-3.969954967,2.146214247,1
239,1761,-4.522372246,2.158116817,1
239,1793,-5.710128307,1.225285053,1
239,1825,-4.019897461,3.39790678,1
239,1857,-3.57317543,3.872809887,1
239,1889,-0.5359182358,0.1741172522,1
239,1921,-0.3193922639,0.03585666418,1
239,1953,-0.5882002115,0.5094574094,1
239,1985,-1.247474194,1.183263898,1
239,2017,0.5768319368,-2.456964493,1
271,33,-0.02785181999,0.1704481244,1
271,65,0.6882911921,0.06612360477,1
271,97,0.9658617973,5.305557728,1
271,129,0.6533806324,0.15257065,1
271,161,1.088168859,-0.1251237988,1
271,193,1.215640545,-0.2437320501,1
271,225,0.8346500993,-0.1741036326,1
271,257,0.8717217445,0.0424112156,1
271,289,1.348337293,0.2535840273,1
271,321,1.167160511,0.06292130798,1
271,353,0.801787436,-0.1862360239,1
271,385,0.3864484429,0.0700892508,1
271,417,0.4056294858,0.2972555757,1
271,449,0.3095337152,0.3351914585,1
271,481,0.3984409571,0.1346473098,1
271,513,-0.2687700689,-0.5659347177,1
271,545,-0.8496011496,-1.313872576,1
271,577,0.1621789634,-0.1779426038,1
271,609,0.2194977999,0.3730587661,1
271,641,-0.1617807746,11.662673,1
271,673,-0.5562981367,9.623720169,1
271,705,0.786008358,-0.04285256565,1
271,737,0.7870422602,-0.5904580355,1
271,769,0.6446764469,-0.3056180477,1
271,801,0.2503077984,0.4701377451,1
271,833,0.09386783838,-0.1860231608,1
271,865,0.5053189397,-0.5207433701,1
271,897,0.4486968517,-0.6262888312,1
271,929,0.2380024195,-0.6114029884,1
271,961,0.4449445009,0.265419066,1
271,993,0.6885894537,0.6149781942,1
271,1025,0.6239381433,0.6009063721,1
271,1057,0.2160268426,0.4912686646,1
271,1089,0.2697656155,0.09195944667,1
271,1121,0.1683968306,-0.1230382025,1
271,1153,-0.1625080705,-0.8019762635,1
271,1185,0.3740854859,-0.1356938034,1
271,1217,0.3733152151,0.7268188,1
271,1249,-0.407779932,0.8904915452,1
271,1281,-0.744058609,0.8786798716,1
271,1313,-0.9845135808,1.539310336,1
271,1345,-1.089737535,1.327082872,1
271,1377,-0.6324363947,0.5192350149,1
271,1409,-0.5487879515,-0.1577959061,1
271,1441,-0.5213483572,0.1237692833,1
271,1473,-0.846875906,1.23562181,1
271,1505,-0.4626162946,1.313593745,1
271,1537,0.203727603,0.5560715795,1
271,1569,0.2869789004,0.6040728092,1
271,1601,-1.482624054,0.600581646,1
271,1633,-4.577805519,2.760398149,1
271,1665,-2.198430777,3.131519318,1
271,1697,-3.372433424,3.214748621,1
271,1729,-4.295645714,2.416281462,1
271,1761,-4.666445255,1.147441626,1
271,1793,-7.501271248,-1.23064208,1
271,1825,-6.139584541,0.6925271749,1
271,1857,-4.852136135,2.864220619,1
271,1889,-0.6313821077,1.769418836,1
271,1921,-0.747397244,1.239306927,1
271,1953,-0.9136817455,0.7673217654,1
271,1985,-1.002280474,0.7103606462,1
271,2017,-0.236675024,-1.531569481,1
303,33,-0.2751691341,0.1855188608,1
303,65,3.851352692,2.577783346,1
303,97,1.99325335,5.35139513,1
303,129,0.04879236221,1.417032719,1
303,161,0.9742965698,0.206065774,1
303,193,0.7998574972,0.1147761866,1
303,225,0.4038476944,0.5010151267,1
303,257,0.3282670975,1.592558146,1
303,289,1.227089286,1.031525731,1
303,321,1.179323435,0.2227087021,1
303,353,0.990623951,-0.06097592041,1
303,385,0.7185171247,0.02660353109,1
303,417,0.4623595476,0.3700430989,1
303,449,0.3577066064,0.05396720767,1
303,481,0.4055044353,-0.1469273418,1
303,513,0.2239929736,-0.5371853709,1
303,545,-0.7713623047,-2.046582937,1
303,577,0.2681839764,-0.5090389848,1
303,609,0.07841348648,0.7600457668,1
303,641,-0.008084990084,0.7463781238,1
303,673,0.07375245541,0.3077426553,1
303,705,0.06360888481,0.007185414433,1
303,737,0.02898354828,-0.5260475278,1
303,769,0.09632347524,-0.2712087631,1
303,801,0.1600788534,0.3659912348,1
303,833,0.270240128,-0.0502184853,1
303,865,0.9244847894,-0.2792579234,1
303,897,4.076197624,-1.292062521,1
303,929,0.1910552382,-0.5128370523,1
303,961,0.3060907125,0.3258555532,1
303,993,0.9022189379,0.6083313227,1
303,1025,1.170608282,0.3844885826,1
303,1057,1.266464472,0.08012323081,1
303,1089,0.375277698,-0.521927774,1
303,1121,-0.6067917347,-0.4248035252,1
303,1153,0.3702402711,-0.09996844083,1
303,1185,0.2703469992,0.01153652743,1
303,1217,-0.2556923032,-0.115081422,1
303,1249,-0.3283635676,0.1925912201,1
303,1281,0.5316699743,0.6368741989,1
303,1313,-0.1146155,0.8164390326,1
303,1345,-1.275357246,1.02376771,1
303,1377,-0.7045616508,0.2879080772,1
303,1409,-0.3550990224,0.1151417494,1
303,1441,-0.6722324491,0.9047012329,1
303,1473,-0.485126853,1.561608791,1
303,1505,0.1371150613,1.481188178,1
303,1537,0.0490450561,0.3620899916,1
303,1569,-0.3204297423,0.07566514611,1
303,1601,-0.8083301783,0.4564372301,1
303,1633,-2.31659174,2.300073147,1
303,1665,-3.202208996,4.077634811,1
303,1697,-3.554796219,4.125886917,1
303,1729,-3.285549402,2.561233997,1
303,1761,-1.028828382,0.8493647575,1
303,1793,-0.3192511201,-0.07974171638,1
303,1825,-0.4867340922,-0.5346326828,1
303,1857,-0.97083354,0.1379661262,1
303,1889,-0.353674829,0.8150078654,1
303,1921,-0.2734499276,1.507212877,1
303,1953,-0.3996582925,1.166986346,1
303,1985,-0.3679516017,0.325507015,1
303,2017,-0.6471686363,-0.5061841011,1
335,33,-0.175031662,0.006024837494,1
335,65,0.5393234491,1.4160465,1
335,97,0.4357854128,3.036183834,1
335,129,0.050791502,2.101969719,1
335,161,3.70503521,0.4138014913,1
335,193,0.9975795746,0.8351683021,1
335,225,0.07384753227,2.040809631,1
335,257,-8.155889511,1.075908542,1
335,289,-7.943400383,0.713285625,1
335,321,0.8246608377,0.3533184826,1
335,353,0.9963251352,-0.2370490432,1
335,385,0.9405728579,-0.2448334992,1
335,417,0.4108388424,0.4288903773,1
335,449,0.2174372673,-0.1417131424,1
335,481,0.09807825089,0.1183649153,1
335,513,0.2845910788,0.4198635817,1
335,545,1.654868484,-0.3558210731,1
335,577,2.510304928,0.0943615213,1
335,609,-0.1368959248,0.8586147428,1
335,641,-0.2838256359,0.8910341859,1
335,673,0.1361134052,-0.04269257188,1
335,705,0.2518664002,-0.2525068521,1
335,737,-0.3494654596,-0.3231373429,1
335,769,0.1172344685,0.2780348659,1
335,801,0.2009994686,-0.1259709597,1
335,833,0.02355229855,-0.3358159065,1
335,865,0.6367461681,-0.411055088,1
335,897,1.942547321,-0.5838472247,1
335,929,1.941220641,-0.2178367376,1
335,961,1.461169839,0.6087486744,1
335,993,1.469174385,0.8036613464,1
335,1025,1.501443028,0.1948158145,1
335,1057,1.758077025,-0.04711709917,1
335,1089,0.5122992992,-0.06182543188,1
335,1121,-0.5957643986,-0.1646351516,1
335,1153,-0.1232708395,0.1383351535,1
335,1185,0.1283130646,0.01030984521,1
335,1217,0.004322856665,-0.2912870646,1
335,1249,-4.635018349,-0.1637648642,1
335,1281,-0.3132965565,0.3626107574,1
335,1313,0.5372556448,0.2343224287,1
335,1345,0.6954215765,0.6978926063,1
335,1377,-0.9121516347,0.7144777775,1
335,1409,-0.8895130157,0.5367290974,1
335,1441,-0.802818656,0.9097113013,1
335,1473,-0.5599161983,0.9044671655,1
335,1505,-0.450909853,0.4973872602,1
335,1537,-0.5520085096,0.2262406647,1
335,1569,-1.007615089,0.3873066008,1
335,1601,-1.446156859,1.155668974,1
335,1633,-2.46764183,2.084103584,1
335,1665,-3.591293335,4.08173418,1
335,1697,-4.1882267,4.111763,1
335,1729,-2.573731899,0.8674805164,1
335,1761,-0.463360548,0.4175803661,1
335,1793,-0.2222447395,-0.3977879882,1
335,1825,-0.6132901311,-0.9346351624,1
335,1857,-0.6350370646,0.007995545864,1
335,1889,-0.3803987801,0.2658869028,1
335,1921,0.03475451469,0.5699185133,1
335,1953,0.1539208889,0.4419780374,1
335,1985,-0.0007524192333,-0.1192057803,1
335,2017,-0.4833664894,-0.1620156169,1
367,33,-0.4384065866,-0.03864622116,1
367,65,16.39382172,8.109380722,1
367,97,0.3202490211,0.2187004089,1
367,129,0.4799311757,0.4750634134,1
367,161,0.7038295865,-1.355716228,1
367,193,0.5814429522,-0.7934687138,1
367,225,-1.778658867,3.270060539,1
367,257,0.4059017301,2.919551849,1
367,289,1.062613606,1.815246105,1
367,321,1.141216755,0.6514188647,1
367,353,0.936692059,-0.2594294846,1
367,385,1.074591756,-0.6462727189,1
367,417,0.8575991988,-0.04591712356,1
367,449,0.3107668459,-0.01307989657,1
367,481,0.2499296665,0.413130939,1
367,513,0.4703591466,0.3792368174,1
367,545,0.9607582688,0.003308858722,1
367,577,0.5976865292,0.5083876252,1
367,609,0.01311674714,0.7373462915,1
367,641,-0.07673430443,0.5591785908,1
367,673,0.04637302458,0.01498701423,1
367,705,0.4747707844,-0.7398859262,1
367,737,0.260107547,-0.3913123906,1
367,769,0.6725230217,-0.5107479095,1
367,801,0.8666691184,-0.5660449862,1
367,833,1.042523503,-0.4513221979,1
367,865,1.526601553,-0.4243985415,1
367,897,1.901534796,-0.4314646423,1
367,929,3.177979946,0.4834243357,1
367,961,1.748843431,1.69826591,1
367,993,1.183309913,1.174951553,1
367,1025,0.5576924682,-0.06439423561,1
367,1057,0.4131592512,0.1286103725,1
367,1089,0.760607183,0.5885149837,1
367,1121,0.6411901712,0.1346223503,1
367,1153,-0.4310477078,0.3894523382,1
367,1185,-0.4907205701,0.3101084828,1
367,1217,-0.2091393173,-0.1725172997,1
367,1249,-0.8743128777,-0.6305440068,1
367,1281,-1.405504942,0.04258604348,1
367,1313,-0.5104271173,0.6351084113,1
367,1345,-0.3177668452,0.6986864805,1
367,1377,-0.945774138,1.363258481,1
367,1409,-1.893102169,1.442287683,1
367,1441,-0.9300182462,0.4529997706,1
367,1473,-0.3474027514,0.392748028,1
367,1505,-0.8274393082,-0.2499512732,1
367,1537,-1.052762508,0.001028746367,1
367,1569,-1.475703001,0.003872066736,1
367,1601,-1.979704499,0.3239642382,1
367,1633,-2.515918732,1.85106349,1
367,1665,-3.042607307,3.180233479,1
367,1697,-3.36707139,3.114965677,1
367,1729,-2.131441116,0.6267807484,1
367,1761,-1.036271691,0.3821145296,1
367,1793,-0.6513769627,0.09612718225,1
367,1825,-0.3091084063,-0.3748088777,1
367,1857,-0.3398320079,0.06605491042,1
367,1889,-0.1248962879,-0.1423256099,1
367,1921,-0.268415451,0.2263442278,1
367,1953,-0.2429163158,0.2421329468,1
367,1985,0.2506806552,-0.4262313843,1
367,2017,-0.3518795967,-0.2186594903,1
399,33,-0.3839199841,0.1300579309,1
399,65,-0.5217246413,-0.6090875268,1
399,97,0.01569995284,-0.3566810489,1
399,129,0.2553296089,-0.0511752367,1
399,161,0.4248353243,0.008262723684,1
399,193,0.489120245,-0.1696305722,1
399,225,0.4625214338,0.7713626623,1
399,257,1.044630527,2.053528786,1
399,289,1.364009023,1.791475296,1
399,321,0.8315342665,0.8105602264,1
399,353,0.1958799362,0.02088034153,1
399,385,0.6033774614,-0.5627033114,1
399,417,1.501395702,-0.2609812319,1
399,449,1.13038826,-0.2661384344,1
399,481,0.9100661278,0.1712784469,1
399,513,0.7295798063,-0.2168236077,1
399,545,0.6080367565,0.08141234517,1
399,577,0.422506988,0.4442890584,1
399,609,0.3935036659,0.7858598828,1
399,641,0.1696565449,0.2344299257,1
399,673,-0.07292231917,-0.008155018091,1
399,705,0.322360456,-0.4108282924,1
399,737,0.7006636858,-0.3817131817,1
399,769,1.132315874,-1.033063173,1
399,801,1.301285267,-0.9422482252,1
399,833,1.529075384,-0.5786585212,1
399,865,1.782139301,-0.6617698669,1
399,897,1.436737061,-0.6596908569,1
399,929,2.418058872,-0.4214259386,1
399,961,1.938666105,0.09223747253,1
399,993,0.9695616364,0.1856792867,1
399,1025,-0.01502102613,0.2448092103,1
399,1057,0.3296239376,-0.2926726043,1
399,1089,0.7941021919,-0.4210931659,1
399,1121,0.8424649835,-0.04881587997,1
399,1153,0.2613751292,0.007874332368,1
399,1185,-0.1317752451,-0.2168523371,1
399,1217,-0.5581095815,-0.6819665432,1
399,1249,-0.7664269805,-0.6902446747,1
399,1281,-0.8696036339,-0.1664665937,1
399,1313,-0.9241297245,0.9948536158,1
399,1345,-0.5603914261,0.5621700883,1
399,1377,-0.7915759683,0.9880867004,1
399,1409,-1.478929639,1.704298496,1
399,1441,-0.9826652408,0.1975125074,1
399,1473,-0.9697832465,-0.5499465466,1
399,1505,-5.554207802,-0.4570747912,1
399,1537,-1.241236091,0.4105991721,1
399,1569,-1.641183972,0.8561890125,1
399,1601,-2.443497181,1.005598068,1
399,1633,-2.922109127,2.366851807,1
399,1665,-2.079654694,2.653030396,1
399,1697,-1.629095554,1.514695287,1
399,1729,-1.003009796,0.6699384451,1
399,1761,-0.6370801926,0.3619230986,1
399,1793,-0.3904694915,0.5427428484,1
399,1825,-0.334128052,0.2853297293,1
399,1857,-0.5127799511,-0.3122632504,1
399,1889,-0.07556015253,-0.5080256462,1
399,1921,-0.145642519,-0.204840064,1
399,1953,-0.1505827904,0.008734129369,1
399,1985,0.4433708787,-0.242643714,1
399,2017,0.2971636057,-0.3868464231,1
431,33,-0.360691607,-0.0804848671,1
431,65,-0.7748839259,-0.9998332262,1
431,97,-0.4960923791,-0.7611472607,1
431,129,-0.1949132979,-0.225129962,1
431,161,-0.1423535347,0.6180793047,1
431,193,0.4652374983,0.8394680023,1
431,225,1.308160543,0.4828977585,1
431,257,0.6896841526,1.115327239,1
431,289,0.401224941,1.25555706,1
431,321,-0.06999638677,0.8661854267,1
431,353,-0.3191711605,0.1021619439,1
431,385,-0.04639616609,-0.2451911569,1
431,417,0.2831576467,-0.05616092309,1
431,449,1.588691473,-0.06354565173,1
431,481,2.013419628,-0.3184610307,1
431,513,0.8179142475,-0.7222853899,1
431,545,0.814840436,0.009620182216,1
431,577,0.9397338629,0.1904649884,1
431,609,1.04638052,0.05278679729,1
431,641,0.701203227,-0.01183266938,1
431,673,-0.4671915174,0.3988944292,1
431,705,-0.1532129347,-0.04519307613,1
431,737,0.4380632043,-0.1443211138,1
431,769,0.678542614,-0.696428597,1
431,801,1.03836441,-0.9584879875,1
431,833,1.400387526,-0.9595050812,1
431,865,1.377807617,-1.236512303,1
431,897,1.358076096,-2.101670504,1
431,929,1.392652273,-1.673560143,1
431,961,1.117839098,-0.8731715679,1
431,993,0.5953067541,-0.5974436402,1
431,1025,0.1423017979,-0.2679071128,1
431,1057,0.7574207783,-0.8176711202,1
431,1089,0.8040530682,-0.6927047968,1
431,1121,0.7925878167,0.2877600193,1
431,1153,0.4167559743,0.2459510863,1
431,1185,0.1322936714,-0.24445647,1
431,1217,-0.06448881328,-0.3219573498,1
431,1249,-0.2994034886,-0.2938550115,1
431,1281,-0.5393980742,-0.3040485382,1
431,1313,-0.7311729193,-0.4550513029,1
431,1345,-0.8475910425,-0.1497126818,1
431,1377,-0.9332858324,0.6333649158,1
431,1409,-0.6900627613,1.83344388,1
431,1441,-0.2360328436,0.4903613329,1
431,1473,-0.7542210221,-0.3775975108,1
431,1505,-0.6767715216,-0.1577289104,1
431,1537,-0.5966669321,1.006036043,1
431,1569,-1.593005896,1.641886592,1
431,1601,-2.524493933,2.20062995,1
431,1633,-2.780177593,2.477521181,1
431,1665,-1.855036259,1.87160933,1
431,1697,-1.309740067,0.7634063959,1
431,1729,-1.880517244,0.4720352888,1
431,1761,-0.4925148487,0.7312420011,1
431,1793,-0.1769055426,0.2144249082,1
431,1825,-0.2653182447,-0.3349761367,1
431,1857,-0.9902949333,-1.946319818,1
431,1889,-0.8554391861,-1.261620402,1
431,1921,-0.2662075162,-0.5616721511,1
431,1953,-0.2025119662,-0.24949947,1
431,1985,0.2217938602,-0.1949846745,1
431,2017,0.2809634805,-0.4360245764,1
463,33,-0.4039973021,-0.162327379,1
463,65,-0.3933031857,-1.00527668,1
463,97,-0.4890358448,-0.6104680896,1
463,129,0.1047001928,-0.002134174109,1
463,161,0.227677092,-0.1446969807,1
463,193,0.3666968048,-0.1549028754,1
463,225,0.6520095468,0.6526101828,1
463,257,0.5739629269,0.9186940193,1
463,289,0.1054602861,1.469703794,1
463,321,-0.748436749,1.92384243,1
463,353,-1.254194021,1.467427015,1
463,385,-0.4657045901,0.5217958689,1
463,417,-0.04100635648,0.2068115026,1
463,449,0.8241647482,-0.02894304693,1
463,481,0.831495285,-0.2048904151,1
463,513,-0.09362697601,-0.282311976,1
463,545,1.334795594,-0.411945343,1
463,577,1.855333805,0.0564186573,1
463,609,1.210619926,0.2619177997,1
463,641,0.7233693004,0.5147199631,1
463,673,0.1928128749,0.3495227396,1
463,705,-0.2478803992,0.02728080004,1
463,737,0.0390124023,-0.1289716661,1
463,769,0.17135185,0.4090689421,1
463,801,0.440962553,-0.1191692352,1
463,833,0.8593480587,-0.6452780366,1
463,865,1.061195374,-1.189795256,1
463,897,1.393855929,-2.517149687,1
463,929,1.169028759,-2.478765011,1
463,961,0.6810068488,-1.980192423,1
463,993,-0.06433486938,-1.12546432,1
463,1025,-0.3652701974,-0.7355852127,1
463,1057,0.6400278807,-0.5039122701,1
463,1089,0.5093581676,-0.1435648203,1
463,1121,0.5415767431,0.02207057178,1
463,1153,0.9209240675,-0.09600445628,1
463,1185,0.7446899414,0.02018666267,1
463,1217,0.3066002131,0.1349383593,1
463,1249,0.1578943431,0.1076087356,1
463,1281,-0.6662430167,0.1740591228,1
463,1313,-0.6794049144,-0.4572114944,1
463,1345,-0.9468129873,-0.4368022978,1
463,1377,-1.587915659,1.47987628,1
463,1409,-0.7772521973,1.211460829,1
463,1441,-1.037766218,-0.1224039793,1
463,1473,-0.6490461826,-0.2626646757,1
463,1505,-0.5037234426,-0.112388432,1
463,1537,-1.114416003,0.9910986423,1
463,1569,-2.030473232,1.736326933,1
463,1601,-2.516662121,2.19474268,1
463,1633,-2.420000076,1.97682786,1
463,1665,-1.436395884,1.321459055,1
463,1697,-0.5621569157,0.6857085824,1
463,1729,-0.3678600788,0.7215377688,1
463,1761,-0.07188862562,1.019598961,1
463,1793,0.03043054044,-0.5282775164,1
463,1825,0.04368126392,-1.469264746,1
463,1857,-0.7060382366,-1.725992441,1
463,1889,-1.077092171,-1.452006578,1
463,1921,-0.6216852665,-0.879321456,1
463,1953,-0.6380380988,-0.7733932734,1
463,1985,-0.6569229364,-0.1944319457,1
463,2017,-0.5088022351,-0.3086312413,1
495,33,-0.8507965803,-0.1370783597,1
495,65,-0.566125989,-0.2083508521,1
495,97,-0.2807785869,-0.1070344448,1
495,129,-0.03018584847,0.06289345771,1
495,161,0.0207881555,-0.2120637596,1
495,193,-0.306403935,0.3447583914,1
495,225,-0.308074832,1.110780597,1
495,257,0.1342960149,0.0597076118,1
495,289,-0.4257670939,0.5100801587,1
495,321,-0.8583796024,0.8455555439,1
495,353,-0.7546523809,0.5131719708,1
495,385,-0.6930998564,0.5039758682,1
495,417,-0.4397560954,0.0176165998,1
495,449,0.5054286122,0.08944688737,1
495,481,0.05919024348,0.2745999098,1
495,513,-0.5407958627,0.3079831004,1
495,545,1.796988964,-0.2823234499,1
495,577,3.003299713,0.31002298,1
495,609,1.240482807,0.4684772789,1
495,641,0.6046844721,0.7328431606,1
495,673,0.05557051301,0.2873224914,1
495,705,-0.1481131017,0.02795742452,1
495,737,-0.09574665129,-0.07071567327,1
495,769,-0.03351515532,0.0821056664,1
495,801,0.05226998031,-0.2604372203,1
495,833,0.1579545438,-0.2532376647,1
495,865,0.5866299868,-0.1314949989,1
495,897,0.8969886899,-1.425971627,1
495,929,0.9931913614,-2.762396336,1
495,961,1.161274672,-3.712356329,1
495,993,0.918160677,-1.92191577,1
495,1025,0.5991485119,-1.077697396,1
495,1057,0.8511446714,-0.9826621413,1
495,1089,0.6775090694,-1.706251144,1
495,1121,0.3964076638,-0.5505614281,1
495,1153,0.7306290269,0.4185621738,1
495,1185,0.6377425194,0.5157259703,1
495,1217,0.09704826772,0.4791234732,1
495,1249,-0.4654870033,0.935688138,1
495,1281,-2.015740156,1.039772153,1
495,1313,-1.011729717,0.4864058495,1
495,1345,-1.164457798,0.9501333237,1
495,1377,-1.841721773,1.046988249,1
495,1409,-2.243504763,0.9382332563,1
495,1441,-3.425057888,-1.166342378,1
495,1473,-2.99833703,-1.561924934,1
495,1505,-1.302824259,1.246434689,1
495,1537,-1.528267384,2.026796579,1
495,1569,-1.98968029,2.408025265,1
495,1601,-2.261819839,1.784690976,1
495,1633,-2.303143024,1.091707706,1
495,1665,-1.169145823,0.8893284798,1
495,1697,-0.04525113106,0.5155860186,1
495,1729,-0.225826323,0.1625008732,1
495,1761,-0.5330928564,-0.2360571921,1
495,1793,-0.1044214368,-0.7627103329,1
495,1825,0.01793080568,-1.564854503,1
495,1857,-0.4540587068,-1.464792967,1
495,1889,-0.7879630923,-0.7160649896,1
495,1921,-0.8656867146,-0.4864812493,1
495,1953,-0.6510207653,-0.703985095,1
495,1985,-0.7677637339,-0.09825851768,1
495,2017,-0.8098717928,-0.1333737969,1
527,33,-0.9109749794,-0.01710656285,1
527,65,-0.7503179908,-0.1387975514,1
527,97,-0.4785737693,-0.0449770838,1
527,129,-0.562853694,-0.05228675902,1
527,161,-0.4051944613,-0.2084092796,1
527,193,-0.2557236254,0.1641619205,1
527,225,-0.7405341864,1.015344858,1
527,257,-0.3375948668,-0.07604384422,1
527,289,-0.6625590324,-0.5249586701,1
527,321,-0.3850108981,-1.040409327,1
527,353,-0.08360484242,-0.4273503721,1
527,385,-0.9076948762,0.004356041551,1
527,417,-0.8225027323,-0.08553631604,1
527,449,-0.1396160424,0.3654360473,1
527,481,-0.3462708592,0.4357448816,1
527,513,-0.4590905905,0.3498853445,1
527,545,1.217960477,0.3868502975,1
527,577,2.340471268,0.6935570836,1
527,609,0.6787486076,0.3292750716,1
527,641,0.2668201625,0.1929429173,1
527,673,-0.05270069838,-0.1336975545,1
527,705,-10.43775177,-16.55429459,1
527,737,0.1876421571,-0.6484654546,1
527,769,-0.2465457916,-12.39555454,1
527,801,-0.4482502341,-0.3842005134,1
527,833,-0.2421011329,-0.5444209576,1
527,865,-0.1828891635,-0.4051414728,1
527,897,-0.2601683736,-0.8799222708,1
527,929,0.4577673078,-1.840494156,1
527,961,0.7187433243,-2.333081245,1
527,993,2.006517887,-6.024675369,1
527,1025,1.919438839,-4.245455265,1
527,1057,1.049829364,-0.2218415737,1
527,1089,0.4966077805,-1.167971849,1
527,1121,0.5676596165,-0.6403028369,1
527,1153,0.1605724096,0.379965663,1
527,1185,-0.3242685199,1.003114104,1
527,1217,-0.5052553415,1.274714231,1
527,1249,-0.6566462517,1.586306453,1
527,1281,-0.9528636932,0.5058927536,1
527,1313,-0.4432098866,1.249297619,1
527,1345,-1.096248031,1.887401104,1
527,1377,-1.622042418,1.214417696,1
527,1409,-3.835033417,2.156328678,1
527,1441,-3.719587326,1.97298336,1
527,1473,-3.996452093,1.201134205,1
527,1505,-2.701189518,2.584351063,1
527,1537,-2.377572536,3.656686306,1
527,1569,-1.625791311,3.976774931,1
527,1601,-1.418512583,1.590115905,1
527,1633,-1.026877403,0.587772131,1
527,1665,-0.4649068117,0.9168722034,1
527,1697,-0.0806466639,0.0218526721,1
527,1729,-0.2707007229,-0.3726157844,1
527,1761,-0.6788487434,-0.4906311035,1
527,1793,-0.4148387313,-0.5543954372,1
527,1825,-0.5312253237,-1.37561667,1
527,1857,-0.9063569903,-1.419074059,1
527,1889,-0.550855279,-0.5479923487,1
527,1921,-0.6498782039,-0.6194717884,1
527,1953,-0.5276044011,-0.4409117997,1
527,1985,-0.4356263578,-0.3556956351,1
527,2017,-0.3587023318,-0.02752667665,1
559,33,-0.7572233677,0.04909741879,1
559,65,-0.645310998,-0.1774775982,1
559,97,-0.603497982,0.04639728367,1
559,129,-0.5673551559,0.08249251544,1
559,161,0.142452985,-0.1156627089,1
559,193,0.5957915783,-0.4021067917,1
559,225,0.4967237413,-0.3561195433,1
559,257,0.1026682854,-0.137748301,1
559,289,0.02612516284,-0.5229034424,1
559,321,0.03791053593,-0.9772096276,1
559,353,0.1051829159,-0.5340236425,1
559,385,-0.9125722647,0.04244361818,1
559,417,-1.269105196,-0.3768787682,1
559,449,-0.3491867781,0.5195633173,1
559,481,-0.6255960464,1.011212349,1
559,513,-3.686567307,0.6470160484,1
559,545,-3.281652927,0.6225554347,1
559,577,0.3452938795,0.5536437035,1
559,609,0.1461052746,-0.03102451563,1
559,641,0.5520421863,-0.2033239007,1
559,673,0.4675810337,-0.5115126967,1
559,705,-8.497636795,-17.69179916,1
559,737,-0.03618303686,-0.1981322765,1
559,769,-0.03797188401,-7.895573616,1
559,801,-1.113178611,0.0815525651,1
559,833,-3.528530121,0.8049706817,1
559,865,-5.285504818,-3.689399481,1
559,897,-0.349974215,-0.2999230027,1
559,929,-0.3206481338,-0.08610993624,1
559,961,-0.007109642029,-1.128256559,1
559,993,1.231939554,-4.131702423,1
559,1025,0.4861998856,-5.470072746,1
559,1057,0.3218779862,-1.321747303,1
559,1089,0.06285256147,-0.4758284092,1
559,1121,0.539827168,-0.4900914431,1
559,1153,0.0195267573,-0.1322050691,1
559,1185,-14.65570259,0.1771125793,1
559,1217,-1.835047722,2.526001692,1
559,1249,-2.313306332,2.968653917,1
559,1281,-2.350793839,3.540534973,1
559,1313,-1.748171091,2.291033745,1
559,1345,-1.960106015,3.836215496,1
559,1377,-1.685066819,1.981407881,1
559,1409,-1.445560098,5.844204903,1
559,1441,-1.613520145,2.773367405,1
559,1473,-2.258683205,2.411938667,1
559,1505,-1.901183724,3.134601355,1
559,1537,-1.387190938,2.404984713,1
559,1569,-0.9151808023,2.12906146,1
559,1601,-0.9031456709,-0.03000947833,1
559,1633,-0.8671931624,-0.198792696,1
559,1665,-0.2406169176,-0.3231296837,1
559,1697,0.2981948256,-0.7242968082,1
559,1729,-0.05967441946,-0.6104787588,1
559,1761,-0.4176516235,-0.6929457784,1
559,1793,-0.3654897213,-0.7725734115,1
559,1825,-0.3361064196,-1.058498979,1
559,1857,-0.4962515235,-1.017836809,1
559,1889,-0.3307643831,-0.5473956466,1
559,1921,-0.1027833819,-0.8647360206,1
559,1953,-0.2229712009,-0.6492369175,1
559,1985,-0.237713635,-0.2363440096,1
559,2017,-0.08716082573,-0.05503553152,1
591,33,-1.453673959,0.1326854825,1
591,65,-1.343871355,-0.04789372534,1
591,97,-0.6924260855,0.1860544384,1
591,129,-0.1634242833,0.4564167261,1
591,161,0.3083036542,0.2198426127,1
591,193,0.6267832518,-0.1158085614,1
591,225,0.7945719957,-0.4092742205,1
591,257,0.5136083961,-0.3026520014,1
591,289,0.3262097836,-0.1852603555,1
591,321,0.4779551625,-0.456045121,1
591,353,0.3981886506,-0.3659069836,1
591,385,-0.1004229784,-0.680454731,1
591,417,-0.351162076,-0.1454029828,1
591,449,-0.06962996721,0.4827491641,1
591,481,-0.2236858606,0.5137469769,1
591,513,-2.377202988,0.2565500736,1
591,545,-2.717354298,0.2425896227,1
591,577,0.6665486097,0.5708448887,1
591,609,1.137880802,0.08422917128,1
591,641,0.999102354,-0.01728387177,1
591,673,0.3421218991,-0.6648753285,1
591,705,-0.01913902164,-0.5581077337,1
591,737,-0.2219645977,0.375026226,1
591,769,-0.3413030505,0.2208089679,1
591,801,-0.6467186213,0.3692989945,1
591,833,-0.8925074935,0.2901110649,1
591,865,-0.2240854502,0.02559250593,1
591,897,-0.072223261,0.0697440505,1
591,929,-0.02261608839,-0.242043972,1
591,961,-0.1430179328,-0.3145881891,1
591,993,0.2680193782,-0.7271521091,1
591,1025,-0.1311059892,-1.582209349,1
591,1057,-0.06981082261,-0.9403418303,1
591,1089,-0.180539012,-0.5244358778,1
591,1121,-0.9724349976,-1.033264041,1
591,1153,-1.145381689,-0.6022121906,1
591,1185,-1.282039642,1.461602449,1
591,1217,-3.053564548,2.986744404,1
591,1249,-3.951118231,3.130031109,1
591,1281,-3.899257898,3.540631294,1
591,1313,-3.588183165,3.19604969,1
591,1345,-4.006441116,3.834727526,1
591,1377,-2.275938034,2.765972137,1
591,1409,-2.224193573,6.111213684,1
591,1441,-2.022428513,3.269196033,1
591,1473,-1.729922652,2.79476738,1
591,1505,-1.477317929,1.929689288,1
591,1537,-0.7613674402,0.6579142809,1
591,1569,-0.6931233406,-0.5229120255,1
591,1601,-0.9181832075,-1.340542674,1
591,1633,-1.50749445,-1.202009439,1
591,1665,-0.8575086594,-0.9143835306,1
591,1697,-0.1387888193,-0.6915072203,1
591,1729,-0.0610076189,-0.6514661312,1
591,1761,-0.6948708892,-0.9132454395,1
591,1793,-0.6507401466,-0.5223538876,1
591,1825,-0.5234364271,-0.7351824045,1
591,1857,-0.7448660135,-0.9562376738,1
591,1889,0.1245462298,-1.112951159,1
591,1921,0.3613263667,-1.075741291,1
591,1953,-0.009102255106,-0.7667763829,1
591,1985,-0.06579333544,-0.07629179955,1
591,2017,-0.04573266208,-0.04861393571,1
623,33,-1.807978272,0.1509667039,1
623,65,-1.716796637,0.3147536218,1
623,97,-1.570945621,0.4626820982,1
623,129,-0.08903488517,1.127179503,1
623,161,0.1493675858,1.12201488,1
623,193,-0.2162317783,0.5318769813,1
623,225,-0.04963770509,0.1820250154,1
623,257,0.2117022872,-0.02097401023,1
623,289,0.4142144918,-0.159655422,1
623,321,0.2296702415,-0.0465169847,1
623,353,0.2171993554,0.1659034342,1
623,385,0.1584761441,-0.01670829952,1
623,417,-0.2186629474,-0.2002806365,1
623,449,0.1374640912,-0.001180171967,1
623,481,-0.1821035445,-0.3376022577,1
623,513,-0.6848800182,-0.16650334,1
623,545,-0.9454981089,0.01396164298,1
623,577,-0.06563979387,2.166934967,1
623,609,0.1379193068,1.353610516,1
623,641,0.2948539257,0.6824963093,1
623,673,0.4797638953,0.1802002192,1
623,705,0.4069670439,0.1886924505,1
623,737,0.09333211929,0.06374430656,1
623,769,-0.04463598132,-0.09553235769,1
623,801,-0.2555672526,-0.1226347983,1
623,833,-0.3851932585,-0.2080000937,1
623,865,-0.3219670057,0.1951887906,1
623,897,-0.134437561,0.5050247908,1
623,929,-0.02088800445,0.2504732907,1
623,961,-0.2913181782,0.1157363802,1
623,993,-0.3630414903,0.131870985,1
623,1025,-0.4231680036,0.1083043516,1
623,1057,-0.5233566761,-0.2126122862,1
623,1089,-0.2848499417,-0.2949391603,1
623,1121,-0.3176934719,-0.7976092696,1
623,1153,-1.273301959,0.2162445784,1
623,1185,-1.435563326,1.597652316,1
623,1217,-3.331772089,1.940772533,1
623,1249,-4.770329475,1.879090309,1
623,1281,-5.046827793,3.110264778,1
623,1313,-5.008306503,4.045592308,1
623,1345,-2.311770439,1.863484502,1
623,1377,-2.106785774,2.35080862,1
623,1409,-2.363015413,3.822807312,1
623,1441,-1.996840477,3.576522827,1
623,1473,-1.399170041,2.564956665,1
623,1505,-1.575104833,1.207815051,1
623,1537,-1.126520634,-0.2913373411,1
623,1569,-1.019264936,-3.036522627,1
623,1601,-1.289445758,-1.952682972,1
623,1633,-1.664355636,-1.168317437,1
623,1665,-1.333987951,-1.103773117,1
623,1697,-0.2120496631,-0.6753172278,1
623,1729,0.4670750499,-0.4699495435,1
623,1761,0.2355768383,-0.291806221,1
623,1793,0.2787126899,-0.1296248734,1
623,1825,-0.3063936532,-0.6546053886,1
623,1857,-0.1902158856,-0.8929367661,1
623,1889,0.124433279,-1.187961102,1
623,1921,0.1952209175,-0.9949012399,1
623,1953,0.1639933884,-0.7671298385,1
623,1985,0.0467159152,-0.1576120853,1
623,2017,-0.001932516694,-0.03307370842,1
655,33,-1.092101097,0.137739718,1
655,65,-0.9321290851,0.4135825038,1
655,97,-1.15957582,0.5776914954,1
655,129,-0.1673676372,0.9433206916,1
655,161,1.408889771,1.633130312,1
655,193,-0.074862957,1.181252718,1
655,225,-0.9952301979,1.130423903,1
655,257,-0.07261033356,0.4186167717,1
655,289,0.3162521124,-0.1145962998,1
655,321,0.387753576,0.104954198,1
655,353,0.2214932293,0.5460304022,1
655,385,-0.3269274831,0.2846984267,1
655,417,-0.4762779772,-0.7391486168,1
655,449,-0.02459636331,-0.0886182934,1
655,481,-0.3490973711,-0.7419615388,1
655,513,-1.277536392,-0.3075504303,1
655,545,-1.710278988,-0.1355936527,1
655,577,-0.3491669893,1.330878735,1
655,609,-0.3098295331,1.412111878,1
655,641,-0.0612116158,1.688842297,1
655,673,-0.13358289,2.433884144,1
655,705,-0.4601582289,1.480914831,1
655,737,0.2511058152,-0.5759747624,1
655,769,-0.02657523751,-0.3276860118,1
655,801,-0.2033817619,0.03795599937,1
655,833,-0.1679052711,0.2878653705,1
655,865,-0.3447614014,0.2750605643,1
655,897,-0.2087039053,0.5213871598,1
655,929,0.02493588626,0.5779446363,1
655,961,0.07807555795,-0.03229856491,1
655,993,-0.2949160933,0.178663373,1
655,1025,-0.6527530551,0.3697501123,1
655,1057,-0.6933712959,0.3020026088,1
655,1089,-0.3190080523,-0.02810609341,1
655,1121,0.3112846017,0.156992197,1
655,1153,-0.3634088039,0.9065926075,1
655,1185,-2.045896769,2.098341942,1
655,1217,-3.968540192,1.295889616,1
655,1249,-4.941586494,1.200244188,1
655,1281,-4.705357075,1.81722939,1
655,1313,-4.384663582,1.607404709,1
655,1345,-1.430239081,0.8189125061,1
655,1377,-1.104382753,0.1535718441,1
655,1409,-1.532932043,2.036303043,1
655,1441,-1.47747767,3.331707954,1
655,1473,-1.155336618,1.78509593,1
655,1505,-1.317394853,0.7766309977,1
655,1537,-4.135405064,-0.334962815,1
655,1569,-5.101742744,-3.341741562,1
655,1601,-3.801428318,-2.213973045,1
655,1633,-2.917692661,-0.8877048492,1
655,1665,-1.245562077,-3.849838495,1
655,1697,-0.648717165,-2.650835514,1
655,1729,-0.4403698444,-0.89478755,1
655,1761,-0.0269613266,-0.528465569,1
655,1793,0.1236347556,-0.4387032986,1
655,1825,-0.5296241045,-0.825987339,1
655,1857,-0.6916035414,-0.712390542,1
655,1889,-0.8913639784,-0.7320598364,1
655,1921,-0.558308959,-1.393511772,1
655,1953,-0.2269670069,-4.144687176,1
655,1985,0.03306865692,-0.2868214548,1
655,2017,-0.0289169848,0.008088566363,1
687,33,-0.02496355772,0.2589806914,1
687,65,-0.1193244755,0.03750870004,1
687,97,-0.2464202642,0.2215473056,1
687,129,-0.8944268227,0.7426974773,1
687,161,-0.511351347,0.749635458,1
687,193,0.6359590888,0.5052192211,1
687,225,-0.04176808894,0.3877561986,1
687,257,0.08268041909,0.3217407763,1
687,289,0.3215973675,-0.09017623216,1
687,321,0.5916010141,0.01162046194,1
687,353,0.0001523867249,0.5744720101,1
687,385,-0.3675552607,0.4674249589,1
687,417,-0.6616587043,-0.08296111226,1
687,449,0.06861764193,0.200349018,1
687,481,0.4871203303,-0.1602814794,1
687,513,0.07132703066,-0.3666563332,1
687,545,-0.64624542,-0.1289019287,1
687,577,-0.9099793434,-0.2619188428,1
687,609,-0.9933900833,0.7488827705,1
687,641,-0.02848315239,1.622391343,1
687,673,0.363912642,3.727885246,1
687,705,-0.5038229227,2.265976667,1
687,737,-0.01540917158,-0.3728272915,1
687,769,-0.05853268504,-0.8598266244,1
687,801,0.1958193183,0.120112747,1
687,833,-1.086542249,8.478499413,1
687,865,0.01527070999,0.4596762359,1
687,897,-0.190955013,0.2666796744,1
687,929,-0.2099089324,0.3239670396,1
687,961,-0.08239209652,0.2852334976,1
687,993,-0.3411001563,0.4132547379,1
687,1025,-0.5414975882,0.1451984644,1
687,1057,-0.6850280166,0.0860798955,1
687,1089,-0.5410625935,0.2195763588,1
687,1121,-0.7274935246,0.2799369991,1
687,1153,-1.251110673,0.5565313101,1
687,1185,-2.821347952,1.629892826,1
687,1217,-4.39695549,1.275561571,1
687,1249,-4.126270294,1.205341458,1
687,1281,-3.261902332,0.8573015928,1
687,1313,-1.76763165,0.3472954035,1
687,1345,-4.517986774,-13.49562359,1
687,1377,-0.2541193366,1.0451684,1
687,1409,-0.553961277,1.811249614,1
687,1441,-0.7863202095,2.395105839,1
687,1473,-0.5078964233,0.8504259586,1
687,1505,-0.3645945787,0.2547163367,1
687,1537,-7.057750702,-0.06713367254,1
687,1569,-2.142562151,-4.941406727,1
687,1601,-3.463353872,-1.08313036,1
687,1633,-4.539236546,-1.133227587,1
687,1665,-4.74519825,-2.438831806,1
687,1697,-3.993937969,-2.102303028,1
687,1729,-1.862975359,-1.398367524,1
687,1761,-1.336356878,-0.834240675,1
687,1793,-0.9492414594,-0.7732881308,1
687,1825,-0.8661441803,-1.083709955,1
687,1857,-0.8725748062,-0.7506967783,1
687,1889,-0.9434224367,-0.913244009,1
687,1921,-0.6550321579,-1.870537281,1
687,1953,-0.4214524627,-2.05351758,1
687,1985,-0.1215490997,-0.2471911013,1
687,2017,-0.1620235145,-0.05577759445,1
719,33,0.2470257878,0.2244222164,1
719,65,0.1255734563,0.7690603733,1
719,97,0.04534748197,1.359295249,1
719,129,-0.8009949923,0.7183169127,1
719,161,-1.67214036,0.4282786548,1
719,193,-0.3795820773,-0.2644092143,1
719,225,0.5204241872,0.3574966192,1
719,257,0.5953892469,0.6157939434,1
719,289,0.5485757589,-0.4067854881,1
719,321,0.6477800012,-0.6253082156,1
719,353,0.05221306533,0.1200638115,1
719,385,-0.09818947315,1.032584548,1
719,417,-0.2485863417,0.5963074565,1
719,449,0.3003563285,0.3082572222,1
719,481,1.487081051,0.1916897595,1
719,513,1.385110855,0.3715954423,1
719,545,0.04291717708,0.7177045941,1
719,577,-0.8924844265,1.019400239,1
719,609,-1.46900034,0.7010712028,1
719,641,-0.8945217729,1.001199722,1
719,673,1.036162496,2.237691879,1
719,705,0.4289700985,1.670806885,1
719,737,0.2214574814,0.4063728452,1
719,769,-0.2759034634,-0.5934135914,1
719,801,-0.4171702862,0.2530123591,1
719,833,-0.2474312782,0.6835051775,1
719,865,-0.3668946624,0.6090518832,1
719,897,-0.3376666307,0.4387239814,1
719,929,-0.3574388325,0.338444531,1
719,961,-0.3919679523,0.3696799278,1
719,993,-0.4526870251,0.5869811773,1
719,1025,-0.7161460519,0.4434138536,1
719,1057,-0.764559269,0.5042073131,1
719,1089,-0.9650629759,0.3331716657,1
719,1121,-1.583932638,0.4971256852,1
719,1153,-2.160149813,0.6454340219,1
719,1185,-3.13451004,0.4467596412,1
719,1217,-4.233773232,0.4047835469,1
719,1249,-2.890398502,0.5709002018,1
719,1281,-1.525848627,0.4434900284,1
719,1313,-0.4277572632,-4.866219521,1
719,1345,0.09182775021,0.1653579473,1
719,1377,0.0795930028,1.649238229,1
719,1409,-0.1709902883,2.546274185,1
719,1441,0.007336378098,1.111431003,1
719,1473,-0.1836959124,0.003237843513,1
719,1505,-0.2523918152,0.1477798223,1
719,1537,0.08314621449,-0.008218541741,1
719,1569,-1.975267887,-1.158071995,1
719,1601,-3.719155788,-0.8443105221,1
719,1633,-4.101796627,-1.106553793,1
719,1665,-4.42648983,-1.633140802,1
719,1697,-4.424688339,-1.706855536,1
719,1729,-2.710528374,-2.678195715,1
719,1761,-2.062679052,-1.212919474,1
719,1793,-1.34465003,-1.083866358,1
719,1825,-0.8298598528,-1.40231359,1
719,1857,-0.6558500528,-0.9740914106,1
719,1889,-0.4440806508,-0.8042229414,1
719,1921,-0.7296493053,-1.300161242,1
719,1953,-0.4727880955,-1.218013763,1
719,1985,0.1974937469,-0.8696359396,1
719,2017,0.4516748786,-0.2577401996,1
751,33,-0.0005205459893,0.2082368135,1
751,65,0.1473292708,0.9471934438,1
751,97,0.08614525199,1.232165337,1
751,129,-0.24577263,0.6483299136,1
751,161,-0.4983507693,0.2578546703,1
751,193,-0.3428205848,-0.3360926807,1
751,225,0.5600365996,0.2260606587,1
751,257,0.8454707861,0.6603301167,1
751,289,0.7745090127,-0.1193793342,1
751,321,0.7736519575,-0.545502007,1
751,353,0.3562286794,0.2413753867,1
751,385,0.1394152492,0.7820975184,1
751,417,0.1093485206,0.6551955938,1
751,449,0.145083189,0.2576556504,1
751,481,0.3556186259,0.3573383093,1
751,513,0.6563751101,0.9558012486,1
751,545,-0.1099711061,0.9057015777,1
751,577,-1.374501109,1.296365619,1
751,609,-1.59642148,0.7961614728,1
751,641,-1.896230459,0.7556618452,1
751,673,-2.140115976,1.17915988,1
751,705,-2.206514835,1.066665888,1
751,737,-2.202955723,0.8637672663,1
751,769,-1.372272968,0.1779449582,1
751,801,0.1136313677,-0.08776116371,1
751,833,-0.2110134959,0.4664983749,1
751,865,-0.6494289637,0.6034377217,1
751,897,-0.6971728802,0.4639366567,1
751,929,-0.6888101697,0.4706861973,1
751,961,-0.6210634112,0.43123734,1
751,993,-0.5628462434,0.2926874757,1
751,1025,-0.6150925756,0.05549129844,1
751,1057,-0.722438693,0.3150128722,1
751,1089,-1.064488173,0.5959919691,1
751,1121,-1.630825758,0.4758341014,1
751,1153,-2.175777197,0.4887845814,1
751,1185,-2.787633896,0.1110897511,1
751,1217,-4.075531483,0.1752505302,1
751,1249,-1.506550431,0.3197968304,1
751,1281,-1.40291369,12.54589844,1
751,1313,0.2346295714,1.112031221,1
751,1345,0.3586477935,2.919141769,1
751,1377,0.101489231,1.676276922,1
751,1409,-0.2392504811,1.275595188,1
751,1441,-0.2271152139,0.6725504994,1
751,1473,-0.1194702983,0.1225160956,1
751,1505,-0.4451168776,-0.2463869154,1
751,1537,-1.276374817,0.1269382834,1
751,1569,-2.639951229,0.01916572452,1
751,1601,-2.846796274,-0.6195603013,1
751,1633,-1.587453842,-1.015324116,1
751,1665,-1.397866607,-1.250106812,1
751,1697,-1.628909111,-1.960030437,1
751,1729,-1.630141497,-2.025334835,1
751,1761,-1.583506227,-1.894856691,1
751,1793,-1.17531538,-1.521728039,1
751,1825,-0.7374617457,-2.110583782,1
751,1857,-0.4742280245,-1.405249596,1
751,1889,-0.4271264672,-0.4149477482,1
751,1921,-0.2407530546,-1.031418204,1
751,1953,0.05666478723,-0.9121291637,1
751,1985,0.4168724716,-1.042731047,1
751,2017,0.889775157,-0.311537981,1
783,33,-0.6189284325,0.5473653078,1
783,65,-0.7511077523,0.8991482854,1
783,97,-0.5912806988,0.5978444815,1
783,129,-0.4982251525,0.2826502025,1
783,161,0.02885814011,0.2435718179,1
783,193,0.3744354546,0.5565770268,1
783,225,0.2587664425,-0.2397245467,1
783,257,0.264934063,0.04966175556,1
783,289,0.6952389479,0.2765621841,1
783,321,1.042974472,-0.3066321015,1
783,353,0.6768606901,0.3013186455,1
783,385,0.254709959,0.335354358,1
783,417,-0.417801857,0.1037566066,1
783,449,-0.7778067589,0.1247233748,1
783,481,-0.9036281109,0.4020934105,1
783,513,-0.5329488516,1.068501234,1
783,545,-0.7239626646,1.128480434,1
783,577,-1.310887575,1.507761836,1
783,609,-1.916872978,0.8623605967,1
783,641,-2.769249916,0.6988132596,1
783,673,-3.807715178,0.6587008238,1
783,705,-4.517533779,0.8659551144,1
783,737,-4.608552933,1.080154181,1
783,769,-3.805150032,0.8707479835,1
783,801,-2.24184823,0.8326370716,1
783,833,-1.23010397,0.8408561349,1
783,865,-1.055354953,0.6538720131,1
783,897,-1.110824704,0.5487722158,1
783,929,-1.037391663,0.6635504961,1
783,961,-0.8192062378,0.5249893665,1
783,993,-0.7375854254,0.07702878118,1
783,1025,-0.8818026185,-0.5907667875,1
783,1057,-0.7887762785,-0.3769170344,1
783,1089,-0.7186752558,0.6397070885,1
783,1121,-1.160514355,0.425822705,1
783,1153,-1.965010881,-0.04540713131,1
783,1185,-2.958990812,-0.04240132868,1
783,1217,-2.118908882,-0.1696102917,1
783,1249,-0.5430357456,0.5502411723,1
783,1281,0.1450865269,4.103929996,1
783,1313,0.3721182346,1.600534439,1
783,1345,0.1109962016,1.599389076,1
783,1377,-0.203625679,1.302608013,1
783,1409,-0.5962600112,0.5300272703,1
783,1441,-0.4238824248,0.3683329821,1
783,1473,-0.1853187978,0.5726324916,1
783,1505,-0.325688988,0.496922791,1
783,1537,-0.6747102141,1.438017488,1
783,1569,-1.350903034,1.355912209,1
783,1601,-1.730081797,-0.2687588334,1
783,1633,-1.092476845,-0.9691002965,1
783,1665,-1.701807737,-0.7564997673,1
783,1697,-3.421464443,-2.509910583,1
783,1729,-0.8789298534,-1.547414064,1
783,1761,0.6125606298,-4.231732368,1
783,1793,-2.221785069,-4.304721355,1
783,1825,-2.061620235,-3.650031805,1
783,1857,-0.7012240887,-2.886336327,1
783,1889,-0.4907160997,-1.251244664,1
783,1921,0.7116583586,-0.705763042,1
783,1953,0.3873388171,-0.5366829038,1
783,1985,0.04306779802,-0.6955863237,1
783,2017,0.2393940389,-0.3311225772,1
815,33,-0.4179294109,0.6361247897,1
815,65,-0.6334210634,0.8582593799,1
815,97,-0.72579211,0.4061283171,1
815,129,-0.3376728296,0.6911024451,1
815,161,-0.1449688673,0.5783071518,1
815,193,0.03135252744,0.1246516407,1
815,225,0.1171847135,-0.7852873802,1
815,257,-0.8255388737,0.7604448795,1
815,289,-0.3387217522,0.8905721903,1
815,321,0.240269348,0.1025670469,1
815,353,0.2806065083,0.04646702111,1
815,385,0.008344650269,0.1656694114,1
815,417,-0.4996349812,0.1265185475,1
815,449,-0.8337692022,0.1485527158,1
815,481,-1.00371635,0.1967605948,1
815,513,-0.6898120642,0.6005221605,1
815,545,-0.3724569082,0.9639540911,1
815,577,-1.002649903,1.369831324,1
815,609,-2.090699911,1.037653685,1
815,641,-3.217928886,0.9590595961,1
815,673,-2.866440058,0.6491681933,1
815,705,-2.157812119,0.6742979884,1
815,737,-1.929546833,6.207957745,1
815,769,-2.733781815,1.556423903,1
815,801,-1.856649995,0.8811553121,1
815,833,-1.055788517,0.9440050125,1
815,865,-1.013987064,0.6007085443,1
815,897,-1.237967372,0.7487319112,1
815,929,-1.488030434,0.9469178319,1
815,961,-1.439058065,0.7423770428,1
815,993,-1.34929204,-0.09781673551,1
815,1025,-1.402862191,-1.164523363,1
815,1057,-1.257914662,-1.321938872,1
815,1089,-1.09743619,0.360398829,1
815,1121,-1.194440246,0.2661962807,1
815,1153,-1.499377489,-0.2315790057,1
815,1185,-1.517703533,-0.2723363936,1
815,1217,-0.9893437624,0.05594293773,1
815,1249,2.697148085,0.4082057476,1
815,1281,4.028396606,1.033350229,1
815,1313,0.02324896306,1.290408373,1
815,1345,-0.2319941521,0.8792644739,1
815,1377,-0.1460754275,0.9354909658,1
815,1409,-0.3823538721,0.4008030593,1
815,1441,-0.1494333595,0.185236007,1
815,1473,0.2267446816,0.4702695906,1
815,1505,0.6553196907,0.7794314623,1
815,1537,1.322876453,1.481333017,1
815,1569,-0.324129045,0.8299849033,1
815,1601,-0.696428895,-0.5146666765,1
815,1633,-0.4503451586,-1.417360067,1
815,1665,-1.736198187,-1.256928802,1
815,1697,-2.619346619,-2.506715298,1
815,1729,-2.216430426,-3.50406909,1
815,1761,-1.873648405,-4.284932137,1
815,1793,-2.768984795,-5.388786316,1
815,1825,-3.362190008,-4.524249077,1
815,1857,-2.003377199,-4.034688473,1
815,1889,-1.125759602,-3.427060843,1
815,1921,0.04033339024,-1.074353814,1
815,1953,-0.06712020934,-0.6623452306,1
815,1985,-0.2331723869,-0.8132539988,1
815,2017,-0.1257104576,-0.7402070761,1
847,33,-0.6910946965,0.08995842934,1
847,65,-0.8304325938,0.4015420377,1
847,97,-0.8033390045,0.4386256337,1
847,129,-0.6402459145,0.4390895367,1
847,161,-0.4952616692,0.5155816078,1
847,193,-0.5193549395,-0.03420710564,1
847,225,-0.003810018301,-0.3623811603,1
847,257,-1.065927267,0.8690372109,1
847,289,-1.364111543,1.123259068,1
847,321,0.2212761939,-0.4856006801,1
847,353,0.463509798,-0.7872024775,1
847,385,-0.306820333,-0.4492802024,1
847,417,-0.2086951435,-0.3658392429,1
847,449,-0.06288444996,0.4347182512,1
847,481,-0.9236023426,1.194278121,1
847,513,-0.6430342197,0.5538753271,1
847,545,-0.8800154924,0.5514752865,1
847,577,-1.795224905,0.6907794476,1
847,609,-2.867462158,0.9420744181,1
847,641,-3.419217587,1.394987583,1
847,673,-2.515827656,0.9412116408,1
847,705,-0.2877156734,0.8986322284,1
847,737,11.95734596,5.672963142,1
847,769,-0.4421038628,0.8293738961,1
847,801,-0.5250965357,0.8615743518,1
847,833,-0.6096920371,0.8932808638,1
847,865,-0.8307509422,0.5846563578,1
847,897,-1.260655165,0.8277817369,1
847,929,-1.960639358,1.001405239,1
847,961,-2.532993317,0.9378800392,1
847,993,-3.314542532,0.4364023507,1
847,1025,-4.262518883,0.4827912748,1
847,1057,-1.630736709,-0.2222160548,1
847,1089,-1.469028831,0.0008873492479,1
847,1121,-1.485768557,0.0168069303,1
847,1153,-1.41335988,-0.1732625365,1
847,1185,-1.07459414,-0.2438169271,1
847,1217,-1.059687376,-0.09508267045,1
847,1249,-0.389367044,0.4138324261,1
847,1281,0.2250877321,0.8599867821,1
847,1313,-0.3775397837,0.5956301689,1
847,1345,-0.1896702349,0.2992767692,1
847,1377,0.2537501454,0.6665927172,1
847,1409,0.2700086832,2.718647718,1
847,1441,0.5221238136,0.05203634501,1
847,1473,0.8408581614,-0.005282759666,1
847,1505,1.468340278,0.2853828669,1
847,1537,0.9980971217,0.3316595554,1
847,1569,0.1128208637,-0.2045704722,1
847,1601,-0.3861274719,-2.186988354,1
847,1633,-0.5221828222,-1.371825814,1
847,1665,-0.7384982109,-4.320963383,1
847,1697,-1.345870852,-5.023117542,1
847,1729,-2.791994095,-4.707592964,1
847,1761,-3.45536685,-5.215003014,1
847,1793,-2.157728434,-5.879769802,1
847,1825,-1.212399244,-3.549159527,1
847,1857,-6.797159672,-3.929152966,1
847,1889,-1.822994232,-5.564949989,1
847,1921,-0.3572402,-1.929283142,1
847,1953,-0.5204957128,-0.08891016245,1
847,1985,-0.4082355499,-0.9212120771,1
847,2017,0.1233277917,-1.51309371,1
879,33,-0.5535916686,0.04465053231,1
879,65,-0.6172682047,0.2905370593,1
879,97,-0.5447053313,0.04889576137,1
879,129,-0.652733624,0.007808715105,1
879,161,-0.7008485198,0.3674008846,1
879,193,-0.3976384401,0.2473034263,1
879,225,-0.3162257075,-0.05955785513,1
879,257,-0.5436999798,0.6895247102,1
879,289,-0.4962879419,0.1778256595,1
879,321,-0.1206068397,0.05920051038,1
879,353,-0.1185650826,0.08156226575,1
879,385,-0.6016805172,-0.731826663,1
879,417,-0.6975479722,-0.2940329313,1
879,449,0.2115605474,0.6049830914,1
879,481,-0.0812972188,1.223350644,1
879,513,-0.7572809458,1.091248751,1
879,545,-1.901952386,0.567933321,1
879,577,-2.420354366,0.7291091681,1
879,609,-2.801444292,0.7556992769,1
879,641,-2.794785261,0.9024270773,1
879,673,-2.677827358,1.416639924,1
879,705,-2.444271564,1.471153975,1
879,737,-1.724736452,0.7790185809,1
879,769,-1.218610525,0.6063098311,1
879,801,-0.8571834564,0.7625783086,1
879,833,-0.7415460348,0.827616632,1
879,865,-0.8363522291,0.733163774,1
879,897,-0.744659543,0.8567599058,1
879,929,-1.37703073,1.01417923,1
879,961,-1.581570745,1.275665045,1
879,993,-2.050335407,0.6016481519,1
879,1025,-1.652660251,0.06840631366,1
879,1057,-1.553069592,-0.004495456815,1
879,1089,-1.53849268,-0.009621214122,1
879,1121,-1.469393015,-0.1081405282,1
879,1153,-1.338898063,-0.6601362228,1
879,1185,-1.228972793,-2.044509649,1
879,1217,-1.181604981,-0.4094321728,1
879,1249,-0.8883113265,-0.05479380488,1
879,1281,-0.5032233,0.2711055875,1
879,1313,-0.2494575679,0.1364055574,1
879,1345,0.2532357574,0.07089155912,1
879,1377,1.379252911,0.2467399389,1
879,1409,0.8291549087,2.148309231,1
879,1441,0.6446933746,-0.642865181,1
879,1473,0.743961215,-1.124319077,1
879,1505,0.698807776,-0.5150750279,1
879,1537,0.3926385939,-0.5446410179,1
879,1569,0.1412496418,-0.9825184345,1
879,1601,-0.3345159888,-2.205167532,1
879,1633,-0.8221626282,-1.569422007,1
879,1665,-1.217426777,-4.867242813,1
879,1697,-0.9877427816,-6.051441193,1
879,1729,-2.75668335,-5.987478256,1
879,1761,-4.122617245,-6.7698493,1
879,1793,-2.966452599,-6.246599674,1
879,1825,-2.127627373,-4.171542645,1
879,1857,-0.207611084,-4.114370346,1
879,1889,-0.2243565321,-3.43879962,1
879,1921,-0.5556348562,-4.038833618,1
879,1953,-0.5813038945,-1.000178576,1
879,1985,-0.6969839334,-1.321751595,1
879,2017,-0.4013339281,-2.407129765,1
911,33,-0.4259780645,0.005036875606,1
911,65,-0.6169869304,-0.972104311,1
911,97,-0.003971666098,-0.2212841809,1
911,129,-0.1834468246,-0.104116708,1
911,161,-0.205570817,0.5136564374,1
911,193,-0.1795229018,0.2844823599,1
911,225,-0.4729083776,0.3471689224,1
911,257,-0.6897569299,1.210571051,1
911,289,-0.6711775661,-0.04319700599,1
911,321,-0.7538602352,0.21857813,1
911,353,-0.5274793506,0.2088323385,1
911,385,-0.4639497995,0.001194864511,1
911,417,-0.4603607655,0.1558807492,1
911,449,-0.06608989835,0.1827305853,1
911,481,-0.224403441,0.315123111,1
911,513,-1.290700912,0.1573978364,1
911,545,-2.097774982,0.1942027807,1
911,577,-2.814327478,0.4938649535,1
911,609,-3.264469624,1.046451092,1
911,641,-3.77577877,1.720665455,1
911,673,-3.872250557,1.923699617,1
911,705,-3.414902925,1.899420619,1
911,737,-2.996658802,1.510437608,1
911,769,-2.277741432,0.8715287447,1
911,801,-0.8568716049,0.6964302063,1
911,833,-0.8013021946,0.6631083488,1
911,865,-1.044555187,0.6445944309,1
911,897,-0.8628493547,0.7920997143,1
911,929,-1.088637829,0.6564577818,1
911,961,-1.214065075,0.05526769161,1
911,993,-0.9577887058,0.497831881,1
911,1025,-1.698381901,0.4488558769,1
911,1057,-1.688222051,0.4663817883,1
911,1089,-1.395207524,0.5696335435,1
911,1121,-1.502655268,-0.1312334538,1
911,1153,-1.359157324,-1.744699717,1
911,1185,-1.382195354,-1.857358932,1
911,1217,-1.605587006,-0.4716141224,1
911,1249,-1.230122805,-0.2197327018,1
911,1281,-0.3143237829,-0.1379019618,1
911,1313,0.4077899456,-0.1596693993,1
911,1345,0.8006323576,0.02438718081,1
911,1377,1.7905339,-0.08103525639,1
911,1409,1.09373498,-0.3101666868,1
911,1441,0.4000488818,-1.316148043,1
911,1473,0.1362327933,-1.140782118,1
911,1505,0.04153376818,-0.7276175022,1
911,1537,-0.1136803031,-0.7789025307,1
911,1569,-0.1599861979,-0.8843011856,1
911,1601,-0.3318117857,-1.413375616,1
911,1633,-1.112057686,-2.02230978,1
911,1665,-1.291239023,-2.726704359,1
911,1697,-0.5883961916,-6.066601276,1
911,1729,-1.457142591,-6.174501419,1
911,1761,-1.993915558,-6.193344593,1
911,1793,-4.845005035,-3.732804298,1
911,1825,-6.110314369,-2.887982845,1
911,1857,-1.148273945,-4.919875622,1
911,1889,-1.527795792,-3.306671381,1
911,1921,-1.186484098,-4.642807007,1
911,1953,-0.7560774088,-1.931488752,1
911,1985,-1.127138615,-1.118431091,1
911,2017,-2.482126713,-2.941413403,1
943,33,-0.05354565382,0.1123019755,1
943,65,-0.4519634247,-0.4467625022,1
943,97,-0.9134967327,0.5599262714,1
943,129,0.1359003782,-0.127713263,1
943,161,0.05500280857,0.762086153,1
943,193,-0.5029274225,-0.2364800572,1
943,225,-0.5642163157,-0.5491782427,1
943,257,-0.7861167789,-0.7040993571,1
943,289,-0.9107607007,-0.5893188119,1
943,321,-1.014117718,-0.004741638899,1
943,353,-0.8942084312,0.2773332,1
943,385,-0.2893999517,0.3115706444,1
943,417,0.3258843422,0.4327913523,1
943,449,0.3047114909,0.01382170618,1
943,481,-0.005364149809,-0.4306184053,1
943,513,-1.161845207,-0.3614706099,1
943,545,-2.217428684,-0.2163124233,1
943,577,-2.84331584,0.1428745389,1
943,609,-5.162999153,1.092404842,1
943,641,-5.056107521,2.926767349,1
943,673,-3.981497765,2.220007181,1
943,705,-3.792979717,2.150829315,1
943,737,-3.985310555,1.623105526,1
943,769,-3.614151955,0.9796220064,1
943,801,-2.370570898,0.5503851771,1
943,833,-1.468731403,0.2819222212,1
943,865,-1.414349198,0.4217575192,1
943,897,-1.322958946,0.3869270682,1
943,929,-1.264250517,0.3350719213,1
943,961,-1.202148438,0.6215301156,1
943,993,-0.4307383299,0.5265802741,1
943,1025,-1.706306577,0.8118393421,1
943,1057,-2.007607937,0.8706610203,1
943,1089,-1.8179003,0.73501122,1
943,1121,-1.776221633,-0.09258693457,1
943,1153,-1.738545537,-1.520768762,1
943,1185,-1.760076284,-0.7940609455,1
943,1217,-1.612131357,-0.3575608432,1
943,1249,-1.102842212,-0.3613346219,1
943,1281,-0.3533009887,-0.3174042106,1
943,1313,0.2768403888,-0.2767563462,1
943,1345,0.1869890392,-0.09219406545,1
943,1377,0.1843859553,-0.2188188136,1
943,1409,0.2590423822,-0.4470034242,1
943,1441,0.2003494501,-0.7468419075,1
943,1473,-0.05774238706,-0.7553209662,1
943,1505,-0.20712924,-0.8225587606,1
943,1537,-0.3272621632,-0.1582360268,1
943,1569,-0.4757968783,0.4055628777,1
943,1601,-1.838484883,-1.805001974,1
943,1633,-0.7327462435,-3.637708664,1
943,1665,-0.8463078141,-2.969821453,1
943,1697,-0.8600435257,-1.075466394,1
943,1729,-1.853852749,-4.69109726,1
943,1761,-2.165422201,-6.368610382,1
943,1793,-3.658617735,-5.663205147,1
943,1825,-6.535905838,-4.101214886,1
943,1857,-8.242486954,-4.202967644,1
943,1889,-1.601318121,-7.445926666,1
943,1921,-1.632678747,-5.397744179,1
943,1953,-1.828578472,-2.968750715,1
943,1985,-3.329305649,-3.234236717,1
943,2017,-3.439234495,-2.87052846,1
975,33,0.4036871195,0.2662766278,1
975,65,-0.7155184746,-0.1099343151,1
975,97,-1.747252941,-0.5412927866,1
975,129,-2.015976429,-0.9181129932,1
975,161,-0.941214323,-0.9744856358,1
975,193,-0.6448474526,-0.989492178,1
975,225,-0.5174424648,-0.8372818828,1
975,257,-0.3760809302,-0.889985323,1
975,289,-0.6677852273,-1.044837117,1
975,321,-0.965644896,-0.3490586877,1
975,353,-0.7976694107,0.06711292267,1
975,385,0.230656296,0.5131361485,1
975,417,0.6549551487,0.4206880033,1
975,449,0.6662445068,-0.4863073528,1
975,481,0.5776674747,-0.4529722333,1
975,513,-0.7272731066,-0.5723555684,1
975,545,-2.520403862,0.2392591834,1
975,577,-1.684081554,-1.396231055,1
975,609,-2.997745275,0.4636023045,1
975,641,-5.400790215,2.793184519,1
975,673,-4.897387505,3.135780334,1
975,705,-4.648323536,2.471908569,1
975,737,-3.478503704,1.601330161,1
975,769,-3.217094183,1.156103015,1
975,801,-2.691217422,0.6209647655,1
975,833,-1.827551365,0.2535716295,1
975,865,-1.257962108,0.5740191936,1
975,897,-1.464399457,0.4903043509,1
975,929,-1.867274642,0.7023092508,1
975,961,-2.434344769,0.9429956675,1
975,993,-2.629982471,1.594145656,1
975,1025,-2.578969717,2.252791882,1
975,1057,-2.427638531,0.6899340153,1
975,1089,-2.62664175,0.5493142605,1
975,1121,-5.015369892,-0.02065218985,1
975,1153,-2.221730709,-0.5060404539,1
975,1185,-1.945725679,-0.3454962373,1
975,1217,-1.232653618,-0.2998613417,1
975,1249,-0.8295402527,-0.3109476566,1
975,1281,-0.6220114231,-0.4073631167,1
975,1313,-0.3301100731,-0.5626917481,1
975,1345,-0.2966746688,-0.3182019889,1
975,1377,-0.1276903749,-0.2679105401,1
975,1409,-0.03457659483,-0.366348058,1
975,1441,0.122666657,-0.7379245758,1
975,1473,-0.06143286824,-0.8268738985,1
975,1505,-0.5786519051,-0.8749100566,1
975,1537,-0.9238574505,-6.791100502,1
975,1569,-2.11177063,-1.827723742,1
975,1601,-1.982249618,-2.017337799,1
975,1633,-0.615650773,-5.23214817,1
975,1665,-0.6550887823,-3.259452343,1
975,1697,-1.522604585,-1.844742775,1
975,1729,-1.784049988,-3.206467152,1
975,1761,-2.14366293,-4.223083496,1
975,1793,-2.476125717,-4.396445751,1
975,1825,-3.52365303,-3.666818142,1
975,1857,-4.017345428,-4.484699726,1
975,1889,-2.273895741,-5.38250494,1
975,1921,-2.172115803,-1.781060696,1
975,1953,-1.941771388,-0.8635860682,1
975,1985,-2.763394356,-1.48302424,1
975,2017,-2.842690468,-2.339105844,1
1007,33,0.4274858832,0.6148968935,1
1007,65,-1.120754361,-0.184024632,1
1007,97,-2.429199696,-0.6988812089,1
1007,129,-3.667785883,-2.14542532,1
1007,161,-2.869616508,-1.983011961,1
1007,193,-1.26541841,-2.330786705,1
1007,225,-0.8899250031,-1.203722119,1
1007,257,0.4714663625,-1.270973325,1
1007,289,0.969535768,-2.061243773,1
1007,321,-0.3775065541,-1.069152355,1
1007,353,-0.2939872742,-0.7167565823,1
1007,385,0.8808119297,0.1687467545,1
1007,417,1.050190806,-0.001725234091,1
1007,449,1.337568164,-0.1142456532,1
1007,481,0.884570539,-0.3811966777,1
1007,513,-0.2786652446,0.03677295521,1
1007,545,-1.480126262,1.287386537,1
1007,577,-0.9858205318,-0.1634159088,1
1007,609,-2.464888811,0.9149647951,1
1007,641,-3.130059719,1.736915708,1
1007,673,-2.042252064,1.518366337,1
1007,705,-2.391450882,1.399255157,1
1007,737,-3.598865986,1.614102125,1
1007,769,-2.40682292,0.5844652653,1
1007,801,-2.222689152,0.4538950324,1
1007,833,-1.789360046,0.6175016165,1
1007,865,-1.513938308,0.7444074154,1
1007,897,-1.480568886,0.4660973847,1
1007,929,-1.704047441,0.4505395889,1
1007,961,-2.287564039,0.7822930217,1
1007,993,-3.206772804,0.839394629,1
1007,1025,-3.393611193,0.8999557495,1
1007,1057,-2.786313057,0.6113525629,1
1007,1089,-2.84560132,0.5383166671,1
1007,1121,-2.500390053,0.2389168143,1
1007,1153,-2.556281805,-0.3104794621,1
1007,1185,-2.407749653,-0.4224874973,1
1007,1217,-1.770000935,-0.3658001423,1
1007,1249,-1.392605662,-0.3670514524,1
1007,1281,-0.8696588278,-1.08048892,1
1007,1313,-0.6740489006,-0.6324185133,1
1007,1345,-0.3485058546,-0.4117097557,1
1007,1377,0.08373680711,-0.4215047359,1
1007,1409,0.197545886,-0.4599680305,1
1007,1441,0.2596798539,-0.8721159697,1
1007,1473,-0.2961672544,-0.9156013727,1
1007,1505,-1.091922283,-1.083229303,1
1007,1537,-1.493878365,-3.081622839,1
1007,1569,-2.675839663,-2.146491051,1
1007,1601,-1.819254279,-2.608733416,1
1007,1633,-1.165379882,-4.319042683,1
1007,1665,-0.9529537559,-2.256629229,1
1007,1697,-0.8223592639,-2.747159004,1
1007,1729,-0.8276355863,-3.597605467,1
1007,1761,-1.326814651,-3.285825014,1
1007,1793,-2.62039566,-3.144778967,1
1007,1825,-4.048380375,-3.423354149,1
1007,1857,-4.252531528,-4.399590015,1
1007,1889,-4.179305077,-3.197736979,1
1007,1921,-3.560822248,-2.017742157,1
1007,1953,-2.793810368,-1.218907118,1
1007,1985,-2.03467226,-0.9089778662,1
1007,2017,-1.879647255,-1.918094516,1
1039,33,-0.2147576809,1.276031256,1
1039,65,-0.9595804214,-0.3289339244,1
1039,97,-1.354211569,-1.268181086,1
1039,129,-1.666035771,-1.623417139,1
1039,161,-1.603782415,-3.559973001,1
1039,193,-2.275687218,-2.718532562,1
1039,225,-2.080688477,-2.439919949,1
1039,257,-0.3225821257,-2.336915731,1
1039,289,0.2990376949,-2.318130493,1
1039,321,-0.3227896094,-1.480659246,1
1039,353,-1.848110199,-4.490219593,1
1039,385,1.256570101,-1.666040778,1
1039,417,1.290504217,-0.2379988432,1
1039,449,1.225944996,0.07376114279,1
1039,481,0.6851677299,0.3151667714,1
1039,513,-0.4897940159,0.4979626834,1
1039,545,-3.61627388,2.158676147,1
1039,577,-4.533493042,2.25056076,1
1039,609,-4.309304714,3.673200607,1
1039,641,-2.611601591,6.210193157,1
1039,673,0.1699787378,0.6085249186,1
1039,705,0.1994178295,0.5959910154,1
1039,737,-3.108904839,2.07005024,1
1039,769,-2.292347908,0.5710800886,1
1039,801,-2.050133228,0.721894145,1
1039,833,-1.878535151,0.4907021523,1
1039,865,-0.2018246651,0.1114742756,1
1039,897,-0.8840950727,-0.03578555584,1
1039,929,-1.255458593,0.08798676729,1
1039,961,-1.602978587,0.1657566726,1
1039,993,-1.069549918,0.3336866796,1
1039,1025,-0.6462703943,0.4709081352,1
1039,1057,-1.327127934,0.4238168299,1
1039,1089,-1.673971891,0.3355250657,1
1039,1121,-1.573119879,0.03879120946,1
1039,1153,-2.516675472,-0.2827136219,1
1039,1185,-3.694303036,-0.5269738436,1
1039,1217,-3.076196194,-0.856842041,1
1039,1249,-2.113747597,-0.3618899286,1
1039,1281,-1.505261421,-1.483376503,1
1039,1313,-0.4311487675,-2.926739693,1
1039,1345,0.4579690099,-0.5179717541,1
1039,1377,1.29699409,-0.3142133355,1
1039,1409,2.485290766,-0.264988482,1
1039,1441,1.471335411,-0.5630112886,1
1039,1473,-0.2902463078,-0.6877812147,1
1039,1505,-1.112668157,-1.121893525,1
1039,1537,-1.486752033,-1.447255373,1
1039,1569,-0.6789553165,-0.4655351639,1
1039,1601,-0.579718709,-0.6176128387,1
1039,1633,-2.193136215,-2.991411686,1
1039,1665,-1.411393642,-2.195463657,1
1039,1697,-0.8720697165,-3.116513014,1
1039,1729,-1.043766618,-4.446147442,1
1039,1761,-0.4305900335,-3.227132082,1
1039,1793,-1.854674578,-2.723861694,1
1039,1825,-3.860929966,-2.971912146,1
1039,1857,-4.119766235,-3.150423765,1
1039,1889,-4.284267426,-2.948689699,1
1039,1921,-3.641529799,-2.034671307,1
1039,1953,-2.598882675,-1.403626561,1
1039,1985,-2.373234749,-1.315448999,1
1039,2017,-3.074389458,-1.716121912,1
1071,33,-0.4920936823,2.227963686,1
1071,65,-0.1375568509,-0.122275807,1
1071,97,-0.6062027216,-1.375026226,1
1071,129,-1.063948035,-1.998102188,1
1071,161,-1.477418184,-3.268028736,1
1071,193,-2.753714085,-2.491394043,1
1071,225,-2.071300507,-3.744293213,1
1071,257,-0.3966224194,-6.394783974,1
1071,289,0.7617461681,-6.174918175,1
1071,321,-8.410473824,-1.94256103,1
1071,353,-1.851617217,-3.099703789,1
1071,385,1.759885311,-0.569354713,1
1071,417,1.015382648,0.07090896368,1
1071,449,0.1609224975,0.3904748559,1
1071,481,-0.2250742912,1.582918286,1
1071,513,-1.015145779,2.015132189,1
1071,545,-2.576004744,1.378342152,1
1071,577,-4.359488487,1.956357837,1
1071,609,-3.363002062,3.678685188,1
1071,641,-1.684528828,6.348529816,1
1071,673,0.4835886955,0.7734302282,1
1071,705,-0.3454217911,-0.07269719243,1
1071,737,-0.3333560228,-0.2899172902,1
1071,769,-1.157260656,0.3333309293,1
1071,801,-1.780457258,0.6448317766,1
1071,833,-1.664120197,0.224992767,1
1071,865,-1.431302547,0.2567794919,1
1071,897,-1.193396568,0.102108717,1
1071,929,-0.9672220945,-0.03437542915,1
1071,961,-0.8783743382,0.06242914498,1
1071,993,-0.8488057852,0.1088464111,1
1071,1025,-1.037566543,0.004136860371,1
1071,1057,-1.28879714,0.03374698758,1
1071,1089,-1.302521467,0.1283553839,1
1071,1121,-1.443734884,0.2598614097,1
1071,1153,-2.192314148,0.1133618057,1
1071,1185,-2.993840694,-0.03179427981,1
1071,1217,-3.391009808,-0.3607872725,1
1071,1249,-2.789795637,-0.4372904897,1
1071,1281,-1.67599988,-1.066378951,1
1071,1313,-0.5114432573,-3.087580204,1
1071,1345,0.9088429809,-0.644964695,1
1071,1377,1.940277815,-0.32520172,1
1071,1409,1.717888236,0.426389724,1
1071,1441,0.6130724549,0.1025497466,1
1071,1473,-0.373303473,-0.2719560862,1
1071,1505,-0.9367728829,0.7252599001,1
1071,1537,-0.1977292299,0.4117827415,1
1071,1569,-0.3670474291,-0.003499269485,1
1071,1601,-0.888738513,-0.8856525421,1
1071,1633,-1.196667075,-2.463037252,1
1071,1665,-1.212457061,-4.170807838,1
1071,1697,-1.345256448,-3.28041482,1
1071,1729,-1.448879123,-4.540606976,1
1071,1761,-1.275058866,-3.181308508,1
1071,1793,-1.02252841,-1.964783907,1
1071,1825,-1.518781185,-1.350617647,1
1071,1857,-2.616276741,-2.042048454,1
1071,1889,-2.927543402,-2.585056305,1
1071,1921,-2.752686024,-2.060191631,1
1071,1953,-2.467958927,-1.589930415,1
1071,1985,-2.680765152,-1.525886416,1
1071,2017,-3.950006723,-0.9064180851,1
1103,33,-0.4004858136,3.218299866,1
1103,65,-0.8251541257,-0.8986184001,1
1103,97,-0.9404654503,-1.517793417,1
1103,129,-1.024940372,-2.982436657,1
1103,161,-1.404878855,-4.112067223,1
1103,193,-1.964556575,-2.676394224,1
1103,225,-2.508999586,-2.40805006,1
1103,257,-0.44825387,-5.465806007,1
1103,289,-1.071466208,-5.910949707,1
1103,321,-3.375027657,-0.9424889088,1
1103,353,-1.539328575,-2.139157295,1
1103,385,1.196107984,-0.6345130205,1
1103,417,0.2264691591,-0.1734741032,1
1103,449,-2.012378454,0.2016041726,1
1103,481,-2.909069777,0.1065957695,1
1103,513,-3.127466679,0.09447784722,1
1103,545,-3.21721983,0.04870134592,1
1103,577,-3.127716064,0.9404240847,1
1103,609,-2.512513161,1.051225662,1
1103,641,-2.015028238,0.7720101476,1
1103,673,-1.795430541,0.4843825698,1
1103,705,-1.57018733,-0.1905428618,1
1103,737,-1.502390027,-0.5835068226,1
1103,769,-1.899440527,-0.2989743352,1
1103,801,-2.10513854,0.08405527472,1
1103,833,-1.900520325,0.07090011239,1
1103,865,-1.309904695,0.03390339017,1
1103,897,-0.9151105881,-0.009421423078,1
1103,929,-0.7967376709,-0.1271358728,1
1103,961,-0.5886114836,-0.01926167309,1
1103,993,-0.5142987967,-0.2362421155,1
1103,1025,-0.7701413631,-0.919921279,1
1103,1057,-1.010489702,-0.8074465394,1
1103,1089,-1.184069633,-0.0286025703,1
1103,1121,-1.318235874,0.6414481997,1
1103,1153,-1.571589828,1.303039789,1
1103,1185,-2.126223326,1.14773035,1
1103,1217,-2.455017567,0.125908643,1
1103,1249,-2.364455938,-0.407759428,1
1103,1281,-2.029210329,-0.7631059289,1
1103,1313,-1.496169567,-0.5795967579,1
1103,1345,-1.329622984,-0.128590256,1
1103,1377,-1.075670004,0.1762747765,1
1103,1409,-1.344575286,0.531863749,1
1103,1441,-1.684797764,0.05698889494,1
1103,1473,-6.91549015,-0.2060368657,1
1103,1505,-0.453420043,0.1739169359,1
1103,1537,-0.4803042412,-0.2815816402,1
1103,1569,-0.8800407648,-1.374218464,1
1103,1601,-5.56520319,-3.05480051,1
1103,1633,-5.843083858,3.239975929,1
1103,1665,-0.8907539845,-2.416523933,1
1103,1697,-1.061628819,-2.710850477,1
1103,1729,-1.38545537,-2.970656872,1
1103,1761,-1.992384076,-2.850279808,1
1103,1793,-1.23278439,-2.331698179,1
1103,1825,0.2632415295,-0.6093183756,1
1103,1857,-0.7745110989,-0.7869813442,1
1103,1889,-2.571238518,-2.507828236,1
1103,1921,-1.739115715,-2.09980917,1
1103,1953,-2.219851017,-1.992473125,1
1103,1985,-2.551297188,-1.456299782,1
1103,2017,-2.596169949,0.04520785809,1
1135,33,-1.266820431,3.413627386,1
1135,65,-1.645182967,-1.944176435,1
1135,97,-0.5713239908,-1.617030621,1
1135,129,-0.9555332661,-3.197348356,1
1135,161,-1.340598345,-3.929476261,1
1135,193,-0.9864146709,-1.841656208,1
1135,225,-0.9985513687,-0.7603616714,1
1135,257,-1.292593002,-2.467683792,1
1135,289,-1.128429413,-3.00552702,1
1135,321,-1.286577463,-1.749680281,1
1135,353,-0.9832684994,-0.4956251979,1
1135,385,-0.7542237043,-0.7676472664,1
1135,417,-1.828609586,-0.6434954405,1
1135,449,-2.661035538,-0.4495203495,1
1135,481,-4.174717426,-0.2731914222,1
1135,513,-4.380360603,-0.07711701095,1
1135,545,-4.215014458,-0.3089870214,1
1135,577,-3.913163185,0.5259969234,1
1135,609,-2.934057474,0.4425939918,1
1135,641,-2.590857983,0.1647880673,1
1135,673,-2.58470583,-0.07760989666,1
1135,705,-2.059729576,-0.08269555867,1
1135,737,-2.17312479,-0.1128090173,1
1135,769,-2.670685291,-0.219810009,1
1135,801,-2.170173407,-0.04385778308,1
1135,833,-1.781327128,0.05888112634,1
1135,865,-1.346650481,-0.354098171,1
1135,897,-1.071110964,-0.5153561831,1
1135,929,-0.915287137,-0.4235728979,1
1135,961,-0.7924748063,-0.1197644472,1
1135,993,-0.8907971382,-0.4998384118,1
1135,1025,-0.9178952575,-1.475123405,1
1135,1057,-1.035804987,-1.072255611,1
1135,1089,-1.113799572,0.1080930531,1
1135,1121,-1.173601151,0.9596942663,1
1135,1153,-1.242918968,1.955785155,1
1135,1185,-1.566031814,1.789794683,1
1135,1217,-1.820155025,0.9328914881,1
1135,1249,-1.966283798,0.04185813665,1
1135,1281,-2.547572613,-0.2190413177,1
1135,1313,-2.533987045,-0.05022092164,1
1135,1345,-2.486257076,0.2420841753,1
1135,1377,-2.401410103,0.8842735291,1
1135,1409,-2.534112215,8.807795525,1
1135,1441,-1.734262705,1.691079378,1
1135,1473,-1.475348473,-0.8558918834,1
1135,1505,-1.467783093,-0.5661184788,1
1135,1537,-1.640786767,-1.237375855,1
1135,1569,-1.861954331,-2.603427172,1
1135,1601,-1.647475839,-3.71479702,1
1135,1633,-0.7594969273,-3.692278624,1
1135,1665,-1.033718586,-2.947231531,1
1135,1697,-1.661438227,-2.123081684,1
1135,1729,-1.567994475,-2.182679892,1
1135,1761,-1.580277085,-2.485688448,1
1135,1793,-1.788799167,-2.357327461,1
1135,1825,-0.177969873,-0.9792249203,1
1135,1857,0.3483526409,-0.1536751986,1
1135,1889,-0.08593696356,-0.7176380754,1
1135,1921,-0.2295620441,-1.216928482,1
1135,1953,-1.592582464,-1.574842215,1
1135,1985,-2.190947533,-0.8087263703,1
1135,2017,-3.916897774,0.09028276801,1
1167,33,0.07920195162,2.778739691,1
1167,65,-0.4467084706,-1.503274679,1
1167,97,-0.4424334764,-1.354519963,1
1167,129,-0.6330914497,-2.010600567,1
1167,161,-0.6427607536,-1.844255805,1
1167,193,-0.1813465953,-1.139483094,1
1167,225,-0.2846876383,-0.803429842,1
1167,257,-1.185590386,-0.9313681126,1
1167,289,-1.053728819,-1.567630291,1
1167,321,-0.6439850926,-1.490865231,1
1167,353,-0.6059348583,-0.5365055203,1
1167,385,-0.5400522947,-0.1879355907,1
1167,417,-1.09293437,-0.5382668972,1
1167,449,-2.138759851,-0.8347401619,1
1167,481,-3.594819069,-0.6292556524,1
1167,513,-4.308564186,-0.3719195127,1
1167,545,-4.256008148,-0.2399513721,1
1167,577,-3.720571518,0.1835936904,1
1167,609,-3.101545334,-0.1915362477,1
1167,641,-2.829967499,-0.0546221137,1
1167,673,-2.442353487,-0.3311596215,1
1167,705,-2.086719036,-0.1668844223,1
1167,737,-1.904589653,1.148864031,1
1167,769,-1.838845015,-0.07162531465,1
1167,801,-1.493018866,0.04240464419,1
1167,833,-1.230924129,-0.1915592253,1
1167,865,-1.200210333,-0.5131667852,1
1167,897,-1.381529093,-1.215887785,1
1167,929,-1.058006048,-0.7684473991,1
1167,961,-1.274057031,-0.05999386311,1
1167,993,-1.483532906,-0.6036667228,1
1167,1025,-1.038233519,-0.9197839499,1
1167,1057,-0.9296988249,0.1327223182,1
1167,1089,-0.9735035896,0.7500117421,1
1167,1121,-1.298489213,0.9383786917,1
1167,1153,-1.580826879,1.358366728,1
1167,1185,-2.140690088,1.999554276,1
1167,1217,-1.888131142,1.600305557,1
1167,1249,-1.550064087,0.6125794649,1
1167,1281,-1.940328598,0.3104559481,1
1167,1313,-2.748672247,0.1906876117,1
1167,1345,-3.596453428,0.2834640741,1
1167,1377,-6.16021347,0.4455377162,1
1167,1409,-7.738225937,3.274728775,1
1167,1441,-7.765271187,0.3412195444,1
1167,1473,-6.94438982,-3.43590641,1
1167,1505,-5.697100163,-6.5119524,1
1167,1537,-2.280735493,-1.939708471,1
1167,1569,-2.667375088,-2.813866854,1
1167,1601,-1.840513229,-4.091588497,1
1167,1633,-1.126488566,-3.905314684,1
1167,1665,-1.731278658,-4.512864113,1
1167,1697,-2.711462259,-2.145095348,1
1167,1729,-1.931790113,-2.03554821,1
1167,1761,-1.578258395,-2.291741133,1
1167,1793,-1.896107912,-1.617976189,1
1167,1825,-1.069819927,-1.439596891,1
1167,1857,-0.2328082323,-1.044275999,1
1167,1889,0.3793206811,0.09305149317,1
1167,1921,-0.1203712225,0.2426931858,1
1167,1953,-1.214504957,0.0002151727676,1
1167,1985,-1.283093691,-0.3433669209,1
1167,2017,-0.7518775463,-0.8547605276,1
1199,33,-0.8908265829,1.678400755,1
1199,65,-0.7197978497,-0.8035575747,1
1199,97,-0.3265790343,-1.303626418,1
1199,129,-0.427808702,-1.242646456,1
1199,161,-0.2564026713,-0.8788836002,1
1199,193,0.02834297717,-0.4982296824,1
1199,225,0.2459972799,-0.4070387483,1
1199,257,-0.4095976353,-0.6971165538,1
1199,289,-1.057694435,-0.7558229566,1
1199,321,-0.6111525893,-0.5729694366,1
1199,353,-0.2225984931,-0.4369485378,1
1199,385,-0.136965096,-0.3332506418,1
1199,417,-0.6141340733,-0.4612935781,1
1199,449,-1.709234834,-0.6494777799,1
1199,481,-3.849971771,-1.241307855,1
1199,513,-6.233468056,-1.320580244,1
1199,545,-1.446666956,-1.75801301,1
1199,577,0.1877322197,-1.720955133,1
1199,609,-0.7101993561,-1.148455024,1
1199,641,-2.492493153,1.372359037,1
1199,673,-1.67674613,0.09458264709,1
1199,705,-1.569860935,-0.1529472768,1
1199,737,-1.264994621,0.204197526,1
1199,769,-0.8184758425,-0.1963645071,1
1199,801,-0.6280843019,-0.124750793,1
1199,833,-0.4730809927,-0.5041389465,1
1199,865,-0.3736450672,-0.7256954312,1
1199,897,-0.9301662445,-1.806547999,1
1199,929,-0.9230908155,-1.16355288,1
1199,961,-1.126773477,-1.329776287,1
1199,993,-1.26508522,-1.418119073,1
1199,1025,-0.9162093401,-0.843853116,1
1199,1057,-0.5504143238,0.4463969469,1
1199,1089,-1.198907256,1.78396225,1
1199,1121,-1.818929315,0.6233735085,1
1199,1153,-1.806590199,0.6952461004,1
1199,1185,-2.396644592,1.537031412,1
1199,1217,-1.967005253,1.487340927,1
1199,1249,-1.245378613,0.6781828403,1
1199,1281,-1.734048605,0.3347507715,1
1199,1313,-2.371368885,0.244457826,1
1199,1345,-2.935869455,0.4362788796,1
1199,1377,-4.199536324,0.4131698608,1
1199,1409,-7.138892651,1.506871819,1
1199,1441,-7.96905899,-0.1738133729,1
1199,1473,-8.584341049,-3.352572441,1
1199,1505,-6.480504036,-7.122693062,1
1199,1537,-4.521217346,-5.0157547,1
1199,1569,-3.14273715,-3.072783709,1
1199,1601,-2.988396645,-3.790065289,1
1199,1633,-2.631545067,-3.558507442,1
1199,1665,-1.413988113,-3.559260368,1
1199,1697,-2.682066917,-3.846340656,1
1199,1729,-1.496427298,-2.623297691,1
1199,1761,-1.864912391,-1.844787836,1
1199,1793,-2.441314697,-1.705446243,1
1199,1825,-3.030857563,-2.088689804,1
1199,1857,-2.244882107,-2.494472027,1
1199,1889,-1.53814435,-2.877676964,1
1199,1921,-1.389303923,-0.8455279469,1
1199,1953,-1.326006055,-0.1258385181,1
1199,1985,-0.5176655054,-0.4090266228,1
1199,2017,0.009521961212,-1.369122624,1
1231,33,-0.9853936434,0.6786570549,1
1231,65,-0.7754634619,-0.5475585461,1
1231,97,-0.4872108102,-0.7378203869,1
1231,129,-0.006054282188,-0.5266720653,1
1231,161,0.2743176222,-0.1069843769,1
1231,193,-0.3583340049,0.1600413322,1
1231,225,-0.213991642,-0.5174710155,1
1231,257,-0.4798877239,-0.6580167413,1
1231,289,-0.9693447948,-0.5818908215,1
1231,321,-0.6792899966,-0.3793241382,1
1231,353,-0.5830848217,-0.3721446991,1
1231,385,-0.5426015854,-0.573261559,1
1231,417,-0.6048716903,-0.004721105099,1
1231,449,-1.30414319,-0.08480790257,1
1231,481,-0.8048706055,-0.3819252253,1
1231,513,-0.7841095924,0.07702195644,1
1231,545,-0.1009955406,-0.2734092176,1
1231,577,0.5429925919,-1.514387727,1
1231,609,0.3406915665,-0.6596365571,1
1231,641,-0.3290257454,-0.2908930182,1
1231,673,-1.486059904,-0.2449321747,1
1231,705,-1.563051462,-0.4394080639,1
1231,737,-0.7932977676,-0.273439765,1
1231,769,-0.2316412926,-0.438359201,1
1231,801,-0.3786261678,-0.6656372547,1
1231,833,-0.5863729715,-0.7220314741,1
1231,865,-0.5375413895,-0.1440913677,1
1231,897,-0.9480232,-1.343373179,1
1231,929,-1.076555967,-1.588356972,1
1231,961,-1.029360056,-1.93035543,1
1231,993,-0.7930160761,-1.311153173,1
1231,1025,-0.422986865,-0.4695162475,1
1231,1057,-0.5776866674,0.1435038,1
1231,1089,-0.7252588868,0.5695899129,1
1231,1121,-1.049375296,0.3957321048,1
1231,1153,-1.28999567,0.2660627365,1
1231,1185,-1.032187819,0.1718685031,1
1231,1217,-0.9663712978,0.3083473444,1
1231,1249,-0.9029090405,0.1696869731,1
1231,1281,-1.495703936,0.1157848239,1
1231,1313,-1.856374621,0.09594172239,1
1231,1345,-1.97767067,0.3125756681,1
1231,1377,-1.7639606,0.3674867451,1
1231,1409,-2.220735788,0.533533752,1
1231,1441,-7.750078201,0.1683724523,1
1231,1473,-9.43236351,-2.223264694,1
1231,1505,-7.500105858,-5.62102747,1
1231,1537,-6.479916573,-5.658136368,1
1231,1569,-6.077755928,-5.133196831,1
1231,1601,-6.301057816,-4.012098312,1
1231,1633,-4.067687988,-2.579236031,1
1231,1665,-0.1540971994,-1.253263593,1
1231,1697,-0.2922010422,-0.532166481,1
1231,1729,-0.923535347,14.04068375,1
1231,1761,-1.479673624,-1.062451363,1
1231,1793,-2.605151892,-2.771360874,1
1231,1825,-4.245826721,-3.125297546,1
1231,1857,-4.859024048,-3.436786175,1
1231,1889,-3.38113308,-3.297664404,1
1231,1921,-1.577594042,-1.565106153,1
1231,1953,-0.9591207504,-0.9192587137,1
1231,1985,0.1646811962,-0.8053785563,1
1231,2017,-0.2383627892,-1.012184858,1
1263,33,-1.089168549,0.2494568825,1
1263,65,-0.3000552654,-0.894601047,1
1263,97,-0.1817318201,-0.2073937356,1
1263,129,0.1164870262,0.4576467276,1
1263,161,0.232773602,-0.09944665432,1
1263,193,-0.3066078424,-0.1208046675,1
1263,225,-1.088470221,0.03710374236,1
1263,257,-1.153754711,-0.208439976,1
1263,289,-1.238155723,-0.3021668792,1
1263,321,-0.9121804237,0.05509546399,1
1263,353,-0.8183114529,0.06554102898,1
1263,385,-1.232260227,0.2819005549,1
1263,417,-1.769991875,1.772972465,1
1263,449,-2.500103474,-0.09542614222,1
1263,481,-2.43484211,-0.3505834341,1
1263,513,-0.5674338341,1.487003565,1
1263,545,-2.1568923,-0.4141690731,1
1263,577,-2.795773506,0.4959539175,1
1263,609,-2.659459591,1.713531017,1
1263,641,-1.145501137,-0.7099965811,1
1263,673,-1.366546392,0.4248536825,1
1263,705,-0.8425896168,-0.6362123489,1
1263,737,-0.01412463188,-0.6741261482,1
1263,769,0.03371015191,-0.5963088274,1
1263,801,-0.347561121,-0.9394840598,1
1263,833,-0.9920415878,-0.9513514042,1
1263,865,-0.9280068874,-0.8654783964,1
1263,897,-0.7118421197,-0.9318948984,1
1263,929,-0.9431933165,-1.63982892,1
1263,961,-0.9261710644,-2.066617012,1
1263,993,-0.1536897421,-1.060288191,1
1263,1025,0.1795039177,-0.1954016984,1
1263,1057,-0.238900423,0.09987732768,1
1263,1089,-0.3818131685,0.4130364656,1
1263,1121,-0.5224614739,0.4746378064,1
1263,1153,-0.4877048135,0.1302393079,1
1263,1185,-0.4545563459,-0.04032020271,1
1263,1217,-0.7513982654,-0.0502808094,1
1263,1249,-1.255339742,0.02486562729,1
1263,1281,-1.482712388,-0.1051652357,1
1263,1313,-1.390466452,0.06370979548,1
1263,1345,-1.469739914,0.1906118542,1
1263,1377,-1.704127312,0.2689303458,1
1263,1409,-2.473706007,0.9112848043,1
1263,1441,-7.677943707,1.308361769,1
1263,1473,-7.683659554,-0.1916106641,1
1263,1505,-7.376008034,-1.225612283,1
1263,1537,-6.7859869,-1.677019835,1
1263,1569,11.65346813,6.081172943,1
1263,1601,-3.750993967,-2.739724398,1
1263,1633,-1.993061066,-3.243306398,1
1263,1665,0.01790884137,1.04147625,1
1263,1697,0.1675500572,0.3143652678,1
1263,1729,-0.9206572175,12.43416309,1
1263,1761,-6.426645279,11.28728294,1
1263,1793,-1.435306549,-0.9665453434,1
1263,1825,-5.457654953,-3.479794979,1
1263,1857,-5.613441467,-2.449008703,1
1263,1889,-2.796249866,-2.323153973,1
1263,1921,-1.111888409,-1.945722103,1
1263,1953,-0.7401441336,-1.094349623,1
1263,1985,-0.5462477207,-0.9975588918,1
1263,2017,-1.42415905,-0.3513208926,1
1295,33,-1.148388147,0.1055864096,1
1295,65,-0.5671709776,-0.2027288377,1
1295,97,0.1114928126,-1.020699978,1
1295,129,0.05845069885,-0.2029389143,1
1295,161,0.1158377826,0.4616581202,1
1295,193,0.7381623983,0.2128662765,1
1295,225,-0.8977173567,2.114277363,1
1295,257,-1.39679265,1.099449754,1
1295,289,-1.693705082,-0.2372816801,1
1295,321,-0.2556650639,0.04964768887,1
1295,353,-0.1370184422,0.6436891556,1
1295,385,-2.136425257,1.019293785,1
1295,417,-3.301415443,0.6616181731,1
1295,449,-3.671462059,-0.4445117116,1
1295,481,-3.326728344,-0.9133725762,1
1295,513,-3.38136816,-1.081709743,1
1295,545,-1.726312637,0.4927957058,1
1295,577,-4.574683189,1.170041203,1
1295,609,-6.144237995,-0.2532157898,1
1295,641,-5.091955185,-0.9443978071,1
1295,673,-1.718342066,0.2197798491,1
1295,705,-1.751391411,-0.9684069157,1
1295,737,-1.318214178,-1.246140242,1
1295,769,-1.083567858,-2.072720289,1
1295,801,-1.103429556,-1.622627378,1
1295,833,-1.028090715,-1.22407186,1
1295,865,-0.6319664717,-0.892978847,1
1295,897,-0.483574748,-0.743242681,1
1295,929,-0.3282071352,-1.011595011,1
1295,961,-1.085642338,-1.725292444,1
1295,993,-0.5953430533,-0.9049000144,1
1295,1025,-0.4168334603,-0.1714027226,1
1295,1057,-0.51219064,0.14711757,1
1295,1089,-0.5441909432,0.5991774201,1
1295,1121,-0.4852405787,0.7031370401,1
1295,1153,-0.26343292,0.1457674205,1
1295,1185,-0.4556646347,-0.0722977519,1
1295,1217,-0.7860242128,-0.2061659992,1
1295,1249,-1.037253141,-0.1768433601,1
1295,1281,-1.140618205,0.2916463614,1
1295,1313,-1.104699612,0.142552942,1
1295,1345,-1.084986806,0.06995481253,1
1295,1377,-1.491500616,0.3238794804,1
1295,1409,-6.897994041,1.332823992,1
1295,1441,-7.885299206,1.205162048,1
1295,1473,-8.456559181,0.2638455629,1
1295,1505,-7.916466236,-0.7005044222,1
1295,1537,-6.975010395,-1.540467739,1
1295,1569,-0.604580164,-0.6735332012,1
1295,1601,-4.481830597,-4.747941971,1
1295,1633,0.3756270409,0.4540041685,1
1295,1665,3.096442938,4.980981827,1
1295,1697,0.00080960989,-0.169377625,1
1295,1729,-0.4448356032,0.5142330527,1
1295,1761,-0.05244636536,0.7139569521,1
1295,1793,-0.4075644016,0.6839065552,1
1295,1825,-1.078713894,0.3394607306,1
1295,1857,-6.073940754,-0.8772929907,1
1295,1889,-2.437700987,-3.269318819,1
1295,1921,-1.829388142,-1.386757612,1
1295,1953,-2.097434044,-0.8236553669,1
1295,1985,-1.871385813,-0.4548501074,1
1295,2017,-0.620074749,0.1224309206,1
1327,33,-0.682311058,0.1601829678,1
1327,65,-1.047648907,0.1898615658,1
1327,97,-0.7966553569,-0.8065500259,1
1327,129,0.1334049702,0.00407102704,1
1327,161,0.1787872612,0.2531189919,1
1327,193,0.1336605549,-0.1413757205,1
1327,225,-1.320781827,1.568455696,1
1327,257,-1.944702864,1.337137938,1
1327,289,-1.977921247,0.1888335794,1
1327,321,-2.264354467,0.4215570688,1
1327,353,-2.2581985,1.176837921,1
1327,385,-2.755417585,1.455055118,1
1327,417,-3.421308994,0.5134725571,1
1327,449,-4.186837196,-0.8339629173,1
1327,481,-5.572018623,-1.577500343,1
1327,513,-5.177905083,-1.727926493,1
1327,545,-5.566880226,-2.684696674,1
1327,577,-5.847151279,-2.683355331,1
1327,609,-5.473429203,-2.028861284,1
1327,641,-4.600952148,-2.277196884,1
1327,673,-3.769738197,-2.058504581,1
1327,705,-3.055913448,-1.980670452,1
1327,737,-2.126162291,-2.090687037,1
1327,769,-1.57897687,-3.605487347,1
1327,801,-2.204601049,-2.685349464,1
1327,833,-1.347411036,-1.718077898,1
1327,865,-0.6500625014,-0.9373630285,1
1327,897,-0.5506161451,-0.7013742924,1
1327,929,-0.2977705598,-0.6780266762,1
1327,961,-0.7709200382,-0.8965032697,1
1327,993,-0.9174425602,-0.9898598194,1
1327,1025,-0.4863894582,-0.8881033659,1
1327,1057,-0.3241986632,0.09283643961,1
1327,1089,-0.8319399357,0.8198055625,1
1327,1121,-0.7611687183,1.532348514,1
1327,1153,-0.7598650455,0.5787418485,1
1327,1185,-1.038316131,-0.1986265481,1
1327,1217,-1.662869692,-0.913879931,1
1327,1249,-1.751246691,-0.336879015,1
1327,1281,-1.058863044,0.6196147203,1
1327,1313,-0.9157187939,0.4117926359,1
1327,1345,-1.002416015,0.2122519612,1
1327,1377,-1.300344229,0.3658465147,1
1327,1409,-2.893635035,0.5104964972,1
1327,1441,-7.653390884,0.6143467426,1
1327,1473,-6.879903316,0.5910453796,1
1327,1505,-3.740729332,-0.7299389243,1
1327,1537,-0.6123697758,-0.417085886,1
1327,1569,0.5732750893,-0.1211850643,1
1327,1601,-4.221769333,-2.545219183,1
1327,1633,-2.041948795,-0.4180270433,1
1327,1665,-0.3694548607,0.9185703993,1
1327,1697,-0.7812490463,0.1370238215,1
1327,1729,-0.9958660603,-0.3170312941,1
1327,1761,-0.7771859169,-0.6019340158,1
1327,1793,-3.641085148,0.1241166592,1
1327,1825,-1.721822023,1.079252362,1
1327,1857,-1.29937911,0.8732036352,1
1327,1889,-2.898108959,-0.5987672806,1
1327,1921,-2.918115139,-0.3988961875,1
1327,1953,-3.481697083,-0.4241087437,1
1327,1985,-4.052122116,-0.2311053574,1
1327,2017,-6.470527649,0.05987593532,1
1359,33,-0.1727713346,0.21723032,1
1359,65,-1.254258871,-0.8804345727,1
1359,97,-1.75672102,-1.637298465,1
1359,129,-0.5399653912,-0.3174000382,1
1359,161,-0.8946959972,-0.01026682183,1
1359,193,-1.328730941,0.09433850646,1
1359,225,-1.850223303,0.4536251724,1
1359,257,-2.560480595,0.2927583456,1
1359,289,-2.926647663,0.493147254,1
1359,321,-2.853205681,0.8199862242,1
1359,353,-2.750304222,1.767926931,1
1359,385,-2.61843729,1.365684032,1
1359,417,-3.334284067,0.2650274634,1
1359,449,-5.126678944,-2.483704329,1
1359,481,-4.614076138,-1.996333599,1
1359,513,-5.556100368,-3.060857296,1
1359,545,-6.855317116,-3.245521307,1
1359,577,-6.191938877,-4.675026894,1
1359,609,-5.66919136,-2.747725487,1
1359,641,-5.789371967,-4.580702782,1
1359,673,-5.275231361,-2.840252876,1
1359,705,-3.537062168,-3.149909496,1
1359,737,-2.537816763,-3.251864195,1
1359,769,-1.892476082,-3.250341415,1
1359,801,-2.047843933,-2.516205311,1
1359,833,-1.573220134,-1.799960852,1
1359,865,-0.9405682087,-1.063159704,1
1359,897,-0.9185920954,-1.185143948,1
1359,929,-0.5518377423,-1.044540167,1
1359,961,-0.5352353454,-0.8248929977,1
1359,993,-0.2969037294,-1.267909527,1
1359,1025,-0.4673904777,-3.626388073,1
1359,1057,-0.6537922621,-0.173981607,1
1359,1089,-0.9434780478,0.9207228422,1
1359,1121,-0.9479730725,1.900731802,1
1359,1153,-0.9182183146,0.8358460665,1
1359,1185,-1.274864197,-0.1373685449,1
1359,1217,-2.938375711,-2.350597382,1
1359,1249,-3.142714977,-0.5916617513,1
1359,1281,-1.891270518,0.5828592777,1
1359,1313,-1.151619911,0.9017009139,1
1359,1345,-1.428269267,0.5402510166,1
1359,1377,-2.012298584,0.7557646036,1
1359,1409,-8.120470047,0.2207946777,1
1359,1441,-3.817310095,-0.03208902478,1
1359,1473,-3.528501987,-0.7149097323,1
1359,1505,-3.55142808,-0.9806796908,1
1359,1537,-4.064770699,-1.341133595,1
1359,1569,-4.480989933,-0.7408582568,1
1359,1601,-3.984689474,-1.206926227,1
1359,1633,-2.874600172,-1.116098642,1
1359,1665,-3.311457396,0.1171102524,1
1359,1697,-3.83349371,2.2347579,1
1359,1729,-3.304913521,0.02682685852,1
1359,1761,-2.739910603,0.640647769,1
1359,1793,-2.502917767,0.2027873993,1
1359,1825,-2.586616755,0.05581444502,1
1359,1857,-2.330942631,0.7523304224,1
1359,1889,-2.973670483,0.3772191405,1
1359,1921,-3.521260977,0.03002458811,1
1359,1953,-4.179062843,-0.3406664133,1
1359,1985,-4.970468998,-0.2499396503,1
1359,2017,-3.947518826,-0.5467546582,1
1391,33,-0.02215383202,0.2080413699,1
1391,65,-0.8225198984,-0.9293501377,1
1391,97,-1.553277493,-1.589243531,1
1391,129,-1.478359103,-0.4154665172,1
1391,161,-1.921618581,-0.02156963944,1
1391,193,-2.018852711,-0.0140652433,1
1391,225,-1.820997715,0.2219883502,1
1391,257,-3.151642561,0.3367056847,1
1391,289,-3.358728647,0.5526451468,1
1391,321,-2.925772905,0.5188230872,1
1391,353,-2.615020752,0.7533007264,1
1391,385,-2.53497386,-0.1749337316,1
1391,417,-2.606434584,-1.4934479,1
1391,449,-3.592801094,-2.162622213,1
1391,481,-3.776973963,-2.856407642,1
1391,513,-4.866440773,-3.564656019,1
1391,545,-5.125164986,-3.332366705,1
1391,577,-4.929064274,-4.355468273,1
1391,609,-4.957258701,-3.129263878,1
1391,641,-5.002233505,-4.317596912,1
1391,673,-4.584013462,-3.227311373,1
1391,705,-3.846217632,-3.34391427,1
1391,737,-3.068708897,-4.170045376,1
1391,769,-3.756659269,-4.050412178,1
1391,801,-4.67535162,-2.945950508,1
1391,833,-2.456200361,-2.35153532,1
1391,865,-1.92026639,-1.594826341,1
1391,897,-2.265929937,-2.02345705,1
1391,929,-1.123912215,-0.8687136769,1
1391,961,-0.8658180237,-0.9363435507,1
1391,993,-0.7338042259,-1.261405587,1
1391,1025,-0.8006724119,-2.948980093,1
1391,1057,-0.8656392097,0.1320669204,1
1391,1089,-0.3460951447,0.8295580149,1
1391,1121,-0.5143215656,1.937140465,1
1391,1153,-0.5400139093,1.354727387,1
1391,1185,-1.013936996,0.3500340581,1
1391,1217,-2.028808594,0.1364034414,1
1391,1249,-2.242929935,0.5006878376,1
1391,1281,-2.385549784,1.077825308,1
1391,1313,-2.794654131,1.314487338,1
1391,1345,-3.942960262,1.166994572,1
1391,1377,-3.826714754,0.1667996049,1
1391,1409,-5.254965782,0.3593140841,1
1391,1441,-5.866648674,-0.2322435975,1
1391,1473,-3.570347071,-1.132714033,1
1391,1505,-3.469909668,-0.6487647295,1
1391,1537,-3.827384472,-1.452930689,1
1391,1569,-3.772348881,-0.8854874372,1
1391,1601,-3.465241671,-1.10255003,1
1391,1633,-2.727921247,-1.209058762,1
1391,1665,-3.522865295,0.554192543,1
1391,1697,-5.367582321,2.210116386,1
1391,1729,-3.932789326,2.827280998,1
1391,1761,-2.228956938,2.614220142,1
1391,1793,-2.614265203,1.045160294,1
1391,1825,-2.738198519,0.1933806986,1
1391,1857,-2.62298131,0.4549736679,1
1391,1889,-2.876106262,0.3993650675,1
1391,1921,-3.101482153,0.5898830891,1
1391,1953,-3.207787514,0.02786664665,1
1391,1985,-3.310240269,-0.1093886048,1
1391,2017,-3.307215214,-0.9107574821,1
1423,33,-0.1151127219,0.05842250586,1
1423,65,-0.1200649738,-0.2059511542,1
1423,97,-0.846663475,-0.5499219894,1
1423,129,-1.76266861,0.1522423774,1
1423,161,-2.332826614,-0.2171908617,1
1423,193,-2.200633287,-0.1214022189,1
1423,225,-2.277180672,0.0569037199,1
1423,257,-2.920646667,0.436388135,1
1423,289,-3.249756336,0.3793940842,1
1423,321,-2.988279104,0.04994189739,1
1423,353,-2.880002499,0.4179648161,1
1423,385,-2.371465445,-0.717700839,1
1423,417,-1.606982946,-2.555282116,1
1423,449,-3.253932238,-2.857709408,1
1423,481,-4.616894245,-3.68312192,1
1423,513,-4.674800873,-3.568489075,1
1423,545,-4.518267632,-3.755553722,1
1423,577,-4.241990089,-4.274759293,1
1423,609,-4.29508543,-3.846398354,1
1423,641,-3.947513103,-3.24760294,1
1423,673,-4.113437653,-2.957586288,1
1423,705,-4.065883636,-2.024034023,1
1423,737,-3.157251835,-3.874921799,1
1423,769,-4.566979885,-4.507527351,1
1423,801,-4.720286369,-3.32593751,1
1423,833,-4.491838455,-4.584612846,1
1423,865,-2.688387394,-2.353176117,1
1423,897,-2.064844131,-1.256066799,1
1423,929,-1.789357781,-0.9576518536,1
1423,961,-1.940154552,-0.9926538467,1
1423,993,-1.908777952,-0.9593672752,1
1423,1025,-3.196460724,-1.904007196,1
1423,1057,-1.397818804,-0.0008896291256,1
1423,1089,-0.2555460334,0.7876104116,1
1423,1121,-0.8133661151,1.980977774,1
1423,1153,-1.333875656,1.365320206,1
1423,1185,-0.04044735432,1.042239904,1
1423,1217,-1.753688335,1.801293969,1
1423,1249,-1.923070192,3.74543786,1
1423,1281,-2.372883081,2.035769939,1
1423,1313,-3.540998936,1.847241402,1
1423,1345,-4.412870407,1.435334206,1
1423,1377,-4.051525116,0.1131468415,1
1423,1409,-3.460600376,-0.7388423681,1
1423,1441,-3.271607399,0.01842305064,1
1423,1473,-3.274204969,0.1001067162,1
1423,1505,-3.243258715,-0.09413188696,1
1423,1537,-2.324477196,-0.6533099413,1
1423,1569,-1.932410479,-1.059703588,1
1423,1601,-1.823418856,-0.8119524717,1
1423,1633,-2.007679939,-0.2202932239,1
1423,1665,-3.299817324,0.7791033983,1
1423,1697,-3.615364552,1.516052365,1
1423,1729,-3.08929348,2.244275093,1
1423,1761,-2.541288376,2.903178692,1
1423,1793,-2.231425524,1.324421167,1
1423,1825,-2.151119232,0.8418016434,1
1423,1857,-3.640531063,-0.4329180717,1
1423,1889,-2.819292784,-0.2179170549,1
1423,1921,-1.724740267,0.1657586098,1
1423,1953,-1.127629757,-0.6792094111,1
1423,1985,-0.6642606258,-0.1065755486,1
1423,2017,-2.351562738,-0.654153347,1
1455,33,-0.906185627,-0.1195198447,1
1455,65,-1.48323369,0.05931534618,1
1455,97,-1.427483559,-0.1210646033,1
1455,129,-1.549605012,-0.1500784308,1
1455,161,-1.564049721,-0.04103642702,1
1455,193,-2.261898518,0.2510474026,1
1455,225,-2.421547413,0.1806490272,1
1455,257,-2.059416056,0.1770726144,1
1455,289,-1.721910119,0.4058438838,1
1455,321,-1.3820436,0.1847441941,1
1455,353,-2.328739882,-0.07719838619,1
1455,385,-2.564403057,-1.006812572,1
1455,417,-2.429854631,-3.564962149,1
1455,449,-2.545582294,-3.127714634,1
1455,481,-3.562186003,-2.755462646,1
1455,513,-3.724807262,-4.073348045,1
1455,545,-4.042038918,-4.503426075,1
1455,577,-4.14222908,-5.030002117,1
1455,609,-5.012666225,-4.235091209,1
1455,641,-5.084750652,-3.602108479,1
1455,673,-3.788508415,-3.645166874,1
1455,705,-3.496492147,-3.683913231,1
1455,737,-3.603368521,-3.919073105,1
1455,769,-0.9201660156,-1.298732281,1
1455,801,-3.598599911,-5.873001099,1
1455,833,-3.275686502,-5.619592667,1
1455,865,-2.149700403,-4.165057659,1
1455,897,-1.955166101,-1.328041792,1
1455,929,-2.16285181,-0.9435544014,1
1455,961,-2.229211807,-0.9279856682,1
1455,993,-2.105849743,-1.064071298,1
1455,1025,-2.696187019,-1.316509008,1
1455,1057,-1.128363609,-0.1000331342,1
1455,1089,-0.608256042,0.60622859,1
1455,1121,-0.862454474,1.344195604,1
1455,1153,-1.344259024,1.35578227,1
1455,1185,-1.294026971,1.357173681,1
1455,1217,-1.596330166,2.147195339,1
1455,1249,-1.550192475,3.612607479,1
1455,1281,-1.716577291,2.170751333,1
1455,1313,-3.311239481,1.674582839,1
1455,1345,-3.456934452,1.337337375,1
1455,1377,-3.140936375,0.9708151221,1
1455,1409,-2.183838844,-0.9090548754,1
1455,1441,-1.921225071,-1.212173462,1
1455,1473,-2.520829916,1.12463057,1
1455,1505,-2.913585901,1.855730534,1
1455,1537,-2.442755461,0.2060716599,1
1455,1569,-2.322706938,-0.4182298183,1
1455,1601,-2.688294411,-0.3689841628,1
1455,1633,-0.5286793709,1.049382567,1
1455,1665,-3.364478588,0.8220065832,1
1455,1697,-2.98661375,0.6636127234,1
1455,1729,-1.284313202,0.7014911771,1
1455,1761,-1.053463697,0.8058527708,1
1455,1793,-1.772469282,1.015489817,1
1455,1825,-2.182268858,0.9975633025,1
1455,1857,-2.205395699,-0.03577440977,1
1455,1889,-2.260338783,-0.009619005024,1
1455,1921,-1.8330369,0.298925519,1
1455,1953,-0.7000398636,-0.6855236292,1
1455,1985,-0.5660517216,-0.3590545952,1
1455,2017,0.006473302841,-0.149615854,1
1487,33,-2.324807644,-0.04145166278,1
1487,65,-2.143553495,0.2101650238,1
1487,97,-1.526579142,1.142767429,1
1487,129,-1.415807843,0.4744369984,1
1487,161,-1.46508491,0.3191100359,1
1487,193,-1.792008042,0.4131823182,1
1487,225,-2.048361063,0.09381057322,1
1487,257,-0.6690026522,0.1932559609,1
1487,289,-0.609697938,0.7109340429,1
1487,321,-1.09066391,-0.04187861085,1
1487,353,-2.359092474,-2.794302702,1
1487,385,-3.244441509,-2.224639893,1
1487,417,-3.290011168,-2.674544334,1
1487,449,-2.517947912,-2.910375595,1
1487,481,-2.677504063,-2.579040051,1
1487,513,-3.727575302,-4.079129219,1
1487,545,-3.580554008,-5.128962517,1
1487,577,-3.705537796,-5.758365631,1
1487,609,-5.495728493,-4.18751049,1
1487,641,-5.748141289,-2.502961159,1
1487,673,-4.101233482,-4.355752945,1
1487,705,-3.801004887,-4.716460228,1
1487,737,-3.893695831,-5.034315586,1
1487,769,-5.335588932,-4.708895206,1
1487,801,-4.28164196,-5.631814957,1
1487,833,-2.363302708,-5.45972681,1
1487,865,-0.8418242931,-2.106845379,1
1487,897,-2.164493561,-1.355311275,1
1487,929,-2.394072294,-1.039591074,1
1487,961,-2.000040293,-0.893247366,1
1487,993,-1.563205361,-1.095597267,1
1487,1025,-0.9446183443,-1.034010887,1
1487,1057,-1.089375377,-0.1216024309,1
1487,1089,-0.8233593702,0.4985287786,1
1487,1121,-0.7861111164,0.9131325483,1
1487,1153,-1.253612518,1.687877655,1
1487,1185,-1.60179019,1.560856938,1
1487,1217,-1.187905312,1.928565025,1
1487,1249,-1.124926567,1.840442657,1
1487,1281,-2.669163465,1.615914583,1
1487,1313,-1.74165988,1.848626137,1
1487,1345,-1.605086327,1.036299825,1
1487,1377,-1.32420373,0.6301271319,1
1487,1409,-1.474156737,0.08457043767,1
1487,1441,-0.5101034641,0.4555153847,1
1487,1473,-0.4609396458,0.8456929922,1
1487,1505,-2.651016712,0.8367650509,1
1487,1537,-2.80362606,0.4225639403,1
1487,1569,-2.688915968,0.005569338799,1
1487,1601,-1.365688324,-0.444922328,1
1487,1633,-0.7218929529,-0.1467712075,1
1487,1665,-1.741661668,0.4087015986,1
1487,1697,-1.271061778,0.2894570827,1
1487,1729,-0.2655471563,0.4854248166,1
1487,1761,-0.8643410206,0.800714612,1
1487,1793,-1.014911652,0.8220509887,1
1487,1825,-1.782928467,1.001760721,1
1487,1857,-1.318245173,0.325296402,1
1487,1889,-1.281344295,0.05506402254,1
1487,1921,-1.174827337,-0.06436663866,1
1487,1953,-0.2650460005,-0.4056046009,1
1487,1985,-0.4065469503,-0.3639753461,1
1487,2017,-0.1527913809,0.09931212664,1
1519,33,-2.660064697,0.171577096,1
1519,65,-2.695444584,0.1932644248,1
1519,97,-1.649357796,1.040398359,1
1519,129,-1.200129867,0.6548672915,1
1519,161,-1.767762184,0.4283318818,1
1519,193,-3.187625408,-0.3683666587,1
1519,225,-1.798034668,-0.4733635485,1
1519,257,-0.5407636166,0.3003523946,1
1519,289,-0.4365227222,1.092750192,1
1519,321,-0.3529742956,0.3189389408,1
1519,353,-0.2908512354,-2.274671078,1
1519,385,-0.9590827227,-3.455169201,1
1519,417,-2.13747263,-0.1181693077,1
1519,449,-3.217804432,-1.205669522,1
1519,481,-4.181001663,-2.59515357,1
1519,513,-3.581522465,-3.370985746,1
1519,545,-3.194647074,-4.038749695,1
1519,577,-3.459828615,-4.366615772,1
1519,609,-3.439857483,-3.92071867,1
1519,641,-3.37866044,-3.739905357,1
1519,673,-4.178871155,-4.794855118,1
1519,705,-4.22291708,-5.408049583,1
1519,737,-4.677295208,-5.299628258,1
1519,769,-6.137986183,-4.462675571,1
1519,801,-5.201644421,-4.216722012,1
1519,833,-2.948284626,-3.480027199,1
1519,865,-2.255739689,-2.459178925,1
1519,897,-2.376979351,-1.986610413,1
1519,929,-2.481497526,-1.469270468,1
1519,961,-1.624779105,-0.95485425,1
1519,993,-1.093416691,-0.7012841702,1
1519,1025,-0.7431442738,-0.3773538768,1
1519,1057,-0.9188491106,-0.12919043,1
1519,1089,-0.6451910138,0.4341743588,1
1519,1121,-0.4825257063,0.6834102273,1
1519,1153,-1.009532213,1.205721855,1
1519,1185,-1.183488846,1.339133978,1
1519,1217,-0.8231970072,1.569546938,1
1519,1249,-0.613905251,1.486749291,1
1519,1281,-0.7587698102,1.275111675,1
1519,1313,-1.059925318,1.572011232,1
1519,1345,-0.5871282816,0.8762226701,1
1519,1377,-0.550948441,0.2035008669,1
1519,1409,-1.039903879,0.3570416868,1
1519,1441,-0.2108812332,1.550941706,1
1519,1473,-0.3925933838,0.9011416435,1
1519,1505,-1.498234272,0.5734923482,1
1519,1537,-2.511592627,0.1431277096,1
1519,1569,-2.426163912,-0.3466777503,1
1519,1601,-1.643108964,-0.1600624025,1
1519,1633,-0.5125895739,-0.2851331532,1
1519,1665,-0.8242646456,-0.07689270377,1
1519,1697,-0.8700405359,-0.6935516596,1
1519,1729,-0.817470789,-0.5041017532,1
1519,1761,-0.9518092871,-0.07519738376,1
1519,1793,-3.374828815,0.9802407026,1
1519,1825,-2.218689203,1.342788696,1
1519,1857,-1.140168667,0.5932205915,1
1519,1889,-0.8206218481,-0.3083489239,1
1519,1921,-0.5069526434,-0.4606235921,1
1519,1953,-0.7826774716,0.2838191092,1
1519,1985,-0.8582767248,0.2487322241,1
1519,2017,-0.3777598143,0.1184150577,1
1551,33,-0.8161182404,0.1254935265,1
1551,65,-1.580628395,0.1866739094,1
1551,97,-1.278278112,0.6511675119,1
1551,129,-1.317598939,0.7132593393,1
1551,161,-2.796068192,0.1437036395,1
1551,193,-3.047903538,-0.7446712852,1
1551,225,-0.9979457855,0.2298342586,1
1551,257,-0.4600877762,0.5982684493,1
1551,289,-0.06335604191,0.8107477427,1
1551,321,-0.3481116295,2.197637081,1
1551,353,0.5549042225,0.461368531,1
1551,385,0.5184597969,-1.416342854,1
1551,417,0.3054044247,0.6157705784,1
1551,449,-2.571687222,0.7452201843,1
1551,481,-3.938755512,-1.89878583,1
1551,513,-1.538989544,-1.88596344,1
1551,545,-2.307840586,-1.764284134,1
1551,577,-3.175542355,-2.842731476,1
1551,609,-1.249013424,-2.195636272,1
1551,641,-2.349755764,-3.838058949,1
1551,673,-3.776596546,-5.368517876,1
1551,705,-4.291024685,-5.647725105,1
1551,737,-5.544365883,-4.888875484,1
1551,769,-6.602284908,-4.419535637,1
1551,801,-5.810786247,-4.000153542,1
1551,833,-4.309269905,-3.146480799,1
1551,865,-3.681353807,-3.212583303,1
1551,897,-2.977435589,-2.931672096,1
1551,929,-2.191377878,-1.885417223,1
1551,961,-0.3371112347,-0.8751493692,1
1551,993,0.2824276686,-0.5358963013,1
1551,1025,-0.5659409761,-0.2192887366,1
1551,1057,-0.9163477421,-0.2946937978,1
1551,1089,-0.4232286811,0.5124695301,1
1551,1121,-0.06574970484,0.611638248,1
1551,1153,0.2686067224,0.7104165554,1
1551,1185,-0.330763042,0.9596970677,1
1551,1217,-0.602604866,1.097486258,1
1551,1249,-0.6427847743,1.433226824,1
1551,1281,-0.520290494,0.9183346033,1
1551,1313,-0.4186927676,0.5818173885,1
1551,1345,-0.4135404229,0.7622798681,1
1551,1377,-0.5982425213,0.545825243,1
1551,1409,-0.798999846,0.1433413923,1
1551,1441,-0.5540489554,0.6060019732,1
1551,1473,-0.4202111959,0.3969497681,1
1551,1505,-0.7866038084,-0.077927351,1
1551,1537,-1.726722598,-0.1561944038,1
1551,1569,-1.873040676,-0.1329593658,1
1551,1601,-1.394155502,0.08168302476,1
1551,1633,-1.276472092,-0.4248214364,1
1551,1665,-2.058283091,0.01336191595,1
1551,1697,-1.251544237,-0.007345676422,1
1551,1729,-1.870725155,-0.7746383548,1
1551,1761,-1.667354107,-0.2004159093,1
1551,1793,-6.654530525,1.076036811,1
1551,1825,-5.474500656,0.7851298451,1
1551,1857,-0.6476100683,0.3822331429,1
1551,1889,-0.5595288277,-0.378549695,1
1551,1921,-1.178806543,-0.05273842067,1
1551,1953,-1.700448275,0.5914312601,1
1551,1985,-0.8979164362,0.3583250046,1
1551,2017,-0.7443263531,-0.0290056169,1
1583,33,-0.5934376717,0.2244580984,1
1583,65,-0.8986276388,0.2541979253,1
1583,97,-1.210333943,0.9611101747,1
1583,129,-1.302848101,0.7320593596,1
1583,161,-1.678973556,-0.06797879934,1
1583,193,-0.9135966301,-0.1808096766,1
1583,225,-0.3897712827,0.3217113614,1
1583,257,-1.127303123,0.6804370284,1
1583,289,-1.016020298,0.8903164864,1
1583,321,-0.8112151623,2.576598167,1
1583,353,-1.233091235,1.53838253,1
1583,385,-1.717475653,0.2624922097,1
1583,417,-1.770417213,0.9863510132,1
1583,449,-2.058444023,1.295679569,1
1583,481,-2.099180222,-0.633230865,1
1583,513,-1.457643509,-0.8650586605,1
1583,545,-1.490672588,-0.889321208,1
1583,577,-2.172379255,-1.903980613,1
1583,609,-2.644299507,-2.859440327,1
1583,641,-3.182684422,-4.30901432,1
1583,673,-4.398823738,-5.098956108,1
1583,705,-5.038160324,-5.458760738,1
1583,737,-5.964004993,-6.059920311,1
1583,769,-6.774714947,-4.445210457,1
1583,801,-6.644964695,-3.477066278,1
1583,833,-5.960852146,-3.173089504,1
1583,865,-4.899435043,-3.312096119,1
1583,897,-3.593106985,-2.98022747,1
1583,929,-1.211975574,0.05241799355,1
1583,961,-0.05892419815,4.591195583,1
1583,993,0.4069172144,0.05532169342,1
1583,1025,-0.2905308008,0.03919048607,1
1583,1057,-0.6677781343,0.12704584,1
1583,1089,-1.037749052,0.7180497646,1
1583,1121,-0.7851031423,0.7484018207,1
1583,1153,0.01670581102,0.5101127028,1
1583,1185,0.4321596324,0.2835446596,1
1583,1217,0.4108472466,0.1889179945,1
1583,1249,-0.6814650297,1.104656696,1
1583,1281,-0.461253643,0.5416817665,1
1583,1313,0.2027499676,0.8689826131,1
1583,1345,-0.2030035853,1.090260148,1
1583,1377,-0.9925160408,0.604560256,1
1583,1409,-1.15401125,0.08880078793,1
1583,1441,-0.7507258654,0.8001219034,1
1583,1473,-0.4881128669,0.4080886841,1
1583,1505,-0.2057194114,0.07239787281,1
1583,1537,-0.7807126045,-0.2658492029,1
1583,1569,-1.278415442,0.1144015566,1
1583,1601,-1.282037258,-0.1284083724,1
1583,1633,-1.555305123,-0.3206644356,1
1583,1665,-1.673441529,0.2067603171,1
1583,1697,-2.056779623,0.5521811247,1
1583,1729,-2.733695745,-0.5957254171,1
1583,1761,-1.952539682,-0.2111006677,1
1583,1793,-0.9107084274,0.4580531716,1
1583,1825,-1.341560841,0.755679965,1
1583,1857,-1.027499914,0.4499874711,1
1583,1889,-0.5198019147,0.04704887047,1
1583,1921,-5.82735014,0.4859458804,1
1583,1953,-5.980576992,0.8935659528,1
1583,1985,-1.123431683,0.2697060406,1
1583,2017,-1.376747251,-0.1106446087,1
1615,33,-0.4175703526,0.1889982224,1
1615,65,-0.8129048347,0.1660425663,1
1615,97,-1.371679902,0.3539319932,1
1615,129,-1.479098678,0.2943538427,1
1615,161,-1.372727633,0.2726364434,1
1615,193,-0.2372201681,0.1967314482,1
1615,225,0.1440700293,0.2182689309,1
1615,257,-0.8414560556,0.4996068478,1
1615,289,-0.8786275983,0.3056662679,1
1615,321,-0.542814374,0.558765769,1
1615,353,-1.702875495,1.067438126,1
1615,385,-1.985315204,0.3484913707,1
1615,417,-1.643593669,0.1793004423,1
1615,449,-1.525176764,1.574785709,1
1615,481,-1.0515728,-0.2049432993,1
1615,513,-1.055472016,-0.5180414915,1
1615,545,-1.060943604,-0.8926562071,1
1615,577,-1.94151926,-0.8270684481,1
1615,609,-1.871408463,-2.681895971,1
1615,641,-3.109879494,-4.037875175,1
1615,673,-5.411912918,-4.195653439,1
1615,705,-4.556552887,-5.141452789,1
1615,737,-5.467056274,-4.63201952,1
1615,769,-6.261100292,-3.982962608,1
1615,801,-6.548677444,-2.773872137,1
1615,833,-6.858212471,-2.422341585,1
1615,865,-5.639801979,-2.653583527,1
1615,897,-1.411355019,-1.509908438,1
1615,929,-1.375498533,0.4353393316,1
1615,961,1.304597855,9.106327057,1
1615,993,-0.3925682306,0.8313279152,1
1615,1025,-0.4107278585,0.490719974,1
1615,1057,-0.4274383187,0.4845929444,1
1615,1089,-0.6117206216,0.3277494013,1
1615,1121,-0.6953983307,0.2799085379,1
1615,1153,-0.5693535805,-0.1355231404,1
1615,1185,0.2044231296,0.2546832561,1
1615,1217,0.6389635205,0.1583957672,1
1615,1249,-0.865567863,0.8313616514,1
1615,1281,-0.7577950954,0.4765167236,1
1615,1313,-0.4925167561,0.8956795335,1
1615,1345,-0.9437539577,1.154738545,1
1615,1377,-1.565705776,0.7941860557,1
1615,1409,-1.71959424,0.7225147486,1
1615,1441,-1.381164312,0.6806964874,1
1615,1473,-1.071539164,0.2418622077,1
1615,1505,0.2411366701,-0.131705761,1
1615,1537,0.1172628403,-0.4155694246,1
1615,1569,-1.277192593,0.0304569602,1
1615,1601,-1.327204108,0.002436578274,1
1615,1633,-1.665587902,0.5042577386,1
1615,1665,-1.744605064,0.7068578601,1
1615,1697,-1.483066797,-0.4178993106,1
1615,1729,-1.069446325,-0.6741458178,1
1615,1761,-1.817454457,0.0002648234367,1
1615,1793,-2.148383617,1.216566563,1
1615,1825,-1.100631237,0.6753231287,1
1615,1857,-0.5451028347,0.3143794537,1
1615,1889,0.08968639374,-0.1076387167,1
1615,1921,-5.509843349,0.768212676,1
1615,1953,-5.004823685,1.445007324,1
1615,1985,-1.239696503,0.0463899225,1
1615,2017,-1.001134753,-0.2565207183,1
1647,33,-0.5197080374,0.4613862038,1
1647,65,-1.264004111,0.08722116053,1
1647,97,-1.512501359,-0.5716893077,1
1647,129,-1.571724057,0.02871123701,1
1647,161,-1.59794271,0.6789314747,1
1647,193,-0.9465094805,0.319722116,1
1647,225,-0.4461139441,-0.3832700253,1
1647,257,0.1273977757,0.1379715204,1
1647,289,-0.5433605909,0.5780480504,1
1647,321,-0.9627542496,0.4120973349,1
1647,353,-0.9284067154,0.2521003485,1
1647,385,-1.537652373,0.05927556753,1
1647,417,-1.799375057,-0.5968677998,1
1647,449,-20.95235252,-4.271181583,1
1647,481,-0.2797781229,0.1949337721,1
1647,513,0.1446880698,0.7101932168,1
1647,545,-0.3615958691,0.1115013659,1
1647,577,-1.24622798,-0.734416008,1
1647,609,-2.409214735,-2.691140413,1
1647,641,-3.80537796,-3.548812866,1
1647,673,-4.803744316,-3.823328733,1
1647,705,-6.475326538,-3.541590929,1
1647,737,-7.234937191,-3.194731951,1
1647,769,-6.840128899,-3.111545324,1
1647,801,-5.808749676,-2.2584517,1
1647,833,-5.290437698,-0.9432570934,1
1647,865,-4.603574753,-1.642677784,1
1647,897,-2.475324631,-1.414717436,1
1647,929,0.1180217266,0.5991200209,1
1647,961,0.6395449638,0.2136151493,1
1647,993,-0.1247532517,0.3574337959,1
1647,1025,-0.1730750203,0.409014523,1
1647,1057,-0.3044213057,0.3383263946,1
1647,1089,0.3175451159,-0.542650938,1
1647,1121,0.2695910931,-0.9397490025,1
1647,1153,-0.5823059678,-0.7500537038,1
1647,1185,-0.3557789922,0.5974563956,1
1647,1217,-0.05043455958,1.671665668,1
1647,1249,-0.7122983932,0.8699885011,1
1647,1281,-4.469637871,0.6119681597,1
1647,1313,-1.062165022,0.5985039473,1
1647,1345,-1.622927904,1.01529789,1
1647,1377,-2.401456594,1.436980128,1
1647,1409,-1.850087881,1.76862371,1
1647,1441,-1.050567746,0.8720402718,1
1647,1473,-1.10928762,0.3073678613,1
1647,1505,-0.03757274151,-0.2717884779,1
1647,1537,0.03888911009,-0.4079117477,1
1647,1569,-1.119235754,0.3621459007,1
1647,1601,-1.236849189,0.03107982874,1
1647,1633,-1.697557926,0.8360497952,1
1647,1665,-1.710813999,0.931143105,1
1647,1697,-1.761911869,0.9762590528,1
1647,1729,-1.976874352,1.134514213,1
1647,1761,-1.542186022,0.4415655732,1
1647,1793,-1.595017195,0.4144266844,1
1647,1825,-1.424458742,0.3838185966,1
1647,1857,0.1209722757,-0.2579243481,1
1647,1889,0.4493858814,-0.2642694712,1
1647,1921,0.3996487856,0.7626236677,1
1647,1953,-0.4862252474,0.5879615545,1
1647,1985,-0.534855783,0.2140000015,1
1647,2017,-0.6608902216,-1.372889757,1
1679,33,-0.3702629805,0.4053651094,1
1679,65,-1.085603952,0.1465386003,1
1679,97,-1.372352123,0.08404999971,1
1679,129,-1.257094145,0.2054513693,1
1679,161,-1.009397388,0.4363706112,1
1679,193,-0.920809865,0.1081442237,1
1679,225,-1.092608809,-0.027338624,1
1679,257,-1.102897167,0.358504504,1
1679,289,-0.9703276157,0.4996021688,1
1679,321,-0.8736304641,0.1857583821,1
1679,353,-1.062739372,-0.1963203251,1
1679,385,-1.418151259,-0.2810412347,1
1679,417,-1.74708879,-1.369039536,1
1679,449,-11.44983101,-12.21430779,1
1679,481,-0.6928329468,-0.2683956027,1
1679,513,-0.5026086569,0.4422113895,1
1679,545,-0.9428578615,0.2269557714,1
1679,577,-0.8426953554,-1.154052496,1
1679,609,-2.457061768,-3.5898242,1
1679,641,-4.004388809,-2.845730066,1
1679,673,-4.723780632,-4.526480675,1
1679,705,-6.102965832,-3.75830245,1
1679,737,-6.59641552,-3.20165205,1
1679,769,-5.873100758,-2.575063467,1
1679,801,-5.59120369,-1.302528143,1
1679,833,-4.558691025,-0.524469614,1
1679,865,-2.921458721,-0.2812818289,1
1679,897,-1.507348776,-0.1831996441,1
1679,929,0.5960493088,0.9727008343,1
1679,961,0.6494321823,0.2970623076,1
1679,993,-0.6510108709,-0.7761704922,1
1679,1025,-0.5741007328,-0.05568212271,1
1679,1057,-0.2348577976,0.1272186041,1
1679,1089,-0.8631374836,-1.638115764,1
1679,1121,-0.8073638678,-2.072563171,1
1679,1153,-0.2863017321,-0.9773361683,1
1679,1185,-0.07135987282,1.371495485,1
1679,1217,-0.1288156509,1.92967844,1
1679,1249,-0.916554749,0.8352630138,1
1679,1281,-0.7647279501,-0.2285895944,1
1679,1313,-0.6958068609,0.5698808432,1
1679,1345,-1.335477352,0.8874579668,1
1679,1377,-1.599303722,1.669757009,1
1679,1409,-1.305388689,2.224357843,1
1679,1441,-0.9244568348,1.10118103,1
1679,1473,-0.9266994596,0.8090635538,1
1679,1505,-0.9830933809,0.6774929166,1
1679,1537,-0.6766171455,0.7267183065,1
1679,1569,-0.6174767613,0.1738627553,1
1679,1601,-0.9551815987,-1.020540237,1
1679,1633,-1.315440297,0.3234784007,1
1679,1665,-1.373142004,0.5962138176,1
1679,1697,-1.627344847,1.247950077,1
1679,1729,-1.840979934,1.219834685,1
1679,1761,-1.216529489,0.5177201629,1
1679,1793,-1.671645999,0.4309422076,1
1679,1825,-2.130298615,0.3189524114,1
1679,1857,-2.318388462,0.7301555872,1
1679,1889,-2.175828457,1.601217031,1
1679,1921,-1.803699255,1.757724762,1
1679,1953,-1.327706218,1.978525043,1
1679,1985,-0.8454054594,1.376666903,1
1679,2017,0.01854735613,-2.996659756,1
1711,33,-0.729383111,0.2370308936,1
1711,65,-1.087964416,0.09693051875,1
1711,97,-0.9982622862,0.5600167513,1
1711,129,-0.4945737123,0.7169793248,1
1711,161,0.02828091383,0.3957594633,1
1711,193,-0.7660355568,0.4292840958,1
1711,225,-3.09028101,-0.1285641193,1
1711,257,-2.018543005,0.1924565434,1
1711,289,-0.9165245295,0.355506748,1
1711,321,-0.4070172906,0.2515351772,1
1711,353,-1.002576232,-0.2519583106,1
1711,385,-1.29973495,0.0507299155,1
1711,417,-1.872457504,0.02123096585,1
1711,449,-3.446313858,-4.52760601,1
1711,481,-0.8077840805,-0.2856655419,1
1711,513,-0.6687229872,-0.4593973756,1
1711,545,-0.6810375452,-0.2654876411,1
1711,577,-1.34629786,-1.020016789,1
1711,609,-2.341905594,-1.83319068,1
1711,641,-4.831227303,-1.653185844,1
1711,673,-5.525559902,-2.182880402,1
1711,705,-4.309041977,-4.673895836,1
1711,737,-3.095034122,-3.677954912,1
1711,769,-4.120419502,-3.242576122,1
1711,801,-5.253122807,-1.083729029,1
1711,833,-3.884357929,-0.359223485,1
1711,865,-1.545238376,0.3178574145,1
1711,897,-0.1935353279,0.4505073428,1
1711,929,-0.2345656157,0.5365055799,1
1711,961,-0.3582712412,0.09425908327,1
1711,993,-1.060763597,-0.7863781452,1
1711,1025,-0.3903931975,-0.6607563496,1
1711,1057,0.1710175872,-0.3228996992,1
1711,1089,-0.7993829846,-2.630012751,1
1711,1121,-0.6358499527,-3.282636166,1
1711,1153,0.1920422316,-1.434092999,1
1711,1185,-0.1761610508,0.1995233297,1
1711,1217,0.476449728,0.4410768151,1
1711,1249,0.1400744617,-0.135597378,1
1711,1281,-0.3463076949,-0.1555418372,1
1711,1313,-0.5966120362,0.5276777744,1
1711,1345,-0.7352422476,0.5345907807,1
1711,1377,-0.6080091,-0.3517637253,1
1711,1409,-0.5033487082,0.4888080359,1
1711,1441,-0.1564751267,1.073850989,1
1711,1473,-0.1578831375,0.9397107959,1
1711,1505,-0.4926293492,0.8886392117,1
1711,1537,-0.5128538609,0.6231949329,1
1711,1569,0.03440904617,0.2259531617,1
1711,1601,0.2525287867,0.2260817885,1
1711,1633,-0.4326529503,0.7748379111,1
1711,1665,-1.096244574,0.8158496618,1
1711,1697,-0.6098480225,1.292269945,1
1711,1729,-0.1908270717,0.7555683255,1
1711,1761,-0.7241811752,0.4689543843,1
1711,1793,-1.401187301,0.6619215012,1
1711,1825,-1.914409518,0.46798563,1
1711,1857,-2.446294069,1.01750052,1
1711,1889,-2.650555134,1.923508763,1
1711,1921,-2.387487411,2.030357838,1
1711,1953,-2.599429369,2.5117383,1
1711,1985,-1.692442179,1.897281408,1
1711,2017,-0.7093012333,-3.16919446,1
1743,33,-0.9442336559,0.1603068709,1
1743,65,-0.7868629694,-0.101991713,1
1743,97,-0.8607319593,0.4305464029,1
1743,129,-0.6525784731,0.8127650023,1
1743,161,-0.4708982706,0.7673393488,1
1743,193,-1.087032437,0.6701275706,1
1743,225,-1.527993202,0.3479557037,1
1743,257,-1.488716245,0.159560442,1
1743,289,-0.3908227682,0.770413518,1
1743,321,0.06522428989,0.5177969337,1
1743,353,-0.8381011486,0.2744197249,1
1743,385,-0.8666516542,0.2507298589,1
1743,417,-1.138402581,0.6238505244,1
1743,449,-1.321939588,-0.001782596111,1
1743,481,-0.669659555,0.2904422879,1
1743,513,-0.3210557699,0.5878410339,1
1743,545,-0.5876784921,0.01327639818,1
1743,577,-0.9420814514,-0.9405395985,1
1743,609,-2.295676231,-1.441671491,1
1743,641,-4.100491524,-1.600014329,1
1743,673,-4.880324841,-1.763583541,1
1743,705,-3.402072668,-2.869387865,1
1743,737,-2.912545204,-3.437365055,1
1743,769,5.094315529,10.77415657,1
1743,801,-3.172320843,-3.484297276,1
1743,833,-2.506997585,-0.457341522,1
1743,865,-1.436004519,0.4092493355,1
1743,897,-0.6442523003,0.5048001409,1
1743,929,-0.313234508,0.2144581378,1
1743,961,-0.7613890767,0.4687237144,1
1743,993,-0.8140224218,-0.1803680658,1
1743,1025,-0.06201177835,-1.004375458,1
1743,1057,-0.8022598028,-1.537479877,1
1743,1089,-1.343623042,-2.125011444,1
1743,1121,-1.121714234,-2.392756939,1
1743,1153,-0.4074360728,-1.713635325,1
1743,1185,-0.1608608365,-1.036098003,1
1743,1217,-0.105638504,-0.3890593648,1
1743,1249,-0.1140999347,-0.3674746752,1
1743,1281,0.01025691628,-0.2216240466,1
1743,1313,-0.2448810339,0.4206148386,1
1743,1345,-0.3849855661,0.2176690102,1
1743,1377,-0.5846837759,-0.3082007766,1
1743,1409,-0.4571011066,0.1472414732,1
1743,1441,0.09733700752,0.7782400846,1
1743,1473,0.3451616466,1.018301964,1
1743,1505,-0.1954092979,1.105707765,1
1743,1537,-0.651633203,1.179975271,1
1743,1569,-0.5848452449,0.8141459227,1
1743,1601,-0.4799686074,0.6234147549,1
1743,1633,-0.5054651499,0.9151753187,1
1743,1665,-0.4900791049,0.7561543584,1
1743,1697,-0.5281072855,0.8657058477,1
1743,1729,-0.4954853058,0.6475581527,1
1743,1761,-0.4178053141,0.3281927109,1
1743,1793,-0.662678957,0.6572490931,1
1743,1825,-1.027801037,0.2122969627,1
1743,1857,-1.076700211,0.6456531882,1
1743,1889,-1.776447296,1.407230854,1
1743,1921,-2.033634663,1.883655071,1
1743,1953,-2.003041029,1.661666632,1
1743,1985,-1.958271384,1.491698384,1
1743,2017,-2.067748547,-1.936218262,1
1775,33,-0.5258715153,0.2312316597,1
1775,65,-0.6145150661,-0.1596197188,1
1775,97,-0.8423737884,0.5574769974,1
1775,129,-0.7576574087,0.7241432071,1
1775,161,-0.7259085178,1.010979772,1
1775,193,-1.286021233,1.209822416,1
1775,225,-0.9474021196,1.15114224,1
1775,257,-0.9029372931,0.8988761902,1
1775,289,-0.8143719435,5.672348022,1
1775,321,-0.8962970972,5.430977345,1
1775,353,-1.097317219,1.26220119,1
1775,385,-1.141080976,0.7583067417,1
1775,417,-0.3437101245,0.6405568123,1
1775,449,-0.659373641,0.7088605762,1
1775,481,-0.2850185037,0.7914678454,1
1775,513,-0.1662474871,1.209357262,1
1775,545,-0.831751585,0.727522254,1
1775,577,-0.6442129612,0.1839237511,1
1775,609,-1.17089951,-0.2943105102,1
1775,641,-2.260754585,-0.8515030146,1
1775,673,-2.982680321,-1.318346024,1
1775,705,-2.755876064,-0.6925199032,1
1775,737,-1.971828222,-0.5768995285,1
1775,769,-2.744488955,-1.695257902,1
1775,801,-2.4445467,-2.074432611,1
1775,833,-0.409386158,-0.8741078973,1
1775,865,-1.638770103,0.03385025263,1
1775,897,-1.351184607,0.1075744033,1
1775,929,-0.1381013393,-0.1145819426,1
1775,961,-0.4457676411,-0.2046670318,1
1775,993,-0.4551619291,-0.7449934483,1
1775,1025,-0.1884897351,-1.200414658,1
1775,1057,-0.5025821924,-1.594617367,1
1775,1089,-0.6721590757,-1.742646456,1
1775,1121,-0.4632012844,-1.543337822,1
1775,1153,-0.3154443502,-1.50722909,1
1775,1185,0.5373505354,-1.415171146,1
1775,1217,-0.3930802941,-1.002993584,1
1775,1249,-0.6572359204,-0.8060663342,1
1775,1281,-0.2143961191,-0.4615515471,1
1775,1313,-0.457672894,0.007451657206,1
1775,1345,-0.6033362746,0.1391217262,1
1775,1377,-0.5242789388,-0.3468030691,1
1775,1409,0.01603142917,-0.0555896759,1
1775,1441,0.3453468382,0.5980492234,1
1775,1473,0.2259507477,1.226702332,1
1775,1505,-0.7776774168,1.847972751,1
1775,1537,-1.272107005,1.864865541,1
1775,1569,-0.4209737182,1.356057167,1
1775,1601,-0.31309551,1.298665285,1
1775,1633,-0.3036315441,1.034588695,1
1775,1665,-0.1359511614,0.4437027574,1
1775,1697,-0.1074074507,0.3009184003,1
1775,1729,0.07423752546,0.08386474848,1
1775,1761,-0.02858382463,-0.01249659061,1
1775,1793,-0.4382789731,0.1987524033,1
1775,1825,-0.5808185339,0.05001205206,1
1775,1857,0.3545370102,-0.06299424171,1
1775,1889,0.1073895693,0.6372054815,1
1775,1921,-0.4745926857,0.8853063583,1
1775,1953,-0.3426070213,0.9070491791,1
1775,1985,-0.8496949673,0.5044456124,1
1775,2017,-0.8655071259,-1.010181785,1
1807,33,-0.0571256876,0.3586719036,1
1807,65,-0.01373189688,0.1078187823,1
1807,97,-0.3666917086,0.3720877171,1
1807,129,-0.8268306255,0.3909978271,1
1807,161,-1.506330013,1.297477961,1
1807,193,-2.739607811,2.175880432,1
1807,225,-3.130394936,2.114851952,1
1807,257,-1.738991737,1.873868227,1
1807,289,-1.809614182,3.491400003,1
1807,321,-1.715874076,3.801392317,1
1807,353,-2.2565341,1.748955846,1
1807,385,-1.22988975,1.224102974,1
1807,417,-0.5095134974,1.014615059,1
1807,449,-0.5961694121,1.246881723,1
1807,481,-1.107350826,1.244654894,1
1807,513,-0.6677991748,1.546399355,1
1807,545,-0.5973063707,1.693063259,1
1807,577,0.07885807753,1.494997501,1
1807,609,0.1282081604,1.812370181,1
1807,641,-0.1968189478,0.2089500427,1
1807,673,-0.7753400803,-0.08518600464,1
1807,705,-0.8571857214,0.8176134825,1
1807,737,-0.6478363276,-0.1236118674,1
1807,769,-1.71686399,-2.850691319,1
1807,801,-1.526378393,-0.2898786664,1
1807,833,-2.131079197,0.07964026928,1
1807,865,-1.958118439,-0.7525756359,1
1807,897,-0.6985274553,-1.195097327,1
1807,929,-1.148284078,-1.463252544,1
1807,961,-0.9871878624,-1.856235743,1
1807,993,-0.5243247747,-1.39115119,1
1807,1025,0.2153745294,-1.38252759,1
1807,1057,-0.09431660175,-1.523932457,1
1807,1089,-0.3999740481,-1.595782042,1
1807,1121,-0.1834124923,-1.39087379,1
1807,1153,-0.3194242716,-1.364383459,1
1807,1185,-0.4436343908,-0.6778806448,1
1807,1217,-0.2729188204,-1.058303475,1
1807,1249,-0.5555930734,-1.042214155,1
1807,1281,0.1257686317,-0.3140981793,1
1807,1313,0.1749203205,-0.1642328799,1
1807,1345,-0.7282252312,0.3376527131,1
1807,1377,-0.5869764686,0.4336090982,1
1807,1409,0.1076784134,0.2932766676,1
1807,1441,0.6111591458,1.085651875,1
1807,1473,8.86710453,-2.622768879,1
1807,1505,-2.176097631,2.126152754,1
1807,1537,-1.015333056,3.111534595,1
1807,1569,-0.4149884582,1.872599959,1
1807,1601,0.1838263869,1.001147747,1
1807,1633,-0.1148839891,0.9059853554,1
1807,1665,0.02205172181,0.2009212077,1
1807,1697,0.1292569041,0.1069021523,1
1807,1729,-0.1684066057,0.8877745867,1
1807,1761,-0.2604590356,0.422670126,1
1807,1793,-0.5572673082,0.08046171069,1
1807,1825,-0.4889160395,-0.08417406678,1
1807,1857,-0.3033195734,0.3078330159,1
1807,1889,-0.134417057,0.6078698039,1
1807,1921,-0.06205713749,0.2688550949,1
1807,1953,-0.01497864723,0.7355905771,1
1807,1985,-0.1608043313,0.9823240042,1
1807,2017,-0.4462862015,-0.8714068532,1
1839,33,-0.4789685011,0.6642034054,1
1839,65,-0.3529423475,0.4090527296,1
1839,97,-0.8077643514,0.6090062857,1
1839,129,-0.9802951813,0.8000276089,1
1839,161,-1.773589015,1.360735655,1
1839,193,-3.142734051,2.340285301,1
1839,225,-2.221286058,2.214561462,1
1839,257,-2.052503586,2.381452084,1
1839,289,-2.21447587,2.566189766,1
1839,321,-2.394135952,1.740441084,1
1839,353,-1.261074543,1.518459082,1
1839,385,-0.7437187433,1.093747854,1
1839,417,-0.7891924977,1.049097538,1
1839,449,-1.88214469,1.836478829,1
1839,481,-1.155611038,1.55420959,1
1839,513,-0.7058901191,2.559024811,1
1839,545,0.3041762412,2.30975914,1
1839,577,1.093054891,2.428535938,1
1839,609,1.634252071,2.86019659,1
1839,641,0.3302369714,1.212022543,1
1839,673,0.3565642834,0.1651309133,1
1839,705,-0.2043055296,1.201774597,1
1839,737,0.02819871902,-1.161709309,1
1839,769,0.9623827934,-3.500582695,1
1839,801,-1.475803852,-0.744640708,1
1839,833,-1.675161362,-1.248007059,1
1839,865,-1.317533255,-1.501747966,1
1839,897,-1.034380317,-2.008904696,1
1839,929,-1.515241981,-2.430684566,1
1839,961,-1.375217438,-3.423379421,1
1839,993,-0.8033719659,-1.964976788,1
1839,1025,-0.5101998448,-1.191522598,1
1839,1057,-0.8156080842,-1.376624584,1
1839,1089,-0.7768526673,-1.29983604,1
1839,1121,-1.298719406,-0.8223218918,1
1839,1153,-2.166622639,-0.3795157075,1
1839,1185,-1.730972528,-0.2372776568,1
1839,1217,-0.9974204302,0.03345713019,1
1839,1249,-0.7342612743,0.1643340886,1
1839,1281,0.08341610432,0.1583936214,1
1839,1313,0.0390561223,0.1458480507,1
1839,1345,-1.269979596,0.4991811812,1
1839,1377,-0.6973382235,0.638371706,1
1839,1409,-0.1255084276,0.5663452744,1
1839,1441,-1.021257043,0.1071683764,1
1839,1473,-2.22510767,0.9718804359,1
1839,1505,-1.283973336,1.873328447,1
1839,1537,-0.7221006751,2.634864807,1
1839,1569,-0.3900464177,2.061714649,1
1839,1601,-0.0847645402,1.205369592,1
1839,1633,0.1296186745,0.5033327341,1
1839,1665,0.2541635334,-0.03054282069,1
1839,1697,0.2058193088,0.2352933884,1
1839,1729,-0.6448633671,1.47394824,1
1839,1761,-0.8196190596,0.4792463481,1
1839,1793,-0.7422879934,-0.155551821,1
1839,1825,-0.3971984982,-0.09191833436,1
1839,1857,-0.06330764294,0.3399937749,1
1839,1889,-0.2089788318,0.4692173898,1
1839,1921,-0.06022516638,0.5645678639,1
1839,1953,-0.1417232156,1.166318655,1
1839,1985,-0.1010629311,1.007980108,1
1839,2017,0.01761262119,-1.159309149,1
1871,33,-1.228804827,1.109091878,1
1871,65,-0.3050541282,0.5299268961,1
1871,97,-0.3947606683,-0.1373791099,1
1871,129,-0.7724469304,0.4663817883,1
1871,161,-1.287201166,1.05342555,1
1871,193,-1.738196373,1.342781186,1
1871,225,-2.37586236,1.779960275,1
1871,257,-2.271154881,2.15124774,1
1871,289,-1.831336856,2.809994936,1
1871,321,-1.214026213,1.446624398,1
1871,353,-0.03873717785,0.5485241413,1
1871,385,-0.259086132,0.9099895954,1
1871,417,-0.9894654155,4.590575695,1
1871,449,-1.108182311,1.990889668,1
1871,481,-1.364727616,2.656482697,1
1871,513,-1.012822986,2.423117876,1
1871,545,0.9652241468,2.507991552,1
1871,577,1.255468607,2.723553658,1
1871,609,1.158107638,2.89566803,1
1871,641,0.5353136659,2.221522808,1
1871,673,-0.1079757214,0.7123184204,1
1871,705,-0.3939238191,-0.4260541797,1
1871,737,0.7459163666,-1.647415042,1
1871,769,-0.1732503176,-1.577118158,1
1871,801,-1.652997613,-1.428785563,1
1871,833,-1.568993568,-2.342852831,1
1871,865,-0.503959775,-3.109070301,1
1871,897,-0.7022910118,-2.531118393,1
1871,929,-1.376955509,-2.87877965,1
1871,961,-1.472828984,-3.117006779,1
1871,993,-1.139800787,-2.822048664,1
1871,1025,-0.8793263435,-1.296091795,1
1871,1057,-0.9485740662,-0.783810854,1
1871,1089,-0.618906498,-0.6702112556,1
1871,1121,-2.286704302,-0.08275574446,1
1871,1153,-2.433153152,-0.1990075707,1
1871,1185,-1.342075109,-0.2356122732,1
1871,1217,-1.222809076,-0.006510958076,1
1871,1249,-1.449431896,1.198206067,1
1871,1281,-1.028644085,0.6084030867,1
1871,1313,-1.131886363,0.2238255739,1
1871,1345,-1.249014378,-0.3126716614,1
1871,1377,-0.4076370001,-0.1091011167,1
1871,1409,-0.1019261777,0.2897045612,1
1871,1441,-0.2362252176,-0.146592617,1
1871,1473,-0.106164515,0.5478023291,1
1871,1505,-0.2506375909,1.400522828,1
1871,1537,-0.7771462202,2.033327579,1
1871,1569,-1.09000206,2.031438351,1
1871,1601,-0.9435161948,1.447735071,1
1871,1633,0.3866181374,0.5329287052,1
1871,1665,0.06722718477,0.1031156778,1
1871,1697,-0.006438910961,0.1464552581,1
1871,1729,-0.4450925589,0.2552159131,1
1871,1761,-0.6593288779,0.08208455145,1
1871,1793,-0.5063201785,-0.2296075821,1
1871,1825,-0.3501692414,0.01682627946,1
1871,1857,0.02112208307,0.1609761417,1
1871,1889,-0.1767790318,0.2135124803,1
1871,1921,-1.18112421,0.8008952141,1
1871,1953,-1.670998096,2.78271699,1
1871,1985,-0.5056430101,1.318855643,1
1871,2017,0.4114986658,-1.569700241,1
1903,33,-1.281159163,1.398963928,1
1903,65,-0.5830663443,0.3564452231,1
1903,97,-0.2868121862,-0.3347202539,1
1903,129,-0.3134678006,-0.3312879801,1
1903,161,-1.065721512,0.1620928049,1
1903,193,-1.974379539,0.823112607,1
1903,225,-1.977287769,0.9319642782,1
1903,257,-1.749264359,1.275828481,1
1903,289,-1.085468173,2.301499844,1
1903,321,-0.5039627552,0.6465798616,1
1903,353,-0.1740495563,-0.2262704968,1
1903,385,-0.5889419317,0.2156895399,1
1903,417,-0.9494590759,0.6238127947,1
1903,449,-1.150765181,2.596359253,1
1903,481,-1.13041079,2.736531019,1
1903,513,-0.4671000242,2.420017719,1
1903,545,0.3854806423,2.171942949,1
1903,577,0.96187675,2.875945568,1
1903,609,2.389658213,3.13793993,1
1903,641,0.8059585094,2.785850048,1
1903,673,-0.310973227,1.128863692,1
1903,705,-0.5978056788,-0.6986587048,1
1903,737,-1.131238818,-1.893195391,1
1903,769,-1.835844874,-3.5245924,1
1903,801,-2.458742619,-3.137610674,1
1903,833,-2.062965393,-3.152972937,1
1903,865,-1.64753294,-3.235701323,1
1903,897,-1.139941096,-3.185829163,1
1903,929,-1.284202695,-3.663436174,1
1903,961,-2.460325956,-0.8924739361,1
1903,993,-1.016220093,-0.9320522547,1
1903,1025,-0.3055313826,-0.9828320742,1
1903,1057,-0.2107508183,-0.2141043246,1
1903,1089,-0.4958722591,0.2734694481,1
1903,1121,-2.138713837,0.8420772552,1
1903,1153,-2.392343521,0.3569882214,1
1903,1185,-1.327011466,-0.3155073822,1
1903,1217,-1.241029978,0.06047309935,1
1903,1249,-1.281951904,1.131817698,1
1903,1281,-1.376143336,0.6873551607,1
1903,1313,-1.023564696,-0.5270144939,1
1903,1345,-0.3914162517,-1.143713713,1
1903,1377,0.4381689429,-0.1669380814,1
1903,1409,0.07917073369,0.6072419882,1
1903,1441,-0.1609859765,0.845202744,1
1903,1473,-0.5668974519,0.7703311443,1
1903,1505,-0.6577029824,0.3866688013,1
1903,1537,-0.8731324077,0.9355363846,1
1903,1569,-1.372931719,1.707516909,1
1903,1601,-1.476275682,1.588465095,1
1903,1633,-1.34222424,1.136331797,1
1903,1665,-0.4443961382,0.6800186038,1
1903,1697,-0.4853463769,0.579901278,1
1903,1729,-0.06094923615,0.1386559606,1
1903,1761,0.158348307,0.07415598631,1
1903,1793,-0.002094119787,-0.02504068613,1
1903,1825,-0.1544707716,0.1223018765,1
1903,1857,-0.2492492348,0.2475248575,1
1903,1889,-0.2965393066,0.3206535578,1
1903,1921,-0.8856409192,0.9460058808,1
1903,1953,-2.746378899,4.849496841,1
1903,1985,-0.8369455338,1.148463845,1
1903,2017,0.2492939532,-1.718238235,1
1935,33,-1.053198099,1.26112473,1
1935,65,-0.8151443601,0.4596017599,1
1935,97,-0.4922466874,0.3520925641,1
1935,129,-0.4171110392,0.0137360692,1
1935,161,-0.9272150993,0.2713191509,1
1935,193,-1.986336827,0.7964279652,1
1935,225,-1.957831264,0.7560067177,1
1935,257,-1.535991073,0.8113774061,1
1935,289,-0.9309612513,0.4579395056,1
1935,321,-0.8077487946,0.02220988274,1
1935,353,-0.5715915561,-0.112574935,1
1935,385,-0.4827474952,0.01763609052,1
1935,417,-0.6497487426,0.3839114904,1
1935,449,-1.201568604,1.895633101,1
1935,481,-0.8678615093,1.703237534,1
1935,513,-0.08590465784,1.595000148,1
1935,545,-0.3393649459,1.297016025,1
1935,577,0.09070307016,1.864467144,1
1935,609,0.2631047964,3.089438438,1
1935,641,-0.4545365572,2.230391502,1
1935,673,-0.8799505234,1.223246098,1
1935,705,-0.8929488659,-0.8826832771,1
1935,737,-0.4299731255,-2.583350182,1
1935,769,-1.890240908,-4.104249954,1
1935,801,-2.238554478,-4.438169479,1
1935,833,-2.232762098,-3.538933754,1
1935,865,-1.918265104,-3.059202433,1
1935,897,-1.306322098,-4.82943058,1
1935,929,-0.9574537277,-1.855894566,1
1935,961,-1.146073222,0.2083486319,1
1935,993,-0.5403593779,-0.5450373888,1
1935,1025,-0.5456482768,-0.2906326652,1
1935,1057,-0.8345932961,0.6793589592,1
1935,1089,-0.6502673626,0.5378488898,1
1935,1121,-3.185591936,0.9813389182,1
1935,1153,-3.182768583,0.8767889142,1
1935,1185,-1.891290426,0.2967888713,1
1935,1217,-1.541519523,0.4349648356,1
1935,1249,-1.555825949,0.6887010336,1
1935,1281,-1.515612602,0.4529060125,1
1935,1313,-1.125037789,-0.2007329762,1
1935,1345,-0.2705528736,-0.8650234342,1
1935,1377,0.3523242474,-0.5697396994,1
1935,1409,0.189181447,0.8478915691,1
1935,1441,-0.4406080246,0.7017440796,1
1935,1473,-0.6133882403,0.7899711728,1
1935,1505,-0.7887912989,0.8389444351,1
1935,1537,-1.175261974,0.1225148439,1
1935,1569,-1.254480839,1.300449848,1
1935,1601,-1.574077725,1.357725382,1
1935,1633,-1.74739933,1.353000283,1
1935,1665,-1.625003099,2.336464882,1
1935,1697,-0.6795656681,0.9978785515,1
1935,1729,-0.2309486866,0.237724185,1
1935,1761,-0.1473127604,0.4896714687,1
1935,1793,-0.2132957727,0.06155630946,1
1935,1825,-0.226782918,0.01737932861,1
1935,1857,-0.1524356008,0.292594254,1
1935,1889,-0.2458809018,0.5106136203,1
1935,1921,-1.05478096,1.111652613,1
1935,1953,-3.297136784,2.469080925,1
1935,1985,-0.8842628598,0.5380123854,1
1935,2017,0.3287892342,-1.130941272,1
1967,33,-0.9067201614,0.6635297537,1
1967,65,-0.3357903063,0.1763358712,1
1967,97,-0.4327563047,0.3900506496,1
1967,129,-0.5157518387,0.6755657792,1
1967,161,-0.6148568392,0.730430007,1
1967,193,-1.629565001,1.041906357,1
1967,225,-1.683753967,1.315789104,1
1967,257,-3.298168182,0.9849952459,1
1967,289,-4.882027149,0.1415784359,1
1967,321,-2.67276597,0.06048560143,1
1967,353,-1.749018192,0.004965424538,1
1967,385,-0.1190720797,-0.4302046895,1
1967,417,-0.4238033891,0.4489731193,1
1967,449,-0.376193881,0.8082217574,1
1967,481,-0.6299798489,0.5916032791,1
1967,513,-0.2936279774,-0.8758380413,1
1967,545,-0.7266757488,-0.5199196339,1
1967,577,-0.7784790993,0.4955909252,1
1967,609,-1.422273874,0.9529299736,1
1967,641,-1.63634789,4.681606293,1
1967,673,-0.7389080524,0.9371117353,1
1967,705,0.1118838489,-0.9752408266,1
1967,737,-0.3409333229,-3.066901922,1
1967,769,-1.782958984,-4.674919128,1
1967,801,-2.365224123,-4.891637802,1
1967,833,-2.367814541,-4.673980713,1
1967,865,-1.028614759,-5.116166115,1
1967,897,-2.151937962,-4.358931065,1
1967,929,-2.611670256,-2.681215763,1
1967,961,-1.262439847,-1.532286406,1
1967,993,-0.3754215837,-1.98757875,1
1967,1025,-0.6720392704,-0.2542746067,1
1967,1057,-0.7196784616,0.310516715,1
1967,1089,-0.9516351223,0.2509916425,1
1967,1121,-2.265601158,0.1373576075,1
1967,1153,-2.183377028,0.002129070461,1
1967,1185,-1.743643999,0.004815742373,1
1967,1217,-1.736848712,0.004443638027,1
1967,1249,-1.591278315,0.01693734527,1
1967,1281,-1.739957094,-0.04962098598,1
1967,1313,-1.285041213,-0.2605315447,1
1967,1345,-0.9811729193,-0.213321954,1
1967,1377,-0.4076339006,0.3883376122,1
1967,1409,-0.3863859177,1.057628632,1
1967,1441,-0.9229228497,1.235912323,1
1967,1473,-0.8287355304,1.353288531,1
1967,1505,-0.7311204076,1.444181085,1
1967,1537,-0.9436321259,0.7353212833,1
1967,1569,-0.9495097399,0.9536401033,1
1967,1601,-0.8881579638,0.5552011728,1
1967,1633,-1.398830652,1.515917778,1
1967,1665,-2.042565584,2.528371096,1
1967,1697,-1.301991701,1.758302212,1
1967,1729,-0.9254177809,0.9287493229,1
1967,1761,-0.3131568432,0.9638929367,1
1967,1793,-0.09987601638,0.2334063053,1
1967,1825,-0.2447908521,-0.1761214882,1
1967,1857,-0.2820105255,0.1353291869,1
1967,1889,-0.1314183772,0.4214448929,1
1967,1921,-2.343942881,3.665054798,1
1967,1953,-2.584344625,2.946485519,1
1967,1985,-2.107518673,3.016726494,1
1967,2017,0.3760583401,-0.9567600489,1
1999,33,5.790560246,-0.3725669384,1
1999,65,0.06294727325,0.4333315492,1
1999,97,-0.8037034273,0.6673640013,1
1999,129,-0.8244190216,0.7323811054,1
1999,161,-1.944446445,2.303564787,1
1999,193,-0.3904881477,1.705067515,1
1999,225,0.05901813507,1.378404379,1
1999,257,-1.310529709,0.6828786135,1
1999,289,-5.035017014,-0.1706049442,1
1999,321,-5.076267719,0.7881813049,1
1999,353,-3.863965034,0.8364543915,1
1999,385,-1.295316577,0.1779252291,1
1999,417,-0.4578257203,0.5021288395,1
1999,449,-0.4915700555,-0.1325677633,1
1999,481,0.5683819056,-0.7087655067,1
1999,513,-0.4827773571,-0.3981456757,1
1999,545,-2.974570751,-1.986379623,1
1999,577,-2.822432995,-0.7031753063,1
1999,609,-0.1537861824,-0.06626391411,1
1999,641,-6.724590778,2.453687668,1
1999,673,-0.4781022072,0.1495957375,1
1999,705,1.337443829,0.2701505423,1
1999,737,0.4454851151,-0.3556725979,1
1999,769,-2.810483217,-2.965610981,1
1999,801,-3.355288029,-5.218648911,1
1999,833,-2.805550098,-4.999132156,1
1999,865,-1.996864557,-5.576555252,1
1999,897,-2.920402527,-5.290952682,1
1999,929,-4.195282936,-4.591285706,1
1999,961,-2.222033024,-2.361011505,1
1999,993,-0.4345255196,-2.118542194,1
1999,1025,-0.7196062803,-0.7962418795,1
1999,1057,-0.877182126,-0.2722023726,1
1999,1089,-1.26555872,-0.5209616423,1
1999,1121,-1.924087763,-0.1660913229,1
1999,1153,-1.393827677,-0.1034138352,1
1999,1185,-2.768673658,-0.6509016752,1
1999,1217,-2.649122238,-0.9837324619,1
1999,1249,-1.088255882,-0.9162738323,1
1999,1281,-0.5900638103,-1.127086639,1
1999,1313,-1.412631989,-0.7147700787,1
1999,1345,-1.387064457,0.2680254579,1
1999,1377,-1.159340382,1.447080851,1
1999,1409,-0.793975234,1.872165203,1
1999,1441,-1.273468971,2.125090361,1
1999,1473,-1.375818729,2.275361061,1
1999,1505,-0.7945077419,0.8541932106,1
1999,1537,-0.1659514904,0.8924102783,1
1999,1569,0.04674077034,1.409016013,1
1999,1601,-0.4965206385,1.166845083,1
1999,1633,-0.8284547329,1.72326982,1
1999,1665,-1.572103739,2.431194305,1
1999,1697,-2.665957212,2.544957876,1
1999,1729,-2.497168064,3.614892721,1
1999,1761,-0.9932271242,1.7523489,1
1999,1793,0.1062034369,0.03779117763,1
1999,1825,-0.07977178693,-0.3713347912,1
1999,1857,-0.3186751604,-0.3358699083,1
1999,1889,-0.06184506416,-0.03598070145,1
1999,1921,-1.126351953,3.155284882,1
1999,1953,-1.519869447,3.082524776,1
1999,1985,-1.810556412,3.119054079,1
1999,2017,-3.351737022,0.200905323,1
