PIVlab, ASCII chart output - 11-Jun-2024
FRAME: 33, filenames: A:[33]MAX_Pos013_1202204_TgKrt18Utr_K4K8MO.avi & B:[34]MAX_Pos013_1202204_TgKrt18Utr_K4K8MO.avi, conversion factor xy (px -> m): 1, conversion factor uv (px/frame -> m/s): 1
x [px],y [px],u [px/frame],v [px/frame],Vector type [-]
47,33,0.6144962311,-0.003761768341,1
47,65,-0.4194369912,0.2876841128,1
47,97,-1.189099431,0.0664255619,1
47,129,-0.5935984254,-0.2044960856,1
47,161,1.254541874,-1.005988836,1
47,193,3.235770226,-1.718185782,1
47,225,-1.003185272,-2.17536068,1
47,257,1.343655586,-1.388094664,1
47,289,1.689268112,-0.4605826139,1
47,321,0.2193866968,-0.1588339508,1
47,353,-1.576659918,0.02182692289,1
47,385,-0.3481991291,-0.2043495923,1
47,417,1.295357823,0.1653366536,1
47,449,3.298409462,0.104346633,1
47,481,2.272964478,-0.9779423475,1
47,513,0.9530904293,-0.3331110477,1
47,545,1.640951276,-0.02906024456,1
47,577,1.642987013,-1.720628023,1
47,609,1.822790146,-0.4217464328,1
47,641,2.505605936,0.3136075139,1
47,673,3.628548145,0.06338214874,1
47,705,3.622075081,0.6689382792,1
47,737,3.416120052,1.128725529,1
47,769,1.641324282,0.538911283,1
47,801,0.4519219398,-0.8860150576,1
47,833,0.3590528965,-1.148242235,1
47,865,0.9156141281,-0.01870814338,1
47,897,1.634064674,0.6563817263,1
47,929,1.534925461,-0.8218231201,1
47,961,2.726130486,-1.994269848,1
47,993,1.280807257,-0.6280087233,1
47,1025,0.4060533047,-1.290554047,1
47,1057,0.9561588764,-1.483468413,1
47,1089,1.813679338,-0.5704289079,1
47,1121,2.374422789,0.9129039049,1
47,1153,2.003101349,0.836510241,1
47,1185,0.9957888126,-0.2956084013,1
47,1217,1.073868275,-0.2869529724,1
47,1249,-0.1289218664,-1.467147827,1
47,1281,-0.06964874268,-2.097800732,1
47,1313,1.158027649,-2.806416273,1
47,1345,1.583115816,-3.183879375,1
47,1377,1.303905368,-2.075220585,1
47,1409,1.194256306,-1.964544296,1
47,1441,1.158563733,-3.034534931,1
47,1473,1.100067854,-2.782497644,1
47,1505,1.003833294,-1.176833391,1
47,1537,1.147767782,-0.5228283405,1
47,1569,3.16634655,-2.854937553,1
47,1601,5.820102692,-1.185480595,1
47,1633,1.114187956,-4.944665909,1
47,1665,1.352237463,-4.482441902,1
47,1697,-1.416386485,-4.579754829,1
47,1729,-1.158734918,-2.497316837,1
47,1761,-0.4725331068,0.08726465702,1
47,1793,0.08242076635,-0.1352540255,1
47,1825,0.01813870668,-0.7062226534,1
47,1857,-0.3033860326,-0.854660511,1
47,1889,0.1709563136,-0.6995669603,1
47,1921,0.1873013973,-0.5416765213,1
47,1953,-0.4381123781,-0.9210028052,1
47,1985,-2.113105536,-3.286449194,1
47,2017,-1.556930542,-1.609800935,1
79,33,-0.337498486,0.5592134595,1
79,65,-0.5782110095,-0.9192285538,1
79,97,-0.552324295,-0.9493888617,1
79,129,-1.135541677,-0.6745516062,1
79,161,-1.053591728,-0.6750474572,1
79,193,-0.3944158554,-0.7705900669,1
79,225,0.1273581982,-0.9872477055,1
79,257,0.3845938444,-0.659796834,1
79,289,0.8968839049,0.2701197267,1
79,321,0.5769000053,-0.4985721111,1
79,353,0.3325259089,-0.3289465308,1
79,385,0.7774848938,0.03975230455,1
79,417,1.210286617,-0.2851422727,1
79,449,0.9835267067,-0.3228929937,1
79,481,-0.5416160822,-0.1216348857,1
79,513,-0.5046460629,-0.02308183908,1
79,545,0.6555587053,-0.1982418448,1
79,577,1.046803355,-0.7354383469,1
79,609,0.1418783665,-0.7452192307,1
79,641,0.8402537107,0.1915757358,1
79,673,1.77351284,0.6865013242,1
79,705,1.886897683,1.342876673,1
79,737,1.349669576,1.606178999,1
79,769,0.6712390184,0.7937639356,1
79,801,0.6346619129,-0.5192532539,1
79,833,0.6122707129,-0.07023644447,1
79,865,1.313332677,0.6014868617,1
79,897,1.443171382,0.141443342,1
79,929,1.137202978,-1.437761307,1
79,961,1.42958498,-2.427988529,1
79,993,1.489573717,-1.547422409,1
79,1025,1.5877707,-0.862854898,1
79,1057,1.643452048,-0.8927026391,1
79,1089,1.266134024,-0.3519684076,1
79,1121,1.23221159,0.1719487309,1
79,1153,0.1610803604,0.3587143421,1
79,1185,-0.4535098076,0.9895732403,1
79,1217,0.9719135761,0.1636260748,1
79,1249,0.7066606283,-0.8696942329,1
79,1281,1.123729467,-1.251340628,1
79,1313,1.68088913,-1.305658579,1
79,1345,2.266477585,-1.618504524,1
79,1377,3.296577454,-2.346293926,1
79,1409,1.757442832,-1.768330336,1
79,1441,0.6276855469,-1.320833325,1
79,1473,0.5789072514,-0.5474369526,1
79,1505,0.311422497,-0.3954309821,1
79,1537,-0.2730343342,-0.4904357195,1
79,1569,-0.03026582673,-1.572541714,1
79,1601,0.13517721,-2.816821575,1
79,1633,-0.1116736755,-5.127702713,1
79,1665,-0.08008602262,-0.9406034946,1
79,1697,-6.45126915,-2.947574615,1
79,1729,-1.193290591,-1.536743402,1
79,1761,-1.622851491,-1.455751538,1
79,1793,-1.139834762,-1.390229225,1
79,1825,-0.6773719788,-1.347427607,1
79,1857,-0.3441495299,-1.049657583,1
79,1889,0.1890231967,-1.238585353,1
79,1921,-0.3831280768,-0.7824549675,1
79,1953,-2.453389406,-4.135582924,1
79,1985,-0.5974315405,-1.018239498,1
79,2017,-0.4720900655,-0.3582825065,1
111,33,-1.178991318,0.8886272907,1
111,65,-0.5624705553,-1.945518017,1
111,97,-0.2800728679,-2.608092785,1
111,129,-0.6866066456,-0.9274202585,1
111,161,-1.178677678,-0.5317310095,1
111,193,-1.428114891,-0.4637722075,1
111,225,-1.677657843,-0.6265920401,1
111,257,-1.281544447,-0.7611364126,1
111,289,-0.5462896824,-0.5227842927,1
111,321,0.1193502843,-0.1581675708,1
111,353,1.220603466,-0.1152943075,1
111,385,3.372026682,-0.9742436409,1
111,417,1.786399126,-0.6494309902,1
111,449,-0.1165875196,-0.2543701828,1
111,481,-0.7923437953,0.297008872,1
111,513,-0.1548771858,0.681176722,1
111,545,0.1916482002,-0.08155571669,1
111,577,0.4851773977,-0.2378152907,1
111,609,0.3874009848,-0.3547325432,1
111,641,0.5041488409,-0.05066590011,1
111,673,0.7722034454,0.7635198832,1
111,705,0.8599495292,1.355720043,1
111,737,0.2212602794,1.204225659,1
111,769,-0.5841562748,0.7628138661,1
111,801,0.07218903303,0.5711001754,1
111,833,0.007027387619,0.6696976423,1
111,865,0.4722623229,0.2437002957,1
111,897,0.85866642,-0.4288039804,1
111,929,0.2276426554,-1.083781719,1
111,961,0.391283989,-1.002833486,1
111,993,1.251969457,-0.362529248,1
111,1025,4.196956158,0.3622089028,1
111,1057,4.260028362,0.1515956819,1
111,1089,1.774974346,-0.3104363382,1
111,1121,1.24744153,0.2783944607,1
111,1153,0.4501689672,0.8598072529,1
111,1185,-0.2700517774,1.509200573,1
111,1217,0.742724061,0.1344246417,1
111,1249,1.406048536,-0.3107482195,1
111,1281,2.115907192,-0.3711742163,1
111,1313,1.409082532,0.1366839111,1
111,1345,0.5611988306,0.3715193272,1
111,1377,1.854956627,-1.640591025,1
111,1409,1.129499316,-2.006888151,1
111,1441,0.3662334383,-0.7280236483,1
111,1473,-0.2044169605,0.03968948126,1
111,1505,-0.5788822174,-0.2391096354,1
111,1537,-1.54289782,-1.26117146,1
111,1569,-0.3920914233,-2.206258297,1
111,1601,-0.308185339,-3.596214294,1
111,1633,0.01064891368,-4.016917229,1
111,1665,0.6023145318,-4.016001701,1
111,1697,6.196081638,6.169628143,1
111,1729,-1.222410321,-2.257684708,1
111,1761,-1.493846774,-2.787817717,1
111,1793,-1.615964055,-2.117356062,1
111,1825,-0.9976990819,-1.383915901,1
111,1857,-0.3274579048,-1.10855937,1
111,1889,-0.4464299679,-1.271664381,1
111,1921,-3.033808231,-2.72415638,1
111,1953,-0.8513736725,-3.054020882,1
111,1985,-0.4085189402,-0.6491924524,1
111,2017,0.1176690012,0.1115874648,1
143,33,-1.114075422,0.9483401775,1
143,65,-0.8434582353,-1.46450913,1
143,97,-1.670879126,-3.707092285,1
143,129,-0.8846959472,-2.759419203,1
143,161,-0.4947173595,-0.4276525378,1
143,193,-0.7991127968,-0.4672503471,1
143,225,-1.01514554,-0.6373550892,1
143,257,-1.000074148,-1.80136776,1
143,289,-0.9067887664,-0.9272233844,1
143,321,-17.29095078,-1.280370712,1
143,353,2.771386623,-0.4876812398,1
143,385,4.009859085,-1.283908129,1
143,417,4.449008942,-0.8054834604,1
143,449,0.4449638128,-0.3495721221,1
143,481,0.1666758358,0.5094214678,1
143,513,0.2475352287,1.488204002,1
143,545,0.1557899714,0.1437705457,1
143,577,0.2841897011,-0.2740848958,1
143,609,-0.1038915217,-0.5618831515,1
143,641,-0.4324330091,-0.2996074855,1
143,673,0.3043095469,0.4904747605,1
143,705,0.4603914022,1.096357584,1
143,737,0.09697169065,0.8193664551,1
143,769,-1.035057306,0.4493957758,1
143,801,-1.266947865,0.5368394852,1
143,833,-0.9709564447,0.7398263812,1
143,865,-0.6106995344,0.3801296651,1
143,897,-0.1188254356,0.1181239486,1
143,929,-0.3776036501,-0.4145677388,1
143,961,-0.2961779833,-0.1968623996,1
143,993,0.9914925098,0.2356769741,1
143,1025,1.772515297,1.012833476,1
143,1057,3.618613482,0.5687526464,1
143,1089,3.514513493,0.2024928927,1
143,1121,2.372346878,1.501032233,1
143,1153,1.472362876,1.244903684,1
143,1185,0.784730792,1.010436416,1
143,1217,1.201748252,0.5157770514,1
143,1249,1.325850487,0.1542026997,1
143,1281,1.210521936,0.3661438823,1
143,1313,16.20344925,-6.405137539,1
143,1345,0.1750866771,0.4228602648,1
143,1377,0.5907699466,-1.24215126,1
143,1409,0.9162473679,-4.654067516,1
143,1441,0.05250018835,-0.9988515377,1
143,1473,-0.8872413039,-0.218935132,1
143,1505,-1.227302313,-0.184510529,1
143,1537,-0.5891270638,-1.424728274,1
143,1569,-0.3408478796,-1.664103746,1
143,1601,-0.3672943413,-1.404763699,1
143,1633,0.1040050834,-2.980786324,1
143,1665,0.2278904617,-2.513206244,1
143,1697,-0.5947761536,-0.2077639103,1
143,1729,-1.418629169,-3.116668701,1
143,1761,-1.321299076,-4.617203712,1
143,1793,-1.609491348,-2.990574837,1
143,1825,-1.315121412,-2.571907997,1
143,1857,-0.7429612875,-1.151807904,1
143,1889,-2.04122448,-0.8183832169,1
143,1921,-1.85226512,-0.960288763,1
143,1953,-0.6457874775,-0.9890120029,1
143,1985,-0.4605185688,-0.7339590192,1
143,2017,0.233196646,0.05517204106,1
175,33,-0.7210718393,0.6158624887,1
175,65,-0.9555767179,-0.7649179697,1
175,97,-0.6872173548,-1.819329023,1
175,129,-0.51453197,-1.655330658,1
175,161,0.4050876796,-0.6364374757,1
175,193,1.637013197,-0.5641366243,1
175,225,0.8827949166,-0.7670693994,1
175,257,0.6910611391,-2.617870331,1
175,289,0.5931680202,-1.228559613,1
175,321,12.38565445,-16.09173965,1
175,353,2.303503036,-0.2807305455,1
175,385,2.61157012,-0.667488575,1
175,417,1.783307672,-0.3493816555,1
175,449,1.130981207,0.3197405338,1
175,481,0.6707139611,-0.0925411284,1
175,513,0.02378284931,0.1099119037,1
175,545,0.5361657143,-0.1702509969,1
175,577,0.4721415043,-0.5712450147,1
175,609,-0.3429845273,-0.567153275,1
175,641,0.0004727840424,-0.3123521209,1
175,673,0.4172765017,0.1761345565,1
175,705,0.3133742809,0.4414943457,1
175,737,0.4014609456,0.4924465418,1
175,769,-0.2648277879,1.101149082,1
175,801,-1.690263987,0.8613475561,1
175,833,-0.8695862889,0.5555705428,1
175,865,-0.4649220109,0.1860250533,1
175,897,-0.6688093543,0.8448690176,1
175,929,-0.306547761,0.6720181704,1
175,961,-0.252124548,0.6203275323,1
175,993,1.161700726,0.5064397454,1
175,1025,1.196077943,0.8407996297,1
175,1057,0.9275430441,0.7781630754,1
175,1089,5.754408836,0.6972281933,1
175,1121,6.815768719,1.144168019,1
175,1153,6.987883568,0.7802480459,1
175,1185,3.825511694,0.7816308141,1
175,1217,2.072142124,0.5291944742,1
175,1249,1.557302117,-0.01534500718,1
175,1281,1.106806993,0.7012260556,1
175,1313,1.055032253,0.2121520936,1
175,1345,0.5416219234,-0.3028727174,1
175,1377,-0.2014625669,-1.127667308,1
175,1409,0.1489581764,-4.236392975,1
175,1441,0.1707289219,-1.967268705,1
175,1473,-0.4203827381,-1.158944845,1
175,1505,-0.9251117706,-0.838211298,1
175,1537,-0.5950692892,-1.261718869,1
175,1569,-0.001263305545,-1.967877865,1
175,1601,0.234852463,-2.511003017,1
175,1633,-0.1220324337,-3.231335402,1
175,1665,-1.658163428,-3.06600523,1
175,1697,-0.4150280356,-1.761365891,1
175,1729,-1.362662435,-3.414839983,1
175,1761,-1.302105308,-4.122036934,1
175,1793,-1.52426064,-2.925571203,1
175,1825,-1.347765684,-2.580305338,1
175,1857,-1.409075499,-1.501974463,1
175,1889,-2.084069252,-1.402841568,1
175,1921,-1.234473228,-0.8527545333,1
175,1953,-0.5638237596,-0.3846116662,1
175,1985,-0.4059595764,-0.7103767395,1
175,2017,-0.06161935627,-0.2378603667,1
207,33,0.02393990755,0.2455691099,1
207,65,-0.7830859423,-0.6307376623,1
207,97,-0.3310020268,-0.5418958664,1
207,129,0.1272951066,-0.6772996187,1
207,161,1.761306286,-0.8413028717,1
207,193,5.035107613,-1.13062942,1
207,225,4.032305717,-1.897285461,1
207,257,4.229236126,-5.402787685,1
207,289,1.83069241,-1.017731428,1
207,321,1.101466417,-0.3204743862,1
207,353,0.5760282278,0.09550654888,1
207,385,-0.03843104839,-0.6611215472,1
207,417,0.7488231659,-0.09173858166,1
207,449,2.279966831,0.8352076411,1
207,481,1.473899364,-0.5298763514,1
207,513,1.052052855,-1.005017519,1
207,545,0.9320946932,-1.46359086,1
207,577,0.8167368174,-0.65813905,1
207,609,1.31262064,-0.4930032492,1
207,641,0.8922117949,-0.4234948158,1
207,673,0.5853989124,-0.2450948656,1
207,705,1.158455372,-0.1899285913,1
207,737,1.840947747,0.03101587296,1
207,769,0.7835114002,0.636885941,1
207,801,0.6103681922,0.2319830358,1
207,833,2.271334171,-0.1435488462,1
207,865,0.8341403604,-0.3835344911,1
207,897,0.06665450335,1.579324007,1
207,929,0.5488055348,3.502539635,1
207,961,1.716098309,4.634169102,1
207,993,9.500598907,-11.81700039,1
207,1025,-10.95370293,-8.315751076,1
207,1057,2.411468506,0.7623435259,1
207,1089,0.8459458351,0.005795836449,1
207,1121,7.319530964,2.400093079,1
207,1153,2.177022457,0.8454879522,1
207,1185,2.188570499,1.03189075,1
207,1217,2.463768482,0.09537217021,1
207,1249,1.356929541,-0.1945543438,1
207,1281,0.9625145197,0.2194763422,1
207,1313,1.232382894,-0.1859488785,1
207,1345,0.6203396916,-0.3292745352,1
207,1377,-0.1116701365,-1.121400356,1
207,1409,-0.5780994296,-3.308666229,1
207,1441,0.4289327264,-3.446411371,1
207,1473,1.066008806,-2.287635326,1
207,1505,0.02711510658,-1.858589411,1
207,1537,-0.2234719992,-1.632189274,1
207,1569,-0.3216971457,-2.573019505,1
207,1601,0.07240316272,-3.468835115,1
207,1633,-0.07100052387,-4.164316177,1
207,1665,-1.717984915,-4.012993813,1
207,1697,-1.108982563,-1.981178999,1
207,1729,-1.389612317,-3.336177826,1
207,1761,-1.316691399,-2.845456839,1
207,1793,-1.218556881,-2.12221694,1
207,1825,-0.9181442261,-1.927550197,1
207,1857,-1.135996103,-1.367902994,1
207,1889,-1.2144804,-0.82183671,1
207,1921,-1.046801686,-0.9868943691,1
207,1953,-0.8320041895,-0.549916625,1
207,1985,-0.4530085921,-0.678365767,1
207,2017,-0.3883811831,-0.5364806652,1
239,33,0.1400530338,0.4222565889,1
239,65,-0.4711570144,-0.2080653608,1
239,97,-0.09612843394,-0.3033937216,1
239,129,0.8706337214,0.06547643244,1
239,161,2.289983749,0.1956737339,1
239,193,4.233698845,-0.1018333435,1
239,225,4.209412575,-2.962041855,1
239,257,-3.166309118,13.19050407,1
239,289,2.641112089,-1.259522319,1
239,321,1.323946118,-0.1997645497,1
239,353,0.6896589994,0.7168036699,1
239,385,0.6143036485,-0.4538103342,1
239,417,1.341337323,-1.409631848,1
239,449,4.3211236,-1.10000515,1
239,481,3.935835361,0.5102061033,1
239,513,0.76482898,-0.7835062742,1
239,545,0.8709605932,-1.889216423,1
239,577,0.8658312559,-0.8660598993,1
239,609,1.106805563,-0.51346457,1
239,641,0.5844308734,-0.4414922297,1
239,673,0.3190301657,-0.6404924393,1
239,705,1.175239325,-0.4652094841,1
239,737,2.360888481,-0.3230444193,1
239,769,1.551546097,0.02227629721,1
239,801,2.810798407,-0.9365725517,1
239,833,3.774602652,-0.714127481,1
239,865,2.89787817,-0.1029078364,1
239,897,2.521877766,2.360311031,1
239,929,2.686738491,5.769007683,1
239,961,3.063485384,6.468324184,1
239,993,-0.5063666105,-9.762811661,1
239,1025,1.898622751,0.4009298086,1
239,1057,1.287317872,0.5701242685,1
239,1089,1.116352797,1.102140903,1
239,1121,4.722547531,2.413629055,1
239,1153,2.231830359,0.7730286121,1
239,1185,0.6902149916,0.8377159834,1
239,1217,1.320243597,-0.1931777745,1
239,1249,1.489916086,-0.4681655765,1
239,1281,1.267741323,-0.6749715805,1
239,1313,1.626884818,-1.381509662,1
239,1345,1.512470722,-1.188264251,1
239,1377,1.566813946,-1.111875653,1
239,1409,1.76924181,-2.584457636,1
239,1441,1.114571214,-3.764170647,1
239,1473,1.460700512,-2.699675083,1
239,1505,1.194844604,-2.482000828,1
239,1537,0.8615495563,-2.737482786,1
239,1569,0.2036198527,-3.540926456,1
239,1601,0.1337320358,-3.808626413,1
239,1633,0.9906079173,-4.054560661,1
239,1665,0.1836438775,-3.578589439,1
239,1697,-0.6471021175,-2.155063152,1
239,1729,-2.136476755,-0.8469746113,1
239,1761,-1.235686064,-2.307131529,1
239,1793,-1.166120887,-2.04386282,1
239,1825,-1.073021293,-1.293083191,1
239,1857,-0.5383612514,-0.9808517694,1
239,1889,0.2137286663,-0.0188126564,1
239,1921,0.2257142067,-0.4276131988,1
239,1953,-0.3331336975,-0.626188755,1
239,1985,-0.3848184347,-0.7343529463,1
239,2017,-0.007479190826,-0.5326135159,1
271,33,-0.1261839271,1.103828907,1
271,65,-0.4576085806,0.3232176304,1
271,97,0.0733460933,-0.2939709425,1
271,129,0.8147609234,-0.3872395754,1
271,161,0.9657335877,0.4390004575,1
271,193,0.7071543932,0.3455165327,1
271,225,0.6984395981,-0.7033789158,1
271,257,2.681714058,-1.825429201,1
271,289,2.49136591,-1.407466888,1
271,321,1.166757464,-0.127619803,1
271,353,0.5499367118,0.01584669948,1
271,385,0.5656387806,-0.4643838704,1
271,417,0.8121213317,-0.8621120453,1
271,449,1.916214466,-1.213467598,1
271,481,1.95495379,0.0702688694,1
271,513,0.4962331653,-0.1076210141,1
271,545,0.5769000649,-1.062981963,1
271,577,0.2175701261,-1.085988522,1
271,609,0.3877578974,-0.7614388466,1
271,641,0.2377939522,-0.6300922036,1
271,673,0.1102029085,-0.463119179,1
271,705,0.6177467108,-0.3171596527,1
271,737,1.168971419,-0.3965167105,1
271,769,1.558875322,0.04887209833,1
271,801,2.123052835,-0.2053837478,1
271,833,3.058779716,-0.06353878975,1
271,865,4.040308952,1.102538586,1
271,897,1.925111413,1.196905732,1
271,929,1.466487408,5.314896584,1
271,961,3.516796112,5.687080383,1
271,993,1.639735579,2.576455116,1
271,1025,1.074666977,1.544275761,1
271,1057,2.789969206,2.700774193,1
271,1089,3.653072357,1.708560824,1
271,1121,3.314833403,1.700099587,1
271,1153,1.539343476,0.6860826015,1
271,1185,0.2511948347,0.8524406552,1
271,1217,0.5807653666,-0.4103623629,1
271,1249,1.402332067,-0.9687790275,1
271,1281,1.400232792,-0.9081557989,1
271,1313,1.526625395,-1.582973599,1
271,1345,2.782833099,-1.605498075,1
271,1377,3.72674346,-0.31924963,1
271,1409,3.752421856,-0.3791768551,1
271,1441,2.644238949,-2.400431633,1
271,1473,2.596261978,-3.05275321,1
271,1505,2.314345121,-3.599361658,1
271,1537,1.146123528,-4.929931641,1
271,1569,0.6018707752,-4.827665329,1
271,1601,0.7889484167,-4.346613884,1
271,1633,0.33340168,-1.83675313,1
271,1665,0.2980884612,-2.892643213,1
271,1697,-0.0491527915,-4.446000099,1
271,1729,-0.7636344433,-3.566907406,1
271,1761,-0.6817769408,-1.765450716,1
271,1793,-0.7028917074,-1.539719105,1
271,1825,-0.6452052593,-0.791531086,1
271,1857,-0.2843517661,-0.7544256449,1
271,1889,0.1469737291,-0.4744321108,1
271,1921,0.2284343839,-0.47448349,1
271,1953,-0.8292012215,-1.270206928,1
271,1985,-2.601171494,-3.277206421,1
271,2017,-0.367872715,-0.386877656,1
303,33,-0.3955958486,1.321697235,1
303,65,-0.6176710129,0.2211833894,1
303,97,-0.4402369857,-0.3428317308,1
303,129,0.04132284224,-0.6626671553,1
303,161,-0.1959299743,-0.2243827581,1
303,193,-0.3060297072,0.3271443248,1
303,225,-0.007359087467,-0.8330054283,1
303,257,0.7317177057,-2.587640762,1
303,289,0.9831671715,-2.445164919,1
303,321,0.8897841573,-1.359498382,1
303,353,0.8395026326,-0.4521221519,1
303,385,1.135024667,-0.3966839015,1
303,417,1.041821122,-0.7523918152,1
303,449,-0.1861491799,-1.065208316,1
303,481,-1.018820763,-0.6052788496,1
303,513,0.1300791502,0.1350497603,1
303,545,0.8363186121,-0.8507266045,1
303,577,0.2974665761,-1.32867074,1
303,609,0.3298639655,-1.07928884,1
303,641,0.3547526002,-0.6224526167,1
303,673,0.1467960179,-0.1534554958,1
303,705,0.4538297057,-0.2165913731,1
303,737,0.7718880177,-0.2617701292,1
303,769,1.224409938,0.1736780405,1
303,801,1.727992296,0.2491783351,1
303,833,1.718694925,0.3231726885,1
303,865,2.936041832,1.754481316,1
303,897,1.921551943,4.12507534,1
303,929,0.5240611434,1.585044384,1
303,961,1.028637171,1.847415924,1
303,993,0.8705918193,2.084923744,1
303,1025,0.6698789597,1.473779917,1
303,1057,2.389786243,2.948027611,1
303,1089,4.079511166,2.473517179,1
303,1121,2.666134834,1.286426425,1
303,1153,2.333925247,1.202125072,1
303,1185,1.810848713,1.871664643,1
303,1217,1.953567028,-0.4088656008,1
303,1249,2.097561359,-1.102730751,1
303,1281,2.099764109,-1.383300066,1
303,1313,1.901237607,-2.041454792,1
303,1345,1.83622539,-1.766152263,1
303,1377,1.805205584,-0.6989716291,1
303,1409,1.714553833,0.9566774368,1
303,1441,2.756043911,-0.2331914902,1
303,1473,3.307603359,-3.03851366,1
303,1505,1.277802467,-4.971413136,1
303,1537,0.3854952455,-6.487949371,1
303,1569,0.341375947,-5.681950092,1
303,1601,0.5819109082,-5.231613159,1
303,1633,0.5772812963,-3.472842216,1
303,1665,-0.2594968081,-2.697199345,1
303,1697,-0.7141563892,-3.670374632,1
303,1729,-0.1801210642,-3.308139086,1
303,1761,-0.2866244316,-1.719793558,1
303,1793,-0.300761044,-0.9276502132,1
303,1825,0.07165336609,-1.174610496,1
303,1857,-0.2176506221,-0.9534372687,1
303,1889,-0.4617587924,-0.8840590715,1
303,1921,-1.051128745,-1.128356099,1
303,1953,-2.624026775,-2.700294971,1
303,1985,-3.830621004,-2.830463409,1
303,2017,-0.9034615755,-0.3166071773,1
335,33,-0.4598248601,1.067261338,1
335,65,-0.9861826897,0.313345015,1
335,97,-0.6143226624,-0.192584902,1
335,129,-0.1524098516,-1.068852067,1
335,161,-0.2889840007,-0.7291786671,1
335,193,-0.09054139256,-0.3011505604,1
335,225,0.4600151181,-0.9429675341,1
335,257,0.2305414677,-1.811165571,1
335,289,0.2248882651,-2.536667824,1
335,321,0.7338790894,-1.249851942,1
335,353,1.415222883,-0.5730162859,1
335,385,1.172247529,-0.6045323014,1
335,417,0.3980690837,-1.1806494,1
335,449,-0.654630959,-1.174969435,1
335,481,-0.7789906263,-0.8263528943,1
335,513,0.2410988957,-0.21427387,1
335,545,0.5810422301,-0.4293662012,1
335,577,0.685106039,-1.544738531,1
335,609,0.8677655458,-1.796450734,1
335,641,0.596827507,-0.8102328777,1
335,673,0.3268432021,-0.1250576824,1
335,705,0.6453350782,0.09437795728,1
335,737,1.19204092,-0.06876210868,1
335,769,1.704543471,-0.09366205335,1
335,801,1.860816956,0.08441919088,1
335,833,2.402535439,0.9125535488,1
335,865,2.625026703,1.885550976,1
335,897,0.4490194321,1.69286263,1
335,929,-0.6909095049,1.77294302,1
335,961,-0.2416763306,1.635681748,1
335,993,0.3786338568,1.477977157,1
335,1025,0.6640496254,0.1055408716,1
335,1057,0.4701280594,0.4016161561,1
335,1089,2.34766221,1.745394468,1
335,1121,3.315161228,2.405956984,1
335,1153,3.617341042,2.007410526,1
335,1185,3.875694513,1.109847784,1
335,1217,4.42178297,-0.6298513412,1
335,1249,4.58586216,-1.594853401,1
335,1281,3.111355543,-2.494865179,1
335,1313,1.393292665,-2.823144913,1
335,1345,1.193636179,-1.815284848,1
335,1377,1.584146142,-0.835064888,1
335,1409,1.11751771,0.0723221302,1
335,1441,1.262946248,-1.497486353,1
335,1473,1.432830453,-3.938777685,1
335,1505,0.4989025593,-5.972630501,1
335,1537,0.1414256692,-7.268240929,1
335,1569,0.243506074,-6.046597004,1
335,1601,0.4860194027,-5.13918066,1
335,1633,0.0834594965,-6.430803299,1
335,1665,-0.9095613956,-5.367925167,1
335,1697,-0.7863426208,-1.743534327,1
335,1729,0.003098547459,-2.256351233,1
335,1761,-0.6966080666,-2.141488791,1
335,1793,-0.5266852379,-1.797101378,1
335,1825,-0.1236308813,-1.668721318,1
335,1857,-0.2505194545,-1.369908333,1
335,1889,-0.6124634743,-1.320411921,1
335,1921,-1.408439636,-1.54443717,1
335,1953,-1.925098896,-1.319386005,1
335,1985,-2.029839039,-0.6811335087,1
335,2017,-1.619319558,-0.3502278924,1
367,33,-3.91012001,0.930300355,1
367,65,-4.766515732,1.324049234,1
367,97,-3.005767107,-1.122286081,1
367,129,-0.4474495053,-1.420831203,1
367,161,-0.1226555184,-0.8949949741,1
367,193,0.2023099661,-0.8469611406,1
367,225,0.6007068157,-0.9810991287,1
367,257,0.2148741633,-1.371302009,1
367,289,-0.08951592445,-1.155862451,1
367,321,0.5054566264,-0.7983472943,1
367,353,1.018182516,-0.8095027208,1
367,385,0.3336088061,-0.9196543097,1
367,417,0.1069645882,-1.626330972,1
367,449,-0.07094691694,-1.479664087,1
367,481,0.09306290746,-1.091720819,1
367,513,0.7118979692,-0.2075734735,1
367,545,0.6221082211,0.4837370217,1
367,577,0.6155903935,-0.1081682742,1
367,609,0.9569758177,-0.8528082967,1
367,641,0.9188176394,-0.4040611982,1
367,673,0.5438176394,0.07167010009,1
367,705,0.7047001123,0.5337263346,1
367,737,0.8443950415,-0.02029389143,1
367,769,1.464563608,-0.1275510192,1
367,801,1.921658397,1.296458364,1
367,833,3.472928762,2.400467396,1
367,865,2.399318695,1.530007124,1
367,897,0.8848403692,1.299985051,1
367,929,-0.03399860859,1.639801979,1
367,961,-0.08259388804,1.572200298,1
367,993,0.3396553099,1.285416126,1
367,1025,0.4651153088,0.3671152592,1
367,1057,0.2831017971,-0.23612988,1
367,1089,1.304622412,0.356718719,1
367,1121,3.887714148,2.289300919,1
367,1153,4.163279057,2.092646599,1
367,1185,4.864690781,1.259549141,1
367,1217,6.267531395,-0.192858994,1
367,1249,5.281712532,-1.721634388,1
367,1281,3.553136826,-2.367308617,1
367,1313,0.2291738391,-2.493671417,1
367,1345,-1.351979256,-0.8858214617,1
367,1377,-0.2714783549,-0.8644522429,1
367,1409,-0.1225926578,-1.609980226,1
367,1441,-0.4104508162,-2.851499796,1
367,1473,0.142622143,-4.714958668,1
367,1505,0.3639465272,-5.911074162,1
367,1537,0.2457846999,-5.073444366,1
367,1569,-0.9632712603,-3.771318913,1
367,1601,-1.506119609,-2.773257256,1
367,1633,-1.279460669,-3.443058491,1
367,1665,-1.814001918,-4.514131546,1
367,1697,-1.408901811,-1.126717091,1
367,1729,-1.104065657,-1.645516634,1
367,1761,-1.185545206,-2.446199894,1
367,1793,-1.37254715,-2.189530373,1
367,1825,-1.792515516,-2.128471851,1
367,1857,-1.602221131,-2.238487244,1
367,1889,-2.058039188,-2.240524292,1
367,1921,-2.654985428,-2.228986025,1
367,1953,-2.221702099,-1.326487422,1
367,1985,-2.318130493,-0.8593170643,1
367,2017,-2.236786604,-0.3529256582,1
399,33,-1.776183367,0.9164323807,1
399,65,-4.478538513,-1.525705934,1
399,97,-1.787855625,-1.059236765,1
399,129,-0.5174474716,-1.116139412,1
399,161,-0.1264279634,-2.008615017,1
399,193,0.1533667892,-3.075154305,1
399,225,0.9959753156,-1.828025103,1
399,257,0.9198022485,-1.603682518,1
399,289,-0.08769071102,-0.4087026715,1
399,321,-0.1594097912,-0.7973263264,1
399,353,0.2180086374,-1.637952805,1
399,385,0.292716682,-1.446798801,1
399,417,-0.0437143147,-2.457355976,1
399,449,-0.05144101381,-2.626755953,1
399,481,0.2880160511,-1.344868064,1
399,513,0.4292656183,-0.3396454453,1
399,545,0.4684150219,-0.08863344789,1
399,577,0.5371488333,0.6186778545,1
399,609,0.7453324795,-0.01501265168,1
399,641,0.9088501334,0.09211111069,1
399,673,0.9325238466,0.1833381653,1
399,705,0.9729142189,0.6569579244,1
399,737,1.664138556,0.1934112906,1
399,769,2.037062645,0.4127079248,1
399,801,2.270236969,2.051893473,1
399,833,2.476230145,1.860001922,1
399,865,1.383684635,1.248997331,1
399,897,0.2511879206,1.436006904,1
399,929,-0.2369749546,1.658340931,1
399,961,-0.1183818579,1.435369253,1
399,993,0.3247816861,0.9920808077,1
399,1025,0.4153665304,0.2876719236,1
399,1057,-0.02158546448,-0.4486706853,1
399,1089,0.5443085432,-0.3439526558,1
399,1121,2.930681705,1.276407123,1
399,1153,3.356781483,2.360172272,1
399,1185,5.198963642,1.056061983,1
399,1217,5.467298031,0.2755861878,1
399,1249,3.558737278,-0.6666312218,1
399,1281,2.047358513,-2.333038807,1
399,1313,-1.244797468,-5.001270771,1
399,1345,-1.818645716,-0.1137925386,1
399,1377,-1.999287009,-0.3089184761,1
399,1409,-1.0745399,-1.144522905,1
399,1441,-0.3871024251,-3.296838045,1
399,1473,0.1023249626,-5.489723682,1
399,1505,0.05860701203,-5.331264496,1
399,1537,-0.1441904306,-2.838574886,1
399,1569,-1.545323491,-2.528985977,1
399,1601,-2.627559185,-2.134513378,1
399,1633,-2.035378933,-3.108828545,1
399,1665,-2.234803438,-2.79257679,1
399,1697,-2.060116529,-2.783669233,1
399,1729,-1.995376706,-2.441353798,1
399,1761,-1.825877428,-2.722400427,1
399,1793,-2.049322128,-2.52173996,1
399,1825,-3.609370232,-2.777478695,1
399,1857,-3.917921543,-3.02243495,1
399,1889,-4.775779724,-2.637442827,1
399,1921,-3.237723827,-2.426033974,1
399,1953,-1.966296434,-2.022748232,1
399,1985,-3.434924126,-3.8149333,1
399,2017,-1.958826184,-0.2237304449,1
431,33,-0.109308362,0.8890551329,1
431,65,-0.2751349211,-0.9580526352,1
431,97,-0.2709349394,-0.6028537154,1
431,129,-0.2210819721,-1.05649209,1
431,161,-0.3644323945,-2.474955559,1
431,193,-0.1081585288,-1.823398948,1
431,225,0.09553851187,-0.2272952795,1
431,257,0.2212684751,-0.470843792,1
431,289,-0.3565042913,-0.8508749008,1
431,321,-0.1145380735,-1.705367923,1
431,353,0.4865475893,-2.924952269,1
431,385,-0.3273527324,-1.510118723,1
431,417,0.2891997099,-1.694585562,1
431,449,0.3569003642,-2.976555824,1
431,481,0.319108367,-1.159742355,1
431,513,0.7185356617,-0.8011180758,1
431,545,0.4744919837,-0.7427315712,1
431,577,0.2756336927,0.3271208405,1
431,609,0.5087233186,0.2162868977,1
431,641,0.4632700086,0.5741619468,1
431,673,1.091167808,1.027615786,1
431,705,1.715794444,1.858457685,1
431,737,3.082502127,1.131703615,1
431,769,2.953577995,0.9615296721,1
431,801,2.049291849,1.259757519,1
431,833,1.843375564,1.054863214,1
431,865,0.8515235186,0.9955098629,1
431,897,0.05872160196,1.164993048,1
431,929,-0.261846453,1.195607543,1
431,961,-0.1309017539,0.9734547734,1
431,993,0.3855719864,0.6705255508,1
431,1025,0.6402587891,0.5126265287,1
431,1057,0.5585304499,0.1082404852,1
431,1089,0.4588142633,0.0625192523,1
431,1121,1.037342668,0.9133279324,1
431,1153,1.501118541,2.783114672,1
431,1185,4.549222469,0.9487160444,1
431,1217,4.301791191,1.007082582,1
431,1249,1.656151056,-0.03480783105,1
431,1281,0.9196742773,-6.185074329,1
431,1313,-11.69913673,7.757917404,1
431,1345,-1.038373828,-0.0291633904,1
431,1377,-1.754088521,3.198894024,1
431,1409,-1.344549656,0.511184454,1
431,1441,-0.1935038567,-4.236808777,1
431,1473,-0.2868745327,-6.648932934,1
431,1505,-0.7311601043,-6.269426346,1
431,1537,-1.189848661,-3.361597538,1
431,1569,-2.301316261,-2.56289196,1
431,1601,-3.365313292,-2.979871988,1
431,1633,-3.407892466,-4.304146767,1
431,1665,-2.41335845,-4.409842968,1
431,1697,-1.921598673,-3.74786067,1
431,1729,-2.178289175,-3.394546509,1
431,1761,-2.235337257,-3.609288692,1
431,1793,-1.871546745,-4.198791981,1
431,1825,-3.09345603,-4.006422043,1
431,1857,-3.906328917,-2.73451829,1
431,1889,-3.667731285,-2.48163414,1
431,1921,-2.721998692,-1.307753801,1
431,1953,-2.038375854,-2.059251785,1
431,1985,-3.056346655,-3.821555614,1
431,2017,-1.975927591,-0.107267648,1
463,33,0.5253038406,1.08854115,1
463,65,0.3511413932,-0.5086383224,1
463,97,0.1102397442,-0.5362539887,1
463,129,-0.2683475912,-1.278424025,1
463,161,-0.6020728946,-1.057688117,1
463,193,-0.8726986051,-0.2824858427,1
463,225,-0.7941974401,0.1584547758,1
463,257,-0.4291695952,-0.2854411602,1
463,289,-1.063744068,-1.149809361,1
463,321,-1.046689868,-1.89774394,1
463,353,-0.6775245667,-3.159568787,1
463,385,-0.4362998307,-1.376551151,1
463,417,0.5630630255,-1.307382464,1
463,449,0.4630491436,-1.536690354,1
463,481,0.1159939766,-1.007062554,1
463,513,0.8279657364,-1.144014359,1
463,545,0.823680222,-1.024787903,1
463,577,0.425108999,-0.5296373367,1
463,609,0.5678346157,0.6041119695,1
463,641,0.329210341,1.6448493,1
463,673,0.6946712732,2.144868135,1
463,705,1.554595232,3.277092934,1
463,737,2.429094553,2.764522791,1
463,769,1.726667285,0.4760947227,1
463,801,1.271387815,-0.8726853728,1
463,833,2.015169144,0.3276488781,1
463,865,1.448739529,0.1985428929,1
463,897,0.7090132236,0.5821743608,1
463,929,0.6977807283,0.2377382517,1
463,961,0.3968775868,0.5125815868,1
463,993,0.0737811327,0.7558482885,1
463,1025,-0.108466804,0.5904228687,1
463,1057,-0.06716108322,0.06273138523,1
463,1089,0.1805071831,-0.4450837076,1
463,1121,0.1740627289,0.3013628721,1
463,1153,0.3905141354,5.022069454,1
463,1185,1.140323162,4.820158958,1
463,1217,1.231585503,2.420775414,1
463,1249,1.153479099,0.5605518818,1
463,1281,1.550777912,-5.02740097,1
463,1313,-1.178938627,-2.836960793,1
463,1345,-1.113590002,-0.09886646271,1
463,1377,-1.081150532,1.862238288,1
463,1409,-1.142516017,0.3444690704,1
463,1441,0.6301233768,-4.995391369,1
463,1473,-1.096830726,-7.425896168,1
463,1505,-1.407940626,-6.975885391,1
463,1537,0.09575092793,-5.319507599,1
463,1569,-2.824083328,-4.921084404,1
463,1601,-4.252388954,-4.420930862,1
463,1633,-4.117583752,-5.286561489,1
463,1665,-3.21646452,-5.142408848,1
463,1697,-2.436054707,-4.483481407,1
463,1729,-2.574038982,-4.323220253,1
463,1761,-2.45323658,-4.786129475,1
463,1793,-0.9012799263,-5.016890526,1
463,1825,-1.822407246,-4.271231651,1
463,1857,-2.921883583,-2.721852303,1
463,1889,-2.822327137,-2.689290047,1
463,1921,-3.660027504,-2.522941828,1
463,1953,-3.428995609,-2.006488085,1
463,1985,-2.144964218,-0.4588261843,1
463,2017,-1.064945579,-0.2946790159,1
495,33,0.4067434072,1.967567444,1
495,65,-0.4087384343,-0.3873044848,1
495,97,-0.152669549,-0.5424046516,1
495,129,-0.5235512853,-1.223568082,1
495,161,-1.057268262,-0.8591250777,1
495,193,-1.127591729,-0.7862539887,1
495,225,-1.086484909,-0.4632520676,1
495,257,-1.302179217,-0.5568677187,1
495,289,-1.934649587,-1.385442615,1
495,321,-2.13263011,-2.081125259,1
495,353,-2.071236134,-2.335916758,1
495,385,-0.4753952026,-1.382107019,1
495,417,0.3316723704,-1.004033327,1
495,449,0.4046210349,-0.8711909056,1
495,481,0.2212861478,-0.9802131653,1
495,513,0.1428978443,-1.673363209,1
495,545,0.7804515958,-1.538773417,1
495,577,0.9028605223,-0.903329134,1
495,609,0.3364601135,0.3438323438,1
495,641,-0.2679193616,1.500431538,1
495,673,0.1043765545,1.84233892,1
495,705,1.066076994,2.278391361,1
495,737,1.492413521,1.158569813,1
495,769,1.058647513,0.06590330601,1
495,801,1.255043387,-0.4624903798,1
495,833,3.711625338,0.7627443075,1
495,865,4.434746742,0.4020332694,1
495,897,1.576241851,0.2923164368,1
495,929,0.7964810729,0.5223339796,1
495,961,0.3797334135,1.209563732,1
495,993,0.1642592251,0.951382339,1
495,1025,-0.5817917585,0.5025311112,1
495,1057,-1.217038393,0.04712939262,1
495,1089,-0.3066527247,-0.6134560108,1
495,1121,-0.4330635667,0.5873515606,1
495,1153,-0.01562924683,3.432589054,1
495,1185,0.8861650229,6.159837723,1
495,1217,1.505826712,4.958554268,1
495,1249,0.7605780959,1.777636409,1
495,1281,2.753174543,-4.683197498,1
495,1313,-1.20766747,-2.356840849,1
495,1345,-0.41946733,-0.2858003974,1
495,1377,-0.06375515461,-0.5708990097,1
495,1409,-1.58280468,-3.86783886,1
495,1441,-1.552590609,-5.773648262,1
495,1473,-2.045745611,-6.702973843,1
495,1505,-1.877848387,-6.136913776,1
495,1537,-0.5570681095,-5.656777859,1
495,1569,-1.987820387,-8.930541992,1
495,1601,-4.247385979,-6.070875645,1
495,1633,-4.17239666,-5.527085781,1
495,1665,-3.873567104,-5.690349579,1
495,1697,-3.800790787,-6.516541481,1
495,1729,-4.320786476,-7.751822472,1
495,1761,-2.342977285,-5.238862991,1
495,1793,-2.029928923,-4.345015049,1
495,1825,-2.70789361,-2.8347826,1
495,1857,-2.156295538,-0.9944634438,1
495,1889,-2.803807259,-2.547091484,1
495,1921,-4.044654846,-3.656345844,1
495,1953,-3.199257135,-3.398502111,1
495,1985,-1.504561067,-1.277859926,1
495,2017,-0.5427615643,-0.2589815855,1
527,33,-12.3652401,3.253525257,1
527,65,-0.8578581214,-3.060958624,1
527,97,-1.321943879,-1.724009275,1
527,129,-1.431206465,-1.543172836,1
527,161,-1.236640811,-1.24516511,1
527,193,-0.5390158892,-0.6951870918,1
527,225,-0.5002470613,0.1202431917,1
527,257,-0.7641975284,-0.7037760019,1
527,289,-0.6714645624,-1.746914744,1
527,321,-0.9336385727,-1.796097994,1
527,353,-1.12044239,-1.557634354,1
527,385,-0.6181340218,-1.167500973,1
527,417,0.1829039305,-0.6523293257,1
527,449,0.4143359959,-0.1895021796,1
527,481,0.1152764708,-0.5779221058,1
527,513,0.08470320702,-0.9031742811,1
527,545,0.5063189268,-0.7332627773,1
527,577,0.3630998433,-1.298725724,1
527,609,0.07108289003,-0.8333016634,1
527,641,-0.2967790365,0.6574999094,1
527,673,-0.006090402603,1.98575151,1
527,705,0.4987391233,3.157255888,1
527,737,0.4556082487,0.63009727,1
527,769,1.254843473,0.316052556,1
527,801,1.984702826,1.291725159,1
527,833,3.65756464,1.774384499,1
527,865,4.274232864,1.929540634,1
527,897,2.674182653,1.828579545,1
527,929,0.9554663897,1.069209576,1
527,961,0.2410522699,1.725298285,1
527,993,0.1418708712,1.431180954,1
527,1025,-0.3203502893,0.2892354131,1
527,1057,-0.8959676027,-0.04791775346,1
527,1089,-0.5263834596,-0.06124767661,1
527,1121,-0.4113540053,0.8862746954,1
527,1153,-0.05212545395,3.376750231,1
527,1185,0.4301565886,4.311879635,1
527,1217,0.4828403592,2.938911676,1
527,1249,0.3014486432,1.783170342,1
527,1281,-0.03164122999,-0.04245185852,1
527,1313,-0.07173395157,-0.3099621534,1
527,1345,0.3009226322,-0.5129354,1
527,1377,-1.97098279,-10.54478168,1
527,1409,-2.052258968,-9.4093256,1
527,1441,-2.662802696,-8.756011009,1
527,1473,-2.966186047,-6.553603172,1
527,1505,-2.769617558,-6.269007206,1
527,1537,-2.870526314,-6.380807877,1
527,1569,-3.343126297,-9.893479347,1
527,1601,-3.680403709,-8.67363739,1
527,1633,-4.121825218,-7.690957069,1
527,1665,-4.309608459,-6.77289772,1
527,1697,-4.697556496,-7.309425354,1
527,1729,-4.140623093,-7.805760384,1
527,1761,-3.48914957,-6.573595047,1
527,1793,-3.299031973,-4.90773201,1
527,1825,-3.179109097,-3.28132534,1
527,1857,-2.511307001,-2.099966764,1
527,1889,-2.70176053,-3.339352369,1
527,1921,-3.072377205,-4.585704327,1
527,1953,-2.573443413,-3.599880695,1
527,1985,-2.644171953,-2.447377443,1
527,2017,-1.389192224,-0.09932804108,1
559,33,20.14739037,3.797187328,1
559,65,-1.320743322,-5.133521557,1
559,97,-2.224400282,-6.20546627,1
559,129,-1.796585321,-2.103298187,1
559,161,-1.793863654,-1.470085859,1
559,193,-1.341479421,-0.774079144,1
559,225,-0.421276629,-0.5266438127,1
559,257,0.19397524,-0.6843597889,1
559,289,0.07064551115,-1.25734067,1
559,321,2.444456816,-6.062576294,1
559,353,-1.190331936,-1.059660673,1
559,385,-0.471408844,-0.7162908316,1
559,417,0.3649518788,-0.3148464561,1
559,449,-0.1450917125,0.6523394585,1
559,481,-0.8082063794,0.2322206646,1
559,513,-0.8259598017,0.3426541984,1
559,545,0.6815786362,0.3701141477,1
559,577,0.05778735876,-0.3715978861,1
559,609,-0.3758506775,-0.8274095058,1
559,641,-0.1688811481,0.06664961576,1
559,673,0.1446203291,0.8962893486,1
559,705,-0.2523896098,2.142945528,1
559,737,0.003854200244,1.048138022,1
559,769,0.9564288855,1.366726875,1
559,801,1.224596977,3.573013067,1
559,833,2.657685757,2.607628822,1
559,865,3.220368862,2.649893522,1
559,897,1.647458553,3.065689087,1
559,929,0.279102385,2.387582779,1
559,961,-0.3918896616,2.235381603,1
559,993,-0.009119782597,2.699387074,1
559,1025,-0.4130023122,-0.01613354683,1
559,1057,-0.5582103729,-0.4628476501,1
559,1089,-0.3812665343,0.1744286418,1
559,1121,-0.1808422953,1.137377262,1
559,1153,-0.05332683772,2.28579998,1
559,1185,0.02799092978,1.342780948,1
559,1217,0.211433962,0.5457031131,1
559,1249,0.01389503479,0.4524949193,1
559,1281,-0.08591136336,0.09564305842,1
559,1313,-0.4457553029,-0.1453585625,1
559,1345,-7.715049744,6.423074245,1
559,1377,-5.172646523,-12.11983776,1
559,1409,-5.230545044,-10.29040337,1
559,1441,-3.744151115,-8.178835869,1
559,1473,-4.073330402,-7.080485821,1
559,1505,-4.018892765,-7.328924656,1
559,1537,-3.854381561,-7.328012466,1
559,1569,-4.145344734,-9.499206543,1
559,1601,-4.732506752,-9.514514923,1
559,1633,-4.93167448,-7.912918091,1
559,1665,-5.065659523,-6.864126682,1
559,1697,-5.63491106,-5.99233532,1
559,1729,-5.008796692,-5.995220661,1
559,1761,-3.811158657,-6.338568687,1
559,1793,-5.912112236,-5.607563972,1
559,1825,-3.30291748,-3.342862368,1
559,1857,-2.385124445,-2.682725668,1
559,1889,-2.57364893,-4.252185822,1
559,1921,-2.261845589,-4.521004677,1
559,1953,-3.052076101,-2.715377808,1
559,1985,-3.610151529,-2.769112825,1
559,2017,-2.18974781,-0.1515883207,1
591,33,-6.22315979,3.321237087,1
591,65,-1.487103581,-4.303119659,1
591,97,-2.439949036,-4.123297691,1
591,129,-2.180809736,-2.272493362,1
591,161,-2.955160618,-1.593490243,1
591,193,-2.461457491,-0.8261150122,1
591,225,-0.3865225911,-1.013987541,1
591,257,-0.1172591746,-1.01119864,1
591,289,-0.1869416833,-0.4784805775,1
591,321,-0.4933895469,-1.13333261,1
591,353,-0.850989759,-1.240309,1
591,385,-0.7199465632,-0.7544956207,1
591,417,-1.20390141,-2.628357172,1
591,449,-1.016738892,-0.7714543939,1
591,481,-0.8050018549,-0.1741544604,1
591,513,-1.147842884,0.01069247723,1
591,545,-1.350250483,0.763140738,1
591,577,-1.223027945,0.7448666096,1
591,609,-1.145183325,0.7917361856,1
591,641,-1.01531744,0.7863254547,1
591,673,-0.5687635541,0.6573912501,1
591,705,-0.2160902023,0.3610964417,1
591,737,0.382951051,0.5024601221,1
591,769,1.233248949,2.299132824,1
591,801,0.3915400505,4.891262054,1
591,833,1.296521664,4.362833977,1
591,865,1.881197453,3.854873419,1
591,897,1.00077486,3.761524916,1
591,929,-0.09813088179,2.627223015,1
591,961,-0.7916764021,2.077508926,1
591,993,-0.2299640775,2.349210262,1
591,1025,0.4166227579,0.6403346062,1
591,1057,-0.03965121508,-0.1206660867,1
591,1089,0.008361905813,0.7759695053,1
591,1121,0.2380698919,0.9234434366,1
591,1153,-0.06324195862,0.8374051452,1
591,1185,-0.3036198616,-0.1354882717,1
591,1217,-0.7732999921,-0.9273219109,1
591,1249,-0.9269976616,-1.086743236,1
591,1281,12.31828022,-10.28036308,1
591,1313,-1.112445593,-1.105340123,1
591,1345,-8.0235672,-5.199831963,1
591,1377,-2.527406216,-14.39214516,1
591,1409,-7.731172562,-5.700776577,1
591,1441,-6.391129017,-5.650781631,1
591,1473,-4.316477776,-6.242438793,1
591,1505,-4.341024876,-7.82126379,1
591,1537,-5.023707867,-7.885282516,1
591,1569,-6.160954952,-8.346859932,1
591,1601,-8.56851387,-9.102815628,1
591,1633,-7.856637001,-7.493920803,1
591,1665,-5.414827347,-6.204933643,1
591,1697,-4.558832169,-4.838299751,1
591,1729,-3.983337402,-5.307283401,1
591,1761,-3.998048306,-6.411904335,1
591,1793,-5.304757118,-4.118365765,1
591,1825,-4.345222473,-2.674647093,1
591,1857,-3.864717484,-2.647360563,1
591,1889,-2.427172184,-5.341359138,1
591,1921,-2.677213907,-5.64124012,1
591,1953,-2.692866087,-2.688695908,1
591,1985,-2.42145896,-1.735489845,1
591,2017,-1.991255522,-0.2639107704,1
623,33,-4.765830994,2.440119982,1
623,65,-1.008475423,-2.090719461,1
623,97,-1.352003694,-1.697808504,1
623,129,-1.371848702,-1.723716021,1
623,161,-0.8258377314,-1.005795956,1
623,193,-0.04596671462,-0.3027871847,1
623,225,0.1242364645,-0.5966237187,1
623,257,-0.1071159542,-0.7253944874,1
623,289,-0.1397426128,-0.3807724118,1
623,321,-0.3341661096,-0.7223939896,1
623,353,-1.035642028,-0.506190598,1
623,385,-1.809221745,-0.202794373,1
623,417,-1.929976344,-1.16665411,1
623,449,-1.200705528,-0.9610818624,1
623,481,-0.9771615267,0.05625009537,1
623,513,-1.365796566,1.156465769,1
623,545,-2.327198267,1.242550492,1
623,577,-4.112791538,2.111512184,1
623,609,-2.323677778,1.951637864,1
623,641,-1.824462175,1.592069149,1
623,673,-1.527763128,0.459492892,1
623,705,-1.233107924,0.4304357767,1
623,737,-0.8794541359,0.7953878641,1
623,769,-0.3067037463,1.533081532,1
623,801,0.01886314154,3.31005168,1
623,833,0.4151262641,4.475679398,1
623,865,1.176160812,4.611542702,1
623,897,1.051375866,3.272612572,1
623,929,0.2340837121,1.744555712,1
623,961,-0.0336907804,1.33613348,1
623,993,0.23187989,1.315158248,1
623,1025,0.3632640839,1.202950597,1
623,1057,0.3001292348,0.7986059785,1
623,1089,0.466865778,0.9930461049,1
623,1121,0.463570416,0.7606568336,1
623,1153,-0.1399952918,-0.350089848,1
623,1185,-0.2096871585,-1.511076808,1
623,1217,1.003163695,-2.749237299,1
623,1249,4.600367546,-6.561544895,1
623,1281,3.750135422,-6.593062878,1
623,1313,-1.326723695,-1.644328117,1
623,1345,-3.695868731,-2.622991562,1
623,1377,-8.363428116,-4.57754755,1
623,1409,-10.33530235,-5.310312748,1
623,1441,-11.07794189,-5.835231781,1
623,1473,-5.896636009,-5.029939175,1
623,1505,-6.217946529,-7.197052479,1
623,1537,-7.491220474,-8.029520035,1
623,1569,-8.21572113,-8.726451874,1
623,1601,-8.212870598,-8.858415604,1
623,1633,-7.871888638,-7.009394646,1
623,1665,-7.8034482,-6.059240818,1
623,1697,-5.020885944,-5.370149136,1
623,1729,-4.323983192,-5.494979858,1
623,1761,-4.502190113,-6.096808434,1
623,1793,-4.649113178,-3.962910175,1
623,1825,-4.660733223,-3.158291817,1
623,1857,-5.190216541,-3.149113894,1
623,1889,-5.332725048,-3.847897768,1
623,1921,-3.82230401,-4.284656525,1
623,1953,-2.861623526,-2.641430616,1
623,1985,-0.7007124424,-0.989947319,1
623,2017,0.2793254852,-0.1345336437,1
655,33,-0.3212478161,1.343060017,1
655,65,-0.4441800117,-0.6865976453,1
655,97,-0.2840565443,-0.6406905651,1
655,129,0.0792440176,-1.447009087,1
655,161,0.06482407451,-1.299143314,1
655,193,0.4416360557,-0.4240815639,1
655,225,0.5589748621,-0.5392285585,1
655,257,-0.09817133844,-0.299714148,1
655,289,-0.1552075446,0.08708590269,1
655,321,-0.655523777,-0.48427248,1
655,353,-1.25480473,-0.1320024431,1
655,385,-0.9393539429,0.2563482821,1
655,417,-0.6416341662,-0.5231295824,1
655,449,-0.7499540448,-0.6442608237,1
655,481,-0.9993472099,0.8162944913,1
655,513,-1.360351801,2.221367359,1
655,545,-2.441985607,1.257264137,1
655,577,-2.090726852,0.81206882,1
655,609,-1.359696627,0.6894557476,1
655,641,-1.830045104,0.5725433826,1
655,673,-2.108862877,-0.05977195501,1
655,705,-2.240399837,0.1931103766,1
655,737,-2.847157001,0.5617804527,1
655,769,-0.5923126936,1.050540447,1
655,801,0.1592152119,2.720398426,1
655,833,-0.5690329075,3.987965107,1
655,865,-0.005077660084,3.678165674,1
655,897,0.4877263904,2.390683174,1
655,929,0.7435851097,1.634476781,1
655,961,0.4759762883,0.9829893112,1
655,993,0.3407395482,0.9520854354,1
655,1025,0.1334254146,1.120013118,1
655,1057,-0.006144583225,0.9529082775,1
655,1089,0.282531172,1.308260441,1
655,1121,0.1469656527,1.315640807,1
655,1153,-0.1952635348,-0.543573916,1
655,1185,0.02284353971,-1.575304747,1
655,1217,-0.004962980747,-2.955251932,1
655,1249,-0.3034501076,-3.195414066,1
655,1281,4.919983387,-6.253716469,1
655,1313,2.183820963,-6.78269577,1
655,1345,-4.335774422,-2.806310177,1
655,1377,-7.223548889,-6.832421303,1
655,1409,-8.257777214,-6.090471745,1
655,1441,-9.189405441,-5.782765865,1
655,1473,-8.918138504,-6.281864166,1
655,1505,-8.193608284,-6.52007103,1
655,1537,-6.297842979,-5.9650383,1
655,1569,-5.740859985,-4.921564579,1
655,1601,-5.553715706,-5.521367073,1
655,1633,-5.71721983,-5.468024254,1
655,1665,-6.02240181,-4.644885063,1
655,1697,-5.934020042,-4.139030457,1
655,1729,-5.382619381,-4.244246483,1
655,1761,-5.091512203,-4.763157368,1
655,1793,-4.548977852,-4.066876411,1
655,1825,-4.577495575,-2.951494217,1
655,1857,-5.014684677,-2.876433372,1
655,1889,-5.009049416,-3.305341721,1
655,1921,-4.547451019,-3.712186813,1
655,1953,-3.143927574,-2.649459839,1
655,1985,-0.2720520496,-0.9974604845,1
655,2017,1.382389069,-0.02053713799,1
687,33,-0.7210910916,0.8007797003,1
687,65,-0.5657304525,-0.4988287687,1
687,97,-11.55447865,-11.60576439,1
687,129,-0.6025927663,-1.047466993,1
687,161,-0.338357091,-0.9923247099,1
687,193,0.2379762232,-0.06343948841,1
687,225,0.1522191465,-0.9661819935,1
687,257,-0.507194519,-2.661029339,1
687,289,-0.7842174172,-0.9482604265,1
687,321,-1.124158382,-0.6386660337,1
687,353,-1.221025229,-0.06872659922,1
687,385,-0.5599540472,0.1664117873,1
687,417,0.375613451,0.2325140536,1
687,449,-0.02963864803,-0.2328222841,1
687,481,-0.4524898529,-0.1020580083,1
687,513,-1.143021464,-0.1611480564,1
687,545,-2.260128975,0.02858632803,1
687,577,-1.773639798,-0.05529886484,1
687,609,-0.7619318962,-0.08544479311,1
687,641,-1.143332243,0.2397600263,1
687,673,-2.150135279,-0.2485883534,1
687,705,-2.758705378,-0.1679061204,1
687,737,-2.811571121,0.01777923107,1
687,769,-1.367098808,0.9020785093,1
687,801,-0.9734480381,1.959086776,1
687,833,-0.9660636187,4.154483795,1
687,865,-0.2314860225,3.306643486,1
687,897,0.2587711215,1.798911333,1
687,929,0.4751780629,1.042058468,1
687,961,0.4252687693,0.6129229665,1
687,993,0.166706562,0.3069134355,1
687,1025,0.121845603,0.5020882487,1
687,1057,0.04114338756,1.116925478,1
687,1089,0.5677947998,1.524739981,1
687,1121,0.2425497025,1.389918208,1
687,1153,-0.2692092061,-0.4533216059,1
687,1185,-0.5471563935,-1.616754889,1
687,1217,-0.6926942468,-2.631465673,1
687,1249,-0.8652454019,-2.241562366,1
687,1281,-0.5905032158,-1.802960992,1
687,1313,1.301180124,-4.819291115,1
687,1345,-2.089303732,-4.236226082,1
687,1377,-5.35081768,-5.453552246,1
687,1409,-4.417694092,-4.535165787,1
687,1441,-4.915659904,-5.806271076,1
687,1473,-6.093477726,-6.082177162,1
687,1505,-6.342208385,-5.883858204,1
687,1537,-6.124331951,-5.240394592,1
687,1569,-5.829282284,-4.728493214,1
687,1601,-5.827094555,-4.619623661,1
687,1633,-5.587765694,-4.425292015,1
687,1665,-5.898156166,-4.074621201,1
687,1697,-6.046488762,-2.771256924,1
687,1729,-5.735239029,-3.649711609,1
687,1761,-5.417728424,-4.819245338,1
687,1793,-4.793272495,-4.21284914,1
687,1825,-4.422623634,-3.598066092,1
687,1857,-4.640992165,-3.232421875,1
687,1889,-5.405432701,-3.332205057,1
687,1921,-5.705555439,-3.142441511,1
687,1953,-4.022289276,-2.606450081,1
687,1985,-1.330515862,-2.385090351,1
687,2017,0.2676475048,-0.1302194595,1
719,33,-0.4810224473,1.135460734,1
719,65,-18.44499207,-7.985357761,1
719,97,-15.7560997,-8.10054493,1
719,129,-3.187228203,-1.913278103,1
719,161,-0.8408896923,-0.8590391278,1
719,193,-0.4457557201,0.08764350414,1
719,225,-20.41662598,-4.978683949,1
719,257,-1.222488403,-3.838204861,1
719,289,-1.475872278,-2.853942394,1
719,321,-1.145848036,-2.178635359,1
719,353,-1.068989038,-2.319404125,1
719,385,-1.081218004,-0.1840525866,1
719,417,-5.374088287,1.026638269,1
719,449,-0.2924892902,0.1040321887,1
719,481,-0.6239875555,-0.2147617638,1
719,513,-0.9516485333,-0.991985023,1
719,545,-1.458225965,-0.9088987708,1
719,577,-1.688661098,-0.2327891588,1
719,609,-0.9721754789,-0.2179135382,1
719,641,-1.038910985,0.1367249042,1
719,673,-2.152750015,-0.5087962747,1
719,705,-3.180299997,-0.5978195071,1
719,737,-3.271551609,-0.9270914793,1
719,769,-3.045099258,0.7232431173,1
719,801,-3.280195713,2.313864231,1
719,833,-1.638174772,2.060869932,1
719,865,-0.4938116074,1.816715598,1
719,897,-0.3531876802,1.140353918,1
719,929,-0.1706002951,0.5749194026,1
719,961,0.6876726747,0.7635066509,1
719,993,0.6739157438,0.8700742722,1
719,1025,0.2070575356,0.4518018961,1
719,1057,0.3304593563,0.7367689013,1
719,1089,1.659404278,1.816509485,1
719,1121,1.460899115,1.073118567,1
719,1153,-0.1196648479,-0.4718888998,1
719,1185,-0.5457183123,-1.684765458,1
719,1217,-0.6528946757,-2.618214607,1
719,1249,-0.5296211243,-2.170695305,1
719,1281,-1.443559289,-1.624527693,1
719,1313,-1.994044304,-1.526338696,1
719,1345,-2.408637524,-2.216954947,1
719,1377,-3.223957539,-4.705134869,1
719,1409,-4.175352097,-3.98475194,1
719,1441,-3.70678997,-5.58746624,1
719,1473,-4.620512009,-6.357346058,1
719,1505,-6.079804897,-6.269632339,1
719,1537,-6.388547897,-5.413864613,1
719,1569,-6.433328152,-4.80221653,1
719,1601,-6.605800152,-4.676551342,1
719,1633,-6.080112934,-4.699618816,1
719,1665,-5.965342522,-3.889386177,1
719,1697,-6.022239685,-3.035930634,1
719,1729,-5.885712147,-3.587317228,1
719,1761,-5.152978897,-5.048668861,1
719,1793,-3.641438961,-4.076967716,1
719,1825,-3.588714123,-3.823795557,1
719,1857,-4.541306496,-4.081857681,1
719,1889,-4.444582939,-4.399341583,1
719,1921,-4.820178032,-4.505218029,1
719,1953,-6.380626678,-5.112651825,1
719,1985,-4.718258858,-5.190814018,1
719,2017,-2.667766571,-0.48612535,1
751,33,-0.5877358913,1.491632223,1
751,65,-0.8895068169,-0.8779178858,1
751,97,-1.751878977,-0.4479503632,1
751,129,-1.944207907,-0.4163498282,1
751,161,-1.180501223,-0.7411401272,1
751,193,-0.6091274023,-1.106161833,1
751,225,-0.992276907,-0.4952484369,1
751,257,-1.457901716,-2.92788887,1
751,289,-1.591799498,-3.87384367,1
751,321,-1.191655517,-4.019274712,1
751,353,-0.9869562387,-2.833926678,1
751,385,-1.569936633,-0.5123101473,1
751,417,-5.815522194,0.9286854267,1
751,449,-4.349721909,1.683549404,1
751,481,-2.251578093,0.7931053638,1
751,513,-0.7472692132,-0.52309376,1
751,545,-0.180565536,-1.925400734,1
751,577,7.781400204,16.69845009,1
751,609,-0.5894204378,-0.9641178846,1
751,641,-1.179434776,0.05937463045,1
751,673,-2.814003944,0.1280366778,1
751,705,-3.925621986,-0.5096415877,1
751,737,-3.115757465,-0.3922484219,1
751,769,-2.555002928,0.5627080798,1
751,801,-3.28340292,1.234582782,1
751,833,-2.950559855,0.3482960463,1
751,865,-1.280777454,0.3437196016,1
751,897,-0.2141682506,0.5165641308,1
751,929,0.366399169,-0.02365988493,1
751,961,1.269019127,0.6861182451,1
751,993,1.772736669,1.657562017,1
751,1025,7.004388809,2.954458237,1
751,1057,6.533187866,2.901859522,1
751,1089,1.254251122,0.9481310844,1
751,1121,0.7815402746,0.495367229,1
751,1153,0.09445786476,-0.444870919,1
751,1185,-0.1835542321,-1.520726562,1
751,1217,0.2313218117,-2.397379637,1
751,1249,-0.1215672493,-2.195836544,1
751,1281,-1.639226079,-1.551437497,1
751,1313,-2.255053282,-1.112083912,1
751,1345,-2.391124487,0.2323555946,1
751,1377,-2.894406319,-2.274013281,1
751,1409,-3.193831444,-4.896905899,1
751,1441,-3.395403624,-5.880511761,1
751,1473,-3.838107586,-6.724671841,1
751,1505,-6.207963943,-6.389070988,1
751,1537,-7.196606159,-4.986641884,1
751,1569,-9.286881447,-4.545720577,1
751,1601,-8.92993927,-5.176764011,1
751,1633,-7.263618469,-5.884757042,1
751,1665,-6.399850368,-4.916749954,1
751,1697,-4.390079975,-4.048627853,1
751,1729,-4.980438709,-3.980016708,1
751,1761,-5.168946743,-4.075037003,1
751,1793,-3.54403162,-4.822568893,1
751,1825,12.65501785,-14.87476349,1
751,1857,-3.423632383,-4.400353432,1
751,1889,-3.616611481,-5.504519463,1
751,1921,-5.034502506,-3.932324648,1
751,1953,-6.667615891,-3.527516842,1
751,1985,-4.785577297,-4.004118919,1
751,2017,-3.958193541,-1.36960125,1
783,33,-0.7916966677,1.296970844,1
783,65,-1.170300245,-2.706714153,1
783,97,-0.5587392449,-0.780950129,1
783,129,-0.8266320229,-0.1613352299,1
783,161,-1.008589864,-0.5947095156,1
783,193,-20.30170441,-4.757005692,1
783,225,-1.191493511,0.2028267384,1
783,257,-1.898352623,-2.533629417,1
783,289,-1.399993896,-4.584283829,1
783,321,-1.926110983,-3.062334776,1
783,353,-1.842915654,-1.663312912,1
783,385,-1.142925858,-0.6760572195,1
783,417,-1.47800827,0.2317243218,1
783,449,-4.536710739,3.236641884,1
783,481,-4.595505238,1.569852352,1
783,513,-0.9656280279,0.1281717718,1
783,545,0.1422321796,-0.6088465452,1
783,577,-0.5158802867,-2.120766163,1
783,609,-0.5972601175,-1.52755785,1
783,641,-0.7049584389,-0.2372387052,1
783,673,-1.41541028,1.369463921,1
783,705,-2.984577179,0.1745148003,1
783,737,-3.233033657,0.2523341775,1
783,769,-3.205003738,0.1579887271,1
783,801,-3.149400711,-0.4553121328,1
783,833,-2.599504709,-0.6701961756,1
783,865,-0.9823536873,-0.3823904395,1
783,897,-0.1784911156,-0.2418264747,1
783,929,-0.3077418208,0.05862310529,1
783,961,0.1073886156,0.5372897387,1
783,993,0.3043634295,0.919901073,1
783,1025,0.4272784591,0.1190347075,1
783,1057,0.5836644173,0.2283258736,1
783,1089,1.067628622,0.1988095045,1
783,1121,0.4902653396,-0.009809136391,1
783,1153,-0.02139931917,-0.493281126,1
783,1185,-0.2966834903,-1.308989763,1
783,1217,-0.63999331,-4.214463234,1
783,1249,-0.913906455,-4.035860062,1
783,1281,-1.511585832,-2.429988623,1
783,1313,-2.160833359,-1.155920744,1
783,1345,-2.867817163,-1.241981268,1
783,1377,-2.758791447,-1.678577662,1
783,1409,-2.887065887,-2.655538321,1
783,1441,-2.686496735,-6.519623756,1
783,1473,-3.593882561,-5.85952282,1
783,1505,-5.291143417,-5.387489796,1
783,1537,-7.343520164,-4.679978371,1
783,1569,-11.28909683,-5.247823238,1
783,1601,-11.02955914,-5.277422905,1
783,1633,-8.124358177,-4.889064789,1
783,1665,-5.907235622,-4.921308517,1
783,1697,-3.735064983,-4.385869026,1
783,1729,-4.173592567,-3.558625221,1
783,1761,-4.713585377,-3.418979168,1
783,1793,-4.682437897,-4.429639816,1
783,1825,-4.327510357,-4.199408531,1
783,1857,-4.144001961,-5.088880062,1
783,1889,-3.333927631,-5.023955822,1
783,1921,-1.562860966,-1.144786835,1
783,1953,-3.306967497,-0.806063652,1
783,1985,-2.547573566,-1.015618205,1
783,2017,-2.591723919,-2.174562454,1
815,33,-1.393415689,1.053361893,1
815,65,-1.38907063,-3.493486404,1
815,97,-0.1929442286,-0.7769834995,1
815,129,-0.1111251116,-0.5231420994,1
815,161,-0.1768327951,-0.6361364722,1
815,193,-0.1768764257,-0.6087011695,1
815,225,-0.9834409952,-0.5535556674,1
815,257,-1.845740676,-2.909795284,1
815,289,-1.017265201,-2.212750435,1
815,321,-2.380597353,-2.095449924,1
815,353,-3.3549788,-1.948762417,1
815,385,-1.415377855,-1.135115385,1
815,417,-0.761413455,-0.007633209229,1
815,449,-4.223451614,3.13650322,1
815,481,-4.166536331,1.072221994,1
815,513,-1.45650959,0.8347222805,1
815,545,-0.1409246922,0.5688456297,1
815,577,-2.121873617,-1.75873971,1
815,609,-1.32702899,-1.428363204,1
815,641,-1.381617665,-0.5923711061,1
815,673,-2.268592834,0.2266466171,1
815,705,-2.756377459,0.5361930132,1
815,737,-2.616113901,0.2946100235,1
815,769,-2.050970078,-0.3451690972,1
815,801,-3.160294771,-1.360343456,1
815,833,-2.999885798,-1.279696941,1
815,865,-3.48634553,-1.781788588,1
815,897,-2.233510971,-0.1497597992,1
815,929,-1.236658335,0.9805877209,1
815,961,-0.8527880907,0.7947781086,1
815,993,-0.3723587692,0.1710602045,1
815,1025,0.3270822465,-0.1293460727,1
815,1057,0.8828998208,-0.004776909947,1
815,1089,2.25506711,0.09497028589,1
815,1121,0.9006767869,-0.3695140481,1
815,1153,-0.09026812017,-0.7827017903,1
815,1185,-0.6105085611,-1.598131418,1
815,1217,-0.8044728637,-5.898981094,1
815,1249,-1.069676399,-6.238261223,1
815,1281,-1.414229989,-3.181121588,1
815,1313,-1.775879025,-2.751221657,1
815,1345,-2.244769335,-2.370165825,1
815,1377,-2.500106573,-1.874288559,1
815,1409,-3.263608694,-2.467319012,1
815,1441,-3.150818825,-5.702721119,1
815,1473,-3.363548994,-5.301403046,1
815,1505,-5.239330292,-5.346431732,1
815,1537,-7.559951782,-4.853266239,1
815,1569,-9.265173912,-4.507275105,1
815,1601,-8.333221436,-3.63339901,1
815,1633,-6.315310955,-3.858993769,1
815,1665,-5.016242504,-3.808534384,1
815,1697,-4.104168415,-2.974058867,1
815,1729,-3.987793207,-2.91274333,1
815,1761,-4.88899374,-2.127039909,1
815,1793,0.4490885735,7.044979095,1
815,1825,-6.654118061,-4.71785593,1
815,1857,-5.030675411,-6.022686005,1
815,1889,-3.870995283,-5.540070534,1
815,1921,-3.705147982,-1.980071783,1
815,1953,-1.932473421,-1.022941113,1
815,1985,-1.195279837,-1.253017068,1
815,2017,-4.731633663,-2.527266979,1
847,33,-1.387943387,1.054446816,1
847,65,-0.7948119044,-1.117684722,1
847,97,-0.2816097736,-0.546592474,1
847,129,-0.1562290788,-0.34420681,1
847,161,-0.2762215137,-0.3576797247,1
847,193,-0.5722207427,-0.5128930807,1
847,225,-0.8307090998,-1.061364889,1
847,257,-1.129899025,-2.01975441,1
847,289,-0.9536931515,-0.793555975,1
847,321,-0.7679855824,-1.149766445,1
847,353,-1.341041088,-1.567867041,1
847,385,-0.8525516987,-0.518471837,1
847,417,-0.2675483227,0.3866567314,1
847,449,-1.008393168,0.4155250192,1
847,481,-4.695220947,0.8090708256,1
847,513,-1.489245534,0.01456406713,1
847,545,-0.7396390438,-0.4926640093,1
847,577,-1.823646426,-1.86297071,1
847,609,-1.46242106,-0.9264841676,1
847,641,-2.015326023,-0.3222182989,1
847,673,-3.1665802,-0.22289747,1
847,705,-3.382697821,-0.01589882374,1
847,737,-2.57726717,0.5009702444,1
847,769,-1.614239693,0.1388507783,1
847,801,-2.557160378,-1.458887577,1
847,833,-3.38956356,-0.5840627551,1
847,865,-4.042329311,-0.4040655196,1
847,897,-2.464194775,0.9106792212,1
847,929,-1.983275652,1.997396588,1
847,961,-1.832300305,1.302491188,1
847,993,-1.499589086,0.4955428839,1
847,1025,-0.7313147783,0.2841903567,1
847,1057,0.07839217782,0.01808163524,1
847,1089,1.308108926,0.0707731545,1
847,1121,0.6543745399,-0.7819612026,1
847,1153,-0.4484940171,-1.333941579,1
847,1185,-6.356248379,-1.783210993,1
847,1217,-1.197108269,-6.067982674,1
847,1249,-1.486037612,-6.66385746,1
847,1281,-1.674205303,-4.023303509,1
847,1313,-2.165385246,-4.362664223,1
847,1345,-2.22621727,-2.557044506,1
847,1377,-2.255602121,-2.041108847,1
847,1409,-2.91184783,-2.459282875,1
847,1441,-3.136395693,-4.312537193,1
847,1473,-3.58274436,-4.901721954,1
847,1505,-4.966907501,-5.31604147,1
847,1537,-4.981949806,-4.445315361,1
847,1569,-4.53387785,-4.081008911,1
847,1601,-4.628129005,-3.179234266,1
847,1633,-4.093528748,-3.348697186,1
847,1665,-3.657891273,-2.745230198,1
847,1697,-3.980481863,-2.516259432,1
847,1729,-3.276052713,-3.166922569,1
847,1761,-3.684868574,-3.656274557,1
847,1793,-4.258778572,-3.791234255,1
847,1825,-4.196313858,-4.623571873,1
847,1857,-3.512223959,-6.207652092,1
847,1889,-3.380084991,-6.092717171,1
847,1921,-2.920444012,-2.115321159,1
847,1953,-2.507433653,-0.9500222206,1
847,1985,-2.161743402,-1.191905975,1
847,2017,-3.250639915,-2.876469135,1
879,33,-1.404780269,1.404194951,1
879,65,-0.9106318355,-0.7316998839,1
879,97,-0.4563372135,-0.6165213585,1
879,129,-0.8911364079,-0.9614243507,1
879,161,-1.120051742,-1.299096704,1
879,193,-1.281957746,-0.8642301559,1
879,225,-1.321347713,-0.9787070751,1
879,257,-1.417643905,-1.614664316,1
879,289,-1.340618253,-0.755030036,1
879,321,-0.3909081817,-0.8274453878,1
879,353,0.1483350992,-0.8677575588,1
879,385,13.4313736,-11.98339367,1
879,417,-0.4930187464,-0.05875235796,1
879,449,-0.8810577393,0.1021273136,1
879,481,-2.504281998,0.5486062169,1
879,513,-1.604243636,0.1546224356,1
879,545,-1.109757304,-0.5097965598,1
879,577,-1.751995206,-0.775015831,1
879,609,-2.350720644,-0.386395514,1
879,641,-2.667532921,-0.2809632123,1
879,673,-2.808066607,-0.1371422708,1
879,705,-2.955694675,0.2391102612,1
879,737,-3.259395599,0.2738341391,1
879,769,-2.843608618,0.335590899,1
879,801,-2.726042271,-0.2057767361,1
879,833,-3.102655411,-0.1372182816,1
879,865,-2.995737553,0.3704863191,1
879,897,-2.801170826,1.42611599,1
879,929,-2.398097515,1.56255579,1
879,961,-2.332143784,0.8115846515,1
879,993,-3.923042059,0.6367175579,1
879,1025,-4.658294678,2.098258257,1
879,1057,-1.36099875,0.1734525561,1
879,1089,-1.358777761,0.1620450616,1
879,1121,-1.271461964,-1.007931352,1
879,1153,-1.169957876,-1.505111337,1
879,1185,-0.6906639338,-1.715438724,1
879,1217,-1.209111571,-4.156908989,1
879,1249,-1.454590082,-6.561322689,1
879,1281,-0.9754879475,-3.4273808,1
879,1313,-1.911243796,-2.863111496,1
879,1345,-3.127952099,-2.297711849,1
879,1377,-2.317865372,-1.895827293,1
879,1409,-3.051906347,-2.166315794,1
879,1441,-3.227149487,-4.24211216,1
879,1473,-3.304077625,-4.872992039,1
879,1505,-4.209544182,-4.755274296,1
879,1537,-4.214106083,-3.166154623,1
879,1569,-2.955582619,-3.383348942,1
879,1601,-3.088096142,-3.849578381,1
879,1633,-3.024208546,-3.354464054,1
879,1665,-3.090142012,-3.092620373,1
879,1697,-3.471324444,-3.535764456,1
879,1729,-3.188385248,-4.119861603,1
879,1761,-3.716784239,-4.482141495,1
879,1793,-3.212867022,-4.087116718,1
879,1825,-1.900879383,-4.816370964,1
879,1857,-2.165330648,-5.678670406,1
879,1889,-5.157773018,-4.796954632,1
879,1921,-4.195464134,-1.488573313,1
879,1953,-3.744318008,-0.3299401402,1
879,1985,-3.70701313,-1.239958763,1
879,2017,-2.881901503,-3.97077179,1
911,33,0.8407634497,2.037560225,1
911,65,-0.831428051,-2.63142395,1
911,97,-2.595695734,-3.654561043,1
911,129,-1.336977124,-1.218164444,1
911,161,-1.211225271,-1.440252066,1
911,193,-1.153422832,-1.061973572,1
911,225,-1.106990099,-1.496812344,1
911,257,-1.084612608,-1.853491426,1
911,289,-1.181157112,-1.708432317,1
911,321,-1.166853189,-1.256838799,1
911,353,-0.659401238,-1.430707216,1
911,385,-0.745778203,-1.364451051,1
911,417,-1.146778941,-0.718559444,1
911,449,-1.502125382,-0.0376252383,1
911,481,-1.971210003,0.9959016442,1
911,513,-1.911476612,0.8065364361,1
911,545,-0.6185314655,-0.9818460941,1
911,577,-1.402909279,-0.8927693367,1
911,609,-2.032338142,-0.6135274768,1
911,641,-2.50046587,-1.170761943,1
911,673,-2.211091042,0.552775383,1
911,705,-3.252649307,2.511286259,1
911,737,-3.981463194,1.194052219,1
911,769,-3.018124104,0.681853652,1
911,801,-2.468949318,0.4913654923,1
911,833,-2.774255753,0.1923343539,1
911,865,-2.496617317,0.5491760373,1
911,897,-2.727269411,1.251608372,1
911,929,-2.760678768,1.709582567,1
911,961,-3.422353745,0.8057493567,1
911,993,-6.108177662,-0.06016129255,1
911,1025,-1.900046349,-0.5030078292,1
911,1057,-1.539105654,-0.7045437098,1
911,1089,-0.007066488266,-0.4603569806,1
911,1121,-2.435658693,-0.9652379751,1
911,1153,-2.126277924,-1.281057835,1
911,1185,-1.640236378,-1.455100775,1
911,1217,-6.256595612,-5.290634155,1
911,1249,-1.698830366,-5.200494289,1
911,1281,-0.1599661112,-1.832477093,1
911,1313,-0.4340566993,0.8284678459,1
911,1345,-1.036336899,-1.398741245,1
911,1377,-0.8560494184,-1.026074171,1
911,1409,-1.891254187,-2.123204947,1
911,1441,-2.880926847,-6.226169109,1
911,1473,-2.199720383,-5.644358158,1
911,1505,-2.523546696,-3.746483326,1
911,1537,-3.759027481,-1.585926056,1
911,1569,-3.671854258,-2.93428278,1
911,1601,-3.816265106,-4.214676857,1
911,1633,-3.402184725,-3.449020624,1
911,1665,-3.245997906,-3.644013643,1
911,1697,-2.899627924,-4.369420052,1
911,1729,-2.783021927,-4.288304329,1
911,1761,-3.308257818,-4.408762455,1
911,1793,-3.008185625,-4.105679989,1
911,1825,-2.416507721,-4.278482914,1
911,1857,-1.865723133,-4.549278736,1
911,1889,-1.931084633,-1.041523218,1
911,1921,-1.695904732,-0.04490995407,1
911,1953,-1.531721234,1.096223593,1
911,1985,-4.844182014,-1.442317605,1
911,2017,-6.366455078,-5.343298912,1
943,33,7.86173439,2.77752924,1
943,65,-0.7264301181,-3.074729681,1
943,97,-1.866948485,-3.628310204,1
943,129,-4.467841625,-5.125574112,1
943,161,-0.6539193392,-0.4893707037,1
943,193,-0.5612600446,-0.6096904278,1
943,225,-0.8640327454,-1.719753623,1
943,257,-1.048052073,-2.660037518,1
943,289,-0.9897417426,-2.907301426,1
943,321,-1.258481979,-2.608630657,1
943,353,-0.9953088164,-1.838709831,1
943,385,-1.014077187,-2.09002161,1
943,417,-1.452252626,-1.459421992,1
943,449,-1.862287045,-0.1801659167,1
943,481,-2.498884678,0.2984571755,1
943,513,-1.987075806,0.07309657335,1
943,545,-0.1498668194,-1.833792567,1
943,577,-0.05996537209,-2.090569496,1
943,609,-2.195418835,-1.307000399,1
943,641,-3.168262482,-1.284379482,1
943,673,-3.877596617,1.20399332,1
943,705,-3.861588478,2.633101702,1
943,737,-3.607343197,1.395077467,1
943,769,-2.783557415,0.6300568581,1
943,801,-2.294363499,0.4693259597,1
943,833,-2.949644327,0.6706943512,1
943,865,-2.675564051,1.179152727,1
943,897,-2.784004688,0.6532999277,1
943,929,-3.555108786,0.4786010981,1
943,961,-5.353077412,-0.01304776967,1
943,993,-7.279463768,0.4378819466,1
943,1025,-4.503678322,-0.436994642,1
943,1057,-3.867647171,-0.5422302485,1
943,1089,-2.412691116,-1.245122433,1
943,1121,-4.084546089,-0.8687579632,1
943,1153,-3.706383705,-0.9440858364,1
943,1185,-2.806087017,-1.189910293,1
943,1217,-5.406192303,-7.128033638,1
943,1249,-0.4047463238,-1.401833653,1
943,1281,0.2000174969,-0.7080213428,1
943,1313,-0.2128466964,1.860500216,1
943,1345,-0.7256139517,-1.247406721,1
943,1377,-1.36200428,-1.620415211,1
943,1409,-1.494346261,-2.543406487,1
943,1441,-1.926677227,-6.321718693,1
943,1473,-2.39250946,-4.895697117,1
943,1505,-2.371415377,-3.616378307,1
943,1537,-3.091760635,-1.539095163,1
943,1569,-3.885236502,-2.909223318,1
943,1601,-4.160795212,-3.184238911,1
943,1633,-3.884392977,-3.559860706,1
943,1665,-3.754596233,-3.98150444,1
943,1697,-3.152030468,-4.20654583,1
943,1729,-2.233934164,-5.000682354,1
943,1761,-3.399434328,-3.793185711,1
943,1793,-4.20186615,-3.709031582,1
943,1825,-4.041596413,-4.57964325,1
943,1857,-3.216621399,-4.002230644,1
943,1889,-1.656597614,-1.92540288,1
943,1921,-1.041700602,-0.2886975408,1
943,1953,-1.444941163,0.5162914991,1
943,1985,-5.133983612,-0.9512202144,1
943,2017,-8.164208412,-4.808526516,1
975,33,-1.103443265,2.828236818,1
975,65,-1.304442406,-2.86025238,1
975,97,-0.6258035302,-2.397797108,1
975,129,-6.106294632,-3.820955038,1
975,161,-5.78123188,-2.633797646,1
975,193,-0.8398873806,-0.5203475952,1
975,225,-0.804656744,-1.440999389,1
975,257,-0.4695341587,-3.519104958,1
975,289,0.003884553909,-3.999890327,1
975,321,-1.03879118,-1.348879576,1
975,353,-0.826497674,-0.02704572678,1
975,385,-0.9588561058,-1.441820502,1
975,417,-1.40340209,-1.329716206,1
975,449,-2.164916039,-0.3412029147,1
975,481,-2.933091879,0.03000485897,1
975,513,-3.982857704,-0.5834326744,1
975,545,-2.985943317,-1.944178581,1
975,577,-2.830554008,-2.12296772,1
975,609,-4.258068085,-1.494528651,1
975,641,-3.653171062,-1.646330357,1
975,673,-4.0459795,0.4283591211,1
975,705,-3.859337807,1.780197382,1
975,737,-3.223000526,1.650586128,1
975,769,-3.080835819,0.50623703,1
975,801,-2.965731621,0.4914928079,1
975,833,-3.193906307,0.7033230662,1
975,865,-2.826606274,1.023341537,1
975,897,-3.455579996,1.107636452,1
975,929,-3.475888729,-0.8338536024,1
975,961,-3.038438559,-2.804861784,1
975,993,-4.339902401,-0.08554023504,1
975,1025,-5.839315891,-0.06660872698,1
975,1057,-6.442144394,-0.2408006787,1
975,1089,-6.720520973,-0.1337431371,1
975,1121,-6.119885445,-0.3218938112,1
975,1153,-3.370256424,-0.9374872446,1
975,1185,-2.051803589,-1.346727014,1
975,1217,-1.014811277,-3.629108429,1
975,1249,-0.2740177512,-1.04264617,1
975,1281,-0.3874010444,-0.5104694366,1
975,1313,-0.6869857311,-0.8602273464,1
975,1345,-0.9652502537,-1.598626018,1
975,1377,-1.43729496,-2.220131874,1
975,1409,-2.315622568,-2.765314579,1
975,1441,-2.048485041,-3.961977959,1
975,1473,-2.252083063,-6.578908443,1
975,1505,-2.313238859,-4.285849571,1
975,1537,-3.306322813,-2.173290491,1
975,1569,-3.33552599,-1.470346689,1
975,1601,-2.260391712,-2.576414108,1
975,1633,-3.512694597,-3.474258423,1
975,1665,-4.134602547,-4.176840782,1
975,1697,-4.349899292,-4.35568285,1
975,1729,-3.721974373,-4.336680412,1
975,1761,-4.111033916,-3.911594868,1
975,1793,-5.232017517,-4.063946724,1
975,1825,-4.88692522,-4.738340378,1
975,1857,-4.289971352,-3.688519955,1
975,1889,-2.737585545,-6.078170776,1
975,1921,-2.981320858,-3.355442047,1
975,1953,-1.534148812,-1.032687068,1
975,1985,-1.419699669,-0.9999499917,1
975,2017,-2.261070728,-2.443615198,1
1007,33,-0.8709933758,2.493263483,1
1007,65,-1.161598921,-3.015781641,1
1007,97,-0.2482907772,-4.609530926,1
1007,129,-0.1082537174,-1.555018902,1
1007,161,-0.7799136639,-1.353952527,1
1007,193,-0.9999733567,-1.318951368,1
1007,225,-0.6698448062,-1.479768872,1
1007,257,-0.2312293351,-3.077055693,1
1007,289,0.1171824783,-3.268342972,1
1007,321,0.03510862589,-1.030748129,1
1007,353,-0.1260120869,0.7853931189,1
1007,385,-1.09761858,-0.3375737667,1
1007,417,-1.518293619,-0.6097738743,1
1007,449,-1.927715421,-0.555683732,1
1007,481,-2.950357437,-0.08784717321,1
1007,513,-10.86641407,8.440398216,1
1007,545,-5.506577015,-0.4027036428,1
1007,577,-4.404763699,-1.873375416,1
1007,609,-4.039316177,-1.243167996,1
1007,641,-3.788800955,-1.483833075,1
1007,673,-3.172166348,-0.3546791673,1
1007,705,-3.64784503,1.155417323,1
1007,737,-3.458062887,1.17313838,1
1007,769,-3.526236534,0.8442825675,1
1007,801,-3.702152491,1.494175434,1
1007,833,-3.985462427,0.701788187,1
1007,865,-4.197911263,0.9550979137,1
1007,897,-3.279236794,2.272483826,1
1007,929,6.30068779,17.50823212,1
1007,961,-1.52400732,-1.23951292,1
1007,993,-3.789266109,-0.8487660885,1
1007,1025,-5.188694954,-0.2463063598,1
1007,1057,-6.945641041,0.3409021199,1
1007,1089,-7.743588924,2.218050003,1
1007,1121,-6.772124767,1.673933268,1
1007,1153,-4.527715206,-1.787871003,1
1007,1185,-3.07960248,-3.025474548,1
1007,1217,-1.691738605,-4.429929256,1
1007,1249,-1.168043613,-1.767856121,1
1007,1281,-1.474666715,-1.947184801,1
1007,1313,-1.827311039,-1.892553806,1
1007,1345,-1.903746605,-2.482321262,1
1007,1377,-2.200897217,-3.820025921,1
1007,1409,-2.412439108,-3.534317255,1
1007,1441,-2.639923811,-4.669733524,1
1007,1473,-3.085038662,-6.113591194,1
1007,1505,-2.570220709,-4.162777424,1
1007,1537,-3.302846193,-1.678469181,1
1007,1569,-3.631802797,-1.907875776,1
1007,1601,-3.73898077,-2.814146996,1
1007,1633,-3.6797328,-3.649084568,1
1007,1665,-3.949800491,-4.554098129,1
1007,1697,-4.961484909,-4.969353199,1
1007,1729,-6.075859547,-4.244698524,1
1007,1761,-4.865622044,-3.938383818,1
1007,1793,-4.877445221,-4.247878551,1
1007,1825,-4.28602457,-3.272431612,1
1007,1857,-4.605365276,-2.425916672,1
1007,1889,-5.932444572,-4.310986519,1
1007,1921,-2.644158602,-3.0448246,1
1007,1953,-1.208751917,-2.519098282,1
1007,1985,-1.892060637,-0.6957364678,1
1007,2017,-3.719129086,-0.9164469242,1
1039,33,-0.3380311131,1.585169792,1
1039,65,-1.120239377,-0.8079520464,1
1039,97,-0.7400739789,-0.8478386998,1
1039,129,0.06789374352,-1.366840959,1
1039,161,-0.4012022018,-1.419447184,1
1039,193,-1.123499155,-1.880820155,1
1039,225,-0.5101518631,-1.228974223,1
1039,257,-0.0589749217,-0.6981916428,1
1039,289,-0.01431462169,-0.8026425838,1
1039,321,-0.2279906273,-0.9659206271,1
1039,353,-0.8178721666,-0.3163933754,1
1039,385,-1.245638132,-0.2678320408,1
1039,417,-0.9364534616,-0.7000910044,1
1039,449,-1.13081336,-1.373172283,1
1039,481,-2.185144901,-1.387967229,1
1039,513,-4.298443794,1.158709049,1
1039,545,-5.55947113,-0.2573014498,1
1039,577,-3.838935614,-1.519020677,1
1039,609,-2.464754343,-0.5075366497,1
1039,641,-1.786899328,-0.05105155706,1
1039,673,-2.324101686,0.6035518646,1
1039,705,-3.251148224,0.2892446816,1
1039,737,-3.363787174,0.3552455008,1
1039,769,-4.748323441,1.645812988,1
1039,801,-3.615419388,1.310861111,1
1039,833,-3.406433105,0.5507339239,1
1039,865,-4.078306198,0.06437021494,1
1039,897,-3.444706917,0.7104225159,1
1039,929,-15.79672718,14.59508705,1
1039,961,-3.498636961,0.3704150319,1
1039,993,-4.022870064,-0.06274661422,1
1039,1025,-4.029367924,-0.1523992121,1
1039,1057,-4.451975822,-0.6705287695,1
1039,1089,-18.22887039,-14.99934292,1
1039,1121,-5.726766109,1.88727653,1
1039,1153,-7.178179264,-3.960944653,1
1039,1185,-9.414812088,-3.493517876,1
1039,1217,-6.954868317,-4.163710594,1
1039,1249,-2.806182146,-4.860041618,1
1039,1281,-6.610115528,-7.872081757,1
1039,1313,-5.168430328,-7.523546219,1
1039,1345,-2.86848259,-4.025111675,1
1039,1377,-2.839836359,-4.395547867,1
1039,1409,-2.948872566,-3.955974579,1
1039,1441,-2.48284936,-3.806937456,1
1039,1473,-2.125478506,-4.104811192,1
1039,1505,-2.629805803,-3.57899332,1
1039,1537,-3.225162029,-3.340359926,1
1039,1569,-3.301067352,-4.024260998,1
1039,1601,-3.421837568,-3.948060036,1
1039,1633,-3.237060785,-3.905373573,1
1039,1665,-3.400411367,-4.674107075,1
1039,1697,-3.617259264,-4.709013939,1
1039,1729,10.63776207,9.411111832,1
1039,1761,-6.47241354,-2.71521616,1
1039,1793,-4.457137108,-2.385829687,1
1039,1825,-4.23916769,-2.51508379,1
1039,1857,-5.191482067,-2.437438965,1
1039,1889,-5.804508209,-2.764724255,1
1039,1921,-2.780920029,-1.950186968,1
1039,1953,-1.942175627,-2.366439342,1
1039,1985,-1.97628665,-1.214473248,1
1039,2017,-2.906979084,-0.9702301025,1
1071,33,0.5643445849,0.7005982995,1
1071,65,-1.613611579,-0.7979799509,1
1071,97,-1.285796642,-0.7381141186,1
1071,129,-1.248270512,-1.552002072,1
1071,161,-1.401123881,-1.380608797,1
1071,193,-1.655427933,-3.258669376,1
1071,225,0.02097606659,-1.052092075,1
1071,257,-0.2223815918,-0.2785832882,1
1071,289,-0.5456848145,-0.2503609061,1
1071,321,-0.5179070234,-0.4446801245,1
1071,353,-0.7630305886,-0.5344978571,1
1071,385,-0.7565741539,-0.7330967784,1
1071,417,-0.169457674,-0.9701535702,1
1071,449,-0.4822400808,-1.370974302,1
1071,481,-1.911288261,-1.867699623,1
1071,513,-3.511115789,-1.213073492,1
1071,545,-4.804392338,-1.252374768,1
1071,577,-4.127808571,-1.213603497,1
1071,609,-2.411492109,-0.7962819934,1
1071,641,-1.705956936,-0.5049817562,1
1071,673,-2.411442041,0.05932796001,1
1071,705,-3.161265373,-0.1824043393,1
1071,737,-3.119880676,-0.07914148271,1
1071,769,-2.741014957,0.7190026045,1
1071,801,-2.248210907,0.5926114917,1
1071,833,-2.31928277,0.2187268138,1
1071,865,-2.72570014,-0.1858662069,1
1071,897,-2.772960186,0.305470407,1
1071,929,7.228773117,-15.71099758,1
1071,961,-4.2374897,1.443262577,1
1071,993,-4.468622208,0.3972794414,1
1071,1025,-3.385352135,-1.041025162,1
1071,1057,-4.048541546,-1.987472296,1
1071,1089,-4.694611549,-2.450484514,1
1071,1121,-5.424242496,-1.249361157,1
1071,1153,-6.238361835,-3.287595272,1
1071,1185,-0.8711948395,-2.547624588,1
1071,1217,-4.270740509,-3.344061136,1
1071,1249,-2.677105188,-2.79238987,1
1071,1281,-4.441880226,-5.859520912,1
1071,1313,-4.964895248,-7.623172283,1
1071,1345,-3.625622749,-5.996818066,1
1071,1377,-3.310732603,-4.995547295,1
1071,1409,-3.124063015,-3.829544783,1
1071,1441,-3.120662689,-3.331472635,1
1071,1473,-1.212205887,-2.632111311,1
1071,1505,-1.938913822,-2.57130909,1
1071,1537,-2.949218512,-3.649188519,1
1071,1569,-3.001848698,-4.119431973,1
1071,1601,-3.091345549,-3.917856932,1
1071,1633,-3.545143366,-3.3367064,1
1071,1665,-3.888369083,-3.633995056,1
1071,1697,-2.532006502,-4.161704063,1
1071,1729,-3.212568998,-3.34378624,1
1071,1761,-4.137906551,-2.154952288,1
1071,1793,-2.294272661,-0.8511829376,1
1071,1825,-3.830779552,-3.699273586,1
1071,1857,-4.778362274,-2.298686743,1
1071,1889,-3.560881615,-0.6910991669,1
1071,1921,-2.434157133,-1.308300138,1
1071,1953,-1.767822623,-1.522002935,1
1071,1985,-1.078118324,-1.214307904,1
1071,2017,-1.409757495,-0.9885795116,1
1103,33,0.5392909646,0.5077460408,1
1103,65,-1.275650263,-0.9670552015,1
1103,97,-3.650653601,-3.733101845,1
1103,129,-3.211566448,-4.487712383,1
1103,161,-1.2818712,-1.88093996,1
1103,193,-1.023612738,-2.280801296,1
1103,225,-0.2938266397,-1.287808418,1
1103,257,-0.4469468594,-0.525138557,1
1103,289,-0.3277249336,-0.6270734072,1
1103,321,0.2089459896,-0.3800574541,1
1103,353,-0.3978031874,-0.09276795387,1
1103,385,-0.8289107084,-1.028568268,1
1103,417,-1.026910067,-0.763489604,1
1103,449,-1.120360732,-0.3150436878,1
1103,481,-2.059883833,-1.369478464,1
1103,513,-3.357814074,-1.530050159,1
1103,545,-4.185991287,-1.330360293,1
1103,577,-4.106049538,-1.233341575,1
1103,609,-2.411389589,-1.180183291,1
1103,641,-1.335159779,-0.6545644999,1
1103,673,-0.7353215218,-0.02383215725,1
1103,705,-2.546418667,0.9051442146,1
1103,737,-2.900158882,0.03944416344,1
1103,769,-2.269699574,0.5875701308,1
1103,801,-1.63777256,0.8427878618,1
1103,833,-2.193175077,0.4741137624,1
1103,865,-2.266851187,0.6069141626,1
1103,897,-1.965390205,0.4162600636,1
1103,929,-3.458275318,1.934357405,1
1103,961,-5.038995266,1.599573374,1
1103,993,-5.573942184,0.2416531444,1
1103,1025,-4.657580853,-1.111659288,1
1103,1057,-4.557421207,-0.4843559265,1
1103,1089,-5.17645359,-0.5078120232,1
1103,1121,-5.867323399,-0.7653649449,1
1103,1153,-6.658224583,-1.828989744,1
1103,1185,-4.408226967,-3.378391504,1
1103,1217,-2.91994381,-3.267415047,1
1103,1249,-2.224836826,-3.464637995,1
1103,1281,-5.327953339,-6.952554703,1
1103,1313,-4.169699192,-4.422612667,1
1103,1345,-3.728833675,-3.907022476,1
1103,1377,-3.176203728,-4.516232014,1
1103,1409,-3.100922346,-2.799940109,1
1103,1441,-2.714619637,-3.111119747,1
1103,1473,-2.620135784,-2.909675837,1
1103,1505,-2.856786728,-2.978164196,1
1103,1537,-3.29085803,-3.585770607,1
1103,1569,-3.088888407,-3.26314187,1
1103,1601,-3.267175436,-2.446294069,1
1103,1633,-3.658938885,-2.293627262,1
1103,1665,-1.448878527,-3.4558599,1
1103,1697,-1.997940779,-5.447415829,1
1103,1729,-2.847085238,-3.899032593,1
1103,1761,-3.150302649,-3.043365955,1
1103,1793,-4.174625874,-5.053057671,1
1103,1825,-4.624047279,-5.556901932,1
1103,1857,-3.845987797,-3.810563564,1
1103,1889,-2.25041461,-0.4891194105,1
1103,1921,-1.415523052,-0.3700578213,1
1103,1953,-0.4814468622,-1.206541777,1
1103,1985,0.09300780296,-1.076605082,1
1103,2017,0.5754406452,-0.6703994274,1
1135,33,-0.2402353883,1.644219637,1
1135,65,-1.296980262,-0.7096351981,1
1135,97,-1.141040802,-1.500603437,1
1135,129,-1.311592102,-3.902977467,1
1135,161,-0.4651345015,-3.519093037,1
1135,193,-0.708557725,-2.223941326,1
1135,225,-1.105792761,-1.401023149,1
1135,257,-0.7125733495,-0.9416713715,1
1135,289,-1.845422626,-2.195843697,1
1135,321,-5.840291977,-2.273187637,1
1135,353,-4.240563393,-1.912958384,1
1135,385,-1.689115763,-0.8674557209,1
1135,417,-0.6468091011,-0.4077643156,1
1135,449,-1.227360845,-0.450553298,1
1135,481,-2.893133163,-1.549954057,1
1135,513,-3.094158649,-1.58683753,1
1135,545,-2.980273724,-1.770573139,1
1135,577,-3.521266937,-0.9180115461,1
1135,609,-1.970783234,-0.1985122859,1
1135,641,-0.5489552021,-0.01375861466,1
1135,673,-0.7467286587,0.68964082,1
1135,705,-0.06807112694,0.7234712839,1
1135,737,-2.870635748,0.2292211801,1
1135,769,-2.0422616,1.027431607,1
1135,801,-1.683451891,0.7662928104,1
1135,833,-1.562552691,0.7579650879,1
1135,865,-1.211390734,0.741080761,1
1135,897,-1.821695089,0.1928837597,1
1135,929,-2.845965624,0.5283045769,1
1135,961,-3.177489042,-0.09264087677,1
1135,993,-3.533922911,-1.472766042,1
1135,1025,-5.693254471,-0.4782865644,1
1135,1057,-6.603585243,0.8851635456,1
1135,1089,-6.609945297,0.6465636492,1
1135,1121,-7.649764061,-0.7495337725,1
1135,1153,-5.972251892,-1.763749957,1
1135,1185,-4.62042284,-3.044798851,1
1135,1217,-1.960730553,-3.440719128,1
1135,1249,-3.047988892,-5.696882248,1
1135,1281,-4.012894154,-6.332906723,1
1135,1313,-4.670977116,-3.43629384,1
1135,1345,-4.227276325,-3.253153563,1
1135,1377,-0.7518234253,-5.803022385,1
1135,1409,-0.7355771065,-0.6022872925,1
1135,1441,-1.631109715,-2.29263854,1
1135,1473,-2.911902428,-3.566398621,1
1135,1505,-4.302349091,-4.032387733,1
1135,1537,-5.038050652,-5.141687393,1
1135,1569,-3.017212868,-3.504947662,1
1135,1601,-2.065970898,-1.162461758,1
1135,1633,-2.950094461,-20.56339073,1
1135,1665,-2.042530775,-7.614439011,1
1135,1697,-2.022459984,-5.161252022,1
1135,1729,-2.982992649,-4.422322273,1
1135,1761,-2.795264006,-2.764103651,1
1135,1793,-5.556334496,-4.772817612,1
1135,1825,-4.118675709,-5.356613159,1
1135,1857,-1.527131081,-6.108968735,1
1135,1889,-0.8680146933,-1.187508225,1
1135,1921,-0.7169498205,-0.2202832699,1
1135,1953,0.7482770681,-0.7171678543,1
1135,1985,0.8109922409,-1.074433088,1
1135,2017,0.5774511099,-0.5036457777,1
1167,33,-3.673366308,3.18993187,1
1167,65,-1.388002634,-0.9127286077,1
1167,97,-0.3649041653,-1.559375286,1
1167,129,-1.112451792,-2.875547886,1
1167,161,-0.9867579937,-7.73941803,1
1167,193,0.9097334146,-10.17325974,1
1167,225,-0.8108810186,-2.670943737,1
1167,257,-0.9139602184,-2.62723875,1
1167,289,-4.744595051,-2.334005594,1
1167,321,-5.253689766,-2.136449575,1
1167,353,-3.700694323,-1.297684193,1
1167,385,-1.987570405,0.05954825878,1
1167,417,-0.5581413507,0.1290075183,1
1167,449,-1.299282789,-0.5263086557,1
1167,481,-3.208220482,-2.080919743,1
1167,513,-2.572089434,-1.32452631,1
1167,545,-2.46573782,-1.013088107,1
1167,577,-3.30092001,-0.4022020102,1
1167,609,-2.665657997,0.1176710129,1
1167,641,-2.517469168,0.518009305,1
1167,673,-5.758810997,-0.4633696675,1
1167,705,-5.72181797,-0.9195545912,1
1167,737,-3.136974573,-0.1835639775,1
1167,769,-2.671107531,0.2624052167,1
1167,801,-2.116107702,-0.08309791982,1
1167,833,-1.657493114,-0.01865361631,1
1167,865,-1.428412914,-0.6894596219,1
1167,897,-1.44741869,-0.4864796102,1
1167,929,-2.39017272,0.02681365609,1
1167,961,-1.992938995,-1.289476275,1
1167,993,-2.250830173,-3.124709845,1
1167,1025,-3.492283344,-1.255029917,1
1167,1057,-5.436573029,-0.1052569151,1
1167,1089,-7.851205826,-0.8665664196,1
1167,1121,-9.857711792,-3.375618458,1
1167,1153,-6.870789051,-1.399507999,1
1167,1185,-2.623600483,-2.563196421,1
1167,1217,-6.23281765,-3.21570015,1
1167,1249,-4.041044235,-6.178726196,1
1167,1281,-5.397329807,-5.423204422,1
1167,1313,-5.83191061,-3.201960802,1
1167,1345,-5.843158722,-2.744978189,1
1167,1377,-5.217751503,-3.243104458,1
1167,1409,-2.13131094,-4.8580513,1
1167,1441,-2.074855089,-2.967153788,1
1167,1473,-2.143393993,-4.326007843,1
1167,1505,-3.96427536,-5.032757282,1
1167,1537,-4.747406006,-5.039040089,1
1167,1569,-3.692250252,-2.497788668,1
1167,1601,-1.035180092,0.1182436943,1
1167,1633,-3.439810276,-20.11497116,1
1167,1665,-3.883535862,-3.943414927,1
1167,1697,-3.200950861,-3.011468172,1
1167,1729,-2.146867275,-2.440432072,1
1167,1761,-0.9218192101,-0.9113888741,1
1167,1793,-1.515398741,-2.691495895,1
1167,1825,-2.182408571,-3.513413191,1
1167,1857,-1.521919847,-5.637090206,1
1167,1889,-1.239726782,13.01690006,1
1167,1921,-0.6058442593,-0.4964858294,1
1167,1953,0.765568316,-0.9671776295,1
1167,1985,0.224572897,-0.2400815487,1
1167,2017,-0.001643300056,-0.4706206322,1
1199,33,-0.9167747498,2.335626125,1
1199,65,-0.6430433393,-0.8352785707,1
1199,97,-0.3424216509,-1.21786654,1
1199,129,-1.517339349,-5.477300644,1
1199,161,-1.446745634,-8.14586544,1
1199,193,0.5482728481,-10.19834614,1
1199,225,-0.4380099773,-5.778233528,1
1199,257,-0.7498238087,-3.202924252,1
1199,289,-1.195789337,-1.595878124,1
1199,321,-2.133057356,-1.406771779,1
1199,353,-2.283100843,-0.5757660866,1
1199,385,-2.64883709,0.2977612019,1
1199,417,-1.313581109,0.3167461455,1
1199,449,-1.605318308,-0.6743131876,1
1199,481,-1.893216848,-1.436051607,1
1199,513,-2.079493999,-0.7888441086,1
1199,545,-2.479490042,-0.5542714,1
1199,577,-2.66727972,0.01861539483,1
1199,609,-3.452627659,-0.09192922711,1
1199,641,-3.772866964,-0.5714606047,1
1199,673,-4.275782108,-0.9081659317,1
1199,705,-3.83397007,-1.516969919,1
1199,737,-4.416089058,-0.4708180428,1
1199,769,-4.546385765,-1.748227119,1
1199,801,-1.841121912,-0.8392238617,1
1199,833,-2.075603008,-0.8615364432,1
1199,865,-2.617332935,-0.8559907079,1
1199,897,-1.851194859,-0.4719412923,1
1199,929,-2.11649251,-0.3748070002,1
1199,961,-1.865389824,-1.873624563,1
1199,993,-0.9060709476,-3.018472195,1
1199,1025,-1.718426704,-1.852696061,1
1199,1057,-5.029732704,-1.246749997,1
1199,1089,-8.151548386,-1.033090234,1
1199,1121,-8.365157127,-0.8418062925,1
1199,1153,-4.459697247,-3.162395716,1
1199,1185,-3.482700348,-3.473641872,1
1199,1217,-6.376400948,-2.869441986,1
1199,1249,-5.010399818,-3.137907267,1
1199,1281,-5.784444809,-4.900774002,1
1199,1313,-5.152627945,-2.937082052,1
1199,1345,-6.262618542,-2.086500883,1
1199,1377,-7.073016167,-2.755073309,1
1199,1409,-6.510219574,-4.198512077,1
1199,1441,-4.999019623,-4.354563713,1
1199,1473,-4.508376598,-4.534825325,1
1199,1505,-4.542601109,-4.739206314,1
1199,1537,-5.281975269,-5.825387478,1
1199,1569,-3.496012449,-2.000524044,1
1199,1601,-2.563242197,0.4725210667,1
1199,1633,-3.048648834,-0.506108284,1
1199,1665,-2.911472797,-3.285138369,1
1199,1697,-2.5524652,-2.688921213,1
1199,1729,-1.677246213,-1.031700611,1
1199,1761,-0.4376813173,-1.114084244,1
1199,1793,-0.5775042772,-2.853575945,1
1199,1825,-0.7768039703,-2.273781538,1
1199,1857,-2.885595798,-2.851371288,1
1199,1889,-1.645200491,9.347818375,1
1199,1921,-1.368160844,8.061378479,1
1199,1953,-0.3865630031,-0.7480250597,1
1199,1985,-0.07917314768,-0.1923165321,1
1199,2017,-0.4279376268,-0.5751720071,1
1231,33,-1.0708673,-0.2304282188,1
1231,65,-0.2430486083,-0.2656623125,1
1231,97,-1.495685816,-1.28742528,1
1231,129,-1.942121267,-5.736140251,1
1231,161,-2.99296093,-4.261536121,1
1231,193,-2.125447273,-4.229127884,1
1231,225,-0.8640984297,-6.061740875,1
1231,257,0.4025028944,-0.8084595203,1
1231,289,0.2664965391,-1.184837341,1
1231,321,-0.8127791882,-1.406674743,1
1231,353,-1.434803605,-0.6587115526,1
1231,385,-1.869159579,-0.4981042147,1
1231,417,-1.621114612,-0.3651155233,1
1231,449,-1.619670749,-0.7780852318,1
1231,481,-1.682309508,-1.88897419,1
1231,513,-1.664402008,-1.389469028,1
1231,545,-1.800476551,-1.089422464,1
1231,577,-2.073281288,-0.2964349985,1
1231,609,-2.759409904,-0.3866676092,1
1231,641,-2.875557661,-1.211411357,1
1231,673,-3.032562733,-1.728688836,1
1231,705,-3.048199654,-1.228454113,1
1231,737,-3.665801525,-0.7564834356,1
1231,769,-3.995565414,-1.792641759,1
1231,801,-2.627533436,-1.19184351,1
1231,833,-2.244240284,-1.102202058,1
1231,865,-2.241700172,-0.451443851,1
1231,897,-2.152255297,-0.5487721562,1
1231,929,-2.25837183,-1.704234004,1
1231,961,-1.971414566,-2.316481829,1
1231,993,-1.393934727,-2.436335802,1
1231,1025,-1.256267786,-1.641317368,1
1231,1057,-7.275461197,-2.082485676,1
1231,1089,-2.202832937,-0.6093263626,1
1231,1121,-2.267890453,-1.950686932,1
1231,1153,-2.453402996,-3.472873211,1
1231,1185,-3.529817104,-4.035445213,1
1231,1217,-5.130497456,-3.517087698,1
1231,1249,-4.946063519,-2.209970474,1
1231,1281,4.41290617,12.47865772,1
1231,1313,-0.1010184288,-0.5550136566,1
1231,1345,-5.35580492,-2.509214163,1
1231,1377,-6.590194225,-2.329120159,1
1231,1409,-6.991789818,-3.019159794,1
1231,1441,-7.618995667,-3.22017169,1
1231,1473,-6.221356392,-3.369380474,1
1231,1505,-5.243276119,-4.176613808,1
1231,1537,-4.161365032,-4.145161152,1
1231,1569,-3.329636812,-3.328900814,1
1231,1601,-4.650673866,-2.892463207,1
1231,1633,-3.398176432,-2.899739981,1
1231,1665,-2.369315147,-3.142402411,1
1231,1697,-2.198419571,-3.084884644,1
1231,1729,-1.55528307,-1.532472134,1
1231,1761,-1.130470157,-2.977587938,1
1231,1793,0.5454039574,-4.058310986,1
1231,1825,-0.6271181107,-2.173157692,1
1231,1857,-1.634417653,-0.548964262,1
1231,1889,-8.672246933,6.459805012,1
1231,1921,-9.62644577,6.69869566,1
1231,1953,-7.783501148,-0.6062880158,1
1231,1985,0.404214412,-0.7196167707,1
1231,2017,0.3078584075,-0.6877051592,1
1263,33,0.1329286098,-0.6239264607,1
1263,65,-0.4158182144,-0.3747510612,1
1263,97,-2.199696779,-1.859803915,1
1263,129,-3.705075502,-4.449240685,1
1263,161,-4.42450285,-4.18035841,1
1263,193,-3.304830551,-3.788994312,1
1263,225,-1.572769046,-5.592993736,1
1263,257,0.04488348961,-1.164957404,1
1263,289,0.1052905917,-0.8556169271,1
1263,321,-0.856251359,-1.83433795,1
1263,353,-1.867334008,-1.851431012,1
1263,385,-4.494412899,-2.474671841,1
1263,417,-2.802681684,-0.3737335205,1
1263,449,-2.08495903,-0.163512826,1
1263,481,-1.802656174,-1.258255959,1
1263,513,-1.887053967,-1.885645628,1
1263,545,-2.097190619,-1.527004242,1
1263,577,-2.85341835,-0.3692315817,1
1263,609,-2.713940382,-0.6327286363,1
1263,641,-2.624542952,-1.66398561,1
1263,673,-3.187070847,-2.524638414,1
1263,705,-3.660960436,-1.759755373,1
1263,737,-4.330069542,-1.249513149,1
1263,769,-4.49249506,-1.169918776,1
1263,801,-3.478473425,-0.9882694483,1
1263,833,-1.479727745,-0.8361361027,1
1263,865,-2.061929464,-0.9679950476,1
1263,897,-2.55700779,-1.542702556,1
1263,929,-2.426448345,-1.898911476,1
1263,961,-2.549980879,-2.509620428,1
1263,993,-2.319014311,-2.118922472,1
1263,1025,-0.9034361839,0.1855822802,1
1263,1057,-0.7036936283,-0.1816999912,1
1263,1089,-0.4703137875,-1.640432596,1
1263,1121,-0.7103564739,-2.834118366,1
1263,1153,-2.450434446,-4.140623569,1
1263,1185,-4.42926693,-4.405677795,1
1263,1217,-4.483289719,-4.720654488,1
1263,1249,-2.937563419,-2.639166594,1
1263,1281,-23.31882477,-1.127578497,1
1263,1313,-0.4858381748,0.01184082031,1
1263,1345,-4.609223843,-2.119070053,1
1263,1377,-5.371714592,-1.980961084,1
1263,1409,-6.122467518,-2.059714794,1
1263,1441,-6.084375381,-3.784986496,1
1263,1473,-5.577610493,-3.41118145,1
1263,1505,-4.766517639,-3.961255074,1
1263,1537,-3.372714758,-4.431883335,1
1263,1569,-3.20297122,-4.121724129,1
1263,1601,-3.480461836,-4.053505898,1
1263,1633,-3.25288868,-3.821903229,1
1263,1665,-2.572479248,-3.450391531,1
1263,1697,-2.285215616,-3.517549515,1
1263,1729,-2.094946384,-3.839600086,1
1263,1761,-1.591651917,-3.958069801,1
1263,1793,-0.9383175373,-3.177053452,1
1263,1825,-2.255583048,-1.80477047,1
1263,1857,-1.031521797,-0.2176368237,1
1263,1889,-6.146461487,4.598954678,1
1263,1921,-6.685429573,8.213736534,1
1263,1953,-0.5070836544,-0.6830967665,1
1263,1985,1.050320268,-0.6078440547,1
1263,2017,0.6533117294,-0.6400560141,1
1295,33,1.6953969,1.234764099,1
1295,65,-1.452547431,-2.111061096,1
1295,97,-2.585202694,-1.930441141,1
1295,129,-2.650893211,-3.620903015,1
1295,161,-4.637622833,-4.146569729,1
1295,193,-4.272277832,-3.756213188,1
1295,225,-1.733359575,-2.884638786,1
1295,257,-0.5944602489,-1.414076805,1
1295,289,-0.969350338,-1.057132602,1
1295,321,-1.422874808,-2.122273922,1
1295,353,-1.729162455,-2.368293047,1
1295,385,-2.514635086,-2.234790564,1
1295,417,-2.029826403,-1.396847486,1
1295,449,-1.872047424,-0.9457447529,1
1295,481,-2.963578224,-1.095208168,1
1295,513,-2.250522375,-1.982855558,1
1295,545,-2.259255171,-1.296103239,1
1295,577,-3.424327374,-0.4931373596,1
1295,609,-2.573200226,-0.8070371151,1
1295,641,-2.795291424,-1.837372541,1
1295,673,-3.627934456,-3.2321105,1
1295,705,-5.647788525,-2.630872726,1
1295,737,-5.876051903,-1.75054419,1
1295,769,-4.605158806,-0.1701368093,1
1295,801,-1.927189827,-0.3909322023,1
1295,833,-1.044762611,-0.96210742,1
1295,865,-1.691821575,-1.469804764,1
1295,897,-2.740094423,-2.050749779,1
1295,929,-2.918303251,-1.902886391,1
1295,961,-2.89909935,-2.270040989,1
1295,993,-1.133783579,-2.001380682,1
1295,1025,0.5264358521,-0.1277199984,1
1295,1057,-0.9915246964,-0.3263155222,1
1295,1089,-1.864904881,-1.666370153,1
1295,1121,-2.427146912,-4.658115387,1
1295,1153,-3.100060701,-6.107755661,1
1295,1185,-4.875415325,-4.868249893,1
1295,1217,-5.01539135,-4.793216705,1
1295,1249,-4.157156944,-2.133081436,1
1295,1281,-20.99740219,7.363171577,1
1295,1313,-0.2690360546,0.296803236,1
1295,1345,-4.259656429,-1.945148468,1
1295,1377,-4.556060791,-1.87116456,1
1295,1409,-4.847946167,-2.387794018,1
1295,1441,-5.304855824,-4.967124939,1
1295,1473,-4.822666168,-4.726621151,1
1295,1505,-4.290565968,-4.858559608,1
1295,1537,-3.477876425,-4.932379246,1
1295,1569,-3.026224613,-5.502650261,1
1295,1601,-3.099670649,-4.947983265,1
1295,1633,-3.497475147,-4.065778255,1
1295,1665,-3.64796567,-3.028862953,1
1295,1697,-2.615695477,-3.496858597,1
1295,1729,-2.204840422,-3.324928522,1
1295,1761,-1.926562309,-2.349314928,1
1295,1793,-1.010446787,-1.35225153,1
1295,1825,-0.8558657169,0.197075367,1
1295,1857,-1.017167568,-0.8355534077,1
1295,1889,-1.18696475,-0.6994019151,1
1295,1921,-0.564973712,-0.7084861398,1
1295,1953,0.9427815676,-0.4945393801,1
1295,1985,1.423540354,-0.1011639833,1
1295,2017,0.631957531,-0.6319639087,1
1327,33,0.4667468071,2.650157452,1
1327,65,-3.041926861,-7.463089943,1
1327,97,-2.706528664,-2.406815529,1
1327,129,-2.129476309,-3.642742872,1
1327,161,-0.5025475025,-4.012462616,1
1327,193,-1.850909591,-3.95166254,1
1327,225,-1.075007081,-2.906728029,1
1327,257,-0.8779088259,-2.120095253,1
1327,289,-1.321024418,-1.668750048,1
1327,321,-1.5973171,-2.138203621,1
1327,353,-1.497525692,-2.418607712,1
1327,385,-1.160643339,-1.773949385,1
1327,417,-1.444792867,-1.066053391,1
1327,449,-1.589301825,-1.191731215,1
1327,481,-1.721194267,-1.432676315,1
1327,513,-1.227742553,-3.152088642,1
1327,545,-1.219464302,-0.7388241291,1
1327,577,-1.778839588,-0.3069785833,1
1327,609,-2.886656284,-1.452647328,1
1327,641,-3.121473789,-3.580986023,1
1327,673,-5.061337471,-2.585871696,1
1327,705,-6.059912682,-1.456114054,1
1327,737,-5.754751682,-0.01576405764,1
1327,769,-3.026073217,0.9650080204,1
1327,801,-0.4784029722,0.3611329794,1
1327,833,0.2356750965,-0.442088604,1
1327,865,-0.6545413733,-1.841126204,1
1327,897,-2.274228334,-2.173110485,1
1327,929,-2.436235189,-1.961831808,1
1327,961,-1.161833048,-1.137496948,1
1327,993,0.4769296646,-1.038428068,1
1327,1025,0.8733596802,-0.3823894262,1
1327,1057,-0.5887415409,-1.192851543,1
1327,1089,-2.499528646,-2.744539261,1
1327,1121,-3.687116385,-4.854498386,1
1327,1153,-3.864122629,-6.322808743,1
1327,1185,-5.746804714,-3.95872426,1
1327,1217,-5.272462368,-1.228672028,1
1327,1249,-3.744422436,-0.9273868799,1
1327,1281,-3.462994814,-1.371792555,1
1327,1313,-5.402044296,-0.8608666658,1
1327,1345,-4.665231705,-1.741743088,1
1327,1377,-3.595339775,-1.765050888,1
1327,1409,-3.658797026,-2.317024708,1
1327,1441,-3.604691029,-3.690288067,1
1327,1473,-1.393822193,-4.155470371,1
1327,1505,-2.719871283,-4.366671085,1
1327,1537,-3.324333906,-4.922584534,1
1327,1569,-2.657348394,-6.670271873,1
1327,1601,-2.757710934,-5.572426796,1
1327,1633,-2.686608791,-4.98691082,1
1327,1665,-3.226628304,-3.633630276,1
1327,1697,-2.998806,-3.807082415,1
1327,1729,-2.151288748,-3.531576872,1
1327,1761,-1.254227757,-1.829358578,1
1327,1793,0.1089681983,-1.102503419,1
1327,1825,-0.06221580505,-0.1462037563,1
1327,1857,-0.6874338984,-0.8631751537,1
1327,1889,-1.082913399,-1.323506117,1
1327,1921,-0.839428544,-0.7854582071,1
1327,1953,0.162278831,-0.7802015543,1
1327,1985,0.1524405479,-0.6856167316,1
1327,2017,-0.4573915303,-0.7939974666,1
1359,33,1.157464504,2.643392801,1
1359,65,-3.044271946,-7.564182758,1
1359,97,-2.720423937,-1.947989225,1
1359,129,-3.411324739,-2.812021255,1
1359,161,-2.282357216,-4.689542294,1
1359,193,-1.621395588,-4.042158127,1
1359,225,-1.479181051,-2.446000338,1
1359,257,-1.438072681,-2.388887644,1
1359,289,-1.797753096,-2.860274315,1
1359,321,-2.42863822,-3.335147619,1
1359,353,-0.5621743202,-1.357355475,1
1359,385,-0.5359913111,-1.187674642,1
1359,417,-0.9850445986,-0.8181009293,1
1359,449,-0.9674830437,-0.8713715076,1
1359,481,-0.7739233971,-0.9560137391,1
1359,513,-0.7362091541,-1.423586726,1
1359,545,-1.352795959,-0.6607446671,1
1359,577,-4.675124168,-2.16550827,1
1359,609,-4.394883156,-2.175459623,1
1359,641,-3.570495367,-1.620960593,1
1359,673,-4.849830627,-0.4103050232,1
1359,705,-6.383049488,1.070629954,1
1359,737,-5.553901196,1.391228676,1
1359,769,-2.608045578,1.467797518,1
1359,801,-0.1986364126,0.698510766,1
1359,833,0.4060397148,-0.6984558105,1
1359,865,-0.6287485361,-1.08686924,1
1359,897,-1.620687008,-1.866365552,1
1359,929,-2.183753252,-2.064879894,1
1359,961,-1.583338499,-1.896824598,1
1359,993,-1.629810214,-2.361095667,1
1359,1025,-0.9440863729,-0.7426315546,1
1359,1057,-0.5437639952,-0.8299286366,1
1359,1089,-1.807111025,-3.696551085,1
1359,1121,-3.131344795,-4.38497448,1
1359,1153,-3.659048557,-4.51081562,1
1359,1185,-7.904959202,-22.77131844,1
1359,1217,-4.466262817,-0.7750854492,1
1359,1249,-2.182681084,-0.7228811979,1
1359,1281,-2.717848301,-1.375963211,1
1359,1313,-2.702590227,-0.8560110331,1
1359,1345,-2.550053358,-1.057041883,1
1359,1377,-2.053811789,-1.487475634,1
1359,1409,-3.039060116,-2.145284176,1
1359,1441,-2.949668646,-2.691859722,1
1359,1473,-0.5936255455,-3.025970936,1
1359,1505,-0.6023638248,-3.348293781,1
1359,1537,-1.934904814,-5.274603367,1
1359,1569,-1.268498898,-6.828596115,1
1359,1601,-1.835835457,-6.551445007,1
1359,1633,-3.043533087,-5.172079563,1
1359,1665,-3.773976326,-3.880794525,1
1359,1697,-3.367417812,-4.154296875,1
1359,1729,-1.435839057,-5.315891266,1
1359,1761,0.3778657317,-2.264513731,1
1359,1793,1.465627909,-1.236854553,1
1359,1825,1.203896284,-0.9599826336,1
1359,1857,0.1055858135,-1.101745248,1
1359,1889,-0.4125050306,-0.8894307613,1
1359,1921,-0.6492811441,-0.21873945,1
1359,1953,-0.7760580778,-0.8867405653,1
1359,1985,-1.014719486,-0.9281287789,1
1359,2017,-1.680295587,-0.9604538679,1
1391,33,0.2185586691,1.873559713,1
1391,65,-1.246484876,-0.9938178658,1
1391,97,-2.294999361,-1.253352284,1
1391,129,-2.868203402,-1.471294403,1
1391,161,-2.598126411,-1.998741984,1
1391,193,-6.090990067,-2.029816628,1
1391,225,-5.682211399,-1.174573421,1
1391,257,-2.722158909,-2.067058086,1
1391,289,-1.556133866,-1.962472081,1
1391,321,-0.7581949234,-1.35654974,1
1391,353,-0.61059618,-0.7877829075,1
1391,385,-0.7303029299,-0.9460514188,1
1391,417,-0.5993664265,-0.9395381212,1
1391,449,-0.5421816111,-0.8825366497,1
1391,481,-1.055037379,-1.133977652,1
1391,513,-1.207668304,-1.261966944,1
1391,545,-1.432996988,-1.536948204,1
1391,577,-1.631030917,-0.7358433008,1
1391,609,-1.835826635,-0.958591938,1
1391,641,-2.192287445,-0.7280033827,1
1391,673,-3.266694069,0.7074608803,1
1391,705,-5.451292992,2.076616764,1
1391,737,-5.654514313,1.764369011,1
1391,769,-3.482842684,0.1573160589,1
1391,801,-2.914867878,-1.283072114,1
1391,833,-5.337184429,-2.332299709,1
1391,865,-3.437047482,-1.552150488,1
1391,897,-2.258977413,-1.615885854,1
1391,929,-2.231410265,-2.114069462,1
1391,961,-2.336143255,-3.489763737,1
1391,993,-3.818941355,-2.103342533,1
1391,1025,-1.838631392,-1.172191262,1
1391,1057,-0.4846528769,-1.894137144,1
1391,1089,-0.8893899918,-4.237578392,1
1391,1121,-2.459929943,-3.735748053,1
1391,1153,-2.798236132,-2.381502867,1
1391,1185,-3.327414751,-2.151281834,1
1391,1217,-4.413542747,-1.194115877,1
1391,1249,-6.864174843,-2.232298374,1
1391,1281,-0.7550513744,-1.335555315,1
1391,1313,-1.122357368,-1.176960349,1
1391,1345,-1.62124896,-0.4782139063,1
1391,1377,-2.031160593,-1.626968265,1
1391,1409,-2.515441656,-2.457427263,1
1391,1441,-2.347325325,-2.977189064,1
1391,1473,-0.1207805872,-1.842874289,1
1391,1505,-0.6752436161,-3.285989046,1
1391,1537,-1.053116441,-4.948304653,1
1391,1569,-1.069957256,-5.124479294,1
1391,1601,-2.416788578,-4.921729565,1
1391,1633,-4.696496487,-4.817825317,1
1391,1665,-6.357913017,-4.591356277,1
1391,1697,-5.223144054,-4.311611176,1
1391,1729,-0.8792512417,-5.304825783,1
1391,1761,0.4730218649,-3.137278557,1
1391,1793,0.5369459987,-0.9152364731,1
1391,1825,0.4056369662,-4.736543179,1
1391,1857,-0.9205155969,-3.413023472,1
1391,1889,-0.8539276719,-0.2657867074,1
1391,1921,-1.695114255,0.897087872,1
1391,1953,-1.615315676,-0.6671900153,1
1391,1985,-1.117822766,-0.8930879831,1
1391,2017,-1.325612545,-0.8410959244,1
1423,33,-1.346491218,1.17628026,1
1423,65,-1.03122592,-0.6460521221,1
1423,97,-1.247846484,-1.31861937,1
1423,129,-1.556931615,-1.735753298,1
1423,161,-1.919484615,-0.8709142208,1
1423,193,-5.729671478,-1.693846464,1
1423,225,-4.679970741,-1.468548536,1
1423,257,-3.693440914,-1.1030128,1
1423,289,-1.805524588,-0.6463398933,1
1423,321,-0.8584706783,-0.1902251244,1
1423,353,-1.218476295,-0.7516056299,1
1423,385,-1.264870763,-0.6245104074,1
1423,417,-1.148681402,-0.5530474186,1
1423,449,-1.152771592,-0.950445056,1
1423,481,-2.534058094,-2.86873436,1
1423,513,-0.9659969807,-1.706738949,1
1423,545,0.08453512192,-1.799872875,1
1423,577,-0.6229659319,-0.5031757355,1
1423,609,-1.100913048,-0.6067481041,1
1423,641,-0.8046609163,-0.3710464835,1
1423,673,-1.955597878,0.5737438798,1
1423,705,-3.882851839,1.587423921,1
1423,737,-4.439222336,1.605768919,1
1423,769,-3.082111835,-0.2060225308,1
1423,801,-2.461252928,-1.790181875,1
1423,833,-3.12592268,-3.455793858,1
1423,865,-3.303258896,-2.008524895,1
1423,897,-2.550463676,-2.480256081,1
1423,929,-2.452141762,-2.263408184,1
1423,961,-4.087483406,-2.599534035,1
1423,993,-4.249136925,-1.511888742,1
1423,1025,-1.855282068,-1.320215702,1
1423,1057,-1.466644406,-2.601095915,1
1423,1089,-2.009738445,-3.305007458,1
1423,1121,-2.118950367,-3.629965305,1
1423,1153,-0.9197716713,-2.362491131,1
1423,1185,-0.6576499939,-0.07113909721,1
1423,1217,-6.904605865,-3.548156977,1
1423,1249,-6.334407806,-1.559720159,1
1423,1281,-1.320329428,-1.792390347,1
1423,1313,-0.6065130234,-1.568920374,1
1423,1345,-7.053006649,-6.352003098,1
1423,1377,-2.284722328,-1.563446879,1
1423,1409,-2.491901875,-2.076652765,1
1423,1441,-2.272874832,-2.834688187,1
1423,1473,-1.640585899,-2.471353769,1
1423,1505,-1.381660581,-2.201766491,1
1423,1537,-1.151164174,-4.130211353,1
1423,1569,-1.111750603,-3.997481823,1
1423,1601,-2.203484297,-3.807126999,1
1423,1633,-3.471092224,-4.339312553,1
1423,1665,-4.280580521,-4.453807354,1
1423,1697,-3.781193495,-5.168351173,1
1423,1729,-3.393120766,-5.268127441,1
1423,1761,-3.216724157,-3.817697525,1
1423,1793,-1.650279403,-2.600090504,1
1423,1825,-0.4948351979,-3.34117651,1
1423,1857,-0.6616119146,-2.135328054,1
1423,1889,-0.9202947021,0.5912694931,1
1423,1921,-1.464483023,0.8470938206,1
1423,1953,-1.104743481,-0.03894078732,1
1423,1985,-1.26834166,-0.9378595352,1
1423,2017,-0.7393738627,-0.5092698932,1
1455,33,15.54672146,1.123128057,1
1455,65,-1.887442827,-4.018681049,1
1455,97,-1.008940816,-1.103725314,1
1455,129,-0.922847271,-0.7973461747,1
1455,161,-1.672293782,-0.9996600151,1
1455,193,-3.104807377,-2.321741581,1
1455,225,-1.870064378,-1.534199715,1
1455,257,-1.725693107,-0.8271832466,1
1455,289,-0.9371727109,0.6233161092,1
1455,321,-0.655166328,-0.5978515148,1
1455,353,-1.010402083,-1.128887415,1
1455,385,-2.225896835,-0.685041666,1
1455,417,-2.560517788,-1.256124139,1
1455,449,-2.418583632,-3.04302597,1
1455,481,-2.366205215,-3.91582346,1
1455,513,-1.980090022,-2.855990887,1
1455,545,-2.723105431,-4.606587887,1
1455,577,-3.449680328,-2.479308605,1
1455,609,-1.603929043,-1.360664129,1
1455,641,-1.588568926,-0.4346274734,1
1455,673,-2.64680624,0.9231667519,1
1455,705,-3.452903032,0.7586475015,1
1455,737,-4.105149269,0.2070619166,1
1455,769,-3.274250269,-0.2940783501,1
1455,801,-2.591025114,-1.77007699,1
1455,833,-2.453230381,-3.067902088,1
1455,865,-2.056920767,-1.44238472,1
1455,897,-1.763069749,-2.76099205,1
1455,929,-1.624643087,-3.180666924,1
1455,961,-1.898199558,-0.8740508556,1
1455,993,-3.189774275,-1.372808814,1
1455,1025,-2.083191395,-2.506732941,1
1455,1057,-2.206718206,-3.443161726,1
1455,1089,-2.272882462,-3.817800045,1
1455,1121,-1.696024895,-2.627001047,1
1455,1153,-0.7388818264,-1.934050679,1
1455,1185,-2.696058035,-1.395148277,1
1455,1217,-5.950698853,-1.860182285,1
1455,1249,-5.536906719,-1.714516401,1
1455,1281,-2.826840401,-1.006648421,1
1455,1313,0.02986860275,-0.1055506468,1
1455,1345,-2.136355639,-21.18167877,1
1455,1377,-2.148054123,-1.468393326,1
1455,1409,-2.100966215,-1.244565248,1
1455,1441,-2.307416439,-2.695349455,1
1455,1473,-2.096560478,-3.184264421,1
1455,1505,-1.663526058,-2.045694828,1
1455,1537,-1.215046287,-2.622739077,1
1455,1569,-1.30701983,-3.775784969,1
1455,1601,-2.016744614,-3.99050355,1
1455,1633,-3.308682203,-4.541244507,1
1455,1665,-3.598687172,-4.309988022,1
1455,1697,-3.140273809,-4.433568001,1
1455,1729,-3.526490927,-4.24118948,1
1455,1761,-4.417693615,-3.425023556,1
1455,1793,-3.186523914,-2.111218452,1
1455,1825,-0.6984145641,-0.6626346111,1
1455,1857,-0.1062045693,-0.4983068109,1
1455,1889,-0.6789137125,-0.1870415211,1
1455,1921,-1.788543224,-0.7975654006,1
1455,1953,-1.003028989,-1.118051291,1
1455,1985,-0.9731771946,-1.189750314,1
1455,2017,-0.8440910578,-0.3865630031,1
1487,33,10.44735336,1.539781928,1
1487,65,-1.535847783,-3.952430487,1
1487,97,-1.327275872,-1.925879955,1
1487,129,-1.140645623,-0.8179410696,1
1487,161,-0.6849987507,-1.198556304,1
1487,193,-0.7135469913,-1.553052425,1
1487,225,-1.201304913,-1.318098664,1
1487,257,-0.7183405161,-0.9922526479,1
1487,289,0.09627437592,-0.485580802,1
1487,321,0.1542823315,-1.416903853,1
1487,353,0.1316264868,-1.3656286,1
1487,385,-1.792685866,-0.8265229464,1
1487,417,-2.412000656,-1.877926946,1
1487,449,-1.766284347,-3.843463898,1
1487,481,-1.725360751,-4.158149719,1
1487,513,-2.414064407,-4.340997696,1
1487,545,-3.987762213,-5.824707508,1
1487,577,-4.665253162,-4.571217537,1
1487,609,-2.516823769,-1.645667791,1
1487,641,-2.617336273,0.4904854298,1
1487,673,-21.13288689,-8.294312477,1
1487,705,-3.197545052,-0.6707105637,1
1487,737,-3.471654177,-1.493492961,1
1487,769,-3.645443439,-2.07946372,1
1487,801,-3.096437454,-2.801871777,1
1487,833,-2.480872393,-2.18601656,1
1487,865,-2.050610542,-1.682551622,1
1487,897,-1.390666246,-2.011973381,1
1487,929,-0.4873406291,-2.872780085,1
1487,961,0.1839616299,-2.337368965,1
1487,993,0.5393097401,-2.421574354,1
1487,1025,-0.4355407953,-1.977808833,1
1487,1057,-1.93445313,-2.594121695,1
1487,1089,-2.723993778,-2.28844595,1
1487,1121,-2.083895683,-1.393432379,1
1487,1153,-1.662767887,-0.9850103855,1
1487,1185,-2.31482482,-0.5998079777,1
1487,1217,-3.35179019,-0.544481039,1
1487,1249,-4.034374714,-1.824667573,1
1487,1281,-4.264889717,-1.353798628,1
1487,1313,12.31945896,5.32886219,1
1487,1345,-0.6268157959,-1.494921446,1
1487,1377,-1.74773407,-1.880090952,1
1487,1409,-1.89362216,-1.76028347,1
1487,1441,-2.009439468,-2.06739521,1
1487,1473,-1.847319484,-1.730127335,1
1487,1505,-1.450207353,-3.141817808,1
1487,1537,-1.238978624,-3.25813508,1
1487,1569,-1.160392761,-3.027479649,1
1487,1601,-1.555541992,-4.553126335,1
1487,1633,-1.928628445,-5.131635189,1
1487,1665,-2.539780617,-4.461909294,1
1487,1697,-1.708287001,-4.438869476,1
1487,1729,-1.872619987,-3.522328377,1
1487,1761,-3.101347923,-2.799377918,1
1487,1793,-1.174591303,-0.4273126125,1
1487,1825,-0.6245028377,0.09623110294,1
1487,1857,0.3724610209,-0.6963708401,1
1487,1889,-1.204453707,-1.171228647,1
1487,1921,-1.469080687,-1.354846835,1
1487,1953,-0.7693626285,-1.41377306,1
1487,1985,-0.8610566258,-1.595991135,1
1487,2017,-1.2941854,-0.4534128308,1
1519,33,1.941322684,2.191318989,1
1519,65,-4.303283691,-4.854186535,1
1519,97,-1.8319242,-2.14861846,1
1519,129,-1.121020079,-1.189652801,1
1519,161,-0.06826114655,-1.66731143,1
1519,193,-0.60382092,-1.714439154,1
1519,225,-1.15939939,-0.9094014168,1
1519,257,-0.9141224623,-0.941042304,1
1519,289,-0.1234943867,-1.089870691,1
1519,321,0.282461375,-1.624427557,1
1519,353,0.05978247523,-1.495796442,1
1519,385,-0.2567218542,-0.4642711878,1
1519,417,-1.123376489,-1.198915482,1
1519,449,-1.105121851,-3.206442595,1
1519,481,-1.258590937,-4.260456562,1
1519,513,-1.488634706,-4.859014511,1
1519,545,-2.019477606,-2.916815758,1
1519,577,-2.742885113,-5.816215515,1
1519,609,-2.370418549,-3.214046478,1
1519,641,-2.409760237,-1.070718288,1
1519,673,-3.587305546,-2.142985344,1
1519,705,-3.137491703,-1.969097018,1
1519,737,-2.49199152,-3.356195688,1
1519,769,-3.048173189,-3.416739225,1
1519,801,-5.48063755,-3.043972254,1
1519,833,-2.765830278,-3.164129734,1
1519,865,-1.555701852,-3.104264021,1
1519,897,-1.04528892,-2.668896437,1
1519,929,0.1440914869,-2.565220833,1
1519,961,0.6457040906,-1.734133244,1
1519,993,-0.1966588497,-0.9244817495,1
1519,1025,-0.8364350796,-1.021204472,1
1519,1057,-1.31385994,-1.632043242,1
1519,1089,-1.566704392,-0.937520206,1
1519,1121,-1.493497968,-0.03665339947,1
1519,1153,-2.119533062,-0.3774318695,1
1519,1185,-3.316409111,-0.9967722893,1
1519,1217,-3.655447721,-0.9335488081,1
1519,1249,-3.331206083,-1.520775795,1
1519,1281,-4.267334938,-1.530703664,1
1519,1313,-6.479712963,-0.8483177423,1
1519,1345,-6.169635773,-1.387963414,1
1519,1377,-4.131348133,-2.452769756,1
1519,1409,-3.469609737,-2.113825798,1
1519,1441,-2.766813278,-0.5521068573,1
1519,1473,-1.336851835,-1.331798077,1
1519,1505,-0.4532818794,-4.501977921,1
1519,1537,-1.078118682,-5.154271603,1
1519,1569,-1.098740458,-3.01128149,1
1519,1601,-0.845078826,-4.009741306,1
1519,1633,-0.7537480593,-4.925247669,1
1519,1665,-0.8550565243,-4.39431572,1
1519,1697,-0.9648789167,-5.48868084,1
1519,1729,-0.9989233017,-4.049738884,1
1519,1761,-0.1792294979,-1.176612377,1
1519,1793,0.09158223867,0.03282648325,1
1519,1825,-20.35613251,3.001976252,1
1519,1857,-1.191504955,-0.9491472244,1
1519,1889,-1.146581888,-1.809022188,1
1519,1921,-1.331091285,-2.249772072,1
1519,1953,-1.442599297,-1.8895818,1
1519,1985,-1.404952526,-1.781535029,1
1519,2017,-0.7759162188,-0.5768903494,1
1551,33,-0.9415775537,2.602126122,1
1551,65,-1.802397609,-3.781081915,1
1551,97,-1.609302402,-2.372858047,1
1551,129,-0.9357286692,-1.240220189,1
1551,161,-0.5626516938,-1.907293558,1
1551,193,-0.3216277361,-1.680262685,1
1551,225,-0.5448201299,-1.137844682,1
1551,257,-0.5681549907,-1.028321981,1
1551,289,-0.2100537121,-1.859801888,1
1551,321,0.00151476264,-3.880552769,1
1551,353,0.1579992771,-2.284739733,1
1551,385,-0.3774674535,-1.445890903,1
1551,417,-0.6893650293,-1.91902709,1
1551,449,-0.9090820551,-3.364393711,1
1551,481,-0.8016133308,-4.307877541,1
1551,513,-1.056247234,-4.346606255,1
1551,545,-2.757371426,-3.086410761,1
1551,577,-2.761019945,-4.952616692,1
1551,609,-2.673892021,-3.253221989,1
1551,641,-3.881121874,-2.721008062,1
1551,673,-5.78708744,-2.599624634,1
1551,705,-3.233283043,-2.581953526,1
1551,737,-2.341578245,-4.436442852,1
1551,769,-2.61175561,-3.24763751,1
1551,801,-3.362011194,-2.545517921,1
1551,833,-2.963133574,-3.606734514,1
1551,865,-1.169251204,-3.727166176,1
1551,897,-1.032598615,-2.405436754,1
1551,929,-0.4763178825,-1.649201989,1
1551,961,-0.4485800266,-0.8534965515,1
1551,993,-2.302395344,-0.9646058083,1
1551,1025,-1.977505445,-1.042813063,1
1551,1057,-1.044865608,-1.517162085,1
1551,1089,-0.9490234852,-0.1909228563,1
1551,1121,-1.658604622,1.1027565,1
1551,1153,-2.18425107,0.04359978437,1
1551,1185,-2.644605875,-1.061691165,1
1551,1217,-2.920565367,-0.9398161173,1
1551,1249,-2.616897583,-1.156850815,1
1551,1281,-3.551717997,-1.07870841,1
1551,1313,-6.151967049,0.001066505909,1
1551,1345,-6.760354996,0.7313935757,1
1551,1377,-5.675757885,-0.4302711487,1
1551,1409,-4.215436459,-1.156018972,1
1551,1441,-3.666403294,0.01019966602,1
1551,1473,-3.021256208,-1.531005979,1
1551,1505,-1.925829172,-4.099527359,1
1551,1537,-2.293980122,-5.896948814,1
1551,1569,-2.956004143,-4.300815582,1
1551,1601,-1.215071082,-3.905142784,1
1551,1633,-0.9566743374,-3.934564114,1
1551,1665,-1.381683826,-3.993837833,1
1551,1697,-0.9658972621,-4.020450592,1
1551,1729,-1.044072986,-5.056669235,1
1551,1761,-0.4051027298,-1.560528278,1
1551,1793,-0.49906075,-0.1172664165,1
1551,1825,-0.5840339065,-0.4990512133,1
1551,1857,-0.6414467096,-1.37054038,1
1551,1889,-0.536010623,-2.250582218,1
1551,1921,-1.438178301,-2.472401619,1
1551,1953,-2.088305473,-2.444692135,1
1551,1985,-1.614808559,-2.181889296,1
1551,2017,-0.2704143524,-0.1017240286,1
1583,33,-1.352488756,2.909694672,1
1583,65,-0.9475012422,-3.625604391,1
1583,97,-1.475821257,-3.733448505,1
1583,129,-0.746334374,-2.2240417,1
1583,161,-0.1440602541,-1.58547473,1
1583,193,-0.1815779358,-1.60410583,1
1583,225,-0.3588496447,-1.632209659,1
1583,257,-0.2725679874,-1.825296164,1
1583,289,0.3301658034,-2.711956501,1
1583,321,0.4729505181,-4.673344612,1
1583,353,-0.3289501667,-3.68366456,1
1583,385,-0.9902089834,-3.662867308,1
1583,417,-1.434533119,-4.36100769,1
1583,449,-0.7476478219,-4.234357357,1
1583,481,-0.5915245414,-4.498610497,1
1583,513,-0.8482305408,-4.276377678,1
1583,545,-1.775333285,-3.514760733,1
1583,577,-2.622541428,-1.76685524,1
1583,609,-7.283234596,-17.97414017,1
1583,641,-4.872245312,-0.3536467552,1
1583,673,-5.770465851,-0.9261443615,1
1583,705,-4.873931408,-1.012432575,1
1583,737,-11.39364052,-18.39560699,1
1583,769,9.187774658,-10.09794044,1
1583,801,-2.379171133,-1.999000072,1
1583,833,-2.938507318,-2.985887766,1
1583,865,-2.390051126,-4.058463097,1
1583,897,-1.382388115,-1.723577023,1
1583,929,-1.018418312,-0.3978307247,1
1583,961,-1.205757499,0.5879691243,1
1583,993,-2.099080563,-0.6719237566,1
1583,1025,-0.3652478456,-10.9542141,1
1583,1057,-0.3125529289,-11.3035965,1
1583,1089,-2.003248215,0.4051698446,1
1583,1121,-3.059892178,0.8734339476,1
1583,1153,-2.940526724,-0.05147074163,1
1583,1185,-2.413440228,-0.685125351,1
1583,1217,-2.298279762,-0.5795231462,1
1583,1249,-4.598478317,-2.131803036,1
1583,1281,-3.526072502,-3.187764406,1
1583,1313,-3.874347925,3.877660513,1
1583,1345,-5.388085842,2.689085484,1
1583,1377,-5.759013653,-0.02320751548,1
1583,1409,-4.382723331,-0.6864491105,1
1583,1441,-3.525523186,0.9089636803,1
1583,1473,-1.818835258,-1.09669733,1
1583,1505,-2.836755991,-3.498275757,1
1583,1537,-4.405451775,-6.135744095,1
1583,1569,-4.924153328,-7.544687271,1
1583,1601,-1.366813898,-5.472199917,1
1583,1633,-1.294799089,-4.103704929,1
1583,1665,-1.078526497,-3.347378731,1
1583,1697,-2.636327028,-3.95605588,1
1583,1729,0.7365692854,13.69808483,1
1583,1761,-0.2887100577,-3.551237583,1
1583,1793,-0.6756892204,-1.186099887,1
1583,1825,-0.4163681567,-0.3779387474,1
1583,1857,-0.1849948168,-2.82972908,1
1583,1889,-0.2137204409,-2.346865177,1
1583,1921,-1.384368539,-2.432232618,1
1583,1953,-3.618088722,-3.116382122,1
1583,1985,5.581550121,-19.44878197,1
1583,2017,-0.2865466774,-0.1141568422,1
1615,33,-1.233394861,3.049435616,1
1615,65,-0.3073591292,-3.131904364,1
1615,97,-0.5013694763,-3.445132971,1
1615,129,-0.209910959,-3.328830242,1
1615,161,0.1630479693,-1.45891118,1
1615,193,-0.3253214657,-3.457656622,1
1615,225,-0.05230608582,-2.018680573,1
1615,257,0.4258700609,-2.445014954,1
1615,289,1.359079242,-2.955079556,1
1615,321,1.156214476,-3.698016882,1
1615,353,0.130472675,-4.560233116,1
1615,385,-0.7982993126,-4.638214111,1
1615,417,-1.89045763,-4.352378845,1
1615,449,-0.810179472,-4.444059372,1
1615,481,-0.3121435046,-4.637177467,1
1615,513,-0.5435369015,-4.246898174,1
1615,545,-0.5951581001,1.052615166,1
1615,577,-0.002115726471,-0.1541666985,1
1615,609,-0.2486524582,1.439474106,1
1615,641,-12.77826691,5.549873352,1
1615,673,-8.404762268,9.940924644,1
1615,705,-15.88241863,6.710597992,1
1615,737,-4.180812836,-4.55410099,1
1615,769,-1.094106674,-2.993162394,1
1615,801,0.3687082529,-2.596507788,1
1615,833,-0.8018893003,-0.8563039303,1
1615,865,-0.6779528856,-1.399529099,1
1615,897,-0.2770779133,-1.298674583,1
1615,929,-0.8555361032,0.2962441444,1
1615,961,-1.128404379,0.9095309973,1
1615,993,-1.350192785,0.3454011083,1
1615,1025,-1.410979629,-1.561229944,1
1615,1057,-0.05904495716,-1.630762219,1
1615,1089,-1.243121982,0.03730976582,1
1615,1121,-1.670382977,-0.0551532805,1
1615,1153,-2.342245102,-0.1813000143,1
1615,1185,-2.331603289,-0.4061896801,1
1615,1217,-1.149091959,-0.3724989295,1
1615,1249,-2.626859188,-0.2348918915,1
1615,1281,-1.7800349,0.03223121166,1
1615,1313,-2.046702385,3.719920874,1
1615,1345,-2.314930916,1.04991281,1
1615,1377,-2.643549919,0.4188040495,1
1615,1409,-2.684869289,0.5623463988,1
1615,1441,-2.145196438,0.9864637852,1
1615,1473,-0.9711936712,-0.3653414249,1
1615,1505,-0.1524950266,-1.620784283,1
1615,1537,-0.4122283459,-6.789923191,1
1615,1569,-0.3398954868,-9.022712708,1
1615,1601,0.6516127586,-5.063136101,1
1615,1633,-3.001499176,-6.798548222,1
1615,1665,-1.293554306,-4.603317738,1
1615,1697,-3.057347536,-3.82738018,1
1615,1729,-6.119280338,-3.785819769,1
1615,1761,-4.569236755,-3.853177309,1
1615,1793,-0.776922822,-1.072762609,1
1615,1825,-0.697234571,-0.8892569542,1
1615,1857,-0.4712607861,-1.752254725,1
1615,1889,-0.2219266891,-1.785273433,1
1615,1921,-1.02237761,-2.182230234,1
1615,1953,-2.918319225,-2.856166601,1
1615,1985,-1.406125903,-2.350863457,1
1615,2017,-0.2836050391,-0.3913872242,1
1647,33,-0.7017422915,2.559813261,1
1647,65,-0.2692980468,-1.316223621,1
1647,97,0.2228806317,-1.854018331,1
1647,129,-0.09181784838,-2.421864748,1
1647,161,-0.04313988611,-2.049357891,1
1647,193,-0.1625416875,-3.497414112,1
1647,225,0.1906649768,-1.223009706,1
1647,257,0.8381280899,-2.645222664,1
1647,289,0.5991799831,-2.920413017,1
1647,321,0.3369687498,-3.31230998,1
1647,353,0.5770981312,-4.487066269,1
1647,385,-0.006712317467,-3.454191208,1
1647,417,-0.4387716651,-3.44157958,1
1647,449,-0.02578167617,-3.75205946,1
1647,481,-0.2256835252,-3.987103701,1
1647,513,-4.117463112,-5.212840557,1
1647,545,-0.3766044974,0.3444600105,1
1647,577,-9.715560913,15.63693428,1
1647,609,0.5699195862,13.69960594,1
1647,641,-13.6558857,4.384590626,1
1647,673,-16.78917694,-18.63750076,1
1647,705,-3.664487839,-3.872269392,1
1647,737,-2.538387775,-4.208420753,1
1647,769,-0.7515031695,-2.65210104,1
1647,801,2.92143321,-4.65704155,1
1647,833,1.003447056,-1.03652668,1
1647,865,0.9002684951,-0.7715215683,1
1647,897,1.019739985,-0.6322994828,1
1647,929,-0.1569230556,0.2945447266,1
1647,961,-0.9336126447,0.5836024284,1
1647,993,-1.220750332,0.7349224687,1
1647,1025,-1.01151967,0.2175882459,1
1647,1057,-0.4529497623,0.01041722298,1
1647,1089,-0.7258652449,-0.3063319325,1
1647,1121,-1.427737713,-0.3464052379,1
1647,1153,-2.294525623,-0.5321497917,1
1647,1185,-1.524765611,-0.6267983913,1
1647,1217,-0.4841103554,-0.3643243313,1
1647,1249,-1.072185516,0.8903522491,1
1647,1281,-0.9469947815,4.614486694,1
1647,1313,-0.1744055748,3.136933088,1
1647,1345,-1.431494236,0.5578513145,1
1647,1377,-2.160734653,0.7950023413,1
1647,1409,-2.454325676,1.016269326,1
1647,1441,-1.657987952,0.605946064,1
1647,1473,-0.8747851849,0.1468273997,1
1647,1505,-0.1142094135,-0.9905883074,1
1647,1537,1.590692043,-4.580039978,1
1647,1569,4.297517776,-6.856612206,1
1647,1601,1.901328444,-4.09553051,1
1647,1633,-0.218506217,-4.958725929,1
1647,1665,-2.761910915,-4.503866196,1
1647,1697,-2.013183594,-4.856607437,1
1647,1729,-4.411142349,-5.197793961,1
1647,1761,-6.813586235,-1.913098574,1
1647,1793,-5.131245136,-2.506313324,1
1647,1825,-2.442191601,-3.797082663,1
1647,1857,-0.9803102612,-1.450949073,1
1647,1889,-0.8433065414,-1.829310298,1
1647,1921,-0.9178776741,-1.965569019,1
1647,1953,-0.8792424202,-1.472711444,1
1647,1985,-0.9059501886,-1.359529734,1
1647,2017,-6.88264513,-0.3832798004,1
1679,33,-0.3493427038,1.544135332,1
1679,65,-0.2664144039,-0.1513929367,1
1679,97,-0.1982322335,-0.9361953139,1
1679,129,-0.2935807109,-1.730332017,1
1679,161,-0.2533187866,-1.109167337,1
1679,193,-0.1206517667,-0.5022712946,1
1679,225,0.2016994059,-1.399553418,1
1679,257,0.7780559063,-6.143817902,1
1679,289,0.4001122117,-2.515878677,1
1679,321,0.2223747075,-2.118754148,1
1679,353,0.09897270054,-1.561929703,1
1679,385,0.1990096271,-1.890166759,1
1679,417,-0.03333893418,-2.280838013,1
1679,449,0.1949771643,-2.67843008,1
1679,481,0.2342684567,-2.749082088,1
1679,513,0.0974881649,-2.340670109,1
1679,545,0.0039716959,-2.318045139,1
1679,577,-2.232448101,-2.639299631,1
1679,609,14.17503071,5.264543533,1
1679,641,-3.463400364,-5.431547642,1
1679,673,-4.086399078,-4.859862328,1
1679,705,-4.66509676,-1.565304279,1
1679,737,-1.10973537,-1.325238466,1
1679,769,0.2312172055,-2.188139915,1
1679,801,0.8182199597,-1.804914594,1
1679,833,0.5782244205,-0.6985250115,1
1679,865,0.8533824086,0.02629989386,1
1679,897,0.8105894327,0.6056413651,1
1679,929,-0.119964093,0.8970997334,1
1679,961,-1.161991835,0.7981427908,1
1679,993,-2.543419838,0.8216109872,1
1679,1025,-2.033072948,0.1373419762,1
1679,1057,-2.136778116,-0.1837753356,1
1679,1089,-2.177656412,-0.3894149363,1
1679,1121,-1.809726954,-0.3458906114,1
1679,1153,-1.42234695,-0.1081848443,1
1679,1185,-0.6220347881,-0.1091952771,1
1679,1217,-0.9672211409,0.6185509562,1
1679,1249,-3.354958534,1.560363054,1
1679,1281,-1.079470396,5.513123512,1
1679,1313,-0.06330776215,2.838431597,1
1679,1345,-1.166404009,1.76997447,1
1679,1377,-2.218252659,1.170935869,1
1679,1409,-2.270906448,0.9642055035,1
1679,1441,-1.667225838,0.7581275702,1
1679,1473,-1.062019467,-0.03248214722,1
1679,1505,-0.298040688,-0.7956679463,1
1679,1537,0.6830815077,-1.710445166,1
1679,1569,0.1442874372,0.1667947769,1
1679,1601,0.1499675512,-2.707011223,1
1679,1633,-1.332593918,-4.762918949,1
1679,1665,-3.265632153,-3.898857117,1
1679,1697,-3.373983622,-1.445467472,1
1679,1729,1.462919831,14.26284504,1
1679,1761,-0.3599100113,0.3656847477,1
1679,1793,-1.240674019,-0.9063390493,1
1679,1825,-1.988324642,-5.284018993,1
1679,1857,-0.7427770495,-1.671691656,1
1679,1889,-0.6874210835,-2.382366896,1
1679,1921,-0.5187449455,-2.403294325,1
1679,1953,-0.5448855758,-2.600741863,1
1679,1985,-0.730661273,-2.753672361,1
1679,2017,-0.3530088067,-0.1934475899,1
1711,33,0.08609424531,0.5394816995,1
1711,65,0.1132057831,0.1900263727,1
1711,97,0.003009334207,0.05726785958,1
1711,129,-0.3609191179,-0.4075853825,1
1711,161,-0.3020958304,-0.2272973061,1
1711,193,0.05897731334,-0.3825365305,1
1711,225,0.9908970594,-4.59510994,1
1711,257,-1.041552067,-5.695257187,1
1711,289,-0.5574029684,-1.040359616,1
1711,321,-0.05792047083,-1.541317105,1
1711,353,-0.07342610508,-1.237341881,1
1711,385,0.09682418406,-1.302531004,1
1711,417,0.2446762472,-1.791140079,1
1711,449,0.3963720798,-1.540014982,1
1711,481,0.7020660043,-1.49341464,1
1711,513,0.8688387275,-2.072638512,1
1711,545,0.5175875425,-2.002760887,1
1711,577,-2.651955605,-3.515113115,1
1711,609,-8.141091347,-17.59005165,1
1711,641,13.48719311,5.51069355,1
1711,673,-1.04025507,-5.117283821,1
1711,705,-0.8583043814,-1.776939034,1
1711,737,0.3257474899,-1.020660162,1
1711,769,0.1050765514,-2.366664886,1
1711,801,-0.01492731273,-1.398503065,1
1711,833,-0.1435325146,-0.4159964025,1
1711,865,0.03348174691,0.2570623457,1
1711,897,0.79840976,1.015159249,1
1711,929,-0.4012468457,1.973745584,1
1711,961,-1.105505466,1.943408251,1
1711,993,-1.994592667,0.3589969575,1
1711,1025,-2.09833169,-0.5628988743,1
1711,1057,-2.712612629,-1.039274693,1
1711,1089,-3.317676544,-0.2835136056,1
1711,1121,-1.888759255,-0.1914584041,1
1711,1153,-0.7762788534,-0.3052584529,1
1711,1185,-1.147142053,0.006285265088,1
1711,1217,-1.399145484,0.8435666561,1
1711,1249,-1.23686564,1.405800462,1
1711,1281,-1.102786779,1.373847961,1
1711,1313,-2.064520359,1.737499475,1
1711,1345,-3.031235933,4.261904716,1
1711,1377,-2.878282309,3.637083054,1
1711,1409,-1.209461808,1.073681831,1
1711,1441,-0.7829345465,0.3237448335,1
1711,1473,-0.6145876646,-0.06688602269,1
1711,1505,-0.1600853503,-0.6241311431,1
1711,1537,0.04364217818,-1.554021597,1
1711,1569,-0.2523256242,-4.402358532,1
1711,1601,-0.7237442136,-2.12675333,1
1711,1633,-1.838289499,-3.699360847,1
1711,1665,-3.900428057,-2.993247986,1
1711,1697,-1.624001622,-0.7075023651,1
1711,1729,-0.7158365846,0.0728867054,1
1711,1761,-0.4453855157,-0.2708185911,1
1711,1793,-0.8371917009,-0.4918721914,1
1711,1825,-1.002748489,-1.466291428,1
1711,1857,0.6786745787,-4.386996746,1
1711,1889,1.358186245,-3.637497187,1
1711,1921,-0.5644142032,-4.6748209,1
1711,1953,-0.9119561315,-3.385544777,1
1711,1985,-0.1102387458,-1.491463423,1
1711,2017,0.1884448677,-0.1005467176,1
1743,33,0.2076617479,-0.02480959892,1
1743,65,0.1128319055,0.3694054782,1
1743,97,-0.0324626416,0.5191920996,1
1743,129,-0.2078923732,0.08675181866,1
1743,161,-0.1669046581,-0.3303160071,1
1743,193,-0.09708619118,-0.6176118851,1
1743,225,-0.2978291512,-1.672074795,1
1743,257,-1.038624763,-1.391051292,1
1743,289,-0.8653134108,-0.6157301664,1
1743,321,-0.0798817873,-1.71029985,1
1743,353,-0.02840059996,-1.641669631,1
1743,385,-0.1032864526,-1.144379258,1
1743,417,-0.03644138575,-1.559906363,1
1743,449,0.3078882992,-1.335107088,1
1743,481,0.7962112427,-1.154786587,1
1743,513,0.8692723513,-1.444494009,1
1743,545,0.7644565105,-0.7271556854,1
1743,577,0.4116461873,-0.7238305807,1
1743,609,-5.071202278,-9.358797073,1
1743,641,-3.600916862,-5.941171169,1
1743,673,-0.2314082384,-1.038218975,1
1743,705,0.7685747147,-1.722511172,1
1743,737,0.6474196911,-1.043552637,1
1743,769,-0.01274367422,-2.620257139,1
1743,801,-0.6030440331,-1.079315901,1
1743,833,-0.8866655827,0.2655856609,1
1743,865,-0.9279829264,1.141501784,1
1743,897,-0.8173874021,0.7795309424,1
1743,929,-0.669036746,0.5668263435,1
1743,961,-0.8683345318,1.103969693,1
1743,993,-1.353435636,-0.6639916301,1
1743,1025,-0.9640214443,-1.446249485,1
1743,1057,-1.687143445,-0.7112207413,1
1743,1089,-1.619538426,0.5745882988,1
1743,1121,-0.4350596666,-0.4600071609,1
1743,1153,-0.7698233724,-1.162702203,1
1743,1185,-1.132418633,-1.213359475,1
1743,1217,-1.211843371,-0.1703810394,1
1743,1249,-0.707378149,0.5550633669,1
1743,1281,-0.8537551165,0.4804588556,1
1743,1313,-2.474965572,-0.03227365017,1
1743,1345,-3.099986553,2.827685356,1
1743,1377,-2.472062111,3.135386467,1
1743,1409,-1.249012232,1.003689289,1
1743,1441,-0.874937892,0.2347661257,1
1743,1473,-1.097646952,-0.0259398222,1
1743,1505,-0.7483530045,0.1220927536,1
1743,1537,-0.1144976616,-0.5951526165,1
1743,1569,-0.5341160297,-4.452853203,1
1743,1601,-0.7802844048,-4.069594383,1
1743,1633,-1.01617837,-2.025366068,1
1743,1665,-0.7149096727,-1.595318437,1
1743,1697,-0.06044530869,-0.09405326843,1
1743,1729,0.6609048843,-1.491266966,1
1743,1761,0.5673346519,-3.104001045,1
1743,1793,-0.4379578829,-2.734346628,1
1743,1825,-1.132198691,-3.449257135,1
1743,1857,0.3156575561,-4.851909637,1
1743,1889,0.4472200871,-5.623784542,1
1743,1921,-0.006944000721,-1.328127742,1
1743,1953,-0.5495998859,-1.665573359,1
1743,1985,-0.4213744998,-0.6865707636,1
1743,2017,-0.3119684458,-0.3451623917,1
1775,33,-0.007122173905,0.1296011209,1
1775,65,-0.1603506207,0.2895668745,1
1775,97,-0.3373593092,0.3944733739,1
1775,129,0.004518836737,0.1228365302,1
1775,161,0.02057611942,-0.5808976889,1
1775,193,-0.3930886686,-0.9428879023,1
1775,225,-0.5276207328,-1.046608806,1
1775,257,-0.5361824632,-1.076302886,1
1775,289,-0.3779292107,-0.4573144913,1
1775,321,0.4853082299,-1.453160644,1
1775,353,0.7508466244,-1.84484148,1
1775,385,-0.1891428828,-1.259901524,1
1775,417,-0.8792881966,-0.9602056742,1
1775,449,-0.2128606439,-1.10415864,1
1775,481,0.7324768901,-0.8446154594,1
1775,513,0.8318603635,-0.3183258772,1
1775,545,0.7422511578,-0.04933547974,1
1775,577,0.3438811302,-0.4839931726,1
1775,609,-0.3865113258,-0.6423290968,1
1775,641,-0.4913202524,-0.1779835224,1
1775,673,-0.1800852418,-0.2424849272,1
1775,705,0.5454359055,-0.3484692574,1
1775,737,1.981600165,-0.6073086858,1
1775,769,0.3481534123,-4.232840538,1
1775,801,-0.4393445551,-3.474333763,1
1775,833,-0.5221714973,-0.2782295048,1
1775,865,-0.6205090284,1.073167324,1
1775,897,-1.300254464,0.4388638139,1
1775,929,-1.491030216,-0.1504264772,1
1775,961,-0.959625721,-0.03573954105,1
1775,993,-1.491880059,-3.758130074,1
1775,1025,-0.6422227621,-3.928385258,1
1775,1057,-0.8992543221,-0.670063138,1
1775,1089,-1.554483294,1.396460533,1
1775,1121,-0.4831438065,0.08829674125,1
1775,1153,-0.7537587881,0.2220458984,1
1775,1185,-0.9526435137,-0.1907728463,1
1775,1217,-0.9705010056,-0.1965466589,1
1775,1249,-0.9037558436,0.4956250787,1
1775,1281,-0.8251794577,-0.04537366331,1
1775,1313,-0.9147166014,-0.0468852222,1
1775,1345,-0.4411209822,0.8138025999,1
1775,1377,-0.3896067142,1.6019274,1
1775,1409,-0.6960198879,0.7959797382,1
1775,1441,-1.681641817,0.1594675481,1
1775,1473,-1.32881856,-0.3524944484,1
1775,1505,-0.9416667819,-0.3124412298,1
1775,1537,-0.6725533009,-0.7046675682,1
1775,1569,-0.8460903168,-2.869423866,1
1775,1601,-1.229442954,-5.674827576,1
1775,1633,-0.6661917567,-1.643349051,1
1775,1665,-0.2361988425,0.5297988057,1
1775,1697,-0.316385746,0.5978252888,1
1775,1729,0.7607103586,-3.578556299,1
1775,1761,1.316794395,-4.128665447,1
1775,1793,0.5024656057,-4.478700638,1
1775,1825,0.1409475505,-4.730481148,1
1775,1857,0.3524562716,-3.560831308,1
1775,1889,0.4438871443,-4.94878912,1
1775,1921,0.3174955249,-1.282388687,1
1775,1953,-0.0472805053,-1.233698726,1
1775,1985,-0.448369503,-0.4215759933,1
1775,2017,-0.6104463339,-0.2139235735,1
1807,33,0.2381148636,0.134122014,1
1807,65,-0.4001795352,0.4724132419,1
1807,97,-0.7318149805,0.3571775854,1
1807,129,-0.3211579323,-0.2075911313,1
1807,161,-0.3112870753,-0.9357067943,1
1807,193,-0.7932754755,-1.237535715,1
1807,225,-0.5734614134,-1.305042982,1
1807,257,-0.1503025889,-1.295265913,1
1807,289,0.2114417851,-1.256086946,1
1807,321,0.5855231881,-1.658697009,1
1807,353,0.3167272806,-2.038866758,1
1807,385,4.331029892,-4.508036613,1
1807,417,-0.3189825416,-1.213204741,1
1807,449,0.6594429016,-1.321885347,1
1807,481,1.102479696,-0.8312090039,1
1807,513,0.6940172315,-0.05715751648,1
1807,545,0.7624679208,-0.07583785057,1
1807,577,0.2178310901,0.01856252551,1
1807,609,-0.4015550613,-0.413505733,1
1807,641,-0.5210287571,-0.4993623495,1
1807,673,-0.1698527932,-0.357822746,1
1807,705,0.1684598327,-1.478620052,1
1807,737,0.3622276783,-0.4848505259,1
1807,769,0.2165624052,-0.0107833147,1
1807,801,-0.1835692376,-1.087336302,1
1807,833,-0.5139064789,-0.7651652098,1
1807,865,-0.9602162242,0.03329080343,1
1807,897,-1.579879761,-0.4739761949,1
1807,929,-1.848645329,-0.8538296223,1
1807,961,-1.264860272,-1.094591856,1
1807,993,-1.211751461,-3.463126898,1
1807,1025,-0.03033840656,-5.088053226,1
1807,1057,1.257754326,-4.722472191,1
1807,1089,-1.157476425,0.05541646481,1
1807,1121,-3.33301115,0.01026248932,1
1807,1153,-1.373509526,0.3828063011,1
1807,1185,-0.9018036127,0.2946870327,1
1807,1217,-0.8367140293,0.1552546918,1
1807,1249,-0.6286549568,0.04988452792,1
1807,1281,-0.5925188661,-0.06629265845,1
1807,1313,-0.1349867582,0.2829426229,1
1807,1345,0.1162180901,1.097284675,1
1807,1377,-0.1528915167,1.634921789,1
1807,1409,0.07255208492,0.3937348127,1
1807,1441,-0.354454875,0.4144101739,1
1807,1473,-0.6324397326,-0.13947469,1
1807,1505,-0.3477585316,-1.027388573,1
1807,1537,-0.3465087414,-1.369851351,1
1807,1569,-0.8144196272,-1.784741879,1
1807,1601,-1.441421628,-3.46849823,1
1807,1633,-0.7308671474,-1.277632236,1
1807,1665,-0.7060776353,0.3081029058,1
1807,1697,-1.206893444,0.04319345951,1
1807,1729,-0.7369422913,-2.01383853,1
1807,1761,1.03007555,-4.509910583,1
1807,1793,0.6408966184,-5.237550735,1
1807,1825,0.4040710032,-2.939045906,1
1807,1857,0.6121886373,-2.632125854,1
1807,1889,0.7808265686,-1.34423852,1
1807,1921,0.6596453786,-0.9479389191,1
1807,1953,0.00463668257,-0.9631620646,1
1807,1985,-0.1581578255,-0.5295056105,1
1807,2017,0.1782568097,-0.1858574152,1
1839,33,0.2728161812,0.01961016655,1
1839,65,-0.3658124208,0.47729972,1
1839,97,-0.3519974947,0.7099548578,1
1839,129,-0.04988652468,-0.08998204768,1
1839,161,-0.5459551811,-1.064914942,1
1839,193,-0.7730764151,-1.077722311,1
1839,225,-0.5849741697,-1.3566643,1
1839,257,-0.2586091459,-1.602912307,1
1839,289,0.07285143435,-1.61171484,1
1839,321,0.08778890967,-1.753511548,1
1839,353,-0.01325979829,-2.047289848,1
1839,385,0.1427212059,-3.12288332,1
1839,417,0.2755713761,-1.295333505,1
1839,449,1.019438624,-1.666733146,1
1839,481,1.142332077,-0.9213390946,1
1839,513,0.9882580042,0.2493011355,1
1839,545,0.6784458756,0.6554504633,1
1839,577,0.2418674082,0.4051518142,1
1839,609,-0.1205633953,-0.287243247,1
1839,641,-0.2953763008,-0.4789274037,1
1839,673,0.02771151066,-0.528532505,1
1839,705,0.4326828122,-0.6876306534,1
1839,737,-0.4708988667,-0.4466427267,1
1839,769,-0.4301837087,0.6428053975,1
1839,801,-0.06262595206,0.03624472022,1
1839,833,-0.7674655318,-0.1321456134,1
1839,865,-0.9981263876,-0.5991559029,1
1839,897,-1.616725564,-0.8964678049,1
1839,929,-1.800605655,-0.8021364212,1
1839,961,-1.264126778,-0.6975224018,1
1839,993,-1.054458857,-1.332684636,1
1839,1025,-0.4513972402,-2.900647163,1
1839,1057,-0.04494780302,-2.136595249,1
1839,1089,-0.6302399039,-1.045204639,1
1839,1121,-3.436016083,-0.5183027387,1
1839,1153,-2.539030075,-0.1981979012,1
1839,1185,-1.485400915,-0.02132279053,1
1839,1217,-0.5640166402,0.3291719556,1
1839,1249,0.07166075706,-0.1341355741,1
1839,1281,-0.2508348525,-0.8465915918,1
1839,1313,-0.174587518,1.617565632,1
1839,1345,0.3942601979,1.573654294,1
1839,1377,0.3255307972,0.3169049323,1
1839,1409,0.9067153335,0.6725304723,1
1839,1441,1.009640098,1.26386404,1
1839,1473,-0.06291636825,0.2029464692,1
1839,1505,-0.1919420958,-0.7498618364,1
1839,1537,-0.374135375,-1.175919771,1
1839,1569,-0.928406477,-1.595453978,1
1839,1601,-2.344682455,-2.026455879,1
1839,1633,-1.84752059,-1.064589858,1
1839,1665,-0.6595953703,-0.2349382639,1
1839,1697,-0.7169442773,0.0604147315,1
1839,1729,-0.8010249734,-0.9916350245,1
1839,1761,-0.2476535738,-1.86459446,1
1839,1793,0.01851700246,-2.744209528,1
1839,1825,0.4016531408,-1.731676817,1
1839,1857,0.3951925337,-1.18543601,1
1839,1889,0.1512444019,-0.8291611075,1
1839,1921,0.1204799563,-0.4690133929,1
1839,1953,-0.1535072327,-0.9732233286,1
1839,1985,-0.2025096565,-0.8540410995,1
1839,2017,0.09041519463,-0.2520357966,1
1871,33,-0.1012276188,0.5412507057,1
1871,65,0.02856517583,-0.002028465271,1
1871,97,0.3474138379,0.7283029556,1
1871,129,0.005687624216,-0.1643291116,1
1871,161,-0.5844262838,-0.853361845,1
1871,193,-0.4162316024,-0.664659977,1
1871,225,-0.1452748179,-1.311346412,1
1871,257,-0.2694212794,-1.119179726,1
1871,289,-0.2374434173,-1.227920175,1
1871,321,-0.401578486,-1.614674449,1
1871,353,-1.893166423,-3.669701576,1
1871,385,0.1207618192,-1.429057479,1
1871,417,0.4420256615,-0.4246560335,1
1871,449,0.4907521904,-1.157005072,1
1871,481,0.7104400992,-0.5391643643,1
1871,513,0.8376797438,-0.1294073761,1
1871,545,0.5466927886,0.2368008494,1
1871,577,0.02086940408,-0.1090940833,1
1871,609,-0.0973957926,-0.3013655245,1
1871,641,0.1520121396,-0.4265319109,1
1871,673,0.9513303041,-0.5690646768,1
1871,705,7.186266422,0.7926852703,1
1871,737,9.408185005,-0.06040692329,1
1871,769,6.72316885,-0.1983736455,1
1871,801,0.9773532152,0.04862931371,1
1871,833,-0.003223925829,-0.2269107699,1
1871,865,-0.5142386556,-0.7033721209,1
1871,897,-0.8294926882,-0.6706808805,1
1871,929,-1.212586761,0.07840114832,1
1871,961,-1.246897101,0.1822100878,1
1871,993,-1.26570797,-0.7143495679,1
1871,1025,-0.5812763572,-1.542402506,1
1871,1057,0.6119595766,-0.9581062794,1
1871,1089,-0.1423599422,-0.6910209656,1
1871,1121,-1.615981102,-0.6414202452,1
1871,1153,-2.40510416,-0.1088951379,1
1871,1185,-1.615697861,0.4200661182,1
1871,1217,-0.1011580229,0.3998772204,1
1871,1249,0.6082702875,-0.1533369422,1
1871,1281,-0.2370442003,-0.6006091237,1
1871,1313,-0.7836015224,-0.07408995926,1
1871,1345,-0.4672136903,-0.412991643,1
1871,1377,-0.05526435375,-0.7334158421,1
1871,1409,0.7374682426,-0.3292809725,1
1871,1441,1.484887004,0.2941291928,1
1871,1473,-0.0662047565,-0.1677764207,1
1871,1505,-1.023862839,-0.4120830595,1
1871,1537,-0.7309325933,-0.2803241014,1
1871,1569,-0.761387825,-1.271696329,1
1871,1601,-2.004391909,-1.783214927,1
1871,1633,-1.57577908,-1.087909818,1
1871,1665,-0.2604929805,-0.1024540067,1
1871,1697,-0.8193294406,0.8077472448,1
1871,1729,-1.903645277,-1.116810322,1
1871,1761,-0.6744235754,-1.407853365,1
1871,1793,-0.03983423114,-1.604557276,1
1871,1825,0.2266018391,-1.288458824,1
1871,1857,-0.04157656431,-0.8171181679,1
1871,1889,-0.9141606688,-0.7538618445,1
1871,1921,-0.08390432596,-0.1944363117,1
1871,1953,-0.0848319605,-0.2736908197,1
1871,1985,-0.1265965998,-0.5625513792,1
1871,2017,-0.2359785289,-0.1534361839,1
1903,33,-0.04700254649,1.027315378,1
1903,65,-0.4441463947,-1.462653875,1
1903,97,-0.3951619267,-0.301070869,1
1903,129,0.06070605665,-0.8034430146,1
1903,161,0.06141305715,-0.8530993462,1
1903,193,-0.1695370674,-0.3913350701,1
1903,225,0.3265243471,-0.6704652309,1
1903,257,0.2941813469,-0.428894043,1
1903,289,-0.02742153406,-1.203665018,1
1903,321,0.0546983853,-4.122516632,1
1903,353,-0.1526644081,-1.496709943,1
1903,385,0.3320786953,-0.7794295549,1
1903,417,0.2327687293,-0.5791357756,1
1903,449,0.1523656845,-1.110939264,1
1903,481,0.3244474232,-0.6587715149,1
1903,513,0.2494948208,-0.5074042082,1
1903,545,0.1508066952,-0.3395876288,1
1903,577,-0.02069380879,-0.5458987355,1
1903,609,-0.03200766444,-0.4071843624,1
1903,641,0.6298612952,-0.8241298199,1
1903,673,5.650661469,-0.7452124357,1
1903,705,0.8020476103,-0.381714195,1
1903,737,16.62214279,-11.2921772,1
1903,769,6.045099258,-1.488721132,1
1903,801,3.71547699,-3.283156872,1
1903,833,1.150732994,-0.920737803,1
1903,865,0.4648652077,-0.2527657747,1
1903,897,-0.6424285769,-0.1473507583,1
1903,929,-1.222903132,-0.1024110317,1
1903,961,-1.580423832,0.1772837937,1
1903,993,-1.054550409,-0.8076217175,1
1903,1025,-0.6777338982,-1.377148747,1
1903,1057,-0.223608613,-0.8518749475,1
1903,1089,-0.2771769464,-0.7291388512,1
1903,1121,-0.5980083346,-0.999520123,1
1903,1153,-0.9105627537,-0.4345400631,1
1903,1185,-0.8345870972,0.2971168756,1
1903,1217,-0.1213650703,0.003890693188,1
1903,1249,0.06803154945,-0.3138980865,1
1903,1281,-0.4036265016,-0.4954262972,1
1903,1313,-0.8378412724,-0.6135141253,1
1903,1345,-1.412616849,-1.001386404,1
1903,1377,-2.10904026,-0.9407753944,1
1903,1409,-0.5380887389,-1.494835258,1
1903,1441,0.3779787421,-0.6402418613,1
1903,1473,-0.4623030424,-1.3054142,1
1903,1505,-1.644063115,-0.7513684034,1
1903,1537,-0.3950914741,0.1399356127,1
1903,1569,-0.3462417722,-0.3245280981,1
1903,1601,-1.476148009,-0.573120892,1
1903,1633,-0.7357640266,-0.9351886511,1
1903,1665,-0.1045569181,-0.7006046176,1
1903,1697,-0.4953215718,-0.483035326,1
1903,1729,-0.9734317064,-0.7098977566,1
1903,1761,-0.3834736347,-0.7423352003,1
1903,1793,-0.07190760225,-0.9602769613,1
1903,1825,0.1261326671,-0.7637194991,1
1903,1857,0.02018071711,-0.5304698348,1
1903,1889,-0.3039968908,-0.5350382328,1
1903,1921,0.007202267647,-0.1964572668,1
1903,1953,0.1028496325,0.07287818193,1
1903,1985,-0.1643739045,0.02003473043,1
1903,2017,-0.1960751861,-0.3870078623,1
1935,33,-0.05084697902,1.224976778,1
1935,65,-0.6513524652,-3.023571014,1
1935,97,-0.1026190519,-1.069056273,1
1935,129,0.2253361642,-0.7934157848,1
1935,161,0.4100935459,-0.7557868958,1
1935,193,0.3217024803,-0.5061383843,1
1935,225,0.687494576,-0.3393514752,1
1935,257,0.791783452,-0.8475162983,1
1935,289,0.4504097104,-0.92570436,1
1935,321,0.496481806,-0.9979724884,1
1935,353,0.6500751972,-1.100618958,1
1935,385,0.4020075798,-0.4704583883,1
1935,417,-0.1940043271,-0.585095048,1
1935,449,-0.1611950397,-0.6624128819,1
1935,481,-0.02390192449,-1.081733108,1
1935,513,0.1100792885,-1.017898202,1
1935,545,0.4011553526,-0.6298648119,1
1935,577,0.2258696407,-1.102606773,1
1935,609,0.2109798342,-1.308477879,1
1935,641,0.70813936,-1.019178867,1
1935,673,0.2422081232,-0.04803097248,1
1935,705,-0.0976601243,0.03739018738,1
1935,737,1.113426685,0.8974595666,1
1935,769,3.587000132,0.02963225543,1
1935,801,5.496722221,-5.069959164,1
1935,833,4.834327698,-9.595272064,1
1935,865,0.5000511408,-0.4605391026,1
1935,897,-0.1941767633,0.04081171751,1
1935,929,-0.5108084679,0.01171308756,1
1935,961,-5.290002346,0.156747371,1
1935,993,-0.7970117927,-0.5582045913,1
1935,1025,-0.6795578003,-0.9048623443,1
1935,1057,-0.7619583607,-0.9842123389,1
1935,1089,-0.8581566215,-1.011071444,1
1935,1121,-0.6090589762,-0.5385743976,1
1935,1153,-0.8148536682,-0.183131665,1
1935,1185,-0.7731922865,-0.134362489,1
1935,1217,-0.6013442278,-0.8220335245,1
1935,1249,-0.2197413743,-0.9529644251,1
1935,1281,-0.0125131011,-0.6331492066,1
1935,1313,-0.6152396798,-0.2276666462,1
1935,1345,-1.098689556,0.1825477779,1
1935,1377,-0.861548543,-0.1201882511,1
1935,1409,0.9574160576,-0.01799565554,1
1935,1441,0.6237748861,0.1587323248,1
1935,1473,-0.6293634176,-1.194622517,1
1935,1505,0.1832534522,-0.7860919237,1
1935,1537,0.4259110093,-0.2282820344,1
1935,1569,0.19879812,-0.1733047366,1
1935,1601,-0.3807804585,-0.09365075827,1
1935,1633,-0.5147329569,-0.3374055624,1
1935,1665,-0.2741957605,-0.7901191711,1
1935,1697,-0.3604850173,-1.106878638,1
1935,1729,-0.5860866308,-0.8415228724,1
1935,1761,-0.2954309881,-0.7463470697,1
1935,1793,0.1829503775,-1.429631472,1
1935,1825,0.5436458588,-0.771338582,1
1935,1857,0.564506948,-0.2462973595,1
1935,1889,0.2542555332,-0.252574265,1
1935,1921,0.1460283995,-0.03448486328,1
1935,1953,0.04607022554,0.2355858684,1
1935,1985,-0.3194676936,0.1195244789,1
1935,2017,-0.3331034184,-0.6500018835,1
1967,33,-0.257466495,0.970797658,1
1967,65,-0.9868408442,-4.358562946,1
1967,97,-0.2486192584,-1.199293613,1
1967,129,-0.1508214176,-0.7128503919,1
1967,161,0.2280476391,-0.6720977426,1
1967,193,0.9044575095,-0.5513144732,1
1967,225,1.51147747,-0.5871893167,1
1967,257,0.8493766189,-0.890363574,1
1967,289,0.6561283469,-0.4273388982,1
1967,321,0.8958011866,-0.414639771,1
1967,353,0.7598179579,-1.090418696,1
1967,385,0.3611499071,-0.8296124935,1
1967,417,-0.4674672484,-0.8275870681,1
1967,449,0.004060834646,-0.3294812441,1
1967,481,0.3946431279,-1.039614201,1
1967,513,0.3529167771,-1.402549744,1
1967,545,0.4446750879,-0.8531136513,1
1967,577,0.7629359961,-1.541988134,1
1967,609,0.7344024181,-2.300054073,1
1967,641,0.9035574198,-1.286428452,1
1967,673,7.113581181,-1.544907451,1
1967,705,0.5991720557,-0.3215104938,1
1967,737,16.94915962,5.379836082,1
1967,769,4.778864384,0.5708659291,1
1967,801,-13.90145493,-14.48366356,1
1967,833,-5.44590807,17.55260086,1
1967,865,0.1451009214,-0.6243140101,1
1967,897,-0.06238389015,0.0492425561,1
1967,929,0.06628191471,0.01588621736,1
1967,961,-5.536187649,-0.1890347004,1
1967,993,-1.009071827,0.3107741475,1
1967,1025,-0.6838496923,-0.4241936207,1
1967,1057,-1.175561547,-1.255934477,1
1967,1089,-1.291539907,-0.9285423756,1
1967,1121,-0.8030524254,-0.1132161319,1
1967,1153,-0.6342869401,0.3475895822,1
1967,1185,-0.2839580774,-0.3974449635,1
1967,1217,0.5101026297,-1.71625483,1
1967,1249,0.7028627396,-1.412880659,1
1967,1281,0.9255203009,-0.9170544147,1
1967,1313,0.4769748449,-0.1196081638,1
1967,1345,0.06305134296,0.2025742829,1
1967,1377,0.418340981,0.1906098872,1
1967,1409,1.296113729,0.3859971762,1
1967,1441,0.8102036119,0.008082300425,1
1967,1473,0.347945869,-1.164433122,1
1967,1505,0.6089111567,-0.5081615448,1
1967,1537,0.5378577709,0.1010794342,1
1967,1569,0.8458378315,-0.3224420846,1
1967,1601,0.4430460632,-0.1610521078,1
1967,1633,-0.5045149326,0.1457822323,1
1967,1665,-0.6181334257,-0.6169334054,1
1967,1697,-0.3867227733,-0.9574490786,1
1967,1729,-0.4962100983,-0.8050704598,1
1967,1761,-0.5276046395,-0.9795238972,1
1967,1793,0.03333255649,-1.49375689,1
1967,1825,0.4278747439,-0.7320005298,1
1967,1857,0.5852903128,-0.08731916547,1
1967,1889,0.29848966,-0.07311534882,1
1967,1921,0.09633457661,-0.410746336,1
1967,1953,-0.07203711569,0.04646009207,1
1967,1985,-0.270530045,0.02422899008,1
1967,2017,0.09558163583,-0.5761241913,1
1999,33,-0.358956635,-0.2718738317,1
1999,65,-3.902932167,-3.528408289,1
1999,97,-3.398611784,-2.668313026,1
1999,129,-1.072734356,-1.202972054,1
1999,161,-0.1663701534,-1.044988155,1
1999,193,0.6425487995,-0.8684891462,1
1999,225,1.47661984,-0.5989726186,1
1999,257,1.173686862,-0.5781658292,1
1999,289,1.008072019,-0.06128525734,1
1999,321,1.328964233,-2.881286621,1
1999,353,0.1170195937,-1.593505263,1
1999,385,-0.3913166225,-1.144649506,1
1999,417,-0.488850385,-0.9589724541,1
1999,449,0.4045915008,-0.4521870613,1
1999,481,0.967258215,-1.240401149,1
1999,513,1.209590912,-1.536564469,1
1999,545,1.082682848,-0.9232147932,1
1999,577,0.8471235037,-1.201985598,1
1999,609,0.9206671119,-2.004632473,1
1999,641,0.9954570532,-2.180958748,1
1999,673,2.606992722,-3.411541939,1
1999,705,2.243724108,-5.030446529,1
1999,737,0.05446106195,-3.045000315,1
1999,769,0.9567856193,-2.243148804,1
1999,801,1.182641149,-2.062547207,1
1999,833,0.8725580573,-2.021776199,1
1999,865,1.934395075,-4.408079624,1
1999,897,0.3925315142,-0.5206955075,1
1999,929,-0.8723899126,-0.1994069219,1
1999,961,-1.57490921,0.6981380582,1
1999,993,-0.5956950188,0.7413555384,1
1999,1025,0.196667403,0.2816530466,1
1999,1057,-0.7757908702,-0.667504549,1
1999,1089,-0.8712893724,-0.5733066201,1
1999,1121,-0.5127182007,-0.1275013685,1
1999,1153,-0.2194429636,-0.1564819217,1
1999,1185,0.6521424055,-1.822389722,1
1999,1217,1.778623462,-2.653875351,1
1999,1249,2.167938709,-2.166137695,1
1999,1281,1.168619275,-1.414385319,1
1999,1313,0.8779139519,-0.09774976969,1
1999,1345,1.647276402,0.6629191637,1
1999,1377,1.69236815,1.216574907,1
1999,1409,1.193800926,1.001517177,1
1999,1441,0.5243538022,-1.422608852,1
1999,1473,2.894649506,-2.079010487,1
1999,1505,0.8826681376,-0.2376594543,1
1999,1537,0.5294258595,0.4749126434,1
1999,1569,0.3750967383,0.5288695097,1
1999,1601,-0.5036053658,-0.06484687328,1
1999,1633,-1.002402782,-0.5545486212,1
1999,1665,-0.4442305565,-0.2113686204,1
1999,1697,0.04573696852,-0.1920311749,1
1999,1729,-0.4352775514,-0.8923534155,1
1999,1761,-0.3871841133,-1.402032375,1
1999,1793,0.3292021751,-1.579148054,1
1999,1825,0.5427953601,-1.547282219,1
1999,1857,0.9327881336,-0.03325980902,1
1999,1889,1.000368834,0.2609827518,1
1999,1921,0.852243185,-0.6156913638,1
1999,1953,0.1411828697,-0.09809070826,1
1999,1985,-0.1612513065,0.04854413867,1
1999,2017,0.350210309,0.02596974373,1
