PIVlab, ASCII chart output - 12-Jun-2024
FRAME: 35, filenames: A:[35]MAX_Pos00d_TimeSrs0004_TgKrt18GFP_K4K8MO.avi & B:[36]MAX_Pos00d_TimeSrs0004_TgKrt18GFP_K4K8MO.avi, conversion factor xy (px -> m): 1, conversion factor uv (px/frame -> m/s): 1
x [px],y [px],u [px/frame],v [px/frame],Vector type [-]
23,17,12.12350464,3.261136055,1
23,33,-0.1986156106,2.199421167,1
23,49,-7.324278355,9.315423012,1
23,65,-11.05006313,-6.246513367,1
23,81,1.51761055,8.840549469,1
23,97,-4.875776291,3.554615974,1
23,113,-12.69053459,3.507042408,1
23,129,-6.134728909,6.446988583,1
23,145,-4.496119499,2.501143217,1
23,161,-2.911561966,1.194769979,1
23,177,-2.637416363,0.4224789143,1
23,193,-2.665281773,0.01539623737,1
23,209,-2.162770271,0.2356169224,1
23,225,-1.063874006,2.104332447,1
23,241,-1.890396357,3.13915205,1
23,257,-3.088321447,4.616456509,1
23,273,1.612768412,11.07027435,1
23,289,-1.526824236,2.613559961,1
23,305,-2.424187183,2.621160507,1
23,321,-5.482980728,1.69892478,1
23,337,-8.827044487,-3.217588902,1
23,353,-5.699102402,1.205234051,1
23,369,-3.243706703,0.8373327255,1
23,385,-1.595039606,3.489900589,1
23,401,0.677421689,2.662237406,1
23,417,-1.710340261,2.731007338,1
23,433,-2.529421329,0.05678415298,1
23,449,1.650516272,0.2623348236,1
23,465,0.06398963928,2.169393539,1
23,481,-2.073257923,4.088525295,1
23,497,6.813361645,-4.709692478,1
23,513,1.898387194,8.920354843,1
23,529,-5.22384882,3.941233158,1
23,545,-4.52288723,8.842290878,1
23,561,-2.444800854,0.3895716667,1
23,577,-1.56282711,-0.001142859459,1
23,593,-0.8976950645,0.1318668127,1
23,609,-0.8898183107,1.163515806,1
23,625,-0.6640450954,1.059593797,1
23,641,-0.2131595612,0.4111555815,1
23,657,-2.091614485,1.878862143,1
23,673,-3.767151594,3.034143448,1
23,689,-1.430386543,2.433294296,1
23,705,-3.138831615,3.631625175,1
23,721,-2.975326538,4.747851849,1
23,737,1.808387041,6.160384178,1
23,753,-2.614442348,6.238623619,1
23,769,-0.7986968756,4.734550476,1
23,785,2.84836936,2.925190687,1
23,801,0.2519938946,0.9234244823,1
23,817,1.073809505,0.430778265,1
23,833,-1.949198842,0.9815319777,1
23,849,3.129701138,-5.870836258,1
23,865,-2.594629526,2.087131023,1
23,881,-0.9638581276,2.433359623,1
23,897,-0.6888003349,4.232714653,1
23,913,6.009904385,6.151230335,1
23,929,6.906577587,9.429065704,1
23,945,-3.469685793,4.263716698,1
23,961,-2.419618368,3.641870975,1
23,977,-0.8104887009,2.866211891,1
23,993,-1.552852035,0.8337488174,1
23,1009,-3.365891933,-0.8486704826,1
23,1025,-9.081418991,-1.971525908,1
23,1041,-4.327588558,0.8498334885,1
23,1057,1.084190369,1.685829639,1
23,1073,-1.365371108,1.014846802,1
23,1089,-0.615093708,-2.322777033,1
23,1105,3.18776226,5.851681709,1
23,1121,5.05335474,8.575222015,1
23,1137,-9.181126595,5.569874763,1
23,1153,-7.745107651,2.053601265,1
23,1169,4.011153221,8.732820511,1
23,1185,6.80946207,6.849519253,1
23,1201,0.3189377785,-6.713790417,1
23,1217,-0.2182335854,3.546425104,1
23,1233,-1.483232856,4.349655628,1
23,1249,-2.702514648,4.280547142,1
23,1265,-2.237413406,10.88453484,1
23,1281,1.196967363,0.7097423077,1
23,1297,2.226866245,1.045541048,1
23,1313,1.065457463,2.878612518,1
23,1329,-0.5740398169,3.917351484,1
23,1345,-1.755365849,-1.012451649,1
23,1361,-3.210969448,5.055286407,1
23,1377,-0.4836328626,6.172122955,1
23,1393,0.5505641103,7.073747635,1
23,1409,-0.07157178223,8.476232529,1
23,1425,-1.567384839,11.93727589,1
23,1441,-7.673567772,0.6904449463,1
23,1457,-4.423649788,7.605392456,1
23,1473,-4.023440361,2.990317822,1
23,1489,-3.463710308,0.8148984909,1
23,1505,-1.229227543,1.844467163,1
23,1521,2.21710825,-1.981154442,1
23,1537,-6.388553619,16.57012749,1
23,1553,-0.8562729359,5.196400642,1
23,1569,1.506736875,16.7439537,1
23,1585,-8.080601692,13.1264801,1
23,1601,3.870471239,-2.794984341,1
23,1617,-0.4211001396,-5.78786087,1
23,1633,-1.808439732,1.069950342,1
23,1649,0.995878458,-6.358103752,1
23,1665,4.288539886,7.132457733,1
23,1681,7.446787834,-6.792808056,1
23,1697,3.941351891,-7.423930645,1
23,1713,7.459134102,-0.4882318377,1
23,1729,0.1732754707,0.333325386,1
23,1745,0.4329251647,-0.6281565428,1
23,1761,0.6491282582,-1.726780057,1
23,1777,-6.76428175,-7.187185764,1
23,1793,-0.3350194097,4.914962769,1
23,1809,-10.19075203,-1.717303276,1
23,1825,-1.93026185,-2.430591345,1
23,1841,-5.725932121,5.348285675,1
23,1857,-0.6464852095,8.140457153,1
23,1873,-5.455861092,1.762468457,1
23,1889,-6.882389545,-11.72050476,1
23,1905,-8.628873825,1.061666012,1
23,1921,-1.111624122,1.092830658,1
23,1937,3.831214666,-7.626666546,1
23,1953,9.559854507,6.938532829,1
23,1969,2.3781991,3.096904755,1
23,1985,3.040754318,-1.69573915,1
23,2001,3.028004169,-0.7550178766,1
23,2017,1.487393379,-0.7094576359,1
23,2033,-4.157945156,3.87851119,1
39,17,1.970355511,0.5190786123,1
39,33,-1.853102684,1.295446754,1
39,49,-10.78678608,-0.4839696884,1
39,65,-2.555125237,1.228259087,1
39,81,-2.966239452,1.173503876,1
39,97,-4.394254208,1.546888113,1
39,113,-3.996843815,3.418767452,1
39,129,-4.590859413,-7.125125408,1
39,145,-4.34198761,8.349604607,1
39,161,-3.64707613,2.408763647,1
39,177,-2.930136204,1.559839249,1
39,193,0.06790471077,1.630830169,1
39,209,1.108922243,1.171906829,1
39,225,-3.420908213,-7.01409483,1
39,241,-2.645240545,2.73496151,1
39,257,-2.925945997,2.412120342,1
39,273,-2.779052258,0.7689328194,1
39,289,-2.812742472,1.813265562,1
39,305,-3.795533657,1.732109904,1
39,321,-4.923775673,1.545318961,1
39,337,-4.207433701,0.9734913111,1
39,353,-3.525118351,0.4849779606,1
39,369,-1.42214179,0.8161637783,1
39,385,-8.82818222,-3.908088684,1
39,401,-2.029721498,1.798012733,1
39,417,-2.776010752,4.269767284,1
39,433,-6.531663895,-7.048232555,1
39,449,3.85432291,-6.37656498,1
39,465,-4.342728615,1.24541235,1
39,481,-5.694936275,2.620784283,1
39,497,1.141648769,7.579714775,1
39,513,-0.8872516155,3.22967124,1
39,529,4.49575758,7.250445366,1
39,545,-4.982045174,3.789691448,1
39,561,-2.683389425,1.445325732,1
39,577,-1.723487616,1.630169153,1
39,593,-1.033376932,1.034152508,1
39,609,-1.051277161,0.7051193714,1
39,625,-1.890073538,0.6173132658,1
39,641,-4.268476963,0.6924214363,1
39,657,-2.581755638,1.656151175,1
39,673,-2.506527901,1.705223441,1
39,689,1.939309835,7.572233677,1
39,705,-1.493166924,1.109692335,1
39,721,-1.932432175,2.858912945,1
39,737,-2.860236168,5.203902245,1
39,753,-1.851217628,7.226428986,1
39,769,-1.801359653,5.039873123,1
39,785,-1.024697065,3.462657452,1
39,801,1.248971224,2.251975775,1
39,817,1.273046494,1.950154543,1
39,833,-0.7122080922,-1.962826014,1
39,849,4.492599964,-4.611684799,1
39,865,-0.53540802,4.322220325,1
39,881,-0.5104823112,3.951140404,1
39,897,-0.6785171032,4.671237469,1
39,913,-1.719804049,5.433875561,1
39,929,-2.256495714,6.801297665,1
39,945,-2.304863691,8.244447708,1
39,961,-2.329202175,2.489113331,1
39,977,-1.709239006,1.585672855,1
39,993,-0.2018455267,3.353836298,1
39,1009,-1.609033108,1.989505291,1
39,1025,-2.01383996,0.9859969616,1
39,1041,-1.867504358,1.155129194,1
39,1057,-1.384766102,2.12648201,1
39,1073,-1.56508708,1.135394096,1
39,1089,-2.651131868,0.8063821793,1
39,1105,5.437204838,6.106563091,1
39,1121,-11.114048,6.209021091,1
39,1137,-6.741173267,-4.062492371,1
39,1153,-3.23631382,6.78543663,1
39,1169,-2.692260742,5.116312981,1
39,1185,-1.999910593,3.813642502,1
39,1201,-1.734967113,3.066509485,1
39,1217,-0.1867986917,4.076054096,1
39,1233,-1.005698204,3.493561029,1
39,1249,-1.343083858,3.792129517,1
39,1265,-0.7314229608,1.964140892,1
39,1281,0.3257266283,1.325250864,1
39,1297,2.251460552,2.509149551,1
39,1313,2.106442451,3.771201134,1
39,1329,0.1473375857,4.735941887,1
39,1345,-6.582847118,-1.590701103,1
39,1361,-2.228621244,5.294631481,1
39,1377,-1.275057077,6.287309647,1
39,1393,0.4502807558,7.181485653,1
39,1409,1.820088387,8.286632538,1
39,1425,-1.259744167,5.994671822,1
39,1441,-3.335802078,4.929784298,1
39,1457,-2.572023153,4.336310863,1
39,1473,-1.725065231,4.497993469,1
39,1489,2.952475309,-0.7127690315,1
39,1505,3.115749359,0.2252364159,1
39,1521,-0.3378381729,5.541345119,1
39,1537,-2.798657417,14.51769638,1
39,1553,-0.5883780718,1.103089333,1
39,1569,2.523790836,3.107545376,1
39,1585,7.234830379,4.99149704,1
39,1601,5.004640579,-2.989648342,1
39,1617,5.096913338,-3.505510569,1
39,1633,-6.707387924,2.565869808,1
39,1649,1.552780271,-6.513358116,1
39,1665,0.5588973165,-6.767720222,1
39,1681,0.9991933107,0.8833879232,1
39,1697,8.076413155,3.252890587,1
39,1713,7.679610729,3.522438049,1
39,1729,-4.290786743,-6.664874554,1
39,1745,6.113123417,3.493379116,1
39,1761,1.993972659,2.512328625,1
39,1777,0.7871095538,2.751320124,1
39,1793,0.2379744053,5.4297328,1
39,1809,1.939832687,4.080860615,1
39,1825,-0.4025316238,-2.500071526,1
39,1841,-2.768529654,4.515714169,1
39,1857,-3.152407646,3.789776087,1
39,1873,-11.44255829,2.600130081,1
39,1889,-11.35510063,2.545921803,1
39,1905,-6.538207531,4.369787216,1
39,1921,-0.6721937656,-0.400721848,1
39,1937,-0.4374512732,0.04208065569,1
39,1953,-0.237161994,0.9781404734,1
39,1969,0.5054860711,0.9150321484,1
39,1985,1.163826227,0.7865465283,1
39,2001,1.722804189,0.4984463453,1
39,2017,1.451600432,0.3390666246,1
39,2033,-0.5520618558,1.036706805,1
55,17,-3.124095917,0.09165915847,1
55,33,-1.877448082,1.148210168,1
55,49,-0.8134304881,1.184495211,1
55,65,-0.4766675234,0.4614419341,1
55,81,-0.001128196716,-2.353075981,1
55,97,-2.082096577,0.006093531847,1
55,113,1.623979568,1.25063324,1
55,129,1.481626511,2.231378555,1
55,145,0.7611577511,9.232308388,1
55,161,-3.205494881,2.693775654,1
55,177,-2.571686268,3.078840017,1
55,193,-2.099323511,2.589756489,1
55,209,-5.991241455,5.121506214,1
55,225,-3.169270754,-6.159361839,1
55,241,-2.765383244,1.888896942,1
55,257,-3.151320457,1.301751494,1
55,273,-4.051208973,0.3684871197,1
55,289,-4.081287384,-0.03472840786,1
55,305,-3.785933733,1.518527865,1
55,321,-3.752506971,1.311392903,1
55,337,-3.535747766,0.9682240486,1
55,353,-3.400674343,1.188111901,1
55,369,-7.417830944,-6.376952171,1
55,385,-4.190055847,4.28072691,1
55,401,-3.769626141,3.812485933,1
55,417,-1.580010891,-0.06691980362,1
55,433,-1.904638767,-6.518535614,1
55,449,-0.9966123104,10.53865528,1
55,465,-3.908818007,1.184469819,1
55,481,-5.092589855,1.951001883,1
55,497,-1.70544982,1.149484396,1
55,513,-2.693105698,3.151999474,1
55,529,-4.284018993,2.435167313,1
55,545,-4.546441555,1.945080161,1
55,561,-3.249320507,1.867245913,1
55,577,-2.601504087,2.017579079,1
55,593,-2.579545975,1.648106813,1
55,609,-2.345609426,1.516520977,1
55,625,-2.710951328,1.411693692,1
55,641,-3.21897459,1.094870925,1
55,657,-2.696251154,0.9567162991,1
55,673,-1.472942829,0.5615149736,1
55,689,-0.603603363,0.4628064632,1
55,705,0.3582831621,0.6979106665,1
55,721,-1.275120616,1.950165749,1
55,737,-2.006729364,3.018615723,1
55,753,-1.53418541,4.883727074,1
55,769,-1.22083056,4.634728909,1
55,785,-1.144969821,3.814163685,1
55,801,-0.820094943,3.361084461,1
55,817,0.1864078641,3.349771023,1
55,833,-0.008458942175,3.492073536,1
55,849,1.209371328,3.905362606,1
55,865,-0.2088508606,4.912273884,1
55,881,-0.586822629,5.200805187,1
55,897,-0.6090196371,5.36906004,1
55,913,-1.599621773,5.067643166,1
55,929,-2.306096077,5.633021355,1
55,945,-2.352246046,6.271276951,1
55,961,-1.745647669,5.207214355,1
55,977,-2.221004009,5.866577625,1
55,993,-1.655841351,3.048404694,1
55,1009,-1.233980417,2.832576275,1
55,1025,0.1345466375,2.947855473,1
55,1041,-2.134345531,2.971102715,1
55,1057,-2.703704357,3.241178513,1
55,1073,-11.5968008,6.000411987,1
55,1089,-11.43914413,7.430112362,1
55,1105,-2.340999126,5.136755943,1
55,1121,-7.091042042,-4.10767889,1
55,1137,-7.325362206,-4.039749146,1
55,1153,-3.340918779,7.158321381,1
55,1169,-2.974391937,6.785413265,1
55,1185,-2.78006959,3.612896919,1
55,1201,-2.414051056,2.944572687,1
55,1217,-0.3643224239,2.796362638,1
55,1233,-0.81296134,2.70610857,1
55,1249,-5.366574764,2.534194708,1
55,1265,-0.4346660376,2.210373163,1
55,1281,0.3012751341,2.479115486,1
55,1297,1.476725578,3.476751328,1
55,1313,2.337280035,-0.6650493145,1
55,1329,3.404236794,1.119968414,1
55,1345,-7.270148754,4.052832603,1
55,1361,-6.931310654,4.780781269,1
55,1377,-7.746520519,5.401928425,1
55,1393,-6.967255592,11.13110542,1
55,1409,-0.117413044,5.666417599,1
55,1425,0.03019994497,5.647868156,1
55,1441,-0.8122719526,5.086439133,1
55,1457,-1.284715772,4.332054138,1
55,1473,-0.7985634804,4.779262543,1
55,1489,-1.415289164,5.435067654,1
55,1505,-1.596750021,5.585841179,1
55,1521,-4.564195156,5.499474049,1
55,1537,-3.352559566,7.237642288,1
55,1553,-0.4534497261,3.678604841,1
55,1569,0.7230570316,2.483369827,1
55,1585,-4.325258255,-1.841708183,1
55,1601,-6.490337849,1.586564064,1
55,1617,-6.998519421,3.378512383,1
55,1633,5.397412777,9.527449608,1
55,1649,-9.515548706,0.1464788914,1
55,1665,-0.7766128778,2.88991785,1
55,1681,-0.7008792162,1.576597691,1
55,1697,-0.4843534827,1.42538166,1
55,1713,6.313746452,6.145757675,1
55,1729,7.37163353,4.692285538,1
55,1745,6.73609972,5.19712019,1
55,1761,0.002432107925,5.498359203,1
55,1777,7.574395657,-1.451380014,1
55,1793,-9.815340996,3.885744572,1
55,1809,-1.043733358,1.500408888,1
55,1825,-1.039427996,-2.924211979,1
55,1841,-1.900911093,2.152175903,1
55,1857,-2.975347519,2.045921326,1
55,1873,-1.806319714,2.548846722,1
55,1889,-0.6963610649,2.453307629,1
55,1905,-1.683454752,2.012543678,1
55,1921,-1.167429805,1.351650715,1
55,1937,-0.692577064,0.7373648882,1
55,1953,-0.4047044218,-0.2395668924,1
55,1969,-0.3464989662,-0.2967254519,1
55,1985,-0.09379115701,0.4696249366,1
55,2001,0.1649879217,1.491364241,1
55,2017,0.07806405425,1.643336773,1
55,2033,0.5599227548,0.4468598962,1
71,17,-2.253120184,0.3834057152,1
71,33,-0.5698797703,1.248516798,1
71,49,1.760324001,0.6273107529,1
71,65,1.800949216,0.3758366704,1
71,81,1.804383516,0.1334004998,1
71,97,-0.2786917686,-0.3548589349,1
71,113,0.824516058,-6.497131824,1
71,129,-1.630449295,-7.521493912,1
71,145,2.391248465,4.846662998,1
71,161,-5.516768456,2.271339417,1
71,177,-2.248269796,2.998671532,1
71,193,-1.826180935,2.838943481,1
71,209,-0.628926754,2.190620184,1
71,225,-0.1131435633,0.5255584717,1
71,241,-3.159672022,-0.2394828796,1
71,257,-3.281448364,0.6878925562,1
71,273,-4.475033283,0.5873775482,1
71,289,-3.461162329,0.1778208017,1
71,305,-2.752950907,1.741152644,1
71,321,-2.829999924,1.707078695,1
71,337,-2.766503811,1.327846289,1
71,353,-2.764281273,1.199131131,1
71,369,-2.576653242,2.347190619,1
71,385,-4.433523178,3.990548134,1
71,401,-6.338720322,4.866069794,1
71,417,-4.007975578,0.2082891464,1
71,433,-2.14409399,-2.068496227,1
71,449,-2.047396898,0.2246806622,1
71,465,-2.068362713,0.3378458023,1
71,481,-8.589953423,6.827918053,1
71,497,-0.4305465221,0.2704384327,1
71,513,-3.941896439,2.278817177,1
71,529,-4.379371166,2.08003211,1
71,545,-3.882796764,1.704520226,1
71,561,-3.958250046,2.469210625,1
71,577,-3.710500479,3.325330257,1
71,593,-4.473008633,4.913504124,1
71,609,-4.283970833,2.597153187,1
71,625,-4.477024078,1.783131599,1
71,641,-3.977698803,0.4184936285,1
71,657,-2.438236713,1.306647301,1
71,673,-1.116888404,1.074573278,1
71,689,0.2592759728,0.3465017676,1
71,705,-0.1725430489,-0.522081852,1
71,721,-0.6997233033,10.8822546,1
71,737,-5.215788841,-3.301190853,1
71,753,-0.1436789036,3.832880735,1
71,769,-0.9209417105,3.594274998,1
71,785,-1.126569033,3.392396927,1
71,801,-2.181818724,3.172492027,1
71,817,-0.09846055508,3.052250624,1
71,833,-0.6322348118,2.998039484,1
71,849,2.235928297,3.538715839,1
71,865,0.3771793246,5.09550333,1
71,881,-0.7528096437,5.458929062,1
71,897,0.0228022337,5.37859869,1
71,913,-1.329012275,4.688785553,1
71,929,-2.713494301,4.770149231,1
71,945,-3.503927946,5.203892231,1
71,961,-2.961810589,5.596772194,1
71,977,-1.859345675,6.876992226,1
71,993,-2.326917648,3.019597054,1
71,1009,-2.007775784,3.434201717,1
71,1025,-2.301793814,3.438288689,1
71,1041,-3.480760574,3.214751244,1
71,1057,-1.803925276,3.056876898,1
71,1073,-2.213201523,4.342661858,1
71,1089,-2.879863024,4.641356468,1
71,1105,-2.254093647,4.102424622,1
71,1121,-0.04657578468,-0.6847822666,1
71,1137,-1.150821924,0.2491436005,1
71,1153,-5.109287262,6.752735615,1
71,1169,-3.709429502,5.950390816,1
71,1185,-1.921961546,3.82520771,1
71,1201,7.01883316,0.6507365704,1
71,1217,7.286411762,0.5315358639,1
71,1233,1.096868038,1.985151529,1
71,1249,-0.04717326164,2.814529419,1
71,1265,-0.4410823882,3.254080057,1
71,1281,-0.4606230259,3.729929924,1
71,1297,0.396163702,3.901115894,1
71,1313,2.149725676,3.308711052,1
71,1329,2.340528011,1.953588009,1
71,1345,-9.010240555,1.757236004,1
71,1361,-9.069622993,2.491891384,1
71,1377,-7.213802814,10.22604942,1
71,1393,-0.3215950131,5.009346962,1
71,1409,-0.0115685612,4.901902199,1
71,1425,0.6136008501,5.767905235,1
71,1441,2.983585835,12.1849308,1
71,1457,-0.1091790199,4.131685734,1
71,1473,0.6268112659,4.738256454,1
71,1489,-0.05127418041,5.491837978,1
71,1505,-0.8289126754,6.122254372,1
71,1521,-1.700207949,7.179787159,1
71,1537,-1.048134565,9.210176468,1
71,1553,-0.9652463198,3.657553196,1
71,1569,0.8281180859,3.862286568,1
71,1585,-0.9746771455,10.66007519,1
71,1601,-0.2878437638,12.3454628,1
71,1617,5.244567394,5.009354115,1
71,1633,4.994222641,9.44944191,1
71,1649,-1.001018643,3.752075195,1
71,1665,0.6488184929,2.363666773,1
71,1681,-0.4785654545,1.21988225,1
71,1697,-0.5909625292,0.9647824764,1
71,1713,-0.814047873,1.553130746,1
71,1729,-1.164726734,8.203901291,1
71,1745,-4.715636253,-1.533767939,1
71,1761,1.739412308,9.653013229,1
71,1777,-9.691110611,1.963696718,1
71,1793,-6.898245811,-5.701321125,1
71,1809,-7.885968208,7.146523476,1
71,1825,-9.93872261,3.57917881,1
71,1841,-1.698918104,1.712279558,1
71,1857,-2.726189852,1.40940249,1
71,1873,-2.302178144,2.070677757,1
71,1889,-0.8581553698,3.379096985,1
71,1905,-0.07048308849,3.108827114,1
71,1921,-1.986806393,1.269225359,1
71,1937,-2.958100557,1.260889173,1
71,1953,-0.3179797232,-1.834819913,1
71,1969,-0.1933784783,-0.175685823,1
71,1985,-0.2700484991,0.7061468363,1
71,2001,-7.687632561,-3.403723717,1
71,2017,-0.9831728935,5.175214291,1
71,2033,-0.2303904891,2.710627556,1
87,17,0.1303067207,0.5066063404,1
87,33,1.027447462,0.7970457673,1
87,49,1.119045496,0.4788220525,1
87,65,7.281754494,0.197439611,1
87,81,8.536913872,-0.3813679814,1
87,97,-0.29368186,0.06855809689,1
87,113,-0.5423951149,1.172490954,1
87,129,-1.800698757,-6.458081245,1
87,145,1.570075274,1.454975009,1
87,161,-4.99305439,2.206141949,1
87,177,-0.4357569218,3.002175093,1
87,193,-1.655473351,4.252604485,1
87,209,-1.709847569,3.20112443,1
87,225,0.3797558546,1.236555815,1
87,241,-0.3609377146,2.230595112,1
87,257,-1.646054983,0.7405457497,1
87,273,-2.104035616,-7.510714054,1
87,289,-1.608899832,1.823518038,1
87,305,-1.064086437,2.22073698,1
87,321,-1.896161556,2.720379353,1
87,337,-2.111406326,1.710676193,1
87,353,-2.191316128,1.35651052,1
87,369,-1.939914942,1.316429615,1
87,385,-2.210971355,2.312449694,1
87,401,-2.97223258,2.967061043,1
87,417,-2.398844957,1.576630235,1
87,433,-1.516473293,-3.229985237,1
87,449,-2.185333252,-0.08215975761,1
87,465,-2.081245899,-0.03363415599,1
87,481,-1.750420094,2.823139906,1
87,497,-2.367244244,3.657619953,1
87,513,-3.702312708,3.410756588,1
87,529,-4.259378433,2.626490355,1
87,545,-3.485031605,2.632136345,1
87,561,-3.61162281,2.546471834,1
87,577,-3.747538805,3.17032218,1
87,593,-4.694611549,3.129965305,1
87,609,-5.42729044,2.241482973,1
87,625,-5.063638687,0.5365331173,1
87,641,-3.181750298,-1.02218771,1
87,657,4.665531158,6.949087143,1
87,673,-1.619354248,1.725133538,1
87,689,-0.05528479815,1.367268801,1
87,705,-0.3515994549,-0.3674741983,1
87,721,-1.369958162,0.8209242821,1
87,737,6.302693844,-1.411052227,1
87,753,1.058371425,10.27445698,1
87,769,-0.8446000814,3.364102125,1
87,785,-1.134160995,2.576214314,1
87,801,6.654819965,-2.109454632,1
87,817,3.462765694,0.2328259945,1
87,833,0.9548395872,1.283621788,1
87,849,-1.715228796,2.054243803,1
87,865,-3.123916626,1.879426956,1
87,881,-1.52257061,7.139314175,1
87,897,-1.780162096,7.619001389,1
87,913,-1.944442987,4.280067921,1
87,929,-2.753416777,4.370546818,1
87,945,-3.63607192,5.105706215,1
87,961,-2.805636644,5.337477207,1
87,977,-2.70612812,6.142196178,1
87,993,-2.495635271,12.82445145,1
87,1009,-2.880013704,3.731146574,1
87,1025,-3.118304014,3.376055241,1
87,1041,-3.887577057,2.84133172,1
87,1057,-7.773498535,-0.3110017776,1
87,1073,-8.113365173,1.388848782,1
87,1089,-2.434447289,4.590024471,1
87,1105,-1.41134119,4.39963007,1
87,1121,-2.406069517,3.431056738,1
87,1137,-3.2035501,3.211155653,1
87,1153,-2.720404148,3.688804626,1
87,1169,-2.321649313,3.684431314,1
87,1185,-1.154174447,3.356898069,1
87,1201,-0.1138470769,2.997560501,1
87,1217,0.1663300991,3.077702284,1
87,1233,2.504099369,2.131933928,1
87,1249,1.659226179,1.346551657,1
87,1265,-1.340993285,4.174851894,1
87,1281,-0.9331524372,13.32504082,1
87,1297,-0.9005823731,4.583667278,1
87,1313,-0.4777317047,4.115973473,1
87,1329,-0.2773002684,2.808974743,1
87,1345,0.02714499831,4.404705048,1
87,1361,-9.185033798,1.628217697,1
87,1377,-0.4799307883,3.883418083,1
87,1393,-0.05452600121,2.770611286,1
87,1409,0.0483276248,3.844544411,1
87,1425,0.5747425556,4.723297119,1
87,1441,1.340228319,1.207201481,1
87,1457,0.8319722414,2.549785614,1
87,1473,2.249135494,4.771795273,1
87,1489,0.4503160417,4.792032242,1
87,1505,-1.735822201,5.728187084,1
87,1521,-1.144908667,7.98853159,1
87,1537,-0.4603292942,9.594608307,1
87,1553,-0.294970274,4.85831356,1
87,1569,-0.07735234499,3.478738308,1
87,1585,-1.285189033,12.62955379,1
87,1601,-9.154503822,0.8567495346,1
87,1617,3.505073786,5.381367683,1
87,1633,0.8174980879,3.477778673,1
87,1649,-1.13724792,2.115379333,1
87,1665,-1.313979626,1.474258184,1
87,1681,-0.9629051685,1.282699823,1
87,1697,-0.8662585616,0.2831351757,1
87,1713,-2.585534811,3.848586321,1
87,1729,-1.345231056,8.888175011,1
87,1745,-7.223530293,-4.936160088,1
87,1761,1.81289053,9.058742523,1
87,1777,-9.141558647,0.3453369141,1
87,1793,-8.550311089,-3.358080387,1
87,1809,-8.068149567,-2.913424969,1
87,1825,-2.246824265,-7.616893768,1
87,1841,4.148925781,-5.46435976,1
87,1857,-0.7750403881,-2.675963402,1
87,1873,-1.80751133,2.005045414,1
87,1889,-1.059097171,3.502090693,1
87,1905,-0.9026190042,2.965859652,1
87,1921,1.809885502,11.32648468,1
87,1937,-4.011809826,5.960176945,1
87,1953,6.497946262,-3.027396679,1
87,1969,-0.682515502,9.39733696,1
87,1985,-0.7482908368,3.150261402,1
87,2001,-0.8994504213,3.74771595,1
87,2017,-0.3810710907,1.324682951,1
87,2033,-0.1300192773,1.082025409,1
103,17,0.1320227385,0.6749953032,1
103,33,0.6480567455,0.5686485767,1
103,49,3.371252537,0.1218047142,1
103,65,2.596379042,-1.752818346,1
103,81,2.740360498,-8.303621292,1
103,97,-0.3757261634,0.1216253042,1
103,113,-0.5696616173,0.8447619677,1
103,129,1.922292829,1.196322799,1
103,145,0.01424145699,1.971155763,1
103,161,-0.2497212887,1.709568143,1
103,177,0.01534819603,2.579947472,1
103,193,-8.354491234,9.045138359,1
103,209,-2.362783432,3.669500113,1
103,225,0.9069235325,2.394391775,1
103,241,-0.2968569994,1.82174015,1
103,257,-1.790006161,1.107283115,1
103,273,2.601444483,-6.049734592,1
103,289,6.872862339,-0.6313111782,1
103,305,-1.097157598,2.016943216,1
103,321,-0.5748744011,2.054091454,1
103,337,-2.269237041,1.391609311,1
103,353,-2.137120247,1.111841917,1
103,369,-1.613279581,1.030855656,1
103,385,-2.030419111,1.455117464,1
103,401,-2.356118679,1.612817526,1
103,417,-2.575914383,0.7717517614,1
103,433,2.340604305,3.287699223,1
103,449,4.036964417,-4.839598656,1
103,465,-0.1760532856,-1.628798485,1
103,481,0.9623092413,-0.3361287117,1
103,497,-1.154890776,3.75358367,1
103,513,-2.707620382,2.475831747,1
103,529,-3.22263813,2.163981915,1
103,545,-3.350175142,3.047552109,1
103,561,-3.392164469,2.548627377,1
103,577,-3.553451061,2.704961061,1
103,593,3.288914204,7.004290581,1
103,609,-5.791689396,2.145714521,1
103,625,-4.061694145,0.3176859617,1
103,641,-0.3143589497,-0.3991786242,1
103,657,-0.9725210667,1.121283531,1
103,673,-3.133857489,2.24788475,1
103,689,-2.639025688,2.523474932,1
103,705,-1.424203396,1.727057457,1
103,721,-1.241609573,1.472815752,1
103,737,0.9934204817,10.95636559,1
103,753,-7.984690189,8.254170418,1
103,769,-1.202592373,2.902198076,1
103,785,-1.183847189,1.993381262,1
103,801,-0.5281618834,1.925164938,1
103,817,7.365899086,3.726982117,1
103,833,-2.403467178,1.864238977,1
103,849,-2.61020565,2.747989178,1
103,865,-2.396706581,-4.609461784,1
103,881,-3.633897781,7.352257729,1
103,897,-3.548547745,7.916385651,1
103,913,-2.250361919,4.701820374,1
103,929,-2.046143293,4.204890251,1
103,945,-1.880680561,4.960331917,1
103,961,-2.433772087,5.100935459,1
103,977,-2.62207365,5.777017593,1
103,993,-3.449862242,3.486250639,1
103,1009,-3.288537502,2.466301203,1
103,1025,-3.507365465,2.924345016,1
103,1041,-3.956485271,2.970645428,1
103,1057,-8.436346054,0.06720685959,1
103,1073,-6.225545883,4.377614498,1
103,1089,-4.133214474,4.932687283,1
103,1105,-1.714015484,4.46624136,1
103,1121,-2.77091527,3.939827919,1
103,1137,-4.987490177,3.445979834,1
103,1153,-2.271662712,2.89411211,1
103,1169,-1.648436427,2.389201403,1
103,1185,-0.7550836802,2.719306231,1
103,1201,0.5694402456,1.910257578,1
103,1217,0.5887572169,1.317638397,1
103,1233,-9.009243965,7.097478867,1
103,1249,0.3536989689,4.082159519,1
103,1265,-1.717296839,4.936326027,1
103,1281,-8.108030319,10.8411026,1
103,1297,-1.902477145,4.79309845,1
103,1313,-2.215579987,6.307528496,1
103,1329,-2.432821751,2.835706711,1
103,1345,8.401837349,1.366980076,1
103,1361,0.1784228683,1.33022666,1
103,1377,-0.5155962706,2.712546349,1
103,1393,4.323497295,-2.211027622,1
103,1409,5.510045052,-2.525380135,1
103,1425,-5.801041126,-2.406600714,1
103,1441,4.451974869,-1.392240047,1
103,1457,1.291596651,0.8144056797,1
103,1473,-0.1720643938,2.287852764,1
103,1489,-0.897195816,3.644934177,1
103,1505,-1.158788681,5.406047344,1
103,1521,1.617787361,13.83353138,1
103,1537,0.8815300465,15.70359898,1
103,1553,0.1651562452,4.495746136,1
103,1569,-0.1930824518,3.948892593,1
103,1585,-0.8224454522,2.870136738,1
103,1601,5.391937256,10.38137436,1
103,1617,0.1613052785,-2.011871576,1
103,1633,-9.163133621,4.859847069,1
103,1649,-0.6293083429,1.034201622,1
103,1665,-1.20321238,-0.68712008,1
103,1681,-5.469926834,1.67604053,1
103,1697,0.7095583677,-4.163245201,1
103,1713,-0.420832932,-4.650514603,1
103,1729,8.325425148,0.579980135,1
103,1745,5.990571499,-5.040220261,1
103,1761,-8.224684715,4.416521072,1
103,1777,-9.278364182,0.05483591557,1
103,1793,0.5076560974,-1.23628366,1
103,1809,-0.1400271058,-0.7817568183,1
103,1825,5.72494936,-0.3395346403,1
103,1841,-5.437379837,4.187094212,1
103,1857,-5.039750576,4.516742706,1
103,1873,4.567595482,1.888629675,1
103,1889,-1.460749269,4.100143433,1
103,1905,-1.591801167,5.79720974,1
103,1921,-1.202251315,9.141283035,1
103,1937,-1.359721422,6.381578445,1
103,1953,0.2528946698,-0.5085186958,1
103,1969,0.3691788018,1.592965841,1
103,1985,-0.209500894,1.726600766,1
103,2001,-0.1647931784,3.409171104,1
103,2017,-0.2460594475,0.7061040401,1
103,2033,0.005169272423,1.083300591,1
119,17,-0.2327471972,0.3726437092,1
119,33,2.132437229,1.741739273,1
119,49,4.273893356,4.451371193,1
119,65,3.2967484,2.059942722,1
119,81,0.1550365388,0.1091106981,1
119,97,-0.1514942199,-0.01438079774,1
119,113,0.1985760331,0.2658343315,1
119,129,1.625670314,-3.52666688,1
119,145,0.3958981335,1.831846476,1
119,161,0.3415629268,1.284316659,1
119,177,-0.1472370625,1.76270771,1
119,193,-1.368090153,2.88869524,1
119,209,-2.011473656,2.882658005,1
119,225,-3.000427485,1.941307306,1
119,241,-2.371789455,1.474350929,1
119,257,-2.359554529,1.706113458,1
119,273,-4.109020233,1.99478972,1
119,289,-0.1399537325,1.568397284,1
119,305,-0.1604597569,1.621778369,1
119,321,-0.4509723186,1.710003614,1
119,337,-2.488825798,0.3596663475,1
119,353,-3.456568241,0.2380133271,1
119,369,-2.270321131,0.3493423462,1
119,385,-2.50798583,0.6892865896,1
119,401,-2.786809921,1.560214996,1
119,417,-2.971586704,0.5484304428,1
119,433,-2.93743968,-0.2865490019,1
119,449,-2.399401426,-0.1514653862,1
119,465,-0.8168416023,-1.714722872,1
119,481,-0.08716344833,-1.367448688,1
119,497,-7.868677139,-2.547655106,1
119,513,-2.512566566,2.297283411,1
119,529,-2.13981986,1.808560252,1
119,545,-2.521330833,2.31430769,1
119,561,-3.123003244,2.324950457,1
119,577,-3.260361671,2.232766151,1
119,593,-3.88090229,2.197701216,1
119,609,-8.674293518,4.245407104,1
119,625,-0.7642040253,0.195560813,1
119,641,-0.7929003239,1.430480003,1
119,657,-1.481031179,1.454954624,1
119,673,-2.258797646,2.375514984,1
119,689,-2.564504623,1.953777671,1
119,705,-2.449227333,0.8389847279,1
119,721,-11.24222755,3.526320219,1
119,737,-10.95538235,3.69803524,1
119,753,6.833444595,4.430877209,1
119,769,6.33987236,6.603124619,1
119,785,-1.316491246,0.9038171768,1
119,801,-1.057185292,0.6027457714,1
119,817,-5.962954521,-5.706193924,1
119,833,-1.864168406,1.684789658,1
119,849,-2.143010616,2.470828295,1
119,865,-0.01105904579,-5.106873512,1
119,881,-5.533936024,4.198051929,1
119,897,-6.670845032,5.867698193,1
119,913,-2.686961412,4.624968052,1
119,929,-2.444244385,3.642733812,1
119,945,-1.770950079,3.848780394,1
119,961,-1.605564475,4.06441021,1
119,977,-1.363776207,5.914708138,1
119,993,-2.680369854,2.170893192,1
119,1009,-3.60917592,-0.1222400665,1
119,1025,-3.869999886,2.308861256,1
119,1041,-4.448156834,3.132276058,1
119,1057,-5.347799778,3.141819239,1
119,1073,-5.617930412,3.904916525,1
119,1089,-4.908113003,5.049769878,1
119,1105,-3.091437578,3.962099791,1
119,1121,-1.009677649,3.211599588,1
119,1137,5.436737061,7.91940403,1
119,1153,6.165471077,6.551154613,1
119,1169,-1.530681968,1.906090736,1
119,1185,-1.170514584,2.54127574,1
119,1201,-0.1051009893,1.288598776,1
119,1217,-1.589828491,0.1412508488,1
119,1233,-4.562758446,1.687845707,1
119,1249,-2.31643343,4.706014633,1
119,1265,-2.24828434,4.897143364,1
119,1281,-0.6960010529,5.443824768,1
119,1297,-0.5377651453,5.316008091,1
119,1313,-1.378627062,5.870957851,1
119,1329,-0.7627156377,4.112120628,1
119,1345,-0.201306209,4.31137228,1
119,1361,-0.2030401528,3.440788031,1
119,1377,-0.5016443133,3.581832647,1
119,1393,-0.6280519962,3.405374765,1
119,1409,-0.559222579,-5.064723969,1
119,1425,-8.29241848,1.217148781,1
119,1441,0.7990127206,0.1298763752,1
119,1457,-0.5642672181,0.6486194134,1
119,1473,-2.009676933,2.625328541,1
119,1489,-2.497694731,3.261114359,1
119,1505,-9.889638901,3.932395458,1
119,1521,-2.650550842,4.460629463,1
119,1537,-0.1711878777,8.246932983,1
119,1553,0.4011604786,7.75227356,1
119,1569,-0.5736142397,5.193595886,1
119,1585,-3.273905993,6.936683178,1
119,1601,0.6542398334,0.2781674862,1
119,1617,1.721667647,3.689622164,1
119,1633,5.384413242,8.608706474,1
119,1649,-0.3345549703,1.195785999,1
119,1665,-0.3256770968,0.8438310623,1
119,1681,-7.102587223,4.163714409,1
119,1697,-9.306634903,-2.203802586,1
119,1713,-2.279415131,7.912188053,1
119,1729,-0.6083266139,-0.0006500482559,1
119,1745,3.564134121,-5.124592781,1
119,1761,-8.303372383,-3.409851551,1
119,1777,-6.786245346,-1.593779564,1
119,1793,-1.287535429,0.8260647655,1
119,1809,5.788598537,6.756300449,1
119,1825,-6.406692982,-4.05111599,1
119,1841,-1.873709202,2.838522434,1
119,1857,-0.517547965,1.658659101,1
119,1873,6.398329735,-2.737636328,1
119,1889,0.6989802122,0.1632986069,1
119,1905,-1.853859186,5.489829063,1
119,1921,-4.714551926,9.831642151,1
119,1937,-3.869192362,2.472191572,1
119,1953,2.580707788,1.519242287,1
119,1969,0.2337422073,2.276270866,1
119,1985,-4.979493618,1.494749188,1
119,2001,6.787983894,-0.6727148294,1
119,2017,-1.169951916,0.5412771106,1
119,2033,-0.3904266357,0.6162813902,1
135,17,4.8685956,-7.599641323,1
135,33,3.142927408,1.925910592,1
135,49,1.63091445,-0.5290117264,1
135,65,0.7458953857,1.032901049,1
135,81,4.255423546,5.354437828,1
135,97,0.2435171604,-1.151039124,1
135,113,-0.3861086369,-5.677030563,1
135,129,1.646440387,-5.4902215,1
135,145,0.09638002515,0.4395474195,1
135,161,-0.3458178043,1.047512054,1
135,177,-1.920856237,1.010657191,1
135,193,-3.234917879,1.23326087,1
135,209,-4.137909412,1.593302011,1
135,225,-5.583116055,1.354305506,1
135,241,-3.031873226,1.863819957,1
135,257,-2.463251114,2.122431993,1
135,273,-2.197911263,1.8863132,1
135,289,-1.566125035,1.867586732,1
135,305,-0.8406549692,2.250077009,1
135,321,0.4140621424,2.024534225,1
135,337,-0.1513453722,0.03845107555,1
135,353,-1.593218684,0.4609239101,1
135,369,-1.856869459,-0.467818737,1
135,385,-2.441549778,-0.5395702124,1
135,401,-2.715988398,0.3823027611,1
135,417,-3.56265521,-0.06813713908,1
135,433,-3.246380329,-0.1314198971,1
135,449,-2.504011631,0.3609901071,1
135,465,-2.293354511,0.2745685875,1
135,481,-2.107625246,0.1979766786,1
135,497,-1.983977556,0.2529194951,1
135,513,-1.800367832,1.348534822,1
135,529,-1.124484301,1.574172258,1
135,545,-1.929970264,1.86922121,1
135,561,-2.532124281,1.742260695,1
135,577,-3.040891171,1.672126055,1
135,593,-3.672711849,1.5442065,1
135,609,-6.050203323,-6.721887112,1
135,625,-3.08207345,1.773793817,1
135,641,-1.721482515,3.139160156,1
135,657,-1.765798807,1.737581491,1
135,673,-3.864918232,2.404308796,1
135,689,-4.360586166,2.174372196,1
135,705,-3.046690464,1.125159025,1
135,721,-2.126446724,-1.345680952,1
135,737,-2.214000702,2.107741356,1
135,753,-2.021961689,2.408629417,1
135,769,4.824254036,7.028971195,1
135,785,-2.375526667,1.851564646,1
135,801,-9.109314919,-1.645038605,1
135,817,-1.138457298,1.756319046,1
135,833,-0.03026354313,1.831848145,1
135,849,-6.285051346,3.320212841,1
135,865,-4.202971458,3.467346668,1
135,881,-2.320339203,3.554041862,1
135,897,-2.597420692,3.892136574,1
135,913,-3.23707962,3.620933056,1
135,929,-3.405171156,3.002338409,1
135,945,-2.619832516,3.040034771,1
135,961,0.2606306076,0.8590340614,1
135,977,-0.8338671923,1.42071867,1
135,993,-2.658987761,0.919080019,1
135,1009,-4.547118187,1.175581813,1
135,1025,-4.012035847,2.202962399,1
135,1041,-3.022171021,4.638533115,1
135,1057,-4.556137085,3.353098631,1
135,1073,-5.366986275,3.163014412,1
135,1089,-4.289591312,5.321541309,1
135,1105,-0.494556427,4.307828426,1
135,1121,-0.878092289,2.345782042,1
135,1137,-1.321717739,-0.1706738472,1
135,1153,3.698478699,9.852282524,1
135,1169,-8.391124725,-2.924051523,1
135,1185,5.724066257,2.085354567,1
135,1201,6.240456104,1.218787432,1
135,1217,-0.3591154814,3.003916502,1
135,1233,-0.8952753544,3.451039314,1
135,1249,-1.979553938,2.869120836,1
135,1265,-1.691538572,3.983073235,1
135,1281,-1.273775816,5.16770649,1
135,1297,-1.308207512,6.298075676,1
135,1313,-1.053989172,4.778459072,1
135,1329,-0.35861063,4.874957085,1
135,1345,0.7149554491,4.511917114,1
135,1361,0.1428114474,4.514590263,1
135,1377,-0.677060008,4.149296761,1
135,1393,-3.984647036,3.751790762,1
135,1409,-1.795628548,4.77924633,1
135,1425,0.172740519,5.124252319,1
135,1441,-0.6645555496,2.626410961,1
135,1457,-1.092243671,11.11243439,1
135,1473,-2.597887993,10.89115334,1
135,1489,-3.111718178,3.598538876,1
135,1505,-1.498096824,2.811736584,1
135,1521,-1.545155048,4.343742371,1
135,1537,-1.573085308,6.973134041,1
135,1553,-0.2882275581,6.644398212,1
135,1569,-3.437165022,6.941488266,1
135,1585,-2.940128565,7.091207027,1
135,1601,1.864200473,4.067775726,1
135,1617,0.3423923552,3.195913553,1
135,1633,-0.337200135,2.556710243,1
135,1649,-2.000816822,3.137904406,1
135,1665,7.046701431,-3.589791298,1
135,1681,1.369746685,0.8340015411,1
135,1697,0.0798407793,0.8926126957,1
135,1713,-0.543800354,0.8244829178,1
135,1729,-0.509634614,0.5799710751,1
135,1745,-0.3356897831,-2.383144379,1
135,1761,-1.025984049,1.744324207,1
135,1777,2.177325726,7.36345005,1
135,1793,-3.763161659,1.516230106,1
135,1809,-4.61771965,2.335258961,1
135,1825,6.48241663,-2.456273556,1
135,1841,6.468183041,-1.138411403,1
135,1857,4.10326004,6.994801998,1
135,1873,4.685003281,7.848575115,1
135,1889,0.1265143156,0.06140017509,1
135,1905,1.006081223,1.943050861,1
135,1921,-3.483890057,-5.70731926,1
135,1937,-3.136818647,-6.789258003,1
135,1953,0.2683368921,1.471080899,1
135,1969,-8.796294212,1.317658424,1
135,1985,-8.811751366,0.4650124907,1
135,2001,4.701188087,-1.913461924,1
135,2017,-7.838707924,4.28137064,1
135,2033,-0.9954679608,0.09274339676,1
151,17,4.810834885,2.970582247,1
151,33,0.02326190472,-7.96800518,1
151,49,-8.468486786,0.2450363636,1
151,65,-8.535233498,1.836624622,1
151,81,-0.2742432654,-0.3979968429,1
151,97,6.811161995,-5.60078001,1
151,113,-0.9959453344,-4.657091141,1
151,129,-1.135211349,-0.6242901683,1
151,145,7.714708805,3.236311436,1
151,161,-0.5248100758,0.5001713037,1
151,177,-1.242122889,0.1981678605,1
151,193,-2.354959488,0.7103953362,1
151,209,-2.364996433,1.12939024,1
151,225,-7.187386513,2.956781387,1
151,241,-6.855834961,2.908873081,1
151,257,-4.347758293,3.645087242,1
151,273,-3.551912308,3.749073982,1
151,289,-1.836869717,2.453375816,1
151,305,-1.378642201,2.286997318,1
151,321,-0.5949440002,1.72160399,1
151,337,-0.6089725494,0.3622962236,1
151,353,-5.526187897,0.1822296381,1
151,369,-2.464714527,-0.5746898651,1
151,385,-2.446534157,-1.677735448,1
151,401,-2.318018913,-2.351618052,1
151,417,-2.607646942,-1.159885168,1
151,433,-2.752324343,0.1703133285,1
151,449,-2.409649372,1.234783649,1
151,465,-2.621978521,0.8310469985,1
151,481,-2.134879351,1.023908019,1
151,497,-2.192279577,0.5130662918,1
151,513,-2.2514925,0.7358726859,1
151,529,-1.487983108,1.202115893,1
151,545,-1.600397944,1.708727121,1
151,561,-2.680812359,1.411741138,1
151,577,-3.159856081,1.647230387,1
151,593,-3.401601791,1.550775051,1
151,609,-4.139174461,1.364560843,1
151,625,-3.372228146,1.515017986,1
151,641,-3.131721973,1.469948173,1
151,657,-1.678422213,2.283175945,1
151,673,-2.022585154,2.102078915,1
151,689,-3.08402729,2.045787811,1
151,705,-0.894620657,-6.546361446,1
151,721,-0.3512792587,-3.268306255,1
151,737,-0.9653339386,-3.099764824,1
151,753,-3.544523001,2.783361435,1
151,769,-3.357614756,3.160807133,1
151,785,-2.074608326,3.459481478,1
151,801,-1.240365028,3.508280039,1
151,817,-0.5273314714,2.459545851,1
151,833,2.193156719,2.796898127,1
151,849,-2.481852055,4.409864426,1
151,865,-1.250752211,6.377797127,1
151,881,-0.9942045212,2.941112757,1
151,897,-2.122987032,2.837717056,1
151,913,-3.319281101,2.848495007,1
151,929,-4.605268002,2.39029026,1
151,945,-3.489377737,2.504921436,1
151,961,-1.63683188,2.979553461,1
151,977,-1.518563509,2.029211998,1
151,993,-2.322075605,1.722645521,1
151,1009,-3.337838411,1.335925817,1
151,1025,-3.55975771,2.50466156,1
151,1041,-2.716395617,3.93546772,1
151,1057,-2.447405338,3.710580349,1
151,1073,-7.279705048,-4.273470879,1
151,1089,-4.413922787,2.956325531,1
151,1105,5.784874439,0.03144168854,1
151,1121,-5.719246864,3.994745255,1
151,1137,-4.718082428,3.919578791,1
151,1153,3.144147873,9.615812302,1
151,1169,-4.106629372,0.05183267593,1
151,1185,6.679776669,0.1527824402,1
151,1201,0.8658666611,11.36348915,1
151,1217,-1.056337833,2.741565466,1
151,1233,-0.6210954189,3.053693056,1
151,1249,-9.447551727,3.82831955,1
151,1265,-8.659566879,4.0418396,1
151,1281,-0.5691048503,4.79562664,1
151,1297,-0.8762142658,5.524422169,1
151,1313,-0.9269117713,4.499468327,1
151,1329,-0.6678933501,4.965919495,1
151,1345,-0.07131123543,4.587470055,1
151,1361,-0.1423606575,4.60089016,1
151,1377,-0.3069032729,4.608047009,1
151,1393,1.052755237,4.0042696,1
151,1409,-0.9165290594,5.136825562,1
151,1425,-0.9664947391,5.187189102,1
151,1441,-2.445307016,1.879647255,1
151,1457,-1.816980124,11.138937,1
151,1473,-2.376610279,2.055369139,1
151,1489,-0.05947268009,4.037494659,1
151,1505,-0.8642556667,3.139018297,1
151,1521,-1.308900952,3.736129045,1
151,1537,-1.570382953,5.125485897,1
151,1553,-1.067967653,4.455794811,1
151,1569,-0.4577074349,5.016888618,1
151,1585,5.097054005,-3.574855804,1
151,1601,1.837165833,4.089372635,1
151,1617,1.960696578,3.032110453,1
151,1633,0.4749687314,2.3617208,1
151,1649,-5.527911663,-1.091467381,1
151,1665,1.933189631,7.382209778,1
151,1681,1.765621901,8.840709686,1
151,1697,-0.06984782219,-0.6074368954,1
151,1713,-0.3104322553,0.9834703803,1
151,1729,-0.1393409371,2.027625561,1
151,1745,0.3600063324,2.396909475,1
151,1761,5.206677437,8.739833832,1
151,1777,-5.385914803,2.232010126,1
151,1793,-0.03417176008,-2.960931301,1
151,1809,-0.6418303251,-0.05998671055,1
151,1825,-1.323714375,-0.7863664627,1
151,1841,-3.172681093,-5.481372833,1
151,1857,-5.281387806,5.152859688,1
151,1873,-2.262798786,-6.359555721,1
151,1889,-0.1614935398,0.06495690346,1
151,1905,1.502948403,0.7393453121,1
151,1921,-8.783936501,-0.5573598146,1
151,1937,-5.868346214,3.675508261,1
151,1953,-6.073758125,-5.285009384,1
151,1969,-8.759373665,-1.485792637,1
151,1985,-8.689675331,-2.321950436,1
151,2001,4.628134251,-5.597014904,1
151,2017,-0.6398661137,-0.2806152999,1
151,2033,-0.9139853716,-0.2802847624,1
167,17,-0.5686013699,4.364901543,1
167,33,-2.192850113,-1.158459663,1
167,49,-0.9216521978,5.393208504,1
167,65,-1.025359392,5.37490654,1
167,81,-1.258288145,-2.402357101,1
167,97,-4.442224979,2.038855553,1
167,113,-3.976732254,0.453096658,1
167,129,-1.643776655,-0.3893279433,1
167,145,-3.42428875,-0.2763630748,1
167,161,-0.6240075827,0.1043324471,1
167,177,-0.290199399,0.1441905797,1
167,193,-0.8210085034,-0.005346357822,1
167,209,-0.8962653875,0.1984845996,1
167,225,-3.741085052,0.4101774693,1
167,241,-4.101737976,3.915122032,1
167,257,-2.44810009,5.325547695,1
167,273,-2.201942444,4.043845177,1
167,289,-5.201206207,-4.700555801,1
167,305,-1.558483481,4.348032475,1
167,321,-0.9962915182,0.8739638329,1
167,337,-1.18580842,0.5731233358,1
167,353,-2.266670704,0.5121375322,1
167,369,-2.468740463,-0.3396111727,1
167,385,-1.600915194,-1.713294744,1
167,401,-1.73341608,-2.780927181,1
167,417,-2.725520134,-9.80273819,1
167,433,-2.464288712,0.3862532079,1
167,449,-2.53092289,1.08421731,1
167,465,-2.604768991,0.9077177048,1
167,481,-2.307814121,3.51844883,1
167,497,-2.140942097,1.057055712,1
167,513,-2.209445477,0.7001360059,1
167,529,-1.573202968,0.5314227343,1
167,545,-0.7496495247,1.654703379,1
167,561,-2.350047588,0.5000562668,1
167,577,-2.80510354,1.481559515,1
167,593,-2.979319334,4.528964043,1
167,609,-2.90465188,0.8676749468,1
167,625,-2.426706553,0.4747749567,1
167,641,-2.168745518,1.008634925,1
167,657,-1.512292862,2.37997508,1
167,673,-0.02440214157,1.8506217,1
167,689,5.543662548,-3.360617876,1
167,705,-3.378064632,-6.873795509,1
167,721,-2.004357576,-2.624197721,1
167,737,-7.751861572,-0.7845346928,1
167,753,-2.671791315,11.54541492,1
167,769,-2.953433037,3.729973555,1
167,785,-1.791038275,4.697558403,1
167,801,-1.675717831,3.776459217,1
167,817,-1.954905987,11.1922102,1
167,833,-1.866291761,2.527216196,1
167,849,-0.8949545622,2.283989906,1
167,865,-1.23213315,2.476138115,1
167,881,-1.254585743,1.899808407,1
167,897,-1.649630189,1.97087431,1
167,913,-2.338488817,2.057174206,1
167,929,-3.132392406,2.224323273,1
167,945,-2.70350337,2.306539536,1
167,961,-1.505533814,2.65831542,1
167,977,-1.229450345,1.837437749,1
167,993,-0.2674973011,0.3377130032,1
167,1009,-2.180355072,1.251784563,1
167,1025,-2.071242332,2.722002983,1
167,1041,-0.9387118816,3.074278355,1
167,1057,0.7624197006,2.6001091,1
167,1073,2.109148502,2.434780121,1
167,1089,0.07394933701,1.141601801,1
167,1105,-1.292067289,0.8414480686,1
167,1121,-7.163690567,6.435147285,1
167,1137,-5.773825645,7.728615761,1
167,1153,-2.961938858,2.0143888,1
167,1169,-2.673517466,1.677586555,1
167,1185,-4.284182549,2.218384504,1
167,1201,-3.918851852,3.374725819,1
167,1217,4.042563438,10.24333477,1
167,1233,-1.374381423,-0.6041798592,1
167,1249,-0.8662954569,1.710173607,1
167,1265,-0.6280221939,3.966362953,1
167,1281,6.095593452,4.894069672,1
167,1297,-0.5252435207,5.143712997,1
167,1313,-0.5180921555,3.489253998,1
167,1329,-0.796112597,4.369874954,1
167,1345,-0.4857399464,3.952090502,1
167,1361,-0.1122479439,4.60863781,1
167,1377,-0.660167098,3.941802979,1
167,1393,-1.777512908,3.309409618,1
167,1409,-0.6424013376,3.202301025,1
167,1425,-0.7682390213,2.11937952,1
167,1441,6.475907326,7.155542374,1
167,1457,-1.564236283,11.37669945,1
167,1473,-2.598111153,1.016925812,1
167,1489,-10.19727707,2.65402317,1
167,1505,-9.420503616,5.155753613,1
167,1521,-0.4480039477,3.067329884,1
167,1537,0.126737833,4.4640522,1
167,1553,-0.3146388531,4.07924366,1
167,1569,1.109929919,4.687423229,1
167,1585,5.226754665,-3.64788723,1
167,1601,0.820029974,3.787772655,1
167,1617,1.753481984,4.160947323,1
167,1633,0.3801705837,2.615950584,1
167,1649,-0.1284198761,2.048283339,1
167,1665,-0.1670535505,3.133369446,1
167,1681,-0.4047558904,2.315593481,1
167,1697,-1.047687411,-1.363182187,1
167,1713,-1.428220391,9.59986496,1
167,1729,0.201674819,3.004793406,1
167,1745,0.7252878547,1.781875134,1
167,1761,0.4352784157,0.7478693724,1
167,1777,-3.424094439,1.341394305,1
167,1793,1.256785631,-3.21912241,1
167,1809,-1.385028601,2.10434103,1
167,1825,-2.84629035,4.538890362,1
167,1841,-7.462589264,2.668726683,1
167,1857,2.553620338,-1.417252541,1
167,1873,6.860377312,6.060647011,1
167,1889,-3.020656586,-6.414252281,1
167,1905,2.012233496,0.8249777555,1
167,1921,-4.680080414,1.487524033,1
167,1937,-4.790854454,1.358872652,1
167,1953,8.436388969,0.855094552,1
167,1969,7.55431509,-3.650465488,1
167,1985,1.093198776,9.219185829,1
167,2001,4.591180325,-7.324864388,1
167,2017,0.5911604166,-0.6331859827,1
167,2033,0.2025498152,-0.6049487591,1
183,17,-3.306385517,0.002534106374,1
183,33,-4.529801369,-0.2310785651,1
183,49,-4.810001373,7.113865852,1
183,65,1.976023793,4.353574276,1
183,81,-9.038383484,-4.163184643,1
183,97,-1.507833481,2.009843111,1
183,113,-5.623373032,7.712927341,1
183,129,-1.31451118,-0.2178155482,1
183,145,-1.309324622,-0.2065985203,1
183,161,-5.755532265,0.8431822062,1
183,177,-1.044772148,0.4506191909,1
183,193,-0.927347064,0.3924515545,1
183,209,-0.5281229615,0.2014558315,1
183,225,-1.057528138,0.5403585434,1
183,241,-2.009217501,1.804451227,1
183,257,-2.045659065,4.570819855,1
183,273,-2.226444721,2.225337267,1
183,289,-1.245408773,-5.65301609,1
183,305,-0.7200449109,5.135569096,1
183,321,-0.8398891091,2.341284752,1
183,337,-1.408214927,1.580257058,1
183,353,-3.671346426,1.039551616,1
183,369,-1.717893958,-0.06944420934,1
183,385,-1.861326218,-1.569708109,1
183,401,-3.285079956,-2.673780441,1
183,417,-0.4462287426,-1.91696465,1
183,433,0.692751646,-2.904576063,1
183,449,-1.723067164,-0.2333191186,1
183,465,-1.90057981,0.7134987712,1
183,481,-1.695710421,1.595164657,1
183,497,-1.657742739,1.49621129,1
183,513,-1.384522557,0.9047237039,1
183,529,-1.354262829,-0.9110856056,1
183,545,-1.585218787,0.135171771,1
183,561,-0.6309871674,-0.3766578436,1
183,577,0.5656378269,0.4428038597,1
183,593,-0.03219437599,7.776628017,1
183,609,5.062296867,0.9305143356,1
183,625,-1.789067388,-0.90649575,1
183,641,-2.768553257,1.041662931,1
183,657,-2.307882071,2.411026478,1
183,673,-1.736307621,2.356618881,1
183,689,-2.789255619,1.792070866,1
183,705,-3.078734875,0.6525244713,1
183,721,-5.96025753,-0.6687291861,1
183,737,-3.668966532,5.381402969,1
183,753,-5.40606308,9.124200821,1
183,769,-0.5670442581,4.593309402,1
183,785,-1.807785273,4.467802048,1
183,801,-1.517750978,4.05127573,1
183,817,-0.878344059,10.54110909,1
183,833,-2.399543524,2.319226503,1
183,849,-1.743384957,2.264174223,1
183,865,-1.790900826,1.537563562,1
183,881,-1.745085478,-0.009577035904,1
183,897,-2.233941317,1.508850694,1
183,913,-2.556512117,2.895016193,1
183,929,-2.943151951,2.648472786,1
183,945,-2.278614521,2.603559971,1
183,961,-0.1155970097,0.8209018707,1
183,977,0.1183265448,1.057424307,1
183,993,-1.38694191,-0.3620589972,1
183,1009,-1.142183542,2.205411196,1
183,1025,-0.6504914761,4.460785389,1
183,1041,0.2444573939,3.474487066,1
183,1057,0.757499218,3.326311111,1
183,1073,-0.2975414991,3.709042549,1
183,1089,-1.401348591,2.912398815,1
183,1105,-1.769354582,0.5165441036,1
183,1121,-3.384185314,6.109147072,1
183,1137,-4.336657524,6.824989319,1
183,1153,-2.820728302,2.529835701,1
183,1169,-2.430870771,2.569076777,1
183,1185,-2.021946907,1.60757041,1
183,1201,-1.381713986,1.941785097,1
183,1217,-0.8456597328,1.059309959,1
183,1233,-0.7660924196,0.4960741997,1
183,1249,-0.8801347017,2.829539537,1
183,1265,-0.4323878288,4.116751194,1
183,1281,-0.2986008525,5.730209827,1
183,1297,-0.178391844,4.838916302,1
183,1313,-0.4494394958,1.599869728,1
183,1329,-0.885314405,1.186247349,1
183,1345,-0.8039476871,2.22158432,1
183,1361,-0.5439573526,3.174127102,1
183,1377,-0.8798431158,3.154409885,1
183,1393,-1.00496316,2.895775318,1
183,1409,-0.6776633859,3.206321478,1
183,1425,0.6229898334,2.541445971,1
183,1441,0.8863848448,2.663499594,1
183,1457,-1.40289855,11.31080818,1
183,1473,-1.045208335,1.683248997,1
183,1489,-0.08531427383,11.53157806,1
183,1505,4.663100719,-5.240195274,1
183,1521,2.719569445,-2.761462688,1
183,1537,-0.0862198472,6.190674305,1
183,1553,4.065721035,-3.758542061,1
183,1569,7.351553917,-0.8437511921,1
183,1585,5.932701588,-2.861380339,1
183,1601,1.069784403,3.33144021,1
183,1617,0.2177403569,4.053122997,1
183,1633,-0.2882753611,2.631162167,1
183,1649,0.2226242423,3.035645962,1
183,1665,-0.003179788589,2.644377708,1
183,1681,-1.167953968,2.538637638,1
183,1697,5.965612888,1.48309195,1
183,1713,6.709611893,-3.581995964,1
183,1729,6.120804787,-4.466095924,1
183,1745,-0.03752643615,1.051658034,1
183,1761,-0.1330601424,0.5764391422,1
183,1777,0.07107704878,1.686780214,1
183,1793,0.8133579493,4.957735062,1
183,1809,-0.9759068489,3.241711378,1
183,1825,-1.154323936,2.723905563,1
183,1841,-0.2696256638,4.549461842,1
183,1857,-3.841308117,4.965063095,1
183,1873,0.2326959372,6.481413841,1
183,1889,0.6642336845,5.080596447,1
183,1905,2.535143375,1.808947563,1
183,1921,-1.386442184,7.244257927,1
183,1937,-9.058086395,-1.531158447,1
183,1953,4.425659657,8.549904823,1
183,1969,4.78839922,-6.927277565,1
183,1985,-4.447303295,2.358680248,1
183,2001,0.9117244482,0.1794750094,1
183,2017,0.817838788,0.2060427368,1
183,2033,0.05185776949,0.547116518,1
199,17,-1.980381489,-0.4802062511,1
199,33,-2.469727993,0.01633781195,1
199,49,2.1866045,7.801850319,1
199,65,0.7022218704,4.043020248,1
199,81,-10.67655945,-0.3794498444,1
199,97,-1.169697404,-6.174048424,1
199,113,-2.752727509,1.722310662,1
199,129,-3.940131903,1.843485475,1
199,145,-3.83140111,-2.330327034,1
199,161,-1.398810983,-0.0350151062,1
199,177,-0.1990684271,0.9736978412,1
199,193,-0.01719266176,1.845627069,1
199,209,0.1864991188,1.144446254,1
199,225,-0.06978088617,0.6107879877,1
199,241,-1.045891523,0.8530300856,1
199,257,-3.380181313,-6.550648689,1
199,273,-1.751571655,0.4524199963,1
199,289,-0.2988972068,1.919600368,1
199,305,0.03916561604,3.376159668,1
199,321,-0.2098121047,3.149145126,1
199,337,-0.683193624,1.749642015,1
199,353,-1.890170097,1.142288685,1
199,369,-1.160642743,0.4584925175,1
199,385,-2.005204201,-1.000934124,1
199,401,-2.045563221,-0.3158328533,1
199,417,-1.023463011,-0.8988516331,1
199,433,0.3076074123,-1.598367333,1
199,449,-0.8862688541,-0.04419887066,1
199,465,-1.22179389,0.8649427891,1
199,481,-2.814543009,0.7467125654,1
199,497,-2.715215445,0.195913136,1
199,513,-2.284837484,2.196443319,1
199,529,-2.786301374,0.9860720634,1
199,545,-4.369141579,-1.941301465,1
199,561,1.769047976,-1.184295893,1
199,577,-1.34231019,-6.881923676,1
199,593,-1.574023247,-5.012631893,1
199,609,-1.619171858,1.2960639,1
199,625,-1.673238993,-1.38595295,1
199,641,4.972993851,-0.8610218763,1
199,657,4.51843071,8.628502846,1
199,673,-2.620293617,2.537972689,1
199,689,-2.132439137,1.824687481,1
199,705,-1.29013896,1.394445419,1
199,721,1.132956982,1.480685472,1
199,737,-1.831784964,5.235776424,1
199,753,-2.837140083,-5.685762405,1
199,769,-1.377084732,3.129683971,1
199,785,-1.65045929,3.567922354,1
199,801,-3.110063314,3.436560631,1
199,817,-3.698256016,2.612897635,1
199,833,-3.110124111,1.105561733,1
199,849,-4.231200218,1.48856318,1
199,865,-1.473940372,1.002680898,1
199,881,-1.341143131,0.04505777359,1
199,897,-1.709743261,1.281475544,1
199,913,-2.541378736,2.394795418,1
199,929,-3.657829285,3.167227745,1
199,945,-3.600301266,2.89996767,1
199,961,1.421142101,-0.9878559113,1
199,977,-0.03852152824,2.041569233,1
199,993,-0.2192058563,-2.658574581,1
199,1009,0.04031991959,1.005555868,1
199,1025,0.3273553848,3.007284403,1
199,1041,0.4209120274,3.337761164,1
199,1057,-0.2311100662,3.706168413,1
199,1073,-0.8605935574,3.532173872,1
199,1089,-1.827306628,3.406326294,1
199,1105,-2.683325291,4.4580369,1
199,1121,-3.516160011,3.688730717,1
199,1137,-3.883970737,3.796712875,1
199,1153,-3.708831787,2.964621544,1
199,1169,-3.535326004,3.017158031,1
199,1185,-1.174351692,2.368679523,1
199,1201,0.137604475,2.687572002,1
199,1217,-0.8078180552,2.845174551,1
199,1233,-0.6392974854,3.33891964,1
199,1249,-0.6777269244,3.763774872,1
199,1265,-0.6776793599,4.24846077,1
199,1281,-0.03975582123,4.367132187,1
199,1297,-0.0992769599,4.948895454,1
199,1313,-1.488090992,2.191422462,1
199,1329,-2.015393972,0.8513503075,1
199,1345,-1.324383497,3.009967804,1
199,1361,-2.888372421,5.227138519,1
199,1377,-1.928911567,2.402060509,1
199,1393,-0.5928816795,2.612369776,1
199,1409,-1.016254425,6.334779739,1
199,1425,-0.3814404607,2.263403416,1
199,1441,-1.465879917,0.3445167542,1
199,1457,-5.270143032,9.858789444,1
199,1473,-0.2250172496,2.806170702,1
199,1489,-0.1039680243,9.783156395,1
199,1505,0.2059243917,-6.088215828,1
199,1521,-6.769579887,6.348072052,1
199,1537,-0.110416472,5.675704479,1
199,1553,-7.139663696,-1.914426804,1
199,1569,-0.09768098593,3.573883533,1
199,1585,-0.1256993711,3.444277287,1
199,1601,0.335914433,-5.266383171,1
199,1617,-0.4626144469,2.756639957,1
199,1633,-1.934772253,2.053654194,1
199,1649,-0.7160031796,3.136771679,1
199,1665,-0.8940256834,2.494801998,1
199,1681,-1.573282599,1.97305131,1
199,1697,-2.794202328,1.284788132,1
199,1713,-2.209159851,-0.6441309452,1
199,1729,-1.471662998,-1.421283722,1
199,1745,-0.07463395596,1.467887521,1
199,1761,-0.2694025636,1.84405303,1
199,1777,3.544123173,8.661487579,1
199,1793,-0.8901580572,2.049384832,1
199,1809,-1.970517039,2.060207844,1
199,1825,-1.891999364,1.233038425,1
199,1841,0.9999320507,3.581769943,1
199,1857,-1.983569026,2.627108097,1
199,1873,-2.135488987,2.716346025,1
199,1889,-2.163974285,1.800933361,1
199,1905,-9.45826149,0.2875881195,1
199,1921,-0.2783812881,6.707833767,1
199,1937,8.227958679,1.917490721,1
199,1953,-0.8698949814,4.877813339,1
199,1969,-1.342102766,1.804939866,1
199,1985,-0.3769560456,0.4318629205,1
199,2001,0.9712981582,0.128320545,1
199,2017,0.5226001143,0.5545822382,1
199,2033,-1.478154421,1.026652336,1
215,17,-1.947587252,-0.4398385286,1
215,33,-2.66346693,0.2663448453,1
215,49,-2.92337656,0.4647121429,1
215,65,-3.791488171,0.296308279,1
215,81,-3.235469341,-1.834299564,1
215,97,1.528904319,-7.5029006,1
215,113,-1.63144207,2.738735199,1
215,129,-2.372752666,1.669521928,1
215,145,-3.243725777,-1.814306021,1
215,161,-0.7498572469,0.4667746127,1
215,177,-0.7212842703,1.085266113,1
215,193,-0.06284493208,1.178258061,1
215,209,2.612377167,0.8542559147,1
215,225,2.080915451,0.4251612425,1
215,241,-0.1723675132,0.7194423676,1
215,257,-0.9494297504,0.5815033913,1
215,273,0.1110137701,0.3671008348,1
215,289,0.6740845442,1.183972716,1
215,305,0.4356742501,1.896163464,1
215,321,0.4748147726,1.779212952,1
215,337,0.5101076365,1.597242475,1
215,353,0.06661882997,1.07845366,1
215,369,-0.5108988285,0.4604128599,1
215,385,-3.817200184,-1.150267601,1
215,401,-7.726629257,-4.350831509,1
215,417,-0.7824165821,-0.01550906897,1
215,433,-0.1001845598,0.1666858196,1
215,449,-0.8577488661,-0.05794596672,1
215,465,-1.353156328,0.7888512015,1
215,481,-2.442722082,1.149475217,1
215,497,-4.963543892,-5.602772713,1
215,513,-2.545623541,3.55639267,1
215,529,-2.540225506,2.868486166,1
215,545,-3.077702522,0.5824916959,1
215,561,7.072959423,2.814977646,1
215,577,1.599834681,10.04270172,1
215,593,-1.20912528,10.31962204,1
215,609,4.406924248,8.269225121,1
215,625,7.32797575,2.014317989,1
215,641,6.480475426,-1.814966917,1
215,657,6.679602146,6.630145073,1
215,673,-0.9794301987,1.263353348,1
215,689,0.01878130436,4.15700531,1
215,705,-0.1766710281,3.781907558,1
215,721,0.07787019014,3.051390171,1
215,737,-9.787488937,1.74058342,1
215,753,-1.183088422,-6.212069511,1
215,769,-1.672496557,9.618188858,1
215,785,-1.635150433,2.487034559,1
215,801,-4.967738152,2.404375792,1
215,817,-5.394295216,2.236061573,1
215,833,-4.674129486,1.745362163,1
215,849,-3.957140446,0.467918396,1
215,865,-2.753432751,0.985935092,1
215,881,-1.795663595,1.687147856,1
215,897,3.222418785,8.607517242,1
215,913,-1.191549063,1.272011876,1
215,929,-1.989489913,2.074118614,1
215,945,-2.285055161,2.303274155,1
215,961,-1.494346738,2.146162033,1
215,977,-0.7149275541,3.387606859,1
215,993,0.09680363536,0.8558148146,1
215,1009,0.6680401564,0.21232903,1
215,1025,0.354950428,1.86472702,1
215,1041,-0.153685987,2.609313011,1
215,1057,-1.147096634,3.076300383,1
215,1073,-1.909103632,3.306089401,1
215,1089,-2.156757355,3.256688833,1
215,1105,-3.003983021,3.044886351,1
215,1121,-3.966448307,3.479183674,1
215,1137,-4.471822739,3.664664984,1
215,1153,-4.530082703,3.740173101,1
215,1169,-4.262653351,3.710927963,1
215,1185,-3.372418165,3.17458415,1
215,1201,-1.929089785,3.398110867,1
215,1217,-1.319092631,3.402855396,1
215,1233,-0.9421370029,3.425681829,1
215,1249,-0.7908613682,3.688442945,1
215,1265,-0.7815031409,3.807727575,1
215,1281,-0.5824706554,3.933306217,1
215,1297,-0.2766913772,6.814113617,1
215,1313,-3.001830339,4.238063812,1
215,1329,-2.17880702,3.126177311,1
215,1345,-1.919338107,2.646133184,1
215,1361,-2.067957401,4.287960052,1
215,1377,-0.2856923938,3.164126158,1
215,1393,-0.1374555826,3.063057423,1
215,1409,-0.4288553894,3.624428988,1
215,1425,-0.1120051444,1.849046469,1
215,1441,-0.8122461438,-6.670769691,1
215,1457,-1.60168457,1.782222748,1
215,1473,-0.7399597168,2.412425041,1
215,1489,0.5642627478,4.748188496,1
215,1505,0.07676364481,3.847221613,1
215,1521,-0.4086511731,4.232343674,1
215,1537,-0.5402743816,3.648551702,1
215,1553,-0.6659933329,3.266598225,1
215,1569,-0.7019060254,3.590619087,1
215,1585,-5.246228218,10.39797783,1
215,1601,-2.811676741,1.23818326,1
215,1617,-3.414307594,0.6902520657,1
215,1633,-9.005638123,3.24040699,1
215,1649,-3.027714252,2.915883064,1
215,1665,-1.614341378,2.999505997,1
215,1681,-1.747522593,2.170875072,1
215,1697,-3.410866499,1.568517804,1
215,1713,-3.104191303,0.2709719539,1
215,1729,-2.880890846,-0.01075172424,1
215,1745,-1.509101629,1.514330268,1
215,1761,-1.861772537,0.2430598438,1
215,1777,3.156750679,8.335395813,1
215,1793,-0.006796121597,1.142890692,1
215,1809,-1.24095571,0.8666985035,1
215,1825,-2.881400108,-2.11297226,1
215,1841,-0.01167654991,0.0122936368,1
215,1857,1.05171299,0.9616206884,1
215,1873,-0.9328436852,2.140084743,1
215,1889,-0.8746976852,1.384005547,1
215,1905,-2.557907104,6.522122383,1
215,1921,-3.448945284,6.269950867,1
215,1937,8.229048729,3.482032061,1
215,1953,-8.858590126,0.01917690039,1
215,1969,-1.299423218,8.938591003,1
215,1985,1.878612995,9.011552811,1
215,2001,-3.8452034,7.731856346,1
215,2017,0.0568818599,-0.506943047,1
215,2033,-1.457134724,-0.009901225567,1
231,17,-1.934926987,-0.3095510006,1
231,33,-2.422705173,0.4491348863,1
231,49,-2.851109028,0.07599443197,1
231,65,-2.537373781,0.06836150587,1
231,81,-2.308681965,-1.313612342,1
231,97,-0.4354832172,-6.603201866,1
231,113,1.884146094,-8.897162437,1
231,129,-3.628593922,-2.033196449,1
231,145,-2.650840521,0.4184941947,1
231,161,-0.6139307022,0.6282521486,1
231,177,-0.9741590023,0.572563827,1
231,193,-0.9398066998,0.5900128484,1
231,209,-0.7484722137,1.232276917,1
231,225,0.5189411044,0.835247457,1
231,241,0.6890048981,0.9178942442,1
231,257,0.2683037519,1.165630579,1
231,273,0.3926227689,1.44010067,1
231,289,1.429001331,1.310688853,1
231,305,2.076461792,0.4634774923,1
231,321,1.102772355,1.429789305,1
231,337,0.7652887106,1.092615843,1
231,353,0.1701374054,-0.2817739248,1
231,369,1.017448902,-7.478894234,1
231,385,-7.838548183,0.4178086519,1
231,401,-8.472085953,-2.800355911,1
231,417,-0.03413450718,0.1723124981,1
231,433,-1.86884141,0.2947309017,1
231,449,-2.631477356,-0.4068518281,1
231,465,-1.52033329,0.7832067013,1
231,481,-5.154761791,-6.49448967,1
231,497,-5.823379517,-5.795476437,1
231,513,-4.154819965,4.336470604,1
231,529,-9.726344109,0.7366000414,1
231,545,-6.405995369,0.6206070185,1
231,561,-3.840386152,-0.5353609324,1
231,577,-2.360123158,1.623731613,1
231,593,-0.9084006548,10.28773212,1
231,609,-1.026918888,-5.421677589,1
231,625,-1.052167654,1.668252707,1
231,641,0.5651733875,1.710474014,1
231,657,-0.5559392571,9.348522186,1
231,673,2.01510334,-6.753388405,1
231,689,1.464947224,5.474917412,1
231,705,0.7261229157,4.854578972,1
231,721,7.21430254,7.677371979,1
231,737,-9.374388695,2.134068489,1
231,753,-0.9612295628,1.491104841,1
231,769,-1.632894158,2.549072504,1
231,785,-3.257819653,1.978611469,1
231,801,-2.96092701,2.362060308,1
231,817,-3.425174236,2.062309265,1
231,833,-10.4801302,6.720492363,1
231,849,-10.69862175,6.56326437,1
231,865,-4.907487392,1.501680851,1
231,881,-1.91347003,1.248454928,1
231,897,0.1051036119,1.20103693,1
231,913,-0.1233599186,1.106290936,1
231,929,-1.989651918,1.253865957,1
231,945,-1.452667832,1.667403698,1
231,961,0.8027310967,-6.92347908,1
231,977,-0.6505312324,1.396414995,1
231,993,8.365740776,0.594037056,1
231,1009,0.1903289557,0.2742279768,1
231,1025,-0.1272366047,1.176451683,1
231,1041,-3.452800512,-6.422429562,1
231,1057,-3.085392475,2.939990759,1
231,1073,-2.677330256,4.231638908,1
231,1089,-2.384920597,3.150758028,1
231,1105,-3.088515759,1.581835032,1
231,1121,-3.764971733,2.596792698,1
231,1137,-4.225434303,3.673020601,1
231,1153,-4.179932117,3.819939852,1
231,1169,-3.637148619,3.45394969,1
231,1185,-2.741633177,3.34264636,1
231,1201,-2.135531425,3.151571274,1
231,1217,-1.554355025,3.200312138,1
231,1233,-1.04775393,3.238301992,1
231,1249,-1.007634044,3.648872852,1
231,1265,-0.9412664771,3.652752161,1
231,1281,-0.2635212541,4.16638279,1
231,1297,-0.7712259293,6.213079929,1
231,1313,-1.748643875,7.441556454,1
231,1329,-2.237718582,2.371208668,1
231,1345,-2.088698387,2.859747887,1
231,1361,-0.9320071936,3.167924881,1
231,1377,0.9304798841,3.3909657,1
231,1393,0.4931614399,3.116964817,1
231,1409,-0.3562669754,3.220585585,1
231,1425,-5.623213291,-4.63292408,1
231,1441,-6.015137196,-5.063322067,1
231,1457,4.39073658,-6.07820797,1
231,1473,-0.4443695843,1.199947834,1
231,1489,1.890235186,3.481210947,1
231,1505,0.9749612212,4.54579258,1
231,1521,-0.3371558189,4.852086067,1
231,1537,-0.3705482483,3.341428518,1
231,1553,-1.32813406,4.046768188,1
231,1569,-1.997794509,3.625220299,1
231,1585,-0.9233145714,4.701160908,1
231,1601,-0.3441525102,2.674179554,1
231,1617,7.576983929,-1.830729485,1
231,1633,3.19787693,0.01266622543,1
231,1649,-0.3416420221,2.49508357,1
231,1665,-0.9944338202,2.991481781,1
231,1681,-2.020884752,2.679721117,1
231,1697,-1.558810711,0.5937854648,1
231,1713,-2.291226387,0.1162275672,1
231,1729,-2.822976351,0.854331553,1
231,1745,-2.865509033,3.393857241,1
231,1761,-3.249593019,-7.684709549,1
231,1777,-5.844205856,0.3613662124,1
231,1793,-7.277216911,3.093829632,1
231,1809,-0.9406000376,-0.2174994946,1
231,1825,0.6347869635,-0.3395544291,1
231,1841,1.508413315,-0.7230237126,1
231,1857,1.39612186,-0.0553715229,1
231,1873,0.3789157867,0.3682806492,1
231,1889,-0.3894298077,2.227812767,1
231,1905,-2.195674896,9.648235321,1
231,1921,-4.719640255,6.658430576,1
231,1937,-3.638460636,4.003092766,1
231,1953,3.148226738,-4.610582352,1
231,1969,2.163487196,-3.81354475,1
231,1985,-2.445705414,8.66064167,1
231,2001,-2.731289625,8.797338486,1
231,2017,0.1165510416,-0.2284517437,1
231,2033,-0.4495065212,-1.42841053,1
247,17,4.311232567,4.705910683,1
247,33,3.785839558,6.46521616,1
247,49,-1.935425639,-0.07462579012,1
247,65,-6.415860176,-7.806929588,1
247,81,-2.160101175,-0.5564854741,1
247,97,-0.4140763283,-5.286950111,1
247,113,1.069294572,-8.711186409,1
247,129,-1.354877472,-1.730166435,1
247,145,-2.086632729,0.6675810218,1
247,161,-0.7128984928,0.5622579455,1
247,177,-0.915104866,0.3924910426,1
247,193,-1.362148523,0.2506030202,1
247,209,-1.090978622,0.7508484721,1
247,225,-0.7772740126,1.079736471,1
247,241,-0.1872705817,0.8105707169,1
247,257,0.3481007516,1.725692153,1
247,273,-0.01656788588,3.056645393,1
247,289,1.013031363,2.255763531,1
247,305,1.578072309,1.206400156,1
247,321,1.616660714,1.665921092,1
247,337,1.246720672,1.028284311,1
247,353,-0.1349257231,-0.09506511688,1
247,369,0.5373561382,3.003068447,1
247,385,-8.463226318,1.946327686,1
247,401,-9.300013542,1.655225277,1
247,417,-0.9650633335,0.6583096385,1
247,433,-1.818759203,-0.1657417715,1
247,449,-1.56809485,0.1390075088,1
247,465,0.03644704819,0.9004043341,1
247,481,-3.204416513,4.360051632,1
247,497,-6.423096657,-4.30961895,1
247,513,-2.256901503,1.57017827,1
247,529,5.801548004,0.2429630756,1
247,545,-3.588574648,0.8553498983,1
247,561,-2.872296572,-0.3260033131,1
247,577,-2.156617403,1.411159158,1
247,593,-0.9899978638,1.350605726,1
247,609,5.623849869,2.148310184,1
247,625,4.567429543,2.090078592,1
247,641,-0.03684574366,2.182995319,1
247,657,-0.6387907267,2.281092167,1
247,673,-0.2374168634,2.03070569,1
247,689,1.31565702,2.516089678,1
247,705,0.1937645972,3.484115124,1
247,721,-4.47354269,10.84724236,1
247,737,-7.184087753,2.083451748,1
247,753,-0.8482042551,1.158238292,1
247,769,-1.277740598,1.058878899,1
247,785,-2.897241354,1.609187603,1
247,801,-2.70711112,3.78625679,1
247,817,-3.593090057,2.116289616,1
247,833,-3.440470219,2.331801891,1
247,849,-6.040486336,-5.715694427,1
247,865,-3.48292613,7.145222664,1
247,881,-2.187022448,1.160209656,1
247,897,0.2363677025,0.7522241473,1
247,913,-0.101046145,0.6862467527,1
247,929,-1.367903233,-0.2118797302,1
247,945,-0.7915656567,-1.222783804,1
247,961,0.3278974295,-7.210484505,1
247,977,0.4904191494,-7.661308289,1
247,993,-0.8894876242,0.8658213019,1
247,1009,-0.8096692562,0.8462005854,1
247,1025,-1.071838379,0.9598069191,1
247,1041,2.629927635,0.09930515289,1
247,1057,-1.068342447,4.468538761,1
247,1073,-6.752018929,7.920272827,1
247,1089,-7.370458126,6.857497215,1
247,1105,-4.854577065,3.70079875,1
247,1121,-3.913746834,4.776309967,1
247,1137,-2.46527648,3.484053373,1
247,1153,-2.229896069,3.638532639,1
247,1169,-4.099632263,3.889122725,1
247,1185,-6.200119019,-2.11811924,1
247,1201,-2.315071344,3.631369591,1
247,1217,-0.6089334488,1.616461277,1
247,1233,-1.860973835,2.907594681,1
247,1249,-1.705803394,3.056644201,1
247,1265,-1.276515603,3.379516363,1
247,1281,-1.204991102,4.953907967,1
247,1297,-1.116320133,4.552288055,1
247,1313,-1.672061205,-2.440470934,1
247,1329,-2.152891159,-2.426202774,1
247,1345,-3.116532326,4.654566288,1
247,1361,-1.547351837,3.279087782,1
247,1377,-0.0009481310844,3.176323891,1
247,1393,0.3084530234,2.886041641,1
247,1409,-7.561826706,7.07308197,1
247,1425,-6.774088383,7.810177803,1
247,1441,-4.831275463,3.329380035,1
247,1457,-8.584257126,-1.818572164,1
247,1473,-0.5463497043,-0.8438416719,1
247,1489,8.727813721,1.350331903,1
247,1505,1.94925344,6.560019493,1
247,1521,-0.08074709773,6.789016724,1
247,1537,-0.4493072033,3.569348574,1
247,1553,-0.7313146591,4.612878323,1
247,1569,-1.030480981,3.573238134,1
247,1585,-0.4885259867,3.278807402,1
247,1601,-8.000011444,7.066246033,1
247,1617,8.200475693,-4.227867603,1
247,1633,0.9091892838,1.522738934,1
247,1649,1.470102549,2.338792324,1
247,1665,4.182757854,2.739043236,1
247,1681,0.1558809876,3.816522598,1
247,1697,-2.273398399,-0.6586260796,1
247,1713,-2.376845837,-0.4100092649,1
247,1729,-2.555886269,1.781366825,1
247,1745,-2.821037292,2.774159193,1
247,1761,-5.290330887,1.251018167,1
247,1777,-3.776635885,-0.02379933,1
247,1793,-5.464297771,-7.895573139,1
247,1809,7.491764545,-2.968829632,1
247,1825,4.526507378,0.2153742909,1
247,1841,1.298077822,0.06951802969,1
247,1857,-6.539839745,-0.1695002913,1
247,1873,-6.790437698,0.08643245697,1
247,1889,-2.593679667,5.697066784,1
247,1905,-3.3621521,-2.867064476,1
247,1921,-0.687395215,-0.9699156284,1
247,1937,-0.7523101568,0.2292170525,1
247,1953,-0.5848112702,-0.2637280822,1
247,1969,-0.1572471261,-0.5358067751,1
247,1985,-5.246939659,-7.568640232,1
247,2001,-3.280190706,-8.178337097,1
247,2017,0.01366025209,0.145860374,1
247,2033,0.07007843256,-0.7720475793,1
263,17,-1.503888726,-1.757504225,1
263,33,-0.5217728615,-1.109737754,1
263,49,6.924891472,-2.705194473,1
263,65,-3.686723232,-5.738558769,1
263,81,-1.936176658,-0.452219069,1
263,97,-3.154126406,-7.402386665,1
263,113,-1.200376391,-0.9546018839,1
263,129,-1.006982207,-2.844368219,1
263,145,-0.8118351698,1.48570013,1
263,161,-0.5270550251,-0.04061710835,1
263,177,-0.5432341099,0.1020156145,1
263,193,-0.9165341854,0.954195857,1
263,209,-0.6216181517,1.240476012,1
263,225,-0.6814899445,0.4040070772,1
263,241,-2.464469194,-1.178736687,1
263,257,-2.527702808,2.34668231,1
263,273,-0.4575610757,3.583527327,1
263,289,-0.8594619036,3.25660944,1
263,305,0.7973331213,2.097850323,1
263,321,1.827386618,2.157325268,1
263,337,1.366602898,2.703191757,1
263,353,0.4360067844,1.802390575,1
263,369,0.6867622137,2.49912715,1
263,385,0.2236266136,1.733308554,1
263,401,-7.908464432,1.449388504,1
263,417,-5.766164303,-7.025400162,1
263,433,-10.01813126,-2.232986927,1
263,449,-1.133539677,0.536038518,1
263,465,-0.182767272,0.8357612491,1
263,481,6.838262081,-2.099360704,1
263,497,-2.821116447,2.124713659,1
263,513,-0.8595433235,1.587075233,1
263,529,2.716577291,7.748479843,1
263,545,-3.879589558,3.299514294,1
263,561,-2.340187073,3.09444046,1
263,577,-0.462896347,2.033823252,1
263,593,-0.9104870558,0.8773280382,1
263,609,2.895343781,1.848462582,1
263,625,-0.5701013803,7.287223816,1
263,641,-0.1304320395,2.932875156,1
263,657,-0.3000712991,2.52496767,1
263,673,-0.8464462161,1.06975174,1
263,689,-0.8229771852,1.652824402,1
263,705,-0.1780117154,3.107288122,1
263,721,-1.478124022,3.393126488,1
263,737,-3.088591337,4.126781464,1
263,753,-1.168312669,1.732013464,1
263,769,-1.440117478,0.877025485,1
263,785,-2.26333189,1.161557674,1
263,801,-0.3011319637,3.527695894,1
263,817,6.502643585,3.498093605,1
263,833,-7.53302145,-5.237110138,1
263,849,-7.249221325,2.464601994,1
263,865,-0.2817559242,4.846810818,1
263,881,-3.947097301,-1.870061994,1
263,897,-2.385639191,-1.155617714,1
263,913,-0.9760870934,0.2231088877,1
263,929,-0.9981102943,-0.171622932,1
263,945,0.07352125645,0.00305634737,1
263,961,0.3440223932,0.6325916052,1
263,977,-0.8990086317,1.056803584,1
263,993,-1.969487071,0.7980209589,1
263,1009,-2.64389205,0.8329248428,1
263,1025,-5.130395889,8.664276123,1
263,1041,-1.91367507,3.952432156,1
263,1057,-2.60899353,3.9258883,1
263,1073,2.530209064,-3.611751556,1
263,1089,-1.85230422,-0.4535467625,1
263,1105,-3.893455029,3.538941145,1
263,1121,-2.065081596,3.241944551,1
263,1137,-0.3013396263,3.361591578,1
263,1153,-0.6788127422,3.901835918,1
263,1169,-4.473464012,5.07830286,1
263,1185,-6.239408016,-3.733189583,1
263,1201,-2.435910225,3.947018385,1
263,1217,-0.8580467701,2.769167662,1
263,1233,-1.287924647,2.358345032,1
263,1249,-1.296919584,1.888696909,1
263,1265,-1.544453263,2.989260674,1
263,1281,-2.095790863,3.704783916,1
263,1297,-0.1920332909,4.076098442,1
263,1313,-1.621131539,-4.329349518,1
263,1329,-9.627182007,-0.07767534256,1
263,1345,-10.04804516,-1.229691982,1
263,1361,-9.505244255,-1.297532558,1
263,1377,-1.048187971,3.483515739,1
263,1393,-3.92400074,3.770827532,1
263,1409,-6.212105751,-4.448648453,1
263,1425,0.07767522335,1.604645491,1
263,1441,5.411059856,-5.264709473,1
263,1457,-0.7584581375,-1.375037909,1
263,1473,0.4529528022,-0.7734726667,1
263,1489,-0.07251816988,0.443783164,1
263,1505,-3.387012482,3.895323277,1
263,1521,-0.6546664238,9.072424889,1
263,1537,1.440624475,4.008227348,1
263,1553,-0.1024681926,3.360860348,1
263,1569,-2.026061058,2.701411486,1
263,1585,2.462539673,10.96473026,1
263,1601,-3.320509911,-2.230041742,1
263,1617,4.672150612,-5.85808897,1
263,1633,-0.1789891422,2.002372742,1
263,1649,-3.948187351,-5.300814629,1
263,1665,-0.2271779776,1.085437179,1
263,1681,-0.2665247917,4.468221664,1
263,1697,-3.983318567,-6.457337379,1
263,1713,7.125659943,-2.403229952,1
263,1729,-1.51374054,2.553550959,1
263,1745,-1.26326704,2.593017101,1
263,1761,-1.417336464,-0.03671431541,1
263,1777,-1.925316453,-0.3189043403,1
263,1793,-3.907023191,-0.6090052128,1
263,1809,-5.103152275,-0.005485832691,1
263,1825,-0.1903610826,0.5122616291,1
263,1841,-0.4455555081,0.5748133063,1
263,1857,-1.005443096,1.912822843,1
263,1873,-0.8626163602,3.817535639,1
263,1889,3.078773499,3.481552601,1
263,1905,2.514912128,2.547746181,1
263,1921,-0.4174622297,-1.379543543,1
263,1937,-0.7022513151,-1.036382437,1
263,1953,-1.050628185,-0.3546051681,1
263,1969,-0.9699271321,-0.1048510224,1
263,1985,-0.9413225651,-0.3238732815,1
263,2001,-0.6447012424,-0.1708005667,1
263,2017,4.575157166,-1.657411337,1
263,2033,-0.5923051834,0.5058943629,1
279,17,-1.698571563,-0.7209591866,1
279,33,-0.9947485924,-0.902066946,1
279,49,6.635064125,-1.710083842,1
279,65,-1.760079145,-0.6283197403,1
279,81,-1.34880054,-0.1547366381,1
279,97,-0.8631999493,0.666780293,1
279,113,-0.7389545441,-0.1919505,1
279,129,-0.5647310019,-2.008430243,1
279,145,-0.4320682287,0.281771481,1
279,161,-0.3916630149,0.1358449161,1
279,177,-0.2617048621,0.4319340587,1
279,193,-0.06115248799,1.181945324,1
279,209,0.02384108305,2.239784241,1
279,225,-0.08659034967,1.322778106,1
279,241,-0.6160491705,0.1223018169,1
279,257,-0.9613602161,2.543447495,1
279,273,-0.8438210487,4.067439079,1
279,289,-0.6009654999,2.965454578,1
279,305,-0.3827707171,2.222417831,1
279,321,0.8556096554,1.701203465,1
279,337,0.7845324278,2.342890978,1
279,353,0.1085286736,1.149759531,1
279,369,-0.3429905772,-0.0903980732,1
279,385,-0.5557171106,0.3201463819,1
279,401,-1.054454088,0.2410252094,1
279,417,-1.192947388,1.521873951,1
279,433,-1.343596101,2.286590099,1
279,449,-1.610512495,-0.005559951067,1
279,465,-1.818082452,-0.3698934913,1
279,481,-9.420495033,-4.348989487,1
279,497,-5.788189888,0.7543649077,1
279,513,-5.95300293,3.505295515,1
279,529,-6.019829273,7.645693302,1
279,545,1.386850834,11.17110443,1
279,561,-1.624240637,3.863794804,1
279,577,-1.209983349,2.290111542,1
279,593,-1.665434599,1.430796266,1
279,609,-1.032306433,2.013110638,1
279,625,-0.7327128053,3.03927207,1
279,641,-0.3898923099,2.711650848,1
279,657,-1.486596584,2.545118332,1
279,673,-2.928760767,1.232314587,1
279,689,-2.42204833,1.794109344,1
279,705,2.922473907,2.954344273,1
279,721,5.613008499,-3.171407938,1
279,737,-9.249979973,6.571348667,1
279,753,-1.805936337,3.432907581,1
279,769,-1.594751596,1.537057161,1
279,785,-1.737166166,1.055319905,1
279,801,-2.120560646,0.5855903625,1
279,817,-7.878146648,-5.520008087,1
279,833,6.242904663,4.003178596,1
279,849,-2.539805174,-0.5124912262,1
279,865,6.00165844,-2.051316261,1
279,881,-2.729062796,0.8496062756,1
279,897,-1.960016608,0.6243187785,1
279,913,-1.043321371,0.6421738863,1
279,929,-2.478018999,0.09896683693,1
279,945,-1.671089888,0.7420966625,1
279,961,-1.6576792,0.286506176,1
279,977,-2.681931973,1.406368256,1
279,993,-2.884241104,0.7667467594,1
279,1009,-2.501422167,-2.041883945,1
279,1025,-0.1657118797,5.798091888,1
279,1041,-2.462306261,4.116664886,1
279,1057,-2.777814388,2.615810394,1
279,1073,-2.703064442,2.782535076,1
279,1089,-2.781570435,5.704277039,1
279,1105,-5.202150345,-5.393078804,1
279,1121,-1.511880517,2.805362225,1
279,1137,-0.04360675812,3.732141972,1
279,1153,-1.023605108,6.683269501,1
279,1169,-3.012620926,5.198860168,1
279,1185,-3.010786533,3.961372852,1
279,1201,-2.281862736,3.206746578,1
279,1217,-8.843502998,-1.355432034,1
279,1233,-1.376025915,1.437874794,1
279,1249,-7.407272816,-3.589430571,1
279,1265,-8.515319824,-1.314231634,1
279,1281,-0.3334556222,3.897129536,1
279,1297,-0.3041821718,3.790302753,1
279,1313,-0.9438020587,3.80685854,1
279,1329,-1.663323164,3.991456747,1
279,1345,-8.020845413,-3.054537773,1
279,1361,-10.40897942,6.09890461,1
279,1377,-1.116842389,3.421932697,1
279,1393,1.340415597,0.682145834,1
279,1409,-1.510721922,1.300544024,1
279,1425,-1.255613565,1.127724648,1
279,1441,-1.525529623,0.2285040617,1
279,1457,0.2519219518,0.2066702843,1
279,1473,0.434933275,-1.127986431,1
279,1489,-0.1364583671,-0.2040818334,1
279,1505,6.279680252,-4.444566727,1
279,1521,7.240530014,-1.495434999,1
279,1537,8.388305664,0.7456388474,1
279,1553,-8.639818192,1.215101242,1
279,1569,-0.7780008316,2.466981411,1
279,1585,0.4094641805,1.993530512,1
279,1601,0.664426446,2.050453186,1
279,1617,-4.734857559,-5.531511784,1
279,1633,0.3836423159,1.663126349,1
279,1649,-1.965423226,-7.286412716,1
279,1665,0.6680484414,-0.4963425994,1
279,1681,-0.01700627804,6.166980743,1
279,1697,-9.96539402,2.145263195,1
279,1713,-10.15584946,0.9418241382,1
279,1729,-0.1761257648,1.450037956,1
279,1745,-0.06463479996,1.744151711,1
279,1761,-0.6958011985,-0.331184864,1
279,1777,-1.388821959,-0.1227245331,1
279,1793,-3.222107649,0.8336246014,1
279,1809,-1.768465996,1.034814239,1
279,1825,-0.621001184,0.7110964656,1
279,1841,-1.977640152,9.327749252,1
279,1857,-1.618567348,3.49369216,1
279,1873,-0.9104018807,4.770351887,1
279,1889,7.839084625,1.658874989,1
279,1905,-7.482803822,0.4257260561,1
279,1921,-6.594805717,-1.761924505,1
279,1937,-0.5818917155,-0.5627336502,1
279,1953,-1.399721622,-0.7771037817,1
279,1969,-1.640647888,0.2237705588,1
279,1985,-0.8833557367,1.191218615,1
279,2001,-0.6261775494,1.316396356,1
279,2017,-0.8922564983,2.387040615,1
279,2033,-1.581057072,2.095522404,1
295,17,-3.026628494,-0.1412248611,1
295,33,-1.855536461,-0.5024360418,1
295,49,-1.354641199,-1.316934824,1
295,65,-0.486548543,-0.9770530462,1
295,81,-0.4198689461,-0.3401915431,1
295,97,-0.89373523,0.3155928552,1
295,113,-1.8100245,-0.1326357722,1
295,129,-5.71143198,-0.7530665398,1
295,145,2.353684664,-0.4798901081,1
295,161,-0.352440834,0.556464076,1
295,177,-0.642154038,0.9977425337,1
295,193,-0.4358982444,1.040000796,1
295,209,0.2696238756,3.235944271,1
295,225,0.2503261268,2.624218702,1
295,241,0.1871666014,1.759067893,1
295,257,-0.731654942,2.691702127,1
295,273,-1.7901057,3.642998219,1
295,289,-0.7109610438,0.8648898602,1
295,305,-0.09601765871,1.110320568,1
295,321,1.497334599,1.048585653,1
295,337,1.45734489,1.056442499,1
295,353,0.009795606136,0.9111171961,1
295,369,-0.5838326216,0.2211345136,1
295,385,-0.9487482309,0.1022237837,1
295,401,-1.067377329,-0.6631870866,1
295,417,-0.8995512724,1.066515088,1
295,433,-1.477175236,0.6369153857,1
295,449,-2.361393452,-0.4133117199,1
295,465,-1.792684197,-1.06924367,1
295,481,-1.871204019,0.0748975873,1
295,497,-0.6992995739,9.089813232,1
295,513,-4.935125828,3.034236908,1
295,529,-5.407019138,7.155405998,1
295,545,2.981928349,1.862179756,1
295,561,-1.895467401,-6.373855591,1
295,577,0.4347538948,1.974514246,1
295,593,0.2663955688,1.519697905,1
295,609,-2.513847351,3.673587322,1
295,625,-5.48302269,2.968945026,1
295,641,-1.044754386,2.532915831,1
295,657,-1.777105093,2.49157691,1
295,673,-2.793193817,1.755209684,1
295,689,-1.810956717,0.7105326653,1
295,705,-4.770968437,3.603809595,1
295,721,-2.96239233,-6.296604156,1
295,737,4.04011488,-4.311005592,1
295,753,5.566176414,6.82980442,1
295,769,-2.278257847,2.23110652,1
295,785,-1.91376996,1.088726282,1
295,801,5.018399239,-3.719402552,1
295,817,-9.162110329,-5.126321793,1
295,833,6.201187134,0.3885235786,1
295,849,-4.181806564,-7.517187119,1
295,865,-3.205670118,1.940061688,1
295,881,-3.149704933,1.79282546,1
295,897,-2.542274952,1.494565725,1
295,913,-1.834934592,0.8628389835,1
295,929,-2.472404957,1.113474965,1
295,945,-3.048834324,1.447399378,1
295,961,-2.387266159,1.529231548,1
295,977,-2.112079144,2.703834772,1
295,993,-1.590479851,1.630601883,1
295,1009,-1.125258207,0.2247138023,1
295,1025,-2.827253342,2.114577055,1
295,1041,-3.431156158,2.144160032,1
295,1057,-2.849847794,0.9084146023,1
295,1073,4.005495548,-2.94320631,1
295,1089,-3.097847223,4.346169472,1
295,1105,1.992387295,10.60647202,1
295,1121,7.107791901,0.3435122967,1
295,1137,-0.8310277462,4.219541073,1
295,1153,-1.138448119,5.283414364,1
295,1169,-1.561117172,4.384243011,1
295,1185,-1.357568622,3.736347675,1
295,1201,-1.553494215,2.910002708,1
295,1217,-1.882241249,1.974716187,1
295,1233,-7.764906883,1.956865907,1
295,1249,-8.825643539,2.548861742,1
295,1265,5.69503212,-3.034098148,1
295,1281,-1.232382178,7.052173615,1
295,1297,-0.7769368291,4.678862095,1
295,1313,-0.4485288262,3.81782341,1
295,1329,-0.7950392962,4.164858341,1
295,1345,-1.535920262,5.254491329,1
295,1361,-5.351451874,4.144826412,1
295,1377,-4.809556961,2.927177429,1
295,1393,-1.122822165,1.764234662,1
295,1409,-1.337858915,1.016682029,1
295,1425,-0.960183084,0.8729287386,1
295,1441,-2.174289703,-7.449408054,1
295,1457,3.322684288,0.8761988282,1
295,1473,0.5836838484,-0.7634015679,1
295,1489,-0.2319294065,0.2850985527,1
295,1505,2.686196327,-5.626008034,1
295,1521,-4.884072781,8.335547447,1
295,1537,5.59733057,9.088481903,1
295,1553,-1.798446417,11.58813572,1
295,1569,1.925770044,11.11636162,1
295,1585,-1.137701631,4.478967667,1
295,1601,0.6252011061,2.973371506,1
295,1617,2.136575937,3.071080446,1
295,1633,0.8009916544,1.50296402,1
295,1649,0.6461759806,1.265723228,1
295,1665,0.5167714357,-0.5926667452,1
295,1681,-1.601083755,0.03233605623,1
295,1697,-3.383307934,0.3563651443,1
295,1713,-3.838735342,0.85189569,1
295,1729,-0.5408793688,1.059882879,1
295,1745,-0.9914579391,1.674529076,1
295,1761,-0.7361788154,1.285564542,1
295,1777,-1.366329074,0.810577333,1
295,1793,-1.660712481,0.7259645462,1
295,1809,4.091503143,-6.50300312,1
295,1825,1.181016445,1.0484519,1
295,1841,-9.307156563,3.609623909,1
295,1857,-2.790677071,4.739677906,1
295,1873,-2.082789421,5.225245476,1
295,1889,-6.207023621,7.195230007,1
295,1905,6.34360218,5.342041492,1
295,1921,-0.4320158064,0.2824323177,1
295,1937,-0.5489846468,0.1418795884,1
295,1953,-0.7711773515,0.6256782413,1
295,1969,-1.303391933,1.724715829,1
295,1985,-0.9515728951,1.912776232,1
295,2001,-0.5542933941,1.523392439,1
295,2017,-1.353341103,-0.2831047773,1
295,2033,-0.07333832979,-0.9182400703,1
311,17,-3.876340389,-3.138232708,1
311,33,-10.66837502,0.7377495766,1
311,49,-1.11438942,-1.637124181,1
311,65,-0.660040617,-0.880587697,1
311,81,-0.5552976131,-0.3493863344,1
311,97,-0.5494540334,0.4515239894,1
311,113,0.552826941,-0.400201112,1
311,129,-5.814713001,-6.517222404,1
311,145,7.535171986,4.992481232,1
311,161,0.07041614503,0.596288383,1
311,177,0.08307118714,0.9551756382,1
311,193,-0.004241794348,1.379829645,1
311,209,0.1110498458,2.087201357,1
311,225,0.511548996,1.705587268,1
311,241,-0.02759227529,1.772157907,1
311,257,-0.4852463007,1.633023262,1
311,273,-0.2249346972,0.8693211675,1
311,289,-0.4039212763,0.7273432016,1
311,305,-0.277156949,0.4478871226,1
311,321,1.873335838,0.1325551867,1
311,337,1.255927324,0.4689292908,1
311,353,-0.3501702547,9.051503181,1
311,369,-4.515799522,1.072312713,1
311,385,-0.9874305725,0.2068193555,1
311,401,-1.458802938,-0.5745778084,1
311,417,-4.533335686,-3.72979188,1
311,433,-0.9854371548,-0.1178011894,1
311,449,-1.033291221,-0.3434986472,1
311,465,-1.209357381,-0.4759753942,1
311,481,-1.236622691,-0.1429617107,1
311,497,-1.888736248,0.5121643543,1
311,513,-2.514342308,1.290789843,1
311,529,-2.124483824,1.239147782,1
311,545,-0.7622690201,2.093992472,1
311,561,-0.2112178802,2.993488312,1
311,577,1.914926291,1.19120574,1
311,593,1.061608553,1.719685078,1
311,609,-1.603734374,3.097962141,1
311,625,-0.6271794438,2.586146832,1
311,641,-0.3541345,1.950301886,1
311,657,0.01927286386,1.920631647,1
311,673,1.376891136,-0.4805223942,1
311,689,0.7299039364,-0.5102391243,1
311,705,-3.595896006,2.752814293,1
311,721,-2.208675861,0.903948307,1
311,737,-1.183721662,2.620853186,1
311,753,-2.302498341,4.734571457,1
311,769,-3.014101744,2.0497365,1
311,785,6.002084255,-1.627127051,1
311,801,5.822212219,-1.856902599,1
311,817,-2.137467146,1.32212472,1
311,833,-0.547801733,2.614817381,1
311,849,-0.01441884041,1.586071968,1
311,865,-2.059753895,-7.253407478,1
311,881,-2.905943394,1.02348578,1
311,897,-2.264472961,0.7800838947,1
311,913,-7.214250565,1.536364436,1
311,929,-4.887264252,1.530892968,1
311,945,-3.867564678,1.474292994,1
311,961,0.2282025814,10.47028732,1
311,977,-0.9926134348,2.501356125,1
311,993,0.2431627512,1.706441402,1
311,1009,0.5708568096,-0.4097578526,1
311,1025,-3.828369141,1.591212988,1
311,1041,-3.994731426,0.9730032682,1
311,1057,-2.054898739,-0.2177950144,1
311,1073,3.328103781,-3.311383724,1
311,1089,-6.906741619,9.804470062,1
311,1105,-1.700115204,10.8857069,1
311,1121,-1.424948812,-5.389444351,1
311,1137,-0.9967743158,2.6429286,1
311,1153,-1.249311924,3.235856295,1
311,1169,-1.646922112,3.805710554,1
311,1185,-2.445029497,3.854918957,1
311,1201,-0.9365259409,3.024915457,1
311,1217,-0.4917194247,2.438325882,1
311,1233,-7.691261292,6.330954552,1
311,1249,2.875815392,3.888528109,1
311,1265,8.618912697,6.705369949,1
311,1281,7.536300659,9.299280167,1
311,1297,1.373500228,12.65343666,1
311,1313,-0.1636317968,4.338328362,1
311,1329,0.04691070318,4.207494259,1
311,1345,-0.3232504725,4.651949406,1
311,1361,-2.875073671,3.948882818,1
311,1377,-3.340205431,2.705858469,1
311,1393,8.384569168,1.86161232,1
311,1409,-0.8898372054,-1.102882862,1
311,1425,1.318562746,-1.401662588,1
311,1441,2.480066538,1.251419187,1
311,1457,0.8472880721,1.604670525,1
311,1473,0.2034359425,0.9019653797,1
311,1489,0.01194153726,0.9990187883,1
311,1505,-6.57299757,6.649121761,1
311,1521,-5.175559044,7.808262825,1
311,1537,5.183271408,8.937272072,1
311,1553,7.002449512,-3.918312073,1
311,1569,7.564858913,-2.56816721,1
311,1585,-0.5884633064,5.316622734,1
311,1601,6.114824295,8.722473145,1
311,1617,0.2318760455,1.79759264,1
311,1633,-0.4169381559,1.589351296,1
311,1649,-0.1600902081,1.328352928,1
311,1665,-8.348671913,-2.458738565,1
311,1681,-8.819394112,-1.648587823,1
311,1697,-3.490321159,2.075963497,1
311,1713,-3.897797585,-3.064691305,1
311,1729,-2.291452646,0.592248559,1
311,1745,-1.90941298,1.153256178,1
311,1761,-1.052714825,1.06397891,1
311,1777,-0.9083969593,0.9799480438,1
311,1793,-3.216448784,9.712345123,1
311,1809,-0.7782899141,1.387994051,1
311,1825,-2.08672595,1.489372492,1
311,1841,-4.537219048,-1.752555966,1
311,1857,8.243887901,0.769746244,1
311,1873,8.334366798,1.482685208,1
311,1889,5.450854301,6.593458652,1
311,1905,0.4065686464,-0.7091901302,1
311,1921,-0.3219684958,-1.589409351,1
311,1937,-0.5847293139,-0.6837303042,1
311,1953,-0.6401618123,1.923715591,1
311,1969,-2.337661505,4.13919735,1
311,1985,-1.573743105,2.259199142,1
311,2001,-1.490075111,1.16958344,1
311,2017,-0.8879749775,-0.1186822653,1
311,2033,3.403623581,-5.329782486,1
327,17,-5.545175552,-2.042607069,1
327,33,-5.30919838,-1.686473489,1
327,49,3.180081367,-1.194981575,1
327,65,-1.38946557,8.344844818,1
327,81,-0.06713366508,-0.1763453484,1
327,97,1.053166509,1.168451071,1
327,113,1.40627408,0.227982223,1
327,129,-5.504365921,4.421229362,1
327,145,-0.8885270357,0.5407478213,1
327,161,-0.01810961962,0.6912353635,1
327,177,0.2025598884,0.9601154923,1
327,193,-0.3262461126,1.202022195,1
327,209,-0.3591322005,1.539139748,1
327,225,0.5829879045,1.325625181,1
327,241,-0.06317387521,9.651148796,1
327,257,-0.2168284357,0.3168799877,1
327,273,-0.2568089366,0.03652888536,1
327,289,-0.3795354366,-0.2435466051,1
327,305,-0.3588697314,0.2391955256,1
327,321,-6.974870682,6.381278038,1
327,337,6.311343193,-2.553400993,1
327,353,0.9526054263,8.808294296,1
327,369,0.4455834627,7.960575581,1
327,385,-1.77457881,0.06643669307,1
327,401,-4.663463593,-1.741342306,1
327,417,-7.032162189,-4.610612869,1
327,433,-0.3315173984,-1.576311946,1
327,449,-0.6777313948,-0.7139849663,1
327,465,-1.047423482,-0.4715229273,1
327,481,-0.8572891951,-0.1212530434,1
327,497,-1.607164621,0.5102707744,1
327,513,-2.992525101,1.108402967,1
327,529,-2.359035254,2.170896053,1
327,545,-1.281251073,2.053975344,1
327,561,-0.6295055151,2.696273327,1
327,577,-0.02184700966,2.359555721,1
327,593,-0.08034440875,2.545835972,1
327,609,-0.9665074348,2.249772549,1
327,625,-2.208413601,2.240529299,1
327,641,-0.02736890316,1.800078392,1
327,657,0.09701389074,1.789382935,1
327,673,3.693627596,-5.077985764,1
327,689,6.492521763,-0.4859113693,1
327,705,-3.125154972,2.607666969,1
327,721,-3.090695858,1.847596884,1
327,737,-3.576349735,2.858107328,1
327,753,-4.023673058,4.620363235,1
327,769,-2.807433367,-0.2280235291,1
327,785,-3.376381874,0.79555583,1
327,801,-3.618857145,4.145710945,1
327,817,-3.256976366,2.702139139,1
327,833,2.949222565,8.000805855,1
327,849,-1.020200253,1.942198992,1
327,865,4.258927345,6.499378204,1
327,881,-9.114149094,5.919593811,1
327,897,-1.619789839,-0.1767172813,1
327,913,-0.6182149649,0.2243977785,1
327,929,-0.3226901293,1.097209096,1
327,945,-1.63636446,1.03097558,1
327,961,-1.636761189,1.402149677,1
327,977,-1.269705057,2.035674095,1
327,993,2.085626602,1.232211351,1
327,1009,1.205498695,-0.1505494118,1
327,1025,-1.578747272,0.4470357895,1
327,1041,-2.605919123,1.130816221,1
327,1057,-3.009744883,0.9332672358,1
327,1073,-3.770036221,1.748906136,1
327,1089,-4.683684349,10.91501904,1
327,1105,3.333995581,9.062597275,1
327,1121,-0.720159173,-5.653729439,1
327,1137,-1.770632982,1.739433527,1
327,1153,-2.046637535,2.55591464,1
327,1169,-2.070488453,3.453328371,1
327,1185,-1.302758694,4.863715649,1
327,1201,-0.8149832487,3.021611691,1
327,1217,-0.3506909609,0.9109518528,1
327,1233,0.3975227475,3.243954897,1
327,1249,0.09025575221,4.504153728,1
327,1265,-7.468215466,8.527521133,1
327,1281,-8.71696949,2.582682133,1
327,1297,-8.821013451,2.472746849,1
327,1313,-5.934517384,0.4594404697,1
327,1329,-2.910632133,2.429741621,1
327,1345,0.7731125951,3.319829464,1
327,1361,0.8197040558,4.322617054,1
327,1377,-2.590470791,5.640392303,1
327,1393,-1.219907403,1.765809774,1
327,1409,0.6237069964,-1.884929657,1
327,1425,4.555872917,-6.243175983,1
327,1441,1.287593961,2.046979666,1
327,1457,1.356810331,4.147485733,1
327,1473,0.4418307245,3.417413712,1
327,1489,0.6197031736,3.553742886,1
327,1505,6.403606892,-5.466457367,1
327,1521,7.101081371,-6.051092148,1
327,1537,3.979273319,9.272854805,1
327,1553,1.372834444,1.367751479,1
327,1569,3.501022577,1.818190575,1
327,1585,1.009693623,7.045593262,1
327,1601,4.238679409,9.743387222,1
327,1617,-6.50708437,1.051236391,1
327,1633,-5.473453999,0.2180690765,1
327,1649,-1.146570206,2.034475327,1
327,1665,-0.6143348217,1.992528677,1
327,1681,0.07585090399,2.332858801,1
327,1697,-6.319752693,7.539031982,1
327,1713,-2.841657639,0.6666517258,1
327,1729,-1.374259353,-0.04883468151,1
327,1745,-0.7599987984,-0.1390666962,1
327,1761,0.2159070969,0.06253421307,1
327,1777,7.765853882,-0.8080631495,1
327,1793,-9.864746094,1.584330082,1
327,1809,-0.7140657306,2.549510956,1
327,1825,-0.5337304473,2.049252987,1
327,1841,6.594643593,-1.991840839,1
327,1857,-7.097020626,6.689591408,1
327,1873,-0.2705590129,0.632640481,1
327,1889,0.1305272579,-0.5497266054,1
327,1905,0.5062583685,-0.1561291814,1
327,1921,-1.767576456,7.22817421,1
327,1937,-0.9332532287,7.445727348,1
327,1953,-4.218065262,2.643182039,1
327,1969,-1.555672765,4.224977016,1
327,1985,-1.213223696,2.585670948,1
327,2001,-2.00947094,1.205478191,1
327,2017,-3.065692902,0.9774030447,1
327,2033,-3.263008595,1.188818932,1
343,17,-2.872531414,-0.4762079716,1
343,33,-3.268634796,0.2347097397,1
343,49,-1.965608954,0.639729023,1
343,65,-0.6273832321,8.367917061,1
343,81,6.919355392,-5.286609173,1
343,97,1.413065791,0.2422972023,1
343,113,1.465185642,0.07102429867,1
343,129,0.3005698323,-0.5739520788,1
343,145,-0.3194265962,0.3094182014,1
343,161,-0.7203415632,0.6969743967,1
343,177,-0.177415669,0.5893711448,1
343,193,-0.3078368604,0.3785557747,1
343,209,0.07820041478,0.5871369839,1
343,225,0.1342471838,0.7424401045,1
343,241,-0.4367646873,0.8654836416,1
343,257,-0.5087200403,0.4910640121,1
343,273,0.3020079434,-0.7037024498,1
343,289,0.02694731951,-0.2934091687,1
343,305,0.2069557756,-0.8451185822,1
343,321,-7.814382076,5.066177845,1
343,337,-0.6210186481,0.1448876113,1
343,353,-2.043558598,0.3196651638,1
343,369,-2.022726774,-0.04065321758,1
343,385,5.813225269,2.96135211,1
343,401,-4.139480591,-3.918320179,1
343,417,7.413204193,-0.3992686272,1
343,433,-0.1949537992,-1.513647079,1
343,449,-0.5421682596,-1.209981084,1
343,465,-0.9807027578,-0.9161126614,1
343,481,-1.076911807,-0.2689908147,1
343,497,-1.594897747,0.957298398,1
343,513,-2.369225979,1.301996946,1
343,529,-1.039976716,1.687623501,1
343,545,0.8597337008,1.931793571,1
343,561,0.4012081921,2.175124168,1
343,577,0.3828175664,2.176888466,1
343,593,0.6418194771,1.701143503,1
343,609,-0.6943978071,2.008655548,1
343,625,-0.4361798167,1.668378472,1
343,641,-0.7676953673,1.195988894,1
343,657,-0.9025923014,0.830675602,1
343,673,0.7545160651,-1.724387169,1
343,689,-7.504386425,8.482208252,1
343,705,-1.120914459,2.646032095,1
343,721,-10.02924633,6.010553837,1
343,737,-1.708822489,11.87166786,1
343,753,-2.021270275,3.189280272,1
343,769,-2.657826424,0.7344281673,1
343,785,-3.785295248,0.6030385494,1
343,801,-5.180547237,2.967020273,1
343,817,-4.163492203,1.77389586,1
343,833,-3.529692411,-0.4755949974,1
343,849,-4.059058189,1.995910525,1
343,865,-1.285805106,2.659775734,1
343,881,-1.207387209,-6.176715374,1
343,897,-0.69257617,-0.3569897413,1
343,913,-0.8831877708,0.7003386021,1
343,929,0.3462911844,1.438341737,1
343,945,-0.9424853325,1.734829307,1
343,961,-1.642762065,1.595674872,1
343,977,-1.260542035,2.40457201,1
343,993,6.59624958,2.31676507,1
343,1009,5.789652348,5.537436485,1
343,1025,-0.7937463522,-7.156445503,1
343,1041,5.648296356,-2.848054886,1
343,1057,-3.305131197,1.259009361,1
343,1073,-3.056652069,1.285045266,1
343,1089,0.911990881,11.2139473,1
343,1105,2.815732479,7.445445061,1
343,1121,-1.133433342,-5.388192177,1
343,1137,-2.52184844,1.97798562,1
343,1153,-3.068896532,3.524826765,1
343,1169,-2.909160852,5.170119286,1
343,1185,-2.522985935,5.541449547,1
343,1201,-0.3654223084,3.401145458,1
343,1217,1.363702059,2.657781601,1
343,1233,1.081707835,3.773816586,1
343,1249,-0.9444180727,4.588577747,1
343,1265,-0.5325752497,4.440269947,1
343,1281,0.529912293,4.064244747,1
343,1297,0.64155972,4.14840889,1
343,1313,0.2543978691,7.781454563,1
343,1329,-4.367042065,3.38457942,1
343,1345,1.512818694,2.546319723,1
343,1361,2.794992924,3.477887154,1
343,1377,-1.82393539,5.566450119,1
343,1393,5.039566994,-3.635291338,1
343,1409,2.232390881,1.309672117,1
343,1425,1.859753609,1.561976433,1
343,1441,-1.663751125,2.393692732,1
343,1457,-2.007637739,3.683439255,1
343,1473,2.145192862,2.308460712,1
343,1489,0.4073268175,2.265628576,1
343,1505,-0.2807770967,10.30564022,1
343,1521,2.120920658,0.5591228008,1
343,1537,1.926784754,-1.135324955,1
343,1553,2.15702486,1.138001204,1
343,1569,1.469378829,3.355576992,1
343,1585,-0.5598056316,1.952536583,1
343,1601,-2.323379278,1.789870381,1
343,1617,-2.235407352,1.890277624,1
343,1633,-1.691087484,1.366238952,1
343,1649,-0.3689354062,2.498991489,1
343,1665,-0.07845905423,1.508473635,1
343,1681,0.1043923795,1.248564482,1
343,1697,-0.1109388173,1.306181431,1
343,1713,-1.141369104,2.273840904,1
343,1729,-0.891369462,0.9447107911,1
343,1745,-0.9255048037,-0.3937883675,1
343,1761,-0.8596717715,-0.4946417809,1
343,1777,-1.305158377,0.4627693892,1
343,1793,-1.561504006,1.52579248,1
343,1809,-1.092248917,2.394042969,1
343,1825,-0.6357512474,2.320172787,1
343,1841,-0.3573791981,10.37566853,1
343,1857,3.787688494,-1.715726614,1
343,1873,0.08360803127,0.08347213268,1
343,1889,0.3384787142,0.3328467607,1
343,1905,0.7407932281,1.144752502,1
343,1921,-0.4028476477,6.932308674,1
343,1937,-0.8005185723,7.778580666,1
343,1953,-1.170073748,3.645746708,1
343,1969,-7.018892288,2.657255411,1
343,1985,-9.37869072,-0.843536973,1
343,2001,-4.355548859,3.544117928,1
343,2017,-2.223482609,-2.083414555,1
343,2033,-3.580361366,0.5772356987,1
359,17,-0.1025497913,0.4718803167,1
359,33,4.480137825,-6.874012947,1
359,49,-1.37964654,0.1323690712,1
359,65,0.002257466316,-0.6798846722,1
359,81,-8.411785126,4.044978619,1
359,97,1.342256665,-0.7510011196,1
359,113,-4.826829433,6.934288502,1
359,129,-0.0700404048,-1.820181251,1
359,145,-0.614186883,-0.3422847688,1
359,161,-6.970184326,5.319921494,1
359,177,-8.848251343,2.010234594,1
359,193,-8.652266502,1.7206738,1
359,209,0.2598961592,-0.1653686762,1
359,225,0.6329244971,0.6571705341,1
359,241,-0.6235986948,0.4129046202,1
359,257,-0.4814354479,0.5184111595,1
359,273,0.03969565034,0.3103999496,1
359,289,-1.304215789,8.834446907,1
359,305,-0.05835145712,-1.32259059,1
359,321,-0.4359540939,0.5256192088,1
359,337,0.1963356733,2.153021336,1
359,353,-2.331334114,0.5796136856,1
359,369,-1.957944155,-1.104025126,1
359,385,-0.5852279663,-1.807429194,1
359,401,2.559532166,-3.988110304,1
359,417,5.235473156,-2.164223433,1
359,433,-2.319895029,-0.4591627121,1
359,449,-1.768404126,-1.095638514,1
359,465,-1.529299736,-2.215142012,1
359,481,-1.429510117,-0.6754896641,1
359,497,-1.301089048,-0.1015438437,1
359,513,-7.769468784,-4.265357494,1
359,529,0.6039646864,1.725968361,1
359,545,1.292703986,2.975948572,1
359,561,0.3655953407,2.11530304,1
359,577,0.1229654849,1.719987154,1
359,593,-0.6968525052,2.617784977,1
359,609,-0.943492651,4.498723984,1
359,625,6.964423656,1.875645041,1
359,641,-0.3689779639,2.852147579,1
359,657,0.2370523214,1.656006336,1
359,673,-3.615846157,-6.044006824,1
359,689,-9.301991463,5.801561356,1
359,705,2.888839722,10.9303093,1
359,721,-0.8390260935,10.78761196,1
359,737,-1.260075092,11.65667152,1
359,753,-2.119119167,3.749875546,1
359,769,-2.973886251,2.595090389,1
359,785,-4.511978149,0.3113570213,1
359,801,-8.055709839,1.965336084,1
359,817,-3.680544138,0.7670366764,1
359,833,-2.901324511,-0.5688509941,1
359,849,4.894051075,6.227715492,1
359,865,-1.111150742,2.548940897,1
359,881,-0.7235889435,2.33553195,1
359,897,0.1972612143,1.678486347,1
359,913,-3.17267561,4.617551804,1
359,929,-1.500493884,2.748199224,1
359,945,-1.407225847,1.783742309,1
359,961,-9.972547531,3.222373247,1
359,977,-10.25058746,4.018531322,1
359,993,-1.336587071,3.161005259,1
359,1009,-1.598173141,1.679050565,1
359,1025,-1.25534606,0.9603283405,1
359,1041,-0.7708047628,0.1306676865,1
359,1057,-1.869882822,-0.1689319611,1
359,1073,-2.046864748,0.8754022121,1
359,1089,1.126129389,11.26558685,1
359,1105,-1.096303463,-1.724509716,1
359,1121,-1.623177409,3.259950638,1
359,1137,-1.998214841,3.995427608,1
359,1153,-1.887585402,4.475756168,1
359,1169,-2.706878662,4.969665527,1
359,1185,-2.726439714,4.232067585,1
359,1201,-0.4222890139,4.719057083,1
359,1217,8.556531906,5.67559433,1
359,1233,9.139158249,6.730513573,1
359,1249,8.958720207,7.018926144,1
359,1265,0.08979317546,4.059043884,1
359,1281,0.371142894,3.627830029,1
359,1297,1.177102685,5.201346397,1
359,1313,1.657684088,5.064887524,1
359,1329,1.737585664,3.525602102,1
359,1345,3.645164967,2.485612154,1
359,1361,2.612061501,-0.1293141842,1
359,1377,4.963358402,-5.959182739,1
359,1393,2.425860882,2.818122625,1
359,1409,4.868966103,3.174891949,1
359,1425,2.114941597,2.072221279,1
359,1441,-0.5682362318,2.264920235,1
359,1457,-4.056132317,2.365819454,1
359,1473,2.068805933,1.622187376,1
359,1489,1.043284893,2.120535851,1
359,1505,0.9442281723,2.269400597,1
359,1521,1.902881265,1.362281084,1
359,1537,0.5895189047,0.2625243664,1
359,1553,0.02146553993,0.4245193005,1
359,1569,1.038704395,2.139482737,1
359,1585,-6.484422684,0.8402611017,1
359,1601,-6.19304657,1.526330948,1
359,1617,4.694662571,-5.701935768,1
359,1633,-0.9713190794,0.2114613056,1
359,1649,0.4766579866,1.898140073,1
359,1665,0.6759608984,-0.09954798222,1
359,1681,1.036772728,1.061827421,1
359,1697,1.02344346,2.752149105,1
359,1713,0.6352201104,0.9444935322,1
359,1729,0.2274593115,1.221066713,1
359,1745,0.1616579294,0.2119005322,1
359,1761,-0.1343031526,-0.4724160731,1
359,1777,-1.082127452,1.034493327,1
359,1793,-1.07916975,1.978316784,1
359,1809,-0.8106915951,1.840726376,1
359,1825,-0.5303105712,2.218265295,1
359,1841,6.536692619,7.73903656,1
359,1857,8.402235985,-0.9802291393,1
359,1873,4.555708408,-6.439137459,1
359,1889,-0.4373375475,5.133714676,1
359,1905,-1.218693495,2.140440464,1
359,1921,-0.6844080091,1.761620045,1
359,1937,-0.5810546279,3.129181147,1
359,1953,-0.8754541874,3.779329777,1
359,1969,-0.7863119841,3.346242189,1
359,1985,0.6187748909,8.197193146,1
359,2001,-4.647969246,5.551112175,1
359,2017,-4.019461155,-2.218789101,1
359,2033,-3.285420656,-1.612355232,1
375,17,-8.535356522,1.969576597,1
375,33,-0.9985986948,-1.797571659,1
375,49,-1.36608851,-4.040565968,1
375,65,-1.672946095,0.07089245319,1
375,81,-1.973240137,1.419775486,1
375,97,-0.2745604515,-0.6354694963,1
375,113,0.0696297884,-0.8933206201,1
375,129,0.1543200612,-0.9621655941,1
375,145,-0.7477123737,-1.663659096,1
375,161,-9.382852554,2.657197475,1
375,177,6.694039345,4.761002064,1
375,193,4.359722614,-8.37227726,1
375,209,-0.1056652963,-0.8088809848,1
375,225,-0.361086607,-0.6585205793,1
375,241,-0.2888907194,-0.008335471153,1
375,257,-0.2381688207,0.6494575739,1
375,273,0.001038469374,0.6054831743,1
375,289,-0.7032614946,8.332201004,1
375,305,-0.2219877839,0.2455092967,1
375,321,3.996662617,2.932374716,1
375,337,-2.381265163,0.3564423919,1
375,353,-6.326412201,-2.096421003,1
375,369,-6.656089783,-7.593929768,1
375,385,-1.737920642,-1.112089396,1
375,401,0.005504965782,1.680474997,1
375,417,0.616456151,0.8354822993,1
375,433,-1.618580103,-0.3517953455,1
375,449,-2.084833622,-0.4135934114,1
375,465,-1.715336323,-0.980273664,1
375,481,-0.7225610614,0.06162407994,1
375,497,-0.4107316136,4.522501945,1
375,513,2.900200844,1.572289228,1
375,529,-4.384221554,-3.578251362,1
375,545,-1.894529343,4.252937317,1
375,561,-1.619246483,-0.729722023,1
375,577,-0.3474954069,1.415429831,1
375,593,-0.2127072811,3.273924351,1
375,609,-0.7746483088,4.753807068,1
375,625,-0.499240309,2.482340336,1
375,641,-0.6333269477,2.960309505,1
375,657,-0.6243050098,2.201998234,1
375,673,-0.9132789373,2.877389908,1
375,689,-9.151659966,3.006983042,1
375,705,-0.5696306825,12.35503006,1
375,721,-0.7362718582,3.769819021,1
375,737,-1.261620402,3.740813971,1
375,753,-2.062669754,3.958877087,1
375,769,-2.610651016,3.726245165,1
375,785,-3.802193642,2.657837152,1
375,801,-11.09534931,-1.207449675,1
375,817,1.061726093,-1.66018033,1
375,833,-4.648169518,2.81004262,1
375,849,3.084873199,6.828783512,1
375,865,-1.368199706,3.194581747,1
375,881,-1.484749079,4.213262558,1
375,897,-1.224655867,3.319930792,1
375,913,-2.33510375,4.779601097,1
375,929,-1.699043155,3.960824013,1
375,945,-7.21249485,-4.453253746,1
375,961,-6.053215027,-5.452819824,1
375,977,-3.092555046,2.742492199,1
375,993,-4.58222723,2.44243145,1
375,1009,-4.243379116,1.650383234,1
375,1025,-1.470441818,1.509706259,1
375,1041,-0.6221820116,0.4092777967,1
375,1057,7.023700237,3.393249035,1
375,1073,-3.688426733,2.131167173,1
375,1089,-9.760937691,3.671254158,1
375,1105,0.8473044634,-1.24505043,1
375,1121,-3.053751469,3.951667786,1
375,1137,-2.432931423,4.911241531,1
375,1153,-0.4424180984,5.084745884,1
375,1169,-1.505619645,4.705682755,1
375,1185,-1.639825583,4.096453667,1
375,1201,-0.2917816937,5.190650463,1
375,1217,5.977048874,6.329105377,1
375,1233,6.073605061,4.462246895,1
375,1249,-1.769685745,12.98111153,1
375,1265,2.93386817,12.70406723,1
375,1281,-1.565835476,0.7480640411,1
375,1297,-1.657932758,7.736307621,1
375,1313,-0.6987229586,7.664566994,1
375,1329,-3.673538446,9.090513229,1
375,1345,9.406267166,-2.516541481,1
375,1361,3.502040148,2.672280788,1
375,1377,1.306700468,1.419901848,1
375,1393,2.349444389,2.461456537,1
375,1409,7.915887356,2.25066185,1
375,1425,8.860788345,2.354442596,1
375,1441,2.698323965,3.281634092,1
375,1457,2.242662907,2.215316534,1
375,1473,3.450418234,1.563610554,1
375,1489,1.191468477,1.86823988,1
375,1505,-0.1268382072,3.022464514,1
375,1521,0.8361822367,1.959842086,1
375,1537,-2.746247768,1.2283144,1
375,1553,-2.487533092,1.814612746,1
375,1569,1.554600477,3.00212431,1
375,1585,-2.160449743,3.369399786,1
375,1601,-1.947286129,3.535062551,1
375,1617,5.955009937,-5.391272545,1
375,1633,6.681313515,8.796545982,1
375,1649,2.623586655,2.089259386,1
375,1665,2.133056402,0.7549343109,1
375,1681,2.306924582,1.171111584,1
375,1697,3.281211853,8.858385086,1
375,1713,2.177701473,0.9834450483,1
375,1729,1.672583342,0.8000197411,1
375,1745,1.096467614,2.060006142,1
375,1761,0.470467329,1.899657488,1
375,1777,0.08192571998,3.897410393,1
375,1793,-0.2225025594,2.644217491,1
375,1809,0.1132287383,1.639355898,1
375,1825,-0.05032126978,1.861523867,1
375,1841,0.4492647052,1.559387088,1
375,1857,5.436249256,8.327577591,1
375,1873,-1.642037749,1.878689885,1
375,1889,-1.027050495,2.156308651,1
375,1905,-0.8204025626,3.072975874,1
375,1921,-0.7077879906,3.288981438,1
375,1937,-0.7768996954,3.720328808,1
375,1953,-1.53847456,3.831142187,1
375,1969,-2.123006582,3.354864597,1
375,1985,-3.524686337,-6.386363506,1
375,2001,-4.011602402,2.962933302,1
375,2017,-5.175922394,2.832180262,1
375,2033,-2.175555229,6.223245621,1
391,17,-8.597528458,2.730107307,1
391,33,-1.905005693,-0.9928491116,1
391,49,-2.187005281,-0.4912557304,1
391,65,-3.667582989,1.458659649,1
391,81,-2.67372942,-0.1833079457,1
391,97,-2.389832497,-0.858327806,1
391,113,-1.042570353,-1.117473364,1
391,129,-0.1479742527,-0.7416497469,1
391,145,-1.169466496,-0.935970068,1
391,161,-1.717899084,0.09224805236,1
391,177,0.4921814799,-5.05850029,1
391,193,-0.1395242214,-1.950541496,1
391,209,0.5280041695,-1.881618619,1
391,225,0.5817673206,-2.476103306,1
391,241,-0.5270724297,-0.1435561478,1
391,257,-0.3461161852,0.7918782234,1
391,273,-0.4752011597,0.9954121709,1
391,289,-0.4679903984,0.8390259147,1
391,305,-0.5617328882,1.47845602,1
391,321,-7.480383873,6.770350456,1
391,337,-3.713531017,-0.8797309399,1
391,353,-1.75489521,-1.938039064,1
391,369,-5.637516975,-6.22043705,1
391,385,-6.367087364,-4.125825882,1
391,401,-1.875037789,3.44062233,1
391,417,-3.69395256,1.836156368,1
391,433,7.16139698,-4.436301708,1
391,449,7.084461689,5.114318371,1
391,465,-0.169262886,-0.1928714514,1
391,481,0.1432150602,0.9781591892,1
391,497,2.780913353,3.523883104,1
391,513,1.3064816,0.7673184872,1
391,529,-3.274518728,-3.463561535,1
391,545,-1.240776658,3.892924786,1
391,561,-0.8560832739,2.351359844,1
391,577,4.844585896,7.195302963,1
391,593,-0.7300776243,4.101428986,1
391,609,-0.2011229992,5.541052818,1
391,625,-0.1936415136,3.342142105,1
391,641,-0.5169529319,3.187344551,1
391,657,-0.6079198122,2.899675608,1
391,673,-0.1625162363,3.249779701,1
391,689,-0.0306327343,3.825942516,1
391,705,-0.1372405589,3.867766857,1
391,721,-0.5754151344,3.447249889,1
391,737,-1.033430338,3.642077208,1
391,753,-1.929244637,3.832455635,1
391,769,-2.295022249,4.388694286,1
391,785,-2.451365948,3.149492741,1
391,801,-2.046489239,1.128891468,1
391,817,-8.006434441,9.256547928,1
391,833,-5.237967491,4.150561333,1
391,849,-5.802592754,10.70361137,1
391,865,-5.307957649,10.63630486,1
391,881,-9.748819351,7.687306881,1
391,897,-1.349635601,3.903983116,1
391,913,-2.646723032,3.073960066,1
391,929,-2.852972507,2.215644836,1
391,945,4.963414192,-3.23555088,1
391,961,3.958837986,-4.357213974,1
391,977,-3.809174299,2.812410116,1
391,993,-5.046581745,2.694933891,1
391,1009,-5.351903915,2.654900312,1
391,1025,-10.64670372,4.987561226,1
391,1041,0.898389101,1.856156826,1
391,1057,2.237372875,2.307823658,1
391,1073,-0.6630489826,2.742303371,1
391,1089,1.553541303,2.061217308,1
391,1105,-1.619912863,10.46136093,1
391,1121,-0.8774615526,4.922570229,1
391,1137,-0.5504370928,6.399997234,1
391,1153,0.9670614004,6.993520737,1
391,1169,-0.6258716583,6.031688213,1
391,1185,-0.3175406456,4.951345921,1
391,1201,-0.14276582,5.713254929,1
391,1217,0.9577285051,5.409406662,1
391,1233,2.361693382,4.402577877,1
391,1249,-2.68586731,5.948373795,1
391,1265,1.676658988,12.48595524,1
391,1281,0.3276449442,4.093033314,1
391,1297,0.7130833864,4.628490448,1
391,1313,2.002707958,5.376331329,1
391,1329,3.713665485,5.165970802,1
391,1345,9.182832718,-3.458876848,1
391,1361,3.831256866,2.877398252,1
391,1377,2.464717865,2.348733187,1
391,1393,1.589815378,2.449621439,1
391,1409,-4.654207706,-4.153809547,1
391,1425,1.122637987,1.679659009,1
391,1441,9.615875244,3.953718185,1
391,1457,0.6258568168,1.978923917,1
391,1473,-0.3451193571,0.9559414387,1
391,1489,1.625778317,0.2827494144,1
391,1505,-0.2293593884,2.484113693,1
391,1521,0.9832091331,2.16173172,1
391,1537,1.489155531,3.267378092,1
391,1553,1.469381928,3.154261112,1
391,1569,1.750814915,2.61253643,1
391,1585,1.222848177,3.216597557,1
391,1601,0.0926926136,4.167264938,1
391,1617,0.4861574173,2.979410887,1
391,1633,1.768765926,5.88616991,1
391,1649,3.124855757,2.112623215,1
391,1665,3.535408974,1.505025029,1
391,1681,3.206093311,1.234575391,1
391,1697,2.700104713,1.727241039,1
391,1713,2.433476448,1.210839987,1
391,1729,1.936037064,1.035671473,1
391,1745,10.04484558,2.840970039,1
391,1761,9.451749802,3.868170023,1
391,1777,-0.150903523,2.592152596,1
391,1793,0.4099821448,3.105830669,1
391,1809,0.3726846576,3.482792377,1
391,1825,-7.570408344,1.039773226,1
391,1841,8.725617409,0.2407436371,1
391,1857,-0.2042213231,-0.2696501017,1
391,1873,-0.4526742101,1.329865932,1
391,1889,-0.4849373102,1.959581375,1
391,1905,-0.4067552686,2.988165855,1
391,1921,-0.2063161135,5.168992519,1
391,1937,-0.8065413833,4.852597237,1
391,1953,-4.60798645,3.793110371,1
391,1969,-7.118901253,3.253010988,1
391,1985,-6.843874931,-6.599709511,1
391,2001,-4.349205971,3.268449068,1
391,2017,-4.66146946,3.67951417,1
391,2033,6.2215662,9.237950325,1
407,17,-1.978937984,-1.56492722,1
407,33,-2.417365074,-0.4870845377,1
407,49,-3.035667181,0.1926568151,1
407,65,-7.460807323,-7.13835144,1
407,81,-3.774337292,-0.9319140911,1
407,97,-2.184374809,-1.919904232,1
407,113,-1.63276422,-1.662984848,1
407,129,5.797320843,-0.1929967403,1
407,145,-0.8380027413,-0.5835652351,1
407,161,-1.629053116,-0.114330411,1
407,177,-4.543911934,4.243735313,1
407,193,-2.148715019,0.5625321865,1
407,209,-0.1780616343,-1.469641805,1
407,225,0.03352016211,-1.859004021,1
407,241,-0.3866298199,-0.08502833545,1
407,257,-0.5899493694,1.117375016,1
407,273,-1.124198437,1.618238926,1
407,289,-7.338181496,0.3069553971,1
407,305,-5.604848862,-7.487075329,1
407,321,-0.8403755426,-0.4030743837,1
407,337,-1.769963026,-1.437491775,1
407,353,-1.463507295,-0.2546622455,1
407,369,-0.4206030369,2.386748791,1
407,385,-2.899016619,0.9818971157,1
407,401,-1.938144684,5.90293026,1
407,417,5.310382366,8.03530407,1
407,433,-7.604809284,1.310022354,1
407,449,-6.588533401,4.580717087,1
407,465,1.117390275,1.263731956,1
407,481,0.8485381603,-0.1092619896,1
407,497,1.042353988,1.771931291,1
407,513,0.5233173966,1.554743528,1
407,529,-0.4336548746,1.280507088,1
407,545,-2.01797843,9.895055771,1
407,561,-0.4716469049,3.109005928,1
407,577,-0.4970152974,3.044170618,1
407,593,-0.8406108618,4.759631157,1
407,609,-0.5790398121,6.30137825,1
407,625,-7.968185902,8.658557892,1
407,641,-4.853518963,-3.887491703,1
407,657,0.2075770497,4.444098473,1
407,673,0.2446037531,3.361567736,1
407,689,1.879290342,4.086677551,1
407,705,0.9469307065,4.295469284,1
407,721,-0.6634937525,3.921762943,1
407,737,-1.105856657,3.438663483,1
407,753,-1.2002455,2.934431553,1
407,769,-1.69688952,2.692604303,1
407,785,-1.521008968,1.864893675,1
407,801,1.150237799,0.2251667976,1
407,817,1.31624198,3.288901806,1
407,833,1.400731087,4.94363308,1
407,849,0.4236422777,-5.55583477,1
407,865,-1.516284227,11.66076183,1
407,881,0.9988484383,-5.491535187,1
407,897,-1.895035028,3.5797925,1
407,913,-2.533594608,2.845851898,1
407,929,-2.626055241,2.22394371,1
407,945,-1.360214472,1.015013218,1
407,961,-6.924277306,10.55501747,1
407,977,-5.031505585,3.328553915,1
407,993,-2.498183727,4.045194626,1
407,1009,-2.644824266,4.328698158,1
407,1025,-2.140017271,2.518532038,1
407,1041,-0.6870721579,2.70471549,1
407,1057,-0.1236909628,2.480345249,1
407,1073,-2.412821293,-5.90239048,1
407,1089,-1.89929986,-1.146677017,1
407,1105,0.3194630742,1.020457745,1
407,1121,0.3654175997,5.76447773,1
407,1137,0.3424756825,6.512090683,1
407,1153,0.302785933,6.070514679,1
407,1169,2.113046408,2.925009251,1
407,1185,0.3991333246,5.161858559,1
407,1201,0.001309752464,6.271398067,1
407,1217,0.1579055786,5.781433582,1
407,1233,1.155034781,4.095389843,1
407,1249,1.77042675,1.380363941,1
407,1265,-0.8653127551,2.985299826,1
407,1281,0.4449344873,4.1497612,1
407,1297,0.8937452435,4.261603355,1
407,1313,2.528236151,5.47647047,1
407,1329,3.903592825,5.984402657,1
407,1345,1.513114929,8.157968521,1
407,1361,4.208480835,3.578768253,1
407,1377,4.250696182,2.846056938,1
407,1393,1.383730054,2.090941429,1
407,1409,0.9975191355,1.615274429,1
407,1425,0.8484302759,1.347190261,1
407,1441,1.572962642,0.9923422337,1
407,1457,1.995401978,1.555930495,1
407,1473,2.512925148,0.2198066711,1
407,1489,3.258859634,-0.7859188318,1
407,1505,2.428179502,1.353852391,1
407,1521,1.918884516,1.430604458,1
407,1537,2.370028973,3.182617903,1
407,1553,2.291809082,3.078447819,1
407,1569,3.463097095,0.6266965866,1
407,1585,1.951502562,-1.132092237,1
407,1601,10.14988899,3.048820496,1
407,1617,9.906862259,3.980874062,1
407,1633,-6.75418663,4.670885086,1
407,1649,-6.162807465,1.748874545,1
407,1665,4.198804855,1.224012613,1
407,1681,6.064860344,1.937019825,1
407,1697,3.751117945,1.096664906,1
407,1713,2.417455196,1.716737032,1
407,1729,2.154690981,1.106257558,1
407,1745,1.610165477,3.264184475,1
407,1761,0.7661979198,4.141599178,1
407,1777,-0.495013535,1.76086092,1
407,1793,1.038962722,2.821648121,1
407,1809,1.074199915,2.810414791,1
407,1825,-7.241542816,-2.934218884,1
407,1841,8.814204216,-1.218032837,1
407,1857,8.213750839,-0.6452541351,1
407,1873,2.74198699,-0.5758802891,1
407,1889,2.58552599,-0.4042042494,1
407,1905,7.822534084,2.656880856,1
407,1921,-0.656981647,5.499900818,1
407,1937,-0.811927259,4.590622902,1
407,1953,-1.920479059,1.868232489,1
407,1969,-5.500421524,1.561645269,1
407,1985,-5.591740608,1.21006453,1
407,2001,-5.218230724,1.338676691,1
407,2017,-4.958236694,2.811963081,1
407,2033,-4.63986969,2.410907745,1
423,17,-0.3460505009,-1.005648375,1
423,33,-3.565409184,0.2781693339,1
423,49,-3.118956566,-0.1484033316,1
423,65,-2.753678083,-2.141206741,1
423,81,-6.478281975,-8.678255081,1
423,97,-1.942345262,-2.271672249,1
423,113,-0.9654616117,-2.952225924,1
423,129,-3.229678869,7.452973366,1
423,145,-0.8353739381,-2.752630234,1
423,161,-0.3416363597,-0.7341790199,1
423,177,-2.286490202,2.280864239,1
423,193,-1.14893353,0.8911272287,1
423,209,0.9316140413,-1.279444098,1
423,225,1.025162101,-1.822386742,1
423,241,-0.1462695301,-0.3400143981,1
423,257,-0.4511919022,0.6399133205,1
423,273,-0.7840285897,1.021222353,1
423,289,-6.588704109,6.904566288,1
423,305,-1.044028282,0.02766217291,1
423,321,-0.8009562492,-0.07140764594,1
423,337,6.944770813,-4.738952637,1
423,353,-1.880598783,0.3892720938,1
423,369,-0.6798424721,1.88316083,1
423,385,1.554613709,1.302267432,1
423,401,-3.487750292,-1.681903243,1
423,417,-2.796447992,1.385178089,1
423,433,-0.510109067,1.912353039,1
423,449,0.2599588037,2.079604149,1
423,465,2.154611349,1.802985549,1
423,481,1.583439589,0.591211319,1
423,497,0.9956073761,1.075136185,1
423,513,0.4211114943,0.967916131,1
423,529,-0.2025238574,1.04165411,1
423,545,-1.950441241,9.187392235,1
423,561,-0.1890001893,3.205965996,1
423,577,-1.082590342,3.425376415,1
423,593,-1.069168448,5.110405445,1
423,609,-1.381396532,5.953631878,1
423,625,0.6760892272,4.587148666,1
423,641,1.518022418,4.377120972,1
423,657,-1.642037511,2.733899117,1
423,673,2.030180931,3.297836542,1
423,689,3.121802807,3.701018095,1
423,705,-0.03582394123,4.698851109,1
423,721,-0.9589493871,4.094996452,1
423,737,-1.289923906,3.39995122,1
423,753,-0.7744545937,2.580368042,1
423,769,-0.5657017231,3.002548456,1
423,785,-1.007921219,1.989840031,1
423,801,4.406680584,4.661048889,1
423,817,1.322953224,3.43446064,1
423,833,1.619575381,4.857661247,1
423,849,-0.2406899929,-5.351651669,1
423,865,-2.862119198,2.710984707,1
423,881,5.540819168,7.998883247,1
423,897,-2.268270254,3.337633133,1
423,913,-1.720467091,3.073126316,1
423,929,-1.704860926,2.344962835,1
423,945,-2.041825294,0.8790707588,1
423,961,-10.98223877,4.048510551,1
423,977,-11.33957291,2.8285954,1
423,993,-3.125255346,4.241959572,1
423,1009,-3.295727968,3.104323864,1
423,1025,-3.244492054,2.460030556,1
423,1041,-1.833149195,3.447806835,1
423,1057,-1.411105752,3.4809587,1
423,1073,-1.911053658,0.2675616741,1
423,1089,-1.183062434,0.1839983463,1
423,1105,-0.8372986913,2.87458849,1
423,1121,0.1563677788,5.549457073,1
423,1137,0.5346673131,6.784911156,1
423,1153,1.19841969,5.914288521,1
423,1169,7.955873013,-0.07051849365,1
423,1185,1.560789108,4.771303177,1
423,1201,-0.02105081081,5.888341427,1
423,1217,-0.9598723054,5.639515877,1
423,1233,0.573695302,4.234932423,1
423,1249,0.5925127864,2.61006403,1
423,1265,-3.217027426,1.73619318,1
423,1281,0.8671957254,-4.567254066,1
423,1297,-7.522240639,6.862691879,1
423,1313,3.308293104,4.284790516,1
423,1329,4.741116047,3.895286083,1
423,1345,2.827940941,0.9663386345,1
423,1361,2.791458368,4.059506893,1
423,1377,2.468697548,2.927745581,1
423,1393,2.231889725,1.865381956,1
423,1409,0.5609027743,1.685718298,1
423,1425,0.3191889524,1.218376637,1
423,1441,0.8830142021,0.6577606201,1
423,1457,3.229492664,0.9993656874,1
423,1473,5.156784058,1.448911905,1
423,1489,5.175468445,1.697541118,1
423,1505,10.33117676,3.128325462,1
423,1521,3.370242119,0.03599667549,1
423,1537,7.146420479,1.850401402,1
423,1553,7.576004028,2.264598846,1
423,1569,4.823030472,0.8572421074,1
423,1585,2.425754547,0.3496866226,1
423,1601,1.602336764,0.5460256338,1
423,1617,2.541383982,3.113331556,1
423,1633,7.118689537,2.59385252,1
423,1649,4.961500168,-7.194071293,1
423,1665,4.810132504,-1.643212676,1
423,1681,1.343461275,0.2927886844,1
423,1697,0.9730401039,-0.004902124405,1
423,1713,0.4988775253,1.147488832,1
423,1729,2.34506464,1.524351954,1
423,1745,1.568302155,2.198165894,1
423,1761,0.562707901,2.964513063,1
423,1777,0.6957075,2.059134007,1
423,1793,0.655749321,1.917236328,1
423,1809,0.7562615871,1.305229068,1
423,1825,-6.755308151,-1.168359041,1
423,1841,0.6921354532,1.067392349,1
423,1857,8.219480515e-05,1.241202712,1
423,1873,-0.09627342224,-0.509554863,1
423,1889,-0.3938689232,0.5040764809,1
423,1905,-1.09639442,2.75236392,1
423,1921,-1.23402071,4.790266514,1
423,1937,-1.221500278,3.877532959,1
423,1953,-2.402352333,0.9543645382,1
423,1969,-4.219663143,1.41601944,1
423,1985,-7.1108675,0.6175507307,1
423,2001,-6.024218559,0.6629561186,1
423,2017,-0.5709266663,5.17010355,1
423,2033,-5.734009743,1.593943119,1
439,17,0.2829309106,-0.1019545794,1
439,33,-1.440552711,-1.231145024,1
439,49,-2.132865191,-0.4509356916,1
439,65,-1.993834496,-1.647123575,1
439,81,-1.928467512,-0.8029370308,1
439,97,6.01624918,-5.658716679,1
439,113,7.363518238,-4.066012383,1
439,129,7.7127738,-1.467957973,1
439,145,3.099389553,-2.393212318,1
439,161,-2.921958447,6.425462723,1
439,177,7.625426769,2.704157352,1
439,193,-8.655356407,-1.390618682,1
439,209,1.344975471,-1.597884536,1
439,225,1.228756309,-1.621140242,1
439,241,-0.048386015,-0.6913934946,1
439,257,-0.3506272435,-0.9248617887,1
439,273,-0.9226199389,-0.2426251024,1
439,289,-9.342515945,2.053290367,1
439,305,-1.619489908,0.04662285745,1
439,321,-0.5275995731,-0.1965712309,1
439,337,0.3750314713,-0.1593227237,1
439,353,7.651340961,6.419271469,1
439,369,-0.91480124,2.217422009,1
439,385,-2.427699566,1.796789527,1
439,401,0.5667973161,-0.2419263124,1
439,417,0.3162387609,1.606307983,1
439,433,0.5607935786,2.406762123,1
439,449,1.189090848,2.748452187,1
439,465,2.425172567,2.169844866,1
439,481,2.295539856,0.7979040146,1
439,497,1.303599358,-0.213873744,1
439,513,0.6105974317,-0.4613144398,1
439,529,0.1356329918,-0.7447404861,1
439,545,0.6261271238,-1.38760519,1
439,561,0.4217344522,1.256969929,1
439,577,-2.483010292,3.159360409,1
439,593,-3.298556328,5.083060741,1
439,609,-0.2793236971,4.389196396,1
439,625,0.9812339544,5.221613884,1
439,641,0.6671686172,5.328976631,1
439,657,-1.621475577,4.782770157,1
439,673,9.148929596,3.583821297,1
439,689,3.535770416,1.594479799,1
439,705,-3.123327732,3.949093342,1
439,721,-3.468922377,9.016151428,1
439,737,-2.846229076,3.620013475,1
439,753,-1.874657631,2.869757652,1
439,769,-0.4293912649,3.696841002,1
439,785,-1.822733521,3.171136379,1
439,801,-2.029810905,2.955021858,1
439,817,2.240515709,-3.549357414,1
439,833,-3.59039712,1.533878088,1
439,849,-3.141591072,-4.879200459,1
439,865,-4.599147797,3.125837803,1
439,881,-4.645813942,2.89335537,1
439,897,-2.058238029,3.310965776,1
439,913,-4.420314312,9.324215889,1
439,929,-2.172682285,2.120050192,1
439,945,-2.473493099,0.7805509567,1
439,961,-2.164644718,2.161269903,1
439,977,-1.968971252,3.950918198,1
439,993,-2.697963715,3.618453264,1
439,1009,-2.752884626,1.918235302,1
439,1025,-3.170021534,2.225966692,1
439,1041,-2.149559021,2.342912912,1
439,1057,-0.1424681544,1.929453135,1
439,1073,0.4526556432,1.568096638,1
439,1089,1.172012806,1.181509972,1
439,1105,1.248186111,2.641973019,1
439,1121,1.499912858,4.98613596,1
439,1137,2.64858532,6.132355213,1
439,1153,2.501403332,5.417686462,1
439,1169,1.227949619,4.400376797,1
439,1185,0.5623657703,4.737135887,1
439,1201,-0.814478159,4.307218552,1
439,1217,-0.6345105767,5.056400776,1
439,1233,-0.5988819599,4.772473335,1
439,1249,-2.283185244,3.90542078,1
439,1265,-5.279528141,3.149678946,1
439,1281,2.086999416,-4.804494381,1
439,1297,4.5574646,5.678415298,1
439,1313,2.153180122,5.5303545,1
439,1329,6.113825321,-3.572932482,1
439,1345,5.907322407,-1.62083149,1
439,1361,2.678664923,3.444533825,1
439,1377,-6.995487213,4.39327383,1
439,1393,2.46679163,1.76844418,1
439,1409,0.9987385869,1.329721093,1
439,1425,0.5305067897,0.8119755983,1
439,1441,0.5647357702,0.9713169336,1
439,1457,2.399194479,0.9838694334,1
439,1473,5.020712852,2.269401312,1
439,1489,5.70955801,2.81536293,1
439,1505,9.73352623,3.415282488,1
439,1521,9.940906525,1.248926401,1
439,1537,6.765972137,0.5847611427,1
439,1553,8.186139107,1.045962572,1
439,1569,2.180521727,-8.243865967,1
439,1585,2.989618778,0.4313615561,1
439,1601,1.32938838,0.8037406802,1
439,1617,1.107335806,1.715283036,1
439,1633,1.818665624,3.578326225,1
439,1649,-5.740821838,5.1017766,1
439,1665,-6.408694744,2.470506668,1
439,1681,1.080006838,-0.4362535775,1
439,1697,1.099855661,-0.6816242337,1
439,1713,1.65546608,0.2313804924,1
439,1729,2.012693882,1.521773696,1
439,1745,1.673109412,1.59217906,1
439,1761,0.7783266902,2.766711712,1
439,1777,0.09827262163,3.377125502,1
439,1793,-0.1063765883,-1.356487989,1
439,1809,1.651417851,-1.15247488,1
439,1825,-5.432519913,3.666229725,1
439,1841,5.535512924,-5.433292389,1
439,1857,4.303037167,4.830867767,1
439,1873,0.3559133708,1.938115597,1
439,1889,3.367071152,6.002979755,1
439,1905,-1.388924479,-0.2127375603,1
439,1921,-1.090952635,2.228951454,1
439,1937,4.908231735,-3.44543457,1
439,1953,-4.298902512,2.653125525,1
439,1969,-5.820167065,1.955771685,1
439,1985,-5.383946896,9.793941498,1
439,2001,-6.564194679,0.8327978849,1
439,2017,0.6191558838,2.085074902,1
439,2033,-5.070977211,10.35512543,1
455,17,0.1783380508,0.3787967563,1
455,33,2.465749979,5.615596771,1
455,49,-0.6938672066,-0.2216773927,1
455,65,-1.522527695,-1.089577079,1
455,81,-2.256088495,-1.276510477,1
455,97,2.342567444,-4.163290024,1
455,113,6.450825691,-0.8413186073,1
455,129,1.022261143,-1.190823555,1
455,145,1.441812038,-3.021226406,1
455,161,2.170466423,-3.875458956,1
455,177,-1.651455998,-2.99348402,1
455,193,-0.8293187022,-2.254239559,1
455,209,-8.221998215,-3.551482439,1
455,225,-8.029188156,-0.8685288429,1
455,241,0.1497228444,-1.051898599,1
455,257,-0.2160263062,-1.18373239,1
455,273,-0.4669998884,-0.2261021137,1
455,289,-0.4036591649,0.2800928354,1
455,305,-0.363725394,0.5421950817,1
455,321,0.1002543569,-0.1279099882,1
455,337,1.548933268,-0.8458309174,1
455,353,4.900758266,8.010818481,1
455,369,6.027284622,6.612000465,1
455,385,1.511968136,2.064689159,1
455,401,1.484386206,1.530908108,1
455,417,1.594857454,1.621455908,1
455,433,1.86212039,2.476381302,1
455,449,1.926040173,2.752967596,1
455,465,2.34526968,2.658252001,1
455,481,2.21126318,1.646493196,1
455,497,1.861126661,1.650057793,1
455,513,2.025351048,-8.025122643,1
455,529,1.866780281,-0.4186918736,1
455,545,2.770025253,-2.453626394,1
455,561,1.574993968,0.8842816353,1
455,577,-0.3049980998,-0.0888106823,1
455,593,-8.819500923,1.873049498,1
455,609,0.1749780178,4.119976044,1
455,625,0.7972691059,5.673199654,1
455,641,-0.7820857167,6.884981155,1
455,657,-1.046528697,7.128432751,1
455,673,8.021176338,4.059867859,1
455,689,4.992064476,-1.243690491,1
455,705,-1.1751647,3.171285152,1
455,721,-1.346443892,3.134937048,1
455,737,-1.820699692,3.591064453,1
455,753,-1.744105816,3.161294937,1
455,769,-1.84575665,3.300541162,1
455,785,-2.435684204,3.447053194,1
455,801,-2.711525917,3.566503048,1
455,817,-2.587819576,3.765388966,1
455,833,-3.15110898,3.830519199,1
455,849,-4.576449871,6.323805809,1
455,865,-2.451517582,2.816068411,1
455,881,-2.576847792,2.651617289,1
455,897,-3.724966288,3.047008514,1
455,913,-2.445747375,3.065993071,1
455,929,-4.56357193,2.683456898,1
455,945,-4.082828522,2.699723244,1
455,961,-8.349629402,8.657334328,1
455,977,-2.495252848,3.69746232,1
455,993,-2.341089249,3.063909292,1
455,1009,4.917022705,-3.075634718,1
455,1025,4.366375923,-3.202320099,1
455,1041,-1.751452208,0.4068351984,1
455,1057,0.06025058031,0.9756225348,1
455,1073,0.9921950698,1.608107805,1
455,1089,2.669580221,1.529732704,1
455,1105,1.467719436,2.625895977,1
455,1121,0.8998451233,4.533431053,1
455,1137,1.319478273,5.570411682,1
455,1153,0.7448362112,4.982146263,1
455,1169,0.4894853234,4.146826744,1
455,1185,0.08651149273,4.023090839,1
455,1201,-0.2651322484,3.352709293,1
455,1217,0.09380215406,4.263746738,1
455,1233,-3.797234058,9.472999573,1
455,1249,-5.026835918,3.880172014,1
455,1265,-2.226536512,2.227446318,1
455,1281,0.7493289709,-5.115573883,1
455,1297,-7.591312885,6.181657791,1
455,1313,7.29399395,5.040279865,1
455,1329,2.303295374,1.577662468,1
455,1345,1.676406264,1.025169849,1
455,1361,0.9636315107,2.918800354,1
455,1377,1.133327246,3.667687893,1
455,1393,1.330235481,1.81593132,1
455,1409,1.092542291,1.16134584,1
455,1425,0.5651215315,0.7101712227,1
455,1441,0.506049037,1.072796345,1
455,1457,1.630689502,1.266733408,1
455,1473,-0.9614492059,1.308508158,1
455,1489,-1.615992785,2.46521306,1
455,1505,0.4670704603,3.166808605,1
455,1521,-6.79990387,-2.67032671,1
455,1537,-5.623875618,-4.4006567,1
455,1553,1.369433641,9.025733948,1
455,1569,1.667767406,1.643046856,1
455,1585,1.83882618,0.9594154358,1
455,1601,1.270492077,0.6983239651,1
455,1617,0.6049928665,2.000838995,1
455,1633,-0.1953593493,3.444967747,1
455,1649,-0.5527582169,1.330762148,1
455,1665,1.681767464,-0.4499512315,1
455,1681,2.623376369,-0.8850622177,1
455,1697,2.97996068,0.09870278835,1
455,1713,9.448773384,-4.903942108,1
455,1729,2.928530931,1.503424883,1
455,1745,2.603582859,1.507227778,1
455,1761,1.454268217,2.774836779,1
455,1777,-0.163654089,0.7919213772,1
455,1793,-0.5114783049,-0.6462593079,1
455,1809,-3.259835005,-4.883895874,1
455,1825,2.00440979,10.64510155,1
455,1841,8.790416718,-1.821997643,1
455,1857,4.517913342,2.869359016,1
455,1873,-0.5546221137,-0.3231704235,1
455,1889,-1.379251719,1.370650172,1
455,1905,-8.40042305,-1.550751686,1
455,1921,-7.190673351,-3.496767998,1
455,1937,-5.716105461,-5.192482471,1
455,1953,-1.078315496,-0.182189703,1
455,1969,-4.226518631,8.760848999,1
455,1985,-4.935194969,9.728879929,1
455,2001,-8.03181839,6.457587242,1
455,2017,-4.582004547,-4.635194778,1
455,2033,-8.740022659,8.200540543,1
471,17,-1.882516384,1.036872745,1
471,33,-1.524017572,0.8726218939,1
471,49,-1.299129128,0.1351369023,1
471,65,0.2729494572,0.01391786337,1
471,81,-1.765562892,-0.358612746,1
471,97,-1.751277208,1.032350898,1
471,113,4.270385265,5.975965023,1
471,129,-4.128678322,-0.4162163734,1
471,145,0.377792269,-2.63996315,1
471,161,0.1100459099,-2.663298607,1
471,177,-1.318657517,-2.95374012,1
471,193,0.1176797375,-2.342237711,1
471,209,0.9061326385,-1.063664198,1
471,225,2.745640755,7.805716515,1
471,241,0.3428018093,-0.7698034048,1
471,257,-0.1706254482,-0.4238493145,1
471,273,-0.6259381175,-0.366535604,1
471,289,-0.756940186,-0.06768900901,1
471,305,-0.3832620978,0.02812865376,1
471,321,0.09873136878,-0.1071610451,1
471,337,1.110638261,0.1363611221,1
471,353,2.737695217,1.972736955,1
471,369,3.159191132,-5.826148033,1
471,385,1.654392242,1.281747222,1
471,401,1.76602459,1.74651885,1
471,417,1.735073566,1.817159176,1
471,433,1.66053319,2.404064894,1
471,449,1.285844803,2.963991165,1
471,465,0.956407547,4.186450958,1
471,481,0.1042516232,5.811789513,1
471,497,2.510591984,4.114906311,1
471,513,1.472424507,-7.76051569,1
471,529,1.55920136,1.041136026,1
471,545,1.897362709,1.378194094,1
471,561,1.659940958,0.8625345826,1
471,577,0.495788306,-0.3891510963,1
471,593,0.8517549038,1.483808756,1
471,609,0.7997771502,3.853206396,1
471,625,2.413653851,5.397470474,1
471,641,3.31401515,6.10332489,1
471,657,-2.225633383,8.344449043,1
471,673,-2.374069214,5.023631096,1
471,689,-1.990991592,5.042284966,1
471,705,-0.9191025496,3.649715185,1
471,721,-0.4970619678,3.083265305,1
471,737,5.648458481,5.701246738,1
471,753,-6.319177628,-3.549269676,1
471,769,-2.20942235,2.099889755,1
471,785,-2.720798492,3.711487293,1
471,801,-3.191601038,4.215543747,1
471,817,-3.665951729,4.585056782,1
471,833,-3.703483582,4.444014072,1
471,849,-3.059648275,5.305545807,1
471,865,-2.058880091,2.456781149,1
471,881,-2.573665619,2.87759161,1
471,897,6.143788338,6.992935181,1
471,913,-0.6978286505,4.377188206,1
471,929,-9.864545822,3.976044893,1
471,945,-3.074332476,4.363932133,1
471,961,-9.22036171,7.82818222,1
471,977,1.817093492,3.584270477,1
471,993,-1.402302623,4.576538086,1
471,1009,-0.591476202,3.475453377,1
471,1025,6.527101517,-1.46441865,1
471,1041,0.4604316652,1.751342297,1
471,1057,0.6914407015,1.569952011,1
471,1073,1.406120777,3.668268442,1
471,1089,9.950173378,4.428718567,1
471,1105,1.857672215,4.294360161,1
471,1121,-1.820507288,2.15841341,1
471,1137,1.399854898,5.306321144,1
471,1153,1.237956047,4.122700214,1
471,1169,0.6737921238,4.185185909,1
471,1185,0.5311345458,3.222621918,1
471,1201,0.8329625726,3.07088995,1
471,1217,0.9965053797,2.733069897,1
471,1233,0.08452774584,3.248766899,1
471,1249,-0.3738930225,3.611519814,1
471,1265,0.4139918983,2.918230772,1
471,1281,1.502878666,2.809076309,1
471,1297,-5.625582218,8.787659645,1
471,1313,0.7985374928,0.7775406837,1
471,1329,0.4320961237,2.210868835,1
471,1345,-0.1795911789,1.05011797,1
471,1361,-0.09972190857,1.368088961,1
471,1377,0.6672277451,2.10838151,1
471,1393,1.38415134,1.215452433,1
471,1409,1.220191956,1.351433635,1
471,1425,0.7462753057,0.9318629503,1
471,1441,0.7790492773,1.289609432,1
471,1457,0.4139282703,1.328620076,1
471,1473,0.1603895426,1.856352329,1
471,1489,-0.6197776794,2.792515039,1
471,1505,-0.3182969093,2.53215909,1
471,1521,0.1811219752,2.506143093,1
471,1537,0.3221607208,2.250476122,1
471,1553,1.344248533,1.607606173,1
471,1569,1.574517965,1.565663099,1
471,1585,1.374223232,1.679225802,1
471,1601,-3.40158534,9.5716362,1
471,1617,-6.178574562,2.12246418,1
471,1633,-6.044021606,0.5747237206,1
471,1649,-0.3675209284,2.114142895,1
471,1665,1.674572825,0.4141350985,1
471,1681,2.39043045,0.2748559713,1
471,1697,2.690346956,0.955170393,1
471,1713,3.66742301,0.9295269251,1
471,1729,4.362100601,1.840497732,1
471,1745,2.25508213,5.230725288,1
471,1761,4.28481245,2.778517723,1
471,1777,4.170318604,2.814946175,1
471,1793,-2.141041279,10.44693851,1
471,1809,-1.839071035,9.341194153,1
471,1825,1.820226192,6.774145126,1
471,1841,1.809016824,11.28220367,1
471,1857,3.967344522,3.614716053,1
471,1873,-0.603600204,0.1466581821,1
471,1889,0.1759033203,3.132910252,1
471,1905,0.3683895469,3.11617136,1
471,1921,8.519090652,2.142974615,1
471,1937,7.832909584,-0.09118628502,1
471,1953,0.05511832237,-0.08646321297,1
471,1969,-0.9129638672,3.166780233,1
471,1985,-1.228979826,3.631523371,1
471,2001,5.392821789,2.423451185,1
471,2017,-12.23407555,-0.9625105858,1
471,2033,-11.50141239,-2.14755249,1
487,17,-2.991014481,0.9351791143,1
487,33,-1.102542162,1.069227457,1
487,49,-0.2016993761,-9.025710106,1
487,65,-0.9777746201,1.076189041,1
487,81,4.793990612,-4.907700539,1
487,97,-3.814984083,-0.05336385965,1
487,113,-2.740454912,0.08138328791,1
487,129,-0.9248780012,-0.6316562295,1
487,145,-5.820344448,-2.55268693,1
487,161,0.005764335394,-0.3025808334,1
487,177,-0.2556343079,-0.9073410034,1
487,193,1.486378431,-0.8231476545,1
487,209,1.521307349,-1.740768671,1
487,225,0.7145544887,-0.6782079339,1
487,241,0.5571742654,-0.5329329967,1
487,257,0.04406028986,-0.07053282857,1
487,273,-0.3075130582,0.1229817122,1
487,289,-0.6729759574,-0.0852997154,1
487,305,-0.4269521832,-0.4267168641,1
487,321,-0.8609443307,-0.8303772211,1
487,337,-0.00833517313,0.8422029018,1
487,353,0.552069068,2.012253046,1
487,369,-1.678193688,-6.647325516,1
487,385,1.201845765,0.9186068773,1
487,401,1.181818485,3.640262604,1
487,417,1.172824025,3.538431644,1
487,433,1.062807083,2.739712238,1
487,449,0.7020237446,3.015159607,1
487,465,5.876619339,-3.553397179,1
487,481,-0.3993610144,4.497061253,1
487,497,-0.6027241945,1.948999882,1
487,513,-0.4169905186,1.225190163,1
487,529,0.6730902195,1.276773214,1
487,545,-1.026286244,1.057051659,1
487,561,-1.526745558,1.846820831,1
487,577,-0.9810041189,1.759519935,1
487,593,0.3251630068,2.361788273,1
487,609,-0.9705417156,3.861180067,1
487,625,-1.457582355,4.767424583,1
487,641,-2.402424812,6.584645271,1
487,657,-3.368329525,7.999907494,1
487,673,-3.066775799,4.715211391,1
487,689,-1.825316429,4.04416132,1
487,705,1.262201071,3.380884886,1
487,721,0.4373628497,4.051149368,1
487,737,-2.299528599,2.571260929,1
487,753,6.439193249,0.1369285583,1
487,769,-2.183169127,0.9651212692,1
487,785,-2.424417257,4.92343235,1
487,801,-3.664975405,4.8516078,1
487,817,-3.923588514,5.087812424,1
487,833,-4.585968971,4.427016258,1
487,849,-3.057297707,4.293978691,1
487,865,-1.576184392,3.045037031,1
487,881,-0.8845720291,2.891566038,1
487,897,7.578742981,0.6723029613,1
487,913,-0.8259580135,-2.06545949,1
487,929,-1.376610875,4.777521133,1
487,945,-0.7941315174,4.092508793,1
487,961,-1.153641939,2.980659962,1
487,977,-0.9469074011,4.118760109,1
487,993,0.3150163889,6.715733528,1
487,1009,1.792111754,7.523603439,1
487,1025,-3.252230644,13.25884819,1
487,1041,0.5742055178,3.262639046,1
487,1057,0.652107656,3.003848314,1
487,1073,-2.290380716,3.69022131,1
487,1089,3.85888052,5.525715828,1
487,1105,3.872828245,5.119490623,1
487,1121,2.603577614,5.546828747,1
487,1137,-1.927239299,13.05013847,1
487,1153,1.094814897,4.850697994,1
487,1169,0.4451711774,4.404922485,1
487,1185,1.467097044,3.473721504,1
487,1201,2.956292152,2.745052338,1
487,1217,1.127031088,2.094332457,1
487,1233,2.066021442,2.795907974,1
487,1249,7.047111034,-0.8567814827,1
487,1265,0.6649362445,2.83905673,1
487,1281,5.104821205,2.837399483,1
487,1297,9.425071716,3.272874594,1
487,1313,0.3845522404,1.996812105,1
487,1329,-1.735050559,2.967523098,1
487,1345,-0.8661939502,1.609421134,1
487,1361,0.0793081522,1.381453872,1
487,1377,0.3677423,1.914012909,1
487,1393,1.661215305,1.074203014,1
487,1409,1.132128596,1.796106696,1
487,1425,0.689252615,0.8227405548,1
487,1441,0.5006448627,1.652478218,1
487,1457,-0.0161242187,1.817204475,1
487,1473,0.01466605067,2.124097109,1
487,1489,-0.3661277294,1.722145319,1
487,1505,-0.7813346386,1.809612751,1
487,1521,-0.6911997795,2.86776638,1
487,1537,0.5643243194,2.258100986,1
487,1553,1.112236977,2.22855711,1
487,1569,1.095669508,1.773908615,1
487,1585,0.6935898066,1.505723238,1
487,1601,2.699002743,2.5357306,1
487,1617,-7.393920422,-0.5501134396,1
487,1633,2.884685278,7.16931963,1
487,1649,-6.970061779,0.3950427771,1
487,1665,-5.482806206,7.125930309,1
487,1681,1.224398136,2.526922464,1
487,1697,1.004359245,1.415826559,1
487,1713,8.840215683,-4.237783432,1
487,1729,5.277045727,1.236338377,1
487,1745,5.921957016,2.56289506,1
487,1761,4.936255455,3.206249237,1
487,1777,4.499130249,2.628689289,1
487,1793,4.378724098,3.935173273,1
487,1809,3.607334375,12.91691589,1
487,1825,1.972443104,-1.742871284,1
487,1841,4.326295853,4.561720371,1
487,1857,4.394888878,7.061562061,1
487,1873,1.246713877,3.125207663,1
487,1889,5.007918835,2.890920401,1
487,1905,4.532328606,2.376196384,1
487,1921,1.609411716,2.289788008,1
487,1937,2.508124352,11.22408772,1
487,1953,-1.019312263,1.389153719,1
487,1969,-1.052391648,-6.726481438,1
487,1985,-1.14850378,3.245434523,1
487,2001,-0.9951183796,-6.591480255,1
487,2017,-9.725395203,-3.556263208,1
487,2033,-8.885736465,-4.462792873,1
503,17,-3.76526165,2.200996399,1
503,33,-1.293159723,0.6483179331,1
503,49,6.717314243,-4.820220947,1
503,65,-10.33260155,-2.956917286,1
503,81,-2.494694471,-0.8541095257,1
503,97,-2.469431877,-0.4723236561,1
503,113,-1.773953795,0.01834757626,1
503,129,-0.9173138738,-0.9959667921,1
503,145,0.2120730132,-0.3751589656,1
503,161,0.7656338811,0.5633842349,1
503,177,-7.903912067,4.102409363,1
503,193,-8.430563927,2.619904518,1
503,209,0.9798493385,0.02022334933,1
503,225,0.4906517565,-0.115893811,1
503,241,0.4210922122,-0.3795239925,1
503,257,0.4270335436,-1.846647024,1
503,273,-0.3458079696,0.4136460721,1
503,289,2.161384583,1.080926895,1
503,305,2.566994905,-0.04842066765,1
503,321,0.7188462019,0.2582007647,1
503,337,-0.0959803462,1.046688676,1
503,353,-0.1092226654,1.218296885,1
503,369,0.4254003763,1.008785248,1
503,385,1.097313404,1.975933313,1
503,401,2.077005863,4.230644703,1
503,417,1.3511554,4.166845322,1
503,433,0.9837703705,3.313679695,1
503,449,1.408946633,2.998315334,1
503,465,2.818383217,1.129331112,1
503,481,-9.232316017,5.09539175,1
503,497,-1.678676009,2.082141399,1
503,513,-1.399421096,1.605217457,1
503,529,5.255494118,6.666999817,1
503,545,4.712630272,-4.55120182,1
503,561,-3.440004826,1.837962151,1
503,577,-2.52013135,0.7916812897,1
503,593,-2.258420467,2.096382856,1
503,609,-2.520314455,3.800722122,1
503,625,-2.789801121,4.229970455,1
503,641,-3.783900261,4.439526558,1
503,657,-4.665631294,4.515699387,1
503,673,-3.412233114,4.582996368,1
503,689,-1.538762569,4.635810852,1
503,705,-0.6069464087,4.27051115,1
503,721,6.73575449,9.003549576,1
503,737,-1.589821935,5.022688866,1
503,753,-1.574694395,3.851099491,1
503,769,2.499671459,8.670718193,1
503,785,-7.049679756,-1.331171989,1
503,801,-4.751670837,4.84195137,1
503,817,-4.266201496,4.818433762,1
503,833,-3.632338047,4.356244087,1
503,849,-2.690976381,4.090642929,1
503,865,-1.423685074,3.557068825,1
503,881,0.3417117,3.599371195,1
503,897,1.081768513,3.376055956,1
503,913,-0.18544662,-1.179456711,1
503,929,-1.25540781,3.597775698,1
503,945,-1.651475787,3.541348457,1
503,961,-1.242377758,3.984744549,1
503,977,-1.04217279,5.040154934,1
503,993,-0.8289382458,6.655941963,1
503,1009,-0.4617992043,6.901693344,1
503,1025,-8.74612236,2.84216404,1
503,1041,-8.931165695,2.457804203,1
503,1057,8.286616325,6.447442532,1
503,1073,-0.2870057821,3.046307325,1
503,1089,0.3054875135,3.074447155,1
503,1105,5.12103796,6.674227238,1
503,1121,7.00739336,7.401574612,1
503,1137,1.500456095,5.06645155,1
503,1153,0.9948722124,5.08116293,1
503,1169,1.093770862,4.479310036,1
503,1185,2.203420639,3.151501656,1
503,1201,3.81275177,2.140032768,1
503,1217,1.383256793,2.257796288,1
503,1233,1.026599646,3.115474939,1
503,1249,1.350061655,2.679414749,1
503,1265,2.040145636,1.178540468,1
503,1281,2.159874439,2.898787737,1
503,1297,1.754750252,2.786747217,1
503,1313,0.6339823604,2.604098082,1
503,1329,-0.3838797808,2.450974941,1
503,1345,-0.592597127,1.903705716,1
503,1361,0.048864007,1.727929592,1
503,1377,1.092032909,9.292337418,1
503,1393,0.9390828013,2.821322441,1
503,1409,0.7965835333,2.66873908,1
503,1425,0.8453709483,3.632730246,1
503,1441,0.2693667412,2.086231232,1
503,1457,-0.3073992133,2.167388439,1
503,1473,-0.68288517,2.349784613,1
503,1489,-1.362977147,1.832974553,1
503,1505,-1.055286884,1.796240568,1
503,1521,-0.4264391959,4.964636326,1
503,1537,0.4444407821,2.656508923,1
503,1553,-6.865297794,7.48426199,1
503,1569,0.7438590527,1.979944229,1
503,1585,0.8476941586,1.623980999,1
503,1601,0.7265248895,2.636397839,1
503,1617,0.2170179486,2.716526747,1
503,1633,-0.0177950263,2.35087347,1
503,1649,0.3738685846,0.08412516117,1
503,1665,1.182433963,0.304058075,1
503,1681,-0.6257075667,0.9640008211,1
503,1697,7.803362846,7.561306477,1
503,1713,2.877606869,0.09769272804,1
503,1729,3.889387369,2.042610168,1
503,1745,5.27460289,2.955325603,1
503,1761,2.945211649,4.955586433,1
503,1777,2.921813488,3.574936867,1
503,1793,1.971746445,4.639863491,1
503,1809,3.022415876,13.72780037,1
503,1825,2.241159916,-0.6887431145,1
503,1841,-1.378910303,4.606667519,1
503,1857,1.304601789,6.896074295,1
503,1873,2.058390141,7.107866287,1
503,1889,2.018214226,3.677740335,1
503,1905,0.7826786041,2.161811829,1
503,1921,0.1053351164,2.768591166,1
503,1937,0.2140267193,-5.354282379,1
503,1953,-9.492836952,3.711922884,1
503,1969,-3.327052593,3.234074593,1
503,1985,-2.931765556,2.946262598,1
503,2001,-6.541014671,1.81827879,1
503,2017,-7.971988678,1.376101732,1
503,2033,-8.311929703,1.253455162,1
519,17,-1.546263695,1.922657251,1
519,33,-1.493615866,0.1880092621,1
519,49,-0.3966035843,-9.300104141,1
519,65,-10.09113026,-5.492945671,1
519,81,-3.354603052,-1.126365066,1
519,97,-2.575883865,-0.9598181248,1
519,113,-1.639804363,0.9212648273,1
519,129,-3.769175053,-5.05509901,1
519,145,-0.6826472282,0.1858232319,1
519,161,0.6624796391,0.4606249332,1
519,177,2.28184557,-8.794222832,1
519,193,-0.5577907562,0.5701674223,1
519,209,-0.4175159335,0.3270924985,1
519,225,-0.07231807709,0.5400300026,1
519,241,-0.1046077013,0.5374375582,1
519,257,-0.7929019928,-1.304484725,1
519,273,-3.984911203,-0.5476626158,1
519,289,-3.978935242,-1.843589425,1
519,305,-1.171817899,-0.6291581988,1
519,321,-0.5948307514,-1.202376604,1
519,337,-0.3173942566,-0.1597619951,1
519,353,-0.3354939222,1.159038067,1
519,369,0.2520490289,1.952764034,1
519,385,1.078265548,2.874736071,1
519,401,1.726210594,3.995967388,1
519,417,1.662124634,4.109549522,1
519,433,1.157981157,5.096199989,1
519,449,2.068108082,3.741562366,1
519,465,1.594974041,3.54126668,1
519,481,7.059491158,-1.734122753,1
519,497,4.362598419,4.217586517,1
519,513,-1.736557126,1.782790422,1
519,529,-5.015560627,1.187473297,1
519,545,-4.360169411,1.725225568,1
519,561,-3.196007729,0.2034255266,1
519,577,-3.324388027,0.2871733904,1
519,593,-3.02144599,1.869911432,1
519,609,-3.062798023,3.146409273,1
519,625,-2.665770054,3.944119453,1
519,641,-3.08383894,4.573019028,1
519,657,-3.337150812,4.645418644,1
519,673,-2.802501917,5.019774914,1
519,689,-1.969250202,4.942915916,1
519,705,-1.587781429,4.745960236,1
519,721,-0.7992984056,5.027805328,1
519,737,-0.4850283861,4.86520195,1
519,753,2.83963418,5.002761841,1
519,769,-1.276487827,8.287649155,1
519,785,-4.793227673,5.831470966,1
519,801,-5.146179676,4.699422359,1
519,817,-4.793827057,4.364993095,1
519,833,-3.428058147,4.227606773,1
519,849,-2.100825787,5.119076729,1
519,865,-1.870896578,4.032578468,1
519,881,-1.513794184,3.578189135,1
519,897,0.6269778609,3.504252195,1
519,913,1.139881134,3.709857941,1
519,929,-1.975525379,3.868454218,1
519,945,-2.323848248,3.800656319,1
519,961,-1.919116735,3.116981506,1
519,977,-1.726228714,5.425236225,1
519,993,-2.032281399,7.383253574,1
519,1009,-1.370862722,6.73278904,1
519,1025,-9.162792206,2.776469707,1
519,1041,5.825555325,-2.337244987,1
519,1057,7.44812727,3.831933975,1
519,1073,-0.7060438991,3.763143063,1
519,1089,-0.07801508904,4.242986679,1
519,1105,0.9288740158,4.897766113,1
519,1121,-7.328371525,6.996537209,1
519,1137,0.8299369812,5.31166029,1
519,1153,0.746058166,5.540538311,1
519,1169,1.203171372,4.474646568,1
519,1185,1.860088587,3.126831055,1
519,1201,1.965857625,1.660842419,1
519,1217,1.466495991,2.281181574,1
519,1233,1.067833185,3.930719852,1
519,1249,0.04828071594,3.491199493,1
519,1265,2.633569241,2.65790844,1
519,1281,3.014414787,3.609226942,1
519,1297,3.321537971,3.388092279,1
519,1313,0.957092762,2.95165062,1
519,1329,0.07748448849,2.20460701,1
519,1345,-0.05376262218,2.052008152,1
519,1361,4.011127472,7.815800667,1
519,1377,3.387277603,9.438802719,1
519,1393,1.449210048,3.168128014,1
519,1409,1.062393665,3.140284777,1
519,1425,-0.4067597389,4.461166382,1
519,1441,0.2033967972,2.615133524,1
519,1457,0.4049628377,2.431320429,1
519,1473,0.4354207218,2.10494113,1
519,1489,0.2384237647,2.19298768,1
519,1505,-0.05465179682,2.240760803,1
519,1521,-0.1454456151,5.705093384,1
519,1537,-4.635943413,8.850011826,1
519,1553,1.907681704,-4.683767796,1
519,1569,3.013504267,3.290447712,1
519,1585,2.440449476,2.606601,1
519,1601,-0.5024043918,1.75154829,1
519,1617,-1.603334904,2.860134363,1
519,1633,-2.142849684,1.911999702,1
519,1649,1.124266267,1.157288074,1
519,1665,2.079100132,1.266034365,1
519,1681,8.99667263,-0.6816673279,1
519,1697,9.508789063,2.145720482,1
519,1713,1.683598638,1.226844788,1
519,1729,1.636376739,2.760839701,1
519,1745,2.237352371,3.6426754,1
519,1761,3.149495363,4.908573151,1
519,1777,2.949063778,4.96862793,1
519,1793,2.831801414,5.721579552,1
519,1809,2.612463474,14.47701359,1
519,1825,-7.031331062,6.725736141,1
519,1841,-3.999989033,5.498749733,1
519,1857,-3.519527197,10.44899273,1
519,1873,3.630620956,8.154603004,1
519,1889,-5.504746437,4.613286972,1
519,1905,-6.534604549,1.429833889,1
519,1921,1.634458065,2.728247404,1
519,1937,1.215304971,1.030263901,1
519,1953,-2.557252884,5.443707466,1
519,1969,-1.578332186,2.916820765,1
519,1985,-2.06629777,2.613323689,1
519,2001,-3.203993082,-6.260757446,1
519,2017,-2.769833803,-3.166511297,1
519,2033,6.445224762,2.21851635,1
535,17,-1.852467537,0.5992721319,1
535,33,-1.468249202,-0.02110528946,1
535,49,-2.458053112,-0.7412211299,1
535,65,-8.653218269,-7.806861401,1
535,81,-4.046657562,-1.335180044,1
535,97,-0.9643229246,-1.567784309,1
535,113,-1.066826463,0.06008774042,1
535,129,-1.645314932,1.094641328,1
535,145,-1.688387394,1.162324786,1
535,161,-1.028459907,3.034724474,1
535,177,1.790886402,0.4933575988,1
535,193,3.133649826,1.44862926,1
535,209,-0.6555988193,0.7598010302,1
535,225,-0.7782174349,0.6530963182,1
535,241,-0.9943261147,1.167662144,1
535,257,-2.60094595,1.189183593,1
535,273,-2.150149345,0.4583915174,1
535,289,-1.684251308,-1.101077437,1
535,305,-2.045413017,-0.6245571375,1
535,321,-1.372700095,-1.155563593,1
535,337,-0.9380395412,-0.5528708696,1
535,353,-0.6945137978,1.552029252,1
535,369,-0.4827662408,3.335221529,1
535,385,0.4352856874,3.458322287,1
535,401,0.496099472,4.207295895,1
535,417,0.7953665257,4.003947258,1
535,433,0.484996438,6.076086044,1
535,449,0.1306674331,4.421480656,1
535,465,-0.1279996336,2.384653568,1
535,481,0.0559809804,2.157070875,1
535,497,-0.377946794,2.144541264,1
535,513,-2.277556419,2.092638969,1
535,529,-3.947949409,1.800685048,1
535,545,-3.130160809,-0.5231130123,1
535,561,-2.369435787,-0.6311354637,1
535,577,-2.569699764,0.4050656557,1
535,593,-2.146723032,2.805126429,1
535,609,-2.193640232,3.281475782,1
535,625,-2.539658308,3.812129498,1
535,641,-2.612713814,4.673789978,1
535,657,-2.805894375,5.262591839,1
535,673,-2.530259609,5.194020271,1
535,689,3.74788475,11.64098549,1
535,705,5.100667953,5.044529915,1
535,721,-1.970647097,5.385061264,1
535,737,-1.326642752,5.174092293,1
535,753,1.266581059,4.339498997,1
535,769,0.7516961098,3.498378515,1
535,785,-5.241650105,4.538029671,1
535,801,-5.884234905,4.48619318,1
535,817,-7.927895546,-3.765542507,1
535,833,-1.279710531,4.350162029,1
535,849,-1.531339884,5.415121078,1
535,865,-2.046356201,4.285552979,1
535,881,-3.461724758,3.682455778,1
535,897,-1.518275023,3.822827101,1
535,913,-1.330124855,5.379166603,1
535,929,-1.987700582,4.803008556,1
535,945,-2.528745413,4.30271101,1
535,961,-2.646093369,4.368096352,1
535,977,-2.267314911,5.801410675,1
535,993,-1.972831726,6.700184345,1
535,1009,-1.476272583,5.013799191,1
535,1025,0.03788286448,5.21865654,1
535,1041,0.9335980415,4.285774708,1
535,1057,0.9276316166,3.008541107,1
535,1073,-1.426573277,4.087091446,1
535,1089,0.3155710399,5.840650082,1
535,1105,0.8951693177,6.66229248,1
535,1121,0.2958420515,6.923741817,1
535,1137,0.08768975735,6.421104908,1
535,1153,0.3278283179,6.075122833,1
535,1169,0.4491428137,4.657721043,1
535,1185,0.8968310952,2.472528934,1
535,1201,1.114010811,2.527304411,1
535,1217,0.9939916134,3.094992638,1
535,1233,1.21722424,3.479059458,1
535,1249,2.240134239,3.480350256,1
535,1265,4.361522675,3.280011654,1
535,1281,5.19743824,3.055646896,1
535,1297,2.881509304,3.261503696,1
535,1313,1.11017108,2.936419964,1
535,1329,-0.7335453033,2.433227539,1
535,1345,-8.080446243,5.164074421,1
535,1361,0.8935557604,-6.461400032,1
535,1377,6.125573158,-2.884172916,1
535,1393,1.835418224,3.007705688,1
535,1409,1.678233624,2.816951036,1
535,1425,-0.05113315582,3.776309729,1
535,1441,0.6044588089,3.16548872,1
535,1457,0.6283539534,3.273555279,1
535,1473,0.9874898791,2.680315971,1
535,1489,0.8162353635,2.864043474,1
535,1505,0.3790267408,3.146968365,1
535,1521,0.635714829,3.89785099,1
535,1537,0.6731250882,4.405948162,1
535,1553,8.215335846,8.871785164,1
535,1569,1.019604325,5.815921783,1
535,1585,0.8303240538,1.291448593,1
535,1601,1.155670643,1.602212667,1
535,1617,-2.690598726,3.114766836,1
535,1633,-2.758831024,2.783675194,1
535,1649,-2.383224487,1.023267269,1
535,1665,3.200538158,4.641736031,1
535,1681,3.690423012,5.934658051,1
535,1697,-1.02774334,11.43928337,1
535,1713,1.089529276,2.108419895,1
535,1729,3.180480003,5.512207031,1
535,1745,7.34169817,-0.2993140221,1
535,1761,2.374874115,4.963445187,1
535,1777,2.844987869,6.305892944,1
535,1793,3.216092825,6.88894558,1
535,1809,2.308256388,14.9634552,1
535,1825,-7.180971622,5.609174728,1
535,1841,-5.813176632,4.369165421,1
535,1857,6.980536461,10.78803444,1
535,1873,4.715677738,8.491887093,1
535,1889,1.793072701,5.754868031,1
535,1905,0.4135899544,6.059007645,1
535,1921,3.407841921,-3.773006916,1
535,1937,1.002962589,1.816165447,1
535,1953,-5.267093658,-4.335994244,1
535,1969,-1.864499807,2.947339296,1
535,1985,-3.058129549,3.080719233,1
535,2001,-7.650526524,-4.223071575,1
535,2017,-6.955821991,-4.547418594,1
535,2033,-4.231873989,1.872760773,1
551,17,0.2717494965,1.533771753,1
551,33,-2.472331047,-2.953997612,1
551,49,-2.51932621,-1.413962364,1
551,65,-11.7743206,-2.558354139,1
551,81,-11.43080044,-3.93403101,1
551,97,0.9421691895,8.00528717,1
551,113,-0.3074922562,-0.05893862247,1
551,129,-1.723603606,0.1193521321,1
551,145,-2.013395786,-0.1652669311,1
551,161,4.884801865,4.165406704,1
551,177,-1.302447081,-8.054037094,1
551,193,0.008697748184,0.9503902197,1
551,209,-0.9881761074,0.9536851645,1
551,225,-1.006519079,0.4030079842,1
551,241,-1.384097099,1.043730736,1
551,257,-1.514220715,0.9964596033,1
551,273,-1.048560381,0.6306694746,1
551,289,-0.5238927603,0.03434454277,1
551,305,-1.886692047,-0.4006980658,1
551,321,-2.005335808,-0.9847553968,1
551,337,-1.333613992,-0.370473206,1
551,353,-0.1347160339,4.234881401,1
551,369,-0.7611114979,6.687178612,1
551,385,-1.008241892,3.463877201,1
551,401,-0.06512236595,3.90579772,1
551,417,-0.236610055,4.257545948,1
551,433,-0.1842400432,3.81325984,1
551,449,-0.04155731946,2.477979422,1
551,465,0.1567235589,1.849538565,1
551,481,0.2507787347,1.775907755,1
551,497,-0.06850159168,2.078616858,1
551,513,-1.992050767,2.135518789,1
551,529,-3.306428432,1.620711446,1
551,545,-4.694405556,-1.52765584,1
551,561,-3.302863121,-1.377053738,1
551,577,3.681271076,-4.736031532,1
551,593,0.6733539104,10.98704433,1
551,609,0.6229159832,11.5708952,1
551,625,-2.181834459,3.488819599,1
551,641,-2.196822166,4.442360401,1
551,657,-2.066409588,4.613737583,1
551,673,-1.917600751,4.828141212,1
551,689,-1.338151693,5.694154263,1
551,705,-0.8565406799,6.434200287,1
551,721,-1.256336331,6.151075363,1
551,737,-1.806145906,5.38265276,1
551,753,-0.137032032,4.911625862,1
551,769,-1.176304817,3.257470131,1
551,785,-3.692040443,3.013026237,1
551,801,-5.364379406,2.684009075,1
551,817,-7.20292902,-5.220499516,1
551,833,-2.895535231,5.628400326,1
551,849,-3.050490618,4.888207912,1
551,865,-2.772337437,4.248282909,1
551,881,-2.351560116,3.942442417,1
551,897,-2.180813789,4.368020058,1
551,913,-0.9214617014,5.591759682,1
551,929,-1.963449955,5.464919567,1
551,945,-2.4909935,4.748420715,1
551,961,-2.30163908,4.591047287,1
551,977,-1.894159079,4.824467659,1
551,993,-1.730607867,4.586693287,1
551,1009,-1.356105208,3.263046741,1
551,1025,0.06555593014,4.234291553,1
551,1041,1.02292347,4.288265705,1
551,1057,0.112364769,3.296809196,1
551,1073,-1.640911222,6.192041397,1
551,1089,-1.724942327,7.601579666,1
551,1105,-0.02916508913,5.91135788,1
551,1121,-0.50951612,6.378550053,1
551,1137,-0.3555458188,5.9696064,1
551,1153,-0.6911282539,5.554674625,1
551,1169,-0.8791959286,4.419640064,1
551,1185,-0.1058264971,2.761168242,1
551,1201,0.02088725567,3.419699669,1
551,1217,0.505310297,3.172671795,1
551,1233,1.074857235,3.301357508,1
551,1249,1.97788763,3.549401045,1
551,1265,3.197854042,3.524259329,1
551,1281,3.431661367,2.881058455,1
551,1297,2.693166494,1.647583246,1
551,1313,0.3301744461,2.442312241,1
551,1329,0.4087181091,2.953432798,1
551,1345,1.090958357,3.82054472,1
551,1361,2.296492338,7.737682819,1
551,1377,-4.379692078,9.492656708,1
551,1393,2.278092384,2.80757165,1
551,1409,2.582365513,2.652619123,1
551,1425,1.626879573,3.578914404,1
551,1441,0.7332389951,4.496756077,1
551,1457,0.6531844139,4.18086195,1
551,1473,3.582103968,4.984032154,1
551,1489,2.809200525,2.423693419,1
551,1505,1.324918509,3.419061184,1
551,1521,2.441104889,6.018558025,1
551,1537,0.09522458911,4.961035728,1
551,1553,1.812185049,5.596572876,1
551,1569,1.407941341,4.662878513,1
551,1585,9.059417725,0.9526307583,1
551,1601,-0.4592911601,3.150803804,1
551,1617,-0.8893626332,0.2438871861,1
551,1633,-2.157948017,0.4938502312,1
551,1649,-0.63030231,2.478693962,1
551,1665,0.9201936126,2.584561348,1
551,1681,1.421072721,2.990834713,1
551,1697,1.870566368,-3.91540432,1
551,1713,0.8354999423,4.435695648,1
551,1729,1.337644339,8.160297394,1
551,1745,0.7869747877,8.054149628,1
551,1761,1.272817969,5.554768085,1
551,1777,1.935278177,7.33357954,1
551,1793,2.051640511,7.763422489,1
551,1809,2.563145399,8.314501762,1
551,1825,-4.711556911,-0.8159694672,1
551,1841,6.436777115,10.69418526,1
551,1857,4.552585125,2.2491045,1
551,1873,4.137804508,2.420798302,1
551,1889,9.530104637,5.317853451,1
551,1905,7.056741238,8.569564819,1
551,1921,-0.1372576952,-4.827702045,1
551,1937,2.806811333,6.389169693,1
551,1953,2.559633255,10.13578224,1
551,1969,-5.596691132,3.791407108,1
551,1985,6.454797745,-0.8490409851,1
551,2001,-1.767969131,2.472536087,1
551,2017,-2.661264896,2.442256212,1
551,2033,-3.739215851,1.257300854,1
567,17,2.328169346,1.159583092,1
567,33,-0.7708163857,-1.566261888,1
567,49,-1.05318737,-1.578364372,1
567,65,-0.5250225067,-2.213181019,1
567,81,1.446981668,-1.322745919,1
567,97,1.779687405,-0.5835931897,1
567,113,0.8418941498,-0.1013111472,1
567,129,-9.438501358,-5.382805824,1
567,145,2.667868137,6.906787395,1
567,161,-1.081467628,0.4570673406,1
567,177,-2.887066126,-0.06487762928,1
567,193,-1.301652551,1.275507808,1
567,209,-0.9755695462,1.786428809,1
567,225,-0.6993421316,0.8215206861,1
567,241,-0.5055692196,0.6797482967,1
567,257,-0.01296555996,9.570097923,1
567,273,-2.313295841,-0.7733106613,1
567,289,-1.873105168,-0.2045350969,1
567,305,-2.056449652,-0.1909125149,1
567,321,-2.157757282,-0.7796434164,1
567,337,-1.894016266,0.5191814899,1
567,353,-10.17634964,2.147495985,1
567,369,-1.359007239,7.282109261,1
567,385,-0.7777554989,3.775259018,1
567,401,4.227506161,8.250061035,1
567,417,1.282431126,3.452433825,1
567,433,0.5581695437,2.953521252,1
567,449,-0.2322088033,1.896597385,1
567,465,0.179115206,1.898383617,1
567,481,0.3002361655,1.728355408,1
567,497,-0.1006935835,1.85932982,1
567,513,-0.6972019672,0.228281498,1
567,529,-0.9395399094,0.6803114414,1
567,545,-2.233010769,8.695533752,1
567,561,-2.393464088,0.928853035,1
567,577,-2.553636312,1.949796677,1
567,593,-4.677054882,-6.525921345,1
567,609,5.283092022,2.685213804,1
567,625,-4.170053005,3.244413376,1
567,641,-1.99996233,3.996983051,1
567,657,-1.791475654,4.023810387,1
567,673,-1.437954068,3.655311584,1
567,689,-2.167838573,5.489593029,1
567,705,-2.430599451,6.735908508,1
567,721,4.757725239,5.345397949,1
567,737,3.711480141,4.12686348,1
567,753,-3.315645456,4.48137188,1
567,769,-3.198642254,2.661569834,1
567,785,-3.826874256,1.567816019,1
567,801,-4.849387169,1.888186216,1
567,817,-4.593698025,6.470150948,1
567,833,-4.234184265,3.684808254,1
567,849,-4.094009399,3.269343853,1
567,865,-3.470311165,4.350797653,1
567,881,-3.118341923,4.572153568,1
567,897,-4.778632641,4.818804264,1
567,913,-3.10058403,4.942665577,1
567,929,-2.383214712,4.818326473,1
567,945,-2.228039026,4.768674374,1
567,961,-1.937706947,4.610826015,1
567,977,-1.680350184,4.392931938,1
567,993,-1.431113124,4.121370792,1
567,1009,-1.106578588,4.213657856,1
567,1025,-6.6458745,-2.292780399,1
567,1041,-0.9679678679,5.571135998,1
567,1057,-0.961224556,5.872970104,1
567,1073,-1.082579732,5.782060146,1
567,1089,-0.9447027445,4.889133453,1
567,1105,-0.9339969158,4.088027954,1
567,1121,-1.095478415,5.446923256,1
567,1137,-1.432683945,5.72381258,1
567,1153,-1.86746788,4.925425053,1
567,1169,-2.109779596,4.364414692,1
567,1185,-1.175313115,4.252698898,1
567,1201,-0.2959831953,3.719693422,1
567,1217,0.06654322147,3.16874218,1
567,1233,0.8366754651,3.19550252,1
567,1249,1.320310831,3.29165411,1
567,1265,2.024809361,3.016170502,1
567,1281,0.6594502926,-0.8662219048,1
567,1297,3.468147278,-0.1784243584,1
567,1313,3.409183979,-4.177165031,1
567,1329,0.3352662325,3.57181716,1
567,1345,1.478329301,4.188354969,1
567,1361,-1.576453567,-5.483499527,1
567,1377,0.5630376339,-6.181788921,1
567,1393,2.34742403,2.391473532,1
567,1409,2.510398149,2.259996414,1
567,1425,1.692223191,3.237822056,1
567,1441,0.8238298893,4.114309311,1
567,1457,-2.003498554,4.862672329,1
567,1473,8.061124802,-1.497570515,1
567,1489,1.803215504,1.462912083,1
567,1505,-0.4884928465,3.227758884,1
567,1521,-0.797603488,4.644781113,1
567,1537,-0.3275164068,5.476324558,1
567,1553,0.27832219,5.285061836,1
567,1569,1.76427412,4.352752686,1
567,1585,0.09097194672,2.005036592,1
567,1601,-0.1058018804,1.599057674,1
567,1617,2.484300852,-5.091529369,1
567,1633,0.4584056139,3.481102943,1
567,1649,0.8676396608,3.86442399,1
567,1665,1.609272122,4.541589737,1
567,1681,2.4149189,4.932141781,1
567,1697,1.095494032,5.060957909,1
567,1713,0.08168697357,6.776254654,1
567,1729,-8.580257416,6.509335995,1
567,1745,-8.75508976,5.602665901,1
567,1761,0.235178411,6.190381527,1
567,1777,1.003964424,6.696211815,1
567,1793,0.497710824,8.069437027,1
567,1809,-7.668972015,7.741758823,1
567,1825,6.778870583,10.22853851,1
567,1841,-7.512615681,8.316579819,1
567,1857,-8.142707825,-2.032668352,1
567,1873,6.412842751,-3.612481833,1
567,1889,-1.707453966,-8.493898392,1
567,1905,-0.6065706015,-5.011935234,1
567,1921,3.767611265,-4.59331131,1
567,1937,3.97136426,8.869850159,1
567,1953,4.040106773,11.7288475,1
567,1969,-3.231129169,9.895545959,1
567,1985,-5.573188782,11.14483929,1
567,2001,5.194950581,-3.550358772,1
567,2017,-1.775910854,1.125787616,1
567,2033,-0.857833147,-0.440079689,1
583,17,0.4247834682,-0.1040984392,1
583,33,-0.9031773806,-0.7779523134,1
583,49,-1.623220325,-0.740967989,1
583,65,4.425728321,-6.656658649,1
583,81,0.2262194157,-0.02494591475,1
583,97,-1.43351078,-1.422627211,1
583,113,6.553721428,-3.586596489,1
583,129,-6.951145172,-6.874328613,1
583,145,4.835622787,5.157632351,1
583,161,-3.43424511,-0.2593653202,1
583,177,-4.112324715,0.6332831979,1
583,193,-1.501464844,1.018059015,1
583,209,-1.075974226,1.831344247,1
583,225,-0.760296464,2.225786448,1
583,241,-2.2498281,9.885617256,1
583,257,-5.118571758,-0.140452981,1
583,273,-6.839859962,-0.7350190878,1
583,289,-3.631167889,-0.7442708015,1
583,305,-1.722503185,-0.2675856352,1
583,321,-1.654314756,0.1162026525,1
583,337,-1.857582331,2.037826538,1
583,353,-2.086539745,4.165774345,1
583,369,-2.426291943,6.008037567,1
583,385,-1.41306901,6.419178486,1
583,401,-1.750005007,5.023156643,1
583,417,-0.5303911567,3.787984133,1
583,433,-0.5777165294,3.263493776,1
583,449,-0.7278733253,2.411409855,1
583,465,-0.4334667325,4.388884544,1
583,481,0.1540190279,2.431740761,1
583,497,-0.6167957783,1.303019524,1
583,513,-0.8522562981,2.107800961,1
583,529,-1.129003882,2.769514322,1
583,545,-0.7974207401,7.19851923,1
583,561,-0.4100171328,2.881625175,1
583,577,-0.3030201197,2.521017551,1
583,593,-0.8413314819,3.012433529,1
583,609,-1.510243535,1.788088322,1
583,625,-1.899994493,2.611217022,1
583,641,-1.387767553,4.025608063,1
583,657,0.14792943,3.65933013,1
583,673,-7.426000595,0.5292105675,1
583,689,-3.937405586,5.405531883,1
583,705,-2.301927567,7.277794361,1
583,721,0.2230801582,6.337139606,1
583,737,-1.550503254,6.114104748,1
583,753,-4.400344849,11.30353355,1
583,769,-5.528923512,-2.275135517,1
583,785,-4.965343475,1.165115952,1
583,801,-5.443717003,1.631397009,1
583,817,-5.544279099,2.827828646,1
583,833,-6.113175869,3.773598671,1
583,849,-6.632741451,3.613322735,1
583,865,-4.342118263,4.492515087,1
583,881,-4.219675064,4.79859066,1
583,897,-4.013743401,5.220444679,1
583,913,-3.650763035,5.514366627,1
583,929,-2.72451067,4.921519756,1
583,945,-2.360924006,4.679601192,1
583,961,-1.908057451,5.270997047,1
583,977,-1.207442999,4.977193832,1
583,993,-0.4243930578,5.423836708,1
583,1009,-0.3349741101,4.353909492,1
583,1025,-0.6234869957,4.397648335,1
583,1041,-0.8317611217,4.533194542,1
583,1057,-0.9100775719,4.630555153,1
583,1073,-0.5028122663,4.69684124,1
583,1089,-0.6265273094,3.79978466,1
583,1105,-1.140514493,2.895181656,1
583,1121,-1.329172611,4.597557068,1
583,1137,-1.438325047,5.031589508,1
583,1153,-1.682207465,4.001135826,1
583,1169,-1.911915421,4.103746891,1
583,1185,-1.140519857,4.455743313,1
583,1201,-0.2962063551,3.827066183,1
583,1217,-0.06620420516,3.659547091,1
583,1233,0.5110868216,2.938139439,1
583,1249,1.284022689,2.92936182,1
583,1265,-0.7781188488,-0.6026515961,1
583,1281,0.4701316357,-0.7779769897,1
583,1297,1.915330291,1.575494289,1
583,1313,1.763661623,3.013576984,1
583,1329,2.065107107,5.258860588,1
583,1345,2.087315083,7.543032646,1
583,1361,0.4823434353,-5.068080902,1
583,1377,-3.848991394,6.859907627,1
583,1393,2.409165144,1.993177414,1
583,1409,3.059737444,2.711754799,1
583,1425,1.283763289,3.243075371,1
583,1441,0.8284480572,4.195454597,1
583,1457,1.431675196,3.019663334,1
583,1473,4.048605919,-3.254478216,1
583,1489,0.0830463171,2.247246265,1
583,1505,-10.67273617,6.189927578,1
583,1521,-0.8808518648,12.6659441,1
583,1537,-1.008893728,7.080735683,1
583,1553,-0.6063435674,4.932501316,1
583,1569,0.1461872309,4.015176773,1
583,1585,0.3699093461,3.874542952,1
583,1601,-0.1228793859,3.16149807,1
583,1617,0.662039578,4.170762062,1
583,1633,1.172709227,4.620473862,1
583,1649,1.188798666,4.481861591,1
583,1665,1.524961114,4.501328945,1
583,1681,0.3096475601,-3.80597353,1
583,1697,-6.408682346,-0.6134438515,1
583,1713,-0.1717988253,4.82874012,1
583,1729,-0.3494810164,5.250053883,1
583,1745,5.732293129,0.8296589851,1
583,1761,-0.2761151195,7.01858902,1
583,1777,8.187169075,3.558172226,1
583,1793,0.2584689856,6.560455322,1
583,1809,-6.372280121,6.048307419,1
583,1825,8.081283569,6.48894453,1
583,1841,-8.938814163,2.946412325,1
583,1857,-10.11315346,1.038737297,1
583,1873,-11.93227291,-2.517431021,1
583,1889,-3.834888935,-11.80572891,1
583,1905,2.192411661,3.180114269,1
583,1921,0.159440279,11.46070957,1
583,1937,-0.3936738372,1.222317219,1
583,1953,6.889093399,13.59737301,1
583,1969,-1.679842353,11.54851151,1
583,1985,1.45315063,3.350908756,1
583,2001,3.595162392,8.567869186,1
583,2017,3.967471123,9.035458565,1
583,2033,-5.612110138,10.83571529,1
599,17,-8.189691544,-6.502601624,1
599,33,-1.989571571,-0.9365254641,1
599,49,-2.024707794,-0.3811939955,1
599,65,-1.9250319,1.13435626,1
599,81,-3.732003212,-9.561128616,1
599,97,-2.535602331,-0.7426974773,1
599,113,-10.68683052,1.512704611,1
599,129,-9.120796204,1.385040283,1
599,145,-2.809132576,-1.002309322,1
599,161,0.06125211716,-3.272331715,1
599,177,-1.123762012,0.635748744,1
599,193,-1.581025481,0.4993245602,1
599,209,-1.01477623,-0.06435787678,1
599,225,-1.306599855,1.208444118,1
599,241,-2.426299572,9.574539185,1
599,257,-5.369338989,-0.3332722187,1
599,273,-8.065003395,-0.8535821438,1
599,289,-6.753406048,-0.799662292,1
599,305,-1.866500854,0.0955439806,1
599,321,-1.683773875,0.6954200268,1
599,337,-2.533388138,1.972138166,1
599,353,-2.257844448,2.763112783,1
599,369,-1.961002588,4.918917179,1
599,385,-1.803347349,6.631363392,1
599,401,-5.738493443,3.948823452,1
599,417,-8.0007658,4.766224384,1
599,433,-1.567989349,3.724234343,1
599,449,-0.922419548,2.755789995,1
599,465,-0.7276863456,3.442878246,1
599,481,-0.40456146,3.036242485,1
599,497,-0.4841408134,1.734475374,1
599,513,-0.7536280751,2.220303774,1
599,529,-0.8161731362,2.593422651,1
599,545,-0.3368121982,2.637128592,1
599,561,-0.03125053644,2.778252602,1
599,577,-0.04051370174,2.288755417,1
599,593,-0.6832079887,2.676325798,1
599,609,-1.833501697,2.026290417,1
599,625,-1.341601968,2.329189539,1
599,641,0.7775142193,5.441781044,1
599,657,-7.326930046,-3.074887276,1
599,673,-4.536742687,-4.307345867,1
599,689,-3.566803217,6.254806042,1
599,705,-3.900328636,6.49111557,1
599,721,-3.63092041,5.50210619,1
599,737,-3.655140162,5.918175697,1
599,753,-2.847050667,2.838428259,1
599,769,-1.356667519,1.549755812,1
599,785,-2.858679295,1.644619942,1
599,801,-4.613967419,0.9831197262,1
599,817,-4.428975582,2.490335941,1
599,833,-4.51304245,3.684633255,1
599,849,-4.740799427,3.915225029,1
599,865,-9.100944519,5.300217628,1
599,881,-5.188122272,6.163131714,1
599,897,-4.694851398,5.298560619,1
599,913,-4.15810585,4.540171146,1
599,929,-2.418397665,5.35554409,1
599,945,-4.50468874,5.29282856,1
599,961,-2.525253773,5.81859684,1
599,977,-0.6992077827,5.326106548,1
599,993,-0.1521122456,6.703448772,1
599,1009,-0.09093654156,4.802144527,1
599,1025,-0.4340871572,3.223104477,1
599,1041,-0.03088253736,4.145791054,1
599,1057,-0.6960126758,3.813816547,1
599,1073,-0.764631927,4.20979166,1
599,1089,-0.7195420265,4.454097748,1
599,1105,-0.8951922655,3.963895559,1
599,1121,0.786567688,1.972132206,1
599,1137,1.084311247,2.277455568,1
599,1153,-1.036060333,3.350910664,1
599,1169,-0.929500699,4.030720234,1
599,1185,-0.4439932704,4.136931419,1
599,1201,0.06681610644,4.703807354,1
599,1217,0.1705662608,3.233328342,1
599,1233,0.5996021032,1.542901516,1
599,1249,2.208415985,1.92242527,1
599,1265,5.93262434,-5.343348026,1
599,1281,7.049133778,-3.969619274,1
599,1297,-7.602781296,1.384548187,1
599,1313,1.740430474,3.004865885,1
599,1329,2.641113758,4.496634483,1
599,1345,1.520658135,5.87862587,1
599,1361,0.9111535549,5.138162613,1
599,1377,4.179215431,11.65792847,1
599,1393,2.340639114,2.576801538,1
599,1409,1.754840255,3.308372259,1
599,1425,0.9394094944,3.858869791,1
599,1441,1.274263382,4.681918144,1
599,1457,-1.91387701,12.67615128,1
599,1473,1.672197938,5.150959969,1
599,1489,-2.394302845,3.380571365,1
599,1505,-3.552859306,-4.589353085,1
599,1521,-0.4727065563,11.59086895,1
599,1537,1.024238229,6.093783855,1
599,1553,0.2573655546,4.630062103,1
599,1569,-0.19437702,4.197891712,1
599,1585,0.3480432332,5.247582436,1
599,1601,8.006155014,6.495044708,1
599,1617,0.8752851486,4.946246147,1
599,1633,1.491079092,5.033006191,1
599,1649,1.489640355,5.184079647,1
599,1665,0.6074243784,4.68157053,1
599,1681,-0.2537660301,10.25662041,1
599,1697,-0.5953223109,9.903512955,1
599,1713,-0.3936907053,4.336136341,1
599,1729,-0.1581914723,5.226996422,1
599,1745,0.06267538667,6.776437759,1
599,1761,7.606347561,9.548471451,1
599,1777,1.535543323,-2.729473591,1
599,1793,2.505327463,-3.682285309,1
599,1809,2.188592911,-2.465150356,1
599,1825,2.97685194,12.10509777,1
599,1841,-9.33665657,5.771740913,1
599,1857,-1.317313552,10.67614365,1
599,1873,-0.6894390583,7.594178677,1
599,1889,1.45272398,3.798531532,1
599,1905,2.078523159,3.525374174,1
599,1921,6.148793221,7.466472626,1
599,1937,8.001093864,8.577884674,1
599,1953,1.899119854,-0.4321193695,1
599,1969,1.180870891,6.584884644,1
599,1985,0.3534245491,2.379422188,1
599,2001,0.056237638,2.461501122,1
599,2017,0.3585596979,10.46718407,1
599,2033,-1.733400702,4.524577141,1
615,17,-9.57809639,-7.213006973,1
615,33,-2.362983704,-0.3987842798,1
615,49,-2.523822784,0.2060474455,1
615,65,-2.543359995,-0.5139580965,1
615,81,-3.276053667,-1.28650403,1
615,97,-2.72298336,-3.123855352,1
615,113,-2.416428566,-2.449473858,1
615,129,-2.141931772,7.740530491,1
615,145,5.56516552,-4.476905823,1
615,161,-0.7022799253,-1.326005459,1
615,177,-1.435172319,0.2754007876,1
615,193,-1.573305249,0.5224145651,1
615,209,-1.899684668,0.08042865992,1
615,225,-2.088238001,0.1442610025,1
615,241,-2.027406931,-0.5460640192,1
615,257,-2.200638533,9.75669384,1
615,273,-4.733122826,1.455060124,1
615,289,-3.250237942,0.8726584911,1
615,305,-2.448084593,0.4013677835,1
615,321,-1.687375188,0.5380206108,1
615,337,-2.060396194,2.299953461,1
615,353,-3.098250628,2.27059412,1
615,369,-3.071064711,3.000473499,1
615,385,-3.585884809,6.038764954,1
615,401,-4.505281925,8.112028122,1
615,417,-4.721920013,3.728816986,1
615,433,-2.355374813,3.891179085,1
615,449,-1.237133741,2.935465813,1
615,465,-1.160615921,2.775365829,1
615,481,-1.095004678,2.314522982,1
615,497,-1.226059675,2.054630041,1
615,513,-1.150791168,2.301847458,1
615,529,-0.8204416037,2.455181837,1
615,545,-0.5140000582,2.711350918,1
615,561,0.5857076049,2.595595837,1
615,577,0.339856863,2.053082466,1
615,593,-0.3969695568,1.410796165,1
615,609,-1.292399406,2.232867241,1
615,625,-1.349566221,2.327123642,1
615,641,-1.142802954,2.945549726,1
615,657,-7.196255207,-3.279938698,1
615,673,-1.245548368,6.514109612,1
615,689,-2.9260602,7.432814121,1
615,705,-2.913709164,5.535732269,1
615,721,-2.722902536,3.313085556,1
615,737,-3.193061113,2.228005886,1
615,753,-2.752420187,2.442092419,1
615,769,-1.188403606,1.797145724,1
615,785,-0.5677161217,1.930205822,1
615,801,-2.348751068,0.751459837,1
615,817,-3.10690546,0.07504820824,1
615,833,-3.946966171,3.013058186,1
615,849,-4.719167233,4.452291965,1
615,865,-8.204727173,4.562237263,1
615,881,-10.36162567,-0.1792383194,1
615,897,-3.850873947,6.176816463,1
615,913,-3.332213879,3.523845196,1
615,929,-11.50434971,5.288767338,1
615,945,-4.893918991,5.751540184,1
615,961,6.77086544,2.606889248,1
615,977,-1.521616459,5.462181568,1
615,993,-1.091613054,5.708742619,1
615,1009,-1.56134057,5.182183266,1
615,1025,-1.954698563,3.956306458,1
615,1041,-1.023017645,3.559406996,1
615,1057,-0.5935435295,2.484054565,1
615,1073,-0.9194467068,3.068667412,1
615,1089,-3.806659222,7.692828655,1
615,1105,-0.8737254143,3.453380346,1
615,1121,1.538492441,2.351575613,1
615,1137,1.548817277,2.264649868,1
615,1153,-1.455153108,-4.705760002,1
615,1169,2.342301369,10.34260178,1
615,1185,0.3707573414,2.649466753,1
615,1201,0.2749064267,4.248491764,1
615,1217,0.7055059671,2.717464447,1
615,1233,1.99005425,1.723854065,1
615,1249,8.520385742,1.529546022,1
615,1265,1.090754986,0.2033500671,1
615,1281,10.09968376,1.236536026,1
615,1297,-0.1753811836,4.257478714,1
615,1313,-0.1011977196,3.832903624,1
615,1329,0.8376398087,3.747214317,1
615,1345,0.4553149939,4.828029633,1
615,1361,-3.433499575,-4.788480282,1
615,1377,5.856789589,-2.988115788,1
615,1393,2.343673229,3.591329813,1
615,1409,1.132936001,3.574621439,1
615,1425,1.126465559,3.710251331,1
615,1441,2.200449944,4.603541851,1
615,1457,3.76513052,5.95846796,1
615,1473,1.799474835,6.896494389,1
615,1489,-1.553525925,6.141267776,1
615,1505,-3.180188894,4.736075401,1
615,1521,5.253565788,4.744501591,1
615,1537,2.326374054,4.900611401,1
615,1553,0.03565379977,4.686761856,1
615,1569,-0.003937527537,4.505303383,1
615,1585,6.585190773,-0.6826529503,1
615,1601,9.126497269,5.642524719,1
615,1617,1.524486303,5.706116199,1
615,1633,1.219687223,5.071410179,1
615,1649,0.5760006309,4.81009531,1
615,1665,-1.354374051,4.670005798,1
615,1681,-2.549457788,3.919466972,1
615,1697,-1.295092463,3.741057396,1
615,1713,-0.9856076241,4.678228378,1
615,1729,-0.3194470406,5.340028763,1
615,1745,0.1549998522,7.537799358,1
615,1761,1.180975795,6.361333847,1
615,1777,7.207871437,9.629695892,1
615,1793,-0.4525818527,9.027008057,1
615,1809,7.33836174,1.278269291,1
615,1825,-9.961296082,3.932000399,1
615,1841,7.695328236,5.174131393,1
615,1857,4.857408524,1.054337025,1
615,1873,2.413323402,-3.814591408,1
615,1889,-4.346106529,-4.654232502,1
615,1905,2.342975378,5.520236492,1
615,1921,-4.056842804,2.445693254,1
615,1937,-3.588438034,3.65681982,1
615,1953,0.187171042,14.5043335,1
615,1969,-6.737214565,-0.02674293518,1
615,1985,-6.94451952,-1.38912487,1
615,2001,-0.05901759863,2.989333153,1
615,2017,-6.792064667,9.013414383,1
615,2033,8.22753334,9.340518951,1
631,17,-2.89831996,0.4145231247,1
631,33,-2.680286884,-0.3362214565,1
631,49,-2.530492783,1.103690624,1
631,65,-2.408807755,-1.322191358,1
631,81,-2.340550423,-3.76195097,1
631,97,-2.196540117,-2.883760452,1
631,113,-1.996224403,-9.973439217,1
631,129,-2.253834486,7.523671627,1
631,145,-2.298719406,-0.4360018969,1
631,161,-2.134596109,-0.5404242277,1
631,177,-2.121831417,-0.1510591209,1
631,193,-2.594907284,0.3085046411,1
631,209,-1.945479393,0.1663329154,1
631,225,-2.799046278,0.09354692698,1
631,241,-2.745187044,-1.727384567,1
631,257,-1.838556767,7.473431587,1
631,273,5.929588318,6.427218914,1
631,289,-3.205688953,2.46749115,1
631,305,-1.958479166,2.294474363,1
631,321,-0.5320289135,1.697089911,1
631,337,-0.8295465708,2.45062232,1
631,353,-1.479809523,3.164963484,1
631,369,-1.943464041,2.508983135,1
631,385,-2.644958019,2.515708923,1
631,401,-5.577111244,10.9821949,1
631,417,-3.620891809,2.060846329,1
631,433,-2.536972523,5.096931458,1
631,449,-1.695530415,4.244640827,1
631,465,-1.331404448,2.319854021,1
631,481,-2.231792212,1.937177658,1
631,497,-2.450983524,2.32282877,1
631,513,-1.773985028,3.09112525,1
631,529,-1.891914368,4.576498985,1
631,545,-1.755711794,3.23934865,1
631,561,0.9784833193,0.7740240097,1
631,577,2.296185493,3.444108725,1
631,593,1.405098438,3.167475462,1
631,609,-9.559088707,2.388574362,1
631,625,-1.230715394,2.676851034,1
631,641,-0.9709345102,2.587602615,1
631,657,-0.8650131226,3.632704973,1
631,673,-1.233861208,5.775564194,1
631,689,-1.397671103,6.846703053,1
631,705,-1.952099562,4.853334427,1
631,721,-2.236738443,2.85707283,1
631,737,-5.374997616,2.792847395,1
631,753,-6.527607918,2.485787392,1
631,769,-2.399425268,1.832986593,1
631,785,-3.643755436,2.732261896,1
631,801,-2.148991585,2.211930752,1
631,817,-2.093674898,-0.362664938,1
631,833,-3.508569956,2.398768663,1
631,849,-4.665941238,3.892352343,1
631,865,-6.528593063,5.149868011,1
631,881,4.613105774,5.756687164,1
631,897,5.940734863,6.083288193,1
631,913,6.283092499,5.562300682,1
631,929,-6.722773075,13.13431358,1
631,945,-6.256940842,12.55545712,1
631,961,1.557480574,-2.537914753,1
631,977,-3.889238358,4.970878124,1
631,993,-2.532725811,5.240652561,1
631,1009,-3.175076962,4.88002491,1
631,1025,-3.365908861,4.379397392,1
631,1041,-2.042545795,2.833811283,1
631,1057,-1.079474449,2.331188917,1
631,1073,-0.4726338387,1.971288443,1
631,1089,-1.780730605,6.598812103,1
631,1105,-2.733436584,2.679485559,1
631,1121,-2.957253933,3.114707947,1
631,1137,0.5980120897,1.776063919,1
631,1153,-5.632360458,4.897969723,1
631,1169,-5.894715309,10.49240398,1
631,1185,0.3535413742,4.195311546,1
631,1201,0.2353443056,4.226372719,1
631,1217,0.7386184931,2.590917349,1
631,1233,1.396995783,2.129925013,1
631,1249,1.567941785,1.33830452,1
631,1265,2.086054325,-0.3170031309,1
631,1281,0.4762015343,2.030594587,1
631,1297,-0.6113204956,1.961534977,1
631,1313,-5.734898567,-2.824684381,1
631,1329,-3.553845882,10.67738724,1
631,1345,-3.409744024,10.65476418,1
631,1361,-3.67756176,-2.280347109,1
631,1377,5.394812584,-2.856608152,1
631,1393,1.674683213,3.374931335,1
631,1409,1.237635612,3.508483648,1
631,1425,1.493513823,3.8630867,1
631,1441,-0.5700683594,-1.66858387,1
631,1457,3.955120802,4.467193604,1
631,1473,1.600248337,-2.375510454,1
631,1489,6.358239174,9.159864426,1
631,1505,-3.563576937,3.875462055,1
631,1521,3.105010271,1.458845139,1
631,1537,-8.699296951,4.620317936,1
631,1553,-1.059202313,4.779278278,1
631,1569,-0.479981184,5.270308018,1
631,1585,0.0246810019,5.327737331,1
631,1601,-5.219177246,4.537002563,1
631,1617,9.343963623,8.096167564,1
631,1633,-7.103653908,10.15248871,1
631,1649,1.947208405,0.8421297073,1
631,1665,-3.717982769,4.474363804,1
631,1681,-2.204360008,3.284380436,1
631,1697,-1.60860312,4.048943996,1
631,1713,-1.257355094,4.986679554,1
631,1729,-1.281915426,5.291441917,1
631,1745,-1.533018112,7.311711788,1
631,1761,1.003772378,5.314248562,1
631,1777,6.890256882,9.0464077,1
631,1793,-5.347943306,5.037230015,1
631,1809,-3.800243378,1.09325695,1
631,1825,-5.033355236,-3.2586689,1
631,1841,7.705477715,5.165913582,1
631,1857,7.57215929,4.920474529,1
631,1873,-0.09162664413,0.9997529984,1
631,1889,0.2182805538,11.53753281,1
631,1905,-3.168712378,11.81524849,1
631,1921,6.723893642,6.919698715,1
631,1937,7.082910538,8.808431625,1
631,1953,4.265446663,12.13570213,1
631,1969,-7.290474892,3.735000134,1
631,1985,-8.77408886,1.803076744,1
631,2001,-9.110367775,0.9400777817,1
631,2017,8.221113205,0.9050092697,1
631,2033,2.513700008,-4.03866291,1
647,17,-4.094061852,1.881325722,1
647,33,-3.080351353,-0.7060736418,1
647,49,-2.85951829,-0.1011157036,1
647,65,-2.849847794,-2.1893785,1
647,81,-2.481885672,-4.178552628,1
647,97,-2.306450367,-2.2038939,1
647,113,-3.533078432,-1.912966847,1
647,129,-3.296331406,-1.160756111,1
647,145,-3.060135126,-0.286247015,1
647,161,-4.044448376,-0.08412817121,1
647,177,-5.908276081,-0.05297982693,1
647,193,-2.857273817,0.2764990926,1
647,209,-3.16591239,6.0742383,1
647,225,-2.794214487,-0.005322962999,1
647,241,5.340236187,-3.136946678,1
647,257,-0.6799374819,2.078608513,1
647,273,-0.3149063587,3.238046646,1
647,289,-1.983978987,4.670057297,1
647,305,-1.70008409,5.154472828,1
647,321,-5.698505402,9.684116364,1
647,337,-0.5192769766,2.335923672,1
647,353,-0.2968052626,2.435310602,1
647,369,-0.5822336078,1.85829258,1
647,385,-0.9855216742,1.802282214,1
647,401,5.025222778,-1.880267143,1
647,417,-0.09338951111,3.597623825,1
647,433,-1.694702506,5.077245712,1
647,449,-2.342439651,3.794219732,1
647,465,-2.538624525,2.161995173,1
647,481,-2.116038799,0.9996163845,1
647,497,6.479974747,0.05683898926,1
647,513,2.355321646,-0.1555469036,1
647,529,-1.313809872,-6.296632767,1
647,545,-0.7247869968,-1.365983248,1
647,561,1.136559963,-1.786799669,1
647,577,1.0788517,2.244442463,1
647,593,0.03169977665,3.039594889,1
647,609,-2.282313824,2.443433285,1
647,625,-1.106494069,2.981775284,1
647,641,-0.4935252666,2.885861158,1
647,657,2.37135458,3.448747396,1
647,673,3.959100723,7.090314388,1
647,689,0.5414632559,7.447690487,1
647,705,-1.852462292,4.487030029,1
647,721,-2.121629715,3.385316372,1
647,737,-3.953947067,2.622061729,1
647,753,-2.972884178,1.666560888,1
647,769,-2.781551838,1.450043082,1
647,785,-3.709865093,2.060500145,1
647,801,-1.344965219,1.893025875,1
647,817,0.3413364887,1.791514516,1
647,833,-1.09525156,2.990452528,1
647,849,-8.50554657,5.794005394,1
647,865,-6.639550686,4.806678772,1
647,881,-3.620285034,5.953693867,1
647,897,-3.761238098,5.804296017,1
647,913,-2.073402643,6.809753418,1
647,929,-5.839030266,6.711041927,1
647,945,-5.940824509,12.54583836,1
647,961,1.995531082,-2.562639236,1
647,977,-2.142822742,5.196270466,1
647,993,-1.759252071,5.462518215,1
647,1009,-1.192145824,5.127877712,1
647,1025,-4.046537399,2.653450966,1
647,1041,-4.834717274,4.333069324,1
647,1057,2.154796124,11.60970879,1
647,1073,-1.876392841,2.413498878,1
647,1089,-2.301935196,3.317023754,1
647,1105,-3.067065716,3.48499155,1
647,1121,-2.477991104,3.449417114,1
647,1137,4.473930359,6.933970451,1
647,1153,-7.590399742,5.728141785,1
647,1169,-7.834049225,9.661829948,1
647,1185,-0.4762994051,5.670099258,1
647,1201,-0.2367415577,7.398970604,1
647,1217,0.4625190496,0.4617156982,1
647,1233,1.155101299,2.227090836,1
647,1249,1.336798191,1.133934975,1
647,1265,-5.904009819,3.308583021,1
647,1281,-5.487356186,7.458445549,1
647,1297,-0.01874494553,1.022492886,1
647,1313,7.493828773,-2.408269644,1
647,1329,8.279845238,-1.132650852,1
647,1345,1.131167412,5.165774345,1
647,1361,5.332367897,6.829498291,1
647,1377,-2.415742636,-5.403133869,1
647,1393,0.6463444233,2.885768652,1
647,1409,1.237389565,2.874537945,1
647,1425,1.657064438,3.494884014,1
647,1441,10.23178196,6.252466202,1
647,1457,-0.2811675072,-5.108766556,1
647,1473,-0.5940766335,0.3040654659,1
647,1489,-1.450022101,1.405194283,1
647,1505,-2.12429285,3.540713072,1
647,1521,-1.514524221,3.107489347,1
647,1537,-1.127769709,4.103301525,1
647,1553,-1.494491816,4.919173241,1
647,1569,-1.45524323,5.565742016,1
647,1585,-0.7919506431,5.732459545,1
647,1601,-8.214353561,5.766451836,1
647,1617,-8.341246605,5.835075855,1
647,1633,-7.877501488,9.902381897,1
647,1649,-2.748948574,5.210616112,1
647,1665,-10.04295349,5.013216496,1
647,1681,-2.495630741,7.755113125,1
647,1697,-1.220134139,4.634979725,1
647,1713,-0.9112962484,5.252901077,1
647,1729,-0.8731639385,5.30295372,1
647,1745,-4.493188858,-2.405393124,1
647,1761,-9.478554726,2.499707222,1
647,1777,-8.909605026,-0.3127374649,1
647,1793,-0.8998078108,5.560709953,1
647,1809,-0.05481183529,4.121685982,1
647,1825,-3.993000269,-2.995169163,1
647,1841,-1.828460932,10.4021225,1
647,1857,-1.173887253,11.00777531,1
647,1873,-0.5715361834,7.953425407,1
647,1889,4.918343544,-1.775157928,1
647,1905,-0.6183413267,4.53185463,1
647,1921,7.318099022,5.906685352,1
647,1937,8.248311996,4.584381104,1
647,1953,0.2437896132,9.268945694,1
647,1969,2.327397823,12.50085735,1
647,1985,-5.328429222,7.016764164,1
647,2001,2.776138306,4.174981594,1
647,2017,2.866432428,11.0555582,1
647,2033,0.3061149716,-4.871287346,1
663,17,-3.683718204,1.042318702,1
663,33,5.120051384,-2.021143436,1
663,49,5.353138924,-0.9956048727,1
663,65,-3.988048792,-1.866418004,1
663,81,-3.25840807,-3.626273394,1
663,97,-2.765337229,-2.3977139,1
663,113,-2.856125116,-2.069473028,1
663,129,-2.8977952,-1.187030315,1
663,145,-2.878767014,0.4723530412,1
663,161,-2.941278219,0.4733521342,1
663,177,-2.529422998,0.5956397057,1
663,193,-2.130524158,0.7489728928,1
663,209,-2.011816502,0.9962005615,1
663,225,-1.996833801,0.6274735928,1
663,241,-1.437764645,1.326547146,1
663,257,-1.009890556,3.340193748,1
663,273,-0.8334095478,3.701469421,1
663,289,-1.379159212,2.774650335,1
663,305,-1.2465626,4.295213699,1
663,321,-0.4841799736,2.746387005,1
663,337,-0.6178608537,1.675251484,1
663,353,-0.4133975506,1.974389553,1
663,369,-0.2762529254,1.572672963,1
663,385,-1.235955477,1.593211055,1
663,401,0.2809630632,1.466724634,1
663,417,0.5031455159,4.125403404,1
663,433,-0.8652279973,5.128184319,1
663,449,-2.092099667,2.762300253,1
663,465,-3.958276033,1.687088013,1
663,481,-3.960895777,1.044983625,1
663,497,-1.162713051,10.43006134,1
663,513,-0.8878422976,-6.696418285,1
663,529,-1.402255774,-6.525214195,1
663,545,-3.072149992,2.848949432,1
663,561,-2.163719177,2.190422058,1
663,577,-0.9425425529,-0.9729368687,1
663,593,-3.305399895,-0.01140594482,1
663,609,-2.683748245,1.600656986,1
663,625,-9.52914238,2.558526278,1
663,641,-9.436914444,2.598120689,1
663,657,-0.01058459282,3.377161741,1
663,673,0.7710380554,7.443423271,1
663,689,2.774395466,8.914235115,1
663,705,-2.991765022,5.036082745,1
663,721,-3.205090761,4.101866245,1
663,737,-2.540589094,1.818463087,1
663,753,-2.376789331,1.937021971,1
663,769,-1.684514284,1.024962902,1
663,785,-3.655645847,0.01442953944,1
663,801,-3.186937809,0.2390371263,1
663,817,-2.414904594,2.113180161,1
663,833,-1.089929104,2.735294819,1
663,849,-1.617576122,4.050956726,1
663,865,-3.653630257,4.356937408,1
663,881,5.668820381,5.790898323,1
663,897,-2.823248863,6.560961723,1
663,913,-1.792867899,7.772614956,1
663,929,-2.197771788,6.287637711,1
663,945,-4.003787041,5.661831379,1
663,961,1.978344202,12.66686058,1
663,977,-0.7608737946,11.70877266,1
663,993,-1.734368563,6.091273785,1
663,1009,-2.2497437,5.530718327,1
663,1025,-8.038294792,-1.852038383,1
663,1041,-6.696169853,12.2651062,1
663,1057,-2.362656593,4.244595528,1
663,1073,0.1615171432,1.678424358,1
663,1089,-3.673019648,4.898572922,1
663,1105,-7.546498299,9.571655273,1
663,1121,-6.982729912,12.37329865,1
663,1137,-2.457788467,3.268667698,1
663,1153,-2.773973942,9.552826881,1
663,1169,1.041438341,13.3667984,1
663,1185,-1.953807473,5.802395821,1
663,1201,-0.6087825894,5.509737492,1
663,1217,0.2901921272,0.9274525642,1
663,1233,0.8855108619,2.204024792,1
663,1249,1.088535666,1.433700442,1
663,1265,1.19244349,1.090780497,1
663,1281,0.9413762093,-0.5359679461,1
663,1297,-5.024996758,9.411970139,1
663,1313,0.5932103992,3.157053232,1
663,1329,1.484923601,4.081605911,1
663,1345,1.558323145,5.801107883,1
663,1361,-7.324142456,-0.4575028419,1
663,1377,-2.153539181,-5.216519833,1
663,1393,8.887750626,3.267441273,1
663,1409,1.054577827,2.88912034,1
663,1425,1.276875496,3.26222086,1
663,1441,8.187618256,6.149580956,1
663,1457,-6.925515652,-1.581336975,1
663,1473,-8.723517418,-0.2282788754,1
663,1489,-5.063743114,10.29965305,1
663,1505,1.882912517,-4.858491421,1
663,1521,-0.7984051704,0.02419185638,1
663,1537,-0.9633193016,3.514198542,1
663,1553,-2.004238605,4.977966309,1
663,1569,-3.550309181,5.598108768,1
663,1585,-7.516575813,12.78943634,1
663,1601,-6.158559322,12.05174351,1
663,1617,-7.494258881,11.32216072,1
663,1633,-2.647563934,5.999119282,1
663,1649,-9.236656189,8.735342026,1
663,1665,-10.94127846,4.902464867,1
663,1681,-1.307343841,5.191292763,1
663,1697,-0.8512983322,4.84417963,1
663,1713,-0.795273304,5.292775154,1
663,1729,-1.115141392,5.54607439,1
663,1745,-1.00254178,-0.5541529655,1
663,1761,-1.121118426,4.228027821,1
663,1777,-5.589565277,11.52664185,1
663,1793,-0.4790356159,4.640732288,1
663,1809,-1.770139456,5.765356064,1
663,1825,-2.135627508,6.308990002,1
663,1841,-1.711400032,8.810638428,1
663,1857,-1.661100507,6.766524315,1
663,1873,-2.093746662,9.671440125,1
663,1889,-0.06889551878,10.92133617,1
663,1905,0.5933617353,6.367068291,1
663,1921,-0.3209239244,11.1305027,1
663,1937,0.9033762217,12.99399757,1
663,1953,-5.896337986,-2.286607742,1
663,1969,-8.665417671,1.868451595,1
663,1985,3.699269056,-2.96034956,1
663,2001,2.38738656,4.017816544,1
663,2017,2.979966164,10.75022984,1
663,2033,0.2169520557,3.80269289,1
679,17,-4.755099297,-0.9156830311,1
679,33,-3.670951366,-1.362852216,1
679,49,-3.959133625,-1.809847593,1
679,65,-5.696559429,-3.14155674,1
679,81,-10.98417473,1.777437925,1
679,97,-10.75002098,-7.737072945,1
679,113,-2.941699982,-3.05624795,1
679,129,-3.265498638,-1.308753252,1
679,145,1.767840862,4.163889885,1
679,161,-3.332680941,2.660833359,1
679,177,-3.622738838,3.730144024,1
679,193,-2.34774065,1.628103733,1
679,209,-2.236370087,1.457678318,1
679,225,-2.415921211,1.348392248,1
679,241,-2.243769169,1.414485574,1
679,257,-1.37776792,2.741362572,1
679,273,-1.244844794,3.165749073,1
679,289,-1.868591189,2.375042439,1
679,305,-1.58301115,2.162455082,1
679,321,-1.207897425,1.595816493,1
679,337,-0.8527517915,-0.953971386,1
679,353,-0.6513832808,-0.1080060005,1
679,369,-1.733882546,1.029937387,1
679,385,-0.8247782588,1.528005004,1
679,401,0.3188902736,2.299697638,1
679,417,3.014284134,3.936996937,1
679,433,2.24157548,3.902948141,1
679,449,-1.81154573,1.632802248,1
679,465,-3.155617476,-0.3718760014,1
679,481,-6.189476013,1.004622459,1
679,497,-4.627225399,10.09089184,1
679,513,-10.37740993,2.716640711,1
679,529,-6.068026543,9.631791115,1
679,545,-1.786165118,3.82127142,1
679,561,-1.315816283,1.794056177,1
679,577,5.615036488,-2.799773455,1
679,593,-2.764289856,1.643759131,1
679,609,-2.015575409,1.909513235,1
679,625,6.919260025,2.687450886,1
679,641,5.867192745,3.893275023,1
679,657,-0.3853734136,2.894357443,1
679,673,7.110335827,1.632871866,1
679,689,5.954873085,0.7891597748,1
679,705,-3.352277517,5.250152588,1
679,721,-3.185246229,4.287463188,1
679,737,-1.723696589,3.824576616,1
679,753,-0.8896989822,1.978398204,1
679,769,-0.8649468422,0.6700468063,1
679,785,-3.86328578,-0.2483235002,1
679,801,-3.217905521,-2.502760887,1
679,817,-2.976327419,7.109093189,1
679,833,-2.847358704,7.14542675,1
679,849,-3.161438227,4.283323288,1
679,865,-3.66369772,4.449963093,1
679,881,-2.494249821,6.071830273,1
679,897,4.850255966,10.96863556,1
679,913,-3.728935242,8.155982971,1
679,929,-3.373144865,6.353816509,1
679,945,-3.423995256,5.352329731,1
679,961,-2.1273036,7.10419035,1
679,977,-1.627629757,4.695246696,1
679,993,-1.110177875,4.425629139,1
679,1009,-2.094338417,4.961834431,1
679,1025,-1.821481109,5.218530655,1
679,1041,-1.225257397,5.189701557,1
679,1057,-1.346703768,4.202115059,1
679,1073,5.489665985,-0.3920111656,1
679,1089,3.885919094,10.15202141,1
679,1105,-2.711888313,5.478881359,1
679,1121,-2.209231615,4.790260315,1
679,1137,-2.761264801,4.485372543,1
679,1153,-3.077847004,8.809202194,1
679,1169,-3.253014565,7.208151817,1
679,1185,-4.618994713,5.336992264,1
679,1201,-4.358109951,3.098413229,1
679,1217,-0.6587478518,0.793435812,1
679,1233,-0.5501466393,2.214402437,1
679,1249,0.4656221867,1.68122673,1
679,1265,0.8576384783,1.949512482,1
679,1281,0.6875860691,0.7549071312,1
679,1297,-0.9759883881,1.209000349,1
679,1313,5.492041588,12.05190468,1
679,1329,2.321413994,6.540688992,1
679,1345,1.518387556,5.394364357,1
679,1361,0.6167759895,4.973155975,1
679,1377,0.3920392096,4.366744995,1
679,1393,0.7800195813,3.702031374,1
679,1409,8.448299408,0.7509727478,1
679,1425,-3.859615803,-4.049352169,1
679,1441,-7.881699085,1.042162895,1
679,1457,6.389173508,-4.267050266,1
679,1473,0.4043967128,3.485289574,1
679,1489,-5.442977428,9.500224113,1
679,1505,2.572253227,-4.775467873,1
679,1521,0.3166385293,0.4732625484,1
679,1537,-0.5612284541,2.811641932,1
679,1553,-0.7770507932,3.929662228,1
679,1569,-1.157167673,5.556688786,1
679,1585,-1.773652792,7.548799992,1
679,1601,5.844326019,0.6728024483,1
679,1617,5.736790657,1.377172947,1
679,1633,6.529998779,5.198893547,1
679,1649,-2.0702281,4.952833176,1
679,1665,-2.581943989,2.429379463,1
679,1681,-2.473239899,3.863228321,1
679,1697,-1.109624267,4.823493958,1
679,1713,-1.107943058,5.850062847,1
679,1729,-1.310836196,5.950696945,1
679,1745,-4.092380524,-2.914470673,1
679,1761,-9.190843582,0.5270543098,1
679,1777,-7.310439587,-1.938622475,1
679,1793,-7.362020493,-2.077174664,1
679,1809,7.257325649,6.674768925,1
679,1825,-2.855753899,6.12532568,1
679,1841,-2.569246054,4.940707207,1
679,1857,2.677834511,12.79174042,1
679,1873,8.65596962,6.934585571,1
679,1889,1.398326635,16.01962662,1
679,1905,3.08339262,10.65853882,1
679,1921,-6.643975258,5.070105553,1
679,1937,-7.042267799,10.17150021,1
679,1953,-5.784199715,10.85267067,1
679,1969,-0.4319690466,6.130209446,1
679,1985,-0.5171971917,5.676105499,1
679,2001,0.08903662115,0.08670091629,1
679,2017,2.425964832,3.941164255,1
679,2033,8.893789291,2.290755749,1
695,17,-1.166568518,-0.8714370728,1
695,33,-4.007843971,-2.468111992,1
695,49,-5.056988716,-2.908135176,1
695,65,-6.726737976,-3.716628551,1
695,81,-6.285644531,-7.445156097,1
695,97,-8.587798119,-3.479901075,1
695,113,-0.7705426216,-10.90096474,1
695,129,-7.992857933,-2.151020527,1
695,145,-8.47423172,-2.737169504,1
695,161,-6.354681492,0.9247146845,1
695,177,-2.843274355,2.700119257,1
695,193,-2.76809001,1.805522561,1
695,209,-3.754786968,2.872693062,1
695,225,-4.823569775,2.422284603,1
695,241,-2.921992064,2.266757011,1
695,257,-1.419733047,2.899007797,1
695,273,-1.27404654,9.304303169,1
695,289,-1.738010406,3.429563046,1
695,305,-1.898000479,2.184823513,1
695,321,-1.283349752,1.02566576,1
695,337,-0.7239451408,-0.4603167176,1
695,353,-0.6082516313,0.5140553117,1
695,369,-0.5407753587,0.6715388298,1
695,385,0.9445168972,1.643962502,1
695,401,1.404992342,3.417419434,1
695,417,3.02878952,2.086025238,1
695,433,1.9007231,1.168914914,1
695,449,-0.7704330087,0.7885828018,1
695,465,-1.699627399,-1.055431008,1
695,481,-3.210796595,0.8309948444,1
695,497,-4.813255787,-7.197743893,1
695,513,-1.623662472,1.673961282,1
695,529,-2.230316639,8.409288406,1
695,545,-0.754776001,1.099356174,1
695,561,-1.430829883,0.9339256287,1
695,577,-4.016339779,1.940186858,1
695,593,-1.665966153,3.455262661,1
695,609,-2.100046635,2.2117908,1
695,625,0.6308603287,2.353091478,1
695,641,1.333003163,2.493283033,1
695,657,-1.183810234,2.605772495,1
695,673,-6.277832508,10.31402206,1
695,689,-0.1999959946,1.670981884,1
695,705,-3.426876545,-4.315695763,1
695,721,-2.143446445,3.18216157,1
695,737,-1.241789341,3.928913593,1
695,753,7.472576618,1.964897037,1
695,769,6.989256859,0.8998304605,1
695,785,1.22619009,-1.389330745,1
695,801,-1.297643185,-2.233460903,1
695,817,-8.022711754,0.9198322296,1
695,833,-6.957515717,2.707993031,1
695,849,-2.648287296,4.544902325,1
695,865,-3.106534004,4.713790894,1
695,881,-2.86828351,5.978048801,1
695,897,-2.780944347,6.278292656,1
695,913,-2.493143797,6.402611732,1
695,929,-2.077698231,8.500379562,1
695,945,0.9710915089,10.90277767,1
695,961,-1.74571991,5.947140217,1
695,977,-1.618097305,4.301437378,1
695,993,-1.246434927,3.969872952,1
695,1009,-2.465000153,4.448030472,1
695,1025,-1.710058331,4.895706654,1
695,1041,-0.9865667224,4.884524345,1
695,1057,-6.775413036,0.2713022232,1
695,1073,-2.18648243,2.820252895,1
695,1089,-3.156430483,3.803758144,1
695,1105,-3.416803837,4.444024563,1
695,1121,-2.775316,4.94689703,1
695,1137,-1.495305061,6.302699089,1
695,1153,-2.754430056,6.504925251,1
695,1169,-3.7350986,6.811519146,1
695,1185,-3.308263779,4.75706768,1
695,1201,-3.02948904,3.945368528,1
695,1217,-0.8553763032,0.6464664936,1
695,1233,0.05351948738,2.40392971,1
695,1249,0.7505617142,2.94798851,1
695,1265,0.801543951,3.061385155,1
695,1281,8.141521454,6.717905998,1
695,1297,6.135702133,11.16860867,1
695,1313,4.826591015,12.42937183,1
695,1329,2.197817326,6.459700584,1
695,1345,1.119971871,5.70564127,1
695,1361,0.7795821428,5.252287865,1
695,1377,0.9216541052,4.645586491,1
695,1393,0.6352148056,4.453158855,1
695,1409,-0.6296634674,4.307813168,1
695,1425,-6.756629944,-0.1105282307,1
695,1441,-1.582438231,4.594171047,1
695,1457,0.8050527573,4.48210001,1
695,1473,-0.1401977837,2.393314123,1
695,1489,-2.958360672,3.806551695,1
695,1505,-1.353355527,1.956912518,1
695,1521,-0.07347947359,2.3533535,1
695,1537,-0.005985736847,2.790558815,1
695,1553,-0.5009541512,2.937624454,1
695,1569,-1.117729664,4.979120731,1
695,1585,-1.526627064,6.610579491,1
695,1601,-1.17120719,7.151180744,1
695,1617,0.2116254568,6.368024349,1
695,1633,-0.9212088585,5.967262268,1
695,1649,-2.398026943,5.285291672,1
695,1665,-2.791546106,2.842790604,1
695,1681,-2.415529251,3.741704464,1
695,1697,-1.220957756,5.020324707,1
695,1713,-0.9169191122,5.23842001,1
695,1729,-0.8395426273,4.916792393,1
695,1745,-5.205708504,-1.954190731,1
695,1761,-2.481618404,6.15913105,1
695,1777,-6.00719595,-2.85407877,1
695,1793,0.4646401405,-4.00360918,1
695,1809,-9.735043526,-0.2318868637,1
695,1825,-3.202207565,5.072494984,1
695,1841,-2.594477415,7.63446188,1
695,1857,2.474820614,13.85896683,1
695,1873,8.870345116,6.888663292,1
695,1889,9.107995987,6.209728241,1
695,1905,1.258164525,9.286218643,1
695,1921,0.5112336874,5.448105335,1
695,1937,-0.3537285626,12.28836632,1
695,1953,0.1201152951,12.11579895,1
695,1969,7.884624004,-0.9351642132,1
695,1985,7.80953598,-0.7128078938,1
695,2001,-0.1498603821,0.03747415543,1
695,2017,7.013877869,4.160705566,1
695,2033,7.566369057,4.368292809,1
711,17,-0.966647625,0.2411935329,1
711,33,-3.49970293,-2.498088837,1
711,49,-4.39416647,-2.788944006,1
711,65,-5.508327484,-2.66946125,1
711,81,-12.71762276,-0.2425408363,1
711,97,-0.4966158867,4.944957733,1
711,113,-1.457342625,-10.56287575,1
711,129,2.446467876,4.953732491,1
711,145,-8.346773148,-2.906366825,1
711,161,-7.807680607,-0.2965421081,1
711,177,-8.083674431,-1.55469954,1
711,193,-5.870576859,1.192323208,1
711,209,-7.398651123,2.129899502,1
711,225,-6.760081291,4.194892883,1
711,241,-1.988985181,2.802728891,1
711,257,-1.616046548,2.312436104,1
711,273,-0.2353088856,9.561507225,1
711,289,-2.022114038,4.444796562,1
711,305,-1.985682368,2.142959118,1
711,321,-1.284255147,0.03705656528,1
711,337,-0.5878748894,0.4598361254,1
711,353,-0.1691212654,1.022986412,1
711,369,-0.3092330694,1.100109577,1
711,385,0.3987542987,2.129389048,1
711,401,0.2331671119,1.565650702,1
711,417,-0.02994394302,-1.995959759,1
711,433,0.08095979691,-1.086049676,1
711,449,-0.3684295416,0.1637229919,1
711,465,-1.033620119,0.8623227477,1
711,481,-1.665377855,2.396640778,1
711,497,-1.255800843,2.011652231,1
711,513,0.6739957333,0.6867153645,1
711,529,-1.127605796,1.800025582,1
711,545,3.110469341,-6.142040253,1
711,561,-4.831039429,2.406630993,1
711,577,-3.945696354,1.657229543,1
711,593,3.058390617,1.469251394,1
711,609,-4.748618126,-0.5326600075,1
711,625,-1.942065716,2.25440979,1
711,641,-1.764542341,3.188747883,1
711,657,-2.286229134,2.964663506,1
711,673,-8.0102911,8.317313194,1
711,689,-1.92771101,3.238196611,1
711,705,-1.750955939,4.556578636,1
711,721,-1.784351707,4.845518112,1
711,737,-0.9549729824,2.852234364,1
711,753,-0.2028479576,2.271077156,1
711,769,-9.97858429,3.860030174,1
711,785,6.047439575,1.845984697,1
711,801,-0.06077027321,0.3299782276,1
711,817,-2.151610374,2.752606869,1
711,833,-2.027578115,2.715150356,1
711,849,-1.797166228,4.280297756,1
711,865,-1.549876451,5.01783514,1
711,881,-4.868206978,4.345530987,1
711,897,-3.258960247,5.153220654,1
711,913,-2.244529247,5.194103241,1
711,929,-5.809466362,1.421206951,1
711,945,-0.4546266794,9.80854702,1
711,961,-1.445720911,-4.479287148,1
711,977,-1.093163967,4.88688612,1
711,993,-1.593976259,3.676965237,1
711,1009,-1.833090067,3.776030064,1
711,1025,-1.686868906,4.439984798,1
711,1041,-1.135557294,4.638540268,1
711,1057,-7.566464424,-1.139473915,1
711,1073,-0.3591237068,12.92617798,1
711,1089,-3.29272747,4.84928894,1
711,1105,-5.616006851,-4.218310833,1
711,1121,6.202050209,7.547693253,1
711,1137,-2.236839771,6.209079742,1
711,1153,-2.395775318,6.055346489,1
711,1169,-2.357094765,5.392948627,1
711,1185,-1.955575705,4.348942757,1
711,1201,-1.442328572,5.15887928,1
711,1217,-1.299298286,2.747019053,1
711,1233,-0.7750786543,2.553998709,1
711,1249,0.3456005454,4.2127738,1
711,1265,0.764754653,4.466685295,1
711,1281,4.082048893,5.831930161,1
711,1297,9.678543091,7.577050686,1
711,1313,5.278203011,12.35522842,1
711,1329,4.420947552,-4.633555412,1
711,1345,1.29460454,4.671895981,1
711,1361,0.8888882399,4.623004913,1
711,1377,-3.899365902,-3.018259048,1
711,1393,0.4959501028,4.416725159,1
711,1409,-0.7940987945,4.350684643,1
711,1425,-5.078500748,1.000952482,1
711,1441,4.771349907,3.958060741,1
711,1457,4.341509342,3.848947287,1
711,1473,3.15554738,2.62061882,1
711,1489,0.143989265,2.388442039,1
711,1505,0.49009794,3.524529934,1
711,1521,0.9024311304,3.337817192,1
711,1537,0.2149849236,3.415137291,1
711,1553,-4.140130997,8.152667046,1
711,1569,-0.6577641368,3.958312035,1
711,1585,-0.949588716,6.8214674,1
711,1601,-0.7563617229,5.68627739,1
711,1617,-0.4491624832,5.455925941,1
711,1633,-0.9364839792,5.531197548,1
711,1649,-1.803713441,6.552060604,1
711,1665,-2.153013229,4.301209927,1
711,1681,-2.109284401,4.336260796,1
711,1697,-1.276954174,4.433813572,1
711,1713,-0.8139760494,4.479243279,1
711,1729,0.09318685532,5.331059456,1
711,1745,-2.015515327,6.368465424,1
711,1761,-2.012965441,6.290028572,1
711,1777,-2.6517272,7.143906593,1
711,1793,-3.872924328,5.089925289,1
711,1809,-0.9268903732,-4.794462204,1
711,1825,-2.06230402,2.760141134,1
711,1841,-5.450244904,11.89877605,1
711,1857,3.735959291,4.977806091,1
711,1873,1.5476017,5.979249954,1
711,1889,0.5149720907,5.879435539,1
711,1905,0.4766397476,4.540058613,1
711,1921,0.3799737692,1.906690121,1
711,1937,0.4146386683,0.8618192673,1
711,1953,0.06163722277,0.9989235401,1
711,1969,1.390822291,8.421683311,1
711,1985,5.505297184,-2.817420483,1
711,2001,2.717937469,12.70979977,1
711,2017,-0.4943303466,2.341816902,1
711,2033,0.7171611786,1.062027812,1
727,17,-6.292178154,-3.578068733,1
727,33,-4.012042999,-1.736236572,1
727,49,-4.448295593,-2.342859507,1
727,65,-13.20217133,-3.731204271,1
727,81,-0.1711683273,4.254587173,1
727,97,0.04553747177,5.530810356,1
727,113,-5.852674484,3.607709169,1
727,129,-10.30568504,-1.296216965,1
727,145,4.432184696,-2.7308321,1
727,161,-6.313235283,-0.5234170556,1
727,177,-6.338555336,-0.6361227632,1
727,193,-3.467930555,1.26089108,1
727,209,-1.153040886,2.441565037,1
727,225,-10.78157806,4.861438751,1
727,241,-3.514864922,2.130398035,1
727,257,-2.491470098,1.740098,1
727,273,-2.575648308,1.905380487,1
727,289,-10.0005579,5.472445488,1
727,305,-7.062280655,7.126964569,1
727,321,-3.254929304,0.7574336529,1
727,337,-1.420472264,0.6291968822,1
727,353,-0.726282835,0.6497783065,1
727,369,-1.024425745,1.213853121,1
727,385,-1.499242663,1.543248415,1
727,401,-3.254691362,0.8021569252,1
727,417,-3.244094849,0.4058656693,1
727,433,-0.3525930643,-0.3873804212,1
727,449,-0.2001358569,0.8151935339,1
727,465,-0.8032032847,1.588066101,1
727,481,-1.199414015,2.602644444,1
727,497,-0.9267238379,1.631174564,1
727,513,-0.8099787235,1.110425711,1
727,529,0.2133557796,5.192018509,1
727,545,-0.1223480701,6.263990402,1
727,561,7.238210678,-0.4325758219,1
727,577,-7.154839516,-5.154034615,1
727,593,-7.144291878,-2.404472828,1
727,609,-5.524827957,-0.4276374578,1
727,625,5.683393955,-1.731984138,1
727,641,-2.145039797,3.438089848,1
727,657,-2.100690842,2.9719944,1
727,673,-1.676026464,3.317042589,1
727,689,-1.310809135,3.18427515,1
727,705,-1.167764187,4.040246487,1
727,721,-1.411222577,3.798449993,1
727,737,-1.292066574,2.835152149,1
727,753,-1.282476187,2.205760479,1
727,769,-2.53382659,2.32659936,1
727,785,-1.469091654,0.637357235,1
727,801,6.620707512,2.984413862,1
727,817,-2.268435955,4.270260334,1
727,833,-2.139696121,4.386386395,1
727,849,-1.185274839,2.511944771,1
727,865,-0.7259745598,3.67671895,1
727,881,-1.192656755,3.756276131,1
727,897,-2.165558577,4.269602776,1
727,913,-2.689900398,4.618687153,1
727,929,-5.393172741,0.918317318,1
727,945,-9.981679916,1.770159245,1
727,961,-1.039340496,5.168418884,1
727,977,-1.100073576,3.986938953,1
727,993,-1.357212424,2.6227808,1
727,1009,-1.07375586,3.606112957,1
727,1025,-0.7733795643,3.985282898,1
727,1041,-1.921405315,4.724850178,1
727,1057,-6.653633595,10.91636848,1
727,1073,-0.5791352987,-4.500187874,1
727,1089,-5.150463104,-2.004509211,1
727,1105,-5.77776432,-3.532321453,1
727,1121,-3.505387783,-4.129918575,1
727,1137,-3.031493902,7.674508572,1
727,1153,-1.486794949,4.766352177,1
727,1169,-1.821993589,3.885772228,1
727,1185,4.027805328,-2.826370239,1
727,1201,4.554357529,-3.536319017,1
727,1217,-0.07338377833,2.445403576,1
727,1233,0.07421964407,2.703072071,1
727,1249,0.8715910316,5.329405785,1
727,1265,8.482673645,8.304936409,1
727,1281,-7.578460693,3.773286343,1
727,1297,-6.545079231,1.330636501,1
727,1313,-2.825323105,10.20000267,1
727,1329,2.768050671,2.30011034,1
727,1345,1.464845777,2.067829847,1
727,1361,1.143427014,3.353412628,1
727,1377,1.603595972,3.919425011,1
727,1393,1.328982949,3.911971569,1
727,1409,0.8722814322,3.551291704,1
727,1425,0.2953559458,-0.9787094593,1
727,1441,-1.648563147,2.985388756,1
727,1457,-1.564746261,2.923252583,1
727,1473,-1.228072286,2.923918247,1
727,1489,-0.6099903584,3.567111254,1
727,1505,0.8299821615,4.894185543,1
727,1521,3.179556847,3.468197107,1
727,1537,5.516975403,-4.113348961,1
727,1553,-5.062796116,4.480796337,1
727,1569,2.87776494,1.338776112,1
727,1585,0.7281376123,6.587712288,1
727,1601,1.346619368,6.770160675,1
727,1617,0.6286369562,4.592667103,1
727,1633,-0.9697836637,4.914694309,1
727,1649,-1.577298641,5.628205299,1
727,1665,-1.688193083,5.140689373,1
727,1681,-2.87980175,5.666791439,1
727,1697,-6.112491131,11.98351002,1
727,1713,-1.421093464,2.511215687,1
727,1729,0.03589081764,4.902359486,1
727,1745,-0.7706069946,5.093665123,1
727,1761,-5.748466492,1.242805004,1
727,1777,-9.089718819,1.904438496,1
727,1793,-10.70742226,3.792364836,1
727,1809,-3.747718096,5.418997288,1
727,1825,-4.608150482,3.034624815,1
727,1841,-2.816872597,3.656661749,1
727,1857,0.2361032367,4.352275848,1
727,1873,0.4763652384,4.37908268,1
727,1889,-0.2346192002,3.988593102,1
727,1905,-1.711381555,5.576153755,1
727,1921,1.905535698,11.0447216,1
727,1937,-0.4594798088,2.023124456,1
727,1953,1.536560774,0.70403409,1
727,1969,0.834777832,2.729339123,1
727,1985,-0.7891411781,7.403162479,1
727,2001,-0.6052037477,6.896942139,1
727,2017,8.458511353,-1.651506901,1
727,2033,-6.063737869,-3.106230974,1
743,17,-2.463612795,-4.290966034,1
743,33,-3.613152266,-1.992777586,1
743,49,-4.079455853,-2.303531647,1
743,65,-4.279005527,-2.507294416,1
743,81,-10.93757439,4.262205124,1
743,97,-8.387915611,-4.351322174,1
743,113,-8.420462608,-1.795081973,1
743,129,-8.634296417,-1.584192872,1
743,145,-6.655154228,-1.528424978,1
743,161,-8.335842133,-1.325700283,1
743,177,-5.152968407,0.2914058566,1
743,193,-2.501173735,1.528065443,1
743,209,-1.257678747,1.571152687,1
743,225,-0.525372982,3.386794567,1
743,241,-1.035392046,3.659482479,1
743,257,-1.71355629,2.221369505,1
743,273,-2.716307163,2.033804417,1
743,289,-3.150539637,10.66001892,1
743,305,-8.131644249,-6.029877186,1
743,321,-2.596383095,1.290659189,1
743,337,-1.782703638,0.4098419249,1
743,353,-1.439796567,-0.6840915084,1
743,369,-3.695473671,0.6596742868,1
743,385,-1.822748303,1.052526474,1
743,401,-1.904939175,1.883917093,1
743,417,-2.304905176,1.074135065,1
743,433,-0.8703308105,1.095136762,1
743,449,-0.230671525,1.313220501,1
743,465,-1.759279013,0.6909507513,1
743,481,-3.08153677,1.827918053,1
743,497,-3.341849327,-0.7601202726,1
743,513,-3.192286968,-1.03003335,1
743,529,-0.6022517681,4.625165939,1
743,545,1.450895429,7.048770905,1
743,561,-4.446060181,0.8633042574,1
743,577,-4.387337685,-0.4585478306,1
743,593,-2.845434189,-1.060846567,1
743,609,-3.745058537,0.009257555008,1
743,625,-3.690598249,2.343943357,1
743,641,-1.776487947,3.102002382,1
743,657,-1.806148887,2.632474184,1
743,673,-1.230584502,2.774501801,1
743,689,0.3905653954,3.329179049,1
743,705,-0.8448836803,3.320457697,1
743,721,-1.423429966,3.083179235,1
743,737,-1.681728959,2.757092714,1
743,753,-1.431210399,1.938338041,1
743,769,7.73000288,5.314436436,1
743,785,-0.3426473141,2.825192451,1
743,801,-0.5152914524,4.125632286,1
743,817,-1.149460793,4.251890659,1
743,833,-0.8858412504,4.606050968,1
743,849,-0.129176259,3.768913984,1
743,865,-0.2187258601,4.127843857,1
743,881,-0.4866900444,4.012462616,1
743,897,-0.9503259659,3.888188362,1
743,913,-1.157875299,3.794486046,1
743,929,-5.023670673,2.090615749,1
743,945,-9.661945343,2.487051964,1
743,961,-0.8313035369,3.96443224,1
743,977,-0.6000658274,4.148175716,1
743,993,-0.7400724888,4.310445309,1
743,1009,-0.8280344009,4.462831497,1
743,1025,-0.8344531059,4.143753052,1
743,1041,-0.8473171592,4.704368114,1
743,1057,-0.7569172382,4.564087868,1
743,1073,-4.375747681,-2.346914291,1
743,1089,-3.368617058,12.23437214,1
743,1105,-0.8772827387,-4.730752945,1
743,1121,-1.473156571,-4.676810741,1
743,1137,-3.634708405,10.78329563,1
743,1153,-1.070616961,3.838250637,1
743,1169,-1.270790577,3.288252831,1
743,1185,3.462906361,10.91192245,1
743,1201,4.447579861,10.38227654,1
743,1217,0.7752550244,2.513818741,1
743,1233,1.530105829,3.179796696,1
743,1249,1.420891643,6.767322063,1
743,1265,1.371159315,4.889594078,1
743,1281,1.483524323,3.451523304,1
743,1297,3.983128309,0.9264018536,1
743,1313,4.144013405,2.54992485,1
743,1329,2.69337678,2.15605855,1
743,1345,1.545957565,1.861143112,1
743,1361,1.150280476,3.133828163,1
743,1377,0.8654524088,3.678246737,1
743,1393,1.344463706,3.818971157,1
743,1409,1.551052094,3.062343597,1
743,1425,-2.41424799,-5.89453125,1
743,1441,-1.175132036,2.155217409,1
743,1457,-1.655464888,2.462701321,1
743,1473,-0.7924107313,2.661311388,1
743,1489,2.387900829,11.47544575,1
743,1505,1.990733981,3.525509357,1
743,1521,2.109738111,3.58257246,1
743,1537,2.01837039,3.481174946,1
743,1553,1.050024867,1.829297304,1
743,1569,0.2688431144,2.526927471,1
743,1585,0.4431499243,6.560922623,1
743,1601,-0.171898663,7.026174068,1
743,1617,-0.923258543,4.39647007,1
743,1633,-1.589354753,4.295158863,1
743,1649,-2.482686043,4.256371975,1
743,1665,-3.424441338,4.644212723,1
743,1681,-1.888412476,5.181701183,1
743,1697,0.516274333,5.91116333,1
743,1713,1.091685414,7.205366611,1
743,1729,0.5133177042,7.901873589,1
743,1745,-0.05840873718,13.18166542,1
743,1761,-2.077578068,1.316052437,1
743,1777,-2.770214081,3.020949841,1
743,1793,-2.766730547,1.111076355,1
743,1809,-2.405111313,3.122431993,1
743,1825,-2.755202293,3.562724829,1
743,1841,-1.578958154,3.488584995,1
743,1857,-1.656182528,3.01187396,1
743,1873,-1.37117219,2.748203516,1
743,1889,-0.1600375175,2.875998735,1
743,1905,-1.711003423,7.613225937,1
743,1921,-0.4879114032,1.088154078,1
743,1937,-4.053590775,0.1393225193,1
743,1953,-7.125148773,0.5810239315,1
743,1969,1.684267044,3.333494425,1
743,1985,-1.29228127,7.121751785,1
743,2001,-2.647949219,3.590201855,1
743,2017,10.07491112,1.612291574,1
743,2033,-3.652684212,-0.8326501846,1
759,17,-1.690192938,-3.719246864,1
759,33,-3.303030491,-2.034435749,1
759,49,-4.024352074,-1.871611953,1
759,65,-7.800421715,-2.04519558,1
759,81,-12.52180481,-3.990666866,1
759,97,-12.31776333,-3.433269978,1
759,113,-6.529911041,-3.447968483,1
759,129,-6.454843521,-1.746423841,1
759,145,-6.128252983,-1.608782649,1
759,161,-7.450365543,-1.044636011,1
759,177,-6.211671829,0.06636568904,1
759,193,-2.365724802,1.016626954,1
759,209,-0.585146904,1.105582237,1
759,225,0.5190386772,3.282518864,1
759,241,0.958756566,3.951705933,1
759,257,5.212968349,-5.120599747,1
759,273,-7.808789253,0.3665120602,1
759,289,-8.592597961,0.295750618,1
759,305,-7.983823299,-5.872015476,1
759,321,-7.605963707,-6.260111809,1
759,337,-3.242014885,0.1099422872,1
759,353,-3.298614264,-1.322421908,1
759,369,5.882388592,5.145669937,1
759,385,5.534872055,5.007568836,1
759,401,0.8021780252,2.173371315,1
759,417,-1.410000682,0.6493409872,1
759,433,-1.105998993,1.335744619,1
759,449,-0.786834836,1.182836413,1
759,465,-0.8262214065,0.5588816404,1
759,481,-1.015697241,-1.418359756,1
759,497,-1.318445563,-2.38384676,1
759,513,-3.652608156,-1.794322968,1
759,529,-1.358542085,1.37912035,1
759,545,-4.392287254,1.361916542,1
759,561,-4.932318687,1.249142408,1
759,577,-3.869946957,-1.783203483,1
759,593,-1.571303368,-7.657105923,1
759,609,7.905548096,3.874844551,1
759,625,0.5270503759,2.132409573,1
759,641,-2.113423109,2.455507994,1
759,657,-2.761814356,2.118493319,1
759,673,-2.010900497,2.052184582,1
759,689,-1.791558385,1.24790287,1
759,705,-1.464095473,1.254606962,1
759,721,-1.874689341,2.849936485,1
759,737,-2.215154648,2.621304035,1
759,753,-1.149488449,2.0610044,1
759,769,-0.7827371955,2.654548168,1
759,785,-0.2611814439,3.210547924,1
759,801,-0.2783106565,3.883657694,1
759,817,-0.6784745455,3.875666142,1
759,833,0.5009561777,5.603160858,1
759,849,-0.51035285,4.370379448,1
759,865,-0.2260851562,7.386163712,1
759,881,0.6475518942,4.571079254,1
759,897,-1.292001486,3.567492723,1
759,913,1.136778355,1.678174973,1
759,929,0.03106200695,3.687503338,1
759,945,0.1045253873,4.023572445,1
759,961,-0.07632598281,2.85770607,1
759,977,0.1888584495,4.754821777,1
759,993,-0.3013008535,5.678461552,1
759,1009,-0.6376075745,13.15651131,1
759,1025,-0.7091232538,5.259623528,1
759,1041,0.04350674152,5.387998104,1
759,1057,-0.2624857426,4.59600687,1
759,1073,-0.7767807245,3.787549019,1
759,1089,0.6982921362,3.50557518,1
759,1105,3.112535954,2.518509626,1
759,1121,2.044837713,10.98670387,1
759,1137,-2.590338707,10.7813797,1
759,1153,-1.647381783,9.049926758,1
759,1169,-0.9195498228,3.534828663,1
759,1185,-2.711137533,0.7326703072,1
759,1201,-0.9541354775,2.039707899,1
759,1217,0.5575892329,3.017660856,1
759,1233,0.9410282373,4.245034218,1
759,1249,1.668273807,3.939375162,1
759,1265,2.781199694,3.618964672,1
759,1281,3.218996525,3.318546534,1
759,1297,5.154331207,2.568253756,1
759,1313,4.934949875,2.105977774,1
759,1329,2.50113678,1.858819246,1
759,1345,1.499585032,1.499407291,1
759,1361,-2.877184868,9.726721764,1
759,1377,0.622595489,3.688160896,1
759,1393,1.014529824,4.330164909,1
759,1409,1.422968507,2.759744167,1
759,1425,0.5536053181,2.241350889,1
759,1441,-0.4071174264,1.723698616,1
759,1457,-0.5315556526,1.199784398,1
759,1473,0.1404647082,1.735544443,1
759,1489,1.737369776,2.276408195,1
759,1505,1.577453017,2.572992086,1
759,1521,-6.539883614,7.714232445,1
759,1537,0.8377388716,3.10079813,1
759,1553,0.3635593653,1.340273857,1
759,1569,0.0006467103958,1.563050032,1
759,1585,2.449108839,5.123651028,1
759,1601,1.362023711,5.056228161,1
759,1617,-1.135483503,3.515174866,1
759,1633,-3.552863121,3.451647758,1
759,1649,-2.871279001,3.892662525,1
759,1665,2.086406231,12.0315361,1
759,1681,4.811865807,11.21636581,1
759,1697,-8.930932999,8.348685265,1
759,1713,0.6967951059,7.267521858,1
759,1729,0.8499993086,7.964538574,1
759,1745,-5.415606499,8.018161774,1
759,1761,-7.067502022,10.56231403,1
759,1777,-0.03947257996,3.595257998,1
759,1793,-1.840575218,3.302781105,1
759,1809,-1.715409279,3.105988264,1
759,1825,-1.327142,3.638096094,1
759,1841,-1.205938339,3.310219765,1
759,1857,-2.131039619,2.1501863,1
759,1873,-1.76736474,2.332211971,1
759,1889,1.627758145,-0.8769168854,1
759,1905,2.11836791,-3.167644978,1
759,1921,4.275340557,-0.5512816906,1
759,1937,1.700219154,0.1924711466,1
759,1953,2.764429569,2.514220238,1
759,1969,3.447063923,3.866821527,1
759,1985,2.610958576,3.093931675,1
759,2001,2.274578333,2.586443901,1
759,2017,1.597780943,2.039408207,1
759,2033,0.1492955685,0.6072735786,1
775,17,-0.6364254951,-1.664721966,1
775,33,-3.180761337,-1.764846325,1
775,49,4.193790913,-4.431241989,1
775,65,-5.94794035,7.215099335,1
775,81,4.840323448,1.276488185,1
775,97,-3.480207443,-10.43167591,1
775,113,-4.739771366,-5.240226746,1
775,129,-4.992038727,-11.10990143,1
775,145,-4.124215603,-1.583405495,1
775,161,2.465821266,-6.142689705,1
775,177,-3.684199333,0.1913276315,1
775,193,-2.193976164,-0.1784237623,1
775,209,-1.058770895,0.1427752972,1
775,225,0.4358377457,3.28019762,1
775,241,0.09088087082,0.6051756144,1
775,257,0.7231069207,1.392482758,1
775,273,8.421850204,2.011487007,1
775,289,7.828298569,1.454753637,1
775,305,-1.279717207,-1.272938251,1
775,321,-1.985080361,-1.573361635,1
775,337,-2.855227947,-0.5469602346,1
775,353,-2.588378906,-0.2601166964,1
775,369,-0.9565435648,-1.334779978,1
775,385,3.106196642,7.980298042,1
775,401,-10.34119225,2.530655384,1
775,417,-4.47365427,9.661831856,1
775,433,-1.62786448,1.273001909,1
775,449,-1.203225732,0.9143377542,1
775,465,-0.8253363371,0.6136134863,1
775,481,-0.8377257586,-0.1096534729,1
775,497,-1.158369303,-0.09884792566,1
775,513,-0.7605010271,0.8191386461,1
775,529,-1.286681771,0.4302378893,1
775,545,-3.749829769,0.9601371884,1
775,561,-3.33435297,1.187558651,1
775,577,-2.64090085,-2.341442108,1
775,593,7.912698746,-1.860542297,1
775,609,-0.05891680717,0.7525138855,1
775,625,0.2947124243,1.593543172,1
775,641,4.792515278,8.341610909,1
775,657,-1.528678656,1.55018425,1
775,673,-2.282880306,1.855352879,1
775,689,-3.214981794,1.756104469,1
775,705,-1.532167077,2.199988604,1
775,721,-0.5223014355,2.90565753,1
775,737,-1.474759102,2.59528923,1
775,753,-1.386295915,2.81414032,1
775,769,-0.6094170213,3.074748993,1
775,785,0.230517894,3.030238628,1
775,801,-0.3188065588,2.821869373,1
775,817,-0.4652718604,3.474655628,1
775,833,-0.02789443731,3.608326912,1
775,849,-1.110383034,4.240118504,1
775,865,0.9857749343,9.202888489,1
775,881,2.688101768,12.71510887,1
775,897,2.698090076,12.05954552,1
775,913,-7.571314335,-0.8387591839,1
775,929,0.5227290988,5.317882538,1
775,945,7.910610199,8.413492203,1
775,961,7.958646297,8.773181915,1
775,977,0.7609213591,4.928296566,1
775,993,0.3121065497,5.991335869,1
775,1009,-0.3882080019,7.151636124,1
775,1025,-0.6897283792,6.19525528,1
775,1041,-0.1672525406,7.656251431,1
775,1057,1.558443904,4.773817062,1
775,1073,1.042963147,3.782821178,1
775,1089,1.193585634,3.449971199,1
775,1105,-7.925351143,2.834711075,1
775,1121,-7.184010983,-0.9196691513,1
775,1137,-7.5351367,6.594061852,1
775,1153,7.849610329,8.335792542,1
775,1169,0.3644939065,3.693503857,1
775,1185,1.160779476,2.980353117,1
775,1201,1.328136683,2.430687428,1
775,1217,0.7244686484,2.245965242,1
775,1233,0.1102102995,3.732758522,1
775,1249,3.200032473,4.509079933,1
775,1265,2.983144283,3.478334188,1
775,1281,3.015156031,3.719059706,1
775,1297,-6.044715881,2.957610846,1
775,1313,-0.01315975189,11.33311272,1
775,1329,10.71160126,0.9578654766,1
775,1345,2.0260849,2.128509521,1
775,1361,-0.12012887,4.247053146,1
775,1377,-0.342741549,3.372152805,1
775,1393,1.863351703,3.369490385,1
775,1409,6.301489353,2.694965601,1
775,1425,3.153702974,2.300916195,1
775,1441,0.6786038876,2.206589222,1
775,1457,0.815702796,0.1559764147,1
775,1473,7.990034103,-2.867875099,1
775,1489,1.119802833,2.039053679,1
775,1505,1.232016802,1.449687004,1
775,1521,0.7739181519,3.670907259,1
775,1537,3.091258526,-5.492435932,1
775,1553,-1.384501457,0.8975095749,1
775,1569,1.107370853,-5.377617836,1
775,1585,5.910788536,7.455945969,1
775,1601,5.130912304,8.22662735,1
775,1617,4.05573082,-3.798919678,1
775,1633,5.178495407,-2.891220808,1
775,1649,-3.865658045,-4.775562763,1
775,1665,-10.07964134,6.349077702,1
775,1681,4.979474068,-2.450325966,1
775,1697,-0.9823918343,4.751032352,1
775,1713,-1.177372098,6.046616077,1
775,1729,5.43180418,5.541251183,1
775,1745,-3.157166004,7.724946976,1
775,1761,4.683908939,10.63896084,1
775,1777,4.314059734,3.427800179,1
775,1793,-1.435704589,3.36383462,1
775,1809,-1.659405708,4.153243065,1
775,1825,-1.53651154,3.481875896,1
775,1841,-1.070476651,2.819067955,1
775,1857,-1.120756388,1.475294828,1
775,1873,-0.4864208698,0.9461730719,1
775,1889,1.249273181,-0.9070725441,1
775,1905,2.237349272,-2.12688756,1
775,1921,4.026225567,1.166657209,1
775,1937,8.832611084,7.372930527,1
775,1953,3.470015049,2.053133249,1
775,1969,6.563508987,-6.025200844,1
775,1985,8.175941467,-4.69715023,1
775,2001,3.132011414,2.935031891,1
775,2017,2.246008635,2.649194241,1
775,2033,-0.6011033058,0.6353740692,1
791,17,-3.551356554,-0.3123298883,1
791,33,-6.816606522,-0.06268745661,1
791,49,-4.328513145,-9.593421936,1
791,65,-4.020506382,7.20108223,1
791,81,-4.96072197,-2.871477604,1
791,97,-11.0571804,-6.486508369,1
791,113,-11.82650089,-5.310727596,1
791,129,-10.90034199,-7.019821167,1
791,145,-2.575000763,-1.442254543,1
791,161,-2.58192277,-0.3555065393,1
791,177,-3.90920186,-0.4217278361,1
791,193,-2.423257828,-1.028078556,1
791,209,-1.226336598,-0.6030938029,1
791,225,-0.1812472939,0.386964649,1
791,241,0.007846176624,0.6687493324,1
791,257,0.3461505771,0.9879707098,1
791,273,0.4120708406,1.09038341,1
791,289,0.3618087769,-1.440143943,1
791,305,-0.01287782192,-2.263762474,1
791,321,-1.017898917,-1.599123001,1
791,337,-1.26842618,-0.8929719925,1
791,353,-0.07635176182,-0.06241869926,1
791,369,0.5530657172,-2.105161905,1
791,385,-0.2256901264,-1.065697432,1
791,401,6.348819733,5.27534008,1
791,417,-1.945514202,2.003315449,1
791,433,-1.766284466,1.895226359,1
791,449,-1.280923486,0.7919276357,1
791,465,0.4982447624,0.4274999499,1
791,481,-0.4332351685,0.09716460109,1
791,497,-0.2190523446,0.002916648984,1
791,513,-0.02982985973,0.5905344486,1
791,529,-1.277022004,-0.2525932491,1
791,545,-1.864581704,-0.6930325627,1
791,561,-10.28051949,-2.000853539,1
791,577,-9.988081932,-1.983087063,1
791,593,-1.224425554,0.7202595472,1
791,609,-0.4332711697,0.6268786788,1
791,625,-0.5029602051,0.7490410805,1
791,641,-1.313296676,1.268421769,1
791,657,-2.421850204,2.026041269,1
791,673,-3.54790926,2.094029665,1
791,689,-2.143046141,-4.357390404,1
791,705,-0.9458320141,2.741175652,1
791,721,-0.9399763346,2.940930367,1
791,737,-1.623224616,2.584057331,1
791,753,-1.593517303,2.797719717,1
791,769,-0.9285942912,3.291744709,1
791,785,-0.3054383695,3.136808634,1
791,801,-0.4558126926,2.267304897,1
791,817,-0.2700023055,2.491756201,1
791,833,-0.8609783053,3.58490324,1
791,849,-0.6017985344,4.303174496,1
791,865,1.558414698,6.231061459,1
791,881,2.904138565,8.004449844,1
791,897,0.263962388,4.138710976,1
791,913,0.01005342603,2.917918444,1
791,929,1.953977704,4.220685005,1
791,945,8.215155602,5.447688103,1
791,961,9.124442101,3.958881617,1
791,977,8.856778145,2.439848423,1
791,993,4.553062439,3.909869194,1
791,1009,2.461418152,10.67211056,1
791,1025,-6.274988174,9.474852562,1
791,1041,-6.282830715,10.80433655,1
791,1057,-6.071594715,10.15715027,1
791,1073,1.206171393,3.134474277,1
791,1089,1.676793218,3.852464676,1
791,1105,1.243185639,3.918277025,1
791,1121,1.009343505,3.916624308,1
791,1137,-7.79526186,5.518377304,1
791,1153,3.551343441,6.98415184,1
791,1169,0.9188760519,3.599385977,1
791,1185,1.031782508,2.76219058,1
791,1201,1.08903563,2.740193129,1
791,1217,0.8056889772,5.45691967,1
791,1233,3.687166691,4.376421928,1
791,1249,2.834919453,4.886751175,1
791,1265,2.713410378,3.185106039,1
791,1281,3.099255562,5.309325218,1
791,1297,2.27020216,3.376835346,1
791,1313,4.990768433,-0.9893307686,1
791,1329,4.08408165,0.1199095249,1
791,1345,2.397485733,1.763425827,1
791,1361,1.391785145,2.480154514,1
791,1377,0.7024458647,2.592168331,1
791,1393,0.9980674982,2.434994459,1
791,1409,4.591481686,3.163463354,1
791,1425,1.494317532,2.461298227,1
791,1441,0.3690176606,3.588778257,1
791,1457,0.5201839209,2.105542183,1
791,1473,5.072149754,9.350790024,1
791,1489,-1.637994766,-6.565797806,1
791,1505,3.023728371,11.12443638,1
791,1521,0.1439365894,2.558715582,1
791,1537,-0.1353855878,3.731780052,1
791,1553,0.4442986846,3.599369764,1
791,1569,-1.745026827,-5.099666595,1
791,1585,7.480633736,-2.166210413,1
791,1601,-2.545286894,12.39572811,1
791,1617,2.553938866,-4.816991806,1
791,1633,-3.276250601,-4.833272934,1
791,1649,-5.141427994,-3.817447901,1
791,1665,-9.40893364,6.530835152,1
791,1681,-9.414903641,4.571611404,1
791,1697,7.327960014,3.880907059,1
791,1713,-0.730112195,4.822277069,1
791,1729,-2.588347197,5.120720387,1
791,1745,-2.141037703,5.709510326,1
791,1761,0.3776863813,11.41311073,1
791,1777,4.744048595,4.703500748,1
791,1793,-3.823979378,3.272965908,1
791,1809,-4.497103691,2.194636822,1
791,1825,-2.525552511,2.658660412,1
791,1841,-0.2968764305,2.087412834,1
791,1857,-1.270192385,0.2208819389,1
791,1873,-7.702854156,-2.566016912,1
791,1889,8.963344574,2.785082579,1
791,1905,3.783976555,-1.784312248,1
791,1921,1.720088005,2.111515284,1
791,1937,2.312743664,1.915972233,1
791,1953,2.91525197,0.9590895176,1
791,1969,3.563290834,2.301128149,1
791,1985,3.873792171,3.423789501,1
791,2001,3.462052107,3.789977789,1
791,2017,1.913521528,3.857246399,1
791,2033,0.2056517601,2.514742374,1
807,17,6.948010445,-0.3114390373,1
807,33,5.399422646,-0.6010597944,1
807,49,4.694969654,-1.04994297,1
807,65,-4.015372276,7.593970299,1
807,81,-5.71860981,-4.840143204,1
807,97,-10.05499458,-6.597304821,1
807,113,-9.59714222,0.6793344021,1
807,129,-9.034467697,0.0310690403,1
807,145,-2.625884533,-1.319147706,1
807,161,-1.946363926,-0.3823750615,1
807,177,-1.683876038,-3.593378544,1
807,193,-1.3066082,-1.246482372,1
807,209,-1.038762093,-1.112288475,1
807,225,3.320390701,0.29444471,1
807,241,0.02299106121,1.445914388,1
807,257,-0.8120889664,1.065006137,1
807,273,0.2512564063,0.8658783436,1
807,289,0.9980781078,-2.361964941,1
807,305,-3.518027067,4.401671886,1
807,321,-0.4115794897,-1.912038565,1
807,337,-0.6714162827,-1.8783319,1
807,353,-0.7351266742,-2.030451298,1
807,369,0.05273604393,-2.439646006,1
807,385,-0.3606752157,-1.434058666,1
807,401,-1.182469845,8.88214016,1
807,417,-3.898715496,0.850774765,1
807,433,-1.344180703,1.145812511,1
807,449,-0.6644746661,0.7109640241,1
807,465,-0.4542791843,0.2507763505,1
807,481,-0.3208247125,0.427874893,1
807,497,0.2458472848,0.7967611551,1
807,513,-0.1935476661,1.286936283,1
807,529,-3.931764364,-7.032426357,1
807,545,-1.838986039,-1.215803623,1
807,561,-2.239260197,0.7785110474,1
807,577,-2.239187956,1.276532412,1
807,593,-1.922856808,0.9967106581,1
807,609,-1.620281219,0.8434501886,1
807,625,-1.488953352,1.130917072,1
807,641,-1.939620972,3.289224148,1
807,657,-2.565741777,4.566186905,1
807,673,-2.781131983,3.022208691,1
807,689,-7.698979378,-2.064105511,1
807,705,2.3476758,9.593317032,1
807,721,-1.281503677,3.123272419,1
807,737,-1.59243083,3.072481632,1
807,753,-1.457275867,2.546090603,1
807,769,-0.5975837708,3.295440674,1
807,785,-0.2117604017,3.118427277,1
807,801,2.534480095,3.263544798,1
807,817,0.05665314198,3.25007534,1
807,833,-0.919708848,3.845597744,1
807,849,-0.5327118635,4.268538475,1
807,865,0.1611441374,4.799314976,1
807,881,0.5827286243,4.898199558,1
807,897,0.5791399479,3.561602831,1
807,913,0.4301803112,2.101061344,1
807,929,0.04323117808,1.613748074,1
807,945,-0.3974009752,3.320267677,1
807,961,-1.081198335,3.669393301,1
807,977,-0.6857928038,3.001317739,1
807,993,-3.730833769,-1.030351639,1
807,1009,-2.251558781,-3.919799328,1
807,1025,-4.976541519,8.745183945,1
807,1041,0.825818181,7.173823357,1
807,1057,1.092333317,4.508742809,1
807,1073,0.9575281143,2.230842113,1
807,1089,1.620556355,4.269910336,1
807,1105,1.595534325,4.588623047,1
807,1121,1.929838657,4.385185242,1
807,1137,1.760155797,4.898021221,1
807,1153,1.404828072,3.89973712,1
807,1169,1.427949786,3.315981388,1
807,1185,0.9552639723,1.785826206,1
807,1201,0.6423566341,2.46605134,1
807,1217,1.537680864,5.670628548,1
807,1233,4.267698288,3.671191692,1
807,1249,4.968905926,3.673978806,1
807,1265,2.039124489,2.682340622,1
807,1281,2.290032387,3.940563917,1
807,1297,2.327519178,2.635001898,1
807,1313,4.434843063,-1.577278852,1
807,1329,3.136823177,0.5920789242,1
807,1345,2.781909466,1.155010462,1
807,1361,2.186263561,1.713384271,1
807,1377,1.454775333,1.638181686,1
807,1393,1.740605593,0.9798499346,1
807,1409,0.7558987737,-2.593100548,1
807,1425,0.1786315441,2.334612608,1
807,1441,-4.332603931,10.10889816,1
807,1457,0.2401615381,2.987486839,1
807,1473,1.068462968,0.764759779,1
807,1489,4.383004665,8.075180054,1
807,1505,-6.829248905,8.406011581,1
807,1521,-0.9276057482,3.298398972,1
807,1537,0.3013122976,5.602614403,1
807,1553,1.002470255,7.298000813,1
807,1569,-0.4906893969,3.149858952,1
807,1585,5.133993626,-3.460212946,1
807,1601,9.243667603,5.608603477,1
807,1617,0.7885599136,7.744436264,1
807,1633,-8.648648262,6.500166893,1
807,1649,-8.056612968,8.174976349,1
807,1665,-1.021882892,3.676156044,1
807,1681,-1.805690646,4.271236897,1
807,1697,-1.381798744,5.570137978,1
807,1713,-2.914775372,4.680411816,1
807,1729,-2.75434494,5.308614731,1
807,1745,-2.591993093,5.414165974,1
807,1761,-9.269227982,-0.856146574,1
807,1777,0.4767503738,-5.423697472,1
807,1793,-1.109918952,3.064890862,1
807,1809,-1.834768295,2.568395376,1
807,1825,1.20848608,2.327865124,1
807,1841,1.100872517,2.347298622,1
807,1857,-4.035189152,-3.497388363,1
807,1873,-6.880998611,-2.932715893,1
807,1889,-4.064872265,9.966077805,1
807,1905,5.582386494,-5.25143528,1
807,1921,8.411334991,7.22582531,1
807,1937,2.269683599,0.8478946686,1
807,1953,2.656739712,-0.009461402893,1
807,1969,3.175196886,2.556974888,1
807,1985,3.29592371,3.623755693,1
807,2001,3.197879314,4.219471455,1
807,2017,2.923061371,4.333009243,1
807,2033,0.3178632259,5.155325413,1
823,17,-2.123644829,-2.009130955,1
823,33,-7.765781403,0.02913832664,1
823,49,-5.978499413,-0.7306969762,1
823,65,-5.754880905,-7.03670311,1
823,81,-5.338557243,-5.041520119,1
823,97,-2.927963734,-4.596364498,1
823,113,-3.133268356,-2.663373232,1
823,129,-7.876289368,-1.596825838,1
823,145,-7.076468468,-1.843786597,1
823,161,-3.5004251,-2.150243521,1
823,177,-1.20313096,-2.542894125,1
823,193,-0.97485888,-1.573982,1
823,209,0.517141819,-0.8296582103,1
823,225,0.9395147562,0.1525881886,1
823,241,-0.1699259579,2.152366638,1
823,257,-0.1169787496,2.952775478,1
823,273,-8.817406654,0.1000322774,1
823,289,0.2963857651,-3.192328453,1
823,305,-2.689237595,4.070099831,1
823,321,0.8119118214,-3.777017355,1
823,337,-0.7243325114,-3.674525738,1
823,353,-1.291494012,-3.69842577,1
823,369,-1.284887791,-1.820266604,1
823,385,-0.8772833347,1.084279537,1
823,401,5.044833183,7.116690159,1
823,417,-0.6794432998,0.7551286817,1
823,433,-0.5672403574,0.7756159306,1
823,449,0.3439729214,0.4586492777,1
823,465,0.121817112,0.6948922873,1
823,481,-0.244499892,0.182633698,1
823,497,-0.2860932648,1.720896006,1
823,513,-0.6184364557,1.714233875,1
823,529,-4.529379845,-4.747458458,1
823,545,-2.470693588,1.043478727,1
823,561,-4.265475273,0.572936058,1
823,577,-2.778924942,0.8471317291,1
823,593,-1.792195797,1.121723652,1
823,609,-1.785628319,1.109352589,1
823,625,-1.994330168,1.609070301,1
823,641,-1.85214448,4.168759823,1
823,657,-0.7596335411,10.23759651,1
823,673,-2.116009235,3.472139835,1
823,689,-1.856156707,2.987238884,1
823,705,-1.23247838,2.677045584,1
823,721,-1.009237051,3.160520792,1
823,737,-1.066683292,3.213309765,1
823,753,-0.7337141037,4.485042095,1
823,769,-0.9210880995,8.648607254,1
823,785,-3.223177195,2.495869398,1
823,801,-0.5857936144,2.999355555,1
823,817,-1.084808588,4.22112608,1
823,833,0.3205153942,6.527698994,1
823,849,-0.5907267332,4.560451984,1
823,865,-0.08233846724,3.625142097,1
823,881,0.8677181005,3.21813488,1
823,897,1.027171969,2.707965851,1
823,913,1.142806888,2.476875782,1
823,929,9.010439873,0.7420706749,1
823,945,-0.5046169162,2.025655985,1
823,961,-0.1327875555,3.013179302,1
823,977,7.966932774,-0.4883425236,1
823,993,7.866921425,-0.4604463577,1
823,1009,6.089579105,3.180135727,1
823,1025,5.99578619,4.595087051,1
823,1041,4.732234001,6.966899872,1
823,1057,1.135285616,4.597214222,1
823,1073,2.659448862,13.05921555,1
823,1089,2.165953636,4.557134628,1
823,1105,2.384659529,12.22921658,1
823,1121,2.419580221,4.440737247,1
823,1137,2.249472141,4.179242134,1
823,1153,1.86617291,3.639618635,1
823,1169,1.945572615,3.333670855,1
823,1185,1.957531929,1.101086617,1
823,1201,1.487360001,1.068278551,1
823,1217,2.038676977,5.081448555,1
823,1233,3.890969753,5.602526665,1
823,1249,5.704648495,4.779696941,1
823,1265,5.63538599,3.426054955,1
823,1281,2.051473618,1.033922434,1
823,1297,1.916374087,0.9718142748,1
823,1313,3.40524292,0.9362654686,1
823,1329,2.385735989,-0.2344998121,1
823,1345,1.616666794,-0.6876972318,1
823,1361,1.068117142,0.8443105221,1
823,1377,1.529199362,1.203428984,1
823,1393,1.502004862,0.7038421631,1
823,1409,-4.978955746,6.175800323,1
823,1425,-1.303293705,1.964066982,1
823,1441,-0.5786372423,2.386707306,1
823,1457,-0.1306024194,1.173272848,1
823,1473,1.24531126,-0.6299440861,1
823,1489,2.315729141,10.26667595,1
823,1505,-1.01655829,4.355426788,1
823,1521,-1.250562668,4.972664833,1
823,1537,1.344899416,7.723028183,1
823,1553,2.394028664,7.545461178,1
823,1569,-7.210808754,4.063176155,1
823,1585,4.637328148,-4.810765743,1
823,1601,-1.951308489,-5.279585838,1
823,1617,-0.7263960242,6.161291122,1
823,1633,-2.374087572,-5.175719261,1
823,1649,2.013190746,7.606176853,1
823,1665,-9.348020554,3.638815165,1
823,1681,-10.06462097,4.531301498,1
823,1697,-10.60406685,1.512274504,1
823,1713,-4.360470295,5.220068932,1
823,1729,-1.681706309,4.376438141,1
823,1745,3.533657074,2.131452084,1
823,1761,-2.011162758,3.256583691,1
823,1777,-2.045600414,1.881029606,1
823,1793,-1.27250123,2.886061192,1
823,1809,-0.420776546,3.505450726,1
823,1825,0.04123061895,3.064105034,1
823,1841,2.593634129,3.400533199,1
823,1857,0.01304659247,-3.783210754,1
823,1873,-6.198898792,8.482477188,1
823,1889,5.423732281,4.08502388,1
823,1905,8.401625633,-2.15129447,1
823,1921,2.436267853,-4.042904377,1
823,1937,1.859710813,1.975438356,1
823,1953,2.546302319,2.743902206,1
823,1969,2.960903645,3.379552126,1
823,1985,2.273445129,4.618936539,1
823,2001,2.359398842,4.952299118,1
823,2017,2.366026878,4.908348083,1
823,2033,1.120742798,3.564522743,1
839,17,-7.146544456,0.6720627546,1
839,33,-9.733455658,3.31418705,1
839,49,-5.229056358,-0.5483159423,1
839,65,-7.018523216,-7.066176891,1
839,81,-4.92219162,-3.631282568,1
839,97,-3.26282692,-3.992056847,1
839,113,-6.979870319,-3.733896494,1
839,129,-7.747281075,-1.802511215,1
839,145,3.978969574,5.429998875,1
839,161,-1.561183691,-2.96297574,1
839,177,5.452569485,-0.4564966559,1
839,193,-7.570662498,-6.529772758,1
839,209,-0.09502673149,-1.934289336,1
839,225,0.4173117876,-0.4525895417,1
839,241,0.4730167389,0.838316083,1
839,257,0.2337656319,0.7051149607,1
839,273,0.1522120982,0.1135821044,1
839,289,0.4942768812,-0.7934736609,1
839,305,1.505750418,-4.400845528,1
839,321,0.4950178266,-4.508329868,1
839,337,-0.4437376261,-1.877507448,1
839,353,-2.947356462,-2.459590912,1
839,369,-3.227871656,-1.126135826,1
839,385,-1.535054207,2.141749382,1
839,401,-1.088272333,1.72568202,1
839,417,-0.6277214289,1.091723919,1
839,433,-0.2184447944,1.203248024,1
839,449,0.2769843638,1.11060071,1
839,465,0.7779216766,1.316845655,1
839,481,1.827629685,0.6847238541,1
839,497,1.840168834,1.734678507,1
839,513,-0.2266413271,1.145585299,1
839,529,-0.3509896994,0.0177924633,1
839,545,-0.8598667383,6.785282135,1
839,561,-1.583577156,1.163218737,1
839,577,-1.518107772,0.1954987049,1
839,593,-1.40170145,1.166805029,1
839,609,-2.224998951,1.111413717,1
839,625,-10.2346077,1.271250725,1
839,641,-1.815227985,2.438692093,1
839,657,-1.981294751,3.173255205,1
839,673,-1.107368588,3.266475677,1
839,689,-0.9253880978,2.775230169,1
839,705,-0.8475520015,2.557700396,1
839,721,-0.5360261798,2.732634306,1
839,737,-0.631690383,2.321612358,1
839,753,0.6209056377,6.018966198,1
839,769,-0.22691679,8.282919884,1
839,785,-4.848444939,-0.3075277805,1
839,801,-1.010646939,3.546958923,1
839,817,-1.242131829,5.240105629,1
839,833,-1.784568906,5.709312439,1
839,849,-4.457780361,-3.202265739,1
839,865,-0.2698732018,3.825424194,1
839,881,0.318795085,4.16351366,1
839,897,0.7828296423,2.270544291,1
839,913,1.632912755,0.7438464165,1
839,929,2.211846352,0.9981944561,1
839,945,-6.174282551,8.405424118,1
839,961,0.4269858599,2.855924368,1
839,977,8.615550995,1.60610199,1
839,993,-5.12334156,-1.312222958,1
839,1009,6.621443272,0.2979645729,1
839,1025,8.313530922,-0.1257948875,1
839,1041,9.455945969,3.074100971,1
839,1057,0.3633737564,4.536669731,1
839,1073,1.90595758,-0.7020773888,1
839,1089,1.452986002,4.204888821,1
839,1105,1.581666946,4.358566761,1
839,1121,3.221769571,4.084179401,1
839,1137,2.866221905,3.455154181,1
839,1153,2.043070316,3.686319828,1
839,1169,2.007327557,3.827295303,1
839,1185,1.928366184,2.771837711,1
839,1201,1.791878581,2.72229147,1
839,1217,1.863103151,3.636418104,1
839,1233,2.310367584,6.037033081,1
839,1249,2.037941456,8.235890388,1
839,1265,2.759995461,9.81193161,1
839,1281,2.11499095,-0.115403533,1
839,1297,2.235996723,-0.6060630083,1
839,1313,2.398605824,0.891628623,1
839,1329,1.687019706,9.319475174,1
839,1345,1.316178679,-0.4211761355,1
839,1361,0.8663902283,-1.753492594,1
839,1377,1.536451936,0.8788821697,1
839,1393,1.151467681,1.28365469,1
839,1409,-7.33600235,1.059773326,1
839,1425,-3.699920654,1.676713943,1
839,1441,-0.6033848524,-0.2957346439,1
839,1457,8.907975197,-0.6151891947,1
839,1473,1.35866046,8.129025459,1
839,1489,1.575114489,10.91846085,1
839,1505,-0.6796015501,3.180338383,1
839,1521,-0.8024674654,3.843956947,1
839,1537,0.5366825461,4.296255589,1
839,1553,1.714326739,3.391894341,1
839,1569,9.398460388,-1.888462543,1
839,1585,-6.705813408,6.327435493,1
839,1601,6.263773918,-4.730823517,1
839,1617,7.442565918,-2.839768648,1
839,1633,1.730851889,-5.772175789,1
839,1649,-0.3310090899,3.975965738,1
839,1665,-0.656927526,3.780413866,1
839,1681,-1.027978897,3.469579697,1
839,1697,-1.67242384,3.664071083,1
839,1713,-1.611849785,2.705140114,1
839,1729,-0.3460114002,2.314221859,1
839,1745,0.04036593437,2.003731728,1
839,1761,-2.740137815,2.579541922,1
839,1777,-3.103138208,2.848339319,1
839,1793,-1.874019623,3.094771385,1
839,1809,-0.369761765,3.181472778,1
839,1825,0.5004585385,2.865179539,1
839,1841,0.9391158223,3.069574356,1
839,1857,0.5113315582,-2.321851969,1
839,1873,1.509824634,-0.4858694077,1
839,1889,1.040568113,0.2892587185,1
839,1905,-0.08702421188,9.877235413,1
839,1921,-0.3170154095,-3.092138767,1
839,1937,0.8924380541,1.95505929,1
839,1953,1.679039955,2.617472887,1
839,1969,2.157496929,3.635172367,1
839,1985,2.093029499,5.575785637,1
839,2001,2.138350964,5.912045956,1
839,2017,0.9090718031,6.031564713,1
839,2033,0.9775180817,4.412389755,1
855,17,6.648983955,0.8993064761,1
855,33,-10.9303093,0.5403225422,1
855,49,-7.900944233,-0.6471989751,1
855,65,-2.860904694,7.340407372,1
855,81,-2.185932636,7.327605247,1
855,97,-3.113697767,-1.433130383,1
855,113,-2.969718933,-10.20448303,1
855,129,4.740339279,5.053659439,1
855,145,-1.759488344,3.747184277,1
855,161,-1.806978941,-5.507767677,1
855,177,-1.435153961,-4.478872299,1
855,193,-0.6974070072,-2.623249292,1
855,209,-0.7804005146,-1.180706501,1
855,225,0.3878627717,-2.914241791,1
855,241,0.02510949969,-0.7090778351,1
855,257,0.1553020179,-0.1342417002,1
855,273,-0.2534946501,-0.26898247,1
855,289,0.08775943518,-0.2061306387,1
855,305,-5.09858799,-7.602216244,1
855,321,7.431349277,-1.771707892,1
855,337,0.7456890941,-1.040778875,1
855,353,-2.286414862,-1.778439641,1
855,369,-2.993164539,-0.4388427436,1
855,385,-2.330017567,2.69506073,1
855,401,-1.594449043,1.581961393,1
855,417,-0.9860411882,1.098466635,1
855,433,-0.3146106899,1.912363172,1
855,449,0.6783951521,1.282702208,1
855,465,-0.2628134489,1.353010178,1
855,481,-8.534274101,1.382682323,1
855,497,0.8511424065,1.93857038,1
855,513,0.6909184456,1.226954699,1
855,529,1.039067268,0.6877121329,1
855,545,4.080325127,-6.731432438,1
855,561,0.01550775766,1.05315876,1
855,577,-0.6447787881,1.303837776,1
855,593,-1.023142099,1.152698159,1
855,609,-1.187037468,0.9725848436,1
855,625,-1.405793428,1.12693727,1
855,641,-1.526124716,2.050695896,1
855,657,-1.008594513,2.039280415,1
855,673,-0.4998935461,1.88874352,1
855,689,-0.3838395476,2.202027798,1
855,705,-0.2563501894,1.981460094,1
855,721,8.30277729,2.16293025,1
855,737,8.171098709,0.1002092361,1
855,753,1.691013336,0.8397545815,1
855,769,-3.021734953,6.558462143,1
855,785,-1.902635217,-5.829609394,1
855,801,7.652690411,4.950315952,1
855,817,-0.785874486,5.426073551,1
855,833,-2.580605984,4.810276508,1
855,849,-3.325725555,-4.493617535,1
855,865,-0.3451301455,3.651743889,1
855,881,0.4727956057,3.680029869,1
855,897,0.8909914494,3.036870956,1
855,913,2.109109879,1.881634951,1
855,929,3.658001423,1.880835056,1
855,945,-2.464366674,3.200697422,1
855,961,-0.02691145241,3.576994896,1
855,977,0.2737298012,4.897447586,1
855,993,2.048163414,-4.52742672,1
855,1009,1.029298544,4.39632988,1
855,1025,1.269329071,4.834543705,1
855,1041,-0.4309900999,3.483745575,1
855,1057,0.8095395565,4.213692188,1
855,1073,3.124368906,-0.6491918564,1
855,1089,1.87121284,3.107042789,1
855,1105,6.335231304,-3.132744789,1
855,1121,0.4494364262,-4.463404655,1
855,1137,5.222306252,-1.917980909,1
855,1153,2.328317642,3.452219009,1
855,1169,2.682426691,3.67255497,1
855,1185,2.792479277,3.399450541,1
855,1201,2.123242378,3.096060991,1
855,1217,1.936240315,3.105807066,1
855,1233,1.90151763,2.324231863,1
855,1249,-4.109265327,-3.033548832,1
855,1265,-2.214751244,8.671058655,1
855,1281,2.439448357,0.2985976934,1
855,1297,2.359364748,-0.01936709881,1
855,1313,2.249459743,0.951358676,1
855,1329,2.188305616,3.690725327,1
855,1345,2.047605991,0.8674321175,1
855,1361,1.51017499,-7.945076942,1
855,1377,6.907831192,-3.841757298,1
855,1393,2.501815557,2.096324444,1
855,1409,2.087758064,1.30498445,1
855,1425,-2.169070005,-6.73954916,1
855,1441,-0.6643184423,-0.8778619766,1
855,1457,2.031515121,3.324454784,1
855,1473,1.467971921,7.638500214,1
855,1489,0.8824746013,3.016292572,1
855,1505,1.688930511,1.425520897,1
855,1521,1.616575837,1.446782112,1
855,1537,0.08725786209,1.494930744,1
855,1553,3.377422571,2.812227488,1
855,1569,1.753292561,-0.6614873409,1
855,1585,4.016411781,2.875271082,1
855,1601,2.442660809,3.368254185,1
855,1617,1.575616598,1.944872379,1
855,1633,0.8034849167,3.941109657,1
855,1649,0.5176215768,3.393984795,1
855,1665,-7.160553455,-2.146202564,1
855,1681,1.521312237,11.91243649,1
855,1697,-1.843283176,4.163086414,1
855,1713,-1.922411561,2.6761868,1
855,1729,0.04059845209,1.534477711,1
855,1745,0.4167755842,1.876464367,1
855,1761,-1.9449718,2.176830053,1
855,1777,-2.048107386,2.547465801,1
855,1793,-1.043291211,2.773090124,1
855,1809,-0.1104716063,3.256060839,1
855,1825,0.8446179628,3.528928995,1
855,1841,1.635131359,3.702479601,1
855,1857,0.9407531619,2.720826864,1
855,1873,1.154562116,1.371514797,1
855,1889,1.096948028,2.851657867,1
855,1905,0.9521542788,4.303555489,1
855,1921,-3.406199455,0.4425208569,1
855,1937,-3.845618725,0.6534736156,1
855,1953,-4.769525528,1.931046724,1
855,1969,3.348773956,3.394346952,1
855,1985,3.919517517,5.732550144,1
855,2001,7.529266357,11.54822922,1
855,2017,-0.2337124348,3.722771168,1
855,2033,-4.390254021,-1.769090652,1
871,17,-3.129618883,0.3843886256,1
871,33,-1.363024116,-2.105641127,1
871,49,-1.610897779,-1.246498585,1
871,65,-2.058486938,-2.050117493,1
871,81,-2.517502785,-6.928141117,1
871,97,-3.214317083,6.530385971,1
871,113,1.843559265,-8.922753334,1
871,129,3.361596823,-4.588251591,1
871,145,6.033119678,-0.9183341265,1
871,161,-2.264492989,-4.528664589,1
871,177,-2.117380142,-1.074327946,1
871,193,-1.227445722,-2.732612371,1
871,209,-0.4893842936,-1.085997343,1
871,225,-0.2799440026,-0.9445983171,1
871,241,0.001726210117,-0.4845420718,1
871,257,0.6039906144,0.003030955791,1
871,273,-0.7719637156,-0.653480649,1
871,289,4.229862213,-7.806644917,1
871,305,-5.039990425,-7.835911751,1
871,321,6.007925987,-0.4951593876,1
871,337,-3.507488728,7.600099564,1
871,353,-1.416774631,-1.033510208,1
871,369,-1.715189934,-0.4837940931,1
871,385,-1.530339003,1.286646724,1
871,401,-1.313667774,1.061428308,1
871,417,-1.104135156,1.174071789,1
871,433,-0.8377773762,1.232795835,1
871,449,-1.250926375,1.197317958,1
871,465,-4.817886829,0.63433671,1
871,481,-4.784266472,0.4714733362,1
871,497,-7.802040577,6.688057899,1
871,513,-8.278612137,-1.075740695,1
871,529,5.998652935,-6.228488445,1
871,545,0.3786879778,-0.2036367655,1
871,561,0.07880324125,0.6011588573,1
871,577,-0.1945979595,1.179224253,1
871,593,-0.7003906369,0.8052116632,1
871,609,0.8336905837,1.098405719,1
871,625,-0.1338287592,1.176629663,1
871,641,-0.5252462626,1.987757921,1
871,657,-0.04583859444,1.704783916,1
871,673,1.887665153,1.361872435,1
871,689,-0.2629984319,0.9557957649,1
871,705,-0.1145077348,1.55390358,1
871,721,0.2971705794,2.143713474,1
871,737,7.684052467,6.931418896,1
871,753,6.498903751,4.402098656,1
871,769,-8.256706238,8.415275574,1
871,785,-7.641359806,9.850167274,1
871,801,6.630987167,8.871702194,1
871,817,0.3069939613,4.113315105,1
871,833,0.223528266,4.569433212,1
871,849,-0.4102343321,3.982492208,1
871,865,-0.08973887563,3.03208828,1
871,881,0.4700208902,3.02558136,1
871,897,1.047574759,3.292007446,1
871,913,1.25809741,3.790836811,1
871,929,-1.802571297,12.76411915,1
871,945,4.368793488,10.03048325,1
871,961,0.6154546142,5.041425705,1
871,977,-4.003277779,11.47793293,1
871,993,2.889817715,-4.244175434,1
871,1009,0.9767242074,4.884953499,1
871,1025,0.979804635,5.312722683,1
871,1041,2.700305462,6.963124275,1
871,1057,5.406308651,10.88571739,1
871,1073,9.007662773,9.528671265,1
871,1089,4.481139183,11.21071625,1
871,1105,3.016822338,10.37499809,1
871,1121,2.303958893,4.198472023,1
871,1137,5.33130455,-1.778921366,1
871,1153,3.268967152,-0.5766420364,1
871,1169,8.065676689,3.07247448,1
871,1185,2.926617146,3.610938549,1
871,1201,2.514498949,3.275350571,1
871,1217,2.033718109,2.998714685,1
871,1233,2.013763905,2.310974121,1
871,1249,8.062162399,1.653681755,1
871,1265,10.8736515,1.311439991,1
871,1281,4.29784441,0.7351224422,1
871,1297,2.725357294,0.8673318624,1
871,1313,2.409496307,1.008511424,1
871,1329,2.742218971,2.512345314,1
871,1345,3.13253355,0.1700021625,1
871,1361,2.931205988,0.3490410447,1
871,1377,3.085137367,0.6189302206,1
871,1393,4.737811565,1.209102869,1
871,1409,4.239924431,2.301411629,1
871,1425,-0.5036952496,-7.643877506,1
871,1441,1.098177433,-0.9680250883,1
871,1457,4.936148167,5.116031647,1
871,1473,0.888602376,0.2736957073,1
871,1489,1.611310482,2.13120842,1
871,1505,1.442073584,3.541653872,1
871,1521,1.499534845,1.252981186,1
871,1537,1.532718897,0.5271308422,1
871,1553,1.5836128,0.260550499,1
871,1569,-1.487842083,-4.051361561,1
871,1585,-6.979283333,5.150547981,1
871,1601,2.162621975,1.97597146,1
871,1617,2.179201126,1.439732552,1
871,1633,2.507509708,2.769553661,1
871,1649,4.655797958,8.8808918,1
871,1665,7.513733864,-2.049622536,1
871,1681,2.095142841,11.08943939,1
871,1697,-2.055783749,4.305473328,1
871,1713,-1.641518235,3.55188942,1
871,1729,-0.5426977873,1.178239107,1
871,1745,-0.5940414667,0.8599402905,1
871,1761,-0.7394573092,-6.57281971,1
871,1777,-2.007208824,1.828110456,1
871,1793,-1.274734735,1.603320122,1
871,1809,-0.01012957096,3.242515087,1
871,1825,-0.1746878922,5.297211647,1
871,1841,0.1252832413,5.576497078,1
871,1857,0.6916860342,3.862567425,1
871,1873,1.356369495,3.176551104,1
871,1889,0.8951487541,3.498347759,1
871,1905,1.521039844,3.492902994,1
871,1921,5.094381332,4.212005615,1
871,1937,5.127174377,-5.405008793,1
871,1953,1.377629519,3.097622871,1
871,1969,2.874586821,2.801816702,1
871,1985,4.753555298,8.627285004,1
871,2001,2.110435009,4.520280838,1
871,2017,0.8649480343,3.015662193,1
871,2033,-1.706710339,-1.30033946,1
887,17,-0.01931238174,1.35965538,1
887,33,-0.4436821938,-0.8131291866,1
887,49,-1.008979917,-1.641687632,1
887,65,-1.547016859,-3.908667088,1
887,81,-0.1088941097,-7.603704929,1
887,97,-3.602867603,-5.556783676,1
887,113,-3.211123705,-4.538392544,1
887,129,-3.198589802,-0.7244851589,1
887,145,-3.419322014,-0.1676852107,1
887,161,-2.862719774,-0.7086246014,1
887,177,-2.717441082,-0.5822558403,1
887,193,0.05894398689,-3.803011656,1
887,209,0.02807527781,-1.384469032,1
887,225,-0.7521371245,-1.425486445,1
887,241,-1.113707662,-1.184116602,1
887,257,-0.9503793716,-0.4485714436,1
887,273,-0.7573394775,0.3098732233,1
887,289,-1.247537732,0.9768210649,1
887,305,-3.200838089,0.1925312281,1
887,321,-3.672127247,0.847977221,1
887,337,-2.06001997,0.3953099549,1
887,353,-1.393171072,-0.2239998877,1
887,369,-0.751950562,-0.933683753,1
887,385,-0.5869710445,0.331253767,1
887,401,-0.6130706072,0.9410195947,1
887,417,-0.4669324756,1.169211626,1
887,433,-0.4906852543,1.031904936,1
887,449,-0.9026836753,1.133921504,1
887,465,-2.98404336,0.6836979389,1
887,481,-4.307435989,0.6325923204,1
887,497,1.767055511,-1.843223214,1
887,513,-3.748843431,-6.917921066,1
887,529,-3.257220268,-7.26489687,1
887,545,-1.698440909,-0.6116492152,1
887,561,-0.3804957271,0.2835716009,1
887,577,0.1497395635,0.7319898605,1
887,593,-0.3830043375,0.9400951266,1
887,609,0.08540043235,1.502827406,1
887,625,-0.1657895446,1.584372044,1
887,641,-0.2445658743,1.582436442,1
887,657,-0.003493130207,1.470890045,1
887,673,-0.1103715301,0.2891590595,1
887,689,-0.2014566362,2.016989708,1
887,705,0.1844472289,1.988626242,1
887,721,2.928595066,2.374379873,1
887,737,-3.394245625,9.818137169,1
887,753,5.032443047,3.526529074,1
887,769,-3.982997656,4.120702744,1
887,785,-2.072016239,5.653593063,1
887,801,-6.573104858,11.16898632,1
887,817,-8.574282646,9.171569824,1
887,833,-2.471501112,8.40733242,1
887,849,-0.348516643,2.041837692,1
887,865,-0.1231003255,1.960866451,1
887,881,5.676263809,-2.4918859,1
887,897,-5.2182374,9.79975605,1
887,913,9.544961929,3.341714382,1
887,929,-6.134401798,10.73835564,1
887,945,-0.516599834,4.754475117,1
887,961,0.3570490479,5.84855175,1
887,977,-7.762959003,4.043866634,1
887,993,-7.540235043,1.935538769,1
887,1009,0.0415443182,5.556519032,1
887,1025,0.9979513884,5.471591949,1
887,1041,5.069533348,9.013534546,1
887,1057,6.831917763,12.25511074,1
887,1073,1.044554353,10.2766304,1
887,1089,3.939990044,-2.736326218,1
887,1105,4.097439289,11.10236931,1
887,1121,2.006693125,3.866310596,1
887,1137,6.360404968,3.428314924,1
887,1153,0.7966282368,1.355723858,1
887,1169,10.84137821,3.22733593,1
887,1185,9.557842255,3.149866819,1
887,1201,2.602805376,3.350552559,1
887,1217,2.40856719,2.995055914,1
887,1233,5.447855949,2.70397687,1
887,1249,6.184005737,2.51210165,1
887,1265,4.444182396,1.958614707,1
887,1281,3.671053886,1.324755669,1
887,1297,2.563544989,1.239134192,1
887,1313,0.4760217667,0.8761198521,1
887,1329,1.990440607,1.045951486,1
887,1345,3.253850222,0.0830527544,1
887,1361,3.331928015,0.09836232662,1
887,1377,4.446404457,0.5801305175,1
887,1393,5.270949364,0.9007180333,1
887,1409,2.750934839,2.194789171,1
887,1425,1.258320093,0.5814250708,1
887,1441,0.411839962,-1.240863085,1
887,1457,0.9849332571,-0.8159967661,1
887,1473,1.763965487,-0.253164649,1
887,1489,1.137534857,0.8794794083,1
887,1505,0.7801135778,1.926929116,1
887,1521,0.86302948,0.8825368285,1
887,1537,1.034730554,-0.1122614145,1
887,1553,1.246454239,-0.6265127063,1
887,1569,-0.1729029417,-7.310934067,1
887,1585,0.8285591602,-6.160608292,1
887,1601,-7.133250237,1.120037079,1
887,1617,-0.7125635147,1.162362099,1
887,1633,0.265213728,1.219811678,1
887,1649,5.980783939,8.862786293,1
887,1665,0.3761496246,1.422189832,1
887,1681,0.08162820339,2.637425423,1
887,1697,0.3336821795,3.156041384,1
887,1713,-0.9569762945,3.255249023,1
887,1729,-1.277424932,1.951454639,1
887,1745,-0.7251647711,0.04411649704,1
887,1761,-1.93591094,-6.568238258,1
887,1777,-2.112706661,1.477085948,1
887,1793,-1.331698656,1.522017479,1
887,1809,-1.007526636,3.2803936,1
887,1825,-0.9273166656,4.53266573,1
887,1841,-0.571598053,5.792172909,1
887,1857,0.04719485343,4.622896671,1
887,1873,0.8154923916,3.98085165,1
887,1889,0.9521547556,5.093270779,1
887,1905,1.426004767,3.88402319,1
887,1921,2.397061825,3.652190208,1
887,1937,-0.3781087399,-5.995913982,1
887,1953,2.805644989,4.410620689,1
887,1969,4.417383194,2.962372065,1
887,1985,5.191750526,7.598402023,1
887,2001,10.19636822,-0.9499955177,1
887,2017,0.1878637075,3.673665524,1
887,2033,-8.156060219,-2.537973881,1
903,17,0.3516178429,2.837238073,1
903,33,-0.9477404356,0.1378627717,1
903,49,-1.795056343,-1.844058275,1
903,65,-1.828366995,-4.470476627,1
903,81,-1.768575907,-6.110044956,1
903,97,-3.032521486,-4.163336754,1
903,113,-4.483150959,-0.8183722496,1
903,129,-4.12871933,1.924982786,1
903,145,-4.027487755,2.149553776,1
903,161,-3.593383312,1.459028006,1
903,177,-1.675931811,0.6171081662,1
903,193,1.423298955,-1.021811485,1
903,209,1.160429478,-1.277941942,1
903,225,-0.8450471163,-2.353487968,1
903,241,-1.542812824,-1.31875968,1
903,257,-1.101162076,0.1107603014,1
903,273,-0.578795433,0.5654437542,1
903,289,-1.769321322,-0.1949697435,1
903,305,-2.782558441,0.1773347259,1
903,321,-2.235708714,0.4284639359,1
903,337,-1.737941861,0.5173232555,1
903,353,-1.226423144,2.637675524,1
903,369,-1.053647637,0.3338419795,1
903,385,-1.202661753,0.3899136782,1
903,401,-1.679603338,0.6985005736,1
903,417,-0.1628866792,0.9818423986,1
903,433,0.9095150232,1.003700018,1
903,449,5.91994381,7.556970119,1
903,465,-1.087861061,1.476321816,1
903,481,-0.1001921892,1.898000717,1
903,497,3.661513805,-2.210548401,1
903,513,-6.251337051,0.6095153689,1
903,529,0.8660759926,0.9548303485,1
903,545,-7.472900867,4.997258186,1
903,561,6.595348835,-5.117832184,1
903,577,1.671608686,0.3701145649,1
903,593,-0.007043123245,-0.3881978989,1
903,609,2.564568043,-1.047100306,1
903,625,2.452394962,-1.181164384,1
903,641,-1.615497112,0.6920474172,1
903,657,-0.3930865526,1.039728642,1
903,673,-0.1750709116,1.381671309,1
903,689,-0.1455232501,5.056929588,1
903,705,-0.2814900875,3.353011131,1
903,721,-0.1795145273,1.912364721,1
903,737,1.081950784,2.706861973,1
903,753,0.7698427439,2.844512224,1
903,769,-0.8458832502,3.428233862,1
903,785,-2.739967823,4.986757278,1
903,801,-2.79681921,5.635883331,1
903,817,-0.1013467312,3.152374744,1
903,833,5.222875118,10.21223736,1
903,849,-0.351742357,1.390021563,1
903,865,0.2054198235,1.255138874,1
903,881,0.6207638383,1.261453152,1
903,897,-1.08060503,3.687003613,1
903,913,0.4484286904,4.29338932,1
903,929,2.43275857,4.439989567,1
903,945,0.9419480562,5.005417824,1
903,961,0.7066627741,6.051836967,1
903,977,-5.454065323,9.728897095,1
903,993,-0.2947256565,6.828176975,1
903,1009,1.508589506,7.616214752,1
903,1025,1.675504208,6.403367043,1
903,1041,1.280390263,6.626610756,1
903,1057,1.761165857,7.070272446,1
903,1073,1.613895535,6.989137173,1
903,1089,3.751487255,-1.928808212,1
903,1105,0.8960351944,8.173483849,1
903,1121,1.183576345,3.858803749,1
903,1137,-6.750963211,3.422058582,1
903,1153,1.433402777,7.231777191,1
903,1169,1.492497206,3.367269039,1
903,1185,2.197912693,3.055533171,1
903,1201,2.325251818,3.495639801,1
903,1217,2.387176752,3.741393328,1
903,1233,3.033840895,3.289123535,1
903,1249,4.758014679,5.936674118,1
903,1265,3.672895908,1.825615048,1
903,1281,2.692411423,1.401857734,1
903,1297,2.264116049,1.231611609,1
903,1313,1.840986013,0.7833562493,1
903,1329,2.314046383,-7.736527443,1
903,1345,2.309036016,0.2756765187,1
903,1361,2.351558685,-0.127400279,1
903,1377,2.861008167,0.5227415562,1
903,1393,3.520039558,0.8684000969,1
903,1409,2.918357849,0.0001857876778,1
903,1425,1.808616638,-0.3993404508,1
903,1441,-6.783360004,-5.039096355,1
903,1457,-7.035494804,-5.053890705,1
903,1473,1.529719114,-0.1009216309,1
903,1489,1.152630329,1.576872826,1
903,1505,-0.2558082342,1.883299351,1
903,1521,0.1982785463,0.2706300616,1
903,1537,1.764300942,-1.129241943,1
903,1553,1.042448044,2.665059566,1
903,1569,-6.815043926,-3.650106192,1
903,1585,-6.451399803,-3.597600698,1
903,1601,5.710569859,8.129471779,1
903,1617,-3.60240078,0.7609972358,1
903,1633,-0.9475717545,0.839007616,1
903,1649,8.293355942,-3.860092402,1
903,1665,7.620602131,-3.497507095,1
903,1681,0.1557686329,1.929281235,1
903,1697,1.005475998,2.318897963,1
903,1713,-2.406547546,4.818631172,1
903,1729,-7.076519012,8.509592056,1
903,1745,-1.29033339,2.575974464,1
903,1761,-0.4620277882,2.55334425,1
903,1777,0.009944647551,2.835567474,1
903,1793,-0.346657455,2.091847658,1
903,1809,-1.266625285,3.154497623,1
903,1825,-1.194186926,4.023908615,1
903,1841,-0.5618267059,4.555033207,1
903,1857,-0.01934835315,4.637322426,1
903,1873,0.7404171824,3.369078636,1
903,1889,1.404534101,6.007649422,1
903,1905,1.498607159,5.504030228,1
903,1921,-4.192772865,-1.984107971,1
903,1937,-4.177995682,10.00289822,1
903,1953,1.950779557,3.178444386,1
903,1969,-7.154306889,0.1251151562,1
903,1985,3.640025139,3.497895479,1
903,2001,1.501485586,-4.777503014,1
903,2017,-7.548320293,6.940345287,1
903,2033,-3.043759108,8.548391342,1
919,17,-0.1074571013,0.383040905,1
919,33,-9.115100861,4.381726742,1
919,49,-3.063957691,-1.40715611,1
919,65,-6.628448486,-1.757289648,1
919,81,-7.497360229,-2.170739651,1
919,97,-0.9837992191,-2.681007862,1
919,113,-2.441417933,-0.6292814612,1
919,129,-3.13318491,4.08284235,1
919,145,-3.082834959,1.124710679,1
919,161,-3.880612135,1.746241093,1
919,177,-1.525326133,0.8656750917,1
919,193,-0.7755554914,0.005501180887,1
919,209,-0.3292842507,-0.3123933077,1
919,225,-0.2600558996,-0.2134723663,1
919,241,-0.6471781731,0.7220438123,1
919,257,-1.235794187,1.904093623,1
919,273,-1.193402648,0.2206974328,1
919,289,-1.744763851,-1.112690926,1
919,305,-2.479428053,0.06118267775,1
919,321,-2.395291328,0.458984226,1
919,337,-2.845154285,0.5610031486,1
919,353,-2.409353971,1.019923687,1
919,369,-2.19925642,0.7385778427,1
919,385,-2.993797064,0.6335959435,1
919,401,-1.049098849,0.4521761537,1
919,417,-0.4653604329,0.8734702468,1
919,433,-0.0709579587,-0.2021983266,1
919,449,0.3545403481,1.29259634,1
919,465,0.6536877155,1.951524258,1
919,481,0.8440933228,1.361905456,1
919,497,0.7705715895,1.627814412,1
919,513,0.6796927452,1.146076441,1
919,529,0.5480934978,0.1133416891,1
919,545,-7.531898499,5.051576138,1
919,561,0.05992523208,0.8464207649,1
919,577,-0.6754918098,-0.4055012465,1
919,593,-0.8455340862,0.05536913872,1
919,609,1.589131594,-0.5567976236,1
919,625,1.264697194,-1.048778534,1
919,641,-1.008289695,0.5151666999,1
919,657,-1.914948344,0.9996297359,1
919,673,-2.41283989,1.47558856,1
919,689,0.452755034,3.691305161,1
919,705,-2.07772541,2.423059464,1
919,721,-2.273169518,1.686097741,1
919,737,-0.3415872455,1.890214801,1
919,753,0.2333983928,2.239382029,1
919,769,0.3234010637,3.263298512,1
919,785,-0.841973722,4.714970589,1
919,801,-1.162395597,5.195917606,1
919,817,-0.4907830358,4.46543026,1
919,833,0.1572864056,3.078258991,1
919,849,0.3373138309,1.957451582,1
919,865,1.006883621,2.817873478,1
919,881,0.1405011714,5.162810326,1
919,897,-1.076407433,5.608502388,1
919,913,0.6585311294,5.765972614,1
919,929,2.458435535,4.617847919,1
919,945,5.212517262,4.788772106,1
919,961,0.9412093163,5.45004797,1
919,977,-1.204013228,9.400876999,1
919,993,6.434943199,-3.383789063,1
919,1009,0.9399147034,-3.384572029,1
919,1025,3.343739033,3.478286266,1
919,1041,2.279791832,7.784484386,1
919,1057,0.5070482492,9.784368515,1
919,1073,0.2682230473,8.626567841,1
919,1089,-0.1715484262,-1.404257774,1
919,1105,1.340640664,0.7109704018,1
919,1121,1.954661369,3.394921541,1
919,1137,1.494759321,8.809165955,1
919,1153,1.979436874,7.293428421,1
919,1169,2.159498453,4.074962616,1
919,1185,2.034461498,3.977905512,1
919,1201,2.023335218,3.680360079,1
919,1217,1.639004946,5.864836693,1
919,1233,-0.01469278336,4.789067268,1
919,1249,1.738510609,4.78978157,1
919,1265,2.041111708,1.728124022,1
919,1281,2.141271353,1.309779882,1
919,1297,2.331780195,1.004608393,1
919,1313,5.121275902,1.023855925,1
919,1329,2.064236164,0.784276247,1
919,1345,1.667767882,0.4083504677,1
919,1361,1.352967501,0.2234890461,1
919,1377,2.103929996,0.7123009562,1
919,1393,3.450949669,0.7792658806,1
919,1409,3.427679777,-1.485218048,1
919,1425,4.002846718,-2.484179974,1
919,1441,5.013506413,3.662248611,1
919,1457,-1.007716894,-1.763522267,1
919,1473,0.8248269558,0.2296190262,1
919,1489,0.7661244273,2.238358736,1
919,1505,0.4660609961,0.4264626503,1
919,1521,0.6729171276,-2.260317802,1
919,1537,1.07400012,-0.9440952539,1
919,1553,0.9894462824,3.518038273,1
919,1569,0.6805765033,1.745562911,1
919,1585,1.373735905,1.30762434,1
919,1601,1.854002357,2.834785461,1
919,1617,2.073185921,1.511889458,1
919,1633,1.32371068,0.8727152348,1
919,1649,3.251183748,-2.409949303,1
919,1665,2.225649595,-0.8813634515,1
919,1681,0.1594506502,0.5849582553,1
919,1697,-0.4476317167,0.637547493,1
919,1713,-1.325358748,0.9547441006,1
919,1729,-2.053724766,1.261879802,1
919,1745,-1.695315123,1.621520042,1
919,1761,-0.138365984,2.003705978,1
919,1777,1.773022413,2.488813639,1
919,1793,-0.1438972056,2.039294243,1
919,1809,-0.5607981086,2.748658895,1
919,1825,-0.5567124486,-4.439535141,1
919,1841,-0.09162095189,4.476727009,1
919,1857,0.303499043,4.220794201,1
919,1873,0.813254714,4.229373455,1
919,1889,1.793170452,4.407213688,1
919,1905,1.491378307,5.344316006,1
919,1921,1.654148459,5.399559498,1
919,1937,1.854946613,1.244230747,1
919,1953,1.640566587,0.9739406109,1
919,1969,-7.515982151,6.517251015,1
919,1985,8.37285614,-0.5356106758,1
919,2001,7.342208862,0.7169008255,1
919,2017,6.428498268,-1.435238361,1
919,2033,-1.318111897,9.477777481,1
935,17,5.928375244,4.870193481,1
935,33,-4.452878952,1.700348377,1
935,49,-3.120581388,-1.524402976,1
935,65,5.810852051,2.623379946,1
935,81,-7.290416718,-2.70381093,1
935,97,4.404481888,-5.803739548,1
935,113,4.183357239,-7.559942245,1
935,129,-0.6936972141,1.949765563,1
935,145,-2.906926632,1.077717781,1
935,161,-2.104261875,1.374317408,1
935,177,-1.265617967,1.134501934,1
935,193,-0.5455883741,0.7261824608,1
935,209,6.390915394,-3.861526012,1
935,225,6.620317459,-4.056030273,1
935,241,-0.04694634676,-0.2992981076,1
935,257,-9.466284752,-2.533293486,1
935,273,-7.021869183,-6.20785284,1
935,289,1.504706025,-7.863008499,1
935,305,-9.98575592,3.51414156,1
935,321,-1.8697474,0.7283052206,1
935,337,-2.146183014,0.7062993646,1
935,353,-2.197310686,0.7324376106,1
935,369,-1.728553295,0.6294461489,1
935,385,-1.111244798,0.6870695353,1
935,401,-0.6617441177,0.6007502079,1
935,417,-0.4959027767,0.9486638308,1
935,433,0.1171147972,1.176813602,1
935,449,1.58459568,2.311188936,1
935,465,1.298563004,1.655843973,1
935,481,1.612098098,0.860185504,1
935,497,0.981044054,1.323374867,1
935,513,0.8959052563,0.9621306062,1
935,529,1.139263511,0.4532550573,1
935,545,0.9616639018,0.4746612906,1
935,561,1.181661844,0.8552434444,1
935,577,-0.3981140852,0.7008181214,1
935,593,-0.760602355,0.462380141,1
935,609,0.03597211838,0.3904035985,1
935,625,-3.197445393,8.831542015,1
935,641,-1.918948889,1.072234154,1
935,657,-2.696973324,1.532613993,1
935,673,-9.146279335,0.4640164375,1
935,689,-1.352505445,1.553129077,1
935,705,-2.060817242,1.904237628,1
935,721,-2.691342354,1.029339075,1
935,737,-0.7073903084,1.666618109,1
935,753,-0.1254225373,2.59785533,1
935,769,0.05779126287,3.179779291,1
935,785,-0.5998298526,3.727219582,1
935,801,-2.096633911,3.99759388,1
935,817,-1.411073327,4.390550613,1
935,833,-1.266859889,3.807445765,1
935,849,-0.9292933941,2.733973503,1
935,865,-0.5804586411,3.768582344,1
935,881,-0.8357661366,5.781239033,1
935,897,-1.482967496,6.307593822,1
935,913,0.9470689297,5.762221336,1
935,929,1.653024912,4.571659088,1
935,945,1.818306088,4.150484085,1
935,961,1.609883189,3.128277779,1
935,977,1.956386447,3.422947407,1
935,993,7.943584919,-2.87705636,1
935,1009,9.661950111,0.1743063927,1
935,1025,-0.8045959473,-2.634118557,1
935,1041,1.877782106,9.321123123,1
935,1057,0.9737064838,7.191150188,1
935,1073,0.00154042244,8.368540764,1
935,1089,0.07637703419,6.936388016,1
935,1105,9.615889549,6.070832253,1
935,1121,1.91034317,3.256997585,1
935,1137,1.19733429,4.046127319,1
935,1153,2.586088181,5.179216385,1
935,1169,2.126159668,5.693714619,1
935,1185,1.783347011,4.867789745,1
935,1201,1.796733379,3.45604372,1
935,1217,0.1445161104,4.894893646,1
935,1233,-2.322907448,3.989709377,1
935,1249,8.758320808,7.809853077,1
935,1265,1.812749028,1.4082129,1
935,1281,2.146204948,1.383179188,1
935,1297,6.179471016,0.6446087956,1
935,1313,5.955142021,0.4783978462,1
935,1329,9.440836906,0.7101836205,1
935,1345,4.037528038,0.7826281786,1
935,1361,1.488006592,2.728232145,1
935,1377,1.256651282,3.605643749,1
935,1393,4.441080093,-7.445952415,1
935,1409,2.03092432,-2.774808407,1
935,1425,0.997808218,-1.18342793,1
935,1441,0.3931375742,-0.6195653677,1
935,1457,0.1319462508,-0.6336855888,1
935,1473,0.1730970144,-0.1301628351,1
935,1489,0.2196754813,0.4824678302,1
935,1505,0.4055186212,-1.163491726,1
935,1521,0.5687229633,-2.177948952,1
935,1537,1.213166714,-0.3381842077,1
935,1553,1.054007053,-0.1123580933,1
935,1569,0.7845138311,0.3205959797,1
935,1585,2.746833801,9.165068626,1
935,1601,2.255107641,3.679149151,1
935,1617,0.7018174529,1.802139521,1
935,1633,3.553906441,0.3143986464,1
935,1649,-0.2045265436,0.6196741462,1
935,1665,-0.1106325537,1.654802084,1
935,1681,0.1622132957,0.6617783308,1
935,1697,-0.4764351249,0.8494186401,1
935,1713,-1.006324649,0.4413843155,1
935,1729,-1.73779273,0.2895268202,1
935,1745,-1.133560061,0.5447182655,1
935,1761,-0.3567792773,1.208632946,1
935,1777,0.1801369786,1.837575197,1
935,1793,0.7880678177,2.425595284,1
935,1809,0.2149510384,1.612427473,1
935,1825,0.2638221979,1.76614809,1
935,1841,-1.024896264,4.02212286,1
935,1857,0.4195032716,3.962440491,1
935,1873,0.8801883459,4.277192116,1
935,1889,1.433905363,4.108120441,1
935,1905,1.771185279,4.303867817,1
935,1921,2.235443115,4.951206207,1
935,1937,6.518073082,9.028499603,1
935,1953,7.132898331,5.656532764,1
935,1969,0.2342401743,2.608803749,1
935,1985,-0.8427621126,5.330632687,1
935,2001,-0.551970005,5.68360281,1
935,2017,0.2835444212,5.597696781,1
935,2033,-4.350584984,-3.556305885,1
951,17,-0.8419877291,-1.499753952,1
951,33,-2.322800159,-1.224087119,1
951,49,-2.828920841,-1.236390829,1
951,65,-3.199332476,-2.93720746,1
951,81,-2.532719135,-3.553200245,1
951,97,-1.562150717,-2.235637426,1
951,113,6.377370834,3.259299755,1
951,129,-1.701515198,-0.4886876643,1
951,145,-1.786138892,0.7880988121,1
951,161,-1.40608418,1.596375704,1
951,177,2.752742529,0.9560904503,1
951,193,2.163980484,8.807878494,1
951,209,4.893754959,7.49038887,1
951,225,2.862071514,1.875005007,1
951,241,0.5845285654,2.598546743,1
951,257,-0.3608139753,9.480728149,1
951,273,-6.478530884,-0.1405683756,1
951,289,-6.514461994,-3.323521614,1
951,305,2.426179886,-7.723999977,1
951,321,1.767646313,1.656204939,1
951,337,-0.4014282227,2.190754414,1
951,353,-1.184816837,0.5429577231,1
951,369,-1.211832166,0.5049183369,1
951,385,-0.612098515,0.92275846,1
951,401,-8.252826691,-3.289517164,1
951,417,-0.5639970303,2.245469332,1
951,433,0.2482896745,1.644632339,1
951,449,1.246721745,1.460296512,1
951,465,1.93431282,1.138702989,1
951,481,2.880209446,0.8733946085,1
951,497,2.417298079,1.293852687,1
951,513,1.10773015,0.626632452,1
951,529,0.7151004672,0.9859745502,1
951,545,0.7573136687,0.6103507876,1
951,561,0.6015173197,0.8037729263,1
951,577,0.018240273,1.152533889,1
951,593,3.262051105,-0.232059449,1
951,609,-0.5378016829,0.6762623787,1
951,625,-1.001481771,0.9475402832,1
951,641,-1.314354897,1.426859379,1
951,657,-2.347455025,3.557291031,1
951,673,-0.6327834129,1.387080312,1
951,689,-1.619457841,0.3555518389,1
951,705,-2.737458706,-0.8768228889,1
951,721,-1.218511105,0.01522612572,1
951,737,-0.8476493359,1.165396571,1
951,753,-0.9339154363,2.885540009,1
951,769,2.198302984,1.868673325,1
951,785,2.438591242,1.819581747,1
951,801,-1.076759934,1.31728363,1
951,817,-1.674351215,4.259970665,1
951,833,-1.91332221,4.072079182,1
951,849,-1.910808802,3.771418095,1
951,865,-1.863497615,5.292847633,1
951,881,-0.6127483845,4.871212006,1
951,897,0.2051795125,3.63016367,1
951,913,0.6159199476,3.712489605,1
951,929,0.9557750821,4.352056503,1
951,945,1.251144767,4.07602787,1
951,961,1.605853081,2.97270298,1
951,977,2.774185658,3.915566206,1
951,993,10.18985367,3.7111063,1
951,1009,3.433484554,-4.152463913,1
951,1025,0.3303416967,5.457181454,1
951,1041,1.086780906,9.215734482,1
951,1057,0.2666389942,6.01819706,1
951,1073,0.5952750444,6.353275299,1
951,1089,0.5083383322,5.825560093,1
951,1105,-6.465800285,8.805587769,1
951,1121,1.560934663,2.816058397,1
951,1137,1.559887648,2.551285028,1
951,1153,2.312817335,3.834886551,1
951,1169,2.085824251,4.874671459,1
951,1185,2.00638485,4.301878929,1
951,1201,-5.101331711,4.770095825,1
951,1217,0.6475596428,2.677322388,1
951,1233,0.9402358532,4.469798565,1
951,1249,6.413409233,9.199240685,1
951,1265,1.203430772,1.462653637,1
951,1281,1.590971708,1.091511488,1
951,1297,0.9819214344,0.4009432197,1
951,1313,0.5317713022,0.2861979306,1
951,1329,3.770093203,0.4450827241,1
951,1345,1.877295256,0.6291188002,1
951,1361,0.983361125,2.938026905,1
951,1377,0.4229398966,0.8717510104,1
951,1393,0.5041573644,-3.30802846,1
951,1409,0.4752809405,-2.172955275,1
951,1425,0.1330018938,-0.4309163392,1
951,1441,-0.3671256304,0.02744168043,1
951,1457,-0.7264646292,0.085725151,1
951,1473,-0.6533564925,0.2091333866,1
951,1489,-0.4671649337,0.4504700601,1
951,1505,0.08603742719,-0.01674441993,1
951,1521,-0.06929393113,-1.784477592,1
951,1537,0.506360352,-0.5994561911,1
951,1553,0.8583530784,-0.2321158499,1
951,1569,0.3287246227,0.5942848325,1
951,1585,-0.1013836265,8.871676445,1
951,1601,-0.9988598824,0.3574427366,1
951,1617,-3.061198473,-1.513417482,1
951,1633,-1.505821109,-2.500222683,1
951,1649,-2.735530615,-8.086420059,1
951,1665,-0.1987316459,2.126726866,1
951,1681,0.3715451956,0.808581233,1
951,1697,0.3614426851,0.9375713468,1
951,1713,0.9592413306,-0.3729289472,1
951,1729,0.6253416538,-0.6022877693,1
951,1745,2.071680069,-1.426749229,1
951,1761,2.507953882,-0.8782134056,1
951,1777,-7.293024063,5.926542759,1
951,1793,1.175779343,0.9225822687,1
951,1809,0.4517399073,0.768425107,1
951,1825,0.3835472465,1.405023575,1
951,1841,0.5989119411,4.660560608,1
951,1857,1.239794493,3.696275234,1
951,1873,2.21563983,4.254789352,1
951,1889,-0.2343615294,2.856286287,1
951,1905,0.7419041395,-0.7969441414,1
951,1921,1.886068583,4.628557205,1
951,1937,3.629364729,5.235753059,1
951,1953,4.270993233,4.920722485,1
951,1969,0.003595769405,3.131274223,1
951,1985,-1.505450726,4.523175716,1
951,2001,-1.162845612,4.815423489,1
951,2017,0.2286655456,6.968586445,1
951,2033,-4.365757942,3.119543076,1
967,17,0.006771028042,-1.292083502,1
967,33,-1.551805019,-1.053548098,1
967,49,-2.108834028,-0.4701378345,1
967,65,-2.377505779,-0.9979608059,1
967,81,-2.877352238,-0.6788963079,1
967,97,-1.458541512,-3.193018436,1
967,113,0.2115064859,-3.750353336,1
967,129,-2.886381626,-0.5253821015,1
967,145,-6.89858532,-1.316985846,1
967,161,2.182216406,1.875009298,1
967,177,3.235168457,2.932324409,1
967,193,-1.089391112,8.817890167,1
967,209,-0.9362450838,1.241995096,1
967,225,-0.1363134086,2.376387596,1
967,241,0.104475528,5.439292431,1
967,257,1.120275021,9.237874985,1
967,273,4.802052975,8.744686127,1
967,289,-7.302789688,-3.448415279,1
967,305,1.987529755,-7.457942009,1
967,321,1.264286637,8.954304695,1
967,337,0.9801692963,1.672309399,1
967,353,-0.04183673859,0.2942485809,1
967,369,-0.1662046909,1.212301016,1
967,385,-0.1708177328,1.224274397,1
967,401,-0.5033872128,1.328313947,1
967,417,-0.6461291313,2.170153141,1
967,433,0.2930364609,1.762976408,1
967,449,1.334009886,0.7921817303,1
967,465,1.40790534,0.8659380674,1
967,481,2.527956486,1.435234785,1
967,497,3.389631748,1.582341909,1
967,513,2.277982712,1.041050911,1
967,529,0.2546170354,1.251170635,1
967,545,-0.1011177301,0.9906283617,1
967,561,-0.3058643341,0.9863635302,1
967,577,-0.5474384427,2.808484077,1
967,593,0.11916399,8.694421768,1
967,609,-1.324774742,0.2627807558,1
967,625,-0.9514006972,0.1973444223,1
967,641,-0.8630868196,1.822726369,1
967,657,-1.231097817,3.378567934,1
967,673,-0.7940458059,1.744582772,1
967,689,-0.9342944622,-0.01529800892,1
967,705,-1.293474436,-0.8753697872,1
967,721,-1.25143075,0.8650823832,1
967,737,-1.155122519,1.501781583,1
967,753,-0.8902244568,2.054846525,1
967,769,7.232654095,-0.08028697968,1
967,785,-7.586582184,3.248586178,1
967,801,-1.621983409,1.628072023,1
967,817,-2.15322113,2.673107386,1
967,833,-3.519255161,3.284381866,1
967,849,-3.593532801,4.224695206,1
967,865,-2.738660574,4.145269394,1
967,881,-1.245697737,3.963234425,1
967,897,0.07922583818,3.922354221,1
967,913,0.3801742792,3.921097994,1
967,929,0.6081499457,4.16921711,1
967,945,1.14618504,4.135156631,1
967,961,1.175626278,4.522327423,1
967,977,1.410789013,4.472105026,1
967,993,-6.952161789,3.850326061,1
967,1009,0.9171439409,-3.217474461,1
967,1025,-1.771574736,4.562113762,1
967,1041,0.8586941957,10.61591434,1
967,1057,0.8353370428,5.493695259,1
967,1073,0.8336514235,2.325421333,1
967,1089,1.030588865,3.586063862,1
967,1105,-2.267307758,11.37786293,1
967,1121,1.931605339,2.386315346,1
967,1137,2.009803057,1.97597146,1
967,1153,1.845923901,3.605516911,1
967,1169,2.097157001,3.64514637,1
967,1185,3.759668827,2.342303753,1
967,1201,4.657700062,1.84175849,1
967,1217,2.597028017,1.770350695,1
967,1233,7.171483517,8.145530701,1
967,1249,-0.03878688812,0.703196764,1
967,1265,-0.3481720686,0.6098532677,1
967,1281,0.1312057376,0.7878855467,1
967,1297,-2.025469542,0.28901878,1
967,1313,-3.342665195,0.01688453555,1
967,1329,-1.149866819,1.876245975,1
967,1345,-0.3914464712,0.6314520836,1
967,1361,-0.09659922123,1.85977304,1
967,1377,-0.03165119886,0.1791387498,1
967,1393,-0.00491964817,-0.3310939074,1
967,1409,0.02886086702,-1.386917353,1
967,1425,-0.6770620346,-0.5180047154,1
967,1441,-1.242510796,0.1293655187,1
967,1457,-1.393710136,0.1327457577,1
967,1473,-1.131320715,-0.1388356686,1
967,1489,-0.788505435,0.2414936721,1
967,1505,-0.7693371177,0.144145444,1
967,1521,-0.9911999702,-0.2979602814,1
967,1537,-0.7724425197,-0.7861891985,1
967,1553,-0.2264043391,-0.2821723521,1
967,1569,-0.2634697556,1.556832433,1
967,1585,-1.358174443,1.837345839,1
967,1601,-1.524519563,-0.2546648383,1
967,1617,8.067941666,-2.928538084,1
967,1633,-1.047472239,-1.060229897,1
967,1649,1.445569992,0.005932688713,1
967,1665,0.716503799,0.5861133337,1
967,1681,0.458925724,0.9206219912,1
967,1697,0.8094201684,0.9016622901,1
967,1713,0.9191404581,-1.001928568,1
967,1729,1.055398226,0.09616208076,1
967,1745,3.719855309,8.847975731,1
967,1761,9.388230324,0.7009279728,1
967,1777,2.05570507,-0.2745125294,1
967,1793,1.169385791,-1.159451604,1
967,1809,-0.6960961223,1.194465876,1
967,1825,4.028511047,-5.59996891,1
967,1841,-0.9223505259,3.83179903,1
967,1857,1.742588997,1.548399448,1
967,1873,2.917682648,2.060107231,1
967,1889,6.995195389,9.748405457,1
967,1905,-0.3866337538,-2.449861526,1
967,1921,0.5339570045,6.270251274,1
967,1937,6.938481331,-1.99637413,1
967,1953,-3.566594124,11.80026627,1
967,1969,1.671428442,1.612229824,1
967,1985,-0.440513581,3.132436514,1
967,2001,-0.05183523893,-4.904872894,1
967,2017,0.1451120973,-4.015735626,1
967,2033,0.3390957117,7.627931595,1
983,17,7.49939537,0.7329740524,1
983,33,-1.569456577,-0.4551840127,1
983,49,-2.407354832,0.3441509902,1
983,65,-1.68946743,-0.7282580137,1
983,81,4.134707451,-7.181559086,1
983,97,-11.04261494,-1.449687243,1
983,113,-10.88703823,0.2504658699,1
983,129,-5.192224026,-0.3530679047,1
983,145,0.1491782665,2.896200895,1
983,161,1.472590446,3.379745722,1
983,177,-0.3449960947,2.515599966,1
983,193,-1.644738436,7.812794209,1
983,209,-2.066211939,1.579581499,1
983,225,-1.555369616,1.714046955,1
983,241,8.007451057,-1.50160408,1
983,257,7.922842026,-2.875466108,1
983,273,-0.9319580197,8.928787231,1
983,289,-2.235634089,5.304901123,1
983,305,3.540412664,1.747031331,1
983,321,-0.6730072498,1.924870253,1
983,337,2.191318989,0.9331282377,1
983,353,1.794450998,1.132782698,1
983,369,0.007441401482,1.465921283,1
983,385,-0.2786048353,1.446263194,1
983,401,-0.3124560118,1.904672265,1
983,417,-4.514580727,9.431947708,1
983,433,0.06568465382,2.125943184,1
983,449,0.49535954,4.185704708,1
983,465,1.728249907,1.402070045,1
983,481,10.39612675,0.8603755236,1
983,497,4.535766602,1.617393613,1
983,513,2.100769758,1.029415131,1
983,529,0.1914347708,0.958386898,1
983,545,-0.4196554422,0.7211608887,1
983,561,-0.871388495,1.43966186,1
983,577,-1.245797515,3.166866064,1
983,593,-2.282624245,0.725949645,1
983,609,-1.381155729,-1.014884472,1
983,625,-0.9871358275,-1.394296408,1
983,641,-0.3332497478,1.945601702,1
983,657,-0.4925795794,3.025181532,1
983,673,-0.08053958416,1.913291812,1
983,689,-1.259670973,1.399094701,1
983,705,-1.726328611,1.552004337,1
983,721,-1.406546474,1.921410561,1
983,737,-0.7776958942,2.76977706,1
983,753,-3.626091957,1.857806444,1
983,769,-2.683207035,2.792902708,1
983,785,-2.180895805,2.611595154,1
983,801,-1.616585255,0.8990690708,1
983,817,-1.971723795,1.487605095,1
983,833,-4.041343212,2.51589632,1
983,849,-4.227353096,3.326777697,1
983,865,-3.248860359,3.509702921,1
983,881,-2.117390156,4.043554306,1
983,897,-0.9907877445,3.687238693,1
983,913,-0.1387255937,3.349033356,1
983,929,0.4475369453,4.007140636,1
983,945,0.8692938089,4.468015194,1
983,961,1.01287961,4.748230934,1
983,977,0.9783177376,4.786128998,1
983,993,1.339577556,4.31601429,1
983,1009,1.281880617,4.378514767,1
983,1025,1.392770886,4.98349905,1
983,1041,1.250654459,6.714540005,1
983,1057,0.8376520872,5.928187847,1
983,1073,1.090623379,4.389885902,1
983,1089,1.719532728,1.446495533,1
983,1105,6.976137161,2.496971369,1
983,1121,2.68205142,-0.3403422832,1
983,1137,1.634430408,3.229242086,1
983,1153,1.041800141,3.785675764,1
983,1169,1.725910783,3.429650307,1
983,1185,3.996189833,0.2867920399,1
983,1201,4.822458267,-1.242548943,1
983,1217,2.598343134,1.087830067,1
983,1233,0.02278327942,1.934454441,1
983,1249,0.08135926723,1.001797795,1
983,1265,9.545183182,-0.7618491054,1
983,1281,-2.45845437,0.3369261622,1
983,1297,-3.679213047,-0.134378776,1
983,1313,-2.71762681,-0.2160437256,1
983,1329,-2.767624617,1.495997906,1
983,1345,-2.307238579,0.5075364709,1
983,1361,-1.067605138,0.03973022848,1
983,1377,0.373799026,-0.0821249187,1
983,1393,0.5217502713,-0.7489693761,1
983,1409,-0.03867278248,-0.01917019486,1
983,1425,-0.9481030703,-0.1851795316,1
983,1441,-1.532379985,-0.2104977071,1
983,1457,-1.748521328,1.788411617,1
983,1473,-1.509040117,-0.6136953831,1
983,1489,-0.9384405613,-0.1086233556,1
983,1505,-0.9911836386,-0.06188416481,1
983,1521,-1.772817612,-0.4502696991,1
983,1537,-1.525784016,-0.6631712914,1
983,1553,-0.2818902731,-1.99367249,1
983,1569,0.1955035925,0.9616670609,1
983,1585,5.571975231,-5.221895218,1
983,1601,-0.5207695961,-0.09880149364,1
983,1617,1.671378016,0.3280576468,1
983,1633,5.299928188,-2.443109751,1
983,1649,2.329197407,-1.448301077,1
983,1665,0.8061897755,0.004881322384,1
983,1681,0.7443091273,6.078007698,1
983,1697,0.7167905569,0.8191117048,1
983,1713,1.190562963,-8.068426132,1
983,1729,6.369130135,-5.787384987,1
983,1745,4.007251263,8.253316879,1
983,1761,1.680156112,1.379470825,1
983,1777,3.007872581,0.7202763557,1
983,1793,3.009464741,1.014929652,1
983,1809,1.498653769,-6.901997566,1
983,1825,6.100021839,-5.764561176,1
983,1841,0.6795036793,2.481060266,1
983,1857,1.599669099,2.032183647,1
983,1873,1.785418272,2.691937447,1
983,1889,0.3283212185,5.873597622,1
983,1905,0.299462378,9.010708809,1
983,1921,0.2083421946,6.975484848,1
983,1937,1.519149065,4.018391132,1
983,1953,-1.430301189,-4.946521759,1
983,1969,1.11135006,1.14490366,1
983,1985,0.007362663746,2.5081954,1
983,2001,-2.798505783,11.99666977,1
983,2017,-6.312403202,10.87918758,1
983,2033,-6.92301321,11.36669922,1
999,17,-3.366843939,-2.009284735,1
999,33,-1.824781299,0.5386078358,1
999,49,-1.256539583,0.422219336,1
999,65,-1.049558401,-0.3895919323,1
999,81,-1.01459384,-1.320600271,1
999,97,-1.426376343,-2.446258307,1
999,113,-3.129683018,-2.184634209,1
999,129,-1.910185933,-0.4246976972,1
999,145,-9.962593079,1.704647779,1
999,161,-9.769351006,0.1885336637,1
999,177,-7.261850357,-4.533802986,1
999,193,-1.008839965,6.439249516,1
999,209,7.656703949,6.707178593,1
999,225,0.06590083241,-2.089490652,1
999,241,4.078325748,-4.713057518,1
999,257,-4.477981091,9.39422226,1
999,273,-1.30413413,4.312135696,1
999,289,-2.043826818,4.966545105,1
999,305,-3.949296951,8.941135406,1
999,321,0.9680348635,0.8904551268,1
999,337,0.9608098865,1.19628787,1
999,353,1.257668972,0.2333090305,1
999,369,-0.275811553,1.236341715,1
999,385,-0.05924880505,1.517802596,1
999,401,5.111985207,4.820303917,1
999,417,-4.819391727,9.426075935,1
999,433,-6.566101074,-3.752393246,1
999,449,-6.717113495,-2.486281872,1
999,465,-0.02599489689,1.808823109,1
999,481,1.496105552,1.832218409,1
999,497,1.641187429,1.719217539,1
999,513,-1.734126925,-0.7054934502,1
999,529,-2.367165804,-2.902929783,1
999,545,-1.477833867,0.3167345524,1
999,561,-1.173454404,0.9176750183,1
999,577,-1.392088175,1.966928482,1
999,593,-1.706283331,0.780074954,1
999,609,-1.191005468,0.2168415487,1
999,625,-0.05736911297,0.3796514273,1
999,641,1.246636271,1.345335007,1
999,657,-0.7392888069,2.021670818,1
999,673,-1.878302217,1.403303623,1
999,689,-1.655801177,1.717431307,1
999,705,-1.772284746,2.429750681,1
999,721,-1.890361547,3.144467354,1
999,737,-1.166137934,4.519358635,1
999,753,-4.146884918,2.485338926,1
999,769,-3.310716152,1.978858232,1
999,785,-2.347561598,1.733740091,1
999,801,6.90829277,5.599865437,1
999,817,6.636904716,5.572408199,1
999,833,-3.378412724,1.868964911,1
999,849,-3.130856752,1.771762848,1
999,865,-2.250334263,2.452080011,1
999,881,-1.940767765,4.015501022,1
999,897,-1.082671404,3.56768918,1
999,913,0.1709898114,1.184635401,1
999,929,-0.07527703047,3.892391205,1
999,945,0.2537674904,5.023617744,1
999,961,0.3986958265,5.075676441,1
999,977,0.03710389137,5.761589527,1
999,993,1.051237941,4.937094688,1
999,1009,2.036176682,4.700119972,1
999,1025,1.810008407,5.26636076,1
999,1041,0.3290156126,8.472131729,1
999,1057,-1.296682835,6.907853127,1
999,1073,0.1105363369,5.099254608,1
999,1089,0.8260882497,3.887825012,1
999,1105,1.031374454,3.932051182,1
999,1121,3.903244257,3.899296284,1
999,1137,2.34830904,3.981396675,1
999,1153,0.6989737749,3.714333773,1
999,1169,2.790201426,3.271854639,1
999,1185,4.498186111,0.006903171539,1
999,1201,4.662175655,-0.8126752377,1
999,1217,-2.932693005,-6.230733395,1
999,1233,0.6063822508,10.13703442,1
999,1249,-3.677101612,-6.375610828,1
999,1265,-7.13779068,-0.9291356206,1
999,1281,-8.39418602,0.393129319,1
999,1297,-8.975495338,-0.1153336018,1
999,1313,-0.8016163111,-0.4331068099,1
999,1329,-2.346536636,-0.4921006858,1
999,1345,-0.4355807006,-1.041638374,1
999,1361,0.02858620882,-0.5655623674,1
999,1377,0.2178584337,-8.981695175,1
999,1393,0.354208827,-0.848115325,1
999,1409,-0.2720143795,0.1163058877,1
999,1425,-0.7161169052,-0.1412564814,1
999,1441,-0.988237381,-0.1461172402,1
999,1457,-0.8867898583,2.430706263,1
999,1473,-0.8755198717,-0.4534575939,1
999,1489,-0.6665278673,-2.375233412,1
999,1505,-0.8630788326,-0.8319857121,1
999,1521,-1.528297186,1.569945931,1
999,1537,-1.857835531,-0.3223945498,1
999,1553,-1.391851068,-0.5508276224,1
999,1569,-0.4159187675,1.13201642,1
999,1585,-0.54785496,-2.977813005,1
999,1601,-0.971852541,-1.836794019,1
999,1617,-0.5411076546,2.212995768,1
999,1633,7.954386234,-0.09974638373,1
999,1649,5.753197193,-6.468785763,1
999,1665,0.5115209222,-0.7673324943,1
999,1681,1.265550375,7.617241859,1
999,1697,-3.627518654,8.065695763,1
999,1713,0.6248078346,-7.887362957,1
999,1729,0.9737073183,-2.687648535,1
999,1745,1.016745329,9.109918594,1
999,1761,0.9148755074,8.197021484,1
999,1777,3.428834915,0.8831655979,1
999,1793,3.929873466,1.037083864,1
999,1809,3.775420427,-6.98531723,1
999,1825,7.793821335,-5.685666084,1
999,1841,5.568320274,2.15437007,1
999,1857,10.33868027,3.164884567,1
999,1873,9.722348213,3.645444155,1
999,1889,0.8490353823,5.767754078,1
999,1905,-2.47245121,9.200601578,1
999,1921,2.424465179,3.123477936,1
999,1937,2.995522499,3.927062988,1
999,1953,0.1843421459,3.253153563,1
999,1969,-0.4699441791,2.214822054,1
999,1985,6.217999458,9.937763214,1
999,2001,2.276166439,-1.076478958,1
999,2017,5.811749458,-3.251293659,1
999,2033,-5.52733469,9.960677147,1
1015,17,-1.047072649,1.409394503,1
1015,33,-1.421159267,2.623008966,1
1015,49,-1.070587993,1.11636126,1
1015,65,-1.787102818,-0.135443002,1
1015,81,-2.333231688,-1.138547063,1
1015,97,-3.081628323,-1.176632643,1
1015,113,-4.332808495,-1.731415987,1
1015,129,-1.860749841,-0.7183158398,1
1015,145,-8.23707962,2.071316481,1
1015,161,5.100147247,-6.125812531,1
1015,177,-0.5685219169,4.545817375,1
1015,193,0.03071559221,1.396339178,1
1015,209,-6.539897442,-4.178552151,1
1015,225,3.280664206,4.155874252,1
1015,241,2.022265196,-0.7630015612,1
1015,257,-0.3227390647,2.602865934,1
1015,273,-1.246995807,3.069462776,1
1015,289,-2.273426533,-7.23384285,1
1015,305,-6.582946301,6.29997921,1
1015,321,0.724013567,0.8929162025,1
1015,337,-5.378230572,6.875689507,1
1015,353,0.3693136275,-0.4582300186,1
1015,369,-0.3091943562,1.299618483,1
1015,385,-0.1135341525,1.334863901,1
1015,401,0.1770279258,2.081903458,1
1015,417,0.1193591952,1.888050318,1
1015,433,-0.1092895269,2.284533501,1
1015,449,7.349339962,-1.099049807,1
1015,465,-1.971803665,2.321134806,1
1015,481,-3.317591667,0.706810236,1
1015,497,-2.484843731,0.5737514496,1
1015,513,-1.470882773,0.7993514538,1
1015,529,7.673535824,-0.972541213,1
1015,545,-2.125606775,-0.05014276505,1
1015,561,-1.729087234,1.096481919,1
1015,577,6.455746651,-3.275246382,1
1015,593,-1.088095427,0.9269559383,1
1015,609,-0.8098965287,0.7918133736,1
1015,625,1.045565009,0.8252337575,1
1015,641,0.1938042045,0.9204051495,1
1015,657,7.055363178,-2.233524084,1
1015,673,-1.179567575,0.8023687601,1
1015,689,-0.9665516615,-0.5097159147,1
1015,705,-1.625671506,2.021167755,1
1015,721,-2.024739027,3.534076214,1
1015,737,-2.488044024,3.693913221,1
1015,753,-2.564226866,3.786850691,1
1015,769,-2.28717947,1.722354174,1
1015,785,-2.55568552,2.343368292,1
1015,801,-2.976611614,2.979523659,1
1015,817,-3.432944298,3.638200045,1
1015,833,-2.063613176,2.445670605,1
1015,849,-1.835700274,3.163914204,1
1015,865,-2.588461399,3.197501421,1
1015,881,-1.838215709,3.554846525,1
1015,897,-0.8361655474,3.691760302,1
1015,913,-0.02763724327,2.649662971,1
1015,929,-0.2684314847,3.798849106,1
1015,945,-0.2057743967,4.278742313,1
1015,961,1.014181137,5.347678661,1
1015,977,1.339952111,5.973727703,1
1015,993,1.599165678,4.710398197,1
1015,1009,1.620128393,4.443531513,1
1015,1025,1.220519066,-2.745112896,1
1015,1041,0.7270650864,7.892318726,1
1015,1057,-0.003160238266,7.859409332,1
1015,1073,-0.1119553745,5.642432213,1
1015,1089,-1.513495326,-2.427800655,1
1015,1105,2.886921406,13.2633028,1
1015,1121,1.29431355,5.176711082,1
1015,1137,1.397996664,4.327697277,1
1015,1153,1.467146635,4.190149784,1
1015,1169,2.135948896,3.274977446,1
1015,1185,3.397161007,2.743140697,1
1015,1201,5.870422363,4.896447182,1
1015,1217,3.408084869,4.766426086,1
1015,1233,1.150853872,9.916998863,1
1015,1249,-4.080422401,-6.494067192,1
1015,1265,0.003982082009,0.8158195019,1
1015,1281,-0.4133596122,0.4144765139,1
1015,1297,-1.084033489,0.001502752304,1
1015,1313,-0.9103601575,-0.5583790541,1
1015,1329,-1.829641223,-0.5340306163,1
1015,1345,-6.230810642,-2.090771914,1
1015,1361,-0.4315395355,-0.5034236908,1
1015,1377,-0.2763392329,-0.08771011233,1
1015,1393,-5.122600555,-3.076133013,1
1015,1409,-4.672638416,7.502130508,1
1015,1425,-0.1826048493,-0.2798589468,1
1015,1441,-0.1547993124,-0.036551103,1
1015,1457,-0.2861011922,-0.05573645234,1
1015,1473,-0.2770209312,-0.671903491,1
1015,1489,-0.5994867682,-3.072553158,1
1015,1505,-1.157986641,-2.427685261,1
1015,1521,-1.835041046,1.833971977,1
1015,1537,-2.322593689,0.7457766533,1
1015,1553,-1.609677434,1.438741922,1
1015,1569,-0.6095250249,2.13279438,1
1015,1585,0.5531721711,2.588711977,1
1015,1601,3.075713634,2.177686691,1
1015,1617,-0.4287636578,1.58330071,1
1015,1633,-1.183720112,0.2526471019,1
1015,1649,-0.8342752457,-0.1122417077,1
1015,1665,0.390389204,-1.116348505,1
1015,1681,1.046005011,9.054430008,1
1015,1697,1.05222559,-7.981532097,1
1015,1713,1.140245318,-0.8294396996,1
1015,1729,-5.027535915,-4.855447769,1
1015,1745,-2.825354099,0.3434967995,1
1015,1761,4.651204586,0.2896402478,1
1015,1777,-4.254545212,6.69738245,1
1015,1793,3.932952404,1.112270236,1
1015,1809,2.046660423,-5.97576189,1
1015,1825,5.841137886,-6.900816917,1
1015,1841,4.795298576,2.226825237,1
1015,1857,2.226238966,3.174224854,1
1015,1873,2.164088249,3.988081217,1
1015,1889,8.512769699,-0.4020962715,1
1015,1905,-0.241843164,6.435420036,1
1015,1921,-0.1094741821,5.722313404,1
1015,1937,0.8249521255,10.40113831,1
1015,1953,0.6582323313,2.304747343,1
1015,1969,0.321836412,1.925805807,1
1015,1985,-0.2327115536,2.68554163,1
1015,2001,0.3693369627,0.8262243271,1
1015,2017,-8.830288887,-1.365706205,1
1015,2033,9.132044792,2.386704445,1
1031,17,-5.352496147,0.6981306672,1
1031,33,-2.73064971,1.940010428,1
1031,49,-1.911067963,1.907974005,1
1031,65,-2.970620394,-1.187358022,1
1031,81,-3.062735558,-3.238217831,1
1031,97,-3.596793175,-3.010567665,1
1031,113,-6.708281517,-0.9218009114,1
1031,129,-2.115020514,-0.9493430853,1
1031,145,-0.9544590712,0.572692275,1
1031,161,-0.1699807644,1.101514459,1
1031,177,1.470245957,4.717658043,1
1031,193,0.1762176752,0.8137283325,1
1031,209,0.5942863226,0.7673461437,1
1031,225,3.296170235,4.880984306,1
1031,241,-5.88061142,6.472458363,1
1031,257,5.104758739,-1.097597361,1
1031,273,5.724848747,8.569730759,1
1031,289,9.148667336,-2.839393377,1
1031,305,6.931412697,1.797313333,1
1031,321,4.298766613,2.172102213,1
1031,337,2.48767066,1.282451034,1
1031,353,1.512028694,1.042115927,1
1031,369,0.3651057482,1.630860448,1
1031,385,4.066701412,-4.58900547,1
1031,401,-0.5732889771,2.404788971,1
1031,417,-0.7141629457,2.838918686,1
1031,433,-0.9441194534,3.180977821,1
1031,449,-3.133592844,4.072605133,1
1031,465,-3.201417208,3.474442005,1
1031,481,-2.423828602,2.685415745,1
1031,497,-2.274287224,2.031490326,1
1031,513,-1.80458653,1.957487583,1
1031,529,-2.295332909,1.6087749,1
1031,545,-2.037318707,0.08978128433,1
1031,561,4.164125919,8.142062187,1
1031,577,-1.372902036,1.984624982,1
1031,593,-0.491964817,0.7927925587,1
1031,609,-0.7055056095,0.5890016556,1
1031,625,7.187700748,3.556805849,1
1031,641,-1.003882527,1.732786179,1
1031,657,0.4374732375,0.3136973977,1
1031,673,0.2119207382,0.7903001904,1
1031,689,-0.08726680279,-0.9917621613,1
1031,705,-1.501919031,1.7194345,1
1031,721,-2.077227116,3.401910067,1
1031,737,-2.293919563,3.566940069,1
1031,753,-2.149775982,4.487563133,1
1031,769,-2.947262049,4.792305946,1
1031,785,-3.109594822,3.434187651,1
1031,801,-3.135690689,3.617871284,1
1031,817,-3.027427197,5.230469227,1
1031,833,-2.668603897,4.944844723,1
1031,849,-1.424632311,4.694077492,1
1031,865,-1.672981858,4.544499874,1
1031,881,-1.846908808,4.200145721,1
1031,897,-1.443248391,3.777098656,1
1031,913,-7.441332817,9.927001953,1
1031,929,-0.06595000625,4.67169714,1
1031,945,-0.0929941833,4.839356422,1
1031,961,0.6958479285,5.34502697,1
1031,977,1.711066723,5.500335217,1
1031,993,8.88874054,0.4757676125,1
1031,1009,9.614429474,1.954957962,1
1031,1025,-4.483925343,1.393327236,1
1031,1041,4.325904369,7.489943504,1
1031,1057,1.738618612,6.74183321,1
1031,1073,0.7943623066,5.360494614,1
1031,1089,0.5284075737,3.385400295,1
1031,1105,4.68656826,13.1052227,1
1031,1121,1.13677299,6.225414276,1
1031,1137,-1.35900569,4.31096077,1
1031,1153,0.2959017754,3.85260272,1
1031,1169,0.7690708637,3.339696884,1
1031,1185,2.973243952,3.371916056,1
1031,1201,-6.637825966,-1.948961973,1
1031,1217,2.75467062,4.529425621,1
1031,1233,2.526344299,3.785082579,1
1031,1249,0.6025372148,0.9123746753,1
1031,1265,-0.1375975013,0.5457420349,1
1031,1281,-0.6073104143,0.08405181766,1
1031,1297,-0.8730306029,-0.6749201417,1
1031,1313,-0.5601166487,-0.6555572152,1
1031,1329,-0.5165320635,-0.4697251618,1
1031,1345,-6.106380939,-1.187837362,1
1031,1361,-5.576770782,-0.9794653654,1
1031,1377,-0.4000945091,1.169886827,1
1031,1393,-2.284436226,-2.581790447,1
1031,1409,7.554546356,3.854391813,1
1031,1425,4.77546978,-7.901442051,1
1031,1441,-5.046730042,7.549782276,1
1031,1457,-1.221736431,-0.5211430788,1
1031,1473,-1.232192159,-1.039859176,1
1031,1489,-0.2596042156,-1.257066131,1
1031,1505,-1.142916083,-1.379704475,1
1031,1521,-3.605544329,-1.746871948,1
1031,1537,-2.07568121,-2.107517958,1
1031,1553,-0.02646923065,0.3364681602,1
1031,1569,0.9557765126,2.14983201,1
1031,1585,1.10261488,2.398097038,1
1031,1601,0.01813399792,1.941351891,1
1031,1617,-1.334116578,1.104767084,1
1031,1633,-1.576627493,-0.003451123834,1
1031,1649,5.823727131,6.705130577,1
1031,1665,-5.596089363,-0.134357214,1
1031,1681,-5.413160324,-0.5795193315,1
1031,1697,-4.602081776,-0.5960499644,1
1031,1713,-2.70858717,1.355757952,1
1031,1729,6.361081123,-7.004270077,1
1031,1745,0.9435199499,-0.9545278549,1
1031,1761,3.614949226,1.694331765,1
1031,1777,9.275531769,5.536327362,1
1031,1793,2.435315609,1.717367887,1
1031,1809,3.305087805,1.108716488,1
1031,1825,2.609357595,2.937942982,1
1031,1841,4.570061684,2.207623005,1
1031,1857,2.394122601,3.248329639,1
1031,1873,1.938763499,3.871165276,1
1031,1889,2.213383913,4.212640762,1
1031,1905,0.0131111145,5.89764595,1
1031,1921,0.4804440737,5.324791431,1
1031,1937,6.494441032,4.821433067,1
1031,1953,8.031641006,5.926057816,1
1031,1969,-2.658548832,5.881606102,1
1031,1985,-0.2506183386,2.335389614,1
1031,2001,2.81757617,-0.04723882675,1
1031,2017,6.790852547,-0.04076385498,1
1031,2033,0.1062498093,0.06526422501,1
1047,17,-4.955716133,0.5637816191,1
1047,33,-2.649153233,-0.2714982629,1
1047,49,-2.103828907,-1.202221274,1
1047,65,-3.682984352,-8.205071449,1
1047,81,-3.192635298,-4.565975189,1
1047,97,-5.401493549,7.850157738,1
1047,113,-3.84639883,-0.6203672886,1
1047,129,-1.922385454,-0.8022550344,1
1047,145,-1.049703836,0.5810195804,1
1047,161,-0.4650671184,0.5881478786,1
1047,177,-1.201518655,-1.297673464,1
1047,193,0.2170030177,0.6338930726,1
1047,209,0.5532819629,0.9066762328,1
1047,225,0.6907833219,0.5636977553,1
1047,241,0.15369156,-1.916104317,1
1047,257,5.077408314,8.156136513,1
1047,273,8.079098701,-1.60844183,1
1047,289,1.502556205,2.381301403,1
1047,305,3.10962534,2.324248314,1
1047,321,3.811834812,2.564610004,1
1047,337,2.880130053,1.690922379,1
1047,353,1.88704443,-0.5965291262,1
1047,369,0.5692899227,4.824920654,1
1047,385,-0.6659826636,-6.377255917,1
1047,401,-1.775143862,3.119236231,1
1047,417,-1.568402648,4.434971333,1
1047,433,-2.205310822,5.276826382,1
1047,449,-3.169968843,4.574831486,1
1047,465,-3.28441596,4.496382236,1
1047,481,-3.408896923,2.948377609,1
1047,497,-3.258766651,2.401856184,1
1047,513,-1.832658052,2.250628471,1
1047,529,-1.434393406,2.044817209,1
1047,545,-8.460796356,-4.256443024,1
1047,561,-10.4472599,-0.2128919363,1
1047,577,-2.546985626,1.829895854,1
1047,593,-2.333142996,1.619494796,1
1047,609,-1.891027093,2.186423063,1
1047,625,6.891456127,3.217643499,1
1047,641,-2.646856546,2.868419647,1
1047,657,-0.8462071419,0.7165780067,1
1047,673,-0.286699146,0.6414746046,1
1047,689,2.853715897,1.177807093,1
1047,705,-5.154316902,8.29871273,1
1047,721,-3.363201141,5.579676628,1
1047,737,-6.384057045,-3.224902153,1
1047,753,-2.182413101,4.688466072,1
1047,769,-2.605437279,3.370055676,1
1047,785,-2.814696074,3.59863162,1
1047,801,-2.370166779,-4.99594593,1
1047,817,-3.733263731,12.57450581,1
1047,833,-2.291054249,4.738282681,1
1047,849,-1.216301203,4.174421787,1
1047,865,-1.197162628,4.959647179,1
1047,881,-1.89306283,5.771724224,1
1047,897,-1.060274482,4.880450726,1
1047,913,-1.105596781,5.21227026,1
1047,929,-0.8709757924,5.279035091,1
1047,945,-1.445507646,5.516188622,1
1047,961,0.4694660008,5.345420361,1
1047,977,1.615383387,6.240454674,1
1047,993,8.807992935,0.7988715172,1
1047,1009,2.973593235,5.069202423,1
1047,1025,2.721179724,4.977291107,1
1047,1041,7.480602264,7.802656174,1
1047,1057,1.958433867,5.116465569,1
1047,1073,2.10671401,4.571599483,1
1047,1089,0.9411044121,5.405621052,1
1047,1105,0.9302178621,6.021233082,1
1047,1121,0.8417031765,5.856938362,1
1047,1137,-0.206004262,4.122298717,1
1047,1153,0.0866817832,3.136132956,1
1047,1169,0.1578087509,2.717980385,1
1047,1185,0.314447552,2.142727137,1
1047,1201,0.2428486943,1.427388549,1
1047,1217,0.2989365458,0.9039410353,1
1047,1233,0.4859383106,0.6871606708,1
1047,1249,0.2082339227,0.7715032697,1
1047,1265,-0.2828392386,0.3117893338,1
1047,1281,-0.8454036713,-0.2004403919,1
1047,1297,-0.9828513265,-0.5219332576,1
1047,1313,-7.41858387,-0.3563936353,1
1047,1329,-5.973168373,-1.649886608,1
1047,1345,1.835908175,7.10703373,1
1047,1361,-6.974397182,-1.579193234,1
1047,1377,0.2099559903,-0.4784761667,1
1047,1393,0.06499812007,-0.08558195829,1
1047,1409,-8.950648308,-0.1164492965,1
1047,1425,4.71846962,-8.09764576,1
1047,1441,-0.5896923542,-0.1756415963,1
1047,1457,-1.723011971,0.5317980051,1
1047,1473,0.09250872582,-0.8800647259,1
1047,1489,0.2245701849,-1.280327678,1
1047,1505,-0.3692582846,-1.474500775,1
1047,1521,-1.722536564,-1.240839958,1
1047,1537,-0.4708845615,-2.519659996,1
1047,1553,0.8642300367,-0.09775160253,1
1047,1569,0.5204567909,-0.1400045156,1
1047,1585,-0.2703948617,1.329010725,1
1047,1601,-0.6278470755,1.718587875,1
1047,1617,-0.7211896777,0.8432915211,1
1047,1633,-0.3019836843,-0.2573619485,1
1047,1649,1.085725904,-1.237410188,1
1047,1665,-0.4637316465,0.3885754943,1
1047,1681,6.6301651,5.744215488,1
1047,1697,-2.184692144,1.170911193,1
1047,1713,-1.911691904,2.025574446,1
1047,1729,-1.441215038,1.178237915,1
1047,1745,-0.6344101429,0.9212620258,1
1047,1761,1.582007885,1.089853287,1
1047,1777,0.6390352249,0.8444782495,1
1047,1793,1.036134005,1.448925257,1
1047,1809,2.399196386,1.3893466,1
1047,1825,2.043824673,1.661462307,1
1047,1841,0.0390856266,0.9433543682,1
1047,1857,1.065490961,2.332216978,1
1047,1873,1.107104897,2.804033756,1
1047,1889,2.204372883,3.399841309,1
1047,1905,1.736240029,2.11102581,1
1047,1921,1.465818763,4.465091228,1
1047,1937,1.645638466,3.566487312,1
1047,1953,1.600779891,2.837338924,1
1047,1969,1.160856009,4.159095287,1
1047,1985,-3.827857018,-4.587730408,1
1047,2001,9.44006443,0.9730079174,1
1047,2017,9.409816742,1.292937517,1
1047,2033,-0.7426296473,-6.881429195,1
1063,17,-2.783515215,0.5497756004,1
1063,33,-2.780926228,-0.6713017821,1
1063,49,-2.881918669,-1.698052645,1
1063,65,-4.453076363,-0.4290314913,1
1063,81,3.623972893,5.163144588,1
1063,97,-4.343980789,-1.21031642,1
1063,113,-3.579791307,-0.2489802837,1
1063,129,-1.497800112,-0.7838066816,1
1063,145,6.773008347,4.985168457,1
1063,161,0.1786048114,1.58104825,1
1063,177,0.3882111013,1.204171658,1
1063,193,0.4493538141,1.031911373,1
1063,209,0.8838587999,0.5002584457,1
1063,225,-0.3496479392,-0.2858793736,1
1063,241,-0.6138048768,1.24859643,1
1063,257,-7.814492226,-4.682985306,1
1063,273,0.6390441656,-6.399662018,1
1063,289,0.49698627,1.777289748,1
1063,305,2.461804867,2.417700052,1
1063,321,3.081428051,2.605553865,1
1063,337,1.911737561,2.308380842,1
1063,353,0.7529982328,2.162190437,1
1063,369,0.3274210095,5.468055725,1
1063,385,-0.5548610687,11.54392624,1
1063,401,-2.883525133,3.179263115,1
1063,417,-2.067771673,5.143449306,1
1063,433,-2.474803448,8.623596191,1
1063,449,-3.066036463,5.209579468,1
1063,465,-2.682452917,5.201929569,1
1063,481,-3.511891365,2.850059271,1
1063,497,-3.243033886,2.83969903,1
1063,513,-2.784321308,2.479061365,1
1063,529,-8.532249451,8.721363068,1
1063,545,-2.632974148,2.112203121,1
1063,561,-6.401176453,0.8311109543,1
1063,577,-2.866398811,1.586611032,1
1063,593,-2.560356617,1.790271997,1
1063,609,-2.164246798,3.324966908,1
1063,625,-1.138744831,2.611323595,1
1063,641,-1.164532423,2.134884834,1
1063,657,-0.8447180986,0.7129280567,1
1063,673,-0.7331053615,0.4080340266,1
1063,689,0.3836481571,0.5557868481,1
1063,705,0.5761579275,1.016779304,1
1063,721,-3.409574986,5.990198612,1
1063,737,4.45273304,8.726493835,1
1063,753,-1.203098774,2.99845171,1
1063,769,-1.783796072,2.310320139,1
1063,785,-2.408358812,2.347552299,1
1063,801,-0.1563456059,2.727626324,1
1063,817,-0.2643711567,4.024501801,1
1063,833,-2.04216671,4.409137249,1
1063,849,-1.222968102,4.910778046,1
1063,865,-1.250822783,5.094448566,1
1063,881,-1.366892219,5.573750496,1
1063,897,-0.7889107466,5.819140434,1
1063,913,-0.7306841612,5.431254387,1
1063,929,-1.070505142,5.290694237,1
1063,945,-0.9724360704,5.294507504,1
1063,961,-0.1744534969,5.541353703,1
1063,977,-0.7481516004,7.052785397,1
1063,993,0.8970983028,4.152084351,1
1063,1009,2.277187824,4.428614616,1
1063,1025,2.159534931,5.673061848,1
1063,1041,1.183544636,7.13493824,1
1063,1057,1.382052422,5.54741621,1
1063,1073,2.289784193,4.669921875,1
1063,1089,1.600944519,5.206309319,1
1063,1105,1.683350325,6.029654503,1
1063,1121,1.924455881,5.420738697,1
1063,1137,0.5865460634,3.639555216,1
1063,1153,0.1833176613,2.739682913,1
1063,1169,0.6106346846,1.854882717,1
1063,1185,0.7811564803,1.914766073,1
1063,1201,0.7797129154,2.107725143,1
1063,1217,0.5303964019,0.9597561359,1
1063,1233,0.3598456979,0.7079660892,1
1063,1249,0.2663345337,0.8676938415,1
1063,1265,0.1076352596,-0.07910779119,1
1063,1281,-0.577753365,-0.576197803,1
1063,1297,-1.753471971,-0.1477056146,1
1063,1313,-2.854628563,0.001019150019,1
1063,1329,-6.079251766,-1.754655242,1
1063,1345,0.3843000531,3.751218081,1
1063,1361,3.577814102,-1.77175808,1
1063,1377,3.244216681,-1.850662708,1
1063,1393,-0.2018840313,2.373856068,1
1063,1409,5.263476849,-6.900990009,1
1063,1425,0.9903133512,0.09455484152,1
1063,1441,-1.700877428,-0.3627364635,1
1063,1457,-2.008337498,0.6413074732,1
1063,1473,8.556423187,1.841305852,1
1063,1489,-0.08233182132,-1.108491421,1
1063,1505,-0.2268647552,-2.014798403,1
1063,1521,-0.14255476,-1.291875362,1
1063,1537,0.03869235516,-0.9125459194,1
1063,1553,0.5044548512,-0.4566448927,1
1063,1569,1.302145958,-1.864833117,1
1063,1585,1.48776114,-1.012706995,1
1063,1601,3.063796282,4.753232956,1
1063,1617,0.8851143718,1.544184446,1
1063,1633,0.4836876392,-0.8313188553,1
1063,1649,1.152742505,-1.605037212,1
1063,1665,-7.057649612,-2.511120319,1
1063,1681,6.524142265,-4.294028759,1
1063,1697,1.850052834,0.2425724864,1
1063,1713,1.683906078,1.488750815,1
1063,1729,1.459890366,0.7357690334,1
1063,1745,3.24299264,-0.8594548106,1
1063,1761,3.334065437,0.6447094083,1
1063,1777,2.046190262,0.9003020525,1
1063,1793,2.302715778,1.081415415,1
1063,1809,2.233626127,1.409453869,1
1063,1825,1.351734877,1.315407753,1
1063,1841,5.127866745,-5.47395277,1
1063,1857,-0.5890129805,0.5593519211,1
1063,1873,0.4346213341,1.103935242,1
1063,1889,2.26483345,1.998805285,1
1063,1905,0.2233643532,2.69260478,1
1063,1921,1.684907198,3.04479599,1
1063,1937,2.077429295,1.456777573,1
1063,1953,2.427284718,2.458227634,1
1063,1969,-4.273154259,9.407466888,1
1063,1985,1.326256275,2.593035221,1
1063,2001,0.7688755989,3.164250374,1
1063,2017,0.9958875775,2.498011112,1
1063,2033,0.912715435,2.782410145,1
1079,17,3.695239305,0.30993402,1
1079,33,-3.370703459,-0.6854554415,1
1079,49,-3.858675241,-0.8290038705,1
1079,65,-4.283015251,1.535348773,1
1079,81,-3.551353455,0.9137921929,1
1079,97,-2.235537291,-0.2559476197,1
1079,113,-1.898823261,-0.001686118543,1
1079,129,-1.070242763,0.1870238185,1
1079,145,-0.8786121607,0.332804203,1
1079,161,-0.7059714794,1.408857703,1
1079,177,-0.8907300234,2.269635439,1
1079,193,-1.113977194,2.121972084,1
1079,209,-1.137636781,0.6928218603,1
1079,225,-1.08686924,0.5911978483,1
1079,241,-1.887719989,0.8048795462,1
1079,257,-0.2811995149,-1.436243415,1
1079,273,-0.02337168157,-0.4681430161,1
1079,289,-0.05423951149,0.8538725972,1
1079,305,1.510437489,1.517414808,1
1079,321,1.829333663,2.279507399,1
1079,337,1.021549225,2.582249641,1
1079,353,-0.00063803792,2.77279973,1
1079,369,-0.5806654096,4.438247681,1
1079,385,-0.8079727292,4.149044991,1
1079,401,-0.84909904,4.977302074,1
1079,417,5.244926929,10.20892906,1
1079,433,-4.356737137,5.008509159,1
1079,449,-2.187298059,4.252697945,1
1079,465,-2.106683254,3.362527609,1
1079,481,-2.624058485,2.64188242,1
1079,497,-2.841724396,2.35095644,1
1079,513,-3.566298008,2.107338428,1
1079,529,-1.143755674,2.762522697,1
1079,545,-2.468740702,2.098497391,1
1079,561,-3.189271927,2.186581373,1
1079,577,-3.291521549,1.797638893,1
1079,593,-6.075671673,1.975705147,1
1079,609,-2.028198242,2.841112614,1
1079,625,-0.5947620869,2.52437973,1
1079,641,-9.6635952,-1.184721231,1
1079,657,-1.290473223,0.6905755997,1
1079,673,-3.130712986,-0.6845449209,1
1079,689,-7.1705966,-1.826297641,1
1079,705,-3.873823166,2.071392059,1
1079,721,-6.83189249,1.124578238,1
1079,737,-0.6899341345,7.416844368,1
1079,753,-1.607699037,2.562649488,1
1079,769,-1.80035913,1.191934109,1
1079,785,-2.352019548,1.377015829,1
1079,801,-2.640436172,3.107698202,1
1079,817,0.5687330961,5.109572887,1
1079,833,-3.561115742,3.235560894,1
1079,849,-1.998756289,5.00411129,1
1079,865,-9.374669075,6.440545559,1
1079,881,-0.8651080132,5.436153889,1
1079,897,0.7377743721,4.991420269,1
1079,913,-0.6207770109,4.281743526,1
1079,929,-1.348293304,5.015512466,1
1079,945,-1.222578049,4.921080589,1
1079,961,-0.4262845516,5.599493027,1
1079,977,0.4923154414,5.599280834,1
1079,993,2.036480427,4.939227581,1
1079,1009,2.534810543,5.076749325,1
1079,1025,4.105849266,11.19962025,1
1079,1041,0.2348632813,6.804737568,1
1079,1057,0.5955731869,6.641258717,1
1079,1073,1.477632523,5.805090427,1
1079,1089,3.89533186,5.672393799,1
1079,1105,3.539622545,5.501973629,1
1079,1121,4.173339844,7.908726215,1
1079,1137,2.392668247,4.003797531,1
1079,1153,1.694236398,2.785553455,1
1079,1169,1.037231207,1.95935297,1
1079,1185,2.36856842,7.234788895,1
1079,1201,1.152477741,5.494521141,1
1079,1217,0.279419899,1.290660024,1
1079,1233,-0.3356624544,0.6092205048,1
1079,1249,-0.5420770049,0.9867494702,1
1079,1265,-0.620626092,-0.2980466485,1
1079,1281,-3.291771889,-2.475500345,1
1079,1297,4.39430809,-4.550369263,1
1079,1313,5.514437675,6.263079166,1
1079,1329,-1.128351688,-0.08883500099,1
1079,1345,-2.519458771,-1.051357508,1
1079,1361,0.3477212787,-1.660989523,1
1079,1377,-1.930917025,0.3945952058,1
1079,1393,-2.172071457,-0.02722376585,1
1079,1409,-2.822883844,0.0167760253,1
1079,1425,-2.57155323,0.2572520971,1
1079,1441,-6.46846199,2.141805887,1
1079,1457,-5.318706036,2.34064579,1
1079,1473,-2.829520941,0.2455035448,1
1079,1489,-2.826002598,-1.232202649,1
1079,1505,-3.329485178,-1.795182228,1
1079,1521,0.7758896351,-1.591858983,1
1079,1537,1.008185625,-1.124486446,1
1079,1553,1.109189034,-0.758839488,1
1079,1569,1.836654305,-2.883992434,1
1079,1585,2.129265547,-0.3704049587,1
1079,1601,2.120513439,3.566467762,1
1079,1617,1.991696358,1.811900735,1
1079,1633,1.249502182,-0.6714885235,1
1079,1649,0.4726672173,-2.769777536,1
1079,1665,0.5830688477,-1.889901519,1
1079,1681,5.313890934,-3.41667366,1
1079,1697,5.275925636,-2.046770096,1
1079,1713,4.657941818,0.02053141594,1
1079,1729,7.473154545,0.1444211006,1
1079,1745,11.19139767,0.2467819452,1
1079,1761,-5.518255234,0.4827084541,1
1079,1777,7.691655159,4.286948681,1
1079,1793,10.91663933,-0.9367437363,1
1079,1809,10.51340199,-1.198551774,1
1079,1825,7.931122303,-4.462188721,1
1079,1841,2.570787907,-5.412430286,1
1079,1857,-0.004873946309,1.401370049,1
1079,1873,0.3354873061,1.360243797,1
1079,1889,2.457741737,-1.260040402,1
1079,1905,2.735972166,2.683643818,1
1079,1921,3.160230637,3.111818075,1
1079,1937,2.691873789,2.955688953,1
1079,1953,9.108587265,-2.896107197,1
1079,1969,9.481700897,-0.6583976746,1
1079,1985,9.789587021,2.372323513,1
1079,2001,0.7095316648,1.876870632,1
1079,2017,0.6046041846,1.813967109,1
1079,2033,0.2326793671,1.003296733,1
1095,17,-2.586563826,-0.04932141304,1
1095,33,-3.148811579,0.2091813982,1
1095,49,-4.892335892,0.4280493259,1
1095,65,-2.715669632,-0.1747041345,1
1095,81,0.9131052494,-2.949569941,1
1095,97,-3.376437187,-0.01567363739,1
1095,113,-2.424062967,-0.313477397,1
1095,129,-0.7837914228,0.2805005014,1
1095,145,-0.2031107545,1.284622669,1
1095,161,-1.101700187,1.650097013,1
1095,177,-1.335124731,1.708773613,1
1095,193,-2.31260252,1.170946121,1
1095,209,-1.53354764,1.3249892,1
1095,225,-1.118171215,0.8432076573,1
1095,241,-1.078813672,-0.5381957293,1
1095,257,-0.5892837048,-2.225143909,1
1095,273,-0.238301158,-1.087979078,1
1095,289,-0.2147372961,0.2030935287,1
1095,305,1.07620883,0.8656075001,1
1095,321,1.289295554,1.354465723,1
1095,337,0.08305549622,2.437701225,1
1095,353,-1.245723605,3.925713301,1
1095,369,0.60474509,3.913685799,1
1095,385,-0.2520622015,5.160994053,1
1095,401,-0.4899893999,6.109505177,1
1095,417,-1.599882841,1.808877945,1
1095,433,-1.982012272,3.98986125,1
1095,449,-1.178806305,2.183021069,1
1095,465,-0.9894554615,3.04443121,1
1095,481,-2.056950569,2.598257542,1
1095,497,-2.416392326,1.592941403,1
1095,513,-1.62875104,1.597407579,1
1095,529,-1.941213369,1.66373539,1
1095,545,-2.74024272,2.374318838,1
1095,561,-3.345654726,2.399209023,1
1095,577,-3.285021782,1.852487803,1
1095,593,-2.896263599,1.886606455,1
1095,609,-1.660249233,2.145807743,1
1095,625,-0.8933480978,2.088739395,1
1095,641,-1.118663311,1.769689918,1
1095,657,-1.095368743,1.360413909,1
1095,673,-1.448806405,1.63418746,1
1095,689,-1.663643718,1.632526875,1
1095,705,-5.849077225,1.934382677,1
1095,721,-3.341953993,2.647794247,1
1095,737,-1.911155224,6.101360321,1
1095,753,-1.272733092,2.763015747,1
1095,769,-1.594667315,1.125601768,1
1095,785,-2.756196976,1.35588026,1
1095,801,-1.543941736,4.273569107,1
1095,817,-0.7792863846,5.88844347,1
1095,833,-1.999907136,3.2326684,1
1095,849,-1.710405111,4.712779999,1
1095,865,-1.728299856,5.475699425,1
1095,881,-1.330904245,5.230932713,1
1095,897,-0.6439688802,5.626202106,1
1095,913,-9.880741119,6.420235157,1
1095,929,-2.754932404,4.72543478,1
1095,945,-2.665628672,5.132410526,1
1095,961,-1.165843487,5.545533657,1
1095,977,0.7782306671,5.636159897,1
1095,993,1.725496769,4.805648804,1
1095,1009,1.575727224,3.798086166,1
1095,1025,0.7503192425,0.8177571297,1
1095,1041,-3.158144951,0.9873933792,1
1095,1057,0.1994099617,7.37041378,1
1095,1073,0.2770707607,6.507731438,1
1095,1089,3.442886829,7.29983139,1
1095,1105,3.028135777,6.480199814,1
1095,1121,0.2366294861,6.130668163,1
1095,1137,-8.074613571,1.263319016,1
1095,1153,1.426733732,3.179002047,1
1095,1169,0.5272694826,2.3573699,1
1095,1185,1.750116587,9.512584686,1
1095,1201,1.811357379,7.419718742,1
1095,1217,-2.018999338,1.395582914,1
1095,1233,-3.254574299,0.4018192291,1
1095,1249,-1.380592108,0.2885022163,1
1095,1265,-0.7739496827,0.02056592703,1
1095,1281,-0.4417310953,-0.188030839,1
1095,1297,-1.344745278,-8.886804581,1
1095,1313,5.671866894,6.050620556,1
1095,1329,7.619412899,-0.7608685493,1
1095,1345,-7.292897224,-8.235890388,1
1095,1361,-0.2688119411,-2.179075718,1
1095,1377,-2.481994152,-1.385140538,1
1095,1393,-2.80452013,-2.080324173,1
1095,1409,-0.7197514176,-0.6535868049,1
1095,1425,-0.1769804955,-0.274086535,1
1095,1441,-2.496721745,-0.6781588793,1
1095,1457,-2.917040348,-1.279747963,1
1095,1473,-2.316531181,-1.619190812,1
1095,1489,-9.051009178,-3.6128335,1
1095,1505,0.7132505774,-1.5346843,1
1095,1521,1.471477747,-1.159763575,1
1095,1537,1.338012934,-1.346621513,1
1095,1553,0.447467804,-1.101654887,1
1095,1569,2.936966419,-3.299413919,1
1095,1585,3.144809723,3.026593924,1
1095,1601,2.496827126,2.096580029,1
1095,1617,2.191177368,1.613320112,1
1095,1633,2.087222576,0.06440347433,1
1095,1649,1.923372507,-1.282397747,1
1095,1665,2.483520985,-1.499388337,1
1095,1681,3.041680336,-4.322997093,1
1095,1697,7.443433762,-1.374890804,1
1095,1713,6.818642616,-2.36132431,1
1095,1729,8.232998848,2.923915386,1
1095,1745,9.328773499,3.621482372,1
1095,1761,-4.915874481,-1.07096386,1
1095,1777,3.48788166,1.112138748,1
1095,1793,3.032603502,0.8294512033,1
1095,1809,1.160353184,1.038364887,1
1095,1825,-1.510605931,3.080753326,1
1095,1841,-4.54047823,-1.740882397,1
1095,1857,0.2934313416,1.693504453,1
1095,1873,-0.4718789458,1.944163084,1
1095,1889,-2.160989523,3.45079875,1
1095,1905,2.94247818,2.89659524,1
1095,1921,3.977359533,3.430351257,1
1095,1937,2.457496166,3.131049633,1
1095,1953,0.3996548653,2.244486094,1
1095,1969,0.5771672726,2.190932989,1
1095,1985,0.3090566993,4.388837814,1
1095,2001,-6.454087734,-3.704740524,1
1095,2017,4.068753242,-4.933549404,1
1095,2033,0.5812562704,0.5941722393,1
1111,17,-3.14841485,1.976215363,1
1111,33,-4.67740202,0.7862507105,1
1111,49,-2.326447725,9.322429657,1
1111,65,-2.142203093,1.855455518,1
1111,81,-1.994662762,0.6706950665,1
1111,97,-2.00901866,0.09288984537,1
1111,113,-2.161921501,-0.6116454005,1
1111,129,-1.40078342,-0.03048232198,1
1111,145,-0.9283457994,2.139537096,1
1111,161,-0.8788998127,2.351624966,1
1111,177,-0.9930644035,1.84716785,1
1111,193,-1.466860056,1.191963434,1
1111,209,-1.552041531,1.245556593,1
1111,225,-1.296048284,0.9393097162,1
1111,241,-0.6221039891,-0.6204770803,1
1111,257,1.989954472,-9.860648155,1
1111,273,-4.672345161,-8.398093224,1
1111,289,1.107923269,-2.412029505,1
1111,305,1.950983644,-0.3166895509,1
1111,321,0.968474865,0.9960479736,1
1111,337,9.013458252,2.421743393,1
1111,353,-2.825632334,4.525511742,1
1111,369,0.09120631218,3.984785557,1
1111,385,-0.8897323608,5.325401783,1
1111,401,3.441609383,1.216337919,1
1111,417,5.740066528,2.435148954,1
1111,433,-1.472979069,9.194904327,1
1111,449,-1.192872047,3.328618765,1
1111,465,-0.7871133685,3.121101141,1
1111,481,-0.7586023211,6.497348785,1
1111,497,-1.156543136,10.45969582,1
1111,513,-2.803621054,1.338588595,1
1111,529,-3.157376051,1.586176395,1
1111,545,-2.401768208,1.983349562,1
1111,561,-2.591087103,2.279312611,1
1111,577,-7.768854618,4.122628212,1
1111,593,-1.792190194,1.936095834,1
1111,609,-1.400989771,1.955907941,1
1111,625,-1.31953454,1.081341743,1
1111,641,3.970136642,-4.303232193,1
1111,657,-1.514344335,1.282367229,1
1111,673,-4.52689743,1.797295928,1
1111,689,-4.320999146,2.43680644,1
1111,705,-1.964085698,2.454533815,1
1111,721,-5.358428955,7.656379223,1
1111,737,-4.134278774,6.85107708,1
1111,753,4.354622841,-0.4233877659,1
1111,769,4.759129524,-0.3731598854,1
1111,785,-4.61968708,2.699520588,1
1111,801,-1.447141051,3.75902009,1
1111,817,-0.8858984709,5.014167786,1
1111,833,-0.9260710478,5.852745533,1
1111,849,-1.262610912,4.70442152,1
1111,865,-2.138402462,4.713721752,1
1111,881,-4.091185093,6.783412457,1
1111,897,-3.578984261,6.269619465,1
1111,913,-1.50759387,3.729132652,1
1111,929,-1.872533321,4.015536785,1
1111,945,-3.33391571,5.413078785,1
1111,961,-3.611200333,5.685040474,1
1111,977,-5.667286873,5.923220634,1
1111,993,4.658004284,-0.9729294777,1
1111,1009,1.454511285,2.429872513,1
1111,1025,-0.5184891224,1.404004097,1
1111,1041,-0.5606607199,3.868728638,1
1111,1057,0.1726104021,6.607075214,1
1111,1073,0.7739201784,6.829598427,1
1111,1089,-5.98199749,0.3962078094,1
1111,1105,-0.05937111378,7.79991436,1
1111,1121,-0.7875913382,6.988990784,1
1111,1137,-1.690966964,8.868625641,1
1111,1153,3.172459364,3.452809334,1
1111,1169,1.641700268,2.770026922,1
1111,1185,0.06910729408,10.8427887,1
1111,1201,0.3666928411,9.157829285,1
1111,1217,-0.9328993559,1.49398756,1
1111,1233,-1.432868242,-2.886832952,1
1111,1249,-1.349974871,0.3206439018,1
1111,1265,-0.1007351875,0.4061070681,1
1111,1281,0.3567743003,0.1018717289,1
1111,1297,0.3161072135,-0.5309838057,1
1111,1313,-0.269890368,-1.179030657,1
1111,1329,-5.515791416,-9.008434296,1
1111,1345,-2.606110573,-9.368514061,1
1111,1361,-1.199234247,-9.611346245,1
1111,1377,-0.3410824239,-2.85353756,1
1111,1393,-8.756950378,-0.2621400356,1
1111,1409,2.374395847,-9.253539085,1
1111,1425,2.189010382,-9.227010727,1
1111,1441,-6.14234066,5.598301411,1
1111,1457,-1.611532807,-1.75093329,1
1111,1473,-1.196593881,-2.216275692,1
1111,1489,-0.09176501632,-1.582557797,1
1111,1505,-1.140442252,-1.724670887,1
1111,1521,0.541950345,-0.9987238646,1
1111,1537,0.3675740957,-1.288458705,1
1111,1553,0.1880598068,-1.45406127,1
1111,1569,0.8433542252,-3.21959734,1
1111,1585,1.522812247,3.736144543,1
1111,1601,1.908625364,2.513091326,1
1111,1617,1.928673625,1.656786561,1
1111,1633,1.912717462,1.160727978,1
1111,1649,2.25318265,1.293206453,1
1111,1665,4.313630104,0.6492996216,1
1111,1681,6.519012928,-1.748980999,1
1111,1697,6.353087425,0.173022598,1
1111,1713,4.390271187,0.7095678449,1
1111,1729,4.398652554,2.275817633,1
1111,1745,4.922926426,2.567205667,1
1111,1761,5.965984344,0.1669508219,1
1111,1777,6.547661781,0.4285103381,1
1111,1793,3.920225143,0.02260863781,1
1111,1809,1.500505209,0.3933389783,1
1111,1825,0.8486306667,0.7967911363,1
1111,1841,-3.140325069,0.960272193,1
1111,1857,-0.6005634069,1.377111554,1
1111,1873,-1.151263475,1.84546721,1
1111,1889,2.098546505,4.029350281,1
1111,1905,2.639740467,4.508386612,1
1111,1921,3.213675261,2.938099861,1
1111,1937,1.765740633,1.524943352,1
1111,1953,1.412008524,0.7127454281,1
1111,1969,0.5379431844,1.814617395,1
1111,1985,-1.150725126,4.917917252,1
1111,2001,-8.228471756,2.497805834,1
1111,2017,7.138985634,3.012525082,1
1111,2033,2.980799437,1.731038928,1
1127,17,-2.673866987,3.459774494,1
1127,33,-2.964892864,2.489664078,1
1127,49,-3.044168949,2.359715462,1
1127,65,-2.575518608,2.702511787,1
1127,81,-2.168762922,0.4764063656,1
1127,97,-2.057709694,0.2275276035,1
1127,113,-2.05755353,-0.1153432578,1
1127,129,6.825558186,2.933036804,1
1127,145,-0.4009262323,-0.1233110428,1
1127,161,-0.6714766622,1.943182468,1
1127,177,-0.7091888189,1.964637637,1
1127,193,-1.481730819,1.565426469,1
1127,209,-1.455549002,1.062053323,1
1127,225,-0.2824800014,1.14835906,1
1127,241,-0.05141180754,0.3381599784,1
1127,257,0.006116390228,-0.3521227241,1
1127,273,1.445563436,-2.649683952,1
1127,289,1.777684927,-2.515588522,1
1127,305,1.608903646,-1.114847779,1
1127,321,0.7271056175,1.106895208,1
1127,337,0.3494311869,1.360085726,1
1127,353,-0.4589731097,2.213384628,1
1127,369,-1.160334229,2.707587242,1
1127,385,-2.082311153,2.755680084,1
1127,401,6.852878571,2.332984924,1
1127,417,6.340187073,3.021674633,1
1127,433,-1.279600382,4.998272419,1
1127,449,-0.8873758316,2.494001389,1
1127,465,0.05725252628,2.79604888,1
1127,481,0.09546267986,2.013121367,1
1127,497,0.09450411797,-0.4860602617,1
1127,513,-3.391130447,1.106205702,1
1127,529,-2.484505892,-0.2726360559,1
1127,545,-1.622710228,1.303189039,1
1127,561,-2.53053546,3.428847313,1
1127,577,-1.807024837,3.70464468,1
1127,593,1.040182829,1.99986124,1
1127,609,-0.7010685205,2.681489706,1
1127,625,-1.661647439,1.819473982,1
1127,641,-1.578970313,1.251885056,1
1127,657,-1.35557282,1.051155329,1
1127,673,-1.718317389,2.444301605,1
1127,689,-1.947839618,4.408677578,1
1127,705,-1.390779853,3.725243092,1
1127,721,-0.9117478132,4.179517746,1
1127,737,-0.5917606354,4.686306953,1
1127,753,-0.05822306871,3.336018562,1
1127,769,-0.8896861076,2.073391438,1
1127,785,-3.368178606,3.67598772,1
1127,801,-1.660393953,4.437308788,1
1127,817,-1.027813435,6.288051605,1
1127,833,-0.729772687,7.521976471,1
1127,849,-0.9057374001,4.617019176,1
1127,865,-1.715717793,4.832968712,1
1127,881,-1.203635335,4.083815575,1
1127,897,-0.44823277,3.396841049,1
1127,913,-6.159030914,3.995381355,1
1127,929,-7.756377697,4.26225996,1
1127,945,-9.170377731,4.968519211,1
1127,961,-1.293934584,7.143208504,1
1127,977,0.865711987,4.66091013,1
1127,993,0.6025253534,4.554740429,1
1127,1009,-0.5621939898,4.765248775,1
1127,1025,8.617401123,1.351561785,1
1127,1041,8.667812347,1.86357069,1
1127,1057,0.5984961987,5.206610203,1
1127,1073,2.37597537,0.4923081398,1
1127,1089,2.181579351,2.038188934,1
1127,1105,6.082260132,3.861361027,1
1127,1121,0.6278378963,9.217180252,1
1127,1137,2.406492949,13.07723713,1
1127,1153,0.3944232762,3.383004904,1
1127,1169,0.759868443,2.840864658,1
1127,1185,-1.542875767,2.818480015,1
1127,1201,0.914079845,1.77618742,1
1127,1217,-1.252190948,1.793575764,1
1127,1233,-0.7718563676,0.5655384064,1
1127,1249,-0.242511332,-1.321959138,1
1127,1265,2.114089966,0.6309624314,1
1127,1281,0.6284320354,0.2910793424,1
1127,1297,0.1256457269,-0.5622429848,1
1127,1313,-0.3789412379,-1.184555292,1
1127,1329,-0.7354118824,-3.618875027,1
1127,1345,-0.9678249359,-0.3469399214,1
1127,1361,-7.160867691,-1.89529264,1
1127,1377,-1.024026632,-2.458068132,1
1127,1393,-2.162035465,-0.1576939225,1
1127,1409,-0.6635472178,-1.457638025,1
1127,1425,-0.4967401326,-0.7055494785,1
1127,1441,-3.282509804,7.186209202,1
1127,1457,-1.236708164,-1.43206656,1
1127,1473,-0.3467655182,-2.865813017,1
1127,1489,0.1274087131,-1.024369717,1
1127,1505,0.08699008822,-1.01360321,1
1127,1521,0.011102736,-1.524364829,1
1127,1537,-0.08769702911,-4.029526234,1
1127,1553,0.1057059169,-1.715877175,1
1127,1569,0.473592937,-0.6525542736,1
1127,1585,-4.155839443,0.8806790113,1
1127,1601,1.225396633,-6.741415024,1
1127,1617,1.752876997,-1.86708498,1
1127,1633,-0.0045170784,1.901592255,1
1127,1649,0.9007260799,4.205512047,1
1127,1665,2.661598682,2.429083824,1
1127,1681,3.76563406,-0.7831196785,1
1127,1697,4.06217289,-8.650794029,1
1127,1713,4.06467104,0.8839385509,1
1127,1729,3.323227882,2.995455265,1
1127,1745,5.265995026,8.132722855,1
1127,1761,4.469878197,-0.03601676226,1
1127,1777,4.713484764,-0.2931784987,1
1127,1793,4.226202011,-0.4712130427,1
1127,1809,4.918503284,6.041370869,1
1127,1825,2.011538267,0.9969581366,1
1127,1841,1.595070362,1.312927961,1
1127,1857,1.301832199,1.536621809,1
1127,1873,0.888450563,1.466012716,1
1127,1889,2.453390598,2.95984292,1
1127,1905,4.819680214,2.819134474,1
1127,1921,4.452985287,2.029485464,1
1127,1937,2.135281086,1.205889463,1
1127,1953,-2.253101826,2.034381866,1
1127,1969,0.68468678,1.80981946,1
1127,1985,0.3455241323,5.21346283,1
1127,2001,-4.619351387,2.58992219,1
1127,2017,-2.83707118,2.62087059,1
1127,2033,-6.695243835,0.2360260487,1
1143,17,-2.16967535,2.713919163,1
1143,33,-2.742647648,2.187724113,1
1143,49,-2.464822769,0.7055597305,1
1143,65,-2.655229568,0.5315147638,1
1143,81,-2.308824539,0.07948169112,1
1143,97,-2.112081289,0.383767724,1
1143,113,-2.035950661,0.2781560719,1
1143,129,-1.944725156,0.402310282,1
1143,145,-1.596118093,0.5473200083,1
1143,161,-0.7149813175,1.490844131,1
1143,177,-0.3050495386,1.817507505,1
1143,193,-1.331340075,2.280211449,1
1143,209,-1.427284002,2.108505011,1
1143,225,-0.1710708141,2.168298721,1
1143,241,3.340639591,-1.705051661,1
1143,257,8.676462173,-2.028410435,1
1143,273,-3.808783293,-1.695569992,1
1143,289,-0.8817343116,1.205032706,1
1143,305,-0.3608491719,0.5699560642,1
1143,321,0.6251444221,1.178351998,1
1143,337,0.559977591,1.406244159,1
1143,353,0.09976302087,1.949520946,1
1143,369,-0.4160767198,1.578375101,1
1143,385,-0.6337860823,1.728904486,1
1143,401,7.334547043,-1.166252613,1
1143,417,7.182355404,1.258611917,1
1143,433,-0.7014620304,3.466888428,1
1143,449,-0.4010263681,1.880571842,1
1143,465,0.07228580117,2.267162323,1
1143,481,-0.3881142437,2.034410715,1
1143,497,-1.264673948,1.4098773,1
1143,513,-2.004759312,1.061461449,1
1143,529,-10.54666042,-0.07223808765,1
1143,545,4.504985332,3.322778225,1
1143,561,0.7591260672,3.091074944,1
1143,577,1.410669327,2.89712429,1
1143,593,7.658442974,3.665420771,1
1143,609,-0.6988835335,1.214989543,1
1143,625,-1.195046067,0.7361499071,1
1143,641,-1.064434767,1.63040328,1
1143,657,-0.8037207127,1.970336556,1
1143,673,-0.6604679823,2.290150881,1
1143,689,-1.384494424,3.560959101,1
1143,705,-1.076086402,3.784337521,1
1143,721,0.2573068738,4.442765713,1
1143,737,-0.1234437823,4.023525238,1
1143,753,-0.2549470067,3.216270685,1
1143,769,3.743026018,10.86991501,1
1143,785,-1.138863921,3.885720491,1
1143,801,-0.8689876795,4.879159451,1
1143,817,-2.065616131,5.651810169,1
1143,833,1.747624993,-2.608417034,1
1143,849,-0.3989853859,3.84540391,1
1143,865,-0.4859596491,3.861635685,1
1143,881,-0.4915615916,3.787961245,1
1143,897,-0.2104061842,4.125881195,1
1143,913,-0.1995118856,4.701617241,1
1143,929,-0.3915448785,4.679222584,1
1143,945,-0.09320151806,4.704908848,1
1143,961,0.5711003542,4.329442978,1
1143,977,0.7536482215,3.732080936,1
1143,993,0.1623823196,4.045472145,1
1143,1009,-0.307014823,3.986133099,1
1143,1025,0.1386764348,4.977013588,1
1143,1041,-5.993815899,-2.624578476,1
1143,1057,2.671601534,13.54990959,1
1143,1073,4.738651752,12.93003178,1
1143,1089,0.03498307616,7.833323956,1
1143,1105,0.02169640362,7.940458298,1
1143,1121,0.2076987177,7.887732983,1
1143,1137,0.1680022478,4.727171898,1
1143,1153,0.231713444,3.151439428,1
1143,1169,0.5894519091,2.948324203,1
1143,1185,-7.124648571,6.528336525,1
1143,1201,-6.460642338,3.27383852,1
1143,1217,-3.885901213,2.432973146,1
1143,1233,-1.004230022,2.015325069,1
1143,1249,-0.1919775009,-1.794431448,1
1143,1265,0.3604041934,1.119534016,1
1143,1281,1.708050728,0.7748728991,1
1143,1297,0.8688575029,0.1312225908,1
1143,1313,-0.2017198056,-1.015082598,1
1143,1329,-0.8198859692,-2.68508172,1
1143,1345,-0.5610560179,0.02241533995,1
1143,1361,0.3533366323,-0.04965902865,1
1143,1377,0.7015252709,-0.0896370858,1
1143,1393,0.4979240894,-0.2450030297,1
1143,1409,0.04497752339,8.224862099,1
1143,1425,-0.3272681236,-0.6852245331,1
1143,1441,-0.4877886176,5.464037418,1
1143,1457,-0.2909282148,-0.6825706959,1
1143,1473,-0.1930885464,-1.494235277,1
1143,1489,-2.136927843,7.749035358,1
1143,1505,0.03585729003,-1.166510344,1
1143,1521,-0.08529581875,-1.685793757,1
1143,1537,-0.3424418867,-2.19065237,1
1143,1553,-0.03223034739,-1.547187448,1
1143,1569,1.014321208,-0.6393617988,1
1143,1585,1.464045286,-3.660671711,1
1143,1601,-2.908279419,7.714225292,1
1143,1617,10.09628391,0.7055110931,1
1143,1633,-3.984730244,-4.437764168,1
1143,1649,1.407393456,4.243055344,1
1143,1665,1.255662203,3.996571779,1
1143,1681,1.778101921,2.941209078,1
1143,1697,2.400572538,0.7044957876,1
1143,1713,2.869333267,0.7217442393,1
1143,1729,4.277399063,6.623324871,1
1143,1745,4.812325001,8.559617996,1
1143,1761,0.5381140709,7.454197884,1
1143,1777,4.281019211,-5.339433193,1
1143,1793,4.32506752,-0.9564323425,1
1143,1809,3.737564087,4.812983036,1
1143,1825,2.650747061,0.5804742575,1
1143,1841,1.96367991,1.519124746,1
1143,1857,1.400495172,2.080235004,1
1143,1873,0.9539257288,1.658798099,1
1143,1889,3.005192757,2.28046608,1
1143,1905,2.431844711,3.261829138,1
1143,1921,5.01088047,8.834731102,1
1143,1937,1.051512003,10.34619236,1
1143,1953,4.065515995,-0.7180252075,1
1143,1969,0.8749576807,-0.08124244213,1
1143,1985,0.2560975552,0.4089436531,1
1143,2001,2.654962301,10.49444103,1
1143,2017,-0.04354205728,3.449752331,1
1143,2033,1.343752265,2.012694359,1
1159,17,-1.871142626,1.280712008,1
1159,33,-1.930505753,1.012467265,1
1159,49,-0.3776454926,-0.4715969563,1
1159,65,-2.382855415,8.5788517,1
1159,81,-2.070631027,-0.04058787227,1
1159,97,-1.954965711,0.2675716877,1
1159,113,-1.839011192,0.3149715662,1
1159,129,-1.851655483,0.3930078447,1
1159,145,-2.264918089,0.3544946313,1
1159,161,-1.186026096,0.975358367,1
1159,177,-0.9226136208,0.9817609787,1
1159,193,-1.377586961,2.469842434,1
1159,209,-1.156260252,4.752045631,1
1159,225,0.4310517311,3.103972435,1
1159,241,1.929615259,0.7991473675,1
1159,257,7.207835197,-1.336033583,1
1159,273,-5.334849834,8.630391121,1
1159,289,-2.37395668,9.963692665,1
1159,305,2.703742504,0.4906079769,1
1159,321,-5.255345345,8.241610527,1
1159,337,0.09881046414,1.831746459,1
1159,353,-0.05575591326,2.782583475,1
1159,369,-0.114420414,1.980795026,1
1159,385,0.2189475298,1.42270422,1
1159,401,-1.04731369,1.012998581,1
1159,417,-0.5020283461,1.419459462,1
1159,433,0.7113903165,2.246067524,1
1159,449,0.3914634287,1.999096513,1
1159,465,0.1811469793,1.87378931,1
1159,481,-0.6659428477,1.655641079,1
1159,497,-1.844047666,1.52827549,1
1159,513,-2.441969872,1.149437189,1
1159,529,-0.9332398176,1.016995192,1
1159,545,-0.3033138514,1.00351882,1
1159,561,0.0289439559,2.297562838,1
1159,577,-0.4353634119,2.177680492,1
1159,593,-1.174719334,-6.633526325,1
1159,609,-1.745041132,-0.2903928757,1
1159,625,-2.137190342,0.6007592678,1
1159,641,-0.5206935406,1.330191612,1
1159,657,-0.3969954848,3.183309317,1
1159,673,-0.8406015635,2.487668514,1
1159,689,-1.10089016,2.826588154,1
1159,705,-1.052339792,3.624106169,1
1159,721,-0.8709332943,3.484989643,1
1159,737,-0.8664355278,3.560060978,1
1159,753,-0.9718599916,3.153427839,1
1159,769,-0.4845262766,4.346335411,1
1159,785,-0.01996684074,3.65446496,1
1159,801,0.00477039814,4.230093956,1
1159,817,-0.2831913233,5.153084278,1
1159,833,0.06415218115,3.695823193,1
1159,849,-0.1106020808,3.278777838,1
1159,865,-0.2603256106,3.205742121,1
1159,881,-0.158064127,3.829029322,1
1159,897,0.02513939142,5.312124729,1
1159,913,-0.1280857921,4.893080235,1
1159,929,-0.006804704666,2.983696938,1
1159,945,0.07236245275,4.428864956,1
1159,961,0.4390980005,3.75168705,1
1159,977,0.6536454558,3.730459452,1
1159,993,-0.1733137369,3.890759706,1
1159,1009,-0.2826257646,3.73534584,1
1159,1025,0.07991592586,4.060998917,1
1159,1041,-0.0701430589,-1.604454517,1
1159,1057,-0.2318611592,4.92714262,1
1159,1073,-0.3750548959,4.970518589,1
1159,1089,-0.283859551,5.387042046,1
1159,1105,-0.10713166,6.924404144,1
1159,1121,0.04151385278,6.535912991,1
1159,1137,0.1955429912,4.265627384,1
1159,1153,0.1605476737,2.390563965,1
1159,1169,0.2818858027,3.262757778,1
1159,1185,0.6215112209,3.635972023,1
1159,1201,0.4887128174,3.218271732,1
1159,1217,-0.01972603798,3.186847687,1
1159,1233,-2.108280897,3.516669273,1
1159,1249,-1.748873472,2.956204891,1
1159,1265,-0.2702338099,2.449227333,1
1159,1281,-0.1228846312,1.398855925,1
1159,1297,0.2629041076,0.3070693612,1
1159,1313,0.09271404147,-1.864352942,1
1159,1329,0.2031159699,0.6459373832,1
1159,1345,0.3609219193,0.3010684252,1
1159,1361,0.5885460377,0.2668453753,1
1159,1377,0.8371924162,0.1910177469,1
1159,1393,0.689683795,0.02316361666,1
1159,1409,0.06149830669,0.407787919,1
1159,1425,-0.6492626667,-3.845794439,1
1159,1441,-0.3493356705,-1.337102056,1
1159,1457,-0.8840235472,0.05723631382,1
1159,1473,-0.6725315452,-0.1458195448,1
1159,1489,0.4673699141,8.120140076,1
1159,1505,1.144399643,-1.030934095,1
1159,1521,0.7463715672,-1.748662472,1
1159,1537,0.1714943647,-2.093939304,1
1159,1553,0.2399262786,-1.035804749,1
1159,1569,0.9723901749,4.109661579,1
1159,1585,1.26524961,3.088588715,1
1159,1601,1.312479973,4.498770714,1
1159,1617,-0.4387719631,-7.480023861,1
1159,1633,-2.359200001,3.991849899,1
1159,1649,0.8659906387,3.133463383,1
1159,1665,-0.3190805912,4.420957565,1
1159,1681,-0.1398458481,3.847716808,1
1159,1697,3.286843538,1.526803017,1
1159,1713,3.514370441,-8.699369431,1
1159,1729,2.117669582,7.804019451,1
1159,1745,2.272903442,8.753494263,1
1159,1761,1.501857281,8.314371109,1
1159,1777,7.83277607,-7.826514721,1
1159,1793,6.864215851,-2.24858737,1
1159,1809,5.804689407,-1.253311753,1
1159,1825,3.606188297,-0.2734697461,1
1159,1841,2.461742878,1.476627469,1
1159,1857,1.785831571,2.577969313,1
1159,1873,-4.217907429,-4.814208984,1
1159,1889,1.233611584,3.940245628,1
1159,1905,0.6335541606,2.261215687,1
1159,1921,0.7009562254,1.56438601,1
1159,1937,2.069956303,2.093889236,1
1159,1953,2.370984554,0.7717984915,1
1159,1969,0.6366145611,-0.3886277676,1
1159,1985,4.758056164,-6.205784798,1
1159,2001,-2.678055763,-6.742515564,1
1159,2017,-0.5763267875,3.019560099,1
1159,2033,-0.3163329363,1.00808239,1
1175,17,-1.639302015,0.09557008743,1
1175,33,-2.322060347,1.720209718,1
1175,49,-1.752856731,-0.6386812329,1
1175,65,-2.002785683,8.110534668,1
1175,81,-4.284994125,-8.247419357,1
1175,97,-1.264991164,-2.670684576,1
1175,113,-4.231063843,-3.039527178,1
1175,129,-1.513803124,-0.3226890862,1
1175,145,-1.449663877,0.5057145357,1
1175,161,-1.584414482,0.9350523949,1
1175,177,-1.099139929,1.206603408,1
1175,193,-0.891313076,1.415552616,1
1175,209,-1.301715851,3.716023445,1
1175,225,-6.637627125,-5.560876846,1
1175,241,-7.310816288,-4.281867981,1
1175,257,-0.1798809469,4.537981987,1
1175,273,4.680662155,10.079813,1
1175,289,-7.380901814,7.792761803,1
1175,305,0.1823745072,1.955903053,1
1175,321,6.859844208,2.218716621,1
1175,337,7.490185261,3.824030876,1
1175,353,7.043973923,7.444767952,1
1175,369,-1.120066166,2.09122467,1
1175,385,-1.947431087,8.304018974,1
1175,401,-2.006780624,1.203072309,1
1175,417,-1.310804844,1.094776154,1
1175,433,-0.3258774281,1.032620907,1
1175,449,0.972812295,3.517440319,1
1175,465,2.821018696,1.264806509,1
1175,481,-1.056806922,0.9074898958,1
1175,497,-2.629480839,1.175398111,1
1175,513,-2.606090307,-0.1277725697,1
1175,529,-1.683453321,1.555158019,1
1175,545,-0.6376872063,2.390729666,1
1175,561,-0.8652948141,3.067233324,1
1175,577,-1.825463533,2.820543051,1
1175,593,-2.379918575,2.05631876,1
1175,609,-1.131200194,2.004220963,1
1175,625,-0.8576058745,2.355151653,1
1175,641,-0.3007947206,2.35191083,1
1175,657,1.687114716,1.942173958,1
1175,673,0.9645479918,2.013957024,1
1175,689,0.2970366478,2.212493181,1
1175,705,-1.865714073,4.133629799,1
1175,721,-0.9699940681,2.884460449,1
1175,737,-0.9296221137,3.433014393,1
1175,753,-0.9737525582,3.131712675,1
1175,769,0.3130762577,5.800168037,1
1175,785,1.896071315,1.222198725,1
1175,801,0.7331176996,2.148279905,1
1175,817,-0.5017977953,11.7639904,1
1175,833,-0.01340040565,3.715411186,1
1175,849,-0.2322283536,3.203054905,1
1175,865,-0.2260703593,4.230596542,1
1175,881,-0.1900866181,-4.81431675,1
1175,897,-0.05825898051,2.277641296,1
1175,913,-0.0904250592,9.949631691,1
1175,929,0.0977531299,0.9350886345,1
1175,945,0.3708313107,3.041486502,1
1175,961,0.3098730147,1.069030046,1
1175,977,-0.1231642365,3.294097424,1
1175,993,-0.3820209801,3.601450443,1
1175,1009,-0.3886348903,3.824939251,1
1175,1025,0.284763515,4.03465271,1
1175,1041,0.441437304,3.448304892,1
1175,1057,-0.5022523403,4.30521965,1
1175,1073,-0.8856285214,4.074807167,1
1175,1089,-0.5363249779,2.026250124,1
1175,1105,-0.4838178158,5.934569359,1
1175,1121,-0.129584223,5.54607296,1
1175,1137,0.317596972,3.471152306,1
1175,1153,0.5922515988,3.889906645,1
1175,1169,0.1068484038,7.969214916,1
1175,1185,0.1363594979,3.573013067,1
1175,1201,0.2318174988,3.252160549,1
1175,1217,1.569668889,4.294077396,1
1175,1233,2.369030237,-5.165132999,1
1175,1249,-0.1610018015,5.661171913,1
1175,1265,-1.205177903,3.620161772,1
1175,1281,-0.4992907345,2.812214375,1
1175,1297,0.7393682599,1.250484228,1
1175,1313,3.412996292,2.343893766,1
1175,1329,0.9322891831,1.405768871,1
1175,1345,0.8859113455,1.590714693,1
1175,1361,0.1065257788,1.165895462,1
1175,1377,-0.1372946501,0.6093728542,1
1175,1393,-0.1099981368,0.3914344907,1
1175,1409,-0.03006890416,0.2685047388,1
1175,1425,-0.2434284389,-6.154610634,1
1175,1441,-0.4284722805,-1.893650651,1
1175,1457,-0.6421225667,-0.1881241798,1
1175,1473,-0.4384706318,2.401081324,1
1175,1489,1.044112682,8.302173615,1
1175,1505,2.234850883,-0.7117007971,1
1175,1521,2.042099476,-1.663707733,1
1175,1537,0.9163831472,-2.114346266,1
1175,1553,0.5982351303,-1.029229999,1
1175,1569,0.6634138823,3.644688845,1
1175,1585,5.086549759,7.604145527,1
1175,1601,4.154449463,0.6925140619,1
1175,1617,-1.434088111,0.4652690887,1
1175,1633,8.447710991,6.193173885,1
1175,1649,8.867610931,2.777841806,1
1175,1665,4.297842503,-8.25885582,1
1175,1681,11.24132824,-1.427300453,1
1175,1697,11.57218742,2.516822577,1
1175,1713,1.587913036,-8.716685295,1
1175,1729,-2.149190187,6.477839947,1
1175,1745,-1.039534569,-6.754710674,1
1175,1761,7.705530643,7.436256886,1
1175,1777,8.181177139,-0.4024392366,1
1175,1793,5.663114548,-7.862661839,1
1175,1809,10.31935692,-0.623683095,1
1175,1825,11.16353893,-3.913256645,1
1175,1841,-1.331033707,-0.05106192827,1
1175,1857,-0.2043704987,1.82091856,1
1175,1873,2.512937546,1.657218099,1
1175,1889,9.234033585,-3.527104139,1
1175,1905,2.457628965,-7.374683857,1
1175,1921,-1.324192643,1.036221385,1
1175,1937,-1.667661667,-0.2113263011,1
1175,1953,0.1091626287,0.0700097084,1
1175,1969,-0.2718720734,0.5666860938,1
1175,1985,-0.9493829012,0.2379568815,1
1175,2001,-2.719804049,0.1939730644,1
1175,2017,-1.50747478,2.61005187,1
1175,2033,-2.245007515,4.112734795,1
1191,17,-0.8192309737,1.089157581,1
1191,33,-1.215546966,0.887137711,1
1191,49,-1.2508744,-0.8058424592,1
1191,65,-1.486606002,-1.312005877,1
1191,81,-1.410537601,1.37471664,1
1191,97,-0.3946905136,-2.51932168,1
1191,113,-3.796857357,4.428076267,1
1191,129,-10.1469593,-2.414482594,1
1191,145,-1.535040617,0.1402289867,1
1191,161,-1.21335125,0.9150246382,1
1191,177,-0.8606855273,1.410662293,1
1191,193,-0.8506036997,1.990368009,1
1191,209,-1.271264553,1.07290864,1
1191,225,-1.323074579,-0.6009204388,1
1191,241,-2.229060173,-2.11052227,1
1191,257,8.168371201,2.826138973,1
1191,273,8.583912849,3.053864002,1
1191,289,2.966253042,3.901924133,1
1191,305,1.639924169,2.773453712,1
1191,321,-5.678483009,8.803110123,1
1191,337,3.116270065,0.6050862074,1
1191,353,4.287675858,-1.341522217,1
1191,369,-3.757564545,6.824392319,1
1191,385,-2.831092834,7.856064796,1
1191,401,-2.282965183,1.664616227,1
1191,417,-2.591917515,1.453159213,1
1191,433,-2.343631506,0.8102052212,1
1191,449,-1.172220111,2.520600319,1
1191,465,-1.03431344,0.428563118,1
1191,481,-1.067419648,-0.1998031139,1
1191,497,-0.8301627636,1.040392876,1
1191,513,-0.9246371984,-4.323068142,1
1191,529,-0.9109318256,2.030264854,1
1191,545,-0.756714046,4.094577789,1
1191,561,-0.5981324911,4.309199333,1
1191,577,-1.468878627,3.279911518,1
1191,593,-1.393484235,2.787105799,1
1191,609,0.01577675343,3.12543869,1
1191,625,0.4654419422,4.032804489,1
1191,641,0.5606366992,3.545511723,1
1191,657,-0.3465127647,2.947573662,1
1191,673,-0.3931084871,2.317179918,1
1191,689,-0.8073887229,2.703215361,1
1191,705,-1.935596943,3.344777107,1
1191,721,-1.032288909,3.258297205,1
1191,737,-0.7352928519,3.334754467,1
1191,753,-0.6610579491,2.66336894,1
1191,769,-0.5930254459,2.151634693,1
1191,785,-0.622294724,-6.226848602,1
1191,801,-5.493793488,4.21222353,1
1191,817,-6.240841866,3.55769825,1
1191,833,1.829640865,0.8176281452,1
1191,849,2.707167387,7.021112442,1
1191,865,0.6135932207,3.004424572,1
1191,881,0.3481742144,2.683686495,1
1191,897,0.2313356102,3.94090271,1
1191,913,0.4925209284,4.413500786,1
1191,929,2.462741375,-4.711499214,1
1191,945,0.02075847983,2.26459837,1
1191,961,-0.191986829,1.172262907,1
1191,977,-0.1240923703,1.739855528,1
1191,993,-0.6279858351,2.401814461,1
1191,1009,-1.024478912,4.217202187,1
1191,1025,0.9038771391,4.155403137,1
1191,1041,1.020990133,4.204639912,1
1191,1057,-0.4558371902,4.353559494,1
1191,1073,-0.6253273487,4.112161636,1
1191,1089,-0.450601995,-0.6886789799,1
1191,1105,-0.3548502624,3.8166399,1
1191,1121,-7.271294594,3.804084778,1
1191,1137,0.4963157177,3.372308731,1
1191,1153,0.06492356956,3.945459127,1
1191,1169,-0.1044065952,6.957673073,1
1191,1185,-0.3101935983,3.7053442,1
1191,1201,-2.482409477,3.324438095,1
1191,1217,-0.7624238133,5.609459877,1
1191,1233,0.07399183512,5.044741154,1
1191,1249,0.02739812434,4.599178314,1
1191,1265,-8.545259476,-0.03356575966,1
1191,1281,-0.2414352298,2.905655622,1
1191,1297,0.2515960336,1.812265635,1
1191,1313,0.8693042994,2.299190998,1
1191,1329,1.157913446,1.654785991,1
1191,1345,0.356007874,1.353322744,1
1191,1361,-0.3952506185,0.9286527634,1
1191,1377,-0.6136879921,-7.626050949,1
1191,1393,-0.4855494499,9.367049217,1
1191,1409,-0.9156275392,-0.76375103,1
1191,1425,0.548707962,-4.793074131,1
1191,1441,0.9262537956,-6.026791096,1
1191,1457,-0.3271489441,-3.286791801,1
1191,1473,0.8800826073,2.368759155,1
1191,1489,0.7769938707,8.398482323,1
1191,1505,1.472664356,-0.563865304,1
1191,1521,0.9815193415,-1.55583322,1
1191,1537,0.7648026347,-2.192593575,1
1191,1553,0.7711584568,-0.9591412544,1
1191,1569,9.9325037,0.354449749,1
1191,1585,4.004708767,2.080008507,1
1191,1601,1.456265092,3.14429903,1
1191,1617,9.888885498,-0.3924167156,1
1191,1633,10.23451996,0.1695387363,1
1191,1649,10.56029606,0.3510352969,1
1191,1665,2.162349939,-8.601053238,1
1191,1681,11.05941391,2.043135881,1
1191,1697,5.654276848,8.504662514,1
1191,1713,3.30176425,-8.891047478,1
1191,1729,11.86993408,-2.767125845,1
1191,1745,11.99566555,-0.635725975,1
1191,1761,3.3647089,-6.714456558,1
1191,1777,-5.055642128,0.3857908249,1
1191,1793,3.592580557,-6.369374752,1
1191,1809,6.677800179,-0.375533402,1
1191,1825,9.862984657,-3.281708956,1
1191,1841,-4.999201775,-2.168222904,1
1191,1857,4.148997307,0.4395108223,1
1191,1873,2.943455219,0.8954507113,1
1191,1889,2.369329453,2.638745546,1
1191,1905,2.269950867,5.207827568,1
1191,1921,-1.350768566,0.5101687908,1
1191,1937,-8.120298386,-1.688304305,1
1191,1953,-8.419390678,-1.892728567,1
1191,1969,1.468940854,-0.9468536377,1
1191,1985,-0.01107859612,0.3222281933,1
1191,2001,-1.85179317,2.44903326,1
1191,2017,-1.440356731,4.000600338,1
1191,2033,-1.944368482,6.584631443,1
1207,17,-0.22711128,2.147746801,1
1207,33,7.714178085,-0.006261765957,1
1207,49,6.901900291,-3.520365238,1
1207,65,0.5816247463,7.481004715,1
1207,81,0.4735115767,7.293128967,1
1207,97,-1.011793017,0.5352545977,1
1207,113,-6.595090866,5.333178043,1
1207,129,-3.694182873,-0.3784428835,1
1207,145,-2.101711988,-0.6809982061,1
1207,161,-0.6959393024,0.5309275389,1
1207,177,1.03586483,1.567428231,1
1207,193,-0.07802957296,1.761379957,1
1207,209,-0.8964742422,-0.1081104279,1
1207,225,-0.9642232656,0.5410965681,1
1207,241,-0.788528204,10.33808517,1
1207,257,-0.6182912588,3.251401663,1
1207,273,2.173743486,4.249865055,1
1207,289,1.208821893,2.974957228,1
1207,305,-5.308390141,9.745818138,1
1207,321,-3.524078369,-6.342526436,1
1207,337,-0.1855235696,0.8890215158,1
1207,353,-0.3337597251,1.700657487,1
1207,369,-0.5771812797,2.439471722,1
1207,385,-1.261122704,2.569793224,1
1207,401,-1.868841767,1.941938877,1
1207,417,-1.963888049,0.6879142523,1
1207,433,-1.409804106,0.4365310669,1
1207,449,-0.2460417151,-1.607056618,1
1207,465,0.05929774046,0.2644452453,1
1207,481,-0.8234468699,0.4680331945,1
1207,497,0.5852326155,1.358123779,1
1207,513,1.074785471,1.736877203,1
1207,529,0.5422912836,2.170997381,1
1207,545,-0.3485824466,3.074421167,1
1207,561,-0.5540728569,2.467756271,1
1207,577,-1.11048913,2.514609814,1
1207,593,-0.824674964,3.245201826,1
1207,609,-0.1995371878,4.248290062,1
1207,625,0.4826094508,4.951588631,1
1207,641,0.20059596,4.041007042,1
1207,657,-0.2424061596,3.593482971,1
1207,673,-0.6863457561,2.918810606,1
1207,689,-2.144786119,3.48608017,1
1207,705,-2.603996277,2.975844622,1
1207,721,-0.3031595945,2.997083426,1
1207,737,0.1458721161,2.926838636,1
1207,753,-2.149086952,1.846693277,1
1207,769,-1.653041959,-1.415508032,1
1207,785,-1.401799679,-6.395828247,1
1207,801,-0.3418440521,1.579637051,1
1207,817,3.04653573,0.4911484718,1
1207,833,1.185415864,0.947021246,1
1207,849,-0.661301136,2.304662228,1
1207,865,1.601814866,2.128580332,1
1207,881,8.668297768,5.104028702,1
1207,897,8.701442719,5.66968441,1
1207,913,8.719499588,5.272660255,1
1207,929,2.288235188,-3.261397362,1
1207,945,-1.686620712,1.197632432,1
1207,961,-1.889926672,1.437884927,1
1207,977,-1.167850971,1.049743176,1
1207,993,-1.280395269,1.560237169,1
1207,1009,-1.346576691,2.664980888,1
1207,1025,0.006212666631,-0.2076668739,1
1207,1041,-1.161584258,8.766265869,1
1207,1057,-0.5457059145,6.366566658,1
1207,1073,-0.8197585344,4.373890877,1
1207,1089,-0.6238109469,4.152013779,1
1207,1105,-0.3028969765,3.954957247,1
1207,1121,-0.1958768368,3.816938877,1
1207,1137,-0.006904119626,4.13223362,1
1207,1153,-0.1435067654,4.108818054,1
1207,1169,-0.3529256582,5.516169548,1
1207,1185,-0.5684952736,3.135889053,1
1207,1201,-0.8330283165,2.593436003,1
1207,1217,-0.82793504,2.885576248,1
1207,1233,0.6401469707,5.04840374,1
1207,1249,2.710829496,5.991518974,1
1207,1265,0.5954419374,4.414031029,1
1207,1281,-0.07260298729,2.832051754,1
1207,1297,0.09160274267,2.293313742,1
1207,1313,0.5655514002,2.038063288,1
1207,1329,0.3280279636,1.767290473,1
1207,1345,-0.338260591,1.618981481,1
1207,1361,-0.944260776,1.976593494,1
1207,1377,-3.809967995,-7.182153702,1
1207,1393,4.589595318,1.581246376,1
1207,1409,-8.49971199,2.55728507,1
1207,1425,-8.106283188,2.485807419,1
1207,1441,1.374966145,-8.423773766,1
1207,1457,1.574474454,6.216222286,1
1207,1473,2.153040648,1.98346734,1
1207,1489,1.259774923,-8.699384689,1
1207,1505,1.552583694,-0.6496773958,1
1207,1521,0.1431230307,-1.32834363,1
1207,1537,-0.08291578293,-2.544521332,1
1207,1553,0.673137188,0.01279067993,1
1207,1569,-1.305507541,-2.796442509,1
1207,1585,0.3466273248,-0.9488899708,1
1207,1601,-4.300130367,5.292519569,1
1207,1617,-0.8410062194,8.29681015,1
1207,1633,8.472615242,-2.622359991,1
1207,1649,6.289126396,-5.702718735,1
1207,1665,2.010183573,-8.80059433,1
1207,1681,10.85925579,2.680373907,1
1207,1697,8.746439934,-3.546304941,1
1207,1713,-2.823869944,6.286414623,1
1207,1729,-4.545939445,-3.82023716,1
1207,1745,11.68677807,-1.099757671,1
1207,1761,2.23541832,-9.097174644,1
1207,1777,-5.186946869,0.0482634455,1
1207,1793,12.01270294,-0.933486402,1
1207,1809,5.017131805,-0.505687952,1
1207,1825,5.067055702,-0.3410661221,1
1207,1841,8.250900269,-0.1712298691,1
1207,1857,7.389756203,0.357991159,1
1207,1873,3.342735291,0.7077813148,1
1207,1889,1.443597078,1.64398551,1
1207,1905,1.959626913,4.840494156,1
1207,1921,1.778800488,1.932947516,1
1207,1937,-0.08121454716,1.810358047,1
1207,1953,0.4980768561,-7.663504601,1
1207,1969,0.5425782204,-0.7577711344,1
1207,1985,-0.698059082,2.114405155,1
1207,2001,-1.212831855,3.698116779,1
1207,2017,-0.5909451246,3.674562216,1
1207,2033,-1.565003872,2.809421778,1
1223,17,-1.219402552,1.37721467,1
1223,33,-1.439746141,-0.1174515486,1
1223,49,0.2004106045,-9.381775856,1
1223,65,-0.01119506359,7.658709049,1
1223,81,0.3053045273,8.14299202,1
1223,97,-1.610969543,0.5941803455,1
1223,113,-1.789920807,0.696923852,1
1223,129,-2.199360371,1.052398682,1
1223,145,-1.63638258,-3.146107435,1
1223,161,-0.6545102596,-3.364331722,1
1223,177,-0.5745800138,2.52968359,1
1223,193,-0.8015873432,1.782398701,1
1223,209,-0.8260785937,-0.4028503895,1
1223,225,-1.265328884,0.9428902864,1
1223,241,-1.041255951,3.074805498,1
1223,257,-0.7799902558,3.010678768,1
1223,273,-0.4848580956,2.811934233,1
1223,289,-0.8647474051,-6.159607887,1
1223,305,-1.390370131,1.963883638,1
1223,321,-2.056768894,1.646744728,1
1223,337,-1.431344151,1.896256685,1
1223,353,-0.2890411615,2.170708418,1
1223,369,0.368206352,2.538710833,1
1223,385,0.260415554,2.657129049,1
1223,401,-0.724613905,2.228991747,1
1223,417,-1.05725193,1.313549042,1
1223,433,0.6111187935,1.165353537,1
1223,449,1.650237322,0.9405831099,1
1223,465,0.7685228586,1.539782763,1
1223,481,-0.8471978307,2.215660572,1
1223,497,-0.4362099171,2.791082621,1
1223,513,0.6761368513,2.290784597,1
1223,529,0.4582130909,2.14622283,1
1223,545,-1.286470413,1.426408052,1
1223,561,-2.784508705,1.879933596,1
1223,577,-3.388422728,0.75750494,1
1223,593,-0.8622282743,1.892793894,1
1223,609,-0.4108062387,4.860633373,1
1223,625,-0.7578934431,5.443395138,1
1223,641,0.6410737038,4.067413807,1
1223,657,1.241301298,-2.476724625,1
1223,673,-1.431914091,3.833912373,1
1223,689,-2.871697903,4.267641068,1
1223,705,-3.27572155,3.749119282,1
1223,721,-1.371697903,2.877049446,1
1223,737,7.763234615,1.857722998,1
1223,753,-9.389317513,0.8918817043,1
1223,769,-9.240507126,1.261229515,1
1223,785,-0.2689547837,0.3064391613,1
1223,801,2.057973862,3.938299894,1
1223,817,3.17830205,2.970884562,1
1223,833,3.897984505,2.642082214,1
1223,849,4.191842556,-5.420614243,1
1223,865,1.25908792,10.48520088,1
1223,881,-6.853099823,2.420385838,1
1223,897,3.831789255,3.197172165,1
1223,913,0.2628876567,2.487098455,1
1223,929,-0.5381933451,1.946245551,1
1223,945,-0.9336830378,-0.2366565466,1
1223,961,-0.9015957117,0.806832552,1
1223,977,-0.7538775206,1.519399643,1
1223,993,-0.2638058066,2.819802523,1
1223,1009,-0.1880736649,2.855330229,1
1223,1025,-0.6052876115,-1.347734213,1
1223,1041,-0.4391701818,-4.955756187,1
1223,1057,-0.1425256729,4.063359261,1
1223,1073,-0.3224951923,4.218786716,1
1223,1089,-0.415022552,4.155982018,1
1223,1105,-0.2974707484,4.182699203,1
1223,1121,-0.1548399627,3.753596544,1
1223,1137,-0.09971100092,3.688478231,1
1223,1153,-0.4449396431,3.699852228,1
1223,1169,-1.786720991,2.981698275,1
1223,1185,-0.6084187031,3.040604353,1
1223,1201,-0.1476724744,0.3608021736,1
1223,1217,0.00300526619,2.309684277,1
1223,1233,2.433956385,5.70634985,1
1223,1249,-5.699799538,-3.117056847,1
1223,1265,0.7903124094,4.823631763,1
1223,1281,1.179187298,3.295984745,1
1223,1297,2.304120541,1.782220364,1
1223,1313,0.1057929397,2.226269484,1
1223,1329,-1.0080688,1.915267348,1
1223,1345,-1.133483768,2.01616478,1
1223,1361,-1.130998135,1.979995012,1
1223,1377,7.695672512,1.448060155,1
1223,1393,6.168384075,2.410790443,1
1223,1409,6.960157394,-4.801812172,1
1223,1425,7.832363605,-5.192015171,1
1223,1441,8.984936714,-4.129894733,1
1223,1457,7.327012062,5.526830673,1
1223,1473,10.58200836,-2.316847801,1
1223,1489,-1.570658445,-5.991778851,1
1223,1505,-0.3781986237,-8.736469269,1
1223,1521,3.010674953,-1.355319262,1
1223,1537,2.783603191,-2.100418806,1
1223,1553,-5.873924255,-6.431792736,1
1223,1569,-4.794479847,-3.344851971,1
1223,1585,-8.906615257,-2.608395576,1
1223,1601,0.1161076427,3.245254993,1
1223,1617,0.3817529678,-0.6540492773,1
1223,1633,1.031387687,-3.219066858,1
1223,1649,3.358500004,-2.239702702,1
1223,1665,6.02051878,-3.328070641,1
1223,1681,1.943458796,-0.2722183168,1
1223,1697,1.606637239,-5.905332565,1
1223,1713,1.368092537,-8.849988937,1
1223,1729,2.54928875,8.258193016,1
1223,1745,3.424059868,-0.2080502212,1
1223,1761,3.382152557,-8.926856995,1
1223,1777,-5.248060226,-0.7315158844,1
1223,1793,-5.034343243,-1.586879969,1
1223,1809,-5.323465347,-1.129364014,1
1223,1825,-4.371941566,-4.879804611,1
1223,1841,4.906642914,-0.5693397522,1
1223,1857,4.841420174,0.1024286747,1
1223,1873,4.493030548,2.916114807,1
1223,1889,3.434036732,1.116890192,1
1223,1905,2.747170448,1.784739017,1
1223,1921,2.082592964,3.042025566,1
1223,1937,-1.230463982,5.414578915,1
1223,1953,-1.596690774,4.887421608,1
1223,1969,-8.678822517,5.027444839,1
1223,1985,-7.103728771,8.529237747,1
1223,2001,-1.092582703,4.293842316,1
1223,2017,-0.9241315126,3.566928387,1
1223,2033,1.33770299,3.140099525,1
1239,17,-0.9602609873,1.324235916,1
1239,33,-1.088172317,0.1908894479,1
1239,49,1.114602327,-9.344209671,1
1239,65,-1.721148491,0.05587911606,1
1239,81,-2.093800783,-0.2363624275,1
1239,97,-2.179386377,-0.3999050558,1
1239,113,-7.4479599,-7.524877548,1
1239,129,-8.737381935,6.774183273,1
1239,145,-7.562356949,0.1452559233,1
1239,161,-1.779393435,-3.4191401,1
1239,177,-3.84981823,1.425434113,1
1239,193,-3.405077219,2.334520102,1
1239,209,-1.112662673,0.3724822998,1
1239,225,-0.912134707,1.019269228,1
1239,241,-0.5599215031,1.650467992,1
1239,257,1.186097622,1.873248696,1
1239,273,-0.4615493417,1.404497862,1
1239,289,-1.064791799,1.873906016,1
1239,305,-2.409688234,1.394521117,1
1239,321,-4.060121536,2.230515242,1
1239,337,-2.480743885,5.648668289,1
1239,353,-0.9670302272,3.917532682,1
1239,369,1.276990414,3.634367466,1
1239,385,3.589790821,3.093413591,1
1239,401,6.310201645,8.574075699,1
1239,417,-0.1903912127,2.47232008,1
1239,433,0.2798094749,2.767365694,1
1239,449,7.303165913,-1.785445094,1
1239,465,-0.7517079711,3.215711117,1
1239,481,-0.9811097383,4.302828789,1
1239,497,-0.04713439941,11.06291199,1
1239,513,-1.215774298,11.04010391,1
1239,529,-1.364268303,2.127800703,1
1239,545,-2.108966351,0.9003036022,1
1239,561,-2.873868942,1.261991978,1
1239,577,-0.4002608061,0.710454464,1
1239,593,-2.970480442,-0.09401774406,1
1239,609,0.3583740294,3.701953888,1
1239,625,0.9053387642,5.267137051,1
1239,641,2.471252918,11.2926445,1
1239,657,1.447428703,-2.019851208,1
1239,673,-2.596597672,5.06829834,1
1239,689,6.839430809,3.388695955,1
1239,705,5.799577713,-1.897046566,1
1239,721,-2.595161438,2.636626959,1
1239,737,8.610971451,4.796830177,1
1239,753,-9.193986893,-0.2630002499,1
1239,769,0.9033728838,11.28373814,1
1239,785,-0.731212616,0.1567120552,1
1239,801,-7.968668938,-2.188956976,1
1239,817,-3.183209896,10.96679974,1
1239,833,-1.186467648,2.194547176,1
1239,849,-0.7238374352,-2.589878559,1
1239,865,-0.9612728953,-0.6049250364,1
1239,881,-1.009135723,1.700156927,1
1239,897,0.7080625296,2.309729099,1
1239,913,0.2569723725,2.553812504,1
1239,929,-0.4187445045,3.491256714,1
1239,945,7.938847542,1.66085887,1
1239,961,7.792951584,1.33506,1
1239,977,0.1742882729,3.294385672,1
1239,993,-0.03678297997,3.66979599,1
1239,1009,0.1278928518,-4.008919716,1
1239,1025,-0.6098435521,3.88802433,1
1239,1041,-0.4650826454,4.066542625,1
1239,1057,-0.3125908375,3.403669119,1
1239,1073,-0.3007457256,3.935963154,1
1239,1089,-0.3654585481,3.721613884,1
1239,1105,-0.4136181474,3.986017704,1
1239,1121,-0.1312777698,3.600357056,1
1239,1137,0.09400262684,3.23622942,1
1239,1153,0.2666838169,1.698528528,1
1239,1169,-0.01994618028,2.067219496,1
1239,1185,-8.210018158,4.04132843,1
1239,1201,0.6677475572,1.25272727,1
1239,1217,0.7274839878,2.717060566,1
1239,1233,0.32891348,4.549602509,1
1239,1249,1.378119946,4.371417999,1
1239,1265,2.725752354,3.439448833,1
1239,1281,2.451522827,3.254027843,1
1239,1297,-0.1790370345,11.49799919,1
1239,1313,0.5121840239,2.035095453,1
1239,1329,-1.329932451,2.018659592,1
1239,1345,-1.409709454,2.281435251,1
1239,1361,-1.711547375,2.139835358,1
1239,1377,-1.112428665,8.721016884,1
1239,1393,-2.988154888,3.955897808,1
1239,1409,6.474461555,-3.879259586,1
1239,1425,7.53767252,-5.109377384,1
1239,1441,1.966750145,0.6652694941,1
1239,1457,2.001658201,0.6137186885,1
1239,1473,-2.964946508,-6.009542465,1
1239,1489,1.955609798,-0.05235874653,1
1239,1505,3.117377043,-1.152907491,1
1239,1521,3.723153353,0.4292832315,1
1239,1537,2.628086567,0.05323573947,1
1239,1553,0.6115614176,-1.441837311,1
1239,1569,-0.4248807132,-2.141703367,1
1239,1585,-1.426370502,-1.773972511,1
1239,1601,-0.4674630165,-0.9171203375,1
1239,1617,0.3133713603,-0.6709172726,1
1239,1633,1.318719149,0.7412359118,1
1239,1649,4.354617119,-1.171916485,1
1239,1665,1.963926077,-4.830235481,1
1239,1681,2.202134848,-8.964092255,1
1239,1697,2.018854618,-8.28619194,1
1239,1713,1.437398195,-9.060595512,1
1239,1729,2.848226786,8.104112625,1
1239,1745,3.170687437,0.8545837998,1
1239,1761,3.062573433,4.817453861,1
1239,1777,3.465522051,-0.7149254084,1
1239,1793,3.61913228,-8.57912159,1
1239,1809,7.482753754,-8.117563248,1
1239,1825,7.525719643,7.194643974,1
1239,1841,7.924856663,-1.200027704,1
1239,1857,8.213956833,-0.03593098745,1
1239,1873,4.093203545,-0.6350575089,1
1239,1889,4.184983253,0.633451879,1
1239,1905,4.143028259,1.25398922,1
1239,1921,3.186180592,1.448979139,1
1239,1937,-1.283138037,6.036383629,1
1239,1953,-0.9894746542,5.419394016,1
1239,1969,0.8702743649,6.045935631,1
1239,1985,1.194307923,8.16291523,1
1239,2001,-0.4019797444,1.48428154,1
1239,2017,-2.706109524,3.765903234,1
1239,2033,1.016898751,2.327901363,1
1255,17,1.058306932,1.786716819,1
1255,33,-0.9972228408,-0.6170595884,1
1255,49,-2.363803387,-3.494471073,1
1255,65,-1.654904604,-0.8798042536,1
1255,81,-2.242502689,-0.5669230223,1
1255,97,-2.830862522,-0.5642945766,1
1255,113,-2.878954411,0.4875142872,1
1255,129,-5.014144421,0.5025144815,1
1255,145,-6.703019142,0.159945637,1
1255,161,-4.410999298,-2.306382656,1
1255,177,-4.516187668,0.8978376985,1
1255,193,-2.983381748,2.276017666,1
1255,209,-1.491010666,1.308150768,1
1255,225,-0.8870387077,0.6183822155,1
1255,241,-0.5303605199,1.461115718,1
1255,257,-0.1420910656,2.049257278,1
1255,273,-0.1481512487,2.720935345,1
1255,289,-0.6494001746,1.569366813,1
1255,305,-1.336592197,1.279227495,1
1255,321,-1.83821702,1.627702475,1
1255,337,-1.205662489,8.202438354,1
1255,353,-2.231784105,3.540607929,1
1255,369,8.985578537,3.106365681,1
1255,385,-7.082322121,8.001805305,1
1255,401,0.3296530843,1.359879255,1
1255,417,-0.1657209992,2.894301891,1
1255,433,-0.2985906005,3.225795746,1
1255,449,-0.2279553413,1.008467674,1
1255,465,-0.656701386,1.171818972,1
1255,481,-1.708488464,2.667169809,1
1255,497,-0.6242072582,3.643977642,1
1255,513,-2.003073454,4.009288311,1
1255,529,-3.831670284,2.094053268,1
1255,545,-2.778772831,1.089238405,1
1255,561,-0.3684296608,0.5537998676,1
1255,577,1.367226362,1.434255838,1
1255,593,-1.041069746,5.236662865,1
1255,609,1.546298504,2.343124151,1
1255,625,1.791315317,6.397447586,1
1255,641,3.04794383,7.842906952,1
1255,657,4.789668083,7.80271244,1
1255,673,1.706784248,12.08062553,1
1255,689,0.4260246754,3.672003269,1
1255,705,-1.358657837,2.732705832,1
1255,721,-1.109529257,2.425693989,1
1255,737,-0.6027363539,4.000369072,1
1255,753,-1.009248018,5.229514122,1
1255,769,-8.924448967,5.006456375,1
1255,785,8.206885338,-0.3367049694,1
1255,801,-0.8436149359,3.399199247,1
1255,817,-3.447813034,10.93598747,1
1255,833,-1.252145529,-6.613059998,1
1255,849,-1.434217334,1.645506263,1
1255,865,-0.2958515882,0.425714016,1
1255,881,0.263882637,1.620413184,1
1255,897,0.1821717918,2.184100151,1
1255,913,0.6530539989,2.778409004,1
1255,929,-2.245914936,-5.750731468,1
1255,945,-2.870183468,1.775857568,1
1255,961,2.0593009,10.57431412,1
1255,977,0.8833078146,4.514525414,1
1255,993,-0.7657743692,3.71710515,1
1255,1009,-1.672627926,4.35164547,1
1255,1025,-2.208343029,5.215261459,1
1255,1041,-1.662852287,4.538986206,1
1255,1057,-0.7121094465,3.262439966,1
1255,1073,-0.420473814,2.992700338,1
1255,1089,-0.3276860118,4.239153385,1
1255,1105,-0.4160471261,4.171730518,1
1255,1121,0.9998063445,3.51575017,1
1255,1137,0.6796985269,3.673489571,1
1255,1153,0.4179456532,2.972562551,1
1255,1169,0.4189278781,8.481042862,1
1255,1185,0.821801722,4.33214283,1
1255,1201,1.548217058,3.11164546,1
1255,1217,1.709415913,3.714265823,1
1255,1233,1.033780098,3.719225168,1
1255,1249,0.5774669647,5.240410805,1
1255,1265,0.8006600738,3.908302784,1
1255,1281,0.7503790259,2.966054678,1
1255,1297,0.06124353409,11.5033226,1
1255,1313,-5.062987804,10.04269409,1
1255,1329,-1.351567745,1.092867613,1
1255,1345,-4.373915672,10.95821953,1
1255,1361,-1.637273788,2.8589077,1
1255,1377,2.955558062,9.670035362,1
1255,1393,-7.858299255,2.572853088,1
1255,1409,-6.845259666,6.500962734,1
1255,1425,2.254721165,-0.9225273132,1
1255,1441,2.641463757,-0.03610056639,1
1255,1457,3.577341557,1.518851399,1
1255,1473,6.723062038,2.667392015,1
1255,1489,-5.597336769,-0.2267893553,1
1255,1505,2.05440259,0.1795456409,1
1255,1521,2.602841139,3.168218136,1
1255,1537,1.601679921,2.444894314,1
1255,1553,5.662190437,-3.332859516,1
1255,1569,2.542143822,-1.964713097,1
1255,1585,-0.1449566483,-2.106304646,1
1255,1601,0.1513331831,-1.397039533,1
1255,1617,0.6757653356,-0.5294327736,1
1255,1633,1.830949783,0.4386626482,1
1255,1649,2.216967821,0.3465789557,1
1255,1665,2.352127075,8.110608101,1
1255,1681,1.742675781,7.925280571,1
1255,1697,2.356390715,-1.719067335,1
1255,1713,9.422093391,-6.198429108,1
1255,1729,6.751291752,1.829980612,1
1255,1745,4.576738358,0.2851345539,1
1255,1761,-5.294873238,0.3636649549,1
1255,1777,-4.465773582,-1.064476967,1
1255,1793,2.881437778,7.904408455,1
1255,1809,2.600600004,-5.595077515,1
1255,1825,9.705369949,-0.2927554846,1
1255,1841,2.00910902,2.961495399,1
1255,1857,2.166021109,0.05618797243,1
1255,1873,2.441507816,-0.9324269295,1
1255,1889,1.828373909,1.018321753,1
1255,1905,1.631350279,0.825637579,1
1255,1921,2.812938929,0.4435528517,1
1255,1937,2.299172163,1.764848232,1
1255,1953,-1.54385972,5.099440575,1
1255,1969,0.7191638947,7.219295502,1
1255,1985,1.245953202,9.108894348,1
1255,2001,0.04118531942,2.395940304,1
1255,2017,-0.2683057785,3.634587526,1
1255,2033,0.05574935675,1.156255007,1
1271,17,1.272643805,1.59706831,1
1271,33,-0.3181011975,-0.2687054873,1
1271,49,-0.9092271328,-2.156209469,1
1271,65,-1.097850204,-1.503857613,1
1271,81,-1.430045843,-1.346339703,1
1271,97,-1.685846806,-1.550348043,1
1271,113,-2.811131477,-0.4502626657,1
1271,129,-2.666022539,0.3690783679,1
1271,145,-1.879829645,-0.03815315664,1
1271,161,-1.688278675,-0.04636880755,1
1271,177,-1.91687417,8.832904816,1
1271,193,-1.354241133,8.823437691,1
1271,209,0.6593658924,1.02894783,1
1271,225,-0.8916822672,0.3068336844,1
1271,241,-1.271003246,0.9505331516,1
1271,257,-0.1113945246,1.504827976,1
1271,273,0.8513957262,1.638502598,1
1271,289,1.961645603,0.9746416807,1
1271,305,1.902222157,1.357067227,1
1271,321,2.509999275,5.75071764,1
1271,337,-0.7480203509,3.501749992,1
1271,353,-6.623576164,7.602976799,1
1271,369,-6.287546635,7.302743912,1
1271,385,0.2711059153,1.953816414,1
1271,401,0.02987957001,1.675104618,1
1271,417,-0.7250720263,2.860855818,1
1271,433,-3.594097376,2.724275112,1
1271,449,-1.132464647,0.9979979992,1
1271,465,-2.520965576,0.8234753609,1
1271,481,-3.593522072,-0.166475296,1
1271,497,0.2684805393,1.950607777,1
1271,513,-1.977293253,2.894938707,1
1271,529,-3.136207342,2.472718716,1
1271,545,-2.404464722,1.151905179,1
1271,561,-1.005330682,0.896822691,1
1271,577,-0.01659023762,1.980798125,1
1271,593,0.4500675499,3.059309959,1
1271,609,-0.6034268141,3.658791542,1
1271,625,-0.2308547497,-4.196811676,1
1271,641,7.370548725,-0.9610905647,1
1271,657,4.250531673,10.38688087,1
1271,673,0.5376410484,11.70577526,1
1271,689,-8.514022827,6.02690649,1
1271,705,-0.5726867914,3.600534916,1
1271,721,-0.4599854648,3.268776417,1
1271,737,0.3814245462,0.4978504181,1
1271,753,6.100290775,-3.980674505,1
1271,769,3.371021509,4.171021461,1
1271,785,-0.02520421147,2.348954439,1
1271,801,-0.03438192606,3.713833094,1
1271,817,-0.5029096603,2.398850679,1
1271,833,-6.726920128,-4.206614971,1
1271,849,-0.9348495603,2.639588833,1
1271,865,-0.1226514876,2.137584686,1
1271,881,-0.1731159091,1.670199156,1
1271,897,-1.213501334,1.483832836,1
1271,913,8.386738777,2.098203182,1
1271,929,-2.379204273,-5.771350861,1
1271,945,-1.232523203,-6.608819962,1
1271,961,-1.12071681,-6.464967728,1
1271,977,-1.050705552,2.220461607,1
1271,993,-1.446584702,3.047262192,1
1271,1009,-3.469576836,4.8246665,1
1271,1025,-3.627971172,5.256399632,1
1271,1041,-5.293633461,11.54060555,1
1271,1057,0.8540773392,-5.072188377,1
1271,1073,-0.287925899,3.829771757,1
1271,1089,-0.8468496203,5.266217232,1
1271,1105,-1.247136712,5.059840202,1
1271,1121,-0.6073210239,3.987220764,1
1271,1137,-7.942975998,3.539423943,1
1271,1153,1.043202639,4.51982975,1
1271,1169,1.276992559,3.901772976,1
1271,1185,2.715494633,5.300432682,1
1271,1201,1.93722415,4.223692894,1
1271,1217,2.374841213,3.501608372,1
1271,1233,1.649312735,2.630609512,1
1271,1249,0.9417427778,2.976508141,1
1271,1265,1.715245485,3.345880985,1
1271,1281,2.00545907,3.2703197,1
1271,1297,-0.484477818,-0.3488712311,1
1271,1313,-6.042128563,9.276613235,1
1271,1329,-3.58357048,11.03809643,1
1271,1345,-4.097150803,11.0359602,1
1271,1361,6.798811913,5.26570797,1
1271,1377,-4.497529984,2.566650867,1
1271,1393,-0.6404251456,3.804903746,1
1271,1409,6.772693634,2.52488327,1
1271,1425,0.8280870914,0.4376330376,1
1271,1441,0.9115804434,0.6779301763,1
1271,1457,1.514314294,1.642177582,1
1271,1473,4.112078667,3.103449821,1
1271,1489,3.062485933,2.174601555,1
1271,1505,-4.916754246,6.006165504,1
1271,1521,1.922973871,3.255924225,1
1271,1537,3.913622618,-1.382148266,1
1271,1553,0.8435804248,-0.1171295345,1
1271,1569,0.4567198753,-1.335518956,1
1271,1585,0.1339281499,-1.928355932,1
1271,1601,0.06937801838,-1.936194897,1
1271,1617,0.8392825127,-0.9608147144,1
1271,1633,1.084857106,-0.4305200577,1
1271,1649,1.087990284,-0.2324283123,1
1271,1665,4.148404121,7.973388672,1
1271,1681,3.746383429,7.930174351,1
1271,1697,3.076089382,-0.7435204983,1
1271,1713,8.716468811,-0.437697053,1
1271,1729,7.81519413,2.266254663,1
1271,1745,2.786402225,2.742606401,1
1271,1761,2.536667824,0.6515190005,1
1271,1777,3.456487656,0.2163844407,1
1271,1793,-3.47307086,-6.599596024,1
1271,1809,-6.103624344,-2.283929825,1
1271,1825,-7.148646355,-0.6999452114,1
1271,1841,1.262187243,-0.2089861184,1
1271,1857,1.30737114,0.1826793998,1
1271,1873,-1.002104521,-8.462425232,1
1271,1889,-5.73327446,4.73593998,1
1271,1905,6.416014194,2.282983303,1
1271,1921,3.520865917,0.4404462576,1
1271,1937,2.197883129,1.910930276,1
1271,1953,0.9886360168,4.029432774,1
1271,1969,0.4123315811,4.554368019,1
1271,1985,0.9209569693,5.982293129,1
1271,2001,-8.581839561,7.057667255,1
1271,2017,-5.199816227,10.21844959,1
1271,2033,-1.369626641,10.23234177,1
1287,17,0.3718209267,0.27996099,1
1287,33,0.2019513547,0.539087832,1
1287,49,0.7698715925,-0.6246622801,1
1287,65,-0.9814252257,-2.22053051,1
1287,81,-1.424256921,-2.102810383,1
1287,97,-8.863698006,-6.240602016,1
1287,113,-1.948989749,-0.3809198439,1
1287,129,-1.619796515,0.2441629469,1
1287,145,0.2244586945,-0.6073927879,1
1287,161,2.049719095,-1.504174829,1
1287,177,3.00887394,-1.004207969,1
1287,193,0.791818738,8.595880508,1
1287,209,1.968040586,0.07457950711,1
1287,225,0.1192650795,0.07829064131,1
1287,241,-1.070715904,0.1217886209,1
1287,257,-0.4605284929,0.5338102579,1
1287,273,0.322239995,1.068291545,1
1287,289,-0.4552171826,1.416257739,1
1287,305,-0.3587347269,1.85370338,1
1287,321,3.819963217,7.836641788,1
1287,337,0.9970878363,4.693398476,1
1287,353,-1.590805054,4.434532166,1
1287,369,-1.810339451,3.841943026,1
1287,385,-1.036151648,1.107574701,1
1287,401,-1.28966558,2.958295822,1
1287,417,-2.766615629,5.105830193,1
1287,433,-4.088454723,5.043973923,1
1287,449,-2.125522137,3.204274178,1
1287,465,-1.294215202,-3.537849426,1
1287,481,-0.3435354233,-7.170690536,1
1287,497,-1.307869077,1.194715261,1
1287,513,-1.051556587,1.749525666,1
1287,529,-1.070458889,2.14910841,1
1287,545,-1.543824077,1.305010796,1
1287,561,-1.136854291,0.7925575972,1
1287,577,-0.4581959248,1.811489582,1
1287,593,-0.3734104037,1.89372611,1
1287,609,-0.5531272292,-4.645266533,1
1287,625,-0.5497425795,1.460250139,1
1287,641,-0.3004330397,2.535589695,1
1287,657,-0.4817768335,3.6189363,1
1287,673,-7.038133621,8.185785294,1
1287,689,-7.680314064,3.454479218,1
1287,705,-6.130122662,9.919130325,1
1287,721,-0.285613656,3.916824818,1
1287,737,-0.06244812906,-1.843555927,1
1287,753,4.585336685,-5.300019264,1
1287,769,-0.005673915148,2.602408886,1
1287,785,-0.5891788006,2.381401539,1
1287,801,-1.37355125,10.59461689,1
1287,817,-1.72235918,-0.454719305,1
1287,833,-2.192260027,-0.2882847786,1
1287,849,-0.9535344243,4.300294876,1
1287,865,-0.5156630874,3.867645741,1
1287,881,-0.3628911972,1.640028954,1
1287,897,0.167409271,2.181583881,1
1287,913,1.934593678,-6.367759705,1
1287,929,0.01244261861,-4.934775829,1
1287,945,-1.03298974,10.75423813,1
1287,961,-1.320240021,3.078822374,1
1287,977,-2.495138168,2.19041872,1
1287,993,-3.118790627,3.098974466,1
1287,1009,-3.414479256,5.302826881,1
1287,1025,-1.717029929,4.329116821,1
1287,1041,-2.665388584,3.754803658,1
1287,1057,-5.118127346,3.470923424,1
1287,1073,-5.127902031,3.963763475,1
1287,1089,-4.172760963,4.4929142,1
1287,1105,-3.721343994,4.234261513,1
1287,1121,-2.63781929,5.262097836,1
1287,1137,-5.597173691,3.299583197,1
1287,1153,2.124006033,3.31182313,1
1287,1169,3.294869661,3.145977974,1
1287,1185,1.218117237,2.891655445,1
1287,1201,2.865757227,6.270220757,1
1287,1217,8.826586723,2.829293251,1
1287,1233,1.771348357,0.6685240269,1
1287,1249,1.21426034,2.443026781,1
1287,1265,1.494376898,2.849235296,1
1287,1281,4.096806049,3.600080013,1
1287,1297,0.3027807474,3.178004265,1
1287,1313,2.720257998,11.1371479,1
1287,1329,-0.669164896,2.368495703,1
1287,1345,-0.9887059927,0.8430354595,1
1287,1361,0.1522908211,2.185702562,1
1287,1377,0.1452018619,3.030662298,1
1287,1393,-0.444272995,4.20135498,1
1287,1409,-0.3602588475,3.201079607,1
1287,1425,-0.01337260008,2.062406063,1
1287,1441,0.3785577416,-7.279209614,1
1287,1457,2.050059795,1.266745806,1
1287,1473,3.04605937,1.852241755,1
1287,1489,4.215304375,1.569008112,1
1287,1505,6.232026577,0.6372215748,1
1287,1521,5.5987854,0.7703239918,1
1287,1537,4.366767883,-1.768191099,1
1287,1553,5.41404438,5.132016182,1
1287,1569,-1.814394593,0.1940119267,1
1287,1585,-0.4798464179,-1.172933102,1
1287,1601,0.4370158911,-1.750600696,1
1287,1617,1.703339219,-0.8945505619,1
1287,1633,-1.313002825,2.304519176,1
1287,1649,7.574284554,-7.532342434,1
1287,1665,8.686785698,-6.384860039,1
1287,1681,2.366656065,-0.3217432499,1
1287,1697,2.317329645,0.01127204299,1
1287,1713,2.875166893,-0.3538151979,1
1287,1729,6.431003571,2.846990585,1
1287,1745,2.630734444,0.1900311708,1
1287,1761,4.016962051,0.4431945086,1
1287,1777,6.243659019,0.6911417246,1
1287,1793,5.915930748,-0.4201413989,1
1287,1809,-1.485246181,-1.09300518,1
1287,1825,-2.320107937,-0.5620368719,1
1287,1841,0.8782266378,-0.3759494424,1
1287,1857,1.159807205,0.2727035284,1
1287,1873,1.524523258,0.1953225285,1
1287,1889,-5.461478233,5.451640129,1
1287,1905,3.290374517,0.02003276348,1
1287,1921,2.098700523,-2.434610367,1
1287,1937,2.978624105,2.592877388,1
1287,1953,1.504836917,3.320229769,1
1287,1969,0.3575584888,3.067213774,1
1287,1985,1.26206696,3.627615929,1
1287,2001,0.7358517051,3.611294746,1
1287,2017,-0.8366026282,4.281460285,1
1287,2033,-0.017406106,10.13897324,1
1303,17,-0.06300622225,-0.9482549429,1
1303,33,-0.3247209787,-0.9968729019,1
1303,49,-2.864700317,-8.838981628,1
1303,65,-1.579352975,-2.262577295,1
1303,81,-1.590928555,-2.803393602,1
1303,97,-1.372539759,-0.8616126776,1
1303,113,-1.798456192,-0.08169868588,1
1303,129,-1.274773598,-0.05934292078,1
1303,145,0.4387196898,-1.097739339,1
1303,161,-6.043280602,-2.283531189,1
1303,177,1.870604277,-2.205227375,1
1303,193,2.565304756,8.283716202,1
1303,209,1.895795465,-0.626537323,1
1303,225,1.423803806,6.728166103,1
1303,241,-0.6926802397,-0.2483639419,1
1303,257,-0.6693906784,0.2818748355,1
1303,273,-1.399417043,1.601821899,1
1303,289,-1.617661715,1.936354876,1
1303,305,-1.263360381,2.568135023,1
1303,321,-1.052123308,2.27873683,1
1303,337,-0.9107964039,2.303103685,1
1303,353,-1.280656099,3.033923388,1
1303,369,-1.65929997,2.624076843,1
1303,385,-0.8307719231,0.8929469585,1
1303,401,-9.022629738,6.648041725,1
1303,417,-2.975560665,3.935862303,1
1303,433,-3.56261158,4.24704361,1
1303,449,6.738177299,3.864004612,1
1303,465,-0.1966687441,2.321960211,1
1303,481,-1.192697287,1.491854787,1
1303,497,-2.323318243,1.127421379,1
1303,513,-2.808511734,-0.5178365707,1
1303,529,-0.367643714,9.626446724,1
1303,545,-1.526171446,1.640333533,1
1303,561,-1.040740967,1.589365721,1
1303,577,0.8865207434,0.865545392,1
1303,593,-0.450517714,1.11864543,1
1303,609,-1.081479311,0.738615036,1
1303,625,-0.8701736331,1.722207785,1
1303,641,0.06297814846,2.137033463,1
1303,657,0.05057183281,2.523426533,1
1303,673,-0.5906956792,3.056246042,1
1303,689,-7.682080746,2.98849225,1
1303,705,-8.222581863,-1.686806917,1
1303,721,2.05795455,7.576842308,1
1303,737,-2.305418491,-5.909309387,1
1303,753,-2.647495031,10.59148502,1
1303,769,-0.04220686853,1.325576782,1
1303,785,-0.1903331131,1.438901424,1
1303,801,-1.090982795,-3.884097338,1
1303,817,-5.492265224,-3.886603117,1
1303,833,-3.671636581,2.529238224,1
1303,849,-1.946767211,3.358289719,1
1303,865,-0.8738592863,4.009844303,1
1303,881,-8.70361805,-0.8091919422,1
1303,897,1.011619091,2.23618722,1
1303,913,0.8997268081,2.697694778,1
1303,929,0.4860864878,2.849096775,1
1303,945,-1.075107694,2.168250561,1
1303,961,-1.095138788,4.523228645,1
1303,977,-1.099669099,2.218977928,1
1303,993,-0.8966610432,2.185166836,1
1303,1009,-2.548792839,11.77123833,1
1303,1025,-7.52996397,9.455047607,1
1303,1041,0.6337611675,2.756973267,1
1303,1057,-6.598522663,-2.773749352,1
1303,1073,7.777432919,6.206539154,1
1303,1089,-1.600218892,-4.713195801,1
1303,1105,-1.651868939,4.869399071,1
1303,1121,-2.825440884,4.167085171,1
1303,1137,-8.463406563,-1.131756306,1
1303,1153,2.376420498,2.393104553,1
1303,1169,3.844102144,3.160242081,1
1303,1185,1.746973991,2.752049446,1
1303,1201,2.760602713,6.927731037,1
1303,1217,-5.324538231,-3.337079287,1
1303,1233,1.557236195,1.729394436,1
1303,1249,1.450999975,2.545571327,1
1303,1265,1.374521494,2.850067854,1
1303,1281,0.1080623865,3.827173233,1
1303,1297,-1.533393979,2.209935188,1
1303,1313,-1.316374779,3.043305159,1
1303,1329,-0.5252754688,2.667341232,1
1303,1345,-0.5035975575,1.216674089,1
1303,1361,-0.7288181782,1.713820219,1
1303,1377,0.6014014482,4.697135925,1
1303,1393,-1.665532589,3.172979355,1
1303,1409,-0.1087976992,4.45229578,1
1303,1425,-0.1387762874,2.316655636,1
1303,1441,0.8770389557,1.830134392,1
1303,1457,3.017696381,1.168003798,1
1303,1473,4.037561893,1.150403738,1
1303,1489,9.809418678,1.558544159,1
1303,1505,5.707690239,0.38801682,1
1303,1521,2.99243927,0.597500205,1
1303,1537,2.164197922,6.355759144,1
1303,1553,-4.595686913,0.9571579695,1
1303,1569,-1.109308004,1.999300599,1
1303,1585,-0.6371981502,-0.7601853013,1
1303,1601,0.4523511529,-1.314559698,1
1303,1617,1.52395153,0.4486268759,1
1303,1633,-1.672614098,5.192224503,1
1303,1649,-0.1190474033,7.497938156,1
1303,1665,3.422608852,7.815113068,1
1303,1681,-3.973537207,-2.658178568,1
1303,1697,-2.569413185,-0.2807614505,1
1303,1713,-1.466612101,-0.3666807413,1
1303,1729,-1.527058125,-0.5699048638,1
1303,1745,-1.094544888,-0.2115818858,1
1303,1761,4.151689529,-0.07689729333,1
1303,1777,5.113912582,-0.07419103384,1
1303,1793,2.67223382,-0.4180603027,1
1303,1809,1.142183542,-0.861263752,1
1303,1825,0.3090994358,-0.4924533367,1
1303,1841,0.1096968055,-0.154432714,1
1303,1857,0.9828318954,0.02716574073,1
1303,1873,1.04568696,0.08615161479,1
1303,1889,1.251664162,-0.2303401232,1
1303,1905,0.8928382397,0.007970422506,1
1303,1921,0.3491200209,-1.963248014,1
1303,1937,5.280875683,-6.495845795,1
1303,1953,3.133557796,-7.472651482,1
1303,1969,-6.451353073,-3.320028305,1
1303,1985,0.6830099821,3.50615859,1
1303,2001,0.13007617,4.525661469,1
1303,2017,-6.948582649,3.473286867,1
1303,2033,-0.4789910316,1.25363183,1
1319,17,-0.3993761539,0.07713282108,1
1319,33,-9.044658661,-2.48286891,1
1319,49,-0.5709052682,-0.1342709959,1
1319,65,2.635793924,-9.486182213,1
1319,81,-5.114308357,-8.595035553,1
1319,97,0.1483547688,-0.5807887912,1
1319,113,-1.199060082,-0.3376707435,1
1319,129,-0.9665353894,-0.4796026051,1
1319,145,-2.691605806,-9.497372627,1
1319,161,-5.985427856,4.963708401,1
1319,177,-2.964277983,3.928862333,1
1319,193,0.6312555671,-1.497264862,1
1319,209,-0.48497504,-1.284390688,1
1319,225,-0.5991148353,-1.145935178,1
1319,241,-0.6281647086,-0.6545572877,1
1319,257,-0.9027752876,-0.364470005,1
1319,273,-2.789511681,0.3031805158,1
1319,289,-3.838007927,1.077243447,1
1319,305,-2.5746665,1.217342854,1
1319,321,-2.026660442,1.085849762,1
1319,337,-1.850763321,1.260041595,1
1319,353,-9.428659439,-3.095641375,1
1319,369,0.6301391125,-0.03851079941,1
1319,385,1.690361619,-0.1020468473,1
1319,401,-8.41061306,6.545621872,1
1319,417,-1.516622424,2.015500546,1
1319,433,-1.840121388,3.413639784,1
1319,449,-2.220655441,6.924161434,1
1319,465,1.02102685,10.30199909,1
1319,481,-3.161423922,1.771861672,1
1319,497,-4.353769302,1.740181446,1
1319,513,-2.792180061,0.5450858474,1
1319,529,-0.7987424135,9.145484924,1
1319,545,-2.585755348,1.389827013,1
1319,561,-1.759917378,1.592998028,1
1319,577,-1.209231138,0.6756985188,1
1319,593,-0.5869140625,0.9803116322,1
1319,609,-0.3865157366,1.42071104,1
1319,625,-0.1977669895,1.485595226,1
1319,641,0.3308229446,1.13374567,1
1319,657,0.2455634475,1.402053356,1
1319,673,-0.345441699,1.91007328,1
1319,689,-9.025794029,1.813681126,1
1319,705,0.2681539059,0.95403862,1
1319,721,6.818811417,-2.586195469,1
1319,737,7.013623238,-2.891674995,1
1319,753,-5.515720844,-6.393697262,1
1319,769,-0.5826417804,10.38408947,1
1319,785,-0.7967315316,2.001761436,1
1319,801,-0.7377388477,1.802766323,1
1319,817,-0.04567873478,1.037662745,1
1319,833,-4.154727459,2.955295563,1
1319,849,2.864312887,-6.458394527,1
1319,865,-4.959472656,-6.055009842,1
1319,881,0.4037848115,1.828086615,1
1319,897,1.017931938,1.337292075,1
1319,913,1.470619917,1.638699055,1
1319,929,0.7139984965,1.823219299,1
1319,945,0.2889608741,1.680477381,1
1319,961,0.2122681141,7.22780323,1
1319,977,-5.974770546,8.491299629,1
1319,993,-8.808612823,-0.369146347,1
1319,1009,-0.6474562287,1.737716913,1
1319,1025,-0.651189208,2.95730257,1
1319,1041,-0.4749162793,4.014478207,1
1319,1057,3.034457684,-1.226534843,1
1319,1073,2.34129858,-3.085700989,1
1319,1089,-0.5477014184,-1.492674828,1
1319,1105,-0.8848563433,3.870789528,1
1319,1121,-1.270346761,4.493783951,1
1319,1137,1.053785086,3.715034246,1
1319,1153,1.308018923,4.846584797,1
1319,1169,0.8269004822,7.863824844,1
1319,1185,12.04863644,4.424622059,1
1319,1201,4.662740231,3.832732916,1
1319,1217,8.276867867,2.55811882,1
1319,1233,1.284264326,1.996619701,1
1319,1249,1.424284697,2.13097024,1
1319,1265,1.382330656,2.299396276,1
1319,1281,8.917743683,0.7569589615,1
1319,1297,-2.922236919,2.416171074,1
1319,1313,-2.815444469,2.374845266,1
1319,1329,-8.932318687,-0.1583659649,1
1319,1345,-4.858496189,-5.29144907,1
1319,1361,1.963177919,11.20026398,1
1319,1377,-2.746501923,3.654175043,1
1319,1393,-2.09559679,2.814312458,1
1319,1409,-0.3943847716,2.592259407,1
1319,1425,0.3652580976,1.866201639,1
1319,1441,0.9178750515,1.922588587,1
1319,1457,2.03356719,2.920022249,1
1319,1473,2.300316095,3.773891926,1
1319,1489,2.123865604,2.216108322,1
1319,1505,1.523552895,2.347715855,1
1319,1521,0.8980052471,0.8090295792,1
1319,1537,0.7216448188,5.14517498,1
1319,1553,0.486083746,3.810282946,1
1319,1569,0.5349571705,2.352252007,1
1319,1585,-1.113509655,-0.5864509344,1
1319,1601,-0.4248800278,-0.9358146787,1
1319,1617,3.909996986,-1.458555698,1
1319,1633,4.514039516,-1.62443614,1
1319,1649,3.203026295,-3.619169474,1
1319,1665,2.302340269,7.227941036,1
1319,1681,-2.20730114,-7.573012352,1
1319,1697,-0.1983244419,-0.03671610355,1
1319,1713,0.9571396112,0.4834947586,1
1319,1729,-0.671628952,-1.867763042,1
1319,1745,0.1934309006,-3.659638405,1
1319,1761,5.789856911,-0.8307742476,1
1319,1777,7.43411684,1.249744534,1
1319,1793,-2.270305395,3.343588352,1
1319,1809,1.426307201,-0.8375514746,1
1319,1825,0.3404574394,-0.7658643723,1
1319,1841,-0.5028446913,-0.7276909351,1
1319,1857,-0.6501955986,-0.7910747528,1
1319,1873,-0.05865561962,-0.3610575199,1
1319,1889,0.6734106541,-0.5453298092,1
1319,1905,0.3840307593,0.1262898594,1
1319,1921,-6.097084045,4.68375349,1
1319,1937,-7.680458069,2.528864145,1
1319,1953,-1.241894722,-8.204587936,1
1319,1969,3.14283967,-7.802222729,1
1319,1985,0.8051275015,2.841626644,1
1319,2001,4.131664276,9.360958099,1
1319,2017,2.080848455,1.070458889,1
1319,2033,1.754884243,-0.01369202137,1
1335,17,-9.402301788,3.903848886,1
1335,33,0.1076691747,0.8115454912,1
1335,49,0.7730144858,0.3843504786,1
1335,65,0.4402828515,-0.5345171094,1
1335,81,-0.04045292735,-2.084272861,1
1335,97,-0.09402987361,8.094391823,1
1335,113,-8.357758522,-5.191555977,1
1335,129,-2.99231863,2.508691072,1
1335,145,-4.410348892,-8.431236267,1
1335,161,-0.5596055984,-0.5011333227,1
1335,177,1.067627788,-0.9622155428,1
1335,193,0.1336742938,-1.165333986,1
1335,209,-0.3627980947,-0.975346148,1
1335,225,-0.3322787285,-0.6879783273,1
1335,241,-0.4952700734,-0.5926941633,1
1335,257,-1.139024615,-0.1179705709,1
1335,273,-2.643856525,0.3931316733,1
1335,289,-3.682878494,0.990732789,1
1335,305,-2.872920036,0.7153571844,1
1335,321,-2.512792587,0.6681551933,1
1335,337,-2.195069551,1.182145119,1
1335,353,-1.692222118,1.82559669,1
1335,369,-0.9581344128,0.2416262627,1
1335,385,0.06629538536,1.225041151,1
1335,401,2.386889458,1.875246763,1
1335,417,-1.701029539,-6.396791458,1
1335,433,-0.03490024805,7.265242577,1
1335,449,-0.522534132,-0.06140208244,1
1335,465,-0.9176441431,-1.249957442,1
1335,481,7.243330956,-3.348339319,1
1335,497,-1.101908803,1.257678032,1
1335,513,-1.776247621,2.240202665,1
1335,529,-2.11427784,1.070317268,1
1335,545,-2.047582626,0.396636188,1
1335,561,-2.299129963,0.1392422915,1
1335,577,-3.802659035,1.514794827,1
1335,593,-1.159647703,1.968043923,1
1335,609,-0.4482465386,2.252867937,1
1335,625,-0.2328923345,1.003946304,1
1335,641,-0.08822695911,0.2106651068,1
1335,657,0.09463736415,-0.3212226629,1
1335,673,0.1132891923,0.2219741344,1
1335,689,-0.03968340158,0.324840188,1
1335,705,-0.6627702713,1.187795997,1
1335,721,-0.881500721,1.544952273,1
1335,737,-0.4686969519,-0.5229164362,1
1335,753,3.090980053,9.139961243,1
1335,769,-8.489481926,5.168865681,1
1335,785,-9.296387672,3.553691626,1
1335,801,-0.6668976545,4.407745361,1
1335,817,6.134692192,-5.194287777,1
1335,833,5.638266563,-4.63021946,1
1335,849,-0.500634253,1.027990341,1
1335,865,-0.260632962,2.690230131,1
1335,881,0.5406392217,1.460093021,1
1335,897,0.4341022968,1.189198732,1
1335,913,0.3311479688,0.01697039604,1
1335,929,0.3078447878,0.7908731699,1
1335,945,0.8337123394,0.775582552,1
1335,961,0.8138867617,4.569649696,1
1335,977,1.870254159,0.4479618073,1
1335,993,0.9406562448,-0.9261188507,1
1335,1009,0.3889319599,2.015290499,1
1335,1025,0.3384149671,5.102752686,1
1335,1041,-1.530423284,4.525746822,1
1335,1057,-9.066707611,1.635633469,1
1335,1073,-0.004184305668,4.303620815,1
1335,1089,-0.9514341354,4.183887482,1
1335,1105,-0.3754680753,4.479535103,1
1335,1121,-0.4639748633,4.821617603,1
1335,1137,2.042463779,3.731545925,1
1335,1153,1.593433499,12.39286423,1
1335,1169,7.782456398,9.88202095,1
1335,1185,10.56020737,5.534807205,1
1335,1201,11.32469177,3.860236406,1
1335,1217,1.933080196,4.188776016,1
1335,1233,2.054837227,3.067071438,1
1335,1249,1.344901204,2.049824715,1
1335,1265,0.8182787895,1.285248518,1
1335,1281,0.2184433937,1.927762985,1
1335,1297,2.969203472,-5.155026436,1
1335,1313,-2.892204762,2.514476061,1
1335,1329,-1.49748528,1.498975277,1
1335,1345,-1.347688556,1.481642008,1
1335,1361,-1.228727818,11.35885239,1
1335,1377,-3.682471514,3.086245775,1
1335,1393,-3.983985901,5.662471771,1
1335,1409,-0.5946719646,2.108221292,1
1335,1425,0.239672482,1.770684481,1
1335,1441,0.9826928377,2.086048603,1
1335,1457,1.573449612,2.629453659,1
1335,1473,1.213744521,2.880398035,1
1335,1489,1.791723609,2.176789284,1
1335,1505,3.25430584,0.7499908209,1
1335,1521,1.634336948,0.6971650124,1
1335,1537,1.183892846,0.07453370094,1
1335,1553,1.308605909,3.344220877,1
1335,1569,1.039930582,-2.259092093,1
1335,1585,-0.538851738,-2.070800781,1
1335,1601,-0.03707206249,-0.4866327643,1
1335,1617,3.147583723,-1.776297331,1
1335,1633,3.563495636,-1.333207607,1
1335,1649,2.473082542,-1.502071023,1
1335,1665,1.771602511,5.381464958,1
1335,1681,-4.444766998,2.014181852,1
1335,1697,2.043056488,-0.6363272667,1
1335,1713,1.936300039,-1.714652061,1
1335,1729,9.508893967,-5.539310455,1
1335,1745,7.666645527,-8.754079819,1
1335,1761,-7.041644096,1.227894306,1
1335,1777,-6.178052902,3.388010263,1
1335,1793,-7.574633121,-2.655088902,1
1335,1809,-7.168449402,4.09442997,1
1335,1825,-7.428200722,-0.7502918243,1
1335,1841,-0.9490091801,-1.798936963,1
1335,1857,-1.210689783,-2.100311518,1
1335,1873,-0.4949560761,-1.094733,1
1335,1889,6.029013634,6.185351372,1
1335,1905,0.9907410741,0.3656362593,1
1335,1921,1.310755253,2.21297884,1
1335,1937,2.940059185,1.944126487,1
1335,1953,3.602194309,1.861476421,1
1335,1969,-2.666634798,-0.1432697773,1
1335,1985,1.193524599,-0.2338555157,1
1335,2001,-3.290038109,6.638559818,1
1335,2017,-1.980807781,-7.717666149,1
1335,2033,4.067162514,-0.307493031,1
1351,17,-2.759632587,0.07635307312,1
1351,33,-0.8931366205,1.180633187,1
1351,49,-0.06174296141,1.336988807,1
1351,65,0.6663991809,0.5755221248,1
1351,81,1.220119238,2.238400698,1
1351,97,0.3467169404,0.3464002013,1
1351,113,5.176712513,-6.652727604,1
1351,129,-0.8420834541,0.06633755565,1
1351,145,-0.5123175979,-0.5047746301,1
1351,161,-0.07217782736,0.7736490369,1
1351,177,-0.04642564058,0.8229647279,1
1351,193,-0.3320766091,-0.9059228897,1
1351,209,-0.3308457732,9.626928329,1
1351,225,-0.4453048706,-0.2604475319,1
1351,241,-0.8282482624,-0.116746068,1
1351,257,-0.9705276489,-0.1142066121,1
1351,273,-2.032774448,0.3835688233,1
1351,289,-3.635539293,1.021991849,1
1351,305,-3.427927256,1.302985549,1
1351,321,-2.436353207,0.9726355076,1
1351,337,-1.449329853,1.024201274,1
1351,353,-1.14900732,1.986486673,1
1351,369,-1.676862955,1.362507224,1
1351,385,-0.1786100864,1.528309584,1
1351,401,1.840604901,2.385778904,1
1351,417,2.433866024,2.082577705,1
1351,433,1.122425318,2.950432539,1
1351,449,-0.0008046627045,1.312542439,1
1351,465,8.303774834,0.8895322084,1
1351,481,5.870653629,0.0732947588,1
1351,497,0.6399285793,0.87025249,1
1351,513,-1.203833818,0.3402775526,1
1351,529,-2.520384073,0.9137375951,1
1351,545,-2.753012896,0.7637937069,1
1351,561,-2.241258383,-3.117613077,1
1351,577,-2.300598383,2.656263351,1
1351,593,-2.461305141,3.815405846,1
1351,609,-2.406756401,4.267446518,1
1351,625,-3.026036263,9.238170624,1
1351,641,-4.4057374,-2.386080265,1
1351,657,-2.42957592,1.269178867,1
1351,673,8.522346497,0.3321053982,1
1351,689,8.423102379,2.701425791,1
1351,705,-0.9665250182,0.3447216749,1
1351,721,-1.274341106,1.349490166,1
1351,737,-1.352129936,1.64742589,1
1351,753,2.915309906,9.136242867,1
1351,769,-0.8672887683,1.501022696,1
1351,785,-0.9036189914,0.9581013918,1
1351,801,-0.8022293448,1.627706766,1
1351,817,-0.8314936161,1.183992386,1
1351,833,-0.7805361152,0.2915645838,1
1351,849,-0.8815485239,1.169253707,1
1351,865,-0.01499721408,1.872093201,1
1351,881,-0.3519082367,1.137520194,1
1351,897,-0.7230575085,0.875649929,1
1351,913,-0.1489412785,-0.3364578485,1
1351,929,-0.6476101875,0.5131665468,1
1351,945,0.1630315185,0.1405470371,1
1351,961,2.368107319,0.7037408948,1
1351,977,1.467763543,0.7060917616,1
1351,993,1.093900442,-0.6046903133,1
1351,1009,1.267759323,2.000834227,1
1351,1025,1.352371216,7.563665867,1
1351,1041,8.011756897,2.158069611,1
1351,1057,6.170722008,-2.058549404,1
1351,1073,-1.891425371,4.939395905,1
1351,1089,-5.254456043,10.63019276,1
1351,1105,0.1023115367,4.26948452,1
1351,1121,-0.6884483695,3.441966057,1
1351,1137,-2.298525095,3.110658407,1
1351,1153,1.754428983,-1.373227119,1
1351,1169,7.702515602,9.356001854,1
1351,1185,7.704934597,5.631585121,1
1351,1201,-4.082709312,9.636663437,1
1351,1217,2.733179092,4.058897495,1
1351,1233,2.729838133,3.183644772,1
1351,1249,1.853687525,2.987422943,1
1351,1265,0.6781560779,2.455437899,1
1351,1281,-0.02374710888,2.345458984,1
1351,1297,-0.4329534173,2.801373959,1
1351,1313,-6.475666523,-3.595166445,1
1351,1329,-1.628237367,3.286656857,1
1351,1345,-1.730614781,3.059484243,1
1351,1361,-1.285798311,2.279995203,1
1351,1377,7.488090515,1.190218449,1
1351,1393,-5.312736511,10.55622101,1
1351,1409,-9.426969528,1.384559631,1
1351,1425,0.04796481133,2.45518136,1
1351,1441,0.8367549181,2.491387367,1
1351,1457,1.103841305,2.557801723,1
1351,1473,1.515531421,2.469177246,1
1351,1489,2.746994019,1.7065804,1
1351,1505,3.430737495,0.06118857861,1
1351,1521,2.525919437,1.114798427,1
1351,1537,3.804589987,2.730324745,1
1351,1553,5.219923973,1.791265726,1
1351,1569,5.090103149,1.446972966,1
1351,1585,4.28483963,1.62217927,1
1351,1601,2.755516291,0.0973302424,1
1351,1617,2.310092449,0.7006269693,1
1351,1633,2.876649857,0.3193370104,1
1351,1649,2.407757998,-0.3614419103,1
1351,1665,1.982810974,-0.3996683359,1
1351,1681,1.593149185,4.783172607,1
1351,1697,3.982548952,-0.4065500498,1
1351,1713,3.646397591,-2.993796825,1
1351,1729,8.621417046,-6.925321579,1
1351,1745,1.209939718,-4.511343956,1
1351,1761,-6.73482275,2.566163778,1
1351,1777,1.021702528,5.916275978,1
1351,1793,2.442515135,0.1807436943,1
1351,1809,-0.3989105225,-0.8924044371,1
1351,1825,-1.773545384,-1.461149931,1
1351,1841,-2.253279209,-3.657522678,1
1351,1857,7.781617165,-2.771823406,1
1351,1873,7.075066566,-1.500075698,1
1351,1889,-0.07736074924,7.38448143,1
1351,1905,0.2633197308,0.9951407909,1
1351,1921,0.9259239435,-3.074211121,1
1351,1937,-6.861546993,4.326200962,1
1351,1953,0.7753382325,-0.3085132837,1
1351,1969,1.001972318,-1.147011518,1
1351,1985,1.356481194,-0.328001976,1
1351,2001,8.690579414,0.1155270934,1
1351,2017,0.6947789192,-8.908091545,1
1351,2033,5.330681801,-0.08958354592,1
1367,17,-8.270149231,-3.164180994,1
1367,33,-2.314471245,1.321976662,1
1367,49,-1.981822729,2.254311085,1
1367,65,-0.5341721773,1.711937308,1
1367,81,-0.08479034901,4.045816898,1
1367,97,-0.1357916594,2.024113417,1
1367,113,-1.020478487,0.4622621536,1
1367,129,-2.525141478,-8.230275154,1
1367,145,-0.8051263094,-0.09681537747,1
1367,161,1.849422455,4.980631828,1
1367,177,1.769439459,-7.060280323,1
1367,193,-1.80898118,2.003481388,1
1367,209,3.140009165,4.541430473,1
1367,225,3.195601225,0.3656060994,1
1367,241,-0.8299428821,-0.3110492826,1
1367,257,-0.7092610002,-0.3710152507,1
1367,273,-1.506031632,0.3020260036,1
1367,289,-3.483882427,0.7685909271,1
1367,305,-1.686777592,4.46901989,1
1367,321,-0.8724426031,1.504283547,1
1367,337,-0.9363231063,1.330529094,1
1367,353,-9.240363121,3.128009081,1
1367,369,-2.915162563,1.551344395,1
1367,385,0.09420067072,1.96755898,1
1367,401,1.432165265,2.251353741,1
1367,417,3.441828251,1.456403375,1
1367,433,3.039139509,1.423530221,1
1367,449,0.4776744246,2.004194736,1
1367,465,-0.1489184499,1.967793226,1
1367,481,-0.1589449197,1.949134231,1
1367,497,-0.3275181651,0.6430680752,1
1367,513,-1.57529974,0.5789989233,1
1367,529,-1.467034578,0.7006782889,1
1367,545,-1.727967978,2.113384247,1
1367,561,-1.632568359,1.563023806,1
1367,577,-1.421558976,2.916227818,1
1367,593,-1.389032722,4.125257969,1
1367,609,-2.689934015,4.383617878,1
1367,625,-3.42860961,-1.052497625,1
1367,641,-2.809209585,-1.947976232,1
1367,657,6.78722477,-0.2564988136,1
1367,673,7.547021389,-4.030743599,1
1367,689,1.115970135,4.424568653,1
1367,705,-1.451228619,0.1948153973,1
1367,721,-1.419906497,1.570580721,1
1367,737,-0.8363115788,1.854856849,1
1367,753,-0.8190123439,1.657769203,1
1367,769,-0.80782938,2.626973152,1
1367,785,-0.6593796611,-1.492346883,1
1367,801,-0.8417615294,1.156279087,1
1367,817,-0.7260537148,1.375597715,1
1367,833,-0.7667533159,1.27959156,1
1367,849,-0.811932385,1.481902719,1
1367,865,-0.522595048,1.457460284,1
1367,881,-1.118119955,1.905181766,1
1367,897,-1.429599643,-4.156477928,1
1367,913,-7.500315666,6.460116863,1
1367,929,-0.6041118503,2.219838142,1
1367,945,0.7012854218,1.587195754,1
1367,961,1.520345449,0.04331591725,1
1367,977,1.343669057,0.2270857096,1
1367,993,-0.09028840065,4.606626511,1
1367,1009,7.339120865,7.584867954,1
1367,1025,2.859027624,6.644057274,1
1367,1041,0.3583288193,5.379810333,1
1367,1057,6.645066738,-1.252832174,1
1367,1073,4.879607201,-3.419906139,1
1367,1089,1.000371456,0.2357370853,1
1367,1105,2.300118685,0.9816086292,1
1367,1121,-2.752924681,2.083999634,1
1367,1137,-2.537646532,2.319312811,1
1367,1153,-2.443921089,11.6549139,1
1367,1169,0.5014815927,0.2727589607,1
1367,1185,2.154574394,3.624613047,1
1367,1201,2.731240511,4.376746178,1
1367,1217,3.648591995,3.783221722,1
1367,1233,3.743941784,2.92593503,1
1367,1249,3.179096699,2.692252159,1
1367,1265,0.8752002716,2.898690701,1
1367,1281,0.06921796501,2.988045454,1
1367,1297,-0.2763853669,3.127333879,1
1367,1313,-0.7646383047,3.683501959,1
1367,1329,-1.42324996,3.61657548,1
1367,1345,-1.297502756,3.790661812,1
1367,1361,-0.9815826416,2.451510429,1
1367,1377,7.366629124,-0.7607560158,1
1367,1393,-2.751933813,10.99011707,1
1367,1409,1.705017567,11.02847576,1
1367,1425,-0.8602669835,2.739340067,1
1367,1441,0.7450453043,2.951092243,1
1367,1457,1.215281487,2.788167477,1
1367,1473,1.506774426,2.115841866,1
1367,1489,2.052120924,2.196433544,1
1367,1505,2.542862892,1.389962196,1
1367,1521,0.1530137062,9.521593094,1
1367,1537,3.291292191,0.7968788147,1
1367,1553,6.599328995,1.472416401,1
1367,1569,6.985294342,0.5463425517,1
1367,1585,5.864340782,0.7723682523,1
1367,1601,3.729938984,0.3663267493,1
1367,1617,2.405142307,1.447184682,1
1367,1633,3.432575703,2.812690973,1
1367,1649,3.167153358,1.140750289,1
1367,1665,3.46317029,-0.4660786986,1
1367,1681,2.87816596,-0.7798402309,1
1367,1697,-2.126716852,-4.470234871,1
1367,1713,1.25456953,-3.898215771,1
1367,1729,0.7165057659,-0.939435482,1
1367,1745,-6.550970078,-7.431317329,1
1367,1761,1.090325356,-4.284749508,1
1367,1777,2.464760542,-4.292126656,1
1367,1793,3.396558762,-4.975011826,1
1367,1809,2.025639057,-1.229291797,1
1367,1825,-10.30209541,-1.536992431,1
1367,1841,-1.903222919,-2.292253017,1
1367,1857,-0.6774822474,5.936338425,1
1367,1873,0.1175447106,-1.774246573,1
1367,1889,0.2910199761,-0.9667093754,1
1367,1905,0.3818054199,-0.07935214043,1
1367,1921,0.5331614017,-0.9880238771,1
1367,1937,0.4416230917,-1.143634677,1
1367,1953,0.7354109287,-2.231945038,1
1367,1969,1.289865494,-1.688675165,1
1367,1985,2.195756912,-0.7932933569,1
1367,2001,1.880993485,-8.91106987,1
1367,2017,2.604671717,-0.2446812391,1
1367,2033,4.89166069,-0.1010748446,1
1383,17,-8.790283203,-3.7304461,1
1383,33,3.121772051,-5.633855343,1
1383,49,-1.076505423,3.043200016,1
1383,65,-1.335115075,2.435389757,1
1383,81,-1.427552342,2.060885906,1
1383,97,-1.693206429,1.68600893,1
1383,113,-1.992408276,1.3508178,1
1383,129,-2.013364792,1.008344054,1
1383,145,-2.39322567,0.9188981652,1
1383,161,-1.818260312,2.028790951,1
1383,177,-0.9442310929,1.717370033,1
1383,193,-1.247120619,4.288267136,1
1383,209,-1.199137449,2.584343433,1
1383,225,-0.8542737961,0.475402236,1
1383,241,-0.6999131441,-0.191685468,1
1383,257,-0.727866888,0.2048377991,1
1383,273,-0.8037049174,0.8184841871,1
1383,289,-4.690402031,2.54020977,1
1383,305,5.239627838,-5.496924877,1
1383,321,4.245036602,-0.2837413549,1
1383,337,3.697358608,0.4601147175,1
1383,353,2.925390959,1.692791939,1
1383,369,1.202957511,2.700706482,1
1383,385,0.5543321967,3.271766901,1
1383,401,7.002096176,3.808152676,1
1383,417,1.802178621,0.6350512505,1
1383,433,1.501362801,0.8394172788,1
1383,449,0.9741219282,1.431342721,1
1383,465,0.2822507918,0.8083571196,1
1383,481,-0.06191898882,0.953354001,1
1383,497,0.02776810527,0.4528502822,1
1383,513,-0.02887558937,0.6083678007,1
1383,529,0.5751290321,0.5215389729,1
1383,545,2.162765503,0.9746249914,1
1383,561,1.457067013,1.596643567,1
1383,577,1.044710159,2.770604849,1
1383,593,0.2260099649,2.119663715,1
1383,609,-0.817565918,0.1831673384,1
1383,625,-1.45665288,-2.263241053,1
1383,641,-0.9366209507,-3.513298273,1
1383,657,0.3003715277,-2.148653984,1
1383,673,1.206635475,-0.5605207682,1
1383,689,1.993403435,1.438007593,1
1383,705,-0.3446343243,2.245516062,1
1383,721,-0.4553235173,2.217990637,1
1383,737,-0.486528039,1.779966354,1
1383,753,-0.8050050735,1.254430771,1
1383,769,-0.8346460462,1.187494516,1
1383,785,-0.712610662,-4.230793476,1
1383,801,-2.255971909,0.9554007053,1
1383,817,-1.006906986,1.546704173,1
1383,833,-0.5679752827,2.354285717,1
1383,849,0.4489653707,2.767894745,1
1383,865,-0.6276295185,2.16105032,1
1383,881,-0.8654252291,1.562547684,1
1383,897,2.895773649,0.8664587736,1
1383,913,5.742884636,1.140841246,1
1383,929,0.3859400451,1.557256818,1
1383,945,0.7225093246,0.9532617331,1
1383,961,1.830108762,0.2444953918,1
1383,977,1.402705193,0.275488019,1
1383,993,0.04135227203,1.640766382,1
1383,1009,-0.3811887503,2.439704657,1
1383,1025,4.844488144,3.446771622,1
1383,1041,-1.050660849,3.320623398,1
1383,1057,-2.390070438,2.128642082,1
1383,1073,-0.9584444761,1.906890392,1
1383,1089,0.01068371534,-2.793340921,1
1383,1105,0.353113234,2.333402872,1
1383,1121,-1.600589156,2.725716352,1
1383,1137,-2.021503925,1.886471272,1
1383,1153,1.280576944,2.856506824,1
1383,1169,-5.106313705,-1.572817087,1
1383,1185,1.31534338,2.926381826,1
1383,1201,6.575683594,7.386450768,1
1383,1217,2.003968954,3.74649334,1
1383,1233,2.618828773,4.01955986,1
1383,1249,2.406341314,2.926110983,1
1383,1265,2.403783798,3.274405241,1
1383,1281,0.03268170357,3.028715134,1
1383,1297,-0.4022072852,3.419848204,1
1383,1313,-0.9754160643,3.491588831,1
1383,1329,-0.8634622097,3.209152937,1
1383,1345,0.4904493093,10.91358566,1
1383,1361,2.306795597,-7.13192749,1
1383,1377,2.974762678,10.1460495,1
1383,1393,3.940349102,8.081907272,1
1383,1409,-1.69089818,0.2252221107,1
1383,1425,1.595376253,11.93792534,1
1383,1441,0.4549500942,3.224014759,1
1383,1457,1.472932816,2.359413624,1
1383,1473,2.153348923,2.05435276,1
1383,1489,-4.065889359,8.118968964,1
1383,1505,2.054692268,1.665415406,1
1383,1521,2.154217243,0.4566084743,1
1383,1537,1.448949575,0.2190243304,1
1383,1553,0.9112945795,0.294549793,1
1383,1569,-6.394486427,2.090735435,1
1383,1585,-6.750153065,1.846515298,1
1383,1601,-7.18551445,3.101185799,1
1383,1617,1.4541049,1.016263366,1
1383,1633,-5.638464451,-5.05582428,1
1383,1649,-5.810991287,-5.428908825,1
1383,1665,2.049805641,-0.1744889319,1
1383,1681,0.5745735168,-0.4287519455,1
1383,1697,-0.4046165943,-2.517233372,1
1383,1713,-1.418557882,-4.398735523,1
1383,1729,0.3812204003,-12.0206728,1
1383,1745,-2.660483599,-3.250114918,1
1383,1761,0.9410395026,-3.687628984,1
1383,1777,6.020676136,3.294073582,1
1383,1793,0.6481540799,-3.935147762,1
1383,1809,-0.6864219904,-0.8502383232,1
1383,1825,-1.681239128,-1.242288709,1
1383,1841,-1.964709282,-1.788071752,1
1383,1857,-1.030693769,-1.427623987,1
1383,1873,0.02285917103,-1.386034966,1
1383,1889,0.6435108185,-1.109944463,1
1383,1905,0.643928647,-0.9365944862,1
1383,1921,0.3737173676,-1.387057543,1
1383,1937,0.3140958548,-1.772762775,1
1383,1953,0.6938284636,-3.198696613,1
1383,1969,1.156016946,-1.902570009,1
1383,1985,1.790741801,-0.9804427624,1
1383,2001,0.9848686457,-0.6758209467,1
1383,2017,2.051020861,-0.6591871381,1
1383,2033,4.14513731,-0.9702174664,1
1399,17,3.958248854,-5.941311836,1
1399,33,-0.006110936403,2.771770954,1
1399,49,-0.3430745602,2.930959702,1
1399,65,-1.059369564,1.507557631,1
1399,81,-2.257747173,4.034773827,1
1399,97,-2.560626984,3.277946711,1
1399,113,-2.12705636,1.100449562,1
1399,129,-1.990548611,1.131877542,1
1399,145,-1.859471083,1.296269536,1
1399,161,-1.786633968,1.638775468,1
1399,177,3.104930878,-6.623810291,1
1399,193,1.339392781,-7.633365631,1
1399,209,-4.49135828,2.188756466,1
1399,225,-2.442680597,0.5313589573,1
1399,241,-1.669831038,0.1715364158,1
1399,257,-6.062909126,3.365621567,1
1399,273,-7.339406013,2.916575909,1
1399,289,-2.336061954,0.1016139984,1
1399,305,0.3790614009,2.489720106,1
1399,321,0.8194538355,4.276017189,1
1399,337,3.141486406,1.424835324,1
1399,353,3.421240568,3.685282946,1
1399,369,0.9514056444,1.984348178,1
1399,385,-4.177447319,0.05179345608,1
1399,401,-0.938990891,0.523750484,1
1399,417,0.9932594299,-0.1663319767,1
1399,433,1.51959455,0.7975549102,1
1399,449,0.4797659516,3.134174824,1
1399,465,0.5698039532,0.2087779641,1
1399,481,0.2570433021,-0.8643833399,1
1399,497,0.3878927827,0.3432328701,1
1399,513,1.045614719,0.5533072948,1
1399,529,2.979813814,0.3241680861,1
1399,545,3.884913445,0.2443093061,1
1399,561,2.321797371,0.3427282572,1
1399,577,2.484837055,0.8700011969,1
1399,593,3.344364405,0.2778556645,1
1399,609,-0.3170410991,-1.301995277,1
1399,625,-1.338355064,-1.18372035,1
1399,641,-3.995360374,8.345407486,1
1399,657,-1.123838305,-0.9632859826,1
1399,673,-0.9962462187,0.2374680042,1
1399,689,-0.6290311813,1.357952237,1
1399,705,-0.9657459855,2.121765137,1
1399,721,1.007382989,3.503018856,1
1399,737,7.977007866,1.441081285,1
1399,753,-0.5507436395,0.2416782975,1
1399,769,-1.289699316,0.9139661789,1
1399,785,-2.400106192,0.9465945959,1
1399,801,-1.794561505,1.262829781,1
1399,817,-1.479029417,1.55649066,1
1399,833,-1.94205308,2.699877739,1
1399,849,-2.911942959,3.480120659,1
1399,865,3.205654144,5.602671623,1
1399,881,-5.937046051,0.7372390032,1
1399,897,-2.965079308,-2.007550716,1
1399,913,-0.4980264902,1.71375668,1
1399,929,2.090345383,-0.2578914165,1
1399,945,0.8191211224,-0.9441795349,1
1399,961,-1.988066196,0.689193964,1
1399,977,0.6309779882,2.155700445,1
1399,993,1.240371227,1.788432717,1
1399,1009,-0.7308058739,2.381695509,1
1399,1025,-1.460630655,1.286338568,1
1399,1041,-1.385818958,0.915822506,1
1399,1057,-1.297495842,2.379303217,1
1399,1073,-0.8865904808,3.62793231,1
1399,1089,-2.001270056,2.944649935,1
1399,1105,-4.498049259,8.526124954,1
1399,1121,-0.113162145,3.31249404,1
1399,1137,0.1546255946,3.34747982,1
1399,1153,0.2047368586,2.578063488,1
1399,1169,0.5016121268,2.748134613,1
1399,1185,0.3792066574,2.166758537,1
1399,1201,0.5540627241,2.263476133,1
1399,1217,-3.261374235,10.05521202,1
1399,1233,-7.197047234,-1.963027954,1
1399,1249,1.795627356,3.344011307,1
1399,1265,0.1239023805,2.572115898,1
1399,1281,0.1864643395,2.924961805,1
1399,1297,-0.6748017669,2.963516235,1
1399,1313,0.06530386209,3.041202545,1
1399,1329,0.9139400125,2.527455807,1
1399,1345,1.049298763,1.866482735,1
1399,1361,0.5248176455,1.132148504,1
1399,1377,9.315625191,1.725336671,1
1399,1393,-1.927434206,2.288204908,1
1399,1409,3.664263248,-5.05337429,1
1399,1425,3.281948566,4.040509224,1
1399,1441,3.602968931,2.613435745,1
1399,1457,1.606808066,2.408708572,1
1399,1473,1.728597164,2.102598429,1
1399,1489,1.692457676,2.79612112,1
1399,1505,1.695522904,3.763001919,1
1399,1521,1.595456481,0.655436635,1
1399,1537,1.384010315,-0.714091897,1
1399,1553,1.199395776,0.02065640688,1
1399,1569,1.376767874,0.4789338708,1
1399,1585,1.498817682,0.6446452141,1
1399,1601,1.042551756,0.9531151056,1
1399,1617,0.5192375183,1.01865983,1
1399,1633,-0.003059506416,0.9900110364,1
1399,1649,-2.20912385,0.3907996714,1
1399,1665,0.1000300348,-0.4502297044,1
1399,1681,0.1361313462,-0.747173667,1
1399,1697,-0.2056125849,-1.749141097,1
1399,1713,-1.095296979,-2.870624065,1
1399,1729,2.305504799,-10.58982086,1
1399,1745,2.589188337,-10.00376797,1
1399,1761,0.4422982931,-9.839286804,1
1399,1777,-0.3166863918,-2.112473488,1
1399,1793,-0.08963403106,-1.717409253,1
1399,1809,0.002823770046,-1.559590578,1
1399,1825,-1.050876737,-1.74125576,1
1399,1841,-1.488924503,-2.271914721,1
1399,1857,-0.9809612632,-2.349032402,1
1399,1873,-0.1037443578,-1.140401959,1
1399,1889,0.4982120097,-1.271920085,1
1399,1905,0.563847661,-1.589950323,1
1399,1921,0.2062587887,-2.240378141,1
1399,1937,-0.1333657503,-2.347821474,1
1399,1953,0.1646659374,-2.600111008,1
1399,1969,0.961745739,-1.772281647,1
1399,1985,4.751383305,-0.2430628538,1
1399,2001,1.723178625,-0.7715521455,1
1399,2017,1.946999788,-1.823333979,1
1399,2033,9.38100338,-5.847301483,1
1415,17,10.05353928,-0.0206656456,1
1415,33,0.7315412164,2.874501705,1
1415,49,-0.2765949965,2.625509739,1
1415,65,-0.5041505694,-0.1772928238,1
1415,81,-1.70223999,4.035146713,1
1415,97,-1.516447663,2.116739511,1
1415,113,-1.894816637,1.949070096,1
1415,129,-2.070687771,1.550829291,1
1415,145,-1.922557354,0.5704356432,1
1415,161,-1.982557058,1.033764839,1
1415,177,-2.258969307,3.535792351,1
1415,193,-2.264246941,6.681453705,1
1415,209,-1.971502304,1.534286261,1
1415,225,-0.7672032714,0.450637579,1
1415,241,-0.1878676414,0.309540987,1
1415,257,2.518247604,1.036120057,1
1415,273,-2.054306746,8.217442513,1
1415,289,-2.487968445,0.2915556431,1
1415,305,0.8545691967,1.390185595,1
1415,321,1.674515009,1.876554608,1
1415,337,5.408154488,2.000392199,1
1415,353,6.265917301,1.9941535,1
1415,369,4.841353416,0.8137634993,1
1415,385,0.4040486813,9.259931564,1
1415,401,0.6719549894,-1.048331976,1
1415,417,0.8010225296,-0.1531777382,1
1415,433,0.7496623397,1.520277262,1
1415,449,0.3033921123,3.2336483,1
1415,465,-0.2403204441,0.2954360843,1
1415,481,0.3706268668,-0.1272230148,1
1415,497,0.3916831017,0.3444131613,1
1415,513,1.372826219,-7.989271641,1
1415,529,2.232212067,0.7878812551,1
1415,545,4.669895649,0.580204308,1
1415,561,3.374027014,-0.04792761803,1
1415,577,3.091406584,0.1542462111,1
1415,593,3.319991589,0.213658154,1
1415,609,-4.156197548,6.092937946,1
1415,625,-7.132550716,4.667785645,1
1415,641,-3.12604785,-1.382400155,1
1415,657,-2.841187477,-0.0616799742,1
1415,673,-1.504498482,-0.726893723,1
1415,689,-9.742150307,-0.1848167181,1
1415,705,-7.468354702,0.8665568829,1
1415,721,-0.3918367028,3.753848076,1
1415,737,8.307713509,0.9848768711,1
1415,753,7.920845509,0.8606112003,1
1415,769,-1.301314592,1.320644736,1
1415,785,-1.786322594,1.357108712,1
1415,801,-2.111272335,1.874987125,1
1415,817,7.25309515,0.1177802086,1
1415,833,-5.200980663,4.029857635,1
1415,849,6.210478783,5.358968735,1
1415,865,1.928866863,9.371323586,1
1415,881,-4.863125324,0.3408933878,1
1415,897,-4.894708633,0.06236386299,1
1415,913,5.082257748,-5.657405853,1
1415,929,3.608252764,-2.791716576,1
1415,945,-0.002272427082,-1.762976289,1
1415,961,-3.100980282,-0.1507818699,1
1415,977,-2.096583366,1.574978352,1
1415,993,0.8811203241,1.628194809,1
1415,1009,-0.7933998108,2.058251381,1
1415,1025,-1.291986942,1.272474647,1
1415,1041,-1.515211463,1.064905882,1
1415,1057,-2.909921408,2.518502235,1
1415,1073,-1.981172323,2.79640913,1
1415,1089,-1.554311156,3.283024311,1
1415,1105,-0.2107020468,7.338175774,1
1415,1121,0.780457437,6.741084099,1
1415,1137,0.4218396842,2.767122984,1
1415,1153,0.2246740907,1.380280972,1
1415,1169,0.236042738,2.545717955,1
1415,1185,-0.1319090128,2.086246967,1
1415,1201,0.3691126704,1.354371309,1
1415,1217,-0.5466256142,-3.180019379,1
1415,1233,-1.536360025,2.218421936,1
1415,1249,8.481719971,1.422499418,1
1415,1265,-0.6748315096,2.316712379,1
1415,1281,-0.3697313964,2.547584057,1
1415,1297,-0.3718291521,2.460402489,1
1415,1313,0.5092305541,2.257651329,1
1415,1329,1.281432271,2.080031157,1
1415,1345,1.840660095,1.972098112,1
1415,1361,1.543803215,1.667009592,1
1415,1377,0.8161786795,2.016608953,1
1415,1393,1.33215344,5.487816334,1
1415,1409,1.858205318,4.841783047,1
1415,1425,2.987624645,4.900598526,1
1415,1441,3.983727455,3.672745705,1
1415,1457,2.624187708,2.64058876,1
1415,1473,2.215348959,3.246993065,1
1415,1489,2.007478237,2.832328796,1
1415,1505,3.10187912,3.749821424,1
1415,1521,2.739175081,0.7528988123,1
1415,1537,1.458697081,-1.324201941,1
1415,1553,1.096316457,-0.8664314747,1
1415,1569,1.498462439,-0.5806313753,1
1415,1585,0.7279286385,0.4529071152,1
1415,1601,0.332026124,1.038095593,1
1415,1617,0.220310986,2.138165951,1
1415,1633,-0.4425266981,1.633609056,1
1415,1649,-2.307664633,8.242206573,1
1415,1665,-1.169732094,-1.05025816,1
1415,1681,-0.7896864414,-1.390613198,1
1415,1697,-0.5516213775,-1.41704607,1
1415,1713,-1.08579421,-0.919719696,1
1415,1729,-0.5590184331,0.03169226646,1
1415,1745,0.374050945,-0.2941714525,1
1415,1761,-0.5146299601,-9.256960869,1
1415,1777,-0.08726963401,-1.307676792,1
1415,1793,0.07693862915,-2.782682896,1
1415,1809,-0.04310238361,-2.504184723,1
1415,1825,-0.6622400284,-2.227552652,1
1415,1841,-1.902659535,-2.868567228,1
1415,1857,-1.849619865,-2.864332914,1
1415,1873,-2.381223679,-2.273471355,1
1415,1889,-2.018092632,-1.493979216,1
1415,1905,-0.5354481936,-1.959911704,1
1415,1921,0.6053138375,-2.481526613,1
1415,1937,0.1972528249,-2.232146978,1
1415,1953,0.3599274755,-1.881836176,1
1415,1969,1.253417253,-1.77159512,1
1415,1985,1.999887466,-2.390347481,1
1415,2001,0.5585377216,-10.0056572,1
1415,2017,-3.649260044,5.374423027,1
1415,2033,-4.143638611,-7.847354412,1
1431,17,3.445924282,1.334182739,1
1431,33,6.829431534,-5.127181053,1
1431,49,0.3695582747,2.393173218,1
1431,65,-0.6083238125,1.07327497,1
1431,81,-1.140098333,0.4378278255,1
1431,97,-1.444510221,0.9359953403,1
1431,113,-1.899716139,2.213121891,1
1431,129,-2.400426388,2.5357337,1
1431,145,-2.510704756,0.5805548429,1
1431,161,-2.135502577,0.9713150263,1
1431,177,-3.709146738,3.568223238,1
1431,193,-5.215662479,6.400177956,1
1431,209,8.379639626,1.719808698,1
1431,225,-0.3704010844,0.7222172618,1
1431,241,0.8250365257,0.09490442276,1
1431,257,0.9764686227,1.082184076,1
1431,273,4.841124535,2.482349396,1
1431,289,5.054189682,1.879198909,1
1431,305,3.711115837,-0.2708268166,1
1431,321,4.22845459,0.5937104225,1
1431,337,3.617231131,0.8212707043,1
1431,353,3.920591354,1.062509418,1
1431,369,3.787097931,0.181077674,1
1431,385,-3.022283792,7.31295681,1
1431,401,0.8819554448,-4.687045574,1
1431,417,-0.9002042413,-7.596899033,1
1431,433,0.3350849152,0.5690677762,1
1431,449,-2.285475492,8.226078987,1
1431,465,0.2063833475,-0.04637047648,1
1431,481,0.5105016828,0.4133422077,1
1431,497,0.1993001699,0.3751983643,1
1431,513,0.5452103615,0.8363562822,1
1431,529,2.898119688,1.923243046,1
1431,545,5.136218071,0.4753192365,1
1431,561,-0.828546524,8.020316124,1
1431,577,3.024947405,0.1483674049,1
1431,593,1.410528183,0.9862067699,1
1431,609,1.528231621,-1.240098715,1
1431,625,0.2482464314,-0.5224618316,1
1431,641,-3.13372159,-0.9151847363,1
1431,657,-3.925742626,-0.4913583696,1
1431,673,-6.021046638,2.772553921,1
1431,689,-7.344618797,1.168278933,1
1431,705,-6.738632679,2.573894978,1
1431,721,6.00706768,1.239231944,1
1431,737,3.698381424,-1.646302819,1
1431,753,-0.9033174515,1.532298446,1
1431,769,-1.251461864,-7.130140781,1
1431,785,-2.201028824,1.814868689,1
1431,801,-2.698909998,2.012405872,1
1431,817,-2.801113129,1.547237754,1
1431,833,-2.090704441,2.239681721,1
1431,849,5.799271584,4.690783501,1
1431,865,-2.453994036,3.253150702,1
1431,881,4.453237057,-5.427013874,1
1431,897,7.003349781,-0.8691693544,1
1431,913,3.138209105,-6.616300106,1
1431,929,1.164252162,9.154558182,1
1431,945,-0.9049682617,-1.13129735,1
1431,961,-1.950802922,0.1235243529,1
1431,977,-8.1770401,-4.896330357,1
1431,993,-0.07418763638,1.505351305,1
1431,1009,1.140646458,2.050067186,1
1431,1025,-1.454079986,1.937556744,1
1431,1041,-1.823670745,2.082582474,1
1431,1057,-1.474002123,2.995803833,1
1431,1073,-0.9028589725,3.377072811,1
1431,1089,0.02519643307,5.462496758,1
1431,1105,0.3447542787,7.324110985,1
1431,1121,0.6318838596,6.723624229,1
1431,1137,0.2137489915,2.318369389,1
1431,1153,-0.0004411935806,1.84664011,1
1431,1169,-0.0431638658,2.328368902,1
1431,1185,8.532680511,4.950044155,1
1431,1201,0.6663546562,0.7676947117,1
1431,1217,6.976485252,7.36929512,1
1431,1233,0.2665952444,1.715194941,1
1431,1249,-0.492401123,2.011158705,1
1431,1265,-0.626309216,2.47410512,1
1431,1281,-0.4705809355,2.101912737,1
1431,1297,0.01032873988,1.257623672,1
1431,1313,0.4376336336,0.7602126598,1
1431,1329,-7.112731934,-2.300258875,1
1431,1345,2.037589788,1.749983072,1
1431,1361,1.335318089,1.860505581,1
1431,1377,0.9186681509,2.467050314,1
1431,1393,1.332360387,4.761000633,1
1431,1409,3.47073555,5.006443977,1
1431,1425,9.290318489,1.385454178,1
1431,1441,4.776302338,3.51525569,1
1431,1457,1.807607889,7.07202673,1
1431,1473,-0.2926003933,10.65264034,1
1431,1489,2.532552719,2.177741766,1
1431,1505,2.569357634,1.920853615,1
1431,1521,1.966758132,1.152290821,1
1431,1537,1.061108589,-1.849101663,1
1431,1553,1.136935234,-1.446228743,1
1431,1569,0.77057302,-0.9268120527,1
1431,1585,0.07634431124,0.005466908216,1
1431,1601,0.1526948363,0.7254151106,1
1431,1617,0.2701900601,3.180579662,1
1431,1633,3.160326481,-7.466568947,1
1431,1649,-3.426631927,8.201259613,1
1431,1665,-1.094624519,-1.555264354,1
1431,1681,-1.113041401,-1.27915287,1
1431,1697,-0.9282413125,1.751608968,1
1431,1713,-0.8526641726,0.4655505419,1
1431,1729,-1.452902913,9.02341938,1
1431,1745,-0.3181011677,1.535056353,1
1431,1761,-0.182489723,-0.5677717328,1
1431,1777,0.04154142737,-0.3703471422,1
1431,1793,-7.680575371,3.175912857,1
1431,1809,2.388028145,6.508539677,1
1431,1825,-2.156608105,-2.722871065,1
1431,1841,-2.112516642,-3.036937952,1
1431,1857,-1.557416558,-2.874107838,1
1431,1873,-0.5670303106,0.29174757,1
1431,1889,-3.078440189,-0.7145605087,1
1431,1905,-1.930271268,-1.585471392,1
1431,1921,-0.2615325451,-0.3682866096,1
1431,1937,-0.2142813206,-1.221402645,1
1431,1953,0.883151114,-1.760896444,1
1431,1969,1.892741561,-1.959978223,1
1431,1985,2.571290493,-2.705052376,1
1431,2001,2.587790728,-2.057720184,1
1431,2017,7.371398449,5.47738266,1
1431,2033,-5.267127991,-6.803645611,1
1447,17,2.457620621,0.3384809494,1
1447,33,1.842342615,0.4314332008,1
1447,49,0.6781659722,1.845939517,1
1447,65,-0.4095659852,0.6028535366,1
1447,81,-1.35679543,-0.8600078821,1
1447,97,-1.34221828,-0.1586257219,1
1447,113,-2.900784254,0.8883326054,1
1447,129,-2.648889303,2.034990072,1
1447,145,-2.447885752,1.989968538,1
1447,161,-1.97540617,0.5784082413,1
1447,177,-1.749635696,-0.24368608,1
1447,193,-1.772981286,-7.805924416,1
1447,209,-0.4424967766,1.585037708,1
1447,225,7.766654968,-3.578842402,1
1447,241,0.8015377522,0.6350706816,1
1447,257,3.157368183,1.030121088,1
1447,273,3.884271622,2.270342827,1
1447,289,10.11120319,2.374580145,1
1447,305,11.1961031,3.086830139,1
1447,321,3.64857626,-0.740157485,1
1447,337,3.526331902,-1.303044796,1
1447,353,3.437674284,-1.034396172,1
1447,369,0.2673761845,-4.687129021,1
1447,385,0.5605076551,-4.279170036,1
1447,401,1.517975807,-4.736124516,1
1447,417,5.227891922,-8.405585289,1
1447,433,2.849519014,-9.46903038,1
1447,449,1.023900628,0.7471700907,1
1447,465,0.426497072,-0.3513404131,1
1447,481,0.9880334139,0.03452581167,1
1447,497,8.156256676,-5.420113087,1
1447,513,1.683738708,0.5534709096,1
1447,529,3.550223589,0.9971120358,1
1447,545,3.503772736,0.3948509693,1
1447,561,3.64359951,1.04893589,1
1447,577,3.364434719,1.237329483,1
1447,593,1.611446857,1.210056067,1
1447,609,1.944924593,0.3528063297,1
1447,625,-3.433178902,-7.69166851,1
1447,641,-5.200370789,-7.923847675,1
1447,657,-3.881121159,0.7340257764,1
1447,673,-4.676504612,3.372573853,1
1447,689,-3.459120989,-5.514814377,1
1447,705,-2.346743584,1.07121706,1
1447,721,-0.7740997076,1.000259757,1
1447,737,0.3775815368,0.8606388569,1
1447,753,0.1521884203,1.700976372,1
1447,769,-1.017398357,1.677327871,1
1447,785,-1.775365114,1.823063731,1
1447,801,-2.921853542,1.882143021,1
1447,817,-2.931362152,1.640814185,1
1447,833,-2.467162132,0.9470279217,1
1447,849,-8.145201683,-3.995557547,1
1447,865,2.086048126,5.786588669,1
1447,881,1.592925549,1.98461926,1
1447,897,1.687728167,-0.1625125408,1
1447,913,-1.279615879,0.01791465282,1
1447,929,-3.415997267,-2.776926041,1
1447,945,-2.417839527,0.3639717996,1
1447,961,-1.712807178,0.3470809758,1
1447,977,-3.3803339,1.535654187,1
1447,993,-4.184122562,-6.800248623,1
1447,1009,-3.166181803,3.150306225,1
1447,1025,-3.403207541,2.91356802,1
1447,1041,-2.179878235,3.851948738,1
1447,1057,-1.103585362,3.646689892,1
1447,1073,0.2151080072,3.885364532,1
1447,1089,2.10071516,4.198966026,1
1447,1105,1.733983278,5.452512741,1
1447,1121,1.685402393,2.767641068,1
1447,1137,-0.2720503807,1.579815388,1
1447,1153,-1.591349602,2.384512901,1
1447,1169,-0.8208574653,2.07924819,1
1447,1185,8.401528358,2.310087204,1
1447,1201,-7.659417152,-2.691758633,1
1447,1217,-7.223740578,-2.53314209,1
1447,1233,-0.04991605878,0.3607926369,1
1447,1249,-0.359308213,1.819389105,1
1447,1265,-0.5044873357,2.198935032,1
1447,1281,-0.08016595244,1.814747095,1
1447,1297,0.2831242681,1.770801544,1
1447,1313,0.5087694526,1.581031919,1
1447,1329,0.6343692541,1.379804969,1
1447,1345,0.8136773705,2.134804487,1
1447,1361,0.8028509617,2.766530037,1
1447,1377,0.6361791492,2.826060295,1
1447,1393,-0.9455795288,10.72976971,1
1447,1409,1.474075794,5.21712923,1
1447,1425,2.025788784,3.351643085,1
1447,1441,1.298546433,2.637650013,1
1447,1457,1.198849797,4.821788788,1
1447,1473,-4.283355713,-4.790828705,1
1447,1489,4.166879177,2.03848362,1
1447,1505,10.90242767,-1.013030291,1
1447,1521,-0.5375286341,-0.9420990944,1
1447,1537,0.7313555479,-2.605149746,1
1447,1553,0.4302840233,-2.25726223,1
1447,1569,-1.640467286,0.3408685923,1
1447,1585,-7.530545712,-6.088540077,1
1447,1601,4.865184784,7.54432869,1
1447,1617,1.830326676,3.1925776,1
1447,1633,-3.506569147,5.351281643,1
1447,1649,-1.149836779,-3.110145807,1
1447,1665,-0.9320408106,-2.098333836,1
1447,1681,-0.6353862286,-0.5953586102,1
1447,1697,-6.945823669,5.970324993,1
1447,1713,-0.5739382505,1.704819441,1
1447,1729,-0.6679190397,1.531704307,1
1447,1745,-0.65014714,0.5968298316,1
1447,1761,8.031517029,-1.415018439,1
1447,1777,8.205760956,1.332620025,1
1447,1793,4.628867149,-7.99861002,1
1447,1809,-1.187410355,-0.9314171076,1
1447,1825,-2.182782412,-1.988195658,1
1447,1841,-0.7419849634,-6.789941311,1
1447,1857,-0.1984520704,-3.815564632,1
1447,1873,-0.3245452642,-7.58175087,1
1447,1889,-2.423921108,7.061299801,1
1447,1905,7.139575481,4.223014832,1
1447,1921,-5.270895481,-0.299315691,1
1447,1937,-5.360515118,-0.5153486729,1
1447,1953,2.749709129,-1.728596687,1
1447,1969,1.278716326,-2.580689669,1
1447,1985,1.077022314,-3.473073721,1
1447,2001,1.354956865,-2.441215515,1
1447,2017,1.191976666,-0.9866404533,1
1447,2033,-0.09505224228,0.6253464222,1
1463,17,0.986271441,-0.5917942524,1
1463,33,0.742326498,-0.08808594942,1
1463,49,1.019091845,1.543856621,1
1463,65,8.993974686,2.467120409,1
1463,81,7.849068165,1.982364058,1
1463,97,-5.673521996,-2.909750462,1
1463,113,-4.195329189,-0.7440176606,1
1463,129,-6.72052002,4.825365543,1
1463,145,-2.682896137,0.1086706221,1
1463,161,-1.948242664,-0.3875175714,1
1463,177,-0.427138567,-0.5513507128,1
1463,193,-1.685806155,-2.260913849,1
1463,209,-0.5478338003,1.81427753,1
1463,225,0.2403849661,1.915859699,1
1463,241,1.268255472,0.5002733469,1
1463,257,3.933487892,1.022106409,1
1463,273,0.9924075603,4.075628757,1
1463,289,-7.559509754,-2.180127382,1
1463,305,2.070815802,-0.05286327004,1
1463,321,2.876626253,-1.336972475,1
1463,337,4.051827431,-2.013403416,1
1463,353,4.940487385,0.02655184269,1
1463,369,-0.3154277205,-5.893920422,1
1463,385,-0.095166713,-4.478674412,1
1463,401,0.3869499266,-3.06655407,1
1463,417,4.740543365,-8.855447769,1
1463,433,2.661617041,-9.376865387,1
1463,449,8.8272295,-3.266462803,1
1463,465,9.164730072,0.7832598686,1
1463,481,1.863767028,-0.1913542449,1
1463,497,2.63727808,-0.6380537152,1
1463,513,2.969573498,-0.09625762701,1
1463,529,2.729305506,0.3851491213,1
1463,545,2.708701611,0.5631880164,1
1463,561,3.21278429,1.399324417,1
1463,577,3.600035191,2.238812447,1
1463,593,2.555144072,1.230412364,1
1463,609,1.876876831,0.2668131292,1
1463,625,-2.20038867,-8.259768486,1
1463,641,-1.668932676,-8.404702187,1
1463,657,-1.834156632,-3.149270058,1
1463,673,-1.21688652,5.870678425,1
1463,689,-1.148591995,0.735383451,1
1463,705,-0.9036728144,0.7959489822,1
1463,721,-0.7965595722,0.8864737153,1
1463,737,-0.7431513071,0.9111174345,1
1463,753,-0.5643648505,1.693244696,1
1463,769,-0.8393018246,2.156538486,1
1463,785,-2.372272015,1.689355373,1
1463,801,-5.423819065,1.806349874,1
1463,817,-2.426041842,1.61769712,1
1463,833,-1.931365252,0.9841006994,1
1463,849,3.265044212,9.42924118,1
1463,865,-1.164122939,2.282925129,1
1463,881,3.584145546,8.390099525,1
1463,897,-2.108414173,1.733371854,1
1463,913,-2.139648199,0.9745231867,1
1463,929,-1.073438644,-1.865945339,1
1463,945,-1.963668346,-1.534842372,1
1463,961,-2.031156063,0.2400571108,1
1463,977,-2.918425322,1.808722258,1
1463,993,-3.502530098,2.397402048,1
1463,1009,-2.505450726,3.201088905,1
1463,1025,-1.512006402,3.749901295,1
1463,1041,-1.219063759,4.78559494,1
1463,1057,-1.118458867,3.833001137,1
1463,1073,-0.3683348894,4.017706871,1
1463,1089,0.5216310024,3.975371361,1
1463,1105,-0.01206088066,4.564327717,1
1463,1121,1.074880481,2.889830112,1
1463,1137,0.2276195437,2.713920593,1
1463,1153,-1.106405139,2.416272163,1
1463,1169,-0.2917364538,2.103581667,1
1463,1185,0.09366847575,2.590606928,1
1463,1201,0.4054039121,5.646699905,1
1463,1217,0.4546428025,1.626126289,1
1463,1233,0.2898989618,-0.9411971569,1
1463,1249,0.0765812695,0.2893508673,1
1463,1265,-0.4023030102,1.875357747,1
1463,1281,-0.1176561713,2.195502758,1
1463,1297,0.3848029673,2.178813219,1
1463,1313,0.3557698131,1.637066841,1
1463,1329,0.5360397696,1.145293236,1
1463,1345,0.4795308709,2.286031961,1
1463,1361,0.5244975686,4.338561535,1
1463,1377,0.4245746136,10.84637165,1
1463,1393,0.6609506607,11.23054981,1
1463,1409,0.7821296453,5.247151375,1
1463,1425,0.1168100834,4.085490704,1
1463,1441,-1.076061964,3.45015192,1
1463,1457,6.460628033,8.096059799,1
1463,1473,-0.02560120821,2.286495209,1
1463,1489,-6.987751484,-2.603700638,1
1463,1505,-6.493819237,-3.160003424,1
1463,1521,0.9715189338,6.357609749,1
1463,1537,0.662666142,-2.754505396,1
1463,1553,0.1351488531,-2.339030981,1
1463,1569,0.1355044246,-2.574879646,1
1463,1585,0.7035011649,7.884848118,1
1463,1601,3.211633444,7.736890793,1
1463,1617,7.255651474,1.426435232,1
1463,1633,4.426342487,7.958745003,1
1463,1649,-2.90892911,8.893381119,1
1463,1665,-1.690418005,-4.083247662,1
1463,1681,-0.1348336786,-0.1771137714,1
1463,1697,3.02433157,4.12566185,1
1463,1713,0.5364079475,2.521289825,1
1463,1729,-0.7100986838,0.8136872053,1
1463,1745,-1.304705143,-1.466754913,1
1463,1761,-1.377850056,-0.3540761471,1
1463,1777,-0.7875896692,2.124835253,1
1463,1793,-0.8019282818,1.423845053,1
1463,1809,-0.5647307634,0.3024363816,1
1463,1825,-0.2368814051,-1.048013568,1
1463,1841,-1.711202383,-7.005065918,1
1463,1857,-3.401640892,-3.534292698,1
1463,1873,-5.671329021,-2.827825069,1
1463,1889,-2.244947195,7.26720047,1
1463,1905,2.959790468,-10.23883438,1
1463,1921,3.02913475,-10.02989101,1
1463,1937,-1.44224453,6.544817924,1
1463,1953,-0.5347729325,-2.053021193,1
1463,1969,-0.4139780104,-3.037471294,1
1463,1985,-1.500100851,-3.471987724,1
1463,2001,-0.6029754877,-2.252722979,1
1463,2017,0.9876323938,-0.2680917978,1
1463,2033,1.008823872,1.36409235,1
1479,17,-0.7319886684,-0.2468423843,1
1479,33,0.2079167366,-0.08415782452,1
1479,49,1.738224506,0.7785382271,1
1479,65,0.7443242073,0.6206471324,1
1479,81,0.2696178555,0.249768436,1
1479,97,-3.660048008,-3.061505318,1
1479,113,-4.193833351,-2.815018892,1
1479,129,-10.48120594,3.331389427,1
1479,145,-1.833861828,-2.442152977,1
1479,161,-3.277855873,-0.5848723054,1
1479,177,-2.317548037,0.2525789142,1
1479,193,-0.4031143188,-3.579221725,1
1479,209,0.6674287319,1.901430726,1
1479,225,0.8261029124,2.090508461,1
1479,241,-8.767379761,2.811319351,1
1479,257,2.39815259,1.094480991,1
1479,273,-0.9083474278,1.654779673,1
1479,289,7.542965889,6.039301872,1
1479,305,0.5498803854,-1.020789504,1
1479,321,0.6973598003,-1.245418072,1
1479,337,-2.799444675,0.4816534519,1
1479,353,-2.841356277,-1.048694849,1
1479,369,-1.049313784,-3.428229332,1
1479,385,-0.7692924738,-4.775857449,1
1479,401,-0.2827887535,-4.131789684,1
1479,417,-2.346588135,-1.734622598,1
1479,433,-1.905745745,-0.7802014947,1
1479,449,-0.4997059703,-0.619047761,1
1479,465,0.6010442972,0.2464988232,1
1479,481,2.126809597,0.01055534929,1
1479,497,3.616301537,-0.13879852,1
1479,513,1.867457151,0.2252581716,1
1479,529,1.849865913,1.265693188,1
1479,545,2.231314182,0.6391413808,1
1479,561,2.583771229,1.500605941,1
1479,577,3.748121977,3.633628368,1
1479,593,3.580491066,2.020038605,1
1479,609,1.907473445,1.155463457,1
1479,625,0.08032160997,-0.1463109553,1
1479,641,-0.2295612544,-0.2613711953,1
1479,657,-0.01057684422,0.3262568116,1
1479,673,0.6945081949,1.098834276,1
1479,689,-0.008656382561,0.9590955377,1
1479,705,-0.2326002419,0.8233141303,1
1479,721,-0.6557950377,0.6753492355,1
1479,737,-4.017324924,0.8827733994,1
1479,753,-7.571702957,3.226941109,1
1479,769,-0.8633498549,2.469501495,1
1479,785,-1.013996124,10.1777916,1
1479,801,-1.397343874,1.964771986,1
1479,817,-1.290525556,1.79894793,1
1479,833,3.225598335,7.847951889,1
1479,849,-1.332808495,1.38482511,1
1479,865,-1.760953188,1.467667937,1
1479,881,-2.781887054,2.068137646,1
1479,897,-3.392849922,3.253519058,1
1479,913,-3.817066669,3.057128429,1
1479,929,-3.531264067,-0.1470675468,1
1479,945,-3.119929314,-1.784263134,1
1479,961,-2.442317486,0.4242325425,1
1479,977,-5.92320776,-0.06753647327,1
1479,993,-4.090786934,2.456600666,1
1479,1009,-2.566192627,3.36196208,1
1479,1025,-0.1739879847,4.278286457,1
1479,1041,-0.5501021743,3.847484827,1
1479,1057,-0.9600521922,3.479905128,1
1479,1073,-0.4727674723,5.164023876,1
1479,1089,-2.697424889,11.84827232,1
1479,1105,-0.3215835094,3.444262028,1
1479,1121,0.6883533001,4.587091446,1
1479,1137,0.6731793284,4.195065975,1
1479,1153,-0.1381926537,2.402779102,1
1479,1169,-0.1019394845,2.46014595,1
1479,1185,0.5338028669,7.14688015,1
1479,1201,1.087872267,1.870842934,1
1479,1217,0.5478335023,1.561965227,1
1479,1233,0.4271581471,1.511171222,1
1479,1249,-0.2267621458,3.641562462,1
1479,1265,-0.6131097674,1.797973275,1
1479,1281,-0.2340560257,1.761134028,1
1479,1297,0.2763306499,2.023374557,1
1479,1313,0.5951350331,2.434721947,1
1479,1329,0.998433888,2.099993229,1
1479,1345,0.8698060513,2.392976761,1
1479,1361,0.6129799485,3.170341015,1
1479,1377,1.897250891,-5.132861137,1
1479,1393,-0.7641744614,2.747616768,1
1479,1409,-0.6544148922,4.561965942,1
1479,1425,-0.4228090644,5.629536629,1
1479,1441,-0.8688778877,4.604521751,1
1479,1457,-1.643333793,2.590142965,1
1479,1473,-2.365273952,2.120161772,1
1479,1489,-6.239252567,9.58735466,1
1479,1505,-0.5354731083,2.101721764,1
1479,1521,-4.605195522,-1.243548989,1
1479,1537,-3.925167322,-2.417899132,1
1479,1553,0.2161006629,-0.7415084839,1
1479,1569,1.669010758,-0.940965414,1
1479,1585,-1.387724757,8.555309296,1
1479,1601,0.3692131937,0.5122717619,1
1479,1617,-7.297139645,4.800582886,1
1479,1633,2.95258975,-8.532134056,1
1479,1649,-2.7038908,9.011184692,1
1479,1665,-5.547976971,5.545266151,1
1479,1681,-3.099328279,-2.068270683,1
1479,1697,-2.184561729,-3.363051414,1
1479,1713,-0.1260001659,1.469032764,1
1479,1729,-1.932627797,-0.6739342809,1
1479,1745,-3.626811028,-1.68241477,1
1479,1761,1.324494243,3.918043613,1
1479,1777,4.570823669,-2.103425503,1
1479,1793,-9.348958015,0.3701385856,1
1479,1809,-0.937469542,1.410499454,1
1479,1825,-2.403451681,-0.5485200286,1
1479,1841,-1.987087965,-6.071140289,1
1479,1857,-0.3754651845,-1.387614012,1
1479,1873,-2.083750486,-0.03494286537,1
1479,1889,-0.007110625505,7.609762192,1
1479,1905,0.1741017401,-10.11751938,1
1479,1921,4.773558617,-9.184017181,1
1479,1937,-5.502670288,5.281882763,1
1479,1953,9.167895317,-1.338131189,1
1479,1969,-0.7868251204,-3.174442768,1
1479,1985,-1.322059631,-2.957355022,1
1479,2001,-1.477017283,-2.39199543,1
1479,2017,-0.1862649322,-0.9058009386,1
1479,2033,1.334791064,0.986992836,1
1495,17,-3.949733496,1.099438548,1
1495,33,-0.7209821939,-0.6423878074,1
1495,49,0.3573546112,0.07063195854,1
1495,65,-0.3667707741,-0.3499858975,1
1495,81,-0.4926336408,-0.7517851591,1
1495,97,-2.470043898,-3.401102304,1
1495,113,-4.377340317,-1.497246981,1
1495,129,0.3878662586,7.076392174,1
1495,145,-2.182657003,-1.619162202,1
1495,161,-3.087562561,-0.6352990866,1
1495,177,-2.124495983,0.5921957493,1
1495,193,-7.626086235,1.652943015,1
1495,209,0.225992769,1.988321185,1
1495,225,0.5840855837,1.884794235,1
1495,241,-1.037054896,4.139828205,1
1495,257,-1.256522894,4.922199726,1
1495,273,-4.425876617,-6.464892387,1
1495,289,0.4779119492,0.4898366928,1
1495,305,0.9805299044,-0.6182418466,1
1495,321,0.867513299,-1.020100355,1
1495,337,9.212409019,-3.347491264,1
1495,353,8.842010498,0.5175671577,1
1495,369,-1.288582325,-2.676161766,1
1495,385,0.2308803499,-2.471435785,1
1495,401,0.07460707426,-1.639844656,1
1495,417,-0.2740092576,-1.178713799,1
1495,433,-0.05133664608,0.1199045181,1
1495,449,0.1859326363,1.700441003,1
1495,465,0.8762230873,1.122315168,1
1495,481,1.541227579,0.3279225826,1
1495,497,1.520359755,0.3039530516,1
1495,513,1.948203802,0.216235131,1
1495,529,1.873028636,0.7237219214,1
1495,545,1.811823845,1.542598486,1
1495,561,0.4181530476,3.368864536,1
1495,577,1.642691851,3.726415634,1
1495,593,1.214204431,4.311319351,1
1495,609,0.6803753376,0.9417207241,1
1495,625,0.2972084582,-0.4853673577,1
1495,641,0.2659540772,-0.4851633012,1
1495,657,0.4546862245,0.7032960653,1
1495,673,0.6136187315,1.027370691,1
1495,689,0.6314123273,1.357108355,1
1495,705,0.1874963939,1.172847629,1
1495,721,-0.5393623114,0.9867821932,1
1495,737,-1.026188374,0.6584222913,1
1495,753,-1.952603817,0.03469854593,1
1495,769,-0.7437041998,1.223220944,1
1495,785,-0.4275429845,-0.9120813608,1
1495,801,-0.4436058998,3.246075153,1
1495,817,-1.234212399,3.352057934,1
1495,833,-1.414997339,3.257383108,1
1495,849,-1.177822113,1.590240121,1
1495,865,-2.320413589,1.613398194,1
1495,881,-1.99395442,1.749205589,1
1495,897,-3.435199976,2.528263092,1
1495,913,-3.829077005,4.963738441,1
1495,929,-4.1797328,0.9598703384,1
1495,945,-3.326346636,0.3748102188,1
1495,961,-2.342717886,1.028244138,1
1495,977,-1.416352034,0.9831894636,1
1495,993,-1.47250855,2.754210949,1
1495,1009,-1.429477215,3.807506084,1
1495,1025,-1.652957201,4.843650818,1
1495,1041,-1.054795623,3.77833581,1
1495,1057,-0.3116094768,3.022104263,1
1495,1073,-0.09981828928,3.972238779,1
1495,1089,-0.06669516861,3.408101559,1
1495,1105,0.3970541954,2.737800598,1
1495,1121,0.2423932552,2.956486702,1
1495,1137,0.05354887247,2.667717457,1
1495,1153,-0.1006412208,2.331297874,1
1495,1169,0.3728790879,2.287025213,1
1495,1185,0.7498673201,1.799967051,1
1495,1201,0.6970070601,1.735876799,1
1495,1217,0.4602885544,1.85522151,1
1495,1233,-0.1784556657,3.17240119,1
1495,1249,-1.503769636,2.175889492,1
1495,1265,-1.023571253,1.31052494,1
1495,1281,-0.9037995338,0.7506984472,1
1495,1297,-8.822202682,4.022945881,1
1495,1313,2.622340679,2.332996845,1
1495,1329,2.085066319,2.196675062,1
1495,1345,1.819401026,2.19328475,1
1495,1361,1.342755795,2.717774391,1
1495,1377,0.9108294845,3.643658161,1
1495,1393,0.145234704,3.47232914,1
1495,1409,-0.7374154329,2.105226755,1
1495,1425,-2.280275106,3.033457041,1
1495,1441,-2.198291779,3.058270693,1
1495,1457,-1.983206272,2.274846792,1
1495,1473,3.03314352,-3.217319012,1
1495,1489,-1.917693496,1.359586477,1
1495,1505,-1.52334857,1.57252419,1
1495,1521,-2.848356962,1.396109819,1
1495,1537,-1.442521572,-4.996582031,1
1495,1553,-8.00846386,-1.541287184,1
1495,1569,5.607444763,3.332682133,1
1495,1585,-0.9975398779,9.322854042,1
1495,1601,0.129216522,-0.2138920426,1
1495,1617,-8.286507607,-2.423692465,1
1495,1633,-8.369433403,1.743534327,1
1495,1649,-8.3216362,0.97138834,1
1495,1665,-8.091002464,3.071182728,1
1495,1681,6.131010532,-5.751253605,1
1495,1697,-4.734930038,4.210805416,1
1495,1713,-5.649587154,2.95807004,1
1495,1729,-2.133709908,-1.078359127,1
1495,1745,-3.28407836,2.572793007,1
1495,1761,1.189468622,4.073656082,1
1495,1777,-0.9883072376,3.708574295,1
1495,1793,-0.8531830311,0.7330361605,1
1495,1809,-0.6662069559,0.2823038697,1
1495,1825,-3.796241283,-0.3815509081,1
1495,1841,-6.2441082,-2.054295301,1
1495,1857,0.4905110002,-0.9384809732,1
1495,1873,-8.670891762,-3.344658852,1
1495,1889,-8.357575417,-2.134925604,1
1495,1905,4.426681995,6.454792976,1
1495,1921,7.394079685,-3.169259071,1
1495,1937,-6.915971756,3.324719667,1
1495,1953,4.85684824,-1.153108239,1
1495,1969,-0.7276339531,-2.663181782,1
1495,1985,-2.379335642,-1.996682167,1
1495,2001,-1.784144044,-1.371696949,1
1495,2017,-0.06314563751,-0.3268046379,1
1495,2033,1.824435949,0.07062029839,1
1511,17,-2.375850916,-1.149372339,1
1511,33,-0.1126329899,-1.033945918,1
1511,49,-0.3054207265,0.0139234364,1
1511,65,-0.03842168674,-0.1681077331,1
1511,81,0.07676312327,-0.1654137969,1
1511,97,-0.4840554595,-0.8379042745,1
1511,113,-1.335949898,-0.9602849483,1
1511,129,-1.297481894,-0.599198699,1
1511,145,-1.405493259,-1.301253676,1
1511,161,-0.5251691341,-1.961060047,1
1511,177,-8.208530426,2.764801502,1
1511,193,2.864625931,1.542076945,1
1511,209,0.9415451884,2.244414568,1
1511,225,0.6735194921,1.762683153,1
1511,241,-0.8663980365,3.084275246,1
1511,257,-0.2496636361,4.698338985,1
1511,273,0.02824017406,0.92948246,1
1511,289,0.3141216636,0.7869765162,1
1511,305,-0.3267761469,0.7530966401,1
1511,321,-0.04591840506,-0.3701803684,1
1511,337,8.043006897,1.087923288,1
1511,353,2.074733496,-11.64242554,1
1511,369,-6.230672359,-2.366385937,1
1511,385,0.2372310162,-2.250808239,1
1511,401,0.5963909626,-1.984941006,1
1511,417,0.8224494457,-0.9314601421,1
1511,433,0.5559909344,0.05838030577,1
1511,449,0.4631818533,2.779620171,1
1511,465,2.314507961,1.964189291,1
1511,481,3.092420101,0.6560571194,1
1511,497,6.256633759,0.06042921543,1
1511,513,2.074741125,-0.0318043828,1
1511,529,1.584374905,0.4999203086,1
1511,545,1.22002542,2.206020355,1
1511,561,1.53666842,2.641180515,1
1511,577,2.284536362,2.061137676,1
1511,593,0.6275781393,1.077455521,1
1511,609,-0.3869735003,0.07639908791,1
1511,625,0.4915563464,-1.082056046,1
1511,641,0.1827767193,-1.565488935,1
1511,657,-0.1597772241,0.2140188515,1
1511,673,0.2072561681,0.9566233754,1
1511,689,0.9752958417,1.690771103,1
1511,705,0.8130448461,1.713143826,1
1511,721,0.04095345736,1.365105271,1
1511,737,-0.6196683049,0.2926285565,1
1511,753,-0.4966979027,-1.56143856,1
1511,769,1.982825756,0.06990897655,1
1511,785,0.3864009976,2.04342556,1
1511,801,-0.5233799815,2.375640869,1
1511,817,-7.682141304,4.297231674,1
1511,833,-4.981034279,5.534083366,1
1511,849,-1.736566305,-3.317217827,1
1511,865,-1.850757837,5.733721733,1
1511,881,-1.897994995,2.431563377,1
1511,897,-3.083619118,2.4323318,1
1511,913,-3.096467257,5.77767992,1
1511,929,-3.624616861,0.9580899477,1
1511,945,-3.201975822,0.5436966419,1
1511,961,-1.498069644,0.6675618291,1
1511,977,0.8018971682,1.100212574,1
1511,993,1.173984289,2.957714319,1
1511,1009,-1.070514917,4.345448971,1
1511,1025,-9.365639687,4.726200104,1
1511,1041,-1.749187708,3.583560228,1
1511,1057,0.1002869904,2.822663307,1
1511,1073,0.3880952895,2.759082556,1
1511,1089,0.08259768784,1.00465703,1
1511,1105,-0.2669330835,2.099905252,1
1511,1121,-0.2228254974,2.346277714,1
1511,1137,0.009684190154,2.254884243,1
1511,1153,0.553937614,2.045514822,1
1511,1169,0.7727640867,2.04114151,1
1511,1185,0.5991107225,1.74423027,1
1511,1201,0.6762275696,2.149809122,1
1511,1217,0.7332062125,2.956286192,1
1511,1233,0.1393173933,4.249440193,1
1511,1249,-5.224962711,-5.22944355,1
1511,1265,-1.179074526,0.8535401821,1
1511,1281,-5.924815178,-0.6449668407,1
1511,1297,-9.07992363,3.506288528,1
1511,1313,-4.618255615,-5.942980766,1
1511,1329,-8.461611748,-0.7730519772,1
1511,1345,0.1735797822,-6.69689703,1
1511,1361,2.279754639,-6.504211426,1
1511,1377,4.937065601,2.819985867,1
1511,1393,1.117303491,2.825170994,1
1511,1409,-1.178489327,0.9853367805,1
1511,1425,-1.086770773,2.664810181,1
1511,1441,3.827930927,0.1797659397,1
1511,1457,-1.22819519,2.450919867,1
1511,1473,-1.331006765,0.8576261997,1
1511,1489,1.821686387,-4.702208996,1
1511,1505,-0.7484468222,2.213666439,1
1511,1521,-0.7545850873,2.827726364,1
1511,1537,0.9154632688,2.626538277,1
1511,1553,2.231699228,1.259181261,1
1511,1569,-6.18260622,-4.636198997,1
1511,1585,-6.120922565,-6.584029198,1
1511,1601,-0.7639221549,-1.80389595,1
1511,1617,-1.611663461,-7.252746105,1
1511,1633,-5.674798965,-3.524175167,1
1511,1649,-5.014393806,5.148841858,1
1511,1665,-9.153973579,0.6881899834,1
1511,1681,0.4265000522,-0.6126394272,1
1511,1697,-6.819338799,4.341209412,1
1511,1713,-9.063857079,3.298814535,1
1511,1729,-5.599024296,8.704536438,1
1511,1745,-4.331023216,9.621980667,1
1511,1761,-9.124285698,-4.030046463,1
1511,1777,1.247901797,3.950557709,1
1511,1793,-6.151396751,-1.428706646,1
1511,1809,-6.603841305,-1.949433327,1
1511,1825,-0.7875362635,0.1370418966,1
1511,1841,-0.1783621609,-0.2521336973,1
1511,1857,0.1068348587,-0.1972061396,1
1511,1873,0.226084277,0.09542185068,1
1511,1889,6.056267262,2.744753838,1
1511,1905,4.198887348,6.662405491,1
1511,1921,5.758149147,3.055954456,1
1511,1937,-5.29652071,3.285342932,1
1511,1953,0.8961225748,-0.9061610699,1
1511,1969,-3.072391987,-2.218289375,1
1511,1985,5.955638885,-6.389199734,1
1511,2001,-1.364791751,-1.554783106,1
1511,2017,1.451069832,-0.3000614047,1
1511,2033,-5.510612488,2.422338724,1
1527,17,-3.105289221,0.1912142634,1
1527,33,-0.09203851223,0.555659771,1
1527,49,-1.430955172,7.351976395,1
1527,65,-0.5880357027,-8.452958107,1
1527,81,0.07421354949,1.364883542,1
1527,97,0.2881183326,0.3003586531,1
1527,113,-0.03146308661,-0.4592151642,1
1527,129,0.03944122791,-0.01998248696,1
1527,145,0.4575171471,-0.3546240926,1
1527,161,0.9257782698,-1.249143481,1
1527,177,-7.516906738,2.580644131,1
1527,193,2.888424873,1.625219464,1
1527,209,1.732348919,2.380880833,1
1527,225,2.469169378,1.454950452,1
1527,241,0.8975070715,2.101704359,1
1527,257,0.2039981186,2.721786976,1
1527,273,0.2020348907,1.677386642,1
1527,289,0.01170644164,-0.06716346741,1
1527,305,-1.498408914,-0.4363566637,1
1527,321,-0.9708684087,0.525778532,1
1527,337,0.1361825764,0.7777688503,1
1527,353,1.207152843,-8.172377586,1
1527,369,0.2345056683,-4.139780998,1
1527,385,0.4512636065,-2.755876541,1
1527,401,0.9044217467,-1.908934116,1
1527,417,1.24104023,-0.8500266075,1
1527,433,0.7684407234,-0.641497612,1
1527,449,0.8486018181,1.980969906,1
1527,465,2.006104469,1.958933711,1
1527,481,-7.35219574,-0.6775181293,1
1527,497,-7.508601665,-0.2706528902,1
1527,513,1.018210173,0.03603875637,1
1527,529,0.7344161272,1.370451331,1
1527,545,1.211189985,2.959276915,1
1527,561,1.693320036,3.252682209,1
1527,577,1.803025961,2.084057093,1
1527,593,0.3315793872,1.02425015,1
1527,609,-1.02814889,1.349545002,1
1527,625,0.1977704465,0.07533632219,1
1527,641,0.1109823436,-0.09574985504,1
1527,657,-0.2415835559,-0.1582127661,1
1527,673,0.1295090616,0.6317539811,1
1527,689,1.709474564,1.206034541,1
1527,705,2.698647738,1.532172799,1
1527,721,6.904717445,-1.983655453,1
1527,737,5.857648373,-2.662453413,1
1527,753,0.5872072577,-1.59842968,1
1527,769,2.171335697,-1.818888187,1
1527,785,-0.3076152802,2.568000317,1
1527,801,-0.4691482186,3.529384136,1
1527,817,-2.894875526,1.816254377,1
1527,833,-2.703024864,0.2322086096,1
1527,849,-3.311326981,1.892258644,1
1527,865,-1.975927711,2.661917448,1
1527,881,-1.441084146,2.260002851,1
1527,897,-2.257971764,2.677082539,1
1527,913,-4.797885418,-0.9457300901,1
1527,929,-3.420025587,1.436354637,1
1527,945,-1.998163462,0.8211867809,1
1527,961,0.6209214926,0.6734831333,1
1527,977,-0.9794672728,0.683593154,1
1527,993,-1.596007705,2.599876881,1
1527,1009,-0.9618151188,6.428526878,1
1527,1025,-1.304435134,4.411981583,1
1527,1041,-0.450211823,3.273076773,1
1527,1057,0.2260970473,2.810205221,1
1527,1073,0.4104867876,2.939761162,1
1527,1089,0.3262521625,-4.507599831,1
1527,1105,-0.2621466517,2.301666975,1
1527,1121,-1.325233102,2.047017813,1
1527,1137,0.9970712066,2.493747711,1
1527,1153,1.925990582,2.046691179,1
1527,1169,2.284466267,1.915410995,1
1527,1185,4.869865894,9.293082237,1
1527,1201,2.531382084,10.81887341,1
1527,1217,0.8893925548,4.629190445,1
1527,1233,1.645924091,4.48755455,1
1527,1249,3.67500329,10.36382866,1
1527,1265,7.139957428,6.359811306,1
1527,1281,-0.5667704344,1.595613241,1
1527,1297,-8.075671196,-3.909157753,1
1527,1313,-4.776378632,-6.186803818,1
1527,1329,9.887588501,2.29825449,1
1527,1345,1.525096655,1.579894662,1
1527,1361,2.891230106,1.980465889,1
1527,1377,0.8255113959,2.975729704,1
1527,1393,7.631742954,-2.315354347,1
1527,1409,-2.17191267,1.89449501,1
1527,1425,3.24042654,-4.310788155,1
1527,1441,-3.03207016,5.47144556,1
1527,1457,-4.409409523,-5.255479813,1
1527,1473,-8.376646042,6.075479507,1
1527,1489,8.064462662,-1.195283055,1
1527,1505,8.562903404,1.801849604,1
1527,1521,8.225328445,-1.398501635,1
1527,1537,3.170070648,3.516641378,1
1527,1553,2.989238262,2.529851913,1
1527,1569,2.268764019,-0.5640864372,1
1527,1585,1.960966587,-3.289815664,1
1527,1601,3.822969913,-0.5877116919,1
1527,1617,-2.379144192,-6.432157993,1
1527,1633,-4.844109058,-4.938890934,1
1527,1649,-6.185927868,6.203317165,1
1527,1665,1.273085475,0.04940479994,1
1527,1681,1.370116234,-0.1676549315,1
1527,1697,-7.565710068,5.598321438,1
1527,1713,-0.1382000446,-0.7046838999,1
1527,1729,-1.381914377,-7.841972351,1
1527,1745,-8.230545998,-4.081967831,1
1527,1761,-7.834321499,-4.497981548,1
1527,1777,8.17234993,1.144895434,1
1527,1793,-3.713599205,-2.124289513,1
1527,1809,-1.496644735,0.7504134178,1
1527,1825,-0.5482779145,1.239964008,1
1527,1841,7.33088398,4.380654335,1
1527,1857,7.24557066,4.112174511,1
1527,1873,-0.315377444,2.632057905,1
1527,1889,3.203229189,8.034971237,1
1527,1905,-6.022665024,4.986594677,1
1527,1921,3.916644096,-6.395142078,1
1527,1937,-3.906529427,3.155341148,1
1527,1953,0.2568302155,0.1358053684,1
1527,1969,-1.629791975,-0.7845084667,1
1527,1985,-4.656965256,2.012077332,1
1527,2001,3.610443592,-8.404224396,1
1527,2017,-3.449504375,8.287727356,1
1527,2033,0.9978919029,0.5952877402,1
1543,17,-4.174315453,1.94641602,1
1543,33,-5.704128265,1.363805056,1
1543,49,-1.756354213,7.904019356,1
1543,65,-2.881962061,-8.060414314,1
1543,81,-4.579368114,7.507823467,1
1543,97,-0.3361238539,-0.1174477339,1
1543,113,0.08450162411,-0.3578050435,1
1543,129,7.048557281,0.37418136,1
1543,145,0.3470551968,-3.622454166,1
1543,161,-6.650161266,4.40119791,1
1543,177,1.298027277,-1.646178365,1
1543,193,2.223920345,1.529062152,1
1543,209,2.154439688,1.672975302,1
1543,225,2.106053352,1.176553607,1
1543,241,2.191117764,2.22396183,1
1543,257,1.460590601,3.300588131,1
1543,273,0.6518774629,2.827578545,1
1543,289,0.299176991,1.651318908,1
1543,305,0.4207676649,0.1695123911,1
1543,321,0.7506366968,-0.04433071613,1
1543,337,0.370225668,1.177736282,1
1543,353,0.03496208787,-2.026666641,1
1543,369,-1.34442544,-5.327729702,1
1543,385,-0.9179161787,-3.619018316,1
1543,401,0.7797785997,-2.562306404,1
1543,417,1.429813862,0.7678986788,1
1543,433,3.683671951,2.801623583,1
1543,449,4.625513077,5.465947628,1
1543,465,-3.958968163,7.491055489,1
1543,481,0.01296508312,5.724298,1
1543,497,-0.5624893904,0.932932198,1
1543,513,-0.553440094,0.8196417093,1
1543,529,0.6103774905,1.062822104,1
1543,545,0.9249571562,3.220421076,1
1543,561,0.6015019417,3.981663465,1
1543,577,-0.3213043213,2.37699151,1
1543,593,-6.411232948,7.245865822,1
1543,609,-1.410725832,4.328267097,1
1543,625,0.3786577582,-0.08446872234,1
1543,641,0.195232451,0.1624382138,1
1543,657,-0.4472118914,-0.30189991,1
1543,673,-0.1370793581,-0.3015095592,1
1543,689,0.665944159,-1.385936022,1
1543,705,5.291522026,8.754318237,1
1543,721,8.944752693,0.1287982464,1
1543,737,8.34906292,-0.1814609766,1
1543,753,5.180575848,-0.6891450882,1
1543,769,-0.7375386953,9.707427025,1
1543,785,1.383610249,0.7471852303,1
1543,801,0.9984530807,1.230903506,1
1543,817,-0.395914197,1.286295772,1
1543,833,-1.68896246,1.480191112,1
1543,849,-1.799966097,1.946186304,1
1543,865,-1.931512952,2.265494347,1
1543,881,-0.7215025425,1.865780115,1
1543,897,-0.4405801296,1.671645641,1
1543,913,-3.091448784,-0.02624726295,1
1543,929,-1.299090385,1.653462648,1
1543,945,-1.600870132,1.146265626,1
1543,961,-10.05896378,1.65920043,1
1543,977,-8.995812416,6.927485466,1
1543,993,1.203292131,8.953216553,1
1543,1009,-4.588675499,4.927815914,1
1543,1025,-0.1039206386,3.429574013,1
1543,1041,0.03710049391,2.98949337,1
1543,1057,0.2793365419,1.989864826,1
1543,1073,0.9095523357,2.843995571,1
1543,1089,0.5871515274,-3.738639116,1
1543,1105,0.00860068202,5.503043652,1
1543,1121,-0.1177236587,6.13429594,1
1543,1137,-0.3183431625,-6.128529549,1
1543,1153,0.1408400238,1.898113489,1
1543,1169,0.7335218787,1.657838821,1
1543,1185,4.202534676,9.206478119,1
1543,1201,5.051321983,9.383167267,1
1543,1217,1.206670761,3.890094757,1
1543,1233,2.236727715,2.30898881,1
1543,1249,2.738946438,1.167152882,1
1543,1265,6.752745152,7.807821274,1
1543,1281,-0.6635703444,2.998544693,1
1543,1297,8.203421593,1.044019818,1
1543,1313,-4.791646481,-6.174509048,1
1543,1329,-1.175660372,0.8245157003,1
1543,1345,-0.2761156261,1.171641707,1
1543,1361,-0.316188097,1.848797798,1
1543,1377,-3.587258816,1.58090961,1
1543,1393,-1.82267046,1.975215793,1
1543,1409,-1.872781038,2.161079884,1
1543,1425,-3.436240673,2.040938377,1
1543,1441,-2.660360575,4.032318115,1
1543,1457,-7.87597847,-4.817133427,1
1543,1473,-9.271204948,5.220932007,1
1543,1489,-0.7914738655,1.509118557,1
1543,1505,0.2847880721,2.406188965,1
1543,1521,0.910435915,3.261415005,1
1543,1537,-8.106539726,0.721259594,1
1543,1553,3.5602777,2.608562469,1
1543,1569,3.42519021,0.9471771717,1
1543,1585,2.628086329,-4.002268791,1
1543,1601,6.22124052,-2.271133423,1
1543,1617,7.946714878,-2.48740387,1
1543,1633,2.464449406,0.5443028212,1
1543,1649,2.508259535,1.234614015,1
1543,1665,1.272597313,-2.002778053,1
1543,1681,4.878706455,-4.397435188,1
1543,1697,-3.761787891,5.568409443,1
1543,1713,0.4024588168,1.128824472,1
1543,1729,-5.181197643,8.876060486,1
1543,1745,3.198410749,3.915739059,1
1543,1761,4.684914589,-2.224848747,1
1543,1777,6.902411461,-3.458025694,1
1543,1793,-4.299525261,-6.797173023,1
1543,1809,-0.5786229372,0.1184483767,1
1543,1825,0.4805856347,-0.5229899287,1
1543,1841,1.335948706,1.214314938,1
1543,1857,1.95722115,1.36243856,1
1543,1873,-8.806912422,0.8603603244,1
1543,1889,-8.80741787,0.6232190728,1
1543,1905,-6.865775585,3.971983671,1
1543,1921,1.947901845,-9.085300446,1
1543,1937,11.35286522,3.709850073,1
1543,1953,-0.5469379425,1.081868887,1
1543,1969,-0.4292564392,0.9756912589,1
1543,1985,-3.39646101,2.935233355,1
1543,2001,-3.246992588,4.838740826,1
1543,2017,-3.291754484,0.9585675001,1
1543,2033,1.919121265,0.9343306422,1
1559,17,-0.5520689487,5.75228405,1
1559,33,-1.08330214,2.900186539,1
1559,49,-1.129233003,0.9491163492,1
1559,65,-0.660372436,0.429600656,1
1559,81,-0.1424877346,0.3376223445,1
1559,97,0.284091115,-0.6789132953,1
1559,113,0.9901450872,-7.9498353,1
1559,129,1.444373369,7.18916893,1
1559,145,1.150945067,-0.5182552934,1
1559,161,9.440191269,2.031013727,1
1559,177,3.484000683,-2.22307086,1
1559,193,1.729743123,0.2098326385,1
1559,209,3.039774179,0.7128858566,1
1559,225,7.411457062,3.588737965,1
1559,241,0.3177497387,5.122927666,1
1559,257,1.145512819,3.859647751,1
1559,273,0.7813497186,2.705853462,1
1559,289,1.104842901,2.170337915,1
1559,305,1.761447191,0.6069480181,1
1559,321,1.473252058,-0.143257618,1
1559,337,-2.052613735,8.276680946,1
1559,353,-2.02859211,7.408934116,1
1559,369,-0.3174479008,-3.543477774,1
1559,385,-0.8419719934,-2.955068588,1
1559,401,-0.948517561,-2.154866695,1
1559,417,1.093103886,0.4219915867,1
1559,433,1.9715662,1.599816084,1
1559,449,3.239553452,0.6692815423,1
1559,465,1.949969649,-0.4040957093,1
1559,481,0.9451288581,0.9114138484,1
1559,497,0.802950263,2.018842697,1
1559,513,0.9033944011,1.470326662,1
1559,529,1.009068131,3.658070803,1
1559,545,-4.497587204,3.198662519,1
1559,561,1.956548691,9.605473518,1
1559,577,-6.090452194,-3.3721385,1
1559,593,-8.548659325,1.132194877,1
1559,609,0.582909584,0.6316928864,1
1559,625,0.9637987018,-8.064174652,1
1559,641,0.3891350031,0.732745111,1
1559,657,-0.5510504246,-1.15599823,1
1559,673,0.4918406606,-2.982838392,1
1559,689,8.148440361,4.925641537,1
1559,705,3.322618723,-7.560856342,1
1559,721,2.764732122,3.204849005,1
1559,737,8.693676949,3.539470196,1
1559,753,-0.6425532699,-1.253096342,1
1559,769,-4.930478573,9.012179375,1
1559,785,5.818073273,-0.960413456,1
1559,801,2.885611773,1.402057886,1
1559,817,-0.7513920069,1.814397335,1
1559,833,-1.367299557,1.334384203,1
1559,849,-1.013968825,1.826076508,1
1559,865,0.09097385406,0.3911457062,1
1559,881,-1.645798445,2.63259387,1
1559,897,-1.455195546,2.252728462,1
1559,913,-0.7788847685,0.4229679108,1
1559,929,-1.660327196,-0.1560521126,1
1559,945,-2.055478573,0.7630515099,1
1559,961,-1.736038923,2.297985554,1
1559,977,-1.501792789,-2.015244246,1
1559,993,-0.5240629911,3.541089296,1
1559,1009,-3.040682077,3.40623188,1
1559,1025,-0.3295664191,-1.415624619,1
1559,1041,-0.2315135598,3.878615618,1
1559,1057,-0.103508383,-1.352228165,1
1559,1073,1.228087425,3.915832281,1
1559,1089,0.4237063527,5.048552513,1
1559,1105,0.3891640902,5.076243401,1
1559,1121,0.3606745899,-6.231187344,1
1559,1137,0.09810167551,-6.886788368,1
1559,1153,0.3852768242,1.047584295,1
1559,1169,0.6674110889,1.124837756,1
1559,1185,0.6768496037,1.113263607,1
1559,1201,0.8474799991,-7.391073704,1
1559,1217,0.4553324878,1.71526742,1
1559,1233,1.356210947,1.539585114,1
1559,1249,0.4322500229,2.404234886,1
1559,1265,-1.216139555,5.618826866,1
1559,1281,-1.606842279,4.622770786,1
1559,1297,-1.731977582,5.899730206,1
1559,1313,-3.502024889,4.873414516,1
1559,1329,6.032363415,7.380420685,1
1559,1345,-6.051494122,0.3227952719,1
1559,1361,-3.407068253,1.027945995,1
1559,1377,-0.7761126161,1.485895038,1
1559,1393,-0.9726255536,1.62089932,1
1559,1409,-2.903907537,1.707531571,1
1559,1425,-5.180916309,1.951342821,1
1559,1441,-8.383458138,-4.498407364,1
1559,1457,-8.885585785,-4.709050655,1
1559,1473,-3.155019045,1.330463409,1
1559,1489,-2.245320797,2.048120737,1
1559,1505,1.171789885,3.056814671,1
1559,1521,0.3864123523,3.678235054,1
1559,1537,0.9649707079,2.608968735,1
1559,1553,4.889516354,0.3517324924,1
1559,1569,4.958913803,1.096916437,1
1559,1585,3.833637714,-3.347290277,1
1559,1601,6.144387722,-2.82420516,1
1559,1617,-5.287653923,7.155399799,1
1559,1633,-5.11736536,-6.532446384,1
1559,1649,9.234400749,2.850068808,1
1559,1665,-7.314520836,6.061083794,1
1559,1681,1.03815186,-2.576159716,1
1559,1697,5.94998312,-5.917257309,1
1559,1713,4.4793396,-6.518009186,1
1559,1729,0.1585500836,2.209115744,1
1559,1745,2.086785078,-6.773158073,1
1559,1761,-2.944275856,4.958608627,1
1559,1777,0.4504120946,0.74431777,1
1559,1793,0.3345618248,-0.06306946278,1
1559,1809,-0.1083622575,-0.04901528358,1
1559,1825,0.2945832908,-0.0968901515,1
1559,1841,1.473140717,0.7273977995,1
1559,1857,2.681657553,-0.3587571979,1
1559,1873,2.905005932,-0.7146699429,1
1559,1889,-8.374587059,-0.1008406281,1
1559,1905,-1.461062908,5.168099403,1
1559,1921,-0.02594459057,4.712954044,1
1559,1937,3.576443195,7.050003052,1
1559,1953,-1.849730015,2.556876898,1
1559,1969,-3.503610611,0.9944773316,1
1559,1985,-4.202363968,3.153409958,1
1559,2001,-4.844703674,5.502053261,1
1559,2017,-8.34355545,2.554315805,1
1559,2033,-0.5303301811,-0.6882323027,1
1575,17,1.522251487,4.906197548,1
1575,33,-0.02255451679,3.560239315,1
1575,49,-1.470038652,1.91002655,1
1575,65,-1.03328824,0.587878406,1
1575,81,0.002443701029,-0.4812014699,1
1575,97,0.7201853991,-2.746463537,1
1575,113,0.722304523,-8.01081562,1
1575,129,0.09804320335,-1.457439303,1
1575,145,1.125967503,-0.8163019419,1
1575,161,-7.476737976,0.4636507928,1
1575,177,1.239814162,-1.113921762,1
1575,193,1.297056556,-0.148663342,1
1575,209,1.691126108,0.8718038201,1
1575,225,-5.049841881,-4.564698219,1
1575,241,1.192105412,2.285483122,1
1575,257,0.1526888609,4.499948502,1
1575,273,0.4876906872,2.991291761,1
1575,289,0.9505462646,2.341179848,1
1575,305,1.965269804,3.865900278,1
1575,321,4.125384331,-8.503797531,1
1575,337,10.2091465,-0.4499771595,1
1575,353,10.14313507,-1.722348332,1
1575,369,1.125835657,1.033426523,1
1575,385,-0.2647923231,-1.029985428,1
1575,401,-1.175513744,-0.3519935608,1
1575,417,2.813898563,0.2331712842,1
1575,433,3.125491142,0.3689092696,1
1575,449,1.409725428,0.007251679897,1
1575,465,1.035197973,-1.110276699,1
1575,481,0.4272463918,0.3587741256,1
1575,497,-0.228458941,2.60626173,1
1575,513,1.224539161,0.9320122004,1
1575,529,1.215744853,1.085217476,1
1575,545,0.9600875378,2.137105942,1
1575,561,5.416370869,-5.863182545,1
1575,577,0.7456660271,2.932735443,1
1575,593,0.7010011673,1.987311006,1
1575,609,0.5882803202,0.6507771015,1
1575,625,0.4397879839,0.3662737012,1
1575,641,5.570082664,8.381628036,1
1575,657,1.578670263,-2.137937546,1
1575,673,1.359918475,-1.010866165,1
1575,689,2.195935249,1.120611072,1
1575,705,1.382191181,6.320000648,1
1575,721,0.9722997546,3.52895236,1
1575,737,-1.816014886,1.234285474,1
1575,753,-1.759607196,3.372648239,1
1575,769,-4.880605221,7.65446806,1
1575,785,3.075769663,-1.082522154,1
1575,801,-0.4378383756,3.09931159,1
1575,817,0.693778038,5.288283348,1
1575,833,4.712200165,0.4707548618,1
1575,849,-1.270862699,2.100224018,1
1575,865,-1.99234581,-0.01919126511,1
1575,881,-3.167949438,3.702233315,1
1575,897,-3.416538239,4.48581934,1
1575,913,-2.078422546,3.951317549,1
1575,929,-4.92688942,-2.276581287,1
1575,945,-4.452125549,-1.587339044,1
1575,961,-2.733334541,2.546094418,1
1575,977,-2.725352764,-0.4937887192,1
1575,993,-0.9916901588,2.555325747,1
1575,1009,-1.186558008,3.808697939,1
1575,1025,-0.6290583611,2.687972069,1
1575,1041,-0.724078536,4.872643471,1
1575,1057,-0.3091350794,4.902386665,1
1575,1073,-0.09798358381,4.577977657,1
1575,1089,-0.03096689284,2.895752192,1
1575,1105,0.1480930895,0.9349782467,1
1575,1121,-2.769418955,-7.425140381,1
1575,1137,5.582314014,-6.261893749,1
1575,1153,0.02276360989,-0.02394759655,1
1575,1169,0.1661435813,0.4811837673,1
1575,1185,-8.2527771,0.4590807557,1
1575,1201,-2.16628027,-7.456462383,1
1575,1217,-0.1648989916,1.29278028,1
1575,1233,0.3401565552,1.563619375,1
1575,1249,-0.2634365559,1.96306324,1
1575,1265,-1.795102,6.877678871,1
1575,1281,-1.991469979,5.146893978,1
1575,1297,-1.831224442,2.054326534,1
1575,1313,1.897012949,0.7531505823,1
1575,1329,5.921657562,7.292527676,1
1575,1345,-8.929100037,1.639588118,1
1575,1361,-8.296859741,3.153354883,1
1575,1377,-0.1587805748,1.539724946,1
1575,1393,0.02314984798,1.690937042,1
1575,1409,-2.073303461,1.791748524,1
1575,1425,-3.398291349,1.766726017,1
1575,1441,0.1578335762,10.39360714,1
1575,1457,-3.859528542,1.709679961,1
1575,1473,-3.799867153,1.050021768,1
1575,1489,-2.162471771,1.401357651,1
1575,1505,-0.296105504,3.017693281,1
1575,1521,0.5803127885,4.644757271,1
1575,1537,0.6227520108,3.215389729,1
1575,1553,1.462755442,2.34978199,1
1575,1569,4.071588039,-0.5061640739,1
1575,1585,-1.056235075,-0.7456560135,1
1575,1601,3.734538555,-8.847192764,1
1575,1617,-6.570847511,6.397366524,1
1575,1633,-0.1026465297,9.02914238,1
1575,1649,5.438497543,7.698293209,1
1575,1665,9.43940258,-1.763691187,1
1575,1681,0.9752582312,0.158967793,1
1575,1697,-1.251033187,-0.4141131043,1
1575,1713,5.312809467,0.9401416779,1
1575,1729,4.021234512,4.249633789,1
1575,1745,-0.5359246731,3.854019642,1
1575,1761,-2.553740978,5.310365677,1
1575,1777,-8.458453178,0.04754185677,1
1575,1793,-8.221124649,-1.520480752,1
1575,1809,8.872503281,3.879934072,1
1575,1825,-5.269693851,-0.4648674726,1
1575,1841,1.245131254,0.02197539806,1
1575,1857,1.455299258,-1.071987391,1
1575,1873,0.761731267,-1.318071604,1
1575,1889,0.08309194446,-1.125124812,1
1575,1905,9.345884323,-0.6509372592,1
1575,1921,10.32249737,0.3647922873,1
1575,1937,10.054286,-4.728838921,1
1575,1953,10.07260799,-4.158246517,1
1575,1969,0.8915536404,1.164764762,1
1575,1985,-0.9097604752,1.891097903,1
1575,2001,1.157625675,-2.027301311,1
1575,2017,-0.967612505,3.801989555,1
1575,2033,3.909544468,-8.534753799,1
1591,17,1.143619299,3.588445187,1
1591,33,-0.4573892355,6.025928497,1
1591,49,-1.320151925,1.807563782,1
1591,65,-1.048110366,0.4131646752,1
1591,81,-0.1693271399,-0.9182214141,1
1591,97,0.4700977802,-1.040742636,1
1591,113,0.5929116011,-3.197069168,1
1591,129,0.8392755985,-1.377179384,1
1591,145,1.367540717,-1.161460876,1
1591,161,2.12758255,-0.5484828353,1
1591,177,1.686975121,-0.3481238484,1
1591,193,1.34160924,0.1535449624,1
1591,209,-1.106016159,4.478755474,1
1591,225,-5.020638943,-4.452603817,1
1591,241,0.522567153,1.963684559,1
1591,257,0.596862793,2.717229605,1
1591,273,0.7080168724,3.659378767,1
1591,289,0.333114624,2.82848835,1
1591,305,1.111323953,2.341446877,1
1591,321,0.9106779099,1.434172988,1
1591,337,-5.659691811,4.368456841,1
1591,353,-6.226397514,-6.203912258,1
1591,369,1.839151978,2.594896078,1
1591,385,1.426125765,0.7084720135,1
1591,401,0.9349725246,-0.2727345228,1
1591,417,1.214304566,-0.04227828979,1
1591,433,1.391343236,0.5193841457,1
1591,449,0.7078586817,0.2576130033,1
1591,465,0.765186429,0.3803263307,1
1591,481,0.6644814014,0.09487813711,1
1591,497,0.9468554258,-0.07571429014,1
1591,513,1.621845007,-1.637059689,1
1591,529,1.676097274,0.1390146613,1
1591,545,1.15482235,0.7543355227,1
1591,561,1.093165874,2.171112061,1
1591,577,0.8807430267,1.907014966,1
1591,593,0.5215837955,1.639600873,1
1591,609,3.869321585,5.206158638,1
1591,625,0.6669439077,9.46472168,1
1591,641,-1.11135304,-7.405609131,1
1591,657,10.51494026,4.540667057,1
1591,673,2.935578823,-2.511782408,1
1591,689,1.862375975,2.162886858,1
1591,705,2.482382059,7.297528267,1
1591,721,-3.557336807,9.203372955,1
1591,737,-3.395671606,1.965091586,1
1591,753,-3.064057827,3.595324993,1
1591,769,6.473204613,7.759409904,1
1591,785,-1.208209515,-6.518157482,1
1591,801,5.846036434,-3.430857897,1
1591,817,5.586726189,-3.185686588,1
1591,833,-8.949666023,-2.149475813,1
1591,849,-3.663169622,3.031980276,1
1591,865,-3.019339085,1.6194489,1
1591,881,-4.008079529,2.890469551,1
1591,897,-3.834309101,3.396821022,1
1591,913,-1.747616529,2.911137581,1
1591,929,-2.129221439,-0.6691830158,1
1591,945,-1.942382097,0.9577798843,1
1591,961,-5.356257439,9.880872726,1
1591,977,-1.568601131,3.090788603,1
1591,993,-2.100365877,3.707610369,1
1591,1009,-0.4934162199,4.022855759,1
1591,1025,-0.7111900449,5.015344143,1
1591,1041,-0.7055959702,6.125108242,1
1591,1057,-0.001469045877,5.826832771,1
1591,1073,-0.2883567512,5.279227734,1
1591,1089,-0.2449620217,3.785770893,1
1591,1105,-7.780108452,-2.513228893,1
1591,1121,1.117660522,-8.164025307,1
1591,1137,8.412931442,-3.027433395,1
1591,1153,0.0623659417,-0.5650564432,1
1591,1169,0.09854108095,-0.7732234001,1
1591,1185,-1.277926087,-0.8514544964,1
1591,1201,-0.7272530794,-5.016644001,1
1591,1217,0.2317489386,1.026434779,1
1591,1233,0.1887389421,1.146360636,1
1591,1249,-1.398882508,-0.07191514969,1
1591,1265,-2.775956154,0.3894142509,1
1591,1281,-0.6277805567,0.1969794035,1
1591,1297,-0.4478553832,-0.4263756871,1
1591,1313,2.289545536,0.2748783231,1
1591,1329,6.245370865,6.972067833,1
1591,1345,-0.3291192949,1.970873356,1
1591,1361,-6.241930962,2.257795572,1
1591,1377,0.7061344385,0.3254810572,1
1591,1393,-0.08676856756,1.50572741,1
1591,1409,-0.4233257174,2.205524445,1
1591,1425,-0.776619792,1.714793682,1
1591,1441,-2.574259281,3.288280964,1
1591,1457,-2.943076134,1.515982151,1
1591,1473,-3.8834939,0.7462700605,1
1591,1489,-4.531682491,0.2021101713,1
1591,1505,-3.202785969,6.149463654,1
1591,1521,-0.8155261278,2.866455793,1
1591,1537,-0.4232919812,4.270074844,1
1591,1553,-0.555727005,3.213209867,1
1591,1569,-7.836054802,6.291424751,1
1591,1585,-3.506448984,-1.107223034,1
1591,1601,-0.7388538718,-0.9006839991,1
1591,1617,1.407468796,0.7317851782,1
1591,1633,1.705161452,-1.920453668,1
1591,1649,3.461675167,-3.76964283,1
1591,1665,3.271573544,-2.902559042,1
1591,1681,3.141938686,-4.809438705,1
1591,1697,2.938461781,-4.141396523,1
1591,1713,0.3841643929,2.542372227,1
1591,1729,0.03660736978,2.488576174,1
1591,1745,-0.9485815763,3.042393208,1
1591,1761,7.531038284,0.4660675526,1
1591,1777,8.031564713,0.5517203808,1
1591,1793,0.900978744,1.255221605,1
1591,1809,0.2634101212,2.066369534,1
1591,1825,6.150012016,0.3030183613,1
1591,1841,1.084685326,-0.0886707902,1
1591,1857,1.465623498,-0.8159887195,1
1591,1873,0.4418385625,-1.244760394,1
1591,1889,-0.1605063081,-1.064417601,1
1591,1905,8.272340775,4.149456978,1
1591,1921,5.798413277,-7.786241531,1
1591,1937,8.635773659,-4.47292614,1
1591,1953,8.416072845,-4.140642166,1
1591,1969,-4.680830479,-6.793243408,1
1591,1985,-0.4656205177,1.335383177,1
1591,2001,1.896694899,-1.432440996,1
1591,2017,0.05005168915,4.308271885,1
1591,2033,3.120592594,0.6272079945,1
1607,17,0.8946361542,4.683490753,1
1607,33,-1.213228583,5.813067436,1
1607,49,-2.074134827,2.435143709,1
1607,65,-0.9495030046,-0.1170102358,1
1607,81,1.013815522,-2.593663931,1
1607,97,1.286181808,-2.044392347,1
1607,113,1.311468482,-2.208034039,1
1607,129,2.475065947,-0.2930648327,1
1607,145,1.78876543,-1.334344268,1
1607,161,1.606513739,-1.565437078,1
1607,177,1.715790987,-0.4507992268,1
1607,193,1.714309692,0.145498395,1
1607,209,0.7671263218,0.1792385578,1
1607,225,0.7504960299,1.701828241,1
1607,241,0.9541869164,2.422447681,1
1607,257,1.34318912,2.363657236,1
1607,273,1.516754866,2.719102383,1
1607,289,1.477568388,1.462198853,1
1607,305,1.538220882,0.7280848026,1
1607,321,1.421543837,-0.4010453224,1
1607,337,1.587089062,-1.242337465,1
1607,353,1.853483319,-0.3749936819,1
1607,369,1.883124709,3.536844015,1
1607,385,1.552106977,0.01306265593,1
1607,401,1.614559412,-0.1567538381,1
1607,417,1.317584872,-0.3888947964,1
1607,433,1.3767488,0.2025948465,1
1607,449,1.405030012,1.23178637,1
1607,465,1.25758183,1.632312298,1
1607,481,1.539685845,2.171504498,1
1607,497,2.393551588,0.3003234565,1
1607,513,4.026757717,2.087333202,1
1607,529,2.79807663,0.2224966288,1
1607,545,1.055372357,0.4687026143,1
1607,561,0.9270674586,0.7220053673,1
1607,577,0.4594862461,-2.404764175,1
1607,593,3.276776552,0.27627033,1
1607,609,6.530491352,-3.158412218,1
1607,625,1.423347712,9.442288399,1
1607,641,9.45144558,3.988131046,1
1607,657,7.911052227,9.901054382,1
1607,673,2.358922005,-1.354106903,1
1607,689,2.160964489,2.414057732,1
1607,705,0.02018713951,4.965986729,1
1607,721,-1.381793499,-6.681013584,1
1607,737,0.8720894456,7.948850632,1
1607,753,6.583557606,-3.389361143,1
1607,769,3.989649773,-2.653989077,1
1607,785,-0.05321621895,-1.71630311,1
1607,801,0.1924591064,-1.101852417,1
1607,817,-8.823058128,7.234362602,1
1607,833,-0.581817627,4.919790268,1
1607,849,-1.254231215,5.480554104,1
1607,865,-3.484714746,3.560447216,1
1607,881,-4.37899065,2.331417561,1
1607,897,-3.416841269,1.857872128,1
1607,913,0.4568858147,3.426331758,1
1607,929,-3.089503765,-1.718318939,1
1607,945,-0.6966946125,0.3375835419,1
1607,961,-0.287989676,1.998434305,1
1607,977,-0.5969317555,3.473365784,1
1607,993,-0.48317945,4.715041161,1
1607,1009,-0.4203999043,5.300097942,1
1607,1025,-0.7214632034,13.88724709,1
1607,1041,-0.5640172362,7.148473263,1
1607,1057,-0.6277515292,7.123178005,1
1607,1073,-0.6588677168,5.77534914,1
1607,1089,-0.1074593663,6.753723145,1
1607,1105,-6.687146664,-3.193142414,1
1607,1121,-6.670597076,-4.999551773,1
1607,1137,0.1715838611,-2.725017071,1
1607,1153,0.1819842458,-2.240152836,1
1607,1169,-0.4416398406,-1.893873096,1
1607,1185,-1.253811121,-1.327407479,1
1607,1201,3.434876442,-2.356732845,1
1607,1217,3.1518929,9.725889206,1
1607,1233,0.8198812008,0.778521657,1
1607,1249,-6.784936428,-4.842842102,1
1607,1265,-3.414103746,-0.7351837158,1
1607,1281,-1.237749696,-0.294516027,1
1607,1297,-0.2031548619,-0.4876761436,1
1607,1313,2.96737051,8.922963142,1
1607,1329,-0.01864498854,1.266597509,1
1607,1345,0.1601823568,2.565056801,1
1607,1361,-3.270646334,-7.290358543,1
1607,1377,4.271097183,-6.364006042,1
1607,1393,-2.953508615,1.120576382,1
1607,1409,1.109042764,1.636698365,1
1607,1425,-1.170190334,1.508162737,1
1607,1441,-0.1894638538,2.2831707,1
1607,1457,-5.609488487,2.206241846,1
1607,1473,-2.621522903,1.487491369,1
1607,1489,3.983442307,8.428691864,1
1607,1505,-6.406446457,2.139796734,1
1607,1521,-3.591748714,3.196804523,1
1607,1537,0.1385284662,2.289278269,1
1607,1553,0.1880915165,2.981551647,1
1607,1569,-0.5978816748,2.172100544,1
1607,1585,0.4273009896,0.4851565361,1
1607,1601,0.7458348274,0.3440689743,1
1607,1617,7.859537125,5.565642834,1
1607,1633,1.783848286,-1.900773644,1
1607,1649,1.6159091,-1.128134966,1
1607,1665,2.075947285,-0.7169800997,1
1607,1681,1.956294537,-2.158943653,1
1607,1697,2.01380682,-4.132658958,1
1607,1713,-0.2867687941,0.5764297247,1
1607,1729,-0.5274139047,1.983033299,1
1607,1745,-1.318592906,2.293634176,1
1607,1761,-5.13605547,-3.367695332,1
1607,1777,-0.3515239358,1.494019985,1
1607,1793,1.794023514,3.410172939,1
1607,1809,-0.3919312954,9.120440483,1
1607,1825,-0.5406653881,0.9189022779,1
1607,1841,1.497040749,1.286065102,1
1607,1857,3.535059929,-0.2029389739,1
1607,1873,0.8681411743,-0.9029516578,1
1607,1889,0.7604868412,-0.5162852407,1
1607,1905,0.9706171751,-0.03336006403,1
1607,1921,1.554342747,0.7829194665,1
1607,1937,-2.458111286,3.386185884,1
1607,1953,-2.037749767,-8.197956085,1
1607,1969,-5.611554623,7.415593147,1
1607,1985,0.01588463783,0.8617100716,1
1607,2001,-0.6600241661,0.8027040958,1
1607,2017,-0.2534972429,1.02116394,1
1607,2033,0.8640613556,-0.5643597245,1
1623,17,3.93006897,1.354373813,1
1623,33,1.079416156,2.62654829,1
1623,49,-0.5357118249,4.194771767,1
1623,65,-1.188914776,-0.7973126173,1
1623,81,-0.489900291,-1.603747129,1
1623,97,0.9060484171,-2.558435917,1
1623,113,1.049562216,-1.694230556,1
1623,129,1.361321926,-0.6256174445,1
1623,145,0.339520812,-0.9125751257,1
1623,161,-0.009412050247,-0.9942032695,1
1623,177,4.78791666,-0.1196564436,1
1623,193,5.359223366,0.5559788346,1
1623,209,5.057600975,0.6463582516,1
1623,225,2.597926855,0.9148123264,1
1623,241,2.608538628,1.577058792,1
1623,257,2.790350199,2.438604355,1
1623,273,2.844827175,2.333539486,1
1623,289,2.764092684,1.830754042,1
1623,305,2.349813223,1.703683138,1
1623,321,-3.066400766,-5.080293655,1
1623,337,0.6860690117,-5.553691387,1
1623,353,1.181762457,1.73123312,1
1623,369,0.4046641588,2.223059416,1
1623,385,-0.2763513327,-3.022018194,1
1623,401,0.9393043518,-2.386797428,1
1623,417,1.755143642,-2.827502012,1
1623,433,2.770483017,-4.12858057,1
1623,449,0.9164558649,1.193964481,1
1623,465,0.6265637875,1.040338993,1
1623,481,3.379398823,2.590930462,1
1623,497,4.652976513,1.389806271,1
1623,513,4.411139965,2.072110653,1
1623,529,1.605468869,0.7096229196,1
1623,545,0.317142725,0.9506067038,1
1623,561,0.9402031302,0.5776036978,1
1623,577,8.115323067,-4.34288168,1
1623,593,2.659579277,-0.04646001756,1
1623,609,-7.70144701,-1.111194372,1
1623,625,8.986179352,1.285519838,1
1623,641,5.785347939,4.156569481,1
1623,657,3.381365776,2.794941187,1
1623,673,2.752978802,2.831033468,1
1623,689,3.417080879,3.023528576,1
1623,705,2.685873985,4.391251087,1
1623,721,-1.342178226,-6.746565819,1
1623,737,1.209788084,-6.760424614,1
1623,753,1.896535635,-6.259067059,1
1623,769,1.339700222,-3.510125399,1
1623,785,-1.077278137,1.229028463,1
1623,801,-1.9642874,1.8799932,1
1623,817,-2.127429485,3.12465024,1
1623,833,-0.2348499298,4.341385365,1
1623,849,-0.519068718,4.629218102,1
1623,865,-3.231556654,4.378862381,1
1623,881,-4.808644772,2.872939587,1
1623,897,-3.650450706,2.09467268,1
1623,913,-1.490928411,1.659736156,1
1623,929,-1.056465149,0.3413168192,1
1623,945,-0.3228405416,0.9989717007,1
1623,961,-0.2365607023,2.318576336,1
1623,977,-0.5756951571,3.487482071,1
1623,993,-0.7762095928,4.54665041,1
1623,1009,-4.229904652,9.058252335,1
1623,1025,8.099200249,6.573504448,1
1623,1041,1.927076936,4.660864353,1
1623,1057,-0.4188110828,6.833034039,1
1623,1073,-0.6858171225,5.349505901,1
1623,1089,-0.09397942573,6.838837147,1
1623,1105,0.1071856618,4.213738918,1
1623,1121,0.5372061133,0.8154506683,1
1623,1137,0.822989583,0.3346844912,1
1623,1153,1.124414325,0.1524864435,1
1623,1169,1.122684836,0.9347606897,1
1623,1185,0.4524898529,1.75443995,1
1623,1201,1.849380493,1.179157853,1
1623,1217,6.603351593,-3.211657524,1
1623,1233,0.6862410307,0.7766151428,1
1623,1249,-4.842463017,-0.8926581144,1
1623,1265,-4.613314152,-0.2224625349,1
1623,1281,-0.4492551684,-0.7454509735,1
1623,1297,0.8872596025,-1.198652506,1
1623,1313,1.284720778,-0.6412792206,1
1623,1329,1.007420182,-0.1108367443,1
1623,1345,0.1840403676,1.315227628,1
1623,1361,-0.9097020626,1.983576536,1
1623,1377,5.14651823,-1.304493666,1
1623,1393,1.23058188,1.758213758,1
1623,1409,-0.4696520567,1.149434924,1
1623,1425,-1.631007075,1.346919179,1
1623,1441,-2.590159178,3.352591753,1
1623,1457,-5.264984131,2.017327785,1
1623,1473,-2.041154861,1.529400945,1
1623,1489,-1.991712809,1.214825273,1
1623,1505,-4.601215363,1.886670709,1
1623,1521,-6.385409832,3.213361263,1
1623,1537,-2.000903606,2.329675198,1
1623,1553,-1.360844135,3.531462431,1
1623,1569,-0.9140312076,2.513810396,1
1623,1585,0.8153476715,1.007012486,1
1623,1601,1.170427203,0.7494170666,1
1623,1617,1.974073887,-0.184257701,1
1623,1633,2.205074549,-1.195598841,1
1623,1649,1.644031167,-0.5627220869,1
1623,1665,2.018571615,-0.3279286623,1
1623,1681,1.456103802,-1.02048564,1
1623,1697,0.8536951542,-0.2561656237,1
1623,1713,3.457252026,8.267168999,1
1623,1729,-0.9702759981,1.597014427,1
1623,1745,-0.250197947,1.594092131,1
1623,1761,-7.242768764,-3.045859337,1
1623,1777,5.047809124,8.706056595,1
1623,1793,1.199816227,2.349965334,1
1623,1809,0.9180199504,0.8875290155,1
1623,1825,0.1951496601,1.502962828,1
1623,1841,-0.2878837585,0.3099626899,1
1623,1857,-0.5752188563,0.1741393954,1
1623,1873,0.5266929865,-0.1846480817,1
1623,1889,0.69009763,-0.1309655458,1
1623,1905,0.9673169851,0.1770427823,1
1623,1921,1.211755157,0.394557029,1
1623,1937,1.016331553,1.783517361,1
1623,1953,4.071801186,-7.252531528,1
1623,1969,0.5342509747,1.99424839,1
1623,1985,-1.085309267,0.6206642389,1
1623,2001,-0.9873716235,-0.4661624432,1
1623,2017,0.0894728899,0.2178654373,1
1623,2033,0.7553213835,-0.02916520834,1
1639,17,4.564589024,1.483540654,1
1639,33,2.501456261,0.9325425625,1
1639,49,0.6251623631,2.13088274,1
1639,65,-0.3659366369,-0.6611636877,1
1639,81,-0.3775039911,-1.136086702,1
1639,97,-2.21306324,-1.2035923,1
1639,113,-1.355482817,-0.3781949282,1
1639,129,-0.2864619493,0.6195827723,1
1639,145,-1.736984849,8.489757538,1
1639,161,-3.905286551,-0.9403191805,1
1639,177,1.183769941,-2.379288435,1
1639,193,2.320161581,-1.303245902,1
1639,209,4.567796707,0.1583200693,1
1639,225,3.306059361,0.5087458491,1
1639,241,3.475566626,1.075890779,1
1639,257,3.746545553,1.796351075,1
1639,273,3.284703016,2.302334785,1
1639,289,3.192551851,2.678466082,1
1639,305,2.807152748,7.264463902,1
1639,321,2.176569462,2.551630497,1
1639,337,1.73093462,-1.056124449,1
1639,353,1.618326426,0.8864988685,1
1639,369,1.603574872,0.6432011724,1
1639,385,2.102424145,-8.264139175,1
1639,401,1.919753551,-3.020098686,1
1639,417,-5.542078018,-4.874165535,1
1639,433,1.315125227,-8.363835335,1
1639,449,0.9873584509,4.50026226,1
1639,465,0.8105083704,1.367485166,1
1639,481,1.121884704,1.073992133,1
1639,497,1.574966788,1.708558559,1
1639,513,1.650156736,-0.1244710684,1
1639,529,0.5284763575,0.5792027116,1
1639,545,-1.532780886,1.134355545,1
1639,561,0.5161134005,0.7979260087,1
1639,577,0.2241225839,-0.2792010903,1
1639,593,-0.15828228,-0.4833044112,1
1639,609,0.1772282124,-1.793325543,1
1639,625,3.793356895,0.9116162062,1
1639,641,3.559418917,2.811226845,1
1639,657,5.883315086,2.542040348,1
1639,673,6.547816753,2.99476862,1
1639,689,3.801009655,4.225652695,1
1639,705,3.40314579,3.428275824,1
1639,721,5.001723766,4.640123367,1
1639,737,-2.05495882,10.69126987,1
1639,753,0.1740448475,3.20848012,1
1639,769,7.177220345,-2.388658762,1
1639,785,-3.839263916,11.14742565,1
1639,801,-2.565934658,2.563546658,1
1639,817,-3.844979763,3.260075569,1
1639,833,-4.385482788,6.32382679,1
1639,849,-10.09246635,5.908660889,1
1639,865,-2.983169794,3.610244751,1
1639,881,-3.073318481,3.672785759,1
1639,897,-1.344224691,2.383934975,1
1639,913,-3.170198441,-6.292962551,1
1639,929,0.2492409945,1.355858088,1
1639,945,0.03940051794,2.170786142,1
1639,961,-0.8422681689,2.553997278,1
1639,977,-4.018624306,2.985276222,1
1639,993,-9.095524788,3.449332714,1
1639,1009,-9.348468781,2.009642601,1
1639,1025,8.151161194,6.77954483,1
1639,1041,5.436245441,3.323815107,1
1639,1057,-0.5196038485,5.366668224,1
1639,1073,-0.08010785282,5.318069935,1
1639,1089,-0.1708148718,6.204626083,1
1639,1105,0.586625874,7.63528347,1
1639,1121,1.072226763,3.509922981,1
1639,1137,0.3399204016,2.202821255,1
1639,1153,1.315947294,1.192861319,1
1639,1169,1.863213301,1.649208069,1
1639,1185,5.171311378,3.596217632,1
1639,1201,5.278380394,1.563892126,1
1639,1217,-4.903838158,7.113676071,1
1639,1233,-1.067643404,0.8143578768,1
1639,1249,-2.861899137,-2.102606773,1
1639,1265,0.4007608294,-0.7592111826,1
1639,1281,0.3804412484,-1.99957633,1
1639,1297,0.7964049578,-1.584784508,1
1639,1313,0.6190435886,-1.111026764,1
1639,1329,0.5573260784,0.5308812261,1
1639,1345,0.1308504194,1.451972604,1
1639,1361,-1.603872299,1.805706859,1
1639,1377,-1.166280627,5.267129898,1
1639,1393,0.7104302049,6.364456654,1
1639,1409,-1.228250504,0.5843231678,1
1639,1425,-1.467597961,0.911570549,1
1639,1441,-2.290136337,2.903761387,1
1639,1457,-0.9970362186,1.359370351,1
1639,1473,-2.874291897,1.823566318,1
1639,1489,-2.527569294,1.83369565,1
1639,1505,4.681045532,8.590481758,1
1639,1521,-0.4987630844,2.944846869,1
1639,1537,-0.2868006229,4.874202728,1
1639,1553,-0.7795728445,-6.364147186,1
1639,1569,-0.9976494312,2.805235863,1
1639,1585,1.059049368,0.3874040842,1
1639,1601,2.573639631,0.4506624937,1
1639,1617,3.318200111,-0.06177997589,1
1639,1633,2.495182753,-1.053065538,1
1639,1649,1.685513496,-0.7022978067,1
1639,1665,2.033908367,-1.50190115,1
1639,1681,3.074647427,-0.2258993387,1
1639,1697,3.673325062,0.006505355239,1
1639,1713,6.235993862,-0.351492703,1
1639,1729,-1.466299295,1.536364436,1
1639,1745,0.03117051721,1.761883497,1
1639,1761,0.7454977632,0.8691610098,1
1639,1777,1.316806436,2.461163998,1
1639,1793,1.580173254,1.052538633,1
1639,1809,1.474809408,0.2689097524,1
1639,1825,0.5426266789,0.7676470876,1
1639,1841,-0.2875174284,0.1655634046,1
1639,1857,-0.695931375,-0.9442705512,1
1639,1873,0.005285680294,0.3916223049,1
1639,1889,0.5435445309,0.444581002,1
1639,1905,1.725027323,0.4442229867,1
1639,1921,4.116972923,0.4276800752,1
1639,1937,3.986854076,0.5244548917,1
1639,1953,-6.959558487,-3.48358655,1
1639,1969,-5.050386429,-2.071986914,1
1639,1985,-6.745941162,-3.48233366,1
1639,2001,8.10724926,-4.268308163,1
1639,2017,9.022931099,-1.34706521,1
1639,2033,0.5150581598,-0.1897293627,1
1655,17,4.559099197,-1.297312498,1
1655,33,3.356146097,-1.088118911,1
1655,49,2.373282909,-0.54920578,1
1655,65,1.380657077,0.2057954073,1
1655,81,1.131299496,-2.803314924,1
1655,97,0.4612417221,-1.996666193,1
1655,113,-0.04441086203,1.021242499,1
1655,129,-0.4491480291,1.179781079,1
1655,145,-2.555427313,1.191309929,1
1655,161,-3.062075138,0.3204492927,1
1655,177,-0.2732504606,-1.990213633,1
1655,193,0.5748642683,-1.142959833,1
1655,209,3.017521381,0.03955098614,1
1655,225,3.271548271,0.2182910591,1
1655,241,3.579164267,0.2319310904,1
1655,257,3.660213709,0.7525112629,1
1655,273,3.21940589,1.991732121,1
1655,289,2.830905437,4.425483704,1
1655,305,3.216200829,6.645030975,1
1655,321,3.123241663,2.893013477,1
1655,337,4.03286314,3.955605268,1
1655,353,3.084347486,0.9976834059,1
1655,369,3.920502663,0.2861419618,1
1655,385,2.835209608,-8.425127029,1
1655,401,2.545622349,-1.37735939,1
1655,417,2.461221218,0.3430425525,1
1655,433,3.003322124,0.8437125087,1
1655,449,3.797065735,-0.5282161236,1
1655,465,1.259758949,0.360543251,1
1655,481,0.9981170893,1.047221899,1
1655,497,0.9703166485,1.557382822,1
1655,513,1.032417536,-0.4609355927,1
1655,529,1.086544275,0.7630469203,1
1655,545,0.7452744246,0.9307982922,1
1655,561,-3.225964785,1.510209203,1
1655,577,-7.943600178,3.165804386,1
1655,593,0.06523814797,0.2955747843,1
1655,609,0.1324239373,-0.3643031716,1
1655,625,-7.810558319,-1.335006356,1
1655,641,6.119430065,1.888384223,1
1655,657,6.687363625,2.892871857,1
1655,673,4.702575207,2.561341763,1
1655,689,-3.037811041,7.401586533,1
1655,705,-3.490480185,-4.609266758,1
1655,721,7.905441284,7.998933792,1
1655,737,1.465474367,-1.128115654,1
1655,753,-0.1020696163,1.778867126,1
1655,769,-0.9883557558,3.887916088,1
1655,785,0.2608033419,6.142372131,1
1655,801,-2.252977371,2.777751923,1
1655,817,-2.790411234,0.9150726795,1
1655,833,-3.143125057,1.985845804,1
1655,849,-3.736852646,3.483320236,1
1655,865,-0.3647735119,13.09380531,1
1655,881,-5.289833069,-4.666446209,1
1655,897,0.8704190254,3.142432451,1
1655,913,2.204517126,2.827321529,1
1655,929,8.468648911,6.430166245,1
1655,945,8.741095543,3.131479025,1
1655,961,0.5919742584,3.067677259,1
1655,977,-1.231238604,3.111724377,1
1655,993,-0.8651584387,2.979705572,1
1655,1009,6.104752541,8.439586639,1
1655,1025,-0.9197477698,9.359869957,1
1655,1041,0.1593813598,3.903841496,1
1655,1057,0.250756681,5.749796867,1
1655,1073,0.9881802797,5.085943699,1
1655,1089,0.1706729978,8.215196609,1
1655,1105,0.7992319465,8.732448578,1
1655,1121,0.979908824,6.318977833,1
1655,1137,0.9256647229,7.099766731,1
1655,1153,1.00922513,4.588021755,1
1655,1169,0.385330677,2.273648739,1
1655,1185,-0.1046566963,2.66612339,1
1655,1201,5.168971539,1.679926276,1
1655,1217,4.271190643,-1.29539752,1
1655,1233,-7.515730381,-1.411186576,1
1655,1249,-0.9420255423,4.423354149,1
1655,1265,6.021616936,6.67827177,1
1655,1281,-0.04523056746,-2.6749506,1
1655,1297,0.5554217696,-0.8993498087,1
1655,1313,-0.04653251171,-0.5032135248,1
1655,1329,1.782271743,1.061385989,1
1655,1345,2.630875587,1.177429557,1
1655,1361,-2.454599142,4.169638634,1
1655,1377,-3.610431671,5.766735077,1
1655,1393,5.156299591,7.674767494,1
1655,1409,-7.589584351,-1.001625299,1
1655,1425,-1.117188454,0.3183951974,1
1655,1441,-0.8954071999,1.274650931,1
1655,1457,4.649211884,7.366013527,1
1655,1473,-1.388880849,3.581553459,1
1655,1489,-2.010545492,3.348508358,1
1655,1505,3.538832188,-6.343372345,1
1655,1521,-2.355436802,7.355872631,1
1655,1537,7.264092445,3.092286348,1
1655,1553,-0.3100608587,-4.784332752,1
1655,1569,0.2480653971,1.409668684,1
1655,1585,1.534134388,0.5785970688,1
1655,1601,2.069805622,-0.4076589346,1
1655,1617,1.803066015,0.1075725257,1
1655,1633,1.745942116,-0.5320314765,1
1655,1649,-5.015605927,5.315968513,1
1655,1665,1.896746993,-0.4502977133,1
1655,1681,3.663722038,0.465775907,1
1655,1697,4.667019844,-0.05973273888,1
1655,1713,-6.147127151,2.607201099,1
1655,1729,-1.919667125,1.966770768,1
1655,1745,0.4124361277,2.022699356,1
1655,1761,0.6912338734,1.046868443,1
1655,1777,1.483612061,1.007636309,1
1655,1793,1.329106927,1.244645596,1
1655,1809,1.113160849,-0.09183162451,1
1655,1825,1.960566401,-0.08053463697,1
1655,1841,0.733708024,-0.02136899531,1
1655,1857,7.966891766,-2.37840867,1
1655,1873,0.1331405044,0.8130064011,1
1655,1889,0.3517587185,1.055688143,1
1655,1905,1.008897305,0.5710986257,1
1655,1921,1.453713298,0.4817253351,1
1655,1937,-3.568925858,0.3807800114,1
1655,1953,-2.06262207,0.1490027606,1
1655,1969,-0.517455101,-1.814661264,1
1655,1985,6.859520912,-5.23484087,1
1655,2001,5.252365589,-7.43447876,1
1655,2017,-6.002262592,6.397677422,1
1655,2033,-0.4046445191,-6.968585491,1
1671,17,5.096580982,0.1785745621,1
1671,33,3.895066977,-2.075858593,1
1671,49,3.233070374,-0.1717368662,1
1671,65,1.692167997,1.113657594,1
1671,81,-0.199972868,0.9265634418,1
1671,97,-0.08565926552,0.5950892568,1
1671,113,0.996155262,1.266524553,1
1671,129,0.1576613784,1.275203943,1
1671,145,-0.5856645703,0.4349301457,1
1671,161,-0.0813280493,-1.737503171,1
1671,177,0.799559474,-0.8819687963,1
1671,193,9.050727844,-4.579039574,1
1671,209,2.215624094,0.1184570864,1
1671,225,3.211097717,-0.0744259581,1
1671,241,3.193262339,-1.240656376,1
1671,257,-2.332868814,-5.870481014,1
1671,273,3.249219894,1.705343246,1
1671,289,4.952059746,4.034945011,1
1671,305,5.252969742,4.909659386,1
1671,321,5.989271641,2.046481371,1
1671,337,6.022500515,3.106693506,1
1671,353,3.197968483,0.9259893298,1
1671,369,2.650974274,-0.5210599303,1
1671,385,10.4769907,0.4576042295,1
1671,401,2.756747961,0.6123876572,1
1671,417,1.881289005,0.8664900064,1
1671,433,1.311583519,2.39921236,1
1671,449,1.46945858,2.131050348,1
1671,465,0.8207397461,1.291912794,1
1671,481,-0.9048711061,-0.554797709,1
1671,497,1.004622459,1.691684723,1
1671,513,0.8538434505,1.159074783,1
1671,529,0.6852695942,1.102732897,1
1671,545,0.7190304995,0.7781236172,1
1671,561,0.5718740821,1.283085823,1
1671,577,-8.066928864,1.196982622,1
1671,593,-5.412316799,7.597768307,1
1671,609,-0.02478951216,1.068326592,1
1671,625,0.5428709984,1.177240968,1
1671,641,1.417870522,1.633833528,1
1671,657,5.843004704,0.9942531586,1
1671,673,5.861270905,1.139953136,1
1671,689,2.421378136,1.797983885,1
1671,705,3.823771477,-2.436328888,1
1671,721,7.951174736,7.482559681,1
1671,737,-0.2821897268,-4.129853725,1
1671,753,-1.759558201,-0.05255687237,1
1671,769,-1.533712029,0.1012592316,1
1671,785,0.5465654135,4.423992157,1
1671,801,-6.095623493,-4.40969944,1
1671,817,-2.177274704,12.68015194,1
1671,833,-10.13183498,7.368331909,1
1671,849,-4.591367722,5.304531574,1
1671,865,-4.716011524,5.60785532,1
1671,881,-5.624053955,9.853962898,1
1671,897,-5.642207146,-4.136383057,1
1671,913,4.906451225,0.3310027122,1
1671,929,6.801364899,8.784406662,1
1671,945,1.665881157,3.266936064,1
1671,961,4.911077976,3.820578814,1
1671,977,-0.5839707851,3.106714487,1
1671,993,-0.4786461592,2.869382143,1
1671,1009,6.979765415,1.89840889,1
1671,1025,-3.793057203,10.57886124,1
1671,1041,0.3889832497,4.205998421,1
1671,1057,-0.1140405089,5.661128998,1
1671,1073,-0.07365748286,4.672928333,1
1671,1089,2.653546333,11.95401573,1
1671,1105,0.776564002,6.689817429,1
1671,1121,0.44626683,4.941412926,1
1671,1137,9.061256409,4.971336365,1
1671,1153,9.494080544,4.271598816,1
1671,1169,3.038302898,1.987327576,1
1671,1185,3.803155184,2.025523186,1
1671,1201,2.687401533,1.711062551,1
1671,1217,1.109933257,-0.2789957523,1
1671,1233,-2.929783106,-6.919565201,1
1671,1249,-4.322737694,5.608635902,1
1671,1265,0.07275268435,2.237359762,1
1671,1281,1.89797163,-8.296637535,1
1671,1297,0.7214812636,0.7625573874,1
1671,1313,0.4052273035,0.5938440561,1
1671,1329,2.151503563,0.7935681939,1
1671,1345,7.053824902,-0.853138566,1
1671,1361,-5.686991215,7.072441578,1
1671,1377,-1.374034166,5.119945049,1
1671,1393,-8.868345261,-2.373762131,1
1671,1409,0.4035410881,-0.8960795999,1
1671,1425,-0.9535774589,-0.2149271369,1
1671,1441,-3.461977959,0.3707689643,1
1671,1457,-1.628482699,-0.7506237626,1
1671,1473,-2.882198572,5.714675426,1
1671,1489,-4.188138962,4.832143307,1
1671,1505,-3.623444796,5.206995964,1
1671,1521,3.727418184,-6.312052727,1
1671,1537,3.198709249,0.8403346539,1
1671,1553,2.237298489,-1.292275548,1
1671,1569,0.8693713546,1.331422925,1
1671,1585,2.431283236,0.6787789464,1
1671,1601,3.643382311,0.7657294273,1
1671,1617,1.284087539,0.5897625685,1
1671,1633,1.1539222,-2.465867281,1
1671,1649,-3.789536476,-6.668759823,1
1671,1665,0.7935318947,-0.2323479354,1
1671,1681,0.6467032433,-0.4672423601,1
1671,1697,-5.988399506,0.3182223737,1
1671,1713,-1.395722389,-0.2953855991,1
1671,1729,2.779878616,0.7855932713,1
1671,1745,2.282679319,1.319151402,1
1671,1761,1.17420125,0.6817955971,1
1671,1777,0.895172894,0.4464185238,1
1671,1793,-0.3697920442,-5.262944221,1
1671,1809,4.153618336,-1.476270199,1
1671,1825,3.49480772,-0.6860824823,1
1671,1841,-1.782268524,-8.60340023,1
1671,1857,-0.9023889303,1.433293462,1
1671,1873,-0.2793028057,1.218127489,1
1671,1889,-1.157537937,1.389623523,1
1671,1905,-4.339359283,0.02686190605,1
1671,1921,-2.856798172,0.9214609265,1
1671,1937,-4.917171001,4.254651546,1
1671,1953,-5.755731583,2.281989574,1
1671,1969,-7.539845943,2.599915028,1
1671,1985,-1.147871852,-1.612098932,1
1671,2001,0.2490102947,-1.475933194,1
1671,2017,0.9955301285,0.4957208037,1
1671,2033,0.4900575876,0.9393742681,1
1687,17,4.01324749,-0.4511333108,1
1687,33,4.550756454,-1.077607036,1
1687,49,3.849178553,0.5500723124,1
1687,65,1.71820116,0.7937606573,1
1687,81,0.1551826,1.997769952,1
1687,97,1.350240111,1.345723748,1
1687,113,1.676216125,1.304258227,1
1687,129,1.13330853,1.453181028,1
1687,145,0.7303325534,0.7044971585,1
1687,161,-4.116558075,-6.77503252,1
1687,177,0.9087812901,0.3048039675,1
1687,193,9.613123894,-4.291365147,1
1687,209,2.11755228,0.1213113666,1
1687,225,3.122056961,-0.2029726803,1
1687,241,4.081670761,0.08734256029,1
1687,257,11.29415894,5.323311806,1
1687,273,8.850225449,3.144344807,1
1687,289,5.847140312,3.243854046,1
1687,305,5.485648155,3.353979826,1
1687,321,5.531749725,3.082169056,1
1687,337,5.998990059,1.138326764,1
1687,353,3.493593216,-0.07572859526,1
1687,369,3.073684216,-2.238856554,1
1687,385,3.60118556,0.1184249446,1
1687,401,2.697272778,0.4376890063,1
1687,417,1.775220871,0.9948791862,1
1687,433,-4.817537308,5.255115032,1
1687,449,2.471089125,1.709922314,1
1687,465,2.846219301,1.087863922,1
1687,481,2.846875191,-0.582188189,1
1687,497,2.970326185,0.3116398454,1
1687,513,1.482681394,1.427568674,1
1687,529,-1.822276473,1.271264195,1
1687,545,0.5997933149,1.204170823,1
1687,561,0.711961925,1.554728746,1
1687,577,0.9553426504,1.717620134,1
1687,593,0.7276096344,1.797715783,1
1687,609,-1.44253695,1.240104556,1
1687,625,-1.152046919,1.215219975,1
1687,641,0.1501986682,1.859563351,1
1687,657,1.936891079,1.077452421,1
1687,673,2.460781336,0.8055878878,1
1687,689,4.563616753,1.249722958,1
1687,705,4.634654999,0.3956212997,1
1687,721,8.910393715,-3.202495098,1
1687,737,-3.570226669,0.6453530788,1
1687,753,-5.861653328,-3.09142828,1
1687,769,-1.383196354,0.9771347046,1
1687,785,-2.77184248,11.3488121,1
1687,801,-5.444088936,-3.941107512,1
1687,817,-3.830483437,13.67377281,1
1687,833,-5.278012753,8.286800385,1
1687,849,-1.40394187,6.342981815,1
1687,865,-2.72973609,5.124682426,1
1687,881,-0.8381501436,12.46170044,1
1687,897,-1.829389334,10.15246868,1
1687,913,2.29493022,7.409004211,1
1687,929,-3.175801277,-5.976477623,1
1687,945,2.174963951,3.158557653,1
1687,961,7.57088995,7.199673653,1
1687,977,4.743950844,3.374117851,1
1687,993,4.899838448,2.697968245,1
1687,1009,6.517684937,-1.350181341,1
1687,1025,-6.413030148,4.753247261,1
1687,1041,-0.4464545846,3.546288013,1
1687,1057,1.156433582,4.139242172,1
1687,1073,-0.4903324842,4.117712975,1
1687,1089,7.210799694,-1.276007175,1
1687,1105,-2.063054562,5.611879826,1
1687,1121,0.6589233875,2.41613698,1
1687,1137,0.2164353579,2.026659489,1
1687,1153,0.09868623316,2.17621398,1
1687,1169,9.047513962,1.846387386,1
1687,1185,8.957078934,2.193657875,1
1687,1201,-7.676103115,-2.764641762,1
1687,1217,8.123072624,0.3978457451,1
1687,1233,7.212142467,-0.3058238029,1
1687,1249,2.748232603,9.892338753,1
1687,1265,-8.33013916,-0.732725203,1
1687,1281,-0.5429294109,2.190788031,1
1687,1297,0.4697424769,-5.459742546,1
1687,1313,-0.4012155235,0.1068140566,1
1687,1329,-0.7831875682,0.4390586019,1
1687,1345,8.505367279,0.8836025596,1
1687,1361,-5.658135891,7.794819355,1
1687,1377,4.612324238,-5.431775093,1
1687,1393,7.286365986,5.402258873,1
1687,1409,0.3038318753,-0.2468490601,1
1687,1425,-1.330199361,-0.04585704207,1
1687,1441,-3.23822403,1.702334881,1
1687,1457,-3.551090002,2.655495882,1
1687,1473,-0.7166899443,2.262524128,1
1687,1489,-3.459800959,5.922961712,1
1687,1505,8.024908066,0.7399451733,1
1687,1521,8.015293121,-0.2128548622,1
1687,1537,0.2303011715,1.285373449,1
1687,1553,-4.299643993,-6.689376831,1
1687,1569,0.5195654035,1.233207583,1
1687,1585,0.4172648489,1.092988968,1
1687,1601,-1.163993478,2.491513968,1
1687,1617,-1.365260124,1.191744089,1
1687,1633,1.704414129,2.742604017,1
1687,1649,4.008720875,3.115308523,1
1687,1665,2.822741508,-1.213889122,1
1687,1681,2.201694489,-3.762443304,1
1687,1697,6.632713318,-3.761773825,1
1687,1713,2.23212266,0.4919971228,1
1687,1729,2.907209158,0.7604355812,1
1687,1745,3.764177799,0.4062563181,1
1687,1761,9.082324982,5.618126392,1
1687,1777,0.358300209,-1.441287041,1
1687,1793,0.9247248173,-8.57253933,1
1687,1809,1.069681764,-9.252800941,1
1687,1825,0.74731493,8.417656898,1
1687,1841,-0.3222692013,-8.736596107,1
1687,1857,1.682166696,-2.111174107,1
1687,1873,1.961597204,0.9454461336,1
1687,1889,0.7486126423,1.22570765,1
1687,1905,-0.139095664,1.651678443,1
1687,1921,-0.7963696122,1.369245887,1
1687,1937,3.127755165,3.327090979,1
1687,1953,6.747630119,6.240361214,1
1687,1969,-0.2362591475,3.584946156,1
1687,1985,-0.6932168007,-0.6985760927,1
1687,2001,0.395152688,3.251830339,1
1687,2017,0.3662509322,1.999694467,1
1687,2033,0.5035032034,0.7475422621,1
1703,17,3.580271721,-0.100040257,1
1703,33,3.945831537,-1.040547013,1
1703,49,3.406857491,-0.4359666109,1
1703,65,2.330824614,-0.07200106978,1
1703,81,1.68342638,0.2801513076,1
1703,97,2.183706284,0.8222184777,1
1703,113,2.450704813,1.478609204,1
1703,129,2.346207619,1.990852237,1
1703,145,1.882294893,9.096445084,1
1703,161,9.514899254,-4.20538187,1
1703,177,2.502440691,4.635903835,1
1703,193,3.012090683,2.914356232,1
1703,209,3.647835732,0.4017622173,1
1703,225,3.659370661,0.3622344434,1
1703,241,3.951511383,0.7980157137,1
1703,257,4.777851105,-0.9218146801,1
1703,273,5.573450089,-0.8362389803,1
1703,289,6.174939156,2.864559412,1
1703,305,6.702676773,3.202915192,1
1703,321,6.791405201,3.760602951,1
1703,337,6.288342953,1.902966142,1
1703,353,5.381311417,-0.330524981,1
1703,369,4.234657288,-0.8098553419,1
1703,385,3.28993845,0.1629710495,1
1703,401,2.987354517,0.5489469767,1
1703,417,2.548139572,0.7764181495,1
1703,433,2.085949659,0.4831711054,1
1703,449,4.852375031,-1.51606822,1
1703,465,4.282953262,0.5748215914,1
1703,481,3.135061264,-0.1153415442,1
1703,497,3.374055386,0.5501217842,1
1703,513,2.364290237,1.027651906,1
1703,529,1.384950161,1.190039515,1
1703,545,1.15253365,1.339242339,1
1703,561,2.755708218,1.537308455,1
1703,577,3.641949415,2.373209,1
1703,593,-1.780656457,0.3093684912,1
1703,609,-1.628053427,1.11841011,1
1703,625,-0.8999874592,1.686519623,1
1703,641,-0.2278193831,1.736949444,1
1703,657,0.4013853669,1.775377989,1
1703,673,1.047463179,1.494910598,1
1703,689,1.567775607,-0.02181529999,1
1703,705,3.403688431,-8.501238823,1
1703,721,8.264719009,6.774908543,1
1703,737,-3.304866791,-0.6673938036,1
1703,753,-2.589801788,-0.5620846748,1
1703,769,7.600726604,7.290188789,1
1703,785,5.145528793,7.026564598,1
1703,801,1.503113985,-4.275307655,1
1703,817,-1.564218283,6.069743156,1
1703,833,-0.6321419477,7.073880196,1
1703,849,1.697245836,14.59809113,1
1703,865,-2.352948189,5.705728531,1
1703,881,1.932246923,12.82933807,1
1703,897,-7.376990795,0.8870887756,1
1703,913,-7.964642525,0.6990692616,1
1703,929,0.6328992248,2.932319641,1
1703,945,-0.5735808015,2.662519693,1
1703,961,-0.1943822354,2.969314814,1
1703,977,0.3379341364,3.330278397,1
1703,993,0.4413529932,3.26258564,1
1703,1009,-4.678936005,2.721904755,1
1703,1025,-1.546762109,2.063981295,1
1703,1041,-0.7207608819,2.60779953,1
1703,1057,-0.4697213471,2.879570961,1
1703,1073,-0.9262504578,3.520880222,1
1703,1089,-2.030416965,4.485055923,1
1703,1105,-1.061989665,2.459742785,1
1703,1121,-0.514842093,2.391202211,1
1703,1137,-0.7057007551,2.097345829,1
1703,1153,-0.5548474789,2.304082394,1
1703,1169,0.2273771763,1.435498953,1
1703,1185,-0.6158227921,2.224436045,1
1703,1201,-6.715859413,-1.104378939,1
1703,1217,-9.416732788,1.329768062,1
1703,1233,-5.04577589,6.516466141,1
1703,1249,-8.53340435,3.142600298,1
1703,1265,-8.476681709,2.842725277,1
1703,1281,-0.8310911655,1.319739103,1
1703,1297,3.45805645,-7.180164337,1
1703,1313,-0.5215096474,0.1308562756,1
1703,1329,-0.598949194,0.5292467475,1
1703,1345,-0.7139516473,0.9628617167,1
1703,1361,-1.364726067,1.585206509,1
1703,1377,2.969486237,-7.182604313,1
1703,1393,7.336983204,-2.06184721,1
1703,1409,-0.7921239138,0.7687267065,1
1703,1425,-1.018196344,0.3432017565,1
1703,1441,-1.275044918,0.2290230691,1
1703,1457,-1.178923368,2.693350554,1
1703,1473,-0.7322421074,3.634062767,1
1703,1489,0.4054270983,-8.012018204,1
1703,1505,2.298944473,-8.219110489,1
1703,1521,6.899391174,7.227263451,1
1703,1537,0.3080945015,5.941262722,1
1703,1553,0.3793773055,4.71102953,1
1703,1569,-0.06676095724,1.348772049,1
1703,1585,-0.2600649595,1.453809142,1
1703,1601,-0.3138362169,0.3218838573,1
1703,1617,-0.09994706511,-1.098199129,1
1703,1633,0.6201661229,-0.8747845292,1
1703,1649,2.724796772,-0.9754412174,1
1703,1665,2.635378599,-2.804435015,1
1703,1681,2.767510653,-0.8260216713,1
1703,1697,2.451139688,0.2957502306,1
1703,1713,2.64432621,0.4329552352,1
1703,1729,2.703262568,0.6813008785,1
1703,1745,2.578041553,0.2361702621,1
1703,1761,7.120328426,7.345455647,1
1703,1777,2.204787493,0.299331069,1
1703,1793,-6.52325058,-3.975997686,1
1703,1809,4.086622238,-8.616577148,1
1703,1825,10.14712143,-0.09663563967,1
1703,1841,-2.029871464,-7.876307487,1
1703,1857,2.699219704,-0.8179723024,1
1703,1873,2.214931726,0.9539346695,1
1703,1889,0.587015748,1.101169348,1
1703,1905,0.0543063283,2.090685844,1
1703,1921,-0.6777845621,1.821932316,1
1703,1937,2.266797781,2.996953487,1
1703,1953,2.269340515,0.1703966558,1
1703,1969,1.142238617,-0.3144869804,1
1703,1985,4.651956558,-7.44589138,1
1703,2001,-5.316411972,6.782709122,1
1703,2017,9.704607964,-1.193469763,1
1703,2033,10.0635643,-2.64269948,1
1719,17,4.784522057,-0.3092837334,1
1719,33,4.479581833,-1.345973372,1
1719,49,3.73256278,-0.9389197826,1
1719,65,3.352084875,-1.162398815,1
1719,81,3.079035282,-0.7304134369,1
1719,97,3.511122227,0.2023485899,1
1719,113,3.519866467,1.619013309,1
1719,129,3.113717079,3.546198845,1
1719,145,9.526101112,1.102101088,1
1719,161,8.805642128,1.227713466,1
1719,177,3.022699594,4.562168598,1
1719,193,4.964583397,2.429226398,1
1719,209,5.075305939,0.7982509732,1
1719,225,4.291656971,0.5387063622,1
1719,241,4.228425503,0.9061726928,1
1719,257,7.211974621,-1.721260428,1
1719,273,7.116355896,-1.689744234,1
1719,289,6.616558075,0.2883124352,1
1719,305,7.607887745,1.98993206,1
1719,321,2.682336807,-6.037822723,1
1719,337,5.788084984,0.4435243607,1
1719,353,5.284183979,-1.22292006,1
1719,369,4.334537506,-1.150653124,1
1719,385,3.749089718,0.5356499553,1
1719,401,2.911387205,1.983225822,1
1719,417,2.714119673,1.262716532,1
1719,433,2.460254192,1.470614076,1
1719,449,2.268100739,2.422049761,1
1719,465,-3.72683835,-4.530330658,1
1719,481,11.48412514,6.356970787,1
1719,497,0.3451833725,9.823950768,1
1719,513,2.518443823,1.19765234,1
1719,529,1.976730824,1.269958377,1
1719,545,1.707901359,0.9963054657,1
1719,561,1.158857703,1.208020926,1
1719,577,2.07383132,2.433513165,1
1719,593,1.986704588,1.262338996,1
1719,609,-5.622925758,7.190271378,1
1719,625,-1.0405761,1.201473355,1
1719,641,-1.237425089,1.094587326,1
1719,657,0.05869680643,1.56575346,1
1719,673,0.6350012422,1.273818493,1
1719,689,1.654345989,0.3324583769,1
1719,705,1.676879644,0.1702395678,1
1719,721,0.8521885872,-0.3637229204,1
1719,737,0.1504104137,1.736235261,1
1719,753,-4.435639858,0.9080476761,1
1719,769,-3.551836729,3.124311209,1
1719,785,-0.294674933,2.741793156,1
1719,801,-1.383251786,4.282095432,1
1719,817,-1.167584062,5.956748009,1
1719,833,2.538345098,6.863805294,1
1719,849,-0.7303236723,14.14486217,1
1719,865,-8.719947815,7.52066946,1
1719,881,-0.223344624,2.835169554,1
1719,897,-0.3114162683,2.202669621,1
1719,913,-5.890669346,-2.229930401,1
1719,929,-0.07237659395,2.197809935,1
1719,945,-0.02787852287,-3.606862068,1
1719,961,-0.1195181906,2.30160284,1
1719,977,0.2723518312,3.172625065,1
1719,993,0.5670638084,5.411921024,1
1719,1009,0.3935886025,2.715880871,1
1719,1025,3.880349159,2.668410301,1
1719,1041,-0.9609191418,1.876462221,1
1719,1057,-1.51881063,1.976277828,1
1719,1073,-8.070079803,6.186835766,1
1719,1089,-0.6217433214,1.590323448,1
1719,1105,-7.923724174,-2.939641714,1
1719,1121,-0.001491129398,3.036907196,1
1719,1137,-1.5474298,1.669530034,1
1719,1153,-2.386011839,2.35028553,1
1719,1169,0.08271278441,2.514928818,1
1719,1185,-0.1897311956,2.457642078,1
1719,1201,-0.5244091749,1.875327349,1
1719,1217,2.31206584,-7.29930687,1
1719,1233,-7.469985962,2.566810131,1
1719,1249,3.410233021,-1.479149699,1
1719,1265,3.687656403,-0.4881384373,1
1719,1281,5.440886021,8.360562325,1
1719,1297,0.6668406725,2.193635225,1
1719,1313,-5.396353722,6.937880993,1
1719,1329,-0.06601710618,0.6855326295,1
1719,1345,-0.2605748773,1.277636647,1
1719,1361,-0.427968502,2.516342402,1
1719,1377,-0.1280200481,0.9257289171,1
1719,1393,0.574852705,-0.9786943197,1
1719,1409,-0.3840652704,0.960619688,1
1719,1425,-0.4997261167,1.103157401,1
1719,1441,3.881892681,-7.448849201,1
1719,1457,-1.403227568,0.7642113566,1
1719,1473,-0.7993599772,1.299378157,1
1719,1489,-0.6668716073,1.022219419,1
1719,1505,-0.1356542408,3.794844627,1
1719,1521,6.651031017,6.263066769,1
1719,1537,-1.012693405,-5.214081764,1
1719,1553,-0.1490149647,1.902782917,1
1719,1569,-0.5381903648,1.320830107,1
1719,1585,-0.7882466316,1.17290473,1
1719,1601,-0.3092587292,0.2963218689,1
1719,1617,0.1751226783,-1.669339538,1
1719,1633,1.026098967,-1.652389407,1
1719,1649,1.638341665,-1.934316158,1
1719,1665,5.145752907,-7.003770828,1
1719,1681,3.087514162,-1.357354879,1
1719,1697,2.221521378,0.1261917651,1
1719,1713,2.016844749,0.109597072,1
1719,1729,6.323483467,0.3146204948,1
1719,1745,1.964529753,4.594761372,1
1719,1761,1.362097025,0.6661223173,1
1719,1777,1.759754181,-2.773873329,1
1719,1793,8.510287285,-4.109106064,1
1719,1809,1.072691202,0.001823976636,1
1719,1825,1.542781711,-0.6016457081,1
1719,1841,2.073363304,2.405342817,1
1719,1857,0.2437922955,0.6543855667,1
1719,1873,0.5906691551,6.028923988,1
1719,1889,1.80833149,1.516539812,1
1719,1905,0.5871739388,1.74254477,1
1719,1921,0.3965964019,1.821909189,1
1719,1937,0.7116209865,1.998311162,1
1719,1953,1.172549725,0.7079515457,1
1719,1969,0.5676718354,0.2654412985,1
1719,1985,6.471698761,-3.963446379,1
1719,2001,-6.181938648,4.107132435,1
1719,2017,0.01183182001,0.1007631868,1
1719,2033,1.09294188,-0.4993675947,1
1735,17,5.337707043,0.07426595688,1
1735,33,4.061006069,-2.024971962,1
1735,49,3.534874201,-1.621981382,1
1735,65,3.437721968,-1.648832679,1
1735,81,3.562923431,-0.8212518096,1
1735,97,4.104979515,-0.1005216241,1
1735,113,4.743961811,0.2414674759,1
1735,129,6.673219681,3.790159941,1
1735,145,7.176755428,3.806885242,1
1735,161,6.796594143,4.775482178,1
1735,177,4.34394455,3.211427212,1
1735,193,4.780472755,1.552019358,1
1735,209,4.498646259,1.439595699,1
1735,225,5.103247643,0.8619914651,1
1735,241,6.507104397,0.5010812283,1
1735,257,7.653380394,1.690377951,1
1735,273,4.767690659,1.372094631,1
1735,289,5.725623131,1.351480365,1
1735,305,6.58636713,1.275637746,1
1735,321,6.794389725,0.2099577188,1
1735,337,5.425011158,0.3475378752,1
1735,353,4.373669624,-0.9375367165,1
1735,369,5.274485588,-0.8524348736,1
1735,385,5.39499855,1.596231222,1
1735,401,3.715086699,1.840852857,1
1735,417,4.712767601,2.740309477,1
1735,433,4.920511723,3.452681303,1
1735,449,3.126995564,2.482000589,1
1735,465,4.121928692,1.872802019,1
1735,481,11.76287079,4.142481327,1
1735,497,3.140308142,2.311860085,1
1735,513,2.538770676,2.039454937,1
1735,529,2.162068129,0.9814924002,1
1735,545,2.116640329,-0.2922994494,1
1735,561,2.510457516,1.747326016,1
1735,577,3.008163452,2.600577831,1
1735,593,3.722812176,1.706245422,1
1735,609,2.439479351,-2.863073826,1
1735,625,1.890046597,-1.446569681,1
1735,641,0.7637387514,0.08937394619,1
1735,657,0.5533331633,0.5677706003,1
1735,673,0.4901447296,1.633658171,1
1735,689,0.7192158699,3.177093267,1
1735,705,0.6517847776,1.776214242,1
1735,721,0.2455658913,-0.7990102768,1
1735,737,0.5899968147,2.342372894,1
1735,753,5.193842411,2.374806166,1
1735,769,0.05226665735,3.158252716,1
1735,785,-0.1017582417,3.068063021,1
1735,801,-0.1013920009,4.333816051,1
1735,817,3.193751812,5.255634308,1
1735,833,4.838181973,6.334275723,1
1735,849,-6.315735817,11.74991989,1
1735,865,-8.864236832,7.402695179,1
1735,881,-7.135986805,9.515498161,1
1735,897,-0.4823425114,3.429808378,1
1735,913,-1.748863101,2.697511196,1
1735,929,-1.741243958,3.066244602,1
1735,945,-1.11310029,2.629449368,1
1735,961,-0.9834949374,2.39087081,1
1735,977,0.3768747747,2.99444747,1
1735,993,-0.2639963925,6.788846493,1
1735,1009,-0.549757123,7.402591705,1
1735,1025,-0.4520611167,2.556802034,1
1735,1041,-0.6648494601,2.210348368,1
1735,1057,-0.6626150608,1.900800467,1
1735,1073,8.298613548,-0.4225475788,1
1735,1089,8.497364044,1.931144476,1
1735,1105,0.3618831336,-0.5416301489,1
1735,1121,-1.648047328,5.996160507,1
1735,1137,0.4996926188,1.396322727,1
1735,1153,0.1016610116,1.977805614,1
1735,1169,-0.2727117836,2.890480995,1
1735,1185,-1.183994532,3.228228331,1
1735,1201,-1.466142774,1.916838169,1
1735,1217,1.09012866,-7.148071289,1
1735,1233,1.178832293,1.085529566,1
1735,1249,1.586730003,0.8795944452,1
1735,1265,2.003925323,0.8243402243,1
1735,1281,3.801276207,-0.2277020812,1
1735,1297,1.026620269,1.114096403,1
1735,1313,-0.06330925226,1.183658957,1
1735,1329,0.5169488192,-8.256363869,1
1735,1345,-0.05666479468,-6.810552597,1
1735,1361,-0.1721850187,1.664457321,1
1735,1377,-0.192748785,1.783819437,1
1735,1393,0.9918597341,3.878429651,1
1735,1409,-0.2208114266,2.226256847,1
1735,1425,-0.1842978001,0.4672299922,1
1735,1441,-0.4213705063,-0.3043939471,1
1735,1457,0.751743257,-8.52004528,1
1735,1473,-0.6650505662,0.4465581179,1
1735,1489,-0.9383025169,-0.4424025416,1
1735,1505,-0.5767086148,-3.082419872,1
1735,1521,1.074034333,-0.1873633862,1
1735,1537,-0.7434551716,-0.1130207777,1
1735,1553,-0.1616488695,0.8079457283,1
1735,1569,-0.1603949666,1.338541865,1
1735,1585,-0.176279366,1.315613031,1
1735,1601,0.06478855014,0.6469882727,1
1735,1617,0.482165575,0.3200928569,1
1735,1633,0.4510813951,-9.389028549,1
1735,1649,2.83088088,-1.404682636,1
1735,1665,2.594016075,-1.216640949,1
1735,1681,1.68770659,-0.7005725503,1
1735,1697,1.649270296,-1.360544205,1
1735,1713,0.7794555426,-0.655893445,1
1735,1729,0.1454330683,-0.2364936173,1
1735,1745,0.3648989201,0.4683339596,1
1735,1761,1.095373631,2.518006563,1
1735,1777,0.239058733,0.08901017904,1
1735,1793,0.3266196251,-2.030673027,1
1735,1809,0.5427569151,-0.0657710731,1
1735,1825,1.38819623,-0.8238887787,1
1735,1841,2.069511175,1.985190153,1
1735,1857,0.1781179905,0.630638957,1
1735,1873,1.734074593,4.603979588,1
1735,1889,0.5737614036,0.8009363413,1
1735,1905,-0.07341057062,0.1603795886,1
1735,1921,0.2493118942,0.952455163,1
1735,1937,2.315229893,2.198513746,1
1735,1953,2.375037909,1.152300954,1
1735,1969,1.36308372,1.060982227,1
1735,1985,0.5116937757,0.3280627728,1
1735,2001,0.07862433791,-0.1106098294,1
1735,2017,0.1082281768,-0.2148630619,1
1735,2033,0.7988307476,-0.2223930359,1
1751,17,6.304299831,0.2689017653,1
1751,33,4.474984646,-2.701299906,1
1751,49,4.40653038,-1.192974329,1
1751,65,4.404728889,-0.7172272801,1
1751,81,4.718905449,-0.8940480947,1
1751,97,5.060432911,-0.1689271927,1
1751,113,5.353694439,-0.3436514735,1
1751,129,5.971117496,0.2922663987,1
1751,145,5.507675171,2.957710743,1
1751,161,5.15958786,2.924324512,1
1751,177,4.002616882,2.647023916,1
1751,193,4.066214085,1.229026914,1
1751,209,3.9760952,1.660106421,1
1751,225,4.360704899,0.7750037909,1
1751,241,5.561299801,-0.3111907244,1
1751,257,4.774013042,2.906656742,1
1751,273,3.997694492,1.775382996,1
1751,289,4.583463669,2.716607571,1
1751,305,5.634973526,1.357873082,1
1751,321,4.772325516,1.022067189,1
1751,337,3.744974136,1.498170972,1
1751,353,4.014135361,0.7756178975,1
1751,369,5.010034561,1.882013083,1
1751,385,3.924420595,0.5509368181,1
1751,401,3.854102135,1.124557376,1
1751,417,3.702782869,3.843288183,1
1751,433,2.595560551,3.317047596,1
1751,449,3.592107773,2.279030323,1
1751,465,3.457674503,-0.2271049023,1
1751,481,-1.429220438,-2.649477243,1
1751,497,2.555035114,1.635257006,1
1751,513,3.668195724,1.523061872,1
1751,529,3.465872765,0.8398388624,1
1751,545,0.5620812178,1.758535385,1
1751,561,2.133616924,2.084676266,1
1751,577,3.652183294,1.863364339,1
1751,593,2.658922434,1.455524802,1
1751,609,0.9830543995,-6.476490021,1
1751,625,2.505239964,-1.220612764,1
1751,641,1.357878208,-1.407204151,1
1751,657,0.5114447474,-0.04078391194,1
1751,673,0.2744285762,0.7083432078,1
1751,689,0.2189365029,-1.222661853,1
1751,705,-5.210767746,5.528461933,1
1751,721,-3.938313723,4.00633049,1
1751,737,0.1948648989,2.469999075,1
1751,753,0.7052246928,3.000265598,1
1751,769,-0.06101371348,4.099864006,1
1751,785,-0.7392562032,4.165650368,1
1751,801,0.4031277895,5.631691456,1
1751,817,1.156931758,7.047530651,1
1751,833,3.529466391,5.342911243,1
1751,849,2.631150484,5.00466156,1
1751,865,2.123866558,5.582335949,1
1751,881,1.716973662,3.89021945,1
1751,897,1.589412212,3.284630537,1
1751,913,2.567786455,2.207433224,1
1751,929,-4.866784573,7.559799194,1
1751,945,0.3190001547,2.526421309,1
1751,961,-0.4348466098,2.380142212,1
1751,977,-0.5420008302,2.933006763,1
1751,993,-0.4177488983,9.802065849,1
1751,1009,-0.4105492532,11.0391922,1
1751,1025,-0.4544710219,2.699355602,1
1751,1041,-1.258893967,3.210510492,1
1751,1057,-0.1920592934,1.997219086,1
1751,1073,3.485507011,9.648087502,1
1751,1089,-3.502052784,9.471461296,1
1751,1105,-0.06493592262,-3.819430351,1
1751,1121,-0.1689605415,-5.190788746,1
1751,1137,1.293337703,1.043583393,1
1751,1153,0.4540104568,0.5637391806,1
1751,1169,-0.4370604455,2.625948429,1
1751,1185,0.1055314839,3.82557106,1
1751,1201,0.730227232,1.963640094,1
1751,1217,1.169106245,2.02683115,1
1751,1233,1.723993301,2.144932032,1
1751,1249,1.006697297,2.383245945,1
1751,1265,-0.2740156651,1.035586834,1
1751,1281,2.990442514,-1.877619267,1
1751,1297,0.8613216877,0.2641506791,1
1751,1313,-0.1937504411,1.837283015,1
1751,1329,-2.258170128,-8.150811195,1
1751,1345,1.476694703,-8.035703659,1
1751,1361,-0.3336280584,0.8715128899,1
1751,1377,-0.7012532949,1.604030967,1
1751,1393,-0.4513055086,3.203239679,1
1751,1409,-0.5777825713,0.8739014864,1
1751,1425,-0.14507851,-0.5290583372,1
1751,1441,0.07613318413,-0.6109136343,1
1751,1457,0.3319289088,-0.2588016987,1
1751,1473,-0.4184547663,0.4795551598,1
1751,1489,-0.9809916019,0.1276770234,1
1751,1505,-0.4043498039,-3.098235607,1
1751,1521,-4.031252384,-4.438336849,1
1751,1537,-1.68211925,-1.472578406,1
1751,1553,0.3985445499,0.03278085589,1
1751,1569,0.2400884479,1.429528713,1
1751,1585,-2.21683836,1.316990018,1
1751,1601,-1.586034894,0.6233196855,1
1751,1617,-2.061149359,8.813527107,1
1751,1633,1.192385435,-8.965811729,1
1751,1649,1.226469755,4.10029459,1
1751,1665,0.9735994339,-0.4659609497,1
1751,1681,1.137343764,-0.9075180292,1
1751,1697,1.259864807,-1.170042992,1
1751,1713,-1.120795131,-0.5223327279,1
1751,1729,-2.02645731,-0.4927361608,1
1751,1745,-0.5020526648,0.1583822966,1
1751,1761,0.2207988501,2.559596539,1
1751,1777,-1.441701889,-1.044451833,1
1751,1793,-2.58550787,-3.165033817,1
1751,1809,6.422306061,-7.128094196,1
1751,1825,-1.928395748,-5.173185825,1
1751,1841,-1.374166489,-7.558089256,1
1751,1857,-3.600353956,-0.1328478158,1
1751,1873,5.77217865,0.1700710952,1
1751,1889,0.1481558681,-1.096546888,1
1751,1905,-1.198372364,-0.3001973033,1
1751,1921,0.5797201991,-0.0011279881,1
1751,1937,2.264755726,1.210141063,1
1751,1953,0.8786057234,0.9138264656,1
1751,1969,1.02396965,1.003562093,1
1751,1985,1.540650845,0.4603231549,1
1751,2001,0.3235874176,-0.2106605768,1
1751,2017,0.3512721956,-0.5186758637,1
1751,2033,0.723061204,-0.992811799,1
1767,17,7.447124481,0.6813509464,1
1767,33,5.570329666,-2.923220158,1
1767,49,8.024503708,-0.3516092896,1
1767,65,5.317367077,-0.3522782326,1
1767,81,5.952033997,-0.7860119343,1
1767,97,6.430122852,-0.4995679259,1
1767,113,6.431025982,-0.5182001591,1
1767,129,6.964298248,0.07480365038,1
1767,145,6.335929394,2.344886303,1
1767,161,3.912433863,2.754259109,1
1767,177,4.926891327,2.945207596,1
1767,193,1.347566128,2.288161278,1
1767,209,2.558312416,1.452999592,1
1767,225,3.508224487,0.7567311525,1
1767,241,3.837116718,0.6747424603,1
1767,257,4.483126163,3.433234215,1
1767,273,-0.9477534294,-4.260950089,1
1767,289,4.007454395,3.296309948,1
1767,305,4.599855423,0.5095615387,1
1767,321,5.155987263,0.8146556616,1
1767,337,4.210105896,0.9642720222,1
1767,353,3.540389776,2.203418493,1
1767,369,5.618438721,3.054556131,1
1767,385,3.532825232,1.230938911,1
1767,401,3.466423273,1.776786804,1
1767,417,2.375104666,7.68718195,1
1767,433,3.89256978,2.593868256,1
1767,449,4.387009621,1.888929605,1
1767,465,6.786226273,-0.6871429682,1
1767,481,9.110259056,1.335338831,1
1767,497,1.82380867,2.986129761,1
1767,513,2.036893129,1.226132274,1
1767,529,10.45955372,-1.387883902,1
1767,545,-0.860368371,1.371685982,1
1767,561,-0.6087970734,1.570252657,1
1767,577,9.300744057,1.415171385,1
1767,593,2.909686565,2.131048679,1
1767,609,3.251370192,2.298260689,1
1767,625,2.152749062,-1.651756167,1
1767,641,3.085547924,-2.48525238,1
1767,657,2.709289312,-2.431025028,1
1767,673,0.5877531767,0.9296392202,1
1767,689,-0.07086142898,1.774636149,1
1767,705,-0.356059432,2.661955595,1
1767,721,-5.870058537,8.65785408,1
1767,737,-3.499864578,0.2459347248,1
1767,753,0.413326472,2.703027248,1
1767,769,-0.11418733,3.654200077,1
1767,785,-1.026646614,4.58250761,1
1767,801,-1.27842164,6.622654915,1
1767,817,-1.127070785,7.08123064,1
1767,833,-1.845677257,5.631426811,1
1767,849,3.14607501,3.933686495,1
1767,865,7.979383469,1.465548038,1
1767,881,1.941709518,3.97530508,1
1767,897,5.876136303,1.611490726,1
1767,913,6.472271919,-1.280042887,1
1767,929,-7.000397682,8.104642868,1
1767,945,4.726260185,2.759044886,1
1767,961,5.285223007,3.096047163,1
1767,977,-0.5491718054,4.071372509,1
1767,993,-0.4635711312,6.643155098,1
1767,1009,-0.4570420384,2.373301744,1
1767,1025,-0.5218471289,2.555948973,1
1767,1041,-0.3545499444,3.148982525,1
1767,1057,-0.4491464496,11.22325325,1
1767,1073,0.8411380053,9.959248543,1
1767,1089,-2.862978935,1.185587525,1
1767,1105,0.01237569004,0.7809249163,1
1767,1121,0.2115079015,1.02235806,1
1767,1137,-0.3818573654,1.588956833,1
1767,1153,-0.2514395118,1.533439398,1
1767,1169,1.117310762,2.667551041,1
1767,1185,1.01827085,1.684604287,1
1767,1201,0.7255175114,1.824151516,1
1767,1217,0.9584159851,3.119934559,1
1767,1233,1.697535753,4.084406376,1
1767,1249,1.837737322,2.281558037,1
1767,1265,0.9987701178,1.316285133,1
1767,1281,-0.1967515349,0.09457319975,1
1767,1297,0.1142621636,-1.396042109,1
1767,1313,8.17598629,-4.201502323,1
1767,1329,8.922774315,-2.127135515,1
1767,1345,-5.812384129,0.28861624,1
1767,1361,-0.6334124804,0.339268744,1
1767,1377,-1.029983521,0.7901271582,1
1767,1393,-7.606794834,-5.060709953,1
1767,1409,-9.341892242,2.700445414,1
1767,1425,-0.18579036,-0.780612886,1
1767,1441,0.5086975694,-0.7602837682,1
1767,1457,1.089860082,-0.2599264085,1
1767,1473,0.7178198099,1.304832339,1
1767,1489,-0.002221226692,-0.2556474209,1
1767,1505,-6.884539604,-2.973212481,1
1767,1521,-7.111215115,-4.02614069,1
1767,1537,0.3187540174,-0.5414508581,1
1767,1553,0.3671147525,-0.04078692198,1
1767,1569,0.1202366054,0.108117789,1
1767,1585,-0.6539154053,0.4718230963,1
1767,1601,-0.6942683458,0.7613723874,1
1767,1617,-0.9775263071,8.729516029,1
1767,1633,0.02491784096,3.811086655,1
1767,1649,1.33707726,3.771517515,1
1767,1665,1.321519613,-0.2684468329,1
1767,1681,1.535052299,-1.22877562,1
1767,1697,3.606594801,-2.050372362,1
1767,1713,0.3160045445,1.150351763,1
1767,1729,-0.5781241655,-0.128890723,1
1767,1745,-0.6942455769,0.5052480102,1
1767,1761,-0.4330942631,2.181092978,1
1767,1777,-0.5663009286,0.09703922272,1
1767,1793,-0.5459722877,-4.107150078,1
1767,1809,6.079296112,6.385206223,1
1767,1825,3.729888439,4.649083138,1
1767,1841,3.802424431,6.221755981,1
1767,1857,-0.05702447891,6.018724442,1
1767,1873,1.832181573,-1.048926115,1
1767,1889,0.6616119146,-1.967947245,1
1767,1905,0.1885673404,-0.5387856364,1
1767,1921,0.3693685532,-0.07102498412,1
1767,1937,5.453438759,-3.224689007,1
1767,1953,0.5408198237,1.012301683,1
1767,1969,6.949807167,3.76161623,1
1767,1985,0.5599396229,0.6338813901,1
1767,2001,-0.2739111185,0.01613333821,1
1767,2017,-0.3697434366,-0.05114279687,1
1767,2033,-5.199851513,-0.6876889467,1
1783,17,5.695691109,0.4733821154,1
1783,33,7.233155727,-1.324662209,1
1783,49,6.471812725,-1.659562111,1
1783,65,5.086694241,-1.368307114,1
1783,81,5.581335545,-0.6192948818,1
1783,97,6.307534218,-1.239918113,1
1783,113,6.312711239,-2.089211464,1
1783,129,2.426753998,7.024599075,1
1783,145,2.213922501,5.778634071,1
1783,161,3.60533309,3.113832474,1
1783,177,4.05129385,2.938691139,1
1783,193,3.822243214,1.572273254,1
1783,209,3.652956486,0.7987270355,1
1783,225,3.922755718,0.8185831308,1
1783,241,4.973847389,0.8864636421,1
1783,257,5.214258194,1.954004526,1
1783,273,5.676931381,2.681724072,1
1783,289,5.850431442,3.674257755,1
1783,305,5.245592594,0.5832724571,1
1783,321,-1.704965591,1.40137732,1
1783,337,4.496243477,-1.828945875,1
1783,353,7.43639183,6.070342541,1
1783,369,2.499708414,2.84907341,1
1783,385,2.541102409,2.751030922,1
1783,401,3.79449296,2.929586649,1
1783,417,4.624700546,3.138801098,1
1783,433,5.521544456,1.494413137,1
1783,449,6.077632904,1.32799387,1
1783,465,5.16286087,0.3686755896,1
1783,481,0.0682721138,1.209205866,1
1783,497,2.438709736,2.365286589,1
1783,513,1.838080406,0.8436706662,1
1783,529,-4.561192036,-5.052866936,1
1783,545,-2.475968838,0.2577208281,1
1783,561,-2.427438736,1.219251871,1
1783,577,1.080052853,1.083991766,1
1783,593,1.978308201,1.317943692,1
1783,609,3.603360653,1.717998266,1
1783,625,4.985246658,0.6640588045,1
1783,641,3.446221828,-1.663682103,1
1783,657,1.48218739,-2.506442547,1
1783,673,1.036863089,1.73478508,1
1783,689,0.5682747364,1.913217783,1
1783,705,0.135121569,1.960768223,1
1783,721,-5.805026054,8.627803802,1
1783,737,-3.504176855,1.869536877,1
1783,753,0.0147844851,3.316583633,1
1783,769,-0.1431223154,2.004727364,1
1783,785,-1.816555977,4.001276016,1
1783,801,-2.022794724,5.687675953,1
1783,817,-3.717151403,7.13058567,1
1783,833,-3.946178436,5.489073753,1
1783,849,-1.427536368,3.007587433,1
1783,865,0.7763323188,3.183208704,1
1783,881,1.393118858,3.762427092,1
1783,897,1.615567088,4.306221008,1
1783,913,-8.840704918,2.153757811,1
1783,929,-9.054380417,2.100607872,1
1783,945,-9.092845917,4.743528366,1
1783,961,-0.5578655601,2.418866158,1
1783,977,-0.5258980393,2.47777009,1
1783,993,-0.3946987391,1.858324528,1
1783,1009,-0.4276165962,1.975773335,1
1783,1025,-2.150485754,2.130986691,1
1783,1041,-1.597006559,2.735078096,1
1783,1057,0.2238028646,10.11389446,1
1783,1073,-0.1515861452,1.682875872,1
1783,1089,0.1115865558,1.412976623,1
1783,1105,0.05888968706,1.389071465,1
1783,1121,-0.7477368116,1.62054944,1
1783,1137,-2.77087307,3.642833233,1
1783,1153,-0.6803767681,2.362443447,1
1783,1169,0.7875186205,2.21461606,1
1783,1185,0.8224388957,1.702457666,1
1783,1201,0.891865015,1.987838984,1
1783,1217,3.219293356,4.671746731,1
1783,1233,2.383340359,4.373380661,1
1783,1249,1.156906009,0.7468183041,1
1783,1265,0.6819018126,1.24956274,1
1783,1281,0.1741671562,0.1891521513,1
1783,1297,3.352745771,-0.3955077231,1
1783,1313,0.512840271,2.627618074,1
1783,1329,5.10584116,6.493535995,1
1783,1345,-8.612559319,-2.150396824,1
1783,1361,-5.294522285,-0.3153581619,1
1783,1377,-0.5587035418,-0.3174207807,1
1783,1393,-0.982707262,-0.1047326624,1
1783,1409,-0.8393630385,8.436807632,1
1783,1425,-0.741280973,-0.08730845153,1
1783,1441,-0.4782725275,-0.4984248877,1
1783,1457,-0.332981348,-0.06077090651,1
1783,1473,-0.121344991,-1.021216631,1
1783,1489,-0.2684034109,-1.205206633,1
1783,1505,0.1684017479,-2.701206207,1
1783,1521,0.6357949972,-2.62661767,1
1783,1537,0.6792320013,-0.1681967974,1
1783,1553,0.5537179708,-0.0205967091,1
1783,1569,0.3411915898,-0.540759325,1
1783,1585,-0.00450829789,-0.7964539528,1
1783,1601,-4.445825577,-7.870711327,1
1783,1617,0.003277420998,-8.830491066,1
1783,1633,1.294291735,-1.531408906,1
1783,1649,2.010381699,0.5792437792,1
1783,1665,1.815106392,-0.6384709477,1
1783,1681,1.510623813,-1.027143002,1
1783,1697,1.046695948,-0.9736837149,1
1783,1713,2.385084152,7.878575325,1
1783,1729,6.176689625,-6.725270271,1
1783,1745,-1.218533516,6.673449516,1
1783,1761,0.6631746292,2.225100756,1
1783,1777,-8.541955948,-5.132395744,1
1783,1793,-5.955517769,3.085422039,1
1783,1809,-6.143548489,1.013603568,1
1783,1825,-7.636955738,-1.000360489,1
1783,1841,-6.818716049,-2.350054979,1
1783,1857,-2.240071297,5.262506008,1
1783,1873,-3.783088207,4.367733479,1
1783,1889,-0.01637372375,-8.69787693,1
1783,1905,-0.1494958997,1.177694678,1
1783,1921,0.6310714483,0.6764293313,1
1783,1937,6.072841167,-6.217033386,1
1783,1953,7.156924725,0.833488822,1
1783,1969,7.810012341,4.616728306,1
1783,1985,0.4582595825,1.064674258,1
1783,2001,-0.4248235226,0.5114935637,1
1783,2017,-0.4017355442,0.3139616251,1
1783,2033,-0.5121480227,-0.10474585,1
1799,17,4.866374493,0.5606100559,1
1799,33,2.712902069,-1.037186861,1
1799,49,4.522756577,-2.040679455,1
1799,65,4.872685909,-1.285285473,1
1799,81,5.094918728,-1.570912242,1
1799,97,5.426882267,-2.309269428,1
1799,113,5.541054249,-3.282474279,1
1799,129,4.133067131,5.489802837,1
1799,145,-1.086086273,6.432697296,1
1799,161,1.540365458,2.811419964,1
1799,177,3.445495367,1.677956104,1
1799,193,5.493700981,1.461059809,1
1799,209,4.91764164,1.254362583,1
1799,225,2.701298714,0.8930058479,1
1799,241,5.106392384,1.004589081,1
1799,257,5.468131065,3.419495583,1
1799,273,6.079917908,3.117216825,1
1799,289,7.325113297,1.144845963,1
1799,305,6.653962135,1.636447668,1
1799,321,6.789417267,1.626163483,1
1799,337,5.05281353,-1.903144121,1
1799,353,2.186583996,-6.16503334,1
1799,369,1.049808025,2.970560789,1
1799,385,0.9033112526,3.613055944,1
1799,401,4.011142254,2.969982147,1
1799,417,6.307124138,2.87677598,1
1799,433,4.365272045,3.67487669,1
1799,449,4.073051453,1.888783693,1
1799,465,3.225497007,1.023798943,1
1799,481,-1.871936321,1.091695786,1
1799,497,3.54323554,0.7550493479,1
1799,513,3.286113977,0.3989838958,1
1799,529,3.048057079,-0.5791236162,1
1799,545,-4.336283684,0.4076565504,1
1799,561,-5.671147823,-0.7466810942,1
1799,577,-0.1719791889,-0.8636628985,1
1799,593,1.208078623,-0.5642507076,1
1799,609,3.204315186,0.2840031385,1
1799,625,3.374880075,0.3653003275,1
1799,641,3.049827576,0.5988124013,1
1799,657,1.523678303,1.397678375,1
1799,673,0.594091773,2.149529457,1
1799,689,1.870617628,1.904033422,1
1799,705,-0.1344980448,-0.3411874771,1
1799,721,-0.1406704932,1.81665194,1
1799,737,-0.2397280335,1.655306816,1
1799,753,-0.7480782866,1.51059854,1
1799,769,-0.7587303519,0.9631332159,1
1799,785,-1.481189966,3.134645462,1
1799,801,-2.149147987,5.187000275,1
1799,817,-9.551006317,5.263552666,1
1799,833,-8.420527458,7.654127121,1
1799,849,6.119711399,-2.754287243,1
1799,865,-1.6900419,3.02562809,1
1799,881,-0.4066938162,3.340301752,1
1799,897,-0.1993702352,3.017461538,1
1799,913,5.935171604,2.22150135,1
1799,929,-0.4660440087,1.650140166,1
1799,945,-0.5191016197,1.949849844,1
1799,961,-0.6182715297,2.035811663,1
1799,977,-0.6617150307,2.081267118,1
1799,993,-0.2658805847,1.400356531,1
1799,1009,-0.1749281585,-0.2640278339,1
1799,1025,-0.7115138173,1.368285894,1
1799,1041,-0.8355200291,4.080265999,1
1799,1057,0.4660226107,4.477060318,1
1799,1073,-0.5792533755,2.158240557,1
1799,1089,-0.1899099052,1.805443287,1
1799,1105,-0.09100723267,1.516417384,1
1799,1121,-0.9375238419,1.251027822,1
1799,1137,-0.5919296741,2.33527422,1
1799,1153,-0.01145455241,2.698608637,1
1799,1169,0.189006269,2.734218121,1
1799,1185,-0.3685189486,3.67484808,1
1799,1201,9.5284729,3.865517616,1
1799,1217,9.823014259,3.84671545,1
1799,1233,-5.879990578,1.444598675,1
1799,1249,-1.425407171,10.54180717,1
1799,1265,-3.076075792,8.777494431,1
1799,1281,-5.158654213,6.136345863,1
1799,1297,2.537270308,-0.3128944635,1
1799,1313,-0.06787344813,3.086227417,1
1799,1329,-0.5748366117,1.433866978,1
1799,1345,-0.2398133874,-1.066217899,1
1799,1361,-0.07036340237,-1.245294333,1
1799,1377,-0.06039470434,-1.69064033,1
1799,1393,0.2441334724,-0.8595589399,1
1799,1409,-0.5009248257,-0.168487981,1
1799,1425,-0.4488857985,-0.1363381892,1
1799,1441,-0.6859712601,-0.5391799212,1
1799,1457,0.1434260905,-0.152228117,1
1799,1473,0.4088591635,-0.3819729686,1
1799,1489,0.382837534,-0.4680404663,1
1799,1505,0.5180573463,-1.725186586,1
1799,1521,0.5819205046,-0.01353907585,1
1799,1537,0.6556515694,-0.05066614598,1
1799,1553,0.7781085372,-0.1909162104,1
1799,1569,0.7727240324,-0.3458679914,1
1799,1585,0.8673571348,-5.031243324,1
1799,1601,4.099639893,-2.424695492,1
1799,1617,-6.336793423,3.97400403,1
1799,1633,1.993227959,-0.3486696184,1
1799,1649,2.24395895,-0.1141217947,1
1799,1665,2.029745817,-0.9565744996,1
1799,1681,2.010751486,-0.5613005757,1
1799,1697,-1.955343723,-0.7503359318,1
1799,1713,-2.637847185,-5.376666069,1
1799,1729,0.7791270018,6.162471294,1
1799,1745,-2.038149595,7.006593704,1
1799,1761,4.094949722,-0.301590085,1
1799,1777,-1.478475094,-6.425467491,1
1799,1793,2.731024742,-0.3530426025,1
1799,1809,3.97358942,-1.30733788,1
1799,1825,-5.206408024,0.7096800208,1
1799,1841,6.586922646,-6.52295351,1
1799,1857,6.221803665,3.709489346,1
1799,1873,5.068101883,5.837622643,1
1799,1889,9.418453217,0.7523603439,1
1799,1905,0.4782919288,1.987167239,1
1799,1921,7.601080894,-5.444672585,1
1799,1937,4.471691132,-5.500534534,1
1799,1953,0.8510262966,-5.31533432,1
1799,1969,0.4487063587,0.2837488353,1
1799,1985,-1.309910893,-8.14066124,1
1799,2001,2.041866302,-8.194304466,1
1799,2017,-7.744444847,-4.547925472,1
1799,2033,0.2553185225,-0.2039036453,1
1815,17,11.58614826,4.110118389,1
1815,33,6.596824169,2.227939129,1
1815,49,4.18132925,0.611123085,1
1815,65,-4.503719807,2.167419434,1
1815,81,-1.717186451,5.951907635,1
1815,97,5.445017338,-1.282022715,1
1815,113,5.65453434,-1.992504239,1
1815,129,5.17626667,-2.289894104,1
1815,145,6.240823269,-1.677713156,1
1815,161,3.537690401,1.327614188,1
1815,177,3.218235493,2.017593384,1
1815,193,3.609915733,1.703574538,1
1815,209,3.648091316,1.84237361,1
1815,225,-3.180992126,-0.8750742674,1
1815,241,1.384028435,0.4688105583,1
1815,257,4.913205147,3.147067785,1
1815,273,5.487136364,3.058899641,1
1815,289,5.797366619,1.862772226,1
1815,305,6.493044853,2.162007332,1
1815,321,6.463214397,1.423610449,1
1815,337,4.862150192,0.162545681,1
1815,353,1.626851559,-6.519046783,1
1815,369,1.665715933,2.396146774,1
1815,385,2.5811131,3.031732082,1
1815,401,2.298593044,0.1596558094,1
1815,417,-1.015936852,0.08234536648,1
1815,433,6.165471554,1.725912571,1
1815,449,3.708357334,1.354757071,1
1815,465,3.706895351,0.6747863293,1
1815,481,3.719402313,0.9701237082,1
1815,497,3.583017826,0.473782897,1
1815,513,3.760743618,0.3014433384,1
1815,529,3.136321068,0.1956730187,1
1815,545,2.178393364,-1.933396816,1
1815,561,0.7386233807,-1.761235714,1
1815,577,0.001512765884,-1.367748737,1
1815,593,0.1403186321,-1.920319557,1
1815,609,-0.8149172068,-1.49766624,1
1815,625,1.375602603,2.713935137,1
1815,641,0.2522467375,2.916537762,1
1815,657,-4.656354427,-0.7023613453,1
1815,673,2.67411828,5.07017231,1
1815,689,4.687794685,9.904232025,1
1815,705,-6.455265045,-3.685535669,1
1815,721,-0.8705818653,1.656463265,1
1815,737,-0.5508038998,1.441617131,1
1815,753,-0.6678096652,0.672759831,1
1815,769,-0.5873367786,0.3803103566,1
1815,785,-6.845019341,8.146304131,1
1815,801,-3.304963589,3.746845245,1
1815,817,0.8303239346,-6.28658247,1
1815,833,-8.285646439,7.06358242,1
1815,849,6.633761883,4.653198242,1
1815,865,-3.235122681,5.275717735,1
1815,881,0.07969084382,2.646397591,1
1815,897,0.02423377335,2.403664589,1
1815,913,-0.1791810989,2.74472332,1
1815,929,0.02388826013,2.251633167,1
1815,945,0.3877407014,1.956976652,1
1815,961,0.4820937216,-0.7023952007,1
1815,977,9.236491203,1.836028576,1
1815,993,2.005729675,1.200692296,1
1815,1009,0.2446544319,0.2647846937,1
1815,1025,-0.6343365908,1.050717473,1
1815,1041,-0.4523355961,4.325042725,1
1815,1057,0.1355304718,3.757540703,1
1815,1073,-0.8904207349,2.107193947,1
1815,1089,-0.6411432028,2.318180561,1
1815,1105,-0.5057178736,1.742442369,1
1815,1121,-1.741380692,1.595016479,1
1815,1137,0.09310552478,2.267072678,1
1815,1153,8.022279739,2.310194969,1
1815,1169,9.137324333,2.137868643,1
1815,1185,-1.723065734,4.201878548,1
1815,1201,-1.256205201,1.885170698,1
1815,1217,0.5107435584,10.42948627,1
1815,1233,4.415967941,3.604706764,1
1815,1249,1.420057774,-7.336618423,1
1815,1265,-0.4950275421,9.595937729,1
1815,1281,-7.125637531,-1.308775663,1
1815,1297,2.676305532,-0.2146898657,1
1815,1313,4.03929472,-9.014370918,1
1815,1329,-0.567006886,-1.389610767,1
1815,1345,0.8542067409,-1.816394448,1
1815,1361,1.233043671,-1.651307344,1
1815,1377,1.888427496,-0.9543411136,1
1815,1393,1.760646939,-0.09860110283,1
1815,1409,-0.3830971122,-0.4121978283,1
1815,1425,-0.07884322852,-0.6812960505,1
1815,1441,0.02450821549,-1.674251795,1
1815,1457,0.5548312664,-0.7611862421,1
1815,1473,0.7159448862,-0.5060138702,1
1815,1489,0.6734270453,-0.9149599671,1
1815,1505,0.7336767316,-0.1067305803,1
1815,1521,0.6727404594,-0.3810971081,1
1815,1537,0.4593471885,-0.4226996303,1
1815,1553,-5.814824581,5.683635712,1
1815,1569,3.704099655,-0.4250366688,1
1815,1585,8.523700714,-4.323193073,1
1815,1601,2.037911892,-1.467482567,1
1815,1617,2.640034914,-1.269525647,1
1815,1633,2.661691666,0.09788906574,1
1815,1649,3.109756947,-2.296379566,1
1815,1665,0.8936479092,-1.24094975,1
1815,1681,2.395901203,0.6873519421,1
1815,1697,2.861198902,0.2147444785,1
1815,1713,6.312764168,1.228713512,1
1815,1729,0.2031028271,6.860680103,1
1815,1745,1.12421906,-0.69767344,1
1815,1761,-1.707909822,-1.629025817,1
1815,1777,-2.038650513,-0.6153888702,1
1815,1793,3.047715664,-0.01425933838,1
1815,1809,1.74141562,-0.9924038649,1
1815,1825,1.277140617,0.03691619635,1
1815,1841,7.715142727,-2.264109135,1
1815,1857,7.876193523,-2.213917732,1
1815,1873,7.483763695,2.901833534,1
1815,1889,1.238305092,1.580504417,1
1815,1905,1.40322721,1.509057641,1
1815,1921,0.6767969131,0.9960506558,1
1815,1937,0.1059619188,-8.215325356,1
1815,1953,-1.982426882,-4.959847927,1
1815,1969,-1.669077873,-8.310350418,1
1815,1985,0.624735117,-0.09739643335,1
1815,2001,0.09768927097,0.6150940061,1
1815,2017,-6.537831783,-5.627795696,1
1815,2033,-0.0556885004,1.464453101,1
1831,17,11.18696404,7.143576622,1
1831,33,5.48342514,1.525292158,1
1831,49,4.550866127,1.646545053,1
1831,65,3.670618057,0.2441288233,1
1831,81,4.498555183,0.4265087247,1
1831,97,5.412264824,0.1081075668,1
1831,113,5.756414413,-1.439178705,1
1831,129,3.376893759,-1.734841704,1
1831,145,2.434860468,-0.9465425014,1
1831,161,2.02238512,1.261163592,1
1831,177,2.444655418,2.138087988,1
1831,193,2.073115349,1.810393572,1
1831,209,2.036533356,1.91826725,1
1831,225,2.517806053,1.48201561,1
1831,241,3.58711791,2.185686588,1
1831,257,4.040983677,1.937274456,1
1831,273,4.193769455,2.504993439,1
1831,289,4.28968668,2.96461153,1
1831,305,4.446030617,3.196565628,1
1831,321,6.782371044,2.263245344,1
1831,337,7.490600586,1.88052249,1
1831,353,-1.116837502,2.22085762,1
1831,369,-0.511528492,7.359205723,1
1831,385,4.580024719,1.597851872,1
1831,401,4.259908676,-0.264172554,1
1831,417,4.909471512,0.5296977758,1
1831,433,4.349098206,1.760404348,1
1831,449,3.519757748,1.22349298,1
1831,465,3.79601717,0.5614010096,1
1831,481,4.474452019,1.004774809,1
1831,497,4.324015141,1.160183311,1
1831,513,4.348106384,1.19931531,1
1831,529,3.546586037,2.100552082,1
1831,545,2.332498789,1.43254447,1
1831,561,0.04466080666,0.2391715348,1
1831,577,-0.6513699293,-0.3928579092,1
1831,593,-0.1569238901,-0.3734180629,1
1831,609,-5.555294037,7.236428738,1
1831,625,0.01847314835,5.506626606,1
1831,641,-0.4308263063,5.524696827,1
1831,657,-0.03902852535,0.9447978735,1
1831,673,3.633982658,9.937303543,1
1831,689,3.278342247,10.06629848,1
1831,705,1.386673212,7.674516201,1
1831,721,-2.427765369,2.333572149,1
1831,737,0.01952448487,1.614682078,1
1831,753,0.1026260257,0.6888777614,1
1831,769,-0.1218865514,0.6780048013,1
1831,785,-4.814973831,-7.017037868,1
1831,801,-0.7990217209,-7.472114563,1
1831,817,-2.006043911,4.099210739,1
1831,833,-2.398694992,0.7104337215,1
1831,849,-1.147634983,0.6255451441,1
1831,865,-0.9640657902,10.41449928,1
1831,881,-0.1352612376,1.788734078,1
1831,897,0.3713472486,2.227195501,1
1831,913,0.118797034,2.388464451,1
1831,929,1.014701605,2.355181694,1
1831,945,3.593215466,2.116921902,1
1831,961,-0.1326307058,-3.342206955,1
1831,977,1.128142595,1.465557218,1
1831,993,0.5189231634,10.91197777,1
1831,1009,6.532068729,7.333751202,1
1831,1025,8.625361443,4.434340477,1
1831,1041,-0.1360991001,0.8258383274,1
1831,1057,2.67313242,0.006460309029,1
1831,1073,8.292886734,1.572813749,1
1831,1089,-0.2460962385,2.088968277,1
1831,1105,-0.3458409309,2.109998703,1
1831,1121,-1.398868084,2.605475426,1
1831,1137,0.3999390304,2.068512917,1
1831,1153,-2.213262558,-6.883366585,1
1831,1169,1.043982506,1.44047904,1
1831,1185,2.333495617,10.14554405,1
1831,1201,-0.1962221861,1.386424422,1
1831,1217,0.9131883979,5.46529007,1
1831,1233,2.347126484,10.29340935,1
1831,1249,1.184624672,2.073524714,1
1831,1265,1.770455956,1.944157362,1
1831,1281,2.987180948,0.7421216965,1
1831,1297,1.903578043,-0.06655865908,1
1831,1313,7.101036072,3.245942116,1
1831,1329,-1.060880423,-2.797156811,1
1831,1345,0.06293067336,-2.922297716,1
1831,1361,-0.2068385184,-1.924932837,1
1831,1377,-0.7147336006,-1.100867748,1
1831,1393,1.453482389,0.5926169753,1
1831,1409,0.3402492404,-0.2107021809,1
1831,1425,0.2744945884,-0.548684001,1
1831,1441,0.5448981524,-1.227237821,1
1831,1457,0.8485553265,-0.9562523365,1
1831,1473,0.4318572283,-0.6578173637,1
1831,1489,0.6213169694,-0.5296761394,1
1831,1505,0.5331262946,0.232862711,1
1831,1521,0.2560708523,-0.5253560543,1
1831,1537,-0.8746309876,-1.611362338,1
1831,1553,-4.816714287,6.536823273,1
1831,1569,1.782341838,-0.1795222461,1
1831,1585,1.790932655,9.293514252,1
1831,1601,7.212360382,6.47105217,1
1831,1617,2.527481318,1.558140278,1
1831,1633,2.590189457,2.265123367,1
1831,1649,2.950768232,0.9736263752,1
1831,1665,3.406974077,0.6413811445,1
1831,1681,2.893437862,1.993133307,1
1831,1697,2.951886654,0.8807644248,1
1831,1713,4.822360516,0.6824543476,1
1831,1729,8.242630005,0.6508570313,1
1831,1745,2.532151937,-0.6178424954,1
1831,1761,-0.7052448988,-1.712350368,1
1831,1777,-1.286809325,-0.4261313379,1
1831,1793,-3.240973949,4.584403992,1
1831,1809,0.8100655079,0.3880181313,1
1831,1825,1.688889742,-0.01929438114,1
1831,1841,1.418662548,3.243646145,1
1831,1857,1.700907707,1.186968446,1
1831,1873,1.481678486,1.67363286,1
1831,1889,2.587607861,-0.7942966223,1
1831,1905,2.459897041,-1.941679001,1
1831,1921,1.01914072,0.5228413343,1
1831,1937,-3.252910852,-7.380169868,1
1831,1953,0.9264609814,-7.646295071,1
1831,1969,-3.334254265,-7.433851242,1
1831,1985,3.180126667,-1.654304624,1
1831,2001,2.062400341,-1.964022994,1
1831,2017,0.489771843,1.327512503,1
1831,2033,0.0913592577,0.05301880836,1
1847,17,4.580382347,2.80403614,1
1847,33,5.321238518,0.5429422855,1
1847,49,4.190755367,-1.550343752,1
1847,65,3.17680192,-0.6132383347,1
1847,81,4.126810074,0.5117447376,1
1847,97,4.556132793,1.406034231,1
1847,113,2.66456008,-0.3074894249,1
1847,129,2.070894957,-0.8458855748,1
1847,145,1.534775615,0.2394857556,1
1847,161,1.374058485,1.035948038,1
1847,177,1.611944199,1.596251488,1
1847,193,1.925690889,2.034135342,1
1847,209,2.162270069,2.737488031,1
1847,225,1.746937037,3.108641148,1
1847,241,2.773357868,2.790399313,1
1847,257,2.119529724,11.3297472,1
1847,273,3.370336533,2.644526482,1
1847,289,3.174851179,3.083464146,1
1847,305,2.590065002,3.73097682,1
1847,321,4.39614296,2.526222706,1
1847,337,6.780525208,2.377614021,1
1847,353,9.39700985,2.170641184,1
1847,369,5.202950478,9.686830521,1
1847,385,4.676111698,0.3690077662,1
1847,401,4.265686989,-0.6397482753,1
1847,417,3.870146751,-1.194553018,1
1847,433,3.781906128,4.60814476,1
1847,449,3.790839911,1.405513644,1
1847,465,4.503379822,1.550971746,1
1847,481,4.524737358,4.21283865,1
1847,497,3.614252329,3.041336536,1
1847,513,9.978196144,-2.408607006,1
1847,529,3.613404036,1.992424846,1
1847,545,-0.4121775627,-7.738520622,1
1847,561,0.3560709953,0.7398715615,1
1847,577,-0.1659355462,0.6586729288,1
1847,593,1.295133233,-0.3056441545,1
1847,609,3.619709253,-4.289125443,1
1847,625,-2.604526043,0.5644714236,1
1847,641,-2.999502182,1.575471163,1
1847,657,-1.522580743,0.6748189926,1
1847,673,-0.3239141405,-1.031182528,1
1847,689,6.176327705,-4.919554234,1
1847,705,1.179919481,1.376087427,1
1847,721,0.7561814785,-7.259735584,1
1847,737,2.342258453,-6.767333031,1
1847,753,-7.940815926,0.7736412287,1
1847,769,0.548222065,0.9472859502,1
1847,785,0.2479239851,0.6300922632,1
1847,801,-0.2008078694,-7.768323421,1
1847,817,-0.6005262733,-7.445289612,1
1847,833,-1.034050941,0.6599223614,1
1847,849,-0.8937875628,0.9412287474,1
1847,865,-0.6908404827,1.149526715,1
1847,881,-0.1213551462,1.467880607,1
1847,897,0.1577460766,1.822513938,1
1847,913,0.2166501284,2.242642164,1
1847,929,1.27624476,2.47472477,1
1847,945,1.96951437,3.489164591,1
1847,961,2.203749657,4.388271332,1
1847,977,2.737849236,-0.3218867779,1
1847,993,2.635111809,-0.06833195686,1
1847,1009,7.373971462,7.45945406,1
1847,1025,-0.8053603768,-7.059021473,1
1847,1041,4.820394993,-6.271739006,1
1847,1057,1.777020454,-0.5890616179,1
1847,1073,2.069288254,2.312471628,1
1847,1089,0.0318904072,1.511942148,1
1847,1105,0.06469471008,0.7905843258,1
1847,1121,8.572177887,0.229970932,1
1847,1137,1.364938974,1.606773376,1
1847,1153,1.285848141,2.459481239,1
1847,1169,1.190369844,2.25148201,1
1847,1185,2.334170341,3.254098892,1
1847,1201,3.009604454,10.55700397,1
1847,1217,1.083005309,4.332335949,1
1847,1233,-5.6217556,-4.052373886,1
1847,1249,-0.1825135946,-1.401210546,1
1847,1265,0.7657046318,0.9736705422,1
1847,1281,0.7263050079,0.1957380772,1
1847,1297,-0.2635543942,-0.1738705933,1
1847,1313,-1.71270442,2.565513372,1
1847,1329,1.028733492,-9.940972328,1
1847,1345,-0.5388209224,-2.726779461,1
1847,1361,-0.1193574369,-1.069221854,1
1847,1377,0.003511846066,-0.3519581556,1
1847,1393,0.05699667335,-0.1396024227,1
1847,1409,0.6530621052,-0.4201224446,1
1847,1425,1.641699672,-0.3877015114,1
1847,1441,5.93509531,-8.05376339,1
1847,1457,0.7940180898,0.08520048857,1
1847,1473,0.9139564037,-0.4738760293,1
1847,1489,0.698656261,-0.1963982582,1
1847,1505,0.5846635103,0.226139307,1
1847,1521,0.5548152924,-0.4018969536,1
1847,1537,0.6005685925,-0.1046134382,1
1847,1553,8.016879082,4.682157516,1
1847,1569,9.353230476,0.3209722638,1
1847,1585,-0.432926178,9.993566513,1
1847,1601,8.790746689,7.473056793,1
1847,1617,2.63506341,2.393261194,1
1847,1633,2.70196867,2.722574234,1
1847,1649,4.040052414,1.324313641,1
1847,1665,5.177968979,0.4288279414,1
1847,1681,3.457796335,0.3538669348,1
1847,1697,2.787076473,1.011049867,1
1847,1713,-2.155203342,0.1542099416,1
1847,1729,4.200986862,0.3473371565,1
1847,1745,3.553104639,-0.2523784041,1
1847,1761,1.289967775,-4.184682369,1
1847,1777,0.6703007221,-0.4912278652,1
1847,1793,4.27912426,-0.5102846622,1
1847,1809,0.8192642927,0.2201243937,1
1847,1825,-1.161854863,2.04567337,1
1847,1841,6.029727936,0.2669654489,1
1847,1857,5.178854465,0.8594554663,1
1847,1873,2.841114521,0.8637312651,1
1847,1889,7.1307621,-3.393440962,1
1847,1905,1.728872299,-1.887713671,1
1847,1921,-5.101035118,-1.62752986,1
1847,1937,0.4940462112,7.534770012,1
1847,1953,0.7113631964,8.428944588,1
1847,1969,7.698152542,6.666333199,1
1847,1985,2.042698383,-2.986535549,1
1847,2001,3.019655228,-3.09520483,1
1847,2017,5.329884529,-8.619833946,1
1847,2033,-6.775083065,-1.942700386,1
1863,17,11.60612488,2.256512165,1
1863,33,10.98729515,5.864374161,1
1863,49,4.229892254,-1.78464222,1
1863,65,4.143272877,-0.727771461,1
1863,81,3.374622583,0.03391730785,1
1863,97,2.796551704,0.5288575888,1
1863,113,2.08045125,0.3350686431,1
1863,129,1.773938656,-0.1723808646,1
1863,145,1.796557903,0.4580239058,1
1863,161,1.621792674,2.551876545,1
1863,177,2.412022829,2.813121319,1
1863,193,3.626435518,2.657679081,1
1863,209,3.345915079,2.824217796,1
1863,225,2.045672178,3.082501411,1
1863,241,2.285218716,2.553459406,1
1863,257,1.139555454,11.26555729,1
1863,273,3.142492056,2.144985914,1
1863,289,3.178871632,2.830134153,1
1863,305,3.24567461,3.544054747,1
1863,321,1.604701042,9.112456322,1
1863,337,6.508391857,2.280198336,1
1863,353,5.821329594,2.851956367,1
1863,369,5.417886734,4.341683388,1
1863,385,4.87206459,0.4103730321,1
1863,401,4.459821701,0.4292857647,1
1863,417,4.130077362,0.5162553191,1
1863,433,1.873693466,7.824538231,1
1863,449,2.585066557,9.789049149,1
1863,465,2.809196949,1.808828831,1
1863,481,2.546327353,5.306101799,1
1863,497,-5.647177696,2.312466621,1
1863,513,-5.619378567,0.9156578779,1
1863,529,2.911628246,0.6702671051,1
1863,545,2.764225245,0.2958319187,1
1863,561,0.8354529142,0.2517251968,1
1863,577,-0.2636124194,-0.02527999878,1
1863,593,-0.06484943628,-2.58973217,1
1863,609,2.739244938,-5.755967617,1
1863,625,-3.534910679,0.1633243561,1
1863,641,-4.803168297,2.098652363,1
1863,657,-5.596682072,2.166471958,1
1863,673,-2.31956315,-0.5901887417,1
1863,689,0.7087235451,1.602237463,1
1863,705,1.323281288,1.80692637,1
1863,721,0.5562119484,1.218225121,1
1863,737,0.4880908728,1.502596974,1
1863,753,-1.548692107,1.883498907,1
1863,769,-0.2559889555,0.8141902685,1
1863,785,0.9716590643,0.5518059731,1
1863,801,-0.1125203967,0.4568488598,1
1863,817,-2.521905899,-1.974859715,1
1863,833,-1.110595107,0.7044215202,1
1863,849,-0.4991677403,2.09175992,1
1863,865,-0.2881730795,1.306963801,1
1863,881,-0.249761492,1.346605062,1
1863,897,-0.044513762,1.627240181,1
1863,913,0.5345033407,2.209178686,1
1863,929,2.560435534,2.229837418,1
1863,945,2.714994431,3.482395411,1
1863,961,3.218869209,5.078564167,1
1863,977,1.285613298,-1.614823699,1
1863,993,1.884208202,-0.9345579147,1
1863,1009,-1.616143703,9.631746292,1
1863,1025,1.162706137,-7.268611908,1
1863,1041,2.466072083,-5.793545723,1
1863,1057,2.214108467,-3.993526697,1
1863,1073,3.468911409,1.684794188,1
1863,1089,-7.397012711,5.774262428,1
1863,1105,0.8600097895,-0.1999166012,1
1863,1121,0.3649637997,-0.1411566734,1
1863,1137,0.421269536,0.6256219149,1
1863,1153,0.6478880644,1.641987205,1
1863,1169,1.360763669,2.176135778,1
1863,1185,4.600137234,3.399262905,1
1863,1201,1.266397238,10.423419,1
1863,1217,0.9638803005,4.664133072,1
1863,1233,1.457825422,1.300760865,1
1863,1249,0.8703163862,-2.229207993,1
1863,1265,2.595245838,2.509578705,1
1863,1281,9.40193367,-2.499478817,1
1863,1297,3.181646824,8.240512848,1
1863,1313,-0.3288368583,7.783910275,1
1863,1329,8.278572083,1.594128132,1
1863,1345,0.3571447432,-0.8080794811,1
1863,1361,0.2196930647,-0.3471915722,1
1863,1377,0.4720255733,-0.5676193833,1
1863,1393,0.4644809365,-0.6815438271,1
1863,1409,0.2491226792,-0.7597219944,1
1863,1425,-5.834852695,-6.157297134,1
1863,1441,0.9201288223,-3.069442272,1
1863,1457,0.821614027,-0.3065685034,1
1863,1473,0.5195680261,0.02530029416,1
1863,1489,0.3214139342,-0.07797449827,1
1863,1505,-4.948800564,1.761544347,1
1863,1521,-8.301786423,-0.09414833784,1
1863,1537,0.06808966398,-0.1243571863,1
1863,1553,-1.658869982,-2.205077648,1
1863,1569,-3.223333359,-3.793958902,1
1863,1585,8.202206612,0.6492984891,1
1863,1601,8.192923546,7.03019619,1
1863,1617,2.243656635,2.601201296,1
1863,1633,2.641921043,1.868890882,1
1863,1649,3.735967636,0.9558038712,1
1863,1665,4.645402908,0.3171900511,1
1863,1681,5.95507288,-0.6643360257,1
1863,1697,5.665636063,0.5957953334,1
1863,1713,2.069517612,-0.1888962686,1
1863,1729,1.694022536,-0.2715551257,1
1863,1745,1.957213879,-0.4881234169,1
1863,1761,-5.17525053,-1.955132961,1
1863,1777,-5.153066635,-2.147904158,1
1863,1793,4.690268993,-0.2600021064,1
1863,1809,4.724634171,0.375867337,1
1863,1825,5.85923624,8.037521362,1
1863,1841,3.039026499,3.27180171,1
1863,1857,3.764194727,2.405316353,1
1863,1873,2.402111292,0.4899578094,1
1863,1889,2.105926275,-0.4388802052,1
1863,1905,-3.779018402,6.661139011,1
1863,1921,-4.412509918,-0.7515779138,1
1863,1937,9.535562515,4.825081348,1
1863,1953,7.065951347,6.581604481,1
1863,1969,10.07226944,-4.452775955,1
1863,1985,4.236485481,8.42073822,1
1863,2001,-0.9533824921,0.2833038568,1
1863,2017,-1.37163043,-6.67842865,1
1863,2033,4.508074284,-1.338738441,1
1879,17,12.41711807,-0.7250444889,1
1879,33,2.582268715,0.1387437582,1
1879,49,2.992049456,0.8578033447,1
1879,65,3.171643972,0.4122467041,1
1879,81,2.57907033,0.317255497,1
1879,97,2.265017033,0.6565282345,1
1879,113,2.014312983,0.9054732919,1
1879,129,2.05620122,0.6496283412,1
1879,145,2.137937307,1.004102468,1
1879,161,2.260183811,3.631917477,1
1879,177,3.074534178,3.02118063,1
1879,193,3.087506294,2.508216858,1
1879,209,1.969203234,2.724264145,1
1879,225,1.591671824,2.669075012,1
1879,241,1.113729239,2.300595284,1
1879,257,2.508395433,2.657820225,1
1879,273,4.235305309,-0.1604011059,1
1879,289,3.056438208,2.063297987,1
1879,305,2.914954424,2.760830641,1
1879,321,3.286730528,5.128508568,1
1879,337,5.085074425,2.306820154,1
1879,353,2.140917301,1.408061028,1
1879,369,5.082035542,-0.03204190731,1
1879,385,5.39716053,0.211702168,1
1879,401,5.415634632,1.066895723,1
1879,417,6.21473217,1.699360251,1
1879,433,7.492123604,2.340980053,1
1879,449,6.325522423,0.7376224995,1
1879,465,1.728797674,1.506931424,1
1879,481,0.7121763229,3.377693653,1
1879,497,1.924997568,2.559460402,1
1879,513,2.128417492,10.31534386,1
1879,529,3.039316893,-0.5810573101,1
1879,545,-5.4285326,-1.936655164,1
1879,561,0.4897993803,-1.722576976,1
1879,577,-0.03579086065,-2.581993341,1
1879,593,-0.8962285519,-1.775862098,1
1879,609,-0.4615104198,-3.250939369,1
1879,625,-0.2082078457,-1.346591711,1
1879,641,-2.712773323,1.284526587,1
1879,657,0.1112080514,1.416328907,1
1879,673,0.3961094618,1.446226239,1
1879,689,1.182560086,1.760679007,1
1879,705,1.588729739,1.792763829,1
1879,721,4.034722328,1.26439023,1
1879,737,0.9259518981,1.003682017,1
1879,753,1.055615425,0.289385438,1
1879,769,0.9641449451,0.8091835976,1
1879,785,0.8562523127,0.4738918543,1
1879,801,0.9765903354,0.4978735447,1
1879,817,-0.4803264737,0.6942356229,1
1879,833,-0.6511813402,0.9430383444,1
1879,849,-0.3873063922,1.127355576,1
1879,865,-0.3265637457,1.352474809,1
1879,881,-0.6319900751,1.227562904,1
1879,897,-0.3805378675,1.401331782,1
1879,913,0.4852003455,1.610470176,1
1879,929,1.117797613,1.637980819,1
1879,945,0.9445578456,5.929650784,1
1879,961,0.5832720995,-3.91920948,1
1879,977,0.338347137,-3.354624271,1
1879,993,0.8085873127,8.806098938,1
1879,1009,0.3869856,9.673220634,1
1879,1025,1.635056019,-7.282316208,1
1879,1041,2.599861145,-5.707373619,1
1879,1057,3.958026886,-2.623877048,1
1879,1073,5.248885632,1.153138757,1
1879,1089,3.315543175,0.002227723598,1
1879,1105,0.2578613162,-0.52669698,1
1879,1121,0.3074916005,-0.4374613762,1
1879,1137,1.062847614,-0.1035276055,1
1879,1153,0.854829669,0.1410788298,1
1879,1169,-2.618863344,-2.304008245,1
1879,1185,2.890651226,3.179334641,1
1879,1201,2.126946926,3.46216774,1
1879,1217,2.312025547,2.565897942,1
1879,1233,3.386906624,1.323569536,1
1879,1249,1.332075357,0.9559392929,1
1879,1265,-6.498472691,4.316975117,1
1879,1281,-6.85696125,3.163941622,1
1879,1297,3.406144142,8.230876923,1
1879,1313,-5.969997883,4.155217171,1
1879,1329,2.219307899,-1.451309443,1
1879,1345,-4.054595947,7.089855671,1
1879,1361,0.4582405686,-1.088516235,1
1879,1377,1.096105576,-1.008743525,1
1879,1393,0.9919798374,-0.7051334977,1
1879,1409,-5.940745354,2.303673267,1
1879,1425,-6.793961048,4.066359997,1
1879,1441,0.9744762778,-0.2812553644,1
1879,1457,1.338082314,-0.5959287882,1
1879,1473,0.9852300882,-4.992638111,1
1879,1489,2.732243061,3.56870985,1
1879,1505,-4.993032455,2.245166063,1
1879,1521,-2.5390172,3.855136633,1
1879,1537,0.2179226875,-0.03167621791,1
1879,1553,0.01114043593,-1.429269195,1
1879,1569,-2.457987309,-1.817232251,1
1879,1585,-2.835267544,0.5965984464,1
1879,1601,1.334185481,2.031907082,1
1879,1617,1.983513117,2.000337601,1
1879,1633,3.801940918,1.513907433,1
1879,1649,4.64922142,0.9215633869,1
1879,1665,5.475675583,0.17237553,1
1879,1681,5.086972713,-2.057710409,1
1879,1697,2.642427921,-0.929995954,1
1879,1713,1.084429502,-0.4547821283,1
1879,1729,0.3242805004,-0.3366249204,1
1879,1745,-3.371907234,7.105519295,1
1879,1761,4.36482048,-9.20367527,1
1879,1777,1.30931592,-3.469073772,1
1879,1793,2.328783989,-0.09307029098,1
1879,1809,1.12860167,1.712070942,1
1879,1825,2.58914566,7.597371101,1
1879,1841,2.282853603,4.551717758,1
1879,1857,3.268467188,3.135779858,1
1879,1873,2.405543089,0.9399690032,1
1879,1889,2.621559143,1.172064543,1
1879,1905,7.735020638,-6.365832329,1
1879,1921,-2.556581974,-7.275556087,1
1879,1937,9.782478333,0.1333240271,1
1879,1953,7.569150925,-7.211494446,1
1879,1969,12.04369164,0.3460197151,1
1879,1985,0.4117519855,0.2770191729,1
1879,2001,0.4648528099,-0.5920635462,1
1879,2017,5.282919407,-0.8495100737,1
1879,2033,5.170620918,-1.212145805,1
1895,17,7.315371513,1.00189352,1
1895,33,2.731521606,0.8209357262,1
1895,49,0.875416398,1.835401177,1
1895,65,1.972734213,0.9562826157,1
1895,81,2.13259244,0.1155383289,1
1895,97,2.227165222,0.6912347674,1
1895,113,2.167950153,2.118923903,1
1895,129,2.257750273,1.777213573,1
1895,145,2.210455656,-7.006586075,1
1895,161,2.348503828,2.358988285,1
1895,177,2.336167097,-6.866341114,1
1895,193,-4.519112587,-3.547359943,1
1895,209,1.741872072,2.868659496,1
1895,225,1.894798994,2.538315296,1
1895,241,2.055868864,2.398750067,1
1895,257,1.970943213,3.188671112,1
1895,273,2.817473888,2.840839863,1
1895,289,1.82029891,1.582048416,1
1895,305,1.789359808,2.15482688,1
1895,321,3.471544504,4.332134724,1
1895,337,3.920738697,1.663908958,1
1895,353,4.053853035,1.136893153,1
1895,369,5.380177498,0.4864211679,1
1895,385,6.642762661,0.4361869097,1
1895,401,6.624864101,0.7628424168,1
1895,417,5.59681797,1.60247016,1
1895,433,4.96282196,1.828091145,1
1895,449,3.596022367,1.952098846,1
1895,465,2.57583189,1.18932128,1
1895,481,2.465155363,2.482511997,1
1895,497,1.625883102,2.605816126,1
1895,513,2.77316618,1.962235451,1
1895,529,4.299175739,0.3144609928,1
1895,545,1.249342084,1.474722624,1
1895,561,0.1632190943,-1.510726452,1
1895,577,-0.298879087,-3.997057199,1
1895,593,-0.2877266407,-2.643686533,1
1895,609,0.2989119291,-3.051935434,1
1895,625,0.9897545576,-3.882916451,1
1895,641,2.801728964,1.207400084,1
1895,657,2.337758541,1.584177732,1
1895,673,1.234724283,1.569365144,1
1895,689,2.693842888,1.475696206,1
1895,705,-3.712994099,-6.343011379,1
1895,721,3.508751631,1.41582787,1
1895,737,3.53288269,2.046567917,1
1895,753,2.567829132,-1.256117582,1
1895,769,0.8010665178,-0.1974235773,1
1895,785,-0.2922945023,0.3752426505,1
1895,801,-0.2516173422,0.5612850189,1
1895,817,-0.3142902851,1.442870617,1
1895,833,-0.334721446,1.238587022,1
1895,849,-0.3917992115,1.00970304,1
1895,865,-0.7920130491,3.10168457,1
1895,881,-0.2763794065,6.245448112,1
1895,897,0.02453356981,1.38685739,1
1895,913,0.7857435346,0.9328098893,1
1895,929,0.5886553526,1.201949954,1
1895,945,-1.832238674,2.915676117,1
1895,961,0.7737892866,-0.2998223305,1
1895,977,4.140338898,5.980433464,1
1895,993,5.403308868,7.054039955,1
1895,1009,3.824083328,0.4372024536,1
1895,1025,2.893387794,-7.084070683,1
1895,1041,-0.5708203316,-4.676958084,1
1895,1057,9.081623077,-4.555088997,1
1895,1073,8.311695099,-1.965099931,1
1895,1089,2.476667881,-1.00766921,1
1895,1105,0.3118063807,0.1719623208,1
1895,1121,3.107073784,0.5511380434,1
1895,1137,3.493375778,1.016468644,1
1895,1153,-1.700621128,-1.297448635,1
1895,1169,-3.965122461,-3.943805218,1
1895,1185,2.940990925,2.156034231,1
1895,1201,1.063358665,2.82326746,1
1895,1217,0.9507317543,2.776315451,1
1895,1233,8.215115547,0.9298301935,1
1895,1249,-3.310603142,-0.02054056525,1
1895,1265,-5.500296593,5.386236191,1
1895,1281,-6.536999226,4.113524914,1
1895,1297,9.654286385,-1.893216014,1
1895,1313,9.131199837,-0.2705593109,1
1895,1329,0.3317490816,3.128291845,1
1895,1345,1.049432993,2.442640543,1
1895,1361,1.173996806,-0.4755808115,1
1895,1377,1.11399579,-1.51409936,1
1895,1393,1.311292887,-0.8430719376,1
1895,1409,2.465673208,-0.2142186165,1
1895,1425,0.6243201494,1.183133483,1
1895,1441,0.9286725521,0.06989721954,1
1895,1457,1.231901884,-0.2206706405,1
1895,1473,0.1536956728,-0.9215695262,1
1895,1489,2.336910248,8.827940941,1
1895,1505,-5.015257359,-0.5181211233,1
1895,1521,-4.853750229,0.3569395244,1
1895,1537,9.140079498,0.133379817,1
1895,1553,0.6742925644,-2.888942242,1
1895,1569,0.3120915294,1.225853324,1
1895,1585,0.3802428246,1.596869707,1
1895,1601,0.9749379158,2.146780491,1
1895,1617,1.43687439,1.645499706,1
1895,1633,2.055385113,1.11827445,1
1895,1649,2.31303978,1.024180651,1
1895,1665,3.549997568,0.04510211945,1
1895,1681,4.890489578,-2.064330101,1
1895,1697,2.688025475,-0.7704467773,1
1895,1713,0.2166141868,-0.8548774719,1
1895,1729,-0.2629246116,-0.726082325,1
1895,1745,-3.839677811,6.842591763,1
1895,1761,2.301589251,-2.811934948,1
1895,1777,3.892920971,-1.372959614,1
1895,1793,3.093785048,-1.405916691,1
1895,1809,2.964464188,-0.8851304054,1
1895,1825,0.7740855217,0.1165802479,1
1895,1841,0.6945454478,0.228597641,1
1895,1857,10.0154047,1.086198688,1
1895,1873,2.108075619,9.767471313,1
1895,1889,2.843178749,2.024711609,1
1895,1905,8.012208939,-5.965007305,1
1895,1921,7.723901272,-6.489028454,1
1895,1937,10.58768654,-1.423658967,1
1895,1953,1.682375908,-7.501468658,1
1895,1969,6.866322517,-6.047258377,1
1895,1985,5.095682144,-0.02088655531,1
1895,2001,5.362896919,-0.200553149,1
1895,2017,5.177566051,-0.1905702353,1
1895,2033,3.509482384,-0.1237547398,1
1911,17,3.99060607,9.088998795,1
1911,33,1.585347891,2.19146204,1
1911,49,1.375684619,2.315568924,1
1911,65,1.362840295,1.058211803,1
1911,81,1.620435834,0.7332176566,1
1911,97,2.060025215,0.9184150696,1
1911,113,3.346360683,2.057777882,1
1911,129,2.665847778,3.229323387,1
1911,145,10.18873215,-2.508883476,1
1911,161,3.172518015,-5.252469063,1
1911,177,2.476740122,-2.857652426,1
1911,193,4.675825119,0.6188933849,1
1911,209,-4.928351402,6.881347656,1
1911,225,-5.335054874,6.490396023,1
1911,241,-1.711823463,7.608953476,1
1911,257,2.028985977,1.84598279,1
1911,273,2.29593873,1.781607389,1
1911,289,1.47289753,1.488641977,1
1911,305,0.06602191925,5.43299675,1
1911,321,4.990406036,-4.307840347,1
1911,337,8.017389297,-2.162012577,1
1911,353,3.836458683,1.143080711,1
1911,369,4.586678982,1.334901929,1
1911,385,5.248081207,1.3255409,1
1911,401,5.700025558,-1.000802517,1
1911,417,3.836257935,1.40358758,1
1911,433,3.313852787,1.646647692,1
1911,449,3.067266226,1.105590343,1
1911,465,2.521054268,0.527195096,1
1911,481,2.778388262,1.112339139,1
1911,497,0.8722244501,2.600432634,1
1911,513,1.092783213,2.349422693,1
1911,529,0.8658540249,3.039578676,1
1911,545,-0.2354716659,1.080800533,1
1911,561,-0.03163668513,-1.176907063,1
1911,577,0.5171518326,-3.056901217,1
1911,593,0.7160274982,-3.067595959,1
1911,609,1.189913988,0.3804207444,1
1911,625,1.123718619,2.089950562,1
1911,641,1.369119883,3.222042561,1
1911,657,1.569199324,2.311240911,1
1911,673,2.548094273,1.16682291,1
1911,689,-0.1025614738,-6.878202915,1
1911,705,1.958372235,1.944365621,1
1911,721,0.7236973047,0.9676600099,1
1911,737,0.151365459,0.4105105698,1
1911,753,-5.403227329,8.021509171,1
1911,769,-5.166607857,4.572819233,1
1911,785,-0.7741165161,0.1831496358,1
1911,801,-0.2512979507,0.5680732131,1
1911,817,-0.00906085968,2.151321411,1
1911,833,-0.005188904703,1.630187988,1
1911,849,-0.3107428849,3.209847927,1
1911,865,-0.6153188944,3.100197315,1
1911,881,-2.931836128,9.604837418,1
1911,897,-0.3698758483,2.341776371,1
1911,913,-0.4978219271,0.3933238983,1
1911,929,-1.413967729,-0.2597324848,1
1911,945,-1.781215668,0.9188585877,1
1911,961,-1.270598888,1.454512835,1
1911,977,2.815381289,-4.180380821,1
1911,993,3.322927952,6.608552456,1
1911,1009,3.182318211,0.6558368206,1
1911,1025,1.664074421,1.297811866,1
1911,1041,2.638852596,1.369955659,1
1911,1057,2.948339224,1.12249887,1
1911,1073,-2.81050849,8.914475441,1
1911,1089,0.9503975511,-7.417649269,1
1911,1105,1.949728012,1.249010801,1
1911,1121,3.172520876,2.319322586,1
1911,1137,3.131621838,1.403339148,1
1911,1153,1.980150938,3.175181627,1
1911,1169,1.452761292,0.1150596142,1
1911,1185,1.397640228,0.02359771729,1
1911,1201,2.424140215,10.22980118,1
1911,1217,1.010608792,3.300124168,1
1911,1233,0.09105432034,0.4649749398,1
1911,1249,0.7207557559,-1.01995647,1
1911,1265,1.097551107,-0.2327823639,1
1911,1281,1.382894039,-0.3438144624,1
1911,1297,9.858545303,-2.489666462,1
1911,1313,0.03939580917,-0.8867641687,1
1911,1329,0.9229618311,-0.7329082489,1
1911,1345,1.299472213,0.7021291256,1
1911,1361,2.051498413,-0.7553454638,1
1911,1377,0.6172962189,-0.06170547009,1
1911,1393,0.5046527982,-1.220859051,1
1911,1409,0.02206522226,-0.8161721826,1
1911,1425,-0.09894779325,-0.3782420456,1
1911,1441,-1.303487301,0.1641470939,1
1911,1457,5.958753109,4.07652235,1
1911,1473,4.341932297,2.562066078,1
1911,1489,6.762489319,-4.164680481,1
1911,1505,-2.932162046,3.975409985,1
1911,1521,-1.055868387,0.7379328012,1
1911,1537,0.9330921173,-0.6527305841,1
1911,1553,2.497955561,-7.9988904,1
1911,1569,-0.6224570274,1.761583686,1
1911,1585,0.3460639715,2.429805279,1
1911,1601,0.8168129921,-5.373020172,1
1911,1617,-0.08475768566,0.3457610607,1
1911,1633,2.412004709,3.016034126,1
1911,1649,3.003867149,1.456423879,1
1911,1665,2.991761208,-0.04232299328,1
1911,1681,3.42480135,-0.2442414463,1
1911,1697,1.648286819,-0.7335289717,1
1911,1713,1.342992067,-1.06778717,1
1911,1729,1.232615232,-0.8169583082,1
1911,1745,6.238208294,6.841083527,1
1911,1761,-5.209150314,-0.1965691447,1
1911,1777,0.2314124107,1.624376535,1
1911,1793,3.354543447,-0.6665698886,1
1911,1809,3.262797594,-0.4645874798,1
1911,1825,0.2394683361,0.2890684009,1
1911,1841,-0.3926669061,0.5207127929,1
1911,1857,-2.572856188,-7.964669704,1
1911,1873,8.627762794,0.9735812545,1
1911,1889,10.81737518,-1.340573668,1
1911,1905,2.760035515,0.3875082135,1
1911,1921,0.7110395432,1.740020037,1
1911,1937,9.566216469,-2.221304893,1
1911,1953,2.274922371,-5.126178741,1
1911,1969,8.385407448,6.995059967,1
1911,1985,4.53601408,-0.06996240467,1
1911,2001,4.759799004,-0.01722159982,1
1911,2017,3.182144165,-0.2064707726,1
1911,2033,-0.8747564554,0.2587336898,1
1927,17,-1.356142998,3.999315023,1
1927,33,0.7436925173,2.0899086,1
1927,49,0.4202945232,1.451747656,1
1927,65,1.080649137,0.7551181316,1
1927,81,0.6923940182,1.489603758,1
1927,97,1.741126776,0.8884184361,1
1927,113,2.275517464,2.078145742,1
1927,129,1.682718754,2.898754835,1
1927,145,-0.4258024693,3.411491394,1
1927,161,10.76107407,1.754250646,1
1927,177,10.58824253,2.881317616,1
1927,193,3.780550957,-0.1661480665,1
1927,209,9.458742142,-3.405286551,1
1927,225,10.65625858,4.168068886,1
1927,241,2.501866102,8.946907043,1
1927,257,2.227475882,1.725091457,1
1927,273,2.972584248,1.209199905,1
1927,289,3.061254025,1.456599951,1
1927,305,2.463921547,10.65389729,1
1927,321,2.760157108,-0.4685807228,1
1927,337,2.973385334,2.08355093,1
1927,353,3.449985027,0.9200310707,1
1927,369,3.87614584,1.88556838,1
1927,385,2.625505924,1.778327465,1
1927,401,10.78283119,7.118913651,1
1927,417,5.734734058,10.28421211,1
1927,433,3.266559124,2.273169518,1
1927,449,3.373668909,1.027099252,1
1927,465,3.314090252,1.039629221,1
1927,481,3.91865325,-0.8589570522,1
1927,497,1.560394645,3.180640459,1
1927,513,0.3761472702,2.609084368,1
1927,529,7.599119186,7.68563652,1
1927,545,1.076778412,1.217039943,1
1927,561,0.9259250164,-0.129757762,1
1927,577,0.6544014215,-0.8028913736,1
1927,593,9.925806046,-2.898424149,1
1927,609,9.429422379,0.8013492823,1
1927,625,9.57714653,1.21835196,1
1927,641,1.128379345,7.410360336,1
1927,657,1.25483048,0.582493782,1
1927,673,3.68896389,1.341032982,1
1927,689,-0.4332106113,-6.193354607,1
1927,705,2.351360559,2.161536694,1
1927,721,1.611110926,1.600212336,1
1927,737,-4.029462337,8.332408905,1
1927,753,-7.79248476,-3.445649385,1
1927,769,-5.004573822,7.431705475,1
1927,785,-0.4690654874,2.124553442,1
1927,801,0.1044092476,0.2352399528,1
1927,817,0.3325401545,2.355324268,1
1927,833,4.775213242,9.283716202,1
1927,849,-0.8562591076,3.590020895,1
1927,865,0.5410075188,2.701285601,1
1927,881,-4.241478443,-6.879622459,1
1927,897,-0.9876438975,1.891379476,1
1927,913,-1.570503473,0.2475972176,1
1927,929,-2.845045567,-0.1541366875,1
1927,945,-3.653045654,0.6812056303,1
1927,961,-3.111467361,1.301901221,1
1927,977,-1.993433714,1.371475101,1
1927,993,2.305437088,5.289350986,1
1927,1009,-1.6127882,-7.486391544,1
1927,1025,1.835138559,1.398464203,1
1927,1041,2.949579716,1.562929511,1
1927,1057,-0.2133700848,1.676672697,1
1927,1073,-3.507695198,3.143403053,1
1927,1089,-2.810913801,-2.748133659,1
1927,1105,0.1306302547,1.815536737,1
1927,1121,1.977822661,2.834383011,1
1927,1137,2.116663218,1.147926569,1
1927,1153,1.821395159,3.540273428,1
1927,1169,0.7306426764,-0.6241044998,1
1927,1185,-0.4655579329,-0.7632921934,1
1927,1201,0.7635611892,1.115604758,1
1927,1217,0.8004270196,3.846286297,1
1927,1233,-0.616443634,0.1810750067,1
1927,1249,0.9103261232,-0.9184451103,1
1927,1265,2.083029985,-0.1283946931,1
1927,1281,1.762761235,-0.5469485521,1
1927,1297,1.079917073,-1.042437911,1
1927,1313,0.5216164589,-1.748838902,1
1927,1329,0.8175552487,-1.973723292,1
1927,1345,0.993491888,-1.357985735,1
1927,1361,0.844217658,-1.196354985,1
1927,1377,0.2840477228,-1.834381342,1
1927,1393,-0.2465087771,-2.299119234,1
1927,1409,-0.4021870494,-2.171279669,1
1927,1425,-0.4260703325,-0.7785707116,1
1927,1441,0.8891478777,8.918587685,1
1927,1457,8.298425674,-2.176351786,1
1927,1473,7.597971439,-1.305652618,1
1927,1489,-9.486010551,-3.403834105,1
1927,1505,-11.28353119,2.48448658,1
1927,1521,-9.540876389,-1.764772177,1
1927,1537,-1.952105284,1.068024874,1
1927,1553,-1.039957881,-1.061423302,1
1927,1569,-2.142344236,1.068651199,1
1927,1585,-2.149595261,-0.1665539742,1
1927,1601,-1.354986191,1.094161034,1
1927,1617,0.7163069248,2.713178158,1
1927,1633,1.072206974,1.584909916,1
1927,1649,1.632317543,2.925765514,1
1927,1665,1.91752708,0.9969339371,1
1927,1681,2.967153072,-0.05257605016,1
1927,1697,3.230280399,-1.926575422,1
1927,1713,7.248408794,6.554388046,1
1927,1729,2.931491852,0.108818531,1
1927,1745,4.082112789,-0.7399339676,1
1927,1761,4.598962784,-1.931901693,1
1927,1777,3.374969959,0.4021974802,1
1927,1793,1.846365929,-0.09619784355,1
1927,1809,3.959353685,-8.566300392,1
1927,1825,0.7918975353,0.6491078138,1
1927,1841,0.05381557345,1.431648731,1
1927,1857,8.56006813,3.894936562,1
1927,1873,6.816733837,0.7138488293,1
1927,1889,1.863140106,0.2468497157,1
1927,1905,1.784426808,0.6449001431,1
1927,1921,-0.7923649549,2.687669754,1
1927,1937,-3.771308899,-2.265122652,1
1927,1953,-1.217823744,-0.155164659,1
1927,1969,1.729203939,3.253311157,1
1927,1985,2.249495506,-0.01065966487,1
1927,2001,4.776809216,0.04126726091,1
1927,2017,2.147098303,-0.46803087,1
1927,2033,0.6267414093,0.1354095638,1
1943,17,-0.4323816299,3.601901531,1
1943,33,0.478286922,1.387762427,1
1943,49,0.6848921776,1.258124709,1
1943,65,0.6259992123,1.450035334,1
1943,81,0.7603037357,1.832689643,1
1943,97,1.76715064,1.367053628,1
1943,113,-2.105611801,5.298455238,1
1943,129,0.8857960701,3.437992096,1
1943,145,1.010059237,4.003063202,1
1943,161,-1.158365011,-7.601132393,1
1943,177,0.7298377752,2.468307018,1
1943,193,1.4918437,-0.3668417931,1
1943,209,1.458888769,-1.853629112,1
1943,225,4.514522076,1.549348116,1
1943,241,10.77602577,-1.794308424,1
1943,257,2.789541245,1.993204236,1
1943,273,3.263517618,1.200364828,1
1943,289,3.170989513,1.686829925,1
1943,305,2.624313831,1.844749689,1
1943,321,2.644255161,1.89903307,1
1943,337,2.317717552,2.132617712,1
1943,353,2.911968231,-1.165547609,1
1943,369,0.8808631897,0.6437041759,1
1943,385,12.53665161,-1.160874367,1
1943,401,11.19010162,-3.095092773,1
1943,417,2.198361635,6.243986607,1
1943,433,1.268816471,-2.528746605,1
1943,449,2.785048962,1.125923276,1
1943,465,3.064671993,1.27712822,1
1943,481,2.502557278,1.43912077,1
1943,497,1.509938836,1.794463873,1
1943,513,1.067617774,2.362713814,1
1943,529,1.838517785,3.559904814,1
1943,545,2.644517422,2.157404423,1
1943,561,1.303528905,1.180593729,1
1943,577,0.1247563362,1.470111489,1
1943,593,1.898728132,-0.688491106,1
1943,609,2.915881634,-2.070082664,1
1943,625,1.243000746,0.6193196774,1
1943,641,0.7583990097,-2.478941202,1
1943,657,1.082316637,1.185731888,1
1943,673,1.560794353,3.337030649,1
1943,689,2.020078659,4.408555508,1
1943,705,2.818314791,2.892651081,1
1943,721,1.956951857,2.21116209,1
1943,737,0.8484345078,1.174796104,1
1943,753,-8.33717823,-0.4105209708,1
1943,769,-4.999530792,8.160521507,1
1943,785,1.19588089,-1.014068365,1
1943,801,0.9789451361,-0.1416006237,1
1943,817,0.2415779233,-0.3209837675,1
1943,833,0.123026669,1.08433032,1
1943,849,2.05045414,8.303456306,1
1943,865,-5.187325001,-6.638612747,1
1943,881,-3.442522049,-7.745652199,1
1943,897,-1.440266371,0.9872883558,1
1943,913,-2.261398077,0.3920218945,1
1943,929,-3.671473265,0.1786148548,1
1943,945,-3.817408562,1.109740853,1
1943,961,-3.448628902,1.981147647,1
1943,977,-3.021372557,1.651721239,1
1943,993,-0.7037254572,-0.4238600135,1
1943,1009,0.8603985906,-1.387603998,1
1943,1025,1.952770948,1.074201226,1
1943,1041,2.586917162,1.20620358,1
1943,1057,3.17539072,2.14029026,1
1943,1073,2.267838001,2.502984047,1
1943,1089,-3.038551331,-2.109990835,1
1943,1105,1.360772133,2.35470295,1
1943,1121,1.868438125,3.070273399,1
1943,1137,2.642665386,1.338284492,1
1943,1153,0.8740901947,1.015176058,1
1943,1169,1.240296483,0.5221596956,1
1943,1185,1.322798014,0.3003110588,1
1943,1201,0.6674458981,0.7202868462,1
1943,1217,9.104929924,-0.9736450315,1
1943,1233,0.09450948238,-0.1345586926,1
1943,1249,0.4963291883,-1.001976371,1
1943,1265,1.495355248,-0.1616889983,1
1943,1281,1.449638724,1.027137637,1
1943,1297,0.9848227501,-1.098513126,1
1943,1313,0.8049892187,-2.444288731,1
1943,1329,5.35431385,-9.387477875,1
1943,1345,5.791078568,-8.627328873,1
1943,1361,6.838946819,-7.338680267,1
1943,1377,-3.470014095,-3.422358036,1
1943,1393,-1.206656337,-3.149472237,1
1943,1409,-1.12548089,-2.97239542,1
1943,1425,-1.86407733,-0.9143737555,1
1943,1441,7.202901363,4.491278648,1
1943,1457,-2.127305984,-1.053355575,1
1943,1473,-9.469073296,-1.081012964,1
1943,1489,-2.727022409,2.286279202,1
1943,1505,-2.785825014,2.171549559,1
1943,1521,-3.425802469,2.736431122,1
1943,1537,-3.550281763,1.380886197,1
1943,1553,-1.686363697,-0.6291071177,1
1943,1569,-2.759488344,0.8772735596,1
1943,1585,-2.68068099,-0.5974811316,1
1943,1601,-0.8174170852,1.704426765,1
1943,1617,-0.3126792908,4.921574593,1
1943,1633,-1.060523033,5.953242779,1
1943,1649,0.3818565607,3.523270607,1
1943,1665,-0.09438085556,3.31399107,1
1943,1681,2.167966127,-1.101682782,1
1943,1697,3.71562314,-2.378883123,1
1943,1713,4.256625175,7.610212326,1
1943,1729,3.837447643,0.2816204429,1
1943,1745,4.392333508,-1.025208354,1
1943,1761,4.415846825,-1.837860584,1
1943,1777,3.830152988,-0.6540448666,1
1943,1793,2.455753326,-0.3544473052,1
1943,1809,2.740551949,-7.519136906,1
1943,1825,1.013380527,1.646749973,1
1943,1841,0.4894039631,1.033286572,1
1943,1857,0.01993960142,-8.33834362,1
1943,1873,-4.295164108,-0.1508643329,1
1943,1889,-4.095977783,0.4796064198,1
1943,1905,3.29218173,8.851995468,1
1943,1921,-1.887268782,3.798747063,1
1943,1937,-1.153419256,0.5279215574,1
1943,1953,-0.4277024567,-0.3514812589,1
1943,1969,-0.09555125237,6.922894001,1
1943,1985,0.9120640755,0.8629458547,1
1943,2001,1.280948877,0.1961996257,1
1943,2017,1.262203574,0.005578882992,1
1943,2033,2.258817196,2.109999657,1
1959,17,0.043394804,3.171981096,1
1959,33,0.9350862503,1.192298889,1
1959,49,1.12519896,1.110479593,1
1959,65,-0.213650465,1.775590777,1
1959,81,-0.3663418889,2.406181335,1
1959,97,1.667286754,2.08366251,1
1959,113,9.786654472,2.259089231,1
1959,129,10.07577515,1.864243507,1
1959,145,6.305039883,6.67006731,1
1959,161,6.488654137,8.936073303,1
1959,177,1.768520832,3.185728073,1
1959,193,10.44139862,-1.695714712,1
1959,209,10.83975506,-1.307313681,1
1959,225,-4.976207256,-3.121542931,1
1959,241,-5.61926651,-0.6410706043,1
1959,257,-5.507394314,1.391361833,1
1959,273,3.095448971,1.325036764,1
1959,289,2.625874996,1.970621347,1
1959,305,2.574510098,2.350227833,1
1959,321,3.248034954,2.215511322,1
1959,337,3.633579731,2.085448027,1
1959,353,2.87813282,-2.471164703,1
1959,369,13.16879082,2.218006372,1
1959,385,12.93391228,3.933050632,1
1959,401,4.135264874,0.6057429314,1
1959,417,2.96864748,1.236894727,1
1959,433,-0.9295933247,-2.967854738,1
1959,449,-4.044273853,7.271123409,1
1959,465,3.009083748,1.620195985,1
1959,481,2.319733143,1.746107459,1
1959,497,0.3899145126,1.490870357,1
1959,513,0.1751236916,1.660276175,1
1959,529,2.583012342,2.677657604,1
1959,545,2.776844501,2.938320637,1
1959,561,2.368351221,-4.019846916,1
1959,577,1.674275398,0.422922492,1
1959,593,2.132857084,-0.1082968712,1
1959,609,5.14601326,-2.807711601,1
1959,625,4.321164608,1.959875345,1
1959,641,4.376898766,0.970395565,1
1959,657,1.992387056,2.968784571,1
1959,673,2.778445244,4.058857918,1
1959,689,2.393940926,4.717360497,1
1959,705,1.952792168,6.420052052,1
1959,721,1.562750936,2.580059528,1
1959,737,1.720631957,0.994685173,1
1959,753,1.895531416,0.6376814842,1
1959,769,0.08511652052,0.2510986626,1
1959,785,-0.4253191948,-1.267177224,1
1959,801,0.3926389217,-0.1257369965,1
1959,817,2.117221117,-0.4182276726,1
1959,833,2.033209801,0.4394469261,1
1959,849,2.190627575,-7.898592949,1
1959,865,-2.829328775,0.9135365486,1
1959,881,-2.725242853,6.601784229,1
1959,897,-2.668911457,0.5094776154,1
1959,913,-3.476886988,-1.739269257,1
1959,929,-4.691373825,-0.805416286,1
1959,945,-5.375526428,1.038485646,1
1959,961,-3.048695564,2.037986279,1
1959,977,-2.526910782,1.522235036,1
1959,993,-1.414819002,-1.163904667,1
1959,1009,-0.4372459054,-1.278251171,1
1959,1025,0.4586400986,0.04696452618,1
1959,1041,0.1090834141,0.6022850275,1
1959,1057,-4.498740673,4.922923565,1
1959,1073,-6.321796894,8.436885834,1
1959,1089,2.509296417,2.740867853,1
1959,1105,2.763149261,3.624214888,1
1959,1121,2.780163288,2.4617939,1
1959,1137,2.22859478,0.90622437,1
1959,1153,0.9077045918,0.64045012,1
1959,1169,1.306292057,0.4255432785,1
1959,1185,0.9621778131,-0.2159247398,1
1959,1201,0.91276443,0.04434201121,1
1959,1217,-0.05610793829,-0.1231850386,1
1959,1233,0.06285206974,-0.1240443587,1
1959,1249,0.3846923709,-0.1629088521,1
1959,1265,0.4603496194,-0.2913986444,1
1959,1281,5.526453018,-8.694514275,1
1959,1297,7.340112686,4.362874031,1
1959,1313,-3.489988089,-1.172981024,1
1959,1329,5.50872612,2.503737211,1
1959,1345,3.748417854,-7.286993027,1
1959,1361,0.2253295183,-3.370563984,1
1959,1377,-1.250828862,-1.991309166,1
1959,1393,-1.451857805,-2.256388426,1
1959,1409,-1.229917765,-1.791304708,1
1959,1425,-0.7074965239,-1.336727381,1
1959,1441,-0.1438041627,-0.3742254972,1
1959,1457,0.2003560364,-0.6786831617,1
1959,1473,-4.94985342,-6.729639053,1
1959,1489,-3.242629766,2.267115831,1
1959,1505,-3.745934486,-6.916996479,1
1959,1521,-2.656014919,1.832444191,1
1959,1537,-2.683407545,1.157945991,1
1959,1553,-1.661241293,0.7159712315,1
1959,1569,1.377234936,1.132202029,1
1959,1585,-0.2267962098,1.676246881,1
1959,1601,-0.4675414264,2.533229113,1
1959,1617,-0.9736326933,5.393835068,1
1959,1633,-0.5739703178,3.705695152,1
1959,1649,-0.2759242058,2.9762609,1
1959,1665,-0.2690006495,2.536983967,1
1959,1681,9.387107849,-1.302400589,1
1959,1697,10.87302017,-4.113174438,1
1959,1713,4.304412842,-1.762292624,1
1959,1729,4.843860626,-0.7645149231,1
1959,1745,4.191753387,-0.9247479439,1
1959,1761,3.301604271,-1.131073236,1
1959,1777,2.849081516,-0.6203068495,1
1959,1793,2.55096221,-0.7348936796,1
1959,1809,1.697380543,0.5509393215,1
1959,1825,1.979820967,2.209739208,1
1959,1841,1.493379593,0.5556070209,1
1959,1857,-0.5906250477,-8.632638931,1
1959,1873,4.754930973,7.149407387,1
1959,1889,-2.493477821,7.840270519,1
1959,1905,0.01961827278,-1.436320543,1
1959,1921,-0.7208833694,8.112342834,1
1959,1937,0.5074568987,0.1684714258,1
1959,1953,0.342474699,-0.09854972363,1
1959,1969,0.2222751379,0.591917336,1
1959,1985,0.7840346098,-0.2193598747,1
1959,2001,2.580878258,-1.071115375,1
1959,2017,6.045388699,5.982886791,1
1959,2033,0.1356803179,-8.6108675,1
1975,17,2.058149815,0.8060758114,1
1975,33,5.860719681,4.759132385,1
1975,49,7.384565353,5.377328873,1
1975,65,0.4985989332,0.4621118307,1
1975,81,0.03378659487,2.227280617,1
1975,97,3.039715052,1.529842854,1
1975,113,2.19482708,1.336599112,1
1975,129,4.760989189,10.04502296,1
1975,145,9.322836876,6.039443493,1
1975,161,4.120491982,9.13689518,1
1975,177,1.478892803,4.279854774,1
1975,193,1.578401566,1.991517425,1
1975,209,-4.51907444,-1.980607271,1
1975,225,4.653809547,4.089669228,1
1975,241,3.746068001,0.5397156477,1
1975,257,5.256183624,2.378757,1
1975,273,6.653162003,3.024303675,1
1975,289,3.041110754,2.138478994,1
1975,305,3.126021862,2.542347193,1
1975,321,3.646060467,2.498253107,1
1975,337,4.670090675,2.178009272,1
1975,353,2.380273819,1.268913388,1
1975,369,0.9057712555,-0.07842993736,1
1975,385,13.01918983,3.829030991,1
1975,401,2.97268486,-1.05924356,1
1975,417,1.681220055,-1.063482285,1
1975,433,3.461921215,0.9295610189,1
1975,449,0.2556385994,-7.096986771,1
1975,465,2.332319498,1.79951179,1
1975,481,2.420060873,1.894558787,1
1975,497,2.19947052,1.808569908,1
1975,513,2.00085783,1.581720352,1
1975,529,1.290912151,2.135658741,1
1975,545,2.329959869,1.882551074,1
1975,561,3.866218567,-5.032405853,1
1975,577,3.210826635,-5.31152153,1
1975,593,3.25165081,0.5526609421,1
1975,609,7.872184753,-5.818283081,1
1975,625,5.153330803,3.091153145,1
1975,641,5.768055439,3.405355215,1
1975,657,5.950943947,3.385917187,1
1975,673,2.592558622,3.312356234,1
1975,689,1.580423594,3.685638428,1
1975,705,1.455993772,4.648086548,1
1975,721,0.9076704979,2.05328393,1
1975,737,0.738089323,0.9396231771,1
1975,753,1.363756299,1.316401243,1
1975,769,0.3459739983,1.198144913,1
1975,785,0.08856379986,0.6793670058,1
1975,801,0.351238668,0.1414547414,1
1975,817,1.912601709,0.4176185727,1
1975,833,0.832891345,0.03039102256,1
1975,849,-6.851087093,5.152070045,1
1975,865,-1.687383652,2.278419971,1
1975,881,-1.610519052,2.308662415,1
1975,897,-2.249653339,0.02119165659,1
1975,913,3.478417158,-5.778814316,1
1975,929,3.398927927,-5.75825119,1
1975,945,6.488707542,-0.1567584276,1
1975,961,-7.791520119,-2.476329088,1
1975,977,-3.566091299,1.131402969,1
1975,993,-2.650728941,1.136066437,1
1975,1009,-1.740360022,-0.4937208891,1
1975,1025,-1.270223379,-0.3978623748,1
1975,1041,-2.784286261,0.7817093134,1
1975,1057,-3.424081326,2.578199387,1
1975,1073,-3.179100513,2.8096807,1
1975,1089,8.946119308,2.985749245,1
1975,1105,1.381290197,2.985713243,1
1975,1121,0.858546555,2.067684889,1
1975,1137,0.6056277156,-0.516851902,1
1975,1153,0.6999138594,0.2682086229,1
1975,1169,-7.808728218,1.925724506,1
1975,1185,0.8119071722,-0.1725222468,1
1975,1201,0.5905472636,-0.2120386362,1
1975,1217,0.7863827348,-1.345814109,1
1975,1233,8.896697998,2.309561491,1
1975,1249,2.893359661,7.725104332,1
1975,1265,4.372601032,1.783940673,1
1975,1281,3.60378933,-10.59582806,1
1975,1297,-5.661981583,1.792774677,1
1975,1313,7.13260603,-7.019434452,1
1975,1329,6.982717037,-7.255387306,1
1975,1345,-0.00147561729,-2.039041519,1
1975,1361,-0.7919591665,-2.054600239,1
1975,1377,-1.645685554,-1.406961918,1
1975,1393,-2.834918022,-1.138469219,1
1975,1409,-3.217678547,-0.9063587189,1
1975,1425,0.03515541553,-0.8233959675,1
1975,1441,0.2180874348,-0.28958565,1
1975,1457,2.214489937,-0.4113783538,1
1975,1473,1.396337032,0.5811434388,1
1975,1489,-2.606804371,9.738929749,1
1975,1505,-8.185785294,5.762478828,1
1975,1521,4.794529438,8.911786079,1
1975,1537,3.950525761,-6.062581062,1
1975,1553,-0.6516735554,-0.1316486597,1
1975,1569,4.604946613,1.482088208,1
1975,1585,-0.6172770262,2.217223406,1
1975,1601,2.265342474,2.710885525,1
1975,1617,5.916880608,2.01731348,1
1975,1633,1.311981201,2.055135012,1
1975,1649,1.148813725,2.683326006,1
1975,1665,0.510925293,0.6696246862,1
1975,1681,2.176092386,-1.184642315,1
1975,1697,3.933382988,-2.414470196,1
1975,1713,5.112802982,-2.096820831,1
1975,1729,4.666323662,-1.516483307,1
1975,1745,0.4098041058,2.952532768,1
1975,1761,1.574400425,1.319070697,1
1975,1777,1.296833277,-0.6813257933,1
1975,1793,2.206508398,0.05640293658,1
1975,1809,3.036106586,0.2384434342,1
1975,1825,3.449861526,-0.08117435873,1
1975,1841,3.074163914,-0.2886993587,1
1975,1857,4.920809746,-4.261319637,1
1975,1873,5.748539925,4.748586655,1
1975,1889,-2.84670496,7.701197147,1
1975,1905,-5.335562229,-7.435066223,1
1975,1921,-5.38765192,5.934630871,1
1975,1937,1.141756058,-0.1696756184,1
1975,1953,1.219987392,-0.289136529,1
1975,1969,1.37849021,-0.4493957162,1
1975,1985,1.503183961,-1.250463367,1
1975,2001,2.75343895,-3.808005333,1
1975,2017,1.670613885,-0.8145840168,1
1975,2033,0.3446649909,0.08571310341,1
1991,17,10.72460365,1.643297553,1
1991,33,1.558048248,0.9041931629,1
1991,49,8.888045311,4.814453125,1
1991,65,9.594661713,0.5728099346,1
1991,81,5.29099369,-6.148112297,1
1991,97,1.69781661,2.508617878,1
1991,113,2.469056606,2.056307077,1
1991,129,4.421009064,8.734220505,1
1991,145,6.458265305,9.295062065,1
1991,161,3.803794384,10.0960598,1
1991,177,5.445975304,1.212940574,1
1991,193,2.598610878,3.563140154,1
1991,209,3.086265802,2.356800318,1
1991,225,3.811697245,1.898648262,1
1991,241,5.605199814,4.407380581,1
1991,257,4.77655983,2.986967564,1
1991,273,3.017868042,3.01166749,1
1991,289,3.134605408,2.388840675,1
1991,305,3.216092587,2.931326866,1
1991,321,3.48018837,3.122707129,1
1991,337,6.188686848,3.011920929,1
1991,353,4.387509346,1.532033801,1
1991,369,4.375673771,1.477338552,1
1991,385,2.740806103,1.397812605,1
1991,401,1.913068295,-0.5589550138,1
1991,417,2.388129711,-0.293358326,1
1991,433,3.156569958,1.240165234,1
1991,449,2.117641449,-0.4364439249,1
1991,465,1.452155113,1.769980788,1
1991,481,4.04610157,1.953095913,1
1991,497,2.60866189,1.981534243,1
1991,513,2.623296499,2.10576582,1
1991,529,9.464525223,7.845349312,1
1991,545,10.57836819,6.957595825,1
1991,561,4.616168976,2.075754881,1
1991,577,-3.687887192,-2.726515532,1
1991,593,4.506983757,2.154664278,1
1991,609,4.808604717,2.668061256,1
1991,625,5.540610313,3.54986763,1
1991,641,10.62193298,2.449136019,1
1991,657,7.237681389,3.001387596,1
1991,673,-6.220597267,0.1559722424,1
1991,689,-7.336781979,4.527172089,1
1991,705,1.828939915,1.530058146,1
1991,721,0.4477465153,2.090990543,1
1991,737,-0.3764978051,0.5697365999,1
1991,753,-1.273522139,-1.063774705,1
1991,769,-0.1334077716,1.410744071,1
1991,785,0.2618857324,1.20317626,1
1991,801,0.563428998,0.5916397572,1
1991,817,0.1755836904,0.3270114362,1
1991,833,-0.3484125137,0.07410204411,1
1991,849,-2.671010971,2.612370968,1
1991,865,-2.649450302,2.537279129,1
1991,881,-2.010707378,2.431806087,1
1991,897,-1.077575207,0.5119521618,1
1991,913,-1.310841799,9.388061523,1
1991,929,-8.934120178,-4.597919464,1
1991,945,-8.670537949,-2.556455135,1
1991,961,-2.653783321,2.824969769,1
1991,977,-3.070653439,2.857023478,1
1991,993,-3.340101242,2.78111577,1
1991,1009,-2.417473316,1.050631046,1
1991,1025,-1.684683084,0.7027521133,1
1991,1041,-2.379019976,0.8316264153,1
1991,1057,-2.245307922,2.152866364,1
1991,1073,-1.194027424,4.586785316,1
1991,1089,0.06370532513,2.660421133,1
1991,1105,0.097917974,2.463130236,1
1991,1121,-0.3993366957,1.761018157,1
1991,1137,0.3808811903,0.1311187744,1
1991,1153,0.6611944437,0.4386945367,1
1991,1169,1.116797686,0.8836892843,1
1991,1185,1.240260124,0.8103061914,1
1991,1201,1.521071196,-1.042321563,1
1991,1217,2.566772461,-2.021244049,1
1991,1233,-1.400923491,-6.798289776,1
1991,1249,-1.466320515,-9.888710022,1
1991,1265,5.491742134,-8.991658211,1
1991,1281,2.123748779,-0.5149829388,1
1991,1297,7.872015953,0.7313878536,1
1991,1313,-0.07823571563,-5.76523304,1
1991,1329,-0.9736713767,-1.419131279,1
1991,1345,-1.89779377,-1.764887929,1
1991,1361,-1.348678231,-1.509173155,1
1991,1377,-0.65942204,-0.813606739,1
1991,1393,-2.057957411,-0.5560979843,1
1991,1409,3.782011509,6.8677845,1
1991,1425,2.773352623,7.865174294,1
1991,1441,6.664870262,6.236866474,1
1991,1457,2.92711997,0.4008110762,1
1991,1473,2.231083632,0.9218603373,1
1991,1489,-2.002619505,9.755865097,1
1991,1505,2.300539017,9.609823227,1
1991,1521,-4.575692654,-6.464686871,1
1991,1537,4.571335793,-6.416391373,1
1991,1553,-0.6344257593,2.062443733,1
1991,1569,-0.1676067114,1.921216726,1
1991,1585,-0.8751627207,2.77486372,1
1991,1601,1.561061859,3.011645079,1
1991,1617,6.081857681,2.108791113,1
1991,1633,1.769610167,1.110444427,1
1991,1649,-0.245780468,0.4918978214,1
1991,1665,1.951191187,0.2185848355,1
1991,1681,3.72080946,-1.024797559,1
1991,1697,4.637257576,-2.41267252,1
1991,1713,4.821291924,-1.908183336,1
1991,1729,3.967722654,-1.289911985,1
1991,1745,1.943947315,-1.48888278,1
1991,1761,1.610762358,-2.029144764,1
1991,1777,1.159642935,-0.1632223129,1
1991,1793,2.110103369,0.6988651156,1
1991,1809,3.904646397,0.4822146893,1
1991,1825,4.37037611,-0.01539197192,1
1991,1841,3.978324652,-0.5636379719,1
1991,1857,3.207894802,-0.6773166656,1
1991,1873,7.600234509,-6.359302998,1
1991,1889,0.603851378,-0.3038386703,1
1991,1905,9.456085205,-1.034306049,1
1991,1921,0.8238887787,0.2220556438,1
1991,1937,1.645069361,0.6673299074,1
1991,1953,2.459775925,-0.3432330191,1
1991,1969,3.410380363,-0.7590382099,1
1991,1985,3.786867857,-4.733932972,1
1991,2001,1.082754731,-5.647025108,1
1991,2017,0.7042429447,-1.278771162,1
1991,2033,0.6676079035,0.424677521,1
2007,17,-1.318694711,1.008604884,1
2007,33,0.7179369926,-0.3480620384,1
2007,49,0.8685946465,1.357441425,1
2007,65,-0.7798993587,-7.214820862,1
2007,81,-0.2696444988,0.1657508612,1
2007,97,0.607506752,1.989664078,1
2007,113,2.548761368,1.682803869,1
2007,129,-4.456277847,5.856375694,1
2007,145,3.069510937,10.10061455,1
2007,161,3.353127003,9.906769753,1
2007,177,4.813854694,-3.708302498,1
2007,193,2.682120085,2.447943687,1
2007,209,2.996873617,4.352776527,1
2007,225,1.522262335,3.041193962,1
2007,241,2.26352787,1.701977134,1
2007,257,1.523623586,0.2760713696,1
2007,273,1.365110636,0.1388785839,1
2007,289,2.819162369,2.656683922,1
2007,305,3.167287827,3.347871304,1
2007,321,10.58789635,-1.112514496,1
2007,337,4.768412113,5.308130264,1
2007,353,4.581406116,1.435483456,1
2007,369,4.010894775,1.071257949,1
2007,385,5.65299654,1.17430377,1
2007,401,6.672593117,5.920162201,1
2007,417,4.435973167,0.2836055756,1
2007,433,3.177330494,0.5871511698,1
2007,449,1.893213034,0.6840360165,1
2007,465,0.5100553036,1.656298161,1
2007,481,0.07481646538,1.870131612,1
2007,497,1.892012358,2.14319706,1
2007,513,3.219471931,2.69641304,1
2007,529,9.377838135,3.626213551,1
2007,545,7.255571365,4.143299103,1
2007,561,4.383868217,5.159877777,1
2007,577,4.719860077,4.54498291,1
2007,593,3.680982113,3.826547861,1
2007,609,2.649582386,2.55759573,1
2007,625,2.505242109,2.820431948,1
2007,641,2.305018663,2.616378307,1
2007,657,-7.378369331,1.57810998,1
2007,673,-4.845928192,6.491367817,1
2007,689,-7.845666409,0.8307261467,1
2007,705,0.9505482912,1.010123253,1
2007,721,-1.653364182,0.9948968887,1
2007,737,-4.510083199,0.113198638,1
2007,753,-2.836871147,-1.034718275,1
2007,769,-1.761124015,0.4756780267,1
2007,785,-0.5320385695,1.117421746,1
2007,801,-1.150989056,0.7220101953,1
2007,817,-1.950891018,-0.3655085564,1
2007,833,-0.7875878215,0.7791728973,1
2007,849,-3.51507163,3.977507591,1
2007,865,-9.678792953,3.353903055,1
2007,881,-9.921707153,3.361160278,1
2007,897,0.4184530973,1.146642685,1
2007,913,-0.6089355946,0.5720697045,1
2007,929,5.969023705,0.6716465354,1
2007,945,5.257154465,1.490561724,1
2007,961,-1.028946877,10.01982784,1
2007,977,2.054044008,8.198173523,1
2007,993,-3.712893486,2.814394474,1
2007,1009,-3.044446945,2.450954676,1
2007,1025,-2.014704227,2.271844387,1
2007,1041,-0.446883738,1.151161671,1
2007,1057,0.9304169416,-1.104989767,1
2007,1073,0.7697879672,1.214376569,1
2007,1089,-0.2740641832,1.75544858,1
2007,1105,-0.6687799692,8.48384285,1
2007,1121,1.669549704,1.789708018,1
2007,1137,1.115341306,1.078164101,1
2007,1153,1.273468375,1.254204273,1
2007,1169,6.626310825,-3.196674347,1
2007,1185,1.772518396,0.5426991582,1
2007,1201,2.691752434,-0.05596502125,1
2007,1217,4.810641289,6.876051903,1
2007,1233,0.04679656029,-6.880897522,1
2007,1249,0.4658471346,-1.672651649,1
2007,1265,1.923911095,-2.554945469,1
2007,1281,0.1032006145,-2.80954957,1
2007,1297,-7.896945953,-3.657109737,1
2007,1313,-7.17280817,-4.197268009,1
2007,1329,0.2672087252,-1.883898854,1
2007,1345,-1.434938192,-3.058165073,1
2007,1361,-2.576466322,-2.942009926,1
2007,1377,-8.028461456,-0.211645484,1
2007,1393,-5.090243816,6.136873722,1
2007,1409,-0.2234148979,-0.5723102093,1
2007,1425,2.526016235,8.300627708,1
2007,1441,3.90047884,8.572058678,1
2007,1457,1.329323173,0.3312751055,1
2007,1473,1.125230551,0.5523899198,1
2007,1489,0.6957725286,1.548513889,1
2007,1505,0.4420636296,1.960285783,1
2007,1521,1.302074194,1.433962822,1
2007,1537,1.216064572,2.389388323,1
2007,1553,1.187806964,2.982831955,1
2007,1569,0.1778519154,3.045690298,1
2007,1585,-0.5306603909,2.883788824,1
2007,1601,0.2004590631,2.55845499,1
2007,1617,1.528696895,2.014899731,1
2007,1633,-0.1583375931,1.004075766,1
2007,1649,-1.356636524,-1.196035147,1
2007,1665,2.745718956,0.06979173422,1
2007,1681,3.531538486,-1.240317345,1
2007,1697,3.810783863,-3.010561466,1
2007,1713,2.599110126,-1.273890615,1
2007,1729,4.529325962,0.08199584484,1
2007,1745,3.216423512,0.7688444853,1
2007,1761,0.8801065683,-1.88509047,1
2007,1777,0.5423717499,0.9663063288,1
2007,1793,-6.152854919,-1.199736834,1
2007,1809,4.49195385,1.36390996,1
2007,1825,5.389325142,0.8379648924,1
2007,1841,5.1530509,-0.6248173714,1
2007,1857,4.891554832,-0.4350414872,1
2007,1873,2.453608513,-0.7230839729,1
2007,1889,2.338487387,-8.858586311,1
2007,1905,-4.025917053,-6.442977905,1
2007,1921,-1.015213609,8.964574814,1
2007,1937,2.780320406,0.526761353,1
2007,1953,2.811689615,-0.06102970988,1
2007,1969,3.064810276,-0.4925375581,1
2007,1985,2.885329485,-2.132894993,1
2007,2001,-3.413459778,-5.36722374,1
2007,2017,0.8447705507,-0.8349196911,1
2007,2033,2.312399626,0.3851808012,1
2023,17,-1.292744637,-0.8605377674,1
2023,33,-1.85755372,0.5840039253,1
2023,49,2.355149746,2.109560728,1
2023,65,3.072113991,-6.160654545,1
2023,81,2.005412579,-1.895936966,1
2023,97,2.364963055,-1.843063354,1
2023,113,1.179463387,-0.4087882042,1
2023,129,5.597644329,-0.9189101458,1
2023,145,-1.157005548,0.6715279222,1
2023,161,-0.6901960373,1.093136549,1
2023,177,0.6552391052,7.99826622,1
2023,193,-3.112306595,-7.801002979,1
2023,209,5.821876526,3.174758673,1
2023,225,2.083899021,3.934129477,1
2023,241,0.1926698685,0.9828189611,1
2023,257,-0.7150309086,-1.860961556,1
2023,273,1.360705137,-0.3918001652,1
2023,289,2.764640093,2.851404667,1
2023,305,2.827974796,4.852899075,1
2023,321,1.748016,5.06233263,1
2023,337,0.1486232281,3.953600883,1
2023,353,0.6891257763,-0.3558596373,1
2023,369,2.597383022,0.6683790684,1
2023,385,6.760293961,0.9258259535,1
2023,401,7.025949478,1.862570167,1
2023,417,4.530099869,4.500491142,1
2023,433,3.70330286,-0.2742133141,1
2023,449,2.052739382,0.1375880241,1
2023,465,0.2406252623,1.069014072,1
2023,481,0.2728849649,1.859823465,1
2023,497,0.8546266556,2.5020504,1
2023,513,1.30862236,3.778082848,1
2023,529,1.344474912,6.312759876,1
2023,545,1.433687925,10.39089584,1
2023,561,4.297509193,8.116769791,1
2023,577,5.61783123,3.493937016,1
2023,593,4.086262226,2.555847645,1
2023,609,0.4501729012,0.9638162851,1
2023,625,-2.075102329,0.5840172768,1
2023,641,-0.6062076092,0.01080369949,1
2023,657,3.078413963,-0.6584095955,1
2023,673,-3.782521486,1.143038988,1
2023,689,0.2673830986,0.8095891476,1
2023,705,2.192060947,-0.6015715599,1
2023,721,-2.222294569,-0.9293079376,1
2023,737,-5.732153893,-2.043694258,1
2023,753,-9.356628418,6.881632328,1
2023,769,1.731382608,-1.854958296,1
2023,785,3.389592171,-2.647111654,1
2023,801,4.740479946,-4.9710536,1
2023,817,-9.172944069,-1.37473321,1
2023,833,-0.7100299597,2.690489054,1
2023,849,-0.7652667165,2.915220499,1
2023,865,-9.537675858,-0.6714013815,1
2023,881,5.906207085,7.613545418,1
2023,897,2.793633938,9.388129234,1
2023,913,-8.889245987,5.667056084,1
2023,929,-7.468397141,-5.035271168,1
2023,945,-1.811700821,-4.155549049,1
2023,961,-1.326741219,-1.442493916,1
2023,977,-9.730862617,-6.346793175,1
2023,993,-3.82153511,2.657698631,1
2023,1009,-3.006740808,4.012551308,1
2023,1025,-2.265856266,4.375437737,1
2023,1041,0.7688975334,4.935194492,1
2023,1057,3.250090599,1.041111469,1
2023,1073,13.13031101,-6.387179375,1
2023,1089,6.150568962,-1.317483664,1
2023,1105,-0.02568590641,4.338797569,1
2023,1121,0.8375732899,3.027988672,1
2023,1137,2.126231194,3.180105686,1
2023,1153,3.273643255,2.238064528,1
2023,1169,1.695518732,1.504661322,1
2023,1185,1.925845861,0.7731099129,1
2023,1201,4.068775654,-0.5465070009,1
2023,1217,6.769575596,7.203403473,1
2023,1233,9.792985916,4.53547287,1
2023,1249,-2.745521784,-0.5465928316,1
2023,1265,1.945021033,-2.591816425,1
2023,1281,1.721176744,-4.915198326,1
2023,1297,1.438688993,-5.343667507,1
2023,1313,1.911432981,-4.275313854,1
2023,1329,-0.96097368,-3.060246229,1
2023,1345,-1.127418756,-4.098875999,1
2023,1361,0.135679245,-3.044201851,1
2023,1377,1.520570755,1.534537911,1
2023,1393,0.05971670151,7.182546139,1
2023,1409,2.649299622,-1.467477322,1
2023,1425,3.592638969,-8.223310471,1
2023,1441,0.4752552807,2.557057381,1
2023,1457,0.3713407516,1.417510986,1
2023,1473,1.052470922,0.6168915033,1
2023,1489,-0.2545211315,1.913555622,1
2023,1505,-2.676333904,3.940400124,1
2023,1521,-1.388343334,4.370832443,1
2023,1537,-0.9514174461,4.034473896,1
2023,1553,0.3309407234,2.704806328,1
2023,1569,-0.1602859497,4.564464092,1
2023,1585,-3.849122047,2.996802807,1
2023,1601,-2.243177414,1.142124534,1
2023,1617,0.856087923,1.027098536,1
2023,1633,-0.3123393059,-6.52428627,1
2023,1649,13.01081467,-2.249930859,1
2023,1665,5.466273785,3.805297852,1
2023,1681,-5.075029373,4.639473438,1
2023,1697,-0.8570988178,-1.130385995,1
2023,1713,0.5837945938,-0.01553142071,1
2023,1729,5.943422794,1.641164541,1
2023,1745,5.084192753,2.876480579,1
2023,1761,2.804929495,0.9911000729,1
2023,1777,2.86020112,3.227859259,1
2023,1793,-1.157712221,0.6215239763,1
2023,1809,0.9919719696,-7.635597229,1
2023,1825,7.340417385,4.102228165,1
2023,1841,1.455103397,-0.1227449477,1
2023,1857,1.897493362,-0.0335341692,1
2023,1873,13.51594067,2.461984158,1
2023,1889,4.961822987,-7.887261868,1
2023,1905,-1.729714632,-4.25980854,1
2023,1921,-0.9351096153,10.67436409,1
2023,1937,4.184715271,1.807493806,1
2023,1953,2.405833006,0.9813102484,1
2023,1969,1.095429301,1.174923658,1
2023,1985,1.007802963,1.402732849,1
2023,2001,-0.4271650314,1.617559433,1
2023,2017,-1.968612194,0.6471799612,1
2023,2033,13.42905426,-1.489639401,1
