x - _child0,y - _child0,x - _child1,y - _child1,x - _child2,y - _child2,x - _child3,y - _child3,x - _child4,y - _child4,x - _child5,y - _child5,x - _child6,y - _child6,x - _child7,y - _child7,x - _child8,y - _child8,x - _child9,y - _child9,x - _child10,y - _child10,x - _child11,y - _child11,x - _child12,y - _child12,x - _child13,y - _child13,x - _child14,y - _child14,x - _child15,y - _child15,x - _child16,y - _child16,x - _child17,y - _child17
0.0,26.5734,0.0,15.7013,0.0,22.3445,0.0,15.701,0.0,15.0974,0.0,14.4935,0.0,18.1209,0.0,19.9148,0.0,15.7047,0.0,18.0916,0.0,16.9128,0.0,13.289,0.0,16.3088,0.0,13.8927,0.0,13.8927,0.0,13.2886,0.0,13.8927,0.0,25.9459
1.0,25.9694,1.0,15.7013,1.0,22.3445,1.0,15.097,1.0,14.4935,1.0,14.4935,1.0,18.1209,1.0,19.9148,1.0,15.7047,1.0,31.3588,1.0,16.9128,1.0,13.289,1.0,16.9128,1.0,17.5168,1.0,20.537,1.0,12.6846,1.0,13.8927,1.0,25.9459
2.0,26.5734,2.0,15.7013,2.0,22.3445,2.0,15.097,2.0,15.0974,2.0,13.8896,2.0,17.5168,2.0,19.9148,2.0,21.141,2.0,37.9924,2.0,16.9128,2.0,13.289,2.0,16.3088,2.0,23.5571,2.0,22.9531,2.0,13.2886,2.0,14.4967,2.0,25.9459
3.0,26.5734,3.0,15.7013,3.0,22.3445,3.0,14.494,3.0,15.0974,3.0,14.4935,3.0,18.1209,3.0,19.9148,3.0,27.1813,3.0,41.6108,3.0,17.5168,3.0,28.993,3.0,16.3088,3.0,26.5773,3.0,25.3692,3.0,14.4967,3.0,22.9531,3.0,24.1357
4.0,25.9694,4.0,16.3052,4.0,22.3445,4.0,14.494,4.0,14.4935,4.0,14.4935,4.0,21.745,4.0,27.1566,4.0,30.2014,4.0,44.023,4.0,18.1209,4.0,33.826,4.0,24.1611,4.0,28.9934,4.0,27.7853,4.0,21.141,4.0,24.7652,4.0,32.5832
5.0,26.5734,5.0,23.552,5.0,21.7406,5.0,14.494,5.0,15.0974,5.0,16.3052,5.0,30.8055,5.0,37.4157,5.0,32.0135,5.0,45.8321,5.0,27.1813,5.0,36.242,5.0,25.9732,5.0,30.8055,5.0,28.9934,5.0,24.1611,5.0,25.3692,5.0,35.6002
6.0,25.9694,6.0,30.7988,6.0,22.3445,6.0,13.89,6.0,18.7208,6.0,24.7598,6.0,35.6377,6.0,41.0366,6.0,33.8256,6.0,47.6413,6.0,30.8055,6.0,38.658,6.0,27.7853,6.0,32.6175,6.0,30.2014,6.0,25.9732,6.0,26.5773,6.0,36.807
7.0,25.9694,7.0,34.4221,7.0,21.7406,7.0,14.494,7.0,24.7598,7.0,28.3832,7.0,38.6578,7.0,44.054,7.0,36.2417,7.0,48.8474,7.0,33.8256,7.0,40.47,7.0,28.9934,7.0,33.8256,7.0,31.4095,7.0,27.7853,7.0,27.7853,7.0,38.6172
8.0,25.9694,8.0,36.8377,8.0,36.2343,8.0,22.344,8.0,28.9871,8.0,30.7988,8.0,41.0739,8.0,45.8644,8.0,38.0538,8.0,50.0535,8.0,35.0337,8.0,42.282,8.0,30.8055,8.0,35.0337,8.0,32.0135,8.0,28.9934,8.0,27.1813,8.0,39.8239
9.0,34.4246,9.0,38.6494,9.0,43.4812,9.0,33.214,9.0,32.0066,9.0,32.6105,9.0,43.4901,9.0,47.0714,9.0,39.2619,9.0,50.6566,9.0,36.8457,9.0,43.49,9.0,32.0135,9.0,35.6377,9.0,32.6175,9.0,29.5974,9.0,28.9934,9.0,41.0307
10.0,38.6522,10.0,41.065,10.0,48.3124,10.0,38.649,10.0,34.4221,10.0,34.4221,10.0,44.6981,10.0,48.8818,10.0,40.4699,10.0,51.8627,10.0,37.4498,10.0,45.302,10.0,32.6175,10.0,36.8457,10.0,33.2216,10.0,30.8055,10.0,26.5773,10.0,41.6341
11.0,43.4837,11.0,42.2728,11.0,50.1241,11.0,45.292,11.0,36.2338,11.0,36.2338,11.0,46.5102,11.0,51.2957,11.0,41.0739,11.0,52.4657,11.0,38.6578,11.0,46.51,11.0,33.8256,11.0,37.4498,11.0,33.8256,11.0,31.4095,11.0,27.1813,11.0,42.8409
12.0,46.5034,12.0,43.4806,12.0,53.1436,12.0,48.312,12.0,38.0455,12.0,37.4416,12.0,47.7183,12.0,52.5027,12.0,41.0739,12.0,53.6719,12.0,39.8659,12.0,47.718,12.0,33.8256,12.0,38.0538,12.0,34.4296,12.0,32.0135,12.0,30.2014,12.0,44.0477
13.0,49.5231,13.0,44.6884,13.0,55.5593,13.0,51.935,13.0,39.8572,13.0,38.0455,13.0,48.9263,13.0,53.7096,13.0,42.886,13.0,54.2749,13.0,40.4699,13.0,48.322,13.0,35.0337,13.0,39.2619,13.0,35.0337,13.0,33.2216,13.0,28.3893,13.0,44.6511
14.0,51.3349,14.0,45.2923,14.0,57.371,14.0,53.747,14.0,40.4611,14.0,39.2533,14.0,50.7384,14.0,54.9166,14.0,43.4901,14.0,55.481,14.0,41.678,14.0,48.926,14.0,35.6377,14.0,39.8659,14.0,35.6377,14.0,33.8256,14.0,28.9934,14.0,45.8579
15.0,53.1468,15.0,47.104,15.0,58.5788,15.0,54.351,15.0,40.4611,15.0,40.4611,15.0,51.9465,15.0,56.1236,15.0,44.0941,15.0,56.0841,15.0,42.282,15.0,50.134,15.0,36.2417,15.0,40.4699,15.0,35.6377,15.0,34.4296,15.0,28.9934,15.0,46.4613
16.0,54.3546,16.0,48.3118,16.0,60.3905,16.0,55.559,16.0,41.065,16.0,41.6689,16.0,52.5505,16.0,56.727,16.0,44.6981,16.0,56.6871,16.0,42.886,16.0,50.738,16.0,36.8457,16.0,41.0739,16.0,36.2417,16.0,34.4296,16.0,30.2014,16.0,47.6681
17.0,55.5625,17.0,48.9157,17.0,61.5983,17.0,56.766,17.0,41.6689,17.0,42.2728,17.0,53.7585,17.0,56.727,17.0,45.3021,17.0,57.8932,17.0,43.4901,17.0,51.342,17.0,37.4498,17.0,41.678,17.0,36.8457,17.0,35.0337,17.0,30.2014,17.0,48.2715
18.0,56.1665,18.0,50.1235,18.0,62.8061,18.0,57.37,18.0,42.2728,18.0,42.8767,18.0,54.9666,18.0,58.5375,18.0,45.9062,18.0,58.4963,18.0,44.0941,18.0,51.946,18.0,37.4498,18.0,42.282,18.0,36.8457,18.0,35.6377,18.0,30.2014,18.0,49.4782
19.0,57.3743,19.0,50.7274,19.0,64.0139,19.0,57.974,19.0,42.8767,19.0,43.4806,19.0,55.5706,19.0,58.5375,19.0,46.5102,19.0,59.0993,19.0,44.6981,19.0,52.55,19.0,38.0538,19.0,42.886,19.0,37.4498,19.0,36.2417,19.0,31.4095,19.0,50.0816
20.0,57.9783,20.0,51.3313,20.0,64.6178,20.0,59.182,20.0,43.4806,20.0,44.0845,20.0,56.7787,20.0,60.3479,20.0,47.1142,20.0,59.7024,20.0,45.3021,20.0,53.155,20.0,38.6578,20.0,43.4901,20.0,37.4498,20.0,36.8457,20.0,32.0135,20.0,50.685
21.0,58.5822,21.0,52.5391,21.0,100.2482,21.0,59.786,21.0,43.4806,21.0,44.6884,21.0,57.3827,21.0,60.9514,21.0,47.7183,21.0,60.3055,21.0,45.9062,21.0,53.155,21.0,38.6578,21.0,44.0941,21.0,38.0538,21.0,36.8457,21.0,32.0135,21.0,51.2884
22.0,59.1862,22.0,53.143,22.0,66.4295,22.0,60.39,22.0,44.0845,22.0,44.6884,22.0,58.5908,22.0,60.9514,22.0,48.9263,22.0,60.9085,22.0,46.5102,22.0,53.759,22.0,39.2619,22.0,44.0941,22.0,38.0538,22.0,37.4498,22.0,32.0135,22.0,51.8918
23.0,59.7901,23.0,53.7469,23.0,67.6374,23.0,60.39,23.0,44.6884,23.0,45.2923,23.0,59.1948,23.0,62.7618,23.0,49.5303,23.0,61.5116,23.0,47.1142,23.0,53.759,23.0,39.8659,23.0,44.6981,23.0,38.0538,23.0,38.0538,23.0,32.6175,23.0,52.4952
24.0,60.394,24.0,54.3507,24.0,68.2413,24.0,60.994,24.0,44.6884,24.0,45.8962,24.0,59.7988,24.0,63.9688,24.0,49.5303,24.0,62.1146,24.0,47.1142,24.0,53.759,24.0,39.8659,24.0,45.3021,24.0,38.6578,24.0,38.0538,24.0,33.2216,24.0,53.0986
25.0,60.394,25.0,54.9546,25.0,68.8452,25.0,61.598,25.0,45.8962,25.0,46.5001,25.0,60.4029,25.0,63.9688,25.0,50.1344,25.0,62.1146,25.0,47.7183,25.0,54.363,25.0,40.4699,25.0,45.3021,25.0,38.6578,25.0,38.6578,25.0,33.2216,25.0,53.702
26.0,60.998,26.0,54.9546,26.0,69.4491,26.0,61.598,26.0,45.8962,26.0,47.104,26.0,61.0069,26.0,64.5723,26.0,50.7384,26.0,62.7177,26.0,47.7183,26.0,54.967,26.0,40.4699,26.0,45.9062,26.0,39.2619,26.0,38.6578,26.0,33.8256,26.0,53.702
27.0,61.6019,27.0,56.1624,27.0,70.053,27.0,62.201,27.0,45.8962,27.0,47.104,27.0,61.6109,27.0,65.7792,27.0,50.7384,27.0,63.3207,27.0,48.3223,27.0,54.967,27.0,41.0739,27.0,46.5102,27.0,39.2619,27.0,39.2619,27.0,34.4296,27.0,54.3054
28.0,61.6019,28.0,56.1624,28.0,71.8647,28.0,62.201,28.0,46.5001,28.0,47.7079,28.0,62.2149,28.0,65.1757,28.0,51.3424,28.0,63.9238,28.0,48.3223,28.0,54.967,28.0,41.0739,28.0,46.5102,28.0,39.8659,28.0,39.8659,28.0,33.8256,28.0,54.9088
29.0,62.2059,29.0,56.7663,29.0,71.8647,29.0,62.805,29.0,45.8962,29.0,48.3118,29.0,62.819,29.0,65.7792,29.0,51.3424,29.0,64.5268,29.0,48.9263,29.0,55.571,29.0,41.0739,29.0,47.1142,29.0,39.8659,29.0,39.8659,29.0,34.4296,29.0,55.5122
30.0,62.2059,30.0,56.7663,30.0,72.4686,30.0,62.201,30.0,46.5001,30.0,48.3118,30.0,63.423,30.0,66.3827,30.0,51.3424,30.0,64.5268,30.0,48.9263,30.0,55.571,30.0,41.678,30.0,47.7183,30.0,39.8659,30.0,40.4699,30.0,35.0337,30.0,56.1156
31.0,62.8098,31.0,57.3702,31.0,73.0725,31.0,62.805,31.0,47.104,31.0,48.9157,31.0,64.027,31.0,66.3827,31.0,51.3424,31.0,65.1299,31.0,49.5303,31.0,56.175,31.0,41.678,31.0,47.7183,31.0,40.4699,31.0,40.4699,31.0,35.0337,31.0,56.1156
32.0,63.4137,32.0,57.3702,32.0,73.0725,32.0,62.805,32.0,47.104,32.0,48.9157,32.0,64.6311,32.0,66.3827,32.0,51.9465,32.0,65.1299,32.0,48.9263,32.0,56.175,32.0,41.0739,32.0,48.3223,32.0,40.4699,32.0,40.4699,32.0,35.0337,32.0,56.719
33.0,63.4137,33.0,57.9741,33.0,73.6764,33.0,63.409,33.0,47.7079,33.0,49.5196,33.0,64.6311,33.0,67.5897,33.0,52.5505,33.0,65.7329,33.0,50.1344,33.0,56.175,33.0,42.282,33.0,48.3223,33.0,40.4699,33.0,41.0739,33.0,35.6377,33.0,56.719
34.0,63.4137,34.0,57.9741,34.0,74.2803,34.0,63.409,34.0,48.3118,34.0,50.1235,34.0,65.2351,34.0,68.1931,34.0,52.5505,34.0,66.336,34.0,49.5303,34.0,56.175,34.0,42.282,34.0,48.3223,34.0,40.4699,34.0,41.0739,34.0,35.6377,34.0,57.3224
35.0,64.0177,35.0,58.578,35.0,74.2803,35.0,63.409,35.0,48.3118,35.0,49.5196,35.0,65.8391,35.0,67.5897,35.0,53.1545,35.0,66.336,35.0,50.7384,35.0,56.779,35.0,42.282,35.0,48.9263,35.0,40.4699,35.0,41.678,35.0,35.6377,35.0,57.9257
36.0,64.0177,36.0,58.578,36.0,74.8842,36.0,64.013,36.0,48.3118,36.0,50.1235,36.0,65.8391,36.0,68.7966,36.0,53.1545,36.0,66.9391,36.0,50.1344,36.0,57.383,36.0,42.886,36.0,49.5303,36.0,41.0739,36.0,41.678,36.0,35.6377,36.0,57.9257
37.0,64.6216,37.0,58.578,37.0,75.4881,37.0,64.013,37.0,48.3118,37.0,50.7274,37.0,66.4431,37.0,69.4001,37.0,53.7585,37.0,66.9391,37.0,50.7384,37.0,57.383,37.0,42.886,37.0,49.5303,37.0,41.0739,37.0,41.678,37.0,36.2417,37.0,58.5291
38.0,64.6216,38.0,59.7858,38.0,76.092,38.0,64.013,38.0,48.3118,38.0,50.7274,38.0,67.0472,38.0,69.4001,38.0,53.7585,38.0,67.5421,38.0,50.7384,38.0,57.383,38.0,42.886,38.0,50.1344,38.0,41.0739,38.0,42.282,38.0,36.8457,38.0,58.5291
39.0,64.6216,39.0,60.3897,39.0,76.6959,39.0,64.617,39.0,48.9157,39.0,50.7274,39.0,67.0472,39.0,70.0036,39.0,53.7585,39.0,68.1452,39.0,50.7384,39.0,57.383,39.0,43.4901,39.0,50.1344,39.0,41.678,39.0,42.282,39.0,36.2417,39.0,59.1325
40.0,65.2256,40.0,59.7858,40.0,76.6959,40.0,65.221,40.0,48.9157,40.0,51.3313,40.0,67.6512,40.0,70.0036,40.0,54.3626,40.0,68.1452,40.0,51.3424,40.0,57.987,40.0,43.4901,40.0,50.7384,40.0,41.678,40.0,42.282,40.0,37.4498,40.0,59.1325
41.0,65.2256,41.0,60.3897,41.0,77.2998,41.0,65.221,41.0,49.5196,41.0,51.3313,41.0,68.2552,41.0,70.6071,41.0,54.3626,41.0,68.1452,41.0,51.3424,41.0,57.987,41.0,44.0941,41.0,50.7384,41.0,41.678,41.0,42.886,41.0,37.4498,41.0,59.7359
42.0,65.2256,42.0,60.9936,42.0,77.9037,42.0,65.221,42.0,49.5196,42.0,51.9352,42.0,68.8593,42.0,70.0036,42.0,54.9666,42.0,68.7482,42.0,51.3424,42.0,58.591,42.0,44.0941,42.0,51.3424,42.0,41.678,42.0,42.886,42.0,37.4498,42.0,60.3393
43.0,65.8295,43.0,60.9936,43.0,77.9037,43.0,65.221,43.0,49.5196,43.0,51.9352,43.0,68.8593,43.0,70.6071,43.0,55.5706,43.0,69.3513,43.0,51.9465,43.0,58.591,43.0,44.0941,43.0,51.3424,43.0,42.282,43.0,42.886,43.0,38.0538,43.0,60.3393
44.0,65.8295,44.0,61.5975,44.0,78.5076,44.0,65.825,44.0,49.5196,44.0,52.5391,44.0,69.4633,44.0,71.2105,44.0,55.5706,44.0,69.3513,44.0,52.5505,44.0,58.591,44.0,44.6981,44.0,51.9465,44.0,42.282,44.0,43.4901,44.0,38.0538,44.0,60.9427
45.0,65.8295,45.0,62.2014,45.0,79.1115,45.0,66.429,45.0,49.5196,45.0,52.5391,45.0,69.4633,45.0,71.814,45.0,56.1747,45.0,69.9543,45.0,51.9465,45.0,59.195,45.0,44.6981,45.0,52.5505,45.0,42.282,45.0,43.4901,45.0,38.0538,45.0,60.9427
46.0,66.4334,46.0,62.2014,46.0,79.1115,46.0,66.429,46.0,50.1235,46.0,52.5391,46.0,70.0673,46.0,71.814,46.0,56.1747,46.0,69.9543,46.0,52.5505,46.0,59.195,46.0,44.0941,46.0,52.5505,46.0,42.886,46.0,44.0941,46.0,38.6578,46.0,61.5461
47.0,66.4334,47.0,62.8053,47.0,79.7155,47.0,66.429,47.0,50.7274,47.0,53.143,47.0,70.6713,47.0,72.4175,47.0,56.7787,47.0,69.9543,47.0,53.1545,47.0,59.195,47.0,45.3021,47.0,53.1545,47.0,42.886,47.0,44.0941,47.0,38.0538,47.0,61.5461
48.0,67.0374,48.0,62.8053,48.0,79.7155,48.0,67.033,48.0,50.7274,48.0,53.143,48.0,70.6713,48.0,71.814,48.0,56.7787,48.0,70.5574,48.0,53.1545,48.0,59.799,48.0,45.3021,48.0,53.1545,48.0,42.886,48.0,44.0941,48.0,39.2619,48.0,61.5461
49.0,67.0374,49.0,63.4092,49.0,80.3194,49.0,67.636,49.0,50.7274,49.0,53.143,49.0,71.2754,49.0,73.021,49.0,57.3827,49.0,70.5574,49.0,53.1545,49.0,59.799,49.0,45.9062,49.0,53.7585,49.0,42.886,49.0,44.6981,49.0,39.2619,49.0,62.1495
50.0,67.6413,50.0,64.0131,50.0,80.3194,50.0,67.033,50.0,51.3313,50.0,53.7469,50.0,71.2754,50.0,72.4175,50.0,57.9867,50.0,70.5574,50.0,53.7585,50.0,60.403,50.0,45.9062,50.0,53.7585,50.0,42.886,50.0,44.6981,50.0,39.2619,50.0,62.1495
51.0,67.6413,51.0,64.0131,51.0,80.9233,51.0,67.636,51.0,50.7274,51.0,53.7469,51.0,71.8794,51.0,73.021,51.0,57.9867,51.0,70.5574,51.0,54.3626,51.0,60.403,51.0,45.9062,51.0,54.3626,51.0,43.4901,51.0,44.6981,51.0,39.8659,51.0,62.7529
52.0,67.6413,52.0,64.617,52.0,80.9233,52.0,68.24,52.0,51.3313,52.0,54.3507,52.0,71.8794,52.0,73.6245,52.0,57.9867,52.0,71.1604,52.0,54.3626,52.0,60.403,52.0,46.5102,52.0,54.3626,52.0,43.4901,52.0,45.3021,52.0,39.8659,52.0,62.7529
53.0,68.2453,53.0,64.617,53.0,81.5272,53.0,68.24,53.0,51.3313,53.0,54.3507,53.0,72.4834,53.0,73.6245,53.0,58.5908,53.0,71.1604,53.0,54.3626,53.0,61.007,53.0,46.5102,53.0,54.9666,53.0,43.4901,53.0,45.3021,53.0,39.8659,53.0,63.3563
54.0,68.2453,54.0,64.617,54.0,81.5272,54.0,68.24,54.0,51.3313,54.0,54.9546,54.0,73.0875,54.0,73.6245,54.0,58.5908,54.0,71.1604,54.0,54.3626,54.0,61.007,54.0,47.1142,54.0,54.9666,54.0,44.0941,54.0,45.9062,54.0,40.4699,54.0,63.3563
55.0,68.8492,55.0,65.2209,55.0,82.1311,55.0,68.844,55.0,51.9352,55.0,54.9546,55.0,73.0875,55.0,74.2279,55.0,59.1948,55.0,71.7635,55.0,54.9666,55.0,61.611,55.0,47.1142,55.0,55.5706,55.0,44.0941,55.0,45.9062,55.0,39.8659,55.0,63.9597
56.0,68.8492,56.0,65.8248,56.0,82.735,56.0,68.844,56.0,51.9352,56.0,54.9546,56.0,73.6915,56.0,74.8314,56.0,59.1948,56.0,71.7635,56.0,54.9666,56.0,62.215,56.0,47.1142,56.0,56.1747,56.0,44.0941,56.0,45.9062,56.0,40.4699,56.0,63.9597
57.0,69.4532,57.0,65.8248,57.0,82.735,57.0,69.448,57.0,51.9352,57.0,55.5585,57.0,74.2955,57.0,74.8314,57.0,59.1948,57.0,71.7635,57.0,54.9666,57.0,62.215,57.0,47.7183,57.0,56.1747,57.0,44.0941,57.0,46.5102,57.0,41.0739,57.0,64.5631
58.0,69.4532,58.0,66.4287,58.0,82.735,58.0,69.448,58.0,52.5391,58.0,55.5585,58.0,74.2955,58.0,75.4349,58.0,59.7988,58.0,71.7635,58.0,55.5706,58.0,62.215,58.0,47.7183,58.0,56.1747,58.0,44.6981,58.0,46.5102,58.0,41.0739,58.0,64.5631
59.0,69.4532,59.0,67.0326,59.0,83.3389,59.0,70.052,59.0,53.143,59.0,56.1624,59.0,74.8995,59.0,75.4349,59.0,60.4029,59.0,72.3665,59.0,56.1747,59.0,63.423,59.0,47.7183,59.0,56.7787,59.0,44.6981,59.0,46.5102,59.0,41.0739,59.0,65.1665
60.0,70.0571,60.0,67.0326,60.0,83.3389,60.0,70.052,60.0,52.5391,60.0,56.7663,60.0,74.8995,60.0,76.0384,60.0,61.0069,60.0,72.3665,60.0,56.1747,60.0,64.027,60.0,48.3223,60.0,57.3827,60.0,44.6981,60.0,47.1142,60.0,41.678,60.0,65.1665
61.0,70.0571,61.0,67.6365,61.0,83.9428,61.0,70.656,61.0,53.143,61.0,56.1624,61.0,75.5036,61.0,76.0384,61.0,61.0069,61.0,72.3665,61.0,56.1747,61.0,63.423,61.0,48.3223,61.0,57.3827,61.0,45.3021,61.0,47.1142,61.0,41.678,61.0,65.7699
62.0,70.661,62.0,68.2404,62.0,84.5467,62.0,71.26,62.0,53.143,62.0,56.1624,62.0,76.1076,62.0,76.6418,62.0,61.6109,62.0,72.9696,62.0,56.7787,62.0,64.027,62.0,48.3223,62.0,57.3827,62.0,45.3021,62.0,47.7183,62.0,41.678,62.0,65.7699
63.0,70.661,63.0,68.2404,63.0,84.5467,63.0,71.26,63.0,53.7469,63.0,56.7663,63.0,76.7116,63.0,76.6418,63.0,61.6109,63.0,72.9696,63.0,56.7787,63.0,64.027,63.0,48.9263,63.0,57.9867,63.0,45.3021,63.0,47.7183,63.0,42.282,63.0,65.7699
64.0,70.661,64.0,68.8443,64.0,85.1506,64.0,71.864,64.0,53.7469,64.0,56.7663,64.0,76.7116,64.0,76.6418,64.0,61.6109,64.0,72.9696,64.0,56.7787,64.0,64.631,64.0,48.9263,64.0,57.9867,64.0,45.9062,64.0,47.7183,64.0,42.282,64.0,66.3733
65.0,71.265,65.0,69.4482,65.0,85.7545,65.0,71.864,65.0,53.7469,65.0,56.7663,65.0,77.3157,65.0,77.2453,65.0,62.2149,65.0,72.9696,65.0,56.7787,65.0,64.631,65.0,49.5303,65.0,58.5908,65.0,45.9062,65.0,48.3223,65.0,42.886,65.0,66.3733
66.0,71.265,66.0,69.4482,66.0,85.7545,66.0,72.468,66.0,53.7469,66.0,57.3702,66.0,77.3157,66.0,77.2453,66.0,62.2149,66.0,73.5727,66.0,57.3827,66.0,64.631,66.0,49.5303,66.0,58.5908,66.0,45.9062,66.0,48.3223,66.0,42.886,66.0,66.9766
67.0,71.8689,67.0,70.0521,67.0,86.3584,67.0,73.072,67.0,54.3507,67.0,57.3702,67.0,77.9197,67.0,77.8488,67.0,62.819,67.0,73.5727,67.0,57.9867,67.0,65.235,67.0,49.5303,67.0,59.1948,67.0,45.9062,67.0,48.9263,67.0,42.886,67.0,66.9766
68.0,71.8689,68.0,70.656,68.0,86.9623,68.0,73.072,68.0,54.9546,68.0,57.9741,68.0,77.9197,68.0,77.8488,68.0,62.819,68.0,73.5727,68.0,57.9867,68.0,65.235,68.0,50.1344,68.0,59.7988,68.0,46.5102,68.0,48.9263,68.0,42.886,68.0,67.58
69.0,72.4729,69.0,71.2599,69.0,86.9623,69.0,73.072,69.0,54.9546,69.0,57.9741,69.0,78.5237,69.0,78.4523,69.0,62.819,69.0,74.1757,69.0,57.9867,69.0,65.235,69.0,50.1344,69.0,59.7988,69.0,46.5102,69.0,48.9263,69.0,43.4901,69.0,67.58
70.0,72.4729,70.0,71.2599,70.0,87.5662,70.0,73.675,70.0,55.5585,70.0,58.578,70.0,79.1277,70.0,78.4523,70.0,63.423,70.0,74.1757,70.0,59.1948,70.0,65.839,70.0,50.7384,70.0,59.7988,70.0,46.5102,70.0,49.5303,70.0,43.4901,70.0,68.1834
71.0,73.0768,71.0,71.8638,71.0,87.5662,71.0,74.279,71.0,55.5585,71.0,58.578,71.0,79.1277,71.0,79.0558,71.0,63.423,71.0,74.1757,71.0,58.5908,71.0,66.443,71.0,50.7384,71.0,60.4029,71.0,47.1142,71.0,49.5303,71.0,43.4901,71.0,68.7868
72.0,73.0768,72.0,72.4677,72.0,88.1701,72.0,74.279,72.0,55.5585,72.0,58.578,72.0,79.7318,72.0,79.0558,72.0,64.027,72.0,74.1757,72.0,58.5908,72.0,66.443,72.0,51.3424,72.0,60.4029,72.0,47.1142,72.0,50.1344,72.0,44.0941,72.0,68.7868
73.0,73.0768,73.0,73.0716,73.0,88.774,73.0,74.883,73.0,55.5585,73.0,58.578,73.0,80.3358,73.0,79.6592,73.0,64.027,73.0,74.7788,73.0,59.1948,73.0,67.651,73.0,51.3424,73.0,61.0069,73.0,47.1142,73.0,50.1344,73.0,44.0941,73.0,69.3902
74.0,73.6807,74.0,73.0716,74.0,88.774,74.0,74.883,74.0,55.5585,74.0,58.578,74.0,80.3358,74.0,79.6592,74.0,64.6311,74.0,75.3818,74.0,59.1948,74.0,68.255,74.0,51.3424,74.0,61.0069,74.0,47.1142,74.0,50.1344,74.0,44.0941,74.0,69.3902
75.0,73.6807,75.0,73.6755,75.0,89.3779,75.0,75.487,75.0,56.1624,75.0,59.1819,75.0,80.9398,75.0,80.2627,75.0,64.6311,75.0,75.3818,75.0,59.1948,75.0,68.255,75.0,51.9465,75.0,61.0069,75.0,47.7183,75.0,50.7384,75.0,44.6981,75.0,69.9936
76.0,74.2847,76.0,74.2794,76.0,89.3779,76.0,75.487,76.0,56.7663,76.0,59.1819,76.0,80.9398,76.0,80.2627,76.0,64.6311,76.0,75.3818,76.0,60.4029,76.0,68.859,76.0,51.9465,76.0,61.6109,76.0,47.7183,76.0,50.7384,76.0,44.6981,76.0,69.9936
77.0,74.2847,77.0,74.2794,77.0,89.9818,77.0,76.091,77.0,56.7663,77.0,60.3897,77.0,81.5439,77.0,80.2627,77.0,65.2351,77.0,75.9849,77.0,59.7988,77.0,68.859,77.0,51.9465,77.0,61.6109,77.0,47.7183,77.0,50.7384,77.0,45.3021,77.0,70.597
78.0,74.2847,78.0,74.8833,78.0,89.9818,78.0,76.695,78.0,56.7663,78.0,59.7858,78.0,82.1479,78.0,80.8662,78.0,65.2351,78.0,75.3818,78.0,60.4029,78.0,68.859,78.0,52.5505,78.0,61.6109,78.0,47.7183,78.0,51.3424,78.0,45.3021,78.0,70.597
79.0,74.8886,79.0,74.8833,79.0,90.5857,79.0,77.299,79.0,57.3702,79.0,60.3897,79.0,82.1479,79.0,80.8662,79.0,65.8391,79.0,75.9849,79.0,60.4029,79.0,68.859,79.0,52.5505,79.0,62.2149,79.0,48.3223,79.0,51.3424,79.0,45.3021,79.0,70.597
80.0,74.8886,80.0,75.4872,80.0,91.1897,80.0,77.299,80.0,57.9741,80.0,60.3897,80.0,82.7519,80.0,81.4697,80.0,65.8391,80.0,75.9849,80.0,60.4029,80.0,69.463,80.0,52.5505,80.0,62.2149,80.0,48.3223,80.0,51.9465,80.0,45.3021,80.0,71.2004
81.0,75.4926,81.0,76.091,81.0,91.1897,81.0,77.299,81.0,57.9741,81.0,60.9936,81.0,83.3559,81.0,81.4697,81.0,66.4431,81.0,76.5879,81.0,61.0069,81.0,69.463,81.0,53.1545,81.0,62.2149,81.0,48.3223,81.0,51.9465,81.0,45.3021,81.0,71.2004
82.0,75.4926,82.0,76.091,82.0,91.7936,82.0,77.903,82.0,58.578,82.0,60.9936,82.0,83.3559,82.0,82.0732,82.0,66.4431,82.0,76.5879,82.0,61.0069,82.0,69.463,82.0,53.1545,82.0,62.819,82.0,48.9263,82.0,51.9465,82.0,45.9062,82.0,71.8038
83.0,76.0965,83.0,76.6949,83.0,92.3975,83.0,78.507,83.0,58.578,83.0,60.9936,83.0,83.96,83.0,82.0732,83.0,67.0472,83.0,76.5879,83.0,61.0069,83.0,70.067,83.0,53.1545,83.0,62.819,83.0,48.9263,83.0,52.5505,83.0,45.9062,83.0,71.8038
84.0,76.7004,84.0,76.6949,84.0,92.3975,84.0,78.507,84.0,59.1819,84.0,61.5975,84.0,83.96,84.0,82.6766,84.0,67.0472,84.0,77.191,84.0,61.0069,84.0,70.067,84.0,53.7585,84.0,63.423,84.0,48.9263,84.0,52.5505,84.0,46.5102,84.0,72.4072
85.0,76.7004,85.0,77.9027,85.0,93.0014,85.0,79.111,85.0,59.1819,85.0,61.5975,85.0,84.564,85.0,82.6766,85.0,67.0472,85.0,77.794,85.0,61.6109,85.0,70.671,85.0,53.7585,85.0,63.423,85.0,48.9263,85.0,52.5505,85.0,46.5102,85.0,72.4072
86.0,76.7004,86.0,77.9027,86.0,93.0014,86.0,79.111,86.0,59.1819,86.0,62.2014,86.0,85.168,86.0,83.2801,86.0,67.6512,86.0,78.3971,86.0,62.2149,86.0,70.671,86.0,53.7585,86.0,63.423,86.0,49.5303,86.0,53.1545,86.0,47.1142,86.0,73.0106
87.0,77.3044,87.0,77.9027,87.0,93.6053,87.0,79.714,87.0,59.7858,87.0,62.2014,87.0,85.168,87.0,83.2801,87.0,67.6512,87.0,77.794,87.0,62.2149,87.0,71.275,87.0,54.3626,87.0,64.027,87.0,49.5303,87.0,53.1545,87.0,47.1142,87.0,73.614
88.0,77.3044,88.0,78.5066,88.0,93.6053,88.0,79.714,88.0,60.3897,88.0,62.2014,88.0,85.7721,88.0,83.2801,88.0,67.6512,88.0,77.794,88.0,62.2149,88.0,71.879,88.0,54.3626,88.0,64.027,88.0,49.5303,88.0,53.1545,88.0,47.7183,88.0,73.614
89.0,77.9083,89.0,79.1105,89.0,94.2092,89.0,80.318,89.0,60.3897,89.0,62.8053,89.0,86.3761,89.0,83.8836,89.0,68.2552,89.0,78.3971,89.0,62.2149,89.0,71.879,89.0,54.3626,89.0,64.6311,89.0,50.1344,89.0,53.7585,89.0,47.7183,89.0,74.2174
90.0,77.9083,90.0,79.1105,90.0,94.8131,90.0,80.318,90.0,60.3897,90.0,62.8053,90.0,86.3761,90.0,83.8836,90.0,68.2552,90.0,79.0001,90.0,63.423,90.0,71.879,90.0,54.9666,90.0,64.6311,90.0,50.1344,90.0,53.7585,90.0,47.7183,90.0,74.2174
91.0,78.5123,91.0,79.7144,91.0,94.8131,91.0,80.922,91.0,60.3897,91.0,63.4092,91.0,86.9801,91.0,84.4871,91.0,68.8593,91.0,79.0001,91.0,62.819,91.0,71.879,91.0,54.9666,91.0,64.6311,91.0,50.1344,91.0,53.7585,91.0,48.3223,91.0,74.8208
92.0,78.5123,92.0,79.7144,92.0,94.8131,92.0,80.922,92.0,60.9936,92.0,63.4092,92.0,87.5841,92.0,84.4871,92.0,68.8593,92.0,79.0001,92.0,62.819,92.0,72.483,92.0,54.9666,92.0,64.6311,92.0,50.7384,92.0,54.3626,92.0,48.3223,92.0,75.4241
93.0,78.5123,93.0,80.3183,93.0,96.0209,93.0,82.13,93.0,61.5975,93.0,63.4092,93.0,87.5841,93.0,85.0906,93.0,69.4633,93.0,79.6032,93.0,62.819,93.0,72.483,93.0,55.5706,93.0,64.6311,93.0,50.7384,93.0,54.3626,93.0,48.9263,93.0,75.4241
94.0,79.1162,94.0,80.9222,94.0,96.0209,94.0,82.13,94.0,61.5975,94.0,64.0131,94.0,88.1882,94.0,85.0906,94.0,69.4633,94.0,79.6032,94.0,63.423,94.0,73.087,94.0,55.5706,94.0,64.6311,94.0,50.7384,94.0,54.9666,94.0,48.9263,94.0,76.0275
95.0,79.1162,95.0,80.9222,95.0,96.0209,95.0,81.526,95.0,61.5975,95.0,64.0131,95.0,88.1882,95.0,85.0906,95.0,69.4633,95.0,80.2063,95.0,63.423,95.0,73.087,95.0,55.5706,95.0,65.2351,95.0,50.7384,95.0,54.9666,95.0,48.9263,95.0,76.0275
96.0,79.7201,96.0,81.5261,96.0,96.6248,96.0,82.13,96.0,62.2014,96.0,65.2209,96.0,88.7922,96.0,85.694,96.0,70.0673,96.0,80.2063,96.0,63.423,96.0,73.087,96.0,56.1747,96.0,65.2351,96.0,50.7384,96.0,54.9666,96.0,49.5303,96.0,76.6309
97.0,79.7201,97.0,81.5261,97.0,97.2287,97.0,82.13,97.0,62.2014,97.0,64.617,97.0,88.7922,97.0,85.694,97.0,70.0673,97.0,80.2063,97.0,63.423,97.0,73.691,97.0,56.1747,97.0,65.8391,97.0,51.3424,97.0,54.9666,97.0,49.5303,97.0,76.6309
98.0,79.7201,98.0,82.13,98.0,97.2287,98.0,82.734,98.0,62.8053,98.0,64.617,98.0,89.3962,98.0,86.2975,98.0,70.6713,98.0,80.8093,98.0,64.027,98.0,73.691,98.0,56.1747,98.0,65.8391,98.0,51.3424,98.0,55.5706,98.0,49.5303,98.0,77.2343
99.0,80.3241,99.0,82.7339,99.0,97.8326,99.0,83.338,99.0,62.8053,99.0,65.2209,99.0,90.0003,99.0,86.2975,99.0,70.6713,99.0,80.8093,99.0,64.027,99.0,74.296,99.0,56.7787,99.0,65.8391,99.0,51.3424,99.0,55.5706,99.0,50.1344,99.0,77.2343
100.0,80.3241,100.0,82.7339,100.0,97.8326,100.0,83.338,100.0,62.8053,100.0,65.2209,100.0,90.0003,100.0,86.901,100.0,70.6713,100.0,80.8093,100.0,64.027,100.0,74.296,100.0,56.7787,100.0,65.8391,100.0,51.9465,100.0,56.1747,100.0,50.1344,100.0,77.8377
101.0,80.928,101.0,83.3378,101.0,98.4365,101.0,83.942,101.0,63.4092,101.0,65.8248,101.0,90.6043,101.0,86.901,101.0,70.6713,101.0,80.8093,101.0,64.6311,101.0,74.296,101.0,56.7787,101.0,65.8391,101.0,51.9465,101.0,56.1747,101.0,50.1344,101.0,77.8377
102.0,80.928,102.0,83.3378,102.0,98.4365,102.0,83.942,102.0,63.4092,102.0,65.8248,102.0,90.6043,102.0,86.901,102.0,71.2754,102.0,81.4124,102.0,64.6311,102.0,74.296,102.0,56.7787,102.0,66.4431,102.0,51.9465,102.0,56.1747,102.0,50.7384,102.0,78.4411
103.0,81.532,103.0,83.9417,103.0,99.0404,103.0,84.546,103.0,64.0131,103.0,66.4287,103.0,91.2083,103.0,87.5045,103.0,71.2754,103.0,81.4124,103.0,64.6311,103.0,74.296,103.0,57.3827,103.0,66.4431,103.0,51.9465,103.0,56.7787,103.0,50.7384,103.0,78.4411
104.0,81.532,104.0,83.9417,104.0,99.0404,104.0,84.546,104.0,64.0131,104.0,66.4287,104.0,91.2083,104.0,87.5045,104.0,71.8794,104.0,81.4124,104.0,64.6311,104.0,74.296,104.0,57.3827,104.0,67.0472,104.0,52.5505,104.0,56.7787,104.0,50.7384,104.0,79.0445
105.0,81.532,105.0,84.5456,105.0,99.6443,105.0,85.15,105.0,64.0131,105.0,66.4287,105.0,91.8123,105.0,88.1079,105.0,71.8794,105.0,82.0154,105.0,64.6311,105.0,74.9,105.0,57.3827,105.0,67.0472,105.0,52.5505,105.0,56.7787,105.0,51.3424,105.0,79.0445
106.0,82.1359,106.0,85.1495,106.0,100.2482,106.0,85.15,106.0,64.617,106.0,66.4287,106.0,92.4164,106.0,88.1079,106.0,72.4834,106.0,82.0154,106.0,65.2351,106.0,74.9,106.0,57.9867,106.0,67.0472,106.0,52.5505,106.0,57.3827,106.0,51.3424,106.0,79.6479
107.0,82.1359,107.0,85.1495,107.0,100.2482,107.0,85.753,107.0,64.617,107.0,67.0326,107.0,92.4164,107.0,88.7114,107.0,71.8794,107.0,82.0154,107.0,65.2351,107.0,75.504,107.0,57.9867,107.0,67.0472,107.0,52.5505,107.0,57.3827,107.0,51.3424,107.0,79.6479
108.0,83.3438,108.0,85.1495,108.0,100.2482,108.0,85.753,108.0,65.2209,108.0,67.0326,108.0,92.4164,108.0,88.7114,108.0,72.4834,108.0,82.6185,108.0,65.2351,108.0,75.504,108.0,57.9867,108.0,67.0472,108.0,52.5505,108.0,57.3827,108.0,51.9465,108.0,80.2513
109.0,82.7398,109.0,85.7534,109.0,100.8521,109.0,86.357,109.0,65.8248,109.0,67.0326,109.0,93.0204,109.0,89.3149,109.0,72.4834,109.0,82.6185,109.0,65.8391,109.0,76.108,109.0,58.5908,109.0,67.6512,109.0,53.1545,109.0,57.9867,109.0,51.9465,109.0,80.2513
110.0,82.7398,110.0,85.7534,110.0,101.456,110.0,86.357,110.0,65.2209,110.0,67.6365,110.0,93.0204,110.0,89.3149,110.0,73.0875,110.0,82.6185,110.0,65.8391,110.0,76.108,110.0,58.5908,110.0,67.6512,110.0,53.1545,110.0,57.9867,110.0,51.9465,110.0,80.8547
111.0,83.9477,111.0,86.3573,111.0,102.0599,111.0,86.357,111.0,65.8248,111.0,67.6365,111.0,93.6244,111.0,89.3149,111.0,73.0875,111.0,83.2215,111.0,65.8391,111.0,76.108,111.0,58.5908,111.0,67.6512,111.0,53.1545,111.0,57.9867,111.0,52.5505,111.0,81.4581
112.0,83.3438,112.0,86.9612,112.0,101.456,112.0,86.961,112.0,65.8248,112.0,68.2404,112.0,93.6244,112.0,89.9184,112.0,73.0875,112.0,83.2215,112.0,65.8391,112.0,76.712,112.0,59.1948,112.0,67.6512,112.0,53.1545,112.0,58.5908,112.0,52.5505,112.0,81.4581
113.0,84.5517,113.0,86.9612,113.0,102.0599,113.0,87.565,113.0,66.4287,113.0,68.2404,113.0,94.2285,113.0,89.9184,113.0,73.6915,113.0,83.2215,113.0,66.4431,113.0,77.316,113.0,59.1948,113.0,68.2552,113.0,53.7585,113.0,58.5908,113.0,52.5505,113.0,82.0615
114.0,84.5517,114.0,87.5651,114.0,102.0599,114.0,87.565,114.0,66.4287,114.0,68.8443,114.0,94.2285,114.0,90.5219,114.0,73.6915,114.0,83.8246,114.0,66.4431,114.0,77.316,114.0,59.1948,114.0,68.2552,114.0,53.7585,114.0,58.5908,114.0,52.5505,114.0,82.0615
115.0,83.9477,115.0,86.9612,115.0,102.6638,115.0,88.169,115.0,67.0326,115.0,68.8443,115.0,94.8325,115.0,90.5219,115.0,73.6915,115.0,83.8246,115.0,66.4431,115.0,77.316,115.0,59.1948,115.0,68.2552,115.0,53.7585,115.0,58.5908,115.0,53.1545,115.0,82.6649
116.0,85.1556,116.0,86.9612,116.0,102.6638,116.0,88.169,116.0,67.0326,116.0,68.8443,116.0,94.8325,116.0,91.1253,116.0,74.2955,116.0,83.8246,116.0,66.4431,116.0,77.316,116.0,59.1948,116.0,68.2552,116.0,53.7585,116.0,58.5908,116.0,53.1545,116.0,82.6649
117.0,84.5517,117.0,88.169,117.0,103.2677,117.0,88.169,117.0,67.6365,117.0,69.4482,117.0,94.8325,117.0,91.1253,117.0,74.2955,117.0,84.4276,117.0,66.4431,117.0,77.92,117.0,59.7988,117.0,68.2552,117.0,53.7585,117.0,59.1948,117.0,53.7585,117.0,83.2683
118.0,85.7595,118.0,88.169,118.0,103.8717,118.0,88.169,118.0,68.2404,118.0,69.4482,118.0,95.4365,118.0,91.1253,118.0,74.2955,118.0,84.4276,118.0,67.0472,118.0,77.92,118.0,59.7988,118.0,68.8593,118.0,54.3626,118.0,59.1948,118.0,53.7585,118.0,83.2683
119.0,85.7595,119.0,88.7729,119.0,103.8717,119.0,88.773,119.0,67.6365,119.0,70.0521,119.0,95.4365,119.0,91.7288,119.0,74.8995,119.0,84.4276,119.0,66.4431,119.0,77.92,119.0,59.7988,119.0,68.8593,119.0,54.3626,119.0,60.4029,119.0,53.7585,119.0,83.8717
120.0,85.7595,120.0,88.7729,120.0,103.8717,120.0,89.377,120.0,68.2404,120.0,70.0521,120.0,96.0405,120.0,91.7288,120.0,74.8995,120.0,85.0307,120.0,67.0472,120.0,78.524,120.0,59.7988,120.0,68.8593,120.0,54.3626,120.0,59.7988,120.0,54.3626,120.0,83.8717
121.0,86.3635,121.0,88.7729,121.0,104.4756,121.0,89.377,121.0,68.2404,121.0,70.0521,121.0,96.0405,121.0,91.7288,121.0,74.8995,121.0,85.0307,121.0,67.0472,121.0,78.524,121.0,60.4029,121.0,69.4633,121.0,54.3626,121.0,59.7988,121.0,54.3626,121.0,84.475
122.0,85.7595,122.0,89.3768,122.0,105.0795,122.0,89.377,122.0,69.4482,122.0,70.656,122.0,96.6446,122.0,92.3323,122.0,75.5036,122.0,85.0307,122.0,67.0472,122.0,78.524,122.0,60.4029,122.0,69.4633,122.0,54.9666,122.0,59.7988,122.0,54.3626,122.0,84.475
123.0,86.9674,123.0,89.3768,123.0,105.0795,123.0,89.981,123.0,68.8443,123.0,70.656,123.0,96.6446,123.0,92.3323,123.0,75.5036,123.0,85.0307,123.0,67.6512,123.0,78.524,123.0,60.4029,123.0,69.4633,123.0,54.9666,123.0,60.4029,123.0,54.3626,123.0,85.0784
124.0,86.9674,124.0,89.3768,124.0,105.0795,124.0,89.981,124.0,68.8443,124.0,70.656,124.0,97.2486,124.0,92.9358,124.0,75.5036,124.0,85.6337,124.0,67.6512,124.0,79.128,124.0,60.4029,124.0,69.4633,124.0,54.9666,124.0,60.4029,124.0,54.9666,124.0,85.0784
125.0,86.9674,125.0,89.9807,125.0,105.6834,125.0,90.585,125.0,68.8443,125.0,71.2599,125.0,97.2486,125.0,92.9358,125.0,76.1076,125.0,85.6337,125.0,67.6512,125.0,79.128,125.0,61.0069,125.0,70.0673,125.0,54.9666,125.0,60.4029,125.0,54.9666,125.0,85.6818
126.0,87.5714,126.0,89.9807,126.0,105.6834,126.0,90.585,126.0,70.0521,126.0,71.2599,126.0,97.8526,126.0,92.9358,126.0,76.1076,126.0,85.6337,126.0,67.6512,126.0,79.128,126.0,61.0069,126.0,70.0673,126.0,54.9666,126.0,60.4029,126.0,54.9666,126.0,85.6818
127.0,87.5714,127.0,90.5846,127.0,106.2873,127.0,91.188,127.0,70.0521,127.0,71.8638,127.0,97.8526,127.0,92.9358,127.0,76.1076,127.0,86.2368,127.0,68.2552,127.0,79.732,127.0,61.0069,127.0,70.0673,127.0,55.5706,127.0,61.6109,127.0,54.9666,127.0,86.2852
128.0,87.5714,128.0,90.5846,128.0,106.2873,128.0,91.188,128.0,70.0521,128.0,71.8638,128.0,98.4566,128.0,93.5393,128.0,76.7116,128.0,86.2368,128.0,68.2552,128.0,79.732,128.0,61.0069,128.0,70.0673,128.0,55.5706,128.0,61.0069,128.0,54.9666,128.0,86.2852
129.0,88.1753,129.0,91.1885,129.0,106.8912,129.0,91.188,129.0,71.2599,129.0,72.4677,129.0,98.4566,129.0,93.5393,129.0,76.7116,129.0,86.2368,129.0,68.2552,129.0,79.732,129.0,61.6109,129.0,70.6713,129.0,55.5706,129.0,61.0069,129.0,55.5706,129.0,86.8886
130.0,88.1753,130.0,91.1885,130.0,106.8912,130.0,91.792,130.0,71.2599,130.0,72.4677,130.0,98.4566,130.0,94.1427,130.0,76.7116,130.0,86.2368,130.0,68.2552,130.0,79.732,130.0,61.6109,130.0,70.0673,130.0,55.5706,130.0,61.0069,130.0,55.5706,130.0,86.8886
131.0,88.7793,131.0,91.1885,131.0,107.4951,131.0,91.792,131.0,71.2599,131.0,72.4677,131.0,99.0607,131.0,94.1427,131.0,77.3157,131.0,86.2368,131.0,68.2552,131.0,79.732,131.0,61.6109,131.0,70.6713,131.0,55.5706,131.0,62.2149,131.0,55.5706,131.0,87.492
132.0,88.7793,132.0,91.7924,132.0,107.4951,132.0,91.792,132.0,71.8638,132.0,72.4677,132.0,99.0607,132.0,94.1427,132.0,77.3157,132.0,86.8399,132.0,68.8593,132.0,80.336,132.0,62.2149,132.0,70.6713,132.0,56.1747,132.0,61.6109,132.0,56.1747,132.0,87.492
133.0,88.7793,133.0,91.7924,133.0,108.099,133.0,92.396,133.0,72.4677,133.0,73.0716,133.0,99.6647,133.0,94.7462,133.0,77.3157,133.0,86.8399,133.0,68.8593,133.0,80.336,133.0,62.2149,133.0,70.6713,133.0,56.1747,133.0,61.6109,133.0,56.1747,133.0,88.0954
134.0,89.3832,134.0,91.7924,134.0,108.099,134.0,93.0,134.0,71.8638,134.0,73.0716,134.0,99.6647,134.0,94.7462,134.0,77.9197,134.0,87.4429,134.0,68.8593,134.0,80.336,134.0,62.2149,134.0,71.2754,134.0,56.1747,134.0,61.6109,134.0,56.1747,134.0,88.0954
135.0,89.3832,135.0,92.3963,135.0,108.099,135.0,93.0,135.0,71.8638,135.0,73.0716,135.0,99.6647,135.0,95.3497,135.0,77.9197,135.0,87.4429,135.0,68.8593,135.0,80.336,135.0,62.2149,135.0,71.2754,135.0,56.1747,135.0,62.819,135.0,56.1747,135.0,88.6988
136.0,89.9871,136.0,92.3963,136.0,108.099,136.0,93.604,136.0,72.4677,136.0,73.6755,136.0,100.2687,136.0,95.3497,136.0,77.9197,136.0,87.4429,136.0,69.4633,136.0,80.94,136.0,62.819,136.0,70.6713,136.0,56.1747,136.0,62.2149,136.0,56.7787,136.0,88.6988
137.0,89.9871,137.0,93.0002,137.0,108.7029,137.0,93.604,137.0,73.0716,137.0,73.6755,137.0,100.2687,137.0,95.3497,137.0,78.5237,137.0,87.4429,137.0,69.4633,137.0,81.544,137.0,62.819,137.0,71.8794,137.0,56.7787,137.0,62.2149,137.0,56.7787,137.0,89.3022
138.0,89.9871,138.0,93.0002,138.0,109.3068,138.0,93.604,138.0,73.0716,138.0,74.2794,138.0,100.8728,138.0,95.9532,138.0,78.5237,138.0,87.4429,138.0,69.4633,138.0,80.94,138.0,62.819,138.0,71.2754,138.0,56.7787,138.0,62.2149,138.0,56.7787,138.0,89.3022
139.0,89.9871,139.0,93.0002,139.0,109.3068,139.0,93.604,139.0,73.6755,139.0,74.2794,139.0,100.8728,139.0,95.9532,139.0,79.1277,139.0,88.046,139.0,69.4633,139.0,81.544,139.0,62.819,139.0,71.2754,139.0,56.7787,139.0,62.2149,139.0,57.3827,139.0,89.9056
140.0,90.5911,140.0,93.6041,140.0,109.3068,140.0,94.208,140.0,73.6755,140.0,74.2794,140.0,101.4768,140.0,95.9532,140.0,79.1277,140.0,88.046,140.0,69.4633,140.0,81.544,140.0,63.423,140.0,71.8794,140.0,56.7787,140.0,62.819,140.0,57.3827,140.0,89.9056
141.0,90.5911,141.0,93.6041,141.0,109.9107,141.0,94.208,141.0,73.6755,141.0,74.8833,141.0,101.4768,141.0,96.5567,141.0,79.1277,141.0,88.649,141.0,69.4633,141.0,82.148,141.0,63.423,141.0,71.8794,141.0,56.7787,141.0,62.819,141.0,57.3827,141.0,90.509
142.0,91.195,142.0,94.208,142.0,109.9107,142.0,94.812,142.0,74.2794,142.0,74.8833,142.0,102.0808,142.0,96.5567,142.0,79.7318,142.0,88.649,142.0,70.0673,142.0,82.148,142.0,63.423,142.0,71.8794,142.0,57.3827,142.0,64.027,142.0,57.9867,142.0,90.509
143.0,91.195,143.0,94.208,143.0,110.5146,143.0,94.812,143.0,74.2794,143.0,75.4872,143.0,102.0808,143.0,96.5567,143.0,79.7318,143.0,88.649,143.0,70.0673,143.0,82.148,143.0,64.027,143.0,71.2754,143.0,57.3827,143.0,64.027,143.0,57.9867,143.0,90.509
144.0,91.799,144.0,94.208,144.0,110.5146,144.0,94.812,144.0,74.2794,144.0,75.4872,144.0,102.0808,144.0,96.5567,144.0,79.7318,144.0,88.649,144.0,70.0673,144.0,82.148,144.0,64.027,144.0,71.8794,144.0,57.3827,144.0,63.423,144.0,57.9867,144.0,91.1124
145.0,91.799,145.0,94.8119,145.0,110.5146,145.0,94.812,145.0,74.8833,145.0,75.4872,145.0,102.6849,145.0,96.5567,145.0,80.3358,145.0,88.649,145.0,70.0673,145.0,82.148,145.0,64.027,145.0,72.4834,145.0,57.3827,145.0,63.423,145.0,57.9867,145.0,91.7158
146.0,91.799,146.0,94.8119,146.0,111.1185,146.0,95.416,146.0,74.8833,146.0,76.091,146.0,102.6849,146.0,97.1601,146.0,80.3358,146.0,88.649,146.0,70.0673,146.0,82.148,146.0,64.027,146.0,71.8794,146.0,57.3827,146.0,63.423,146.0,57.9867,146.0,91.7158
147.0,92.4029,147.0,94.8119,147.0,111.1185,147.0,95.416,147.0,75.4872,147.0,76.091,147.0,103.2889,147.0,98.3671,147.0,80.3358,147.0,89.2521,147.0,70.0673,147.0,82.752,147.0,64.6311,147.0,71.8794,147.0,57.3827,147.0,64.6311,147.0,58.5908,147.0,92.3192
148.0,92.4029,148.0,95.4158,148.0,111.7224,148.0,96.02,148.0,74.8833,148.0,76.091,148.0,103.2889,148.0,97.7636,148.0,80.3358,148.0,89.2521,148.0,70.0673,148.0,83.356,148.0,64.6311,148.0,73.0875,148.0,57.9867,148.0,64.6311,148.0,58.5908,148.0,92.3192
149.0,92.4029,149.0,95.4158,149.0,111.7224,149.0,96.02,149.0,75.4872,149.0,76.6949,149.0,103.2889,149.0,98.3671,149.0,80.9398,149.0,89.8551,149.0,70.0673,149.0,83.356,149.0,64.6311,149.0,73.0875,149.0,57.9867,149.0,64.027,149.0,58.5908,149.0,92.9225
150.0,93.0068,150.0,95.4158,150.0,112.3263,150.0,96.624,150.0,76.091,150.0,76.6949,150.0,103.8929,150.0,97.7636,150.0,80.9398,150.0,89.2521,150.0,70.6713,150.0,83.356,150.0,64.6311,150.0,73.0875,150.0,57.9867,150.0,64.027,150.0,59.1948,150.0,92.9225
151.0,93.0068,151.0,96.0197,151.0,112.3263,151.0,96.624,151.0,76.091,151.0,77.2988,151.0,103.8929,151.0,97.7636,151.0,80.9398,151.0,89.2521,151.0,70.6713,151.0,83.356,151.0,65.2351,151.0,73.0875,151.0,57.9867,151.0,65.2351,151.0,59.1948,151.0,93.5259
152.0,93.6108,152.0,96.0197,152.0,112.9302,152.0,96.624,152.0,76.091,152.0,77.2988,152.0,104.4969,152.0,98.3671,152.0,81.5439,152.0,89.8551,152.0,70.6713,152.0,83.96,152.0,65.2351,152.0,73.0875,152.0,58.5908,152.0,66.4431,152.0,59.1948,152.0,93.5259
153.0,93.6108,153.0,96.0197,153.0,112.9302,153.0,96.624,153.0,77.2988,153.0,77.2988,153.0,104.4969,153.0,98.3671,153.0,81.5439,153.0,89.8551,153.0,70.6713,153.0,83.96,153.0,65.2351,153.0,73.0875,153.0,58.5908,153.0,64.6311,153.0,59.7988,153.0,94.1293
154.0,93.6108,154.0,96.6236,154.0,113.5341,154.0,96.624,154.0,76.091,154.0,77.9027,154.0,105.101,154.0,98.3671,154.0,81.5439,154.0,90.4582,154.0,70.6713,154.0,83.356,154.0,65.2351,154.0,73.0875,154.0,58.5908,154.0,65.8391,154.0,59.7988,154.0,94.1293
155.0,94.2147,155.0,96.6236,155.0,113.5341,155.0,97.227,155.0,77.2988,155.0,78.5066,155.0,105.101,155.0,98.9706,155.0,82.1479,155.0,90.4582,155.0,70.6713,155.0,83.96,155.0,65.2351,155.0,73.0875,155.0,58.5908,155.0,67.0472,155.0,59.7988,155.0,94.1293
156.0,94.2147,156.0,96.6236,156.0,113.5341,156.0,97.227,156.0,77.2988,156.0,78.5066,156.0,105.101,156.0,98.9706,156.0,82.1479,156.0,90.4582,156.0,70.6713,156.0,83.96,156.0,65.8391,156.0,73.6915,156.0,58.5908,156.0,67.0472,156.0,59.7988,156.0,94.7327
157.0,94.2147,157.0,97.2275,157.0,114.138,157.0,97.227,157.0,77.2988,157.0,78.5066,157.0,105.705,157.0,98.9706,157.0,82.7519,157.0,91.0612,157.0,70.6713,157.0,83.96,157.0,65.8391,157.0,73.6915,157.0,58.5908,157.0,67.0472,157.0,60.4029,157.0,94.7327
158.0,94.8186,158.0,97.2275,158.0,114.138,158.0,97.227,158.0,76.6949,158.0,78.5066,158.0,105.705,158.0,98.3671,158.0,82.7519,158.0,91.0612,158.0,70.6713,158.0,84.564,158.0,65.8391,158.0,73.6915,158.0,59.1948,158.0,67.0472,158.0,60.4029,158.0,95.3361
159.0,94.8186,159.0,97.8314,159.0,114.7419,159.0,97.831,159.0,77.9027,159.0,79.1105,159.0,106.309,159.0,99.5741,159.0,82.7519,159.0,91.0612,159.0,71.2754,159.0,84.564,159.0,66.4431,159.0,73.6915,159.0,59.1948,159.0,66.4431,159.0,60.4029,159.0,95.3361
160.0,94.8186,160.0,97.8314,160.0,114.7419,160.0,98.435,160.0,77.9027,160.0,79.1105,160.0,106.309,160.0,99.5741,160.0,82.7519,160.0,92.2673,160.0,71.2754,160.0,84.564,160.0,66.4431,160.0,68.8593,160.0,59.1948,160.0,67.6512,160.0,60.4029,160.0,95.9395
161.0,94.8186,161.0,97.8314,161.0,114.7419,161.0,98.435,161.0,77.9027,161.0,79.1105,161.0,106.9131,161.0,100.1775,161.0,83.3559,161.0,92.2673,161.0,71.2754,161.0,84.564,161.0,66.4431,161.0,64.027,161.0,59.1948,161.0,67.6512,161.0,61.0069,161.0,95.9395
162.0,94.8186,162.0,98.4352,162.0,115.3458,162.0,98.435,162.0,77.2988,162.0,79.7144,162.0,106.9131,162.0,100.1775,162.0,83.3559,162.0,92.2673,162.0,71.2754,162.0,85.168,162.0,67.0472,162.0,61.0069,162.0,59.1948,162.0,67.6512,162.0,61.0069,162.0,95.9395
163.0,94.8186,163.0,98.4352,163.0,115.3458,163.0,98.435,163.0,78.5066,163.0,79.7144,163.0,107.5171,163.0,100.781,163.0,83.3559,163.0,91.6643,163.0,71.2754,163.0,85.168,163.0,67.0472,163.0,58.5908,163.0,59.7988,163.0,68.2552,163.0,61.0069,163.0,96.5429
164.0,94.8186,164.0,98.4352,164.0,115.9498,164.0,98.435,164.0,78.5066,164.0,80.3183,164.0,107.5171,164.0,99.5741,164.0,83.3559,164.0,92.2673,164.0,71.2754,164.0,85.168,164.0,67.0472,164.0,56.7787,164.0,59.7988,164.0,68.2552,164.0,61.0069,164.0,96.5429
165.0,94.8186,165.0,99.0391,165.0,115.9498,165.0,99.039,165.0,78.5066,165.0,80.3183,165.0,108.1211,165.0,100.781,165.0,83.96,165.0,92.8704,165.0,71.2754,165.0,85.772,165.0,67.0472,165.0,54.9666,165.0,59.7988,165.0,68.2552,165.0,61.6109,165.0,97.1463
166.0,95.4226,166.0,99.0391,166.0,116.5537,166.0,99.039,166.0,78.5066,166.0,80.3183,166.0,108.1211,166.0,100.781,166.0,83.96,166.0,93.4734,166.0,71.2754,166.0,85.772,166.0,67.6512,166.0,53.1545,166.0,59.7988,166.0,68.8593,166.0,61.6109,166.0,97.1463
167.0,93.6108,167.0,99.643,167.0,116.5537,167.0,99.039,167.0,79.1105,167.0,80.9222,167.0,108.1211,167.0,100.781,167.0,83.96,167.0,92.8704,167.0,71.2754,167.0,85.772,167.0,67.6512,167.0,51.9465,167.0,59.7988,167.0,68.8593,167.0,61.6109,167.0,97.7497
168.0,90.5911,168.0,99.643,168.0,116.5537,168.0,97.831,168.0,79.7144,168.0,80.9222,168.0,108.7251,168.0,101.988,168.0,84.564,168.0,92.8704,168.0,71.8794,168.0,85.772,168.0,67.6512,168.0,50.7384,168.0,59.7988,168.0,69.4633,168.0,62.2149,168.0,97.7497
169.0,88.7793,169.0,99.643,169.0,116.5537,169.0,94.208,169.0,80.3183,169.0,80.9222,169.0,108.7251,169.0,101.3845,169.0,84.564,169.0,93.4734,169.0,71.8794,169.0,86.376,169.0,67.6512,169.0,49.5303,169.0,60.4029,169.0,68.8593,169.0,62.2149,169.0,97.7497
170.0,87.5714,170.0,100.2469,170.0,117.1576,170.0,92.396,170.0,79.7144,170.0,80.9222,170.0,108.7251,170.0,101.3845,170.0,85.168,170.0,92.8704,170.0,71.8794,170.0,85.772,170.0,67.6512,170.0,48.9263,170.0,60.4029,170.0,69.4633,170.0,62.2149,170.0,98.3531
171.0,86.3635,171.0,100.2469,171.0,117.1576,171.0,91.188,171.0,78.5066,171.0,81.5261,171.0,109.3292,171.0,101.3845,171.0,85.168,171.0,94.6796,171.0,71.8794,171.0,86.376,171.0,68.2552,171.0,47.7183,171.0,60.4029,171.0,69.4633,171.0,62.2149,171.0,98.3531
172.0,85.7595,172.0,100.2469,172.0,117.7615,172.0,89.981,172.0,75.4872,172.0,82.13,172.0,109.3292,172.0,100.781,172.0,85.168,172.0,94.0765,172.0,71.8794,172.0,86.98,172.0,68.2552,172.0,47.1142,172.0,60.4029,172.0,69.4633,172.0,62.2149,172.0,98.9565
173.0,85.1556,173.0,100.2469,173.0,117.7615,173.0,89.377,173.0,72.4677,173.0,82.13,173.0,109.3292,173.0,101.988,173.0,85.168,173.0,93.4734,173.0,71.8794,173.0,87.584,173.0,68.2552,173.0,46.5102,173.0,60.4029,173.0,69.4633,173.0,62.819,173.0,98.9565
174.0,83.9477,174.0,100.8508,174.0,118.3654,174.0,88.773,174.0,71.8638,174.0,82.13,174.0,109.9332,174.0,101.988,174.0,85.168,174.0,94.6796,174.0,72.4834,174.0,86.98,174.0,68.8593,174.0,45.9062,174.0,60.4029,174.0,70.0673,174.0,62.819,174.0,99.5599
175.0,83.3438,175.0,100.8508,175.0,118.3654,175.0,87.565,175.0,70.656,175.0,82.13,175.0,109.9332,175.0,101.988,175.0,85.7721,175.0,94.6796,175.0,72.4834,175.0,86.98,175.0,68.8593,175.0,44.6981,175.0,61.0069,175.0,70.0673,175.0,62.819,175.0,99.5599
176.0,82.1359,176.0,101.4547,176.0,118.3654,176.0,86.357,176.0,70.0521,176.0,82.7339,176.0,110.5372,176.0,101.3845,176.0,85.7721,176.0,95.2826,176.0,72.4834,176.0,87.584,176.0,68.8593,176.0,44.0941,176.0,61.0069,176.0,70.0673,176.0,62.819,176.0,100.1633
177.0,81.532,177.0,101.4547,177.0,118.9693,177.0,85.753,177.0,68.8443,177.0,82.7339,177.0,110.5372,177.0,101.3845,177.0,86.3761,177.0,95.2826,177.0,72.4834,177.0,85.772,177.0,68.8593,177.0,43.4901,177.0,61.0069,177.0,70.6713,177.0,63.423,177.0,100.1633
178.0,80.928,178.0,101.4547,178.0,118.9693,178.0,85.753,178.0,68.2404,178.0,83.3378,178.0,110.5372,178.0,101.988,178.0,86.3761,178.0,95.8857,178.0,72.4834,178.0,81.544,178.0,68.8593,178.0,42.886,178.0,61.0069,178.0,70.6713,178.0,63.423,178.0,100.1633
179.0,80.3241,179.0,101.4547,179.0,118.9693,179.0,84.546,179.0,67.0326,179.0,83.3378,179.0,111.1413,179.0,101.988,179.0,86.3761,179.0,96.4887,179.0,72.4834,179.0,79.128,179.0,68.8593,179.0,42.886,179.0,61.0069,179.0,70.6713,179.0,63.423,179.0,100.7667
180.0,79.7201,180.0,102.0586,180.0,119.5732,180.0,83.942,180.0,66.4287,180.0,83.3378,180.0,111.1413,180.0,101.988,180.0,82.7519,180.0,95.8857,180.0,71.8794,180.0,77.316,180.0,69.4633,180.0,42.282,180.0,61.0069,180.0,70.6713,180.0,63.423,180.0,100.7667
181.0,79.1162,181.0,102.0586,181.0,120.1771,181.0,83.338,181.0,65.8248,181.0,80.9222,181.0,110.5372,181.0,103.7984,181.0,80.9398,181.0,91.0612,181.0,67.6512,181.0,75.504,181.0,66.4431,181.0,41.678,181.0,61.6109,181.0,67.6512,181.0,63.423,181.0,101.3701
182.0,77.9083,182.0,102.0586,182.0,118.9693,182.0,82.734,182.0,64.617,182.0,76.6949,182.0,106.9131,182.0,97.7636,182.0,79.7318,182.0,89.2521,182.0,65.2351,182.0,74.9,182.0,63.423,182.0,41.0739,182.0,61.6109,182.0,64.027,182.0,64.027,182.0,101.3701
183.0,77.3044,183.0,97.8314,183.0,114.138,183.0,82.13,183.0,64.617,183.0,74.8833,183.0,105.101,183.0,95.9532,183.0,78.5237,183.0,88.046,183.0,63.423,183.0,74.296,183.0,62.2149,183.0,40.4699,183.0,61.6109,183.0,62.2149,183.0,64.027,183.0,101.9734
184.0,76.7004,184.0,94.8119,184.0,111.7224,184.0,81.526,184.0,63.4092,184.0,73.6755,184.0,103.2889,184.0,94.1427,184.0,77.3157,184.0,86.8399,184.0,61.6109,184.0,73.087,184.0,61.0069,184.0,40.4699,184.0,61.6109,184.0,61.0069,184.0,64.027,184.0,101.9734
185.0,76.0965,185.0,93.0002,185.0,109.9107,185.0,80.318,185.0,62.8053,185.0,73.0716,185.0,101.4768,185.0,92.3323,185.0,76.7116,185.0,85.0307,185.0,60.4029,185.0,72.483,185.0,59.7988,185.0,39.8659,185.0,61.6109,185.0,59.1948,185.0,64.6311,185.0,102.5768
186.0,76.0965,186.0,91.1885,186.0,108.099,186.0,80.318,186.0,62.8053,186.0,71.8638,186.0,99.6647,186.0,91.1253,186.0,75.5036,186.0,84.4276,186.0,58.5908,186.0,70.671,186.0,58.5908,186.0,39.8659,186.0,61.6109,186.0,57.9867,186.0,64.6311,186.0,102.5768
187.0,75.4926,187.0,89.3768,187.0,106.2873,187.0,79.714,187.0,61.5975,187.0,71.2599,187.0,97.8526,187.0,89.3149,187.0,74.8995,187.0,83.8246,187.0,57.3827,187.0,70.067,187.0,57.9867,187.0,39.2619,187.0,62.2149,187.0,57.3827,187.0,64.6311,187.0,102.5768
188.0,74.8886,188.0,88.169,188.0,105.0795,188.0,79.111,188.0,61.5975,188.0,70.0521,188.0,96.6446,188.0,88.1079,188.0,74.2955,188.0,83.8246,188.0,56.1747,188.0,68.859,188.0,56.7787,188.0,39.2619,188.0,62.2149,188.0,56.7787,188.0,64.6311,188.0,98.9565
189.0,74.2847,189.0,86.3573,189.0,103.2677,189.0,78.507,189.0,60.3897,189.0,69.4482,189.0,95.4365,189.0,86.901,189.0,73.0875,189.0,82.6185,189.0,54.9666,189.0,68.859,189.0,56.1747,189.0,39.2619,189.0,62.2149,189.0,55.5706,189.0,65.2351,189.0,97.1463
190.0,73.6807,190.0,85.1495,190.0,102.0599,190.0,77.903,190.0,60.3897,190.0,68.8443,190.0,94.2285,190.0,85.694,190.0,73.0875,190.0,82.0154,190.0,53.7585,190.0,65.839,190.0,55.5706,190.0,38.6578,190.0,62.2149,190.0,54.9666,190.0,65.2351,190.0,95.3361
191.0,73.0768,191.0,83.3378,191.0,100.8521,191.0,77.299,191.0,59.7858,191.0,68.2404,191.0,93.0204,191.0,84.4871,191.0,73.0875,191.0,81.4124,191.0,52.5505,191.0,65.235,191.0,54.3626,191.0,38.0538,191.0,62.2149,191.0,53.7585,191.0,65.2351,191.0,94.1293
192.0,72.4729,192.0,82.13,192.0,99.6443,192.0,76.695,192.0,59.1819,192.0,67.6365,192.0,91.8123,192.0,83.2801,192.0,72.4834,192.0,80.8093,192.0,54.3626,192.0,64.631,192.0,53.7585,192.0,38.0538,192.0,62.2149,192.0,53.7585,192.0,65.2351,192.0,93.5259
193.0,72.4729,193.0,80.9222,193.0,98.4365,193.0,76.695,193.0,58.578,193.0,67.0326,193.0,90.6043,193.0,82.0732,193.0,71.2754,193.0,80.2063,193.0,53.7585,193.0,64.027,193.0,53.1545,193.0,37.4498,193.0,62.2149,193.0,51.9465,193.0,65.8391,193.0,92.3192
194.0,71.8689,194.0,79.7144,194.0,97.2287,194.0,76.091,194.0,58.578,194.0,66.4287,194.0,90.0003,194.0,80.8662,194.0,70.6713,194.0,80.8093,194.0,53.7585,194.0,63.423,194.0,52.5505,194.0,38.0538,194.0,62.819,194.0,51.3424,194.0,65.8391,194.0,91.1124
195.0,71.265,195.0,78.5066,195.0,96.0209,195.0,75.487,195.0,57.9741,195.0,65.8248,195.0,88.7922,195.0,80.2627,195.0,70.6713,195.0,79.6032,195.0,52.5505,195.0,62.215,195.0,51.9465,195.0,37.4498,195.0,62.819,195.0,50.7384,195.0,65.8391,195.0,89.9056
196.0,70.661,196.0,77.9027,196.0,95.417,196.0,75.487,196.0,57.3702,196.0,65.2209,196.0,88.1882,196.0,79.0558,196.0,69.4633,196.0,79.0001,196.0,51.9465,196.0,61.007,196.0,51.3424,196.0,36.8457,196.0,62.819,196.0,49.5303,196.0,65.8391,196.0,89.3022
197.0,70.661,197.0,76.091,197.0,94.2092,197.0,74.883,197.0,56.7663,197.0,64.617,197.0,87.5841,197.0,78.4523,197.0,68.8593,197.0,79.0001,197.0,51.3424,197.0,59.799,197.0,50.7384,197.0,37.4498,197.0,62.819,197.0,48.9263,197.0,66.4431,197.0,88.0954
198.0,70.0571,198.0,74.8833,198.0,93.6053,198.0,74.883,198.0,56.7663,198.0,64.0131,198.0,86.3761,198.0,77.2453,198.0,68.2552,198.0,78.3971,198.0,51.3424,198.0,59.799,198.0,50.1344,198.0,36.8457,198.0,62.819,198.0,48.3223,198.0,66.4431,198.0,87.492
199.0,69.4532,199.0,74.2794,199.0,93.0014,199.0,74.279,199.0,56.1624,199.0,63.4092,199.0,85.7721,199.0,76.6418,199.0,67.6512,199.0,78.3971,199.0,50.7384,199.0,59.195,199.0,50.1344,199.0,36.8457,199.0,63.423,199.0,47.7183,199.0,67.0472,199.0,86.2852
200.0,68.8492,200.0,73.0716,200.0,92.3975,200.0,74.279,200.0,55.5585,200.0,62.8053,200.0,85.168,200.0,76.0384,200.0,67.0472,200.0,77.191,200.0,49.5303,200.0,58.591,200.0,49.5303,200.0,36.2417,200.0,63.423,200.0,47.1142,200.0,62.819,200.0,85.6818
201.0,68.2453,201.0,72.4677,201.0,91.7936,201.0,73.675,201.0,54.9546,201.0,62.2014,201.0,84.564,201.0,75.4349,201.0,66.4431,201.0,77.191,201.0,48.9263,201.0,57.987,201.0,48.9263,201.0,36.8457,201.0,63.423,201.0,46.5102,201.0,60.4029,201.0,85.0784
202.0,68.2453,202.0,71.2599,202.0,90.5857,202.0,73.675,202.0,54.9546,202.0,62.2014,202.0,83.96,202.0,74.8314,202.0,65.8391,202.0,76.5879,202.0,48.9263,202.0,57.383,202.0,48.3223,202.0,35.6377,202.0,63.423,202.0,45.9062,202.0,58.5908,202.0,83.8717
203.0,67.6413,203.0,70.0521,203.0,89.9818,203.0,73.072,203.0,54.9546,203.0,62.2014,203.0,82.7519,203.0,74.2279,203.0,65.8391,203.0,75.9849,203.0,47.7183,203.0,56.779,203.0,47.7183,203.0,35.6377,203.0,63.423,203.0,44.6981,203.0,57.3827,203.0,83.2683
204.0,67.6413,204.0,69.4482,204.0,89.3779,204.0,73.072,204.0,54.3507,204.0,61.5975,204.0,82.1479,204.0,73.6245,204.0,65.2351,204.0,75.9849,204.0,47.1142,204.0,56.175,204.0,47.7183,204.0,35.6377,204.0,63.423,204.0,44.0941,204.0,56.7787,204.0,82.6649
205.0,67.0374,205.0,68.2404,205.0,89.3779,205.0,72.468,205.0,53.7469,205.0,62.2014,205.0,81.5439,205.0,73.021,205.0,65.2351,205.0,75.3818,205.0,46.5102,205.0,56.175,205.0,47.1142,205.0,35.0337,205.0,64.027,205.0,43.4901,205.0,55.5706,205.0,81.4581
206.0,66.4334,206.0,67.6365,206.0,88.774,206.0,72.468,206.0,53.143,206.0,60.9936,206.0,81.5439,206.0,72.4175,206.0,64.027,206.0,74.7788,206.0,45.9062,206.0,55.571,206.0,47.1142,206.0,35.0337,206.0,64.027,206.0,42.886,206.0,54.9666,206.0,80.8547
207.0,66.4334,207.0,67.0326,207.0,87.5662,207.0,71.864,207.0,53.143,207.0,60.9936,207.0,80.9398,207.0,71.814,207.0,64.027,207.0,74.7788,207.0,45.9062,207.0,54.967,207.0,46.5102,207.0,35.0337,207.0,64.027,207.0,42.886,207.0,53.7585,207.0,80.2513
208.0,65.8295,208.0,65.8248,208.0,87.5662,208.0,71.864,208.0,52.5391,208.0,60.3897,208.0,80.3358,208.0,71.2105,208.0,63.423,208.0,74.1757,208.0,45.3021,208.0,54.967,208.0,45.9062,208.0,34.4296,208.0,64.027,208.0,42.282,208.0,53.1545,208.0,79.6479
209.0,65.8295,209.0,65.2209,209.0,86.9623,209.0,71.864,209.0,52.5391,209.0,60.3897,209.0,79.7318,209.0,70.6071,209.0,63.423,209.0,73.5727,209.0,45.3021,209.0,54.363,209.0,45.9062,209.0,34.4296,209.0,64.027,209.0,41.678,209.0,51.9465,209.0,79.0445
210.0,65.2256,210.0,64.0131,210.0,86.3584,210.0,71.26,210.0,51.9352,210.0,59.7858,210.0,79.7318,210.0,70.0036,210.0,62.819,210.0,73.5727,210.0,44.6981,210.0,54.363,210.0,45.3021,210.0,34.4296,210.0,64.6311,210.0,41.678,210.0,51.3424,210.0,78.4411
211.0,65.2256,211.0,64.0131,211.0,85.7545,211.0,71.26,211.0,51.9352,211.0,59.7858,211.0,79.1277,211.0,70.0036,211.0,62.819,211.0,72.9696,211.0,44.0941,211.0,53.759,211.0,44.6981,211.0,34.4296,211.0,64.6311,211.0,40.4699,211.0,50.7384,211.0,78.4411
212.0,64.6216,212.0,62.8053,212.0,85.7545,212.0,70.656,212.0,51.9352,212.0,59.1819,212.0,79.1277,212.0,69.4001,212.0,62.2149,212.0,72.3665,212.0,43.4901,212.0,53.155,212.0,44.6981,212.0,33.8256,212.0,64.6311,212.0,40.4699,212.0,50.1344,212.0,77.8377
213.0,64.6216,213.0,62.2014,213.0,85.1506,213.0,70.052,213.0,51.3313,213.0,59.1819,213.0,78.5237,213.0,69.4001,213.0,62.2149,213.0,71.7635,213.0,43.4901,213.0,53.155,213.0,44.6981,213.0,33.8256,213.0,64.6311,213.0,39.8659,213.0,49.5303,213.0,77.2343
214.0,64.0177,214.0,61.5975,214.0,85.1506,214.0,70.052,214.0,50.7274,214.0,58.578,214.0,77.9197,214.0,68.7966,214.0,61.6109,214.0,71.7635,214.0,42.886,214.0,53.155,214.0,44.0941,214.0,33.2216,214.0,64.6311,214.0,39.2619,214.0,48.9263,214.0,76.6309
215.0,64.0177,215.0,60.9936,215.0,84.5467,215.0,69.448,215.0,50.7274,215.0,58.578,215.0,77.9197,215.0,68.1931,215.0,61.6109,215.0,71.7635,215.0,42.282,215.0,52.55,215.0,44.0941,215.0,33.8256,215.0,64.6311,215.0,39.2619,215.0,48.3223,215.0,76.0275
216.0,63.4137,216.0,60.3897,216.0,83.9428,216.0,69.448,216.0,50.1235,216.0,57.9741,216.0,77.3157,216.0,68.1931,216.0,61.0069,216.0,71.1604,216.0,42.282,216.0,52.55,216.0,43.4901,216.0,33.2216,216.0,64.6311,216.0,39.2619,216.0,47.7183,216.0,75.4241
217.0,62.8098,217.0,59.7858,217.0,83.9428,217.0,69.448,217.0,50.1235,217.0,57.9741,217.0,77.3157,217.0,67.5897,217.0,61.0069,217.0,71.1604,217.0,41.678,217.0,52.55,217.0,43.4901,217.0,33.2216,217.0,65.2351,217.0,38.6578,217.0,47.1142,217.0,74.8208
218.0,62.8098,218.0,59.1819,218.0,83.3389,218.0,68.844,218.0,50.1235,218.0,57.9741,218.0,76.7116,218.0,66.9862,218.0,59.7988,218.0,70.5574,218.0,41.678,218.0,51.946,218.0,42.886,218.0,33.2216,218.0,65.2351,218.0,38.6578,218.0,46.5102,219.0,74.2174
219.0,62.2059,219.0,58.578,219.0,83.3389,219.0,68.844,219.0,49.5196,219.0,57.3702,219.0,76.7116,219.0,66.9862,219.0,59.1948,219.0,70.5574,219.0,41.678,219.0,51.946,219.0,42.886,219.0,32.6175,219.0,65.2351,219.0,38.0538,219.0,45.9062,220.0,73.614
220.0,62.2059,220.0,57.9741,220.0,83.3389,220.0,68.24,220.0,49.5196,220.0,56.7663,220.0,76.1076,220.0,66.3827,220.0,58.5908,220.0,70.5574,220.0,41.0739,220.0,51.342,220.0,42.282,220.0,32.6175,220.0,65.2351,220.0,37.4498,220.0,45.9062,221.0,73.0106
221.0,62.2059,221.0,57.3702,221.0,82.735,221.0,68.24,221.0,48.9157,221.0,56.7663,221.0,76.1076,221.0,66.3827,221.0,59.1948,221.0,69.9543,221.0,41.0739,221.0,51.342,221.0,42.282,221.0,32.0135,221.0,64.027,221.0,36.8457,221.0,45.3021,222.0,73.0106
222.0,61.6019,222.0,56.7663,222.0,82.735,222.0,67.636,222.0,49.5196,222.0,56.1624,222.0,76.1076,222.0,65.7792,222.0,58.5908,222.0,69.3513,222.0,40.4699,222.0,50.738,222.0,42.282,222.0,32.0135,222.0,59.1948,222.0,36.8457,222.0,44.6981,223.0,72.4072
223.0,61.6019,223.0,56.1624,223.0,82.735,223.0,67.636,223.0,48.9157,223.0,56.1624,223.0,75.5036,223.0,65.7792,223.0,58.5908,223.0,68.1452,223.0,39.8659,223.0,50.738,223.0,41.678,223.0,32.0135,223.0,55.5706,223.0,36.8457,223.0,44.0941,224.0,71.8038
224.0,61.6019,224.0,55.5585,224.0,82.1311,224.0,67.636,224.0,48.9157,224.0,56.1624,224.0,75.5036,224.0,65.1757,224.0,57.9867,224.0,67.5421,224.0,40.4699,224.0,50.134,224.0,41.0739,224.0,32.0135,224.0,53.1545,224.0,36.2417,224.0,44.0941,225.0,71.8038
225.0,60.998,225.0,55.5585,225.0,81.5272,225.0,67.033,225.0,48.3118,225.0,55.5585,225.0,75.5036,225.0,65.1757,225.0,57.9867,225.0,68.1452,225.0,39.8659,225.0,50.738,225.0,41.0739,225.0,32.0135,225.0,50.7384,225.0,36.2417,225.0,43.4901,226.0,71.2004
226.0,60.998,226.0,54.3507,226.0,81.5272,226.0,67.033,226.0,48.3118,226.0,55.5585,226.0,75.5036,226.0,64.5723,226.0,57.9867,226.0,67.5421,226.0,39.2619,226.0,49.53,226.0,41.0739,226.0,31.4095,226.0,48.9263,226.0,35.6377,226.0,42.886,227.0,70.597
227.0,60.394,227.0,54.3507,227.0,81.5272,227.0,67.033,227.0,48.3118,227.0,56.1624,227.0,74.8995,227.0,64.5723,227.0,57.3827,227.0,66.9391,227.0,39.2619,227.0,49.53,227.0,40.4699,227.0,31.4095,227.0,47.7183,227.0,35.6377,227.0,42.886,228.0,70.597
228.0,60.394,228.0,53.7469,228.0,80.9233,228.0,66.429,228.0,47.7079,228.0,55.5585,228.0,74.8995,228.0,64.5723,228.0,57.3827,228.0,66.9391,228.0,39.2619,228.0,50.738,228.0,40.4699,228.0,31.4095,228.0,46.5102,228.0,35.6377,228.0,42.282,229.0,69.3902
229.0,59.7901,229.0,53.143,229.0,80.9233,229.0,66.429,229.0,47.7079,229.0,55.5585,229.0,74.2955,229.0,64.5723,229.0,57.3827,229.0,66.9391,229.0,38.0538,229.0,49.53,229.0,40.4699,229.0,31.4095,229.0,44.6981,229.0,35.0337,229.0,41.678,230.0,69.3902
230.0,59.7901,230.0,52.5391,230.0,80.9233,230.0,65.825,230.0,47.7079,230.0,54.9546,230.0,74.2955,230.0,63.9688,230.0,56.7787,230.0,66.336,230.0,38.0538,230.0,48.926,230.0,39.8659,230.0,30.8055,230.0,43.4901,230.0,35.0337,230.0,41.678,231.0,68.7868
231.0,59.7901,231.0,51.9352,231.0,80.9233,231.0,65.825,231.0,47.7079,231.0,54.9546,231.0,74.2955,231.0,63.9688,231.0,56.1747,231.0,66.336,231.0,38.0538,231.0,49.53,231.0,39.8659,231.0,30.8055,231.0,42.886,231.0,35.0337,231.0,41.0739,232.0,68.7868
232.0,59.1862,232.0,51.9352,232.0,80.3194,232.0,65.825,232.0,47.7079,232.0,54.9546,232.0,74.2955,232.0,63.3653,232.0,56.7787,232.0,65.7329,232.0,38.0538,232.0,48.926,232.0,39.8659,232.0,30.8055,232.0,41.678,232.0,34.4296,232.0,40.4699,233.0,68.1834
233.0,59.1862,233.0,51.3313,233.0,80.3194,233.0,65.221,233.0,47.7079,233.0,54.3507,233.0,73.6915,233.0,63.3653,233.0,56.1747,233.0,65.7329,233.0,37.4498,233.0,48.926,233.0,39.8659,233.0,30.8055,233.0,41.0739,233.0,34.4296,233.0,40.4699,234.0,68.1834
234.0,59.1862,234.0,50.7274,234.0,80.3194,234.0,65.221,234.0,47.104,234.0,54.9546,234.0,73.6915,234.0,63.3653,234.0,55.5706,234.0,65.1299,234.0,37.4498,234.0,48.322,234.0,39.2619,234.0,30.8055,234.0,40.4699,234.0,34.4296,234.0,39.8659,235.0,67.58
235.0,58.5822,235.0,50.1235,235.0,80.3194,235.0,65.221,235.0,46.5001,235.0,54.3507,235.0,73.6915,235.0,62.7618,235.0,56.1747,235.0,65.1299,235.0,37.4498,235.0,48.926,235.0,39.2619,235.0,30.2014,235.0,39.8659,235.0,33.2216,235.0,39.8659,236.0,66.9766
236.0,58.5822,236.0,49.5196,236.0,80.3194,236.0,65.221,236.0,47.104,236.0,54.3507,236.0,73.0875,236.0,62.7618,236.0,55.5706,236.0,64.5268,236.0,36.8457,236.0,48.322,236.0,39.2619,236.0,30.8055,236.0,39.2619,236.0,33.2216,236.0,39.2619,237.0,66.3733
237.0,57.9783,237.0,49.5196,237.0,79.7155,237.0,64.617,237.0,46.5001,237.0,53.7469,237.0,73.0875,237.0,62.7618,237.0,54.9666,237.0,64.5268,237.0,36.8457,237.0,48.322,237.0,39.2619,237.0,30.8055,237.0,38.0538,237.0,33.2216,237.0,39.2619,238.0,66.3733
238.0,57.9783,238.0,49.5196,238.0,79.7155,238.0,64.617,238.0,46.5001,238.0,53.7469,238.0,73.0875,238.0,62.1583,238.0,55.5706,238.0,64.5268,238.0,36.2417,238.0,47.718,238.0,38.6578,238.0,30.2014,238.0,38.0538,238.0,33.2216,238.0,38.6578,239.0,66.3733
239.0,57.9783,239.0,48.9157,239.0,79.7155,239.0,64.013,239.0,45.8962,239.0,53.7469,239.0,73.0875,239.0,62.1583,239.0,54.9666,239.0,64.5268,239.0,35.6377,239.0,47.718,239.0,38.6578,239.0,30.2014,239.0,36.8457,239.0,32.6175,239.0,38.0538,240.0,66.3733
240.0,57.3743,240.0,48.3118,240.0,79.1115,240.0,64.013,240.0,46.5001,240.0,53.143,240.0,72.4834,240.0,62.1583,240.0,54.9666,240.0,63.9238,240.0,36.2417,240.0,47.718,240.0,38.6578,240.0,30.2014,240.0,35.6377,240.0,32.6175,240.0,38.0538,241.0,65.7699
241.0,57.3743,241.0,47.7079,241.0,79.1115,241.0,64.013,241.0,45.8962,241.0,53.7469,241.0,72.4834,241.0,62.1583,241.0,54.3626,241.0,63.9238,241.0,35.6377,241.0,47.718,241.0,38.6578,241.0,29.5974,241.0,35.6377,241.0,32.6175,241.0,38.0538,242.0,65.1665
242.0,57.3743,242.0,47.7079,242.0,79.1115,242.0,64.013,242.0,45.8962,242.0,52.5391,242.0,72.4834,242.0,61.5549,242.0,54.3626,242.0,63.9238,242.0,35.0337,242.0,47.114,242.0,38.0538,242.0,29.5974,242.0,35.0337,242.0,32.6175,242.0,37.4498,243.0,65.1665
243.0,56.7704,243.0,47.104,243.0,79.1115,243.0,63.409,243.0,45.8962,243.0,52.5391,243.0,72.4834,243.0,61.5549,243.0,54.3626,243.0,63.3207,243.0,34.4296,243.0,47.114,243.0,38.0538,243.0,30.2014,243.0,35.0337,243.0,32.6175,243.0,37.4498,244.0,65.1665
244.0,56.7704,244.0,46.5001,244.0,78.5076,244.0,63.409,244.0,45.8962,244.0,53.143,244.0,71.8794,244.0,61.5549,244.0,53.7585,244.0,63.3207,244.0,35.0337,244.0,46.51,244.0,37.4498,244.0,29.5974,244.0,34.4296,244.0,32.0135,244.0,36.8457,245.0,64.5631
245.0,56.7704,245.0,46.5001,245.0,78.5076,245.0,63.409,245.0,45.2923,245.0,52.5391,245.0,71.8794,245.0,61.5549,245.0,53.7585,245.0,62.1146,245.0,34.4296,245.0,47.114,245.0,37.4498,245.0,29.5974,245.0,33.8256,245.0,32.0135,245.0,36.8457,246.0,64.5631
246.0,56.1665,246.0,45.8962,246.0,78.5076,246.0,62.805,246.0,45.2923,246.0,51.9352,246.0,71.8794,246.0,60.9514,246.0,53.7585,246.0,62.7177,246.0,33.8256,246.0,46.51,246.0,37.4498,246.0,29.5974,246.0,33.2216,246.0,32.0135,246.0,36.8457,247.0,63.9597
247.0,56.1665,247.0,45.2923,247.0,78.5076,247.0,63.409,247.0,44.6884,247.0,51.9352,247.0,71.8794,247.0,60.9514,247.0,53.1545,247.0,62.1146,247.0,33.8256,247.0,46.51,247.0,37.4498,247.0,28.9934,247.0,33.2216,247.0,31.4095,247.0,36.2417,248.0,63.9597
248.0,56.1665,248.0,45.2923,248.0,78.5076,248.0,62.805,248.0,44.6884,248.0,51.9352,248.0,71.2754,248.0,60.9514,248.0,53.1545,248.0,61.5116,248.0,33.2216,248.0,45.906,248.0,37.4498,248.0,29.5974,248.0,32.6175,248.0,31.4095,248.0,36.2417,249.0,63.3563
249.0,55.5625,249.0,44.6884,249.0,78.5076,249.0,62.805,249.0,45.2923,249.0,51.9352,249.0,71.2754,249.0,60.9514,249.0,53.1545,249.0,61.5116,249.0,33.8256,249.0,45.906,249.0,36.8457,249.0,29.5974,249.0,32.0135,249.0,31.4095,249.0,35.6377,250.0,63.3563
250.0,55.5625,250.0,44.0845,250.0,78.5076,250.0,62.805,250.0,44.6884,250.0,51.9352,250.0,71.2754,250.0,60.3479,250.0,53.1545,250.0,61.5116,250.0,33.2216,250.0,46.51,250.0,36.8457,250.0,29.5974,250.0,31.4095,250.0,30.8055,250.0,35.6377,251.0,60.9427
251.0,55.5625,251.0,44.0845,251.0,77.9037,251.0,62.201,251.0,44.6884,251.0,51.9352,251.0,70.6713,251.0,60.3479,251.0,53.1545,251.0,61.5116,251.0,33.2216,251.0,45.906,251.0,36.8457,251.0,28.9934,251.0,31.4095,251.0,30.8055,251.0,35.0337,252.0,62.7529
252.0,54.9586,252.0,43.4806,252.0,77.9037,252.0,62.201,252.0,44.6884,252.0,51.3313,252.0,70.6713,252.0,60.3479,252.0,53.1545,252.0,60.9085,252.0,33.2216,252.0,45.906,252.0,36.2417,252.0,29.5974,252.0,30.8055,252.0,30.8055,252.0,35.0337,253.0,60.3393
253.0,54.9586,253.0,42.8767,253.0,77.9037,253.0,62.201,253.0,44.0845,253.0,51.3313,253.0,70.6713,253.0,60.3479,253.0,53.1545,253.0,60.9085,253.0,32.6175,253.0,45.906,253.0,36.2417,253.0,29.5974,253.0,30.2014,253.0,30.8055,253.0,35.0337,254.0,60.3393
254.0,54.9586,254.0,42.8767,254.0,77.9037,254.0,62.201,254.0,44.0845,254.0,50.7274,254.0,70.6713,254.0,60.3479,254.0,53.1545,254.0,60.9085,254.0,32.6175,254.0,45.302,254.0,36.2417,254.0,28.9934,254.0,30.2014,254.0,30.2014,254.0,34.4296,255.0,60.3393
255.0,54.9586,255.0,42.2728,255.0,77.9037,255.0,62.201,255.0,44.0845,255.0,51.3313,255.0,70.6713,255.0,59.7444,255.0,52.5505,255.0,60.3055,255.0,32.6175,255.0,45.302,255.0,36.2417,255.0,28.3893,255.0,29.5974,255.0,30.2014,255.0,34.4296,256.0,60.3393
256.0,54.3546,256.0,42.2728,256.0,77.9037,256.0,61.598,256.0,44.6884,256.0,50.7274,256.0,70.0673,256.0,59.7444,256.0,52.5505,256.0,60.3055,256.0,33.2216,256.0,45.302,256.0,35.6377,256.0,28.9934,256.0,29.5974,256.0,30.2014,256.0,34.4296,257.0,61.5461
257.0,54.3546,257.0,42.2728,257.0,77.9037,257.0,61.598,257.0,44.0845,257.0,50.7274,257.0,70.0673,257.0,59.7444,257.0,52.5505,257.0,60.3055,257.0,32.0135,257.0,44.698,257.0,35.6377,257.0,28.9934,257.0,28.9934,257.0,30.2014,257.0,33.8256,258.0,59.7359
258.0,54.3546,258.0,41.065,258.0,77.9037,258.0,61.598,258.0,44.6884,258.0,50.7274,258.0,70.0673,258.0,59.7444,258.0,52.5505,258.0,60.3055,258.0,32.0135,258.0,44.698,258.0,35.6377,258.0,28.3893,258.0,28.9934,258.0,29.5974,258.0,33.8256,259.0,59.7359
259.0,53.7507,259.0,40.4611,259.0,77.9037,259.0,61.598,259.0,44.0845,259.0,50.1235,259.0,69.4633,259.0,59.1409,259.0,51.9465,259.0,60.9085,259.0,32.0135,259.0,44.698,259.0,35.6377,259.0,28.9934,259.0,28.3893,259.0,29.5974,259.0,33.2216,260.0,59.7359
260.0,54.3546,260.0,40.4611,260.0,77.9037,260.0,60.994,260.0,44.0845,260.0,50.7274,260.0,69.4633,260.0,59.1409,260.0,51.9465,260.0,60.3055,260.0,32.0135,260.0,44.094,260.0,35.0337,260.0,28.3893,260.0,28.3893,260.0,29.5974,260.0,33.2216,261.0,59.1325
261.0,53.7507,261.0,39.8572,261.0,77.9037,261.0,60.994,261.0,44.0845,261.0,49.5196,261.0,69.4633,261.0,59.1409,261.0,51.9465,261.0,60.3055,261.0,31.4095,261.0,44.094,261.0,35.0337,261.0,28.3893,261.0,27.7853,261.0,29.5974,261.0,33.2216,262.0,59.1325
262.0,53.7507,262.0,39.2533,262.0,77.2998,262.0,60.994,262.0,44.0845,262.0,49.5196,262.0,68.8593,262.0,58.5375,262.0,51.9465,262.0,60.3055,262.0,31.4095,262.0,44.094,262.0,35.0337,262.0,28.3893,262.0,27.7853,262.0,29.5974,262.0,32.6175,263.0,59.1325
263.0,53.1468,263.0,39.2533,263.0,77.2998,263.0,60.994,263.0,43.4806,263.0,48.9157,263.0,68.8593,263.0,58.5375,263.0,51.9465,263.0,60.3055,263.0,31.4095,263.0,43.49,263.0,35.0337,263.0,28.3893,263.0,27.1813,263.0,29.5974,263.0,32.6175,264.0,59.1325
264.0,53.1468,264.0,39.2533,264.0,77.2998,264.0,60.994,264.0,43.4806,264.0,48.9157,264.0,68.8593,264.0,58.5375,264.0,51.9465,264.0,60.3055,264.0,31.4095,264.0,44.094,264.0,34.4296,264.0,28.9934,264.0,27.1813,264.0,28.9934,264.0,32.6175,265.0,58.5291
265.0,53.1468,265.0,38.6494,265.0,77.2998,265.0,60.994,265.0,44.0845,265.0,48.9157,265.0,68.8593,265.0,58.5375,265.0,51.3424,265.0,60.3055,265.0,30.8055,265.0,43.49,265.0,34.4296,265.0,27.7853,265.0,27.1813,265.0,28.9934,265.0,32.6175,266.0,58.5291
266.0,53.1468,266.0,38.6494,266.0,77.2998,266.0,60.39,266.0,43.4806,266.0,48.3118,266.0,68.2552,266.0,58.5375,266.0,51.3424,266.0,59.7024,266.0,30.2014,266.0,43.49,266.0,34.4296,266.0,27.7853,266.0,27.1813,266.0,28.9934,266.0,32.0135,267.0,58.5291
267.0,53.1468,267.0,38.6494,267.0,77.2998,267.0,60.39,267.0,43.4806,267.0,48.9157,267.0,68.2552,267.0,58.5375,267.0,51.3424,267.0,59.0993,267.0,30.8055,267.0,42.886,267.0,34.4296,267.0,28.3893,267.0,26.5773,267.0,28.9934,267.0,32.0135,268.0,58.5291
268.0,52.5428,268.0,38.0455,268.0,77.2998,268.0,60.39,268.0,43.4806,268.0,48.9157,268.0,68.2552,268.0,58.5375,268.0,50.7384,268.0,59.0993,268.0,30.8055,268.0,43.49,268.0,33.8256,268.0,27.7853,268.0,26.5773,268.0,28.3893,268.0,32.0135,269.0,58.5291
269.0,52.5428,269.0,38.0455,269.0,77.2998,269.0,59.786,269.0,43.4806,269.0,48.9157,269.0,68.2552,269.0,57.934,269.0,51.3424,269.0,59.0993,269.0,30.2014,269.0,42.886,269.0,33.8256,269.0,28.3893,269.0,25.9732,269.0,28.3893,269.0,31.4095,270.0,57.9257
270.0,52.5428,270.0,38.0455,270.0,77.2998,270.0,59.786,270.0,42.8767,270.0,48.9157,270.0,68.2552,270.0,57.934,270.0,50.7384,270.0,59.0993,270.0,30.2014,270.0,42.886,270.0,33.8256,270.0,27.7853,270.0,25.9732,270.0,28.3893,270.0,31.4095,271.0,57.9257
271.0,52.5428,271.0,37.4416,271.0,76.6959,271.0,59.786,271.0,42.8767,271.0,48.3118,271.0,67.6512,271.0,57.934,271.0,50.1344,271.0,59.0993,271.0,30.2014,271.0,42.886,271.0,33.8256,271.0,28.3893,271.0,25.9732,271.0,27.7853,271.0,31.4095,272.0,57.9257
272.0,52.5428,272.0,37.4416,272.0,76.6959,272.0,59.786,272.0,42.8767,272.0,48.3118,272.0,67.6512,272.0,57.934,272.0,50.1344,272.0,58.4963,272.0,30.2014,272.0,42.282,272.0,33.2216,272.0,28.3893,272.0,25.9732,272.0,27.7853,272.0,31.4095,273.0,57.3224
273.0,52.5428,273.0,37.4416,273.0,76.6959,273.0,59.786,273.0,42.8767,273.0,48.3118,273.0,67.6512,273.0,57.934,273.0,50.1344,273.0,58.4963,273.0,29.5974,273.0,42.282,273.0,33.2216,273.0,28.3893,273.0,25.3692,273.0,28.3893,273.0,30.8055,274.0,57.3224
274.0,52.5428,274.0,37.4416,274.0,76.6959,274.0,59.182,274.0,42.2728,274.0,48.3118,274.0,67.6512,274.0,57.3305,274.0,50.7384,274.0,58.4963,274.0,29.5974,274.0,41.678,274.0,33.2216,274.0,27.7853,274.0,25.3692,274.0,27.7853,274.0,30.8055,275.0,57.3224
275.0,51.9389,275.0,36.8377,275.0,76.6959,275.0,59.182,275.0,42.2728,275.0,48.3118,275.0,67.0472,275.0,57.3305,275.0,50.1344,275.0,58.4963,275.0,29.5974,275.0,41.678,275.0,32.6175,275.0,27.7853,275.0,25.3692,275.0,27.7853,275.0,30.8055,276.0,57.3224
276.0,51.9389,276.0,36.8377,276.0,76.6959,276.0,59.182,276.0,42.2728,276.0,47.7079,276.0,67.0472,276.0,57.3305,276.0,50.1344,276.0,58.4963,276.0,29.5974,276.0,41.678,276.0,32.6175,276.0,28.3893,276.0,24.7652,276.0,27.1813,276.0,30.8055,277.0,56.719
277.0,51.3349,277.0,36.8377,277.0,76.092,277.0,59.182,277.0,42.2728,277.0,47.7079,277.0,67.0472,277.0,57.3305,277.0,50.7384,277.0,57.8932,277.0,29.5974,277.0,41.678,277.0,32.6175,277.0,27.7853,277.0,24.7652,277.0,27.1813,277.0,30.2014,278.0,56.719
278.0,51.3349,278.0,36.2338,278.0,76.6959,278.0,58.578,278.0,42.2728,278.0,47.7079,278.0,67.0472,278.0,57.3305,278.0,49.5303,278.0,57.8932,278.0,28.9934,278.0,41.074,278.0,32.6175,278.0,27.7853,278.0,24.7652,278.0,27.1813,278.0,30.2014,279.0,56.719
279.0,51.3349,279.0,36.2338,279.0,76.092,279.0,58.578,279.0,42.8767,279.0,47.7079,279.0,67.0472,279.0,57.3305,279.0,49.5303,279.0,57.8932,279.0,29.5974,279.0,41.074,279.0,32.6175,279.0,27.7853,279.0,24.7652,279.0,26.5773,279.0,30.2014,280.0,56.719
280.0,51.3349,280.0,36.2338,280.0,76.6959,280.0,58.578,280.0,41.6689,280.0,47.7079,280.0,66.4431,280.0,56.727,280.0,49.5303,280.0,57.8932,280.0,28.9934,280.0,41.074,280.0,32.0135,280.0,27.7853,280.0,24.1611,280.0,26.5773,280.0,29.5974,281.0,56.719
281.0,51.3349,281.0,35.6299,281.0,76.092,281.0,58.578,281.0,42.2728,281.0,47.7079,281.0,66.4431,281.0,57.3305,281.0,49.5303,281.0,57.8932,281.0,28.9934,281.0,39.866,281.0,32.0135,281.0,27.7853,281.0,24.1611,281.0,27.1813,281.0,29.5974,282.0,56.719
282.0,51.3349,282.0,35.6299,282.0,76.092,282.0,58.578,282.0,41.6689,282.0,47.104,282.0,66.4431,282.0,57.3305,282.0,49.5303,282.0,57.8932,282.0,28.3893,282.0,40.47,282.0,32.0135,282.0,27.7853,282.0,24.1611,282.0,27.1813,282.0,29.5974,283.0,56.719
283.0,50.731,283.0,35.6299,283.0,76.092,283.0,57.974,283.0,42.2728,283.0,47.104,283.0,66.4431,283.0,57.3305,283.0,49.5303,283.0,57.2902,283.0,28.3893,283.0,40.47,283.0,32.0135,283.0,27.7853,283.0,24.1611,283.0,27.1813,283.0,29.5974,284.0,56.1156
284.0,50.731,284.0,35.026,284.0,76.092,284.0,57.974,284.0,42.2728,284.0,47.104,284.0,66.4431,284.0,57.3305,284.0,49.5303,284.0,57.2902,284.0,28.3893,284.0,39.866,284.0,31.4095,284.0,27.7853,284.0,23.5571,284.0,26.5773,284.0,29.5974,285.0,56.1156
285.0,50.731,285.0,35.026,285.0,76.092,285.0,57.974,285.0,41.6689,285.0,47.104,285.0,65.8391,285.0,56.727,285.0,48.9263,285.0,57.2902,285.0,28.9934,285.0,39.866,285.0,31.4095,285.0,27.7853,285.0,23.5571,285.0,25.9732,285.0,29.5974,286.0,56.1156
286.0,50.731,286.0,34.4221,286.0,76.092,286.0,57.974,286.0,41.6689,286.0,47.104,286.0,65.8391,286.0,56.727,286.0,48.9263,286.0,57.2902,286.0,28.3893,286.0,39.866,286.0,31.4095,286.0,27.7853,286.0,23.5571,286.0,26.5773,286.0,29.5974,287.0,56.1156
287.0,50.731,287.0,34.4221,287.0,75.4881,287.0,57.37,287.0,42.2728,287.0,47.104,287.0,65.8391,287.0,56.727,287.0,48.9263,287.0,57.2902,287.0,28.9934,287.0,39.262,287.0,31.4095,287.0,27.1813,287.0,23.5571,287.0,26.5773,287.0,28.9934,288.0,56.1156
288.0,50.731,288.0,34.4221,288.0,76.092,288.0,57.37,288.0,41.6689,288.0,47.104,288.0,65.8391,288.0,56.727,288.0,48.9263,288.0,57.2902,288.0,28.3893,288.0,39.262,288.0,31.4095,288.0,26.5773,288.0,22.9531,288.0,25.9732,288.0,28.9934,289.0,55.5122
289.0,50.1271,289.0,34.4221,289.0,75.4881,289.0,57.37,289.0,42.2728,289.0,46.5001,289.0,65.8391,289.0,56.727,289.0,48.9263,289.0,56.6871,289.0,28.3893,289.0,39.262,289.0,31.4095,289.0,27.1813,289.0,22.9531,289.0,25.9732,289.0,28.3893,290.0,55.5122
290.0,50.1271,290.0,34.4221,290.0,76.092,290.0,57.37,290.0,41.6689,290.0,46.5001,290.0,65.2351,290.0,56.1236,290.0,48.3223,290.0,56.6871,290.0,28.3893,290.0,38.658,290.0,30.8055,290.0,27.1813,290.0,22.3491,290.0,25.9732,290.0,28.3893,291.0,55.5122
291.0,50.1271,291.0,34.4221,291.0,75.4881,291.0,57.37,291.0,41.065,291.0,47.104,291.0,65.2351,291.0,56.1236,291.0,48.3223,291.0,56.6871,291.0,28.3893,291.0,39.262,291.0,30.8055,291.0,27.1813,291.0,22.3491,291.0,25.9732,291.0,28.3893,292.0,55.5122
292.0,50.1271,292.0,34.4221,292.0,75.4881,292.0,57.37,292.0,41.6689,292.0,46.5001,292.0,65.2351,292.0,56.727,292.0,48.3223,292.0,56.6871,292.0,27.7853,292.0,38.658,292.0,30.8055,292.0,27.1813,292.0,21.745,292.0,25.9732,292.0,28.3893,293.0,55.5122
293.0,50.1271,293.0,33.8182,293.0,75.4881,293.0,57.37,293.0,41.6689,293.0,46.5001,293.0,65.2351,293.0,56.1236,293.0,48.3223,293.0,56.6871,293.0,28.3893,293.0,38.658,293.0,30.8055,293.0,27.1813,293.0,21.745,293.0,25.3692,293.0,27.7853,294.0,55.5122
294.0,49.5231,294.0,33.8182,294.0,75.4881,294.0,57.37,294.0,41.065,294.0,46.5001,294.0,65.2351,294.0,56.1236,294.0,48.3223,294.0,56.0841,294.0,27.7853,294.0,38.658,294.0,30.8055,294.0,27.1813,294.0,21.745,294.0,25.3692,294.0,27.7853,295.0,55.5122
295.0,50.1271,295.0,33.8182,295.0,75.4881,295.0,57.37,295.0,41.065,295.0,46.5001,295.0,64.6311,295.0,56.1236,295.0,48.3223,295.0,56.0841,295.0,27.7853,295.0,38.054,295.0,30.2014,295.0,27.1813,295.0,21.745,295.0,25.3692,295.0,27.7853,296.0,54.9088
296.0,49.5231,296.0,33.8182,296.0,75.4881,296.0,56.766,296.0,41.065,296.0,46.5001,296.0,64.6311,296.0,56.727,296.0,48.3223,296.0,55.481,296.0,27.7853,296.0,38.054,296.0,30.2014,296.0,27.1813,296.0,21.745,296.0,24.7652,296.0,27.7853,297.0,54.9088
297.0,49.5231,297.0,33.2143,297.0,75.4881,297.0,56.766,297.0,41.065,297.0,45.8962,297.0,64.6311,297.0,56.1236,297.0,47.7183,297.0,56.0841,297.0,27.7853,297.0,38.054,297.0,30.2014,297.0,26.5773,297.0,21.141,297.0,24.7652,297.0,27.1813,298.0,54.9088
298.0,49.5231,298.0,33.2143,298.0,75.4881,298.0,56.766,298.0,41.065,298.0,46.5001,298.0,64.6311,298.0,56.727,298.0,47.7183,298.0,55.481,298.0,27.7853,298.0,38.054,298.0,30.2014,298.0,26.5773,298.0,21.141,298.0,24.7652,298.0,27.1813,299.0,54.9088
299.0,49.5231,299.0,33.2143,299.0,75.4881,299.0,56.766,299.0,41.065,299.0,45.8962,299.0,64.6311,299.0,56.1236,299.0,47.7183,299.0,55.481,299.0,27.1813,299.0,38.054,299.0,30.2014,299.0,26.5773,299.0,21.141,299.0,24.7652,299.0,27.1813,300.0,54.9088
300.0,49.5231,300.0,33.2143,300.0,75.4881,300.0,56.766,300.0,40.4611,300.0,45.2923,300.0,64.6311,300.0,56.727,300.0,47.7183,300.0,55.481,300.0,27.1813,300.0,37.45,300.0,29.5974,300.0,26.5773,300.0,21.141,300.0,24.7652,300.0,27.1813,301.0,54.3054
301.0,48.9192,301.0,33.2143,301.0,74.8842,301.0,56.766,301.0,41.065,301.0,45.2923,301.0,64.6311,301.0,56.1236,301.0,47.7183,301.0,54.878,301.0,27.1813,301.0,37.45,301.0,29.5974,301.0,26.5773,301.0,21.141,301.0,24.7652,301.0,27.1813,302.0,54.3054
302.0,48.9192,302.0,32.6105,302.0,74.8842,302.0,56.162,302.0,40.4611,302.0,45.8962,302.0,64.6311,302.0,56.727,302.0,47.7183,302.0,54.878,302.0,27.1813,302.0,37.45,302.0,29.5974,302.0,26.5773,302.0,19.9329,302.0,24.7652,302.0,26.5773,303.0,54.3054
303.0,48.9192,303.0,32.6105,303.0,74.8842,303.0,56.162,,,303.0,45.8962,303.0,64.027,303.0,56.1236,303.0,47.7183,303.0,54.878,303.0,26.5773,303.0,37.45,303.0,29.5974,303.0,26.5773,303.0,20.537,303.0,24.7652,303.0,26.5773,304.0,54.3054
304.0,48.9192,304.0,32.6105,304.0,74.8842,304.0,56.162,,,304.0,45.2923,304.0,64.027,304.0,56.1236,304.0,47.7183,304.0,54.878,304.0,27.1813,304.0,37.45,304.0,28.9934,304.0,26.5773,304.0,19.9329,304.0,24.7652,304.0,26.5773,305.0,54.3054
305.0,48.9192,305.0,32.6105,305.0,74.8842,305.0,56.162,,,305.0,45.8962,305.0,64.027,305.0,56.1236,305.0,47.7183,305.0,54.878,305.0,27.1813,305.0,37.45,305.0,28.9934,305.0,26.5773,305.0,19.9329,305.0,24.7652,305.0,26.5773,306.0,53.702
306.0,48.9192,306.0,32.6105,306.0,74.8842,306.0,56.162,,,306.0,45.2923,306.0,64.027,306.0,55.5201,306.0,47.1142,306.0,54.878,306.0,26.5773,306.0,36.846,306.0,28.9934,306.0,25.9732,306.0,19.9329,306.0,24.7652,306.0,26.5773,307.0,53.702
307.0,48.9192,307.0,32.0066,307.0,74.8842,307.0,56.162,,,307.0,45.2923,307.0,64.027,307.0,55.5201,307.0,47.1142,307.0,54.878,307.0,25.9732,307.0,36.846,307.0,28.9934,307.0,26.5773,307.0,19.9329,307.0,24.1611,307.0,25.9732,308.0,53.702
308.0,48.3152,308.0,32.0066,308.0,74.8842,308.0,56.162,,,308.0,45.2923,308.0,64.027,308.0,55.5201,308.0,47.1142,308.0,54.2749,308.0,26.5773,308.0,37.45,308.0,28.9934,308.0,25.9732,308.0,19.9329,308.0,24.7652,308.0,25.9732,309.0,53.702
309.0,48.3152,309.0,32.0066,309.0,74.8842,309.0,55.559,,,309.0,44.6884,309.0,64.027,309.0,56.1236,309.0,47.1142,309.0,54.878,309.0,26.5773,309.0,36.846,309.0,28.9934,309.0,25.9732,309.0,19.9329,309.0,24.1611,309.0,25.9732,310.0,53.702
310.0,48.9192,310.0,31.4027,310.0,74.8842,310.0,56.162,,,310.0,45.2923,310.0,64.027,310.0,55.5201,310.0,47.1142,310.0,54.2749,310.0,26.5773,310.0,37.45,310.0,28.9934,310.0,25.9732,310.0,19.3289,310.0,24.1611,310.0,25.9732,311.0,53.0986
311.0,48.3152,311.0,32.0066,311.0,74.8842,311.0,55.559,,,311.0,44.6884,311.0,63.423,311.0,56.1236,311.0,47.1142,311.0,54.2749,311.0,26.5773,311.0,36.242,311.0,28.9934,311.0,25.9732,311.0,19.3289,311.0,24.1611,311.0,25.9732,312.0,53.0986
312.0,48.3152,312.0,31.4027,312.0,74.8842,312.0,55.559,,,312.0,45.2923,312.0,63.423,312.0,55.5201,312.0,47.1142,312.0,54.2749,312.0,25.9732,312.0,36.242,312.0,28.3893,312.0,25.9732,312.0,19.3289,312.0,23.5571,312.0,25.9732,313.0,53.702
313.0,48.3152,,,313.0,74.2803,313.0,55.559,,,313.0,45.2923,313.0,63.423,313.0,56.1236,313.0,46.5102,313.0,54.2749,313.0,25.9732,313.0,36.846,313.0,28.3893,313.0,25.9732,313.0,19.3289,313.0,23.5571,313.0,25.3692,314.0,53.0986
314.0,48.3152,,,314.0,74.2803,314.0,55.559,,,314.0,44.6884,314.0,63.423,314.0,55.5201,314.0,46.5102,314.0,54.2749,314.0,25.9732,314.0,36.242,314.0,28.3893,314.0,25.9732,314.0,18.7249,314.0,23.5571,314.0,24.7652,315.0,53.0986
315.0,48.3152,,,315.0,74.8842,315.0,54.955,,,315.0,45.2923,315.0,63.423,315.0,55.5201,315.0,47.1142,315.0,54.2749,315.0,25.9732,315.0,36.242,315.0,28.3893,315.0,25.9732,315.0,18.7249,315.0,23.5571,315.0,25.3692,316.0,53.0986
316.0,48.3152,,,316.0,74.8842,316.0,55.559,,,316.0,44.6884,316.0,63.423,316.0,54.9166,316.0,46.5102,316.0,54.2749,316.0,26.5773,316.0,36.242,316.0,28.3893,316.0,25.9732,316.0,18.7249,316.0,23.5571,316.0,25.3692,317.0,52.4952
317.0,47.7113,,,317.0,74.2803,317.0,55.559,,,317.0,44.6884,317.0,63.423,317.0,55.5201,317.0,46.5102,317.0,53.6719,317.0,25.9732,317.0,36.242,317.0,28.3893,317.0,25.3692,317.0,18.7249,317.0,23.5571,317.0,25.3692,318.0,52.4952
318.0,47.7113,,,318.0,74.2803,318.0,54.955,,,318.0,45.2923,318.0,63.423,318.0,54.3131,318.0,47.1142,318.0,54.2749,318.0,25.9732,318.0,36.242,318.0,28.3893,318.0,25.9732,318.0,18.1209,318.0,23.5571,318.0,24.7652,319.0,52.4952
319.0,47.1074,,,319.0,74.2803,319.0,54.955,,,319.0,44.6884,319.0,63.423,319.0,54.9166,319.0,46.5102,319.0,53.6719,319.0,25.9732,319.0,36.242,319.0,28.3893,319.0,25.9732,319.0,19.3289,319.0,23.5571,319.0,24.7652,320.0,51.8918
320.0,47.1074,,,320.0,74.2803,320.0,55.559,,,320.0,44.6884,320.0,62.819,320.0,54.9166,320.0,46.5102,320.0,53.6719,320.0,25.9732,320.0,35.638,320.0,27.7853,320.0,25.3692,320.0,18.1209,320.0,23.5571,320.0,24.7652,321.0,52.4952
321.0,47.7113,,,321.0,74.2803,321.0,54.955,,,321.0,44.6884,321.0,62.819,321.0,54.3131,321.0,45.9062,321.0,53.6719,321.0,25.3692,321.0,36.242,321.0,27.7853,321.0,25.3692,321.0,17.5168,321.0,22.9531,321.0,24.7652,322.0,52.4952
322.0,47.1074,,,322.0,74.2803,322.0,54.955,,,322.0,44.0845,322.0,62.819,322.0,54.9166,322.0,46.5102,322.0,53.6719,322.0,25.9732,322.0,36.242,322.0,27.7853,322.0,25.3692,322.0,18.7249,322.0,22.9531,322.0,24.1611,323.0,51.8918
323.0,47.7113,,,323.0,74.2803,323.0,54.955,,,323.0,44.0845,323.0,62.819,323.0,54.3131,323.0,46.5102,323.0,53.6719,323.0,25.9732,323.0,36.242,323.0,27.7853,323.0,25.9732,323.0,18.7249,323.0,22.9531,323.0,24.1611,324.0,51.8918
324.0,47.1074,,,324.0,74.2803,324.0,55.559,,,324.0,44.6884,324.0,62.819,324.0,54.9166,324.0,45.9062,324.0,53.6719,324.0,25.3692,324.0,36.242,324.0,27.7853,324.0,24.7652,324.0,18.7249,324.0,22.9531,324.0,24.1611,325.0,53.0986
325.0,47.7113,,,325.0,74.2803,325.0,54.955,,,325.0,44.0845,325.0,62.819,325.0,54.9166,325.0,45.9062,325.0,54.2749,325.0,25.9732,325.0,35.638,325.0,27.7853,325.0,25.3692,325.0,18.7249,325.0,22.3491,325.0,23.5571,326.0,51.8918
326.0,47.1074,,,326.0,74.2803,326.0,54.955,,,326.0,44.0845,326.0,62.2149,326.0,54.3131,326.0,45.9062,326.0,53.6719,326.0,25.3692,326.0,35.638,326.0,27.7853,326.0,25.9732,326.0,18.1209,326.0,22.9531,326.0,24.1611,327.0,51.8918
327.0,47.1074,,,327.0,74.2803,327.0,54.955,,,327.0,43.4806,327.0,62.819,327.0,54.9166,327.0,45.9062,327.0,53.6719,327.0,25.3692,327.0,36.242,327.0,27.7853,327.0,25.9732,327.0,16.9128,327.0,22.3491,327.0,23.5571,328.0,51.2884
328.0,46.5034,,,328.0,74.2803,328.0,54.955,,,328.0,44.0845,328.0,62.2149,328.0,54.3131,328.0,45.9062,328.0,53.6719,328.0,25.3692,328.0,35.638,328.0,27.7853,328.0,25.3692,328.0,17.5168,328.0,22.9531,328.0,24.1611,329.0,51.2884
329.0,46.5034,,,329.0,74.2803,329.0,54.955,,,329.0,43.4806,329.0,62.2149,329.0,54.9166,329.0,45.9062,329.0,53.6719,329.0,25.3692,329.0,35.638,329.0,27.1813,329.0,25.3692,329.0,16.9128,329.0,22.9531,329.0,24.1611,330.0,51.2884
330.0,46.5034,,,330.0,74.2803,330.0,54.955,,,330.0,43.4806,330.0,62.2149,330.0,54.3131,330.0,45.3021,330.0,53.6719,330.0,25.3692,330.0,35.638,330.0,27.1813,330.0,25.3692,330.0,17.5168,330.0,22.9531,330.0,24.1611,331.0,53.0986
331.0,45.8995,,,331.0,74.2803,331.0,54.955,,,331.0,43.4806,331.0,62.2149,331.0,54.3131,331.0,45.9062,331.0,53.6719,331.0,25.3692,331.0,35.034,331.0,27.1813,331.0,25.3692,331.0,18.1209,331.0,22.3491,331.0,22.9531,332.0,52.4952
332.0,47.1074,,,332.0,74.2803,332.0,54.351,,,332.0,43.4806,332.0,62.2149,332.0,53.7096,332.0,45.9062,332.0,53.6719,332.0,24.7652,332.0,35.034,332.0,27.1813,332.0,24.7652,332.0,17.5168,332.0,22.3491,332.0,22.9531,333.0,51.2884
333.0,46.5034,,,333.0,74.2803,333.0,54.351,,,333.0,43.4806,333.0,62.2149,333.0,54.3131,333.0,45.9062,333.0,53.6719,333.0,25.3692,333.0,35.638,333.0,26.5773,333.0,24.7652,333.0,17.5168,333.0,22.3491,333.0,22.9531,334.0,51.2884
334.0,45.8995,,,334.0,74.2803,334.0,54.351,,,334.0,43.4806,334.0,62.2149,334.0,53.7096,334.0,45.3021,334.0,53.0688,334.0,25.3692,334.0,35.034,334.0,26.5773,334.0,25.3692,334.0,17.5168,334.0,22.3491,334.0,22.9531,335.0,51.2884
335.0,45.8995,,,335.0,74.2803,335.0,54.351,,,335.0,43.4806,335.0,61.6109,335.0,54.3131,335.0,45.9062,335.0,53.0688,335.0,25.3692,335.0,35.034,335.0,26.5773,335.0,25.3692,335.0,17.5168,335.0,22.3491,335.0,22.9531,336.0,51.2884
336.0,45.8995,,,336.0,74.2803,336.0,54.955,,,336.0,42.8767,336.0,61.6109,336.0,53.7096,336.0,45.9062,336.0,53.0688,336.0,25.3692,336.0,35.034,336.0,26.5773,336.0,24.7652,336.0,16.9128,336.0,22.3491,336.0,23.5571,337.0,52.4952
337.0,45.8995,,,337.0,74.2803,337.0,54.351,,,337.0,42.8767,337.0,61.6109,337.0,53.7096,337.0,45.3021,337.0,53.0688,337.0,25.3692,337.0,35.034,337.0,26.5773,337.0,24.7652,337.0,16.9128,337.0,22.3491,337.0,23.5571,338.0,52.4952
338.0,46.5034,,,338.0,73.6764,338.0,54.351,,,338.0,42.8767,338.0,62.2149,338.0,53.7096,338.0,45.3021,338.0,53.0688,338.0,24.7652,338.0,35.034,338.0,26.5773,338.0,24.7652,338.0,17.5168,338.0,22.3491,338.0,23.5571,339.0,52.4952
339.0,45.8995,,,339.0,74.2803,339.0,53.747,,,339.0,42.8767,339.0,61.6109,339.0,53.7096,339.0,45.3021,339.0,53.0688,339.0,25.3692,339.0,35.034,339.0,25.9732,339.0,24.7652,339.0,16.9128,339.0,21.745,339.0,22.9531,340.0,52.4952
340.0,46.5034,,,340.0,74.2803,340.0,53.747,,,340.0,42.8767,340.0,61.6109,340.0,53.1062,340.0,45.3021,340.0,53.0688,340.0,25.3692,340.0,35.034,340.0,25.9732,340.0,24.7652,340.0,16.9128,340.0,22.3491,340.0,23.5571,341.0,50.685
341.0,46.5034,,,341.0,74.2803,341.0,53.747,,,341.0,42.8767,341.0,61.6109,341.0,53.1062,341.0,44.6981,341.0,53.0688,341.0,24.7652,341.0,35.034,341.0,25.9732,341.0,24.7652,341.0,16.9128,341.0,21.745,341.0,22.9531,342.0,50.685
342.0,46.5034,,,342.0,74.2803,342.0,54.351,,,342.0,42.8767,342.0,61.6109,342.0,53.7096,342.0,45.3021,342.0,53.0688,342.0,24.7652,342.0,35.034,342.0,25.9732,342.0,24.7652,342.0,16.3088,342.0,22.3491,342.0,22.3491,343.0,50.685
343.0,45.2955,,,343.0,74.2803,343.0,54.351,,,343.0,43.4806,343.0,61.6109,343.0,53.1062,343.0,45.3021,343.0,52.4657,343.0,24.7652,343.0,35.034,343.0,25.9732,343.0,25.3692,343.0,16.9128,343.0,21.745,343.0,22.9531,344.0,51.8918
344.0,45.8995,,,344.0,74.2803,344.0,53.747,,,344.0,42.8767,344.0,61.6109,344.0,53.7096,344.0,45.3021,344.0,53.0688,344.0,24.7652,344.0,34.43,344.0,25.9732,344.0,24.7652,344.0,16.9128,344.0,21.745,344.0,22.3491,345.0,51.8918
345.0,45.2955,,,345.0,74.2803,345.0,53.747,,,345.0,42.8767,345.0,61.0069,345.0,53.1062,345.0,45.3021,345.0,52.4657,345.0,24.7652,345.0,35.034,345.0,25.9732,345.0,24.1611,345.0,16.3088,345.0,21.745,345.0,22.3491,346.0,51.8918
346.0,45.8995,,,346.0,74.2803,346.0,53.747,,,346.0,42.8767,346.0,61.0069,346.0,53.7096,346.0,45.3021,346.0,52.4657,346.0,24.1611,346.0,34.43,346.0,25.3692,346.0,24.7652,346.0,16.3088,346.0,21.745,346.0,22.3491,347.0,51.8918
347.0,45.8995,,,347.0,74.2803,347.0,53.143,,,347.0,42.8767,347.0,61.0069,347.0,53.1062,347.0,45.3021,347.0,52.4657,347.0,24.7652,347.0,34.43,347.0,25.3692,347.0,24.7652,347.0,16.9128,347.0,21.745,347.0,22.3491,348.0,51.8918
348.0,45.8995,,,348.0,73.6764,348.0,53.747,,,348.0,42.2728,348.0,61.0069,348.0,53.7096,348.0,44.6981,348.0,52.4657,348.0,24.7652,348.0,34.43,348.0,25.9732,348.0,24.7652,348.0,16.3088,348.0,21.745,348.0,21.745,349.0,51.8918
349.0,45.8995,,,349.0,74.2803,349.0,53.143,,,349.0,42.2728,349.0,61.0069,349.0,53.1062,349.0,45.3021,349.0,52.4657,349.0,24.7652,349.0,34.43,349.0,25.3692,349.0,24.7652,349.0,16.3088,349.0,21.745,349.0,22.3491,350.0,51.8918
350.0,45.8995,,,350.0,73.6764,350.0,53.747,,,350.0,42.8767,350.0,61.0069,,,350.0,45.3021,350.0,52.4657,350.0,24.1611,350.0,34.43,350.0,25.3692,350.0,24.7652,350.0,15.7047,350.0,22.3491,350.0,21.745,351.0,51.8918
351.0,44.6916,,,351.0,74.2803,351.0,53.143,,,351.0,42.8767,351.0,61.0069,,,351.0,45.3021,351.0,52.4657,351.0,24.7652,351.0,34.43,351.0,25.3692,351.0,24.7652,351.0,16.3088,351.0,22.3491,351.0,21.745,352.0,51.8918
352.0,45.8995,,,352.0,74.2803,352.0,53.143,,,352.0,42.2728,352.0,61.0069,,,352.0,44.6981,352.0,52.4657,352.0,24.7652,352.0,33.826,352.0,25.3692,352.0,24.7652,352.0,15.7047,352.0,21.141,352.0,21.745,353.0,51.8918
353.0,45.8995,,,353.0,74.2803,353.0,53.143,,,353.0,42.2728,353.0,61.0069,,,353.0,44.6981,353.0,52.4657,353.0,24.1611,353.0,34.43,353.0,25.3692,353.0,24.7652,353.0,16.3088,353.0,21.141,353.0,21.745,354.0,51.2884
354.0,44.6916,,,354.0,74.2803,354.0,53.747,,,354.0,42.2728,354.0,61.0069,,,354.0,44.6981,354.0,51.8627,354.0,24.7652,354.0,33.826,354.0,25.3692,354.0,24.7652,354.0,16.3088,354.0,21.745,354.0,21.745,355.0,51.8918
355.0,44.6916,,,355.0,74.2803,355.0,53.143,,,355.0,42.2728,355.0,61.0069,,,355.0,44.6981,355.0,52.4657,355.0,24.1611,355.0,33.826,355.0,25.3692,355.0,24.7652,355.0,15.7047,355.0,21.141,355.0,21.745,356.0,51.2884
356.0,44.6916,,,356.0,74.2803,356.0,53.143,,,356.0,42.2728,356.0,61.0069,,,356.0,44.6981,356.0,51.8627,356.0,24.1611,356.0,33.826,356.0,25.3692,356.0,25.3692,356.0,15.7047,356.0,21.141,356.0,21.141,357.0,51.8918
357.0,44.6916,,,357.0,74.2803,357.0,52.539,,,357.0,42.2728,357.0,61.0069,,,357.0,44.6981,357.0,51.8627,357.0,24.1611,357.0,33.826,357.0,25.3692,357.0,24.7652,357.0,15.1007,357.0,21.141,357.0,21.141,358.0,51.8918
358.0,45.2955,,,358.0,74.2803,358.0,53.143,,,358.0,42.2728,358.0,60.4029,,,358.0,44.6981,358.0,51.8627,358.0,24.1611,358.0,33.222,358.0,25.3692,358.0,24.7652,358.0,15.7047,358.0,21.141,358.0,21.141,359.0,51.2884
359.0,45.2955,,,359.0,73.6764,359.0,53.143,,,359.0,42.2728,359.0,60.4029,,,359.0,44.6981,359.0,51.8627,359.0,24.1611,359.0,33.222,359.0,24.7652,359.0,24.7652,359.0,15.1007,359.0,21.141,359.0,21.141,360.0,51.2884
360.0,45.2955,,,360.0,73.6764,360.0,52.539,,,360.0,42.2728,360.0,60.4029,,,360.0,44.0941,360.0,51.8627,360.0,23.5571,360.0,33.826,360.0,24.7652,360.0,24.7652,360.0,15.7047,360.0,21.141,360.0,21.141,361.0,51.2884
361.0,45.2955,,,361.0,73.6764,361.0,52.539,,,361.0,41.6689,361.0,60.4029,,,361.0,44.0941,361.0,51.8627,361.0,23.5571,361.0,33.222,361.0,24.7652,361.0,24.7652,361.0,15.1007,,,361.0,21.141,362.0,51.2884
362.0,45.2955,,,362.0,74.2803,362.0,52.539,,,362.0,41.6689,362.0,60.4029,,,362.0,44.0941,362.0,51.8627,362.0,23.5571,362.0,33.222,362.0,24.7652,362.0,24.7652,362.0,15.1007,,,362.0,21.141,363.0,51.2884
363.0,45.2955,,,363.0,74.2803,363.0,52.539,,,363.0,41.6689,363.0,60.4029,,,363.0,44.6981,363.0,51.8627,363.0,23.5571,363.0,33.222,363.0,24.7652,363.0,24.7652,363.0,15.1007,,,363.0,20.537,364.0,51.2884
364.0,45.2955,,,364.0,74.2803,364.0,52.539,,,364.0,41.6689,364.0,60.4029,,,364.0,44.0941,364.0,51.8627,364.0,24.1611,364.0,33.222,364.0,24.7652,364.0,24.7652,364.0,15.7047,,,364.0,21.141,365.0,51.2884
365.0,45.2955,,,365.0,73.6764,365.0,52.539,,,365.0,42.2728,365.0,60.4029,,,365.0,44.0941,365.0,51.8627,365.0,23.5571,365.0,33.222,365.0,24.7652,365.0,24.7652,365.0,15.7047,,,365.0,20.537,366.0,50.685
366.0,44.0877,,,366.0,73.6764,366.0,52.539,,,366.0,41.6689,366.0,59.7988,,,366.0,44.0941,366.0,51.8627,366.0,23.5571,366.0,33.222,366.0,24.7652,366.0,24.7652,366.0,15.1007,,,366.0,20.537,367.0,51.2884
367.0,44.0877,,,367.0,74.2803,367.0,51.935,,,367.0,41.6689,367.0,59.7988,,,367.0,44.0941,367.0,51.2596,367.0,23.5571,367.0,32.618,367.0,24.7652,367.0,24.7652,367.0,15.1007,,,367.0,20.537,368.0,50.685
368.0,44.6916,,,368.0,74.2803,368.0,51.935,,,368.0,41.6689,368.0,59.7988,,,368.0,44.0941,368.0,51.2596,368.0,23.5571,368.0,32.618,368.0,24.1611,368.0,24.7652,368.0,15.1007,,,368.0,20.537,369.0,50.685
369.0,44.0877,,,369.0,73.6764,369.0,52.539,,,369.0,41.065,369.0,60.4029,,,369.0,43.4901,369.0,51.2596,369.0,23.5571,369.0,32.618,369.0,24.1611,369.0,24.7652,369.0,15.1007,,,369.0,20.537,370.0,50.685
370.0,44.6916,,,370.0,74.2803,370.0,52.539,,,370.0,41.6689,370.0,59.7988,,,370.0,44.0941,370.0,51.2596,370.0,23.5571,370.0,32.618,370.0,24.1611,370.0,24.7652,370.0,15.1007,,,370.0,20.537,371.0,50.685
371.0,44.6916,,,371.0,73.6764,371.0,51.935,,,371.0,41.065,371.0,59.7988,,,371.0,43.4901,371.0,51.2596,371.0,22.9531,371.0,32.618,371.0,24.1611,371.0,24.7652,371.0,15.1007,,,371.0,20.537,372.0,50.685
372.0,44.0877,,,372.0,73.6764,372.0,51.935,,,372.0,41.065,372.0,62.2149,,,372.0,43.4901,372.0,51.2596,372.0,23.5571,372.0,32.618,372.0,24.1611,372.0,24.7652,372.0,15.7047,,,372.0,19.9329,373.0,50.685
373.0,44.0877,,,373.0,73.6764,373.0,51.935,,,373.0,41.6689,373.0,62.2149,,,373.0,43.4901,373.0,51.2596,373.0,22.9531,373.0,32.014,373.0,24.1611,373.0,24.7652,373.0,15.1007,,,373.0,20.537,374.0,50.685
374.0,44.6916,,,374.0,73.6764,374.0,51.935,,,374.0,41.065,374.0,62.2149,,,374.0,43.4901,374.0,51.2596,374.0,23.5571,374.0,32.618,374.0,24.1611,374.0,24.7652,374.0,15.1007,,,374.0,20.537,375.0,50.685
375.0,44.0877,,,375.0,73.6764,375.0,51.331,,,375.0,41.6689,375.0,62.2149,,,375.0,43.4901,375.0,51.2596,375.0,23.5571,375.0,32.014,375.0,24.1611,375.0,24.7652,375.0,14.4967,,,375.0,19.9329,376.0,50.685
376.0,44.6916,,,376.0,73.6764,376.0,51.331,,,376.0,41.065,376.0,60.4029,,,376.0,43.4901,376.0,51.2596,376.0,23.5571,376.0,32.618,376.0,24.1611,376.0,24.7652,376.0,15.1007,,,376.0,19.9329,377.0,50.685
377.0,44.0877,,,377.0,73.6764,377.0,51.331,,,377.0,41.065,377.0,59.1948,,,377.0,42.886,377.0,51.2596,377.0,22.9531,377.0,32.014,377.0,24.1611,377.0,24.7652,377.0,15.1007,,,377.0,19.9329,378.0,50.0816
378.0,44.6916,,,378.0,73.6764,378.0,51.935,,,378.0,41.065,378.0,59.1948,,,378.0,42.886,378.0,51.2596,378.0,22.9531,378.0,32.618,378.0,24.1611,378.0,24.7652,378.0,14.4967,,,378.0,19.3289,379.0,50.685
379.0,44.0877,,,379.0,73.6764,379.0,51.331,,,379.0,41.065,379.0,59.1948,,,379.0,42.886,379.0,51.2596,379.0,22.9531,379.0,32.618,379.0,24.1611,379.0,24.7652,379.0,15.1007,,,379.0,18.7249,380.0,50.0816
380.0,44.6916,,,380.0,73.6764,380.0,51.331,,,380.0,41.065,380.0,59.1948,,,380.0,42.886,380.0,50.6566,380.0,22.9531,380.0,32.014,380.0,24.1611,380.0,24.1611,380.0,14.4967,,,380.0,18.7249,381.0,50.0816
381.0,44.0877,,,381.0,73.6764,381.0,51.331,,,381.0,41.065,381.0,61.6109,,,381.0,42.282,381.0,50.6566,381.0,22.9531,381.0,32.014,381.0,23.5571,381.0,24.7652,381.0,14.4967,,,381.0,18.7249,382.0,50.0816
382.0,44.0877,,,382.0,73.0725,382.0,51.331,,,382.0,41.065,382.0,59.1948,,,382.0,42.886,382.0,50.6566,382.0,22.9531,382.0,32.014,382.0,23.5571,382.0,24.1611,382.0,15.1007,,,382.0,18.1209,383.0,50.0816
383.0,44.0877,,,383.0,73.6764,383.0,51.331,,,383.0,41.065,383.0,62.2149,,,383.0,42.886,383.0,50.6566,383.0,22.9531,383.0,32.014,383.0,23.5571,383.0,24.1611,383.0,14.4967,,,383.0,18.1209,384.0,50.0816
384.0,44.0877,,,384.0,73.6764,384.0,51.331,,,384.0,41.065,384.0,59.1948,,,384.0,42.282,384.0,50.6566,384.0,22.9531,384.0,32.014,384.0,23.5571,384.0,24.1611,384.0,14.4967,,,384.0,18.1209,385.0,50.0816
385.0,43.4837,,,385.0,73.6764,385.0,51.331,,,385.0,40.4611,385.0,59.1948,,,385.0,42.886,385.0,50.6566,385.0,22.3491,385.0,32.014,385.0,23.5571,385.0,24.1611,385.0,14.4967,,,385.0,18.1209,386.0,50.0816
386.0,43.4837,,,386.0,73.0725,386.0,51.331,,,386.0,40.4611,386.0,61.0069,,,386.0,42.282,386.0,50.6566,386.0,22.9531,386.0,31.409,386.0,23.5571,386.0,24.1611,386.0,14.4967,,,386.0,18.1209,387.0,50.0816
387.0,44.0877,,,387.0,73.0725,387.0,50.727,,,387.0,40.4611,387.0,59.1948,,,387.0,42.886,387.0,50.6566,387.0,22.9531,387.0,31.409,387.0,23.5571,387.0,24.1611,387.0,14.4967,,,387.0,17.5168,388.0,50.0816
388.0,44.0877,,,388.0,73.0725,388.0,51.331,,,388.0,40.4611,388.0,58.5908,,,388.0,42.282,388.0,50.6566,388.0,22.3491,388.0,31.409,388.0,23.5571,388.0,24.1611,388.0,15.1007,,,388.0,17.5168,389.0,50.0816
389.0,44.0877,,,389.0,73.0725,389.0,50.727,,,389.0,41.065,389.0,58.5908,,,389.0,41.678,389.0,50.6566,389.0,22.3491,389.0,31.409,389.0,23.5571,389.0,24.1611,389.0,14.4967,,,389.0,17.5168,390.0,50.0816
390.0,43.4837,,,390.0,73.0725,390.0,50.727,,,390.0,40.4611,390.0,59.7988,,,390.0,42.282,390.0,50.6566,390.0,22.9531,390.0,31.409,390.0,23.5571,390.0,24.1611,390.0,14.4967,,,390.0,17.5168,391.0,50.0816
391.0,43.4837,,,391.0,73.0725,391.0,50.727,,,391.0,41.065,391.0,58.5908,,,391.0,41.678,391.0,50.0535,391.0,22.3491,391.0,31.409,391.0,23.5571,391.0,24.1611,391.0,14.4967,,,391.0,17.5168,392.0,50.0816
392.0,43.4837,,,392.0,73.0725,392.0,50.727,,,392.0,39.8572,392.0,59.7988,,,392.0,42.282,392.0,50.6566,392.0,22.3491,392.0,31.409,392.0,23.5571,392.0,24.1611,392.0,15.1007,,,392.0,17.5168,393.0,49.4782
393.0,43.4837,,,393.0,73.0725,393.0,50.727,,,393.0,40.4611,393.0,59.1948,,,393.0,41.678,393.0,50.6566,393.0,22.3491,393.0,31.409,393.0,23.5571,393.0,24.1611,393.0,15.1007,,,393.0,18.1209,394.0,50.0816
394.0,44.0877,,,394.0,73.0725,394.0,50.727,,,394.0,40.4611,394.0,58.5908,,,394.0,41.678,394.0,50.0535,394.0,22.3491,394.0,31.409,394.0,23.5571,394.0,24.1611,394.0,14.4967,,,394.0,17.5168,395.0,49.4782
395.0,44.0877,,,395.0,73.0725,395.0,50.727,,,395.0,39.8572,395.0,58.5908,,,395.0,41.678,395.0,50.0535,395.0,22.3491,395.0,31.409,395.0,22.9531,395.0,23.5571,395.0,14.4967,,,395.0,16.9128,396.0,49.4782
396.0,43.4837,,,396.0,73.0725,396.0,50.727,,,396.0,40.4611,396.0,58.5908,,,396.0,41.678,396.0,50.0535,396.0,22.3491,396.0,31.409,396.0,22.9531,396.0,24.1611,396.0,15.1007,,,396.0,16.9128,397.0,49.4782
397.0,44.0877,,,397.0,73.0725,397.0,50.123,,,397.0,40.4611,397.0,61.6109,,,397.0,41.678,397.0,50.0535,397.0,22.9531,397.0,30.805,397.0,22.9531,397.0,23.5571,397.0,14.4967,,,397.0,16.9128,398.0,49.4782
398.0,44.0877,,,398.0,73.0725,398.0,50.123,,,398.0,39.8572,398.0,58.5908,,,398.0,41.678,398.0,50.0535,398.0,22.3491,398.0,30.805,398.0,22.9531,398.0,23.5571,398.0,15.1007,,,398.0,16.9128,399.0,49.4782
399.0,44.0877,,,399.0,72.4686,399.0,50.123,,,399.0,40.4611,399.0,58.5908,,,399.0,41.678,399.0,50.0535,399.0,22.3491,399.0,31.409,399.0,22.9531,399.0,23.5571,399.0,14.4967,,,399.0,16.3088,400.0,49.4782
400.0,44.0877,,,400.0,73.0725,400.0,50.123,,,400.0,39.8572,400.0,58.5908,,,400.0,41.678,400.0,50.0535,400.0,22.3491,400.0,30.805,400.0,22.9531,,,400.0,13.8927,,,400.0,16.3088,401.0,49.4782
401.0,44.0877,,,401.0,72.4686,401.0,50.123,,,401.0,39.8572,401.0,58.5908,,,401.0,41.678,401.0,50.0535,401.0,22.3491,401.0,30.805,401.0,22.9531,,,401.0,14.4967,,,401.0,16.3088,402.0,49.4782
402.0,44.0877,,,402.0,73.0725,402.0,50.727,,,402.0,39.2533,402.0,58.5908,,,402.0,41.678,402.0,50.0535,402.0,22.3491,402.0,30.805,402.0,22.9531,,,402.0,14.4967,,,402.0,16.9128,403.0,48.8748
403.0,44.0877,,,403.0,72.4686,403.0,50.123,,,403.0,39.8572,403.0,57.9867,,,403.0,41.678,403.0,50.0535,403.0,22.3491,403.0,30.805,403.0,22.9531,,,403.0,14.4967,,,403.0,16.3088,404.0,49.4782
404.0,44.0877,,,404.0,73.0725,404.0,50.123,,,404.0,39.8572,404.0,61.0069,,,404.0,41.678,404.0,50.0535,404.0,22.3491,404.0,30.805,404.0,22.9531,,,404.0,14.4967,,,404.0,16.3088,405.0,49.4782
405.0,43.4837,,,405.0,73.0725,405.0,50.123,,,405.0,39.8572,405.0,59.1948,,,405.0,41.678,405.0,50.0535,405.0,22.3491,405.0,30.805,405.0,22.9531,,,405.0,15.1007,,,405.0,16.3088,406.0,48.8748
406.0,44.0877,,,406.0,73.0725,406.0,50.123,,,406.0,39.8572,406.0,58.5908,,,406.0,41.0739,406.0,50.0535,406.0,22.3491,406.0,30.805,406.0,22.9531,,,406.0,14.4967,,,406.0,16.3088,407.0,48.8748
407.0,43.4837,,,407.0,72.4686,407.0,49.52,,,407.0,39.8572,407.0,58.5908,,,407.0,41.0739,407.0,50.0535,407.0,22.3491,407.0,30.201,407.0,22.9531,,,407.0,14.4967,,,407.0,15.7047,408.0,48.8748
408.0,44.0877,,,408.0,73.0725,408.0,50.123,,,408.0,39.2533,408.0,57.9867,,,408.0,41.0739,408.0,50.0535,408.0,22.3491,408.0,30.805,408.0,22.9531,,,408.0,15.1007,,,408.0,15.7047,409.0,48.8748
409.0,43.4837,,,409.0,73.0725,409.0,50.123,,,409.0,39.8572,409.0,57.9867,,,409.0,41.0739,409.0,49.4505,409.0,22.3491,409.0,30.201,409.0,22.9531,,,409.0,14.4967,,,409.0,16.3088,410.0,48.8748
410.0,43.4837,,,410.0,73.0725,410.0,50.123,,,410.0,39.8572,410.0,57.9867,,,410.0,41.0739,410.0,49.4505,410.0,21.745,410.0,30.201,410.0,22.3491,,,410.0,14.4967,,,410.0,16.3088,411.0,48.8748
411.0,42.8798,,,411.0,73.0725,411.0,49.52,,,411.0,39.2533,411.0,57.9867,,,411.0,40.4699,411.0,49.4505,411.0,22.3491,411.0,30.201,411.0,22.9531,,,411.0,13.8927,,,411.0,16.3088,412.0,48.8748
412.0,43.4837,,,412.0,72.4686,412.0,50.123,,,412.0,39.2533,412.0,57.9867,,,412.0,40.4699,412.0,49.4505,412.0,22.3491,412.0,30.201,412.0,22.3491,,,412.0,14.4967,,,412.0,16.3088,413.0,48.8748
413.0,43.4837,,,413.0,72.4686,413.0,50.123,,,413.0,39.8572,413.0,57.9867,,,413.0,41.0739,413.0,49.4505,413.0,22.3491,413.0,30.201,413.0,22.9531,,,413.0,14.4967,,,413.0,16.3088,414.0,48.8748
414.0,43.4837,,,414.0,72.4686,414.0,49.52,,,414.0,39.2533,414.0,60.4029,,,414.0,40.4699,414.0,49.4505,414.0,22.3491,414.0,30.201,414.0,22.3491,,,414.0,14.4967,,,414.0,16.9128,415.0,48.8748
415.0,43.4837,,,415.0,72.4686,415.0,50.123,,,415.0,39.2533,415.0,57.9867,,,415.0,41.0739,415.0,49.4505,415.0,22.3491,415.0,30.201,415.0,22.3491,,,415.0,15.1007,,,415.0,16.3088,416.0,48.8748
416.0,43.4837,,,416.0,72.4686,416.0,49.52,,,416.0,39.8572,416.0,57.9867,,,416.0,40.4699,416.0,49.4505,416.0,22.3491,416.0,30.201,416.0,22.3491,,,416.0,14.4967,,,416.0,16.3088,417.0,48.8748
417.0,43.4837,,,417.0,72.4686,417.0,50.123,,,417.0,39.2533,417.0,57.3827,,,417.0,41.0739,417.0,49.4505,417.0,21.745,417.0,30.201,417.0,22.3491,,,417.0,14.4967,,,417.0,16.3088,418.0,48.8748
418.0,43.4837,,,418.0,72.4686,418.0,49.52,,,418.0,39.2533,418.0,57.3827,,,418.0,40.4699,418.0,49.4505,418.0,21.745,418.0,30.201,418.0,22.3491,,,418.0,14.4967,,,418.0,16.3088,419.0,48.8748
419.0,43.4837,,,419.0,72.4686,419.0,49.52,,,419.0,39.2533,419.0,57.3827,,,419.0,40.4699,419.0,49.4505,419.0,21.745,419.0,30.201,419.0,22.3491,,,419.0,14.4967,,,419.0,16.3088,420.0,48.8748
420.0,43.4837,,,420.0,72.4686,420.0,50.123,,,420.0,39.2533,420.0,57.3827,,,420.0,40.4699,420.0,49.4505,420.0,22.3491,420.0,30.201,420.0,22.3491,,,420.0,15.1007,,,420.0,16.3088,421.0,48.8748
421.0,43.4837,,,421.0,72.4686,421.0,49.52,,,421.0,39.8572,421.0,57.9867,,,421.0,40.4699,421.0,49.4505,,,421.0,30.201,421.0,22.3491,,,421.0,14.4967,,,,,422.0,48.8748
422.0,43.4837,,,422.0,72.4686,422.0,49.52,,,422.0,39.2533,422.0,57.3827,,,422.0,40.4699,422.0,49.4505,,,422.0,29.597,422.0,21.745,,,422.0,14.4967,,,,,423.0,48.8748
423.0,43.4837,,,423.0,72.4686,423.0,49.52,,,423.0,39.2533,423.0,57.3827,,,423.0,40.4699,423.0,49.4505,,,423.0,30.201,423.0,22.3491,,,423.0,15.1007,,,,,424.0,48.8748
424.0,43.4837,,,424.0,72.4686,424.0,49.52,,,424.0,38.6494,424.0,57.9867,,,424.0,40.4699,424.0,49.4505,,,424.0,30.201,424.0,21.745,,,424.0,14.4967,,,,,425.0,48.2715
425.0,42.8798,,,425.0,72.4686,425.0,49.52,,,425.0,39.2533,425.0,57.9867,,,425.0,40.4699,425.0,49.4505,,,425.0,30.201,425.0,21.745,,,425.0,14.4967,,,,,426.0,48.2715
426.0,42.8798,,,426.0,72.4686,426.0,49.52,,,426.0,39.2533,426.0,57.3827,,,426.0,40.4699,426.0,49.4505,,,426.0,30.201,426.0,21.745,,,426.0,15.1007,,,,,427.0,48.2715
427.0,42.8798,,,427.0,72.4686,427.0,49.52,,,427.0,39.2533,427.0,57.3827,,,427.0,40.4699,427.0,48.8474,,,427.0,29.597,427.0,21.745,,,427.0,14.4967,,,,,428.0,48.2715
428.0,42.8798,,,428.0,72.4686,428.0,48.916,,,428.0,39.2533,428.0,57.3827,,,428.0,40.4699,428.0,48.8474,,,428.0,29.597,428.0,21.745,,,428.0,14.4967,,,,,429.0,48.2715
429.0,42.8798,,,429.0,72.4686,429.0,49.52,,,429.0,39.2533,429.0,57.3827,,,429.0,40.4699,429.0,48.8474,,,429.0,30.201,429.0,21.745,,,429.0,15.1007,,,,,430.0,48.2715
430.0,42.8798,,,430.0,72.4686,430.0,49.52,,,430.0,39.2533,430.0,57.3827,,,430.0,39.8659,430.0,48.8474,,,430.0,29.597,430.0,21.745,,,430.0,14.4967,,,,,431.0,48.2715
431.0,42.8798,,,431.0,72.4686,431.0,49.52,,,431.0,39.2533,431.0,57.3827,,,431.0,39.8659,431.0,48.8474,,,431.0,29.597,431.0,21.745,,,431.0,13.8927,,,,,432.0,48.2715
432.0,42.8798,,,432.0,72.4686,432.0,48.916,,,432.0,38.6494,432.0,57.3827,,,432.0,40.4699,432.0,48.8474,,,432.0,29.597,432.0,21.745,,,432.0,15.1007,,,,,433.0,48.2715
433.0,42.8798,,,433.0,72.4686,433.0,48.916,,,433.0,38.6494,433.0,56.7787,,,433.0,40.4699,433.0,48.8474,,,433.0,29.597,433.0,21.745,,,433.0,14.4967,,,,,434.0,48.2715
434.0,42.8798,,,434.0,72.4686,434.0,49.52,,,434.0,39.2533,434.0,57.3827,,,434.0,39.8659,434.0,48.8474,,,434.0,28.993,434.0,21.745,,,434.0,15.1007,,,,,435.0,48.2715
435.0,42.8798,,,435.0,72.4686,435.0,48.916,,,435.0,39.2533,435.0,56.7787,,,435.0,39.8659,435.0,48.8474,,,435.0,28.993,435.0,21.745,,,435.0,14.4967,,,,,436.0,48.2715
436.0,42.8798,,,436.0,72.4686,436.0,48.916,,,436.0,39.2533,436.0,56.7787,,,436.0,39.8659,436.0,48.8474,,,436.0,28.993,436.0,21.745,,,436.0,14.4967,,,,,437.0,48.2715
437.0,42.2758,,,437.0,72.4686,437.0,48.916,,,437.0,39.2533,437.0,56.7787,,,437.0,39.8659,437.0,48.8474,,,437.0,28.993,437.0,21.141,,,437.0,14.4967,,,,,438.0,48.2715
438.0,42.8798,,,438.0,72.4686,438.0,48.916,,,438.0,38.6494,438.0,56.7787,,,438.0,39.8659,438.0,48.2444,,,438.0,28.993,438.0,21.745,,,438.0,14.4967,,,,,439.0,48.2715
439.0,42.8798,,,439.0,72.4686,439.0,48.916,,,439.0,38.6494,439.0,56.7787,,,439.0,39.8659,439.0,48.8474,,,439.0,28.993,439.0,21.745,,,439.0,14.4967,,,,,440.0,47.6681
440.0,42.8798,,,440.0,71.8647,440.0,48.916,,,440.0,38.6494,440.0,56.7787,,,440.0,39.8659,440.0,48.8474,,,440.0,28.993,440.0,21.141,,,440.0,14.4967,,,,,441.0,47.6681
441.0,42.2758,,,441.0,71.8647,441.0,48.312,,,441.0,38.6494,441.0,56.7787,,,441.0,39.2619,441.0,48.8474,,,441.0,28.389,441.0,21.141,,,441.0,15.1007,,,,,442.0,47.6681
442.0,42.2758,,,442.0,72.4686,442.0,48.916,,,442.0,38.6494,442.0,56.7787,,,442.0,39.8659,442.0,48.2444,,,442.0,28.993,442.0,21.141,,,442.0,14.4967,,,,,443.0,47.6681
443.0,42.8798,,,443.0,72.4686,443.0,48.916,,,443.0,38.6494,443.0,56.7787,,,443.0,39.8659,443.0,48.2444,,,443.0,28.993,443.0,21.745,,,443.0,14.4967,,,,,444.0,47.6681
444.0,42.2758,,,444.0,72.4686,444.0,48.916,,,444.0,38.0455,444.0,56.7787,,,444.0,39.8659,444.0,48.2444,,,444.0,28.389,444.0,21.745,,,444.0,13.8927,,,,,445.0,47.6681
445.0,42.2758,,,445.0,71.8647,445.0,48.916,,,445.0,38.6494,445.0,56.7787,,,445.0,39.8659,445.0,48.2444,,,445.0,28.993,445.0,21.141,,,445.0,13.8927,,,,,446.0,47.6681
446.0,42.8798,,,446.0,72.4686,446.0,48.916,,,446.0,38.0455,446.0,57.3827,,,446.0,39.2619,446.0,48.2444,,,446.0,28.389,446.0,21.141,,,446.0,14.4967,,,,,447.0,47.6681
447.0,42.8798,,,447.0,71.8647,447.0,48.916,,,447.0,38.6494,447.0,56.7787,,,447.0,39.8659,447.0,48.2444,,,447.0,28.389,447.0,21.745,,,447.0,14.4967,,,,,448.0,47.6681
448.0,42.8798,,,448.0,71.8647,448.0,48.916,,,448.0,38.6494,448.0,56.7787,,,448.0,39.2619,448.0,48.2444,,,448.0,28.389,448.0,21.141,,,448.0,14.4967,,,,,449.0,47.6681
449.0,42.2758,,,449.0,71.8647,449.0,48.312,,,449.0,38.6494,449.0,56.7787,,,449.0,39.8659,449.0,48.2444,,,449.0,28.389,449.0,21.141,,,449.0,14.4967,,,,,450.0,47.6681
450.0,42.2758,,,450.0,71.8647,450.0,48.312,,,450.0,38.6494,450.0,56.1747,,,450.0,39.2619,450.0,48.2444,,,450.0,28.389,450.0,21.141,,,450.0,14.4967,,,,,451.0,47.6681
451.0,42.8798,,,451.0,71.8647,451.0,48.916,,,451.0,38.0455,451.0,56.7787,,,451.0,39.2619,451.0,48.2444,,,451.0,28.389,451.0,21.141,,,451.0,14.4967,,,,,452.0,47.6681
452.0,42.2758,,,452.0,71.8647,452.0,48.312,,,452.0,38.6494,452.0,56.7787,,,452.0,39.8659,452.0,48.2444,,,452.0,28.389,452.0,21.141,,,452.0,13.8927,,,,,453.0,47.6681
453.0,42.8798,,,453.0,71.8647,453.0,48.312,,,453.0,38.0455,453.0,56.1747,,,453.0,39.2619,453.0,48.2444,,,453.0,28.389,453.0,21.141,,,453.0,14.4967,,,,,454.0,47.6681
454.0,42.2758,,,454.0,71.8647,454.0,48.312,,,454.0,38.0455,454.0,56.7787,,,454.0,39.2619,454.0,48.2444,,,,,454.0,20.537,,,454.0,14.4967,,,,,455.0,47.6681
455.0,42.8798,,,455.0,71.8647,455.0,48.312,,,455.0,38.6494,455.0,56.7787,,,455.0,39.2619,455.0,48.2444,,,,,455.0,21.141,,,455.0,14.4967,,,,,456.0,46.4613
456.0,42.8798,,,456.0,71.8647,456.0,48.312,,,456.0,37.4416,456.0,56.1747,,,456.0,39.2619,456.0,48.2444,,,,,456.0,21.141,,,456.0,14.4967,,,,,457.0,47.6681
457.0,42.8798,,,457.0,71.8647,457.0,48.312,,,457.0,37.4416,457.0,56.7787,,,457.0,39.2619,457.0,48.2444,,,,,457.0,20.537,,,457.0,14.4967,,,,,458.0,47.6681
458.0,42.8798,,,458.0,71.2608,458.0,48.312,,,458.0,37.4416,458.0,56.7787,,,458.0,39.2619,458.0,48.2444,,,,,458.0,21.141,,,458.0,14.4967,,,,,459.0,47.0647
459.0,42.2758,,,459.0,71.2608,459.0,48.312,,,459.0,38.0455,459.0,56.7787,,,459.0,39.2619,459.0,48.2444,,,,,459.0,21.141,,,459.0,14.4967,,,,,460.0,47.0647
460.0,41.6719,,,460.0,71.2608,460.0,48.312,,,460.0,38.0455,460.0,56.1747,,,460.0,39.2619,460.0,48.2444,,,,,460.0,20.537,,,460.0,14.4967,,,,,461.0,47.0647
461.0,42.2758,,,461.0,71.2608,461.0,48.312,,,461.0,37.4416,461.0,56.1747,,,461.0,39.2619,461.0,48.2444,,,,,461.0,20.537,,,461.0,14.4967,,,,,462.0,47.0647
462.0,42.2758,,,462.0,71.2608,462.0,48.312,,,462.0,38.6494,462.0,56.1747,,,462.0,39.8659,462.0,48.2444,,,,,462.0,21.141,,,462.0,14.4967,,,,,463.0,47.0647
463.0,42.2758,,,463.0,71.2608,463.0,47.708,,,463.0,38.0455,463.0,56.1747,,,463.0,39.2619,463.0,48.2444,,,,,463.0,20.537,,,463.0,14.4967,,,,,464.0,47.0647
464.0,42.2758,,,464.0,71.2608,464.0,48.312,,,464.0,38.0455,464.0,56.1747,,,464.0,39.2619,464.0,47.6413,,,,,464.0,20.537,,,464.0,14.4967,,,,,465.0,47.0647
465.0,42.2758,,,465.0,71.2608,465.0,47.708,,,465.0,37.4416,465.0,56.1747,,,465.0,39.2619,465.0,48.2444,,,,,465.0,20.537,,,465.0,13.8927,,,,,466.0,47.0647
466.0,42.2758,,,466.0,71.2608,466.0,47.708,,,466.0,38.0455,466.0,56.1747,,,466.0,39.2619,466.0,47.6413,,,,,466.0,20.537,,,466.0,14.4967,,,,,467.0,47.0647
467.0,42.2758,,,467.0,71.2608,467.0,47.708,,,467.0,37.4416,467.0,56.1747,,,467.0,38.6578,467.0,47.6413,,,,,467.0,20.537,,,467.0,13.8927,,,,,468.0,47.0647
468.0,42.2758,,,468.0,71.2608,468.0,47.708,,,468.0,37.4416,468.0,56.1747,,,468.0,39.2619,468.0,47.6413,,,,,468.0,21.141,,,468.0,14.4967,,,,,469.0,47.0647
469.0,42.2758,,,469.0,71.2608,469.0,47.708,,,469.0,37.4416,469.0,56.1747,,,469.0,39.2619,469.0,47.6413,,,,,469.0,21.141,,,469.0,13.8927,,,,,470.0,47.0647
470.0,42.2758,,,470.0,71.2608,470.0,47.708,,,470.0,37.4416,470.0,56.1747,,,470.0,39.2619,470.0,47.6413,,,,,470.0,20.537,,,470.0,14.4967,,,,,471.0,47.0647
471.0,42.2758,,,471.0,71.2608,471.0,47.708,,,471.0,37.4416,471.0,56.1747,,,471.0,38.6578,471.0,47.6413,,,,,471.0,20.537,,,471.0,13.8927,,,,,472.0,47.0647
472.0,42.2758,,,472.0,71.2608,472.0,47.708,,,472.0,37.4416,472.0,56.1747,,,472.0,38.6578,472.0,47.6413,,,,,472.0,20.537,,,472.0,14.4967,,,,,473.0,47.0647
473.0,42.2758,,,473.0,71.2608,473.0,47.708,,,473.0,37.4416,473.0,56.1747,,,473.0,38.6578,473.0,47.6413,,,,,473.0,21.141,,,473.0,13.8927,,,,,474.0,47.0647
474.0,42.2758,,,474.0,71.2608,474.0,47.708,,,474.0,37.4416,474.0,56.1747,,,474.0,38.6578,474.0,47.6413,,,,,474.0,21.141,,,474.0,14.4967,,,,,475.0,47.0647
475.0,42.2758,,,475.0,71.2608,475.0,47.708,,,475.0,37.4416,475.0,56.1747,,,475.0,38.6578,475.0,47.0383,,,,,475.0,21.141,,,475.0,15.1007,,,,,476.0,47.0647
476.0,42.2758,,,476.0,70.6569,476.0,47.708,,,476.0,37.4416,476.0,56.1747,,,476.0,39.2619,476.0,47.0383,,,,,476.0,21.141,,,476.0,14.4967,,,,,477.0,47.0647
477.0,42.2758,,,477.0,71.2608,477.0,47.708,,,477.0,36.8377,477.0,56.1747,,,477.0,39.2619,477.0,47.0383,,,,,477.0,21.141,,,477.0,14.4967,,,,,478.0,47.0647
478.0,42.2758,,,478.0,70.6569,478.0,47.708,,,478.0,37.4416,478.0,56.1747,,,478.0,38.6578,478.0,47.0383,,,,,478.0,21.141,,,478.0,15.1007,,,,,479.0,47.0647
479.0,42.2758,,,479.0,70.6569,479.0,47.104,,,479.0,37.4416,479.0,56.1747,,,479.0,38.6578,,,,,,,479.0,21.141,,,479.0,14.4967,,,,,480.0,47.0647
480.0,42.2758,,,480.0,70.6569,480.0,47.708,,,480.0,37.4416,480.0,56.1747,,,,,,,,,,,480.0,21.141,,,480.0,14.4967,,,,,,
481.0,42.2758,,,481.0,71.2608,481.0,47.104,,,481.0,36.8377,,,,,,,,,,,,,481.0,21.141,,,481.0,14.4967,,,,,,
482.0,42.2758,,,482.0,70.6569,482.0,47.708,,,482.0,36.8377,,,,,,,,,,,,,482.0,20.537,,,482.0,14.4967,,,,,,
483.0,42.2758,,,483.0,70.6569,483.0,47.104,,,483.0,37.4416,,,,,,,,,,,,,483.0,20.537,,,483.0,14.4967,,,,,,
484.0,42.2758,,,484.0,71.2608,484.0,47.104,,,484.0,37.4416,,,,,,,,,,,,,484.0,21.141,,,484.0,14.4967,,,,,,
485.0,42.2758,,,485.0,70.6569,485.0,47.104,,,485.0,37.4416,,,,,,,,,,,,,485.0,21.141,,,485.0,14.4967,,,,,,
,,,,486.0,70.6569,486.0,47.104,,,486.0,37.4416,,,,,,,,,,,,,486.0,21.141,,,486.0,13.8927,,,,,,
,,,,487.0,70.6569,487.0,47.104,,,487.0,36.8377,,,,,,,,,,,,,487.0,20.537,,,487.0,13.8927,,,,,,
,,,,488.0,70.6569,488.0,46.5,,,488.0,37.4416,,,,,,,,,,,,,488.0,20.537,,,488.0,14.4967,,,,,,
,,,,489.0,70.6569,489.0,46.5,,,489.0,37.4416,,,,,,,,,,,,,489.0,20.537,,,489.0,13.8927,,,,,,
,,,,490.0,70.6569,490.0,47.104,,,490.0,37.4416,,,,,,,,,,,,,490.0,20.537,,,490.0,14.4967,,,,,,
,,,,,,491.0,46.5,,,491.0,37.4416,,,,,,,,,,,,,491.0,20.537,,,491.0,13.8927,,,,,,
,,,,,,492.0,46.5,,,492.0,37.4416,,,,,,,,,,,,,492.0,20.537,,,492.0,13.8927,,,,,,
,,,,,,493.0,47.104,,,493.0,36.8377,,,,,,,,,,,,,493.0,20.537,,,493.0,14.4967,,,,,,
,,,,,,494.0,46.5,,,494.0,36.8377,,,,,,,,,,,,,494.0,20.537,,,494.0,13.8927,,,,,,
,,,,,,495.0,46.5,,,495.0,37.4416,,,,,,,,,,,,,495.0,20.537,,,495.0,13.8927,,,,,,
,,,,,,496.0,47.104,,,496.0,36.8377,,,,,,,,,,,,,496.0,20.537,,,496.0,13.8927,,,,,,
,,,,,,497.0,46.5,,,497.0,36.8377,,,,,,,,,,,,,497.0,20.537,,,497.0,13.8927,,,,,,
,,,,,,498.0,46.5,,,498.0,36.8377,,,,,,,,,,,,,498.0,20.537,,,498.0,14.4967,,,,,,
,,,,,,499.0,46.5,,,499.0,36.8377,,,,,,,,,,,,,499.0,20.537,,,499.0,14.4967,,,,,,
,,,,,,500.0,47.104,,,500.0,36.8377,,,,,,,,,,,,,500.0,20.537,,,500.0,14.4967,,,,,,
,,,,,,501.0,46.5,,,501.0,37.4416,,,,,,,,,,,,,501.0,20.537,,,501.0,13.8927,,,,,,
,,,,,,502.0,46.5,,,502.0,36.8377,,,,,,,,,,,,,502.0,20.537,,,502.0,13.8927,,,,,,
,,,,,,503.0,46.5,,,503.0,37.4416,,,,,,,,,,,,,503.0,20.537,,,503.0,14.4967,,,,,,
,,,,,,504.0,46.5,,,504.0,37.4416,,,,,,,,,,,,,504.0,20.537,,,504.0,13.8927,,,,,,
,,,,,,505.0,45.896,,,505.0,37.4416,,,,,,,,,,,,,505.0,19.9329,,,505.0,13.8927,,,,,,
,,,,,,506.0,46.5,,,506.0,37.4416,,,,,,,,,,,,,506.0,19.9329,,,506.0,14.4967,,,,,,
,,,,,,507.0,46.5,,,507.0,36.8377,,,,,,,,,,,,,507.0,20.537,,,507.0,13.8927,,,,,,
,,,,,,508.0,46.5,,,508.0,37.4416,,,,,,,,,,,,,508.0,19.9329,,,508.0,13.8927,,,,,,
,,,,,,509.0,45.896,,,509.0,37.4416,,,,,,,,,,,,,509.0,19.9329,,,509.0,13.8927,,,,,,
,,,,,,510.0,46.5,,,510.0,37.4416,,,,,,,,,,,,,510.0,19.9329,,,510.0,13.8927,,,,,,
,,,,,,511.0,45.896,,,511.0,37.4416,,,,,,,,,,,,,511.0,19.9329,,,511.0,14.4967,,,,,,
,,,,,,512.0,45.896,,,,,,,,,,,,,,,,,512.0,19.9329,,,512.0,14.4967,,,,,,
,,,,,,513.0,46.5,,,,,,,,,,,,,,,,,513.0,19.9329,,,513.0,13.8927,,,,,,
,,,,,,514.0,45.896,,,,,,,,,,,,,,,,,514.0,19.9329,,,514.0,13.8927,,,,,,
,,,,,,515.0,45.896,,,,,,,,,,,,,,,,,515.0,20.537,,,515.0,14.4967,,,,,,
,,,,,,516.0,45.896,,,,,,,,,,,,,,,,,516.0,20.537,,,516.0,13.8927,,,,,,
,,,,,,517.0,45.896,,,,,,,,,,,,,,,,,517.0,21.141,,,517.0,13.8927,,,,,,
,,,,,,518.0,45.896,,,,,,,,,,,,,,,,,518.0,21.141,,,518.0,13.8927,,,,,,
,,,,,,519.0,45.896,,,,,,,,,,,,,,,,,519.0,20.537,,,519.0,13.8927,,,,,,
,,,,,,520.0,45.896,,,,,,,,,,,,,,,,,520.0,20.537,,,520.0,14.4967,,,,,,
,,,,,,521.0,45.292,,,,,,,,,,,,,,,,,521.0,20.537,,,521.0,13.8927,,,,,,
,,,,,,522.0,45.896,,,,,,,,,,,,,,,,,522.0,20.537,,,522.0,13.8927,,,,,,
,,,,,,523.0,45.896,,,,,,,,,,,,,,,,,523.0,20.537,,,523.0,14.4967,,,,,,
,,,,,,524.0,45.896,,,,,,,,,,,,,,,,,524.0,20.537,,,524.0,13.8927,,,,,,
,,,,,,525.0,45.896,,,,,,,,,,,,,,,,,525.0,19.9329,,,525.0,14.4967,,,,,,
,,,,,,526.0,45.896,,,,,,,,,,,,,,,,,526.0,19.9329,,,526.0,13.8927,,,,,,
,,,,,,527.0,45.896,,,,,,,,,,,,,,,,,527.0,19.9329,,,527.0,14.4967,,,,,,
,,,,,,528.0,45.896,,,,,,,,,,,,,,,,,528.0,19.9329,,,528.0,13.8927,,,,,,
,,,,,,529.0,45.896,,,,,,,,,,,,,,,,,529.0,19.9329,,,529.0,14.4967,,,,,,
,,,,,,530.0,45.896,,,,,,,,,,,,,,,,,530.0,19.3289,,,530.0,14.4967,,,,,,
,,,,,,531.0,45.292,,,,,,,,,,,,,,,,,531.0,19.9329,,,531.0,13.8927,,,,,,
,,,,,,532.0,45.896,,,,,,,,,,,,,,,,,532.0,19.9329,,,532.0,13.8927,,,,,,
,,,,,,533.0,45.896,,,,,,,,,,,,,,,,,,,,,,,,,,,,
,,,,,,534.0,45.896,,,,,,,,,,,,,,,,,,,,,,,,,,,,
