x - _child0,y - _child0,x - _child1,y - _child1,x - _child2,y - _child2,x - _child3,y - _child3,x - _child4,y - _child4,x - _child5,y - _child5,x - _child6,y - _child6,x - _child7,y - _child7,x - _child8,y - _child8,x - _child9,y - _child9,x - _child10,y - _child10,x - _child11,y - _child11,x - _child12,y - _child12,x - _child13,y - _child13,x - _child14,y - _child14,x - _child15,y - _child15,x - _child16,y - _child16,x - _child17,y - _child17
1.0,5.749,1.0,5.553,1.0,5.693,1.0,5.886,1.0,6.832,1.0,6.036,1.0,5.563,1.0,5.282,1.0,6.046,1.0,5.124,1.0,5.933,1.0,7.332,1.0,5.205,1.0,6.085,1.0,4.299,1.0,6.394,1.0,7.14,1.0,4.775
2.0,6.215,2.0,7.653,2.0,5.929,2.0,6.254,2.0,8.106,2.0,7.455,2.0,6.523,2.0,6.353,2.0,7.753,2.0,8.362,2.0,6.191,2.0,9.227,2.0,5.631,2.0,6.588,2.0,5.868,2.0,7.348,2.0,8.309,2.0,5.394
3.0,7.612,3.0,8.263,3.0,5.943,3.0,6.483,3.0,9.115,3.0,8.282,3.0,7.266,3.0,7.274,3.0,8.536,3.0,9.005,3.0,7.609,3.0,9.874,3.0,6.277,3.0,7.478,3.0,6.362,3.0,8.417,3.0,8.93,3.0,6.383
4.0,7.921,4.0,8.591,4.0,5.979,4.0,6.482,4.0,10.123,4.0,8.863,4.0,7.574,4.0,7.568,4.0,8.777,4.0,9.163,4.0,7.864,4.0,10.147,4.0,6.481,4.0,8.189,4.0,6.474,4.0,8.78,4.0,9.386,4.0,6.508
5.0,8.329,5.0,8.877,5.0,5.949,5.0,6.549,5.0,10.717,5.0,9.202,5.0,7.902,5.0,7.687,5.0,9.018,5.0,9.451,5.0,7.999,5.0,10.383,5.0,6.616,5.0,8.377,5.0,6.604,5.0,9.002,5.0,9.611,5.0,6.605
6.0,8.627,6.0,8.974,6.0,6.019,6.0,9.095,6.0,11.028,6.0,9.375,6.0,8.104,6.0,7.913,6.0,9.288,6.0,9.656,6.0,8.18,6.0,10.554,6.0,6.694,6.0,8.479,6.0,6.781,6.0,9.157,6.0,9.814,6.0,6.679
7.0,8.8,7.0,9.098,7.0,8.382,7.0,10.429,7.0,11.151,7.0,9.481,7.0,8.218,7.0,8.013,7.0,9.307,7.0,9.839,7.0,8.264,7.0,10.702,7.0,6.758,7.0,8.674,7.0,6.782,7.0,9.351,7.0,9.982,7.0,6.842
8.0,8.985,8.0,9.115,8.0,9.091,8.0,10.973,8.0,11.364,8.0,9.743,8.0,8.358,8.0,8.17,8.0,9.448,8.0,9.947,8.0,8.38,8.0,10.9,8.0,6.828,8.0,8.671,8.0,6.831,8.0,9.445,8.0,10.189,8.0,6.898
9.0,9.064,9.0,9.286,9.0,9.494,9.0,11.739,9.0,11.514,9.0,9.766,9.0,8.386,9.0,8.311,9.0,9.593,9.0,10.131,9.0,8.423,9.0,10.873,9.0,6.861,9.0,8.855,9.0,6.849,9.0,9.559,9.0,10.276,9.0,6.945
10.0,9.171,10.0,9.292,10.0,9.729,10.0,12.886,10.0,11.736,10.0,9.875,10.0,8.552,10.0,8.368,10.0,9.736,10.0,10.323,10.0,8.594,10.0,11.217,10.0,6.986,10.0,8.874,10.0,6.935,10.0,9.662,10.0,10.329,10.0,7.029
11.0,9.208,11.0,9.453,11.0,10.028,11.0,13.063,11.0,11.95,11.0,10.008,11.0,8.659,11.0,8.439,11.0,9.828,11.0,10.447,11.0,8.6,11.0,11.286,11.0,6.969,11.0,9.005,11.0,6.976,11.0,9.729,11.0,10.445,11.0,7.119
12.0,9.287,12.0,9.413,12.0,10.194,12.0,13.164,12.0,12.104,12.0,10.053,12.0,8.685,12.0,8.57,12.0,9.975,12.0,10.431,12.0,8.671,12.0,11.436,12.0,7.004,12.0,9.049,12.0,7.062,12.0,9.813,12.0,10.525,12.0,7.14
13.0,9.341,13.0,9.611,13.0,10.36,13.0,13.232,13.0,12.248,13.0,10.152,13.0,8.849,13.0,8.681,13.0,10.01,13.0,10.556,13.0,8.766,13.0,11.494,13.0,7.103,13.0,9.102,13.0,6.997,13.0,9.867,13.0,10.532,13.0,7.173
14.0,9.417,14.0,9.66,14.0,10.571,14.0,13.428,14.0,12.464,14.0,10.223,14.0,8.91,14.0,8.718,14.0,10.042,14.0,10.644,14.0,8.87,14.0,11.636,14.0,7.117,14.0,9.141,14.0,7.048,14.0,9.993,14.0,10.707,14.0,7.299
15.0,9.468,15.0,9.714,15.0,10.604,15.0,13.547,15.0,12.57,15.0,10.295,15.0,8.938,15.0,8.847,15.0,10.241,15.0,10.689,15.0,8.851,15.0,11.799,15.0,7.214,15.0,9.294,15.0,7.043,15.0,10.014,15.0,10.672,15.0,7.331
16.0,9.547,16.0,9.717,16.0,10.801,16.0,13.669,16.0,12.621,16.0,10.475,16.0,9.011,16.0,8.791,16.0,10.338,16.0,10.874,16.0,9.018,16.0,11.838,16.0,7.25,16.0,9.327,16.0,7.162,16.0,10.039,16.0,10.711,16.0,7.368
17.0,9.553,17.0,9.882,17.0,10.958,17.0,13.778,17.0,12.782,17.0,10.473,17.0,9.143,17.0,8.921,17.0,10.345,17.0,10.889,17.0,9.03,17.0,11.911,17.0,7.257,17.0,9.389,17.0,7.116,17.0,10.279,17.0,10.863,17.0,7.429
18.0,9.629,18.0,9.85,18.0,11.034,18.0,14.042,18.0,12.861,18.0,10.483,18.0,9.184,18.0,8.948,18.0,10.471,18.0,11.045,18.0,9.166,18.0,11.934,18.0,7.285,18.0,9.398,18.0,7.141,18.0,10.27,18.0,10.869,18.0,7.494
19.0,9.651,19.0,9.916,19.0,11.115,19.0,14.066,19.0,12.886,19.0,10.576,19.0,9.315,19.0,9.036,19.0,10.584,19.0,11.115,19.0,9.11,19.0,12.099,19.0,7.374,19.0,9.562,19.0,7.167,19.0,10.313,19.0,10.943,19.0,7.484
20.0,9.743,20.0,9.957,20.0,11.231,20.0,14.147,20.0,13.11,20.0,10.772,20.0,9.323,20.0,9.133,20.0,10.618,20.0,11.274,20.0,9.285,20.0,12.054,20.0,7.435,20.0,9.603,20.0,7.23,20.0,10.334,20.0,11.018,20.0,7.503
21.0,9.749,21.0,10.039,21.0,11.283,21.0,14.407,21.0,13.098,21.0,10.827,21.0,9.417,21.0,9.128,21.0,10.726,21.0,11.379,21.0,9.337,21.0,12.125,21.0,7.416,21.0,9.613,21.0,7.218,21.0,10.339,21.0,11.046,21.0,7.565
22.0,9.763,22.0,10.109,22.0,11.404,22.0,14.435,22.0,13.192,22.0,10.874,22.0,9.586,22.0,9.246,22.0,10.867,22.0,11.473,22.0,9.447,22.0,12.245,22.0,7.514,22.0,9.758,22.0,7.217,22.0,10.466,22.0,11.125,22.0,7.6
23.0,9.83,23.0,10.178,23.0,11.522,23.0,14.58,23.0,13.263,23.0,10.867,23.0,9.502,23.0,9.278,23.0,10.849,23.0,11.523,23.0,9.413,23.0,12.351,23.0,7.53,23.0,9.701,23.0,7.23,23.0,10.502,23.0,11.179,23.0,7.607
24.0,9.865,24.0,10.081,24.0,11.385,24.0,14.666,24.0,13.381,24.0,10.939,24.0,9.565,24.0,9.246,24.0,10.988,24.0,11.704,24.0,9.512,24.0,12.415,24.0,7.562,24.0,9.829,24.0,7.294,24.0,10.643,24.0,11.269,24.0,7.655
25.0,9.985,25.0,10.169,25.0,11.609,25.0,14.653,25.0,13.414,25.0,10.932,25.0,9.754,25.0,9.321,25.0,10.956,25.0,11.738,25.0,9.558,25.0,12.508,25.0,7.564,25.0,9.847,25.0,7.291,25.0,10.659,25.0,11.254,25.0,7.658
26.0,9.985,26.0,10.252,26.0,11.828,26.0,14.887,26.0,13.629,26.0,11.046,26.0,9.789,26.0,9.445,26.0,11.102,26.0,11.821,26.0,9.585,26.0,12.377,26.0,7.607,26.0,9.962,26.0,7.339,26.0,10.632,26.0,11.397,26.0,7.748
27.0,9.996,27.0,10.214,27.0,11.616,27.0,15.154,27.0,13.699,27.0,11.13,27.0,9.794,27.0,9.57,27.0,11.157,27.0,11.962,27.0,9.671,27.0,12.593,27.0,7.66,27.0,10.002,27.0,7.294,27.0,10.71,27.0,11.425,27.0,7.793
28.0,10.078,28.0,10.287,28.0,11.987,28.0,15.147,28.0,13.737,28.0,11.076,28.0,9.853,28.0,9.668,28.0,11.3,28.0,12.1,28.0,9.701,28.0,12.691,28.0,7.736,28.0,10.078,28.0,7.369,28.0,10.743,28.0,11.441,28.0,7.809
29.0,10.04,29.0,10.343,29.0,12.01,29.0,15.288,29.0,13.801,29.0,11.252,29.0,9.833,29.0,9.791,29.0,11.301,29.0,12.091,29.0,9.707,29.0,12.679,29.0,7.728,29.0,9.979,29.0,7.413,29.0,10.831,29.0,11.491,29.0,7.866
30.0,10.176,30.0,10.393,30.0,12.04,30.0,15.377,30.0,13.782,30.0,11.302,30.0,9.953,30.0,9.846,30.0,11.34,30.0,12.404,30.0,9.694,30.0,12.655,30.0,7.747,30.0,10.101,30.0,7.437,30.0,10.911,30.0,11.541,30.0,7.961
31.0,10.191,31.0,10.474,31.0,12.102,31.0,15.421,31.0,13.887,31.0,11.277,31.0,9.923,31.0,9.791,31.0,11.407,31.0,13.578,31.0,9.781,31.0,12.678,31.0,7.776,31.0,10.068,31.0,7.457,31.0,10.906,31.0,11.539,31.0,7.923
32.0,10.168,32.0,10.536,32.0,12.12,32.0,15.456,32.0,14.129,32.0,11.395,32.0,9.965,32.0,9.861,32.0,11.368,32.0,13.644,32.0,9.791,32.0,12.777,32.0,7.831,32.0,10.169,32.0,7.52,32.0,11.091,32.0,11.638,32.0,7.904
33.0,10.292,33.0,10.466,33.0,12.204,33.0,15.641,33.0,14.05,33.0,11.455,33.0,10.044,33.0,9.923,33.0,11.607,33.0,13.923,33.0,9.799,33.0,12.78,33.0,7.826,33.0,10.204,33.0,7.532,33.0,11.164,33.0,11.61,33.0,7.99
34.0,10.36,34.0,10.575,34.0,12.06,34.0,15.662,34.0,14.255,34.0,11.457,34.0,10.169,34.0,10.003,34.0,11.599,34.0,13.908,34.0,9.833,34.0,12.859,34.0,7.871,34.0,10.369,34.0,7.51,34.0,11.135,34.0,11.684,34.0,8.018
35.0,10.411,35.0,10.483,35.0,12.16,35.0,15.596,35.0,14.259,35.0,11.633,35.0,10.173,35.0,10.038,35.0,11.643,35.0,14.071,35.0,9.853,35.0,12.97,35.0,7.919,35.0,10.283,35.0,7.447,35.0,11.136,35.0,11.785,35.0,8.059
36.0,10.288,36.0,10.557,36.0,12.351,36.0,15.886,36.0,14.461,36.0,11.572,36.0,10.294,36.0,10.129,36.0,11.634,36.0,14.103,36.0,10.024,36.0,13.0,36.0,7.8,36.0,10.235,36.0,7.523,36.0,11.157,36.0,11.78,36.0,8.056
37.0,10.359,37.0,10.515,37.0,12.358,37.0,15.897,37.0,14.552,37.0,11.672,37.0,10.303,37.0,10.156,37.0,11.722,37.0,14.289,37.0,10.013,37.0,12.998,37.0,7.882,37.0,10.307,37.0,7.54,37.0,11.134,37.0,11.807,37.0,8.126
38.0,10.471,38.0,10.585,38.0,12.544,38.0,15.94,38.0,14.569,38.0,11.76,38.0,10.232,38.0,10.129,38.0,11.735,38.0,14.249,38.0,10.046,38.0,13.063,38.0,7.935,38.0,10.33,38.0,7.528,38.0,11.164,38.0,11.855,38.0,8.184
39.0,10.549,39.0,10.645,39.0,12.466,39.0,16.149,39.0,14.598,39.0,11.715,39.0,10.35,39.0,10.129,39.0,11.824,39.0,14.278,39.0,10.117,39.0,13.044,39.0,7.998,39.0,10.506,39.0,7.626,39.0,11.3,39.0,11.969,39.0,8.209
40.0,10.513,40.0,10.673,40.0,12.56,40.0,16.113,40.0,14.742,40.0,11.882,40.0,10.475,40.0,10.189,40.0,11.881,40.0,14.338,40.0,10.236,40.0,13.09,40.0,7.951,40.0,10.491,40.0,7.485,40.0,11.344,40.0,11.889,40.0,8.215
41.0,10.507,41.0,10.76,41.0,12.578,41.0,16.308,41.0,14.806,41.0,11.785,41.0,10.526,41.0,10.287,41.0,11.919,41.0,14.516,41.0,10.171,41.0,13.142,41.0,8.051,41.0,10.525,41.0,7.633,41.0,11.275,41.0,12.009,41.0,8.238
42.0,10.587,42.0,10.729,42.0,12.604,42.0,16.344,42.0,14.824,42.0,12.038,42.0,10.426,42.0,10.242,42.0,11.908,42.0,14.523,42.0,10.213,42.0,13.183,42.0,8.016,42.0,10.525,42.0,7.66,42.0,11.412,42.0,12.025,42.0,8.291
43.0,10.643,43.0,10.727,43.0,12.771,43.0,16.416,43.0,14.894,43.0,11.974,43.0,10.595,43.0,10.298,43.0,12.012,43.0,14.696,43.0,10.297,43.0,13.249,43.0,8.008,43.0,10.511,43.0,7.649,43.0,11.394,43.0,12.086,43.0,8.392
44.0,10.684,44.0,10.867,44.0,12.836,44.0,16.625,44.0,15.044,44.0,12.008,44.0,10.558,44.0,10.398,44.0,12.072,44.0,14.819,44.0,10.24,44.0,13.322,44.0,8.055,44.0,10.615,44.0,7.668,44.0,11.431,44.0,12.074,44.0,8.375
45.0,10.697,45.0,10.906,45.0,12.763,45.0,16.508,45.0,15.143,45.0,12.08,45.0,10.575,45.0,10.311,45.0,12.035,45.0,14.895,45.0,10.238,45.0,13.311,45.0,8.111,45.0,10.677,45.0,7.651,45.0,11.474,45.0,12.142,45.0,8.353
46.0,10.774,46.0,10.859,46.0,12.859,46.0,16.64,46.0,15.065,46.0,12.214,46.0,10.639,46.0,10.387,46.0,12.159,46.0,14.726,46.0,10.356,46.0,13.25,46.0,8.031,46.0,10.705,46.0,7.743,46.0,11.571,46.0,12.202,46.0,8.367
47.0,10.749,47.0,10.904,47.0,12.792,47.0,16.671,47.0,15.432,47.0,12.291,47.0,10.706,47.0,10.454,47.0,12.204,47.0,14.803,47.0,10.359,47.0,13.496,47.0,8.093,47.0,10.724,47.0,7.712,47.0,11.488,47.0,12.18,47.0,8.461
48.0,10.868,48.0,10.915,48.0,12.836,48.0,16.949,48.0,15.367,48.0,12.263,48.0,10.708,48.0,10.462,48.0,12.239,48.0,14.878,48.0,10.406,48.0,13.452,48.0,8.202,48.0,10.804,48.0,7.834,48.0,11.643,48.0,12.331,48.0,8.468
49.0,10.88,49.0,10.962,49.0,12.956,49.0,16.946,49.0,15.46,49.0,12.379,49.0,10.821,49.0,10.421,49.0,12.311,49.0,14.96,49.0,10.443,49.0,13.465,49.0,8.203,49.0,10.897,49.0,7.789,49.0,11.613,49.0,12.226,49.0,8.482
50.0,10.886,50.0,11.101,50.0,12.976,50.0,16.995,50.0,15.41,50.0,12.313,50.0,10.866,50.0,10.561,50.0,12.318,50.0,15.007,50.0,10.507,50.0,13.564,50.0,8.172,50.0,10.924,50.0,7.771,50.0,11.653,50.0,12.323,50.0,8.535
51.0,10.916,51.0,11.037,51.0,13.006,51.0,17.105,51.0,15.521,51.0,12.37,51.0,10.89,51.0,10.512,51.0,12.412,51.0,15.069,51.0,10.485,51.0,13.595,51.0,8.218,51.0,10.848,51.0,7.76,51.0,11.703,51.0,12.442,51.0,8.605
52.0,10.975,52.0,11.113,52.0,13.071,52.0,17.304,52.0,15.619,52.0,12.446,52.0,10.888,52.0,10.541,52.0,12.392,52.0,15.033,52.0,10.469,52.0,13.687,52.0,8.215,52.0,10.977,52.0,7.788,52.0,11.827,52.0,12.433,52.0,8.588
53.0,10.959,53.0,11.109,53.0,13.108,53.0,17.458,53.0,15.803,53.0,12.466,53.0,10.964,53.0,10.568,53.0,12.496,53.0,15.16,53.0,10.504,53.0,13.673,53.0,8.253,53.0,11.137,53.0,7.839,53.0,11.776,53.0,12.482,53.0,8.697
54.0,11.036,54.0,11.202,54.0,12.942,54.0,17.5,54.0,15.852,54.0,12.496,54.0,11.127,54.0,10.517,54.0,12.538,54.0,15.214,54.0,10.489,54.0,13.714,54.0,8.339,54.0,11.019,54.0,7.798,54.0,11.815,54.0,12.459,54.0,8.69
55.0,11.123,55.0,11.225,55.0,13.067,55.0,17.557,55.0,15.763,55.0,12.626,55.0,11.148,55.0,10.526,55.0,12.491,55.0,15.318,55.0,10.557,55.0,13.833,55.0,8.358,55.0,11.062,55.0,7.844,55.0,11.82,55.0,12.508,55.0,8.688
56.0,11.055,56.0,11.176,56.0,13.252,56.0,17.761,56.0,15.853,56.0,12.755,56.0,11.054,56.0,10.41,56.0,12.645,56.0,15.388,56.0,10.642,56.0,13.735,56.0,8.329,56.0,11.123,56.0,7.824,56.0,11.88,56.0,12.561,56.0,8.719
57.0,11.168,57.0,11.333,57.0,13.213,57.0,17.653,57.0,16.049,57.0,12.724,57.0,11.279,57.0,10.522,57.0,12.608,57.0,15.322,57.0,10.701,57.0,13.87,57.0,8.359,57.0,11.078,57.0,7.917,57.0,11.87,57.0,12.53,57.0,8.78
58.0,11.087,58.0,11.299,58.0,13.204,58.0,17.823,58.0,16.099,58.0,12.794,58.0,11.312,58.0,10.624,58.0,12.685,58.0,15.328,58.0,10.593,58.0,13.86,58.0,8.381,58.0,11.204,58.0,7.968,58.0,11.972,58.0,12.572,58.0,8.785
59.0,11.146,59.0,11.36,59.0,13.229,59.0,17.931,59.0,16.195,59.0,12.791,59.0,11.3,59.0,10.658,59.0,12.776,59.0,15.397,59.0,10.697,59.0,13.937,59.0,8.409,59.0,11.361,59.0,7.894,59.0,12.051,59.0,12.635,59.0,8.856
60.0,11.235,60.0,11.398,60.0,13.368,60.0,18.059,60.0,16.379,60.0,12.825,60.0,11.547,60.0,10.596,60.0,12.851,60.0,15.405,60.0,10.7,60.0,13.917,60.0,8.439,60.0,11.274,60.0,7.961,60.0,12.025,60.0,12.749,60.0,8.889
61.0,11.2,61.0,11.425,61.0,13.376,61.0,18.046,61.0,16.466,61.0,12.769,61.0,11.4,61.0,10.787,61.0,12.719,61.0,15.592,61.0,10.69,61.0,14.04,61.0,8.437,61.0,11.301,61.0,7.93,61.0,12.125,61.0,12.652,61.0,8.887
62.0,11.258,62.0,11.48,62.0,13.437,62.0,18.19,62.0,16.408,62.0,12.944,62.0,11.439,62.0,10.744,62.0,12.942,62.0,15.565,62.0,10.764,62.0,14.029,62.0,8.499,62.0,11.38,62.0,7.914,62.0,12.075,62.0,12.778,62.0,8.884
63.0,11.318,63.0,11.562,63.0,13.533,63.0,18.286,63.0,16.286,63.0,12.818,63.0,11.521,63.0,10.739,63.0,12.869,63.0,15.644,63.0,10.794,63.0,14.094,63.0,8.5,63.0,11.376,63.0,7.938,63.0,12.097,63.0,12.799,63.0,8.904
64.0,11.355,64.0,11.473,64.0,13.502,64.0,18.316,64.0,16.44,64.0,13.025,64.0,11.52,64.0,10.779,64.0,13.077,64.0,15.656,64.0,10.875,64.0,14.193,64.0,8.533,64.0,11.439,64.0,8.055,64.0,12.176,64.0,12.729,64.0,9.011
65.0,11.369,65.0,11.631,65.0,13.575,65.0,18.307,65.0,16.435,65.0,13.028,65.0,11.482,65.0,10.873,65.0,13.023,65.0,15.598,65.0,10.838,65.0,14.157,65.0,8.563,65.0,11.534,65.0,8.025,65.0,12.26,65.0,12.799,65.0,9.013
66.0,11.505,66.0,11.617,66.0,13.6,66.0,18.583,66.0,16.609,66.0,13.043,66.0,11.583,66.0,10.862,66.0,13.062,66.0,15.576,66.0,10.922,66.0,14.273,66.0,8.507,66.0,11.427,66.0,8.084,66.0,12.275,66.0,12.836,66.0,9.063
67.0,11.389,67.0,11.6,67.0,13.593,67.0,18.814,67.0,16.691,67.0,13.047,67.0,11.707,67.0,10.897,67.0,13.036,67.0,15.623,67.0,10.955,67.0,14.342,67.0,8.605,67.0,11.522,67.0,8.078,67.0,12.273,67.0,12.967,67.0,9.049
68.0,11.482,68.0,11.708,68.0,13.636,68.0,18.863,68.0,16.833,68.0,13.097,68.0,11.754,68.0,11.021,68.0,13.177,68.0,15.653,68.0,10.981,68.0,14.394,68.0,8.608,68.0,11.612,68.0,8.031,68.0,12.224,68.0,12.94,68.0,9.1
69.0,11.472,69.0,11.775,69.0,13.709,69.0,18.741,69.0,16.812,69.0,13.023,69.0,11.834,69.0,11.024,69.0,13.249,69.0,15.742,69.0,10.985,69.0,14.404,69.0,8.667,69.0,11.585,69.0,8.011,69.0,12.419,69.0,13.052,69.0,9.152
70.0,11.568,70.0,11.66,70.0,13.735,70.0,18.901,70.0,16.856,70.0,13.109,70.0,11.775,70.0,10.997,70.0,13.283,70.0,15.73,70.0,11.025,70.0,14.501,70.0,8.658,70.0,11.671,70.0,8.135,70.0,12.318,70.0,13.052,70.0,9.2
71.0,11.503,71.0,11.743,71.0,13.711,71.0,19.011,71.0,16.924,71.0,13.231,71.0,11.87,71.0,11.027,71.0,13.44,71.0,15.695,71.0,11.075,71.0,14.523,71.0,8.669,71.0,11.666,71.0,8.168,71.0,12.424,71.0,13.148,71.0,9.236
72.0,11.587,72.0,11.819,72.0,13.809,72.0,19.031,72.0,16.944,72.0,13.112,72.0,11.867,72.0,11.062,72.0,13.266,72.0,15.758,72.0,11.016,72.0,14.505,72.0,8.732,72.0,11.725,72.0,8.13,72.0,12.391,72.0,13.019,72.0,9.251
73.0,11.575,73.0,11.814,73.0,13.848,73.0,19.062,73.0,17.043,73.0,13.302,73.0,11.939,73.0,11.074,73.0,13.372,73.0,15.893,73.0,11.015,73.0,14.563,73.0,8.743,73.0,11.685,73.0,8.175,73.0,12.444,73.0,13.12,73.0,9.257
74.0,11.667,74.0,11.915,74.0,13.964,74.0,19.181,74.0,16.925,74.0,13.228,74.0,11.84,74.0,11.056,74.0,13.439,74.0,15.832,74.0,11.101,74.0,14.598,74.0,8.746,74.0,11.697,74.0,8.108,74.0,12.539,74.0,13.147,74.0,9.389
75.0,11.786,75.0,11.99,75.0,13.871,75.0,19.372,75.0,17.206,75.0,13.266,75.0,11.985,75.0,11.161,75.0,13.531,75.0,15.943,75.0,11.118,75.0,14.589,75.0,8.791,75.0,11.844,75.0,8.133,75.0,12.503,75.0,13.107,75.0,9.372
76.0,11.728,76.0,12.057,76.0,13.905,76.0,19.403,76.0,17.131,76.0,13.309,76.0,12.01,76.0,11.13,76.0,13.604,76.0,15.94,76.0,11.154,76.0,14.606,76.0,8.859,76.0,11.782,76.0,8.154,76.0,12.515,76.0,13.294,76.0,9.364
77.0,11.744,77.0,11.929,77.0,14.057,77.0,19.587,77.0,17.324,77.0,13.356,77.0,12.057,77.0,11.115,77.0,13.673,77.0,16.071,77.0,11.13,77.0,14.702,77.0,8.891,77.0,11.796,77.0,8.18,77.0,12.662,77.0,13.253,77.0,9.4
78.0,11.796,78.0,11.946,78.0,13.989,78.0,19.611,78.0,17.35,78.0,13.362,78.0,12.144,78.0,11.152,78.0,13.655,78.0,15.982,78.0,11.175,78.0,14.733,78.0,8.839,78.0,11.823,78.0,8.231,78.0,12.607,78.0,13.316,78.0,9.435
79.0,11.811,79.0,12.02,79.0,14.156,79.0,19.749,79.0,17.358,79.0,13.529,79.0,12.247,79.0,11.256,79.0,13.605,79.0,16.022,79.0,11.18,79.0,14.81,79.0,8.873,79.0,11.947,79.0,8.226,79.0,12.669,79.0,13.218,79.0,9.456
80.0,11.975,80.0,12.007,80.0,14.069,80.0,19.556,80.0,17.376,80.0,13.463,80.0,12.153,80.0,11.228,80.0,13.58,80.0,16.128,80.0,11.185,80.0,14.917,80.0,8.946,80.0,11.968,80.0,8.274,80.0,12.677,80.0,13.328,80.0,9.521
81.0,11.86,81.0,12.133,81.0,14.174,81.0,19.836,81.0,17.386,81.0,13.557,81.0,12.134,81.0,11.356,81.0,13.731,81.0,16.063,81.0,11.193,81.0,14.806,81.0,8.908,81.0,11.893,81.0,8.248,81.0,12.714,81.0,13.377,81.0,9.487
82.0,11.936,82.0,12.043,82.0,14.349,82.0,19.947,82.0,17.505,82.0,13.507,82.0,12.321,82.0,11.303,82.0,13.657,82.0,16.186,82.0,11.248,82.0,14.883,82.0,8.897,82.0,11.953,82.0,8.264,82.0,12.911,82.0,13.334,82.0,9.604
83.0,12.001,83.0,12.136,83.0,14.239,83.0,19.977,83.0,17.483,83.0,13.541,83.0,12.369,83.0,11.292,83.0,13.777,83.0,16.124,83.0,11.322,83.0,14.958,83.0,8.942,83.0,11.983,83.0,8.339,83.0,12.767,83.0,13.457,83.0,9.635
84.0,12.076,84.0,12.231,84.0,14.353,84.0,19.998,84.0,17.601,84.0,13.607,84.0,12.379,84.0,11.282,84.0,13.829,84.0,16.181,84.0,11.364,84.0,14.92,84.0,8.952,84.0,11.995,84.0,8.3,84.0,12.877,84.0,13.374,84.0,9.623
85.0,12.073,85.0,12.224,85.0,14.301,85.0,20.069,85.0,17.459,85.0,13.679,85.0,12.338,85.0,11.335,85.0,13.916,85.0,16.181,85.0,11.422,85.0,14.998,85.0,9.022,85.0,11.921,85.0,8.301,85.0,12.89,85.0,13.427,85.0,9.689
86.0,12.066,86.0,12.147,86.0,14.117,86.0,20.26,86.0,17.608,86.0,13.59,86.0,12.384,86.0,11.274,86.0,13.948,86.0,16.15,86.0,11.289,86.0,15.001,86.0,9.0,86.0,12.052,86.0,8.303,86.0,12.953,86.0,13.457,86.0,9.748
87.0,12.068,87.0,12.199,87.0,14.445,87.0,20.252,87.0,17.651,87.0,13.662,87.0,12.502,87.0,11.38,87.0,14.006,87.0,16.173,87.0,11.394,87.0,15.014,87.0,9.106,87.0,12.024,87.0,8.393,87.0,12.944,87.0,13.595,87.0,9.775
88.0,12.11,88.0,12.261,88.0,14.479,88.0,20.264,88.0,17.614,88.0,13.684,88.0,12.623,88.0,11.402,88.0,14.05,88.0,16.124,88.0,11.346,88.0,15.147,88.0,9.049,88.0,12.043,88.0,8.303,88.0,12.941,88.0,13.66,88.0,9.823
89.0,12.217,89.0,12.352,89.0,14.554,89.0,20.448,89.0,17.683,89.0,13.638,89.0,12.543,89.0,11.416,89.0,14.073,89.0,16.223,89.0,11.456,89.0,15.165,89.0,9.114,89.0,12.061,89.0,8.401,89.0,12.989,89.0,13.502,89.0,9.746
90.0,12.233,90.0,12.31,90.0,14.616,90.0,20.365,90.0,17.683,90.0,13.754,90.0,12.596,90.0,11.429,90.0,14.135,90.0,16.257,90.0,11.432,90.0,15.046,90.0,9.133,90.0,12.148,90.0,8.372,90.0,13.083,90.0,13.685,90.0,9.796
91.0,12.267,91.0,12.376,91.0,14.63,91.0,20.626,91.0,17.879,91.0,13.847,91.0,12.645,91.0,11.41,91.0,14.101,91.0,16.251,91.0,11.415,91.0,15.195,91.0,9.105,91.0,12.135,91.0,8.411,91.0,13.153,91.0,13.763,91.0,9.817
92.0,12.336,92.0,12.325,92.0,14.583,92.0,20.443,92.0,17.946,92.0,13.764,92.0,12.801,92.0,11.452,92.0,14.068,92.0,16.16,92.0,11.474,92.0,15.141,92.0,9.186,92.0,12.173,92.0,8.387,92.0,12.981,92.0,13.749,92.0,9.878
93.0,12.304,93.0,12.418,93.0,14.592,93.0,20.652,93.0,18.104,93.0,13.751,93.0,12.754,93.0,11.507,93.0,14.047,93.0,16.148,93.0,11.52,93.0,15.224,93.0,9.216,93.0,12.218,93.0,8.488,93.0,13.095,93.0,13.711,93.0,9.892
94.0,12.396,94.0,12.366,94.0,14.602,94.0,20.627,94.0,18.043,94.0,13.836,94.0,12.738,94.0,11.467,94.0,14.212,94.0,16.365,94.0,11.471,94.0,15.362,94.0,9.202,94.0,12.27,94.0,8.436,94.0,13.246,94.0,13.791,94.0,9.943
95.0,12.292,95.0,12.575,95.0,14.769,95.0,20.921,95.0,17.943,95.0,13.971,95.0,12.777,95.0,11.463,95.0,14.265,95.0,16.261,95.0,11.451,95.0,15.292,95.0,9.188,95.0,12.154,95.0,8.396,95.0,13.269,95.0,13.817,95.0,10.026
96.0,12.288,96.0,12.474,96.0,14.924,96.0,20.861,96.0,18.171,96.0,13.927,96.0,12.901,96.0,11.505,96.0,14.18,96.0,16.352,96.0,11.446,96.0,15.31,96.0,9.24,96.0,12.24,96.0,8.449,96.0,13.187,96.0,13.818,96.0,9.955
97.0,12.403,97.0,12.459,97.0,14.906,97.0,20.988,97.0,18.173,97.0,13.995,97.0,12.891,97.0,11.549,97.0,14.303,97.0,16.277,97.0,11.536,97.0,15.405,97.0,9.264,97.0,12.316,97.0,8.539,97.0,13.38,97.0,13.809,97.0,9.967
98.0,12.477,98.0,12.558,98.0,15.066,98.0,20.929,98.0,18.054,98.0,14.032,98.0,13.0,98.0,11.495,98.0,14.368,98.0,16.24,98.0,11.568,98.0,15.23,98.0,9.274,98.0,12.215,98.0,8.565,98.0,13.374,98.0,13.766,98.0,9.99
99.0,12.465,99.0,12.555,99.0,14.963,99.0,21.028,99.0,18.29,99.0,13.96,99.0,13.014,99.0,11.632,99.0,14.362,99.0,16.415,99.0,11.508,99.0,15.368,99.0,9.274,99.0,12.286,99.0,8.536,99.0,13.398,99.0,13.825,99.0,10.053
100.0,12.457,100.0,12.56,100.0,15.061,100.0,21.042,100.0,18.26,100.0,14.065,100.0,13.042,100.0,11.721,100.0,14.458,100.0,16.428,100.0,11.571,100.0,15.372,100.0,9.34,100.0,12.374,100.0,8.551,100.0,13.254,100.0,13.879,100.0,10.071
101.0,12.6,101.0,12.679,101.0,15.037,101.0,21.026,101.0,18.342,101.0,14.113,101.0,12.949,101.0,11.541,101.0,14.505,101.0,16.389,101.0,11.624,101.0,15.495,101.0,9.356,101.0,12.275,101.0,8.571,101.0,13.372,101.0,13.944,101.0,10.148
102.0,12.593,102.0,12.613,102.0,15.002,102.0,21.037,102.0,18.269,102.0,14.16,102.0,13.007,102.0,11.697,102.0,14.465,102.0,16.409,102.0,11.646,102.0,15.536,102.0,9.296,102.0,12.381,102.0,8.559,102.0,13.337,102.0,13.971,102.0,10.167
103.0,12.521,103.0,12.643,103.0,15.202,103.0,21.247,103.0,18.308,103.0,14.145,103.0,13.129,103.0,11.643,103.0,14.611,103.0,16.573,103.0,11.657,103.0,15.422,103.0,9.401,103.0,12.328,103.0,8.543,103.0,13.358,103.0,14.036,103.0,10.235
104.0,12.54,104.0,12.82,104.0,15.335,104.0,21.377,104.0,18.519,104.0,14.337,104.0,13.1,104.0,11.651,104.0,14.601,104.0,16.513,104.0,11.608,104.0,15.479,104.0,9.358,104.0,12.386,104.0,8.582,104.0,13.444,104.0,14.087,104.0,10.244
105.0,12.579,105.0,12.752,105.0,15.42,105.0,21.453,105.0,18.544,105.0,14.165,105.0,13.103,105.0,11.674,105.0,14.639,105.0,16.52,105.0,11.699,105.0,15.562,105.0,9.372,105.0,12.394,105.0,8.602,105.0,13.509,105.0,14.141,105.0,10.224
106.0,12.666,106.0,12.753,106.0,15.333,106.0,21.498,106.0,18.551,106.0,14.148,106.0,13.157,106.0,11.752,106.0,14.532,106.0,16.537,106.0,11.664,106.0,15.468,106.0,9.461,106.0,12.365,106.0,8.637,106.0,13.644,106.0,14.119,106.0,10.269
107.0,12.629,107.0,12.854,107.0,15.41,107.0,21.605,107.0,18.539,107.0,14.372,107.0,13.178,107.0,11.779,107.0,14.555,107.0,16.497,107.0,11.702,107.0,15.686,107.0,9.462,107.0,12.439,107.0,8.649,107.0,13.644,107.0,14.121,107.0,10.261
108.0,12.699,108.0,12.867,108.0,15.513,108.0,21.552,108.0,18.547,108.0,14.39,108.0,13.169,108.0,11.815,108.0,14.629,108.0,16.529,108.0,11.78,108.0,15.451,108.0,9.479,108.0,12.47,108.0,8.684,108.0,13.622,108.0,14.192,108.0,10.4
109.0,12.738,109.0,12.795,109.0,15.265,109.0,21.621,109.0,18.593,109.0,14.309,109.0,13.254,109.0,11.851,109.0,14.65,109.0,16.699,109.0,11.743,109.0,15.644,109.0,9.522,109.0,12.473,109.0,8.658,109.0,13.489,109.0,14.214,109.0,10.348
110.0,12.747,110.0,12.887,110.0,15.06,110.0,21.787,110.0,18.705,110.0,14.298,110.0,13.371,110.0,11.869,110.0,14.69,110.0,16.718,110.0,11.751,110.0,15.677,110.0,9.467,110.0,12.532,110.0,8.691,110.0,13.662,110.0,14.181,110.0,10.394
111.0,12.743,111.0,12.924,111.0,15.363,111.0,21.807,111.0,18.789,111.0,14.449,111.0,13.273,111.0,11.869,111.0,14.665,111.0,16.714,111.0,11.769,111.0,15.56,111.0,9.516,111.0,12.52,111.0,8.713,111.0,13.599,111.0,14.257,111.0,10.45
112.0,12.756,112.0,12.88,112.0,15.469,112.0,21.744,112.0,18.787,112.0,14.389,112.0,13.404,112.0,11.899,112.0,14.565,112.0,16.571,112.0,11.801,112.0,15.695,112.0,9.62,112.0,12.483,112.0,8.659,112.0,13.586,112.0,14.211,112.0,10.415
113.0,12.691,113.0,12.956,113.0,15.42,113.0,21.914,113.0,18.875,113.0,14.417,113.0,13.325,113.0,11.927,113.0,14.79,113.0,16.628,113.0,11.809,113.0,15.701,113.0,9.43,113.0,12.521,113.0,8.69,113.0,13.699,113.0,14.24,113.0,10.503
114.0,12.749,114.0,13.016,114.0,15.569,114.0,21.928,114.0,18.835,114.0,14.416,114.0,13.428,114.0,11.997,114.0,14.771,114.0,16.486,114.0,11.867,114.0,15.838,114.0,9.546,114.0,12.563,114.0,8.722,114.0,13.701,114.0,14.295,114.0,10.526
115.0,12.807,115.0,12.99,115.0,15.732,115.0,22.034,115.0,18.861,115.0,14.586,115.0,13.509,115.0,11.917,115.0,14.734,115.0,16.718,115.0,11.84,115.0,15.697,115.0,9.57,115.0,12.607,115.0,8.758,115.0,13.671,115.0,14.318,115.0,10.592
116.0,12.804,116.0,13.022,116.0,15.867,116.0,22.01,116.0,19.073,116.0,14.505,116.0,13.517,116.0,11.933,116.0,14.791,116.0,16.801,116.0,11.882,116.0,15.784,116.0,9.548,116.0,12.691,116.0,8.751,116.0,13.722,116.0,14.331,116.0,10.623
117.0,12.806,117.0,13.124,117.0,15.732,117.0,22.131,117.0,19.066,117.0,14.567,117.0,13.59,117.0,11.97,117.0,14.789,117.0,16.843,117.0,11.894,117.0,15.846,117.0,9.595,117.0,12.628,117.0,8.798,117.0,13.787,117.0,14.381,117.0,10.613
118.0,12.858,118.0,13.061,118.0,15.771,118.0,22.22,118.0,19.041,118.0,14.664,118.0,13.611,118.0,11.97,118.0,14.832,118.0,16.711,118.0,11.91,118.0,15.928,118.0,9.677,118.0,12.724,118.0,8.823,118.0,13.874,118.0,14.438,118.0,10.667
119.0,12.856,119.0,13.144,119.0,15.766,119.0,22.206,119.0,19.206,119.0,14.7,119.0,13.49,119.0,11.992,119.0,14.828,119.0,16.936,119.0,11.959,119.0,15.962,119.0,9.684,119.0,12.624,119.0,8.877,119.0,13.846,119.0,14.387,119.0,10.608
120.0,12.858,120.0,13.089,120.0,15.891,120.0,22.318,120.0,19.258,120.0,14.519,120.0,13.609,120.0,11.949,120.0,14.908,120.0,16.804,120.0,11.995,120.0,15.843,120.0,9.662,120.0,12.72,120.0,8.905,120.0,13.884,120.0,14.521,120.0,10.756
121.0,12.92,121.0,13.128,121.0,16.222,121.0,22.375,121.0,19.367,121.0,14.692,121.0,13.683,121.0,12.081,121.0,14.93,121.0,16.755,121.0,11.9,121.0,16.002,121.0,9.633,121.0,12.705,121.0,8.885,121.0,13.889,121.0,14.432,121.0,10.718
122.0,12.863,122.0,13.173,122.0,16.043,122.0,22.458,122.0,19.368,122.0,14.765,122.0,13.725,122.0,12.104,122.0,14.924,122.0,16.746,122.0,12.088,122.0,15.939,122.0,9.736,122.0,12.676,122.0,8.877,122.0,13.945,122.0,14.624,122.0,10.76
123.0,12.994,123.0,13.292,123.0,16.051,123.0,22.495,123.0,19.156,123.0,14.742,123.0,13.72,123.0,11.976,123.0,14.968,123.0,16.836,123.0,12.067,123.0,15.976,123.0,9.698,123.0,12.783,123.0,8.907,123.0,14.01,123.0,14.521,123.0,10.792
124.0,12.929,124.0,13.279,124.0,16.173,124.0,22.446,124.0,19.422,124.0,14.763,124.0,13.81,124.0,12.103,124.0,15.023,124.0,16.919,124.0,12.042,124.0,16.019,124.0,9.777,124.0,12.784,124.0,8.953,124.0,14.095,124.0,14.573,124.0,10.891
125.0,12.969,125.0,13.27,125.0,16.205,125.0,22.571,125.0,19.282,125.0,14.771,125.0,13.798,125.0,12.075,125.0,14.932,125.0,16.779,125.0,12.071,125.0,16.059,125.0,9.767,125.0,12.881,125.0,8.96,125.0,14.012,125.0,14.598,125.0,10.812
126.0,12.974,126.0,13.242,126.0,16.225,126.0,22.487,126.0,19.472,126.0,14.864,126.0,13.814,126.0,12.148,126.0,14.965,126.0,16.923,126.0,12.098,126.0,16.11,126.0,9.793,126.0,12.796,126.0,9.041,126.0,14.089,126.0,14.681,126.0,10.908
127.0,13.003,127.0,13.246,127.0,16.334,127.0,22.756,127.0,19.545,127.0,14.783,127.0,13.862,127.0,12.16,127.0,15.012,127.0,16.969,127.0,12.132,127.0,16.167,127.0,9.688,127.0,12.788,127.0,9.023,127.0,14.128,127.0,14.737,127.0,10.874
128.0,13.099,128.0,13.377,128.0,16.206,128.0,22.711,128.0,19.599,128.0,14.947,128.0,13.947,128.0,12.181,128.0,15.104,128.0,16.933,128.0,12.075,128.0,16.147,128.0,9.868,128.0,12.856,128.0,9.071,128.0,14.004,128.0,14.609,128.0,10.96
129.0,13.152,129.0,13.385,129.0,16.317,129.0,22.753,129.0,19.624,129.0,14.88,129.0,13.9,129.0,12.152,129.0,15.173,129.0,17.009,129.0,12.045,129.0,16.071,129.0,9.891,129.0,12.854,129.0,9.082,129.0,14.026,129.0,14.753,129.0,10.952
130.0,13.109,130.0,13.407,130.0,16.096,130.0,22.93,130.0,19.733,130.0,14.955,130.0,13.925,130.0,12.119,130.0,15.154,130.0,16.899,130.0,12.144,130.0,16.123,130.0,9.812,130.0,12.929,130.0,9.04,130.0,14.106,130.0,14.69,130.0,10.994
131.0,13.112,131.0,13.458,131.0,16.053,131.0,22.888,131.0,19.749,131.0,14.962,131.0,13.978,131.0,12.264,131.0,15.133,131.0,17.002,131.0,12.116,131.0,16.222,131.0,9.817,131.0,13.002,131.0,9.116,131.0,14.131,131.0,14.624,131.0,11.092
132.0,13.085,132.0,13.389,132.0,16.378,132.0,22.875,132.0,19.75,132.0,14.885,132.0,14.125,132.0,12.322,132.0,15.238,132.0,17.155,132.0,12.147,132.0,16.179,132.0,9.908,132.0,12.897,132.0,9.139,132.0,14.134,132.0,14.836,132.0,11.102
133.0,13.152,133.0,13.471,133.0,16.494,133.0,22.789,133.0,19.829,133.0,14.96,133.0,14.137,133.0,12.311,133.0,15.329,133.0,17.098,133.0,12.16,133.0,16.22,133.0,9.866,133.0,12.87,133.0,9.125,133.0,14.319,133.0,14.729,133.0,11.138
134.0,13.239,134.0,13.32,134.0,16.583,134.0,22.804,134.0,19.893,134.0,15.098,134.0,14.107,134.0,12.22,134.0,15.334,134.0,17.12,134.0,12.222,134.0,16.304,134.0,9.811,134.0,12.922,134.0,9.195,134.0,14.157,134.0,14.752,134.0,11.12
135.0,13.193,135.0,13.47,135.0,16.599,135.0,23.151,135.0,19.812,135.0,15.021,135.0,14.178,135.0,12.364,135.0,15.283,135.0,17.089,135.0,12.12,135.0,16.319,135.0,9.883,135.0,12.875,135.0,9.124,135.0,14.281,135.0,14.879,135.0,11.216
136.0,13.241,136.0,13.565,136.0,16.663,136.0,23.244,136.0,20.057,136.0,15.063,136.0,14.259,136.0,12.431,136.0,15.325,136.0,17.253,136.0,12.243,136.0,16.331,136.0,9.971,136.0,12.936,136.0,9.171,136.0,14.257,136.0,14.816,136.0,11.164
137.0,13.321,137.0,13.579,137.0,16.372,137.0,23.198,137.0,19.932,137.0,15.006,137.0,14.32,137.0,12.33,137.0,15.346,137.0,17.185,137.0,12.173,137.0,16.233,137.0,9.969,137.0,13.039,137.0,9.224,137.0,14.324,137.0,14.881,137.0,11.224
138.0,13.278,138.0,13.488,138.0,16.647,138.0,23.042,138.0,20.064,138.0,14.959,138.0,14.14,138.0,12.335,138.0,15.295,138.0,17.302,138.0,12.111,138.0,16.348,138.0,9.974,138.0,12.971,138.0,9.293,138.0,14.354,138.0,14.908,138.0,11.295
139.0,13.219,139.0,13.517,139.0,16.833,139.0,23.366,139.0,20.161,139.0,14.985,139.0,13.916,139.0,12.408,139.0,15.399,139.0,17.44,139.0,12.293,139.0,16.383,139.0,10.026,139.0,13.097,139.0,9.264,139.0,14.479,139.0,14.966,139.0,11.239
140.0,13.305,140.0,13.596,140.0,16.908,140.0,23.313,140.0,20.253,140.0,15.076,140.0,13.99,140.0,12.358,140.0,15.432,140.0,17.355,140.0,12.229,140.0,16.359,140.0,10.066,140.0,13.093,140.0,9.232,140.0,14.459,140.0,14.997,140.0,11.381
141.0,13.346,141.0,13.699,141.0,16.985,141.0,23.228,141.0,20.28,141.0,15.15,141.0,14.138,141.0,12.416,141.0,15.444,141.0,17.286,141.0,12.255,141.0,16.465,141.0,9.919,141.0,13.001,141.0,9.252,141.0,14.42,141.0,14.799,141.0,11.389
142.0,13.444,142.0,13.594,142.0,16.958,142.0,23.307,142.0,20.336,142.0,14.976,142.0,14.186,142.0,12.359,142.0,15.568,142.0,17.317,142.0,12.349,142.0,16.313,142.0,10.103,142.0,13.034,142.0,9.297,142.0,14.484,142.0,14.965,142.0,11.481
143.0,13.351,143.0,13.632,143.0,16.846,143.0,23.5,143.0,20.384,143.0,15.093,143.0,14.318,143.0,12.487,143.0,15.567,143.0,17.305,143.0,12.307,143.0,16.28,143.0,10.081,143.0,13.081,143.0,9.324,143.0,14.432,143.0,15.008,143.0,11.465
144.0,13.502,144.0,13.58,144.0,16.708,144.0,23.51,144.0,20.511,144.0,15.067,144.0,14.225,144.0,12.442,144.0,15.55,144.0,17.395,144.0,12.312,144.0,16.412,144.0,10.053,144.0,13.097,144.0,9.372,144.0,14.469,144.0,15.018,144.0,11.418
145.0,13.396,145.0,13.668,145.0,17.018,145.0,23.545,145.0,20.398,145.0,15.228,145.0,14.24,145.0,12.546,145.0,15.573,145.0,17.429,145.0,12.256,145.0,16.447,145.0,10.111,145.0,13.074,145.0,9.302,145.0,14.471,145.0,15.117,145.0,11.467
146.0,13.386,146.0,13.594,146.0,16.722,146.0,23.589,146.0,20.317,146.0,15.333,146.0,14.365,146.0,12.57,146.0,15.488,146.0,17.391,146.0,12.31,146.0,16.511,146.0,10.145,146.0,13.193,146.0,9.352,146.0,14.674,146.0,15.068,146.0,11.547
147.0,13.493,147.0,13.58,147.0,17.073,147.0,23.723,147.0,20.454,147.0,15.338,147.0,14.195,147.0,12.524,147.0,15.583,147.0,17.467,147.0,12.232,147.0,16.624,147.0,10.189,147.0,13.161,147.0,9.33,147.0,14.593,147.0,15.123,147.0,11.577
148.0,13.497,148.0,13.743,148.0,17.308,148.0,23.718,148.0,20.674,148.0,15.405,148.0,14.36,148.0,12.472,148.0,15.593,148.0,17.51,148.0,12.287,148.0,16.487,148.0,10.167,148.0,13.083,148.0,9.423,148.0,14.628,148.0,15.212,148.0,11.572
149.0,13.483,149.0,13.69,149.0,17.268,149.0,23.974,149.0,20.758,149.0,15.392,149.0,14.356,149.0,12.596,149.0,15.65,149.0,17.569,149.0,12.382,149.0,16.574,149.0,10.215,149.0,13.082,149.0,9.458,149.0,14.672,149.0,15.16,149.0,11.66
150.0,13.596,150.0,13.688,150.0,17.357,150.0,23.945,150.0,20.614,150.0,15.397,150.0,14.43,150.0,12.444,150.0,15.678,150.0,17.642,150.0,12.355,150.0,16.549,150.0,10.302,150.0,13.109,150.0,9.492,150.0,14.658,150.0,15.199,150.0,11.669
151.0,13.526,151.0,13.63,151.0,17.249,151.0,23.917,151.0,20.705,151.0,15.443,151.0,14.423,151.0,12.495,151.0,15.745,151.0,17.618,151.0,12.287,151.0,16.601,151.0,10.191,151.0,13.161,151.0,9.389,151.0,14.62,151.0,15.284,151.0,11.686
152.0,13.584,152.0,13.788,152.0,17.285,152.0,24.039,152.0,20.743,152.0,15.486,152.0,14.362,152.0,12.59,152.0,15.731,152.0,17.657,152.0,12.383,152.0,16.584,152.0,10.183,152.0,13.247,152.0,9.529,152.0,14.676,152.0,15.225,152.0,11.702
153.0,13.617,153.0,13.777,153.0,17.538,153.0,23.964,153.0,20.756,153.0,15.552,153.0,14.441,153.0,12.66,153.0,15.771,153.0,17.817,153.0,12.374,153.0,16.544,153.0,10.302,153.0,13.22,153.0,9.449,153.0,14.76,153.0,15.291,153.0,11.695
154.0,13.623,154.0,13.62,154.0,17.401,154.0,23.991,154.0,20.817,154.0,15.373,154.0,14.575,154.0,12.463,154.0,15.838,154.0,17.748,154.0,12.45,154.0,16.64,154.0,10.309,154.0,13.249,154.0,9.527,154.0,14.738,154.0,15.321,154.0,11.73
155.0,13.681,155.0,13.843,155.0,17.542,155.0,24.264,155.0,20.933,155.0,15.556,155.0,14.665,155.0,12.691,155.0,15.84,155.0,17.682,155.0,12.446,155.0,16.62,155.0,10.311,155.0,13.149,155.0,9.446,155.0,14.762,155.0,15.324,155.0,11.777
156.0,13.744,156.0,13.798,156.0,17.522,156.0,24.212,156.0,20.811,156.0,15.561,156.0,14.696,156.0,12.659,156.0,15.931,156.0,17.855,156.0,12.453,156.0,16.654,156.0,10.311,156.0,13.293,156.0,9.508,156.0,14.786,156.0,15.435,156.0,11.823
157.0,13.71,157.0,13.813,157.0,17.549,157.0,24.211,157.0,20.902,157.0,15.598,157.0,14.7,157.0,12.578,157.0,15.97,157.0,17.91,157.0,12.554,157.0,16.665,157.0,10.349,157.0,13.289,157.0,9.567,157.0,14.802,157.0,15.433,157.0,11.872
158.0,13.771,158.0,13.868,158.0,17.573,158.0,24.393,158.0,20.894,158.0,15.628,158.0,14.765,158.0,12.62,158.0,15.924,158.0,17.915,158.0,12.38,158.0,16.77,158.0,10.404,158.0,13.307,158.0,9.584,158.0,14.881,158.0,15.446,158.0,11.816
159.0,13.868,159.0,13.906,159.0,17.736,159.0,24.383,159.0,21.03,159.0,15.688,159.0,14.752,159.0,12.709,159.0,15.914,159.0,17.933,159.0,12.498,159.0,16.81,159.0,10.339,159.0,13.246,159.0,9.603,159.0,14.95,159.0,15.449,159.0,11.858
160.0,13.789,160.0,13.863,160.0,17.704,160.0,24.479,160.0,21.054,160.0,15.795,160.0,14.738,160.0,12.674,160.0,16.0,160.0,18.067,160.0,12.508,160.0,16.845,160.0,10.51,160.0,13.371,160.0,9.582,160.0,14.919,160.0,15.518,160.0,11.827
161.0,13.923,161.0,13.975,161.0,17.73,161.0,24.565,161.0,21.085,161.0,15.761,161.0,14.964,161.0,12.657,161.0,16.038,161.0,18.059,161.0,12.637,161.0,16.775,161.0,10.402,161.0,13.391,161.0,9.642,161.0,15.043,161.0,15.575,161.0,11.975
162.0,13.802,162.0,13.908,162.0,17.771,162.0,24.324,162.0,21.148,162.0,15.698,162.0,14.97,162.0,12.673,162.0,16.1,162.0,18.033,162.0,12.602,162.0,16.796,162.0,10.409,162.0,13.463,162.0,9.654,162.0,14.97,162.0,15.513,162.0,11.98
163.0,13.741,163.0,13.966,163.0,17.805,163.0,24.496,163.0,21.171,163.0,15.668,163.0,14.988,163.0,12.719,163.0,16.078,163.0,18.156,163.0,12.497,163.0,16.871,163.0,10.458,163.0,13.436,163.0,9.646,163.0,14.947,163.0,15.577,163.0,11.998
164.0,13.758,164.0,13.934,164.0,17.802,164.0,24.576,164.0,21.279,164.0,15.856,164.0,15.014,164.0,12.804,164.0,16.137,164.0,18.146,164.0,12.591,164.0,16.773,164.0,10.437,164.0,13.537,164.0,9.666,164.0,15.034,164.0,15.665,164.0,12.047
165.0,13.791,165.0,13.905,165.0,17.847,165.0,24.558,165.0,21.315,165.0,15.835,165.0,15.062,165.0,12.784,165.0,16.086,165.0,18.148,165.0,12.534,165.0,16.846,165.0,10.514,165.0,13.632,165.0,9.766,165.0,15.076,165.0,15.601,165.0,12.104
166.0,13.833,166.0,13.879,166.0,17.915,166.0,24.706,166.0,21.339,166.0,15.878,166.0,15.044,166.0,12.807,166.0,16.169,166.0,18.139,166.0,12.604,166.0,16.911,166.0,10.519,166.0,13.875,166.0,9.791,166.0,14.924,166.0,15.509,166.0,12.105
167.0,13.844,167.0,13.965,167.0,17.981,167.0,24.215,167.0,21.375,167.0,15.868,167.0,15.003,167.0,12.804,167.0,16.154,167.0,18.14,167.0,12.724,167.0,16.98,167.0,10.497,167.0,13.739,167.0,9.719,167.0,15.097,167.0,15.645,167.0,12.131
168.0,13.857,168.0,14.01,168.0,17.991,168.0,23.964,168.0,20.93,168.0,15.879,168.0,15.027,168.0,12.831,168.0,16.218,168.0,18.162,168.0,12.664,168.0,16.963,168.0,10.601,168.0,13.846,168.0,9.744,168.0,15.123,168.0,15.645,168.0,12.177
169.0,13.748,169.0,14.052,169.0,17.954,169.0,24.061,169.0,20.811,169.0,15.893,169.0,15.113,169.0,12.888,169.0,16.205,169.0,18.239,169.0,12.694,169.0,17.003,169.0,10.572,169.0,13.905,169.0,9.747,169.0,15.026,169.0,15.666,169.0,12.156
170.0,13.803,170.0,14.002,170.0,18.162,170.0,23.7,170.0,20.597,170.0,15.981,170.0,15.094,170.0,12.882,170.0,16.279,170.0,18.196,170.0,12.604,170.0,17.059,170.0,10.582,170.0,14.01,170.0,9.839,170.0,15.142,170.0,15.75,170.0,12.183
171.0,13.855,171.0,14.023,171.0,18.222,171.0,23.734,171.0,20.346,171.0,15.999,171.0,15.148,171.0,12.971,171.0,16.405,171.0,18.272,171.0,12.577,171.0,17.149,171.0,10.592,171.0,14.027,171.0,9.752,171.0,15.26,171.0,15.649,171.0,12.16
172.0,13.835,172.0,14.038,172.0,18.077,172.0,23.787,172.0,20.329,172.0,16.008,172.0,15.066,172.0,12.908,172.0,16.387,172.0,18.275,172.0,12.697,172.0,17.053,172.0,10.695,172.0,14.017,172.0,9.749,172.0,15.274,172.0,15.689,172.0,12.243
173.0,13.825,173.0,14.02,173.0,18.13,173.0,23.575,173.0,20.3,173.0,16.301,173.0,15.238,173.0,12.84,173.0,16.429,173.0,18.354,173.0,12.658,173.0,17.11,173.0,10.671,173.0,13.892,173.0,9.851,173.0,15.208,173.0,15.78,173.0,12.34
174.0,13.884,174.0,14.114,174.0,18.259,174.0,23.671,174.0,20.368,174.0,16.153,174.0,15.288,174.0,12.87,174.0,16.429,174.0,18.47,174.0,12.713,174.0,17.049,174.0,10.712,174.0,13.85,174.0,9.78,174.0,15.298,174.0,15.816,174.0,12.353
175.0,13.902,175.0,14.125,175.0,18.182,175.0,23.578,175.0,20.147,175.0,16.162,175.0,15.318,175.0,12.928,175.0,16.511,175.0,18.417,175.0,12.833,175.0,17.247,175.0,10.758,175.0,14.024,175.0,9.805,175.0,15.205,175.0,15.824,175.0,12.331
176.0,13.963,176.0,14.052,176.0,18.279,176.0,23.586,176.0,20.035,176.0,16.053,176.0,15.383,176.0,12.851,176.0,16.517,176.0,18.48,176.0,12.725,176.0,16.992,176.0,10.698,176.0,13.815,176.0,9.83,176.0,15.304,176.0,15.865,176.0,12.317
177.0,13.952,177.0,14.195,177.0,18.25,177.0,23.701,177.0,19.977,177.0,16.151,177.0,15.334,177.0,12.968,177.0,16.552,177.0,18.535,177.0,12.697,177.0,16.753,177.0,10.749,177.0,13.953,177.0,9.975,177.0,15.322,177.0,15.91,177.0,12.361
178.0,13.959,178.0,14.114,178.0,18.297,178.0,23.589,178.0,19.838,178.0,15.983,178.0,15.455,178.0,12.896,178.0,16.507,178.0,18.466,178.0,12.724,178.0,16.605,178.0,10.796,178.0,13.807,178.0,9.892,178.0,15.327,178.0,15.884,178.0,12.424
179.0,13.992,179.0,14.087,179.0,18.284,179.0,23.515,179.0,19.764,179.0,15.728,179.0,15.356,179.0,12.731,179.0,16.387,179.0,18.664,179.0,12.393,179.0,16.329,179.0,10.768,179.0,13.756,179.0,9.914,179.0,15.299,179.0,15.944,179.0,12.464
180.0,13.916,180.0,14.103,180.0,18.476,180.0,23.435,180.0,19.853,180.0,15.631,180.0,15.124,180.0,12.643,180.0,16.283,180.0,18.639,180.0,12.361,180.0,16.166,180.0,10.677,180.0,13.804,180.0,9.974,180.0,15.258,180.0,15.944,180.0,12.477
181.0,13.992,181.0,14.096,181.0,18.28,181.0,23.387,181.0,19.823,181.0,15.478,181.0,14.985,181.0,12.555,181.0,16.164,181.0,18.724,181.0,12.242,181.0,16.173,181.0,10.564,181.0,13.7,181.0,9.943,181.0,15.015,181.0,16.078,181.0,12.533
182.0,13.958,182.0,14.071,182.0,18.056,182.0,23.431,182.0,19.845,182.0,15.421,182.0,14.813,182.0,12.571,182.0,16.081,182.0,18.408,182.0,12.296,182.0,15.985,182.0,10.423,182.0,13.812,182.0,9.976,182.0,14.911,182.0,16.086,182.0,12.548
183.0,13.914,183.0,13.963,183.0,18.117,183.0,23.376,183.0,19.747,183.0,15.424,183.0,14.851,183.0,12.57,183.0,15.909,183.0,18.259,183.0,12.219,183.0,15.997,183.0,10.476,183.0,13.656,183.0,9.994,183.0,14.795,183.0,16.194,183.0,12.561
184.0,14.007,184.0,14.052,184.0,17.933,184.0,23.368,184.0,19.59,184.0,15.39,184.0,14.882,184.0,12.649,184.0,15.822,184.0,18.263,184.0,12.156,184.0,15.759,184.0,10.384,184.0,13.543,184.0,10.031,184.0,14.582,184.0,16.174,184.0,12.628
185.0,13.958,185.0,13.953,185.0,17.959,185.0,23.442,185.0,19.683,185.0,15.247,185.0,14.81,185.0,12.514,185.0,15.841,185.0,18.131,185.0,12.161,185.0,15.697,185.0,10.355,185.0,13.603,185.0,9.987,185.0,14.566,185.0,16.174,185.0,12.613
186.0,13.849,186.0,13.919,186.0,17.908,186.0,23.386,186.0,19.619,186.0,15.175,186.0,14.813,186.0,12.535,186.0,15.775,186.0,18.103,186.0,12.139,186.0,15.624,186.0,10.264,186.0,13.515,186.0,10.1,186.0,14.493,186.0,16.142,186.0,12.687
187.0,14.035,187.0,14.04,187.0,17.831,187.0,23.269,187.0,19.552,187.0,15.21,187.0,14.913,187.0,12.503,187.0,15.738,187.0,17.924,187.0,12.06,187.0,15.455,187.0,10.162,187.0,13.381,187.0,10.045,187.0,14.497,187.0,16.182,187.0,12.551
188.0,13.947,188.0,14.047,188.0,17.769,188.0,23.197,188.0,19.532,188.0,15.101,188.0,14.992,188.0,12.496,188.0,15.664,188.0,17.913,188.0,12.024,188.0,15.362,188.0,10.167,188.0,13.266,188.0,10.135,188.0,14.364,188.0,16.292,188.0,12.479
189.0,13.987,189.0,14.022,189.0,17.922,189.0,23.322,189.0,19.559,189.0,15.063,189.0,14.84,189.0,12.544,189.0,15.721,189.0,17.727,189.0,12.093,189.0,15.258,189.0,10.153,189.0,13.184,189.0,10.117,189.0,14.341,189.0,16.33,189.0,12.51
190.0,14.035,190.0,13.955,190.0,17.916,190.0,23.315,190.0,19.37,190.0,15.023,190.0,15.0,190.0,12.565,190.0,15.728,190.0,17.82,190.0,12.117,190.0,15.306,190.0,10.124,190.0,13.337,190.0,10.144,190.0,14.415,190.0,16.211,190.0,12.521
191.0,14.048,191.0,14.074,191.0,17.897,191.0,23.124,191.0,19.362,191.0,14.989,191.0,14.897,191.0,12.552,191.0,15.613,191.0,17.712,191.0,12.056,191.0,15.184,191.0,9.962,191.0,13.319,191.0,10.149,191.0,14.242,191.0,16.311,191.0,12.52
192.0,14.009,192.0,13.937,192.0,17.934,192.0,23.175,192.0,19.464,192.0,14.885,192.0,14.909,192.0,12.574,192.0,15.545,192.0,17.825,192.0,11.985,192.0,15.227,192.0,9.989,192.0,13.085,192.0,10.212,192.0,14.257,192.0,16.403,192.0,12.56
193.0,13.996,193.0,14.096,193.0,17.848,193.0,23.035,193.0,19.477,193.0,14.983,193.0,14.892,193.0,12.674,193.0,15.611,193.0,17.648,193.0,12.067,193.0,15.043,193.0,9.929,193.0,13.05,193.0,10.194,193.0,14.196,193.0,16.221,193.0,12.627
194.0,14.004,194.0,14.074,194.0,17.866,194.0,23.233,194.0,19.234,194.0,14.917,194.0,14.921,194.0,12.615,194.0,15.556,194.0,17.627,194.0,12.064,194.0,15.119,194.0,10.02,194.0,13.012,194.0,10.215,194.0,14.145,194.0,16.387,194.0,12.597
195.0,13.931,195.0,14.1,195.0,17.951,195.0,23.201,195.0,19.186,195.0,14.901,195.0,14.854,195.0,12.701,195.0,15.585,195.0,17.487,195.0,11.979,195.0,14.94,195.0,10.051,195.0,12.954,195.0,10.205,195.0,14.213,195.0,16.498,195.0,12.709
196.0,13.935,196.0,14.179,196.0,18.011,196.0,22.94,196.0,19.291,196.0,14.842,196.0,14.852,196.0,12.702,196.0,15.432,196.0,17.478,196.0,12.026,196.0,14.945,196.0,9.893,196.0,12.931,196.0,10.301,196.0,14.17,196.0,16.41,196.0,12.746
197.0,13.939,197.0,14.151,197.0,17.951,197.0,23.139,197.0,19.247,197.0,14.895,197.0,14.837,197.0,12.78,197.0,15.409,197.0,17.51,197.0,12.027,197.0,14.86,197.0,9.898,197.0,12.992,197.0,10.288,197.0,14.173,197.0,16.65,197.0,12.692
198.0,14.021,198.0,14.09,198.0,17.956,198.0,23.03,198.0,19.283,198.0,14.759,198.0,14.872,198.0,12.772,198.0,15.404,198.0,17.65,198.0,12.027,198.0,14.76,198.0,9.857,198.0,12.854,198.0,10.269,198.0,14.005,198.0,16.614,198.0,12.757
199.0,14.038,199.0,14.158,199.0,17.97,199.0,23.167,199.0,19.049,199.0,14.783,199.0,14.795,199.0,12.611,199.0,15.206,199.0,17.491,199.0,12.021,199.0,14.864,199.0,9.819,199.0,12.765,199.0,10.238,199.0,14.076,199.0,16.048,199.0,12.761
200.0,14.002,200.0,14.163,200.0,17.927,200.0,22.958,200.0,19.106,200.0,14.683,200.0,14.83,200.0,12.732,200.0,15.323,200.0,17.301,200.0,12.004,200.0,14.819,200.0,9.849,200.0,12.712,200.0,10.249,200.0,14.107,200.0,15.945,200.0,12.817
201.0,13.913,201.0,14.018,201.0,18.015,201.0,22.917,201.0,18.977,201.0,14.792,201.0,14.858,201.0,12.607,201.0,15.35,201.0,17.471,201.0,11.947,201.0,14.63,201.0,9.777,201.0,12.672,201.0,10.248,201.0,14.035,201.0,15.844,201.0,12.773
202.0,13.938,202.0,14.106,202.0,17.996,202.0,23.019,202.0,18.991,202.0,14.713,202.0,14.989,202.0,12.687,202.0,15.216,202.0,17.248,202.0,11.964,202.0,14.734,202.0,9.78,202.0,12.611,202.0,10.356,202.0,13.999,202.0,15.635,202.0,12.85
203.0,13.909,203.0,13.984,203.0,17.979,203.0,22.974,203.0,19.048,203.0,14.576,203.0,14.874,203.0,12.649,203.0,15.224,203.0,17.332,203.0,11.904,203.0,14.716,203.0,9.749,203.0,12.54,203.0,10.387,203.0,14.06,203.0,15.556,203.0,12.889
204.0,13.87,204.0,13.952,204.0,18.187,204.0,22.898,204.0,18.949,204.0,14.679,204.0,14.954,204.0,12.531,204.0,15.236,204.0,17.293,204.0,12.008,204.0,14.66,204.0,9.701,204.0,12.526,204.0,10.437,204.0,13.918,204.0,15.586,204.0,12.865
205.0,13.912,205.0,14.007,205.0,17.944,205.0,22.988,205.0,19.003,205.0,14.495,205.0,14.913,205.0,12.631,205.0,15.193,205.0,17.168,205.0,11.913,205.0,14.608,205.0,9.65,205.0,12.525,205.0,10.372,205.0,13.934,205.0,15.437,205.0,12.928
206.0,13.919,206.0,14.081,206.0,18.065,206.0,22.925,206.0,18.925,206.0,14.583,206.0,14.914,206.0,12.578,206.0,15.082,206.0,17.132,206.0,11.927,206.0,14.666,206.0,9.661,206.0,12.485,206.0,10.421,206.0,13.928,206.0,15.426,206.0,12.941
207.0,13.8,207.0,14.105,207.0,18.032,207.0,22.887,207.0,19.089,207.0,14.607,207.0,14.884,207.0,12.639,207.0,14.994,207.0,16.982,207.0,11.832,207.0,14.678,207.0,9.666,207.0,12.317,207.0,10.406,207.0,14.001,207.0,15.361,207.0,12.916
208.0,13.866,208.0,14.051,208.0,18.057,208.0,22.813,208.0,18.712,208.0,14.535,208.0,14.806,208.0,12.555,208.0,15.044,208.0,17.108,208.0,11.763,208.0,14.546,208.0,9.609,208.0,12.38,208.0,10.423,208.0,13.85,208.0,15.308,208.0,12.88
209.0,13.759,209.0,13.926,209.0,18.051,209.0,22.843,209.0,18.74,209.0,14.363,209.0,14.848,209.0,12.561,209.0,14.984,209.0,16.969,209.0,11.726,209.0,14.552,209.0,9.625,209.0,12.414,209.0,10.406,209.0,13.826,209.0,15.305,209.0,12.939
210.0,13.75,210.0,13.947,210.0,17.982,210.0,22.764,210.0,18.758,210.0,14.536,210.0,14.919,210.0,12.512,210.0,15.035,210.0,17.051,210.0,11.643,210.0,14.492,210.0,9.536,210.0,12.44,210.0,10.431,210.0,13.877,210.0,15.184,210.0,12.955
211.0,13.694,211.0,13.956,211.0,17.974,211.0,22.719,211.0,18.724,211.0,14.301,211.0,14.936,211.0,12.537,211.0,14.986,211.0,17.028,211.0,11.595,211.0,14.522,211.0,9.531,211.0,12.275,211.0,10.5,211.0,13.801,211.0,15.188,211.0,12.987
212.0,13.674,212.0,13.853,212.0,18.073,212.0,22.781,212.0,18.609,212.0,14.388,212.0,14.845,212.0,12.603,212.0,14.891,212.0,16.969,212.0,11.595,212.0,14.517,212.0,9.505,212.0,12.221,212.0,10.486,212.0,13.743,212.0,15.156,212.0,12.958
213.0,13.697,213.0,13.839,213.0,17.652,213.0,22.786,213.0,18.693,213.0,14.363,213.0,14.964,213.0,12.461,213.0,14.858,213.0,16.966,213.0,11.668,213.0,14.522,213.0,9.57,213.0,12.216,213.0,10.587,213.0,13.744,213.0,15.083,213.0,13.01
214.0,13.649,214.0,13.867,214.0,17.721,214.0,22.841,214.0,18.508,214.0,14.432,214.0,14.924,214.0,12.418,214.0,15.026,214.0,16.799,214.0,11.495,214.0,14.475,214.0,9.509,214.0,12.178,214.0,10.582,214.0,13.796,214.0,15.131,214.0,12.928
215.0,13.612,215.0,13.889,215.0,17.726,215.0,22.764,215.0,18.507,215.0,14.283,215.0,14.848,215.0,12.398,215.0,15.018,215.0,16.788,215.0,11.466,215.0,14.503,215.0,9.529,215.0,12.185,215.0,10.552,215.0,13.587,215.0,15.197,215.0,12.995
216.0,13.672,216.0,13.899,216.0,17.738,216.0,22.647,216.0,18.39,216.0,14.23,216.0,14.811,216.0,12.48,216.0,14.794,216.0,16.835,216.0,11.453,216.0,14.454,216.0,9.453,216.0,12.14,216.0,10.659,216.0,13.56,216.0,15.045,216.0,12.993
217.0,13.616,217.0,13.781,217.0,17.882,217.0,22.815,217.0,18.383,217.0,14.231,217.0,14.784,217.0,12.585,217.0,14.833,217.0,16.778,217.0,11.445,217.0,14.418,217.0,9.382,217.0,12.137,217.0,10.559,217.0,13.57,217.0,14.955,217.0,13.062
218.0,13.672,218.0,13.771,218.0,18.016,218.0,22.722,218.0,18.336,218.0,14.326,218.0,14.849,218.0,12.446,218.0,14.788,218.0,16.732,218.0,11.433,218.0,14.451,218.0,9.447,218.0,12.125,218.0,10.642,218.0,13.618,218.0,14.967,218.0,13.048
219.0,13.655,219.0,13.821,219.0,17.949,219.0,22.714,219.0,18.272,219.0,14.034,219.0,14.803,219.0,12.481,219.0,14.8,219.0,16.664,219.0,11.387,219.0,14.4,219.0,9.362,219.0,12.095,219.0,10.67,219.0,13.482,219.0,14.971,219.0,13.008
220.0,13.5,220.0,13.668,220.0,18.062,220.0,22.702,220.0,18.208,220.0,14.249,220.0,14.781,220.0,12.459,220.0,14.64,220.0,16.481,220.0,11.349,220.0,14.387,220.0,9.36,220.0,12.05,220.0,10.66,220.0,13.452,220.0,14.938,220.0,13.078
221.0,13.514,221.0,13.77,221.0,18.028,221.0,22.656,221.0,18.378,221.0,14.041,221.0,14.695,221.0,12.538,221.0,14.663,221.0,16.6,221.0,11.195,221.0,14.351,221.0,9.32,221.0,12.085,221.0,10.734,221.0,13.299,221.0,14.886,221.0,13.034
222.0,13.494,222.0,13.703,222.0,18.019,222.0,22.459,222.0,18.196,222.0,14.062,222.0,14.69,222.0,12.462,222.0,14.698,222.0,16.703,222.0,11.317,222.0,14.257,222.0,9.393,222.0,12.042,222.0,10.637,222.0,13.342,222.0,14.963,222.0,13.05
223.0,13.524,223.0,13.741,223.0,17.88,223.0,22.411,223.0,18.331,223.0,14.185,223.0,14.775,223.0,12.486,223.0,14.619,223.0,16.39,223.0,11.201,223.0,14.32,223.0,9.367,223.0,12.044,223.0,10.427,223.0,13.335,223.0,14.901,223.0,13.066
224.0,13.458,224.0,13.592,224.0,17.807,224.0,22.491,224.0,18.142,224.0,14.134,224.0,14.697,224.0,12.517,224.0,14.669,224.0,16.38,224.0,11.176,224.0,14.349,224.0,9.326,224.0,11.99,224.0,10.373,224.0,13.13,224.0,14.825,224.0,12.999
225.0,13.382,225.0,13.696,225.0,17.99,225.0,22.558,225.0,18.138,225.0,14.228,225.0,14.735,225.0,12.546,225.0,14.605,225.0,16.415,225.0,11.137,225.0,14.388,225.0,9.339,225.0,11.969,225.0,10.261,225.0,13.162,225.0,14.724,225.0,13.115
226.0,13.427,226.0,13.617,226.0,17.892,226.0,22.325,226.0,18.095,226.0,14.032,226.0,14.732,226.0,12.537,226.0,14.622,226.0,16.307,226.0,11.061,226.0,14.392,226.0,9.362,226.0,11.941,226.0,10.229,226.0,13.138,226.0,14.821,226.0,13.083
227.0,13.333,227.0,13.595,227.0,17.718,227.0,22.382,227.0,17.937,227.0,14.032,227.0,14.759,227.0,12.472,227.0,14.601,227.0,16.27,227.0,11.1,227.0,14.208,227.0,9.31,227.0,11.998,227.0,10.071,227.0,13.085,227.0,14.779,227.0,13.043
228.0,13.271,228.0,13.583,228.0,17.886,228.0,22.465,228.0,18.022,228.0,14.085,228.0,14.868,228.0,12.472,228.0,14.544,228.0,16.289,228.0,11.008,228.0,14.281,228.0,9.327,228.0,11.844,228.0,10.085,228.0,12.947,228.0,14.644,228.0,13.089
229.0,13.235,229.0,13.595,229.0,17.921,229.0,22.357,229.0,18.037,229.0,14.07,229.0,14.612,229.0,12.581,229.0,14.485,229.0,16.196,229.0,10.989,229.0,14.132,229.0,9.312,229.0,11.907,229.0,10.106,229.0,12.95,229.0,14.688,229.0,13.079
230.0,13.258,230.0,13.542,230.0,17.974,230.0,22.293,230.0,17.889,230.0,13.895,230.0,14.619,230.0,12.592,230.0,14.5,230.0,16.285,230.0,10.957,230.0,14.085,230.0,9.322,230.0,11.852,230.0,10.035,230.0,12.798,230.0,14.76,230.0,13.074
231.0,13.302,231.0,13.453,231.0,17.737,231.0,22.251,231.0,17.862,231.0,14.062,231.0,14.686,231.0,12.499,231.0,14.459,231.0,16.21,231.0,11.023,231.0,14.148,231.0,9.212,231.0,11.828,231.0,9.988,231.0,12.812,231.0,14.703,231.0,12.958
232.0,13.218,232.0,13.388,232.0,17.654,232.0,22.348,232.0,17.728,232.0,13.949,232.0,14.769,232.0,12.489,232.0,14.355,232.0,16.206,232.0,10.868,232.0,14.205,232.0,9.222,232.0,11.828,232.0,10.016,232.0,12.729,232.0,14.597,232.0,13.003
233.0,13.202,233.0,13.39,233.0,17.807,233.0,22.198,233.0,17.813,233.0,13.888,233.0,14.751,233.0,12.524,233.0,14.471,233.0,16.13,233.0,10.848,233.0,14.099,233.0,9.177,233.0,11.915,233.0,10.117,233.0,12.671,233.0,14.659,233.0,13.083
234.0,13.211,234.0,13.361,234.0,17.791,234.0,22.116,234.0,17.901,234.0,13.783,234.0,14.576,234.0,12.62,234.0,14.322,234.0,16.081,234.0,10.832,234.0,14.03,234.0,9.156,234.0,11.978,234.0,10.113,234.0,12.751,234.0,14.55,234.0,13.09
235.0,13.111,235.0,13.229,235.0,17.706,235.0,22.289,235.0,17.772,235.0,13.946,235.0,14.625,235.0,12.552,235.0,14.392,235.0,16.004,235.0,10.799,235.0,14.005,235.0,9.092,235.0,11.917,235.0,10.1,235.0,12.657,235.0,14.591,235.0,13.053
236.0,13.149,236.0,13.267,236.0,17.76,236.0,22.285,236.0,17.711,236.0,13.822,236.0,14.66,236.0,12.532,236.0,14.366,236.0,16.103,236.0,10.656,236.0,14.163,236.0,9.198,236.0,11.896,236.0,10.047,236.0,12.632,236.0,14.506,236.0,12.948
237.0,13.108,237.0,13.325,237.0,17.638,237.0,22.15,237.0,17.693,237.0,13.871,237.0,14.62,237.0,12.531,237.0,14.288,237.0,16.022,237.0,10.708,237.0,13.897,237.0,9.123,237.0,11.914,237.0,10.1,237.0,12.656,237.0,14.551,237.0,12.965
238.0,13.077,238.0,13.256,238.0,17.811,238.0,22.075,238.0,17.517,238.0,13.833,238.0,14.595,238.0,12.552,238.0,14.274,238.0,15.978,238.0,10.611,238.0,14.079,238.0,9.123,238.0,11.851,238.0,10.117,238.0,12.496,238.0,14.509,238.0,13.063
239.0,12.995,239.0,13.152,239.0,17.694,239.0,22.061,239.0,17.577,239.0,13.772,239.0,14.62,239.0,12.568,239.0,14.222,239.0,16.054,239.0,10.566,239.0,13.999,239.0,9.133,239.0,11.874,239.0,9.999,239.0,12.641,239.0,14.525,239.0,13.037
240.0,12.941,240.0,13.111,240.0,17.634,240.0,22.07,240.0,17.729,240.0,13.724,240.0,14.54,240.0,12.568,240.0,14.186,240.0,15.836,240.0,10.557,240.0,13.808,240.0,9.123,240.0,11.905,240.0,10.049,240.0,12.603,240.0,14.471,240.0,13.036
241.0,12.882,241.0,13.054,241.0,17.66,241.0,21.972,241.0,17.624,241.0,13.759,241.0,14.541,241.0,12.55,241.0,14.221,241.0,15.848,241.0,10.487,241.0,13.969,241.0,9.122,241.0,11.912,241.0,9.993,241.0,12.39,241.0,14.44,241.0,12.984
242.0,12.893,242.0,12.991,242.0,17.692,242.0,22.005,242.0,17.745,242.0,13.699,242.0,14.444,242.0,12.539,242.0,14.259,242.0,15.982,242.0,10.398,242.0,13.958,242.0,9.069,242.0,11.814,242.0,9.914,242.0,12.353,242.0,14.239,242.0,12.912
243.0,12.8,243.0,12.969,243.0,17.274,243.0,21.928,243.0,17.658,243.0,13.782,243.0,14.453,243.0,12.514,243.0,14.219,243.0,16.027,243.0,10.461,243.0,13.877,243.0,9.14,243.0,11.824,243.0,9.851,243.0,12.387,243.0,14.298,243.0,12.917
244.0,12.838,244.0,12.799,244.0,17.555,244.0,22.075,244.0,17.632,244.0,13.682,244.0,14.482,244.0,12.619,244.0,14.239,244.0,15.914,244.0,10.397,244.0,13.792,244.0,9.019,244.0,11.857,244.0,9.845,244.0,12.263,244.0,14.341,244.0,12.957
245.0,12.838,245.0,12.842,245.0,17.597,245.0,21.88,245.0,17.609,245.0,13.68,245.0,14.349,245.0,12.503,245.0,14.044,245.0,15.875,245.0,10.403,245.0,13.849,245.0,9.152,245.0,11.827,245.0,9.871,245.0,12.237,245.0,14.156,245.0,12.956
246.0,12.754,246.0,12.798,246.0,17.777,246.0,22.1,246.0,17.486,246.0,13.715,246.0,14.505,246.0,12.566,246.0,14.1,246.0,15.895,246.0,10.229,246.0,13.805,246.0,9.061,246.0,11.868,246.0,9.708,246.0,12.251,246.0,14.235,246.0,12.868
247.0,12.817,247.0,12.847,247.0,17.459,247.0,21.995,247.0,17.672,247.0,13.71,247.0,14.445,247.0,12.444,247.0,14.182,247.0,15.831,247.0,10.291,247.0,13.728,247.0,8.949,247.0,11.79,247.0,9.732,247.0,12.209,247.0,14.139,247.0,12.818
248.0,12.757,248.0,12.702,248.0,17.121,248.0,21.774,248.0,17.449,248.0,13.665,248.0,14.357,248.0,12.493,248.0,14.06,248.0,15.695,248.0,10.293,248.0,13.824,248.0,9.052,248.0,11.926,248.0,9.702,248.0,12.182,248.0,14.153,248.0,12.812
249.0,12.663,249.0,12.693,249.0,17.572,249.0,21.75,249.0,17.537,249.0,13.585,249.0,14.396,249.0,12.504,249.0,14.126,249.0,15.769,249.0,10.216,249.0,13.804,249.0,8.979,249.0,11.873,249.0,9.625,249.0,12.052,249.0,14.1,249.0,12.851
250.0,12.674,250.0,12.585,250.0,17.421,250.0,21.718,250.0,17.505,250.0,13.634,250.0,14.374,250.0,12.445,250.0,14.003,250.0,15.817,250.0,10.15,250.0,13.733,250.0,8.97,250.0,11.787,250.0,9.643,250.0,12.13,250.0,14.098,250.0,12.872
251.0,12.728,251.0,12.497,251.0,17.477,251.0,21.68,251.0,17.641,251.0,13.563,251.0,14.426,251.0,12.439,251.0,14.022,251.0,15.708,251.0,10.188,251.0,13.675,251.0,9.019,251.0,11.808,251.0,9.624,251.0,12.092,251.0,14.052,251.0,12.837
252.0,12.643,252.0,12.512,252.0,17.352,252.0,21.791,252.0,17.532,252.0,13.495,252.0,14.405,252.0,12.515,252.0,14.032,252.0,15.698,252.0,10.127,252.0,13.62,252.0,8.97,252.0,11.7,252.0,9.503,252.0,12.097,252.0,13.937,252.0,12.774
253.0,12.65,253.0,12.438,253.0,17.284,253.0,21.621,253.0,17.482,253.0,13.547,253.0,14.287,253.0,12.483,253.0,14.104,253.0,15.798,253.0,10.146,253.0,13.702,253.0,8.946,253.0,11.691,253.0,9.504,253.0,12.064,253.0,14.047,253.0,12.772
254.0,12.546,254.0,12.49,254.0,17.604,254.0,21.66,254.0,17.405,254.0,13.588,254.0,14.328,254.0,12.394,254.0,13.945,254.0,15.704,254.0,10.086,254.0,13.588,254.0,8.958,254.0,11.664,254.0,9.396,254.0,12.058,254.0,13.947,254.0,12.757
255.0,12.612,255.0,12.314,255.0,17.467,255.0,21.789,255.0,17.451,255.0,13.447,255.0,14.298,255.0,12.496,255.0,14.001,255.0,15.66,255.0,10.122,255.0,13.591,255.0,8.991,255.0,11.778,255.0,9.433,255.0,11.955,255.0,13.9,255.0,12.726
256.0,12.576,256.0,12.229,256.0,17.528,256.0,21.581,256.0,17.376,256.0,13.491,256.0,14.334,256.0,12.438,256.0,13.938,256.0,15.666,256.0,10.066,256.0,13.565,256.0,8.836,256.0,11.77,256.0,9.411,256.0,11.976,256.0,13.784,256.0,12.748
257.0,12.546,257.0,12.167,257.0,17.549,257.0,21.716,257.0,17.39,257.0,13.44,257.0,14.222,257.0,12.368,257.0,13.862,257.0,15.636,257.0,9.979,257.0,13.56,257.0,8.899,257.0,11.758,257.0,9.355,257.0,11.885,257.0,13.839,257.0,12.73
258.0,12.561,258.0,12.182,258.0,17.453,258.0,21.583,258.0,17.484,258.0,13.381,258.0,14.179,258.0,12.388,258.0,13.894,258.0,15.601,258.0,9.998,258.0,13.505,258.0,8.94,258.0,11.72,258.0,9.351,258.0,11.953,258.0,13.734,258.0,12.706
259.0,12.403,259.0,12.065,259.0,17.429,259.0,21.678,259.0,17.583,259.0,13.418,259.0,14.245,259.0,12.343,259.0,13.929,259.0,15.559,259.0,9.924,259.0,13.428,259.0,8.966,259.0,11.645,259.0,9.246,259.0,12.016,259.0,13.747,259.0,12.632
260.0,12.48,260.0,12.078,260.0,17.485,260.0,21.433,260.0,17.414,260.0,13.356,260.0,14.196,260.0,12.42,260.0,13.879,260.0,15.688,260.0,9.846,260.0,13.583,260.0,8.889,260.0,11.661,260.0,9.284,260.0,11.84,260.0,13.743,260.0,12.665
261.0,12.429,261.0,11.988,261.0,17.4,261.0,21.501,261.0,17.398,261.0,13.393,261.0,14.246,261.0,12.452,261.0,13.885,261.0,15.44,261.0,9.821,261.0,13.465,261.0,8.837,261.0,11.716,261.0,9.261,261.0,11.832,261.0,13.625,261.0,12.694
262.0,12.429,262.0,11.926,262.0,17.387,262.0,21.508,262.0,17.221,262.0,13.216,262.0,14.247,262.0,12.373,262.0,13.835,262.0,15.574,262.0,9.821,262.0,13.456,262.0,8.887,262.0,11.671,262.0,9.203,262.0,11.714,262.0,13.525,262.0,12.67
263.0,12.419,263.0,11.97,263.0,17.399,263.0,21.391,263.0,17.326,263.0,13.251,263.0,14.257,263.0,12.409,263.0,13.817,263.0,15.436,263.0,9.819,263.0,13.367,263.0,8.827,263.0,11.615,263.0,9.185,263.0,11.791,263.0,13.679,263.0,12.692
264.0,12.381,264.0,11.994,264.0,17.284,264.0,21.414,264.0,17.4,264.0,13.348,264.0,14.238,264.0,12.349,264.0,13.862,264.0,15.44,264.0,9.81,264.0,13.492,264.0,8.749,264.0,11.639,264.0,9.04,264.0,11.768,264.0,13.576,264.0,12.622
265.0,12.356,265.0,11.93,265.0,17.331,265.0,21.468,265.0,17.257,265.0,13.233,265.0,14.183,265.0,12.319,265.0,13.795,265.0,15.508,265.0,9.794,265.0,13.314,265.0,8.791,265.0,11.574,265.0,9.141,265.0,11.791,265.0,13.505,265.0,12.642
266.0,12.326,266.0,11.895,266.0,17.323,266.0,21.41,266.0,17.415,266.0,13.338,266.0,14.096,266.0,12.409,266.0,13.758,266.0,15.372,266.0,9.745,266.0,13.395,266.0,8.775,266.0,11.657,266.0,9.11,266.0,11.688,266.0,13.526,266.0,12.641
267.0,12.338,267.0,11.734,267.0,17.336,267.0,21.416,267.0,17.265,267.0,13.182,267.0,14.079,267.0,12.32,267.0,13.733,267.0,15.47,267.0,9.723,267.0,13.338,267.0,8.82,267.0,11.613,267.0,9.044,267.0,11.788,267.0,13.507,267.0,12.562
268.0,12.252,268.0,11.789,268.0,17.352,268.0,21.343,268.0,17.259,268.0,13.257,268.0,14.129,268.0,12.269,268.0,13.752,268.0,15.3,268.0,9.727,268.0,13.3,268.0,8.732,268.0,11.652,268.0,9.04,268.0,11.744,268.0,13.503,268.0,12.631
269.0,12.293,269.0,11.788,269.0,17.142,269.0,21.385,269.0,17.247,269.0,13.202,269.0,14.053,269.0,12.32,269.0,13.802,269.0,15.364,269.0,9.64,269.0,13.386,269.0,8.761,269.0,11.659,269.0,9.006,269.0,11.636,269.0,13.392,269.0,12.549
270.0,12.248,270.0,11.627,270.0,17.31,270.0,21.411,270.0,17.218,270.0,13.239,270.0,14.124,270.0,12.297,270.0,13.762,270.0,15.412,270.0,9.629,270.0,13.279,270.0,8.675,270.0,11.587,270.0,8.959,270.0,11.689,270.0,13.354,270.0,12.515
271.0,12.296,271.0,11.527,271.0,17.379,271.0,21.338,271.0,17.12,271.0,13.138,271.0,14.09,271.0,12.222,271.0,13.733,271.0,15.411,271.0,9.588,271.0,13.311,271.0,8.737,271.0,11.581,271.0,8.984,271.0,11.588,271.0,13.371,271.0,12.515
272.0,12.171,272.0,11.67,272.0,17.271,272.0,21.4,272.0,17.169,272.0,13.129,272.0,14.028,272.0,12.271,272.0,13.903,272.0,15.285,272.0,9.644,272.0,13.239,272.0,8.727,272.0,11.536,272.0,8.97,272.0,11.594,272.0,13.409,272.0,12.479
273.0,12.179,273.0,11.56,273.0,17.243,273.0,21.244,273.0,17.203,273.0,13.115,273.0,14.103,273.0,12.223,273.0,13.681,273.0,15.47,273.0,9.561,273.0,13.088,273.0,8.665,273.0,11.578,273.0,9.017,273.0,11.508,273.0,13.38,273.0,12.522
274.0,12.21,274.0,11.524,274.0,17.264,274.0,21.402,274.0,17.301,274.0,13.089,274.0,14.055,274.0,12.187,274.0,13.648,274.0,15.219,274.0,9.565,274.0,13.216,274.0,8.645,274.0,11.502,274.0,8.943,274.0,11.636,274.0,13.316,274.0,12.451
275.0,12.139,275.0,11.584,275.0,17.266,275.0,21.505,275.0,17.236,275.0,13.209,275.0,14.066,275.0,12.301,275.0,13.693,275.0,15.432,275.0,9.561,275.0,13.116,275.0,8.704,275.0,11.584,275.0,8.875,275.0,11.473,275.0,13.228,275.0,12.507
276.0,12.165,276.0,11.46,276.0,17.236,276.0,21.124,276.0,17.247,276.0,13.179,276.0,14.136,276.0,12.188,276.0,13.779,276.0,15.33,276.0,9.487,276.0,13.066,276.0,8.692,276.0,11.631,276.0,8.863,276.0,11.665,276.0,13.213,276.0,12.425
277.0,12.068,277.0,11.455,277.0,17.314,277.0,21.415,277.0,17.196,277.0,13.097,277.0,14.068,277.0,12.173,277.0,13.714,277.0,15.38,277.0,9.466,277.0,13.15,277.0,8.66,277.0,11.51,277.0,8.781,277.0,11.572,277.0,13.121,277.0,12.47
278.0,12.137,278.0,11.322,278.0,17.245,278.0,21.237,278.0,17.186,278.0,13.127,278.0,13.924,278.0,12.141,278.0,13.653,278.0,15.23,278.0,9.437,278.0,12.986,278.0,8.697,278.0,11.522,278.0,8.894,278.0,11.515,278.0,13.116,278.0,12.444
279.0,12.01,279.0,11.362,279.0,17.053,279.0,21.364,279.0,17.185,279.0,13.09,279.0,14.006,279.0,12.208,279.0,13.649,279.0,15.19,279.0,9.411,279.0,13.113,279.0,8.658,279.0,11.463,279.0,8.804,279.0,11.497,279.0,13.098,279.0,12.406
280.0,12.019,280.0,11.353,280.0,17.227,280.0,21.359,280.0,17.095,280.0,13.128,280.0,14.088,280.0,12.162,280.0,13.696,280.0,15.183,280.0,9.504,280.0,12.99,280.0,8.722,280.0,11.483,280.0,8.74,280.0,11.471,280.0,13.17,280.0,12.386
281.0,12.049,281.0,11.273,281.0,17.097,281.0,21.433,281.0,17.082,281.0,13.113,281.0,13.967,281.0,12.265,281.0,13.548,281.0,15.178,281.0,9.453,281.0,13.034,281.0,8.634,281.0,11.516,281.0,8.822,281.0,11.569,281.0,13.07,281.0,12.376
282.0,12.021,282.0,11.214,282.0,17.158,282.0,21.247,282.0,17.069,282.0,13.088,282.0,14.141,282.0,12.141,282.0,13.6,282.0,15.295,282.0,9.413,282.0,13.009,282.0,8.676,282.0,11.518,282.0,8.752,282.0,11.531,282.0,13.082,282.0,12.367
283.0,11.911,283.0,11.135,283.0,17.019,283.0,21.35,283.0,17.165,283.0,13.024,283.0,14.018,283.0,12.227,283.0,13.487,283.0,15.273,283.0,9.382,283.0,12.943,283.0,8.654,283.0,11.501,283.0,8.782,283.0,11.375,283.0,12.955,283.0,12.286
284.0,11.921,284.0,11.065,284.0,17.097,284.0,21.522,284.0,16.977,284.0,12.943,284.0,13.985,284.0,12.119,284.0,13.611,284.0,15.088,284.0,9.394,284.0,12.961,284.0,8.643,284.0,11.557,284.0,8.692,284.0,11.396,284.0,13.035,284.0,12.262
285.0,11.955,285.0,11.162,285.0,17.128,285.0,21.236,285.0,17.038,285.0,13.036,285.0,14.098,285.0,12.135,285.0,13.658,285.0,15.179,285.0,9.329,285.0,12.846,285.0,8.594,285.0,11.56,285.0,8.73,285.0,11.351,285.0,12.87,285.0,12.399
286.0,11.921,286.0,11.085,286.0,17.046,286.0,21.468,286.0,17.14,286.0,12.884,286.0,14.013,286.0,11.966,286.0,13.59,286.0,15.181,286.0,9.454,286.0,12.748,286.0,8.626,286.0,11.446,286.0,8.656,286.0,11.374,286.0,12.84,286.0,12.227
287.0,11.847,287.0,11.203,287.0,16.907,287.0,21.429,287.0,17.107,287.0,12.904,287.0,14.032,287.0,12.153,287.0,13.479,287.0,15.172,287.0,9.278,287.0,12.75,287.0,8.545,287.0,11.39,287.0,8.646,287.0,11.313,287.0,12.981,287.0,12.181
288.0,11.844,288.0,11.107,288.0,17.029,288.0,21.244,288.0,16.968,288.0,12.857,288.0,14.013,288.0,12.16,288.0,13.635,288.0,15.081,288.0,9.261,288.0,12.838,288.0,8.553,288.0,11.469,288.0,8.708,288.0,11.354,288.0,12.891,288.0,12.273
289.0,11.876,289.0,11.013,289.0,16.965,289.0,21.233,289.0,17.002,289.0,12.968,289.0,14.014,289.0,12.172,289.0,13.481,289.0,15.001,289.0,9.289,289.0,12.756,289.0,8.468,289.0,11.435,289.0,8.633,289.0,11.365,289.0,12.782,289.0,12.283
290.0,11.887,290.0,11.076,290.0,16.995,290.0,21.286,290.0,17.081,290.0,12.868,290.0,14.068,290.0,12.163,290.0,13.522,290.0,15.101,290.0,9.268,290.0,12.718,290.0,8.564,290.0,11.382,290.0,8.619,290.0,11.258,290.0,12.861,290.0,12.232
291.0,11.748,291.0,11.131,291.0,16.881,291.0,21.164,291.0,17.129,291.0,12.915,291.0,13.938,291.0,12.115,291.0,13.485,291.0,15.064,291.0,9.298,291.0,12.733,291.0,8.579,291.0,11.417,291.0,8.556,291.0,11.353,291.0,12.696,291.0,12.185
292.0,11.786,292.0,10.99,292.0,16.956,292.0,21.158,292.0,17.002,292.0,13.015,292.0,14.073,292.0,12.118,292.0,13.556,292.0,15.035,292.0,9.205,292.0,12.696,292.0,8.525,292.0,11.407,292.0,8.564,292.0,11.253,292.0,12.658,292.0,12.188
293.0,11.754,293.0,11.047,293.0,16.853,293.0,20.971,293.0,17.03,293.0,12.865,293.0,13.948,293.0,12.066,293.0,13.5,293.0,15.149,293.0,9.235,293.0,12.633,293.0,8.496,293.0,11.44,293.0,8.565,293.0,11.293,293.0,12.659,293.0,12.199
294.0,11.786,294.0,11.098,294.0,16.888,294.0,21.099,294.0,16.992,294.0,12.921,294.0,13.996,294.0,12.087,294.0,13.491,294.0,14.89,294.0,9.288,294.0,12.721,294.0,8.486,294.0,11.33,294.0,8.565,294.0,11.261,294.0,12.795,294.0,12.081
295.0,11.705,295.0,10.972,295.0,16.806,295.0,21.207,295.0,16.87,295.0,12.798,295.0,13.988,295.0,12.054,295.0,13.468,295.0,14.938,295.0,9.194,295.0,12.588,295.0,8.402,295.0,11.35,295.0,8.554,295.0,11.225,295.0,12.697,295.0,12.051
296.0,11.754,296.0,10.906,296.0,16.851,296.0,21.069,296.0,16.928,296.0,12.854,296.0,13.881,296.0,12.049,296.0,13.467,296.0,15.042,296.0,9.166,296.0,12.529,296.0,8.454,296.0,11.459,296.0,8.494,296.0,11.177,296.0,12.643,296.0,12.168
297.0,11.669,297.0,10.876,297.0,16.908,297.0,21.083,297.0,16.855,297.0,12.764,297.0,14.068,297.0,12.092,297.0,13.44,297.0,14.884,297.0,9.207,297.0,12.506,297.0,8.561,297.0,11.353,297.0,8.528,297.0,11.239,297.0,12.517,297.0,12.086
298.0,11.709,298.0,10.945,298.0,16.829,298.0,20.967,298.0,16.859,298.0,12.781,298.0,13.921,298.0,12.058,298.0,13.465,298.0,14.926,298.0,9.226,298.0,12.519,298.0,8.445,298.0,11.408,298.0,8.478,298.0,11.159,298.0,12.651,298.0,12.07
299.0,11.749,299.0,10.876,299.0,16.883,299.0,20.976,,,299.0,12.703,299.0,14.026,299.0,12.057,299.0,13.384,299.0,14.929,299.0,9.164,299.0,12.488,299.0,8.462,299.0,11.325,299.0,8.565,299.0,11.241,299.0,12.541,299.0,12.005
300.0,11.657,300.0,10.885,300.0,16.838,300.0,21.048,,,300.0,12.774,300.0,13.995,300.0,11.986,300.0,13.385,300.0,14.876,300.0,9.173,300.0,12.447,300.0,8.524,300.0,11.275,300.0,8.541,300.0,11.273,300.0,12.546,300.0,11.997
301.0,11.7,301.0,10.883,301.0,16.755,301.0,21.19,,,301.0,12.835,301.0,13.915,301.0,11.95,301.0,13.363,301.0,14.992,301.0,9.108,301.0,12.313,301.0,8.456,301.0,11.282,301.0,8.432,301.0,11.175,301.0,12.611,301.0,12.082
302.0,11.645,302.0,10.912,302.0,16.861,302.0,20.981,,,302.0,12.734,302.0,13.902,302.0,11.904,302.0,13.434,302.0,14.739,302.0,9.084,302.0,12.451,302.0,8.436,302.0,11.386,302.0,8.439,302.0,11.127,302.0,12.611,302.0,12.007
303.0,11.683,303.0,10.79,303.0,16.741,303.0,20.987,,,303.0,12.829,303.0,14.025,303.0,11.96,303.0,13.376,303.0,14.889,303.0,9.181,303.0,12.337,303.0,8.365,303.0,11.329,303.0,8.368,303.0,11.051,303.0,12.513,303.0,11.973
304.0,11.57,304.0,10.743,304.0,16.868,304.0,20.943,,,304.0,12.851,304.0,13.847,304.0,11.95,304.0,13.319,304.0,14.83,304.0,9.096,304.0,12.379,304.0,8.378,304.0,11.34,304.0,8.357,304.0,11.116,304.0,12.486,304.0,11.967
305.0,11.597,305.0,10.764,305.0,16.683,305.0,21.031,,,305.0,12.796,305.0,13.877,305.0,11.942,305.0,13.322,305.0,14.83,305.0,9.104,305.0,12.357,305.0,8.421,305.0,11.321,305.0,8.327,305.0,11.145,305.0,12.409,305.0,12.002
306.0,11.546,306.0,10.786,306.0,16.735,306.0,21.046,,,306.0,12.791,306.0,14.043,306.0,11.816,306.0,13.304,306.0,14.791,306.0,9.049,306.0,12.399,306.0,8.367,306.0,11.237,306.0,8.4,306.0,11.024,306.0,12.463,306.0,11.879
307.0,11.583,307.0,10.775,307.0,16.773,307.0,21.073,,,307.0,12.739,307.0,13.886,307.0,11.721,307.0,13.345,307.0,14.768,307.0,9.117,307.0,12.359,307.0,8.331,307.0,11.239,307.0,8.384,307.0,11.028,307.0,12.395,307.0,11.914
308.0,11.553,308.0,10.688,308.0,16.791,308.0,20.765,,,308.0,12.843,308.0,14.011,308.0,11.727,308.0,13.254,308.0,14.788,308.0,9.061,308.0,12.253,308.0,8.253,308.0,11.273,308.0,8.345,308.0,10.979,308.0,12.411,308.0,11.847
309.0,11.48,309.0,10.722,309.0,16.87,309.0,21.057,,,309.0,12.699,309.0,13.952,309.0,11.73,309.0,13.239,309.0,14.838,309.0,9.053,309.0,12.249,309.0,8.357,309.0,11.3,309.0,8.288,309.0,10.967,309.0,12.391,309.0,11.832
310.0,11.545,,,310.0,16.833,310.0,20.982,,,310.0,12.737,310.0,13.935,310.0,11.732,310.0,13.327,310.0,14.691,310.0,9.018,310.0,12.326,310.0,8.329,310.0,11.279,310.0,8.337,310.0,11.034,310.0,12.321,310.0,11.846
311.0,11.482,,,311.0,16.784,311.0,20.884,,,311.0,12.818,311.0,13.9,311.0,11.705,311.0,13.208,311.0,14.793,311.0,8.951,311.0,12.273,311.0,8.334,311.0,11.242,311.0,8.347,311.0,10.975,311.0,12.349,311.0,11.759
312.0,11.478,,,312.0,16.802,312.0,20.839,,,312.0,12.7,312.0,13.927,312.0,11.664,312.0,13.408,312.0,14.758,312.0,8.986,312.0,12.254,312.0,8.268,312.0,11.181,312.0,8.27,312.0,11.019,312.0,12.373,312.0,11.805
313.0,11.461,,,313.0,16.593,313.0,20.917,,,313.0,12.757,313.0,13.796,313.0,11.825,313.0,13.201,313.0,14.67,313.0,8.941,313.0,12.241,313.0,8.267,313.0,11.171,313.0,8.325,313.0,11.011,313.0,12.37,313.0,11.806
314.0,11.517,,,314.0,16.626,314.0,20.784,,,314.0,12.705,314.0,13.862,314.0,11.879,314.0,13.241,314.0,14.608,314.0,8.933,314.0,12.256,314.0,8.266,314.0,11.181,314.0,8.348,314.0,11.074,314.0,12.233,314.0,11.744
315.0,11.397,,,315.0,16.675,315.0,20.873,,,315.0,12.667,315.0,13.888,315.0,11.8,315.0,13.22,315.0,14.594,315.0,8.899,315.0,12.302,315.0,8.295,315.0,11.215,315.0,8.244,315.0,10.972,315.0,12.133,315.0,11.733
316.0,11.402,,,316.0,16.621,316.0,20.913,,,316.0,12.715,316.0,13.931,316.0,11.64,316.0,13.271,316.0,14.648,316.0,8.955,316.0,12.192,316.0,8.294,316.0,11.238,316.0,8.256,316.0,10.974,316.0,12.282,316.0,11.862
317.0,11.402,,,317.0,16.532,317.0,20.906,,,317.0,12.716,317.0,13.876,317.0,11.738,317.0,13.272,317.0,14.637,317.0,8.885,317.0,12.166,317.0,8.209,317.0,11.22,317.0,8.337,317.0,11.01,317.0,12.189,317.0,11.814
318.0,11.399,,,318.0,16.682,318.0,20.804,,,318.0,12.787,318.0,13.826,318.0,11.679,318.0,13.269,318.0,14.608,318.0,8.944,318.0,12.251,318.0,8.249,318.0,11.086,318.0,8.247,318.0,11.075,318.0,12.153,318.0,11.752
319.0,11.382,,,319.0,16.67,319.0,20.871,,,319.0,12.633,319.0,13.9,319.0,11.702,319.0,13.218,319.0,14.631,319.0,8.899,319.0,12.258,319.0,8.2,319.0,11.19,319.0,8.226,319.0,10.939,319.0,12.147,319.0,11.806
320.0,11.38,,,320.0,16.615,320.0,20.679,,,320.0,12.615,320.0,13.809,320.0,11.774,320.0,13.129,320.0,14.64,320.0,8.9,320.0,12.175,320.0,8.264,320.0,11.159,320.0,8.225,320.0,10.94,320.0,12.221,320.0,11.77
321.0,11.36,,,321.0,16.594,321.0,20.829,,,321.0,12.678,321.0,13.846,321.0,11.747,321.0,13.159,321.0,14.486,321.0,8.89,321.0,12.213,321.0,8.232,321.0,11.169,321.0,8.188,321.0,10.89,321.0,12.284,321.0,11.713
322.0,11.358,,,322.0,16.743,322.0,20.615,,,322.0,12.544,322.0,13.851,322.0,11.656,322.0,13.208,322.0,14.637,322.0,8.82,322.0,12.154,322.0,8.152,322.0,11.056,322.0,8.201,322.0,10.827,322.0,12.182,322.0,11.657
323.0,11.27,,,323.0,16.633,323.0,20.665,,,323.0,12.625,323.0,13.752,323.0,11.742,323.0,13.114,323.0,14.662,323.0,8.886,323.0,12.142,323.0,8.211,323.0,11.075,323.0,8.151,323.0,10.95,323.0,12.09,323.0,11.662
324.0,11.269,,,324.0,16.245,324.0,20.793,,,324.0,12.631,324.0,13.851,324.0,11.642,324.0,13.182,324.0,14.53,324.0,8.899,324.0,12.218,324.0,8.163,324.0,11.132,324.0,8.191,324.0,10.831,324.0,12.23,324.0,11.667
325.0,11.3,,,325.0,16.541,325.0,20.665,,,325.0,12.674,325.0,13.774,325.0,11.697,325.0,13.143,325.0,14.546,325.0,8.825,325.0,12.056,325.0,8.19,325.0,11.119,325.0,8.163,325.0,10.781,325.0,12.144,325.0,11.631
326.0,11.28,,,326.0,16.528,326.0,20.686,,,326.0,12.679,326.0,13.76,326.0,11.716,326.0,13.157,326.0,14.491,326.0,8.847,326.0,12.139,326.0,8.099,326.0,11.004,326.0,8.085,326.0,10.848,326.0,11.996,326.0,11.651
327.0,11.266,,,327.0,16.525,327.0,20.6,,,327.0,12.655,327.0,13.884,327.0,11.71,327.0,13.04,327.0,14.58,327.0,8.81,327.0,12.165,327.0,8.089,327.0,11.021,327.0,8.081,327.0,10.802,327.0,12.064,327.0,11.724
328.0,11.241,,,328.0,16.523,328.0,20.43,,,328.0,12.52,328.0,13.823,328.0,11.68,328.0,13.076,328.0,14.562,328.0,8.772,328.0,12.16,328.0,8.118,328.0,11.062,328.0,8.093,328.0,10.793,328.0,12.117,328.0,11.66
329.0,11.254,,,329.0,16.58,329.0,20.59,,,329.0,12.618,329.0,13.845,329.0,11.663,329.0,13.054,329.0,14.686,329.0,8.806,329.0,12.146,329.0,8.069,329.0,11.044,329.0,8.086,329.0,10.786,329.0,12.002,329.0,11.578
330.0,11.282,,,330.0,16.562,330.0,20.407,,,330.0,12.597,330.0,13.839,330.0,11.644,330.0,13.069,330.0,14.469,330.0,8.733,330.0,12.083,330.0,8.036,330.0,11.016,330.0,8.089,330.0,10.841,330.0,12.026,330.0,11.614
331.0,11.238,,,331.0,16.405,331.0,20.502,,,331.0,12.681,331.0,13.868,331.0,11.599,331.0,13.12,331.0,14.449,331.0,8.765,331.0,12.092,331.0,8.063,331.0,10.979,331.0,8.02,331.0,10.819,331.0,12.041,331.0,11.599
332.0,11.207,,,332.0,16.486,332.0,20.435,,,332.0,12.586,332.0,13.691,332.0,11.691,332.0,13.11,332.0,14.373,332.0,8.763,332.0,12.081,332.0,8.007,332.0,10.951,332.0,8.026,332.0,10.706,332.0,11.923,332.0,11.574
333.0,11.183,,,333.0,16.52,333.0,20.49,,,333.0,12.647,333.0,13.784,333.0,11.621,333.0,13.024,333.0,14.385,333.0,8.685,333.0,12.134,333.0,8.104,333.0,11.055,333.0,8.05,333.0,10.717,333.0,12.003,333.0,11.533
334.0,11.185,,,334.0,16.717,334.0,20.521,,,334.0,12.539,334.0,13.737,334.0,11.699,334.0,12.993,334.0,14.374,334.0,8.712,334.0,12.149,334.0,8.024,334.0,11.023,334.0,8.065,334.0,10.768,334.0,11.969,334.0,11.553
335.0,11.193,,,335.0,16.598,335.0,20.325,,,335.0,12.608,335.0,13.716,335.0,11.693,335.0,13.069,335.0,14.383,335.0,8.744,335.0,12.128,335.0,8.016,335.0,10.951,335.0,8.05,335.0,10.716,335.0,11.961,335.0,11.523
336.0,11.105,,,336.0,16.524,336.0,20.358,,,336.0,12.611,336.0,13.769,336.0,11.661,336.0,12.976,336.0,14.44,336.0,8.669,336.0,12.101,336.0,8.006,336.0,10.967,336.0,8.004,336.0,10.741,336.0,11.96,336.0,11.477
337.0,11.132,,,337.0,16.483,337.0,20.521,,,337.0,12.557,337.0,13.739,337.0,11.631,337.0,13.101,337.0,14.349,337.0,8.695,337.0,12.152,337.0,8.0,337.0,10.857,337.0,7.948,337.0,10.656,337.0,11.945,337.0,11.514
338.0,11.225,,,338.0,16.479,338.0,20.388,,,338.0,12.532,338.0,13.698,338.0,11.749,338.0,13.021,338.0,14.283,338.0,8.662,338.0,12.1,338.0,7.968,338.0,10.958,338.0,7.919,338.0,10.661,338.0,12.001,338.0,11.546
339.0,11.122,,,339.0,16.429,339.0,20.481,,,339.0,12.572,339.0,13.785,339.0,11.616,339.0,12.945,339.0,14.414,339.0,8.588,339.0,12.104,339.0,8.07,339.0,10.902,339.0,7.964,339.0,10.752,339.0,11.988,339.0,11.522
340.0,11.106,,,340.0,16.451,340.0,20.508,,,340.0,12.569,340.0,13.749,340.0,11.611,340.0,12.971,340.0,14.337,340.0,8.566,340.0,12.062,340.0,8.012,340.0,10.915,340.0,7.961,340.0,10.616,340.0,11.852,340.0,11.476
341.0,11.069,,,341.0,16.45,341.0,20.449,,,341.0,12.466,341.0,13.712,341.0,11.622,341.0,12.893,341.0,14.356,341.0,8.624,341.0,12.135,341.0,8.05,341.0,10.951,341.0,7.907,341.0,10.658,341.0,11.865,341.0,11.386
342.0,11.046,,,342.0,16.369,342.0,20.198,,,342.0,12.632,342.0,13.728,342.0,11.579,342.0,12.968,342.0,14.248,342.0,8.635,342.0,12.105,342.0,8.001,342.0,10.877,342.0,7.861,342.0,10.655,342.0,11.842,342.0,11.493
343.0,11.042,,,343.0,16.452,343.0,20.262,,,343.0,12.546,343.0,13.741,343.0,11.514,343.0,12.96,343.0,14.345,343.0,8.604,343.0,12.05,343.0,7.914,343.0,10.873,343.0,7.87,343.0,10.685,343.0,11.924,343.0,11.401
344.0,11.041,,,344.0,16.398,344.0,20.407,,,344.0,12.514,344.0,13.725,344.0,11.557,344.0,12.882,344.0,14.19,344.0,8.624,344.0,12.049,344.0,7.989,344.0,10.89,344.0,7.943,344.0,10.616,344.0,11.842,344.0,11.394
345.0,11.156,,,345.0,16.344,345.0,20.409,,,345.0,12.526,345.0,13.564,345.0,11.602,345.0,12.894,345.0,14.115,345.0,8.595,345.0,12.089,345.0,7.894,345.0,10.801,345.0,7.93,345.0,10.697,345.0,11.829,345.0,11.405
346.0,11.105,,,346.0,16.441,346.0,20.476,,,346.0,12.592,346.0,13.632,346.0,11.63,346.0,12.941,346.0,14.222,346.0,8.622,346.0,11.975,346.0,7.987,346.0,10.912,346.0,7.902,346.0,10.63,346.0,11.815,346.0,11.375
347.0,11.033,,,347.0,16.255,347.0,20.397,,,347.0,12.43,347.0,13.634,347.0,11.592,347.0,13.001,347.0,14.077,347.0,8.548,347.0,12.081,347.0,7.96,347.0,10.838,347.0,7.842,347.0,10.641,347.0,11.81,347.0,11.374
348.0,11.076,,,348.0,16.353,348.0,20.262,,,348.0,12.567,348.0,13.685,348.0,11.603,348.0,12.946,348.0,14.302,348.0,8.562,348.0,11.994,348.0,7.897,348.0,10.809,348.0,7.856,348.0,10.579,348.0,11.819,348.0,11.391
349.0,11.056,,,349.0,16.503,349.0,20.243,,,349.0,12.454,349.0,13.709,349.0,11.471,349.0,12.731,349.0,14.276,349.0,8.599,349.0,11.937,349.0,7.914,349.0,10.804,349.0,7.812,349.0,10.619,349.0,11.798,349.0,11.379
350.0,10.99,,,350.0,16.414,350.0,20.297,,,350.0,12.445,350.0,13.712,350.0,11.532,350.0,12.846,350.0,14.216,350.0,8.565,350.0,11.989,350.0,7.933,350.0,10.867,350.0,7.857,350.0,10.481,350.0,11.861,350.0,11.328
351.0,11.011,,,351.0,16.288,351.0,20.166,,,351.0,12.496,351.0,13.708,351.0,11.551,351.0,12.863,351.0,14.255,351.0,8.533,351.0,12.001,351.0,7.865,351.0,10.776,351.0,7.828,351.0,10.5,351.0,11.711,351.0,11.26
352.0,11.057,,,352.0,16.322,352.0,20.309,,,352.0,12.387,352.0,13.641,352.0,11.523,352.0,12.866,352.0,14.168,352.0,8.538,352.0,12.011,352.0,7.92,352.0,10.729,352.0,7.752,352.0,10.57,352.0,11.751,352.0,11.301
353.0,11.032,,,353.0,16.31,353.0,20.405,,,353.0,12.436,353.0,13.605,353.0,11.479,353.0,12.818,353.0,14.145,353.0,8.536,353.0,11.981,353.0,7.901,353.0,10.782,353.0,7.722,353.0,10.544,353.0,11.681,353.0,11.336
354.0,10.952,,,354.0,16.394,354.0,20.218,,,354.0,12.371,354.0,13.662,354.0,11.533,354.0,12.84,354.0,14.128,354.0,8.523,354.0,12.063,354.0,7.864,354.0,10.714,354.0,7.791,354.0,10.58,354.0,11.673,354.0,11.249
355.0,11.035,,,355.0,16.412,355.0,20.184,,,355.0,12.415,355.0,13.621,355.0,11.428,355.0,12.823,355.0,14.195,355.0,8.555,355.0,11.994,355.0,7.873,355.0,10.845,355.0,7.832,355.0,10.411,355.0,11.695,355.0,11.286
356.0,10.935,,,356.0,16.311,356.0,20.108,,,356.0,12.435,356.0,13.682,356.0,11.434,356.0,12.77,356.0,14.076,356.0,8.529,356.0,11.968,356.0,7.837,356.0,10.818,356.0,7.743,356.0,10.608,356.0,11.62,356.0,11.219
357.0,10.962,,,357.0,16.355,357.0,20.298,,,357.0,12.425,357.0,13.654,357.0,11.506,357.0,12.781,357.0,14.197,357.0,8.516,357.0,12.016,357.0,7.799,357.0,10.824,357.0,7.769,357.0,10.465,357.0,11.693,357.0,11.239
358.0,10.976,,,358.0,16.307,358.0,20.192,,,358.0,12.412,358.0,13.532,358.0,11.518,358.0,12.827,358.0,14.199,358.0,8.515,358.0,11.985,358.0,7.818,358.0,10.828,358.0,7.645,358.0,10.42,358.0,11.678,358.0,11.148
359.0,11.002,,,359.0,16.383,359.0,20.272,,,359.0,12.391,359.0,13.668,359.0,11.517,359.0,12.737,359.0,14.086,359.0,8.446,359.0,12.017,359.0,7.76,359.0,10.732,359.0,7.695,359.0,10.462,359.0,11.593,359.0,11.131
360.0,10.945,,,360.0,16.249,360.0,20.176,,,360.0,12.384,360.0,13.609,360.0,11.523,360.0,12.78,360.0,14.085,360.0,8.447,360.0,11.947,360.0,7.871,360.0,10.827,360.0,7.674,,,360.0,11.714,360.0,11.224
361.0,10.963,,,361.0,16.255,361.0,20.136,,,361.0,12.118,361.0,13.607,361.0,11.431,361.0,12.82,361.0,14.015,361.0,8.451,361.0,11.914,361.0,7.829,361.0,10.792,361.0,7.724,,,361.0,11.69,361.0,11.176
362.0,10.948,,,362.0,16.245,362.0,20.3,,,362.0,12.099,362.0,13.532,362.0,11.402,362.0,12.765,362.0,14.02,362.0,8.431,362.0,11.812,362.0,7.807,362.0,10.729,362.0,7.711,,,362.0,11.568,362.0,11.155
363.0,10.883,,,363.0,16.41,363.0,20.227,,,363.0,12.28,363.0,13.657,363.0,11.43,363.0,12.868,363.0,14.052,363.0,8.523,363.0,11.876,363.0,7.824,363.0,10.793,363.0,7.638,,,363.0,11.66,363.0,11.13
364.0,10.902,,,364.0,16.386,364.0,20.174,,,364.0,12.328,364.0,13.537,364.0,11.353,364.0,12.78,364.0,13.939,364.0,8.529,364.0,11.832,364.0,7.802,364.0,10.757,364.0,7.686,,,364.0,11.569,364.0,11.244
365.0,10.938,,,365.0,16.22,365.0,20.33,,,365.0,12.273,365.0,13.604,365.0,11.41,365.0,12.841,365.0,13.937,365.0,8.44,365.0,11.948,365.0,7.765,365.0,10.714,365.0,7.685,,,365.0,11.56,365.0,11.16
366.0,10.883,,,366.0,16.46,366.0,20.276,,,366.0,12.232,366.0,13.523,366.0,11.376,366.0,12.707,366.0,13.946,366.0,8.397,366.0,11.781,366.0,7.81,366.0,10.731,366.0,7.689,,,366.0,11.6,366.0,11.151
367.0,10.859,,,367.0,16.266,367.0,20.189,,,367.0,12.231,367.0,13.545,367.0,11.498,367.0,12.695,367.0,13.93,367.0,8.464,367.0,11.822,367.0,7.786,367.0,10.776,367.0,7.674,,,367.0,11.563,367.0,11.152
368.0,10.886,,,368.0,16.383,368.0,20.103,,,368.0,12.329,368.0,13.603,368.0,11.387,368.0,12.75,368.0,13.847,368.0,8.381,368.0,11.852,368.0,7.718,368.0,10.713,368.0,7.625,,,368.0,11.544,368.0,11.095
369.0,10.883,,,369.0,16.404,369.0,20.101,,,369.0,12.172,369.0,13.616,369.0,11.409,369.0,12.699,369.0,13.973,369.0,8.403,369.0,11.791,369.0,7.735,369.0,10.761,369.0,7.664,,,369.0,11.617,369.0,11.131
370.0,10.863,,,370.0,16.294,370.0,20.372,,,370.0,12.18,370.0,13.503,370.0,11.378,370.0,12.644,370.0,13.871,370.0,8.423,370.0,11.702,370.0,7.718,370.0,10.776,370.0,7.676,,,370.0,11.454,370.0,11.138
371.0,10.924,,,371.0,16.281,371.0,20.07,,,371.0,12.306,371.0,13.569,371.0,11.38,371.0,12.602,371.0,13.914,371.0,8.426,371.0,11.773,371.0,7.734,371.0,10.729,371.0,7.648,,,371.0,11.571,371.0,11.112
372.0,10.863,,,372.0,16.317,372.0,20.125,,,372.0,12.24,372.0,13.572,372.0,11.376,372.0,12.667,372.0,13.953,372.0,8.379,372.0,11.781,372.0,7.643,372.0,10.749,372.0,7.701,,,372.0,11.579,372.0,11.065
373.0,10.82,,,373.0,16.309,373.0,20.124,,,373.0,12.116,373.0,13.453,373.0,11.37,373.0,12.751,373.0,13.841,373.0,8.409,373.0,11.73,373.0,7.761,373.0,10.638,373.0,7.509,,,373.0,11.59,373.0,11.064
374.0,10.816,,,374.0,16.17,374.0,20.032,,,374.0,12.207,374.0,13.513,374.0,11.337,374.0,12.635,374.0,13.888,374.0,8.358,374.0,11.776,374.0,7.674,374.0,10.707,374.0,7.598,,,374.0,11.471,374.0,11.091
375.0,10.825,,,375.0,16.398,375.0,20.035,,,375.0,12.217,375.0,13.59,375.0,11.409,375.0,12.689,375.0,13.928,375.0,8.347,375.0,11.774,375.0,7.681,375.0,10.72,375.0,7.618,,,375.0,11.516,375.0,11.042
376.0,10.842,,,376.0,16.337,376.0,20.13,,,376.0,12.228,376.0,13.575,376.0,11.406,376.0,12.717,376.0,13.794,376.0,8.344,376.0,11.766,376.0,7.665,376.0,10.729,376.0,7.576,,,376.0,11.525,376.0,11.032
377.0,10.818,,,377.0,16.42,377.0,20.135,,,377.0,12.217,377.0,13.554,377.0,11.386,377.0,12.691,377.0,13.902,377.0,8.341,377.0,11.749,377.0,7.648,377.0,10.676,377.0,7.538,,,377.0,11.362,377.0,11.018
378.0,10.778,,,378.0,16.324,378.0,20.124,,,378.0,12.116,378.0,13.552,378.0,11.381,378.0,12.684,378.0,13.792,378.0,8.369,378.0,11.63,378.0,7.662,378.0,10.661,378.0,7.591,,,378.0,11.294,378.0,11.052
379.0,10.771,,,379.0,16.218,379.0,20.027,,,379.0,12.189,379.0,13.39,379.0,11.298,379.0,12.596,379.0,13.786,379.0,8.356,379.0,11.726,379.0,7.686,379.0,10.682,379.0,7.597,,,379.0,11.322,379.0,11.03
380.0,10.791,,,380.0,16.216,380.0,20.176,,,380.0,12.184,380.0,13.49,380.0,11.303,380.0,12.682,380.0,13.781,380.0,8.341,380.0,11.682,380.0,7.685,380.0,10.712,380.0,7.565,,,380.0,11.337,380.0,11.011
381.0,10.763,,,381.0,16.335,381.0,20.115,,,381.0,12.09,381.0,13.495,381.0,11.233,381.0,12.774,381.0,13.667,381.0,8.313,381.0,11.796,381.0,7.701,381.0,10.59,381.0,7.531,,,381.0,11.335,381.0,10.946
382.0,10.704,,,382.0,16.192,382.0,20.133,,,382.0,12.097,382.0,13.442,382.0,11.357,382.0,12.716,382.0,13.762,382.0,8.3,382.0,11.662,382.0,7.633,382.0,10.651,382.0,7.584,,,382.0,11.25,382.0,10.955
383.0,10.741,,,383.0,16.29,383.0,20.152,,,383.0,12.108,383.0,13.597,383.0,11.304,383.0,12.746,383.0,13.722,383.0,8.337,383.0,11.633,383.0,7.622,383.0,10.582,383.0,7.562,,,383.0,11.257,383.0,10.947
384.0,10.754,,,384.0,16.345,384.0,20.086,,,384.0,12.023,384.0,13.565,384.0,11.326,384.0,12.639,384.0,13.716,384.0,8.326,384.0,11.705,384.0,7.633,384.0,10.69,384.0,7.559,,,384.0,11.256,384.0,10.977
385.0,10.734,,,385.0,16.371,385.0,20.017,,,385.0,12.117,385.0,13.534,385.0,11.285,385.0,12.688,385.0,13.644,385.0,8.312,385.0,11.629,385.0,7.602,385.0,10.672,385.0,7.526,,,385.0,11.306,385.0,10.903
386.0,10.713,,,386.0,16.152,386.0,20.017,,,386.0,12.066,386.0,13.464,386.0,11.315,386.0,12.67,386.0,13.698,386.0,8.303,386.0,11.627,386.0,7.68,386.0,10.679,386.0,7.515,,,386.0,11.211,386.0,10.974
387.0,10.752,,,387.0,16.211,387.0,20.014,,,387.0,11.975,387.0,13.55,387.0,11.346,387.0,12.725,387.0,13.707,387.0,8.354,387.0,11.629,387.0,7.647,387.0,10.594,387.0,7.492,,,387.0,11.206,387.0,10.98
388.0,10.704,,,388.0,16.344,388.0,20.023,,,388.0,11.933,388.0,13.456,388.0,11.285,388.0,12.638,388.0,13.687,388.0,8.352,388.0,11.594,388.0,7.603,388.0,10.646,388.0,7.508,,,388.0,11.161,388.0,10.964
389.0,10.62,,,389.0,16.301,389.0,20.115,,,389.0,12.078,389.0,13.477,389.0,11.287,389.0,12.628,389.0,13.583,389.0,8.318,389.0,11.533,389.0,7.58,389.0,10.567,389.0,7.48,,,389.0,11.106,389.0,10.842
390.0,10.676,,,390.0,16.291,390.0,20.024,,,390.0,11.945,390.0,13.515,390.0,11.269,390.0,12.66,390.0,13.583,390.0,8.313,390.0,11.582,390.0,7.675,390.0,10.619,390.0,7.488,,,390.0,11.079,390.0,10.89
391.0,10.681,,,391.0,16.283,391.0,19.899,,,391.0,11.968,391.0,13.449,391.0,11.19,391.0,12.65,391.0,13.54,391.0,8.337,391.0,11.594,391.0,7.575,391.0,10.518,391.0,7.483,,,391.0,11.215,391.0,10.928
392.0,10.601,,,392.0,16.197,392.0,19.938,,,392.0,11.958,392.0,13.426,392.0,11.224,392.0,12.694,392.0,13.687,392.0,8.263,392.0,11.573,392.0,7.6,392.0,10.514,392.0,7.557,,,392.0,11.208,392.0,10.837
393.0,10.672,,,393.0,16.164,393.0,19.893,,,393.0,12.051,393.0,13.49,393.0,11.209,393.0,12.549,393.0,13.633,393.0,8.328,393.0,11.426,393.0,7.541,393.0,10.56,393.0,7.456,,,393.0,11.194,393.0,10.872
394.0,10.662,,,394.0,16.198,394.0,19.995,,,394.0,11.977,394.0,13.374,394.0,11.196,394.0,12.753,394.0,13.605,394.0,8.262,394.0,11.532,394.0,7.565,394.0,10.554,394.0,7.542,,,394.0,11.113,394.0,10.751
395.0,10.631,,,395.0,16.212,395.0,19.947,,,395.0,12.064,395.0,13.462,395.0,11.192,395.0,12.707,395.0,13.545,395.0,8.301,395.0,11.514,395.0,7.56,395.0,10.512,395.0,7.514,,,395.0,11.158,395.0,10.868
396.0,10.637,,,396.0,16.148,396.0,20.074,,,396.0,12.032,396.0,13.436,396.0,11.256,396.0,12.534,396.0,13.617,396.0,8.306,396.0,11.505,396.0,7.602,396.0,10.509,396.0,7.466,,,396.0,11.143,396.0,10.825
397.0,10.619,,,397.0,16.109,397.0,19.967,,,397.0,11.902,397.0,13.393,397.0,11.212,397.0,12.598,397.0,13.508,397.0,8.306,397.0,11.5,397.0,7.597,397.0,10.519,397.0,7.438,,,397.0,11.021,397.0,10.811
398.0,10.564,,,398.0,16.214,398.0,20.055,,,398.0,11.97,398.0,13.492,398.0,11.222,398.0,12.674,398.0,13.566,398.0,8.318,398.0,11.495,398.0,7.598,398.0,10.492,398.0,7.486,,,398.0,11.111,398.0,10.827
399.0,10.629,,,399.0,16.198,399.0,19.991,,,399.0,11.955,399.0,13.46,399.0,11.218,399.0,12.626,399.0,13.587,399.0,8.337,399.0,11.474,399.0,7.496,399.0,10.559,399.0,7.488,,,399.0,11.064,399.0,10.72
400.0,10.578,,,400.0,16.204,400.0,20.027,,,400.0,11.932,400.0,13.417,400.0,11.184,400.0,12.614,400.0,13.481,400.0,8.231,400.0,11.465,400.0,7.575,400.0,10.385,400.0,7.434,,,400.0,11.051,400.0,10.835
401.0,10.522,,,401.0,16.108,401.0,19.87,,,401.0,11.902,401.0,13.458,401.0,11.159,401.0,12.653,401.0,13.482,401.0,8.284,401.0,11.457,401.0,7.568,401.0,10.539,401.0,7.435,,,401.0,10.999,401.0,10.813
402.0,10.528,,,402.0,16.228,402.0,20.034,,,402.0,11.912,402.0,13.518,402.0,11.165,402.0,12.635,402.0,13.433,402.0,8.232,402.0,11.474,402.0,7.504,,,402.0,7.457,,,402.0,11.111,402.0,10.839
403.0,10.536,,,403.0,16.076,403.0,19.951,,,403.0,11.932,403.0,13.377,403.0,11.154,403.0,12.572,403.0,13.431,403.0,8.287,403.0,11.398,403.0,7.539,,,403.0,7.398,,,403.0,11.04,403.0,10.799
404.0,10.527,,,404.0,16.201,404.0,19.97,,,404.0,11.916,404.0,13.417,404.0,11.078,404.0,12.529,404.0,13.348,404.0,8.158,404.0,11.459,404.0,7.47,,,404.0,7.485,,,404.0,10.963,404.0,10.764
405.0,10.466,,,405.0,16.12,405.0,19.921,,,405.0,11.946,405.0,13.437,405.0,11.078,405.0,12.565,405.0,13.397,405.0,8.218,405.0,11.439,405.0,7.454,,,405.0,7.375,,,405.0,11.09,405.0,10.71
406.0,10.513,,,406.0,16.041,406.0,19.928,,,406.0,11.868,406.0,13.525,406.0,11.108,406.0,12.562,406.0,13.322,406.0,8.217,406.0,11.345,406.0,7.574,,,406.0,7.384,,,406.0,11.108,406.0,10.747
407.0,10.53,,,407.0,16.146,407.0,19.961,,,407.0,11.817,407.0,13.448,407.0,11.134,407.0,12.615,407.0,13.455,407.0,8.183,407.0,11.471,407.0,7.464,,,407.0,7.456,,,407.0,10.982,407.0,10.792
408.0,10.55,,,408.0,15.984,408.0,19.805,,,408.0,11.807,408.0,13.47,408.0,11.119,408.0,12.62,408.0,13.436,408.0,8.277,408.0,11.488,408.0,7.523,,,408.0,7.343,,,408.0,11.043,408.0,10.687
409.0,10.454,,,409.0,16.075,409.0,19.808,,,409.0,11.896,409.0,13.435,409.0,11.06,409.0,12.551,409.0,13.507,409.0,8.195,409.0,11.398,409.0,7.415,,,409.0,7.391,,,409.0,10.995,409.0,10.708
410.0,10.5,,,410.0,16.055,410.0,19.998,,,410.0,11.799,410.0,13.333,410.0,11.078,410.0,12.606,410.0,13.451,410.0,8.217,410.0,11.422,410.0,7.49,,,410.0,7.381,,,410.0,11.019,410.0,10.683
411.0,10.46,,,411.0,16.148,411.0,19.81,,,411.0,11.932,411.0,13.42,411.0,11.11,411.0,12.476,411.0,13.45,411.0,8.266,411.0,11.403,411.0,7.498,,,411.0,7.416,,,411.0,11.121,411.0,10.68
412.0,10.48,,,412.0,16.058,412.0,19.863,,,412.0,11.865,412.0,13.299,412.0,11.084,412.0,12.386,412.0,13.5,412.0,8.272,412.0,11.377,412.0,7.46,,,412.0,7.357,,,412.0,10.939,412.0,10.665
413.0,10.496,,,413.0,16.086,413.0,19.857,,,413.0,11.895,413.0,13.382,413.0,11.055,413.0,12.519,413.0,13.345,413.0,8.168,413.0,11.394,413.0,7.409,,,413.0,7.365,,,413.0,11.003,413.0,10.653
414.0,10.46,,,414.0,15.955,414.0,19.806,,,414.0,11.8,414.0,13.396,414.0,11.103,414.0,12.498,414.0,13.452,414.0,8.15,414.0,11.439,414.0,7.476,,,414.0,7.373,,,414.0,11.051,414.0,10.573
415.0,10.473,,,415.0,16.024,415.0,19.852,,,415.0,11.875,415.0,13.407,415.0,11.019,415.0,12.371,415.0,13.45,415.0,8.156,415.0,11.491,415.0,7.487,,,415.0,7.339,,,415.0,10.997,415.0,10.591
416.0,10.457,,,416.0,15.977,416.0,19.791,,,416.0,11.874,416.0,13.346,416.0,11.15,416.0,12.409,416.0,13.398,416.0,8.142,416.0,11.325,416.0,7.471,,,416.0,7.289,,,416.0,10.996,416.0,10.732
417.0,10.398,,,417.0,15.93,417.0,19.699,,,417.0,11.745,417.0,13.351,417.0,11.078,417.0,12.396,417.0,13.412,417.0,8.203,417.0,11.384,417.0,7.501,,,417.0,7.329,,,417.0,10.912,417.0,10.66
418.0,10.464,,,418.0,16.036,418.0,20.0,,,418.0,11.939,418.0,13.306,418.0,11.112,418.0,12.47,418.0,13.436,418.0,8.116,418.0,11.402,418.0,7.374,,,418.0,7.287,,,418.0,10.95,418.0,10.627
419.0,10.433,,,419.0,16.026,419.0,19.873,,,419.0,11.848,419.0,13.349,419.0,11.006,419.0,12.459,419.0,13.318,,,419.0,11.436,419.0,7.407,,,419.0,7.332,,,,,419.0,10.631
420.0,10.434,,,420.0,15.989,420.0,19.772,,,420.0,11.919,420.0,13.319,420.0,11.104,420.0,12.378,420.0,13.302,,,420.0,11.382,420.0,7.439,,,420.0,7.268,,,,,420.0,10.62
421.0,10.401,,,421.0,15.856,421.0,19.77,,,421.0,11.822,421.0,13.349,421.0,11.049,421.0,12.409,421.0,13.294,,,421.0,11.298,421.0,7.44,,,421.0,7.317,,,,,421.0,10.557
422.0,10.428,,,422.0,15.961,422.0,19.797,,,422.0,11.938,422.0,13.308,422.0,11.068,422.0,12.5,422.0,13.27,,,422.0,11.403,422.0,7.432,,,422.0,7.262,,,,,422.0,10.501
423.0,10.507,,,423.0,15.809,423.0,19.747,,,423.0,11.9,423.0,13.343,423.0,11.015,423.0,12.426,423.0,13.309,,,423.0,11.372,423.0,7.456,,,423.0,7.317,,,,,423.0,10.573
424.0,10.404,,,424.0,15.828,424.0,19.678,,,424.0,11.858,424.0,13.393,424.0,11.114,424.0,12.298,424.0,13.265,,,424.0,11.352,424.0,7.477,,,424.0,7.269,,,,,424.0,10.57
425.0,10.378,,,425.0,15.944,425.0,19.836,,,425.0,11.925,425.0,13.355,425.0,11.015,425.0,12.328,425.0,13.288,,,425.0,11.362,425.0,7.426,,,425.0,7.344,,,,,425.0,10.497
426.0,10.396,,,426.0,15.952,426.0,19.96,,,426.0,11.819,426.0,13.355,426.0,11.012,426.0,12.302,426.0,13.212,,,426.0,11.292,426.0,7.453,,,426.0,7.287,,,,,426.0,10.536
427.0,10.412,,,427.0,15.932,427.0,19.698,,,427.0,11.876,427.0,13.305,427.0,11.066,427.0,12.361,427.0,13.252,,,427.0,11.309,427.0,7.338,,,427.0,7.293,,,,,427.0,10.53
428.0,10.434,,,428.0,15.944,428.0,19.81,,,428.0,11.782,428.0,13.302,428.0,10.889,428.0,12.349,428.0,13.214,,,428.0,11.312,428.0,7.437,,,428.0,7.339,,,,,428.0,10.584
429.0,10.435,,,429.0,15.881,429.0,19.831,,,429.0,11.908,429.0,13.312,429.0,10.967,429.0,12.312,429.0,13.292,,,429.0,11.263,429.0,7.421,,,429.0,7.287,,,,,429.0,10.599
430.0,10.469,,,430.0,15.872,430.0,19.882,,,430.0,11.803,430.0,13.338,430.0,10.855,430.0,12.27,430.0,13.203,,,430.0,11.26,430.0,7.402,,,430.0,7.241,,,,,430.0,10.533
431.0,10.395,,,431.0,15.712,431.0,19.676,,,431.0,11.731,431.0,13.42,431.0,10.843,431.0,12.338,431.0,13.123,,,431.0,11.327,431.0,7.413,,,431.0,7.284,,,,,431.0,10.591
432.0,10.396,,,432.0,15.915,432.0,19.769,,,432.0,11.908,432.0,13.228,432.0,10.922,432.0,12.243,432.0,13.244,,,432.0,11.255,432.0,7.381,,,432.0,7.326,,,,,432.0,10.591
433.0,10.348,,,433.0,15.915,433.0,19.775,,,433.0,11.806,433.0,13.433,433.0,10.809,433.0,12.308,433.0,13.228,,,433.0,11.151,433.0,7.419,,,433.0,7.257,,,,,433.0,10.468
434.0,10.435,,,434.0,15.823,434.0,19.569,,,434.0,11.864,434.0,13.33,434.0,10.869,434.0,12.277,434.0,13.097,,,434.0,11.192,434.0,7.418,,,434.0,7.32,,,,,434.0,10.51
435.0,10.302,,,435.0,15.901,435.0,19.734,,,435.0,11.82,435.0,13.286,435.0,10.959,435.0,12.349,435.0,13.1,,,435.0,11.229,435.0,7.37,,,435.0,7.281,,,,,435.0,10.515
436.0,10.378,,,436.0,15.72,436.0,19.621,,,436.0,11.868,436.0,13.3,436.0,11.004,436.0,12.308,436.0,13.084,,,436.0,11.269,436.0,7.284,,,436.0,7.263,,,,,436.0,10.441
437.0,10.424,,,437.0,15.891,437.0,19.813,,,437.0,11.904,437.0,13.299,437.0,10.937,437.0,12.254,437.0,13.163,,,437.0,11.18,437.0,7.383,,,437.0,7.267,,,,,437.0,10.45
438.0,10.265,,,438.0,15.891,438.0,19.645,,,438.0,11.931,438.0,13.443,438.0,10.945,438.0,12.284,438.0,13.206,,,438.0,11.228,438.0,7.325,,,438.0,7.229,,,,,438.0,10.468
439.0,10.419,,,439.0,15.873,439.0,19.653,,,439.0,11.795,439.0,13.318,439.0,10.928,439.0,12.265,439.0,13.219,,,439.0,11.293,439.0,7.313,,,439.0,7.248,,,,,439.0,10.483
440.0,10.324,,,440.0,15.716,440.0,19.585,,,440.0,11.781,440.0,13.399,440.0,10.999,440.0,12.232,440.0,13.154,,,440.0,11.23,440.0,7.35,,,440.0,7.265,,,,,440.0,10.459
441.0,10.315,,,441.0,15.916,441.0,19.748,,,441.0,11.81,441.0,13.327,441.0,11.039,441.0,12.185,441.0,13.138,,,441.0,11.281,441.0,7.335,,,441.0,7.262,,,,,441.0,10.476
442.0,10.311,,,442.0,15.753,442.0,19.706,,,442.0,11.741,442.0,13.394,442.0,10.966,442.0,12.334,442.0,13.142,,,442.0,11.106,442.0,7.371,,,442.0,7.237,,,,,442.0,10.466
443.0,10.363,,,443.0,15.913,443.0,19.544,,,443.0,11.707,443.0,13.373,443.0,10.993,443.0,12.191,443.0,13.071,,,443.0,11.08,443.0,7.33,,,443.0,7.251,,,,,443.0,10.437
444.0,10.332,,,444.0,15.831,444.0,19.612,,,444.0,11.788,444.0,13.294,444.0,11.016,444.0,12.178,444.0,13.152,,,444.0,11.095,444.0,7.249,,,444.0,7.254,,,,,444.0,10.466
445.0,10.399,,,445.0,15.79,445.0,19.656,,,445.0,11.911,445.0,13.201,445.0,10.982,445.0,12.218,445.0,13.103,,,445.0,11.183,445.0,7.353,,,445.0,7.306,,,,,445.0,10.384
446.0,10.327,,,446.0,15.836,446.0,19.756,,,446.0,11.734,446.0,13.242,446.0,10.953,446.0,12.207,446.0,13.165,,,446.0,11.09,446.0,7.261,,,446.0,7.278,,,,,446.0,10.415
447.0,10.288,,,447.0,15.778,447.0,19.626,,,447.0,11.775,447.0,13.311,447.0,10.879,447.0,12.168,447.0,13.107,,,447.0,11.143,447.0,7.238,,,447.0,7.254,,,,,447.0,10.349
448.0,10.36,,,448.0,15.529,448.0,19.595,,,448.0,11.769,448.0,13.309,448.0,10.919,448.0,12.222,448.0,13.227,,,448.0,11.12,448.0,7.314,,,448.0,7.244,,,,,448.0,10.431
449.0,10.304,,,449.0,15.859,449.0,19.681,,,449.0,11.734,449.0,13.276,449.0,10.894,449.0,12.233,449.0,13.179,,,449.0,11.151,449.0,7.255,,,449.0,7.264,,,,,449.0,10.409
450.0,10.342,,,450.0,15.69,450.0,19.507,,,450.0,11.712,450.0,13.188,450.0,10.885,450.0,12.203,450.0,13.056,,,450.0,11.117,450.0,7.276,,,450.0,7.18,,,,,450.0,10.373
451.0,10.341,,,451.0,15.783,451.0,19.505,,,451.0,11.739,451.0,13.221,451.0,10.866,451.0,12.196,451.0,13.116,,,451.0,11.112,451.0,7.29,,,451.0,7.245,,,,,451.0,10.433
452.0,10.306,,,452.0,15.724,452.0,19.439,,,452.0,11.811,452.0,13.188,452.0,10.874,452.0,12.196,452.0,13.17,,,,,452.0,7.231,,,452.0,7.25,,,,,452.0,10.441
453.0,10.334,,,453.0,15.733,453.0,19.564,,,453.0,11.71,453.0,13.243,453.0,10.937,453.0,12.202,453.0,13.05,,,,,453.0,7.316,,,453.0,7.201,,,,,453.0,10.449
454.0,10.263,,,454.0,15.74,454.0,19.479,,,454.0,11.724,454.0,13.229,454.0,10.824,454.0,12.176,454.0,13.139,,,,,454.0,7.277,,,454.0,7.315,,,,,454.0,10.469
455.0,10.278,,,455.0,15.626,455.0,19.584,,,455.0,11.776,455.0,13.313,455.0,10.873,455.0,12.108,455.0,13.126,,,,,455.0,7.211,,,455.0,7.172,,,,,455.0,10.371
456.0,10.266,,,456.0,15.687,456.0,19.568,,,456.0,11.713,456.0,13.251,456.0,10.808,456.0,12.122,456.0,13.136,,,,,456.0,7.363,,,456.0,7.213,,,,,456.0,10.463
457.0,10.317,,,457.0,15.794,457.0,19.489,,,457.0,11.691,457.0,13.279,457.0,10.923,457.0,12.102,457.0,13.089,,,,,457.0,7.26,,,457.0,7.206,,,,,457.0,10.434
458.0,10.274,,,458.0,15.679,458.0,19.521,,,458.0,11.7,458.0,13.21,458.0,10.916,458.0,12.24,458.0,13.124,,,,,458.0,7.191,,,458.0,7.182,,,,,458.0,10.385
459.0,10.275,,,459.0,15.943,459.0,19.595,,,459.0,11.725,459.0,13.282,459.0,10.914,459.0,12.078,459.0,12.951,,,,,459.0,7.189,,,459.0,7.236,,,,,459.0,10.382
460.0,10.251,,,460.0,15.717,460.0,19.457,,,460.0,11.663,460.0,13.132,460.0,10.957,460.0,12.09,460.0,13.1,,,,,460.0,7.168,,,460.0,7.225,,,,,460.0,10.452
461.0,10.297,,,461.0,15.753,461.0,19.609,,,461.0,11.663,461.0,13.201,461.0,10.857,461.0,12.178,461.0,13.016,,,,,461.0,7.204,,,461.0,7.201,,,,,461.0,10.381
462.0,10.296,,,462.0,15.663,462.0,19.509,,,462.0,11.646,462.0,13.203,462.0,10.858,462.0,12.168,462.0,13.095,,,,,462.0,7.257,,,462.0,7.245,,,,,462.0,10.398
463.0,10.248,,,463.0,15.697,463.0,19.512,,,463.0,11.704,463.0,13.243,463.0,10.879,463.0,12.085,463.0,13.092,,,,,463.0,7.176,,,463.0,7.222,,,,,463.0,10.365
464.0,10.246,,,464.0,15.748,464.0,19.503,,,464.0,11.666,464.0,13.271,464.0,10.865,464.0,12.122,464.0,13.002,,,,,464.0,7.196,,,464.0,7.219,,,,,464.0,10.346
465.0,10.236,,,465.0,15.72,465.0,19.464,,,465.0,11.763,465.0,13.149,465.0,10.829,465.0,12.2,465.0,12.955,,,,,465.0,7.139,,,465.0,7.171,,,,,465.0,10.399
466.0,10.243,,,466.0,15.683,466.0,19.442,,,466.0,11.691,466.0,13.112,466.0,10.859,466.0,12.105,466.0,13.079,,,,,466.0,7.227,,,466.0,7.148,,,,,466.0,10.333
467.0,10.216,,,467.0,15.736,467.0,19.378,,,467.0,11.601,467.0,13.2,467.0,10.905,467.0,12.06,467.0,12.976,,,,,467.0,7.174,,,467.0,7.085,,,,,467.0,10.325
468.0,10.203,,,468.0,15.737,468.0,19.417,,,468.0,11.725,468.0,13.164,468.0,10.786,468.0,12.163,468.0,13.068,,,,,468.0,7.161,,,468.0,7.181,,,,,468.0,10.279
469.0,10.175,,,469.0,15.581,469.0,19.462,,,469.0,11.644,469.0,13.206,469.0,10.844,469.0,12.113,469.0,13.05,,,,,469.0,7.136,,,469.0,7.143,,,,,469.0,10.296
470.0,10.208,,,470.0,15.561,470.0,19.482,,,470.0,11.725,470.0,13.207,470.0,10.84,470.0,12.171,470.0,13.091,,,,,470.0,7.233,,,470.0,7.183,,,,,470.0,10.273
471.0,10.17,,,471.0,15.684,471.0,19.255,,,471.0,11.704,471.0,13.285,471.0,10.854,471.0,12.005,471.0,12.939,,,,,471.0,7.152,,,471.0,7.17,,,,,471.0,10.247
472.0,10.224,,,472.0,15.659,472.0,19.566,,,472.0,11.613,472.0,13.215,472.0,10.768,472.0,11.972,472.0,12.999,,,,,472.0,7.15,,,472.0,7.159,,,,,472.0,10.248
473.0,10.197,,,473.0,15.615,473.0,19.352,,,473.0,11.69,473.0,13.152,473.0,10.793,473.0,12.052,473.0,13.031,,,,,473.0,7.201,,,473.0,7.126,,,,,473.0,10.23
474.0,10.214,,,474.0,15.693,474.0,19.455,,,474.0,11.517,474.0,13.153,474.0,10.758,474.0,12.087,474.0,12.99,,,,,474.0,7.123,,,474.0,7.141,,,,,474.0,10.179
475.0,10.222,,,475.0,15.644,475.0,19.294,,,475.0,11.627,475.0,13.103,475.0,10.771,475.0,12.02,475.0,12.825,,,,,475.0,7.15,,,475.0,7.113,,,,,475.0,10.217
476.0,10.223,,,476.0,15.626,476.0,19.315,,,476.0,11.61,476.0,13.08,476.0,10.786,476.0,12.109,476.0,12.956,,,,,476.0,7.208,,,476.0,7.137,,,,,476.0,10.132
477.0,10.17,,,477.0,15.637,477.0,19.291,,,477.0,11.648,477.0,13.112,477.0,10.796,477.0,12.042,477.0,12.925,,,,,477.0,7.119,,,477.0,7.168,,,,,477.0,10.133
478.0,10.211,,,478.0,15.541,478.0,19.277,,,478.0,11.655,,,478.0,10.8,478.0,12.049,478.0,12.913,,,,,478.0,7.143,,,478.0,7.081,,,,,478.0,10.18
479.0,10.206,,,479.0,15.593,479.0,19.364,,,479.0,11.651,,,,,,,,,,,,,479.0,7.14,,,479.0,7.125,,,,,,
,,,,480.0,15.531,480.0,19.362,,,480.0,11.635,,,,,,,,,,,,,480.0,7.105,,,480.0,7.048,,,,,,
,,,,481.0,15.588,481.0,19.329,,,481.0,11.618,,,,,,,,,,,,,481.0,7.174,,,481.0,7.129,,,,,,
,,,,482.0,15.588,482.0,19.266,,,482.0,11.58,,,,,,,,,,,,,482.0,7.136,,,482.0,7.131,,,,,,
,,,,483.0,15.487,483.0,19.446,,,483.0,11.47,,,,,,,,,,,,,483.0,7.154,,,483.0,7.099,,,,,,
,,,,484.0,15.524,484.0,19.403,,,484.0,11.535,,,,,,,,,,,,,484.0,7.13,,,484.0,7.093,,,,,,
,,,,485.0,15.533,485.0,19.523,,,485.0,11.604,,,,,,,,,,,,,485.0,7.12,,,485.0,7.076,,,,,,
,,,,486.0,15.655,486.0,19.476,,,486.0,11.646,,,,,,,,,,,,,486.0,7.158,,,486.0,7.09,,,,,,
,,,,487.0,15.558,487.0,19.469,,,487.0,11.624,,,,,,,,,,,,,487.0,7.128,,,487.0,7.079,,,,,,
,,,,488.0,15.49,488.0,19.421,,,488.0,11.603,,,,,,,,,,,,,488.0,7.114,,,488.0,7.02,,,,,,
,,,,489.0,15.419,489.0,19.493,,,489.0,11.588,,,,,,,,,,,,,489.0,7.102,,,489.0,7.103,,,,,,
,,,,,,490.0,19.453,,,490.0,11.675,,,,,,,,,,,,,490.0,7.11,,,490.0,7.001,,,,,,
,,,,,,491.0,19.471,,,491.0,11.599,,,,,,,,,,,,,491.0,7.095,,,491.0,7.038,,,,,,
,,,,,,492.0,19.412,,,492.0,11.532,,,,,,,,,,,,,492.0,7.109,,,492.0,7.032,,,,,,
,,,,,,493.0,19.297,,,493.0,11.467,,,,,,,,,,,,,493.0,7.09,,,493.0,7.071,,,,,,
,,,,,,494.0,19.406,,,494.0,11.625,,,,,,,,,,,,,494.0,7.093,,,494.0,6.941,,,,,,
,,,,,,495.0,19.344,,,495.0,11.594,,,,,,,,,,,,,495.0,7.13,,,495.0,7.047,,,,,,
,,,,,,496.0,19.357,,,496.0,11.613,,,,,,,,,,,,,496.0,7.148,,,496.0,7.057,,,,,,
,,,,,,497.0,19.573,,,497.0,11.557,,,,,,,,,,,,,497.0,7.102,,,497.0,7.079,,,,,,
,,,,,,498.0,19.435,,,498.0,11.565,,,,,,,,,,,,,498.0,7.109,,,498.0,7.005,,,,,,
,,,,,,499.0,19.433,,,499.0,11.51,,,,,,,,,,,,,499.0,7.155,,,499.0,7.024,,,,,,
,,,,,,500.0,19.461,,,500.0,11.471,,,,,,,,,,,,,500.0,7.078,,,500.0,6.964,,,,,,
,,,,,,501.0,19.383,,,501.0,11.486,,,,,,,,,,,,,501.0,7.057,,,501.0,7.047,,,,,,
,,,,,,502.0,19.388,,,502.0,11.506,,,,,,,,,,,,,502.0,7.121,,,502.0,7.06,,,,,,
,,,,,,503.0,19.432,,,503.0,11.544,,,,,,,,,,,,,503.0,7.082,,,503.0,6.974,,,,,,
,,,,,,504.0,19.47,,,504.0,11.553,,,,,,,,,,,,,504.0,7.088,,,504.0,6.988,,,,,,
,,,,,,505.0,19.366,,,505.0,11.483,,,,,,,,,,,,,505.0,7.043,,,505.0,7.047,,,,,,
,,,,,,506.0,19.347,,,506.0,11.585,,,,,,,,,,,,,506.0,7.051,,,506.0,7.037,,,,,,
,,,,,,507.0,19.486,,,507.0,11.513,,,,,,,,,,,,,507.0,7.108,,,507.0,6.966,,,,,,
,,,,,,508.0,19.404,,,508.0,11.448,,,,,,,,,,,,,508.0,7.078,,,508.0,6.951,,,,,,
,,,,,,509.0,19.483,,,,,,,,,,,,,,,,,509.0,7.086,,,509.0,6.93,,,,,,
,,,,,,510.0,19.312,,,,,,,,,,,,,,,,,510.0,7.093,,,510.0,6.933,,,,,,
,,,,,,511.0,19.366,,,,,,,,,,,,,,,,,511.0,7.103,,,511.0,6.924,,,,,,
,,,,,,512.0,19.375,,,,,,,,,,,,,,,,,512.0,7.085,,,512.0,6.94,,,,,,
,,,,,,513.0,19.342,,,,,,,,,,,,,,,,,513.0,7.074,,,513.0,6.938,,,,,,
,,,,,,514.0,19.406,,,,,,,,,,,,,,,,,514.0,7.067,,,514.0,6.929,,,,,,
,,,,,,515.0,19.273,,,,,,,,,,,,,,,,,515.0,7.079,,,515.0,6.908,,,,,,
,,,,,,516.0,19.372,,,,,,,,,,,,,,,,,516.0,7.077,,,516.0,6.929,,,,,,
,,,,,,517.0,19.349,,,,,,,,,,,,,,,,,517.0,7.032,,,517.0,6.996,,,,,,
,,,,,,518.0,19.43,,,,,,,,,,,,,,,,,518.0,7.093,,,518.0,6.899,,,,,,
,,,,,,519.0,19.505,,,,,,,,,,,,,,,,,519.0,7.056,,,519.0,6.957,,,,,,
,,,,,,520.0,19.358,,,,,,,,,,,,,,,,,520.0,7.021,,,520.0,6.952,,,,,,
,,,,,,521.0,19.345,,,,,,,,,,,,,,,,,521.0,7.045,,,521.0,6.92,,,,,,
,,,,,,522.0,19.347,,,,,,,,,,,,,,,,,522.0,7.023,,,522.0,6.904,,,,,,
,,,,,,523.0,19.344,,,,,,,,,,,,,,,,,523.0,6.976,,,523.0,6.907,,,,,,
,,,,,,524.0,19.382,,,,,,,,,,,,,,,,,524.0,6.992,,,524.0,6.95,,,,,,
,,,,,,525.0,19.371,,,,,,,,,,,,,,,,,525.0,7.084,,,525.0,6.896,,,,,,
,,,,,,526.0,19.306,,,,,,,,,,,,,,,,,526.0,7.019,,,526.0,6.91,,,,,,
,,,,,,527.0,19.324,,,,,,,,,,,,,,,,,527.0,6.946,,,527.0,6.937,,,,,,
,,,,,,528.0,19.289,,,,,,,,,,,,,,,,,528.0,7.086,,,528.0,6.914,,,,,,
,,,,,,529.0,19.362,,,,,,,,,,,,,,,,,529.0,7.03,,,529.0,6.852,,,,,,
,,,,,,530.0,19.347,,,,,,,,,,,,,,,,,530.0,6.977,,,530.0,6.922,,,,,,
,,,,,,531.0,19.279,,,,,,,,,,,,,,,,,531.0,7.016,,,531.0,6.904,,,,,,
,,,,,,532.0,19.466,,,,,,,,,,,,,,,,,,,,,,,,,,,,
