PIVlab, ASCII chart output - 21-Nov-2024
FRAME: 30, filenames: A:[30]AVI_Pos016_TimeSrs0016_TgUtrmcherry_K4K8MO.avi & B:[31]AVI_Pos016_TimeSrs0016_TgUtrmcherry_K4K8MO.avi, conversion factor xy (px -> m): 1, conversion factor uv (px/frame -> m/s): 1
x [px],y [px],u [px/frame],v [px/frame],Vector type [-]
47,33,-1.084488511,2.688171148,1
47,65,0.2298049331,-0.2174693644,1
47,97,-0.4417726099,-1.392035246,1
47,129,-0.6433378458,-1.224139571,1
47,161,0.3898103237,0.01741318405,1
47,193,-0.3961520195,0.2787853181,1
47,225,NaN,NaN,2
47,257,-0.779340744,0.6178727746,1
47,289,-0.6788064241,0.4607431889,1
47,321,-0.1323455572,0.7378423214,1
47,353,-0.5468392372,-0.6126275063,1
47,385,-6.084465981,-2.759284019,1
47,417,-5.17320919,-1.688395619,1
47,449,-3.346209526,-1.312598348,1
47,481,-2.326244354,-0.2017415762,1
47,513,-0.4857304096,-4.011728764,1
47,545,NaN,NaN,2
47,577,-0.2196583748,-0.1699764282,1
47,609,NaN,NaN,2
47,641,NaN,NaN,2
47,673,0.7423738241,0.1937741041,1
47,705,1.790086985,-0.06048727036,1
47,737,0.7794236541,0.2052773237,1
47,769,0.18604514,0.9617135525,1
47,801,NaN,NaN,2
47,833,NaN,NaN,2
47,865,1.101227403,0.9076071978,1
47,897,1.860170007,0.5669494867,1
47,929,0.08583217859,0.6971872449,1
47,961,-1.262351513,1.210007191,1
47,993,-0.09233951569,2.165621281,1
47,1025,1.001887202,0.304887116,1
47,1057,0.9877777696,1.04563272,1
47,1089,1.035258293,0.224401474,1
47,1121,-4.663553238,7.234822273,1
47,1153,-2.391205788,4.772639275,1
47,1185,-1.555254221,1.935263634,1
47,1217,-2.252817154,3.124167204,1
47,1249,NaN,NaN,2
47,1281,NaN,NaN,2
47,1313,0.7001743317,1.029200077,1
47,1345,0.5619440079,2.049329042,1
47,1377,0.3358635902,1.712378263,1
47,1409,0.2655201554,-0.5235514641,1
47,1441,-0.2453033626,0.4767797589,1
47,1473,-1.22364974,0.5758965015,1
47,1505,-2.929712057,1.042164564,1
47,1537,-4.09428072,-0.9577212334,1
47,1569,-1.606990337,-0.5945304632,1
47,1601,-1.593836069,-0.771939218,1
47,1633,NaN,NaN,2
47,1665,-4.588818073,-3.585093498,1
47,1697,-4.765974998,-2.931900501,1
47,1729,-4.83036232,-2.08363533,1
47,1761,-6.190974712,1.856591702,1
47,1793,-3.687020779,-0.1589705348,1
47,1825,-3.741436481,1.495608568,1
47,1857,-1.00123024,1.190336943,1
47,1889,-1.050303936,1.593371272,1
47,1921,-0.7644595504,0.6449391842,1
47,1953,0.7671129704,-0.1888408959,1
47,1985,1.243116617,-0.07639314234,1
47,2017,NaN,NaN,2
79,33,-0.4445320368,1.217159867,1
79,65,2.199671507,-0.06185047328,1
79,97,0.3633334041,-0.4729667902,1
79,129,-0.461327821,-0.1851491928,1
79,161,0.1534423083,-0.1890470386,1
79,193,0.3710928857,-0.01542130113,1
79,225,-0.5575590134,0.2664753795,1
79,257,-0.5767416358,-0.06525249779,1
79,289,-0.6185171008,0.3416447341,1
79,321,-0.07883614302,1.146639466,1
79,353,0.05285811424,0.5725411177,1
79,385,NaN,NaN,2
79,417,-4.067744255,-0.8780879974,1
79,449,-1.856017113,-3.345252037,1
79,481,-1.241175652,-2.112237453,1
79,513,-0.3440598249,-1.439360619,1
79,545,0.1058471203,0.2355683446,1
79,577,-0.3856199682,0.2834527493,1
79,609,-0.9300285578,0.877979219,1
79,641,-2.181543589,1.843732476,1
79,673,0.09431934357,2.954230785,1
79,705,1.413187981,2.40096736,1
79,737,0.3629323542,1.843739271,1
79,769,-0.5572806597,1.429538131,1
79,801,0.2786505222,1.297001958,1
79,833,NaN,NaN,2
79,865,-0.606544435,0.0118432045,1
79,897,-0.4224161506,1.333520293,1
79,929,-0.2033522129,1.343467355,1
79,961,-0.3796734214,1.598272324,1
79,993,-0.1763158441,1.283238053,1
79,1025,0.3696809709,0.80486238,1
79,1057,0.5208910108,0.5069668889,1
79,1089,NaN,NaN,2
79,1121,-1.176140547,2.362451315,1
79,1153,-3.731972456,3.208064079,1
79,1185,-3.385854959,3.682725191,1
79,1217,-2.619953871,2.525224924,1
79,1249,-2.832084656,1.135718822,1
79,1281,NaN,NaN,2
79,1313,1.297728896,0.8432562947,1
79,1345,1.139886856,1.968346715,1
79,1377,0.5451871157,1.054913044,1
79,1409,-0.6322792172,-0.8296730518,1
79,1441,-0.6762244105,-2.683004141,1
79,1473,-0.7237825394,-0.9482058287,1
79,1505,-1.353765249,-1.071532249,1
79,1537,-1.345824122,-0.2271632552,1
79,1569,-0.9636360407,0.9936550856,1
79,1601,-1.292549133,0.4467820525,1
79,1633,NaN,NaN,2
79,1665,-7.351847649,2.06551075,1
79,1697,NaN,NaN,2
79,1729,NaN,NaN,2
79,1761,-1.081077695,-0.01887047291,1
79,1793,-1.827367306,0.1355881095,1
79,1825,-2.17239809,0.3028181791,1
79,1857,-0.9033423662,2.300506353,1
79,1889,NaN,NaN,2
79,1921,-1.042866349,0.536462307,1
79,1953,-0.4975730777,-0.004441529512,1
79,1985,-0.4480848014,-0.04136818647,1
79,2017,-0.8435373306,-0.2722313404,1
111,33,1.256903648,0.3934925795,1
111,65,2.048419714,0.03333889693,1
111,97,-0.1012734026,0.2802978158,1
111,129,-0.7003642321,0.1594339311,1
111,161,NaN,NaN,2
111,193,NaN,NaN,2
111,225,NaN,NaN,2
111,257,-1.008079529,0.1168814525,1
111,289,-0.2438158691,0.5266609788,1
111,321,-0.3962333798,-0.2051738799,1
111,353,-0.3397435248,1.622298241,1
111,385,0.1674331427,2.394910812,1
111,417,NaN,NaN,2
111,449,-0.7558119297,-1.415011287,1
111,481,0.01201307774,-1.862484932,1
111,513,0.06250931323,-1.39897716,1
111,545,-0.04930105805,-0.6001652479,1
111,577,-1.035811305,0.1505963504,1
111,609,-0.9430167079,0.8502413034,1
111,641,-0.4610351026,0.7959632874,1
111,673,0.01513180137,2.717065334,1
111,705,0.1510625035,2.768633842,1
111,737,NaN,NaN,2
111,769,-2.017293453,1.532934427,1
111,801,0.4285558164,0.6015948653,1
111,833,-0.2530195713,0.461011529,1
111,865,-1.466263771,-0.06564664841,1
111,897,-1.011592984,1.485936642,1
111,929,-0.9582490921,1.407228231,1
111,961,-0.7667387724,1.094413996,1
111,993,-0.6462368369,1.110607624,1
111,1025,0.4270648956,0.6791348457,1
111,1057,-0.1669780612,0.01370288432,1
111,1089,-1.859002113,0.7832359672,1
111,1121,NaN,NaN,2
111,1153,NaN,NaN,2
111,1185,-2.021753311,2.908798695,1
111,1217,-0.8241757751,1.771808386,1
111,1249,-0.2193191051,0.8630697727,1
111,1281,-0.2658246458,0.2955411673,1
111,1313,-2.190663815,1.181753993,1
111,1345,0.08323132992,1.548096657,1
111,1377,0.07853162289,0.6838796139,1
111,1409,-0.2272326797,-0.7443553209,1
111,1441,0.5206534266,-3.308819532,1
111,1473,-0.5598650575,-1.390233994,1
111,1505,-0.9629584551,-0.5109962225,1
111,1537,-0.9444527626,0.3937472403,1
111,1569,-1.474346399,1.247991085,1
111,1601,-1.975089073,1.008652568,1
111,1633,-2.175318003,0.8717660904,1
111,1665,-1.549327731,1.612170935,1
111,1697,-0.7576521635,1.289401174,1
111,1729,NaN,NaN,2
111,1761,-3.472892523,1.372588634,1
111,1793,-1.87898016,0.7547380924,1
111,1825,-1.433856964,0.2737165689,1
111,1857,-0.7043278217,0.4127056003,1
111,1889,-0.6527010202,0.4018702507,1
111,1921,-1.023257732,-0.5428935885,1
111,1953,-1.264841795,-1.041843772,1
111,1985,-0.9857896566,-0.1771748662,1
111,2017,0.2113417387,-0.4547264576,1
143,33,1.294645429,0.02303171158,1
143,65,0.2411140949,-0.1111458093,1
143,97,-0.5026791096,-1.565674186,1
143,129,-0.9824765325,-0.1498790681,1
143,161,0.03657697886,0.08680537343,1
143,193,0.5459247828,0.403141886,1
143,225,0.7830308676,-0.06520415097,1
143,257,-1.049781799,0.2704585791,1
143,289,0.2584295869,0.4401661158,1
143,321,0.133848995,0.5586001277,1
143,353,NaN,NaN,2
143,385,-0.9644904137,1.919623613,1
143,417,-0.588588357,-0.48099792,1
143,449,-0.1883540154,-1.170476437,1
143,481,0.5219378471,-2.33078599,1
143,513,0.1217393726,-2.561314583,1
143,545,-1.559214115,-1.032543898,1
143,577,-1.108855009,-0.5560934544,1
143,609,-0.8437392116,0.4911295176,1
143,641,-0.7317131758,0.3314776421,1
143,673,-0.2965844572,3.584990025,1
143,705,-0.2290728092,3.826417446,1
143,737,-0.0243793577,2.521827698,1
143,769,-0.2159573436,1.374108553,1
143,801,-0.2085629106,0.07008397579,1
143,833,-0.5953553915,0.6675283909,1
143,865,-1.77200222,0.766835928,1
143,897,-1.666694283,1.24177742,1
143,929,-3.690297842,1.499444246,1
143,961,-3.034458399,1.807304144,1
143,993,-0.7677878141,1.289432526,1
143,1025,1.268929839,0.7993331552,1
143,1057,-0.4729188681,0.04685336351,1
143,1089,-0.7668234706,-0.537119031,1
143,1121,NaN,NaN,2
143,1153,-0.1540879011,-0.05738949776,1
143,1185,-0.2734453678,0.7028026581,1
143,1217,NaN,NaN,2
143,1249,2.317871094,-0.2259187698,1
143,1281,1.082652092,0.5781647563,1
143,1313,1.092136264,1.288729906,1
143,1345,0.7972604036,1.273094416,1
143,1377,0.1310947239,1.108273029,1
143,1409,-0.6521859765,-0.09335938096,1
143,1441,0.3972908258,-1.068186283,1
143,1473,-0.1090459824,-1.094455719,1
143,1505,-0.8404088616,-0.5911165476,1
143,1537,-0.7452633381,0.5125972033,1
143,1569,-1.559211135,1.357761264,1
143,1601,-2.462188005,1.607756138,1
143,1633,-1.614208341,1.849357367,1
143,1665,-0.6613283157,1.374602079,1
143,1697,0.02089548111,1.829469442,1
143,1729,-2.823555946,2.678882122,1
143,1761,-4.661993027,2.556642056,1
143,1793,-3.349236012,1.665217638,1
143,1825,-2.199059486,1.766005039,1
143,1857,-0.7572338581,0.08476030827,1
143,1889,-0.9924536943,-0.05148127675,1
143,1921,-2.206311464,-0.1953969002,1
143,1953,-1.686845541,-1.039028406,1
143,1985,-0.6821241379,-0.348002851,1
143,2017,1.230538368,-0.8379253149,1
175,33,0.9696528912,-0.04113431275,1
175,65,-0.2586042583,-0.07587054372,1
175,97,-0.4690941572,-0.4103075564,1
175,129,-0.5041952133,-0.03006596863,1
175,161,-0.7001994848,0.08239597082,1
175,193,0.5995172262,0.1728648394,1
175,225,1.452306032,-0.2507259548,1
175,257,1.418098688,-0.2187961042,1
175,289,0.8133854866,0.3540416956,1
175,321,-0.03160879016,0.3369292021,1
175,353,NaN,NaN,2
175,385,-0.508664608,-0.861235559,1
175,417,-0.4967180789,-0.7677878141,1
175,449,-0.1527305543,-0.9623271227,1
175,481,-0.4847854376,-1.395722985,1
175,513,-0.8244981766,-1.946059346,1
175,545,-1.274707794,-1.187365532,1
175,577,-0.8363332748,-1.847413063,1
175,609,-0.6900874376,-0.4308797121,1
175,641,-0.3628954887,1.680989504,1
175,673,-0.1670244336,3.64313364,1
175,705,0.07391493767,3.815596104,1
175,737,0.5668945313,2.043476582,1
175,769,1.109630585,-1.175594687,1
175,801,0.8098268509,-0.6449447274,1
175,833,-0.01309737563,1.102872133,1
175,865,-0.7850703001,1.616892934,1
175,897,-1.333504438,1.620387077,1
175,929,-1.647227645,1.655970573,1
175,961,-1.995536685,2.669400692,1
175,993,-1.689413071,1.374466658,1
175,1025,0.1959583163,-0.5705587864,1
175,1057,0.6859099269,-0.9049301744,1
175,1089,-1.122650385,0.6985871196,1
175,1121,NaN,NaN,2
175,1153,-0.4766697884,-0.2721452713,1
175,1185,-0.3313401937,0.5721540451,1
175,1217,0.2869055271,-0.9796289206,1
175,1249,0.9681606293,-0.3521232605,1
175,1281,0.7697122097,0.5185964108,1
175,1313,1.274318576,0.9550917745,1
175,1345,1.273919582,0.9351789355,1
175,1377,0.2440938205,0.8649359941,1
175,1409,-0.7749320865,0.2446133494,1
175,1441,-1.170613527,-0.496265769,1
175,1473,-1.502353668,-2.430968285,1
175,1505,-2.031717777,-1.56861043,1
175,1537,-0.409283638,0.1978824735,1
175,1569,-1.07475543,0.9378842115,1
175,1601,-1.900852442,2.557069302,1
175,1633,-1.968213797,2.210757256,1
175,1665,-1.745214939,1.331107616,1
175,1697,-1.190244436,2.461654663,1
175,1729,-3.313379049,3.691874027,1
175,1761,-3.966824055,4.047434807,1
175,1793,-3.924212456,2.243845701,1
175,1825,-3.053781509,-0.3291892409,1
175,1857,-2.305664063,-0.3676075041,1
175,1889,-2.357061625,-0.06684833765,1
175,1921,-2.408688068,-0.1253401935,1
175,1953,-1.008467793,-0.02609419823,1
175,1985,-0.04096007347,-0.3051153123,1
175,2017,0.8608396053,-1.237090349,1
207,33,2.057479382,-0.01214423776,1
207,65,-0.06001570821,-0.05982855707,1
207,97,-0.643430829,0.1619410366,1
207,129,0.1514364183,0.2296953648,1
207,161,0.1265446246,0.1001608819,1
207,193,0.8942389488,0.08323638141,1
207,225,1.805330276,-0.2635952234,1
207,257,2.085371494,-0.1898776293,1
207,289,0.6335983276,0.2463498414,1
207,321,0.575237751,-1.579844356,1
207,353,1.282126904,-3.559931517,1
207,385,0.6610831618,-2.425315857,1
207,417,-0.3264637589,-0.8896679878,1
207,449,-0.3888879418,-0.1973784566,1
207,481,-2.058146,0.4047205448,1
207,513,-3.766559124,0.04382133484,1
207,545,-0.4748809338,0.03417772055,1
207,577,-0.212908566,-1.526482821,1
207,609,-0.2796683908,-0.4887788296,1
207,641,0.5175095201,1.878955364,1
207,673,1.130892873,2.340504169,1
207,705,0.961302042,2.155479431,1
207,737,1.592413783,1.680830479,1
207,769,NaN,NaN,2
207,801,0.07879966497,-1.15129292,1
207,833,0.01090034842,1.147145271,1
207,865,0.3577786684,1.592833996,1
207,897,-0.3440232277,2.140503645,1
207,929,-1.211545229,2.154693842,1
207,961,-2.164765596,3.115774632,1
207,993,NaN,NaN,2
207,1025,-1.946935773,-1.002891541,1
207,1057,-0.6036903262,-0.09756028652,1
207,1089,-2.023508072,2.401514053,1
207,1121,-1.38026619,0.9524517059,1
207,1153,-1.400358438,1.291515827,1
207,1185,-1.35679841,2.300263166,1
207,1217,-0.6181414723,1.901827574,1
207,1249,0.1516220272,0.4654957652,1
207,1281,0.1223623157,0.4750945568,1
207,1313,0.04349052906,0.3907348514,1
207,1345,-0.08083689213,0.636438489,1
207,1377,0.0985853076,0.5775714517,1
207,1409,-0.8701434135,-0.2992860675,1
207,1441,-0.795973897,-0.3168886304,1
207,1473,-0.03898322582,-1.700325012,1
207,1505,-0.3930639625,0.3011670709,1
207,1537,0.2592431903,0.9266415238,1
207,1569,0.1795591116,1.044581294,1
207,1601,-1.7643224,2.998402834,1
207,1633,-3.05011034,1.93840766,1
207,1665,-2.955711365,1.615797758,1
207,1697,-0.2813556194,2.907089233,1
207,1729,-3.388557196,3.912182808,1
207,1761,-4.13594532,4.595146179,1
207,1793,-5.046633244,2.42971921,1
207,1825,-3.654053688,-0.3282524347,1
207,1857,-2.610964537,-1.472210288,1
207,1889,NaN,NaN,2
207,1921,-4.241785049,-0.151937604,1
207,1953,-0.7194610834,0.3113653064,1
207,1985,0.5443843007,-0.2861799002,1
207,2017,0.7534036636,-1.512825727,1
239,33,0.8139945269,-0.005390658975,1
239,65,1.202580929,-0.000777034089,1
239,97,-0.153760165,0.4533013105,1
239,129,-0.2939984202,-0.3016649783,1
239,161,0.1889834702,-0.8178582191,1
239,193,0.5152032971,-0.1021801233,1
239,225,0.7873514891,-0.3087643981,1
239,257,0.7900283337,-0.2065731734,1
239,289,0.4307669401,0.2597799599,1
239,321,0.2464361489,0.1641593874,1
239,353,0.9303304553,-0.8656052947,1
239,385,-0.275193572,-1.268236518,1
239,417,0.1513178051,-0.5752823949,1
239,449,-0.09818333387,-0.09101729095,1
239,481,-1.60642159,1.708747149,1
239,513,-1.580929279,1.093500733,1
239,545,0.0201407671,0.2857940197,1
239,577,0.9679297209,2.299461365,1
239,609,0.2859717607,1.047211766,1
239,641,1.554632068,0.9314967394,1
239,673,0.4678340554,1.675618172,1
239,705,0.3447467387,1.725070357,1
239,737,0.4867557883,1.745872617,1
239,769,NaN,NaN,2
239,801,NaN,NaN,2
239,833,NaN,NaN,2
239,865,0.7013710737,3.982241631,1
239,897,-0.5347726941,2.170952797,1
239,929,-1.565811872,2.520906687,1
239,961,-2.956717968,2.291107416,1
239,993,NaN,NaN,2
239,1025,-2.449643135,0.3406071663,1
239,1057,-0.770119071,0.7645407915,1
239,1089,NaN,NaN,2
239,1121,-5.843289375,1.632935762,1
239,1153,-3.150602818,1.638305545,1
239,1185,-1.186566591,3.443491697,1
239,1217,-0.6091682315,1.702802896,1
239,1249,-0.4658874869,0.3511923552,1
239,1281,-0.01566877961,0.5507575274,1
239,1313,-0.1643525362,-0.03115820885,1
239,1345,-0.7948631644,-0.1520909071,1
239,1377,-0.7985233068,0.3173519373,1
239,1409,-0.9174506664,0.5345655084,1
239,1441,-0.891391933,0.4371037185,1
239,1473,NaN,NaN,2
239,1505,1.657424212,0.7554094195,1
239,1537,1.101840496,1.943794012,1
239,1569,1.166525722,0.9706772566,1
239,1601,-1.63292253,1.493249416,1
239,1633,-2.080307484,1.755811095,1
239,1665,-1.604886055,1.348353624,1
239,1697,-0.4153087139,1.713769436,1
239,1729,-2.077577114,3.358278036,1
239,1761,-2.337986946,3.238282442,1
239,1793,-2.525917053,2.260789871,1
239,1825,-2.798489571,1.224608421,1
239,1857,-2.371562004,0.01080322266,1
239,1889,-2.212669611,-0.7352945805,1
239,1921,-1.470656991,0.5925369859,1
239,1953,-0.3941979408,0.5739015341,1
239,1985,0.5177969337,-0.2882267833,1
239,2017,0.976885438,-1.513087153,1
271,33,-0.1302807331,0.127240479,1
271,65,0.5334112644,0.09460557997,1
271,97,0.1054036617,0.523534596,1
271,129,0.2998260558,-0.4025067687,1
271,161,0.1069199443,-1.010669351,1
271,193,-0.3341247439,-0.3980469108,1
271,225,-1.336368918,-0.3276664019,1
271,257,-1.949990869,0.4315172136,1
271,289,-0.2450420856,0.6572178602,1
271,321,-0.02738472819,0.3550928831,1
271,353,NaN,NaN,2
271,385,NaN,NaN,2
271,417,0.5178458095,-0.950510025,1
271,449,0.4166327119,-1.942277074,1
271,481,-0.6682615876,1.09473753,1
271,513,-2.021002531,0.1225382984,1
271,545,-1.067434549,-0.6838747263,1
271,577,0.06309604645,-0.8309338093,1
271,609,0.1910744011,-0.6254341602,1
271,641,0.5074790716,-0.3782141209,1
271,673,1.529324055,0.8525192738,1
271,705,0.4292584658,1.838299513,1
271,737,-0.1482075602,2.387679815,1
271,769,0.4594584703,2.211479187,1
271,801,0.2898839712,1.976145983,1
271,833,-0.3313351274,1.569751024,1
271,865,-0.4744628668,2.195260286,1
271,897,-1.399800897,2.141974449,1
271,929,-1.285977006,3.308601379,1
271,961,-1.188661098,2.956588745,1
271,993,-2.006606579,2.548574448,1
271,1025,-2.160940886,2.116442442,1
271,1057,NaN,NaN,2
271,1089,-7.919998169,4.225728512,1
271,1121,NaN,NaN,2
271,1153,-1.256973147,1.564987898,1
271,1185,-0.588513732,2.128489017,1
271,1217,-0.8013997674,0.6043353081,1
271,1249,NaN,NaN,2
271,1281,-0.1027468741,-0.9918174744,1
271,1313,-0.3069775701,-0.06935018301,1
271,1345,-0.5160390139,0.08538371325,1
271,1377,-0.9155020714,0.3420395553,1
271,1409,-1.146722555,0.6582262516,1
271,1441,-1.232776999,0.5403286219,1
271,1473,NaN,NaN,2
271,1505,NaN,NaN,2
271,1537,-1.120052576,0.7897934318,1
271,1569,-0.102165699,1.302733541,1
271,1601,-1.052009225,0.9935626984,1
271,1633,-1.675322413,2.141907692,1
271,1665,-1.066570163,3.583206177,1
271,1697,-0.470010519,2.950607777,1
271,1729,0.6976540089,2.866096735,1
271,1761,1.98052907,1.647744417,1
271,1793,-1.058371067,0.6324988604,1
271,1825,-3.173632145,0.8857996464,1
271,1857,-2.540377855,0.7843755484,1
271,1889,-1.219520092,0.9264314175,1
271,1921,-0.05398857594,2.049119949,1
271,1953,-1.069480062,0.8659821749,1
271,1985,-1.072314978,-0.07644818723,1
271,2017,-0.08149123192,-1.28747344,1
303,33,-0.8465875983,0.1227678061,1
303,65,0.3800776005,0.1134617329,1
303,97,0.7040291429,0.5380147696,1
303,129,0.6022968888,0.2111189365,1
303,161,-0.3009831607,-0.6089608669,1
303,193,-0.9566146135,-0.4694482982,1
303,225,-0.3470598161,0.1990404576,1
303,257,0.1110588312,0.4611736834,1
303,289,-0.1084379554,0.3209569752,1
303,321,0.3680129945,0.2460063398,1
303,353,0.6559807658,0.3749397397,1
303,385,1.185462952,1.159175634,1
303,417,0.7791062593,-1.390078187,1
303,449,0.5649385452,-2.659500837,1
303,481,0.1545862854,-2.558399439,1
303,513,-0.5417608023,-0.7951654792,1
303,545,-1.61382246,-0.8021008968,1
303,577,-0.6113609076,-0.5699213743,1
303,609,-0.1466395855,-0.822853446,1
303,641,-0.2730929554,-1.363079786,1
303,673,0.03755053878,-1.844284773,1
303,705,0.2997779846,1.397025585,1
303,737,0.5217374563,2.403602362,1
303,769,1.406636119,2.331115484,1
303,801,-0.2056186795,2.16648221,1
303,833,-0.8018142581,1.822139382,1
303,865,-1.184858203,1.505819559,1
303,897,-1.178409815,2.124353647,1
303,929,-0.9662554264,2.959082365,1
303,961,-1.031522155,4.233807564,1
303,993,-0.1927366257,2.27657032,1
303,1025,-1.198885798,1.492764473,1
303,1057,NaN,NaN,2
303,1089,-1.995721817,1.850385547,1
303,1121,-1.242916346,1.263622284,1
303,1153,-0.9567962289,1.75702107,1
303,1185,-0.2871719003,1.716493011,1
303,1217,-0.07685738802,1.156283498,1
303,1249,-0.2014167607,0.1996947825,1
303,1281,0.1840888709,-1.522856116,1
303,1313,0.2945709527,-1.071865916,1
303,1345,0.3106611967,0.5853816271,1
303,1377,-0.2871318758,0.2536713183,1
303,1409,-0.3690742552,0.08629983664,1
303,1441,-0.4312007427,0.1225881577,1
303,1473,NaN,NaN,2
303,1505,-3.373166561,-3.394136429,1
303,1537,-4.144939899,-0.1307965219,1
303,1569,-4.357302189,0.3432995379,1
303,1601,-1.484495997,1.231380105,1
303,1633,-1.391262531,2.643327475,1
303,1665,NaN,NaN,2
303,1697,-0.2177529931,6.365168095,1
303,1729,NaN,NaN,2
303,1761,2.030749083,1.760914922,1
303,1793,-0.261624217,1.035323739,1
303,1825,-1.215769768,0.4565871358,1
303,1857,-1.353527188,0.5389696956,1
303,1889,0.004199981689,0.2564165592,1
303,1921,-0.9626336694,1.128337145,1
303,1953,-1.673957467,1.327077508,1
303,1985,-2.289557457,-0.1263372898,1
303,2017,-1.066853046,-1.108484507,1
335,33,-0.01989272237,-0.01146876812,1
335,65,0.4610527158,0.02207516506,1
335,97,0.6292610168,0.5822750926,1
335,129,0.1517975777,0.493809104,1
335,161,-0.3382303715,-0.2116783559,1
335,193,-0.9178521037,-0.3650764227,1
335,225,NaN,NaN,2
335,257,NaN,NaN,2
335,289,0.495875299,0.4787367582,1
335,321,0.5834000707,0.3975024819,1
335,353,0.7594537139,0.4990651011,1
335,385,1.468605995,-0.01901294291,1
335,417,1.325587511,-0.7351206541,1
335,449,0.5781875849,-1.003162146,1
335,481,0.5810028911,-2.452913761,1
335,513,-0.4091560841,-1.64038837,1
335,545,-1.469669342,-0.5423656702,1
335,577,-0.8284067512,0.05972099304,1
335,609,-0.301005125,0.3143006563,1
335,641,-0.4163919985,0.4493718147,1
335,673,-1.320453882,-0.9273647666,1
335,705,-1.319700599,1.210462451,1
335,737,0.9292975664,3.562343597,1
335,769,1.235469222,1.976917267,1
335,801,0.05767595768,2.497854471,1
335,833,-0.7028418779,2.020629883,1
335,865,-1.207598448,2.314585924,1
335,897,-0.9180412889,2.132668495,1
335,929,-0.8524243832,2.500726461,1
335,961,-0.8800543547,2.227548361,1
335,993,0.2072560787,1.118827462,1
335,1025,0.4693571329,0.3623736501,1
335,1057,-2.707922459,0.6981502771,1
335,1089,-0.7871417999,0.4451911449,1
335,1121,-0.7410129309,0.6563924551,1
335,1153,-0.8315665722,0.6875113249,1
335,1185,-0.2217930555,0.4841685295,1
335,1217,-0.219599098,1.739702463,1
335,1249,-0.5643094778,2.091817379,1
335,1281,-0.08371344209,-0.7730418444,1
335,1313,0.7136389613,-0.6327907443,1
335,1345,0.8040928841,0.397744596,1
335,1377,1.108198404,0.2399145365,1
335,1409,0.8216291666,-1.221459866,1
335,1441,0.02493792772,-0.1726285219,1
335,1473,-1.888138294,0.2685871124,1
335,1505,-2.56550169,-0.4070293307,1
335,1537,-1.52555275,-0.1938856393,1
335,1569,-2.806719303,-0.0854934454,1
335,1601,-2.254742384,1.473508835,1
335,1633,-0.9671486616,2.092647314,1
335,1665,-1.18298161,2.481804371,1
335,1697,-0.7188328505,8.607766151,1
335,1729,-0.4186556339,6.180916786,1
335,1761,-1.265878439,1.990656614,1
335,1793,-0.9676661491,1.224287391,1
335,1825,-0.8625491858,0.538251698,1
335,1857,-0.6951509714,0.7485136986,1
335,1889,-0.8439612985,1.127139091,1
335,1921,-3.096381187,1.615957499,1
335,1953,-2.211112022,3.596163034,1
335,1985,-1.876676202,-0.04766985774,1
335,2017,-2.913773537,-1.172853351,1
367,33,-0.03202777356,0.02031505108,1
367,65,-0.1164013371,0.1559921354,1
367,97,-0.1059300676,1.300246239,1
367,129,0.07097680122,0.4250383973,1
367,161,0.1187378019,-0.02738308907,1
367,193,-0.2378275394,-0.2050905973,1
367,225,0.4112656116,0.7554604411,1
367,257,1.117801428,0.7219923139,1
367,289,1.597263455,1.038028717,1
367,321,1.043374062,1.343110323,1
367,353,0.5588853359,0.8779031038,1
367,385,0.8000433445,0.6140437722,1
367,417,0.410004735,0.2748199403,1
367,449,0.1049921513,-0.5624145269,1
367,481,0.115223974,-1.148175836,1
367,513,-0.351554364,-1.138360739,1
367,545,-1.075449467,-0.2043752074,1
367,577,-0.3234096169,0.9051674604,1
367,609,0.5159842968,1.545598984,1
367,641,-0.7073187828,1.726106167,1
367,673,-1.062681198,0.8578931093,1
367,705,-0.2419063896,1.051852345,1
367,737,0.1326487064,1.472000837,1
367,769,0.164082706,1.556212664,1
367,801,-0.5156650543,2.171240807,1
367,833,-0.923668623,2.320753574,1
367,865,-1.033499479,2.62417984,1
367,897,-1.241312027,2.178513288,1
367,929,-1.244338512,2.314485073,1
367,961,-0.9939651489,1.566303372,1
367,993,1.232995391,0.4906644821,1
367,1025,1.621049166,-0.6921083927,1
367,1057,-0.5379244089,-1.342767358,1
367,1089,-0.8734001517,0.2067148685,1
367,1121,0.2078216672,0.6310746074,1
367,1153,-0.5164238214,0.3905263543,1
367,1185,-1.90579319,0.4870394468,1
367,1217,-0.246723175,0.4775036573,1
367,1249,-0.5632754564,0.1187109351,1
367,1281,-0.0838342905,0.3717770278,1
367,1313,1.477997899,0.9246253967,1
367,1345,1.895645022,0.2072618008,1
367,1377,1.022494912,0.963778615,1
367,1409,0.2752436399,-0.7008737922,1
367,1441,-0.3461300731,-0.1055392623,1
367,1473,-1.977750778,0.5206272006,1
367,1505,-3.497163773,-0.2765765488,1
367,1537,-2.018003941,0.1144362092,1
367,1569,0.9730331898,-0.2524949908,1
367,1601,NaN,NaN,2
367,1633,0.1576887369,1.105131388,1
367,1665,-0.8735638857,0.9819328785,1
367,1697,NaN,NaN,2
367,1729,-3.66930294,8.273553848,1
367,1761,-3.973395586,5.121236801,1
367,1793,-1.417819738,0.0915389061,1
367,1825,-1.01789391,0.9036784172,1
367,1857,-0.6449809074,3.341945648,1
367,1889,-1.574258566,3.851677418,1
367,1921,-1.454756498,3.503638268,1
367,1953,-1.023766637,2.923043728,1
367,1985,-1.103721142,0.109323889,1
367,2017,-1.836540937,-1.542877197,1
399,33,-0.6158715487,0.2228783369,1
399,65,-1.333212376,0.1085882932,1
399,97,-0.5679964423,1.562092066,1
399,129,0.7117757797,0.6456568837,1
399,161,0.2954508662,0.01415911317,1
399,193,0.3008417487,0.03845563531,1
399,225,0.7917476892,0.3366786838,1
399,257,1.050636053,0.5784736872,1
399,289,1.270002723,2.133149385,1
399,321,1.068255067,2.17351985,1
399,353,-0.3512461483,1.229993224,1
399,385,-0.3104041815,1.95315969,1
399,417,0.6798446774,0.5118915439,1
399,449,-0.4936976135,-1.982630968,1
399,481,-0.6539208889,-0.8579611778,1
399,513,-0.445615679,0.06598699093,1
399,545,-0.528921783,0.4870219231,1
399,577,-0.08368560672,2.866256237,1
399,609,-0.1927633882,3.053001642,1
399,641,-1.222748995,1.293800592,1
399,673,-0.1549523175,0.9523876309,1
399,705,0.08522963524,0.3813624382,1
399,737,0.2634256482,0.4664721489,1
399,769,-0.09174942225,1.05684495,1
399,801,-0.3742774129,1.07745254,1
399,833,-0.6963442564,2.753832102,1
399,865,-1.248507023,3.883212328,1
399,897,-1.554223537,2.255636692,1
399,929,-1.248081446,1.972215295,1
399,961,-0.582123816,1.251246095,1
399,993,0.03009626269,-1.225873947,1
399,1025,0.7055878639,-1.330194592,1
399,1057,-0.8391720057,0.05267336965,1
399,1089,-2.328557014,0.8329039812,1
399,1121,0.03052926064,1.563812852,1
399,1153,0.5471035242,1.144256115,1
399,1185,-0.2449119687,1.581558943,1
399,1217,-1.132946372,0.8023717403,1
399,1249,-0.3322365284,-2.483758926,1
399,1281,1.05810976,1.89744401,1
399,1313,0.4631278813,3.55675745,1
399,1345,-0.3042498529,2.274068356,1
399,1377,-0.7736934423,1.974611521,1
399,1409,-0.5925631523,1.038547993,1
399,1441,-0.68744874,0.6678501368,1
399,1473,-1.236714721,0.529112041,1
399,1505,-1.476093769,0.345421195,1
399,1537,-1.607205391,0.3623921871,1
399,1569,0.08656930923,0.1038053036,1
399,1601,0.01854205132,1.491434813,1
399,1633,-1.235492945,1.374078155,1
399,1665,-1.935382128,1.850985765,1
399,1697,-2.818639755,4.895925522,1
399,1729,-3.14684391,8.145445824,1
399,1761,-2.900885582,7.898527622,1
399,1793,-1.731351256,6.420351982,1
399,1825,-0.8904871941,5.071689606,1
399,1857,-1.159711838,5.027897835,1
399,1889,-0.7145122886,3.860244036,1
399,1921,-0.2240506411,5.992292404,1
399,1953,-0.3383562267,1.847200632,1
399,1985,0.1028102636,0.2133487314,1
399,2017,0.4860063791,-2.33805728,1
431,33,-0.07551801205,0.1174830496,1
431,65,0.07103124261,-0.08530358225,1
431,97,0.2196341753,0.4106873274,1
431,129,0.6959824562,1.185617208,1
431,161,-0.4761466086,1.315497041,1
431,193,-0.2537303567,-0.07508194447,1
431,225,-0.01838225126,-0.1469541192,1
431,257,0.262465179,0.8561658859,1
431,289,1.032901525,1.123636007,1
431,321,1.297435164,1.191740394,1
431,353,0.4137668014,0.7056022882,1
431,385,0.3611450195,1.787522674,1
431,417,0.2281696945,0.2162502706,1
431,449,-0.1863436103,-1.81552875,1
431,481,-1.461470842,-0.3300799131,1
431,513,-1.583175182,1.028765798,1
431,545,-0.7510726452,1.630080223,1
431,577,-0.8447490931,3.096632242,1
431,609,-1.772286415,3.833770037,1
431,641,-1.669618607,1.624432445,1
431,673,-2.349814177,0.5594128966,1
431,705,-0.03724848107,-0.5970237255,1
431,737,0.1594405323,0.3085800409,1
431,769,NaN,NaN,2
431,801,0.4058572352,-0.5514917374,1
431,833,0.6770920753,1.813471198,1
431,865,-0.8953939676,2.026845932,1
431,897,-1.324935079,1.967507839,1
431,929,-1.002486706,1.704969525,1
431,961,-0.04937893152,1.403174043,1
431,993,NaN,NaN,2
431,1025,-0.6631765366,0.8016306758,1
431,1057,-0.861017108,0.7048190832,1
431,1089,-1.302370548,1.135431528,1
431,1121,-1.518516779,2.130681038,1
431,1153,-0.201400727,2.12695241,1
431,1185,0.3640168309,2.552761078,1
431,1217,-1.140079856,0.9040566087,1
431,1249,-1.921844959,-0.9650086761,1
431,1281,-0.8760578632,0.13266626,1
431,1313,-1.059342265,1.265737534,1
431,1345,-1.312780023,2.101025581,1
431,1377,-1.406843305,1.925362706,1
431,1409,-3.038999557,2.426949501,1
431,1441,-1.308059096,1.492948055,1
431,1473,-0.772870183,0.967872262,1
431,1505,0.06578540802,0.8174438477,1
431,1537,-0.3448764086,0.8398625851,1
431,1569,-0.9218764901,3.807520866,1
431,1601,-1.137965679,3.815909386,1
431,1633,-1.591624856,2.40875721,1
431,1665,-2.446379423,3.843786478,1
431,1697,-3.046442509,3.915843248,1
431,1729,-1.857904673,4.960864544,1
431,1761,-1.818091631,7.419419289,1
431,1793,-0.3277295828,7.142269135,1
431,1825,0.03383028507,5.532050133,1
431,1857,0.2700827718,4.70374012,1
431,1889,0.601729691,2.78623724,1
431,1921,1.170915723,6.17906189,1
431,1953,0.2900076509,3.734500408,1
431,1985,0.007566854358,0.2676924467,1
431,2017,-0.2780487537,-3.757706881,1
463,33,-0.003116130829,-0.008556932211,1
463,65,0.3940045834,0.01436968148,1
463,97,0.4892577231,0.09235553443,1
463,129,0.2510197759,1.26032877,1
463,161,-0.01475116983,2.266508818,1
463,193,-0.1094884723,-0.4165234268,1
463,225,0.03503865004,0.0846850276,1
463,257,0.2854883075,0.5337366462,1
463,289,0.4772672653,0.6784129143,1
463,321,1.058141947,0.77393502,1
463,353,1.401812077,1.305119276,1
463,385,0.8350652456,1.495995522,1
463,417,0.2333058417,0.48936674,1
463,449,-0.2334317416,0.201598227,1
463,481,-1.01081872,0.01173967123,1
463,513,-1.133072138,0.5396348238,1
463,545,-0.7524353862,1.881923676,1
463,577,-0.4241246581,1.955382347,1
463,609,-0.06852585077,2.038979769,1
463,641,-0.05728894472,1.710629106,1
463,673,-1.175426483,-0.2892993689,1
463,705,-0.1076393202,0.488792479,1
463,737,0.1849494874,0.9019141793,1
463,769,-0.08799702674,1.349879503,1
463,801,0.03991654515,-0.6305142641,1
463,833,2.394933701,1.310077786,1
463,865,-0.2161439359,1.72761786,1
463,897,-0.5848221183,1.767783999,1
463,929,-0.2240163088,1.536953092,1
463,961,0.9131509066,1.370809197,1
463,993,-0.3296940923,0.8570772409,1
463,1025,-0.61388129,0.5971107483,1
463,1057,-1.002990484,0.2657513618,1
463,1089,-1.328560948,0.7491754889,1
463,1121,-1.937805772,1.84412694,1
463,1153,-0.8192497492,2.395860195,1
463,1185,1.512084007,2.163980007,1
463,1217,0.4202975035,0.3038719296,1
463,1249,-2.100465298,0.1322461963,1
463,1281,-2.274917603,-0.3080198169,1
463,1313,-1.335463643,0.5505657196,1
463,1345,-1.13290906,1.547225356,1
463,1377,-1.150159121,1.95721817,1
463,1409,-2.055088997,4.118718147,1
463,1441,-2.05654335,1.917770863,1
463,1473,-0.6956343055,1.792825103,1
463,1505,-0.7081589103,1.684375286,1
463,1537,-1.121208191,1.407779217,1
463,1569,-1.355229139,2.496626377,1
463,1601,-1.853952408,2.292300701,1
463,1633,-2.084226847,3.039167166,1
463,1665,-2.786547661,3.037678719,1
463,1697,-2.589667797,3.22972846,1
463,1729,-1.654233694,3.984017849,1
463,1761,-1.230785608,8.85943222,1
463,1793,-1.06822443,6.579841137,1
463,1825,-0.7530790567,7.307383537,1
463,1857,0.5725091696,0.2171404362,1
463,1889,0.5137181878,0.2538504601,1
463,1921,NaN,NaN,2
463,1953,0.5386460423,5.272301197,1
463,1985,0.138977915,0.01606309414,1
463,2017,-0.1647771895,-5.223032475,1
495,33,-0.1052457094,-0.01576411724,1
495,65,0.4747539759,0.02472743392,1
495,97,0.9198123217,-1.321962953,1
495,129,-0.00693321228,1.972991824,1
495,161,-0.3145393133,-1.219455838,1
495,193,-0.2887350023,-1.872443438,1
495,225,NaN,NaN,2
495,257,0.5036590099,0.353361398,1
495,289,-0.06978654861,0.1970307231,1
495,321,1.099749684,0.6374241114,1
495,353,1.438119173,0.4285556078,1
495,385,1.203796029,0.02334475517,1
495,417,0.8636075258,-0.8257560134,1
495,449,0.3933461905,0.2344872057,1
495,481,NaN,NaN,2
495,513,-2.745927095,3.880351305,1
495,545,-1.059355259,2.502993107,1
495,577,0.2868990898,1.730640411,1
495,609,0.110409379,1.89317441,1
495,641,-0.0270530805,1.610001326,1
495,673,0.4539400339,0.8758381605,1
495,705,0.4722659588,0.8576316237,1
495,737,0.1611877382,0.7634531856,1
495,769,-0.3042745888,1.16289258,1
495,801,-1.299948692,0.9828047752,1
495,833,-0.6745742559,0.008517026901,1
495,865,0.1292186677,1.61436522,1
495,897,0.3041903973,1.50411725,1
495,929,0.5462966561,1.284688711,1
495,961,0.742123425,0.7489281297,1
495,993,-0.2863032818,-1.150291681,1
495,1025,-1.045475125,0.2096981704,1
495,1057,-1.633558154,-0.1437560171,1
495,1089,-2.686761618,0.3462326527,1
495,1121,NaN,NaN,2
495,1153,NaN,NaN,2
495,1185,0.7242311835,0.7023308873,1
495,1217,0.08877915144,-1.345510721,1
495,1249,-1.358187199,0.154338032,1
495,1281,-1.304232001,0.2512212396,1
495,1313,-1.009034038,0.6493058801,1
495,1345,-0.7544828057,-0.1527218223,1
495,1377,0.03443354368,1.088918328,1
495,1409,0.03954958916,0.5390153527,1
495,1441,-0.5788763762,-0.1363010406,1
495,1473,-0.6350136995,1.921392441,1
495,1505,-1.254471064,2.624502182,1
495,1537,-2.649625063,2.870720387,1
495,1569,-1.891048312,2.870142937,1
495,1601,-2.008829117,3.511019707,1
495,1633,-2.754198074,4.199538231,1
495,1665,-2.519278526,2.729692459,1
495,1697,NaN,NaN,2
495,1729,-1.356244445,3.958366632,1
495,1761,NaN,NaN,2
495,1793,0.1934412718,5.464551449,1
495,1825,-0.189658761,8.547659874,1
495,1857,1.030154705,2.924031258,1
495,1889,-0.004876255989,2.467918634,1
495,1921,-0.2499790043,5.946461678,1
495,1953,-0.2136901319,2.925224066,1
495,1985,-1.097566247,0.01254816353,1
495,2017,-1.745061159,-5.267202377,1
527,33,0.1961703897,0.1137041152,1
527,65,0.5962181091,-0.2246821821,1
527,97,1.025631189,-1.724923968,1
527,129,0.3121945262,-0.00455263257,1
527,161,-0.8066887259,-1.005326033,1
527,193,-2.109368086,-2.446158886,1
527,225,-0.7158901691,-1.555412531,1
527,257,0.5697855949,0.08850176632,1
527,289,0.3736881614,0.2988868952,1
527,321,1.121197104,0.51569134,1
527,353,1.435283661,0.2923297584,1
527,385,1.073522806,0.2300876379,1
527,417,0.602627039,-0.2906233668,1
527,449,1.314973116,0.4208425879,1
527,481,1.469076633,2.637024403,1
527,513,0.7449263334,2.44306922,1
527,545,1.302712202,1.238668323,1
527,577,1.005895376,1.270452619,1
527,609,0.3334341347,1.047480702,1
527,641,-0.1885327548,0.6778503656,1
527,673,0.07356104255,0.8592848778,1
527,705,0.5765470266,0.7649597526,1
527,737,0.07395312935,0.8563399315,1
527,769,-0.2382201552,1.972639203,1
527,801,-0.695006907,0.9094061255,1
527,833,-0.8723350763,1.054280162,1
527,865,-1.502987981,1.584413171,1
527,897,-1.364063978,1.126046181,1
527,929,0.02912026644,0.594489336,1
527,961,-0.04156315327,0.1259914935,1
527,993,-0.2966767251,-0.4455143809,1
527,1025,-0.6327866316,-0.5291131139,1
527,1057,-1.028263807,-0.5493714213,1
527,1089,-1.133893967,-0.1477587521,1
527,1121,-1.233510971,0.5037002563,1
527,1153,-1.271009684,0.6310021877,1
527,1185,-1.057189465,0.9956884384,1
527,1217,-1.477080822,0.4419159293,1
527,1249,-0.9765684009,-0.2699705064,1
527,1281,-0.7770769596,0.1925784051,1
527,1313,-0.08202403784,1.147818685,1
527,1345,-0.4924535751,-1.424255013,1
527,1377,-0.6389729381,-0.1830666065,1
527,1409,-0.6840547323,0.4161883593,1
527,1441,-0.2305157185,0.3682931662,1
527,1473,-1.475387692,1.574795246,1
527,1505,-1.656057835,3.688499451,1
527,1537,-1.551877737,3.635654211,1
527,1569,-1.306361914,3.35998106,1
527,1601,-1.55552268,5.591838837,1
527,1633,-1.842350483,5.378335476,1
527,1665,-3.070174217,5.285510063,1
527,1697,-3.845551968,5.290814877,1
527,1729,-4.764966011,3.504862309,1
527,1761,-1.55466342,2.126732588,1
527,1793,-0.5605609417,3.366576672,1
527,1825,NaN,NaN,2
527,1857,NaN,NaN,2
527,1889,-1.111931682,2.993683577,1
527,1921,-0.570823729,5.583278179,1
527,1953,-0.2714164853,3.475878,1
527,1985,-1.496924043,0.2617073655,1
527,2017,-2.429966927,-4.166603088,1
559,33,0.2524980903,0.1133676767,1
559,65,0.4516129792,0.07806254923,1
559,97,0.3933314681,0.3272758424,1
559,129,NaN,NaN,2
559,161,NaN,NaN,2
559,193,-0.7689195275,-0.2530795932,1
559,225,-0.2422204316,-0.8588642478,1
559,257,2.348271847,-0.02344292402,1
559,289,1.315003395,0.5220372081,1
559,321,1.060595274,0.4721043706,1
559,353,1.166238785,0.1811584234,1
559,385,0.9807415605,0.6808651686,1
559,417,0.7620131969,3.053845406,1
559,449,1.056226254,0.689558506,1
559,481,1.629599094,1.316435337,1
559,513,1.082562685,1.525371671,1
559,545,0.5381766558,0.7361625433,1
559,577,0.5563871861,-0.358933866,1
559,609,2.248694658,-0.4435608387,1
559,641,0.7674926519,-0.5072228909,1
559,673,0.09662432969,0.2843919992,1
559,705,0.3118728399,0.3516064882,1
559,737,NaN,NaN,2
559,769,-0.8710885644,0.5692859888,1
559,801,-1.021739006,0.5889347196,1
559,833,-1.105018258,0.7592207789,1
559,865,-1.448856115,1.224922895,1
559,897,-0.8701499701,1.178132653,1
559,929,-0.3188422918,0.6369973421,1
559,961,-0.09741836786,0.02410894632,1
559,993,-0.4383815825,-1.042878151,1
559,1025,-0.8562778234,-0.6166632771,1
559,1057,-0.3598247766,-0.5237623453,1
559,1089,-0.06559306383,-1.127299309,1
559,1121,-1.260009766,0.687776804,1
559,1153,-2.133186579,1.24146843,1
559,1185,-1.569223523,1.243985176,1
559,1217,-1.212985516,0.7042604089,1
559,1249,-0.4976507425,-0.461078167,1
559,1281,-0.3312422037,0.0968483761,1
559,1313,-0.2636414468,-0.9635987282,1
559,1345,0.06667077541,-3.004462957,1
559,1377,-0.2909317017,-2.95783782,1
559,1409,-2.638532877,0.06878484786,1
559,1441,-1.801775217,1.083637953,1
559,1473,-1.628020525,1.792405367,1
559,1505,-1.856621504,3.426455259,1
559,1537,-1.488809824,3.93579483,1
559,1569,-1.384890795,3.14726305,1
559,1601,-2.874979496,2.942374706,1
559,1633,-2.363204479,3.979688883,1
559,1665,-2.6794312,6.088954926,1
559,1697,-3.537799835,3.949471474,1
559,1729,-6.366939545,1.812834263,1
559,1761,NaN,NaN,2
559,1793,-0.7864303589,3.008555174,1
559,1825,NaN,NaN,2
559,1857,-3.901166916,1.145622492,1
559,1889,-1.052914381,1.4623878,1
559,1921,-1.317415953,6.468073368,1
559,1953,-2.293823004,4.696798325,1
559,1985,NaN,NaN,2
559,2017,-0.05895733833,-4.11640358,1
591,33,0.4030098915,-0.09634590149,1
591,65,0.8937538862,0.2838129401,1
591,97,0.7673290968,0.4780395925,1
591,129,0.5141128898,-0.0301900506,1
591,161,-0.4888517261,-2.514869452,1
591,193,-1.062470436,-1.760936499,1
591,225,-0.1043607593,-0.0129095912,1
591,257,0.7117918134,-0.7651094198,1
591,289,0.9190981388,0.5574998856,1
591,321,1.241109848,0.5985308886,1
591,353,1.291808248,0.2985667586,1
591,385,0.6343458891,0.4144581556,1
591,417,1.956022263,1.492822766,1
591,449,3.071613312,1.751358032,1
591,481,2.119215488,1.016379833,1
591,513,0.6511366963,2.431935787,1
591,545,-0.2612393498,0.5192216039,1
591,577,0.100466907,-0.6976539493,1
591,609,0.5875448585,0.03119832277,1
591,641,0.3355626464,0.6169058681,1
591,673,-0.1297268271,0.9732316732,1
591,705,0.08712162077,1.292011142,1
591,737,1.748024702,2.970663548,1
591,769,-0.9772349596,0.5235439539,1
591,801,-1.089413047,0.6162031293,1
591,833,-0.906383872,0.8767476678,1
591,865,-0.4239658713,1.195735812,1
591,897,0.4729763865,1.089538813,1
591,929,0.07402163744,0.5767802,1
591,961,0.2334994972,0.5598392487,1
591,993,-0.06257176399,0.2330849171,1
591,1025,-0.4791851044,0.03046318889,1
591,1057,-0.3443915844,-0.05550304055,1
591,1089,-0.4011754394,0.8661890626,1
591,1121,-0.7305726409,0.8812849522,1
591,1153,-0.9892240167,1.059038639,1
591,1185,-0.9408167601,1.003992319,1
591,1217,-0.4885138273,-0.7049663663,1
591,1249,-0.407081306,-0.1818586588,1
591,1281,-0.6594420671,0.6642338634,1
591,1313,-1.270770431,-0.6475415826,1
591,1345,0.003793179989,-2.452029705,1
591,1377,-0.3440849185,-4.801801682,1
591,1409,-0.7567516565,-0.5209541321,1
591,1441,-0.5175373554,1.435458183,1
591,1473,-0.2862641811,2.096518755,1
591,1505,-1.26462698,2.954241037,1
591,1537,-1.420102239,3.487063885,1
591,1569,-1.622017264,2.81763649,1
591,1601,-4.90268898,2.347164631,1
591,1633,-2.799985886,0.1429347992,1
591,1665,-1.38301158,3.682516575,1
591,1697,NaN,NaN,2
591,1729,NaN,NaN,2
591,1761,-0.8658354282,-0.1451101303,1
591,1793,0.2366375923,2.315374136,1
591,1825,-0.3187923431,3.730772495,1
591,1857,-0.9106813669,2.877484798,1
591,1889,-1.417668104,3.701458216,1
591,1921,-2.005549431,8.528045654,1
591,1953,NaN,NaN,2
591,1985,-0.8982633352,-0.0202589184,1
591,2017,-1.275206208,-5.145752907,1
623,33,1.502294898,0.1036884785,1
623,65,1.631224871,0.4323547184,1
623,97,0.8294374943,0.5378442407,1
623,129,0.2927149534,0.004132539034,1
623,161,-1.10996747,-1.981226563,1
623,193,-0.5802329779,-1.499887943,1
623,225,-0.267603755,0.1665698886,1
623,257,NaN,NaN,2
623,289,1.010657072,1.044225454,1
623,321,1.019838572,0.9779456854,1
623,353,1.096422195,0.7812252641,1
623,385,1.339885831,0.8949743509,1
623,417,1.70721209,2.010920525,1
623,449,1.766481638,1.843463182,1
623,481,1.863977671,1.033216953,1
623,513,1.469333172,-0.007593050599,1
623,545,0.6269928217,-0.897646904,1
623,577,0.05602347851,-2.222957373,1
623,609,-1.603892684,2.431667328,1
623,641,-0.8627451062,2.147690773,1
623,673,-1.518921137,1.405339241,1
623,705,-0.1960710883,2.001209974,1
623,737,-0.2551302016,0.7186123133,1
623,769,-0.6342232227,0.6055719256,1
623,801,-0.4015935659,0.9317369461,1
623,833,-0.3493180871,1.524702787,1
623,865,-0.0007278174162,1.479176998,1
623,897,0.3294972181,0.9765176773,1
623,929,0.6323674917,0.9220056534,1
623,961,1.077222824,1.174605966,1
623,993,0.4551423788,0.9339421988,1
623,1025,-0.2369865924,1.010279655,1
623,1057,-1.064146996,3.151572704,1
623,1089,-0.3706507683,1.451930761,1
623,1121,-0.324142158,0.6343368292,1
623,1153,NaN,NaN,2
623,1185,-1.311726332,-0.108964622,1
623,1217,0.8366672397,-0.9853858948,1
623,1249,-0.2511687279,1.592777252,1
623,1281,-2.207572699,1.105157852,1
623,1313,-2.734965324,-0.1421854496,1
623,1345,NaN,NaN,2
623,1377,NaN,NaN,2
623,1409,-0.7086113691,1.319574118,1
623,1441,-0.6350430846,2.310595989,1
623,1473,-0.6283947229,3.6134727,1
623,1505,-0.5319181681,2.959213734,1
623,1537,-1.327123165,3.630208015,1
623,1569,-3.109812737,2.427344799,1
623,1601,-2.767757177,2.389336586,1
623,1633,-0.8802417517,1.507035494,1
623,1665,-1.070714712,3.688951731,1
623,1697,-0.5006074905,5.773071766,1
623,1729,0.5821168423,3.39939189,1
623,1761,0.5546066761,3.296955109,1
623,1793,NaN,NaN,2
623,1825,-0.0325666666,3.314676046,1
623,1857,-0.931322515,3.464119911,1
623,1889,-1.664441824,5.837282181,1
623,1921,NaN,NaN,2
623,1953,NaN,NaN,2
623,1985,-0.06988757849,-0.2921427786,1
623,2017,0.8317560554,-4.895461559,1
655,33,1.007868767,0.1227257252,1
655,65,0.9625223279,0.377030015,1
655,97,0.62820822,0.4819149971,1
655,129,0.2953654528,-0.02305743098,1
655,161,0.2710961998,0.0184006393,1
655,193,-0.374459058,0.006942987442,1
655,225,-1.174531698,-0.09921956062,1
655,257,0.1021564603,0.832433641,1
655,289,0.4175973535,1.272988319,1
655,321,0.5667687654,1.505968571,1
655,353,0.6264645457,0.3336451054,1
655,385,1.422244787,1.308636189,1
655,417,2.286831141,4.38868618,1
655,449,1.340914369,1.755346775,1
655,481,1.595727921,0.5459547043,1
655,513,1.929660559,-0.855024457,1
655,545,1.160660744,-3.396318197,1
655,577,-0.6421086788,-2.348762035,1
655,609,-0.7841476798,0.6989246607,1
655,641,1.760961413,1.105924249,1
655,673,-0.02315139771,1.219404936,1
655,705,-0.3288257718,1.191437006,1
655,737,-0.4894942045,0.5442559123,1
655,769,-0.5973265171,0.7047313452,1
655,801,-0.2546027303,1.29944098,1
655,833,0.07013562322,3.408543348,1
655,865,1.225638509,1.641977072,1
655,897,0.3206130862,1.241852403,1
655,929,0.3274679184,2.463738203,1
655,961,0.5414918661,1.920830011,1
655,993,0.2192254961,1.406971335,1
655,1025,-1.997457981,1.872108459,1
655,1057,-0.2019519359,1.880555868,1
655,1089,0.3744465709,0.4101620317,1
655,1121,0.3491095006,0.1035435796,1
655,1153,-1.115666628,0.3918018937,1
655,1185,NaN,NaN,2
655,1217,-0.7931206226,0.07384696603,1
655,1249,-1.342845917,0.8393473029,1
655,1281,-2.954811573,1.0506109,1
655,1313,-2.293165684,1.516758204,1
655,1345,-0.6529448032,1.309689283,1
655,1377,-0.4737172425,1.663073897,1
655,1409,-0.2168624401,3.949347496,1
655,1441,-0.554767251,2.953308821,1
655,1473,-0.8432384133,5.144864082,1
655,1505,-0.2312574387,3.285387039,1
655,1537,-1.470522404,3.130809784,1
655,1569,-1.457927108,3.276063681,1
655,1601,-2.212905407,4.005395889,1
655,1633,-2.021832228,4.357202053,1
655,1665,-0.6782454252,5.219877243,1
655,1697,-0.02662712336,6.556595325,1
655,1729,0.2445411682,4.083560467,1
655,1761,0.1343392134,4.979457378,1
655,1793,1.059563637,3.978353262,1
655,1825,-0.2023242414,0.6544349194,1
655,1857,-0.1878654361,3.464590073,1
655,1889,-0.3945086002,4.974638939,1
655,1921,-0.3871974349,3.327768326,1
655,1953,-1.006158829,5.369916916,1
655,1985,0.7244737744,-0.03756633401,1
655,2017,2.553153753,-3.393852234,1
687,33,0.8267096877,0.1834143698,1
687,65,0.4734133482,0.334571898,1
687,97,-0.1853437126,0.6697400212,1
687,129,0.4684815109,0.3373212814,1
687,161,0.1748727262,0.5984580517,1
687,193,-0.631747365,0.9431093931,1
687,225,-0.9729444981,1.770309329,1
687,257,0.1876018047,0.3116571903,1
687,289,0.6690920591,0.7236940861,1
687,321,0.9598925114,1.293262839,1
687,353,0.510727644,1.154983878,1
687,385,0.6622707844,1.750790834,1
687,417,1.350322008,2.846671343,1
687,449,1.459914207,1.21892035,1
687,481,0.681804657,-0.08022654057,1
687,513,1.290632606,-1.993736506,1
687,545,1.42351985,-3.676603794,1
687,577,-0.05106054246,-1.65091145,1
687,609,-0.7935580015,-0.6201340556,1
687,641,-1.504925966,0.3626343012,1
687,673,-1.052371264,0.4616323709,1
687,705,-0.3946358562,0.6843533516,1
687,737,-0.1230524927,0.5322495699,1
687,769,-0.07659991086,0.8588852286,1
687,801,0.04838988185,1.19777143,1
687,833,0.1516406834,2.431109905,1
687,865,0.1829470396,1.429268718,1
687,897,0.05272242427,1.025961399,1
687,929,0.1553521156,1.681158304,1
687,961,0.2957231402,2.219367981,1
687,993,0.4601517022,1.591323495,1
687,1025,0.5146179199,0.1724922657,1
687,1057,0.5071758032,0.5151440501,1
687,1089,0.7037664652,0.6464501619,1
687,1121,0.7187560797,-0.08593501896,1
687,1153,-0.4855027795,-0.2107788026,1
687,1185,-0.7603604794,-0.5649112463,1
687,1217,-0.8040795326,0.03337425739,1
687,1249,-2.185435534,0.2636921704,1
687,1281,-2.340881109,0.7782254815,1
687,1313,-1.285471678,1.274401665,1
687,1345,0.307019949,1.730877399,1
687,1377,0.02195686102,1.822033167,1
687,1409,0.2045365572,1.847365618,1
687,1441,0.08441725373,2.943693876,1
687,1473,-0.1255254894,4.607596397,1
687,1505,-0.42897138,3.250911474,1
687,1537,-1.586088419,4.858767986,1
687,1569,-1.097992659,5.584923267,1
687,1601,-0.6323446631,7.392543793,1
687,1633,-1.127598524,4.891217709,1
687,1665,-0.5648909807,6.325228214,1
687,1697,NaN,NaN,2
687,1729,NaN,NaN,2
687,1761,0.7831400633,6.307415962,1
687,1793,1.437781215,5.522102833,1
687,1825,-0.3454339206,0.5468916893,1
687,1857,1.171984792,4.516902924,1
687,1889,-0.1748124957,5.866687775,1
687,1921,-0.2069855928,3.870424271,1
687,1953,0.2404081523,3.434682608,1
687,1985,0.23972857,0.1155693978,1
687,2017,0.626912117,-2.664365053,1
719,33,1.327745914,-0.002709075809,1
719,65,0.1360911429,0.3419449627,1
719,97,-0.3395606875,0.4100343585,1
719,129,-0.1310299635,0.8425019979,1
719,161,-0.2998384833,0.9963550568,1
719,193,-0.8299092054,1.936162472,1
719,225,-0.08120436966,0.9034610391,1
719,257,0.8629653454,1.043347478,1
719,289,1.284349442,1.160051584,1
719,321,1.550100327,0.950106144,1
719,353,NaN,NaN,2
719,385,0.09258592129,1.38354826,1
719,417,0.2431719303,1.037232757,1
719,449,-0.177628994,0.4564896822,1
719,481,-0.508315444,-0.04285642505,1
719,513,-0.3201818466,0.06386494637,1
719,545,0.2883167267,-1.241596222,1
719,577,-0.2562343478,-1.755392075,1
719,609,NaN,NaN,2
719,641,-2.740676641,0.438183248,1
719,673,-2.358072758,0.3817347288,1
719,705,-0.8691176176,0.26219818,1
719,737,-0.2893635631,0.2309641838,1
719,769,0.1270536631,0.1218728423,1
719,801,0.1426507831,0.6321361065,1
719,833,0.2110170424,0.705158174,1
719,865,0.07917369902,0.3691263199,1
719,897,0.03371287882,0.709616065,1
719,929,0.4964773059,1.858040452,1
719,961,0.588078618,2.732549191,1
719,993,0.6742961407,1.541331172,1
719,1025,0.5811244845,0.343242228,1
719,1057,0.5492611527,-0.08204887807,1
719,1089,0.4799070954,0.4352227151,1
719,1121,0.1670409441,0.1294282079,1
719,1153,-1.026642561,0.004330068827,1
719,1185,-1.261618495,-0.4593933523,1
719,1217,-0.1781946421,-0.1399114877,1
719,1249,0.1294916272,-0.6170737743,1
719,1281,0.4751859903,0.581299305,1
719,1313,1.84298265,0.5420235991,1
719,1345,2.074464798,2.926229477,1
719,1377,0.4607281685,1.977324486,1
719,1409,0.3979466558,1.074368477,1
719,1441,-0.2354873419,-0.3566524982,1
719,1473,0.7619728446,2.68621254,1
719,1505,-0.1747373641,3.301381111,1
719,1537,-1.768538833,6.338632584,1
719,1569,-0.02806341648,6.422645092,1
719,1601,1.301627874,8.36356163,1
719,1633,0.4306846261,5.686337948,1
719,1665,-0.08331996202,5.72638464,1
719,1697,0.07603941858,7.750342369,1
719,1729,-0.5344954133,8.286233902,1
719,1761,-1.274836183,4.275820255,1
719,1793,-1.346865654,1.110241413,1
719,1825,-1.003613353,1.843810558,1
719,1857,-0.05003291368,5.539703846,1
719,1889,0.3524720371,6.518758774,1
719,1921,0.2501474917,5.036933422,1
719,1953,0.5930728912,3.0649786,1
719,1985,-0.3212870955,0.05208446085,1
719,2017,0.3991445303,-3.410808802,1
751,33,0.9937300682,0.1950809658,1
751,65,-0.2845926285,0.3109018207,1
751,97,-2.585502625,0.2061745822,1
751,129,NaN,NaN,2
751,161,-0.7632766962,0.8629485369,1
751,193,-0.1542048156,-0.004504680634,1
751,225,-0.6436104774,1.255914211,1
751,257,2.002398014,2.623432398,1
751,289,1.69131279,1.883482337,1
751,321,1.569090843,-0.3178999424,1
751,353,0.7591449022,-0.1835114956,1
751,385,-1.614934802,0.6345674992,1
751,417,-2.219370365,0.3348146975,1
751,449,-1.368475556,0.06106901169,1
751,481,-1.325104117,0.1392754018,1
751,513,-0.4960205555,0.2111486197,1
751,545,NaN,NaN,2
751,577,NaN,NaN,2
751,609,-1.145728111,1.039574504,1
751,641,-1.146598816,0.4231439531,1
751,673,-0.8903576732,0.8712124825,1
751,705,-0.3163063526,0.1988471448,1
751,737,0.09197144955,0.1066175103,1
751,769,-0.05336491764,-0.1556669474,1
751,801,0.03241014481,0.2583030462,1
751,833,-0.01159075648,0.07264168561,1
751,865,-0.01400639117,0.05883795023,1
751,897,0.2340484262,0.6119263172,1
751,929,0.7500436306,2.693087101,1
751,961,0.7897644043,2.688067913,1
751,993,0.5944203138,0.7429766655,1
751,1025,0.04872000217,2.172194481,1
751,1057,0.4705694914,-1.684497356,1
751,1089,1.097904921,-0.3685571551,1
751,1121,1.222762465,0.6183735132,1
751,1153,0.6746026874,0.527375102,1
751,1185,-0.006076455116,-0.6038218141,1
751,1217,0.229873538,-0.4346038103,1
751,1249,1.826817155,-0.8395840526,1
751,1281,1.460626483,-0.1336107254,1
751,1313,3.294744968,0.4334236383,1
751,1345,3.408930063,0.5405665636,1
751,1377,1.06026125,-1.034042239,1
751,1409,-0.497233808,-1.621554494,1
751,1441,0.2141462564,0.4185613394,1
751,1473,0.3698159456,1.174380541,1
751,1505,0.4403610528,3.061285973,1
751,1537,-0.7730168104,8.147348404,1
751,1569,0.4603606462,6.254022121,1
751,1601,1.907485723,7.171914101,1
751,1633,0.3997542262,9.984558105,1
751,1665,0.4586969614,5.583435059,1
751,1697,0.9319202304,5.909027576,1
751,1729,-0.8647260666,5.531261444,1
751,1761,-2.344943523,4.276930332,1
751,1793,-3.350464582,3.549661636,1
751,1825,-1.959372163,2.601296902,1
751,1857,-0.1876906753,5.372259617,1
751,1889,0.05753499269,6.457425117,1
751,1921,0.01166564226,5.570395947,1
751,1953,-0.5882273912,-0.8756361008,1
751,1985,NaN,NaN,2
751,2017,-0.5565055609,-5.163861275,1
783,33,0.6332808137,0.535343349,1
783,65,0.6898492575,0.3426677287,1
783,97,NaN,NaN,2
783,129,NaN,NaN,2
783,161,-1.769411922,0.9119594693,1
783,193,0.2329940051,0.9515898228,1
783,225,0.7934544086,3.344435215,1
783,257,3.075743675,3.702532291,1
783,289,4.735516548,2.19301796,1
783,321,1.518022656,1.976157665,1
783,353,1.483501911,2.645526171,1
783,385,0.3968393207,0.8713329434,1
783,417,-0.9547121525,0.2761263549,1
783,449,-1.433557391,0.08203700185,1
783,481,-1.202179193,0.1481132507,1
783,513,0.08195316792,0.2555666566,1
783,545,-0.1780450344,1.88797009,1
783,577,-0.1186057925,-0.4278809726,1
783,609,-1.815550327,0.4907944798,1
783,641,-0.03498780727,0.577616334,1
783,673,0.4409806132,-0.3527849913,1
783,705,2.155596972,0.476270318,1
783,737,0.2099109888,0.08758814633,1
783,769,-0.1626283079,0.150731042,1
783,801,-0.1453278959,0.08483400941,1
783,833,-0.177602306,-0.01016566157,1
783,865,-0.3222871423,0.3464417458,1
783,897,0.10306485,0.9045785666,1
783,929,0.5301122665,1.02860558,1
783,961,0.5870605707,0.8853371739,1
783,993,0.6134718657,0.4321721792,1
783,1025,0.5954003334,0.4920480251,1
783,1057,0.9700686932,0.4623577297,1
783,1089,1.83664012,0.6675664186,1
783,1121,2.987595081,0.7022118568,1
783,1153,2.755758286,0.624394536,1
783,1185,-0.9709181786,-0.3246725798,1
783,1217,1.307857394,-0.9704922438,1
783,1249,1.90743041,-0.7139811516,1
783,1281,2.185832977,-0.6652231216,1
783,1313,4.086915493,0.9426585436,1
783,1345,4.323153019,1.544806361,1
783,1377,1.401643634,0.5801355839,1
783,1409,-2.648688316,-2.337017536,1
783,1441,0.04975792766,0.4067571163,1
783,1473,-0.003389507532,1.685399771,1
783,1505,0.02241802216,3.379843473,1
783,1537,0.3142291605,6.942589283,1
783,1569,0.7488499284,4.429807186,1
783,1601,2.842486382,6.34484148,1
783,1633,1.154171824,8.808130264,1
783,1665,0.1399019361,7.097623825,1
783,1697,-0.1607373208,5.148091316,1
783,1729,-1.040115952,3.643029213,1
783,1761,-3.022361755,4.302095413,1
783,1793,-4.068175316,4.531641006,1
783,1825,-1.631926298,2.172460318,1
783,1857,-0.6568535566,4.137640953,1
783,1889,-0.3481259644,6.087963104,1
783,1921,-0.1166281402,5.412822247,1
783,1953,NaN,NaN,2
783,1985,0.2735670209,0.4298869371,1
783,2017,NaN,NaN,2
815,33,-0.2806000113,0.3393805027,1
815,65,1.247217059,0.2837717533,1
815,97,2.579295397,5.496599674,1
815,129,0.8376839161,5.061162949,1
815,161,-0.7209591866,0.6812587976,1
815,193,-0.007448732853,1.121395707,1
815,225,1.47074008,3.783777714,1
815,257,1.63422966,4.298407555,1
815,289,1.787060976,3.031162262,1
815,321,2.389469624,2.994529724,1
815,353,3.093873024,2.76607728,1
815,385,0.8105803728,1.267822027,1
815,417,0.4264358878,0.3310738802,1
815,449,-0.613427639,0.1973498762,1
815,481,-0.6227690578,-0.08927153051,1
815,513,0.5045301318,-0.0187882781,1
815,545,NaN,NaN,2
815,577,-0.1188747138,-2.436043978,1
815,609,-0.05915340781,-2.017281532,1
815,641,0.03292682767,0.1312021613,1
815,673,0.4862698913,-0.1565388292,1
815,705,1.210487247,-0.2536156774,1
815,737,0.3024641573,0.02968157828,1
815,769,-0.2430414408,0.01556879282,1
815,801,-0.2206064612,0.02727527916,1
815,833,-0.003651306033,0.007148332894,1
815,865,0.08385834098,0.4350743592,1
815,897,0.2717148066,0.6218783259,1
815,929,0.5930204988,0.4750708342,1
815,961,1.246898651,0.1732652485,1
815,993,2.26670742,0.3274601102,1
815,1025,1.173876047,0.0520080328,1
815,1057,0.3631657362,0.5511537194,1
815,1089,1.130971313,0.9035987854,1
815,1121,1.717591763,0.9613265991,1
815,1153,2.033644676,-0.1276085973,1
815,1185,-0.4474701881,-1.291519642,1
815,1217,-0.02051120996,-0.06127953529,1
815,1249,NaN,NaN,2
815,1281,1.374990225,-0.4303003848,1
815,1313,2.537704945,-0.3550979495,1
815,1345,2.960287094,1.61548543,1
815,1377,1.644891858,1.84378171,1
815,1409,-0.1204150915,0.6855883598,1
815,1441,0.07671195269,1.466375351,1
815,1473,0.1244103312,2.932322025,1
815,1505,0.2577364743,3.763205051,1
815,1537,0.7585380673,6.920189381,1
815,1569,1.316806316,4.432394028,1
815,1601,1.26736927,4.53369236,1
815,1633,0.9474745989,5.24173069,1
815,1665,0.2706312537,5.765253544,1
815,1697,-0.4037655592,5.891418934,1
815,1729,-1.46472609,4.386087418,1
815,1761,-1.953423023,3.708829641,1
815,1793,-2.023841619,4.336317062,1
815,1825,-1.656834006,2.52638793,1
815,1857,-2.444222927,3.66048336,1
815,1889,-2.46600461,6.254880428,1
815,1921,NaN,NaN,2
815,1953,-0.3563115299,7.168031693,1
815,1985,1.151360035,0.9825074077,1
815,2017,NaN,NaN,2
847,33,-1.559554219,-0.4068334103,1
847,65,0.4078594744,0.3472185731,1
847,97,1.518642902,1.757174492,1
847,129,NaN,NaN,2
847,161,-0.2337973714,2.031146049,1
847,193,0.7308778763,0.7247670889,1
847,225,1.857828975,0.9501564503,1
847,257,2.84738636,1.849814415,1
847,289,2.970713377,5.071889877,1
847,321,3.324485779,5.054519653,1
847,353,NaN,NaN,2
847,385,0.1142276525,1.190700054,1
847,417,0.06497633457,0.5646442175,1
847,449,NaN,NaN,2
847,481,-0.3411283493,0.06766186655,1
847,513,-0.2371041179,-0.101270467,1
847,545,-0.311205864,-0.7050411701,1
847,577,-1.107313275,-1.244209528,1
847,609,-0.5871543288,-0.7609677911,1
847,641,0.2186408639,0.5372785926,1
847,673,1.189750433,0.3021398783,1
847,705,1.648207784,-0.05304493755,1
847,737,0.2252816558,-0.09377554059,1
847,769,-0.3981562257,-0.3919423819,1
847,801,0.009136617184,-0.1439653933,1
847,833,0.4367356896,-0.3325813115,1
847,865,0.5572433472,0.2803499997,1
847,897,0.6567872167,0.6422787309,1
847,929,0.7963474393,0.3982146978,1
847,961,1.195162773,0.04770201445,1
847,993,1.532606602,0.214608565,1
847,1025,1.298455238,0.09569174051,1
847,1057,0.9160060883,0.2368013263,1
847,1089,0.470375061,0.6277695298,1
847,1121,0.06504869461,0.9187297225,1
847,1153,0.07266247272,0.453258276,1
847,1185,NaN,NaN,2
847,1217,1.098695517,1.842683434,1
847,1249,0.6208732128,1.20860672,1
847,1281,0.01079177856,-1.593542814,1
847,1313,0.4904301167,-0.8163994551,1
847,1345,2.807762861,2.261360407,1
847,1377,1.797040939,3.391564369,1
847,1409,1.266247153,3.635321617,1
847,1441,0.6345337033,3.231142044,1
847,1473,0.7862920761,3.386922121,1
847,1505,0.7345417738,4.13547039,1
847,1537,0.7007734776,7.236768723,1
847,1569,0.6476684809,4.30450201,1
847,1601,0.8760139942,4.190881252,1
847,1633,0.8108994961,4.356042862,1
847,1665,-0.2876445651,4.073186398,1
847,1697,-0.6770237684,2.926891088,1
847,1729,-1.449723601,1.992936611,1
847,1761,-2.919871092,3.044784069,1
847,1793,-2.654172182,3.130354881,1
847,1825,-1.723908663,3.5128479,1
847,1857,-1.052150965,4.958721161,1
847,1889,-0.6814266443,5.353503704,1
847,1921,-0.5705760717,6.078486443,1
847,1953,-0.1765825748,6.965064049,1
847,1985,2.665324688,2.956446171,1
847,2017,NaN,NaN,2
879,33,-2.566727161,-0.12083745,1
879,65,0.2563621998,0.3654408455,1
879,97,-0.5271954536,1.377267122,1
879,129,0.05144631863,2.277989388,1
879,161,NaN,NaN,2
879,193,1.201690197,2.931920528,1
879,225,2.201686859,1.594910622,1
879,257,NaN,NaN,2
879,289,NaN,NaN,2
879,321,1.687168956,4.250468254,1
879,353,-0.5124266148,1.753623009,1
879,385,NaN,NaN,2
879,417,-0.9049717784,0.2299314737,1
879,449,-0.2521389425,-1.023051977,1
879,481,-0.008107788861,-0.07711970806,1
879,513,NaN,NaN,2
879,545,-1.026082754,-0.4876191616,1
879,577,-0.5010332465,-1.436956644,1
879,609,-0.7615676522,-0.8604134321,1
879,641,0.4967983365,1.53273499,1
879,673,0.4267055392,1.940869331,1
879,705,0.2305145264,2.406112194,1
879,737,-0.1533825994,0.03486558795,1
879,769,0.06153273582,-0.4312942624,1
879,801,0.5015771389,-0.7949064374,1
879,833,1.171239376,-1.258609891,1
879,865,0.9200154543,0.4459320307,1
879,897,0.7195733786,1.835796833,1
879,929,0.7256862521,0.5585669279,1
879,961,0.8644192815,0.01976758242,1
879,993,1.007840037,0.00119356811,1
879,1025,1.00737524,-0.06904920936,1
879,1057,2.478392124,0.2782057226,1
879,1089,0.4244126081,0.742118299,1
879,1121,-0.6317374706,0.7265289426,1
879,1153,0.05430860817,0.3445925713,1
879,1185,0.6510956287,1.324304938,1
879,1217,0.7493256927,2.169574738,1
879,1249,0.5614786148,-0.9650121927,1
879,1281,0.8746601343,-1.366773129,1
879,1313,0.8295127153,1.759353876,1
879,1345,2.501994133,3.408602238,1
879,1377,1.748927355,5.568295479,1
879,1409,1.407202005,5.785116196,1
879,1441,2.534780502,4.669034958,1
879,1473,2.447476387,3.896308899,1
879,1505,2.239029408,6.221950531,1
879,1537,NaN,NaN,2
879,1569,-0.6747704148,4.269404888,1
879,1601,NaN,NaN,2
879,1633,NaN,NaN,2
879,1665,-0.2019521147,4.012032509,1
879,1697,-0.3932210505,2.419778824,1
879,1729,-0.4046231508,1.362748384,1
879,1761,-1.92907095,2.526469469,1
879,1793,-1.532159805,1.531704664,1
879,1825,-0.9690167904,4.1166749,1
879,1857,-0.9744980335,5.716403008,1
879,1889,-1.121474981,6.527676105,1
879,1921,-1.21205318,6.024958134,1
879,1953,-0.5429188013,4.011250019,1
879,1985,1.170029759,3.970483303,1
879,2017,2.41883707,-6.710713863,1
911,33,-1.481534243,0.7528431416,1
911,65,1.15495491,0.1165596545,1
911,97,1.859701872,0.9237701893,1
911,129,1.690058112,1.241302729,1
911,161,1.084501624,3.522589207,1
911,193,0.9656484127,3.591839552,1
911,225,1.260146856,1.554950714,1
911,257,1.973698139,2.278223515,1
911,289,1.159059525,2.087873459,1
911,321,0.5433266163,2.245711327,1
911,353,0.1966441274,1.384078503,1
911,385,-0.491307646,0.1950078011,1
911,417,-0.4151392281,-0.2509310842,1
911,449,0.191293776,-1.920527816,1
911,481,0.4543021619,-1.195804119,1
911,513,-0.02950665355,0.08241069317,1
911,545,0.5724258423,-1.331202984,1
911,577,0.1995583773,-2.879820824,1
911,609,-0.2547693551,-0.797773242,1
911,641,0.9046952128,1.380119205,1
911,673,0.8973698616,2.712033987,1
911,705,0.2525770664,1.683571935,1
911,737,-0.9274830222,1.039929032,1
911,769,-0.5831552744,0.3223066926,1
911,801,0.8519557714,-0.6227014065,1
911,833,0.8395507336,0.06258565187,1
911,865,0.5120835304,1.282528996,1
911,897,0.4854023755,1.678841114,1
911,929,0.3622466624,0.626611948,1
911,961,0.2368273735,-0.1894471347,1
911,993,0.1837413311,-1.116286993,1
911,1025,0.2139863372,-1.453789234,1
911,1057,1.335442662,0.05135223269,1
911,1089,0.780148983,1.356852531,1
911,1121,0.2172625065,1.150603771,1
911,1153,1.304743052,0.8172770739,1
911,1185,0.5389130712,0.9907846451,1
911,1217,0.802898407,0.8522975445,1
911,1249,0.8992598653,0.8480248451,1
911,1281,0.8294705749,0.1161906719,1
911,1313,1.465974212,2.989839077,1
911,1345,3.779528141,4.561573029,1
911,1377,1.552457333,4.946435928,1
911,1409,0.6057201624,6.654517174,1
911,1441,-1.170811653,7.936774731,1
911,1473,2.698686361,4.141675949,1
911,1505,NaN,NaN,2
911,1537,0.5872825384,3.868531227,1
911,1569,0.3873773217,7.231734753,1
911,1601,NaN,NaN,2
911,1633,-0.1008569598,6.77543354,1
911,1665,-0.01730400324,3.298643112,1
911,1697,-0.1902811527,2.16833353,1
911,1729,-0.3116580248,1.611559868,1
911,1761,-0.2828181982,2.142570257,1
911,1793,-0.4070926905,2.952385426,1
911,1825,0.1847113967,3.797649384,1
911,1857,-0.659793973,5.09403038,1
911,1889,-0.9857610464,6.485162735,1
911,1921,-1.224439025,5.960172176,1
911,1953,-0.8904836774,4.120262623,1
911,1985,-0.02435773611,0.602383256,1
911,2017,0.8572875261,-7.415444374,1
943,33,3.514533043,1.438196421,1
943,65,NaN,NaN,2
943,97,NaN,NaN,2
943,129,2.056031704,0.6152945757,1
943,161,1.316944838,2.338568687,1
943,193,1.336444378,1.298796892,1
943,225,1.610744238,1.519950747,1
943,257,1.56193161,2.604020596,1
943,289,0.9598100185,2.078915119,1
943,321,0.0279468298,1.932720542,1
943,353,-0.1802952737,1.062994242,1
943,385,0.318457365,0.1376044154,1
943,417,0.1983047724,-0.6528974175,1
943,449,0.207064271,-1.697227716,1
943,481,0.004991710186,-1.21509099,1
943,513,-0.1931116581,0.4863188863,1
943,545,0.8578083515,-1.122349977,1
943,577,0.4210127592,-3.189309597,1
943,609,0.8103269935,0.8188695312,1
943,641,1.332793832,2.076223612,1
943,673,1.344222784,1.864599943,1
943,705,0.7201424241,1.341396689,1
943,737,0.2183633745,1.751824379,1
943,769,-1.185486794,1.521356344,1
943,801,-2.420122147,0.4947308302,1
943,833,-1.084145546,0.2154732794,1
943,865,-0.6952489614,0.8534634113,1
943,897,-0.004123777151,0.5296289325,1
943,929,0.08854407072,0.4539730847,1
943,961,-1.306241751,-0.6892329454,1
943,993,-0.143775478,-1.107888222,1
943,1025,0.7991132736,-0.6798055768,1
943,1057,0.7076900005,0.1484311521,1
943,1089,1.800376654,2.010970831,1
943,1121,2.363844156,2.061431646,1
943,1153,0.9766005278,1.142203212,1
943,1185,0.5110286474,0.9315745234,1
943,1217,1.042992711,0.8674098253,1
943,1249,1.550255418,1.367494106,1
943,1281,1.120369673,1.714793205,1
943,1313,2.005396366,3.446243048,1
943,1345,3.253423214,5.219099522,1
943,1377,4.354041576,3.215435028,1
943,1409,0.08148133755,6.917480946,1
943,1441,-0.121083498,8.500814438,1
943,1473,3.065253735,4.47450304,1
943,1505,NaN,NaN,2
943,1537,0.1095227301,3.467010736,1
943,1569,-0.116947338,4.080108166,1
943,1601,-0.3066820204,3.893871784,1
943,1633,-0.2162853926,3.788231134,1
943,1665,-0.2925930023,3.286039829,1
943,1697,0.6352503896,2.653491735,1
943,1729,0.2407341599,2.08420372,1
943,1761,0.6225908995,3.0984447,1
943,1793,0.6551814079,3.462347031,1
943,1825,0.4056175351,3.412144661,1
943,1857,0.2887133956,6.301080704,1
943,1889,-0.4359461069,7.113703728,1
943,1921,-0.8009956479,8.545921326,1
943,1953,-1.745986819,3.471124649,1
943,1985,-1.079600453,-0.1941394657,1
943,2017,NaN,NaN,2
975,33,NaN,NaN,2
975,65,1.824156523,0.2663578987,1
975,97,4.016934872,0.2666015327,1
975,129,3.235563755,0.7102856636,1
975,161,1.107023001,1.835981607,1
975,193,2.524631023,3.050679684,1
975,225,2.103141069,1.896035671,1
975,257,1.709174633,4.44340992,1
975,289,0.7817823887,1.629818678,1
975,321,0.1686249673,3.064981699,1
975,353,-0.3475781083,1.293140411,1
975,385,1.04490006,-0.7761957645,1
975,417,0.8063145876,-1.016415715,1
975,449,0.4758604765,-3.166767836,1
975,481,1.067466378,-2.028727055,1
975,513,0.7932229042,0.56176579,1
975,545,NaN,NaN,2
975,577,0.4578444958,-0.05642453581,1
975,609,1.198658705,0.8424416184,1
975,641,2.128103018,1.596966028,1
975,673,1.718269587,1.051765442,1
975,705,0.9753136635,-0.143247366,1
975,737,-0.2978910208,1.518856764,1
975,769,-2.278143883,0.6995941401,1
975,801,-1.798514009,0.4746023715,1
975,833,-0.1869731545,0.1748354137,1
975,865,0.2599951923,-0.1499958336,1
975,897,0.2055969536,0.2382792234,1
975,929,0.1860712767,0.6650280952,1
975,961,-0.5222806931,-0.3377902508,1
975,993,-0.321133554,-0.982942462,1
975,1025,0.2825632989,-0.5935335159,1
975,1057,0.4072767496,1.113729715,1
975,1089,0.5508363843,1.25593853,1
975,1121,NaN,NaN,2
975,1153,NaN,NaN,2
975,1185,0.8154943585,1.040010333,1
975,1217,1.078957796,0.8477890491,1
975,1249,1.24515748,1.495338917,1
975,1281,0.704559207,2.309436321,1
975,1313,-0.05991971493,4.256970406,1
975,1345,1.827457905,4.64818716,1
975,1377,2.251260996,4.932884693,1
975,1409,3.117135525,5.456315041,1
975,1441,5.931049824,6.024312973,1
975,1473,NaN,NaN,2
975,1505,2.691572905,3.276316881,1
975,1537,NaN,NaN,2
975,1569,0.2492419332,3.737329006,1
975,1601,-0.3877910972,3.55094409,1
975,1633,-0.2596862912,3.403126955,1
975,1665,-0.01640249789,5.742689133,1
975,1697,0.2629066706,4.628229141,1
975,1729,0.2151396424,2.3478477,1
975,1761,0.7279413939,3.124322891,1
975,1793,1.728548527,3.454154253,1
975,1825,0.6473127604,3.192676783,1
975,1857,-0.1544598341,6.437353134,1
975,1889,-0.5038365126,8.118801117,1
975,1921,NaN,NaN,2
975,1953,-1.373338699,2.018770218,1
975,1985,-1.124655008,0.2615078688,1
975,2017,NaN,NaN,2
1007,33,0.3021662831,-0.01613864303,1
1007,65,1.395538092,0.2222900987,1
1007,97,1.79870677,0.5027114153,1
1007,129,1.802578568,0.9620649219,1
1007,161,1.334290147,0.8503885269,1
1007,193,1.246923685,0.003058671951,1
1007,225,0.8587837219,0.5871229172,1
1007,257,0.6511461735,3.608932495,1
1007,289,2.287966728,1.074711323,1
1007,321,0.2007922232,1.437072277,1
1007,353,-1.681646466,0.9889861345,1
1007,385,-0.7605063915,0.8619670272,1
1007,417,0.4292508364,0.5954405069,1
1007,449,1.889537096,-0.6795907617,1
1007,481,1.958102465,-0.6677154899,1
1007,513,1.663572431,-0.06618764997,1
1007,545,1.549801707,-0.5631843805,1
1007,577,2.024214268,-0.1121751964,1
1007,609,2.320801735,0.6220133901,1
1007,641,2.10787034,0.4587105513,1
1007,673,1.318683505,-0.003144800663,1
1007,705,0.5741145611,-1.899672985,1
1007,737,1.107092857,0.5076311827,1
1007,769,0.9401034713,0.08686551452,1
1007,801,0.52165097,0.06681646407,1
1007,833,0.3601315022,0.114370808,1
1007,865,0.4801816344,-0.4125573635,1
1007,897,0.2052423358,-0.1460523009,1
1007,929,-0.2867966294,0.8584597111,1
1007,961,-0.5330612659,-0.01930230856,1
1007,993,-0.6066547632,-0.7203841209,1
1007,1025,-0.898747623,-0.01914933324,1
1007,1057,-0.8167923689,1.366746902,1
1007,1089,-1.561207294,1.431868315,1
1007,1121,-2.439207077,1.174031258,1
1007,1153,NaN,NaN,2
1007,1185,NaN,NaN,2
1007,1217,1.053194523,0.5635173321,1
1007,1249,1.187392354,0.2458418608,1
1007,1281,0.4824640751,2.027397394,1
1007,1313,-0.7224020958,3.874944687,1
1007,1345,1.077776194,4.760236263,1
1007,1377,0.6901637316,6.380723476,1
1007,1409,1.505635977,5.340614319,1
1007,1441,NaN,NaN,2
1007,1473,2.600019217,1.117427826,1
1007,1505,2.036534786,1.665977955,1
1007,1537,1.500132918,2.660685539,1
1007,1569,0.5258411169,3.407548189,1
1007,1601,0.4123871922,3.606202126,1
1007,1633,0.2855387926,3.156561375,1
1007,1665,NaN,NaN,2
1007,1697,-0.2054156959,4.883374214,1
1007,1729,1.08365941,2.675531149,1
1007,1761,NaN,NaN,2
1007,1793,1.127313256,2.715277195,1
1007,1825,2.061279058,3.242375374,1
1007,1857,0.1393403411,5.831321716,1
1007,1889,-0.6100965142,4.029088974,1
1007,1921,-0.9477282763,2.158020973,1
1007,1953,-1.828976035,0.9044612646,1
1007,1985,-1.177217245,1.516082406,1
1007,2017,0.08273172379,-2.974397182,1
1039,33,-0.2984630764,0.1445274353,1
1039,65,1.158292532,0.5956698656,1
1039,97,1.137801528,1.110624313,1
1039,129,0.5404244661,0.8964643478,1
1039,161,0.3001559973,-0.6688667536,1
1039,193,0.5320211053,-1.073985696,1
1039,225,0.7504265904,-0.6583667994,1
1039,257,0.8914641738,0.0349136591,1
1039,289,1.452291489,0.7374703884,1
1039,321,0.0494813174,0.06940048933,1
1039,353,-0.9238598943,0.6368663311,1
1039,385,-1.522109747,1.142367125,1
1039,417,-0.4171658754,2.772332668,1
1039,449,1.761481285,2.550013304,1
1039,481,2.115745068,1.237099648,1
1039,513,2.541922092,-0.1802510023,1
1039,545,1.523481131,-0.3042139709,1
1039,577,1.650666595,-0.01339839026,1
1039,609,2.166606426,-0.2515325546,1
1039,641,1.360877514,0.02666217089,1
1039,673,1.469794512,0.3806445003,1
1039,705,NaN,NaN,2
1039,737,1.508764029,0.3331147134,1
1039,769,1.640045762,0.4028611183,1
1039,801,1.620639801,0.03080013394,1
1039,833,1.04184556,0.1951196045,1
1039,865,0.710718751,0.2618309855,1
1039,897,-0.1041465104,-0.08642905951,1
1039,929,-0.9015562534,0.7206332088,1
1039,961,-0.6546758413,0.4854612947,1
1039,993,-0.542470634,-1.002164245,1
1039,1025,-0.5205125809,-0.710878253,1
1039,1057,-0.5711252093,0.3661515713,1
1039,1089,-1.194127798,1.165124416,1
1039,1121,-1.790657043,1.302538872,1
1039,1153,-0.7744675875,2.283810377,1
1039,1185,-0.5385560989,1.110767365,1
1039,1217,NaN,NaN,2
1039,1249,2.579592228,0.06474685669,1
1039,1281,3.11864233,-1.257889032,1
1039,1313,0.7817747593,3.126147747,1
1039,1345,0.8357795477,4.428520679,1
1039,1377,0.6458983421,4.56634903,1
1039,1409,-0.799870491,6.639237881,1
1039,1441,NaN,NaN,2
1039,1473,NaN,NaN,2
1039,1505,2.078771353,3.350977898,1
1039,1537,1.535440922,2.854207993,1
1039,1569,1.283266187,2.79878211,1
1039,1601,1.289847255,3.175221443,1
1039,1633,NaN,NaN,2
1039,1665,-0.08561986685,2.950886011,1
1039,1697,-0.09930687398,3.873571873,1
1039,1729,0.5355958343,3.348184109,1
1039,1761,1.312932253,1.951888323,1
1039,1793,1.100766659,3.461447716,1
1039,1825,1.980357647,3.431358814,1
1039,1857,0.9971492887,6.958204269,1
1039,1889,-3.73833704,3.854345322,1
1039,1921,-3.363443851,4.670001507,1
1039,1953,-1.460198045,2.619469166,1
1039,1985,-0.5273772478,0.3562924862,1
1039,2017,1.437380195,-3.572976112,1
1071,33,0.8378810883,0.2178167105,1
1071,65,1.268442273,0.3819273412,1
1071,97,0.95832479,1.547493339,1
1071,129,0.6880517006,1.133006692,1
1071,161,0.3117928505,-0.1648844481,1
1071,193,0.2133772373,-0.1122851968,1
1071,225,0.8829500675,0.6001272202,1
1071,257,2.191433907,0.3391791582,1
1071,289,1.036372423,0.513730526,1
1071,321,-0.2944942415,0.5313917994,1
1071,353,-0.5765281916,0.1456539035,1
1071,385,-0.3909249902,0.5476290584,1
1071,417,0.6026445627,3.111786366,1
1071,449,1.934276223,4.155432224,1
1071,481,2.615605593,1.809231758,1
1071,513,NaN,NaN,2
1071,545,1.879478335,-0.8198613524,1
1071,577,-0.4280455112,0.2740209699,1
1071,609,1.134339333,0.01966707408,1
1071,641,1.504535437,-0.1412807703,1
1071,673,2.729432106,0.2804241776,1
1071,705,NaN,NaN,2
1071,737,1.713726759,0.2578043342,1
1071,769,1.693353295,0.9596880078,1
1071,801,2.318347692,-0.1150568202,1
1071,833,1.552607179,-1.519788265,1
1071,865,0.8934352994,-0.5992321968,1
1071,897,-0.6020209789,-0.2086409479,1
1071,929,-1.090762377,0.07165914029,1
1071,961,-0.1914544404,-0.8844664097,1
1071,993,-0.01804195344,-0.8009353876,1
1071,1025,-0.2128787488,-1.509686828,1
1071,1057,-0.4198555946,-0.1245168447,1
1071,1089,-0.7992137074,0.5673139691,1
1071,1121,-1.107530236,1.222779274,1
1071,1153,-0.1655109674,2.178710699,1
1071,1185,-1.088303566,2.74526906,1
1071,1217,0.5878732204,2.068294525,1
1071,1249,1.476324677,1.517381549,1
1071,1281,1.445652127,1.446585655,1
1071,1313,1.333126545,3.471901655,1
1071,1345,1.035366893,4.420095444,1
1071,1377,0.6661943793,4.276306629,1
1071,1409,0.1537958384,1.701417685,1
1071,1441,2.391139507,3.201106787,1
1071,1473,2.825339079,3.633666277,1
1071,1505,2.475425005,3.300740719,1
1071,1537,2.337950706,2.710332155,1
1071,1569,2.271196365,2.586669683,1
1071,1601,2.087965488,3.16021347,1
1071,1633,NaN,NaN,2
1071,1665,NaN,NaN,2
1071,1697,-0.2608608902,4.536188126,1
1071,1729,1.051805973,4.206319332,1
1071,1761,1.097213507,2.38056159,1
1071,1793,0.4423384666,4.212654591,1
1071,1825,1.063149452,4.222567081,1
1071,1857,0.3741031289,6.354876518,1
1071,1889,NaN,NaN,2
1071,1921,NaN,NaN,2
1071,1953,-0.9666522741,3.706207275,1
1071,1985,-0.03568199277,0.009054869413,1
1071,2017,1.43148005,-3.317350864,1
1103,33,1.790835023,0.2229197919,1
1103,65,0.5302045345,0.07697957754,1
1103,97,NaN,NaN,2
1103,129,NaN,NaN,2
1103,161,0.1761366725,3.012865782,1
1103,193,0.6137295365,0.516779542,1
1103,225,1.403809547,1.494131446,1
1103,257,1.38130939,2.42579937,1
1103,289,0.2868483663,2.283555508,1
1103,321,0.1132314503,0.8176915646,1
1103,353,-0.2483058572,0.435233891,1
1103,385,0.9557828307,0.1651716828,1
1103,417,1.28822279,0.8553230166,1
1103,449,2.145021439,2.101224899,1
1103,481,4.437330246,-1.064819932,1
1103,513,4.25675106,-2.306914091,1
1103,545,0.5284606218,-1.308450222,1
1103,577,0.1678071022,0.04399940744,1
1103,609,1.288919926,0.1187047362,1
1103,641,1.782043576,0.2583713531,1
1103,673,3.303844213,1.146733284,1
1103,705,4.705595016,0.4447048008,1
1103,737,2.877616882,0.4278109074,1
1103,769,1.949154615,0.2352810502,1
1103,801,1.876217365,-0.237182498,1
1103,833,1.288595319,-1.914787769,1
1103,865,0.5908728242,-0.7007468939,1
1103,897,-0.5285696983,-0.9109043479,1
1103,929,NaN,NaN,2
1103,961,0.6619309187,-0.4565484822,1
1103,993,0.447499156,-0.7098927498,1
1103,1025,-0.773933053,0.1390912533,1
1103,1057,-0.4919627309,0.1916552782,1
1103,1089,-0.5082420111,0.6743048429,1
1103,1121,-0.9996824265,1.405611515,1
1103,1153,1.807325602,2.537771225,1
1103,1185,1.589144707,2.432841539,1
1103,1217,0.9348816872,1.630194426,1
1103,1249,1.330280066,1.477574468,1
1103,1281,1.433894873,1.856148005,1
1103,1313,1.599598169,3.13530159,1
1103,1345,0.9214915037,3.957412481,1
1103,1377,0.4407132864,4.079640388,1
1103,1409,NaN,NaN,2
1103,1441,1.520149231,3.601833105,1
1103,1473,2.300438166,3.937725306,1
1103,1505,2.578627348,3.620894432,1
1103,1537,2.379358292,2.797032356,1
1103,1569,2.110130072,2.401303291,1
1103,1601,1.785413504,3.04365778,1
1103,1633,1.467543006,3.972887516,1
1103,1665,0.2962539792,4.033183098,1
1103,1697,NaN,NaN,2
1103,1729,0.6949680448,5.56414032,1
1103,1761,1.404200554,2.024418354,1
1103,1793,-0.4139493704,3.258941412,1
1103,1825,-1.388110995,5.289553642,1
1103,1857,-1.347642064,4.531621933,1
1103,1889,-0.5491359234,3.661861658,1
1103,1921,-0.1831379533,3.047376156,1
1103,1953,0.01254630089,2.553229332,1
1103,1985,-0.8607594371,-0.03753039241,1
1103,2017,-1.605771303,-1.611158371,1
1135,33,0.5335686803,0.2708546221,1
1135,65,-0.7871721983,2.626084566,1
1135,97,-1.279486418,4.863634109,1
1135,129,0.2133623958,3.827716827,1
1135,161,-0.8077520132,3.729742289,1
1135,193,1.277125597,1.693409443,1
1135,225,3.494620323,1.647221565,1
1135,257,0.6397806406,1.575350523,1
1135,289,0.8477839231,2.053154469,1
1135,321,NaN,NaN,2
1135,353,0.7157708406,0.9478163719,1
1135,385,NaN,NaN,2
1135,417,0.5759992599,0.2293393016,1
1135,449,1.335855722,0.4608673155,1
1135,481,2.028884649,-0.878154397,1
1135,513,2.158260822,-0.7984986305,1
1135,545,1.902956486,-0.6952723265,1
1135,577,1.479225278,-0.002622067928,1
1135,609,1.456302404,0.1598087251,1
1135,641,1.649054527,0.6303810477,1
1135,673,NaN,NaN,2
1135,705,3.034788132,0.05914731324,1
1135,737,5.274116039,0.6712411642,1
1135,769,4.796567917,-0.3109389544,1
1135,801,1.708687186,-0.3841090798,1
1135,833,0.9540065527,-0.3115102053,1
1135,865,0.4530546069,-0.1645470858,1
1135,897,0.4301351309,-0.8643864989,1
1135,929,1.251140356,0.1756814569,1
1135,961,2.25709939,0.2857302427,1
1135,993,1.622954845,0.09570854902,1
1135,1025,-0.1322299391,0.2145947516,1
1135,1057,-0.5579505563,0.2622694373,1
1135,1089,-0.4970434308,0.809987545,1
1135,1121,0.05401410908,1.627482295,1
1135,1153,1.668560028,3.401187897,1
1135,1185,2.672363281,1.474239826,1
1135,1217,1.067656517,1.036876798,1
1135,1249,0.9250708818,0.3343505859,1
1135,1281,1.589871645,1.824095249,1
1135,1313,1.616166234,1.230421543,1
1135,1345,1.041310549,3.137675762,1
1135,1377,0.5857661366,3.941878796,1
1135,1409,0.9743896127,4.244267941,1
1135,1441,NaN,NaN,2
1135,1473,1.904865742,6.612865925,1
1135,1505,3.948345423,4.789635658,1
1135,1537,0.4143052101,3.058909416,1
1135,1569,1.429101348,2.824177265,1
1135,1601,3.631239891,3.969388247,1
1135,1633,2.907321453,4.303853512,1
1135,1665,1.48647213,3.805723667,1
1135,1697,0.2842946053,5.133800507,1
1135,1729,0.5480819941,4.044338226,1
1135,1761,0.4815865457,2.000377178,1
1135,1793,-0.7434235811,2.983438253,1
1135,1825,-0.9293701053,4.320261955,1
1135,1857,-0.6478059292,4.179941654,1
1135,1889,0.3299595118,3.460827827,1
1135,1921,0.2029916346,3.951626778,1
1135,1953,-0.0639206171,4.631299973,1
1135,1985,-2.612834215,3.801620007,1
1135,2017,-0.2617512941,-0.3021531105,1
1167,33,1.04541254,0.3038662076,1
1167,65,1.334931612,2.567265272,1
1167,97,1.224101305,4.075885773,1
1167,129,0.7429690361,2.532988071,1
1167,161,0.07736289501,3.334474087,1
1167,193,0.7743360996,3.488726616,1
1167,225,1.326227784,2.247255802,1
1167,257,1.643597484,1.522290945,1
1167,289,1.875113726,1.647046089,1
1167,321,NaN,NaN,2
1167,353,1.682036161,2.384990215,1
1167,385,0.768221736,0.170646131,1
1167,417,0.6215001345,-0.7680807114,1
1167,449,0.8693699837,-0.2835452259,1
1167,481,1.103362799,0.7877801657,1
1167,513,0.6128879786,-0.2976329029,1
1167,545,1.337118983,-0.4915070832,1
1167,577,1.087028861,-0.4784696996,1
1167,609,1.626259685,0.1796398759,1
1167,641,5.647181034,0.6003609896,1
1167,673,5.835454941,1.597171068,1
1167,705,3.896515369,0.24219504,1
1167,737,4.149211884,-1.676699162,1
1167,769,2.663786411,-2.320682764,1
1167,801,1.776212215,-1.300591707,1
1167,833,1.314822078,0.3154867291,1
1167,865,1.075198174,1.790840745,1
1167,897,0.1004468799,1.813184977,1
1167,929,1.260292292,0.7937209606,1
1167,961,2.07279563,0.2292643785,1
1167,993,2.220001221,0.6248173714,1
1167,1025,0.4935503602,0.4274733663,1
1167,1057,-0.4212847054,0.4642913342,1
1167,1089,-0.662473619,0.7372250557,1
1167,1121,-0.4937651455,1.426663637,1
1167,1153,0.2186475396,1.984710455,1
1167,1185,NaN,NaN,2
1167,1217,0.7834318876,2.121704102,1
1167,1249,1.070764184,1.325608134,1
1167,1281,2.007055044,2.113737583,1
1167,1313,2.197918892,1.97215271,1
1167,1345,1.275661707,3.393888474,1
1167,1377,0.9628602266,4.43307972,1
1167,1409,1.9581635,5.055668831,1
1167,1441,0.03331947327,4.938083649,1
1167,1473,1.154782772,6.000010014,1
1167,1505,2.810192108,4.782264709,1
1167,1537,NaN,NaN,2
1167,1569,-2.383220196,1.653059959,1
1167,1601,NaN,NaN,2
1167,1633,0.8258610964,2.090936661,1
1167,1665,NaN,NaN,2
1167,1697,0.4242657423,2.929180622,1
1167,1729,0.8805260062,2.297998667,1
1167,1761,0.902364254,2.118775606,1
1167,1793,NaN,NaN,2
1167,1825,1.24704206,3.875026226,1
1167,1857,3.177858591,4.492598057,1
1167,1889,3.846310854,4.630680561,1
1167,1921,0.8639916182,4.034561157,1
1167,1953,-0.1197062135,5.419763088,1
1167,1985,-1.258032799,2.473063469,1
1167,2017,-1.536368489,0.4678194523,1
1199,33,1.014300466,0.1497124434,1
1199,65,1.624556899,2.739340782,1
1199,97,2.038508892,2.960684776,1
1199,129,1.148575306,2.95945859,1
1199,161,1.18055737,3.103048325,1
1199,193,0.8732219934,2.728260756,1
1199,225,1.419312119,4.006746292,1
1199,257,1.247541547,4.491912842,1
1199,289,0.8357291222,1.518664837,1
1199,321,1.150542021,2.868560076,1
1199,353,NaN,NaN,2
1199,385,NaN,NaN,2
1199,417,1.171362162,-0.1378558129,1
1199,449,NaN,NaN,2
1199,481,NaN,NaN,2
1199,513,1.217690945,0.09037298709,1
1199,545,1.065797925,0.1227028668,1
1199,577,1.092870355,-0.09040267766,1
1199,609,0.4841014147,-0.03864276409,1
1199,641,7.94358778,0.5190823078,1
1199,673,8.034397125,1.527257085,1
1199,705,5.117673874,2.209914923,1
1199,737,2.095304012,-0.4851040244,1
1199,769,1.958082199,-1.709397435,1
1199,801,1.439264655,-0.1703514755,1
1199,833,1.722220778,0.2143701911,1
1199,865,2.11970377,0.7262600064,1
1199,897,-0.6971998215,4.199037552,1
1199,929,-0.559738636,1.471134782,1
1199,961,0.2345645428,1.241325378,1
1199,993,0.5992926359,1.187518001,1
1199,1025,0.6701270342,1.160486221,1
1199,1057,1.104019642,1.267014742,1
1199,1089,0.9260262847,1.437338233,1
1199,1121,-0.4676143527,0.9846616983,1
1199,1153,NaN,NaN,2
1199,1185,NaN,NaN,2
1199,1217,0.6434022188,1.917511582,1
1199,1249,0.5297352672,2.023151636,1
1199,1281,0.6137180924,3.081088066,1
1199,1313,0.8262654543,4.564040661,1
1199,1345,0.2156601846,5.022643089,1
1199,1377,0.2198029757,5.009618759,1
1199,1409,1.073491335,2.955833435,1
1199,1441,1.463158965,3.314263344,1
1199,1473,1.479673147,4.789482117,1
1199,1505,1.440900683,5.060223579,1
1199,1537,-1.328657866,1.777173042,1
1199,1569,0.349780798,1.024737358,1
1199,1601,1.4967978,0.6745376587,1
1199,1633,1.66982913,-0.07906889915,1
1199,1665,0.4531798363,0.4002666473,1
1199,1697,0.73319906,2.500334501,1
1199,1729,0.9328685999,2.800645351,1
1199,1761,0.8431236744,2.055158854,1
1199,1793,1.216070175,6.372106075,1
1199,1825,1.915183187,3.881225824,1
1199,1857,3.245808601,5.751366615,1
1199,1889,3.651818275,5.19791317,1
1199,1921,2.33494091,3.375292778,1
1199,1953,NaN,NaN,2
1199,1985,-0.4634187818,0.2117082775,1
1199,2017,0.804736495,-0.2578024268,1
1231,33,3.658173084,0.09407758713,1
1231,65,3.413237572,1.567342758,1
1231,97,1.88805604,2.518613815,1
1231,129,NaN,NaN,2
1231,161,1.246717572,2.65373826,1
1231,193,1.004087567,0.9242434502,1
1231,225,1.054406524,0.4603126049,1
1231,257,0.007308959961,2.710129261,1
1231,289,NaN,NaN,2
1231,321,0.6089186668,7.445921898,1
1231,353,NaN,NaN,2
1231,385,0.04200857878,0.6379311085,1
1231,417,0.3081150055,0.1486071944,1
1231,449,1.454714537,0.2589990199,1
1231,481,0.8665095568,0.1548771858,1
1231,513,0.7863653898,-0.06376158446,1
1231,545,1.330475569,0.05607683957,1
1231,577,1.555285573,0.05005325377,1
1231,609,1.403461218,-0.07554519176,1
1231,641,2.027376652,1.144407034,1
1231,673,NaN,NaN,2
1231,705,5.365056992,-0.2326310873,1
1231,737,1.87649262,0.2457595468,1
1231,769,1.685670733,0.007237493992,1
1231,801,2.210592747,0.5116449594,1
1231,833,2.771459579,0.05103081465,1
1231,865,2.506183863,-0.7090693712,1
1231,897,0.3814869523,0.9161247015,1
1231,929,0.280164957,1.547420144,1
1231,961,0.2581380606,1.466085672,1
1231,993,0.6099664569,1.436454654,1
1231,1025,0.8656398058,1.177701831,1
1231,1057,0.9745280147,1.225494623,1
1231,1089,1.048259616,1.184856415,1
1231,1121,0.3574943542,0.696893692,1
1231,1153,0.5028262138,1.705817819,1
1231,1185,0.662103653,2.773154497,1
1231,1217,0.6539527774,1.827830672,1
1231,1249,0.8515558839,2.146737099,1
1231,1281,0.4349342585,3.499266624,1
1231,1313,-0.1877135038,5.291342735,1
1231,1345,-0.5544967055,5.984136105,1
1231,1377,-1.406665564,4.89978075,1
1231,1409,0.6803994179,3.709342718,1
1231,1441,1.833189249,4.059910774,1
1231,1473,0.8934636116,4.000255108,1
1231,1505,0.1355298758,4.003513336,1
1231,1537,-1.344168305,2.694547176,1
1231,1569,0.2149389386,2.252797604,1
1231,1601,1.77299118,1.334130764,1
1231,1633,2.633184195,-0.08340585232,1
1231,1665,1.653075099,0.01413345337,1
1231,1697,1.155879498,2.507354021,1
1231,1729,1.360915303,3.430900335,1
1231,1761,0.9864695072,2.060656786,1
1231,1793,0.5972944498,1.807994366,1
1231,1825,1.282304525,6.491251469,1
1231,1857,1.730758667,6.67512989,1
1231,1889,1.302476764,3.932235241,1
1231,1921,0.9645119309,1.827914953,1
1231,1953,0.2224940658,1.421359658,1
1231,1985,-0.4346328378,0.3817908168,1
1231,2017,-0.8506802917,-1.92740941,1
1263,33,2.046456814,0.2443290949,1
1263,65,1.453692555,1.368158102,1
1263,97,0.9596182108,2.279158592,1
1263,129,NaN,NaN,2
1263,161,0.660449028,2.277045012,1
1263,193,0.379348278,2.373345137,1
1263,225,2.112701416,2.229202509,1
1263,257,1.107358098,2.639827251,1
1263,289,NaN,NaN,2
1263,321,-4.103256226,7.021399498,1
1263,353,-4.938852787,8.126418114,1
1263,385,-2.198537111,0.9306660295,1
1263,417,0.1466501951,0.2281813323,1
1263,449,1.806867957,-0.06053483486,1
1263,481,0.3122096062,0.185287863,1
1263,513,0.8262073994,-0.2552923858,1
1263,545,1.186521888,-0.1127631143,1
1263,577,1.163136721,-0.04179741442,1
1263,609,0.5125832558,-0.6759514213,1
1263,641,1.073622108,0.4567884803,1
1263,673,1.689933658,-0.08324366808,1
1263,705,2.530221462,-1.197052717,1
1263,737,2.063467026,0.7003716826,1
1263,769,1.914167643,0.9227508903,1
1263,801,4.112273693,1.101855993,1
1263,833,5.731239319,0.7436859608,1
1263,865,4.917598248,-1.843148351,1
1263,897,0.3564862013,1.115579844,1
1263,929,0.04410463572,1.293480992,1
1263,961,0.5960739255,1.577603459,1
1263,993,0.666485548,1.766158581,1
1263,1025,0.7563689947,1.640449762,1
1263,1057,2.122154236,1.31696701,1
1263,1089,2.683624268,0.5725103021,1
1263,1121,0.7338615656,-0.0335829556,1
1263,1153,0.116063714,0.6002797484,1
1263,1185,0.1759616733,1.381640196,1
1263,1217,0.5207548141,1.177713275,1
1263,1249,1.160321355,2.051923275,1
1263,1281,0.9987835288,2.997786522,1
1263,1313,0.4160397053,3.751703739,1
1263,1345,-0.8830468059,3.867507696,1
1263,1377,-1.630193233,2.690075159,1
1263,1409,-0.2276251912,4.439184189,1
1263,1441,0.2795989811,5.061380386,1
1263,1473,-0.1117343903,2.577891827,1
1263,1505,-0.3492450416,2.404057503,1
1263,1537,-1.309647679,1.564614058,1
1263,1569,-1.971967459,1.084315181,1
1263,1601,-1.860192895,1.071969151,1
1263,1633,-0.892275095,1.94985795,1
1263,1665,1.366785169,1.735583067,1
1263,1697,1.985384464,2.766385555,1
1263,1729,1.151248455,3.829339266,1
1263,1761,0.4997876287,1.913815737,1
1263,1793,0.2086804509,-0.01569366455,1
1263,1825,0.4919672012,4.796733856,1
1263,1857,0.5758804083,4.817586899,1
1263,1889,1.025853038,3.057041168,1
1263,1921,1.109100819,0.6596593857,1
1263,1953,0.31074512,-0.4807020426,1
1263,1985,-0.3764408231,0.07576031983,1
1263,2017,-1.299244881,-2.898568869,1
1295,33,2.576858997,0.4214248657,1
1295,65,1.022507787,0.536654532,1
1295,97,1.312103033,2.910955429,1
1295,129,NaN,NaN,2
1295,161,-0.07949787378,1.676980257,1
1295,193,0.1180514097,2.440870762,1
1295,225,2.275546551,3.593708754,1
1295,257,3.628038645,2.601687908,1
1295,289,NaN,NaN,2
1295,321,-4.947880745,7.922399521,1
1295,353,NaN,NaN,2
1295,385,-1.491058588,0.85572505,1
1295,417,0.3073706329,0.865311861,1
1295,449,0.6649044752,-0.09916469455,1
1295,481,0.5472707152,-1.297857642,1
1295,513,0.8488943577,-1.461496115,1
1295,545,0.8701939583,-0.2082922459,1
1295,577,0.3783804774,-0.773401022,1
1295,609,0.5089284778,-0.4616318345,1
1295,641,1.107761264,0.1455629468,1
1295,673,1.311787128,0.10284096,1
1295,705,1.586572289,-1.889012694,1
1295,737,2.695778847,-1.858679295,1
1295,769,NaN,NaN,2
1295,801,6.282751083,1.641385555,1
1295,833,5.084554672,1.477795005,1
1295,865,1.870667696,1.503730297,1
1295,897,1.292494416,1.301015615,1
1295,929,0.6351863742,1.815045595,1
1295,961,0.337410748,1.645840168,1
1295,993,0.3470968008,2.41780901,1
1295,1025,0.4237658978,3.017105579,1
1295,1057,1.875364184,0.2623567581,1
1295,1089,1.287653923,-0.6313997507,1
1295,1121,0.6479776502,-2.00976181,1
1295,1153,0.7194264531,-0.8238053918,1
1295,1185,0.8071674109,-0.4190865755,1
1295,1217,0.9050873518,-1.31967926,1
1295,1249,1.482756376,1.487444878,1
1295,1281,1.641337752,2.236393213,1
1295,1313,0.99363029,2.321493626,1
1295,1345,-0.08078837395,2.501224995,1
1295,1377,-0.6107732058,2.730834723,1
1295,1409,0.2787639499,2.78874135,1
1295,1441,0.6309021115,3.09549284,1
1295,1473,-0.5820780993,2.293747902,1
1295,1505,-0.8448915482,1.620943546,1
1295,1537,-0.2412577868,0.5286710262,1
1295,1569,0.1907400936,-0.121917069,1
1295,1601,0.6713186502,-0.3741085529,1
1295,1633,-0.8249807358,3.304111719,1
1295,1665,1.245343208,1.549800277,1
1295,1697,1.667742729,2.279415846,1
1295,1729,1.095726728,3.482476473,1
1295,1761,0.2795637846,2.298482418,1
1295,1793,0.2001128793,-1.034103632,1
1295,1825,0.8634293675,-0.122215867,1
1295,1857,1.101899505,3.429619312,1
1295,1889,1.035412192,2.994200706,1
1295,1921,0.3113238215,1.809029102,1
1295,1953,-1.155231476,0.3240876198,1
1295,1985,-1.985470057,0.1295918226,1
1295,2017,-0.9880166054,-2.252406836,1
1327,33,2.297826767,0.4189565182,1
1327,65,1.122657299,0.6936164498,1
1327,97,0.4886318445,0.9668347836,1
1327,129,0.7200367451,1.078575373,1
1327,161,-0.4141222239,0.9095096588,1
1327,193,-0.1470673084,2.371050835,1
1327,225,0.9061162472,2.381135225,1
1327,257,0.787140131,-0.1339211464,1
1327,289,NaN,NaN,2
1327,321,0.1974182725,7.687980175,1
1327,353,-1.369268894,9.483401299,1
1327,385,0.8759253025,8.41407299,1
1327,417,1.498510122,3.45157671,1
1327,449,0.8316955566,0.8223203421,1
1327,481,0.4348849654,-0.2749561965,1
1327,513,-1.155372143,-1.067935348,1
1327,545,-0.7429080009,0.1928445995,1
1327,577,0.1954565048,0.2395397127,1
1327,609,0.5744128823,0.02521686256,1
1327,641,1.39202404,-0.492965579,1
1327,673,1.286596894,-0.7376873493,1
1327,705,1.916785717,-1.031685472,1
1327,737,2.863000631,-0.8419643044,1
1327,769,2.633465767,1.298303723,1
1327,801,2.728003263,2.472856522,1
1327,833,1.978177071,2.450407028,1
1327,865,NaN,NaN,2
1327,897,1.241408229,1.375506043,1
1327,929,0.963791132,1.436954021,1
1327,961,0.673145473,1.298143387,1
1327,993,0.6627149582,2.337580442,1
1327,1025,0.3444231153,4.195489883,1
1327,1057,0.6730933785,1.339503288,1
1327,1089,1.107209802,0.1217881441,1
1327,1121,0.3924272656,-1.999452353,1
1327,1153,0.4893903732,-1.055808306,1
1327,1185,0.8739446402,-0.6268355846,1
1327,1217,0.7459446192,-1.400380015,1
1327,1249,1.711311579,-0.6358721256,1
1327,1281,1.437026739,1.26855731,1
1327,1313,1.244445682,1.507503033,1
1327,1345,0.5666004419,1.729297638,1
1327,1377,0.1262559891,2.154990673,1
1327,1409,2.073617458,2.912315845,1
1327,1441,NaN,NaN,2
1327,1473,NaN,NaN,2
1327,1505,0.5896641016,1.436022997,1
1327,1537,1.236707568,2.128535509,1
1327,1569,2.253837585,1.158971548,1
1327,1601,3.056398392,0.7227454185,1
1327,1633,NaN,NaN,2
1327,1665,1.535114169,1.54203105,1
1327,1697,2.107865095,2.086229801,1
1327,1729,0.6634142399,2.11820364,1
1327,1761,0.3350971639,1.502467513,1
1327,1793,0.4005118012,0.9141263962,1
1327,1825,-0.9493196011,0.1003345251,1
1327,1857,-1.171025038,3.178184748,1
1327,1889,-0.5079185963,4.394018173,1
1327,1921,-0.3169381618,1.427573681,1
1327,1953,-0.6132975817,1.245439291,1
1327,1985,-1.128386021,0.870639801,1
1327,2017,-1.185759544,-2.348539114,1
1359,33,1.213277578,0.3000141382,1
1359,65,0.814928472,1.578163266,1
1359,97,0.6383321881,0.6631385088,1
1359,129,2.734692097,0.8669991493,1
1359,161,NaN,NaN,2
1359,193,3.436906815,3.778657436,1
1359,225,1.513596654,2.819404364,1
1359,257,1.277987242,0.5256420374,1
1359,289,0.3975473642,-0.5390889645,1
1359,321,0.1491001844,0.215998888,1
1359,353,1.404381156,10.24059868,1
1359,385,NaN,NaN,2
1359,417,4.534711838,2.614034414,1
1359,449,2.026831388,0.7928627133,1
1359,481,-0.2517291307,-0.230842948,1
1359,513,-2.304008722,-0.8950941563,1
1359,545,-0.8294302225,0.8354805708,1
1359,577,0.2515493035,0.5440346003,1
1359,609,0.4263697267,0.3443190455,1
1359,641,0.9346488714,-0.3386319876,1
1359,673,1.267969012,-0.2114821076,1
1359,705,1.547394156,0.5755445957,1
1359,737,2.266635418,2.32638669,1
1359,769,2.319576263,1.695217371,1
1359,801,1.728877425,2.14273262,1
1359,833,1.716864705,2.139649153,1
1359,865,NaN,NaN,2
1359,897,0.904761076,0.8550908566,1
1359,929,0.2703662515,1.173837423,1
1359,961,0.5768606663,0.8895305395,1
1359,993,1.010437846,0.8300596476,1
1359,1025,1.023192644,0.9367486238,1
1359,1057,1.054759502,0.6759619117,1
1359,1089,2.311095953,0.2467548847,1
1359,1121,-0.4182421863,-0.07822698355,1
1359,1153,1.499226809,-1.993294954,1
1359,1185,1.732771397,-0.9114209414,1
1359,1217,0.7250073552,0.2310711741,1
1359,1249,0.9062302113,0.1262809038,1
1359,1281,NaN,NaN,2
1359,1313,0.8350296021,1.249821186,1
1359,1345,1.408539176,0.9131530523,1
1359,1377,2.615818024,-0.2727034092,1
1359,1409,2.753124714,1.406808853,1
1359,1441,-0.1327676773,1.105203629,1
1359,1473,NaN,NaN,2
1359,1505,2.786919355,1.055752993,1
1359,1537,NaN,NaN,2
1359,1569,0.940784812,1.403277636,1
1359,1601,0.9858323336,0.7641228437,1
1359,1633,1.889489412,-0.005885124207,1
1359,1665,2.044942141,0.7939078808,1
1359,1697,0.8876391649,1.236671925,1
1359,1729,0.3775106668,1.404197812,1
1359,1761,0.3952403963,1.074748397,1
1359,1793,0.3328922391,0.8914699554,1
1359,1825,-1.424491763,0.6969754696,1
1359,1857,-3.923875332,4.301493645,1
1359,1889,-2.795051575,6.842542171,1
1359,1921,1.307467461,0.3935599327,1
1359,1953,0.5040047169,1.759387493,1
1359,1985,-0.8448046446,-0.02238336951,1
1359,2017,-1.192646742,-3.517448902,1
1391,33,0.58315593,0.1945180893,1
1391,65,0.303994894,0.5040320158,1
1391,97,0.3256542087,0.3928064108,1
1391,129,1.411593795,2.480873108,1
1391,161,NaN,NaN,2
1391,193,3.039768457,3.919286966,1
1391,225,1.762316227,2.035969019,1
1391,257,2.071798325,0.5100417137,1
1391,289,1.314626694,-0.2441386282,1
1391,321,1.12712431,-0.1548662633,1
1391,353,1.835151672,-0.9631849527,1
1391,385,1.013043404,-0.1668554544,1
1391,417,3.102547169,1.640005231,1
1391,449,2.121415615,0.5849667788,1
1391,481,-1.798334122,-1.23136735,1
1391,513,-2.657678604,-1.277921438,1
1391,545,-1.159899354,-1.180172563,1
1391,577,-0.1569495499,-1.548452973,1
1391,609,-1.07880044,-0.979681015,1
1391,641,0.07709980011,0.03985053301,1
1391,673,1.202095747,0.9387971163,1
1391,705,1.767096996,2.644105434,1
1391,737,NaN,NaN,2
1391,769,2.107346535,5.114002228,1
1391,801,1.627630711,2.36057353,1
1391,833,1.312734842,2.416501522,1
1391,865,1.300151825,1.213336229,1
1391,897,0.7009046078,0.7933436632,1
1391,929,-0.3189504147,0.3492892385,1
1391,961,-0.9219232202,0.3705444932,1
1391,993,1.345859051,-0.9443092346,1
1391,1025,1.227007985,-0.1599482,1
1391,1057,1.21048522,0.1985034049,1
1391,1089,0.8934876323,0.4551049471,1
1391,1121,0.278067112,0.3026144505,1
1391,1153,0.6381947994,-1.951098919,1
1391,1185,0.7452843189,-0.218295753,1
1391,1217,0.7172468901,0.5237743855,1
1391,1249,0.7296039462,1.0956707,1
1391,1281,-1.722893953,0.6913334131,1
1391,1313,NaN,NaN,2
1391,1345,2.264919519,1.027101398,1
1391,1377,3.256713867,1.366184354,1
1391,1409,3.824699879,1.368766785,1
1391,1441,2.322953463,1.015834928,1
1391,1473,1.86563921,1.376723766,1
1391,1505,2.404211283,0.945294857,1
1391,1537,0.9800781012,0.4786686301,1
1391,1569,0.4108687043,0.2949022055,1
1391,1601,0.8581039906,0.3550466299,1
1391,1633,0.7155460119,0.04793059826,1
1391,1665,0.6112031341,0.7534054518,1
1391,1697,0.4677505493,0.9651126862,1
1391,1729,0.159501344,-0.2307299376,1
1391,1761,0.5812565684,-0.05449664593,1
1391,1793,0.4910533428,0.587423861,1
1391,1825,-0.569788754,0.9301280975,1
1391,1857,NaN,NaN,2
1391,1889,NaN,NaN,2
1391,1921,1.132806659,3.08277297,1
1391,1953,0.4451529086,3.137853146,1
1391,1985,-0.5099569559,0.08455874771,1
1391,2017,-1.248570681,-3.722943783,1
1423,33,-0.1430879235,0.3626470566,1
1423,65,1.087574005,0.3117113113,1
1423,97,NaN,NaN,2
1423,129,NaN,NaN,2
1423,161,-0.6164373159,8.577898026,1
1423,193,-0.3809553385,6.268574715,1
1423,225,3.032533407,4.041734695,1
1423,257,3.628755331,1.741574883,1
1423,289,2.179192543,0.4507752061,1
1423,321,1.68314445,0.3211128116,1
1423,353,0.3340280056,0.05486446619,1
1423,385,0.03112697601,0.1751412153,1
1423,417,0.6196688414,2.323200703,1
1423,449,1.157979369,1.009493351,1
1423,481,-1.679216862,-0.21910128,1
1423,513,-2.059011221,-0.7887179255,1
1423,545,-0.6500482559,-0.5303473473,1
1423,577,-0.2393783331,-0.8568019271,1
1423,609,0.5524882078,-0.1792357564,1
1423,641,0.5900776386,0.6052396297,1
1423,673,1.944016218,1.389278412,1
1423,705,2.766537666,2.149932623,1
1423,737,1.360255003,6.383476257,1
1423,769,1.886603832,4.338454723,1
1423,801,2.043344021,2.582391739,1
1423,833,NaN,NaN,2
1423,865,NaN,NaN,2
1423,897,0.8794831038,1.660493016,1
1423,929,0.4770652652,0.1455448568,1
1423,961,0.6506124735,-0.2582101822,1
1423,993,1.141422272,-0.7845169902,1
1423,1025,1.284701586,-0.2363680601,1
1423,1057,1.187932014,0.5377457142,1
1423,1089,0.5894086361,1.151497364,1
1423,1121,0.4384541512,0.4216492772,1
1423,1153,1.10041225,-0.5472563505,1
1423,1185,1.271355867,-0.05931264162,1
1423,1217,0.9065726995,0.3608403206,1
1423,1249,0.5299055576,1.15132308,1
1423,1281,0.1327445507,1.449875116,1
1423,1313,1.298608303,-1.385524988,1
1423,1345,1.403032303,1.347514749,1
1423,1377,3.302037716,1.188898087,1
1423,1409,3.75839901,1.178252697,1
1423,1441,2.225078821,1.035891771,1
1423,1473,-0.01650989056,0.8669302464,1
1423,1505,0.3620767593,0.5805805326,1
1423,1537,1.62631309,0.7278208137,1
1423,1569,0.5391390324,0.6301530004,1
1423,1601,0.6169131994,0.2278882265,1
1423,1633,0.3101847768,1.13105154,1
1423,1665,0.6788619757,2.908780575,1
1423,1697,0.7593199015,1.507029533,1
1423,1729,0.9448991418,1.008607388,1
1423,1761,0.1499158442,0.7633908987,1
1423,1793,-0.2875118554,0.6144068241,1
1423,1825,0.6946831346,0.6676404476,1
1423,1857,0.7228477001,0.6687750816,1
1423,1889,0.1430835128,0.4919811487,1
1423,1921,0.2502722442,1.963700056,1
1423,1953,0.3994343877,1.827629328,1
1423,1985,-0.5236359835,0.2252247483,1
1423,2017,-1.416699171,-2.573204994,1
1455,33,0.1866470724,0.1110115051,1
1455,65,0.2874782085,0.1714865267,1
1455,97,1.009032249,2.143482685,1
1455,129,0.3441419601,4.315990448,1
1455,161,1.221794009,9.231757164,1
1455,193,NaN,NaN,2
1455,225,1.900510073,8.760147095,1
1455,257,2.168197393,2.836597443,1
1455,289,1.637615919,1.354846239,1
1455,321,0.9604022503,0.8229545355,1
1455,353,1.151683807,0.8827332258,1
1455,385,1.065259814,3.492031097,1
1455,417,0.3364171982,2.663252115,1
1455,449,2.746656656,1.129636168,1
1455,481,0.1352241039,0.6355792284,1
1455,513,-2.778588533,0.5389620066,1
1455,545,-1.233802438,-0.2100855112,1
1455,577,-0.1571084261,0.1544544697,1
1455,609,0.7490872145,1.172384381,1
1455,641,0.7936509848,1.839631081,1
1455,673,1.404585004,2.699926138,1
1455,705,3.65544939,2.388231516,1
1455,737,2.347109795,2.054867983,1
1455,769,NaN,NaN,2
1455,801,NaN,NaN,2
1455,833,0.4710040689,4.740509033,1
1455,865,0.4031652808,2.216690063,1
1455,897,1.057182074,0.05489587784,1
1455,929,1.121396184,0.1143720746,1
1455,961,1.097317934,-0.2596256137,1
1455,993,1.036764503,-0.4789795876,1
1455,1025,1.295236468,-0.1858456433,1
1455,1057,1.33784163,0.03711523116,1
1455,1089,1.342169404,-0.1905292273,1
1455,1121,1.345261335,0.3704106212,1
1455,1153,2.227067709,0.1592392027,1
1455,1185,2.386962891,-0.6931881309,1
1455,1217,1.519637227,0.9952857494,1
1455,1249,1.185366035,1.826949239,1
1455,1281,0.2018947601,1.917376757,1
1455,1313,-0.289791584,1.699906349,1
1455,1345,1.442366123,1.38785255,1
1455,1377,2.444100142,0.6888853312,1
1455,1409,2.806786776,0.7813662291,1
1455,1441,1.645312786,1.114846587,1
1455,1473,-0.302567482,0.7678518891,1
1455,1505,0.58291924,0.5167887807,1
1455,1537,1.617277622,0.7711656094,1
1455,1569,0.7009692192,-0.5622457266,1
1455,1601,0.5559432507,1.315465569,1
1455,1633,0.2363846898,1.821884513,1
1455,1665,0.5611976385,3.605744123,1
1455,1697,0.6549780965,1.691638231,1
1455,1729,0.9643703699,0.7004550695,1
1455,1761,0.3801695704,0.06096154451,1
1455,1793,-0.3583060205,-0.5116452575,1
1455,1825,-0.1387423277,-0.2240192592,1
1455,1857,2.378028393,1.132134199,1
1455,1889,0.4122293591,0.8597621322,1
1455,1921,0.2447782457,0.01328629255,1
1455,1953,0.106910184,0.6604600549,1
1455,1985,-0.7292346358,0.0559107922,1
1455,2017,-2.023162842,-1.296458483,1
1487,33,-0.5681271553,-0.3678693771,1
1487,65,-1.242974281,0.09991914779,1
1487,97,1.266317129,3.478963375,1
1487,129,1.999857426,5.367631912,1
1487,161,2.210845709,4.736962318,1
1487,193,0.3873524666,10.04735851,1
1487,225,NaN,NaN,2
1487,257,1.064642787,4.632139683,1
1487,289,1.002547264,3.637962818,1
1487,321,1.607677341,0.7947735786,1
1487,353,1.844609022,1.224087238,1
1487,385,1.497924089,2.383266926,1
1487,417,0.9705033302,0.5529749393,1
1487,449,-1.216308594,-0.7248283029,1
1487,481,-0.8822500706,0.04346823692,1
1487,513,-1.742326736,1.296180964,1
1487,545,-1.818655968,0.9948925972,1
1487,577,0.0590030551,1.424378395,1
1487,609,-0.471740067,1.107410908,1
1487,641,0.6112498045,1.554533482,1
1487,673,1.237824202,3.017999649,1
1487,705,NaN,NaN,2
1487,737,3.631296635,2.563611984,1
1487,769,1.615369081,5.407504559,1
1487,801,1.296831131,7.171364784,1
1487,833,0.8543176651,6.313828945,1
1487,865,-0.06561779976,1.926689863,1
1487,897,NaN,NaN,2
1487,929,3.017512798,0.3634578586,1
1487,961,1.705652952,0.2161485404,1
1487,993,0.8897498846,-0.4595181942,1
1487,1025,0.4207037687,0.2693300247,1
1487,1057,0.9962097406,0.1023572534,1
1487,1089,1.416836262,-0.7034745216,1
1487,1121,1.717551708,1.198199511,1
1487,1153,3.631146431,0.6145942211,1
1487,1185,3.954361439,0.3675361872,1
1487,1217,1.828328133,1.021347761,1
1487,1249,1.492857218,1.918089747,1
1487,1281,1.055471659,1.769298911,1
1487,1313,1.195509672,1.653537869,1
1487,1345,1.894622326,0.7028166056,1
1487,1377,2.939917564,0.4078427553,1
1487,1409,2.612241507,0.7375469208,1
1487,1441,1.228920698,0.5904024839,1
1487,1473,0.9428983927,0.3786488771,1
1487,1505,1.032779694,0.9311490059,1
1487,1537,1.00386095,2.334309101,1
1487,1569,0.9845265746,0.700573802,1
1487,1601,0.6405704021,3.486067772,1
1487,1633,0.1778665185,3.979953766,1
1487,1665,-0.4766822457,2.034580946,1
1487,1697,0.7635657787,1.036904335,1
1487,1729,0.6964105368,0.2603145838,1
1487,1761,0.2289544046,-1.285877466,1
1487,1793,-1.642480254,-2.053362608,1
1487,1825,-1.090199828,-0.3630009294,1
1487,1857,1.974421978,0.1425320208,1
1487,1889,0.2854949236,1.18796432,1
1487,1921,-0.1398541927,0.3968785405,1
1487,1953,-0.5441306829,0.3226767182,1
1487,1985,-2.466804028,-0.1932335198,1
1487,2017,-3.790602207,-0.4645956755,1
1519,33,-1.137044191,0.03247261047,1
1519,65,0.5184110403,0.05763224512,1
1519,97,1.874149799,2.971360922,1
1519,129,2.76712203,4.70915699,1
1519,161,3.124106169,3.903061867,1
1519,193,2.132680178,2.358131409,1
1519,225,1.228318214,-0.3537166119,1
1519,257,0.4921067357,2.964099646,1
1519,289,0.6880147457,3.414749861,1
1519,321,1.945057034,0.4836066961,1
1519,353,2.039631844,1.044635415,1
1519,385,1.679643989,1.421787977,1
1519,417,1.736493707,0.3113177419,1
1519,449,0.6966631413,-1.52613306,1
1519,481,1.233841658,0.2925776839,1
1519,513,1.01119256,0.7235389352,1
1519,545,0.8833606243,1.484614849,1
1519,577,0.8517555594,2.068566561,1
1519,609,0.6579293609,0.959836483,1
1519,641,1.57676959,2.117306709,1
1519,673,NaN,NaN,2
1519,705,-0.5335538983,0.2511765957,1
1519,737,0.5995392799,2.456294775,1
1519,769,1.270012736,3.172700644,1
1519,801,1.41912055,6.880237579,1
1519,833,1.514922142,5.183668137,1
1519,865,1.374182701,1.645312905,1
1519,897,1.378917217,0.3975846767,1
1519,929,2.202516079,0.4911813736,1
1519,961,2.61796093,-1.692430258,1
1519,993,NaN,NaN,2
1519,1025,0.8835994005,-0.5220810175,1
1519,1057,0.5697271228,0.3962724805,1
1519,1089,-0.519913435,1.424991965,1
1519,1121,0.8508375883,0.7607584596,1
1519,1153,2.073844671,1.228985667,1
1519,1185,1.454924941,0.2912206948,1
1519,1217,1.136886597,1.0579952,1
1519,1249,1.301359534,2.153326988,1
1519,1281,3.703475952,1.529692173,1
1519,1313,1.165918827,0.6446695328,1
1519,1345,1.123910666,-0.6602230668,1
1519,1377,2.5971241,0.3270323873,1
1519,1409,1.890105605,1.040044546,1
1519,1441,2.781689644,1.869471908,1
1519,1473,2.134518147,2.834327221,1
1519,1505,1.5740273,0.6517314911,1
1519,1537,0.8860898018,-0.1649932265,1
1519,1569,0.7747353315,0.5853956342,1
1519,1601,0.06582951546,1.728206158,1
1519,1633,-1.324647546,2.437367439,1
1519,1665,-1.208918333,2.53883028,1
1519,1697,NaN,NaN,2
1519,1729,0.5334024429,-0.2049635053,1
1519,1761,-0.1082000583,-1.381107688,1
1519,1793,-0.2873826921,-0.2282938808,1
1519,1825,-0.5771102309,-0.2656663656,1
1519,1857,-0.5447415709,-0.6460918188,1
1519,1889,-0.6155505776,-1.05232811,1
1519,1921,-0.7479096651,0.2069681138,1
1519,1953,-1.90120554,0.1119530052,1
1519,1985,-4.155357838,-0.0585225597,1
1519,2017,-2.85764122,-0.2368714511,1
1551,33,1.352745771,0.5310549736,1
1551,65,1.270932674,0.1151978821,1
1551,97,0.01998186111,1.926599026,1
1551,129,1.733308792,3.421013594,1
1551,161,2.393293142,2.380695105,1
1551,193,1.841454268,1.086585045,1
1551,225,0.1240786314,-0.42412889,1
1551,257,-1.7327739,1.091719866,1
1551,289,0.2958977222,1.579712391,1
1551,321,1.160734773,1.218457937,1
1551,353,1.351639152,0.306922555,1
1551,385,1.908213854,0.3549023867,1
1551,417,2.14354229,-0.6480883956,1
1551,449,2.911540508,0.4600124359,1
1551,481,2.536877632,0.7760256529,1
1551,513,2.56214571,0.6086173058,1
1551,545,2.452907562,1.301888227,1
1551,577,0.5282066464,2.483861923,1
1551,609,0.1605192423,4.399768353,1
1551,641,0.8049664497,2.356182098,1
1551,673,NaN,NaN,2
1551,705,-1.581429243,3.192991972,1
1551,737,0.5560932159,2.065867901,1
1551,769,2.335688591,2.569869995,1
1551,801,1.301750779,5.872760773,1
1551,833,1.673954368,2.945458889,1
1551,865,2.463739395,0.9841845036,1
1551,897,1.010300756,0.1898857355,1
1551,929,1.614833951,-0.6304838657,1
1551,961,3.949551582,-3.555375814,1
1551,993,1.48732686,-3.763516188,1
1551,1025,0.9658842087,-0.7073158026,1
1551,1057,0.8817321658,0.4045898914,1
1551,1089,0.07313919067,0.5106588006,1
1551,1121,-0.7399363518,-0.8500311971,1
1551,1153,-0.4554319382,-2.279983759,1
1551,1185,0.1056858301,-0.5263993144,1
1551,1217,0.008024215698,1.394781113,1
1551,1249,0.2132219672,2.080073833,1
1551,1281,0.4879768491,1.998514295,1
1551,1313,0.6501311064,-0.6911584139,1
1551,1345,0.9385444522,-0.5442021489,1
1551,1377,-0.5639773607,0.8234485388,1
1551,1409,1.101562381,3.992345095,1
1551,1441,4.112706661,5.366059303,1
1551,1473,2.373617649,3.40995121,1
1551,1505,1.398424745,0.8544328213,1
1551,1537,1.383297443,-0.3198789954,1
1551,1569,0.9270467758,0.5049381852,1
1551,1601,0.9207932353,1.526197195,1
1551,1633,0.2879158854,1.948599935,1
1551,1665,-0.8000421524,1.865021229,1
1551,1697,0.4999088943,2.412040472,1
1551,1729,-0.1458320171,-0.2118945122,1
1551,1761,-1.210262775,-1.139760017,1
1551,1793,-0.2842513323,0.1677239388,1
1551,1825,-0.3712417483,0.1377064586,1
1551,1857,-0.8092435598,-0.6900365949,1
1551,1889,-1.095794439,-2.012383223,1
1551,1921,-1.099858761,0.2350801677,1
1551,1953,-1.294832945,0.3188451529,1
1551,1985,-1.538155079,0.2210861146,1
1551,2017,-0.8426806927,-0.3727218807,1
1583,33,1.875390291,0.5445126295,1
1583,65,1.195104122,0.1072175652,1
1583,97,NaN,NaN,2
1583,129,NaN,NaN,2
1583,161,1.595143557,0.9440917969,1
1583,193,2.056707859,0.5038636327,1
1583,225,1.231364489,0.3380734921,1
1583,257,0.6245555282,0.1964808106,1
1583,289,0.5133810043,0.5615313053,1
1583,321,0.0983915925,0.7996423244,1
1583,353,0.7182344198,0.6889912486,1
1583,385,2.155128956,1.021148205,1
1583,417,2.673575878,0.8641796112,1
1583,449,2.841901779,1.00577116,1
1583,481,2.462494373,0.9697481394,1
1583,513,1.771733284,0.5424804091,1
1583,545,1.376206636,1.046485424,1
1583,577,-0.06747871637,2.043917656,1
1583,609,-0.5166769028,3.834999323,1
1583,641,0.4937722683,2.404530764,1
1583,673,-0.5815205574,5.121784687,1
1583,705,-2.172739744,5.941806793,1
1583,737,NaN,NaN,2
1583,769,4.543588161,2.617239237,1
1583,801,1.652081251,5.10141468,1
1583,833,1.565209746,2.886947632,1
1583,865,NaN,NaN,2
1583,897,1.891244769,1.190667033,1
1583,929,1.874400496,0.2948745489,1
1583,961,2.417281151,-2.301253796,1
1583,993,1.588226795,-2.588099003,1
1583,1025,0.203502059,0.5505766273,1
1583,1057,0.2199646235,0.8513064981,1
1583,1089,-0.1372371912,0.2660046816,1
1583,1121,0.0536878109,0.4471180439,1
1583,1153,0.3227526546,-0.2857038379,1
1583,1185,0.1184031963,-0.1804977059,1
1583,1217,-0.6629927158,1.45085597,1
1583,1249,-0.8041186333,3.552459478,1
1583,1281,-1.579919934,1.819642663,1
1583,1313,-0.1699646115,-0.1103144884,1
1583,1345,0.9626347423,0.9734424353,1
1583,1377,0.1316372156,1.331737876,1
1583,1409,0.9472694397,3.43448019,1
1583,1441,1.82615006,4.105285168,1
1583,1473,1.624997854,1.652947903,1
1583,1505,1.188308358,0.5204153061,1
1583,1537,NaN,NaN,2
1583,1569,0.9311267138,0.9975345135,1
1583,1601,2.134468794,2.624208689,1
1583,1633,1.977901101,2.957344532,1
1583,1665,0.5856072903,0.0913901329,1
1583,1697,0.7343173623,2.21055007,1
1583,1729,-0.05435624719,0.1893600225,1
1583,1761,-0.1687995493,-0.4595403969,1
1583,1793,0.1207365692,0.005081936717,1
1583,1825,0.7173078656,0.2195062041,1
1583,1857,0.3222319186,0.2008748651,1
1583,1889,-1.560617208,-0.1325322986,1
1583,1921,-0.5203652382,1.691637158,1
1583,1953,-1.299221277,0.8242957592,1
1583,1985,-0.9968091249,0.3239297271,1
1583,2017,NaN,NaN,2
1615,33,1.784338236,0.02069330215,1
1615,65,1.221175551,0.07579306513,1
1615,97,0.5533676744,1.869489193,1
1615,129,1.266587734,1.098739266,1
1615,161,2.066876411,0.2610723972,1
1615,193,2.590354919,-0.2906701565,1
1615,225,1.931184888,-0.2589615583,1
1615,257,1.210453749,-0.5616000891,1
1615,289,0.499782145,-1.111778021,1
1615,321,0.4977496862,-0.1115151644,1
1615,353,1.070901513,0.2525736094,1
1615,385,2.218690634,0.8749660254,1
1615,417,2.594570875,1.077939391,1
1615,449,NaN,NaN,2
1615,481,0.09753370285,0.2309621572,1
1615,513,0.9754972458,0.3571190834,1
1615,545,1.592314363,0.8956062794,1
1615,577,0.7780323029,1.915546894,1
1615,609,0.1509936452,3.020373583,1
1615,641,0.29114604,2.441457272,1
1615,673,-0.1768247485,3.774222612,1
1615,705,NaN,NaN,2
1615,737,-0.8481744528,1.936516762,1
1615,769,1.818196535,3.091617346,1
1615,801,2.327655077,4.569614887,1
1615,833,1.737039089,3.519523621,1
1615,865,2.625581741,2.854953766,1
1615,897,4.450875759,3.853531361,1
1615,929,3.462067127,0.9148176908,1
1615,961,1.799682379,-1.175359249,1
1615,993,1.4899019,-0.9714704752,1
1615,1025,1.105965018,0.4859675765,1
1615,1057,0.7781434059,0.4519002438,1
1615,1089,0.7487546206,-0.4984039068,1
1615,1121,1.014306903,1.023662329,1
1615,1153,0.472859621,0.5713093281,1
1615,1185,-0.390353024,-0.490090251,1
1615,1217,-1.804032683,0.537194252,1
1615,1249,-0.7869166136,3.873599052,1
1615,1281,0.4495514035,2.746564388,1
1615,1313,2.095835209,0.4105016589,1
1615,1345,1.761907578,0.536491394,1
1615,1377,0.4404140711,0.6331497431,1
1615,1409,0.7855229378,2.88294673,1
1615,1441,0.4543576241,3.104790926,1
1615,1473,1.442820549,3.367935896,1
1615,1505,NaN,NaN,2
1615,1537,3.171638489,0.3750555515,1
1615,1569,2.424901724,2.213439941,1
1615,1601,4.473464489,2.858482838,1
1615,1633,NaN,NaN,2
1615,1665,NaN,NaN,2
1615,1697,1.838194609,1.686065674,1
1615,1729,1.042202592,0.6735278964,1
1615,1761,0.6090883613,0.2001044005,1
1615,1793,0.8918220401,0.01967375726,1
1615,1825,0.9851653576,0.03493493795,1
1615,1857,0.8105022907,0.363745749,1
1615,1889,-0.2680902183,1.122118235,1
1615,1921,-0.6619489789,3.774897575,1
1615,1953,-1.654957771,0.9528993368,1
1615,1985,-1.44257617,0.3705891967,1
1615,2017,0.4857113957,-0.8557888865,1
1647,33,0.7012460232,-0.1090934277,1
1647,65,0.5169485211,0.3759213686,1
1647,97,1.130322456,2.302595854,1
1647,129,3.435250282,3.985327005,1
1647,161,3.666022301,-0.1793543994,1
1647,193,2.682371855,-1.40166378,1
1647,225,1.388461828,-0.8401867747,1
1647,257,0.9712477922,-1.06964159,1
1647,289,1.039041519,-1.069758296,1
1647,321,1.171380281,-0.6729315519,1
1647,353,1.564499736,-1.659172654,1
1647,385,2.022870302,-0.6521367431,1
1647,417,2.28068161,2.153193712,1
1647,449,1.106564522,2.575895071,1
1647,481,0.5393095016,0.798145175,1
1647,513,1.202577591,0.09506136179,1
1647,545,2.229360819,0.6661141515,1
1647,577,1.828320146,2.086647749,1
1647,609,-0.9554911852,3.468975067,1
1647,641,0.1631730199,2.332924843,1
1647,673,0.1174951792,2.348901272,1
1647,705,NaN,NaN,2
1647,737,0.09077370167,2.545569658,1
1647,769,2.112101555,4.178637505,1
1647,801,3.264767885,4.374451637,1
1647,833,3.355195761,3.712513685,1
1647,865,4.195326805,3.12212038,1
1647,897,5.35171175,3.183417797,1
1647,929,3.933977604,1.379245043,1
1647,961,1.923685074,0.1251938343,1
1647,993,1.540931106,-1.782395959,1
1647,1025,1.292199016,-2.029200792,1
1647,1057,1.405730724,0.7135177851,1
1647,1089,1.538131237,0.7590766549,1
1647,1121,1.708037019,0.8916752934,1
1647,1153,1.357851386,0.7121480703,1
1647,1185,0.1253847778,-1.349677563,1
1647,1217,NaN,NaN,2
1647,1249,-1.089671373,1.56845212,1
1647,1281,0.2338889241,2.637101889,1
1647,1313,1.164798975,1.430451989,1
1647,1345,0.6347537041,-0.6936073303,1
1647,1377,-2.175944328,-1.53519249,1
1647,1409,NaN,NaN,2
1647,1441,0.7128589153,3.367751598,1
1647,1473,2.019429207,3.205453157,1
1647,1505,3.119633436,1.926520348,1
1647,1537,3.261239052,2.033453941,1
1647,1569,2.682041645,1.508348942,1
1647,1601,1.602416873,1.022581697,1
1647,1633,2.137499332,0.8627343178,1
1647,1665,1.799718142,0.1245154142,1
1647,1697,2.253884792,1.760137796,1
1647,1729,NaN,NaN,2
1647,1761,3.217833519,0.676939249,1
1647,1793,1.848584175,0.004021316767,1
1647,1825,0.7068468928,-0.02678537369,1
1647,1857,0.4768754244,1.247723103,1
1647,1889,0.1553267241,2.355397463,1
1647,1921,-0.1701987237,1.513270497,1
1647,1953,-0.2910959125,1.052219987,1
1647,1985,0.1189080477,0.2381552607,1
1647,2017,1.252697468,-1.145931482,1
1679,33,0.8835530281,0.2683560848,1
1679,65,0.1768930554,1.786506295,1
1679,97,1.51656425,4.491979599,1
1679,129,2.935940266,0.5868407488,1
1679,161,1.861812353,-0.09166896343,1
1679,193,1.482034445,-0.7393198013,1
1679,225,1.205538869,-0.9160718322,1
1679,257,1.249466538,-1.204867363,1
1679,289,1.142312527,-1.232479095,1
1679,321,1.390579939,-0.9919354916,1
1679,353,2.230300426,-2.683541298,1
1679,385,2.528410196,-1.779042125,1
1679,417,5.111691475,0.7800523639,1
1679,449,NaN,NaN,2
1679,481,1.516695261,1.609831572,1
1679,513,2.442571163,0.6538674831,1
1679,545,6.188477039,0.7921881676,1
1679,577,5.520906448,-1.352783322,1
1679,609,4.702487469,-0.1837382317,1
1679,641,1.286491394,0.8685712814,1
1679,673,1.228914976,1.785028219,1
1679,705,1.618481398,2.37375927,1
1679,737,3.08287096,3.335880756,1
1679,769,2.500448227,3.591100931,1
1679,801,3.330071449,3.207607746,1
1679,833,5.880946636,3.316443443,1
1679,865,7.881391525,4.116135597,1
1679,897,3.776338577,2.001370192,1
1679,929,3.476117849,2.058794498,1
1679,961,3.015604734,2.309051514,1
1679,993,2.651674271,-0.313888073,1
1679,1025,2.521965742,-2.413809061,1
1679,1057,1.916933537,0.7125461102,1
1679,1089,2.066999435,0.8553622365,1
1679,1121,2.124920845,1.043912768,1
1679,1153,1.989343286,2.980905056,1
1679,1185,1.501790404,2.3297472,1
1679,1217,-0.9262957573,-0.4473532438,1
1679,1249,-0.9141149521,1.797192812,1
1679,1281,0.394906044,2.843307495,1
1679,1313,1.48117137,1.856529474,1
1679,1345,1.438199282,0.9246741533,1
1679,1377,0.2008535862,-0.6643603444,1
1679,1409,0.8717037439,1.215658665,1
1679,1441,1.646551371,2.089795113,1
1679,1473,2.491834402,2.684453011,1
1679,1505,2.815660477,3.211725235,1
1679,1537,1.978264809,1.925091624,1
1679,1569,1.404452562,0.6378419399,1
1679,1601,0.2310467958,0.5817508698,1
1679,1633,1.11312294,0.940190196,1
1679,1665,1.418992162,1.245093107,1
1679,1697,0.3460850716,1.565073252,1
1679,1729,0.1984065771,0.5679135919,1
1679,1761,1.657888055,0.4339632392,1
1679,1793,1.678607225,-0.3431495428,1
1679,1825,1.07950139,0.2811357975,1
1679,1857,0.969335556,1.506096005,1
1679,1889,0.5300081372,2.355443954,1
1679,1921,1.12113297,1.746393442,1
1679,1953,4.075344086,-1.285285234,1
1679,1985,1.060729027,0.3855219483,1
1679,2017,1.217687726,-1.369244337,1
1711,33,1.46533525,0.2627933025,1
1711,65,0.4206696153,2.066518068,1
1711,97,1.009222984,4.952626228,1
1711,129,1.502869606,1.256494522,1
1711,161,1.831442475,1.56210196,1
1711,193,1.26891017,0.08588972688,1
1711,225,1.584192872,-0.4243609607,1
1711,257,1.426509619,-0.9659467936,1
1711,289,0.9001319408,-1.428634524,1
1711,321,1.595388532,-1.955468535,1
1711,353,2.537651062,-3.270292044,1
1711,385,2.389122009,-1.875136614,1
1711,417,2.155327797,0.3142151833,1
1711,449,4.529982567,-2.035712481,1
1711,481,NaN,NaN,2
1711,513,NaN,NaN,2
1711,545,8.37569046,0.9314035177,1
1711,577,8.039424896,-0.7207840681,1
1711,609,NaN,NaN,2
1711,641,1.417118311,2.675361156,1
1711,673,1.738208532,3.110824585,1
1711,705,2.385340452,2.71112752,1
1711,737,3.332745314,3.56465888,1
1711,769,3.6362257,3.559592485,1
1711,801,5.077670097,2.750588894,1
1711,833,7.002576828,2.152000427,1
1711,865,6.059513569,2.100414276,1
1711,897,3.407030106,2.717450857,1
1711,929,NaN,NaN,2
1711,961,4.319569588,4.552290916,1
1711,993,5.504247665,3.973006248,1
1711,1025,NaN,NaN,2
1711,1057,2.585840702,-0.05958032608,1
1711,1089,2.005084515,0.7031002045,1
1711,1121,1.836334944,0.9468623996,1
1711,1153,1.924971938,1.318161964,1
1711,1185,1.962329745,1.383213758,1
1711,1217,-0.805776,2.729345798,1
1711,1249,-0.3990626931,2.053333521,1
1711,1281,0.6793488264,2.771821022,1
1711,1313,1.470937371,2.366776466,1
1711,1345,3.04006958,1.239401102,1
1711,1377,2.286609173,1.515773654,1
1711,1409,1.944000125,0.8789787292,1
1711,1441,2.373297215,1.333161354,1
1711,1473,3.582925081,4.384953976,1
1711,1505,3.887947321,4.565376282,1
1711,1537,3.321808577,1.501123428,1
1711,1569,2.411506653,0.4915513992,1
1711,1601,-0.1949987411,0.8313980103,1
1711,1633,1.604019403,3.260623455,1
1711,1665,1.644301176,3.334902287,1
1711,1697,0.903236866,1.637687445,1
1711,1729,-0.0336587429,-0.2135488987,1
1711,1761,0.6342266798,0.3480220437,1
1711,1793,0.3937587738,1.331743836,1
1711,1825,0.6008197665,1.155844688,1
1711,1857,1.230515003,1.177428246,1
1711,1889,1.160149336,1.629688621,1
1711,1921,1.65784955,1.714455962,1
1711,1953,4.341607094,1.161957264,1
1711,1985,1.354934335,0.2926104367,1
1711,2017,0.7106013298,-1.544666529,1
1743,33,0.9002642632,0.9215757251,1
1743,65,0.1604471207,1.116898656,1
1743,97,0.1140789688,3.466674805,1
1743,129,1.092265844,3.639624119,1
1743,161,1.438912153,3.193370581,1
1743,193,2.028981209,1.202086926,1
1743,225,2.668139935,0.04207789898,1
1743,257,1.001671791,0.07637387514,1
1743,289,1.300511718,-0.9433627129,1
1743,321,2.488373041,-2.303025723,1
1743,353,2.490911722,-3.323884964,1
1743,385,2.455686808,-1.429631472,1
1743,417,3.025509596,-0.914308548,1
1743,449,2.461915731,-1.688156128,1
1743,481,2.017642021,-0.8887799978,1
1743,513,1.933346391,0.1082935333,1
1743,545,2.240522861,1.86842823,1
1743,577,2.479177952,1.87292707,1
1743,609,1.091728687,1.208056211,1
1743,641,1.019406319,3.91055727,1
1743,673,0.7135262489,5.017140865,1
1743,705,1.231395245,3.096822739,1
1743,737,2.811697006,3.696833372,1
1743,769,2.927133083,3.870736837,1
1743,801,2.807687998,2.390341759,1
1743,833,1.436784267,2.084534168,1
1743,865,2.731284618,2.438298464,1
1743,897,NaN,NaN,2
1743,929,NaN,NaN,2
1743,961,5.077525139,4.988553047,1
1743,993,6.585725307,5.479111671,1
1743,1025,NaN,NaN,2
1743,1057,1.942710876,-1.647506237,1
1743,1089,2.99145174,0.5224360824,1
1743,1121,2.25668335,0.04875183105,1
1743,1153,1.911880612,0.3828142881,1
1743,1185,1.281036615,0.2279768586,1
1743,1217,NaN,NaN,2
1743,1249,0.2495462894,1.757021308,1
1743,1281,0.7114629745,1.747386932,1
1743,1313,1.026712656,1.008759856,1
1743,1345,1.624444246,1.715796351,1
1743,1377,1.639056563,2.022981644,1
1743,1409,1.753890514,1.020673275,1
1743,1441,1.945628047,1.543389082,1
1743,1473,1.815246582,4.977828503,1
1743,1505,1.649404168,1.717733622,1
1743,1537,2.759602785,0.6602560282,1
1743,1569,2.699556112,0.845125556,1
1743,1601,1.888246775,1.591715932,1
1743,1633,2.381746769,3.356143475,1
1743,1665,NaN,NaN,2
1743,1697,1.222340345,1.889756322,1
1743,1729,0.2864707112,-2.354875565,1
1743,1761,0.9046878815,-0.7533527613,1
1743,1793,2.858713865,-0.1141711473,1
1743,1825,1.639826298,1.121785164,1
1743,1857,2.443290234,1.434884787,1
1743,1889,2.808929682,1.84147501,1
1743,1921,1.860696912,1.528686523,1
1743,1953,4.015453339,2.057881832,1
1743,1985,1.295123577,0.1088395417,1
1743,2017,0.5015224218,-1.701604128,1
1775,33,-1.022448421,1.131868243,1
1775,65,-1.364507198,0.4475872815,1
1775,97,-0.2747800052,1.950656176,1
1775,129,1.825252056,3.806754351,1
1775,161,2.4091084,3.000687838,1
1775,193,2.71898365,2.187698841,1
1775,225,NaN,NaN,2
1775,257,1.866629839,0.03026196361,1
1775,289,2.517359495,-0.8378863335,1
1775,321,4.261165619,-1.428760052,1
1775,353,3.362809181,-1.566625834,1
1775,385,4.735583305,-2.158119917,1
1775,417,5.16994524,-2.583673239,1
1775,449,2.105531931,-1.313159108,1
1775,481,-0.4175277948,0.1014363915,1
1775,513,0.5573499203,1.160256147,1
1775,545,1.778180361,1.319192529,1
1775,577,2.39362359,1.641367912,1
1775,609,2.846669197,1.806272507,1
1775,641,2.735375404,2.023953676,1
1775,673,0.2745800018,2.7488451,1
1775,705,2.909224987,2.849470377,1
1775,737,2.902781725,3.404193401,1
1775,769,2.683522701,3.005275249,1
1775,801,0.3118927479,1.862900972,1
1775,833,0.0696721077,2.353094816,1
1775,865,1.920961142,3.145905733,1
1775,897,NaN,NaN,2
1775,929,7.557501793,6.469979286,1
1775,961,6.201478004,4.506753922,1
1775,993,NaN,NaN,2
1775,1025,NaN,NaN,2
1775,1057,4.067110062,2.033067465,1
1775,1089,1.985993743,0.06399209797,1
1775,1121,1.561879516,-0.4451083541,1
1775,1153,1.219306111,0.2978930473,1
1775,1185,1.160821199,0.01739037037,1
1775,1217,0.9919890165,0.2161715031,1
1775,1249,0.8911709189,1.409144282,1
1775,1281,0.9470535517,2.021057129,1
1775,1313,0.2520911694,1.44883287,1
1775,1345,1.817328215,1.432825208,1
1775,1377,2.187633514,1.736891031,1
1775,1409,2.662490368,2.107748032,1
1775,1441,1.04374063,2.420277119,1
1775,1473,0.878923893,3.233187199,1
1775,1505,1.152123451,1.286188722,1
1775,1537,1.694019198,1.451673865,1
1775,1569,2.021857738,1.878290415,1
1775,1601,2.05174017,0.9007146358,1
1775,1633,1.875229836,2.037415266,1
1775,1665,1.118983269,3.29253912,1
1775,1697,0.8727064133,2.288097858,1
1775,1729,1.865287304,-0.7261601686,1
1775,1761,4.416265488,-1.159170628,1
1775,1793,NaN,NaN,2
1775,1825,3.652905941,-0.3488509059,1
1775,1857,3.170529842,1.256794333,1
1775,1889,3.286151648,2.584412575,1
1775,1921,2.248635292,1.42845583,1
1775,1953,2.137340307,0.2480493784,1
1775,1985,1.0693717,0.1962511241,1
1775,2017,0.07788169384,-1.816976666,1
1807,33,-0.706392467,0.5318378806,1
1807,65,-1.578200459,-0.3760710955,1
1807,97,-0.8871545792,0.2475405782,1
1807,129,0.3314754963,0.5677115917,1
1807,161,1.126850843,0.5236962438,1
1807,193,NaN,NaN,2
1807,225,NaN,NaN,2
1807,257,3.534266949,-0.8328078389,1
1807,289,2.556681633,-0.7355808616,1
1807,321,2.630674839,-1.721794367,1
1807,353,2.571573257,-0.8186417818,1
1807,385,3.869405508,-4.305954456,1
1807,417,4.763332367,-2.863926411,1
1807,449,2.006905317,-1.777962804,1
1807,481,1.451784849,0.1156958491,1
1807,513,1.237457275,1.052167177,1
1807,545,1.912882328,0.7978923321,1
1807,577,2.188459873,1.684934497,1
1807,609,3.432877541,2.120824337,1
1807,641,3.33678031,2.154751301,1
1807,673,2.519862175,2.040583134,1
1807,705,4.228703022,2.363575935,1
1807,737,2.690089226,1.368788719,1
1807,769,2.599261522,0.7893669605,1
1807,801,1.841001511,-0.7292147875,1
1807,833,0.7006025314,3.119137287,1
1807,865,1.981538057,5.37482214,1
1807,897,2.443109035,6.664027691,1
1807,929,5.816392899,4.898395538,1
1807,961,7.105248928,3.480222702,1
1807,993,5.40517664,3.412839174,1
1807,1025,NaN,NaN,2
1807,1057,NaN,NaN,2
1807,1089,2.405160189,0.0699237138,1
1807,1121,1.568086505,-0.6215828061,1
1807,1153,0.89711833,-0.02340453863,1
1807,1185,0.6566560268,-0.3565781116,1
1807,1217,0.4640367031,-0.3576460481,1
1807,1249,0.2248775363,0.8088603616,1
1807,1281,-0.8550311327,3.328169346,1
1807,1313,1.196119785,3.859606266,1
1807,1345,4.265262604,1.600937963,1
1807,1377,3.393903255,-0.750364542,1
1807,1409,1.371747136,2.779305458,1
1807,1441,0.5124137998,3.672522068,1
1807,1473,-0.08292448521,2.005241632,1
1807,1505,0.7923901081,1.384771824,1
1807,1537,1.717727304,2.526093245,1
1807,1569,2.72813344,1.897521853,1
1807,1601,1.977548242,0.4118734598,1
1807,1633,1.418405771,1.191627979,1
1807,1665,1.104808331,2.051556349,1
1807,1697,1.503332615,3.487993956,1
1807,1729,1.788008451,1.089266539,1
1807,1761,3.544659138,-2.429085016,1
1807,1793,5.383406639,-1.264663577,1
1807,1825,2.632544041,-1.187163353,1
1807,1857,5.141875744,1.54111135,1
1807,1889,2.7999506,3.017493248,1
1807,1921,0.312743187,0.009428977966,1
1807,1953,1.304550409,-0.3187172413,1
1807,1985,0.5328325629,0.3022702932,1
1807,2017,-0.7595713139,-1.74684751,1
1839,33,-0.7073851824,-0.02809551358,1
1839,65,-0.5464990735,-0.5077005029,1
1839,97,-0.2850526273,-0.1504701078,1
1839,129,0.3048715293,-0.04070520401,1
1839,161,0.3129996657,0.1907426417,1
1839,193,0.7962174416,0.5731779933,1
1839,225,1.774521708,0.2397275418,1
1839,257,3.32849288,-0.1043109298,1
1839,289,2.37266922,0.01588138938,1
1839,321,2.306471348,0.09561246634,1
1839,353,2.184965611,-0.1972631067,1
1839,385,1.153515339,-2.176728964,1
1839,417,1.662087679,-4.418718815,1
1839,449,3.899976254,-2.148956299,1
1839,481,2.432732105,-0.05701445043,1
1839,513,2.342036724,1.339917183,1
1839,545,2.144947529,0.9952276945,1
1839,577,2.525639534,1.410498023,1
1839,609,2.938357353,2.055916786,1
1839,641,2.931611538,2.202666998,1
1839,673,2.657706976,1.704277754,1
1839,705,2.44579339,1.626588583,1
1839,737,4.552900791,3.550989628,1
1839,769,5.217692375,2.195755005,1
1839,801,3.921770573,-0.7271620035,1
1839,833,3.022010565,1.585614562,1
1839,865,2.553765774,3.525141239,1
1839,897,-0.3610818386,6.257719994,1
1839,929,NaN,NaN,2
1839,961,NaN,NaN,2
1839,993,5.869223595,4.553792477,1
1839,1025,4.801956654,2.820703983,1
1839,1057,2.693268299,1.748166919,1
1839,1089,1.863157868,0.04246646166,1
1839,1121,1.566206694,-0.7950736284,1
1839,1153,1.25437212,-1.598617315,1
1839,1185,0.07257294655,-0.7906190157,1
1839,1217,-0.7670297623,-2.123252869,1
1839,1249,0.4336869717,-0.524517417,1
1839,1281,0.8328803778,1.218006492,1
1839,1313,1.890275836,2.685101032,1
1839,1345,NaN,NaN,2
1839,1377,4.517436981,2.252266884,1
1839,1409,0.8705301285,2.969559431,1
1839,1441,0.7117551565,4.414603233,1
1839,1473,0.8346571922,2.588877678,1
1839,1505,0.8538968563,1.804900527,1
1839,1537,1.327086806,1.989307046,1
1839,1569,1.509757042,1.396579862,1
1839,1601,1.322778583,0.7993062735,1
1839,1633,0.192789793,1.605810642,1
1839,1665,NaN,NaN,2
1839,1697,1.038361788,3.273155212,1
1839,1729,1.106074214,1.584776402,1
1839,1761,2.292816162,-1.08859849,1
1839,1793,4.195551872,-0.7977567911,1
1839,1825,4.494969368,0.7702822685,1
1839,1857,4.792388916,2.045444489,1
1839,1889,2.291312218,2.30545187,1
1839,1921,NaN,NaN,2
1839,1953,0.2182097435,-1.364379644,1
1839,1985,0.1501657367,0.2791470587,1
1839,2017,0.2962843776,-1.143300772,1
1871,33,-1.4193995,0.1890131235,1
1871,65,0.03589889407,-0.4211847484,1
1871,97,0.1866970062,-0.7085003853,1
1871,129,0.3935077488,-0.1247290373,1
1871,161,0.1778013706,0.6429326534,1
1871,193,0.1567742825,0.0258488059,1
1871,225,0.8719041348,0.1497573853,1
1871,257,1.677436829,0.03352177143,1
1871,289,2.171621799,0.5562449694,1
1871,321,2.18862319,1.677909851,1
1871,353,2.008969069,0.5814788342,1
1871,385,1.809035897,-0.6083436012,1
1871,417,1.578220725,-3.677842617,1
1871,449,1.350899816,-2.368442059,1
1871,481,1.081429124,-0.02710703015,1
1871,513,0.8316299915,0.8322911859,1
1871,545,1.35260129,1.413677335,1
1871,577,2.224128962,2.256871223,1
1871,609,2.90457058,1.901735306,1
1871,641,3.054651022,1.271151543,1
1871,673,2.745806456,1.3426404,1
1871,705,2.946935415,1.216935873,1
1871,737,4.656250477,2.163501024,1
1871,769,4.676688194,2.253890991,1
1871,801,NaN,NaN,2
1871,833,2.744485855,-0.3351166248,1
1871,865,2.520270348,2.128388882,1
1871,897,1.213313103,3.468337774,1
1871,929,NaN,NaN,2
1871,961,NaN,NaN,2
1871,993,NaN,NaN,2
1871,1025,3.818341494,2.793409348,1
1871,1057,2.417336941,1.978210688,1
1871,1089,1.396056175,0.336555779,1
1871,1121,1.270496368,-0.1119064391,1
1871,1153,1.634205818,-0.1474773884,1
1871,1185,0.8967841864,0.06583324075,1
1871,1217,-0.2460929155,-0.05014112592,1
1871,1249,1.197934389,-0.6971738935,1
1871,1281,1.621915817,0.4101046324,1
1871,1313,1.962925911,1.895983458,1
1871,1345,1.916549206,1.82718873,1
1871,1377,1.590951443,2.396588087,1
1871,1409,1.683876991,3.439457178,1
1871,1441,0.7358583212,3.350231171,1
1871,1473,0.9387904406,3.076044559,1
1871,1505,1.224397779,2.084352493,1
1871,1537,NaN,NaN,2
1871,1569,1.009251952,0.2007527947,1
1871,1601,1.175102949,1.122372389,1
1871,1633,0.794578433,2.024167061,1
1871,1665,NaN,NaN,2
1871,1697,NaN,NaN,2
1871,1729,0.2619100809,1.796251059,1
1871,1761,1.636950731,0.676936686,1
1871,1793,2.420311451,0.4014319181,1
1871,1825,3.496918201,1.567589641,1
1871,1857,4.980312824,3.028692961,1
1871,1889,4.003234863,3.891360283,1
1871,1921,1.640631676,2.310537577,1
1871,1953,-0.6673914194,0.7986143827,1
1871,1985,-0.07250380516,0.2706900537,1
1871,2017,1.258866429,-0.3022197485,1
1903,33,-1.133821249,0.1094421148,1
1903,65,0.7348182201,-0.7301989198,1
1903,97,1.359811068,-0.9218992591,1
1903,129,-1.191292763,3.066298723,1
1903,161,NaN,NaN,2
1903,193,0.570335269,0.4297944903,1
1903,225,0.785276413,0.2360687256,1
1903,257,1.130043864,0.2205865085,1
1903,289,2.385551453,0.7715352178,1
1903,321,NaN,NaN,2
1903,353,NaN,NaN,2
1903,385,1.774700761,-0.4233842492,1
1903,417,1.682906628,-1.659022093,1
1903,449,1.265690804,-1.552256107,1
1903,481,-0.642228961,-0.4411747754,1
1903,513,-0.91261518,0.5443870425,1
1903,545,0.7931706905,1.540849566,1
1903,577,0.8549983501,2.134965181,1
1903,609,2.469229937,1.532896161,1
1903,641,3.336702585,1.091012239,1
1903,673,2.934002399,1.104741573,1
1903,705,3.364583254,1.1985147,1
1903,737,5.675596714,2.904057026,1
1903,769,4.324157715,2.028851748,1
1903,801,3.144147396,1.298456788,1
1903,833,3.002622128,1.857392907,1
1903,865,3.543322802,2.754418612,1
1903,897,2.861171007,2.91572237,1
1903,929,1.980857611,0.1401686668,1
1903,961,NaN,NaN,2
1903,993,2.267562628,2.120326519,1
1903,1025,3.033235073,4.52374649,1
1903,1057,NaN,NaN,2
1903,1089,1.404114723,0.8266864419,1
1903,1121,1.424250484,1.269972682,1
1903,1153,2.178393364,2.855540276,1
1903,1185,2.844567776,1.000735283,1
1903,1217,2.634680986,0.7025915384,1
1903,1249,3.441388607,0.5869868994,1
1903,1281,NaN,NaN,2
1903,1313,1.173561811,3.290242195,1
1903,1345,0.8998935223,3.097845078,1
1903,1377,0.8547337651,2.104721785,1
1903,1409,1.282880783,2.15754199,1
1903,1441,0.3927563429,1.918371439,1
1903,1473,0.9139609337,2.52697587,1
1903,1505,1.169762492,1.68121314,1
1903,1537,1.045161486,-1.28824532,1
1903,1569,0.901599288,-1.437851191,1
1903,1601,1.38689208,0.5216691494,1
1903,1633,1.238334417,1.461712003,1
1903,1665,0.2395631075,3.430830002,1
1903,1697,0.9701559544,5.577401161,1
1903,1729,1.162365198,2.524340868,1
1903,1761,1.067272305,1.343687773,1
1903,1793,1.66011095,1.025011063,1
1903,1825,2.922493696,2.431925535,1
1903,1857,4.526283264,3.874885321,1
1903,1889,4.207024574,4.789116383,1
1903,1921,2.130592346,2.881286621,1
1903,1953,-0.8504151702,1.314258456,1
1903,1985,-0.2368373275,0.1564964652,1
1903,2017,0.8377991915,-0.2792232931,1
1935,33,1.732361913,-0.01408672333,1
1935,65,0.7685278654,-1.560800195,1
1935,97,0.5494816303,-0.9953736663,1
1935,129,NaN,NaN,2
1935,161,NaN,NaN,2
1935,193,0.3974913955,-0.0380975008,1
1935,225,-0.1370326877,0.2323175073,1
1935,257,0.7401125431,0.1941196024,1
1935,289,1.005969048,1.055709124,1
1935,321,-0.3757355213,0.7708636522,1
1935,353,NaN,NaN,2
1935,385,1.205092549,-0.9327667356,1
1935,417,1.235213995,-1.773385286,1
1935,449,1.217443705,-1.776997089,1
1935,481,0.5301735401,-0.6957136393,1
1935,513,-0.8446824551,-0.08762377501,1
1935,545,0.6971366405,0.1592464447,1
1935,577,1.253892183,0.9162724018,1
1935,609,2.064591885,0.937563777,1
1935,641,4.063773155,1.008817434,1
1935,673,4.615161896,1.005057812,1
1935,705,4.65119791,0.9762135744,1
1935,737,6.298496246,1.707882047,1
1935,769,6.429737091,1.727907181,1
1935,801,NaN,NaN,2
1935,833,NaN,NaN,2
1935,865,3.303134441,2.284202576,1
1935,897,3.137768269,2.986422539,1
1935,929,2.276122332,1.185905695,1
1935,961,1.588450432,-0.3065140247,1
1935,993,-1.244930744,1.379409552,1
1935,1025,-0.8188648224,1.554700136,1
1935,1057,1.097957492,2.464922905,1
1935,1089,1.088822365,1.057681561,1
1935,1121,1.508733511,0.8727126122,1
1935,1153,2.982094526,1.154236317,1
1935,1185,3.358331203,0.6829209328,1
1935,1217,3.570406437,0.8289151788,1
1935,1249,2.751180172,1.485625863,1
1935,1281,NaN,NaN,2
1935,1313,0.8192726374,2.796468735,1
1935,1345,1.286277533,3.416401863,1
1935,1377,1.358525753,1.980461836,1
1935,1409,1.173340082,1.908964276,1
1935,1441,0.9504686594,1.406512737,1
1935,1473,0.8347837925,2.045042753,1
1935,1505,0.6355528235,1.954650164,1
1935,1537,0.4522568583,0.9616641998,1
1935,1569,2.014564037,0.4746037722,1
1935,1601,0.6477298141,0.351534307,1
1935,1633,0.4323871136,1.273444414,1
1935,1665,1.212702394,2.923824787,1
1935,1697,1.327272773,4.806494713,1
1935,1729,1.178241491,2.636049747,1
1935,1761,1.494403958,1.474633694,1
1935,1793,2.03448391,1.837606668,1
1935,1825,2.792836905,5.014089584,1
1935,1857,3.038629532,4.468374252,1
1935,1889,2.826804161,2.961796284,1
1935,1921,1.889321089,3.795252562,1
1935,1953,0.04623061419,4.555639267,1
1935,1985,-0.3183112442,0.2430066615,1
1935,2017,0.4097710848,-2.189551353,1
1967,33,3.173298359,0.107678175,1
1967,65,0.7418246269,-0.6199479699,1
1967,97,0.08005237579,-1.941794991,1
1967,129,0.1796055734,-1.871400237,1
1967,161,2.423401356,-0.8406678438,1
1967,193,0.5080231428,-0.2147148252,1
1967,225,-0.02549642324,-2.028604984,1
1967,257,0.8669457436,-0.4875138104,1
1967,289,-1.492301345,0.5336310267,1
1967,321,-1.317377806,-0.149497509,1
1967,353,-0.4014890194,-2.748897076,1
1967,385,-0.1615190506,-1.672182083,1
1967,417,0.03521180153,-2.317771435,1
1967,449,0.3294240236,-3.703429461,1
1967,481,0.5374165773,-1.884947062,1
1967,513,0.6882940531,-0.513391912,1
1967,545,1.035325289,0.3006378412,1
1967,577,0.9630175829,1.53592968,1
1967,609,2.717937231,1.317358255,1
1967,641,4.809612274,1.14225018,1
1967,673,4.908549309,0.5769371986,1
1967,705,5.114008427,0.2390660048,1
1967,737,4.981077194,-0.03648734093,1
1967,769,4.011957645,0.1291739941,1
1967,801,3.20737195,1.707494259,1
1967,833,3.228987455,1.999403238,1
1967,865,NaN,NaN,2
1967,897,NaN,NaN,2
1967,929,2.155769825,-0.07758045197,1
1967,961,1.4166255,0.7073483467,1
1967,993,1.039019346,0.8561384678,1
1967,1025,0.4052355289,0.8247442245,1
1967,1057,0.589124918,2.826260805,1
1967,1089,1.668383837,2.395970345,1
1967,1121,1.457499623,0.7251770496,1
1967,1153,4.42923069,0.7361059189,1
1967,1185,5.912662029,-0.577848196,1
1967,1217,4.848059654,0.2231974602,1
1967,1249,3.427482128,1.289977193,1
1967,1281,1.284475803,1.746191144,1
1967,1313,1.412498832,1.52797246,1
1967,1345,1.437694073,1.077259541,1
1967,1377,0.9848064184,2.19733119,1
1967,1409,1.119458199,2.163966656,1
1967,1441,0.5978215933,0.7090622187,1
1967,1473,0.7383033037,0.6503376961,1
1967,1505,1.088036895,1.647471309,1
1967,1537,0.811768651,1.580476999,1
1967,1569,0.8285291791,1.675579548,1
1967,1601,-0.5761088133,1.159371138,1
1967,1633,-0.1042068005,0.8505795002,1
1967,1665,1.930069089,1.815287828,1
1967,1697,2.030926466,2.88812542,1
1967,1729,2.079655647,1.978533745,1
1967,1761,3.867813587,1.040882707,1
1967,1793,5.725543022,-0.525681138,1
1967,1825,6.048282146,1.111543894,1
1967,1857,NaN,NaN,2
1967,1889,3.178292513,10.77015495,1
1967,1921,NaN,NaN,2
1967,1953,NaN,NaN,2
1967,1985,0.4686262608,0.3317170739,1
1967,2017,NaN,NaN,2
1999,33,0.7525459528,0.03060090542,1
1999,65,-0.885918498,-0.2626156211,1
1999,97,-0.7607427239,-2.512600183,1
1999,129,-0.1022447348,-1.831799388,1
1999,161,1.599841237,-4.549602985,1
1999,193,NaN,NaN,2
1999,225,-0.4946234226,0.7136222124,1
1999,257,NaN,NaN,2
1999,289,0.4317595959,0.1860082746,1
1999,321,0.8080010414,-1.370147705,1
1999,353,1.3173002,-1.874796629,1
1999,385,-0.3997365236,-3.050479174,1
1999,417,-1.650333285,-3.214859962,1
1999,449,-1.235224485,-2.744598866,1
1999,481,-0.1071618795,-4.139598846,1
1999,513,0.6495671272,-2.203552723,1
1999,545,1.524267435,1.860074759,1
1999,577,NaN,NaN,2
1999,609,1.114189148,4.386457443,1
1999,641,3.083904266,2.213332653,1
1999,673,5.846642494,-0.9159293175,1
1999,705,6.689396381,-0.4421995878,1
1999,737,4.004035473,0.5724133253,1
1999,769,2.418693781,1.514548779,1
1999,801,1.89006114,0.8485948443,1
1999,833,2.099544048,0.2074323893,1
1999,865,3.133712292,-0.9577591419,1
1999,897,NaN,NaN,2
1999,929,3.822805405,-1.289200068,1
1999,961,3.218305588,1.026904702,1
1999,993,NaN,NaN,2
1999,1025,NaN,NaN,2
1999,1057,0.7036653757,0.849414587,1
1999,1089,2.569511175,3.74521637,1
1999,1121,1.344674587,2.782946348,1
1999,1153,0.7437237501,1.478101969,1
1999,1185,3.203023434,0.273735106,1
1999,1217,2.143101692,0.531278789,1
1999,1249,2.869470596,0.657245934,1
1999,1281,1.6355443,0.8348259926,1
1999,1313,3.648832083,0.7908396721,1
1999,1345,2.212554455,2.131407022,1
1999,1377,0.5885775089,2.73931241,1
1999,1409,0.5058829784,2.041160583,1
1999,1441,-0.2715131044,-0.23244977,1
1999,1473,-0.0009384155273,-0.1740953922,1
1999,1505,-0.01468068361,1.177773714,1
1999,1537,0.2893238664,2.915419817,1
1999,1569,1.937850118,2.805305004,1
1999,1601,3.09001112,2.183672428,1
1999,1633,1.451625109,1.296246529,1
1999,1665,1.841498375,0.4113914967,1
1999,1697,2.132676601,0.5732676983,1
1999,1729,2.362281799,1.114860296,1
1999,1761,2.761744499,1.185009003,1
1999,1793,NaN,NaN,2
1999,1825,6.329229832,-0.9566721916,1
1999,1857,NaN,NaN,2
1999,1889,-0.5576901436,9.767659187,1
1999,1921,2.773952961,11.94763756,1
1999,1953,NaN,NaN,2
1999,1985,NaN,NaN,2
1999,2017,NaN,NaN,2
