PIVlab, ASCII chart output - 11-Jun-2024
FRAME: 59, filenames: A:[59]MAX_Pos001_1202204_TgUtrmcherry_K4K8MO.avi & B:[60]MAX_Pos001_1202204_TgUtrmcherry_K4K8MO.avi, conversion factor xy (px -> m): 1, conversion factor uv (px/frame -> m/s): 1
x [px],y [px],u [px/frame],v [px/frame],Vector type [-]
47,33,0.2207127213,0.9809321165,1
47,65,-0.1718263179,-0.2422237545,1
47,97,-0.2959949672,-0.03895995021,1
47,129,-0.2271826267,0.10402143,1
47,161,-0.1414753795,-0.1851095557,1
47,193,-0.7586370707,-0.05525237322,1
47,225,-0.6934117079,0.3102305233,1
47,257,-0.291033566,0.2444807291,1
47,289,-0.368919313,0.2657521367,1
47,321,-0.1430451721,0.1303367019,1
47,353,0.04185710847,0.07080084085,1
47,385,0.04521363974,0.1548390687,1
47,417,-0.01907622814,-0.03785674274,1
47,449,0.191769287,-0.5001907945,1
47,481,-0.01589357853,-0.4801083207,1
47,513,-0.1910571158,-0.6261836886,1
47,545,-0.1409011185,-0.1773166656,1
47,577,0.08291938901,-0.1042436063,1
47,609,-0.1451935619,-0.1093701422,1
47,641,-0.4064802825,0.3071528077,1
47,673,-0.3677338362,0.3607720137,1
47,705,-0.01756562293,-0.04556667805,1
47,737,0.3056419194,-0.6108632088,1
47,769,0.2237160504,-0.9750483036,1
47,801,-0.5830096006,-0.924470067,1
47,833,-1.387131214,-0.5622278452,1
47,865,-0.9904173613,0.2591387033,1
47,897,-0.2847275138,0.7944974899,1
47,929,-0.3504914045,0.3861781359,1
47,961,-0.6145303249,-0.2675687671,1
47,993,-0.2551284432,0.1623960733,1
47,1025,-0.545612812,0.7730839252,1
47,1057,-0.0721206665,1.048754454,1
47,1089,0.4159104526,0.08151745796,1
47,1121,-0.1282764971,-0.5705685616,1
47,1153,-0.4904390574,-1.050124168,1
47,1185,-0.6868149042,-1.208760858,1
47,1217,-1.3786937,-0.5190873146,1
47,1249,-0.8162733912,-0.04088896513,1
47,1281,0.02900099754,-0.03667679429,1
47,1313,0.3047402203,0.4160672724,1
47,1345,0.4608719349,0.8128614426,1
47,1377,0.2463848591,0.1692999601,1
47,1409,0.3836239576,-0.6375596523,1
47,1441,0.2456133366,-0.4605576992,1
47,1473,-0.1560504287,-0.01631832123,1
47,1505,-0.1689276099,0.2565425634,1
47,1537,0.03623697907,0.4810223877,1
47,1569,0.1567726731,0.690967977,1
47,1601,0.1098992974,0.562744379,1
47,1633,-0.2750523686,0.03927825391,1
47,1665,-0.991240859,-0.2444048673,1
47,1697,-0.7232115269,-0.2441046983,1
47,1729,-0.1640204787,-0.04877188057,1
47,1761,-0.1595865488,0.3536883891,1
47,1793,-0.09004765749,0.1495956481,1
47,1825,0.07937413454,-0.1158499718,1
47,1857,-0.02336215973,-0.2346462309,1
47,1889,0.1557463109,-0.1272482723,1
47,1921,0.05273655057,-0.2087623328,1
47,1953,-0.06353926659,-0.05233541131,1
47,1985,-0.1213300824,-0.1020207778,1
47,2017,-0.5260738134,-0.9689404964,1
79,33,-0.1034647077,0.229663223,1
79,65,0.01226170734,-0.04038982093,1
79,97,-0.02229455858,0.1606470048,1
79,129,0.06906271726,0.1421203911,1
79,161,0.007373005152,-0.02815051377,1
79,193,-0.2503202558,0.07020010799,1
79,225,-0.2481681705,0.1669375896,1
79,257,-0.02921763062,0.2138343751,1
79,289,-0.1475673914,0.0781757012,1
79,321,-0.01157264039,-0.02149675041,1
79,353,-0.05848420784,-0.149003014,1
79,385,-0.1439381838,-0.1423693001,1
79,417,-0.0301849097,-0.1511712819,1
79,449,0.1471897811,-0.2049887776,1
79,481,0.3343477845,-0.3549708724,1
79,513,0.2892161012,-0.3973360062,1
79,545,-0.03906186298,-0.1727510393,1
79,577,-0.07924836129,-0.5060899854,1
79,609,-0.02111832798,-0.2320770025,1
79,641,-0.2421450466,0.05548644066,1
79,673,-0.2806506157,-0.5821830034,1
79,705,-0.05545658618,-0.5282390714,1
79,737,0.2154787779,-0.542342782,1
79,769,0.2726503313,-0.960531652,1
79,801,-0.482289046,-0.592498064,1
79,833,-0.8060665727,0.1407753229,1
79,865,-0.4667914808,0.3597619832,1
79,897,-0.03989927471,0.6558914781,1
79,929,-0.07849866152,0.8047561049,1
79,961,-0.5039093494,0.7497004271,1
79,993,-0.6802547574,0.4894760847,1
79,1025,-0.8048610687,0.7335165739,1
79,1057,-0.4837972522,0.7150738239,1
79,1089,-0.2727312446,0.595546186,1
79,1121,-0.7293647528,0.3250008225,1
79,1153,-0.5045688748,0.1381254494,1
79,1185,-0.1696658134,0.09835246205,1
79,1217,-0.1497192383,0.07113617659,1
79,1249,-0.2370470464,-0.01633241773,1
79,1281,-0.1104556024,-0.04767671227,1
79,1313,-0.09712164104,0.2935345769,1
79,1345,-0.04903466254,0.4130432606,1
79,1377,0.231636256,0.2741842866,1
79,1409,0.2794176638,-0.07956910133,1
79,1441,0.1027083397,-0.18550542,1
79,1473,-0.07530169189,-0.3212834597,1
79,1505,-0.2723885775,-0.08489794284,1
79,1537,-0.2473814934,0.497679621,1
79,1569,0.01524806395,0.6154984832,1
79,1601,0.1491107792,0.2738268971,1
79,1633,-0.1367965639,0.1135811359,1
79,1665,-0.1732697487,0.06318254769,1
79,1697,0.02379092574,-0.1940522194,1
79,1729,0.118525885,-0.06071544811,1
79,1761,0.5660627484,0.9766998291,1
79,1793,0.8990920186,1.653856516,1
79,1825,3.693190336,4.196279526,1
79,1857,0.4363422394,0.4893867671,1
79,1889,0.09250895679,0.03021122515,1
79,1921,-0.05105554312,-0.1203312725,1
79,1953,-0.2442636788,0.1068542674,1
79,1985,-0.1810928732,0.1179563478,1
79,2017,-0.2198425829,-0.1680535227,1
111,33,-0.2643836439,-0.03282317519,1
111,65,0.00800845027,-0.09377904236,1
111,97,0.3570386767,0.2341067195,1
111,129,0.2896574736,0.3540495634,1
111,161,0.0846889466,0.1125251204,1
111,193,0.06746198237,0.09204343706,1
111,225,0.01138813049,0.1356817037,1
111,257,-0.06951440871,0.23052001,1
111,289,-0.03038376942,0.08795900643,1
111,321,0.2258779407,-0.3486565948,1
111,353,0.03289265186,-0.5254511833,1
111,385,-0.2276774943,-0.248239696,1
111,417,-0.07223528624,-0.1999254823,1
111,449,0.05331285298,-0.02705432475,1
111,481,0.1771063358,-0.3489518166,1
111,513,0.2232765406,-0.460218668,1
111,545,0.1387545466,0.1863134503,1
111,577,-0.05195876956,-0.04512088373,1
111,609,-0.05122411251,0.05162064731,1
111,641,0.2141946256,-0.1590159237,1
111,673,1.489612579,-18.87136269,1
111,705,0.1918120384,-0.6978709102,1
111,737,0.05911558867,-1.122911096,1
111,769,0.1004723907,-0.7968686819,1
111,801,0.0549929738,0.04626330733,1
111,833,-0.3339218795,0.8371413946,1
111,865,-0.1441748589,0.4915154576,1
111,897,0.1677926481,0.288262099,1
111,929,0.3228926659,0.8603368402,1
111,961,-0.3638720214,1.228749037,1
111,993,-1.05436182,1.679425716,1
111,1025,-0.9558714032,1.257768035,1
111,1057,-0.7466603518,0.692260921,1
111,1089,-1.265020847,0.9194465876,1
111,1121,-16.18671417,12.89848423,1
111,1153,-9.718969345,9.296106339,1
111,1185,-0.6699362993,0.9367927313,1
111,1217,-0.1738759279,0.5636587143,1
111,1249,0.1131904721,0.2815903127,1
111,1281,-0.2929734588,0.174979955,1
111,1313,-0.589664042,0.2848954201,1
111,1345,-0.5338499546,0.0526688695,1
111,1377,-0.1307684481,0.123414427,1
111,1409,0.1480073631,0.008803546429,1
111,1441,0.149705261,-0.2792381048,1
111,1473,0.06479223073,-0.4534789324,1
111,1505,-0.1242962629,-0.2219896317,1
111,1537,-0.1227390394,0.4784989357,1
111,1569,0.07397441566,0.3914881051,1
111,1601,0.2108181715,-0.2676772177,1
111,1633,0.3905130625,-0.08511026204,1
111,1665,0.5781322122,0.1016728282,1
111,1697,0.3698120713,-0.4048010409,1
111,1729,0.006614267826,-0.5781863928,1
111,1761,0.06663951278,0.5603889227,1
111,1793,0.4297297597,1.375836849,1
111,1825,-0.09503671527,1.706905603,1
111,1857,0.03652340174,0.8224768639,1
111,1889,0.03714244813,0.1892974973,1
111,1921,-0.1452733874,0.09172986448,1
111,1953,-0.1674833596,0.06768992543,1
111,1985,-0.08545473963,-0.03404670209,1
111,2017,-0.03603019193,0.08757373691,1
143,33,0.04075103998,0.05046460032,1
143,65,0.1684379578,-0.2261778712,1
143,97,0.1554307193,0.3558559716,1
143,129,0.1462925822,0.5410016775,1
143,161,0.2366212606,0.04394388199,1
143,193,0.2055548131,-0.05079770833,1
143,225,0.09219732881,0.1362413317,1
143,257,-0.008244127035,0.2943630219,1
143,289,0.04036599398,0.0644852668,1
143,321,0.3657116592,-0.5475730896,1
143,353,0.2696944773,-0.5927052498,1
143,385,-0.02194842137,-0.08118635416,1
143,417,-0.02702200413,-0.1172310114,1
143,449,-0.08854290098,0.009716436267,1
143,481,0.1064439714,0.05975925922,1
143,513,0.3220104873,-0.09063383937,1
143,545,0.153527081,0.3337721825,1
143,577,-0.01190206409,0.1064098179,1
143,609,-0.2709351778,-0.6674296856,1
143,641,0.1461102664,-0.1942875683,1
143,673,0.4276732206,0.1222308278,1
143,705,0.8651359081,-4.92443037,1
143,737,0.6065835357,-0.8501093984,1
143,769,0.2207991183,-0.1336825192,1
143,801,0.4158019125,0.6531130075,1
143,833,0.6320878863,0.8090749979,1
143,865,0.4653636515,0.6238737106,1
143,897,0.07920621336,0.04736861587,1
143,929,0.2912717462,0.5407717228,1
143,961,-0.09102523327,0.9985601306,1
143,993,-0.6938121915,2.004845619,1
143,1025,-0.8283382654,1.735221982,1
143,1057,-0.7662053704,0.8305498362,1
143,1089,-0.6562087536,0.7376462221,1
143,1121,-0.7083228827,1.393244386,1
143,1153,-12.35321712,10.53475571,1
143,1185,-0.8150777817,1.011294484,1
143,1217,-0.7268392444,0.7165113688,1
143,1249,-1.057710409,0.8355885148,1
143,1281,-0.9870787859,0.6697875261,1
143,1313,-0.6686371565,0.1087152362,1
143,1345,-0.4830140471,-0.002055048943,1
143,1377,-0.2335892916,0.1309650242,1
143,1409,14.73471451,7.878732204,1
143,1441,14.28891945,12.65885162,1
143,1473,0.008586153388,-0.293243885,1
143,1505,-0.02309344709,-0.2214680761,1
143,1537,-0.01222341508,0.3754412532,1
143,1569,-0.1011906788,0.2415423095,1
143,1601,-0.02953059971,-0.1788648814,1
143,1633,0.1055313125,-0.1248415411,1
143,1665,0.3370853662,-0.3758636713,1
143,1697,0.8004029989,-0.7954524755,1
143,1729,0.5756416321,-0.6349514127,1
143,1761,0.3566783667,-0.2594457567,1
143,1793,0.4452013671,0.850841403,1
143,1825,-0.1015146971,0.6216828823,1
143,1857,-0.186914295,0.1493124962,1
143,1889,0.1634840369,0.1570667773,1
143,1921,0.02211582661,-0.04090416431,1
143,1953,0.1706632525,-0.09730404615,1
143,1985,0.1910289973,0.06186702102,1
143,2017,-0.00287976861,0.08092913032,1
175,33,-0.1357461214,0.07592454553,1
175,65,-0.04376085103,0.117678456,1
175,97,-0.1142751873,0.5375126004,1
175,129,0.01724670082,0.4769476056,1
175,161,0.2030763328,0.05582498014,1
175,193,-0.005788046867,-0.05485089123,1
175,225,-0.1270200461,-0.02703395113,1
175,257,-0.1352580041,-0.09010384232,1
175,289,-0.1448985934,-0.0989953205,1
175,321,0.03754737973,-0.458666265,1
175,353,0.2048368901,-0.5574234724,1
175,385,0.2212239504,0.03841045499,1
175,417,-0.0502730906,-0.08041264117,1
175,449,-0.1065113917,-0.1133693606,1
175,481,0.01506767049,0.04546156153,1
175,513,-0.009371235967,-0.03447664529,1
175,545,-0.2240225077,0.2119357288,1
175,577,-0.4881587029,0.2194816172,1
175,609,-0.744122088,-0.4936167598,1
175,641,0.1402076185,-0.09116514027,1
175,673,0.59839499,0.1581383198,1
175,705,0.2767592072,-0.2136277556,1
175,737,0.2996169627,-0.04129943252,1
175,769,0.6266595125,0.6666811705,1
175,801,1.120106339,0.7044935226,1
175,833,1.175483465,0.6528904438,1
175,865,-0.02942954749,0.4001624882,1
175,897,-0.8014492393,0.1065323353,1
175,929,-0.3807156384,-0.03366434574,1
175,961,0.3770200014,0.4776059985,1
175,993,0.02089941502,1.378526568,1
175,1025,-0.855178237,1.419569016,1
175,1057,-0.7463170886,1.098086715,1
175,1089,0.03229612112,0.5769418478,1
175,1121,-0.7371783853,1.332392812,1
175,1153,-0.8751910925,2.579982281,1
175,1185,-0.6566904783,1.385654449,1
175,1217,-0.9333752394,0.7809922099,1
175,1249,-2.44058466,1.255934954,1
175,1281,-1.712597847,1.373803735,1
175,1313,-0.8167713284,0.1748817563,1
175,1345,-0.4327809215,0.3720843196,1
175,1377,-0.1101808846,0.4030218124,1
175,1409,-0.05944171548,-0.007144946605,1
175,1441,-0.02055419981,-0.04970988631,1
175,1473,0.3015251458,-0.3319938183,1
175,1505,0.4635815024,-0.550070405,1
175,1537,0.1005860418,-0.1376200467,1
175,1569,-0.1839869469,-0.08787629008,1
175,1601,-0.2825350165,0.01558188349,1
175,1633,-0.38293311,0.1903072894,1
175,1665,-0.3275541067,-0.1759383678,1
175,1697,0.300958544,-0.7527631521,1
175,1729,0.3566970229,-0.7558547258,1
175,1761,0.4687535763,-0.7126443982,1
175,1793,0.5282280445,0.286793679,1
175,1825,0.01381402463,0.22433725,1
175,1857,-0.2156561017,0.1106130183,1
175,1889,0.3724407852,0.09282448143,1
175,1921,0.5155075788,-0.150991112,1
175,1953,0.1821950376,-0.1365757436,1
175,1985,0.04944766313,0.3141572475,1
175,2017,-0.1005081534,0.04205230623,1
207,33,-0.4965960383,0.06298956275,1
207,65,-0.3567711711,-0.001249969937,1
207,97,-0.2798769474,-0.1263777763,1
207,129,-0.09399543703,0.2194162458,1
207,161,0.1391560733,0.2444863319,1
207,193,-0.2129173577,0.1156599298,1
207,225,-0.4270168543,0.01296863332,1
207,257,-0.3833974302,-0.3016104698,1
207,289,-0.2371603847,-0.07043172419,1
207,321,-0.07756622136,-0.3732112348,1
207,353,0.05563751608,-0.482167989,1
207,385,0.1124663949,0.08064052463,1
207,417,-0.03065345809,-0.01148508489,1
207,449,0.06202816591,-0.001434192061,1
207,481,-0.08410304785,0.1062991321,1
207,513,-0.4784698784,0.1112226769,1
207,545,-0.4228489399,0.004882529378,1
207,577,-1.035806298,0.8913832903,1
207,609,-0.6223971248,0.3026092947,1
207,641,0.4513777792,-0.1037573069,1
207,673,0.88022089,-0.1451720595,1
207,705,0.772560358,0.1527301371,1
207,737,0.39040187,-0.1332810223,1
207,769,0.8097282648,0.2872178257,1
207,801,0.8168956041,0.3935412467,1
207,833,0.1116583943,0.8703932762,1
207,865,-0.7237494588,0.5798610449,1
207,897,-0.990445435,-0.1156289279,1
207,929,-0.5932375193,-0.2241228521,1
207,961,-0.2753342986,0.1586193442,1
207,993,-2.178783655,1.024935961,1
207,1025,-3.004959822,3.173635006,1
207,1057,-1.09433341,1.442197561,1
207,1089,-0.922381103,1.032783031,1
207,1121,-2.17688632,2.786153793,1
207,1153,-1.830188394,2.986171007,1
207,1185,-1.25694108,2.632332563,1
207,1217,-0.7753741741,1.2135005,1
207,1249,-1.326223612,0.1231477857,1
207,1281,-1.013633728,-0.1904530823,1
207,1313,-0.5803919435,0.2752216458,1
207,1345,-0.5183198452,0.7702426314,1
207,1377,-0.4254209399,0.7509746552,1
207,1409,-0.2994773388,-0.01451743394,1
207,1441,-0.499589026,-0.3430839777,1
207,1473,0.1331430227,-0.5347961187,1
207,1505,0.3196382225,-0.411914587,1
207,1537,-0.08508589864,-0.2180455923,1
207,1569,0.09147068858,-0.03887322545,1
207,1601,-0.09889383614,0.1303670108,1
207,1633,-0.4280695319,-0.2801962197,1
207,1665,-0.3052506447,-0.5451223254,1
207,1697,0.10968858,-5.564068794,1
207,1729,0.4571561813,-5.143863678,1
207,1761,0.1213869303,-0.2477933764,1
207,1793,0.3614567518,-0.1611131728,1
207,1825,0.07224635035,-0.1982237697,1
207,1857,-0.141570881,0.08656924963,1
207,1889,0.3238461912,0.03712446988,1
207,1921,0.4321343601,-0.2193760574,1
207,1953,0.01132765412,-0.06916873157,1
207,1985,0.01760722697,0.1966409087,1
207,2017,-0.1208570451,-0.1898708045,1
239,33,-0.3251907527,0.07653523237,1
239,65,-0.4247466922,-0.1191835329,1
239,97,-0.2692267895,-0.2621859312,1
239,129,-0.2273931205,0.1254274696,1
239,161,0.01891998947,0.2261613011,1
239,193,-0.1401765347,0.109349519,1
239,225,-0.3756213784,0.05823721737,1
239,257,-0.2947779298,-0.0008524917066,1
239,289,-0.1748198271,-0.01980149001,1
239,321,0.1097672135,0.3905891478,1
239,353,0.08062678576,0.1787570715,1
239,385,0.03080102801,-0.2803157568,1
239,417,0.1028116271,-0.128395766,1
239,449,0.08475825191,-0.03865928203,1
239,481,-0.1091054752,-0.08106862009,1
239,513,-0.3156487942,0.03692715615,1
239,545,-0.1812275201,-0.05983612686,1
239,577,-0.2965981662,-0.3577542305,1
239,609,-0.02397680283,0.04221126437,1
239,641,0.5851883888,-0.07309216261,1
239,673,0.8379867077,-0.07280315459,1
239,705,0.7196527719,0.2469719052,1
239,737,0.2724624276,-0.3117791712,1
239,769,0.1108268797,-0.7743909955,1
239,801,-0.114531219,0.004041388631,1
239,833,-0.5631144047,0.6805073023,1
239,865,-1.244579792,0.5220789313,1
239,897,-1.286915779,-0.02059173584,1
239,929,-0.8891259432,0.268659085,1
239,961,-0.9030199647,0.34829247,1
239,993,-1.813038349,0.4581797123,1
239,1025,-2.170303583,2.011501789,1
239,1057,-1.308497906,2.576851368,1
239,1089,-1.571177244,2.836453915,1
239,1121,-1.557768583,2.88306284,1
239,1153,-2.404860973,2.845531225,1
239,1185,-2.833429337,2.645371437,1
239,1217,-0.3735053539,0.81391114,1
239,1249,-1.191351175,-0.7990174294,1
239,1281,-0.7420270443,-0.7217205763,1
239,1313,-0.3100630641,0.213842839,1
239,1345,-1.082051277,0.9794049263,1
239,1377,-0.8739022017,1.042580485,1
239,1409,-0.6426178217,0.3371821046,1
239,1441,-0.6835075021,-1.61208272,1
239,1473,-0.1728337705,-1.306591272,1
239,1505,0.2975670993,-0.4193182588,1
239,1537,0.2574067712,-0.3007448316,1
239,1569,0.2850861549,-0.2374349833,1
239,1601,0.3723067343,0.01443272829,1
239,1633,-0.2472541034,-0.2747462988,1
239,1665,-0.3225283027,-0.6724843383,1
239,1697,-0.7478305101,-4.12091732,1
239,1729,2.016191959,-5.363843918,1
239,1761,-0.959613204,-0.3947927356,1
239,1793,-0.3330316246,-0.1490967274,1
239,1825,0.2508968711,-6.521044731,1
239,1857,1.506981492,-13.62645721,1
239,1889,0.07527032495,-0.2956484556,1
239,1921,0.05809085071,-0.1579006612,1
239,1953,-0.05785004795,0.1138913706,1
239,1985,-0.02966952324,0.08184862137,1
239,2017,-0.06138034165,-0.4920673966,1
271,33,-0.1563438475,0.1638350189,1
271,65,-0.3149663806,0.0749533996,1
271,97,-0.2462732792,0.08287878335,1
271,129,-0.2063569874,0.1500877589,1
271,161,-0.08207775652,-0.005900040269,1
271,193,0.03910455853,-0.02273618802,1
271,225,-0.006902709603,0.09460234642,1
271,257,-0.004772305489,0.2263786644,1
271,289,-0.07375912368,0.02290992439,1
271,321,0.1654833555,0.3332774639,1
271,353,0.2389992177,0.3248439133,1
271,385,0.2107890844,-0.3810821772,1
271,417,0.1754257381,-0.2891747952,1
271,449,0.05098768324,-0.2146151662,1
271,481,0.05353120714,-0.2561327219,1
271,513,-0.02996714413,0.0610518381,1
271,545,-0.2385257632,-0.03139773011,1
271,577,-0.280618459,-0.4263286591,1
271,609,0.1616222411,0.02652567625,1
271,641,0.2866358757,0.123504445,1
271,673,0.03372806311,0.4015856385,1
271,705,0.1157441139,0.1772464812,1
271,737,0.3186505735,-0.2171156108,1
271,769,-0.297468245,-0.4311415255,1
271,801,-0.7444471121,-0.5606217384,1
271,833,-0.8140358925,-0.2387046814,1
271,865,-1.634565115,0.4139360189,1
271,897,-2.508600712,0.1067885011,1
271,929,-1.227847815,0.7416908741,1
271,961,-0.5319335461,0.6209431887,1
271,993,-0.5254076123,0.3007278442,1
271,1025,-0.7273519039,1.115346193,1
271,1057,-1.111738682,2.16990304,1
271,1089,-1.00129199,2.105905056,1
271,1121,0.1628181934,0.6335138083,1
271,1153,0.01678138971,1.021955729,1
271,1185,-0.5374758244,1.013110757,1
271,1217,-1.029518485,0.002599596977,1
271,1249,-0.719342649,-0.5480394363,1
271,1281,-0.5224969387,-0.02576905489,1
271,1313,-0.3829537034,0.6648975611,1
271,1345,-1.045086026,0.880576849,1
271,1377,-1.920691729,1.794089317,1
271,1409,-1.415584803,2.12759304,1
271,1441,-0.6409019232,-0.4260401726,1
271,1473,0.00963357091,-0.7482734919,1
271,1505,0.411714673,-0.3738680482,1
271,1537,0.4098932743,-0.3110989928,1
271,1569,0.1867003441,-0.1628541201,1
271,1601,0.3486585617,0.08324807882,1
271,1633,0.2659397423,-0.2168851197,1
271,1665,0.03026983142,-0.2169828415,1
271,1697,0.1383985132,-0.4682810903,1
271,1729,-0.2688584924,-0.323110044,1
271,1761,-0.7892224789,-0.423243165,1
271,1793,-0.2064922452,-0.1333469748,1
271,1825,3.318553686,-6.574843407,1
271,1857,0.6464670897,-3.384973764,1
271,1889,0.2019560635,-0.4085597396,1
271,1921,0.03928261995,0.2551151216,1
271,1953,0.06561857462,0.1867598295,1
271,1985,0.2502236962,0.1701473892,1
271,2017,0.1587895453,-0.6991741061,1
303,33,-0.1745252907,0.2796205282,1
303,65,0.04669176042,-0.06471842527,1
303,97,0.04635237157,-0.0789630264,1
303,129,-0.1398862302,0.03245975077,1
303,161,-0.1284511089,-0.077890113,1
303,193,-0.1685437262,0.08632406592,1
303,225,0.02467329055,-0.03686484694,1
303,257,0.08435828239,-0.1719414741,1
303,289,0.09914144874,-0.2256603241,1
303,321,-0.1076910496,-0.3197830915,1
303,353,-0.05218075216,-0.1884323955,1
303,385,-0.003258708864,-0.3623316884,1
303,417,-0.1355510652,-0.2316819876,1
303,449,0.09958013892,-0.04003408551,1
303,481,0.03850561753,-0.1624213159,1
303,513,0.04957956448,-0.05907467008,1
303,545,-0.1413863003,-0.1224731505,1
303,577,-0.2678350806,-0.4643639624,1
303,609,0.2004735172,0.1162991226,1
303,641,0.1329786777,0.4048617482,1
303,673,-0.1956160069,0.488605082,1
303,705,0.02689762786,0.2264923155,1
303,737,-0.09696175903,0.1416584551,1
303,769,-0.2310746461,-0.1954985559,1
303,801,-0.3576600254,-0.7516207695,1
303,833,-0.97275424,-1.579750538,1
303,865,-1.077641249,0.1996064782,1
303,897,-1.205809593,0.7346498966,1
303,929,-1.054095984,0.03322160244,1
303,961,-0.7155520916,-0.03881895542,1
303,993,-0.8516141176,-0.3844894171,1
303,1025,-0.9060492516,0.1688573956,1
303,1057,-0.8050252199,1.069366693,1
303,1089,-0.3626120687,1.312068343,1
303,1121,-0.03641986847,1.113065958,1
303,1153,0.1974671185,0.9670325518,1
303,1185,0.1862413287,1.020749331,1
303,1217,-0.7489612103,0.1602478623,1
303,1249,-0.2397956848,0.6247576475,1
303,1281,-0.1743891835,0.6407260895,1
303,1313,-0.3807829618,0.560718298,1
303,1345,-0.4011190534,0.6408593655,1
303,1377,-1.925516129,2.715615034,1
303,1409,-2.654913425,3.753344059,1
303,1441,-1.025472403,0.8622995615,1
303,1473,-0.3082280755,-0.006285429001,1
303,1505,-0.03933669627,-0.00988560915,1
303,1537,0.2128637731,0.4859504402,1
303,1569,-0.00181234628,1.331621408,1
303,1601,-0.1940305829,0.7588818073,1
303,1633,-0.05517638475,-0.02032749355,1
303,1665,-0.07213377953,0.06751646101,1
303,1697,0.008387103677,-0.135357976,1
303,1729,-0.2913044989,-0.1111077368,1
303,1761,-0.3582561016,-0.251524806,1
303,1793,-0.02598534524,-0.7517386079,1
303,1825,0.2168119103,-1.514497042,1
303,1857,0.6724601984,-1.517818213,1
303,1889,0.3869211972,0.02861008048,1
303,1921,-0.004750818014,0.4327790439,1
303,1953,0.1751800179,0.1574244499,1
303,1985,0.3227952123,0.2502430379,1
303,2017,0.2908490002,-0.6607120037,1
335,33,-0.6087648869,0.3486130238,1
335,65,-0.08095598221,-0.0535835959,1
335,97,0.144939214,-0.2114245892,1
335,129,-0.292147547,-0.2640431821,1
335,161,-0.1491699815,-0.06645396352,1
335,193,0.0807197094,0.1820786744,1
335,225,-0.09485176206,-0.1532879174,1
335,257,-0.04762709141,-0.5271137357,1
335,289,-0.08300864697,-0.2503093481,1
335,321,-0.07065594941,-0.01603157818,1
335,353,0.02264654636,-0.1495056301,1
335,385,-0.09196417779,-0.2986070216,1
335,417,-0.1123079434,-0.03486047685,1
335,449,0.1265336871,0.1740931273,1
335,481,0.1266103387,-0.07426407933,1
335,513,0.2369911969,-0.5051470995,1
335,545,0.1692601591,-0.6227825284,1
335,577,-0.002846002579,-0.2512617707,1
335,609,0.2580060363,0.3425080478,1
335,641,0.3037207723,0.5663549304,1
335,673,0.2156462371,-0.1808534712,1
335,705,0.0598751381,0.03842918575,1
335,737,-0.0397057645,0.1632609814,1
335,769,-0.01729791611,-0.2858774066,1
335,801,-0.1802859902,-0.2922379673,1
335,833,-0.7394220233,-0.9380507469,1
335,865,-0.9270296097,0.1718237996,1
335,897,-0.2221521735,0.4431908131,1
335,929,-0.6533339024,-0.9001761079,1
335,961,-0.9356021285,-1.254684806,1
335,993,-1.589859962,-2.293905497,1
335,1025,-0.8129352927,-1.421742201,1
335,1057,-0.3627071679,0.5454492569,1
335,1089,-0.3706431687,0.6237885952,1
335,1121,-0.5445759892,0.6103103161,1
335,1153,-0.388779819,0.396458149,1
335,1185,-0.2606883645,0.05994933844,1
335,1217,-0.8346418142,0.2814724445,1
335,1249,-0.1483017504,0.8870210052,1
335,1281,-0.03341698647,0.6811147332,1
335,1313,-0.4678443372,-0.2420449257,1
335,1345,-0.3917878866,0.8074159622,1
335,1377,-0.8741126657,3.133143425,1
335,1409,-2.659092188,2.913333416,1
335,1441,-1.362568617,1.01685667,1
335,1473,-0.7050884962,0.2434064746,1
335,1505,-0.274841845,0.2536195517,1
335,1537,0.198380366,0.4794360697,1
335,1569,-0.2522586584,1.211914182,1
335,1601,-0.253026247,1.351983547,1
335,1633,-0.07711175829,0.5587857366,1
335,1665,0.1119550467,0.202587083,1
335,1697,0.2106803954,-0.2391726673,1
335,1729,0.03562070429,-0.3007855713,1
335,1761,-0.07099941373,-0.2539919317,1
335,1793,0.2852885425,-0.6156280637,1
335,1825,0.4936444759,-0.8642634153,1
335,1857,0.5503792763,-0.8483240008,1
335,1889,0.1243746579,-0.2079324126,1
335,1921,-0.03678777814,-0.0106924288,1
335,1953,0.1063641012,0.1398764104,1
335,1985,-0.01615260541,0.1266132295,1
335,2017,0.1433702856,-0.4533141851,1
367,33,-0.4509523213,0.3820772767,1
367,65,-0.3883415461,-0.2260879576,1
367,97,-0.246053949,-0.506344676,1
367,129,-0.3509178162,-0.3380531073,1
367,161,-0.2379103452,-0.2952753901,1
367,193,-0.07302838564,-0.2841204703,1
367,225,-0.515312314,-0.2046515644,1
367,257,-0.3278777003,-0.3244806826,1
367,289,-0.1719487906,-0.1553723216,1
367,321,-0.1253063381,0.2681443691,1
367,353,-0.0375071913,-0.09867924452,1
367,385,-0.08669170737,-0.2688611448,1
367,417,0.08453539014,-0.1500293612,1
367,449,0.1744579375,0.04417932034,1
367,481,-0.02453358471,-0.2740326822,1
367,513,-0.1840913892,-0.684767127,1
367,545,0.02440387756,-0.4529743791,1
367,577,0.2606365383,-0.01804719865,1
367,609,0.3746868372,0.1764450073,1
367,641,0.305219233,-0.2433316708,1
367,673,-0.1988505274,-0.64984411,1
367,705,-0.231898129,-0.4062034488,1
367,737,0.1889092922,-0.5298817158,1
367,769,0.2299288213,-0.6285862923,1
367,801,0.3472500443,-0.1811452806,1
367,833,0.5501949787,0.02054388821,1
367,865,0.03441472352,0.2547555566,1
367,897,0.1178917587,-0.0753698647,1
367,929,-0.1208043098,-0.9918244481,1
367,961,-0.6080822349,-1.875920773,1
367,993,-1.70241642,-2.215311766,1
367,1025,-0.7743219137,-1.239892364,1
367,1057,0.008300364017,0.05304066837,1
367,1089,-0.1771051884,0.2572297156,1
367,1121,1.012496114,19.75247192,1
367,1153,-0.4946405292,-0.3138638437,1
367,1185,-0.3344081342,-0.7298589945,1
367,1217,-0.8268222213,-0.04031011462,1
367,1249,0.3285801411,0.6695634127,1
367,1281,0.4089516699,0.7956374884,1
367,1313,-0.5556147099,0.7551643252,1
367,1345,-1.20590651,3.72119236,1
367,1377,-0.5716953278,4.180257797,1
367,1409,-1.851367474,2.638274193,1
367,1441,-2.221923828,1.121091127,1
367,1473,-0.6030628681,0.4514762163,1
367,1505,-0.06715589762,0.4755524993,1
367,1537,0.1002097875,0.595225811,1
367,1569,-0.05743902922,1.077517271,1
367,1601,-0.05226308852,1.213383913,1
367,1633,0.2281815112,0.7058239579,1
367,1665,0.005288466811,0.1807804406,1
367,1697,-0.1979682297,-0.007055722177,1
367,1729,0.1035373658,-0.06894512475,1
367,1761,0.1175782606,-0.3764835298,1
367,1793,0.2928791344,-0.6584938765,1
367,1825,0.2254063189,-0.3810837865,1
367,1857,-5.256028652,16.3423233,1
367,1889,-0.4235416055,0.05798733234,1
367,1921,-0.3304117322,0.1724379659,1
367,1953,0.1295570135,0.03060140461,1
367,1985,0.2034642249,-0.02390096337,1
367,2017,-0.05397344381,-0.2280561924,1
399,33,0.03192105889,0.2928904593,1
399,65,-0.2491048574,-0.3967031837,1
399,97,-0.3150728643,-0.3879628181,1
399,129,-0.1991676837,0.06195956469,1
399,161,-0.2175331563,-0.2406457216,1
399,193,-0.4873994589,-0.5271776319,1
399,225,-0.7646157146,-0.4216279387,1
399,257,-0.6733378172,-0.2071315646,1
399,289,-0.52811867,-0.4370613992,1
399,321,-0.4001528323,-0.4079492092,1
399,353,-0.2375004292,0.02018691599,1
399,385,-0.2416775823,0.2799752951,1
399,417,-0.2596896589,1.05289197,1
399,449,-0.1243463457,-0.07766993344,1
399,481,-0.5525266528,-0.4475900829,1
399,513,-0.9783312678,-0.8183079958,1
399,545,-0.2007265985,-0.4324904084,1
399,577,0.5946658254,-0.1513445675,1
399,609,0.5096988678,-0.2973845601,1
399,641,0.4031489491,-1.328791022,1
399,673,0.3158064485,-0.8427861929,1
399,705,0.07728278637,-0.6045479178,1
399,737,0.2173188776,-0.7137796879,1
399,769,0.5594145656,-0.4735357165,1
399,801,0.8406808376,-0.2308591306,1
399,833,1.119911909,0.03493013978,1
399,865,0.6103697419,0.1256481111,1
399,897,0.06767651439,-0.1952536702,1
399,929,-0.005027234554,-0.6930677295,1
399,961,-0.4114736915,-1.889261723,1
399,993,-1.135023117,-1.365248442,1
399,1025,-0.724414587,-0.2165058106,1
399,1057,-0.1742800772,0.1805973351,1
399,1089,0.1712771654,0.01367339492,1
399,1121,-0.5843928456,-0.1712388992,1
399,1153,-0.3346112669,0.04636788368,1
399,1185,-6.830938339,18.93184471,1
399,1217,-13.11061764,-3.918330431,1
399,1249,1.027707696,0.2361600399,1
399,1281,1.080791473,0.2754071951,1
399,1313,-0.05199824274,0.7626854181,1
399,1345,-0.8889992237,8.762852669,1
399,1377,0.2564654052,4.820543289,1
399,1409,-0.376815021,3.861853838,1
399,1441,-0.8934831023,2.233341455,1
399,1473,-0.3152941465,0.7049562931,1
399,1505,0.6138819456,0.2028056383,1
399,1537,0.4942368269,1.206403494,1
399,1569,-0.04017424583,1.245592237,1
399,1601,0.1164623126,0.3620852232,1
399,1633,0.4875609279,-0.03826409578,1
399,1665,0.005382910371,-0.2363260686,1
399,1697,-0.3211069703,-0.3670777678,1
399,1729,-0.2419586331,-0.07127590477,1
399,1761,-0.2599616349,-0.5291646719,1
399,1793,-0.09628787637,-0.7078858018,1
399,1825,-0.1745273322,-0.2014450431,1
399,1857,-0.3203392923,0.1925917864,1
399,1889,-0.206729129,0.5557605624,1
399,1921,-0.07345150411,0.3930279613,1
399,1953,0.2839386761,-0.0293003805,1
399,1985,0.352753967,0.06556786597,1
399,2017,-0.09816470742,-0.06345450878,1
431,33,0.05894239247,0.09917131066,1
431,65,-0.1111163124,-0.317393899,1
431,97,-0.290081054,0.1326517463,1
431,129,-0.271689117,0.3973926902,1
431,161,-0.1002882123,0.155572921,1
431,193,-0.09962964058,-0.2273417562,1
431,225,-0.3054090738,-0.3017721772,1
431,257,-0.3278753459,-0.1278120577,1
431,289,-0.3750830889,-0.5374692082,1
431,321,-0.4211167693,-0.3212015033,1
431,353,-0.580237329,0.40903157,1
431,385,-0.9037618637,0.4059438705,1
431,417,-0.7024537325,0.1421266347,1
431,449,-0.6884753704,-0.460113436,1
431,481,-0.7854081988,-0.7683358192,1
431,513,-1.102191448,-0.995444417,1
431,545,-0.7398357987,-0.6666004062,1
431,577,0.4664378762,-1.109459281,1
431,609,0.9737862349,-0.7116178274,1
431,641,0.9055330157,-1.510939837,1
431,673,0.8733415008,-2.028151035,1
431,705,0.4322626293,-1.208300233,1
431,737,0.2223379165,-0.9821885824,1
431,769,0.4662386775,-0.4250369668,1
431,801,0.2770363986,-0.1645784378,1
431,833,0.318364352,-0.1802419424,1
431,865,0.4908732176,-0.09179376811,1
431,897,0.1722120494,-0.4881833196,1
431,929,-0.3038341105,-1.266188622,1
431,961,-0.4529636502,-1.538117766,1
431,993,-0.5239956975,-0.01815092564,1
431,1025,-0.6575415134,0.6270180941,1
431,1057,-0.6654620767,0.5128949285,1
431,1089,-0.1602458358,-0.02985240519,1
431,1121,-0.181517303,0.22455585,1
431,1153,-0.2883332372,0.5986199975,1
431,1185,-0.3816517591,1.429645538,1
431,1217,-0.2078498602,1.011218786,1
431,1249,0.4660579264,0.2307912111,1
431,1281,0.6543474793,0.5680338144,1
431,1313,0.7693000436,0.4860829711,1
431,1345,0.8391839266,0.7071207762,1
431,1377,1.299813509,2.342653751,1
431,1409,0.740924716,1.776585221,1
431,1441,0.4331378937,2.324995995,1
431,1473,0.4338470399,1.384242177,1
431,1505,5.369561195,-15.76525974,1
431,1537,0.493149668,2.121497393,1
431,1569,-0.06821170449,1.176000714,1
431,1601,0.01872000098,-0.0573592782,1
431,1633,0.4392090738,-0.5697299242,1
431,1665,0.4060928226,-0.4095101357,1
431,1697,0.4990375638,-0.4723520875,1
431,1729,0.3202125132,0.06617617607,1
431,1761,-0.1225300208,-0.05899641663,1
431,1793,-0.6334540844,-0.1864022911,1
431,1825,-0.546877563,0.02228456736,1
431,1857,-0.1751236022,0.237001583,1
431,1889,0.1418320835,0.3142680526,1
431,1921,0.3201157451,-0.04508478194,1
431,1953,0.2119943053,-0.1694431156,1
431,1985,0.1180187315,0.02818924934,1
431,2017,-0.06419116259,-0.03201198205,1
463,33,0.1611850858,-0.0301772058,1
463,65,0.1052283347,-0.3859597147,1
463,97,-0.1663019359,0.1258727312,1
463,129,-0.2558109164,0.2742387652,1
463,161,-0.1635194719,0.009045213461,1
463,193,-0.01091381907,-0.2473583817,1
463,225,-0.04293555021,-0.2799738646,1
463,257,-0.06269006431,-0.3380773664,1
463,289,-0.06683492661,-0.5004033446,1
463,321,-0.3224017322,-0.1540531814,1
463,353,-0.626894474,0.5848150253,1
463,385,-0.754630506,0.7147937417,1
463,417,-0.63430655,-0.1120217592,1
463,449,-0.6672027707,-0.5664572716,1
463,481,-1.08227098,-0.596757412,1
463,513,-1.423556685,-0.2359481752,1
463,545,-0.8811476231,-0.3885962963,1
463,577,-0.1227393448,-0.7271667719,1
463,609,0.8858731985,-0.3931285143,1
463,641,1.191554546,-1.079080462,1
463,673,0.4722456932,-2.327898741,1
463,705,-0.02586644888,-1.881287336,1
463,737,0.1500505805,-1.604070663,1
463,769,0.464019835,-0.460492909,1
463,801,0.2270923555,0.1123703718,1
463,833,-0.02543830872,-0.03559053689,1
463,865,0.0956120491,-0.09639389813,1
463,897,-0.3010235429,-0.310064435,1
463,929,-0.03781145811,-0.9412527084,1
463,961,0.3821529448,-0.9432516098,1
463,993,-0.1340608001,0.0679128468,1
463,1025,-0.07099020481,0.3099275827,1
463,1057,-0.2384241819,0.05032990873,1
463,1089,-0.3716540933,0.2003238201,1
463,1121,0.08766368032,0.4383760691,1
463,1153,-0.0910461396,1.009565592,1
463,1185,-0.6250100136,1.690606356,1
463,1217,-0.7435937524,0.9386754632,1
463,1249,-0.223227635,0.008816748857,1
463,1281,0.5572923422,1.134023666,1
463,1313,1.737748623,0.9392859936,1
463,1345,2.187593699,1.28054738,1
463,1377,1.262744904,2.20293808,1
463,1409,1.116018772,1.782127738,1
463,1441,0.5624603033,1.352929592,1
463,1473,0.6163470149,1.288678765,1
463,1505,1.008344531,1.489659429,1
463,1537,0.3406022787,2.201008081,1
463,1569,0.1850255728,1.98897171,1
463,1601,0.4956373572,0.7766846418,1
463,1633,-0.03184536099,0.1976170242,1
463,1665,0.2315686643,-0.1709333956,1
463,1697,0.4199189544,0.012676768,1
463,1729,0.2121640146,0.3396402299,1
463,1761,0.08536053449,0.02224175632,1
463,1793,-0.5872158408,0.01856769621,1
463,1825,-0.8927790523,-0.04080793262,1
463,1857,-0.2320797741,0.02196833491,1
463,1889,0.08174002171,0.3355060816,1
463,1921,0.1221697778,0.02552038431,1
463,1953,-0.04779481888,-0.04950561002,1
463,1985,-0.1607171446,-0.1318424046,1
463,2017,-0.02613353729,-0.07846850157,1
495,33,-0.06909211725,0.04180322215,1
495,65,-0.06919135153,-0.1155114993,1
495,97,-0.06255050749,-0.003314438742,1
495,129,-0.2237220556,-0.1293272674,1
495,161,-0.3185403049,-0.1875814646,1
495,193,-0.2302940935,-0.2633743584,1
495,225,-0.09725487232,-0.2839279175,1
495,257,0.04243928939,-0.5164641142,1
495,289,-0.007348805666,-1.120418072,1
495,321,-0.2570091486,-0.3251872957,1
495,353,-0.3842326403,0.3287832141,1
495,385,-0.5931888819,0.5701372623,1
495,417,-0.7336374521,-0.3108904362,1
495,449,-0.8918679953,-0.4726562798,1
495,481,-0.7244310379,-0.185837239,1
495,513,-0.6111174822,-0.02094326913,1
495,545,-0.4705604911,0.04196768627,1
495,577,0.02241912484,-0.03067824244,1
495,609,0.9750725627,-0.4356947541,1
495,641,1.452066183,-1.045506239,1
495,673,0.5772634745,-1.156558514,1
495,705,-0.09058663249,-1.56213975,1
495,737,-0.09056188166,-2.019977093,1
495,769,0.2062922418,-0.3985260725,1
495,801,0.493714869,0.2869888544,1
495,833,0.3567759395,0.2063985914,1
495,865,0.1334661841,-0.07679125667,1
495,897,-0.01329270005,-0.2259566784,1
495,929,0.7002245188,-1.050517201,1
495,961,1.029949188,-1.056803465,1
495,993,0.3446996808,-0.08891284466,1
495,1025,0.8911324143,0.3197036088,1
495,1057,0.4625248313,0.3538039625,1
495,1089,-0.0412556529,0.4369034469,1
495,1121,-0.1602205336,0.6957775354,1
495,1153,-0.04217129946,1.163642049,1
495,1185,0.109776184,0.8275206089,1
495,1217,-0.2039565593,0.1038079858,1
495,1249,-0.2753734589,0.01316577196,1
495,1281,0.3407256305,-0.02194069326,1
495,1313,1.146875381,0.4342742562,1
495,1345,1.269507408,0.9962830544,1
495,1377,1.128264427,1.499442458,1
495,1409,1.094032884,1.461998701,1
495,1441,0.70195961,0.4006221294,1
495,1473,0.2789797187,0.7032495737,1
495,1505,0.3972652555,1.550045371,1
495,1537,-7.387141705,3.528260708,1
495,1569,0.05771064758,1.380856156,1
495,1601,-9.575567245,12.77026558,1
495,1633,-6.289440155,-18.22553062,1
495,1665,0.3288793862,0.2227579057,1
495,1697,0.2217372656,0.11559131,1
495,1729,0.1126742959,0.1002727672,1
495,1761,0.1101012528,0.05412700772,1
495,1793,-0.1855363846,0.2489804029,1
495,1825,-0.4656337202,0.42814219,1
495,1857,0.1844781786,0.2286494374,1
495,1889,0.3655987382,0.2060767412,1
495,1921,-0.2605066299,0.4648536444,1
495,1953,-0.4081959724,0.2408080101,1
495,1985,-0.2593643665,-0.10284058,1
495,2017,-0.2560157776,-0.1092559844,1
527,33,-0.1261963546,0.2263758034,1
527,65,-0.1571542174,0.01727072895,1
527,97,-0.1398992836,-0.1741260886,1
527,129,-0.1981506795,-0.3139184713,1
527,161,-0.2023202032,-0.1460726708,1
527,193,-0.0297318697,-0.1398701221,1
527,225,-0.2411116362,-0.1927950382,1
527,257,-0.2445362359,-0.4319505692,1
527,289,-0.08558392525,-0.5806719661,1
527,321,-0.1016226411,-0.1452052742,1
527,353,-1.280640364,-0.3721147478,1
527,385,-1.031763077,-0.2962471843,1
527,417,-0.7168809175,-0.4453511834,1
527,449,-0.6378427148,-0.311186105,1
527,481,-0.3566642106,0.03937500715,1
527,513,-0.2041876614,-0.2042424977,1
527,545,0.6395394802,0.4056460261,1
527,577,1.258085728,0.06449256837,1
527,609,2.892034531,-2.098607779,1
527,641,2.212774515,-1.63397491,1
527,673,1.064290285,-1.698525786,1
527,705,-19.25245285,-1.348378897,1
527,737,0.216773361,-0.8571227193,1
527,769,0.4192507863,-0.1645946205,1
527,801,0.6985188723,0.1205267832,1
527,833,0.6347482204,0.06997638941,1
527,865,0.1212433577,-0.062783584,1
527,897,-0.06759333611,-0.1978954077,1
527,929,20.04125404,1.535694242,1
527,961,0.8544471264,-0.3374498487,1
527,993,0.4805126488,0.1088148952,1
527,1025,0.7527785897,0.3166357279,1
527,1057,0.4062445164,0.5037899017,1
527,1089,-0.119809866,0.4277179241,1
527,1121,-0.2491988093,0.6990816593,1
527,1153,-0.1025957316,1.629264951,1
527,1185,0.1515517384,0.7807893157,1
527,1217,0.2137896419,0.1369434595,1
527,1249,0.3128153682,0.1956321001,1
527,1281,0.4097763598,0.2482481003,1
527,1313,0.8513669968,0.3574109077,1
527,1345,0.9363378286,0.02874565125,1
527,1377,0.5354369879,0.4871034622,1
527,1409,0.9466597438,0.6327902079,1
527,1441,1.02936554,0.02806270123,1
527,1473,0.2338890433,0.254991293,1
527,1505,0.06350710988,0.2147423625,1
527,1537,0.9713349938,0.1948393583,1
527,1569,0.7749623656,0.6562286615,1
527,1601,0.548398912,1.638096571,1
527,1633,1.018527627,0.4749729335,1
527,1665,0.8892160058,0.147707805,1
527,1697,0.6969695687,-0.2790612578,1
527,1729,0.6783496141,-0.2944443524,1
527,1761,0.3723056912,0.1011035517,1
527,1793,0.1488019228,0.2355572432,1
527,1825,0.2364527881,0.5239607692,1
527,1857,0.7875395417,0.4126119614,1
527,1889,0.6558670998,0.1117812395,1
527,1921,0.0001844465733,0.4788396358,1
527,1953,-0.329537034,0.5274658203,1
527,1985,-0.1717871577,0.1078937948,1
527,2017,0.03013545275,-0.1986280531,1
559,33,0.0008528809994,0.4011455476,1
559,65,-0.008767604828,0.08587163687,1
559,97,0.257848978,-0.3811645508,1
559,129,0.02754404396,-0.4619918466,1
559,161,-0.1195008457,-0.05232835934,1
559,193,-0.06050540507,0.0900131166,1
559,225,-0.2115411162,-0.1914942861,1
559,257,-0.2880571783,-0.2251031995,1
559,289,-0.07808214426,-0.251200825,1
559,321,0.323192507,0.1748672873,1
559,353,-0.6322515607,0.1490986943,1
559,385,-1.225516319,0.1054625288,1
559,417,-0.8048251271,-0.09834905714,1
559,449,-0.3310525417,-0.1057711542,1
559,481,0.0256382376,0.3234417439,1
559,513,0.3611907661,0.665153563,1
559,545,1.048527956,0.604655087,1
559,577,1.058807611,-0.08173675835,1
559,609,1.165306211,-1.459994555,1
559,641,1.204877019,-1.84153533,1
559,673,1.323950291,-3.824463844,1
559,705,0.447897315,-1.459669352,1
559,737,0.2036107183,0.01431888342,1
559,769,0.6271885633,0.2297031879,1
559,801,1.008674264,-0.2752313614,1
559,833,1.350096464,-0.5233238935,1
559,865,0.9167803526,-0.205975011,1
559,897,0.3730363846,0.07963699102,1
559,929,0.399225831,0.5111761093,1
559,961,0.4407162666,0.3060330153,1
559,993,0.4647387862,0.1566793919,1
559,1025,0.3108875155,0.1445207745,1
559,1057,0.390653789,0.5142916441,1
559,1089,0.2893648148,0.4604799747,1
559,1121,0.1659032255,0.6476854086,1
559,1153,0.05731612444,1.056949973,1
559,1185,-0.03000961244,0.8399934769,1
559,1217,0.04920180887,0.5473182201,1
559,1249,0.2945258319,-0.01878976822,1
559,1281,0.284945637,0.4825337231,1
559,1313,0.3436962068,0.7484676838,1
559,1345,0.3951794207,0.1208410263,1
559,1377,0.2436645031,0.5218130946,1
559,1409,0.4115891755,0.3637897968,1
559,1441,0.6901174784,0.2570342422,1
559,1473,0.2278910279,0.1657715291,1
559,1505,0.2844174206,-0.4472034574,1
559,1537,0.9149885178,-0.1340297312,1
559,1569,1.457953215,0.6279187799,1
559,1601,1.790478706,0.9809837937,1
559,1633,1.915723681,0.818025589,1
559,1665,0.9170390964,0.09535393119,1
559,1697,0.5190007091,-0.1032831147,1
559,1729,0.8551063538,-0.2714694142,1
559,1761,1.184705496,-0.07955975831,1
559,1793,0.8418033123,0.1235267371,1
559,1825,0.4874089956,0.2489037812,1
559,1857,0.4396781027,0.6774759889,1
559,1889,0.1076208949,1.072188139,1
559,1921,-0.2347144336,0.8147178888,1
559,1953,-0.3549320698,0.3540865183,1
559,1985,-0.418169558,0.1212449521,1
559,2017,-0.02753348649,-0.4698389173,1
591,33,-0.119416222,0.4564245343,1
591,65,-0.01138965786,0.09375944734,1
591,97,0.2842042446,-0.4260168672,1
591,129,0.08408695459,-0.2219103724,1
591,161,-0.2285106778,0.3305612504,1
591,193,-0.3831698895,0.287055552,1
591,225,-0.1710104346,0.04381273687,1
591,257,0.001569211483,0.05351796746,1
591,289,-0.1215929836,0.07166227698,1
591,321,0.4337872267,0.5218018293,1
591,353,-0.1700918674,1.297968984,1
591,385,-0.4399535656,0.7780947685,1
591,417,-0.001628428698,0.3508388996,1
591,449,0.03305718303,0.2221115232,1
591,481,0.1667551845,0.6337022781,1
591,513,0.6788748503,1.282716632,1
591,545,0.8046094179,0.7817161679,1
591,577,0.7934562564,-0.1044780761,1
591,609,0.4972732067,-1.225434899,1
591,641,1.479679346,-1.678272367,1
591,673,1.572365761,-1.814607024,1
591,705,0.7862632275,-0.1861302853,1
591,737,0.8835402727,0.2307072878,1
591,769,0.816671133,0.006310254335,1
591,801,1.075956821,-0.3659797311,1
591,833,1.112725377,-0.6956509948,1
591,865,0.5193265676,-0.2222820967,1
591,897,0.4792606235,0.2586809397,1
591,929,0.6315515041,0.7073488235,1
591,961,0.147754252,0.3119548857,1
591,993,0.4641208053,0.07504446805,1
591,1025,0.8448023796,0.001151546836,1
591,1057,0.7117086649,0.4540522099,1
591,1089,0.5007339716,0.4828914404,1
591,1121,0.4079441726,0.5668403506,1
591,1153,0.1496258378,0.7979189754,1
591,1185,0.01351249218,0.8750581741,1
591,1217,0.09442747384,0.6752111912,1
591,1249,0.0008608549833,0.2749559879,1
591,1281,-0.3077645004,0.2299294472,1
591,1313,-0.1879092157,0.3182942569,1
591,1345,-0.004387229681,0.3518969417,1
591,1377,0.3152159154,0.6553989649,1
591,1409,0.1809990704,0.6338512897,1
591,1441,-0.05301842093,0.2924793959,1
591,1473,0.05993902683,-0.02306933887,1
591,1505,0.2944771945,-0.7806319594,1
591,1537,0.3712490797,-0.1806708127,1
591,1569,0.6814194322,0.552180171,1
591,1601,0.7598605752,0.6558035016,1
591,1633,0.3588827848,0.6165073514,1
591,1665,0.261777401,0.07092806697,1
591,1697,0.290141046,-0.06035524607,1
591,1729,1.09796679,-0.1856616884,1
591,1761,2.332093954,0.2412718832,1
591,1793,1.518890262,0.2504420877,1
591,1825,0.7480633259,0.3557662964,1
591,1857,0.2956336141,0.8425419331,1
591,1889,-0.1639852524,1.962300181,1
591,1921,-0.3137745559,1.203052044,1
591,1953,-0.0538880825,0.5133413076,1
591,1985,0.03260563314,0.1869763136,1
591,2017,-0.1664031744,-0.8097147942,1
623,33,-0.3474296033,0.2417550981,1
623,65,-0.3305194974,-0.3855151832,1
623,97,-0.1379382908,-0.3188619018,1
623,129,-0.06194638833,-0.06287533045,1
623,161,-0.08974673599,0.1524323821,1
623,193,-0.2598346472,0.1504090428,1
623,225,-0.08300108463,0.3206370473,1
623,257,-0.1745818555,0.1791443527,1
623,289,-0.5030620098,0.2116811574,1
623,321,0.2512359023,0.4793022275,1
623,353,-0.2496704608,0.9338968992,1
623,385,-0.3242788911,1.140838861,1
623,417,0.4063530266,0.996822238,1
623,449,0.1659833789,0.7757740021,1
623,481,-0.01738780364,1.538138509,1
623,513,0.1345389783,2.809764624,1
623,545,0.02179041505,1.506454229,1
623,577,0.6051868796,-0.2070705891,1
623,609,0.9902700186,-1.578737974,1
623,641,1.575997353,-1.151299715,1
623,673,1.437362432,-0.7765336037,1
623,705,1.019602418,-0.003627836704,1
623,737,1.222438097,0.4876445532,1
623,769,0.7611490488,0.04971919954,1
623,801,0.7976978421,-0.1245477349,1
623,833,1.000321031,-0.3397726417,1
623,865,0.09192556143,-0.2705176175,1
623,897,0.0869987607,0.1870726496,1
623,929,-0.004888176918,0.3757613301,1
623,961,-0.5280239582,-0.1105604097,1
623,993,0.3278528154,-0.1061320379,1
623,1025,0.704275012,-0.09529066831,1
623,1057,0.6135579944,0.3070088029,1
623,1089,0.3148114681,0.4582983255,1
623,1121,0.2989999652,0.4985899031,1
623,1153,0.2993040681,0.5548958778,1
623,1185,0.1129015088,0.8001433611,1
623,1217,0.09892247617,0.4951305687,1
623,1249,0.1464300454,0.227190733,1
623,1281,-0.05518379062,0.207471028,1
623,1313,-0.5231731534,0.175262779,1
623,1345,-0.1390372813,0.2867696285,1
623,1377,0.5008001924,0.3068468869,1
623,1409,0.259773314,0.06861162186,1
623,1441,-0.3696323633,0.1447137296,1
623,1473,0.05035209656,0.01249262691,1
623,1505,0.4858324826,-0.3216198087,1
623,1537,0.4672192335,0.0759999156,1
623,1569,0.3771389723,0.439072907,1
623,1601,0.2954129577,0.09390777349,1
623,1633,-0.02218475938,0.2842040062,1
623,1665,0.1686471105,0.2361820638,1
623,1697,0.2018394172,-0.3268428147,1
623,1729,0.7965513468,0.1287129819,1
623,1761,1.982638359,1.120970011,1
623,1793,1.21090591,0.5777157545,1
623,1825,0.9787757993,0.4312542975,1
623,1857,0.505227983,0.9919768572,1
623,1889,0.1517653167,1.640102863,1
623,1921,0.1476077288,1.743609548,1
623,1953,0.3022295237,0.7525447607,1
623,1985,0.2028988302,0.2261595577,1
623,2017,-0.0779171288,-0.8393937945,1
655,33,-0.01493601501,0.1058251262,1
655,65,-0.2707359493,-0.5522491336,1
655,97,-0.2909418941,-0.2340767384,1
655,129,-0.1433010697,-0.07907696068,1
655,161,-0.1542123556,-0.3535687625,1
655,193,0.2329399884,-0.3263468444,1
655,225,0.3818989992,0.2590686679,1
655,257,0.1663992703,0.3623526096,1
655,289,-0.2921298146,0.9035547376,1
655,321,0.3208163381,0.7495248318,1
655,353,0.1439921856,0.5190274715,1
655,385,-0.6473406553,1.22678256,1
655,417,-0.2291145325,1.643650055,1
655,449,-0.1753499508,2.869853497,1
655,481,-0.1525286585,2.876675606,1
655,513,-0.1837106347,3.507557392,1
655,545,-0.9013425112,2.72413826,1
655,577,0.5431725979,-0.1543133557,1
655,609,1.501213551,-1.315434694,1
655,641,2.438562393,-1.118345618,1
655,673,2.207402706,-0.4529855251,1
655,705,1.649190426,-0.1579380631,1
655,737,1.361935019,0.2740129828,1
655,769,5.871751308,2.304245234,1
655,801,1.044751883,0.1416129172,1
655,833,0.6255533695,-0.03764691949,1
655,865,0.008698374033,-0.2499347478,1
655,897,-0.218572408,0.1988239884,1
655,929,0.2717995048,0.8417404294,1
655,961,0.05103872716,-0.1031384245,1
655,993,0.0319467485,-0.1749833077,1
655,1025,0.2170031667,0.06292918324,1
655,1057,0.1367667019,0.02960529923,1
655,1089,0.189699024,0.3539564908,1
655,1121,0.309885323,0.4522625208,1
655,1153,0.2450487465,0.4108549356,1
655,1185,0.2567520738,0.5813903809,1
655,1217,0.282284379,0.3545885682,1
655,1249,0.2472491264,0.203664273,1
655,1281,0.03307184577,0.2445370704,1
655,1313,-0.664275825,-0.09579257667,1
655,1345,-0.07075715065,0.4051916003,1
655,1377,0.2508332133,0.1739182174,1
655,1409,0.1085709631,-0.1937431395,1
655,1441,0.277012974,0.8257516623,1
655,1473,1.057550669,1.644841671,1
655,1505,0.907006979,1.316236734,1
655,1537,0.5732075572,1.428433657,1
655,1569,0.429171145,0.4523276091,1
655,1601,0.3137115836,-0.2380363345,1
655,1633,-16.97649384,4.061664104,1
655,1665,-17.29125404,4.376775742,1
655,1697,0.3088574409,0.9276225567,1
655,1729,0.7862244248,0.5894291401,1
655,1761,1.276747227,0.3434747159,1
655,1793,1.21666193,0.1571108699,1
655,1825,0.7948319912,-0.01405590773,1
655,1857,0.2194652706,0.8732358217,1
655,1889,-0.1562963128,0.6553812623,1
655,1921,-0.09842976928,0.6130946279,1
655,1953,0.04392812401,0.3534124494,1
655,1985,0.07251177728,-0.07365453988,1
655,2017,-0.05908122659,-0.5022624731,1
687,33,0.2194211185,0.1875642687,1
687,65,-0.125418216,-0.1018329263,1
687,97,-0.159471795,-0.266658783,1
687,129,-0.01475638337,-0.1524709612,1
687,161,0.09764403105,-0.2449408174,1
687,193,0.8165524006,-0.3391689956,1
687,225,0.650711298,0.2725412846,1
687,257,0.1104839221,0.8728276491,1
687,289,-0.2987721264,1.043634653,1
687,321,-0.2473456413,0.6715000272,1
687,353,9.048296928,18.57492828,1
687,385,-0.5795327425,1.60317409,1
687,417,-1.258123279,1.588578463,1
687,449,-0.7712819576,0.9012458324,1
687,481,-0.1326103657,0.255892992,1
687,513,-0.03752755374,0.1685319543,1
687,545,-0.3399578631,0.6687059999,1
687,577,0.2919895351,0.4841201007,1
687,609,1.266065955,-0.2667512894,1
687,641,1.580572367,-1.370369196,1
687,673,1.598616481,-0.522667408,1
687,705,1.917930961,0.373010993,1
687,737,1.184557319,0.05669289082,1
687,769,0.5192165375,0.2090252638,1
687,801,0.6548407078,0.4419036508,1
687,833,0.269795239,0.3037997484,1
687,865,-0.1099653989,0.06124088168,1
687,897,0.0449205488,0.3608517647,1
687,929,0.1437060088,0.1296394914,1
687,961,-0.09171673656,0.06920436025,1
687,993,-0.02775326371,-0.01070720702,1
687,1025,0.157470867,0.06853029132,1
687,1057,-0.1047213674,0.01164028049,1
687,1089,-0.1119548753,0.3560268879,1
687,1121,0.1568614841,0.4184986353,1
687,1153,0.1929094046,0.325817585,1
687,1185,0.2136416584,0.3275548518,1
687,1217,0.2033682764,0.2081328928,1
687,1249,0.3098717332,0.2597719431,1
687,1281,0.03749914467,0.2691127658,1
687,1313,-1.154141784,0.09374853969,1
687,1345,-0.4872526526,0.2666283846,1
687,1377,-0.3653313518,0.1181504279,1
687,1409,-0.3350539207,0.06836667657,1
687,1441,0.8964937925,1.1488626,1
687,1473,1.864490032,1.709148884,1
687,1505,13.01066875,14.13563538,1
687,1537,7.125544071,19.1075058,1
687,1569,0.126981318,1.169308543,1
687,1601,0.2002245486,0.6363719702,1
687,1633,0.3532687128,0.9313780665,1
687,1665,0.3229544163,1.034496069,1
687,1697,0.1966426671,1.333247542,1
687,1729,0.6420117617,1.169262052,1
687,1761,1.380651951,0.4521620274,1
687,1793,0.8049456477,0.1508790255,1
687,1825,0.06856864691,0.1688454449,1
687,1857,-0.6841922402,0.2061761916,1
687,1889,-0.6431663036,-0.133757174,1
687,1921,-0.2698572278,-0.07655224204,1
687,1953,0.06937960535,-0.07190611959,1
687,1985,-0.03693154454,-0.1129195243,1
687,2017,-0.03664334118,-0.1793531775,1
719,33,0.4472860694,0.3265440762,1
719,65,0.1861180067,0.1428429633,1
719,97,-0.0585462302,-0.2136519998,1
719,129,-0.01692545414,-0.04600462317,1
719,161,0.2596287727,-0.08516559005,1
719,193,0.5897026062,-0.168435663,1
719,225,0.4392924309,0.2318491638,1
719,257,-0.05491954088,0.7714244723,1
719,289,-0.3301769495,0.6502094269,1
719,321,-0.2897101939,0.3173313439,1
719,353,0.05514283478,0.7600824833,1
719,385,-0.4132423997,1.60748148,1
719,417,-1.403899908,1.301794529,1
719,449,-0.9288511872,0.2721287012,1
719,481,0.506308794,-0.9411451221,1
719,513,0.4943612218,-0.7112126946,1
719,545,-0.003907948732,-0.4651549757,1
719,577,0.1050142646,-0.1333286464,1
719,609,0.1578240395,-0.1075651348,1
719,641,0.09097367525,-0.4470407963,1
719,673,0.6427284479,-0.05337955058,1
719,705,1.236962199,0.2591551542,1
719,737,0.6879833341,-0.1020279154,1
719,769,-0.3394677043,-0.1642542779,1
719,801,0.002647429705,0.830984354,1
719,833,0.1724844426,0.6544163823,1
719,865,-0.2109432518,0.3208079934,1
719,897,-0.01930584013,0.4085533023,1
719,929,0.02539887279,0.09213516116,1
719,961,0.02959030867,0.1504359245,1
719,993,0.1816948205,0.2864408493,1
719,1025,0.1715004146,0.339341104,1
719,1057,0.1035097539,0.589330554,1
719,1089,-0.02335393429,0.4700306952,1
719,1121,0.05325132608,0.2606811523,1
719,1153,0.1269741058,0.1127567291,1
719,1185,0.04648903012,0.1697690785,1
719,1217,0.03607062995,0.1600898653,1
719,1249,0.2315184027,0.2553173006,1
719,1281,0.157727167,0.2918676734,1
719,1313,-0.3086358905,0.3565481305,1
719,1345,-0.4366972148,0.1866347343,1
719,1377,-0.1523453146,-0.1023408026,1
719,1409,0.6704748273,-0.8347052932,1
719,1441,1.388998747,-0.2130212784,1
719,1473,2.964081287,1.460145712,1
719,1505,0.8773354292,0.4174425006,1
719,1537,-0.009770929813,0.4176486731,1
719,1569,0.40520823,0.9045110941,1
719,1601,0.5111100674,1.076446533,1
719,1633,0.5533285141,1.129119158,1
719,1665,0.6918056607,0.9155533314,1
719,1697,0.3748388886,0.759262979,1
719,1729,0.4666951299,1.181361198,1
719,1761,0.4240469038,1.091238141,1
719,1793,0.187823832,0.6920961142,1
719,1825,-0.1657966375,0.1858753562,1
719,1857,-0.362157166,-0.5394810438,1
719,1889,-0.145584017,-0.09063445032,1
719,1921,0.06698451936,0.109585613,1
719,1953,0.1728075296,-0.02527692914,1
719,1985,-0.03500101715,0.1293050945,1
719,2017,-0.02395102382,-0.00601375103,1
751,33,0.826474905,0.411100477,1
751,65,0.7351853251,-0.3901686072,1
751,97,0.2758815289,-0.3923482001,1
751,129,-0.1350550354,0.02489072084,1
751,161,-0.004758358002,-0.03527362645,1
751,193,0.04833233356,-0.1025099158,1
751,225,0.3720490932,0.115372546,1
751,257,0.3099777102,0.3082620203,1
751,289,-0.1020921767,0.3282579184,1
751,321,-0.03703212738,0.03818196058,1
751,353,1.079000711,-0.4379729033,1
751,385,0.7040585876,0.3292948902,1
751,417,-0.1124737561,0.7982005477,1
751,449,-0.4207481146,0.2863540053,1
751,481,-0.1497336924,-0.8639464378,1
751,513,0.4660326838,-1.767871737,1
751,545,0.1227930561,-0.7418584824,1
751,577,-0.1052496433,-0.4888286293,1
751,609,-0.4465095401,-0.5744571686,1
751,641,-0.2233185917,-0.07641457021,1
751,673,0.4123987854,0.3382178247,1
751,705,0.5993225574,0.1210370958,1
751,737,-0.1603161097,-0.3699705601,1
751,769,-0.7443915009,-0.2463545352,1
751,801,-0.3301497102,0.5438826084,1
751,833,-0.2620307803,0.9555673599,1
751,865,-0.09606565535,0.3973916769,1
751,897,0.1652716994,0.3720421791,1
751,929,0.2754469514,0.2322607636,1
751,961,0.3385863304,0.3296692371,1
751,993,0.2972069979,0.5457322598,1
751,1025,0.2186132371,0.5588473082,1
751,1057,0.06901848316,0.7200255394,1
751,1089,0.107824564,0.4341298342,1
751,1121,0.1362062246,0.2323924005,1
751,1153,0.08014966547,-0.3194571733,1
751,1185,-0.1791707873,0.05444863439,1
751,1217,0.05340635777,0.1652079374,1
751,1249,0.1776418537,0.1633688062,1
751,1281,0.1207702458,0.2148058414,1
751,1313,-0.133197397,0.2779565156,1
751,1345,0.2369174659,0.07844235003,1
751,1377,0.7595113516,0.03576439619,1
751,1409,1.952811599,-0.629216373,1
751,1441,1.963377476,-0.2695021629,1
751,1473,1.432155967,1.024020433,1
751,1505,1.08791399,1.220570326,1
751,1537,0.4031783938,1.144456506,1
751,1569,0.3566638231,0.4327616692,1
751,1601,0.07836481929,0.5736131668,1
751,1633,0.3709588051,1.109804392,1
751,1665,0.8388230205,1.121432066,1
751,1697,0.7006069422,1.27758646,1
751,1729,0.1510546207,1.001434922,1
751,1761,-0.178399533,0.6970971823,1
751,1793,-0.08861117065,0.2992599308,1
751,1825,-0.1480739117,-0.09812180698,1
751,1857,-0.2217195034,-0.1679678559,1
751,1889,-0.1373513639,0.3888355494,1
751,1921,-0.05320832878,0.5040003061,1
751,1953,-0.009672909975,0.1076436862,1
751,1985,0.01235879399,0.4657402635,1
751,2017,-0.09666763246,0.03296245635,1
783,33,0.5664551258,0.3567968905,1
783,65,1.264410019,-1.270512342,1
783,97,0.5129790306,-0.6626339555,1
783,129,-0.04080749303,-0.04192006588,1
783,161,0.05585563183,-0.3520780206,1
783,193,-0.01626031101,-0.6134334803,1
783,225,0.2158645391,-0.3770295084,1
783,257,0.2688358128,-0.1255024821,1
783,289,-0.1570456922,-0.1709477901,1
783,321,-0.3407891393,-0.2046453953,1
783,353,0.07334421575,-0.2906602025,1
783,385,0.4227930605,-0.2439497709,1
783,417,0.6262906194,0.09199103713,1
783,449,0.1399649978,-0.3099479675,1
783,481,-0.07499091327,-0.8903608322,1
783,513,0.0960502252,-0.9556722641,1
783,545,-0.3996216655,-0.5125510693,1
783,577,-0.6308114529,-0.6097509265,1
783,609,-1.00792563,-0.3848924339,1
783,641,-0.4980399907,-0.05425287783,1
783,673,0.2553099394,0.2205602229,1
783,705,0.3603089452,0.02554268017,1
783,737,-0.05449679494,-0.4085744023,1
783,769,-0.7070986032,0.2224727273,1
783,801,-0.5385144949,0.3970816135,1
783,833,-0.522110939,0.04346907139,1
783,865,-0.3288601935,0.2807083726,1
783,897,-0.02313098311,0.2845484316,1
783,929,0.07705888897,0.2907634676,1
783,961,0.1366926283,0.546126008,1
783,993,0.1905251443,1.119111776,1
783,1025,0.2992622554,0.6032566428,1
783,1057,0.335442245,0.4691208303,1
783,1089,0.3128815293,0.3819599152,1
783,1121,0.2923130393,0.242705673,1
783,1153,0.1887722015,0.1613313407,1
783,1185,0.05400274694,0.2458752543,1
783,1217,0.1272888035,0.1463347375,1
783,1249,0.2658004165,0.1254779398,1
783,1281,0.2259184718,0.2940210998,1
783,1313,-0.01635526121,0.2362025678,1
783,1345,0.1226490736,0.06437247992,1
783,1377,1.244616628,0.2212663591,1
783,1409,2.115759373,0.1027705967,1
783,1441,1.469053864,-0.05213268101,1
783,1473,1.028664827,0.8273984194,1
783,1505,0.728407979,1.642580628,1
783,1537,0.2823922336,1.93262291,1
783,1569,-6.606331348,12.59436321,1
783,1601,0.1798973083,0.2878988981,1
783,1633,0.6051095724,0.9893206358,1
783,1665,2.687111855,1.242301226,1
783,1697,0.7909810543,1.362735629,1
783,1729,-0.3234810829,0.6093589067,1
783,1761,-0.7773877382,-0.1288555861,1
783,1793,-0.4043722451,-0.1774055362,1
783,1825,-0.1980625987,0.1441598833,1
783,1857,-0.1673400402,0.09012764692,1
783,1889,0.08149299026,0.3748261333,1
783,1921,0.245505929,0.2288787365,1
783,1953,0.09341407567,0.1784825474,1
783,1985,-0.1302905679,0.3487688601,1
783,2017,-0.295537889,-0.01209559105,1
815,33,-0.01910234988,0.1973002851,1
815,65,0.3898836374,-0.3933848739,1
815,97,0.3267444372,-0.6442503929,1
815,129,-0.08295230567,-0.2564062774,1
815,161,0.07237190008,-0.3967143297,1
815,193,-0.06083360314,-1.192646027,1
815,225,0.404034853,-1.677095413,1
815,257,0.7741208076,-0.6005017757,1
815,289,0.3691595793,-0.1555784345,1
815,321,0.1524993181,-0.156805262,1
815,353,-0.1525098085,0.06284099817,1
815,385,-0.3565008342,0.1181598455,1
815,417,0.8851966858,-0.2611628175,1
815,449,0.3275883496,-0.3714146018,1
815,481,-0.1639216393,-0.368283093,1
815,513,-0.2798325121,-0.5225924253,1
815,545,-0.7841531634,-0.5678665638,1
815,577,-0.6903424859,-0.4564655423,1
815,609,-0.4934127927,1.193559647,1
815,641,-15.94065952,12.82966614,1
815,673,0.05174988508,-0.1343063712,1
815,705,-0.09996694326,0.2443689257,1
815,737,0.2801675797,0.02693639696,1
815,769,-0.1484864801,0.2502853572,1
815,801,-0.339727968,0.173438862,1
815,833,-0.5237590671,0.1747761369,1
815,865,-0.380874455,0.1471031606,1
815,897,-0.1087165996,-0.04929815978,1
815,929,-0.0670112595,-0.1256673932,1
815,961,0.004781894386,0.7921336293,1
815,993,0.07267659903,1.216039419,1
815,1025,0.1929780543,0.5033242106,1
815,1057,0.3171796203,0.2992572486,1
815,1089,0.3729763031,0.2885290384,1
815,1121,0.3558726609,0.2942847013,1
815,1153,0.3488293886,0.3034303486,1
815,1185,0.2905067801,0.3023026288,1
815,1217,0.06787193567,0.2238890529,1
815,1249,0.2704217434,0.2974499762,1
815,1281,0.2303469628,0.5150130987,1
815,1313,0.1230613887,0.2325311601,1
815,1345,0.01497596502,0.2338793874,1
815,1377,0.89455688,0.8040232658,1
815,1409,1.392192602,-0.007179513574,1
815,1441,0.3124642968,-0.711594522,1
815,1473,-0.3200932741,-0.1956428885,1
815,1505,0.3049603701,0.7389491796,1
815,1537,0.4075657427,1.366888285,1
815,1569,0.1913184226,1.029460073,1
815,1601,0.5320698023,0.1778697968,1
815,1633,0.6047918797,0.4561293721,1
815,1665,2.462811708,1.242004871,1
815,1697,9.200605392,17.76274109,1
815,1729,-0.2294816077,-0.04999308288,1
815,1761,-0.4614216089,-0.3500066698,1
815,1793,-0.4785861671,-0.3650040329,1
815,1825,-0.09404480457,0.1436906904,1
815,1857,0.2062893659,0.03380042315,1
815,1889,-12.56683445,-7.714960098,1
815,1921,0.531175375,0.2447158694,1
815,1953,0.1025591791,0.1308490038,1
815,1985,-0.1105194241,0.05658206716,1
815,2017,-0.06558091938,0.001759104431,1
847,33,-0.274063915,0.26567626,1
847,65,-0.01620073617,-0.3297847211,1
847,97,0.1070366502,-0.4763430357,1
847,129,-0.3874842525,-0.1524035931,1
847,161,-0.3610659838,-0.4384181499,1
847,193,-0.009830713272,-1.607255816,1
847,225,0.4482454062,-1.555092454,1
847,257,1.051445484,-0.2464792728,1
847,289,0.6912722588,0.1145394444,1
847,321,0.1932705045,0.04733261466,1
847,353,0.1878509521,-0.08490124345,1
847,385,0.3328925371,-0.001914858818,1
847,417,0.554597199,-0.2460379899,1
847,449,0.2983300686,-0.05380350351,1
847,481,-0.1882387698,0.0540445745,1
847,513,-0.7697972655,-0.6400257349,1
847,545,-0.3502271771,-1.203680873,1
847,577,-0.1687868536,0.4543258548,1
847,609,-0.07099747658,4.03538084,1
847,641,0.4888294637,3.501584053,1
847,673,-12.80571556,-9.674237251,1
847,705,-0.0009288489819,-0.310682416,1
847,737,0.3261050284,-0.03788542747,1
847,769,0.1938862056,0.1077437103,1
847,801,-0.09158852696,-0.006417512894,1
847,833,-0.4244032204,0.1542972773,1
847,865,-0.4334301054,0.1003132313,1
847,897,-0.5181957483,-0.7785137892,1
847,929,-0.3920438588,-0.6371623278,1
847,961,0.00532502681,0.6716359258,1
847,993,-0.2022193372,0.8583611846,1
847,1025,-0.2759766579,0.2804513574,1
847,1057,0.0625731796,0.1478824317,1
847,1089,0.1284945011,0.1920296252,1
847,1121,0.1079475284,0.3640225232,1
847,1153,0.2145333886,0.5327509046,1
847,1185,0.1847490668,0.4343859255,1
847,1217,0.002546101809,0.2362588644,1
847,1249,-0.06795737147,0.1099846959,1
847,1281,-0.2518383265,0.2215365767,1
847,1313,-0.08345520496,0.2399865687,1
847,1345,0.09457802773,0.03721785545,1
847,1377,0.4940627813,0.8515402079,1
847,1409,0.8590490818,0.2536008358,1
847,1441,0.4813053012,-0.3905780911,1
847,1473,-0.05580347776,-0.5389162302,1
847,1505,0.5776221156,0.2970634699,1
847,1537,0.8129552007,1.453003168,1
847,1569,0.7106949091,1.288702369,1
847,1601,0.4623619616,0.1071837544,1
847,1633,0.6757762432,-0.6009889245,1
847,1665,1.253728747,0.06439107656,1
847,1697,-5.045352459,-16.18884659,1
847,1729,0.1171824113,-0.4621040225,1
847,1761,0.415958941,0.2771528363,1
847,1793,0.1414380968,0.1515076458,1
847,1825,0.2288118154,0.2733004689,1
847,1857,0.4627774954,0.2278546989,1
847,1889,0.3653057218,0.1889701188,1
847,1921,0.1537518054,0.5393140912,1
847,1953,0.08116036654,0.027471615,1
847,1985,-0.05273593962,0.001263095997,1
847,2017,-0.04340779036,0.03504103422,1
879,33,-0.2514145374,0.8401597738,1
879,65,0.02278548479,-0.4270518422,1
879,97,0.1433617473,-0.6634864807,1
879,129,0.9532086253,-1.653126359,1
879,161,1.19264698,-2.079203606,1
879,193,0.9665108919,-1.617168427,1
879,225,1.006293774,-0.9646481276,1
879,257,1.739334583,-0.7924909592,1
879,289,1.324248075,-0.4533747435,1
879,321,0.134726584,0.2520394027,1
879,353,0.8957117796,-0.4337139726,1
879,385,1.334333897,-0.3981816471,1
879,417,0.4367051125,-0.4100345373,1
879,449,0.1691485345,-0.2266119421,1
879,481,0.04944558442,-0.192286402,1
879,513,-0.1240460873,-0.6580960751,1
879,545,0.4303654432,-1.455070257,1
879,577,0.7386276126,0.2150708437,1
879,609,0.654348135,3.603393078,1
879,641,0.3558319807,3.008605957,1
879,673,0.405859679,1.220323563,1
879,705,0.3231688738,-0.6826606989,1
879,737,0.3803440332,-0.5797165036,1
879,769,0.3554593921,-0.2396011055,1
879,801,0.04166525602,-0.1841360331,1
879,833,-0.2488559335,-0.1378102154,1
879,865,-0.3227033913,-0.01630288176,1
879,897,-0.6353594661,-0.5836846828,1
879,929,-0.5730758905,-0.52650249,1
879,961,-0.3015871644,0.4608209729,1
879,993,-0.2393790185,0.7947794795,1
879,1025,-0.08823959529,0.2517115176,1
879,1057,0.02875621431,-0.1021241099,1
879,1089,0.1831744313,0.0562543124,1
879,1121,0.1641460359,0.3314367533,1
879,1153,0.1896635592,1.52553153,1
879,1185,0.001216609031,0.7607047558,1
879,1217,-0.5565744638,0.2989982367,1
879,1249,-1.096019745,-0.006038039923,1
879,1281,-0.506712079,0.4007209837,1
879,1313,-0.1793217063,0.5356242657,1
879,1345,0.06747564673,0.3905895352,1
879,1377,0.2357792556,0.3894205093,1
879,1409,0.1499000937,0.1296118349,1
879,1441,0.1394632161,-0.04473367333,1
879,1473,0.1015312076,0.3517125845,1
879,1505,0.8189957142,0.5746636987,1
879,1537,1.068545341,1.022846818,1
879,1569,0.492970705,1.231601954,1
879,1601,-0.1539328992,0.6080531478,1
879,1633,-0.2127123475,0.1201984286,1
879,1665,-0.3132656515,-0.2913818955,1
879,1697,-0.8503157496,-1.077016354,1
879,1729,-0.1139003038,-0.5468865633,1
879,1761,0.6900539994,0.1828549206,1
879,1793,0.7847248316,0.3972920179,1
879,1825,0.3479506969,0.4152960777,1
879,1857,0.3103595078,0.4853217602,1
879,1889,0.284812212,0.3636738658,1
879,1921,0.06976554543,0.4589623809,1
879,1953,0.002191927284,0.02486032993,1
879,1985,0.05779296905,-0.03789119795,1
879,2017,0.03107210994,0.01465339214,1
911,33,0.6061367989,1.653214216,1
911,65,0.8242921233,-0.04830490053,1
911,97,0.6377754211,-0.5389919281,1
911,129,1.558196306,-2.063875675,1
911,161,1.808368683,-1.992027521,1
911,193,1.387584686,-1.710886002,1
911,225,1.150013328,-1.2596277,1
911,257,0.9168540835,-1.086202979,1
911,289,0.632781744,-1.040562749,1
911,321,0.5023829341,-0.5123203993,1
911,353,1.159657121,-0.8435993195,1
911,385,0.865989387,-0.6909166574,1
911,417,0.4481150508,-0.4312162101,1
911,449,0.2092879713,-0.2603717744,1
911,481,0.01933449507,-0.1640471816,1
911,513,-0.03476333618,-0.5580951571,1
911,545,1.101149797,-1.729158521,1
911,577,2.854255199,16.85185432,1
911,609,-17.83469963,2.146766663,1
911,641,0.7024428844,1.588695884,1
911,673,0.6570433378,0.7419774532,1
911,705,-16.16270447,-0.6626964808,1
911,737,-0.02172875404,-0.696921587,1
911,769,0.280292064,-0.6813383698,1
911,801,0.255220592,-0.1738151908,1
911,833,-0.1481334865,0.07795931399,1
911,865,-0.1121829152,-0.08277780563,1
911,897,-0.101133436,-0.3659588993,1
911,929,0.04560759664,0.03207246959,1
911,961,-0.4447936118,0.3319802284,1
911,993,-0.2633860409,0.9784228206,1
911,1025,0.09445533156,0.3185638785,1
911,1057,0.07076212019,-0.366881609,1
911,1089,0.1879657507,-0.3037549555,1
911,1121,0.07433438301,-0.2588557303,1
911,1153,0.01686359197,0.9504287839,1
911,1185,0.08957774192,1.452689171,1
911,1217,-0.2543484271,0.4919447303,1
911,1249,-0.6511992216,-0.08914297819,1
911,1281,-0.01438349485,0.4739562869,1
911,1313,0.1087261885,0.9669666886,1
911,1345,-0.3733193874,0.7633619905,1
911,1377,-0.3837716877,0.3490620553,1
911,1409,-0.1651771963,-0.1194149852,1
911,1441,-0.1229039878,0.09628000855,1
911,1473,0.06553447247,0.6560578942,1
911,1505,0.6612716317,0.781863749,1
911,1537,0.7167959213,0.9317781925,1
911,1569,0.2844857574,1.128498077,1
911,1601,-0.4569850564,1.174151897,1
911,1633,-0.04482741654,0.8155722618,1
911,1665,-0.1088225543,-0.1820447445,1
911,1697,-0.9617137313,-0.8139762282,1
911,1729,-0.1756809652,-0.4280611575,1
911,1761,0.5198994875,0.3220058084,1
911,1793,0.560356319,0.4775062501,1
911,1825,0.1818585396,0.8551096916,1
911,1857,-0.1030972004,0.5700733662,1
911,1889,-0.01842987537,0.2554599047,1
911,1921,-0.1784136146,0.2080738395,1
911,1953,-0.34808442,-0.08573745191,1
911,1985,0.1492026299,-0.01394369826,1
911,2017,0.2312232852,-0.01492208987,1
943,33,0.8805138469,1.678991318,1
943,65,1.371412992,-0.8343303204,1
943,97,1.098437071,-1.375440478,1
943,129,0.3336805105,-1.741659164,1
943,161,0.5044842362,-1.752023578,1
943,193,0.7049219608,-3.102971554,1
943,225,1.122403622,-1.792415261,1
943,257,0.3664170802,-1.315519094,1
943,289,0.1616815031,-1.317902803,1
943,321,0.2750810981,-0.8674603701,1
943,353,0.8156992197,-0.4295950532,1
943,385,0.6632445455,-0.5470529795,1
943,417,0.397811532,-0.5062743425,1
943,449,0.3798121214,-0.1800528169,1
943,481,0.4312041998,-0.1731066108,1
943,513,0.4404913783,-0.7213487625,1
943,545,0.8519656062,-0.8408675194,1
943,577,1.498546839,-0.1730153114,1
943,609,1.140053988,0.603343904,1
943,641,0.6287313104,0.7808260918,1
943,673,0.4987193942,0.06197211146,1
943,705,-0.309107095,-0.9066739082,1
943,737,-0.7019891739,-0.6419162154,1
943,769,-10.96829033,12.06905174,1
943,801,0.03684063256,0.07841938734,1
943,833,-0.6469271183,0.4077821374,1
943,865,-0.1636918336,0.08252640814,1
943,897,0.6058540344,0.04768823832,1
943,929,0.6447187066,-0.02554130927,1
943,961,-0.1854811162,0.1379688829,1
943,993,-0.3801890016,1.025462985,1
943,1025,-0.04064488411,0.3754076958,1
943,1057,-0.03665773571,-0.7310097814,1
943,1089,0.1406552345,-0.4550829232,1
943,1121,0.04246301949,-0.3156897724,1
943,1153,0.09225516021,0.5405231714,1
943,1185,0.1105324328,1.086118817,1
943,1217,0.006063699722,0.7170220613,1
943,1249,0.4142650068,0.3790121078,1
943,1281,0.4500015974,0.6124429703,1
943,1313,-0.2804640234,1.338654757,1
943,1345,-0.6188543439,0.8549695611,1
943,1377,-0.3149859309,0.1051425636,1
943,1409,0.06230172887,-0.1844807267,1
943,1441,-0.003638774157,0.2841089368,1
943,1473,0.1477242112,0.8214957118,1
943,1505,0.4658622742,0.8113267422,1
943,1537,0.4907320142,0.9039216042,1
943,1569,0.2775551677,0.4978792667,1
943,1601,0.2474370301,0.4834372401,1
943,1633,0.5124409795,0.70578444,1
943,1665,0.606131494,-0.2309926003,1
943,1697,0.04547607899,-0.600412786,1
943,1729,0.1273373663,-0.006272625178,1
943,1761,0.6253648996,-0.04680070281,1
943,1793,0.3711326122,0.1104589105,1
943,1825,-0.1781970412,0.9766424298,1
943,1857,-0.368235141,0.74751091,1
943,1889,-0.3398689926,-0.01268666983,1
943,1921,-0.1820573509,-0.1254693866,1
943,1953,-0.03259870782,-0.0372845754,1
943,1985,0.2400527149,0.05079322308,1
943,2017,-0.003183335066,0.01170603931,1
975,33,-0.1826821268,1.140338898,1
975,65,0.2256788313,-1.920045495,1
975,97,0.08026367426,-3.366576672,1
975,129,-0.9406340718,-3.461276531,1
975,161,-0.3336515427,-1.627951622,1
975,193,0.2767703533,-2.325241089,1
975,225,0.4915400743,-1.352936029,1
975,257,0.4561848044,-1.294775009,1
975,289,0.571007967,-0.7750591636,1
975,321,0.4798097908,-0.3772006333,1
975,353,0.5607956648,-0.0979077518,1
975,385,0.5268086195,-0.06496667862,1
975,417,0.09576293826,-0.4344727695,1
975,449,0.127750814,-0.6219058633,1
975,481,0.617921114,-0.5832906365,1
975,513,0.7690640092,-0.6163080931,1
975,545,0.8065603375,-0.6804418564,1
975,577,0.7216945291,-0.4458385706,1
975,609,0.743932128,-0.1003595889,1
975,641,0.9595733285,0.7159119248,1
975,673,0.3662611246,0.2463508248,1
975,705,-0.9380956888,-0.6155841351,1
975,737,-1.835404873,-1.040628672,1
975,769,-0.6252095699,-1.071798325,1
975,801,-0.2374689877,-0.21542418,1
975,833,-2.218951225,0.1546225399,1
975,865,-0.596783042,0.4041616321,1
975,897,-0.1550586671,0.290058285,1
975,929,0.69875139,-0.1339112222,1
975,961,0.06157468259,0.1918114424,1
975,993,-0.127599746,0.7281550169,1
975,1025,0.01847329736,0.1605120897,1
975,1057,-0.07980187237,-0.6505528688,1
975,1089,-0.08236894011,-0.5525546074,1
975,1121,-0.05544927716,-0.5092090964,1
975,1153,-0.06846959889,-0.05400756001,1
975,1185,0.4879078269,0.7794415355,1
975,1217,1.394141793,1.617335916,1
975,1249,1.114723444,1.022700548,1
975,1281,0.2508109808,1.002978802,1
975,1313,2.116056919,-13.70978642,1
975,1345,-0.592848897,0.5220193267,1
975,1377,-0.381151557,-0.04823550582,1
975,1409,0.1347022057,-0.2866354585,1
975,1441,0.4190322757,0.1721436381,1
975,1473,0.5633693933,1.481597066,1
975,1505,0.1876612902,1.390006065,1
975,1537,-0.01115638018,0.4186269045,1
975,1569,0.3116314113,-0.06436663866,1
975,1601,0.5640715361,0.08557292819,1
975,1633,0.5458912849,0.5477128625,1
975,1665,0.2007953525,0.04734961689,1
975,1697,0.4902179837,0.1923737824,1
975,1729,0.3635162115,0.2986888587,1
975,1761,0.5126469135,-0.04745741189,1
975,1793,0.6890395284,-0.08559253812,1
975,1825,0.02388225496,0.4994921088,1
975,1857,-0.07128955424,0.4299407601,1
975,1889,-0.0479496941,-0.1127206832,1
975,1921,-0.03105702996,-0.3287576139,1
975,1953,0.3044475019,0.01497207582,1
975,1985,0.3416176438,0.1157409027,1
975,2017,-0.2242329717,0.08673782647,1
1007,33,-0.4895692766,1.523938656,1
1007,65,-12.59852982,1.144290805,1
1007,97,-12.38537502,-0.5115045309,1
1007,129,-10.6084919,-3.666035891,1
1007,161,0.4853850007,-4.886219501,1
1007,193,-0.1562451124,-1.134323716,1
1007,225,-0.1933229268,-0.8998940587,1
1007,257,0.2321174741,-0.803917706,1
1007,289,0.4482408762,-0.5484825969,1
1007,321,16.90918159,-11.06410885,1
1007,353,4.41273737,-19.75636864,1
1007,385,0.03479467332,-0.4145672321,1
1007,417,0.05143965781,-0.5510127544,1
1007,449,0.3436705172,-0.4358437657,1
1007,481,0.5759721994,-0.1563377231,1
1007,513,0.6539841294,0.1356674582,1
1007,545,0.5183344483,-0.1886025965,1
1007,577,-0.05322426558,-0.1804119498,1
1007,609,0.4400469065,-0.1718502492,1
1007,641,0.6987379789,0.2944375873,1
1007,673,0.302080065,-0.01192361116,1
1007,705,-10.17157745,-12.40097332,1
1007,737,-0.9372265339,-1.183902144,1
1007,769,-0.4291837811,-1.061032057,1
1007,801,0.003188803792,-0.6959913969,1
1007,833,-1.272662759,-0.1724645495,1
1007,865,-0.7879843712,0.01115596667,1
1007,897,-0.03471811116,0.1852411479,1
1007,929,0.8773530722,0.198451221,1
1007,961,0.2799988091,0.3512834609,1
1007,993,-0.6050709486,-0.056324929,1
1007,1025,0.06191631407,-0.327668637,1
1007,1057,0.06210449338,-0.7369490862,1
1007,1089,0.04775765538,-0.5649211407,1
1007,1121,0.05175706744,-0.3784118593,1
1007,1153,-0.2710367441,-0.1021881253,1
1007,1185,0.2988464832,0.58079952,1
1007,1217,1.379558563,2.115775824,1
1007,1249,1.093225956,1.036242485,1
1007,1281,0.7468717098,2.481968403,1
1007,1313,0.2056439966,0.952014029,1
1007,1345,-0.1591182947,0.1129410267,1
1007,1377,0.1497791409,-0.3155870438,1
1007,1409,0.6899398565,0.2744704187,1
1007,1441,1.029877543,0.7864912748,1
1007,1473,1.053179383,1.61295104,1
1007,1505,0.8375850916,1.86047709,1
1007,1537,0.2968942523,0.818977952,1
1007,1569,0.5323112607,0.2035006881,1
1007,1601,0.795530498,0.2864317894,1
1007,1633,0.4722529054,0.3729015589,1
1007,1665,0.03610086441,-0.0705588907,1
1007,1697,1.009926081,0.4175900817,1
1007,1729,0.8987460136,0.238596186,1
1007,1761,0.93162328,-0.04323010519,1
1007,1793,1.92285037,-0.3186609149,1
1007,1825,0.8175450563,-0.1845612079,1
1007,1857,0.406468451,-0.1513880491,1
1007,1889,0.2445690483,-0.2014603317,1
1007,1921,0.0476937741,-0.04186726362,1
1007,1953,0.2326283753,0.1071696952,1
1007,1985,0.09665559232,0.1602519155,1
1007,2017,-0.2832863927,-0.03495572507,1
1039,33,0.6327404976,2.595673561,1
1039,65,1.173010826,-3.311590433,1
1039,97,-13.12922764,-1.334902048,1
1039,129,0.208937794,-1.88658917,1
1039,161,1.946367979,-5.375639915,1
1039,193,1.50505507,-4.111083031,1
1039,225,0.4745933414,-0.578121841,1
1039,257,0.2635823488,-0.6042065024,1
1039,289,0.1626155376,-0.4930305481,1
1039,321,0.1915663183,-0.2848643661,1
1039,353,0.07215091586,-0.3923099041,1
1039,385,-0.1459222436,-0.8825647831,1
1039,417,-0.01395279169,-0.7896270752,1
1039,449,0.2819499671,-0.2057749927,1
1039,481,0.9414258003,-0.07251270115,1
1039,513,0.8634506464,0.09742948413,1
1039,545,0.5520381331,-0.08692389727,1
1039,577,0.6087553501,0.149359569,1
1039,609,0.7522197366,0.3403927088,1
1039,641,0.8400213122,-0.2723119855,1
1039,673,0.5945256948,-1.698282003,1
1039,705,2.59656477,-3.245765924,1
1039,737,0.7341532707,-1.298849463,1
1039,769,0.4169735014,-0.7533932924,1
1039,801,0.3471755385,-0.40683797,1
1039,833,-0.8711646795,-0.2167256176,1
1039,865,-0.9201113582,0.1668295264,1
1039,897,0.3892802596,-0.2389616668,1
1039,929,0.3247478008,-0.2072894871,1
1039,961,0.1112594903,-0.2584786415,1
1039,993,0.1496227384,-0.2195288837,1
1039,1025,0.6392418146,-0.4808487892,1
1039,1057,0.4586720765,-0.5101712346,1
1039,1089,0.5316734314,-0.3964035511,1
1039,1121,0.5558746457,-0.02131370455,1
1039,1153,0.1134343743,0.04281438887,1
1039,1185,0.05180209875,0.578563273,1
1039,1217,1.161608338,1.52852273,1
1039,1249,1.000466585,0.9172904491,1
1039,1281,-3.272837877,17.42209244,1
1039,1313,0.4159259498,0.7854274511,1
1039,1345,0.1854891479,0.823338151,1
1039,1377,0.7210224867,0.4637124538,1
1039,1409,1.360267758,0.6067895889,1
1039,1441,1.818806887,1.146682024,1
1039,1473,2.37015152,2.095827579,1
1039,1505,1.405979633,1.438998938,1
1039,1537,0.7453200817,0.9667080641,1
1039,1569,0.9122331738,1.029310822,1
1039,1601,0.7771354914,0.5822828412,1
1039,1633,0.1994355321,0.01609823108,1
1039,1665,0.3344898224,-0.3806126118,1
1039,1697,0.7729641795,-0.04678357393,1
1039,1729,1.109995604,-0.01334688067,1
1039,1761,1.45211184,-0.3457204103,1
1039,1793,1.047900915,-0.4496349096,1
1039,1825,0.1445673704,-1.7800771,1
1039,1857,1.119692564,-3.270148516,1
1039,1889,0.7102469206,-0.4317116439,1
1039,1921,0.1064221561,0.1693536937,1
1039,1953,0.1656427085,0.3178068697,1
1039,1985,0.0004026889801,0.1395155936,1
1039,2017,-0.1226976216,-0.4240168333,1
1071,33,2.101258755,2.452720881,1
1071,65,2.522675753,-1.853460908,1
1071,97,-6.609714508,-13.2356472,1
1071,129,0.3017012179,-0.8071672916,1
1071,161,0.3134844601,-1.108196855,1
1071,193,11.07828236,3.87453413,1
1071,225,0.5951995254,-0.1903444231,1
1071,257,0.3273801208,-0.4855957925,1
1071,289,-0.1547945887,-0.7064085007,1
1071,321,-0.2935550809,-0.2685112953,1
1071,353,-0.3610977829,-0.2937433124,1
1071,385,-0.4448969364,-0.6341239214,1
1071,417,-0.2413575351,-0.3461299837,1
1071,449,0.07408902049,-0.1802605689,1
1071,481,0.5261036158,-0.1104433984,1
1071,513,0.6256451011,-0.2076601088,1
1071,545,0.5800064802,-0.3427092731,1
1071,577,1.050771713,-0.3575499058,1
1071,609,0.5966761708,0.2843364477,1
1071,641,0.2750014663,-0.4394144714,1
1071,673,0.8964234591,-1.370542049,1
1071,705,1.179374695,-1.450711966,1
1071,737,1.638592482,-1.419909,1
1071,769,1.309192419,-0.5140538216,1
1071,801,0.619951725,-0.7935269475,1
1071,833,-0.3054670691,-0.668979764,1
1071,865,-0.4412527084,0.3009785414,1
1071,897,0.06159259379,-0.1513123065,1
1071,929,-0.2514109612,-0.4229872227,1
1071,961,-0.01998864114,-0.9263545275,1
1071,993,0.224646911,-0.7047319412,1
1071,1025,0.3370115459,-0.8625872731,1
1071,1057,0.3224616945,-0.5317676663,1
1071,1089,0.1418789923,-0.2338170111,1
1071,1121,0.1234675497,-0.2147144675,1
1071,1153,-0.1730807722,-0.03413264453,1
1071,1185,-0.1243554801,0.5767938495,1
1071,1217,0.3172738254,0.5451141596,1
1071,1249,0.7347466946,0.2238724828,1
1071,1281,0.5282546878,-0.002651363611,1
1071,1313,0.4304595292,0.1270996928,1
1071,1345,0.6219314933,0.8403983712,1
1071,1377,0.9973919392,1.032242894,1
1071,1409,1.32703495,0.9050408602,1
1071,1441,1.484441519,0.9719395041,1
1071,1473,1.571751952,2.07806778,1
1071,1505,1.421214104,1.26295507,1
1071,1537,1.241618991,0.8533471227,1
1071,1569,1.143839836,3.082657814,1
1071,1601,0.8981440067,1.317799568,1
1071,1633,0.4247223735,0.05765156448,1
1071,1665,0.6806498766,-0.2299979031,1
1071,1697,0.6110176444,-0.05947752297,1
1071,1729,0.7184016109,-0.3135452569,1
1071,1761,0.6204332113,-0.3972617388,1
1071,1793,-0.2426115572,0.2133004069,1
1071,1825,-0.8897738457,-5.333588123,1
1071,1857,1.214519858,-4.720701218,1
1071,1889,1.215986729,-0.4878039658,1
1071,1921,0.0793068409,0.1115197986,1
1071,1953,0.04941412807,0.3222692609,1
1071,1985,0.01883297041,0.1674242914,1
1071,2017,-0.09188946337,-0.5569716692,1
1103,33,0.8392579556,0.9590082169,1
1103,65,0.2492278516,-1.422946215,1
1103,97,0.1717804074,-1.066509724,1
1103,129,0.3591282368,-0.5295904875,1
1103,161,0.7160030603,-0.259463191,1
1103,193,0.7368506193,-0.1478298008,1
1103,225,1.106818795,-0.1485572457,1
1103,257,0.7515046597,-0.3286271691,1
1103,289,0.008775115013,-0.524674654,1
1103,321,-0.3621212542,-0.2959322333,1
1103,353,-0.6373741627,-0.2482758164,1
1103,385,-0.1513177752,-0.3074721098,1
1103,417,0.3751130104,-0.08857083321,1
1103,449,0.4592899084,-0.2997237742,1
1103,481,0.2551304698,-0.1459693313,1
1103,513,14.88503456,-3.109179497,1
1103,545,0.2137375474,-0.4966804385,1
1103,577,0.3454252183,0.1168679893,1
1103,609,-0.1328951418,0.1128604114,1
1103,641,-0.110234499,-0.4858185649,1
1103,673,1.079044938,-1.046369195,1
1103,705,0.9272509813,-1.300628066,1
1103,737,1.185807824,-1.265545487,1
1103,769,1.122751594,-0.937140584,1
1103,801,-0.1410779953,-1.968708515,1
1103,833,-0.5394550562,-1.541350365,1
1103,865,0.1795223355,-0.05658327043,1
1103,897,0.5998293757,0.1318367869,1
1103,929,0.1306189895,0.1198073924,1
1103,961,-0.323599577,-0.4041914642,1
1103,993,-0.1433337629,-1.678292274,1
1103,1025,0.2249626815,-1.826487541,1
1103,1057,0.1161937118,-0.5757628679,1
1103,1089,-0.3204007745,-0.3459869623,1
1103,1121,0.02777037024,-0.5211743116,1
1103,1153,0.07740068436,-0.05617069453,1
1103,1185,-0.2242875397,0.1259236187,1
1103,1217,0.007833302021,-0.2144046724,1
1103,1249,0.5548828244,-0.7899340391,1
1103,1281,0.7609934807,-0.9970003963,1
1103,1313,0.36623469,-1.146880746,1
1103,1345,0.7628846169,-0.6910594702,1
1103,1377,4.569816589,1.911043167,1
1103,1409,5.66439867,2.431060314,1
1103,1441,4.837245464,2.866186142,1
1103,1473,3.328504562,5.129922867,1
1103,1505,0.5018448234,1.218481064,1
1103,1537,0.5304535627,1.33058691,1
1103,1569,0.8287072182,2.962937355,1
1103,1601,0.9379566312,1.37543726,1
1103,1633,0.6573402882,-0.01723533869,1
1103,1665,0.3919323683,-0.1313444078,1
1103,1697,0.7159590721,-0.3501366973,1
1103,1729,0.4983604252,-0.8526358604,1
1103,1761,-0.02489769459,-0.7590043545,1
1103,1793,-0.3650007844,-0.2586352229,1
1103,1825,0.5261508226,-0.7318201065,1
1103,1857,-5.604007721,17.91272736,1
1103,1889,0.6213133335,0.0007922053337,1
1103,1921,0.07554109395,0.004399906844,1
1103,1953,-0.2013230622,0.1167254299,1
1103,1985,-0.1630403996,0.2974835634,1
1103,2017,-0.1586513221,-0.3132215738,1
1135,33,0.164589718,-0.0259565413,1
1135,65,-0.1934237182,-0.6999826431,1
1135,97,-0.5142936707,-0.1592155397,1
1135,129,0.3083935976,-0.07768148184,1
1135,161,0.8532081842,0.1053422689,1
1135,193,0.8515102267,0.04183354974,1
1135,225,0.7236975431,-0.3018952012,1
1135,257,0.4749958515,-0.397205025,1
1135,289,0.1323648095,-0.4332609177,1
1135,321,0.1720629483,-0.3969295323,1
1135,353,0.508566916,-0.145028621,1
1135,385,0.9023307562,0.3976220787,1
1135,417,0.9491962194,0.4410033226,1
1135,449,0.8428839445,-0.01372466981,1
1135,481,0.6019682884,-0.2328628302,1
1135,513,0.1979249716,-0.4414029717,1
1135,545,0.4612793028,-0.1902746856,1
1135,577,0.2532051504,0.168726176,1
1135,609,0.05078576505,0.1054570675,1
1135,641,0.3240491748,-0.4777895212,1
1135,673,1.135243893,-1.138588786,1
1135,705,1.390812874,-1.543854713,1
1135,737,1.353697181,-1.212260604,1
1135,769,1.03076148,-0.8004268408,1
1135,801,0.003397196531,-1.570457697,1
1135,833,-0.4163853526,-0.4633082151,1
1135,865,-0.04307708144,0.2419323921,1
1135,897,0.5363430977,0.1445546299,1
1135,929,0.8654814363,0.4097947478,1
1135,961,0.6213630438,0.174705863,1
1135,993,0.7335979342,-2.324478626,1
1135,1025,1.641495466,-2.253279686,1
1135,1057,0.4238554835,-0.7401621342,1
1135,1089,0.09333521128,-1.069869995,1
1135,1121,0.8857483268,-0.8564267755,1
1135,1153,0.7535572052,-0.1465755254,1
1135,1185,-0.1129786372,-0.2586569488,1
1135,1217,-0.07787817717,0.09960001707,1
1135,1249,0.3776319027,-0.0730381906,1
1135,1281,0.3374364078,-0.3428038061,1
1135,1313,0.1735196114,-0.3550014794,1
1135,1345,1.310582519,-2.860849857,1
1135,1377,0.50525105,-0.7578018308,1
1135,1409,4.623270512,8.366537094,1
1135,1441,5.452007294,2.643520594,1
1135,1473,4.698894978,3.55281353,1
1135,1505,0.3741466999,0.6841000319,1
1135,1537,0.2844290733,0.6613116264,1
1135,1569,0.6589047313,1.22947216,1
1135,1601,0.9814565778,0.8784976006,1
1135,1633,1.00570631,0.097774297,1
1135,1665,0.4084198475,-0.313598454,1
1135,1697,0.4772893786,-0.5772148371,1
1135,1729,0.2296449244,-0.8461489677,1
1135,1761,-0.8384230137,-1.212804794,1
1135,1793,-1.650798082,-0.6904225945,1
1135,1825,-0.4419184029,-0.1692061722,1
1135,1857,0.04077798128,-0.4962567091,1
1135,1889,-0.1040951312,-0.3573963642,1
1135,1921,-0.1618235707,-0.1209415644,1
1135,1953,-0.2256249338,-0.03988543898,1
1135,1985,-0.2035972476,0.2090918422,1
1135,2017,0.07930656523,-0.07734321803,1
1167,33,-0.3807708621,0.04621320963,1
1167,65,-0.7102528214,-1.254197598,1
1167,97,-0.2415092289,-0.1180340648,1
1167,129,0.628958106,0.4662737548,1
1167,161,0.5986836553,0.6447606683,1
1167,193,0.453034997,-0.5548345447,1
1167,225,0.5192591548,-1.470894575,1
1167,257,0.005271032453,-0.5239882469,1
1167,289,-0.007423825562,-0.2055870891,1
1167,321,0.3480595946,-0.6358659267,1
1167,353,0.5373889208,-0.4911005795,1
1167,385,0.5994455814,0.3164765537,1
1167,417,0.7274667025,0.4841153026,1
1167,449,1.161337137,0.4468999505,1
1167,481,0.9299609661,0.2670740485,1
1167,513,0.3620752096,0.09267514944,1
1167,545,0.4103782177,0.06596052647,1
1167,577,0.2714757025,-0.1527279913,1
1167,609,0.2192410231,0.01281867921,1
1167,641,0.2931985855,0.03662443161,1
1167,673,0.9970431328,-0.74129951,1
1167,705,2.177921057,-2.142034054,1
1167,737,0.9744578004,-0.9653269053,1
1167,769,0.7837072015,-0.3781324625,1
1167,801,0.7452713251,-0.1556168199,1
1167,833,0.2199188471,0.3805356026,1
1167,865,-0.1989588141,0.5676034689,1
1167,897,-0.1319539249,0.6663295627,1
1167,929,1.477544427,0.3762407303,1
1167,961,1.627471685,0.006942331791,1
1167,993,0.932408452,-1.151999116,1
1167,1025,1.305333853,-1.135843515,1
1167,1057,1.716050148,-1.093947649,1
1167,1089,0.990621984,-1.79650259,1
1167,1121,0.5634577274,-0.4727785587,1
1167,1153,0.7839009166,0.5381512046,1
1167,1185,0.5794969797,0.5454491973,1
1167,1217,0.1492779851,0.5206436515,1
1167,1249,0.255010277,0.3514718413,1
1167,1281,-0.03989368677,0.6632020473,1
1167,1313,0.08224233985,0.7277011871,1
1167,1345,1.601334214,-1.608252048,1
1167,1377,0.5133459568,-0.3660688996,1
1167,1409,0.5248488784,0.05496753752,1
1167,1441,0.7133147717,0.1744408458,1
1167,1473,0.654360652,0.5555685759,1
1167,1505,0.4741064906,0.85050565,1
1167,1537,0.465577513,0.572514832,1
1167,1569,0.731882453,0.4211993814,1
1167,1601,0.2104102373,0.4829692245,1
1167,1633,0.6749836802,0.2947219014,1
1167,1665,0.7392581701,-0.4533150494,1
1167,1697,0.2591582835,-0.5814816356,1
1167,1729,-0.03529441357,-0.323304534,1
1167,1761,-0.6955674887,-0.57022053,1
1167,1793,-1.320195198,-0.5540794134,1
1167,1825,-0.9906107783,0.111135602,1
1167,1857,-0.6035185456,-0.2092765272,1
1167,1889,-0.4970767498,-0.6002511382,1
1167,1921,-0.2681066692,0.06098303199,1
1167,1953,-0.04763475806,0.2096999735,1
1167,1985,-0.1514716893,0.105052948,1
1167,2017,-0.02029459924,-0.009464174509,1
1199,33,-0.2868771553,0.2830653191,1
1199,65,-0.947416544,-1.942012429,1
1199,97,-0.8583628535,-1.222730637,1
1199,129,0.3934214711,0.4172011912,1
1199,161,0.8733110428,0.5997077227,1
1199,193,0.5715651512,-0.6642199755,1
1199,225,0.2623890638,-1.726899505,1
1199,257,-0.3390527964,-0.8563091755,1
1199,289,-0.5725370646,-0.3919573426,1
1199,321,0.2591971159,-0.05985063314,1
1199,353,0.04041449726,-0.266232878,1
1199,385,-0.8552060723,-0.1119062901,1
1199,417,-0.947932601,-0.05200413615,1
1199,449,0.411998868,0.1323256493,1
1199,481,0.8140630722,0.6072927117,1
1199,513,0.7153578997,-0.08535891771,1
1199,545,0.4559366107,0.2652463913,1
1199,577,0.3885953724,-0.1583166122,1
1199,609,0.6463643909,-0.1524374634,1
1199,641,0.1717681885,0.08927479386,1
1199,673,0.7686021328,-0.6633212566,1
1199,705,1.15959549,-1.931414604,1
1199,737,0.4927870631,-0.9878971577,1
1199,769,0.8224529028,-0.4044854045,1
1199,801,1.248440504,0.06128132343,1
1199,833,0.7318937182,0.809881568,1
1199,865,0.4917575717,0.6389178038,1
1199,897,0.4988826513,0.6531189084,1
1199,929,0.5891842842,-0.2921836972,1
1199,961,0.9107676744,-0.8206164241,1
1199,993,0.7387330532,-0.5308276415,1
1199,1025,1.05685091,-0.6258307695,1
1199,1057,2.398384571,-1.004854202,1
1199,1089,2.094521284,-0.6406027675,1
1199,1121,0.4964208603,0.1573211551,1
1199,1153,0.7403739691,0.9946883321,1
1199,1185,1.185687184,0.3559372425,1
1199,1217,0.7380815744,0.08293922246,1
1199,1249,0.3456616402,0.02876870334,1
1199,1281,-0.1497639418,0.6897815466,1
1199,1313,-0.05978925526,0.5931022167,1
1199,1345,0.1294176579,0.004185855389,1
1199,1377,0.2626751363,0.3615300953,1
1199,1409,0.2675726414,0.4429818392,1
1199,1441,0.2304461002,0.05812045932,1
1199,1473,0.4128288925,-0.008550524712,1
1199,1505,0.3105024099,1.438489437,1
1199,1537,-0.1561301351,1.439628124,1
1199,1569,14.04810715,15.23862267,1
1199,1601,-0.01811593771,0.5259107351,1
1199,1633,1.016378641,0.6809939742,1
1199,1665,0.8165455461,0.3075016141,1
1199,1697,0.1568450034,-0.08301333338,1
1199,1729,-0.1318871379,0.1222238615,1
1199,1761,-0.6853352189,0.03602704406,1
1199,1793,-1.098618388,-0.1349084824,1
1199,1825,-0.9946481586,-0.04618670791,1
1199,1857,-0.6408824921,-0.06867427379,1
1199,1889,-0.3280460238,-0.1008575186,1
1199,1921,-0.21058397,0.1388173103,1
1199,1953,-0.2849318981,0.04590655491,1
1199,1985,-0.2630903125,-0.0336702466,1
1199,2017,-0.194042325,-0.006511284038,1
1231,33,-0.1466109753,0.2432090044,1
1231,65,6.532514572,-18.54527664,1
1231,97,-17.51769447,-1.342051268,1
1231,129,-10.67933273,16.84962082,1
1231,161,0.3247952461,0.2889936864,1
1231,193,0.1346770823,-0.5590389967,1
1231,225,-0.2785875797,-1.353510261,1
1231,257,-0.8877522945,-0.8955965042,1
1231,289,-1.14190948,0.04910182953,1
1231,321,-0.5622366667,0.6612224579,1
1231,353,-0.5318909287,-18.64548874,1
1231,385,-1.176397204,-0.512096405,1
1231,417,-0.8187365532,-0.3073093593,1
1231,449,0.3114729524,0.0474544242,1
1231,481,0.3624967039,0.06165905297,1
1231,513,0.3739088774,-0.4249722362,1
1231,545,0.3309155107,0.2707516551,1
1231,577,0.5204986334,0.1511881053,1
1231,609,1.450888157,0.5126922131,1
1231,641,1.690779924,0.2318044901,1
1231,673,11.6305151,-14.38223362,1
1231,705,9.696126938,5.412825108,1
1231,737,1.330418825,-3.970971584,1
1231,769,4.060947895,-1.91550684,1
1231,801,1.562579632,-0.2373314351,1
1231,833,1.238157272,1.015927315,1
1231,865,0.8995655179,0.733317256,1
1231,897,0.2919945121,-0.3306766152,1
1231,929,0.1045374274,-2.025364399,1
1231,961,0.1889356971,-1.438287735,1
1231,993,0.2370672226,-0.4091381431,1
1231,1025,0.3579018116,-0.1393570304,1
1231,1057,0.936154604,-0.2014858723,1
1231,1089,3.801208258,0.478895247,1
1231,1121,-3.211397648,-15.72461414,1
1231,1153,0.5462031364,-0.1281138062,1
1231,1185,0.5438961983,-0.3153343797,1
1231,1217,0.6499267817,-0.3938458562,1
1231,1249,0.4120678306,-0.09425997734,1
1231,1281,0.438831687,0.2365868688,1
1231,1313,0.1793219,0.3326904774,1
1231,1345,-0.1241313964,0.2520143986,1
1231,1377,-0.0777323097,0.07865908742,1
1231,1409,-0.04492592812,0.01665756479,1
1231,1441,0.1194028854,-0.267673701,1
1231,1473,0.7420448065,-0.7786771059,1
1231,1505,-0.2139565349,0.3094919622,1
1231,1537,-0.05706703663,1.054517984,1
1231,1569,-0.03365337849,8.354112625,1
1231,1601,0.4228359461,0.7095264196,1
1231,1633,0.783640027,0.6556348205,1
1231,1665,0.6580811739,0.6386671066,1
1231,1697,0.5965784788,1.01754415,1
1231,1729,0.09739814699,1.061670899,1
1231,1761,-0.04406875372,0.4023456275,1
1231,1793,-0.3068048954,0.1167699844,1
1231,1825,-0.4936986566,-0.1835811436,1
1231,1857,-0.3435634077,-0.2566640377,1
1231,1889,-0.1156783551,0.0975650847,1
1231,1921,-0.186873138,0.007124602795,1
1231,1953,-0.3535609543,-0.1782541722,1
1231,1985,-0.1300162226,-0.07753650099,1
1231,2017,0.07434880733,-0.04002668336,1
1263,33,-0.4898887277,0.2420829535,1
1263,65,-0.9956675768,-0.7249939442,1
1263,97,-0.5513472557,0.5494749546,1
1263,129,-0.2595337629,1.241214395,1
1263,161,-0.1224489287,0.3428590894,1
1263,193,-0.3933487236,-0.3804228604,1
1263,225,-4.385022163,-2.654889107,1
1263,257,-4.838097572,-1.529343009,1
1263,289,13.07514381,4.313302994,1
1263,321,-7.890937805,16.78894424,1
1263,353,-15.03871918,8.12560463,1
1263,385,-0.7676097155,-0.3406585157,1
1263,417,0.009664326906,-0.2757295072,1
1263,449,0.455869168,0.145385474,1
1263,481,0.2662127614,0.2715518773,1
1263,513,-0.3637307882,0.1533263624,1
1263,545,0.0559271872,0.2814386487,1
1263,577,0.7152642012,0.4121240675,1
1263,609,2.530345917,0.702993989,1
1263,641,3.806681156,-0.004763327539,1
1263,673,3.752990007,-1.321264744,1
1263,705,1.796232104,-1.181815743,1
1263,737,5.507286072,-0.05361139774,1
1263,769,6.164929867,-1.299552798,1
1263,801,3.964469433,-0.7983263731,1
1263,833,1.867352605,0.07542429864,1
1263,865,1.152991891,-0.0574631691,1
1263,897,-0.7440747023,-0.9564609528,1
1263,929,-0.4885917902,-1.712687135,1
1263,961,-0.4555000365,-0.8398974538,1
1263,993,-0.6693800688,-0.5669580698,1
1263,1025,-0.08515898138,-0.4651294947,1
1263,1057,0.6713216305,0.02758282423,1
1263,1089,1.929559946,0.4140026569,1
1263,1121,1.24108851,0.0009561404586,1
1263,1153,0.2664290965,-0.7233266234,1
1263,1185,0.3494433463,-0.9660078287,1
1263,1217,0.3304315209,-0.8486809731,1
1263,1249,0.2904368639,-0.1574329138,1
1263,1281,1.342805505,-0.06923173368,1
1263,1313,0.328994602,0.2282817066,1
1263,1345,-0.03279258311,0.2003976554,1
1263,1377,0.08609044552,-0.1229273453,1
1263,1409,0.3065286577,0.04193464294,1
1263,1441,0.3682599068,-0.3420763016,1
1263,1473,1.196300983,-0.9064553976,1
1263,1505,1.019326448,0.09765547514,1
1263,1537,2.97539854,0.4748152196,1
1263,1569,3.650623798,0.2958419919,1
1263,1601,0.2186430693,0.1323365867,1
1263,1633,0.1579280496,0.02518178523,1
1263,1665,0.4291390181,0.4515296221,1
1263,1697,0.9464207888,1.018369675,1
1263,1729,0.6714421511,0.8865068555,1
1263,1761,0.5506600142,-0.06959809363,1
1263,1793,0.5472770929,-0.09795299172,1
1263,1825,0.3885257542,-0.01897563785,1
1263,1857,0.2970876694,-0.0632700175,1
1263,1889,0.01437091082,0.2360557467,1
1263,1921,-0.1808899939,0.3102539182,1
1263,1953,-0.201755777,0.2927512527,1
1263,1985,0.03690462932,-0.08970276266,1
1263,2017,0.15487881,-0.1011308655,1
1295,33,-0.5965447426,0.3442749977,1
1295,65,-0.9420173764,0.02290867642,1
1295,97,-0.8387914896,0.4460610449,1
1295,129,-0.1485856175,0.8738806248,1
1295,161,-0.2375889421,0.1308012903,1
1295,193,-0.9672721028,-0.1876288205,1
1295,225,-1.008092523,-0.4002853036,1
1295,257,-2.128283262,-0.6319476962,1
1295,289,-3.91330862,0.8175141811,1
1295,321,18.67872429,2.397518158,1
1295,353,-0.7266352773,0.5184946656,1
1295,385,-0.5806387663,0.6566233635,1
1295,417,-0.05014133453,-0.2697389126,1
1295,449,0.3875566721,0.4003963768,1
1295,481,0.3501519859,0.6128635406,1
1295,513,-0.2671188414,-0.05221450329,1
1295,545,0.2587906122,-0.03402176499,1
1295,577,0.8417385817,0.3701373935,1
1295,609,1.391897917,0.239733994,1
1295,641,1.948248386,-0.01488941163,1
1295,673,2.795916319,-1.172866344,1
1295,705,1.807703495,-1.616589904,1
1295,737,1.457748652,-1.137612581,1
1295,769,3.477920294,-1.690168262,1
1295,801,3.504282475,-0.4451138675,1
1295,833,1.449052334,-0.3242991269,1
1295,865,0.4237595797,-0.6775779724,1
1295,897,-0.09726583958,-0.3909199834,1
1295,929,-0.1263891608,-0.2395395041,1
1295,961,-0.2026319355,-0.3702249229,1
1295,993,-0.2746185958,-0.608084619,1
1295,1025,0.4014961421,-0.3083242178,1
1295,1057,1.010541201,0.0859631896,1
1295,1089,1.089696646,0.335413605,1
1295,1121,0.1582240462,0.3256459832,1
1295,1153,-0.2667162716,-0.06730505824,1
1295,1185,-0.09789575636,-0.2794966102,1
1295,1217,0.1783112884,-0.4206177294,1
1295,1249,0.3924312592,-0.230325982,1
1295,1281,0.4275606275,-0.2262714803,1
1295,1313,-0.1332120001,0.1280027777,1
1295,1345,0.0396348536,0.1286268681,1
1295,1377,0.5363454819,-0.1818540245,1
1295,1409,0.3918119073,0.253026545,1
1295,1441,0.2641981244,0.1239033639,1
1295,1473,1.072590351,-0.1238264441,1
1295,1505,1.734873891,0.2809693813,1
1295,1537,2.663465023,0.8682301044,1
1295,1569,1.255452514,-0.2515279651,1
1295,1601,0.591301918,-0.8980876803,1
1295,1633,0.6475761533,-0.8690667152,1
1295,1665,0.920773983,0.3606488705,1
1295,1697,1.12164259,0.833712697,1
1295,1729,1.227503061,-0.0742867291,1
1295,1761,0.9188637733,-1.054695845,1
1295,1793,0.6319102049,-0.5367861986,1
1295,1825,0.4662022889,-0.0353993699,1
1295,1857,0.3677432537,0.103836447,1
1295,1889,0.2105296105,0.5208957791,1
1295,1921,0.186050877,0.457036674,1
1295,1953,0.1137127206,0.3531982303,1
1295,1985,0.1209193766,-0.07750557363,1
1295,2017,0.1193083152,-0.1627626866,1
1327,33,-0.5356535316,0.3132987618,1
1327,65,-0.852586329,0.5157876015,1
1327,97,-0.1859036088,0.1727234572,1
1327,129,0.2593827844,0.2419308424,1
1327,161,-0.8259564638,-0.229704082,1
1327,193,-1.254191041,-0.8173120022,1
1327,225,-1.389250994,-0.9749851227,1
1327,257,-1.64280653,-0.5970042348,1
1327,289,-2.336536407,0.260897845,1
1327,321,-3.32705307,1.017038345,1
1327,353,-0.9808187485,1.061812162,1
1327,385,-0.5503187776,0.7925145626,1
1327,417,-0.1211599708,0.5187811852,1
1327,449,0.1566733718,0.9022836685,1
1327,481,0.3012907505,0.8211605549,1
1327,513,20.0159893,4.105090618,1
1327,545,0.6355535984,-0.01608204842,1
1327,577,0.7695934176,0.05583550036,1
1327,609,1.120861411,-0.2553919554,1
1327,641,1.632683516,0.006970960647,1
1327,673,1.196393728,-0.1535240859,1
1327,705,0.3241906166,-0.7119574547,1
1327,737,0.3411679268,-0.2637411356,1
1327,769,2.226193905,0.1074331403,1
1327,801,2.094250202,0.5336996317,1
1327,833,8.001424789,-18.67950058,1
1327,865,0.1042129695,-0.2993953824,1
1327,897,-0.03007199615,0.2263052762,1
1327,929,-0.1063232347,0.30521366,1
1327,961,-0.005085989833,-0.345423758,1
1327,993,1.104280114,-0.1943176836,1
1327,1025,1.39440012,0.5475084782,1
1327,1057,0.4794493616,0.5857669115,1
1327,1089,0.2387243509,1.097963452,1
1327,1121,0.1366014779,0.4613076448,1
1327,1153,-0.08152583987,0.3584474921,1
1327,1185,-0.2318487763,0.5202057362,1
1327,1217,0.2207822204,-0.03710317612,1
1327,1249,0.6061480045,-0.5495052338,1
1327,1281,0.1602157652,-0.04864133894,1
1327,1313,-0.1566167921,0.2710174918,1
1327,1345,0.0209890902,0.2779773474,1
1327,1377,0.4590200484,0.3118807673,1
1327,1409,0.3094371557,0.6050750613,1
1327,1441,0.2743355632,0.317465961,1
1327,1473,0.9874304533,0.1308035851,1
1327,1505,0.9438655376,0.2447095215,1
1327,1537,0.3805966973,0.03711751103,1
1327,1569,0.4729075432,-0.1773766279,1
1327,1601,0.6315027475,-0.8022899032,1
1327,1633,3.763615131,-1.901298761,1
1327,1665,4.57557106,-0.9624192715,1
1327,1697,11.68553829,16.79457092,1
1327,1729,2.717497826,0.1429353654,1
1327,1761,2.001245022,-0.2737065852,1
1327,1793,0.2207668424,-0.1646843553,1
1327,1825,0.1723156571,-0.1069702879,1
1327,1857,0.3184467554,0.3116889596,1
1327,1889,0.3393895328,0.5882889032,1
1327,1921,0.5149872899,0.3229209185,1
1327,1953,0.3523156345,0.2342066169,1
1327,1985,-0.06923091412,0.04549025744,1
1327,2017,-0.1813471019,-0.1493661404,1
1359,33,-0.2619817257,0.2103036344,1
1359,65,-0.6958180666,-0.2539109886,1
1359,97,0.2243531346,-0.1972204149,1
1359,129,-0.2495479584,-0.2341040075,1
1359,161,-0.8688742518,-0.3069296777,1
1359,193,-1.696704268,-1.146830082,1
1359,225,-2.644369841,-0.9515152574,1
1359,257,-1.653190494,-0.5415641069,1
1359,289,-0.8006441593,0.2525623441,1
1359,321,-0.9784326553,0.7309000492,1
1359,353,-0.5901982784,0.8283406496,1
1359,385,-0.3478361368,0.5914596319,1
1359,417,-0.1471875012,0.6128838658,1
1359,449,0.1839448214,0.9168567061,1
1359,481,0.4852100015,0.8496370316,1
1359,513,7.674265862,3.783198118,1
1359,545,1.057142258,0.3466421366,1
1359,577,0.8141144514,0.01851393282,1
1359,609,0.358497262,-0.4630464613,1
1359,641,0.4700243473,-0.1009162292,1
1359,673,0.4049822688,0.5384312272,1
1359,705,-0.1627781987,0.1735515296,1
1359,737,-0.1809033155,0.3307567835,1
1359,769,0.4794838428,0.64888978,1
1359,801,0.1467087865,1.149092913,1
1359,833,-0.5658848882,0.3419348001,1
1359,865,-0.753341198,-0.467702359,1
1359,897,-0.4563349485,0.1910483837,1
1359,929,-0.2117670625,0.7014214993,1
1359,961,0.09946680069,0.3812722862,1
1359,993,1.150516033,0.492839992,1
1359,1025,0.783110857,0.6666426063,1
1359,1057,0.2324451208,0.8274055719,1
1359,1089,-0.3186227083,2.177731991,1
1359,1121,-0.2616592348,0.7069272399,1
1359,1153,0.1970506907,0.6943200827,1
1359,1185,0.3720054924,1.027680635,1
1359,1217,0.2848245502,0.3842444122,1
1359,1249,0.03374764323,-0.05525267124,1
1359,1281,-0.02334174514,0.2811393142,1
1359,1313,0.06262120605,0.2836630642,1
1359,1345,0.2653813362,0.7248914242,1
1359,1377,0.5567495823,0.5838738084,1
1359,1409,0.5775527954,0.637791872,1
1359,1441,0.7132249475,0.2741921246,1
1359,1473,0.8439375162,-0.03268950433,1
1359,1505,0.5530703664,-0.01026331633,1
1359,1537,0.5362805724,-0.3050327897,1
1359,1569,1.182201862,-0.5605733395,1
1359,1601,1.259883404,-0.252392441,1
1359,1633,1.545992374,-0.4661637545,1
1359,1665,5.041062355,-0.5107156634,1
1359,1697,5.822583675,0.1231726408,1
1359,1729,5.332527161,0.1799901724,1
1359,1761,1.189368606,0.3303975463,1
1359,1793,0.1459899545,0.2061838806,1
1359,1825,-0.1025394052,0.1010078713,1
1359,1857,0.06621104479,0.1831981093,1
1359,1889,0.1047539562,0.2614905834,1
1359,1921,0.2708161771,0.03473268449,1
1359,1953,0.29315871,-0.1521488428,1
1359,1985,-0.1517952085,-0.01801660098,1
1359,2017,-0.3347619176,-0.05670794845,1
1391,33,-0.5742754936,0.01719579101,1
1391,65,-0.7818052173,-0.1697768122,1
1391,97,-0.3827594817,0.1605010033,1
1391,129,-0.45241189,0.07292171568,1
1391,161,-0.8132093549,-0.2195318639,1
1391,193,-1.161034584,-0.5054790378,1
1391,225,-1.687195301,-0.7707024813,1
1391,257,-1.587499142,-0.534381032,1
1391,289,-0.8595416546,-0.2360573709,1
1391,321,-0.4893134832,0.1271921396,1
1391,353,-0.08373302221,0.5086869001,1
1391,385,-0.3002375364,0.5262109041,1
1391,417,-0.1058587283,0.5406054258,1
1391,449,0.3705736995,0.6353805661,1
1391,481,0.5974004269,0.6379719973,1
1391,513,1.056751609,0.4490154386,1
1391,545,1.050259352,0.2461091876,1
1391,577,0.9108284116,-0.13910456,1
1391,609,0.5107577443,-0.1790561527,1
1391,641,0.1911878586,0.7796871066,1
1391,673,0.2323296219,0.6640071869,1
1391,705,-0.2806881666,-0.2637145519,1
1391,737,-0.3441564441,-0.3903184533,1
1391,769,-0.06175509095,0.5742678642,1
1391,801,-0.3323922753,1.490480661,1
1391,833,-0.4808441997,0.5095399618,1
1391,865,-0.8321386576,0.2291992009,1
1391,897,-1.038527012,-0.04643315077,1
1391,929,-0.2175768465,0.5574018955,1
1391,961,0.6274333,1.112108707,1
1391,993,0.7116704583,0.8123224974,1
1391,1025,0.2134609222,0.7330818176,1
1391,1057,0.05181477964,0.7665587664,1
1391,1089,-0.002862118185,1.469747901,1
1391,1121,-0.06287385523,0.7586342096,1
1391,1153,0.08065150678,1.10675025,1
1391,1185,0.3720162213,0.9271348715,1
1391,1217,0.3119881749,0.5236256123,1
1391,1249,-0.05742521584,0.5798279047,1
1391,1281,0.463213861,0.389711231,1
1391,1313,0.3181312084,0.1998347491,1
1391,1345,0.7628753185,0.174952358,1
1391,1377,1.09282279,-0.4563600421,1
1391,1409,0.7095350027,-0.2932322025,1
1391,1441,0.6740970016,-0.1128244996,1
1391,1473,0.4617164731,-0.2915841937,1
1391,1505,0.4798305631,-0.4296554923,1
1391,1537,0.530076623,-0.3478308022,1
1391,1569,0.7627313137,-0.7465821505,1
1391,1601,1.016377449,-0.4583975077,1
1391,1633,4.867768288,-0.002753078938,1
1391,1665,4.529111862,0.2321123779,1
1391,1697,4.528287888,0.2209581435,1
1391,1729,3.640658379,-0.1565573514,1
1391,1761,0.4165654182,-0.03484224156,1
1391,1793,-0.1535128802,-0.03512405232,1
1391,1825,-0.2694434524,-0.05628459901,1
1391,1857,-0.1901710778,-0.09988933802,1
1391,1889,-0.08740878105,0.138396576,1
1391,1921,0.1196212694,0.03694225848,1
1391,1953,0.2182313204,-0.2430095077,1
1391,1985,-0.02501456812,-0.1237157509,1
1391,2017,-0.2001425028,0.01542461663,1
1423,33,-0.2859201729,0.0637049377,1
1423,65,-0.6886556149,0.4951714575,1
1423,97,-0.7151865959,0.1789834052,1
1423,129,-0.2517745495,-0.009943202138,1
1423,161,-0.50258255,-0.1581333578,1
1423,193,-0.4391112924,-0.4273914099,1
1423,225,0.5814595819,-0.4540677071,1
1423,257,0.4359412789,-0.3663899899,1
1423,289,-1.153987288,-0.6360504627,1
1423,321,-0.6351804733,-0.2621769607,1
1423,353,18.39534569,-6.593938351,1
1423,385,-0.133188054,0.8144198656,1
1423,417,-0.03540565073,0.869053185,1
1423,449,0.2422300726,0.213363111,1
1423,481,0.411319375,0.3222159743,1
1423,513,0.712367475,0.2783773839,1
1423,545,0.8217861056,0.1777428687,1
1423,577,0.5342145562,-0.212436378,1
1423,609,0.4350100756,0.1411252618,1
1423,641,0.2761719823,0.6686353087,1
1423,673,0.1968683004,0.4235166311,1
1423,705,-0.03178934753,-0.2763234377,1
1423,737,-0.2794463634,-0.2120416313,1
1423,769,0.05916383862,0.7881464362,1
1423,801,-0.1736650765,0.7792469263,1
1423,833,-0.4600681365,1.054947615,1
1423,865,-0.6821508408,0.5222803354,1
1423,897,-0.7173252702,-0.02758303285,1
1423,929,0.1230884045,0.1551022828,1
1423,961,0.5750285387,0.4049504995,1
1423,993,0.07267212868,0.4892775118,1
1423,1025,-0.523653686,0.6373044252,1
1423,1057,-0.2437885404,0.4473360777,1
1423,1089,0.1717687696,0.496752739,1
1423,1121,0.3749409914,0.5482645035,1
1423,1153,-0.1223830432,0.3519964814,1
1423,1185,-0.002695336938,0.5852286816,1
1423,1217,0.1676124036,0.628642261,1
1423,1249,0.2047051042,0.5610024929,1
1423,1281,0.33406353,0.2361819148,1
1423,1313,0.2010580599,0.05624430627,1
1423,1345,0.8079022169,-0.489243865,1
1423,1377,0.6859251857,-1.286272764,1
1423,1409,0.3214367032,-0.5996941924,1
1423,1441,0.7357677221,-0.17392537,1
1423,1473,0.4974620342,-0.5345359445,1
1423,1505,0.4743065238,-0.6293601394,1
1423,1537,0.4676059783,-0.2174364924,1
1423,1569,0.2732086182,-0.4087055624,1
1423,1601,0.6519631147,-0.4556326866,1
1423,1633,6.263921738,-0.2017359585,1
1423,1665,7.720833302,-1.883799195,1
1423,1697,0.9467383623,0.903986752,1
1423,1729,0.3417735696,0.2717654705,1
1423,1761,-0.03039205074,-0.2234054506,1
1423,1793,-0.3241920769,-0.2040778995,1
1423,1825,-0.2879105508,-0.205455482,1
1423,1857,-0.272583127,0.1619113237,1
1423,1889,0.08154655248,0.497304976,1
1423,1921,0.1839421391,0.2611627877,1
1423,1953,-0.01600107551,-0.08162561804,1
1423,1985,0.05313298851,-0.1583756953,1
1423,2017,-0.071201846,0.0192168057,1
1455,33,0.2271674871,0.4655396938,1
1455,65,-0.2057328522,0.314226687,1
1455,97,-0.4348252714,-0.613161087,1
1455,129,-0.3400459588,-0.3661554456,1
1455,161,-0.2616735995,-0.03034082055,1
1455,193,-0.2801067233,-0.131582588,1
1455,225,0.9040828347,-0.8522687554,1
1455,257,0.7853465676,-1.594135761,1
1455,289,-0.5689005256,-0.8599073291,1
1455,321,0.1289391667,-0.5481449366,1
1455,353,0.3859955072,-0.1911832392,1
1455,385,0.1535922736,0.502346158,1
1455,417,-0.109483622,0.3211523592,1
1455,449,-0.7187640071,-0.4055756032,1
1455,481,-0.09430253506,0.2478792667,1
1455,513,0.6411188245,0.027592659,1
1455,545,0.5650856495,-0.07852514088,1
1455,577,-0.1762106121,-0.4093306959,1
1455,609,-0.1058557779,-0.3579087257,1
1455,641,0.1355047822,0.1017375737,1
1455,673,0.1148218215,0.275236249,1
1455,705,-0.1316702962,0.02436710149,1
1455,737,-0.1441223323,-0.1296572387,1
1455,769,-0.3104611635,0.1366893798,1
1455,801,-0.4904622734,0.331453681,1
1455,833,-0.253490895,0.3102822602,1
1455,865,-0.3337647319,0.2776861489,1
1455,897,-0.1548163891,0.2950173616,1
1455,929,0.5586608052,0.04910796881,1
1455,961,0.5074442625,-0.2286128104,1
1455,993,-0.005644582212,0.08764441311,1
1455,1025,-0.3497382998,0.2470552325,1
1455,1057,-0.2136321515,0.2146406174,1
1455,1089,0.229721725,0.1108371019,1
1455,1121,0.3125872314,0.4130354822,1
1455,1153,0.2956082225,0.2017583549,1
1455,1185,0.3167231083,0.4879721403,1
1455,1217,0.03821850568,0.8152307868,1
1455,1249,-0.02248638868,0.3024459481,1
1455,1281,0.1894070506,0.1008488759,1
1455,1313,0.2692255378,-0.03714725003,1
1455,1345,0.1110479534,-0.4588780999,1
1455,1377,-0.3364548087,-1.014119387,1
1455,1409,-0.2711950839,-0.7719691992,1
1455,1441,0.3115873337,-0.2922237515,1
1455,1473,0.4336419702,-0.06566411257,1
1455,1505,0.3885697126,-0.4282512069,1
1455,1537,0.40603742,-0.4397966564,1
1455,1569,0.3332278728,-0.3326147497,1
1455,1601,0.4241349101,-0.4452282786,1
1455,1633,0.6083629727,-0.395034194,1
1455,1665,0.9167745709,0.4048595428,1
1455,1697,0.534730792,1.212419629,1
1455,1729,0.2551917434,-0.3496993482,1
1455,1761,0.1675148606,-0.1468553841,1
1455,1793,-0.005959365517,-0.06238727272,1
1455,1825,0.02580568939,-0.07380761206,1
1455,1857,-0.01548037678,0.1142830551,1
1455,1889,0.2590257227,0.3587931097,1
1455,1921,0.2231678367,0.07911758125,1
1455,1953,-0.07896405458,-0.2727905214,1
1455,1985,-0.07239613682,-0.2814200222,1
1455,2017,-0.2362889796,0.01377664506,1
1487,33,0.2073194981,0.8148177862,1
1487,65,-0.1284801662,-0.1290786117,1
1487,97,-0.3758043945,-0.6173915267,1
1487,129,-0.4504809976,-0.2068454325,1
1487,161,-0.07499371469,0.05563890934,1
1487,193,0.04947116971,0.2147927284,1
1487,225,0.1687771231,-0.4864773452,1
1487,257,-0.1058535576,-1.808009386,1
1487,289,-0.1278531253,-2.020847559,1
1487,321,0.79523772,-1.466728449,1
1487,353,0.50954175,-0.695338726,1
1487,385,0.1769170016,0.3868555427,1
1487,417,0.1267782599,0.4110429287,1
1487,449,-0.2692373693,0.1497225761,1
1487,481,-0.460545361,-0.2418141067,1
1487,513,0.1410392523,0.2285659015,1
1487,545,0.53533566,0.8128141761,1
1487,577,0.1968683004,-0.2111493051,1
1487,609,-0.1910625398,-0.6039459705,1
1487,641,-0.1771539897,-0.4537961781,1
1487,673,0.08016303927,-0.3178008795,1
1487,705,0.04107417166,-0.01059200615,1
1487,737,-0.07410821319,0.1731416285,1
1487,769,-0.234413892,0.3122572303,1
1487,801,-0.3538790345,0.2537400723,1
1487,833,-0.1653992236,0.2127574384,1
1487,865,0.01410868764,0.2724692225,1
1487,897,0.08918051422,0.6060792208,1
1487,929,0.2433736473,-0.137764886,1
1487,961,0.35127303,-0.3959008157,1
1487,993,0.03041441739,-0.2516540289,1
1487,1025,-0.3161759377,0.0718498528,1
1487,1057,-0.07810334861,0.2037636042,1
1487,1089,0.1349560916,0.4023503065,1
1487,1121,0.2266739309,0.5192757845,1
1487,1153,0.1811014712,0.2643348277,1
1487,1185,0.07091544569,0.1677155495,1
1487,1217,-0.1994575113,0.4424194098,1
1487,1249,-0.139195323,0.1933882535,1
1487,1281,0.5802382231,0.07166402787,1
1487,1313,0.7951714993,-0.1405746341,1
1487,1345,0.1379190385,-0.2284400165,1
1487,1377,-0.3223027885,-0.6424804926,1
1487,1409,-0.3075940609,-0.7661566138,1
1487,1441,-0.02264404297,-0.4072716236,1
1487,1473,0.118399322,0.308560431,1
1487,1505,0.1382314563,-0.07978780568,1
1487,1537,0.3907964826,-0.0958057344,1
1487,1569,0.5894246101,-0.1677749306,1
1487,1601,0.5924637914,-0.5367264748,1
1487,1633,0.5272980928,0.1735701114,1
1487,1665,0.3446772695,0.5383889079,1
1487,1697,0.1124323905,0.2097501159,1
1487,1729,0.0672922954,-0.02522034943,1
1487,1761,0.06733778864,0.1449910402,1
1487,1793,0.01484245993,0.2482726276,1
1487,1825,-0.06237531453,0.09483345598,1
1487,1857,0.08340124041,-0.05521385372,1
1487,1889,0.2729206085,0.1073694974,1
1487,1921,0.3176431954,-0.04898846149,1
1487,1953,-0.03254810721,-0.3313213885,1
1487,1985,-0.2404436469,-0.3190475702,1
1487,2017,-0.184189409,-0.004995405674,1
1519,33,0.05062802136,0.8199216127,1
1519,65,-0.1469675452,-0.4964737892,1
1519,97,-0.4535820484,-0.6767853498,1
1519,129,-0.3762109578,-0.3123319447,1
1519,161,-0.2308173776,-0.07504436374,1
1519,193,-0.1823023707,0.1182695627,1
1519,225,-0.5810347795,-0.04841148853,1
1519,257,-0.4437238872,-0.4208015203,1
1519,289,0.2488888055,-0.8127385974,1
1519,321,0.6428126097,-1.087952614,1
1519,353,0.6531111598,-1.293325543,1
1519,385,0.3722958565,0.2016967088,1
1519,417,-0.1144687831,0.6053550243,1
1519,449,-0.1266112626,0.09032727778,1
1519,481,0.2217981219,-0.2558895648,1
1519,513,-0.2352582365,0.01845139824,1
1519,545,-0.02234844863,0.5266743302,1
1519,577,-0.1138540357,1.047375679,1
1519,609,-0.2242354453,0.02019055188,1
1519,641,-0.06205998361,-0.6736344695,1
1519,673,0.1965783983,-1.17621398,1
1519,705,0.02989017963,-0.223901391,1
1519,737,-0.0575055629,0.4733569622,1
1519,769,-0.002008333802,0.7748650312,1
1519,801,-0.09917256236,0.2931464016,1
1519,833,-0.1241470203,0.2464226931,1
1519,865,-0.06187881529,0.06168278307,1
1519,897,-0.1571635604,-0.02430407703,1
1519,929,-0.3252047002,-0.4808164537,1
1519,961,-0.5151329637,-0.4726321101,1
1519,993,-0.5903031826,-0.1684302092,1
1519,1025,-0.2821980119,0.04217842966,1
1519,1057,0.1291903555,0.4441037774,1
1519,1089,0.2406694293,0.7703233957,1
1519,1121,-0.09444159269,0.8600035906,1
1519,1153,-0.0986584723,0.4620533884,1
1519,1185,0.1355552524,0.1825695336,1
1519,1217,0.26427266,0.2069738805,1
1519,1249,0.04673913121,0.1280247271,1
1519,1281,0.5711288452,0.1617889404,1
1519,1313,0.6019649506,0.2749873698,1
1519,1345,0.1498825848,0.1076624393,1
1519,1377,0.01402321458,-0.1664852053,1
1519,1409,0.4013121426,-0.4122219682,1
1519,1441,0.428378731,0.2126899958,1
1519,1473,-0.1313714385,0.4974975586,1
1519,1505,0.06477975845,-0.06673005223,1
1519,1537,0.6443622112,0.1308681816,1
1519,1569,1.244348288,0.01769603044,1
1519,1601,1.031860828,-0.2831271589,1
1519,1633,0.3543471396,0.2395531088,1
1519,1665,0.01401443779,0.402955085,1
1519,1697,-0.1085447818,0.07927432656,1
1519,1729,-0.1610696763,0.2059955001,1
1519,1761,-0.2322025001,0.1399836987,1
1519,1793,-0.3290139735,0.253233552,1
1519,1825,-0.2440822273,0.2508942783,1
1519,1857,-0.005274638534,0.1136995926,1
1519,1889,0.217133373,0.06611604244,1
1519,1921,0.2107027769,-0.2009879649,1
1519,1953,-0.2488958538,-0.006745694205,1
1519,1985,-0.2573488653,0.02150879055,1
1519,2017,-0.1087068468,-0.05574196577,1
1551,33,-0.2823286057,0.5354551077,1
1551,65,-0.2286770344,-0.915682137,1
1551,97,-0.3276202679,-0.8314130306,1
1551,129,-0.2849720418,-0.614153564,1
1551,161,-0.4347010255,-0.2846173644,1
1551,193,-0.1865051687,-0.1907351315,1
1551,225,-0.3637041152,0.1572239101,1
1551,257,-0.2438249886,-0.2774500847,1
1551,289,0.1826068461,-0.6340019107,1
1551,321,0.1415581405,-0.5164523125,1
1551,353,0.3915899098,-0.9999586344,1
1551,385,0.2867133915,-0.1381827891,1
1551,417,-0.0742893666,0.2812151909,1
1551,449,-0.1350589395,-0.03557673097,1
1551,481,0.0958674401,-0.1953738332,1
1551,513,-0.3578605056,-0.1716675758,1
1551,545,-15.91886806,-12.09858322,1
1551,577,-0.882606864,1.816398382,1
1551,609,-0.4558526874,0.2223587185,1
1551,641,0.2990833521,-1.074083686,1
1551,673,0.5290874243,-1.416114569,1
1551,705,0.4208922684,-0.6508378983,1
1551,737,0.3100515008,0.1131828725,1
1551,769,0.2125547826,0.4628222585,1
1551,801,0.09849853814,0.2152990848,1
1551,833,-0.05056883395,0.1384344101,1
1551,865,-0.2019430846,0.05833171308,1
1551,897,-0.3675648868,-0.2739447355,1
1551,929,-0.5118083358,-0.9359585643,1
1551,961,-0.4259918332,-0.8669386506,1
1551,993,-0.0882781446,-0.145824194,1
1551,1025,0.3448864818,0.2567886114,1
1551,1057,0.2660033107,0.3556290269,1
1551,1089,0.1599738151,0.6904553175,1
1551,1121,0.1381893903,1.168233514,1
1551,1153,-0.06727630645,0.9190398455,1
1551,1185,0.3558798432,0.3357146382,1
1551,1217,0.8139573336,0.2683851719,1
1551,1249,0.3713300824,-0.04115724564,1
1551,1281,0.2154555917,0.4324682355,1
1551,1313,0.3645852208,0.2467918098,1
1551,1345,0.1938183904,-0.4384316802,1
1551,1377,0.3057037592,-0.3515711129,1
1551,1409,1.714811563,10.42433357,1
1551,1441,0.9276249409,0.4090532064,1
1551,1473,0.4020607471,0.2798658609,1
1551,1505,0.9662380219,-0.3182511926,1
1551,1537,2.839511395,-0.3751116991,1
1551,1569,2.856818199,-0.2106348723,1
1551,1601,1.139248967,0.08501440287,1
1551,1633,0.2573676705,-0.1740694046,1
1551,1665,-0.02765330672,-0.167261079,1
1551,1697,-0.03464703262,0.06749510765,1
1551,1729,-0.1014104635,-0.02054134011,1
1551,1761,-0.12444368,-0.05999655277,1
1551,1793,-0.1394353211,0.1110475734,1
1551,1825,-0.1139430925,0.1726226211,1
1551,1857,-0.06451380253,-0.006828159094,1
1551,1889,-0.04744303972,-0.1277665347,1
1551,1921,-0.007249861956,-0.1669649333,1
1551,1953,-0.1554015279,0.1985649168,1
1551,1985,-0.1398048103,0.1307204217,1
1551,2017,-0.01480716467,-0.06439401209,1
1583,33,-0.6619393229,0.2467763126,1
1583,65,-0.44082129,-0.1758203506,1
1583,97,-0.4557498693,-0.1519697905,1
1583,129,-0.7766669393,-0.09341345727,1
1583,161,-0.776824832,-0.2265976965,1
1583,193,-0.1303295791,-0.3837122321,1
1583,225,0.5470168591,-0.06478947401,1
1583,257,0.5484403372,-0.2198124826,1
1583,289,0.04074510187,-0.6093345284,1
1583,321,-0.1538381279,-0.8132737875,1
1583,353,-0.3575217724,-0.6599153876,1
1583,385,-0.1248812973,-0.003431029618,1
1583,417,0.290393889,0.5487574935,1
1583,449,0.1381070912,-0.03593096137,1
1583,481,0.04060333967,-0.2718601227,1
1583,513,0.1142112315,-0.3216738105,1
1583,545,0.05356158316,0.5795134306,1
1583,577,-0.1300297081,2.366435289,1
1583,609,0.06993210316,0.2725102007,1
1583,641,0.4454169273,-0.7326089144,1
1583,673,0.7351178527,-0.8466635942,1
1583,705,0.6719163656,-0.9266777635,1
1583,737,-0.08590713143,-0.5603317022,1
1583,769,0.02833479643,-0.207824707,1
1583,801,0.2732563615,0.08530728519,1
1583,833,0.1530479789,0.1838661134,1
1583,865,0.009907454252,0.073252514,1
1583,897,-0.05978947878,-0.3284108043,1
1583,929,0.05792545527,-0.2851364911,1
1583,961,0.3187332153,-0.09630778432,1
1583,993,0.3008208275,0.3271148801,1
1583,1025,0.2658351064,0.2136596739,1
1583,1057,0.2110860944,0.1355062723,1
1583,1089,0.06961750239,0.406196624,1
1583,1121,-0.1496649981,0.5290538669,1
1583,1153,-0.2769247591,0.4516234696,1
1583,1185,0.08126211166,0.1775958538,1
1583,1217,0.4931053817,0.1328188479,1
1583,1249,0.5038357973,0.05046503246,1
1583,1281,0.4888334572,0.3907740414,1
1583,1313,0.5313744545,0.1374500841,1
1583,1345,0.5554035902,-1.215567708,1
1583,1377,1.092710495,-0.6199041605,1
1583,1409,2.358833075,-0.919054985,1
1583,1441,0.9798110127,-0.6864933968,1
1583,1473,1.140315056,-0.3865787387,1
1583,1505,4.183072567,-0.8889199495,1
1583,1537,4.561185837,0.3616996706,1
1583,1569,3.397912979,0.5827047825,1
1583,1601,1.214161634,0.3333482146,1
1583,1633,0.3059076667,-0.09641598165,1
1583,1665,-0.2196784168,-0.3064124584,1
1583,1697,-0.1371050328,-0.1599344909,1
1583,1729,-0.2205740213,-0.2661425769,1
1583,1761,0.07385104895,-0.1048970222,1
1583,1793,0.2783259451,0.1902354062,1
1583,1825,-0.07704438269,0.2036344707,1
1583,1857,-0.1341264695,-0.1436816305,1
1583,1889,-0.1507957727,-0.2148302197,1
1583,1921,-0.05186643079,-0.03022160009,1
1583,1953,-0.1415041238,0.1030074805,1
1583,1985,-0.06414938718,0.05472225323,1
1583,2017,0.2438642681,-0.0177860707,1
1615,33,0.04155898094,0.09741793573,1
1615,65,-0.2834888697,0.1226097494,1
1615,97,-0.672514081,0.2179972827,1
1615,129,-1.420332909,0.06692451239,1
1615,161,-1.380568743,-0.03902640939,1
1615,193,-0.07566092908,-0.2222327292,1
1615,225,1.116691589,-0.1956505775,1
1615,257,0.8660386205,-0.2450805008,1
1615,289,-0.174439013,-0.6778925061,1
1615,321,-0.1603374183,-1.00044775,1
1615,353,-0.1637241244,-0.7398629785,1
1615,385,0.1032074243,-0.004703015089,1
1615,417,0.6594610214,0.7573392391,1
1615,449,0.7602380514,0.2912116349,1
1615,481,0.4854592681,-0.09854403138,1
1615,513,0.1485669613,-0.08424592018,1
1615,545,0.1826111674,0.1860630214,1
1615,577,0.09496626258,0.7527415752,1
1615,609,0.09311258793,0.25111866,1
1615,641,0.120381549,-0.2168704271,1
1615,673,0.3237729669,-0.2859413922,1
1615,705,0.3978061676,-0.6328189373,1
1615,737,0.2699543238,-0.8264552355,1
1615,769,0.4179409742,-0.4920448065,1
1615,801,0.6739863753,0.1151151657,1
1615,833,0.5365120173,0.2166156322,1
1615,865,0.3314958811,0.1342502236,1
1615,897,0.3893333375,-0.1918749213,1
1615,929,0.2134827375,0.6565039158,1
1615,961,0.3795740902,1.108914256,1
1615,993,0.9763539433,1.591463089,1
1615,1025,0.1704163849,0.2607671618,1
1615,1057,0.2477273047,-0.2417526394,1
1615,1089,0.06236523762,0.1614542902,1
1615,1121,-0.5851435065,0.06047642231,1
1615,1153,-0.8261260986,0.05513343215,1
1615,1185,-0.2275597751,0.05671960115,1
1615,1217,0.2832739949,0.31853953,1
1615,1249,0.4985662103,0.1895725876,1
1615,1281,0.6495250463,0.2965326011,1
1615,1313,0.9848338962,0.573428154,1
1615,1345,0.8610144854,0.1784178615,1
1615,1377,1.652955532,-0.07613289356,1
1615,1409,2.101679802,-0.4958051443,1
1615,1441,0.9648076296,-0.8828900456,1
1615,1473,1.120973945,-0.09597403556,1
1615,1505,2.009491444,0.864187479,1
1615,1537,2.913473129,1.725459099,1
1615,1569,1.902127266,1.488894343,1
1615,1601,0.5937473178,0.3561587632,1
1615,1633,0.06495967507,-0.005872929469,1
1615,1665,-0.1488984227,-0.09250043333,1
1615,1697,-0.1912866533,-0.009712278843,1
1615,1729,-0.264077425,-0.1364330053,1
1615,1761,0.008905008435,0.03853669018,1
1615,1793,0.2793034017,0.2399166673,1
1615,1825,0.1695311666,0.2877785861,1
1615,1857,0.194041416,-0.1486442685,1
1615,1889,0.116944924,-0.2098083794,1
1615,1921,0.0929479599,-0.07760477811,1
1615,1953,0.06085281074,-0.1736951768,1
1615,1985,-0.06033270806,0.1547940522,1
1615,2017,0.2526587248,0.05857360363,1
1647,33,-0.08762198687,0.2270976305,1
1647,65,-2.121269464,0.5963946581,1
1647,97,-1.606660008,0.1032496542,1
1647,129,-2.868460178,19.35928726,1
1647,161,-6.750919342,-1.44782114,1
1647,193,-0.2360082865,-0.3627605736,1
1647,225,0.1251564771,-0.1780961156,1
1647,257,0.4036570787,0.3114450574,1
1647,289,0.2159389704,-0.4201604128,1
1647,321,0.344925344,-0.7619106174,1
1647,353,12.38353539,1.04586935,1
1647,385,0.7079179287,0.004666574299,1
1647,417,1.098059893,0.9136121273,1
1647,449,0.9337403774,0.5326703787,1
1647,481,0.4589177668,0.300991118,1
1647,513,0.6332934499,1.114377022,1
1647,545,0.9590447545,1.332280636,1
1647,577,0.1139730215,0.2196405232,1
1647,609,-0.4278202951,-0.07607395947,1
1647,641,-0.2814882398,-0.4675265551,1
1647,673,-0.05830824375,-0.2010400891,1
1647,705,0.9235039353,-0.6541984081,1
1647,737,1.530355453,-1.007793546,1
1647,769,0.4240470529,-0.6831433773,1
1647,801,1.032309294,-0.2412647009,1
1647,833,1.459365368,-0.09364700317,1
1647,865,0.398183912,-0.2074667811,1
1647,897,0.7267221808,-0.2232328802,1
1647,929,0.4595617056,0.05076252669,1
1647,961,0.392565608,0.3361861706,1
1647,993,0.4304334223,0.3975286484,1
1647,1025,0.302049458,0.2968137264,1
1647,1057,0.2698291242,-0.3350430131,1
1647,1089,-0.2783397138,-0.2526138127,1
1647,1121,-0.5647732019,-0.1529756188,1
1647,1153,-0.9066405296,-0.4392467141,1
1647,1185,-0.5586126447,-0.3374124169,1
1647,1217,0.3990845084,0.1608324051,1
1647,1249,0.6360230446,0.279456228,1
1647,1281,0.7359393835,0.306722641,1
1647,1313,1.011700273,0.6072776318,1
1647,1345,0.6472114325,0.3286661506,1
1647,1377,1.425459146,0.403213203,1
1647,1409,2.688872576,-0.2800824642,1
1647,1441,1.355122805,-0.661295414,1
1647,1473,0.8753404617,0.3260245919,1
1647,1505,1.159917951,2.262015581,1
1647,1537,2.330934048,2.354440689,1
1647,1569,0.8501698971,0.9079473019,1
1647,1601,0.0301437974,0.04137642682,1
1647,1633,0.149408102,-0.04578679055,1
1647,1665,0.1018790901,-0.09466519952,1
1647,1697,-0.1516530365,0.07832436264,1
1647,1729,-0.2685752511,0.194607541,1
1647,1761,0.1153108627,0.2947829366,1
1647,1793,0.360180676,0.08205039799,1
1647,1825,0.3872821629,0.0404169783,1
1647,1857,0.3804898858,-0.04023003206,1
1647,1889,0.03509994596,-0.125834018,1
1647,1921,0.04781389236,-0.1340466589,1
1647,1953,0.1284705549,-0.06751641631,1
1647,1985,-0.06555861235,0.2535651922,1
1647,2017,0.02079152502,0.06506745517,1
1679,33,0.2992094457,0.3596371412,1
1679,65,10.74677467,-9.327795029,1
1679,97,2.458388805,-8.897122383,1
1679,129,-2.148476124,19.19608688,1
1679,161,-0.6766797304,-0.7037706375,1
1679,193,-12.3732338,-16.3604126,1
1679,225,-0.3526501656,-0.7108944058,1
1679,257,0.1338192225,-0.104383707,1
1679,289,0.1010594219,0.2466260791,1
1679,321,0.1560437083,-0.2004974782,1
1679,353,0.2732440531,-0.3833435476,1
1679,385,0.1659458578,-0.1631821692,1
1679,417,-14.42837334,-12.86055851,1
1679,449,-0.1013662964,0.3262648284,1
1679,481,0.03928396106,0.439545244,1
1679,513,0.86027807,1.088204503,1
1679,545,1.078652143,0.8594294786,1
1679,577,0.5310034156,0.3359316587,1
1679,609,-0.07501907647,-0.2431613356,1
1679,641,-0.3416081667,-0.8616045713,1
1679,673,-0.04058408737,-0.3132416606,1
1679,705,1.249248266,-0.9688318372,1
1679,737,1.840162039,-0.93870157,1
1679,769,0.447693944,-0.9627150893,1
1679,801,0.8659914136,-1.003226757,1
1679,833,1.073077202,-0.9122425318,1
1679,865,0.564602375,-1.227917433,1
1679,897,0.5030516386,-0.8468490839,1
1679,929,0.2584614158,-0.2598372996,1
1679,961,0.1443512142,-0.1254224777,1
1679,993,-0.1310750246,-0.4208634794,1
1679,1025,0.1163522303,-0.3061380684,1
1679,1057,-0.2373001128,-1.044081688,1
1679,1089,-0.5480457544,-1.339120984,1
1679,1121,-0.5369222164,-1.037197351,1
1679,1153,18.91694832,1.114706516,1
1679,1185,0.3259763718,0.09775327146,1
1679,1217,0.4907438159,0.0143917501,1
1679,1249,0.5201567411,-0.005247578025,1
1679,1281,0.2518415749,-0.03102853894,1
1679,1313,0.3381126523,-0.08094888926,1
1679,1345,0.3038175702,0.04729959369,1
1679,1377,0.4883514047,0.4746440351,1
1679,1409,1.547999859,-0.1398836672,1
1679,1441,1.726651788,-1.246323347,1
1679,1473,0.9613889456,-0.8071352243,1
1679,1505,0.8568793535,0.7622221708,1
1679,1537,0.6952473521,0.9475564361,1
1679,1569,-0.0395039916,0.3470904231,1
1679,1601,-0.03957596421,-0.08014950156,1
1679,1633,0.1547671556,-0.153066054,1
1679,1665,0.0585449934,-0.25833413,1
1679,1697,-0.229219079,-0.1302105188,1
1679,1729,-0.131783396,0.1646203697,1
1679,1761,0.2697081864,0.2967692018,1
1679,1793,0.2396354973,-0.001203112304,1
1679,1825,-0.004155889153,-0.1184046566,1
1679,1857,0.003773529083,0.1127119735,1
1679,1889,-0.1049212813,0.104434669,1
1679,1921,-0.1928429604,-0.01018776,1
1679,1953,-0.2395399511,-0.05179114267,1
1679,1985,-0.2347117513,0.1586758643,1
1679,2017,-0.05659610033,0.01084734499,1
1711,33,0.1127784699,0.3151025772,1
1711,65,-0.6292558312,-1.668297052,1
1711,97,-4.913353443,-8.472452164,1
1711,129,-3.579747677,-2.69456172,1
1711,161,-0.6048810482,-0.5653784871,1
1711,193,-0.2863693237,-0.556180954,1
1711,225,-0.3667013943,-0.9091946483,1
1711,257,-0.3801353574,-0.6654493213,1
1711,289,-0.4129837453,-0.09276479483,1
1711,321,-0.3218320012,-0.3150864542,1
1711,353,-0.1833041012,-0.2900879979,1
1711,385,-0.02344322205,-0.1301147938,1
1711,417,-0.2806666791,0.08070897311,1
1711,449,-15.06990719,-2.167818546,1
1711,481,-0.1304561794,0.1732034385,1
1711,513,0.5933089852,-0.07436329126,1
1711,545,0.8122734427,0.1710803509,1
1711,577,0.4861419797,0.0430252254,1
1711,609,0.400840044,-0.4928067625,1
1711,641,-0.273219198,-0.3242070973,1
1711,673,-0.1239394695,-0.2499545813,1
1711,705,0.5893390775,-0.6135854721,1
1711,737,0.6806739569,-0.7705917954,1
1711,769,0.3969610929,-1.34651351,1
1711,801,0.7455801964,-2.619567633,1
1711,833,1.191019416,-3.616569996,1
1711,865,1.28437233,-2.84849453,1
1711,897,0.5527815819,-1.053488255,1
1711,929,0.3894058466,-0.3473651409,1
1711,961,0.3044660091,-0.03094792366,1
1711,993,-0.009975869209,-0.02068126202,1
1711,1025,0.1770532578,-0.3540910184,1
1711,1057,-0.2141078413,-0.771859169,1
1711,1089,-0.3897832334,-0.9226531982,1
1711,1121,0.1740263999,-1.130597353,1
1711,1153,1.714583278,0.6856975555,1
1711,1185,1.886001348,1.404962659,1
1711,1217,0.3848642111,0.2892685235,1
1711,1249,-0.04351842403,0.1169105768,1
1711,1281,-0.5215951204,0.05923014879,1
1711,1313,-0.1350911707,0.07589605451,1
1711,1345,0.03778281808,0.416648984,1
1711,1377,0.2931459546,0.8837404847,1
1711,1409,1.348870873,0.5582228303,1
1711,1441,1.945800543,-0.7037069798,1
1711,1473,1.147766829,-1.002201796,1
1711,1505,0.3784890771,-0.2134045213,1
1711,1537,-0.03343236446,-0.07976860553,1
1711,1569,-0.08516520262,-0.2470716834,1
1711,1601,0.1008487046,-0.09773556888,1
1711,1633,0.1905674487,-0.01796022803,1
1711,1665,0.114742741,0.05057564378,1
1711,1697,-0.02847208083,0.08918917179,1
1711,1729,0.06158059835,-0.01002588868,1
1711,1761,0.02396419831,-0.001690872014,1
1711,1793,-0.2219464481,-0.0257900022,1
1711,1825,-0.2842559814,-0.07602579147,1
1711,1857,-0.1689961702,0.03478109464,1
1711,1889,0.05016045272,0.1549415886,1
1711,1921,-0.1119200662,0.01634460315,1
1711,1953,-0.2513604164,-0.1528711766,1
1711,1985,-0.3748248816,0.1269283295,1
1711,2017,-0.2358572185,-0.02641630918,1
1743,33,-0.3839446306,0.3981266618,1
1743,65,-0.8980644941,-0.1647001505,1
1743,97,-1.871144056,-0.3516333699,1
1743,129,-0.8440818191,-0.7373994589,1
1743,161,0.01036864519,-0.3879016638,1
1743,193,-0.2209790647,-0.1185167432,1
1743,225,-0.660359621,-0.8170641065,1
1743,257,-0.7579684854,-0.8608523011,1
1743,289,-0.4120025039,-0.1372526884,1
1743,321,-0.0727532357,-0.001365102828,1
1743,353,0.2424078286,0.0611769408,1
1743,385,0.3093068302,0.1924479157,1
1743,417,0.5802265406,0.2366653681,1
1743,449,0.5001721382,0.6579408646,1
1743,481,0.01631449163,-0.2221583724,1
1743,513,0.2972808182,-0.2989910543,1
1743,545,0.4603917599,0.007825106382,1
1743,577,0.493029654,-0.6537740827,1
1743,609,0.4427388906,-1.362488985,1
1743,641,-0.0001900792122,-0.6505193114,1
1743,673,-0.338724941,-0.4890450537,1
1743,705,-0.3129712641,-0.1355527639,1
1743,737,-0.07029116154,-0.6136760712,1
1743,769,-0.498229444,-4.053894997,1
1743,801,-8.832602501,-18.23821259,1
1743,833,0.8988444805,-5.784852028,1
1743,865,0.6858861446,-3.924019337,1
1743,897,0.7008727789,-0.9235602021,1
1743,929,0.5282766223,-0.6665300131,1
1743,961,0.2127171159,0.08848270774,1
1743,993,-0.05775511265,0.5324292183,1
1743,1025,0.07095207274,0.1574424505,1
1743,1057,-0.1203090474,-0.3478081226,1
1743,1089,-0.3207731545,-0.5834612846,1
1743,1121,0.3014291525,-0.6016123891,1
1743,1153,0.4930832982,0.1469019651,1
1743,1185,0.3077373803,0.4753327966,1
1743,1217,0.17710419,0.2145764828,1
1743,1249,-0.2103714049,0.3445988595,1
1743,1281,-0.2692147493,0.7016248107,1
1743,1313,0.129767105,0.6091610193,1
1743,1345,-0.1072311997,1.004822612,1
1743,1377,0.05977791548,1.057652235,1
1743,1409,0.6328866482,0.6448602676,1
1743,1441,0.8206326962,0.06019566953,1
1743,1473,0.7625517845,-0.3468101919,1
1743,1505,0.2551516294,-0.07116539776,1
1743,1537,-0.0670439899,-0.1338662952,1
1743,1569,0.2860446572,-0.295042336,1
1743,1601,0.4334473014,-0.1238804385,1
1743,1633,0.1946482658,0.1353352666,1
1743,1665,-0.03285999596,0.1594021469,1
1743,1697,-0.001948714256,0.2393043637,1
1743,1729,0.06857159734,0.04354979843,1
1743,1761,0.002911433578,-0.09208691865,1
1743,1793,-0.4171841741,-0.1292354167,1
1743,1825,-0.3838226199,-0.2286218703,1
1743,1857,-0.06804735959,-0.1944476366,1
1743,1889,-0.003797188401,-0.1180864275,1
1743,1921,-0.0007907450199,0.01417939737,1
1743,1953,-0.1175546497,0.0178873986,1
1743,1985,-0.4312045574,0.1110485792,1
1743,2017,-0.3354301751,-0.06201836467,1
1775,33,-0.2119381428,0.6078517437,1
1775,65,-0.336161375,-0.2017054558,1
1775,97,-1.19448185,-0.4705745578,1
1775,129,-0.3946181238,-0.776581645,1
1775,161,0.1038056016,-0.8232927322,1
1775,193,-0.1861481369,0.6388433576,1
1775,225,-0.3275158405,-0.1091497242,1
1775,257,-0.2680937648,-0.6179890633,1
1775,289,-0.01339498162,-0.4975271821,1
1775,321,0.2453496754,0.07631598413,1
1775,353,0.1738443375,0.7250628471,1
1775,385,0.3098687828,0.4088967443,1
1775,417,0.6286187172,-0.2884612978,1
1775,449,0.5477967858,-0.3798910379,1
1775,481,0.2405152917,-0.2432141602,1
1775,513,0.4249236882,-0.3464846015,1
1775,545,0.5182264447,-1.308141708,1
1775,577,0.9212176204,-1.586916924,1
1775,609,5.415859222,2.701070309,1
1775,641,0.5709879398,-0.8061174154,1
1775,673,-0.2788371444,-0.4028084576,1
1775,705,-0.08394825459,-0.3556867838,1
1775,737,0.4235891998,-0.52402246,1
1775,769,0.3227929473,-1.978413343,1
1775,801,-0.5922741294,-6.750318527,1
1775,833,0.4066080451,-5.171073437,1
1775,865,-0.3761962056,-1.307202935,1
1775,897,0.5911192298,-0.4599536657,1
1775,929,0.6685041189,-0.2749131024,1
1775,961,0.5651817322,0.5424310565,1
1775,993,0.6109270453,0.8582911491,1
1775,1025,0.1254300922,-0.07156708837,1
1775,1057,-0.2100930065,-0.2843973339,1
1775,1089,-0.1152935028,0.04683863372,1
1775,1121,0.2768648863,0.04226254672,1
1775,1153,0.3478248119,0.02108743787,1
1775,1185,0.0100685209,0.0771497786,1
1775,1217,3.263964176,18.08780479,1
1775,1249,-0.4138741791,0.3686639369,1
1775,1281,0.0771471411,0.7775136828,1
1775,1313,0.4371493459,1.064306617,1
1775,1345,0.4374168515,1.815633297,1
1775,1377,0.1399169713,1.177664757,1
1775,1409,0.006057947874,0.1529816985,1
1775,1441,0.3663741946,0.2601579428,1
1775,1473,0.2842329443,0.185437277,1
1775,1505,0.01672762632,0.002752542496,1
1775,1537,0.06472110748,0.03281638026,1
1775,1569,0.08772772551,-0.178004086,1
1775,1601,0.1393934488,-0.2638261616,1
1775,1633,-0.1252365559,-0.1633969694,1
1775,1665,-0.3547876179,-0.1377202123,1
1775,1697,-0.3082428873,-0.07521086931,1
1775,1729,-0.2690383494,-0.1526818871,1
1775,1761,-0.09240775555,-0.1157280579,1
1775,1793,-0.2287019491,-0.1427377313,1
1775,1825,-0.3128991425,-0.2904817462,1
1775,1857,-0.09503790736,-0.408205986,1
1775,1889,-0.104696244,-0.1474297047,1
1775,1921,-0.1892957687,-0.001759011298,1
1775,1953,-0.2132534087,0.02078997344,1
1775,1985,-0.3663721085,0.1283151805,1
1775,2017,-0.3046489954,-0.02504820004,1
1807,33,-0.001476198435,0.8426074982,1
1807,65,0.06655299664,-0.1948706657,1
1807,97,0.08299648762,-0.4627159536,1
1807,129,-0.4575359821,-0.6395379305,1
1807,161,-0.3787673712,-0.4225694239,1
1807,193,-0.1268342286,0.7562994957,1
1807,225,-0.1804645061,0.2664073706,1
1807,257,-0.4205370545,-0.3897354305,1
1807,289,0.174339354,-1.36113143,1
1807,321,0.8190534711,-0.6352000237,1
1807,353,0.3642309606,0.5517351627,1
1807,385,0.1507780403,0.354364574,1
1807,417,0.3946013451,-0.2412578464,1
1807,449,0.4742019176,-0.6754437685,1
1807,481,0.3323733211,-0.979867816,1
1807,513,0.6864774227,-0.6367684603,1
1807,545,1.089834094,-2.339845419,1
1807,577,1.118339062,-3.379892349,1
1807,609,2.078926086,-0.9778726101,1
1807,641,0.9813774228,-0.2790649533,1
1807,673,0.5782708526,-0.4437491894,1
1807,705,0.5540978909,-0.5974814892,1
1807,737,0.6183391809,-0.2823016644,1
1807,769,0.8977925777,-0.7157459259,1
1807,801,1.618693113,-2.044289589,1
1807,833,2.223684311,-2.675843716,1
1807,865,1.242768407,-1.16205132,1
1807,897,0.7982643843,-0.337225616,1
1807,929,0.8412863612,0.2194509506,1
1807,961,0.5742909312,0.6471755505,1
1807,993,0.3371228576,1.244592071,1
1807,1025,-0.2043201327,0.3988333642,1
1807,1057,-0.5274906158,-0.04624098539,1
1807,1089,-0.5147852302,0.4204051197,1
1807,1121,-0.06613560021,0.4584953487,1
1807,1153,-0.4225878716,0.3050388098,1
1807,1185,-0.6799306273,-0.1023351848,1
1807,1217,-0.3940675855,0.09940123558,1
1807,1249,-0.2478935421,0.185047999,1
1807,1281,0.1187809408,0.4248825908,1
1807,1313,0.5638311505,0.668173492,1
1807,1345,0.5526612997,0.9077113867,1
1807,1377,0.1121581644,0.9618905187,1
1807,1409,0.1384448409,0.07239827514,1
1807,1441,0.2290916741,0.1033191979,1
1807,1473,0.1648724079,0.05801764876,1
1807,1505,0.1808882803,0.0810161978,1
1807,1537,0.0982196033,-0.08136032522,1
1807,1569,-0.03475920111,-0.183257997,1
1807,1601,0.0018081218,-0.08752943575,1
1807,1633,-0.08510172367,-0.04887504876,1
1807,1665,-0.2296104431,-0.009207226336,1
1807,1697,-0.1803201288,-0.08291638643,1
1807,1729,-0.04317261279,-0.2727552056,1
1807,1761,-0.007146082819,-0.2642163932,1
1807,1793,-0.09239330888,-0.1059059352,1
1807,1825,-0.1458303332,0.0002508684993,1
1807,1857,0.002622336149,-0.04672262445,1
1807,1889,0.06154045463,-0.01563805342,1
1807,1921,-0.06320011616,-0.04984433576,1
1807,1953,-0.04152064025,0.09432516992,1
1807,1985,-0.06278583407,0.127604872,1
1807,2017,-0.0927734077,0.04395897686,1
1839,33,0.2316539884,1.069738626,1
1839,65,-0.02357570082,-0.1917207837,1
1839,97,-0.340462774,-0.6159613132,1
1839,129,-0.581727922,-0.3810416162,1
1839,161,-0.5185697079,0.1970175803,1
1839,193,-0.3043391109,0.7518643737,1
1839,225,-0.5319385529,0.0223214142,1
1839,257,-0.605309248,-0.3918744028,1
1839,289,0.1426196098,-0.7147842646,1
1839,321,0.4782017767,-0.5446928144,1
1839,353,0.251843363,0.09943209589,1
1839,385,0.07383713126,0.05989477038,1
1839,417,-0.003613859415,-0.12025249,1
1839,449,0.2768622041,-0.4235107303,1
1839,481,0.6809255481,-0.5246506929,1
1839,513,1.040159106,-0.3791124821,1
1839,545,1.209347486,-0.3337026238,1
1839,577,1.967595816,-2.530201674,1
1839,609,1.893034697,-2.670036316,1
1839,641,0.7358279824,-0.935888052,1
1839,673,0.7352610826,-0.5891488194,1
1839,705,0.9024426341,-0.7965379357,1
1839,737,0.8015039563,-0.300565064,1
1839,769,0.6985141039,-0.005365729332,1
1839,801,1.079681635,-0.8044308424,1
1839,833,2.603175163,-2.935027122,1
1839,865,3.38627696,-1.363927841,1
1839,897,1.165857077,-0.369066447,1
1839,929,1.034350634,-0.2022727728,1
1839,961,0.719320178,-0.03514236212,1
1839,993,-0.04128078371,1.130396128,1
1839,1025,-0.506172061,1.692137599,1
1839,1057,-0.4187171757,1.558931828,1
1839,1089,-0.03639118373,1.381098747,1
1839,1121,0.2358149588,1.051614523,1
1839,1153,-0.06052101403,0.4349663854,1
1839,1185,-0.2722116113,-0.06623241305,1
1839,1217,-0.2771326303,-0.1036900729,1
1839,1249,-0.05663922429,0.1802781224,1
1839,1281,0.1389208138,0.2605029941,1
1839,1313,0.4673131108,0.185082525,1
1839,1345,0.584369123,0.23993361,1
1839,1377,0.3759974837,0.5132778883,1
1839,1409,0.2202554941,0.2627124488,1
1839,1441,0.01535838842,-0.05535812676,1
1839,1473,0.1035537571,-0.07350155711,1
1839,1505,0.1623134166,0.009229090065,1
1839,1537,0.1504074186,-0.2383636832,1
1839,1569,0.2010446787,-0.08548249304,1
1839,1601,0.2155301273,0.2210784256,1
1839,1633,0.06302700192,0.251475662,1
1839,1665,-0.1421753466,0.238867268,1
1839,1697,-0.1137877405,0.2724552155,1
1839,1729,0.04904847965,0.07208839059,1
1839,1761,-0.005092013627,-0.05468798429,1
1839,1793,-0.1108708829,0.1638777107,1
1839,1825,-0.06562127918,0.3490381837,1
1839,1857,-0.01317552477,0.2023551762,1
1839,1889,-0.04297772795,-0.1381911337,1
1839,1921,-0.01837180927,-0.1260914654,1
1839,1953,0.06321346015,0.05123989284,1
1839,1985,-0.06589149684,0.1195432916,1
1839,2017,-0.09906500578,0.06225331128,1
1871,33,0.558922112,1.302896142,1
1871,65,-0.01415787637,-0.7736510634,1
1871,97,-0.3707725704,-1.397014141,1
1871,129,-0.4399203956,-0.3974352777,1
1871,161,-0.2072404623,0.5307723284,1
1871,193,-0.308632791,1.133496523,1
1871,225,-0.7449948788,0.3309940696,1
1871,257,-0.5864145756,-0.5806840658,1
1871,289,-0.09854707122,-0.4778256118,1
1871,321,0.0594393909,0.08803749084,1
1871,353,0.322696507,0.2278165817,1
1871,385,0.5820045471,0.1745414585,1
1871,417,0.5399666429,-0.5510544181,1
1871,449,-14.8156929,11.5519619,1
1871,481,0.8734461665,0.09722822905,1
1871,513,0.8537011147,-0.03938186169,1
1871,545,0.9487674236,-0.7182140946,1
1871,577,0.9357680082,-3.888467789,1
1871,609,0.8723141551,-1.359437704,1
1871,641,0.3221849203,-0.9574847817,1
1871,673,0.6957999468,-0.7363060117,1
1871,705,1.043712616,-1.134678721,1
1871,737,0.6314558983,-1.13934505,1
1871,769,0.7849000692,-0.4533715248,1
1871,801,1.213848352,-0.3043290973,1
1871,833,-16.24323654,9.55365181,1
1871,865,3.167033911,-0.7793349624,1
1871,897,1.145461559,-0.2596702576,1
1871,929,1.034832358,-0.6821061373,1
1871,961,0.3730174303,-0.1395378113,1
1871,993,-0.195951432,0.750672698,1
1871,1025,-0.2213530242,1.302865982,1
1871,1057,-0.2336686999,1.426826477,1
1871,1089,0.5125163794,2.269864559,1
1871,1121,1.251549959,1.309518576,1
1871,1153,1.136629581,0.183349058,1
1871,1185,0.766936183,0.1882580221,1
1871,1217,0.2184962928,0.1162984371,1
1871,1249,-0.02636389434,-0.03002350032,1
1871,1281,0.07661771029,0.01451140642,1
1871,1313,-0.1542091221,-0.1590334177,1
1871,1345,0.01608859003,0.0001904964447,1
1871,1377,0.02732776105,0.2608373761,1
1871,1409,-0.1010862142,0.01197676361,1
1871,1441,-0.01075933129,-0.1035548374,1
1871,1473,0.1267403662,-0.1535232067,1
1871,1505,0.02116109431,-0.2289490104,1
1871,1537,0.03502747416,-0.1509912312,1
1871,1569,0.1182192937,0.0692127794,1
1871,1601,0.2651266456,0.07958582789,1
1871,1633,0.1898497641,0.2327424884,1
1871,1665,-0.1907004714,0.3218691945,1
1871,1697,-0.1177736074,0.2327739894,1
1871,1729,0.02856849879,0.0772036016,1
1871,1761,-0.01875525713,0.007887993008,1
1871,1793,0.04485545307,0.08685333282,1
1871,1825,0.1525397599,0.1760173738,1
1871,1857,0.03003487736,0.06085364148,1
1871,1889,-0.3437123895,-0.1466103792,1
1871,1921,-0.2344316244,-0.1779212058,1
1871,1953,-0.00330799818,-0.04625668749,1
1871,1985,-0.1859117448,0.09247455746,1
1871,2017,-0.4007560611,0.04746709764,1
1903,33,0.3963762224,1.257317424,1
1903,65,0.3371766806,-1.28533566,1
1903,97,-0.1205069646,-1.56733799,1
1903,129,-0.3991018832,-0.663792789,1
1903,161,-0.3543924391,0.03140938282,1
1903,193,-0.3024635911,0.1985893548,1
1903,225,-0.8812324405,0.2015883029,1
1903,257,-0.7850424051,-0.1820070744,1
1903,289,-0.2943519652,-0.4789704084,1
1903,321,0.3889019489,-0.1209313869,1
1903,353,0.4342526495,0.03876198828,1
1903,385,0.7082033753,-0.2358744144,1
1903,417,1.165904403,-0.576821208,1
1903,449,1.037081957,-0.370875448,1
1903,481,0.8063849807,0.5489667654,1
1903,513,0.8848400116,0.311267972,1
1903,545,0.9565042257,-0.4271530211,1
1903,577,0.9268288016,-1.173833251,1
1903,609,0.1441009045,-0.6209512353,1
1903,641,0.1854249835,-0.9224216938,1
1903,673,0.6455563307,-0.8633953929,1
1903,705,0.5305417776,-1.139404297,1
1903,737,0.09245955944,-1.455881596,1
1903,769,0.3495804667,-1.120161057,1
1903,801,0.7927667499,-0.3180616498,1
1903,833,0.7554870844,-0.1335457563,1
1903,865,0.487161696,-0.2891458869,1
1903,897,0.4548408389,-0.2863180339,1
1903,929,0.4326711595,-0.2023126483,1
1903,961,-0.1361723393,0.4222309589,1
1903,993,-0.2970978022,0.9881345034,1
1903,1025,0.04669873416,1.485868692,1
1903,1057,0.1384747922,0.9447931647,1
1903,1089,0.6116081476,0.9215174317,1
1903,1121,1.300067663,0.1564516723,1
1903,1153,1.603333235,-0.5205273628,1
1903,1185,1.779548883,-0.454033941,1
1903,1217,1.047438383,-0.6231473088,1
1903,1249,0.3770757318,-0.3979190588,1
1903,1281,0.617028296,-0.2023295015,1
1903,1313,0.003741547465,-0.03240918368,1
1903,1345,-0.1456624269,0.2995991707,1
1903,1377,-0.04317894578,0.3463116884,1
1903,1409,-0.1787261069,0.06223087758,1
1903,1441,0.1028466746,-0.09071964771,1
1903,1473,0.170733735,-0.2156369686,1
1903,1505,0.1237802058,-0.03801916167,1
1903,1537,0.2114086151,0.1995158046,1
1903,1569,-0.001256741583,0.1198901981,1
1903,1601,-0.1386696994,-0.1838210523,1
1903,1633,-0.02834752761,0.1056052744,1
1903,1665,0.1041568071,0.3279672265,1
1903,1697,0.1161290705,0.1362712085,1
1903,1729,0.1364249438,-0.03990384191,1
1903,1761,0.219551146,0.03081192821,1
1903,1793,0.1778801382,-0.05012175441,1
1903,1825,0.1208026558,-0.2598678172,1
1903,1857,0.07406178862,-0.2834813297,1
1903,1889,-0.05109266937,-0.03051925451,1
1903,1921,-0.06377524883,-0.01537301391,1
1903,1953,0.05052112788,0.06654648483,1
1903,1985,-0.07096241415,0.06150393188,1
1903,2017,-0.1686817706,0.01944209635,1
1935,33,0.3269824982,1.004943848,1
1935,65,0.4565151632,-0.4655679464,1
1935,97,0.3128031194,-0.7998161316,1
1935,129,-0.1520750523,-0.7387604713,1
1935,161,-0.4923462868,-0.2701260448,1
1935,193,-0.3958056271,-0.4472696185,1
1935,225,-0.3267144859,-0.2980956733,1
1935,257,-0.331176579,-0.6496809125,1
1935,289,-0.3664428592,-1.524497509,1
1935,321,0.07356519252,-0.4554958045,1
1935,353,0.360367626,-0.1517560184,1
1935,385,0.5224832892,-0.667802453,1
1935,417,0.8492051363,-0.5054967999,1
1935,449,0.7822389007,-0.0685749948,1
1935,481,0.5740787387,0.08863171935,1
1935,513,0.5167533159,0.05681397021,1
1935,545,0.6065433621,-0.2082089633,1
1935,577,1.885255098,-1.468824625,1
1935,609,1.321085453,-1.251628041,1
1935,641,0.6601318121,-1.532461643,1
1935,673,-1.848765612,16.33730316,1
1935,705,-2.609976768,16.87955666,1
1935,737,0.06047457457,-0.7142021656,1
1935,769,-0.01520177722,-0.2865712643,1
1935,801,0.03533855081,-0.3942441642,1
1935,833,0.3413583338,-0.2597483397,1
1935,865,0.5592833757,13.00373459,1
1935,897,0.3613358736,0.1232420504,1
1935,929,0.1347405314,0.4735347927,1
1935,961,-0.09957788885,0.9251631498,1
1935,993,-0.2386495769,1.10647893,1
1935,1025,0.2542764544,1.488144994,1
1935,1057,0.3090327382,1.033867717,1
1935,1089,0.3344706595,0.2566499114,1
1935,1121,0.5162787437,-0.5715872645,1
1935,1153,0.8683204651,-0.821249783,1
1935,1185,0.7472614646,-0.5527988672,1
1935,1217,0.4988633394,-0.7229135036,1
1935,1249,0.3395390511,-0.2647409439,1
1935,1281,0.2568335533,-0.007622674108,1
1935,1313,0.03479272127,0.1007706672,1
1935,1345,0.01014868915,0.4035057724,1
1935,1377,0.05099627748,0.5183659792,1
1935,1409,-0.1896204501,0.2063388228,1
1935,1441,-0.09625970572,-0.1322043687,1
1935,1473,0.05216227472,-0.2210249007,1
1935,1505,0.1566210091,0.1265242249,1
1935,1537,0.1485095769,0.2686372399,1
1935,1569,0.008194811642,0.2406061888,1
1935,1601,-0.1885244995,-0.02481370419,1
1935,1633,-0.1143009067,-0.07292567939,1
1935,1665,0.1642388701,0.1317919046,1
1935,1697,0.1666819006,0.04159969836,1
1935,1729,0.1975490749,-0.0877033323,1
1935,1761,0.2979291379,0.1480361521,1
1935,1793,0.1580638885,0.09910849482,1
1935,1825,-0.03622130305,-0.1144210324,1
1935,1857,-0.1160864308,-0.135665521,1
1935,1889,-0.02306120098,0.03604151309,1
1935,1921,-0.1567879021,-0.08059240878,1
1935,1953,-0.3253517151,-0.1190029234,1
1935,1985,-0.08710103482,-0.07063114643,1
1935,2017,0.1010255665,0.0150411576,1
1967,33,0.4566105604,0.4978966117,1
1967,65,0.3561760187,0.2186944038,1
1967,97,0.2882231474,-0.3354473412,1
1967,129,0.08025079966,-0.5760272741,1
1967,161,-0.04817157984,0.02097243071,1
1967,193,0.3048613071,-0.4741811752,1
1967,225,0.7906630039,-0.5211904049,1
1967,257,0.6643981338,-0.7175264359,1
1967,289,0.0996568799,-0.9494181871,1
1967,321,-0.04575407505,-0.2443213761,1
1967,353,0.1436351687,0.2944313884,1
1967,385,0.3744655848,0.1358552873,1
1967,417,0.3134743869,-0.09677663445,1
1967,449,0.1923022866,-0.1653908044,1
1967,481,0.3575837612,-0.07062458992,1
1967,513,0.1266559362,-0.1341181099,1
1967,545,0.6946691275,0.04580593109,1
1967,577,1.190303922,-0.3292429447,1
1967,609,3.532025576,-1.78670764,1
1967,641,-5.694615841,-11.79445171,1
1967,673,2.079255104,-2.022930622,1
1967,705,-3.154154301,17.45025826,1
1967,737,0.3919522762,-0.11040169,1
1967,769,0.2031453252,0.055108428,1
1967,801,0.2617794275,-0.3818387985,1
1967,833,0.4225421548,-0.5214341283,1
1967,865,0.4172346294,1.130758643,1
1967,897,0.3107658923,1.55098176,1
1967,929,0.358636409,1.078788638,1
1967,961,0.2795076966,1.456304073,1
1967,993,0.303622365,1.232928872,1
1967,1025,0.3166768551,0.8971483707,1
1967,1057,0.1742557883,0.4604874253,1
1967,1089,-0.2098980993,-0.1939005852,1
1967,1121,-0.01605737209,-0.7107564211,1
1967,1153,0.2784220278,-0.4623432755,1
1967,1185,0.2698729634,-0.09278380871,1
1967,1217,0.08453571796,-0.1900609136,1
1967,1249,-0.1178216934,-0.1744047701,1
1967,1281,-0.3290973306,-0.04277097806,1
1967,1313,-0.2148340642,-0.1030385792,1
1967,1345,-0.02971601486,0.1894313693,1
1967,1377,-0.03758683801,0.4467318058,1
1967,1409,-0.2006905824,0.2819453478,1
1967,1441,-0.04668631405,-0.036258623,1
1967,1473,0.1483232975,-0.08745396137,1
1967,1505,0.1256871372,0.3023927808,1
1967,1537,0.07515384257,0.2124830037,1
1967,1569,0.05377892405,0.07419764251,1
1967,1601,-0.1473547667,-0.01229521632,1
1967,1633,-0.1199174151,-0.1277256161,1
1967,1665,0.07609143853,-0.006184861064,1
1967,1697,0.2213996947,-0.05630835891,1
1967,1729,0.358718127,-0.1722259223,1
1967,1761,0.183203727,0.1329592466,1
1967,1793,0.01582419872,0.1445741951,1
1967,1825,0.01299972832,0.009528838098,1
1967,1857,-0.05022746325,0.09581160545,1
1967,1889,-0.06582183391,0.1998777837,1
1967,1921,-0.3124143481,-0.03500130773,1
1967,1953,-0.4129965305,-0.2692454457,1
1967,1985,-0.09818787873,-0.260282129,1
1967,2017,0.2442190647,0.02939052135,1
1999,33,0.58484447,-0.1377259493,1
1999,65,0.2725301385,-0.1314828098,1
1999,97,0.2425697148,-0.5055050254,1
1999,129,0.3750542402,-0.6146982312,1
1999,161,0.7478590012,0.3463898897,1
1999,193,1.54137373,-0.09706481546,1
1999,225,2.589795113,-1.145779729,1
1999,257,2.60143733,-1.254181743,1
1999,289,1.306822538,-0.2048017979,1
1999,321,0.4294810295,-0.1295693219,1
1999,353,-0.2657470405,0.02719265223,1
1999,385,-0.301881671,0.3570244908,1
1999,417,-0.2076491117,0.06082814932,1
1999,449,-0.04008865356,-0.3606239557,1
1999,481,0.4933784902,-0.4527673721,1
1999,513,0.7660717368,-0.373164475,1
1999,545,0.7393831015,0.5123080611,1
1999,577,3.455500364,0.2578228116,1
1999,609,5.464769363,-1.429165006,1
1999,641,5.334045887,-1.218381643,1
1999,673,3.951611042,-1.460200429,1
1999,705,21.49411964,-2.713162661,1
1999,737,1.395046353,0.49533391,1
1999,769,1.405279398,0.2592606544,1
1999,801,1.173443317,-0.5399410129,1
1999,833,0.5718182325,-0.5559604168,1
1999,865,0.5498567224,2.013496876,1
1999,897,1.521113396,4.281620502,1
1999,929,0.5173778534,1.884822369,1
1999,961,0.4493836164,1.238475561,1
1999,993,0.2577030063,0.834310472,1
1999,1025,0.2391090095,0.1213387251,1
1999,1057,0.08488881588,-0.4105980992,1
1999,1089,-0.383954525,-0.2092446685,1
1999,1121,-0.2076154947,-0.5322498083,1
1999,1153,0.04386791587,-0.247914061,1
1999,1185,-0.0472021848,0.02253634483,1
1999,1217,-0.2484619021,-0.006427422166,1
1999,1249,-0.2289354205,0.08941236138,1
1999,1281,-0.1614783406,0.2472872138,1
1999,1313,0.006379142404,0.2130120397,1
1999,1345,0.1208051443,0.2444537282,1
1999,1377,0.08170670271,0.3317345381,1
1999,1409,-0.03485073149,0.1975151896,1
1999,1441,0.08050663024,0.2357956767,1
1999,1473,0.2159773707,0.03920900822,1
1999,1505,0.04044217616,0.1291810274,1
1999,1537,0.05186431855,0.0937564075,1
1999,1569,0.01943472773,-0.0528665781,1
1999,1601,-0.159959197,-0.270077467,1
1999,1633,-0.2987527847,-0.3609799147,1
1999,1665,-0.1942956299,-0.2098523974,1
1999,1697,0.01165108383,-0.2093729973,1
1999,1729,0.06852446496,-0.1507233381,1
1999,1761,-0.06419885159,-0.04878998548,1
1999,1793,-0.04903745651,-0.05249675363,1
1999,1825,0.2770568132,-0.08833555132,1
1999,1857,0.3787109554,-0.2760733366,1
1999,1889,0.1285801977,-0.06760819256,1
1999,1921,-0.09714698792,0.01220917702,1
1999,1953,-0.07224225998,-0.09367718548,1
1999,1985,0.03675761446,-0.01331908815,1
1999,2017,0.2892567217,0.07677000761,1
