PIVlab, ASCII chart output - 11-Jun-2024
FRAME: 29, filenames: A:[29]MAX_Pos001_1202204_TgUtrmcherry_K4K8MO.avi & B:[30]MAX_Pos001_1202204_TgUtrmcherry_K4K8MO.avi, conversion factor xy (px -> m): 1, conversion factor uv (px/frame -> m/s): 1
x [px],y [px],u [px/frame],v [px/frame],Vector type [-]
47,33,-0.1766338944,1.360979438,1
47,65,-0.009812802076,-0.4845970571,1
47,97,0.02671909332,-0.2202983499,1
47,129,-0.02949538827,-0.2831658125,1
47,161,-0.06404823065,-0.3441340029,1
47,193,-0.02382946014,0.1509777606,1
47,225,-0.3392305374,0.3113858402,1
47,257,-0.4422515631,-0.2017328739,1
47,289,-0.1190319657,-0.05910851061,1
47,321,0.1878685057,0.1462764889,1
47,353,0.2409315109,0.3339973688,1
47,385,0.2535486817,0.1593437642,1
47,417,0.3279434144,-0.01334105805,1
47,449,0.4107737541,0.007711619139,1
47,481,0.3388630152,0.470369041,1
47,513,0.08279646188,0.6556095481,1
47,545,-0.1046078205,0.4179975986,1
47,577,-0.4139692187,0.2530372739,1
47,609,-0.6013009548,0.1303798556,1
47,641,-0.2705416679,-0.4289521575,1
47,673,-0.6142252684,-0.03010547161,1
47,705,-0.8282891512,0.3224416971,1
47,737,-0.4727295637,0.4726221263,1
47,769,-0.1699731946,0.2622593045,1
47,801,-0.4044841528,-0.05782779306,1
47,833,-0.9083679914,0.0209087804,1
47,865,-0.957149744,-0.3942456543,1
47,897,-0.6037250757,-0.5863508582,1
47,929,-0.326551348,-0.179181695,1
47,961,-0.1996226311,0.1555821896,1
47,993,0.01392525434,-0.01602554321,1
47,1025,-1.408546567,-0.3804190159,1
47,1057,-1.571550131,-0.580731988,1
47,1089,-1.145330429,-1.148588896,1
47,1121,-0.7271478772,-1.175870419,1
47,1153,-0.2718930244,-0.7316242456,1
47,1185,-0.6817917228,-0.6289714575,1
47,1217,-1.906009316,-1.712793589,1
47,1249,-0.007588863373,-0.6090018749,1
47,1281,1.238991261,0.2548617721,1
47,1313,0.1825165749,0.4170533419,1
47,1345,-0.8635576963,-0.03594726324,1
47,1377,-1.42343235,-0.191317901,1
47,1409,-1.928067684,0.05943116546,1
47,1441,-6.307343483,2.002886295,1
47,1473,-4.318514824,0.5677621961,1
47,1505,-3.220140457,-0.8199876547,1
47,1537,-2.037373543,-0.5973222852,1
47,1569,-5.776222706,-0.06704553962,1
47,1601,-0.8356209993,0.4173607826,1
47,1633,-0.797557354,0.3341709971,1
47,1665,-2.269413948,0.6926467419,1
47,1697,-2.678042889,0.5883094072,1
47,1729,-2.661698818,-0.1727618575,1
47,1761,-1.446820498,-0.2086781859,1
47,1793,0.1790825725,0.5154762268,1
47,1825,0.3691152334,0.4614601731,1
47,1857,0.07884937525,0.1311116815,1
47,1889,-0.1839161217,0.1788002551,1
47,1921,-0.08808675408,-0.23622334,1
47,1953,-0.02865296602,-0.3661919832,1
47,1985,-0.1429800093,-0.02287163958,1
47,2017,-0.2808163166,-0.1044603586,1
79,33,-0.01360350102,0.1941010356,1
79,65,0.07059708238,-0.08841054887,1
79,97,0.4147180319,0.2006994635,1
79,129,0.340901345,0.0131476596,1
79,161,0.1698506176,-0.0426261574,1
79,193,0.002176821232,0.3704437613,1
79,225,-0.3763164878,0.1258179694,1
79,257,-0.2409957051,-0.2022392452,1
79,289,0.008793100715,0.05814764649,1
79,321,0.2229288816,0.02105135471,1
79,353,0.169701457,0.1191476062,1
79,385,0.1901399642,0.08197630942,1
79,417,0.2647832334,0.04980329424,1
79,449,-0.3021053672,0.04258355498,1
79,481,-0.03914174438,0.252715826,1
79,513,0.05049559474,0.3461332321,1
79,545,-0.2141700983,0.1326822788,1
79,577,-0.09346598387,-0.2030503452,1
79,609,0.09204632044,-0.1567640603,1
79,641,-0.2897588015,-0.6264098287,1
79,673,-2.769022703,-2.897644758,1
79,705,-3.086116076,-1.383288503,1
79,737,-1.000600934,-0.1739691347,1
79,769,-2.398926735,-18.26037788,1
79,801,-0.2283158898,-0.03500629216,1
79,833,-0.5826299787,-0.1348250657,1
79,865,-0.6585031748,-0.02793915942,1
79,897,-0.6107521653,0.111234881,1
79,929,-0.8565529585,-0.1365044713,1
79,961,-0.9018160105,-0.007724583149,1
79,993,-1.204660177,-0.4399445653,1
79,1025,-1.76567173,-1.122413993,1
79,1057,-1.444348454,-1.01392436,1
79,1089,-1.287338614,-0.8781374693,1
79,1121,-1.128057957,-0.9343386292,1
79,1153,0.1743489802,-0.5464668274,1
79,1185,0.2515342832,-0.8353803754,1
79,1217,-0.3685172498,-0.8770088553,1
79,1249,-0.2809329033,-0.3713000417,1
79,1281,-1.084975958,-0.08832294494,1
79,1313,-1.591740727,-0.2925292253,1
79,1345,-1.896049023,0.09338092804,1
79,1377,-1.478838444,0.4370032549,1
79,1409,-1.144109249,0.3155106306,1
79,1441,-1.593690634,0.08925428987,1
79,1473,-0.2914563417,-0.1158729643,1
79,1505,16.65585518,0.3802688718,1
79,1537,-7.332441807,-7.481010914,1
79,1569,-1.006346822,-0.1785822213,1
79,1601,-0.9898481369,0.5120581388,1
79,1633,-19.4325161,6.804880619,1
79,1665,-5.576290607,-0.009262830019,1
79,1697,-1.729388833,0.02370356396,1
79,1729,-1.312300205,0.2598715425,1
79,1761,-0.8728448153,-0.325337559,1
79,1793,-0.7242203951,0.471370399,1
79,1825,-0.8216505051,0.2558570802,1
79,1857,-0.8060740232,-0.06686061621,1
79,1889,-0.2937893271,-0.2671095431,1
79,1921,-0.2367907763,-0.3133874536,1
79,1953,-0.1497902572,-0.06658169627,1
79,1985,0.02873324603,-0.001814610325,1
79,2017,-0.1127217412,-0.2195289135,1
111,33,0.186055243,-0.1189977527,1
111,65,0.1377502978,0.1038901508,1
111,97,0.5703058243,0.4660850465,1
111,129,0.4670949578,0.2945732772,1
111,161,0.1679207087,-0.07278324664,1
111,193,-0.1478598714,0.1245879754,1
111,225,-0.3231272101,-0.09127755463,1
111,257,-0.2249872535,-0.1650842428,1
111,289,-0.2756575644,-0.09073705971,1
111,321,-0.08881948888,-0.3679257035,1
111,353,0.1347922087,-0.2470021844,1
111,385,0.2236171514,0.004190973938,1
111,417,-0.02604679018,-0.05518642813,1
111,449,-0.2538450956,0.04066744447,1
111,481,-0.2925386131,0.1264385879,1
111,513,-0.3047798574,0.09874971211,1
111,545,-0.2956140637,-0.133402884,1
111,577,-0.1732411683,-0.8312523365,1
111,609,-0.06861770153,-0.5278740525,1
111,641,-0.522677958,-0.3367102146,1
111,673,-1.533490181,-1.92316103,1
111,705,-1.130014658,-0.7240363955,1
111,737,-0.4152321219,-0.2990219295,1
111,769,-1.735885143,-16.33324814,1
111,801,-0.1859878898,0.1141094044,1
111,833,0.09746950865,-0.1664763391,1
111,865,-0.5730234385,0.2311423123,1
111,897,-0.3241528273,0.5163695812,1
111,929,-0.5732288957,-0.1447914243,1
111,961,-1.09822464,-0.5908516645,1
111,993,-1.270379782,-0.7409825921,1
111,1025,-1.438735008,-0.9114565849,1
111,1057,-1.217368603,-0.9871185422,1
111,1089,-1.180114388,-0.237108767,1
111,1121,-9.378648758,-13.84969902,1
111,1153,-0.3576869965,-0.8796830773,1
111,1185,0.2536005378,-0.6286015511,1
111,1217,-0.2352172732,-0.1848632991,1
111,1249,-1.729308248,-1.123347521,1
111,1281,-3.766201496,-0.6492140293,1
111,1313,-4.125179768,-0.8281800747,1
111,1345,-3.37717104,0.09902915359,1
111,1377,-2.97764349,0.4125086069,1
111,1409,-1.980596066,1.142410517,1
111,1441,-0.7306713462,-0.01416748762,1
111,1473,-0.0597974658,-0.3835394382,1
111,1505,-0.4428178668,-0.7814126015,1
111,1537,-12.66969013,10.23123646,1
111,1569,-18.7208004,-8.443106651,1
111,1601,17.94713974,2.177076817,1
111,1633,-5.852778912,2.167485714,1
111,1665,-6.998119354,0.4061690271,1
111,1697,-5.843102455,1.681316376,1
111,1729,-0.4608971477,0.5823667645,1
111,1761,-0.5861786604,-0.5125123858,1
111,1793,-0.854542017,-0.4451895356,1
111,1825,-0.9290350676,0.4192742109,1
111,1857,-0.8585078716,0.2246560305,1
111,1889,-0.2199546993,-0.286305666,1
111,1921,-0.1667916775,-0.2241143882,1
111,1953,-0.00316002965,0.01835529506,1
111,1985,0.07872621715,-0.002983298153,1
111,2017,0.03532703221,-0.2378743291,1
143,33,0.3746868074,0.05387148261,1
143,65,0.3110174239,0.3466873765,1
143,97,0.5070892572,0.4554518759,1
143,129,0.320377171,0.230650425,1
143,161,-0.01051329076,-0.2462668121,1
143,193,-0.1089306623,-0.1603292227,1
143,225,0.01698864996,-0.08778527379,1
143,257,-0.1540812403,-0.02554156631,1
143,289,-0.2641324997,0.06546005607,1
143,321,-0.0423357226,-0.2002948225,1
143,353,0.1883429289,-0.2319900692,1
143,385,0.2846876979,-0.03648900986,1
143,417,0.008472621441,-0.08112850785,1
143,449,-0.1875301152,0.02739080042,1
143,481,-0.5855938792,0.08790054917,1
143,513,-0.5854547024,-0.08826775849,1
143,545,-0.3774080276,-0.3658948541,1
143,577,-0.6567947865,-1.300522089,1
143,609,-2.474759579,-2.24564743,1
143,641,-2.84863615,-2.589836597,1
143,673,-0.3658891916,-0.6513485909,1
143,705,-0.5415605307,-0.04368697107,1
143,737,-0.4900379777,0.5328636765,1
143,769,-0.6841666102,0.6569961309,1
143,801,-0.3637245893,0.6820116043,1
143,833,-0.0185828805,0.5260216594,1
143,865,-0.9381562471,-0.1120325029,1
143,897,-0.7915250063,-0.3039047718,1
143,929,-0.7614863515,-0.8466715217,1
143,961,-1.238485336,-1.099478483,1
143,993,-1.347719312,-1.172948718,1
143,1025,-1.569231033,-0.9864730239,1
143,1057,-1.367818952,-0.6839923859,1
143,1089,-2.423773289,-0.6892289519,1
143,1121,-2.021752119,-0.4763357639,1
143,1153,-1.32483089,-0.6415895224,1
143,1185,-0.8158743382,-0.4903089106,1
143,1217,-0.904292345,0.3510650098,1
143,1249,-2.98100853,-0.6051325798,1
143,1281,-3.656350613,-0.4057188034,1
143,1313,-3.933391333,0.2975749373,1
143,1345,-3.680294991,0.04330252111,1
143,1377,-1.613328457,0.2171601653,1
143,1409,-1.332654715,0.04679486901,1
143,1441,-0.8537552357,-0.3946834803,1
143,1473,-0.09884464741,-0.9286361933,1
143,1505,-0.9071958065,-0.55318892,1
143,1537,-3.587591171,1.06429112,1
143,1569,-5.525138855,2.466266155,1
143,1601,-0.1125976443,0.003407761455,1
143,1633,-0.6210706234,0.3894762695,1
143,1665,-4.924390316,1.856045365,1
143,1697,-5.387002945,2.898249388,1
143,1729,-0.7030563951,0.8896514177,1
143,1761,-1.985816836,-0.6228480935,1
143,1793,-20.12651062,-1.72386682,1
143,1825,-13.45962334,-12.31157875,1
143,1857,-0.6878681779,0.2514209747,1
143,1889,-0.1895406246,-0.004919171333,1
143,1921,-0.1439913213,0.05514657497,1
143,1953,0.01149606705,0.09126779437,1
143,1985,0.09515770525,0.0217801705,1
143,2017,0.07528091967,-0.03454512358,1
175,33,0.2068910003,0.001006290317,1
175,65,0.2968357503,0.3465272188,1
175,97,0.1773992926,0.08460249752,1
175,129,0.1539116651,-0.1428857297,1
175,161,0.05622377992,-0.286142081,1
175,193,0.08531844616,-0.1737357527,1
175,225,0.2710565925,0.01814818382,1
175,257,0.1595372409,0.142542392,1
175,289,0.02540444396,0.2116320431,1
175,321,-0.119922556,-0.02571036667,1
175,353,0.01277609542,-0.2267168164,1
175,385,0.09618857503,-0.106490925,1
175,417,0.1711127609,0.0716329664,1
175,449,0.06938534975,0.07157710195,1
175,481,-0.02723024786,0.0630646646,1
175,513,-0.1627372205,-0.1505334079,1
175,545,-0.4448494613,-0.4651415944,1
175,577,-0.8124850392,-0.9999787211,1
175,609,-1.211194038,-1.037175179,1
175,641,-0.4787310958,-0.5154194832,1
175,673,-0.3273597956,-0.2126603127,1
175,705,-1.379708052,0.2650542557,1
175,737,-1.007794857,1.074474216,1
175,769,-0.7063561678,0.8317499161,1
175,801,-0.8694484234,0.8498187065,1
175,833,-1.057473898,0.2744097412,1
175,865,-2.377408028,-0.4169510305,1
175,897,-1.514728069,-1.522353172,1
175,929,-0.6708624363,-1.834415793,1
175,961,-0.9151600599,-2.245331287,1
175,993,-1.142184019,-1.37144196,1
175,1025,-1.93666625,-1.1658535,1
175,1057,-2.113374949,-1.132141113,1
175,1089,-2.663917303,-1.072552681,1
175,1121,-2.433782816,-0.627897501,1
175,1153,-1.918760777,-0.1813035309,1
175,1185,-2.494709253,-0.3822065592,1
175,1217,-3.624076366,-0.8252856731,1
175,1249,-3.765577078,-0.2727460265,1
175,1281,-1.753898382,0.05888967961,1
175,1313,-2.624720573,0.2709328234,1
175,1345,-2.789524794,0.3945729733,1
175,1377,-2.26519537,0.3271597028,1
175,1409,3.6098876,-16.72346306,1
175,1441,4.852107048,-18.66065407,1
175,1473,-13.95474148,-15.03908825,1
175,1505,-1.588506579,-0.2548761368,1
175,1537,-3.662723064,1.592759728,1
175,1569,-4.724142075,2.827224255,1
175,1601,-0.8756071925,0.3627241254,1
175,1633,-1.059299588,0.3595909774,1
175,1665,-1.467243075,0.8576506972,1
175,1697,-1.240978956,0.923717618,1
175,1729,14.52188969,3.23267746,1
175,1761,-2.786328793,0.1650133729,1
175,1793,-5.335212708,-13.78640556,1
175,1825,-1.144215822,-0.4970470667,1
175,1857,-0.4561564028,0.1077082083,1
175,1889,-0.03486976027,0.1024691015,1
175,1921,0.06163051352,0.08791653812,1
175,1953,-0.02232156694,0.1262470037,1
175,1985,-0.07346041501,-0.006903104484,1
175,2017,0.003357478417,-0.2161417603,1
207,33,0.02463409305,0.1229515076,1
207,65,0.3313666582,0.140075773,1
207,97,0.1195925027,0.08285418153,1
207,129,0.008192569017,-0.1464136094,1
207,161,-0.01170657948,-0.2026141286,1
207,193,0.09455880523,-0.1296108961,1
207,225,0.2238627672,-0.01797809452,1
207,257,0.2068256885,0.08650349081,1
207,289,0.05794151127,0.2297468185,1
207,321,-0.2222710848,0.1397426426,1
207,353,-0.1459214538,-0.2186294198,1
207,385,-0.0996722132,-0.1480049789,1
207,417,0.03684264421,-0.06380107999,1
207,449,0.3479782343,-0.1282313764,1
207,481,0.3813146353,0.03674325347,1
207,513,0.05055725574,0.2076655626,1
207,545,-0.3484128714,-0.4444938898,1
207,577,-0.4982088208,-0.8027572036,1
207,609,-0.4536551237,-0.5498858094,1
207,641,0.009141743183,-0.2629109919,1
207,673,0.1908606291,0.04450231791,1
207,705,-0.8805813193,0.5741856098,1
207,737,-0.8678827882,0.9024527073,1
207,769,-0.6914988756,0.5305445194,1
207,801,-0.7360619903,0.439438194,1
207,833,-0.7883120775,0.1031434983,1
207,865,-1.507624865,-0.3279021978,1
207,897,-0.8802235126,-1.466510773,1
207,929,0.0837072432,-3.077153206,1
207,961,0.4635270834,-3.103510857,1
207,993,-0.1096566916,-1.597183824,1
207,1025,-0.6951237917,-0.7873364687,1
207,1057,-2.500815868,-1.133234859,1
207,1089,-3.349831104,-1.278582573,1
207,1121,-3.15412426,-0.839638412,1
207,1153,-2.487705946,0.1786878705,1
207,1185,-3.147722244,-0.4516291916,1
207,1217,-1.768086433,-0.8938899636,1
207,1249,-2.575504065,-1.342477322,1
207,1281,-4.228029251,-0.1498111933,1
207,1313,-1.813333988,0.2794027627,1
207,1345,-2.394790411,0.004890948534,1
207,1377,-2.408047676,0.2058916688,1
207,1409,-2.20612669,0.3172601461,1
207,1441,-2.237053394,-0.01654824615,1
207,1473,-2.043039799,-0.6086027622,1
207,1505,-0.5634564161,-0.3798552155,1
207,1537,-0.6699798107,0.3417556584,1
207,1569,-0.509268105,0.6144226789,1
207,1601,-0.4172216654,0.5764857531,1
207,1633,-0.740609169,0.4292687774,1
207,1665,-1.453962684,1.959519744,1
207,1697,-1.115706325,1.925804496,1
207,1729,17.62630272,1.303616762,1
207,1761,-1.834581375,-19.042799,1
207,1793,-2.252353668,0.8505472541,1
207,1825,-0.8822430968,-0.2417104095,1
207,1857,-0.395812571,-0.02971174195,1
207,1889,-0.03281791508,0.1302519143,1
207,1921,0.2678664327,0.2249022424,1
207,1953,0.1684016287,0.324198395,1
207,1985,-0.05826103687,0.075251773,1
207,2017,0.06483213603,-0.3837029934,1
239,33,-0.004887588322,0.2343940735,1
239,65,0.1972510517,-0.3829654455,1
239,97,-0.1136147827,-0.1517883092,1
239,129,-0.2350157499,-0.1967618167,1
239,161,-0.03156784177,-0.2836521268,1
239,193,0.0283113271,-0.1626576483,1
239,225,0.1487199664,0.09533862025,1
239,257,0.1383555084,0.1167950705,1
239,289,0.09319442511,0.1136660427,1
239,321,-0.01641279086,0.2774101496,1
239,353,0.1512927264,-0.06242659688,1
239,385,0.1106314063,0.07263153791,1
239,417,-0.119920969,0.07296307385,1
239,449,0.5479322672,-0.2820674479,1
239,481,0.8261966109,0.07669608295,1
239,513,0.447735846,-0.08894011378,1
239,545,-0.3036341667,-0.7113045454,1
239,577,-0.5963602066,-0.4546676874,1
239,609,-0.4975050688,-0.3573740721,1
239,641,-0.2435398698,-0.4481504261,1
239,673,-0.04151570797,-0.4425030351,1
239,705,-0.5134331584,0.143518731,1
239,737,-0.3926934004,0.4927838743,1
239,769,-0.61233145,0.06016302109,1
239,801,-0.7565475702,0.1518847942,1
239,833,-0.7885383368,0.2722670138,1
239,865,-0.8973025084,0.02353906631,1
239,897,-0.3597258925,-1.270913959,1
239,929,0.2227949798,-3.248911142,1
239,961,0.1617999077,-2.691422462,1
239,993,-0.1637326479,-2.088953972,1
239,1025,-0.6519782543,-1.596586466,1
239,1057,-1.194474459,-1.589308619,1
239,1089,-1.749887228,-1.472244978,1
239,1121,-2.153736591,-0.830637157,1
239,1153,-1.562463284,-0.4188011289,1
239,1185,-1.870484114,-0.0855474472,1
239,1217,-1.331688881,-1.124479055,1
239,1249,-1.90643096,-2.577126265,1
239,1281,-4.35597229,-2.4106915,1
239,1313,-2.20590353,0.5607198477,1
239,1345,-2.112586975,0.2778981328,1
239,1377,-2.222964525,0.251303494,1
239,1409,-3.996428728,0.3329193592,1
239,1441,-3.467164755,0.005979329348,1
239,1473,-2.686440229,0.02584907413,1
239,1505,-2.455935001,0.8142880201,1
239,1537,-1.328972578,0.8466730714,1
239,1569,-0.8242019415,0.3901556134,1
239,1601,-0.2410803437,0.459698081,1
239,1633,-0.3988619447,0.5494650602,1
239,1665,-0.6510204077,1.244719982,1
239,1697,-0.6902538538,1.364499807,1
239,1729,-1.299936533,1.356536031,1
239,1761,-13.78821373,-14.96035385,1
239,1793,-2.886991024,2.678582907,1
239,1825,-0.2402780056,0.2391294092,1
239,1857,-0.09756839275,-0.03839088976,1
239,1889,-0.1332725883,0.183888793,1
239,1921,0.2164128423,0.3858691752,1
239,1953,0.3760553598,0.2698472738,1
239,1985,0.03875423223,-0.08353819698,1
239,2017,-0.2035951614,-0.3932473063,1
271,33,-0.1022866666,0.2134231031,1
271,65,-0.2450945675,-0.5798296332,1
271,97,-0.3293187618,-0.3245565891,1
271,129,-0.3025456071,-0.200231865,1
271,161,0.1218647733,-0.2729832828,1
271,193,0.1171490178,-0.2257104516,1
271,225,-0.102878347,0.08541864157,1
271,257,-0.006569504738,0.1316477358,1
271,289,0.1181088164,0.1863106489,1
271,321,0.06452561915,0.02059524506,1
271,353,-0.04872579873,-0.09671832621,1
271,385,0.02472373098,-0.009585872293,1
271,417,0.0452708751,0.006906680763,1
271,449,-0.0021841079,0.01366579533,1
271,481,-0.08650875092,0.1603552848,1
271,513,0.003020346165,-0.2925462127,1
271,545,-0.4787731171,-0.6887315512,1
271,577,-0.8929718733,-0.7072477937,1
271,609,-0.4228656292,0.01851066947,1
271,641,-0.5455798507,0.04976159334,1
271,673,-0.9126104116,-0.3109349012,1
271,705,-1.007489204,-0.04412832856,1
271,737,-0.5155067444,0.1001009345,1
271,769,-0.17051512,-0.4142740667,1
271,801,-0.6156381369,-0.2817420959,1
271,833,-0.4789082408,0.0676676333,1
271,865,-0.2031333447,-0.1409450769,1
271,897,0.1822649837,-0.5413017273,1
271,929,0.2339736819,-1.246472836,1
271,961,-0.913998425,-1.453633547,1
271,993,-1.783976316,-2.041087389,1
271,1025,-1.277361035,-2.197316647,1
271,1057,-1.178085446,-2.454861641,1
271,1089,-1.381207943,-1.611396909,1
271,1121,-1.00186193,-0.936141789,1
271,1153,-0.8055614233,-0.4223924279,1
271,1185,-0.957439661,0.590837121,1
271,1217,3.296547413,13.60161495,1
271,1249,0.07716667652,11.82686329,1
271,1281,-2.336299419,0.4426057041,1
271,1313,-1.596171141,1.031043291,1
271,1345,-1.471946836,1.291276693,1
271,1377,-1.248798847,1.529304624,1
271,1409,-1.694472194,0.5096114874,1
271,1441,-1.664245367,-0.1987930834,1
271,1473,-1.450045586,0.3751617074,1
271,1505,-1.820707321,1.228050828,1
271,1537,-1.781821132,2.145359516,1
271,1569,-1.300108194,0.7584257126,1
271,1601,-0.7351984978,0.4736560583,1
271,1633,-0.08295536041,0.5256990194,1
271,1665,-0.2282367945,0.6572358608,1
271,1697,-0.5611555576,0.3878327608,1
271,1729,-1.169976592,0.2496566772,1
271,1761,-1.122749925,0.914480269,1
271,1793,-1.199025273,0.5807397962,1
271,1825,-1.448461771,0.3928951323,1
271,1857,-1.141066313,0.1839323044,1
271,1889,-0.4039362073,-0.01947768778,1
271,1921,0.09469102323,0.07484833896,1
271,1953,0.2676119804,-0.002289116383,1
271,1985,0.05019851774,-0.1929555535,1
271,2017,-0.3255656362,-0.2496832907,1
303,33,-0.1989741623,0.1745605469,1
303,65,-0.3267336786,-0.4107460678,1
303,97,-0.2216147929,-0.1718455702,1
303,129,-0.2208122462,-0.121792987,1
303,161,-0.03970980644,-0.01720800623,1
303,193,0.1035926044,-0.1613411605,1
303,225,0.003049425781,-0.1718053818,1
303,257,0.2050409019,-0.09249400347,1
303,289,0.1401534081,0.1019116342,1
303,321,0.01763877086,0.02837029099,1
303,353,-0.2834455669,0.2246143222,1
303,385,-0.3013941944,-0.01748029888,1
303,417,0.212677598,-0.01718828082,1
303,449,0.3344851136,0.1086041182,1
303,481,-0.01785235107,0.05207742006,1
303,513,-0.1707411706,-0.02000835538,1
303,545,-0.7535572648,-0.5210562944,1
303,577,-0.5097113848,-0.4202721417,1
303,609,0.1350368857,-0.3433194458,1
303,641,-0.09242987633,-0.6607922316,1
303,673,-0.6567758322,-0.2769925594,1
303,705,-1.283827543,0.2368485034,1
303,737,-1.216298103,-0.1104809046,1
303,769,-0.7308844924,-0.7439392805,1
303,801,-0.5318934917,-0.4699132442,1
303,833,0.05807211995,-0.7686672211,1
303,865,0.4682936966,-1.513924003,1
303,897,0.06589382887,-1.179743886,1
303,929,-0.3850081563,-0.7495529652,1
303,961,-2.09546423,-1.810603738,1
303,993,-2.725949049,-2.274689436,1
303,1025,-1.60050869,-2.324517965,1
303,1057,-1.727344036,-2.838965416,1
303,1089,-1.85884428,-1.813386202,1
303,1121,-2.43161869,-0.7320430875,1
303,1153,-1.9754107,0.6773434281,1
303,1185,-15.83965874,12.68772888,1
303,1217,7.752189636,17.62696457,1
303,1249,-2.98943615,0.7449060082,1
303,1281,-2.596768141,0.966989994,1
303,1313,-1.277132154,1.695926309,1
303,1345,-0.08937597275,1.478750825,1
303,1377,-0.01891839504,1.307800889,1
303,1409,0.4739421606,0.3705784082,1
303,1441,0.2438137531,-0.6053107977,1
303,1473,-0.1337210834,-0.4370511174,1
303,1505,-0.5367159247,1.064396143,1
303,1537,-1.141491055,2.081859112,1
303,1569,-1.037943721,1.26218915,1
303,1601,-0.6627057791,0.7808752656,1
303,1633,-0.6836069822,0.5884675384,1
303,1665,-0.6382292509,0.6361794472,1
303,1697,-0.09102272987,0.5452384353,1
303,1729,-0.143047601,0.5973457694,1
303,1761,-0.5414689183,0.8054254055,1
303,1793,-1.083123684,0.3886812329,1
303,1825,-2.369234085,-0.1021476388,1
303,1857,-2.250570774,-0.0451181978,1
303,1889,-0.5272006392,-0.1188483685,1
303,1921,0.03561230004,-0.1234070733,1
303,1953,0.09067097306,0.03820519149,1
303,1985,0.1762419939,-0.01445959136,1
303,2017,0.09458816051,-0.1034082919,1
335,33,0.5273663998,0.1910004914,1
335,65,0.2472089678,-0.1021387205,1
335,97,-0.1943485141,-0.2180351913,1
335,129,-0.5008209348,-0.004461415112,1
335,161,-0.8593619466,0.2022734135,1
335,193,-0.6209779978,0.1181976199,1
335,225,-0.1422090679,-0.1217697039,1
335,257,-0.06063748896,-0.0921831131,1
335,289,-0.05607981235,0.2780198455,1
335,321,-0.03710621595,0.6108382344,1
335,353,-0.3288173974,1.372469664,1
335,385,-0.2224335372,0.5072475672,1
335,417,0.0936755538,-0.02344936877,1
335,449,0.3699825704,-0.1398639977,1
335,481,0.6180604696,0.1792238355,1
335,513,0.5801064968,0.3323628306,1
335,545,-0.1149955094,-0.3718380332,1
335,577,0.06224346161,-0.4064435959,1
335,609,0.2601276934,-0.4066184759,1
335,641,-1.114371181,-0.6857429147,1
335,673,-1.547780395,-0.7654191256,1
335,705,-1.759491444,-0.7302550673,1
335,737,-1.696922064,-0.6037262082,1
335,769,-1.145238876,-0.9330595136,1
335,801,-0.5507032871,-0.4833261967,1
335,833,-12.65931797,12.33498001,1
335,865,-0.4530178308,-4.820935726,1
335,897,-0.8844855428,-6.056981087,1
335,929,-1.284284592,-0.8082792759,1
335,961,-2.322035074,-2.333778381,1
335,993,-3.012182236,-2.943996906,1
335,1025,-0.6723227501,-2.481052637,1
335,1057,-0.7727012634,-2.159785748,1
335,1089,-2.31555891,-1.574442625,1
335,1121,-1.543549061,-0.08996909857,1
335,1153,-0.9293198586,0.9477385283,1
335,1185,-6.047152519,2.991633415,1
335,1217,-4.918873787,1.657815099,1
335,1249,-4.140898705,2.46566534,1
335,1281,-3.46745944,2.312525272,1
335,1313,-1.41604948,1.969631672,1
335,1345,0.09884929657,3.192864895,1
335,1377,0.5014472008,1.63537991,1
335,1409,1.521890402,0.7298094034,1
335,1441,0.9510349631,0.3756679296,1
335,1473,0.1171334982,0.3771714568,1
335,1505,-0.0861479044,0.6510676146,1
335,1537,-0.596205771,1.577032804,1
335,1569,-1.558038116,2.532067299,1
335,1601,-0.8124933839,1.155251145,1
335,1633,-0.7435109615,0.2111338377,1
335,1665,-0.266426146,0.3843554258,1
335,1697,0.4512924552,0.5979309678,1
335,1729,0.02559363842,1.128632665,1
335,1761,-0.5131112337,1.017934203,1
335,1793,-0.4566375613,0.9335229993,1
335,1825,-0.7956658602,0.475851953,1
335,1857,-1.078622341,0.102611959,1
335,1889,-0.5062698722,0.2071674168,1
335,1921,0.03674185276,0.2124690413,1
335,1953,0.05011377484,0.137403518,1
335,1985,0.1641047299,0.1570731401,1
335,2017,0.01246790588,-0.0333506912,1
367,33,0.8516392708,0.1741182506,1
367,65,0.9685859084,0.1192904413,1
367,97,-0.1494742036,-0.09772315621,1
367,129,-0.3679311872,0.1392167509,1
367,161,-0.7057358027,0.1124825552,1
367,193,-0.5203208327,0.115894556,1
367,225,0.0390765816,0.178611815,1
367,257,-0.1794286817,0.2506482005,1
367,289,-0.276163429,0.6554092169,1
367,321,-0.2776896358,0.7249594331,1
367,353,-0.2414538711,0.5117118359,1
367,385,0.1314481944,0.3049257994,1
367,417,0.2925059795,-0.4440630674,1
367,449,0.7322214246,-0.06669038534,1
367,481,1.61840117,0.06975844502,1
367,513,1.432247519,-0.0772395283,1
367,545,0.3450939655,-0.4953217804,1
367,577,0.3715494871,-0.5370432138,1
367,609,-0.4093618095,-0.3716027737,1
367,641,-3.376946688,-0.4972526133,1
367,673,-2.418227196,-1.08409667,1
367,705,-2.127449989,-1.211480737,1
367,737,-1.532551169,-1.090720415,1
367,769,-1.245773196,-1.161156178,1
367,801,17.62642479,-7.782106876,1
367,833,14.33047009,-13.57426834,1
367,865,-0.4570646286,-5.231393814,1
367,897,-0.2130670547,-18.4818306,1
367,929,-0.4190807343,-16.95964813,1
367,961,-1.806732297,-3.018109798,1
367,993,-1.552278161,-4.051272869,1
367,1025,-0.3895682096,-3.233509064,1
367,1057,-0.2824786603,-1.55787313,1
367,1089,-0.03317800164,-0.8951097131,1
367,1121,1.060432553,1.215706348,1
367,1153,0.3508243263,1.793590784,1
367,1185,-1.745223403,0.8796506524,1
367,1217,-2.803481102,0.4931542873,1
367,1249,-3.454258204,2.930226564,1
367,1281,-2.769147158,3.455063343,1
367,1313,-4.951826096,-14.8671217,1
367,1345,0.9356627464,4.570170403,1
367,1377,1.393732548,2.220419645,1
367,1409,2.2601161,1.393164515,1
367,1441,1.747038484,1.235624552,1
367,1473,0.2621135116,1.389605284,1
367,1505,0.1303391159,1.095335245,1
367,1537,-0.4217467308,0.8590289354,1
367,1569,-0.3913540244,1.224947453,1
367,1601,-0.4181569815,0.6390142441,1
367,1633,-0.8636268973,0.07894062996,1
367,1665,-0.1661666334,0.724229753,1
367,1697,0.6855496764,0.9225437045,1
367,1729,0.1010856405,1.44551897,1
367,1761,-0.1352059543,1.558473468,1
367,1793,0.00551661849,1.692482352,1
367,1825,0.06238463521,0.562833786,1
367,1857,-0.1993271708,0.6130734682,1
367,1889,-0.1995620877,0.7218046784,1
367,1921,-0.3472135961,0.2859008014,1
367,1953,-0.2085727155,0.1379170716,1
367,1985,0.04079376161,0.05597681552,1
367,2017,-0.07892593741,-0.03424413502,1
399,33,0.1499925256,0.09189392626,1
399,65,-0.04408337176,0.2840389013,1
399,97,-0.05890974402,0.1701570302,1
399,129,-0.1378521621,0.2086583376,1
399,161,-0.2367244214,0.09365534782,1
399,193,-0.0580214262,-0.03586560488,1
399,225,0.2800045311,0.1152050495,1
399,257,0.1192713678,0.1660510004,1
399,289,-0.04860405251,0.1506167948,1
399,321,0.04216497391,0.05975711346,1
399,353,0.2344477773,-0.02285271883,1
399,385,0.3262606859,-0.4181531072,1
399,417,0.1899985671,-0.6210265756,1
399,449,0.3798130155,-0.03648453951,1
399,481,0.2985607982,-0.2506887019,1
399,513,-0.1408943832,-0.6819889545,1
399,545,0.249483943,-0.5109878778,1
399,577,0.4554427862,-0.4175167978,1
399,609,-0.2527893782,-0.06646350026,1
399,641,-2.42626977,-0.2081570029,1
399,673,-1.05106914,-0.6070410013,1
399,705,-0.7442688942,-0.596534729,1
399,737,-1.237469435,-0.8821117878,1
399,769,-1.482767582,-1.342051744,1
399,801,-0.4519323111,-2.056891918,1
399,833,0.4254176617,-2.280841589,1
399,865,-0.8086304665,-5.233232498,1
399,897,-0.6833988428,-6.10068512,1
399,929,-0.9348138571,-4.225836754,1
399,961,-1.029151917,-3.89084816,1
399,993,-1.22421217,-3.843831778,1
399,1025,-0.4138378501,-4.210490227,1
399,1057,0.1071353555,-1.003059506,1
399,1089,0.684897244,-0.2293152213,1
399,1121,0.9629526138,0.07532085478,1
399,1153,-0.4143750668,0.5006791353,1
399,1185,-1.530844688,0.1151479483,1
399,1217,-1.405929446,0.1157143116,1
399,1249,-1.459277391,0.8836050034,1
399,1281,-1.314712763,3.61488843,1
399,1313,-0.4931100607,5.142409325,1
399,1345,0.6173033714,5.363210201,1
399,1377,1.688243508,2.843808174,1
399,1409,1.647943735,1.901536942,1
399,1441,0.6666651964,1.120282412,1
399,1473,-0.09684234858,0.9229309559,1
399,1505,-0.2521544695,1.016216993,1
399,1537,-0.1711091697,0.7765752077,1
399,1569,0.1053984761,0.8282042742,1
399,1601,-0.6180949807,0.6062805653,1
399,1633,-1.267499447,0.7500259876,1
399,1665,-0.1874507666,1.195452929,1
399,1697,0.1687611789,1.316601753,1
399,1729,0.05200508237,1.428772688,1
399,1761,0.219247967,1.472202659,1
399,1793,-0.3666496277,1.777349472,1
399,1825,-0.4083038568,0.7223883867,1
399,1857,-0.07021728158,0.6975841522,1
399,1889,0.1288544536,0.5025349855,1
399,1921,-0.01649697125,0.1717979908,1
399,1953,-0.03926762566,0.1997616291,1
399,1985,-0.1331095248,-0.1074905097,1
399,2017,-0.04517969489,-0.1374173164,1
431,33,-0.3185750544,0.0505524464,1
431,65,-0.2877966762,-0.01159700379,1
431,97,-0.1327953488,0.03097835183,1
431,129,-0.2197910398,0.2392943799,1
431,161,-0.1561307311,0.1411867738,1
431,193,0.142862916,-0.03383723646,1
431,225,0.1318435669,-0.06863890588,1
431,257,0.02819987014,-0.07493805885,1
431,289,0.1695351452,-0.2522885501,1
431,321,0.3765453994,-0.4834577739,1
431,353,0.388248086,-0.244433865,1
431,385,0.1054151654,-0.4347347915,1
431,417,-0.01825062186,-0.3499657214,1
431,449,-0.1247570068,-0.3071393967,1
431,481,-0.2496648878,-0.3143327236,1
431,513,-0.3320442438,-0.4852334261,1
431,545,-0.140788734,-0.4911144376,1
431,577,0.4019116461,-0.3528657854,1
431,609,0.5117424726,-0.2190384865,1
431,641,0.05608780682,-0.150309056,1
431,673,0.5353895426,-0.08149018884,1
431,705,0.5787121654,0.1751220226,1
431,737,-1.090398073,-0.7416042089,1
431,769,-0.985330224,-1.423226118,1
431,801,-0.6674708724,-1.898566127,1
431,833,-1.143817067,-1.956671476,1
431,865,-2.040640831,-2.539647579,1
431,897,-3.385890722,-4.391383171,1
431,929,-4.048679352,-3.376862764,1
431,961,-1.953044176,-3.760846376,1
431,993,-1.428331733,-2.50779295,1
431,1025,-11.09300423,15.40958118,1
431,1057,0.08489882946,-0.6733252406,1
431,1089,0.1963074058,0.257452637,1
431,1121,0.4394801259,-0.05076233298,1
431,1153,-0.9321262836,0.1843975633,1
431,1185,-1.206625819,0.5469539165,1
431,1217,-0.5454250574,0.6992055178,1
431,1249,0.4382024407,2.347322464,1
431,1281,-0.1311231852,3.983362675,1
431,1313,-0.3866623044,4.985281467,1
431,1345,-0.6195403337,4.557289124,1
431,1377,0.3185532987,3.139610529,1
431,1409,0.02124851942,1.72369802,1
431,1441,-0.6203553081,0.7485527992,1
431,1473,-0.7884094715,0.6001806259,1
431,1505,-0.5507101417,1.07302475,1
431,1537,-0.1289101094,1.709908485,1
431,1569,0.3620158434,1.016157031,1
431,1601,-0.2692635357,0.8317089081,1
431,1633,-0.2839607298,0.803889215,1
431,1665,0.1153199226,0.9951738119,1
431,1697,-0.01133304089,1.077784896,1
431,1729,-0.211898759,1.058475614,1
431,1761,-0.2555496693,0.9648495913,1
431,1793,-0.1095355153,0.9464105368,1
431,1825,-0.6001781225,0.5919129252,1
431,1857,-0.07186087966,0.7029567957,1
431,1889,0.4495992362,0.4360485673,1
431,1921,0.3798365593,0.06822746992,1
431,1953,0.1960183084,0.2530894279,1
431,1985,-0.09604001045,0.223900184,1
431,2017,0.1186613888,-0.3065251112,1
463,33,-0.2275627851,0.02960760891,1
463,65,-0.1189008951,0.09329071641,1
463,97,-0.2860268652,0.3051829636,1
463,129,-0.4024308324,0.2898900807,1
463,161,-0.2128079683,-0.009798377752,1
463,193,0.2552865744,-0.02568079531,1
463,225,0.2272976935,-0.2667946219,1
463,257,-0.1083681136,-0.337258637,1
463,289,-0.1270137131,-0.6914907694,1
463,321,-0.08818413317,-0.3634356856,1
463,353,0.1055850834,0.2131297588,1
463,385,0.09636867791,-0.02607303858,1
463,417,-0.03360835463,-0.3552603722,1
463,449,-0.1264347732,-0.4487055242,1
463,481,-0.1814166456,-0.2452737391,1
463,513,-0.189570576,0.4902720749,1
463,545,-0.5249278545,-0.09075888991,1
463,577,-0.5378347039,-0.5397006273,1
463,609,0.04683047533,-0.6027899981,1
463,641,0.4393489361,-0.1229617,1
463,673,0.7937092185,0.4248191416,1
463,705,0.7445506454,0.2375192046,1
463,737,-0.4333574176,-1.1591115,1
463,769,-0.5484981537,-1.74084568,1
463,801,-0.7231678367,-1.492852211,1
463,833,-1.495010734,-1.125822425,1
463,865,-2.515521526,-1.652699709,1
463,897,-2.594932556,-2.072183609,1
463,929,-2.508715153,-1.732132316,1
463,961,-1.756341696,-1.876650453,1
463,993,-0.9568821192,-1.440126419,1
463,1025,-1.425135851,-1.93649888,1
463,1057,-0.6584199667,-0.3143828213,1
463,1089,-0.312389195,0.3085745871,1
463,1121,-0.6749694347,-0.1102306843,1
463,1153,-1.817195415,0.1582654566,1
463,1185,-0.4213182628,0.753283143,1
463,1217,0.3954592943,1.137252808,1
463,1249,0.9495215416,1.771865487,1
463,1281,0.5543156862,3.017878532,1
463,1313,-0.3767852187,3.911490202,1
463,1345,-1.126444697,3.188149929,1
463,1377,-1.600103855,2.442939758,1
463,1409,-2.089908123,1.136561632,1
463,1441,-1.838355184,0.7645415068,1
463,1473,-0.7501236796,0.6381627917,1
463,1505,-0.525262475,0.668404758,1
463,1537,-0.2611180544,1.362810612,1
463,1569,0.2064159513,0.5756395459,1
463,1601,0.5105048418,-0.8481485248,1
463,1633,1.248371005,-0.4302422404,1
463,1665,1.289954066,0.2687360644,1
463,1697,-0.03291254491,0.9714567661,1
463,1729,-0.5031045079,1.095127821,1
463,1761,-0.770873189,1.177053452,1
463,1793,-0.5081846714,0.4168635607,1
463,1825,-0.6655585766,-0.2781389356,1
463,1857,-0.2278167009,-0.007777750492,1
463,1889,0.2071447074,0.135772258,1
463,1921,0.2008067667,0.1105529964,1
463,1953,0.2198382318,0.008922889829,1
463,1985,0.1333736181,-0.08540763706,1
463,2017,0.2921567559,-0.4685575366,1
495,33,-0.2004890889,0.03792160749,1
495,65,-0.1633632481,0.1575896144,1
495,97,-0.3425346911,0.3220943511,1
495,129,-0.3000070155,0.2473005354,1
495,161,-0.1110475361,-0.1360032558,1
495,193,0.02898597531,-0.1725906134,1
495,225,0.09018916637,-0.2251306176,1
495,257,-0.06629575789,-0.06392157078,1
495,289,-0.1867576838,-0.4397928715,1
495,321,-0.3903957307,-0.1954312325,1
495,353,-0.6260007024,-0.3984737396,1
495,385,-0.259930253,-0.6676665545,1
495,417,0.06003689766,-0.6357387304,1
495,449,-0.02373075485,-0.6195998788,1
495,481,-0.3788975775,0.1094577909,1
495,513,-0.7047727108,0.7966929078,1
495,545,-0.9203121662,-0.06780257821,1
495,577,-0.9696069956,-0.983920455,1
495,609,-0.7443913817,-0.8871641159,1
495,641,8.500281334,7.450835705,1
495,673,0.0522261858,-0.2457427382,1
495,705,-20.18241882,-2.301573038,1
495,737,-0.8495247364,-0.9932736754,1
495,769,-1.027779818,-1.191393733,1
495,801,-0.8307774067,-1.007067204,1
495,833,-0.9685611725,-0.9322321415,1
495,865,-1.36567986,-0.852504015,1
495,897,-1.508936763,-0.6968319416,1
495,929,-1.113544226,-0.60359478,1
495,961,-0.7671544552,-0.406870842,1
495,993,-0.5572941899,-0.228493154,1
495,1025,-0.6635757685,-0.6636116505,1
495,1057,-0.6618584394,-0.01259362698,1
495,1089,-0.6506031156,0.1028049439,1
495,1121,-0.8700541258,-0.3630633056,1
495,1153,-1.066776633,0.2500897944,1
495,1185,-0.9153513312,0.5917832851,1
495,1217,-0.6891511083,0.3978292942,1
495,1249,0.0912335515,0.9024801254,1
495,1281,-0.2318817675,1.510214925,1
495,1313,-0.5610000491,2.252310276,1
495,1345,-1.04630208,2.650174379,1
495,1377,-1.932875633,2.277560711,1
495,1409,-2.186778069,1.336899161,1
495,1441,-1.641230583,1.147352457,1
495,1473,-1.125386477,0.9004992247,1
495,1505,-0.820345521,0.1283940375,1
495,1537,-0.2390466928,0.1690096259,1
495,1569,-0.6497679949,-0.05584788322,1
495,1601,-0.2233721018,-0.9013733864,1
495,1633,0.9621421099,-0.4654552937,1
495,1665,1.09142065,-0.1495001614,1
495,1697,-0.1124287397,0.6140853763,1
495,1729,-0.4954581261,0.8254531622,1
495,1761,-0.5010877252,1.207210064,1
495,1793,-0.2988381386,0.8950617313,1
495,1825,-0.02405500412,-0.1717975289,1
495,1857,0.352121383,-0.2492951602,1
495,1889,-0.0794223696,-0.3315089941,1
495,1921,-0.2622047663,-0.0692262724,1
495,1953,-0.05802902579,-0.1014940441,1
495,1985,0.1522702277,-0.1961090565,1
495,2017,0.5119328499,-0.4899058342,1
527,33,-0.01271042973,-0.007994771004,1
527,65,-0.12656039,0.2248104215,1
527,97,-0.3021517992,0.2678370476,1
527,129,-0.2933439612,0.257930547,1
527,161,0.009788483381,-0.2096513659,1
527,193,-0.1469227821,-0.3982668519,1
527,225,-0.1076811627,-0.3777600229,1
527,257,-0.001593042165,-0.02845221758,1
527,289,0.001688539982,0.03307184577,1
527,321,-0.3090265691,-0.5457244515,1
527,353,-0.5089854002,-0.9524402022,1
527,385,-0.2480376959,-0.8263586164,1
527,417,0.2615954876,-0.8105187416,1
527,449,0.3131109774,-0.6162385941,1
527,481,0.1403638422,-0.164857626,1
527,513,-0.923181653,-0.5384822488,1
527,545,-1.306708694,-0.360496521,1
527,577,-1.029655933,-1.209821343,1
527,609,-0.9120543003,-0.8867186904,1
527,641,-0.4784739017,-0.5783230662,1
527,673,-0.8744802475,-0.4302646816,1
527,705,-15.49525547,-14.09138203,1
527,737,-1.158701897,-0.4424777627,1
527,769,-1.263093233,-1.011082172,1
527,801,-1.026399255,-1.174990892,1
527,833,-0.8967008591,-0.9986667633,1
527,865,-0.4681921005,-0.8975633383,1
527,897,-0.720071733,-0.7894304395,1
527,929,-0.4727348685,-0.4740844369,1
527,961,-0.4974406958,-0.2866408825,1
527,993,-0.7599882483,-0.1976912022,1
527,1025,0.2927950025,-0.08084869385,1
527,1057,-0.2138471007,0.7903356552,1
527,1089,-0.6616482139,0.5628269315,1
527,1121,-0.6101976633,0.04668755829,1
527,1153,-0.3694019914,0.1444188952,1
527,1185,-1.272899866,0.2997233272,1
527,1217,-2.240521669,-0.2066641152,1
527,1249,-0.8880571723,0.1641022563,1
527,1281,-0.6442732811,0.5334802866,1
527,1313,-0.6585832834,1.329351425,1
527,1345,-0.8693885803,1.95880723,1
527,1377,-1.084878445,1.831041813,1
527,1409,-0.6274681091,1.286975861,1
527,1441,-1.119716644,0.9837044477,1
527,1473,-1.143679142,0.8053212166,1
527,1505,-1.216667175,0.1122780442,1
527,1537,-2.161149025,-1.101783276,1
527,1569,-3.306740761,-1.048174858,1
527,1601,-1.349196911,0.4075893164,1
527,1633,0.2457966059,0.3390018344,1
527,1665,0.6629072428,0.04683792591,1
527,1697,0.0860825181,0.2164971828,1
527,1729,-0.160295248,0.5193786621,1
527,1761,0.1886764169,1.151786685,1
527,1793,1.506836295,0.3691387177,1
527,1825,2.394491911,-0.3904825449,1
527,1857,1.370645285,-0.07909885049,1
527,1889,-8.884350777,8.625786781,1
527,1921,-2.098734617,-1.035464406,1
527,1953,-0.7463513613,0.1335605383,1
527,1985,-0.0852688849,0.2575237453,1
527,2017,0.5146552324,-0.3419292867,1
559,33,0.1103096008,-0.007577121258,1
559,65,-0.1255338937,0.4804723859,1
559,97,-0.04015105963,0.4959946275,1
559,129,-0.2606692314,0.2609335184,1
559,161,-0.3464247584,-0.3545240462,1
559,193,-0.2285839915,-0.8185281754,1
559,225,-0.002230972983,-0.5819934607,1
559,257,0.07774795592,-0.1148565114,1
559,289,-0.4439896941,0.2501507699,1
559,321,-0.6151987314,-0.9283838272,1
559,353,-0.1439732909,-1.936089754,1
559,385,0.3223765194,-1.087766528,1
559,417,0.282274127,-0.9285351038,1
559,449,0.395037055,-1.045733333,1
559,481,0.7907989025,-1.310046315,1
559,513,-0.03343158215,-1.115035892,1
559,545,-0.976934433,-0.828175962,1
559,577,-1.036383748,-0.5170933604,1
559,609,-0.846470356,-0.2649572492,1
559,641,-0.6760852337,-0.3122443557,1
559,673,-1.263619423,-0.07958385348,1
559,705,-2.022713423,-0.09830477834,1
559,737,-1.068214655,-0.2000475526,1
559,769,-1.445489883,-0.2042384148,1
559,801,-1.743159056,-0.7300807834,1
559,833,-1.404793978,-0.6118352413,1
559,865,-1.252188087,-1.565952301,1
559,897,-0.7813406587,-1.014223576,1
559,929,-0.3703088164,-0.4477154613,1
559,961,-0.478426367,-0.350209415,1
559,993,-0.4002682567,-0.228592962,1
559,1025,0.1711753905,-0.4372643828,1
559,1057,-0.2218994498,-0.009816125035,1
559,1089,-0.4618621469,0.9064017534,1
559,1121,-0.4930378199,0.368480444,1
559,1153,-0.6239799261,0.5191770196,1
559,1185,-0.802544415,0.5591034889,1
559,1217,-0.7963160276,0.1998517513,1
559,1249,-0.3426034451,-0.5196456909,1
559,1281,-0.1527757645,0.2122635841,1
559,1313,-0.223430723,0.6889719963,1
559,1345,-0.4746032953,0.727370441,1
559,1377,-0.5636140108,0.7023245096,1
559,1409,1.060409307,4.940896988,1
559,1441,-0.939712882,0.4435586929,1
559,1473,-0.5193641782,0.1963751316,1
559,1505,-1.060015917,-0.0202280581,1
559,1537,-1.853457928,-1.299747705,1
559,1569,-2.929341078,-2.569565773,1
559,1601,-2.667915821,0.3337660432,1
559,1633,-0.4973493218,0.5906423926,1
559,1665,0.389316082,0.7390449047,1
559,1697,0.2449583262,0.1162828803,1
559,1729,0.48609972,0.7151733041,1
559,1761,0.8732879758,1.235160589,1
559,1793,1.408288836,0.3104333282,1
559,1825,1.719761848,-0.3103026152,1
559,1857,0.7388716936,-0.417517513,1
559,1889,-1.067903638,-0.5709323883,1
559,1921,-1.42780447,-0.1829017848,1
559,1953,-0.6691750288,0.4171612263,1
559,1985,-0.3736251593,0.2339461148,1
559,2017,0.1967659891,-0.2846586108,1
591,33,-0.1783700734,0.2010348737,1
591,65,-0.3774268031,0.1688908041,1
591,97,-0.2376108766,0.08691905439,1
591,129,-0.152507633,-0.1729305685,1
591,161,-0.4157495797,-0.8766744137,1
591,193,-0.1879126132,-1.181777954,1
591,225,0.2044165432,-0.2121477574,1
591,257,0.1875697672,0.2917017937,1
591,289,-0.4136753678,0.3256851137,1
591,321,-0.3535451591,-0.824519515,1
591,353,0.3005744815,-2.265814066,1
591,385,0.2142878771,-1.557404518,1
591,417,0.2374791056,-1.468388915,1
591,449,0.2937114835,-1.151046634,1
591,481,0.3649640679,-1.312621593,1
591,513,0.4476342499,-1.580687046,1
591,545,0.1275603175,-1.23094058,1
591,577,-0.2396880984,-0.258128345,1
591,609,-0.250109911,0.2244647443,1
591,641,-0.6139160991,-0.1845119745,1
591,673,-1.125422478,-0.3422957957,1
591,705,-1.424318314,-0.8208602667,1
591,737,-1.506706238,-0.6577358246,1
591,769,-0.613740921,0.1122483015,1
591,801,-0.9470031857,-0.6950460076,1
591,833,-1.194801688,-0.6018360853,1
591,865,-1.339079857,-0.4748266339,1
591,897,-0.7337963581,-0.2653716207,1
591,929,-0.6128557324,-1.006692171,1
591,961,-0.4332175851,-0.6778305769,1
591,993,-0.2588447332,-0.383069694,1
591,1025,0.1128744036,-0.6557475924,1
591,1057,0.2027872205,-0.2142337561,1
591,1089,-0.5597326159,0.5027779937,1
591,1121,-0.5623704195,0.3797287643,1
591,1153,-0.7024021149,0.9477779865,1
591,1185,-0.8128268123,0.5177928805,1
591,1217,-0.2183027267,0.2402611077,1
591,1249,0.7148942947,-0.589810431,1
591,1281,0.2861047983,0.04220739007,1
591,1313,0.2792782784,0.32338202,1
591,1345,-0.3797399998,-0.05496191978,1
591,1377,-0.8412070274,-0.5420182943,1
591,1409,-1.384476542,1.050207615,1
591,1441,-0.9547599554,1.73592186,1
591,1473,-0.7287495136,1.00569582,1
591,1505,-0.4545962811,0.2565022707,1
591,1537,0.008905172348,-0.1885669827,1
591,1569,-3.173171759,15.78351593,1
591,1601,-0.2155043781,-19.33912468,1
591,1633,-0.5129035115,0.2971005142,1
591,1665,0.5795950294,0.4249327481,1
591,1697,0.3048366606,0.5789813995,1
591,1729,1.012736559,1.227811098,1
591,1761,1.589669704,2.171732426,1
591,1793,1.187455893,1.402792931,1
591,1825,1.153265119,-0.04930737615,1
591,1857,0.8325520754,-0.4588429332,1
591,1889,0.200075388,-0.5721821785,1
591,1921,-0.4039553404,-0.1658210456,1
591,1953,-0.4844572246,0.2908611894,1
591,1985,-0.5065485239,0.2039696574,1
591,2017,0.01178836823,-0.3108378053,1
623,33,-0.3218291402,0.5506986976,1
623,65,0.1994717717,-0.1836307049,1
623,97,0.5139161944,-0.4266579747,1
623,129,0.3631407619,-0.6061346531,1
623,161,0.240544498,-0.5285312533,1
623,193,0.3263054192,-0.3927023113,1
623,225,0.5990852118,-0.04912257195,1
623,257,0.05654618144,0.006077766418,1
623,289,-0.5410704613,-0.3152052164,1
623,321,-0.522870779,-0.8857501745,1
623,353,0.08494529128,-1.71553421,1
623,385,0.5669081211,-2.098464012,1
623,417,0.3774560094,-1.831062317,1
623,449,-0.1111091673,-0.5889533758,1
623,481,0.02087378502,-1.746958256,1
623,513,0.9656195045,-2.624372482,1
623,545,1.44960475,-1.669081688,1
623,577,-0.1866256297,-0.5095064044,1
623,609,-0.7510296106,0.004625350237,1
623,641,-0.6193785071,-0.3151108027,1
623,673,-0.4962205887,-0.3820337653,1
623,705,-0.9723411798,-0.1789925694,1
623,737,-0.9826682806,-0.5871415138,1
623,769,-0.03168934584,-0.1523936987,1
623,801,0.1411163211,-0.3790972531,1
623,833,-0.7033246756,-0.3965828121,1
623,865,-1.291290998,-0.1747249365,1
623,897,-0.9049078822,-0.1559862494,1
623,929,-0.4166411757,-1.249709368,1
623,961,-0.2894202173,-1.178847671,1
623,993,-0.08931799233,-1.073428154,1
623,1025,-0.108277604,-0.7528215647,1
623,1057,-0.1877591312,-0.2916989923,1
623,1089,-0.4669857919,0.232901141,1
623,1121,-0.3931306601,0.1334875822,1
623,1153,-0.5739159584,0.2078357935,1
623,1185,-0.6841366291,0.1946919858,1
623,1217,0.06003108621,0.06324303895,1
623,1249,0.846346736,-0.4920948148,1
623,1281,0.5186907053,-0.2955690324,1
623,1313,0.4548894465,0.01810380816,1
623,1345,-0.3749188781,0.3419097066,1
623,1377,-1.250267029,1.82656014,1
623,1409,-1.6216892,2.344082832,1
623,1441,-1.124696612,3.610238791,1
623,1473,-0.5126420259,3.01967144,1
623,1505,-0.00583049655,1.371217132,1
623,1537,0.01178079844,0.5221524239,1
623,1569,-0.3154223561,0.4235875607,1
623,1601,-0.3035210967,0.7279915214,1
623,1633,0.3484105468,0.3787887096,1
623,1665,0.7068035603,0.2942903042,1
623,1697,1.842370272,0.4621565342,1
623,1729,2.472026825,1.681400776,1
623,1761,2.098114491,2.751893997,1
623,1793,2.22641468,2.188410282,1
623,1825,1.750107169,0.2994215786,1
623,1857,1.580446124,-0.4811583459,1
623,1889,0.9389532804,-0.9360325933,1
623,1921,0.3370286226,-0.7010840178,1
623,1953,0.01586274803,-0.1141942292,1
623,1985,-0.3122923374,-0.01975302026,1
623,2017,0.01608282328,-0.1724702716,1
655,33,-0.9321739078,0.640681982,1
655,65,-0.2400289327,-0.1538939029,1
655,97,0.7385080457,-0.3772780299,1
655,129,0.4966493845,-0.3161599636,1
655,161,0.6966063976,-0.7941744328,1
655,193,0.5126637816,-2.375222921,1
655,225,0.6897733808,-0.7092813849,1
655,257,0.06659829617,-0.475413084,1
655,289,-0.1744770706,-0.9868450165,1
655,321,-0.2837509811,-1.604853392,1
655,353,0.4557670951,-5.645328522,1
655,385,7.326420307,7.037160397,1
655,417,0.3835414648,-4.962713242,1
655,449,-0.7837768793,-4.097505569,1
655,481,0.0887799859,-3.410508156,1
655,513,1.479307413,-3.399758816,1
655,545,0.789801538,-1.683639526,1
655,577,-0.2920396924,-0.5868641138,1
655,609,-1.105380654,-0.4382939935,1
655,641,-1.000518799,-0.9458403587,1
655,673,-0.503457427,-0.891433239,1
655,705,-0.4531189203,-0.38192904,1
655,737,-0.3645327091,-1.036578417,1
655,769,-0.4225021601,-0.7364940643,1
655,801,-0.4721308947,-0.2312080264,1
655,833,-0.6574025154,-0.06846892834,1
655,865,-1.067504644,-0.1443143487,1
655,897,-0.7426546216,-0.2408645153,1
655,929,-0.3778632283,-0.4315363169,1
655,961,-0.3776306808,-0.9209446907,1
655,993,-0.3354106843,-1.157356858,1
655,1025,-0.4475338757,-0.8696345687,1
655,1057,-0.4013510942,-0.2609364986,1
655,1089,-0.360807687,-0.04208746552,1
655,1121,-0.3669728935,-0.1420051605,1
655,1153,-0.463547051,-0.3247336745,1
655,1185,-0.516695857,0.01627591252,1
655,1217,-0.1191622466,-0.02911943942,1
655,1249,0.1178299785,-0.1060516089,1
655,1281,-0.2272951454,-0.07789143175,1
655,1313,-0.2683339715,-0.7092667818,1
655,1345,-0.7573357821,-0.4333863556,1
655,1377,-1.259699345,1.358320951,1
655,1409,-1.405044556,3.015947819,1
655,1441,-1.724736452,4.108324051,1
655,1473,-0.5514653325,4.789897919,1
655,1505,-0.5826191902,2.836248159,1
655,1537,-0.7362804413,1.476297379,1
655,1569,-0.08400523663,1.515442133,1
655,1601,0.3203435838,1.460958838,1
655,1633,0.70382303,1.101123571,1
655,1665,0.8383970261,0.9895426035,1
655,1697,3.078162909,-0.3544566035,1
655,1729,3.44418478,0.5520396233,1
655,1761,2.26956749,0.9457086921,1
655,1793,2.365250587,0.6117742062,1
655,1825,2.423388004,0.3442412019,1
655,1857,1.781888366,-0.7540804148,1
655,1889,1.18093729,-1.219937444,1
655,1921,0.4694275856,-1.277071953,1
655,1953,0.180216819,-0.4849593937,1
655,1985,-0.103006959,-0.2366057038,1
655,2017,-0.04491896927,0.02642595768,1
687,33,-0.5132574439,0.1685852408,1
687,65,-0.3230094314,-0.03734696656,1
687,97,0.2512842417,0.6143426299,1
687,129,0.2532154024,0.1420482397,1
687,161,1.070934772,-1.32461834,1
687,193,1.560164452,-1.973657012,1
687,225,0.8159511685,-1.466365457,1
687,257,0.5435525179,-1.140687108,1
687,289,0.7644822598,-1.529021025,1
687,321,0.4640494287,-2.539147854,1
687,353,0.4785352349,-4.94744873,1
687,385,0.47200647,-4.716206551,1
687,417,0.2882578969,-4.445088387,1
687,449,0.2689146996,-4.097898483,1
687,481,0.7561422586,-2.459845543,1
687,513,0.9280794859,-1.75773263,1
687,545,0.2833569944,-1.771056652,1
687,577,-0.3642822504,-1.159857273,1
687,609,-0.8991381526,-1.114388824,1
687,641,-0.465500772,-1.64581275,1
687,673,0.7008698583,-1.300627828,1
687,705,0.279049933,-1.701112628,1
687,737,-0.2934073806,-1.774614334,1
687,769,-0.8294714093,-1.230369449,1
687,801,-1.625475883,-0.5416660905,1
687,833,-1.384273291,0.002136111259,1
687,865,-0.4923501015,-0.2661376595,1
687,897,-0.3727132082,-0.3929576576,1
687,929,-0.3846446872,-0.4912370443,1
687,961,-0.6377796531,-0.6574074626,1
687,993,-0.6606680155,-0.8178516626,1
687,1025,-0.425093621,-0.7351546884,1
687,1057,-0.4051410854,-0.2836858928,1
687,1089,-0.4529869258,-0.09146979451,1
687,1121,-0.5413928032,-0.106779471,1
687,1153,-0.5802895427,-0.2071591914,1
687,1185,-0.4393642545,-0.1013969332,1
687,1217,-0.1557492614,-0.007014103234,1
687,1249,-0.008665442467,0.06050116569,1
687,1281,-1.132460117,-0.12309587,1
687,1313,-2.22616148,-1.29161334,1
687,1345,-1.388623118,-0.8546620011,1
687,1377,-1.434711218,-0.09180335701,1
687,1409,-1.097810626,0.8684301376,1
687,1441,-0.8909030557,2.328419209,1
687,1473,-0.9695404768,2.632963657,1
687,1505,-1.188846827,2.312335253,1
687,1537,-1.030971527,2.443166971,1
687,1569,0.08731305599,3.153749466,1
687,1601,0.6517993212,1.903298855,1
687,1633,0.7289856672,0.9653873444,1
687,1665,1.132444143,1.327652335,1
687,1697,1.923264146,1.039166093,1
687,1729,2.366126299,0.6257567406,1
687,1761,2.028989077,0.6417978406,1
687,1793,-13.06088448,-11.55478668,1
687,1825,2.654094219,-0.7253101468,1
687,1857,1.259601831,-0.9340580106,1
687,1889,0.8637381792,-1.024815321,1
687,1921,0.666695714,-1.232101679,1
687,1953,0.1865631342,-0.5828582048,1
687,1985,-0.03240188956,-0.01639154553,1
687,2017,-0.03791799396,0.06577652693,1
719,33,15.29198742,-0.01307272911,1
719,65,15.49091244,-1.392711163,1
719,97,-0.1803328395,-0.1619757265,1
719,129,-0.2516019344,-0.4434002638,1
719,161,0.3112644851,-1.109270811,1
719,193,0.6476699114,-1.725617886,1
719,225,0.465008378,-1.990803242,1
719,257,0.1208296418,-1.549881458,1
719,289,-0.09018930793,-1.833132267,1
719,321,-0.8455474973,-4.00297451,1
719,353,-0.182649672,-3.601632833,1
719,385,0.2698076665,-3.96359396,1
719,417,0.3341277838,-3.733686924,1
719,449,1.041273594,-3.218241692,1
719,481,1.636516929,-1.654231787,1
719,513,2.011096001,-0.7229242325,1
719,545,1.480864525,-0.9740508795,1
719,577,0.1155197769,-1.186315536,1
719,609,-0.7741395235,-1.197345853,1
719,641,-0.08327493072,-1.126304746,1
719,673,0.5994298458,-1.016259193,1
719,705,0.080406636,-0.9972148538,1
719,737,-0.1341645122,-1.147735596,1
719,769,-0.3395241201,-1.086332083,1
719,801,-0.8567085266,-0.5956599116,1
719,833,-0.631133616,-0.2226622105,1
719,865,-0.1818574071,-0.4661234021,1
719,897,-0.2221559286,-0.4712227583,1
719,929,-0.3012830913,-0.704416275,1
719,961,-0.4420766234,-0.6654502153,1
719,993,-0.3002578318,-0.6264745593,1
719,1025,-0.2238752842,-0.5761858225,1
719,1057,-0.2678423822,-0.7495841384,1
719,1089,-0.6676310301,-0.7751776576,1
719,1121,-0.7139017582,-0.4745341539,1
719,1153,-0.5093921423,-0.2304583639,1
719,1185,-0.3606059253,-0.1580272615,1
719,1217,-0.136456728,0.06283120811,1
719,1249,-0.06095539033,0.01139754802,1
719,1281,-0.4452227056,-0.3769037127,1
719,1313,-2.08239603,-1.061071277,1
719,1345,-2.06454277,-0.9049915075,1
719,1377,-1.614947557,-1.171831727,1
719,1409,-0.9118999243,0.1149456501,1
719,1441,-1.102932811,1.664263964,1
719,1473,-2.376075745,2.409514427,1
719,1505,-1.907860279,2.61527729,1
719,1537,-1.938846469,2.787081718,1
719,1569,-1.797925234,2.558927536,1
719,1601,-0.2980480492,2.064456463,1
719,1633,0.9219278097,1.389290094,1
719,1665,2.50138855,1.992381811,1
719,1697,2.322113752,1.510371685,1
719,1729,2.57447505,0.7750008106,1
719,1761,2.037715673,-0.2591423988,1
719,1793,1.909111738,-0.6228551865,1
719,1825,1.986287832,-0.6605042219,1
719,1857,1.069439888,-0.6083366871,1
719,1889,1.161554575,-0.8427894115,1
719,1921,0.9657984376,-0.9516761899,1
719,1953,0.4599933624,-0.4513061345,1
719,1985,-0.1148896813,0.06389416754,1
719,2017,-0.04569232464,0.04439714551,1
751,33,12.76976299,0.01241588593,1
751,65,12.04044628,-2.448533058,1
751,97,6.962236404,-13.15658569,1
751,129,0.0853126049,-0.6692762375,1
751,161,-0.02886474133,-1.025928736,1
751,193,0.2116951346,-1.008269787,1
751,225,0.2312533855,-1.353276253,1
751,257,-0.2305594683,-1.392513275,1
751,289,-0.636458993,-1.497168899,1
751,321,-0.5825004578,-2.664484024,1
751,353,-0.2220160812,-2.271346092,1
751,385,0.6562360525,-2.948468447,1
751,417,1.15560317,-3.260401964,1
751,449,1.429937363,-2.841379881,1
751,481,1.249559402,-0.7795779705,1
751,513,1.089130521,0.09178435802,1
751,545,0.8692983985,-0.03753697872,1
751,577,0.4920713902,-0.8262249231,1
751,609,-0.099756971,-1.066358447,1
751,641,0.08379615843,-1.008085608,1
751,673,0.371013701,-0.8091562986,1
751,705,-0.1103830636,-0.4470443726,1
751,737,0.3582694232,-0.7538912892,1
751,769,0.3124682903,-1.130895138,1
751,801,0.02129355073,-1.016431689,1
751,833,0.1328334659,-0.6678775549,1
751,865,-0.1266539395,-0.7536423206,1
751,897,-0.2101772875,-0.7685528994,1
751,929,-0.30274266,-0.8133249879,1
751,961,-0.2416439056,-0.6819648147,1
751,993,-0.04399508238,-0.5495163202,1
751,1025,0.01006364077,-0.3840479255,1
751,1057,-0.2057114542,-0.3634405732,1
751,1089,-0.4606994987,-0.9198266268,1
751,1121,-0.5492532849,-0.5127755404,1
751,1153,-0.4693526626,-0.3231032789,1
751,1185,-0.2567257881,-0.2328492403,1
751,1217,-0.07964377105,-0.1434793472,1
751,1249,0.0387455821,-0.2090120614,1
751,1281,0.1401746124,-0.5910528898,1
751,1313,-0.5731595159,-0.3318125308,1
751,1345,-1.048703909,-0.5463657975,1
751,1377,-0.9837758541,-1.141577482,1
751,1409,-0.5888046026,-0.2307202816,1
751,1441,-0.8212866783,0.7004550695,1
751,1473,-2.101760387,2.361149311,1
751,1505,-3.278795719,4.859463692,1
751,1537,-2.993374825,3.98751235,1
751,1569,-2.885946751,2.592458963,1
751,1601,-1.156678557,1.921779394,1
751,1633,0.4358530343,1.849117398,1
751,1665,2.343269587,2.373931408,1
751,1697,2.528260231,1.687178016,1
751,1729,1.74412775,0.4398518801,1
751,1761,1.67468524,-0.6412687302,1
751,1793,1.88722086,-0.5825273991,1
751,1825,1.697860956,-0.4477311373,1
751,1857,1.772828579,-0.900205195,1
751,1889,1.857720613,-0.7467830181,1
751,1921,0.9661793113,-0.0649625659,1
751,1953,0.2453369498,0.2201579809,1
751,1985,-0.1880814731,-0.02916225791,1
751,2017,-0.1169400886,-0.1966776848,1
783,33,-0.1806107014,0.3228350878,1
783,65,-0.4910593331,-0.3519703746,1
783,97,5.459834576,-13.11301899,1
783,129,5.255033016,-10.18420601,1
783,161,0.1166880429,-0.3739404678,1
783,193,0.1781765223,-0.02546000481,1
783,225,0.4489226341,-0.4023036957,1
783,257,-0.3916344345,-0.222507894,1
783,289,-0.354165554,0.1397400498,1
783,321,-0.2722024322,-0.8058674335,1
783,353,-0.3096335828,-1.51094842,1
783,385,0.2839882374,-1.638034821,1
783,417,1.32655549,-3.308158875,1
783,449,1.016927719,-1.705583811,1
783,481,0.8368281126,-0.6185128689,1
783,513,0.7448875308,0.12514323,1
783,545,0.8942469358,-0.4967480898,1
783,577,0.9151067138,-1.318188667,1
783,609,0.05693073571,-1.596627831,1
783,641,0.3042851388,-1.387581944,1
783,673,0.6208854318,-0.7774727941,1
783,705,0.9784836173,-0.5681664944,1
783,737,1.889944792,-0.872081995,1
783,769,-0.4717231989,13.82841873,1
783,801,0.3099849224,-1.174266458,1
783,833,-0.2929505706,-1.03949666,1
783,865,-0.3777751923,-1.085608959,1
783,897,-0.4296902418,-1.214956999,1
783,929,-0.3522046804,-2.26970911,1
783,961,-0.187376231,-0.9843838215,1
783,993,0.03295832872,-0.7039684057,1
783,1025,0.1507407129,-0.3626582623,1
783,1057,0.09682705998,-0.3310539126,1
783,1089,0.08082699776,-0.5209046602,1
783,1121,0.05808740854,-0.4408667386,1
783,1153,0.02542731166,-0.3527538776,1
783,1185,-0.1860694885,-0.1803754717,1
783,1217,-0.1506868005,-0.08882941306,1
783,1249,0.07711477578,-0.2962692678,1
783,1281,0.01668763161,-0.2831764817,1
783,1313,-0.3873847723,-0.180731535,1
783,1345,-0.9896199703,-0.07075148821,1
783,1377,-0.8669109344,-0.1889474541,1
783,1409,-0.4229351282,0.01562410593,1
783,1441,-0.6269772649,1.280135393,1
783,1473,-0.4916318655,1.923282862,1
783,1505,-3.167688847,5.678432465,1
783,1537,-2.674603939,3.998060465,1
783,1569,-1.144800425,2.293042898,1
783,1601,-0.4567446113,2.364715338,1
783,1633,0.6127484441,2.49578166,1
783,1665,2.291560173,3.745524645,1
783,1697,2.39675951,2.610196829,1
783,1729,2.29696846,2.571478128,1
783,1761,1.473557591,0.9187241793,1
783,1793,0.4275056124,0.4452441037,1
783,1825,1.010334849,-0.2172842026,1
783,1857,2.148530722,-0.6272056699,1
783,1889,1.402966022,-0.07130098343,1
783,1921,0.8975159526,0.5348875523,1
783,1953,0.5284445286,0.3646787405,1
783,1985,-0.1418089867,0.03258801997,1
783,2017,-0.03324589133,-0.6510568857,1
815,33,-0.1093183607,0.6926753521,1
815,65,-0.1328409612,-0.02804332972,1
815,97,-0.1826760173,-14.44434357,1
815,129,1.161292195,-11.40605354,1
815,161,-0.1290704161,-0.457880497,1
815,193,0.0840184018,-0.1687384844,1
815,225,0.3861804307,-0.3297332227,1
815,257,-0.1542214453,0.2236787975,1
815,289,-0.7849875093,0.9885196686,1
815,321,-0.7913811803,-0.1535170972,1
815,353,-1.104437947,-0.09327542782,1
815,385,-0.2232758403,-1.214461088,1
815,417,-0.08779966831,-1.51137507,1
815,449,0.4040213227,-1.072597027,1
815,481,0.7331809998,-1.071136713,1
815,513,0.9010510445,-0.8913859725,1
815,545,0.8730371594,-1.062305808,1
815,577,0.4377309084,-1.545287967,1
815,609,2.52521944,-4.862794876,1
815,641,2.986706734,-3.163815498,1
815,673,0.5166942477,-1.233106375,1
815,705,0.5940927267,-1.089810133,1
815,737,0.6745079756,-1.327171803,1
815,769,0.1287626028,-1.243005753,1
815,801,0.2279603332,-1.233175755,1
815,833,-0.2855043709,-1.400333643,1
815,865,-0.4719296098,-1.476972461,1
815,897,-0.58116436,-1.755124688,1
815,929,-0.4247349799,-3.437273026,1
815,961,-0.1029855609,-1.08488667,1
815,993,0.1011015102,-0.8088361621,1
815,1025,0.2856087089,-0.4715741873,1
815,1057,0.4843011796,-0.542686224,1
815,1089,0.4212079942,-0.5347296596,1
815,1121,0.4622191489,-0.529102087,1
815,1153,0.4706364572,-0.4475778341,1
815,1185,0.07573331892,-0.06185087562,1
815,1217,0.3390105367,1.028902411,1
815,1249,0.2631237209,1.361498356,1
815,1281,-0.5735865235,0.009604178369,1
815,1313,-0.4180101752,-0.331543684,1
815,1345,-0.5154064298,0.03352662548,1
815,1377,-0.5583934188,0.07153871655,1
815,1409,0.0312332958,0.3232996762,1
815,1441,0.1211488843,1.000634193,1
815,1473,0.1725281477,2.401422024,1
815,1505,-2.940318108,4.07851553,1
815,1537,-2.356109619,2.437730789,1
815,1569,-0.9449813962,1.930472732,1
815,1601,-0.5622398853,1.936029553,1
815,1633,0.6124898195,2.768471003,1
815,1665,-13.99640942,2.627054453,1
815,1697,-0.07985240221,1.994802117,1
815,1729,0.1253314614,3.355694056,1
815,1761,-0.01057511568,1.872520924,1
815,1793,-0.283233434,0.5168159604,1
815,1825,0.3747981191,-0.2479913682,1
815,1857,0.9260126948,-0.1663676202,1
815,1889,0.9939162731,0.2884539962,1
815,1921,1.030370951,0.8256571293,1
815,1953,2.452580452,1.416355491,1
815,1985,0.1195816994,0.4566200972,1
815,2017,-0.1274716556,-0.9921338558,1
847,33,-13.4812746,1.083870292,1
847,65,-13.02460384,-7.801737309,1
847,97,-14.86684608,-6.655746937,1
847,129,0.05656149983,-0.9988129139,1
847,161,-0.1752325147,-0.7749352455,1
847,193,0.05839344114,-0.5200453997,1
847,225,0.7409960628,-0.4396345019,1
847,257,0.3906758428,0.4643993974,1
847,289,-0.1254694909,0.235842675,1
847,321,-0.2751763463,-0.1360539794,1
847,353,-0.5306991935,0.355618,1
847,385,-0.03297039866,-1.103928566,1
847,417,0.6362887025,-0.9849594831,1
847,449,0.9338935018,-1.066153646,1
847,481,1.238754034,-1.301865816,1
847,513,1.21759212,-1.182290792,1
847,545,0.4966373444,-1.15525198,1
847,577,-0.4299560785,-1.495576024,1
847,609,-0.5084688663,-1.717154145,1
847,641,0.802329421,-1.44265306,1
847,673,0.3443405628,-1.649680018,1
847,705,-0.2515131831,-1.479857802,1
847,737,-0.7687501311,-1.876758099,1
847,769,16.39104462,-5.903943062,1
847,801,-0.1852327734,-1.295577526,1
847,833,-0.6148561239,-1.555849075,1
847,865,-0.498423934,-2.011266947,1
847,897,-0.3893119395,-2.245472908,1
847,929,2.088847876,-3.88185358,1
847,961,6.559426308,7.620028496,1
847,993,0.3480499387,-0.7851164937,1
847,1025,0.778222084,-0.731317699,1
847,1057,0.483335793,-0.5735455751,1
847,1089,0.4488846064,-0.5732699633,1
847,1121,0.5197706819,-0.6057425737,1
847,1153,0.6337970495,-0.6776484251,1
847,1185,0.573964119,-0.3502686024,1
847,1217,0.9608285427,1.615972996,1
847,1249,-0.005309503525,0.8323444128,1
847,1281,-0.5460064411,-0.220892787,1
847,1313,-0.19085747,-0.2830289602,1
847,1345,-0.4534343183,-0.3479772508,1
847,1377,-0.1036049724,-0.2336594313,1
847,1409,0.1928865761,-0.8196143508,1
847,1441,0.3056713343,0.4956275225,1
847,1473,0.2760103941,2.57257843,1
847,1505,-1.946737289,2.595267534,1
847,1537,-1.516982913,1.956827164,1
847,1569,-0.8275539875,1.852167368,1
847,1601,-0.5289815664,1.832571745,1
847,1633,0.8240358829,2.371198177,1
847,1665,0.9014484882,2.303934574,1
847,1697,-0.7607784867,2.073913336,1
847,1729,-2.679745674,1.847049952,1
847,1761,-1.188288927,1.150226831,1
847,1793,-0.2743410468,0.2041703463,1
847,1825,0.1987766027,0.2598834038,1
847,1857,0.4133844376,0.5755157471,1
847,1889,0.4774324894,0.273001045,1
847,1921,0.5470825434,0.5956754684,1
847,1953,1.066923738,1.027919054,1
847,1985,0.211735189,0.5675551891,1
847,2017,-0.1197545528,-1.079642653,1
879,33,-15.09883499,1.05553484,1
879,65,-14.41226482,-3.503368378,1
879,97,-0.06547123194,-0.7943366766,1
879,129,-0.4013577104,-1.01661694,1
879,161,-0.4987309873,-1.319536924,1
879,193,-0.09417597204,-1.0573771,1
879,225,0.4628297687,-0.5156933069,1
879,257,0.7133785486,-0.2426998615,1
879,289,0.6903083324,-0.5851457119,1
879,321,0.01379966736,-0.1958367825,1
879,353,0.1311132908,0.2074376345,1
879,385,0.1735806465,-0.6374918222,1
879,417,0.5288734436,-1.019225836,1
879,449,1.332496643,-1.18616426,1
879,481,1.36943078,-0.7584061623,1
879,513,1.435283184,-1.012694478,1
879,545,1.196503162,-1.095550895,1
879,577,0.06919413805,-1.525743246,1
879,609,0.5343132019,-1.50784862,1
879,641,0.9912829399,-1.260851502,1
879,673,0.7121486664,-1.575637937,1
879,705,-0.465289712,-1.56575954,1
879,737,-0.7513352036,-1.398638964,1
879,769,0.3152789474,-1.57089448,1
879,801,-0.3776055276,-1.508980036,1
879,833,-2.406963348,-0.6494979858,1
879,865,-1.280952811,-1.715265036,1
879,897,-0.2046874464,-2.647496462,1
879,929,0.1169521213,-3.260355473,1
879,961,0.4056373239,-1.583101034,1
879,993,0.2691286802,-1.049224138,1
879,1025,0.5788674355,-0.5727860928,1
879,1057,0.5489860177,-0.55472821,1
879,1089,0.4024763703,-0.6689372063,1
879,1121,0.8450686932,-0.6484883428,1
879,1153,0.7912375331,-1.142122626,1
879,1185,0.666873157,-1.023041248,1
879,1217,0.2729997635,0.5195223093,1
879,1249,-0.6786462069,1.908407092,1
879,1281,-0.3163446188,0.1500607729,1
879,1313,-0.4438477457,0.1077979207,1
879,1345,-0.529328227,0.01165983081,1
879,1377,-0.1236553416,-0.06463101506,1
879,1409,0.276211977,-0.8025381565,1
879,1441,0.3307228982,0.5154334307,1
879,1473,0.02784517407,1.700864077,1
879,1505,-0.4433965981,2.127856255,1
879,1537,-0.3217759132,2.028778315,1
879,1569,0.09142702818,1.643705606,1
879,1601,0.7760694623,1.980356932,1
879,1633,0.9141507149,1.945149899,1
879,1665,0.715126574,1.929989934,1
879,1697,-0.5735920668,2.230439663,1
879,1729,-2.571469784,1.951036334,1
879,1761,-1.626921535,1.386883497,1
879,1793,0.002093821764,1.071777225,1
879,1825,0.5823711157,0.9232224226,1
879,1857,0.9664139152,0.8839181662,1
879,1889,0.7961051464,0.1681292057,1
879,1921,0.9540389776,-0.1086848676,1
879,1953,0.9818591475,0.1354748905,1
879,1985,0.1090828478,0.2192368209,1
879,2017,-0.03122320771,-1.036550403,1
911,33,-1.029105186,0.7246023417,1
911,65,-1.993754268,-0.3608190715,1
911,97,-1.411537647,-0.4539576769,1
911,129,-0.8273198605,-1.160686612,1
911,161,-0.2860792875,-2.846215725,1
911,193,0.2786974609,-1.451777697,1
911,225,0.8893684149,-0.6010854244,1
911,257,0.7123649716,-0.8640081286,1
911,289,1.23718369,-0.6933797598,1
911,321,1.081612587,-0.8131752014,1
911,353,0.9165905714,-1.230645895,1
911,385,0.5663620234,-2.125704288,1
911,417,0.5604012012,-2.169369698,1
911,449,0.9980098605,-1.508849025,1
911,481,0.9063040018,-0.7790294886,1
911,513,0.7133395672,-0.4662078619,1
911,545,1.314996362,-0.679340601,1
911,577,1.41332531,-1.062516093,1
911,609,1.467459202,-3.657106638,1
911,641,0.999068141,-1.598546863,1
911,673,0.7758167386,-1.693212867,1
911,705,0.8020815253,-1.159349442,1
911,737,0.9929183722,-1.645888805,1
911,769,0.6857863665,-2.005042076,1
911,801,0.1781041324,-2.257185459,1
911,833,-0.9681260586,-1.484974861,1
911,865,-0.3511645496,-0.09222865105,1
911,897,0.2113919854,-2.737251997,1
911,929,0.4696642756,-3.694535255,1
911,961,0.71669209,-2.506693602,1
911,993,0.5329302549,-1.769340277,1
911,1025,0.6021625996,-0.6716184616,1
911,1057,-0.04317128658,-0.7201522589,1
911,1089,-0.0007199048996,-0.5271400213,1
911,1121,0.7073215246,-0.164572835,1
911,1153,0.6467253566,-1.344097018,1
911,1185,0.7151722908,-1.178948641,1
911,1217,0.5747728348,-0.2335746288,1
911,1249,0.2206831872,0.8823170662,1
911,1281,-0.4403479993,0.4682216644,1
911,1313,-1.251362443,0.4661080539,1
911,1345,-0.7604439259,0.7210166454,1
911,1377,-0.1868203282,0.2462906241,1
911,1409,-0.3965030909,-0.1150183082,1
911,1441,0.4910343885,1.078217983,1
911,1473,0.5433418155,1.791050076,1
911,1505,0.4753212929,2.078955173,1
911,1537,0.9317380786,2.284668922,1
911,1569,1.215380192,2.718334198,1
911,1601,1.590420365,2.192816734,1
911,1633,1.295019269,1.428334713,1
911,1665,0.889383316,0.9683206081,1
911,1697,0.7908200026,1.618498921,1
911,1729,0.0727263093,1.781335473,1
911,1761,0.2925755978,2.14435482,1
911,1793,1.428334713,1.661773324,1
911,1825,2.086222887,0.4713155031,1
911,1857,1.513319969,-0.3766813278,1
911,1889,1.378290653,0.4047349095,1
911,1921,1.417628765,0.3794439733,1
911,1953,0.8085716367,0.1707298756,1
911,1985,0.185456574,0.004759073257,1
911,2017,0.01801687293,-0.9153923988,1
943,33,-1.427055359,0.5941003561,1
943,65,-2.176153183,-0.2508929968,1
943,97,-1.509088755,-0.5592198968,1
943,129,-0.632753551,-1.175897121,1
943,161,0.04609023035,-1.187931418,1
943,193,0.8798853159,-2.108708858,1
943,225,1.221912861,-1.275988698,1
943,257,0.8367931843,-1.537463665,1
943,289,1.202594995,-1.971693873,1
943,321,2.180731773,-2.026662588,1
943,353,2.092721701,-4.103214741,1
943,385,2.035236835,-5.098734856,1
943,417,1.972924352,-4.653445244,1
943,449,1.327844262,-3.26085186,1
943,481,0.8433663845,-0.9395257831,1
943,513,0.8983849287,-0.4742437005,1
943,545,1.020271182,-0.7047543526,1
943,577,0.7637388706,-0.9708591104,1
943,609,0.7898527384,-1.128703833,1
943,641,1.01686573,-1.137281179,1
943,673,0.7709283829,-1.308644652,1
943,705,1.359688759,-0.8037726879,1
943,737,3.219141483,-2.695286989,1
943,769,2.254772902,-3.127050638,1
943,801,0.5289924145,-1.97029376,1
943,833,0.1326808929,-0.8755127192,1
943,865,-0.3860256672,0.3143460751,1
943,897,0.5997859836,-2.724458456,1
943,929,0.6722111702,-3.431401014,1
943,961,0.680439055,-8.889829636,1
943,993,0.8184804916,-2.823678255,1
943,1025,1.012774706,-2.604885101,1
943,1057,1.029202461,-0.9589041471,1
943,1089,0.9969571829,-0.4733500481,1
943,1121,0.8665716052,-0.6458364725,1
943,1153,0.4996396303,-1.429330468,1
943,1185,0.8273373842,-1.132805586,1
943,1217,1.3629179,-0.2562433481,1
943,1249,0.9410560727,0.1335215718,1
943,1281,0.1838864982,0.4706286788,1
943,1313,-0.421810627,0.5844771862,1
943,1345,-0.9539967179,0.716704011,1
943,1377,-0.5223762393,0.2775508165,1
943,1409,0.6876834631,0.9503387809,1
943,1441,1.315596938,1.572840452,1
943,1473,1.373164177,2.306183815,1
943,1505,1.063169479,2.294476986,1
943,1537,1.492482901,2.128854275,1
943,1569,0.8330478072,3.877074718,1
943,1601,0.9053601623,3.361284494,1
943,1633,0.7952990532,0.4864705801,1
943,1665,0.763579905,0.3093998432,1
943,1697,1.10229075,0.9787900448,1
943,1729,2.393651485,2.180586338,1
943,1761,2.403325558,2.045078278,1
943,1793,2.948304892,1.396964073,1
943,1825,2.59951067,0.3886906505,1
943,1857,2.142683029,0.43139714,1
943,1889,-18.5891819,3.628842831,1
943,1921,-18.67097664,4.394210339,1
943,1953,0.4495285749,0.1449960172,1
943,1985,0.06190904975,0.1043380052,1
943,2017,0.2295437455,-0.7635676861,1
975,33,-0.7769314647,0.727221787,1
975,65,-2.378904343,0.0112195909,1
975,97,-1.414489746,-0.3100251853,1
975,129,3.554858208,18.96912766,1
975,161,0.9694519043,-0.712297976,1
975,193,0.8313194513,-1.285392523,1
975,225,0.610070765,-1.139186978,1
975,257,0.6781812906,-1.511546373,1
975,289,1.151735902,-2.322684288,1
975,321,2.181258678,-4.162639141,1
975,353,2.044230938,-4.97360754,1
975,385,10.2663269,-16.76869965,1
975,417,-2.059880495,-4.338540077,1
975,449,1.248772383,-4.141177654,1
975,481,1.167715907,-0.8906685114,1
975,513,1.498056769,-0.5919843316,1
975,545,1.140409589,-0.7259646654,1
975,577,0.9136658311,-0.798510313,1
975,609,1.671362519,-0.4783779383,1
975,641,2.043910503,-0.4024919868,1
975,673,1.33823967,-0.9615163803,1
975,705,1.356893182,-1.716875076,1
975,737,1.836278915,-1.191623211,1
975,769,3.049777508,-2.955747128,1
975,801,2.131649971,-2.813892126,1
975,833,0.6814717054,-0.8349733353,1
975,865,0.3933008313,0.3815586567,1
975,897,0.5892702341,-1.851751566,1
975,929,0.5938782692,-2.484210014,1
975,961,0.260923326,-2.522336483,1
975,993,0.632439971,-2.680835485,1
975,1025,0.8715526462,-3.090997219,1
975,1057,1.118096828,-1.40722239,1
975,1089,18.16801071,-4.670094967,1
975,1121,1.995405197,-2.795219183,1
975,1153,1.233848572,-1.90187788,1
975,1185,0.8918682337,-0.5780115128,1
975,1217,1.065266371,-0.1916683316,1
975,1249,0.9803488851,0.03226178885,1
975,1281,0.4320982099,0.1607694626,1
975,1313,-0.2758694589,0.3976002932,1
975,1345,0.05603325367,1.010908842,1
975,1377,0.5318911672,1.181566477,1
975,1409,0.7896631956,1.207923412,1
975,1441,1.363841295,1.576953411,1
975,1473,1.767567158,2.457065582,1
975,1505,1.651391387,2.525312424,1
975,1537,1.665054798,1.669708729,1
975,1569,0.5339579582,1.977169156,1
975,1601,-0.1582928896,3.727602959,1
975,1633,0.129884541,1.361870766,1
975,1665,0.5575800538,0.08068454266,1
975,1697,0.6389207244,0.1807599068,1
975,1729,2.112833261,1.203867912,1
975,1761,2.123526096,1.082837224,1
975,1793,2.54588747,1.240167618,1
975,1825,2.872282505,1.475600719,1
975,1857,1.611378551,0.7974610329,1
975,1889,0.5352352858,0.7258280516,1
975,1921,0.01322281361,0.5425109267,1
975,1953,-0.1330894828,-0.1694479287,1
975,1985,-0.0005435347557,-0.06859850138,1
975,2017,0.4287305474,-0.5412738919,1
1007,33,-0.7469829321,0.7181766033,1
1007,65,-2.348651409,0.5812034011,1
1007,97,-0.9664887786,-0.1423967928,1
1007,129,0.1554846019,-1.089226246,1
1007,161,1.676885366,-0.9974188805,1
1007,193,1.295124292,-0.2643880248,1
1007,225,-0.0456610024,-0.3271180391,1
1007,257,0.3327463865,-1.106372952,1
1007,289,0.8149462938,-1.860316992,1
1007,321,1.530041456,-3.504337072,1
1007,353,0.5491188765,-4.042559624,1
1007,385,-1.70723772,-1.339116931,1
1007,417,-0.769200027,-1.227307796,1
1007,449,0.3247590363,-1.386446714,1
1007,481,0.8790619969,-0.5564383864,1
1007,513,1.329338551,-0.453717351,1
1007,545,1.293133378,-0.4993842244,1
1007,577,0.9885924459,-0.4711161852,1
1007,609,0.9505355954,-0.05157029629,1
1007,641,1.076296329,0.1306701005,1
1007,673,1.239837646,-0.7172373533,1
1007,705,1.849132776,-2.091301918,1
1007,737,1.838491917,-2.213519573,1
1007,769,3.075581312,-3.228984833,1
1007,801,4.431400299,-5.654761314,1
1007,833,2.355671167,-3.45486331,1
1007,865,1.458328724,-2.056228638,1
1007,897,0.4404963255,-1.341291428,1
1007,929,0.5986046791,-1.562303424,1
1007,961,0.5955044031,-1.900475502,1
1007,993,0.5462402701,-2.215400934,1
1007,1025,1.044293761,-2.138377666,1
1007,1057,1.091102242,-1.533127427,1
1007,1089,0.8029304743,-0.6958869696,1
1007,1121,0.6136220694,-1.364560604,1
1007,1153,0.5345531702,-0.8973991275,1
1007,1185,0.4788143039,-0.03573870659,1
1007,1217,0.4140858054,0.8156193495,1
1007,1249,0.4662727714,-0.1600592434,1
1007,1281,0.4403280318,-0.07233382761,1
1007,1313,0.3848808408,0.2277560085,1
1007,1345,0.7935177088,0.960696578,1
1007,1377,0.8230621219,1.00649333,1
1007,1409,0.4649569392,0.7109590769,1
1007,1441,1.347629428,1.626461387,1
1007,1473,3.067358494,2.455219269,1
1007,1505,3.68189311,2.824474335,1
1007,1537,4.010931969,2.004109383,1
1007,1569,1.009260893,0.8388416767,1
1007,1601,-0.2763075829,0.8054432273,1
1007,1633,-0.3454307318,0.4845249057,1
1007,1665,0.4254930615,0.3301871419,1
1007,1697,0.9535565376,0.4163342714,1
1007,1729,1.885915279,0.677112639,1
1007,1761,1.565741658,0.3816792965,1
1007,1793,2.29689312,0.5369492769,1
1007,1825,3.386250973,0.7571894526,1
1007,1857,1.534994841,-0.3705483675,1
1007,1889,11.06523323,-8.880303383,1
1007,1921,-0.4662929177,0.3979846835,1
1007,1953,-0.3275956511,-0.05657606572,1
1007,1985,0.01637106016,-0.000514424406,1
1007,2017,0.4822756648,-0.16281721,1
1039,33,-0.8511302471,0.6633217335,1
1039,65,-1.138834715,0.08598290384,1
1039,97,-0.1364815235,-0.1869542897,1
1039,129,-0.1046230197,-0.7452154756,1
1039,161,-0.1713347733,-0.7995437384,1
1039,193,-0.6350761652,-0.117875874,1
1039,225,-0.6369004846,-0.5769571066,1
1039,257,-0.07182329893,-0.935970068,1
1039,289,0.3915919065,-1.015599608,1
1039,321,0.2843754292,-1.36590457,1
1039,353,-0.5858500004,-0.816817522,1
1039,385,10.01453209,-10.48358536,1
1039,417,-0.3719547987,-1.148248553,1
1039,449,-0.08687657118,-1.290773749,1
1039,481,0.6664948463,-0.7646354437,1
1039,513,0.8510180116,-0.3915309906,1
1039,545,0.9169358611,-0.2393877804,1
1039,577,0.7631281614,-0.08403235674,1
1039,609,-0.1987632513,0.2455329895,1
1039,641,-0.06208860874,-0.1420396566,1
1039,673,0.6004241109,-0.384634316,1
1039,705,2.671290874,-3.113479137,1
1039,737,2.168120861,-2.251543999,1
1039,769,3.183623791,-3.501945496,1
1039,801,4.740755558,-5.213575363,1
1039,833,3.147325993,-4.661381721,1
1039,865,1.97838676,-2.806814909,1
1039,897,0.6266508698,-1.7264359,1
1039,929,0.255834043,-1.064764738,1
1039,961,0.4554197788,-1.178052425,1
1039,993,1.093942285,-1.860343933,1
1039,1025,1.711634517,-1.512306213,1
1039,1057,2.18785882,-1.319635749,1
1039,1089,0.6442576051,-0.9046099186,1
1039,1121,0.4110549092,-0.4856002927,1
1039,1153,0.6843283176,-0.7311484218,1
1039,1185,0.1067796946,-0.3794474006,1
1039,1217,0.2135710716,-0.3753415942,1
1039,1249,0.5772053003,-0.3827184141,1
1039,1281,0.6446487904,0.06900571287,1
1039,1313,0.8668446541,0.07055950165,1
1039,1345,0.7327009439,-0.1698369384,1
1039,1377,0.624407053,-0.4091030359,1
1039,1409,0.8251811266,0.1556372643,1
1039,1441,1.699424386,1.09817946,1
1039,1473,2.597293854,1.799502492,1
1039,1505,2.5000875,1.653035998,1
1039,1537,1.784530759,1.159363627,1
1039,1569,0.4150112867,0.7733753324,1
1039,1601,-1.601163268,0.7522600889,1
1039,1633,-2.141744614,0.2435154319,1
1039,1665,-0.01898908615,0.8797887564,1
1039,1697,0.9751946926,0.8830537796,1
1039,1729,1.27818954,0.7347030044,1
1039,1761,1.374773145,0.3101592064,1
1039,1793,1.754109859,-0.1122028232,1
1039,1825,1.795457482,-0.7848815918,1
1039,1857,3.008589029,-2.842959642,1
1039,1889,1.504630327,-0.9822553396,1
1039,1921,-0.1959810853,-0.01679576933,1
1039,1953,-0.1448148042,-0.2388496697,1
1039,1985,-0.1453096569,-0.01228570379,1
1039,2017,0.05680817366,0.0548735261,1
1071,33,-0.567232728,0.6446632147,1
1071,65,-0.7297925949,-0.7046521306,1
1071,97,-0.406299144,-0.4386917949,1
1071,129,-0.2255854607,-0.6237723231,1
1071,161,-0.8894025087,-0.8542789221,1
1071,193,-0.7497471571,-0.4756344855,1
1071,225,-0.1938629746,-0.5540657043,1
1071,257,0.09252412617,-0.725240767,1
1071,289,-0.1373564452,-0.3749006987,1
1071,321,-0.1870903671,-0.4086338878,1
1071,353,10.31465912,-15.97194767,1
1071,385,-3.332252502,-15.2059412,1
1071,417,0.2279368043,-1.087079525,1
1071,449,0.1874967813,-1.195820451,1
1071,481,0.8230693936,-1.10334444,1
1071,513,0.6551581025,-0.9689919949,1
1071,545,0.8371100426,-0.6665065289,1
1071,577,0.8909783363,0.8066537976,1
1071,609,0.05368816853,1.2877841,1
1071,641,0.4230539799,0.4172242284,1
1071,673,0.7972846031,0.05239397287,1
1071,705,1.425928116,-1.713482857,1
1071,737,-0.2398219109,-20.49622917,1
1071,769,4.289964676,-3.916841269,1
1071,801,3.502888918,-4.506250858,1
1071,833,2.674959421,-5.191922188,1
1071,865,1.204373002,-2.730974674,1
1071,897,0.4796409011,-1.872977257,1
1071,929,0.3985319138,-1.481684566,1
1071,961,0.5510312319,-1.223717093,1
1071,993,4.985822678,-8.293013573,1
1071,1025,1.097185969,-0.9586081505,1
1071,1057,1.149517298,-1.047513127,1
1071,1089,0.7901976109,-1.170683384,1
1071,1121,0.6866856813,-0.7857530713,1
1071,1153,0.9763718247,-1.005877018,1
1071,1185,1.017373085,-1.206430197,1
1071,1217,1.46868217,-2.927910089,1
1071,1249,1.553790808,-0.6683315635,1
1071,1281,1.758216023,0.1600094736,1
1071,1313,0.6289143562,0.16116184,1
1071,1345,0.2014552355,-0.02543783188,1
1071,1377,1.678606272,-0.22604011,1
1071,1409,4.369460106,-0.4660066962,1
1071,1441,2.154850721,0.2436367869,1
1071,1473,1.918341875,0.3746305704,1
1071,1505,2.040117264,0.3782629967,1
1071,1537,1.545014143,0.6414240003,1
1071,1569,0.1061081886,0.5254692435,1
1071,1601,-1.11992085,0.8664339781,1
1071,1633,-1.264273524,1.245007992,1
1071,1665,0.09454220533,0.9516490102,1
1071,1697,1.0342381,0.8402502537,1
1071,1729,1.052797794,0.6598564982,1
1071,1761,1.308710814,0.3969939947,1
1071,1793,2.243855476,0.5516825914,1
1071,1825,5.266184807,-1.61001873,1
1071,1857,5.626475811,-4.396812439,1
1071,1889,4.86656189,-2.96974802,1
1071,1921,0.1026228666,-0.1560418308,1
1071,1953,0.02168300748,-0.2172071338,1
1071,1985,0.01386421174,-0.1855398864,1
1071,2017,-0.2539587617,-0.07028764486,1
1103,33,-0.4051801562,0.6784299016,1
1103,65,-0.4725016356,-0.1143494248,1
1103,97,-0.6124119163,-0.4987353981,1
1103,129,-0.8516440988,-0.4168150425,1
1103,161,-1.383259773,-0.2659175694,1
1103,193,-1.015269041,-0.1933607161,1
1103,225,0.1980378479,-0.3295198679,1
1103,257,0.8214722276,-1.713311195,1
1103,289,0.1896706223,-0.9112305641,1
1103,321,-0.2353911996,-0.08453309536,1
1103,353,0.8675921559,-0.3539550304,1
1103,385,0.978993535,-1.152873516,1
1103,417,1.08761847,-1.17669034,1
1103,449,1.162471056,-1.204648733,1
1103,481,1.090564847,-1.334030867,1
1103,513,0.9857602119,-1.715147972,1
1103,545,1.170390844,-1.218980074,1
1103,577,1.37613976,0.4390087128,1
1103,609,0.8426566124,1.391221404,1
1103,641,1.150786757,0.3446511626,1
1103,673,2.228059292,0.01967664063,1
1103,705,3.027518034,-0.4934127331,1
1103,737,3.495337009,-1.833750486,1
1103,769,5.083590984,-3.136767149,1
1103,801,5.574195862,-3.161191702,1
1103,833,4.326515198,-4.166231632,1
1103,865,-0.1115497351,-2.349310398,1
1103,897,-0.7511893511,-1.523147106,1
1103,929,0.2661654353,-1.732268214,1
1103,961,1.901294708,-2.6636765,1
1103,993,1.771327853,-3.177832603,1
1103,1025,1.185216427,-2.349360943,1
1103,1057,0.652069211,-1.763256431,1
1103,1089,-1.126021862,-11.42996407,1
1103,1121,0.1316633821,-0.9747985601,1
1103,1153,0.3161474466,-0.7446199059,1
1103,1185,1.287555695,-1.612935543,1
1103,1217,2.412841082,-3.157454014,1
1103,1249,2.519110203,-1.057842493,1
1103,1281,2.822450399,-0.3960592747,1
1103,1313,1.466677904,-0.4882265925,1
1103,1345,1.399592638,-0.186306268,1
1103,1377,2.685468435,-0.2444098294,1
1103,1409,5.333337784,0.7588245869,1
1103,1441,6.329799652,0.1373199224,1
1103,1473,4.555923939,-0.8506525159,1
1103,1505,1.419781923,0.1914983392,1
1103,1537,1.165904403,0.1355781555,1
1103,1569,0.6065181494,0.08790120482,1
1103,1601,0.3111254573,0.2990320921,1
1103,1633,0.2667328715,0.8465977907,1
1103,1665,0.388433218,0.4945574403,1
1103,1697,0.8692932129,0.4058608413,1
1103,1729,0.9576123953,0.7110955715,1
1103,1761,1.044956207,0.7833535671,1
1103,1793,2.185798168,0.4836737514,1
1103,1825,4.92906189,-1.856473207,1
1103,1857,5.571385384,-5.770905018,1
1103,1889,4.281112671,-2.56382823,1
1103,1921,0.5322570801,0.1649788618,1
1103,1953,0.3460355401,-0.103726685,1
1103,1985,0.1473636627,-0.1613034606,1
1103,2017,-0.6672127247,-0.02868813276,1
1135,33,-0.1916192323,0.6559332609,1
1135,65,-0.1145553291,0.02967010438,1
1135,97,0.08520319313,-0.3034830391,1
1135,129,-0.04659020901,0.01747947931,1
1135,161,-5.461172104,2.662862778,1
1135,193,-0.895336628,-0.3306951821,1
1135,225,0.2074538171,-0.2590169311,1
1135,257,1.597180486,-2.304745197,1
1135,289,2.091921568,-1.943732738,1
1135,321,1.237005472,-1.144291043,1
1135,353,0.9265109301,-0.8102692962,1
1135,385,0.9211930037,-0.6858592033,1
1135,417,1.273446083,-0.1876318455,1
1135,449,1.329471469,-0.225730896,1
1135,481,2.804977417,-2.13725996,1
1135,513,1.765687943,-2.165607452,1
1135,545,3.791370869,-0.9444399476,1
1135,577,3.991640091,0.7224752903,1
1135,609,3.934357643,1.920934439,1
1135,641,2.269479275,-0.2856099308,1
1135,673,2.496181011,-0.3192827702,1
1135,705,2.584178686,-0.335370183,1
1135,737,2.6127069,-0.7669227123,1
1135,769,2.999415874,-1.56850481,1
1135,801,4.441254139,-2.139614105,1
1135,833,2.384126902,-2.240571976,1
1135,865,0.5067705512,-2.696745634,1
1135,897,-0.3724476099,-2.233305931,1
1135,929,0.5660433769,-1.923924923,1
1135,961,-15.34212875,-3.280905962,1
1135,993,0.3936710358,-1.351742268,1
1135,1025,0.496902585,-1.329654098,1
1135,1057,0.431378901,-1.935146809,1
1135,1089,0.3312569857,-2.951561928,1
1135,1121,0.1072685719,-1.357100606,1
1135,1153,-0.1374015212,-0.6093305349,1
1135,1185,0.8388860226,-0.5546374321,1
1135,1217,3.009065866,-1.763435602,1
1135,1249,3.722500801,-0.953766644,1
1135,1281,3.886795998,-0.7368562818,1
1135,1313,2.763128996,-1.115419388,1
1135,1345,2.989300728,-0.366830945,1
1135,1377,3.527421951,-0.2558919787,1
1135,1409,3.869291306,1.564607739,1
1135,1441,3.810067892,0.690318048,1
1135,1473,3.44571209,-1.037732244,1
1135,1505,0.902145505,-0.2756994963,1
1135,1537,0.7498938441,-0.2233649492,1
1135,1569,0.7618886232,-0.4299901724,1
1135,1601,0.8650547862,0.07999447733,1
1135,1633,0.6383109093,0.3992215693,1
1135,1665,0.6188377738,0.1433647871,1
1135,1697,0.807643652,0.04308968782,1
1135,1729,1.256438255,0.8115926981,1
1135,1761,1.710157156,3.262312412,1
1135,1793,1.431573749,3.723344564,1
1135,1825,2.561030626,-0.7681131363,1
1135,1857,4.389432907,-3.072788715,1
1135,1889,5.151926041,-1.918105125,1
1135,1921,0.2811421156,0.02249401808,1
1135,1953,0.07767045498,-0.1596659869,1
1135,1985,-0.2222579122,-0.124581717,1
1135,2017,-0.6420972347,-0.2339155674,1
1167,33,-0.2291053832,0.3620170951,1
1167,65,0.02826421708,0.004063099623,1
1167,97,0.5820611715,-0.4854270816,1
1167,129,0.9792439938,-0.2217106223,1
1167,161,-0.06732404232,-0.4308845103,1
1167,193,-0.2837099433,-0.7293959856,1
1167,225,-0.1095010787,-0.113863945,1
1167,257,0.346421659,-0.7092944384,1
1167,289,4.383843422,-2.900765896,1
1167,321,3.543831348,-2.342759371,1
1167,353,0.950101614,-2.102949142,1
1167,385,0.420437336,-0.4181422591,1
1167,417,1.462977648,0.6368510127,1
1167,449,2.335417986,0.256923914,1
1167,481,2.619386196,-2.002877712,1
1167,513,1.349616647,-1.93857038,1
1167,545,1.221055865,0.3982543647,1
1167,577,3.555835724,2.315482378,1
1167,609,3.822606564,0.9445163608,1
1167,641,2.86092186,-0.4266273975,1
1167,673,2.813786507,-0.8079835176,1
1167,705,2.346172094,-0.4591546059,1
1167,737,1.645740032,-0.2492212653,1
1167,769,1.971400261,-1.306551218,1
1167,801,1.691879153,-0.6737844944,1
1167,833,1.166885734,-1.015944958,1
1167,865,1.067819118,-1.784418941,1
1167,897,1.098349094,-2.054444551,1
1167,929,1.249123931,-2.118205547,1
1167,961,0.9317060709,-1.843155742,1
1167,993,0.3017240167,-1.014209986,1
1167,1025,0.388320148,-0.8575341702,1
1167,1057,0.895409584,-2.056838751,1
1167,1089,0.7118126154,-1.680465698,1
1167,1121,0.7058734894,-1.484212518,1
1167,1153,0.7241064906,-1.356455088,1
1167,1185,1.169811368,-1.124410987,1
1167,1217,1.802057743,-1.045472383,1
1167,1249,3.924050808,-1.276340723,1
1167,1281,4.342972755,-0.6605315804,1
1167,1313,2.997581959,-0.3010899425,1
1167,1345,2.784387589,-0.5921660662,1
1167,1377,2.627524376,-0.2620641589,1
1167,1409,1.394815922,0.7977646589,1
1167,1441,1.581108809,-0.6288920641,1
1167,1473,1.555557251,-1.423639774,1
1167,1505,0.3999222517,-1.452260256,1
1167,1537,-0.1851440668,-0.3037241697,1
1167,1569,0.1790112555,-0.14652659,1
1167,1601,0.5542235374,-0.08114165068,1
1167,1633,0.6271644235,-0.1263497174,1
1167,1665,0.7560020089,-0.06054842472,1
1167,1697,0.6883479357,0.09052634239,1
1167,1729,1.61090064,1.293827772,1
1167,1761,2.699893475,2.548485518,1
1167,1793,2.136672497,2.443647385,1
1167,1825,1.531811237,0.2139942646,1
1167,1857,2.720999241,-0.8824221492,1
1167,1889,1.460256577,-0.2027235627,1
1167,1921,-0.002036422491,0.03020114452,1
1167,1953,-0.1246337891,0.006575085223,1
1167,1985,-0.3706192374,0.1000205949,1
1167,2017,-0.6525508165,-0.4851515293,1
1199,33,-0.3102603257,0.1358913779,1
1199,65,-0.1613788307,0.1285700947,1
1199,97,0.09608638287,-0.4691651762,1
1199,129,0.5188877583,-0.2093956321,1
1199,161,0.421933651,-0.3807480037,1
1199,193,0.3640821874,-0.6469328403,1
1199,225,0.148009792,-0.5528382063,1
1199,257,0.03622382879,-0.7121713758,1
1199,289,0.3817099333,-0.9658859968,1
1199,321,2.538874388,-4.442395687,1
1199,353,2.369634867,-3.555599689,1
1199,385,0.9425705671,-0.9475172758,1
1199,417,0.8453583717,-0.4890334606,1
1199,449,-9.145495415,10.48181057,1
1199,481,0.7890119553,-1.388151646,1
1199,513,0.1931612492,-0.6223855019,1
1199,545,0.4657593369,0.5415034294,1
1199,577,1.511184335,0.9770180583,1
1199,609,1.928622007,-0.2248416841,1
1199,641,2.681462765,-0.1374331713,1
1199,673,3.037729025,-0.7147955298,1
1199,705,2.614936352,-1.632661104,1
1199,737,1.868032217,-1.982338428,1
1199,769,1.587740421,-1.801187992,1
1199,801,1.360650778,-1.109033585,1
1199,833,0.83071208,-0.953753233,1
1199,865,1.065681458,-1.106176019,1
1199,897,1.179842353,-0.7519247532,1
1199,929,3.311723471,-1.97796762,1
1199,961,2.290323734,-1.451990604,1
1199,993,1.367099762,-0.8887127638,1
1199,1025,1.08820498,-1.408547282,1
1199,1057,1.288518071,-1.105442643,1
1199,1089,0.7938557267,-0.5067685843,1
1199,1121,0.8041145205,-0.9031751156,1
1199,1153,1.749944687,-2.375752449,1
1199,1185,1.659054995,-1.895722389,1
1199,1217,0.6055145264,-0.8947492838,1
1199,1249,3.471893787,-1.312013745,1
1199,1281,5.398097992,-1.642794371,1
1199,1313,4.282745361,-0.3781149387,1
1199,1345,3.225095749,-0.7076171637,1
1199,1377,2.779577732,-0.4256502986,1
1199,1409,1.770557165,-0.3812331557,1
1199,1441,2.100839138,-2.19908905,1
1199,1473,1.910903096,-2.307580471,1
1199,1505,0.3962650895,-0.6414605975,1
1199,1537,-0.3952961862,-0.4637307227,1
1199,1569,-0.2596712112,-0.3464049399,1
1199,1601,0.37436077,-0.1558599323,1
1199,1633,0.4375907779,-0.4289088249,1
1199,1665,0.5276557803,0.01286625862,1
1199,1697,0.8098430634,1.078452349,1
1199,1729,1.689840913,2.237390041,1
1199,1761,2.921575069,1.779749274,1
1199,1793,1.677235365,0.07200682163,1
1199,1825,0.6395509243,-1.358382821,1
1199,1857,0.6262806654,-1.055927038,1
1199,1889,0.2479603291,-0.1798364818,1
1199,1921,-0.06511037052,0.2265322506,1
1199,1953,-0.1572439969,0.01069134474,1
1199,1985,-0.2322578579,-0.08282475173,1
1199,2017,-0.3339694738,-0.6638861299,1
1231,33,-0.6134691834,0.1382337064,1
1231,65,-0.4658806324,0.9947926998,1
1231,97,0.06805950403,0.03390151635,1
1231,129,0.6832644939,-0.2056704313,1
1231,161,0.6211107373,-0.408863008,1
1231,193,0.2358779907,-0.7471461296,1
1231,225,0.1992653906,-0.7742720246,1
1231,257,0.37646842,-0.205933392,1
1231,289,0.2086086273,-0.9153698683,1
1231,321,1.518727779,-5.198833466,1
1231,353,1.621561289,-1.651490927,1
1231,385,1.473496675,-1.6342237,1
1231,417,0.5209779739,-2.309528828,1
1231,449,0.1788511276,-1.834708095,1
1231,481,1.002010345,-0.4145901203,1
1231,513,0.7180532217,-0.01635921001,1
1231,545,-0.06009399891,0.2543661892,1
1231,577,0.6640764475,0.115479067,1
1231,609,1.102010012,-0.01701569557,1
1231,641,1.918031693,0.5190309286,1
1231,673,3.177207947,-0.3382433355,1
1231,705,2.946772814,-2.960014582,1
1231,737,2.060615301,-4.647651672,1
1231,769,-15.25907326,0.5910511017,1
1231,801,1.363195896,-1.523309946,1
1231,833,1.549840689,-0.7988046408,1
1231,865,1.302012444,-0.7010506392,1
1231,897,1.06368959,-0.5708020926,1
1231,929,2.263008595,-1.270867229,1
1231,961,2.105108261,-1.37452352,1
1231,993,1.410392523,-1.239520311,1
1231,1025,1.20836544,-1.011766434,1
1231,1057,1.053287148,-0.49455446,1
1231,1089,1.251241803,-0.4806221128,1
1231,1121,1.45494473,-1.022868633,1
1231,1153,1.725623131,-1.760044217,1
1231,1185,1.692686439,-1.853281736,1
1231,1217,1.361927629,-1.710683703,1
1231,1249,2.403210878,-0.8708090782,1
1231,1281,5.036252499,-0.1740964651,1
1231,1313,5.455402374,-0.7058990598,1
1231,1345,3.514356375,-0.7004165649,1
1231,1377,2.368133545,-0.3160284758,1
1231,1409,2.083073139,-0.793736279,1
1231,1441,2.966838598,-3.275200844,1
1231,1473,1.995015979,-2.797719002,1
1231,1505,0.8837317228,-0.9269613028,1
1231,1537,0.1198289394,-0.2665184438,1
1231,1569,0.3341878653,0.5785911083,1
1231,1601,0.3019188046,0.1647981852,1
1231,1633,0.5618429184,-0.2564886808,1
1231,1665,1.051057816,0.5224140286,1
1231,1697,0.9365593195,1.195612907,1
1231,1729,1.594528079,1.985185623,1
1231,1761,2.894122601,1.521854281,1
1231,1793,1.324359417,-1.213346481,1
1231,1825,0.1668375731,-1.491328716,1
1231,1857,-0.05667263269,-0.5736831427,1
1231,1889,-0.1548924744,0.0789398551,1
1231,1921,0.005453824997,0.5057519674,1
1231,1953,-0.009864702821,0.1814562976,1
1231,1985,-0.01634284854,-0.05142338201,1
1231,2017,-0.001407593489,-0.6860032678,1
1263,33,-0.4053928256,0.0486119166,1
1263,65,-0.356400013,0.3896222413,1
1263,97,-0.06753052771,0.1984588504,1
1263,129,0.1392562389,-0.2459327281,1
1263,161,0.1926762164,-0.6624669433,1
1263,193,-0.02679169178,-0.8645595908,1
1263,225,0.24530828,-2.360352039,1
1263,257,0.5096527338,-0.8217486739,1
1263,289,0.430647552,-0.8788431287,1
1263,321,0.4424948692,-0.9186745882,1
1263,353,1.303541183,-1.36521101,1
1263,385,0.4449096918,-1.747912884,1
1263,417,0.1586096287,-2.122894049,1
1263,449,0.7759877443,-0.3949103951,1
1263,481,1.35281074,0.5687132478,1
1263,513,1.111151338,0.277975589,1
1263,545,0.4506955147,0.7227206826,1
1263,577,0.6603482962,0.8855335116,1
1263,609,0.7473789454,0.7185182571,1
1263,641,1.761170387,1.488442659,1
1263,673,9.767630577,7.839203835,1
1263,705,3.53413558,-3.408523083,1
1263,737,3.209027529,-6.138328552,1
1263,769,17.46823502,8.147651672,1
1263,801,0.9313764572,-0.5103031397,1
1263,833,0.9200761318,-0.4046561122,1
1263,865,1.135100842,-0.354501605,1
1263,897,1.001034379,-0.4914174676,1
1263,929,1.252405047,-0.6682840586,1
1263,961,1.018706679,-0.9631265402,1
1263,993,0.8231797218,-1.523101091,1
1263,1025,1.329813361,-1.352853894,1
1263,1057,1.509279847,-0.701073885,1
1263,1089,1.701460838,-0.6968079805,1
1263,1121,2.100560188,-1.186514139,1
1263,1153,1.569998026,-1.375798702,1
1263,1185,1.840732455,-1.931768894,1
1263,1217,1.80783844,-1.942079902,1
1263,1249,1.986656904,-0.8008389473,1
1263,1281,2.81303978,-0.1867195964,1
1263,1313,3.412471294,-0.7816000581,1
1263,1345,2.423841953,-0.9476020336,1
1263,1377,1.291845322,-0.6186639667,1
1263,1409,0.8253176212,-0.8596990108,1
1263,1441,2.01859951,-1.671508551,1
1263,1473,1.78202951,-1.937459707,1
1263,1505,1.11104095,-1.362784386,1
1263,1537,0.4694031477,-0.6274064183,1
1263,1569,0.5564858913,0.04327189922,1
1263,1601,2.139722824,-0.2317322791,1
1263,1633,2.53721714,-0.2631134093,1
1263,1665,1.687364459,0.3276933134,1
1263,1697,1.468094826,0.6318300962,1
1263,1729,1.411506057,0.7829515934,1
1263,1761,1.42347014,0.4945024252,1
1263,1793,0.4955124259,-0.2562745214,1
1263,1825,-0.01892989874,-0.3711873889,1
1263,1857,0.02942629158,-0.1209194958,1
1263,1889,-0.009160622954,0.1043738425,1
1263,1921,-0.01486064866,0.3291870058,1
1263,1953,-0.0143866986,0.3968516588,1
1263,1985,0.06360894442,0.3312414289,1
1263,2017,-0.08838647604,-0.6066944003,1
1295,33,0.03323745728,-0.05943919718,1
1295,65,-0.3086687028,-0.5061758161,1
1295,97,-0.08901681006,-0.1322634667,1
1295,129,0.02445909381,0.1373485625,1
1295,161,-0.03701412678,-0.1450590491,1
1295,193,-0.1490983665,-0.5095267296,1
1295,225,0.4358469844,-0.9466620088,1
1295,257,0.8608210683,-0.8063234687,1
1295,289,0.7752870917,-0.4622220993,1
1295,321,1.267745495,-0.8045156598,1
1295,353,2.951591015,-1.180642962,1
1295,385,1.445357203,-0.87372154,1
1295,417,0.4160872102,-1.099476576,1
1295,449,1.185012698,0.1870095432,1
1295,481,1.547650576,0.5939533114,1
1295,513,1.333893776,0.3366544843,1
1295,545,0.8072144985,0.7644870281,1
1295,577,0.678075552,0.585073173,1
1295,609,0.7341558337,0.5642274618,1
1295,641,1.455703974,0.832567513,1
1295,673,2.320646286,-0.1799057722,1
1295,705,-16.66675758,-2.515339613,1
1295,737,3.768634558,-4.910552502,1
1295,769,3.828393459,-2.981599808,1
1295,801,2.932261944,-0.9289044142,1
1295,833,0.7069580555,-0.7881065607,1
1295,865,0.6908996701,-0.7881242633,1
1295,897,1.101066709,-0.3621315956,1
1295,929,0.9991016388,-0.3780658245,1
1295,961,0.2536759973,-1.319591761,1
1295,993,0.4916388988,-1.875140667,1
1295,1025,1.455429792,-2.105397463,1
1295,1057,1.583274126,-1.421343446,1
1295,1089,1.123971224,-0.9936933517,1
1295,1121,1.338000774,-1.193679929,1
1295,1153,1.758684754,-1.550930381,1
1295,1185,2.29213357,-1.775809646,1
1295,1217,2.577608585,-1.739040613,1
1295,1249,2.071547985,-1.115388989,1
1295,1281,1.016377926,-0.8571622372,1
1295,1313,0.2491669655,-0.837785244,1
1295,1345,0.4102330208,-1.400653958,1
1295,1377,0.480825305,-1.419948578,1
1295,1409,0.5012257099,-0.8733836412,1
1295,1441,1.368665218,-0.9251792431,1
1295,1473,1.271993995,-1.246135473,1
1295,1505,0.9311162233,-1.351819754,1
1295,1537,0.8341116905,-1.246688604,1
1295,1569,0.5802733898,-1.035221338,1
1295,1601,1.861524343,-1.255552173,1
1295,1633,2.909032106,-0.9719052911,1
1295,1665,1.922587276,-0.1920819879,1
1295,1697,1.729300261,0.1293876469,1
1295,1729,1.788722396,-0.005928337574,1
1295,1761,1.43261373,0.7494947314,1
1295,1793,0.4761983156,0.2114253938,1
1295,1825,-0.02120992541,-0.3655736446,1
1295,1857,0.2549743652,-0.2332821041,1
1295,1889,0.2047491521,-0.1263240278,1
1295,1921,-0.03907388449,-0.07648999244,1
1295,1953,-0.1229478344,0.007338523865,1
1295,1985,-0.001572355628,0.1398907602,1
1295,2017,-0.1547554135,-0.5338361263,1
1327,33,-0.1492379308,-0.06241284311,1
1327,65,-0.3415013552,-0.4465565979,1
1327,97,-0.06875672191,-0.1708448976,1
1327,129,0.2000023127,0.0468659699,1
1327,161,0.2085697055,-0.2502710819,1
1327,193,0.3091644347,-0.64656353,1
1327,225,0.6742508411,-0.3964393139,1
1327,257,0.9524152875,-0.08904272318,1
1327,289,0.987264812,-0.2434402108,1
1327,321,1.229556203,-0.6796737313,1
1327,353,2.167346001,-0.8818038106,1
1327,385,1.997548699,-0.3301233649,1
1327,417,0.533213377,-0.18275702,1
1327,449,1.102704287,0.159807831,1
1327,481,1.647571802,0.2932029963,1
1327,513,1.445706844,0.4188095331,1
1327,545,1.012516022,0.4733934402,1
1327,577,0.4842815995,-0.2998843193,1
1327,609,0.1649760008,-0.2848244607,1
1327,641,0.2757540941,-0.1491923332,1
1327,673,1.22521925,-1.196118832,1
1327,705,1.862334251,-3.236772776,1
1327,737,2.094702005,-3.767353296,1
1327,769,2.742038727,-2.376116037,1
1327,801,2.963326931,-1.791018844,1
1327,833,1.796915889,-1.743652225,1
1327,865,1.048888683,-2.649957418,1
1327,897,1.151385069,-1.051687241,1
1327,929,1.034753203,-0.1977081299,1
1327,961,0.5159950256,-0.5340471268,1
1327,993,1.026772976,-1.230286241,1
1327,1025,1.451920748,-2.247701645,1
1327,1057,1.375045419,-1.64020431,1
1327,1089,1.531269073,-1.348128557,1
1327,1121,1.691783547,-1.361129999,1
1327,1153,1.800986528,-1.902996063,1
1327,1185,2.288371801,-1.94342351,1
1327,1217,2.661878109,-1.877229214,1
1327,1249,1.974051237,-1.799207211,1
1327,1281,1.02677536,-1.326409221,1
1327,1313,0.05952078104,-1.169697404,1
1327,1345,-0.37811023,-1.227958679,1
1327,1377,0.09230864048,-1.163661718,1
1327,1409,1.001443863,-0.9570435286,1
1327,1441,4.511437893,-0.8275433779,1
1327,1473,1.390344858,-0.9679373503,1
1327,1505,1.33698535,-1.264875531,1
1327,1537,1.50917697,-1.405034423,1
1327,1569,0.9764477015,-1.374637604,1
1327,1601,0.5397880077,-1.40474999,1
1327,1633,2.796573877,-2.725056887,1
1327,1665,2.078908205,-0.4907204211,1
1327,1697,1.92759347,0.102483511,1
1327,1729,1.669255018,-0.06948632002,1
1327,1761,1.470247746,0.568487823,1
1327,1793,0.9494704008,0.2980670333,1
1327,1825,0.2023719251,-0.1434819847,1
1327,1857,0.2777068913,-0.2148536593,1
1327,1889,0.3370369077,-0.2439032197,1
1327,1921,-0.1517958343,-0.00625955686,1
1327,1953,-0.1522983909,0.1265534908,1
1327,1985,0.3002410531,0.009891152382,1
1327,2017,0.2297118008,-0.43117401,1
1359,33,-0.2422353923,0.05086310208,1
1359,65,-0.1891466379,0.4354957938,1
1359,97,0.313986361,0.3026634455,1
1359,129,0.3940649629,0.07814234495,1
1359,161,0.5921636224,-0.1664133817,1
1359,193,0.8694921732,-0.3595175147,1
1359,225,0.9134020805,-0.2609235644,1
1359,257,0.9223740697,0.6054465771,1
1359,289,0.7938377261,-0.01684620976,1
1359,321,0.8073393106,-0.3012833595,1
1359,353,1.118875265,-0.303239435,1
1359,385,1.548988938,-0.03448277712,1
1359,417,0.4070498347,0.100924328,1
1359,449,0.8038319349,-0.1906474382,1
1359,481,1.32749486,-0.04523740709,1
1359,513,2.331133366,-0.7411732674,1
1359,545,1.707460284,-0.6548718214,1
1359,577,0.8299788237,-0.9184166789,1
1359,609,0.09827113152,-1.116004109,1
1359,641,0.1080162525,-1.126803637,1
1359,673,0.5753158331,-1.450322151,1
1359,705,1.35362649,-2.108299732,1
1359,737,1.276445389,-1.56618309,1
1359,769,1.040741444,-1.311919451,1
1359,801,2.359842777,-2.646514654,1
1359,833,4.633633137,-2.992004395,1
1359,865,1.45710361,-2.869206905,1
1359,897,1.420140743,-1.629861474,1
1359,929,1.160950899,-0.6082972288,1
1359,961,0.5878882408,0.4513250291,1
1359,993,1.400792956,0.7000601292,1
1359,1025,1.567618608,-1.017801523,1
1359,1057,1.793393135,-1.550540805,1
1359,1089,2.143097639,-2.049983025,1
1359,1121,1.882419348,-2.111998558,1
1359,1153,2.0327456,-2.004872799,1
1359,1185,2.368388653,-2.266073704,1
1359,1217,2.531450033,-3.287376642,1
1359,1249,2.027936459,-3.856315136,1
1359,1281,1.78018856,-2.668086767,1
1359,1313,0.3609360456,-0.8924081326,1
1359,1345,-1.291123867,-0.1472229958,1
1359,1377,0.3396067619,-0.2623885274,1
1359,1409,0.8295750022,-0.2434483767,1
1359,1441,0.5019454956,-0.8145217896,1
1359,1473,1.01335597,-1.174692154,1
1359,1505,1.865588903,-2.099719524,1
1359,1537,2.476752043,-1.892290711,1
1359,1569,1.945473194,-1.688737154,1
1359,1601,1.726588249,-1.349870563,1
1359,1633,2.475462198,-0.6940940619,1
1359,1665,3.142140627,-0.468534708,1
1359,1697,2.597892761,0.3263728023,1
1359,1729,1.8176682,0.2025170922,1
1359,1761,1.047631264,0.3019100726,1
1359,1793,0.4551825225,0.271441102,1
1359,1825,0.001234382391,-0.2424089313,1
1359,1857,0.1304829419,-0.2940143943,1
1359,1889,0.05965837836,-0.2384417057,1
1359,1921,-0.3091101944,0.03403105214,1
1359,1953,0.01296700537,0.1454020292,1
1359,1985,0.5561912656,0.0862301141,1
1359,2017,0.2830729187,-0.2240317464,1
1391,33,0.1114833876,0.177220732,1
1391,65,0.6978572011,0.9784482121,1
1391,97,0.9054558277,0.09084285051,1
1391,129,0.9818390608,-0.2430936098,1
1391,161,0.8047623634,-0.09079200029,1
1391,193,0.7131589055,0.009693741798,1
1391,225,0.683596909,0.1371327341,1
1391,257,0.6808377504,0.4899147153,1
1391,289,0.646820128,-0.3534709215,1
1391,321,0.6517036557,0.1516461074,1
1391,353,0.8427231312,0.08412638307,1
1391,385,-9.005706787,16.97281075,1
1391,417,1.131330729,-0.3035553992,1
1391,449,1.039256573,-0.8911793232,1
1391,481,0.9163131118,-0.06990534067,1
1391,513,1.11106348,-0.6839566827,1
1391,545,2.557104111,-1.538365126,1
1391,577,2.827301979,-1.405401945,1
1391,609,2.248968601,-1.670261621,1
1391,641,1.631351709,-1.702674627,1
1391,673,1.243349433,-1.460865974,1
1391,705,1.338434458,-0.914306283,1
1391,737,1.088344097,-0.3803246021,1
1391,769,-17.55180168,-7.689992905,1
1391,801,1.415882707,-1.888301611,1
1391,833,1.375468731,-1.439602613,1
1391,865,2.633642673,-1.413557529,1
1391,897,1.830207109,-1.27568996,1
1391,929,1.168532133,-1.010014296,1
1391,961,0.5647408962,-0.304582119,1
1391,993,1.304049492,0.4880735874,1
1391,1025,1.76770997,-0.8116087914,1
1391,1057,2.250467777,-2.09761095,1
1391,1089,1.898577809,-2.338142872,1
1391,1121,1.657938242,-2.194255829,1
1391,1153,2.052904129,-1.901140451,1
1391,1185,2.880910397,-2.076737881,1
1391,1217,2.486339569,-3.704001188,1
1391,1249,1.247707486,-2.914825916,1
1391,1281,0.2853357494,-1.394396305,1
1391,1313,-0.06916546822,-0.8805820942,1
1391,1345,-0.8267893791,-0.2225890756,1
1391,1377,-0.6825093031,0.177241683,1
1391,1409,-0.1629116386,-0.1981204748,1
1391,1441,0.398147285,-0.6091628075,1
1391,1473,0.9031842947,-0.9590374231,1
1391,1505,1.661561489,-1.972845197,1
1391,1537,3.022953749,-1.424311042,1
1391,1569,2.492886305,-1.445900917,1
1391,1601,1.749697685,-0.6179100275,1
1391,1633,2.293475866,0.4955633879,1
1391,1665,2.586307764,0.01265671477,1
1391,1697,2.078647614,-0.1905749142,1
1391,1729,1.065475106,0.2144173384,1
1391,1761,-0.04991686344,0.08389482647,1
1391,1793,-0.2016450167,0.07338634133,1
1391,1825,-0.2066765577,0.101910457,1
1391,1857,-0.2352167517,-0.0185097754,1
1391,1889,-0.2622046173,-0.2150868326,1
1391,1921,-0.04534117132,-0.2003358454,1
1391,1953,0.1535458267,-0.1035614014,1
1391,1985,0.1953549385,0.03437569737,1
1391,2017,0.2411214411,-0.07273902744,1
1423,33,-0.2033071816,0.237416327,1
1423,65,0.8215206861,1.118973732,1
1423,97,2.915649414,-1.160444975,1
1423,129,1.689322472,-0.4637431502,1
1423,161,0.7530806065,-0.1825798303,1
1423,193,0.8576205969,-1.800933361,1
1423,225,-0.09022331238,-3.504021883,1
1423,257,0.1636624932,-0.5361728668,1
1423,289,0.2590438128,-0.6766129732,1
1423,321,-15.05604935,11.60813904,1
1423,353,0.5692167878,-0.5015671849,1
1423,385,0.9832010269,-0.1184114218,1
1423,417,0.7283053994,-0.511808157,1
1423,449,0.4474078417,-0.5166569948,1
1423,481,0.5638406277,0.1233864129,1
1423,513,0.3940443993,-0.3126355708,1
1423,545,0.3020071983,-0.6838246584,1
1423,577,1.781104207,-1.123786807,1
1423,609,3.878778219,-1.862197042,1
1423,641,4.557590485,-2.184367657,1
1423,673,2.57322526,-1.50625968,1
1423,705,0.535931468,-0.1588175297,1
1423,737,0.5719641447,-0.1469486952,1
1423,769,0.7222673893,-0.2929605842,1
1423,801,0.6706261039,-0.8231654167,1
1423,833,0.8125094175,-1.148397207,1
1423,865,1.229230881,-1.706032753,1
1423,897,1.26611805,-1.0916574,1
1423,929,-11.3444128,-16.46389198,1
1423,961,-16.36388779,-8.511260986,1
1423,993,2.026540756,-0.8496395946,1
1423,1025,1.659562469,-1.029547691,1
1423,1057,1.102513313,-1.52873385,1
1423,1089,1.117342234,-1.858375311,1
1423,1121,1.178857923,-1.611163616,1
1423,1153,1.374161005,-2.101194859,1
1423,1185,1.95524621,-2.160811424,1
1423,1217,2.370243073,-2.159222841,1
1423,1249,1.165097833,-1.284795284,1
1423,1281,0.2906027734,-0.4201536179,1
1423,1313,-0.07859446853,-0.5307921171,1
1423,1345,-1.017870188,-3.124836922,1
1423,1377,-1.168156147,-0.7402480245,1
1423,1409,-0.6843552589,-1.897091627,1
1423,1441,0.4759643674,-1.261294127,1
1423,1473,1.716721416,-0.6287463903,1
1423,1505,2.124652386,-0.8494365215,1
1423,1537,3.158458948,-0.973351419,1
1423,1569,2.789590597,-0.5125982761,1
1423,1601,1.852816939,-0.3087416589,1
1423,1633,1.698466063,0.4222890437,1
1423,1665,1.789507866,0.32228297,1
1423,1697,1.640089273,0.02724597603,1
1423,1729,0.380700469,-0.03596371412,1
1423,1761,-0.3218029141,-0.05286060274,1
1423,1793,-0.1895919144,-0.2189096808,1
1423,1825,-0.2283410132,0.1333992481,1
1423,1857,-0.2744095922,0.2129832208,1
1423,1889,-0.1916324496,-0.07604309916,1
1423,1921,0.1927582026,-0.2827543914,1
1423,1953,0.2755407095,-0.1344402879,1
1423,1985,-0.003526419401,-0.04562718794,1
1423,2017,0.1470074952,-0.0006313771009,1
1455,33,-0.5532671213,0.1576112509,1
1455,65,0.6741322279,1.729998708,1
1455,97,1.091135979,0.05014523491,1
1455,129,1.228557348,0.06018159166,1
1455,161,1.166491866,0.1296336055,1
1455,193,2.677009583,-3.05408287,1
1455,225,-17.05178261,-4.904145241,1
1455,257,-0.3773012459,-0.7436291575,1
1455,289,-0.1893494725,-0.7004733682,1
1455,321,-0.004028409719,-0.1570695341,1
1455,353,0.3410067558,-0.2238154709,1
1455,385,0.690051496,-0.6232521534,1
1455,417,0.6966458559,-0.7739493847,1
1455,449,0.6421251297,-0.3098073602,1
1455,481,0.7900970578,-0.1086232364,1
1455,513,0.6585613489,-0.33492589,1
1455,545,0.5483227968,-0.5541305542,1
1455,577,1.183992624,-0.6017897129,1
1455,609,4.461503983,-1.404771805,1
1455,641,4.780571461,-1.722959042,1
1455,673,2.928846359,-1.026397109,1
1455,705,1.55523324,-0.5798725486,1
1455,737,0.08190119267,-0.04297322035,1
1455,769,0.358354032,-0.1485274434,1
1455,801,0.381880939,0.3958987892,1
1455,833,0.4721723795,-0.3603188694,1
1455,865,1.092446685,-1.00577867,1
1455,897,3.146325111,-2.010886908,1
1455,929,5.401705742,-1.244758248,1
1455,961,20.83490944,-0.8590561748,1
1455,993,1.274321914,-1.067531347,1
1455,1025,0.873455584,-1.160099387,1
1455,1057,0.3127593994,-1.313068032,1
1455,1089,0.2955135107,-1.504517674,1
1455,1121,0.9255267382,-1.348425269,1
1455,1153,0.6759569049,-2.305174828,1
1455,1185,0.1981229782,-2.123791695,1
1455,1217,0.6288998127,-1.940688372,1
1455,1249,0.8697404265,-1.217420101,1
1455,1281,0.217159301,-0.09640014172,1
1455,1313,-0.1849610507,-0.2777234316,1
1455,1345,-0.0859105736,-1.473885775,1
1455,1377,-0.1778157204,-1.070559025,1
1455,1409,-0.5609408021,-1.910080791,1
1455,1441,-0.3030591607,-1.999442577,1
1455,1473,0.6856417656,-0.7323453426,1
1455,1505,0.5022536516,-0.5920422077,1
1455,1537,0.6821745038,-0.4894049168,1
1455,1569,1.10191977,-0.8663372993,1
1455,1601,1.439243555,-0.9585856199,1
1455,1633,1.532839298,-0.3910458088,1
1455,1665,1.404499888,0.04846715182,1
1455,1697,0.9302133322,0.4918655753,1
1455,1729,-0.07096368074,0.1793576181,1
1455,1761,-0.0551572144,-0.2043633014,1
1455,1793,0.04565364122,-0.09169722348,1
1455,1825,-0.1859849989,0.1826933473,1
1455,1857,-0.1042559594,0.2841293514,1
1455,1889,-0.04777403176,-0.009735137224,1
1455,1921,0.06504291296,-0.2252044082,1
1455,1953,0.2485182881,-0.00553356111,1
1455,1985,0.1046410128,-0.05982318521,1
1455,2017,0.09187197685,0.03530292213,1
1487,33,-0.5599255562,0.0126413554,1
1487,65,0.07052022219,1.148675799,1
1487,97,0.6865530014,0.2831345797,1
1487,129,0.8744175434,-0.06256952137,1
1487,161,0.6915005445,-0.02001249045,1
1487,193,0.5235306621,-0.1438124776,1
1487,225,-11.57913494,9.335075378,1
1487,257,0.326448679,-0.8143317699,1
1487,289,0.001217231154,-0.692871511,1
1487,321,0.3284609914,-0.04161548615,1
1487,353,0.7910188437,0.4375718832,1
1487,385,0.6259083748,-0.5690242052,1
1487,417,1.00843513,-0.5274475813,1
1487,449,1.152399898,-0.4225805402,1
1487,481,1.183687568,-0.3818000555,1
1487,513,1.247944593,-0.5772830248,1
1487,545,0.8879332542,-0.4116700888,1
1487,577,2.143724918,-1.047317028,1
1487,609,2.720939398,-1.666845679,1
1487,641,2.439749479,-1.536997318,1
1487,673,3.372438908,-1.590712309,1
1487,705,-14.82232761,-9.347625732,1
1487,737,-14.36897087,-10.11394691,1
1487,769,0.389493674,-0.133597672,1
1487,801,0.06131279469,0.2628260553,1
1487,833,0.2823137641,-0.2005830407,1
1487,865,1.441769123,-0.1976994276,1
1487,897,2.650434971,-0.1920499802,1
1487,929,2.124564171,-0.9063627124,1
1487,961,0.9643648863,-1.125349522,1
1487,993,0.3487356901,-1.41418004,1
1487,1025,0.4670535326,-2.55282712,1
1487,1057,0.2413733006,-1.245723724,1
1487,1089,0.2088008523,-0.8503875732,1
1487,1121,0.2422007918,-0.9314541817,1
1487,1153,0.2946437597,-1.935564876,1
1487,1185,0.3513901234,-3.061179638,1
1487,1217,0.5923146009,-3.055928469,1
1487,1249,0.652382493,-2.204788446,1
1487,1281,0.2260119319,0.1218608022,1
1487,1313,0.3681550026,0.2620413303,1
1487,1345,1.375430942,-0.8182892799,1
1487,1377,0.8694688082,-1.1698668,1
1487,1409,0.08110266924,-1.737306118,1
1487,1441,-0.6414312124,-2.132484674,1
1487,1473,-1.118655562,-1.147459984,1
1487,1505,19.76903915,-5.237916946,1
1487,1537,0.8603520393,-2.22520566,1
1487,1569,1.236860156,-3.679391861,1
1487,1601,0.8703349829,-2.07433033,1
1487,1633,1.039812088,-1.117394328,1
1487,1665,0.7083762288,-0.2257292569,1
1487,1697,-0.02847993374,0.1890160739,1
1487,1729,-0.09809833765,0.1378982067,1
1487,1761,-0.03486198187,0.1343532652,1
1487,1793,0.1373656541,0.07347211242,1
1487,1825,-0.04241016507,0.1942349076,1
1487,1857,-0.1262442172,0.3095108569,1
1487,1889,-0.2188361436,-0.05689520016,1
1487,1921,-0.2602755725,-0.2099845409,1
1487,1953,-0.2640605569,0.05515643209,1
1487,1985,-0.1482607126,-0.08252154291,1
1487,2017,-0.04742215574,0.02913405746,1
1519,33,-0.3800753057,0.07634554803,1
1519,65,0.1130475104,0.03019282222,1
1519,97,0.4982469976,-0.3653709292,1
1519,129,0.4482606649,-0.3103614748,1
1519,161,0.2965545058,-0.1657023132,1
1519,193,0.5840489268,0.658831954,1
1519,225,0.7381765842,0.09576135874,1
1519,257,0.7238225937,-0.6130191088,1
1519,289,0.4256983995,-0.3839893341,1
1519,321,0.4894687533,0.02285739779,1
1519,353,1.071079016,0.07048937678,1
1519,385,1.158428192,-0.3206392527,1
1519,417,1.621721864,-0.7476254702,1
1519,449,1.775850534,-0.720121026,1
1519,481,1.560001731,-0.5130699277,1
1519,513,2.047335148,-1.212853909,1
1519,545,8.823166847,-14.63417244,1
1519,577,3.143369436,-2.951367855,1
1519,609,2.915593386,-2.935912132,1
1519,641,1.995385885,-2.269753218,1
1519,673,1.739342928,-0.9526954889,1
1519,705,-12.69917488,10.04671192,1
1519,737,1.030113697,-0.9068391323,1
1519,769,0.1864740252,-0.7218000889,1
1519,801,-0.1464821696,-0.1595017314,1
1519,833,0.2819187045,-0.7538176775,1
1519,865,1.136801958,-1.414147854,1
1519,897,1.136097789,-0.6285135746,1
1519,929,1.051749945,-0.4713411331,1
1519,961,1.066495895,0.2978638411,1
1519,993,0.6687905788,0.03767472506,1
1519,1025,-0.3248212337,-1.024024487,1
1519,1057,-0.4131945074,-1.068967223,1
1519,1089,0.1150980592,-0.5284770131,1
1519,1121,-0.07233929634,-0.7786557674,1
1519,1153,0.1820068508,-2.336636066,1
1519,1185,0.7946321964,-4.115807533,1
1519,1217,0.8109153509,-4.616456032,1
1519,1249,0.533455193,-2.838460922,1
1519,1281,0.1133785844,-0.2835874557,1
1519,1313,0.9355547428,0.203243494,1
1519,1345,1.262978315,-1.110534191,1
1519,1377,0.5536788702,-1.502256274,1
1519,1409,0.09098846465,-1.434798479,1
1519,1441,-1.204125762,-1.865638852,1
1519,1473,-3.194678783,-4.074676037,1
1519,1505,3.396079779,18.25432777,1
1519,1537,1.693002701,-3.807924271,1
1519,1569,1.921553731,-4.867173195,1
1519,1601,1.585570931,-4.365884781,1
1519,1633,0.7535225153,-0.5357033014,1
1519,1665,0.1103379726,-0.0007890760899,1
1519,1697,-0.2122397423,-0.3076095879,1
1519,1729,0.02306671441,-0.004244650714,1
1519,1761,-0.1092231125,0.02945695445,1
1519,1793,-0.009370654821,-0.2418195605,1
1519,1825,0.189216435,-0.1462301612,1
1519,1857,0.1187190711,0.1102740765,1
1519,1889,-0.118073456,-0.1116542071,1
1519,1921,-0.1269550323,-0.1098830178,1
1519,1953,-0.1377189457,-0.05935192853,1
1519,1985,-0.228974402,-0.2825911641,1
1519,2017,-0.1589341611,0.003871865571,1
1551,33,-0.5765175819,0.1934669614,1
1551,65,-0.04851213098,-0.2652813196,1
1551,97,0.5534646511,-0.5762107372,1
1551,129,0.8496954441,-0.5269157887,1
1551,161,0.9224492908,-0.2832867801,1
1551,193,0.925044179,-0.1495921314,1
1551,225,0.6271216273,-0.209562391,1
1551,257,0.4981256425,-0.6726808548,1
1551,289,0.4137282968,-0.4855933189,1
1551,321,0.3718348742,-0.2168546021,1
1551,353,0.7734535933,-0.4117477536,1
1551,385,1.42280817,-0.3198326826,1
1551,417,1.833094239,-1.268542528,1
1551,449,1.714111209,-1.059285164,1
1551,481,1.310207129,-0.6963748932,1
1551,513,1.63043344,-1.034123898,1
1551,545,3.1490345,-3.987053871,1
1551,577,2.444248199,-3.744300604,1
1551,609,14.9326601,12.35859489,1
1551,641,0.7064920664,-0.7111113071,1
1551,673,0.6448304653,0.04935050011,1
1551,705,0.8259142637,-0.5170540214,1
1551,737,0.4903177619,-0.3492401838,1
1551,769,-10.93800259,-1.789766312,1
1551,801,0.4692054987,-0.4556418061,1
1551,833,1.515742302,-1.94389379,1
1551,865,1.231822252,-1.463625789,1
1551,897,0.8408712745,-0.8992320895,1
1551,929,0.6255083084,-0.2468118072,1
1551,961,0.6481472254,-0.03811264038,1
1551,993,0.6614300013,0.01346468925,1
1551,1025,0.6736659408,-0.5571815372,1
1551,1057,0.4819433093,-0.4977178574,1
1551,1089,0.2261248678,0.06197953224,1
1551,1121,-0.1898056418,-0.2613455653,1
1551,1153,0.0863378495,-1.313628674,1
1551,1185,0.2525729835,-1.708688021,1
1551,1217,0.2309966087,-2.2792027,1
1551,1249,0.6370899677,-1.775872827,1
1551,1281,0.247536391,-0.9721293449,1
1551,1313,-0.1444615871,-1.240457416,1
1551,1345,0.605835557,-3.043589354,1
1551,1377,0.5662449598,-2.11452055,1
1551,1409,-0.05477204919,-0.4752783775,1
1551,1441,-1.062030792,0.1647364497,1
1551,1473,-2.130226851,-0.92915833,1
1551,1505,-0.01340220869,-0.840790987,1
1551,1537,1.36442709,-1.85212636,1
1551,1569,2.016379356,-3.889954805,1
1551,1601,6.967479229,-1.695355892,1
1551,1633,0.451762557,-0.2666609883,1
1551,1665,0.1222843528,-0.303709209,1
1551,1697,-0.07216654718,-0.1310023218,1
1551,1729,-0.03643082082,-0.02548286878,1
1551,1761,0.005795482546,-0.03641554341,1
1551,1793,0.1292583495,-0.05920962989,1
1551,1825,0.2443882227,0.06279993057,1
1551,1857,0.118606247,0.2201676518,1
1551,1889,-0.04234756529,0.1127365381,1
1551,1921,-0.1586690396,0.05265337229,1
1551,1953,-0.1830926538,-0.2355369329,1
1551,1985,0.1173312962,-0.4048262835,1
1551,2017,0.1367501915,-0.04162093997,1
1583,33,-0.7619433999,0.0284845233,1
1583,65,-0.2724775672,-0.6493112445,1
1583,97,1.008378863,-0.7506359816,1
1583,129,1.43392992,-1.048242807,1
1583,161,0.8416447639,-0.1121071577,1
1583,193,0.5659067631,-0.3612068594,1
1583,225,0.4445114732,-0.750665307,1
1583,257,0.2375650108,-0.2028407454,1
1583,289,0.2901138663,-0.5659621358,1
1583,321,0.5200291276,-0.5228450298,1
1583,353,2.144099712,-1.972527146,1
1583,385,1.348759294,-0.7332342863,1
1583,417,1.862076998,-0.3772157431,1
1583,449,3.044339657,-0.5799338222,1
1583,481,1.53741467,-0.7338082194,1
1583,513,1.839105487,-0.5714834929,1
1583,545,1.981993437,-1.423551321,1
1583,577,1.662711143,-5.332476616,1
1583,609,0.6385645866,-4.782489777,1
1583,641,0.6121110916,-1.615592957,1
1583,673,0.4903945923,-0.377201438,1
1583,705,0.5199877024,-0.8955715299,1
1583,737,0.1635252237,-0.7200157642,1
1583,769,0.4274699092,-0.1731340885,1
1583,801,0.633351922,-0.6248074174,1
1583,833,1.792837143,-1.521251678,1
1583,865,1.054370761,-0.605792284,1
1583,897,1.027153134,-0.6057260036,1
1583,929,0.1981243491,-0.4149232507,1
1583,961,-0.01111584902,-0.7038453817,1
1583,993,0.211099714,-0.9160928726,1
1583,1025,0.3633202314,-0.3677306175,1
1583,1057,0.6222096682,-0.19745332,1
1583,1089,0.2798405886,0.1782262921,1
1583,1121,-0.3933814168,0.05849784613,1
1583,1153,-0.6258359551,-0.5797697902,1
1583,1185,-0.1493442059,-0.6655142307,1
1583,1217,-0.1300544441,-1.398805737,1
1583,1249,0.1210412383,-1.811388016,1
1583,1281,-0.1324737817,-1.362557769,1
1583,1313,-0.3561449945,-1.540153265,1
1583,1345,0.2497388721,-1.730212092,1
1583,1377,0.4680792689,-1.730564594,1
1583,1409,0.1439083815,-0.2809305787,1
1583,1441,-0.6488756537,0.5899121761,1
1583,1473,-0.705263257,0.1049913317,1
1583,1505,0.6881407499,-1.020333052,1
1583,1537,1.539566278,-1.361117601,1
1583,1569,2.180241823,-2.951643229,1
1583,1601,0.9768055677,-1.277466893,1
1583,1633,0.1514133513,-0.345592767,1
1583,1665,0.1144046411,-0.254011035,1
1583,1697,0.02386331558,0.3632354736,1
1583,1729,0.05240672454,0.3438714743,1
1583,1761,0.09791763127,0.1129518971,1
1583,1793,0.3825815618,0.1588447541,1
1583,1825,0.3298743963,0.2363808155,1
1583,1857,-0.2718130946,0.4278834462,1
1583,1889,-0.3794893622,0.1869601905,1
1583,1921,-0.1235066503,-0.1020243019,1
1583,1953,-0.2139586955,-0.09725888073,1
1583,1985,-0.02734396979,-0.1022074968,1
1583,2017,-0.009142115712,-0.0886842981,1
1615,33,-0.6560896635,0.2390933037,1
1615,65,0.1212053895,-0.8021104932,1
1615,97,1.923731089,-1.069783211,1
1615,129,2.16581583,-2.288676262,1
1615,161,0.2808273435,-0.6399703622,1
1615,193,-0.6407663822,-0.4582307339,1
1615,225,-0.2449192405,-1.867782116,1
1615,257,-0.1883219481,-0.3660994768,1
1615,289,0.08548989892,-0.3548793197,1
1615,321,0.7556046247,-0.4174988866,1
1615,353,2.315541983,-0.3087937534,1
1615,385,1.927378416,-0.2113591135,1
1615,417,1.65235877,-0.1311174333,1
1615,449,1.942098379,-0.2964265943,1
1615,481,1.866362214,-0.2724676132,1
1615,513,2.933202744,-1.228261232,1
1615,545,2.405989408,-3.27713871,1
1615,577,2.208401203,-2.938399076,1
1615,609,1.54859066,-4.201607704,1
1615,641,1.188974261,-1.684000969,1
1615,673,1.034749269,-1.683447838,1
1615,705,0.659034431,-1.372232914,1
1615,737,0.2644315362,-1.4062047,1
1615,769,0.2038614154,-0.7705421448,1
1615,801,-0.79433918,0.08844065666,1
1615,833,-1.072047949,-0.06496173143,1
1615,865,4.662917137,-3.457500935,1
1615,897,3.804275036,-3.079925776,1
1615,929,0.9080970287,-0.7870349884,1
1615,961,-0.1941338778,-1.011141896,1
1615,993,-0.04328390956,-1.024000645,1
1615,1025,0.4298399985,-0.7061721087,1
1615,1057,0.6042622328,0.413066864,1
1615,1089,0.4536357224,0.2829944491,1
1615,1121,-0.5893015862,-0.5006713867,1
1615,1153,-1.30444932,-1.525728226,1
1615,1185,-1.366904259,-0.8573602438,1
1615,1217,-1.418817282,-1.229932547,1
1615,1249,-0.5708242655,-2.029211044,1
1615,1281,-0.4439151287,-1.699686289,1
1615,1313,-0.4106054902,-1.648299694,1
1615,1345,0.06868177652,-1.276269674,1
1615,1377,0.7640725374,-0.9759805799,1
1615,1409,0.4517387748,0.143145442,1
1615,1441,0.09368021786,0.9980814457,1
1615,1473,0.6317721009,0.2037593424,1
1615,1505,1.846162438,-1.657542348,1
1615,1537,0.6251744628,-1.808510661,1
1615,1569,0.3916532397,-1.389925957,1
1615,1601,0.22773242,-0.613480866,1
1615,1633,-0.03675815463,-0.09345000982,1
1615,1665,-0.08338321745,0.04752215743,1
1615,1697,0.004773393273,0.5647662878,1
1615,1729,0.07424993813,0.3594092131,1
1615,1761,0.1774541736,0.07284867018,1
1615,1793,0.1528771371,-0.002078965306,1
1615,1825,0.02728479356,-0.04789797217,1
1615,1857,-0.1242489368,0.08602567017,1
1615,1889,-0.1552437395,-0.04746015742,1
1615,1921,0.1011605561,-0.2212049663,1
1615,1953,0.1239305884,0.02977983467,1
1615,1985,-0.04445224255,-0.04682514817,1
1615,2017,-0.03050528467,-0.1030890644,1
1647,33,0.3248076439,0.9780576229,1
1647,65,0.3684019446,-0.4448868036,1
1647,97,0.4199649096,-1.216232061,1
1647,129,0.489482373,-3.602561712,1
1647,161,-0.04492631555,-1.529360771,1
1647,193,-0.5100864768,-1.128664732,1
1647,225,-0.6760708094,-2.430435181,1
1647,257,-0.01638427377,-1.375367641,1
1647,289,0.3157185316,-0.3253119886,1
1647,321,0.5496947765,-0.1226782203,1
1647,353,1.111922979,0.4139934778,1
1647,385,1.833473206,0.6364369392,1
1647,417,1.19523406,-0.09250684083,1
1647,449,0.530580759,-0.5977317095,1
1647,481,1.114024758,-0.4949873686,1
1647,513,3.165969849,-1.432897925,1
1647,545,4.028772354,-3.162338972,1
1647,577,2.288906336,-2.619275331,1
1647,609,1.133595943,-1.743729353,1
1647,641,0.8326381445,-0.6297910213,1
1647,673,0.2088349462,-1.629537106,1
1647,705,0.4590102136,-1.723692298,1
1647,737,0.6354106665,-2.480572462,1
1647,769,-0.06898927689,-1.13163352,1
1647,801,-1.553240538,0.3126907945,1
1647,833,-0.9582394361,0.4402730465,1
1647,865,1.742084146,-1.502501249,1
1647,897,2.724160671,-2.588042498,1
1647,929,0.748121202,-0.7722241282,1
1647,961,-0.1534038186,-0.8138455153,1
1647,993,0.242862612,-1.083441257,1
1647,1025,0.5634548664,-1.157647133,1
1647,1057,0.2656767368,-0.03850543499,1
1647,1089,0.4064546227,-0.8396714926,1
1647,1121,-1.16451335,-2.542683125,1
1647,1153,-3.794949532,-2.483550549,1
1647,1185,-2.820545912,-1.514917016,1
1647,1217,-1.641406775,-1.865321517,1
1647,1249,-0.4809025824,-2.304056168,1
1647,1281,-0.1881539524,-2.112911701,1
1647,1313,-0.06940271705,-1.738811731,1
1647,1345,0.2178142369,-0.8746418953,1
1647,1377,0.03405193239,-0.2827939987,1
1647,1409,-0.4807718396,0.6397287846,1
1647,1441,-0.1089786291,1.205413461,1
1647,1473,0.9722912908,0.65273422,1
1647,1505,0.2607842088,-0.8093388677,1
1647,1537,-0.1466779411,-1.136624098,1
1647,1569,0.09767001867,-0.8857269287,1
1647,1601,-0.05542637408,-0.34138304,1
1647,1633,-0.1705915779,-0.1073266566,1
1647,1665,-0.1432851851,0.0688021183,1
1647,1697,-0.01653243601,0.1495490819,1
1647,1729,0.1834515631,0.1605237424,1
1647,1761,0.1557847261,0.164206475,1
1647,1793,-0.09400637448,0.09101741016,1
1647,1825,-0.1396352202,-0.0447069481,1
1647,1857,-0.003116562963,-0.09149365127,1
1647,1889,0.04311024398,-0.01273117959,1
1647,1921,0.02744532377,-0.09209573269,1
1647,1953,-0.05443154275,-0.0109957438,1
1647,1985,0.008480034769,-0.08167231828,1
1647,2017,0.2274657637,-0.06619945914,1
1679,33,1.359175563,1.859609246,1
1679,65,0.3531785905,-0.286267668,1
1679,97,-0.3722720146,-1.443763971,1
1679,129,-1.061952353,-4.673130512,1
1679,161,7.770169735,-8.639409065,1
1679,193,0.4729226828,-1.439824224,1
1679,225,1.114968538,-1.430683136,1
1679,257,0.682394743,-1.247412562,1
1679,289,0.2524559498,-0.2510946989,1
1679,321,0.1695402265,1.008306384,1
1679,353,0.1488562226,1.692203641,1
1679,385,1.623694181,0.6263955832,1
1679,417,0.4858514667,-0.1603669077,1
1679,449,-3.499525547,-20.14828491,1
1679,481,-0.4139127731,-1.450748444,1
1679,513,0.473033309,-1.427984238,1
1679,545,1.139391065,-1.690957546,1
1679,577,1.068915844,-2.000883341,1
1679,609,-0.02296042442,-1.97705555,1
1679,641,-0.9097322822,-1.494624019,1
1679,673,-0.1967241764,-1.686367154,1
1679,705,0.4076729715,-2.002636909,1
1679,737,0.3217669427,-3.119485617,1
1679,769,-0.04174779356,-1.20847261,1
1679,801,-1.982032061,-0.643021822,1
1679,833,-1.947918057,0.01085722446,1
1679,865,-0.1535049379,-0.8974589109,1
1679,897,0.2339741588,-1.204871535,1
1679,929,0.1381381452,-0.5792136788,1
1679,961,-0.05785706639,-0.7508898973,1
1679,993,0.5215169787,-0.9022886157,1
1679,1025,0.8602280021,-0.6908920407,1
1679,1057,0.2060191184,-2.15690279,1
1679,1089,0.4677580297,-3.003070831,1
1679,1121,0.005850166082,-3.701550484,1
1679,1153,-1.802663207,-2.564591408,1
1679,1185,-1.421171665,-1.275501966,1
1679,1217,-0.7710562348,-1.578614831,1
1679,1249,-0.2540026605,-2.660671234,1
1679,1281,0.01866653562,-2.997769356,1
1679,1313,0.1812832803,-2.028424501,1
1679,1345,0.4981808364,-0.8523515463,1
1679,1377,-0.3847336769,-0.3874427676,1
1679,1409,-1.265769124,0.5272132158,1
1679,1441,-0.4638256431,1.367089748,1
1679,1473,0.8106664419,1.116338134,1
1679,1505,-3.8390553,-10.04638958,1
1679,1537,-0.5979024768,0.06256127357,1
1679,1569,-0.1440282166,0.01140710711,1
1679,1601,-0.2413982451,-0.03718775511,1
1679,1633,-0.04523639381,-0.1259842068,1
1679,1665,0.2178271711,-0.05492210016,1
1679,1697,0.2321084589,0.006534785032,1
1679,1729,0.1870927215,0.08234904706,1
1679,1761,0.1827256233,-0.0001854449511,1
1679,1793,0.01902927458,-0.1257974356,1
1679,1825,0.01159252226,-0.1213569194,1
1679,1857,-0.1065495238,0.08290601522,1
1679,1889,-0.2660512328,0.1033538133,1
1679,1921,-0.3050370812,-0.08666831255,1
1679,1953,-0.3766967654,0.02261133678,1
1679,1985,-0.2294767946,0.0009887181222,1
1679,2017,-0.1340023726,-0.03532296419,1
1711,33,2.13986516,1.758341312,1
1711,65,0.2299556732,-0.6231219769,1
1711,97,-1.992285609,-1.416304469,1
1711,129,-0.3871568441,-0.6672928333,1
1711,161,-13.47032928,-11.33965015,1
1711,193,1.063536882,-0.8334394693,1
1711,225,1.330352545,-1.399796605,1
1711,257,0.8373345733,-1.92117548,1
1711,289,0.0514460206,-1.012885451,1
1711,321,0.2353570461,0.2943991423,1
1711,353,0.8724979162,1.529233694,1
1711,385,0.5285475254,0.7175385952,1
1711,417,-0.02562129498,-0.0419062227,1
1711,449,-1.619137287,-1.331856132,1
1711,481,-1.199727058,-1.032194257,1
1711,513,-0.1961514354,-1.641343832,1
1711,545,0.1751347184,-2.52332592,1
1711,577,0.43481493,-2.899682999,1
1711,609,0.319572866,-3.605793238,1
1711,641,0.2202919424,-4.627690315,1
1711,673,12.81827259,11.52268696,1
1711,705,0.4737837315,-1.962571025,1
1711,737,0.4069204926,-1.815365791,1
1711,769,0.4513163865,-1.08388555,1
1711,801,0.007754042745,-0.5097244382,1
1711,833,-0.5461316705,-0.1488512158,1
1711,865,-0.5512365103,-0.5111561418,1
1711,897,-0.1284975111,-0.2743288875,1
1711,929,0.05084061623,-0.1619779468,1
1711,961,-0.3048716784,-0.4267018437,1
1711,993,13.84840584,-2.139849663,1
1711,1025,0.1770352572,-0.4737061858,1
1711,1057,0.03106491268,-1.328421593,1
1711,1089,-0.4111810625,-1.265303135,1
1711,1121,-0.2383159399,-0.9085189104,1
1711,1153,-0.00942927599,-1.686806798,1
1711,1185,0.2890794277,-1.081618786,1
1711,1217,-0.06091809273,-1.351717949,1
1711,1249,-0.346809268,-2.283127308,1
1711,1281,0.273432821,-2.650134563,1
1711,1313,0.3450019062,-2.852231026,1
1711,1345,0.08512640744,-1.525078893,1
1711,1377,-0.2912069857,-0.6316713691,1
1711,1409,-0.9493079185,0.4459676147,1
1711,1441,-0.6079552174,2.118825912,1
1711,1473,-0.07583746314,1.744681597,1
1711,1505,0.1148187965,1.261339068,1
1711,1537,-0.003146559,0.2312881947,1
1711,1569,-0.2961172462,-0.1803663373,1
1711,1601,-0.1327614337,-0.08567608148,1
1711,1633,0.02931283414,0.07953241467,1
1711,1665,0.2834565938,-0.01055537164,1
1711,1697,0.2429003716,0.06831653416,1
1711,1729,-0.05255272985,0.05436484143,1
1711,1761,0.02668060735,-0.1489005685,1
1711,1793,-0.1184504405,-0.1220795512,1
1711,1825,-0.09753592312,-0.07103234529,1
1711,1857,0.1605625749,0.08609459549,1
1711,1889,0.2045650631,0.1528359652,1
1711,1921,0.1022983417,0.1676167101,1
1711,1953,-0.06884089857,0.09449144453,1
1711,1985,-0.1802207828,-0.0147395106,1
1711,2017,-0.3478001952,0.002529649064,1
1743,33,1.61599803,0.8592298031,1
1743,65,0.5153176188,-0.6448416114,1
1743,97,-1.031399846,-0.9514967203,1
1743,129,-0.3323379755,-2.686436653,1
1743,161,0.4406415224,-7.220974922,1
1743,193,0.9289057851,-0.6372110844,1
1743,225,1.224546432,-1.332381487,1
1743,257,0.7119746208,-1.533596396,1
1743,289,0.3474231362,-1.3366642,1
1743,321,1.207517147,-2.578375101,1
1743,353,-0.01332181692,-1.078978777,1
1743,385,-0.497736752,-0.8720329404,1
1743,417,-7.272435665,-12.90856743,1
1743,449,0.3407474756,16.156847,1
1743,481,-0.712554574,-1.431689858,1
1743,513,-0.2827753425,-2.027782917,1
1743,545,-0.1448894441,-2.703420401,1
1743,577,-3.604404926,-21.78349304,1
1743,609,0.1433124542,-1.634278297,1
1743,641,3.232506037,-4.457661629,1
1743,673,5.011419773,15.07792473,1
1743,705,2.847336769,-4.452464581,1
1743,737,0.3540824652,-2.827548504,1
1743,769,0.4448458552,-1.112917185,1
1743,801,0.9814622998,-0.956569016,1
1743,833,1.069722652,0.1519853473,1
1743,865,0.8890918493,0.04843908548,1
1743,897,1.200503826,0.3051556051,1
1743,929,0.4397553504,1.381591678,1
1743,961,-0.02196374536,-0.2070052624,1
1743,993,-0.4356219172,-0.6580945849,1
1743,1025,-0.4310013652,-0.2793757915,1
1743,1057,-0.0877417624,-1.178090572,1
1743,1089,-1.573151588,-0.7561446428,1
1743,1121,-0.7187255621,-0.2700356245,1
1743,1153,0.5191980004,-1.542987108,1
1743,1185,0.5723595023,-2.206559181,1
1743,1217,0.08285787702,-1.909231424,1
1743,1249,-0.9096975923,-2.022716284,1
1743,1281,0.8840124607,-2.640702248,1
1743,1313,1.180367589,-2.626390457,1
1743,1345,0.5044108629,-1.737584472,1
1743,1377,0.1520203054,-0.5389877558,1
1743,1409,-0.08113569021,0.2778711021,1
1743,1441,-0.4247450233,1.15443778,1
1743,1473,-0.4205566645,0.3780468106,1
1743,1505,0.08336010575,0.1629961133,1
1743,1537,-0.2513037026,-0.04825468361,1
1743,1569,-0.260315299,-0.2325273007,1
1743,1601,-0.04224197567,-0.2314238399,1
1743,1633,0.07690856606,0.07661854476,1
1743,1665,0.1605476141,0.1775315702,1
1743,1697,0.2032529265,0.2437117845,1
1743,1729,0.1790480614,0.2422076613,1
1743,1761,0.03348057717,-0.09876212478,1
1743,1793,-0.2033000886,0.04044647515,1
1743,1825,-0.1766676903,0.1121365428,1
1743,1857,-0.04804531112,-0.003107348457,1
1743,1889,0.1149732992,0.05395970121,1
1743,1921,0.4612346888,0.05477685109,1
1743,1953,0.1711181253,-0.04866019636,1
1743,1985,-0.1986390054,-0.02688990533,1
1743,2017,-0.1165031195,0.02684110776,1
1775,33,0.635407865,0.6360189915,1
1775,65,0.3539460301,-0.5501095057,1
1775,97,0.4550309181,-0.4667012095,1
1775,129,5.009274006,-5.471238136,1
1775,161,0.4508535266,-6.754228592,1
1775,193,0.1357283592,-0.6145361066,1
1775,225,0.6395319104,-1.249562025,1
1775,257,0.4976454377,-1.280625582,1
1775,289,0.4398708344,-1.306028128,1
1775,321,2.163644314,-2.048663378,1
1775,353,-0.9942808747,-1.198702812,1
1775,385,-14.16663074,-1.635586023,1
1775,417,-0.317833662,-2.945304871,1
1775,449,0.2016409338,-3.387475252,1
1775,481,-0.1196587086,-2.054078817,1
1775,513,0.008036136627,-1.98120141,1
1775,545,0.3020089269,-2.62505126,1
1775,577,0.2583103776,-1.324166417,1
1775,609,0.3172023892,-1.251480341,1
1775,641,0.9590440989,-1.059398651,1
1775,673,1.613520622,-1.276781678,1
1775,705,1.102839231,-3.804494858,1
1775,737,0.2615098953,-2.755710602,1
1775,769,0.5363669395,-0.6138142943,1
1775,801,0.6937294006,-0.3079587221,1
1775,833,0.5230146646,0.836183548,1
1775,865,1.15435195,0.5411268473,1
1775,897,1.720847011,0.1348786652,1
1775,929,0.8708069921,0.6220371723,1
1775,961,0.1692778468,-0.3589871824,1
1775,993,-0.2547882795,-0.6973445415,1
1775,1025,-0.4702724218,-0.5773405433,1
1775,1057,-14.92832279,9.977357864,1
1775,1089,-2.603301287,19.06092644,1
1775,1121,2.007291794,-2.923657894,1
1775,1153,0.2724884152,-1.628395915,1
1775,1185,-0.07451996207,-2.25733304,1
1775,1217,-0.2878052592,-2.090547562,1
1775,1249,-0.2066062838,-1.244147778,1
1775,1281,0.7588918805,-1.443869591,1
1775,1313,1.269716263,-1.787317157,1
1775,1345,0.7750235796,-1.59153986,1
1775,1377,0.6324620247,-0.5319308043,1
1775,1409,0.3682444692,-0.06612806022,1
1775,1441,-0.2464538664,0.1580255628,1
1775,1473,-0.04849533737,0.3119231462,1
1775,1505,0.05815865099,0.3644961417,1
1775,1537,0.1058983132,0.1233151257,1
1775,1569,0.159896642,0.003338225186,1
1775,1601,0.1524577141,-0.1542148292,1
1775,1633,0.1369679421,-0.007927797735,1
1775,1665,0.04115677625,0.1531341225,1
1775,1697,0.1325463951,0.1113947108,1
1775,1729,0.2238622308,0.1727172881,1
1775,1761,0.0001504346728,-0.1978370696,1
1775,1793,-0.04390467703,-0.2011641562,1
1775,1825,0.01607651263,0.0613245517,1
1775,1857,-0.1710602492,-0.003514146432,1
1775,1889,-0.2119113654,-0.09064160287,1
1775,1921,0.1004035398,-0.1363731921,1
1775,1953,0.02750669792,-0.05144916102,1
1775,1985,-0.03506465629,-0.01859763078,1
1775,2017,-0.01538935676,0.01020428538,1
1807,33,-0.07531571388,0.7177735567,1
1807,65,0.4326885343,-0.1571660787,1
1807,97,0.9098828435,-0.4267851114,1
1807,129,0.7973514795,-0.6255447865,1
1807,161,0.8680915833,-0.454025209,1
1807,193,0.8950853944,-0.5708445311,1
1807,225,0.5548218489,-1.208778858,1
1807,257,0.6833460927,-1.713195324,1
1807,289,0.6061905622,-1.432633877,1
1807,321,-0.06865748763,-1.032847881,1
1807,353,-0.8494839072,-0.8499338627,1
1807,385,-0.7765517235,-1.149133921,1
1807,417,0.1429321021,-1.501091242,1
1807,449,0.4386035204,-2.429559231,1
1807,481,0.3421840668,-3.00167799,1
1807,513,0.1220490336,-2.442400932,1
1807,545,0.730784595,-1.381305456,1
1807,577,0.3139934242,-1.037668109,1
1807,609,0.08991456032,-1.416713715,1
1807,641,0.2775524855,-0.7995115519,1
1807,673,0.4956430793,-1.197121859,1
1807,705,-0.05787691474,-1.747996926,1
1807,737,-0.6480728388,-1.221088886,1
1807,769,-0.08320435882,-0.4352014065,1
1807,801,-0.01268658042,0.1347846687,1
1807,833,-0.3033270836,1.086830616,1
1807,865,0.5924309492,0.5916079879,1
1807,897,0.9523730874,0.2851724923,1
1807,929,1.115024447,-0.6975110769,1
1807,961,0.729434967,-1.308777809,1
1807,993,-0.01838555932,-0.844368577,1
1807,1025,-0.4675592184,-0.2755519152,1
1807,1057,-0.4333902001,-0.09562432766,1
1807,1089,-0.1026314497,-0.3579136133,1
1807,1121,0.3158045411,-1.108323693,1
1807,1153,0.05022218078,-1.62445128,1
1807,1185,-0.7523403764,-2.521315575,1
1807,1217,-0.6052060723,-1.688555121,1
1807,1249,-0.3182261586,-1.149765968,1
1807,1281,0.004742309451,-0.8644754887,1
1807,1313,0.05451110005,-0.4393619299,1
1807,1345,0.2717416286,-0.7348351479,1
1807,1377,0.3944835365,-0.2130967379,1
1807,1409,0.2476833314,-0.0358581841,1
1807,1441,-0.05362933874,0.1404803395,1
1807,1473,0.01666836441,0.1295610666,1
1807,1505,-0.01095633954,0.2528040111,1
1807,1537,0.07637041062,0.185800761,1
1807,1569,0.243501097,0.1030404493,1
1807,1601,0.1658019125,0.09933475405,1
1807,1633,0.07295092195,0.1176266521,1
1807,1665,-0.1108349934,0.02699930966,1
1807,1697,-0.1871855259,0.08421394229,1
1807,1729,-0.1671246439,0.2029906362,1
1807,1761,-0.3264581561,-0.08674178272,1
1807,1793,-0.180842042,-0.1922957301,1
1807,1825,0.1473653316,-0.07900318503,1
1807,1857,0.193863377,0.06735325605,1
1807,1889,0.1205533668,0.01888730377,1
1807,1921,0.1072636247,-0.07745563984,1
1807,1953,0.1365496665,-0.1186107844,1
1807,1985,0.03185215592,-0.1199443787,1
1807,2017,-0.003558836877,0.01299861073,1
1839,33,0.2487131059,0.5687401295,1
1839,65,0.4099633098,-0.09818534553,1
1839,97,0.7145956755,-0.3320056498,1
1839,129,1.041321635,-0.2634890378,1
1839,161,0.902359724,-0.06483516097,1
1839,193,0.7989267707,-0.4355378151,1
1839,225,0.5951249599,-0.7197722197,1
1839,257,1.266159773,-1.572647572,1
1839,289,0.4476953745,-1.204143047,1
1839,321,0.0142968595,-0.9641304016,1
1839,353,-0.09781061113,-1.199342012,1
1839,385,-0.319391489,-1.56739831,1
1839,417,0.02238792181,-1.959141016,1
1839,449,0.7822752595,-3.299269199,1
1839,481,0.4276267886,-4.222575188,1
1839,513,0.2301361561,-2.483434916,1
1839,545,0.0426478833,-0.5119924545,1
1839,577,-0.1614428163,-0.5862967968,1
1839,609,-0.05309832096,-2.270528316,1
1839,641,-0.0609388724,-0.5807898045,1
1839,673,0.09717369825,-1.331399679,1
1839,705,-0.002198004629,-1.551576018,1
1839,737,-0.2695991099,-1.327123761,1
1839,769,-0.04326741397,-0.7635188103,1
1839,801,-0.01354458183,-0.1668415666,1
1839,833,0.3327740133,0.2067421973,1
1839,865,0.5044164062,1.050973654,1
1839,897,0.2463265061,0.8270829916,1
1839,929,0.7205953598,-1.077843428,1
1839,961,0.7511569262,-1.602064848,1
1839,993,0.2588368356,-0.7210699916,1
1839,1025,0.0339576602,0.3695581853,1
1839,1057,-0.1208202094,0.1150660813,1
1839,1089,-0.27884835,-0.3064139485,1
1839,1121,-0.2391369194,-0.6216982007,1
1839,1153,-0.2450015545,-1.58929193,1
1839,1185,-0.459599942,-2.330342531,1
1839,1217,-0.5717448592,-1.362170696,1
1839,1249,-0.7970278263,-1.03158915,1
1839,1281,-0.7922464609,-0.9045621157,1
1839,1313,-0.6134691834,0.0136898756,1
1839,1345,-0.1066333205,0.2720130086,1
1839,1377,0.4323925376,-0.112863645,1
1839,1409,0.4600945115,0.08347132057,1
1839,1441,0.1884082854,0.212886557,1
1839,1473,-0.04877781868,-0.05051073432,1
1839,1505,-0.1096612215,-0.05280256271,1
1839,1537,-0.06415306032,0.08166681975,1
1839,1569,-0.04111306742,0.3169725239,1
1839,1601,-0.08118440956,0.4746772051,1
1839,1633,-0.1317486763,0.3271076083,1
1839,1665,-0.2409398407,0.03807840869,1
1839,1697,-0.3144438863,-0.03067838028,1
1839,1729,-0.3987274766,0.1027867943,1
1839,1761,-0.4034645557,0.1879270673,1
1839,1793,-0.2772512436,-0.04483764619,1
1839,1825,0.1483150721,-0.07353109866,1
1839,1857,0.321103543,-0.02227066271,1
1839,1889,0.105449304,-0.009587153792,1
1839,1921,0.01679848135,-0.1811395586,1
1839,1953,0.09980233014,-0.3578383923,1
1839,1985,0.07479797304,-0.02985985577,1
1839,2017,0.05636388063,0.05169832706,1
1871,33,-0.4639157653,0.2667786479,1
1871,65,-0.06126525998,-0.1111743152,1
1871,97,0.7141119242,-0.1064383835,1
1871,129,1.429925919,0.1097865403,1
1871,161,0.7794053555,0.1613291651,1
1871,193,0.3951369524,-0.1389290094,1
1871,225,0.5990986824,-0.4998365939,1
1871,257,0.6303231716,-0.5179395676,1
1871,289,0.3650957942,-0.6517853737,1
1871,321,0.4459636807,-0.6391214132,1
1871,353,0.2672008276,-0.8626873493,1
1871,385,0.1421098709,-1.583045602,1
1871,417,0.4116619229,-2.097157478,1
1871,449,0.1217327267,-3.285240412,1
1871,481,-0.2311631739,-3.52712965,1
1871,513,-0.3378862441,-2.062369347,1
1871,545,-0.07412737608,-1.646090627,1
1871,577,-0.3049345911,-1.024690628,1
1871,609,-0.6299828291,-1.266504288,1
1871,641,-0.8067783713,-1.528633475,1
1871,673,0.04148988426,-1.479943395,1
1871,705,0.8183021545,-2.25184679,1
1871,737,0.4236575961,-1.281799793,1
1871,769,0.2405177951,-0.8863078356,1
1871,801,0.2563690543,-0.3438065946,1
1871,833,0.1978418827,0.3073944449,1
1871,865,-0.1711861193,1.07645905,1
1871,897,-0.3946489692,0.3795225024,1
1871,929,-0.6370936632,-0.7196674347,1
1871,961,-0.4379248917,-0.8558808565,1
1871,993,-0.1305503547,-0.6370846033,1
1871,1025,-0.2570746541,-0.4931766391,1
1871,1057,-0.7039293051,-0.5872398615,1
1871,1089,-0.3975628912,-0.5558209419,1
1871,1121,0.1314557493,-0.3857557774,1
1871,1153,0.2103689909,-0.9568283558,1
1871,1185,-0.4163793921,-0.6935260296,1
1871,1217,-0.6516340971,-0.9183489084,1
1871,1249,-0.7061371803,-0.4202862978,1
1871,1281,-0.8108422756,0.04587233067,1
1871,1313,-0.3279031813,0.2485558391,1
1871,1345,0.03681018949,0.1501492858,1
1871,1377,0.383872062,0.09070110321,1
1871,1409,0.4868069291,0.3004930317,1
1871,1441,0.2521019578,0.2412713468,1
1871,1473,-0.1147624254,0.1249562353,1
1871,1505,-0.1927836239,0.03288608789,1
1871,1537,-0.09263260663,0.007571801543,1
1871,1569,-0.1171804592,0.0734142065,1
1871,1601,-0.3684288263,0.2117070556,1
1871,1633,-0.4078141451,0.1879907399,1
1871,1665,-0.2869423032,-0.04564636946,1
1871,1697,-0.3705146015,-0.2077166289,1
1871,1729,-0.5203076005,-0.2453632951,1
1871,1761,-0.4237909615,0.005840979517,1
1871,1793,-0.1605108529,-0.02942825854,1
1871,1825,0.180210337,0.05596619844,1
1871,1857,0.3501391411,0.02502385154,1
1871,1889,0.1913974881,0.07069269568,1
1871,1921,-0.02661239356,0.06089517102,1
1871,1953,-0.01021046191,-0.2870910764,1
1871,1985,0.09661158174,-0.1080010086,1
1871,2017,0.1720178425,0.02357666194,1
1903,33,-0.3975879252,0.04095901549,1
1903,65,-0.3753680885,-0.1927607358,1
1903,97,0.6239573359,0.4238144755,1
1903,129,0.9781647921,0.3915604055,1
1903,161,0.8528193235,0.4643207192,1
1903,193,0.6908142567,0.3473626971,1
1903,225,0.989998579,0.1259704828,1
1903,257,1.698333025,0.04953965545,1
1903,289,1.10318327,-0.7967129946,1
1903,321,0.3859715462,-1.072659969,1
1903,353,0.301923424,-0.6732648611,1
1903,385,0.4117301702,-1.111540556,1
1903,417,0.1042690128,-1.804556966,1
1903,449,-4.02793026,-3.394989491,1
1903,481,-0.576423645,1.183242083,1
1903,513,-0.6649299264,-1.04959178,1
1903,545,-0.8470699787,-1.876224995,1
1903,577,-0.7890495658,-1.177354097,1
1903,609,-0.7003998756,-0.6566070318,1
1903,641,-0.3693145216,-1.068809628,1
1903,673,0.3304071426,-1.134868026,1
1903,705,2.78932786,-2.142182589,1
1903,737,1.191936135,-1.821020365,1
1903,769,0.4079292119,-0.9004698396,1
1903,801,0.4023566842,-0.6448175907,1
1903,833,-0.3337131441,-0.2392120957,1
1903,865,-1.19928956,0.1510694623,1
1903,897,-0.445092082,-0.09437334538,1
1903,929,-0.9711185694,-0.7380529642,1
1903,961,-0.7055196762,-0.9432526827,1
1903,993,-0.3144923449,-0.8482334614,1
1903,1025,-0.5542361736,-0.6835507751,1
1903,1057,-0.6874334812,-0.5444160104,1
1903,1089,-0.2409814447,-0.3246287107,1
1903,1121,0.7461406589,-0.8177096248,1
1903,1153,1.312799931,-1.409755111,1
1903,1185,0.6713689566,-1.367586255,1
1903,1217,0.1190222204,-0.5940254927,1
1903,1249,-0.149786815,-0.1976992488,1
1903,1281,-0.4372756779,0.540933609,1
1903,1313,-0.06905937195,0.4700113535,1
1903,1345,-0.09359499812,0.07845318317,1
1903,1377,0.012615107,0.1310536563,1
1903,1409,0.1019254103,0.1421048492,1
1903,1441,0.0695771575,0.07295970619,1
1903,1473,0.02549649775,0.3669808507,1
1903,1505,-0.1657274812,0.3508044481,1
1903,1537,-0.07171788812,0.1841723025,1
1903,1569,0.06596790254,0.08357581496,1
1903,1601,-0.1336068809,0.05046722293,1
1903,1633,-0.05619440973,0.08656290174,1
1903,1665,-0.1217643395,-0.09536799788,1
1903,1697,-0.2119151354,0.02639549971,1
1903,1729,-0.4378483295,-0.1000860035,1
1903,1761,-0.5038063526,0.01147050783,1
1903,1793,-0.198761493,0.007655914873,1
1903,1825,-0.03875240684,-0.002858415246,1
1903,1857,0.1494072527,0.04898996651,1
1903,1889,0.09744365513,0.2562603354,1
1903,1921,0.1541686356,0.08247160167,1
1903,1953,0.2707084119,-0.1784152091,1
1903,1985,0.2862811685,-0.1215725169,1
1903,2017,0.3363010585,-0.001527905464,1
1935,33,-0.2266931683,0.001531749964,1
1935,65,-0.3624482453,-0.0514125675,1
1935,97,0.6921424866,0.07667317986,1
1935,129,1.016050935,0.1548443735,1
1935,161,0.7708334923,0.3376582265,1
1935,193,1.068615675,-0.4140383005,1
1935,225,11.36367989,11.02975559,1
1935,257,1.740041733,0.06401252747,1
1935,289,2.075413465,-0.04901796579,1
1935,321,0.4952805638,-0.6062070727,1
1935,353,-0.1524313688,-0.865680933,1
1935,385,-0.4052427709,-0.7363498211,1
1935,417,-3.299208403,-3.031487703,1
1935,449,-5.083852768,-3.685928822,1
1935,481,-5.130657673,-3.743528605,1
1935,513,-0.6932237148,-1.046729445,1
1935,545,-0.6318899989,-1.275769472,1
1935,577,-0.600648284,-0.9359309673,1
1935,609,-0.5018240213,-0.2579313517,1
1935,641,0.09163929522,-0.01261734962,1
1935,673,0.5344309807,-0.05120152235,1
1935,705,1.318897724,-0.7913230658,1
1935,737,1.45250535,-0.9084473848,1
1935,769,0.4974490404,-0.895401299,1
1935,801,0.4716135263,-1.103690147,1
1935,833,-0.001072019339,-0.8022664189,1
1935,865,-0.5095102191,0.0447704792,1
1935,897,-0.8486582041,-0.3947876692,1
1935,929,-1.011385679,-1.211458802,1
1935,961,-0.2240432501,-0.8087015152,1
1935,993,-0.3228414357,-1.016675115,1
1935,1025,-0.4315306544,-0.7262402773,1
1935,1057,-0.4185496569,-0.8856906295,1
1935,1089,-1.051558256,-0.8693210483,1
1935,1121,-0.3807653785,-1.126757383,1
1935,1153,0.2185262889,-2.868232965,1
1935,1185,0.4372940063,-2.648081541,1
1935,1217,0.4380812049,-0.4722672701,1
1935,1249,-0.01232558489,-0.2844065428,1
1935,1281,-0.2188836038,0.0386698842,1
1935,1313,-0.1068888158,-0.1344901621,1
1935,1345,-0.2806195617,0.1025681794,1
1935,1377,-0.3659917712,0.1597789228,1
1935,1409,-0.4042942822,0.1202428341,1
1935,1441,-0.1252154559,0.07018482685,1
1935,1473,0.09402775764,0.2421998531,1
1935,1505,-0.01822547615,0.1476498097,1
1935,1537,-0.004459634423,0.04350690544,1
1935,1569,-0.07224528491,0.1663912684,1
1935,1601,-0.1899316907,0.1475841701,1
1935,1633,-0.02267883718,0.2108617574,1
1935,1665,0.1232499406,0.0859240666,1
1935,1697,0.1039730757,0.2605929971,1
1935,1729,-0.1864879131,0.3682383895,1
1935,1761,-0.3204707503,0.1528418511,1
1935,1793,-0.350351125,0.01979012415,1
1935,1825,0.003928756341,-0.04968906194,1
1935,1857,0.2889975309,-0.02870716155,1
1935,1889,0.1389508694,0.1151211634,1
1935,1921,0.1315527558,-0.09209731221,1
1935,1953,0.1825120598,-0.2128520608,1
1935,1985,0.3874883652,0.06964370608,1
1935,2017,0.5522586107,0.05062370002,1
1967,33,-0.3839906454,0.351272881,1
1967,65,0.1692607999,-0.07311853766,1
1967,97,1.058035493,-0.2760975659,1
1967,129,1.260094166,-0.006796270609,1
1967,161,1.210457802,0.2311555594,1
1967,193,1.389507771,-0.5196033716,1
1967,225,1.031301379,-0.5186531544,1
1967,257,0.8803927898,-0.001159965992,1
1967,289,1.181306481,-0.1934340596,1
1967,321,0.5613270998,-0.3562631011,1
1967,353,-0.4241350889,-0.3437883258,1
1967,385,-4.71417141,-2.281748772,1
1967,417,-5.438584328,-3.685987234,1
1967,449,-4.503794193,-3.774021149,1
1967,481,-1.751228809,-1.305877924,1
1967,513,-0.2729972899,-0.5176830292,1
1967,545,0.7936555147,-0.2747914791,1
1967,577,0.785284102,-0.2970108986,1
1967,609,-0.3896725178,-0.08130913973,1
1967,641,-0.1942078471,0.2757339478,1
1967,673,-0.1102798283,0.6750324368,1
1967,705,0.1747253835,0.1492214203,1
1967,737,0.08392643929,0.08946710825,1
1967,769,0.1206337214,-0.8784253597,1
1967,801,0.539193511,-0.9681225419,1
1967,833,0.3441041112,-0.8832321167,1
1967,865,-0.2536362708,-0.1537277997,1
1967,897,16.88055038,-9.240158081,1
1967,929,-1.766495466,-0.816427052,1
1967,961,-0.2316730022,-0.7481966019,1
1967,993,-0.5436537266,-0.7112187147,1
1967,1025,-0.6340588927,-0.9663938284,1
1967,1057,-0.7171089053,-1.25420785,1
1967,1089,-1.55184257,-1.123402476,1
1967,1121,-0.9833661318,-0.6858466864,1
1967,1153,0.1442724913,-1.767014265,1
1967,1185,0.4717440605,-0.7809904814,1
1967,1217,0.2365772426,-0.05771893263,1
1967,1249,0.0229780972,-0.07383385301,1
1967,1281,-0.1033859253,-0.009828656912,1
1967,1313,-0.2851035893,-0.07083195448,1
1967,1345,-0.4683460593,0.07073879242,1
1967,1377,-0.3466495574,0.043362692,1
1967,1409,-0.4267807007,0.1577393413,1
1967,1441,-0.1699195355,0.1827348471,1
1967,1473,0.1535584331,0.2431457639,1
1967,1505,0.06380365789,0.08932415396,1
1967,1537,-0.04644311965,0.2061250806,1
1967,1569,-0.1413928866,0.2637307942,1
1967,1601,-0.219062835,0.184098497,1
1967,1633,-0.05840041488,0.07618017495,1
1967,1665,0.2144767493,0.11256437,1
1967,1697,0.2433976531,0.1492214501,1
1967,1729,0.2222902775,0.3741630614,1
1967,1761,0.04703783989,0.1625537872,1
1967,1793,-0.2441942394,-0.1992763877,1
1967,1825,0.1003387123,-0.168389529,1
1967,1857,0.2969311774,-0.2056337595,1
1967,1889,0.2028497458,-0.1233501732,1
1967,1921,-0.02038949728,-0.02087699622,1
1967,1953,-0.0681334883,-0.07687115669,1
1967,1985,0.1640221328,0.001911405474,1
1967,2017,0.3162751198,-0.05687512457,1
1999,33,-1.608861923,1.261464477,1
1999,65,0.6717528105,0.08570110798,1
1999,97,1.912564158,0.04728357494,1
1999,129,1.21103406,0.259393394,1
1999,161,1.280342579,0.1487379372,1
1999,193,1.094840527,-0.4517711699,1
1999,225,0.2321613431,-0.5811935663,1
1999,257,0.1021479368,-0.4959810376,1
1999,289,0.5417343378,-1.193287611,1
1999,321,-0.03751787543,-0.8483899832,1
1999,353,-0.9291939735,-0.9842030406,1
1999,385,-1.728490829,-3.938458204,1
1999,417,-3.871675491,-4.449280262,1
1999,449,-2.529044867,-2.215644836,1
1999,481,-0.3356074095,-0.8945536613,1
1999,513,0.5878388882,0.2965507507,1
1999,545,2.513672352,-0.1509571075,1
1999,577,2.250662088,0.3640511036,1
1999,609,1.377552986,-0.3106942773,1
1999,641,-0.1612436175,0.02608263493,1
1999,673,8.443174362,17.56604195,1
1999,705,-0.7758541107,0.2697213888,1
1999,737,-0.6779283285,0.7314459085,1
1999,769,0.1835840344,-0.1858943701,1
1999,801,0.8901649117,-0.3603588343,1
1999,833,0.7270042896,-0.491720885,1
1999,865,0.3710997105,-0.3079550862,1
1999,897,-10.25729561,-12.95745754,1
1999,929,-0.3578033447,0.1800839901,1
1999,961,0.4643104672,0.07730260491,1
1999,993,-0.04455441236,0.03339970112,1
1999,1025,-0.6075860262,-0.5111269355,1
1999,1057,-0.7092206478,-0.9128245115,1
1999,1089,-0.7119421363,-0.0416713357,1
1999,1121,-0.491722703,0.1978482604,1
1999,1153,-0.2842630744,-0.07847553492,1
1999,1185,-0.307551384,0.1976082325,1
1999,1217,-0.2710462809,0.2820181847,1
1999,1249,0.0975818336,0.06171521544,1
1999,1281,0.3688079119,0.1158342361,1
1999,1313,0.3374394178,-0.2312609553,1
1999,1345,0.1870532036,-0.1278400421,1
1999,1377,-0.01148211956,0.05816864967,1
1999,1409,-0.1726573408,0.3100255728,1
1999,1441,-0.078982234,0.1121908128,1
1999,1473,0.08224525303,0.03706806898,1
1999,1505,0.2338539511,0.1721738279,1
1999,1537,0.2552287579,0.4210552871,1
1999,1569,-0.03781765699,0.4366014004,1
1999,1601,-0.1962084025,0.1741653681,1
1999,1633,-0.03895802051,-0.3592835665,1
1999,1665,0.1600830555,-0.4049616158,1
1999,1697,0.2044810057,-0.2814557552,1
1999,1729,0.4002595544,0.007935538888,1
1999,1761,0.3680980206,-0.1391369551,1
1999,1793,0.08645960689,-0.4317602813,1
1999,1825,0.1160944253,-0.02379825711,1
1999,1857,0.09730941802,-0.1847585142,1
1999,1889,-0.2533915639,-0.1323668361,1
1999,1921,-0.3185606003,0.0867152065,1
1999,1953,-0.1323960423,0.01726675779,1
1999,1985,-0.05955666304,-0.220516324,1
1999,2017,-0.1165215001,-0.3158367276,1
