LABEL,ID,TRACK_ID,QUALITY,POSITION_X,POSITION_Y,POSITION_Z,POSITION_T,FRAME,RADIUS,VISIBILITY,MANUAL_SPOT_COLOR,MEAN_INTENSITY_CH1,MEDIAN_INTENSITY_CH1,MIN_INTENSITY_CH1,MAX_INTENSITY_CH1,TOTAL_INTENSITY_CH1,STD_INTENSITY_CH1,CONTRAST_CH1,SNR_CH1,ELLIPSE_X0,ELLIPSE_Y0,ELLIPSE_MAJOR,ELLIPSE_MINOR,ELLIPSE_THETA,ELLIPSE_ASPECTRATIO,AREA,PERIMETER,CIRCULARITY,SOLIDITY,SHAPE_INDEX
Label,Spot ID,Track ID,Quality,X,Y,Z,T,Frame,Radius,Visibility,Manual spot color,Mean intensity ch1,Median intensity ch1,Min intensity ch1,Max intensity ch1,Sum intensity ch1,Std intensity ch1,Contrast ch1,Signal/Noise ratio ch1,Ellipse center x0,Ellipse center y0,Ellipse long axis,Ellipse short axis,Ellipse angle,Ellipse aspect ratio,Area,Perimeter,Circularity,Solidity,Shape index
Label,Spot ID,Track ID,Quality,X,Y,Z,T,Frame,R,Visibility,Spot color,Mean ch1,Median ch1,Min ch1,Max ch1,Sum ch1,Std ch1,Ctrst ch1,SNR ch1,El. x0,El. y0,El. long axis,El. sh. axis,El. angle,El. a.r.,Area,Perim.,Circ.,Solidity,Shape index
,,,(quality),(pixel),(pixel),(pixel),(frame),,(pixel),,,(counts),(counts),(counts),(counts),(counts),(counts),,,(pixel),(pixel),(pixel),(pixel),(radians),,(pixel^2),(pixel),,,
ID2433,2433,0,43669.0,1479.769047182636,1472.7389833356244,0.0,2.0,2,117.8683727400092,1,,25.996565069042113,26.0,21.0,42.0,1135244.0,0.22897455713303233,-0.022702644450376352,-5.274829912644065,-4.897642879995052,-0.6158030009036783,156.49275262620233,95.40347961990621,0.3948018467026744,1.6403254184195362,43646.00000000006,900.83544833348,0.6758703229278694,0.9124949039858684,4.3119453049664855
ID2178,2178,0,44812.0,1435.6809244297638,1430.2106897885699,0.0,7.0,7,119.42442279680881,1,,18.016471375962503,18.0,0.0,35.0,807228.0,0.48409771376931066,-0.26069989297662116,-26.24742986266329,-4.335380983343052,-2.8587579996044217,152.00706856659824,98.3802714057271,0.5217297263124996,1.5450970646310833,44806.00000000007,845.2013091806507,0.788180555185696,0.9691450819228912,3.9929334676540877
ID2309,2309,0,39294.0,1472.9583306840966,1461.5397555072334,0.0,3.0,3,111.87397181562636,1,,30.98820388966569,31.0,20.0,40.0,1218921.0,0.38215809716299093,0.019975924288150246,3.176144826046701,-3.810590004419478,-1.1432128282838863,137.63211532316876,94.78993493586701,0.3228992547721547,1.4519697203747204,39319.500000000015,830.8269777855176,0.7158082020841858,0.9685560153709729,4.189928354108715
ID2405,2405,0,42372.0,1480.3096289300752,1487.6887144374925,0.0,1.0,1,116.11208046243262,1,,40.969473758764785,41.0,0.0,41.0,1735344.0,0.9472030087378366,0.3962983930733443,24.55225496977481,0.7005477885911011,-0.9226731928039005,163.88973400220704,86.91651891829969,0.2754390015582502,1.8855993779072202,42354.99999999991,875.3447309967397,0.6946344310681667,0.9742716827492593,4.253307470462206
ID2409,2409,0,36547.0,1435.5638888509031,1442.627030143905,0.0,6.0,6,107.88198887432982,1,,16.00415686703495,16.0,0.0,29.0,585208.0,0.8081251572791713,-0.14800103804773526,-6.880339434875628,-8.66960197662334,-6.635582526506919,126.67429148441826,95.35505494584066,0.26053876038816703,1.328448623477446,36563.49999999998,833.9916562104809,0.6605933752011366,0.9035275220856239,4.361519565122291
ID2442,2442,0,66779.0,1602.3350728761106,1558.1434386542876,0.0,0.0,0,145.79689365467812,1,,37.9820776187339,38.0,0.0,39.0,2536747.0,0.7130116182055902,0.3951058692926321,30.17299504310343,10.622511069717504,-2.367805665882101,227.1767551782045,99.50216314336896,0.019739010693193868,2.2831338334913784,66779.99999999991,1205.8525675247017,0.5771222974998529,0.9024568231573814,4.666282256349875
ID2640,2640,0,55684.0,1435.4374418528125,1410.3668844475158,0.0,12.0,12,133.16965812038632,1,,19.013603977099372,19.0,19.0,35.0,1059419.0,0.41234599778783443,-0.22540871316024363,-26.83680114963656,-6.550612655124424,2.9600711272447726,172.38627735889267,109.93592247516311,3.1263599367088535,1.5680614077517605,55713.49999999985,1057.9049090452143,0.6255716249336778,0.8524097307221521,4.481943848859188
ID2449,2449,0,39069.0,1460.5636560900018,1450.4429900286905,0.0,4.0,4,111.5548481927091,1,,24.98386973082134,25.0,13.0,35.0,977344.0,0.51756858299478,-0.0046906033015437585,-0.45498009472304857,-1.5760052452926923,1.2875467672252978,133.23701571467333,97.79256615094233,0.20310937735828974,1.3624452344263334,39095.49999999995,809.2703769112562,0.7501521336434683,0.9585049524369899,4.0928917418126005
ID2641,2641,0,55671.0,1423.4589088666557,1408.56904903035,0.0,11.0,11,133.12124658937867,1,,31.00524481804792,31.0,30.0,38.0,1726186.0,0.18984268266168944,-0.06123749260668056,-21.30752281117987,-9.744054495576833,-8.713446549966152,167.86560989343562,112.58629943873662,0.18852016360857737,1.4909950032133263,55672.99999999995,1066.1989532171965,0.6154290393053681,0.832418773642738,4.5187252884593905
ID2709,2709,0,44019.0,1424.9460513659462,1420.3047685048434,0.0,10.0,10,118.36019770528769,1,,25.99441175802458,26.0,0.0,31.0,1144300.0,0.3019181933360139,0.03677917396114293,6.108525790063626,-10.29829407383415,-2.769935893688128,168.19238705898212,93.65617539945559,0.2557850363838754,1.79584940706387,44010.99999999993,963.1072412089967,0.5962409555721584,0.8670751408644927,4.590859798008408
ID2237,2237,0,39095.0,1448.8219091009921,1444.4998464255548,0.0,5.0,5,111.51703431904257,1,,22.002098313672306,22.0,15.0,39.0,859820.0,0.24677809936450673,-0.08749419615022351,-17.097440127876663,-6.178078863798289,-3.7914076591706647,134.72576880350596,100.49894723252528,0.41876161676407686,1.340568956327371,39068.99999999999,875.8613854769187,0.639987364550857,0.8692430917100519,4.431178369611669
ID2525,2525,0,39614.0,1400.2009058359736,1416.7432756509775,0.0,8.0,8,112.29144525003493,1,,20.002700315457414,20.0,0.0,32.0,792607.0,0.29825147732590723,-0.09189286513902256,-13.57315239451201,-10.859482141605374,-4.750228160375904,161.11531834759327,85.47686148741528,0.2835167009080415,1.8848997909371557,39613.5,920.8671156857588,0.5870284513793422,0.8983773486489246,4.626742788328394
ID2621,2621,0,46514.0,1418.6274208566108,1409.9921250537172,0.0,9.0,9,121.71336041287176,1,,19.994392282405517,20.0,0.0,24.0,930599.0,0.25955739183589766,0.07175947532032685,10.315415494460767,-4.596169918778648,-0.3588757481572399,149.03214696093,104.67284353832463,0.07781068725848514,1.4237899910148497,46540.0,922.7477575411009,0.6868631956173185,0.9296193833831037,4.2773009576004055
ID2435,2435,1,111277.0,632.7022749530544,1427.4263380623365,0.0,6.0,6,188.2221347832656,1,,22.994052432034213,23.0,0.0,24.0,2559376.0,0.35629908548641515,0.17303161326286215,19.039105735084927,0.5860025525081842,1.3184663096176248,243.37815218738595,146.26125934645415,2.000273922744507,1.663996011485773,111299.00000000025,1359.5449560679167,0.7566830058569958,0.9627108381627907,4.075190749810827
ID2436,2436,1,106096.0,591.5698811953686,1457.8022360914047,0.0,2.0,2,183.747894634082,1,,26.99054317798248,27.0,0.0,28.0,2862644.0,0.46456071569482893,0.37995038827104594,31.993559275982562,-0.6642947361978782,-1.5513548708743912,198.97899773076074,172.61110565465142,2.265523753611374,1.152758954738778,106070.49999999977,1261.703835579427,0.837316469201031,0.9618900365456616,3.8740044503570057
ID2629,2629,1,129887.0,684.7932609574407,1392.0585802005737,0.0,12.0,12,203.3255818701505,1,,16.00202503965382,16.0,0.0,43.0,2078247.0,0.3482911400155275,-0.1537541494585121,-16.695245416771808,2.1741556020634705,-4.47077946210333,282.85886828769173,151.23921986105412,2.104166029818632,1.8702745792232907,129877.49999999999,1574.8883312210226,0.6580278183620506,0.9177519308634299,4.370013765868644
ID2345,2345,1,103744.0,610.7492263494298,1439.4606442428508,0.0,5.0,5,181.70846481096723,1,,34.99156520817066,35.0,0.0,38.0,3629920.0,0.49972634175774805,0.2208001783147517,25.328878341766337,1.6270558399968842,-1.0881109818317145,224.68525096896505,151.63004440674095,1.9902610906961933,1.4817990184468766,103729.00000000029,1294.0266649404589,0.7784372396629631,0.9420574158334041,4.01784455089615
ID2220,2220,1,121204.0,602.8885411896403,1459.334828875586,0.0,3.0,3,196.4105119162802,1,,21.994355597365946,22.0,0.0,27.0,2665320.0,0.3722287232795827,0.1875455351649821,18.663273204641264,-2.9405748250205046,-1.6139259513709476,220.00002908113126,179.4462006252882,2.3579880364720633,1.2259943554922392,121193.50000000003,1344.9630701977017,0.8419154366391358,0.9683317752902358,3.8634090765233426
ID2386,2386,1,117379.0,493.0965676876979,1529.0888169386103,0.0,0.0,0,193.28331483074413,1,,26.995024239790745,27.0,0.0,29.0,3168379.0,0.35018878318270774,0.21888189995248983,27.68596771724245,1.6959177775047434,-4.354372522946329,209.9562714692625,186.12352715221454,0.10639882567702008,1.1280479941558232,117364.99999999987,1380.8875628096673,0.77344926475573,0.9382744671665885,4.030779271713627
ID2387,2387,1,90021.0,569.6434827208224,1452.9860851886415,0.0,1.0,1,169.26815847989656,1,,35.98112557767508,36.0,0.0,38.0,3238877.0,0.7800128635389527,0.39311670228602974,26.03376454768164,-0.2764904026344149,-0.19266367836527468,176.21188050678316,163.62380104775534,-0.9187528871198306,1.0769330585062857,90012.00000000004,1182.0244380846236,0.8095755142403095,0.9671585982367832,3.9398188144490174
ID2675,2675,1,135177.0,686.1345630057618,1392.9478212246418,0.0,9.0,9,207.42811955058625,1,,33.98757175830029,34.0,0.0,37.0,4594304.0,0.5886361157980627,0.2046988375034452,19.62185732230968,-0.28470759860195394,-2.972208083816852,284.3879234635292,152.6997675304674,2.1459714261712945,1.8623991906653476,135171.50000000015,1480.7018219086594,0.7747467725021759,0.9864696717034431,4.027402582017427
ID2644,2644,1,155002.0,676.6310913978494,1395.7534344086023,0.0,10.0,10,222.12166116452386,1,,13.03264102613734,13.0,0.0,35.0,2019916.0,0.9320262114652192,-0.24709194017473832,-9.178060915136948,0.2796383858400866,-0.4830304924071913,303.881651565062,165.8671965749008,2.2109862751043114,1.8320780590744348,154999.99999999997,1636.1631598900865,0.7275927159315401,0.9470912079384574,4.15585858198148
ID2390,2390,1,109870.0,607.1041664770469,1450.2284508520752,0.0,4.0,4,187.00906097065698,1,,19.992973386245314,20.0,0.0,23.0,2196588.0,0.36319440709210715,0.2816360939519898,24.193116354690126,-2.638499947848355,-2.1446365273182706,214.82038538607796,166.85850327760988,2.040884220196537,1.2874404430481543,109869.00000000001,1318.440408456862,0.7942624397854106,0.9555861901013696,3.9776165984627125
ID2167,2167,1,146546.0,674.8795272671025,1398.158283175695,0.0,7.0,7,215.97336433366095,1,,13.992739382028606,14.0,0.0,19.0,2050552.0,0.5315706927553331,-0.03790091211979884,-2.0739657070236555,0.5351913796970911,-1.8053122810615088,296.59175320374385,157.6548895420933,2.1750497728094214,1.8812721512487878,146537.99999999977,1633.456468163176,0.690152386288344,0.9462153130902211,4.267096210496622
ID2589,2589,1,120319.0,679.3099441819096,1410.5648163156736,0.0,11.0,11,195.6863734978481,1,,17.002776623160695,17.0,0.0,45.0,2045264.0,0.3652910842547215,-0.15305303944111098,-16.82273164889242,1.2690617949218639,-4.344542881765701,247.89280412002807,156.88070562453996,2.215149031357692,1.5801357033241927,120301.50000000006,1405.6649872800301,0.7650983257513201,0.9778860691583627,4.0527172618378735
ID2527,2527,1,140037.0,687.1140750526654,1392.858140226848,0.0,8.0,8,211.12679818475684,1,,21.970264576712964,22.0,0.0,23.0,3076606.0,0.605992079154124,0.037124376962243494,2.5955336677654337,-0.42017916322969395,-0.038137355641858134,289.6916509711378,155.58303048964095,-0.900709208771673,1.8619746000539954,140034.9999999997,1533.8638746363724,0.7479504391635869,0.9783489597160682,4.09891130870436
ID2304,2304,2,22474.0,961.9878021660329,970.2646199805783,0.0,1.0,1,84.59740141406978,1,,24.011950775245456,24.0,24.0,29.0,540485.0,0.22601637838711092,-0.011846820716653812,-2.547387845118758,-1.3297489510301517,-0.9647860591005889,96.34119777307205,79.09515270311236,1.0275434674484756,1.2180417444125,22483.499999999993,612.3248179760957,0.7535465026620707,0.9821124361158428,4.083663070913581
ID2177,2177,2,22847.0,968.1737245809363,927.0044367157367,0.0,3.0,3,85.2999796795532,1,,13.001399457710137,13.0,10.0,19.0,297290.0,0.206387738054169,-0.025396358285176876,-3.283066061884973,-3.426921896280863,-3.090283543991059,95.22665629472459,79.59308686525554,0.8364679030843714,1.19641868465204,22858.500000000033,606.8307567878552,0.7800499672788797,0.9895882938655367,4.0136890212903165
ID2626,2626,2,18502.0,959.9642236684579,816.7597193342515,0.0,10.0,10,76.7702201223624,1,,9.996382875344167,10.0,8.0,11.0,185163.0,0.0919963158959635,-0.04279706047008364,-9.716556009009938,-0.2512857530919031,2.3817060770333507,87.29388760982623,71.6106931640457,1.5679090612694861,1.2190063208835793,18515.5,536.3900256724712,0.8086934425862573,0.9865725323031839,3.9419668814414406
ID2311,2311,2,20127.0,969.3064505444457,939.6527512110297,0.0,2.0,2,80.0423777393216,1,,12.06547855440826,12.0,0.0,39.0,243047.0,1.2714062690363852,-0.4909180333248708,-18.30254451142144,1.0164994424985505,2.1583154969980303,92.67397376173142,73.38725369521569,0.8165667702808852,1.262807491701697,20127.499999999996,572.7182946207369,0.7711122224081194,0.9681570023329085,4.0368827770781985
ID2440,2440,2,15952.0,958.3981983393388,853.8591101362996,0.0,6.0,6,71.27012002780575,1,,24.97018851380973,25.0,0.0,35.0,398699.0,0.8366454185278887,0.35156887635395906,15.526823567759475,1.2958358535448913,-0.5006256977876397,73.82522671501319,72.42242760262232,-1.3351773503866717,1.0193696781346235,15957.499999999996,504.2801685947701,0.7885530909380556,0.9867363344051447,3.9919901664242374
ID2248,2248,2,17456.0,961.6361618013578,839.5983947823264,0.0,7.0,7,74.53604227827493,1,,25.988374756614363,26.0,8.0,41.0,453809.0,0.7852456538041845,0.0902282607746335,5.478084481688126,0.37875999408804156,-0.6634949097422412,80.81765040825364,75.93830773445077,0.8531690512186774,1.0642540348787528,17453.499999999993,556.2818272103294,0.7087656301603447,0.9805337078651681,4.210693281208174
ID2568,2568,2,18528.0,959.4434016540813,813.3314724919094,0.0,11.0,11,76.82099511102075,1,,11.006039689387404,11.0,7.0,22.0,204096.0,0.330652289362365,-0.10911279455351669,-8.153470295602535,-1.5259566347737734,-0.374713459612546,85.18490505870747,73.03733363353344,1.4020374980253536,1.1663200286873117,18539.999999999985,552.2864493248857,0.7638196352956795,0.9804336329984131,4.056108117232328
ID2571,2571,2,19767.0,963.4119668716106,827.221849724633,0.0,9.0,9,79.31129059485147,1,,6.088140052620927,6.0,5.0,25.0,120326.0,1.3008752736819904,-0.37407465028645964,-5.593900138372251,-1.5529437663902437,-2.124148630408513,83.28608253571838,77.3341918192529,1.0979175275950173,1.076963249714646,19761.49999999999,556.9822408857494,0.8004737128486834,0.9893116395494362,3.96215439405832
ID2188,2188,2,22038.0,961.4554397492542,888.9386088138665,0.0,5.0,5,83.81111748068273,1,,7.0279827937514145,7.0,5.0,20.0,155213.0,0.5814678068703616,-0.29506366969589903,-10.1181440101579,-0.13467178103334412,3.126463981009737,90.08852489361796,81.6809207453248,1.2728063422181857,1.1029322891022184,22067.500000000004,590.4171286132032,0.7955090095496372,0.9847386153193961,3.9744988961461067
ID2546,2546,2,19319.0,965.6654887951194,839.0061568596996,0.0,8.0,8,78.40915952040825,1,,38.95778364116095,39.0,8.0,39.0,753015.0,1.1097557923361152,0.423179567307895,20.876697901507406,-0.4096541363115614,1.2016775658839793,93.8976474198618,70.65026691308638,1.1528374874824208,1.3290487286534136,19314.500000000007,581.829888983279,0.7169704870422737,0.9686308926780345,4.186530818196996
ID2610,2610,2,20831.0,964.8438405275205,807.2043181127062,0.0,12.0,12,81.42137311265274,1,,10.999375840215095,11.0,8.0,15.0,229095.0,0.12219717630886291,0.008837322147468019,1.57701713787168,0.254547847984141,2.359581872370542,92.11912373339025,76.53482274137602,1.5992654373039503,1.2036236635012039,20827.000000000007,559.4863176877117,0.8360988777859524,0.988889416456959,3.8768242355746425
ID2235,2235,2,34483.0,955.6937343830803,985.0838951799601,0.0,0.0,0,104.77002085570531,1,,9.002580084070155,9.0,7.0,14.0,310544.0,0.15961214119044773,0.04283541625903033,4.633597276599571,-2.6321801336077013,-0.22493510396872354,131.3370954275396,94.84548147877133,0.9024652970898205,1.384748048929837,34484.49999999999,805.2092720813359,0.6683689455401333,0.9727644569816641,4.336075149875493
ID2334,2334,2,23257.0,966.7627289928614,907.9409348929216,0.0,4.0,4,86.03474933605533,1,,8.998624247635426,9.0,6.0,11.0,209308.0,0.10241420808147349,-0.05330034518603553,-9.893813165057045,-1.4684202571209406,-0.2567885023607644,94.33063870555729,82.23128100622118,0.8395444710053481,1.1471381395410918,23254.00000000001,601.40808206815,0.8079212143211961,0.9896582542452232,3.943850339342914
ID2341,2341,3,63873.0,572.7964786105393,1834.7213474616726,0.0,0.0,0,142.60777602650373,1,,25.991611631036964,26.0,0.0,27.0,1660812.0,0.5047236661987292,0.3161628501605503,24.74062949262608,4.679945131493218,12.004104290771346,170.45757112622343,131.94570043005714,0.9881763014487783,1.2918766626774698,63890.49999999991,1208.2904431413576,0.549925008170487,0.7967638347622746,4.780278473692496
ID2245,2245,3,51324.0,625.9985645342531,1754.7648953928694,0.0,7.0,7,127.809800285682,1,,23.945168390502346,24.0,0.0,24.0,1229321.0,0.8885523528709484,0.43733415489808286,16.39911911657049,5.560573709443349,0.46218989300381347,144.2280891561843,121.95935895168606,-1.4316494351552185,1.1825914009052798,51318.99999999988,971.9758541296123,0.6826169949003359,0.944805493676011,4.290583751278214
ID2726,2726,3,45203.0,621.790925112731,1763.1557014390478,0.0,10.0,10,119.95299471088235,1,,32.974289191282224,33.0,0.0,35.0,1490273.0,0.8602655020891816,0.40956567706671076,22.27466436560027,0.6366378403915238,7.352463829177408,141.17042490668302,114.54553461221964,1.3381423104175114,1.2324393559696483,45203.499999999956,987.6989313231973,0.5822811871823391,0.8278498631040127,4.6455651238796785
ID2441,2441,3,48238.0,604.1755953615016,1761.894859780791,0.0,2.0,2,123.90867221542231,1,,27.981342510054315,28.0,0.0,28.0,1349764.0,0.6930214971484632,0.4139263841198793,23.640036782749114,11.15849551272069,-4.496381094129233,162.55521439695772,117.79626871010586,-1.417894066819992,1.3799691295570888,48234.00000000003,1115.6073414664818,0.48701284503504905,0.7277967226966839,5.079660931968681
ID2285,2285,3,43882.0,596.6367048027105,1769.342202622423,0.0,3.0,3,118.18122179928736,1,,26.981772198045068,27.0,0.0,27.0,1184203.0,0.6750497503704578,0.3761511612035892,21.850478496780234,3.253657655177787,1.7371653319063618,133.9625646626848,111.65410375688576,-1.453494230967898,1.199799740046933,43877.999999999956,857.6125978702754,0.7496773400320685,0.9676587017168552,4.09418761348986
ID2349,2349,3,54679.0,620.7801213174218,1765.749545059668,0.0,5.0,5,131.92569424420023,1,,35.98617562081703,36.0,0.0,38.0,1967940.0,0.7066029410950387,0.21647577040321325,18.125753967846713,7.116477276724915,-5.242464796464204,169.42092599519654,125.75686395461037,-1.5144920663513761,1.3472101694293674,54677.49999999997,1109.1029308995596,0.5585663996996605,0.8124382434008658,4.743157307457775
ID2292,2292,3,50774.0,603.0149118746779,1750.5511583170016,0.0,1.0,1,127.12494671186352,1,,21.984579025110783,22.0,0.0,36.0,1116267.0,0.7167605762949716,0.26649213539771516,12.90791031195311,2.0096348270610838,4.497000654320919,157.1674523617694,112.36605803657898,-1.5665233781155774,1.3987093176358116,50770.499999999985,1022.501728933593,0.6102295052801767,0.8465771241339636,4.5379356258960675
ID2422,2422,3,52783.0,611.9916532449076,1766.1375146060318,0.0,4.0,4,129.6102011546527,1,,20.97944141276338,21.0,0.0,23.0,1107211.0,0.609551231323348,0.3412396726461753,17.513253304081463,4.956898586295045,3.965884888821901,154.46281698271648,122.26471467107082,-1.5392288536506973,1.2633474620888645,52774.999999999956,1012.7707243226582,0.646570414072343,0.8735051930318195,4.4085626601502135
ID2583,2583,3,47194.0,622.8685369934973,1732.8107644404906,0.0,11.0,11,122.58763410973779,1,,16.006883551488965,16.0,0.0,45.0,755749.0,0.5530115386906429,-0.04511259931449068,-2.734942979648184,2.2034928274946104,-3.95296708356467,160.81739311585835,100.32159486323272,2.059806026195153,1.6030187053455327,47211.00000000002,971.4193816004276,0.6286943177958004,0.8982733196974745,4.470799198757263
ID2521,2521,3,60432.0,637.4644002503841,1753.4463577126814,0.0,8.0,8,138.70403265908087,1,,15.99821328127585,16.0,0.0,23.0,967028.0,0.32630318740582004,0.07270796474689434,6.6463107753974695,2.4658240732945367,0.9462382912901668,171.0565018578089,124.4798858215718,1.8482058606380343,1.3741698165035239,60440.49999999992,1075.9962567075372,0.6560189602406743,0.8853934724012645,4.376699569095231
ID2649,2649,3,54108.0,612.1848856578943,1745.836406267801,0.0,12.0,12,131.2617106177551,1,,21.983039260969978,22.0,0.0,43.0,1189832.0,0.44334705537971575,0.006612015537361672,0.651396856206905,-1.7756697034466262,3.2525875081926583,155.57178291218386,116.73949557841662,2.0769962659691097,1.332640527024401,54128.49999999992,925.635542858341,0.7938817370721329,0.9771281060735969,3.978570208970053
ID2684,2684,3,38846.0,606.2710981865596,1751.6272839569715,0.0,9.0,9,111.2154915348116,1,,35.973697755816346,36.0,0.0,37.0,1397794.0,0.9293553847291941,0.3111302606179072,18.370867692158455,0.12804976625974598,-6.667813230977282,144.49621264492941,93.41017659340329,-1.314953732906166,1.546900112114057,38858.000000000044,829.6035501113171,0.7094946161445185,0.9407919425714538,4.208529540154381
ID2429,2429,3,56100.0,628.091593732732,1763.329768334492,0.0,6.0,6,133.6319681992181,1,,20.99789698805917,21.0,0.0,23.0,1178192.0,0.2546245476750412,0.1873570628321978,26.025210772595543,7.7668961786488175,-8.130941864929415,176.23984173459147,123.77567075843787,1.9464416152591908,1.4238649700274566,56100.99999999999,1140.0263275834984,0.5424387477292483,0.8038716980591357,4.813152029864178
ID2432,2432,4,60811.0,1033.9266767548836,1815.5440619328804,0.0,4.0,4,139.11249458735168,1,,21.989361002400763,22.0,0.0,24.0,1337261.0,0.4724170641504282,0.16184069043592372,12.967557088550507,-0.2992167136374866,4.467076834453639,239.37511207705984,84.35885948231,1.699182348753817,2.837581180519121,60797.00000000008,1139.251573668068,0.5886440241344614,0.9556797371751049,4.620389223919168
ID2354,2354,4,48647.0,1036.186464438732,1794.0995064267352,0.0,3.0,3,124.40987989579772,1,,38.9909939548464,39.0,0.0,39.0,1896288.0,0.4135665193087453,0.32734887193420276,46.50232775595891,-3.6624790773589324,1.995120050017232,203.492563781172,83.48734773743915,1.6600516624217245,2.437406017749413,48624.99999999997,1067.5465267430295,0.5361617827538456,0.8468377467585049,4.841244367774266
ID2418,2418,4,60885.0,1037.0108014299713,1776.2593164386487,0.0,6.0,6,139.2154231400833,1,,17.99998357856017,18.0,0.0,26.0,1096127.0,0.20643240027361695,0.1185009766380436,18.476078732404204,-0.8622914943610192,7.6712740151320435,233.8924123831633,90.72715347191395,1.6085278739091982,2.5779758697661386,60886.99999999992,1114.9740712421265,0.6154671875091012,0.948321781792694,4.518585245311961
ID2725,2725,4,76854.0,1023.8916908991949,1806.5164672768708,0.0,12.0,12,156.41335843572668,1,,41.984871544715446,42.0,0.0,43.0,3227587.0,0.6954803152740289,0.18049494654198014,18.46030605481257,3.293763682433605,4.112251868577179,255.21636274235152,103.71551821596884,1.6723370693581514,2.46073458564715,76859.50000000016,1259.1862849555073,0.6091544897258656,0.9462600570025071,4.541938059657606
ID2631,2631,4,48133.0,1038.0431928198948,1833.9535315341518,0.0,11.0,11,123.7788744159698,1,,27.98257094187544,28.0,0.0,29.0,1347025.0,0.6394067206123982,0.20154552362895517,14.681598373583569,4.605689682826199,-6.661886937886586,207.97011500738412,81.13023364468062,-1.4831979820238657,2.5634107738209364,48133.00000000007,1018.4429228890249,0.5831488260565402,0.8988925616747916,4.642107881842115
ID2299,2299,4,66670.0,1024.608456300653,1818.5356236387324,0.0,1.0,1,145.6554601417081,1,,22.990143127194166,23.0,0.0,23.0,1532385.0,0.4156720836076669,0.25587444045683005,22.53727979817254,3.97730940860278,2.61770500720622,223.86938922073324,101.42693961008742,-1.3961049819790543,2.207198502501877,66650.49999999993,1181.2269230068946,0.6002699485763704,0.8649113358984162,4.575427005058941
ID2523,2523,4,57755.0,1034.4793522582656,1771.9225904474977,0.0,8.0,8,135.58697696165999,1,,18.013850175724105,18.0,15.0,30.0,1040498.0,0.3676900609829535,0.10112277326482817,8.998453528212151,-1.1428207695480939,6.911204519992895,239.66209554956782,84.944667537634,-1.4959009664635832,2.8213907064076458,57754.49999999993,1185.3612691518676,0.516528425657336,0.8476853754476593,4.9323946575307165
ID2604,2604,4,79555.0,989.3161376658625,1874.6295591241121,0.0,9.0,9,159.1614714120563,1,,15.99793959495452,16.0,0.0,35.0,1273372.0,0.3245830116635186,0.013941937758640645,1.3554338146578682,1.6976607621113387,3.951095598981669,193.31143475879918,135.01757268716253,2.0948751331407625,1.4317501856347565,79584.00000000006,1143.7056823318703,0.7645520725436676,0.9549029606743267,4.054164785555898
ID2445,2445,4,52174.0,1027.8007173472843,1795.928348312669,0.0,2.0,2,128.88120417938677,1,,28.981742595501743,29.0,0.0,29.0,1512789.0,0.5117468084281668,0.3792672754795308,31.145570285486738,-5.334336948339777,10.451571307747413,205.56977224878503,91.62664142402534,1.8595414040757496,2.2435589589872578,52183.0000000001,1157.784830572025,0.489196337487755,0.7849192262567325,5.068311904419765
ID2333,2333,4,67457.0,1021.3611821319085,1802.473624728577,0.0,5.0,5,146.54654740385746,1,,32.994264117385505,33.0,0.0,34.0,2226123.0,0.42273045339763005,0.1179462821451422,16.469037810056307,1.5812541388516776,-2.5929180617981946,239.4014461505496,91.88330659819877,1.7077750037382036,2.6054944582854476,67468.49999999988,1191.9555849362919,0.596747726422911,0.9693958921528465,4.588910056129559
ID2735,2735,4,50536.0,1039.5596029547553,1877.1777437013588,0.0,10.0,10,126.8360423843664,1,,37.9834972396462,38.0,0.0,39.0,1919572.0,0.7229124676223054,0.2633168030311678,21.903097213823518,-0.6230983460485491,-2.752136863968724,192.8221488844615,88.93457671193983,1.6907703001925816,2.168134779670845,50540.00000000002,986.1296446010343,0.6530960731000974,0.9232905241235684,4.386482446570968
ID2483,2483,5,57970.0,1439.0349263015084,463.8233478200883,0.0,4.0,4,135.85610196263136,1,,32.97498619928236,33.0,0.0,33.0,1911494.0,0.8991222527845676,0.39134016615315637,20.6308429955747,0.7061847529138613,-2.4021796050934197,193.840079748363,98.90615496132301,-1.441583382059515,1.9598383925061453,57983.999999999905,1014.5658979470245,0.7078765321545247,0.9577325206877743,4.213336781898349
ID2420,2420,5,39590.0,1451.6657385308936,512.5526364527956,0.0,0.0,0,112.26593026555422,1,,34.959137286594604,35.0,0.0,35.0,1384242.0,1.1617932080440039,0.8014383740520622,26.77395891206332,-5.656613807561232,-1.0187844303574305,139.42166782316343,95.0380652407611,0.13350733441074625,1.4670086924640648,39595.5,799.9588198212791,0.7775358700750848,0.9858946267616153,4.020172748248273
ID2138,2138,5,73368.0,1432.8500006816912,448.3438813675633,0.0,1.0,1,152.79749743344115,1,,2.001240644044227,2.0,0.0,39.0,146789.0,0.24722066063407083,-0.553755320489212,-20.090438154248503,-0.20024173217903907,2.334303064279504,209.06475946475754,114.41119260261864,-1.5401319963686582,1.8273103767993804,73346.99999999987,1122.0132542781212,0.7321435568882831,0.934642438452519,4.1429225039630255
ID2140,2140,5,53958.0,1455.5286894489193,476.26261844515915,0.0,3.0,3,131.03963509231735,1,,1.0082689063166286,1.0,0.0,37.0,54383.0,0.5499776172561701,-0.8431439833714169,-19.70887877454886,-0.7573998570384202,0.8144572484725079,167.22746996925443,106.22681035867204,1.740727193221721,1.5742491881721314,53945.50000000004,935.6440666255372,0.7743614975699236,0.9412190632387971,4.02840435206111
ID2191,2191,5,57387.0,1419.487869391263,487.0798012879698,0.0,2.0,2,135.17374891822783,1,,2.0016550234316477,2.0,0.0,34.0,114897.0,0.2141689543073181,-0.5860403841356894,-26.462585812387967,-0.3638971418067594,5.5298749181772395,185.84092043420767,105.1039825945827,1.3589584841027604,1.768162498190495,57402.999999999876,1027.5292366321698,0.6832129324218323,0.9650725868141639,4.288712096380083
ID2448,2448,6,60542.0,1404.6957701232957,1878.2493868247848,0.0,2.0,2,138.82446187160494,1,,29.97867525602907,30.0,0.0,31.0,1814909.0,0.7656748300550855,0.33171809307930394,19.505402763578523,0.6177541424817299,2.6276349025362316,162.72199942663968,122.08531533633257,1.0335768512291255,1.332854807135135,60545.49999999997,999.4841608034742,0.761622739095011,0.9543516467927141,4.061953814507314
ID2496,2496,6,54399.0,1410.7254914580997,1878.9985686876676,0.0,4.0,4,131.5650914976628,1,,36.96719744051778,37.0,0.0,37.0,2010498.0,1.0496498602682518,0.3941947733434757,19.91542055123301,2.4489283957192005,-1.2654960351311582,151.2702491379912,116.14602427226552,0.8320161625723268,1.3024143537052002,54379.00000000009,955.0453112058924,0.7491919933401844,0.937253854307605,4.095513561118618
ID2289,2289,6,74070.0,1395.0714449696152,1846.6317870808014,0.0,5.0,5,153.52800093764566,1,,29.99176065374485,30.0,0.0,31.0,2220440.0,0.4936993131345874,0.2181151251767114,21.75539040382161,3.0749074709601882,1.8358272220985605,199.98499859820677,121.92358629073996,0.8855655862363649,1.6402486564110814,74050.00000000009,1136.710011988266,0.7201708794744507,0.9421419256337679,4.1772181254329785
ID2260,2260,6,57453.0,1406.3418377559813,1836.4250543221265,0.0,7.0,7,135.22966433516663,1,,31.991867228588347,32.0,0.0,33.0,1837037.0,0.4489431927845733,0.2745799608341427,30.70293874502473,-2.8525928407881698,1.1149674913049896,171.16715552911475,115.43500640533014,0.490658038607775,1.4828011091201465,57450.49999999991,1024.5249512715072,0.6877943397589662,0.9391019353995014,4.274404646598243
ID2724,2724,6,81555.0,1418.029742895031,1852.0990854312633,0.0,10.0,10,161.13367106592744,1,,31.992142296753947,32.0,0.0,39.0,2609791.0,0.5155499634207045,0.1740470702482302,18.398557149582654,0.2593579780671664,-3.2674940781107487,213.96207786880507,129.31482069828206,0.9211489544343862,1.6545827981157888,81568.49999999991,1236.1534989521458,0.6707914756749607,0.9236766562675157,4.328238307743658
ID2293,2293,6,73822.0,1413.6151724075653,1886.4625001693148,0.0,3.0,3,153.29665347714126,1,,27.98986820539911,28.0,0.0,38.0,2066408.0,0.6327769362210149,0.08969204931839822,7.281659597030713,-0.21149747286341894,0.8798849604271732,167.84293378935078,141.6294033273835,0.9350853113259487,1.1850853696062913,73827.00000000004,1046.926661744808,0.8464329573670186,0.9774656092361882,3.8530855298998588
ID2342,2342,6,65374.0,1404.9718484920338,1876.4090503471293,0.0,1.0,1,144.24894490044383,1,,33.984837357324274,34.0,0.0,35.0,2221181.0,0.687328381629722,0.27701994463781104,21.451826313817026,-2.2288639885237727,-2.3340919158707654,179.46707432843635,117.82959609097001,1.0584182193715526,1.5231069296875064,65369.49999999992,1038.6134299338087,0.761512714995366,0.9528526033467425,4.062247241433093
ID2534,2534,6,72436.0,1395.9207720829393,1843.0132351485777,0.0,8.0,8,151.82309196250785,1,,28.988909146156182,29.0,0.0,31.0,2098855.0,0.5520152597604389,0.23316355644971554,19.85869815811099,1.7064065027313402,2.0788260817285686,201.79508049561022,120.97364523351175,0.9663170428692207,1.6680912615809114,72414.50000000001,1139.9940712444602,0.7002130732555959,0.9518830101873154,4.236330402631718
ID2598,2598,6,87440.0,1428.9716561590596,1869.3791567979067,0.0,9.0,9,166.7912741206948,1,,14.998215123396758,15.0,0.0,22.0,1310859.0,0.27471061452093015,-0.020919514042346248,-2.333067644004619,-2.8093739483650584,-3.2207920607357967,219.48821674193923,133.5801898970315,0.9173781076925921,1.6431195142867276,87397.0,1240.0600275702902,0.7142018521988719,0.942199367173898,4.194637604499803
ID2663,2663,6,65785.0,1422.919899900204,1849.5822986479434,0.0,11.0,11,144.724250976744,1,,35.985208719710556,36.0,0.0,38.0,2367179.0,0.6635422759868748,0.2154771043926427,19.22825052008627,-0.28338968004022014,-0.43204789772082663,155.7052279245515,136.3672981527052,0.7877533252937441,1.1418076770149947,65800.99999999994,1035.4993060718298,0.771156872638039,0.9715264397345311,4.036765906983586
ID2682,2682,6,70875.0,1421.1395724566107,1837.3867010018344,0.0,12.0,12,150.19527833405834,1,,30.970280682443587,31.0,20.0,33.0,2194647.0,0.5898127948125629,0.22870523231149018,19.547415317944807,-3.3380209708863,1.611438795161309,178.33572732991877,134.2506378106944,0.7522528765922049,1.3283789949764586,70870.00000000003,1105.8727419657264,0.728218972855613,0.9169896034831894,4.154071210938844
ID2447,2447,6,47936.0,1367.6590709156974,1807.2623394008936,0.0,6.0,6,123.5208023755697,1,,26.989378130217027,27.0,0.0,30.0,1293331.0,0.5026608276800947,0.24373283139200577,21.044313673463545,2.404454483514793,8.73269365389864,155.9200228683616,110.54175723837534,0.953906096409941,1.4105079090802881,47932.5,996.9976302116945,0.6059707939246374,0.89476386036961,4.553853820322073
ID2208,2208,7,74292.0,1046.0774054167982,562.5323958536536,0.0,0.0,0,153.81850667258553,1,,2.0715217537489075,2.0,0.0,34.0,154028.0,1.479439416314483,-0.48383441441422553,-2.6250042999674137,4.029763618267593,-5.441722545536208,178.60040869979153,144.08738227377572,1.9399679456899364,1.2395284436526075,74330.49999999994,1209.0134553252458,0.6390202926115646,0.8630035992104952,4.434530100565296
ID2145,2145,7,55233.0,1052.3164358347667,546.4879876889653,0.0,3.0,3,132.5965556240495,1,,3.001285416855255,3.0,0.0,10.0,165776.0,0.10738295600166818,-0.1447445868252629,-9.460376879530179,-1.0518168082767758,0.01386275372331295,140.66507820983628,126.46749791728486,-0.6356685757761716,1.1122626803436662,55234.99999999992,939.0415597788345,0.7871447356440058,0.9244119394492175,3.9955597945378676
ID2146,2146,7,61066.0,1058.0993945647308,490.0906651599026,0.0,7.0,7,139.4107780288521,1,,2.0051266092311724,2.0,0.0,41.0,122421.0,0.4183910960114566,-0.764335884308385,-31.087095973346294,-2.904196157462166,1.5341357181296928,146.369656106227,135.91816835742216,-1.031780808764481,1.0768954428617719,61057.99999999994,1003.5746673755042,0.7618212073999814,0.9229048421593589,4.0614246735534545
ID2564,2564,7,58778.0,1055.3067909480496,478.0613196175696,0.0,9.0,9,136.7673985518749,1,,2.006414510064145,2.0,0.0,40.0,117923.0,0.45431343411246233,-0.7011637211076104,-20.72436314545549,0.4382658920429148,0.23707244667830696,149.13266811102878,127.65991736653264,1.5348077970165923,1.1682027623662354,58764.500000000065,931.9102416311631,0.8503089299437637,0.9645225355349124,3.844293718362659
ID2279,2279,7,62582.0,1059.0252400165116,518.5102771008935,0.0,6.0,6,141.1404564683602,1,,1.0229763844949349,1.0,0.0,41.0,64024.0,0.9257396219848486,-0.9119199278712712,-22.881568760290897,-9.667962519671082,-1.7170000645174894,152.46609693852233,137.26074379313272,0.3619172949853538,1.1107771437426113,62582.50000000002,1074.4124722940792,0.6812722348331409,0.8676227974102676,4.294816245248568
ID2507,2507,7,55924.0,1050.0248600347418,480.9174555075845,0.0,8.0,8,133.43590576947273,1,,2.001555543635681,2.0,0.0,9.0,111945.0,0.09687439976362738,-0.27019190809608495,-15.29862084390731,-0.36931121672571876,2.374052635344882,152.91356838324847,120.98962694161503,1.615944894861297,1.2638568466455287,55936.499999999985,930.1319840083298,0.8124862044986064,0.9452804839922598,3.93275538301299
ID2158,2158,7,66032.0,1064.8696127952503,524.726597702368,0.0,5.0,5,144.96982817242247,1,,2.0160955740956648,2.0,0.0,21.0,133149.0,0.5486518961909786,-0.36187664201336445,-4.167735384285994,-1.4669449437788917,0.16028282224568163,154.8715349024013,138.69768945542376,-1.3239565268454765,1.116612219788821,66024.50000000001,1013.300481188115,0.8080504700843815,0.9406338374304584,3.9435348975533704
ID2194,2194,7,66302.0,1048.6276975478552,565.2937357817076,0.0,2.0,2,145.27470952888112,1,,3.004222845594667,3.0,0.0,37.0,199198.0,0.375375389180912,-0.6307895598408197,-27.3468222778395,-4.9127809719160185,1.6379858476274614,162.6981988557651,132.00619750981122,-1.3276283583309423,1.2325042454440271,66302.5,1015.2603314954479,0.8083229935703707,0.9515079325215444,3.942870066486688
ID2580,2580,7,61485.0,1049.1125364929374,433.34409078710894,0.0,12.0,12,139.89683412095965,1,,1.0013334851121265,1.0,0.0,9.0,61575.0,0.09926309620699958,-0.6109910400643628,-31.688096697375286,2.456796370021678,3.6065099559119536,158.5621101505667,128.7965776863286,1.4377848240822468,1.231104995170983,61484.500000000065,976.798628794092,0.8097769808049952,0.948395804411539,3.9393286849712292
ID2457,2457,7,54719.0,1054.976304956565,543.2231855840045,0.0,4.0,4,131.95102617798804,1,,26.98327453525143,27.0,0.0,30.0,1476174.0,0.6540707762992343,0.5484477759228938,29.223930026079557,0.8126708654443158,0.09754864776472064,145.83156287606494,125.51979578895978,-1.3975803899761923,1.1618212247672546,54698.50000000002,930.947364706429,0.7931129243291737,0.9348173467207866,3.9804980772951346
ID2553,2553,7,64044.0,1051.7935886028858,433.1232120464751,0.0,11.0,11,142.8001618997408,1,,1.0024501771306398,1.0,0.0,9.0,64234.0,0.1190809612501908,-0.5489603386914975,-20.491639036826193,-2.1513586021688695,2.129490533375995,159.51736303471156,130.34049739006196,-1.2468691782425128,1.2238511148022844,64063.0,995.3771340974827,0.8125345122654383,0.9439978780935258,3.93263847385342
ID2139,2139,7,65531.0,1042.7817256817257,579.1256817256817,0.0,1.0,1,144.4149013875021,1,,3.01019287109375,3.0,0.0,30.0,197276.0,0.4749816372129236,-0.5702099583503234,-16.81612579897432,0.8125997761204626,-0.23305581836421585,160.24462087299463,134.5074994594134,-1.50773072775548,1.1913433936175968,65519.99999999997,1017.4249537595708,0.7953879048809407,0.9405482224758291,3.974801460497927
ID2591,2591,7,60158.0,1050.2079073787795,464.3913905927071,0.0,10.0,10,138.380650536593,1,,2.004737052057709,2.0,0.0,27.0,120613.0,0.33100330161740477,-0.36843538329160636,-7.066406682196216,-1.6249055225538789,0.9958531132844083,155.06861004342957,126.76784054473596,-1.3899714320019734,1.22324880961198,60159.000000000044,976.7119767408934,0.7924601752417171,0.9462160950635833,3.9821371070793754
ID2592,2592,8,58332.0,1558.9443606488067,1650.886995869256,0.0,9.0,9,136.27602022960932,1,,14.006736834887548,14.0,0.0,24.0,817097.0,0.2766397825313467,-0.1651312212833647,-20.02918614710421,-0.27808750127791815,5.459703644704356,188.8825443705541,103.818734125726,1.471611868011087,1.8193493299755956,58342.999999999956,1041.5501117947097,0.6758312681887921,0.9386468028283438,4.312069891881821
ID2533,2533,8,57223.0,1563.0825425950197,1674.946622979467,0.0,8.0,8,134.96400719031502,1,,27.999004053676266,28.0,19.0,31.0,1602439.0,0.144254663812275,0.08764478330496951,31.28107766634286,0.40133003577504295,-0.2361413906068513,187.32159361828465,99.83638322958565,1.5626707402401792,1.8762858545017236,57224.99999999995,1030.5754690000656,0.677073886339142,0.945320888742049,4.308111153292762
ID2454,2454,8,62392.0,1606.8178889361031,1710.9459392646872,0.0,2.0,2,140.89328794170012,1,,30.98664272084409,31.0,0.0,42.0,1932420.0,0.6491350962751639,0.14585519916887493,12.152387377979187,10.99193350017938,4.521330139694223,178.8087032442353,126.7659721922025,-0.6561596502728275,1.4105418051235834,62363.49999999998,1242.5860750176691,0.5075599899818286,0.7696964460927999,4.975780822692896
ID2378,2378,8,51155.0,1576.3383270606253,1750.5522866871954,0.0,1.0,1,127.59606147364202,1,,34.98010086398999,35.0,0.0,35.0,1789512.0,0.8052758996625073,0.3805636075787758,23.948437630144717,-2.3448034086342506,1.56167334547573,168.4578676667364,115.19606228505063,-1.1449524771091197,1.4623578647149447,51147.5,1098.1921178434297,0.5329391568116559,0.8462454810929758,4.855859549783234
ID2666,2666,8,58436.0,1567.3870021699643,1649.7573817283865,0.0,11.0,11,136.40034344714613,1,,36.99613357968932,37.0,0.0,41.0,2162498.0,0.3582343799135516,0.051582991162085375,10.131693441620648,-2.316167363172643,2.4364783475773697,180.0143337070917,106.86482716178995,1.568047636692039,1.6845049815553974,58449.49999999984,1048.1123667950837,0.6686132422849168,0.9293260936965845,4.335282923701053
ID2283,2283,8,49171.0,1563.5039071368788,1705.4197122341166,0.0,5.0,5,125.12231730239203,1,,28.99524312896406,29.0,22.0,30.0,1426334.0,0.2116183255576077,-0.0011800106507782668,-0.3237443357219999,-3.0885799284199646,4.771733953038229,173.61803438770423,92.52756234606875,1.6735136606620313,1.876392611947815,49183.50000000001,957.22337171525,0.674532232228739,0.9546301508122902,4.316220056450964
ID2236,2236,8,58254.0,1571.6898942393789,1671.4383086882765,0.0,7.0,7,136.17963549668778,1,,22.00974806068511,22.0,18.0,34.0,1282464.0,0.3311211077623096,-0.1196644536826476,-18.07070619317732,0.2022283250552388,2.865017895493254,169.96810899645772,112.18453090015849,1.5867413662672176,1.5150761663185561,58260.50000000003,964.6320825373305,0.7867933264606245,0.9756426358536388,3.99645197270908
ID2317,2317,8,75537.0,1615.2077556368833,1687.580468289842,0.0,3.0,3,155.0767209029605,1,,32.00381305441547,32.0,0.0,41.0,2417248.0,0.2554572409282682,0.028891877401094626,7.035897887941507,18.33413652120167,8.033299965611478,186.2091559395908,145.89995974555558,-0.5186819430794215,1.2762796937321508,75551.50000000012,1348.0210124310731,0.5224679224117615,0.7768671948504662,4.904278406125319
ID2493,2493,8,79890.0,1628.4665949264663,1726.111230678112,0.0,4.0,4,159.4951080254068,1,,35.98461808032641,36.0,0.0,37.0,2875135.0,0.6806554873225068,0.29502336911322846,24.08786763847884,8.449301685674719,0.45077488927241605,193.57991772693276,144.93117049428517,-0.7455850803070806,1.3356679385582266,79918.00000000001,1267.6534952189304,0.6249616301803151,0.909295710547275,4.484130619457611
ID2462,2462,8,47482.0,1556.2968923340495,1696.5985451685833,0.0,6.0,6,122.92861154625191,1,,29.99307207985007,30.0,0.0,42.0,1424341.0,0.47801040820423935,0.09327059321451826,10.706084484036971,-3.7519726159555318,7.49900692886484,163.92693146863346,97.9532137970601,-1.427172448757316,1.673522747382827,47474.00000000007,957.7711953825334,0.650342514987802,0.9520123528586052,4.395758847838251
ID2687,2687,8,89053.0,1632.8528477282168,1640.7671426914108,0.0,12.0,12,168.38105556230624,1,,31.997102881397804,32.0,19.0,34.0,2849470.0,0.22135069912868996,0.16288935518658293,40.4961805735487,2.403244147355393,1.4362316777593715,196.2468543519994,152.29303269437543,-0.1440644524339754,1.2886134767953,89071.00000000012,1260.677117256903,0.7042688052644608,0.9295124992825513,4.2241147342740675
ID2625,2625,9,95737.0,1117.5847869836496,855.8225171304421,0.0,10.0,10,174.56722276444492,1,,8.998506293414112,9.0,0.0,16.0,861472.0,0.1289059109055774,-0.040219603268469135,-5.850506891802762,-3.631336625166381,2.846781912952085,245.27140703483357,127.67005910732041,1.5147089686224589,1.9211349062559497,95735.99999999984,1349.5431576337605,0.6605589584811933,0.9025184654471052,4.36163318650329
ID2338,2338,9,57916.0,1190.721503649467,970.2449546406945,0.0,4.0,4,135.76703903794524,1,,10.002417586212852,10.0,0.0,31.0,579230.0,0.32096673329519776,-0.23866298218578022,-19.538133451638547,0.5443564956950645,0.8647402945379664,151.01463954077468,123.7941357774967,2.873357941569084,1.2198852440975327,57907.999999999985,915.860939300941,0.8675396951803369,0.9793253904499367,3.805925249555145
ID2180,2180,9,56585.0,1189.280680505458,989.0554170497677,0.0,3.0,3,134.1727763855637,1,,14.001220159151194,14.0,0.0,36.0,791769.0,0.33501858814490876,-0.09773927625564502,-9.054491023489778,-2.2563726523426313,-2.32800059477687,157.1395302173966,118.46570433156815,2.829018410409269,1.326455881084251,56556.000000000044,921.6145930434401,0.8367387156723858,0.9847814730976848,3.8753416859059566
ID2310,2310,9,45997.0,1215.5517943589298,1015.1147237440938,0.0,1.0,1,120.99992365662726,1,,25.985720805894243,26.0,0.0,27.0,1195629.0,0.5163195991655098,0.3372507542435628,25.385529756268724,4.071014259239631,-1.7147891662054011,160.725618610771,99.45877237555486,-0.5113964402655637,1.6160024377123159,45995.99999999997,935.9924583990766,0.6597588587722242,0.9455734065188558,4.364277094972302
ID2343,2343,9,56458.0,1153.9216956059531,974.8797867942358,0.0,6.0,6,134.0351072525894,1,,5.011181599092714,5.0,0.0,35.0,282791.0,0.601427545896092,-0.5397810894802106,-19.54519588189558,-0.7181726434107859,0.9257909916711503,149.0931488417871,123.86458765917062,2.4789227149958752,1.2036785626900572,56439.999999999985,926.4957275826492,0.8262472502661564,0.9704931563381244,3.899868097382613
ID2155,2155,9,57368.0,1150.6690803986364,978.8421541358956,0.0,7.0,7,135.10603087261703,1,,10.016042407756155,10.0,0.0,43.0,574400.0,0.7526175222918559,-0.515341587791341,-28.301617758974622,0.8582776096491076,-1.862382031981042,160.8533150494656,118.56380082087912,2.3227101861183836,1.3566814992079714,57345.499999999935,947.0913702919034,0.8033882005490093,0.9625038813685903,3.9549610208774286
ID2572,2572,9,56193.0,1131.0301231623537,959.0487191352532,0.0,9.0,9,133.7331644175164,1,,7.002580851859103,7.0,0.0,40.0,393426.0,0.40061151185886473,-0.3899810572407154,-22.349349841838038,-2.4401328194895564,-0.3818083433209276,158.7269226820576,116.47737361762674,2.104045303435095,1.362727521682693,56186.000000000044,946.2154484542566,0.7886020655294066,0.9580207338698683,3.9918662071226465
ID2606,2606,9,52848.0,1114.8618962038088,940.92749085635,0.0,11.0,11,129.71453497459402,1,,21.992111386466394,22.0,0.0,23.0,1162525.0,0.35462754699729004,0.06449457525735504,7.514570937120574,-1.512370722549628,-3.623425575072606,165.2094348385044,105.34622550834118,2.288854598009161,1.5682520568847844,52860.00000000001,947.210229907186,0.7403622442326603,0.9679545870719651,4.119863246228951
ID2192,2192,9,67277.0,1166.4647543806188,958.2860885463505,0.0,5.0,5,146.33679218828604,1,,9.002363503931742,9.0,0.0,26.0,605616.0,0.2818651724250601,-0.21864142647509402,-17.874223904608183,-1.982340309331596,-0.6790092458290248,153.08364458318522,143.84962880728958,-0.34577963967589115,1.0641921418390738,67275.50000000003,1004.4378251299984,0.8379549681060569,0.9650352158134068,3.8725282260565392
ID2516,2516,9,53914.0,1138.2860154429175,965.4061740759287,0.0,8.0,8,131.00744541110552,1,,11.014226360500055,11.0,0.0,39.0,593821.0,0.6387427423782155,-0.39529032927110447,-22.543808688505017,-4.402679870378819,-1.2132422863005246,153.61012857235107,115.78042609131681,2.3085483023416185,1.3267365975246777,53918.99999999994,934.6793759752136,0.7755795925518922,0.9524137565576801,4.025239681816054
ID2612,2612,9,59732.0,1125.5840907442432,910.4898983981387,0.0,12.0,12,137.90136884845705,1,,11.99869436400462,12.0,0.0,38.0,716814.0,0.3086168523808742,-0.24340405934081666,-25.015440743551814,-6.717040584519273,3.0284657439700884,164.98323965091276,124.29358502958078,1.932447883674062,1.3273672942304158,59742.99999999998,1032.8799869042912,0.7037155791915,0.9162896274597013,4.225774802182931
ID2456,2456,9,46985.0,1215.7586301700314,1005.0901507330899,0.0,2.0,2,122.28931236107168,1,,31.991956762277642,32.0,0.0,35.0,1503494.0,0.49176557343287264,0.3565204381234292,34.19564246848146,4.501037664817806,-4.039452913569894,157.39800754948894,97.63755003882756,2.585652643352489,1.6120642876321294,46981.499999999985,909.8219927136487,0.7132206047871543,0.9611108269830713,4.1975220995281814
ID2238,2238,9,49109.0,1283.1226513693912,1008.0883716274224,0.0,0.0,0,125.03579173524663,1,,9.996497230368199,10.0,0.0,15.0,490868.0,0.17145058236634636,0.07646496365605855,8.283263335148078,18.082291533754564,-10.257575235256112,191.47651779784238,94.19219136692085,2.5824085080765973,2.0328279342387887,49115.49999999999,1005.9233179008246,0.6099562456733532,0.9424355518032059,4.538952006711377
ID2481,2481,10,39474.0,1105.730934252256,772.9957791206889,0.0,6.0,6,112.08290290259512,1,,34.97600466224092,35.0,1.0,36.0,1380363.0,0.8616478429871134,0.46040504848235647,25.593939571799773,-1.5922856234745355,4.379544781542799,130.2803778289288,103.53702759089845,-0.8965927543622116,1.2582974502967215,39466.49999999998,919.7410554691028,0.5862830408176227,0.8113166820844893,4.629683115076352
ID2306,2306,10,53133.0,1113.1335102012656,865.7439805319837,0.0,1.0,1,130.06619668849368,1,,24.989572746094485,25.0,0.0,29.0,1327696.0,0.4683959254823101,0.27488221774902954,23.006592518516,0.11823833426941674,4.970070598618722,153.7363230683797,118.898228153593,2.145134301375603,1.2930076877998786,53147.000000000015,977.2486720224874,0.6993240128586654,0.9301027283386711,4.239022400350856
ID2514,2514,10,46664.0,1118.89305381347,746.0450172779155,0.0,8.0,8,121.84339923306851,1,,9.013785858239356,9.0,2.0,39.0,420421.0,0.6366745040224443,-0.3224859123969665,-13.477588454129291,0.7242916306738336,0.7355599608319885,127.68079606776787,118.92211730596969,2.733427820742132,1.0736505450812261,46639.500000000044,830.51542550322,0.8497053320764328,0.9710998906876276,3.8456588948930035
ID2563,2563,10,46707.0,1111.8902064871497,718.7444346932659,0.0,11.0,11,121.94589481706362,1,,9.000406826113954,9.0,1.0,22.0,420346.0,0.2067856760967153,-0.1562536238781461,-16.120921444307836,-1.9776362349416645,-0.5734056215772635,124.80392836260006,120.92991330317795,0.8725539924996689,1.0320352091025629,46718.00000000003,853.239045379685,0.806403982812242,0.9585342333654779,3.9475587300548467
ID2164,2164,10,55235.0,1162.4052270717716,737.3822286802406,0.0,5.0,5,132.58875347894886,1,,5.004544137881092,5.0,0.0,24.0,276431.0,0.324990600762116,-0.4272206012499046,-22.97145565939861,1.900456218254831,2.024802939099733,169.46797636548058,109.29964309658753,2.8452137097348427,1.5504897505998496,55228.49999999997,974.3064387498729,0.7311087250182633,0.9295536405560977,4.145853471753645
ID2325,2325,10,38841.0,1115.764125112121,789.6884278154733,0.0,4.0,4,111.18185677080784,1,,6.010763209393346,6.0,5.0,30.0,233434.0,0.43991352365073966,-0.5007782263250868,-27.412220766005298,-0.34969612156203417,1.0707498856287576,128.83895083630085,102.86204754686449,0.019024945454356068,1.252541184129172,38834.50000000003,816.3574109347334,0.7322626831927853,0.9207288159704118,4.142585499816215
ID2231,2231,10,73694.0,1133.4526937020678,883.4772413216001,0.0,0.0,0,153.1579890096667,1,,7.998181127158214,8.0,0.0,10.0,589242.0,0.12438205068077503,0.25791034329914875,26.3683278150438,0.6233789650761099,5.4993502118535735,185.30144235915938,138.485098209502,-1.1370886699532596,1.3380605188208265,73693.50000000003,1179.0030183292915,0.666207033692439,0.8953545588744514,4.343104961183364
ID2297,2297,10,40991.0,1100.7724786992505,764.4677864309954,0.0,7.0,7,114.18533727223578,1,,40.97817489380402,41.0,2.0,41.0,1678548.0,0.79812786539765,0.36047046951512757,27.207629588576502,0.4427015493583433,3.7690067979319513,129.75514858900831,106.92154666932613,1.5039400127617886,1.2135547289668298,40960.999999999956,841.5561533988374,0.7267988224770097,0.9261955907292245,4.158127716399792
ID2569,2569,10,40835.0,1107.8238181543575,736.052268172114,0.0,9.0,9,114.00190129090426,1,,5.008743999216224,5.0,2.0,40.0,204497.0,0.5007129507425516,-0.6030799522238498,-30.397779696681937,-1.554562232363612,2.0920351430354667,119.71139840236147,110.3241830077402,0.3451469446458999,1.085087558672088,40829.499999999985,786.9931715035042,0.8284036377134719,0.964233421500094,3.894788987356266
ID2601,2601,10,41369.0,1143.782881750578,694.1647854075525,0.0,12.0,12,114.7581584075049,1,,9.00012088974855,9.0,1.0,12.0,372245.0,0.15941024098759762,-0.2599748171523149,-39.668602680133176,-2.651140585473264,0.27356624652213235,143.31820327348584,93.00964598150259,0.2311932030910333,1.5408961270746953,41373.000000000044,848.5298043176463,0.7220922343920706,0.9034885625375344,4.171657018282407
ID2459,2459,10,55310.0,1133.9818751186183,844.7222975354499,0.0,2.0,2,132.70393851794717,1,,32.981360283482786,33.0,0.0,39.0,1824265.0,0.7494374530519018,0.2853959432551249,19.542226244884006,-3.6730831380226303,6.2367080498184935,154.22954440987868,121.35555207583621,2.6132990597480625,1.2708898914942037,55324.49999999993,986.068723424527,0.7150114457083885,0.933597144761598,4.1922621787379155
ID2172,2172,10,45088.0,1113.2582925774361,795.6731931552273,0.0,3.0,3,119.79632871477853,1,,9.998070397232018,10.0,3.0,14.0,450783.0,0.1817197004121857,-0.06177577984423842,-7.245289952318184,2.0865958833556433,3.5128078021861127,131.03839011827688,118.5579975130667,0.9637596993542779,1.1052682473304651,45085.49999999993,899.1856314142573,0.7007256861604193,0.9269604013322901,4.234780584366541
ID2193,2193,11,53312.0,558.9085634892323,796.4413767422066,0.0,1.0,1,130.20561757479928,1,,8.006044451118786,8.0,7.0,32.0,426498.0,0.39766295763523074,-0.3326859748324667,-20.074146733353267,0.13547773663094556,1.2736347245780806,158.34575642550877,116.74348777223726,0.4602138380392397,1.3563562254918764,53261.000000000015,953.6742431692404,0.7359004585551956,0.930363771343727,4.132333797232518
ID2515,2515,11,54999.0,585.8728558403833,744.361604587131,0.0,8.0,8,132.34244981272562,1,,10.026513774805554,10.0,0.0,43.0,551739.0,1.0111084216306028,-0.2574253313879306,-6.875327230124595,0.14700786718907988,1.5042610206721594,146.74581383746602,119.46716653509425,0.26487582894811273,1.2283359360863262,55023.49999999997,912.5582411177445,0.830303546854621,0.9474150919030603,3.890330387172464
ID2739,2739,11,82976.0,640.1188002771836,813.7094282586644,0.0,10.0,10,162.51940985868575,1,,39.98337028824834,40.0,0.0,45.0,3317980.0,0.821873660848866,0.35563925850300976,25.52524333399641,-3.551049317867191,-9.617513504607977,246.77498145785373,112.4786979077623,1.0328586105400643,2.1939708233484403,82977.49999999997,1320.2546630056606,0.5982115444520254,0.9164835043461932,4.58329210736017
ID2500,2500,11,41196.0,584.6975600778252,750.6357732555082,0.0,6.0,6,114.52284224281992,1,,44.98548120811887,45.0,0.0,45.0,1852862.0,0.7141419548655925,0.25921857933833303,25.934795107557434,2.22745525694509,3.7426820175664086,123.15032555970267,112.50399072439369,-0.08329238601412078,1.0946307305790584,41203.49999999999,823.3040889871706,0.7638769892656239,0.9540166012572497,4.055955842538118
ID2646,2646,11,82558.0,637.2080461719214,813.9178889952075,0.0,9.0,9,162.11101909870249,1,,26.996185701830864,27.0,0.0,45.0,2229453.0,0.42264638430728035,0.1917597221300652,20.55530535818003,-5.431744059332886,-12.055324760655921,240.1081345918565,117.98433580874796,0.9680811903743467,2.03508485212029,82560.99999999983,1349.7002184488115,0.5695215636026167,0.8804440557949048,4.697316742530091
ID2566,2566,11,55957.0,584.6795703440285,737.3094961534681,0.0,11.0,11,133.4633360736268,1,,10.009933715674189,10.0,0.0,44.0,560266.0,0.6499333654782583,-0.1977918069082319,-7.594751516025712,0.6035291021754757,1.1558033232089788,147.17340035896464,124.80098627067296,0.5638751228361443,1.1792647218329635,55959.50000000006,919.3653111812731,0.8319696103271739,0.9555680780034673,3.886433138142675
ID2408,2408,11,45256.0,499.72447010294087,799.9237003480471,0.0,0.0,0,120.01799083692416,1,,30.984045256668065,31.0,0.0,33.0,1402121.0,0.656015428379052,0.303082617494087,21.97066177037134,0.39461682772250894,0.10792797428697999,164.8589101752023,92.11033685966129,0.3889801017119556,1.789798146394582,45252.50000000007,932.717721966149,0.6536601118026621,0.8980541581083378,4.38458950574097
ID2170,2170,11,47159.0,572.1972912801484,777.2398356745296,0.0,3.0,3,122.52465061016507,1,,7.999512453630101,8.0,0.0,15.0,377377.0,0.21233972413069566,0.016812937817574973,1.2458472817505257,-1.4438804034086468,0.028303644068171884,159.94841474427457,97.81003544123358,0.46271712480065974,1.6352965625942861,47162.49999999999,897.9497047016844,0.7350259266990773,0.940466219988833,4.134791386219579
ID2186,2186,11,47534.0,573.1464877032798,760.037033920294,0.0,5.0,5,123.0049747773402,1,,6.000105207785376,6.0,0.0,19.0,285155.0,0.19820545556768057,-0.16759787366466147,-12.190136829755993,-0.00528897629850081,-0.8702058759843855,155.91915872638072,99.32658482890417,0.27813334475235846,1.569762606808243,47532.99999999993,887.6022629915506,0.7581729534268757,0.941499212660809,4.071184535582712
ID2154,2154,11,51972.0,586.7111814792713,749.7151340738031,0.0,7.0,7,128.59191373240284,1,,8.998614025294039,9.0,0.0,42.0,467469.0,0.3259726756910071,-0.0423684652796182,-2.442692035341126,0.7667523461700326,0.457046252003016,150.91278331639933,111.74998758978705,0.28872934248830545,1.3504501125348796,51948.99999999996,907.3885081564846,0.7928672995798683,0.9514817392578477,3.9811145947960767
ID2269,2269,11,49415.0,561.1125400790961,790.4166051361931,0.0,2.0,2,125.4399129410828,1,,9.017620878009305,9.0,0.0,40.0,445741.0,0.7645577736140772,-0.37857213741603774,-14.370424108026201,0.27494366249176583,2.953161040878886,163.24493496513892,100.20645487550179,0.39094026275416716,1.6290860221325782,49433.500000000044,903.5079351897532,0.7609695557795012,0.9723825915908544,4.063696743206619
ID2607,2607,11,87382.0,637.2886624480782,819.545963924584,0.0,12.0,12,166.7855487249648,1,,10.018294357237655,10.0,0.0,46.0,875639.0,0.8945381350962727,-0.1855561182549526,-5.10315826604108,-0.2426413943371557,-3.6883578897620275,252.86996269967307,113.19690551954852,1.0741832855906561,2.2338946593906996,87390.99999999985,1322.5970486078406,0.6278002357991644,0.8930525820972535,4.473981611476733
ID2698,2698,12,50950.0,1597.45996519566,595.7811268232208,0.0,10.0,10,127.35134928964597,1,,22.984450160014138,23.0,0.0,24.0,1170667.0,0.5743216631690057,0.4809671813178939,25.994347801279314,-7.459622078606492,5.453298214980899,188.40388014774567,92.43897231590536,2.0499805733012457,2.0381433872272536,50951.49999999999,984.3526989358318,0.6607928958924467,0.958608882157606,4.360861053883387
ID2348,2348,12,48038.0,1624.9525979882067,651.9770031217482,0.0,3.0,3,123.67210692444421,1,,36.9795633805748,37.0,0.0,37.0,1776905.0,0.8304046784956647,0.3544133256051634,23.305628107232863,-3.396809881236307,-0.6723934673838562,194.37838164757343,86.98312771201186,1.9460818768908401,2.234667650617614,48050.00000000006,986.8858498846548,0.6199681973236848,0.934861278648976,4.502152752970892
ID2477,2477,12,46405.0,1631.0465923946617,633.8899172520795,0.0,4.0,4,121.53801289409412,1,,31.99344686354818,32.0,0.0,40.0,1484176.0,0.5293353428627715,0.22556846766730448,22.248510769935216,-8.898843247996975,8.170084295566573,172.86775504304904,95.83191112117358,2.0587662482397566,1.8038642141287193,46406.0,938.8169096547896,0.6616406703544301,0.957051672045949,4.358066325695748
ID2541,2541,12,48898.0,1593.3463510505196,623.3536670178058,0.0,8.0,8,124.74651446311537,1,,33.98662029459902,34.0,0.0,36.0,1661266.0,0.6771599408399561,0.3015206072876167,23.254803126933876,-5.171168553283592,2.2525310894534605,196.74476824966644,84.30887018029432,2.1477016491008314,2.333618844955794,48888.5,995.2721399307289,0.6202015993772863,0.9611327913811915,4.501305519924816
ID2479,2479,12,33298.0,1625.435280907868,578.5053415757649,0.0,6.0,6,102.99125930022188,1,,33.955674929476025,34.0,0.0,34.0,1131471.0,1.2089361939366738,0.6065270757389326,21.208068936413728,-0.5852205164147731,0.44026419972055814,122.83221698975599,86.59422964916725,-0.7189880006687408,1.4184803939870518,33323.49999999997,706.5717980949988,0.8387796305685279,0.9828926217057228,3.8706240822996514
ID2703,2703,12,50171.0,1588.4747020100822,601.6424702508532,0.0,9.0,9,126.35264736637349,1,,41.979339502233564,42.0,0.0,43.0,2105012.0,0.9200819415995247,0.28977850485636747,20.50171171588165,-2.929354363871974,0.6965813842557952,171.04358208084486,95.30943197754671,-1.1265368062489876,1.7946133822425867,50155.500000000044,907.1582058781094,0.765882879486201,0.9859737757769966,4.050640972343483
ID2288,2288,12,48451.0,1599.62562938506,625.3399986242949,0.0,7.0,7,124.19861949501077,1,,38.973969944678394,39.0,0.0,39.0,1888055.0,0.9871935177239767,0.3410183786073193,20.079153597524922,-4.337769841949294,2.798148366877952,191.54496256247054,84.18375482650197,-1.0832254260717324,2.275319780606532,48459.99999999992,1018.6664900774109,0.586852871608377,0.9415925076749685,4.627434871237972
ID2388,2388,12,47114.0,1636.5101514942503,618.6528171280821,0.0,5.0,5,122.4687824796063,1,,39.974111405835544,40.0,0.0,41.0,1883780.0,0.9552904872404449,0.42033963046356326,24.767461366075885,-4.683732408273373,2.4461274914266986,158.06437030059138,100.92394959600269,2.0692146048272626,1.5661730534062637,47119.5,939.9392869338819,0.6702100450946125,0.9216888680241769,4.330115349548028
ID2615,2615,12,48425.0,1594.5930154107764,628.5792155890827,0.0,11.0,11,124.14542772164374,1,,23.99623982480063,24.0,0.0,33.0,1161466.0,0.319452449876578,0.12004721662504672,16.10210781730382,-5.3832780943509055,-2.34578135066158,183.64273709449503,92.54903171204387,2.0816088544363804,1.984275077732625,48418.5,1015.2083515893971,0.5903517178334491,0.87831623629289,4.6137017497066335
ID2461,2461,12,49430.0,1638.9833132735246,625.5538614288653,0.0,2.0,2,125.44245046410231,1,,33.986037193678285,34.0,0.0,41.0,1679488.0,0.7806959145854299,0.5113441584398327,29.457680301820595,-3.920255548748321,2.189107201661705,183.1360245900525,90.12461803377377,-1.1490272490710722,2.032031076363876,49435.49999999993,968.68293340862,0.6620419338006066,0.9670292052189888,4.356745414073567
ID2397,2397,12,47976.0,1632.1351169697286,625.1316226401987,0.0,1.0,1,123.58520993150337,1,,38.97501146263182,39.0,0.0,40.0,1870099.0,0.9657548829688376,0.5835410785674465,29.743456350065713,-4.403145342574735,3.800314095945711,183.96950645120347,88.94550245560372,2.047207630074729,2.0683396166436867,47982.50000000007,941.5361435889138,0.6801719899433885,0.9756308330452829,4.298288484851933
ID2301,2301,12,46730.0,1689.017751521508,615.7832965888254,0.0,0.0,0,121.94719993759811,1,,20.977141389495312,21.0,0.0,35.0,980094.0,0.6624587760562263,0.2732066924602105,13.589699827911614,-3.3330609697475184,-4.99837738042662,159.55506747967564,99.5525100716469,1.7252769502986205,1.602722697447262,46719.00000000004,918.1202300862166,0.6964730060078826,0.961474347101316,4.247689742152149
ID2718,2718,12,60274.0,1582.5827141040525,589.9541023939847,0.0,12.0,12,138.53123488232072,1,,38.97800046454525,39.0,0.0,40.0,2349360.0,0.8924255806790351,0.3462140181984311,22.46508579423054,-7.000645910870212,1.5182131381059227,183.24377467541998,108.69695031614478,2.0993243363189844,1.68582259338883,60289.99999999992,1099.783222512802,0.6263844497585456,0.8817743716498341,4.479034918221849
ID2741,2741,13,54374.0,448.0522883929913,872.6016436953877,0.0,10.0,10,131.56569634874987,1,,41.97157356672673,42.0,0.0,42.0,2282666.0,1.0514576382845195,0.3235381498048384,19.51562663499466,14.893531260973372,16.5959067519025,222.36051310203564,95.1280683053898,0.4870512697542302,2.337485844747644,54379.50000000002,1343.4276215249647,0.378631312916811,0.7419568302133936,5.7609839901244495
ID2550,2550,13,33763.0,469.76604413926464,899.7613283215438,0.0,8.0,8,103.70504387199172,1,,42.94179267895718,43.0,0.0,43.0,1451132.0,1.518982108694314,0.4441713792519694,17.3895900911638,0.9262012409895602,3.208025346227168,149.04827777745746,79.11725685909194,0.30930202442106225,1.8838908690036216,33786.99999999997,834.1226885033134,0.61023853269761,0.8825703650493035,4.537902060340558
ID2694,2694,13,45199.0,486.98917744129716,891.1907081946181,0.0,11.0,11,119.95697507759826,1,,43.95325738303285,44.0,0.0,44.0,1986907.0,1.3636461626053786,0.5134117122342224,21.86895587951622,-10.590339015577204,0.9428501188626072,213.350560555077,80.2045956671763,0.4737125686197665,2.660078998969265,45206.499999999985,1203.3294102978268,0.3923211174891418,0.7801756868700811,5.659578514942751
ID2247,2247,13,29100.0,462.4872096821331,893.5397519870263,0.0,7.0,7,96.21789794374247,1,,24.818013062908214,25.0,0.0,25.0,721956.0,1.9775508033583444,0.4952741199061496,8.313696639861364,-1.6014414592721402,7.329885566473365,141.7189286131386,81.996096739142,0.3434201671686161,1.7283618885420315,29084.49999999994,906.0038009334937,0.4452576879028343,0.7598327999477484,5.312503370632982
ID2331,2331,13,41040.0,418.3007993858377,899.2006283790097,0.0,4.0,4,114.28356003796078,1,,7.997270423084422,8.0,0.0,12.0,328144.0,0.21630172624536562,0.3167873302751061,17.78950879884385,2.2805368524326886,0.011206403282709982,134.08142756831765,101.18216831172782,0.8325471146237698,1.3251487866442229,41031.499999999935,820.9447962919147,0.7650667876573465,0.9568913246268641,4.052800792885569
ID2651,2651,13,47294.0,478.44407868085574,883.7192432744706,0.0,9.0,9,122.72063722111614,1,,27.98444336412251,28.0,0.0,29.0,1323972.0,0.6693228155445493,0.34400236409931984,21.40289070620394,-2.7848576683655697,-0.06673414956634745,206.7425996855733,83.6960307545133,0.6069965899740872,2.4701601476414665,47313.500000000044,1122.3441269330074,0.4720009398843538,0.8901211573917304,5.159807510049731
ID2189,2189,13,31421.0,427.3211552951914,883.8114075583431,0.0,5.0,5,99.98897546803184,1,,7.996370351502802,8.0,0.0,13.0,251150.0,0.2235524126906026,0.09705026167676194,6.3286884972723705,0.3543139222952345,1.4555753825262483,116.14727264266483,87.77474336703115,0.5824897265492043,1.3232425204251934,31408.999999999975,694.8209698946473,0.8175571844877083,0.9762988980930319,3.920539757609994
ID2733,2733,13,35469.0,455.7572805274948,879.4585452564445,0.0,12.0,12,106.28424340340126,1,,45.92453308543902,46.0,0.0,46.0,1630275.0,1.6709819032663933,0.6811639036189415,22.271248701913457,5.454948918441578,3.2454725568161833,170.2302797129652,71.66872998886991,0.3740474923820119,2.3752378441672093,35488.49999999997,903.0903574017112,0.5468082985538097,0.8705629829510603,4.7938824827929345
ID2190,2190,13,54756.0,360.1803702993618,873.007217003095,0.0,1.0,1,132.03302004303526,1,,6.996403403074451,7.0,0.0,12.0,383221.0,0.23536689812529635,0.05990005457474866,3.3598644585415234,4.706098742872507,0.7832577127711696,196.26811179076583,118.6019617720492,1.9869007072512836,1.6548470940808682,54766.499999999935,1187.5093766660625,0.4880347606006933,0.784732769737784,5.074339892111125
ID2271,2271,13,43750.0,382.08233665749,883.8254056194621,0.0,2.0,2,118.03636250413513,1,,9.995981092868723,10.0,8.0,14.0,437754.0,0.19952060925888032,0.075041631480402,6.9943062461265955,-5.859667336511898,0.6263260147008706,152.1388887789616,102.85703858202605,1.6780404714263109,1.4791295848716706,43770.499999999956,933.3360228524791,0.6314156115953622,0.9313764083795247,4.461154604156935
ID2175,2175,13,41189.0,393.3696586123618,889.1990618818189,0.0,3.0,3,114.51728321886216,1,,11.997233211173944,12.0,0.0,18.0,494322.0,0.2832510689335114,0.22025220528410192,15.290095696638796,-0.4208859851508471,3.813204567728699,136.35599067611207,101.81815483599482,0.9500392345242787,1.3392109776075751,41199.500000000015,793.6609585141234,0.8219242141960647,0.9767196519801337,3.9101106232709095
ID2495,2495,13,28848.0,458.7533093076443,902.2426190311179,0.0,6.0,6,95.84250985597076,1,,42.913165460150324,43.0,0.0,45.0,1238946.0,1.885015619743828,0.37222685473531303,12.35058081747405,-2.832490775923708,1.8811980930243113,128.61971337855252,88.0077328376492,0.37905052626222235,1.4614592289954973,28858.00000000007,803.983405934039,0.561024623461519,0.8756391000257938,4.7327544286443155
ID2340,2340,14,47100.0,925.0023536990238,1059.643310185677,0.0,4.0,4,122.42913962986319,1,,11.036952089704384,11.0,0.0,38.0,519708.0,1.491879203045294,0.2351879493837804,2.817263785100008,0.6665308663108634,-2.4546517386270317,164.92225909358228,100.05583396298171,0.23991658977517294,1.6483022784518453,47089.00000000006,945.6898877629073,0.6616553697107829,0.9054271018603097,4.358017915958095
ID2630,2630,14,42035.0,925.01247734726,1004.2528402669553,0.0,10.0,10,115.66505678622923,1,,10.997287780738485,11.0,0.0,28.0,462238.0,0.3829442571511778,-0.07237651455629773,-4.48131997035723,-1.156403564459194,-1.2065509281256002,139.86369644007098,98.32342739671448,1.550298319454757,1.4224859745353484,42029.5,912.2432060373502,0.634662462212106,0.9217703113177548,4.449728628584038
ID2600,2600,14,38381.0,913.630375328836,988.8994999088376,0.0,11.0,11,110.54805045885831,1,,19.96632900184891,20.0,0.0,21.0,766727.0,0.8528363125634283,0.21000445419558214,8.126509964492099,-4.146271316204144,-3.746310192365272,129.75441265840962,101.77854959128332,1.6582612127837169,1.2748699326082973,38393.00000000003,881.2336547285645,0.6212691140288473,0.8366401900216829,4.497436604317216
ID2314,2314,14,34070.0,897.6909704381187,1086.6781493606588,0.0,1.0,1,104.12087811092759,1,,26.978212356119332,27.0,0.0,29.0,918770.0,0.7483517555060759,0.39791085712789787,20.523134625220063,-0.7810759914597963,-7.531612995285371,142.81371431008992,83.29900169525496,0.1653840915514324,1.7144708988538233,34058.500000000015,854.4551033515463,0.5862149433038071,0.8294105470795236,4.62995201026421
ID2346,2346,14,44031.0,920.4032893068189,1022.0926884944295,0.0,6.0,6,118.38103819476613,1,,5.999068837864232,6.0,0.0,25.0,264145.0,0.2677690157485614,-0.2695941690947574,-16.538639549996077,-1.4911849889415556,-1.232923590061614,126.69262462529502,114.4627035621259,2.577958560260668,1.1068463410575586,44026.50000000006,824.5296411425742,0.8137883717921646,0.9466334110968975,3.9296076631263817
ID2251,2251,14,41024.0,926.3690113620675,1004.1400523028693,0.0,7.0,7,114.29957418398946,1,,27.980095502606833,28.0,0.0,28.0,1148471.0,0.7145144033814279,0.30128231783826337,18.1330273094144,0.34357201421886485,-0.9172731364236418,123.96682860270853,108.67942842659882,1.6383908168937507,1.1406650770751403,41042.99999999996,797.6035376195357,0.8107273393805635,0.949519953730479,3.9370191091124536
ID2574,2574,14,39862.0,923.0144920264586,1002.2038876763419,0.0,9.0,9,112.64169020914095,1,,7.997566726871363,8.0,0.0,25.0,318815.0,0.22414543345357238,-0.20099012724555643,-17.95066541533915,-0.6619491870471219,-3.187994679831104,134.16734877125532,98.16935894997519,1.5628049655055793,1.3666927257783548,39860.99999999999,816.0423757302301,0.7521987903574912,0.9159447597601046,4.087319777124565
ID2544,2544,14,37409.0,922.7579682251152,997.5507008117476,0.0,8.0,8,109.122199997294,1,,36.97401764234162,37.0,0.0,39.0,1383198.0,0.9767642550622656,0.4176930980922397,22.305499634821775,-3.4250800376097668,-2.8048779965711117,122.35309277891564,101.92792361873364,1.2323246236002003,1.200388357135414,37409.00000000002,792.885349161306,0.7477650743906855,0.925667483235593,4.099419320317292
ID2199,2199,14,41719.0,913.987857582221,1043.654668040677,0.0,5.0,5,115.24806558372704,1,,11.988425038343559,12.0,0.0,12.0,500253.0,0.35122528229662564,0.2332566313065849,12.911803181767812,-4.168845582802548,-5.157207513770796,131.5194823416206,108.49642791467309,0.300445133601569,1.2122010361949793,41727.00000000005,842.4530437035911,0.7388148540985585,0.9035827585833553,4.124175355814226
ID2201,2201,14,43867.0,912.6021732769398,1070.0449988789708,0.0,3.0,3,118.1549581828532,1,,18.985226055037504,19.0,0.0,19.0,832711.0,0.47993070453941844,0.45201975645903364,24.629303136206524,-2.705222667255877,-0.6090223112156771,143.31039140512306,99.79500005516438,0.09275700877950355,1.4360478112721515,43858.50000000002,866.6799766164647,0.7337466179734958,0.9176570280788386,4.138394381382656
ID2265,2265,14,49249.0,860.3619450338589,1123.3944468697862,0.0,0.0,0,125.20496966862942,1,,13.993012532753752,14.0,0.0,17.0,688890.0,0.30016571735772885,0.32682431255319433,22.965772867307887,-4.796018625345047,-1.8126446614169156,170.02841170575437,102.96467974117017,0.0668897947176812,1.651327543903086,49248.49999999999,1004.8560392550968,0.6129078410775471,0.9040403113297598,4.528009645409684
ID2622,2622,14,38658.0,918.9410718673616,984.8552069457558,0.0,12.0,12,110.93393378355698,1,,14.99086887917432,15.0,0.0,15.0,579532.0,0.34056679141695073,0.20019826011338532,14.684589460517369,-0.7316602985469703,-2.57423654612361,128.4246132543024,99.82400682488391,1.727527961147923,1.286510302873246,38661.49999999994,794.4193922749332,0.769819468175636,0.9260683146498022,4.040270914437639
ID2463,2463,14,39803.0,924.1413386584948,1073.454644026358,0.0,2.0,2,112.57102148804937,1,,34.97031418740739,35.0,0.0,39.0,1392413.0,0.9875011460246751,0.4393340784369895,21.61848249886342,0.2480248695349185,-3.0460286694928316,141.57744577075295,94.17121453294347,0.13917701644175828,1.5034046919000454,39810.99999999994,886.4365849581432,0.6366747211899662,0.8795387011609783,4.442691210385108
ID2400,2400,15,109399.0,1697.2881277411527,1144.461325933173,0.0,2.0,2,186.5813423744793,1,,15.00742338916112,15.0,11.0,41.0,1641572.0,0.43615410503041824,0.08039930546691693,5.121110738508764,-5.151968509316606,1.0561793742043213,247.2421733009469,160.54617414016573,-0.06099544235499317,1.5400066343847643,109367.0000000001,1483.9102280760067,0.6241384050281568,0.922663539575144,4.487086880960139
ID2466,2466,15,116367.0,1653.7149297126202,1133.6962775975537,0.0,4.0,4,192.4601924567578,1,,28.996494001993607,29.0,0.0,41.0,3374380.0,0.41080199349404717,0.1832672780762923,21.86477528253527,-0.4651943004462123,-2.8330794342090333,296.26015221706945,133.34007774130444,-0.08466205709027083,2.221838754225487,116367.49999999997,1558.6112736244552,0.6019576551236956,0.9595380727193267,4.569008448729434
ID2307,2307,15,87643.0,1564.5111025531307,1104.4629515523227,0.0,7.0,7,167.02060546660658,1,,42.98746135152712,43.0,0.0,44.0,3767808.0,0.572261204677908,0.2932455520106967,34.06653239231202,-0.2612488896185521,1.3346853290153589,287.5817042816989,110.52621662423275,-0.01369337088961893,2.6019320398835304,87637.49999999968,1563.9253357828666,0.4502646099570061,0.8138357888089713,5.2828833989081305
ID2693,2693,15,90613.0,1581.312839004795,1093.4181128112314,0.0,10.0,10,169.83371626859383,1,,21.99261703489527,22.0,0.0,29.0,1992839.0,0.3723064980113007,0.21302918844653032,20.747900325737145,-16.910166801017336,6.439890048358038,288.23375974322346,115.45217307294003,-0.020743108988771113,2.4965641795336673,90614.50000000042,1651.8512351034158,0.4173166357697712,0.7825728362862276,5.487469042613085
ID2471,2471,15,104467.0,1599.1317628949025,1123.7421601703634,0.0,6.0,6,182.36724673909472,1,,30.994056563143033,31.0,0.0,46.0,3238414.0,0.5446394289397954,0.28987863266728936,25.578006523466133,-4.151307273197776,-0.08137251608206233,298.9709079879116,121.38100209277748,0.019417530326779724,2.4630782645820752,104482.49999999984,1670.4858913817484,0.4705088488443033,0.8181647331514003,5.167982498136987
ID2411,2411,15,103354.0,1718.144543457858,1141.9635230714155,0.0,1.0,1,181.37883467139514,1,,41.961442076032164,42.0,0.0,42.0,4336757.0,1.1400241328353686,0.5743840586283244,26.857034076332628,-18.639609731633605,-5.763365215213532,261.4678940067915,138.67756468991684,0.11474677053503204,1.8854375946926523,103352.99999999991,1563.3682930785003,0.5313862981474735,0.8712361331220277,4.862949460457801
ID2253,2253,15,110348.0,1610.3461997474153,1130.031485476376,0.0,5.0,5,187.39758937380432,1,,24.998577073665892,25.0,0.0,43.0,2758243.0,0.367047730958421,0.21209505407525175,23.835079414316205,-2.0298588971424296,-5.784172966876834,303.2338307670556,127.68086717499546,0.07867169647537087,2.374935552023254,110326.00000000029,1738.208170071695,0.45886418617060526,0.8139977570534788,5.233145991199943
ID2542,2542,15,92135.0,1550.3883192181584,1105.0720687728208,0.0,8.0,8,171.27452129802901,1,,34.987882535446566,35.0,0.0,45.0,3225218.0,0.5756265256841878,0.24237671733207233,23.716164396697142,3.295777828357344,-4.346093986092938,293.817541615751,114.40868488360522,3.1320694108845872,2.568140188960909,92158.50000000038,1559.9145461853043,0.47593061861403296,0.8845022434436295,5.138461526632811
ID2706,2706,15,101004.0,1581.8047982497822,1092.4926628784879,0.0,12.0,12,179.31645619613917,1,,35.99187362044562,36.0,0.0,41.0,3636223.0,0.5710265053119838,0.2526889852805342,25.428528914967284,-14.020432872243203,0.7269734009690142,315.1957597566475,114.59072651251847,3.11668280583872,2.7506218814505368,101016.0000000003,1692.9763366802815,0.44289242841263843,0.827874461659505,5.326670148461363
ID2453,2453,15,114628.0,1830.6510081846861,1174.6864465669385,0.0,0.0,0,191.0304606641064,1,,39.98219659633116,40.0,0.0,40.0,4583599.0,0.6816600005565535,0.3328281119115272,29.29373121908491,-21.299287586920684,-4.546366267975686,248.52288512353817,172.3632239296605,0.5446059403978556,1.4418556317150204,114645.00000000007,1581.4891934406653,0.5760133186394976,0.8540237334346442,4.6707720136918285
ID2613,2613,15,91338.0,1553.7327214798352,1098.3777643351273,0.0,9.0,9,170.50710923493332,1,,18.000777264466972,18.0,0.0,38.0,1644299.0,0.2131724564460029,0.06603065362448582,10.460828145104356,5.622696011959017,-3.2742647775474385,283.96930884051204,109.46904642784963,-0.02344750938173526,2.5940603130006656,91334.50000000016,1496.7083859317313,0.5123542413096507,0.932422361516632,4.952446175061026
ID2328,2328,15,100940.0,1697.5416891649784,1144.6740865685492,0.0,3.0,3,179.24321715794918,1,,33.987764645273785,34.0,0.0,42.0,3430623.0,0.6397561708033511,0.22224126903419625,19.319944700451753,-2.7215984234494783,-2.912735634106714,248.37416141979722,137.57491595249977,0.08856457109075788,1.805373891746028,100933.50000000028,1455.4762661596037,0.5987354067724021,0.9008782656039439,4.581286597554315
ID2654,2654,15,107284.0,1573.596258810884,1093.0940221122512,0.0,11.0,11,184.81063036905326,1,,33.991359946314226,34.0,0.0,40.0,3646967.0,0.5687269770329751,0.25796044192877626,24.512117788450364,-11.896633495769022,2.5841825665219362,338.6127882281419,118.48532122835111,-0.042811483294263084,2.857845889412323,107300.99999999971,1848.6118981513057,0.39456825901149034,0.8075364347561023,5.643439313402496
ID2464,2464,16,7456.0,794.7649274584759,997.1309883084076,0.0,2.0,2,48.715083459266,1,,35.98618006172011,36.0,0.0,39.0,268205.0,0.6254978206723237,0.1893618002748509,18.319698903596006,-0.957879591120836,-1.4125228035772197,58.598923736660524,43.68318623885819,2.0881906451412156,1.3414525995481095,7455.500000000002,347.42791394967463,0.7761706585015831,0.9793760262725784,4.02370674881496
ID2497,2497,16,8245.0,792.8881380926408,973.6461931600105,0.0,4.0,4,51.24661662938701,1,,37.91750576246512,38.0,0.0,38.0,312554.0,1.6261148311613656,0.6344246023735993,18.102296394426727,-1.1303171980503963,-1.642315920293306,66.43534024169898,45.52325783439481,1.9405760862930939,1.459371393923046,8250.500000000002,382.35491510950476,0.7091804876854926,0.9563025210084034,4.209461512028205
ID2243,2243,16,10802.0,755.0048160648512,988.298064327215,0.0,0.0,0,58.67164787301107,1,,11.998241554835724,12.0,7.0,17.0,129641.0,0.16126311786122322,-0.01736923364345648,-2.6302852157626897,-1.0658666462201023,-2.7353697273334063,64.42836687014668,56.99023968975216,0.04672153655210631,1.130515807985486,10814.5,403.81302415153766,0.833404161632395,0.9755536511659373,3.883086809157383
ID2185,2185,16,8594.0,785.5257842966067,986.9834410104185,0.0,3.0,3,52.291883474033085,1,,16.993362058926284,17.0,0.0,19.0,145922.0,0.35835858513046,0.15907549454445807,13.01616517252438,-1.2892614302016965,-1.579932092237517,67.83716842693713,44.14553157428165,1.8848716205250042,1.5366712328016858,8590.500000000004,374.1251502803024,0.7712487933948281,0.984246104491293,4.036525340231848
ID2250,2250,16,8733.0,813.1479139243404,956.46932410004,0.0,7.0,7,52.73437513277924,1,,27.002518891687657,27.0,11.0,42.0,235840.0,0.4973241790850282,0.23605840956922008,20.738396946258103,0.9582599262645982,-7.273576941047762,90.61239091348455,32.75177909609301,1.7598715914551264,2.766640268537161,8736.499999999995,429.9858267852542,0.5937984561464382,0.964133973403961,4.600292009426242
ID2602,2602,16,9959.0,814.3441032845006,922.879607331594,0.0,11.0,11,56.3229644612893,1,,20.983246388443018,21.0,7.0,21.0,209161.0,0.3617347458761468,0.19650114174829147,19.053045754616406,-0.2145040625995213,-0.8848986308858409,83.99139468667171,38.84246669337624,1.5551952158236437,2.1623599590031874,9966.0,420.645480410802,0.7077800103118229,0.9764365845294665,4.213624064076538
ID2315,2315,16,7255.0,786.9830255420801,996.4510749724366,0.0,1.0,1,48.05888611016267,1,,27.994622914656006,28.0,0.0,31.0,203045.0,0.3896039918954415,0.12979203165130507,16.50937919762344,-0.5308646681392064,-0.6595380779572834,53.09421261618646,45.14694995809572,-1.0912462501081805,1.1760309980068908,7256.000000000003,324.74401475988657,0.8646191038526441,0.9852671600244419,3.8123478356745184
ID2347,2347,16,9467.0,803.1477226711738,962.713419250339,0.0,6.0,6,54.89335604204624,1,,7.051108764519535,7.0,4.0,44.0,66774.0,1.3314106346115602,-0.4496470295442452,-8.653779035258312,0.7598868864054281,-1.816702913283068,80.80699214195447,39.90626025259879,1.8565947252683093,2.0249201912296986,9466.5,414.2310305728648,0.6932885770191816,0.9740700725420589,4.257433858706934
ID2575,2575,16,9412.0,817.9206593717909,936.5148376358935,0.0,9.0,9,54.73802114296809,1,,9.019024338399404,9.0,0.0,27.0,84860.0,0.642988961636181,-0.30142884971627837,-12.10487216439041,0.2910916274881469,-2.464665225343625,86.7039772599422,37.480765448803005,1.6455163058009807,2.313292597462446,9412.999999999998,418.3226913399469,0.6759507851811845,0.9812874641647118,4.311688659683685
ID2545,2545,16,8889.0,815.2631317393342,930.9178715424284,0.0,8.0,8,53.188148242427445,1,,37.92446245637735,38.0,0.0,38.0,336883.0,1.4845262944360067,0.37810989788907684,14.01831224643892,-0.350750248893728,-2.6958236771274082,76.81069891411204,38.15116577759135,-1.568739120691791,2.0133250805989245,8887.499999999995,444.6586163014493,0.5648537981444032,0.9330218886147703,4.716685348934921
ID2197,2197,16,9120.0,795.1695359760221,969.0774987663798,0.0,5.0,5,53.87788977913927,1,,11.004933669553777,11.0,10.0,20.0,100376.0,0.20963051896460155,-0.051663438355172724,-5.7198379832058,0.5718321386425653,-1.8558298260391084,77.38098639688376,39.5002334793098,1.8442552839309534,1.9590007344492248,9119.5,398.1890972834027,0.7227734026997371,0.9787496646096056,4.169690793208512
ID2713,2713,16,9422.0,819.0660230567933,920.6787608741778,0.0,10.0,10,54.77580658619653,1,,27.975915119363396,28.0,0.0,40.0,263673.0,0.978088287976209,0.2813873911032677,12.56204733335884,-0.036534055442446665,-1.441573425695834,87.79357035443171,38.015400125591015,1.5344999895296234,2.3094211836358203,9426.000000000002,467.5132602858263,0.5419377856820183,0.9227154813763402,4.815376131589142
ID2620,2620,16,10753.0,811.7029564894012,912.6216220404115,0.0,12.0,12,58.5127433623895,1,,14.000557931932304,14.0,8.0,44.0,150562.0,0.5451780161754176,-0.011944785753752914,-0.6209178624612804,0.5625875785451874,-2.406190517805596,89.53275887421783,41.54496430713669,-1.5405012594111154,2.1550808952996907,10756.000000000013,465.2436040432365,0.6244531128190192,0.960228540820427,4.485956052132908
ID2512,2512,17,10341.0,982.1687132382564,648.0165578921924,0.0,8.0,8,57.37699885717146,1,,7.001741149158445,7.0,2.0,9.0,72384.0,0.12361984878313373,-0.10588007582915072,-13.41424733749008,-0.07979316643478689,0.9271185170958822,67.34696268527404,51.503419351941915,1.2960793753668693,1.307621193557409,10342.499999999998,416.2029786674828,0.7502828605168411,0.9729996707276917,4.092535160130519
ID2465,2465,17,9779.0,983.8839494180003,749.6115428532474,0.0,2.0,2,55.793472126534496,1,,36.88965023522193,37.0,0.0,39.0,360707.0,1.921916804153766,0.29114796626990685,8.656407536920202,5.595927796557661,-5.792862610273611,73.52773251568038,55.38514521975404,1.6012557422292064,1.3275713591422613,9779.500000000002,454.8502064484347,0.5940044830926303,0.89971939831639,4.5994941481820435
ID2322,2322,17,13135.0,978.7064503006495,716.224279521503,0.0,4.0,4,64.6003232407748,1,,5.011067012669821,5.0,3.0,27.0,65655.0,0.4374809826665169,-0.39227970466649886,-14.787444468479048,1.1515905854361137,1.7065212188575778,75.09531385203344,59.33369538599663,1.449337459432546,1.2656436340851394,13110.500000000002,453.81873858853754,0.7999526293413528,0.9842348260200444,3.9634446437077027
ID2195,2195,17,11231.0,974.240524478122,757.0487408067751,0.0,1.0,1,59.7548420487133,1,,9.013921113689095,9.0,3.0,29.0,101010.0,0.6020809004144488,-0.2887418655378996,-12.155460318989324,1.1208171889714096,1.6732133278508636,76.166003998724,47.79073829167656,1.1845334354767447,1.5937398483753784,11217.50000000001,432.90656125391746,0.7521727679011494,0.9761562894313197,4.0873904797510585
ID2216,2216,17,14236.0,966.2311624207547,755.7474442650947,0.0,0.0,0,67.34684527305518,1,,5.0056156113996915,5.0,2.0,8.0,71310.0,0.14306251498301453,-0.05708173846510605,-4.236281207432736,2.4123482283953526,2.875068525235085,84.30994887048448,57.53990970836964,1.0017914875002527,1.4652429817459536,14249.000000000002,477.5116265631881,0.7852832783695609,0.9816741302101276,4.000292584420194
ID2152,2152,17,10937.0,982.5811247921148,662.5446438107444,0.0,7.0,7,58.96658411107632,1,,7.008248556502612,7.0,2.0,41.0,76467.0,0.5734148141003738,-0.3892127399557498,-15.576420425643711,0.9019117028069225,-0.7555553632662808,63.93761719260086,56.413029824236126,1.2833376747662477,1.1333838546131771,10923.500000000002,414.30598365148643,0.7997039951706593,0.9844982199990989,3.964060728655443
ID2234,2234,17,6783.0,982.5912959000468,691.0237216852357,0.0,5.0,5,46.443804147856554,1,,20.981686604637424,21.0,2.0,21.0,142067.0,0.5666415010307567,0.45200709575951065,23.053587930904186,0.8957579677092022,0.918638385028129,56.58793063821481,38.37737821019689,1.1419180222837013,1.4745126758862168,6776.500000000001,345.3802256590322,0.7138720341274108,0.9749658297964179,4.195606480895741
ID2171,2171,17,11672.0,981.3500092842554,726.3334833097656,0.0,3.0,3,60.944227839357836,1,,8.99794326848916,9.0,3.0,11.0,104997.0,0.14926130486808795,0.04729532525196736,5.444713896294924,-0.3241076609404044,-0.3659793945944429,75.3262467483838,52.11592977918309,1.500315452174156,1.4453593568711829,11668.499999999993,433.1017942469046,0.7817086698945391,0.9762801204819272,4.009428449467444
ID2286,2286,17,11702.0,979.885322670316,675.0498581590615,0.0,6.0,6,61.00426242745493,1,,3.0147964420116318,3.0,0.0,38.0,35249.0,0.7019432571704476,-0.7145455039670924,-21.502006377354103,-0.027413087059251787,2.640734934834187,74.18345321455341,53.60542446439982,1.3195382899082357,1.3838795971818072,11691.500000000004,427.4150984499247,0.8042302026596797,0.9844230202500743,3.952890122772142
ID2210,2210,18,15977.0,890.4517062337743,478.9551729171228,0.0,2.0,2,71.33262006677579,1,,3.9966220442887526,4.0,0.0,6.0,63890.0,0.13557592496056806,-0.13963642272085108,-9.568793817110702,0.10683907544131216,-0.1788584766670376,83.2148726632286,62.07130214590325,2.276513990454491,1.340633590505735,15985.499999999996,475.57322604076455,0.888180626081665,0.9892935606646655,3.7614412606074006
ID2562,2562,18,17706.0,885.5571108727964,390.0406389343568,0.0,9.0,9,75.0965795061148,1,,0.9976304654442877,1.0,0.0,3.0,17683.0,0.057155787075334544,-0.3810160651813929,-21.48836633709077,1.1553973972948501,-0.546924675626375,88.06799185786844,65.12570403990235,2.4247128612536244,1.352277002700952,17717.0,520.5834476340297,0.8215222658582052,0.9728735379715556,3.9110670612978193
ID2506,2506,18,17963.0,885.4241630925194,397.86707885404485,0.0,8.0,8,75.59508837654462,1,,0.9995542678850011,1.0,0.0,2.0,17940.0,0.035009040648439,-0.40812558091507656,-39.37498580473914,0.57088407872805,-0.953094179715378,82.0469944247422,70.27928078879937,2.500268670772531,1.1674421465880778,17952.999999999993,507.7821500384107,0.8749677273374308,0.9835912888645387,3.7897356285391277
ID2156,2156,18,20112.0,892.8067160714877,435.79688484366187,0.0,5.0,5,79.99961607164931,1,,1.0003980099502487,1.0,0.0,19.0,20108.0,0.1349433316889833,-0.5110993820702716,-15.500159101940929,0.09888822679688929,-0.2047051762181533,92.26529848973144,70.40807485470054,2.584824534578586,1.3104363196996527,20105.99999999999,541.0806984714848,0.8630013166155136,0.9855157708991981,3.8159194872003894
ID2319,2319,18,15304.0,883.8005823129251,492.1765387755102,0.0,1.0,1,69.81489907025073,1,,29.93296746373971,30.0,0.0,31.0,458154.0,1.3727935786530028,0.7489948026783866,18.675180815332762,-0.21323266719850906,0.07022979382810428,81.20866874976525,60.637910796371415,-0.9523574724369106,1.3392392264712523,15312.500000000002,496.0921365454924,0.7818641122639864,0.9629291912966923,4.009029872510175
ID2417,2417,18,15098.0,879.1968843532908,489.3198204168185,0.0,0.0,0,69.3069645667482,1,,33.94540153723827,34.0,0.0,34.0,512304.0,1.341028469676598,0.8661691835321184,23.49766256430401,-0.2840120050452353,-3.2083821263480865,77.95556656045194,65.33696136546263,1.6921333216291934,1.1931311914615539,15090.499999999996,470.2954895365626,0.8573770742319766,0.9830304214709137,3.8284149081508483
ID2290,2290,18,18822.0,895.325651515554,454.9741740385552,0.0,4.0,4,77.40199947551883,1,,1.0087141339001062,1.0,0.0,27.0,18984.0,0.5032743037524295,-0.7827921237107973,-14.446552591433571,-0.08023200997469775,-0.29275450767495925,82.94217305960701,73.33851349419203,-0.5985201854530627,1.1309497439728655,18821.500000000007,510.75660859339,0.9066425700647217,0.9868655620805373,3.7229472138857487
ID2582,2582,18,20087.0,867.3349175541621,365.3439335124913,0.0,12.0,12,79.9757391524273,1,,1.9975120664775836,2.0,0.0,6.0,40144.0,0.10267995391552687,-0.30700313798018136,-17.236349376071296,0.476003810344791,0.40654001174332766,92.40487752620476,70.22714281893396,2.311733143954275,1.315800042790456,20094.000000000007,544.1885209896585,0.8526631784005938,0.9793829507237906,3.8389829000949782
ID2584,2584,18,21478.0,882.7306313019584,369.98260096717354,0.0,10.0,10,82.67158351692109,1,,0.9996738877242022,1.0,0.0,5.0,21458.0,0.042624987342401034,-0.5144117894005634,-49.68975551457385,0.04528196797168265,0.32957391784142076,100.72402992484612,68.52750288369678,-1.0686971862824735,1.469833653442655,21471.499999999993,580.6795171222607,0.8002012681967585,0.9676423533653298,3.9628288343220746
ID2490,2490,18,16003.0,896.1455958441342,423.95001405415536,0.0,6.0,6,71.38614797605622,1,,40.92095726068483,41.0,0.0,41.0,654899.0,1.7943548946330248,0.6719957320161357,18.33153307780309,0.3563950685169529,-0.20967749515215858,78.23441938412735,65.55274565934116,2.644234629828337,1.193457552345545,16009.499999999998,479.9560920196889,0.8733425412572864,0.9848666605149026,3.793260112152596
ID2554,2554,18,18593.0,876.7945986658059,375.00781866437126,0.0,11.0,11,76.92037548260083,1,,1.9976323719328455,2.0,0.0,6.0,37124.0,0.08360643045305048,0.15197295771930164,6.3041989846317525,0.24231124395456952,-0.16473814928574876,90.52646781061092,66.17580113590236,-0.7720336426062332,1.3679693521911531,18587.999999999993,522.2560919581218,0.8563977125937499,0.9819593755778014,3.83060333726245
ID2141,2141,18,17273.0,891.0048655112886,407.9837543037352,0.0,7.0,7,74.16786567028319,1,,0.9983801920629412,1.0,0.0,2.0,17258.0,0.048078282863101396,-0.16680848350304833,-8.31477110520766,-0.058990151774512035,-0.10352552357549774,87.14657898928158,63.24888627946648,-0.6397154076617788,1.3778357867713695,17281.49999999998,506.1688946988515,0.8476184342594753,0.97914955097878,3.8503901295274083
ID2142,2142,18,16681.0,893.4861647650705,465.9983180107608,0.0,3.0,3,72.90172161662342,1,,1.9967069811998563,2.0,0.0,3.0,33349.0,0.09439691116602587,0.06933236577253421,2.7428992516884962,0.5143313792424984,-0.6409428090845899,81.5790899500488,66.14631204017688,2.3764056762525914,1.2333127491748617,16696.499999999993,488.3349258437763,0.879831959188451,0.9870824711794262,3.779245158193913
ID2609,2609,19,24938.0,769.7238290077152,684.9768943800393,0.0,10.0,10,89.07944292975631,1,,6.0736998275792935,6.0,0.0,45.0,151472.0,1.618926024848486,-0.6270785288079403,-12.617138126972106,1.5102738684615102,-1.5435868210292327,144.14246061013625,56.45054586111414,1.6774747626572282,2.5534289954391483,24928.999999999978,881.0263986655796,0.40358673026578573,0.7498232896695887,5.580029472677268
ID2642,2642,19,22591.0,770.1636342843652,706.5204593579613,0.0,9.0,9,84.79658704186592,1,,25.999380256750776,26.0,0.0,45.0,587326.0,0.7291600131865189,0.1276759835402877,8.074116812514324,3.375449389024487,-0.04523672164346673,165.1629275264495,48.84983308963702,1.6590286946426251,3.3810336101534615,22589.50000000001,906.6635486895465,0.3453219388986468,0.7419164134986456,6.032437717104493
ID2468,2468,19,30471.0,766.6919233379303,727.9687999387053,0.0,2.0,2,98.45714435144438,1,,37.984666907443284,38.0,0.0,40.0,1156899.0,0.7286907868662204,0.37254601754175865,28.297498830146758,2.837801444039118,-1.8136964049998046,186.18002715967418,54.82867150070577,-1.3858641753104923,3.3956691282822278,30453.99999999998,977.7534702477631,0.40030911159587723,0.8151498929336184,5.6028267610766465
ID2324,2324,19,29654.0,756.2726593149654,738.1180993491383,0.0,1.0,1,97.15370839555197,1,,30.97653405259609,31.0,0.0,32.0,918764.0,0.7438718178452353,0.40150877001166524,23.859642355889488,1.9300565991134786,-1.3170340043374371,191.84574507296873,50.50896629880655,1.7284147522303623,3.798251263706851,29652.999999999996,987.0603638490458,0.3824644519008286,0.8039856300413476,5.732042397693862
ID2228,2228,19,25981.0,765.8545466204951,714.7708670001282,0.0,5.0,5,90.95534037051767,1,,18.981301219652956,19.0,0.0,20.0,493343.0,0.4917523844077607,0.4571782292107989,24.220459018103206,-0.7520913405623315,0.40910549149274245,195.25895675216483,43.364667557031595,1.7148989969613455,4.50272001959585,25990.000000000007,1048.892264354802,0.29686184247452085,0.700983102504282,6.506204994694483
ID2149,2149,19,19366.0,777.6329079040287,649.9666718338242,0.0,7.0,7,78.48726793126959,1,,4.0132830266694235,4.0,0.0,42.0,77649.0,0.6274828705118184,-0.4357387733967003,-9.87811112052205,0.42010570655365737,-7.938267543590214,132.51723978997356,52.73262846311211,-1.3816286850563924,2.5130027395215646,19352.999999999996,694.5243313526348,0.5041772331343461,0.824936061381074,4.992445317535574
ID2486,2486,19,39350.0,769.1780627504809,676.5310193775789,0.0,6.0,6,111.90455411803626,1,,36.98503024449754,37.0,0.0,45.0,1455213.0,0.8849453633981422,0.2173489966019791,14.923890476556666,0.21652774975103475,-10.683472807121847,200.7156516767604,66.31791206497921,1.6623407090771216,3.0265677164277487,39340.999999999985,1106.5285136280368,0.40376627376318763,0.795305914103484,5.578788693702497
ID2455,2455,19,26893.0,763.514502450115,735.7989078248803,0.0,4.0,4,92.53999147906602,1,,25.93447558165465,26.0,0.0,38.0,697793.0,1.2156674121776032,0.6759009169600122,17.20788077504583,3.5503267979968913,-1.5948825537557954,186.9536240894719,51.002501392788965,1.713726486496367,3.6655775498082632,26903.499999999996,985.0807879854951,0.34839743490994185,0.7665033191828826,6.005752871288696
ID2168,2168,19,25913.0,756.9444144144144,752.7924066924066,0.0,3.0,3,90.7977205229304,1,,6.995019497316706,7.0,0.0,11.0,181178.0,0.16654071993321992,-0.06603307672139443,-5.939207854618008,0.5027964487712046,1.600381769678105,157.7864831232404,51.79076971442745,1.7196759712869936,3.0466139814733344,25899.999999999993,852.6820231956615,0.44764672766200364,0.8456176436978627,5.2983082922651805
ID2415,2415,19,29242.0,727.5641865130249,741.899104135679,0.0,0.0,0,96.48384204823127,1,,32.93631857802085,33.0,0.0,33.0,963552.0,1.3520108452713757,0.42790652801107054,14.60071110618283,0.2553134107849154,4.035979730590785,183.45583477524988,51.76729816083038,1.880437398398223,3.5438557022097275,29245.499999999967,932.8668407443845,0.42230828584584085,0.8343104112285499,5.454941917860056
ID2511,2511,19,27589.0,773.8887861313603,699.2066333006927,0.0,8.0,8,93.68435564033972,1,,6.009502738384534,6.0,0.0,41.0,165688.0,0.5749425633278499,-0.4592603018001582,-17.7547566733244,1.5509181956560152,-10.023836152217992,172.32933655486784,56.1214433967307,-1.495778767728475,3.070650470207021,27572.999999999978,929.6903117418228,0.4008826627332151,0.7615798922800712,5.5988172862465415
ID2560,2560,20,46633.0,833.0458099700163,688.3993099110496,0.0,11.0,11,121.83948049384635,1,,7.003258725666752,7.0,5.0,21.0,326660.0,0.16819466977769612,-0.16266748057623318,-16.177846867630738,2.308564219967294,-4.6628002106465125,153.31527557718402,110.24095206030933,1.1939970793254036,1.3907288780789022,46636.50000000004,1025.5741814867736,0.5571878731132052,0.8157013301617014,4.749021154760896
ID2469,2469,20,34862.0,863.962555171408,835.9555496578536,0.0,2.0,2,105.32907299557306,1,,38.983927443889556,39.0,0.0,39.0,1358278.0,0.6589611283091033,0.2734587930538318,25.407549788353638,5.961981914605992,0.817255560223643,139.81913061090344,86.55777053506097,2.202617137587798,1.6153273096869853,34853.50000000002,922.7395669249736,0.514396462947476,0.8053864195676546,4.942605466662737
ID2597,2597,20,30410.0,865.4206393580109,717.5981620649774,0.0,12.0,12,98.37871337012514,1,,8.028156968520772,8.0,6.0,44.0,244064.0,0.9558665405038559,-0.36270065308425226,-9.559902334420924,1.5226245672113277,-2.1597397211122993,131.89578248155388,74.72800497148569,1.9246035987307313,1.7650114241893915,30405.499999999975,751.8589610484546,0.6759105933303953,0.8734953603952995,4.31181685132092
ID2153,2153,20,27704.0,868.8661639423221,753.6467353020862,0.0,7.0,7,93.87019454695289,1,,8.010844418739156,8.0,4.0,42.0,221612.0,0.7035511031938482,-0.3763108689671894,-13.740142316157986,2.5946154915191806,-1.0671174657519933,125.33499972062226,75.51599381886341,2.09443611243852,1.6597146297413143,27682.5,748.5264777832818,0.620870232138016,0.8368222971236832,4.498881075225461
ID2318,2318,20,36612.0,857.4739645940334,846.2967070994063,0.0,1.0,1,107.94172072869449,1,,28.990789078087847,29.0,5.0,31.0,1060686.0,0.44219501636353153,0.21598425615154976,23.290045195736923,0.4719084077138712,0.7631203678810978,129.27269922380836,97.38519135670009,2.2221942925190277,1.3274369277594935,36604.0,872.5415190143326,0.6041798089519707,0.8500005805380426,4.560598375841519
ID2223,2223,20,39109.0,834.2419244908479,843.9316238770111,0.0,0.0,0,111.5976408885238,1,,7.031254791719908,7.0,4.0,33.0,275133.0,0.9054961141273276,-0.30026899262117296,-6.664316405125081,0.7390965875150542,0.8452525133123583,131.4978576420387,99.012982040634,-0.7655717388169755,1.328087033961599,39125.50000000005,857.533559563267,0.6686017582174059,0.8933476419348588,4.335320155481689
ID2639,2639,20,40541.0,890.5578582700464,709.2429356938554,0.0,9.0,9,113.61943383096852,1,,24.98680315737543,25.0,0.0,26.0,1012965.0,0.5370860953980741,0.3060987078678131,21.806314862453327,-0.2103426371332869,0.48490151014183597,161.39452788544918,83.71868963629407,2.2458104209853373,1.9278195655785892,40556.00000000005,897.8203833225988,0.6322459504679188,0.8870807222459189,4.458224188311343
ID2513,2513,20,27478.0,875.2936406821615,739.7633395822337,0.0,8.0,8,93.51176417060049,1,,8.005753823743627,8.0,0.0,39.0,219838.0,0.5327365726079292,-0.30887478574354094,-13.432146948658099,3.543037119108909,-1.0139461381076296,122.30386777499612,74.27257679278733,1.9866496391940145,1.646689438501791,27471.499999999985,717.8219064035599,0.6699753458392469,0.8932078293666271,4.330873725111546
ID2291,2291,20,28756.0,868.3729841164907,772.3613164929861,0.0,6.0,6,95.64719171970101,1,,4.030588808463252,4.0,0.0,38.0,115823.0,1.0119885589663085,-0.7144037257087957,-19.925721728076205,3.4328071979541983,0.9445698514559531,129.66183818043416,76.45662069666093,2.0216857824867995,1.6958876418938673,28740.50000000002,748.5307818986012,0.6445919153596353,0.8751674786845314,4.415323257473767
ID2232,2232,20,34807.0,866.0460552778256,778.6169530157636,0.0,5.0,5,105.2572748009039,1,,19.951310646125545,20.0,4.0,21.0,694146.0,0.8707960555143666,0.32044731599623627,11.120403185965635,0.4844797284711727,-1.179814222382699,137.20371432811933,86.26447967901116,2.179701615803181,1.5905006885644277,34805.999999999935,847.3197083789411,0.6092132827332142,0.8463773754665809,4.54171889122495
ID2329,2329,20,29221.0,857.8499392882185,806.9393765783637,0.0,4.0,4,96.4689949538835,1,,7.149635660771099,7.0,0.0,38.0,208991.0,1.7186415644994153,-0.31727017726373524,-3.8664195071537355,0.07031576869809256,2.7373585678411634,121.62512157912869,78.01206099177139,-1.0569491336531158,1.559055356734615,29236.50000000001,730.7351796615994,0.6880424165742659,0.8915469764888854,4.273633999131614
ID2617,2617,20,30686.0,870.6523136002434,727.1787303035735,0.0,10.0,10,98.82904280932061,1,,8.011345482998076,8.0,0.0,28.0,245732.0,0.719222699494691,-0.2970275600206822,-9.41305333546363,-0.9881225246097362,1.6095739698150788,130.7242181378918,74.97419051938328,2.0326432227843423,1.743589590395048,30684.500000000004,740.0177545368258,0.7041166855756515,0.8965915233684459,4.22457100546462
ID2174,2174,20,33618.0,857.6719471603395,821.0389575923529,0.0,3.0,3,103.41535046087735,1,,10.976187641385879,11.0,6.0,17.0,368756.0,0.37645189936795037,0.021712031910634734,1.2392073671081474,-1.458768805522219,1.8739491532720824,126.64816620095034,88.13396532573115,2.210531670472627,1.4369961198599874,33598.499999999985,794.2903870612884,0.6692234335261646,0.8513816564673681,4.333306039141886
ID2147,2147,21,59666.0,1261.6911033290605,638.6635235932966,0.0,3.0,3,137.83037209656618,1,,4.017176372015082,4.0,0.0,36.0,239725.0,0.7204699078170674,-0.4762721980218008,-10.141090323735568,0.021986691017062413,-1.0463530109670138,190.80417278137404,101.08271099243002,1.4768586121459855,1.887604427186991,59681.49999999994,1028.8138418459264,0.708558963769847,0.9602970281098641,4.211307305856728
ID2484,2484,21,52562.0,1254.7614440025625,598.0370990555566,0.0,6.0,6,129.33730880382805,1,,35.96362183450979,36.0,0.0,36.0,1890212.0,1.1218984157055347,0.7335642599904212,27.12926965881189,0.08023336232977338,3.016517482604873,200.28558058268257,87.21988944342627,1.5691931102708976,2.296329218722462,52553.000000000065,1059.7278655810962,0.5880559767909491,0.9041220796201367,4.6226988073719335
ID2214,2214,21,54464.0,1248.1393988654488,618.9274282180568,0.0,2.0,2,131.64067634540177,1,,5.035919566614636,5.0,0.0,33.0,274231.0,1.1482606906637045,-0.33084113522797687,-4.336691709701724,-2.6921064013820506,9.997091101154155,179.34165057986064,104.39365822964841,1.5633576866551429,1.717936258018081,54441.49999999995,996.6468708304876,0.6887432118422577,0.9077214219020935,4.271459237437049
ID2470,2470,21,62858.0,1255.8487719130794,619.5537632698079,0.0,4.0,4,141.45527938286867,1,,29.991425389755012,30.0,0.0,33.0,1885261.0,0.4755659496301332,0.27814355889627757,27.447685077974914,-0.6095921196682752,-0.6013501653967999,200.0025911855384,101.96011643454699,1.4150563837527046,1.961576724109858,62861.99999999993,1079.7042776293736,0.6776234304356568,0.9347648292167903,4.306363886933308
ID2294,2294,21,58429.0,1246.2193110057674,584.0744813147821,0.0,7.0,7,136.38108952262206,1,,39.98298993770963,40.0,0.0,41.0,2336446.0,0.8062930799746177,0.4455136584045938,30.56688297434108,-2.561771438899179,0.9561776919045996,207.66105617845943,91.79634732425971,-1.485729174359498,2.262193020000255,58433.00000000004,1081.1881886976535,0.6281530352533518,0.9152537063287577,4.472725038737132
ID2599,2599,21,63201.0,1240.348797169314,533.9621538104578,0.0,10.0,10,141.84852669467443,1,,3.001708482298225,3.0,0.0,9.0,189750.0,0.12347918337208734,-0.15780131683647777,-9.10963181729123,1.0292449698042427,2.760141631827005,201.77572840771114,99.87825025543013,1.5453010799511426,2.020216892984077,63211.99999999996,1085.1186514453166,0.674613361610752,0.954330661110859,4.315960513122629
ID2585,2585,21,57241.0,1255.2786728643157,501.5666392898333,0.0,12.0,12,134.9651864250689,1,,3.004981298283637,3.0,0.0,38.0,171927.0,0.4225972532643791,-0.5722835941132913,-19.028321754425516,-2.2187105051713996,-0.19265964925236087,172.97385491889005,108.10592089088814,1.3423362296407042,1.6000405296345743,57225.999999999985,976.1474465247162,0.7546966277702274,0.9707054772445843,4.080550221310186
ID2202,2202,21,69748.0,1263.6289984506338,609.3512226622836,0.0,0.0,0,149.07155073685962,1,,1.0105557146949298,1.0,0.0,35.0,70557.0,0.4905795610675813,-0.7420948753301319,-11.854418860082996,-1.3067870667489838,1.9204190624820348,212.40373223478127,106.25458511591505,1.4204228457310346,1.9990076852031016,69813.50000000015,1145.9024936450567,0.6681191905531136,0.9560415482687102,4.336885525643653
ID2699,2699,21,55322.0,1243.6123753920124,569.1728725888034,0.0,9.0,9,132.70273918909493,1,,39.98380244771047,40.0,0.0,41.0,2211784.0,0.7733807923950587,0.4559662081554735,32.381880783689994,-2.2910315446007523,5.766815907726902,218.5731962697227,86.58060122886025,1.5574139290588498,2.524505410767058,55323.50000000002,1166.3974837259539,0.5110064283576775,0.8465463949075778,4.958973074826889
ID2508,2508,21,45768.0,1238.7079923965173,533.7223909457377,0.0,8.0,8,120.70031493663477,1,,3.0041959875868702,3.0,0.0,33.0,137466.0,0.3769361617557966,-0.5172866764805054,-17.08175387641113,-0.6384794108643412,4.744291920458364,149.3453088083208,101.9408347713788,1.5778391262623384,1.4650194805963215,45768.49999999998,831.6009397546385,0.8316615061141025,0.9867516115818291,3.8871529715925153
ID2556,2556,21,54211.0,1242.6742917581369,520.8062704078809,0.0,11.0,11,131.35685745466324,1,,3.006197775441315,3.0,0.0,23.0,162975.0,0.28849139415681446,-0.46398673134979934,-18.040339364869897,-0.7796402638107132,3.299493941581171,174.21421617925822,100.64516139492753,1.56151929529089,1.7309745820332951,54206.99999999992,966.3754015254938,0.7294130065452161,0.9401633799885515,4.150669754912811
ID2143,2143,21,49700.0,1236.6113525476585,597.0586841708164,0.0,1.0,1,125.78075018877054,1,,4.003038718505997,4.0,0.0,25.0,198919.0,0.288801443629436,-0.3013144794917475,-11.955250640204758,1.1029798561673962,1.885686659430978,171.22247053801675,96.87752496161794,1.601744001138255,1.7674116943620686,49702.50000000013,931.516302307303,0.7197922700300444,0.937641488077274,4.178316585629837
ID2209,2209,22,81807.0,276.4589571849371,1362.2258230767038,0.0,3.0,3,161.37893281930948,1,,20.994914736263066,21.0,0.0,25.0,1717489.0,0.34345811993674846,0.36906758860307576,32.95727841386737,-5.318008899449671,-1.4070285396785207,215.69936975539918,134.45175468144933,-0.7128844090923412,1.6042882464899493,81816.99999999999,1226.3804778505742,0.6836014227917804,0.9297386363636362,4.287493286650515
ID2662,2662,22,65561.0,380.3479847054217,1320.4632533520448,0.0,9.0,9,144.4556721231489,1,,30.995224873375236,31.0,0.0,34.0,2031675.0,0.3569915765474392,0.18381016723558904,26.962135255908628,-2.5812152429281845,-0.9155679091569054,250.56823262146182,92.77259914455023,-0.6023485118913487,2.700886198424258,65556.99999999978,1342.0682378542233,0.4573827052678584,0.8532123822972427,5.241614324165453
ID2407,2407,22,72415.0,282.9656403175699,1370.2525739270511,0.0,2.0,2,151.83409863025176,1,,16.007705266646415,16.0,0.0,43.0,1159246.0,0.6048318506859455,0.19458721192616002,8.622254866958837,2.770357884593174,-0.3020255975969317,202.3377737016528,121.64215592672431,-0.6973288290732409,1.6633852973104035,72424.99999999994,1141.347993776419,0.6986540941091678,0.9382935171270138,4.241054250006826
ID2215,2215,22,70880.0,340.43405691246244,1332.0518090654398,0.0,5.0,5,150.17567346594726,1,,16.0001129321419,16.0,0.0,37.0,1133432.0,0.3807606479189149,0.1024907041670103,7.812868724689151,-7.171494858185632,7.80299671328052,223.55475593324243,107.27267819170147,-0.4939278631590421,2.083985966433496,70851.49999999991,1142.2959297702093,0.6823412936518065,0.95465324656076,4.2914504728456375
ID2637,2637,22,83241.0,375.51648337347564,1315.4741927992104,0.0,12.0,12,162.78165016460775,1,,18.00247497987577,18.0,0.0,25.0,1498400.0,0.15343568535819163,0.032008451023633575,7.2780869273679905,-1.7380529706811823,-2.0103409223314967,258.78621562758315,106.17710620609853,2.571501223438971,2.4373071076664843,83245.49999999997,1310.9813620546631,0.608663971277919,0.9536440910965489,4.543767850667145
ID2576,2576,22,71133.0,402.3346207281102,1301.1344853115168,0.0,11.0,11,150.4795263093475,1,,14.009350393700787,14.0,0.0,46.0,996345.0,0.49905747844944104,-0.19154819810828116,-13.3021353675365,-8.100325295433409,0.15528112530264945,247.9573378581616,98.46463516896175,2.6200498136915495,2.5182375116982434,71138.50000000004,1306.0982511443249,0.5240381100940688,0.9227561337855984,4.896925491848757
ID2518,2518,22,73969.0,378.15642609779127,1320.8051959902934,0.0,8.0,8,153.4455650579648,1,,13.00730272499831,13.0,0.0,44.0,961825.0,0.5558699055974506,-0.18362435548061018,-10.526508029578734,0.6026276209869265,-4.714238506421342,255.88019201924763,103.53247025433424,-0.5742703971492027,2.4714970230176223,73970.50000000009,1337.086045345086,0.5199357810100547,0.9113876482365634,4.916206074810916
ID2391,2391,22,62011.0,263.88124183744213,1375.9743097767962,0.0,1.0,1,140.50586269264664,1,,36.989194071254616,37.0,0.0,43.0,2293441.0,0.6678307206803333,0.4442417789147386,34.0735957818264,-11.650798039208635,11.619319829272106,198.93654786079657,112.06208940933456,2.3979790762036552,1.7752350407650486,62020.999999999985,1130.4285597203295,0.6099052699316772,0.9267239447142324,4.539141685028638
ID2360,2360,22,78286.0,299.5825851521692,1353.2317190499907,0.0,4.0,4,157.87331122794944,1,,14.004943286327407,14.0,0.0,39.0,1096419.0,0.4997871089713118,0.18869610079653634,8.8964837101355,-10.317932064278017,0.763376297590163,234.53389460858787,118.73020665053154,2.5098837214601817,1.9753515236346797,78300.99999999997,1204.8302662654198,0.6778372554896739,0.9526422405664678,4.30568460801168
ID2169,2169,22,71317.0,385.42957522640955,1316.6260484954717,0.0,7.0,7,150.66344532925552,1,,15.000659158801172,15.0,0.0,20.0,1069592.0,0.1005558741340537,0.08471757172943295,23.301813218869047,-6.194782585251846,-1.3155642823024696,236.81575675706142,105.84476138878901,-0.5879473292137705,2.2373876009525846,71312.49999999999,1195.1777604374358,0.6273508910484715,0.9580184718723758,4.475583586006056
ID2394,2394,22,68750.0,361.94416068219357,1334.5569003945993,0.0,6.0,6,147.89893922407632,1,,12.000815078960775,12.0,0.0,24.0,824516.0,0.17491241219086875,0.05290738856192655,6.895190397347019,-9.118885974398555,0.42623827669146247,242.80604674021558,97.73586408976318,2.5649007370821058,2.4843085903166124,68719.50000000004,1232.1365861035295,0.5688164508482891,0.9472410988738341,4.700227270288226
ID2650,2650,22,73215.0,398.29768804541993,1298.759334857949,0.0,10.0,10,152.68861070432285,1,,14.010326458134134,14.0,0.0,41.0,1025696.0,0.5702705991834227,-0.2750165893570438,-18.63923534006557,-7.594660282274586,0.1519412107134743,249.82150170909796,100.34703346756655,2.638616877977662,2.4895753574005104,73242.4999999999,1235.4719307171727,0.6029860403342958,0.9516524066602985,4.565110592472826
ID2396,2396,22,74145.0,132.95182822096925,1447.5245366498502,0.0,0.0,0,153.61505493391314,1,,28.85966001079331,29.0,0.0,29.0,2139078.0,2.0103289167818374,0.36416291249882726,7.664495297330203,-7.881226711615121,-1.062285971820695,194.8007128819496,124.09118741534812,-1.0153037978907542,1.569819073693994,74134.00000000006,1187.68264243103,0.6604295224497662,0.90611746012345,4.362060578687006
ID2151,2151,23,21051.0,583.3530213035559,579.0568068424805,0.0,7.0,7,81.84638999209358,1,,5.995866394260465,6.0,0.0,9.0,126195.0,0.19060918763515472,0.315428756078366,15.085929153748202,4.366919976220573,4.797796895091787,104.65667664138314,72.09498690596178,0.7475760853335898,1.4516498460273488,21045.0,662.74392488742,0.6020981367898789,0.8650526142716212,4.568475396619927
ID2472,2472,23,48857.0,640.4280128559438,607.2172170020539,0.0,2.0,2,124.69610912210523,1,,39.95724168986409,40.0,0.0,40.0,1952151.0,1.224687862294238,0.6050640187233511,24.598524134860366,0.34222024442467647,4.20655474302632,134.0981811141139,119.84870009937165,1.849846624421799,1.118895582538045,48848.99999999995,891.0873971279552,0.7730808916165576,0.9534861024359764,4.031739490748494
ID2312,2312,23,54641.0,644.612993833373,586.7516422990357,0.0,4.0,4,131.89130740900993,1,,2.00768470743221,2.0,0.0,26.0,109728.0,0.451330478506026,-0.41616678709141347,-6.341755063784803,3.0685970037702046,1.7388170180244615,145.13159376478436,123.01388095274811,2.6525629478795585,1.179798512499025,54648.99999999992,914.1443760371288,0.8217931177921811,0.9796185422865937,3.910422490691594
ID2410,2410,23,58810.0,599.8476689709121,626.4973783185527,0.0,0.0,0,136.81393825957474,1,,31.977333786770956,32.0,0.0,33.0,1880587.0,0.844896255059629,0.35181345333373,19.699923484057514,2.610385894929102,4.220804990610463,149.8038360335514,130.64811751082308,2.5256132562671527,1.1466207006093403,58804.50000000002,972.097448032656,0.7819893161943068,0.9639370866083653,4.008708917747995
ID2159,2159,23,26869.0,606.2579194368401,602.544093090241,0.0,5.0,5,92.4453513120346,1,,3.0059198034178487,3.0,0.0,18.0,80736.0,0.3227688239687169,-0.4106013399461465,-12.975587287621636,1.9876913313274027,1.55092660740154,118.35709662591674,75.5317990954514,0.9057557244353391,1.5669836816192602,26848.499999999985,679.1649781439112,0.7314410415707413,0.9527501774308015,4.14491156927814
ID2548,2548,23,20196.0,613.6211092947607,582.348450322815,0.0,8.0,8,80.16059925170335,1,,40.92612032681357,41.0,0.0,41.0,826503.0,1.663504219229818,0.7377626249845731,20.889731765270845,12.69665372566348,-7.805455829438894,101.7502318401801,77.40266420256825,0.15753021564585667,1.314557229889304,20187.000000000004,733.563172366732,0.4714184841597407,0.7091991779233785,5.162994096688507
ID2165,2165,23,53269.0,642.7604291829379,585.6584872834685,0.0,3.0,3,130.20928452953513,1,,4.9978033944127365,5.0,0.0,8.0,266203.0,0.14951893878972747,0.23443181639130076,12.695868138504965,0.7912599432198237,3.5008804573338885,139.53397955928176,127.78498701477709,2.846376614333362,1.091943449844746,53264.00000000002,913.3862304116809,0.8022961745741432,0.9534840008950556,3.9576517052233053
ID2326,2326,23,46972.0,629.7750741544968,608.8175692936518,0.0,1.0,1,122.27955100341755,1,,31.959277944526043,32.0,0.0,32.0,1501351.0,1.0830143983670295,0.5372059183512792,20.625356537994293,2.190423016650959,2.8811256123933573,132.8516776387965,117.9493082198415,2.5680358220468245,1.1263455432157263,46974.00000000004,887.4235913544669,0.7495583866416056,0.939978188439874,4.094512470222742
ID2488,2488,23,20973.0,604.8622742591886,589.7200893424902,0.0,6.0,6,81.69652191802126,1,,38.96757117649864,39.0,0.0,45.0,817111.0,1.2500657823217416,0.3024155703324427,14.476215301720181,7.834501173298061,-3.982286040732125,94.9820138546347,80.08448775169781,1.4313527966080666,1.186022618376816,20968.00000000002,684.6512128364858,0.5621187971938267,0.8246190148461319,4.728145991738677
ID2744,2744,23,18933.0,595.5569047744751,570.3188057652711,0.0,10.0,10,77.64732805581394,1,,44.957699619771866,45.0,0.0,45.0,851319.0,1.3150851799991297,0.5301920366532326,23.690130674235792,9.832964763555582,4.615723593121369,100.39284429129044,74.64505146743439,0.3179966696010912,1.3449363664125695,18941.000000000036,659.1105814975155,0.5478935656510222,0.7582465972778235,4.789132270201266
ID2714,2714,23,17820.0,599.8397029388105,572.4817516882729,0.0,9.0,9,75.31244161431079,1,,44.908555399719496,45.0,0.0,45.0,800495.0,1.9474259310811393,0.47499695633602723,14.852440963569657,17.49620395138472,-2.571139667389785,98.65737112519741,75.2877138934162,0.40933420355138517,1.3104046599803167,17819.00000000001,678.5996274248288,0.48625710276217066,0.7248062803799146,5.0836068116496484
ID2558,2558,23,45030.0,645.6323567520342,541.122616852876,0.0,11.0,11,119.71060682278936,1,,4.996357336413309,5.0,0.0,10.0,224946.0,0.1667212502410285,0.17360690477332236,8.866186587771587,2.382905885740613,3.9213503021200307,155.5713328161651,96.85393400701383,2.9226883756546185,1.6062469161541661,45021.00000000007,889.3441081819739,0.7152952429270272,0.9335614307931587,4.191430444994775
ID2590,2590,23,27948.0,686.8771940811251,527.5042703692438,0.0,12.0,12,94.3133639229507,1,,5.020575395405425,5.0,0.0,45.0,140305.0,0.9203990116165752,-0.5406607778460047,-12.8409950833443,0.3142805193688828,-1.2855394000163076,110.99054833465341,81.63927914569015,-1.2771411088934566,1.3595238651799482,27944.5,662.5055754987592,0.8000684270818577,0.9815936912728103,3.9631578091527953
ID2721,2721,24,65577.0,1712.5567762357323,761.3410778567854,0.0,12.0,12,144.50909742307144,1,,39.97983354673495,40.0,0.0,40.0,2622837.0,0.8576246373753401,0.3479509899741383,24.06676420902791,-7.451352721775072,-4.395022835715432,157.7120896035296,147.3475731574037,1.7867269266960064,1.0703405982469356,65605.50000000022,1169.9373188751733,0.6023167280857111,0.8502802708745127,4.567646331502036
ID2403,2403,24,70830.0,1748.6190304741733,794.3868102129662,0.0,1.0,1,150.14758635744698,1,,39.965623367639374,40.0,0.0,40.0,2830885.0,1.100863246945957,0.48627133032252373,23.755478288341447,-6.8936527880691765,-3.216217471767047,168.96662068667288,141.82238412847767,1.7286472267231927,1.1913959966545558,70825.00000000007,1170.2465006770658,0.6498928289579248,0.8981390482832967,4.397279382789535
ID2275,2275,24,74328.0,1719.7281111208263,777.4936798965108,0.0,7.0,7,153.82781862836086,1,,36.99113878094367,37.0,0.0,39.0,2750994.0,0.6096563266341977,0.31154612468006937,28.825801850030185,-5.978761074976384,0.8803049327708053,178.22150363225467,142.7161371865913,2.1727961824173025,1.248783123938133,74339.49999999993,1190.806118357162,0.6587905866852577,0.8956296497093453,4.367483163920923
ID2308,2308,24,68123.0,1829.3982263410144,797.8580044745357,0.0,0.0,0,147.21889090863345,1,,21.99245194355111,22.0,0.0,40.0,1497620.0,0.5698934569928666,0.22420163393756679,14.134999419945224,-7.083061311027535,-4.443608604912491,170.86169897217104,133.10832147231582,1.1986447051307438,1.2836289803842749,68088.99999999997,1125.5936404224356,0.6753416872963492,0.9233909246250231,4.31363260050681
ID2501,2501,24,63889.0,1751.2421636594106,785.5801161171187,0.0,4.0,4,142.6194938885649,1,,39.970286340165856,40.0,0.0,40.0,2554501.0,0.8605590924058777,0.43849113485158847,28.316539967442818,-7.916714797004594,-9.027255556100569,172.13746714694588,138.81533625415375,1.7899414356912926,1.240046465988336,63900.999999999985,1188.7167185686912,0.5682779131111964,0.8273527069805979,4.702453866015986
ID2475,2475,24,61691.0,1746.420097042002,793.9253719448114,0.0,2.0,2,140.13213173111754,1,,40.9670853253383,41.0,0.0,41.0,2527874.0,1.0390576061050198,0.6150205923778851,30.02873444379898,-4.1892086859478725,-8.978461148482864,164.25159239511615,131.96829417525987,-1.3018469780050153,1.2446291999272385,61691.49999999987,1130.8884027252616,0.6061717508441691,0.8670686371654032,4.553098915220964
ID2476,2476,24,76010.0,1703.483643553152,782.6559652343261,0.0,6.0,6,155.5307064395777,1,,32.97985738343332,33.0,0.0,34.0,2506733.0,0.8073315301268501,0.48342907041815836,26.62519713185716,-4.461784958858422,1.8203988387410084,172.6157339000612,152.89715691868517,1.996685152518692,1.1289662762785242,75994.50000000003,1188.3701070914585,0.6762208984092705,0.9125508843978531,4.310827431887238
ID2543,2543,24,79345.0,1706.9225154855642,757.3981984251968,0.0,8.0,8,158.952342593113,1,,35.983752330092194,36.0,0.0,36.0,2856966.0,0.6669535295560453,0.41474086697403495,31.63303060998905,-9.932300977570668,-9.976312419840129,204.89285202463464,142.94631653809873,-1.2006519867441057,1.4333552412315964,79374.99999999996,1380.7960758672477,0.5231599794550607,0.8011000933565456,4.901033544388114
ID2704,2704,24,69346.0,1702.0848626941759,773.0856730630501,0.0,10.0,10,148.53302060955517,1,,23.987391806116563,24.0,0.0,24.0,1662806.0,0.5284636207946182,0.4452945888353748,27.969774790937716,-4.6753453263197775,-7.472688187495521,172.78671956721595,138.90056192483001,-1.066252094444948,1.2439598312116578,69310.00000000003,1132.3562500399973,0.679265566563948,0.9214304706195167,4.301155382930837
ID2708,2708,24,69804.0,1704.872632307821,768.1772560677148,0.0,9.0,9,149.05980622000033,1,,42.96657832533486,43.0,0.0,43.0,2999282.0,1.0934438953848231,0.48814961516735345,25.779270049474327,-8.798411738147948,-12.197683801224017,176.90869621525053,143.39133721423366,1.9764875303348668,1.2337474470367782,69802.49999999999,1251.7566225616476,0.559810507500441,0.8307349003272834,4.737883843374021
ID2392,2392,24,64656.0,1738.4673871296188,788.5275554524482,0.0,5.0,5,143.46121937976287,1,,40.97313557487086,41.0,0.0,41.0,2649241.0,0.8842251055930106,0.47880728697029923,30.0065126123635,-7.629663029276637,-7.752340943764454,171.07033455781027,136.2239118075785,2.0870137559720474,1.2558025407422866,64657.50000000001,1122.8974393154233,0.6443896994067874,0.8808803694772553,4.416015989500074
ID2332,2332,24,58456.0,1765.9208563240516,774.0388282931975,0.0,3.0,3,136.39800978286732,1,,34.98040792580678,35.0,0.0,37.0,2044325.0,0.8385585385438064,0.3691157171081933,22.492817621712433,-5.9470934131755,-17.374706717187472,183.86906341996865,112.99006606720087,1.4223915826197766,1.6273029109533619,58447.5000000002,1142.409856816889,0.5627712729835483,0.8648446690292491,4.725404295740182
ID2623,2623,24,61939.0,1709.4808221242604,772.4035400754628,0.0,11.0,11,140.4016130301785,1,,25.990071998191972,26.0,0.0,33.0,1609981.0,0.6080007673240254,0.2680553384044276,18.072557072575716,-16.543540275610383,-9.167112784234744,166.83867205634746,137.85950586502898,-0.9677769170292544,1.2102079650545858,61929.000000000044,1176.092073586739,0.5626279269836909,0.8122848092549242,4.726006225214062
ID2530,2530,25,66101.0,961.1172656464721,1408.9082165253371,0.0,8.0,8,145.0510462282822,1,,24.990923256130586,25.0,0.0,25.0,1651975.0,0.27416228129893355,0.13790606737755684,22.09436642064247,-2.167454815284921,7.627379037116687,216.0171873321187,99.05747929157859,1.5530754908857558,2.180725664301085,66098.4999999999,1211.2949503907407,0.5661110792953005,0.9027568169246828,4.711444773303552
ID2628,2628,25,84813.0,966.5882766238029,1428.493196035541,0.0,11.0,11,164.29787714084165,1,,26.994881652966637,27.0,0.0,39.0,2288977.0,0.4065661107647435,0.10653209662953658,12.784881492325965,2.7609120717465263,5.3582510318658905,256.01704840286453,106.27044006575946,1.37132611629881,2.409108762930151,84803.50000000001,1348.9415447040633,0.5856489651839504,0.9184577478136089,4.632188690328892
ID2376,2376,25,114513.0,946.1793337205359,1434.9113298950915,0.0,4.0,4,190.9066994200109,1,,15.00053271387152,15.0,0.0,23.0,1717681.0,0.21060646508205358,0.004817958980969034,0.6830314308577919,-2.4907280119000337,4.321653262741699,214.60536248358665,177.4447620018413,-1.5133811545918736,1.2094206673813215,114496.50000000003,1355.6312019636914,0.7829228396794097,0.9454980119161166,4.006318298958917
ID2249,2249,25,77474.0,968.6716649675884,1481.2860731506933,0.0,1.0,1,157.05663949684035,1,,17.00041297782825,17.0,0.0,23.0,1317294.0,0.20941222156435577,0.08589499347309529,12.843029002558048,-0.4047929731111674,-1.7286510388837948,178.8213938778433,145.27834220454457,1.3742236636380512,1.2308881775789524,77492.99999999993,1110.0558274233751,0.7902831022916387,0.9509568717442118,3.9876183330750155
ID2667,2667,25,72228.0,951.5079222265285,1416.697949541369,0.0,10.0,10,151.64425283360316,1,,16.996096615682745,17.0,0.0,20.0,1227883.0,0.20550057471491723,0.039286751132278745,6.252833592949606,0.7521810608916049,1.0271073048128923,224.34422424004455,104.75512307635019,1.4803645619772645,2.141606230337131,72243.99999999994,1194.4731116671546,0.6362955589354812,0.9706496839248396,4.444014691212562
ID2412,2412,25,83554.0,971.3191013611629,1460.1453915138748,0.0,2.0,2,163.08494979602756,1,,17.00116091197415,17.0,0.0,29.0,1420532.0,0.22310276759615721,0.010654616214632026,1.6067143133031347,0.22158455080577397,-4.2126583052447595,199.14610597952066,140.7787782266837,1.5385318483696093,1.414603170222526,83556.00000000003,1159.6874217991096,0.780738528426474,0.9650058900977067,4.011918723148468
ID2672,2672,25,77546.0,949.7118115110326,1399.658578681076,0.0,12.0,12,157.10729933503944,1,,29.000399886483837,29.0,0.0,43.0,2248169.0,0.3907277176257806,0.06069372132220182,8.494024899555487,1.852021299677418,1.6688755373052304,228.68040118928556,107.27983299528984,1.423048657656402,2.1316252533626323,77543.00000000001,1193.3098315620953,0.6842991894854623,0.9484976178389914,4.285306791995163
ID2225,2225,25,96984.0,968.6852630891559,1440.271852493414,0.0,3.0,3,175.70271331564018,1,,22.996133861190152,23.0,0.0,39.0,2230533.0,0.4026761116689454,0.07288835179439224,7.759478906672084,1.571181059304537,-4.520634042552885,205.03032188096387,157.07147306564613,1.35764451708589,1.3053313748147883,96985.50000000003,1227.829397398301,0.8084266440791649,0.9759498065418541,3.9426172955075063
ID2323,2323,25,81894.0,967.3965637249514,1585.4516837422102,0.0,0.0,0,161.45189651867472,1,,23.994138979449797,24.0,0.0,25.0,1965048.0,0.366911759695838,0.3402097261121162,33.20071941297888,-1.712353679617395,-0.8689655707027734,181.82022349273066,160.82472560739606,1.04372162105448,1.130548942683034,81891.00000000015,1271.8140628086655,0.6362075122770263,0.8745861546019625,4.44432219080935
ID2327,2327,25,113213.0,922.6277245359124,1421.3798495487936,0.0,5.0,5,189.83533328729357,1,,31.99316429536603,32.0,0.0,35.0,3622554.0,0.4727975731445255,0.15946333357889655,18.612974090709905,-1.1881345910493966,6.2913360173203845,215.488439598969,176.2707156353708,1.9809598675797941,1.2224857590339793,113214.9999999999,1421.1392012455156,0.7044344653156658,0.9117154407382941,4.2236180179412655
ID2424,2424,25,108376.0,926.8981506261478,1422.181505953864,0.0,6.0,6,185.72123620297634,1,,18.997009856399277,19.0,0.0,23.0,2058440.0,0.24979399372487454,0.14303401445840638,19.03327075795525,-1.49804374203335,3.6788390746527972,222.0664303109975,158.381832503958,1.6653314646768629,1.4020953464182706,108360.99999999994,1298.1236217625387,0.8080733101377219,0.9741058867419079,3.9434791654912256
ID2680,2680,25,89637.0,966.2402947503062,1465.1741255933025,0.0,9.0,9,168.9241463254297,1,,34.979442046202415,35.0,10.0,35.0,3135872.0,0.6725932404406367,0.35423743839854455,27.207586461026885,-1.2454758838786206,4.076624915746678,256.01752210766216,113.10839231945319,1.351587736328945,2.2634706130787294,89646.49999999997,1315.0899798255234,0.651376768024224,0.9556788623086433,4.39226767863142
ID2173,2173,25,83562.0,954.4493870291052,1416.1724573871566,0.0,7.0,7,163.1103212767776,1,,16.003313833159865,16.0,0.0,29.0,1337701.0,0.2179353976273916,-0.12201171427549562,-20.409151525022107,-1.2871887469001797,2.9421915662803078,217.40137665924192,122.96369345760382,1.5625669810872107,1.7680127405590569,83582.00000000006,1202.664776910746,0.7261618678323211,0.9714544736046866,4.159950972577926
ID2144,2144,26,17703.0,862.9486600421559,653.4759955585668,0.0,1.0,1,75.08598207446778,1,,5.047030261969287,5.0,3.0,31.0,89393.0,1.1012187465639323,-0.6044154054683756,-14.005172532822284,-0.44562207319566455,0.11164442169230103,85.92519749357022,65.89233661570205,1.2587308718600358,1.3040241385687084,17711.99999999999,506.65996014170287,0.8670503109336605,0.9873735262145659,3.806999176346543
ID2593,2593,26,17528.0,871.3237084379517,514.3132275736133,0.0,12.0,12,74.68642745161097,1,,6.029163337518548,6.0,1.0,44.0,105643.0,1.1607830306035534,-0.33613731908116756,-5.259863468602491,-0.1365093817439907,-0.5658801646652404,82.9073441461942,69.09491734944588,1.2094754629138886,1.199905106288677,17524.0,501.1452039752007,0.8768311128515842,0.9833342685595645,3.7857066347283856
ID2213,2213,26,19197.0,847.5441749299464,648.5556524304019,0.0,0.0,0,78.1998106034784,1,,4.030402415534385,4.0,0.0,34.0,77420.0,0.9659510775615918,-0.5940003573394722,-12.209119083570286,-0.17742429758654701,-0.2845770735494451,88.04516069057814,71.54044708569513,1.2910601414141714,1.2307046471922762,19211.49999999999,521.3909191770007,0.8880638936957556,0.9917148461697287,3.76168846555965
ID2565,2565,26,17079.0,878.2686861890413,542.0925655052707,0.0,9.0,9,73.75902263255837,1,,3.0147402901263454,3.0,0.0,26.0,51540.0,0.6594548453101969,-0.6619019842157489,-17.899706013918294,0.7346329795815197,-0.49055413508185897,78.09993987726142,71.06157714210964,0.8038421376325168,1.0990459685559242,17091.499999999996,496.5874162572528,0.8709608285871626,0.9862946505857235,3.798443059216523
ID2150,2150,26,18143.0,876.0960826466022,567.7296484120203,0.0,7.0,7,75.99091261593874,1,,4.99862167824457,5.0,0.0,8.0,90665.0,0.09302923195024818,0.13691745684794035,12.941681797291393,-0.19288848068470066,0.4579549017758465,84.01924172788922,69.1024120116375,1.393717869936415,1.2158655433581622,18141.5,508.7924518172197,0.8806467520887347,0.9825867952120455,3.7774964350512423
ID2313,2313,26,20892.0,871.1100212131362,608.901167519977,0.0,4.0,4,81.56199060441723,1,,3.050076599004213,3.0,0.0,27.0,63710.0,1.1715009238516336,-0.588573703990122,-7.449153363689919,-0.3085100593334436,0.752231757775832,97.20466761212278,70.93993691514503,1.2481600653963159,1.3702389914498285,20899.00000000001,560.922530593095,0.8346984376997114,0.9750396566203235,3.8800751010695986
ID2221,2221,26,16940.0,867.9210557392537,641.6477916863486,0.0,2.0,2,73.42272286158203,1,,6.039036201500029,6.0,0.0,39.0,102259.0,1.166840384053171,-0.5954774171998645,-15.237323979120552,1.328320391422312,1.6371422864990475,85.06637725861049,65.14909844951761,1.326969731437961,1.305718410278943,16936.000000000004,503.84103638443906,0.8383659587632123,0.9834504384182108,3.8715788983732287
ID2605,2605,26,18330.0,876.6311393463483,537.6683117024758,0.0,10.0,10,76.40135268984669,1,,4.9974905897114175,5.0,0.0,27.0,91609.0,0.21532712361684345,-0.3355738029792777,-23.443613014341643,9.964956064038456E-4,0.45487056314918894,85.74796564678834,69.10195597315771,0.951931744028541,1.2408905716083736,18337.99999999997,515.053686631898,0.8686740184923755,0.9833235026006739,3.8034395299941415
ID2510,2510,26,18192.0,876.4520548573105,552.145801820632,0.0,8.0,8,76.07255014632022,1,,4.999944985421137,5.0,0.0,8.0,90884.0,0.10143120440350815,-0.16335227357208665,-19.248912013206606,-0.30212266542647304,0.27159342958431304,84.01104198108648,70.85030044940686,1.2542198032641365,1.1857542092016604,18180.499999999996,517.962872719719,0.8515662195942167,0.9813770208631346,3.841454728293652
ID2161,2161,26,19550.0,872.9513594136197,595.1071422483593,0.0,5.0,5,78.89581626628897,1,,4.025063938618926,4.0,2.0,20.0,78690.0,0.625711265242086,-0.485974546363872,-12.163476018373428,0.25193954012476644,0.3611106003095379,86.74986138385651,71.72038271816764,1.4490018255849408,1.2095565876265426,19555.000000000004,527.5748025924922,0.8828757620039372,0.9843698874933936,3.7727248699767917
ID2166,2166,26,18504.0,873.3390969182832,630.1181805082762,0.0,3.0,3,76.7525964616404,1,,5.993410392135681,6.0,0.0,11.0,110962.0,0.22619424061194562,0.028779900718914026,1.4824815261252742,-0.04849449007389028,0.613694614658027,86.20431954705985,68.94055540782755,1.2640450035881368,1.250415216951852,18507.0,511.5741599252492,0.8886457935641027,0.9903941348032004,3.760456656163668
ID2487,2487,26,15071.0,876.898078113942,585.8901937367303,0.0,6.0,6,69.2644685575663,1,,37.97750497677505,38.0,0.0,38.0,572321.0,0.8913865178234999,0.3290058067674974,21.09439375556891,-0.44999140901645523,0.25368733615359385,78.06609972881387,62.638643884635854,-1.4372445954531028,1.2462929413445059,15071.999999999995,464.2447417993722,0.8787933513518474,0.9871950221057798,3.781477761896603
ID2559,2559,26,17244.0,872.2582552529032,529.5696970576007,0.0,11.0,11,74.07123836690533,1,,5.995357743863518,6.0,0.0,7.0,103318.0,0.1685642818109399,0.166789221863768,10.168458431559005,0.1928918901655124,-8.751428081954383E-4,81.45012794810083,68.39788404718509,0.9818969444382556,1.190828182519674,17236.5,490.11671336494487,0.9016955422283428,0.986521291208791,3.733145961911047
ID2321,2321,27,83268.0,612.3302724193433,870.316581385479,0.0,4.0,4,162.78996057602978,1,,4.005477543273793,4.0,0.0,38.0,333452.0,0.5289693288266175,-0.23817206648957484,-4.734648449707923,1.681608526101383,0.5199556453091908,228.75536022699933,120.06518514248053,1.1607562538294356,1.905259713342689,83254.00000000007,1266.2241949650559,0.6525198943626591,0.9095964644892037,4.388418663580776
ID2242,2242,27,64861.0,504.26308837285796,971.5154320987655,0.0,0.0,0,143.6790498248215,1,,11.010577278894782,11.0,0.0,33.0,714102.0,0.4396637368208381,-0.27291840452625105,-18.80048748942538,-0.38863812658249747,0.48120350157222236,213.16562798268686,98.9277591607347,0.08531831897010611,2.1547605019167784,64853.99999999994,1087.079053573755,0.6896430693026742,0.9245837135036487,4.268671593158817
ID2498,2498,27,44718.0,669.4129478678639,941.1275722235268,0.0,6.0,6,119.30508801194296,1,,43.99188409685425,44.0,0.0,45.0,1967625.0,0.5059246076312539,0.32864601645996544,43.016575857782755,2.7560122775473626,-3.692412844878848,148.70529744417937,106.26949222094237,1.4759820574244742,1.399322555668279,44716.499999999935,929.6589549128622,0.6501751307173409,0.8920908519615751,4.396324644270201
ID2196,2196,27,48327.0,637.589960886571,966.5355987389885,0.0,5.0,5,124.0203693361979,1,,9.999048032946337,10.0,0.0,19.0,483164.0,0.1834386981846623,0.04138843805949449,4.332753443017277,1.4059115699467146,0.5968730716859526,140.90795995965232,114.79635869830365,0.19567382165946912,1.2274601873912445,48320.99999999996,892.8213707367846,0.7617572973325492,0.9434746954076845,4.061595043093475
ID2517,2517,27,39718.0,698.3685024531716,954.798388755283,0.0,8.0,8,112.42884298658166,1,,12.012945146829194,12.0,0.0,43.0,476986.0,0.7155485494338858,-0.32428903226476447,-16.11430860451543,1.3832029021953887,-0.1219120900033725,132.91292301785276,99.0268409651284,1.1411588378255288,1.3421908820120507,39710.50000000004,793.4098827137586,0.7927203513473553,0.9453530448031242,3.9814835714743997
ID2182,2182,27,43931.0,622.4199704142012,969.0052913063269,0.0,3.0,3,118.26468787814791,1,,14.990121321102588,15.0,0.0,17.0,658561.0,0.372618317795263,0.22907719327973153,14.995937992519613,-0.23055412604909023,0.47597444838618,155.10805458493212,94.63104815694209,0.3942547910895158,1.6390820730178446,43939.99999999994,833.9439472228636,0.7939555607242589,0.9719196186642174,3.9783852367717234
ID2205,2205,27,43983.0,608.0108946453131,983.137508193243,0.0,1.0,1,118.33128385292655,1,,10.995476347434703,11.0,0.0,31.0,483702.0,0.414669071164114,-0.05333522981812731,-2.987860768331939,-1.3489359889752353,-1.8858769346651076,151.50752561789523,95.63321738732049,0.21767729478844358,1.5842562841348349,43989.500000000044,846.5234443143594,0.7714022638174889,0.9640583394514525,4.036123787051422
ID2157,2157,27,38891.0,685.1092076674852,954.42314944568,0.0,7.0,7,111.26342138599236,1,,11.00483427190208,11.0,0.0,42.0,427967.0,0.45827471654232566,-0.16995462826633326,-9.833741062777538,2.5646130000919167,0.5820142996471606,128.41945657141065,99.1466523354786,0.9687887204236274,1.2952475302633801,38891.50000000002,763.1820963004911,0.8390893531821477,0.9728468869600028,3.8699096587109447
ID2350,2350,27,44954.0,622.3255394550031,973.9818488821669,0.0,2.0,2,119.63014518826894,1,,12.99606264181163,13.0,0.0,38.0,584225.0,0.4030974517607892,-0.09609701306444109,-6.855194894331346,-0.14742965477990475,-3.4587791150765432,151.22773289585518,98.81412890873509,0.270154692041475,1.530426210967557,44960.499999999956,857.7357933673568,0.7679517407410293,0.9649418380048924,4.045181081176081
ID2659,2659,28,91850.0,1787.0670063990185,1460.589780444338,0.0,11.0,11,170.9755099932759,1,,34.995067508710804,35.0,0.0,41.0,3213947.0,0.5311204512100828,0.15824546599368275,18.00422673191201,0.4766390598072528,-1.096710301226341,255.83898755130056,121.43468833442053,0.49946157338426067,2.106803180049693,91837.00000000001,1395.8521058548788,0.5923095571291793,0.8567283921824712,4.606070298181853
ID2532,2532,28,109503.0,1746.9755919771123,1474.36835889944,0.0,8.0,8,186.71180662949186,1,,26.999333491591038,27.0,0.0,45.0,2957129.0,0.4085253469433569,0.13575239439059406,15.798937052387632,-2.9729308643847863,-4.946506578599556,269.16838085143905,134.39399599792804,0.5570465454678517,2.002830400664542,109520.00000000003,1488.6214492529677,0.6210617095477134,0.8975467438115415,4.498187504451201
ID2359,2359,28,76612.0,1817.222438374765,1521.2800401260358,0.0,3.0,3,156.14093250198337,1,,39.98947766942127,40.0,0.0,42.0,3063154.0,0.48413455089330154,0.2246810370300351,30.30770671154182,-5.119147433614022,-4.894004496411472,209.9702161075535,120.37622255471635,0.45286488478137477,1.744283145387061,76592.0000000001,1176.7300714281914,0.6950876466044849,0.9621022748684205,4.2519206098552
ID2264,2264,28,71571.0,1737.7693897704273,1481.73166877444,0.0,7.0,7,150.925195412347,1,,33.991909452944874,34.0,0.0,44.0,2432631.0,0.5272507398272691,0.21424311604677282,22.750428732932154,9.665601880021121,4.454406997626571,203.93495391358647,118.0586301453248,0.5079040933792074,1.7274040335937477,71560.49999999991,1115.2766114802757,0.7229662787581247,0.9401690873618023,4.169134552070511
ID2696,2696,28,88249.0,1777.8997239076698,1442.9682559916002,0.0,12.0,12,167.60846685085326,1,,33.995082431590276,34.0,0.0,41.0,3000236.0,0.4604594045866933,0.1798419245586558,22.507220402452635,-3.016684531650514,-1.918268388425897,255.60823112280283,113.58593162814448,0.5107229024485322,2.2503511434814687,88255.50000000013,1309.8898661635626,0.6463713214738894,0.9149013367611931,4.409241561417483
ID2458,2458,28,98783.0,1757.3379999392632,1488.090428565162,0.0,6.0,6,177.3270389039365,1,,28.985856315555015,29.0,0.0,42.0,2862991.0,0.6143871238319824,0.1455430715541395,11.988204384249252,-0.8682181683544701,-5.610484070944607,243.3151372186632,134.70943306840456,0.48747864846426303,1.8062219673592523,98787.00000000025,1423.1825165932248,0.6128983624487443,0.8650426010735668,4.528044658683773
ID2491,2491,28,88783.0,1770.2741619967521,1499.9941191931139,0.0,4.0,4,168.10340841482522,1,,34.99642929554619,35.0,0.0,41.0,3106913.0,0.43064132827830776,0.20020389090277255,27.11162244256596,-5.134830145211723,-4.372638502747556,214.6098205652121,138.76758539822185,0.25084018307314504,1.5465414343655652,88777.50000000017,1274.9947370795212,0.6862715431100583,0.9189503920503085,4.279144346457146
ID2636,2636,28,91428.0,1761.210438023382,1463.6268910089937,0.0,9.0,9,170.6172173792056,1,,23.99783504816471,24.0,0.0,38.0,2194770.0,0.4027054258748003,0.21197299841694814,20.84501332853349,-2.574827862687868,-0.4517234300755676,264.18732027503074,114.4413792167995,0.46043437804376053,2.3084947252737162,91452.49999999994,1402.6735143028507,0.5841067875609183,0.9109359125047312,4.638299686538222
ID2478,2478,28,74553.0,1809.6332394177232,1532.595814047092,0.0,2.0,2,154.02995606929463,1,,41.973142657830486,42.0,0.0,42.0,3128762.0,0.9604837142192494,0.4695535485970508,27.92615787037874,-2.467381066316834,-3.9895394870400795,205.2093342023689,120.56291419477498,0.30440084189092553,1.7020933474687225,74534.99999999997,1187.4956250096081,0.6642110300054508,0.9002463946662796,4.349625743173931
ID2383,2383,28,88362.0,1770.133108746443,1504.726649846221,0.0,5.0,5,167.73091586052706,1,,38.987622194062276,39.0,0.0,43.0,3445882.0,0.6486464439520064,0.2681352364998963,25.417745256097305,-3.6398919795276288,-1.6658494386796252,236.25343323511217,120.29282348400142,0.3218947623671229,1.9639860998568477,88384.4999999999,1247.4943867632692,0.7136886221467668,0.9306227526625839,4.196145564073478
ID2719,2719,28,90431.0,1758.6037837738213,1457.9165800434957,0.0,10.0,10,169.66072912610096,1,,29.992392073602264,30.0,0.0,31.0,2712272.0,0.4399915070880119,0.24915761560044644,27.192787748363664,-8.181121530397764,-6.520513233235252,232.67045831302607,128.29200629238548,0.5091393240949822,1.8136005900691552,90430.00000000003,1341.5272389727568,0.6314273721106204,0.9072804161671092,4.461113058823768
ID2480,2480,29,53495.0,104.00935384481186,1138.9607107364382,0.0,2.0,2,130.49559933577663,1,,42.95399054011105,43.0,0.0,43.0,2297566.0,1.340981294266039,0.5295487126250714,22.17958402558867,15.05754809399206,-5.43679640442468,184.69327663764747,109.5659325629484,1.1849030421882514,1.6856816011814302,53498.500000000065,1142.040931081144,0.5154518830532197,0.7774306287192388,4.937542726197616
ID2416,2416,29,56520.0,93.63113613378977,1141.0749928499613,0.0,1.0,1,134.13777909809016,1,,42.88206462115582,43.0,0.0,43.0,2423437.0,2.248866831557275,0.3901336419966624,10.702834055868255,2.437327581550558,1.1281738509550514,201.4739294951158,116.03193240493894,1.0115460793546025,1.7363662340121468,56526.499999999985,1131.2753886492994,0.5550412771042283,0.8304538175621079,4.758195600757205
ID2688,2688,29,44685.0,284.1066075469026,1124.5320387372376,0.0,11.0,11,119.29841774351647,1,,41.99756315671809,42.0,0.0,47.0,1878551.0,0.5887590161542898,0.2621562984993494,29.632184847934713,18.648723842872453,-17.304183591053985,163.5185854956293,119.51427523585797,0.24336654720640208,1.368192922334425,44711.50000000002,1176.128436168949,0.406180998880802,0.6891361811330065,5.562181168466468
ID2657,2657,29,51549.0,266.31338998176386,1137.2524347185038,0.0,9.0,9,128.09215976487283,1,,30.009814760934923,30.0,0.0,46.0,1547156.0,0.4225992125913172,0.04486255449778995,6.098028649653686,5.360683188246604,-15.009639429214399,154.61486112103714,128.98639440558026,0.3785665829972967,1.1986912405262808,51546.0000000001,1092.7241841282898,0.5424799901692173,0.7996525003684445,4.812969064676257
ID2162,2162,29,34862.0,226.9909535499122,1154.0995635883376,0.0,7.0,7,105.2928021321417,1,,13.082689490766006,13.0,0.0,45.0,455500.0,1.709743589919219,-0.23152130605877388,-4.610575921185976,-2.9776652354374566,-3.006931814116269,124.45282799959378,94.44932812093822,0.6081623589821867,1.317667689919799,34829.50000000002,767.357992431106,0.7432947446270237,0.9628191129110291,4.111728222774595
ID2499,2499,29,34495.0,139.1782219385782,1182.5573895722132,0.0,4.0,4,104.75103052728232,1,,38.96706804004062,39.0,0.0,42.0,1343000.0,1.016741565901242,0.3485525605142189,19.811508562619974,3.1090396797836513,-6.6004764384860986,120.41431781110421,104.74209875846492,0.913004204462709,1.1496267426221753,34472.00000000001,828.764330932673,0.6306875276672024,0.8828448132355012,4.463728904379216
ID2357,2357,29,39025.0,210.5846487017005,1163.3774285775246,0.0,6.0,6,111.50062053470108,1,,9.028041691208482,9.0,0.0,47.0,352536.0,1.0473365790209526,-0.29106131635197297,-7.078041332605013,-1.9858882391448336,0.7599586876673551,123.3879483024184,107.18712297341528,0.516030687936353,1.1511452577472507,39057.5,780.0168686855305,0.8066893357829965,0.9796704123607908,3.9468604765921826
ID2551,2551,29,43245.0,270.10301131941713,1145.2175963383343,0.0,8.0,8,117.34465205719677,1,,43.967954498161895,44.0,0.0,46.0,1901658.0,1.1793952102946659,0.33546009644208374,18.729097444569742,29.205388253091296,-11.311387179219544,180.21496290885457,104.9570904487527,0.1730948328752353,1.717034667580157,43258.99999999991,1177.1923030486187,0.3922757958238231,0.6706041933108539,5.659905445787985
ID2184,2184,29,50803.0,86.24753608923884,1117.7374901574804,0.0,3.0,3,127.16187407449056,1,,15.991102887624747,16.0,0.0,18.0,812396.0,0.3901260171079632,0.31106780307179965,19.45061819923943,-1.4399343164394003,2.899238600886604,192.39352856584478,87.83837718224072,1.4345735980662162,2.1903128761894197,50800.00000000008,964.3935082222324,0.686380631168941,0.9653573532485809,4.2788042857981985
ID2634,2634,29,42536.0,253.45007445724585,1134.9475625048985,0.0,10.0,10,116.35170587231032,1,,12.033403855195111,12.0,0.0,43.0,511901.0,1.018915729823232,-0.41148094260339824,-16.51465161704184,1.0435376560712193,0.054503698704612934,126.354262124472,111.0409809041785,0.6902894800772212,1.13790657373162,42529.99999999998,811.9169949691138,0.8107407129341951,0.9856886262239982,3.936986637477259
ID2207,2207,29,41873.0,172.69846334002486,1177.1317313513684,0.0,5.0,5,115.40952680552219,1,,14.071607830015058,14.0,0.0,44.0,588742.0,1.6826718211523828,-0.0952047424183784,-1.7598780052125924,2.86199576946869,-5.030230424301181,129.3597567483087,111.16396338203228,0.3103301678384378,1.1636842805230303,41844.00000000003,873.5801413753684,0.6890290804244283,0.9440164239546092,4.270573060997736
ID2655,2655,29,41951.0,282.10604435333283,1122.0956552485836,0.0,12.0,12,115.55699042159331,1,,23.990058409822385,24.0,13.0,24.0,1006263.0,0.2970407787243032,0.17920719664846932,24.54768555037529,10.198770368431866,-5.672456567347843,156.50227954627704,106.32409684369976,0.4492663321366477,1.4719361291762583,41951.000000000015,1021.5301290738387,0.5051842720945113,0.8129487340974936,4.987466842126747
ID2212,2212,30,88913.0,1484.8037296181515,773.1706619495706,0.0,0.0,0,168.21603608793473,1,,3.061979055353708,3.0,0.0,35.0,272213.0,1.4122097157543927,-0.7104746991644382,-10.641310402972604,0.513497747355878,-4.441555714849943,217.0591577514839,136.11694276133704,1.814710547092197,1.594652020153496,88896.50000000001,1273.1527466538432,0.689181329959586,0.9164776593331824,4.270101321088221
ID2246,2246,30,81094.0,1418.4247300557768,772.6884677197265,0.0,5.0,5,160.66728615323916,1,,23.985272713817007,24.0,0.0,40.0,1944582.0,0.625150710137487,0.16815289469035424,11.045734141496286,-2.5208904096882496,5.987286788395483,220.31405460241754,122.47758802512459,1.9713659991515573,1.7988111797010826,81096.9999999999,1225.1017722629765,0.679000847793689,0.9359740087368488,4.301993736530988
ID2695,2695,30,69403.0,1379.1073500456228,771.7674086346829,0.0,9.0,9,148.64013320774762,1,,38.99152676705815,39.0,0.0,43.0,2705817.0,0.5194021781168197,0.1859770288321665,23.543959279007687,5.232661274837861,3.419986805926622,212.77305214324466,115.77905995462143,2.0946070459605712,1.8377507316663233,69410.00000000016,1223.445993355089,0.5827231910671767,0.9089659055937895,4.643802925818424
ID2344,2344,30,69460.0,1425.5237625568145,796.9147960432535,0.0,3.0,3,148.6840270686479,1,,35.975633991445974,36.0,1.0,37.0,2498184.0,0.8744877756286286,0.36085122237604816,21.817362218863565,1.738909537756172,-1.3403537365474945,211.01047777899174,109.43102847465586,-1.199571776895677,1.9282508875246622,69450.99999999991,1188.1509110216834,0.6182229977837914,0.9151655707678308,4.5085029030839445
ID2474,2474,30,66555.0,1427.6767409589365,787.8500353176332,0.0,4.0,4,145.53357522160746,1,,30.99161457081029,31.0,0.0,33.0,2062306.0,0.439771040771326,0.13624239805595437,16.900083841279145,-2.707585909534489,3.9759650343238198,230.30268910515497,102.0525547786441,2.0216425787130463,2.2567067488382855,66539.0000000001,1339.088146153726,0.4663025629394317,0.8067240135547203,5.191239082540165
ID2282,2282,30,73695.0,1388.033408859131,754.8657732462299,0.0,7.0,7,153.17045836622495,1,,37.99364958749457,38.0,0.0,40.0,2799980.0,0.48244897357281835,0.20923848050633911,27.253307755107695,0.16883225753005912,-2.3678315523938602,223.7129737268074,106.6719704939445,1.9624576254856796,2.0972048485736656,73705.5000000002,1192.9137322851009,0.6508661487592088,0.9441917962645103,4.39399025768495
ID2284,2284,30,76381.0,1400.520334463632,780.6830341751657,0.0,6.0,6,155.92571121083296,1,,2.023566244858393,2.0,0.0,36.0,154475.0,0.8768924753012599,-0.830233748434282,-22.570963696683688,0.8721129284531434,1.516786112480384,229.40598236111342,113.60220282209835,2.1853320220876293,2.0193797009408736,76380.99999999987,1228.1605857951358,0.636333653614224,0.9385144682681069,4.4438816667804675
ID2540,2540,30,71748.0,1363.1425743954283,764.436659929844,0.0,8.0,8,151.1196307044723,1,,32.9812662038973,33.0,0.0,34.0,2366142.0,0.6829432050589705,0.30922955535716556,22.812765033915284,-4.986589129540715,1.285451108906778,202.23534628829105,122.90991624772711,-1.1302517682702038,1.6453948750618472,71745.00000000009,1224.3418819145027,0.6014452398864563,0.8824994618530717,4.570954370767773
ID2226,2226,30,68775.0,1432.0115865045743,789.0529500957972,0.0,2.0,2,147.99468167294847,1,,7.007981507327285,7.0,2.0,34.0,482037.0,0.49035324446298534,-0.41803660885160154,-20.532060712495163,0.14755063302067306,-1.3528237178360003,202.55890548248928,112.6026991074544,1.9552321309452865,1.7988814396819348,68808.49999999996,1159.628403962385,0.6430048751022643,0.9347774404119029,4.420768766187873
ID2163,2163,30,83756.0,1400.9323007766561,794.6611437122293,0.0,1.0,1,163.28050092449075,1,,6.011365399997612,6.0,2.0,40.0,503530.0,0.5235457862418048,-0.49352167318814844,-22.376585558089236,-4.68200477383823,7.226349735426818,209.00446868077373,141.971268527784,1.962343424789398,1.4721603240438135,83756.49999999988,1330.8608309502395,0.5942416639219607,0.8445281344686931,4.598576154056946
ID2611,2611,30,79282.0,1356.5030941855796,776.623685444085,0.0,11.0,11,158.8657087312536,1,,22.99970987070325,23.0,3.0,33.0,1823302.0,0.4026270627950861,0.06003097687329455,6.470029255009889,-27.04360092276216,17.284632131173193,276.22773316316693,113.07211636376017,2.234616928035998,2.4429341383734675,79288.50000000006,1489.1590682348974,0.44930151697698567,0.792021696350978,5.288542387489602
ID2614,2614,30,76926.0,1366.1576042438662,785.7273276904474,0.0,10.0,10,156.4657523430656,1,,6.992587390761548,7.0,3.0,23.0,537702.0,0.27297302114744015,-0.2987840505642023,-21.83000307685993,-1.9692312580214175,0.5000514690471598,229.98387257462468,111.95806019511123,2.0696889197357833,2.0541966534059974,76911.00000000001,1237.7047074824604,0.6309053884459374,0.9447713341604532,4.46295814267738
ID2715,2715,30,62140.0,1360.0121972798418,774.8476231457427,0.0,12.0,12,140.6694466810701,1,,37.98125321833162,38.0,0.0,39.0,2360307.0,0.7539986150182103,0.26159402963930134,20.889927888405822,1.15387072599879,4.181718687006314,207.44154916811164,103.86793926300828,1.9978803514530927,1.9971663117609406,62165.499999999956,1153.6229452879809,0.5869911103070822,0.9290843739024514,4.626889949662029
ID2272,2272,31,37570.0,1191.595234925242,1529.3844834396234,0.0,3.0,3,109.33420608706662,1,,24.004526935264824,24.0,20.0,38.0,901442.0,0.2889470042159038,-0.07116934031524853,-12.73096572484527,-1.1212595363320679,-9.777664140779876,149.010373259882,87.50984731814182,1.308667291023906,1.702784061754275,37554.49999999996,832.7016712966432,0.6806016153838707,0.9565588385124798,4.296931637060176
ID2402,2402,31,42061.0,1179.0496338019243,1522.1596199778974,0.0,6.0,6,115.72971064515926,1,,14.003351636597019,14.0,10.0,26.0,589107.0,0.25966747828389286,-0.12057468985624152,-14.787733751815964,-0.10604952484813417,-0.029675776096240614,136.47336232758383,98.67838542998767,1.0365494771528758,1.3830117075072301,42076.50000000006,829.7485104319893,0.7679916680563506,0.971238963587052,4.045075926832245
ID2276,2276,31,33948.0,1161.1438941076003,1511.7898053535146,0.0,5.0,5,103.96867520996577,1,,26.994140509981744,27.0,15.0,33.0,916775.0,0.3705794269408361,0.0072205916264698085,1.0443988426576927,-1.1252216459556146,-1.6229495328071002,150.5143998266618,74.44296703415588,1.1883005788339165,2.021875347305849,33959.00000000001,839.1151203819081,0.6060684312720644,0.9457750793739208,4.553486993662444
ID2379,2379,31,52356.0,1201.5955514173393,1534.0250696334494,0.0,4.0,4,129.09651376341577,1,,16.001241785113862,16.0,13.0,25.0,837569.0,0.14209919112712655,-0.06074102262399436,-14.564273373921926,0.13759856390336156,-18.81376605259314,177.67078179838114,107.39372154252423,1.3401553949743803,1.6543870465279444,52357.49999999994,1031.02088354822,0.6189475400592178,0.886371139081928,4.505863295302661
ID2252,2252,31,42505.0,1189.832357058,1527.1627850900409,0.0,1.0,1,116.32229277676599,1,,18.002705309463877,18.0,15.0,33.0,765277.0,0.20978066001863796,-0.053161846766098475,-9.63666208087458,0.3299977097445567,-6.1092910619712155,166.67250688918378,87.93755842880867,1.2040386523529145,1.8953506313700568,42508.5,934.5074874941345,0.6116740744349288,0.9343554236729311,4.532573916879376
ID2669,2669,31,43475.0,1129.9930418943534,1454.9817831463906,0.0,12.0,12,117.62033594690608,1,,27.99693950341717,28.0,0.0,42.0,1216663.0,0.32310228755960774,0.06281479035043952,10.242473448437792,4.017851603141891,-8.278152754087063,210.54058543728863,73.23844688758894,1.1394624126194144,2.8747276107648734,43462.50000000014,1180.6050774631708,0.39184587058022563,0.8092445189219408,5.663009560599999
ID2254,2254,31,50158.0,1161.199574736702,1486.4806471975814,0.0,7.0,7,126.3646130861399,1,,28.98803565375182,29.0,0.0,31.0,1453721.0,0.46828125878118015,0.09562932803960768,10.806111900156656,-4.441754172164897,-16.414074509629675,225.71732661138705,81.07605245658372,1.1059740556254707,2.7840196922791574,50164.999999999935,1199.2029791410584,0.43835431213962855,0.8257953002181146,5.354171653496178
ID2671,2671,31,49607.0,1134.7612961060413,1466.0722856778334,0.0,10.0,10,125.70290792201094,1,,17.996695280699633,18.0,0.0,20.0,893104.0,0.22280366145410122,-0.093075636703469,-16.579269163997193,-6.110898979791723,-14.669086060502437,223.9199821870328,78.14140443709151,1.1071860147124255,2.8655740679360546,49641.000000000015,1211.6214120189616,0.4249291321286653,0.8143943433216582,5.438093606304114
ID2673,2673,31,48128.0,1139.2228195937873,1462.960855713123,0.0,11.0,11,123.77180231098832,1,,38.986823783693914,39.0,27.0,39.0,1875929.0,0.35140556808677337,0.14833293371476694,28.6621640858854,-0.4945833793522738,-7.335953284108326,220.6107673387805,74.82853841772712,1.1061190122476738,2.9482169771542286,48127.499999999956,1170.0550312065684,0.4417642728348944,0.8563383539585234,5.33346730401279
ID2419,2419,31,44484.0,1188.137419011538,1520.5520274751834,0.0,2.0,2,118.9844933293971,1,,19.022462562396008,19.0,17.0,26.0,846005.0,0.37230839173355,-0.03629745534439813,-3.8488154068313376,-3.110455291292546,-9.552688926521318,167.75936908908474,93.91537388629412,1.2251083745755067,1.7862822895450061,44476.49999999993,956.8274472745733,0.6104824987685864,0.9065089119202651,4.536995232735338
ID2581,2581,31,43622.0,1146.3481625792651,1493.0028459011382,0.0,9.0,9,117.84676632898672,1,,12.011071125679052,12.0,10.0,35.0,524007.0,0.49653022089743243,-0.2833370472856065,-19.127334677866543,-2.0966810570165864,-19.97540699419626,194.71698454303402,83.9565013671912,1.1284010423617807,2.319260347586687,43630.00000000003,1078.560099150895,0.47130969948738183,0.8307786050231359,5.163589906849185
ID2296,2296,31,52518.0,1228.5750261829953,1633.8743914437146,0.0,0.0,0,129.29053976583805,1,,19.99950477133769,20.0,0.0,37.0,1049994.0,0.46533115958145194,0.1467592514043997,11.0007004254831,1.515969106813135,-9.82794899253761,158.76699738874848,114.29044450365394,1.3968314633515813,1.3891537309024342,52514.99999999995,951.7835560335078,0.7284786688886934,0.9521780517655583,4.153330700596496
ID2520,2520,31,51364.0,1145.8125379285725,1473.1297295104575,0.0,8.0,8,127.85773335893299,1,,15.01096439978188,15.0,15.0,30.0,770783.0,0.34248587011661136,-0.21274602969488057,-23.688771372268853,-4.5419682468630125,-18.747988231928627,219.33150182025986,82.8526093849844,1.1497892074707083,2.647249174749708,51357.49999999992,1195.5056440486708,0.45155481467345443,0.8276192701576828,5.275330742422295
ID2274,2274,32,27223.0,346.29510147640985,1527.4203179206668,0.0,3.0,3,93.1160681338263,1,,24.959340941616823,25.0,0.0,25.0,680167.0,0.9449226901699926,0.3042514050672614,12.32361467600632,-0.20264738377573802,-1.8143844188481588,106.47477379729641,85.61853351556177,-0.942214777351075,1.2435949253667593,27239.500000000055,692.7452013418082,0.7132831148935421,0.9598978063606751,4.197338166040549
ID2594,2594,32,27780.0,440.594626014214,1440.9255623868933,0.0,11.0,11,94.09119440431061,1,,17.98994361239809,18.0,0.0,46.0,500894.0,0.690197983656437,-0.19569281587887682,-12.683498040853578,4.561679346040789,-1.8216610108738236,161.3318495009907,65.78890774659465,2.322506535610902,2.4522652074177587,27813.000000000004,888.7355492117314,0.44249930756006667,0.8388526963445532,5.329035756940947
ID2658,2658,32,22950.0,441.58642432695524,1451.6186781734443,0.0,12.0,12,85.45749656241229,1,,24.986621927836847,25.0,16.0,26.0,573393.0,0.3235968252268137,0.12568521377882833,17.242511158167652,-0.5947827003163171,0.9180258849115503,136.39310650227736,62.12711786442393,-0.877303212375003,2.195387637326415,22942.999999999993,747.6138525369646,0.5158285663461388,0.9059427443237904,4.935739579140526
ID2181,2181,32,26531.0,412.96451341386046,1488.8873091249425,0.0,7.0,7,91.9014437593752,1,,18.993330570104376,19.0,0.0,20.0,504064.0,0.2074266889652742,0.1705442875871273,26.681842422039818,0.6287905644524073,-3.129637378678289,116.92027275464729,77.86012320054913,2.100740402158567,1.5016707904955213,26533.499999999978,711.2147066402769,0.6591783698142879,0.9764476420041577,4.366198317874451
ID2439,2439,32,26197.0,414.1930424048055,1461.4670510079413,0.0,6.0,6,91.30811869119769,1,,23.82764277267005,24.0,12.0,24.0,624594.0,1.3905362652948092,0.2029257701392598,5.7813216222053185,22.032967987396518,-25.219684166599116,195.6304310678632,56.144676799624705,2.258638388395818,3.484398561346263,26192.0,1053.589251853138,0.2965076228399217,0.700068157215978,6.510090118533105
ID2727,2727,32,21870.0,411.75910098494023,1482.9826435704656,0.0,10.0,10,83.45334717528263,1,,33.96654937622812,34.0,13.0,36.0,743290.0,0.8448166161132323,0.21647848009613765,14.309658772493725,-0.5851203838097043,-4.093454457680049,103.83131958301358,71.02112619764715,1.8595764322419743,1.46197793729795,21879.50000000002,620.469238002032,0.7141784604848057,0.9702660753880276,4.194706298086533
ID2382,2382,32,33517.0,368.2498694828538,1519.1316681831518,0.0,4.0,4,103.29523967649118,1,,16.985955391221374,17.0,0.0,20.0,569641.0,0.4630489638289197,0.2872002310631451,16.369361286565976,8.798380013367856,-5.556824549260248,133.8503251690563,89.31475747493013,2.1460704705533056,1.4986361599495683,33520.50000000001,798.5526175227164,0.6605615291399979,0.9755107386066003,4.361624699571212
ID2222,2222,32,27646.0,383.9992161969878,1500.180322926841,0.0,5.0,5,93.80319921931516,1,,17.017680876450807,17.0,16.0,38.0,470658.0,0.6121171254786897,-0.26943734975611544,-20.506718677941272,2.3117280954378234,-4.6902774384665324,115.0774438952825,83.54999942733612,2.1451341363276817,1.3773482308083793,27643.000000000007,677.2369492623188,0.7573798531636803,0.9844723814950678,4.073315575027679
ID2578,2578,32,35441.0,426.48599289528784,1455.9048556708308,0.0,9.0,9,106.18536595663889,1,,11.154707824271323,11.0,11.0,34.0,395334.0,1.7527850862776067,-0.4866671771242689,-12.066812039630552,0.42090897423937373,0.8760206558525971,165.1258686601701,76.13332870481632,-0.8749893610311593,2.1689038358009425,35422.5,902.0220198225103,0.547084983049997,0.9399129673362165,4.792670092810939
ID2421,2421,32,24280.0,358.53763418718944,1518.2724652005602,0.0,2.0,2,87.91587260736713,1,,19.97971026421928,20.0,0.0,27.0,485467.0,0.566120238963766,0.2457710723327842,13.925250701900092,2.4079540927671084,-3.525153423235523,120.8649157917205,69.06281016404131,1.9948986727602076,1.7500723689730602,24282.000000000007,694.8052008047813,0.6320743949354864,0.9391970294731962,4.458829165463074
ID2389,2389,32,32839.0,230.73080202829254,1607.755348631816,0.0,0.0,0,102.23435952647162,1,,27.982739726027397,28.0,0.0,29.0,919233.0,0.7086702800673127,0.2479619091036855,15.691326183939651,0.2967186385527253,-2.2027685613858257,113.94421078526514,97.83544920595716,2.411159190855093,1.1646515829389898,32835.5,803.561980156356,0.6390204214214551,0.9306586928178675,4.434529653622329
ID2519,2519,32,30742.0,422.8033055478825,1460.21807787509,0.0,8.0,8,98.96904901384332,1,,14.01649779163419,14.0,13.0,24.0,431596.0,0.4261445060874569,-0.16570683859783644,-13.06575056199275,11.845909704598384,-15.297646385060302,181.16304444461306,66.90590830983999,2.2666239577092475,2.7077286449150417,30771.50000000002,956.8320105609296,0.4223642379566692,0.810768440328297,5.4545805879980085
ID2393,2393,32,27165.0,343.3526306107432,1515.6247240618102,0.0,1.0,1,93.01431452456889,1,,37.99007060900265,38.0,36.0,38.0,1033026.0,0.11038514265362938,0.2881395672550486,153.96763974370663,0.39282252976149945,-3.502005673279464,113.25892171829729,85.29284975373575,2.2845740942860298,1.3278829590675818,27179.999999999985,741.4321085626799,0.621321721647892,0.9103850211853757,4.4972462001901965
ID2691,2691,33,67507.0,470.3480536667506,1043.3705934057252,0.0,11.0,11,146.5840108847634,1,,42.99048973424585,43.0,0.0,44.0,2902116.0,0.6016284644736646,0.26549816969643897,29.982926675896813,4.3078855089429435,2.2396157415436675,209.74082972791516,104.45838857798991,0.390112919796496,2.0078888118336238,67503.00000000003,1107.0833320090298,0.6921055215969626,0.9687849823473698,4.261071042256228
ID2351,2351,33,85082.0,336.74154365007047,1083.9057049130213,0.0,4.0,4,164.5360041601483,1,,12.002668359370409,12.0,0.0,42.0,1021079.0,0.4325749959257848,-0.12788595782023662,-8.137593114799136,-0.06353942259352713,0.03118702710626109,218.5314748633765,126.96786176402041,0.44315901335994984,1.7211558250034495,85049.50000000012,1151.0049770487258,0.8067281763277585,0.9766935770966608,3.94676546314111
ID2160,2160,33,87188.0,438.1470200421941,1061.1188428728674,0.0,7.0,7,166.61847146521743,1,,12.006178925165077,12.0,0.0,45.0,1047323.0,0.43433252560884783,-0.14874343087269426,-9.660281274584799,1.6691881490026361,-0.396486144005402,218.5776157437468,127.16912835444381,0.3409629282548673,1.718794636498024,87215.99999999996,1175.2990850703154,0.793431123969081,0.9801863361017763,3.9796998227072584
ID2227,2227,33,80845.0,302.7404942730624,1101.818040884315,0.0,1.0,1,160.4184561028273,1,,12.009166027559932,12.0,0.0,43.0,970845.0,0.6753025596031734,-0.2218544609142625,-10.140322850875101,-1.1900761507014155,-0.19067814924527474,216.2782040165753,121.6870782948622,0.5654300615147512,1.7773308969791155,80845.99999999996,1134.13167776786,0.7898442107108133,0.9807063618664054,3.988726076244103
ID2356,2356,33,85161.0,420.88540473995613,1074.9083940555806,0.0,6.0,6,164.63850555967687,1,,8.010627554135938,8.0,0.0,47.0,682153.0,0.6662677045621943,-0.4267219146733809,-17.89894278825014,-1.6047944591452654,0.6609257838089141,212.2764081831429,127.43192399781928,0.38570959818574296,1.6658024262960633,85155.4999999999,1187.0309766283397,0.7594487340670334,0.9583270030441644,4.067763553159063
ID2740,2740,33,80904.0,478.17261489013197,1053.1678410647876,0.0,10.0,10,160.4645832204797,1,,40.98335826708374,41.0,0.0,43.0,3314775.0,0.7558509022264226,0.2998580211034553,25.016189297036895,-6.963051703032929,4.814242036041438,228.9234666432932,119.88551433965523,0.27278847573500364,1.9095173249598418,80892.49999999991,1256.3424994785828,0.644023951130872,0.9404847026269731,4.417269763510683
ID2549,2549,33,79951.0,484.1285124113364,1066.0134597707618,0.0,8.0,8,159.53751174629429,1,,41.988106404532324,42.0,0.0,46.0,3357327.0,0.7283025386405052,0.24952103955055047,23.025446408297192,-0.28621884432186506,1.1982034434146007,251.33570993407707,101.58793169277844,0.33913853995386933,2.474070548991635,79960.49999999999,1235.3460320300433,0.6584277343141174,0.975467083071555,4.36868643442781
ID2358,2358,33,85519.0,313.720399812953,1096.2649442755826,0.0,2.0,2,165.00978051061531,1,,14.001999134877305,14.0,0.0,43.0,1197689.0,0.5154807239614699,-0.08240892799482558,-4.879021116704965,-0.5720343805976095,0.5763281000340542,216.93094277980794,126.24880755382867,0.466453592830697,1.7182811226736945,85539.99999999996,1176.7403505521368,0.7762789656537769,0.9653374561992513,4.023426043398324
ID2198,2198,33,85718.0,320.7570660195194,1096.080909934138,0.0,3.0,3,165.17318544445882,1,,17.993197120153095,18.0,0.0,21.0,1541999.0,0.32017423319906985,0.2753648542776208,24.267554833366944,-0.5358775031694348,3.138982787529366,202.18410495585502,141.3636426509511,0.4648726238190184,1.4302411933107801,85709.49999999991,1178.0807659966313,0.7760481975867277,0.9623792948573985,4.024024208074381
ID2263,2263,33,91227.0,206.0414851150512,1138.9558859262102,0.0,0.0,0,170.40720390239318,1,,12.997621344324111,13.0,0.0,30.0,1185747.0,0.302040223803229,-0.11876980408817003,-11.599673439748834,-1.5381744142189215,0.42260831240358243,180.63018583545957,162.87800628399907,0.8025641931054631,1.1089906486238987,91227.50000000013,1179.4124128556107,0.8241461784320445,0.9580104173230017,3.9048360797070525
ID2204,2204,33,82750.0,381.25117844507673,1077.9432242176756,0.0,5.0,5,162.317549095166,1,,12.999202725230122,13.0,0.0,44.0,1076100.0,0.33199080220947685,-0.07523065227012753,-6.370625294813435,0.3926520228482006,2.106361642786633,205.9616646016176,129.29791036440082,0.4365308987662541,1.5929233815237618,82771.49999999997,1154.5004001504528,0.7803735016834839,0.9749752638522428,4.012856919030452
ID2652,2652,33,67651.0,466.1923395292118,1039.0049037360038,0.0,12.0,12,146.7462421155954,1,,23.004433934377772,23.0,0.0,46.0,1556480.0,0.5448949751985143,0.1376445890154445,10.216009347608333,8.309754519227374,4.013629799742041,208.53483311513733,104.77769850631567,0.48986736074739884,1.9902597221351213,67652.50000000015,1099.7928070606445,0.7028650751344245,0.9750657586567241,4.228330735144736
ID2653,2653,33,76973.0,467.6175977599189,1051.2283403606566,0.0,9.0,9,156.51711186171872,1,,28.993841676519118,29.0,0.0,31.0,2231627.0,0.4322255778460594,0.09490607847656421,11.62900231701426,-0.4591815289055154,-0.6650801462167858,228.55050534512432,110.11156438027714,0.4729877179197435,2.0756267212389328,76961.4999999999,1158.4203626670517,0.7206941914140783,0.9762351747320336,4.175701264944027
ID2434,2434,34,61462.0,1632.3891348099446,977.571294503122,0.0,0.0,0,139.8541653878617,1,,35.986880442744365,36.0,0.0,40.0,2210854.0,0.6535159831470121,0.32623794133301925,27.091372190547087,11.339409934058446,-0.3218165648902179,189.78204276851596,117.08246518052663,2.5018304418008963,1.6209262631760923,61446.99999999997,1156.7443029193678,0.577079716710079,0.922295268972142,4.666454407885376
ID2531,2531,34,58081.0,1459.5134871772793,963.3080222729295,0.0,8.0,8,135.9538867262619,1,,26.002359627971064,26.0,0.0,36.0,1509697.0,0.4760343876206284,0.04466689293919329,4.671026618013262,-16.711224717469396,1.4372315532144126,267.5911921980917,82.70257067488365,-0.3116208682230869,3.2355849402799493,58067.49999999997,1398.5893960773546,0.37304612258551983,0.8944056805754502,5.803950059301746
ID2661,2661,34,52765.0,1465.8434168199256,952.7250314417712,0.0,10.0,10,129.57090077247926,1,,15.995279262882493,16.0,0.0,24.0,843687.0,0.319131931665274,0.05000053556534382,4.773497474879903,-4.063095731846492,-5.030952389121484,233.27431185344705,85.68310255689308,-0.33481769805179123,2.722524102095326,52742.999999999985,1255.5389023786856,0.4204499888224688,0.892421448029644,5.466983452595501
ID2473,2473,34,57663.0,1491.7272783787146,967.9425919982419,0.0,6.0,6,135.45427015957435,1,,31.941082636890105,32.0,0.0,33.0,1842170.0,1.3168592170125848,0.29823179812235023,11.14402262023196,5.067339846802563,-6.077582830940062,241.98330824679687,91.59806407800403,-0.3293403667817348,2.6417950060683184,57641.49999999994,1220.9364393295684,0.4859135688886276,0.934790188526251,5.0854035124336034
ID2261,2261,34,55584.0,1531.7735156491215,969.3324775102894,0.0,5.0,5,133.0333436281132,1,,25.998543270268325,26.0,9.0,41.0,1445623.0,0.39229128454991313,0.117542107210817,13.941192603184467,-10.538264539039487,2.6163465199098055,227.4283192859427,93.45435718030997,2.8409478116130957,2.4335764125705195,55599.49999999993,1256.2766971776232,0.4427006319428858,0.8879652476662743,5.327823891901427
ID2295,2295,34,65661.0,1514.9866970126002,996.8237195589182,0.0,2.0,2,144.5988295034046,1,,11.000334855403349,11.0,0.0,41.0,722722.0,0.3908805463745063,-0.3106152587500991,-25.360216933699682,10.9291775901335,-2.0265807683655757,222.94082161298894,100.81713842839407,2.607993309717027,2.2113385193067536,65687.00000000004,1169.1680226487601,0.603858848179966,0.9197219285779299,4.561810230836112
ID2711,2711,34,70431.0,1469.3107910502854,942.6645465989003,0.0,12.0,12,149.73680831049475,1,,36.99558570962202,37.0,0.0,40.0,2606450.0,0.4754763029803144,0.1559071503035157,20.989114132436995,-0.6653322623451091,-1.9270137459652195,267.51864452614313,93.43723746245867,-0.3403207929191504,2.8630838388562925,70438.00000000001,1371.1364864698805,0.47082065238231074,0.9229176766551803,5.16627095245997
ID2200,2200,34,53371.0,1536.0227764710291,978.9151149678414,0.0,1.0,1,130.32107708379039,1,,10.025939462093525,10.0,6.0,42.0,534934.0,0.9410213767399201,-0.4186339863798896,-15.344064947494148,1.5167032798479354,-0.0063374439399151924,197.0756898549752,98.33199960806833,-0.49194524885578517,2.004186741248825,53355.49999999998,1106.5791233938203,0.5475504155558754,0.9253950084118143,4.79063271084532
ID2648,2648,34,61507.0,1444.9418828518824,952.4139435057663,0.0,11.0,11,139.87294123402637,1,,32.91972857747258,33.0,22.0,33.0,2023049.0,0.8564579783649703,0.193090327470884,12.441346232358336,-1.4221924478379349,-6.364790975154001,272.5439979379519,85.17797488423312,2.8194491896535383,3.199700372172163,61463.49999999993,1410.017100281126,0.3884887008359471,0.8390635131906751,5.687425699240969
ID2619,2619,34,60042.0,1457.0460069733615,959.9451569561501,0.0,9.0,9,138.2414154539168,1,,19.016189476840054,19.0,0.0,43.0,1141713.0,0.6648742441696958,-0.05717534426682297,-3.4689004696572514,11.65497952993613,-5.02697025002235,264.26170208283816,82.03268901633027,-0.3210322364892713,3.2214194762069974,60038.00000000001,1356.4785760496425,0.41002487277748534,0.8971674922855073,5.53604779291355
ID2460,2460,34,64528.0,1511.4018197228813,979.7595469556724,0.0,4.0,4,143.2830510883821,1,,28.002046860704926,28.0,0.0,40.0,1805824.0,0.3451358397754705,0.096978982258975,14.345279991955366,12.439660908164702,-6.860063519519975,245.57604310420712,93.40113562125653,2.6694488921995516,2.629261855016655,64496.99999999991,1269.663199802486,0.5027734250866602,0.9303570140641894,4.99941023380789
ID2270,2270,34,57806.0,1479.7336141917103,962.4359302640761,0.0,7.0,7,135.63920197176387,1,,35.998026862364995,36.0,10.0,43.0,2079822.0,0.3796141214667599,0.12691804828214054,21.359809905870588,5.820527906822068,-3.0945748763107264,233.3483827377725,85.21236783015553,2.8532786085237456,2.738433265965338,57799.000000000095,1187.3583382821512,0.5151889929752085,0.9550633277427579,4.938802327492428
ID2303,2303,34,71064.0,1533.8755060491342,983.0605663997449,0.0,3.0,3,150.39330298441354,1,,28.99963409142085,29.0,0.0,37.0,2060598.0,0.5022781186874913,0.1159348393796977,11.996467537189105,9.907985642359478,-2.2671506057978768,254.9594948488122,97.19657587400381,2.692667776516573,2.6231324772110995,71056.99999999999,1289.0539132230176,0.5373714246450934,0.9388704275040133,4.83579239261254
ID2624,2624,35,45004.0,1344.1609463512164,1591.122214817283,0.0,9.0,9,119.7026295724673,1,,20.994489868467827,21.0,0.0,22.0,944920.0,0.24167124834393963,0.1418992411175834,21.59049628286648,-4.371213334535855,-3.645045425548223,129.53697709934158,114.99445912686267,0.8352898522635912,1.1264627711882667,45014.999999999956,919.990782202186,0.6683441738725016,0.9177557136740803,4.336155505791929
ID2305,2305,35,44348.0,1366.7403971170684,1609.4533703094114,0.0,3.0,3,118.81918356018802,1,,30.001397970687712,30.0,20.0,38.0,1330562.0,0.21043561459727,0.011444592080405217,3.22634247712811,-1.5242326686156427,-0.8778208235475524,129.44511250388763,119.88623349190588,0.895446440935606,1.079732916228677,44352.99999999996,876.8073379746711,0.7249774745211467,0.9416073115585885,4.163347634963026
ID2337,2337,35,45023.0,1384.7380159294132,1617.0027795049448,0.0,1.0,1,119.72523040123357,1,,32.99924474654583,33.0,0.0,41.0,1485560.0,0.4621289802420157,0.11550791463456224,14.788014886615727,-1.8278520969934324,-5.019725234250655,159.73649078788173,108.41078216223332,0.21806842391883885,1.4734373057916057,45032.00000000001,975.1485586293194,0.595099428711713,0.921851810151588,4.595260809659732
ID2437,2437,35,45253.0,1426.6673719216449,1703.0414590491764,0.0,0.0,0,120.02196904813108,1,,36.982473976175214,37.0,0.0,38.0,1673346.0,0.717379522240437,0.44309103964591073,31.65747102499168,-1.4993129973321446,-2.062186840975723,134.92965623631088,120.4142378750668,2.8864992903107356,1.1205456980619204,45255.49999999999,953.0734965278107,0.6260780042984607,0.9283369915280312,4.480130957364946
ID2278,2278,35,49640.0,1357.5265812413534,1586.2456481444171,0.0,5.0,5,125.69404477080955,1,,27.99881115499315,28.0,22.0,30.0,1389525.0,0.11487840151463576,0.02725017701741676,12.930767593172616,-7.1413434279894865,-3.0342835142160984,165.20351231140108,104.81617240599073,0.42291331780148766,1.576126169457023,49634.00000000003,961.2735111993876,0.6749866606566193,0.9244121618475585,4.314766884524842
ID2413,2413,35,41597.0,1378.2479263337582,1600.2679898059769,0.0,6.0,6,115.06286584316581,1,,17.006854916297865,17.0,14.0,30.0,707077.0,0.3114587079073689,-0.13524633390783108,-17.07995077215901,-7.220881263676699,-2.3786413307700056,137.0658787839408,101.574256097363,3.023937256649633,1.349415531555138,41592.9999999999,918.1675246798912,0.61999224094263,0.8717056659925159,4.502065454221346
ID2670,2670,35,43138.0,1356.0898491083676,1587.9971657103113,0.0,11.0,11,117.17295407141684,1,,37.99557142525911,38.0,29.0,39.0,1638711.0,0.1851314501275397,0.05093518141971894,19.894118457329167,-8.225188188180466,-8.248293552708885,138.6954241758805,108.26468036434449,0.5522981992607872,1.2810772978696936,43132.50000000003,917.4481376841903,0.6439489629684312,0.8531712672211733,4.417526952603944
ID2384,2384,35,55431.0,1379.2594024070884,1645.5613738383229,0.0,4.0,4,132.83460044645423,1,,18.007936937424464,18.0,16.0,37.0,998306.0,0.35459798555191796,-0.205944557531346,-26.3425119273462,-3.062177442319457,-5.183799463488724,167.92442881127153,115.24162655160012,2.5388743991796354,1.4571508042372376,55433.49999999992,1020.256230033415,0.6692118975908458,0.8768626024233591,4.333343387941973
ID2259,2259,35,44233.0,1357.7608171673692,1600.523703804133,0.0,7.0,7,118.68717225597966,1,,30.94968027656642,31.0,18.0,31.0,1369740.0,0.7802547055013622,0.09718592301328557,7.027047721531062,-5.353797919173808,-3.9387040594170806,140.64308979333714,115.36515969342929,1.0206051713816318,1.2191123400434003,44254.50000000007,998.7881309942345,0.5574687879312824,0.7744314850948048,4.747824461288307
ID2707,2707,35,47668.0,1352.5718285930027,1583.235233660542,0.0,10.0,10,123.18986213848297,1,,24.999622380263077,25.0,0.0,32.0,1191657.0,0.23093132008249004,-0.03956919391581239,-8.92014117097826,-9.760074071951868,-2.535315287834844,143.60361558809862,117.25736706832807,0.39581340076965876,1.224687362325116,47676.00000000011,914.8714631939008,0.7157964046703467,0.9496549045385304,4.18996288216359
ID2643,2643,35,49610.0,1336.9155427427104,1587.4939586987346,0.0,12.0,12,125.65478615784819,1,,20.00588769029136,20.0,19.0,32.0,992192.0,0.2497843887929757,-0.16460099005961615,-31.56174574655836,-1.4126594696505306,-4.5125866912060175,135.35108231008022,122.85084993223401,0.373980405384152,1.101751289345914,49602.99999999996,915.4383155650916,0.7438059290431951,0.9312144479696616,4.110315076844926
ID2423,2423,35,48611.0,1378.5590702108107,1613.9837880097107,0.0,2.0,2,124.38557122049706,1,,21.004239032019097,21.0,19.0,31.0,1020722.0,0.19443469730393317,-0.10639514594994172,-25.724057684973463,-2.8910418867094396,-2.6979995638715466,142.35557975315047,112.89058076350265,0.8416157715681065,1.261004937616317,48606.000000000044,892.4631334810844,0.7668654585941028,0.9602512940060857,4.0480451122247665
ID2524,2524,35,46655.0,1359.5104788120918,1584.7064379536503,0.0,8.0,8,121.89824835447229,1,,19.005549127994172,19.0,0.0,29.0,887065.0,0.2781728407340448,-0.11820882448865226,-18.318075408637,-3.0493863036029896,-3.1693423647549297,134.13577128695488,116.54661302064424,0.7355524565506238,1.1509195146082454,46681.49999999994,879.0730033661853,0.7591101192640097,0.9525475952414949,4.068670701772616
ID2656,2656,36,91384.0,838.5962527071074,1736.065566687813,0.0,10.0,10,170.592495890761,1,,15.039690180290565,15.0,0.0,33.0,1374748.0,1.0363338328127005,-0.08335063584981735,-2.639215690999027,-0.18420961898146815,-1.0875598750335207,212.58448386891496,139.25766305559247,1.4186300890540184,1.5265550146712572,91426.0000000002,1272.32003687238,0.7097196832123045,0.9270956391236692,4.207862180539035
ID2339,2339,36,87177.0,830.752026599537,1771.35724825916,0.0,5.0,5,166.59793327305297,1,,33.98580112398211,34.0,0.0,36.0,2963222.0,0.7011608140732797,0.12971531987368418,11.130947222346826,4.97871755510713,-0.291018392787764,226.90660623983854,129.3510510302484,1.522559457943682,1.7541922112931034,87194.50000000023,1245.7894193324803,0.7060080933092034,0.9395351593646986,4.218908361422514
ID2438,2438,36,93389.0,831.3617746435131,1769.3088955286753,0.0,4.0,4,172.40261914263584,1,,22.989931879525297,23.0,0.0,23.0,2146432.0,0.4550713323131163,0.2065524216757838,17.297060243891334,0.06577469076690151,-1.891454718377589,233.06721712677083,130.54161071537138,1.4089645338850585,1.7853864055266095,93376.50000000006,1260.6808695355671,0.738307245092518,0.9599574387153488,4.125592861100547
ID2728,2728,36,94421.0,829.2620234981877,1751.8958163484988,0.0,12.0,12,173.38804405264096,1,,42.9736713952996,43.0,0.0,43.0,4059293.0,0.9604305706729108,0.31478990201366397,21.42549732522894,0.49820532959599756,4.890539519330183,260.60511912061713,119.52611060726612,1.5574742707264966,2.180319578681034,94447.00000000026,1390.1175589218897,0.6141790149303176,0.9057101347820067,4.523321379716658
ID2281,2281,36,109411.0,824.7732124791263,1760.9594105386332,0.0,3.0,3,186.59925463375356,1,,25.993911803422552,26.0,0.0,39.0,2843526.0,0.40974706041374326,0.16868081910055815,18.31283469385987,-1.2579060964183961,-0.975727235012726,242.89960409124825,145.94311655761578,1.4653011124986146,1.6643443680014587,109387.9999999997,1411.692300320755,0.6897623005746845,0.9319928431456055,4.268302639143933
ID2316,2316,36,70446.0,783.583982290624,1805.3156748327617,0.0,0.0,0,149.73202519343033,1,,22.99782735263629,23.0,0.0,26.0,1619530.0,0.2940445414309558,0.17654063563938835,23.471532031090096,-1.1346898955230607,-1.3688960154936183,176.78265103151637,128.32200556878482,1.4437488419662605,1.3776487536017745,70433.5000000001,1066.714256713558,0.7778447682518018,0.9804354180876697,4.019374422286801
ID2255,2255,36,85190.0,815.5156514729991,1749.8942977770996,0.0,1.0,1,164.67088660146018,1,,18.997159224303893,19.0,0.0,23.0,1618330.0,0.26902391363891004,0.05124522821181321,6.884575486767398,-1.6883749380297752,1.2094009475606458,202.03040276692965,134.55889073492767,1.4280123698511524,1.501427379963443,85189.00000000006,1134.5675878565928,0.8316347712070661,0.9804855871875885,3.887215452047718
ID2579,2579,36,93275.0,841.6676549537667,1736.5994399110718,0.0,11.0,11,172.294113873963,1,,15.000257270573606,15.0,0.0,28.0,1399329.0,0.32219516300176454,-0.01509960301967401,-1.4275223094940772,-2.9093878830284345,2.3326421602360687,222.9746490534064,137.9748235463092,1.4918899129780516,1.616053156093135,93258.99999999997,1316.389981778473,0.6762876884212583,0.935447793007638,4.310614558483015
ID2229,2229,36,115730.0,863.5044674682762,1799.2922512036384,0.0,7.0,7,191.92855632646814,1,,20.993198043249038,21.0,0.0,24.0,2428955.0,0.2483060189231363,0.17483772375318699,25.163938321228848,2.152546221357703,3.9337970420319786,277.9595186700622,146.5737687191023,1.1456124431639707,1.896379693987066,115725.49999999994,1531.5746039114101,0.619958497522767,0.8990518142161829,4.50218797292091
ID2425,2425,36,96739.0,822.6775696748564,1753.0118332695934,0.0,2.0,2,175.48654238608492,1,,21.99768444338774,22.0,0.0,29.0,2127990.0,0.2915284706348148,0.11418269739661643,15.465710544130376,0.6039975708018467,-0.19114282144540595,218.99735792235035,141.93218185742174,1.4361109542836235,1.5429718268006658,96746.99999999994,1195.9469271873356,0.8500090632560436,0.9870632046115384,3.8449717546463256
ID2522,2522,36,90452.0,847.4576069774383,1738.8485642380492,0.0,8.0,8,169.6916828658501,1,,16.997269843375225,17.0,0.0,25.0,1537760.0,0.336470501005,0.08314877555790762,7.755859179582686,-0.47601889920183266,0.59764287119783,250.29161516196746,116.95992923827569,1.5127517629285139,2.1399774845285933,90462.99999999997,1264.0247999809842,0.7114914088514949,0.9751005141582135,4.202619795214645
ID2427,2427,36,88013.0,838.078111832624,1788.4251577007783,0.0,6.0,6,167.37471113669582,1,,19.99398925109932,20.0,0.0,23.0,1759651.0,0.3448133412030015,0.1490936151762185,15.046968892272153,-2.2700501401066107,0.41767466768597644,236.13191899038335,126.92813398094553,1.4092670491050492,1.8603591779410507,88009.50000000013,1286.2124481355609,0.668519378643026,0.9441255980604617,4.335587261297111
ID2587,2587,36,78068.0,807.3812141782204,1712.8318348222385,0.0,9.0,9,157.64783581931886,1,,13.07966290551877,13.0,13.0,36.0,1021247.0,1.3121727749899748,-0.2667628925826533,-7.252980447422697,1.0632320375135935,-2.7091483312944296,206.15741424699328,125.64683692317101,1.7119157985421334,1.6407688350567224,78077.5,1229.4741217766157,0.6490781339407621,0.9214695833308745,4.400038155569075
ID2352,2352,37,52788.0,1189.4130717468975,1797.936206744183,0.0,3.0,3,129.64826203933944,1,,37.98477013127238,38.0,0.0,39.0,2005254.0,0.6570721419219391,0.27867976156178065,25.198232713111267,-2.774952912111794,-0.42607359808900686,176.43802191340697,114.13791430171617,1.6919068638675976,1.5458318385510752,52805.99999999992,1137.8336173730474,0.5125492633018109,0.8021875356044195,4.95150389704065
ID2736,2736,37,56788.0,1210.6541374239396,1885.0918639908652,0.0,10.0,10,134.43881319194512,1,,38.99142107210175,39.0,0.0,39.0,2213426.0,0.4370861738841345,0.17576575353500168,26.671377384893415,3.16222775378798,3.3085939606273183,182.7037217216322,104.43255932889542,1.3718212907953606,1.74949003352712,56780.49999999996,1091.3021347611573,0.5991272418198644,0.8602715028104776,4.579788249518439
ID2257,2257,37,48175.0,1193.0379378340513,1807.1467818656702,0.0,1.0,1,123.83607932109113,1,,19.997841203943953,20.0,0.0,34.0,963396.0,0.31446280821308015,0.04125447214237338,5.039158023128141,-0.5929013445753754,-1.9332217064323238,166.77002551092616,96.79158208521449,1.3904886041737663,1.7229806757792558,48177.5,913.7805220798656,0.725053963731144,0.9636849158882244,4.163128024019132
ID2241,2241,37,107552.0,1126.1353913443616,1793.2917509129588,0.0,7.0,7,185.04343252766267,1,,22.992173921125765,23.0,0.0,32.0,2473705.0,0.4407426721754771,0.09140782972906993,8.73818557857241,-0.4796468994123563,-1.4094680151672148,233.4669462239181,148.0452229698121,1.1210288324136073,1.5769974980653332,107571.50000000001,1340.9058680322619,0.7518141682764737,0.948543740686201,4.088365163398974
ID2627,2627,37,68525.0,1199.497881118847,1855.7630112925906,0.0,9.0,9,147.67440066693229,1,,21.992131961170717,22.0,0.0,35.0,1506571.0,0.32739472321015817,0.1306822147528614,15.527501442454467,4.154348469365378,14.65935187719274,222.86293306266109,113.12826682255987,1.3477271378350228,1.9700021870945705,68510.99999999991,1273.4034800524764,0.5309310270945654,0.7983011151116848,4.865033992719265
ID2677,2677,37,53909.0,1191.5273408031264,1802.3687035456783,0.0,12.0,12,130.99165135467,1,,29.997030823760834,30.0,0.0,42.0,1616450.0,0.33583457142808154,0.11909282862972981,19.010886178858087,-4.992517879397269,6.850877913445843,201.21659719049208,99.94573281116975,1.3347590940139826,2.0132585107025647,53906.00000000001,1045.7657119200735,0.6194099456960267,0.939980470112297,4.50418110921597
ID2535,2535,37,51932.0,1184.3176228982159,1806.623479014247,0.0,8.0,8,128.58077417866994,1,,29.986982977740123,30.0,0.0,30.0,1557284.0,0.505333485970766,0.3589846190369821,31.350609671347787,3.327973697817518,30.736376105322883,197.36164918400573,101.60110091769887,1.3534098608575287,1.9425148684547906,51940.00000000008,1078.7159199211674,0.5609157476253421,0.837606837606839,4.7332137289901155
ID2426,2426,37,53369.0,1190.7151789645256,1805.1952123125345,0.0,2.0,2,130.3467208635841,1,,22.99956902205483,23.0,0.0,30.0,1227418.0,0.32523649032797664,0.1344116888132728,16.757791123426458,0.1214005924071476,-3.717954955020733,169.29232137667674,106.54322038329275,1.6176072731452242,1.5889544240134852,53376.50000000003,964.6789312683774,0.7207661291827177,0.9569368125711526,4.17549287687263
ID2443,2443,37,41495.0,1181.9210659500886,1824.1541707335687,0.0,4.0,4,114.92515504608694,1,,23.994599286334264,24.0,0.0,37.0,995200.0,0.3743039427984655,0.1964224329563685,21.048717236236158,-6.778635358434005,-8.459367477585591,185.9411412148154,89.13642458311176,1.3594423325775653,2.086028714798201,41493.50000000001,1073.9899854467926,0.4520531188112096,0.8122999520374306,5.272422407267555
ID2635,2635,37,60610.0,1196.5006600224408,1784.7883308032474,0.0,11.0,11,138.89151285187472,1,,29.0010067667932,29.0,0.0,39.0,1757171.0,0.45491839193770456,0.083460046346985,9.821442889646024,2.4449356185485502,1.4877317256880453,181.1961391867861,127.81564378783523,1.5324938759050666,1.4176366352115604,60604.0000000001,1187.4373199360352,0.5401193857382964,0.7980038054105314,4.823475194904487
ID2444,2444,37,44154.0,1188.9504530011325,1801.4934050585125,0.0,6.0,6,118.54695894460717,1,,25.989963524320896,26.0,0.0,27.0,1147171.0,0.4104682200969769,0.33899595216521106,32.06058007802007,-3.4476482170296574,2.4216700662733612,176.00611447952673,90.87088271474768,1.3292034040218996,1.9368813113880121,44150.000000000065,1007.9394419190904,0.5460993906044475,0.8915589660743147,4.796993014754672
ID2302,2302,37,48463.0,1171.868992120137,1800.325264381094,0.0,5.0,5,124.22168354364634,1,,30.99178771871905,31.0,0.0,33.0,1501986.0,0.4762205716812737,0.16751367331476544,18.674834379580794,-8.380071976661801,5.4835821356731635,187.73155931838622,100.6815246129566,1.540983952370931,1.864607831874521,48478.00000000003,1100.346543439304,0.5031478153347178,0.8349350694085637,4.997549867234808
ID2240,2240,38,51845.0,1517.9672675857191,1275.5195732510683,0.0,5.0,5,128.48790700654396,1,,22.998901098901097,23.0,15.0,43.0,1192953.0,0.32202849763129365,-0.08078666316831738,-12.55353763264213,-10.809208088796701,-0.18572391348509149,241.5637617213606,76.33614812357078,0.38225443574525597,3.164474074986389,51864.999999999956,1234.5457335352653,0.4276316889280516,0.8795299225016528,5.420882474476346
ID2244,2244,38,51985.0,1631.9508830659124,1345.1236196082957,0.0,1.0,1,128.6278012875174,1,,16.007812199345775,16.0,0.0,42.0,831926.0,0.7206424395897391,-0.06801319775089283,-3.242093783982201,0.6606408515930815,0.31265110546889185,170.7894435446363,98.36483089315479,0.25551016784043606,1.7362856418687906,51977.999999999985,916.9288334572658,0.7768875639802449,0.9670775384901618,4.021849798511544
ID2539,2539,38,52445.0,1427.2308295999746,1235.054478441839,0.0,8.0,8,129.21665945136755,1,,31.993745828963675,32.0,20.0,35.0,1677912.0,0.2966118333170194,0.055047099906380285,11.255614448619255,-0.84012432479387,-1.110093032835852,251.55722038284742,70.32897213960274,0.36279373177405105,3.57686473624991,52454.99999999985,1263.343636286692,0.4130035277213318,0.887083136034632,5.516048186515422
ID2700,2700,38,52302.0,1418.7926470916316,1216.4329598077554,0.0,12.0,12,129.01882166195085,1,,34.98946180621964,35.0,0.0,36.0,1829459.0,0.4209124878976738,0.11099285854058819,16.609601631824408,-5.784208539302793,-0.039284013559704824,245.64028042474388,74.76617372392047,0.2969825896838041,3.2854467226287176,52294.50000000012,1269.5673866944444,0.40771281669065057,0.9018936584861103,5.551722500316325
ID2446,2446,38,51995.0,1726.1785613549239,1398.6894527994668,0.0,0.0,0,128.65254549283026,1,,38.98392307692308,39.0,0.0,40.0,2027164.0,0.6440702081698296,0.27455937582007667,26.077054388903576,-1.3889239910340747,-0.8533421510060977,167.6180641294449,100.54639731906138,0.18604958908371486,1.667071805641595,51998.000000000044,922.493316373197,0.7678387880406659,0.9653661570451242,4.04547860282475
ID2320,2320,38,59765.0,1587.117346341137,1311.0442443815994,0.0,3.0,3,137.9198335572414,1,,32.99651952745892,33.0,0.0,40.0,1971938.0,0.3666835886213762,0.028279830376313774,4.949623198825197,5.677717882369711,6.358312214010688,207.93371028658976,100.16158165552338,0.5104507438456881,2.0759826956578746,59759.00000000007,1089.6812770365384,0.6324325406822726,0.9440078352697729,4.4575664720177794
ID2608,2608,38,47040.0,1427.5929948353914,1229.6811438651675,0.0,9.0,9,122.37973057182936,1,,16.998618608407362,17.0,0.0,38.0,799853.0,0.2531299492468905,-0.05791597839259206,-8.2567446364784,-1.0716208076672848,0.6548014334161796,226.63958271959652,69.72834296491583,0.2876267953803635,3.2503222231113593,47051.00000000003,1127.2997296499063,0.4652644996224913,0.9295585431628034,5.197027007927427
ID2452,2452,38,50014.0,1481.7881562637451,1266.1739340504087,0.0,6.0,6,126.1793322503367,1,,27.98954313705888,28.0,0.0,31.0,1399897.0,0.5127933241142801,0.07408158342894047,7.52933168206756,-3.389436607016375,0.9714757563477722,204.95497139590358,83.48298997289132,0.37174928182024214,2.4550506811322497,50018.00000000006,1044.024397342859,0.5766534451258732,0.9610991016957307,4.668178848671891
ID2485,2485,38,40150.0,1555.965323688459,1301.6927978850997,0.0,4.0,4,113.06266348444979,1,,33.92026189349996,34.0,13.0,34.0,1362543.0,1.214370720532037,0.1119942709652552,5.6264072261451235,-1.1462899231468946,0.41799915943012667,186.30459051225213,75.25686549178053,0.33589295749188164,2.4755826500985494,40159.49999999997,967.3895489521966,0.5392564875273596,0.9127781439643605,4.82733282527753
ID2645,2645,38,54594.0,1430.733599887638,1225.756111971128,0.0,11.0,11,131.81465886723416,1,,31.999157385697536,32.0,30.0,35.0,1746898.0,0.06979891142004935,0.004116621150875456,3.7590372880258665,0.996782444382747,-0.4498603961382364,249.71338672979428,75.82597985856033,0.3130192895413446,3.2932431232090833,54585.500000000015,1252.8104053526906,0.43703523576686054,0.9123738049074015,5.362245648051583
ID2428,2428,38,52059.0,1603.937142829701,1330.5222730197759,0.0,2.0,2,128.72736775798248,1,,24.00791257754134,24.0,0.0,42.0,1250068.0,0.39331482429602704,0.0328691830162745,3.884970011249046,0.020254681856737927,-1.5844637377826039,203.4347584408398,84.9753467674052,0.4957858586536872,2.3940444632451117,52058.500000000015,1045.70857759801,0.5982465096881884,0.9415791710753593,4.583158167395625
ID2268,2268,38,61100.0,1445.705598426636,1243.4947463605045,0.0,7.0,7,139.4592886858837,1,,34.96030044674271,35.0,18.0,43.0,2136389.0,0.7205373459854001,0.04612283816314954,4.278406020546665,11.12776113344614,8.829767524467163,254.01189883550506,87.15581378964798,0.43389520592658437,2.914457312607591,61100.49999999985,1300.1094749081433,0.45424983845224665,0.882012010278024,5.2596584288269375
ID2685,2685,38,67463.0,1437.9855361386556,1227.5634730065563,0.0,10.0,10,146.54491833960597,1,,21.001200426818425,21.0,0.0,30.0,1417077.0,0.1730618183387061,-0.01332555857147263,-3.277814687350933,-1.9075658443547425,0.279482174903687,249.02647765280574,89.61471610530467,0.3381238928813757,2.778856960950243,67466.99999999991,1297.759158318854,0.5033998228849237,0.9128140601534266,4.9962987961167515
ID2211,2211,39,78164.0,1226.425877818799,1289.764219032933,0.0,5.0,5,157.71445270172,1,,15.002469641326185,15.0,0.0,32.0,1172428.0,0.37083016945409814,-0.16872432667359752,-16.422918020122705,0.337451855270952,-0.725217257616056,186.21337574813774,134.16580433434726,0.46841989190352307,1.3879347026764404,78143.50000000009,1081.5297358823627,0.839509845995693,0.977973430450482,3.868940359169319
ID2664,2664,39,63732.0,1180.7862712489311,1266.914673496657,0.0,12.0,12,142.4380380394421,1,,26.996030064805662,27.0,0.0,35.0,1720430.0,0.38638150406585814,0.0959124418052562,12.229611481501314,5.711203093380183,3.4889450005559928,187.2726554991125,110.39021797912397,0.7135605836193488,1.696460600653292,63738.500000000044,1051.4143971125993,0.7245424972593155,0.9795374212386668,4.164597175080523
ID2638,2638,39,62303.0,1170.5887462043688,1259.9512192838129,0.0,11.0,11,140.81871372276728,1,,29.999068961088994,30.0,0.0,39.0,1868822.0,0.5006448366100762,0.02001900605970199,2.3520268626234757,2.9009542229244465,2.984184352562933,194.3367090776887,104.96791207748592,0.710736031853873,1.851391584641904,62297.499999999956,1019.696392807502,0.7529024611846715,0.9796744771190431,4.085409303878624
ID2287,2287,39,82489.0,1364.5216437619854,1399.2935345550509,0.0,0.0,0,162.03098548578893,1,,18.996217494089834,19.0,0.0,39.0,1566903.0,0.5107688086928549,-0.064148406662679,-5.098608321056538,0.9864144007938536,-1.602185436518681,208.3048254004562,131.82620383496456,2.777363210375241,1.5801473405184034,82479.49999999996,1192.4826187837507,0.728872841498313,0.9398569922798614,4.152207493291765
ID2256,2256,39,61408.0,1192.7430069692748,1278.666589290611,0.0,7.0,7,139.7875761575172,1,,29.99429921003339,30.0,0.0,35.0,1841500.0,0.4511517282861539,0.13935565499245822,16.263401151917993,6.022632855515585,4.0306194961278,191.61056801749191,106.54030827191026,0.7258245791434054,1.798479571961317,61388.50000000013,1000.8613050716864,0.7701034830896557,0.9753185472339637,4.039525817810617
ID2577,2577,39,70432.0,1168.7395309882747,1271.051450756608,0.0,9.0,9,149.74531125248402,1,,10.007807287748236,10.0,0.0,35.0,705020.0,0.422510998322485,-0.24487291655106755,-15.362136439967024,1.555980940676091,0.10631564186656278,195.6812830606635,116.28930443934192,0.612391962955661,1.682710925171399,70446.0,1066.439347965605,0.778383965659011,0.9822775631997994,4.017982042811205
ID2355,2355,39,74972.0,1253.5050825949459,1293.6954209975397,0.0,4.0,4,154.50401535044406,1,,13.000026667733376,13.0,0.0,34.0,974963.0,0.38682637768133404,-0.16313679274668658,-13.102543290951678,-0.965594477902446,-0.2635116139379427,181.59584217837184,134.1229329462185,0.3812269029664736,1.3539507240807904,74994.4999999999,1074.1323163928405,0.8168150140610626,0.9794560355242091,3.9223204839454144
ID2679,2679,39,63685.0,1180.8299108101455,1272.7283244562457,0.0,10.0,10,142.33576263869784,1,,18.99772163036988,19.0,0.0,26.0,1209053.0,0.26462856599487167,0.04175881178597907,5.75540304251421,2.9477305721232345,1.2098883985022677,187.99790322461465,111.38090777963369,0.6798563417549159,1.687882662947649,63647.000000000015,1017.1963190155593,0.7729977721266375,0.9804516606075544,4.031956248890545
ID2362,2362,39,81493.0,1201.4756817275543,1287.0620195699519,0.0,6.0,6,161.06846835645516,1,,10.003521861309839,10.0,0.0,31.0,815197.0,0.28874220455649535,-0.22547167456158768,-20.170995778145766,-0.3043320762751458,-0.4087009973592817,190.77100933912027,136.41997890005578,0.6210867029538687,1.3984096088952134,81502.5,1113.0873134032981,0.8266512538319449,0.9837475407065865,3.8989150030998574
ID2430,2430,39,69751.0,1290.9478079481592,1307.2235658714685,0.0,2.0,2,149.00587633074,1,,24.983786340959917,25.0,0.0,26.0,1742769.0,0.5877962589180682,0.23984524104483154,16.444666166011935,4.780205645428886,0.44879447271181794,184.22615895726452,126.13643370801302,-0.11435105071137319,1.4605308992937007,69752.00000000004,1127.3467322351953,0.6896861552494687,0.9365575949622037,4.268538255242514
ID2206,2206,39,78816.0,1267.2572696935306,1301.8509593945425,0.0,3.0,3,158.43634929963764,1,,19.93730737522988,20.0,0.0,33.0,1571957.0,1.2510718369291414,-0.05560727700220027,-1.8766930658712795,-1.3454084919515599,0.5824013224813046,174.8290090120691,146.70251435228485,-0.020306045078879027,1.1917246939083985,78860.49999999988,1084.873626526256,0.8419980529479262,0.9755073261545869,3.863219534263734
ID2526,2526,39,60538.0,1181.8576246641119,1259.8911721950574,0.0,8.0,8,138.8135701940626,1,,20.996679551987313,21.0,0.0,32.0,1271013.0,0.381764564026007,0.003205327310195314,0.35145324366408953,1.9961757586089774,1.6162635095694173,181.2068861573126,108.78238407590781,0.6584678483040283,1.6657741756318498,60535.99999999998,1016.8520574137832,0.735712341956464,0.9672450707826028,4.132862068167597
ID2239,2239,39,67602.0,1295.5728936292965,1324.790016297206,0.0,1.0,1,146.68766424343576,1,,14.971667406421068,15.0,0.0,18.0,1011935.0,0.7108239766327146,-0.060237037842761305,-2.7001219576645012,3.8074489707246304,-0.6444882139471653,177.9102527371567,124.84803964352001,3.1251429570269607,1.4250143874517038,67598.49999999988,1079.0216968119094,0.7296029278879727,0.9545855721638914,4.150129493868105
ID2723,2723,40,69663.0,1878.8547168366674,1271.6532759565391,0.0,12.0,12,148.90383671000959,1,,40.98099639735327,41.0,0.0,41.0,2855187.0,0.7944912173119762,0.2615590981630401,21.388761595386995,2.120945305442851,1.4826022315281189,190.09999448483805,127.89440583039287,0.3690896278517761,1.4863824046920324,69656.49999999994,1140.2210552131348,0.6732764131456508,0.9547544803481471,4.320243564616209
ID2692,2692,40,64861.0,1826.7789010768768,1271.2839591346956,0.0,9.0,9,143.68957269921265,1,,37.97365825087086,38.0,0.0,38.0,2463655.0,0.8200064582634871,0.5819259587520126,34.0703612532372,-8.540513795928215,4.9799092578007595,180.89687699510358,131.9173039958194,0.45957119059704055,1.3712899787645478,64863.500000000044,1257.6663777437063,0.515322781024839,0.801550866569867,4.938161180189277
ID2502,2502,40,52170.0,1869.401498881432,1319.0837743688078,0.0,6.0,6,128.8404461513723,1,,45.97438895811368,46.0,0.0,46.0,2398254.0,0.7901726503881873,0.47822619162060104,37.6457915143677,-6.091092465080587,-7.601445005802495,163.54563832711085,113.07102960076695,0.6825290012835796,1.4463973566399853,52149.99999999994,1004.7449795097793,0.6491610995548083,0.9709460906154278,4.399756974570858
ID2678,2678,40,63349.0,1863.2846097163008,1280.8617953576504,0.0,11.0,11,141.98086171037096,1,,39.9877654116347,40.0,0.0,40.0,2533025.0,0.5138200905039056,0.27737921278902267,33.79870937944903,-8.069178444005063,-5.9989267488059435,198.43224823598203,115.58287766606394,0.3964547657725444,1.7167962265940653,63330.000000000044,1121.3965547140017,0.632850193316338,0.9564442565016467,4.456095332669526
ID2503,2503,40,59432.0,1916.2937806047755,1322.3099909693124,0.0,4.0,4,137.53618289833454,1,,40.985396793351164,41.0,0.0,41.0,2436131.0,0.5721200194083673,0.30890747973226423,33.81360458226158,-0.4764878720077636,-2.1643748928595383,167.59655550612845,134.36045531124424,0.6365445949408911,1.2473651947508901,59427.0,1074.7469278097271,0.6465189308044536,0.8901387775888798,4.4087381868698285
ID2552,2552,40,57213.0,1839.8417391431026,1272.546731640517,0.0,8.0,8,134.9374716838443,1,,44.97740498034076,45.0,0.0,45.0,2573832.0,0.7281437746933872,0.5001096572120491,41.185987522574344,-1.6929184547749874,3.3784414734694836,161.07349327846958,124.6045408879656,0.5501093660991458,1.2926775551726797,57202.49999999999,1048.8656450022572,0.653409060986489,0.930522908245016,4.385431741583624
ID2330,2330,40,73644.0,1838.8445628042446,1281.7851113328943,0.0,7.0,7,153.10810142820114,1,,43.97474507461065,44.0,0.0,44.0,3238696.0,0.9693392257809621,0.40810480623787904,26.29627708650779,-3.263924297948396,3.554701567531492,173.51549749697813,146.13934467436673,0.15161944376154612,1.187329106228114,73645.4999999999,1220.7537992839666,0.6210118822432441,0.87461328804622,4.498367958375737
ID2380,2380,40,42643.0,1927.6287028457718,1354.7231266346864,0.0,3.0,3,116.48909649816194,1,,41.9749607296087,42.0,0.0,42.0,1790358.0,0.9303975222228884,0.3240455915028278,22.08284005249293,-6.474873267727706,-6.651020436587241,150.14366058886472,103.91427134370595,1.1324748391416337,1.4448800790052296,42630.49999999999,996.9069736506812,0.5390400356479521,0.8436587803405863,4.828301937329444
ID2717,2717,40,71631.0,1883.416694591827,1272.4536163082937,0.0,10.0,10,150.98792683020406,1,,28.988733141596626,29.0,0.0,30.0,2076347.0,0.5438394646250981,0.2810541608212369,23.388966941586922,-1.219904152610862,-0.5021040003268995,189.52385944588733,129.37679247030582,0.34710764508859115,1.4648984244170862,71619.99999999988,1137.1774207631975,0.6959655211810936,0.9487537836889047,4.249238127243137
ID2399,2399,40,50832.0,1879.2624171724026,1330.758277841712,0.0,5.0,5,127.20379553819812,1,,42.971584763927396,43.0,0.0,43.0,2185234.0,0.9346828919730035,0.4127918313506544,26.865813269886736,-1.6958452642338822,-3.0114388351801393,154.77396943974094,116.99210552267428,0.7861980720697559,1.322943704177921,50833.49999999996,969.7240430615484,0.6793030270579475,0.9562808634717578,4.301036786648791
ID2336,2336,41,26179.0,746.8584102064592,1553.2497660383124,0.0,0.0,0,91.28632792126399,1,,24.9996179998472,25.0,23.0,27.0,654440.0,0.056646076075684025,0.15379484470575613,117.65400645820642,0.15416598327467065,20.03151488985285,124.00724321825373,81.16059443974895,-1.5497984795652298,1.5279242848610821,26179.499999999978,744.4669244615335,0.5935815545118676,0.8481113126862764,4.601132432879832
ID2258,2258,41,22879.0,771.8228388318404,1470.5153666885149,0.0,1.0,1,85.34940975376485,1,,21.000262065953265,21.0,0.0,36.0,480801.0,0.6679393876535885,0.11683286399307886,6.578009462429527,2.269109856088703,3.082824754687662,132.43631884660752,58.16513436571211,-1.1695909917990983,2.2769021388984823,22885.0,735.9053190157613,0.5310273589786991,0.859191680276323,4.864592697991877
ID2414,2414,41,14789.0,800.8912446081248,1437.4172326024034,0.0,2.0,2,68.63314688028534,1,,17.98696122145656,18.0,0.0,27.0,266243.0,0.6101678552241833,0.055368772427132715,3.0931367783314263,-0.23195012351090225,0.9280521454305352,124.35663403686542,38.96006980933906,1.8208326163465283,3.1918996717776946,14798.499999999985,586.544242903944,0.5405377231881294,0.9760577779243469,4.821608321610655
ID2137,2137,42,54760.0,1617.8211982829482,363.09826772612416,0.0,1.0,1,132.00710101783014,1,,1.0117834045818261,1.0,0.0,39.0,55383.0,0.6702720792154742,-0.7557635976505707,-9.34204584516745,-0.9227487976742016,2.3250256665625875,165.25800294921035,111.44363680791501,1.5332156615111132,1.4828841527672876,54744.99999999997,1037.8321911383377,0.6387046079294724,0.8617934812552631,4.435625865548751
ID2187,2187,42,46836.0,1557.4412695871795,374.50594774380596,0.0,2.0,2,122.12130830623309,1,,1.0099677701649912,1.0,0.0,34.0,47318.0,0.5509348812320979,-0.7666271386267065,-12.044009213008854,-4.322185810413147,-6.692815459421895,175.22870989510983,99.96454399547753,0.9637577754669481,1.7529086103072438,46852.49999999994,1045.785157916328,0.5383412834256108,0.8408409755747371,4.831434422940283
ID2529,2529,43,40341.0,263.5227862324229,1623.2498802029115,0.0,8.0,8,113.32488988731126,1,,23.979572105015247,24.0,0.0,24.0,967264.0,0.6551138242556369,0.4057630186930895,21.130754750107826,0.20518193534742654,-0.010198456445825711,125.85310108742699,103.98344288132124,-1.3283945711221645,1.210318658433594,40346.000000000015,784.1557496110921,0.8245285269315541,0.9643271149778316,3.903930603855779
ID2406,2406,43,39481.0,272.4810407541501,1628.614856824569,0.0,6.0,6,112.12620378217213,1,,14.995416677217595,15.0,0.0,24.0,592184.0,0.3750300205275445,0.1378211422896132,9.68644341496983,0.08082518188776766,0.21622426712518997,136.40890467625576,93.43186581338907,1.229381236960165,1.4599826674627743,39497.00000000004,783.1111485979338,0.8093328354155858,0.963670521641537,3.9404094484229963
ID2183,2183,43,49723.0,257.28795832579095,1635.449140838177,0.0,7.0,7,125.80162650447683,1,,19.982558139534884,20.0,0.0,20.0,993293.0,0.5829139902597428,0.5100005420450135,23.156351678364015,0.8014788126910947,-1.3440732549509007,148.43283498456609,106.8922762526413,1.9422554469593156,1.388620770257929,49718.99999999999,869.2893785471474,0.826805777458404,0.9863902390635847,3.898550647495403
ID2647,2647,43,60047.0,256.90803196138,1624.5294782693134,0.0,12.0,12,138.28112900094405,1,,20.931251976235252,21.0,0.0,26.0,1257738.0,1.10694153558733,0.1814302783360461,5.807673430121138,-4.946897641621763,2.047121374963305,161.61153790869093,121.54893144758759,2.047192359960137,1.3296006471136976,60072.49999999988,1022.6959679708339,0.7217594563999151,0.9287287906311579,4.17261860988635
ID2377,2377,43,55292.0,229.37768455061092,1652.802245890671,0.0,5.0,5,132.67575142372405,1,,36.95124862118226,37.0,0.0,38.0,2043441.0,1.3153741502724283,0.504534228841204,18.84075810108536,-2.383386396912157,-0.5070449868850156,153.563920180843,115.9426609823679,1.7394197531876276,1.3244815918464767,55301.00000000002,938.0510916305892,0.7897504141248124,0.9523817724658152,3.9889629344804747
ID2668,2668,43,48503.0,256.63036546859485,1644.4793678771075,0.0,9.0,9,124.26075452026848,1,,32.96716344072723,33.0,0.0,37.0,1599336.0,1.0503946378117215,0.35829441517750704,16.55789806220864,0.6476745152115304,-2.542176049953648,150.69316112368142,103.41954888998846,-1.3433646357594786,1.457105186989162,48508.50000000004,875.7564011734676,0.7948058749849202,0.9694332307446348,3.976256551594879
ID2732,2732,43,51631.0,256.6067116087456,1614.2691520411195,0.0,10.0,10,128.1865552411002,1,,35.91840846134475,36.0,0.0,37.0,1854216.0,1.5185009428087048,0.37058803760095,12.791352700680575,1.6499418775515884,-2.689777310292943,164.2006338090041,101.68506380907307,-1.3201947110288224,1.6147959951848203,51621.99999999996,967.6568804812762,0.6927904821319253,0.9518909848610564,4.25896406521741
ID2702,2702,43,54527.0,249.9619407889709,1625.330385009247,0.0,11.0,11,131.7385697867397,1,,45.95971246768012,46.0,0.0,46.0,2506321.0,1.3415785145858443,0.5467647225614466,24.219625960776472,2.1011158657494136,0.960430530613438,167.58126524866074,105.96767438257912,1.8286278817864587,1.5814376056195754,54522.49999999987,986.314020827092,0.7042959832565233,0.951967314726704,4.224033231562849
ID2528,2528,44,63061.0,411.5358492261027,1749.021631604813,0.0,8.0,8,141.6992212772792,1,,22.985892497661958,23.0,0.0,24.0,1450111.0,0.5436797578425708,0.3894289665157679,23.699550364703217,-0.960865776949443,1.8483252974911468,178.3798321818607,118.19192336579351,-1.1683392848599503,1.5092387627011616,63079.00000000002,1026.2423914744008,0.7526529414022871,0.9375106824109927,4.086086445965774
ID2660,2660,44,58069.0,415.7708100101617,1734.7897957894857,0.0,12.0,12,135.94627726317867,1,,25.985484537502582,26.0,0.0,26.0,1509133.0,0.5442259581282222,0.3830424884760816,26.448009378012102,-3.6193219468681,8.00129273576319,190.714275969139,103.74047097873697,1.887684079084375,1.838378736570692,58060.999999999935,1052.5758989612243,0.6585481471925198,0.8738073021701823,4.368287017802616
ID2729,2729,44,60069.0,411.6472187299658,1750.7718548183425,0.0,10.0,10,138.2592591833845,1,,34.98346378018318,35.0,0.0,36.0,2100757.0,0.736251975121515,0.37536811117086183,25.936104940349143,1.5922035484920247,-0.7570863460327241,167.82487796918386,118.54274631929626,1.8878509334826945,1.4157330007957265,60053.500000000065,1046.0810751368917,0.6896321461427651,0.9333918773994009,4.268705399005919
ID2697,2697,44,63635.0,421.56400567705714,1721.326818334171,0.0,11.0,11,142.3368807998331,1,,44.980736597322604,45.0,0.0,46.0,2862754.0,0.8476149452792333,0.5033408641323459,35.53552047524021,-0.17880247818006287,3.5487098827257957,184.07483273918368,113.93637761227893,1.7769339489893816,1.6155931634546359,63647.99999999996,1064.3099570057507,0.7060872593706481,0.9453983720515707,4.218671844110757
ID2381,2381,44,48489.0,410.20679591626276,1735.6951909525283,0.0,5.0,5,124.23065173950054,1,,37.9790094436884,38.0,0.0,38.0,1841906.0,0.8028373043489535,0.32882216394281344,23.412096461966534,-0.3504996801915149,0.18759548206218926,149.43043538788066,110.78381513272143,1.9872855151745126,1.3488471687751478,48484.99999999993,1033.1600801438576,0.5707974567180464,0.8395089517609159,4.692063892386314
ID2686,2686,44,59096.0,423.0020076584274,1735.9682553109897,0.0,9.0,9,137.16538354360878,1,,36.98218665944885,37.0,0.0,37.0,2186128.0,0.7102844751227004,0.3783059162805166,28.5816813149298,0.43629218429804784,3.3939867066922016,184.77002889252964,106.77178635848279,1.896223746185277,1.730513604709865,59106.999999999956,1017.3646648843338,0.7176215663080782,0.9239944348043577,4.184631222314253
ID2431,2431,44,51009.0,429.59411560992027,1733.7298280520515,0.0,6.0,6,127.42880906151802,1,,21.995431641276003,22.0,0.0,24.0,1121833.0,0.30690572066304755,0.28171288365433894,31.50456303459736,-2.0354226406608955,1.9055671408873691,180.8587998244629,94.18437677499857,1.6984358218978317,1.920263275261935,51013.50000000004,982.9544942840653,0.6634804946949295,0.918615958078981,4.352019695238575
ID2722,2722,45,117619.0,1652.8635465648551,1714.4253221998304,0.0,10.0,10,193.47919150356276,1,,30.993971447277797,31.0,0.0,32.0,3645108.0,0.41141978907941307,0.3028998473702934,35.027574735664494,-0.3709427213771662,-0.5337000719196326,227.45304566330026,170.04931837057836,0.9163437613038987,1.3375710519910782,117602.99999999993,1454.995653723047,0.6980794806029024,0.9334497469987096,4.242799370611827
ID2690,2690,45,46615.0,1732.778595332075,1825.0774948515532,0.0,12.0,12,121.81269906846158,1,,32.975959682607765,33.0,0.0,33.0,1537669.0,0.8652363345381452,0.42590643316511445,22.767527084799006,7.323731953241247,-5.3502501601737436,183.32292586155248,90.59820258202997,2.4330079891619567,2.0234719965395245,46615.999999999985,998.562615293296,0.5874815928922422,0.9250950079876162,4.624958073969373
ID2262,2262,45,63715.0,1730.0346474570242,1791.8065355681806,0.0,7.0,7,142.4151302631107,1,,32.982938314236385,33.0,0.0,34.0,2101343.0,0.6958285253993153,0.4638854765167923,30.04144255768405,-5.992954262840434,-0.6195688191222211,192.19557283613258,111.7591502958649,1.9606642109262507,1.7197300831951998,63718.00000000005,1152.9981838100146,0.6023026211857313,0.8290083983320438,4.567699822015265
ID2536,2536,45,63044.0,1719.2507633496975,1789.1221081934189,0.0,8.0,8,141.66046597238775,1,,30.983931347355732,31.0,0.0,31.0,1953289.0,0.6488507686036639,0.39048970411250966,26.820292131316034,-0.10060444199802085,-1.5059515719433898,193.04960515824376,111.21979898400836,1.8823628199282054,1.7357485530611436,63044.50000000013,1146.6465254791372,0.602556741728025,0.8543657085552456,4.566736536167077
ID2632,2632,45,75693.0,1727.2319720880866,1767.7466579909853,0.0,9.0,9,155.21931078378822,1,,22.988095709963403,23.0,0.0,24.0,1739900.0,0.47340655105267393,0.3137510407095351,23.19374247652809,-3.7698218744883265,-3.8791331143454717,216.5262542177891,116.90943017177406,-1.4154538321627919,1.852085446825366,75690.50000000007,1233.821399177837,0.624808086279754,0.8818242188410196,4.484681563520759
ID2395,2395,45,63488.0,1731.8838182605614,1775.4181726314685,0.0,5.0,5,142.1684986132837,1,,41.97925951589789,42.0,0.0,42.0,2665641.0,0.8391887088733021,0.4034313277148322,28.759649589880077,-4.564491659111776,-2.581322354051316,181.04447023388167,117.12877680441139,1.8568064256343595,1.5456873637142179,63497.500000000015,1068.8132147686351,0.6984942916262463,0.9084763464936442,4.241539359369105
ID2683,2683,45,80187.0,1734.8407360300596,1765.8200990905614,0.0,11.0,11,159.77227429186607,1,,40.981979622632096,41.0,0.0,41.0,3286222.0,0.8010120098192972,0.3794903032364635,28.149191932069918,-3.0499416774871175,0.2767731607676563,217.70839935804761,122.10420801790418,1.770242119797461,1.782972125957567,80196.00000000004,1287.4005128255556,0.6080442915941213,0.8700642816458277,4.546082619211959
ID2492,2492,45,73821.0,1712.0393539211702,1796.923127454964,0.0,6.0,6,153.29976809163557,1,,41.975400287177266,42.0,0.0,42.0,3098708.0,0.9184764937985422,0.46505858169439523,29.014124351908773,0.9697946994343961,-6.869639698414168,214.94371983906197,113.19390934062355,1.8411265763672169,1.8988982807568957,73829.99999999994,1180.6462186935184,0.6655844567311046,0.9079226488763176,4.345135721560651
ID2401,2401,46,40100.0,78.12519065251995,995.9332872026964,0.0,5.0,5,112.98380645283493,1,,43.89354484685224,44.0,0.0,44.0,1759780.0,2.1616684739002716,0.5658501546318676,14.675496466224105,-26.138456524143812,6.719188856504943,143.68732695683227,117.67410084738331,-0.7847898938021824,1.221061609327159,40103.500000000044,827.1442600855657,0.7365964480784758,0.9644437496993902,4.130381072144194
ID2705,2705,46,58954.0,113.88451751893538,972.4015982335462,0.0,11.0,11,136.9836740107286,1,,46.813933758653455,47.0,0.0,47.0,2759026.0,2.949567892499755,0.38634352269701083,8.846052501660955,-1.4144785866634402,2.6148682526706812,152.51674813668612,131.5388460446894,-1.3545089147391085,1.1594806608298025,58950.500000000044,1027.4114456980642,0.7017922336816016,0.940109399419514,4.231561460639392
ID2742,2742,46,58710.0,107.91365482377665,964.2925960637301,0.0,10.0,10,136.6748538345506,1,,42.87411991339777,43.0,0.0,43.0,2514953.0,2.321798460164002,0.4099784412299572,10.7386389936071,-3.277160004968858,2.9960903334180937,149.64041670955933,140.01338524735436,1.0539630946438006,1.068757936572974,58685.00000000004,1013.0044620844948,0.7186447483886073,0.9510882777174541,4.181651193037467
ID2504,2504,46,37678.0,94.84548961319318,1005.2902156987649,0.0,6.0,6,109.51092763674552,1,,46.94289734264249,47.0,0.0,47.0,1768292.0,1.546611908000771,0.6488058021161404,23.887118001406122,-2.362137127388584,-0.5963325039358375,122.57669116512542,110.1851360625399,-1.3027603444604083,1.1124612224969457,37676.00000000005,841.3820205461227,0.6687875773310115,0.9149990285603277,4.334717840680634
ID2616,2616,46,69291.0,120.12329403048977,973.1189644638795,0.0,12.0,12,148.5126604824015,1,,12.9943702634428,13.0,0.0,24.0,900185.0,0.34887924118452646,0.017639003170811657,1.2911907272024126,-7.692590750225283,0.5265174367414974,185.09421640284393,134.74212180231444,2.0111801695084752,1.3736923088861779,69291.00000000006,1135.9422703331745,0.6747985982067921,0.9495559940799219,4.315368092873877
ID2505,2505,46,32107.0,59.535136089390114,1011.8643779141614,0.0,4.0,4,101.08129914387472,1,,41.914910858995135,42.0,0.0,42.0,1344798.0,1.8885483645355101,0.46254733363375966,14.038369934373701,-39.79235156774677,23.291318715721395,177.38068156236395,96.38477838833296,-1.037448189156275,1.8403391544637846,32098.999999999975,816.604003886563,0.6048927187654585,0.9577359729080563,4.557910086023155
ID2555,2555,46,58086.0,103.35291450740033,988.1139346567268,0.0,8.0,8,135.97203065047276,1,,45.82311308570543,46.0,0.0,46.0,2660994.0,2.845178513162927,0.4167814620310898,9.475684542529743,-2.7029414185760294,2.5701995815145753,153.40120878257738,130.80712192126356,1.3570108292225043,1.1727282622647552,58082.999999999956,1006.9964827230863,0.719785338970021,0.9694233497454716,4.178336702803505
ID2716,2716,46,50264.0,111.1555685978036,989.835166984986,0.0,9.0,9,126.4892411201129,1,,45.96123151630943,46.0,0.0,46.0,2309414.0,1.2460380150911632,0.46087548851645843,23.273450115478635,-1.358377789825371,1.4439073911949718,148.81653480400377,117.88652997459097,-1.2004829489278697,1.262370983657585,50264.00000000001,949.1502675719152,0.7011274356556387,0.9528359114346376,4.233567135382955
ID2335,2335,46,49820.0,92.99424422164012,1000.8685404309557,0.0,7.0,7,125.92870750838883,1,,44.88706860205987,45.0,0.0,45.0,2235780.0,2.2515019832673997,0.5387592403354476,13.960564003671962,-5.6296865081516705,0.7707090775326616,147.4518247933015,128.0824689889663,1.3100742084089185,1.1512256591962151,49819.49999999995,957.1637818506442,0.6833397974807996,0.9313187583538178,4.288313968705956
ID2224,2224,47,20196.0,709.6775153300816,553.3525506119653,0.0,5.0,5,80.17548875147916,1,,17.973465346534653,18.0,0.0,19.0,363064.0,0.6511300685307582,0.4652673880548644,17.52991426660148,-1.289384632415767,1.6520291384775403,111.44723865410796,67.01054820096604,1.4117133423787054,1.6631297854760918,20194.500000000004,632.4867043018915,0.6343663939877897,0.9396505595235327,4.450766884698206
ID2547,2547,47,16753.0,714.4826892830835,527.7093909892692,0.0,8.0,8,73.00316722153369,1,,39.979696643974684,40.0,0.0,41.0,669500.0,0.9131629856363733,0.49657845938722345,29.05424386979977,1.0738859353659866,-0.6890989159656552,80.43314688950984,68.17921684937463,-1.2161494000424438,1.1797311645161206,16743.00000000001,492.8485293783478,0.8661960745983665,0.985143126121621,3.8088759313455514
ID2148,2148,47,23834.0,708.3320535951551,547.6998559420412,0.0,7.0,7,87.0992509578485,1,,3.0023499790180446,3.0,0.0,9.0,71546.0,0.12525828804860778,-0.0998364892685993,-5.3168295321671,1.7698710572286485,2.451871669791456,111.63715417392365,71.74495202171941,-1.3754393428928549,1.5560279995744877,23832.999999999967,631.3203526887156,0.7514308067894009,0.9773030160129563,4.0894079220158135
ID2710,2710,47,20958.0,713.1204814011331,537.591416946782,0.0,9.0,9,81.70723589668012,1,,43.973680446288085,44.0,0.0,45.0,922260.0,1.0454909314442502,0.4437951005447848,25.857080129390805,0.5525248899251209,-0.6227559529371053,100.04183808852007,68.68911821825179,1.5487423119561345,1.4564437669828372,20973.499999999993,562.8595097112022,0.8319184543555204,0.9871508248417383,3.8865526277429776
ID2743,2743,47,18765.0,708.3580691002753,525.9646238564703,0.0,10.0,10,77.28573616288348,1,,43.979588573864845,44.0,0.0,45.0,825233.0,0.9499319724138635,0.5006450771574786,30.891615092610696,1.343854407756606,-6.144823441714479,93.57444857070274,68.49036816865143,1.731842358717555,1.3662424523735075,18765.000000000007,526.5938193591525,0.8503680172832491,0.9861523504217364,3.8441601567579364
ID2489,2489,47,13294.0,703.2779032136675,524.6813426657635,0.0,6.0,6,65.03371016422197,1,,39.9829896131266,40.0,0.0,40.0,531214.0,0.7785299084874976,0.24629858449988273,20.29877233046466,-0.7963979252123591,0.6966227003079465,79.63304235450991,53.94884037166211,-0.9660216593281983,1.4760844126751431,13287.000000000004,465.1808238168754,0.7716017289022399,0.9616414561771736,4.035602068541231
ID2230,2230,48,12312.0,1302.7513370432052,1134.7191532285362,0.0,1.0,1,62.59581091398508,1,,12.998862713241268,13.0,0.0,42.0,160016.0,0.47403832192247214,-0.1073054485166935,-6.592358103970751,-0.6301365604431594,0.5631324658399028,65.97501669662584,61.73880795455272,1.199681878002558,1.0686150070340115,12309.50000000001,421.79362760670966,0.8694612842019501,0.9792760540970572,3.8017172016435943
ID2267,2267,48,31089.0,1409.6394497674319,1131.947902600047,0.0,0.0,0,99.49911597641592,1,,14.99135270669924,15.0,0.0,36.0,466351.0,0.4985810669032831,0.02497304416907594,1.4651904403076692,0.01456552229242861,-1.8107207510030345,115.87498855601908,90.08966666326788,1.9495940045032287,1.286218418246902,31102.000000000025,711.0409005330429,0.7730525465552067,0.9595384639116427,4.031813404776839
ID2280,2280,49,33312.0,1578.072679860256,1243.9018589146822,0.0,0.0,0,102.95339188212324,1,,18.013785853731793,18.0,15.0,40.0,599769.0,0.539892693093525,-0.2517719282771215,-22.454368712974105,0.0060386716377726505,0.7027799868577118,113.35966773483851,94.59060928460755,0.22971728967832838,1.19842412045109,33298.999999999985,684.9512533025691,0.8919114230206066,0.9918829959936251,3.753566106823837
ID2233,2233,49,22750.0,1462.175301751919,1202.4514560262494,0.0,1.0,1,85.10851761133159,1,,14.022143139580862,14.0,0.0,42.0,319158.0,0.7993527659055099,-0.24004364515501378,-11.081727632952765,0.6886681100533437,1.3095662892849012,105.81232792533342,70.53636805855955,0.4295979343714602,1.5001102386996683,22755.999999999996,585.0301968499144,0.835505326240465,0.9836816737631573,3.87820105892279
ID2603,2603,50,31312.0,1427.0730893296286,506.16901408450707,0.0,10.0,10,99.83286456022722,1,,4.004600638977636,4.0,0.0,23.0,125344.0,0.3489582524830169,-0.25268393593486077,-7.760488324619217,-0.9703192373436836,-1.1620737795841924,104.37709812356515,95.46904672107102,2.878557665919905,1.0933082680559334,31311.000000000004,675.206137077776,0.8630461910046311,0.9876819708846584,3.815820280875377
ID2588,2588,50,37152.0,1450.0160144264412,459.06652940015425,0.0,12.0,12,108.74964602826329,1,,4.014938228406858,4.0,0.0,39.0,149167.0,0.7981040006041861,-0.5809848547486438,-13.950329521333474,-0.4855634817357789,0.165295917143812,123.83652418386866,96.8059327478368,-1.300961034058768,1.2792245337529262,37154.0,760.5841748999736,0.8070879639409437,0.9681824104234525,3.945885660890393
ID2509,2509,50,36179.0,1422.6362331660885,501.78034020281325,0.0,8.0,8,107.30657471821357,1,,4.002017912428129,4.0,0.0,33.0,144777.0,0.4202494632952545,-0.5434678444588114,-22.67275720213823,1.608571303701473,0.5906549711824483,115.03782646048211,102.70559531343426,0.8802267418241537,1.1200736056240428,36174.50000000005,729.5790563375532,0.8540192976513478,0.9822020092316063,3.835933679191263
ID2701,2701,50,33825.0,1408.9628583818733,490.3009914944364,0.0,9.0,9,103.75721016209904,1,,40.980334171225785,41.0,0.0,42.0,1385750.0,0.8920553612904203,0.27889889532476236,20.03661093833282,-2.947432312151173,-0.609175675119879,112.03813735583134,100.86360129437875,1.6037364842074175,1.1107885889265323,33821.000000000015,740.5773488970372,0.7749174827753083,0.9510165059190736,4.026958949709178
ID2557,2557,50,41812.0,1425.2731897139167,473.6228216991245,0.0,11.0,11,115.38125291748125,1,,4.012289594491201,4.0,0.0,25.0,167810.0,0.5374278651517133,-0.5165293247053555,-15.95243310045006,0.6927181777036499,1.027031208263699,128.23937164333003,105.14996731014321,1.0550601383292513,1.2195854637318515,41823.500000000015,769.3629341884141,0.8879074894723797,0.9930666856620484,3.7620197602402388
ID2176,2176,51,57201.0,124.72746673654176,1353.108879960404,0.0,7.0,7,134.9875899280786,1,,16.98594156581268,17.0,0.0,20.0,972632.0,0.47194581200346875,0.10426579216526612,6.79666263007793,2.474568504316725,1.3735704554617425,161.42058778141666,117.1252026861822,1.3093317601979582,1.3781883324797028,57245.00000000001,940.7631195067437,0.8128059173212059,0.9650771707703591,3.931981842881939
ID2665,2665,51,56205.0,124.44086007157873,1344.854537125168,0.0,9.0,9,133.7599388365649,1,,31.82866087946492,32.0,0.0,32.0,1789280.0,2.3352926528067233,0.19056976430128816,4.363210819636812,2.135807705657168,3.100019670652453,150.04901688225942,121.46183938966239,-1.5423023260890272,1.2353593329085555,56208.49999999997,948.0862329039569,0.7858075174938123,0.9665540337210996,3.9989579956597807
ID2633,2633,51,85288.0,104.9532981530343,1389.7621870419232,0.0,12.0,12,164.75398491181565,1,,16.995262330839413,17.0,0.0,24.0,1449254.0,0.32150140135818595,0.1610325781989644,14.663726036908802,-1.7239798653871903,-5.184761433839265,258.66221844184673,110.3206325526474,1.723267206189032,2.344640458061256,85275.0000000001,1315.9093805912232,0.6188417796780954,0.9271087579297569,4.5062483060408445
ID2573,2573,51,70413.0,126.55513076280471,1338.5401174747194,0.0,11.0,11,149.72458448539012,1,,12.994134605825629,13.0,0.0,42.0,914956.0,0.33585931118548995,-0.25772614644479364,-26.866697239899207,-0.4295850246674703,-0.34791085451456205,181.66024907897324,123.9487731550506,-1.4266492428911863,1.4656074800492773,70426.49999999997,1035.2610056134797,0.8257455797425196,0.9855580511765568,3.9010525734823087
ID2398,2398,51,42142.0,121.73221480225051,1348.1172243506865,0.0,6.0,6,115.83555493564317,1,,12.978256230289523,13.0,0.0,13.0,547332.0,0.5132471850284506,0.22094680057684593,9.151888908552445,3.028017124901395,1.8566439813452242,144.64852610867172,97.31383500054582,1.3082430551129876,1.486412760404113,42153.499999999956,954.8132415360382,0.5810408110733076,0.9049990875618569,4.650521037408535
ID2734,2734,51,55632.0,119.0035508789586,1351.4067366359054,0.0,10.0,10,133.0859727840156,1,,36.7911933860532,37.0,0.0,37.0,2047062.0,2.771711129790707,0.36408357126328783,7.085752997057029,3.0841832195713783,3.7101056001429082,156.76125748854167,118.42513180357355,1.6052036747470033,1.3237161327255649,55643.49999999995,985.6628252613768,0.7197265920105053,0.9215322573967185,4.178507225590284
ID2561,2561,52,11504.0,979.527980641048,617.5671912131223,0.0,11.0,11,60.507853299269804,1,,7.9963481436396835,8.0,1.0,9.0,91966.0,0.13889208260932132,0.13849059486833507,14.00667440500103,3.0021573364452125,2.5688369791337915,64.92902152804515,58.55969095211761,0.9800555026828569,1.108766464992712,11501.999999999985,426.9843812821209,0.7927919814055321,0.9769397375461831,3.9813037006200203
ID2595,2595,52,15763.0,985.4232103937875,616.0251803889206,0.0,12.0,12,70.81197382542909,1,,7.000634799720688,7.0,1.0,9.0,110281.0,0.11435602923428272,0.052223676235724575,6.076698958257271,0.7330498369658893,1.1718755313856148,76.0761277573269,66.72400183925478,1.1731220678972734,1.1401613461465094,15753.000000000002,479.1295748956632,0.862317458398741,0.9862576303020818,3.8174322889545538
ID2712,2712,52,6779.0,978.788800412888,623.1789795767897,0.0,10.0,10,46.46093513001409,1,,26.928076639646278,27.0,0.0,27.0,182707.0,1.2713333677132423,0.6423103795512336,16.56782837473344,1.3192709751850156,1.7291528992372294,53.23528748954925,41.76092521987688,0.747538754299423,1.2747631238833506,6781.500000000004,329.01627627928434,0.7872286015311134,0.9774430671663308,3.9953469592248103
ID2737,2737,53,5.0,768.8333333333333,742.2333333333333,0.0,10.0,10,1.2615662610100802,1,,40.0,40.0,40.0,40.0,200.0,0.0,0.7801047120418849,Infinity,-0.11349372011388739,-0.3939977928531013,2.745325373969677,1.0053487507403978,1.4086927981513635,2.7307194363626137,5.0,11.23606797749979,0.4976811047437297,0.8333333333333334,5.024922359499621
ID2570,2570,53,9594.0,759.9876845579295,800.8740142435297,0.0,11.0,11,55.264666450938336,1,,12.0,12.0,7.0,21.0,115032.0,0.28306394263161344,-0.033982272671977294,-2.982593138523099,0.35212675572569163,0.722410458200853,77.41598813079742,40.56185832443468,1.1599424196332824,1.9085907630657446,9594.99999999999,401.3299974474034,0.7486030607374102,0.9776849398818006,4.097124232643011
ID2730,2730,53,29564.0,768.6726780578582,656.1742006428692,0.0,12.0,12,96.99303421463793,1,,43.93742808798646,44.0,5.0,44.0,1298351.0,1.493828659151989,0.721573658962856,24.65578883720417,1.046879071096935,4.562215056343322,174.28005914134926,55.68230020139181,-1.460079461195104,3.1299004982016356,29554.999999999967,998.6782753101323,0.3723828080739733,0.7129159480419227,5.809116961931084
ID2738,2738,54,14.0,799.5114942528735,833.5,0.0,10.0,10,2.1483699284957805,1,,37.733333333333334,40.0,6.0,40.0,566.0,8.778762251403476,0.4613308297148223,2.713849827797034,0.013218332176810718,-0.026135356085202385,5.219934977219301,1.325924897596153,1.7884047030121049,3.9368255220810977,14.5,22.043291423591945,0.37499457223714905,0.90625,5.788851930638347
ID2596,2596,54,26692.0,711.3074178139927,932.5247198026912,0.0,11.0,11,92.17638871728946,1,,19.022022471910113,19.0,0.0,44.0,507888.0,0.9029262885123754,0.06847017881157927,2.700060186671216,-8.636690179001299,-13.225372798239851,139.87946343602954,70.62845583810714,1.0049810128911387,1.9804972624158441,26692.500000000044,691.1342296416839,0.7022218037148282,0.9337776145248482,4.23026697642801
