PIVlab, ASCII chart output - 06-Feb-2024
FRAME: 19, filenames: A:[19]MAX_TgUtrmcherry_Control_TimSrs0020.avi & B:[20]MAX_TgUtrmcherry_Control_TimSrs0020.avi, conversion factor xy (px -> m): 1, conversion factor uv (px/frame -> m/s): 1
x [px],y [px],u [px/frame],v [px/frame],Vector type [-]
47,33,1.014873028,0.3298018575,1
47,65,-0.4399629533,0.1518656462,1
47,97,-0.7653000355,-0.004430711269,1
47,129,-0.7505840063,-0.002053916454,1
47,161,-0.624409318,-0.1452969313,1
47,193,-0.3784508705,0.08898538351,1
47,225,-0.1851143837,0.318456471,1
47,257,-0.1379566193,0.2291398495,1
47,289,-0.09866404533,0.04042433202,1
47,321,-0.0531116724,-0.2855189443,1
47,353,-0.419198513,-0.727457881,1
47,385,-0.1812729239,-0.3813970089,1
47,417,0.7373020649,0.1921661198,1
47,449,0.9979819059,0.7209224701,1
47,481,1.422460318,0.581417799,1
47,513,1.487746,0.5352873802,1
47,545,-0.2563988566,1.19952929,1
47,577,-1.896509051,0.9152191281,1
47,609,-1.679729581,-0.1851583719,1
47,641,-0.7686185837,-0.3078130484,1
47,673,-0.4285852611,0.275249958,1
47,705,-0.2665165365,0.7633829117,1
47,737,0.4452152848,0.6846894026,1
47,769,0.8865865469,1.48572731,1
47,801,0.8598617315,2.933124065,1
47,833,0.3041498065,2.74591279,1
47,865,0.7296566367,2.896730423,1
47,897,0.005987346172,3.138701439,1
47,929,-0.8875006437,5.117526531,1
47,961,-0.6170003414,4.33885622,1
47,993,0.5558526516,3.74770093,1
47,1025,1.522330523,3.438543081,1
47,1057,1.773139358,3.537398338,1
47,1089,1.974333286,3.371344328,1
47,1121,2.230376244,3.443055391,1
47,1153,1.177766442,3.770243168,1
47,1185,-0.6195223331,3.571013451,1
47,1217,-0.2493308783,1.714758873,1
47,1249,-1.112764955,2.938979626,1
47,1281,-0.8286560774,3.359270096,1
47,1313,1.27952981,4.326622486,1
47,1345,1.774655342,3.470367432,1
47,1377,1.251605034,3.598670006,1
47,1409,1.230905414,0.8354146481,1
47,1441,0.6156004667,0.9411026239,1
47,1473,0.2577453256,0.7785161734,1
47,1505,0.1928322315,0.8533724546,1
47,1537,0.2388671041,0.4483084679,1
47,1569,-0.1156480312,0.295290947,1
47,1601,-0.8639218807,1.158286095,1
47,1633,-1.034927368,2.420228958,1
47,1665,-3.166561127,2.418210745,1
47,1697,-2.59640646,2.803447723,1
47,1729,-0.2471865416,3.961159229,1
47,1761,-0.7958359718,5.664138794,1
47,1793,-2.817814589,2.911866665,1
47,1825,-1.784887195,0.315237999,1
47,1857,-0.9387336969,-1.160831928,1
47,1889,-1.085680008,1.574983835,1
47,1921,-1.116462469,3.156126022,1
47,1953,-3.240895987,8.445039749,1
47,1985,-1.905102849,0.02563202381,1
47,2017,3.561779976,-21.97044754,1
79,33,-0.671893239,0.05530226231,1
79,65,-0.7539114952,0.1673635542,1
79,97,-0.3344085515,0.4402036667,1
79,129,-0.2603756785,0.3859206438,1
79,161,-0.3511936665,-0.1679883301,1
79,193,0.1027255058,-0.03177851439,1
79,225,-0.1004439592,0.03593662381,1
79,257,-0.7179742455,0.1555929184,1
79,289,-0.4405128658,-0.01693361998,1
79,321,-0.337249428,-0.425727278,1
79,353,-0.3678385615,-0.7366782427,1
79,385,0.04556763172,-0.2660987079,1
79,417,0.5995889902,0.3432110548,1
79,449,0.3657360673,0.8418715,1
79,481,0.2087361217,0.7166109085,1
79,513,0.1356118917,0.4631793499,1
79,545,-0.9025323391,0.6555300951,1
79,577,-2.174227238,0.4870665669,1
79,609,-1.162929773,0.9241127968,1
79,641,-0.4584415555,1.115890026,1
79,673,0.06790195405,1.756148577,1
79,705,0.4494882524,2.494513035,1
79,737,0.1613098383,1.749517322,1
79,769,1.228486538,3.15046072,1
79,801,1.386294723,3.429992199,1
79,833,0.7275488377,2.968599081,1
79,865,0.7173086405,3.628268719,1
79,897,0.2210999727,4.210922241,1
79,929,-0.1863965988,3.904802322,1
79,961,0.02154736221,3.351869822,1
79,993,0.116299212,3.32199955,1
79,1025,0.9547845125,3.596812248,1
79,1057,1.530395389,3.77964592,1
79,1089,2.106985569,3.486176491,1
79,1121,3.563023567,3.444009542,1
79,1153,3.320536613,2.54489851,1
79,1185,1.004255772,2.835614443,1
79,1217,0.5045384765,2.257997513,1
79,1249,0.2378598154,2.877289295,1
79,1281,0.2883172035,3.034663916,1
79,1313,0.6859254837,3.389886856,1
79,1345,0.6653280258,3.842920303,1
79,1377,1.2392658,3.140714169,1
79,1409,4.013175964,2.278713465,1
79,1441,0.8920445442,1.082042694,1
79,1473,0.6890284419,1.066747904,1
79,1505,0.8824971914,0.549697578,1
79,1537,0.6748764515,-0.1262402534,1
79,1569,0.2167243361,0.3441655636,1
79,1601,-0.6064544916,2.297249317,1
79,1633,-0.5223450065,2.777281761,1
79,1665,-1.531582475,2.735443115,1
79,1697,-2.25390172,3.325528622,1
79,1729,-1.343381882,3.915165424,1
79,1761,-1.044909239,4.495294094,1
79,1793,-1.589221478,4.867055416,1
79,1825,-0.8042943478,1.771053314,1
79,1857,-0.4740291834,-0.3239746094,1
79,1889,-0.6534664631,1.154320955,1
79,1921,-0.8997094631,3.733665943,1
79,1953,-1.463440418,3.708118439,1
79,1985,-2.046875954,5.055743694,1
79,2017,1.071729064,-8.547991753,1
111,33,-0.4854403138,0.1718049645,1
111,65,-0.3185239732,0.3121535182,1
111,97,-0.3330798447,0.6563593149,1
111,129,-0.1794985533,0.3568773568,1
111,161,-0.2370830625,0.06586494297,1
111,193,-0.2263572663,-0.1468301713,1
111,225,-0.2483747303,-0.254383862,1
111,257,-0.5524984598,0.1231411844,1
111,289,-0.6343442202,0.6760544181,1
111,321,-0.7111970186,-0.01174785942,1
111,353,-0.882900238,-0.6212645769,1
111,385,-0.8402032256,-0.7066315413,1
111,417,-0.6854653358,0.2286528051,1
111,449,-0.8239539862,0.6990658045,1
111,481,-1.367522001,0.4630473554,1
111,513,-1.181856871,-0.2272175252,1
111,545,-1.477777481,-0.5243189931,1
111,577,-1.672920942,-3.831362247,1
111,609,-0.3613530993,0.6559742093,1
111,641,0.5302677751,3.0625844,1
111,673,0.3037137687,1.325455546,1
111,705,0.6145443916,1.863399148,1
111,737,1.54203856,3.452664137,1
111,769,1.135271788,4.014438152,1
111,801,2.395457268,3.583488464,1
111,833,2.756296158,2.78935051,1
111,865,1.776479721,2.526005507,1
111,897,0.943500638,3.323423386,1
111,929,0.5769205093,3.03937149,1
111,961,0.2898503542,2.737962484,1
111,993,0.1463985443,3.201388121,1
111,1025,0.7453500628,3.488693476,1
111,1057,1.303521276,3.977616072,1
111,1089,2.005284548,3.601159334,1
111,1121,4.293692589,3.303570747,1
111,1153,5.331975937,3.112553835,1
111,1185,2.558135271,2.447783947,1
111,1217,1.19476676,2.749575377,1
111,1249,0.6215637326,3.215055466,1
111,1281,0.7753350735,3.716908455,1
111,1313,0.7988942862,2.988461733,1
111,1345,0.9839576483,3.158634186,1
111,1377,1.24901998,2.439872503,1
111,1409,1.447597742,2.250994205,1
111,1441,1.977365732,2.96957922,1
111,1473,1.676007509,4.162916183,1
111,1505,0.5961403847,0.9817868471,1
111,1537,0.3109225631,0.04110366106,1
111,1569,0.8538356423,-0.2227296829,1
111,1601,0.1188468188,1.717155933,1
111,1633,-0.4575760663,2.501468897,1
111,1665,-1.192596793,3.014117002,1
111,1697,-2.178013325,3.36715436,1
111,1729,-2.135303736,3.260896206,1
111,1761,-2.008846045,3.21724081,1
111,1793,-1.461210728,3.914450407,1
111,1825,-0.3613297939,3.26072073,1
111,1857,-1.039212942,1.260721445,1
111,1889,-1.603534818,2.100055695,1
111,1921,-1.505537391,2.223901033,1
111,1953,-1.273366332,1.305678725,1
111,1985,-2.619191647,4.977471352,1
111,2017,-1.349601269,-2.462179661,1
143,33,-0.2574023902,0.2605954409,1
143,65,-0.2205163687,0.2518174648,1
143,97,-0.3670578301,0.5553414226,1
143,129,-0.03533184528,0.3076503873,1
143,161,-0.012572065,0.371175766,1
143,193,0.1121954918,-0.0310857296,1
143,225,-0.2087760866,-0.218315959,1
143,257,-0.3012979329,-0.01611866057,1
143,289,-0.7403866053,-0.02135777101,1
143,321,-1.051565528,0.2085251063,1
143,353,-1.089013815,0.1407963187,1
143,385,-1.184764147,0.0531963855,1
143,417,-1.239107609,0.09487557411,1
143,449,-1.583039403,1.250027657,1
143,481,-1.344625235,0.1786975563,1
143,513,-1.586868286,-1.036455512,1
143,545,-1.797461867,-1.179428816,1
143,577,-0.3607661724,-1.352572918,1
143,609,0.7319566607,0.2838669717,1
143,641,0.5961866379,1.875691772,1
143,673,0.1456888914,1.051820993,1
143,705,0.1514979899,0.9833395481,1
143,737,1.646111965,2.420115232,1
143,769,1.158644438,2.276068211,1
143,801,2.274977207,2.233423233,1
143,833,2.408951044,2.012529135,1
143,865,1.110309839,1.640598774,1
143,897,0.9111633301,2.131195545,1
143,929,0.8236658573,1.88692379,1
143,961,1.244738817,1.578670025,1
143,993,1.043445945,3.298481464,1
143,1025,0.9928576946,3.287862301,1
143,1057,1.461677551,3.976396084,1
143,1089,2.304360867,3.598126888,1
143,1121,3.734723806,2.848755598,1
143,1153,3.115731001,1.972253323,1
143,1185,2.059864521,1.474449635,1
143,1217,2.192976952,2.573219776,1
143,1249,1.634741783,3.744986296,1
143,1281,0.6552191973,4.350984573,1
143,1313,1.412789106,1.967766523,1
143,1345,2.855838776,1.702214718,1
143,1377,3.136854649,1.546936631,1
143,1409,1.566518188,2.563453674,1
143,1441,2.413308382,2.874568224,1
143,1473,4.001626492,1.063771963,1
143,1505,1.942492962,1.812035084,1
143,1537,0.7520836592,0.9858317375,1
143,1569,3.849282265,-0.7085338235,1
143,1601,0.3989193439,1.950623512,1
143,1633,-0.6324955225,3.944155216,1
143,1665,-1.909636378,3.146219969,1
143,1697,-2.043120146,4.003991604,1
143,1729,-2.554258823,2.787102222,1
143,1761,-2.834956884,2.38117981,1
143,1793,-2.267530918,2.915367126,1
143,1825,-1.906592965,2.959040403,1
143,1857,-2.06708169,2.569194317,1
143,1889,-2.000965118,3.433125734,1
143,1921,-1.820191979,2.872534275,1
143,1953,-1.49423039,1.218743563,1
143,1985,-2.69301486,-0.3690250814,1
143,2017,-1.821499586,-1.460515738,1
175,33,0.1345312893,0.1838733554,1
175,65,0.03439665586,0.1632860303,1
175,97,0.1356212795,0.4331328273,1
175,129,0.1018833518,0.1844397783,1
175,161,0.5879231691,-0.978669703,1
175,193,1.350787401,-0.9225884676,1
175,225,0.04937973619,-0.3272279501,1
175,257,-0.2845493257,-0.05984726548,1
175,289,-0.1231971383,-0.5588154793,1
175,321,-0.4233586192,0.2998729348,1
175,353,-0.974922359,0.5087125301,1
175,385,-1.068775177,0.01435090601,1
175,417,-0.4824465513,-0.2844116092,1
175,449,-0.3211956024,0.08038491011,1
175,481,-1.014943361,-0.04396730661,1
175,513,-1.503223658,-1.048926234,1
175,545,-1.671858788,-1.222208381,1
175,577,-0.4187458456,-0.8834475279,1
175,609,0.9730198383,0.1098537594,1
175,641,0.5934554338,1.205411911,1
175,673,0.1614031196,0.7632833719,1
175,705,0.3701961637,0.7645993233,1
175,737,0.2558963895,0.988984704,1
175,769,-0.5074325204,1.384594202,1
175,801,2.105863571,1.833399057,1
175,833,1.158082247,1.489601612,1
175,865,0.6620436907,1.406351089,1
175,897,1.146562576,1.454390168,1
175,929,1.133089781,1.709213495,1
175,961,1.828063965,0.6618804932,1
175,993,1.339532614,1.762775898,1
175,1025,0.955519557,1.731295586,1
175,1057,1.870015383,3.337377548,1
175,1089,2.355593204,3.627038002,1
175,1121,2.934433699,2.821295261,1
175,1153,1.885249615,1.345500708,1
175,1185,2.392689943,1.972529411,1
175,1217,3.026577234,2.337418318,1
175,1249,2.438055038,2.564270258,1
175,1281,1.307551146,2.501787424,1
175,1313,1.732560873,0.9502391815,1
175,1345,4.200354099,-0.2189441919,1
175,1377,2.919636965,0.9224495888,1
175,1409,1.610661864,1.959106565,1
175,1441,3.078347445,3.364996433,1
175,1473,0.8528549671,4.094477654,1
175,1505,-0.1120560169,2.753980637,1
175,1537,0.4226708114,1.262325644,1
175,1569,0.2940829396,0.774358511,1
175,1601,0.09266537428,1.884428144,1
175,1633,-0.9522864819,3.284491062,1
175,1665,-4.120681763,2.798917055,1
175,1697,-2.984932184,3.137692451,1
175,1729,-3.009595871,2.519282818,1
175,1761,-2.777344465,1.986974716,1
175,1793,-2.147495508,2.414043188,1
175,1825,-2.056290627,3.228945255,1
175,1857,-2.961059332,2.390296459,1
175,1889,-2.192652702,4.603931427,1
175,1921,-1.933917165,5.027754784,1
175,1953,-1.885681629,2.172560692,1
175,1985,-2.355080605,4.694120884,1
175,2017,-0.7780008316,-3.456794262,1
207,33,0.4989776015,0.0293558538,1
207,65,0.4810542762,0.162141934,1
207,97,0.2247082889,0.2688525319,1
207,129,-0.196320951,0.2930495739,1
207,161,-0.2627258301,0.1849057972,1
207,193,-0.1973633468,-0.4897139966,1
207,225,-0.2546661496,-0.4020324945,1
207,257,0.3012164831,0.1738440394,1
207,289,1.614908099,-0.6251111031,1
207,321,0.1641945839,-0.2901488245,1
207,353,-0.7008206844,0.2550580502,1
207,385,-0.7517339587,0.01407858729,1
207,417,-0.6254969835,-0.4996927977,1
207,449,-0.7622841001,-0.6614295244,1
207,481,-1.771829247,-0.8584551215,1
207,513,-1.939201117,-1.389071941,1
207,545,-1.533899546,-0.8831284046,1
207,577,-0.6594289541,-0.3112173676,1
207,609,0.4241857827,-0.02069441974,1
207,641,1.335401297,0.04529392719,1
207,673,0.874673605,0.1160782278,1
207,705,0.3644942045,0.4219744802,1
207,737,0.4502819777,0.5739352107,1
207,769,0.2756685615,0.592482388,1
207,801,0.8743848205,1.063886046,1
207,833,0.9796080589,1.492180943,1
207,865,0.7233222723,1.481307864,1
207,897,0.9882506132,1.25347805,1
207,929,0.9846807718,1.715408802,1
207,961,0.6062041521,2.448429108,1
207,993,0.6982083321,1.494996548,1
207,1025,0.803661108,1.059517622,1
207,1057,1.834924698,2.949944019,1
207,1089,2.210398674,3.39893508,1
207,1121,2.617587566,3.577094555,1
207,1153,3.022923946,3.162978649,1
207,1185,3.933445215,2.59976387,1
207,1217,4.322138786,2.777462482,1
207,1249,3.053920031,2.850022554,1
207,1281,2.625698566,1.85155344,1
207,1313,2.391643286,-0.01479810476,1
207,1345,2.593739033,-0.4476870298,1
207,1377,2.057583332,0.8110200763,1
207,1409,0.8688070774,1.787340045,1
207,1441,-0.5246944427,2.021400928,1
207,1473,-0.4762294888,2.812555313,1
207,1505,-0.08557605743,3.376009464,1
207,1537,0.1283504218,1.142805815,1
207,1569,-0.8054529428,1.038015842,1
207,1601,-0.5969309807,1.559833646,1
207,1633,-1.098647833,2.714611292,1
207,1665,-3.884004831,2.678683281,1
207,1697,-4.323537827,1.834762812,1
207,1729,-3.416818857,2.214759827,1
207,1761,-2.132782936,1.726055622,1
207,1793,-2.013828754,2.920955181,1
207,1825,-1.862138033,4.830825806,1
207,1857,-1.779480457,5.739544868,1
207,1889,-1.762480021,6.306909084,1
207,1921,-2.567911863,5.175649643,1
207,1953,-2.147535563,3.55963397,1
207,1985,-4.506010532,5.737289906,1
207,2017,-0.3891274929,-6.112000465,1
239,33,0.485758543,0.002712134272,1
239,65,0.6518477798,0.186018616,1
239,97,0.1226637363,0.3122954071,1
239,129,-0.4110942781,1.408810019,1
239,161,-0.672221005,0.4644274116,1
239,193,-1.044205427,-0.06602601707,1
239,225,-0.9845101833,-0.071102947,1
239,257,-0.02223104239,-0.2465650439,1
239,289,0.5763155222,-1.410437822,1
239,321,-1.105467081,-1.122224092,1
239,353,-1.065291286,-0.9411450624,1
239,385,-0.6729652882,-1.392405748,1
239,417,-1.253970623,-0.58361727,1
239,449,-1.280890942,-0.4323381484,1
239,481,-1.19449532,-0.6459456086,1
239,513,-1.110776305,-1.0043118,1
239,545,-1.06091404,-0.1775861382,1
239,577,-0.7740111351,0.3059837818,1
239,609,0.1268401742,0.3982355297,1
239,641,1.117964387,-0.1194411516,1
239,673,0.8446241021,-0.02647554874,1
239,705,0.3155501485,0.02314069867,1
239,737,0.534131825,0.1208361983,1
239,769,0.06947004795,0.2220191956,1
239,801,0.3334640861,0.6519551277,1
239,833,0.5889540911,1.671852708,1
239,865,0.3433642387,1.916416764,1
239,897,0.6945043206,1.55554688,1
239,929,0.9649034739,1.790037274,1
239,961,0.6173046231,2.481613636,1
239,993,0.4355733395,1.97805357,1
239,1025,0.3563278913,1.556017756,1
239,1057,1.935628653,2.709876537,1
239,1089,2.816435575,3.103893518,1
239,1121,3.401451111,4.388872147,1
239,1153,3.747913837,4.219479561,1
239,1185,4.538156986,3.934267521,1
239,1217,4.661385536,3.762008667,1
239,1249,4.170850754,3.698481321,1
239,1281,4.043329239,1.860509276,1
239,1313,2.993021727,-0.5852717161,1
239,1345,2.717008352,-0.05615791678,1
239,1377,2.569243193,1.024050236,1
239,1409,0.6534699202,1.76663959,1
239,1441,-0.2367107868,1.959418416,1
239,1473,-0.2371383309,1.653025031,1
239,1505,0.2694382966,2.012357473,1
239,1537,0.484293282,1.688167572,1
239,1569,-0.2462928891,1.434957147,1
239,1601,-0.975124836,2.124646425,1
239,1633,-1.652863741,2.957243919,1
239,1665,-3.970167875,3.38108778,1
239,1697,-3.464021206,3.359307051,1
239,1729,-1.904723167,2.539249897,1
239,1761,-1.489783049,3.191107512,1
239,1793,-1.726300359,4.007256508,1
239,1825,-2.240911484,4.664027691,1
239,1857,-2.438052893,5.293254852,1
239,1889,-2.244929075,5.905225754,1
239,1921,-3.019702673,5.622361183,1
239,1953,-3.761641264,4.726908684,1
239,1985,-0.3586497009,3.642384291,1
239,2017,5.176951408,-7.451836109,1
271,33,0.2128776312,-0.06294471025,1
271,65,0.3504437208,0.02922128513,1
271,97,0.4976423979,0.6123030782,1
271,129,0.04423454404,0.5174670815,1
271,161,-1.044728279,0.5085122585,1
271,193,-1.349471092,0.07254970074,1
271,225,-0.8076145649,-0.3736590743,1
271,257,-0.3394147158,-0.9628565907,1
271,289,-0.415419966,-2.068972588,1
271,321,-1.487248778,-1.955283165,1
271,353,-0.3714510202,-2.326412678,1
271,385,-0.1558792591,-2.765531063,1
271,417,-0.9683179259,-0.2743939459,1
271,449,-1.068528891,0.1183618009,1
271,481,-0.2861848474,-0.635522902,1
271,513,0.001413464546,-1.270164371,1
271,545,-0.3156603873,-0.2989080548,1
271,577,-0.412992537,0.2309580892,1
271,609,-0.193803668,1.012584329,1
271,641,0.9968705773,0.8911194801,1
271,673,1.016144991,0.02859245241,1
271,705,0.8838019967,-0.3131878674,1
271,737,0.5091319084,-0.05635088682,1
271,769,0.2841288447,0.5027840137,1
271,801,0.3764398694,1.145728588,1
271,833,0.2463694513,1.820316315,1
271,865,0.08308914304,1.53959322,1
271,897,0.3052594066,1.806975484,1
271,929,0.5911418796,2.077271938,1
271,961,0.8947408795,2.60469079,1
271,993,0.4451694489,2.189677,1
271,1025,-0.07188677788,1.289249897,1
271,1057,1.219280481,1.955419779,1
271,1089,2.64220047,3.162567616,1
271,1121,3.050193787,3.706685305,1
271,1153,3.594311476,4.670040607,1
271,1185,4.510649681,4.461935043,1
271,1217,4.462673664,4.142504692,1
271,1249,4.946979523,3.623167276,1
271,1281,4.329626083,1.858462214,1
271,1313,1.953464746,0.588124752,1
271,1345,3.171584606,0.6087750793,1
271,1377,3.18858552,1.071133852,1
271,1409,1.216268659,1.448350906,1
271,1441,0.5325739384,1.217148662,1
271,1473,-0.1944020391,1.030904174,1
271,1505,0.04414477944,1.42378366,1
271,1537,0.06618745625,1.703435421,1
271,1569,-0.2481811941,1.910010338,1
271,1601,-1.004826784,2.458380461,1
271,1633,-4.248600006,3.654553652,1
271,1665,-3.404212713,5.735135078,1
271,1697,-1.665184021,5.120776176,1
271,1729,-0.7827614546,4.742965221,1
271,1761,-0.2303481102,6.047412872,1
271,1793,-1.734182119,4.959029675,1
271,1825,-2.36612606,4.20717144,1
271,1857,-2.426784277,4.926709652,1
271,1889,-2.242968798,5.434224606,1
271,1921,-1.871784925,5.358878613,1
271,1953,-1.652196765,4.745925426,1
271,1985,-0.1710478067,17.78252983,1
271,2017,6.095364571,-7.522736073,1
303,33,0.016906932,-0.05685782433,1
303,65,0.0471085012,-0.3504778743,1
303,97,0.8553828597,-0.111927636,1
303,129,0.01147586107,0.4566101432,1
303,161,-0.964632988,0.4319062829,1
303,193,-1.976014376,-0.2718928158,1
303,225,-0.9369316101,-1.01218152,1
303,257,-0.4515256882,-1.479374409,1
303,289,-0.194583118,-2.393358707,1
303,321,-1.001048803,-1.628391266,1
303,353,-0.2194895744,-1.397278547,1
303,385,0.7102301717,-2.476169586,1
303,417,-0.1001778841,-0.04163402319,1
303,449,-0.6292452812,-0.5175320506,1
303,481,-0.7706213593,-1.241713524,1
303,513,-0.05221295357,-1.166391015,1
303,545,0.2432934791,-0.4601988196,1
303,577,0.002740949392,-0.5348336101,1
303,609,0.1652934104,0.9076043367,1
303,641,1.738098264,0.8777804971,1
303,673,0.9988104105,-0.2678193748,1
303,705,0.7135704756,-0.3622097969,1
303,737,0.7209982872,0.487357229,1
303,769,0.6408097744,1.081907988,1
303,801,0.4677694738,1.835137606,1
303,833,0.1244229078,1.833198071,1
303,865,0.3324853778,1.356478333,1
303,897,0.6006031036,1.398159027,1
303,929,0.6416727304,2.055719376,1
303,961,0.4048966169,2.955787897,1
303,993,0.2569729686,2.538653851,1
303,1025,-0.01852124929,0.914825201,1
303,1057,0.3362157345,0.9732382298,1
303,1089,2.097603559,3.202370882,1
303,1121,2.229837418,3.488458872,1
303,1153,2.958636999,4.354016304,1
303,1185,3.728020668,3.949985981,1
303,1217,4.204576492,2.791334391,1
303,1249,4.314673424,2.369613886,1
303,1281,3.090866804,1.213945627,1
303,1313,1.861345291,1.119223714,1
303,1345,2.17283988,1.005048752,1
303,1377,2.251824617,1.368000746,1
303,1409,2.649983883,1.751924276,1
303,1441,2.493252993,1.631368279,1
303,1473,0.4440473318,1.859531164,1
303,1505,0.1926546693,2.001950264,1
303,1537,-0.3002744317,1.69546032,1
303,1569,-0.7873982191,2.234967947,1
303,1601,-1.345302224,3.019768238,1
303,1633,-2.408006191,4.158842087,1
303,1665,-2.217940807,6.159234524,1
303,1697,-2.50237751,4.969667912,1
303,1729,-3.077160358,5.214957714,1
303,1761,-0.6346708536,5.530284882,1
303,1793,-1.847162008,4.051435471,1
303,1825,-2.498601198,4.877439499,1
303,1857,-2.620435953,5.0390172,1
303,1889,-1.842011929,5.312892437,1
303,1921,-0.6256194115,5.606132507,1
303,1953,-0.6638684273,5.763519287,1
303,1985,17.43574333,-3.675219536,1
303,2017,21.73596382,-7.885000229,1
335,33,0.155900836,-0.04023104906,1
335,65,0.253477335,-1.207671762,1
335,97,0.3592376709,-0.6051856279,1
335,129,-0.001316696405,0.154550612,1
335,161,-0.1079057455,0.5317554474,1
335,193,-0.182411015,-0.1099791676,1
335,225,-0.9719717503,-0.6657696962,1
335,257,-0.6866160035,-1.015411377,1
335,289,-0.01849234104,-0.770590961,1
335,321,-0.3303795457,-0.5215599537,1
335,353,0.04605460167,-0.3781276941,1
335,385,0.1812432408,-0.4533055425,1
335,417,-0.06582206488,0.1330047846,1
335,449,-0.1987671852,-0.8187158108,1
335,481,-0.9870834351,-1.818376064,1
335,513,-0.2470183074,-0.8670754433,1
335,545,0.08018136024,-0.3190698028,1
335,577,-0.1510446668,-0.6630903482,1
335,609,0.2795075178,1.232314706,1
335,641,1.497316122,0.7067131996,1
335,673,-0.2697917223,-0.2672863007,1
335,705,-0.07293987274,-0.07226724923,1
335,737,0.6655374169,0.2184521556,1
335,769,0.2849647701,1.250951409,1
335,801,0.3609611988,1.705729127,1
335,833,0.3282782435,1.50176537,1
335,865,1.050293803,1.272527218,1
335,897,1.664601564,1.554552555,1
335,929,1.830264211,1.929180861,1
335,961,1.150166035,3.008047104,1
335,993,1.260070086,2.611611128,1
335,1025,1.016499758,0.7620992661,1
335,1057,0.9026371241,1.330381155,1
335,1089,1.629435658,6.444440842,1
335,1121,1.914538383,3.566892385,1
335,1153,2.65486145,3.748857498,1
335,1185,3.040214539,2.844402075,1
335,1217,3.126788616,1.261996746,1
335,1249,4.279390335,-0.8385229111,1
335,1281,3.981970787,-0.2807767391,1
335,1313,2.665555,1.308947563,1
335,1345,1.098776102,-0.3543002605,1
335,1377,1.866999388,1.285071611,1
335,1409,2.626398563,2.20933485,1
335,1441,2.306090593,1.88854599,1
335,1473,0.6571388245,2.093854189,1
335,1505,0.1855597198,2.262709379,1
335,1537,-0.5357379317,1.300795078,1
335,1569,-1.191395998,2.39587307,1
335,1601,-1.525761843,5.649895668,1
335,1633,-2.046907902,4.714794159,1
335,1665,-2.636641026,5.48089695,1
335,1697,-2.945055246,4.971570969,1
335,1729,-3.302253485,4.352277279,1
335,1761,-2.55073595,5.054639816,1
335,1793,-2.027844429,4.780952454,1
335,1825,-2.312717438,5.36111927,1
335,1857,-2.894635677,5.605519295,1
335,1889,-2.206914186,5.907017231,1
335,1921,-1.894098997,6.357048988,1
335,1953,-2.608864784,7.538928509,1
335,1985,2.449155092,-9.24358654,1
335,2017,15.32061386,-8.599639893,1
367,33,0.05695597082,-0.01639121771,1
367,65,-0.06898319721,-1.491048336,1
367,97,0.1769885421,-1.060354948,1
367,129,0.1988480091,-0.6969588399,1
367,161,0.2279531509,-0.3084674478,1
367,193,0.1516525596,-0.3191353083,1
367,225,-0.3395048976,-0.3316574097,1
367,257,-0.002222463489,-0.7220109701,1
367,289,0.5450068116,-0.2379980087,1
367,321,0.9543244839,0.3665737808,1
367,353,0.9624017477,0.5598176122,1
367,385,0.6200856566,0.8972388506,1
367,417,0.2782830596,1.811750531,1
367,449,0.4700214267,-0.5850787759,1
367,481,0.2211622149,-1.734843969,1
367,513,-0.04196342826,-1.039831161,1
367,545,-0.1475831419,-0.2620620131,1
367,577,-0.2252285779,-0.6948259473,1
367,609,-0.3147678971,-0.2810254395,1
367,641,-0.4469483495,-0.6851685047,1
367,673,-0.4807824492,-0.2443474978,1
367,705,-0.3030924499,0.07377356291,1
367,737,-0.106542699,0.2122312188,1
367,769,0.1034792215,0.7263333201,1
367,801,0.5291963816,1.170836091,1
367,833,0.5873281956,0.8681178093,1
367,865,1.265164375,1.258971095,1
367,897,3.302051544,1.930794597,1
367,929,3.171563625,2.065933704,1
367,961,2.012867451,2.461985588,1
367,993,1.6606071,2.451034546,1
367,1025,1.70879817,1.630156517,1
367,1057,1.022424459,2.361303091,1
367,1089,0.3321756124,3.184818268,1
367,1121,1.25949502,3.532119751,1
367,1153,2.393486023,3.507940054,1
367,1185,4.463698387,3.044654131,1
367,1217,6.076525688,2.945515871,1
367,1249,2.971853018,-3.080648422,1
367,1281,4.13803339,-0.1486268044,1
367,1313,0.8811349869,1.332690835,1
367,1345,3.496485949,1.245847344,1
367,1377,2.435195208,1.508921266,1
367,1409,1.947399497,1.723925352,1
367,1441,1.287702799,1.967759371,1
367,1473,0.2484248877,1.860336781,1
367,1505,0.03672815859,2.002961159,1
367,1537,-0.9449514151,2.151796818,1
367,1569,-2.126024723,3.13796258,1
367,1601,-2.649575233,5.601784706,1
367,1633,-2.779057026,5.894712925,1
367,1665,-3.156557083,5.91028738,1
367,1697,-2.879354715,4.598427773,1
367,1729,-2.663479328,3.892060757,1
367,1761,-3.30022645,5.420471668,1
367,1793,-2.061225891,5.609279156,1
367,1825,-1.994132996,5.879102707,1
367,1857,-2.129566431,5.780260086,1
367,1889,-1.878413677,6.123691082,1
367,1921,-1.476545095,7.399386883,1
367,1953,-2.358542204,8.32313633,1
367,1985,-1.191130042,7.03532362,1
367,2017,-2.708094597,-7.469880104,1
399,33,-0.08118224144,0.2387988865,1
399,65,-0.2315143645,-1.247027755,1
399,97,0.2498423904,-1.203136206,1
399,129,0.4807904363,-1.232997537,1
399,161,0.1360252649,-1.285694242,1
399,193,-0.2578554749,-0.9036355019,1
399,225,-0.1010484099,-0.2731163502,1
399,257,0.6919056773,0.03204315901,1
399,289,1.003151417,0.1265136898,1
399,321,1.499959946,0.9643987417,1
399,353,2.078205109,1.402017593,1
399,385,0.9960870743,1.372672915,1
399,417,0.4394558668,1.294002533,1
399,449,0.3951812983,-0.4737940431,1
399,481,0.01009084284,-0.9938480854,1
399,513,-0.632790029,-1.01712966,1
399,545,-0.8360414505,-0.01924774051,1
399,577,-0.9928549528,1.0278368,1
399,609,-1.111822128,-0.127908498,1
399,641,-0.4539673328,-0.8324512243,1
399,673,-0.9775921106,0.04959824681,1
399,705,-1.055130959,0.5042070746,1
399,737,-0.9623736739,0.4286596775,1
399,769,-0.9827805758,-0.3064032793,1
399,801,-0.4121749401,-0.1403223276,1
399,833,0.4748637676,0.7115426064,1
399,865,1.075474143,1.189552069,1
399,897,2.256660461,1.559431911,1
399,929,3.256333351,1.767410755,1
399,961,2.405062199,2.062398911,1
399,993,1.247421384,2.422698021,1
399,1025,1.357637525,2.582050562,1
399,1057,0.9744794369,2.927088976,1
399,1089,1.188389182,3.037317753,1
399,1121,2.145043135,2.559954643,1
399,1153,2.216256618,2.322478056,1
399,1185,7.449155331,4.384303093,1
399,1217,6.6587677,2.112107992,1
399,1249,6.798784256,1.645224929,1
399,1281,5.466810226,1.467104912,1
399,1313,3.665700912,1.317473531,1
399,1345,2.713027477,1.439548612,1
399,1377,2.512067795,1.531960726,1
399,1409,1.829019666,1.66585505,1
399,1441,0.992636919,1.785586119,1
399,1473,0.4018908143,1.199804068,1
399,1505,-0.3864140511,2.562455177,1
399,1537,-1.127493739,3.619068146,1
399,1569,-1.77543664,4.35103941,1
399,1601,-2.226000309,5.183316231,1
399,1633,-2.34958744,5.777593613,1
399,1665,-2.645106554,6.070817471,1
399,1697,-3.990945339,5.513881207,1
399,1729,-3.199636459,5.206353188,1
399,1761,-1.616374731,5.855016232,1
399,1793,-1.942503452,6.078525543,1
399,1825,-2.116455317,6.479827404,1
399,1857,-2.145976305,6.34057045,1
399,1889,-1.770586252,9.89601326,1
399,1921,-0.679551363,9.550395012,1
399,1953,-0.883908391,10.01585388,1
399,1985,-0.7835072279,9.007056236,1
399,2017,7.668144703,-5.077244759,1
431,33,-0.277933538,0.467259407,1
431,65,0.05627918243,0.00600707531,1
431,97,1.465189457,-0.7416104078,1
431,129,0.1570837349,-1.824005008,1
431,161,-0.2270844579,-1.584808588,1
431,193,-0.02032274008,-1.34265101,1
431,225,0.2947756946,-0.4346920252,1
431,257,1.035189867,0.4897877276,1
431,289,1.169940233,0.107029438,1
431,321,2.114732742,0.09120258689,1
431,353,1.912815213,1.106678247,1
431,385,0.8332471848,0.8941664696,1
431,417,0.2285983562,0.7295212746,1
431,449,-0.2132354677,-0.0131727308,1
431,481,-0.1239264458,-0.2019617558,1
431,513,-0.2987983227,0.00206181407,1
431,545,-0.8265624642,0.1877588034,1
431,577,-1.507930994,1.241689086,1
431,609,-1.308588743,0.6605627537,1
431,641,-0.5592716336,-0.06051343679,1
431,673,-1.603645802,0.642724216,1
431,705,-2.040158749,1.085845351,1
431,737,-1.519765496,0.6566838622,1
431,769,-1.783017039,-1.286335468,1
431,801,-1.120317698,-0.2203003168,1
431,833,-0.3871580362,1.372760892,1
431,865,0.5743535757,1.034559608,1
431,897,1.233115673,1.095116377,1
431,929,2.291901588,1.999690294,1
431,961,2.055335283,2.338731527,1
431,993,1.220071554,2.925520658,1
431,1025,0.8343379498,3.065052986,1
431,1057,1.147847056,3.184829235,1
431,1089,2.269390345,2.885249376,1
431,1121,3.712931871,2.194540977,1
431,1153,3.369377136,2.404648066,1
431,1185,-15.57420826,-6.133044243,1
431,1217,6.181615829,1.972175837,1
431,1249,6.201721191,1.515447378,1
431,1281,2.747906208,0.9505363703,1
431,1313,4.054010391,1.12291944,1
431,1345,2.274582148,0.7357348204,1
431,1377,1.697250247,1.336445332,1
431,1409,1.497617245,1.736273766,1
431,1441,1.195206642,1.630452633,1
431,1473,0.476543963,0.6206080914,1
431,1505,-0.1495145559,2.354614258,1
431,1537,-0.8661162853,3.796308994,1
431,1569,-1.313739657,4.369847775,1
431,1601,-2.566006899,4.896547318,1
431,1633,-2.815252066,5.66302681,1
431,1665,-1.025269032,6.034486294,1
431,1697,-0.63770473,6.532768726,1
431,1729,-1.861313581,5.736932278,1
431,1761,-1.671954155,5.634567738,1
431,1793,-2.055348396,5.66711998,1
431,1825,-2.104282856,6.394357204,1
431,1857,-1.559056401,8.271723747,1
431,1889,0.06822633743,8.55575943,1
431,1921,0.3178579807,8.677455902,1
431,1953,-0.1540696621,13.17786026,1
431,1985,-1.518221855,11.1225605,1
431,2017,11.86212444,-5.891189575,1
463,33,-0.02162575722,0.5264110565,1
463,65,0.1174615622,0.5613404512,1
463,97,0.1062654257,-0.4841774106,1
463,129,-0.06542678177,-1.700456142,1
463,161,0.2038094401,-1.619848728,1
463,193,0.5664047599,-1.204052806,1
463,225,0.6656204462,-0.9139490128,1
463,257,0.5571366549,-0.8035757542,1
463,289,0.6894185543,-0.5915594101,1
463,321,1.386674881,-0.5935741067,1
463,353,1.377208471,-0.5940825939,1
463,385,0.5512474179,-0.8329681158,1
463,417,1.359615207,0.04023692012,1
463,449,0.6184080243,0.07194767892,1
463,481,0.5379674435,0.5616110563,1
463,513,0.2683708668,0.4883751869,1
463,545,-0.2999635935,0.3747314811,1
463,577,-0.5404368043,0.6796144247,1
463,609,-1.071557403,0.8784531951,1
463,641,-0.6271188855,1.338598371,1
463,673,-0.351511538,1.530147314,1
463,705,-0.9202839136,0.8593387604,1
463,737,-1.739105582,0.3384312391,1
463,769,-1.878049731,-0.747595787,1
463,801,-3.496000767,0.9127153754,1
463,833,-3.346018076,2.603090286,1
463,865,-0.5033943653,2.709185839,1
463,897,0.6459211111,2.763866901,1
463,929,1.540631294,3.26680994,1
463,961,1.621031165,3.23140645,1
463,993,1.692735791,3.12134409,1
463,1025,2.156757593,3.046483994,1
463,1057,2.806412697,3.456109524,1
463,1089,2.879172325,2.840921402,1
463,1121,3.022119045,2.878855705,1
463,1153,3.989115,2.47795701,1
463,1185,0.5918345451,0.6896936893,1
463,1217,0.4239549637,0.3703507185,1
463,1249,0.9249475002,0.5281304121,1
463,1281,1.079636097,0.4175671339,1
463,1313,2.395087242,1.302119374,1
463,1345,1.786591768,0.02373754978,1
463,1377,1.103766084,1.325129271,1
463,1409,0.5140440464,1.194569826,1
463,1441,0.7141462564,1.739963293,1
463,1473,0.006843328476,0.3195698261,1
463,1505,-0.04348302633,0.7248036861,1
463,1537,-0.3482421637,3.396272898,1
463,1569,-0.9474226236,3.600436211,1
463,1601,-1.626381874,3.967024326,1
463,1633,-2.446545601,5.186396599,1
463,1665,-1.398162007,5.769248962,1
463,1697,-1.206250906,6.110941887,1
463,1729,-1.576360583,6.128637314,1
463,1761,-1.802662611,5.8048172,1
463,1793,-2.119751453,5.607684135,1
463,1825,-1.836871862,6.132584572,1
463,1857,-1.718943119,8.794625282,1
463,1889,-0.6726589203,9.172642708,1
463,1921,-1.676542044,9.030294418,1
463,1953,-1.624891758,9.793779373,1
463,1985,-1.054665565,10.14895916,1
463,2017,12.60075188,-9.220344543,1
495,33,0.07820296288,0.5197232962,1
495,65,-0.6364778876,0.3765770197,1
495,97,-0.8041862249,-0.0007224082947,1
495,129,-0.2788054943,0.1019877791,1
495,161,0.6486850381,-0.0988445282,1
495,193,1.341324568,-0.3849748969,1
495,225,1.09494257,-0.5457824469,1
495,257,0.9064251781,-0.9565563202,1
495,289,0.2888740897,-1.051469326,1
495,321,0.3935542107,-0.853646636,1
495,353,0.6224710941,-1.744948149,1
495,385,0.5721260905,-2.245487452,1
495,417,0.8401422501,-0.8817306757,1
495,449,0.7773602605,-0.442925334,1
495,481,0.5784822106,0.1294956505,1
495,513,-0.1243526265,0.195551157,1
495,545,-0.4593983889,0.3273437321,1
495,577,-0.3714515567,0.4989421666,1
495,609,-0.8943082094,0.7092759013,1
495,641,-0.827973485,1.364494681,1
495,673,0.05636227131,2.386087656,1
495,705,-0.2364053726,1.50107789,1
495,737,-1.983594179,-0.2125499249,1
495,769,-1.555496335,-0.6938947439,1
495,801,-1.805029869,0.2074865103,1
495,833,-1.903749943,1.838636279,1
495,865,-0.1415561587,3.653830767,1
495,897,0.4266656339,3.71170187,1
495,929,0.6868699789,3.673434734,1
495,961,1.301364899,3.642034054,1
495,993,2.20181632,3.259564161,1
495,1025,3.576179981,3.064328671,1
495,1057,4.413825512,3.039736986,1
495,1089,4.415610313,2.896238804,1
495,1121,3.751143456,3.08138752,1
495,1153,0.5796654224,2.421405554,1
495,1185,0.2008593082,0.5548903942,1
495,1217,1.070744753,-0.05616259575,1
495,1249,0.4283083677,-0.5962615013,1
495,1281,0.6525297165,-0.5349581242,1
495,1313,2.12878108,1.778874397,1
495,1345,1.336628556,0.9958065748,1
495,1377,0.6241384745,1.56965816,1
495,1409,-0.4645504355,1.240907669,1
495,1441,-0.3767439425,1.137006283,1
495,1473,-0.5728545189,0.2715966702,1
495,1505,-0.2407630682,0.6246507168,1
495,1537,-0.1520673633,1.06920886,1
495,1569,-0.5601835251,3.299182892,1
495,1601,-0.9519785643,4.319616318,1
495,1633,-1.568460464,5.789309502,1
495,1665,-1.707525969,6.093389034,1
495,1697,-1.374913096,6.308856487,1
495,1729,-1.4607234,6.696816444,1
495,1761,-1.864204764,6.64245224,1
495,1793,-1.71248126,6.487994194,1
495,1825,-1.446783304,7.401584148,1
495,1857,-3.862033844,7.747678757,1
495,1889,-3.894424438,8.741997719,1
495,1921,-2.981468439,10.01579952,1
495,1953,-2.219287395,8.096261024,1
495,1985,-0.1221577674,9.319878578,1
495,2017,13.17236233,-10.13439274,1
527,33,-1.002384543,0.5192573667,1
527,65,-1.90845716,0.6366711855,1
527,97,-1.881916523,0.3616073728,1
527,129,-0.7761974335,0.7474899292,1
527,161,0.08478753269,0.7696448565,1
527,193,0.2885863483,0.1227812767,1
527,225,0.3106043339,-0.1309297383,1
527,257,0.5806907415,-0.2796028554,1
527,289,0.8841266036,-0.3102936149,1
527,321,0.6157208681,-0.4618652165,1
527,353,0.3450852036,-0.4827544689,1
527,385,0.7343448997,-0.8283531666,1
527,417,0.2464426756,-0.8473231792,1
527,449,0.06557837129,-0.4645309448,1
527,481,-0.07843002677,-0.1907284856,1
527,513,-0.6976646185,-0.01331357658,1
527,545,-0.5937882662,0.2030097246,1
527,577,-0.4903979897,0.09940648079,1
527,609,-0.6584704518,0.3643557429,1
527,641,-1.00163126,1.004748106,1
527,673,-0.6855381727,2.020664454,1
527,705,-0.8863226175,3.042532921,1
527,737,-1.666596413,2.427501917,1
527,769,-0.3356060982,0.5499587059,1
527,801,0.04017871618,0.3988099098,1
527,833,-0.7277339697,1.765334606,1
527,865,0.0007828474045,3.045618057,1
527,897,0.3687945008,3.334301233,1
527,929,0.1904152632,3.03157568,1
527,961,1.042969227,3.339438915,1
527,993,2.120798588,4.696427345,1
527,1025,3.269963503,3.080765009,1
527,1057,5.598481178,2.388542652,1
527,1089,5.3940382,1.898197651,1
527,1121,3.504328251,1.943116307,1
527,1153,-0.2705430984,1.787425399,1
527,1185,-1.935712814,2.676596642,1
527,1217,-0.4207954407,0.1017192602,1
527,1249,0.03428137302,-0.7097488642,1
527,1281,0.8638759851,-0.06886470318,1
527,1313,4.002551079,2.37262702,1
527,1345,3.00844717,2.418012381,1
527,1377,0.118468523,1.945257425,1
527,1409,-0.5064264536,1.29396677,1
527,1441,-0.984218955,1.079006672,1
527,1473,-1.006177902,0.7662374973,1
527,1505,-3.699738503,2.592256546,1
527,1537,-1.321339369,4.962100029,1
527,1569,-0.5888575315,5.356389999,1
527,1601,-0.6016050577,6.02409935,1
527,1633,-0.5847151279,8.325884819,1
527,1665,-1.24541378,6.556350231,1
527,1697,-1.789407611,6.406940937,1
527,1729,-2.444543362,6.978407383,1
527,1761,-2.765954256,7.132063866,1
527,1793,-1.699053526,6.776776314,1
527,1825,-2.712750912,9.02486515,1
527,1857,-4.687656879,9.235645294,1
527,1889,-4.153662682,8.908107758,1
527,1921,-2.784858227,10.09485245,1
527,1953,-3.319645405,7.709471703,1
527,1985,-1.317414045,3.960534096,1
527,2017,17.50907135,-7.440436363,1
559,33,-0.7308603525,0.5370818377,1
559,65,-0.8695831895,0.1097723991,1
559,97,-1.26765728,0.1129329056,1
559,129,-0.7659180164,0.663132906,1
559,161,0.02817474306,0.2880177498,1
559,193,0.4421701133,0.4548383951,1
559,225,0.5262767076,0.05810360983,1
559,257,0.6929986477,-0.5360159874,1
559,289,1.116567016,-0.5459020138,1
559,321,1.137526751,-0.679219842,1
559,353,0.7561255693,-0.6350906491,1
559,385,1.12273562,-0.6974171996,1
559,417,0.7075449228,-0.6603013277,1
559,449,0.05285441875,-0.2675352991,1
559,481,-0.2179207802,-0.3211050034,1
559,513,-0.8661931753,-0.2491337657,1
559,545,-0.8446612358,0.08293026686,1
559,577,-0.5459807515,0.915179193,1
559,609,-0.4817319512,0.483518064,1
559,641,-0.854590714,0.1922128797,1
559,673,-1.229509711,1.240099549,1
559,705,-1.218590856,2.715949297,1
559,737,-0.7929358482,2.489001274,1
559,769,0.05620974302,2.311977625,1
559,801,-0.109513998,1.864323378,1
559,833,-0.00299847126,2.283832073,1
559,865,0.1990000606,3.115422964,1
559,897,0.09791195393,3.328917027,1
559,929,0.2325801849,3.002581596,1
559,961,0.6638631821,3.165450335,1
559,993,1.888316631,7.629524708,1
559,1025,3.14909029,7.68956089,1
559,1057,5.158650398,1.855312824,1
559,1089,5.980311871,0.9975017309,1
559,1121,5.965444088,1.05174911,1
559,1153,4.612454891,1.244137168,1
559,1185,-0.3909966946,1.565217257,1
559,1217,-2.117782354,2.287035465,1
559,1249,0.5415303111,0.1065160036,1
559,1281,1.208021402,0.9663691521,1
559,1313,1.360535979,3.362330675,1
559,1345,1.277208924,3.558775902,1
559,1377,0.405926466,2.270698071,1
559,1409,0.02785545588,0.3379788399,1
559,1441,-6.140020847,4.371932507,1
559,1473,-5.57577467,5.180404663,1
559,1505,-1.07536459,3.20802021,1
559,1537,19.38118935,4.518339157,1
559,1569,-0.1449016929,5.603175163,1
559,1601,-0.1778688431,6.224452019,1
559,1633,0.2083488703,6.702773571,1
559,1665,-0.9645745754,7.489527225,1
559,1697,-2.419205189,6.832658291,1
559,1729,-2.806218863,6.973347664,1
559,1761,-2.792613983,7.869105339,1
559,1793,-2.785868168,9.340242386,1
559,1825,-4.262310028,10.81733894,1
559,1857,-5.213036537,11.25984669,1
559,1889,-2.260664225,11.14342785,1
559,1921,-1.905678749,10.82403946,1
559,1953,-3.261826515,9.78174305,1
559,1985,0.2511047721,8.181280136,1
559,2017,1.968263268,-4.280396461,1
591,33,0.2588791251,0.4605228901,1
591,65,0.5253270268,-0.3087619245,1
591,97,0.3511483371,-0.2315244824,1
591,129,0.1511714906,-0.02940952778,1
591,161,0.106315203,0.02335631847,1
591,193,0.465064317,0.7330365777,1
591,225,1.133044004,0.4316776395,1
591,257,0.7726163864,-0.7569943666,1
591,289,1.595657706,-0.8991509676,1
591,321,1.386931419,-0.785638988,1
591,353,0.9010041952,-0.7645546794,1
591,385,1.310958743,-0.6395263672,1
591,417,1.273987412,-0.7860330343,1
591,449,0.7508977652,-0.715133965,1
591,481,-0.1430340707,-0.2685895264,1
591,513,-0.007631085813,-0.2134541869,1
591,545,-0.1417157948,0.2303361893,1
591,577,-0.8048665524,1.238051653,1
591,609,-1.33911252,0.5047616363,1
591,641,-1.875710964,-0.8343726397,1
591,673,-1.056809425,0.5925716162,1
591,705,-1.193339109,1.330742955,1
591,737,-0.7315413952,1.044520855,1
591,769,-0.7732752562,1.506765962,1
591,801,-1.316807747,2.49617672,1
591,833,-1.870427608,2.910752058,1
591,865,-0.7206778526,3.58136344,1
591,897,-0.06892625988,4.064516068,1
591,929,0.02490609884,3.864644051,1
591,961,0.4208730459,3.954233646,1
591,993,6.060154915,19.0531826,1
591,1025,6.243384361,6.949557304,1
591,1057,4.563872814,1.974008799,1
591,1089,5.758403301,0.9654414654,1
591,1121,5.764155388,0.257994175,1
591,1153,4.738594055,0.6993766427,1
591,1185,0.9021959305,0.3120092154,1
591,1217,0.1591717005,0.4552274346,1
591,1249,0.974642992,1.383569598,1
591,1281,1.293503523,1.331080198,1
591,1313,1.64766407,3.949666023,1
591,1345,2.032239437,4.210635185,1
591,1377,0.8348171711,2.250925541,1
591,1409,0.5811398029,-0.009984612465,1
591,1441,0.2283449769,0.5216095448,1
591,1473,-11.31390381,-12.66343594,1
591,1505,-0.01306384802,2.391915798,1
591,1537,0.3237447143,4.712221146,1
591,1569,0.1151135564,5.607701778,1
591,1601,-0.4373912215,6.187240601,1
591,1633,-0.8254951239,6.56724596,1
591,1665,-1.639897704,7.091388226,1
591,1697,-2.838258028,8.180574417,1
591,1729,-2.461541414,8.728834152,1
591,1761,-2.243616581,9.70628643,1
591,1793,-2.529345036,11.13074875,1
591,1825,-4.480886459,10.90806007,1
591,1857,-4.217562199,10.4526968,1
591,1889,0.3112353086,12.48886967,1
591,1921,-0.08476066589,12.17382431,1
591,1953,0.4077836275,12.7875843,1
591,1985,2.978232861,9.895573616,1
591,2017,-19.78987885,-3.750440598,1
623,33,0.4971218109,0.3385004997,1
623,65,0.9298682213,-0.06420583278,1
623,97,0.895133853,-0.243114531,1
623,129,0.2151885629,-0.5290675163,1
623,161,0.05773821473,-0.02144597471,1
623,193,0.2492906451,0.6455634832,1
623,225,0.9846639633,0.1190538108,1
623,257,1.080304384,-0.9288996458,1
623,289,1.498353124,-0.832755208,1
623,321,1.187771559,-0.6558337808,1
623,353,0.8115575314,-0.6563408971,1
623,385,1.879307628,-0.4752460718,1
623,417,1.594391823,-0.7279850245,1
623,449,0.5580218434,-1.349114418,1
623,481,0.1772994995,0.04913415015,1
623,513,0.4735579193,0.2843271494,1
623,545,-0.1408709288,0.193733722,1
623,577,-0.9257448912,0.5097381473,1
623,609,-1.754137516,-0.03961929679,1
623,641,-1.550755978,-0.793503046,1
623,673,-0.6224992871,-0.09416681528,1
623,705,-1.741129756,-1.169563055,1
623,737,-1.931760192,-0.6892267466,1
623,769,-1.675624371,1.49294591,1
623,801,-1.452299356,3.02538228,1
623,833,-1.079322577,3.752151251,1
623,865,-0.771030128,4.12266016,1
623,897,-0.4289575219,5.008699894,1
623,929,0.06213444471,4.158527374,1
623,961,0.3608400226,1.332872629,1
623,993,3.0120368,7.138418198,1
623,1025,-1.689943552,-10.93144608,1
623,1057,8.903972626,-13.90841198,1
623,1089,4.56415081,1.339112878,1
623,1121,4.696411133,0.7426617742,1
623,1153,3.820078135,0.5039947033,1
623,1185,2.515654564,0.4123134613,1
623,1217,0.3887476921,-0.2455929518,1
623,1249,1.518572569,1.07947731,1
623,1281,2.031537533,0.9908137321,1
623,1313,2.574174643,3.970885515,1
623,1345,2.780481815,3.989477396,1
623,1377,2.387607574,2.228964806,1
623,1409,1.714794636,1.866333961,1
623,1441,0.4241702557,0.7036571503,1
623,1473,-0.280536294,0.6082446575,1
623,1505,0.54288131,4.313737392,1
623,1537,0.572308898,5.116205692,1
623,1569,0.2772629261,5.867274761,1
623,1601,-0.5445545316,6.514768124,1
623,1633,-1.520635366,6.919003963,1
623,1665,-2.51513195,7.093954563,1
623,1697,-2.550989389,7.837253094,1
623,1729,-1.878183842,9.623038292,1
623,1761,-1.252663136,10.37918949,1
623,1793,-2.057280302,10.54480743,1
623,1825,-1.432562828,11.15136242,1
623,1857,0.8943274021,10.47121906,1
623,1889,-0.01728209853,11.75219822,1
623,1921,0.5322480202,12.422225,1
623,1953,1.71429348,14.19517422,1
623,1985,1.953644037,10.55367661,1
623,2017,13.74012566,-7.212946892,1
655,33,0.9968627691,0.281699419,1
655,65,1.230411053,0.1332131475,1
655,97,0.6454616785,-0.11132209,1
655,129,-0.2025117874,0.1072857082,1
655,161,-0.05300271511,0.52507025,1
655,193,0.02304708958,0.1122305691,1
655,225,0.9670027494,0.06220018864,1
655,257,1.928043127,-0.7621743679,1
655,289,0.9564887881,-0.0973649025,1
655,321,0.6427292824,-0.05649352074,1
655,353,0.8589245081,-0.2984961867,1
655,385,1.393620253,-0.3356755972,1
655,417,1.480265856,-0.6413990259,1
655,449,1.263650537,-1.01900351,1
655,481,0.9020392895,-0.007356330752,1
655,513,0.7523233891,-0.1110333949,1
655,545,0.4536512494,-0.03406965733,1
655,577,0.01911199093,0.5428109765,1
655,609,-0.2843914032,-0.7369915247,1
655,641,-0.4017296433,-1.226335526,1
655,673,-0.2587732971,-0.4501438141,1
655,705,-1.644555569,-2.125362396,1
655,737,-1.98015976,-0.6569814682,1
655,769,-1.414955139,1.637765765,1
655,801,-0.8584110737,2.965289593,1
655,833,-0.9369106889,3.479570627,1
655,865,-1.334207773,4.405440331,1
655,897,-0.8243939281,4.873616219,1
655,929,-7.88236475,-3.89561367,1
655,961,-9.658941269,2.659915447,1
655,993,-14.65255356,5.373385429,1
655,1025,6.655323029,8.786715508,1
655,1057,7.23881197,6.714614391,1
655,1089,15.79007339,4.891618729,1
655,1121,2.532029867,0.8425995111,1
655,1153,2.040206909,0.6454162598,1
655,1185,1.893211246,0.7934406996,1
655,1217,1.589437604,1.644176006,1
655,1249,1.684412956,1.124150038,1
655,1281,2.142020226,1.116748333,1
655,1313,2.898327827,2.299206257,1
655,1345,3.288000822,2.807893753,1
655,1377,2.672460556,2.531204224,1
655,1409,2.435397148,2.58732605,1
655,1441,1.689773083,2.940961123,1
655,1473,0.6393427849,1.699689388,1
655,1505,0.3733219504,4.825156689,1
655,1537,0.3094738722,5.974178314,1
655,1569,-0.03208518028,6.695676804,1
655,1601,1.206775904,7.085682392,1
655,1633,-1.639300585,8.71830368,1
655,1665,-2.270770311,8.047637939,1
655,1697,-2.834828615,7.973814011,1
655,1729,-3.719367027,8.839746475,1
655,1761,-3.333232403,9.301949501,1
655,1793,-2.701479435,9.237030983,1
655,1825,-1.640038729,9.344087601,1
655,1857,-0.2832237482,9.324656487,1
655,1889,-0.6930927634,11.28464699,1
655,1921,-0.01450800896,12.57521725,1
655,1953,1.822897911,12.3330698,1
655,1985,2.338780165,9.039054871,1
655,2017,15.94893456,-12.32169056,1
687,33,1.484638691,-0.04552385211,1
687,65,1.372508883,-0.368524909,1
687,97,1.214733243,-0.2885656357,1
687,129,1.259960532,-0.6504535675,1
687,161,0.8903614283,-1.012531757,1
687,193,0.8976294994,-0.1131279469,1
687,225,1.845033884,0.5990736485,1
687,257,1.673057795,-0.344306767,1
687,289,0.3862768412,-0.2937586904,1
687,321,0.5209672451,-0.0425388217,1
687,353,0.9249608517,-0.2300827503,1
687,385,1.067279577,-0.5161871314,1
687,417,1.378553867,-0.7043485045,1
687,449,1.363448143,-0.7015375495,1
687,481,0.879309535,-0.4711123705,1
687,513,0.7235007286,0.08510381728,1
687,545,0.6001701355,0.6149561405,1
687,577,0.1002652645,0.5906236172,1
687,609,-0.6486287117,0.5025459528,1
687,641,-0.443383038,-0.4032456875,1
687,673,0.2921132147,-0.5780291557,1
687,705,1.269494772,-0.7964563966,1
687,737,0.7126988173,-0.7664217353,1
687,769,0.4925563931,1.378929377,1
687,801,0.619792223,2.577270508,1
687,833,-0.8857424259,2.835555315,1
687,865,-1.828118563,3.871785164,1
687,897,-2.263656378,4.649258137,1
687,929,-0.5233411193,5.157470226,1
687,961,-0.07086127996,5.894416332,1
687,993,0.6489902139,3.470425844,1
687,1025,5.101660728,6.435237885,1
687,1057,5.369564056,5.520685673,1
687,1089,10.93981171,7.529109001,1
687,1121,0.6975178719,0.7150759101,1
687,1153,0.7776095867,1.067444563,1
687,1185,0.9248205423,1.601476669,1
687,1217,1.340351582,2.019390583,1
687,1249,1.783376575,1.817514062,1
687,1281,1.758993268,2.007405043,1
687,1313,1.961102247,2.473487616,1
687,1345,2.154980183,2.656260729,1
687,1377,2.069177389,2.675391197,1
687,1409,1.89487648,2.893240452,1
687,1441,1.427723646,3.505903482,1
687,1473,0.8755375743,4.154262066,1
687,1505,0.6339149475,5.142863274,1
687,1537,0.1142929494,9.175032616,1
687,1569,1.189118862,10.08247185,1
687,1601,0.9938111305,9.35990715,1
687,1633,-0.4785168171,9.946548462,1
687,1665,-2.361480713,7.894666672,1
687,1697,-3.488456964,7.813481331,1
687,1729,-4.283209801,8.917547226,1
687,1761,-3.709556818,9.594446182,1
687,1793,-3.280329466,8.485423088,1
687,1825,-2.907217741,6.775540352,1
687,1857,-2.21438241,8.338993073,1
687,1889,-1.948691845,10.65085793,1
687,1921,-0.5515434742,12.41408157,1
687,1953,1.512716532,10.20008087,1
687,1985,3.21912694,4.041674137,1
687,2017,3.981556892,-15.07868481,1
719,33,0.9507290125,-0.2075728476,1
719,65,1.424253941,-0.156097129,1
719,97,2.044403076,-0.3919241428,1
719,129,1.884724259,-1.782976627,1
719,161,1.832211971,-2.620761156,1
719,193,1.650783062,-1.27062583,1
719,225,2.48556757,-1.305421352,1
719,257,2.031924248,-1.254602075,1
719,289,1.085979462,-1.462114811,1
719,321,1.290421724,-0.9801108837,1
719,353,1.217182875,-0.8483297825,1
719,385,1.404526949,-1.083028078,1
719,417,1.622204423,-0.9300358295,1
719,449,1.212174296,-0.800840795,1
719,481,0.7906244993,-0.6744823456,1
719,513,-0.03767001629,0.5293803215,1
719,545,-0.5965713263,0.5604708791,1
719,577,-0.6139553189,0.2637312114,1
719,609,-1.025226712,0.5767025948,1
719,641,-0.655979991,-0.04006449878,1
719,673,0.330634743,-0.3976578712,1
719,705,1.534358501,-0.1947689056,1
719,737,0.4353567362,-0.5082483292,1
719,769,-0.210362494,1.009772658,1
719,801,0.1760410666,1.557821035,1
719,833,-0.6528811455,2.056963205,1
719,865,-2.748346806,3.611679077,1
719,897,-1.507288218,4.628869534,1
719,929,-0.1611266136,4.900014877,1
719,961,0.6920915246,6.019279003,1
719,993,0.981734395,4.271632671,1
719,1025,3.034321785,6.599414825,1
719,1057,3.929786444,5.927900791,1
719,1089,4.972318649,10.24981403,1
719,1121,0.4305291176,0.7455735207,1
719,1153,0.366543293,1.326183081,1
719,1185,0.7845075727,2.734217405,1
719,1217,1.033717513,2.082282543,1
719,1249,1.775579214,2.269640684,1
719,1281,2.466239929,2.276018381,1
719,1313,1.794494987,2.546276808,1
719,1345,0.3244358301,2.701390743,1
719,1377,-0.3530843258,2.886368513,1
719,1409,-1.008559465,1.014660597,1
719,1441,0.6520758271,4.21512413,1
719,1473,0.4862188697,4.521347046,1
719,1505,0.2510926723,5.157065392,1
719,1537,3.734496593,11.54873657,1
719,1569,12.10143375,-4.423434258,1
719,1601,2.025402784,9.113424301,1
719,1633,-0.4068260193,8.921337128,1
719,1665,-1.723429918,11.56732941,1
719,1697,11.73724747,11.74273872,1
719,1729,-3.998941183,9.08140564,1
719,1761,-3.991758347,8.935750008,1
719,1793,-4.66404438,8.571080208,1
719,1825,-5.059578419,8.225656509,1
719,1857,-3.352700472,8.710911751,1
719,1889,-3.009169579,9.949180603,1
719,1921,-1.469621539,11.87633038,1
719,1953,1.01057744,9.36337471,1
719,1985,3.292972565,1.864896417,1
719,2017,5.40583849,-14.41500092,1
751,33,-0.1144222617,0.1979800165,1
751,65,1.012967944,0.04629467428,1
751,97,1.543855786,0.1730096191,1
751,129,1.458428025,-0.6017201543,1
751,161,2.086185932,-1.41924572,1
751,193,2.512702942,-1.382240534,1
751,225,2.449381351,-1.782351732,1
751,257,1.478407621,-2.239135265,1
751,289,1.738351583,-2.272107601,1
751,321,2.9842906,-3.869325876,1
751,353,1.514758587,-2.006825447,1
751,385,1.394433737,-1.166981697,1
751,417,1.952700853,-0.8029952645,1
751,449,2.026934147,-0.7470069528,1
751,481,1.098518252,-0.6450430155,1
751,513,0.3648717403,-0.02847674489,1
751,545,0.4575615525,0.4201582074,1
751,577,0.3628004193,0.2519762516,1
751,609,-0.1517179608,-0.04551339149,1
751,641,-0.2882674634,-0.1179926023,1
751,673,-0.3159479797,0.1477974504,1
751,705,-0.08640524745,0.2478647232,1
751,737,-0.5998449922,0.04900103807,1
751,769,-0.3588359356,0.1606853604,1
751,801,-0.3339324594,0.6243528128,1
751,833,-1.165084839,1.839288116,1
751,865,-2.145454407,2.974924564,1
751,897,-1.28309381,4.035272121,1
751,929,0.218203634,4.26876688,1
751,961,1.206794143,6.263586044,1
751,993,1.817320585,5.635727406,1
751,1025,1.989144325,5.223217964,1
751,1057,0.7380105853,1.541689754,1
751,1089,0.5136358738,0.3517575264,1
751,1121,0.08155232668,0.4189174771,1
751,1153,0.4321493506,1.04843092,1
751,1185,0.9014450312,1.819643259,1
751,1217,1.245004535,1.980729461,1
751,1249,1.942432404,2.304536819,1
751,1281,1.78129065,2.183678389,1
751,1313,1.379002452,2.572042227,1
751,1345,0.8134152889,3.093930721,1
751,1377,-0.1917027235,4.873549938,1
751,1409,0.1035171151,4.171357155,1
751,1441,0.5296210051,4.993922234,1
751,1473,-1.052598119,6.091734886,1
751,1505,-1.675941229,5.743295193,1
751,1537,7.677056313,8.861099243,1
751,1569,7.449145317,8.918829918,1
751,1601,5.087233067,12.02243423,1
751,1633,-20.42204285,-0.3163108826,1
751,1665,-0.00498509407,13.50616455,1
751,1697,-3.37489748,9.021625519,1
751,1729,-3.867839813,7.578587055,1
751,1761,-4.064997196,7.755232811,1
751,1793,-5.220457554,8.248108864,1
751,1825,-6.349184036,8.508323669,1
751,1857,-4.565851212,8.74548912,1
751,1889,-4.126524925,9.401062965,1
751,1921,-3.159649134,8.663331985,1
751,1953,-0.825484395,11.4406004,1
751,1985,0.9872887135,6.250564575,1
751,2017,9.796902657,-12.54519272,1
783,33,0.4101616144,0.3523164392,1
783,65,1.340571523,-0.2330012619,1
783,97,1.653237343,1.124196649,1
783,129,1.893809199,1.649656296,1
783,161,2.644539356,0.4610230625,1
783,193,3.057374716,-0.9012900591,1
783,225,1.12674427,-0.3155702353,1
783,257,0.1249246597,-0.9172382355,1
783,289,0.4277112484,-3.62014246,1
783,321,1.176822305,-4.310714722,1
783,353,1.156909347,-2.873130322,1
783,385,0.9970057011,-0.8253053427,1
783,417,1.548635125,-0.08266299963,1
783,449,2.164229393,-0.7068741322,1
783,481,1.48581183,-0.7188693881,1
783,513,1.182192206,-0.2477993965,1
783,545,0.6519834399,0.3543104529,1
783,577,-0.1424771845,0.1238897592,1
783,609,-0.426361084,-0.3642575741,1
783,641,-1.078209877,0.2947708666,1
783,673,-1.820082426,0.4365883768,1
783,705,-1.894009471,0.1762676239,1
783,737,-1.661518216,0.5088641644,1
783,769,-0.8660262227,1.057967782,1
783,801,-0.4285523891,0.6368525028,1
783,833,-1.144780397,1.51450479,1
783,865,-2.208634138,2.412373304,1
783,897,-1.292510033,3.049306154,1
783,929,-0.2779185772,3.355416536,1
783,961,0.6977874637,8.688511848,1
783,993,1.120920539,5.819349289,1
783,1025,1.747094512,4.149507523,1
783,1057,1.006361485,1.790554881,1
783,1089,0.5885760188,0.6759926677,1
783,1121,0.2186987996,0.4494563937,1
783,1153,0.6179611087,0.6687440872,1
783,1185,0.962826848,1.28528142,1
783,1217,1.359349608,1.691712379,1
783,1249,2.382437706,2.334043026,1
783,1281,2.485105515,2.282471895,1
783,1313,1.940028548,2.713591814,1
783,1345,1.277718067,3.205814838,1
783,1377,0.9217194319,3.845320702,1
783,1409,1.018879771,4.869722366,1
783,1441,0.7553712726,5.75280714,1
783,1473,-0.1217104495,7.432435036,1
783,1505,-1.676983953,6.489162922,1
783,1537,7.6090765,9.114479065,1
783,1569,6.017866135,8.440610886,1
783,1601,1.885665894,12.68248558,1
783,1633,1.902412891,14.38553619,1
783,1665,-4.158549309,6.728848457,1
783,1697,-4.775233269,6.286019802,1
783,1729,-4.484290123,5.781405449,1
783,1761,-4.330928326,6.317875385,1
783,1793,-4.180969715,6.782688141,1
783,1825,-4.082814217,7.209684372,1
783,1857,-5.231959343,10.17154217,1
783,1889,-6.152185917,9.194096565,1
783,1921,-5.923037052,8.33929348,1
783,1953,-3.44619894,9.441349983,1
783,1985,-3.314097881,14.82379246,1
783,2017,6.535944939,-10.88526344,1
815,33,2.288735628,0.4924417734,1
815,65,3.400772572,-0.01198456436,1
815,97,2.873167515,-0.002607181668,1
815,129,2.589847565,0.9553819895,1
815,161,1.722867966,0.5937803388,1
815,193,1.255303741,-1.329529524,1
815,225,-3.025041819,3.39234972,1
815,257,-6.332811356,1.906721354,1
815,289,0.7845871449,-4.149195194,1
815,321,0.8511252403,-3.436168909,1
815,353,-2.035685539,-1.792885542,1
815,385,0.1529666185,0.5443685055,1
815,417,0.766274333,0.2902575135,1
815,449,1.149129152,-0.3492783904,1
815,481,1.374281526,-0.5060629845,1
815,513,1.332145095,-0.18634516,1
815,545,0.1349011064,0.3173248172,1
815,577,-0.5886923075,0.2005765438,1
815,609,-1.109951019,0.03444930911,1
815,641,-1.733262539,0.4023316801,1
815,673,-1.195049763,0.4658573568,1
815,705,-0.7524256706,0.004223823547,1
815,737,-0.6968973875,0.9276329279,1
815,769,-1.011215806,1.814928651,1
815,801,-1.116540194,1.232396841,1
815,833,-1.298031211,1.126734614,1
815,865,-1.464061856,2.144010544,1
815,897,-0.9888803959,2.94114852,1
815,929,-0.5179386139,2.984662771,1
815,961,-1.349733353,1.692073822,1
815,993,-13.89792252,2.364449263,1
815,1025,0.3164559603,1.756888032,1
815,1057,0.4564810097,1.490370154,1
815,1089,0.5642168522,0.9146347046,1
815,1121,0.6145038605,1.048784256,1
815,1153,0.6164085269,1.510772705,1
815,1185,0.6905732751,1.576503515,1
815,1217,1.082977772,1.74332428,1
815,1249,2.054200649,2.144544125,1
815,1281,2.206517935,2.448883533,1
815,1313,1.909518123,3.151154757,1
815,1345,1.640166044,4.155785561,1
815,1377,2.133303642,5.127186775,1
815,1409,1.50387764,5.444275379,1
815,1441,1.019454598,5.899305344,1
815,1473,0.4631951451,5.993443489,1
815,1505,-0.07873529196,5.750467777,1
815,1537,-0.5961383581,1.315247536,1
815,1569,-1.419596076,4.491539478,1
815,1601,-1.830227852,5.092823029,1
815,1633,-3.391827822,6.15896225,1
815,1665,-5.080630779,6.093808174,1
815,1697,-5.974294186,5.685753345,1
815,1729,-4.527751923,3.481874466,1
815,1761,-4.663798809,4.652066708,1
815,1793,-6.551981449,3.19685173,1
815,1825,-3.757338524,5.749421597,1
815,1857,-4.059247971,8.603344917,1
815,1889,-3.938671112,9.239487648,1
815,1921,-4.106075287,8.923433304,1
815,1953,-3.718997955,6.874860764,1
815,1985,-6.473679543,-17.53336906,1
815,2017,21.55597305,-11.70743942,1
847,33,2.535535097,0.1844780445,1
847,65,2.66451931,-0.2555774748,1
847,97,2.688752174,-0.1632316709,1
847,129,2.594333649,-0.4444115758,1
847,161,0.9015309811,-2.500233889,1
847,193,0.3118755221,-1.65830195,1
847,225,-1.137619972,-1.424298525,1
847,257,-2.729593754,-2.712042332,1
847,289,-0.8161797523,-2.571537971,1
847,321,0.509935379,-0.4635095596,1
847,353,1.733611465,2.377411366,1
847,385,2.053060055,2.93503356,1
847,417,0.8024361134,0.4775629938,1
847,449,0.7411684394,-0.1935366988,1
847,481,1.150554419,-0.2823929787,1
847,513,0.8593331575,0.9060256481,1
847,545,-0.08240559697,0.9572956562,1
847,577,-0.7503378987,0.9633209705,1
847,609,-0.652423501,0.750344038,1
847,641,-0.8809030056,0.6053536534,1
847,673,-0.9879210591,0.05834904313,1
847,705,-0.4798704386,-0.2318575978,1
847,737,-0.1835595369,0.5017904043,1
847,769,-1.290472984,0.4293152094,1
847,801,-1.787039042,0.3330281973,1
847,833,-1.460151196,1.360603213,1
847,865,-1.576338768,1.870349169,1
847,897,-1.582273722,2.838725328,1
847,929,-1.009264112,3.078478813,1
847,961,0.2478384972,2.115107298,1
847,993,0.8771045804,1.744432688,1
847,1025,0.8890233636,0.5202234983,1
847,1057,0.8772407174,3.348791838,1
847,1089,0.5080137849,0.8151326776,1
847,1121,0.4287744761,0.9579094052,1
847,1153,0.4815534353,1.232877254,1
847,1185,0.6604212523,1.353229284,1
847,1217,1.112914562,1.767789125,1
847,1249,1.248103857,2.264215469,1
847,1281,1.297143459,2.811049938,1
847,1313,1.592967391,4.243086815,1
847,1345,1.741924047,5.860542297,1
847,1377,2.10534215,6.488607883,1
847,1409,1.890470624,6.562290192,1
847,1441,1.322976708,5.769741058,1
847,1473,0.8094437122,4.906536102,1
847,1505,0.4886369109,4.352505207,1
847,1537,-0.2793732285,0.9388747215,1
847,1569,-1.250989914,2.572725773,1
847,1601,-1.968901634,4.377546787,1
847,1633,-3.362938166,5.211321831,1
847,1665,-4.388747215,5.677279949,1
847,1697,-4.538499355,5.365011692,1
847,1729,-4.509484768,3.233480453,1
847,1761,-4.373821259,4.309963226,1
847,1793,-5.090764046,2.641017914,1
847,1825,-4.680628777,5.16109848,1
847,1857,-4.404626846,7.78096199,1
847,1889,-4.313900471,10.45424938,1
847,1921,-4.687946796,9.855737686,1
847,1953,-5.546066284,7.961928844,1
847,1985,-5.154944897,-17.8773098,1
847,2017,-15.30319405,-13.50550842,1
879,33,0.653142035,0.277610302,1
879,65,0.4967367649,-0.1199947298,1
879,97,2.536561966,0.6685858369,1
879,129,2.765557289,-0.7621727586,1
879,161,1.64644134,-1.894962788,1
879,193,1.217976093,-2.060754538,1
879,225,1.229189992,-2.58276701,1
879,257,-1.366202831,-3.372431755,1
879,289,0.1604691744,0.3122452497,1
879,321,0.3115854263,0.6450507641,1
879,353,1.586267591,0.7772268653,1
879,385,1.466438413,0.7402272224,1
879,417,1.004336238,0.1294344068,1
879,449,0.6414019465,-0.716704607,1
879,481,0.2256398201,-0.3827214539,1
879,513,0.5530390143,0.8735390902,1
879,545,0.3366266787,1.050871372,1
879,577,-0.5704160929,0.5282256603,1
879,609,-0.1568704247,0.2526218891,1
879,641,-0.418615222,0.08908982575,1
879,673,-1.220764637,-0.2028079629,1
879,705,-1.340561152,-0.2696869671,1
879,737,-0.8993728757,0.1849283576,1
879,769,-1.214598179,-0.01630359888,1
879,801,-1.194879889,0.2009930015,1
879,833,-1.068387151,2.345245838,1
879,865,-1.480814576,1.931632996,1
879,897,-2.392683744,3.072345972,1
879,929,-3.472783566,3.658511162,1
879,961,-2.904464006,2.488077641,1
879,993,1.572071433,8.458543777,1
879,1025,2.767473221,9.35411644,1
879,1057,1.679219246,6.948710442,1
879,1089,0.293518275,0.5923478603,1
879,1121,0.2769438326,0.2994740009,1
879,1153,0.319452405,0.6667194366,1
879,1185,0.4671677947,1.103506804,1
879,1217,0.6998295784,1.579091311,1
879,1249,0.9004574418,2.615972042,1
879,1281,1.979075432,4.07063961,1
879,1313,2.125609875,8.035322189,1
879,1345,1.789465547,6.205443382,1
879,1377,3.19474864,6.778511047,1
879,1409,2.866252899,8.072342873,1
879,1441,1.632757068,5.450685501,1
879,1473,1.128031611,4.562780857,1
879,1505,0.4512560964,4.294564247,1
879,1537,-0.5011839867,1.370932579,1
879,1569,-1.329466701,2.2979002,1
879,1601,-2.263677835,4.585245132,1
879,1633,-3.97585392,4.732888222,1
879,1665,-3.755117655,5.758182049,1
879,1697,-4.029928684,7.751901627,1
879,1729,0.2170414925,17.65035057,1
879,1761,-4.6745224,7.102359295,1
879,1793,-4.728385925,4.0896945,1
879,1825,-5.194773674,4.992637157,1
879,1857,-5.826562881,6.262061596,1
879,1889,-7.166895866,7.925405502,1
879,1921,-6.76437664,8.472437859,1
879,1953,-4.97752142,10.56284809,1
879,1985,-3.993332863,8.923974991,1
879,2017,-4.344820976,-12.46597767,1
911,33,0.4673097134,0.7878935933,1
911,65,-0.1719094515,0.4217373133,1
911,97,1.175542593,0.4959405661,1
911,129,2.147583961,-0.8696148396,1
911,161,1.712103248,-1.726502419,1
911,193,2.24681282,-2.356699467,1
911,225,6.453413963,-3.759532928,1
911,257,3.31439209,-2.555893421,1
911,289,2.010192394,-1.94285357,1
911,321,2.686108589,-1.427682638,1
911,353,3.351516247,-1.011414886,1
911,385,0.9097626209,-0.7144154906,1
911,417,0.674690485,-0.8705787659,1
911,449,0.4867988229,-1.040138364,1
911,481,-0.1545391679,-0.5136996508,1
911,513,0.06106425822,0.06967741251,1
911,545,0.6070713997,0.2834794223,1
911,577,1.106231809,0.06586366892,1
911,609,0.868060112,0.2640281618,1
911,641,-0.1242201328,-0.06713926792,1
911,673,-0.5076224804,-0.01319541782,1
911,705,-1.182667136,0.2855489254,1
911,737,-1.129713058,0.3076803088,1
911,769,-0.2727252245,0.327219218,1
911,801,0.5307472348,0.3665557504,1
911,833,-0.1149736047,0.3416428566,1
911,865,-1.253064752,1.751821995,1
911,897,-2.599116564,3.689853907,1
911,929,-2.658206463,4.466556549,1
911,961,-3.010330915,2.587762117,1
911,993,-2.328110456,1.787451625,1
911,1025,-1.408429384,1.218268633,1
911,1057,0.1800422072,8.091252327,1
911,1089,0.02981705964,0.4315899611,1
911,1121,0.5271397829,-0.3102675676,1
911,1153,0.3812093735,0.02083647251,1
911,1185,0.3387772441,0.5699113607,1
911,1217,0.6073426008,1.199874043,1
911,1249,0.6702199578,0.1113977432,1
911,1281,1.244012356,3.341504574,1
911,1313,1.604769707,7.628351212,1
911,1345,1.128162265,5.314373016,1
911,1377,1.676926613,8.206422806,1
911,1409,1.412462711,7.681860447,1
911,1441,1.194147229,4.910583019,1
911,1473,1.595278978,4.162297249,1
911,1505,2.296993256,4.423757553,1
911,1537,-0.2327854633,1.329329491,1
911,1569,0.1018862724,2.268507004,1
911,1601,8.495242119,-9.808458328,1
911,1633,-4.662793159,2.961632729,1
911,1665,-4.740557671,5.637387276,1
911,1697,-5.161332607,7.084460258,1
911,1729,-6.215548992,8.466405869,1
911,1761,-5.601103783,10.04531288,1
911,1793,-6.272402763,8.251472473,1
911,1825,-6.377324581,7.945210457,1
911,1857,-5.368840218,7.828499317,1
911,1889,-5.222660542,7.473612309,1
911,1921,-7.105445385,6.7438097,1
911,1953,-4.059700966,10.62145901,1
911,1985,-4.225117207,5.370366573,1
911,2017,-3.953140259,-7.51348877,1
943,33,1.853572249,1.270682573,1
943,65,-0.07466161251,0.6317222118,1
943,97,0.588155508,-1.242038965,1
943,129,1.414160013,-1.275536656,1
943,161,1.574971557,-1.294089317,1
943,193,2.122573376,-1.535346508,1
943,225,3.692982674,-1.144578218,1
943,257,3.69321537,-2.245998144,1
943,289,2.106313229,-2.804332256,1
943,321,1.264074087,-2.619135857,1
943,353,0.8401126862,-1.588411093,1
943,385,0.2731738091,-0.9885818958,1
943,417,0.02707782388,-1.018918991,1
943,449,0.1604087949,-0.8681861162,1
943,481,0.4437967241,-0.2607206702,1
943,513,0.3167928755,-0.03500521183,1
943,545,0.1279430389,-0.2529565096,1
943,577,0.1805247664,-0.2041422725,1
943,609,0.1589831412,-0.02519747615,1
943,641,0.1237625256,-0.1557098776,1
943,673,0.1982614696,-0.1163243279,1
943,705,-0.6096675396,0.8253227472,1
943,737,-0.9296727777,1.514737248,1
943,769,-0.1306911707,1.134769201,1
943,801,0.4531101584,2.971216917,1
943,833,0.1558607817,1.115118504,1
943,865,-0.6101666689,1.535115004,1
943,897,-6.107058525,8.051617622,1
943,929,-1.657438755,3.019165516,1
943,961,-1.437733412,3.583132744,1
943,993,-2.94004631,1.475487351,1
943,1025,-1.880875349,1.202358842,1
943,1057,-0.7555553317,0.8916690946,1
943,1089,0.03034850955,0.163490653,1
943,1121,0.6302456856,-0.2634117603,1
943,1153,0.5964541435,-0.7130761743,1
943,1185,0.3793469965,0.1143113971,1
943,1217,0.461101234,0.6123101711,1
943,1249,0.2020869851,0.9123077393,1
943,1281,0.2085515261,1.967444897,1
943,1313,0.5208000541,5.609396935,1
943,1345,0.4438950419,3.718262672,1
943,1377,0.4589508176,6.406238556,1
943,1409,0.4339616299,4.325353146,1
943,1441,0.3273865879,3.229099751,1
943,1473,-0.06789949536,-0.5565629005,1
943,1505,-0.3851872683,0.853723526,1
943,1537,0.3370138407,4.21777916,1
943,1569,-0.2497843504,3.437449455,1
943,1601,-4.221417427,4.709966183,1
943,1633,-4.973352432,5.966375828,1
943,1665,-5.849862099,6.533906937,1
943,1697,-7.930188656,7.115897655,1
943,1729,-5.965501785,8.351691246,1
943,1761,-4.819516182,9.106434822,1
943,1793,-5.160455704,8.728621483,1
943,1825,-6.179847717,9.448163986,1
943,1857,-4.768127441,10.88382149,1
943,1889,-3.862067223,10.10545731,1
943,1921,-4.264830589,7.917545795,1
943,1953,-2.304936409,7.730460167,1
943,1985,-0.2804853916,4.078918457,1
943,2017,0.04309520125,-1.787334681,1
975,33,1.787953138,1.648025751,1
975,65,0.08079457283,0.580358386,1
975,97,0.3246689439,-1.168456674,1
975,129,1.324880004,-1.971485257,1
975,161,1.371651769,-1.279083371,1
975,193,1.46673727,-1.248203039,1
975,225,2.059491396,-2.049249411,1
975,257,2.095011711,-2.758777857,1
975,289,0.4710196257,-3.842939377,1
975,321,0.6297538877,-4.093271732,1
975,353,0.3084136248,-1.426669955,1
975,385,-0.1022641659,-0.5521820784,1
975,417,0.08444407582,-1.049592018,1
975,449,0.1148787737,-0.9952100515,1
975,481,0.7817195058,-0.5606128573,1
975,513,1.156466484,-0.6090893745,1
975,545,0.08621999621,-0.9310408831,1
975,577,-0.5784630775,-0.6570234299,1
975,609,-0.4590932131,-0.7209274173,1
975,641,0.0139843151,-0.3521938026,1
975,673,0.0482609421,0.03173673525,1
975,705,-0.06555300951,0.8081875443,1
975,737,-0.235149622,1.871855497,1
975,769,-0.5456047058,3.202214003,1
975,801,-0.7208031416,3.496235371,1
975,833,-0.8348471522,1.774705648,1
975,865,-1.058891535,2.006501198,1
975,897,-5.127323151,6.415958881,1
975,929,-1.197770596,0.3232797384,1
975,961,-1.150922537,1.236616373,1
975,993,-0.9384260774,1.157377362,1
975,1025,-0.6899898648,1.215292454,1
975,1057,-0.5949141979,0.8856588602,1
975,1089,0.09347775578,0.4458360672,1
975,1121,0.6952001452,0.1745861173,1
975,1153,0.804105401,-0.3733797371,1
975,1185,0.5551483035,0.4283983111,1
975,1217,0.1574304104,0.555346489,1
975,1249,-0.02860283852,1.312940359,1
975,1281,0.05306386948,1.854988933,1
975,1313,0.1778504252,2.208708286,1
975,1345,0.2467763424,1.024437666,1
975,1377,0.3975241184,0.1308393478,1
975,1409,-0.236010313,0.6986477375,1
975,1441,0.3249909878,3.255990028,1
975,1473,0.03062707186,-1.346456528,1
975,1505,-0.3814057708,1.596202374,1
975,1537,-1.007541418,3.877532959,1
975,1569,-1.629161835,4.776104927,1
975,1601,-5.343071938,8.346452713,1
975,1633,-6.322885513,6.954344749,1
975,1665,-5.488437653,7.262374878,1
975,1697,-5.396232605,7.849702358,1
975,1729,-4.859317303,8.492949486,1
975,1761,-3.802876949,8.948221207,1
975,1793,-3.821519375,9.04338932,1
975,1825,-3.834908962,9.853075027,1
975,1857,-3.46776104,10.24710846,1
975,1889,-3.145441532,9.800181389,1
975,1921,-0.8833999634,10.12211037,1
975,1953,-0.05351698399,10.24985027,1
975,1985,0.272246182,7.847919941,1
975,2017,8.539189339,-0.0915760994,1
1007,33,1.147283316,1.664766192,1
1007,65,0.7959305048,-0.1660011113,1
1007,97,0.9982117414,-1.133222103,1
1007,129,1.427779198,-1.849461675,1
1007,161,1.025993109,-1.681602836,1
1007,193,0.8603614569,-1.809021354,1
1007,225,1.246204138,-2.212585449,1
1007,257,0.6910333037,-2.192368984,1
1007,289,0.07236033678,-2.512961149,1
1007,321,0.8309286833,-3.051012278,1
1007,353,0.8201583624,-1.338520527,1
1007,385,0.4756606519,-0.8311921358,1
1007,417,0.2833962142,-1.528316498,1
1007,449,0.2431281209,-2.305818558,1
1007,481,0.5013926029,-1.788479328,1
1007,513,0.7517101169,-1.148578405,1
1007,545,0.5238137245,-0.4172706604,1
1007,577,-0.2470929623,-0.2608166933,1
1007,609,0.2501603067,-0.5058043003,1
1007,641,-0.148328945,-0.3703179359,1
1007,673,-0.8975247145,0.1095539853,1
1007,705,-0.06304323673,0.4296105802,1
1007,737,0.01855409145,1.082888365,1
1007,769,-0.3581945002,1.710765481,1
1007,801,-1.122928381,2.219817638,1
1007,833,-2.925997496,2.688117027,1
1007,865,-4.083283901,3.010575294,1
1007,897,-0.2262808084,0.09227120876,1
1007,929,-0.4063442349,0.6588149071,1
1007,961,-0.6566768289,2.047865391,1
1007,993,-0.5341886282,1.96084547,1
1007,1025,-0.1649392843,1.263396859,1
1007,1057,-0.03428456187,1.063665867,1
1007,1089,0.3698146045,0.6906194687,1
1007,1121,0.9441549778,0.5372029543,1
1007,1153,1.406398296,0.3068561554,1
1007,1185,1.073191047,1.105794907,1
1007,1217,0.05955797434,1.768677831,1
1007,1249,-0.3282632828,1.320408106,1
1007,1281,-0.1893885881,1.388747334,1
1007,1313,-0.189737767,1.977770448,1
1007,1345,-1.334470034,2.721471548,1
1007,1377,-0.02281007916,0.04747033119,1
1007,1409,-1.69055593,-16.44193459,1
1007,1441,-0.1575074792,2.319371939,1
1007,1473,0.5902522206,-1.550709963,1
1007,1505,-0.2455499768,0.730799675,1
1007,1537,-0.778788209,4.089277267,1
1007,1569,-1.836434603,5.203593731,1
1007,1601,-2.534718037,5.736367702,1
1007,1633,-2.341981888,6.230102539,1
1007,1665,-2.477614403,6.380251884,1
1007,1697,-2.431894064,7.310329437,1
1007,1729,-2.538590431,8.221297264,1
1007,1761,-2.396044493,8.857694626,1
1007,1793,-2.133515358,8.289536476,1
1007,1825,-1.114117861,8.460889816,1
1007,1857,5.964335918,-0.1044502258,1
1007,1889,-1.886751652,9.463617325,1
1007,1921,-0.5933960676,10.41471958,1
1007,1953,1.886155248,11.50637436,1
1007,1985,0.9736709595,10.17967033,1
1007,2017,-19.98464966,-0.2684869766,1
1039,33,0.4407680631,1.48918128,1
1039,65,0.5090479255,-1.123489261,1
1039,97,1.123818636,-1.566325188,1
1039,129,1.433931947,-1.278480291,1
1039,161,1.124303102,-1.585380793,1
1039,193,0.7303692102,-2.994778156,1
1039,225,0.4790554047,-1.044465065,1
1039,257,0.3009368777,-1.362870455,1
1039,289,0.3746752143,-1.88970685,1
1039,321,0.8337240815,-1.846325159,1
1039,353,1.058497429,-1.654966831,1
1039,385,1.145747185,-1.673506975,1
1039,417,0.5182123184,-2.720020771,1
1039,449,-0.6950595975,-2.419784784,1
1039,481,-0.3825123012,-1.106390476,1
1039,513,-0.1765449792,-0.3851251602,1
1039,545,0.8011635542,0.06672203541,1
1039,577,1.220966697,-0.2175729871,1
1039,609,1.301186442,-0.1099192798,1
1039,641,-0.2591244578,-0.6732878685,1
1039,673,-1.114417434,-0.4376844466,1
1039,705,-0.231114924,0.3100591302,1
1039,737,0.1257308125,0.690564692,1
1039,769,-0.751327157,1.34000802,1
1039,801,-1.453046441,3.169525862,1
1039,833,-1.439022422,2.626955748,1
1039,865,-0.9198065996,0.6321640015,1
1039,897,-0.5875376463,1.061054826,1
1039,929,-0.3542937636,1.737121582,1
1039,961,-0.2366974652,2.530489922,1
1039,993,-0.03492549062,2.401261568,1
1039,1025,0.1196885109,2.564074039,1
1039,1057,0.154709354,1.357522845,1
1039,1089,0.5233715177,0.8118587732,1
1039,1121,0.7329458594,1.022985935,1
1039,1153,0.8670467734,0.7920535803,1
1039,1185,0.7793345451,2.163300514,1
1039,1217,0.1332006454,6.348151207,1
1039,1249,0.06192287803,1.737311959,1
1039,1281,-0.00232604146,1.677584529,1
1039,1313,-0.1677940637,2.205451965,1
1039,1345,-0.5525547862,2.823686123,1
1039,1377,-0.3339262903,1.521873236,1
1039,1409,-0.5834960938,2.954120398,1
1039,1441,-1.799324989,1.329125881,1
1039,1473,-0.9307227135,-1.700115204,1
1039,1505,-1.003446817,0.8869671822,1
1039,1537,-0.8299343586,5.444095612,1
1039,1569,-0.9528334141,6.544105053,1
1039,1601,-2.238584518,6.353502274,1
1039,1633,-2.748832464,6.847034931,1
1039,1665,-2.536788702,6.721802235,1
1039,1697,-2.713062048,7.525103092,1
1039,1729,-2.596061468,8.310647964,1
1039,1761,-1.551213741,8.563073158,1
1039,1793,1.571440458,8.82556057,1
1039,1825,1.086224675,9.135185242,1
1039,1857,1.2243191,10.9066267,1
1039,1889,3.367754221,13.54956341,1
1039,1921,-0.3745388985,23.48017502,1
1039,1953,-0.8604592085,9.253827095,1
1039,1985,2.350651264,10.5188446,1
1039,2017,-19.82249069,-2.273642063,1
1071,33,0.4968244433,1.309850454,1
1071,65,0.2724132538,-1.79768908,1
1071,97,0.9142518044,-1.305191398,1
1071,129,1.543074489,-0.8181813955,1
1071,161,1.579122066,-1.027148843,1
1071,193,1.332909942,-1.405147552,1
1071,225,0.7797604203,-0.7152098417,1
1071,257,0.2783948183,-1.65763402,1
1071,289,0.3622478247,-2.451482058,1
1071,321,0.5160452127,-2.314887285,1
1071,353,0.7965046167,-1.913958549,1
1071,385,0.8916753531,-1.829855323,1
1071,417,0.5387889147,-1.82678771,1
1071,449,-0.7761154175,-1.213168025,1
1071,481,-1.540757298,-1.245859385,1
1071,513,-0.8800300956,-0.5543241501,1
1071,545,0.9460970759,-0.08820137382,1
1071,577,2.166482925,-1.079151988,1
1071,609,2.895416975,-0.2654650807,1
1071,641,0.3713024855,-0.3536220789,1
1071,673,-0.5401747227,-0.6220046282,1
1071,705,-0.4557753801,-0.1550429314,1
1071,737,-0.7973629236,0.1353133321,1
1071,769,-1.20084691,0.7304894924,1
1071,801,-1.877798319,2.120040894,1
1071,833,-1.521904588,2.401711702,1
1071,865,-0.6280245781,2.297835588,1
1071,897,-0.6920582056,1.490693569,1
1071,929,-0.6314125061,1.823275924,1
1071,961,-0.5985648632,2.663799763,1
1071,993,-0.3830542862,9.039772034,1
1071,1025,3.058240175,6.91244936,1
1071,1057,10.85649204,-7.382502556,1
1071,1089,0.6694060564,1.03861165,1
1071,1121,0.5517402887,1.521103024,1
1071,1153,1.908604622,1.726433516,1
1071,1185,1.021835089,4.676150322,1
1071,1217,0.7711490393,6.952084541,1
1071,1249,0.7713979483,2.070873499,1
1071,1281,0.6843862534,2.137814283,1
1071,1313,0.2578582168,2.538460732,1
1071,1345,-0.3603524566,1.819266796,1
1071,1377,-0.9935696125,1.902755499,1
1071,1409,-0.8787882924,2.877764463,1
1071,1441,-1.308835506,0.7291040421,1
1071,1473,-1.332681775,0.6154065132,1
1071,1505,-0.5754981041,4.280763626,1
1071,1537,0.06606590748,6.469620228,1
1071,1569,-0.4996813536,8.39436245,1
1071,1601,-2.039003372,8.597322464,1
1071,1633,-2.725631475,7.48214674,1
1071,1665,-2.905258417,7.00346899,1
1071,1697,-2.86468482,7.751619816,1
1071,1729,-2.623329401,8.531297684,1
1071,1761,-1.544443846,8.636538506,1
1071,1793,-0.4828534126,9.110135078,1
1071,1825,2.073174,9.644123077,1
1071,1857,1.288910508,9.846043587,1
1071,1889,-0.9967192411,8.986272812,1
1071,1921,-3.814994335,-4.864046097,1
1071,1953,-8.968152046,-2.807303905,1
1071,1985,0.5050141811,8.407831192,1
1071,2017,-19.84988022,-4.27602005,1
1103,33,1.225741744,1.138792992,1
1103,65,1.468025684,-1.560942173,1
1103,97,1.746453762,-0.0459920764,1
1103,129,1.530222654,-0.03168290854,1
1103,161,1.542301416,-0.6529080272,1
1103,193,3.054270029,-0.561465323,1
1103,225,1.136693716,-0.9206843376,1
1103,257,0.4550384879,-1.880633354,1
1103,289,0.2385229766,-2.513474464,1
1103,321,0.1630394757,-2.588748693,1
1103,353,0.8346200585,-2.309131861,1
1103,385,0.7927241325,-0.7430181503,1
1103,417,0.2609851658,-1.11680758,1
1103,449,-0.9868289828,-1.758824944,1
1103,481,-1.354080319,-1.477039814,1
1103,513,-0.4383419156,-0.7526785135,1
1103,545,0.9935661554,-0.4958881438,1
1103,577,2.478649616,-0.2895483673,1
1103,609,2.171181679,0.2884330451,1
1103,641,0.2271447182,-0.1970912367,1
1103,673,-0.5187138915,-0.3855004311,1
1103,705,-0.8096277118,-0.2340120077,1
1103,737,-1.440250158,-0.3035794497,1
1103,769,-1.148877501,0.222438097,1
1103,801,-0.9501748085,1.388866425,1
1103,833,-0.9738624096,3.546493292,1
1103,865,-0.8266037703,4.214029789,1
1103,897,-1.017198086,1.327204227,1
1103,929,-1.308059931,1.030148983,1
1103,961,-2.715205908,2.327566147,1
1103,993,-0.9495167732,10.98228931,1
1103,1025,-0.5929637551,6.911674023,1
1103,1057,0.1389185637,1.726151943,1
1103,1089,0.2092756629,1.241782665,1
1103,1121,0.6065039635,1.552730441,1
1103,1153,2.718624353,1.636062384,1
1103,1185,2.073204756,2.623974085,1
1103,1217,2.065805435,4.966919899,1
1103,1249,2.148176908,2.284143209,1
1103,1281,1.610335708,2.434508801,1
1103,1313,0.23620525,2.668440342,1
1103,1345,-0.851680696,3.600517988,1
1103,1377,-0.7103232145,3.891057968,1
1103,1409,-1.040885687,1.499724627,1
1103,1441,-1.223187327,3.251228809,1
1103,1473,-1.008504391,3.198384285,1
1103,1505,-0.9059937596,4.024580002,1
1103,1537,-1.221813202,4.018787384,1
1103,1569,-1.727161169,5.518435478,1
1103,1601,-2.146587372,11.25307846,1
1103,1633,-2.442684412,7.705656052,1
1103,1665,-2.785116673,7.733747005,1
1103,1697,-2.366277933,8.071292877,1
1103,1729,-1.681432724,8.354021072,1
1103,1761,-1.236816406,8.588233948,1
1103,1793,-0.8313503861,8.197536469,1
1103,1825,-0.5476768017,7.762802124,1
1103,1857,-0.5357252359,8.277728081,1
1103,1889,-0.7439246774,8.553621292,1
1103,1921,-11.96612072,-2.566513062,1
1103,1953,-14.26052189,-6.519521236,1
1103,1985,-0.4635978341,3.976461649,1
1103,2017,-6.485418797,-8.515298843,1
1135,33,0.8447759748,0.9182399511,1
1135,65,4.266266346,0.9776232839,1
1135,97,2.121702194,0.2360431105,1
1135,129,1.727797389,0.3860640824,1
1135,161,1.867399931,-0.2187767029,1
1135,193,2.36513567,-2.456558943,1
1135,225,0.9637137651,-1.484173298,1
1135,257,0.53935045,-1.779968023,1
1135,289,0.3886427581,-2.347681999,1
1135,321,0.2740668952,-2.939879179,1
1135,353,0.2112477124,-2.496064425,1
1135,385,-0.1164868474,-0.8489363194,1
1135,417,-0.2064985931,-1.290376425,1
1135,449,-0.09776172042,-1.085298538,1
1135,481,-0.1184897423,-0.3279764652,1
1135,513,-0.5305466652,0.1003670096,1
1135,545,0.1326146573,-0.4816418588,1
1135,577,0.427749753,-0.6035988927,1
1135,609,0.7402585745,0.03257018328,1
1135,641,0.7862493992,-0.1034550667,1
1135,673,0.1592987776,-0.9429468513,1
1135,705,-0.5646494627,-1.243321896,1
1135,737,-0.8675688505,-1.748941898,1
1135,769,-0.07626819611,-1.326773047,1
1135,801,-0.4272252321,1.702321291,1
1135,833,-0.9015420675,4.437009811,1
1135,865,-1.11759901,3.484178066,1
1135,897,-1.001985788,0.5482711792,1
1135,929,-1.568666101,1.001719713,1
1135,961,-1.920580506,1.593351722,1
1135,993,-1.331508756,1.910018206,1
1135,1025,-0.9719486833,3.64188385,1
1135,1057,-0.5050486326,1.589085102,1
1135,1089,0.01472869515,1.462273598,1
1135,1121,1.387653232,1.236326218,1
1135,1153,2.937756062,1.429188609,1
1135,1185,3.782380104,2.192581654,1
1135,1217,4.833101273,2.643788338,1
1135,1249,4.324576378,2.565889597,1
1135,1281,2.208790779,2.614465714,1
1135,1313,0.3523167372,3.2722826,1
1135,1345,-0.8390331864,4.482453346,1
1135,1377,-1.585697174,4.449427605,1
1135,1409,-0.9525652528,2.495270252,1
1135,1441,-1.004815698,4.426453114,1
1135,1473,-0.8869153857,4.574074745,1
1135,1505,-0.9455106258,4.866894722,1
1135,1537,-1.20968473,4.16243124,1
1135,1569,-1.443783998,5.680746078,1
1135,1601,-2.798124313,7.609235764,1
1135,1633,-1.882169008,9.469450951,1
1135,1665,-1.938921213,8.212285995,1
1135,1697,-4.113512039,8.875004768,1
1135,1729,-1.231384039,9.246526718,1
1135,1761,-0.6809704304,8.699753761,1
1135,1793,-0.4295220375,8.068808556,1
1135,1825,0.04261660576,7.870265007,1
1135,1857,-0.1581864059,8.399073601,1
1135,1889,-0.3220515251,9.261715889,1
1135,1921,-0.2528573275,8.758982658,1
1135,1953,-0.3819919825,6.922947884,1
1135,1985,0.04762892425,12.13401031,1
1135,2017,1.150694847,-10.69422436,1
1167,33,0.3659439385,0.7497799397,1
1167,65,1.444093347,0.6195825338,1
1167,97,1.887515187,0.05801928043,1
1167,129,2.032129526,-0.4255014956,1
1167,161,2.445794106,-0.4024394751,1
1167,193,3.15588069,-2.267814875,1
1167,225,13.68005848,-13.01290607,1
1167,257,0.06153303385,-1.654901981,1
1167,289,0.3439255655,-2.283049345,1
1167,321,0.4249846339,-2.210566282,1
1167,353,0.6388725638,-1.834279537,1
1167,385,0.1715844572,-1.575480103,1
1167,417,-0.184059754,-1.148289084,1
1167,449,-0.1536037028,-0.550465107,1
1167,481,-0.2283488512,-0.511961937,1
1167,513,-0.4446638525,-0.2303851843,1
1167,545,-0.2740418017,-0.3847002983,1
1167,577,0.2817035019,-0.9652597904,1
1167,609,0.4718526602,-0.6718521118,1
1167,641,0.9210876226,-0.6334369183,1
1167,673,0.4289013147,-1.352781057,1
1167,705,-0.1952715218,-2.782042503,1
1167,737,-0.2658416331,-2.961963177,1
1167,769,-0.1615163088,-1.985270143,1
1167,801,-0.5845494866,-0.1188657284,1
1167,833,-1.81931901,0.3216210604,1
1167,865,-1.142356157,-0.3338537812,1
1167,897,-1.139520884,-0.6909766793,1
1167,929,-1.817380667,0.9697897434,1
1167,961,-1.97916913,1.352695465,1
1167,993,-2.310437679,1.523595095,1
1167,1025,-1.72033143,1.692309856,1
1167,1057,-0.9438260794,1.534968019,1
1167,1089,0.09110531211,1.548477173,1
1167,1121,2.095152378,1.62267828,1
1167,1153,3.902096748,1.707018733,1
1167,1185,4.948658466,2.165273428,1
1167,1217,4.874575615,2.738456726,1
1167,1249,4.6398983,2.865112066,1
1167,1281,2.573195219,3.018045902,1
1167,1313,0.8572888374,3.917606354,1
1167,1345,-0.206649065,5.31367588,1
1167,1377,-0.7263771296,5.080252647,1
1167,1409,-0.8181583881,4.613499641,1
1167,1441,-3.01266551,3.826183796,1
1167,1473,-0.873930335,4.997163296,1
1167,1505,-0.947544992,4.981507778,1
1167,1537,-1.430238366,5.090498447,1
1167,1569,-1.963351607,5.918392658,1
1167,1601,-2.741981506,6.90007019,1
1167,1633,-2.164523602,8.420866966,1
1167,1665,-1.799486876,9.431518555,1
1167,1697,-1.188960314,9.919747353,1
1167,1729,-0.7403663397,9.034385681,1
1167,1761,0.123061657,8.67732811,1
1167,1793,0.2790156603,8.520636559,1
1167,1825,0.1089788079,8.189963341,1
1167,1857,-0.128197968,9.543604851,1
1167,1889,-0.2638456821,9.796479225,1
1167,1921,0.571282208,8.187461853,1
1167,1953,0.6130270958,6.077133656,1
1167,1985,1.945206881,11.9858017,1
1167,2017,0.5090765357,6.907488823,1
1199,33,-0.03198769689,0.6481826305,1
1199,65,0.8473870754,0.4021704793,1
1199,97,1.700220585,0.3094338775,1
1199,129,2.210842609,-0.1401286721,1
1199,161,2.884155035,-0.6224358678,1
1199,193,2.353401184,-0.8299698234,1
1199,225,-0.310063839,-0.8467003107,1
1199,257,-0.09891271591,-1.183083415,1
1199,289,0.930175066,-1.519222856,1
1199,321,2.57372117,-0.926560998,1
1199,353,2.180274248,-0.7258491516,1
1199,385,0.3320686221,-1.342793226,1
1199,417,-0.3132389784,-0.9525629282,1
1199,449,-0.2318557799,-1.25814271,1
1199,481,-0.321216017,-1.177812576,1
1199,513,-0.6217768788,-0.7033617496,1
1199,545,-0.5328490138,-0.08635270596,1
1199,577,0.2470396459,-0.222589463,1
1199,609,1.543331504,-1.212696075,1
1199,641,0.4604915977,-1.85511601,1
1199,673,-0.6787309647,-1.313841343,1
1199,705,-0.9471646547,-2.570084095,1
1199,737,-0.007929563522,-3.45053196,1
1199,769,-0.5962772965,-1.228352904,1
1199,801,-0.7911287546,-1.374732971,1
1199,833,-1.347424269,-1.146193743,1
1199,865,-0.9576542377,-0.362370193,1
1199,897,-1.281469941,0.2131664753,1
1199,929,-1.179845214,0.8910857439,1
1199,961,-1.154678345,1.349487782,1
1199,993,-1.366572499,1.51242578,1
1199,1025,-1.224778771,1.260459304,1
1199,1057,-0.6974649429,0.5599009991,1
1199,1089,0.5247578621,1.252457023,1
1199,1121,2.308904171,1.772084355,1
1199,1153,3.901980877,1.997032166,1
1199,1185,5.438704491,2.739106894,1
1199,1217,5.307828903,3.137332916,1
1199,1249,3.245793343,3.546538353,1
1199,1281,1.435908675,3.855799913,1
1199,1313,0.3970414996,4.567477703,1
1199,1345,-0.08160614967,5.602828503,1
1199,1377,-0.5032219291,5.479025841,1
1199,1409,-0.7464665771,5.059766293,1
1199,1441,-0.9632125497,4.961789131,1
1199,1473,-1.826228857,5.946024418,1
1199,1505,-1.301090121,6.153404713,1
1199,1537,-1.446872592,5.718584061,1
1199,1569,-1.930315375,6.309909821,1
1199,1601,-2.807095051,6.697488785,1
1199,1633,-1.88147366,7.685401917,1
1199,1665,-1.299788237,8.354265213,1
1199,1697,-0.8033490777,8.764284134,1
1199,1729,-0.2589991689,8.611479759,1
1199,1761,0.1582118273,8.063896179,1
1199,1793,0.3149800301,8.156951904,1
1199,1825,-0.5417878032,8.488434792,1
1199,1857,-0.6150593758,9.607805252,1
1199,1889,-0.1437687576,9.568389893,1
1199,1921,1.010680795,6.991222382,1
1199,1953,1.207127094,4.180809021,1
1199,1985,-6.965308189,-14.57238197,1
1199,2017,-8.063812256,-9.187139511,1
1231,33,0.4841941595,0.418698132,1
1231,65,1.427527905,-0.1834185719,1
1231,97,1.996852875,-0.1473613977,1
1231,129,2.388636351,-0.2877596915,1
1231,161,2.744490385,-0.4675635695,1
1231,193,2.23573637,-0.470194459,1
1231,225,1.580298901,-0.5214930177,1
1231,257,1.889769554,-0.3361318707,1
1231,289,0.9062197208,1.1300143,1
1231,321,2.871718645,-0.4196427464,1
1231,353,1.966792941,-0.562482357,1
1231,385,-0.04669131339,-0.8302692175,1
1231,417,-0.2661283612,-0.832983613,1
1231,449,0.07152798772,-1.577646017,1
1231,481,-0.1270594001,-1.69764626,1
1231,513,0.02831336856,-0.9713073969,1
1231,545,0.2328204066,-0.2975150347,1
1231,577,0.04572319984,-0.0468339622,1
1231,609,0.09833306074,-0.6548902988,1
1231,641,0.08816453815,-0.865434289,1
1231,673,-0.0488615483,-1.990526676,1
1231,705,-1.96859026,-4.470746517,1
1231,737,-0.6958711147,-4.7961092,1
1231,769,0.8289808035,-1.711023688,1
1231,801,-0.1563900113,-0.9081604481,1
1231,833,-0.6282550693,-0.7327561378,1
1231,865,-0.6173460484,-0.7009168863,1
1231,897,-0.8143311739,0.341776818,1
1231,929,-0.7042500973,1.368100643,1
1231,961,-0.6427260637,1.246392846,1
1231,993,-1.316294432,1.29489243,1
1231,1025,-1.445548892,0.8793623447,1
1231,1057,-0.6047823429,-0.9430348873,1
1231,1089,-0.4362708628,1.713060021,1
1231,1121,0.6120601892,1.855041265,1
1231,1153,1.814729691,2.943721771,1
1231,1185,2.595281839,4.225636005,1
1231,1217,2.74727416,4.008888245,1
1231,1249,2.90997386,4.754067421,1
1231,1281,0.2305474281,4.926512241,1
1231,1313,-0.6546270847,5.746720314,1
1231,1345,-0.5421323776,5.675230026,1
1231,1377,-0.4645718932,5.678945541,1
1231,1409,-0.5555129051,5.490900517,1
1231,1441,-1.097496033,5.565077782,1
1231,1473,-3.208536148,6.213067532,1
1231,1505,-2.547943115,6.236683369,1
1231,1537,-1.668674827,6.525103569,1
1231,1569,-1.763441563,6.509590149,1
1231,1601,-2.030186176,6.666265965,1
1231,1633,-1.895430326,6.848749161,1
1231,1665,-0.9922429323,6.513123512,1
1231,1697,-0.7599357367,7.673716545,1
1231,1729,-0.6293421388,8.142157555,1
1231,1761,-0.2040624022,7.646520615,1
1231,1793,-0.4233831763,7.730264664,1
1231,1825,-0.4820631146,9.650328636,1
1231,1857,16.81204033,-2.26744175,1
1231,1889,-8.119050026,17.05939484,1
1231,1921,0.2172279358,-1.599116325,1
1231,1953,3.356109381,7.992286205,1
1231,1985,5.626381397,6.835379601,1
1231,2017,2.965323448,-7.640902042,1
1263,33,1.43577981,0.1023849547,1
1263,65,1.326920033,-0.3384363651,1
1263,97,1.948961139,-0.7265233994,1
1263,129,2.701760292,-0.5480289459,1
1263,161,3.862673283,-0.9195452929,1
1263,193,3.041240215,-0.9197392464,1
1263,225,3.414551497,-0.3942673504,1
1263,257,3.754876614,-0.1796046793,1
1263,289,1.728445053,2.019990921,1
1263,321,1.439005971,0.1035442948,1
1263,353,0.3253132105,-0.5329540968,1
1263,385,-1.274024248,-0.9883982539,1
1263,417,-0.5847871304,-0.975763917,1
1263,449,0.2728384137,-1.476830721,1
1263,481,0.2804059088,-1.807904959,1
1263,513,0.2809339762,-1.330377579,1
1263,545,0.3433304727,-0.8491862416,1
1263,577,0.02259935439,-0.3632347286,1
1263,609,-0.4255138338,-0.3660734296,1
1263,641,-0.09625089169,-0.5864069462,1
1263,673,0.2626078129,-1.41574049,1
1263,705,-0.6497932673,-3.235801935,1
1263,737,0.6617153883,-3.033494711,1
1263,769,0.9136195183,-0.7041242123,1
1263,801,-0.02013924718,-0.3952821493,1
1263,833,-0.8195351362,-0.5649517775,1
1263,865,-0.6207313538,-0.6792871356,1
1263,897,-0.5801904202,0.3535901308,1
1263,929,-0.9680656195,2.460863352,1
1263,961,-0.6950564981,5.646700382,1
1263,993,-0.2318691015,1.027682185,1
1263,1025,-0.3464953899,0.4520064592,1
1263,1057,-0.7902631164,1.804056644,1
1263,1089,-2.113969326,2.55887413,1
1263,1121,-4.923749924,4.546714306,1
1263,1153,-0.6572052836,4.374057293,1
1263,1185,1.034763575,4.221798897,1
1263,1217,1.625630856,5.321695328,1
1263,1249,0.3230034113,5.551895618,1
1263,1281,-2.328081608,5.474156857,1
1263,1313,-1.504463077,6.969603539,1
1263,1345,-1.793321252,5.852294922,1
1263,1377,-1.266802192,5.521551609,1
1263,1409,-1.100624442,5.491456985,1
1263,1441,-1.115349054,5.587556839,1
1263,1473,-1.251536012,5.831288815,1
1263,1505,-2.873305798,6.57472229,1
1263,1537,-1.790439963,6.722824574,1
1263,1569,-1.174252987,6.31615591,1
1263,1601,-3.298474789,4.814976692,1
1263,1633,-1.257404685,6.476335526,1
1263,1665,-1.254989862,6.013920784,1
1263,1697,-1.251735449,7.163566589,1
1263,1729,-0.9757498503,7.834721088,1
1263,1761,-0.7323813438,8.201022148,1
1263,1793,-0.7551965117,8.688846588,1
1263,1825,-0.6031828523,9.184668541,1
1263,1857,2.940256357,11.52747536,1
1263,1889,3.690580368,8.452487946,1
1263,1921,4.342007637,5.072811604,1
1263,1953,4.251905918,4.374559879,1
1263,1985,4.734102249,5.993108749,1
1263,2017,11.96757126,-8.213022232,1
1295,33,1.474551201,0.02383309603,1
1295,65,0.1894288063,0.1716939509,1
1295,97,1.222934008,0.02282252908,1
1295,129,3.36227417,-0.6286944151,1
1295,161,4.413954735,-1.7809515,1
1295,193,4.219035625,-0.4709985256,1
1295,225,4.046875,2.834050894,1
1295,257,9.133893013,0.1399260461,1
1295,289,7.729222298,-0.09755951166,1
1295,321,1.588118076,0.4548364282,1
1295,353,-0.6797696352,-0.8277285099,1
1295,385,-0.8201438189,-1.636123419,1
1295,417,-0.2589627504,-1.02004087,1
1295,449,0.2837306261,-1.077835202,1
1295,481,0.5757029057,-1.524049401,1
1295,513,0.6153655648,-1.368634224,1
1295,545,0.519159019,-0.5800378323,1
1295,577,0.1453925967,-0.3291530609,1
1295,609,0.1547200084,-0.4221316278,1
1295,641,0.2842828929,-0.7316888571,1
1295,673,0.2007920146,-0.7677312493,1
1295,705,0.7924399376,-0.7505028248,1
1295,737,1.750884175,-0.2069475651,1
1295,769,1.767449617,0.2088403702,1
1295,801,0.6490707397,-0.1325511932,1
1295,833,-0.4957327545,-0.4411447346,1
1295,865,-0.6528346539,-0.3438954353,1
1295,897,-0.5855331421,0.02809542418,1
1295,929,-0.4248281121,2.20802474,1
1295,961,-0.4879640341,6.867834091,1
1295,993,15.99072361,5.137702942,1
1295,1025,-1.629423022,3.216852903,1
1295,1057,-2.105851173,3.7079494,1
1295,1089,-3.28038311,4.144812584,1
1295,1121,-4.518604755,4.297937393,1
1295,1153,-3.155771971,4.376731873,1
1295,1185,-2.103875637,4.225849152,1
1295,1217,-0.08265590668,4.653736591,1
1295,1249,-1.270606995,5.001236439,1
1295,1281,-0.969897449,5.87357235,1
1295,1313,-2.099847317,6.615558624,1
1295,1345,-3.011032104,5.844696045,1
1295,1377,-2.971562862,5.025717258,1
1295,1409,-2.171309948,5.314545631,1
1295,1441,-1.337977171,5.620214462,1
1295,1473,-0.7537207007,6.215087414,1
1295,1505,-1.144531727,6.47877121,1
1295,1537,-0.2692425251,6.259347439,1
1295,1569,0.2310812473,6.311380863,1
1295,1601,-1.136783719,6.764875889,1
1295,1633,-1.178342104,6.77285099,1
1295,1665,-1.388272285,6.876977921,1
1295,1697,-1.782808781,7.414008617,1
1295,1729,-0.902977109,8.446268082,1
1295,1761,-0.9812037945,8.338762283,1
1295,1793,-0.7785639167,8.948062897,1
1295,1825,0.2638600469,8.526610374,1
1295,1857,1.136413813,7.100587845,1
1295,1889,1.632245064,7.992190361,1
1295,1921,2.551122665,8.30857563,1
1295,1953,1.877137184,6.227945328,1
1295,1985,1.97573483,5.989656925,1
1295,2017,0.7523515224,-10.63137531,1
1327,33,0.9654872417,0.07053166628,1
1327,65,0.06188321114,0.2415376455,1
1327,97,0.9953453541,0.1414683461,1
1327,129,2.130560875,-0.6504325867,1
1327,161,2.948161125,-1.411552072,1
1327,193,2.659868002,-0.1169811189,1
1327,225,2.416142225,1.581914783,1
1327,257,2.426163435,0.682508409,1
1327,289,2.186665773,1.538517356,1
1327,321,1.044691324,1.021579027,1
1327,353,-0.1150786579,0.4469430745,1
1327,385,-0.3795535564,-0.6571662426,1
1327,417,-0.6648997068,-1.023332238,1
1327,449,0.370595634,-0.7692118287,1
1327,481,1.031381726,-0.9951979518,1
1327,513,0.8421137333,-0.7167130709,1
1327,545,0.8812119365,-0.3098906577,1
1327,577,0.5103595257,-0.3767825961,1
1327,609,0.5400298238,-0.5160401464,1
1327,641,1.336111307,0.4173025489,1
1327,673,1.152362943,0.2499956191,1
1327,705,1.781499147,0.2970074415,1
1327,737,2.382670164,0.7626657486,1
1327,769,2.181314468,0.8502804637,1
1327,801,1.649133086,0.153811276,1
1327,833,0.8913631439,0.407895267,1
1327,865,-0.5695959926,0.2030121684,1
1327,897,-3.179680347,-0.412504077,1
1327,929,-0.6676872969,2.370990992,1
1327,961,-0.1732805967,1.056069255,1
1327,993,-1.919893503,2.826390266,1
1327,1025,-2.288720131,4.158146858,1
1327,1057,-2.932989359,4.851478577,1
1327,1089,-4.207685947,4.469025612,1
1327,1121,-3.861785889,3.821130276,1
1327,1153,-2.817891836,3.54391098,1
1327,1185,-1.909902096,4.216091156,1
1327,1217,-1.620355368,6.871136189,1
1327,1249,-2.310394287,4.794866562,1
1327,1281,-1.344036222,5.314052582,1
1327,1313,-2.430521965,5.14359045,1
1327,1345,-3.607625246,5.717667103,1
1327,1377,-3.754598141,4.965201855,1
1327,1409,-3.132543087,5.250962734,1
1327,1441,-1.983883142,6.117016792,1
1327,1473,-0.8260614276,6.64418602,1
1327,1505,-0.5785766244,6.765761852,1
1327,1537,-0.7634944916,6.401622772,1
1327,1569,-0.8420875669,13.68420029,1
1327,1601,-1.151171446,8.307635307,1
1327,1633,-0.9077531099,7.616457939,1
1327,1665,-0.765437305,8.139913559,1
1327,1697,-0.8195270896,8.153169632,1
1327,1729,-0.6340793967,7.896774292,1
1327,1761,-0.9383852482,8.547037125,1
1327,1793,-1.18086493,9.98683548,1
1327,1825,0.03858648986,9.136414528,1
1327,1857,0.7687194347,7.591587067,1
1327,1889,1.327403307,9.25931263,1
1327,1921,2.238010406,11.18311119,1
1327,1953,2.85671711,10.40151024,1
1327,1985,2.520304918,6.811187744,1
1327,2017,-2.009780645,-12.12764549,1
1359,33,0.2998923063,0.47324121,1
1359,65,0.847972095,-0.5172177553,1
1359,97,0.9351882935,-0.4899973273,1
1359,129,0.5829646587,-0.01747924089,1
1359,161,0.608295083,0.5848896503,1
1359,193,1.432944298,0.3694953918,1
1359,225,1.961421013,0.3701605797,1
1359,257,1.650033474,1.081398368,1
1359,289,0.9924724102,0.7716915607,1
1359,321,0.4225981832,1.391110063,1
1359,353,0.4213182032,1.973399878,1
1359,385,0.008327499032,0.6777550578,1
1359,417,-0.1353091002,-0.0239598155,1
1359,449,0.5984036922,-0.1984801292,1
1359,481,1.347085476,-0.2989339828,1
1359,513,1.044448137,-0.07339900732,1
1359,545,1.085754633,-0.2497877479,1
1359,577,1.260806561,-0.5498904586,1
1359,609,1.508323431,-0.1348245144,1
1359,641,2.165115118,0.9654771686,1
1359,673,3.262250662,1.360215068,1
1359,705,3.596037388,1.263519883,1
1359,737,2.821841717,1.420323014,1
1359,769,2.366433859,0.8850915432,1
1359,801,2.730037212,0.4933743477,1
1359,833,1.974249125,1.316681862,1
1359,865,0.1928503513,1.591767669,1
1359,897,-1.993189216,1.985662222,1
1359,929,-1.509011388,4.81035614,1
1359,961,-1.594459295,2.8012743,1
1359,993,-2.582071304,3.152775288,1
1359,1025,-2.587722778,3.844718695,1
1359,1057,-2.76148963,4.197800636,1
1359,1089,-3.509150982,4.837776661,1
1359,1121,-5.190050125,3.79507041,1
1359,1153,-4.437448978,3.606517315,1
1359,1185,-2.404681683,3.965414524,1
1359,1217,-0.5682305098,5.116144657,1
1359,1249,-1.808468819,4.51095438,1
1359,1281,-2.308302641,4.232691765,1
1359,1313,-3.054096699,4.357148647,1
1359,1345,-3.576788187,5.093305588,1
1359,1377,-3.743864059,5.14648819,1
1359,1409,-3.674280167,5.743745804,1
1359,1441,-2.536195993,6.592087746,1
1359,1473,-1.252246261,7.223133087,1
1359,1505,-0.6145008802,7.097793579,1
1359,1537,-0.8056893945,6.584423542,1
1359,1569,-1.0581429,5.746759892,1
1359,1601,-1.1737082,7.152553558,1
1359,1633,-0.3268138766,8.025350571,1
1359,1665,0.03611665964,8.466299057,1
1359,1697,0.383194983,8.429543495,1
1359,1729,0.541906774,7.746117592,1
1359,1761,-0.1539547443,8.704286575,1
1359,1793,-0.9156444669,10.67466354,1
1359,1825,-0.2227087468,10.51345348,1
1359,1857,0.8377301097,9.48729229,1
1359,1889,1.680425406,10.23797798,1
1359,1921,3.250141144,12.42177773,1
1359,1953,3.493732452,11.99584198,1
1359,1985,1.206431389,19.68619156,1
1359,2017,-5.576106548,-12.6668129,1
1391,33,0.5731800199,0.64904809,1
1391,65,0.8343849182,0.1952089965,1
1391,97,1.185337067,0.4760742188,1
1391,129,0.9338188171,0.8322895765,1
1391,161,0.2493026257,2.011715651,1
1391,193,1.663493395,1.572020292,1
1391,225,2.401825428,1.611387253,1
1391,257,3.440927982,0.219781518,1
1391,289,2.065399647,-0.2018803358,1
1391,321,0.7763473392,1.498647928,1
1391,353,0.0139862895,2.814084053,1
1391,385,0.2438363433,1.606669664,1
1391,417,0.7015296817,0.6827739477,1
1391,449,0.9496234059,0.6391899586,1
1391,481,1.548840165,0.3170400262,1
1391,513,1.684471488,-0.9750221968,1
1391,545,1.567025304,-1.067412734,1
1391,577,2.066950321,-0.2831988037,1
1391,609,3.314617157,0.8700944781,1
1391,641,4.597354412,1.681699991,1
1391,673,6.780840874,1.932067394,1
1391,705,4.944308758,1.368633389,1
1391,737,2.737882614,0.6896870136,1
1391,769,2.171387911,0.6010656357,1
1391,801,2.553169489,1.399317265,1
1391,833,1.915543079,2.804695845,1
1391,865,0.1470108628,3.184200764,1
1391,897,-0.5517147779,3.377548933,1
1391,929,-0.9137083292,3.639886141,1
1391,961,-2.451352596,3.662153482,1
1391,993,-2.823001623,3.425643921,1
1391,1025,-2.903976917,3.368379116,1
1391,1057,-3.391868591,3.44437933,1
1391,1089,-4.542778015,3.648241043,1
1391,1121,-3.969857693,4.211483955,1
1391,1153,-3.947853327,3.81020999,1
1391,1185,-3.672971725,3.792309284,1
1391,1217,-1.170379162,4.626214027,1
1391,1249,1.518950462,3.85819912,1
1391,1281,-2.385478258,3.298552513,1
1391,1313,-2.765586138,3.504541636,1
1391,1345,-3.949225426,4.493455887,1
1391,1377,-3.122299194,5.069856644,1
1391,1409,-3.213062286,5.877586365,1
1391,1441,-2.686700821,7.553394318,1
1391,1473,-1.390136838,7.557886124,1
1391,1505,-0.7650025487,7.227564335,1
1391,1537,-0.5198053122,6.92730093,1
1391,1569,-0.002311244607,6.832257748,1
1391,1601,-0.09212175757,7.116385937,1
1391,1633,0.03095342964,8.076826096,1
1391,1665,0.1811097413,8.342487335,1
1391,1697,0.4477447271,8.726064682,1
1391,1729,0.2067086548,9.040874481,1
1391,1761,-0.03403413296,8.756097794,1
1391,1793,0.6408002377,9.719459534,1
1391,1825,0.4595126212,9.310219765,1
1391,1857,0.6641234159,10.02433395,1
1391,1889,1.880505323,10.58947563,1
1391,1921,2.352645159,10.35698128,1
1391,1953,1.964585543,12.17623997,1
1391,1985,4.650406837,19.37353706,1
1391,2017,-16.08356094,-14.06716251,1
1423,33,2.4297719,0.2093521357,1
1423,65,4.097123146,2.131569147,1
1423,97,2.051038027,0.7020965219,1
1423,129,1.646646261,0.937817812,1
1423,161,1.807096481,1.440840364,1
1423,193,2.063298702,1.516674519,1
1423,225,2.308442116,1.683004618,1
1423,257,2.310912609,1.082812548,1
1423,289,1.960357428,0.2331823111,1
1423,321,1.631124973,1.960306168,1
1423,353,0.819542408,1.789630175,1
1423,385,0.9549535513,1.902145147,1
1423,417,1.160129905,1.13159132,1
1423,449,1.05177629,1.169703484,1
1423,481,1.832842588,1.99074614,1
1423,513,2.293687582,0.6307109594,1
1423,545,2.052987099,0.1505533457,1
1423,577,3.127476215,0.1244417429,1
1423,609,4.39070034,1.493524551,1
1423,641,4.638878822,2.249572754,1
1423,673,4.094058037,3.160008192,1
1423,705,3.775117397,3.771591902,1
1423,737,2.541994572,1.608387232,1
1423,769,1.358348966,0.6919177771,1
1423,801,0.7081881166,2.252112865,1
1423,833,0.5976384878,3.469258308,1
1423,865,-0.06563857198,3.593438387,1
1423,897,-0.5336113572,3.711791039,1
1423,929,-0.5005973577,3.784564972,1
1423,961,-1.984448433,4.235198975,1
1423,993,-2.369637012,4.002194405,1
1423,1025,-3.271733046,2.884163857,1
1423,1057,-5.108991623,3.163050413,1
1423,1089,-4.857236385,3.255660772,1
1423,1121,-11.46719265,3.065803528,1
1423,1153,-8.42226696,3.077388525,1
1423,1185,-5.722214699,3.84793067,1
1423,1217,-2.872591734,4.768963814,1
1423,1249,-2.357732534,4.075533867,1
1423,1281,-0.3748459816,3.127630711,1
1423,1313,-2.567657471,2.992031574,1
1423,1345,-3.179192543,3.771887064,1
1423,1377,-5.165514946,3.559693813,1
1423,1409,-1.989216924,5.658340931,1
1423,1441,-1.762959003,7.16480875,1
1423,1473,-1.497948885,7.767722607,1
1423,1505,-1.004440665,7.531118393,1
1423,1537,1.147088289,7.571644783,1
1423,1569,2.414304256,7.959924698,1
1423,1601,0.4669525623,8.362362862,1
1423,1633,0.1128652096,8.603919983,1
1423,1665,-0.03195330501,8.889718056,1
1423,1697,0.2213734388,9.066186905,1
1423,1729,-0.5159960985,8.785748482,1
1423,1761,-0.3412979245,8.644854546,1
1423,1793,0.3250809908,8.932311058,1
1423,1825,0.6758221388,8.510367393,1
1423,1857,1.34911871,10.34261608,1
1423,1889,3.079722404,10.47608566,1
1423,1921,4.445583344,10.75355911,1
1423,1953,3.099007368,11.39492416,1
1423,1985,3.456258059,19.14633751,1
1423,2017,13.95716667,-14.6700449,1
1455,33,1.987478852,0.05208875239,1
1455,65,1.592611194,1.75369525,1
1455,97,2.912607193,1.754819036,1
1455,129,2.874097824,1.486635566,1
1455,161,1.791407585,2.065465927,1
1455,193,2.343475342,1.647536993,1
1455,225,2.73731041,1.606030107,1
1455,257,1.392949104,1.755907893,1
1455,289,0.5842100382,1.266496897,1
1455,321,1.626430273,0.9148185849,1
1455,353,1.947839379,0.9048931599,1
1455,385,1.774705768,1.561812878,1
1455,417,0.9763743877,1.78558445,1
1455,449,0.6595059633,2.739568233,1
1455,481,2.021891594,3.257866383,1
1455,513,2.160615444,0.7108981013,1
1455,545,2.674424648,-0.2335977554,1
1455,577,3.705868006,0.2199356556,1
1455,609,4.168539047,0.7999069691,1
1455,641,4.169932365,1.622432947,1
1455,673,3.373034477,5.223073959,1
1455,705,3.6531775,3.960002184,1
1455,737,3.18078804,2.164300203,1
1455,769,1.879562259,1.426336288,1
1455,801,0.3741055131,2.84175992,1
1455,833,0.1171126366,3.352008581,1
1455,865,-0.5914576054,3.456274033,1
1455,897,-0.5258482695,3.273016214,1
1455,929,0.03297071159,4.00268364,1
1455,961,0.04126319289,3.933832169,1
1455,993,2.873383045,5.402496815,1
1455,1025,-2.56498909,3.8416574,1
1455,1057,-6.538637161,3.531298161,1
1455,1089,-6.370002747,2.440877199,1
1455,1121,-3.210116386,1.296834469,1
1455,1153,-3.715047598,2.382237911,1
1455,1185,-3.621455193,3.584650517,1
1455,1217,-2.425709009,6.569560528,1
1455,1249,-2.574619055,5.298356056,1
1455,1281,-2.000556469,3.412033558,1
1455,1313,-2.330961466,3.301163435,1
1455,1345,-2.721251488,3.595557213,1
1455,1377,-1.106923819,1.982073307,1
1455,1409,-0.8734928966,1.753642559,1
1455,1441,0.5957095027,6.659331799,1
1455,1473,-1.270688772,7.510025501,1
1455,1505,-1.818578362,7.488061428,1
1455,1537,1.803813696,7.907360077,1
1455,1569,1.516103506,10.68228245,1
1455,1601,-0.39090693,9.796505928,1
1455,1633,-0.01445066929,8.922283173,1
1455,1665,1.131754756,8.852247238,1
1455,1697,2.176615715,7.634723663,1
1455,1729,1.639480591,7.760271072,1
1455,1761,1.001434565,8.933022499,1
1455,1793,0.9717692137,8.874190331,1
1455,1825,1.868457675,8.498497963,1
1455,1857,4.049448967,9.860389709,1
1455,1889,5.852613449,9.674608231,1
1455,1921,3.921852112,9.473320007,1
1455,1953,3.204800129,11.00875854,1
1455,1985,0.6013225317,10.06347561,1
1455,2017,-18.05519104,-10.02457809,1
1487,33,0.9762716293,0.5393300653,1
1487,65,0.7546533346,1.770789385,1
1487,97,3.007465363,3.557067633,1
1487,129,3.428803921,2.654983997,1
1487,161,2.082303047,2.365176439,1
1487,193,2.468459845,2.267511845,1
1487,225,2.786359787,2.091831923,1
1487,257,1.647544861,1.599842787,1
1487,289,0.9042217731,0.7922028899,1
1487,321,2.407166958,0.9163248539,1
1487,353,2.665243149,0.8248394728,1
1487,385,2.202758789,1.437606454,1
1487,417,1.56479013,3.043164968,1
1487,449,0.7903530598,2.816679955,1
1487,481,0.7871938944,0.3140501976,1
1487,513,1.677030802,-0.4865298271,1
1487,545,2.237688065,-0.7436221838,1
1487,577,3.312507629,-0.105314672,1
1487,609,3.674795389,0.8266707659,1
1487,641,3.522786856,1.76305449,1
1487,673,4.041934967,3.365792036,1
1487,705,4.935916901,3.942409992,1
1487,737,3.816177845,3.113719702,1
1487,769,0.9683960676,2.220555305,1
1487,801,0.2147767544,2.970537424,1
1487,833,0.03517180681,3.497600079,1
1487,865,-0.4247096181,2.970479012,1
1487,897,-0.3918639719,2.90431118,1
1487,929,0.9209144115,4.118406296,1
1487,961,1.679169893,3.143906116,1
1487,993,1.690812707,4.902287483,1
1487,1025,0.1303274632,5.203179359,1
1487,1057,-2.344465733,4.585772514,1
1487,1089,-0.6536142826,1.246015549,1
1487,1121,-1.45235467,0.8627388477,1
1487,1153,-1.14902997,1.858090401,1
1487,1185,-1.246182442,2.780545712,1
1487,1217,-3.086419821,4.314013481,1
1487,1249,-1.35601759,4.928460598,1
1487,1281,-2.376395226,4.002072811,1
1487,1313,-1.653794527,3.920958757,1
1487,1345,-0.7085260153,3.758077621,1
1487,1377,0.03537642956,4.414340019,1
1487,1409,0.1301535368,1.960597515,1
1487,1441,0.4058680534,5.851089001,1
1487,1473,-0.5943219662,6.523208141,1
1487,1505,-1.931626081,6.688112736,1
1487,1537,0.8473671675,7.057709217,1
1487,1569,0.5200899839,9.395701408,1
1487,1601,1.097680211,10.03766537,1
1487,1633,2.570742846,9.118775368,1
1487,1665,3.204951525,9.019908905,1
1487,1697,4.244590282,8.630019188,1
1487,1729,3.71152544,6.862913132,1
1487,1761,2.205833435,8.194582939,1
1487,1793,1.797100425,8.9852314,1
1487,1825,2.634382725,8.709152222,1
1487,1857,3.547937632,8.850325584,1
1487,1889,2.507203341,9.029240608,1
1487,1921,3.556099415,8.20720005,1
1487,1953,1.185094357,10.8400383,1
1487,1985,1.753736019,4.437436581,1
1487,2017,2.693440914,-1.452557564,1
1519,33,0.5602370501,0.9199828506,1
1519,65,0.3973027468,1.554931402,1
1519,97,2.044152498,1.604368567,1
1519,129,2.981476784,1.976416826,1
1519,161,2.438146114,2.268304825,1
1519,193,3.075321198,3.279726028,1
1519,225,2.50683856,3.019241333,1
1519,257,2.664372683,1.688017368,1
1519,289,2.748357773,0.4207056761,1
1519,321,2.758872509,0.8915926218,1
1519,353,2.901254892,1.388881922,1
1519,385,2.370737791,1.73269558,1
1519,417,2.18368268,3.096693277,1
1519,449,1.74082613,2.433490276,1
1519,481,2.352430344,5.141263008,1
1519,513,1.542614937,0.9089123011,1
1519,545,1.035349488,-0.237326473,1
1519,577,2.517029047,-0.7520179749,1
1519,609,5.917055607,-0.2014406919,1
1519,641,1.671621561,1.559873581,1
1519,673,3.267532587,3.740242481,1
1519,705,3.710753918,3.838047504,1
1519,737,1.843612432,3.236253023,1
1519,769,0.793951273,2.952338696,1
1519,801,0.5326888561,3.232879639,1
1519,833,0.1320713907,3.324951887,1
1519,865,-0.9440899491,3.265601873,1
1519,897,-0.7409932613,5.365955353,1
1519,929,1.244486451,4.187175274,1
1519,961,1.773570895,3.377030373,1
1519,993,1.217079878,6.442976952,1
1519,1025,0.8226412535,6.637617111,1
1519,1057,1.220276833,4.225572109,1
1519,1089,1.915094614,1.668757319,1
1519,1121,1.070300937,0.9491283894,1
1519,1153,1.094864845,0.8555743694,1
1519,1185,0.7886990309,0.3481543064,1
1519,1217,0.3766386509,3.044803381,1
1519,1249,-1.574627638,6.892890453,1
1519,1281,-2.575629234,4.520991325,1
1519,1313,-2.264322281,4.334336758,1
1519,1345,-0.2096022516,3.723001003,1
1519,1377,0.699229002,4.583493233,1
1519,1409,0.9124627113,4.375537395,1
1519,1441,1.083506227,5.300339699,1
1519,1473,-0.4042399228,6.070687294,1
1519,1505,0.2382032275,6.384026527,1
1519,1537,1.464812279,6.956264973,1
1519,1569,1.963255763,8.939109802,1
1519,1601,4.131523132,9.038701057,1
1519,1633,4.841434002,11.50159073,1
1519,1665,3.864337683,8.981126785,1
1519,1697,4.427000523,7.920512199,1
1519,1729,3.736385822,7.579605103,1
1519,1761,2.576501846,8.410114288,1
1519,1793,2.536462784,9.747020721,1
1519,1825,2.685276031,9.395443916,1
1519,1857,2.825329781,9.272973061,1
1519,1889,2.455204964,9.134853363,1
1519,1921,1.722982049,8.605969429,1
1519,1953,1.074375272,7.889545441,1
1519,1985,1.563206911,6.88270092,1
1519,2017,6.805597305,2.665325165,1
1551,33,0.3078920245,0.8142835498,1
1551,65,0.912302494,1.111008644,1
1551,97,1.081648111,0.9983662367,1
1551,129,1.257851005,1.49571085,1
1551,161,2.058748722,2.486639977,1
1551,193,1.903062463,3.046087742,1
1551,225,1.321060061,2.464503288,1
1551,257,2.294866085,1.44342196,1
1551,289,2.744577646,0.8397728205,1
1551,321,2.788461208,1.092778325,1
1551,353,2.320356369,1.687374115,1
1551,385,2.299482107,2.939491272,1
1551,417,2.690398216,2.667359114,1
1551,449,2.640572309,2.069495678,1
1551,481,2.3317554,1.333528519,1
1551,513,1.606607556,0.9124662876,1
1551,545,1.100408316,0.2602044344,1
1551,577,2.469662189,-0.01492512226,1
1551,609,4.954871178,0.7757424116,1
1551,641,2.671604633,2.213919401,1
1551,673,2.15356493,3.758714199,1
1551,705,1.766064882,3.345407009,1
1551,737,1.430723906,3.324764252,1
1551,769,0.7813117504,3.175555706,1
1551,801,0.632604599,3.006728172,1
1551,833,0.5443257689,3.252603054,1
1551,865,-0.2039982975,4.499428749,1
1551,897,-1.019043207,5.705901146,1
1551,929,0.8984451294,4.502720833,1
1551,961,3.10475421,7.935299873,1
1551,993,1.964582205,9.86813736,1
1551,1025,-0.1893473864,11.53283119,1
1551,1057,1.564001322,6.702126026,1
1551,1089,1.81300056,3.567216873,1
1551,1121,2.068107605,2.272924662,1
1551,1153,2.425844193,1.108428478,1
1551,1185,2.114232302,-0.6952772141,1
1551,1217,1.743435621,2.007318735,1
1551,1249,0.1990706921,4.367099762,1
1551,1281,-0.8620669842,4.855848789,1
1551,1313,-1.304284811,4.776174545,1
1551,1345,-0.3622265458,4.258798122,1
1551,1377,0.5895558596,5.10516119,1
1551,1409,1.156850338,5.550613403,1
1551,1441,1.025968194,5.311614513,1
1551,1473,0.9069449902,5.7787714,1
1551,1505,0.9585986137,6.410874844,1
1551,1537,1.383084416,7.196671009,1
1551,1569,2.38048315,7.998864174,1
1551,1601,2.742232561,7.554209709,1
1551,1633,2.983948469,8.718154907,1
1551,1665,3.657523155,8.870835304,1
1551,1697,4.001076698,8.54312706,1
1551,1729,3.869245052,8.145553589,1
1551,1761,3.480529308,10.05760479,1
1551,1793,3.136848927,11.10676289,1
1551,1825,2.973881006,10.32033539,1
1551,1857,2.742274761,9.64599514,1
1551,1889,2.086244106,9.5260849,1
1551,1921,1.388496995,8.719409943,1
1551,1953,1.137262344,8.281043053,1
1551,1985,1.374643803,9.529968262,1
1551,2017,2.67071104,9.434606552,1
1583,33,0.07465418428,0.5000684857,1
1583,65,1.220675707,0.9746530056,1
1583,97,1.047020316,0.629054606,1
1583,129,0.6682933569,0.8918206692,1
1583,161,1.7135427,1.141018748,1
1583,193,1.451861382,1.469163418,1
1583,225,0.9939961433,1.771496415,1
1583,257,1.818269491,1.199166059,1
1583,289,2.374707222,1.104094505,1
1583,321,2.638955116,1.482999682,1
1583,353,2.783774614,2.12956953,1
1583,385,0.6700618267,2.179196358,1
1583,417,2.810585976,2.62345314,1
1583,449,2.540107727,1.559763312,1
1583,481,2.350408316,1.060889006,1
1583,513,0.7452908754,1.048088074,1
1583,545,1.506034732,1.191358447,1
1583,577,2.071546078,1.529121876,1
1583,609,2.847304583,1.55046916,1
1583,641,2.260642529,2.152467012,1
1583,673,1.844924212,3.312958956,1
1583,705,2.00356102,3.458694696,1
1583,737,1.706443906,4.132294655,1
1583,769,0.993506074,3.46316576,1
1583,801,0.9867169857,3.076572657,1
1583,833,1.149103284,3.331465483,1
1583,865,0.791176796,4.810257912,1
1583,897,0.4902498126,4.907774448,1
1583,929,1.236501098,5.981777668,1
1583,961,3.738266468,8.328174591,1
1583,993,3.560000181,8.093586922,1
1583,1025,1.508517027,9.545014381,1
1583,1057,1.55770731,6.725642204,1
1583,1089,1.935055733,4.6472826,1
1583,1121,2.923707247,3.825686216,1
1583,1153,4.058864117,2.930129528,1
1583,1185,4.085683823,0.8218617439,1
1583,1217,3.734297276,1.917685986,1
1583,1249,2.504146576,4.667783737,1
1583,1281,0.8098224998,5.650068283,1
1583,1313,-0.2309598923,5.970700264,1
1583,1345,-0.8882262707,5.907674789,1
1583,1377,-0.3975017667,5.518070698,1
1583,1409,0.8337335587,5.832904339,1
1583,1441,1.542387009,5.980065346,1
1583,1473,1.588322639,5.981287003,1
1583,1505,1.430156589,6.394522667,1
1583,1537,1.389944911,6.934977531,1
1583,1569,1.757067919,6.763588428,1
1583,1601,2.697100639,7.641836166,1
1583,1633,4.089796066,8.656183243,1
1583,1665,3.670367718,8.619935036,1
1583,1697,1.993616343,8.569392204,1
1583,1729,2.83400774,8.400219917,1
1583,1761,3.373863935,8.029330254,1
1583,1793,4.703752518,9.587164879,1
1583,1825,4.017679214,8.738639832,1
1583,1857,2.806076527,9.12400341,1
1583,1889,2.096903563,9.582213402,1
1583,1921,1.443083286,8.944379807,1
1583,1953,1.141794324,8.733571053,1
1583,1985,1.330882907,8.981075287,1
1583,2017,2.24461627,10.33986568,1
1615,33,0.03378635645,0.5130315423,1
1615,65,0.9619386196,0.8741257191,1
1615,97,1.63504529,0.4154073596,1
1615,129,1.586745024,0.5515257716,1
1615,161,1.538878441,0.7374975681,1
1615,193,1.618914247,1.264703989,1
1615,225,1.677020311,1.882030606,1
1615,257,1.545611739,1.394148231,1
1615,289,1.970637798,1.372534156,1
1615,321,2.653222799,1.372486472,1
1615,353,2.78497076,1.887352228,1
1615,385,2.318137884,2.155178547,1
1615,417,2.177982807,2.929792404,1
1615,449,1.764721513,1.386718035,1
1615,481,1.519885421,0.6510218382,1
1615,513,1.558945417,1.439474106,1
1615,545,1.388833284,2.746835709,1
1615,577,2.182047606,3.273688793,1
1615,609,1.740357637,2.778935671,1
1615,641,1.633973956,2.942916155,1
1615,673,1.558837891,3.274431944,1
1615,705,1.470240831,3.564912319,1
1615,737,1.272735596,3.757871151,1
1615,769,1.343153715,3.976011276,1
1615,801,2.067174435,4.005023956,1
1615,833,1.803011179,3.575945616,1
1615,865,0.9100645781,3.878101826,1
1615,897,0.7333619595,4.529382706,1
1615,929,1.441037416,5.420463085,1
1615,961,3.044217587,7.982768536,1
1615,993,4.07523489,7.260707378,1
1615,1025,2.085692883,8.307683945,1
1615,1057,2.233613491,6.157362938,1
1615,1089,2.749758959,5.237934113,1
1615,1121,3.93899107,4.778305531,1
1615,1153,5.552584171,4.838125229,1
1615,1185,5.359821796,3.980882645,1
1615,1217,4.705749989,4.020996094,1
1615,1249,3.62561512,5.86729908,1
1615,1281,2.157397747,7.211462021,1
1615,1313,-1.123323441,7.412068367,1
1615,1345,-2.137210131,7.220851421,1
1615,1377,-0.6537314653,6.027434826,1
1615,1409,1.170875669,5.933436394,1
1615,1441,2.400145054,6.03988266,1
1615,1473,3.562700033,5.681950092,1
1615,1505,2.510643482,6.305966377,1
1615,1537,1.188274384,6.81803751,1
1615,1569,1.059098482,6.791969299,1
1615,1601,1.757045507,7.594245434,1
1615,1633,2.495516777,8.378836632,1
1615,1665,2.861884594,8.167790413,1
1615,1697,1.887335181,8.316558838,1
1615,1729,2.017352104,8.455352783,1
1615,1761,3.01056695,7.315345764,1
1615,1793,4.834594727,7.343090057,1
1615,1825,4.46806097,7.675004959,1
1615,1857,2.713894367,9.283353806,1
1615,1889,2.025283813,9.461565018,1
1615,1921,1.382953644,9.186079025,1
1615,1953,1.283591628,9.421146393,1
1615,1985,1.070439577,9.076383591,1
1615,2017,-1.113196492,0.711098671,1
1647,33,0.3876129985,0.8652801514,1
1647,65,0.7111349702,0.8380129337,1
1647,97,1.12222755,0.7621145844,1
1647,129,1.464254975,0.3853335381,1
1647,161,1.524092793,0.3268018961,1
1647,193,1.883016229,1.717378259,1
1647,225,2.028235435,2.015208244,1
1647,257,1.656242132,1.372145176,1
1647,289,1.915876746,1.32184732,1
1647,321,2.348484516,1.185159445,1
1647,353,2.541645288,1.767342806,1
1647,385,2.467571974,1.783602238,1
1647,417,1.917182207,1.452574611,1
1647,449,1.48199439,0.9517278671,1
1647,481,1.588244081,-0.09226894379,1
1647,513,2.063641548,1.67918539,1
1647,545,2.149172306,2.748425245,1
1647,577,2.340408087,3.016196012,1
1647,609,3.040922165,3.283704996,1
1647,641,2.792198181,4.321757317,1
1647,673,1.047510862,3.245772123,1
1647,705,0.4280823469,3.417521954,1
1647,737,0.5990414619,3.610257626,1
1647,769,1.27014184,4.0887537,1
1647,801,2.597113609,4.252188683,1
1647,833,1.808248639,3.898979664,1
1647,865,-0.1135405302,3.493355989,1
1647,897,0.4027228355,3.6727283,1
1647,929,2.924262524,5.341485977,1
1647,961,4.768816948,7.73084116,1
1647,993,7.943309784,6.068158627,1
1647,1025,3.500624657,6.641683578,1
1647,1057,3.134505987,5.920917034,1
1647,1089,3.528926849,5.888373375,1
1647,1121,4.251087189,5.408815861,1
1647,1153,6.012824059,6.21420002,1
1647,1185,5.214004517,5.766757965,1
1647,1217,3.933534145,5.86895752,1
1647,1249,3.281415939,7.890249729,1
1647,1281,1.581057191,8.721370697,1
1647,1313,-0.2285920531,8.049237251,1
1647,1345,-0.7253507376,7.134209156,1
1647,1377,0.2005672455,6.374210358,1
1647,1409,3.539402485,6.556852818,1
1647,1441,3.982760191,5.426391602,1
1647,1473,4.56750536,4.485282421,1
1647,1505,3.416405201,4.584009647,1
1647,1537,0.1263927221,6.401693344,1
1647,1569,0.8298676014,6.598131657,1
1647,1601,1.264559627,7.340859413,1
1647,1633,1.714967608,8.255479813,1
1647,1665,1.813469291,8.483705521,1
1647,1697,1.496308446,8.870622635,1
1647,1729,2.855158329,11.20187855,1
1647,1761,5.129575729,12.99496365,1
1647,1793,5.164623737,9.550822258,1
1647,1825,2.553443432,8.309555054,1
1647,1857,0.1847262383,10.91174603,1
1647,1889,0.9920654297,9.388623238,1
1647,1921,1.227753639,9.469268799,1
1647,1953,0.8650052547,9.856243134,1
1647,1985,0.5778215528,9.567622185,1
1647,2017,9.260742188,27.34083366,1
1679,33,-0.6693213582,1.013932109,1
1679,65,-0.1796423197,1.291071177,1
1679,97,0.8520206809,1.910481453,1
1679,129,1.294940472,0.5359498262,1
1679,161,1.943305016,-0.1267380118,1
1679,193,2.116254807,1.203966737,1
1679,225,2.05858779,1.5055269,1
1679,257,1.710902691,1.028776884,1
1679,289,1.661511302,1.02379775,1
1679,321,1.807374001,1.219865799,1
1679,353,1.922842026,1.627994537,1
1679,385,2.223763943,1.566255212,1
1679,417,2.349398851,1.201270223,1
1679,449,2.285467386,1.427524209,1
1679,481,2.44077611,1.48030448,1
1679,513,2.250268698,2.061164856,1
1679,545,2.022333622,2.333758831,1
1679,577,1.860847116,2.645857334,1
1679,609,2.182759762,3.310752392,1
1679,641,1.837177873,4.330713272,1
1679,673,0.7439858913,2.989331484,1
1679,705,0.07166069746,3.4271667,1
1679,737,0.1447016597,4.071962357,1
1679,769,0.6264757514,4.483719349,1
1679,801,0.7813813686,4.401645184,1
1679,833,-1.312626004,4.184788704,1
1679,865,-1.931753516,4.018762589,1
1679,897,0.1129601598,4.047934532,1
1679,929,2.451075554,4.83491087,1
1679,961,3.475913048,5.396587372,1
1679,993,3.604946375,5.975132465,1
1679,1025,3.599627495,4.975622654,1
1679,1057,4.151645184,5.221972466,1
1679,1089,4.614850044,5.425545216,1
1679,1121,4.733335972,5.048501968,1
1679,1153,5.923755646,5.451794147,1
1679,1185,5.635671616,5.726521015,1
1679,1217,3.980002403,7.282006264,1
1679,1249,3.544706821,8.656486511,1
1679,1281,1.748740315,9.078700066,1
1679,1313,0.2692314982,8.280905724,1
1679,1345,0.125303328,6.905161858,1
1679,1377,1.129727364,4.820638657,1
1679,1409,4.123960495,4.3301301,1
1679,1441,5.469436646,5.313791752,1
1679,1473,4.433376312,5.555419922,1
1679,1505,2.375513077,4.878326893,1
1679,1537,0.6051174402,5.863716125,1
1679,1569,0.6084475517,6.500869751,1
1679,1601,1.020010233,6.942506313,1
1679,1633,1.165397286,8.243690491,1
1679,1665,1.448854446,8.326647758,1
1679,1697,1.681045055,8.46190834,1
1679,1729,2.068753242,8.882966042,1
1679,1761,3.580401897,13.15514469,1
1679,1793,2.38335824,11.43395424,1
1679,1825,1.513572931,9.843719482,1
1679,1857,0.4995315075,11.79970074,1
1679,1889,0.9179977179,9.39659977,1
1679,1921,0.8639905453,9.725422859,1
1679,1953,0.4009477496,9.844529152,1
1679,1985,0.3070175052,9.88476944,1
1679,2017,-13.32974243,24.22439957,1
1711,33,0.008596658707,0.5584663153,1
1711,65,-0.250191927,1.438567638,1
1711,97,0.6499468684,1.356487036,1
1711,129,1.501396656,1.225394607,1
1711,161,2.085612297,1.118117332,1
1711,193,2.066772938,0.9225912094,1
1711,225,2.001104832,1.133275747,1
1711,257,2.165037632,0.9616869688,1
1711,289,2.014194012,0.8856129646,1
1711,321,1.293951869,0.8318347931,1
1711,353,1.118413091,1.422210932,1
1711,385,1.532283783,1.715540409,1
1711,417,1.673582554,1.718583822,1
1711,449,2.759993553,1.803509712,1
1711,481,3.609461069,2.400330067,1
1711,513,2.678160191,2.326718092,1
1711,545,1.304743648,1.957415819,1
1711,577,1.342188954,2.181758642,1
1711,609,1.50976181,2.683453798,1
1711,641,1.34075582,2.818161249,1
1711,673,0.3329526782,2.73764348,1
1711,705,0.1159868836,3.652944565,1
1711,737,0.4068884254,5.464929581,1
1711,769,0.3492584229,5.182231426,1
1711,801,0.2759979963,4.30555439,1
1711,833,-1.549593329,4.009771824,1
1711,865,-1.298169136,4.885913849,1
1711,897,0.01273918152,3.854056358,1
1711,929,1.581163764,4.079508305,1
1711,961,2.49756074,3.831444263,1
1711,993,3.022594452,3.895148277,1
1711,1025,3.757969379,3.876041412,1
1711,1057,4.64821291,4.107143402,1
1711,1089,5.338604927,4.300432682,1
1711,1121,5.464713573,4.350867271,1
1711,1153,5.341851234,5.019437313,1
1711,1185,5.076610565,5.79903841,1
1711,1217,4.391302109,7.604329586,1
1711,1249,4.902285576,8.202734947,1
1711,1281,2.889004707,8.035593033,1
1711,1313,0.6413267851,8.258760452,1
1711,1345,-0.4182384014,7.923933029,1
1711,1377,1.079218388,6.215167522,1
1711,1409,3.055094004,4.6907897,1
1711,1441,3.728398323,5.459712982,1
1711,1473,3.583264351,6.23571825,1
1711,1505,5.58138752,6.902270794,1
1711,1537,1.588380098,5.817927837,1
1711,1569,1.383594275,5.64084053,1
1711,1601,0.7577831745,6.27175951,1
1711,1633,0.9242509604,7.619001865,1
1711,1665,1.48894155,7.084962368,1
1711,1697,1.806377411,7.246794701,1
1711,1729,2.06896925,8.572310448,1
1711,1761,1.937099218,9.467057228,1
1711,1793,1.302827954,11.07230377,1
1711,1825,1.116539836,10.83732891,1
1711,1857,0.5227098465,13.86308575,1
1711,1889,0.8205205798,9.43338871,1
1711,1921,0.6635947824,9.887528419,1
1711,1953,0.272251457,9.749142647,1
1711,1985,0.1188619062,9.487491608,1
1711,2017,-1.808854103,28.71665955,1
1743,33,0.983266592,0.3662821651,1
1743,65,1.120584726,1.130411506,1
1743,97,0.6058238745,1.740450978,1
1743,129,1.25922668,2.247243643,1
1743,161,1.878449082,2.137782097,1
1743,193,2.140984297,1.028956294,1
1743,225,2.208333492,1.011678934,1
1743,257,1.710315466,0.8552923203,1
1743,289,1.60392952,0.903511405,1
1743,321,1.692501307,1.130729437,1
1743,353,1.903173804,1.605097532,1
1743,385,1.75820303,1.997526884,1
1743,417,1.232635021,1.756378651,1
1743,449,2.457422495,2.137251854,1
1743,481,2.672027826,2.377782822,1
1743,513,1.551280022,2.279987335,1
1743,545,0.7913253307,1.96560812,1
1743,577,1.13685894,1.608803034,1
1743,609,1.081245303,0.9976382256,1
1743,641,0.4292248487,2.627637148,1
1743,673,0.2745881677,3.491187811,1
1743,705,0.8104981184,4.282536507,1
1743,737,0.8977380395,6.823922634,1
1743,769,1.502828002,6.135163784,1
1743,801,7.748966217,5.835399628,1
1743,833,-2.179078579,2.570204735,1
1743,865,-0.6399335861,3.336727381,1
1743,897,0.02931714058,3.034333229,1
1743,929,1.286932945,3.084263325,1
1743,961,2.344856501,2.562394142,1
1743,993,2.715418816,2.94520092,1
1743,1025,3.223535776,3.340637684,1
1743,1057,4.136115074,2.968198299,1
1743,1089,4.992111683,3.05469799,1
1743,1121,5.598105431,4.071935654,1
1743,1153,5.873566151,4.896259308,1
1743,1185,5.581830978,5.037470818,1
1743,1217,4.306355476,5.717301846,1
1743,1249,4.222937107,6.283047676,1
1743,1281,2.48061657,7.06237936,1
1743,1313,0.07242798805,7.643100262,1
1743,1345,0.9714398384,8.243686676,1
1743,1377,1.257456779,7.062297821,1
1743,1409,2.198152781,5.786124706,1
1743,1441,2.904839277,5.421435356,1
1743,1473,2.479488611,5.581391335,1
1743,1505,2.396507025,6.298368454,1
1743,1537,1.987235665,6.551747799,1
1743,1569,0.2894356251,6.221014023,1
1743,1601,0.07426071167,6.221045494,1
1743,1633,1.464791298,6.393133163,1
1743,1665,1.407701015,5.939320087,1
1743,1697,1.464866042,7.471931458,1
1743,1729,1.484714746,9.036177635,1
1743,1761,0.9139121771,9.758164406,1
1743,1793,0.9101288319,10.45482254,1
1743,1825,1.021070719,8.940839767,1
1743,1857,1.059598207,9.246078491,1
1743,1889,0.921246171,9.399633408,1
1743,1921,0.7339746952,10.34508133,1
1743,1953,-0.02948495746,9.727705956,1
1743,1985,-0.2403766215,9.24065876,1
1743,2017,-0.05135035515,-1.478192329,1
1775,33,1.221417904,0.03963446617,1
1775,65,1.834290028,2.345459461,1
1775,97,1.42454958,2.715031385,1
1775,129,1.450463414,3.890173912,1
1775,161,2.282743454,3.220067024,1
1775,193,2.375864506,1.119022846,1
1775,225,2.236336946,1.160449028,1
1775,257,1.996005774,1.388378263,1
1775,289,2.020176649,1.366343856,1
1775,321,3.163081169,1.282758832,1
1775,353,3.519486666,1.922163129,1
1775,385,2.822217941,2.727716684,1
1775,417,2.475166559,2.700092793,1
1775,449,2.424568653,2.646950722,1
1775,481,1.844602108,2.544401169,1
1775,513,1.371011615,2.100348473,1
1775,545,1.15313828,1.767194748,1
1775,577,9.688439369,-8.487380981,1
1775,609,0.7733662128,1.431483507,1
1775,641,1.02676928,3.006911755,1
1775,673,1.192559719,4.268586636,1
1775,705,2.241436243,3.850059509,1
1775,737,2.982598782,4.50570631,1
1775,769,3.576556683,6.460945606,1
1775,801,2.006242752,6.566795349,1
1775,833,-0.6989506483,3.956773758,1
1775,865,-0.7189371586,3.261215687,1
1775,897,0.3541759253,2.911495686,1
1775,929,0.9634058475,2.090136766,1
1775,961,1.667608261,2.499181509,1
1775,993,2.231806517,2.440804482,1
1775,1025,2.90329504,2.856316805,1
1775,1057,3.802852392,3.317882299,1
1775,1089,4.575720787,4.349137306,1
1775,1121,5.164063931,4.506625652,1
1775,1153,5.808446884,4.38654232,1
1775,1185,6.039063931,3.675858498,1
1775,1217,5.581725597,5.154111385,1
1775,1249,4.800845623,5.435438633,1
1775,1281,3.764215946,5.878801823,1
1775,1313,2.26429534,5.841032982,1
1775,1345,2.006031036,6.324849129,1
1775,1377,0.5782824755,6.513711929,1
1775,1409,1.796880245,5.912102699,1
1775,1441,3.02008009,5.743423462,1
1775,1473,1.953675508,6.008039474,1
1775,1505,2.044243097,6.414063931,1
1775,1537,3.577403307,6.329627514,1
1775,1569,0.6246865988,6.681064606,1
1775,1601,0.01012763381,6.195769787,1
1775,1633,0.1819388568,6.149595737,1
1775,1665,2.657557249,8.039718628,1
1775,1697,2.325866699,9.177832603,1
1775,1729,0.7632020116,8.916489601,1
1775,1761,0.509534955,8.81297493,1
1775,1793,0.5621884465,9.114281654,1
1775,1825,0.8681287169,8.617565155,1
1775,1857,1.663148284,8.734603882,1
1775,1889,1.185562372,9.789423943,1
1775,1921,0.4403372705,9.81145668,1
1775,1953,-0.9861378074,9.225548744,1
1775,1985,-0.5552946925,9.470424652,1
1775,2017,0.3688849807,9.228438377,1
1807,33,1.70197475,0.26326859,1
1807,65,2.011382103,2.068078041,1
1807,97,1.781611085,1.991343021,1
1807,129,2.161523819,3.485846281,1
1807,161,3.048784971,2.262824059,1
1807,193,2.54978323,1.455421805,1
1807,225,2.46933794,1.574879885,1
1807,257,2.387702942,1.686314821,1
1807,289,2.475623131,1.823026538,1
1807,321,3.303668499,1.549581051,1
1807,353,3.502913475,2.026440144,1
1807,385,3.082991838,3.637795448,1
1807,417,2.860940933,3.83996129,1
1807,449,2.337779284,3.221295357,1
1807,481,1.901513577,2.874655485,1
1807,513,2.720208168,2.830147505,1
1807,545,1.569302678,1.837462187,1
1807,577,-0.007603645325,0.3468408585,1
1807,609,0.3604863882,1.993466139,1
1807,641,1.236208081,2.934159756,1
1807,673,1.669050455,3.575643778,1
1807,705,2.424712181,1.56850481,1
1807,737,0.5691310167,0.2545557022,1
1807,769,0.8064433336,5.558049202,1
1807,801,-0.1057351828,4.762285709,1
1807,833,-0.07483696938,3.684072495,1
1807,865,0.02608060837,3.174003124,1
1807,897,0.4761887789,3.058412552,1
1807,929,1.220584631,3.314861536,1
1807,961,1.357185721,3.224201202,1
1807,993,1.68297863,2.35517168,1
1807,1025,3.037224054,2.305126429,1
1807,1057,4.640972137,4.002259254,1
1807,1089,4.630805492,4.94545126,1
1807,1121,5.27218008,5.150736809,1
1807,1153,6.48165226,4.900700092,1
1807,1185,5.611042023,5.075975418,1
1807,1217,5.996703148,5.383602619,1
1807,1249,5.622430325,4.902637959,1
1807,1281,4.645814419,4.491464138,1
1807,1313,3.663901567,4.990225792,1
1807,1345,2.870629311,5.84280014,1
1807,1377,1.603605509,5.157641411,1
1807,1409,2.114575386,4.995166302,1
1807,1441,2.809140682,5.86017704,1
1807,1473,1.824991226,6.925249577,1
1807,1505,0.5609912872,6.315930843,1
1807,1537,0.3681147695,6.374203682,1
1807,1569,0.3322963119,6.689466476,1
1807,1601,1.038625479,7.031496525,1
1807,1633,0.4683294892,8.063013077,1
1807,1665,-0.008176505566,8.83621788,1
1807,1697,-0.1456004977,8.823574066,1
1807,1729,0.1477492452,8.088630676,1
1807,1761,0.2280337512,7.979332924,1
1807,1793,0.02140974998,8.334915161,1
1807,1825,0.5362958908,8.436770439,1
1807,1857,0.4997419417,8.621229172,1
1807,1889,0.1732141972,9.071676254,1
1807,1921,0.6705640554,9.135102272,1
1807,1953,-0.3647631705,8.319791794,1
1807,1985,-0.2940715551,8.853737831,1
1807,2017,0.5162693262,9.485498428,1
1839,33,1.63073051,0.2173292339,1
1839,65,1.219758153,0.8863158226,1
1839,97,1.186943054,0.8956769705,1
1839,129,2.324808121,1.663144112,1
1839,161,2.585052967,1.547492146,1
1839,193,2.557998657,1.755000234,1
1839,225,2.26400876,2.125462532,1
1839,257,2.0543015,1.992935181,1
1839,289,2.117098093,2.032014847,1
1839,321,2.517521143,1.995106697,1
1839,353,3.217028379,2.354329586,1
1839,385,3.219666481,3.842460394,1
1839,417,2.696350336,3.968917131,1
1839,449,2.603829145,4.137661457,1
1839,481,3.91197443,4.388334751,1
1839,513,2.797248363,4.113745689,1
1839,545,1.624262333,2.209046364,1
1839,577,1.14617312,2.145884514,1
1839,609,0.902541399,2.814591169,1
1839,641,1.036831617,3.038378716,1
1839,673,1.259781122,3.229973078,1
1839,705,-0.1319284439,1.59113121,1
1839,737,-0.8810420036,1.321003437,1
1839,769,-2.322716236,4.128758907,1
1839,801,-5.796230316,22.56860352,1
1839,833,3.315898657,2.873334169,1
1839,865,2.157024622,4.097287178,1
1839,897,1.992165565,3.945043325,1
1839,929,1.964630842,3.72039628,1
1839,961,2.549844265,4.404661179,1
1839,993,1.38543725,2.424754858,1
1839,1025,2.48886013,3.294650793,1
1839,1057,4.039166451,3.455776453,1
1839,1089,4.220543861,4.697086334,1
1839,1121,4.540771008,5.186910152,1
1839,1153,5.306547642,5.48833847,1
1839,1185,5.436388493,5.755629539,1
1839,1217,5.965895176,5.241279602,1
1839,1249,6.076899529,4.685829639,1
1839,1281,5.172406673,4.640099525,1
1839,1313,4.123290539,5.037005424,1
1839,1345,4.540638924,6.957030296,1
1839,1377,3.508079767,5.469804764,1
1839,1409,2.113159418,4.77415514,1
1839,1441,1.610907793,5.342152596,1
1839,1473,1.267175913,7.219869614,1
1839,1505,0.8273561597,6.865889072,1
1839,1537,0.2158653736,7.613102436,1
1839,1569,0.08973444998,7.88065958,1
1839,1601,0.9715104103,8.009391785,1
1839,1633,-0.1955969036,7.96689415,1
1839,1665,-0.5089691877,8.203232765,1
1839,1697,-0.4198368788,8.412601471,1
1839,1729,-0.1505203694,7.657728195,1
1839,1761,0.05869519711,7.582307816,1
1839,1793,0.1425402462,8.071612358,1
1839,1825,0.5170377493,8.638406754,1
1839,1857,0.2197947502,8.748540878,1
1839,1889,-0.1628950536,9.153376579,1
1839,1921,-0.2089323401,9.133105278,1
1839,1953,-0.6012352109,8.328299522,1
1839,1985,-0.4362386465,8.404978752,1
1839,2017,-0.03552865982,9.584070206,1
1871,33,1.534250259,0.6258691549,1
1871,65,2.403905153,1.627373457,1
1871,97,2.495348215,1.715532899,1
1871,129,1.925933361,2.073284149,1
1871,161,2.3554914,1.81662631,1
1871,193,2.294393063,1.853734851,1
1871,225,2.114886522,2.317547798,1
1871,257,2.06885314,2.412640095,1
1871,289,2.43375349,2.383906603,1
1871,321,2.59778738,2.455365896,1
1871,353,3.070647717,2.586744785,1
1871,385,4.25682354,2.606524467,1
1871,417,5.151790142,2.636718035,1
1871,449,4.555896759,3.254606247,1
1871,481,3.200577497,2.87702775,1
1871,513,1.588844895,2.890837193,1
1871,545,1.653137445,2.637481213,1
1871,577,1.282899976,3.236899137,1
1871,609,0.8036618233,3.657654524,1
1871,641,1.258573413,2.948902845,1
1871,673,1.131788969,1.864446163,1
1871,705,0.3682296276,1.961791992,1
1871,737,2.023226976,4.342895985,1
1871,769,1.1320678,5.053963661,1
1871,801,1.85454762,2.470111609,1
1871,833,6.409418583,3.879201174,1
1871,865,3.835561991,4.355447769,1
1871,897,2.370493889,4.263056278,1
1871,929,1.949728489,3.349410534,1
1871,961,2.841393471,3.484185696,1
1871,993,2.588554144,2.233990669,1
1871,1025,3.022596359,4.199342728,1
1871,1057,3.633834362,3.647242546,1
1871,1089,3.015262127,4.496298313,1
1871,1121,3.575634956,4.674704552,1
1871,1153,4.526837349,5.016847134,1
1871,1185,5.940855503,5.360393524,1
1871,1217,6.711641312,5.16646719,1
1871,1249,6.530221462,4.991444588,1
1871,1281,5.567082405,5.167094707,1
1871,1313,4.831320763,5.131865978,1
1871,1345,2.883535385,5.755810261,1
1871,1377,2.819815636,5.781546593,1
1871,1409,2.517753601,3.890876293,1
1871,1441,1.889574647,3.825922012,1
1871,1473,1.658022881,7.32579422,1
1871,1505,0.6851583123,7.375758171,1
1871,1537,0.01944491267,8.510375977,1
1871,1569,-0.08880236745,8.948730469,1
1871,1601,0.03378385305,8.602028847,1
1871,1633,-0.7385247946,7.973974228,1
1871,1665,-0.2064627707,7.569231987,1
1871,1697,-0.1572115421,8.331848145,1
1871,1729,-0.313711077,7.617058277,1
1871,1761,0.525808692,7.702157021,1
1871,1793,1.212589025,8.771764755,1
1871,1825,2.049921751,8.819797516,1
1871,1857,0.9328348637,10.17567158,1
1871,1889,0.07689920068,9.283931732,1
1871,1921,-0.8306912184,9.50722599,1
1871,1953,-1.02759099,9.668859482,1
1871,1985,-0.9041494131,9.208575249,1
1871,2017,-1.421333194,7.314254761,1
1903,33,1.810517311,1.019353628,1
1903,65,2.158460379,2.087772846,1
1903,97,1.886138797,2.50684166,1
1903,129,2.095785141,1.986581326,1
1903,161,2.503573656,2.100019217,1
1903,193,2.449479818,2.093775272,1
1903,225,2.025269985,1.818645477,1
1903,257,2.160301447,2.226982117,1
1903,289,2.529620171,3.691411734,1
1903,321,2.675372601,4.051600456,1
1903,353,4.290555954,3.611631155,1
1903,385,10.73379707,-0.4395165443,1
1903,417,4.597770691,1.221452951,1
1903,449,3.204870462,2.77200079,1
1903,481,1.71657753,2.732302189,1
1903,513,1.577165365,2.915142298,1
1903,545,1.148347497,3.063851595,1
1903,577,0.586107254,3.62767148,1
1903,609,-0.005524456501,3.441007376,1
1903,641,-0.7882943153,1.297589302,1
1903,673,0.8782097697,1.997210503,1
1903,705,1.424958467,2.748605013,1
1903,737,2.484769344,3.634117603,1
1903,769,2.235438108,4.907123566,1
1903,801,2.081182003,3.731865168,1
1903,833,3.296683311,3.636341095,1
1903,865,2.373900414,4.128446579,1
1903,897,1.982113123,3.500289202,1
1903,929,2.007222414,2.869166851,1
1903,961,2.548756838,3.589404345,1
1903,993,2.821851015,2.68453002,1
1903,1025,2.620103836,3.26818037,1
1903,1057,3.233885527,3.851636887,1
1903,1089,4.401598454,4.125478745,1
1903,1121,3.571485043,4.366454124,1
1903,1153,4.120547295,4.548251629,1
1903,1185,5.524411201,4.704882145,1
1903,1217,7.566173553,4.98227787,1
1903,1249,5.88048172,5.292150974,1
1903,1281,5.269886971,5.369636536,1
1903,1313,4.936286449,5.411468983,1
1903,1345,3.917508125,6.084290981,1
1903,1377,3.295206308,7.11710453,1
1903,1409,3.379212141,4.9622159,1
1903,1441,3.501442432,4.230426788,1
1903,1473,1.852688313,5.917946339,1
1903,1505,-0.9437435269,7.542961597,1
1903,1537,-1.765356064,8.810933113,1
1903,1569,-0.6022201777,9.436063766,1
1903,1601,-0.2862186134,8.573123932,1
1903,1633,-0.6984428167,8.015192032,1
1903,1665,-0.3723232746,7.702824593,1
1903,1697,-1.302978039,7.309284687,1
1903,1729,-0.6854059696,7.308251381,1
1903,1761,0.4821380973,8.029705048,1
1903,1793,0.3572386503,9.088166237,1
1903,1825,0.1860620677,10.64201927,1
1903,1857,1.778605938,9.098470688,1
1903,1889,0.169998765,9.207890511,1
1903,1921,-0.6739647388,9.607179642,1
1903,1953,-1.035559893,9.887490273,1
1903,1985,-1.15615344,9.00749588,1
1903,2017,-1.344866753,5.196558952,1
1935,33,0.3485019207,1.005980015,1
1935,65,0.7411170006,2.88186121,1
1935,97,1.451956511,2.27670002,1
1935,129,1.711106658,2.120812893,1
1935,161,2.224918365,1.954605103,1
1935,193,2.141327858,1.835903406,1
1935,225,1.903536439,1.608817697,1
1935,257,1.969048381,1.934810877,1
1935,289,2.132736206,4.901950836,1
1935,321,2.810997725,5.020823956,1
1935,353,3.998677015,3.665889978,1
1935,385,2.7458601,1.57882762,1
1935,417,1.847188234,2.531399727,1
1935,449,2.079040527,3.532721043,1
1935,481,3.187440395,5.887302876,1
1935,513,2.495830536,4.794127941,1
1935,545,1.141140699,3.405486107,1
1935,577,0.9660412669,3.188068151,1
1935,609,0.6297968626,2.937547445,1
1935,641,-0.896905005,2.672055483,1
1935,673,1.056292772,2.532097101,1
1935,705,1.118049145,3.112491846,1
1935,737,0.7296879292,3.04823184,1
1935,769,10.66509914,6.341984749,1
1935,801,1.919923782,3.633592606,1
1935,833,1.816599727,3.197569132,1
1935,865,1.419600487,3.386451483,1
1935,897,0.9832756519,3.055374622,1
1935,929,2.66512537,4.297944546,1
1935,961,3.517741203,4.016071796,1
1935,993,3.594918966,3.608308077,1
1935,1025,1.973804951,2.76213789,1
1935,1057,1.994433641,3.128595352,1
1935,1089,3.369412422,3.432668924,1
1935,1121,3.482200623,3.757671118,1
1935,1153,4.313369751,3.680242538,1
1935,1185,9.162685394,3.946598053,1
1935,1217,7.716511726,4.279021263,1
1935,1249,5.565813541,4.951944351,1
1935,1281,3.360819817,4.98661232,1
1935,1313,4.977772713,4.97952795,1
1935,1345,4.043798923,5.99512434,1
1935,1377,3.092555523,6.324455738,1
1935,1409,2.982562065,7.095730782,1
1935,1441,2.467468023,5.838176727,1
1935,1473,0.8509916067,3.733752728,1
1935,1505,-3.35587883,6.626835823,1
1935,1537,-3.497887135,8.023917198,1
1935,1569,-1.251641273,8.656812668,1
1935,1601,0.4912111163,8.217851639,1
1935,1633,-0.482917726,7.558996201,1
1935,1665,-0.9523836374,6.986250877,1
1935,1697,-3.239459276,5.26687479,1
1935,1729,-3.309011459,4.968198776,1
1935,1761,-0.9073390961,9.70326519,1
1935,1793,-1.708254337,9.43913269,1
1935,1825,-1.419129848,9.717194557,1
1935,1857,0.1775652766,9.933412552,1
1935,1889,0.1020239294,9.152757645,1
1935,1921,-0.1832402945,9.630013466,1
1935,1953,-0.4651455283,9.521400452,1
1935,1985,-0.8300522566,8.470358849,1
1935,2017,-0.5864889026,-0.1236977577,1
1967,33,-0.2064478397,0.5699028373,1
1967,65,0.3751174212,2.509319305,1
1967,97,0.735974431,1.683682442,1
1967,129,0.842410326,1.845199704,1
1967,161,1.975562334,1.039536715,1
1967,193,1.857367516,1.176146269,1
1967,225,1.38297379,1.696061492,1
1967,257,1.719297171,2.082717419,1
1967,289,1.916501999,3.658575773,1
1967,321,2.882323027,2.990379333,1
1967,353,3.105213881,0.4321432114,1
1967,385,1.824765921,1.592321396,1
1967,417,0.8452186584,3.645546436,1
1967,449,2.396233797,3.313605309,1
1967,481,2.594042301,6.766698837,1
1967,513,1.643745303,4.397479534,1
1967,545,1.185542464,3.42098093,1
1967,577,1.419706225,3.105617285,1
1967,609,5.994296074,-0.8805251122,1
1967,641,1.040708303,2.988657475,1
1967,673,1.256101608,3.182319403,1
1967,705,0.6101894379,3.957946301,1
1967,737,0.09312093258,2.303052425,1
1967,769,0.1127679348,2.84491396,1
1967,801,1.061454654,3.455219984,1
1967,833,1.505424738,3.01006031,1
1967,865,1.54763341,3.192465782,1
1967,897,1.936796427,4.434625626,1
1967,929,3.696162224,5.127056599,1
1967,961,3.581997156,3.847109079,1
1967,993,2.985395432,2.363019943,1
1967,1025,2.329341173,1.740617275,1
1967,1057,2.052159548,2.642623425,1
1967,1089,1.921794176,2.917403698,1
1967,1121,2.876126289,3.285106659,1
1967,1153,4.252449512,2.585728168,1
1967,1185,15.22367382,3.862191677,1
1967,1217,16.29840279,4.665145397,1
1967,1249,15.49276924,5.383616924,1
1967,1281,3.982087612,4.255999565,1
1967,1313,4.598600388,4.313693047,1
1967,1345,3.226643562,5.118599415,1
1967,1377,2.092049599,5.741871834,1
1967,1409,1.783813,6.79222393,1
1967,1441,-0.01790833473,6.570287704,1
1967,1473,-4.300022125,-12.82514191,1
1967,1505,-0.4635562897,5.855205059,1
1967,1537,-2.5082829,7.025147438,1
1967,1569,-2.591876507,8.172774315,1
1967,1601,-1.581869364,7.725459576,1
1967,1633,-0.197193861,8.345939636,1
1967,1665,-0.9646737576,6.605927467,1
1967,1697,-1.99871707,6.666304111,1
1967,1729,0.8188378811,8.26268959,1
1967,1761,2.427044392,8.451432228,1
1967,1793,0.1249784231,9.448051453,1
1967,1825,-1.199542999,8.857796669,1
1967,1857,0.3492842913,9.039252281,1
1967,1889,0.2020092905,8.967418671,1
1967,1921,-0.1105196774,9.530921936,1
1967,1953,-0.3951020241,9.226854324,1
1967,1985,-0.6360577345,8.092497826,1
1967,2017,-0.5696945786,0.08295249939,1
1999,33,-0.124022007,0.070353508,1
1999,65,0.2271476984,1.29604888,1
1999,97,0.3315287828,1.380286574,1
1999,129,1.425122499,1.627072573,1
1999,161,2.821611166,1.592782378,1
1999,193,2.567259789,1.577718258,1
1999,225,2.053939819,1.991732597,1
1999,257,2.310742378,2.08822608,1
1999,289,2.843364716,3.376042366,1
1999,321,4.55147171,3.727749348,1
1999,353,4.939736843,1.648235083,1
1999,385,2.572264671,1.249774098,1
1999,417,1.228558779,4.175976753,1
1999,449,2.45101738,4.266796589,1
1999,481,1.939373016,6.106114388,1
1999,513,1.587038279,4.851848125,1
1999,545,1.138061285,3.2346766,1
1999,577,1.00649941,2.802427292,1
1999,609,1.239419937,3.874837637,1
1999,641,1.689107299,4.008298874,1
1999,673,1.681178808,4.367272377,1
1999,705,1.258167028,5.812477589,1
1999,737,0.6425103545,4.798072815,1
1999,769,0.1526126862,4.516695023,1
1999,801,2.018706799,3.215553284,1
1999,833,2.299321413,3.341931105,1
1999,865,0.9418568611,3.140593767,1
1999,897,1.930930376,4.799515724,1
1999,929,2.952064753,3.709338665,1
1999,961,2.073938608,2.065285444,1
1999,993,1.715007186,0.9795753956,1
1999,1025,1.727138519,1.524731636,1
1999,1057,2.12839222,3.990752935,1
1999,1089,2.239761829,4.364689827,1
1999,1121,3.519271612,3.690087795,1
1999,1153,4.521602154,2.848967791,1
1999,1185,3.927090168,-15.24766541,1
1999,1217,6.950413704,19.88148117,1
1999,1249,6.201144695,4.880182743,1
1999,1281,2.031003475,3.867422104,1
1999,1313,2.110842228,3.178082228,1
1999,1345,0.7791073322,3.183428764,1
1999,1377,0.3588266373,4.237169743,1
1999,1409,1.209200144,5.426567554,1
1999,1441,1.958617449,5.803208351,1
1999,1473,0.669894278,5.254405975,1
1999,1505,-0.9376798868,4.342798233,1
1999,1537,-2.732547522,5.011813164,1
1999,1569,-2.607695103,5.309867382,1
1999,1601,-1.547537684,6.787561417,1
1999,1633,-1.876698971,8.575931549,1
1999,1665,-3.34784317,7.478175163,1
1999,1697,-5.341404915,7.570773125,1
1999,1729,-4.767879009,8.660386086,1
1999,1761,-1.277704477,8.729990005,1
1999,1793,-1.440971375,-5.247126102,1
1999,1825,-0.2762606144,0.799946785,1
1999,1857,-0.2335872054,8.672538757,1
1999,1889,0.2760173082,8.71866703,1
1999,1921,0.7268728018,8.634458542,1
1999,1953,0.04819738865,8.466215134,1
1999,1985,-0.9346770048,7.18583107,1
1999,2017,-2.301405907,6.759897232,1
