PIVlab, ASCII chart output - 26-Jul-2025
FRAME: 13, filenames: A:[13]MAX_Pos0014_TgUtrmcherry_K4K8Mutant-1.avi & B:[14]MAX_Pos0014_TgUtrmcherry_K4K8Mutant-1.avi, conversion factor xy (px -> m): 1, conversion factor uv (px/frame -> m/s): 1
x [px],y [px],u [px/frame],v [px/frame],Vector type [-]
21,20,NaN,NaN,2
21,36,-0.1244951487,0.4356989861,1
21,52,0.6457228065,-0.875705421,1
21,68,NaN,NaN,2
21,84,0.4449064732,-0.3270926476,1
21,100,0.8948009014,-0.03022420406,1
21,116,0.6727545261,0.03820905834,1
21,132,0.2358705997,-0.09895427525,1
21,148,NaN,NaN,2
21,164,0.3630177379,-0.9873549938,1
21,180,-1.668604374,-1.704329252,1
21,196,NaN,NaN,2
21,212,NaN,NaN,2
21,228,-1.658423305,-2.003151417,1
21,244,NaN,NaN,2
21,260,NaN,NaN,2
21,276,NaN,NaN,2
21,292,NaN,NaN,2
21,308,-1.232431889,-2.415955067,1
21,324,-2.445976257,-3.97469449,1
21,340,NaN,NaN,2
21,356,NaN,NaN,2
21,372,NaN,NaN,2
21,388,-4.575576305,-1.574003696,1
21,404,NaN,NaN,2
21,420,NaN,NaN,2
21,436,-4.364793777,1.54578197,1
21,452,-3.112134933,2.451143265,1
21,468,NaN,NaN,2
21,484,-2.63499856,0.9960608482,1
21,500,-3.364142656,-0.1089804173,1
21,516,NaN,NaN,2
21,532,-2.026034117,1.319202185,1
21,548,-1.007709026,-1.015700459,1
21,564,-0.3460876942,-2.97847414,1
21,580,-0.6054748297,-4.759384632,1
21,596,-0.2512902021,-3.22713542,1
21,612,0.399641782,1.342016459,1
21,628,NaN,NaN,2
21,644,1.4635005,1.346091747,1
21,660,1.271271706,0.123049289,1
21,676,0.9211776257,0.6983920336,1
21,692,NaN,NaN,2
21,708,1.084083557,2.124086857,1
21,724,NaN,NaN,2
21,740,2.32866025,2.108784676,1
21,756,3.17697382,0.09443199635,1
21,772,2.562965393,-0.5890212059,1
21,788,0.8171956539,-1.168303251,1
21,804,NaN,NaN,2
21,820,NaN,NaN,2
21,836,1.443832636,-0.1345821619,1
21,852,1.468031883,0.8345967531,1
21,868,1.679632187,1.327988148,1
21,884,1.472559929,1.960848212,1
21,900,0.9922466278,-0.08877545595,1
21,916,0.4322698712,1.148617148,1
21,932,0.6145482063,2.489209175,1
21,948,-0.1517809629,-0.2285263538,1
21,964,NaN,NaN,2
21,980,NaN,NaN,2
21,996,1.023832321,-1.948568344,1
21,1012,3.145870686,-3.482279778,1
21,1028,3.598268509,-4.089247704,1
21,1044,3.294075966,-4.303516865,1
21,1060,3.475674152,-3.696001053,1
21,1076,2.78984499,-3.019147635,1
21,1092,2.118354082,-0.7835427523,1
21,1108,NaN,NaN,2
21,1124,NaN,NaN,2
37,20,-0.5536263585,-0.8079463243,1
37,36,-0.01549002528,-0.9711034298,1
37,52,0.2403659672,-0.9537220597,1
37,68,0.193498373,-0.5308423638,1
37,84,0.4629577994,-0.2684096396,1
37,100,0.6764141321,0.2564785182,1
37,116,0.1476880908,0.2696847618,1
37,132,0.4075181484,0.09667243809,1
37,148,0.07811141014,-0.1607901901,1
37,164,-0.5868083835,-0.4442585707,1
37,180,-1.497144461,-1.038743138,1
37,196,NaN,NaN,2
37,212,-1.303412199,-1.757499456,1
37,228,-0.5031859279,-2.289689302,1
37,244,0.5362343192,-1.96585393,1
37,260,-0.5361995697,-1.919954062,1
37,276,-0.8130264282,-2.718213558,1
37,292,-1.808507323,-1.597702622,1
37,308,-0.408149004,-1.971817017,1
37,324,-0.4438490868,-2.587841988,1
37,340,-1.209267616,-2.528474569,1
37,356,-1.073315024,-2.274430513,1
37,372,-1.127031565,-1.753050447,1
37,388,-1.633726597,-0.8971540928,1
37,404,-2.258218288,-0.9554314613,1
37,420,-2.63950634,-0.5259190798,1
37,436,-2.62296176,-0.1701834202,1
37,452,-3.020022869,0.3904527724,1
37,468,-3.587203026,0.897715807,1
37,484,-3.276780128,0.08645403385,1
37,500,-3.740869761,-1.44974041,1
37,516,-4.379371643,0.3008341193,1
37,532,-3.89079833,-0.3130489886,1
37,548,-3.172976255,-1.404139519,1
37,564,-2.074228525,-2.419662237,1
37,580,-0.9613333344,-2.414293051,1
37,596,-0.4043602645,-1.953427553,1
37,612,-0.4531221092,-0.9570909739,1
37,628,0.3376008272,1.054982424,1
37,644,1.578870058,0.4858989716,1
37,660,0.3088551462,0.7211378217,1
37,676,0.1931645572,1.160333037,1
37,692,0.9238958955,0.7337065339,1
37,708,1.297555923,1.995645046,1
37,724,NaN,NaN,2
37,740,1.262274623,2.087838173,1
37,756,NaN,NaN,2
37,772,NaN,NaN,2
37,788,1.379443407,-0.700619638,1
37,804,0.04985952377,-0.1068683267,1
37,820,0.5013793707,-0.004712790251,1
37,836,NaN,NaN,2
37,852,0.769339323,0.9659686685,1
37,868,1.602635384,1.128608227,1
37,884,1.742707849,1.525354385,1
37,900,1.049170136,0.7269698977,1
37,916,0.9068179131,1.612279892,1
37,932,1.609429717,2.538856268,1
37,948,1.698251963,2.116113901,1
37,964,1.135169506,1.180239677,1
37,980,1.254183888,-0.0906124115,1
37,996,2.1178298,-1.002984881,1
37,1012,3.388637304,-1.349752903,1
37,1028,3.332149029,-2.188197136,1
37,1044,2.195966244,-2.900774479,1
37,1060,1.939603806,-2.987493038,1
37,1076,2.715190887,-2.865952015,1
37,1092,1.626352549,-1.502475023,1
37,1108,-0.02236264944,-0.4670804143,1
37,1124,NaN,NaN,2
53,20,NaN,NaN,2
53,36,0.5014407635,-0.8777607679,1
53,52,0.07143414021,-0.5180374384,1
53,68,0.1254546791,-0.01712650806,1
53,84,0.263707757,0.2363020927,1
53,100,0.06809595227,-0.1553536206,1
53,116,-0.2478329241,-0.06905256212,1
53,132,-0.8267537355,0.01124589145,1
53,148,-0.8372550011,-0.2579609454,1
53,164,-1.207865238,-0.4189552069,1
53,180,-1.530947208,-0.9644116163,1
53,196,-1.553984165,-1.062002778,1
53,212,-0.8739073277,-1.622916698,1
53,228,-0.3655646443,-2.142408133,1
53,244,-0.2266871184,-2.370700359,1
53,260,0.3936995268,-1.935408235,1
53,276,0.4670546055,-2.11572814,1
53,292,0.03915029764,-2.168883324,1
53,308,-0.9943816662,-2.797546387,1
53,324,-0.5822920799,-1.973499656,1
53,340,-0.4299723506,-1.618217468,1
53,356,-0.2010100484,-1.346905828,1
53,372,-0.2699828446,-0.9628177881,1
53,388,-0.4475926161,-0.6866436005,1
53,404,-1.020090103,-0.9504109025,1
53,420,-1.572414041,-2.126458645,1
53,436,-2.375262499,-1.124915838,1
53,452,-4.537487507,-1.206807256,1
53,468,-3.607804775,-0.6661317348,1
53,484,-3.120008707,-1.439453602,1
53,500,-3.362291336,-1.984036922,1
53,516,-4.248057842,-1.04585886,1
53,532,-5.284234047,-1.093476415,1
53,548,-3.129446983,-1.50461638,1
53,564,-1.905066013,-1.982123613,1
53,580,-0.8530320525,-1.135321856,1
53,596,-0.411036551,0.2742533684,1
53,612,-0.2455472052,-0.748180747,1
53,628,0.2780557573,0.2600091696,1
53,644,0.1690965742,0.4326028228,1
53,660,-0.2526902556,0.3557328284,1
53,676,-0.2671961486,0.5327412486,1
53,692,NaN,NaN,2
53,708,1.060638547,1.701625586,1
53,724,1.319380999,2.290834665,1
53,740,0.6485606432,2.2259655,1
53,756,NaN,NaN,2
53,772,NaN,NaN,2
53,788,0.7307494879,0.4465142488,1
53,804,-0.1028260589,1.045452118,1
53,820,-1.059906483,1.086666584,1
53,836,-0.4624710977,1.273093224,1
53,852,0.1934187412,0.4749107957,1
53,868,2.026644707,0.8003662229,1
53,884,NaN,NaN,2
53,900,1.727387905,1.191206455,1
53,916,3.40012598,3.50387311,1
53,932,2.296522617,2.601813078,1
53,948,1.927826047,2.886210918,1
53,964,2.398023129,1.149093866,1
53,980,2.633939266,0.3574873209,1
53,996,2.61903882,0.08933871984,1
53,1012,3.098656416,-0.4735517502,1
53,1028,2.700828314,-1.654898047,1
53,1044,1.540952325,-2.488063574,1
53,1060,0.374131918,-2.243736506,1
53,1076,0.2624619007,-2.428328753,1
53,1092,0.3093140423,-2.123434067,1
53,1108,0.3266992271,-0.8268009424,1
53,1124,NaN,NaN,2
69,20,0.06106442213,-0.7450777292,1
69,36,0.4245271683,-0.4312166274,1
69,52,0.3063347042,-0.2748045623,1
69,68,0.3606404662,-0.1393932849,1
69,84,0.5156800747,0.2453767359,1
69,100,0.3055588007,-0.4088011384,1
69,116,-0.2998319864,-0.1021262184,1
69,132,-1.307943463,-0.08568766713,1
69,148,-1.817136168,-0.5471236706,1
69,164,-1.555948734,-0.7735218406,1
69,180,-1.474869251,-1.549826741,1
69,196,-1.8389678,-1.88728416,1
69,212,-0.8910204172,-1.66471386,1
69,228,-0.4482556283,-2.023980618,1
69,244,NaN,NaN,2
69,260,NaN,NaN,2
69,276,0.6898812056,-2.312674522,1
69,292,-0.2487960458,-2.934486389,1
69,308,-0.441493392,-3.080451488,1
69,324,-0.4129505754,-2.4406147,1
69,340,-0.187307477,-1.864964604,1
69,356,NaN,NaN,2
69,372,-0.04542046785,-1.360028982,1
69,388,-0.8508954048,-0.9168754816,1
69,404,-1.264451504,-1.294495344,1
69,420,NaN,NaN,2
69,436,-1.535738468,-1.547292471,1
69,452,-3.819256306,-1.252900839,1
69,468,-3.315202475,-1.361794591,1
69,484,-2.909940243,-2.399947643,1
69,500,-3.093943834,-2.384437084,1
69,516,-3.657196283,-1.632632494,1
69,532,-3.916589499,-1.007823825,1
69,548,-3.782042742,-1.424643755,1
69,564,-1.946143627,-1.515708447,1
69,580,-0.9398630857,-0.7832803726,1
69,596,-0.4123171866,-0.1942660809,1
69,612,NaN,NaN,2
69,628,NaN,NaN,2
69,644,-0.3103955388,0.6785100698,1
69,660,-0.4614192843,0.197160542,1
69,676,-0.3058561981,0.4886053205,1
69,692,NaN,NaN,2
69,708,0.487108469,1.277896523,1
69,724,1.166645169,1.861166954,1
69,740,NaN,NaN,2
69,756,NaN,NaN,2
69,772,0.1902052164,1.515392661,1
69,788,0.2625976801,1.153487206,1
69,804,-0.1815899014,1.705884457,1
69,820,NaN,NaN,2
69,836,-1.7897259,0.6541471481,1
69,852,NaN,NaN,2
69,868,NaN,NaN,2
69,884,NaN,NaN,2
69,900,-0.1805590391,1.092166424,1
69,916,0.3349030614,0.6867748499,1
69,932,NaN,NaN,2
69,948,3.006496429,2.030710459,1
69,964,2.989499092,0.8635898232,1
69,980,2.509678841,-0.0100402236,1
69,996,2.359894753,0.234828949,1
69,1012,2.536324024,-0.1337971687,1
69,1028,2.08184433,-2.152400732,1
69,1044,1.42644453,-3.556491852,1
69,1060,0.6738393903,-2.257285357,1
69,1076,-0.5151717663,-1.642776251,1
69,1092,NaN,NaN,2
69,1108,-0.1507758349,-1.500271559,1
69,1124,0.3254821301,0.9391497374,1
85,20,-0.07007521391,0.2102472782,1
85,36,-0.01832164824,0.1839251965,1
85,52,0.5813088417,-0.1294353902,1
85,68,0.7132153511,-0.2387716025,1
85,84,0.2606751025,-0.03661501408,1
85,100,0.275386095,-0.1719269902,1
85,116,-0.2115118802,-0.3544125557,1
85,132,-1.185917497,-0.2632736862,1
85,148,-2.029114008,-0.564997673,1
85,164,-1.904524684,-0.9228348136,1
85,180,-1.54554677,-1.757368922,1
85,196,-1.211288214,-2.098354816,1
85,212,-0.6783096194,-1.548341751,1
85,228,-0.7354626656,-2.432651281,1
85,244,NaN,NaN,2
85,260,0.3719487786,-3.255577564,1
85,276,-0.798260808,-2.95236659,1
85,292,-0.6230971813,-3.040013075,1
85,308,-0.9751260281,-2.977934361,1
85,324,-1.335421324,-3.194020987,1
85,340,-1.047942162,-2.594384193,1
85,356,-0.5633149147,-2.770811558,1
85,372,-0.6080950499,-2.342922211,1
85,388,-1.084714413,-1.372412682,1
85,404,-1.572334766,-1.476449966,1
85,420,-1.153101206,-2.303916931,1
85,436,-1.577809453,-1.204721451,1
85,452,-3.066863298,-0.9535241127,1
85,468,-3.939335108,-1.146220922,1
85,484,-3.495132208,-2.26259923,1
85,500,-3.249201059,-1.740105748,1
85,516,-2.899017334,-0.9864965677,1
85,532,-2.20162487,-0.8175688386,1
85,548,-1.840433598,-1.110611081,1
85,564,-1.144571543,-0.9851328135,1
85,580,-0.4557264447,-0.358058244,1
85,596,0.3248574734,0.2982460856,1
85,612,0.445237875,0.3293509483,1
85,628,0.1856287867,-0.3959145546,1
85,644,0.01574377716,0.8449556231,1
85,660,0.3609620333,0.1106897295,1
85,676,0.7645234466,0.5622934103,1
85,692,NaN,NaN,2
85,708,0.928380847,1.213012218,1
85,724,1.263123035,2.25725174,1
85,740,0.6647789478,2.466365814,1
85,756,NaN,NaN,2
85,772,0.1106160879,2.939597368,1
85,788,-0.09016299248,2.094833851,1
85,804,0.3260531127,1.33632791,1
85,820,0.008634448051,0.5178961754,1
85,836,-0.3783648312,1.598913431,1
85,852,0.2053451985,1.191039324,1
85,868,NaN,NaN,2
85,884,0.737154305,1.520381927,1
85,900,0.2075711191,1.877883315,1
85,916,NaN,NaN,2
85,932,2.555604219,2.445376396,1
85,948,2.717065811,2.706265926,1
85,964,1.977852345,0.1298602223,1
85,980,2.000827312,-2.186117649,1
85,996,2.006348133,-0.6364578605,1
85,1012,2.129733324,-1.043898582,1
85,1028,1.844399929,-2.194602489,1
85,1044,NaN,NaN,2
85,1060,1.340462208,-3.402803659,1
85,1076,-0.1326999366,-1.932178855,1
85,1092,-0.9747833014,-2.17813921,1
85,1108,0.3231399059,-1.228371859,1
85,1124,1.109104633,0.7667722106,1
101,20,NaN,NaN,2
101,36,0.03865885735,0.4434856176,1
101,52,0.1127923429,0.03734876215,1
101,68,0.4423140883,-0.470669806,1
101,84,0.6611653566,-0.3513286412,1
101,100,0.3043187857,-0.3778202534,1
101,116,0.3941958249,-0.3913266361,1
101,132,-0.7304024696,-0.2998290062,1
101,148,-1.708381534,-0.6405215859,1
101,164,-1.725259662,-1.077413082,1
101,180,-1.21490705,-1.895035863,1
101,196,-0.6001056433,-2.457743645,1
101,212,-0.5467866063,-2.151649952,1
101,228,-0.7531738281,-2.876339197,1
101,244,0.7644145489,-3.222375154,1
101,260,NaN,NaN,2
101,276,-0.1828447282,-2.766600847,1
101,292,-1.207118154,-2.703904867,1
101,308,NaN,NaN,2
101,324,-1.049489021,-3.104586124,1
101,340,-1.180551052,-2.949685097,1
101,356,-1.114948034,-2.906306744,1
101,372,-0.8305420876,-2.337557793,1
101,388,-1.168960214,-1.44359231,1
101,404,-1.573510647,-1.605973721,1
101,420,NaN,NaN,2
101,436,-2.03349638,-1.115823746,1
101,452,-2.340538263,0.09325826168,1
101,468,NaN,NaN,2
101,484,-3.988819838,-0.7172058821,1
101,500,-2.700217724,-1.17752862,1
101,516,-1.679836154,-0.5888345242,1
101,532,-0.8500908613,-0.8449646235,1
101,548,-0.3535935879,-0.6673283577,1
101,564,0.4456461668,-0.3371593356,1
101,580,0.7788499594,-0.2594584823,1
101,596,0.5736490488,0.2552783489,1
101,612,0.6628502607,0.6671894789,1
101,628,0.461281985,0.3023215532,1
101,644,0.5692913532,1.180943012,1
101,660,NaN,NaN,2
101,676,1.646884203,0.681014955,1
101,692,1.16863966,0.5280707479,1
101,708,1.599512696,1.75521636,1
101,724,1.856106281,2.444489241,1
101,740,1.890021205,2.006117821,1
101,756,2.185083866,1.827171326,1
101,772,1.40770638,2.289776802,1
101,788,0.2541903257,1.835804701,1
101,804,0.4464564025,0.9036066532,1
101,820,-0.05623042583,0.7520000935,1
101,836,-0.546995759,1.794058084,1
101,852,-0.443328172,1.040475249,1
101,868,-0.4367464483,1.312526584,1
101,884,0.3771188259,1.549137712,1
101,900,-0.1773254871,1.418067455,1
101,916,NaN,NaN,2
101,932,0.8875117302,2.546196461,1
101,948,1.074907303,3.221333265,1
101,964,NaN,NaN,2
101,980,NaN,NaN,2
101,996,1.859270811,-1.721715808,1
101,1012,2.111036301,-1.655616999,1
101,1028,1.750106215,-2.058963776,1
101,1044,1.383663535,-2.381519079,1
101,1060,0.3415509462,-2.775138855,1
101,1076,-0.2314967811,-1.806366444,1
101,1092,-0.1576434374,-1.464273572,1
101,1108,-0.08564066887,0.08242899179,1
101,1124,1.379342318,1.429972172,1
117,20,-0.3442938328,0.9459552765,1
117,36,-0.3388694525,0.3247133195,1
117,52,-0.5808020234,-0.0676612705,1
117,68,-0.03567433357,-0.6703612208,1
117,84,NaN,NaN,2
117,100,NaN,NaN,2
117,116,NaN,NaN,2
117,132,-0.2860279679,-0.2279053926,1
117,148,-1.431925774,-0.7871063352,1
117,164,-1.415282011,-1.506635666,1
117,180,NaN,NaN,2
117,196,NaN,NaN,2
117,212,0.225849092,-3.088557243,1
117,228,-0.5635954142,-2.834231853,1
117,244,0.3775002658,-2.633642197,1
117,260,0.3457675874,-3.129801035,1
117,276,-0.1815682501,-2.975881338,1
117,292,-0.8799575567,-2.576761723,1
117,308,-1.001531601,-3.070825577,1
117,324,-0.8351269364,-3.262483597,1
117,340,-0.8402622938,-3.038367748,1
117,356,-0.8997448683,-2.657350302,1
117,372,-0.9770846963,-1.613804102,1
117,388,-0.7665307522,-1.031729341,1
117,404,-1.014223218,-0.9668620825,1
117,420,NaN,NaN,2
117,436,-2.162792206,-1.281487465,1
117,452,NaN,NaN,2
117,468,NaN,NaN,2
117,484,-2.477064133,1.010308266,1
117,500,-1.637739658,0.01779532433,1
117,516,0.3565776348,-0.3917407691,1
117,532,1.233314395,-0.3128921986,1
117,548,1.329437494,0.03014400601,1
117,564,1.295176387,-0.2234766483,1
117,580,NaN,NaN,2
117,596,0.2459487915,0.2979501486,1
117,612,0.4804652333,1.755974531,1
117,628,0.8497063518,2.371964455,1
117,644,1.064825058,2.362392187,1
117,660,NaN,NaN,2
117,676,1.358037949,0.6557590365,1
117,692,0.9986573458,1.310655832,1
117,708,1.130271912,2.672148466,1
117,724,NaN,NaN,2
117,740,1.940371275,1.749470353,1
117,756,2.241114855,1.096192002,1
117,772,1.851806641,1.257179976,1
117,788,0.3887543082,2.100801945,1
117,804,0.8449602723,0.4477860928,1
117,820,0.49334988,0.4110016823,1
117,836,-0.4940709472,1.010684013,1
117,852,-0.4130321741,1.155562878,1
117,868,-0.1727314144,1.065392017,1
117,884,0.5813925266,1.071750045,1
117,900,-0.1242360547,1.385523081,1
117,916,0.3280293941,2.646129847,1
117,932,0.7873122692,2.293609619,1
117,948,0.9797036052,2.602318048,1
117,964,1.589639187,1.782385111,1
117,980,2.029231548,0.2952178121,1
117,996,2.219908714,-1.308564305,1
117,1012,2.574095964,-0.9534244537,1
117,1028,1.847539544,-0.9497449398,1
117,1044,1.285441995,-0.9843660593,1
117,1060,NaN,NaN,2
117,1076,-0.1856400371,-0.8853343129,1
117,1092,0.4088857174,-0.04928261042,1
117,1108,-0.6730938554,1.398114204,1
117,1124,1.445315361,2.783100605,1
133,20,NaN,NaN,2
133,36,-0.5944696665,0.3271147609,1
133,52,NaN,NaN,2
133,68,0.1189923882,-1.013915062,1
133,84,-0.4918019176,-0.4696862102,1
133,100,-0.8797423244,-0.4158648252,1
133,116,-0.8868404627,-0.8899292946,1
133,132,-0.7935531139,-0.8650883436,1
133,148,-1.115773797,-0.9946197271,1
133,164,-1.077654243,-1.39115262,1
133,180,-0.6913074851,-2.003725529,1
133,196,-0.4901189804,-2.581968307,1
133,212,-1.040274024,-2.832025528,1
133,228,-0.9777893424,-3.401894569,1
133,244,0.3669504523,-2.984930038,1
133,260,0.2042891085,-3.299861908,1
133,276,-0.04781918973,-3.103096247,1
133,292,-0.3031311333,-2.627511501,1
133,308,-0.6054601669,-2.900127172,1
133,324,-1.0735569,-3.330937147,1
133,340,-0.8747987747,-3.147257328,1
133,356,-0.3049417734,-2.55253315,1
133,372,NaN,NaN,2
133,388,0.2107670903,-0.8740887642,1
133,404,NaN,NaN,2
133,420,-1.043441296,-0.8828244209,1
133,436,-2.002854824,-0.4537704587,1
133,452,-1.82094264,0.2288420796,1
133,468,-1.606673956,0.4079750776,1
133,484,-2.660851002,0.4966920614,1
133,500,-3.222923279,0.2195012569,1
133,516,-1.216811299,-0.3329630494,1
133,532,-0.2278291583,0.2349607944,1
133,548,0.350333631,0.7014976144,1
133,564,0.7557705641,0.469414413,1
133,580,0.9056236148,0.1464682221,1
133,596,0.7183630466,0.7315484881,1
133,612,1.108333588,2.641560555,1
133,628,0.7951378822,3.629756451,1
133,644,0.8471660614,3.27899456,1
133,660,0.851266861,1.46510756,1
133,676,0.8369448185,0.8447023034,1
133,692,1.0208956,2.221968412,1
133,708,0.8645629883,2.030754089,1
133,724,1.013312817,2.885056496,1
133,740,1.158216715,1.538965464,1
133,756,1.440655947,0.6308097243,1
133,772,1.627851129,1.091259718,1
133,788,1.845639348,2.41680479,1
133,804,NaN,NaN,2
133,820,NaN,NaN,2
133,836,NaN,NaN,2
133,852,NaN,NaN,2
133,868,0.2383426279,1.363599777,1
133,884,-0.09350945055,0.8626012802,1
133,900,-0.2067484111,1.288402915,1
133,916,0.6454150677,1.791418433,1
133,932,1.232307196,1.69937849,1
133,948,1.148493886,2.667316914,1
133,964,1.57516098,2.670393467,1
133,980,NaN,NaN,2
133,996,NaN,NaN,2
133,1012,2.401700735,0.9077928066,1
133,1028,1.706911802,0.9547959566,1
133,1044,0.8764694929,1.552895427,1
133,1060,0.5510883331,0.8286327124,1
133,1076,0.2608174086,0.2823630571,1
133,1092,-0.01915049553,0.5371997356,1
133,1108,-0.515029788,2.516905308,1
133,1124,0.5465068817,4.199728012,1
149,20,-1.181899786,0.2233679295,1
149,36,0.04053980112,0.3963729739,1
149,52,-0.2923707664,-0.0708579272,1
149,68,NaN,NaN,2
149,84,-1.218921423,-0.4043126702,1
149,100,-1.845545411,-0.4150811434,1
149,116,-1.610423803,-0.9763444662,1
149,132,-0.954579711,-1.283162832,1
149,148,-1.12469244,-1.253458261,1
149,164,-1.258567214,-1.277454615,1
149,180,-1.020104885,-1.496231794,1
149,196,-1.532263517,-1.636535883,1
149,212,-1.663453817,-1.886565685,1
149,228,-1.082857847,-2.643736362,1
149,244,-0.5384536982,-2.865513802,1
149,260,-0.2537254393,-3.062091589,1
149,276,-0.2199094892,-3.091284752,1
149,292,-0.3630169034,-2.478190422,1
149,308,-0.8202040195,-2.62395668,1
149,324,-1.383598804,-3.006294727,1
149,340,-0.7490879297,-3.348361492,1
149,356,-0.1101790369,-2.786147356,1
149,372,0.438180238,-1.225929976,1
149,388,0.5759951472,-0.8158868551,1
149,404,0.006427124143,-0.8075098395,1
149,420,-0.728176415,-0.5479684472,1
149,436,-1.76159811,-0.235812664,1
149,452,-1.414187312,-0.04121362418,1
149,468,-1.270610094,-0.02302157879,1
149,484,-2.495229006,-0.1036993861,1
149,500,NaN,NaN,2
149,516,NaN,NaN,2
149,532,-0.7609619498,1.003480434,1
149,548,0.4470847845,1.055153966,1
149,564,1.481364727,1.354745626,1
149,580,1.928395271,1.485091567,1
149,596,0.1971815825,1.710787892,1
149,612,0.1478977501,2.91975379,1
149,628,0.1904964149,3.452472925,1
149,644,-0.04911243916,3.599815607,1
149,660,0.192515105,2.499875069,1
149,676,0.4009563327,3.304380178,1
149,692,0.2238242626,3.061737776,1
149,708,0.1025689393,1.466867208,1
149,724,0.2070590258,1.869716287,1
149,740,0.2141024768,1.224456072,1
149,756,0.507297039,0.9293407798,1
149,772,1.004166007,1.579732418,1
149,788,NaN,NaN,2
149,804,1.453562021,0.8201174736,1
149,820,-0.3971992135,0.02509069443,1
149,836,-0.8562468886,0.3730587363,1
149,852,-0.9309755564,0.8572377563,1
149,868,-0.08876638114,1.194676876,1
149,884,0.05520651489,0.9044927359,1
149,900,0.1757880449,0.4998291731,1
149,916,1.011062384,0.7924833298,1
149,932,1.701281428,1.433870554,1
149,948,1.169961333,2.454294205,1
149,964,1.027112722,2.142952919,1
149,980,2.000020742,1.450813413,1
149,996,NaN,NaN,2
149,1012,2.223316431,1.470290899,1
149,1028,1.385530353,1.854983568,1
149,1044,0.7969187498,2.034611702,1
149,1060,1.041495323,2.19168973,1
149,1076,0.8328568935,1.702561378,1
149,1092,0.2624204159,1.842884541,1
149,1108,0.399836421,2.926344156,1
149,1124,0.4411420822,4.047891617,1
165,20,0.05959165096,0.2100105882,1
165,36,NaN,NaN,2
165,52,0.1749251485,-0.5360885262,1
165,68,NaN,NaN,2
165,84,-1.419897914,-0.495459199,1
165,100,-2.084796429,-0.6376631856,1
165,116,-1.372032762,-0.8744984865,1
165,132,-0.8854686022,-1.185971618,1
165,148,NaN,NaN,2
165,164,NaN,NaN,2
165,180,-1.534187555,-1.782677412,1
165,196,-1.936737418,-1.54132843,1
165,212,-1.744917154,-1.21207428,1
165,228,-1.317435026,-1.26175642,1
165,244,-0.9543538094,-1.911998987,1
165,260,-0.8479708433,-2.660687923,1
165,276,-0.8320808411,-3.260617256,1
165,292,-1.093444347,-2.553951502,1
165,308,-1.215462446,-2.210977793,1
165,324,-0.732068181,-2.406537056,1
165,340,NaN,NaN,2
165,356,0.8278917074,-2.805170536,1
165,372,1.521106601,-1.487347245,1
165,388,0.675321579,-1.01670742,1
165,404,0.1503585726,-1.048011184,1
165,420,-0.2346893549,-0.546481967,1
165,436,-0.4169479012,0.1684795022,1
165,452,NaN,NaN,2
165,468,0.9681621194,0.4945459366,1
165,484,-0.5556873083,0.1891714633,1
165,500,0.1052297354,0.4854604602,1
165,516,0.7214553356,1.376339436,1
165,532,NaN,NaN,2
165,548,0.5722516179,1.174833655,1
165,564,1.035135865,1.304948807,1
165,580,1.051929355,1.54891777,1
165,596,-0.1941534281,1.825886488,1
165,612,-0.1848820448,3.023931503,1
165,628,-0.6848983765,2.416363239,1
165,644,-0.08684495091,3.378926039,1
165,660,0.1802712083,4.133882046,1
165,676,0.02818748355,4.01638031,1
165,692,0.003719314933,3.242346525,1
165,708,-0.1296920627,0.9246729016,1
165,724,0.0009355545044,0.5050560236,1
165,740,-0.02906525135,0.9570645094,1
165,756,-0.02919983864,1.291106701,1
165,772,0.3833537698,1.852150798,1
165,788,NaN,NaN,2
165,804,0.0701597929,1.953500152,1
165,820,0.6461103559,0.2474765182,1
165,836,0.5057492852,0.1714833826,1
165,852,-0.21352759,0.457290113,1
165,868,-0.1196785867,0.8490258455,1
165,884,-0.1176161021,1.628328085,1
165,900,0.2862252593,0.833293736,1
165,916,0.9786009192,1.298148394,1
165,932,1.198108673,2.063276529,1
165,948,0.7658647895,2.677296162,1
165,964,0.7489373684,1.35359931,1
165,980,0.9584226608,0.7060900927,1
165,996,1.607599735,1.365675807,1
165,1012,1.945004225,1.662376642,1
165,1028,2.367722988,2.29560256,1
165,1044,2.079010963,2.530630112,1
165,1060,1.401147962,2.220058441,1
165,1076,0.8607058525,2.4814744,1
165,1092,0.2376228571,2.848357201,1
165,1108,1.015194893,3.845322847,1
165,1124,0.4980735779,2.645401955,1
181,20,0.2171225548,0.3201730847,1
181,36,NaN,NaN,2
181,52,0.239280656,-1.229346275,1
181,68,-0.6102117896,-2.698668957,1
181,84,-1.830275059,-1.482147455,1
181,100,-1.426682591,-1.129696131,1
181,116,-0.903283,-0.9239577055,1
181,132,-0.9697668552,-1.465240359,1
181,148,NaN,NaN,2
181,164,-1.6773417,-2.114754677,1
181,180,-2.922818184,-1.890716314,1
181,196,-2.531449556,-1.940159559,1
181,212,-2.588253736,-1.972078443,1
181,228,-2.583311081,-1.422415018,1
181,244,-1.947316527,-1.812896013,1
181,260,-1.664029002,-2.240793705,1
181,276,-1.404417276,-1.753527164,1
181,292,-1.824236393,-1.645506144,1
181,308,-1.378949046,-1.685271502,1
181,324,0.01733389497,-1.981547356,1
181,340,NaN,NaN,2
181,356,0.856005311,-2.298040867,1
181,372,NaN,NaN,2
181,388,0.807392776,-1.312661529,1
181,404,0.2080809474,-1.412349701,1
181,420,0.186986059,-0.9633944035,1
181,436,0.304355979,-0.2195154428,1
181,452,NaN,NaN,2
181,468,NaN,NaN,2
181,484,-0.07372289896,-0.4392025471,1
181,500,0.05516956747,-0.1541736573,1
181,516,0.3690865934,1.266675591,1
181,532,0.6977148652,1.827882767,1
181,548,0.3413652778,1.274766564,1
181,564,0.756814003,0.855858922,1
181,580,0.8588892221,0.6883019209,1
181,596,0.5882613659,1.013411283,1
181,612,1.523194909,1.917328238,1
181,628,NaN,NaN,2
181,644,-0.3951866627,2.177565813,1
181,660,0.08496344835,1.610685825,1
181,676,0.1879315078,2.631426811,1
181,692,0.3508167565,0.985050559,1
181,708,-0.0112211965,0.1808834076,1
181,724,NaN,NaN,2
181,740,-0.8799879551,0.1267505288,1
181,756,-0.4960519075,0.5335722566,1
181,772,-0.3232553601,0.9620901942,1
181,788,0.01456281543,1.012469292,1
181,804,-0.09125873446,0.5165711641,1
181,820,0.2002126426,-0.07011650503,1
181,836,NaN,NaN,2
181,852,-0.523496449,-0.283354044,1
181,868,-0.4177187681,0.4063546658,1
181,884,-0.15002051,1.273140073,1
181,900,0.4765330553,1.02401948,1
181,916,1.265898705,0.8696972132,1
181,932,0.8052520752,1.209629893,1
181,948,NaN,NaN,2
181,964,-0.4631962478,1.433515787,1
181,980,NaN,NaN,2
181,996,0.330586493,1.212160945,1
181,1012,0.6505236626,1.953930736,1
181,1028,1.283109426,2.485038042,1
181,1044,2.103910446,2.8425529,1
181,1060,1.331143498,3.343207836,1
181,1076,0.4470613599,3.315721989,1
181,1092,-0.474644959,3.240710258,1
181,1108,0.3703351915,2.884772062,1
181,1124,NaN,NaN,2
197,20,-0.3227699995,0.4151272774,1
197,36,NaN,NaN,2
197,52,-0.1725728363,-2.913299084,1
197,68,NaN,NaN,2
197,84,NaN,NaN,2
197,100,-0.004394769669,-1.69824934,1
197,116,-0.7051715851,-1.317933202,1
197,132,-1.422495961,-1.507280946,1
197,148,-2.082980156,-1.756572843,1
197,164,NaN,NaN,2
197,180,-2.333061218,-2.798435688,1
197,196,-2.364771366,-2.61614728,1
197,212,-2.638900042,-3.044810534,1
197,228,-3.02671814,-2.041223288,1
197,244,-2.458031178,-1.9851408,1
197,260,NaN,NaN,2
197,276,NaN,NaN,2
197,292,-1.9448241,-0.8750656247,1
197,308,-1.635579586,-1.184381962,1
197,324,-0.3425269127,-1.162947059,1
197,340,-0.6315629482,-1.345223188,1
197,356,-0.5259178281,-1.678616524,1
197,372,0.5669825077,-1.007859349,1
197,388,0.595921278,-1.448417068,1
197,404,0.07864031196,-0.6539918184,1
197,420,-0.1052951664,-0.5252932906,1
197,436,0.1545380652,-1.201131344,1
197,452,0.5243322253,-0.6176475286,1
197,468,0.7962744832,-1.102092862,1
197,484,0.2497067451,-1.145518422,1
197,500,-0.07989107072,0.3663943112,1
197,516,0.1206859499,1.173090219,1
197,532,0.1509863585,1.130507469,1
197,548,0.1060715914,1.32083571,1
197,564,0.4689169526,0.6980668306,1
197,580,0.5615212917,0.486299783,1
197,596,0.3242478371,0.8325626254,1
197,612,0.2865793705,2.092392445,1
197,628,NaN,NaN,2
197,644,NaN,NaN,2
197,660,-0.1047770381,0.7199747562,1
197,676,0.4463103414,-0.5523725748,1
197,692,0.3839797974,-0.5993750095,1
197,708,-0.07054756582,-0.4533749819,1
197,724,NaN,NaN,2
197,740,NaN,NaN,2
197,756,-1.356951833,-0.6821083426,1
197,772,-1.165159702,-0.06662690639,1
197,788,-0.2157985568,0.1349828243,1
197,804,0.2848507166,-0.01011526585,1
197,820,-0.6801068187,0.1898987591,1
197,836,-1.007328749,0.3297427297,1
197,852,NaN,NaN,2
197,868,NaN,NaN,2
197,884,-0.3420392871,0.4942757487,1
197,900,0.290692091,0.6417740583,1
197,916,0.3470229208,0.9549326897,1
197,932,1.265900016,0.9313672781,1
197,948,-0.5615871549,2.303392172,1
197,964,-0.7242735624,2.166028261,1
197,980,-0.5345200896,1.676891565,1
197,996,-0.4895734787,1.728238821,1
197,1012,NaN,NaN,2
197,1028,NaN,NaN,2
197,1044,0.9743959308,2.819225788,1
197,1060,0.6901313663,3.49910903,1
197,1076,0.1586505175,3.332775116,1
197,1092,-0.1034540236,2.713004827,1
197,1108,0.5233713388,3.204164267,1
197,1124,0.8009852171,0.5785187483,1
213,20,NaN,NaN,2
213,36,-0.7925258875,-2.673639536,1
213,52,-0.139692992,-3.158987045,1
213,68,NaN,NaN,2
213,84,0.3880165219,-2.393325567,1
213,100,-0.09107914567,-2.236876249,1
213,116,-0.6874203086,-1.784461856,1
213,132,-1.927283525,-2.011697531,1
213,148,NaN,NaN,2
213,164,NaN,NaN,2
213,180,-3.365192652,-3.321162224,1
213,196,-2.162190437,-3.06268692,1
213,212,-2.412797689,-3.059095383,1
213,228,-2.267665386,-2.489857674,1
213,244,-2.457706928,-2.501668692,1
213,260,NaN,NaN,2
213,276,-1.497990608,-0.4098453522,1
213,292,-0.8909808397,-0.5518160462,1
213,308,-0.6301269531,-0.4716984332,1
213,324,-0.5838172436,-0.6043486595,1
213,340,-1.024181724,-1.041584969,1
213,356,-0.4666686952,-1.101749778,1
213,372,0.4560214877,-0.4331675768,1
213,388,0.5869168043,-0.5740936995,1
213,404,0.1352021694,0.1179291457,1
213,420,-0.122402668,-0.03710719943,1
213,436,0.09217363596,-0.9838190079,1
213,452,0.5325809717,-1.209861636,1
213,468,0.4340985417,-0.9978313446,1
213,484,0.33632195,-0.9234629273,1
213,500,0.7073963284,0.1270175576,1
213,516,0.5380437374,0.9177937508,1
213,532,-0.06516546011,0.9325178266,1
213,548,-0.368023634,1.180061579,1
213,564,0.09436148405,0.9876676798,1
213,580,NaN,NaN,2
213,596,0.2169665992,0.5995417833,1
213,612,0.5627019405,1.261608839,1
213,628,0.4243133068,1.284774303,1
213,644,NaN,NaN,2
213,660,-0.1819397509,0.181702435,1
213,676,0.3831786513,-1.628517866,1
213,692,NaN,NaN,2
213,708,0.7029976845,-0.6701991558,1
213,724,-1.087348104,0.7134661078,1
213,740,-2.41489172,0.8989087343,1
213,756,-1.656577349,-0.6070170403,1
213,772,-0.9572336674,0.2138519287,1
213,788,-0.5615480542,0.4609166086,1
213,804,0.1109836698,0.5233171582,1
213,820,-0.108289808,0.7899007797,1
213,836,-0.808234334,1.058658719,1
213,852,-0.150216639,2.269206762,1
213,868,-0.9989366531,0.656563282,1
213,884,0.2554296851,0.7494597435,1
213,900,NaN,NaN,2
213,916,0.4122371674,1.156270266,1
213,932,-0.3575422764,1.889282942,1
213,948,NaN,NaN,2
213,964,-2.100266695,2.292248249,1
213,980,-1.029895663,2.281598091,1
213,996,-0.72224617,1.981554985,1
213,1012,-0.7203167677,2.129717588,1
213,1028,1.570627689,1.944028139,1
213,1044,0.9149374366,1.804131031,1
213,1060,1.077371359,1.844926119,1
213,1076,0.7010734081,1.888829231,1
213,1092,0.4423367083,1.832250357,1
213,1108,0.3530271947,2.315042496,1
213,1124,0.8267387748,0.3295651674,1
229,20,-0.003471255302,-4.124535561,1
229,36,-0.302128911,-2.806034803,1
229,52,-0.4758699238,-2.836394072,1
229,68,0.03798803687,-3.310479164,1
229,84,0.4898503125,-2.758498192,1
229,100,-1.086837649,-2.56940794,1
229,116,-0.7784289122,-1.812889576,1
229,132,-1.873906374,-1.99221158,1
229,148,-3.506049156,-2.177051783,1
229,164,-3.466072083,-2.732324362,1
229,180,-2.927092075,-3.378160954,1
229,196,-1.805449963,-2.86975503,1
229,212,-1.544088364,-2.702513218,1
229,228,-1.395674348,-3.034410954,1
229,244,-1.809449434,-2.7707932,1
229,260,-1.636785507,-1.399424076,1
229,276,-0.5349572897,-0.1558384895,1
229,292,-0.3549150825,-0.1785214543,1
229,308,-0.1700442433,-0.1799992621,1
229,324,-0.05992947519,-0.3876326084,1
229,340,-0.4368339777,-0.9919447303,1
229,356,-0.4875330627,-1.985205173,1
229,372,-0.1207147688,-1.384302378,1
229,388,0.4971396029,-0.6005521417,1
229,404,0.463081032,0.2385056615,1
229,420,0.8905257583,-0.2850275636,1
229,436,0.961392045,-0.8506749868,1
229,452,NaN,NaN,2
229,468,0.2601711154,-0.8260214925,1
229,484,0.857414484,-0.742561698,1
229,500,1.457363248,0.1342590749,1
229,516,0.3798006177,0.6287994385,1
229,532,-1.056604743,0.9242217541,1
229,548,NaN,NaN,2
229,564,-0.2700501978,1.031421661,1
229,580,NaN,NaN,2
229,596,0.3279831409,0.2192934901,1
229,612,0.5006590486,0.2371484041,1
229,628,NaN,NaN,2
229,644,0.1361128688,0.571844995,1
229,660,0.3005431294,-0.1325985789,1
229,676,NaN,NaN,2
229,692,NaN,NaN,2
229,708,0.9826108217,-0.2425634116,1
229,724,-0.4205265939,0.06218296289,1
229,740,NaN,NaN,2
229,756,NaN,NaN,2
229,772,NaN,NaN,2
229,788,-1.551792026,1.515215278,1
229,804,0.05339050293,1.360341311,1
229,820,0.1519728154,1.64775157,1
229,836,0.2329547703,2.798169136,1
229,852,NaN,NaN,2
229,868,0.3632484078,1.622795463,1
229,884,0.1186163723,1.965108395,1
229,900,NaN,NaN,2
229,916,0.4300360978,1.230808973,1
229,932,-0.5017747283,1.313415647,1
229,948,-0.6504332423,2.188359737,1
229,964,-0.7668178082,3.606361389,1
229,980,-1.497768044,2.359338284,1
229,996,NaN,NaN,2
229,1012,-0.6116130352,1.815130711,1
229,1028,0.6585718989,0.7045860291,1
229,1044,1.432357311,1.408102751,1
229,1060,1.311380744,1.754871488,1
229,1076,1.376427889,1.68499434,1
229,1092,0.8066169024,1.892692566,1
229,1108,0.7325430512,0.7615507841,1
229,1124,0.3147505522,0.6097888947,1
245,20,-0.9815830588,-3.229752064,1
245,36,-0.7391342521,-2.440362215,1
245,52,-0.6856524944,-2.679467678,1
245,68,NaN,NaN,2
245,84,NaN,NaN,2
245,100,-1.138563275,-2.31662035,1
245,116,-0.06188988686,-1.635056853,1
245,132,NaN,NaN,2
245,148,-0.9981497526,-2.329885006,1
245,164,-2.058704615,-2.562887669,1
245,180,NaN,NaN,2
245,196,-2.07053709,-1.290955544,1
245,212,-0.4083508253,-2.24125576,1
245,228,-0.6630840302,-3.216376066,1
245,244,-1.28029418,-3.471871853,1
245,260,-1.226973295,-2.462182522,1
245,276,-0.6558298469,-0.2880489826,1
245,292,0.332726866,0.1773888171,1
245,308,0.4746614099,-0.2156741172,1
245,324,0.4353327155,-0.6168395877,1
245,340,-0.1835037768,-1.287524343,1
245,356,-0.1166892797,-2.514937162,1
245,372,0.6400105953,-2.04552722,1
245,388,0.6518312693,-1.20278573,1
245,404,0.4162327349,-0.7617222667,1
245,420,1.239530563,-1.266039252,1
245,436,0.5425225496,-1.292117119,1
245,452,0.3696753979,-0.9115885496,1
245,468,0.5990085602,-0.7373865843,1
245,484,1.268377662,-0.5299266577,1
245,500,1.834910154,0.1781994998,1
245,516,0.4574711025,0.1772359461,1
245,532,-1.651208997,0.3077136278,1
245,548,-2.309786558,0.7400763035,1
245,564,-2.603594303,0.9367466569,1
245,580,-1.169096708,1.185787201,1
245,596,-0.2234129906,0.2291429639,1
245,612,-0.08826492727,0.06235024333,1
245,628,-0.3399252594,-0.1504372805,1
245,644,-0.3586957157,0.02691470087,1
245,660,0.4664877951,0.02699691616,1
245,676,1.092098355,-0.9369706511,1
245,692,1.465240479,-0.1574388593,1
245,708,0.8460214734,0.5505791903,1
245,724,-0.06042212248,1.594693184,1
245,740,1.549841881,2.105272532,1
245,756,NaN,NaN,2
245,772,NaN,NaN,2
245,788,-0.2063176036,1.88155508,1
245,804,-0.4458814859,1.575708866,1
245,820,-0.4842349589,1.97211957,1
245,836,NaN,NaN,2
245,852,0.7770594358,2.44801712,1
245,868,0.7855609059,1.387065291,1
245,884,0.7212533355,0.6187851429,1
245,900,1.597099662,0.3593654931,1
245,916,0.2204597592,0.5150614977,1
245,932,-1.089952707,0.8765559196,1
245,948,-0.5334367156,1.798938513,1
245,964,NaN,NaN,2
245,980,-0.471388638,3.025544405,1
245,996,-0.4984551668,3.176905632,1
245,1012,0.1024561673,1.317306042,1
245,1028,0.5793526173,1.351111293,1
245,1044,1.241285563,1.252370358,1
245,1060,0.6841522455,1.083043814,1
245,1076,NaN,NaN,2
245,1092,NaN,NaN,2
245,1108,0.6350691319,1.259663105,1
245,1124,-0.3474884629,1.071818829,1
261,20,-1.355692267,-2.6009624,1
261,36,-1.5428406,-1.758732319,1
261,52,NaN,NaN,2
261,68,-0.4497591257,-3.864674568,1
261,84,-0.4113333821,-3.696110964,1
261,100,-0.1456312984,-1.639454603,1
261,116,0.511762321,-1.696662426,1
261,132,0.3583298326,-2.02696228,1
261,148,-1.776313066,-2.294424772,1
261,164,-1.865259647,-2.487792015,1
261,180,-1.501762986,-2.003602505,1
261,196,-0.9934880733,-1.866254568,1
261,212,-0.1314486861,-1.988848925,1
261,228,-0.1035344005,-2.502773285,1
261,244,NaN,NaN,2
261,260,-1.311698914,-2.482311726,1
261,276,-0.9376587868,-0.5077581406,1
261,292,-0.51592803,-0.459616065,1
261,308,0.1435957253,-0.1619512737,1
261,324,0.3913639188,-1.260694504,1
261,340,0.6142660379,-3.021467209,1
261,356,0.3137159646,-2.902497768,1
261,372,0.3647833467,-1.898947477,1
261,388,0.7168597579,-1.534532905,1
261,404,0.8726812005,-1.835198283,1
261,420,0.9729802608,-1.872412205,1
261,436,1.383768797,-1.24878788,1
261,452,1.951795459,-0.8707662821,1
261,468,0.98323524,-0.3990550041,1
261,484,NaN,NaN,2
261,500,NaN,NaN,2
261,516,0.4650115967,0.1992522478,1
261,532,NaN,NaN,2
261,548,NaN,NaN,2
261,564,-2.200632811,0.6366829276,1
261,580,-3.556084633,0.5184892416,1
261,596,NaN,NaN,2
261,612,NaN,NaN,2
261,628,-0.2193758786,-0.602732718,1
261,644,0.259753108,-0.4114548564,1
261,660,0.8230981827,-0.4795203507,1
261,676,1.185767651,-0.1101350337,1
261,692,0.3020277917,0.7725324631,1
261,708,0.7020692825,1.870883346,1
261,724,0.2683437467,2.547978163,1
261,740,0.8032892942,2.611208677,1
261,756,1.091094732,1.151201367,1
261,772,-0.02163667977,1.756158471,1
261,788,-0.6630246639,1.374093294,1
261,804,-1.828170061,2.110198259,1
261,820,-2.439828873,1.41110599,1
261,836,-2.142041445,1.320781112,1
261,852,NaN,NaN,2
261,868,NaN,NaN,2
261,884,0.6552289724,1.057343364,1
261,900,0.9233148098,0.2513870001,1
261,916,0.1324784756,-0.2925040722,1
261,932,-0.3028190732,0.7520998716,1
261,948,-0.06594854593,1.699142218,1
261,964,0.4505254328,2.004031658,1
261,980,-0.2746822834,2.483040333,1
261,996,-0.4214463234,2.527470112,1
261,1012,0.3876965642,1.375360012,1
261,1028,0.5031899214,1.60658586,1
261,1044,1.27525115,0.9274904728,1
261,1060,1.093699217,0.9426021576,1
261,1076,0.6937392354,0.7965861559,1
261,1092,0.5752654076,1.677739739,1
261,1108,0.1736842394,1.423339844,1
261,1124,-0.2109240144,0.8481919765,1
277,20,-0.2879324555,-0.9268836975,1
277,36,NaN,NaN,2
277,52,-1.26797235,-2.330046177,1
277,68,-1.088213444,-2.639876842,1
277,84,-0.1140259132,-2.79249239,1
277,100,0.200868547,-1.849926949,1
277,116,0.325350672,-1.79171288,1
277,132,0.005366191268,-1.972503781,1
277,148,-0.4090209901,-2.535761833,1
277,164,-0.09943896532,-2.827861071,1
277,180,0.4943954945,-2.570515871,1
277,196,-0.2599906921,-2.683109045,1
277,212,-0.08591166139,-2.497864962,1
277,228,0.1772995442,-3.020090818,1
277,244,0.08823359013,-3.701671124,1
277,260,0.9808025956,-1.609742761,1
277,276,0.5060586333,-0.8851745725,1
277,292,-0.560713172,-1.218515396,1
277,308,NaN,NaN,2
277,324,NaN,NaN,2
277,340,NaN,NaN,2
277,356,0.5966498256,-2.564172268,1
277,372,0.7072746754,-1.261372209,1
277,388,1.006686568,-1.274155617,1
277,404,0.8628950119,-1.051283836,1
277,420,0.7587291598,-0.299485743,1
277,436,NaN,NaN,2
277,452,0.8585081697,-0.8161508441,1
277,468,0.6918947101,-0.7175824642,1
277,484,1.089912176,-0.3536661863,1
277,500,1.036100388,0.6052185297,1
277,516,NaN,NaN,2
277,532,NaN,NaN,2
277,548,NaN,NaN,2
277,564,-2.31404686,1.661692619,1
277,580,-2.039511681,1.336063862,1
277,596,NaN,NaN,2
277,612,NaN,NaN,2
277,628,-0.2802405059,0.2841908932,1
277,644,0.1743625998,-0.2676338851,1
277,660,0.6077048779,-0.980953753,1
277,676,0.5164986849,0.002797096968,1
277,692,-0.1557527333,0.3020837903,1
277,708,0.1492592394,1.411752343,1
277,724,0.1961577833,1.506817937,1
277,740,0.55792135,2.078940392,1
277,756,1.031095028,2.16179204,1
277,772,0.3026135862,1.903352499,1
277,788,-0.7295308113,1.110913992,1
277,804,-1.589216232,1.206688881,1
277,820,-2.495279312,0.5952209234,1
277,836,NaN,NaN,2
277,852,0.497125566,1.776914477,1
277,868,-0.9248068333,1.755182147,1
277,884,-0.6225626469,2.775111675,1
277,900,0.4150304496,1.200347662,1
277,916,0.7140932679,0.03183454275,1
277,932,-0.1755277961,0.2046362162,1
277,948,-0.2429421693,1.257202029,1
277,964,-0.2340420783,1.558686852,1
277,980,-0.291310668,1.909379244,1
277,996,0.270740211,1.99884367,1
277,1012,0.3460116982,1.909242272,1
277,1028,0.2750860453,1.955601096,1
277,1044,0.9211548567,1.133234978,1
277,1060,1.005149841,0.9360220432,1
277,1076,0.9086922407,1.554967999,1
277,1092,0.8879075646,2.349399805,1
277,1108,0.3619809747,1.094705701,1
277,1124,0.357252419,0.1196264029,1
293,20,-0.05241183937,-0.6156973839,1
293,36,-0.3228850663,-1.614209652,1
293,52,0.4660101831,-2.019310713,1
293,68,-0.195282042,-2.394197464,1
293,84,0.1405989677,-3.328622818,1
293,100,0.7000838518,-3.584150791,1
293,116,0.4316633642,-1.988829494,1
293,132,0.07178402692,-1.90096581,1
293,148,-0.04062587023,-2.389148951,1
293,164,0.2130953074,-2.854990959,1
293,180,0.4782881141,-3.044944048,1
293,196,0.1863583326,-3.753553391,1
293,212,0.03702822328,-3.452236176,1
293,228,0.08871299028,-3.518516064,1
293,244,0.232988134,-3.601538181,1
293,260,0.6134927869,-2.492993832,1
293,276,NaN,NaN,2
293,292,-0.2896669209,-2.220664978,1
293,308,0.4790391922,-1.398886442,1
293,324,1.309991241,-2.465111256,1
293,340,1.371599555,-2.664085865,1
293,356,0.9851481915,-1.624446273,1
293,372,1.271021962,-1.085943103,1
293,388,1.358367205,-1.12235117,1
293,404,1.156261086,-1.011870623,1
293,420,NaN,NaN,2
293,436,1.129002333,-0.4714875817,1
293,452,0.6475286484,-0.760225594,1
293,468,0.4886713922,-0.9591216445,1
293,484,0.8571454287,-0.5345713496,1
293,500,0.7052747607,-0.7565832734,1
293,516,0.4288651347,-1.067374468,1
293,532,0.110600397,-0.6825068593,1
293,548,-0.8195392489,1.658106565,1
293,564,-1.644063234,2.324504375,1
293,580,-1.164108038,1.596529245,1
293,596,-0.8486531377,1.702326417,1
293,612,-0.4786360562,0.4086454511,1
293,628,-0.00982606411,1.278123379,1
293,644,-0.1389514357,1.144520044,1
293,660,-0.1116266549,0.156142652,1
293,676,0.01660132408,1.263216972,1
293,692,-0.5758461952,0.3710888624,1
293,708,NaN,NaN,2
293,724,-0.7091807723,1.222296357,1
293,740,-0.008755683899,2.215623379,1
293,756,NaN,NaN,2
293,772,0.4182398021,1.956811428,1
293,788,-0.5470151901,1.148464441,1
293,804,-1.209210873,0.4556684494,1
293,820,NaN,NaN,2
293,836,-2.847092867,1.598711133,1
293,852,0.9637363553,2.415549278,1
293,868,NaN,NaN,2
293,884,-0.1924874336,3.030219793,1
293,900,-0.2192178071,2.128067732,1
293,916,-0.5864099264,0.08834525943,1
293,932,-1.197067022,0.114381969,1
293,948,-1.830041409,0.5821462274,1
293,964,NaN,NaN,2
293,980,-0.4985465407,1.550648212,1
293,996,-0.2325169444,0.9489790201,1
293,1012,-0.06014465541,1.262438297,1
293,1028,0.2509865463,1.536823034,1
293,1044,0.3218863308,1.219167233,1
293,1060,0.9053332806,1.052865386,1
293,1076,NaN,NaN,2
293,1092,NaN,NaN,2
293,1108,0.5692237616,0.9780864716,1
293,1124,0.2817800641,-0.6725353003,1
309,20,-0.325517118,-1.840588331,1
309,36,-0.1214335859,-1.82762289,1
309,52,0.3541439176,-1.91553545,1
309,68,0.307990849,-3.110585451,1
309,84,0.8000338078,-4.157040119,1
309,100,0.6503808498,-3.825145721,1
309,116,0.3175317943,-2.572257996,1
309,132,NaN,NaN,2
309,148,0.6813765168,-2.27515626,1
309,164,0.5096923709,-2.704400539,1
309,180,NaN,NaN,2
309,196,0.5927203298,-3.947974443,1
309,212,0.145494163,-3.730016947,1
309,228,0.814309299,-4.097908497,1
309,244,0.4577484727,-3.723434448,1
309,260,-0.2966952026,-3.913201809,1
309,276,-0.479362011,-3.24374938,1
309,292,-0.5009310842,-2.413435936,1
309,308,0.6928763986,-2.442421675,1
309,324,1.978028536,-2.5399189,1
309,340,1.53306222,-2.328863144,1
309,356,1.350800395,-1.819364071,1
309,372,1.309784651,-1.438422084,1
309,388,1.498850584,-0.7155401111,1
309,404,1.343451023,-0.8658174276,1
309,420,0.2211236358,-0.9675302505,1
309,436,0.1248527765,-0.9995365739,1
309,452,0.2709932327,-0.6815719604,1
309,468,0.2461301386,-0.2895748019,1
309,484,NaN,NaN,2
309,500,NaN,NaN,2
309,516,NaN,NaN,2
309,532,-2.767112732,-0.2542963326,1
309,548,-0.3690281808,0.9144579172,1
309,564,-0.6849654913,1.530057669,1
309,580,-1.417665958,1.448972464,1
309,596,-1.142029524,3.000934839,1
309,612,-0.8565943241,1.410873652,1
309,628,-0.1574326456,1.18859911,1
309,644,-0.2332266569,1.552213073,1
309,660,-0.1961244047,0.4457249641,1
309,676,NaN,NaN,2
309,692,NaN,NaN,2
309,708,-0.5869555473,0.818926692,1
309,724,-0.3553266227,2.020125151,1
309,740,-0.355415076,2.380485058,1
309,756,-0.4427678585,2.280477762,1
309,772,-0.4635955095,1.748446941,1
309,788,-0.5383085608,1.254532218,1
309,804,-0.529930234,1.341434479,1
309,820,-1.017561197,1.27912569,1
309,836,-0.8369940519,0.9143577814,1
309,852,0.9058226943,0.5321261287,1
309,868,0.7731761932,0.5243468285,1
309,884,0.05672875792,0.9115103483,1
309,900,-0.747538805,0.2220757604,1
309,916,0.07421848178,0.3433007002,1
309,932,-0.5401967764,0.383780241,1
309,948,-1.396543503,0.552069664,1
309,964,NaN,NaN,2
309,980,-1.113468409,2.132372141,1
309,996,-1.134900928,1.141859293,1
309,1012,-0.5683898926,0.7682980299,1
309,1028,-0.300968349,1.276381373,1
309,1044,-0.5572367907,1.20301044,1
309,1060,-0.2431760281,0.8671145439,1
309,1076,0.3473798633,1.724663854,1
309,1092,NaN,NaN,2
309,1108,NaN,NaN,2
309,1124,0.6127842665,-0.8395761251,1
325,20,0.489102304,-1.356136322,1
325,36,-0.252440393,-4.149748802,1
325,52,NaN,NaN,2
325,68,NaN,NaN,2
325,84,1.180664301,-2.479060173,1
325,100,1.554876089,-2.532189846,1
325,116,NaN,NaN,2
325,132,1.242914915,-4.060111046,1
325,148,0.4417915344,-2.531669378,1
325,164,0.2564488053,-2.570162058,1
325,180,0.6004388928,-3.643397331,1
325,196,0.3554768562,-3.301848173,1
325,212,0.2634154558,-3.461716652,1
325,228,NaN,NaN,2
325,244,-0.1874742955,-4.242160797,1
325,260,-0.5686663389,-4.137042999,1
325,276,-0.3291853964,-2.970408201,1
325,292,-0.02226100862,-2.89221406,1
325,308,0.7440168262,-3.252503872,1
325,324,2.10756588,-2.333199978,1
325,340,1.915468931,-1.970774412,1
325,356,2.140446186,-2.10185194,1
325,372,NaN,NaN,2
325,388,1.428854942,-1.162731647,1
325,404,0.4766221642,-0.02290225029,1
325,420,-0.4873332381,-1.01341176,1
325,436,NaN,NaN,2
325,452,0.1383626163,-0.7648975849,1
325,468,-0.01148666441,0.4462715387,1
325,484,NaN,NaN,2
325,500,NaN,NaN,2
325,516,NaN,NaN,2
325,532,-1.018334389,-0.7563451529,1
325,548,0.2817577124,0.4375725985,1
325,564,1.112459302,1.358643055,1
325,580,NaN,NaN,2
325,596,NaN,NaN,2
325,612,-0.7953776717,2.900210381,1
325,628,-0.5616852641,1.512915611,1
325,644,-0.1606478393,1.110386968,1
325,660,-0.5883075595,0.4198284149,1
325,676,NaN,NaN,2
325,692,NaN,NaN,2
325,708,-0.332957685,1.336827397,1
325,724,-0.8669851422,2.219084263,1
325,740,-0.7162448168,2.300515652,1
325,756,-0.4002429843,2.121878862,1
325,772,-0.5988383293,1.788967013,1
325,788,-0.3581968248,1.212980866,1
325,804,NaN,NaN,2
325,820,-0.6529216766,1.558713794,1
325,836,0.07035923004,1.29061389,1
325,852,0.1670665145,0.8990687132,1
325,868,1.196438789,0.7482609749,1
325,884,0.4474009275,0.8494362831,1
325,900,-0.08284106106,0.2436820269,1
325,916,-0.08531445265,0.8879563808,1
325,932,-0.5693181753,1.612154603,1
325,948,-2.184345484,2.52601552,1
325,964,NaN,NaN,2
325,980,NaN,NaN,2
325,996,-0.4378654361,1.454405189,1
325,1012,-0.7933529019,1.134598136,1
325,1028,-0.9757327437,1.365555882,1
325,1044,-0.6374870539,1.009913445,1
325,1060,-0.278375566,0.4905027747,1
325,1076,0.06681342423,0.603559494,1
325,1092,0.4274018109,0.2212233543,1
325,1108,0.1543323994,-1.088202834,1
325,1124,1.22200489,-0.4491935968,1
341,20,NaN,NaN,2
341,36,NaN,NaN,2
341,52,NaN,NaN,2
341,68,-0.1111734211,-1.8301754,1
341,84,0.3679876328,-2.185360432,1
341,100,0.7379167676,-3.122178555,1
341,116,0.9533231854,-4.922496796,1
341,132,NaN,NaN,2
341,148,0.9539372325,-2.265067339,1
341,164,1.36439395,-2.015457392,1
341,180,1.295058489,-2.615112066,1
341,196,0.3829835951,-3.534324884,1
341,212,0.5921658874,-3.507792234,1
341,228,0.6320573092,-3.978034496,1
341,244,-0.04864782095,-4.139081955,1
341,260,-0.468631804,-3.675691605,1
341,276,0.6042075157,-2.273258448,1
341,292,0.7959958911,-3.2209692,1
341,308,NaN,NaN,2
341,324,0.5230050087,-1.907223225,1
341,340,0.8462895155,-1.367891669,1
341,356,1.904799104,-2.158427238,1
341,372,NaN,NaN,2
341,388,NaN,NaN,2
341,404,-0.1065234542,-0.3056458235,1
341,420,NaN,NaN,2
341,436,NaN,NaN,2
341,452,NaN,NaN,2
341,468,-0.02958329022,0.237552315,1
341,484,0.04803878069,0.06533911824,1
341,500,1.377316117,-0.2305951715,1
341,516,-0.3912657499,-0.7699625492,1
341,532,0.764349103,0.08603930473,1
341,548,NaN,NaN,2
341,564,NaN,NaN,2
341,580,-3.195593834,3.096625805,1
341,596,-1.542886496,4.733372211,1
341,612,-0.629781723,2.382539272,1
341,628,-0.3411926031,2.000691891,1
341,644,-0.3863285184,1.260700107,1
341,660,-1.122651815,0.3713393807,1
341,676,-0.6393414736,0.6852166653,1
341,692,-0.09130015969,1.397698164,1
341,708,-0.2265023291,1.802157521,1
341,724,-0.411593169,2.081301212,1
341,740,-0.4704497159,1.803158283,1
341,756,-1.138062596,2.182413101,1
341,772,NaN,NaN,2
341,788,-0.7441539764,1.878616333,1
341,804,-0.5715965629,2.235672951,1
341,820,0.2838815451,2.069930077,1
341,836,0.1355594099,2.033664703,1
341,852,-0.5970950723,1.116259217,1
341,868,0.3872384131,0.891312778,1
341,884,1.342541575,1.296527863,1
341,900,0.1421252191,2.256397009,1
341,916,-0.2214261293,1.948463082,1
341,932,NaN,NaN,2
341,948,-1.114183664,2.743586779,1
341,964,-0.2744240761,1.87749505,1
341,980,NaN,NaN,2
341,996,0.1289096475,2.881575108,1
341,1012,NaN,NaN,2
341,1028,-1.207879782,1.85266614,1
341,1044,-0.6225995421,0.7949123383,1
341,1060,0.07735770941,0.05010032654,1
341,1076,0.1583243906,-0.1817510426,1
341,1092,0.2142659128,-0.5148687363,1
341,1108,-0.2542208433,-0.8889577389,1
341,1124,-0.3585518003,-0.7253226042,1
357,20,NaN,NaN,2
357,36,-0.5209445953,-4.020918846,1
357,52,0.07288123667,-4.607736588,1
357,68,0.4934927821,-3.190587759,1
357,84,-0.5968055725,-3.99211812,1
357,100,NaN,NaN,2
357,116,NaN,NaN,2
357,132,NaN,NaN,2
357,148,1.058030844,-1.909027576,1
357,164,0.8390988111,-1.763302326,1
357,180,0.7260574102,-2.512574196,1
357,196,0.5573331118,-3.031245232,1
357,212,0.7846368551,-3.117200613,1
357,228,NaN,NaN,2
357,244,0.9066364765,-3.474984407,1
357,260,0.4273917675,-3.108697891,1
357,276,0.5804805756,-3.091875553,1
357,292,1.003744364,-3.320946217,1
357,308,0.5446463823,-3.26671505,1
357,324,NaN,NaN,2
357,340,-0.02422553301,-0.05675530434,1
357,356,0.6926611662,-0.1453063488,1
357,372,1.397139072,-2.659578323,1
357,388,0.8004319668,-4.365363121,1
357,404,0.4492653012,-0.973222971,1
357,420,-0.5443334579,-0.8279761076,1
357,436,-1.96676445,-0.4841057658,1
357,452,NaN,NaN,2
357,468,-0.2726683021,-0.2389606535,1
357,484,0.139352262,-0.1993248463,1
357,500,0.4426133633,-0.7087496519,1
357,516,0.2616409063,-0.7116873264,1
357,532,0.6052948236,-0.4821736217,1
357,548,2.936213255,-0.3011547327,1
357,564,NaN,NaN,2
357,580,-2.1525352,2.844866514,1
357,596,-1.247359395,3.693705559,1
357,612,-0.7511098385,1.429769278,1
357,628,-0.5628708601,2.060364246,1
357,644,-1.814719915,0.9354908466,1
357,660,-1.291267276,0.8393025398,1
357,676,-0.2612984776,0.8516291976,1
357,692,-0.05340710282,1.126276135,1
357,708,-0.05687314272,1.994253397,1
357,724,-0.199182868,1.812507868,1
357,740,-0.1361967921,1.303730369,1
357,756,-0.3729752898,2.225208044,1
357,772,-1.418099523,1.720790863,1
357,788,NaN,NaN,2
357,804,-0.6346168518,1.845929146,1
357,820,NaN,NaN,2
357,836,0.4630583525,0.9568897486,1
357,852,0.1262702942,0.6591079235,1
357,868,0.3867950439,0.8223884106,1
357,884,-0.1232882142,1.406951904,1
357,900,-0.8177877665,1.976573229,1
357,916,-1.17165184,1.714994669,1
357,932,-0.6222168207,1.562536359,1
357,948,0.3950885534,1.468677282,1
357,964,0.9709402323,1.570960999,1
357,980,1.472822189,2.326934576,1
357,996,0.7054219246,3.163565397,1
357,1012,NaN,NaN,2
357,1028,NaN,NaN,2
357,1044,-0.4935207963,-0.03360927105,1
357,1060,NaN,NaN,2
357,1076,-0.6945399642,-0.4801505208,1
357,1092,0.06190375984,-0.5174655914,1
357,1108,0.1107065678,-1.193170547,1
357,1124,0.4608242512,-0.8232237101,1
373,20,-0.4932560921,-4.122441769,1
373,36,-0.9479973316,-4.310281754,1
373,52,0.01383769512,-3.84691,1
373,68,NaN,NaN,2
373,84,0.4077758193,-4.063028812,1
373,100,0.450989902,-3.870956421,1
373,116,0.9475314617,-3.833623886,1
373,132,1.290930152,-2.717267036,1
373,148,1.148479581,-1.736501932,1
373,164,0.7039977908,-2.164998531,1
373,180,0.3039761484,-2.628149509,1
373,196,0.2947149873,-2.179013729,1
373,212,0.6904175282,-2.121470928,1
373,228,1.120167732,-2.401318073,1
373,244,1.354230404,-2.700123549,1
373,260,1.345365286,-2.137241364,1
373,276,0.9512571692,-2.096658707,1
373,292,1.252547503,-2.513916969,1
373,308,0.9807699323,-2.289166689,1
373,324,0.1514611244,-1.879522085,1
373,340,-0.2628949285,-1.203014731,1
373,356,0.3451631069,0.2613190413,1
373,372,0.8670789003,-1.665696144,1
373,388,0.6811637878,-3.542411804,1
373,404,1.545420766,-1.127601147,1
373,420,-0.5116343498,0.3687391281,1
373,436,-1.29739809,-0.4647855163,1
373,452,NaN,NaN,2
373,468,NaN,NaN,2
373,484,0.5336136818,-0.2222619951,1
373,500,0.8905570507,-0.5484366417,1
373,516,0.6868700385,-0.8744648695,1
373,532,1.294885993,-0.7129749656,1
373,548,2.211860657,-0.9543960094,1
373,564,NaN,NaN,2
373,580,NaN,NaN,2
373,596,0.3778156638,2.685256958,1
373,612,-1.468600988,2.708189726,1
373,628,-1.935829759,2.384189844,1
373,644,NaN,NaN,2
373,660,-1.621157646,0.4305025935,1
373,676,-1.339094162,0.4731336832,1
373,692,-0.4101355076,0.8534122705,1
373,708,0.1816394925,1.585955381,1
373,724,0.3479888439,1.010051012,1
373,740,-0.8938477039,0.1999121904,1
373,756,NaN,NaN,2
373,772,NaN,NaN,2
373,788,0.05693942308,0.8784697056,1
373,804,0.2823128402,1.683511257,1
373,820,1.738976359,1.172056913,1
373,836,NaN,NaN,2
373,852,1.510249972,1.046085119,1
373,868,0.1660478711,1.020284295,1
373,884,-1.483459711,1.320694685,1
373,900,NaN,NaN,2
373,916,-1.574225903,0.9316523075,1
373,932,-0.5912033319,0.9891963005,1
373,948,0.8168619275,1.20316267,1
373,964,0.975913763,2.415209055,1
373,980,1.699764371,2.040865421,1
373,996,1.2693609,1.972162724,1
373,1012,0.1038342416,1.274918437,1
373,1028,-1.08055532,-0.3885910511,1
373,1044,-1.020302653,-0.7897515893,1
373,1060,NaN,NaN,2
373,1076,-0.6469678879,-0.2986145914,1
373,1092,-0.2362037301,-0.4450688958,1
373,1108,0.2960597575,-1.529769063,1
373,1124,NaN,NaN,2
389,20,-0.1908476353,-4.293411255,1
389,36,0.01857978106,-3.865521669,1
389,52,-0.02299895883,-3.535531521,1
389,68,0.9091291428,-3.836764574,1
389,84,0.6815475225,-4.704761505,1
389,100,1.179295421,-4.562385082,1
389,116,1.508627534,-4.3778615,1
389,132,1.842938423,-2.608446598,1
389,148,1.629550219,-1.819905996,1
389,164,0.8034649491,-1.822819829,1
389,180,-0.2451686263,-2.159813881,1
389,196,NaN,NaN,2
389,212,0.9504579306,-1.880873919,1
389,228,1.136222363,-2.068138599,1
389,244,1.23721683,-1.996831894,1
389,260,1.357189417,-1.684674501,1
389,276,1.484620214,-1.782892466,1
389,292,1.254588008,-1.855697155,1
389,308,0.8853667378,-2.195108891,1
389,324,0.6247254014,-2.372676849,1
389,340,0.1769082546,-1.893666387,1
389,356,0.04066503048,-0.2753070593,1
389,372,-0.0374532938,0.7739441395,1
389,388,0.7407707572,-3.00350666,1
389,404,0.612354517,-2.419610977,1
389,420,NaN,NaN,2
389,436,-0.3016440272,-0.3670108318,1
389,452,-0.3074946404,-0.9907445312,1
389,468,-0.054407686,-0.3187314272,1
389,484,0.6494123936,-0.2666278481,1
389,500,1.243695259,-0.4063355029,1
389,516,1.396517038,-0.8247139454,1
389,532,1.589304686,-1.087186694,1
389,548,2.167863131,-2.237049103,1
389,564,2.535866261,-1.156125784,1
389,580,2.814585686,2.271645069,1
389,596,0.8607990742,1.323469758,1
389,612,-1.243272185,2.185319424,1
389,628,-2.124543667,1.428544641,1
389,644,-0.3392950892,0.4580837488,1
389,660,-1.542200923,0.4002717137,1
389,676,-1.419326544,0.9462620616,1
389,692,-0.7751350999,0.8973309398,1
389,708,-0.1940870881,0.664294064,1
389,724,0.1559450328,0.5452916026,1
389,740,0.2099844813,-0.6875931025,1
389,756,-0.5916279554,-0.6093162894,1
389,772,0.1837437749,0.3644693494,1
389,788,NaN,NaN,2
389,804,1.83221364,1.901727438,1
389,820,0.8274058104,0.7120944262,1
389,836,1.107087135,0.286993742,1
389,852,0.9309333563,1.079926729,1
389,868,NaN,NaN,2
389,884,-1.250733852,1.147422552,1
389,900,-1.27110827,1.215366483,1
389,916,-1.828095794,0.3381048441,1
389,932,NaN,NaN,2
389,948,NaN,NaN,2
389,964,0.4325746894,3.662848473,1
389,980,0.6724498868,2.670073032,1
389,996,1.775630713,1.310390234,1
389,1012,1.838150978,0.7281051874,1
389,1028,0.2872857749,-0.01015108824,1
389,1044,-0.3277456164,-0.3882159293,1
389,1060,-0.2456507087,-0.4929820895,1
389,1076,0.3325692415,-0.3711152971,1
389,1092,-0.3813925385,0.3856379092,1
389,1108,0.29790622,0.7055256367,1
389,1124,NaN,NaN,2
405,20,-0.3817090988,-3.874932766,1
405,36,-0.1900492609,-2.689405441,1
405,52,0.5744116902,-3.216491938,1
405,68,1.235868454,-4.072310448,1
405,84,1.102402568,-5.133633614,1
405,100,1.45070076,-4.365544319,1
405,116,2.23143959,-2.667321205,1
405,132,NaN,NaN,2
405,148,2.761776924,-2.588847637,1
405,164,1.285106897,-1.900269151,1
405,180,-0.3031734228,-1.751469254,1
405,196,-0.518415451,-1.432527184,1
405,212,1.188939333,-2.16766572,1
405,228,1.620287657,-2.360230923,1
405,244,0.9901296496,-2.173797369,1
405,260,1.141495705,-2.150443554,1
405,276,1.58455193,-2.460714817,1
405,292,1.529386759,-2.490474463,1
405,308,1.185659766,-1.802196741,1
405,324,0.7401779294,-2.89272666,1
405,340,0.5703452826,-1.79140079,1
405,356,0.4117127657,-0.1758688688,1
405,372,0.6082500219,0.6959577203,1
405,388,0.8655055761,-1.743908525,1
405,404,0.4527773857,-2.885189056,1
405,420,0.5265353918,-0.8974528313,1
405,436,0.5824586749,0.09169101715,1
405,452,0.6388332248,-0.348967135,1
405,468,0.9787729383,-0.4159061909,1
405,484,1.34756887,-0.2773277164,1
405,500,1.418711185,-0.5571360588,1
405,516,NaN,NaN,2
405,532,1.72360003,-0.977697134,1
405,548,NaN,NaN,2
405,564,1.828562617,-1.466540813,1
405,580,2.005563259,-0.3939797282,1
405,596,0.8242995739,0.8729805946,1
405,612,-1.059957266,1.192587852,1
405,628,-1.197249413,0.457519412,1
405,644,-0.8925480247,0.3471522927,1
405,660,-1.142211318,1.113521099,1
405,676,NaN,NaN,2
405,692,-1.410165548,1.088237762,1
405,708,-0.6476883888,0.4918104708,1
405,724,-0.1805941761,0.4778012633,1
405,740,-0.05313020945,0.7359218597,1
405,756,-0.1495731175,1.051810741,1
405,772,0.05658965558,1.366226196,1
405,788,0.3383642137,1.213193059,1
405,804,0.3672100306,1.74315536,1
405,820,1.296871781,1.055692315,1
405,836,NaN,NaN,2
405,852,NaN,NaN,2
405,868,0.2520203292,1.418748975,1
405,884,-0.4091034234,1.626054287,1
405,900,-0.3106544018,0.8232221007,1
405,916,NaN,NaN,2
405,932,-0.2963247597,-0.7271944284,1
405,948,NaN,NaN,2
405,964,-0.1987956613,-2.876725197,1
405,980,NaN,NaN,2
405,996,0.9861620069,1.411462545,1
405,1012,NaN,NaN,2
405,1028,NaN,NaN,2
405,1044,0.2792891264,-0.4852276444,1
405,1060,0.3336026967,-1.07576251,1
405,1076,NaN,NaN,2
405,1092,0.05333581567,0.6351611614,1
405,1108,-0.02615173161,1.605494618,1
405,1124,0.1445542574,1.936056614,1
421,20,NaN,NaN,2
421,36,-0.05202332139,-2.595936775,1
421,52,1.189181566,-3.659537792,1
421,68,NaN,NaN,2
421,84,1.851808786,-4.313632965,1
421,100,1.748387098,-3.010212898,1
421,116,2.497288465,-2.377348661,1
421,132,2.439562082,-3.324482918,1
421,148,2.381916761,-2.672291756,1
421,164,1.266192555,-2.277569771,1
421,180,-0.1144455671,-2.196076632,1
421,196,-0.3668141365,-2.150646687,1
421,212,NaN,NaN,2
421,228,NaN,NaN,2
421,244,-0.3968943357,-3.598580837,1
421,260,0.6580306292,-2.840506792,1
421,276,0.8141479492,-3.137951612,1
421,292,1.103771925,-3.404274464,1
421,308,2.073266745,-2.081811905,1
421,324,NaN,NaN,2
421,340,2.906930447,-1.717136979,1
421,356,2.106407166,-0.4792185426,1
421,372,NaN,NaN,2
421,388,1.096838474,-0.9506552815,1
421,404,0.5005826354,-1.966149569,1
421,420,0.5597848296,-1.502428293,1
421,436,0.02145853639,-0.389238596,1
421,452,1.470781803,-0.606580019,1
421,468,NaN,NaN,2
421,484,1.254277706,-0.73456043,1
421,500,1.528068304,-0.5582943559,1
421,516,NaN,NaN,2
421,532,1.650389314,-0.9721567631,1
421,548,NaN,NaN,2
421,564,NaN,NaN,2
421,580,2.17124486,-1.186515093,1
421,596,1.016747952,-0.5664515495,1
421,612,-1.962902188,-0.4535237551,1
421,628,NaN,NaN,2
421,644,-1.631774783,0.3860509992,1
421,660,-0.8038048148,1.909535646,1
421,676,NaN,NaN,2
421,692,-0.8129884601,1.133953452,1
421,708,-0.6674059033,0.1799978614,1
421,724,-0.7618794441,-0.011536479,1
421,740,-0.3722805381,-0.1105211824,1
421,756,-0.3166956902,0.2048742175,1
421,772,-0.4595746696,0.4143950343,1
421,788,-0.6637020111,1.642012835,1
421,804,-0.4993414879,1.981569171,1
421,820,0.1210914552,1.698681831,1
421,836,0.882555604,1.234621763,1
421,852,0.8849823475,0.4806482196,1
421,868,0.1084261537,0.5850981474,1
421,884,-1.22644484,1.919444084,1
421,900,NaN,NaN,2
421,916,NaN,NaN,2
421,932,NaN,NaN,2
421,948,-0.5538042188,-2.410825253,1
421,964,NaN,NaN,2
421,980,NaN,NaN,2
421,996,-0.02297106385,1.35848999,1
421,1012,0.2059631348,0.1365946531,1
421,1028,NaN,NaN,2
421,1044,-0.08245167136,-0.4629725218,1
421,1060,0.3047746122,-1.085763216,1
421,1076,-0.1152998209,-0.0286039263,1
421,1092,0.2537882924,0.9201587439,1
421,1108,-0.3220603466,1.050415754,1
421,1124,-0.8285223246,1.380169034,1
437,20,NaN,NaN,2
437,36,-0.5890148878,-2.778650284,1
437,52,1.761475921,-3.696632147,1
437,68,NaN,NaN,2
437,84,1.650505185,-3.689703465,1
437,100,1.346431375,-2.243967772,1
437,116,NaN,NaN,2
437,132,2.00663662,-2.877526522,1
437,148,2.123484135,-2.891495228,1
437,164,1.468997598,-2.919595242,1
437,180,-0.01372730732,-3.736214638,1
437,196,-0.4653022289,-3.335646152,1
437,212,-0.3941876888,-4.603322983,1
437,228,-1.223628163,-4.833181381,1
437,244,-0.6521739364,-5.112323284,1
437,260,NaN,NaN,2
437,276,-0.2782236338,-3.157849312,1
437,292,0.8538575768,-2.991250515,1
437,308,1.591709495,-2.50532341,1
437,324,2.235871792,-2.050202608,1
437,340,2.529858351,-1.594668031,1
437,356,3.76619482,-0.8004196882,1
437,372,3.060398579,-0.3547744155,1
437,388,1.258348227,-0.3777379394,1
437,404,0.6905537844,-1.655088663,1
437,420,0.7130315304,-1.702026725,1
437,436,0.3588908315,-1.20244348,1
437,452,0.571609199,-1.103437066,1
437,468,0.6363213062,-1.190041661,1
437,484,0.8602324128,-1.24808979,1
437,500,1.406357408,-0.3329079151,1
437,516,1.803363085,-0.06336504221,1
437,532,1.414017439,-0.754189074,1
437,548,NaN,NaN,2
437,564,NaN,NaN,2
437,580,1.363922596,-0.9576373696,1
437,596,0.6499346495,-0.9473587275,1
437,612,-0.09206360579,-0.9526516795,1
437,628,NaN,NaN,2
437,644,-0.5094891787,-0.8901668787,1
437,660,NaN,NaN,2
437,676,0.03536856174,1.572759867,1
437,692,-0.4606352448,0.4772327542,1
437,708,-0.9457357526,-0.007710337639,1
437,724,-1.156184077,-0.1214143187,1
437,740,-0.6395930648,-1.36532557,1
437,756,-0.6141331792,-0.9591885209,1
437,772,-0.7103967667,0.6476290822,1
437,788,-0.794467032,0.9954442382,1
437,804,-0.8644769788,1.451382756,1
437,820,-2.247530699,0.3957197666,1
437,836,-0.4354682565,1.372793317,1
437,852,0.4578895569,0.8207701445,1
437,868,-0.2321454138,0.884285748,1
437,884,-1.922896385,1.358977318,1
437,900,-3.277188778,3.419868469,1
437,916,NaN,NaN,2
437,932,NaN,NaN,2
437,948,-0.2414192259,-0.2311883122,1
437,964,-1.699000716,-0.6424597502,1
437,980,NaN,NaN,2
437,996,0.157911092,0.924244523,1
437,1012,0.1977570653,0.06905949116,1
437,1028,-0.01834435761,-0.3250225782,1
437,1044,0.3885053992,0.130565837,1
437,1060,NaN,NaN,2
437,1076,0.6291121244,0.6182937026,1
437,1092,0.6591668129,1.272592664,1
437,1108,0.1947375387,0.9019579887,1
437,1124,-0.2085744739,0.7201998234,1
453,20,NaN,NaN,2
453,36,-0.5108504891,-2.42787838,1
453,52,1.164947748,-2.331317186,1
453,68,1.463402033,-2.507196426,1
453,84,1.042078018,-3.174386978,1
453,100,0.6644755602,-3.525480747,1
453,116,0.5858254433,-2.819078922,1
453,132,1.780398369,-2.97593689,1
453,148,1.592478275,-3.662739754,1
453,164,1.491853595,-3.398402691,1
453,180,1.276737332,-3.122701645,1
453,196,1.986543536,-2.008117914,1
453,212,1.358061433,-3.454658508,1
453,228,-0.676082015,-4.19186306,1
453,244,0.4064387679,-4.97700882,1
453,260,NaN,NaN,2
453,276,NaN,NaN,2
453,292,NaN,NaN,2
453,308,1.53891778,-2.261662245,1
453,324,2.527381659,-1.520591259,1
453,340,3.445397615,-1.30506587,1
453,356,2.994895935,-1.628073215,1
453,372,2.531878233,-1.003751755,1
453,388,NaN,NaN,2
453,404,2.073384762,-0.6102054119,1
453,420,1.079400301,-1.435905695,1
453,436,1.180762291,-1.023833632,1
453,452,NaN,NaN,2
453,468,-0.006258994341,-1.276053667,1
453,484,0.3745187223,-1.795397639,1
453,500,NaN,NaN,2
453,516,1.322611332,-0.7734941244,1
453,532,0.5815660954,-0.7578695416,1
453,548,0.9299949408,-0.7946810722,1
453,564,NaN,NaN,2
453,580,0.6058096886,-0.595400691,1
453,596,-0.8374679685,-0.7104147077,1
453,612,0.2378471792,-1.096671343,1
453,628,NaN,NaN,2
453,644,0.2874268293,-1.508469105,1
453,660,0.4589046836,-0.2878781557,1
453,676,NaN,NaN,2
453,692,-0.168756783,-0.1950953603,1
453,708,-1.430327177,-0.3221940398,1
453,724,NaN,NaN,2
453,740,-1.743441582,-1.143664598,1
453,756,NaN,NaN,2
453,772,NaN,NaN,2
453,788,NaN,NaN,2
453,804,-1.773283243,0.7302789688,1
453,820,-2.072794199,-0.1175811291,1
453,836,NaN,NaN,2
453,852,NaN,NaN,2
453,868,NaN,NaN,2
453,884,-0.9466755986,0.5498795509,1
453,900,NaN,NaN,2
453,916,NaN,NaN,2
453,932,NaN,NaN,2
453,948,0.1745973825,-2.120790482,1
453,964,0.159876585,-0.8487836123,1
453,980,-0.3679690957,-0.7548132539,1
453,996,0.2908048332,-0.02418667078,1
453,1012,0.8343544006,-0.1505232304,1
453,1028,0.4577288032,0.3912305832,1
453,1044,-0.07721486688,1.367624879,1
453,1060,-0.03700610995,0.5789108872,1
453,1076,0.6786463857,1.440617561,1
453,1092,NaN,NaN,2
453,1108,NaN,NaN,2
453,1124,NaN,NaN,2
469,20,NaN,NaN,2
469,36,1.104861021,-1.267157674,1
469,52,1.226233125,-1.671448946,1
469,68,-0.602067709,-2.05973959,1
469,84,-1.352537036,-2.728075266,1
469,100,0.1796775758,-3.376974583,1
469,116,0.3521058559,-3.011473179,1
469,132,1.149719477,-4.003839493,1
469,148,1.784629822,-3.123314381,1
469,164,1.365793347,-3.8610425,1
469,180,1.786113381,-2.835725784,1
469,196,2.283137083,-1.659142375,1
469,212,1.474699974,-1.796713114,1
469,228,-0.3860011101,-3.228178501,1
469,244,-0.06117278337,-3.895566463,1
469,260,0.6860007048,-5.278055191,1
469,276,1.00322926,-3.8131001,1
469,292,NaN,NaN,2
469,308,0.6824719906,-2.61687851,1
469,324,2.153133392,-1.209213972,1
469,340,2.597767353,-1.09622848,1
469,356,2.428907871,-1.494088888,1
469,372,2.181767464,-1.104958892,1
469,388,NaN,NaN,2
469,404,NaN,NaN,2
469,420,1.180452943,-1.122676849,1
469,436,0.6710448861,-0.8283227086,1
469,452,NaN,NaN,2
469,468,0.1976156533,-0.8821642995,1
469,484,0.5353389382,-1.81232965,1
469,500,0.9302509427,-1.739355683,1
469,516,0.7483388186,-0.9860626459,1
469,532,0.1547711045,-1.086888552,1
469,548,NaN,NaN,2
469,564,0.07527729869,-0.4061766267,1
469,580,-0.03982234001,-0.7815090418,1
469,596,-1.376892567,-0.6969524622,1
469,612,4.671141505e-05,-1.400434971,1
469,628,NaN,NaN,2
469,644,-0.04291066527,-1.433714628,1
469,660,-0.4198591709,0.5563728809,1
469,676,-0.2958755791,-0.4322369099,1
469,692,NaN,NaN,2
469,708,-0.2053333223,-1.282990336,1
469,724,-0.9969897866,-1.282170296,1
469,740,NaN,NaN,2
469,756,NaN,NaN,2
469,772,NaN,NaN,2
469,788,NaN,NaN,2
469,804,-1.934044719,0.1037173867,1
469,820,-1.286583066,1.820750475,1
469,836,-1.477614522,0.9174255729,1
469,852,-0.5817011595,0.3332369924,1
469,868,-0.3524562418,0.7896108031,1
469,884,NaN,NaN,2
469,900,NaN,NaN,2
469,916,NaN,NaN,2
469,932,-0.108732447,1.088232398,1
469,948,-0.3851023912,-1.21894455,1
469,964,-0.766403079,-1.119303226,1
469,980,NaN,NaN,2
469,996,-0.4941574931,-0.6132420301,1
469,1012,1.203696489,0.6971917748,1
469,1028,0.8154571056,0.363959074,1
469,1044,-0.1058819294,0.2521467805,1
469,1060,-0.3507216275,0.8891460896,1
469,1076,-0.8388295174,1.356853843,1
469,1092,NaN,NaN,2
469,1108,NaN,NaN,2
469,1124,0.8555064797,-0.1171797216,1
485,20,4.006023407,-2.602379799,1
485,36,3.467428684,-1.631894112,1
485,52,1.778126955,-1.858131289,1
485,68,-0.06440877914,-2.092222691,1
485,84,NaN,NaN,2
485,100,NaN,NaN,2
485,116,NaN,NaN,2
485,132,NaN,NaN,2
485,148,NaN,NaN,2
485,164,NaN,NaN,2
485,180,2.191674709,-2.462823868,1
485,196,1.578742743,-1.852374196,1
485,212,1.018657207,-2.491440296,1
485,228,0.2927229404,-1.629347205,1
485,244,-0.08488881588,-2.5325737,1
485,260,0.8618748188,-2.397622585,1
485,276,0.6082397699,-2.072803974,1
485,292,0.3641275764,-2.060748339,1
485,308,NaN,NaN,2
485,324,0.7826516628,-0.6329985857,1
485,340,1.313294172,-0.046910882,1
485,356,1.682073116,-0.8643975258,1
485,372,1.892370105,-0.9320272207,1
485,388,1.717023492,-0.7142440081,1
485,404,1.558792591,-0.5611002445,1
485,420,1.208370924,-1.164282918,1
485,436,0.7955718637,-0.9080911279,1
485,452,0.4635301828,0.01326274872,1
485,468,0.3275825977,-0.1962594986,1
485,484,0.3729308248,-1.081292272,1
485,500,0.362442553,-0.9416726828,1
485,516,0.06795251369,-0.8561953306,1
485,532,-0.1084118485,-0.5467430949,1
485,548,NaN,NaN,2
485,564,NaN,NaN,2
485,580,NaN,NaN,2
485,596,NaN,NaN,2
485,612,-0.640833497,-0.8391189575,1
485,628,0.6776959896,-0.7181806564,1
485,644,1.503037691,-0.9858739376,1
485,660,NaN,NaN,2
485,676,-0.1226800978,-0.8462464809,1
485,692,0.1171890497,-1.685694695,1
485,708,0.2894621789,-2.021572351,1
485,724,0.3341409564,-1.678645253,1
485,740,-0.02391552925,-2.52354598,1
485,756,NaN,NaN,2
485,772,NaN,NaN,2
485,788,-0.046030581,0.08358940482,1
485,804,-0.1220726967,0.6704075336,1
485,820,0.00234824419,2.964604616,1
485,836,-0.1714572906,1.574962378,1
485,852,-0.5116444826,1.101510763,1
485,868,-0.5164496899,1.279115915,1
485,884,NaN,NaN,2
485,900,-0.6500691772,2.398841381,1
485,916,-0.1216008365,2.85168767,1
485,932,-0.9811602235,1.737538338,1
485,948,-1.135187387,0.4202227592,1
485,964,-0.9969277382,-0.379930675,1
485,980,NaN,NaN,2
485,996,-0.8052873611,0.1230350211,1
485,1012,NaN,NaN,2
485,1028,1.159855485,-0.7587381601,1
485,1044,NaN,NaN,2
485,1060,0.1088766158,-0.01374024153,1
485,1076,0.9289751053,0.1568328142,1
485,1092,1.041622162,0.9754280448,1
485,1108,-0.2709255815,0.8685007691,1
485,1124,-0.7329800129,-0.3326605558,1
501,20,3.293316364,-3.980038643,1
501,36,3.163437128,-2.417515755,1
501,52,2.195098639,-2.778932095,1
501,68,NaN,NaN,2
501,84,NaN,NaN,2
501,100,1.584638476,-5.741321564,1
501,116,NaN,NaN,2
501,132,1.906308889,-2.510011196,1
501,148,2.250115395,-1.839594841,1
501,164,1.459164977,-1.92886138,1
501,180,1.032108307,-2.394862652,1
501,196,NaN,NaN,2
501,212,0.970275104,-3.181237221,1
501,228,0.7105558515,-1.165157795,1
501,244,0.7129588127,-0.7578784227,1
501,260,0.7279490232,-1.389335871,1
501,276,0.9967423677,-1.231546164,1
501,292,0.9479394555,-1.099895477,1
501,308,0.6964902878,-1.038741589,1
501,324,0.6640592813,-0.3785767555,1
501,340,1.313851118,0.4816736877,1
501,356,NaN,NaN,2
501,372,1.785024285,-0.604624033,1
501,388,1.754393339,-0.3170450628,1
501,404,1.661008,-0.3358575106,1
501,420,NaN,NaN,2
501,436,1.104875684,-0.9385281801,1
501,452,0.7306506634,-0.4942179918,1
501,468,NaN,NaN,2
501,484,0.764767766,-0.9792040586,1
501,500,0.4209030867,-0.6682133675,1
501,516,-0.08454807103,-0.5440488458,1
501,532,-0.09690821171,-0.2603576779,1
501,548,-0.5071341395,-0.7312033772,1
501,564,NaN,NaN,2
501,580,-0.3409398496,-0.4389429688,1
501,596,-0.01657012105,-0.388720423,1
501,612,0.02249967307,-0.5536203384,1
501,628,0.436201781,-0.7236425281,1
501,644,0.6422846317,-1.230834365,1
501,660,0.6198248267,-0.9248077869,1
501,676,0.3947518766,-0.8520814776,1
501,692,0.1346934289,-0.696657896,1
501,708,0.0685248673,-1.168156862,1
501,724,0.2095194161,-1.301640749,1
501,740,0.3885442615,-0.4579312205,1
501,756,0.6658643484,-0.7070256472,1
501,772,0.3411753178,-0.5232536197,1
501,788,0.1685324907,0.0611679703,1
501,804,0.4005702138,0.4332203269,1
501,820,NaN,NaN,2
501,836,NaN,NaN,2
501,852,-0.6277038455,2.129105568,1
501,868,-1.167679191,2.019326448,1
501,884,-1.508512616,2.298383713,1
501,900,-0.5950447321,2.151105165,1
501,916,-0.2568709552,2.355955124,1
501,932,-0.4536485672,1.99602747,1
501,948,NaN,NaN,2
501,964,-0.4512233734,1.430715322,1
501,980,0.02710723877,1.012289047,1
501,996,0.4594334662,0.29468894,1
501,1012,0.3959802091,-0.2208250463,1
501,1028,NaN,NaN,2
501,1044,NaN,NaN,2
501,1060,0.4976354837,-0.2066139877,1
501,1076,-0.1499432325,0.3216116726,1
501,1092,0.2063741386,1.000321865,1
501,1108,-1.253473043,1.318912148,1
501,1124,-2.028307915,0.694195807,1
517,20,3.604946136,-2.702907085,1
517,36,3.65877986,-1.763356209,1
517,52,3.679095745,-1.464060187,1
517,68,1.80479455,-0.4738973379,1
517,84,1.011026621,-2.452400208,1
517,100,NaN,NaN,2
517,116,1.491689444,-5.344864845,1
517,132,1.594520569,-2.481632471,1
517,148,1.299825072,-2.51902771,1
517,164,0.9511060119,-1.886799335,1
517,180,0.5734142065,-2.091841459,1
517,196,0.3434022665,-1.777595878,1
517,212,NaN,NaN,2
517,228,0.8482561707,-0.7411583662,1
517,244,1.108030081,-0.2900701761,1
517,260,1.260514021,-0.1820039749,1
517,276,2.288733006,-0.5332256556,1
517,292,2.256102324,-0.3996476531,1
517,308,1.886562824,-0.1273162961,1
517,324,1.780334115,0.1427013874,1
517,340,1.591623783,0.3735111356,1
517,356,1.373646498,-0.1920297444,1
517,372,1.605857134,-0.1329989433,1
517,388,1.771652699,-0.1151659191,1
517,404,2.047132254,-0.1405835301,1
517,420,1.837903023,-0.2418839633,1
517,436,1.316475034,-0.1762556136,1
517,452,0.9238669872,-0.3285477757,1
517,468,0.8685477972,-0.5303566456,1
517,484,0.9566477537,-0.2530683577,1
517,500,-0.15419209,-0.4811005294,1
517,516,NaN,NaN,2
517,532,0.1626483202,0.2781581879,1
517,548,-0.3327709436,-0.7589944601,1
517,564,-0.2666307986,-3.054831505,1
517,580,0.2706812322,-1.079846144,1
517,596,NaN,NaN,2
517,612,0.2779843807,-0.2476244569,1
517,628,0.6937789917,-0.3292548358,1
517,644,0.975615859,-1.379207134,1
517,660,1.063210368,-0.4910942912,1
517,676,1.089531183,-0.4590886831,1
517,692,0.6874626875,0.1932008862,1
517,708,-0.005677998066,-0.002927064896,1
517,724,-0.2325123101,0.1050413847,1
517,740,0.3115873635,-0.04242134094,1
517,756,0.5818578005,-0.4282987714,1
517,772,0.3827691674,-0.2174316049,1
517,788,-0.1294434816,0.670876801,1
517,804,NaN,NaN,2
517,820,NaN,NaN,2
517,836,NaN,NaN,2
517,852,NaN,NaN,2
517,868,-0.5548086166,1.563774347,1
517,884,-0.6524159312,1.828558683,1
517,900,-0.586887002,1.949342728,1
517,916,0.1087678373,2.287906647,1
517,932,-0.1292899251,1.649929047,1
517,948,-0.3713458478,2.599275351,1
517,964,-0.2355723679,2.276093721,1
517,980,0.3265488148,0.9803911448,1
517,996,0.6221899986,0.9482474327,1
517,1012,0.4900484085,0.6940065622,1
517,1028,1.22655797,0.5228754282,1
517,1044,2.168905973,0.5487033725,1
517,1060,0.02997261286,0.4882301688,1
517,1076,-0.5754808187,0.2554515004,1
517,1092,-0.4516055882,0.6887869835,1
517,1108,-1.24576664,1.719498396,1
517,1124,-2.524225473,2.068275928,1
533,20,3.18940568,1.451129794,1
533,36,3.893699646,-0.4139499664,1
533,52,2.793740511,-1.435133934,1
533,68,1.964620829,-3.135021448,1
533,84,1.824310064,-4.202373028,1
533,100,1.299642324,-2.893064499,1
533,116,1.698983192,-2.417898417,1
533,132,1.858758926,-2.929245949,1
533,148,0.9763963819,-4.124464035,1
533,164,0.4609364867,-3.0395298,1
533,180,0.3009690344,-1.557892203,1
533,196,0.5952479243,-1.64505744,1
533,212,NaN,NaN,2
533,228,0.3659807742,-0.5816346407,1
533,244,0.795042038,0.07299730182,1
533,260,NaN,NaN,2
533,276,2.248692989,0.3991156816,1
533,292,NaN,NaN,2
533,308,2.736159086,0.3207380176,1
533,324,2.473989248,0.5182161331,1
533,340,2.048836708,0.7696923018,1
533,356,1.931073904,-0.2359785736,1
533,372,1.963564754,-0.06042139977,1
533,388,1.82597959,-0.09313421696,1
533,404,NaN,NaN,2
533,420,NaN,NaN,2
533,436,NaN,NaN,2
533,452,NaN,NaN,2
533,468,NaN,NaN,2
533,484,0.7497010231,-0.4170597792,1
533,500,1.070228577,-0.3073584437,1
533,516,0.9620952606,-0.2499360293,1
533,532,0.8485426307,0.2548184395,1
533,548,NaN,NaN,2
533,564,0.7344768047,-2.817059755,1
533,580,NaN,NaN,2
533,596,0.6352984905,-2.456587553,1
533,612,NaN,NaN,2
533,628,-0.550162077,-0.4844756126,1
533,644,0.5405811667,-0.07743287086,1
533,660,1.459792972,-0.3275414705,1
533,676,0.8368299603,-1.082652569,1
533,692,0.4613934159,0.3106088638,1
533,708,0.4858881235,0.9482365251,1
533,724,NaN,NaN,2
533,740,0.2323796451,0.1913621724,1
533,756,0.4202502966,-0.6561652422,1
533,772,0.5222378969,0.2785666585,1
533,788,NaN,NaN,2
533,804,NaN,NaN,2
533,820,3.339358091,3.555634737,1
533,836,NaN,NaN,2
533,852,-0.4992978573,-0.02738320827,1
533,868,-0.2996146679,1.315688491,1
533,884,0.6927683353,1.596640587,1
533,900,NaN,NaN,2
533,916,-0.7807933688,2.546160698,1
533,932,-0.3069538176,2.572023869,1
533,948,-0.06105726957,2.940139055,1
533,964,-0.02721641958,2.607306004,1
533,980,0.08747570962,2.120695114,1
533,996,0.3404738903,1.801137209,1
533,1012,0.5690200329,1.183818102,1
533,1028,NaN,NaN,2
533,1044,1.266760707,1.513574004,1
533,1060,0.6275074482,1.031497121,1
533,1076,0.3229291439,0.7562185526,1
533,1092,-1.002678156,0.389398396,1
533,1108,-2.288956881,1.14292717,1
533,1124,-2.34729743,2.395178795,1
549,20,NaN,NaN,2
549,36,2.422688484,2.042082548,1
549,52,2.389308453,-1.496244431,1
549,68,1.796882033,-4.596844673,1
549,84,1.497796416,-3.230099916,1
549,100,0.9494206905,-2.23741436,1
549,116,0.6304636002,-2.430668354,1
549,132,0.61363554,-3.413027287,1
549,148,0.6915419102,-2.725237846,1
549,164,NaN,NaN,2
549,180,-0.01771867275,-1.113927603,1
549,196,-0.09099894762,-1.816243172,1
549,212,NaN,NaN,2
549,228,-0.2424507141,-0.6913069487,1
549,244,0.4516285062,0.5293207169,1
549,260,1.149130821,0.4311662018,1
549,276,NaN,NaN,2
549,292,2.135017395,1.069786429,1
549,308,1.98577261,0.757997632,1
549,324,1.5948838,0.8340373039,1
549,340,NaN,NaN,2
549,356,NaN,NaN,2
549,372,2.368144751,-0.1557746679,1
549,388,1.807261109,0.1821774393,1
549,404,1.556779981,0.2342633307,1
549,420,1.60443449,-0.2555347681,1
549,436,1.461722374,-0.4332385063,1
549,452,0.9600498676,-0.4225072861,1
549,468,0.5449809432,-0.129418239,1
549,484,0.5742118359,-0.1721358895,1
549,500,0.9727010727,0.07472103834,1
549,516,1.330885053,0.1990180612,1
549,532,1.218311071,-1.440537333,1
549,548,0.9672319293,-0.6845680475,1
549,564,1.299489617,-2.850211859,1
549,580,0.965387702,-1.015804172,1
549,596,0.531478405,-0.2592930794,1
549,612,NaN,NaN,2
549,628,NaN,NaN,2
549,644,NaN,NaN,2
549,660,-0.7767531872,-0.6058126688,1
549,676,0.1622629911,-0.5804736018,1
549,692,0.3779019713,0.3193662763,1
549,708,0.4843551517,1.310244679,1
549,724,NaN,NaN,2
549,740,NaN,NaN,2
549,756,NaN,NaN,2
549,772,0.08293104172,0.6312573552,1
549,788,1.383561015,1.915119767,1
549,804,2.247800112,4.496466637,1
549,820,1.405209541,4.840196609,1
549,836,1.166255951,1.718253374,1
549,852,0.6600919962,0.1527942419,1
549,868,-0.2452730834,1.957956553,1
549,884,NaN,NaN,2
549,900,-0.534771204,2.138161659,1
549,916,-2.110404015,3.034170389,1
549,932,-1.274757862,2.475373745,1
549,948,NaN,NaN,2
549,964,0.1908247471,2.646643639,1
549,980,-0.03254795074,2.178986073,1
549,996,0.24993366,1.33854413,1
549,1012,0.6361199021,1.070583582,1
549,1028,NaN,NaN,2
549,1044,NaN,NaN,2
549,1060,2.216609478,1.491340399,1
549,1076,0.9057023525,1.139961958,1
549,1092,0.02202804387,-0.1679257154,1
549,1108,-0.9935022593,-0.08199995756,1
549,1124,-2.241912365,1.693097353,1
565,20,NaN,NaN,2
565,36,0.2382680178,2.788200378,1
565,52,0.8623241186,-1.015950799,1
565,68,1.306503177,-5.695681572,1
565,84,NaN,NaN,2
565,100,NaN,NaN,2
565,116,0.3020672202,-2.409368038,1
565,132,1.343809843,-4.092430115,1
565,148,1.031231403,-2.586056709,1
565,164,NaN,NaN,2
565,180,-0.7144836187,-0.6092767715,1
565,196,-1.033884645,-1.520777225,1
565,212,-0.7916988134,-0.7520125508,1
565,228,-0.4936063886,-0.3428651094,1
565,244,0.1450324208,0.3977780938,1
565,260,0.4681366682,0.4362585545,1
565,276,1.080482721,0.8132432699,1
565,292,1.251774549,2.510865211,1
565,308,1.275310755,1.190888047,1
565,324,1.560461283,1.175597787,1
565,340,NaN,NaN,2
565,356,NaN,NaN,2
565,372,1.819374204,-0.09659156203,1
565,388,1.319400072,-0.05857310817,1
565,404,1.092600465,-0.101693213,1
565,420,1.10553205,-0.187556237,1
565,436,NaN,NaN,2
565,452,0.7199269533,-0.10614568,1
565,468,0.1482034475,-0.3472795486,1
565,484,0.1795481741,-0.02800690755,1
565,500,0.6014224291,0.0613608174,1
565,516,NaN,NaN,2
565,532,2.079053402,-0.4410680532,1
565,548,1.749319792,-0.6594555974,1
565,564,1.29369247,-2.236498356,1
565,580,1.014026999,-1.043676734,1
565,596,0.6279177666,-0.4747345448,1
565,612,NaN,NaN,2
565,628,NaN,NaN,2
565,644,NaN,NaN,2
565,660,NaN,NaN,2
565,676,0.09120485187,-0.3124326468,1
565,692,0.4689633846,0.1046240926,1
565,708,0.5703389645,0.633305192,1
565,724,NaN,NaN,2
565,740,NaN,NaN,2
565,756,NaN,NaN,2
565,772,-0.2984546125,1.061995029,1
565,788,NaN,NaN,2
565,804,NaN,NaN,2
565,820,1.069864273,8.164943695,1
565,836,1.531113982,1.741385698,1
565,852,0.3934264779,4.715260983,1
565,868,2.598732948,3.024935722,1
565,884,2.001932621,3.236762524,1
565,900,1.891963482,2.019783974,1
565,916,-2.745011568,2.375553846,1
565,932,NaN,NaN,2
565,948,-0.8543122411,2.006200314,1
565,964,-0.2546882629,1.637600183,1
565,980,0.1080152541,1.282691717,1
565,996,0.5137939453,1.074198008,1
565,1012,0.5623274446,1.134873748,1
565,1028,1.20456624,2.183581591,1
565,1044,1.783932567,2.95275712,1
565,1060,2.10974431,2.188605785,1
565,1076,1.993429065,1.635216236,1
565,1092,0.4098410606,0.5597900152,1
565,1108,-0.06181865931,0.1689925194,1
565,1124,-0.6069208384,1.700086117,1
581,20,-1.538805962,3.428005219,1
581,36,-1.859171867,1.879252911,1
581,52,NaN,NaN,2
581,68,-0.4421429634,-5.873882294,1
581,84,0.5330370069,-7.75288868,1
581,100,NaN,NaN,2
581,116,NaN,NaN,2
581,132,1.091867566,-3.55638814,1
581,148,1.194209337,-3.620282173,1
581,164,0.1078236401,-3.48943305,1
581,180,-0.5571072102,-2.258150101,1
581,196,-0.643779397,-2.174890757,1
581,212,NaN,NaN,2
581,228,0.05708163977,-0.2642666996,1
581,244,0.3474114537,0.311680913,1
581,260,0.4637181759,1.262453794,1
581,276,0.7184302807,1.78459549,1
581,292,0.6352627277,2.610405922,1
581,308,0.8850035667,1.562664509,1
581,324,0.9486087561,1.687151909,1
581,340,NaN,NaN,2
581,356,NaN,NaN,2
581,372,0.9177055359,-0.7619210482,1
581,388,0.734697938,0.07519949973,1
581,404,0.6585481167,-0.09947510064,1
581,420,0.7595213652,-0.1278588176,1
581,436,0.4948263764,-0.466289103,1
581,452,0.4008667171,-0.1095101237,1
581,468,0.2320920825,-0.3712850213,1
581,484,0.2415409684,-0.1258105785,1
581,500,0.3223813474,-0.1191212386,1
581,516,NaN,NaN,2
581,532,1.5205369,-0.4106029868,1
581,548,NaN,NaN,2
581,564,2.206980228,-1.039809108,1
581,580,1.240240574,-1.086853027,1
581,596,NaN,NaN,2
581,612,-0.19080396,-0.7075765133,1
581,628,NaN,NaN,2
581,644,NaN,NaN,2
581,660,-0.9229300022,-0.6472188234,1
581,676,-0.4603285193,-0.01032212377,1
581,692,-0.1489378512,0.4502449036,1
581,708,-0.04306447506,0.1905448437,1
581,724,-0.0476257205,-0.2103662491,1
581,740,NaN,NaN,2
581,756,-2.165980339,0.05131757259,1
581,772,-0.9185535908,1.309559345,1
581,788,NaN,NaN,2
581,804,NaN,NaN,2
581,820,NaN,NaN,2
581,836,-0.7006573081,1.786005974,1
581,852,NaN,NaN,2
581,868,2.204638004,3.719598532,1
581,884,0.9019073248,3.035692453,1
581,900,-0.04119282961,2.337087154,1
581,916,-0.9559938908,1.148234248,1
581,932,-1.324679971,1.477311492,1
581,948,-0.9064688087,0.9037861824,1
581,964,-0.4608565867,0.5426571369,1
581,980,0.5927308202,0.6271481514,1
581,996,0.8418219686,0.8503421545,1
581,1012,0.5320534706,1.503421545,1
581,1028,-0.3428325355,2.740584373,1
581,1044,1.034119129,3.321021318,1
581,1060,2.125716448,3.922183514,1
581,1076,1.544223547,3.702680111,1
581,1092,0.9513491392,2.308002949,1
581,1108,2.089688778,1.112905741,1
581,1124,NaN,NaN,2
597,20,-1.540429115,2.833881378,1
597,36,NaN,NaN,2
597,52,NaN,NaN,2
597,68,NaN,NaN,2
597,84,0.7773603797,-9.054833412,1
597,100,NaN,NaN,2
597,116,NaN,NaN,2
597,132,0.4874377847,-1.986122131,1
597,148,0.8317394257,-3.746820927,1
597,164,0.08908053488,-3.18821907,1
597,180,-0.7624074221,-2.302222252,1
597,196,-0.5592045784,-1.83620584,1
597,212,0.6839902401,-0.5904333591,1
597,228,0.7264546156,-0.2438464463,1
597,244,0.4062519968,0.1330551505,1
597,260,0.2796369195,1.129092813,1
597,276,0.3771010637,1.938846827,1
597,292,0.3099259734,2.61089325,1
597,308,0.3018226027,1.950971842,1
597,324,0.1589744687,2.118144512,1
597,340,NaN,NaN,2
597,356,NaN,NaN,2
597,372,1.558820486,0.3930174708,1
597,388,NaN,NaN,2
597,404,NaN,NaN,2
597,420,NaN,NaN,2
597,436,0.4381473362,-0.07169408351,1
597,452,0.5053423643,0.0716407299,1
597,468,0.4396677017,-0.2695136666,1
597,484,0.4320130944,-0.308290571,1
597,500,NaN,NaN,2
597,516,NaN,NaN,2
597,532,NaN,NaN,2
597,548,1.588094115,-0.588227272,1
597,564,1.441172361,-0.6919698715,1
597,580,0.7353515625,-0.4569471478,1
597,596,-0.4380933344,-0.2474544793,1
597,612,-0.6549729705,-0.3007805049,1
597,628,NaN,NaN,2
597,644,-1.228195429,-0.3486804962,1
597,660,-0.9340088367,0.3063648045,1
597,676,NaN,NaN,2
597,692,-0.417352736,0.22358042,1
597,708,-0.5447845459,-0.1582579017,1
597,724,-0.9078627229,-0.008120566607,1
597,740,-1.419246435,-0.1207727641,1
597,756,-1.445236087,0.4871153235,1
597,772,-1.180899382,1.163317323,1
597,788,-1.058630228,1.767025113,1
597,804,-0.7050976157,3.355567932,1
597,820,-0.7333875299,2.63272047,1
597,836,-1.077147365,2.037363529,1
597,852,1.267785311,2.356404543,1
597,868,3.856290817,3.684555531,1
597,884,-1.339709282,2.65435791,1
597,900,-1.910043955,2.622871637,1
597,916,-0.7753483057,0.4831893444,1
597,932,0.2794890404,1.009153485,1
597,948,-0.5629025698,0.9288112521,1
597,964,-0.6956143379,0.5891688466,1
597,980,-0.1193664968,0.8632360697,1
597,996,0.3350635767,0.7773634791,1
597,1012,-0.003471881151,1.067741752,1
597,1028,-0.2371401638,1.894204259,1
597,1044,0.3961198628,3.01965189,1
597,1060,NaN,NaN,2
597,1076,2.993295193,3.598559141,1
597,1092,NaN,NaN,2
597,1108,NaN,NaN,2
597,1124,NaN,NaN,2
613,20,NaN,NaN,2
613,36,-0.2871651649,-2.7917974,1
613,52,NaN,NaN,2
613,68,1.505459309,-4.375486851,1
613,84,4.166073322,-5.877972603,1
613,100,NaN,NaN,2
613,116,-0.05998107791,-4.739984035,1
613,132,0.2507218122,-2.705224276,1
613,148,0.08005940914,-3.884795427,1
613,164,-0.1793949902,-3.234550238,1
613,180,-0.8836655617,-2.77124095,1
613,196,-0.5275121927,-1.747232437,1
613,212,0.6517663002,-0.08959239721,1
613,228,0.3948747516,-0.1021622643,1
613,244,0.2814427018,-0.01793816686,1
613,260,0.1143148839,0.4300009012,1
613,276,0.1337396502,1.565976858,1
613,292,-0.06633204222,1.639425755,1
613,308,0.5096680522,2.183220387,1
613,324,0.3282965422,2.207229853,1
613,340,-0.365737915,2.193757057,1
613,356,-0.8913621902,1.651937485,1
613,372,-0.5967917442,1.021470308,1
613,388,1.152928352,0.299452126,1
613,404,1.481192589,-0.06094637513,1
613,420,0.3195524812,0.3894022107,1
613,436,0.392945081,0.3762875497,1
613,452,0.5327430964,-0.06218701228,1
613,468,0.4953804612,-0.6995300651,1
613,484,1.617660761,-0.8903276324,1
613,500,NaN,NaN,2
613,516,NaN,NaN,2
613,532,NaN,NaN,2
613,548,NaN,NaN,2
613,564,0.8824250698,-1.019742131,1
613,580,0.1716219783,0.2558252513,1
613,596,-1.464747787,0.7173176408,1
613,612,-1.911163449,0.9400857687,1
613,628,-1.508811235,0.5588030219,1
613,644,NaN,NaN,2
613,660,-0.1449843049,0.3174760342,1
613,676,-0.7680794597,0.02228417993,1
613,692,-1.148158193,0.1858099103,1
613,708,-1.250769138,-0.04236495495,1
613,724,-1.364976406,-0.09124206007,1
613,740,-1.949349403,-0.1847408116,1
613,756,-1.119754314,0.157328546,1
613,772,-1.031175733,0.7698318958,1
613,788,-1.050681949,2.101360083,1
613,804,-1.57488513,2.386344433,1
613,820,-2.60003233,2.0192101,1
613,836,NaN,NaN,2
613,852,NaN,NaN,2
613,868,0.1202585697,2.144642591,1
613,884,NaN,NaN,2
613,900,-1.809043884,1.755617976,1
613,916,-1.431227684,1.21239841,1
613,932,-0.9753254652,1.416754007,1
613,948,-1.135766029,0.8385207653,1
613,964,-1.194230318,1.034491181,1
613,980,-1.109384775,1.235547304,1
613,996,-1.140250802,1.022312164,1
613,1012,-1.176506042,1.011820912,1
613,1028,-0.4777927995,1.570658922,1
613,1044,-0.0876968205,2.033679247,1
613,1060,2.060876369,3.371979713,1
613,1076,2.611508369,3.470743418,1
613,1092,0.9764004946,2.563334465,1
613,1108,1.001716614,2.009270191,1
613,1124,0.9207681417,1.316822767,1
629,20,NaN,NaN,2
629,36,0.1210243106,-1.717009902,1
629,52,0.6407510042,-4.19258213,1
629,68,1.905835629,-5.166876793,1
629,84,0.8446621299,-5.338849545,1
629,100,-0.5817986131,-5.427676201,1
629,116,NaN,NaN,2
629,132,NaN,NaN,2
629,148,-0.5449127555,-4.939459324,1
629,164,-0.0279989168,-3.899924994,1
629,180,-0.2460982949,-3.029120922,1
629,196,NaN,NaN,2
629,212,-0.3131310046,-0.2448189855,1
629,228,0.1027133912,-0.2805505097,1
629,244,0.4528152943,-0.250890106,1
629,260,0.2983358502,0.5033089519,1
629,276,NaN,NaN,2
629,292,NaN,NaN,2
629,308,0.7342882752,2.704533577,1
629,324,-0.1437561214,3.354131937,1
629,340,-0.3826789856,3.049201012,1
629,356,-1.127564669,2.390639305,1
629,372,-1.176916957,1.795995593,1
629,388,-0.09728032351,0.5541801453,1
629,404,-0.210757792,0.3544659019,1
629,420,-0.05675982684,0.4289451838,1
629,436,0.2146514803,0.1617917418,1
629,452,NaN,NaN,2
629,468,NaN,NaN,2
629,484,0.6174043417,-2.600170612,1
629,500,NaN,NaN,2
629,516,NaN,NaN,2
629,532,2.856423378,-3.945464849,1
629,548,2.776268482,-2.902816534,1
629,564,2.244896412,-2.138612509,1
629,580,NaN,NaN,2
629,596,-0.03056913614,1.638331175,1
629,612,NaN,NaN,2
629,628,-0.948775053,1.099193335,1
629,644,NaN,NaN,2
629,660,-0.3797773421,0.4445239902,1
629,676,-0.8606926799,0.253680706,1
629,692,NaN,NaN,2
629,708,-1.466597676,0.1927358508,1
629,724,-1.018063068,0.2117707729,1
629,740,-0.4812070727,-0.432484448,1
629,756,-0.4367219806,-0.3277818263,1
629,772,-0.6422626972,0.5705520511,1
629,788,-0.8042010069,1.119452,1
629,804,-1.521271944,1.57974112,1
629,820,NaN,NaN,2
629,836,NaN,NaN,2
629,852,-3.25709486,0.3543897867,1
629,868,-2.956996679,0.8283559084,1
629,884,-3.610982418,0.73730129,1
629,900,-3.4634552,1.125092745,1
629,916,-2.228388548,1.265431643,1
629,932,-1.511609912,0.593732357,1
629,948,-1.71097362,0.7849218845,1
629,964,NaN,NaN,2
629,980,-1.709842563,1.476089597,1
629,996,-1.443379521,1.037600756,1
629,1012,-1.475688934,0.7978931069,1
629,1028,-0.980922699,1.609439135,1
629,1044,0.5926665664,2.218244791,1
629,1060,1.725650668,2.387907982,1
629,1076,1.899858236,2.613197088,1
629,1092,0.9906574488,2.156237841,1
629,1108,1.166241884,2.112591982,1
629,1124,0.8363519907,2.083986759,1
645,20,3.229774475,-2.802977562,1
645,36,1.529033661,-3.430370808,1
645,52,1.820367098,-5.096065521,1
645,68,2.023676872,-4.602632523,1
645,84,0.2390192449,-4.942131519,1
645,100,-0.600541532,-5.430661678,1
645,116,-1.563846827,-6.848527431,1
645,132,NaN,NaN,2
645,148,0.1709307432,-5.975309849,1
645,164,0.3908713162,-4.012613297,1
645,180,-0.08893167973,-2.217565536,1
645,196,-0.6067812443,-0.6649925709,1
645,212,-0.1390849948,-0.09522327036,1
645,228,0.1719083637,-0.4938870072,1
645,244,0.5385526419,-0.2527496517,1
645,260,0.5631895661,1.124116421,1
645,276,1.492884994,1.129905701,1
645,292,NaN,NaN,2
645,308,0.9450190067,3.616673946,1
645,324,-1.336323261,3.419416428,1
645,340,-0.92781955,2.938310146,1
645,356,-0.5837903619,2.884025574,1
645,372,-0.5865957737,1.605124354,1
645,388,-0.2195839882,0.897813201,1
645,404,-0.4404404461,0.801027298,1
645,420,NaN,NaN,2
645,436,NaN,NaN,2
645,452,NaN,NaN,2
645,468,-0.0120151639,-1.423675776,1
645,484,NaN,NaN,2
645,500,1.930527925,-0.7724690437,1
645,516,1.504346371,-2.722429276,1
645,532,3.472900867,-3.708857775,1
645,548,4.371226788,-2.985445499,1
645,564,NaN,NaN,2
645,580,NaN,NaN,2
645,596,NaN,NaN,2
645,612,NaN,NaN,2
645,628,NaN,NaN,2
645,644,NaN,NaN,2
645,660,NaN,NaN,2
645,676,-2.144482136,0.3764154315,1
645,692,NaN,NaN,2
645,708,-0.8153114319,0.5039694309,1
645,724,-0.6617754698,0.7299669385,1
645,740,NaN,NaN,2
645,756,NaN,NaN,2
645,772,-0.4483885467,0.7996503711,1
645,788,-0.9473757148,1.535117865,1
645,804,-1.431709886,1.175886989,1
645,820,-2.189274311,0.5162340403,1
645,836,-2.945324421,0.5333844423,1
645,852,-3.200053453,0.2349754572,1
645,868,NaN,NaN,2
645,884,-2.81274271,1.26397419,1
645,900,-2.856216908,1.317911029,1
645,916,-2.422209978,1.266960502,1
645,932,-1.822233915,0.8066649437,1
645,948,-1.676110983,1.147640705,1
645,964,-1.552711487,1.863694668,1
645,980,-1.616721988,1.440900445,1
645,996,-1.335025907,1.029858112,1
645,1012,-1.450052142,0.6326226592,1
645,1028,-1.010387659,1.34619832,1
645,1044,-0.09452807903,1.803823471,1
645,1060,2.375530958,2.395381451,1
645,1076,2.23572588,1.98366785,1
645,1092,0.8880093098,1.887576222,1
645,1108,1.361444354,1.761340737,1
645,1124,1.44107914,1.971800804,1
661,20,2.024246454,-3.344904423,1
661,36,1.668661714,-3.451509476,1
661,52,1.51051414,-3.947658539,1
661,68,1.252225637,-4.390432358,1
661,84,0.1509335041,-4.809383392,1
661,100,-0.4257141948,-6.315038681,1
661,116,-0.5284144878,-7.162749767,1
661,132,0.6094630957,-6.184407234,1
661,148,0.4047783911,-4.696166515,1
661,164,NaN,NaN,2
661,180,0.6997396946,-1.323991776,1
661,196,0.3728084266,-0.2038533986,1
661,212,0.1788368821,-0.2469367981,1
661,228,0.6595151424,-0.5099439621,1
661,244,1.027662992,-0.1235024035,1
661,260,0.845220089,2.320401907,1
661,276,0.3248727322,2.041192055,1
661,292,0.4293186665,2.237987995,1
661,308,-0.2528537512,1.486592293,1
661,324,NaN,NaN,2
661,340,-1.328682184,1.70569253,1
661,356,-0.3585595787,2.024581909,1
661,372,-0.1257986128,1.758124948,1
661,388,-0.228707999,1.27943635,1
661,404,-0.3375692368,0.3418179154,1
661,420,-1.019853473,0.2583721876,1
661,436,NaN,NaN,2
661,452,-1.164988756,-0.346812129,1
661,468,0.1863909066,-0.9395555258,1
661,484,0.8065866828,-3.71211195,1
661,500,1.69190526,-2.619309902,1
661,516,2.003873825,-3.109751463,1
661,532,2.593585968,-2.093468428,1
661,548,3.436057568,-1.643572927,1
661,564,3.614425421,0.2905132473,1
661,580,2.360022068,0.9087521434,1
661,596,1.224947214,0.4802064896,1
661,612,0.521369338,0.9813119769,1
661,628,NaN,NaN,2
661,644,NaN,NaN,2
661,660,-0.1221479177,1.815955639,1
661,676,-1.708085299,0.4706415534,1
661,692,NaN,NaN,2
661,708,-0.9721754789,0.4845733345,1
661,724,-1.113772631,1.906771898,1
661,740,-0.101094991,0.195998922,1
661,756,0.3030438423,-1.127106667,1
661,772,-0.0140677765,0.2948468924,1
661,788,-0.4090471864,1.04214406,1
661,804,-1.455865264,0.2775162756,1
661,820,-2.208794117,-0.5370325446,1
661,836,-2.560613632,0.2902605534,1
661,852,-2.513815641,0.6894315481,1
661,868,-1.197276592,0.9265649319,1
661,884,-0.9779574871,1.53495729,1
661,900,-1.667569876,1.779887438,1
661,916,NaN,NaN,2
661,932,-1.595015287,1.612125158,1
661,948,-1.596307755,1.834111214,1
661,964,-1.33068347,1.709988356,1
661,980,-1.013965607,0.8412407637,1
661,996,-1.458763242,0.9223079681,1
661,1012,-1.478132606,0.810357213,1
661,1028,-1.257098198,1.545126677,1
661,1044,-0.5464642048,1.751284003,1
661,1060,0.8245747089,2.234875917,1
661,1076,1.45917666,1.493060827,1
661,1092,1.350307226,1.502108097,1
661,1108,1.466197252,1.596910834,1
661,1124,0.8306503296,2.183227301,1
677,20,1.947456121,-2.824494362,1
677,36,1.12633276,-2.871346951,1
677,52,1.036213279,-2.917855263,1
677,68,0.4345008135,-3.886167526,1
677,84,0.1621882319,-5.604012489,1
677,100,-0.3179493546,-5.792584896,1
677,116,NaN,NaN,2
677,132,0.340181917,-2.919370174,1
677,148,NaN,NaN,2
677,164,0.389506042,-0.6716337204,1
677,180,0.4337799847,-0.9321942329,1
677,196,0.5237879753,-0.3556025326,1
677,212,0.53074646,-0.4937750101,1
677,228,0.6912821531,-0.9381358027,1
677,244,0.8339631557,-0.5797303915,1
677,260,0.4927596748,1.652901769,1
677,276,0.2166836858,3.363055229,1
677,292,NaN,NaN,2
677,308,-0.4026721418,0.9269781113,1
677,324,-1.057426453,0.6991438866,1
677,340,-1.297922254,1.035119057,1
677,356,-0.4581754208,1.733119726,1
677,372,0.0408577621,1.721399546,1
677,388,-0.1665081084,1.092668176,1
677,404,-0.7836645842,0.1196762323,1
677,420,-1.048445463,-0.0003615170717,1
677,436,NaN,NaN,2
677,452,-0.03290113807,0.9311675429,1
677,468,0.1507148445,-0.1079206467,1
677,484,1.238902807,-2.695291042,1
677,500,1.641573668,-3.08775115,1
677,516,1.940383911,-1.171197534,1
677,532,2.890275478,-0.5518358946,1
677,548,NaN,NaN,2
677,564,NaN,NaN,2
677,580,4.005130291,0.6066647768,1
677,596,1.484769106,0.709836483,1
677,612,-0.3622750044,0.9545657635,1
677,628,0.7247051001,1.55767405,1
677,644,0.4186345637,1.670536518,1
677,660,0.1616093516,1.695935488,1
677,676,-0.6599195004,0.6708111763,1
677,692,-0.9938290119,0.290391326,1
677,708,-1.631492615,0.5433152914,1
677,724,-1.608959317,1.197934389,1
677,740,-0.7531378269,0.5631574392,1
677,756,0.1259796321,-0.547835052,1
677,772,0.4590081573,-1.509816885,1
677,788,0.04014065862,-0.6882901788,1
677,804,-0.8801699877,-0.4511556327,1
677,820,-1.834303617,-1.543486595,1
677,836,-2.025612831,-0.1719906926,1
677,852,-1.809565067,0.8979994059,1
677,868,-1.418913841,1.202268362,1
677,884,-1.209135532,1.584222794,1
677,900,-1.834676385,1.079332948,1
677,916,-2.253708839,1.823923945,1
677,932,-1.891831398,3.13757205,1
677,948,-1.727455616,2.82561636,1
677,964,-1.41748476,1.382281423,1
677,980,-0.8494247198,0.8306128979,1
677,996,-1.033527493,0.8383616209,1
677,1012,-1.394112706,0.4781559706,1
677,1028,-1.177872062,0.5742071271,1
677,1044,-0.09115433693,1.483189344,1
677,1060,1.312156677,1.926557541,1
677,1076,NaN,NaN,2
677,1092,1.194087267,1.291190863,1
677,1108,0.2371065617,1.164368153,1
677,1124,NaN,NaN,2
693,20,0.5351727009,-3.429693222,1
693,36,0.3865294456,-3.576036453,1
693,52,0.8470790386,-2.896297693,1
693,68,1.588242888,-3.43017745,1
693,84,NaN,NaN,2
693,100,0.6009055376,-4.787561417,1
693,116,0.4116913378,-3.728406668,1
693,132,0.4374132752,-2.057440758,1
693,148,-0.04967666417,-0.7134180069,1
693,164,-0.1798493564,0.1632607579,1
693,180,0.05545170605,-0.0337959528,1
693,196,0.6141127348,-0.2097936869,1
693,212,0.5003582239,-0.7786229849,1
693,228,0.804477334,-0.923601687,1
693,244,NaN,NaN,2
693,260,0.863412261,-0.9113999009,1
693,276,NaN,NaN,2
693,292,NaN,NaN,2
693,308,-0.834228158,0.8449995518,1
693,324,-0.7744590044,0.884175539,1
693,340,-0.4020015895,0.4588416815,1
693,356,-0.2210439593,1.298641562,1
693,372,-0.08770042658,0.9522709846,1
693,388,-0.8631219864,0.1845062971,1
693,404,-0.8574374914,-0.37389341,1
693,420,-0.525442481,-0.5835808516,1
693,436,NaN,NaN,2
693,452,-1.178863049,0.317035526,1
693,468,-0.6898893118,-1.470258713,1
693,484,1.382906199,-1.5241853,1
693,500,NaN,NaN,2
693,516,2.606595278,-0.9401288629,1
693,532,3.252676964,-1.072810531,1
693,548,4.155833244,0.661829114,1
693,564,4.134200096,0.02550236881,1
693,580,3.171292305,0.3535538912,1
693,596,2.092761278,1.164413929,1
693,612,NaN,NaN,2
693,628,-0.2935813665,1.28727448,1
693,644,0.5279693604,1.500285506,1
693,660,0.1585592926,1.486192465,1
693,676,-0.007409624755,1.20050633,1
693,692,-0.4354307652,1.755212188,1
693,708,-1.92655611,0.7918413281,1
693,724,-1.507948518,-0.03035527468,1
693,740,-1.305354834,-0.1718118191,1
693,756,-0.1972796023,-0.6053993702,1
693,772,NaN,NaN,2
693,788,-0.2058068812,-1.319249988,1
693,804,-0.6320687532,-1.438428521,1
693,820,-1.391716361,-1.09678793,1
693,836,-2.204311848,0.4824914932,1
693,852,-2.182924032,1.88106823,1
693,868,-1.820599198,1.771371484,1
693,884,-1.410697103,1.542095661,1
693,900,-1.578835964,0.974920392,1
693,916,-2.187160969,1.981655002,1
693,932,-2.112344503,3.282174826,1
693,948,-1.841861844,3.110316992,1
693,964,-1.492868066,1.886065483,1
693,980,-0.3512077928,2.123452425,1
693,996,-0.4785346985,1.67794168,1
693,1012,-1.766281366,0.7272633314,1
693,1028,-0.5860762596,0.9739679694,1
693,1044,0.003954648972,0.9923722744,1
693,1060,0.289249897,0.8688499928,1
693,1076,0.6999784112,1.074589372,1
693,1092,0.4844478369,1.050793171,1
693,1108,-0.505436182,1.401888847,1
693,1124,NaN,NaN,2
709,20,NaN,NaN,2
709,36,0.6678668261,-3.659112215,1
709,52,0.7515330315,-2.96829319,1
709,68,0.7280027866,-2.987038851,1
709,84,0.3960386217,-3.772848606,1
709,100,0.1982340217,-4.32591629,1
709,116,0.1971490681,-3.078501225,1
709,132,-0.06186930835,-1.633622527,1
709,148,-0.4554615617,-0.7183627486,1
709,164,-0.7020727396,-0.1621700227,1
709,180,-0.428784579,-0.1027734429,1
709,196,-0.2054767162,-0.0869391188,1
709,212,0.09057754278,-0.1928155124,1
709,228,0.3893187642,-0.8557286263,1
709,244,0.1494249105,-1.991720915,1
709,260,0.927300334,-0.4421152472,1
709,276,-0.2765527964,0.9880073071,1
709,292,NaN,NaN,2
709,308,-1.466955066,0.3655712306,1
709,324,-0.846800983,0.3453748524,1
709,340,-0.1855068207,0.1161043048,1
709,356,-0.2405597866,0.6269950867,1
709,372,0.2239194214,-0.8623143435,1
709,388,-0.4559652805,-0.7227106094,1
709,404,-0.3623573184,-1.224191427,1
709,420,-0.1353525221,-0.847124815,1
709,436,0.5877361894,-1.340695143,1
709,452,-0.135638386,-0.09774214029,1
709,468,0.06795787811,-1.02474153,1
709,484,0.5613827705,-1.379698753,1
709,500,NaN,NaN,2
709,516,3.59307909,-1.034027219,1
709,532,3.832197428,-0.6893752813,1
709,548,4.346256733,-0.8812370896,1
709,564,NaN,NaN,2
709,580,3.35704565,1.02617836,1
709,596,2.923844814,1.333704829,1
709,612,NaN,NaN,2
709,628,NaN,NaN,2
709,644,1.442797303,1.887066483,1
709,660,0.7676793933,1.532103539,1
709,676,0.8365880847,1.100793123,1
709,692,0.3677725792,0.9089746475,1
709,708,NaN,NaN,2
709,724,-0.06354254484,-0.5306524038,1
709,740,-0.1644437611,-0.2536636889,1
709,756,NaN,NaN,2
709,772,NaN,NaN,2
709,788,-1.270372748,-1.608986259,1
709,804,-1.123812318,-1.163550854,1
709,820,-1.170983315,0.05187869072,1
709,836,NaN,NaN,2
709,852,-2.545608282,2.869891405,1
709,868,-1.817104936,2.173712015,1
709,884,-1.756410241,1.431937456,1
709,900,-2.123878479,1.354351997,1
709,916,-2.131961823,1.688653469,1
709,932,-2.646186113,2.775260687,1
709,948,-2.148823738,3.357603312,1
709,964,-2.133553743,2.830861807,1
709,980,-0.03198170662,2.988857746,1
709,996,0.1876066327,2.475867271,1
709,1012,-0.7643898129,1.59647882,1
709,1028,0.5210266709,1.170256734,1
709,1044,0.906662941,0.8764948845,1
709,1060,0.5967155099,0.2333781719,1
709,1076,0.6471811533,0.6086156964,1
709,1092,0.5748986006,0.8459814787,1
709,1108,NaN,NaN,2
709,1124,NaN,NaN,2
725,20,0.1993604302,-3.066272259,1
725,36,0.3970527649,-2.783763409,1
725,52,0.8456737995,-2.765818357,1
725,68,0.828889966,-2.360320568,1
725,84,0.4221897721,-2.799084187,1
725,100,NaN,NaN,2
725,116,0.2433763444,-2.448955059,1
725,132,-0.1793792546,-1.192062855,1
725,148,-0.6629020572,-1.235839009,1
725,164,-0.519167304,-0.7335652113,1
725,180,-0.4562030137,-0.599039793,1
725,196,-0.3700886071,-0.2775889635,1
725,212,0.06049275398,0.4859108627,1
725,228,0.1564478278,-0.2108881772,1
725,244,-0.05951739848,-0.3812954426,1
725,260,0.02609971166,0.2545301616,1
725,276,-0.4276793897,0.2936301529,1
725,292,NaN,NaN,2
725,308,-0.9030119777,-0.141343236,1
725,324,-0.448695302,-0.4254857004,1
725,340,NaN,NaN,2
725,356,NaN,NaN,2
725,372,-0.4088009894,-0.9134894609,1
725,388,-0.8021527529,-1.27929759,1
725,404,-0.04637998343,-2.011205673,1
725,420,NaN,NaN,2
725,436,0.2505856752,-0.06473523378,1
725,452,0.2725598812,1.044864893,1
725,468,1.17903161,1.63416791,1
725,484,NaN,NaN,2
725,500,NaN,NaN,2
725,516,5.126347542,-0.6533423662,1
725,532,5.113857269,-0.3261855543,1
725,548,4.859341145,-0.00239597261,1
725,564,4.245052338,0.6523603797,1
725,580,3.961025,1.471763492,1
725,596,3.49118185,0.8170714378,1
725,612,3.294837713,1.008370638,1
725,628,NaN,NaN,2
725,644,1.182044744,1.840505838,1
725,660,0.3875721693,2.118281841,1
725,676,1.7364645,1.626164675,1
725,692,NaN,NaN,2
725,708,0.833112061,0.5224127769,1
725,724,0.001751698554,0.4027363658,1
725,740,-0.644149065,0.2713791728,1
725,756,-1.229210377,1.853448153,1
725,772,-1.505219698,-0.4627289176,1
725,788,-1.396088362,-1.23150599,1
725,804,-1.544020653,-0.1835488677,1
725,820,-1.98373127,0.4910237193,1
725,836,-2.554625511,1.386274099,1
725,852,-2.25395298,2.361665726,1
725,868,-1.619869709,2.640334606,1
725,884,-1.775954247,1.77185154,1
725,900,NaN,NaN,2
725,916,-1.50305295,0.7423167229,1
725,932,-1.092334747,2.423290491,1
725,948,-1.861060739,3.015644073,1
725,964,-2.175897598,2.878906488,1
725,980,-1.041181207,2.848749399,1
725,996,-0.89636904,3.08832407,1
725,1012,-0.8128581643,2.706148148,1
725,1028,1.232732058,0.9600149393,1
725,1044,NaN,NaN,2
725,1060,1.114967585,0.3329821229,1
725,1076,0.3926387429,0.6704152822,1
725,1092,NaN,NaN,2
725,1108,0.9843736291,1.570240021,1
725,1124,1.047165394,2.315153837,1
741,20,NaN,NaN,2
741,36,0.4553810358,-2.350614786,1
741,52,1.130590558,-2.582452536,1
741,68,1.276354551,-2.090233803,1
741,84,1.026752949,-2.14921999,1
741,100,1.082010746,-1.996919155,1
741,116,NaN,NaN,2
741,132,-1.024682045,-1.432023525,1
741,148,-0.5576281548,-2.023967505,1
741,164,-0.5347955227,-1.765057087,1
741,180,-0.3801828921,-1.04134655,1
741,196,-0.3512423635,-0.9154222012,1
741,212,NaN,NaN,2
741,228,NaN,NaN,2
741,244,-0.05358758569,0.799331367,1
741,260,-0.4786455333,0.2401268184,1
741,276,-0.2650533915,-0.1499847323,1
741,292,-0.3667910397,-0.1006941944,1
741,308,-0.4649660587,-0.6404709816,1
741,324,NaN,NaN,2
741,340,NaN,NaN,2
741,356,NaN,NaN,2
741,372,0.2277187407,-1.267627716,1
741,388,-0.2286117524,-1.829265118,1
741,404,NaN,NaN,2
741,420,0.2921153903,-1.55829215,1
741,436,0.3437377214,0.2463363409,1
741,452,0.7828763127,1.103081584,1
741,468,NaN,NaN,2
741,484,1.644355893,1.567489743,1
741,500,2.36172533,0.023401618,1
741,516,3.860109329,-0.4616657197,1
741,532,4.322999954,-0.993843019,1
741,548,4.013419151,0.5331010818,1
741,564,3.619798183,1.413559079,1
741,580,4.395483971,-0.1565260887,1
741,596,3.721005678,0.1965421438,1
741,612,NaN,NaN,2
741,628,3.338501215,1.3610605,1
741,644,1.389200449,1.855416298,1
741,660,NaN,NaN,2
741,676,0.6140631437,3.50629878,1
741,692,NaN,NaN,2
741,708,0.696465373,1.192065477,1
741,724,-0.1991732121,0.5548779964,1
741,740,-1.032882214,1.027316928,1
741,756,NaN,NaN,2
741,772,-1.496961594,1.17984128,1
741,788,-1.710066557,0.445286274,1
741,804,-1.722238541,1.401661158,1
741,820,-2.400831223,1.112860799,1
741,836,NaN,NaN,2
741,852,-1.408357024,2.307521105,1
741,868,-1.069604397,3.023283958,1
741,884,-1.383607388,2.396977186,1
741,900,-1.040180445,1.780168295,1
741,916,-0.4746355414,1.664385438,1
741,932,-0.8259555101,1.898148537,1
741,948,-1.84026742,2.866086245,1
741,964,-2.212326288,3.60635519,1
741,980,-2.847256184,3.571361065,1
741,996,-2.643428087,2.826930285,1
741,1012,-1.65453279,1.290140033,1
741,1028,NaN,NaN,2
741,1044,NaN,NaN,2
741,1060,0.945887506,0.6367663145,1
741,1076,0.8185693622,0.8876683712,1
741,1092,NaN,NaN,2
741,1108,1.187839627,1.245126247,1
741,1124,1.347017765,1.309884906,1
757,20,1.496592522,-2.350660801,1
757,36,1.138026237,-3.06766057,1
757,52,1.326738119,-2.802029848,1
757,68,1.635353208,-2.345422983,1
757,84,1.646353483,-2.071567059,1
757,100,1.289749742,-1.408590794,1
757,116,0.5275217891,-1.034822822,1
757,132,0.5163369775,-1.04802537,1
757,148,-0.8042179346,-1.361398458,1
757,164,-0.885571003,-1.935121536,1
757,180,-0.4941202998,-1.456158638,1
757,196,-0.2303349674,-1.608965039,1
757,212,NaN,NaN,2
757,228,NaN,NaN,2
757,244,0.1797847301,1.201738715,1
757,260,0.227863282,0.2918982804,1
757,276,-0.3539732397,-0.8300649524,1
757,292,-0.5032237172,-0.1232177094,1
757,308,-0.6499358416,-0.7780081034,1
757,324,-1.880657315,-1.138391018,1
757,340,-1.922004223,-0.200619936,1
757,356,0.5109333992,-1.028500438,1
757,372,-0.2012342513,-0.5449231267,1
757,388,-0.01495547593,-1.014232159,1
757,404,0.2612860501,-1.522547722,1
757,420,0.3555458486,-0.4312535524,1
757,436,0.4644203782,-0.09370905161,1
757,452,2.462073803,0.7846266627,1
757,468,NaN,NaN,2
757,484,1.284171462,1.943079591,1
757,500,NaN,NaN,2
757,516,4.549495697,0.2484308779,1
757,532,NaN,NaN,2
757,548,3.720991611,0.8311448097,1
757,564,NaN,NaN,2
757,580,3.178408861,1.415790081,1
757,596,2.344977379,0.9740431309,1
757,612,2.059242964,1.542495847,1
757,628,2.755741119,0.3759022951,1
757,644,2.175082445,1.138221264,1
757,660,1.376145601,2.519962311,1
757,676,0.4783432484,3.221715689,1
757,692,-1.823715329,2.424131632,1
757,708,-0.9257829189,2.057268143,1
757,724,-0.2803907692,0.6987812519,1
757,740,-1.226702809,1.442588687,1
757,756,NaN,NaN,2
757,772,NaN,NaN,2
757,788,-1.283987522,2.309838295,1
757,804,-0.8805121183,2.583967447,1
757,820,-1.999370575,1.721549988,1
757,836,-1.913716793,2.110237598,1
757,852,-1.682553768,2.337283134,1
757,868,-1.721222043,2.859339714,1
757,884,-1.382638454,3.355056763,1
757,900,-0.5000317693,2.704235554,1
757,916,0.03368628025,2.078028202,1
757,932,-0.31065768,1.901368618,1
757,948,-1.632958889,2.883737087,1
757,964,-2.291987658,3.00620842,1
757,980,-2.553943634,3.907329082,1
757,996,NaN,NaN,2
757,1012,-1.127764463,2.697872162,1
757,1028,NaN,NaN,2
757,1044,1.027970552,2.097677231,1
757,1060,1.140905976,0.7143476605,1
757,1076,0.9404914379,0.8879700303,1
757,1092,NaN,NaN,2
757,1108,NaN,NaN,2
757,1124,NaN,NaN,2
773,20,1.816568375,-4.362913609,1
773,36,2.264380217,-3.341055155,1
773,52,2.874925852,-2.755096912,1
773,68,2.232839584,-2.381309509,1
773,84,1.454666734,-1.761881948,1
773,100,0.899938345,-1.257019758,1
773,116,0.878762126,-0.9757561684,1
773,132,0.4295038283,-0.8713444471,1
773,148,-0.468634814,-0.9169839025,1
773,164,-0.9001750946,-1.587092161,1
773,180,-0.2028467059,-1.730981827,1
773,196,0.04131060839,-1.492142916,1
773,212,0.07478219271,-0.8279470205,1
773,228,-0.2590811551,0.2098016441,1
773,244,0.3147736788,0.4262916148,1
773,260,NaN,NaN,2
773,276,0.2033810765,0.2227666676,1
773,292,-0.2059306949,-0.1019404456,1
773,308,0.2703723013,-1.815444946,1
773,324,-0.2585697472,-1.065351129,1
773,340,-1.050626755,-0.9211650491,1
773,356,-0.6616666913,-1.078415751,1
773,372,NaN,NaN,2
773,388,0.8848034739,-0.8403968215,1
773,404,NaN,NaN,2
773,420,NaN,NaN,2
773,436,-1.144570231,0.08117190003,1
773,452,1.480066776,-0.03640896082,1
773,468,1.993125677,-1.678384662,1
773,484,0.698931694,-0.444287926,1
773,500,NaN,NaN,2
773,516,3.578009844,0.1417547315,1
773,532,3.783667803,-0.4666959047,1
773,548,3.642186642,0.8075250387,1
773,564,3.131760597,2.548238277,1
773,580,3.064732313,2.187966585,1
773,596,2.387341261,1.235805392,1
773,612,1.726974487,3.512430668,1
773,628,1.835741043,2.215237141,1
773,644,2.47625351,0.6304192543,1
773,660,4.312685966,2.045110464,1
773,676,NaN,NaN,2
773,692,-1.241868973,3.272536278,1
773,708,-1.474875093,2.494332314,1
773,724,-1.065670967,1.461313486,1
773,740,-1.779067516,1.623548269,1
773,756,NaN,NaN,2
773,772,-1.611427069,3.990340233,1
773,788,-0.8734457493,3.846136808,1
773,804,-0.9624073505,2.505977869,1
773,820,-1.707338095,2.019033432,1
773,836,-1.342175364,2.294931889,1
773,852,-1.327447295,2.06286478,1
773,868,-1.374721766,2.457021713,1
773,884,NaN,NaN,2
773,900,-0.5397988558,2.120164394,1
773,916,-0.5459905863,1.834676147,1
773,932,-0.6506130695,1.915301204,1
773,948,-0.8722736835,2.705410957,1
773,964,-1.383127451,2.431896925,1
773,980,-1.259782314,2.124928236,1
773,996,-0.6851754189,2.084412813,1
773,1012,-0.07014717162,1.780464411,1
773,1028,0.6030592918,1.102427006,1
773,1044,0.98315835,0.5484209657,1
773,1060,1.008677721,0.4160613418,1
773,1076,1.185807228,0.7212233543,1
773,1092,NaN,NaN,2
773,1108,0.7799099684,-0.02291631699,1
773,1124,-0.4740869999,2.533755779,1
789,20,3.694684029,-3.987168789,1
789,36,2.342060566,-2.931805372,1
789,52,2.060633421,-2.398775339,1
789,68,1.755595088,-1.463117838,1
789,84,1.403040409,-1.320286393,1
789,100,0.7163953781,-1.301673651,1
789,116,2.093981981,-1.636285663,1
789,132,2.323231936,-1.344427586,1
789,148,-0.4545018673,-1.057438612,1
789,164,-0.2326266468,-1.903333902,1
789,180,0.5458788276,-2.453633547,1
789,196,0.3205737472,-2.083372116,1
789,212,-0.1182407737,-1.661369085,1
789,228,-0.8953158259,-0.2118201852,1
789,244,-0.2662177682,0.467384547,1
789,260,0.2805625498,0.6722348928,1
789,276,-0.09672556072,0.1138075292,1
789,292,-1.248733163,-0.5087148547,1
789,308,NaN,NaN,2
789,324,NaN,NaN,2
789,340,-0.6661208868,-1.540239096,1
789,356,-0.4904773831,-1.550320625,1
789,372,-0.4943730831,-0.2865754068,1
789,388,0.3092845082,-0.9050132632,1
789,404,-0.2422569543,-1.895112753,1
789,420,-1.702560782,-1.343781233,1
789,436,-1.380288363,-1.329891205,1
789,452,-0.2667244673,-0.9121112823,1
789,468,0.313929081,-1.537611485,1
789,484,1.38125062,-0.4292861819,1
789,500,3.158353567,-0.1852408648,1
789,516,3.77594924,-0.1551625878,1
789,532,4.07267189,-0.3416313529,1
789,548,4.088620663,0.4411632419,1
789,564,3.671994448,3.214868546,1
789,580,2.786440134,2.006204605,1
789,596,2.563293457,1.413346291,1
789,612,2.228859901,3.046442986,1
789,628,1.940025091,3.038346052,1
789,644,2.523363829,0.997777462,1
789,660,3.982358694,1.601476431,1
789,676,NaN,NaN,2
789,692,0.7592471838,2.384724617,1
789,708,-0.7190164328,2.647603512,1
789,724,-1.119161487,1.987812757,1
789,740,-1.340298176,2.033768892,1
789,756,-1.120215416,3.541430473,1
789,772,-1.308355212,4.049766064,1
789,788,-0.9086328745,3.110526085,1
789,804,-0.8516508341,1.586962938,1
789,820,-0.9034932852,1.821608186,1
789,836,-0.8860344887,1.998632669,1
789,852,-1.065164804,2.099686623,1
789,868,-0.9289095402,2.23798275,1
789,884,-0.4259755313,4.437770844,1
789,900,-0.05713611841,1.321735144,1
789,916,-0.4348041415,1.522552848,1
789,932,-0.9901114106,2.219504356,1
789,948,NaN,NaN,2
789,964,-1.597772121,2.161408186,1
789,980,-0.9417550564,1.688451767,1
789,996,-0.2631973028,0.8981267214,1
789,1012,0.1851328611,1.483273745,1
789,1028,0.7484265566,0.98262465,1
789,1044,1.086316586,0.2989506423,1
789,1060,1.19429934,0.1838188767,1
789,1076,NaN,NaN,2
789,1092,NaN,NaN,2
789,1108,0.9488166571,1.820812702,1
789,1124,1.221705317,2.508555889,1
805,20,NaN,NaN,2
805,36,1.474893212,-3.799069166,1
805,52,0.8222279549,-1.537394643,1
805,68,0.5510077477,-0.8514373899,1
805,84,1.015649319,-1.224981427,1
805,100,1.870485544,-2.231836796,1
805,116,2.95206666,-2.299443245,1
805,132,2.723619461,-2.272376776,1
805,148,1.63785851,-1.752034307,1
805,164,0.7185615301,-2.931348562,1
805,180,NaN,NaN,2
805,196,NaN,NaN,2
805,212,-0.8847940564,-1.490311146,1
805,228,-0.05367454886,-0.5895639658,1
805,244,0.1440719217,0.9038326144,1
805,260,0.09293498844,1.242815018,1
805,276,NaN,NaN,2
805,292,1.428029776,-0.4713866115,1
805,308,NaN,NaN,2
805,324,NaN,NaN,2
805,340,0.1349616796,-0.5421780944,1
805,356,0.3565018773,-1.07968545,1
805,372,0.2239266634,1.474146366,1
805,388,0.2550649345,-0.1832722425,1
805,404,-0.4356271923,-1.307590008,1
805,420,-1.111474872,-1.017313719,1
805,436,-1.82325983,-1.444052696,1
805,452,NaN,NaN,2
805,468,0.3788422048,-0.2157793641,1
805,484,1.154733896,-0.4336971045,1
805,500,2.705606222,-0.04429416358,1
805,516,3.81110239,-0.2684997618,1
805,532,4.568674088,-0.8302155733,1
805,548,4.867426395,-0.1683408618,1
805,564,3.966198683,2.186528683,1
805,580,3.404619455,2.909733772,1
805,596,2.931712627,1.763579011,1
805,612,2.026695251,2.837130785,1
805,628,2.275988817,4.199197769,1
805,644,3.265097618,2.621328354,1
805,660,3.520256758,1.795915842,1
805,676,NaN,NaN,2
805,692,NaN,NaN,2
805,708,0.7827818394,1.661490679,1
805,724,-0.631786108,2.850056171,1
805,740,-1.352278471,3.085700035,1
805,756,-2.02677846,3.124073505,1
805,772,-0.8249453306,2.929782867,1
805,788,-0.3673945665,2.259371758,1
805,804,-0.6713893414,1.362737417,1
805,820,-0.1286467314,1.18945992,1
805,836,-0.4733093977,1.860605478,1
805,852,-0.6901219487,2.501758337,1
805,868,-0.4088254571,2.649333477,1
805,884,-0.3762232065,2.538840771,1
805,900,-0.2580761015,1.283569098,1
805,916,-0.2951658368,1.054815412,1
805,932,-0.5636973977,2.151287079,1
805,948,NaN,NaN,2
805,964,NaN,NaN,2
805,980,-0.3888332248,1.712027907,1
805,996,-0.1229342818,2.336278915,1
805,1012,NaN,NaN,2
805,1028,0.7632912993,0.5448447466,1
805,1044,0.8625310659,0.3391837776,1
805,1060,1.072746396,0.5044496059,1
805,1076,NaN,NaN,2
805,1092,NaN,NaN,2
805,1108,1.262452602,1.490778685,1
805,1124,0.1225835085,1.385661602,1
821,20,NaN,NaN,2
821,36,1.773669243,-2.471301556,1
821,52,0.4399619699,-0.5673131943,1
821,68,0.3396484256,-0.4801041782,1
821,84,0.9608426094,-1.26745069,1
821,100,2.157572746,-2.436800718,1
821,116,NaN,NaN,2
821,132,4.140603542,-2.712734938,1
821,148,3.619063854,-2.656488657,1
821,164,2.269711494,-2.956065655,1
821,180,1.364322901,-3.84534812,1
821,196,NaN,NaN,2
821,212,1.277550817,-0.967061758,1
821,228,1.009690285,-0.3052438796,1
821,244,0.7164654136,0.6551900506,1
821,260,0.5093772411,1.337979794,1
821,276,0.6290509701,0.9308236837,1
821,292,2.272275209,0.2073657066,1
821,308,NaN,NaN,2
821,324,-0.4222234488,-0.2403134704,1
821,340,-0.002799987793,-0.1220115423,1
821,356,0.9742639065,-0.7122384906,1
821,372,0.606010437,1.245917797,1
821,388,0.2177036703,0.6713268757,1
821,404,0.01346741617,0.06970325112,1
821,420,-0.07204626501,-0.3641570508,1
821,436,NaN,NaN,2
821,452,NaN,NaN,2
821,468,2.761358976,-0.5387835503,1
821,484,2.073996782,0.8003822565,1
821,500,NaN,NaN,2
821,516,4.453285694,0.06414204836,1
821,532,4.813879967,-0.879838407,1
821,548,4.344292641,-1.024482012,1
821,564,3.350102901,0.2779558003,1
821,580,3.443233728,3.064807177,1
821,596,3.475629568,1.469826698,1
821,612,2.89688611,2.572728395,1
821,628,2.952016354,4.04746294,1
821,644,NaN,NaN,2
821,660,2.530326843,2.08951211,1
821,676,2.855980873,3.301491737,1
821,692,NaN,NaN,2
821,708,NaN,NaN,2
821,724,0.3606757522,2.640691757,1
821,740,0.01103284955,3.147181988,1
821,756,-0.06419581175,2.812059641,1
821,772,0.3753816485,2.566215992,1
821,788,0.08563268185,1.976539612,1
821,804,-0.3948608637,2.140977859,1
821,820,-0.6676289439,2.936721802,1
821,836,-0.7566360235,1.339119196,1
821,852,-0.1965751648,3.575472355,1
821,868,NaN,NaN,2
821,884,-0.2998524606,2.836205721,1
821,900,-0.3403186798,4.127103329,1
821,916,NaN,NaN,2
821,932,NaN,NaN,2
821,948,-0.2193711996,2.998444796,1
821,964,-0.3249621987,3.662927628,1
821,980,0.2217899859,2.004307985,1
821,996,0.3264226019,1.728788972,1
821,1012,0.4140665829,3.144441128,1
821,1028,0.7060317993,0.6079369783,1
821,1044,NaN,NaN,2
821,1060,0.5724608302,1.766905904,1
821,1076,0.8832816482,1.719142914,1
821,1092,0.5656645298,0.8568325639,1
821,1108,-0.1284238696,0.8731889725,1
821,1124,-1.25454855,0.9439229965,1
837,20,3.343288898,-2.803345203,1
837,36,2.551319122,0.5270664692,1
837,52,1.535589695,0.03560358286,1
837,68,0.9866045713,-0.4535897374,1
837,84,2.00005722,-1.509358644,1
837,100,3.464511871,-2.138712168,1
837,116,2.567661524,-2.973044157,1
837,132,2.491345167,-2.900451422,1
837,148,2.606775761,-2.527121305,1
837,164,3.133460999,-2.509153128,1
837,180,2.174423695,-2.473834515,1
837,196,NaN,NaN,2
837,212,NaN,NaN,2
837,228,2.458895206,-0.08074581623,1
837,244,0.9780210257,0.6019079089,1
837,260,0.5566276908,1.099638939,1
837,276,1.033288836,1.490144134,1
837,292,0.7238328457,-0.01378875971,1
837,308,0.5582386255,-0.4897151589,1
837,324,NaN,NaN,2
837,340,0.6675183773,-0.3006283045,1
837,356,0.276609242,0.3936184645,1
837,372,0.1925629675,1.482475281,1
837,388,0.2077498436,1.146805406,1
837,404,0.2782497704,1.112323523,1
837,420,0.04718625546,1.14064014,1
837,436,0.455730319,1.587116838,1
837,452,1.360031486,1.541225672,1
837,468,1.915113091,1.357382059,1
837,484,2.269620419,1.692192554,1
837,500,NaN,NaN,2
837,516,3.848613501,0.4097454548,1
837,532,3.899698496,-1.130984426,1
837,548,4.234429359,-1.521240354,1
837,564,NaN,NaN,2
837,580,3.628755331,0.1799912453,1
837,596,3.871223688,0.9120950103,1
837,612,3.711292744,1.57379508,1
837,628,3.756803751,2.552046776,1
837,644,3.240760803,3.509138107,1
837,660,2.412570477,1.721490502,1
837,676,2.099840164,2.465853214,1
837,692,2.437446594,1.753732085,1
837,708,NaN,NaN,2
837,724,0.7008524537,2.100299358,1
837,740,NaN,NaN,2
837,756,0.4598181248,2.104162931,1
837,772,0.1571995616,1.919588566,1
837,788,0.609176755,2.35343504,1
837,804,NaN,NaN,2
837,820,-0.7131797075,5.107522964,1
837,836,NaN,NaN,2
837,852,NaN,NaN,2
837,868,NaN,NaN,2
837,884,-0.04604426026,3.221407175,1
837,900,-0.7856881022,4.249631405,1
837,916,NaN,NaN,2
837,932,0.01294410229,2.388947487,1
837,948,-0.3266810477,2.419259071,1
837,964,-0.05506150424,3.640972853,1
837,980,0.1698613465,0.2024825811,1
837,996,0.4834726453,0.6825938821,1
837,1012,0.4817007184,1.258245468,1
837,1028,0.1086134464,1.50443387,1
837,1044,NaN,NaN,2
837,1060,-0.004075825214,2.008272648,1
837,1076,0.4358354211,1.156408072,1
837,1092,0.3344035149,0.6300040483,1
837,1108,-0.6065125465,0.6435787678,1
837,1124,NaN,NaN,2
853,20,NaN,NaN,2
853,36,3.244338274,0.9344424009,1
853,52,2.919268131,0.9141260386,1
853,68,1.744706869,-0.1227600574,1
853,84,1.870692372,-1.529731035,1
853,100,2.065114975,-2.415478468,1
853,116,2.086524725,-2.810359478,1
853,132,NaN,NaN,2
853,148,2.604837894,-3.160652637,1
853,164,2.913340807,-2.711173773,1
853,180,2.921011209,-2.360479832,1
853,196,NaN,NaN,2
853,212,NaN,NaN,2
853,228,1.914155364,-0.09363852441,1
853,244,1.319574714,1.021974683,1
853,260,1.156163096,0.743432343,1
853,276,1.253034711,1.33654213,1
853,292,1.337194085,0.6783897281,1
853,308,1.587972879,-0.4156378508,1
853,324,NaN,NaN,2
853,340,NaN,NaN,2
853,356,NaN,NaN,2
853,372,0.3485922813,1.257596612,1
853,388,0.3108370602,1.955777764,1
853,404,0.3840171695,2.012929916,1
853,420,0.2843315601,2.445165634,1
853,436,-0.1855146587,2.277871847,1
853,452,1.905591011,2.222094059,1
853,468,1.303753138,0.9799699783,1
853,484,-0.5590765476,0.821747601,1
853,500,2.043134212,0.8482259512,1
853,516,2.099482059,-0.3217937648,1
853,532,2.11591959,-1.699963331,1
853,548,3.402051687,-1.627798915,1
853,564,3.805282354,-1.361365318,1
853,580,4.371616364,-0.2057795078,1
853,596,3.740595102,0.2952697277,1
853,612,2.741027832,-0.2721990347,1
853,628,1.774723053,1.145561695,1
853,644,2.102234364,1.339606285,1
853,660,NaN,NaN,2
853,676,1.465660095,0.8036563396,1
853,692,2.42656064,1.412367105,1
853,708,2.551370144,2.269137859,1
853,724,0.1285860538,1.554247856,1
853,740,NaN,NaN,2
853,756,-0.9596645236,1.374284267,1
853,772,-0.2154153287,2.191597223,1
853,788,NaN,NaN,2
853,804,0.6717275381,3.913002014,1
853,820,0.1804738343,4.342033863,1
853,836,NaN,NaN,2
853,852,NaN,NaN,2
853,868,NaN,NaN,2
853,884,-0.2173784971,3.057248116,1
853,900,-0.1186030358,3.093209743,1
853,916,-0.0460820049,4.425557137,1
853,932,-0.2266345322,2.846641064,1
853,948,NaN,NaN,2
853,964,-0.4856540859,0.8559622169,1
853,980,-0.3167473376,-0.2604284286,1
853,996,-0.1918334365,0.2250021398,1
853,1012,0.4937633276,0.7678865194,1
853,1028,NaN,NaN,2
853,1044,0.195055604,1.614037395,1
853,1060,-0.2126839161,0.7216382027,1
853,1076,0.05875189602,0.7623425126,1
853,1092,-0.1633908749,0.4286337495,1
853,1108,-0.5405669808,0.4308388233,1
853,1124,-1.357802629,0.6623017788,1
869,20,4.863803864,-0.5507240295,1
869,36,4.30204916,0.170141086,1
869,52,4.093630791,0.3527055979,1
869,68,3.029653072,-0.6764022708,1
869,84,2.33758378,-1.645460486,1
869,100,1.921905518,-1.634635925,1
869,116,1.941056609,-1.986864924,1
869,132,NaN,NaN,2
869,148,1.902973413,-3.466608047,1
869,164,3.452834129,-3.394553185,1
869,180,2.373796225,-1.542353153,1
869,196,1.556376219,-0.861115396,1
869,212,NaN,NaN,2
869,228,1.812318444,-0.1776365936,1
869,244,1.742759228,0.4112838209,1
869,260,2.203202724,0.6364451647,1
869,276,1.860714674,1.561710358,1
869,292,2.634566545,1.671708822,1
869,308,NaN,NaN,2
869,324,NaN,NaN,2
869,340,NaN,NaN,2
869,356,NaN,NaN,2
869,372,0.7652420998,0.9705834389,1
869,388,0.1122492254,2.341432095,1
869,404,-0.1796153784,2.309095383,1
869,420,-0.6744872332,2.37651062,1
869,436,NaN,NaN,2
869,452,-0.2278243303,3.123477459,1
869,468,-0.4440472126,0.04439729452,1
869,484,-0.03915393353,-1.493495584,1
869,500,0.7122142315,-1.324286699,1
869,516,0.8279929161,-1.518158078,1
869,532,NaN,NaN,2
869,548,3.406829357,-1.780307412,1
869,564,3.678076267,-1.466243863,1
869,580,3.911407471,-0.2536631823,1
869,596,3.692624569,0.145049721,1
869,612,2.51404953,0.02888554335,1
869,628,1.953860998,0.4652888179,1
869,644,3.385574102,0.4831109047,1
869,660,NaN,NaN,2
869,676,2.351892233,0.7836013436,1
869,692,2.441428661,2.311030388,1
869,708,1.201506853,2.42969346,1
869,724,0.5025466681,1.687406063,1
869,740,0.4022550583,1.290260315,1
869,756,0.2370654345,1.509427905,1
869,772,0.2291199565,2.621586323,1
869,788,1.081986666,3.66368413,1
869,804,0.7805173993,3.817039013,1
869,820,0.8265087008,3.274456501,1
869,836,1.613469839,3.65138936,1
869,852,1.409279585,3.006859541,1
869,868,0.6175191998,2.165695667,1
869,884,-0.1616250277,2.168199062,1
869,900,0.505030632,1.989748716,1
869,916,NaN,NaN,2
869,932,0.07451216877,2.77734375,1
869,948,NaN,NaN,2
869,964,-0.221863091,0.03695374727,1
869,980,-0.3101288974,-0.3493354917,1
869,996,NaN,NaN,2
869,1012,0.2779258192,0.1216825843,1
869,1028,-0.2437646985,1.125092268,1
869,1044,-0.1655966043,1.010317326,1
869,1060,-0.3053973019,0.9727480412,1
869,1076,-0.2493348122,0.5607268214,1
869,1092,-0.475340724,-0.07219418883,1
869,1108,-0.3014078736,-0.02103447914,1
869,1124,-0.9771925211,-0.5066803694,1
885,20,4.088944912,0.4460126162,1
885,36,4.70152235,-0.4042288959,1
885,52,4.438202858,-0.8327040672,1
885,68,2.977432728,-1.08733356,1
885,84,2.171444893,-0.8737251163,1
885,100,2.478746414,-0.6149665713,1
885,116,2.430631399,-0.8003466129,1
885,132,2.378654242,-1.622117162,1
885,148,2.814778328,-2.157385349,1
885,164,2.929905891,-1.625633121,1
885,180,2.171405315,-0.8648614883,1
885,196,1.68742764,-0.3476686776,1
885,212,1.572658896,-0.1202232242,1
885,228,1.629012585,-0.04221126437,1
885,244,1.535789847,0.02151453122,1
885,260,1.542615533,0.3247365952,1
885,276,2.759652615,0.886914134,1
885,292,NaN,NaN,2
885,308,2.830461025,0.7702913284,1
885,324,1.762842655,0.3501924276,1
885,340,2.270889759,1.168808103,1
885,356,1.659758687,1.319333076,1
885,372,1.267813683,0.9432752728,1
885,388,0.6053263545,1.606253624,1
885,404,-0.1071089059,2.098053217,1
885,420,-0.3512248993,2.577922583,1
885,436,-0.8203846216,2.029930115,1
885,452,NaN,NaN,2
885,468,-0.6779334545,-0.3056080341,1
885,484,-0.07389742136,-1.806381226,1
885,500,0.0338690877,-2.337150335,1
885,516,NaN,NaN,2
885,532,2.060691118,-1.832372546,1
885,548,3.243697643,-1.486896992,1
885,564,3.629461288,-1.518975496,1
885,580,3.834317684,-0.5376072526,1
885,596,4.120148182,0.4475850165,1
885,612,3.443585157,0.9349236488,1
885,628,3.230943918,0.9349416494,1
885,644,3.471283674,0.5862022042,1
885,660,3.795630932,0.6498427391,1
885,676,NaN,NaN,2
885,692,3.805532217,2.205646038,1
885,708,1.38832891,2.70632267,1
885,724,0.3665741682,2.507152557,1
885,740,2.550275087,1.758617401,1
885,756,2.773466587,1.743206382,1
885,772,1.188161612,2.325342417,1
885,788,0.9635740519,3.395051718,1
885,804,0.2555878758,4.099167824,1
885,820,0.6991852522,2.675697088,1
885,836,1.151492357,3.11013937,1
885,852,1.839024305,2.271423817,1
885,868,1.833259463,1.316881061,1
885,884,0.7027772665,1.934076548,1
885,900,0.4902175665,1.83919549,1
885,916,NaN,NaN,2
885,932,NaN,NaN,2
885,948,NaN,NaN,2
885,964,-0.04562877119,3.554106474,1
885,980,-0.2548643351,2.180458784,1
885,996,NaN,NaN,2
885,1012,NaN,NaN,2
885,1028,-0.2504220307,1.013308048,1
885,1044,-0.2794699669,1.24217236,1
885,1060,-0.1721048355,1.203224301,1
885,1076,-0.5504194498,0.6358296871,1
885,1092,-0.79498142,-0.03669166565,1
885,1108,-0.5666263103,-0.05662536621,1
885,1124,-0.8805328608,-0.7568065524,1
901,20,3.697661877,1.163976073,1
901,36,4.123259544,-0.3329017162,1
901,52,4.187950611,-1.053619266,1
901,68,3.823693752,-1.177233934,1
901,84,3.923939943,-0.8917203546,1
901,100,4.77804184,-0.1997468174,1
901,116,4.24314785,-0.01980042458,1
901,132,2.667093754,-0.6087568998,1
901,148,3.115085602,-0.551966548,1
901,164,3.62616396,0.02283680439,1
901,180,2.461328745,0.3806521893,1
901,196,2.108637333,0.7504062653,1
901,212,1.870784521,0.819447279,1
901,228,1.582838058,-0.1376767159,1
901,244,0.6346668005,-0.1174818575,1
901,260,0.5646691918,0.2926225066,1
901,276,1.757469177,0.8128695488,1
901,292,1.330412865,1.409548998,1
901,308,0.7006920576,1.176911354,1
901,324,0.6752417088,0.4708520174,1
901,340,1.001908302,0.5399217606,1
901,356,1.775932908,0.1971634775,1
901,372,1.722486973,0.6597523689,1
901,388,1.567057848,0.7644326687,1
901,404,1.129981756,1.33283031,1
901,420,0.3389431834,2.13870883,1
901,436,-0.0491861999,1.550724745,1
901,452,-2.069517851,0.7370294333,1
901,468,-1.026720285,-0.2202100754,1
901,484,-0.1647047997,-0.6993691921,1
901,500,0.5756428838,-1.929471254,1
901,516,1.228387713,-1.845762491,1
901,532,2.208369017,-1.327013969,1
901,548,3.136086226,-0.7609505653,1
901,564,3.69124794,-0.6052117944,1
901,580,3.900165796,-0.3300968707,1
901,596,3.575525761,0.2659834921,1
901,612,3.479573727,0.7095469236,1
901,628,3.151917458,1.124829531,1
901,644,3.00194335,1.03629303,1
901,660,3.048260927,1.743146896,1
901,676,2.742277622,1.95516789,1
901,692,2.140715122,2.256451607,1
901,708,1.238384008,2.851847887,1
901,724,0.4815176129,2.526163578,1
901,740,1.838028073,2.005814075,1
901,756,NaN,NaN,2
901,772,NaN,NaN,2
901,788,1.203680634,2.565196514,1
901,804,0.4020819664,2.800604343,1
901,820,0.9890186787,2.281648874,1
901,836,1.508811951,1.655601978,1
901,852,1.375743389,1.918724179,1
901,868,1.160745144,2.006004572,1
901,884,0.7164441347,2.373888493,1
901,900,0.1107405126,2.461065769,1
901,916,-0.5054036379,1.080314159,1
901,932,NaN,NaN,2
901,948,NaN,NaN,2
901,964,NaN,NaN,2
901,980,NaN,NaN,2
901,996,-0.4357562661,1.113021493,1
901,1012,0.1444758773,0.7053902149,1
901,1028,-0.1690279245,1.130908847,1
901,1044,-0.4724532962,1.402927637,1
901,1060,-0.8882014751,1.060304165,1
901,1076,-1.104043007,0.8418778181,1
901,1092,-1.033432245,0.2743057013,1
901,1108,-1.493187785,0.5192276239,1
901,1124,-2.29614234,-0.005374282598,1
917,20,3.772906303,0.8901495934,1
917,36,3.744657516,-1.097777009,1
917,52,NaN,NaN,2
917,68,3.908203602,-1.858259797,1
917,84,4.561399937,-0.9229981303,1
917,100,4.56064415,-0.2021486163,1
917,116,4.108778,0.2536189556,1
917,132,NaN,NaN,2
917,148,NaN,NaN,2
917,164,2.046701908,0.6320639849,1
917,180,1.605102062,1.173091173,1
917,196,NaN,NaN,2
917,212,2.280254364,2.152449131,1
917,228,1.813174963,0.1793270111,1
917,244,0.2002006769,0.2063678801,1
917,260,0.6097339392,0.5455104709,1
917,276,0.8231159449,1.213075399,1
917,292,0.8945307136,2.102647066,1
917,308,0.9041637182,1.946992993,1
917,324,1.31923902,1.172333002,1
917,340,NaN,NaN,2
917,356,0.6264197826,0.2917016447,1
917,372,1.121577024,0.2709574699,1
917,388,1.647539973,0.503025651,1
917,404,2.025456429,0.7546987534,1
917,420,2.176050186,1.674570799,1
917,436,NaN,NaN,2
917,452,0.2182879448,1.911741972,1
917,468,-1.375824809,0.2267974615,1
917,484,-0.7468303442,0.1791972816,1
917,500,0.01215849817,-0.085398525,1
917,516,1.800289512,-0.2420985103,1
917,532,2.419134617,-0.4959014058,1
917,548,2.659978151,-0.1661263704,1
917,564,3.132048845,0.1688705236,1
917,580,2.961668491,0.1492400169,1
917,596,2.472669363,0.4240971804,1
917,612,2.634721279,0.8500909805,1
917,628,2.869256735,1.52057302,1
917,644,2.792903185,1.328227043,1
917,660,2.77223444,2.417177677,1
917,676,1.852084875,2.69064641,1
917,692,1.568436027,2.40310955,1
917,708,1.760844469,2.660898209,1
917,724,1.237269759,2.521937132,1
917,740,1.924490213,2.570990086,1
917,756,1.69165051,1.25443995,1
917,772,0.9565484524,1.540686488,1
917,788,1.324937701,1.992801547,1
917,804,0.4706094265,2.541033983,1
917,820,0.5192702413,2.496169806,1
917,836,1.196380615,1.736413479,1
917,852,0.5582849979,2.105806828,1
917,868,0.8816283941,2.055254936,1
917,884,1.010358334,1.83823657,1
917,900,0.08416545391,2.199598312,1
917,916,NaN,NaN,2
917,932,NaN,NaN,2
917,948,0.0284069255,0.8610683084,1
917,964,1.028621435,0.7595791817,1
917,980,NaN,NaN,2
917,996,NaN,NaN,2
917,1012,-0.5236930847,1.705132008,1
917,1028,-0.1905146241,0.87239784,1
917,1044,-0.7862714529,0.9192813635,1
917,1060,-1.192624092,0.4545749128,1
917,1076,-0.8264304996,0.4249477386,1
917,1092,-1.152789116,0.04513794184,1
917,1108,-2.768474102,-0.05823397636,1
917,1124,NaN,NaN,2
933,20,4.239049435,0.1172864437,1
933,36,3.389148235,-2.279718637,1
933,52,3.457643032,-3.395228863,1
933,68,3.793439627,-2.579313993,1
933,84,4.688000679,-0.9448798895,1
933,100,4.450501919,-0.2034745812,1
933,116,3.714871883,0.2901828885,1
933,132,3.243573189,0.0007984340191,1
933,148,2.35199213,0.1036550403,1
933,164,2.152508736,0.1666304171,1
933,180,1.790778518,1.048113108,1
933,196,NaN,NaN,2
933,212,2.658205509,2.280801296,1
933,228,2.137864113,1.299107075,1
933,244,0.3903790712,0.6875832081,1
933,260,0.1588302851,0.7556425333,1
933,276,0.6425102949,1.705903292,1
933,292,1.198706388,2.425988197,1
933,308,1.03569293,2.433420658,1
933,324,NaN,NaN,2
933,340,0.2923561037,0.894395709,1
933,356,NaN,NaN,2
933,372,NaN,NaN,2
933,388,1.356170654,1.959411025,1
933,404,1.762113214,1.632335782,1
933,420,1.829170465,1.701166868,1
933,436,NaN,NaN,2
933,452,0.6910252571,3.213575363,1
933,468,-0.5832259059,0.874117732,1
933,484,-1.356567144,0.629309237,1
933,500,-0.6469739676,0.7976763248,1
933,516,1.001737237,0.9949676991,1
933,532,2.469311953,0.4924382567,1
933,548,3.221079111,0.2990861535,1
933,564,3.630782366,0.3138103485,1
933,580,2.928122044,0.4856284559,1
933,596,2.18772006,1.038368225,1
933,612,2.276336193,1.888661981,1
933,628,2.88113308,1.557085037,1
933,644,3.045868158,0.859038353,1
933,660,2.637227774,1.988913774,1
933,676,2.183609724,2.307748795,1
933,692,2.226961613,2.488992214,1
933,708,2.611127615,2.710010529,1
933,724,1.859773874,2.364084482,1
933,740,1.238940597,1.689276695,1
933,756,0.6827914715,1.736540079,1
933,772,0.3351637125,1.590706587,1
933,788,1.151746511,2.132659435,1
933,804,NaN,NaN,2
933,820,0.9177334309,2.619498491,1
933,836,0.7386321425,2.765481472,1
933,852,0.7362579703,3.08460474,1
933,868,0.7744651437,2.724049568,1
933,884,1.083338261,2.21821785,1
933,900,1.297844648,1.456706762,1
933,916,1.61736846,1.052427053,1
933,932,0.1299632937,2.948185444,1
933,948,-0.226817891,2.9772892,1
933,964,-0.2011198997,1.050440907,1
933,980,-0.2481701076,0.8606702089,1
933,996,NaN,NaN,2
933,1012,-0.4071275294,0.8952531219,1
933,1028,-0.6653718948,0.4753092825,1
933,1044,-1.029626966,0.4926786423,1
933,1060,-1.280671835,0.3681440949,1
933,1076,-1.373084068,0.3181360364,1
933,1092,-1.724681139,0.1810512245,1
933,1108,-1.99519527,-0.0834576413,1
933,1124,-1.999664307,0.2119594812,1
949,20,4.06005764,-1.102235079,1
949,36,3.945785761,-2.242082119,1
949,52,3.913703442,-2.88321805,1
949,68,3.979936838,-2.901790857,1
949,84,4.307721615,-1.065974951,1
949,100,3.671155214,0.1142311096,1
949,116,3.082410336,-0.07998218387,1
949,132,2.752566338,-0.01065395772,1
949,148,3.280370474,0.1047466844,1
949,164,2.720822334,0.08543249965,1
949,180,2.402962923,0.4420695901,1
949,196,2.751102448,1.073725462,1
949,212,2.664189816,1.37040019,1
949,228,3.046543598,1.439558029,1
949,244,1.99323976,1.244188666,1
949,260,0.8307822943,1.616754651,1
949,276,1.01075685,2.499830246,1
949,292,1.026879787,2.95147562,1
949,308,NaN,NaN,2
949,324,NaN,NaN,2
949,340,NaN,NaN,2
949,356,1.018685699,0.7204187512,1
949,372,1.027202845,0.5661811233,1
949,388,0.8678299189,1.205297232,1
949,404,1.843639493,1.574575782,1
949,420,NaN,NaN,2
949,436,NaN,NaN,2
949,452,0.7516934872,3.604877234,1
949,468,0.2204016596,1.669718266,1
949,484,-0.01844803989,1.807982802,1
949,500,-0.1774576604,1.257952094,1
949,516,-0.7745168209,1.666884184,1
949,532,1.288592577,1.589682341,1
949,548,2.32040143,0.8437645435,1
949,564,2.661873102,0.6905667782,1
949,580,2.298073769,1.051759243,1
949,596,1.7754004,1.508120775,1
949,612,2.185617685,2.372710466,1
949,628,2.532007217,1.900207281,1
949,644,3.144342184,0.973618865,1
949,660,3.128691196,1.485539198,1
949,676,2.793755293,2.031725883,1
949,692,2.757635832,2.498128653,1
949,708,2.602129936,2.733005047,1
949,724,2.258518457,2.596530437,1
949,740,1.366245389,2.179892063,1
949,756,0.6491695642,1.959825873,1
949,772,0.6109097004,1.962937355,1
949,788,-0.1599586308,2.379052162,1
949,804,NaN,NaN,2
949,820,0.576059103,2.448832035,1
949,836,1.020161748,2.701560974,1
949,852,NaN,NaN,2
949,868,0.774656415,3.002230644,1
949,884,0.8341939449,2.73181963,1
949,900,0.900947988,1.830464602,1
949,916,NaN,NaN,2
949,932,1.689223409,2.900998116,1
949,948,0.09072239697,2.791439533,1
949,964,-0.3041241765,2.251581669,1
949,980,-0.7411068082,0.9013813734,1
949,996,-0.8230527043,0.2193208337,1
949,1012,-0.9139761925,0.01552787423,1
949,1028,-1.361860275,0.2251656055,1
949,1044,-1.495720267,0.1617204845,1
949,1060,-1.63819468,0.3443241715,1
949,1076,-2.503727436,0.05032867193,1
949,1092,-3.039381742,-0.2394834757,1
949,1108,-3.066724062,-0.1638861448,1
949,1124,-2.826261759,0.3090946674,1
965,20,2.99736619,-0.9133361578,1
965,36,4.975030899,-1.348108292,1
965,52,4.645806313,-2.239078045,1
965,68,4.770371914,-3.033258438,1
965,84,NaN,NaN,2
965,100,2.843544245,-1.56164062,1
965,116,2.247223616,-0.1238786131,1
965,132,1.963847876,0.6339181066,1
965,148,1.826228857,0.494105041,1
965,164,2.278078794,0.183209151,1
965,180,2.214609623,0.5835383534,1
965,196,2.136160374,0.8914592266,1
965,212,2.519786119,1.023971081,1
965,228,2.71168232,1.144837737,1
965,244,2.372565269,1.623701334,1
965,260,1.607112527,2.602824211,1
965,276,1.29635632,3.267264843,1
965,292,1.976058722,4.886508465,1
965,308,NaN,NaN,2
965,324,NaN,NaN,2
965,340,0.5925675035,1.552077889,1
965,356,1.089920759,1.276282549,1
965,372,1.118479252,1.259754419,1
965,388,1.312663794,0.6586385965,1
965,404,1.794252992,1.151997566,1
965,420,2.031703949,2.28918314,1
965,436,1.258970022,2.730657339,1
965,452,0.522847116,3.041688919,1
965,468,0.4227814376,2.210958481,1
965,484,0.8275665641,2.016088963,1
965,500,0.7988536358,1.251121163,1
965,516,-0.7741012573,1.747537494,1
965,532,-0.4074394703,1.990295172,1
965,548,0.6504676342,1.555217743,1
965,564,1.097245932,1.204389215,1
965,580,1.547873139,1.59115839,1
965,596,1.897137403,2.149258375,1
965,612,2.14009428,2.639600277,1
965,628,1.930109739,2.417371035,1
965,644,NaN,NaN,2
965,660,3.197805882,1.604506254,1
965,676,2.451593399,2.011812925,1
965,692,3.088739634,2.459738255,1
965,708,2.458623886,3.007945538,1
965,724,2.243436813,3.345216751,1
965,740,2.40754652,2.882340908,1
965,756,1.043141842,1.823945999,1
965,772,0.7470963001,1.963865757,1
965,788,0.1071569026,2.725757837,1
965,804,-0.01370877028,1.819100142,1
965,820,0.1010484099,2.392467737,1
965,836,0.4291745424,2.40764904,1
965,852,NaN,NaN,2
965,868,0.07473039627,2.009860992,1
965,884,0.4597193003,1.690407515,1
965,900,0.8099375963,1.971358299,1
965,916,NaN,NaN,2
965,932,NaN,NaN,2
965,948,-0.1707648635,1.181419849,1
965,964,-0.4840968847,1.539357781,1
965,980,-1.023432255,0.48820889,1
965,996,-1.099112511,0.2198313773,1
965,1012,-0.6999013424,0.07618443668,1
965,1028,-1.637739539,0.2106001675,1
965,1044,-2.556937456,0.09592285752,1
965,1060,-2.563163996,-0.004312455654,1
965,1076,-2.836905003,-0.4049499333,1
965,1092,-3.512237787,-0.850659132,1
965,1108,-3.101976395,-0.4308116138,1
965,1124,-3.214268446,-0.2498143911,1
981,20,3.601187944,-1.768035889,1
981,36,4.352679729,-1.992099762,1
981,52,5.058055878,-0.9295558929,1
981,68,4.902271271,-1.965726376,1
981,84,NaN,NaN,2
981,100,2.78745985,-1.389985919,1
981,116,2.251782417,-0.07617665827,1
981,132,NaN,NaN,2
981,148,NaN,NaN,2
981,164,1.235895634,0.2338744104,1
981,180,1.482009649,1.001579523,1
981,196,1.290280223,1.059309959,1
981,212,1.724426746,0.4333412051,1
981,228,1.590708017,1.38574326,1
981,244,1.805110812,1.936233282,1
981,260,2.778858185,2.707060337,1
981,276,NaN,NaN,2
981,292,1.772974014,3.741683006,1
981,308,1.697623849,3.738961458,1
981,324,0.7088287473,3.497702599,1
981,340,0.5641393661,0.6667590141,1
981,356,0.7712231278,1.241933227,1
981,372,1.019070387,1.212476015,1
981,388,1.497482061,0.6048222184,1
981,404,2.10885191,0.86724931,1
981,420,NaN,NaN,2
981,436,NaN,NaN,2
981,452,0.5527046919,2.866822243,1
981,468,0.5404132605,2.595997572,1
981,484,0.2590776682,1.304000139,1
981,500,-0.009244516492,0.5888554454,1
981,516,NaN,NaN,2
981,532,-1.753636956,1.319324732,1
981,548,-0.02081117034,1.652500153,1
981,564,0.2312340438,1.679919004,1
981,580,0.8667396307,2.101859093,1
981,596,1.5570755,2.506038189,1
981,612,1.659710407,2.585168839,1
981,628,NaN,NaN,2
981,644,NaN,NaN,2
981,660,2.22974968,2.35300684,1
981,676,2.039842367,2.097661257,1
981,692,2.445048809,2.561416626,1
981,708,2.328881502,2.849138498,1
981,724,2.033107281,2.51170516,1
981,740,1.738780856,2.341475487,1
981,756,0.994253397,1.961716533,1
981,772,1.404564381,1.486099482,1
981,788,0.8141539097,0.714253664,1
981,804,0.295258522,1.16662097,1
981,820,0.03085744381,3.076589346,1
981,836,0.692833662,3.146431923,1
981,852,0.4913023114,2.730379105,1
981,868,0.3124581575,1.796411991,1
981,884,0.7266770601,1.713693976,1
981,900,NaN,NaN,2
981,916,NaN,NaN,2
981,932,0.3556461632,2.270959139,1
981,948,0.1837676167,0.8191897869,1
981,964,0.02600282431,0.9397884011,1
981,980,-0.9214459658,0.4240664542,1
981,996,-1.26094079,0.1009904891,1
981,1012,-1.815796971,-0.2439329624,1
981,1028,-2.871544123,-0.1093804091,1
981,1044,-3.146706343,-0.5195353031,1
981,1060,-3.054755211,-0.7285875082,1
981,1076,-2.958409071,-1.094211578,1
981,1092,NaN,NaN,2
981,1108,-2.804885626,-1.147386312,1
981,1124,-3.568519354,-0.3335695863,1
997,20,6.273678303,-2.133161306,1
997,36,4.955892563,-3.243943691,1
997,52,5.700857162,-0.928403616,1
997,68,NaN,NaN,2
997,84,3.308489323,-1.28099215,1
997,100,2.94820118,-1.059883118,1
997,116,2.594959736,-0.4873060286,1
997,132,2.663577557,-0.03614999354,1
997,148,1.921803951,0.2016009837,1
997,164,1.353272915,-0.0245975554,1
997,180,0.7681719065,-0.08929517865,1
997,196,NaN,NaN,2
997,212,0.3962193727,0.7001513839,1
997,228,0.8976862431,1.521324039,1
997,244,1.089504719,1.746039748,1
997,260,NaN,NaN,2
997,276,2.202902079,3.364181042,1
997,292,2.217906237,2.833678007,1
997,308,1.173536062,3.225589037,1
997,324,0.193323046,1.975281119,1
997,340,NaN,NaN,2
997,356,1.33235383,1.171545267,1
997,372,1.337701678,1.198314071,1
997,388,1.877910614,0.5136428475,1
997,404,2.314196825,0.8603420854,1
997,420,NaN,NaN,2
997,436,1.826434135,2.490993023,1
997,452,0.9674277306,3.28682518,1
997,468,0.4688677192,2.362304211,1
997,484,NaN,NaN,2
997,500,NaN,NaN,2
997,516,-0.5306944251,0.02609759569,1
997,532,-0.6667794585,1.224578381,1
997,548,-0.386725843,2.06552124,1
997,564,-0.09951281548,1.83429563,1
997,580,0.1608126163,2.442589521,1
997,596,1.019839764,2.245195627,1
997,612,1.203611612,2.233299732,1
997,628,1.277619839,2.267239094,1
997,644,1.221388459,1.871782064,1
997,660,1.967086315,2.108457088,1
997,676,2.760866642,1.496702909,1
997,692,3.362412691,2.32079196,1
997,708,3.098096132,2.094920397,1
997,724,2.516989946,1.967761993,1
997,740,1.868973374,2.392913818,1
997,756,NaN,NaN,2
997,772,0.8293037415,1.479565382,1
997,788,0.9172028303,1.260897398,1
997,804,1.041266561,1.008875132,1
997,820,0.2250970006,2.814667463,1
997,836,NaN,NaN,2
997,852,0.4256047606,2.441945553,1
997,868,0.5628937483,1.745192766,1
997,884,0.9167337418,1.413848996,1
997,900,2.447430372,1.594320297,1
997,916,0.9890680909,0.259807229,1
997,932,0.07351619005,0.8460481763,1
997,948,-0.07998880744,1.280539274,1
997,964,-0.4685689807,0.5807905197,1
997,980,-0.7136466503,0.6158989072,1
997,996,-1.430339336,-0.1638209969,1
997,1012,NaN,NaN,2
997,1028,-3.184129715,-0.6958366036,1
997,1044,-3.093786478,-0.8569421768,1
997,1060,-3.138036013,-0.9559172988,1
997,1076,-2.93222928,-1.619788647,1
997,1092,NaN,NaN,2
997,1108,-2.94314146,-1.191554427,1
997,1124,NaN,NaN,2
1013,20,NaN,NaN,2
1013,36,4.567876339,-2.49044466,1
1013,52,3.47866416,-1.741982579,1
1013,68,3.007012129,-1.305918932,1
1013,84,2.996032,-1.060083985,1
1013,100,3.10065937,-0.9808353186,1
1013,116,3.276968718,-0.6124629378,1
1013,132,4.025602341,-0.4385326505,1
1013,148,3.083876133,-0.22976771,1
1013,164,1.888223886,-1.002499819,1
1013,180,NaN,NaN,2
1013,196,1.040967941,-0.7742424607,1
1013,212,1.157557487,0.647759676,1
1013,228,1.042652845,1.401056647,1
1013,244,0.7861953974,2.048558712,1
1013,260,0.5693385005,2.0151968,1
1013,276,0.3798704445,2.187509775,1
1013,292,-0.3439674675,3.039259195,1
1013,308,-0.02016544342,3.055734873,1
1013,324,0.2297895104,2.62037015,1
1013,340,0.262632072,1.146371603,1
1013,356,NaN,NaN,2
1013,372,0.9388743043,2.408655167,1
1013,388,0.6351784468,0.9162454605,1
1013,404,1.660317779,1.153799534,1
1013,420,2.282799244,1.602946877,1
1013,436,2.151979685,2.087476254,1
1013,452,1.288673282,1.666725397,1
1013,468,0.03562584519,0.5589208603,1
1013,484,NaN,NaN,2
1013,500,NaN,NaN,2
1013,516,-0.5201939344,0.6897790432,1
1013,532,-0.611573875,1.201822639,1
1013,548,-1.354297876,1.965784192,1
1013,564,NaN,NaN,2
1013,580,NaN,NaN,2
1013,596,0.2335674167,2.450640202,1
1013,612,0.6010329127,2.314651966,1
1013,628,NaN,NaN,2
1013,644,1.948618054,1.122944951,1
1013,660,2.642633438,1.809677124,1
1013,676,3.11896348,1.62551713,1
1013,692,NaN,NaN,2
1013,708,NaN,NaN,2
1013,724,2.652771711,1.830960035,1
1013,740,2.163400888,2.229738951,1
1013,756,1.960810184,2.078335285,1
1013,772,1.089336514,1.792570472,1
1013,788,0.8027079105,1.715775967,1
1013,804,1.33135581,1.054175615,1
1013,820,1.021003485,1.326518416,1
1013,836,NaN,NaN,2
1013,852,0.6059891582,2.316657066,1
1013,868,NaN,NaN,2
1013,884,NaN,NaN,2
1013,900,NaN,NaN,2
1013,916,NaN,NaN,2
1013,932,NaN,NaN,2
1013,948,0.06251370907,0.04340669513,1
1013,964,-0.694817543,0.2687173486,1
1013,980,-0.723095119,0.4904983044,1
1013,996,-1.383096814,-0.1467159986,1
1013,1012,-3.083292961,-0.4642366171,1
1013,1028,-2.803720236,-0.7217535377,1
1013,1044,-2.896956682,-0.5039764643,1
1013,1060,-3.319000244,-0.3207033873,1
1013,1076,-2.766718149,-0.2673746943,1
1013,1092,-2.08914876,-0.929330945,1
1013,1108,-3.167629957,-0.8262791038,1
1013,1124,-4.298513889,-0.245118618,1
1029,20,NaN,NaN,2
1029,36,3.221418858,-1.149382353,1
1029,52,2.252731562,-1.485175848,1
1029,68,2.310886621,-1.55424726,1
1029,84,3.092428684,-0.6886953115,1
1029,100,2.944006205,-0.6810670495,1
1029,116,4.284473896,-0.1773971021,1
1029,132,NaN,NaN,2
1029,148,3.413423777,-0.2941539288,1
1029,164,1.745789289,-1.545167923,1
1029,180,3.189865589,-0.4071245193,1
1029,196,NaN,NaN,2
1029,212,1.517021537,0.4623848796,1
1029,228,0.8671615124,1.153991938,1
1029,244,0.2601243258,2.083946466,1
1029,260,-0.009835720062,1.212930322,1
1029,276,-0.4316254854,1.655929089,1
1029,292,-1.14841783,2.848659754,1
1029,308,-1.109680533,2.821182489,1
1029,324,0.05311377347,2.554490566,1
1029,340,1.03507936,1.954778433,1
1029,356,NaN,NaN,2
1029,372,0.4887174964,3.771573544,1
1029,388,0.8371009827,2.513097525,1
1029,404,2.16381526,2.340407372,1
1029,420,2.447913647,2.212285995,1
1029,436,2.151605844,1.875680089,1
1029,452,1.709102988,0.173183322,1
1029,468,NaN,NaN,2
1029,484,-0.2546058297,0.3454281092,1
1029,500,-0.2662616074,1.070033073,1
1029,516,-0.04134818912,1.358796954,1
1029,532,0.2656778693,1.457442284,1
1029,548,0.06046290696,1.226462364,1
1029,564,NaN,NaN,2
1029,580,NaN,NaN,2
1029,596,NaN,NaN,2
1029,612,0.1136844754,2.277997255,1
1029,628,NaN,NaN,2
1029,644,1.453055859,0.9823561311,1
1029,660,2.43966794,1.513676763,1
1029,676,1.982948303,1.360340834,1
1029,692,2.088535786,1.682232738,1
1029,708,2.35910511,1.647001266,1
1029,724,2.339112282,1.777226925,1
1029,740,2.437343359,2.661094904,1
1029,756,2.134997368,2.478613377,1
1029,772,1.419380188,2.075455189,1
1029,788,0.9781895876,1.664185047,1
1029,804,1.431318164,1.4423244,1
1029,820,1.581566572,1.303972244,1
1029,836,1.913192511,1.538821936,1
1029,852,0.617099762,2.62433672,1
1029,868,NaN,NaN,2
1029,884,1.445733786,1.88020885,1
1029,900,1.613386869,1.534775615,1
1029,916,0.8421286941,0.9578362703,1
1029,932,NaN,NaN,2
1029,948,-0.1807602644,0.03972244263,1
1029,964,-0.7186074853,0.203946054,1
1029,980,-0.8008618355,0.3283382952,1
1029,996,-2.028997898,-0.1938323528,1
1029,1012,-2.529914141,-0.0171277225,1
1029,1028,-2.63791275,-0.09213189781,1
1029,1044,-2.58005619,-0.4103357494,1
1029,1060,-3.025030851,-1.045004606,1
1029,1076,-2.952801943,-0.5132548809,1
1029,1092,-3.229890347,-0.8912821412,1
1029,1108,-3.514850378,-0.6161768436,1
1029,1124,-3.908105373,-0.7284784317,1
1045,20,3.515764713,0.1458188891,1
1045,36,2.682094336,-0.8488520384,1
1045,52,2.749215603,-1.749427199,1
1045,68,3.081449509,-1.260653138,1
1045,84,NaN,NaN,2
1045,100,3.848953485,-0.8115929961,1
1045,116,4.036358833,-0.3487942815,1
1045,132,3.921684027,-0.3311970234,1
1045,148,NaN,NaN,2
1045,164,1.316755533,-2.310139894,1
1045,180,4.270832062,-0.6665403247,1
1045,196,NaN,NaN,2
1045,212,1.350062013,0.2950285673,1
1045,228,0.6424281001,0.8426685333,1
1045,244,0.07308709621,1.124076605,1
1045,260,-0.3902774453,1.320014238,1
1045,276,-0.6325619221,2.662091732,1
1045,292,NaN,NaN,2
1045,308,-0.2876444459,2.582292795,1
1045,324,0.3715396225,2.177252054,1
1045,340,0.4145756662,2.600794792,1
1045,356,0.09423869848,4.180715084,1
1045,372,-0.2895360589,3.074839115,1
1045,388,1.506118655,2.778808355,1
1045,404,3.521899223,3.189311743,1
1045,420,NaN,NaN,2
1045,436,2.251767397,2.343636036,1
1045,452,2.467640877,3.067759037,1
1045,468,1.592851639,0.628215313,1
1045,484,0.5576947331,0.8893003464,1
1045,500,0.1118787527,1.664081216,1
1045,516,0.530429244,2.39378953,1
1045,532,0.5428541899,1.886160135,1
1045,548,-0.1871984303,1.697994947,1
1045,564,-1.092467308,2.232181787,1
1045,580,-0.9644231796,3.195525885,1
1045,596,-0.2492401898,3.315517902,1
1045,612,-0.1400538683,2.046120644,1
1045,628,0.08285391331,1.005787015,1
1045,644,0.5520945787,0.9138034582,1
1045,660,1.072903633,0.7403309941,1
1045,676,1.127226591,1.162104607,1
1045,692,0.8429700136,2.226952076,1
1045,708,1.141283154,1.808776617,1
1045,724,2.201243877,1.843739271,1
1045,740,2.786369562,2.446949482,1
1045,756,2.329540014,2.590877056,1
1045,772,2.143018484,2.399320126,1
1045,788,1.81817019,1.821605206,1
1045,804,1.499527812,1.711452603,1
1045,820,1.480729938,1.454331279,1
1045,836,1.95900321,1.330389619,1
1045,852,2.394441128,1.657957315,1
1045,868,1.149016261,1.994247437,1
1045,884,0.2551496327,2.407980919,1
1045,900,0.05992949009,2.159115314,1
1045,916,0.9100599885,1.152400136,1
1045,932,0.3645388484,0.6199918389,1
1045,948,-0.592299819,0.3201429248,1
1045,964,-1.27446568,0.1700312793,1
1045,980,-1.711156845,-0.03458122909,1
1045,996,-2.126933575,-0.475535512,1
1045,1012,-2.527299404,-0.4539675117,1
1045,1028,-2.824371099,-0.3624206483,1
1045,1044,-2.5534482,0.04024637491,1
1045,1060,-2.243801355,-0.724940598,1
1045,1076,-2.404047489,-0.8155353069,1
1045,1092,-2.932816982,-0.8448309898,1
1045,1108,-3.088501692,-0.9064156413,1
1045,1124,-3.602279186,-0.3441847265,1
1061,20,2.333946705,-0.9693728685,1
1061,36,2.395794153,-1.50163734,1
1061,52,NaN,NaN,2
1061,68,4.154894829,-1.129528522,1
1061,84,NaN,NaN,2
1061,100,4.05094099,-0.2837892175,1
1061,116,3.171343803,-0.4896734059,1
1061,132,3.536056042,-0.6721957326,1
1061,148,NaN,NaN,2
1061,164,NaN,NaN,2
1061,180,2.997713566,-1.543791771,1
1061,196,NaN,NaN,2
1061,212,2.754209042,-0.3232067227,1
1061,228,1.013300896,0.616399765,1
1061,244,0.5212312937,1.105497122,1
1061,260,0.3652150631,1.568305492,1
1061,276,0.4234091043,2.031144142,1
1061,292,0.2302184105,2.350333214,1
1061,308,0.1668739617,2.423671961,1
1061,324,0.5154927373,2.357470512,1
1061,340,0.4352938533,3.024987459,1
1061,356,NaN,NaN,2
1061,372,0.1555345058,3.626866817,1
1061,388,2.490536451,3.188583374,1
1061,404,NaN,NaN,2
1061,420,2.740671635,3.056674004,1
1061,436,2.075146198,2.205559731,1
1061,452,1.666968346,2.742677689,1
1061,468,NaN,NaN,2
1061,484,1.100237131,1.228457928,1
1061,500,0.6633945107,2.326604843,1
1061,516,1.070226908,2.648737192,1
1061,532,0.6756054163,2.130305767,1
1061,548,0.8911485672,2.555828333,1
1061,564,1.346413374,3.052103996,1
1061,580,0.213111639,2.688941479,1
1061,596,-0.4790953994,2.835280657,1
1061,612,-0.6527422667,2.154678345,1
1061,628,0.5793763399,1.347337604,1
1061,644,0.6415355206,0.6491516829,1
1061,660,0.5912026167,0.3379969597,1
1061,676,0.4559621811,1.178575873,1
1061,692,0.4510771036,1.992462635,1
1061,708,1.008385658,2.277320623,1
1061,724,2.451167345,2.313260794,1
1061,740,2.269586563,1.865216732,1
1061,756,1.799291134,1.699600697,1
1061,772,1.691201091,1.082227945,1
1061,788,1.45467484,1.739292383,1
1061,804,1.221917748,1.741998434,1
1061,820,1.179038167,1.634051442,1
1061,836,0.9714138508,1.464977622,1
1061,852,NaN,NaN,2
1061,868,NaN,NaN,2
1061,884,NaN,NaN,2
1061,900,-0.431345284,1.809166789,1
1061,916,-0.09565931559,1.126215696,1
1061,932,-0.3806176782,0.8095445633,1
1061,948,-1.156732798,0.4853077531,1
1061,964,-1.546043158,-0.2061717659,1
1061,980,-2.304985285,-0.443641603,1
1061,996,-2.806652069,-0.3285189569,1
1061,1012,-2.448583126,-0.1546970159,1
1061,1028,-2.394431114,-0.1192307696,1
1061,1044,-2.348669767,0.2204767466,1
1061,1060,-2.23136282,-0.03887850046,1
1061,1076,-3.120667696,-1.179634213,1
1061,1092,-2.858347178,-1.172473431,1
1061,1108,-2.872047186,-1.21254158,1
1061,1124,-3.750886917,-1.107008219,1
1077,20,2.352434158,-1.272603512,1
1077,36,2.972439528,-1.102939606,1
1077,52,2.964243174,-1.527691007,1
1077,68,NaN,NaN,2
1077,84,NaN,NaN,2
1077,100,5.444170475,-0.04977574944,1
1077,116,2.904588938,0.1011081934,1
1077,132,2.571634769,-0.2158519924,1
1077,148,2.252216339,-0.4299601018,1
1077,164,1.984895229,-1.914140224,1
1077,180,2.381422281,-2.113769293,1
1077,196,NaN,NaN,2
1077,212,2.488055944,-0.4591067433,1
1077,228,1.70423007,0.2973878682,1
1077,244,1.791590691,0.7580905557,1
1077,260,2.476555586,1.346823931,1
1077,276,1.779308081,1.39476943,1
1077,292,0.9387784004,1.705869198,1
1077,308,0.5740719438,2.073967934,1
1077,324,1.031289339,2.263558626,1
1077,340,1.378736258,2.873533249,1
1077,356,NaN,NaN,2
1077,372,0.6134825945,4.098435402,1
1077,388,1.957580209,4.026340485,1
1077,404,2.994339228,3.491461754,1
1077,420,2.306897163,2.998514175,1
1077,436,2.96218729,2.391941547,1
1077,452,1.940681696,2.84788084,1
1077,468,1.532426476,2.444182634,1
1077,484,1.404278398,2.132118225,1
1077,500,1.167243361,2.432840109,1
1077,516,1.045009136,2.520562172,1
1077,532,1.453272581,2.320410252,1
1077,548,NaN,NaN,2
1077,564,2.534562111,2.517678261,1
1077,580,1.395540953,2.674829245,1
1077,596,NaN,NaN,2
1077,612,-0.6174709201,1.727800846,1
1077,628,1.608100533,0.9793299437,1
1077,644,1.53088522,0.1454282999,1
1077,660,0.3386277854,-0.3343540132,1
1077,676,0.1866666973,0.8074806333,1
1077,692,0.2147596478,1.67389977,1
1077,708,0.9190074205,2.483091831,1
1077,724,1.626841545,3.046010017,1
1077,740,1.570880532,2.259298086,1
1077,756,0.9762686491,1.38099277,1
1077,772,1.655667067,1.367824912,1
1077,788,1.162006617,1.526344895,1
1077,804,0.9103854895,1.573498964,1
1077,820,NaN,NaN,2
1077,836,NaN,NaN,2
1077,852,NaN,NaN,2
1077,868,NaN,NaN,2
1077,884,-0.08068190515,1.650000334,1
1077,900,-0.6121121645,1.512483597,1
1077,916,-0.9346394539,0.9454126358,1
1077,932,-1.136029243,0.5098947287,1
1077,948,-1.878555536,-0.06920868158,1
1077,964,-2.025604248,-0.1888886839,1
1077,980,-2.172746897,-0.09578064084,1
1077,996,-2.197567701,-0.2856687307,1
1077,1012,-2.203105211,-0.340477407,1
1077,1028,-1.707691193,-0.2706010938,1
1077,1044,-1.584301233,-0.5809311867,1
1077,1060,-1.864136457,-0.615672946,1
1077,1076,-2.320266485,-1.920015693,1
1077,1092,-2.961602211,-1.364355445,1
1077,1108,-3.520267248,-0.9118027687,1
1077,1124,-3.878501654,-1.234899044,1
1093,20,NaN,NaN,2
1093,36,1.749257803,-0.8058624268,1
1093,52,2.575877666,-0.5418539643,1
1093,68,3.59629631,-0.3905199766,1
1093,84,3.793841362,-0.9214030504,1
1093,100,3.410893202,-0.1606312692,1
1093,116,2.783722878,0.08135068417,1
1093,132,2.676586866,0.2016248703,1
1093,148,3.018563271,-0.5203593969,1
1093,164,2.208092451,-1.841512442,1
1093,180,1.707626581,-1.546126485,1
1093,196,2.309267998,-0.5649303794,1
1093,212,2.29719162,-0.3221461475,1
1093,228,2.971464872,0.05336248875,1
1093,244,4.425201416,0.9035645127,1
1093,260,NaN,NaN,2
1093,276,NaN,NaN,2
1093,292,1.347857475,1.361831665,1
1093,308,1.261993408,1.900977969,1
1093,324,1.594451904,1.903842926,1
1093,340,1.979032159,2.184521198,1
1093,356,1.190838456,3.713992596,1
1093,372,1.203366041,4.009725094,1
1093,388,0.8642685413,3.738367081,1
1093,404,1.565162897,3.247222424,1
1093,420,2.447343588,3.772288799,1
1093,436,2.42504096,3.310569763,1
1093,452,1.731938481,3.401020527,1
1093,468,1.833947182,3.070836544,1
1093,484,1.788695574,3.319549561,1
1093,500,1.254678249,2.956034184,1
1093,516,0.5288822651,2.862063169,1
1093,532,1.08356905,2.94965148,1
1093,548,2.099036932,2.801815748,1
1093,564,2.715170145,3.047122002,1
1093,580,2.813024521,3.542610168,1
1093,596,1.771412134,3.30089736,1
1093,612,1.569985628,1.542317152,1
1093,628,1.122625351,0.7904425859,1
1093,644,-0.09652554989,0.06111985445,1
1093,660,-0.07203608751,-0.2154857814,1
1093,676,0.1457650363,0.5751730204,1
1093,692,0.1773371994,1.214950562,1
1093,708,0.7352072001,2.190722466,1
1093,724,0.9600090384,2.923776865,1
1093,740,1.011930704,2.813821316,1
1093,756,1.220906019,3.225261927,1
1093,772,1.118000984,2.171765566,1
1093,788,0.8511611223,1.767324567,1
1093,804,0.7700055838,1.561879158,1
1093,820,NaN,NaN,2
1093,836,NaN,NaN,2
1093,852,NaN,NaN,2
1093,868,1.449047685,1.354171276,1
1093,884,0.05132184923,2.036828756,1
1093,900,-0.5733246803,1.358926296,1
1093,916,-0.5786768198,0.9104515314,1
1093,932,-0.7741826773,0.5761287212,1
1093,948,-1.379845262,-0.1424614489,1
1093,964,-1.81391716,-0.210757643,1
1093,980,-1.483168006,-0.2877269983,1
1093,996,-1.608015418,-0.730296731,1
1093,1012,-2.190553904,-0.6958202124,1
1093,1028,-2.203341961,-0.5448992252,1
1093,1044,-2.232394457,-1.067473531,1
1093,1060,-2.381385803,-1.310154915,1
1093,1076,-2.454489708,-1.864924788,1
1093,1092,-3.297389269,-1.441643715,1
1093,1108,NaN,NaN,2
1093,1124,-4.434272289,-0.5210494995,1
1109,20,NaN,NaN,2
1109,36,2.434356689,0.9497766495,1
1109,52,1.500407338,-0.301866293,1
1109,68,1.750042677,-0.8467447162,1
1109,84,NaN,NaN,2
1109,100,2.754409313,-0.07469713688,1
1109,116,3.220811367,0.08673468232,1
1109,132,3.471433163,0.01929214597,1
1109,148,3.511865616,-0.5058632493,1
1109,164,2.952994585,-1.747078896,1
1109,180,1.936555862,-0.8213157654,1
1109,196,1.328384399,-0.1982143521,1
1109,212,2.030553341,0.05710983276,1
1109,228,4.142272949,0.8995093107,1
1109,244,NaN,NaN,2
1109,260,NaN,NaN,2
1109,276,NaN,NaN,2
1109,292,2.005320549,1.592944622,1
1109,308,1.195469499,1.456937551,1
1109,324,-0.1980920434,1.107701421,1
1109,340,-0.8105499148,1.426516175,1
1109,356,-0.07171422243,4.461489677,1
1109,372,1.262165785,5.006903648,1
1109,388,1.146789312,4.170327187,1
1109,404,1.226232648,3.96663475,1
1109,420,2.175771952,5.143215656,1
1109,436,1.937834978,4.287580013,1
1109,452,1.281502008,3.181809902,1
1109,468,1.521271229,2.868757963,1
1109,484,2.091491222,3.526587963,1
1109,500,NaN,NaN,2
1109,516,1.589358807,3.964713573,1
1109,532,0.8482784033,4.221591949,1
1109,548,NaN,NaN,2
1109,564,2.866003513,3.463912725,1
1109,580,3.043443203,3.234288931,1
1109,596,2.5564363,2.175688267,1
1109,612,2.762903452,0.5927306414,1
1109,628,2.125154018,0.1386995316,1
1109,644,0.8222608566,-0.3062757254,1
1109,660,0.2143280804,0.1955656409,1
1109,676,-0.0159522891,0.9534321427,1
1109,692,-0.01251840591,0.9055165052,1
1109,708,0.5782923698,1.769460201,1
1109,724,1.006698132,2.500919342,1
1109,740,0.9042162895,2.672404766,1
1109,756,0.9028372765,3.248643875,1
1109,772,0.8088389635,2.754805088,1
1109,788,0.7355613708,2.514932156,1
1109,804,1.082907915,3.24238348,1
1109,820,1.250412345,3.194043636,1
1109,836,NaN,NaN,2
1109,852,NaN,NaN,2
1109,868,0.3959958553,1.173152208,1
1109,884,-0.1024835557,1.246083736,1
1109,900,-0.3277905285,0.9956901073,1
1109,916,-0.3612334132,1.173662543,1
1109,932,-0.423155129,0.8392066956,1
1109,948,-0.5653827786,0.2033680081,1
1109,964,-0.9292552471,-0.5789114237,1
1109,980,-1.467079878,-1.119929552,1
1109,996,-1.936403394,-1.204627156,1
1109,1012,-2.737002611,-1.106450915,1
1109,1028,-3.268116236,-1.409786701,1
1109,1044,-3.821853638,-1.92714715,1
1109,1060,-3.797587872,-2.151647568,1
1109,1076,-2.786281586,-2.049691439,1
1109,1092,-3.401218414,-1.399359107,1
1109,1108,-4.547076702,0.4464572668,1
1109,1124,NaN,NaN,2
1125,20,NaN,NaN,2
1125,36,NaN,NaN,2
1125,52,0.6586418152,0.1562252045,1
1125,68,2.546502113,-1.256494284,1
1125,84,2.441586733,-1.294195175,1
1125,100,3.091198921,-0.8991385102,1
1125,116,NaN,NaN,2
1125,132,NaN,NaN,2
1125,148,3.714000225,-0.5422776937,1
1125,164,3.025197744,-0.9630073309,1
1125,180,1.618520975,-0.2235472798,1
1125,196,NaN,NaN,2
1125,212,1.797785759,1.852149367,1
1125,228,4.825177193,1.777531505,1
1125,244,5.107277393,1.574836373,1
1125,260,2.472206116,1.81959188,1
1125,276,2.606025934,2.478842497,1
1125,292,2.464061975,1.949799538,1
1125,308,1.155037642,0.6328296661,1
1125,324,NaN,NaN,2
1125,340,NaN,NaN,2
1125,356,2.563800812,2.825914383,1
1125,372,0.6111573577,3.83046627,1
1125,388,0.2560287714,4.676969528,1
1125,404,0.3966321945,4.990355968,1
1125,420,2.337201595,4.967798233,1
1125,436,2.811704636,4.113307953,1
1125,452,1.124609232,2.481158495,1
1125,468,NaN,NaN,2
1125,484,1.270548105,3.120035648,1
1125,500,0.9705986977,4.02418232,1
1125,516,0.6548063755,5.315103054,1
1125,532,0.5152661204,5.236106873,1
1125,548,1.335670471,3.998652458,1
1125,564,2.468839169,2.680297852,1
1125,580,2.619158745,1.847718358,1
1125,596,2.855494499,-0.1018612385,1
1125,612,NaN,NaN,2
1125,628,NaN,NaN,2
1125,644,NaN,NaN,2
1125,660,0.7361147404,0.112418294,1
1125,676,NaN,NaN,2
1125,692,0.8739198446,0.8467652202,1
1125,708,1.612851858,0.9530551434,1
1125,724,1.761068821,1.67165184,1
1125,740,1.302057743,2.254560471,1
1125,756,1.052198172,3.479257107,1
1125,772,1.067734241,3.908759117,1
1125,788,1.403725505,3.929499149,1
1125,804,1.13912046,3.086573362,1
1125,820,1.478380919,2.251821041,1
1125,836,1.611726761,2.626148224,1
1125,852,1.873354316,1.870656967,1
1125,868,0.2499578893,0.7724016905,1
1125,884,-0.1026732177,0.2114382982,1
1125,900,-0.2192425132,0.7532933354,1
1125,916,-0.1046360731,1.533944011,1
1125,932,-0.1805174947,0.6647491455,1
1125,948,-0.6230089664,0.01780223846,1
1125,964,-1.530890822,-1.029544353,1
1125,980,NaN,NaN,2
1125,996,-2.468125582,-2.140599728,1
1125,1012,NaN,NaN,2
1125,1028,NaN,NaN,2
1125,1044,NaN,NaN,2
1125,1060,NaN,NaN,2
1125,1076,-4.311570644,-2.079475403,1
1125,1092,-4.31393671,-1.613446712,1
1125,1108,NaN,NaN,2
1125,1124,NaN,NaN,2
