PIVlab, ASCII chart output - 21-Nov-2024
FRAME: 3, filenames: A:[3]AVI_Pos011_TimeSrs0011_TgUtrmcherry_K4K8MO.avi & B:[4]AVI_Pos011_TimeSrs0011_TgUtrmcherry_K4K8MO.avi, conversion factor xy (px -> m): 1, conversion factor uv (px/frame -> m/s): 1
x [px],y [px],u [px/frame],v [px/frame],Vector type [-]
47,33,6.875290394,9.706748962,1
47,65,8.359534264,10.33298302,1
47,97,10.08351421,7.452161789,1
47,129,11.10877132,8.016841888,1
47,161,11.87147141,8.458697319,1
47,193,12.52127647,6.879590988,1
47,225,11.43522072,5.025036335,1
47,257,10.24655914,5.644445896,1
47,289,9.819410324,7.654741764,1
47,321,10.66429901,9.613859177,1
47,353,10.37034798,7.798437119,1
47,385,9.407468796,7.17028141,1
47,417,8.186172485,9.100461006,1
47,449,9.396694183,8.729200363,1
47,481,11.27379608,7.215119362,1
47,513,11.7574482,7.54406023,1
47,545,11.933918,7.145046234,1
47,577,10.88367271,5.815522194,1
47,609,NaN,NaN,2
47,641,15.77613068,4.253076553,1
47,673,14.30890465,4.169023037,1
47,705,16.11872101,16.2259922,1
47,737,15.40334034,17.38877678,1
47,769,15.48063374,3.83092308,1
47,801,14.25020504,6.156605244,1
47,833,14.60515499,5.656975746,1
47,865,15.49483967,4.515003204,1
47,897,14.06287003,5.219204426,1
47,929,14.30433655,7.3003335,1
47,961,13.62377071,5.492126942,1
47,993,13.48250008,2.438865423,1
47,1025,12.66779804,1.073423386,1
47,1057,13.15796471,0.7835943699,1
47,1089,13.58805656,0.8914344311,1
47,1121,14.86547852,0.1142700315,1
47,1153,14.73803329,0.4209784269,1
47,1185,12.15281487,1.026932478,1
47,1217,9.814668655,1.412346363,1
47,1249,11.96953869,0.8729433417,1
47,1281,12.94281197,0.3236426115,1
47,1313,13.36314964,1.00351429,1
47,1345,12.52759647,0.5852075815,1
47,1377,9.637948036,0.7403839827,1
47,1409,7.782848358,-1.446185827,1
47,1441,7.915467739,-3.223214388,1
47,1473,8.190090179,-2.348518372,1
47,1505,8.302108765,-1.481219292,1
47,1537,6.711582661,-0.6321895123,1
47,1569,2.668278217,0.4850506783,1
47,1601,2.514695644,0.8287280202,1
47,1633,3.78391695,-0.1441011429,1
47,1665,4.411571026,0.5656810403,1
47,1697,5.735020638,2.283803463,1
47,1729,3.265829325,1.553524494,1
47,1761,2.990190029,1.542891264,1
47,1793,1.72486639,0.3575024605,1
47,1825,1.548062086,-1.328593016,1
47,1857,0.9844231606,0.9185402989,1
47,1889,-0.3092130423,0.8144743443,1
47,1921,0.7148903608,-0.1864597797,1
47,1953,1.006482124,-0.3334600925,1
47,1985,2.610062838,-0.6783279777,1
47,2017,3.037515163,0.2452499866,1
79,33,9.167469025,2.610441208,1
79,65,9.994997025,5.993424892,1
79,97,9.365982056,10.11976433,1
79,129,9.885103226,7.593826771,1
79,161,10.26730728,6.989592552,1
79,193,10.42081738,5.393840313,1
79,225,10.29163456,6.19485569,1
79,257,10.21419048,6.196551323,1
79,289,10.31444263,6.718691349,1
79,321,11.9323101,9.955039978,1
79,353,11.8739624,7.38317585,1
79,385,11.45943737,8.141269684,1
79,417,11.11994362,7.587285042,1
79,449,10.87836075,7.89505291,1
79,481,10.20835686,7.74578619,1
79,513,10.11504173,8.12819767,1
79,545,10.96271515,9.107713699,1
79,577,11.63864136,7.774907589,1
79,609,13.41985512,2.442727089,1
79,641,14.48315239,4.829795837,1
79,673,NaN,NaN,2
79,705,NaN,NaN,2
79,737,NaN,NaN,2
79,769,15.6791563,3.035479069,1
79,801,16.0724144,5.156184196,1
79,833,15.50437069,6.159653187,1
79,865,16.34546471,4.665317535,1
79,897,16.94789886,5.006819248,1
79,929,17.07872391,5.88504982,1
79,961,16.45814323,6.539631844,1
79,993,15.2605114,3.156517267,1
79,1025,14.55910778,2.464866638,1
79,1057,14.18764591,2.369603157,1
79,1089,14.04817677,1.843563437,1
79,1121,14.33419609,1.381711245,1
79,1153,14.98769283,0.3730714321,1
79,1185,14.53102303,0.4234650731,1
79,1217,12.51661873,0.7240855694,1
79,1249,12.39720917,0.9638831019,1
79,1281,12.13168621,0.5814378262,1
79,1313,10.72108555,-0.1380892992,1
79,1345,10.64810562,-1.100129962,1
79,1377,9.427975655,-0.8884100914,1
79,1409,8.884085655,-1.53728354,1
79,1441,9.196561813,-2.682735682,1
79,1473,NaN,NaN,2
79,1505,NaN,NaN,2
79,1537,8.114958763,-2.62940383,1
79,1569,8.182657242,-0.4712112546,1
79,1601,5.237626553,-0.4768676162,1
79,1633,4.959492207,-1.470855474,1
79,1665,5.391807079,-0.2479939163,1
79,1697,5.224834919,3.466786385,1
79,1729,3.76725769,2.635168076,1
79,1761,2.404132843,4.477796555,1
79,1793,3.211694241,3.277901173,1
79,1825,3.518944025,0.7654559612,1
79,1857,1.921896815,0.07965581119,1
79,1889,0.899194777,-0.05298545957,1
79,1921,0.06631708145,-0.5607941747,1
79,1953,0.9325735569,-1.233244896,1
79,1985,1.621974468,-0.5969523191,1
79,2017,0.3697631359,-0.4170498848,1
111,33,7.943748474,-0.03242588043,1
111,65,8.823815346,2.714002132,1
111,97,9.827514648,6.853238106,1
111,129,10.08411217,6.782055855,1
111,161,10.62759113,6.945685387,1
111,193,10.06457615,6.377620697,1
111,225,10.3103199,6.747674942,1
111,257,10.97369289,7.060260773,1
111,289,11.01196289,7.131894112,1
111,321,11.87951946,7.172162056,1
111,353,12.96852589,7.029118538,1
111,385,13.1808567,6.901294231,1
111,417,12.70503712,7.467583656,1
111,449,11.49096489,8.092525482,1
111,481,11.61438084,8.160250664,1
111,513,11.67961884,7.898284912,1
111,545,11.94197178,9.37263298,1
111,577,12.05399132,8.29416275,1
111,609,13.16026592,5.753357887,1
111,641,14.39802742,5.005653381,1
111,673,NaN,NaN,2
111,705,NaN,NaN,2
111,737,NaN,NaN,2
111,769,15.712183,3.546489716,1
111,801,15.89094162,5.006299496,1
111,833,16.08197212,6.44496727,1
111,865,16.56098366,5.767223358,1
111,897,16.88636971,4.669525146,1
111,929,17.67152405,4.92258215,1
111,961,17.10511017,5.658233166,1
111,993,16.44116211,4.081016541,1
111,1025,15.15342331,3.413046837,1
111,1057,14.8625412,2.847888947,1
111,1089,14.13792133,2.233886003,1
111,1121,13.49258041,1.8967098,1
111,1153,14.6693964,-0.2969995141,1
111,1185,15.38249397,-0.04057568312,1
111,1217,14.4160862,-0.5435475111,1
111,1249,12.59677982,-0.04358327389,1
111,1281,10.6479063,0.03598220646,1
111,1313,9.789134979,-0.8697786331,1
111,1345,10.11096287,-1.921796441,1
111,1377,9.362458229,-1.454483151,1
111,1409,9.09168148,-1.350981832,1
111,1441,11.71307755,-2.439974785,1
111,1473,NaN,NaN,2
111,1505,NaN,NaN,2
111,1537,NaN,NaN,2
111,1569,10.92675781,0.06566768885,1
111,1601,10.37582684,1.103617668,1
111,1633,7.707770348,0.9685476422,1
111,1665,9.403156281,-0.9097716808,1
111,1697,7.640843391,-1.981276274,1
111,1729,4.982319355,0.02039331198,1
111,1761,4.145519257,3.048006058,1
111,1793,4.105351448,3.304706097,1
111,1825,3.17692852,0.9555554986,1
111,1857,1.821357965,-0.3019882441,1
111,1889,1.142758131,-0.7006947994,1
111,1921,1.455413461,-0.6544778347,1
111,1953,1.201178074,-0.2559072673,1
111,1985,0.4619278908,1.0340693,1
111,2017,-0.7209505439,-0.3163383603,1
143,33,9.445487022,0.314319849,1
143,65,9.082069397,4.579273701,1
143,97,9.290506363,7.554217815,1
143,129,9.377890587,7.172909737,1
143,161,NaN,NaN,2
143,193,10.32600117,7.666273117,1
143,225,10.03317547,6.111029625,1
143,257,11.0635376,7.258491516,1
143,289,11.07485771,7.893714428,1
143,321,10.80450726,7.464578629,1
143,353,10.73762703,7.349561214,1
143,385,14.10725594,7.765300751,1
143,417,14.14577675,8.149325371,1
143,449,13.53257751,8.787845612,1
143,481,13.23259926,8.737024307,1
143,513,13.10938263,8.383049011,1
143,545,13.22146606,8.622723579,1
143,577,10.63724422,9.134311676,1
143,609,13.43615627,6.071064949,1
143,641,13.92980003,6.83950901,1
143,673,15.10892963,6.736686707,1
143,705,17.95049858,8.147665024,1
143,737,19.15527725,8.35005188,1
143,769,17.10739326,5.602429867,1
143,801,17.26497459,5.438506603,1
143,833,16.95809555,7.46821022,1
143,865,16.86593437,6.674656868,1
143,897,17.09813309,4.492010593,1
143,929,17.75206757,4.337706089,1
143,961,17.63995171,4.788713455,1
143,993,17.33872223,4.318917751,1
143,1025,17.05856514,3.964727402,1
143,1057,15.93385506,3.263426304,1
143,1089,14.81564903,2.080192566,1
143,1121,12.92677879,1.304617524,1
143,1153,15.01561165,0.8364437819,1
143,1185,15.1339159,1.022481084,1
143,1217,14.35083675,-0.1448025703,1
143,1249,12.16266537,-0.1607559621,1
143,1281,10.16605377,-0.5101681948,1
143,1313,9.773417473,-1.444348574,1
143,1345,10.03423309,-1.920303702,1
143,1377,10.0200882,-1.248838544,1
143,1409,8.235580444,-1.938431859,1
143,1441,9.894219398,-3.191945076,1
143,1473,NaN,NaN,2
143,1505,6.106464386,-0.5281350017,1
143,1537,10.10463333,0.0824868083,1
143,1569,NaN,NaN,2
143,1601,NaN,NaN,2
143,1633,NaN,NaN,2
143,1665,NaN,NaN,2
143,1697,6.817899704,-0.7590346336,1
143,1729,5.622056484,0.146940276,1
143,1761,5.239048004,0.4593337774,1
143,1793,4.547470093,0.2184840739,1
143,1825,3.544688225,-0.181037426,1
143,1857,1.593931675,-0.8959068656,1
143,1889,1.590395212,-1.354124069,1
143,1921,2.001419067,-0.5989929438,1
143,1953,1.653276801,-0.2747338414,1
143,1985,0.552372098,-0.05295646191,1
143,2017,-0.4677752554,-0.5637131333,1
175,33,NaN,NaN,2
175,65,9.363765717,6.057880878,1
175,97,NaN,NaN,2
175,129,6.642905235,8.296766281,1
175,161,10.22863293,7.859943867,1
175,193,11.21732807,7.732637405,1
175,225,9.528255463,6.555681229,1
175,257,9.885073662,7.446013451,1
175,289,10.70945454,8.57045269,1
175,321,10.32845306,8.555689812,1
175,353,8.924290657,8.676838875,1
175,385,13.3798151,7.957866669,1
175,417,14.31589985,8.547710419,1
175,449,14.19123268,8.98898983,1
175,481,14.14905548,9.283608437,1
175,513,13.70543003,8.844421387,1
175,545,12.8490448,8.997057915,1
175,577,13.40272999,10.10037518,1
175,609,13.91731453,10.79122829,1
175,641,14.13385201,8.969118118,1
175,673,14.87050343,8.828175545,1
175,705,17.72241974,8.881759644,1
175,737,16.5657959,8.117862701,1
175,769,16.5664711,6.957641602,1
175,801,16.83369446,6.894699097,1
175,833,16.3130455,7.922711849,1
175,865,16.7857132,7.308459759,1
175,897,18.04799271,5.120354176,1
175,929,18.59014511,4.709205151,1
175,961,18.17309189,4.684430599,1
175,993,17.694067,4.071743488,1
175,1025,NaN,NaN,2
175,1057,14.08716774,2.851993084,1
175,1089,15.32355881,1.893681765,1
175,1121,15.80200195,1.227154136,1
175,1153,14.78033066,1.856321573,1
175,1185,13.54132271,2.024430037,1
175,1217,12.70297718,1.04791069,1
175,1249,12.34798336,1.181932449,1
175,1281,10.54411602,-0.4746872783,1
175,1313,NaN,NaN,2
175,1345,NaN,NaN,2
175,1377,12.53725147,-3.010649204,1
175,1409,10.8464222,-2.40072298,1
175,1441,9.424787521,-3.132378101,1
175,1473,7.156039238,-3.091590881,1
175,1505,9.737567902,0.09550282359,1
175,1537,8.805141449,0.3706169724,1
175,1569,NaN,NaN,2
175,1601,5.152554035,-1.746558189,1
175,1633,NaN,NaN,2
175,1665,NaN,NaN,2
175,1697,6.603770733,-0.762209177,1
175,1729,5.297981262,-0.6631549001,1
175,1761,NaN,NaN,2
175,1793,5.273513794,-0.7090257406,1
175,1825,4.307322979,-1.746387362,1
175,1857,3.762764692,-2.127218723,1
175,1889,3.090540409,-1.306820393,1
175,1921,1.993506193,0.1827584505,1
175,1953,1.911774039,-1.670634747,1
175,1985,1.161687732,-2.647916794,1
175,2017,0.5740377903,-1.315382004,1
207,33,NaN,NaN,2
207,65,9.144609451,6.026188374,1
207,97,8.65451622,8.405893326,1
207,129,7.377896309,7.029611588,1
207,161,12.58696842,7.828741074,1
207,193,13.77148438,6.258331299,1
207,225,11.89632416,7.649130821,1
207,257,11.12369823,7.282366276,1
207,289,11.2542944,6.908223629,1
207,321,11.26287174,8.097361565,1
207,353,10.28702831,9.167451859,1
207,385,11.37537479,8.963514328,1
207,417,13.22410774,8.396009445,1
207,449,14.156703,8.94845295,1
207,481,14.70132256,9.289256096,1
207,513,14.02969742,8.924905777,1
207,545,12.73611736,8.566598892,1
207,577,13.68649578,8.121999741,1
207,609,15.06749725,10.38394642,1
207,641,13.81226063,9.415923119,1
207,673,15.30539131,8.937114716,1
207,705,16.87759781,8.330007553,1
207,737,16.11046982,7.437796116,1
207,769,15.78410912,6.397092819,1
207,801,16.13749123,6.901114464,1
207,833,15.97988701,6.980164528,1
207,865,16.01339149,6.457699299,1
207,897,17.22813797,5.339552879,1
207,929,18.06469154,4.861635208,1
207,961,18.47282028,4.68966341,1
207,993,18.2436161,4.066855907,1
207,1025,17.3990345,3.59597373,1
207,1057,15.94183922,2.757116079,1
207,1089,16.42222786,1.596574545,1
207,1121,16.61297226,0.9544776678,1
207,1153,15.41749382,0.9520564079,1
207,1185,12.47492886,1.575827241,1
207,1217,11.79451275,0.6602941155,1
207,1249,12.33478642,0.8411283493,1
207,1281,10.99777508,-0.7464862466,1
207,1313,NaN,NaN,2
207,1345,10.68222237,-2.509711266,1
207,1377,12.38040924,-2.284355164,1
207,1409,11.34019184,-2.18798542,1
207,1441,10.48428631,-3.183213234,1
207,1473,NaN,NaN,2
207,1505,9.791097641,1.545344114,1
207,1537,8.329104424,0.6509345174,1
207,1569,6.695452213,0.5312069058,1
207,1601,5.967290878,-0.4615534544,1
207,1633,6.72499752,-0.8685231209,1
207,1665,7.083405018,-0.6873322725,1
207,1697,6.408459663,-0.7835582495,1
207,1729,5.176298618,-0.8826978207,1
207,1761,4.591898918,-2.12518239,1
207,1793,5.863431454,-1.68831563,1
207,1825,5.929697037,-2.497771025,1
207,1857,6.252281189,-3.375777245,1
207,1889,5.554360867,-3.834695816,1
207,1921,3.070718527,-0.5107016563,1
207,1953,2.325805187,-0.04309093952,1
207,1985,2.192792416,-2.696458817,1
207,2017,0.9416866302,-1.472243309,1
239,33,NaN,NaN,2
239,65,8.816198349,7.286077976,1
239,97,8.65837574,9.207736969,1
239,129,9.059261322,9.385582924,1
239,161,12.50246906,9.55711937,1
239,193,14.34261703,6.725743294,1
239,225,13.0043478,6.819888115,1
239,257,10.95664883,6.611018658,1
239,289,11.01875305,5.779306412,1
239,321,11.73595905,7.788691521,1
239,353,11.94547749,8.507966995,1
239,385,12.62799549,9.415978432,1
239,417,12.13019657,8.473085403,1
239,449,12.81850529,8.853288651,1
239,481,13.44878769,9.061329842,1
239,513,13.43280315,9.35238266,1
239,545,11.73460293,8.295783997,1
239,577,13.02840996,7.866269112,1
239,609,14.21290779,8.153175354,1
239,641,15.21831512,8.415722847,1
239,673,16.01523972,8.000133514,1
239,705,16.82538223,7.706117153,1
239,737,16.66562653,6.879361629,1
239,769,16.6177845,6.041156292,1
239,801,16.70083046,6.872199535,1
239,833,15.99538422,6.661643028,1
239,865,14.72992325,5.268284798,1
239,897,15.3301239,6.094504356,1
239,929,16.89326096,5.064383507,1
239,961,19.1585083,4.67530489,1
239,993,18.98141098,4.207253456,1
239,1025,19.49725723,3.623790026,1
239,1057,18.11250687,2.310600758,1
239,1089,20.60904121,1.654141665,1
239,1121,18.14016724,1.00552547,1
239,1153,15.97957611,0.8272226453,1
239,1185,11.98770905,1.073228359,1
239,1217,11.55760574,-0.1012398899,1
239,1249,11.61954975,-0.6851475835,1
239,1281,11.13510132,-1.126157403,1
239,1313,11.3040905,-1.685981154,1
239,1345,11.54836941,-2.768571615,1
239,1377,12.3233099,-2.282483101,1
239,1409,10.45958138,-1.665106177,1
239,1441,10.06511784,-1.318068385,1
239,1473,NaN,NaN,2
239,1505,9.397228241,2.266510487,1
239,1537,9.29106617,0.86812675,1
239,1569,NaN,NaN,2
239,1601,NaN,NaN,2
239,1633,5.678164005,0.8706138134,1
239,1665,7.301979065,-0.9150701761,1
239,1697,7.017427921,-0.5408272743,1
239,1729,5.862426281,-0.9277354479,1
239,1761,4.007021427,-1.63846004,1
239,1793,5.351846695,-1.779897928,1
239,1825,6.402546406,-1.817074776,1
239,1857,5.337845325,-3.111097574,1
239,1889,5.021804333,-2.628099918,1
239,1921,5.550229073,-0.1479353607,1
239,1953,5.817918777,2.231492519,1
239,1985,NaN,NaN,2
239,2017,-2.415044308,-1.794032931,1
271,33,NaN,NaN,2
271,65,7.916129112,9.556171417,1
271,97,8.211181641,10.72509575,1
271,129,8.973632813,9.167354584,1
271,161,11.9524765,8.905999184,1
271,193,13.65733337,8.907709122,1
271,225,13.58992767,8.561412811,1
271,257,10.73375988,9.692004204,1
271,289,10.83416462,8.264314651,1
271,321,12.3874855,8.045734406,1
271,353,13.35645866,8.665836334,1
271,385,12.86395359,9.888250351,1
271,417,11.04080009,9.112569809,1
271,449,12.03680992,10.06085014,1
271,481,12.33461285,9.667013168,1
271,513,12.28035831,8.939513206,1
271,545,NaN,NaN,2
271,577,11.80352688,9.156625748,1
271,609,13.22711277,8.051362038,1
271,641,14.97676754,5.852779865,1
271,673,16.27766418,7.103765965,1
271,705,16.58498383,7.039822102,1
271,737,16.66765976,7.164844513,1
271,769,16.90693855,7.563539982,1
271,801,NaN,NaN,2
271,833,16.00111008,6.291547298,1
271,865,13.92668152,5.494232178,1
271,897,17.23335838,5.769194126,1
271,929,20.16510582,6.39580822,1
271,961,20.22545815,5.424993992,1
271,993,19.93589211,4.743723869,1
271,1025,NaN,NaN,2
271,1057,18.16314507,4.293397903,1
271,1089,17.69549751,1.636409283,1
271,1121,17.41931725,1.24548316,1
271,1153,16.19574356,0.8486370444,1
271,1185,13.93312073,-0.1424557567,1
271,1217,13.02439976,-1.063056231,1
271,1249,12.41691399,-2.320141554,1
271,1281,12.44635582,-1.912406921,1
271,1313,12.40954971,-1.138472915,1
271,1345,11.96856499,-1.629815817,1
271,1377,11.67712688,-2.322269678,1
271,1409,10.48369312,-1.780963063,1
271,1441,9.46391964,-0.9135372043,1
271,1473,9.981890678,3.524630785,1
271,1505,10.33142376,1.613197565,1
271,1537,10.19703674,1.572378397,1
271,1569,NaN,NaN,2
271,1601,NaN,NaN,2
271,1633,8.209432602,-1.298884273,1
271,1665,7.428337574,-1.29928422,1
271,1697,6.587436199,-0.9684143066,1
271,1729,5.942368984,-1.118711352,1
271,1761,3.542588234,-1.818872929,1
271,1793,4.863178253,-3.088613033,1
271,1825,5.76554203,-1.940056205,1
271,1857,3.5242939,-1.172226667,1
271,1889,3.564490795,-0.2112733126,1
271,1921,4.514345646,0.9654695392,1
271,1953,6.242810249,1.713896275,1
271,1985,0.833432436,0.064388901,1
271,2017,-1.734988928,-2.060030937,1
303,33,7.507049561,5.471300602,1
303,65,7.365941048,9.071546555,1
303,97,6.603596687,9.594042778,1
303,129,9.970090866,9.604309082,1
303,161,10.98313522,8.493919373,1
303,193,11.77584934,9.358192444,1
303,225,12.67560577,9.64575386,1
303,257,10.28911591,10.80436897,1
303,289,9.727482796,10.32339859,1
303,321,10.27884483,8.392615318,1
303,353,13.55727959,6.764003754,1
303,385,NaN,NaN,2
303,417,8.39461422,8.361960411,1
303,449,NaN,NaN,2
303,481,11.25715637,9.474331856,1
303,513,11.78197384,9.219891548,1
303,545,11.06737137,9.593007088,1
303,577,11.55421352,9.397334099,1
303,609,12.61244011,8.488778114,1
303,641,13.60220623,7.241602898,1
303,673,15.75006104,6.984575748,1
303,705,17.1126461,6.840202332,1
303,737,17.71310616,8.023620605,1
303,769,16.114645,7.545008183,1
303,801,16.58648109,8.035227776,1
303,833,17.37740326,6.597194672,1
303,865,18.07332039,5.754155636,1
303,897,20.36872864,6.057936668,1
303,929,21.77844238,6.539263248,1
303,961,21.47810936,5.66809082,1
303,993,21.52055168,5.06540823,1
303,1025,20.77956963,4.005148888,1
303,1057,19.45684624,2.955566406,1
303,1089,17.45396805,3.572031021,1
303,1121,16.51640129,2.315180302,1
303,1153,15.51625443,-0.2290381491,1
303,1185,14.54145241,-0.4820860624,1
303,1217,13.36531734,-1.981883287,1
303,1249,12.74606895,-2.548079967,1
303,1281,12.53994179,-2.997891426,1
303,1313,11.41495895,-1.352215409,1
303,1345,11.27242851,-1.722556353,1
303,1377,11.62343884,-2.253326893,1
303,1409,11.18140602,-1.921243548,1
303,1441,10.03577042,-0.6051219702,1
303,1473,11.48396683,2.070364475,1
303,1505,11.19452763,1.269021511,1
303,1537,11.66479492,-1.257035732,1
303,1569,11.32076931,-1.63167119,1
303,1601,10.56794357,-1.340413094,1
303,1633,9.750329018,-1.665052414,1
303,1665,7.834693909,-1.845427513,1
303,1697,6.494978428,-2.114513636,1
303,1729,5.995622158,-2.037759066,1
303,1761,6.035422802,-2.630066633,1
303,1793,6.697106361,-2.692950964,1
303,1825,6.255921364,-2.603720427,1
303,1857,4.161361694,-1.726464748,1
303,1889,3.118421793,-0.7379546165,1
303,1921,3.273730755,0.02090618014,1
303,1953,2.253774405,0.2005001009,1
303,1985,0.6880458593,-0.2793239355,1
303,2017,-1.364726305,-1.924990416,1
335,33,6.565001488,6.15100956,1
335,65,7.219360828,8.487812996,1
335,97,8.149690628,7.700942993,1
335,129,8.577445984,8.988342285,1
335,161,9.721414566,8.572415352,1
335,193,9.345705032,9.466309547,1
335,225,8.908194542,9.521697044,1
335,257,9.966716766,10.0892067,1
335,289,9.769591331,10.65842056,1
335,321,10.70547771,8.686999321,1
335,353,12.84861469,6.191199303,1
335,385,12.05591106,6.414309502,1
335,417,9.136762619,7.731920242,1
335,449,NaN,NaN,2
335,481,12.12847233,9.178542137,1
335,513,11.51881409,9.020140648,1
335,545,11.36740875,9.29350853,1
335,577,11.05549717,9.293663025,1
335,609,12.57117367,9.008883476,1
335,641,13.97453117,9.420438766,1
335,673,15.68664455,7.61916256,1
335,705,17.23405838,6.758509636,1
335,737,16.70750427,6.248775005,1
335,769,16.5596447,7.712849617,1
335,801,17.80084801,7.046866417,1
335,833,19.08020592,6.624706745,1
335,865,21.27938461,6.577543259,1
335,897,20.39463234,5.595839024,1
335,929,20.66732979,5.389121532,1
335,961,NaN,NaN,2
335,993,22.96817017,4.417084217,1
335,1025,22.23430634,3.575140953,1
335,1057,20.53636932,2.2742939,1
335,1089,18.91963005,1.289200544,1
335,1121,16.85804939,1.445394754,1
335,1153,16.47525024,0.2864699364,1
335,1185,14.5256424,-1.111790299,1
335,1217,13.08675289,-1.684203863,1
335,1249,12.44187355,-1.311604381,1
335,1281,NaN,NaN,2
335,1313,11.12672615,-1.541676283,1
335,1345,10.97619057,-1.029769421,1
335,1377,10.89230061,-0.9773598909,1
335,1409,11.66616535,-0.1786313653,1
335,1441,11.27671337,0.02366375923,1
335,1473,10.73884487,-0.296685189,1
335,1505,10.53576183,-0.8281840682,1
335,1537,11.13120937,-1.939231396,1
335,1569,11.38406277,-2.200750351,1
335,1601,11.09763813,-2.155709267,1
335,1633,9.905590057,-2.134462833,1
335,1665,8.143039703,-2.620206118,1
335,1697,7.457524776,-2.846895695,1
335,1729,6.496342182,-3.371249676,1
335,1761,6.413422585,-4.299267769,1
335,1793,7.02966547,-3.786953926,1
335,1825,6.653625011,-3.747683525,1
335,1857,4.402799129,-3.720366955,1
335,1889,3.02586937,-2.278209686,1
335,1921,2.683161974,-0.8268299103,1
335,1953,2.087034702,-0.6642078161,1
335,1985,1.005696058,-0.7975518703,1
335,2017,-0.1064630747,-1.438066006,1
367,33,6.398087978,6.157314301,1
367,65,6.9531703,7.875048161,1
367,97,7.235920906,7.430943012,1
367,129,7.466720104,8.557277679,1
367,161,8.997348785,9.007800102,1
367,193,8.604759216,10.22397614,1
367,225,8.064230919,10.44002151,1
367,257,9.254905701,10.98801327,1
367,289,11.78555298,9.531274796,1
367,321,11.13712883,9.082093239,1
367,353,11.97653675,8.062314034,1
367,385,11.49270344,7.715076447,1
367,417,11.95195293,5.588387489,1
367,449,14.1251564,9.140022278,1
367,481,13.50396252,9.38547802,1
367,513,11.60001278,8.019136429,1
367,545,11.54443932,7.645305634,1
367,577,NaN,NaN,2
367,609,11.04728127,9.877447128,1
367,641,12.30690384,10.88061523,1
367,673,15.85499763,7.079079628,1
367,705,16.91275787,6.869820595,1
367,737,19.81329346,6.109705925,1
367,769,NaN,NaN,2
367,801,19.04117012,6.888501644,1
367,833,20.26926231,6.192905426,1
367,865,22.10213661,6.819811344,1
367,897,NaN,NaN,2
367,929,22.128479,4.519563198,1
367,961,NaN,NaN,2
367,993,23.14634514,4.134515285,1
367,1025,24.33839607,2.942519665,1
367,1057,22.52177238,2.015682697,1
367,1089,19.3913765,0.494751811,1
367,1121,17.19329834,-0.499307394,1
367,1153,16.87794495,0.2992991209,1
367,1185,14.40421486,-1.365129232,1
367,1217,12.82927513,-1.308979869,1
367,1249,12.0436058,-0.6399185061,1
367,1281,11.00983047,-2.505843639,1
367,1313,12.5116396,0.04660746455,1
367,1345,12.55383301,0.1727942228,1
367,1377,11.86202335,-0.06978586316,1
367,1409,10.14139557,0.4349214137,1
367,1441,10.35579014,1.132113934,1
367,1473,9.62329483,-0.3609294891,1
367,1505,10.27602577,-1.692811966,1
367,1537,10.98390675,-2.927083492,1
367,1569,10.7250967,-3.374808311,1
367,1601,10.29329395,-3.559791327,1
367,1633,9.693826675,-3.283366203,1
367,1665,8.812348366,-4.148247719,1
367,1697,8.377840042,-4.578564644,1
367,1729,6.607637882,-4.538691998,1
367,1761,5.734336853,-5.516509533,1
367,1793,6.091360092,-4.52983427,1
367,1825,5.823165417,-4.437309742,1
367,1857,4.825503826,-5.01306057,1
367,1889,3.162498236,-4.311099052,1
367,1921,2.54500246,-1.3944695,1
367,1953,1.979697704,-1.577362418,1
367,1985,1.218900681,-1.277033806,1
367,2017,0.5451096296,-0.846584022,1
399,33,6.754822254,5.352804184,1
399,65,6.720393181,8.212306976,1
399,97,6.340702057,8.617283821,1
399,129,6.434182644,8.737221718,1
399,161,7.042104721,9.436207771,1
399,193,7.273780823,10.63491821,1
399,225,7.500007629,11.58705044,1
399,257,11.15847588,11.22586918,1
399,289,11.06693745,10.10708904,1
399,321,9.238172531,9.565738678,1
399,353,9.300899506,8.971410751,1
399,385,9.532458305,8.531939507,1
399,417,12.45714188,7.829284668,1
399,449,11.75457001,10.07402515,1
399,481,11.90202427,10.23894501,1
399,513,NaN,NaN,2
399,545,NaN,NaN,2
399,577,NaN,NaN,2
399,609,12.20237064,10.43589687,1
399,641,NaN,NaN,2
399,673,14.63368416,8.757069588,1
399,705,15.82765388,11.24085045,1
399,737,16.86772156,9.324571609,1
399,769,NaN,NaN,2
399,801,NaN,NaN,2
399,833,18.78886223,5.361567974,1
399,865,21.98397064,7.187340736,1
399,897,23.6054287,6.49825573,1
399,929,21.14086914,6.098814964,1
399,961,NaN,NaN,2
399,993,NaN,NaN,2
399,1025,24.98341179,3.294535637,1
399,1057,22.92123795,2.35070014,1
399,1089,18.8106041,1.058444023,1
399,1121,17.12140083,0.5656573176,1
399,1153,15.08235741,-0.1056362689,1
399,1185,14.1411438,-0.8944666386,1
399,1217,12.78556442,0.2659289837,1
399,1249,11.03835964,0.9253600836,1
399,1281,9.123404503,1.296570778,1
399,1313,12.92543125,1.832076907,1
399,1345,13.74842358,2.20759058,1
399,1377,12.14652348,0.6111131907,1
399,1409,8.432226181,-0.8301395178,1
399,1441,8.414573669,1.559038043,1
399,1473,8.973073959,-0.08689796925,1
399,1505,10.94390392,-2.276616812,1
399,1537,11.09151173,-2.878189564,1
399,1569,10.14332008,-3.117460251,1
399,1601,9.4417696,-3.296568394,1
399,1633,NaN,NaN,2
399,1665,7.408815384,-4.488406658,1
399,1697,7.638489246,-4.689261436,1
399,1729,6.863554955,-4.552948952,1
399,1761,4.813821793,-4.113707542,1
399,1793,3.761396646,-3.815649748,1
399,1825,3.979779482,-3.695329666,1
399,1857,4.095215797,-4.266833305,1
399,1889,3.489146948,-4.609158993,1
399,1921,3.091757298,-3.446528196,1
399,1953,2.257861137,-2.305171728,1
399,1985,1.533579111,-1.668634415,1
399,2017,0.4881227016,-0.3327257633,1
431,33,5.94288063,5.765695572,1
431,65,6.446370125,8.867116928,1
431,97,6.510277271,8.908100128,1
431,129,5.979981899,7.93392086,1
431,161,5.684871197,9.066461563,1
431,193,5.915640354,9.757431984,1
431,225,6.375047684,11.32656574,1
431,257,10.29154968,9.802782059,1
431,289,8.001067162,10.19499874,1
431,321,8.779659271,9.529868126,1
431,353,9.106308937,8.909338951,1
431,385,NaN,NaN,2
431,417,9.816725731,10.82946014,1
431,449,10.7861433,12.03664398,1
431,481,11.57638836,12.52903843,1
431,513,NaN,NaN,2
431,545,12.5684824,13.48608017,1
431,577,12.02241325,11.17495346,1
431,609,12.42494106,11.20933723,1
431,641,13.31075954,10.6623745,1
431,673,14.61015987,12.03602886,1
431,705,NaN,NaN,2
431,737,NaN,NaN,2
431,769,NaN,NaN,2
431,801,NaN,NaN,2
431,833,21.3157711,7.170432091,1
431,865,NaN,NaN,2
431,897,NaN,NaN,2
431,929,NaN,NaN,2
431,961,NaN,NaN,2
431,993,22.42856789,5.214118481,1
431,1025,23.40871429,4.075434208,1
431,1057,22.23866272,2.088935375,1
431,1089,19.9540329,0.5670254827,1
431,1121,17.58428764,-0.1979449987,1
431,1153,14.69187927,-0.2385494113,1
431,1185,15.47539425,2.495396376,1
431,1217,14.3745985,3.359450817,1
431,1249,NaN,NaN,2
431,1281,NaN,NaN,2
431,1313,12.94652748,2.813550711,1
431,1345,12.27876186,2.650381088,1
431,1377,11.38578224,1.729104519,1
431,1409,9.804174423,1.612115979,1
431,1441,8.82021904,0.6668684483,1
431,1473,8.950264931,-1.442028999,1
431,1505,11.07844353,-2.791727304,1
431,1537,12.01016426,-3.315631866,1
431,1569,11.0385294,-2.977908611,1
431,1601,9.991363525,-2.380319595,1
431,1633,8.723877907,-4.183688164,1
431,1665,8.321170807,-4.99609375,1
431,1697,7.275452137,-4.840947151,1
431,1729,4.903347969,-4.552835464,1
431,1761,2.573035717,-3.777655363,1
431,1793,0.9342222214,-2.297643661,1
431,1825,0.206294179,-1.202732325,1
431,1857,0.7759096622,-1.578790665,1
431,1889,NaN,NaN,2
431,1921,2.129223347,-3.480022669,1
431,1953,1.29123497,-2.080981731,1
431,1985,1.152267098,-1.604821086,1
431,2017,-0.003753423691,-0.6948342919,1
463,33,5.944057941,7.146813393,1
463,65,7.077205658,7.957584381,1
463,97,7.538655758,8.973783493,1
463,129,5.987648964,6.648045063,1
463,161,5.344500542,8.445573807,1
463,193,5.109772205,9.353703499,1
463,225,5.387285233,9.620467186,1
463,257,5.180053234,9.4804039,1
463,289,6.38304615,7.685606003,1
463,321,8.788508415,10.59416008,1
463,353,9.434533119,11.0961628,1
463,385,8.817510605,10.1982975,1
463,417,10.07710648,11.10614395,1
463,449,10.63730907,12.9883585,1
463,481,11.06738377,12.89838982,1
463,513,11.1148262,13.97145462,1
463,545,10.93981552,13.72678947,1
463,577,10.74932861,12.25199986,1
463,609,12.39766121,12.02567482,1
463,641,13.80694866,11.25658417,1
463,673,NaN,NaN,2
463,705,NaN,NaN,2
463,737,NaN,NaN,2
463,769,NaN,NaN,2
463,801,NaN,NaN,2
463,833,26.32798576,11.84328842,1
463,865,NaN,NaN,2
463,897,NaN,NaN,2
463,929,NaN,NaN,2
463,961,NaN,NaN,2
463,993,24.81895828,5.779287815,1
463,1025,22.93766785,4.233708858,1
463,1057,20.02048874,0.8181039095,1
463,1089,17.75971794,-0.3369492292,1
463,1121,16.89709091,-1.064741611,1
463,1153,16.87298012,-0.4133653641,1
463,1185,NaN,NaN,2
463,1217,NaN,NaN,2
463,1249,14.55813599,3.535927057,1
463,1281,14.56067467,2.461295128,1
463,1313,13.69410324,2.196101189,1
463,1345,11.61511803,2.650922298,1
463,1377,NaN,NaN,2
463,1409,7.964280128,4.949340343,1
463,1441,9.999202728,1.754245043,1
463,1473,10.11773396,-1.356115103,1
463,1505,10.2345314,-3.087191582,1
463,1537,11.40506363,-3.844374657,1
463,1569,11.97152328,-3.525077343,1
463,1601,10.6424017,-3.727451801,1
463,1633,10.30759335,-5.635639191,1
463,1665,9.373319626,-6.113517761,1
463,1697,6.558479786,-5.139588833,1
463,1729,3.453418732,-5.586905956,1
463,1761,1.002165318,-4.633088112,1
463,1793,1.26025486,-3.281054735,1
463,1825,0.5048896074,-1.92000556,1
463,1857,-0.4103989601,-1.862440586,1
463,1889,0.5178205967,-1.695083857,1
463,1921,1.016455293,-1.503869414,1
463,1953,0.5561525226,-1.735414624,1
463,1985,0.1668841839,-1.846354008,1
463,2017,1.581290722,-1.948420048,1
495,33,7.029145718,7.366029739,1
495,65,7.239431858,6.501450062,1
495,97,7.139325142,6.710913658,1
495,129,7.36204052,6.477734566,1
495,161,6.702726841,7.860806465,1
495,193,6.111707211,8.791437149,1
495,225,6.063582897,9.409519196,1
495,257,6.258621216,9.877146721,1
495,289,NaN,NaN,2
495,321,8.555054665,11.45349789,1
495,353,9.34458065,12.04065514,1
495,385,9.33776474,10.22874165,1
495,417,9.693387032,10.29056644,1
495,449,10.3110733,11.71855164,1
495,481,10.53419113,12.22779369,1
495,513,10.24788475,13.25576687,1
495,545,9.611141205,12.5346117,1
495,577,10.69470024,12.82204628,1
495,609,12.02676296,13.27400589,1
495,641,13.55276489,13.36196136,1
495,673,NaN,NaN,2
495,705,15.96817589,12.6195364,1
495,737,17.47052765,13.10862637,1
495,769,18.38495827,13.40974712,1
495,801,20.49025345,14.30557632,1
495,833,25.41794586,15.96543121,1
495,865,28.49765205,13.92985344,1
495,897,27.59747887,16.37316322,1
495,929,NaN,NaN,2
495,961,NaN,NaN,2
495,993,27.29689026,3.920109272,1
495,1025,28.46571159,0.7346115112,1
495,1057,NaN,NaN,2
495,1089,18.12224388,0.6829704046,1
495,1121,17.83747292,-0.3783658743,1
495,1153,NaN,NaN,2
495,1185,NaN,NaN,2
495,1217,15.27757549,1.204016924,1
495,1249,16.72488403,2.759478331,1
495,1281,16.09026527,1.863842964,1
495,1313,13.62506104,0.5680165291,1
495,1345,11.83128834,1.749056816,1
495,1377,6.832201958,4.65371418,1
495,1409,8.092000961,4.494054317,1
495,1441,10.65392399,2.913606167,1
495,1473,11.27667332,-0.8340320587,1
495,1505,10.22997665,-3.721217155,1
495,1537,11.38458443,-4.152708054,1
495,1569,12.5912571,-4.597072601,1
495,1601,10.36792755,-5.252587318,1
495,1633,7.921693802,-6.995055676,1
495,1665,5.650562286,-8.248475075,1
495,1697,4.640995026,-6.495401859,1
495,1729,3.528023005,-5.29291296,1
495,1761,1.874750853,-4.90937233,1
495,1793,2.038912296,-5.359580994,1
495,1825,0.8607802391,-3.652545929,1
495,1857,-0.7710459232,-1.830840111,1
495,1889,-0.3045291901,-1.077495098,1
495,1921,-0.1431099176,-0.7635253668,1
495,1953,-0.6196916103,-1.467286468,1
495,1985,0.1435653567,-2.582380295,1
495,2017,1.888723373,-2.587706566,1
527,33,7.464998245,5.870880127,1
527,65,7.430775166,6.310520172,1
527,97,6.651534557,6.509955406,1
527,129,7.427407265,6.392447472,1
527,161,7.394300461,7.416261196,1
527,193,7.130626202,8.400001526,1
527,225,6.960823059,9.859405518,1
527,257,NaN,NaN,2
527,289,NaN,NaN,2
527,321,NaN,NaN,2
527,353,NaN,NaN,2
527,385,10.94601917,11.32472515,1
527,417,9.79349041,10.16462421,1
527,449,9.021318436,10.41666412,1
527,481,9.871775627,11.69223976,1
527,513,10.63633919,12.09546089,1
527,545,10.74380302,11.94283009,1
527,577,10.77872658,12.85136414,1
527,609,11.34514713,13.73082733,1
527,641,13.19781113,14.12228775,1
527,673,15.64101696,14.18736458,1
527,705,18.50797844,13.05148029,1
527,737,20.07294273,13.24552345,1
527,769,20.72642708,14.07727242,1
527,801,22.87120247,18.51056671,1
527,833,NaN,NaN,2
527,865,31.07973862,18.7894516,1
527,897,NaN,NaN,2
527,929,NaN,NaN,2
527,961,NaN,NaN,2
527,993,NaN,NaN,2
527,1025,28.63611794,-2.885294437,1
527,1057,NaN,NaN,2
527,1089,NaN,NaN,2
527,1121,22.30427361,-0.09438610077,1
527,1153,22.79548264,-1.098566413,1
527,1185,NaN,NaN,2
527,1217,15.35148048,3.366665363,1
527,1249,14.80324078,3.470855713,1
527,1281,NaN,NaN,2
527,1313,NaN,NaN,2
527,1345,9.186882019,-6.135621071,1
527,1377,10.87995529,-3.506425142,1
527,1409,NaN,NaN,2
527,1441,11.63452053,-3.161112785,1
527,1473,12.44180775,-5.464598656,1
527,1505,NaN,NaN,2
527,1537,11.99634933,-4.902552128,1
527,1569,11.98558712,-5.466992855,1
527,1601,10.65316772,-5.932303429,1
527,1633,7.021424294,-7.203342915,1
527,1665,4.396951675,-7.130229473,1
527,1697,3.804812908,-6.638360023,1
527,1729,4.113078117,-5.919489861,1
527,1761,4.157087803,-7.34828949,1
527,1793,3.39683032,-6.364943027,1
527,1825,1.114614248,-4.036342144,1
527,1857,-0.9901095629,-2.596815109,1
527,1889,-1.018439054,-1.10585022,1
527,1921,-1.198428035,-1.557409525,1
527,1953,-1.193992496,-2.024362326,1
527,1985,0.002671122551,-2.922656298,1
527,2017,1.580359221,-2.403563976,1
559,33,7.703909397,5.362689495,1
559,65,7.210700989,6.680564404,1
559,97,6.912570477,6.646577835,1
559,129,7.008107185,6.794486523,1
559,161,7.412693024,7.071987152,1
559,193,6.82720089,7.175066948,1
559,225,NaN,NaN,2
559,257,6.281158924,12.1658144,1
559,289,6.40790081,13.09436989,1
559,321,NaN,NaN,2
559,353,NaN,NaN,2
559,385,10.20017052,11.62499714,1
559,417,9.57393837,10.11467838,1
559,449,9.298214912,9.78686142,1
559,481,7.961846352,11.04955864,1
559,513,10.65532684,10.95763874,1
559,545,12.39600468,12.36824608,1
559,577,10.5505352,13.12466717,1
559,609,11.54509735,14.16939068,1
559,641,13.06352711,14.6514101,1
559,673,15.00086498,14.24904346,1
559,705,17.92930984,14.10833263,1
559,737,20.48117828,14.04769516,1
559,769,23.08961105,15.2785635,1
559,801,25.08550835,17.02542686,1
559,833,NaN,NaN,2
559,865,NaN,NaN,2
559,897,NaN,NaN,2
559,929,NaN,NaN,2
559,961,NaN,NaN,2
559,993,NaN,NaN,2
559,1025,NaN,NaN,2
559,1057,NaN,NaN,2
559,1089,NaN,NaN,2
559,1121,22.35041618,1.350724697,1
559,1153,20.31414223,1.996497631,1
559,1185,NaN,NaN,2
559,1217,NaN,NaN,2
559,1249,NaN,NaN,2
559,1281,NaN,NaN,2
559,1313,NaN,NaN,2
559,1345,-2.809975624,-10.55091953,1
559,1377,NaN,NaN,2
559,1409,NaN,NaN,2
559,1441,NaN,NaN,2
559,1473,15.0124445,-6.059322834,1
559,1505,15.14976883,-6.010982513,1
559,1537,13.94025517,-5.448857307,1
559,1569,12.42009544,-5.726953983,1
559,1601,9.537509918,-5.833147526,1
559,1633,6.651497364,-6.1923666,1
559,1665,4.535120964,-7.103383541,1
559,1697,3.280098915,-7.17922163,1
559,1729,4.011031151,-6.543786526,1
559,1761,4.201181412,-6.122628212,1
559,1793,2.409310579,-4.849734783,1
559,1825,1.312885523,-3.055989027,1
559,1857,0.691668272,-2.450867653,1
559,1889,0.2478578687,-1.914612293,1
559,1921,-1.206323981,-2.321450472,1
559,1953,-1.169845104,-2.658746958,1
559,1985,-0.08353710175,-2.703681469,1
559,2017,1.17552352,-2.469028473,1
591,33,7.113921642,5.725575447,1
591,65,6.546256542,6.366223335,1
591,97,6.406873226,6.494432926,1
591,129,6.518280983,6.886842728,1
591,161,6.924817085,6.746071339,1
591,193,7.061908722,6.814733505,1
591,225,7.258789539,7.244211674,1
591,257,7.781405449,8.259847641,1
591,289,NaN,NaN,2
591,321,NaN,NaN,2
591,353,NaN,NaN,2
591,385,NaN,NaN,2
591,417,9.704175949,11.1825695,1
591,449,9.839654922,12.60679245,1
591,481,9.394723892,10.49873638,1
591,513,11.9785347,9.746787071,1
591,545,11.99264908,12.95510674,1
591,577,10.20809555,13.71936035,1
591,609,11.24177837,13.96316814,1
591,641,11.92634678,15.64282417,1
591,673,13.94877815,15.56697273,1
591,705,16.5576992,16.37171173,1
591,737,20.73690033,17.63606262,1
591,769,23.83720398,17.97971153,1
591,801,26.06761742,16.47706413,1
591,833,24.93613625,19.24415016,1
591,865,28.9396553,24.06860352,1
591,897,NaN,NaN,2
591,929,NaN,NaN,2
591,961,NaN,NaN,2
591,993,NaN,NaN,2
591,1025,29.31275558,7.00351572,1
591,1057,30.57557678,4.405092239,1
591,1089,30.9135704,1.652121544,1
591,1121,30.6777916,0.474760294,1
591,1153,NaN,NaN,2
591,1185,NaN,NaN,2
591,1217,20.26559448,0.9979684353,1
591,1249,NaN,NaN,2
591,1281,NaN,NaN,2
591,1313,-5.502963066,-9.912600517,1
591,1345,NaN,NaN,2
591,1377,NaN,NaN,2
591,1409,NaN,NaN,2
591,1441,14.28284836,-4.522726536,1
591,1473,16.58079338,-6.00779438,1
591,1505,16.70056152,-6.212765217,1
591,1537,13.76316071,-5.93115139,1
591,1569,11.70740891,-6.230792999,1
591,1601,9.219896317,-3.711348057,1
591,1633,6.88941288,-6.476217747,1
591,1665,4.68462801,-7.971746922,1
591,1697,3.006081104,-7.410908699,1
591,1729,3.100136995,-6.257731438,1
591,1761,3.091270685,-5.150115013,1
591,1793,1.195072412,-4.638156891,1
591,1825,1.671489358,-3.450275421,1
591,1857,1.396873951,-3.064195633,1
591,1889,0.8509491086,-2.5245924,1
591,1921,-0.2880605459,-2.87196064,1
591,1953,-0.7672989964,-2.83591032,1
591,1985,0.07257264853,-2.252333641,1
591,2017,0.9559721947,-3.259699106,1
623,33,6.099217415,5.360631466,1
623,65,6.285310268,6.261113644,1
623,97,6.263336182,6.733455181,1
623,129,6.382918358,6.861498833,1
623,161,6.629142284,7.124026299,1
623,193,NaN,NaN,2
623,225,5.311240673,7.626939297,1
623,257,7.877521038,7.35796833,1
623,289,9.123641014,8.158587456,1
623,321,10.36659145,8.85182476,1
623,353,NaN,NaN,2
623,385,NaN,NaN,2
623,417,8.897378922,11.87470627,1
623,449,NaN,NaN,2
623,481,10.81071186,11.4074173,1
623,513,11.95709705,10.55119038,1
623,545,8.843976974,10.77912235,1
623,577,8.420209885,11.56783581,1
623,609,11.98775291,14.39613533,1
623,641,13.22868824,16.76893806,1
623,673,13.63284588,18.23838806,1
623,705,15.66392708,18.42745781,1
623,737,17.59927559,19.91562462,1
623,769,20.84152603,21.42014694,1
623,801,24.41623306,20.55010223,1
623,833,25.87888336,20.45140457,1
623,865,29.73125839,22.03441238,1
623,897,NaN,NaN,2
623,929,NaN,NaN,2
623,961,28.05091476,11.97640228,1
623,993,29.80837631,10.82843971,1
623,1025,30.47437096,9.283326149,1
623,1057,31.73516655,7.325667858,1
623,1089,32.27025986,0.619966507,1
623,1121,30.61359406,0.09935927391,1
623,1153,29.4076004,0.4932487011,1
623,1185,28.02698898,0.9473478794,1
623,1217,NaN,NaN,2
623,1249,13.29861927,-3.680987597,1
623,1281,NaN,NaN,2
623,1313,0.338561058,0.3821668625,1
623,1345,NaN,NaN,2
623,1377,NaN,NaN,2
623,1409,12.56796551,0.2869586945,1
623,1441,NaN,NaN,2
623,1473,14.04333496,-3.888381958,1
623,1505,14.3390398,-6.703264713,1
623,1537,10.88164616,-6.947728634,1
623,1569,7.861869812,-6.397704601,1
623,1601,6.632433414,-7.775350094,1
623,1633,5.068523407,-7.664843559,1
623,1665,4.594394684,-7.715715408,1
623,1697,2.772485495,-7.257007599,1
623,1729,2.697820425,-6.481080055,1
623,1761,2.63684082,-5.98821497,1
623,1793,1.787879467,-5.242757797,1
623,1825,1.713805318,-3.807932854,1
623,1857,1.569128513,-3.594568014,1
623,1889,1.092877269,-2.954397202,1
623,1921,1.133796453,-3.084481955,1
623,1953,2.072312593,-3.461024046,1
623,1985,1.099654436,-3.420581341,1
623,2017,0.4162479639,-3.749597311,1
655,33,5.57798481,4.785475254,1
655,65,6.256822586,6.234794617,1
655,97,6.450716019,7.005435944,1
655,129,6.597607613,6.802475452,1
655,161,6.543130875,7.072169781,1
655,193,6.572267532,8.079204559,1
655,225,7.180163383,7.496892452,1
655,257,8.270843506,7.707774162,1
655,289,9.584695816,7.881975174,1
655,321,NaN,NaN,2
655,353,NaN,NaN,2
655,385,9.903565407,10.72917366,1
655,417,9.730657578,11.587183,1
655,449,10.13427067,12.69862556,1
655,481,10.27906036,12.67926884,1
655,513,10.17655849,12.28820705,1
655,545,10.81186581,11.30337429,1
655,577,11.88156033,13.63696671,1
655,609,12.46459198,15.29129982,1
655,641,13.12798595,16.10776138,1
655,673,13.8033762,18.01016045,1
655,705,14.68619347,18.60132217,1
655,737,16.51115799,19.84420204,1
655,769,20.42837334,18.36002541,1
655,801,22.50308418,18.82275391,1
655,833,NaN,NaN,2
655,865,NaN,NaN,2
655,897,NaN,NaN,2
655,929,NaN,NaN,2
655,961,NaN,NaN,2
655,993,29.81748772,12.81835651,1
655,1025,NaN,NaN,2
655,1057,NaN,NaN,2
655,1089,NaN,NaN,2
655,1121,NaN,NaN,2
655,1153,NaN,NaN,2
655,1185,NaN,NaN,2
655,1217,14.77434158,-6.636377335,1
655,1249,15.35310459,-6.247045517,1
655,1281,NaN,NaN,2
655,1313,NaN,NaN,2
655,1345,-0.4970798492,-4.8116889,1
655,1377,1.212493896,-7.070827007,1
655,1409,NaN,NaN,2
655,1441,NaN,NaN,2
655,1473,NaN,NaN,2
655,1505,12.47463226,-6.601038933,1
655,1537,11.24277496,-7.568300247,1
655,1569,7.536686897,-9.210725784,1
655,1601,3.949698925,-9.159487724,1
655,1633,2.389062643,-8.423883438,1
655,1665,2.716030836,-6.730930328,1
655,1697,2.702403545,-7.115119934,1
655,1729,1.204822302,-7.698244572,1
655,1761,2.524965525,-7.170578957,1
655,1793,2.471213579,-6.509940147,1
655,1825,1.863530397,-3.820334435,1
655,1857,1.803874969,-3.674045563,1
655,1889,1.658530354,-3.335626602,1
655,1921,0.6353664398,-3.893032074,1
655,1953,-0.2347828746,-3.868784428,1
655,1985,1.583577394,-4.52352047,1
655,2017,0.4277040958,-3.705900192,1
687,33,5.413639545,5.462359428,1
687,65,6.109337807,5.046921253,1
687,97,6.380869865,6.141405582,1
687,129,6.404776096,6.306397915,1
687,161,6.841810226,6.463848591,1
687,193,8.136906624,6.967917442,1
687,225,7.763527393,8.419492722,1
687,257,8.783283234,9.475893021,1
687,289,10.49536514,9.958428383,1
687,321,NaN,NaN,2
687,353,10.24141788,11.50036526,1
687,385,10.49144077,11.84841442,1
687,417,10.31632996,12.33399582,1
687,449,9.888208389,13.02349281,1
687,481,9.68491745,13.15548706,1
687,513,9.308524132,13.73255444,1
687,545,10.06639767,13.77377605,1
687,577,11.03982258,14.99638748,1
687,609,12.10902119,15.88747311,1
687,641,12.88782883,15.68734932,1
687,673,12.96915531,16.57588005,1
687,705,13.47639084,18.10218048,1
687,737,15.30956745,19.71683311,1
687,769,16.36748314,18.48108482,1
687,801,16.25048065,16.5854435,1
687,833,21.19896317,16.52456665,1
687,865,NaN,NaN,2
687,897,NaN,NaN,2
687,929,NaN,NaN,2
687,961,NaN,NaN,2
687,993,NaN,NaN,2
687,1025,32.5427475,5.109700203,1
687,1057,NaN,NaN,2
687,1089,NaN,NaN,2
687,1121,NaN,NaN,2
687,1153,NaN,NaN,2
687,1185,14.80428505,0.8902320266,1
687,1217,13.97042942,-5.20394516,1
687,1249,NaN,NaN,2
687,1281,NaN,NaN,2
687,1313,NaN,NaN,2
687,1345,NaN,NaN,2
687,1377,NaN,NaN,2
687,1409,13.09243298,-3.900010586,1
687,1441,15.17940426,-5.551045895,1
687,1473,NaN,NaN,2
687,1505,12.70831299,-6.611876011,1
687,1537,11.05396461,-8.27205658,1
687,1569,6.725812912,-10.05318928,1
687,1601,2.799866676,-9.230131149,1
687,1633,1.058584929,-7.891342163,1
687,1665,1.518672705,-6.83003664,1
687,1697,2.238699913,-7.061672211,1
687,1729,2.248019457,-7.471705914,1
687,1761,3.377131939,-7.920347691,1
687,1793,2.933846712,-7.03085947,1
687,1825,1.753585458,-5.425548553,1
687,1857,1.735363245,-4.809108257,1
687,1889,1.8406142,-4.636282921,1
687,1921,0.05484551191,-4.967295647,1
687,1953,-0.3930103183,-4.35051918,1
687,1985,NaN,NaN,2
687,2017,3.89643836,-4.234166145,1
719,33,5.217247009,6.319250107,1
719,65,6.097695827,3.698747158,1
719,97,7.033129215,4.550217628,1
719,129,5.909221649,5.077690601,1
719,161,6.347628117,4.670415878,1
719,193,7.058196068,5.855461597,1
719,225,7.481031418,8.494167328,1
719,257,7.973023415,10.36761475,1
719,289,9.481866837,10.77042866,1
719,321,9.550197601,12.13790607,1
719,353,9.873249054,11.95107555,1
719,385,11.10050583,12.25349998,1
719,417,10.66351986,12.57870483,1
719,449,8.66847229,12.96632767,1
719,481,8.25409317,12.97551823,1
719,513,9.483269691,12.88487244,1
719,545,8.833450317,14.1542778,1
719,577,9.584575653,15.17122078,1
719,609,11.17154694,16.17849731,1
719,641,12.27709007,15.68092728,1
719,673,12.29359436,15.18356133,1
719,705,12.46997356,15.92058182,1
719,737,13.0218792,15.64295578,1
719,769,14.74168301,18.53605461,1
719,801,15.3872757,17.45207596,1
719,833,17.57722282,15.72272491,1
719,865,21.53311157,16.72136116,1
719,897,23.6694603,15.51525307,1
719,929,26.08997726,13.36218452,1
719,961,NaN,NaN,2
719,993,NaN,NaN,2
719,1025,NaN,NaN,2
719,1057,28.56401253,6.436690331,1
719,1089,27.15687561,4.079440594,1
719,1121,NaN,NaN,2
719,1153,NaN,NaN,2
719,1185,16.62215805,0.406755805,1
719,1217,12.69943619,-1.28851068,1
719,1249,NaN,NaN,2
719,1281,NaN,NaN,2
719,1313,6.609409332,-4.622466564,1
719,1345,NaN,NaN,2
719,1377,NaN,NaN,2
719,1409,NaN,NaN,2
719,1441,10.65942097,-7.564287663,1
719,1473,NaN,NaN,2
719,1505,13.13918114,-6.463155746,1
719,1537,8.10014534,-9.419325829,1
719,1569,4.705899715,-10.7927494,1
719,1601,1.937160969,-9.150385857,1
719,1633,0.7215585709,-6.54294014,1
719,1665,3.139052629,-6.877636909,1
719,1697,4.145225525,-6.384579182,1
719,1729,2.352907181,-6.641150951,1
719,1761,2.146966457,-9.099731445,1
719,1793,1.851385713,-9.398046494,1
719,1825,0.3307948112,-7.807237625,1
719,1857,0.7340561152,-6.766174793,1
719,1889,1.539735317,-6.533080578,1
719,1921,0.002049684525,-6.32036972,1
719,1953,-0.8347041607,-5.305640697,1
719,1985,2.480646849,-7.268858433,1
719,2017,3.656588078,-5.534596443,1
751,33,4.492211342,6.812502861,1
751,65,6.835735798,4.110732079,1
751,97,8.17719841,4.027223587,1
751,129,7.193132877,4.233188152,1
751,161,5.976196289,4.959311962,1
751,193,6.355341911,6.449302673,1
751,225,6.787129879,7.6360116,1
751,257,5.588334084,9.117182732,1
751,289,NaN,NaN,2
751,321,8.608358383,13.18103409,1
751,353,9.014118195,11.85895729,1
751,385,9.488037109,12.01579762,1
751,417,9.474456787,12.3468771,1
751,449,8.656599998,12.55389595,1
751,481,7.659858704,12.80103493,1
751,513,9.453040123,12.40901661,1
751,545,9.020701408,14.23162746,1
751,577,9.276265144,15.23923111,1
751,609,9.692886353,15.86828423,1
751,641,10.69441986,15.66870117,1
751,673,11.73502636,14.80068588,1
751,705,12.22198963,14.09721851,1
751,737,13.78143978,15.114851,1
751,769,16.9992218,18.24098396,1
751,801,17.13128853,19.21328735,1
751,833,17.06665611,14.03587914,1
751,865,18.11271858,14.80738068,1
751,897,19.75107193,17.67205429,1
751,929,19.0787487,15.68518829,1
751,961,NaN,NaN,2
751,993,NaN,NaN,2
751,1025,NaN,NaN,2
751,1057,NaN,NaN,2
751,1089,28.66876793,4.188095093,1
751,1121,27.46973228,2.382706881,1
751,1153,23.16907692,1.533188224,1
751,1185,17.09332275,0.2899662256,1
751,1217,15.22176361,-1.287095785,1
751,1249,NaN,NaN,2
751,1281,NaN,NaN,2
751,1313,NaN,NaN,2
751,1345,8.040681839,-5.091504097,1
751,1377,NaN,NaN,2
751,1409,NaN,NaN,2
751,1441,10.56129074,-8.748128891,1
751,1473,10.50607204,-8.392230988,1
751,1505,8.171162605,-8.372442245,1
751,1537,4.916258812,-9.174633026,1
751,1569,3.134134293,-10.09481812,1
751,1601,1.734201908,-9.323857307,1
751,1633,1.213316679,-9.091875076,1
751,1665,1.714756846,-8.478692055,1
751,1697,2.198129177,-8.402083397,1
751,1729,1.445986986,-8.659272194,1
751,1761,1.491285324,-9.976781845,1
751,1793,2.478653431,-9.831616402,1
751,1825,1.086837053,-8.350839615,1
751,1857,0.6434216499,-7.710242748,1
751,1889,0.4245319963,-7.41390276,1
751,1921,-0.5040995479,-7.228822708,1
751,1953,-1.084999442,-6.949840546,1
751,1985,0.2983154655,-6.552744865,1
751,2017,0.3478653431,-6.365814209,1
783,33,3.579505444,6.650688648,1
783,65,6.075615883,3.496613503,1
783,97,7.479908943,3.83168745,1
783,129,8.766673088,4.575497627,1
783,161,7.555080414,5.913167,1
783,193,8.323127747,6.838918209,1
783,225,7.818778038,7.424170971,1
783,257,7.0896945,8.152505875,1
783,289,9.132009506,11.33665466,1
783,321,7.772341728,12.86053085,1
783,353,7.603292942,12.32335281,1
783,385,9.573051453,11.07680321,1
783,417,8.119668961,9.791455269,1
783,449,7.638223648,8.610226631,1
783,481,9.227604866,10.80149174,1
783,513,8.686632156,13.2519989,1
783,545,9.744153976,15.0012846,1
783,577,9.354704857,14.64120579,1
783,609,9.093266487,14.89500427,1
783,641,10.0424099,15.54811859,1
783,673,10.93226433,15.47001648,1
783,705,11.62967682,14.47658348,1
783,737,13.26217461,15.23347378,1
783,769,16.03006935,17.90162468,1
783,801,16.89801407,18.73104286,1
783,833,17.17420769,16.02785301,1
783,865,20.24830437,20.43894768,1
783,897,20.00511742,20.05628014,1
783,929,NaN,NaN,2
783,961,NaN,NaN,2
783,993,NaN,NaN,2
783,1025,NaN,NaN,2
783,1057,21.21863747,14.40585136,1
783,1089,24.679142,6.063630104,1
783,1121,26.52196884,3.954713821,1
783,1153,NaN,NaN,2
783,1185,16.02645111,0.5880497694,1
783,1217,NaN,NaN,2
783,1249,NaN,NaN,2
783,1281,NaN,NaN,2
783,1313,NaN,NaN,2
783,1345,NaN,NaN,2
783,1377,NaN,NaN,2
783,1409,NaN,NaN,2
783,1441,10.79579163,-8.858955383,1
783,1473,10.90810394,-8.462810516,1
783,1505,6.931246758,-9.42927742,1
783,1537,3.207157135,-9.486036301,1
783,1569,1.717305183,-9.213689804,1
783,1601,0.9436250925,-9.774822235,1
783,1633,0.2403551936,-10.05465889,1
783,1665,0.2908649445,-9.917246819,1
783,1697,1.250502229,-9.64034462,1
783,1729,1.520342946,-10.36960411,1
783,1761,1.896130323,-11.73918438,1
783,1793,2.785555363,-8.750748634,1
783,1825,2.054325104,-7.974198341,1
783,1857,0.2804147601,-7.780009747,1
783,1889,-0.2127954364,-7.399185658,1
783,1921,-0.4996419549,-6.800404072,1
783,1953,-0.9315071702,-6.474137306,1
783,1985,-0.573106885,-6.277957916,1
783,2017,-0.8005160093,-6.672553539,1
815,33,3.025898457,6.127885818,1
815,65,6.150397778,3.702806473,1
815,97,7.909932613,4.036022186,1
815,129,8.363828659,6.269796848,1
815,161,8.703899384,7.461601734,1
815,193,9.597658157,7.119992733,1
815,225,9.310728073,6.692988396,1
815,257,6.854427814,7.610704422,1
815,289,6.773467541,10.31547165,1
815,321,6.677616119,10.77249908,1
815,353,7.433479309,10.39783382,1
815,385,9.224588394,10.24834156,1
815,417,8.676427841,9.931728363,1
815,449,9.509701729,10.60603905,1
815,481,NaN,NaN,2
815,513,12.90765572,14.4053421,1
815,545,10.16768169,13.08559608,1
815,577,9.419565201,14.07304287,1
815,609,9.253321648,14.99251556,1
815,641,9.329558372,15.73658276,1
815,673,8.784571648,15.03930378,1
815,705,10.54048157,14.17694569,1
815,737,11.4907856,14.30231857,1
815,769,12.20974445,16.63580894,1
815,801,13.00920296,17.81983376,1
815,833,14.06102657,20.11968803,1
815,865,18.29125977,22.47981834,1
815,897,18.88135147,22.93846893,1
815,929,16.32323837,20.73930931,1
815,961,14.15250587,18.08420944,1
815,993,NaN,NaN,2
815,1025,NaN,NaN,2
815,1057,16.93983078,12.49802971,1
815,1089,17.84393311,8.354381561,1
815,1121,17.27874565,1.796631336,1
815,1153,18.05117989,1.81542182,1
815,1185,15.31169605,0.408716321,1
815,1217,NaN,NaN,2
815,1249,NaN,NaN,2
815,1281,NaN,NaN,2
815,1313,NaN,NaN,2
815,1345,NaN,NaN,2
815,1377,NaN,NaN,2
815,1409,13.59579468,-11.37017441,1
815,1441,13.53483963,-11.25115871,1
815,1473,9.82156086,-11.58968925,1
815,1505,4.506674767,-12.84655762,1
815,1537,0.3375449181,-11.5353899,1
815,1569,-0.2144639492,-9.40974617,1
815,1601,0.4490285814,-10.68675041,1
815,1633,-0.03578364849,-11.02347565,1
815,1665,0.2074037492,-10.18984318,1
815,1697,0.5206472874,-9.779683113,1
815,1729,0.4300704896,-10.17110634,1
815,1761,0.6455702782,-9.318645477,1
815,1793,0.8291078806,-9.938766479,1
815,1825,-0.7997721434,-10.53351879,1
815,1857,-0.4407640994,-8.201184273,1
815,1889,-0.7704004049,-7.367098331,1
815,1921,-0.7139283419,-7.00963068,1
815,1953,-0.7047599554,-6.548070908,1
815,1985,-1.384940505,-6.636054516,1
815,2017,-2.321640491,-7.262937546,1
847,33,2.269661188,5.376598358,1
847,65,5.55640173,5.747509003,1
847,97,5.834443092,6.527688503,1
847,129,6.581410885,7.414763927,1
847,161,8.395967484,7.363890648,1
847,193,8.886358261,6.739452362,1
847,225,9.069889069,5.923346519,1
847,257,5.454582691,7.000096321,1
847,289,5.59103775,9.141177177,1
847,321,6.018864155,9.656593323,1
847,353,6.914205551,9.606884003,1
847,385,7.140608788,10.35831547,1
847,417,5.215028286,11.13922405,1
847,449,9.160362244,12.02143192,1
847,481,11.04615021,12.47426319,1
847,513,10.40359592,12.00896168,1
847,545,9.486125946,11.52794361,1
847,577,9.15737915,13.44292641,1
847,609,9.630125999,15.33756161,1
847,641,8.699795723,16.60196304,1
847,673,7.726909637,15.48351765,1
847,705,9.164875031,14.76253319,1
847,737,10.50786686,16.22440529,1
847,769,10.51329803,18.27927399,1
847,801,9.796268463,18.87460136,1
847,833,NaN,NaN,2
847,865,13.62966347,21.35320854,1
847,897,14.53020763,25.02693939,1
847,929,14.77821732,24.19997978,1
847,961,14.14490891,20.28446579,1
847,993,13.63590431,21.26195526,1
847,1025,13.50724792,20.6240387,1
847,1057,13.90679359,15.4989233,1
847,1089,14.75797462,9.29993248,1
847,1121,NaN,NaN,2
847,1153,15.64035416,1.134833932,1
847,1185,13.87046051,-1.183854103,1
847,1217,11.32635593,-3.152671099,1
847,1249,NaN,NaN,2
847,1281,NaN,NaN,2
847,1313,NaN,NaN,2
847,1345,NaN,NaN,2
847,1377,NaN,NaN,2
847,1409,9.929146767,-12.38592148,1
847,1441,11.6716671,-15.81780434,1
847,1473,5.34109211,-18.09989357,1
847,1505,NaN,NaN,2
847,1537,0.8050034046,-14.46660995,1
847,1569,-0.01022589207,-12.26358223,1
847,1601,-0.269402504,-11.68789864,1
847,1633,0.1515094042,-11.54814816,1
847,1665,-0.005658686161,-10.53426075,1
847,1697,-0.09720224142,-10.29327297,1
847,1729,-1.499887705,-10.22013474,1
847,1761,0.03499102592,-10.31934738,1
847,1793,0.009416699409,-10.43588257,1
847,1825,-2.038909912,-9.570019722,1
847,1857,-1.904512405,-8.55420208,1
847,1889,-1.398149848,-7.020060062,1
847,1921,-1.195812225,-6.732705116,1
847,1953,-0.5572919846,-6.968273163,1
847,1985,-0.9986335039,-7.191886902,1
847,2017,-2.22610116,-8.203856468,1
879,33,1.041692972,4.869531155,1
879,65,2.580883741,6.488454342,1
879,97,4.169484138,7.921986103,1
879,129,4.249684334,7.50650835,1
879,161,7.315997601,6.318506241,1
879,193,8.346936226,5.992522717,1
879,225,8.103862762,5.848696709,1
879,257,5.976460934,7.069250107,1
879,289,5.528618336,8.906323433,1
879,321,5.929071426,11.65684509,1
879,353,6.279785156,11.65597916,1
879,385,5.048889637,10.34572411,1
879,417,6.932279587,11.62061787,1
879,449,7.973069191,12.42809963,1
879,481,8.522695541,13.4319973,1
879,513,8.527622223,11.95263767,1
879,545,9.211325645,12.76476192,1
879,577,10.39044189,13.73971939,1
879,609,10.40983391,14.91953945,1
879,641,9.588973999,16.39753342,1
879,673,8.109711647,16.70944595,1
879,705,8.166560173,16.56930161,1
879,737,8.654965401,17.95940399,1
879,769,9.173886299,19.38073921,1
879,801,9.804047585,19.82961464,1
879,833,10.91256142,19.78069305,1
879,865,NaN,NaN,2
879,897,9.40933609,28.23207092,1
879,929,11.91293335,27.70279503,1
879,961,13.11440468,21.51861954,1
879,993,14.13405991,23.6263752,1
879,1025,13.04065609,23.3589077,1
879,1057,13.30238342,16.67544746,1
879,1089,NaN,NaN,2
879,1121,NaN,NaN,2
879,1153,12.73616314,0.8222516179,1
879,1185,11.13830948,-1.949601412,1
879,1217,8.552004814,-6.655751228,1
879,1249,NaN,NaN,2
879,1281,5.014439583,-14.34829807,1
879,1313,NaN,NaN,2
879,1345,NaN,NaN,2
879,1377,-0.5163596869,-16.5693779,1
879,1409,0.3707339764,-16.18878174,1
879,1441,0.6534078121,-19.1782856,1
879,1473,0.6905558109,-23.02554512,1
879,1505,0.9381201267,-20.58250237,1
879,1537,-0.1934878826,-16.05859756,1
879,1569,-0.7540407181,-14.00466442,1
879,1601,-1.202774882,-13.01931,1
879,1633,-2.169135571,-12.61948204,1
879,1665,-2.520110607,-10.53723335,1
879,1697,-2.504528284,-11.14585781,1
879,1729,-1.35006988,-11.66202736,1
879,1761,-0.4294857979,-11.36105347,1
879,1793,-0.09752178192,-10.83258438,1
879,1825,-1.457642555,-9.386295319,1
879,1857,-3.044238567,-8.738149643,1
879,1889,-3.308594704,-8.435667992,1
879,1921,-3.869316101,-8.54535675,1
879,1953,0.1753724813,-6.638454914,1
879,1985,-1.347443223,-6.411846161,1
879,2017,-1.084962845,-8.609319687,1
911,33,3.017492294,4.723427296,1
911,65,1.424384594,7.508194447,1
911,97,1.718430519,8.602249146,1
911,129,2.760473013,7.778670788,1
911,161,5.162475586,5.795764923,1
911,193,6.775875568,4.899178028,1
911,225,5.671212196,6.116278648,1
911,257,5.025500298,7.301270962,1
911,289,5.337988377,9.055945396,1
911,321,5.440915585,11.64119911,1
911,353,5.783350468,12.19126797,1
911,385,5.525794029,10.56527901,1
911,417,8.682857513,11.66158676,1
911,449,9.621956825,12.12117767,1
911,481,NaN,NaN,2
911,513,7.357298374,11.49250793,1
911,545,8.207653046,12.79146385,1
911,577,8.89298439,13.86532402,1
911,609,8.369702339,14.82823658,1
911,641,9.108011246,15.3716259,1
911,673,7.502840996,15.74726486,1
911,705,6.887594223,17.55022812,1
911,737,6.781300545,19.57530212,1
911,769,8.425999641,19.38814354,1
911,801,9.188925743,20.10732651,1
911,833,7.836425781,19.50780678,1
911,865,NaN,NaN,2
911,897,NaN,NaN,2
911,929,NaN,NaN,2
911,961,15.29498291,22.47167015,1
911,993,13.30292892,25.46479034,1
911,1025,12.75735188,23.56007767,1
911,1057,11.11729336,10.42720985,1
911,1089,NaN,NaN,2
911,1121,NaN,NaN,2
911,1153,NaN,NaN,2
911,1185,NaN,NaN,2
911,1217,6.238464355,-5.399161339,1
911,1249,4.549273014,-11.66416168,1
911,1281,2.96598959,-16.76994705,1
911,1313,1.957076073,-19.65386963,1
911,1345,NaN,NaN,2
911,1377,NaN,NaN,2
911,1409,-3.548912287,-20.66378403,1
911,1441,-5.098250389,-23.57924271,1
911,1473,-4.254089355,-24.86410332,1
911,1505,-1.216195345,-21.98564148,1
911,1537,-0.7329580784,-16.63106918,1
911,1569,-1.851395607,-15.32645988,1
911,1601,-2.975975037,-14.6643486,1
911,1633,-2.751449585,-13.96310139,1
911,1665,-3.102077961,-13.66300392,1
911,1697,-4.270133018,-12.91194057,1
911,1729,-1.915723324,-15.28064346,1
911,1761,-0.5502877235,-14.95672703,1
911,1793,0.001989364624,-11.92050934,1
911,1825,-0.8105158806,-10.69807148,1
911,1857,-2.437178135,-10.01107883,1
911,1889,-2.329899311,-9.547963142,1
911,1921,-1.245886803,-9.151437759,1
911,1953,-1.675696135,-6.532453537,1
911,1985,-2.047940016,-7.721344948,1
911,2017,-0.5080872774,-8.707865715,1
943,33,4.322916985,4.339607716,1
943,65,2.291184902,7.910688877,1
943,97,1.371479988,8.429053307,1
943,129,2.070508003,7.932200432,1
943,161,3.643139362,5.848034859,1
943,193,6.469114304,5.119626999,1
943,225,5.245318413,5.80656004,1
943,257,2.612577438,6.696171761,1
943,289,4.184070587,8.226091385,1
943,321,5.061403751,9.201087952,1
943,353,5.604358196,9.601262093,1
943,385,5.88277483,10.71704769,1
943,417,5.443446636,11.7411375,1
943,449,5.343605042,12.67354679,1
943,481,5.645523548,12.68483257,1
943,513,5.849922657,11.70735359,1
943,545,6.201881409,12.7301712,1
943,577,6.632000446,13.57956982,1
943,609,6.329570293,14.4462719,1
943,641,5.768612862,15.37545586,1
943,673,5.80616045,16.38004112,1
943,705,5.828896523,17.0647831,1
943,737,6.275128841,18.79837608,1
943,769,7.124969959,19.24378204,1
943,801,11.05691814,19.5841217,1
943,833,NaN,NaN,2
943,865,NaN,NaN,2
943,897,6.052166939,29.56692696,1
943,929,NaN,NaN,2
943,961,NaN,NaN,2
943,993,NaN,NaN,2
943,1025,9.658387184,21.79597855,1
943,1057,9.605489731,12.23719501,1
943,1089,7.979110718,7.398375034,1
943,1121,NaN,NaN,2
943,1153,NaN,NaN,2
943,1185,-1.530896664,0.03663372993,1
943,1217,-1.761875629,-10.25756359,1
943,1249,1.823545218,-10.47848034,1
943,1281,NaN,NaN,2
943,1313,3.480791807,-18.71588707,1
943,1345,-3.473840237,-21.32354927,1
943,1377,NaN,NaN,2
943,1409,NaN,NaN,2
943,1441,-9.085354805,-24.4066143,1
943,1473,-7.293618679,-24.45366096,1
943,1505,-3.071092844,-24.48851585,1
943,1537,-0.3207192421,-21.23218346,1
943,1569,-2.980222702,-16.61438179,1
943,1601,-3.616973162,-16.31507301,1
943,1633,-3.552138805,-14.99023056,1
943,1665,-4.605754852,-15.91106701,1
943,1697,-4.786664963,-14.68343067,1
943,1729,-4.595704079,-14.19582653,1
943,1761,-4.305991173,-16.0371666,1
943,1793,-3.445876598,-13.18638134,1
943,1825,-3.351204395,-10.66496468,1
943,1857,-3.026161671,-9.756454468,1
943,1889,-2.887738943,-9.661097527,1
943,1921,-2.286984921,-8.973384857,1
943,1953,-1.38459444,-9.204257965,1
943,1985,-1.325361729,-9.552711487,1
943,2017,0.6312634945,-8.937198639,1
975,33,4.8718853,4.159330368,1
975,65,1.879062653,5.412377357,1
975,97,1.740581036,6.097016811,1
975,129,3.300987959,6.801075935,1
975,161,3.540647507,6.330258846,1
975,193,3.866305351,6.213687897,1
975,225,NaN,NaN,2
975,257,NaN,NaN,2
975,289,3.829759836,7.476868629,1
975,321,4.877017975,8.548636436,1
975,353,5.873616695,9.522257805,1
975,385,6.002816677,10.75185013,1
975,417,4.614278316,11.76465797,1
975,449,3.646708012,12.46825314,1
975,481,4.488480091,12.66283131,1
975,513,3.859550953,12.62021923,1
975,545,4.719952583,13.14140511,1
975,577,7.060479164,13.41982079,1
975,609,6.287324905,13.83893394,1
975,641,5.064116478,16.8758297,1
975,673,4.647789955,16.7116127,1
975,705,4.837161064,17.8417778,1
975,737,5.615476131,19.27764511,1
975,769,NaN,NaN,2
975,801,11.30475616,19.3872509,1
975,833,11.21949005,19.60337448,1
975,865,NaN,NaN,2
975,897,1.734050751,21.01032257,1
975,929,3.552057743,23.35634995,1
975,961,6.200757027,24.5966053,1
975,993,5.639068604,26.64374352,1
975,1025,6.682785511,19.20256805,1
975,1057,5.78973484,11.39096832,1
975,1089,2.084972382,5.764441967,1
975,1121,NaN,NaN,2
975,1153,NaN,NaN,2
975,1185,NaN,NaN,2
975,1217,0.2259893417,-12.85912609,1
975,1249,NaN,NaN,2
975,1281,-1.317334533,-17.04898262,1
975,1313,-2.894962311,-19.73386765,1
975,1345,-3.981532574,-20.70302963,1
975,1377,-4.742809296,-22.56104279,1
975,1409,NaN,NaN,2
975,1441,-8.708676338,-23.87812996,1
975,1473,-8.47142601,-23.12337685,1
975,1505,-7.956951618,-23.53333092,1
975,1537,NaN,NaN,2
975,1569,-4.382758141,-19.17316818,1
975,1601,-4.631872177,-17.83247948,1
975,1633,-5.103011608,-15.95315647,1
975,1665,-5.577361584,-16.77594376,1
975,1697,-5.637218952,-14.72054672,1
975,1729,-5.792019367,-12.64451694,1
975,1761,-5.756012917,-12.25556374,1
975,1793,-4.109355927,-13.66004276,1
975,1825,-3.814602137,-11.52020359,1
975,1857,-3.337026596,-10.50464153,1
975,1889,-3.222915173,-10.32224464,1
975,1921,-3.274496555,-9.759484291,1
975,1953,-2.182163239,-10.05911446,1
975,1985,-0.7993525267,-9.766765594,1
975,2017,1.62480402,-9.680413246,1
1007,33,4.274345398,3.775005817,1
1007,65,3.72727561,5.419008732,1
1007,97,3.977185249,6.55632019,1
1007,129,3.942323923,6.670011044,1
1007,161,3.281602383,6.63223505,1
1007,193,3.10089612,6.061404705,1
1007,225,2.247788191,5.103504658,1
1007,257,2.179768324,4.888952732,1
1007,289,2.51945734,6.044672966,1
1007,321,3.872706175,7.816898346,1
1007,353,4.599026203,10.12966537,1
1007,385,5.281797409,10.95463848,1
1007,417,5.404524803,11.63935566,1
1007,449,5.172532558,11.88896465,1
1007,481,4.275958538,11.95498943,1
1007,513,3.692851543,12.46467113,1
1007,545,3.962547302,13.30594444,1
1007,577,4.890854359,13.22585964,1
1007,609,4.972508907,13.7142725,1
1007,641,4.746506214,15.66159916,1
1007,673,3.944372416,16.5468235,1
1007,705,4.070287704,18.40851784,1
1007,737,4.236373425,20.19225121,1
1007,769,4.271413803,21.124506,1
1007,801,4.920060635,19.12573242,1
1007,833,NaN,NaN,2
1007,865,NaN,NaN,2
1007,897,NaN,NaN,2
1007,929,NaN,NaN,2
1007,961,4.603555679,23.20882988,1
1007,993,NaN,NaN,2
1007,1025,3.829558372,18.77791023,1
1007,1057,4.708436489,12.72158432,1
1007,1089,-2.470262289,6.913668633,1
1007,1121,-3.392785072,0.7966828346,1
1007,1153,-3.060460091,1.329046726,1
1007,1185,-0.1582820415,0.09850433469,1
1007,1217,NaN,NaN,2
1007,1249,NaN,NaN,2
1007,1281,NaN,NaN,2
1007,1313,-4.12310791,-18.22184563,1
1007,1345,-4.509908676,-19.42688942,1
1007,1377,-4.503107071,-20.89333344,1
1007,1409,-4.620761871,-21.27634048,1
1007,1441,-7.600708485,-23.20326042,1
1007,1473,-7.180760384,-23.13641167,1
1007,1505,-5.102216244,-25.86633873,1
1007,1537,-5.823492527,-25.01039886,1
1007,1569,-6.570874214,-20.93262482,1
1007,1601,-9.679409027,-19.7100811,1
1007,1633,NaN,NaN,2
1007,1665,NaN,NaN,2
1007,1697,-5.436731339,-10.57236195,1
1007,1729,-5.225404739,-11.39885139,1
1007,1761,-5.01749897,-12.10927582,1
1007,1793,-4.330277443,-13.02630043,1
1007,1825,-3.46620059,-14.00728798,1
1007,1857,-2.981677055,-12.01583862,1
1007,1889,-0.7385184765,-10.98516178,1
1007,1921,-0.5120449066,-10.72952175,1
1007,1953,-0.2531526089,-10.6453495,1
1007,1985,-0.7358043194,-9.953175545,1
1007,2017,0.4103354812,-10.74486446,1
1039,33,1.086839437,3.133535862,1
1039,65,4.064365387,5.180571079,1
1039,97,4.416069984,6.488019943,1
1039,129,4.067417145,6.757357121,1
1039,161,2.870023966,6.044059753,1
1039,193,3.026587725,5.134036541,1
1039,225,1.719399452,6.259074688,1
1039,257,0.9667854309,5.022908688,1
1039,289,1.864593506,5.700554371,1
1039,321,3.239447832,7.163101196,1
1039,353,3.345632792,10.1907444,1
1039,385,3.560317039,11.74735451,1
1039,417,4.82300806,11.36511421,1
1039,449,5.246714115,11.01985264,1
1039,481,3.809065342,9.940167427,1
1039,513,2.75049901,11.19223785,1
1039,545,2.794518471,12.67641926,1
1039,577,2.278143883,13.21436977,1
1039,609,1.935180187,13.87164974,1
1039,641,2.52682066,14.44622993,1
1039,673,2.277795792,15.3539753,1
1039,705,2.025152445,17.53277016,1
1039,737,2.22973156,19.11085129,1
1039,769,2.116633892,20.03688431,1
1039,801,2.809994221,21.62991714,1
1039,833,2.749291897,24.41962242,1
1039,865,NaN,NaN,2
1039,897,NaN,NaN,2
1039,929,NaN,NaN,2
1039,961,NaN,NaN,2
1039,993,NaN,NaN,2
1039,1025,NaN,NaN,2
1039,1057,-2.94591856,11.95055485,1
1039,1089,-1.67831707,7.862784863,1
1039,1121,-3.043773174,5.26271534,1
1039,1153,-4.229846954,3.221582413,1
1039,1185,NaN,NaN,2
1039,1217,NaN,NaN,2
1039,1249,-0.2564592361,-0.1308474541,1
1039,1281,-1.134822369,-0.9993276596,1
1039,1313,-3.188942909,-14.09896851,1
1039,1345,-3.921518803,-16.52558517,1
1039,1377,-4.579004288,-19.31176186,1
1039,1409,-5.082286358,-20.31086731,1
1039,1441,-5.814001083,-22.56005478,1
1039,1473,-5.878295898,-24.39857674,1
1039,1505,-7.292243958,-28.62524605,1
1039,1537,NaN,NaN,2
1039,1569,-10.35546303,-17.68053246,1
1039,1601,-12.17888546,-18.67830658,1
1039,1633,NaN,NaN,2
1039,1665,-3.665077209,-11.28581333,1
1039,1697,-3.74219799,-10.32088184,1
1039,1729,-5.244634151,-11.73925972,1
1039,1761,-4.84574604,-12.22848415,1
1039,1793,-4.357176304,-13.18357086,1
1039,1825,-1.697607756,-15.07322025,1
1039,1857,NaN,NaN,2
1039,1889,1.767543316,-12.28148842,1
1039,1921,0.4435760975,-11.75784779,1
1039,1953,1.537612438,-12.04111767,1
1039,1985,NaN,NaN,2
1039,2017,-0.9119455814,-11.23425961,1
1071,33,0.1765987873,2.406263351,1
1071,65,3.266751528,3.766465664,1
1071,97,4.140725613,6.248600483,1
1071,129,4.521439552,6.988632679,1
1071,161,4.326416969,5.131371498,1
1071,193,NaN,NaN,2
1071,225,1.454285145,6.682384491,1
1071,257,-0.2274777889,5.505036354,1
1071,289,0.8799318075,6.869406223,1
1071,321,2.120670557,6.770060539,1
1071,353,2.520293713,9.536250114,1
1071,385,3.0950737,11.48495674,1
1071,417,3.604838371,11.10836601,1
1071,449,3.458769798,10.94886589,1
1071,481,3.062353849,10.23939228,1
1071,513,2.198674917,11.13457966,1
1071,545,1.156971693,12.2467308,1
1071,577,0.954118371,13.05671692,1
1071,609,0.08342909813,13.85521412,1
1071,641,0.1003537178,15.10436726,1
1071,673,0.8471144438,15.35037708,1
1071,705,0.7620601654,15.5769558,1
1071,737,0.8581607342,16.60515404,1
1071,769,0.8856296539,18.78506088,1
1071,801,0.9133621454,20.79083443,1
1071,833,NaN,NaN,2
1071,865,NaN,NaN,2
1071,897,NaN,NaN,2
1071,929,-9.229122162,20.83581924,1
1071,961,-9.494399071,18.73346329,1
1071,993,-6.430786133,14.55649376,1
1071,1025,NaN,NaN,2
1071,1057,-4.701179504,10.88719559,1
1071,1089,-4.662672997,8.628046989,1
1071,1121,-3.905108452,6.514556885,1
1071,1153,-3.727660656,4.371535778,1
1071,1185,NaN,NaN,2
1071,1217,0.1694600582,-0.9906584024,1
1071,1249,-0.103716135,-1.797517061,1
1071,1281,-0.2269444466,2.436388969,1
1071,1313,-0.2759525776,1.84581089,1
1071,1345,-3.863245487,-13.3271904,1
1071,1377,-5.87603569,-20.26497459,1
1071,1409,-6.043682098,-21.10935211,1
1071,1441,-7.046281815,-24.40588188,1
1071,1473,-6.855638981,-27.47806931,1
1071,1505,-8.923604965,-29.37062836,1
1071,1537,-7.66690588,-26.31074333,1
1071,1569,NaN,NaN,2
1071,1601,NaN,NaN,2
1071,1633,NaN,NaN,2
1071,1665,-5.477548599,-11.08251381,1
1071,1697,-4.732923985,-9.628456116,1
1071,1729,-5.660301208,-11.93061829,1
1071,1761,-5.602715015,-13.94168758,1
1071,1793,-5.093541622,-14.55070972,1
1071,1825,-3.840668678,-14.12715244,1
1071,1857,-3.531584024,-12.11264229,1
1071,1889,-3.118430614,-12.6403532,1
1071,1921,-3.03365612,-12.41654682,1
1071,1953,-2.623855591,-12.14278603,1
1071,1985,-2.759898901,-11.33495331,1
1071,2017,-2.848279238,-10.46547031,1
1103,33,0.1728982925,1.931263924,1
1103,65,1.676739216,3.854413986,1
1103,97,3.850084782,6.892292023,1
1103,129,4.669992924,8.395105362,1
1103,161,4.913509846,7.80856514,1
1103,193,4.088225365,7.154075146,1
1103,225,2.109688282,5.715934753,1
1103,257,1.533642769,5.034282684,1
1103,289,1.510182619,6.362765312,1
1103,321,2.030611277,7.470124245,1
1103,353,2.627285004,9.114224434,1
1103,385,2.97628665,10.02871037,1
1103,417,2.82595706,10.22486496,1
1103,449,2.576196671,11.35164452,1
1103,481,1.759155512,12.15249634,1
1103,513,0.69292593,12.18591595,1
1103,545,0.07390654087,12.47978401,1
1103,577,0.7806863785,13.31163311,1
1103,609,1.791459799,13.91180515,1
1103,641,0.2515053749,15.51466274,1
1103,673,0.3512452841,15.99040604,1
1103,705,0.4934419394,16.15802002,1
1103,737,0.7123140097,16.88548088,1
1103,769,-0.1613099575,17.96529579,1
1103,801,-0.6609370708,17.10229111,1
1103,833,NaN,NaN,2
1103,865,-3.753036499,13.986022,1
1103,897,-3.980318546,16.591465,1
1103,929,NaN,NaN,2
1103,961,-10.9439888,12.43512535,1
1103,993,NaN,NaN,2
1103,1025,-5.919546127,11.75745964,1
1103,1057,-6.060647011,10.76704216,1
1103,1089,-6.272976398,9.63001442,1
1103,1121,-6.269216061,7.616696358,1
1103,1153,-7.341622353,5.402641773,1
1103,1185,-4.285275459,1.13168478,1
1103,1217,-2.913125277,0.5651650429,1
1103,1249,-0.02691781521,0.9471101761,1
1103,1281,0.3114273548,0.1539282799,1
1103,1313,0.4464310408,2.214578152,1
1103,1345,-0.7274267673,-4.721452713,1
1103,1377,-6.857375622,-17.65971375,1
1103,1409,NaN,NaN,2
1103,1441,-7.991014481,-25.47481346,1
1103,1473,-7.953506947,-30.06254578,1
1103,1505,NaN,NaN,2
1103,1537,NaN,NaN,2
1103,1569,-8.174455643,-18.24536133,1
1103,1601,NaN,NaN,2
1103,1633,NaN,NaN,2
1103,1665,-8.856111526,-9.73900032,1
1103,1697,-7.703455448,-8.182703972,1
1103,1729,NaN,NaN,2
1103,1761,-7.146951675,-15.35945415,1
1103,1793,-6.229873657,-15.56143761,1
1103,1825,-5.449681282,-13.69426155,1
1103,1857,-5.050651073,-12.08710384,1
1103,1889,-5.462740898,-12.00786591,1
1103,1921,-5.685083389,-12.97510338,1
1103,1953,-4.878085613,-14.00141525,1
1103,1985,-4.697178841,-11.61095142,1
1103,2017,-5.405996323,-9.398580551,1
1135,33,1.77375412,2.64966011,1
1135,65,0.8933560848,4.736617088,1
1135,97,2.166405678,6.538990021,1
1135,129,4.026393414,9.048043251,1
1135,161,5.238750458,8.945985794,1
1135,193,4.148007393,7.554064274,1
1135,225,1.407132387,6.31045723,1
1135,257,1.299950004,5.017188549,1
1135,289,2.068205357,6.11742878,1
1135,321,1.668028116,7.13829422,1
1135,353,1.968282461,8.726484299,1
1135,385,2.222984076,9.335263252,1
1135,417,2.675848722,9.073040009,1
1135,449,2.740428925,11.02251625,1
1135,481,1.170324206,11.74932861,1
1135,513,0.2083318233,12.09183884,1
1135,545,-0.1126313806,13.31147957,1
1135,577,0.586197257,15.00223541,1
1135,609,1.091608405,14.31515789,1
1135,641,-0.3088835478,15.73046303,1
1135,673,-1.052745819,15.84857464,1
1135,705,-1.274729013,16.8539753,1
1135,737,-0.392973423,18.10626984,1
1135,769,-2.598488569,17.16279221,1
1135,801,-7.523068428,15.66544914,1
1135,833,-8.136052132,14.88495827,1
1135,865,-4.522827148,12.91544724,1
1135,897,-5.547543049,13.4019165,1
1135,929,-7.090628147,10.91587162,1
1135,961,-8.347459793,12.022789,1
1135,993,NaN,NaN,2
1135,1025,-7.461282253,11.49006271,1
1135,1057,-7.546338558,10.92229176,1
1135,1089,-7.822213173,10.79493999,1
1135,1121,-7.808738232,8.578905106,1
1135,1153,NaN,NaN,2
1135,1185,-5.020535469,2.183800697,1
1135,1217,-1.748320341,1.357801437,1
1135,1249,0.4292562008,0.970502615,1
1135,1281,0.6932988167,1.096096635,1
1135,1313,0.09355264902,-0.6876273155,1
1135,1345,NaN,NaN,2
1135,1377,NaN,NaN,2
1135,1409,NaN,NaN,2
1135,1441,-8.752938271,-21.80361557,1
1135,1473,NaN,NaN,2
1135,1505,-8.184654236,-29.52037811,1
1135,1537,-8.999594688,-27.58761978,1
1135,1569,NaN,NaN,2
1135,1601,NaN,NaN,2
1135,1633,NaN,NaN,2
1135,1665,NaN,NaN,2
1135,1697,-9.337881088,-11.95986748,1
1135,1729,-11.11840725,-15.87269115,1
1135,1761,-8.449589729,-17.05608368,1
1135,1793,-6.743905067,-16.05991554,1
1135,1825,-6.680783272,-13.58205986,1
1135,1857,-6.198872089,-12.4840126,1
1135,1889,-6.598182678,-12.43736458,1
1135,1921,-6.911079407,-12.71195316,1
1135,1953,-6.272491932,-14.30260086,1
1135,1985,-5.865545273,-13.54823589,1
1135,2017,-7.290409565,-10.71925163,1
1167,33,3.751366138,3.634576321,1
1167,65,3.355746031,4.388193607,1
1167,97,3.797200441,5.704342842,1
1167,129,3.580970764,7.85037756,1
1167,161,4.031763077,8.02334404,1
1167,193,3.076591969,6.339838982,1
1167,225,1.223496675,5.114785671,1
1167,257,1.710429788,5.729431629,1
1167,289,1.64103663,6.513174057,1
1167,321,1.586267233,7.131251812,1
1167,353,1.518764853,7.42863369,1
1167,385,1.60826695,8.79793644,1
1167,417,2.733012676,10.00162125,1
1167,449,2.490078211,10.79048252,1
1167,481,2.092898846,11.11500835,1
1167,513,1.022664189,11.51230335,1
1167,545,NaN,NaN,2
1167,577,-0.4899171591,15.55750942,1
1167,609,-0.8392679691,13.96584511,1
1167,641,-1.506453395,14.65016079,1
1167,673,-2.132716179,15.01416969,1
1167,705,-3.29989171,15.05796051,1
1167,737,-5.062433243,14.44697189,1
1167,769,-8.135454178,14.10994816,1
1167,801,-8.001000404,13.66828442,1
1167,833,-6.589454651,11.74080563,1
1167,865,-8.285237312,14.59981728,1
1167,897,-6.293989182,11.18960381,1
1167,929,-6.971187115,11.23804092,1
1167,961,-7.589657307,11.96852112,1
1167,993,NaN,NaN,2
1167,1025,NaN,NaN,2
1167,1057,NaN,NaN,2
1167,1089,-9.441056252,11.82949066,1
1167,1121,-8.852823257,8.738166809,1
1167,1153,NaN,NaN,2
1167,1185,NaN,NaN,2
1167,1217,NaN,NaN,2
1167,1249,-0.5393493176,-0.1721162796,1
1167,1281,0.4986709952,-0.1514726877,1
1167,1313,0.7943747044,-0.03172421455,1
1167,1345,NaN,NaN,2
1167,1377,NaN,NaN,2
1167,1409,NaN,NaN,2
1167,1441,-8.015081406,-17.62965202,1
1167,1473,NaN,NaN,2
1167,1505,-8.530936241,-30.77663422,1
1167,1537,NaN,NaN,2
1167,1569,NaN,NaN,2
1167,1601,NaN,NaN,2
1167,1633,NaN,NaN,2
1167,1665,-8.474293709,-18.63556671,1
1167,1697,-8.720522881,-17.36034203,1
1167,1729,-10.27613163,-17.46499252,1
1167,1761,-8.954015732,-18.02337074,1
1167,1793,-8.967830658,-16.4419117,1
1167,1825,-7.882136345,-13.76920319,1
1167,1857,-7.030157566,-13.23298168,1
1167,1889,-6.578783035,-12.72919941,1
1167,1921,-6.539112091,-12.37565804,1
1167,1953,-6.94453001,-13.52915382,1
1167,1985,-6.104324341,-14.7284956,1
1167,2017,-5.217289448,-14.44540501,1
1199,33,3.998724461,3.572577953,1
1199,65,2.986398697,4.332566738,1
1199,97,3.039472103,5.430937767,1
1199,129,3.22219038,6.820498943,1
1199,161,3.310709953,6.741166592,1
1199,193,3.316999435,5.397545338,1
1199,225,2.158799887,5.049356937,1
1199,257,1.160451651,6.575304031,1
1199,289,1.96492517,7.764543056,1
1199,321,2.298355103,7.989586353,1
1199,353,1.311833858,9.566562653,1
1199,385,1.206659794,9.448578835,1
1199,417,1.280257821,10.4852438,1
1199,449,1.725726485,9.795480728,1
1199,481,2.532280684,10.53809357,1
1199,513,1.654700756,11.2470541,1
1199,545,-0.583878994,11.84551716,1
1199,577,-0.6682736874,13.15732861,1
1199,609,-1.202944517,13.17275047,1
1199,641,-2.072884321,13.18058014,1
1199,673,-2.438541412,13.22390079,1
1199,705,NaN,NaN,2
1199,737,-6.248019218,11.50534153,1
1199,769,-6.14723444,10.51833344,1
1199,801,-6.494048119,10.18179035,1
1199,833,-7.215581894,11.05950069,1
1199,865,NaN,NaN,2
1199,897,NaN,NaN,2
1199,929,-6.184482574,13.23760796,1
1199,961,-7.582800865,13.42729759,1
1199,993,-9.535320282,12.35664558,1
1199,1025,-10.10600376,11.47623158,1
1199,1057,-10.87575817,10.27034855,1
1199,1089,-8.749599457,11.39664936,1
1199,1121,-9.544707298,8.683875084,1
1199,1153,NaN,NaN,2
1199,1185,0.1285800934,0.149435997,1
1199,1217,2.359521389,0.226641655,1
1199,1249,NaN,NaN,2
1199,1281,-0.3298500776,-0.1938607693,1
1199,1313,0.7879260182,0.5945649147,1
1199,1345,0.6795561314,1.076841474,1
1199,1377,-1.169993162,-2.710701942,1
1199,1409,-5.279753685,-10.10568523,1
1199,1441,NaN,NaN,2
1199,1473,-8.219488144,-16.93974113,1
1199,1505,NaN,NaN,2
1199,1537,NaN,NaN,2
1199,1569,-12.68143654,-20.36014557,1
1199,1601,-10.80856037,-19.51639938,1
1199,1633,-9.346717834,-19.1502018,1
1199,1665,-8.545974731,-18.94750977,1
1199,1697,NaN,NaN,2
1199,1729,-7.624762535,-17.63949966,1
1199,1761,-7.862184048,-17.62246513,1
1199,1793,-8.074172974,-16.79824066,1
1199,1825,-8.456501007,-17.42623138,1
1199,1857,NaN,NaN,2
1199,1889,-7.965000153,-12.08453274,1
1199,1921,-6.831557274,-13.76669121,1
1199,1953,-6.877528191,-15.48706913,1
1199,1985,-4.763427258,-15.96987724,1
1199,2017,NaN,NaN,2
1231,33,4.040226936,2.60304141,1
1231,65,2.551580429,4.819682121,1
1231,97,1.787735224,5.200840473,1
1231,129,3.0944767,5.969217777,1
1231,161,2.809983492,5.042877674,1
1231,193,2.54943943,4.046269417,1
1231,225,1.489668846,4.137178421,1
1231,257,0.9634255171,5.649957657,1
1231,289,1.365707994,6.624700546,1
1231,321,0.8248231411,9.59091568,1
1231,353,0.5157155395,9.967850685,1
1231,385,0.4079973698,9.29809761,1
1231,417,0.461771369,9.398065567,1
1231,449,0.8341939449,9.291963577,1
1231,481,0.432390213,9.198290825,1
1231,513,-0.04379594326,9.779434204,1
1231,545,-0.9184506536,10.75764561,1
1231,577,-1.319465637,11.60262775,1
1231,609,-1.572805524,11.77711105,1
1231,641,-2.397192001,10.97720337,1
1231,673,-3.978511572,10.68588066,1
1231,705,NaN,NaN,2
1231,737,NaN,NaN,2
1231,769,-4.780013084,7.859195709,1
1231,801,-5.692857265,7.745946884,1
1231,833,-6.840636253,9.474360466,1
1231,865,-8.363920212,11.90781975,1
1231,897,-6.440677643,12.98729229,1
1231,929,-7.393025398,13.53821659,1
1231,961,-8.909916878,13.6816864,1
1231,993,-9.790882111,13.39801216,1
1231,1025,-11.14906788,11.12406731,1
1231,1057,-12.43764114,10.44690704,1
1231,1089,NaN,NaN,2
1231,1121,-10.7679081,9.25710392,1
1231,1153,-11.6109848,6.605182648,1
1231,1185,-10.54496384,6.739437103,1
1231,1217,0.7727832794,0.08069324493,1
1231,1249,1.051310062,-0.5981829166,1
1231,1281,NaN,NaN,2
1231,1313,-0.2226517797,-0.4723641872,1
1231,1345,0.747672081,-0.4641295075,1
1231,1377,-1.860750198,-4.130673409,1
1231,1409,NaN,NaN,2
1231,1441,NaN,NaN,2
1231,1473,NaN,NaN,2
1231,1505,NaN,NaN,2
1231,1537,NaN,NaN,2
1231,1569,-11.42939377,-20.10209846,1
1231,1601,-11.17633438,-19.70531273,1
1231,1633,-9.519253731,-19.12289429,1
1231,1665,-8.86771965,-18.66370201,1
1231,1697,NaN,NaN,2
1231,1729,-7.531002998,-16.99374771,1
1231,1761,-7.470335484,-16.72326851,1
1231,1793,-8.504570007,-16.62011147,1
1231,1825,-9.503549576,-17.10234642,1
1231,1857,NaN,NaN,2
1231,1889,-10.13977051,-12.40198326,1
1231,1921,-7.772701263,-15.17227459,1
1231,1953,-6.840984344,-16.46604538,1
1231,1985,-5.181939125,-16.21338654,1
1231,2017,NaN,NaN,2
1263,33,2.8818326,2.22064662,1
1263,65,1.733969212,3.953223228,1
1263,97,NaN,NaN,2
1263,129,0.6576735973,5.442848206,1
1263,161,1.395627499,3.658932209,1
1263,193,1.365274549,2.923318863,1
1263,225,0.3006048203,3.723456383,1
1263,257,-0.5864723921,4.181902885,1
1263,289,NaN,NaN,2
1263,321,-1.841969013,8.101787567,1
1263,353,-0.7813028097,10.72778416,1
1263,385,-0.5981867313,9.740434647,1
1263,417,0.304181546,8.970834732,1
1263,449,0.003893762827,9.948486328,1
1263,481,-0.7001157403,8.841225624,1
1263,513,-1.04765749,8.932678223,1
1263,545,-1.994161606,9.520445824,1
1263,577,-2.255874157,9.790950775,1
1263,609,-1.988816738,9.494320869,1
1263,641,-2.324402809,8.678625107,1
1263,673,-2.418667793,8.653625488,1
1263,705,-1.332455158,5.704390526,1
1263,737,NaN,NaN,2
1263,769,-4.135727882,6.413679123,1
1263,801,-4.557044506,5.983278751,1
1263,833,-6.510731697,7.898659706,1
1263,865,-7.857074738,10.14987659,1
1263,897,-8.399501801,11.38244438,1
1263,929,-8.901906013,10.77665424,1
1263,961,-9.674005508,12.86426067,1
1263,993,-10.8334322,14.80266762,1
1263,1025,NaN,NaN,2
1263,1057,NaN,NaN,2
1263,1089,NaN,NaN,2
1263,1121,-15.30673504,11.24523163,1
1263,1153,-16.48331833,7.223925591,1
1263,1185,-14.2820015,8.490047455,1
1263,1217,NaN,NaN,2
1263,1249,NaN,NaN,2
1263,1281,-2.756241322,1.462063551,1
1263,1313,0.5025954247,-0.1424551606,1
1263,1345,1.966856241,-1.025010467,1
1263,1377,-5.05684185,-5.167701244,1
1263,1409,NaN,NaN,2
1263,1441,NaN,NaN,2
1263,1473,NaN,NaN,2
1263,1505,NaN,NaN,2
1263,1537,NaN,NaN,2
1263,1569,NaN,NaN,2
1263,1601,NaN,NaN,2
1263,1633,NaN,NaN,2
1263,1665,NaN,NaN,2
1263,1697,NaN,NaN,2
1263,1729,NaN,NaN,2
1263,1761,-7.404355049,-16.52147102,1
1263,1793,-8.253323555,-17.00127411,1
1263,1825,-8.924983978,-16.3311882,1
1263,1857,-9.498985291,-13.50487709,1
1263,1889,-10.10077095,-13.88236332,1
1263,1921,-10.28599358,-16.51812744,1
1263,1953,-9.002817154,-15.19809532,1
1263,1985,-7.969232082,-17.77165604,1
1263,2017,-3.308428049,-17.27438164,1
1295,33,0.3744270802,2.593539476,1
1295,65,2.500561714,3.254640579,1
1295,97,1.436354876,3.623217821,1
1295,129,0.2557141781,3.500733852,1
1295,161,0.7082112432,2.992996931,1
1295,193,0.3719693422,3.350803375,1
1295,225,-0.2022821307,3.974035263,1
1295,257,0.4930323362,4.946899891,1
1295,289,2.78365016,6.670110703,1
1295,321,2.868698597,6.052851677,1
1295,353,0.8782405853,10.09564114,1
1295,385,0.8476706147,8.339126587,1
1295,417,0.5540001392,8.305499077,1
1295,449,-0.09329229593,8.854596138,1
1295,481,-0.8991930485,8.777257919,1
1295,513,-1.662163973,8.711658478,1
1295,545,-2.62835598,8.314193726,1
1295,577,-2.345025539,8.483699799,1
1295,609,-1.821870089,8.382785797,1
1295,641,-2.602236271,7.192592621,1
1295,673,-2.909748554,7.160032272,1
1295,705,-0.9319953918,8.368519783,1
1295,737,-2.88181901,6.979761124,1
1295,769,-3.627437592,5.882124901,1
1295,801,-3.677956581,4.458108425,1
1295,833,-6.401998997,5.806722641,1
1295,865,-7.977263451,8.916623116,1
1295,897,-8.723902702,10.79345131,1
1295,929,-9.888634682,12.39783669,1
1295,961,-10.81272888,12.54148293,1
1295,993,-11.9306488,14.03762817,1
1295,1025,-14.13312435,16.50852585,1
1295,1057,NaN,NaN,2
1295,1089,NaN,NaN,2
1295,1121,NaN,NaN,2
1295,1153,NaN,NaN,2
1295,1185,-19.09084129,11.15249252,1
1295,1217,-14.69557571,13.11814404,1
1295,1249,-11.92268276,11.41194248,1
1295,1281,-10.36839294,1.807892203,1
1295,1313,NaN,NaN,2
1295,1345,NaN,NaN,2
1295,1377,NaN,NaN,2
1295,1409,NaN,NaN,2
1295,1441,NaN,NaN,2
1295,1473,NaN,NaN,2
1295,1505,NaN,NaN,2
1295,1537,NaN,NaN,2
1295,1569,NaN,NaN,2
1295,1601,-3.275268555,-19.91915512,1
1295,1633,NaN,NaN,2
1295,1665,NaN,NaN,2
1295,1697,NaN,NaN,2
1295,1729,NaN,NaN,2
1295,1761,-5.681369781,-17.63287354,1
1295,1793,-7.509802818,-17.25436401,1
1295,1825,-9.369235039,-15.39984322,1
1295,1857,-10.50422955,-13.63008499,1
1295,1889,-11.78608894,-13.42510509,1
1295,1921,-12.77122784,-17.22921753,1
1295,1953,-11.49652576,-15.74546909,1
1295,1985,-9.532763481,-16.80003357,1
1295,2017,NaN,NaN,2
1327,33,-0.4557992816,2.885078907,1
1327,65,1.282917976,4.898535728,1
1327,97,1.433080077,4.110474586,1
1327,129,1.106620908,3.340723515,1
1327,161,0.4607554078,3.289174318,1
1327,193,-0.254784137,3.376205206,1
1327,225,-0.5094069242,3.704351425,1
1327,257,0.03834617138,2.99368906,1
1327,289,2.440997362,4.06359911,1
1327,321,3.012628078,5.053624153,1
1327,353,1.205569267,6.141195774,1
1327,385,0.7174277902,6.787589073,1
1327,417,0.7153685093,7.434843063,1
1327,449,-0.8540521264,8.657945633,1
1327,481,-1.669928312,8.752691269,1
1327,513,-2.37138319,8.805774689,1
1327,545,-0.8265414238,8.176431656,1
1327,577,-2.185281515,7.294870377,1
1327,609,-3.10993433,7.341984272,1
1327,641,-2.756367683,6.396532059,1
1327,673,-3.438297749,6.584287643,1
1327,705,-4.083235741,8.340606689,1
1327,737,-3.829440117,8.162888527,1
1327,769,-2.523636341,5.406853676,1
1327,801,-3.513517857,4.562815666,1
1327,833,-5.407500744,6.258096695,1
1327,865,-8.901607513,8.084012985,1
1327,897,-10.27692795,9.713910103,1
1327,929,-11.08717823,12.87922287,1
1327,961,-11.64896584,14.11043358,1
1327,993,-12.191576,14.02278519,1
1327,1025,NaN,NaN,2
1327,1057,NaN,NaN,2
1327,1089,NaN,NaN,2
1327,1121,NaN,NaN,2
1327,1153,NaN,NaN,2
1327,1185,NaN,NaN,2
1327,1217,-20.39265823,12.59837151,1
1327,1249,-14.72384357,11.4145937,1
1327,1281,-12.61024666,1.252090931,1
1327,1313,NaN,NaN,2
1327,1345,NaN,NaN,2
1327,1377,NaN,NaN,2
1327,1409,1.484128952,-6.726374626,1
1327,1441,NaN,NaN,2
1327,1473,NaN,NaN,2
1327,1505,NaN,NaN,2
1327,1537,-15.94342995,-24.51331902,1
1327,1569,-14.20787811,-23.888134,1
1327,1601,-17.852108,-21.36594391,1
1327,1633,NaN,NaN,2
1327,1665,NaN,NaN,2
1327,1697,NaN,NaN,2
1327,1729,-4.225379944,-18.69384956,1
1327,1761,-5.942701817,-17.48905563,1
1327,1793,-8.257727623,-16.20120239,1
1327,1825,-9.978979111,-12.86471558,1
1327,1857,-9.899271011,-12.0285759,1
1327,1889,NaN,NaN,2
1327,1921,-13.4201355,-15.68927002,1
1327,1953,NaN,NaN,2
1327,1985,-12.64466381,-16.00954437,1
1327,2017,-9.565059662,-16.06848717,1
1359,33,1.448741198,2.773594141,1
1359,65,1.436328888,5.267705441,1
1359,97,1.366555691,4.768837452,1
1359,129,1.444430232,3.904861927,1
1359,161,1.267176747,3.310765743,1
1359,193,0.1944514215,3.229445457,1
1359,225,-0.2984130383,3.335046053,1
1359,257,-1.849467397,2.531927347,1
1359,289,-0.7012292147,2.241937637,1
1359,321,1.49636662,4.055806637,1
1359,353,0.5579447746,5.482679367,1
1359,385,0.5580368042,6.588328838,1
1359,417,1.01742506,7.148504734,1
1359,449,-0.8487428427,8.424462318,1
1359,481,-2.002655745,8.474935532,1
1359,513,-2.715236425,8.335006714,1
1359,545,-2.572376251,7.948784828,1
1359,577,-3.610992908,7.464653969,1
1359,609,-4.561177254,5.090307236,1
1359,641,-3.914788246,6.27923584,1
1359,673,-4.262946129,6.757333755,1
1359,705,-5.345141411,7.62189579,1
1359,737,-5.490296364,8.625865936,1
1359,769,-5.958827019,6.814777374,1
1359,801,-6.189862251,6.513590336,1
1359,833,-8.795391083,7.288293839,1
1359,865,-11.46136475,7.558903694,1
1359,897,-11.83559895,8.761128426,1
1359,929,-12.05675316,10.64482403,1
1359,961,-11.68919754,13.12065315,1
1359,993,-12.17158318,14.48160076,1
1359,1025,-12.63719273,13.98589706,1
1359,1057,NaN,NaN,2
1359,1089,-17.29623032,17.51464462,1
1359,1121,-21.8679142,17.2784977,1
1359,1153,NaN,NaN,2
1359,1185,NaN,NaN,2
1359,1217,-23.04581833,9.370948792,1
1359,1249,NaN,NaN,2
1359,1281,-14.37640572,4.11438036,1
1359,1313,NaN,NaN,2
1359,1345,NaN,NaN,2
1359,1377,NaN,NaN,2
1359,1409,NaN,NaN,2
1359,1441,NaN,NaN,2
1359,1473,NaN,NaN,2
1359,1505,-17.44447899,-20.41805077,1
1359,1537,-16.41544342,-26.16296577,1
1359,1569,-15.36894989,-26.81124306,1
1359,1601,NaN,NaN,2
1359,1633,NaN,NaN,2
1359,1665,NaN,NaN,2
1359,1697,NaN,NaN,2
1359,1729,-6.859639168,-20.4498024,1
1359,1761,-7.375781059,-17.91259003,1
1359,1793,-8.534256935,-16.17067146,1
1359,1825,-9.720830917,-14.83502769,1
1359,1857,-10.53892899,-15.81308746,1
1359,1889,-10.96879768,-15.64624596,1
1359,1921,-15.30925941,-15.04203415,1
1359,1953,-15.53655624,-15.18234253,1
1359,1985,-14.32644939,-15.00378609,1
1359,2017,-11.53979874,-16.40195847,1
1391,33,1.80493319,2.851700544,1
1391,65,1.343731761,5.174688339,1
1391,97,1.243160486,3.599599361,1
1391,129,1.304589152,3.288250923,1
1391,161,1.32929635,2.737948656,1
1391,193,0.5892672539,3.058893204,1
1391,225,-0.2235868722,4.816232681,1
1391,257,-2.000005722,3.381942511,1
1391,289,-1.659837723,2.190237999,1
1391,321,-0.7436338067,2.873260975,1
1391,353,-0.3705595136,4.870341778,1
1391,385,0.8244437575,5.06648159,1
1391,417,0.5534764528,5.546982288,1
1391,449,-1.480290651,7.419621944,1
1391,481,-2.529165268,7.707645893,1
1391,513,-4.92327261,7.741175652,1
1391,545,-4.695774078,8.462308884,1
1391,577,-5.100427628,8.391125679,1
1391,609,-6.679729462,7.267996311,1
1391,641,-5.186117172,6.487998009,1
1391,673,-5.307241917,7.279773712,1
1391,705,-6.10073185,8.031206131,1
1391,737,-6.677096367,8.917879105,1
1391,769,-7.312120914,8.548680305,1
1391,801,-7.390095711,8.309067726,1
1391,833,-10.04611492,6.90607357,1
1391,865,-11.3667984,6.423810482,1
1391,897,-10.4111824,7.886995316,1
1391,929,-12.3659029,9.501820564,1
1391,961,-12.56157398,10.98514557,1
1391,993,-13.68842506,13.55444717,1
1391,1025,NaN,NaN,2
1391,1057,-15.46852875,7.181780338,1
1391,1089,NaN,NaN,2
1391,1121,-20.21331787,12.60102272,1
1391,1153,NaN,NaN,2
1391,1185,NaN,NaN,2
1391,1217,-27.57731819,3.085015535,1
1391,1249,-25.28044128,1.946178675,1
1391,1281,-20.71336174,1.376598001,1
1391,1313,-14.98923492,-2.431730509,1
1391,1345,-14.51743603,-4.518227577,1
1391,1377,NaN,NaN,2
1391,1409,NaN,NaN,2
1391,1441,NaN,NaN,2
1391,1473,NaN,NaN,2
1391,1505,-18.72834587,-19.45163345,1
1391,1537,-17.7495327,-26.65516281,1
1391,1569,-20.58853531,-28.10117149,1
1391,1601,NaN,NaN,2
1391,1633,NaN,NaN,2
1391,1665,NaN,NaN,2
1391,1697,NaN,NaN,2
1391,1729,NaN,NaN,2
1391,1761,-9.756497383,-19.23732948,1
1391,1793,-10.28678513,-16.5141964,1
1391,1825,-9.445152283,-15.74384499,1
1391,1857,NaN,NaN,2
1391,1889,-12.62309361,-15.89268875,1
1391,1921,-14.17049026,-16.32922745,1
1391,1953,-12.39226341,-15.81595612,1
1391,1985,-11.30601978,-14.9064827,1
1391,2017,-12.2412014,-16.8114624,1
1423,33,1.864411354,2.90287137,1
1423,65,1.342316151,1.661649227,1
1423,97,1.419840097,1.749943495,1
1423,129,1.220619917,2.375424623,1
1423,161,1.058577299,2.763063431,1
1423,193,1.119101524,3.399922371,1
1423,225,0.01725631952,4.30635643,1
1423,257,-1.123838186,2.908947945,1
1423,289,-2.252324581,2.159037113,1
1423,321,-4.591863632,4.427891254,1
1423,353,-4.050324917,5.020849228,1
1423,385,-1.016752481,4.694719315,1
1423,417,-1.355846643,5.500436783,1
1423,449,-2.334699869,6.565894604,1
1423,481,-3.438036919,6.450540543,1
1423,513,-5.225532055,7.216892242,1
1423,545,-5.636008263,7.685050488,1
1423,577,-5.819752693,7.908438683,1
1423,609,-6.129803658,7.263062954,1
1423,641,-6.41241169,6.430804253,1
1423,673,-7.091365337,7.583587646,1
1423,705,-7.063777924,9.162517548,1
1423,737,-6.789474487,8.084937096,1
1423,769,-6.943663597,9.047999382,1
1423,801,NaN,NaN,2
1423,833,-6.469705582,6.343581676,1
1423,865,-6.675830841,6.604444981,1
1423,897,-8.693820953,6.949809551,1
1423,929,-10.76896381,7.334868908,1
1423,961,-13.17609692,8.039749146,1
1423,993,NaN,NaN,2
1423,1025,NaN,NaN,2
1423,1057,-16.45128059,6.418834209,1
1423,1089,-18.97312737,5.680557251,1
1423,1121,NaN,NaN,2
1423,1153,-23.35256004,4.037459373,1
1423,1185,-21.85165024,3.187804222,1
1423,1217,-25.53000641,2.044822693,1
1423,1249,-25.90773964,3.048206091,1
1423,1281,NaN,NaN,2
1423,1313,NaN,NaN,2
1423,1345,-16.72731781,-4.237131119,1
1423,1377,NaN,NaN,2
1423,1409,-20.80781555,-7.972103119,1
1423,1441,NaN,NaN,2
1423,1473,NaN,NaN,2
1423,1505,-25.45613861,-14.41339302,1
1423,1537,-24.96589088,-25.17942619,1
1423,1569,NaN,NaN,2
1423,1601,NaN,NaN,2
1423,1633,NaN,NaN,2
1423,1665,-14.3724432,-22.85014915,1
1423,1697,-13.72660065,-22.76316643,1
1423,1729,-12.66317463,-21.39636993,1
1423,1761,-11.31211758,-19.36696434,1
1423,1793,-11.47610664,-17.4083786,1
1423,1825,-11.68507576,-16.52923012,1
1423,1857,-10.92884254,-18.45388222,1
1423,1889,-11.73697376,-18.60943222,1
1423,1921,-13.03333473,-17.26032066,1
1423,1953,-11.95580101,-17.751091,1
1423,1985,-11.04961491,-17.25956917,1
1423,2017,-12.00772858,-16.54051971,1
1455,33,2.364892006,3.014909267,1
1455,65,2.484591007,0.521753788,1
1455,97,2.185700178,0.02960896492,1
1455,129,0.4785379171,2.70056963,1
1455,161,1.143773675,3.950411558,1
1455,193,1.829451323,3.653330564,1
1455,225,1.053927183,3.607727528,1
1455,257,NaN,NaN,2
1455,289,NaN,NaN,2
1455,321,-2.43391037,4.704705715,1
1455,353,-2.991369009,5.992003918,1
1455,385,-1.920910716,5.70416832,1
1455,417,-2.10180831,7.154056549,1
1455,449,-2.609478235,6.540038109,1
1455,481,-3.448352814,5.720370293,1
1455,513,-5.335223198,5.153746605,1
1455,545,-5.758782864,5.782265186,1
1455,577,-6.055189133,5.259617329,1
1455,609,-6.297863007,6.716334343,1
1455,641,-6.95009613,5.376296997,1
1455,673,-6.579030991,6.294650078,1
1455,705,-6.14821291,7.440196991,1
1455,737,-6.450174332,7.569245815,1
1455,769,-6.837341309,8.301010132,1
1455,801,NaN,NaN,2
1455,833,-7.06997776,6.598012924,1
1455,865,-8.302260399,6.849918365,1
1455,897,-9.130737305,5.743832111,1
1455,929,-10.38684082,5.093081474,1
1455,961,-11.42424011,5.070633411,1
1455,993,-11.18761253,5.217446327,1
1455,1025,-9.780711174,4.046678543,1
1455,1057,-15.75613689,3.958604813,1
1455,1089,NaN,NaN,2
1455,1121,NaN,NaN,2
1455,1153,-22.45841599,3.183453083,1
1455,1185,-21.53644371,3.149047852,1
1455,1217,-19.05728149,2.851372719,1
1455,1249,-17.65292168,1.30608511,1
1455,1281,-17.2474823,2.988375187,1
1455,1313,NaN,NaN,2
1455,1345,NaN,NaN,2
1455,1377,NaN,NaN,2
1455,1409,NaN,NaN,2
1455,1441,NaN,NaN,2
1455,1473,NaN,NaN,2
1455,1505,NaN,NaN,2
1455,1537,NaN,NaN,2
1455,1569,NaN,NaN,2
1455,1601,-19.94519424,-20.18767357,1
1455,1633,-18.00802803,-20.46135902,1
1455,1665,-16.92749023,-24.57330132,1
1455,1697,-15.77121258,-22.82200623,1
1455,1729,-14.22951221,-21.02855682,1
1455,1761,-14.16082478,-19.66201782,1
1455,1793,-16.68898201,-18.55456161,1
1455,1825,-16.2098217,-17.59206581,1
1455,1857,-15.61859512,-20.1644268,1
1455,1889,-14.86480713,-20.19000244,1
1455,1921,-13.09638309,-20.42239952,1
1455,1953,-12.23725319,-19.50255775,1
1455,1985,-11.4942503,-18.12916374,1
1455,2017,-10.53151989,-15.69689369,1
1487,33,1.964797258,3.064565659,1
1487,65,1.404252648,1.213489056,1
1487,97,0.597224474,1.041748285,1
1487,129,0.7470641136,2.9425807,1
1487,161,2.00128293,4.121487617,1
1487,193,2.245166302,4.974995613,1
1487,225,1.747800589,5.013421059,1
1487,257,1.445751905,3.572444916,1
1487,289,0.6216335297,4.250674248,1
1487,321,0.1730919778,5.135627747,1
1487,353,-0.3247250319,4.445336342,1
1487,385,-0.845220089,5.594515324,1
1487,417,-2.27199769,4.926256657,1
1487,449,-3.739460707,5.24003458,1
1487,481,-4.652708054,6.168812275,1
1487,513,-10.24269772,4.008491039,1
1487,545,NaN,NaN,2
1487,577,-7.70704937,5.70547533,1
1487,609,-8.670800209,5.88751173,1
1487,641,-7.140943527,5.152845383,1
1487,673,-5.891463757,4.839388847,1
1487,705,-5.136121273,6.258378029,1
1487,737,-6.398092747,6.951212883,1
1487,769,-7.152620316,7.130268097,1
1487,801,-7.816112518,6.203014374,1
1487,833,-8.880059242,6.722909451,1
1487,865,-9.139500618,7.30093956,1
1487,897,-8.924301147,4.513383865,1
1487,929,-10.55478954,3.203308582,1
1487,961,-11.2105093,2.767375469,1
1487,993,-11.23533535,3.401488543,1
1487,1025,-12.71501923,5.414566994,1
1487,1057,NaN,NaN,2
1487,1089,-14.8334198,-0.06201505661,1
1487,1121,NaN,NaN,2
1487,1153,-24.92638206,2.059321404,1
1487,1185,-23.86910439,1.98533237,1
1487,1217,-20.86406517,2.266579151,1
1487,1249,NaN,NaN,2
1487,1281,NaN,NaN,2
1487,1313,NaN,NaN,2
1487,1345,-17.57969093,-4.301891327,1
1487,1377,NaN,NaN,2
1487,1409,NaN,NaN,2
1487,1441,NaN,NaN,2
1487,1473,NaN,NaN,2
1487,1505,NaN,NaN,2
1487,1537,NaN,NaN,2
1487,1569,NaN,NaN,2
1487,1601,-18.18688774,-19.26879883,1
1487,1633,NaN,NaN,2
1487,1665,NaN,NaN,2
1487,1697,-17.84112167,-23.01102257,1
1487,1729,-15.38653278,-20.35628891,1
1487,1761,-17.3106308,-20.2235527,1
1487,1793,-18.30893898,-20.04408073,1
1487,1825,-17.56526947,-18.60810089,1
1487,1857,-16.54808044,-18.17607498,1
1487,1889,-15.98499107,-20.54330063,1
1487,1921,-14.19072342,-21.15479088,1
1487,1953,-13.13496971,-19.93173027,1
1487,1985,-11.5059433,-18.0575161,1
1487,2017,-10.87896919,-16.47956467,1
1519,33,-0.8369573355,2.402134418,1
1519,65,-1.594419479,1.864261508,1
1519,97,-1.210129023,1.092305422,1
1519,129,0.2088335752,3.41997385,1
1519,161,1.828798652,4.766196251,1
1519,193,1.98961246,5.88606739,1
1519,225,2.373453617,5.148859501,1
1519,257,2.044703484,3.858170509,1
1519,289,0.7284496427,3.720012426,1
1519,321,0.2670887709,3.418141127,1
1519,353,0.4019462466,2.945783615,1
1519,385,NaN,NaN,2
1519,417,NaN,NaN,2
1519,449,-6.530833244,5.883797646,1
1519,481,-8.187574387,4.977066517,1
1519,513,-9.46745491,4.766314507,1
1519,545,-9.243183136,3.198660851,1
1519,577,-7.760904789,5.507226944,1
1519,609,-8.63300705,6.191814899,1
1519,641,-7.721423626,6.515534401,1
1519,673,-6.039523602,5.532653332,1
1519,705,-6.849691868,2.660798073,1
1519,737,-6.969948292,5.880723,1
1519,769,-8.196113586,5.69607687,1
1519,801,-9.380655289,5.062180996,1
1519,833,-11.04498959,4.905185223,1
1519,865,-9.892549515,4.623576164,1
1519,897,-9.124684334,3.451038122,1
1519,929,-9.488678932,1.26348424,1
1519,961,-9.96027565,0.4332566857,1
1519,993,-10.3963747,1.209110022,1
1519,1025,-12.2865181,3.932003975,1
1519,1057,NaN,NaN,2
1519,1089,-14.02673626,-0.6679036617,1
1519,1121,NaN,NaN,2
1519,1153,-23.47027016,1.005128145,1
1519,1185,-23.43710327,0.3693259954,1
1519,1217,-20.36450768,1.504459381,1
1519,1249,-19.57128525,-4.162379742,1
1519,1281,-16.49426079,-4.043938637,1
1519,1313,NaN,NaN,2
1519,1345,-20.66040039,-5.434398651,1
1519,1377,NaN,NaN,2
1519,1409,NaN,NaN,2
1519,1441,NaN,NaN,2
1519,1473,NaN,NaN,2
1519,1505,NaN,NaN,2
1519,1537,NaN,NaN,2
1519,1569,-21.15809441,-18.81492615,1
1519,1601,-22.7345047,-20.54845238,1
1519,1633,-22.95955276,-18.74736404,1
1519,1665,-24.26317787,-21.78640366,1
1519,1697,NaN,NaN,2
1519,1729,-16.80878448,-19.22200584,1
1519,1761,-16.61090851,-19.72538185,1
1519,1793,-16.83888054,-20.8694191,1
1519,1825,-17.21526527,-20.32342911,1
1519,1857,-15.87058067,-17.73539162,1
1519,1889,-15.17161083,-17.68935204,1
1519,1921,-14.48320103,-19.82136345,1
1519,1953,-13.9793644,-19.58786774,1
1519,1985,-11.60535622,-18.25930214,1
1519,2017,-10.64113808,-18.43684769,1
1551,33,-0.1289481521,1.235304475,1
1551,65,-1.711718798,2.198478937,1
1551,97,-1.578627825,1.184234858,1
1551,129,-0.3547067046,4.03049469,1
1551,161,0.8204366565,5.509855747,1
1551,193,1.802186012,5.986135006,1
1551,225,2.229783058,5.394781113,1
1551,257,1.420833111,3.688032389,1
1551,289,0.7893089056,2.08728838,1
1551,321,0.01238203049,1.650172234,1
1551,353,-0.6250491142,0.6493725777,1
1551,385,NaN,NaN,2
1551,417,NaN,NaN,2
1551,449,-8.764369011,4.924632072,1
1551,481,-9.653360367,3.357002735,1
1551,513,-8.91513443,3.709706306,1
1551,545,-6.777318001,4.438563824,1
1551,577,NaN,NaN,2
1551,609,-5.142522335,6.253833294,1
1551,641,-7.365659714,8.409235001,1
1551,673,-8.340229034,7.375302315,1
1551,705,NaN,NaN,2
1551,737,-9.366102219,3.21743536,1
1551,769,-9.177102089,4.595708847,1
1551,801,-9.685025215,4.526769161,1
1551,833,-9.767818451,4.154977798,1
1551,865,-9.030959129,3.232801676,1
1551,897,-8.929057121,1.555939674,1
1551,929,-8.962314606,-0.3048036098,1
1551,961,NaN,NaN,2
1551,993,NaN,NaN,2
1551,1025,-13.26079178,4.71472168,1
1551,1057,NaN,NaN,2
1551,1089,NaN,NaN,2
1551,1121,-23.27755928,0.9939258099,1
1551,1153,-25.22991371,2.154806137,1
1551,1185,-26.04795837,1.214586139,1
1551,1217,NaN,NaN,2
1551,1249,NaN,NaN,2
1551,1281,-12.69558716,-2.345229149,1
1551,1313,NaN,NaN,2
1551,1345,-23.1588192,-4.325154781,1
1551,1377,-25.81004143,-5.63284874,1
1551,1409,NaN,NaN,2
1551,1441,NaN,NaN,2
1551,1473,-22.48555756,-5.342754364,1
1551,1505,-20.46449089,-7.68795681,1
1551,1537,NaN,NaN,2
1551,1569,-24.15631676,-16.83128166,1
1551,1601,-23.68901062,-18.03752518,1
1551,1633,-23.05897903,-17.89643097,1
1551,1665,-25.02088547,-20.72332573,1
1551,1697,-20.23490143,-16.22643852,1
1551,1729,-16.93383789,-18.42009544,1
1551,1761,-15.85282326,-18.78341103,1
1551,1793,-15.51854324,-19.53508949,1
1551,1825,NaN,NaN,2
1551,1857,-15.24682236,-15.71880341,1
1551,1889,-14.95497799,-15.4562397,1
1551,1921,-14.57677841,-18.81741905,1
1551,1953,-13.59934521,-18.64095688,1
1551,1985,-14.18221855,-17.68183708,1
1551,2017,-12.27658653,-17.22727585,1
1583,33,0.8334357738,0.4737997651,1
1583,65,-0.9855434895,2.644068241,1
1583,97,-1.898632407,2.06066823,1
1583,129,-1.024860263,3.936450481,1
1583,161,0.437184453,5.328518867,1
1583,193,1.202510595,5.474179745,1
1583,225,0.9066904783,4.514978886,1
1583,257,0.2276720405,3.022092342,1
1583,289,0.3658900559,0.9700369835,1
1583,321,0.7456796169,1.157007098,1
1583,353,-0.2400760651,0.946000576,1
1583,385,-1.534971237,0.05254757404,1
1583,417,-1.346127272,-0.2343885899,1
1583,449,-0.1076600552,2.007609129,1
1583,481,-0.5187382698,1.936266899,1
1583,513,-5.217594147,3.539300442,1
1583,545,-5.020519733,5.065254688,1
1583,577,-3.43235445,6.160948753,1
1583,609,-4.275503635,7.009391785,1
1583,641,-5.753068924,7.058414459,1
1583,673,-6.293519497,6.832551479,1
1583,705,-7.001273155,4.963188648,1
1583,737,-8.953117371,2.858109474,1
1583,769,-10.01694107,5.062912941,1
1583,801,-9.723325729,4.801879883,1
1583,833,-8.923517227,3.70714736,1
1583,865,-7.886004448,2.273707151,1
1583,897,-7.940192223,0.234025389,1
1583,929,NaN,NaN,2
1583,961,NaN,NaN,2
1583,993,NaN,NaN,2
1583,1025,NaN,NaN,2
1583,1057,NaN,NaN,2
1583,1089,NaN,NaN,2
1583,1121,-22.27537155,0.939729929,1
1583,1153,-22.40171242,-0.6344671249,1
1583,1185,-22.53702545,-1.523746967,1
1583,1217,-19.48849297,-0.7886538506,1
1583,1249,NaN,NaN,2
1583,1281,NaN,NaN,2
1583,1313,-15.96077728,-4.316178799,1
1583,1345,-23.71800041,-3.085370541,1
1583,1377,-25.15671349,-4.203053951,1
1583,1409,-27.48306656,-2.168017387,1
1583,1441,-19.24537086,-4.628055096,1
1583,1473,-17.79211044,-6.534169197,1
1583,1505,-16.17910385,-6.796105385,1
1583,1537,NaN,NaN,2
1583,1569,NaN,NaN,2
1583,1601,-21.14747429,-16.56715012,1
1583,1633,-21.5687542,-18.40589905,1
1583,1665,-21.65661049,-18.70092583,1
1583,1697,-17.99742317,-17.9709568,1
1583,1729,-16.18932724,-18.00485992,1
1583,1761,-14.14452267,-18.02102089,1
1583,1793,-15.03582287,-18.50273705,1
1583,1825,-16.23207474,-19.76884651,1
1583,1857,-16.5559845,-19.10960579,1
1583,1889,-16.24758911,-17.93838692,1
1583,1921,-15.54068661,-18.06201363,1
1583,1953,-14.74552822,-17.50868034,1
1583,1985,-15.15015602,-16.29685402,1
1583,2017,-15.56592369,-18.30459785,1
1615,33,0.4153312445,0.4222077131,1
1615,65,-0.9498243332,3.757210732,1
1615,97,-0.7302254438,4.230718613,1
1615,129,-0.2178693414,3.777224064,1
1615,161,0.05089211464,4.451357365,1
1615,193,0.5907175541,4.098261356,1
1615,225,0.3407841325,3.994538784,1
1615,257,-0.4005075097,3.235363483,1
1615,289,-0.6229655743,0.6500496864,1
1615,321,-0.1263423562,0.6632367373,1
1615,353,-1.257239342,0.1650578976,1
1615,385,-3.369781971,0.8484652638,1
1615,417,-3.944322824,1.545774102,1
1615,449,-1.264143467,1.939444065,1
1615,481,-0.9947657585,2.949457169,1
1615,513,-1.39192605,3.814379692,1
1615,545,-2.453840256,5.811902046,1
1615,577,-0.9983739853,6.818904877,1
1615,609,-3.049625397,6.604364395,1
1615,641,-4.92715168,5.812954426,1
1615,673,-5.056274891,5.647950649,1
1615,705,-6.024311066,5.152458668,1
1615,737,-7.827804089,4.812567234,1
1615,769,-8.780687332,5.235782623,1
1615,801,-8.969665527,4.95928669,1
1615,833,-8.381679535,3.469790936,1
1615,865,-7.933204651,0.5807503462,1
1615,897,-8.206829071,-2.333953857,1
1615,929,-8.162579536,-3.307589293,1
1615,961,-8.16629982,-3.859798908,1
1615,993,-7.003722191,-5.600688934,1
1615,1025,NaN,NaN,2
1615,1057,NaN,NaN,2
1615,1089,-15.28297329,3.615356922,1
1615,1121,-16.86692429,0.04142993689,1
1615,1153,-21.21726227,-1.642438173,1
1615,1185,-22.42554474,-2.164647102,1
1615,1217,-19.11079979,-2.724947453,1
1615,1249,-17.67873764,-3.756648064,1
1615,1281,-15.72800541,-3.431125641,1
1615,1313,-17.97715759,-3.276200533,1
1615,1345,-20.70491219,-2.850395441,1
1615,1377,NaN,NaN,2
1615,1409,NaN,NaN,2
1615,1441,-15.41527081,-2.333249569,1
1615,1473,-14.93728065,-4.283940792,1
1615,1505,-13.32403946,-6.745262146,1
1615,1537,-15.90653992,-8.492747307,1
1615,1569,NaN,NaN,2
1615,1601,-17.52075577,-16.75728798,1
1615,1633,-19.66218948,-18.90556335,1
1615,1665,-18.81790543,-18.80681419,1
1615,1697,-17.64808846,-18.40396309,1
1615,1729,-16.3119545,-17.3662529,1
1615,1761,-15.17383671,-16.56219292,1
1615,1793,-15.34222031,-17.11229515,1
1615,1825,-16.67315292,-19.93957901,1
1615,1857,-17.1978035,-20.78903961,1
1615,1889,-17.19867897,-18.758358,1
1615,1921,-15.74103928,-17.31509399,1
1615,1953,-14.74954891,-16.34004784,1
1615,1985,-13.76916027,-13.66803741,1
1615,2017,-14.91462803,-18.66176224,1
1647,33,0.4711455107,0.4832571745,1
1647,65,0.6136434674,3.906525373,1
1647,97,0.350971818,5.0826931,1
1647,129,0.0727417469,4.285550594,1
1647,161,-0.3616327047,4.328403473,1
1647,193,-0.1706222296,3.924203396,1
1647,225,-0.3830821514,3.991729021,1
1647,257,-1.05812633,3.040112734,1
1647,289,-1.115181684,1.479366541,1
1647,321,-1.236823082,-0.7051129341,1
1647,353,-1.932586908,-0.45964396,1
1647,385,-3.634901762,1.8341465,1
1647,417,-3.720793486,2.092648029,1
1647,449,-2.923901081,1.733645916,1
1647,481,-1.831985474,3.873907804,1
1647,513,-1.744973183,6.259356976,1
1647,545,-1.706983566,8.152259827,1
1647,577,-1.448208094,7.061919689,1
1647,609,-2.604504347,5.825321674,1
1647,641,-4.450148106,4.63137722,1
1647,673,-5.469547749,4.407328606,1
1647,705,-6.107066631,4.943780899,1
1647,737,-7.244441509,5.220216274,1
1647,769,-7.925453186,4.785974503,1
1647,801,-7.820688725,4.783175945,1
1647,833,-7.858912468,3.332029819,1
1647,865,-8.258031845,-0.02421057224,1
1647,897,-7.628746986,-2.618171215,1
1647,929,-7.701602936,-3.014365196,1
1647,961,-7.582725048,-2.803108454,1
1647,993,-5.002627373,-3.054149151,1
1647,1025,-6.426750183,-3.736693144,1
1647,1057,NaN,NaN,2
1647,1089,NaN,NaN,2
1647,1121,-14.60512638,-0.6448626518,1
1647,1153,-14.32629108,-1.883834004,1
1647,1185,-14.64153671,-2.641696453,1
1647,1217,-15.82871628,-5.106431007,1
1647,1249,-15.61336231,-6.039678574,1
1647,1281,-14.92181587,-3.589183331,1
1647,1313,-18.3901825,-3.263004303,1
1647,1345,-19.12882805,-3.610104084,1
1647,1377,-16.82011032,-4.018482208,1
1647,1409,NaN,NaN,2
1647,1441,-13.73204613,-3.826265812,1
1647,1473,-12.63202286,-2.997868061,1
1647,1505,-13.02256966,-6.174808502,1
1647,1537,-14.36461067,-9.717507362,1
1647,1569,-13.21317482,-13.67293453,1
1647,1601,-14.17257881,-16.03762817,1
1647,1633,-15.29930687,-17.41840744,1
1647,1665,-17.15176773,-18.77447891,1
1647,1697,-19.63760567,-20.45885658,1
1647,1729,-14.97156334,-17.10366821,1
1647,1761,-15.0279541,-16.72707748,1
1647,1793,-15.56723595,-16.66984177,1
1647,1825,-17.02628708,-18.87129211,1
1647,1857,-17.4943161,-20.23813629,1
1647,1889,-17.2338829,-18.38735008,1
1647,1921,-16.05641556,-16.83538246,1
1647,1953,-14.79076385,-15.87083435,1
1647,1985,NaN,NaN,2
1647,2017,NaN,NaN,2
1679,33,-0.1486709714,0.5433441997,1
1679,65,2.083116055,4.187170982,1
1679,97,2.97420454,5.926959991,1
1679,129,1.419612885,4.78815937,1
1679,161,-0.7656120062,4.579275131,1
1679,193,-0.340470463,2.713539124,1
1679,225,-0.4663778543,1.063313484,1
1679,257,-1.240156889,1.550575256,1
1679,289,-1.666910768,1.002052069,1
1679,321,-1.762913704,-0.9045305252,1
1679,353,-1.959519148,0.5401259661,1
1679,385,-3.150947809,2.214281559,1
1679,417,-4.750318527,2.551415443,1
1679,449,-3.020410538,5.243600845,1
1679,481,-1.336859226,5.920033455,1
1679,513,-0.4362249374,6.112215042,1
1679,545,-1.139362574,8.374990463,1
1679,577,-2.133128166,3.738713264,1
1679,609,-2.895390987,2.387931347,1
1679,641,-4.300705433,3.168819666,1
1679,673,-5.582674503,3.252711773,1
1679,705,-6.649309635,4.536771297,1
1679,737,-7.43839407,4.495014668,1
1679,769,-7.607885361,3.56519556,1
1679,801,-7.401574135,3.547970057,1
1679,833,-6.889148712,2.286529779,1
1679,865,-7.036531925,-0.4698125124,1
1679,897,-6.912523746,-0.6756231785,1
1679,929,-6.773868084,-1.027720213,1
1679,961,-5.670984745,-0.7903870344,1
1679,993,-3.980452538,-1.256815553,1
1679,1025,-5.858864307,-1.030545115,1
1679,1057,-9.277514458,-0.3678768873,1
1679,1089,-12.15201092,-0.535441637,1
1679,1121,-14.00816154,-2.860973835,1
1679,1153,-14.83606243,-3.895823956,1
1679,1185,-14.03657055,-2.797558308,1
1679,1217,-11.77728271,-4.840166092,1
1679,1249,-11.47692776,-6.305500984,1
1679,1281,-11.78709602,-3.001921892,1
1679,1313,-15.84045982,-2.990130424,1
1679,1345,-18.05421829,-3.11311841,1
1679,1377,-16.69499779,-4.002575397,1
1679,1409,-15.18780994,-4.806108475,1
1679,1441,-14.29751968,-5.288554192,1
1679,1473,-14.48377895,-5.884043217,1
1679,1505,-14.67449188,-7.534460068,1
1679,1537,-15.00226307,-10.23305702,1
1679,1569,-13.59089565,-12.30508518,1
1679,1601,-14.04727077,-14.347229,1
1679,1633,-15.11514282,-16.48381424,1
1679,1665,-17.18048286,-17.46097946,1
1679,1697,-17.82718277,-18.03104019,1
1679,1729,-16.57098007,-17.38947296,1
1679,1761,-16.33097267,-18.3919735,1
1679,1793,-16.54932976,-18.55303764,1
1679,1825,-16.84441948,-17.71748543,1
1679,1857,-16.87692261,-19.30249405,1
1679,1889,-16.54031944,-18.17115974,1
1679,1921,-15.98762131,-16.36195946,1
1679,1953,-15.06859493,-15.85542679,1
1679,1985,-16.91676521,-15.34427261,1
1679,2017,-14.85043621,-15.03582954,1
1711,33,-1.109257817,0.5146077871,1
1711,65,0.7518422604,3.496446133,1
1711,97,1.902289152,3.483602524,1
1711,129,2.048761129,3.728537083,1
1711,161,-0.5775614381,3.218748569,1
1711,193,0.01681923866,0.1499054432,1
1711,225,0.3058137298,-0.1113836765,1
1711,257,-0.844214201,1.085239887,1
1711,289,NaN,NaN,2
1711,321,-1.505531549,1.444895029,1
1711,353,-1.875682116,1.565803528,1
1711,385,-3.873981714,2.841851473,1
1711,417,-5.116692543,3.492013454,1
1711,449,-4.873562336,4.878067017,1
1711,481,-2.113358974,5.51530695,1
1711,513,NaN,NaN,2
1711,545,-0.8371624947,1.155017138,1
1711,577,-3.609966278,2.055021048,1
1711,609,-3.569049597,1.40574789,1
1711,641,-4.149927616,2.482161283,1
1711,673,-4.719998837,3.420467854,1
1711,705,NaN,NaN,2
1711,737,-7.077973843,4.383858681,1
1711,769,-7.093162537,3.230744362,1
1711,801,NaN,NaN,2
1711,833,-6.566384315,1.314535856,1
1711,865,-5.320614815,0.5873227119,1
1711,897,-6.559331417,-0.894939363,1
1711,929,-6.266242981,-1.078644037,1
1711,961,-6.031006813,-0.5741404295,1
1711,993,-6.075762749,-0.6020815372,1
1711,1025,-7.054405212,-0.6224573255,1
1711,1057,-9.072018623,-0.3735587001,1
1711,1089,-11.63252258,-1.360146284,1
1711,1121,-13.49639511,-2.740537167,1
1711,1153,NaN,NaN,2
1711,1185,-13.93126869,-0.9605449438,1
1711,1217,-11.66017342,-2.49164772,1
1711,1249,-12.20409107,-3.846922636,1
1711,1281,-12.6169157,-2.396982431,1
1711,1313,-14.61257458,-1.405551434,1
1711,1345,-17.67004776,-3.08834672,1
1711,1377,-16.49124336,-3.831299782,1
1711,1409,-14.62033272,-3.460568905,1
1711,1441,-14.58926105,-4.968802452,1
1711,1473,-14.61859608,-6.624288559,1
1711,1505,-15.0772438,-7.603491306,1
1711,1537,-15.00529575,-7.891575813,1
1711,1569,-14.15514278,-10.31694031,1
1711,1601,-12.57868004,-12.99240875,1
1711,1633,-14.36327076,-15.43491554,1
1711,1665,-15.58234978,-15.82537556,1
1711,1697,-16.88071823,-16.10839462,1
1711,1729,-17.83190727,-17.8279686,1
1711,1761,-17.55454636,-17.60405159,1
1711,1793,-18.31210899,-17.06724167,1
1711,1825,-17.42098427,-16.96788597,1
1711,1857,-16.05891228,-19.283041,1
1711,1889,-16.07918549,-16.72405243,1
1711,1921,-15.95143986,-16.46319962,1
1711,1953,-16.86206627,-15.50451565,1
1711,1985,-17.45900345,-13.82400894,1
1711,2017,-14.75734615,-13.38864994,1
1743,33,-1.50755775,0.1336694956,1
1743,65,0.3794339299,1.693652511,1
1743,97,1.089429617,1.33932209,1
1743,129,0.9207035303,1.559803247,1
1743,161,0.009904652834,2.608054161,1
1743,193,-0.6507155895,0.754876852,1
1743,225,-0.3032117486,1.302491665,1
1743,257,0.03761297464,1.538707256,1
1743,289,NaN,NaN,2
1743,321,NaN,NaN,2
1743,353,NaN,NaN,2
1743,385,-6.172943115,3.788186789,1
1743,417,-5.440414906,3.509768009,1
1743,449,-5.407739162,3.729038477,1
1743,481,-7.905064583,4.894266605,1
1743,513,NaN,NaN,2
1743,545,-3.912954807,3.744909763,1
1743,577,-3.778399467,2.149368048,1
1743,609,-3.966335773,1.510115147,1
1743,641,-4.493823051,2.150535822,1
1743,673,-6.630760193,3.832268,1
1743,705,-6.631813049,3.189513683,1
1743,737,-7.240170479,3.222493649,1
1743,769,-7.127513409,3.292174816,1
1743,801,-7.475585461,2.99967289,1
1743,833,-7.005739212,2.461499214,1
1743,865,NaN,NaN,2
1743,897,-4.971940517,-0.9549314976,1
1743,929,-5.716600418,-0.9946156144,1
1743,961,-6.787668705,-0.3284900784,1
1743,993,-6.950505257,-0.5622793436,1
1743,1025,-6.627031803,-0.3547926545,1
1743,1057,-8.456830025,-0.4614415169,1
1743,1089,-10.95934963,-0.6381911039,1
1743,1121,-12.30017471,-1.334199905,1
1743,1153,-12.98248863,-0.5987559557,1
1743,1185,-13.31583881,1.314658642,1
1743,1217,-13.40197849,1.293242574,1
1743,1249,-14.16563416,-2.023236513,1
1743,1281,-14.93830776,-2.069732666,1
1743,1313,-16.05355835,-3.104308605,1
1743,1345,-17.14030075,-4.082490444,1
1743,1377,-16.28236389,-3.918473005,1
1743,1409,-15.08463097,-3.788416386,1
1743,1441,-14.56695175,-4.949183464,1
1743,1473,-14.85398388,-7.86544466,1
1743,1505,-15.84419918,-7.25439167,1
1743,1537,-15.15836811,-7.415371895,1
1743,1569,-14.91853333,-10.70499325,1
1743,1601,-14.67182922,-12.50104237,1
1743,1633,-13.51476288,-14.09015846,1
1743,1665,-14.46262646,-14.73144054,1
1743,1697,-18.06519508,-15.64449596,1
1743,1729,-19.97710037,-17.51156425,1
1743,1761,-18.80266953,-17.11555481,1
1743,1793,-17.12947083,-16.43433189,1
1743,1825,-16.21201515,-16.43736839,1
1743,1857,-15.82334042,-18.9851265,1
1743,1889,-15.75847816,-15.66067886,1
1743,1921,-15.68692207,-15.67839718,1
1743,1953,-17.02857971,-18.02128792,1
1743,1985,-14.40941238,-16.50929451,1
1743,2017,NaN,NaN,2
1775,33,-1.248316407,0.1762739718,1
1775,65,-0.006909966469,2.114297152,1
1775,97,0.1601947248,1.877165794,1
1775,129,-1.544255495,1.89188695,1
1775,161,-3.964138985,2.843337774,1
1775,193,-2.872830868,2.715646505,1
1775,225,-0.5339528322,1.144248605,1
1775,257,0.7905711532,1.194878936,1
1775,289,0.2152534425,2.222409248,1
1775,321,NaN,NaN,2
1775,353,NaN,NaN,2
1775,385,-6.602296829,5.725195885,1
1775,417,-6.088426113,4.88338995,1
1775,449,-4.859443665,3.081335545,1
1775,481,-6.15555954,3.05235815,1
1775,513,NaN,NaN,2
1775,545,-4.783794403,5.822990417,1
1775,577,-3.975082397,1.165841103,1
1775,609,-4.181049824,-0.1614279747,1
1775,641,-4.95290184,0.9582263231,1
1775,673,-6.470668316,2.171060562,1
1775,705,-8.908075333,2.281773806,1
1775,737,-9.235860825,1.169341803,1
1775,769,-7.204957008,2.964560747,1
1775,801,-6.915324211,2.981839657,1
1775,833,-6.96168375,2.145634651,1
1775,865,-6.411327839,4.193295002,1
1775,897,-5.844278812,0.5179446936,1
1775,929,-6.189957142,0.08270488679,1
1775,961,-7.025866032,0.1814911216,1
1775,993,-7.398448944,0.1108657122,1
1775,1025,-6.798213005,0.5887793303,1
1775,1057,NaN,NaN,2
1775,1089,-12.36246586,-0.3460722566,1
1775,1121,-12.51416683,-1.581770658,1
1775,1153,-13.86824608,0.9454101324,1
1775,1185,-15.62837219,1.576399565,1
1775,1217,-15.41106606,1.490659714,1
1775,1249,-14.50126076,-0.6017438173,1
1775,1281,-14.88291264,-2.13215065,1
1775,1313,-15.56157017,-3.211448431,1
1775,1345,-16.16903877,-4.146407127,1
1775,1377,-16.05939865,-4.869151592,1
1775,1409,-15.45457172,-5.024849892,1
1775,1441,-14.87651348,-5.730116367,1
1775,1473,-14.99232769,-7.117698193,1
1775,1505,-15.6997366,-7.105341911,1
1775,1537,-15.748806,-9.036187172,1
1775,1569,-15.38914299,-10.65317345,1
1775,1601,-16.26550293,-11.39610958,1
1775,1633,-16.04477692,-13.24552441,1
1775,1665,-16.02701569,-13.54230595,1
1775,1697,-17.751791,-15.11356258,1
1775,1729,-18.38214874,-16.35038567,1
1775,1761,-18.27538681,-16.74797821,1
1775,1793,-16.77511215,-16.52151489,1
1775,1825,NaN,NaN,2
1775,1857,NaN,NaN,2
1775,1889,-15.59937668,-15.99022865,1
1775,1921,-16.52486992,-15.47642422,1
1775,1953,-16.41466904,-16.75535583,1
1775,1985,-14.72791672,-14.69708729,1
1775,2017,NaN,NaN,2
1807,33,-1.053875566,0.776301384,1
1807,65,-0.4083951712,4.424265385,1
1807,97,-0.8442670107,3.664499998,1
1807,129,-3.715261698,3.196129084,1
1807,161,-2.028740644,3.600463867,1
1807,193,-1.585156441,3.283011913,1
1807,225,-1.781137466,2.387572289,1
1807,257,-0.612088263,1.630736589,1
1807,289,0.3971680105,1.078175068,1
1807,321,-0.3869081736,4.047189713,1
1807,353,-1.914449453,9.665727615,1
1807,385,-3.350805759,8.114764214,1
1807,417,-5.074468136,7.782702446,1
1807,449,-3.099284172,4.659239292,1
1807,481,-3.851983547,3.571910858,1
1807,513,-4.766626358,3.270299435,1
1807,545,NaN,NaN,2
1807,577,-4.289409637,1.900493383,1
1807,609,NaN,NaN,2
1807,641,-5.273071289,1.35758698,1
1807,673,-7.252222538,1.65591085,1
1807,705,-7.802768707,2.394227028,1
1807,737,-7.130344391,2.41080904,1
1807,769,-6.639950752,2.74057436,1
1807,801,-6.200541496,2.25602746,1
1807,833,-5.882276058,1.922886133,1
1807,865,-5.601544857,1.462734818,1
1807,897,-5.102384567,0.01938343048,1
1807,929,-6.009465694,0.3208445013,1
1807,961,-7.565834045,0.6430795193,1
1807,993,-8.660172462,1.10136497,1
1807,1025,-8.338517189,1.462646961,1
1807,1057,NaN,NaN,2
1807,1089,-13.01461697,-0.9652110934,1
1807,1121,-11.78765678,-0.8046411276,1
1807,1153,-12.72528744,1.394085288,1
1807,1185,-16.03104401,-0.1696946621,1
1807,1217,-16.20220184,0.07280516624,1
1807,1249,-14.45053577,-0.3266284466,1
1807,1281,-14.26437187,-1.986057162,1
1807,1313,-14.71847153,-2.935035706,1
1807,1345,-15.39054585,-3.912912846,1
1807,1377,-15.32888889,-6.184590816,1
1807,1409,NaN,NaN,2
1807,1441,-14.91720104,-5.837451935,1
1807,1473,-13.93011475,-6.107635975,1
1807,1505,-13.559412,-6.388551712,1
1807,1537,NaN,NaN,2
1807,1569,NaN,NaN,2
1807,1601,-15.10756874,-8.98717308,1
1807,1633,-15.08566189,-11.39898872,1
1807,1665,NaN,NaN,2
1807,1697,-16.25982285,-14.04066944,1
1807,1729,-18.73257446,-16.13136292,1
1807,1761,-19.31765747,-17.05042839,1
1807,1793,-17.55827332,-16.4798069,1
1807,1825,-15.74874306,-15.76992893,1
1807,1857,-15.19397354,-16.05436134,1
1807,1889,-15.20686531,-17.21090508,1
1807,1921,-17.06645393,-16.9643383,1
1807,1953,-14.85399342,-13.23435593,1
1807,1985,-7.323648453,-1.062794209,1
1807,2017,-0.2903966904,-0.3934955597,1
1839,33,-0.6376460195,0.8254672885,1
1839,65,NaN,NaN,2
1839,97,-1.184192181,3.398729563,1
1839,129,-2.002948284,3.953121901,1
1839,161,-2.152415037,4.900190353,1
1839,193,-1.829885602,3.937452078,1
1839,225,-1.637826562,2.510209799,1
1839,257,-0.6504428983,1.065803885,1
1839,289,0.5196647644,-0.4303725958,1
1839,321,-0.1285212338,1.375985861,1
1839,353,NaN,NaN,2
1839,385,NaN,NaN,2
1839,417,-3.283052444,7.337003231,1
1839,449,-3.122211933,4.102931976,1
1839,481,-3.111455202,4.31742382,1
1839,513,-2.755130053,3.908170462,1
1839,545,-3.332096338,4.208786011,1
1839,577,-3.909050465,3.951250553,1
1839,609,-3.686994553,2.451570511,1
1839,641,-5.730256081,1.991123319,1
1839,673,-7.661438465,1.791340113,1
1839,705,-6.868237019,3.107685328,1
1839,737,-2.091629505,2.701601028,1
1839,769,-4.219697952,2.331935644,1
1839,801,-4.409316063,0.4774303436,1
1839,833,NaN,NaN,2
1839,865,-3.364280224,1.408679724,1
1839,897,-5.957201958,0.8335771561,1
1839,929,-6.448685646,1.036673546,1
1839,961,-7.402037621,1.304262161,1
1839,993,-7.897710323,1.409857035,1
1839,1025,-8.801840782,1.687759876,1
1839,1057,-12.42557812,1.441161036,1
1839,1089,-11.80782986,-0.2939147949,1
1839,1121,-10.61995506,0.2681261301,1
1839,1153,-10.5138216,1.195763111,1
1839,1185,-12.97137642,-0.3668040633,1
1839,1217,-13.29467201,-0.2804788947,1
1839,1249,-13.68679142,-0.8741555214,1
1839,1281,-13.57193184,-1.951402187,1
1839,1313,-14.36390495,-1.920378685,1
1839,1345,-15.0928154,-3.468147039,1
1839,1377,-15.53475857,-5.616663456,1
1839,1409,-14.74277973,-8.17550087,1
1839,1441,NaN,NaN,2
1839,1473,-13.20166779,-6.576632977,1
1839,1505,-13.0859108,-5.477420807,1
1839,1537,NaN,NaN,2
1839,1569,-13.7440815,-7.412192345,1
1839,1601,-13.92661762,-7.544548988,1
1839,1633,-13.94288635,-9.35253334,1
1839,1665,-14.91165829,-12.16538429,1
1839,1697,-16.50444031,-14.95386791,1
1839,1729,-16.30854797,-16.18871689,1
1839,1761,-17.17469788,-16.35602188,1
1839,1793,-17.26099777,-15.85294914,1
1839,1825,-15.50575924,-15.17669582,1
1839,1857,-14.33044434,-15.14870548,1
1839,1889,-15.30509758,-16.08654404,1
1839,1921,-16.28052139,-16.05981064,1
1839,1953,-15.46634579,-14.13418198,1
1839,1985,-8.969967842,-3.74676013,1
1839,2017,0.6018118858,1.093344688,1
1871,33,0.0853587985,0.3944671154,1
1871,65,-0.6076568961,3.094695091,1
1871,97,-1.033128977,2.993342638,1
1871,129,-1.524685383,3.904219151,1
1871,161,-1.822738886,4.58325243,1
1871,193,-1.876395106,3.828356266,1
1871,225,-1.440332174,2.640763521,1
1871,257,-0.8510638475,1.468965769,1
1871,289,-0.2683087587,0.3955829144,1
1871,321,-0.5183956623,0.3963514566,1
1871,353,-1.65716064,0.3317492008,1
1871,385,-2.507000208,0.3899928331,1
1871,417,-3.387587309,1.92296195,1
1871,449,-3.667485714,3.232725382,1
1871,481,-4.12315464,3.193739176,1
1871,513,-3.538387775,2.354481697,1
1871,545,-3.997125626,2.001844406,1
1871,577,-4.377828598,2.255022287,1
1871,609,-6.646398544,3.374871254,1
1871,641,-8.001781464,3.748759508,1
1871,673,-7.333796978,2.248911619,1
1871,705,NaN,NaN,2
1871,737,NaN,NaN,2
1871,769,-2.700008392,1.811069846,1
1871,801,-3.898186684,-0.5251067877,1
1871,833,-4.004859924,-0.01737236977,1
1871,865,-4.455069542,1.696117043,1
1871,897,-5.154470444,3.33215189,1
1871,929,-6.882396698,2.431043625,1
1871,961,-7.174015522,2.007764339,1
1871,993,-6.367168427,1.953647614,1
1871,1025,-7.977409363,2.183841228,1
1871,1057,-10.17690659,2.136814594,1
1871,1089,-11.49507523,1.199321747,1
1871,1121,-11.3612175,0.100874275,1
1871,1153,-11.31893539,-0.7078589201,1
1871,1185,-10.74647903,-1.226438761,1
1871,1217,-11.18622589,-0.1681535244,1
1871,1249,-12.16320419,-1.306087971,1
1871,1281,-13.45353889,-2.277694225,1
1871,1313,-14.43938923,-2.869086742,1
1871,1345,-15.29773331,-3.862262964,1
1871,1377,-15.32433224,-5.234806061,1
1871,1409,-14.79038906,-6.545651436,1
1871,1441,-13.29776669,-7.179719925,1
1871,1473,-12.30287266,-5.732722282,1
1871,1505,-13.71477222,-3.221111774,1
1871,1537,-13.42584324,-6.741598606,1
1871,1569,-12.93164253,-7.728543282,1
1871,1601,-13.16393661,-8.504312515,1
1871,1633,-12.90851784,-9.149503708,1
1871,1665,-13.26325798,-12.11199284,1
1871,1697,-14.38298035,-14.81330204,1
1871,1729,-14.88612175,-15.06585979,1
1871,1761,-15.27187157,-14.5695467,1
1871,1793,-15.54903316,-14.16032887,1
1871,1825,-14.31062698,-14.81188393,1
1871,1857,NaN,NaN,2
1871,1889,NaN,NaN,2
1871,1921,NaN,NaN,2
1871,1953,NaN,NaN,2
1871,1985,NaN,NaN,2
1871,2017,NaN,NaN,2
1903,33,-1.031007886,0.4224107265,1
1903,65,NaN,NaN,2
1903,97,-1.43115592,3.006366968,1
1903,129,-0.8722113371,3.70264411,1
1903,161,-0.9222718477,3.315448046,1
1903,193,-0.7000218034,3.132193327,1
1903,225,0.2048254609,2.834078074,1
1903,257,-1.489964008,3.121660233,1
1903,289,-1.725292683,1.548391581,1
1903,321,-1.624537945,0.9034795761,1
1903,353,-3.194259644,0.447360754,1
1903,385,-4.035408974,0.8934962749,1
1903,417,-3.974975348,1.709719658,1
1903,449,-3.932890654,2.973929882,1
1903,481,-4.314832687,2.483004093,1
1903,513,-4.646444321,1.763309479,1
1903,545,-4.977787495,1.849038601,1
1903,577,-4.767225266,2.166463614,1
1903,609,-4.40518856,2.531929493,1
1903,641,-6.325783253,4.941679955,1
1903,673,-5.290838242,2.700503111,1
1903,705,-7.478178501,3.669120312,1
1903,737,-4.632212162,3.519414663,1
1903,769,-4.177033901,1.477266788,1
1903,801,-4.237345695,0.6012818217,1
1903,833,-4.105676651,0.649076283,1
1903,865,-5.359708309,1.428195357,1
1903,897,-6.115594864,2.433288097,1
1903,929,-6.776303768,2.659922123,1
1903,961,-7.710893154,3.21613121,1
1903,993,-6.467125893,2.900918961,1
1903,1025,-8.481225014,3.194178343,1
1903,1057,-9.689817429,2.47356081,1
1903,1089,-10.46453476,1.857294917,1
1903,1121,-11.4802618,0.116411835,1
1903,1153,-11.32241058,-1.759759665,1
1903,1185,-9.953881264,-2.301221848,1
1903,1217,-9.45036602,-1.821442604,1
1903,1249,-11.91660786,-1.538948655,1
1903,1281,-14.01245975,-1.97067821,1
1903,1313,-15.96742058,-3.283309698,1
1903,1345,-16.54461098,-4.360190392,1
1903,1377,-16.14420509,-4.836366177,1
1903,1409,-16.05373764,-4.993693829,1
1903,1441,-14.89449596,-4.960118294,1
1903,1473,-14.30192184,-3.969973087,1
1903,1505,-14.98414993,-3.400084972,1
1903,1537,NaN,NaN,2
1903,1569,-12.96735764,-6.993861675,1
1903,1601,-13.33147717,-8.100743294,1
1903,1633,-12.90335464,-8.997569084,1
1903,1665,-11.8659153,-12.15342426,1
1903,1697,-11.39356422,-13.43869305,1
1903,1729,-15.15862274,-12.62899399,1
1903,1761,-17.15658569,-13.6772337,1
1903,1793,-16.0209465,-12.57037258,1
1903,1825,-13.08172321,-11.36995411,1
1903,1857,-13.79765701,-15.2964077,1
1903,1889,NaN,NaN,2
1903,1921,NaN,NaN,2
1903,1953,NaN,NaN,2
1903,1985,-11.44624424,-6.775222778,1
1903,2017,-13.74099922,-9.204519272,1
1935,33,0.2438402176,0.1042085886,1
1935,65,NaN,NaN,2
1935,97,-2.535900354,5.153650284,1
1935,129,0.06447058916,4.912038803,1
1935,161,0.8863639832,3.628819466,1
1935,193,0.8705984354,2.828212261,1
1935,225,-0.09372651577,3.018704414,1
1935,257,-1.07724905,3.65033102,1
1935,289,-2.222137928,1.798252583,1
1935,321,-2.142142057,1.16564393,1
1935,353,-3.103159428,0.8069694042,1
1935,385,-3.726850986,1.044769764,1
1935,417,-4.127297401,1.728552461,1
1935,449,-4.793646812,2.326714039,1
1935,481,-5.000207424,1.343540192,1
1935,513,-5.658398628,0.3121032715,1
1935,545,-4.994819641,1.736272931,1
1935,577,-4.795370102,2.010931492,1
1935,609,-4.281082153,2.191020012,1
1935,641,-4.893793106,3.235803843,1
1935,673,-4.487399101,4.596383095,1
1935,705,-5.281103611,3.210093498,1
1935,737,-4.048978806,2.331922054,1
1935,769,-4.052412033,1.678254366,1
1935,801,-4.332372665,1.049466491,1
1935,833,-4.275591373,0.6380969286,1
1935,865,-5.010669231,1.130916119,1
1935,897,-5.197795391,1.869592905,1
1935,929,-5.246621609,2.489130497,1
1935,961,NaN,NaN,2
1935,993,NaN,NaN,2
1935,1025,-8.838230133,3.950736523,1
1935,1057,-9.225369453,3.112924099,1
1935,1089,-9.988916397,2.281815529,1
1935,1121,-11.74479389,0.2402539253,1
1935,1153,-11.02772331,-0.5522456169,1
1935,1185,-7.866961479,-1.780801773,1
1935,1217,-8.462417603,-2.6741817,1
1935,1249,-11.535923,-2.175609589,1
1935,1281,-14.20514011,-0.3102022409,1
1935,1313,-15.17379856,-2.250602007,1
1935,1345,-16.00503159,-3.412377596,1
1935,1377,-15.67429829,-4.773170471,1
1935,1409,-15.75058556,-5.067678928,1
1935,1441,-15.00079632,-5.044721127,1
1935,1473,-14.67788029,-2.882351875,1
1935,1505,-14.18281651,-2.812593937,1
1935,1537,NaN,NaN,2
1935,1569,-13.35391998,-4.883570194,1
1935,1601,-13.68136692,-6.637236118,1
1935,1633,-12.84837341,-8.547717094,1
1935,1665,-12.24742794,-10.72170925,1
1935,1697,-12.38936329,-11.66685867,1
1935,1729,-15.66680527,-12.57666874,1
1935,1761,-15.8258934,-13.47061443,1
1935,1793,-14.3166275,-11.20629025,1
1935,1825,-14.69232655,-9.945731163,1
1935,1857,-15.88664532,-13.48565578,1
1935,1889,-13.83275986,-15.72683144,1
1935,1921,-9.194495201,-14.50084686,1
1935,1953,NaN,NaN,2
1935,1985,-9.937083244,-6.634767056,1
1935,2017,NaN,NaN,2
1967,33,1.862527609,-0.1234197617,1
1967,65,-0.8198613524,2.321758747,1
1967,97,-2.193651199,5.35028553,1
1967,129,0.3464328051,5.275428295,1
1967,161,-0.3690116405,3.748524189,1
1967,193,-0.197259903,3.376107454,1
1967,225,-0.481690824,2.782217026,1
1967,257,-1.006012201,2.163466692,1
1967,289,-1.030849218,1.13046813,1
1967,321,-1.207193375,0.8217353821,1
1967,353,-1.836910605,1.49089694,1
1967,385,NaN,NaN,2
1967,417,-5.849490166,1.677304506,1
1967,449,-5.187150955,1.58231473,1
1967,481,-3.594437361,1.082365513,1
1967,513,-5.182915211,-0.9317398071,1
1967,545,-5.657444477,-0.9243552685,1
1967,577,-4.283676624,1.233350277,1
1967,609,-5.46826458,1.414450645,1
1967,641,-5.734485626,2.234517813,1
1967,673,-2.295710087,4.857622147,1
1967,705,-3.763677597,3.450215101,1
1967,737,-3.75812006,1.709263802,1
1967,769,-3.979375362,1.157882571,1
1967,801,-4.000281334,0.5397965908,1
1967,833,-5.585855961,-0.2335597873,1
1967,865,-6.139462471,-0.1267695427,1
1967,897,-2.688811302,0.66452384,1
1967,929,NaN,NaN,2
1967,961,-3.842619896,-1.892543077,1
1967,993,NaN,NaN,2
1967,1025,-8.128170967,4.25161171,1
1967,1057,-7.949478149,2.922815323,1
1967,1089,-9.610681534,1.839848757,1
1967,1121,-10.97604752,0.8990943432,1
1967,1153,-10.71013927,0.9354940653,1
1967,1185,-10.35112476,-0.1274975538,1
1967,1217,-11.37184906,-0.8300595284,1
1967,1249,-12.64657211,0.4840131998,1
1967,1281,-13.78911018,-0.4634094238,1
1967,1313,-15.92388248,-2.225878239,1
1967,1345,NaN,NaN,2
1967,1377,-14.64327431,-4.390289307,1
1967,1409,-14.58522511,-5.956560135,1
1967,1441,-14.2643013,-5.74161911,1
1967,1473,-14.10367393,-3.451022625,1
1967,1505,-15.05813026,-4.163078785,1
1967,1537,NaN,NaN,2
1967,1569,NaN,NaN,2
1967,1601,-13.45341206,-5.550727844,1
1967,1633,-12.96341515,-8.043069839,1
1967,1665,-12.82275963,-9.96866703,1
1967,1697,-12.87261868,-10.93239498,1
1967,1729,NaN,NaN,2
1967,1761,-16.97932243,-12.87521172,1
1967,1793,-14.09851074,-10.52622223,1
1967,1825,NaN,NaN,2
1967,1857,NaN,NaN,2
1967,1889,-12.70069599,-13.90105629,1
1967,1921,-10.95454788,-13.6183157,1
1967,1953,NaN,NaN,2
1967,1985,-3.961871147,-9.048439026,1
1967,2017,NaN,NaN,2
1999,33,2.467663765,0.348518014,1
1999,65,-1.437450409,2.992782354,1
1999,97,-2.70902586,5.76032114,1
1999,129,-0.7642211914,5.622464657,1
1999,161,-1.736895561,4.959488869,1
1999,193,-1.538254857,3.965518951,1
1999,225,-1.615931988,2.046750307,1
1999,257,-0.7283186913,0.1738710403,1
1999,289,-0.3996498585,-0.211766839,1
1999,321,-0.0005350112915,0.5407005548,1
1999,353,-0.4179263115,1.827412367,1
1999,385,-3.611204624,3.027866125,1
1999,417,-4.599651814,2.146375418,1
1999,449,-3.873338223,1.174807072,1
1999,481,-2.764418364,0.9004721642,1
1999,513,-4.379289627,0.7344205379,1
1999,545,NaN,NaN,2
1999,577,-2.09194088,0.02613139153,1
1999,609,-4.017838478,-0.6705839634,1
1999,641,-4.982256889,-0.6639294624,1
1999,673,-2.062087059,2.767992496,1
1999,705,-2.125282526,2.666860819,1
1999,737,-2.960803747,0.03616738319,1
1999,769,-4.05993557,0.4956526756,1
1999,801,-3.363904476,0.6411666274,1
1999,833,-3.515224695,0.5522609949,1
1999,865,-3.607778072,1.330706596,1
1999,897,-2.284114838,-0.6295571327,1
1999,929,-2.335382938,-2.261595964,1
1999,961,-4.592770576,-0.5702409744,1
1999,993,NaN,NaN,2
1999,1025,-6.539803505,2.28500247,1
1999,1057,-6.616836548,3.348091364,1
1999,1089,-8.834611893,2.171182156,1
1999,1121,NaN,NaN,2
1999,1153,-11.63944912,3.682884216,1
1999,1185,NaN,NaN,2
1999,1217,-15.73565102,3.722101688,1
1999,1249,NaN,NaN,2
1999,1281,-14.5631876,0.2208250761,1
1999,1313,-16.09301758,-1.336816192,1
1999,1345,-14.52571678,-1.530607224,1
1999,1377,-13.43787575,-4.244408607,1
1999,1409,-13.18550682,-7.169951439,1
1999,1441,-13.46528435,-8.002192497,1
1999,1473,-14.27144909,-6.921261787,1
1999,1505,-15.66609669,-4.981113434,1
1999,1537,-14.14729881,-3.027945995,1
1999,1569,-11.21318913,-3.14148283,1
1999,1601,-12.0276041,-4.500362396,1
1999,1633,-12.28558922,-5.90478754,1
1999,1665,-13.3010788,-8.605098724,1
1999,1697,-11.58733082,-9.70375061,1
1999,1729,-16.58800316,-9.289556503,1
1999,1761,-18.96074677,-10.30990982,1
1999,1793,NaN,NaN,2
1999,1825,-17.09457016,-9.641152382,1
1999,1857,-15.26841927,-11.26296043,1
1999,1889,-15.6257267,-9.919487953,1
1999,1921,-6.305225849,-5.953824043,1
1999,1953,-3.045016289,-0.4553012848,1
1999,1985,NaN,NaN,2
1999,2017,NaN,NaN,2
