id,xc_(µm),yc_(µm),zc_(µm),area_(µm²),perimeter_(µm),euler_alpha_(radians),euler_beta_(radians),euler_gamma_(radians),ellipse_x0_(µm),ellipse_y0_(µm),ellipse_z0_(µm),ellipse_a_(µm),ellipse_b_(µm),ellipse_sigma_(radians),eccentricity,proj_direction_(radians),n_neighbors,curvature_mean_(1/µm),curvature_gauss_(1/µm²),curvature_k1_(1/µm),curvature_k2_(1/µm),uncorrected_area_(µm²),uncorrected_perimeter_(µm)
1,52.2287734375,376.1798734375,18.9310039187333,649.565857669955,98.8072411725906,-1.7516348291954,0.640228672948724,0.529172279933072,52.7223524095529,376.441751777321,18.9310039187333,16.2899836167517,12.7739002079699,2.28634474467296,0.620562833385601,1.12514720288364,3,0.00103799674924037,-5.32898288761633e-06,0.00356908745070682,-0.00149309395222607,520.386250615,90.0071635111365
2,53.2376364864865,310.68677972973,23.8314094218818,821.736612191256,111.965602231912,1.58449518121036,2.472176212593,-2.97548494848618,53.6621731684748,310.142507861648,23.8314094218818,19.198082452963,13.735320380405,2.97423521502043,0.698661148325077,-1.5561174513019,4,0.000888368102354484,-4.60017560801541e-06,0.00320987052391177,-0.0014331343192028,644.042389375,102.140163511136
3,62.567675,350.009475,30.0405827303007,1145.35585726356,134.743697633461,-1.66741924084873,0.718884391314041,0.549435603686094,61.7379678800679,351.036063996522,30.0405827303007,23.626247785025,15.3327658647847,2.15518867258978,0.760812559338443,1.1361642570095,6,0.000509638120637655,-4.36522649101946e-06,0.00266020955749497,-0.00164093331621966,847.191760195,121.136624772046
4,63.7301789473684,281.134381578947,30.6346422483779,795.465362825967,114.717447710408,1.69421950763504,2.43734811312647,2.51451250855515,62.9162992612983,280.141708523918,30.6346422483779,20.2431263491234,12.6605871074171,1.13876586479352,0.780283107173878,1.28983084947025,6,0.000578240558491466,-3.86050837091673e-06,0.0026263788630015,-0.00146989774601857,605.767870235,102.556502250227
5,66.4355731707317,241.994164634146,27.2929115838093,927.839638610381,118.805511683778,1.78277992918207,2.45865281721516,3.03358083730685,66.5762228799181,241.42333841683,27.2929115838093,19.9708040583857,15.0453453801551,0.175913567330693,0.657600269991449,-1.41151777136789,5,0.000758401757206381,-4.05682726636628e-06,0.00291061003980823,-0.00139380652539547,719.119330765001,107.826040989318
6,70.288297260274,209.402283561644,23.7918612641973,802.114742012248,109.380149466454,1.87896291645348,2.48941567422537,-2.35544782661375,69.9790361348671,208.98237403463,23.7918612641973,17.5449202440124,14.6637588582773,2.9293856294356,0.549058793870801,1.40430027329918,4,0.000894522421399998,-4.6410032626777e-06,0.00322715475956755,-0.00143810991676755,637.41795337,98.4140369350001
7,79.486443697479,326.928273109244,45.5294326153046,1851.71532036022,179.695737659715,1.54855070552792,2.43779537133872,2.52312657985436,79.6368090074119,326.837038011234,45.5294326153046,28.5431297129242,21.2659641279433,1.09720879067683,0.66701232333275,1.1717643487016,7,-0.000164239246535191,-2.58366140887718e-06,0.00145150700179084,-0.00177998549486122,1408.79672373,160.720920812314
8,73.2071360465116,392.756496511628,32.7442509283105,945.893986898786,129.607736228931,1.31916446902988,2.41583882049148,2.92487939689839,73.0342108320598,392.788519683955,32.7442509283105,21.9823032193784,13.8497311059273,0.344167947573085,0.776562652570951,1.22360081138283,5,0.000338864066651424,-4.54430195454206e-06,0.00249736604955753,-0.00181963791625469,699.982071195,115.694632880682
9,78.89759,434.07462,26.1018052801457,1483.97445460554,161.574519303989,-1.97310036626965,0.69477444653627,-0.16559402933795,79.3048334806028,433.581672353464,26.1018052801457,27.4675242898222,17.6155881860545,0.430464696558309,0.767270007056059,1.37392176572677,3,0.000642452250909382,-5.41703509809913e-06,0.00305694598517287,-0.00177204148335411,1123.945975515,146.824094141591
10,85.3013757894737,269.097168421053,46.9871066707311,1373.80633303284,149.167767585122,-1.39781016978406,0.690697614823263,1.22249786850995,84.973705120651,268.330623839294,46.9871066707311,23.899640273593,18.6211620793981,0.780973187179453,0.626850139946715,0.712815209912102,6,-0.00013630649938778,-2.31147368599784e-06,0.00139014466189226,-0.00166275766066782,1058.43766391,130.132290087273
11,87.6073970588235,297.508297058824,51.9994384348591,712.334173573956,106.84413125353,-1.49526647063983,0.679372877865818,1.77795169187997,87.7016052345608,297.860100325374,51.9994384348591,18.6677818124571,12.2706274651928,3.14017362125647,0.753615268054955,0.337609256904087,5,-0.000363116420666224,-1.83818487860013e-06,0.00104046414829218,-0.00176669698962462,554.244479085,91.8449716197728
12,88.0971352380952,381.646403809524,47.4563791357415,1209.36500020622,156.861763723781,1.34593541897528,2.43640913921937,-0.107500669962576,86.0617340707213,382.385361012403,47.4563791357415,26.4123144376403,15.1054961119596,0.00268650978208984,0.820315598012032,1.42587349460095,6,-0.000379810804720824,-2.71859941853333e-06,0.00131218673248661,-0.00207180834192826,921.53265314,142.265290087273
13,90.6803875,194.29345,34.8805569431535,1208.0813958829,140.229918715487,1.95212137987202,2.45164439326044,1.01207354978705,90.5334375543448,195.768180114127,34.8805569431535,22.0243350485699,17.8633522527895,3.00771575569296,0.584944393997462,1.20320749966512,5,0.000295825704639015,-4.03797988878557e-06,0.00232695660547006,-0.00173530519619203,931.101282925,123.146886032955
14,91.0117741176471,231.326350588235,44.8459828452441,1112.7196506168,130.138121997866,1.84141363030543,2.4519380464409,1.64800253215828,91.7062856810583,231.550881665417,44.8459828452441,19.2734074593116,18.6008575878834,2.97814743948933,0.261864032336141,0.382215555762709,7,-8.26894088944792e-05,-2.58903781305075e-06,0.00152848263387255,-0.00169386145166151,858.23248687,114.983898195909
15,99.041679,435.69603,41.3585159221434,1279.62505608532,150.85369572388,-2.00494000883745,0.717422627419707,-0.360818704797646,97.3262816974096,435.643239162391,41.3585159221434,28.6453071475898,14.5511697286198,0.706055326569294,0.861370374884666,1.40128653744666,6,-0.00015652874990099,-4.02891065873696e-06,0.00185677994681755,-0.00216983744661954,951.710639385,135.696224772046
16,105.080446428571,356.85464047619,64.3601845726404,1008.94691124432,127.72521467744,1.43269378252047,2.51075737320641,2.78419897520417,104.792206419626,356.834231535167,64.3601845726404,20.3551779236529,15.9370263332579,0.607384738201552,0.622088362135369,1.22935356121447,6,-0.00104041576213205,-1.3730791657772e-07,6.40175199952747e-05,-0.00214484904425937,814.805628615,116.283424772045
17,111.6098125,167.15965,40.7911416437781,1333.72442885677,150.120886866486,2.07599366940347,2.45622423547726,1.64598278890151,111.996025542761,166.725560158726,40.7911416437781,22.686913414165,19.4378785269568,0.0628565052782406,0.515668565575228,0.327638590501714,6,-6.21335304063989e-05,-3.66755545419379e-06,0.0018539604207856,-0.00197822748159839,1031.203871445,131.187931076591
18,105.335154878049,480.925486585366,24.8777286557028,826.097784993402,125.6901464652,-2.27754490390816,0.719199607744274,-0.218144167260766,105.223121294842,480.687090015719,24.8777286557028,23.495789690284,11.0723655887268,0.441342037389591,0.88200025651088,1.03318065905891,4,0.00069280024328289,-5.95880155649643e-06,0.00323027413154051,-0.00184467364497473,607.239967125,114.8619554025
19,105.425932432432,137.561986486486,24.1972319023203,756.956117932129,110.673865194241,2.16355551548421,2.48272434800549,-2.95051874084862,105.278243566939,137.425022932063,24.1972319023203,17.9308596876622,13.5659990827748,0.0977402235115847,0.653909578219669,-1.20878267278801,4,0.000748919998413379,-5.46245686440327e-06,0.00320316897283035,-0.00170532897600359,596.935288895,101.135032880682
20,103.867996078431,254.222035294118,59.4837075077754,448.165996403307,82.7099905817967,-1.34646614038559,0.653198651841369,1.17577302913751,104.221416281168,254.192743143835,59.4837075077754,13.6711902763722,10.6783220538703,0.973593499018052,0.624428337050466,0.912598370492448,4,-0.000711727522382958,-7.35067772380609e-07,0.000402554236643005,-0.00182600928140892,356.24744738,73.7316981959091
21,108.181213953488,398.766563953488,59.5318266157623,1041.71464934495,131.262196061457,1.25348475041931,2.48809955905621,-2.65159553844606,107.468866501622,399.384581362474,59.5318266157623,20.3968071265172,16.713589878954,2.24841502266873,0.573190889360784,-1.56156777227433,5,-0.000970550559892293,-1.06023926186958e-06,0.000444443309768216,-0.0023855444295528,826.582403735,118.710024772046
22,106.622836486486,326.213740540541,67.1492742735246,775.280798079743,115.546445021102,-1.57797382795388,0.611712894481399,0.81661187739781,106.930516545528,327.223721367592,67.1492742735246,20.0200233079376,12.6634478058983,1.52675878443272,0.774528417317622,0.864996322384492,5,-0.00105970785333459,2.21420188620898e-07,-0.000110202431655436,-0.00200921327501375,630.793517365,105.1555554025
23,113.005413888889,207.508002777778,55.6029998049164,893.327243776116,118.93119409296,-1.19812090774187,0.656892439187591,1.85108400372822,113.526894915916,207.219901500483,55.6029998049164,17.5912897041186,16.495248466124,0.313032911163691,0.347461919601803,1.07809684081489,5,-0.000631590427252087,-1.43183323790227e-06,0.000721457874065623,-0.0019846387285698,707.342555645,105.744347293864
24,116.922047706422,281.953110091743,71.886253716734,1543.39546692134,160.52443770441,1.71301254235263,2.54863064803246,0.865632239926259,116.659774583359,282.617196451024,71.886253716734,24.466815548052,20.4113254899787,-1.54809701767389,0.551393512670969,-0.83551673725565,7,-0.00121036387754974,9.2217531376545e-07,-0.000473610592988486,-0.001947117162111,1279.25219741,147.118490087273
25,119.933873972603,312.433060273973,75.9818393994458,766.746591712553,114.840103522581,-1.52950786519639,0.575290632012087,1.03100545965149,119.832170845021,312.786037243195,75.9818393994458,19.2093513828591,13.3688942025527,1.12130294981374,0.718082871648334,0.705849052256372,4,-0.00141037624368835,1.58457441116532e-06,-0.000774304913101018,-0.00204644757427568,644.778437819999,104.444820717727
26,120.3896925,471.9737,40.6619493478168,1012.96203453302,127.881232566341,-2.25733088310522,0.739124116952012,-0.475577217803138,121.152307546456,472.242786911819,40.6619493478168,21.6700032853521,15.1632017135872,0.856234499627205,0.714405121582643,1.17181762922344,6,-4.82062743497023e-05,-4.52491133323478e-06,0.00207952377857559,-0.00217593632727499,747.089171675,112.4353554025
27,126.008204807692,238.763440384615,71.5369446355615,1673.80423136496,164.294768968241,-1.27672981061535,0.593597024475578,1.22443263229925,126.701071423558,238.412207610812,71.5369446355615,25.2295221847691,21.6102743974389,0.758143305742296,0.516068835222749,0.778986025428332,7,-0.00127380985859803,1.04962486705106e-06,-0.00051686422725422,-0.00203075548994184,1387.451318825,149.595600446137
28,122.004055555556,432.29879,59.5443746216944,1130.00517552716,139.42351748368,-2.03967352105637,0.650930265594538,2.39208532778491,122.675291633702,432.497196554627,59.5443746216944,21.9777567978566,16.7973636364381,1.24096441900642,0.644873566005768,1.50447673782018,6,-0.00105979732911935,-1.13396913757179e-06,0.000442580624785824,-0.00256217528302452,898.715151345,124.5683554025
29,136.105526271186,388.430797457627,79.8580157349586,2027.74621226679,180.392768522941,-1.86919052062003,0.565765476598746,1.24865377685898,136.993212791135,388.475547518949,79.8580157349586,27.2593681025608,24.1102327887445,0.626197343960611,0.466587363320003,0.057483830422094,7,-0.0018958428315626,3.02376668070017e-06,-0.00114055920186637,-0.00265112646125882,1711.312634625,164.76542401188
30,129.447554761905,138.229535714286,40.3408095969496,1071.17343365648,130.563851679052,-0.933845059379938,0.684136958983074,1.89063038155392,129.763796765729,138.369285776232,40.3408095969496,20.7817734863678,16.6949549875755,0.180479277986901,0.59551253098938,1.25133463938152,5,-8.15930837382361e-05,-3.82578633571337e-06,0.0018760697490875,-0.00203925591656397,829.526597515,114.273163511136
31,133.378351162791,109.465054651163,27.7654310664094,1058.2489761287,132.969149402032,2.32650537429444,2.44896059878124,2.41548183508442,133.840416458259,109.881571294301,27.7654310664094,19.1844318234731,17.9830780698265,0.366867991438993,0.34831184704959,-0.533750214743602,4,0.000567167494260464,-5.0755861143317e-06,0.00289036896655627,-0.00175603397803534,816.277725505,117.704894141591
32,128.011694366197,353.73676056338,80.1201634149864,735.188012254983,106.213253943875,-1.69807725255347,0.556444449217652,0.969085899488136,128.61771069381,353.661132217797,80.1201634149864,17.103560846515,13.9429010588833,1.31982478235043,0.579173117586782,0.672394036018462,5,-0.00169722239717343,2.52172947180286e-06,-0.0010981945233109,-0.00229625027103597,624.16908136,97.9976981959092
33,135.063523404255,186.977274468085,63.8483372605571,1287.3138533545,147.867927136461,-1.07424250841817,0.616950453627405,-2.31064070172329,135.518398139854,187.385464775071,63.8483372605571,23.1926580219219,18.0358829845537,1.55508655416165,0.628691446562884,1.41220217483272,5,-0.00111017576058664,-1.03920611365693e-07,4.58566052058656e-05,-0.00226620812637915,1050.341131015,134.447208554773
34,134.992813043478,504.099773913044,29.0987850310942,771.223179152722,110.660768765496,-2.44292440281981,0.767480483991965,-0.0690723495441577,134.700538950372,504.333429650025,29.0987850310942,20.2206650429046,12.1605871695458,0.134460508059439,0.798952579842782,0.745757988266898,6,0.000512462730334664,-5.34084427793352e-06,0.00287962608082731,-0.00185470062015798,550.564236860001,99.5916207177275
35,143.801327083333,463.657539583333,60.6295594788192,1380.64235461467,149.056129326418,0.903446889793764,2.46635763140492,1.77299774655642,144.252614422154,463.937152836409,60.6295594788192,22.1104434817762,20.1880628735583,0.162953064097371,0.407835241395281,-1.12278395155741,7,-0.00106514978580139,-1.15167543390781e-06,0.000446875180956949,-0.00257717475255973,1076.838875035,130.843024772046
36,143.219954166667,331.15506875,89.8820649245953,1196.19559924977,144.204174208461,1.55104830849581,2.63328401871711,2.76050549630108,143.024006240765,331.126041059976,89.8820649245953,22.2681471651884,17.5427480220366,0.670817530611969,0.615936779477545,1.29627971881911,6,-0.002008891739008,3.99050923014049e-06,-0.00179643753473303,-0.00222134594328297,1044.452743455,135.868677924318
37,140.57735,294.923816666667,87.7245071032521,591.024775619029,96.1057732400438,-1.46550374906671,0.509525506532366,-3.02262148165811,140.444417671908,295.015888632341,87.7245071032521,15.5115616919928,12.2996367020659,3.0206766705416,0.609308202070465,-1.46720152309526,5,-0.00186782882000556,3.43179321144996e-06,-0.00162910033533437,-0.00210655730467676,515.969959945,90.4235022502273
38,145.800488764045,426.67262247191,76.6260729160629,1000.26359852734,130.414722740057,-2.05246564182947,0.59125888575827,2.7533424960412,145.481039317804,425.929914567102,76.6260729160629,20.2434372091359,16.1685711004007,0.767887547008125,0.601720396950032,1.40900972037594,5,-0.00185699556483481,2.41946440401362e-06,-0.000842614904627546,-0.00287137622504206,830.262645960001,119.837098195909
39,146.05820952381,216.468126984127,79.1950355960118,662.785211447855,102.687729401628,-1.15557000545344,0.546030007810848,1.27437340923604,146.095554650062,216.68435768439,79.1950355960118,16.9756624156347,12.8075394344847,0.722758768633979,0.656340531692481,0.903734692676242,4,-0.00165976333115356,2.36713377580309e-06,-0.00103712335521331,-0.00228240330709382,566.75730265,94.3220819786365
40,152.449854255319,151.236554255319,60.1527746594828,1260.57913651865,144.766979050119,-0.897702889573939,0.612098460370201,2.03842468039472,152.708791627579,151.048822796268,60.1527746594828,21.5297588947739,19.1016455451579,0.292481647034562,0.461345436548983,1.53308945546572,6,-0.00109127113401002,-4.91594190316141e-07,0.000205828275534081,-0.00238837054355413,1031.203871445,130.426686032955
41,151.797311111111,265.604851111111,90.9039108118855,1196.6092938724,136.849517892863,-1.34474415902585,0.486994028005568,1.05851665301021,152.218902490106,265.224249712383,90.9039108118855,21.041166421265,18.4847768456276,1.21963676719618,0.477732546063498,0.994887654766158,6,-0.00200901504174676,3.99160064054126e-06,-0.00179796813363512,-0.00222006194985841,1057.701615465,128.588877924318
42,150.36722027027,494.534521621622,45.9572398167152,939.02237914864,122.790694552295,-2.44014627531297,0.779916759079636,-0.0250789137776688,149.292813061191,494.367198483005,45.9572398167152,19.3971331638827,15.9583365001588,0.109616126547652,0.568452271804259,0.761620828910569,5,-0.000253406266269173,-3.60021400330029e-06,0.0016608635002697,-0.00216767603280804,669.068036504999,107.165816663409
43,155.319732857143,117.066117142857,45.0149911464494,776.849737715243,108.888624358195,2.36756456435084,2.47320667776745,2.13581038206218,156.147757553468,117.852419097819,45.0149911464494,17.8346653412728,14.1803663230785,1.82941863452809,0.606476593183759,-1.47693006369058,6,-0.000291285448736477,-3.21054779841797e-06,0.00152403683974664,-0.00210660773721959,610.184160905,96.2818328806819
44,164.463496629213,369.511196629214,98.7240229505446,977.809842850524,133.047284187033,-1.80127199459866,0.468735932585508,0.818169838144026,164.29174553018,368.845669924754,98.7240229505446,25.6922639148438,12.1566984877409,1.49816387731111,0.880973441056123,0.57208213494271,6,-0.00249947787706751,6.23519027300861e-06,-0.00238902705117061,-0.00260992870296442,870.00926199,125.867881978636
45,167.243826315789,533.571025263158,25.6320563411226,1019.98088486772,143.627198024923,-2.52009083300567,0.69470720994902,0.553373175156583,167.960220806051,532.161265791611,25.6320563411226,24.7599416722529,13.673973216084,2.05822041980651,0.83367065368907,0.198544283269628,4,0.000758498616900066,-5.05466691083304e-06,0.00313125799422267,-0.00161426076042254,777.267157919999,128.122028826364
46,165.918775,189.025640178571,81.1274046774146,1712.85492158863,165.767952951812,-0.977941728135956,0.518974677502871,-2.20855821581789,165.592610193987,188.834380524648,81.1274046774146,27.7960836626666,19.8752832092299,1.35947903916165,0.699084588782126,1.38499145154943,7,-0.00194969127490846,3.4399675712104e-06,-0.00134858521418059,-0.00255079733563632,1486.081810455,154.276347293864
47,169.800096938776,237.608710204082,95.3748133642401,1335.39896660106,149.181708617952,-1.18871626921054,0.459316237883305,1.95235080281158,169.599074759943,238.031528532294,95.3748133642401,24.3988869503648,18.0056296860147,0.00951143524338649,0.674834277752008,0.813198345747902,7,-0.00223111766893885,4.90180237086994e-06,-0.00195528496279038,-0.00250695037508732,1196.078723125,140.305539185227
48,166.30619009901,304.466222772277,101.10346813089,1482.19896491496,154.05150387922,-1.46612299552548,0.439239834891709,2.12286232257728,167.311576116504,303.737255985737,101.10346813089,23.0956489663979,21.077548737774,0.161477583626465,0.408809157193126,0.867844253245032,7,-0.00232605770387209,5.37905168305519e-06,-0.00214859571163853,-0.00250351969610565,1336.66397612,146.458265761364
49,171.000250515464,402.49038556701,96.401892843917,1096.46964036662,139.292989995054,-2.0005089700887,0.481179213280452,2.09767293256113,170.618593458439,402.716655689062,96.401892843917,23.022040508384,15.4567226307822,-1.10453427343278,0.741105998547498,-1.06375330380743,6,-0.00266010869389784,6.93703922088888e-06,-0.00228709523239548,-0.00303312215540019,967.16765673,130.548628826364
50,170.407105797101,517.639498550725,39.5879920140476,779.219512574216,115.435005772325,0.58909834654934,2.34870005393006,2.67431604000942,171.635152481751,517.293371552252,39.5879920140476,16.8191296689465,15.6398739864326,0.515160826387176,0.36784771481969,0.55548076189709,5,9.07148236593848e-05,-4.06257233048823e-06,0.00210833756087261,-0.00192690791355384,549.092139970001,98.5864900872728
51,171.061025882353,347.0038,103.749318782025,896.971873097119,126.034082829419,1.47148035156333,2.71237467400802,2.52383387363768,170.954547941886,346.767577913799,103.749318782025,21.8715569826083,13.3891302024512,1.23278278901936,0.790725501233997,0.900505465338636,5,-0.00248383440339887,6.15931840718822e-06,-0.00238326136367362,-0.00258440744312411,814.06958017,121.014681978637
52,168.986581012658,438.016658227848,85.8595833754254,777.617881793275,110.165320738027,-2.15325226019272,0.545877975131298,-2.03563998617083,169.036631440327,437.980645149697,85.8595833754254,17.3397328431807,14.6026454818648,3.02241184581225,0.539244286506997,-1.2407161725917,5,-0.00227453303347802,4.60722316142631e-06,-0.00152201900772406,-0.00302704705923199,663.915697389999,101.673314413182
53,171.709113432836,485.64596119403,65.0659480829267,801.528633597555,111.783395264295,0.694496939712853,2.42487457462329,1.61678022227937,171.076415255975,484.929743410115,65.0659480829267,17.3326141660218,15.1987603108782,0.104862018113527,0.480694854043762,-1.0752343036348,6,-0.0011791332887946,-4.07523031681529e-07,0.000161716570222098,-0.0025199831478113,605.031821790001,96.1598900872729
54,172.498905333333,462.348186666667,78.2628701238943,738.815108954024,110.540976305342,-2.28491783119313,0.596484204856659,1.20555314523366,172.818038279686,462.8930906301,78.2628701238943,17.7467270553678,13.474075167849,0.791260927682794,0.650807447767614,-0.212405305135914,5,-0.0018466451997182,2.43884852935617e-06,-0.000861125050616163,-0.00283216534882023,606.50391868,99.8355063045455
55,177.244332394366,96.8931126760563,43.9566639290572,884.260452589912,113.355490272419,-0.628107560698216,0.675144472179862,1.60600933845682,177.115605674891,97.5258427369088,43.9566639290572,17.8557384102992,16.0383610320579,3.07722171946442,0.439548491352582,0.905343127345861,6,-0.000273926148671131,-3.10762576687207e-06,0.00151007533725815,-0.00205792763460041,690.41344141,100.007959456818
56,176.754218055556,125.441738888889,60.3221634377303,781.078925492347,112.758978003734,-0.727315256080785,0.601122614826816,2.40023407716513,177.411172094802,125.436042140078,60.3221634377303,16.6756481771078,15.1724891295277,0.315505993451577,0.414917509370266,-1.08529082120002,5,-0.00111108094647166,-4.50959467846938e-07,0.000187171855358284,-0.00240933374830159,644.042389375,102.7289554025
57,189.143953921569,151.21048627451,77.3474912881282,1434.23949037174,150.823473249469,-0.758002808731326,0.527781572229111,0.799066974692684,189.090161457385,151.02886630983,77.3474912881282,22.6932008332026,20.2612372857735,2.92428651824046,0.450387983755838,-0.241298403923138,6,-0.00195024926782929,3.27580183234014e-06,-0.00122384003445698,-0.0026766585012016,1235.825339155,140.133086032955
58,183.720582222222,277.495191111111,107.045705342261,1021.12513202782,130.266272973079,1.78817260279073,2.73855886683614,2.41227865298201,183.216609131015,278.026542694138,107.045705342261,23.1710156370402,14.3336668278665,1.34074129678586,0.785703476128244,1.21540901037328,6,-0.00240711475473805,5.71870378558845e-06,-0.00213234638521718,-0.00268188312425892,934.045476705001,125.573486032955
59,191.742297752809,333.466643820225,112.7043086312,1069.2269467627,133.031793215763,-1.59982475928284,0.363721205334313,0.675413699666405,191.896555655317,332.123875947934,112.7043086312,22.9526177838975,15.2246162277466,-1.29949913274696,0.748348005890006,0.94940329844377,5,-0.00253463338627975,6.37532584790654e-06,-0.00231318236474808,-0.00275608440781143,998.08169142,128.88327387
60,191.487288235294,216.053044705882,100.087338264212,975.882280203808,125.038335418877,2.1284445878955,2.70773042956677,1.03311422092279,191.066844907004,215.264858205739,100.087338264212,20.0606681880765,15.8130505263663,-0.0940907773772239,0.615340519242465,1.23637793186355,5,-0.00241786285491921,5.74717325044026e-06,-0.00210339897025545,-0.00273232673958297,886.20232778,119.004420717727
61,194.443963541667,513.90838125,54.9568501599794,1496.0870294648,160.213674375253,-2.62403441316794,0.761162468136288,2.07618390115075,194.766092963479,512.52327720847,54.9568501599794,28.2296316686285,17.1937988670596,2.04366639849706,0.793117092851326,1.33929404274283,7,-0.000627480319724531,-2.15264689260627e-06,0.000968257266549562,-0.00222321790599863,1084.199359485,135.868677924318
62,192.801307476635,430.17721588785,98.5820490018623,1478.06825437507,159.722748078452,0.924494691611721,2.68605701728868,2.54833740469752,192.804299928177,428.810490943109,98.5820490018623,28.2453721370436,17.1549182235985,3.10932172289688,0.794431900411845,1.49990635238248,7,-0.00280172619837637,7.68879296981343e-06,-0.00240063179445742,-0.00320282060229533,1326.35929789,152.462519862975
63,196.279585333333,70.8890746666667,34.0181843172798,950.753971294628,120.560136257199,-0.494520107464087,0.708612724232725,1.98595006230561,195.894721621284,70.2651399394661,34.0181843172798,18.0228055975951,16.9980564522319,0.575830451507005,0.332391416493917,-0.955959613183148,4,0.000211101246238725,-4.10177448972666e-06,0.00224735717953645,-0.001825154687059,721.3274761,105.866290087273
64,199.131158426966,181.885939325843,92.9427500108453,1147.52607614245,135.443425763164,-0.820238279710735,0.460709703578856,1.82558703286114,200.034282579327,180.893038393298,92.9427500108453,20.8352791979566,17.9832649576078,-0.648352827809762,0.505005539688171,0.316487680463712,5,-0.00239040924474636,5.56995795496349e-06,-0.00201080629111538,-0.00277001219837733,1027.52362922,127.878143239546
65,199.458775531915,369.165886170213,113.365762555638,1055.10572368473,129.392358111864,1.26035540683595,2.79336608409287,2.28401570443816,199.562446099255,369.076758322746,113.365762555638,19.6041672214815,17.3379026341995,0.140623658330931,0.466731938312319,-1.19479501498503,6,-0.00271686619718894,7.37546306541037e-06,-0.00264006210864214,-0.00279367028573573,991.457255415,125.401032880682
66,195.163349333333,476.470998666667,81.7888106152962,788.510311868196,112.907930174563,0.663396980396067,2.55272302547805,2.07946209987914,194.777376604491,476.159461069502,81.7888106152962,19.933436477412,12.6601674757238,0.0645710520255536,0.772411694843044,-1.56751932933378,6,-0.0019439167327752,3.055563898098e-06,-0.00109347663149503,-0.00279435683405537,653.61101916,101.845767565455
67,207.814875438597,113.007187719298,65.5763615563245,1818.39038984601,171.31847195242,2.57872424648152,2.56205136538674,1.52488988091208,208.351891079767,113.035421950583,65.5763615563245,28.0883448460543,20.786778671872,3.100577769062,0.672551891367702,1.1117003938711,7,-0.00141261962910536,7.86735195198801e-07,-0.000313183855021689,-0.00251205540318902,1519.940038925,154.692686032955
68,202.606655952381,249.506478571429,110.881914666071,892.008893279121,117.584124991069,-1.15541963033758,0.36735761426352,1.85487551175923,202.083044666959,249.171794950422,110.881914666071,17.8516846798102,16.1748226854364,0.103467295713572,0.423134211318758,0.827679108108049,6,-0.00247364301356386,6.02435149651585e-06,-0.00216613974197568,-0.00278114628515204,832.470791295,113.268032880682
69,203.07047037037,399.684986419753,110.086585779055,809.172675353493,117.153628721314,-2.08837750991718,0.373984275566989,0.188536261039956,202.330938919582,399.551672341263,110.086585779055,20.6050756471364,12.8331130891501,2.84552831256472,0.782370576238513,0.953068077391095,5,-0.00295688581744696,8.71486306536073e-06,-0.00278862806262339,-0.00312514357227054,752.24151079,114.151220717727
70,211.137759223301,318.803409708738,119.497787536937,1239.94947273955,147.522088311995,-1.53265000100779,0.323246239129564,0.542772856949044,211.745957804842,318.419231395276,119.497787536937,25.7228807460842,15.8010813953629,2.05247534879344,0.789087218687657,1.08591163408796,7,-0.00251830021877247,6.27864849385866e-06,-0.00226692898332412,-0.00276967145422083,1176.20541511,143.859212609091
71,207.589852380952,85.7591253968254,49.3200211555875,518.968029770041,94.5227180101789,-0.488373934538288,0.662517422151928,2.8572566752397,206.17835145917,85.3698050423309,49.3200211555875,16.6847101550256,10.1894550716039,0.521907676092291,0.791857310772784,-0.299726193946696,5,-0.000581056011037356,-2.18489273648773e-06,0.00100718793258414,-0.00216929995465885,409.24293542,86.2810369350001
72,207.567630769231,280.592291208791,116.42742117339,921.401485517401,120.750172649171,-1.3115304831682,0.343992514089258,0.72271366283142,208.048767558042,280.778685857753,116.42742117339,19.3242817129084,15.537422852914,1.81402899640521,0.594580289889127,1.25313714085981,5,-0.00247862692299813,6.05962841143045e-06,-0.00218886320549588,-0.00276839064050038,867.06506821,117.238045043636
73,217.549965217391,466.571877391304,93.8933078053088,1469.39963147051,170.526620557144,0.594289585960696,2.64788265924267,-0.8550052957516,217.590018052605,466.205518136925,93.8933078053088,31.4972339535064,15.0664188286569,0.0403156016865167,0.878174170817375,1.3454360583401,6,-0.0025183242328488,6.10528175567603e-06,-0.00203183149284389,-0.00300481697285372,1279.25219741,159.153527971612
74,213.123106557377,501.013339344262,73.351358035559,549.689221743486,98.2886706750406,0.440545066495511,2.44933655809011,2.04203915137933,213.74050463871,500.956546082512,73.351358035559,16.657266985487,10.7662052408028,0.0122180840421144,0.763052222558995,1.41279067076089,5,-0.00152073716626977,1.11625468464527e-06,-0.000426942466964208,-0.00261453186557534,423.963904320001,84.8595675654547
75,224.620936363636,214.373063636364,110.365204783249,1949.67405199911,177.762088888573,2.29375327868835,2.78233343451705,-1.94998433230595,225.392015030742,213.684217028714,110.365204783249,27.4941781507122,23.0714958858298,2.95400638443831,0.543913737581914,1.3200166021154,7,-0.00254705239554217,6.38432835716997e-06,-0.00222588647507873,-0.0028682183160056,1816.56756226,171.729396391818
76,229.463918095238,58.6197228571428,36.1379535697708,1793.65996708495,167.872949725268,-0.372079279839642,0.701702096195261,1.71968554731526,229.155006755365,59.0304608392058,36.1379535697708,28.9244468079266,19.9974860085347,2.80374323991175,0.722501171542734,0.953361765133077,6,7.64626099330469e-05,-3.9383055618983e-06,0.00206245155567672,-0.00190952633581063,1370.52220459,145.280681978637
77,221.113465517241,155.009534482759,90.209601479016,1096.58556143613,134.37452507039,2.51498724048326,2.67434906102196,1.80970522903217,222.69838702135,154.649828361928,90.209601479016,23.6922312775358,14.9233694544044,-0.516337935656806,0.776688808921974,1.25295130785478,5,-0.00240193709757151,5.60168653558047e-06,-0.00199252864002603,-0.00281134555511699,978.94443185,125.451543239546
78,218.432517460317,526.495165079365,54.6172897546397,637.96164927805,100.508654694578,-2.73627994455795,0.733790649614321,1.68239828908778,218.573174214118,526.473033782035,54.6172897546397,18.5473809362924,11.0361010963429,2.9008174747154,0.803709356602002,-1.3386434257213,5,-0.000655221861880652,-2.22315914555471e-06,0.000973420159510501,-0.0022838638832718,474.015198579999,84.2707756740909
79,228.460786138614,363.02897029703,122.840338039414,1193.29104779549,140.815736990053,-1.91266047225058,0.27739406034758,0.405762321254087,228.638549471167,363.445428691763,122.840338039414,23.1329430409097,16.7151249405255,2.38222346018831,0.691299826998571,0.887800454783663,8,-0.00270357134457262,7.28860736267782e-06,-0.00255972888729248,-0.00284741380185277,1146.76347731,138.417220717727
80,226.247117582418,398.562383516484,117.433923294577,848.280110088811,123.689287983057,-2.14654476331214,0.320902638357216,-0.240355076326909,226.904801025997,398.883998780857,117.433923294577,21.8718682945622,12.6402146229559,0.539099273505479,0.816092628915182,1.27937007222018,5,-0.00301972230193366,9.09804699313729e-06,-0.00287593152455828,-0.00316351307930903,803.76490194,121.258567565455
81,225.930130985916,428.2949,110.776739198418,661.547105121036,100.81622638045,0.816660786983341,2.75926536780693,0.934551442631129,225.595267313862,428.245040132181,110.776739198418,15.8645530310589,13.4017839024971,3.0501063019099,0.535140960496374,0.0109431629854043,6,-0.00309447969448948,9.50641454834396e-06,-0.00283105981812521,-0.00335789957085375,613.86440313,96.9925675654546
82,231.869374468085,257.103432978723,121.0876838026,1063.200525994,130.803149254991,-1.06430563792632,0.299596241193306,1.28219437018325,232.262586341074,257.266597364834,121.0876838026,21.6774996110308,15.8822154481825,0.599120550555401,0.680595894859105,0.830513559599688,5,-0.00253843641546542,6.34706204950885e-06,-0.00222763521557703,-0.0028492376153538,1015.010805655,127.411294141591
83,238.577965254237,294.84218220339,126.664545116164,1548.90467019973,160.939850924472,1.79968227905662,2.88366421339485,2.98960110317786,238.027148287221,294.690004784604,126.664545116164,25.9732037901538,19.3298398410733,0.327594999322525,0.667931906639465,-1.51181793632869,6,-0.00255164965030025,6.43220220342965e-06,-0.00227108996957663,-0.00283220933102387,1496.386488685,158.5407554025
84,237.132744444444,93.8554955555555,63.6174856603779,1108.33306032179,134.337611034304,-0.400111920810058,0.596206139281847,1.54286908285679,237.234681788435,93.9311758966382,63.6174856603779,22.7230832717943,15.732048887004,0.0933681048000172,0.721573563072188,1.24971782906901,5,-0.00126298215001673,1.95401964058446e-07,-7.98836979839181e-05,-0.00244608060204954,916.380314025,120.547832880682
85,232.46828,505.068790769231,76.1515956072353,583.014166429546,102.33249451098,0.321405782365313,2.46601198600317,1.76633908257378,232.062996024349,505.185851700535,76.1515956072353,18.3582628375591,10.3292315888482,0.0311080731924847,0.826696882564104,-1.53673936982087,5,-0.00169016462762277,1.80197151628842e-06,-0.000663186072745014,-0.00271714318250053,453.40584212,87.7025063045456
86,246.643668333333,132.846239166667,86.658046608533,1883.02781614182,177.639438127591,2.71068106548953,2.66463812571474,-1.8416122882474,246.382664102341,133.085969245917,86.658046608533,29.0892406389158,21.0465964143237,3.11456093792331,0.690305255107202,1.47258357753087,7,-0.00231148136569485,5.11704657386508e-06,-0.00183619247450397,-0.00278677025688574,1671.566018595,166.186893381425
87,244.765842528736,185.844089655172,107.681776798409,1142.25354452154,139.512212124079,-0.605602982469167,0.373524738145675,1.64199544418156,243.836512740045,186.261959594024,107.681776798409,25.4844652639167,14.806769181113,3.01801573050001,0.813895297432971,0.908944350855164,5,-0.00258437784810642,6.59590700823722e-06,-0.00229610392707652,-0.00287265176913633,1058.43766391,133.492588283182
88,242.718472289157,336.815003614458,128.386177986019,911.899722578217,119.279571035924,-1.75034871981198,0.237349228172802,2.28118209602818,243.154167217586,337.364619881897,128.386177986019,18.5905751017145,16.0401191093718,0.0669667717588249,0.505529717909665,0.612017562189414,6,-0.00260884742677391,6.74499198949769e-06,-0.00236167763354024,-0.00285601722000758,886.202327780001,117.582951348182
89,241.575029807692,462.617290384615,102.665357489523,1432.94693951178,156.124145178927,-2.58566379967612,0.472967618876909,2.23827608946919,243.077215670768,462.193633771397,102.665357489523,26.5442604405629,17.7624549897103,1.84956865873107,0.743115044829285,1.44611094633509,5,-0.00282653612644813,7.90150713935909e-06,-0.00253022660119233,-0.00312284565170393,1278.516148965,146.580208554773
90,238.870515068493,532.25642739726,56.3128129117622,714.227696444021,114.335633561936,-2.80920950516419,0.692530308712802,1.8779453564513,238.476449542485,532.51068584309,56.3128129117622,19.4854123280006,12.119691457476,-0.628182217244941,0.783026821728273,1.49533448018696,5,-0.000750147584394098,-2.15234746976218e-06,0.000897599018738337,-0.00239789418752653,552.03633375,98.414036935
91,246.68595,402.1538,121.943446263491,781.948464292331,120.100995916602,-2.26288031864033,0.280229650802279,-0.38168750358065,245.364079548068,401.587490263391,121.943446263491,20.8446380390141,12.4821400868821,0.786060678198153,0.800885294038159,1.26889110083052,5,-0.00309373569691695,9.54246164888684e-06,-0.00292421014282148,-0.00326326125101242,745.617074785001,118.121232880682
92,252.144454878049,499.287746341463,84.4573549199832,1000.84770295406,133.03098643853,-2.88812025030663,0.638708916509132,1.82359583513622,252.200753231199,500.392315731325,84.4573549199832,20.9966240193639,15.6918955994069,2.59324208701515,0.664426889337225,1.46179762742178,5,-0.00203388950275426,3.47083129190416e-06,-0.00121787772740429,-0.00284990127810422,801.556756605,117.877347293864
93,250.275053947369,244.096802631579,123.504064922451,640.879530454173,114.049197086475,-0.857667225552924,0.271943527683877,1.13334713141028,250.510049233955,244.361368465518,123.504064922451,22.5765076785958,9.24812884037522,0.851382606644528,0.912249486831405,1.14102447564145,4,-0.00256607564475967,6.4800824558411e-06,-0.00224256094835834,-0.002889590341161,613.128354685,111.602677924318
94,257.49535,436.3468,116.349146533778,929.787797304475,125.940253230207,-2.50331744522018,0.342878653412845,-0.376479841087963,258.266473922039,436.2406760452,116.349146533778,22.91496444654,13.1222542749333,0.804711883981202,0.819799965398045,1.04429850347267,5,-0.00316147540637451,9.93810449788076e-06,-0.00292310123153564,-0.00339984958121338,860.440632204999,123.146886032955
95,265.100272380952,47.5498047619048,35.813723346745,1807.50380799718,163.852525678503,-0.207555386939596,0.708835863942285,-1.45151586530102,265.321302097139,47.6658216888386,35.813723346745,25.9234411831203,22.3254503570517,2.81209889689002,0.508254280567919,1.08924087673845,5,0.000105767902500355,-4.23936949586794e-06,0.00216745564439224,-0.00195591983939153,1370.52220459,143.270420717727
96,269.821895283019,174.142888679245,108.116885634226,1494.16592986364,159.450525900756,-0.380071991451172,0.371170576155098,1.77769210693597,268.545321204041,174.38119328412,108.116885634226,27.0046321765184,17.9994817117308,2.73577797812867,0.745475419643405,0.977691546939788,5,-0.00260016667210172,6.69293234831581e-06,-0.00233952443762558,-0.00286080890657786,1390.395512605,153.027331076591
97,253.115031914894,525.3589,64.8848900581063,375.854882451119,76.1109718253961,0.238653679644137,2.45793589735907,1.8880264109727,252.644148853911,525.040476302377,64.8848900581063,13.6990365187265,8.83381530173175,0.0148421377139263,0.764309667656054,1.3909260416891,4,-0.00115730991890316,-7.08948041412469e-07,0.000273883390822717,-0.00258850322862903,291.475184219999,65.8631063045455
98,259.399427118644,317.699520338983,132.553668281311,439.060856278723,82.1624961674701,1.59336046196417,2.95369688889655,1.04809168933623,259.319120688519,317.653007063206,132.553668281311,12.5910967975018,11.2870833257707,1.09901717269687,0.443177892929429,-0.561890954106557,5,-0.00262252297666076,6.80236234665757e-06,-0.00234817936646357,-0.00289686658685794,431.32438877,81.4278369350001
99,261.663114285714,386.869371428571,127.406404641313,705.456504070068,111.334701051615,-2.29196740801885,0.218960240036834,0.0553003818560679,260.271729774887,386.854077683182,127.406404641313,19.4406243018475,12.0010658896173,3.07544979574484,0.786712976310763,0.839041626833908,5,-0.00297635165645241,8.85049580255394e-06,-0.00288594490718533,-0.00306675840571948,687.46924763,110.303151348182
100,270.332573076923,88.0669138461538,66.194139836009,2214.64979189284,190.948043137939,-0.230964382611609,0.576455983891328,-1.68091187530639,270.713100442545,88.024289050918,66.194139836009,33.3637298256653,21.5027283542441,0.256690263394873,0.764609249076805,1.5141346860798,7,-0.00141145468776957,7.97764419485534e-07,-0.000318550338733864,-0.00250435903680528,1852.633936065,171.74827906283
101,264.987509195402,363.15324137931,130.968188378612,851.539146994828,120.433651353917,-2.13861695607556,0.199617712015547,0.00944661732010818,265.764526901665,362.796642953124,130.968188378612,19.3107898362654,14.6406682669034,0.0223691393731211,0.652068575074071,1.03416008504693,5,-0.00275526372132086,7.55664272714146e-06,-0.00256862115681478,-0.00294190628582693,834.678936630001,119.420759456818
102,264.859786138614,225.133220792079,122.194561022212,1171.50452681716,144.668332994395,-0.635938489748087,0.2713846897063,1.19919975667098,264.355713635032,224.914683389765,122.194561022212,26.8950524614755,14.1264811676658,0.744005754748191,0.850951294986038,1.32007734611047,6,-0.00257517253197154,6.52287887448931e-06,-0.00224557475447385,-0.00290477030946923,1127.62621774,141.432612609091
103,269.255536,541.503878666667,55.5821485523141,793.314111958196,110.512930535436,-2.91700016525517,0.61969342686271,0.536154122724172,269.367210413206,541.878090241566,55.5821485523141,17.2625959775084,14.9233083353451,2.21787362473562,0.502653331097118,-0.0962340922107048,6,-0.000744790287946079,-2.47467591823798e-06,0.000995723570446547,-0.0024853041463387,646.25053471,100.840636935
104,264.01408,287.7644275,131.926943042121,726.439057824375,112.48267360369,-1.10894795637056,0.183833952534384,0.863119686514269,265.077677288977,288.710547950639,131.926943042121,20.3018820459672,11.8106112499699,1.46310242076672,0.81336795615534,1.22575955223908,4,-0.00261698346587256,6.76349771657628e-06,-0.00232525629183138,-0.00290871063991373,708.814652535,111.430224772046
105,277.455212643678,270.524062068966,132.008264529598,916.970159980994,128.812442775415,-0.798248687154368,0.175402174651265,1.57435507486574,276.802182597825,270.162130467231,132.008264529598,23.8650621473382,12.5373949201164,3.11650945037554,0.850889218192161,0.750687882335741,6,-0.00263959273050523,6.87439948478846e-06,-0.00233455126095134,-0.00294463420005912,895.03490912,127.461804500455
106,270.879449438202,479.389825842697,100.618942174531,1044.04057661446,139.983787783541,0.2668026253822,2.58298799964659,-1.95170582843626,272.096918342224,480.192573188149,100.618942174531,26.203238202642,12.8226487319868,0.794357791374966,0.872085467236475,1.36014313268662,5,-0.00262371861709306,6.75793566702145e-06,-0.00226880494497086,-0.00297863228921527,875.89764955,125.867881978636
107,270.502042105263,518.717678947368,72.8498058053225,490.900140954833,91.246390205914,0.164465460854772,2.47005819217627,1.65165553860952,271.109974289717,519.160938157337,72.8498058053225,15.477702631239,10.4574822202086,0.0387395035393774,0.737224174781805,-1.55864454810138,4,-0.00145182778960038,5.60947174840562e-07,-0.000208100827676918,-0.00269555475152385,384.217288290001,79.001236935
108,269.487411111111,337.387274074074,133.964308161476,359.194021508967,74.3753685315588,-1.84814290282937,0.168444204171164,0.976003058195476,269.793231339979,337.643206241352,133.964308161476,11.0625381175942,10.4405171923068,1.11695556348832,0.330596158917208,0.25099972252493,5,-0.00265961028249975,7.00038884678015e-06,-0.00238916988611222,-0.00293005067888728,354.039302045,73.8536409893183
109,277.56995,427.32426,121.820581904069,1213.28380431443,155.061957220301,-2.66237092517693,0.257729169737085,-0.912778178735259,276.97199906114,427.239558403081,121.820581904069,27.8008515887377,14.2701104523185,1.79567672758762,0.858210680337435,1.34559458382363,7,-0.00319375648241271,1.01213686728139e-05,-0.0029132002560706,-0.00347431270875481,1169.580979105,151.849747293864
110,287.317267741935,141.143971774194,96.5966622791052,1878.81839576469,184.382423266854,-0.19176814439299,0.428683363967588,1.9912892980266,287.888110102992,140.953271917776,96.5966622791052,32.7886911610543,18.4397665526021,-0.838217529020113,0.826877617590722,0.925023613424881,7,-0.00256159659251405,6.49339034835142e-06,-0.0023000879799825,-0.00282310520504561,1693.647471945,174.325900540723
111,284.920846987952,209.579302409639,121.227896514247,787.972868095522,115.142922988359,-0.361635782409848,0.275108955056985,1.77400072502775,284.738140363745,209.504099655085,121.227896514247,19.9002436178417,12.8950849369173,-0.346856960228428,0.761652003322743,1.05997632854171,5,-0.00258868813703327,6.59707407588359e-06,-0.00226583802485548,-0.00291153824921106,758.12989835,112.557298195909
112,287.436547619048,313.574496190476,136.185665955868,1269.04094846873,145.687636798418,1.78890654086844,3.04025529289109,-2.64722915868429,287.076216035531,313.590376850928,136.185665955868,23.29989006958,17.7908647095426,3.13315708298371,0.645736853468883,1.30509960411939,7,-0.00267808138147342,7.09804704890139e-06,-0.00240591812735339,-0.00295024463559346,1261.58703473,145.280681978637
113,289.846819565217,472.105580434783,107.264745464147,1027.92805442013,137.815217134207,-2.94526480620977,0.508877011676498,-1.13044210621548,289.923501899949,471.043189062406,107.264745464147,25.552981986424,13.2582380155512,-0.894054423715445,0.854863556548435,1.25787171031947,6,-0.00273707752702208,7.45505547286177e-06,-0.00254592859014946,-0.00292822646389469,892.826763785,126.9949554025
114,294.635460952381,247.99852,130.269311607145,1299.49374454886,150.905215776161,2.73867955071207,2.95350051043902,1.68308370514711,294.290576241087,248.023764247472,130.269311607145,24.6446816540469,17.4229698879287,2.79692476292934,0.707246809219993,1.40428343704875,6,-0.00263993284374392,6.86143005906286e-06,-0.00231158034959316,-0.00296828533789468,1274.83590674,149.301204500455
115,289.752969767442,515.01763372093,77.4992722332547,1104.47738504849,140.921631636327,-3.07567926205189,0.665845992645855,1.65065542583834,290.619870728696,515.16789779244,77.4992722332547,25.4724249861858,13.9504711598291,2.9777178270455,0.836694735194986,1.53002758333408,7,-0.00162311842229737,1.47764800925021e-06,-0.000547541645144343,-0.0026986951994504,867.801116654999,121.725416663409
116,291.3473024,362.3302056,134.183533873621,1473.64910740763,163.417717379335,-2.4774469103025,0.141689271081587,2.34349735252138,291.397880164643,362.785715656529,134.183533873621,30.2772095656341,15.8930839339095,1.61673562363282,0.851152158005015,1.47775974843201,5,-0.00276497348642654,7.61444396839225e-06,-0.00258994659635101,-0.00294000037650208,1448.54333976,162.510767565455
117,294.33555,400.8715625,128.876533459158,943.895103983286,124.284414003197,-2.79631278777077,0.187729031184498,2.2673370017935,294.499960736363,402.016520537692,128.876533459158,18.7278314008685,16.78893913526,-1.35649999726603,0.443104420736668,1.24751303815532,6,-0.00308934592476811,9.49602273660024e-06,-0.00287017588511599,-0.00330851596442024,926.684992255,123.146886032955
118,298.519071428571,31.2149,25.9013752192189,997.165363791085,121.562050147024,-0.0529999072059115,0.712087942538166,-1.33871806167558,298.182501455653,30.9035976089715,25.9013752192189,18.2578386672984,17.5239038023392,1.46185173511285,0.280679139974257,0.0404134924916399,4,0.000577261915963308,-5.45797912365697e-06,0.00298375530745197,-0.00182923147552535,755.18570457,107.287759456818
119,304.800973195876,59.4892247422681,49.5686575555699,1421.2299173282,146.924547440428,3.11427017886002,2.4747057454483,-1.32420468025562,305.026118293058,58.8498023562082,49.5686575555699,21.8867351160113,20.8106569357828,0.0522261177497028,0.30970028522132,1.16985326662777,7,-0.000555966980165482,-2.50138356136284e-06,0.00112048249548154,-0.0022324164558125,1117.32153951,130.548628826364
120,293.554742105263,543.941547368421,56.4796519475395,465.939710738086,83.7290260614782,0.0721052679837553,2.55926321573573,1.4394611276574,293.912447848299,543.623486926116,56.4796519475395,13.9069417341666,10.737133147926,3.07563094652123,0.635537444750484,-1.26376511512967,5,-0.000763210573297724,-2.4821230842101e-06,0.000987393169244699,-0.00251381431584015,388.633578960002,75.9858450436366
121,299.883189795918,94.3526459183674,73.502473299763,1121.21114785929,140.558219217735,3.06818129999496,2.59867161991619,-1.21134578897519,299.723200069593,93.9152831399847,73.502473299763,25.3620254060966,14.4412421308861,2.46753050694435,0.822057742116453,-1.28099673657336,5,-0.00166929199684551,1.95252449833101e-06,-0.00075604982063952,-0.00258253417305149,957.599026945001,128.243971619773
122,301.36060952381,182.038332142857,114.127321795106,822.065917025723,112.621599833007,3.01686013532659,2.81698776469092,-1.39989354091893,301.092187298367,182.066427380576,114.127321795106,18.9516981293357,13.9508521040673,3.0806901251205,0.676843701335808,1.3300552946321,6,-0.00260494658531724,6.71044872009987e-06,-0.00233054178897418,-0.0028793513816603,779.475303255,109.247510358864
123,296.638942553191,448.456331914894,118.439454850759,281.815195840426,68.4687654510318,0.132832096206177,2.846692234109,-2.08907978429222,296.512684198323,448.797320761709,118.439454850759,10.9887956599827,8.46928367541113,1.07677161288964,0.637174081426566,1.12512168546059,4,-0.00301746434866839,9.05406968642328e-06,-0.00279158515737029,-0.00324334353996649,269.39373087,66.8682369350001
124,314.067760416667,126.903596875,91.5131452284483,1420.10114027225,154.042151979207,-0.0237798689858927,0.457617089721344,-1.36273261573323,314.000777632605,127.282045016301,91.5131452284483,24.2102082008332,19.3346990895184,2.71036816731755,0.601838750351879,1.29924525473087,5,-0.00243588615248338,5.82567879061996e-06,-0.00210746179705229,-0.00276431050791447,1272.627761405,144.914853598409
125,310.162569158879,300.750989719626,137.255694324975,1093.34239118202,144.945666598272,-0.622527221240143,0.0648288753566271,1.25302505411738,309.438787017669,299.43701383281,137.255694324975,26.2797477274996,13.6391206245833,0.67760787212785,0.854775820598279,1.30879929321425,6,-0.00271725084649558,7.30594680355358e-06,-0.00243885300306395,-0.00299564868992722,1089.3516986,144.691890087273
126,316.376172972973,436.405427927928,121.308181403774,1270.43512925155,163.53103605326,3.03018761154219,0.258950065194189,-1.06692049106708,315.726614225722,438.325059060535,121.308181403774,29.5799292675745,14.5451799891556,-0.995581464045199,0.870750757171921,0.953441289771992,6,-0.00307119653291166,9.33148500229406e-06,-0.00275376442761266,-0.00338862863821066,1201.23106224,159.790281218471
127,310.914865555556,215.630372222222,124.240116020746,887.059137892898,124.007648699421,-0.0678194332536587,0.248820235043261,1.87314266756039,310.635907687818,215.701156476081,124.240116020746,22.9436409774454,12.6128210660729,2.61652151138691,0.83534201930117,1.27341746423908,6,-0.00260352488331651,6.66599627777448e-06,-0.00226834502074453,-0.00293870474588849,858.968535314999,121.552963511136
128,309.3915,496.426361538461,92.6755933200004,631.319042676447,101.509756131013,3.12714406922976,0.672647807680553,1.51302348361973,309.407805875583,495.728712220593,92.6755933200004,18.4733535264519,11.2991171409251,0.114208543390346,0.791133068076985,-1.5131411286657,5,-0.00218755440098091,4.54887335675568e-06,-0.00170122025608125,-0.00267388854588057,494.62455504,87.7025063045455
129,318.066182312925,361.761489795918,135.274947027521,1798.10791026892,198.367821993004,-3.08385712446437,0.112516913829215,-1.37620536206303,318.734107837389,361.37321908808,135.274947027521,39.90703328623,14.3669829079754,-0.402133538563648,0.932947942982425,1.41970651339916,7,-0.0027749074415742,7.67322884170278e-06,-0.00261094870407875,-0.00293886617906966,1712.04868307,197.367780311322
130,312.719408571429,525.3589,69.5163037524341,726.795120022813,108.276564711641,3.07074750269332,0.648930094872041,-1.45754753473574,312.260183847356,525.250791719862,69.5163037524341,18.5079097235675,12.6496808547267,0.0594595529489541,0.729974565026435,-1.42609045336988,6,-0.00127813820864179,3.10537950436671e-08,-1.22063442247603e-05,-0.00254407007305881,579.270126214999,95.2767022502272
131,316.5803025,467.2721625,110.913353293542,870.459986614651,117.147745287862,-0.0574967911513486,2.70544208742558,1.58082195493785,316.611564151408,466.925161484078,110.913353293542,17.1211408316869,16.5046641042302,2.98131034584121,0.265926726878694,-1.46278627429908,6,-0.00273464970530384,7.46519873561037e-06,-0.00262014959566187,-0.00284914981494582,788.307884595001,111.430224772046
132,319.217732098766,550.883137037037,52.0096385691827,852.908702062574,114.620429770791,3.06675289325141,0.536597805281058,-2.61061019299728,318.955671821128,550.600213112284,52.0096385691827,18.6010407696102,14.7754121498699,3.03648725794115,0.607483168310552,0.296914289733064,5,-0.000524298828140359,-3.23751961909439e-06,0.00134984334370353,-0.00239844099998425,733.104251220003,107.115306304546
133,320.551332291667,264.3477375,133.92276275442,1084.14154539897,132.742430154712,-3.13234681248436,2.99825378405552,1.35903967071137,320.609053098914,264.327732868511,133.92276275442,23.653945665581,14.8742681633061,0.327709251780088,0.777544268984962,1.46289901181388,6,-0.00269198984148558,7.14161970353951e-06,-0.00236766037455104,-0.00301631930842011,1072.422584365,131.8481554025
134,327.119954117647,175.271890588235,111.994198211653,768.675494806105,122.511652089909,0.0747384543904251,0.334031372820416,2.46051738760712,327.179691663318,175.980933967851,111.994198211653,21.2217792091129,11.8404381769816,1.35472281624046,0.829882599415099,0.720852082733919,6,-0.00261803681984433,6.79258401590684e-06,-0.00236997881422111,-0.00286609482546755,725.74376677,119.004420717727
135,328.568380555556,37.7976652777778,31.3986796633548,822.459956487722,111.170558926392,0.0623387077558649,0.720107415168988,1.23348387127383,328.652646435498,38.0039460752079,31.3986796633548,17.7952758072412,14.835387592795,3.12987028768378,0.552262917557774,1.18226634011562,5,0.000363260937859305,-4.95211785120631e-06,0.00261805058662496,-0.00189152871090635,617.544645355,96.6981716197728
136,332.496497413793,415.576168965517,126.058263878792,1299.46115905761,162.201427544882,2.96017500225985,0.233849863092206,-1.56730543773092,331.048607048522,416.398433296314,126.058263878792,29.407730757389,14.8826124972099,0.00779290833445995,0.862487576354337,1.40097816644261,6,-0.00312394958561996,9.65323854164288e-06,-0.0027986459246319,-0.00344925324660802,1240.241629825,159.129547293864
137,331.327002970297,92.7994306930693,72.2649699811494,1507.89014443998,158.796265016725,0.0834779967730123,0.551186566354847,-1.22700253178829,330.641826282117,94.0276230218238,72.2649699811494,25.8031691132618,19.1790018609396,2.43853965969645,0.668979488153187,1.23905988925487,6,-0.00157892880113991,1.58953677870019e-06,-0.000628413477555422,-0.0025294441247244,1283.66848808,144.448004500455
138,327.10568,194.85598,118.48735734203,423.913075200988,83.7858744558552,0.099788205804282,0.29654046854873,0.387166811811118,327.237307174498,195.190810472899,118.48735734203,13.6964198494538,10.0934630889322,3.09455068947277,0.675956295523855,0.426120264847084,5,-0.00259921346747041,6.66419178128835e-06,-0.00229636223634995,-0.00290206469859086,405.562693195,82.1385716197727
139,337.842703370787,152.221435955056,102.778902072122,1107.34940567072,140.136235681599,-3.02386758650791,2.7444609950594,1.20447503574844,337.909738878814,151.204608134637,102.778902072122,22.8467826478878,15.9947174168626,0.739519572834632,0.714058332427802,1.2869969413234,5,-0.00262059499197743,6.82706918661804e-06,-0.00241947581000027,-0.0028217141739546,1020.16314477,133.908927022273
140,329.668950574713,497.494837931035,90.3841815158715,1051.91652786458,142.644775725912,-0.120462398159948,2.46254908573183,-1.57166288629653,331.07409056857,497.546942414244,90.3841815158715,26.1106635587947,13.1588896658409,0.0103686960802167,0.863723425199852,1.43812335204922,6,-0.00208540447841145,4.14589363961868e-06,-0.00163482906967296,-0.00253597988714995,809.6532895,121.431020717727
141,335.101327,230.150877,127.234132380886,1102.76346588647,139.880615239754,-2.9173183983672,2.91523830239427,1.06472769949627,336.071221046578,231.25662860269,127.234132380886,26.0722280891365,13.6424996925561,0.980570529372223,0.85217436893102,1.30998821994619,6,-0.00262752238974187,6.78394833546708e-06,-0.0022812196708271,-0.00297382510865665,1072.422584365,137.706486032955
142,335.321454285714,310.639465714286,137.594037715565,1200.6332866156,140.35910831075,-2.19310727698346,3.0916777066938,0.554878525306766,334.637177408938,310.445515390604,137.594037715565,25.652419669067,14.9805052169409,1.99133389954803,0.81176790021364,1.54328706471413,7,-0.00275934676647092,7.53495360151149e-06,-0.00247820449621968,-0.00304048903672216,1185.03799645,140.255028826364
143,335.714834782609,526.537031884058,66.7538583200046,729.690093718638,109.920316946459,2.99763621934018,0.637879456040653,1.97708031567772,335.235165756424,526.884456609358,66.7538583200046,19.3079065670481,12.1299393486881,3.11438579892496,0.778022106807539,-1.25443385392221,5,-0.00115468069687116,-1.92671462545013e-07,8.06164229635298e-05,-0.00238997781670586,585.89456222,96.5762288263638
144,338.814025,65.4170916666667,53.3267440313712,873.935088927023,130.330598839427,-3.02819572494933,2.48872594101014,1.15144967420545,338.929050138134,65.106897702802,53.3267440313712,22.3175211690013,13.0552409378573,0.825329959661348,0.811049740191424,1.18816625595877,5,-0.000707310670034288,-1.88357651455015e-06,0.000836666304695098,-0.00225128764476367,694.093683635001,114.273163511137
145,340.55125,361.22147,135.105294134074,1130.23348466075,151.730524682986,2.66679103068527,0.128361608361864,-1.81908459223548,341.821085235416,360.574300452893,135.105294134074,27.7250685500701,13.3530483605083,0.473868339293932,0.876378155796957,1.32338244015503,5,-0.00279935284258395,7.810785407783e-06,-0.0026393811904082,-0.0029593244947597,1116.585491065,150.844616663409
146,344.429636486486,486.254568918919,97.4847142366547,736.455289522716,123.935189444242,3.02795885400467,0.632090729649839,-1.30741905750298,345.762259068002,484.429670655497,97.4847142366547,24.9445879004785,9.75731199440797,-0.515238988374977,0.920322912017308,1.14841343998701,5,-0.00230146248855194,5.25362832726468e-06,-0.0020938540615866,-0.00250907091551729,576.325932435,107.165816663409
147,352.669682075472,274.549186792453,133.564527254058,1371.77340438049,148.862955067062,-2.46122014783013,2.98555875383434,0.0583927072065866,352.219979707173,274.697638712777,133.564527254058,23.583699493563,18.8531548637971,-0.215333127511429,0.600779675269154,0.835436916446754,7,-0.00270719775784308,7.22041301917999e-06,-0.00237779423495567,-0.0030366012807305,1352.120993465,148.001677924318
148,352.877275,548.3702375,50.5827054347974,1082.15848941061,130.068915947187,2.93934290610456,0.541546058335172,1.94117958338196,353.728904968074,548.533215141487,50.5827054347974,19.6418658871562,18.0688035850484,2.205058001028,0.392123022520053,0.730393787656412,5,-0.00041930323403774,-2.84704649545439e-06,0.00131933465164429,-0.00215794111971978,928.157089145003,120.131494141591
149,356.916719148936,121.175110638298,86.4723108346099,1350.71236947715,147.569906975612,-2.93301485515434,2.64208437854124,-1.44088536361839,357.663310373622,121.534482108804,86.4723108346099,22.9735043169138,19.3055809852966,3.04927519710333,0.542057889357014,-1.40503859785599,7,-0.0022448174786466,4.82093825029972e-06,-0.0017776266588122,-0.00271200829848099,1185.774044895,137.462600446136
150,355.484887128713,211.36647029703,121.047866500875,1183.15659779706,139.305645843713,0.367515457949023,0.278765935738582,-0.904959542873826,355.345039992882,211.421715434476,121.047866500875,22.3511925352782,17.1622510310477,1.84482465801725,0.640635687064473,1.28851967965316,6,-0.0025986977088351,6.64038281172537e-06,-0.00226277067780094,-0.00293462473986927,1136.45879908,136.406959456818
151,351.956918823529,461.496497647059,110.571793117136,906.874512043323,126.483726784144,-0.27120519769945,2.71617032061782,-1.53597217546431,352.159357919236,460.722881779264,110.571793117136,22.4580965448075,13.3192532476472,2.98868022227267,0.805149920408641,1.42911214702028,6,-0.00276137924071977,7.60103828737981e-06,-0.00260588961502627,-0.00291686886641328,821.430064619999,117.999290087273
152,357.779991397849,32.1328806451613,24.1129080570282,1257.18623869507,139.413394514345,0.153912201419595,0.687965272399893,-1.7998925008233,357.590117005945,32.0733396115681,24.1129080570282,20.5501665365426,19.8123798146561,1.27804419678349,0.265545746991476,-0.264128602682628,5,0.000769643642716862,-5.51916296677092e-06,0.00324179135342215,-0.00170250406798843,974.52814118,123.685167565455
153,354.227944036697,418.532844036697,123.86683705979,1157.37711168335,148.47363973787,-0.392316897404568,2.88201154674723,-1.84500421058206,353.020231184441,419.298105279452,123.86683705979,28.1242666665178,13.5054882075191,3.07166612320886,0.877154835777671,1.53357935736302,4,-0.00312436691849554,9.65000884570402e-06,-0.00279021157185971,-0.00345852226513138,1117.32153951,145.108228826364
154,359.530728571429,183.066485714286,112.381216602443,790.968418224919,108.900848801395,0.35036441293317,0.329477440301527,3.08214507088841,359.295335841249,183.794838855263,112.381216602443,17.7123734908281,14.4181856413394,0.107943558112898,0.580840058796754,0.396255629447148,6,-0.00261910345657815,6.78566036529127e-06,-0.00234699584740788,-0.00289121106574842,747.82522012,106.282628826364
155,361.803393406593,343.13723956044,134.913467187559,977.148614922156,124.99681294213,2.06159337445116,0.139350288350924,-1.98002538941049,361.373548151911,343.234051476644,134.913467187559,21.3097566971081,14.7437334230208,0.859304827901969,0.722015255581798,0.944699937561642,5,-0.00275317210031673,7.51352245928574e-06,-0.00249542386137665,-0.00301092033925682,967.16765673,124.273959456818
156,362.267896774194,61.4347279569893,47.3462904223281,1177.52093642894,140.32915563818,0.198002119160342,0.679347078165962,-1.17467840260591,362.314883942722,61.8237707750776,47.3462904223281,22.5661017820438,17.0225980670768,2.29506788313729,0.656479620194867,1.21268244407429,5,-0.000421275083730731,-2.81989361397169e-06,0.00131001527612923,-0.00215256544359069,915.64426558,123.685167565455
157,358.405495890411,515.68574109589,72.765923360799,864.036962448345,119.417222518551,-0.120694636445102,2.45411879785796,1.46655637980447,359.107298856172,515.291314276904,72.765923360799,21.1635695145683,13.1796581431516,3.1066111809158,0.782419181627839,-1.51212663684754,7,-0.00137338780940081,9.74233469643241e-07,-0.000418421524463214,-0.00232835409433841,666.85989117,102.434559456818
158,368.030163917526,381.951843298969,129.676446377122,1148.91419332787,135.051278917648,2.4363433068666,0.20455839846832,-0.723874216019456,368.34967007943,382.277423068064,129.676446377122,21.7705304352506,17.2633820311286,0.06446741727154,0.609260412646237,-1.3544814735864,6,-0.00297531489339721,8.84669870643024e-06,-0.00289915710692054,-0.00305147267987388,1124.68202396,133.564020717727
159,360.0657328125,152.3260234375,101.28238974342,544.211134193664,90.2378811985067,0.287064120361295,0.405629477237339,-1.27805188112052,359.987657231261,152.665725695279,101.28238974342,15.716851598279,11.1154678835875,2.5527855088859,0.706981063210226,1.53734191030327,5,-0.0026071690492393,6.74787146746044e-06,-0.00238477529066926,-0.00282956280780934,499.776894155,85.9866409893182
160,368.112296385542,247.922506024096,127.81346283847,1033.48981149501,124.030626732404,0.657793057071563,0.22690177457159,2.99254887060915,367.221349554675,247.656953791352,127.81346283847,20.5408503304924,16.2293505235146,0.34103748775285,0.612976420081469,0.84498118652589,5,-0.0026370993993247,6.83147823162046e-06,-0.00228664967354622,-0.00298754912510317,1006.91427276,122.608604500455
161,366.033452631579,311.933044210526,134.941584395579,1011.12778412314,126.695188363599,1.38536694472562,0.142778317700866,-2.83559730987167,366.131893598352,311.873714652416,134.941584395579,21.0566272188886,15.6281300337805,2.61017020171508,0.670183644276228,1.16215787342622,5,-0.00275902348000822,7.53166513741006e-06,-0.00247521821961542,-0.00304282874040103,1001.0258852,126.111767565455
162,369.782063095238,92.7452297619048,68.3735982107692,1062.10555180869,129.334147453194,0.25790712778733,0.574747618952392,2.38527925219576,369.658983431783,91.6612554377472,68.3735982107692,22.1351816993782,15.4573063749462,1.48527501833665,0.715791599616057,0.901128253641136,6,-0.00139343568864696,7.54548454085177e-07,-0.000303887817137933,-0.00248298356015599,889.882570005,119.298816663409
163,371.133728971963,478.754572897196,98.5093030058617,1309.12264960437,166.377079052491,-0.175368322043903,2.58198896313918,-1.50920645374943,375.197090793112,478.626038827492,98.5093030058617,30.9588422234319,13.6542938578604,3.01400430759104,0.89748417624838,1.47326119110697,7,-0.00242350451912493,5.8504364502255e-06,-0.00227205253335558,-0.00257495650489428,1070.21443903,147.707281978637
164,377.126305769231,426.801607692308,118.807779825231,1115.91666873374,146.994693969138,2.60673463522517,0.296229951849536,2.40715276778496,378.65641357448,427.451543680187,118.807779825231,25.6946990727321,14.2018854314763,3.12147327705306,0.833369314930375,-1.26723077198688,7,-0.00313402872131915,9.70899467920382e-06,-0.00279766381998499,-0.00347039362265332,1056.229518575,143.564816663409
165,377.891786746988,535.021445783133,56.2320139125838,1014.05411990473,139.332924889992,2.95870390873782,0.620959083526611,-1.56700878373538,377.136370204434,534.257132375552,56.2320139125838,24.4169318444929,13.6016830504893,0.0245589772860945,0.83047260623368,1.42275562208658,5,-0.000678033933256158,-1.58386589968895e-06,0.000751510020015574,-0.00210757788652789,821.430064619999,121.60347387
166,384.716165979381,171.800778350515,104.418928855643,1164.08485254005,140.576510149906,-2.61973124916319,2.75579426103179,2.41663741566184,384.534162232874,171.804272034789,104.418928855643,23.377535759587,16.0747528204607,0.0380734294126901,0.726075139141003,1.17162283016507,7,-0.00262532272568842,6.82252581635236e-06,-0.0023611379462939,-0.00288950750508295,1077.57492348,135.574281978637
167,379.52024,138.894850769231,92.3556746833582,586.068019685418,95.5494522209741,-2.76882835982735,2.67163520742025,1.28012282179926,378.873670913158,138.819454153121,92.3556746833582,16.066139389347,11.8082752333153,0.608158504513891,0.678089856808721,-1.55114181184852,5,-0.00242297149352778,5.73401346866192e-06,-0.00205313722012098,-0.00279280576693459,522.59439595,89.7127675654547
168,386.379014529915,219.348047863248,118.270096653682,1475.01066930345,163.515831273257,-2.46076040490896,2.82980376252639,0.733159839298955,386.741493448029,219.346581118596,118.270096653682,30.7952488643212,15.4204467062111,1.65243530873387,0.865597108088536,1.41221083840782,7,-0.00259651816181296,6.61273009858895e-06,-0.00223710688481181,-0.00295592943881411,1399.96414239,159.569866710702
169,389.27213875,54.71983,36.4133605641679,985.330574805126,129.146767709799,0.307459094294316,0.71431449939299,-1.02003477522819,389.223667798807,55.4407286575121,36.4133605641679,19.4371053609101,16.6231992084004,1.80627763702742,0.518248329596034,0.955310721169054,6,0.000139470377345838,-4.38002886572546e-06,0.00223696432295866,-0.00195802356826698,745.617074785,112.4353554025
170,389.671516666667,308.903800980392,130.822979377166,1035.14537390418,140.14741463569,1.40434410121784,0.195072328816201,-2.88950445152125,389.761774281046,309.545031330891,130.822979377166,24.2622175508611,14.1202409590974,2.66096859701604,0.813199689066038,1.17999743643072,6,-0.00273845909789506,7.4093217168379e-06,-0.00243873169840288,-0.00303818649738725,1013.538708765,139.1279554025
171,394.743440816327,275.889563265306,127.134652030869,1253.30363557014,147.541906773809,1.07795206445457,0.248485789825704,-2.80924002526455,395.062667982078,276.173913545622,127.134652030869,23.571747475917,17.7402147480878,2.47902500054342,0.658472270215785,0.757188150941123,7,-0.00265893468645233,6.95041012600524e-06,-0.00231321291853179,-0.00300465645437287,1210.799692025,145.3311923375
172,388.9178,512.637633333333,71.8178956355149,711.877921424984,114.964285517449,-0.155616278527326,2.44833728344757,-1.36665591655716,387.434864108874,512.174831562415,71.8178956355149,21.0723667116511,11.4203411171119,3.13410885465795,0.840405468455119,1.16172862798803,5,-0.00131931951539674,7.7507146992275e-07,-0.000336704375179606,-0.00230193465561387,546.883994634999,96.4542860329546
173,390.332369072165,349.61802371134,129.894868996464,997.268858986001,128.007096433452,1.94681477973855,0.204914258981053,-2.25213032475609,390.24739799736,349.930011372593,129.894868996464,22.1795334450385,14.5514564838053,1.44721143726466,0.754694948745401,1.1524631709737,6,-0.00277517351690194,7.63295686924557e-06,-0.0025131979843263,-0.00303714904947758,976.000238070001,126.528106304546
174,391.400675510204,455.074164285714,107.440679002751,1258.97248312583,146.774323970929,-0.438928404900099,2.74001974187739,0.991571536872156,391.482440239005,455.396209151479,107.440679002751,26.0610573471374,15.5665775971709,0.000363371765564668,0.802009095706109,-1.39230096976986,5,-0.00288663485721941,8.27794898073114e-06,-0.00265272928186267,-0.00312054043257615,1154.860010205,139.300408554773
175,391.122201449275,34.7988507246377,20.3332367122454,598.645429623167,101.002527417969,0.289115574761505,0.646698385035093,2.72896969627622,390.989134429467,34.646696801564,20.3332367122454,16.996776451723,11.4043397152938,0.69342475581202,0.741483825014658,0.515358350436353,4,0.000926376521352183,-5.66553429554931e-06,0.00348053151955841,-0.00162777847685405,476.95939236,91.550575674091
176,394.03434125,85.67414625,58.6816821183219,948.516729702524,123.865573377811,0.361413121285046,0.632693529234227,2.39450091006661,393.842484628738,85.5412525748837,58.6816821183219,21.788433974696,13.9559442637709,1.46556762684684,0.767940855452857,0.975573032522232,6,-0.000971694341564835,-9.99801359980898e-07,0.000422576526455442,-0.00236596520958511,764.754334355,112.4353554025
177,396.665424137931,117.759829885057,77.6995610673645,1111.13696208816,135.804197121916,-2.72998865097868,2.59989802912859,-1.68246633348286,396.593018532287,117.37132642659,77.6995610673645,20.5143428806127,17.7342840770126,3.00669123442949,0.502663447771705,-0.873482131231257,7,-0.00189252862652403,2.96700040447302e-06,-0.00110852339839101,-0.00267653385465705,950.97459094,125.451543239546
178,393.490912359551,385.81576741573,124.836404086952,894.999638675465,122.749865326755,-0.867919321581506,2.88060328268182,2.69212233297195,393.271195974047,386.170126637198,124.836404086952,21.3467553226544,13.6071049803677,0.918155265050953,0.770506614439691,-1.3228625695005,6,-0.00303599525104935,9.20077048827587e-06,-0.00290755586410626,-0.00316443463799243,864.12087443,120.842228826364
179,396.1976,545.47762,45.6106069690414,431.950324463929,84.5186206912979,2.82539402398967,0.632799139376813,2.11406208291777,396.783455946497,545.94594100222,45.6106069690414,14.0601329682414,10.0983421875261,0.0264582030897045,0.695810695402179,-1.21568203686495,4,-0.000117942402603809,-2.95699338530118e-06,0.00160568858912068,-0.00184157339432829,348.886962930001,75.5695063045457
180,403.822639,478.574052,93.4656904637169,1047.37926260909,153.557205189447,-0.379738109043549,2.56266616352375,0.961084817352903,399.615054941269,479.152544367649,93.4656904637169,29.0514244667423,11.6637717330875,3.12235772263277,0.915864684510729,-1.23504100813971,7,-0.00239168233289225,5.56346405602067e-06,-0.00199585367621331,-0.00278751098957119,825.110306845,138.711616663409
181,400.886254098361,148.738645901639,92.115235930801,579.775086358582,93.0385153552563,-2.60236457806305,2.68258637637045,-1.25093113653719,400.755334806999,147.963112212034,92.115235930801,14.7791964630039,12.6347503569023,3.1368455065046,0.518791113906791,-1.38032200644862,5,-0.00244264644001189,5.81742637047137e-06,-0.00205651788573056,-0.00282877499429322,519.65020217,87.8749594568182
182,405.92468125,413.78079875,116.645878276128,822.328168825631,119.007672914384,-0.794486011134522,2.83439707166397,0.477887717544438,406.595254132102,413.683442234504,116.645878276128,20.4833625385795,13.0896909395668,3.1325883687555,0.769173384077977,-1.24431769215304,6,-0.00320266181363095,1.01742987811561e-05,-0.00291500939953739,-0.00349031422772451,783.891593925001,116.455877924318
183,412.492407317073,212.505056097561,109.945959381861,1593.52413980835,171.273969551708,0.837697384699015,0.379512377662351,2.62819837471522,412.111487740289,211.963573945123,109.945959381861,32.553714452525,15.7525126475791,1.04132650784924,0.87512720277443,1.33410682233537,6,-0.00258955939863118,6.57517922580042e-06,-0.00222811970346939,-0.00295099909379297,1476.51318067,166.0384209069
184,414.001959340659,256.246293406593,119.35194978962,1061.0394785015,131.066103991385,1.0467438150683,0.330810648413028,-3.12040809589346,413.627672233762,255.789709178136,119.35194978962,22.5944168685297,15.1334939451029,0.0169304768538676,0.742551394208187,1.0827940689058,5,-0.00259843344629425,6.60773829926902e-06,-0.00221880458075374,-0.00297806231183476,1002.49798209,128.294481978637
185,406.023365753425,520.5057,62.4661025238846,708.778317818169,119.655240846206,2.8691103884083,0.698261880921342,-1.4040209421182,406.073920266001,520.214435412465,62.4661025238846,23.942558591573,9.62513275420914,0.0433795885800159,0.915635555873521,1.56991236389009,5,-0.000943364773822088,-6.1562725238491e-07,0.000283649630687211,-0.00217037917833139,543.203752409999,99.4191675654546
186,414.570428571429,75.0985428571429,44.7857703858515,874.854410418603,124.280619053472,-2.7108690907084,2.44155845702177,2.24822354423253,414.083270578786,74.5223522994121,44.7857703858515,22.1067674548154,13.0804983131235,0.0513338753950363,0.806160764247475,1.13912910849357,5,-0.000294930592820867,-3.35629265243243e-06,0.00156067623703671,-0.00215053742267845,669.80408495,109.298020717727
187,421.761746153846,168.205378846154,93.4736311694604,1379.04168141221,152.014259752637,0.715595285034015,0.445306863069654,-1.79260086729866,421.612747896289,168.48676102573,93.4736311694604,24.2475176517356,18.4264831443244,0.440394785993415,0.650001686150947,-0.613854875342288,7,-0.00246906223409908,5.94722753440034e-06,-0.00208300423139224,-0.00285512023680592,1243.185823605,143.564816663409
188,413.853096116505,346.473717475728,124.681828867044,1073.4288451679,142.753499063343,1.81366165411326,0.265126474568818,0.390553594460674,413.086450897053,346.521520474376,124.681828867044,25.5901919619521,13.8569085655533,-0.772792370869822,0.840705289547176,1.44357360410456,6,-0.00277167656903611,7.59746381289209e-06,-0.00248059721481856,-0.00306275592325367,1031.93991989,140.843820717728
189,421.556166216216,135.758432432432,80.2342584536544,781.727543471399,111.692833135556,-2.56183835797932,2.61588371406796,0.812798267955797,422.267137680168,135.10813943452,80.2342584536544,17.8936663859909,14.4057770592964,1.60687019101971,0.593170482638485,1.23062909532971,5,-0.00202765114464844,3.59022709480495e-06,-0.00130574944109789,-0.00274955284819899,676.428520955,104.150424772046
190,420.241787912088,309.88481978022,123.342681023062,1053.54282773298,131.684134762296,1.43373079953,0.295937644246645,-2.80220961150948,420.360034841991,309.491291600483,123.342681023062,23.1791286801298,14.6899945530501,2.51875402306545,0.773530097270922,1.16198706401676,5,-0.00269030143999905,7.13241950213445e-06,-0.00236579822595257,-0.00301480465404553,1005.44217587,129.299612609091
191,424.314684146342,48.532,21.3686844658045,917.57214980502,125.959434524156,0.431845301555184,0.640450768810895,-2.84586901308524,424.734040131668,49.2366576673884,21.3686844658045,20.4031789946272,14.4372541833388,2.4981601712314,0.706614949326482,0.14902589181081,6,0.000879707685784398,-5.76492088006154e-06,0.00343681669646221,-0.00167740132489342,725.007718325,114.8619554025
192,422.659291588785,532.684057009346,48.1460523032365,1367.65049680619,168.74997157206,2.73151054655246,0.713803476503898,2.12724668491598,423.27335217214,533.432784739423,48.1460523032365,29.5653772375374,15.0837695698507,0.0173144578963662,0.860065537997362,-1.27347500224873,7,-0.000294195449830924,-2.46674894708116e-06,0.0013037094002094,-0.00189210029987125,1026.05153233,144.691890087273
193,421.795078571429,380.311773809524,118.801867290645,821.327142521403,120.681830936282,2.04910997668007,0.319024808627635,-3.00183030979292,421.339983004825,380.25303961608,118.801867290645,20.7313803414438,12.919871311894,3.07148978231398,0.782059617857877,-1.02632758369117,6,-0.00301412364916866,9.06464487651004e-06,-0.00287165787795401,-0.00315658942038332,778.003206365,118.293686032955
194,420.121791208791,432.014797802198,108.654384282049,904.733924111772,133.108607839783,-0.80071290500682,2.77729956973254,0.409561122996079,420.975340706312,431.992091520258,108.654384282049,25.2702834192084,11.6735113812052,3.12485460980077,0.886907948400043,-1.17010754821517,5,-0.00314876400084427,9.78901830683028e-06,-0.00279422708290405,-0.0035033009187845,839.0952273,129.299612609091
195,423.887088607595,496.377924050633,76.4873868332007,866.81432355724,121.65897223257,-0.409852018102356,2.44952804013094,-1.33821993534222,423.839904773696,496.015661171757,76.4873868332007,18.6395420706616,15.2117386387972,-0.530400270366945,0.57791007811558,1.54030970240858,6,-0.00169083849651879,2.06550401157421e-06,-0.0008000911643669,-0.00258158582867067,665.387794279999,105.693836935
196,425.576493670886,101.947916455696,59.719441493819,953.761270878363,122.439709104831,-2.62624258673106,2.50468081353785,-1.8652855283187,424.805372518669,101.506857923076,59.719441493819,20.264905002916,15.2584250636628,3.11039968587987,0.658079714118928,-0.657760791695587,7,-0.00102621529532933,-9.37228388939562e-07,0.000384581012189026,-0.00243701160284768,766.96247969,108.709228826364
197,422.246783333333,473.646583333333,92.3183718431995,586.928761867538,97.932995614974,-0.524258554187777,2.57522980557895,1.17125914969689,422.61987397855,473.067633279746,92.3183718431995,14.905572181207,12.960250205984,2.94134452018425,0.493950042059413,-1.41403385504251,4,-0.00241544949944259,5.53119788756067e-06,-0.00186481495930115,-0.00296608403958403,493.888506595,89.4183716197728
198,433.67891875,72.55534,35.6338443334095,885.42160975305,125.523875362136,0.484970524697482,0.711750432784209,2.28522060478174,433.381013048018,72.589927320638,35.6338443334095,21.8599241707804,13.2728960354469,1.69001102284841,0.794564757815419,1.18012755521693,5,0.000119537938739796,-4.54984302424769e-06,0.00225592094350412,-0.00201684506602453,669.068036505001,110.425094141591
199,438.128407619048,442.36918,99.5951565576563,1212.3903380338,153.652008276371,-0.842377073385173,2.68202603612788,2.58588785815733,439.013663541184,444.110354878865,99.5951565576563,26.8183494606638,15.0898690880829,1.06778432427591,0.826681896486032,-1.30903781238401,6,-0.00293541388135105,8.34592008192866e-06,-0.00241509227609158,-0.00345573548661052,1080.51911726,146.285812609091
200,440.825536134454,302.060721008403,115.450650521331,1378.87757425746,172.577461961331,1.39563897682765,0.383439982975002,-2.91184411983087,442.512696803756,301.069784834626,115.450650521331,33.4343948669995,13.1318435581595,2.69692693669109,0.919639083237725,1.19590121488577,7,-0.00262361044755434,6.76851180189866e-06,-0.00228475947940219,-0.00296246141570649,1248.33816272,168.02725049343
201,435.385121875,205.641711458333,100.845447599927,1035.77499263145,138.627177985383,0.917691584482919,0.4231579283183,-0.6617593513808,435.597352322193,204.134340989635,100.845447599927,24.0187131694804,14.2032479006531,1.30182593676515,0.80642167531116,1.51416151723248,5,-0.00251812442147272,6.21309408446347e-06,-0.00216055412411309,-0.00287569471883235,942.878058045,132.853286032955
202,436.534474626866,402.109350746269,110.580688454508,660.117072617324,99.8515038501682,2.07254619626373,0.369139570583301,-1.75558338014155,436.272511079677,401.584765430014,110.580688454508,16.5003683734677,12.9694142235744,0.471465430246864,0.618216888649257,0.807903307717627,7,-0.00314668541860078,9.84158662487462e-06,-0.00290164970944777,-0.00339172112775379,615.336500019999,96.1598900872728
203,435.618032142857,549.039916071429,30.5150353039585,505.466480073391,86.9617147181786,2.66515943517303,0.70556377856163,1.2170894228199,435.887457446294,549.48597970568,30.5150353039585,13.5057382031298,12.2385187283166,0.75520268360678,0.422909823099294,-1.53848328098959,3,0.000612338004034368,-3.94490005662751e-06,0.00269076478595677,-0.00146608877788803,384.953336735002,76.2802409893184
204,447.90046728972,135.254601869159,69.8138524604326,1403.11435860586,157.537663750279,0.699936797656916,0.583593235212163,2.83056871189384,448.137345182614,135.182306447808,69.8138524604326,24.4637583360269,18.6384825070897,0.670672433222888,0.647716549732727,1.00397720852462,6,-0.00155072865917242,1.26185182931488e-06,-0.000481660118309011,-0.00261979720003584,1168.84493066,145.697020717727
205,441.265077,254.344079,109.507812852592,1225.77408847147,142.679125767486,1.15199470552514,0.407641408996234,3.03678331280187,440.450115746195,254.381476500545,109.507812852592,23.9614707744221,16.5020529426977,0.243531507412596,0.725054822306051,1.27947789415089,7,-0.00253485361335096,6.28185689323087e-06,-0.00215587347153934,-0.00291383375516258,1123.945975515,137.706486032955
206,437.752417948718,344.841637179487,117.382851461324,751.327292374246,107.839473587679,1.72585837840372,0.363479417175345,0.0463647976441152,437.634320135689,344.470028783317,117.382851461324,18.5317874354493,13.0520082259197,3.05040214340073,0.70989869968649,-1.45763486621147,6,-0.00274449066083048,7.44118650282715e-06,-0.0024427581889973,-0.00304622313266366,702.926264974999,104.983102250227
207,448.127688461538,375.625235897436,110.366478946782,816.781137277052,116.160099976294,-1.27026746226716,2.73893059266087,-0.0740397437029671,448.496845323211,375.700806062849,110.366478946782,19.0452212415379,14.0596416370056,0.122671806092941,0.674555522440243,-1.3150153998595,5,-0.0029402006155934,8.61974972116043e-06,-0.00278199208619189,-0.00309840914499491,751.505462345001,112.019016663409
208,443.484785714286,485.351514285714,76.8497022679429,779.445515759344,120.076587741714,2.59062149052747,0.670282880021669,-1.89641105717994,444.721219997087,485.0570293321,76.8497022679429,23.0264973409968,11.5404221071191,0.697403384907243,0.865343003177845,1.48153056906046,6,-0.00179431788622849,2.17055011698116e-06,-0.000770097909925392,-0.0028185378625316,613.864403130001,103.267236935
209,447.798244776119,510.364685074627,56.3189317749294,726.795329859447,109.607608171275,-0.506507816140982,2.39448426389697,0.759810011296871,447.524479723207,510.171412812397,56.3189317749294,18.993860456083,12.4993096583661,3.0975790873112,0.752955839085746,-1.07442260435354,6,-0.000763607028858521,-1.69702246968457e-06,0.000746398985767485,-0.00227361304348453,532.899074180001,95.1547594568184
210,452.379810447761,109.559179104478,53.5944591350056,698.40955391889,105.635791737097,-2.50083799832428,2.46914933020425,1.63665565665302,452.424891334353,109.835859474967,53.5944591350056,15.5881460778365,14.4769016012413,1.65166657085288,0.370801335089732,0.525647960141103,5,-0.000711736969508656,-2.15583683889428e-06,0.000919951221494651,-0.00234342516051196,546.14794619,94.1496288263637
211,452.437093877551,175.160902040816,84.9243665053033,1032.19551785505,138.934959303316,-2.26254456066283,2.64365971411203,-0.82448840264562,453.588150280291,175.537086154476,84.9243665053033,25.307170354402,13.6151269802132,3.11084612971846,0.842948133497384,-1.47181043698887,6,-0.00215765661484709,4.34351354539589e-06,-0.00159911519096026,-0.00271619803873393,906.075635795,130.254232880682
212,453.822093421053,221.730575,97.8908889067642,788.377545220538,114.220560849485,-2.08439745678499,2.69402489384087,-2.22297359748078,454.177988466754,221.906906693762,97.8908889067642,21.6551705079086,11.8447978519952,1.30642275192487,0.837150118780618,-1.2185124103227,6,-0.00240709362607554,5.6738888968614e-06,-0.00206037929433817,-0.00275380795781291,710.286749425,108.587286032955
213,454.50218,533.62450625,34.6084919612166,905.871511249168,130.531841268419,-0.51884251703709,2.40617768296118,1.12892350872077,455.300537140788,534.159046107708,34.6084919612166,23.5697886235523,12.6930455309657,0.0102152921250322,0.84260614000926,-1.5337997937202,6,0.000331586844293912,-4.0756717240812e-06,0.00237746600968712,-0.00171429232109929,670.540133395,110.425094141591
214,457.823998648649,67.8300283783784,22.1798763819059,800.538198675092,114.495260918526,0.582773706232752,0.657598890557003,2.84490102111459,457.714427784101,67.9507325429772,22.1798763819059,19.0312856610599,13.4829582333509,0.558140777171793,0.705748140776968,0.791464895427243,5,0.00080045636761278,-5.79900677587924e-06,0.00333812009086909,-0.00173720735564353,633.737711144999,104.150424772046
215,454.728927868852,88.0736459016394,37.8147299084634,568.109837928314,96.7291221222355,-2.5408533165999,2.42071849712754,-1.39771572018174,454.91637956183,87.7231122066071,37.8147299084634,15.0487315899612,12.3124578073892,-0.369742050631356,0.574972885357201,-0.710811095852186,4,2.52386131071602e-05,-4.3737585424889e-06,0.00211674417850269,-0.00206626695228837,426.908098099999,82.8493063045455
216,459.695104,457.996484,84.8722075966432,881.430876381178,118.017700598507,-0.808712498671542,2.56139470129389,2.71733581530779,460.388037889406,458.624439367423,84.8722075966432,19.8334470123681,14.4259320207349,0.827126597100556,0.686262723183701,-1.15111071312897,5,-0.00232993382012797,4.52686279468787e-06,-0.00138033979556366,-0.00327952784469228,737.52054189,108.881681978636
217,462.578973394495,296.880039449541,105.720405656638,1363.11761052509,157.702157925561,1.40238834768861,0.441339616823497,-0.130584191536001,461.433886752024,296.222832746967,105.720405656638,28.4786586844526,15.5864570145756,0.211483847941367,0.83693450257203,1.4755653187905,6,-0.00248662151425515,6.10099246524093e-06,-0.00219975204931397,-0.00277349097919633,1229.20090315,152.144143239546
218,459.8407,426.64177875,95.8830383918057,738.286072944778,112.585090955709,2.11336705382338,0.482434975645366,-2.06489387699409,459.968421374271,426.419145430139,95.8830383918057,18.9179414388456,12.6986055900477,1.07980294389204,0.741234025065269,1.18531473387199,5,-0.00284666438412787,7.69883522591642e-06,-0.00221053319487076,-0.00348279557338497,652.874970715001,105.399440989318
219,460.44735,347.546592105263,107.671943187679,684.578286065646,108.819435554881,-1.44743756255133,2.69845394065631,-2.66102079587338,460.74441915062,347.13339649746,107.671943187679,19.0494035147717,11.7218562991104,3.05041630285754,0.788261962060584,1.33914814964391,6,-0.0026472353808944,6.95681935190337e-06,-0.00242132431441966,-0.00287314644736915,617.544645355,104.566763511137
220,469.794253703704,389.491768518519,98.4538894996742,1604.05748251617,161.497808882482,-1.27627444010747,2.66916194528252,-0.390639142214185,471.089362210333,388.833852833003,98.4538894996742,26.9659451293889,19.2497481605339,0.0365857912509002,0.700294543245068,-0.958301343747252,9,-0.00276447962838648,7.5378255500973e-06,-0.0024411809032629,-0.00308777835351006,1427.197934855,153.443669815682
221,469.487035643564,247.76547029703,96.1907148265078,1187.26401363442,148.285833756916,-1.93443213799981,2.67442227179285,-0.456975183582529,468.368182286363,247.684180280348,96.1907148265078,25.1249025842332,15.3135831420911,0.0736380449325718,0.792787444693719,1.55278128638847,6,-0.00227136203438727,5.08248695173416e-06,-0.00199459762279914,-0.0025481264459754,1059.9097608,141.432612609091
222,471.919775555556,477.730134444445,67.7921204046252,1127.39625982036,142.367678606027,-0.716321071108192,2.44971992707196,0.633778741780845,471.428039866023,477.551308385089,67.7921204046252,23.4918143833917,15.6492104611188,3.11184730400071,0.74581253238352,-1.20476701010567,7,-0.00146179813651796,1.01587109104471e-07,-3.51704055303317e-05,-0.00288842586750559,858.968535315,126.578616663409
223,471.259201111111,185.6349,79.9096461753537,1006.31852909108,136.786019254093,0.993645470945875,0.534865575839359,-2.10304355489935,472.243121419204,185.947505389968,79.9096461753537,25.3173095075119,12.9948163120923,-0.0408339173040385,0.858222443616252,-1.22070500625059,6,-0.00190302682263161,3.21859415302489e-06,-0.00126826944013774,-0.00253778420512548,861.912729095,126.578616663409
224,473.42241641791,502.541616417911,49.6089114206808,647.937748266183,108.414476088451,2.51535442533725,0.770787547132225,2.73426967380721,473.108323345772,502.502048629267,49.6089114206808,16.9994722857411,12.4138422377822,0.0171967515108402,0.683181426771345,-0.913084207738639,6,-0.000557541795771301,-2.99361381013483e-06,0.00126027740980628,-0.00237536100134889,463.71052035,94.1496288263638
225,484.259834951456,97.8296747572816,28.884517097366,1610.30892680493,166.092397194879,0.721520198526943,0.702403345377198,-1.95051521671938,484.912810910231,97.9080205215077,28.884517097366,28.9919322221145,18.1850814640715,0.818746193460563,0.778820975372393,-0.297740106635517,6,0.000477114128173172,-5.20494892797077e-06,0.0028079051568313,-0.00185367690048496,1236.5613876,143.859212609091
226,476.791561165049,145.819812621359,60.8130420892649,1424.0142222604,160.586778592965,0.853826149590417,0.639844511808344,2.61429150409478,475.42824188861,146.26907330205,60.8130420892649,26.7631168797596,17.2514464942461,1.10246557969869,0.76452185386673,1.33337852516989,6,-0.00107604433236938,-5.86532721374606e-07,0.000244714588326926,-0.00239680325306568,1118.7936364,146.874604500455
227,480.543228346457,334.010981102362,97.6607628231086,1559.79002003943,180.157638046335,-1.532460535246,2.65110702805131,-0.017353625878396,481.532618819935,334.284253915594,97.6607628231086,31.9217352931285,15.6814049858013,3.14073053434561,0.871021226253094,-1.51639195550564,6,-0.00231721608160873,5.36731160042117e-06,-0.00227053880185763,-0.00236389336135984,1374.93849526,173.330923700185
228,472.223497058824,528.891744117647,29.6444596808875,680.511464473849,108.396347535898,-0.599082310275056,2.39510004179817,0.949043580830372,472.505293918943,528.411327569539,29.6444596808875,20.2023560244428,10.8295958955176,3.13509672946082,0.844182369406942,-1.38971101969232,4,0.000505648266294176,-4.79712029910591e-06,0.00275349178137974,-0.00174219524879139,499.776894155,92.8501022502273
229,478.334333333333,209.827366666667,83.7247488647326,499.978137844237,97.249950085266,-2.05016572455224,2.62122458561664,-0.909038696213913,477.026293361313,209.976235675896,83.7247488647326,17.3163221806956,9.65887464584273,0.0544006312191818,0.82998198987473,-1.26629665999082,5,-0.00194051859590129,3.53804407154107e-06,-0.0014634773508316,-0.00241755984097099,432.060437215,90.4235022502273
230,489.912110126582,124.9699,42.0409757909627,947.714401206033,127.949088118526,0.823836629410522,0.712123915118913,3.05522880190019,490.137459902305,124.393940126781,42.0409757909627,20.2998835072919,15.6898370316426,0.261111481391671,0.63452442372239,0.956692239957547,4,-0.000138525947820775,-3.71838989474736e-06,0.00179475606289753,-0.00207180795853908,718.38328232,114.740012609091
231,479.535662790698,430.100741860465,85.090436612764,850.660034549001,129.200419121118,2.07976111731803,0.545845456765351,-2.42239446690763,480.027016846694,431.967969245805,85.090436612764,24.0147588929594,11.6066764300603,-1.45411911997179,0.87544690619266,1.42202503861408,6,-0.00237857960117565,4.74733393007739e-06,-0.00142447950734298,-0.00333267969500831,719.119330765,120.720286032955
232,484.559665333333,279.091354666667,93.4812013754564,715.632578165799,110.609174839016,-1.7823816306016,2.6524149794094,-0.511859495679729,485.203830754539,279.099528972263,93.4812013754564,19.0505718017785,12.1100856657841,0.0784965222965625,0.771951892379818,-1.39462726147771,6,-0.00210557924328785,4.40579515750931e-06,-0.00193923985452106,-0.00227191863205463,631.52956581,104.861159456818
233,490.58268875,239.24759375,83.8752986319653,897.488023360879,120.61065211766,1.22257088655487,0.538733033063144,-0.474732131509161,491.170916047382,238.595525878548,83.8752986319653,18.7466815435734,15.7933080978353,0.872160419477684,0.538760667641249,1.56840025708197,5,-0.00182208320217935,3.1609443710821e-06,-0.00142328146624776,-0.00222088493811094,770.642721915,112.4353554025
234,491.07836031746,502.787668253968,38.6689169427461,649.33161220785,103.613995634969,2.43902636408381,0.793115590239139,2.52940690425688,491.528901013342,503.160261176639,38.6689169427461,18.1635212483699,11.5526500178111,0.0374848346650378,0.771659538672763,-1.12906446083776,5,-5.24204887118532e-05,-4.75360362879495e-06,0.00212848563866542,-0.00223332661608913,456.3500359,89.2964288263638
235,498.173772277228,413.56711980198,78.5181612129762,1390.30168115417,159.832966850646,1.92708232403075,0.577445573370306,-2.41450650137118,499.602686143792,412.4632813936,78.5181612129762,24.7150445155063,18.9736187967427,-1.45745570540416,0.640815277128932,1.28334239423483,6,-0.00194950025373676,2.61922558536895e-06,-0.000862612194205904,-0.00303638831326763,1161.48444621,146.458265761364
236,494.410416923077,453.232881538462,68.320085389464,671.110374824788,102.705472719558,-0.948327038908048,2.48499872702549,-1.00895768903792,494.239948108439,453.440759223737,68.320085389464,15.2550737736412,14.2049354458341,0.335513438160553,0.364607318569876,-0.384725487285892,6,-0.00151296857967325,-7.59719340599507e-08,2.49019796191899e-05,-0.00305083913896568,531.42697729,91.7230288263636
237,498.3354,205.12491,70.7735017281721,1367.86552727341,158.136711847636,1.13364192503717,0.597612438362823,2.9453638794192,498.206513721449,204.670261429744,70.7735017281721,27.5224749332889,15.8959356938361,0.491503060991574,0.816346822770396,1.37998318283888,6,-0.00135966191201233,1.15836783139186e-06,-0.000528811333637876,-0.00219051249038678,1101.864522165,147.829224772046
238,498.767408333333,299.598435714286,87.348840607857,780.320293981165,122.640828035159,-1.66871731794847,2.61137035933456,-0.268166723280956,498.864901374115,300.247679977221,87.348840607857,21.5746635328059,11.705903633043,3.13078418171391,0.840006447561665,-1.42645609844395,5,-0.00183414778958778,3.2860936245939e-06,-0.00155485495141276,-0.00211344062776281,667.595939614999,116.283424772046
239,500.673347663551,352.344587850467,85.5594132771133,1406.75004055684,158.115918553827,-1.46261483589162,2.59257832933031,0.0652644238831796,500.861571419971,351.499343770283,85.5594132771133,28.186778510774,16.4098055310626,2.98126243035743,0.813059247407981,-1.38145346604518,6,-0.00188963624624633,3.38892491574506e-06,-0.00146325586749647,-0.0023160166249962,1198.28686846,149.717543239546
240,495.215978125,476.485659375,54.984392354052,607.863487802436,97.5692910302192,-0.80067001811344,2.38594518352255,0.913377213477867,495.15622205949,476.593808037555,54.984392354052,16.3953512743034,11.9291542818608,-0.0800524286158182,0.686008315559642,-1.47611983417448,5,-0.000835994965592109,-2.81920640155709e-06,0.00103966331459979,-0.00271165324578401,442.365115445,83.9763797284091
241,501.768662025316,169.048013924051,56.3404962683718,937.705358786678,126.221050869159,-2.1250580053824,2.481005988078,-1.8289096168765,502.074852834725,169.118250790691,56.3404962683718,18.700486761539,16.5452943937858,0.775091236586704,0.466061983641324,-1.17830195959528,6,-0.000754234974649344,-1.36913157487225e-06,0.000637886417994469,-0.00214635636729316,738.992638780001,112.729751348182
242,507.729651,256.091231,76.6804550862674,995.36192872132,149.333151187673,-1.83708442597723,2.55639506667521,-0.703565396042104,506.539086482728,256.595066965391,76.6804550862674,27.212219306706,12.2104545499911,-0.0113765341845948,0.893676322586721,-1.21062927180377,7,-0.00146820498851563,1.81324103107711e-06,-0.000883068374360385,-0.00205334160267087,826.582403735001,137.706486032955
243,513.160316216216,386.43605,74.2222272923691,901.661866060222,123.20940669254,1.7834834676019,0.599729596518222,-1.72844332239916,513.460915007362,386.913381443087,74.2222272923691,21.4938169126245,13.8634903219003,0.340849745640689,0.764183417496175,0.433477367352237,5,-0.001572906691066,1.42750365852064e-06,-0.000549905322406334,-0.00259590805972566,742.672881005001,110.181208554773
244,510.139122058824,120.580608823529,26.6136352368861,696.21301089448,104.308602726082,0.862656276898861,0.7037415055038,-0.985112576505956,510.107001146978,120.207618356326,26.6136352368861,17.9834869663012,12.4831326762563,-1.32694793432286,0.719836000758109,1.55712662400825,4,0.000621150171468895,-5.18523863020105e-06,0.00298146077935865,-0.00173916043642086,530.690928845,90.8398409893183
245,515.964491428571,147.745274285714,36.8365414695321,840.521712508635,114.433413774975,-2.16823625661013,2.41994853077347,-1.11928499639987,515.524230551134,148.011358149669,36.8365414695321,18.4304468427402,14.7183609303812,2.21454564338135,0.601876104382858,0.00378766303302332,6,0.000136371048077847,-3.96950009289944e-06,0.00213339311997723,-0.00186065102382153,630.793517365001,99.2972247720455
246,517.210866972477,467.821765137615,43.6884315637656,1670.33353843456,178.709953236563,-0.907427179445276,2.36632250835035,2.80450594763435,514.775819525137,466.801210737498,43.6884315637656,28.0422806368143,19.4754782364255,0.645925540069065,0.719488767628854,-1.13147549294186,8,-0.00034210390279209,-4.83877073677925e-06,0.00188406002133498,-0.00256826782691916,1170.31702755,155.89425049343
247,515.070116,310.993056,77.4621337719124,1089.52399367256,143.477510961314,-1.60614569852454,2.55157759296176,-0.0663193493616512,512.618769610356,311.231819878101,77.4621337719124,26.6435021099479,13.2461424146832,0.0836295112425127,0.867657614539628,1.52106293773065,5,-0.0013946266139397,1.53833201140615e-06,-0.000756934383390539,-0.00203231884448886,900.187248235003,135.696224772046
248,516.160774324324,432.70540945946,61.5903834514774,874.540378460504,118.480972952172,-1.13876198950296,2.46746211269771,-1.01010799772609,516.806217932175,432.981844126865,61.5903834514774,17.484732793953,16.3272815757931,1.37731598994142,0.35778973040319,-1.43068788794994,5,-0.00115270229652146,-1.56220637669984e-06,0.000547570905380422,-0.00285297549842335,682.316908515,106.160686032955
249,520.171423469388,205.159125510204,56.1216384787292,1246.79397722247,153.528667408151,1.1812243859102,0.672345372791504,-0.740538363130404,520.411324217908,203.033011098717,56.1216384787292,26.41118927642,15.6934391010843,1.41999960312408,0.804319830758167,-1.39677254306762,6,-0.000663610523233336,-1.15263908017682e-06,0.000598537648227861,-0.00192575869469453,973.792092735,137.290147293864
250,520.919997560976,266.985185365854,69.7874060696931,767.462030223757,119.593697520003,-1.78090236844024,2.51805014733044,-2.64687038138948,521.546399746506,266.110639631586,69.7874060696931,23.0945304364657,10.5513854480538,-0.944633556800606,0.88952930889324,-1.40725729980562,5,-0.00113294235183423,5.97286263598933e-07,-0.000304526931298889,-0.00196135777236958,607.239967125001,110.841432880682
251,529.234719444444,357.496598148148,65.9266305291215,1546.31234661052,162.92916203978,1.68055369009412,0.640501007301752,0.106086663824917,528.777292464223,357.287873667854,65.9266305291215,25.0083414141471,20.3322259878077,0.0326172301421057,0.582238872260937,-1.34957190708532,6,-0.00106227124734494,-2.56426258163187e-08,1.20019156597464e-05,-0.00213654441034963,1238.769532935,147.412886032955
252,527.381066666667,480.669016666667,28.8076434234723,519.935557275735,94.641732821626,-0.863289882487654,2.37899484300723,0.0572661030824422,527.020237806342,480.611419395025,28.8076434234723,17.8707120254375,9.3663883541311,0.0527294391107329,0.851644742341284,-0.942974710489963,2,0.000406417952158593,-6.72894224588361e-06,0.00303208316267581,-0.00221924725835862,374.648658504999,86.159094141591
253,527.627243478261,173.009546376812,39.4106268331477,732.740063439654,105.315041093867,1.09412258621323,0.722907150462775,-1.08210359188159,527.337390830665,172.917729127906,39.4106268331477,17.000321277749,14.0483169845219,-1.20875531031663,0.563148124728243,-1.34014763863766,5,6.61389063644151e-05,-3.36295221697931e-06,0.00190116658242666,-0.00176888876969783,549.092139969998,92.5557063045454
254,533.15657195122,403.259490243902,56.6430087328369,1005.39430940798,130.852201343428,-1.30649780646561,2.45022824326824,-0.00279619382774073,532.824742704773,403.162866627509,56.6430087328369,22.0088950260988,14.8482662150624,3.06160470942288,0.738139222544472,-1.24266358447507,6,-0.000818586187853147,-1.97604945384063e-06,0.000808107637297911,-0.00244528001300421,773.586915694998,117.877347293864
255,539.05498018018,224.230956756757,46.7892556086121,1625.24638139366,177.084289178257,-1.88899193632844,2.43574977011165,-0.890519322933931,537.962256706302,224.297015622765,46.7892556086121,31.0828707917981,16.6930371427144,0.0423956618583579,0.843550793251387,-1.17695665249939,7,-0.000230154000212161,-2.18180480005989e-06,0.00126476260745315,-0.00172507060787747,1207.1194498,154.570743239546
256,535.859850442478,313.922584955752,62.3411012209974,1381.37883816093,170.101979197517,1.54231128246856,0.66513362516137,-2.63438559458124,534.293775431676,315.430846964586,62.3411012209974,30.7408351255787,14.553156012358,-0.951565570782841,0.880839794967685,1.18386992520877,7,-0.000788543228012689,-6.2760266036065e-07,0.000329223779375399,-0.00190631023540078,1074.6307297,154.987081978636
257,537.155684337349,268.241626506024,57.8815057437005,826.86398821172,119.409229436439,-1.75696593709411,2.46702561538537,0.321065472711163,536.903793826125,268.60779413174,57.8815057437005,23.0156117870903,11.5741364213886,-0.602403593794403,0.864355085835919,-1.53498025285931,5,-0.000609397438535216,-1.14455407367272e-06,0.000621829312216248,-0.00184062418928668,641.834244039998,109.541906304545
258,539.585820967742,147.552935483871,20.0339660049566,611.712174078947,93.5605618284917,1.04342715614489,0.661123278144514,-0.975110618352964,539.402841778867,147.595935811545,20.0339660049566,15.8867575845949,12.3073514259118,-1.32459546131999,0.632338186073344,-1.37430490381293,4,0.00101426285086707,-4.98769622561354e-06,0.0034671031139626,-0.00143857741222846,482.111731475,83.5600409893182
259,545.814911214953,421.638758878505,40.7976818213751,1352.88613419115,166.42402302832,1.90559892803051,0.756148220320124,-3.12909141169774,543.125172055354,421.301673836289,40.7976818213751,30.6131067171754,14.3986002236201,0.0249408411278922,0.882484738156007,-1.20874920879633,6,-8.73185865737225e-05,-4.88058001915106e-06,0.00212360985069246,-0.00229824702383991,974.528141180003,149.717543239546
260,546.18216125,181.449015,27.8766338164755,962.675494793161,123.576299195408,-1.99394549802937,2.42148226929289,0.69544766101301,545.097090433656,181.331710959455,27.8766338164755,20.3604035527428,15.4916303419418,1.83166875511295,0.648903759362024,-1.5062553762959,6,0.000624770604822667,-4.07197052497247e-06,0.00273718837449394,-0.00148764716484861,725.007718325002,109.419963511137
261,553.799229761905,303.78720952381,47.5634044205693,1104.52324979217,135.759729237856,1.51594662225556,0.709987679015238,-2.21133795856946,554.283976301247,304.025540462209,47.5634044205693,20.3428739945268,17.8733570613272,1.49762124169436,0.477548650546398,0.934835665289667,5,-0.000178296802728037,-2.48595179627025e-06,0.00140844247835543,-0.00176503608381151,836.887081965001,119.298816663409
262,550.658006930693,368.663006930693,47.7342547721233,1079.50090109249,146.43295021242,-1.42807032146088,2.41399120702991,-0.189266731763814,548.638760147338,368.600012907588,47.7342547721233,26.4239859252902,13.0619847003537,0.338180178605399,0.869278289883884,-1.53963879821792,7,-0.000238896100829116,-2.8273809384379e-06,0.00145947143460874,-0.00193726363626697,787.571836150002,133.391567565455
263,556.446013414634,438.578357317073,26.4667283448812,811.587362140455,124.771537832714,-1.18099801723236,2.42854509013136,-3.05599103644923,557.194621483178,438.91460853889,26.4667283448812,22.8866425259606,11.5311231610665,-0.129245148862097,0.863799108825833,-1.14797830886579,3,0.000590549237892155,-6.7945365491807e-06,0.00326324169149689,-0.00208214321571258,596.935288895,112.851694141591
264,554.9055125,268.96655,43.2557094269345,997.665989240135,129.814097570166,1.39993948405351,0.721226458333973,-0.0284732155322614,554.656231800581,268.480849116886,43.2557094269345,20.9716150632905,15.6880763190681,0.225702400645371,0.663628414555454,1.54889725574377,4,-9.56499142820564e-06,-2.85189444031078e-06,0.00167921738927447,-0.00169834737213088,748.561268565,116.110971619773
265,562.406874418605,239.231722093023,31.2094864544418,1130.33892142431,135.174631881692,-1.83317792059543,2.41514482276056,-1.12811867365701,562.333979205433,239.331427872852,31.2094864544418,19.72845779238,18.6275108785264,1.87918785915996,0.32938705689689,0.699100464960812,5,0.000555315290208692,-3.82765840061522e-06,0.0025890393305236,-0.00147840875010621,845.719663304999,118.710024772046
266,567.3418375,205.98525,19.1621887436403,1100.605287516,133.361385363528,-1.90540150841288,2.47385154399693,0.176682812573129,567.56079860087,206.699089002233,19.1621887436403,21.3568385560784,16.883847519251,2.75264089854086,0.612385483047074,1.40383058964148,4,0.00112223946062716,-4.23219835035612e-06,0.00346565998570261,-0.00122118106444828,869.273213544998,121.136624772046
267,570.595957843137,324.153316666667,33.2658800009225,1405.31976842923,155.212998988013,-1.55955593890106,2.41799659583648,-0.652045381080514,569.078290449517,323.703155570971,33.2658800009225,26.8500595719485,16.9489713093811,0.0857055456728286,0.775583324657098,-1.11488451758785,6,0.000466221644082857,-4.05398075917829e-06,0.00253294450421423,-0.00160050121604852,1048.869034125,138.122824772046
268,570.459344444445,363.744888888889,30.7437201414847,1306.96139863734,146.70132675109,-1.42765556560169,2.40420352429078,-0.507507691222727,570.92753510112,363.86510124542,30.7437201414847,24.2143677763903,17.5889791303862,0.207655891447528,0.687286909727816,-1.2026714045829,4,0.000554519882497655,-4.4388888095169e-06,0.00273313896567904,-0.00162409920068373,971.583947399999,130.964967565455
269,569.825557142857,401.665328571429,25.3695558100925,1004.01342692952,120.108459432196,-1.34011150664385,2.4285600951291,-1.87834646113694,570.633537095951,401.946363685676,25.3695558100925,19.0457763428453,16.9127254353004,2.797868584257,0.459835741392927,1.01992549513067,5,0.000767803706590594,-5.64238315579987e-06,0.00326418222108997,-0.00172857480790878,759.601995239998,105.277498195909
270,573.3145825,278.13385875,28.5252931998791,779.845560299323,115.576450198259,-1.70721735012251,2.42666682821439,0.245542442913289,572.492606706086,278.607811932763,28.5252931998791,21.8496126101055,11.4546189174218,-0.485931228304221,0.851565546895535,-1.52418209969723,5,0.000691122064490295,-4.44867158985115e-06,0.00291065383895906,-0.00152840970997847,589.574804445,105.399440989318
